MODULES LOADED
/project/g_bme-janeslab/SarahG/julia_out/CPC_geometry/CPC_domain_0_2_e_0.0067_t_0.04/phi_512_26214_1.0e-5__CPC_0.15_cohesin_0.09_eps_0.0067_smooth

                            < M A T L A B (R) >
                  Copyright 1984-2024 The MathWorks, Inc.
             R2024b Update 3 (24.2.0.2806996) 64-bit (glnxa64)
                             November 26, 2024

 
To get started, type doc.
For product information, visit www.mathworks.com.
 
[Warning: Directory already exists.] 
[> In kymograph_central_droplets_domain (line 8)] 

CustomXLabels = 

  1x2622 string array

  Columns 1 through 5

    "0"    "1.5259e-05"    "3.0518e-05"    "4.5776e-05"    "6.1035e-05"

  Columns 6 through 9

    "7.6294e-05"    "9.1553e-05"    "0.00010681"    "0.00012207"

  Columns 10 through 13

    "0.00013733"    "0.00015259"    "0.00016785"    "0.00018311"

  Columns 14 through 18

    "0.00019836"    "0.00021362"    "0.00022888"    "0.00024414"    "0.0002594"

  Columns 19 through 22

    "0.00027466"    "0.00028992"    "0.00030518"    "0.00032043"

  Columns 23 through 26

    "0.00033569"    "0.00035095"    "0.00036621"    "0.00038147"

  Columns 27 through 31

    "0.00039673"    "0.00041199"    "0.00042725"    "0.0004425"    "0.00045776"

  Columns 32 through 36

    "0.00047302"    "0.00048828"    "0.00050354"    "0.0005188"    "0.00053406"

  Columns 37 through 40

    "0.00054932"    "0.00056458"    "0.00057983"    "0.00059509"

  Columns 41 through 44

    "0.00061035"    "0.00062561"    "0.00064087"    "0.00065613"

  Columns 45 through 49

    "0.00067139"    "0.00068665"    "0.0007019"    "0.00071716"    "0.00073242"

  Columns 50 through 54

    "0.00074768"    "0.00076294"    "0.0007782"    "0.00079346"    "0.00080872"

  Columns 55 through 58

    "0.00082397"    "0.00083923"    "0.00085449"    "0.00086975"

  Columns 59 through 62

    "0.00088501"    "0.00090027"    "0.00091553"    "0.00093079"

  Columns 63 through 67

    "0.00094604"    "0.0009613"    "0.00097656"    "0.00099182"    "0.0010071"

  Columns 68 through 72

    "0.0010223"    "0.0010376"    "0.0010529"    "0.0010681"    "0.0010834"

  Columns 73 through 77

    "0.0010986"    "0.0011139"    "0.0011292"    "0.0011444"    "0.0011597"

  Columns 78 through 82

    "0.0011749"    "0.0011902"    "0.0012054"    "0.0012207"    "0.001236"

  Columns 83 through 87

    "0.0012512"    "0.0012665"    "0.0012817"    "0.001297"    "0.0013123"

  Columns 88 through 92

    "0.0013275"    "0.0013428"    "0.001358"    "0.0013733"    "0.0013885"

  Columns 93 through 97

    "0.0014038"    "0.0014191"    "0.0014343"    "0.0014496"    "0.0014648"

  Columns 98 through 102

    "0.0014801"    "0.0014954"    "0.0015106"    "0.0015259"    "0.0015411"

  Columns 103 through 107

    "0.0015564"    "0.0015717"    "0.0015869"    "0.0016022"    "0.0016174"

  Columns 108 through 112

    "0.0016327"    "0.0016479"    "0.0016632"    "0.0016785"    "0.0016937"

  Columns 113 through 117

    "0.001709"    "0.0017242"    "0.0017395"    "0.0017548"    "0.00177"

  Columns 118 through 122

    "0.0017853"    "0.0018005"    "0.0018158"    "0.0018311"    "0.0018463"

  Columns 123 through 127

    "0.0018616"    "0.0018768"    "0.0018921"    "0.0019073"    "0.0019226"

  Columns 128 through 132

    "0.0019379"    "0.0019531"    "0.0019684"    "0.0019836"    "0.0019989"

  Columns 133 through 137

    "0.0020142"    "0.0020294"    "0.0020447"    "0.0020599"    "0.0020752"

  Columns 138 through 142

    "0.0020905"    "0.0021057"    "0.002121"    "0.0021362"    "0.0021515"

  Columns 143 through 147

    "0.0021667"    "0.002182"    "0.0021973"    "0.0022125"    "0.0022278"

  Columns 148 through 152

    "0.002243"    "0.0022583"    "0.0022736"    "0.0022888"    "0.0023041"

  Columns 153 through 157

    "0.0023193"    "0.0023346"    "0.0023499"    "0.0023651"    "0.0023804"

  Columns 158 through 162

    "0.0023956"    "0.0024109"    "0.0024261"    "0.0024414"    "0.0024567"

  Columns 163 through 167

    "0.0024719"    "0.0024872"    "0.0025024"    "0.0025177"    "0.002533"

  Columns 168 through 172

    "0.0025482"    "0.0025635"    "0.0025787"    "0.002594"    "0.0026093"

  Columns 173 through 177

    "0.0026245"    "0.0026398"    "0.002655"    "0.0026703"    "0.0026855"

  Columns 178 through 182

    "0.0027008"    "0.0027161"    "0.0027313"    "0.0027466"    "0.0027618"

  Columns 183 through 187

    "0.0027771"    "0.0027924"    "0.0028076"    "0.0028229"    "0.0028381"

  Columns 188 through 192

    "0.0028534"    "0.0028687"    "0.0028839"    "0.0028992"    "0.0029144"

  Columns 193 through 197

    "0.0029297"    "0.0029449"    "0.0029602"    "0.0029755"    "0.0029907"

  Columns 198 through 202

    "0.003006"    "0.0030212"    "0.0030365"    "0.0030518"    "0.003067"

  Columns 203 through 207

    "0.0030823"    "0.0030975"    "0.0031128"    "0.0031281"    "0.0031433"

  Columns 208 through 212

    "0.0031586"    "0.0031738"    "0.0031891"    "0.0032043"    "0.0032196"

  Columns 213 through 217

    "0.0032349"    "0.0032501"    "0.0032654"    "0.0032806"    "0.0032959"

  Columns 218 through 222

    "0.0033112"    "0.0033264"    "0.0033417"    "0.0033569"    "0.0033722"

  Columns 223 through 227

    "0.0033875"    "0.0034027"    "0.003418"    "0.0034332"    "0.0034485"

  Columns 228 through 232

    "0.0034637"    "0.003479"    "0.0034943"    "0.0035095"    "0.0035248"

  Columns 233 through 237

    "0.00354"    "0.0035553"    "0.0035706"    "0.0035858"    "0.0036011"

  Columns 238 through 242

    "0.0036163"    "0.0036316"    "0.0036469"    "0.0036621"    "0.0036774"

  Columns 243 through 247

    "0.0036926"    "0.0037079"    "0.0037231"    "0.0037384"    "0.0037537"

  Columns 248 through 252

    "0.0037689"    "0.0037842"    "0.0037994"    "0.0038147"    "0.00383"

  Columns 253 through 257

    "0.0038452"    "0.0038605"    "0.0038757"    "0.003891"    "0.0039062"

  Columns 258 through 262

    "0.0039215"    "0.0039368"    "0.003952"    "0.0039673"    "0.0039825"

  Columns 263 through 267

    "0.0039978"    "0.0040131"    "0.0040283"    "0.0040436"    "0.0040588"

  Columns 268 through 272

    "0.0040741"    "0.0040894"    "0.0041046"    "0.0041199"    "0.0041351"

  Columns 273 through 277

    "0.0041504"    "0.0041656"    "0.0041809"    "0.0041962"    "0.0042114"

  Columns 278 through 282

    "0.0042267"    "0.0042419"    "0.0042572"    "0.0042725"    "0.0042877"

  Columns 283 through 287

    "0.004303"    "0.0043182"    "0.0043335"    "0.0043488"    "0.004364"

  Columns 288 through 292

    "0.0043793"    "0.0043945"    "0.0044098"    "0.004425"    "0.0044403"

  Columns 293 through 297

    "0.0044556"    "0.0044708"    "0.0044861"    "0.0045013"    "0.0045166"

  Columns 298 through 302

    "0.0045319"    "0.0045471"    "0.0045624"    "0.0045776"    "0.0045929"

  Columns 303 through 307

    "0.0046082"    "0.0046234"    "0.0046387"    "0.0046539"    "0.0046692"

  Columns 308 through 312

    "0.0046844"    "0.0046997"    "0.004715"    "0.0047302"    "0.0047455"

  Columns 313 through 317

    "0.0047607"    "0.004776"    "0.0047913"    "0.0048065"    "0.0048218"

  Columns 318 through 322

    "0.004837"    "0.0048523"    "0.0048676"    "0.0048828"    "0.0048981"

  Columns 323 through 327

    "0.0049133"    "0.0049286"    "0.0049438"    "0.0049591"    "0.0049744"

  Columns 328 through 332

    "0.0049896"    "0.0050049"    "0.0050201"    "0.0050354"    "0.0050507"

  Columns 333 through 337

    "0.0050659"    "0.0050812"    "0.0050964"    "0.0051117"    "0.005127"

  Columns 338 through 342

    "0.0051422"    "0.0051575"    "0.0051727"    "0.005188"    "0.0052032"

  Columns 343 through 347

    "0.0052185"    "0.0052338"    "0.005249"    "0.0052643"    "0.0052795"

  Columns 348 through 352

    "0.0052948"    "0.0053101"    "0.0053253"    "0.0053406"    "0.0053558"

  Columns 353 through 357

    "0.0053711"    "0.0053864"    "0.0054016"    "0.0054169"    "0.0054321"

  Columns 358 through 362

    "0.0054474"    "0.0054626"    "0.0054779"    "0.0054932"    "0.0055084"

  Columns 363 through 367

    "0.0055237"    "0.0055389"    "0.0055542"    "0.0055695"    "0.0055847"

  Columns 368 through 372

    "0.0056"    "0.0056152"    "0.0056305"    "0.0056458"    "0.005661"

  Columns 373 through 377

    "0.0056763"    "0.0056915"    "0.0057068"    "0.005722"    "0.0057373"

  Columns 378 through 382

    "0.0057526"    "0.0057678"    "0.0057831"    "0.0057983"    "0.0058136"

  Columns 383 through 387

    "0.0058289"    "0.0058441"    "0.0058594"    "0.0058746"    "0.0058899"

  Columns 388 through 392

    "0.0059052"    "0.0059204"    "0.0059357"    "0.0059509"    "0.0059662"

  Columns 393 through 397

    "0.0059814"    "0.0059967"    "0.006012"    "0.0060272"    "0.0060425"

  Columns 398 through 402

    "0.0060577"    "0.006073"    "0.0060883"    "0.0061035"    "0.0061188"

  Columns 403 through 407

    "0.006134"    "0.0061493"    "0.0061646"    "0.0061798"    "0.0061951"

  Columns 408 through 412

    "0.0062103"    "0.0062256"    "0.0062408"    "0.0062561"    "0.0062714"

  Columns 413 through 417

    "0.0062866"    "0.0063019"    "0.0063171"    "0.0063324"    "0.0063477"

  Columns 418 through 422

    "0.0063629"    "0.0063782"    "0.0063934"    "0.0064087"    "0.006424"

  Columns 423 through 427

    "0.0064392"    "0.0064545"    "0.0064697"    "0.006485"    "0.0065002"

  Columns 428 through 432

    "0.0065155"    "0.0065308"    "0.006546"    "0.0065613"    "0.0065765"

  Columns 433 through 437

    "0.0065918"    "0.0066071"    "0.0066223"    "0.0066376"    "0.0066528"

  Columns 438 through 442

    "0.0066681"    "0.0066833"    "0.0066986"    "0.0067139"    "0.0067291"

  Columns 443 through 447

    "0.0067444"    "0.0067596"    "0.0067749"    "0.0067902"    "0.0068054"

  Columns 448 through 452

    "0.0068207"    "0.0068359"    "0.0068512"    "0.0068665"    "0.0068817"

  Columns 453 through 457

    "0.006897"    "0.0069122"    "0.0069275"    "0.0069427"    "0.006958"

  Columns 458 through 462

    "0.0069733"    "0.0069885"    "0.0070038"    "0.007019"    "0.0070343"

  Columns 463 through 467

    "0.0070496"    "0.0070648"    "0.0070801"    "0.0070953"    "0.0071106"

  Columns 468 through 472

    "0.0071259"    "0.0071411"    "0.0071564"    "0.0071716"    "0.0071869"

  Columns 473 through 477

    "0.0072021"    "0.0072174"    "0.0072327"    "0.0072479"    "0.0072632"

  Columns 478 through 482

    "0.0072784"    "0.0072937"    "0.007309"    "0.0073242"    "0.0073395"

  Columns 483 through 487

    "0.0073547"    "0.00737"    "0.0073853"    "0.0074005"    "0.0074158"

  Columns 488 through 492

    "0.007431"    "0.0074463"    "0.0074615"    "0.0074768"    "0.0074921"

  Columns 493 through 497

    "0.0075073"    "0.0075226"    "0.0075378"    "0.0075531"    "0.0075684"

  Columns 498 through 502

    "0.0075836"    "0.0075989"    "0.0076141"    "0.0076294"    "0.0076447"

  Columns 503 through 507

    "0.0076599"    "0.0076752"    "0.0076904"    "0.0077057"    "0.0077209"

  Columns 508 through 512

    "0.0077362"    "0.0077515"    "0.0077667"    "0.007782"    "0.0077972"

  Columns 513 through 517

    "0.0078125"    "0.0078278"    "0.007843"    "0.0078583"    "0.0078735"

  Columns 518 through 522

    "0.0078888"    "0.0079041"    "0.0079193"    "0.0079346"    "0.0079498"

  Columns 523 through 527

    "0.0079651"    "0.0079803"    "0.0079956"    "0.0080109"    "0.0080261"

  Columns 528 through 532

    "0.0080414"    "0.0080566"    "0.0080719"    "0.0080872"    "0.0081024"

  Columns 533 through 537

    "0.0081177"    "0.0081329"    "0.0081482"    "0.0081635"    "0.0081787"

  Columns 538 through 542

    "0.008194"    "0.0082092"    "0.0082245"    "0.0082397"    "0.008255"

  Columns 543 through 547

    "0.0082703"    "0.0082855"    "0.0083008"    "0.008316"    "0.0083313"

  Columns 548 through 552

    "0.0083466"    "0.0083618"    "0.0083771"    "0.0083923"    "0.0084076"

  Columns 553 through 557

    "0.0084229"    "0.0084381"    "0.0084534"    "0.0084686"    "0.0084839"

  Columns 558 through 562

    "0.0084991"    "0.0085144"    "0.0085297"    "0.0085449"    "0.0085602"

  Columns 563 through 567

    "0.0085754"    "0.0085907"    "0.008606"    "0.0086212"    "0.0086365"

  Columns 568 through 572

    "0.0086517"    "0.008667"    "0.0086823"    "0.0086975"    "0.0087128"

  Columns 573 through 577

    "0.008728"    "0.0087433"    "0.0087585"    "0.0087738"    "0.0087891"

  Columns 578 through 582

    "0.0088043"    "0.0088196"    "0.0088348"    "0.0088501"    "0.0088654"

  Columns 583 through 587

    "0.0088806"    "0.0088959"    "0.0089111"    "0.0089264"    "0.0089417"

  Columns 588 through 592

    "0.0089569"    "0.0089722"    "0.0089874"    "0.0090027"    "0.0090179"

  Columns 593 through 597

    "0.0090332"    "0.0090485"    "0.0090637"    "0.009079"    "0.0090942"

  Columns 598 through 602

    "0.0091095"    "0.0091248"    "0.00914"    "0.0091553"    "0.0091705"

  Columns 603 through 607

    "0.0091858"    "0.009201"    "0.0092163"    "0.0092316"    "0.0092468"

  Columns 608 through 612

    "0.0092621"    "0.0092773"    "0.0092926"    "0.0093079"    "0.0093231"

  Columns 613 through 617

    "0.0093384"    "0.0093536"    "0.0093689"    "0.0093842"    "0.0093994"

  Columns 618 through 622

    "0.0094147"    "0.0094299"    "0.0094452"    "0.0094604"    "0.0094757"

  Columns 623 through 627

    "0.009491"    "0.0095062"    "0.0095215"    "0.0095367"    "0.009552"

  Columns 628 through 632

    "0.0095673"    "0.0095825"    "0.0095978"    "0.009613"    "0.0096283"

  Columns 633 through 637

    "0.0096436"    "0.0096588"    "0.0096741"    "0.0096893"    "0.0097046"

  Columns 638 through 642

    "0.0097198"    "0.0097351"    "0.0097504"    "0.0097656"    "0.0097809"

  Columns 643 through 647

    "0.0097961"    "0.0098114"    "0.0098267"    "0.0098419"    "0.0098572"

  Columns 648 through 652

    "0.0098724"    "0.0098877"    "0.009903"    "0.0099182"    "0.0099335"

  Columns 653 through 657

    "0.0099487"    "0.009964"    "0.0099792"    "0.0099945"    "0.01001"

  Columns 658 through 662

    "0.010025"    "0.01004"    "0.010056"    "0.010071"    "0.010086"

  Columns 663 through 667

    "0.010101"    "0.010117"    "0.010132"    "0.010147"    "0.010162"

  Columns 668 through 672

    "0.010178"    "0.010193"    "0.010208"    "0.010223"    "0.010239"

  Columns 673 through 677

    "0.010254"    "0.010269"    "0.010284"    "0.0103"    "0.010315"

  Columns 678 through 682

    "0.01033"    "0.010345"    "0.010361"    "0.010376"    "0.010391"

  Columns 683 through 687

    "0.010406"    "0.010422"    "0.010437"    "0.010452"    "0.010468"

  Columns 688 through 692

    "0.010483"    "0.010498"    "0.010513"    "0.010529"    "0.010544"

  Columns 693 through 697

    "0.010559"    "0.010574"    "0.01059"    "0.010605"    "0.01062"

  Columns 698 through 702

    "0.010635"    "0.010651"    "0.010666"    "0.010681"    "0.010696"

  Columns 703 through 707

    "0.010712"    "0.010727"    "0.010742"    "0.010757"    "0.010773"

  Columns 708 through 712

    "0.010788"    "0.010803"    "0.010818"    "0.010834"    "0.010849"

  Columns 713 through 717

    "0.010864"    "0.01088"    "0.010895"    "0.01091"    "0.010925"

  Columns 718 through 722

    "0.010941"    "0.010956"    "0.010971"    "0.010986"    "0.011002"

  Columns 723 through 727

    "0.011017"    "0.011032"    "0.011047"    "0.011063"    "0.011078"

  Columns 728 through 732

    "0.011093"    "0.011108"    "0.011124"    "0.011139"    "0.011154"

  Columns 733 through 737

    "0.011169"    "0.011185"    "0.0112"    "0.011215"    "0.01123"

  Columns 738 through 742

    "0.011246"    "0.011261"    "0.011276"    "0.011292"    "0.011307"

  Columns 743 through 747

    "0.011322"    "0.011337"    "0.011353"    "0.011368"    "0.011383"

  Columns 748 through 752

    "0.011398"    "0.011414"    "0.011429"    "0.011444"    "0.011459"

  Columns 753 through 757

    "0.011475"    "0.01149"    "0.011505"    "0.01152"    "0.011536"

  Columns 758 through 762

    "0.011551"    "0.011566"    "0.011581"    "0.011597"    "0.011612"

  Columns 763 through 767

    "0.011627"    "0.011642"    "0.011658"    "0.011673"    "0.011688"

  Columns 768 through 772

    "0.011703"    "0.011719"    "0.011734"    "0.011749"    "0.011765"

  Columns 773 through 777

    "0.01178"    "0.011795"    "0.01181"    "0.011826"    "0.011841"

  Columns 778 through 782

    "0.011856"    "0.011871"    "0.011887"    "0.011902"    "0.011917"

  Columns 783 through 787

    "0.011932"    "0.011948"    "0.011963"    "0.011978"    "0.011993"

  Columns 788 through 792

    "0.012009"    "0.012024"    "0.012039"    "0.012054"    "0.01207"

  Columns 793 through 797

    "0.012085"    "0.0121"    "0.012115"    "0.012131"    "0.012146"

  Columns 798 through 802

    "0.012161"    "0.012177"    "0.012192"    "0.012207"    "0.012222"

  Columns 803 through 807

    "0.012238"    "0.012253"    "0.012268"    "0.012283"    "0.012299"

  Columns 808 through 812

    "0.012314"    "0.012329"    "0.012344"    "0.01236"    "0.012375"

  Columns 813 through 817

    "0.01239"    "0.012405"    "0.012421"    "0.012436"    "0.012451"

  Columns 818 through 822

    "0.012466"    "0.012482"    "0.012497"    "0.012512"    "0.012527"

  Columns 823 through 827

    "0.012543"    "0.012558"    "0.012573"    "0.012589"    "0.012604"

  Columns 828 through 832

    "0.012619"    "0.012634"    "0.01265"    "0.012665"    "0.01268"

  Columns 833 through 837

    "0.012695"    "0.012711"    "0.012726"    "0.012741"    "0.012756"

  Columns 838 through 842

    "0.012772"    "0.012787"    "0.012802"    "0.012817"    "0.012833"

  Columns 843 through 847

    "0.012848"    "0.012863"    "0.012878"    "0.012894"    "0.012909"

  Columns 848 through 852

    "0.012924"    "0.012939"    "0.012955"    "0.01297"    "0.012985"

  Columns 853 through 857

    "0.013"    "0.013016"    "0.013031"    "0.013046"    "0.013062"

  Columns 858 through 862

    "0.013077"    "0.013092"    "0.013107"    "0.013123"    "0.013138"

  Columns 863 through 867

    "0.013153"    "0.013168"    "0.013184"    "0.013199"    "0.013214"

  Columns 868 through 872

    "0.013229"    "0.013245"    "0.01326"    "0.013275"    "0.01329"

  Columns 873 through 877

    "0.013306"    "0.013321"    "0.013336"    "0.013351"    "0.013367"

  Columns 878 through 882

    "0.013382"    "0.013397"    "0.013412"    "0.013428"    "0.013443"

  Columns 883 through 887

    "0.013458"    "0.013474"    "0.013489"    "0.013504"    "0.013519"

  Columns 888 through 892

    "0.013535"    "0.01355"    "0.013565"    "0.01358"    "0.013596"

  Columns 893 through 897

    "0.013611"    "0.013626"    "0.013641"    "0.013657"    "0.013672"

  Columns 898 through 902

    "0.013687"    "0.013702"    "0.013718"    "0.013733"    "0.013748"

  Columns 903 through 907

    "0.013763"    "0.013779"    "0.013794"    "0.013809"    "0.013824"

  Columns 908 through 912

    "0.01384"    "0.013855"    "0.01387"    "0.013885"    "0.013901"

  Columns 913 through 917

    "0.013916"    "0.013931"    "0.013947"    "0.013962"    "0.013977"

  Columns 918 through 922

    "0.013992"    "0.014008"    "0.014023"    "0.014038"    "0.014053"

  Columns 923 through 927

    "0.014069"    "0.014084"    "0.014099"    "0.014114"    "0.01413"

  Columns 928 through 932

    "0.014145"    "0.01416"    "0.014175"    "0.014191"    "0.014206"

  Columns 933 through 937

    "0.014221"    "0.014236"    "0.014252"    "0.014267"    "0.014282"

  Columns 938 through 942

    "0.014297"    "0.014313"    "0.014328"    "0.014343"    "0.014359"

  Columns 943 through 947

    "0.014374"    "0.014389"    "0.014404"    "0.01442"    "0.014435"

  Columns 948 through 952

    "0.01445"    "0.014465"    "0.014481"    "0.014496"    "0.014511"

  Columns 953 through 957

    "0.014526"    "0.014542"    "0.014557"    "0.014572"    "0.014587"

  Columns 958 through 962

    "0.014603"    "0.014618"    "0.014633"    "0.014648"    "0.014664"

  Columns 963 through 967

    "0.014679"    "0.014694"    "0.014709"    "0.014725"    "0.01474"

  Columns 968 through 972

    "0.014755"    "0.014771"    "0.014786"    "0.014801"    "0.014816"

  Columns 973 through 977

    "0.014832"    "0.014847"    "0.014862"    "0.014877"    "0.014893"

  Columns 978 through 982

    "0.014908"    "0.014923"    "0.014938"    "0.014954"    "0.014969"

  Columns 983 through 987

    "0.014984"    "0.014999"    "0.015015"    "0.01503"    "0.015045"

  Columns 988 through 992

    "0.01506"    "0.015076"    "0.015091"    "0.015106"    "0.015121"

  Columns 993 through 997

    "0.015137"    "0.015152"    "0.015167"    "0.015182"    "0.015198"

  Columns 998 through 1002

    "0.015213"    "0.015228"    "0.015244"    "0.015259"    "0.015274"

  Columns 1003 through 1007

    "0.015289"    "0.015305"    "0.01532"    "0.015335"    "0.01535"

  Columns 1008 through 1012

    "0.015366"    "0.015381"    "0.015396"    "0.015411"    "0.015427"

  Columns 1013 through 1017

    "0.015442"    "0.015457"    "0.015472"    "0.015488"    "0.015503"

  Columns 1018 through 1022

    "0.015518"    "0.015533"    "0.015549"    "0.015564"    "0.015579"

  Columns 1023 through 1027

    "0.015594"    "0.01561"    "0.015625"    "0.01564"    "0.015656"

  Columns 1028 through 1032

    "0.015671"    "0.015686"    "0.015701"    "0.015717"    "0.015732"

  Columns 1033 through 1037

    "0.015747"    "0.015762"    "0.015778"    "0.015793"    "0.015808"

  Columns 1038 through 1042

    "0.015823"    "0.015839"    "0.015854"    "0.015869"    "0.015884"

  Columns 1043 through 1047

    "0.0159"    "0.015915"    "0.01593"    "0.015945"    "0.015961"

  Columns 1048 through 1052

    "0.015976"    "0.015991"    "0.016006"    "0.016022"    "0.016037"

  Columns 1053 through 1057

    "0.016052"    "0.016068"    "0.016083"    "0.016098"    "0.016113"

  Columns 1058 through 1062

    "0.016129"    "0.016144"    "0.016159"    "0.016174"    "0.01619"

  Columns 1063 through 1067

    "0.016205"    "0.01622"    "0.016235"    "0.016251"    "0.016266"

  Columns 1068 through 1072

    "0.016281"    "0.016296"    "0.016312"    "0.016327"    "0.016342"

  Columns 1073 through 1077

    "0.016357"    "0.016373"    "0.016388"    "0.016403"    "0.016418"

  Columns 1078 through 1082

    "0.016434"    "0.016449"    "0.016464"    "0.016479"    "0.016495"

  Columns 1083 through 1087

    "0.01651"    "0.016525"    "0.016541"    "0.016556"    "0.016571"

  Columns 1088 through 1092

    "0.016586"    "0.016602"    "0.016617"    "0.016632"    "0.016647"

  Columns 1093 through 1097

    "0.016663"    "0.016678"    "0.016693"    "0.016708"    "0.016724"

  Columns 1098 through 1102

    "0.016739"    "0.016754"    "0.016769"    "0.016785"    "0.0168"

  Columns 1103 through 1107

    "0.016815"    "0.01683"    "0.016846"    "0.016861"    "0.016876"

  Columns 1108 through 1112

    "0.016891"    "0.016907"    "0.016922"    "0.016937"    "0.016953"

  Columns 1113 through 1117

    "0.016968"    "0.016983"    "0.016998"    "0.017014"    "0.017029"

  Columns 1118 through 1122

    "0.017044"    "0.017059"    "0.017075"    "0.01709"    "0.017105"

  Columns 1123 through 1127

    "0.01712"    "0.017136"    "0.017151"    "0.017166"    "0.017181"

  Columns 1128 through 1132

    "0.017197"    "0.017212"    "0.017227"    "0.017242"    "0.017258"

  Columns 1133 through 1137

    "0.017273"    "0.017288"    "0.017303"    "0.017319"    "0.017334"

  Columns 1138 through 1142

    "0.017349"    "0.017365"    "0.01738"    "0.017395"    "0.01741"

  Columns 1143 through 1147

    "0.017426"    "0.017441"    "0.017456"    "0.017471"    "0.017487"

  Columns 1148 through 1152

    "0.017502"    "0.017517"    "0.017532"    "0.017548"    "0.017563"

  Columns 1153 through 1157

    "0.017578"    "0.017593"    "0.017609"    "0.017624"    "0.017639"

  Columns 1158 through 1162

    "0.017654"    "0.01767"    "0.017685"    "0.0177"    "0.017715"

  Columns 1163 through 1167

    "0.017731"    "0.017746"    "0.017761"    "0.017776"    "0.017792"

  Columns 1168 through 1172

    "0.017807"    "0.017822"    "0.017838"    "0.017853"    "0.017868"

  Columns 1173 through 1177

    "0.017883"    "0.017899"    "0.017914"    "0.017929"    "0.017944"

  Columns 1178 through 1182

    "0.01796"    "0.017975"    "0.01799"    "0.018005"    "0.018021"

  Columns 1183 through 1187

    "0.018036"    "0.018051"    "0.018066"    "0.018082"    "0.018097"

  Columns 1188 through 1192

    "0.018112"    "0.018127"    "0.018143"    "0.018158"    "0.018173"

  Columns 1193 through 1197

    "0.018188"    "0.018204"    "0.018219"    "0.018234"    "0.01825"

  Columns 1198 through 1202

    "0.018265"    "0.01828"    "0.018295"    "0.018311"    "0.018326"

  Columns 1203 through 1207

    "0.018341"    "0.018356"    "0.018372"    "0.018387"    "0.018402"

  Columns 1208 through 1212

    "0.018417"    "0.018433"    "0.018448"    "0.018463"    "0.018478"

  Columns 1213 through 1217

    "0.018494"    "0.018509"    "0.018524"    "0.018539"    "0.018555"

  Columns 1218 through 1222

    "0.01857"    "0.018585"    "0.0186"    "0.018616"    "0.018631"

  Columns 1223 through 1227

    "0.018646"    "0.018661"    "0.018677"    "0.018692"    "0.018707"

  Columns 1228 through 1232

    "0.018723"    "0.018738"    "0.018753"    "0.018768"    "0.018784"

  Columns 1233 through 1237

    "0.018799"    "0.018814"    "0.018829"    "0.018845"    "0.01886"

  Columns 1238 through 1242

    "0.018875"    "0.01889"    "0.018906"    "0.018921"    "0.018936"

  Columns 1243 through 1247

    "0.018951"    "0.018967"    "0.018982"    "0.018997"    "0.019012"

  Columns 1248 through 1252

    "0.019028"    "0.019043"    "0.019058"    "0.019073"    "0.019089"

  Columns 1253 through 1257

    "0.019104"    "0.019119"    "0.019135"    "0.01915"    "0.019165"

  Columns 1258 through 1262

    "0.01918"    "0.019196"    "0.019211"    "0.019226"    "0.019241"

  Columns 1263 through 1267

    "0.019257"    "0.019272"    "0.019287"    "0.019302"    "0.019318"

  Columns 1268 through 1272

    "0.019333"    "0.019348"    "0.019363"    "0.019379"    "0.019394"

  Columns 1273 through 1277

    "0.019409"    "0.019424"    "0.01944"    "0.019455"    "0.01947"

  Columns 1278 through 1282

    "0.019485"    "0.019501"    "0.019516"    "0.019531"    "0.019547"

  Columns 1283 through 1287

    "0.019562"    "0.019577"    "0.019592"    "0.019608"    "0.019623"

  Columns 1288 through 1292

    "0.019638"    "0.019653"    "0.019669"    "0.019684"    "0.019699"

  Columns 1293 through 1297

    "0.019714"    "0.01973"    "0.019745"    "0.01976"    "0.019775"

  Columns 1298 through 1302

    "0.019791"    "0.019806"    "0.019821"    "0.019836"    "0.019852"

  Columns 1303 through 1307

    "0.019867"    "0.019882"    "0.019897"    "0.019913"    "0.019928"

  Columns 1308 through 1312

    "0.019943"    "0.019958"    "0.019974"    "0.019989"    "0.020004"

  Columns 1313 through 1317

    "0.02002"    "0.020035"    "0.02005"    "0.020065"    "0.020081"

  Columns 1318 through 1322

    "0.020096"    "0.020111"    "0.020126"    "0.020142"    "0.020157"

  Columns 1323 through 1327

    "0.020172"    "0.020187"    "0.020203"    "0.020218"    "0.020233"

  Columns 1328 through 1332

    "0.020248"    "0.020264"    "0.020279"    "0.020294"    "0.020309"

  Columns 1333 through 1337

    "0.020325"    "0.02034"    "0.020355"    "0.02037"    "0.020386"

  Columns 1338 through 1342

    "0.020401"    "0.020416"    "0.020432"    "0.020447"    "0.020462"

  Columns 1343 through 1347

    "0.020477"    "0.020493"    "0.020508"    "0.020523"    "0.020538"

  Columns 1348 through 1352

    "0.020554"    "0.020569"    "0.020584"    "0.020599"    "0.020615"

  Columns 1353 through 1357

    "0.02063"    "0.020645"    "0.02066"    "0.020676"    "0.020691"

  Columns 1358 through 1362

    "0.020706"    "0.020721"    "0.020737"    "0.020752"    "0.020767"

  Columns 1363 through 1367

    "0.020782"    "0.020798"    "0.020813"    "0.020828"    "0.020844"

  Columns 1368 through 1372

    "0.020859"    "0.020874"    "0.020889"    "0.020905"    "0.02092"

  Columns 1373 through 1377

    "0.020935"    "0.02095"    "0.020966"    "0.020981"    "0.020996"

  Columns 1378 through 1382

    "0.021011"    "0.021027"    "0.021042"    "0.021057"    "0.021072"

  Columns 1383 through 1387

    "0.021088"    "0.021103"    "0.021118"    "0.021133"    "0.021149"

  Columns 1388 through 1392

    "0.021164"    "0.021179"    "0.021194"    "0.02121"    "0.021225"

  Columns 1393 through 1397

    "0.02124"    "0.021255"    "0.021271"    "0.021286"    "0.021301"

  Columns 1398 through 1402

    "0.021317"    "0.021332"    "0.021347"    "0.021362"    "0.021378"

  Columns 1403 through 1407

    "0.021393"    "0.021408"    "0.021423"    "0.021439"    "0.021454"

  Columns 1408 through 1412

    "0.021469"    "0.021484"    "0.0215"    "0.021515"    "0.02153"

  Columns 1413 through 1417

    "0.021545"    "0.021561"    "0.021576"    "0.021591"    "0.021606"

  Columns 1418 through 1422

    "0.021622"    "0.021637"    "0.021652"    "0.021667"    "0.021683"

  Columns 1423 through 1427

    "0.021698"    "0.021713"    "0.021729"    "0.021744"    "0.021759"

  Columns 1428 through 1432

    "0.021774"    "0.02179"    "0.021805"    "0.02182"    "0.021835"

  Columns 1433 through 1437

    "0.021851"    "0.021866"    "0.021881"    "0.021896"    "0.021912"

  Columns 1438 through 1442

    "0.021927"    "0.021942"    "0.021957"    "0.021973"    "0.021988"

  Columns 1443 through 1447

    "0.022003"    "0.022018"    "0.022034"    "0.022049"    "0.022064"

  Columns 1448 through 1452

    "0.022079"    "0.022095"    "0.02211"    "0.022125"    "0.022141"

  Columns 1453 through 1457

    "0.022156"    "0.022171"    "0.022186"    "0.022202"    "0.022217"

  Columns 1458 through 1462

    "0.022232"    "0.022247"    "0.022263"    "0.022278"    "0.022293"

  Columns 1463 through 1467

    "0.022308"    "0.022324"    "0.022339"    "0.022354"    "0.022369"

  Columns 1468 through 1472

    "0.022385"    "0.0224"    "0.022415"    "0.02243"    "0.022446"

  Columns 1473 through 1477

    "0.022461"    "0.022476"    "0.022491"    "0.022507"    "0.022522"

  Columns 1478 through 1482

    "0.022537"    "0.022552"    "0.022568"    "0.022583"    "0.022598"

  Columns 1483 through 1487

    "0.022614"    "0.022629"    "0.022644"    "0.022659"    "0.022675"

  Columns 1488 through 1492

    "0.02269"    "0.022705"    "0.02272"    "0.022736"    "0.022751"

  Columns 1493 through 1497

    "0.022766"    "0.022781"    "0.022797"    "0.022812"    "0.022827"

  Columns 1498 through 1502

    "0.022842"    "0.022858"    "0.022873"    "0.022888"    "0.022903"

  Columns 1503 through 1507

    "0.022919"    "0.022934"    "0.022949"    "0.022964"    "0.02298"

  Columns 1508 through 1512

    "0.022995"    "0.02301"    "0.023026"    "0.023041"    "0.023056"

  Columns 1513 through 1517

    "0.023071"    "0.023087"    "0.023102"    "0.023117"    "0.023132"

  Columns 1518 through 1522

    "0.023148"    "0.023163"    "0.023178"    "0.023193"    "0.023209"

  Columns 1523 through 1527

    "0.023224"    "0.023239"    "0.023254"    "0.02327"    "0.023285"

  Columns 1528 through 1532

    "0.0233"    "0.023315"    "0.023331"    "0.023346"    "0.023361"

  Columns 1533 through 1537

    "0.023376"    "0.023392"    "0.023407"    "0.023422"    "0.023437"

  Columns 1538 through 1542

    "0.023453"    "0.023468"    "0.023483"    "0.023499"    "0.023514"

  Columns 1543 through 1547

    "0.023529"    "0.023544"    "0.02356"    "0.023575"    "0.02359"

  Columns 1548 through 1552

    "0.023605"    "0.023621"    "0.023636"    "0.023651"    "0.023666"

  Columns 1553 through 1557

    "0.023682"    "0.023697"    "0.023712"    "0.023727"    "0.023743"

  Columns 1558 through 1562

    "0.023758"    "0.023773"    "0.023788"    "0.023804"    "0.023819"

  Columns 1563 through 1567

    "0.023834"    "0.023849"    "0.023865"    "0.02388"    "0.023895"

  Columns 1568 through 1572

    "0.023911"    "0.023926"    "0.023941"    "0.023956"    "0.023972"

  Columns 1573 through 1577

    "0.023987"    "0.024002"    "0.024017"    "0.024033"    "0.024048"

  Columns 1578 through 1582

    "0.024063"    "0.024078"    "0.024094"    "0.024109"    "0.024124"

  Columns 1583 through 1587

    "0.024139"    "0.024155"    "0.02417"    "0.024185"    "0.0242"

  Columns 1588 through 1592

    "0.024216"    "0.024231"    "0.024246"    "0.024261"    "0.024277"

  Columns 1593 through 1597

    "0.024292"    "0.024307"    "0.024323"    "0.024338"    "0.024353"

  Columns 1598 through 1602

    "0.024368"    "0.024384"    "0.024399"    "0.024414"    "0.024429"

  Columns 1603 through 1607

    "0.024445"    "0.02446"    "0.024475"    "0.02449"    "0.024506"

  Columns 1608 through 1612

    "0.024521"    "0.024536"    "0.024551"    "0.024567"    "0.024582"

  Columns 1613 through 1617

    "0.024597"    "0.024612"    "0.024628"    "0.024643"    "0.024658"

  Columns 1618 through 1622

    "0.024673"    "0.024689"    "0.024704"    "0.024719"    "0.024734"

  Columns 1623 through 1627

    "0.02475"    "0.024765"    "0.02478"    "0.024796"    "0.024811"

  Columns 1628 through 1632

    "0.024826"    "0.024841"    "0.024857"    "0.024872"    "0.024887"

  Columns 1633 through 1637

    "0.024902"    "0.024918"    "0.024933"    "0.024948"    "0.024963"

  Columns 1638 through 1642

    "0.024979"    "0.024994"    "0.025009"    "0.025024"    "0.02504"

  Columns 1643 through 1647

    "0.025055"    "0.02507"    "0.025085"    "0.025101"    "0.025116"

  Columns 1648 through 1652

    "0.025131"    "0.025146"    "0.025162"    "0.025177"    "0.025192"

  Columns 1653 through 1657

    "0.025208"    "0.025223"    "0.025238"    "0.025253"    "0.025269"

  Columns 1658 through 1662

    "0.025284"    "0.025299"    "0.025314"    "0.02533"    "0.025345"

  Columns 1663 through 1667

    "0.02536"    "0.025375"    "0.025391"    "0.025406"    "0.025421"

  Columns 1668 through 1672

    "0.025436"    "0.025452"    "0.025467"    "0.025482"    "0.025497"

  Columns 1673 through 1677

    "0.025513"    "0.025528"    "0.025543"    "0.025558"    "0.025574"

  Columns 1678 through 1682

    "0.025589"    "0.025604"    "0.02562"    "0.025635"    "0.02565"

  Columns 1683 through 1687

    "0.025665"    "0.025681"    "0.025696"    "0.025711"    "0.025726"

  Columns 1688 through 1692

    "0.025742"    "0.025757"    "0.025772"    "0.025787"    "0.025803"

  Columns 1693 through 1697

    "0.025818"    "0.025833"    "0.025848"    "0.025864"    "0.025879"

  Columns 1698 through 1702

    "0.025894"    "0.025909"    "0.025925"    "0.02594"    "0.025955"

  Columns 1703 through 1707

    "0.02597"    "0.025986"    "0.026001"    "0.026016"    "0.026031"

  Columns 1708 through 1712

    "0.026047"    "0.026062"    "0.026077"    "0.026093"    "0.026108"

  Columns 1713 through 1717

    "0.026123"    "0.026138"    "0.026154"    "0.026169"    "0.026184"

  Columns 1718 through 1722

    "0.026199"    "0.026215"    "0.02623"    "0.026245"    "0.02626"

  Columns 1723 through 1727

    "0.026276"    "0.026291"    "0.026306"    "0.026321"    "0.026337"

  Columns 1728 through 1732

    "0.026352"    "0.026367"    "0.026382"    "0.026398"    "0.026413"

  Columns 1733 through 1737

    "0.026428"    "0.026443"    "0.026459"    "0.026474"    "0.026489"

  Columns 1738 through 1742

    "0.026505"    "0.02652"    "0.026535"    "0.02655"    "0.026566"

  Columns 1743 through 1747

    "0.026581"    "0.026596"    "0.026611"    "0.026627"    "0.026642"

  Columns 1748 through 1752

    "0.026657"    "0.026672"    "0.026688"    "0.026703"    "0.026718"

  Columns 1753 through 1757

    "0.026733"    "0.026749"    "0.026764"    "0.026779"    "0.026794"

  Columns 1758 through 1762

    "0.02681"    "0.026825"    "0.02684"    "0.026855"    "0.026871"

  Columns 1763 through 1767

    "0.026886"    "0.026901"    "0.026917"    "0.026932"    "0.026947"

  Columns 1768 through 1772

    "0.026962"    "0.026978"    "0.026993"    "0.027008"    "0.027023"

  Columns 1773 through 1777

    "0.027039"    "0.027054"    "0.027069"    "0.027084"    "0.0271"

  Columns 1778 through 1782

    "0.027115"    "0.02713"    "0.027145"    "0.027161"    "0.027176"

  Columns 1783 through 1787

    "0.027191"    "0.027206"    "0.027222"    "0.027237"    "0.027252"

  Columns 1788 through 1792

    "0.027267"    "0.027283"    "0.027298"    "0.027313"    "0.027328"

  Columns 1793 through 1797

    "0.027344"    "0.027359"    "0.027374"    "0.02739"    "0.027405"

  Columns 1798 through 1802

    "0.02742"    "0.027435"    "0.027451"    "0.027466"    "0.027481"

  Columns 1803 through 1807

    "0.027496"    "0.027512"    "0.027527"    "0.027542"    "0.027557"

  Columns 1808 through 1812

    "0.027573"    "0.027588"    "0.027603"    "0.027618"    "0.027634"

  Columns 1813 through 1817

    "0.027649"    "0.027664"    "0.027679"    "0.027695"    "0.02771"

  Columns 1818 through 1822

    "0.027725"    "0.02774"    "0.027756"    "0.027771"    "0.027786"

  Columns 1823 through 1827

    "0.027802"    "0.027817"    "0.027832"    "0.027847"    "0.027863"

  Columns 1828 through 1832

    "0.027878"    "0.027893"    "0.027908"    "0.027924"    "0.027939"

  Columns 1833 through 1837

    "0.027954"    "0.027969"    "0.027985"    "0.028"    "0.028015"

  Columns 1838 through 1842

    "0.02803"    "0.028046"    "0.028061"    "0.028076"    "0.028091"

  Columns 1843 through 1847

    "0.028107"    "0.028122"    "0.028137"    "0.028152"    "0.028168"

  Columns 1848 through 1852

    "0.028183"    "0.028198"    "0.028214"    "0.028229"    "0.028244"

  Columns 1853 through 1857

    "0.028259"    "0.028275"    "0.02829"    "0.028305"    "0.02832"

  Columns 1858 through 1862

    "0.028336"    "0.028351"    "0.028366"    "0.028381"    "0.028397"

  Columns 1863 through 1867

    "0.028412"    "0.028427"    "0.028442"    "0.028458"    "0.028473"

  Columns 1868 through 1872

    "0.028488"    "0.028503"    "0.028519"    "0.028534"    "0.028549"

  Columns 1873 through 1877

    "0.028564"    "0.02858"    "0.028595"    "0.02861"    "0.028625"

  Columns 1878 through 1882

    "0.028641"    "0.028656"    "0.028671"    "0.028687"    "0.028702"

  Columns 1883 through 1887

    "0.028717"    "0.028732"    "0.028748"    "0.028763"    "0.028778"

  Columns 1888 through 1892

    "0.028793"    "0.028809"    "0.028824"    "0.028839"    "0.028854"

  Columns 1893 through 1897

    "0.02887"    "0.028885"    "0.0289"    "0.028915"    "0.028931"

  Columns 1898 through 1902

    "0.028946"    "0.028961"    "0.028976"    "0.028992"    "0.029007"

  Columns 1903 through 1907

    "0.029022"    "0.029037"    "0.029053"    "0.029068"    "0.029083"

  Columns 1908 through 1912

    "0.029099"    "0.029114"    "0.029129"    "0.029144"    "0.02916"

  Columns 1913 through 1917

    "0.029175"    "0.02919"    "0.029205"    "0.029221"    "0.029236"

  Columns 1918 through 1922

    "0.029251"    "0.029266"    "0.029282"    "0.029297"    "0.029312"

  Columns 1923 through 1927

    "0.029327"    "0.029343"    "0.029358"    "0.029373"    "0.029388"

  Columns 1928 through 1932

    "0.029404"    "0.029419"    "0.029434"    "0.029449"    "0.029465"

  Columns 1933 through 1937

    "0.02948"    "0.029495"    "0.02951"    "0.029526"    "0.029541"

  Columns 1938 through 1942

    "0.029556"    "0.029572"    "0.029587"    "0.029602"    "0.029617"

  Columns 1943 through 1947

    "0.029633"    "0.029648"    "0.029663"    "0.029678"    "0.029694"

  Columns 1948 through 1952

    "0.029709"    "0.029724"    "0.029739"    "0.029755"    "0.02977"

  Columns 1953 through 1957

    "0.029785"    "0.0298"    "0.029816"    "0.029831"    "0.029846"

  Columns 1958 through 1962

    "0.029861"    "0.029877"    "0.029892"    "0.029907"    "0.029922"

  Columns 1963 through 1967

    "0.029938"    "0.029953"    "0.029968"    "0.029984"    "0.029999"

  Columns 1968 through 1972

    "0.030014"    "0.030029"    "0.030045"    "0.03006"    "0.030075"

  Columns 1973 through 1977

    "0.03009"    "0.030106"    "0.030121"    "0.030136"    "0.030151"

  Columns 1978 through 1982

    "0.030167"    "0.030182"    "0.030197"    "0.030212"    "0.030228"

  Columns 1983 through 1987

    "0.030243"    "0.030258"    "0.030273"    "0.030289"    "0.030304"

  Columns 1988 through 1992

    "0.030319"    "0.030334"    "0.03035"    "0.030365"    "0.03038"

  Columns 1993 through 1997

    "0.030396"    "0.030411"    "0.030426"    "0.030441"    "0.030457"

  Columns 1998 through 2002

    "0.030472"    "0.030487"    "0.030502"    "0.030518"    "0.030533"

  Columns 2003 through 2007

    "0.030548"    "0.030563"    "0.030579"    "0.030594"    "0.030609"

  Columns 2008 through 2012

    "0.030624"    "0.03064"    "0.030655"    "0.03067"    "0.030685"

  Columns 2013 through 2017

    "0.030701"    "0.030716"    "0.030731"    "0.030746"    "0.030762"

  Columns 2018 through 2022

    "0.030777"    "0.030792"    "0.030807"    "0.030823"    "0.030838"

  Columns 2023 through 2027

    "0.030853"    "0.030869"    "0.030884"    "0.030899"    "0.030914"

  Columns 2028 through 2032

    "0.03093"    "0.030945"    "0.03096"    "0.030975"    "0.030991"

  Columns 2033 through 2037

    "0.031006"    "0.031021"    "0.031036"    "0.031052"    "0.031067"

  Columns 2038 through 2042

    "0.031082"    "0.031097"    "0.031113"    "0.031128"    "0.031143"

  Columns 2043 through 2047

    "0.031158"    "0.031174"    "0.031189"    "0.031204"    "0.031219"

  Columns 2048 through 2052

    "0.031235"    "0.03125"    "0.031265"    "0.031281"    "0.031296"

  Columns 2053 through 2057

    "0.031311"    "0.031326"    "0.031342"    "0.031357"    "0.031372"

  Columns 2058 through 2062

    "0.031387"    "0.031403"    "0.031418"    "0.031433"    "0.031448"

  Columns 2063 through 2067

    "0.031464"    "0.031479"    "0.031494"    "0.031509"    "0.031525"

  Columns 2068 through 2072

    "0.03154"    "0.031555"    "0.03157"    "0.031586"    "0.031601"

  Columns 2073 through 2077

    "0.031616"    "0.031631"    "0.031647"    "0.031662"    "0.031677"

  Columns 2078 through 2082

    "0.031693"    "0.031708"    "0.031723"    "0.031738"    "0.031754"

  Columns 2083 through 2087

    "0.031769"    "0.031784"    "0.031799"    "0.031815"    "0.03183"

  Columns 2088 through 2092

    "0.031845"    "0.03186"    "0.031876"    "0.031891"    "0.031906"

  Columns 2093 through 2097

    "0.031921"    "0.031937"    "0.031952"    "0.031967"    "0.031982"

  Columns 2098 through 2102

    "0.031998"    "0.032013"    "0.032028"    "0.032043"    "0.032059"

  Columns 2103 through 2107

    "0.032074"    "0.032089"    "0.032104"    "0.03212"    "0.032135"

  Columns 2108 through 2112

    "0.03215"    "0.032166"    "0.032181"    "0.032196"    "0.032211"

  Columns 2113 through 2117

    "0.032227"    "0.032242"    "0.032257"    "0.032272"    "0.032288"

  Columns 2118 through 2122

    "0.032303"    "0.032318"    "0.032333"    "0.032349"    "0.032364"

  Columns 2123 through 2127

    "0.032379"    "0.032394"    "0.03241"    "0.032425"    "0.03244"

  Columns 2128 through 2132

    "0.032455"    "0.032471"    "0.032486"    "0.032501"    "0.032516"

  Columns 2133 through 2137

    "0.032532"    "0.032547"    "0.032562"    "0.032578"    "0.032593"

  Columns 2138 through 2142

    "0.032608"    "0.032623"    "0.032639"    "0.032654"    "0.032669"

  Columns 2143 through 2147

    "0.032684"    "0.0327"    "0.032715"    "0.03273"    "0.032745"

  Columns 2148 through 2152

    "0.032761"    "0.032776"    "0.032791"    "0.032806"    "0.032822"

  Columns 2153 through 2157

    "0.032837"    "0.032852"    "0.032867"    "0.032883"    "0.032898"

  Columns 2158 through 2162

    "0.032913"    "0.032928"    "0.032944"    "0.032959"    "0.032974"

  Columns 2163 through 2167

    "0.03299"    "0.033005"    "0.03302"    "0.033035"    "0.033051"

  Columns 2168 through 2172

    "0.033066"    "0.033081"    "0.033096"    "0.033112"    "0.033127"

  Columns 2173 through 2177

    "0.033142"    "0.033157"    "0.033173"    "0.033188"    "0.033203"

  Columns 2178 through 2182

    "0.033218"    "0.033234"    "0.033249"    "0.033264"    "0.033279"

  Columns 2183 through 2187

    "0.033295"    "0.03331"    "0.033325"    "0.03334"    "0.033356"

  Columns 2188 through 2192

    "0.033371"    "0.033386"    "0.033401"    "0.033417"    "0.033432"

  Columns 2193 through 2197

    "0.033447"    "0.033463"    "0.033478"    "0.033493"    "0.033508"

  Columns 2198 through 2202

    "0.033524"    "0.033539"    "0.033554"    "0.033569"    "0.033585"

  Columns 2203 through 2207

    "0.0336"    "0.033615"    "0.03363"    "0.033646"    "0.033661"

  Columns 2208 through 2212

    "0.033676"    "0.033691"    "0.033707"    "0.033722"    "0.033737"

  Columns 2213 through 2217

    "0.033752"    "0.033768"    "0.033783"    "0.033798"    "0.033813"

  Columns 2218 through 2222

    "0.033829"    "0.033844"    "0.033859"    "0.033875"    "0.03389"

  Columns 2223 through 2227

    "0.033905"    "0.03392"    "0.033936"    "0.033951"    "0.033966"

  Columns 2228 through 2232

    "0.033981"    "0.033997"    "0.034012"    "0.034027"    "0.034042"

  Columns 2233 through 2237

    "0.034058"    "0.034073"    "0.034088"    "0.034103"    "0.034119"

  Columns 2238 through 2242

    "0.034134"    "0.034149"    "0.034164"    "0.03418"    "0.034195"

  Columns 2243 through 2247

    "0.03421"    "0.034225"    "0.034241"    "0.034256"    "0.034271"

  Columns 2248 through 2252

    "0.034286"    "0.034302"    "0.034317"    "0.034332"    "0.034348"

  Columns 2253 through 2257

    "0.034363"    "0.034378"    "0.034393"    "0.034409"    "0.034424"

  Columns 2258 through 2262

    "0.034439"    "0.034454"    "0.03447"    "0.034485"    "0.0345"

  Columns 2263 through 2267

    "0.034515"    "0.034531"    "0.034546"    "0.034561"    "0.034576"

  Columns 2268 through 2272

    "0.034592"    "0.034607"    "0.034622"    "0.034637"    "0.034653"

  Columns 2273 through 2277

    "0.034668"    "0.034683"    "0.034698"    "0.034714"    "0.034729"

  Columns 2278 through 2282

    "0.034744"    "0.03476"    "0.034775"    "0.03479"    "0.034805"

  Columns 2283 through 2287

    "0.034821"    "0.034836"    "0.034851"    "0.034866"    "0.034882"

  Columns 2288 through 2292

    "0.034897"    "0.034912"    "0.034927"    "0.034943"    "0.034958"

  Columns 2293 through 2297

    "0.034973"    "0.034988"    "0.035004"    "0.035019"    "0.035034"

  Columns 2298 through 2302

    "0.035049"    "0.035065"    "0.03508"    "0.035095"    "0.03511"

  Columns 2303 through 2307

    "0.035126"    "0.035141"    "0.035156"    "0.035172"    "0.035187"

  Columns 2308 through 2312

    "0.035202"    "0.035217"    "0.035233"    "0.035248"    "0.035263"

  Columns 2313 through 2317

    "0.035278"    "0.035294"    "0.035309"    "0.035324"    "0.035339"

  Columns 2318 through 2322

    "0.035355"    "0.03537"    "0.035385"    "0.0354"    "0.035416"

  Columns 2323 through 2327

    "0.035431"    "0.035446"    "0.035461"    "0.035477"    "0.035492"

  Columns 2328 through 2332

    "0.035507"    "0.035522"    "0.035538"    "0.035553"    "0.035568"

  Columns 2333 through 2337

    "0.035583"    "0.035599"    "0.035614"    "0.035629"    "0.035645"

  Columns 2338 through 2342

    "0.03566"    "0.035675"    "0.03569"    "0.035706"    "0.035721"

  Columns 2343 through 2347

    "0.035736"    "0.035751"    "0.035767"    "0.035782"    "0.035797"

  Columns 2348 through 2352

    "0.035812"    "0.035828"    "0.035843"    "0.035858"    "0.035873"

  Columns 2353 through 2357

    "0.035889"    "0.035904"    "0.035919"    "0.035934"    "0.03595"

  Columns 2358 through 2362

    "0.035965"    "0.03598"    "0.035995"    "0.036011"    "0.036026"

  Columns 2363 through 2367

    "0.036041"    "0.036057"    "0.036072"    "0.036087"    "0.036102"

  Columns 2368 through 2372

    "0.036118"    "0.036133"    "0.036148"    "0.036163"    "0.036179"

  Columns 2373 through 2377

    "0.036194"    "0.036209"    "0.036224"    "0.03624"    "0.036255"

  Columns 2378 through 2382

    "0.03627"    "0.036285"    "0.036301"    "0.036316"    "0.036331"

  Columns 2383 through 2387

    "0.036346"    "0.036362"    "0.036377"    "0.036392"    "0.036407"

  Columns 2388 through 2392

    "0.036423"    "0.036438"    "0.036453"    "0.036469"    "0.036484"

  Columns 2393 through 2397

    "0.036499"    "0.036514"    "0.03653"    "0.036545"    "0.03656"

  Columns 2398 through 2402

    "0.036575"    "0.036591"    "0.036606"    "0.036621"    "0.036636"

  Columns 2403 through 2407

    "0.036652"    "0.036667"    "0.036682"    "0.036697"    "0.036713"

  Columns 2408 through 2412

    "0.036728"    "0.036743"    "0.036758"    "0.036774"    "0.036789"

  Columns 2413 through 2417

    "0.036804"    "0.036819"    "0.036835"    "0.03685"    "0.036865"

  Columns 2418 through 2422

    "0.03688"    "0.036896"    "0.036911"    "0.036926"    "0.036942"

  Columns 2423 through 2427

    "0.036957"    "0.036972"    "0.036987"    "0.037003"    "0.037018"

  Columns 2428 through 2432

    "0.037033"    "0.037048"    "0.037064"    "0.037079"    "0.037094"

  Columns 2433 through 2437

    "0.037109"    "0.037125"    "0.03714"    "0.037155"    "0.03717"

  Columns 2438 through 2442

    "0.037186"    "0.037201"    "0.037216"    "0.037231"    "0.037247"

  Columns 2443 through 2447

    "0.037262"    "0.037277"    "0.037292"    "0.037308"    "0.037323"

  Columns 2448 through 2452

    "0.037338"    "0.037354"    "0.037369"    "0.037384"    "0.037399"

  Columns 2453 through 2457

    "0.037415"    "0.03743"    "0.037445"    "0.03746"    "0.037476"

  Columns 2458 through 2462

    "0.037491"    "0.037506"    "0.037521"    "0.037537"    "0.037552"

  Columns 2463 through 2467

    "0.037567"    "0.037582"    "0.037598"    "0.037613"    "0.037628"

  Columns 2468 through 2472

    "0.037643"    "0.037659"    "0.037674"    "0.037689"    "0.037704"

  Columns 2473 through 2477

    "0.03772"    "0.037735"    "0.03775"    "0.037766"    "0.037781"

  Columns 2478 through 2482

    "0.037796"    "0.037811"    "0.037827"    "0.037842"    "0.037857"

  Columns 2483 through 2487

    "0.037872"    "0.037888"    "0.037903"    "0.037918"    "0.037933"

  Columns 2488 through 2492

    "0.037949"    "0.037964"    "0.037979"    "0.037994"    "0.03801"

  Columns 2493 through 2497

    "0.038025"    "0.03804"    "0.038055"    "0.038071"    "0.038086"

  Columns 2498 through 2502

    "0.038101"    "0.038116"    "0.038132"    "0.038147"    "0.038162"

  Columns 2503 through 2507

    "0.038177"    "0.038193"    "0.038208"    "0.038223"    "0.038239"

  Columns 2508 through 2512

    "0.038254"    "0.038269"    "0.038284"    "0.0383"    "0.038315"

  Columns 2513 through 2517

    "0.03833"    "0.038345"    "0.038361"    "0.038376"    "0.038391"

  Columns 2518 through 2522

    "0.038406"    "0.038422"    "0.038437"    "0.038452"    "0.038467"

  Columns 2523 through 2527

    "0.038483"    "0.038498"    "0.038513"    "0.038528"    "0.038544"

  Columns 2528 through 2532

    "0.038559"    "0.038574"    "0.038589"    "0.038605"    "0.03862"

  Columns 2533 through 2537

    "0.038635"    "0.038651"    "0.038666"    "0.038681"    "0.038696"

  Columns 2538 through 2542

    "0.038712"    "0.038727"    "0.038742"    "0.038757"    "0.038773"

  Columns 2543 through 2547

    "0.038788"    "0.038803"    "0.038818"    "0.038834"    "0.038849"

  Columns 2548 through 2552

    "0.038864"    "0.038879"    "0.038895"    "0.03891"    "0.038925"

  Columns 2553 through 2557

    "0.03894"    "0.038956"    "0.038971"    "0.038986"    "0.039001"

  Columns 2558 through 2562

    "0.039017"    "0.039032"    "0.039047"    "0.039062"    "0.039078"

  Columns 2563 through 2567

    "0.039093"    "0.039108"    "0.039124"    "0.039139"    "0.039154"

  Columns 2568 through 2572

    "0.039169"    "0.039185"    "0.0392"    "0.039215"    "0.03923"

  Columns 2573 through 2577

    "0.039246"    "0.039261"    "0.039276"    "0.039291"    "0.039307"

  Columns 2578 through 2582

    "0.039322"    "0.039337"    "0.039352"    "0.039368"    "0.039383"

  Columns 2583 through 2587

    "0.039398"    "0.039413"    "0.039429"    "0.039444"    "0.039459"

  Columns 2588 through 2592

    "0.039474"    "0.03949"    "0.039505"    "0.03952"    "0.039536"

  Columns 2593 through 2597

    "0.039551"    "0.039566"    "0.039581"    "0.039597"    "0.039612"

  Columns 2598 through 2602

    "0.039627"    "0.039642"    "0.039658"    "0.039673"    "0.039688"

  Columns 2603 through 2607

    "0.039703"    "0.039719"    "0.039734"    "0.039749"    "0.039764"

  Columns 2608 through 2612

    "0.03978"    "0.039795"    "0.03981"    "0.039825"    "0.039841"

  Columns 2613 through 2617

    "0.039856"    "0.039871"    "0.039886"    "0.039902"    "0.039917"

  Columns 2618 through 2622

    "0.039932"    "0.039948"    "0.039963"    "0.039978"    "0.039993"

[Warning: Error in state of SceneNode.
String scalar or character vector must have valid interpreter syntax:
phi_512_26214_1.0e-5__CPC_0.15_cohesin_0.09_eps_0.0067_smooth
] 
[> In defaulterrorcallback (line 12)
In print (line 36)
In kymograph_central_droplets_domain (line 71)] 
An unexpected error has occurred.
To resolve this issue, contact <a href="https://www.mathworks.com/pi_gene_mci_glnxa64">Technical Support</a>.
Opening log file:  /home/xpz5km/java.log.7971
[Warning: An error occurred while drawing the scene: Unidentified trouble during
rendering] 
[> In defaulterrorcallback (line 12)
In matlab.graphics.internal/mlprintjob/setPaintDisabled
In alternatePrintPath
In alternatePrintPath
In onCleanup/delete (line 25)
In alternatePrintPath
In print (line 90)
In kymograph_central_droplets_domain (line 71)] 
[Warning: An error occurred while drawing the scene: Unidentified trouble during
rendering] 
[> In defaulterrorcallback (line 12)
In matlab.graphics.internal/mlprintjob/setPaintDisabled
In alternatePrintPath
In alternatePrintPath
In onCleanup/delete (line 25)
In alternatePrintPath
In print (line 90)
In kymograph_central_droplets_domain (line 71)] 
[Warning: An error occurred while drawing the scene: Unidentified trouble during
rendering] 
[> In defaulterrorcallback (line 12)
In matlab.graphics.internal/mlprintjob/setPaintDisabled
In alternatePrintPath
In alternatePrintPath
In onCleanup/delete (line 25)
In alternatePrintPath
In print (line 90)
In kymograph_central_droplets_domain (line 71)] 
[Warning: An error occurred while drawing the scene: Unidentified trouble during
rendering] 
[> In defaulterrorcallback (line 12)
In matlab.graphics.internal/mlprintjob/setPaintDisabled
In alternatePrintPath
In alternatePrintPath
In onCleanup/delete (line 25)
In alternatePrintPath
In print (line 90)
In kymograph_central_droplets_domain (line 71)] 
[Warning: An error occurred while drawing the scene: Unidentified trouble during
rendering] 
[> In defaulterrorcallback (line 12)
In matlab.graphics.internal/mlprintjob/setPaintDisabled
In alternatePrintPath
In alternatePrintPath
In onCleanup/delete (line 25)
In alternatePrintPath
In print (line 90)
In kymograph_central_droplets_domain (line 71)] 
[Warning: An error occurred while drawing the scene: Unidentified trouble during
rendering] 
[> In defaulterrorcallback (line 12)
In matlab.graphics.internal/mlprintjob/setPaintDisabled
In alternatePrintPath
In alternatePrintPath
In onCleanup/delete (line 25)
In alternatePrintPath
In print (line 90)
In kymograph_central_droplets_domain (line 71)] 
[Warning: An error occurred while drawing the scene: Unidentified trouble during
rendering] 
[> In defaulterrorcallback (line 12)
In matlab.graphics.internal/mlprintjob/setPaintDisabled
In alternatePrintPath
In alternatePrintPath
In onCleanup/delete (line 25)
In alternatePrintPath
In print (line 90)
In kymograph_central_droplets_domain (line 71)] 
[Warning: An error occurred while drawing the scene: Unidentified trouble during
rendering] 
[> In defaulterrorcallback (line 12)
In matlab.graphics.internal/mlprintjob/setPaintDisabled
In alternatePrintPath
In alternatePrintPath
In onCleanup/delete (line 25)
In alternatePrintPath
In print (line 90)
In kymograph_central_droplets_domain (line 71)] 
[Warning: An error occurred while drawing the scene: Unidentified trouble during
rendering] 
[> In defaulterrorcallback (line 12)
In matlab.graphics.internal/mlprintjob/setPaintDisabled
In alternatePrintPath
In alternatePrintPath
In onCleanup/delete (line 25)
In alternatePrintPath
In print (line 90)
In kymograph_central_droplets_domain (line 71)] 
[Warning: An error occurred while drawing the scene: Unidentified trouble during
rendering] 
[> In defaulterrorcallback (line 12)
In matlab.graphics.internal/mlprintjob/setPaintDisabled
In alternatePrintPath
In alternatePrintPath
In onCleanup/delete (line 25)
In alternatePrintPath
In print (line 90)
In kymograph_central_droplets_domain (line 71)] 
[Warning: An error occurred while drawing the scene: Unidentified trouble during
rendering] 
[> In defaulterrorcallback (line 12)
In matlab.graphics.internal/mlprintjob/setPaintDisabled
In alternatePrintPath
In alternatePrintPath
In onCleanup/delete (line 25)
In alternatePrintPath
In print (line 90)
In kymograph_central_droplets_domain (line 71)] 
[Warning: An error occurred while drawing the scene: Unidentified trouble during
rendering] 
[> In defaulterrorcallback (line 12)
In matlab.graphics.internal/mlprintjob/setPaintDisabled
In alternatePrintPath
In alternatePrintPath
In onCleanup/delete (line 25)
In alternatePrintPath
In print (line 90)
In kymograph_central_droplets_domain (line 71)] 
[Warning: An error occurred while drawing the scene: Unidentified trouble during
rendering] 
[> In defaulterrorcallback (line 12)
In matlab.graphics.internal/mlprintjob/setPaintDisabled
In alternatePrintPath
In alternatePrintPath
In onCleanup/delete (line 25)
In alternatePrintPath
In print (line 90)
In kymograph_central_droplets_domain (line 71)] 
[Warning: An error occurred while drawing the scene: Unidentified trouble during
rendering] 
[> In defaulterrorcallback (line 12)
In matlab.graphics.internal/mlprintjob/setPaintDisabled
In alternatePrintPath
In alternatePrintPath
In onCleanup/delete (line 25)
In alternatePrintPath
In print (line 90)
In kymograph_central_droplets_domain (line 71)] 
[Warning: An error occurred while drawing the scene: Unidentified trouble during
rendering] 
[> In defaulterrorcallback (line 12)
In matlab.graphics.internal/mlprintjob/setPaintDisabled
In alternatePrintPath
In alternatePrintPath
In onCleanup/delete (line 25)
In alternatePrintPath
In print (line 90)
In kymograph_central_droplets_domain (line 71)] 
[Warning: An error occurred while drawing the scene: Unidentified trouble during
rendering] 
[> In defaulterrorcallback (line 12)
In matlab.graphics.internal/mlprintjob/setPaintDisabled
In alternatePrintPath
In alternatePrintPath
In onCleanup/delete (line 25)
In alternatePrintPath
In print (line 90)
In kymograph_central_droplets_domain (line 71)] 
[Warning: An error occurred while drawing the scene: Unidentified trouble during
rendering] 
[> In defaulterrorcallback (line 12)
In matlab.graphics.internal/mlprintjob/setPaintDisabled
In alternatePrintPath
In alternatePrintPath
In onCleanup/delete (line 25)
In alternatePrintPath
In print (line 90)
In kymograph_central_droplets_domain (line 71)] 
[Warning: An error occurred while drawing the scene: Unidentified trouble during
rendering] 
[> In defaulterrorcallback (line 12)
In matlab.graphics.internal/mlprintjob/setPaintDisabled
In alternatePrintPath
In alternatePrintPath
In onCleanup/delete (line 25)
In alternatePrintPath
In print (line 90)
In kymograph_central_droplets_domain (line 71)] 
[Warning: An error occurred while drawing the scene: Unidentified trouble during
rendering] 
[> In defaulterrorcallback (line 12)
In matlab.graphics.internal/mlprintjob/setPaintDisabled
In alternatePrintPath
In alternatePrintPath
In onCleanup/delete (line 25)
In alternatePrintPath
In print (line 90)
In kymograph_central_droplets_domain (line 71)] 
[Warning: An error occurred while drawing the scene: Unidentified trouble during
rendering] 
[> In defaulterrorcallback (line 12)
In matlab.graphics.internal/mlprintjob/setPaintDisabled
In alternatePrintPath
In alternatePrintPath
In onCleanup/delete (line 25)
In alternatePrintPath
In print (line 90)
In kymograph_central_droplets_domain (line 71)] 
[Warning: An error occurred while drawing the scene: Unidentified trouble during
rendering] 
[> In defaulterrorcallback (line 12)
In matlab.graphics.internal/mlprintjob/setPaintDisabled
In alternatePrintPath
In alternatePrintPath
In onCleanup/delete (line 25)
In alternatePrintPath
In print (line 90)
In kymograph_central_droplets_domain (line 71)] 
[Warning: An error occurred while drawing the scene: Unidentified trouble during
rendering] 
[> In defaulterrorcallback (line 12)
In matlab.graphics.internal/mlprintjob/setPaintDisabled
In alternatePrintPath
In alternatePrintPath
In onCleanup/delete (line 25)
In alternatePrintPath
In print (line 90)
In kymograph_central_droplets_domain (line 71)] 
[Warning: An error occurred while drawing the scene: Unidentified trouble during
rendering] 
[> In defaulterrorcallback (line 12)
In matlab.graphics.internal/mlprintjob/setPaintDisabled
In alternatePrintPath
In alternatePrintPath
In onCleanup/delete (line 25)
In alternatePrintPath
In print (line 90)
In kymograph_central_droplets_domain (line 71)] 
[Warning: An error occurred while drawing the scene: Unidentified trouble during
rendering] 
[> In defaulterrorcallback (line 12)
In matlab.graphics.internal/mlprintjob/setPaintDisabled
In alternatePrintPath
In alternatePrintPath
In onCleanup/delete (line 25)
In alternatePrintPath
In print (line 90)
In kymograph_central_droplets_domain (line 71)] 
[Warning: An error occurred while drawing the scene: Unidentified trouble during
rendering] 
[> In defaulterrorcallback (line 12)
In matlab.graphics.internal/mlprintjob/setPaintDisabled
In alternatePrintPath
In alternatePrintPath
In onCleanup/delete (line 25)
In alternatePrintPath
In print (line 90)
In kymograph_central_droplets_domain (line 71)] 
[Warning: An error occurred while drawing the scene: Unidentified trouble during
rendering] 
[> In defaulterrorcallback (line 12)
In matlab.graphics.internal/mlprintjob/setPaintDisabled
In alternatePrintPath
In alternatePrintPath
In onCleanup/delete (line 25)
In alternatePrintPath
In print (line 90)
In kymograph_central_droplets_domain (line 71)] 
[Warning: An error occurred while drawing the scene: Unidentified trouble during
rendering] 
[> In defaulterrorcallback (line 12)
In matlab.graphics.internal/mlprintjob/setPaintDisabled
In alternatePrintPath
In alternatePrintPath
In onCleanup/delete (line 25)
In alternatePrintPath
In print (line 90)
In kymograph_central_droplets_domain (line 71)] 
[Warning: An error occurred while drawing the scene: Unidentified trouble during
rendering] 
[> In defaulterrorcallback (line 12)
In matlab.graphics.internal/mlprintjob/setPaintDisabled
In alternatePrintPath
In alternatePrintPath
In onCleanup/delete (line 25)
In alternatePrintPath
In print (line 90)
In kymograph_central_droplets_domain (line 71)] 
[Warning: An error occurred while drawing the scene: Unidentified trouble during
rendering] 
[> In defaulterrorcallback (line 12)
In matlab.graphics.internal/mlprintjob/setPaintDisabled
In alternatePrintPath
In alternatePrintPath
In onCleanup/delete (line 25)
In alternatePrintPath
In print (line 90)
In kymograph_central_droplets_domain (line 71)] 
[Warning: An error occurred while drawing the scene: Unidentified trouble during
rendering] 
[> In defaulterrorcallback (line 12)
In matlab.graphics.internal/mlprintjob/setPaintDisabled
In alternatePrintPath
In alternatePrintPath
In onCleanup/delete (line 25)
In alternatePrintPath
In print (line 90)
In kymograph_central_droplets_domain (line 71)] 
[Warning: An error occurred while drawing the scene: Unidentified trouble during
rendering] 
[> In defaulterrorcallback (line 12)
In matlab.graphics.internal/mlprintjob/setPaintDisabled
In alternatePrintPath
In alternatePrintPath
In onCleanup/delete (line 25)
In alternatePrintPath
In print (line 90)
In kymograph_central_droplets_domain (line 71)] 
/project/g_bme-janeslab/SarahG/julia_out/CPC_geometry/CPC_domain_0_2_e_0.0067_t_0.04/phi_512_26214_1.0e-5__CPC_0.15_cohesin_0.09_eps_0.0067_noisy

                            < M A T L A B (R) >
                  Copyright 1984-2024 The MathWorks, Inc.
             R2024b Update 3 (24.2.0.2806996) 64-bit (glnxa64)
                             November 26, 2024

 
To get started, type doc.
For product information, visit www.mathworks.com.
 
[Warning: Directory already exists.] 
[> In kymograph_central_droplets_domain (line 8)] 

CustomXLabels = 

  1x2622 string array

  Columns 1 through 5

    "0"    "1.5259e-05"    "3.0518e-05"    "4.5776e-05"    "6.1035e-05"

  Columns 6 through 9

    "7.6294e-05"    "9.1553e-05"    "0.00010681"    "0.00012207"

  Columns 10 through 13

    "0.00013733"    "0.00015259"    "0.00016785"    "0.00018311"

  Columns 14 through 18

    "0.00019836"    "0.00021362"    "0.00022888"    "0.00024414"    "0.0002594"

  Columns 19 through 22

    "0.00027466"    "0.00028992"    "0.00030518"    "0.00032043"

  Columns 23 through 26

    "0.00033569"    "0.00035095"    "0.00036621"    "0.00038147"

  Columns 27 through 31

    "0.00039673"    "0.00041199"    "0.00042725"    "0.0004425"    "0.00045776"

  Columns 32 through 36

    "0.00047302"    "0.00048828"    "0.00050354"    "0.0005188"    "0.00053406"

  Columns 37 through 40

    "0.00054932"    "0.00056458"    "0.00057983"    "0.00059509"

  Columns 41 through 44

    "0.00061035"    "0.00062561"    "0.00064087"    "0.00065613"

  Columns 45 through 49

    "0.00067139"    "0.00068665"    "0.0007019"    "0.00071716"    "0.00073242"

  Columns 50 through 54

    "0.00074768"    "0.00076294"    "0.0007782"    "0.00079346"    "0.00080872"

  Columns 55 through 58

    "0.00082397"    "0.00083923"    "0.00085449"    "0.00086975"

  Columns 59 through 62

    "0.00088501"    "0.00090027"    "0.00091553"    "0.00093079"

  Columns 63 through 67

    "0.00094604"    "0.0009613"    "0.00097656"    "0.00099182"    "0.0010071"

  Columns 68 through 72

    "0.0010223"    "0.0010376"    "0.0010529"    "0.0010681"    "0.0010834"

  Columns 73 through 77

    "0.0010986"    "0.0011139"    "0.0011292"    "0.0011444"    "0.0011597"

  Columns 78 through 82

    "0.0011749"    "0.0011902"    "0.0012054"    "0.0012207"    "0.001236"

  Columns 83 through 87

    "0.0012512"    "0.0012665"    "0.0012817"    "0.001297"    "0.0013123"

  Columns 88 through 92

    "0.0013275"    "0.0013428"    "0.001358"    "0.0013733"    "0.0013885"

  Columns 93 through 97

    "0.0014038"    "0.0014191"    "0.0014343"    "0.0014496"    "0.0014648"

  Columns 98 through 102

    "0.0014801"    "0.0014954"    "0.0015106"    "0.0015259"    "0.0015411"

  Columns 103 through 107

    "0.0015564"    "0.0015717"    "0.0015869"    "0.0016022"    "0.0016174"

  Columns 108 through 112

    "0.0016327"    "0.0016479"    "0.0016632"    "0.0016785"    "0.0016937"

  Columns 113 through 117

    "0.001709"    "0.0017242"    "0.0017395"    "0.0017548"    "0.00177"

  Columns 118 through 122

    "0.0017853"    "0.0018005"    "0.0018158"    "0.0018311"    "0.0018463"

  Columns 123 through 127

    "0.0018616"    "0.0018768"    "0.0018921"    "0.0019073"    "0.0019226"

  Columns 128 through 132

    "0.0019379"    "0.0019531"    "0.0019684"    "0.0019836"    "0.0019989"

  Columns 133 through 137

    "0.0020142"    "0.0020294"    "0.0020447"    "0.0020599"    "0.0020752"

  Columns 138 through 142

    "0.0020905"    "0.0021057"    "0.002121"    "0.0021362"    "0.0021515"

  Columns 143 through 147

    "0.0021667"    "0.002182"    "0.0021973"    "0.0022125"    "0.0022278"

  Columns 148 through 152

    "0.002243"    "0.0022583"    "0.0022736"    "0.0022888"    "0.0023041"

  Columns 153 through 157

    "0.0023193"    "0.0023346"    "0.0023499"    "0.0023651"    "0.0023804"

  Columns 158 through 162

    "0.0023956"    "0.0024109"    "0.0024261"    "0.0024414"    "0.0024567"

  Columns 163 through 167

    "0.0024719"    "0.0024872"    "0.0025024"    "0.0025177"    "0.002533"

  Columns 168 through 172

    "0.0025482"    "0.0025635"    "0.0025787"    "0.002594"    "0.0026093"

  Columns 173 through 177

    "0.0026245"    "0.0026398"    "0.002655"    "0.0026703"    "0.0026855"

  Columns 178 through 182

    "0.0027008"    "0.0027161"    "0.0027313"    "0.0027466"    "0.0027618"

  Columns 183 through 187

    "0.0027771"    "0.0027924"    "0.0028076"    "0.0028229"    "0.0028381"

  Columns 188 through 192

    "0.0028534"    "0.0028687"    "0.0028839"    "0.0028992"    "0.0029144"

  Columns 193 through 197

    "0.0029297"    "0.0029449"    "0.0029602"    "0.0029755"    "0.0029907"

  Columns 198 through 202

    "0.003006"    "0.0030212"    "0.0030365"    "0.0030518"    "0.003067"

  Columns 203 through 207

    "0.0030823"    "0.0030975"    "0.0031128"    "0.0031281"    "0.0031433"

  Columns 208 through 212

    "0.0031586"    "0.0031738"    "0.0031891"    "0.0032043"    "0.0032196"

  Columns 213 through 217

    "0.0032349"    "0.0032501"    "0.0032654"    "0.0032806"    "0.0032959"

  Columns 218 through 222

    "0.0033112"    "0.0033264"    "0.0033417"    "0.0033569"    "0.0033722"

  Columns 223 through 227

    "0.0033875"    "0.0034027"    "0.003418"    "0.0034332"    "0.0034485"

  Columns 228 through 232

    "0.0034637"    "0.003479"    "0.0034943"    "0.0035095"    "0.0035248"

  Columns 233 through 237

    "0.00354"    "0.0035553"    "0.0035706"    "0.0035858"    "0.0036011"

  Columns 238 through 242

    "0.0036163"    "0.0036316"    "0.0036469"    "0.0036621"    "0.0036774"

  Columns 243 through 247

    "0.0036926"    "0.0037079"    "0.0037231"    "0.0037384"    "0.0037537"

  Columns 248 through 252

    "0.0037689"    "0.0037842"    "0.0037994"    "0.0038147"    "0.00383"

  Columns 253 through 257

    "0.0038452"    "0.0038605"    "0.0038757"    "0.003891"    "0.0039062"

  Columns 258 through 262

    "0.0039215"    "0.0039368"    "0.003952"    "0.0039673"    "0.0039825"

  Columns 263 through 267

    "0.0039978"    "0.0040131"    "0.0040283"    "0.0040436"    "0.0040588"

  Columns 268 through 272

    "0.0040741"    "0.0040894"    "0.0041046"    "0.0041199"    "0.0041351"

  Columns 273 through 277

    "0.0041504"    "0.0041656"    "0.0041809"    "0.0041962"    "0.0042114"

  Columns 278 through 282

    "0.0042267"    "0.0042419"    "0.0042572"    "0.0042725"    "0.0042877"

  Columns 283 through 287

    "0.004303"    "0.0043182"    "0.0043335"    "0.0043488"    "0.004364"

  Columns 288 through 292

    "0.0043793"    "0.0043945"    "0.0044098"    "0.004425"    "0.0044403"

  Columns 293 through 297

    "0.0044556"    "0.0044708"    "0.0044861"    "0.0045013"    "0.0045166"

  Columns 298 through 302

    "0.0045319"    "0.0045471"    "0.0045624"    "0.0045776"    "0.0045929"

  Columns 303 through 307

    "0.0046082"    "0.0046234"    "0.0046387"    "0.0046539"    "0.0046692"

  Columns 308 through 312

    "0.0046844"    "0.0046997"    "0.004715"    "0.0047302"    "0.0047455"

  Columns 313 through 317

    "0.0047607"    "0.004776"    "0.0047913"    "0.0048065"    "0.0048218"

  Columns 318 through 322

    "0.004837"    "0.0048523"    "0.0048676"    "0.0048828"    "0.0048981"

  Columns 323 through 327

    "0.0049133"    "0.0049286"    "0.0049438"    "0.0049591"    "0.0049744"

  Columns 328 through 332

    "0.0049896"    "0.0050049"    "0.0050201"    "0.0050354"    "0.0050507"

  Columns 333 through 337

    "0.0050659"    "0.0050812"    "0.0050964"    "0.0051117"    "0.005127"

  Columns 338 through 342

    "0.0051422"    "0.0051575"    "0.0051727"    "0.005188"    "0.0052032"

  Columns 343 through 347

    "0.0052185"    "0.0052338"    "0.005249"    "0.0052643"    "0.0052795"

  Columns 348 through 352

    "0.0052948"    "0.0053101"    "0.0053253"    "0.0053406"    "0.0053558"

  Columns 353 through 357

    "0.0053711"    "0.0053864"    "0.0054016"    "0.0054169"    "0.0054321"

  Columns 358 through 362

    "0.0054474"    "0.0054626"    "0.0054779"    "0.0054932"    "0.0055084"

  Columns 363 through 367

    "0.0055237"    "0.0055389"    "0.0055542"    "0.0055695"    "0.0055847"

  Columns 368 through 372

    "0.0056"    "0.0056152"    "0.0056305"    "0.0056458"    "0.005661"

  Columns 373 through 377

    "0.0056763"    "0.0056915"    "0.0057068"    "0.005722"    "0.0057373"

  Columns 378 through 382

    "0.0057526"    "0.0057678"    "0.0057831"    "0.0057983"    "0.0058136"

  Columns 383 through 387

    "0.0058289"    "0.0058441"    "0.0058594"    "0.0058746"    "0.0058899"

  Columns 388 through 392

    "0.0059052"    "0.0059204"    "0.0059357"    "0.0059509"    "0.0059662"

  Columns 393 through 397

    "0.0059814"    "0.0059967"    "0.006012"    "0.0060272"    "0.0060425"

  Columns 398 through 402

    "0.0060577"    "0.006073"    "0.0060883"    "0.0061035"    "0.0061188"

  Columns 403 through 407

    "0.006134"    "0.0061493"    "0.0061646"    "0.0061798"    "0.0061951"

  Columns 408 through 412

    "0.0062103"    "0.0062256"    "0.0062408"    "0.0062561"    "0.0062714"

  Columns 413 through 417

    "0.0062866"    "0.0063019"    "0.0063171"    "0.0063324"    "0.0063477"

  Columns 418 through 422

    "0.0063629"    "0.0063782"    "0.0063934"    "0.0064087"    "0.006424"

  Columns 423 through 427

    "0.0064392"    "0.0064545"    "0.0064697"    "0.006485"    "0.0065002"

  Columns 428 through 432

    "0.0065155"    "0.0065308"    "0.006546"    "0.0065613"    "0.0065765"

  Columns 433 through 437

    "0.0065918"    "0.0066071"    "0.0066223"    "0.0066376"    "0.0066528"

  Columns 438 through 442

    "0.0066681"    "0.0066833"    "0.0066986"    "0.0067139"    "0.0067291"

  Columns 443 through 447

    "0.0067444"    "0.0067596"    "0.0067749"    "0.0067902"    "0.0068054"

  Columns 448 through 452

    "0.0068207"    "0.0068359"    "0.0068512"    "0.0068665"    "0.0068817"

  Columns 453 through 457

    "0.006897"    "0.0069122"    "0.0069275"    "0.0069427"    "0.006958"

  Columns 458 through 462

    "0.0069733"    "0.0069885"    "0.0070038"    "0.007019"    "0.0070343"

  Columns 463 through 467

    "0.0070496"    "0.0070648"    "0.0070801"    "0.0070953"    "0.0071106"

  Columns 468 through 472

    "0.0071259"    "0.0071411"    "0.0071564"    "0.0071716"    "0.0071869"

  Columns 473 through 477

    "0.0072021"    "0.0072174"    "0.0072327"    "0.0072479"    "0.0072632"

  Columns 478 through 482

    "0.0072784"    "0.0072937"    "0.007309"    "0.0073242"    "0.0073395"

  Columns 483 through 487

    "0.0073547"    "0.00737"    "0.0073853"    "0.0074005"    "0.0074158"

  Columns 488 through 492

    "0.007431"    "0.0074463"    "0.0074615"    "0.0074768"    "0.0074921"

  Columns 493 through 497

    "0.0075073"    "0.0075226"    "0.0075378"    "0.0075531"    "0.0075684"

  Columns 498 through 502

    "0.0075836"    "0.0075989"    "0.0076141"    "0.0076294"    "0.0076447"

  Columns 503 through 507

    "0.0076599"    "0.0076752"    "0.0076904"    "0.0077057"    "0.0077209"

  Columns 508 through 512

    "0.0077362"    "0.0077515"    "0.0077667"    "0.007782"    "0.0077972"

  Columns 513 through 517

    "0.0078125"    "0.0078278"    "0.007843"    "0.0078583"    "0.0078735"

  Columns 518 through 522

    "0.0078888"    "0.0079041"    "0.0079193"    "0.0079346"    "0.0079498"

  Columns 523 through 527

    "0.0079651"    "0.0079803"    "0.0079956"    "0.0080109"    "0.0080261"

  Columns 528 through 532

    "0.0080414"    "0.0080566"    "0.0080719"    "0.0080872"    "0.0081024"

  Columns 533 through 537

    "0.0081177"    "0.0081329"    "0.0081482"    "0.0081635"    "0.0081787"

  Columns 538 through 542

    "0.008194"    "0.0082092"    "0.0082245"    "0.0082397"    "0.008255"

  Columns 543 through 547

    "0.0082703"    "0.0082855"    "0.0083008"    "0.008316"    "0.0083313"

  Columns 548 through 552

    "0.0083466"    "0.0083618"    "0.0083771"    "0.0083923"    "0.0084076"

  Columns 553 through 557

    "0.0084229"    "0.0084381"    "0.0084534"    "0.0084686"    "0.0084839"

  Columns 558 through 562

    "0.0084991"    "0.0085144"    "0.0085297"    "0.0085449"    "0.0085602"

  Columns 563 through 567

    "0.0085754"    "0.0085907"    "0.008606"    "0.0086212"    "0.0086365"

  Columns 568 through 572

    "0.0086517"    "0.008667"    "0.0086823"    "0.0086975"    "0.0087128"

  Columns 573 through 577

    "0.008728"    "0.0087433"    "0.0087585"    "0.0087738"    "0.0087891"

  Columns 578 through 582

    "0.0088043"    "0.0088196"    "0.0088348"    "0.0088501"    "0.0088654"

  Columns 583 through 587

    "0.0088806"    "0.0088959"    "0.0089111"    "0.0089264"    "0.0089417"

  Columns 588 through 592

    "0.0089569"    "0.0089722"    "0.0089874"    "0.0090027"    "0.0090179"

  Columns 593 through 597

    "0.0090332"    "0.0090485"    "0.0090637"    "0.009079"    "0.0090942"

  Columns 598 through 602

    "0.0091095"    "0.0091248"    "0.00914"    "0.0091553"    "0.0091705"

  Columns 603 through 607

    "0.0091858"    "0.009201"    "0.0092163"    "0.0092316"    "0.0092468"

  Columns 608 through 612

    "0.0092621"    "0.0092773"    "0.0092926"    "0.0093079"    "0.0093231"

  Columns 613 through 617

    "0.0093384"    "0.0093536"    "0.0093689"    "0.0093842"    "0.0093994"

  Columns 618 through 622

    "0.0094147"    "0.0094299"    "0.0094452"    "0.0094604"    "0.0094757"

  Columns 623 through 627

    "0.009491"    "0.0095062"    "0.0095215"    "0.0095367"    "0.009552"

  Columns 628 through 632

    "0.0095673"    "0.0095825"    "0.0095978"    "0.009613"    "0.0096283"

  Columns 633 through 637

    "0.0096436"    "0.0096588"    "0.0096741"    "0.0096893"    "0.0097046"

  Columns 638 through 642

    "0.0097198"    "0.0097351"    "0.0097504"    "0.0097656"    "0.0097809"

  Columns 643 through 647

    "0.0097961"    "0.0098114"    "0.0098267"    "0.0098419"    "0.0098572"

  Columns 648 through 652

    "0.0098724"    "0.0098877"    "0.009903"    "0.0099182"    "0.0099335"

  Columns 653 through 657

    "0.0099487"    "0.009964"    "0.0099792"    "0.0099945"    "0.01001"

  Columns 658 through 662

    "0.010025"    "0.01004"    "0.010056"    "0.010071"    "0.010086"

  Columns 663 through 667

    "0.010101"    "0.010117"    "0.010132"    "0.010147"    "0.010162"

  Columns 668 through 672

    "0.010178"    "0.010193"    "0.010208"    "0.010223"    "0.010239"

  Columns 673 through 677

    "0.010254"    "0.010269"    "0.010284"    "0.0103"    "0.010315"

  Columns 678 through 682

    "0.01033"    "0.010345"    "0.010361"    "0.010376"    "0.010391"

  Columns 683 through 687

    "0.010406"    "0.010422"    "0.010437"    "0.010452"    "0.010468"

  Columns 688 through 692

    "0.010483"    "0.010498"    "0.010513"    "0.010529"    "0.010544"

  Columns 693 through 697

    "0.010559"    "0.010574"    "0.01059"    "0.010605"    "0.01062"

  Columns 698 through 702

    "0.010635"    "0.010651"    "0.010666"    "0.010681"    "0.010696"

  Columns 703 through 707

    "0.010712"    "0.010727"    "0.010742"    "0.010757"    "0.010773"

  Columns 708 through 712

    "0.010788"    "0.010803"    "0.010818"    "0.010834"    "0.010849"

  Columns 713 through 717

    "0.010864"    "0.01088"    "0.010895"    "0.01091"    "0.010925"

  Columns 718 through 722

    "0.010941"    "0.010956"    "0.010971"    "0.010986"    "0.011002"

  Columns 723 through 727

    "0.011017"    "0.011032"    "0.011047"    "0.011063"    "0.011078"

  Columns 728 through 732

    "0.011093"    "0.011108"    "0.011124"    "0.011139"    "0.011154"

  Columns 733 through 737

    "0.011169"    "0.011185"    "0.0112"    "0.011215"    "0.01123"

  Columns 738 through 742

    "0.011246"    "0.011261"    "0.011276"    "0.011292"    "0.011307"

  Columns 743 through 747

    "0.011322"    "0.011337"    "0.011353"    "0.011368"    "0.011383"

  Columns 748 through 752

    "0.011398"    "0.011414"    "0.011429"    "0.011444"    "0.011459"

  Columns 753 through 757

    "0.011475"    "0.01149"    "0.011505"    "0.01152"    "0.011536"

  Columns 758 through 762

    "0.011551"    "0.011566"    "0.011581"    "0.011597"    "0.011612"

  Columns 763 through 767

    "0.011627"    "0.011642"    "0.011658"    "0.011673"    "0.011688"

  Columns 768 through 772

    "0.011703"    "0.011719"    "0.011734"    "0.011749"    "0.011765"

  Columns 773 through 777

    "0.01178"    "0.011795"    "0.01181"    "0.011826"    "0.011841"

  Columns 778 through 782

    "0.011856"    "0.011871"    "0.011887"    "0.011902"    "0.011917"

  Columns 783 through 787

    "0.011932"    "0.011948"    "0.011963"    "0.011978"    "0.011993"

  Columns 788 through 792

    "0.012009"    "0.012024"    "0.012039"    "0.012054"    "0.01207"

  Columns 793 through 797

    "0.012085"    "0.0121"    "0.012115"    "0.012131"    "0.012146"

  Columns 798 through 802

    "0.012161"    "0.012177"    "0.012192"    "0.012207"    "0.012222"

  Columns 803 through 807

    "0.012238"    "0.012253"    "0.012268"    "0.012283"    "0.012299"

  Columns 808 through 812

    "0.012314"    "0.012329"    "0.012344"    "0.01236"    "0.012375"

  Columns 813 through 817

    "0.01239"    "0.012405"    "0.012421"    "0.012436"    "0.012451"

  Columns 818 through 822

    "0.012466"    "0.012482"    "0.012497"    "0.012512"    "0.012527"

  Columns 823 through 827

    "0.012543"    "0.012558"    "0.012573"    "0.012589"    "0.012604"

  Columns 828 through 832

    "0.012619"    "0.012634"    "0.01265"    "0.012665"    "0.01268"

  Columns 833 through 837

    "0.012695"    "0.012711"    "0.012726"    "0.012741"    "0.012756"

  Columns 838 through 842

    "0.012772"    "0.012787"    "0.012802"    "0.012817"    "0.012833"

  Columns 843 through 847

    "0.012848"    "0.012863"    "0.012878"    "0.012894"    "0.012909"

  Columns 848 through 852

    "0.012924"    "0.012939"    "0.012955"    "0.01297"    "0.012985"

  Columns 853 through 857

    "0.013"    "0.013016"    "0.013031"    "0.013046"    "0.013062"

  Columns 858 through 862

    "0.013077"    "0.013092"    "0.013107"    "0.013123"    "0.013138"

  Columns 863 through 867

    "0.013153"    "0.013168"    "0.013184"    "0.013199"    "0.013214"

  Columns 868 through 872

    "0.013229"    "0.013245"    "0.01326"    "0.013275"    "0.01329"

  Columns 873 through 877

    "0.013306"    "0.013321"    "0.013336"    "0.013351"    "0.013367"

  Columns 878 through 882

    "0.013382"    "0.013397"    "0.013412"    "0.013428"    "0.013443"

  Columns 883 through 887

    "0.013458"    "0.013474"    "0.013489"    "0.013504"    "0.013519"

  Columns 888 through 892

    "0.013535"    "0.01355"    "0.013565"    "0.01358"    "0.013596"

  Columns 893 through 897

    "0.013611"    "0.013626"    "0.013641"    "0.013657"    "0.013672"

  Columns 898 through 902

    "0.013687"    "0.013702"    "0.013718"    "0.013733"    "0.013748"

  Columns 903 through 907

    "0.013763"    "0.013779"    "0.013794"    "0.013809"    "0.013824"

  Columns 908 through 912

    "0.01384"    "0.013855"    "0.01387"    "0.013885"    "0.013901"

  Columns 913 through 917

    "0.013916"    "0.013931"    "0.013947"    "0.013962"    "0.013977"

  Columns 918 through 922

    "0.013992"    "0.014008"    "0.014023"    "0.014038"    "0.014053"

  Columns 923 through 927

    "0.014069"    "0.014084"    "0.014099"    "0.014114"    "0.01413"

  Columns 928 through 932

    "0.014145"    "0.01416"    "0.014175"    "0.014191"    "0.014206"

  Columns 933 through 937

    "0.014221"    "0.014236"    "0.014252"    "0.014267"    "0.014282"

  Columns 938 through 942

    "0.014297"    "0.014313"    "0.014328"    "0.014343"    "0.014359"

  Columns 943 through 947

    "0.014374"    "0.014389"    "0.014404"    "0.01442"    "0.014435"

  Columns 948 through 952

    "0.01445"    "0.014465"    "0.014481"    "0.014496"    "0.014511"

  Columns 953 through 957

    "0.014526"    "0.014542"    "0.014557"    "0.014572"    "0.014587"

  Columns 958 through 962

    "0.014603"    "0.014618"    "0.014633"    "0.014648"    "0.014664"

  Columns 963 through 967

    "0.014679"    "0.014694"    "0.014709"    "0.014725"    "0.01474"

  Columns 968 through 972

    "0.014755"    "0.014771"    "0.014786"    "0.014801"    "0.014816"

  Columns 973 through 977

    "0.014832"    "0.014847"    "0.014862"    "0.014877"    "0.014893"

  Columns 978 through 982

    "0.014908"    "0.014923"    "0.014938"    "0.014954"    "0.014969"

  Columns 983 through 987

    "0.014984"    "0.014999"    "0.015015"    "0.01503"    "0.015045"

  Columns 988 through 992

    "0.01506"    "0.015076"    "0.015091"    "0.015106"    "0.015121"

  Columns 993 through 997

    "0.015137"    "0.015152"    "0.015167"    "0.015182"    "0.015198"

  Columns 998 through 1002

    "0.015213"    "0.015228"    "0.015244"    "0.015259"    "0.015274"

  Columns 1003 through 1007

    "0.015289"    "0.015305"    "0.01532"    "0.015335"    "0.01535"

  Columns 1008 through 1012

    "0.015366"    "0.015381"    "0.015396"    "0.015411"    "0.015427"

  Columns 1013 through 1017

    "0.015442"    "0.015457"    "0.015472"    "0.015488"    "0.015503"

  Columns 1018 through 1022

    "0.015518"    "0.015533"    "0.015549"    "0.015564"    "0.015579"

  Columns 1023 through 1027

    "0.015594"    "0.01561"    "0.015625"    "0.01564"    "0.015656"

  Columns 1028 through 1032

    "0.015671"    "0.015686"    "0.015701"    "0.015717"    "0.015732"

  Columns 1033 through 1037

    "0.015747"    "0.015762"    "0.015778"    "0.015793"    "0.015808"

  Columns 1038 through 1042

    "0.015823"    "0.015839"    "0.015854"    "0.015869"    "0.015884"

  Columns 1043 through 1047

    "0.0159"    "0.015915"    "0.01593"    "0.015945"    "0.015961"

  Columns 1048 through 1052

    "0.015976"    "0.015991"    "0.016006"    "0.016022"    "0.016037"

  Columns 1053 through 1057

    "0.016052"    "0.016068"    "0.016083"    "0.016098"    "0.016113"

  Columns 1058 through 1062

    "0.016129"    "0.016144"    "0.016159"    "0.016174"    "0.01619"

  Columns 1063 through 1067

    "0.016205"    "0.01622"    "0.016235"    "0.016251"    "0.016266"

  Columns 1068 through 1072

    "0.016281"    "0.016296"    "0.016312"    "0.016327"    "0.016342"

  Columns 1073 through 1077

    "0.016357"    "0.016373"    "0.016388"    "0.016403"    "0.016418"

  Columns 1078 through 1082

    "0.016434"    "0.016449"    "0.016464"    "0.016479"    "0.016495"

  Columns 1083 through 1087

    "0.01651"    "0.016525"    "0.016541"    "0.016556"    "0.016571"

  Columns 1088 through 1092

    "0.016586"    "0.016602"    "0.016617"    "0.016632"    "0.016647"

  Columns 1093 through 1097

    "0.016663"    "0.016678"    "0.016693"    "0.016708"    "0.016724"

  Columns 1098 through 1102

    "0.016739"    "0.016754"    "0.016769"    "0.016785"    "0.0168"

  Columns 1103 through 1107

    "0.016815"    "0.01683"    "0.016846"    "0.016861"    "0.016876"

  Columns 1108 through 1112

    "0.016891"    "0.016907"    "0.016922"    "0.016937"    "0.016953"

  Columns 1113 through 1117

    "0.016968"    "0.016983"    "0.016998"    "0.017014"    "0.017029"

  Columns 1118 through 1122

    "0.017044"    "0.017059"    "0.017075"    "0.01709"    "0.017105"

  Columns 1123 through 1127

    "0.01712"    "0.017136"    "0.017151"    "0.017166"    "0.017181"

  Columns 1128 through 1132

    "0.017197"    "0.017212"    "0.017227"    "0.017242"    "0.017258"

  Columns 1133 through 1137

    "0.017273"    "0.017288"    "0.017303"    "0.017319"    "0.017334"

  Columns 1138 through 1142

    "0.017349"    "0.017365"    "0.01738"    "0.017395"    "0.01741"

  Columns 1143 through 1147

    "0.017426"    "0.017441"    "0.017456"    "0.017471"    "0.017487"

  Columns 1148 through 1152

    "0.017502"    "0.017517"    "0.017532"    "0.017548"    "0.017563"

  Columns 1153 through 1157

    "0.017578"    "0.017593"    "0.017609"    "0.017624"    "0.017639"

  Columns 1158 through 1162

    "0.017654"    "0.01767"    "0.017685"    "0.0177"    "0.017715"

  Columns 1163 through 1167

    "0.017731"    "0.017746"    "0.017761"    "0.017776"    "0.017792"

  Columns 1168 through 1172

    "0.017807"    "0.017822"    "0.017838"    "0.017853"    "0.017868"

  Columns 1173 through 1177

    "0.017883"    "0.017899"    "0.017914"    "0.017929"    "0.017944"

  Columns 1178 through 1182

    "0.01796"    "0.017975"    "0.01799"    "0.018005"    "0.018021"

  Columns 1183 through 1187

    "0.018036"    "0.018051"    "0.018066"    "0.018082"    "0.018097"

  Columns 1188 through 1192

    "0.018112"    "0.018127"    "0.018143"    "0.018158"    "0.018173"

  Columns 1193 through 1197

    "0.018188"    "0.018204"    "0.018219"    "0.018234"    "0.01825"

  Columns 1198 through 1202

    "0.018265"    "0.01828"    "0.018295"    "0.018311"    "0.018326"

  Columns 1203 through 1207

    "0.018341"    "0.018356"    "0.018372"    "0.018387"    "0.018402"

  Columns 1208 through 1212

    "0.018417"    "0.018433"    "0.018448"    "0.018463"    "0.018478"

  Columns 1213 through 1217

    "0.018494"    "0.018509"    "0.018524"    "0.018539"    "0.018555"

  Columns 1218 through 1222

    "0.01857"    "0.018585"    "0.0186"    "0.018616"    "0.018631"

  Columns 1223 through 1227

    "0.018646"    "0.018661"    "0.018677"    "0.018692"    "0.018707"

  Columns 1228 through 1232

    "0.018723"    "0.018738"    "0.018753"    "0.018768"    "0.018784"

  Columns 1233 through 1237

    "0.018799"    "0.018814"    "0.018829"    "0.018845"    "0.01886"

  Columns 1238 through 1242

    "0.018875"    "0.01889"    "0.018906"    "0.018921"    "0.018936"

  Columns 1243 through 1247

    "0.018951"    "0.018967"    "0.018982"    "0.018997"    "0.019012"

  Columns 1248 through 1252

    "0.019028"    "0.019043"    "0.019058"    "0.019073"    "0.019089"

  Columns 1253 through 1257

    "0.019104"    "0.019119"    "0.019135"    "0.01915"    "0.019165"

  Columns 1258 through 1262

    "0.01918"    "0.019196"    "0.019211"    "0.019226"    "0.019241"

  Columns 1263 through 1267

    "0.019257"    "0.019272"    "0.019287"    "0.019302"    "0.019318"

  Columns 1268 through 1272

    "0.019333"    "0.019348"    "0.019363"    "0.019379"    "0.019394"

  Columns 1273 through 1277

    "0.019409"    "0.019424"    "0.01944"    "0.019455"    "0.01947"

  Columns 1278 through 1282

    "0.019485"    "0.019501"    "0.019516"    "0.019531"    "0.019547"

  Columns 1283 through 1287

    "0.019562"    "0.019577"    "0.019592"    "0.019608"    "0.019623"

  Columns 1288 through 1292

    "0.019638"    "0.019653"    "0.019669"    "0.019684"    "0.019699"

  Columns 1293 through 1297

    "0.019714"    "0.01973"    "0.019745"    "0.01976"    "0.019775"

  Columns 1298 through 1302

    "0.019791"    "0.019806"    "0.019821"    "0.019836"    "0.019852"

  Columns 1303 through 1307

    "0.019867"    "0.019882"    "0.019897"    "0.019913"    "0.019928"

  Columns 1308 through 1312

    "0.019943"    "0.019958"    "0.019974"    "0.019989"    "0.020004"

  Columns 1313 through 1317

    "0.02002"    "0.020035"    "0.02005"    "0.020065"    "0.020081"

  Columns 1318 through 1322

    "0.020096"    "0.020111"    "0.020126"    "0.020142"    "0.020157"

  Columns 1323 through 1327

    "0.020172"    "0.020187"    "0.020203"    "0.020218"    "0.020233"

  Columns 1328 through 1332

    "0.020248"    "0.020264"    "0.020279"    "0.020294"    "0.020309"

  Columns 1333 through 1337

    "0.020325"    "0.02034"    "0.020355"    "0.02037"    "0.020386"

  Columns 1338 through 1342

    "0.020401"    "0.020416"    "0.020432"    "0.020447"    "0.020462"

  Columns 1343 through 1347

    "0.020477"    "0.020493"    "0.020508"    "0.020523"    "0.020538"

  Columns 1348 through 1352

    "0.020554"    "0.020569"    "0.020584"    "0.020599"    "0.020615"

  Columns 1353 through 1357

    "0.02063"    "0.020645"    "0.02066"    "0.020676"    "0.020691"

  Columns 1358 through 1362

    "0.020706"    "0.020721"    "0.020737"    "0.020752"    "0.020767"

  Columns 1363 through 1367

    "0.020782"    "0.020798"    "0.020813"    "0.020828"    "0.020844"

  Columns 1368 through 1372

    "0.020859"    "0.020874"    "0.020889"    "0.020905"    "0.02092"

  Columns 1373 through 1377

    "0.020935"    "0.02095"    "0.020966"    "0.020981"    "0.020996"

  Columns 1378 through 1382

    "0.021011"    "0.021027"    "0.021042"    "0.021057"    "0.021072"

  Columns 1383 through 1387

    "0.021088"    "0.021103"    "0.021118"    "0.021133"    "0.021149"

  Columns 1388 through 1392

    "0.021164"    "0.021179"    "0.021194"    "0.02121"    "0.021225"

  Columns 1393 through 1397

    "0.02124"    "0.021255"    "0.021271"    "0.021286"    "0.021301"

  Columns 1398 through 1402

    "0.021317"    "0.021332"    "0.021347"    "0.021362"    "0.021378"

  Columns 1403 through 1407

    "0.021393"    "0.021408"    "0.021423"    "0.021439"    "0.021454"

  Columns 1408 through 1412

    "0.021469"    "0.021484"    "0.0215"    "0.021515"    "0.02153"

  Columns 1413 through 1417

    "0.021545"    "0.021561"    "0.021576"    "0.021591"    "0.021606"

  Columns 1418 through 1422

    "0.021622"    "0.021637"    "0.021652"    "0.021667"    "0.021683"

  Columns 1423 through 1427

    "0.021698"    "0.021713"    "0.021729"    "0.021744"    "0.021759"

  Columns 1428 through 1432

    "0.021774"    "0.02179"    "0.021805"    "0.02182"    "0.021835"

  Columns 1433 through 1437

    "0.021851"    "0.021866"    "0.021881"    "0.021896"    "0.021912"

  Columns 1438 through 1442

    "0.021927"    "0.021942"    "0.021957"    "0.021973"    "0.021988"

  Columns 1443 through 1447

    "0.022003"    "0.022018"    "0.022034"    "0.022049"    "0.022064"

  Columns 1448 through 1452

    "0.022079"    "0.022095"    "0.02211"    "0.022125"    "0.022141"

  Columns 1453 through 1457

    "0.022156"    "0.022171"    "0.022186"    "0.022202"    "0.022217"

  Columns 1458 through 1462

    "0.022232"    "0.022247"    "0.022263"    "0.022278"    "0.022293"

  Columns 1463 through 1467

    "0.022308"    "0.022324"    "0.022339"    "0.022354"    "0.022369"

  Columns 1468 through 1472

    "0.022385"    "0.0224"    "0.022415"    "0.02243"    "0.022446"

  Columns 1473 through 1477

    "0.022461"    "0.022476"    "0.022491"    "0.022507"    "0.022522"

  Columns 1478 through 1482

    "0.022537"    "0.022552"    "0.022568"    "0.022583"    "0.022598"

  Columns 1483 through 1487

    "0.022614"    "0.022629"    "0.022644"    "0.022659"    "0.022675"

  Columns 1488 through 1492

    "0.02269"    "0.022705"    "0.02272"    "0.022736"    "0.022751"

  Columns 1493 through 1497

    "0.022766"    "0.022781"    "0.022797"    "0.022812"    "0.022827"

  Columns 1498 through 1502

    "0.022842"    "0.022858"    "0.022873"    "0.022888"    "0.022903"

  Columns 1503 through 1507

    "0.022919"    "0.022934"    "0.022949"    "0.022964"    "0.02298"

  Columns 1508 through 1512

    "0.022995"    "0.02301"    "0.023026"    "0.023041"    "0.023056"

  Columns 1513 through 1517

    "0.023071"    "0.023087"    "0.023102"    "0.023117"    "0.023132"

  Columns 1518 through 1522

    "0.023148"    "0.023163"    "0.023178"    "0.023193"    "0.023209"

  Columns 1523 through 1527

    "0.023224"    "0.023239"    "0.023254"    "0.02327"    "0.023285"

  Columns 1528 through 1532

    "0.0233"    "0.023315"    "0.023331"    "0.023346"    "0.023361"

  Columns 1533 through 1537

    "0.023376"    "0.023392"    "0.023407"    "0.023422"    "0.023437"

  Columns 1538 through 1542

    "0.023453"    "0.023468"    "0.023483"    "0.023499"    "0.023514"

  Columns 1543 through 1547

    "0.023529"    "0.023544"    "0.02356"    "0.023575"    "0.02359"

  Columns 1548 through 1552

    "0.023605"    "0.023621"    "0.023636"    "0.023651"    "0.023666"

  Columns 1553 through 1557

    "0.023682"    "0.023697"    "0.023712"    "0.023727"    "0.023743"

  Columns 1558 through 1562

    "0.023758"    "0.023773"    "0.023788"    "0.023804"    "0.023819"

  Columns 1563 through 1567

    "0.023834"    "0.023849"    "0.023865"    "0.02388"    "0.023895"

  Columns 1568 through 1572

    "0.023911"    "0.023926"    "0.023941"    "0.023956"    "0.023972"

  Columns 1573 through 1577

    "0.023987"    "0.024002"    "0.024017"    "0.024033"    "0.024048"

  Columns 1578 through 1582

    "0.024063"    "0.024078"    "0.024094"    "0.024109"    "0.024124"

  Columns 1583 through 1587

    "0.024139"    "0.024155"    "0.02417"    "0.024185"    "0.0242"

  Columns 1588 through 1592

    "0.024216"    "0.024231"    "0.024246"    "0.024261"    "0.024277"

  Columns 1593 through 1597

    "0.024292"    "0.024307"    "0.024323"    "0.024338"    "0.024353"

  Columns 1598 through 1602

    "0.024368"    "0.024384"    "0.024399"    "0.024414"    "0.024429"

  Columns 1603 through 1607

    "0.024445"    "0.02446"    "0.024475"    "0.02449"    "0.024506"

  Columns 1608 through 1612

    "0.024521"    "0.024536"    "0.024551"    "0.024567"    "0.024582"

  Columns 1613 through 1617

    "0.024597"    "0.024612"    "0.024628"    "0.024643"    "0.024658"

  Columns 1618 through 1622

    "0.024673"    "0.024689"    "0.024704"    "0.024719"    "0.024734"

  Columns 1623 through 1627

    "0.02475"    "0.024765"    "0.02478"    "0.024796"    "0.024811"

  Columns 1628 through 1632

    "0.024826"    "0.024841"    "0.024857"    "0.024872"    "0.024887"

  Columns 1633 through 1637

    "0.024902"    "0.024918"    "0.024933"    "0.024948"    "0.024963"

  Columns 1638 through 1642

    "0.024979"    "0.024994"    "0.025009"    "0.025024"    "0.02504"

  Columns 1643 through 1647

    "0.025055"    "0.02507"    "0.025085"    "0.025101"    "0.025116"

  Columns 1648 through 1652

    "0.025131"    "0.025146"    "0.025162"    "0.025177"    "0.025192"

  Columns 1653 through 1657

    "0.025208"    "0.025223"    "0.025238"    "0.025253"    "0.025269"

  Columns 1658 through 1662

    "0.025284"    "0.025299"    "0.025314"    "0.02533"    "0.025345"

  Columns 1663 through 1667

    "0.02536"    "0.025375"    "0.025391"    "0.025406"    "0.025421"

  Columns 1668 through 1672

    "0.025436"    "0.025452"    "0.025467"    "0.025482"    "0.025497"

  Columns 1673 through 1677

    "0.025513"    "0.025528"    "0.025543"    "0.025558"    "0.025574"

  Columns 1678 through 1682

    "0.025589"    "0.025604"    "0.02562"    "0.025635"    "0.02565"

  Columns 1683 through 1687

    "0.025665"    "0.025681"    "0.025696"    "0.025711"    "0.025726"

  Columns 1688 through 1692

    "0.025742"    "0.025757"    "0.025772"    "0.025787"    "0.025803"

  Columns 1693 through 1697

    "0.025818"    "0.025833"    "0.025848"    "0.025864"    "0.025879"

  Columns 1698 through 1702

    "0.025894"    "0.025909"    "0.025925"    "0.02594"    "0.025955"

  Columns 1703 through 1707

    "0.02597"    "0.025986"    "0.026001"    "0.026016"    "0.026031"

  Columns 1708 through 1712

    "0.026047"    "0.026062"    "0.026077"    "0.026093"    "0.026108"

  Columns 1713 through 1717

    "0.026123"    "0.026138"    "0.026154"    "0.026169"    "0.026184"

  Columns 1718 through 1722

    "0.026199"    "0.026215"    "0.02623"    "0.026245"    "0.02626"

  Columns 1723 through 1727

    "0.026276"    "0.026291"    "0.026306"    "0.026321"    "0.026337"

  Columns 1728 through 1732

    "0.026352"    "0.026367"    "0.026382"    "0.026398"    "0.026413"

  Columns 1733 through 1737

    "0.026428"    "0.026443"    "0.026459"    "0.026474"    "0.026489"

  Columns 1738 through 1742

    "0.026505"    "0.02652"    "0.026535"    "0.02655"    "0.026566"

  Columns 1743 through 1747

    "0.026581"    "0.026596"    "0.026611"    "0.026627"    "0.026642"

  Columns 1748 through 1752

    "0.026657"    "0.026672"    "0.026688"    "0.026703"    "0.026718"

  Columns 1753 through 1757

    "0.026733"    "0.026749"    "0.026764"    "0.026779"    "0.026794"

  Columns 1758 through 1762

    "0.02681"    "0.026825"    "0.02684"    "0.026855"    "0.026871"

  Columns 1763 through 1767

    "0.026886"    "0.026901"    "0.026917"    "0.026932"    "0.026947"

  Columns 1768 through 1772

    "0.026962"    "0.026978"    "0.026993"    "0.027008"    "0.027023"

  Columns 1773 through 1777

    "0.027039"    "0.027054"    "0.027069"    "0.027084"    "0.0271"

  Columns 1778 through 1782

    "0.027115"    "0.02713"    "0.027145"    "0.027161"    "0.027176"

  Columns 1783 through 1787

    "0.027191"    "0.027206"    "0.027222"    "0.027237"    "0.027252"

  Columns 1788 through 1792

    "0.027267"    "0.027283"    "0.027298"    "0.027313"    "0.027328"

  Columns 1793 through 1797

    "0.027344"    "0.027359"    "0.027374"    "0.02739"    "0.027405"

  Columns 1798 through 1802

    "0.02742"    "0.027435"    "0.027451"    "0.027466"    "0.027481"

  Columns 1803 through 1807

    "0.027496"    "0.027512"    "0.027527"    "0.027542"    "0.027557"

  Columns 1808 through 1812

    "0.027573"    "0.027588"    "0.027603"    "0.027618"    "0.027634"

  Columns 1813 through 1817

    "0.027649"    "0.027664"    "0.027679"    "0.027695"    "0.02771"

  Columns 1818 through 1822

    "0.027725"    "0.02774"    "0.027756"    "0.027771"    "0.027786"

  Columns 1823 through 1827

    "0.027802"    "0.027817"    "0.027832"    "0.027847"    "0.027863"

  Columns 1828 through 1832

    "0.027878"    "0.027893"    "0.027908"    "0.027924"    "0.027939"

  Columns 1833 through 1837

    "0.027954"    "0.027969"    "0.027985"    "0.028"    "0.028015"

  Columns 1838 through 1842

    "0.02803"    "0.028046"    "0.028061"    "0.028076"    "0.028091"

  Columns 1843 through 1847

    "0.028107"    "0.028122"    "0.028137"    "0.028152"    "0.028168"

  Columns 1848 through 1852

    "0.028183"    "0.028198"    "0.028214"    "0.028229"    "0.028244"

  Columns 1853 through 1857

    "0.028259"    "0.028275"    "0.02829"    "0.028305"    "0.02832"

  Columns 1858 through 1862

    "0.028336"    "0.028351"    "0.028366"    "0.028381"    "0.028397"

  Columns 1863 through 1867

    "0.028412"    "0.028427"    "0.028442"    "0.028458"    "0.028473"

  Columns 1868 through 1872

    "0.028488"    "0.028503"    "0.028519"    "0.028534"    "0.028549"

  Columns 1873 through 1877

    "0.028564"    "0.02858"    "0.028595"    "0.02861"    "0.028625"

  Columns 1878 through 1882

    "0.028641"    "0.028656"    "0.028671"    "0.028687"    "0.028702"

  Columns 1883 through 1887

    "0.028717"    "0.028732"    "0.028748"    "0.028763"    "0.028778"

  Columns 1888 through 1892

    "0.028793"    "0.028809"    "0.028824"    "0.028839"    "0.028854"

  Columns 1893 through 1897

    "0.02887"    "0.028885"    "0.0289"    "0.028915"    "0.028931"

  Columns 1898 through 1902

    "0.028946"    "0.028961"    "0.028976"    "0.028992"    "0.029007"

  Columns 1903 through 1907

    "0.029022"    "0.029037"    "0.029053"    "0.029068"    "0.029083"

  Columns 1908 through 1912

    "0.029099"    "0.029114"    "0.029129"    "0.029144"    "0.02916"

  Columns 1913 through 1917

    "0.029175"    "0.02919"    "0.029205"    "0.029221"    "0.029236"

  Columns 1918 through 1922

    "0.029251"    "0.029266"    "0.029282"    "0.029297"    "0.029312"

  Columns 1923 through 1927

    "0.029327"    "0.029343"    "0.029358"    "0.029373"    "0.029388"

  Columns 1928 through 1932

    "0.029404"    "0.029419"    "0.029434"    "0.029449"    "0.029465"

  Columns 1933 through 1937

    "0.02948"    "0.029495"    "0.02951"    "0.029526"    "0.029541"

  Columns 1938 through 1942

    "0.029556"    "0.029572"    "0.029587"    "0.029602"    "0.029617"

  Columns 1943 through 1947

    "0.029633"    "0.029648"    "0.029663"    "0.029678"    "0.029694"

  Columns 1948 through 1952

    "0.029709"    "0.029724"    "0.029739"    "0.029755"    "0.02977"

  Columns 1953 through 1957

    "0.029785"    "0.0298"    "0.029816"    "0.029831"    "0.029846"

  Columns 1958 through 1962

    "0.029861"    "0.029877"    "0.029892"    "0.029907"    "0.029922"

  Columns 1963 through 1967

    "0.029938"    "0.029953"    "0.029968"    "0.029984"    "0.029999"

  Columns 1968 through 1972

    "0.030014"    "0.030029"    "0.030045"    "0.03006"    "0.030075"

  Columns 1973 through 1977

    "0.03009"    "0.030106"    "0.030121"    "0.030136"    "0.030151"

  Columns 1978 through 1982

    "0.030167"    "0.030182"    "0.030197"    "0.030212"    "0.030228"

  Columns 1983 through 1987

    "0.030243"    "0.030258"    "0.030273"    "0.030289"    "0.030304"

  Columns 1988 through 1992

    "0.030319"    "0.030334"    "0.03035"    "0.030365"    "0.03038"

  Columns 1993 through 1997

    "0.030396"    "0.030411"    "0.030426"    "0.030441"    "0.030457"

  Columns 1998 through 2002

    "0.030472"    "0.030487"    "0.030502"    "0.030518"    "0.030533"

  Columns 2003 through 2007

    "0.030548"    "0.030563"    "0.030579"    "0.030594"    "0.030609"

  Columns 2008 through 2012

    "0.030624"    "0.03064"    "0.030655"    "0.03067"    "0.030685"

  Columns 2013 through 2017

    "0.030701"    "0.030716"    "0.030731"    "0.030746"    "0.030762"

  Columns 2018 through 2022

    "0.030777"    "0.030792"    "0.030807"    "0.030823"    "0.030838"

  Columns 2023 through 2027

    "0.030853"    "0.030869"    "0.030884"    "0.030899"    "0.030914"

  Columns 2028 through 2032

    "0.03093"    "0.030945"    "0.03096"    "0.030975"    "0.030991"

  Columns 2033 through 2037

    "0.031006"    "0.031021"    "0.031036"    "0.031052"    "0.031067"

  Columns 2038 through 2042

    "0.031082"    "0.031097"    "0.031113"    "0.031128"    "0.031143"

  Columns 2043 through 2047

    "0.031158"    "0.031174"    "0.031189"    "0.031204"    "0.031219"

  Columns 2048 through 2052

    "0.031235"    "0.03125"    "0.031265"    "0.031281"    "0.031296"

  Columns 2053 through 2057

    "0.031311"    "0.031326"    "0.031342"    "0.031357"    "0.031372"

  Columns 2058 through 2062

    "0.031387"    "0.031403"    "0.031418"    "0.031433"    "0.031448"

  Columns 2063 through 2067

    "0.031464"    "0.031479"    "0.031494"    "0.031509"    "0.031525"

  Columns 2068 through 2072

    "0.03154"    "0.031555"    "0.03157"    "0.031586"    "0.031601"

  Columns 2073 through 2077

    "0.031616"    "0.031631"    "0.031647"    "0.031662"    "0.031677"

  Columns 2078 through 2082

    "0.031693"    "0.031708"    "0.031723"    "0.031738"    "0.031754"

  Columns 2083 through 2087

    "0.031769"    "0.031784"    "0.031799"    "0.031815"    "0.03183"

  Columns 2088 through 2092

    "0.031845"    "0.03186"    "0.031876"    "0.031891"    "0.031906"

  Columns 2093 through 2097

    "0.031921"    "0.031937"    "0.031952"    "0.031967"    "0.031982"

  Columns 2098 through 2102

    "0.031998"    "0.032013"    "0.032028"    "0.032043"    "0.032059"

  Columns 2103 through 2107

    "0.032074"    "0.032089"    "0.032104"    "0.03212"    "0.032135"

  Columns 2108 through 2112

    "0.03215"    "0.032166"    "0.032181"    "0.032196"    "0.032211"

  Columns 2113 through 2117

    "0.032227"    "0.032242"    "0.032257"    "0.032272"    "0.032288"

  Columns 2118 through 2122

    "0.032303"    "0.032318"    "0.032333"    "0.032349"    "0.032364"

  Columns 2123 through 2127

    "0.032379"    "0.032394"    "0.03241"    "0.032425"    "0.03244"

  Columns 2128 through 2132

    "0.032455"    "0.032471"    "0.032486"    "0.032501"    "0.032516"

  Columns 2133 through 2137

    "0.032532"    "0.032547"    "0.032562"    "0.032578"    "0.032593"

  Columns 2138 through 2142

    "0.032608"    "0.032623"    "0.032639"    "0.032654"    "0.032669"

  Columns 2143 through 2147

    "0.032684"    "0.0327"    "0.032715"    "0.03273"    "0.032745"

  Columns 2148 through 2152

    "0.032761"    "0.032776"    "0.032791"    "0.032806"    "0.032822"

  Columns 2153 through 2157

    "0.032837"    "0.032852"    "0.032867"    "0.032883"    "0.032898"

  Columns 2158 through 2162

    "0.032913"    "0.032928"    "0.032944"    "0.032959"    "0.032974"

  Columns 2163 through 2167

    "0.03299"    "0.033005"    "0.03302"    "0.033035"    "0.033051"

  Columns 2168 through 2172

    "0.033066"    "0.033081"    "0.033096"    "0.033112"    "0.033127"

  Columns 2173 through 2177

    "0.033142"    "0.033157"    "0.033173"    "0.033188"    "0.033203"

  Columns 2178 through 2182

    "0.033218"    "0.033234"    "0.033249"    "0.033264"    "0.033279"

  Columns 2183 through 2187

    "0.033295"    "0.03331"    "0.033325"    "0.03334"    "0.033356"

  Columns 2188 through 2192

    "0.033371"    "0.033386"    "0.033401"    "0.033417"    "0.033432"

  Columns 2193 through 2197

    "0.033447"    "0.033463"    "0.033478"    "0.033493"    "0.033508"

  Columns 2198 through 2202

    "0.033524"    "0.033539"    "0.033554"    "0.033569"    "0.033585"

  Columns 2203 through 2207

    "0.0336"    "0.033615"    "0.03363"    "0.033646"    "0.033661"

  Columns 2208 through 2212

    "0.033676"    "0.033691"    "0.033707"    "0.033722"    "0.033737"

  Columns 2213 through 2217

    "0.033752"    "0.033768"    "0.033783"    "0.033798"    "0.033813"

  Columns 2218 through 2222

    "0.033829"    "0.033844"    "0.033859"    "0.033875"    "0.03389"

  Columns 2223 through 2227

    "0.033905"    "0.03392"    "0.033936"    "0.033951"    "0.033966"

  Columns 2228 through 2232

    "0.033981"    "0.033997"    "0.034012"    "0.034027"    "0.034042"

  Columns 2233 through 2237

    "0.034058"    "0.034073"    "0.034088"    "0.034103"    "0.034119"

  Columns 2238 through 2242

    "0.034134"    "0.034149"    "0.034164"    "0.03418"    "0.034195"

  Columns 2243 through 2247

    "0.03421"    "0.034225"    "0.034241"    "0.034256"    "0.034271"

  Columns 2248 through 2252

    "0.034286"    "0.034302"    "0.034317"    "0.034332"    "0.034348"

  Columns 2253 through 2257

    "0.034363"    "0.034378"    "0.034393"    "0.034409"    "0.034424"

  Columns 2258 through 2262

    "0.034439"    "0.034454"    "0.03447"    "0.034485"    "0.0345"

  Columns 2263 through 2267

    "0.034515"    "0.034531"    "0.034546"    "0.034561"    "0.034576"

  Columns 2268 through 2272

    "0.034592"    "0.034607"    "0.034622"    "0.034637"    "0.034653"

  Columns 2273 through 2277

    "0.034668"    "0.034683"    "0.034698"    "0.034714"    "0.034729"

  Columns 2278 through 2282

    "0.034744"    "0.03476"    "0.034775"    "0.03479"    "0.034805"

  Columns 2283 through 2287

    "0.034821"    "0.034836"    "0.034851"    "0.034866"    "0.034882"

  Columns 2288 through 2292

    "0.034897"    "0.034912"    "0.034927"    "0.034943"    "0.034958"

  Columns 2293 through 2297

    "0.034973"    "0.034988"    "0.035004"    "0.035019"    "0.035034"

  Columns 2298 through 2302

    "0.035049"    "0.035065"    "0.03508"    "0.035095"    "0.03511"

  Columns 2303 through 2307

    "0.035126"    "0.035141"    "0.035156"    "0.035172"    "0.035187"

  Columns 2308 through 2312

    "0.035202"    "0.035217"    "0.035233"    "0.035248"    "0.035263"

  Columns 2313 through 2317

    "0.035278"    "0.035294"    "0.035309"    "0.035324"    "0.035339"

  Columns 2318 through 2322

    "0.035355"    "0.03537"    "0.035385"    "0.0354"    "0.035416"

  Columns 2323 through 2327

    "0.035431"    "0.035446"    "0.035461"    "0.035477"    "0.035492"

  Columns 2328 through 2332

    "0.035507"    "0.035522"    "0.035538"    "0.035553"    "0.035568"

  Columns 2333 through 2337

    "0.035583"    "0.035599"    "0.035614"    "0.035629"    "0.035645"

  Columns 2338 through 2342

    "0.03566"    "0.035675"    "0.03569"    "0.035706"    "0.035721"

  Columns 2343 through 2347

    "0.035736"    "0.035751"    "0.035767"    "0.035782"    "0.035797"

  Columns 2348 through 2352

    "0.035812"    "0.035828"    "0.035843"    "0.035858"    "0.035873"

  Columns 2353 through 2357

    "0.035889"    "0.035904"    "0.035919"    "0.035934"    "0.03595"

  Columns 2358 through 2362

    "0.035965"    "0.03598"    "0.035995"    "0.036011"    "0.036026"

  Columns 2363 through 2367

    "0.036041"    "0.036057"    "0.036072"    "0.036087"    "0.036102"

  Columns 2368 through 2372

    "0.036118"    "0.036133"    "0.036148"    "0.036163"    "0.036179"

  Columns 2373 through 2377

    "0.036194"    "0.036209"    "0.036224"    "0.03624"    "0.036255"

  Columns 2378 through 2382

    "0.03627"    "0.036285"    "0.036301"    "0.036316"    "0.036331"

  Columns 2383 through 2387

    "0.036346"    "0.036362"    "0.036377"    "0.036392"    "0.036407"

  Columns 2388 through 2392

    "0.036423"    "0.036438"    "0.036453"    "0.036469"    "0.036484"

  Columns 2393 through 2397

    "0.036499"    "0.036514"    "0.03653"    "0.036545"    "0.03656"

  Columns 2398 through 2402

    "0.036575"    "0.036591"    "0.036606"    "0.036621"    "0.036636"

  Columns 2403 through 2407

    "0.036652"    "0.036667"    "0.036682"    "0.036697"    "0.036713"

  Columns 2408 through 2412

    "0.036728"    "0.036743"    "0.036758"    "0.036774"    "0.036789"

  Columns 2413 through 2417

    "0.036804"    "0.036819"    "0.036835"    "0.03685"    "0.036865"

  Columns 2418 through 2422

    "0.03688"    "0.036896"    "0.036911"    "0.036926"    "0.036942"

  Columns 2423 through 2427

    "0.036957"    "0.036972"    "0.036987"    "0.037003"    "0.037018"

  Columns 2428 through 2432

    "0.037033"    "0.037048"    "0.037064"    "0.037079"    "0.037094"

  Columns 2433 through 2437

    "0.037109"    "0.037125"    "0.03714"    "0.037155"    "0.03717"

  Columns 2438 through 2442

    "0.037186"    "0.037201"    "0.037216"    "0.037231"    "0.037247"

  Columns 2443 through 2447

    "0.037262"    "0.037277"    "0.037292"    "0.037308"    "0.037323"

  Columns 2448 through 2452

    "0.037338"    "0.037354"    "0.037369"    "0.037384"    "0.037399"

  Columns 2453 through 2457

    "0.037415"    "0.03743"    "0.037445"    "0.03746"    "0.037476"

  Columns 2458 through 2462

    "0.037491"    "0.037506"    "0.037521"    "0.037537"    "0.037552"

  Columns 2463 through 2467

    "0.037567"    "0.037582"    "0.037598"    "0.037613"    "0.037628"

  Columns 2468 through 2472

    "0.037643"    "0.037659"    "0.037674"    "0.037689"    "0.037704"

  Columns 2473 through 2477

    "0.03772"    "0.037735"    "0.03775"    "0.037766"    "0.037781"

  Columns 2478 through 2482

    "0.037796"    "0.037811"    "0.037827"    "0.037842"    "0.037857"

  Columns 2483 through 2487

    "0.037872"    "0.037888"    "0.037903"    "0.037918"    "0.037933"

  Columns 2488 through 2492

    "0.037949"    "0.037964"    "0.037979"    "0.037994"    "0.03801"

  Columns 2493 through 2497

    "0.038025"    "0.03804"    "0.038055"    "0.038071"    "0.038086"

  Columns 2498 through 2502

    "0.038101"    "0.038116"    "0.038132"    "0.038147"    "0.038162"

  Columns 2503 through 2507

    "0.038177"    "0.038193"    "0.038208"    "0.038223"    "0.038239"

  Columns 2508 through 2512

    "0.038254"    "0.038269"    "0.038284"    "0.0383"    "0.038315"

  Columns 2513 through 2517

    "0.03833"    "0.038345"    "0.038361"    "0.038376"    "0.038391"

  Columns 2518 through 2522

    "0.038406"    "0.038422"    "0.038437"    "0.038452"    "0.038467"

  Columns 2523 through 2527

    "0.038483"    "0.038498"    "0.038513"    "0.038528"    "0.038544"

  Columns 2528 through 2532

    "0.038559"    "0.038574"    "0.038589"    "0.038605"    "0.03862"

  Columns 2533 through 2537

    "0.038635"    "0.038651"    "0.038666"    "0.038681"    "0.038696"

  Columns 2538 through 2542

    "0.038712"    "0.038727"    "0.038742"    "0.038757"    "0.038773"

  Columns 2543 through 2547

    "0.038788"    "0.038803"    "0.038818"    "0.038834"    "0.038849"

  Columns 2548 through 2552

    "0.038864"    "0.038879"    "0.038895"    "0.03891"    "0.038925"

  Columns 2553 through 2557

    "0.03894"    "0.038956"    "0.038971"    "0.038986"    "0.039001"

  Columns 2558 through 2562

    "0.039017"    "0.039032"    "0.039047"    "0.039062"    "0.039078"

  Columns 2563 through 2567

    "0.039093"    "0.039108"    "0.039124"    "0.039139"    "0.039154"

  Columns 2568 through 2572

    "0.039169"    "0.039185"    "0.0392"    "0.039215"    "0.03923"

  Columns 2573 through 2577

    "0.039246"    "0.039261"    "0.039276"    "0.039291"    "0.039307"

  Columns 2578 through 2582

    "0.039322"    "0.039337"    "0.039352"    "0.039368"    "0.039383"

  Columns 2583 through 2587

    "0.039398"    "0.039413"    "0.039429"    "0.039444"    "0.039459"

  Columns 2588 through 2592

    "0.039474"    "0.03949"    "0.039505"    "0.03952"    "0.039536"

  Columns 2593 through 2597

    "0.039551"    "0.039566"    "0.039581"    "0.039597"    "0.039612"

  Columns 2598 through 2602

    "0.039627"    "0.039642"    "0.039658"    "0.039673"    "0.039688"

  Columns 2603 through 2607

    "0.039703"    "0.039719"    "0.039734"    "0.039749"    "0.039764"

  Columns 2608 through 2612

    "0.03978"    "0.039795"    "0.03981"    "0.039825"    "0.039841"

  Columns 2613 through 2617

    "0.039856"    "0.039871"    "0.039886"    "0.039902"    "0.039917"

  Columns 2618 through 2622

    "0.039932"    "0.039948"    "0.039963"    "0.039978"    "0.039993"

[Warning: Error in state of SceneNode.
String scalar or character vector must have valid interpreter syntax:
phi_512_26214_1.0e-5__CPC_0.15_cohesin_0.09_eps_0.0067_noisy
] 
[> In defaulterrorcallback (line 12)
In print (line 36)
In kymograph_central_droplets_domain (line 71)] 
Opening log file:  /home/xpz5km/java.log.10475
[Warning: An error occurred while drawing the scene: Unidentified trouble during
rendering] 
[> In defaulterrorcallback (line 12)
In matlab.graphics.internal/mlprintjob/setPaintDisabled
In alternatePrintPath
In alternatePrintPath
In onCleanup/delete (line 25)
In alternatePrintPath
In print (line 90)
In kymograph_central_droplets_domain (line 71)] 
[Warning: An error occurred while drawing the scene: Unidentified trouble during
rendering] 
[> In defaulterrorcallback (line 12)
In matlab.graphics.internal/mlprintjob/setPaintDisabled
In alternatePrintPath
In alternatePrintPath
In onCleanup/delete (line 25)
In alternatePrintPath
In print (line 90)
In kymograph_central_droplets_domain (line 71)] 
[Warning: An error occurred while drawing the scene: Unidentified trouble during
rendering] 
[> In defaulterrorcallback (line 12)
In matlab.graphics.internal/mlprintjob/setPaintDisabled
In alternatePrintPath
In alternatePrintPath
In onCleanup/delete (line 25)
In alternatePrintPath
In print (line 90)
In kymograph_central_droplets_domain (line 71)] 
[Warning: An error occurred while drawing the scene: Unidentified trouble during
rendering] 
[> In defaulterrorcallback (line 12)
In matlab.graphics.internal/mlprintjob/setPaintDisabled
In alternatePrintPath
In alternatePrintPath
In onCleanup/delete (line 25)
In alternatePrintPath
In print (line 90)
In kymograph_central_droplets_domain (line 71)] 
[Warning: An error occurred while drawing the scene: Unidentified trouble during
rendering] 
[> In defaulterrorcallback (line 12)
In matlab.graphics.internal/mlprintjob/setPaintDisabled
In alternatePrintPath
In alternatePrintPath
In onCleanup/delete (line 25)
In alternatePrintPath
In print (line 90)
In kymograph_central_droplets_domain (line 71)] 
[Warning: An error occurred while drawing the scene: Unidentified trouble during
rendering] 
[> In defaulterrorcallback (line 12)
In matlab.graphics.internal/mlprintjob/setPaintDisabled
In alternatePrintPath
In alternatePrintPath
In onCleanup/delete (line 25)
In alternatePrintPath
In print (line 90)
In kymograph_central_droplets_domain (line 71)] 
[Warning: An error occurred while drawing the scene: Unidentified trouble during
rendering] 
[> In defaulterrorcallback (line 12)
In matlab.graphics.internal/mlprintjob/setPaintDisabled
In alternatePrintPath
In alternatePrintPath
In onCleanup/delete (line 25)
In alternatePrintPath
In print (line 90)
In kymograph_central_droplets_domain (line 71)] 
[Warning: An error occurred while drawing the scene: Unidentified trouble during
rendering] 
[> In defaulterrorcallback (line 12)
In matlab.graphics.internal/mlprintjob/setPaintDisabled
In alternatePrintPath
In alternatePrintPath
In onCleanup/delete (line 25)
In alternatePrintPath
In print (line 90)
In kymograph_central_droplets_domain (line 71)] 
[Warning: An error occurred while drawing the scene: Unidentified trouble during
rendering] 
[> In defaulterrorcallback (line 12)
In matlab.graphics.internal/mlprintjob/setPaintDisabled
In alternatePrintPath
In alternatePrintPath
In onCleanup/delete (line 25)
In alternatePrintPath
In print (line 90)
In kymograph_central_droplets_domain (line 71)] 
[Warning: An error occurred while drawing the scene: Unidentified trouble during
rendering] 
[> In defaulterrorcallback (line 12)
In matlab.graphics.internal/mlprintjob/setPaintDisabled
In alternatePrintPath
In alternatePrintPath
In onCleanup/delete (line 25)
In alternatePrintPath
In print (line 90)
In kymograph_central_droplets_domain (line 71)] 
[Warning: An error occurred while drawing the scene: Unidentified trouble during
rendering] 
[> In defaulterrorcallback (line 12)
In matlab.graphics.internal/mlprintjob/setPaintDisabled
In alternatePrintPath
In alternatePrintPath
In onCleanup/delete (line 25)
In alternatePrintPath
In print (line 90)
In kymograph_central_droplets_domain (line 71)] 
[Warning: An error occurred while drawing the scene: Unidentified trouble during
rendering] 
[> In defaulterrorcallback (line 12)
In matlab.graphics.internal/mlprintjob/setPaintDisabled
In alternatePrintPath
In alternatePrintPath
In onCleanup/delete (line 25)
In alternatePrintPath
In print (line 90)
In kymograph_central_droplets_domain (line 71)] 
[Warning: An error occurred while drawing the scene: Unidentified trouble during
rendering] 
[> In defaulterrorcallback (line 12)
In matlab.graphics.internal/mlprintjob/setPaintDisabled
In alternatePrintPath
In alternatePrintPath
In onCleanup/delete (line 25)
In alternatePrintPath
In print (line 90)
In kymograph_central_droplets_domain (line 71)] 
[Warning: An error occurred while drawing the scene: Unidentified trouble during
rendering] 
[> In defaulterrorcallback (line 12)
In matlab.graphics.internal/mlprintjob/setPaintDisabled
In alternatePrintPath
In alternatePrintPath
In onCleanup/delete (line 25)
In alternatePrintPath
In print (line 90)
In kymograph_central_droplets_domain (line 71)] 
[Warning: An error occurred while drawing the scene: Unidentified trouble during
rendering] 
[> In defaulterrorcallback (line 12)
In matlab.graphics.internal/mlprintjob/setPaintDisabled
In alternatePrintPath
In alternatePrintPath
In onCleanup/delete (line 25)
In alternatePrintPath
In print (line 90)
In kymograph_central_droplets_domain (line 71)] 
[Warning: An error occurred while drawing the scene: Unidentified trouble during
rendering] 
[> In defaulterrorcallback (line 12)
In matlab.graphics.internal/mlprintjob/setPaintDisabled
In alternatePrintPath
In alternatePrintPath
In onCleanup/delete (line 25)
In alternatePrintPath
In print (line 90)
In kymograph_central_droplets_domain (line 71)] 
[Warning: An error occurred while drawing the scene: Unidentified trouble during
rendering] 
[> In defaulterrorcallback (line 12)
In matlab.graphics.internal/mlprintjob/setPaintDisabled
In alternatePrintPath
In alternatePrintPath
In onCleanup/delete (line 25)
In alternatePrintPath
In print (line 90)
In kymograph_central_droplets_domain (line 71)] 
[Warning: An error occurred while drawing the scene: Unidentified trouble during
rendering] 
[> In defaulterrorcallback (line 12)
In matlab.graphics.internal/mlprintjob/setPaintDisabled
In alternatePrintPath
In alternatePrintPath
In onCleanup/delete (line 25)
In alternatePrintPath
In print (line 90)
In kymograph_central_droplets_domain (line 71)] 
[Warning: An error occurred while drawing the scene: Unidentified trouble during
rendering] 
[> In defaulterrorcallback (line 12)
In matlab.graphics.internal/mlprintjob/setPaintDisabled
In alternatePrintPath
In alternatePrintPath
In onCleanup/delete (line 25)
In alternatePrintPath
In print (line 90)
In kymograph_central_droplets_domain (line 71)] 
[Warning: An error occurred while drawing the scene: Unidentified trouble during
rendering] 
[> In defaulterrorcallback (line 12)
In matlab.graphics.internal/mlprintjob/setPaintDisabled
In alternatePrintPath
In alternatePrintPath
In onCleanup/delete (line 25)
In alternatePrintPath
In print (line 90)
In kymograph_central_droplets_domain (line 71)] 
[Warning: An error occurred while drawing the scene: Unidentified trouble during
rendering] 
[> In defaulterrorcallback (line 12)
In matlab.graphics.internal/mlprintjob/setPaintDisabled
In alternatePrintPath
In alternatePrintPath
In onCleanup/delete (line 25)
In alternatePrintPath
In print (line 90)
In kymograph_central_droplets_domain (line 71)] 
[Warning: An error occurred while drawing the scene: Unidentified trouble during
rendering] 
[> In defaulterrorcallback (line 12)
In matlab.graphics.internal/mlprintjob/setPaintDisabled
In alternatePrintPath
In alternatePrintPath
In onCleanup/delete (line 25)
In alternatePrintPath
In print (line 90)
In kymograph_central_droplets_domain (line 71)] 
[Warning: An error occurred while drawing the scene: Unidentified trouble during
rendering] 
[> In defaulterrorcallback (line 12)
In matlab.graphics.internal/mlprintjob/setPaintDisabled
In alternatePrintPath
In alternatePrintPath
In onCleanup/delete (line 25)
In alternatePrintPath
In print (line 90)
In kymograph_central_droplets_domain (line 71)] 
[Warning: An error occurred while drawing the scene: Unidentified trouble during
rendering] 
[> In defaulterrorcallback (line 12)
In matlab.graphics.internal/mlprintjob/setPaintDisabled
In alternatePrintPath
In alternatePrintPath
In onCleanup/delete (line 25)
In alternatePrintPath
In print (line 90)
In kymograph_central_droplets_domain (line 71)] 
[Warning: An error occurred while drawing the scene: Unidentified trouble during
rendering] 
[> In defaulterrorcallback (line 12)
In matlab.graphics.internal/mlprintjob/setPaintDisabled
In alternatePrintPath
In alternatePrintPath
In onCleanup/delete (line 25)
In alternatePrintPath
In print (line 90)
In kymograph_central_droplets_domain (line 71)] 
[Warning: An error occurred while drawing the scene: Unidentified trouble during
rendering] 
[> In defaulterrorcallback (line 12)
In matlab.graphics.internal/mlprintjob/setPaintDisabled
In alternatePrintPath
In alternatePrintPath
In onCleanup/delete (line 25)
In alternatePrintPath
In print (line 90)
In kymograph_central_droplets_domain (line 71)] 
[Warning: An error occurred while drawing the scene: Unidentified trouble during
rendering] 
[> In defaulterrorcallback (line 12)
In matlab.graphics.internal/mlprintjob/setPaintDisabled
In alternatePrintPath
In alternatePrintPath
In onCleanup/delete (line 25)
In alternatePrintPath
In print (line 90)
In kymograph_central_droplets_domain (line 71)] 
[Warning: An error occurred while drawing the scene: Unidentified trouble during
rendering] 
[> In defaulterrorcallback (line 12)
In matlab.graphics.internal/mlprintjob/setPaintDisabled
In alternatePrintPath
In alternatePrintPath
In onCleanup/delete (line 25)
In alternatePrintPath
In print (line 90)
In kymograph_central_droplets_domain (line 71)] 
[Warning: An error occurred while drawing the scene: Unidentified trouble during
rendering] 
[> In defaulterrorcallback (line 12)
In matlab.graphics.internal/mlprintjob/setPaintDisabled
In alternatePrintPath
In alternatePrintPath
In onCleanup/delete (line 25)
In alternatePrintPath
In print (line 90)
In kymograph_central_droplets_domain (line 71)] 
[Warning: An error occurred while drawing the scene: Unidentified trouble during
rendering] 
[> In defaulterrorcallback (line 12)
In matlab.graphics.internal/mlprintjob/setPaintDisabled
In alternatePrintPath
In alternatePrintPath
In onCleanup/delete (line 25)
In alternatePrintPath
In print (line 90)
In kymograph_central_droplets_domain (line 71)] 
[Warning: An error occurred while drawing the scene: Unidentified trouble during
rendering] 
[> In defaulterrorcallback (line 12)
In matlab.graphics.internal/mlprintjob/setPaintDisabled
In alternatePrintPath
In alternatePrintPath
In onCleanup/delete (line 25)
In alternatePrintPath
In print (line 90)
In kymograph_central_droplets_domain (line 71)] 
[Warning: An error occurred while drawing the scene: Unidentified trouble during
rendering] 
[> In defaulterrorcallback (line 12)
In matlab.graphics.internal/mlprintjob/setPaintDisabled
In alternatePrintPath
In alternatePrintPath
In onCleanup/delete (line 25)
In alternatePrintPath
In print (line 90)
In kymograph_central_droplets_domain (line 71)] 
DONE
