Thu May 8 22:49:06 EDT 2025
MODULES LOADED
Timepoint 0
Job_specs.csv
Not a match
SAV_MATLAB_2000_dt_5.50e-06_Nx_128_neumann_n_relax_4_75p_t_out.csv
Not a match
SAV_MATLAB_2000_dt_5.50e-06_Nx_512_periodic_n_relax_4_movie.avi
Not a match
NMG_MATLAB_2000_dt_5.50e-06_Nx_512_periodic_n_relax_4_25p_energy.csv
Not a match
SAV_MATLAB_2000_dt_5.50e-06_Nx_512_neumann_n_relax_4_movie.avi
Not a match
NMG_MATLAB_2000_dt_5.50e-06_Nx_64_neumann_n_relax_4_t_out.csv
Not a match
NMG_MATLAB_2000_dt_5.50e-06_Nx_64_periodic_n_relax_4_75p_t_out.csv
Not a match
NMG_MATLAB_2000_dt_5.50e-06_Nx_128_neumann_n_relax_4_75p_energy.csv
Not a match
SAV_MATLAB_2000_dt_5.50e-06_Nx_64_neumann_n_relax_4_movie.avi
Not a match
SAV_MATLAB_2000_dt_5.50e-06_Nx_64_periodic_n_relax_4_75p_movie.avi
Not a match
NMG_MATLAB_2000_dt_5.50e-06_Nx_128_neumann_n_relax_4_energy.csv
Not a match
SAV_MATLAB_2000_dt_5.50e-06_Nx_256_periodic_n_relax_4_75p_movie.avi
Not a match
SAV_MATLAB_2000_dt_5.50e-06_Nx_128_neumann_n_relax_4_25p_t_out.csv
Not a match
SAV_MATLAB_2000_dt_5.50e-06_Nx_128_neumann_n_relax_4_25p_energy.csv
Not a match
SAV_MATLAB_2000_dt_5.50e-06_Nx_256_neumann_n_relax_4_t_out.csv
Not a match
SAV_MATLAB_2000_dt_5.50e-06_Nx_256_neumann_n_relax_4_75p_energy.csv
Not a match
NMG_MATLAB_2000_dt_5.50e-06_Nx_256_neumann_n_relax_4_75p_t_out.csv
Not a match
SAV_MATLAB_2000_dt_5.50e-06_Nx_256_periodic_n_relax_4_25p_phi.csv
SAV_MATLAB_2000_dt_5.50e-06_Nx_128_periodic_n_relax_4_phi.csv
SAV_MATLAB_2000_dt_5.50e-06_Nx_256_neumann_n_relax_4_75p_mass.csv
Not a match
SAV_MATLAB_2000_dt_5.50e-06_Nx_128_periodic_n_relax_4_75p_movie.avi
Not a match
NMG_MATLAB_2000_dt_5.50e-06_Nx_64_periodic_n_relax_4_energy.csv
Not a match
NMG_MATLAB_2000_dt_5.50e-06_Nx_64_neumann_n_relax_4_25p_phi.csv
NMG_MATLAB_2000_dt_5.50e-06_Nx_512_neumann_n_relax_4_25p_mass.csv
Not a match
SAV_MATLAB_2000_dt_5.50e-06_Nx_256_neumann_n_relax_4_75p_t_out.csv
Not a match
SAV_MATLAB_2000_dt_5.50e-06_Nx_64_periodic_n_relax_4_mass.csv
Not a match
NMG_MATLAB_2000_dt_5.50e-06_Nx_512_periodic_n_relax_4_75p_energy.csv
Not a match
SAV_MATLAB_2000_dt_5.50e-06_Nx_512_periodic_n_relax_4_75p_phi.csv
SAV_MATLAB_2000_dt_5.50e-06_Nx_512_neumann_n_relax_4_25p_energy.csv
Not a match
NMG_MATLAB_2000_dt_5.50e-06_Nx_128_neumann_n_relax_4_75p_t_out.csv
Not a match
NMG_MATLAB_2000_dt_5.50e-06_Nx_512_periodic_n_relax_4_mass.csv
Not a match
SAV_MATLAB_2000_dt_5.50e-06_Nx_128_neumann_n_relax_4_movie.avi
Not a match
NMG_MATLAB_2000_dt_5.50e-06_Nx_64_neumann_n_relax_4_75p_t_out.csv
Not a match
SAV_MATLAB_2000_dt_5.50e-06_Nx_512_neumann_n_relax_4_25p_t_out.csv
Not a match
NMG_MATLAB_2000_dt_5.50e-06_Nx_128_periodic_n_relax_4_phi.csv
SAV_MATLAB_2000_dt_5.50e-06_Nx_64_neumann_n_relax_4_25p_energy.csv
Not a match
SAV_MATLAB_2000_dt_5.50e-06_Nx_64_neumann_n_relax_4_25p_mass.csv
Not a match
SAV_MATLAB_2000_dt_5.50e-06_Nx_256_neumann_n_relax_4_energy.csv
Not a match
NMG_MATLAB_2000_dt_5.50e-06_Nx_64_neumann_n_relax_4_mass.csv
Not a match
SAV_MATLAB_2000_dt_5.50e-06_Nx_128_neumann_n_relax_4_t_out.csv
Not a match
NMG_MATLAB_2000_dt_5.50e-06_Nx_256_periodic_n_relax_4_25p_movie.avi
Not a match
SAV_MATLAB_2000_dt_5.50e-06_Nx_64_periodic_n_relax_4_25p_movie.avi
Not a match
SAV_MATLAB_2000_dt_5.50e-06_Nx_128_periodic_n_relax_4_25p_movie.avi
Not a match
SAV_MATLAB_2000_dt_5.50e-06_Nx_256_periodic_n_relax_4_mass.csv
Not a match
SAV_MATLAB_2000_dt_5.50e-06_Nx_256_periodic_n_relax_4_75p_t_out.csv
Not a match
NMG_MATLAB_2000_dt_5.50e-06_Nx_64_neumann_n_relax_4_75p_movie.avi
Not a match
SAV_MATLAB_2000_dt_5.50e-06_Nx_256_periodic_n_relax_4_t_out.csv
Not a match
SAV_MATLAB_2000_dt_5.50e-06_Nx_256_neumann_n_relax_4_25p_phi.csv
SAV_MATLAB_2000_dt_5.50e-06_Nx_512_periodic_n_relax_4_25p_mass.csv
Not a match
NMG_MATLAB_2000_dt_5.50e-06_Nx_64_neumann_n_relax_4_75p_energy.csv
Not a match
SAV_MATLAB_2000_dt_5.50e-06_Nx_64_neumann_n_relax_4_mass.csv
Not a match
SAV_MATLAB_2000_dt_5.50e-06_Nx_256_neumann_n_relax_4_25p_energy.csv
Not a match
NMG_MATLAB_2000_dt_5.50e-06_Nx_256_periodic_n_relax_4_movie.avi
Not a match
SAV_MATLAB_2000_dt_5.50e-06_Nx_128_neumann_n_relax_4_75p_energy.csv
Not a match
SAV_MATLAB_2000_dt_5.50e-06_Nx_128_periodic_n_relax_4_25p_mass.csv
Not a match
NMG_MATLAB_2000_dt_5.50e-06_Nx_128_neumann_n_relax_4_75p_phi.csv
NMG_MATLAB_2000_dt_5.50e-06_Nx_128_periodic_n_relax_4_25p_mass.csv
Not a match
NMG_MATLAB_2000_dt_5.50e-06_Nx_256_neumann_n_relax_4_75p_energy.csv
Not a match
NMG_MATLAB_2000_dt_5.50e-06_Nx_256_neumann_n_relax_4_phi.csv
SAV_MATLAB_2000_dt_5.50e-06_Nx_64_neumann_n_relax_4_75p_energy.csv
Not a match
NMG_MATLAB_2000_dt_5.50e-06_Nx_256_neumann_n_relax_4_75p_phi.csv
NMG_MATLAB_2000_dt_5.50e-06_Nx_512_neumann_n_relax_4_energy.csv
Not a match
SAV_MATLAB_2000_dt_5.50e-06_Nx_64_neumann_n_relax_4_phi.csv
NMG_MATLAB_2000_dt_5.50e-06_Nx_64_periodic_n_relax_4_25p_t_out.csv
Not a match
NMG_MATLAB_2000_dt_5.50e-06_Nx_512_periodic_n_relax_4_movie.avi
Not a match
SAV_MATLAB_2000_dt_5.50e-06_Nx_64_periodic_n_relax_4_25p_mass.csv
Not a match
SAV_MATLAB_2000_dt_5.50e-06_Nx_64_neumann_n_relax_4_25p_t_out.csv
Not a match
NMG_MATLAB_2000_dt_5.50e-06_Nx_128_periodic_n_relax_4_75p_phi.csv
NMG_MATLAB_2000_dt_5.50e-06_Nx_512_neumann_n_relax_4_25p_phi.csv
NMG_MATLAB_2000_dt_5.50e-06_Nx_128_periodic_n_relax_4_25p_energy.csv
Not a match
NMG_MATLAB_2000_dt_5.50e-06_Nx_512_neumann_n_relax_4_75p_t_out.csv
Not a match
SAV_MATLAB_2000_dt_5.50e-06_Nx_512_neumann_n_relax_4_75p_t_out.csv
Not a match
SAV_MATLAB_2000_dt_5.50e-06_Nx_64_periodic_n_relax_4_25p_phi.csv
NMG_MATLAB_2000_dt_5.50e-06_Nx_128_neumann_n_relax_4_movie.avi
Not a match
SAV_MATLAB_2000_dt_5.50e-06_Nx_256_periodic_n_relax_4_25p_t_out.csv
Not a match
NMG_MATLAB_2000_dt_5.50e-06_Nx_128_periodic_n_relax_4_movie.avi
Not a match
SAV_MATLAB_2000_dt_5.50e-06_Nx_256_periodic_n_relax_4_movie.avi
Not a match
SAV_MATLAB_2000_dt_5.50e-06_Nx_128_neumann_n_relax_4_25p_mass.csv
Not a match
NMG_MATLAB_2000_dt_5.50e-06_Nx_64_periodic_n_relax_4_25p_phi.csv
SAV_MATLAB_2000_dt_5.50e-06_Nx_256_periodic_n_relax_4_25p_energy.csv
Not a match
NMG_MATLAB_2000_dt_5.50e-06_Nx_128_periodic_n_relax_4_25p_phi.csv
SAV_MATLAB_2000_dt_5.50e-06_Nx_64_neumann_n_relax_4_energy.csv
Not a match
NMG_MATLAB_2000_dt_5.50e-06_Nx_256_periodic_n_relax_4_25p_phi.csv
SAV_MATLAB_2000_dt_5.50e-06_Nx_512_neumann_n_relax_4_energy.csv
Not a match
SAV_MATLAB_2000_dt_5.50e-06_Nx_256_neumann_n_relax_4_movie.avi
Not a match
NMG_MATLAB_2000_dt_5.50e-06_Nx_256_neumann_n_relax_4_25p_t_out.csv
Not a match
SAV_MATLAB_2000_dt_5.50e-06_Nx_64_periodic_n_relax_4_energy.csv
Not a match
SAV_MATLAB_2000_dt_5.50e-06_Nx_512_periodic_n_relax_4_mass.csv
Not a match
NMG_MATLAB_2000_dt_5.50e-06_Nx_512_periodic_n_relax_4_75p_mass.csv
Not a match
SAV_MATLAB_2000_dt_5.50e-06_Nx_64_neumann_n_relax_4_75p_mass.csv
Not a match
NMG_MATLAB_2000_dt_5.50e-06_Nx_256_periodic_n_relax_4_25p_mass.csv
Not a match
NMG_MATLAB_2000_dt_5.50e-06_Nx_256_periodic_n_relax_4_75p_mass.csv
Not a match
SAV_MATLAB_2000_dt_5.50e-06_Nx_64_periodic_n_relax_4_t_out.csv
Not a match
NMG_MATLAB_2000_dt_5.50e-06_Nx_256_periodic_n_relax_4_25p_energy.csv
Not a match
SAV_MATLAB_2000_dt_5.50e-06_Nx_64_periodic_n_relax_4_75p_phi.csv
SAV_MATLAB_2000_dt_5.50e-06_Nx_64_periodic_n_relax_4_75p_energy.csv
Not a match
SAV_MATLAB_2000_dt_5.50e-06_Nx_256_periodic_n_relax_4_75p_energy.csv
Not a match
SAV_MATLAB_2000_dt_5.50e-06_Nx_512_periodic_n_relax_4_phi.csv
SAV_MATLAB_2000_dt_5.50e-06_Nx_512_periodic_n_relax_4_25p_phi.csv
SAV_MATLAB_2000_dt_5.50e-06_Nx_256_neumann_n_relax_4_25p_mass.csv
Not a match
NMG_MATLAB_2000_dt_5.50e-06_Nx_512_neumann_n_relax_4_t_out.csv
Not a match
NMG_MATLAB_2000_dt_5.50e-06_Nx_128_periodic_n_relax_4_75p_movie.avi
Not a match
SAV_MATLAB_2000_dt_5.50e-06_Nx_128_neumann_n_relax_4_phi.csv
NMG_MATLAB_2000_dt_5.50e-06_Nx_256_neumann_n_relax_4_t_out.csv
Not a match
SAV_MATLAB_2000_dt_5.50e-06_Nx_256_periodic_n_relax_4_25p_movie.avi
Not a match
NMG_MATLAB_2000_dt_5.50e-06_Nx_128_periodic_n_relax_4_75p_t_out.csv
Not a match
SAV_MATLAB_2000_dt_5.50e-06_Nx_64_periodic_n_relax_4_25p_energy.csv
Not a match
SAV_MATLAB_2000_dt_5.50e-06_Nx_512_neumann_n_relax_4_25p_phi.csv
NMG_MATLAB_2000_dt_5.50e-06_Nx_256_periodic_n_relax_4_phi.csv
NMG_MATLAB_2000_dt_5.50e-06_Nx_256_periodic_n_relax_4_energy.csv
Not a match
SAV_MATLAB_2000_dt_5.50e-06_Nx_256_neumann_n_relax_4_25p_movie.avi
Not a match
SAV_MATLAB_2000_dt_5.50e-06_Nx_512_neumann_n_relax_4_75p_energy.csv
Not a match
NMG_MATLAB_2000_dt_5.50e-06_Nx_64_neumann_n_relax_4_75p_phi.csv
NMG_MATLAB_2000_dt_5.50e-06_Nx_512_neumann_n_relax_4_75p_mass.csv
Not a match
SAV_MATLAB_2000_dt_5.50e-06_Nx_512_periodic_n_relax_4_75p_energy.csv
Not a match
SAV_MATLAB_2000_dt_5.50e-06_Nx_128_periodic_n_relax_4_75p_energy.csv
Not a match
SAV_MATLAB_2000_dt_5.50e-06_Nx_64_neumann_n_relax_4_t_out.csv
Not a match
NMG_MATLAB_2000_dt_5.50e-06_Nx_512_neumann_n_relax_4_75p_movie.avi
Not a match
SAV_MATLAB_2000_dt_5.50e-06_Nx_64_neumann_n_relax_4_75p_movie.avi
Not a match
NMG_MATLAB_2000_dt_5.50e-06_Nx_256_periodic_n_relax_4_75p_t_out.csv
Not a match
SAV_MATLAB_2000_dt_5.50e-06_Nx_64_periodic_n_relax_4_25p_t_out.csv
Not a match
NMG_MATLAB_2000_dt_5.50e-06_Nx_512_neumann_n_relax_4_25p_movie.avi
Not a match
SAV_MATLAB_2000_dt_5.50e-06_Nx_512_neumann_n_relax_4_t_out.csv
Not a match
NMG_MATLAB_2000_dt_5.50e-06_Nx_64_neumann_n_relax_4_75p_mass.csv
Not a match
SAV_MATLAB_2000_dt_5.50e-06_Nx_256_neumann_n_relax_4_75p_movie.avi
Not a match
SAV_MATLAB_2000_dt_5.50e-06_Nx_512_neumann_n_relax_4_75p_phi.csv
SAV_MATLAB_2000_dt_5.50e-06_Nx_512_neumann_n_relax_4_phi.csv
SAV_MATLAB_2000_dt_5.50e-06_Nx_64_neumann_n_relax_4_75p_phi.csv
SAV_MATLAB_2000_dt_5.50e-06_Nx_64_periodic_n_relax_4_75p_t_out.csv
Not a match
NMG_MATLAB_2000_dt_5.50e-06_Nx_64_periodic_n_relax_4_75p_energy.csv
Not a match
SAV_MATLAB_2000_dt_5.50e-06_Nx_128_periodic_n_relax_4_75p_t_out.csv
Not a match
NMG_MATLAB_2000_dt_5.50e-06_Nx_128_neumann_n_relax_4_phi.csv
SAV_MATLAB_2000_dt_5.50e-06_Nx_512_neumann_n_relax_4_25p_mass.csv
Not a match
SAV_MATLAB_2000_dt_5.50e-06_Nx_128_neumann_n_relax_4_mass.csv
Not a match
NMG_MATLAB_2000_dt_5.50e-06_Nx_128_periodic_n_relax_4_energy.csv
Not a match
SAV_MATLAB_2000_dt_5.50e-06_Nx_128_periodic_n_relax_4_75p_mass.csv
Not a match
NMG_MATLAB_2000_dt_5.50e-06_Nx_256_periodic_n_relax_4_mass.csv
Not a match
NMG_MATLAB_2000_dt_5.50e-06_Nx_256_neumann_n_relax_4_movie.avi
Not a match
SAV_MATLAB_2000_dt_5.50e-06_Nx_256_periodic_n_relax_4_75p_phi.csv
NMG_MATLAB_2000_dt_5.50e-06_Nx_512_periodic_n_relax_4_75p_t_out.csv
Not a match
NMG_MATLAB_2000_dt_5.50e-06_Nx_128_periodic_n_relax_4_25p_t_out.csv
Not a match
NMG_MATLAB_2000_dt_5.50e-06_Nx_512_periodic_n_relax_4_75p_phi.csv
SAV_MATLAB_2000_dt_5.50e-06_Nx_512_periodic_n_relax_4_25p_energy.csv
Not a match
SAV_MATLAB_2000_dt_5.50e-06_Nx_128_neumann_n_relax_4_25p_phi.csv
NMG_MATLAB_2000_dt_5.50e-06_Nx_128_neumann_n_relax_4_75p_movie.avi
Not a match
NMG_MATLAB_2000_dt_5.50e-06_Nx_512_periodic_n_relax_4_t_out.csv
Not a match
SAV_MATLAB_2000_dt_5.50e-06_Nx_128_periodic_n_relax_4_energy.csv
Not a match
NMG_MATLAB_2000_dt_5.50e-06_Nx_128_neumann_n_relax_4_mass.csv
Not a match
SAV_MATLAB_2000_dt_5.50e-06_Nx_128_periodic_n_relax_4_25p_energy.csv
Not a match
NMG_MATLAB_2000_dt_5.50e-06_Nx_64_periodic_n_relax_4_75p_movie.avi
Not a match
NMG_MATLAB_2000_dt_5.50e-06_Nx_256_neumann_n_relax_4_75p_movie.avi
Not a match
SAV_MATLAB_2000_dt_5.50e-06_Nx_512_periodic_n_relax_4_25p_movie.avi
Not a match
SAV_MATLAB_2000_dt_5.50e-06_Nx_128_periodic_n_relax_4_t_out.csv
Not a match
NMG_MATLAB_2000_dt_5.50e-06_Nx_512_periodic_n_relax_4_25p_movie.avi
Not a match
SAV_MATLAB_2000_dt_5.50e-06_Nx_256_periodic_n_relax_4_25p_mass.csv
Not a match
SAV_MATLAB_2000_dt_5.50e-06_Nx_256_periodic_n_relax_4_75p_mass.csv
Not a match
SAV_MATLAB_2000_dt_5.50e-06_Nx_512_neumann_n_relax_4_25p_movie.avi
Not a match
SAV_MATLAB_2000_dt_5.50e-06_Nx_128_neumann_n_relax_4_75p_mass.csv
Not a match
NMG_MATLAB_2000_dt_5.50e-06_Nx_512_neumann_n_relax_4_75p_phi.csv
NMG_MATLAB_2000_dt_5.50e-06_Nx_128_periodic_n_relax_4_mass.csv
Not a match
SAV_MATLAB_2000_dt_5.50e-06_Nx_128_neumann_n_relax_4_energy.csv
Not a match
NMG_MATLAB_2000_dt_5.50e-06_Nx_128_periodic_n_relax_4_75p_mass.csv
Not a match
NMG_MATLAB_2000_dt_5.50e-06_Nx_512_periodic_n_relax_4_25p_t_out.csv
Not a match
NMG_MATLAB_2000_dt_5.50e-06_Nx_256_neumann_n_relax_4_25p_mass.csv
Not a match
NMG_MATLAB_2000_dt_5.50e-06_Nx_128_neumann_n_relax_4_25p_mass.csv
Not a match
SAV_MATLAB_2000_dt_5.50e-06_Nx_256_neumann_n_relax_4_75p_phi.csv
SAV_MATLAB_2000_dt_5.50e-06_Nx_128_neumann_n_relax_4_25p_movie.avi
Not a match
Job_specs.csv
Not a match
NMG_MATLAB_2000_dt_5.50e-06_Nx_512_periodic_n_relax_4_25p_mass.csv
Not a match
NMG_MATLAB_2000_dt_5.50e-06_Nx_128_neumann_n_relax_4_25p_energy.csv
Not a match
SAV_MATLAB_2000_dt_5.50e-06_Nx_512_periodic_n_relax_4_75p_movie.avi
Not a match
NMG_MATLAB_2000_dt_5.50e-06_Nx_64_neumann_n_relax_4_25p_energy.csv
Not a match
SAV_MATLAB_2000_dt_5.50e-06_Nx_64_periodic_n_relax_4_phi.csv
SAV_MATLAB_2000_dt_5.50e-06_Nx_64_neumann_n_relax_4_25p_phi.csv
NMG_MATLAB_2000_dt_5.50e-06_Nx_512_periodic_n_relax_4_75p_movie.avi
Not a match
NMG_MATLAB_2000_dt_5.50e-06_Nx_256_neumann_n_relax_4_mass.csv
Not a match
SAV_MATLAB_2000_dt_5.50e-06_Nx_128_neumann_n_relax_4_75p_movie.avi
Not a match
NMG_MATLAB_2000_dt_5.50e-06_Nx_64_neumann_n_relax_4_energy.csv
Not a match
NMG_MATLAB_2000_dt_5.50e-06_Nx_64_periodic_n_relax_4_25p_movie.avi
Not a match
SAV_MATLAB_2000_dt_5.50e-06_Nx_256_neumann_n_relax_4_phi.csv
NMG_MATLAB_2000_dt_5.50e-06_Nx_256_neumann_n_relax_4_25p_phi.csv
NMG_MATLAB_2000_dt_5.50e-06_Nx_64_neumann_n_relax_4_25p_mass.csv
Not a match
SAV_MATLAB_2000_dt_5.50e-06_Nx_512_neumann_n_relax_4_75p_movie.avi
Not a match
NMG_MATLAB_2000_dt_5.50e-06_Nx_512_neumann_n_relax_4_25p_t_out.csv
Not a match
NMG_MATLAB_2000_dt_5.50e-06_Nx_128_periodic_n_relax_4_t_out.csv
Not a match
NMG_MATLAB_2000_dt_5.50e-06_Nx_512_periodic_n_relax_4_phi.csv
NMG_MATLAB_2000_dt_5.50e-06_Nx_256_periodic_n_relax_4_t_out.csv
Not a match
SAV_MATLAB_2000_dt_5.50e-06_Nx_64_neumann_n_relax_4_25p_movie.avi
Not a match
SAV_MATLAB_2000_dt_5.50e-06_Nx_256_periodic_n_relax_4_energy.csv
Not a match
NMG_MATLAB_2000_dt_5.50e-06_Nx_128_periodic_n_relax_4_25p_movie.avi
Not a match
NMG_MATLAB_2000_dt_5.50e-06_Nx_128_neumann_n_relax_4_25p_movie.avi
Not a match
NMG_MATLAB_2000_dt_5.50e-06_Nx_128_neumann_n_relax_4_75p_mass.csv
Not a match
NMG_MATLAB_2000_dt_5.50e-06_Nx_256_neumann_n_relax_4_energy.csv
Not a match
NMG_MATLAB_2000_dt_5.50e-06_Nx_256_neumann_n_relax_4_75p_mass.csv
Not a match
NMG_MATLAB_2000_dt_5.50e-06_Nx_512_neumann_n_relax_4_75p_energy.csv
Not a match
SAV_MATLAB_2000_dt_5.50e-06_Nx_512_periodic_n_relax_4_t_out.csv
Not a match
SAV_MATLAB_2000_dt_5.50e-06_Nx_128_neumann_n_relax_4_75p_phi.csv
SAV_MATLAB_2000_dt_5.50e-06_Nx_128_periodic_n_relax_4_25p_phi.csv
NMG_MATLAB_2000_dt_5.50e-06_Nx_128_neumann_n_relax_4_t_out.csv
Not a match
SAV_MATLAB_2000_dt_5.50e-06_Nx_128_periodic_n_relax_4_75p_phi.csv
NMG_MATLAB_2000_dt_5.50e-06_Nx_64_neumann_n_relax_4_25p_movie.avi
Not a match
SAV_MATLAB_2000_dt_5.50e-06_Nx_256_periodic_n_relax_4_phi.csv
NMG_MATLAB_2000_dt_5.50e-06_Nx_64_periodic_n_relax_4_75p_phi.csv
NMG_MATLAB_2000_dt_5.50e-06_Nx_64_neumann_n_relax_4_phi.csv
NMG_MATLAB_2000_dt_5.50e-06_Nx_256_periodic_n_relax_4_75p_energy.csv
Not a match
NMG_MATLAB_2000_dt_5.50e-06_Nx_64_periodic_n_relax_4_movie.avi
Not a match
NMG_MATLAB_2000_dt_5.50e-06_Nx_64_periodic_n_relax_4_75p_mass.csv
Not a match
NMG_MATLAB_2000_dt_5.50e-06_Nx_64_periodic_n_relax_4_mass.csv
Not a match
NMG_MATLAB_2000_dt_5.50e-06_Nx_256_neumann_n_relax_4_25p_movie.avi
Not a match
SAV_MATLAB_2000_dt_5.50e-06_Nx_256_neumann_n_relax_4_25p_t_out.csv
Not a match
SAV_MATLAB_2000_dt_5.50e-06_Nx_64_neumann_n_relax_4_75p_t_out.csv
Not a match
SAV_MATLAB_2000_dt_5.50e-06_Nx_512_periodic_n_relax_4_energy.csv
Not a match
SAV_MATLAB_2000_dt_5.50e-06_Nx_64_periodic_n_relax_4_75p_mass.csv
Not a match
NMG_MATLAB_2000_dt_5.50e-06_Nx_256_periodic_n_relax_4_75p_movie.avi
Not a match
SAV_MATLAB_2000_dt_5.50e-06_Nx_512_neumann_n_relax_4_mass.csv
Not a match
SAV_MATLAB_2000_dt_5.50e-06_Nx_512_neumann_n_relax_4_75p_mass.csv
Not a match
NMG_MATLAB_2000_dt_5.50e-06_Nx_64_neumann_n_relax_4_movie.avi
Not a match
NMG_MATLAB_2000_dt_5.50e-06_Nx_256_periodic_n_relax_4_75p_phi.csv
SAV_MATLAB_2000_dt_5.50e-06_Nx_512_periodic_n_relax_4_25p_t_out.csv
Not a match
NMG_MATLAB_2000_dt_5.50e-06_Nx_512_periodic_n_relax_4_energy.csv
Not a match
SAV_MATLAB_2000_dt_5.50e-06_Nx_256_neumann_n_relax_4_mass.csv
Not a match
NMG_MATLAB_2000_dt_5.50e-06_Nx_512_neumann_n_relax_4_phi.csv
NMG_MATLAB_2000_dt_5.50e-06_Nx_128_periodic_n_relax_4_75p_energy.csv
Not a match
NMG_MATLAB_2000_dt_5.50e-06_Nx_128_neumann_n_relax_4_25p_t_out.csv
Not a match
NMG_MATLAB_2000_dt_5.50e-06_Nx_128_neumann_n_relax_4_25p_phi.csv
SAV_MATLAB_2000_dt_5.50e-06_Nx_128_periodic_n_relax_4_mass.csv
Not a match
NMG_MATLAB_2000_dt_5.50e-06_Nx_64_neumann_n_relax_4_25p_t_out.csv
Not a match
SAV_MATLAB_2000_dt_5.50e-06_Nx_128_periodic_n_relax_4_movie.avi
Not a match
SAV_MATLAB_2000_dt_5.50e-06_Nx_512_periodic_n_relax_4_75p_t_out.csv
Not a match
SAV_MATLAB_2000_dt_5.50e-06_Nx_512_periodic_n_relax_4_75p_mass.csv
Not a match
NMG_MATLAB_2000_dt_5.50e-06_Nx_512_neumann_n_relax_4_25p_energy.csv
Not a match
NMG_MATLAB_2000_dt_5.50e-06_Nx_512_neumann_n_relax_4_mass.csv
Not a match
SAV_MATLAB_2000_dt_5.50e-06_Nx_128_periodic_n_relax_4_25p_t_out.csv
Not a match
NMG_MATLAB_2000_dt_5.50e-06_Nx_512_neumann_n_relax_4_movie.avi
Not a match
NMG_MATLAB_2000_dt_5.50e-06_Nx_64_periodic_n_relax_4_phi.csv
SAV_MATLAB_2000_dt_5.50e-06_Nx_64_periodic_n_relax_4_movie.avi
Not a match
NMG_MATLAB_2000_dt_5.50e-06_Nx_256_periodic_n_relax_4_25p_t_out.csv
Not a match
NMG_MATLAB_2000_dt_5.50e-06_Nx_256_neumann_n_relax_4_25p_energy.csv
Not a match
NMG_MATLAB_2000_dt_5.50e-06_Nx_64_periodic_n_relax_4_25p_mass.csv
Not a match
NMG_MATLAB_2000_dt_5.50e-06_Nx_64_periodic_n_relax_4_t_out.csv
Not a match
NMG_MATLAB_2000_dt_5.50e-06_Nx_512_periodic_n_relax_4_25p_phi.csv
NMG_MATLAB_2000_dt_5.50e-06_Nx_64_periodic_n_relax_4_25p_energy.csv
Not a match
FD_200000_dt_5.50e-08_Nx_128_n_relax_4_gam_3.69e+00_D_16384_update_phi.csv
Not a match
FD_2_dt_5.50e-08_Nx_128_n_relax_4_gam_3.69e+00_D_16384_update.avi
Not a match
FD_200000_dt_5.50e-08_Nx_128_n_relax_4_gam_3.69e+00_D_16384_update.avi
Not a match
FD_200000_dt_5.50e-08_Nx_128_n_relax_4_gam_3.69e+00_D_16384_update_energy.csv
Not a match
FD_200000_dt_5.50e-08_Nx_128_n_relax_4_gam_3.69e+00_D_16384_update_mass.csv
Not a match
FD_2_dt_5.50e-08_Nx_128_n_relax_4_gam_3.69e+00_D_16384_update_phi.csv
Not a match
SAV_Julia_2000_dt_5.50e-06_Nx_512_neumann_dtout_10_75p_t_out.csv
Not a match
SAV_Julia_2000_dt_5.50e-06_Nx_256_neumann_dtout_10_t_out.csv
Not a match
NMG_Julia_2000_dt_5.50e-06_Nx_512_periodic_dtout_10_75p_t_out.csv
Not a match
NMG_Julia_2000_dt_5.50e-06_Nx_128_neumann_dtout_10_phi.csv
NMG_Julia_2000_dt_5.50e-06_Nx_512_neumann_dtout_10_75p_mass.csv
Not a match
SAV_Julia_2000_dt_5.50e-06_Nx_512_neumann_dtout_10_75p_mass.csv
Not a match
NMG_Julia_2000_dt_5.50e-06_Nx_128_neumann_dtout_10_75p_t_out.csv
Not a match
SAV_Julia_2000_dt_5.50e-06_Nx_64_periodic_dtout_10_75p_energy.csv
Not a match
NMG_Julia_2000_dt_5.50e-06_Nx_64_neumann_dtout_10_25p_phi.csv
SAV_Julia_2000_dt_5.50e-06_Nx_512_periodic_dtout_10_mass.csv
Not a match
NMG_Julia_2000_dt_5.50e-06_Nx_128_periodic_dtout_10_75p_t_out.csv
Not a match
SAV_Julia_2000_dt_5.50e-06_Nx_512_neumann_dtout_10_25p_movie.avi
Not a match
SAV_Julia_2000_dt_5.50e-06_Nx_512_periodic_dtout_10_25p_t_out.csv
Not a match
SAV_Julia_2000_dt_5.50e-06_Nx_128_neumann_dtout_10_25p_mass.csv
Not a match
NMG_Julia_2000_dt_5.50e-06_Nx_512_neumann_dtout_10_mass.csv
Not a match
SAV_Julia_2000_dt_5.50e-06_Nx_128_neumann_dtout_10_mass.csv
Not a match
NMG_Julia_2000_dt_5.50e-06_Nx_256_neumann_dtout_2000_phi.csv
NMG_Julia_2000_dt_5.50e-06_Nx_64_neumann_dtout_10_75p_t_out.csv
Not a match
SAV_Julia_2000_dt_5.50e-06_Nx_512_periodic_dtout_2000_75p_phi.csv
NMG_Julia_2000_dt_5.50e-06_Nx_128_neumann_dtout_2000_phi.csv
SAV_Julia_2000_dt_5.50e-06_Nx_256_periodic_dtout_2000_25p_phi.csv
NMG_Julia_2000_dt_5.50e-06_Nx_256_periodic_dtout_10_mass.csv
Not a match
SAV_Julia_2000_dt_5.50e-06_Nx_512_periodic_dtout_10_movie.avi
Not a match
NMG_Julia_2000_dt_5.50e-06_Nx_512_neumann_dtout_2000_phi.csv
SAV_Julia_2000_dt_5.50e-06_Nx_256_periodic_dtout_10_25p_movie.avi
Not a match
NMG_Julia_2000_dt_5.50e-06_Nx_256_neumann_dtout_10_mass.csv
Not a match
SAV_Julia_2000_dt_5.50e-06_Nx_256_periodic_dtout_10_75p_t_out.csv
Not a match
NMG_Julia_2000_dt_5.50e-06_Nx_64_neumann_dtout_10_25p_energy.csv
Not a match
SAV_Julia_2000_dt_5.50e-06_Nx_512_neumann_dtout_10_phi.csv
SAV_Julia_2000_dt_5.50e-06_Nx_512_periodic_dtout_10_75p_phi.csv
SAV_Julia_2000_dt_5.50e-06_Nx_128_periodic_dtout_10_t_out.csv
Not a match
NMG_Julia_2000_dt_5.50e-06_Nx_128_periodic_dtout_2000_phi.csv
SAV_Julia_2000_dt_5.50e-06_Nx_128_neumann_dtout_10_75p_phi.csv
SAV_Julia_2000_dt_5.50e-06_Nx_128_periodic_dtout_10_25p_phi.csv
NMG_Julia_2000_dt_5.50e-06_Nx_64_neumann_dtout_10_25p_t_out.csv
Not a match
SAV_Julia_2000_dt_5.50e-06_Nx_256_periodic_dtout_10_mass.csv
Not a match
SAV_Julia_2000_dt_5.50e-06_Nx_256_neumann_dtout_10_energy.csv
Not a match
SAV_Julia_2000_dt_5.50e-06_Nx_64_neumann_dtout_10_25p_energy.csv
Not a match
NMG_Julia_2000_dt_5.50e-06_Nx_64_neumann_dtout_10_75p_phi.csv
NMG_Julia_2000_dt_5.50e-06_Nx_256_periodic_dtout_2000_75p_phi.csv
NMG_Julia_2000_dt_5.50e-06_Nx_128_periodic_dtout_2000_75p_phi.csv
SAV_Julia_2000_dt_5.50e-06_Nx_512_periodic_dtout_10_25p_mass.csv
Not a match
NMG_Julia_2000_dt_5.50e-06_Nx_256_periodic_dtout_10_75p_mass.csv
Not a match
SAV_Julia_2000_dt_5.50e-06_Nx_128_periodic_dtout_10_25p_movie.avi
Not a match
SAV_Julia_2000_dt_5.50e-06_Nx_256_neumann_dtout_10_75p_movie.avi
Not a match
NMG_Julia_2000_dt_5.50e-06_Nx_64_periodic_dtout_10_25p_energy.csv
Not a match
SAV_Julia_2000_dt_5.50e-06_Nx_512_neumann_dtout_10_25p_energy.csv
Not a match
SAV_Julia_2000_dt_5.50e-06_Nx_512_periodic_dtout_10_75p_energy.csv
Not a match
NMG_Julia_2000_dt_5.50e-06_Nx_128_neumann_dtout_2000_25p_phi.csv
SAV_Julia_2000_dt_5.50e-06_Nx_512_periodic_dtout_2000_25p_phi.csv
NMG_Julia_2000_dt_5.50e-06_Nx_512_periodic_dtout_10_25p_mass.csv
Not a match
NMG_Julia_2000_dt_5.50e-06_Nx_64_neumann_dtout_10_phi.csv
NMG_Julia_2000_dt_5.50e-06_Nx_128_periodic_dtout_10_75p_mass.csv
Not a match
NMG_Julia_2000_dt_5.50e-06_Nx_256_neumann_dtout_10_movie.avi
Not a match
SAV_Julia_2000_dt_5.50e-06_Nx_256_neumann_dtout_2000_phi.csv
SAV_Julia_2000_dt_5.50e-06_Nx_64_neumann_dtout_10_75p_mass.csv
Not a match
SAV_Julia_2000_dt_5.50e-06_Nx_512_neumann_dtout_10_75p_movie.avi
Not a match
SAV_Julia_2000_dt_5.50e-06_Nx_512_periodic_dtout_10_energy.csv
Not a match
SAV_Julia_2000_dt_5.50e-06_Nx_512_periodic_dtout_10_25p_phi.csv
SAV_Julia_2000_dt_5.50e-06_Nx_128_periodic_dtout_10_phi.csv
SAV_Julia_2000_dt_5.50e-06_Nx_512_neumann_dtout_10_75p_phi.csv
NMG_Julia_2000_dt_5.50e-06_Nx_256_periodic_dtout_10_energy.csv
Not a match
SAV_Julia_2000_dt_5.50e-06_Nx_512_periodic_dtout_10_75p_t_out.csv
Not a match
NMG_Julia_2000_dt_5.50e-06_Nx_512_neumann_dtout_10_75p_movie.avi
Not a match
SAV_Julia_2000_dt_5.50e-06_Nx_512_periodic_dtout_10_75p_mass.csv
Not a match
NMG_Julia_2000_dt_5.50e-06_Nx_256_periodic_dtout_2000_phi.csv
NMG_Julia_2000_dt_5.50e-06_Nx_64_neumann_dtout_10_mass.csv
Not a match
SAV_Julia_2000_dt_5.50e-06_Nx_512_periodic_dtout_10_t_out.csv
Not a match
SAV_Julia_2000_dt_5.50e-06_Nx_128_periodic_dtout_2000_phi.csv
SAV_Julia_2000_dt_5.50e-06_Nx_128_neumann_dtout_10_75p_t_out.csv
Not a match
SAV_Julia_2000_dt_5.50e-06_Nx_64_neumann_dtout_2000_25p_phi.csv
NMG_Julia_2000_dt_5.50e-06_Nx_512_neumann_dtout_10_25p_mass.csv
Not a match
NMG_Julia_2000_dt_5.50e-06_Nx_256_neumann_dtout_10_25p_t_out.csv
Not a match
NMG_Julia_2000_dt_5.50e-06_Nx_256_neumann_dtout_10_75p_movie.avi
Not a match
NMG_Julia_2000_dt_5.50e-06_Nx_512_periodic_dtout_2000_75p_phi.csv
NMG_Julia_2000_dt_5.50e-06_Nx_128_neumann_dtout_10_t_out.csv
Not a match
NMG_Julia_2000_dt_5.50e-06_Nx_512_periodic_dtout_10_75p_mass.csv
Not a match
NMG_Julia_2000_dt_5.50e-06_Nx_128_periodic_dtout_10_25p_t_out.csv
Not a match
SAV_Julia_2000_dt_5.50e-06_Nx_64_periodic_dtout_10_25p_mass.csv
Not a match
NMG_Julia_2000_dt_5.50e-06_Nx_64_neumann_dtout_10_75p_mass.csv
Not a match
SAV_Julia_2000_dt_5.50e-06_Nx_256_periodic_dtout_2000_75p_phi.csv
SAV_Julia_2000_dt_5.50e-06_Nx_256_neumann_dtout_10_25p_phi.csv
NMG_Julia_2000_dt_5.50e-06_Nx_128_periodic_dtout_10_25p_movie.avi
Not a match
SAV_Julia_2000_dt_5.50e-06_Nx_512_neumann_dtout_10_movie.avi
Not a match
SAV_Julia_2000_dt_5.50e-06_Nx_128_neumann_dtout_2000_25p_phi.csv
NMG_Julia_2000_dt_5.50e-06_Nx_256_neumann_dtout_10_75p_phi.csv
SAV_Julia_2000_dt_5.50e-06_Nx_128_neumann_dtout_10_energy.csv
Not a match
SAV_Julia_2000_dt_5.50e-06_Nx_512_periodic_dtout_10_75p_movie.avi
Not a match
SAV_Julia_2000_dt_5.50e-06_Nx_128_periodic_dtout_10_75p_movie.avi
Not a match
NMG_Julia_2000_dt_5.50e-06_Nx_512_periodic_dtout_10_energy.csv
Not a match
SAV_Julia_2000_dt_5.50e-06_Nx_64_neumann_dtout_10_25p_movie.avi
Not a match
SAV_Julia_2000_dt_5.50e-06_Nx_512_neumann_dtout_10_t_out.csv
Not a match
NMG_Julia_2000_dt_5.50e-06_Nx_128_neumann_dtout_10_75p_energy.csv
Not a match
SAV_Julia_2000_dt_5.50e-06_Nx_512_neumann_dtout_10_25p_phi.csv
NMG_Julia_2000_dt_5.50e-06_Nx_64_neumann_dtout_2000_phi.csv
SAV_Julia_2000_dt_5.50e-06_Nx_128_periodic_dtout_10_75p_mass.csv
Not a match
NMG_Julia_2000_dt_5.50e-06_Nx_128_neumann_dtout_10_25p_t_out.csv
Not a match
SAV_Julia_2000_dt_5.50e-06_Nx_256_periodic_dtout_2000_phi.csv
SAV_Julia_2000_dt_5.50e-06_Nx_64_neumann_dtout_2000_phi.csv
SAV_Julia_2000_dt_5.50e-06_Nx_128_periodic_dtout_10_75p_phi.csv
NMG_Julia_2000_dt_5.50e-06_Nx_512_neumann_dtout_10_energy.csv
Not a match
SAV_Julia_2000_dt_5.50e-06_Nx_128_periodic_dtout_10_25p_mass.csv
Not a match
NMG_Julia_2000_dt_5.50e-06_Nx_64_periodic_dtout_10_phi.csv
SAV_Julia_2000_dt_5.50e-06_Nx_64_periodic_dtout_10_mass.csv
Not a match
NMG_Julia_2000_dt_5.50e-06_Nx_256_neumann_dtout_10_75p_mass.csv
Not a match
SAV_Julia_2000_dt_5.50e-06_Nx_128_periodic_dtout_10_energy.csv
Not a match
SAV_Julia_2000_dt_5.50e-06_Nx_512_neumann_dtout_2000_phi.csv
SAV_Julia_2000_dt_5.50e-06_Nx_256_neumann_dtout_10_movie.avi
Not a match
NMG_Julia_2000_dt_5.50e-06_Nx_128_neumann_dtout_10_energy.csv
Not a match
SAV_Julia_2000_dt_5.50e-06_Nx_64_periodic_dtout_10_movie.avi
Not a match
SAV_Julia_2000_dt_5.50e-06_Nx_128_periodic_dtout_10_mass.csv
Not a match
NMG_Julia_2000_dt_5.50e-06_Nx_64_periodic_dtout_10_75p_mass.csv
Not a match
NMG_Julia_2000_dt_5.50e-06_Nx_64_periodic_dtout_2000_phi.csv
NMG_Julia_2000_dt_5.50e-06_Nx_64_periodic_dtout_2000_75p_phi.csv
NMG_Julia_2000_dt_5.50e-06_Nx_512_neumann_dtout_10_25p_phi.csv
NMG_Julia_2000_dt_5.50e-06_Nx_128_neumann_dtout_10_75p_mass.csv
Not a match
NMG_Julia_2000_dt_5.50e-06_Nx_64_neumann_dtout_10_25p_mass.csv
Not a match
NMG_Julia_2000_dt_5.50e-06_Nx_128_periodic_dtout_10_25p_mass.csv
Not a match
SAV_Julia_2000_dt_5.50e-06_Nx_256_neumann_dtout_2000_25p_phi.csv
SAV_Julia_2000_dt_5.50e-06_Nx_256_neumann_dtout_2000_75p_phi.csv
NMG_Julia_2000_dt_5.50e-06_Nx_128_periodic_dtout_10_25p_energy.csv
Not a match
SAV_Julia_2000_dt_5.50e-06_Nx_512_periodic_dtout_10_phi.csv
NMG_Julia_2000_dt_5.50e-06_Nx_128_periodic_dtout_10_mass.csv
Not a match
NMG_Julia_2000_dt_5.50e-06_Nx_128_periodic_dtout_10_phi.csv
NMG_Julia_2000_dt_5.50e-06_Nx_128_neumann_dtout_2000_75p_phi.csv
SAV_Julia_2000_dt_5.50e-06_Nx_128_neumann_dtout_10_25p_movie.avi
Not a match
NMG_Julia_2000_dt_5.50e-06_Nx_256_periodic_dtout_10_25p_mass.csv
Not a match
NMG_Julia_2000_dt_5.50e-06_Nx_512_neumann_dtout_10_25p_movie.avi
Not a match
NMG_Julia_2000_dt_5.50e-06_Nx_64_periodic_dtout_10_75p_t_out.csv
Not a match
NMG_Julia_2000_dt_5.50e-06_Nx_256_neumann_dtout_10_75p_t_out.csv
Not a match
NMG_Julia_2000_dt_5.50e-06_Nx_256_periodic_dtout_10_t_out.csv
Not a match
SAV_Julia_2000_dt_5.50e-06_Nx_512_neumann_dtout_10_25p_t_out.csv
Not a match
NMG_Julia_2000_dt_5.50e-06_Nx_512_periodic_dtout_2000_25p_phi.csv
SAV_Julia_2000_dt_5.50e-06_Nx_64_periodic_dtout_2000_25p_phi.csv
NMG_Julia_2000_dt_5.50e-06_Nx_512_periodic_dtout_10_movie.avi
Not a match
NMG_Julia_2000_dt_5.50e-06_Nx_64_periodic_dtout_10_25p_t_out.csv
Not a match
SAV_Julia_2000_dt_5.50e-06_Nx_256_neumann_dtout_10_25p_mass.csv
Not a match
NMG_Julia_2000_dt_5.50e-06_Nx_128_neumann_dtout_10_25p_phi.csv
NMG_Julia_2000_dt_5.50e-06_Nx_512_periodic_dtout_10_75p_movie.avi
Not a match
SAV_Julia_2000_dt_5.50e-06_Nx_256_periodic_dtout_10_25p_t_out.csv
Not a match
NMG_Julia_2000_dt_5.50e-06_Nx_64_periodic_dtout_10_25p_mass.csv
Not a match
SAV_Julia_2000_dt_5.50e-06_Nx_64_neumann_dtout_10_movie.avi
Not a match
SAV_Julia_2000_dt_5.50e-06_Nx_256_periodic_dtout_10_75p_energy.csv
Not a match
SAV_Julia_2000_dt_5.50e-06_Nx_64_periodic_dtout_10_75p_t_out.csv
Not a match
SAV_Julia_2000_dt_5.50e-06_Nx_512_periodic_dtout_10_25p_movie.avi
Not a match
NMG_Julia_2000_dt_5.50e-06_Nx_512_neumann_dtout_10_75p_t_out.csv
Not a match
NMG_Julia_2000_dt_5.50e-06_Nx_64_periodic_dtout_10_energy.csv
Not a match
NMG_Julia_2000_dt_5.50e-06_Nx_512_periodic_dtout_10_75p_energy.csv
Not a match
NMG_Julia_2000_dt_5.50e-06_Nx_512_periodic_dtout_2000_phi.csv
NMG_Julia_2000_dt_5.50e-06_Nx_64_periodic_dtout_10_75p_phi.csv
NMG_Julia_2000_dt_5.50e-06_Nx_64_neumann_dtout_10_t_out.csv
Not a match
NMG_Julia_2000_dt_5.50e-06_Nx_128_neumann_dtout_10_mass.csv
Not a match
SAV_Julia_2000_dt_5.50e-06_Nx_64_periodic_dtout_10_energy.csv
Not a match
SAV_Julia_2000_dt_5.50e-06_Nx_64_periodic_dtout_10_t_out.csv
Not a match
SAV_Julia_2000_dt_5.50e-06_Nx_256_neumann_dtout_10_25p_movie.avi
Not a match
SAV_Julia_2000_dt_5.50e-06_Nx_128_neumann_dtout_10_75p_mass.csv
Not a match
SAV_Julia_2000_dt_5.50e-06_Nx_64_neumann_dtout_2000_75p_phi.csv
SAV_Julia_2000_dt_5.50e-06_Nx_256_neumann_dtout_10_75p_t_out.csv
Not a match
NMG_Julia_2000_dt_5.50e-06_Nx_64_periodic_dtout_10_75p_energy.csv
Not a match
SAV_Julia_2000_dt_5.50e-06_Nx_128_neumann_dtout_2000_75p_phi.csv
SAV_Julia_2000_dt_5.50e-06_Nx_64_periodic_dtout_2000_75p_phi.csv
SAV_Julia_2000_dt_5.50e-06_Nx_512_neumann_dtout_10_energy.csv
Not a match
SAV_Julia_2000_dt_5.50e-06_Nx_128_periodic_dtout_10_75p_t_out.csv
Not a match
SAV_Julia_2000_dt_5.50e-06_Nx_128_neumann_dtout_10_phi.csv
NMG_Julia_2000_dt_5.50e-06_Nx_64_neumann_dtout_10_75p_movie.avi
Not a match
NMG_Julia_2000_dt_5.50e-06_Nx_64_periodic_dtout_10_25p_movie.avi
Not a match
NMG_Julia_2000_dt_5.50e-06_Nx_512_periodic_dtout_10_mass.csv
Not a match
SAV_Julia_2000_dt_5.50e-06_Nx_64_periodic_dtout_10_25p_t_out.csv
Not a match
NMG_Julia_2000_dt_5.50e-06_Nx_512_neumann_dtout_10_75p_phi.csv
SAV_Julia_2000_dt_5.50e-06_Nx_256_neumann_dtout_10_phi.csv
NMG_Julia_2000_dt_5.50e-06_Nx_512_neumann_dtout_2000_25p_phi.csv
NMG_Julia_2000_dt_5.50e-06_Nx_256_periodic_dtout_10_25p_phi.csv
NMG_Julia_2000_dt_5.50e-06_Nx_256_neumann_dtout_10_phi.csv
SAV_Julia_2000_dt_5.50e-06_Nx_128_neumann_dtout_2000_phi.csv
SAV_Julia_2000_dt_5.50e-06_Nx_64_periodic_dtout_10_75p_mass.csv
Not a match
NMG_Julia_2000_dt_5.50e-06_Nx_256_periodic_dtout_10_75p_phi.csv
SAV_Julia_2000_dt_5.50e-06_Nx_512_periodic_dtout_10_25p_energy.csv
Not a match
SAV_Julia_2000_dt_5.50e-06_Nx_512_neumann_dtout_10_75p_energy.csv
Not a match
SAV_Julia_2000_dt_5.50e-06_Nx_64_periodic_dtout_10_75p_movie.avi
Not a match
NMG_Julia_2000_dt_5.50e-06_Nx_256_periodic_dtout_10_75p_energy.csv
Not a match
SAV_Julia_2000_dt_5.50e-06_Nx_256_neumann_dtout_10_75p_mass.csv
Not a match
SAV_Julia_2000_dt_5.50e-06_Nx_64_neumann_dtout_10_25p_phi.csv
SAV_Julia_2000_dt_5.50e-06_Nx_128_neumann_dtout_10_25p_energy.csv
Not a match
NMG_Julia_2000_dt_5.50e-06_Nx_512_neumann_dtout_10_phi.csv
SAV_Julia_2000_dt_5.50e-06_Nx_64_neumann_dtout_10_25p_mass.csv
Not a match
SAV_Julia_2000_dt_5.50e-06_Nx_64_neumann_dtout_10_25p_t_out.csv
Not a match
NMG_Julia_2000_dt_5.50e-06_Nx_512_periodic_dtout_10_t_out.csv
Not a match
NMG_Julia_2000_dt_5.50e-06_Nx_512_periodic_dtout_10_25p_energy.csv
Not a match
NMG_Julia_2000_dt_5.50e-06_Nx_64_neumann_dtout_10_75p_energy.csv
Not a match
SAV_Julia_2000_dt_5.50e-06_Nx_256_periodic_dtout_10_25p_energy.csv
Not a match
SAV_Julia_2000_dt_5.50e-06_Nx_64_neumann_dtout_10_t_out.csv
Not a match
SAV_Julia_2000_dt_5.50e-06_Nx_256_neumann_dtout_10_mass.csv
Not a match
SAV_Julia_2000_dt_5.50e-06_Nx_64_neumann_dtout_10_75p_energy.csv
Not a match
SAV_Julia_2000_dt_5.50e-06_Nx_128_neumann_dtout_10_25p_phi.csv
NMG_Julia_2000_dt_5.50e-06_Nx_512_periodic_dtout_10_75p_phi.csv
SAV_Julia_2000_dt_5.50e-06_Nx_512_neumann_dtout_2000_75p_phi.csv
NMG_Julia_2000_dt_5.50e-06_Nx_256_neumann_dtout_10_25p_movie.avi
Not a match
SAV_Julia_2000_dt_5.50e-06_Nx_128_periodic_dtout_2000_25p_phi.csv
NMG_Julia_2000_dt_5.50e-06_Nx_64_neumann_dtout_10_movie.avi
Not a match
NMG_Julia_2000_dt_5.50e-06_Nx_512_neumann_dtout_10_t_out.csv
Not a match
SAV_Julia_2000_dt_5.50e-06_Nx_256_periodic_dtout_10_25p_phi.csv
SAV_Julia_2000_dt_5.50e-06_Nx_512_periodic_dtout_2000_phi.csv
NMG_Julia_2000_dt_5.50e-06_Nx_128_periodic_dtout_10_energy.csv
Not a match
NMG_Julia_2000_dt_5.50e-06_Nx_512_neumann_dtout_10_25p_energy.csv
Not a match
NMG_Julia_2000_dt_5.50e-06_Nx_128_neumann_dtout_10_movie.avi
Not a match
NMG_Julia_2000_dt_5.50e-06_Nx_64_neumann_dtout_10_energy.csv
Not a match
NMG_Julia_2000_dt_5.50e-06_Nx_256_neumann_dtout_2000_25p_phi.csv
SAV_Julia_2000_dt_5.50e-06_Nx_256_periodic_dtout_10_75p_movie.avi
Not a match
NMG_Julia_2000_dt_5.50e-06_Nx_128_periodic_dtout_10_75p_movie.avi
Not a match
SAV_Julia_2000_dt_5.50e-06_Nx_256_periodic_dtout_10_movie.avi
Not a match
NMG_Julia_2000_dt_5.50e-06_Nx_128_neumann_dtout_10_75p_phi.csv
NMG_Julia_2000_dt_5.50e-06_Nx_512_periodic_dtout_10_25p_phi.csv
NMG_Julia_2000_dt_5.50e-06_Nx_256_periodic_dtout_10_75p_movie.avi
Not a match
NMG_Julia_2000_dt_5.50e-06_Nx_256_neumann_dtout_10_energy.csv
Not a match
NMG_Julia_2000_dt_5.50e-06_Nx_64_neumann_dtout_2000_25p_phi.csv
SAV_Julia_2000_dt_5.50e-06_Nx_64_periodic_dtout_2000_phi.csv
SAV_Julia_2000_dt_5.50e-06_Nx_64_neumann_dtout_10_75p_phi.csv
SAV_Julia_2000_dt_5.50e-06_Nx_64_periodic_dtout_10_75p_phi.csv
SAV_Julia_2000_dt_5.50e-06_Nx_128_periodic_dtout_10_25p_t_out.csv
Not a match
SAV_Julia_2000_dt_5.50e-06_Nx_512_neumann_dtout_10_mass.csv
Not a match
NMG_Julia_2000_dt_5.50e-06_Nx_256_neumann_dtout_10_75p_energy.csv
Not a match
NMG_Julia_2000_dt_5.50e-06_Nx_64_periodic_dtout_10_25p_phi.csv
NMG_Julia_2000_dt_5.50e-06_Nx_128_neumann_dtout_10_75p_movie.avi
Not a match
NMG_Julia_2000_dt_5.50e-06_Nx_64_periodic_dtout_10_mass.csv
Not a match
NMG_Julia_2000_dt_5.50e-06_Nx_512_periodic_dtout_10_25p_t_out.csv
Not a match
NMG_Julia_2000_dt_5.50e-06_Nx_128_neumann_dtout_10_25p_mass.csv
Not a match
SAV_Julia_2000_dt_5.50e-06_Nx_128_neumann_dtout_10_75p_energy.csv
Not a match
SAV_Julia_2000_dt_5.50e-06_Nx_64_periodic_dtout_10_phi.csv
SAV_Julia_2000_dt_5.50e-06_Nx_256_neumann_dtout_10_75p_phi.csv
NMG_Julia_2000_dt_5.50e-06_Nx_256_periodic_dtout_10_25p_movie.avi
Not a match
NMG_Julia_2000_dt_5.50e-06_Nx_64_periodic_dtout_10_movie.avi
Not a match
SAV_Julia_2000_dt_5.50e-06_Nx_128_neumann_dtout_10_75p_movie.avi
Not a match
SAV_Julia_2000_dt_5.50e-06_Nx_64_neumann_dtout_10_75p_t_out.csv
Not a match
SAV_Julia_2000_dt_5.50e-06_Nx_64_neumann_dtout_10_energy.csv
Not a match
NMG_Julia_2000_dt_5.50e-06_Nx_512_neumann_dtout_10_75p_energy.csv
Not a match
SAV_Julia_2000_dt_5.50e-06_Nx_128_neumann_dtout_10_t_out.csv
Not a match
SAV_Julia_2000_dt_5.50e-06_Nx_64_neumann_dtout_10_mass.csv
Not a match
NMG_Julia_2000_dt_5.50e-06_Nx_64_periodic_dtout_10_75p_movie.avi
Not a match
NMG_Julia_2000_dt_5.50e-06_Nx_512_periodic_dtout_10_25p_movie.avi
Not a match
NMG_Julia_2000_dt_5.50e-06_Nx_64_neumann_dtout_10_25p_movie.avi
Not a match
SAV_Julia_2000_dt_5.50e-06_Nx_128_neumann_dtout_10_25p_t_out.csv
Not a match
SAV_Julia_2000_dt_5.50e-06_Nx_256_neumann_dtout_10_25p_energy.csv
Not a match
SAV_Julia_2000_dt_5.50e-06_Nx_256_neumann_dtout_10_25p_t_out.csv
Not a match
SAV_Julia_2000_dt_5.50e-06_Nx_128_periodic_dtout_10_75p_energy.csv
Not a match
NMG_Julia_2000_dt_5.50e-06_Nx_256_neumann_dtout_10_25p_phi.csv
SAV_Julia_2000_dt_5.50e-06_Nx_256_periodic_dtout_10_t_out.csv
Not a match
SAV_Julia_2000_dt_5.50e-06_Nx_512_neumann_dtout_10_25p_mass.csv
Not a match
SAV_Julia_2000_dt_5.50e-06_Nx_256_periodic_dtout_10_75p_phi.csv
NMG_Julia_2000_dt_5.50e-06_Nx_256_periodic_dtout_10_75p_t_out.csv
Not a match
NMG_Julia_2000_dt_5.50e-06_Nx_128_periodic_dtout_10_t_out.csv
Not a match
SAV_Julia_2000_dt_5.50e-06_Nx_64_neumann_dtout_10_phi.csv
SAV_Julia_2000_dt_5.50e-06_Nx_128_periodic_dtout_2000_75p_phi.csv
SAV_Julia_2000_dt_5.50e-06_Nx_128_periodic_dtout_10_movie.avi
Not a match
NMG_Julia_2000_dt_5.50e-06_Nx_256_periodic_dtout_10_movie.avi
Not a match
NMG_Julia_2000_dt_5.50e-06_Nx_256_periodic_dtout_10_phi.csv
NMG_Julia_2000_dt_5.50e-06_Nx_256_neumann_dtout_10_25p_energy.csv
Not a match
NMG_Julia_2000_dt_5.50e-06_Nx_128_neumann_dtout_10_25p_energy.csv
Not a match
SAV_Julia_2000_dt_5.50e-06_Nx_128_periodic_dtout_10_25p_energy.csv
Not a match
NMG_Julia_2000_dt_5.50e-06_Nx_128_periodic_dtout_10_75p_phi.csv
NMG_Julia_2000_dt_5.50e-06_Nx_256_periodic_dtout_10_25p_t_out.csv
Not a match
NMG_Julia_2000_dt_5.50e-06_Nx_256_periodic_dtout_10_25p_energy.csv
Not a match
SAV_Julia_2000_dt_5.50e-06_Nx_128_neumann_dtout_10_movie.avi
Not a match
SAV_Julia_2000_dt_5.50e-06_Nx_256_periodic_dtout_10_energy.csv
Not a match
SAV_Julia_2000_dt_5.50e-06_Nx_256_periodic_dtout_10_25p_mass.csv
Not a match
SAV_Julia_2000_dt_5.50e-06_Nx_256_periodic_dtout_10_phi.csv
NMG_Julia_2000_dt_5.50e-06_Nx_128_periodic_dtout_10_25p_phi.csv
NMG_Julia_2000_dt_5.50e-06_Nx_64_periodic_dtout_10_t_out.csv
Not a match
NMG_Julia_2000_dt_5.50e-06_Nx_256_neumann_dtout_10_t_out.csv
Not a match
NMG_Julia_2000_dt_5.50e-06_Nx_64_neumann_dtout_2000_75p_phi.csv
NMG_Julia_2000_dt_5.50e-06_Nx_256_neumann_dtout_10_25p_mass.csv
Not a match
SAV_Julia_2000_dt_5.50e-06_Nx_64_periodic_dtout_10_25p_movie.avi
Not a match
SAV_Julia_2000_dt_5.50e-06_Nx_256_neumann_dtout_10_75p_energy.csv
Not a match
NMG_Julia_2000_dt_5.50e-06_Nx_128_neumann_dtout_10_25p_movie.avi
Not a match
NMG_Julia_2000_dt_5.50e-06_Nx_512_neumann_dtout_10_25p_t_out.csv
Not a match
NMG_Julia_2000_dt_5.50e-06_Nx_64_periodic_dtout_2000_25p_phi.csv
NMG_Julia_2000_dt_5.50e-06_Nx_256_neumann_dtout_2000_75p_phi.csv
SAV_Julia_2000_dt_5.50e-06_Nx_512_neumann_dtout_2000_25p_phi.csv
SAV_Julia_2000_dt_5.50e-06_Nx_64_neumann_dtout_10_75p_movie.avi
Not a match
NMG_Julia_2000_dt_5.50e-06_Nx_512_neumann_dtout_2000_75p_phi.csv
NMG_Julia_2000_dt_5.50e-06_Nx_512_neumann_dtout_10_movie.avi
Not a match
NMG_Julia_2000_dt_5.50e-06_Nx_256_periodic_dtout_2000_25p_phi.csv
NMG_Julia_2000_dt_5.50e-06_Nx_512_periodic_dtout_10_phi.csv
NMG_Julia_2000_dt_5.50e-06_Nx_128_periodic_dtout_2000_25p_phi.csv
SAV_Julia_2000_dt_5.50e-06_Nx_64_periodic_dtout_10_25p_energy.csv
Not a match
NMG_Julia_2000_dt_5.50e-06_Nx_128_periodic_dtout_10_75p_energy.csv
Not a match
NMG_Julia_2000_dt_5.50e-06_Nx_128_periodic_dtout_10_movie.avi
Not a match
SAV_Julia_2000_dt_5.50e-06_Nx_64_periodic_dtout_10_25p_phi.csv
SAV_Julia_2000_dt_5.50e-06_Nx_256_periodic_dtout_10_75p_mass.csv
Not a match
NMG_Python_20_dt_5.50e-06_Nx_128_periodic_dtout_1_25presidual.csv
Not a match
NMG_Python_20_dt_5.50e-06_Nx_256_periodic_dtout_20_25pphi.csv
NMG_Python_20_dt_5.50e-06_Nx_64_periodic_dtout_1_25penergy.csv
Not a match
NMG_Python_20_dt_5.50e-06_Nx_256_periodic_dtout_1residual.csv
Not a match
spinodal_decomp_04_2025SAV_Python_2000_dt_5.50e-06_Nx_256_neumann_dtout_2000phi.csv
NMG_Python_20_dt_5.50e-06_Nx_256_periodic_dtout_1_75penergy.csv
Not a match
NMG_Python_20_dt_5.50e-06_Nx_512_neumann_dtout_1_25pphi.csv
spinodal_decomp_04_2025SAV_Python_2000_dt_5.50e-06_Nx_128_periodic_dtout_10mass.csv
Not a match
NMG_Python_20_dt_5.50e-06_Nx_64_neumann_dtout_1_75pmass.csv
Not a match
spinodal_decomp_04_2025NMG_Python_200_dt_5.50e-06_Nx_512_neumann_dtout_200residual.csv
Not a match
NMG_Python_20_dt_5.50e-06_Nx_512_neumann_dtout_20_25presidual.csv
Not a match
NMG_Python_20_dt_5.50e-06_Nx_64_neumann_dtout_1_25pmass.csv
Not a match
SAV_Python_2000_dt_5.50e-06_Nx_512_periodic_dtout_2000_25pphi.csv
spinodal_decomp_04_2025NMG_Python_20_dt_5.50e-06_Nx_128_neumann_dtout_10mass.csv
Not a match
NMG_Python_20_dt_5.50e-06_Nx_512_periodic_dtout_1_75pmass.csv
Not a match
NMG_Python_20_dt_5.50e-06_Nx_512_periodic_dtout_20phi.csv
SAV_Python_2000_dt_5.50e-06_Nx_64_neumann_dtout_10_25pphi.csv
NMG_Python_20_dt_5.50e-06_Nx_64_neumann_dtout_1_75pt_out.csv
Not a match
SAV_Python_2000_dt_5.50e-06_Nx_256_periodic_dtout_10_75pmass.csv
Not a match
spinodal_decomp_04_2025NMG_Python_20_dt_5.50e-06_Nx_256_neumann_dtout_10phi.csv
spinodal_decomp_04_2025NMG_Python_20_dt_5.50e-06_Nx_128_periodic_dtout_10phi.csv
NMG_Python_20_dt_5.50e-06_Nx_128_periodic_dtout_1_75pt_out.csv
Not a match
NMG_Python_20_dt_5.50e-06_Nx_128_periodic_dtout_1_75presidual.csv
Not a match
spinodal_decomp_04_2025SAV_Python_2000_dt_5.50e-06_Nx_512_periodic_dtout_10t_out.csv
Not a match
spinodal_decomp_04_2025NMG_Python_200_dt_5.50e-06_Nx_64_periodic_dtout_200phi.csv
SAV_Python_2000_dt_5.50e-06_Nx_256_neumann_dtout_2000_75pphi.csv
spinodal_decomp_04_2025NMG_Python_20_dt_5.50e-06_Nx_512_neumann_dtout_20phi.csv
NMG_Python_20_dt_5.50e-06_Nx_64_neumann_dtout_1_25presidual.csv
Not a match
NMG_Python_20_dt_5.50e-06_Nx_64_neumann_dtout_1_75presidual.csv
Not a match
NMG_Python_20_dt_5.50e-06_Nx_256_neumann_dtout_1_25pmass.csv
Not a match
SAV_Python_2000_dt_5.50e-06_Nx_128_neumann_dtout_10_25pt_out.csv
Not a match
spinodal_decomp_04_2025SAV_Python_2000_dt_5.50e-06_Nx_128_neumann_dtout_10phi.csv
NMG_Python_20_dt_5.50e-06_Nx_256_neumann_dtout_20_25pphi.csv
spinodal_decomp_04_2025SAV_Python_2000_dt_5.50e-06_Nx_512_periodic_dtout_10mass.csv
Not a match
spinodal_decomp_04_2025NMG_Python_20_dt_5.50e-06_Nx_512_neumann_dtout_20residual.csv
Not a match
spinodal_decomp_04_2025NMG_Python_20_dt_5.50e-06_Nx_512_neumann_dtout_10residual.csv
Not a match
spinodal_decomp_04_2025NMG_Python_20_dt_5.50e-06_Nx_64_neumann_dtout_10residual.csv
Not a match
SAV_Python_2000_dt_5.50e-06_Nx_256_neumann_dtout_10_75pphi.csv
spinodal_decomp_04_2025SAV_Python_2000_dt_5.50e-06_Nx_64_periodic_dtout_10t_out.csv
Not a match
SAV_Python_2000_dt_5.50e-06_Nx_128_periodic_dtout_10_25penergy.csv
Not a match
spinodal_decomp_04_2025SAV_Python_2000_dt_5.50e-06_Nx_128_periodic_dtout_10energy.csv
Not a match
NMG_Python_20_dt_5.50e-06_Nx_256_neumann_dtout_20_25presidual.csv
Not a match
SAV_Python_2000_dt_5.50e-06_Nx_256_neumann_dtout_10_75pt_out.csv
Not a match
NMG_Python_20_dt_5.50e-06_Nx_128_neumann_dtout_1_75pphi.csv
NMG_Python_20_dt_5.50e-06_Nx_512_periodic_dtout_1_75penergy.csv
Not a match
spinodal_decomp_04_2025NMG_Python_20_dt_5.50e-06_Nx_512_periodic_dtout_20phi.csv
SAV_Python_2000_dt_5.50e-06_Nx_64_neumann_dtout_10_75pphi.csv
NMG_Python_20_dt_5.50e-06_Nx_512_periodic_dtout_1phi.csv
SAV_Python_2000_dt_5.50e-06_Nx_64_neumann_dtout_10_75pt_out.csv
Not a match
spinodal_decomp_04_2025SAV_Python_2000_dt_5.50e-06_Nx_512_neumann_dtout_10mass.csv
Not a match
SAV_Python_2000_dt_5.50e-06_Nx_64_periodic_dtout_10_75penergy.csv
Not a match
NMG_Python_20_dt_5.50e-06_Nx_64_neumann_dtout_1_25penergy.csv
Not a match
SAV_Python_2000_dt_5.50e-06_Nx_512_periodic_dtout_10_25pmass.csv
Not a match
spinodal_decomp_04_2025NMG_Python_20_dt_5.50e-06_Nx_128_periodic_dtout_2000phi.csv
spinodal_decomp_04_2025NMG_Python_20_dt_5.50e-06_Nx_256_neumann_dtout_20residual.csv
Not a match
NMG_Python_20_dt_5.50e-06_Nx_256_periodic_dtout_1_25pt_out.csv
Not a match
NMG_Python_20_dt_5.50e-06_Nx_128_periodic_dtout_20phi.csv
SAV_Python_2000_dt_5.50e-06_Nx_512_neumann_dtout_2000_25pphi.csv
spinodal_decomp_04_2025NMG_Python_200_dt_5.50e-06_Nx_256_neumann_dtout_200residual.csv
Not a match
SAV_Python_2000_dt_5.50e-06_Nx_512_neumann_dtout_10_25pt_out.csv
Not a match
NMG_Python_20_dt_5.50e-06_Nx_256_periodic_dtout_1t_out.csv
Not a match
spinodal_decomp_04_2025NMG_Python_20_dt_5.50e-06_Nx_64_periodic_dtout_20residual.csv
Not a match
spinodal_decomp_04_2025NMG_Python_200_dt_5.50e-06_Nx_128_neumann_dtout_200residual.csv
Not a match
NMG_Python_20_dt_5.50e-06_Nx_128_periodic_dtout_1phi.csv
NMG_Python_20_dt_5.50e-06_Nx_256_neumann_dtout_1_75pmass.csv
Not a match
NMG_Python_20_dt_5.50e-06_Nx_256_periodic_dtout_20_75presidual.csv
Not a match
NMG_Python_20_dt_5.50e-06_Nx_64_neumann_dtout_1_25pphi.csv
spinodal_decomp_04_2025NMG_Python_200_dt_5.50e-06_Nx_64_neumann_dtout_200residual.csv
Not a match
spinodal_decomp_04_2025SAV_Python_2000_dt_5.50e-06_Nx_128_neumann_dtout_10t_out.csv
Not a match
SAV_Python_2000_dt_5.50e-06_Nx_128_periodic_dtout_2000_75pphi.csv
spinodal_decomp_04_2025NMG_Python_20_dt_5.50e-06_Nx_256_periodic_dtout_2000phi.csv
spinodal_decomp_04_2025NMG_Python_20_dt_5.50e-06_Nx_128_neumann_dtout_10residual.csv
Not a match
NMG_Python_20_dt_5.50e-06_Nx_512_periodic_dtout_1_75pphi.csv
spinodal_decomp_04_2025NMG_Python_20_dt_5.50e-06_Nx_512_neumann_dtout_10t_out.csv
Not a match
NMG_Python_20_dt_5.50e-06_Nx_256_neumann_dtout_1_25pt_out.csv
Not a match
NMG_Python_20_dt_5.50e-06_Nx_64_periodic_dtout_1energy.csv
Not a match
spinodal_decomp_04_2025SAV_Python_2000_dt_5.50e-06_Nx_512_neumann_dtout_10t_out.csv
Not a match
SAV_Python_2000_dt_5.50e-06_Nx_512_neumann_dtout_10_25pmass.csv
Not a match
NMG_Python_20_dt_5.50e-06_Nx_64_periodic_dtout_20_25presidual.csv
Not a match
spinodal_decomp_04_2025SAV_Python_2000_dt_5.50e-06_Nx_512_neumann_dtout_2000phi.csv
spinodal_decomp_04_2025NMG_Python_20_dt_5.50e-06_Nx_512_periodic_dtout_10residual.csv
Not a match
NMG_Python_20_dt_5.50e-06_Nx_512_neumann_dtout_1_25penergy.csv
Not a match
NMG_Python_20_dt_5.50e-06_Nx_64_periodic_dtout_20phi.csv
NMG_Python_20_dt_5.50e-06_Nx_512_periodic_dtout_1mass.csv
Not a match
SAV_Python_2000_dt_5.50e-06_Nx_512_periodic_dtout_10_75pphi.csv
NMG_Python_20_dt_5.50e-06_Nx_128_neumann_dtout_1_75pmass.csv
Not a match
SAV_Python_2000_dt_5.50e-06_Nx_512_periodic_dtout_2000_75pphi.csv
NMG_Python_20_dt_5.50e-06_Nx_512_neumann_dtout_1_75penergy.csv
Not a match
spinodal_decomp_04_2025NMG_Python_20_dt_5.50e-06_Nx_64_periodic_dtout_2000phi.csv
NMG_Python_20_dt_5.50e-06_Nx_64_neumann_dtout_1_75pphi.csv
NMG_Python_20_dt_5.50e-06_Nx_256_periodic_dtout_1_75pt_out.csv
Not a match
spinodal_decomp_04_2025NMG_Python_20_dt_5.50e-06_Nx_64_neumann_dtout_10energy.csv
Not a match
spinodal_decomp_04_2025SAV_Python_2000_dt_5.50e-06_Nx_256_periodic_dtout_10t_out.csv
Not a match
NMG_Python_20_dt_5.50e-06_Nx_128_periodic_dtout_20_75pphi.csv
spinodal_decomp_04_2025SAV_Python_2000_dt_5.50e-06_Nx_256_periodic_dtout_2000phi.csv
SAV_Python_2000_dt_5.50e-06_Nx_64_neumann_dtout_10_75penergy.csv
Not a match
NMG_Python_20_dt_5.50e-06_Nx_128_neumann_dtout_1_25pt_out.csv
Not a match
SAV_Python_2000_dt_5.50e-06_Nx_512_neumann_dtout_10_75pphi.csv
SAV_Python_2000_dt_5.50e-06_Nx_128_periodic_dtout_2000_25pphi.csv
spinodal_decomp_04_2025SAV_Python_2000_dt_5.50e-06_Nx_128_neumann_dtout_10mass.csv
Not a match
NMG_Python_20_dt_5.50e-06_Nx_512_periodic_dtout_1_75presidual.csv
Not a match
NMG_Python_20_dt_5.50e-06_Nx_256_neumann_dtout_1_25penergy.csv
Not a match
NMG_Python_20_dt_5.50e-06_Nx_64_neumann_dtout_20_75pphi.csv
SAV_Python_2000_dt_5.50e-06_Nx_256_neumann_dtout_10_75penergy.csv
Not a match
spinodal_decomp_04_2025SAV_Python_2000_dt_5.50e-06_Nx_256_periodic_dtout_10phi.csv
spinodal_decomp_04_2025NMG_Python_20_dt_5.50e-06_Nx_64_periodic_dtout_2000residual.csv
Not a match
NMG_Python_20_dt_5.50e-06_Nx_256_periodic_dtout_1phi.csv
SAV_Python_2000_dt_5.50e-06_Nx_64_periodic_dtout_2000_25pphi.csv
SAV_Python_2000_dt_5.50e-06_Nx_128_periodic_dtout_10_25pt_out.csv
Not a match
spinodal_decomp_04_2025NMG_Python_20_dt_5.50e-06_Nx_64_neumann_dtout_10mass.csv
Not a match
NMG_Python_20_dt_5.50e-06_Nx_128_periodic_dtout_1t_out.csv
Not a match
spinodal_decomp_04_2025NMG_Python_20_dt_5.50e-06_Nx_512_neumann_dtout_10mass.csv
Not a match
NMG_Python_20_dt_5.50e-06_Nx_128_periodic_dtout_1_25pphi.csv
NMG_Python_20_dt_5.50e-06_Nx_128_periodic_dtout_1_75penergy.csv
Not a match
NMG_Python_20_dt_5.50e-06_Nx_64_periodic_dtout_1_25pt_out.csv
Not a match
NMG_Python_20_dt_5.50e-06_Nx_64_periodic_dtout_1_75pmass.csv
Not a match
NMG_Python_20_dt_5.50e-06_Nx_256_periodic_dtout_1mass.csv
Not a match
spinodal_decomp_04_2025SAV_Python_2000_dt_5.50e-06_Nx_64_neumann_dtout_10mass.csv
Not a match
spinodal_decomp_04_2025NMG_Python_200_dt_5.50e-06_Nx_512_periodic_dtout_200residual.csv
Not a match
spinodal_decomp_04_2025SAV_Python_2000_dt_5.50e-06_Nx_512_periodic_dtout_10phi.csv
spinodal_decomp_04_2025NMG_Python_20_dt_5.50e-06_Nx_128_periodic_dtout_20phi.csv
NMG_Python_20_dt_5.50e-06_Nx_64_periodic_dtout_20_75presidual.csv
Not a match
NMG_Python_20_dt_5.50e-06_Nx_128_periodic_dtout_1_75pmass.csv
Not a match
NMG_Python_20_dt_5.50e-06_Nx_64_periodic_dtout_1phi.csv
spinodal_decomp_04_2025SAV_Python_2000_dt_5.50e-06_Nx_64_neumann_dtout_10phi.csv
SAV_Python_2000_dt_5.50e-06_Nx_128_neumann_dtout_10_75pt_out.csv
Not a match
NMG_Python_20_dt_5.50e-06_Nx_512_periodic_dtout_20_25presidual.csv
Not a match
SAV_Python_2000_dt_5.50e-06_Nx_128_neumann_dtout_10_75penergy.csv
Not a match
NMG_Python_20_dt_5.50e-06_Nx_256_periodic_dtout_20_25presidual.csv
Not a match
SAV_Python_2000_dt_5.50e-06_Nx_128_neumann_dtout_10_75pmass.csv
Not a match
spinodal_decomp_04_2025NMG_Python_20_dt_5.50e-06_Nx_512_neumann_dtout_10phi.csv
NMG_Python_20_dt_5.50e-06_Nx_256_periodic_dtout_20phi.csv
spinodal_decomp_04_2025NMG_Python_200_dt_5.50e-06_Nx_256_periodic_dtout_200phi.csv
SAV_Python_2000_dt_5.50e-06_Nx_512_neumann_dtout_10_75pt_out.csv
Not a match
SAV_Python_2000_dt_5.50e-06_Nx_64_periodic_dtout_2000_75pphi.csv
NMG_Python_20_dt_5.50e-06_Nx_128_periodic_dtout_20_25pphi.csv
NMG_Python_20_dt_5.50e-06_Nx_64_neumann_dtout_20_25pphi.csv
SAV_Python_2000_dt_5.50e-06_Nx_128_neumann_dtout_10_25pphi.csv
spinodal_decomp_04_2025SAV_Python_2000_dt_5.50e-06_Nx_64_neumann_dtout_10t_out.csv
Not a match
NMG_Python_20_dt_5.50e-06_Nx_512_periodic_dtout_1t_out.csv
Not a match
spinodal_decomp_04_2025NMG_Python_20_dt_5.50e-06_Nx_512_periodic_dtout_20residual.csv
Not a match
NMG_Python_20_dt_5.50e-06_Nx_512_neumann_dtout_1_75pt_out.csv
Not a match
spinodal_decomp_04_2025NMG_Python_20_dt_5.50e-06_Nx_128_periodic_dtout_20residual.csv
Not a match
spinodal_decomp_04_2025SAV_Python_2000_dt_5.50e-06_Nx_512_neumann_dtout_10energy.csv
Not a match
SAV_Python_2000_dt_5.50e-06_Nx_256_periodic_dtout_10_75penergy.csv
Not a match
SAV_Python_2000_dt_5.50e-06_Nx_256_periodic_dtout_2000_25pphi.csv
spinodal_decomp_04_2025NMG_Python_20_dt_5.50e-06_Nx_512_neumann_dtout_2000residual.csv
Not a match
SAV_Python_2000_dt_5.50e-06_Nx_64_periodic_dtout_10_75pmass.csv
Not a match
SAV_Python_2000_dt_5.50e-06_Nx_512_periodic_dtout_10_25pt_out.csv
Not a match
NMG_Python_20_dt_5.50e-06_Nx_128_neumann_dtout_1_75pt_out.csv
Not a match
NMG_Python_20_dt_5.50e-06_Nx_128_neumann_dtout_1_25penergy.csv
Not a match
NMG_Python_20_dt_5.50e-06_Nx_64_periodic_dtout_1_25presidual.csv
Not a match
NMG_Python_20_dt_5.50e-06_Nx_256_periodic_dtout_1energy.csv
Not a match
NMG_Python_20_dt_5.50e-06_Nx_512_neumann_dtout_1_25presidual.csv
Not a match
SAV_Python_2000_dt_5.50e-06_Nx_512_periodic_dtout_10_75pt_out.csv
Not a match
SAV_Python_2000_dt_5.50e-06_Nx_64_neumann_dtout_10_25penergy.csv
Not a match
spinodal_decomp_04_2025NMG_Python_20_dt_5.50e-06_Nx_128_neumann_dtout_10phi.csv
NMG_Python_20_dt_5.50e-06_Nx_256_periodic_dtout_1_75pphi.csv
spinodal_decomp_04_2025SAV_Python_2000_dt_5.50e-06_Nx_256_neumann_dtout_10energy.csv
Not a match
SAV_Python_2000_dt_5.50e-06_Nx_256_neumann_dtout_10_25penergy.csv
Not a match
spinodal_decomp_04_2025NMG_Python_20_dt_5.50e-06_Nx_256_neumann_dtout_2000phi.csv
NMG_Python_20_dt_5.50e-06_Nx_512_neumann_dtout_1_75pmass.csv
Not a match
SAV_Python_2000_dt_5.50e-06_Nx_64_neumann_dtout_10_75pmass.csv
Not a match
NMG_Python_20_dt_5.50e-06_Nx_512_neumann_dtout_20_25pphi.csv
NMG_Python_20_dt_5.50e-06_Nx_256_periodic_dtout_20_75pphi.csv
NMG_Python_20_dt_5.50e-06_Nx_512_periodic_dtout_1residual.csv
Not a match
NMG_Python_20_dt_5.50e-06_Nx_128_neumann_dtout_20_75presidual.csv
Not a match
SAV_Python_2000_dt_5.50e-06_Nx_128_neumann_dtout_10_25pmass.csv
Not a match
spinodal_decomp_04_2025NMG_Python_20_dt_5.50e-06_Nx_128_neumann_dtout_10t_out.csv
Not a match
spinodal_decomp_04_2025NMG_Python_20_dt_5.50e-06_Nx_256_neumann_dtout_10residual.csv
Not a match
spinodal_decomp_04_2025NMG_Python_20_dt_5.50e-06_Nx_512_periodic_dtout_2000phi.csv
spinodal_decomp_04_2025NMG_Python_20_dt_5.50e-06_Nx_64_neumann_dtout_2000phi.csv
spinodal_decomp_04_2025NMG_Python_20_dt_5.50e-06_Nx_256_neumann_dtout_10mass.csv
Not a match
spinodal_decomp_04_2025NMG_Python_20_dt_5.50e-06_Nx_128_periodic_dtout_2000residual.csv
Not a match
NMG_Python_20_dt_5.50e-06_Nx_512_periodic_dtout_20_75presidual.csv
Not a match
SAV_Python_2000_dt_5.50e-06_Nx_64_neumann_dtout_10_25pt_out.csv
Not a match
spinodal_decomp_04_2025SAV_Python_2000_dt_5.50e-06_Nx_64_neumann_dtout_2000phi.csv
spinodal_decomp_04_2025NMG_Python_200_dt_5.50e-06_Nx_64_periodic_dtout_200residual.csv
Not a match
spinodal_decomp_04_2025SAV_Python_2000_dt_5.50e-06_Nx_512_periodic_dtout_2000phi.csv
SAV_Python_2000_dt_5.50e-06_Nx_256_neumann_dtout_10_25pmass.csv
Not a match
spinodal_decomp_04_2025SAV_Python_2000_dt_5.50e-06_Nx_512_neumann_dtout_10phi.csv
NMG_Python_20_dt_5.50e-06_Nx_128_neumann_dtout_20_25presidual.csv
Not a match
SAV_Python_2000_dt_5.50e-06_Nx_256_neumann_dtout_10_75pmass.csv
Not a match
SAV_Python_2000_dt_5.50e-06_Nx_512_periodic_dtout_10_25penergy.csv
Not a match
NMG_Python_20_dt_5.50e-06_Nx_512_neumann_dtout_1_75presidual.csv
Not a match
SAV_Python_2000_dt_5.50e-06_Nx_512_neumann_dtout_10_25penergy.csv
Not a match
NMG_Python_20_dt_5.50e-06_Nx_64_neumann_dtout_1_75penergy.csv
Not a match
SAV_Python_2000_dt_5.50e-06_Nx_64_neumann_dtout_2000_75pphi.csv
spinodal_decomp_04_2025SAV_Python_2000_dt_5.50e-06_Nx_128_periodic_dtout_10t_out.csv
Not a match
SAV_Python_2000_dt_5.50e-06_Nx_256_periodic_dtout_10_25pphi.csv
spinodal_decomp_04_2025SAV_Python_2000_dt_5.50e-06_Nx_128_neumann_dtout_10energy.csv
Not a match
NMG_Python_20_dt_5.50e-06_Nx_64_periodic_dtout_1_75pphi.csv
spinodal_decomp_04_2025NMG_Python_20_dt_5.50e-06_Nx_512_neumann_dtout_10energy.csv
Not a match
spinodal_decomp_04_2025NMG_Python_200_dt_5.50e-06_Nx_512_neumann_dtout_200phi.csv
NMG_Python_20_dt_5.50e-06_Nx_128_neumann_dtout_1_25pphi.csv
spinodal_decomp_04_2025SAV_Python_2000_dt_5.50e-06_Nx_128_neumann_dtout_2000phi.csv
SAV_Python_2000_dt_5.50e-06_Nx_128_periodic_dtout_10_75pt_out.csv
Not a match
NMG_Python_20_dt_5.50e-06_Nx_256_neumann_dtout_1_75pphi.csv
NMG_Python_20_dt_5.50e-06_Nx_256_neumann_dtout_1_25pphi.csv
spinodal_decomp_04_2025NMG_Python_20_dt_5.50e-06_Nx_64_neumann_dtout_2000residual.csv
Not a match
spinodal_decomp_04_2025SAV_Python_2000_dt_5.50e-06_Nx_64_periodic_dtout_10energy.csv
Not a match
spinodal_decomp_04_2025NMG_Python_20_dt_5.50e-06_Nx_256_periodic_dtout_20phi.csv
spinodal_decomp_04_2025NMG_Python_20_dt_5.50e-06_Nx_256_periodic_dtout_20residual.csv
Not a match
spinodal_decomp_04_2025NMG_Python_20_dt_5.50e-06_Nx_256_neumann_dtout_20phi.csv
NMG_Python_20_dt_5.50e-06_Nx_256_neumann_dtout_1_75presidual.csv
Not a match
SAV_Python_2000_dt_5.50e-06_Nx_64_neumann_dtout_2000_25pphi.csv
spinodal_decomp_04_2025SAV_Python_2000_dt_5.50e-06_Nx_64_periodic_dtout_10mass.csv
Not a match
NMG_Python_20_dt_5.50e-06_Nx_256_periodic_dtout_20residual.csv
Not a match
SAV_Python_2000_dt_5.50e-06_Nx_128_neumann_dtout_2000_75pphi.csv
spinodal_decomp_04_2025SAV_Python_2000_dt_5.50e-06_Nx_256_periodic_dtout_10energy.csv
Not a match
spinodal_decomp_04_2025NMG_Python_20_dt_5.50e-06_Nx_512_periodic_dtout_10phi.csv
NMG_Python_20_dt_5.50e-06_Nx_128_periodic_dtout_1mass.csv
Not a match
SAV_Python_2000_dt_5.50e-06_Nx_64_periodic_dtout_10_25pphi.csv
NMG_Python_20_dt_5.50e-06_Nx_128_neumann_dtout_20_25pphi.csv
NMG_Python_20_dt_5.50e-06_Nx_128_periodic_dtout_1_75pphi.csv
NMG_Python_20_dt_5.50e-06_Nx_128_neumann_dtout_1_25presidual.csv
Not a match
NMG_Python_20_dt_5.50e-06_Nx_256_periodic_dtout_1_25presidual.csv
Not a match
NMG_Python_20_dt_5.50e-06_Nx_512_periodic_dtout_20residual.csv
Not a match
spinodal_decomp_04_2025SAV_Python_2000_dt_5.50e-06_Nx_512_periodic_dtout_10energy.csv
Not a match
spinodal_decomp_04_2025NMG_Python_20_dt_5.50e-06_Nx_256_periodic_dtout_2000residual.csv
Not a match
spinodal_decomp_04_2025SAV_Python_2000_dt_5.50e-06_Nx_64_periodic_dtout_2000phi.csv
NMG_Python_20_dt_5.50e-06_Nx_128_periodic_dtout_1_25pt_out.csv
Not a match
SAV_Python_2000_dt_5.50e-06_Nx_128_periodic_dtout_10_25pphi.csv
NMG_Python_20_dt_5.50e-06_Nx_128_neumann_dtout_1_25pmass.csv
Not a match
spinodal_decomp_04_2025NMG_Python_200_dt_5.50e-06_Nx_128_periodic_dtout_200phi.csv
SAV_Python_2000_dt_5.50e-06_Nx_256_periodic_dtout_10_25pmass.csv
Not a match
SAV_Python_2000_dt_5.50e-06_Nx_256_periodic_dtout_10_25pt_out.csv
Not a match
NMG_Python_20_dt_5.50e-06_Nx_512_periodic_dtout_1_25pt_out.csv
Not a match
SAV_Python_2000_dt_5.50e-06_Nx_256_periodic_dtout_10_25penergy.csv
Not a match
NMG_Python_20_dt_5.50e-06_Nx_64_neumann_dtout_1_25pt_out.csv
Not a match
NMG_Python_20_dt_5.50e-06_Nx_64_periodic_dtout_20_25pphi.csv
SAV_Python_2000_dt_5.50e-06_Nx_512_neumann_dtout_2000_75pphi.csv
NMG_Python_20_dt_5.50e-06_Nx_128_periodic_dtout_1energy.csv
Not a match
NMG_Python_20_dt_5.50e-06_Nx_64_periodic_dtout_1_25pmass.csv
Not a match
SAV_Python_2000_dt_5.50e-06_Nx_256_neumann_dtout_10_25pphi.csv
spinodal_decomp_04_2025NMG_Python_20_dt_5.50e-06_Nx_64_neumann_dtout_10t_out.csv
Not a match
spinodal_decomp_04_2025NMG_Python_20_dt_5.50e-06_Nx_256_neumann_dtout_10energy.csv
Not a match
NMG_Python_20_dt_5.50e-06_Nx_256_neumann_dtout_1_25presidual.csv
Not a match
SAV_Python_2000_dt_5.50e-06_Nx_512_neumann_dtout_10_75penergy.csv
Not a match
NMG_Python_20_dt_5.50e-06_Nx_64_periodic_dtout_1_25pphi.csv
SAV_Python_2000_dt_5.50e-06_Nx_128_neumann_dtout_10_75pphi.csv
NMG_Python_20_dt_5.50e-06_Nx_512_neumann_dtout_1_25pmass.csv
Not a match
NMG_Python_20_dt_5.50e-06_Nx_256_neumann_dtout_20_75pphi.csv
NMG_Python_20_dt_5.50e-06_Nx_256_periodic_dtout_1_75presidual.csv
Not a match
NMG_Python_20_dt_5.50e-06_Nx_256_periodic_dtout_1_25pphi.csv
spinodal_decomp_04_2025NMG_Python_20_dt_5.50e-06_Nx_64_periodic_dtout_10residual.csv
Not a match
spinodal_decomp_04_2025SAV_Python_2000_dt_5.50e-06_Nx_256_neumann_dtout_10mass.csv
Not a match
SAV_Python_2000_dt_5.50e-06_Nx_512_periodic_dtout_10_25pphi.csv
NMG_Python_20_dt_5.50e-06_Nx_128_periodic_dtout_20_75presidual.csv
Not a match
NMG_Python_20_dt_5.50e-06_Nx_512_neumann_dtout_20_75presidual.csv
Not a match
spinodal_decomp_04_2025NMG_Python_20_dt_5.50e-06_Nx_512_periodic_dtout_2000residual.csv
Not a match
spinodal_decomp_04_2025NMG_Python_20_dt_5.50e-06_Nx_64_neumann_dtout_10phi.csv
NMG_Python_20_dt_5.50e-06_Nx_64_periodic_dtout_1residual.csv
Not a match
spinodal_decomp_04_2025NMG_Python_20_dt_5.50e-06_Nx_128_neumann_dtout_2000residual.csv
Not a match
spinodal_decomp_04_2025SAV_Python_2000_dt_5.50e-06_Nx_256_periodic_dtout_10mass.csv
Not a match
spinodal_decomp_04_2025SAV_Python_2000_dt_5.50e-06_Nx_256_neumann_dtout_10t_out.csv
Not a match
NMG_Python_20_dt_5.50e-06_Nx_128_neumann_dtout_20_75pphi.csv
NMG_Python_20_dt_5.50e-06_Nx_128_periodic_dtout_20_25presidual.csv
Not a match
spinodal_decomp_04_2025NMG_Python_20_dt_5.50e-06_Nx_128_neumann_dtout_2000phi.csv
spinodal_decomp_04_2025NMG_Python_200_dt_5.50e-06_Nx_128_neumann_dtout_200phi.csv
SAV_Python_2000_dt_5.50e-06_Nx_128_periodic_dtout_10_25pmass.csv
Not a match
NMG_Python_20_dt_5.50e-06_Nx_512_periodic_dtout_1_75pt_out.csv
Not a match
NMG_Python_20_dt_5.50e-06_Nx_256_periodic_dtout_1_75pmass.csv
Not a match
NMG_Python_20_dt_5.50e-06_Nx_512_periodic_dtout_1_25pphi.csv
NMG_Python_20_dt_5.50e-06_Nx_128_periodic_dtout_1residual.csv
Not a match
SAV_Python_2000_dt_5.50e-06_Nx_64_periodic_dtout_10_25penergy.csv
Not a match
spinodal_decomp_04_2025NMG_Python_20_dt_5.50e-06_Nx_64_periodic_dtout_20phi.csv
spinodal_decomp_04_2025NMG_Python_200_dt_5.50e-06_Nx_512_periodic_dtout_200phi.csv
NMG_Python_20_dt_5.50e-06_Nx_256_periodic_dtout_1_25pmass.csv
Not a match
spinodal_decomp_04_2025SAV_Python_2000_dt_5.50e-06_Nx_256_neumann_dtout_10phi.csv
SAV_Python_2000_dt_5.50e-06_Nx_64_periodic_dtout_10_75pphi.csv
SAV_Python_2000_dt_5.50e-06_Nx_256_neumann_dtout_2000_25pphi.csv
spinodal_decomp_04_2025NMG_Python_20_dt_5.50e-06_Nx_256_neumann_dtout_2000residual.csv
Not a match
spinodal_decomp_04_2025NMG_Python_20_dt_5.50e-06_Nx_256_periodic_dtout_10residual.csv
Not a match
NMG_Python_20_dt_5.50e-06_Nx_64_neumann_dtout_20_25presidual.csv
Not a match
SAV_Python_2000_dt_5.50e-06_Nx_256_neumann_dtout_10_25pt_out.csv
Not a match
NMG_Python_20_dt_5.50e-06_Nx_256_neumann_dtout_20_75presidual.csv
Not a match
spinodal_decomp_04_2025NMG_Python_20_dt_5.50e-06_Nx_512_neumann_dtout_2000phi.csv
NMG_Python_20_dt_5.50e-06_Nx_256_neumann_dtout_1_75pt_out.csv
Not a match
NMG_Python_20_dt_5.50e-06_Nx_64_neumann_dtout_20_75presidual.csv
Not a match
SAV_Python_2000_dt_5.50e-06_Nx_64_periodic_dtout_10_75pt_out.csv
Not a match
spinodal_decomp_04_2025SAV_Python_2000_dt_5.50e-06_Nx_128_periodic_dtout_2000phi.csv
NMG_Python_20_dt_5.50e-06_Nx_64_periodic_dtout_20_75pphi.csv
spinodal_decomp_04_2025NMG_Python_20_dt_5.50e-06_Nx_256_periodic_dtout_10phi.csv
spinodal_decomp_04_2025NMG_Python_2000_dt_5.50e-06_Nx_64_periodic_dtout_10phi.csv
NMG_Python_20_dt_5.50e-06_Nx_256_periodic_dtout_1_25penergy.csv
Not a match
NMG_Python_20_dt_5.50e-06_Nx_512_periodic_dtout_1_25presidual.csv
Not a match
NMG_Python_20_dt_5.50e-06_Nx_64_periodic_dtout_20residual.csv
Not a match
SAV_Python_2000_dt_5.50e-06_Nx_64_periodic_dtout_10_25pt_out.csv
Not a match
spinodal_decomp_04_2025NMG_Python_20_dt_5.50e-06_Nx_256_neumann_dtout_10t_out.csv
Not a match
SAV_Python_2000_dt_5.50e-06_Nx_256_periodic_dtout_10_75pphi.csv
NMG_Python_20_dt_5.50e-06_Nx_64_periodic_dtout_1_75presidual.csv
Not a match
SAV_Python_2000_dt_5.50e-06_Nx_128_neumann_dtout_10_25penergy.csv
Not a match
spinodal_decomp_04_2025NMG_Python_2000_dt_5.50e-06_Nx_64_periodic_dtout_10residual.csv
Not a match
SAV_Python_2000_dt_5.50e-06_Nx_512_periodic_dtout_10_75pmass.csv
Not a match
SAV_Python_2000_dt_5.50e-06_Nx_512_periodic_dtout_10_75penergy.csv
Not a match
NMG_Python_20_dt_5.50e-06_Nx_512_neumann_dtout_20_75pphi.csv
spinodal_decomp_04_2025SAV_Python_2000_dt_5.50e-06_Nx_64_neumann_dtout_10energy.csv
Not a match
spinodal_decomp_04_2025NMG_Python_20_dt_5.50e-06_Nx_128_neumann_dtout_10energy.csv
Not a match
spinodal_decomp_04_2025NMG_Python_200_dt_5.50e-06_Nx_64_neumann_dtout_200phi.csv
NMG_Python_20_dt_5.50e-06_Nx_512_neumann_dtout_1_75pphi.csv
spinodal_decomp_04_2025NMG_Python_20_dt_5.50e-06_Nx_64_periodic_dtout_10phi.csv
NMG_Python_20_dt_5.50e-06_Nx_512_periodic_dtout_20_75pphi.csv
spinodal_decomp_04_2025NMG_Python_200_dt_5.50e-06_Nx_256_neumann_dtout_200phi.csv
SAV_Python_2000_dt_5.50e-06_Nx_128_periodic_dtout_10_75pphi.csv
SAV_Python_2000_dt_5.50e-06_Nx_256_periodic_dtout_2000_75pphi.csv
NMG_Python_20_dt_5.50e-06_Nx_512_periodic_dtout_1_25penergy.csv
Not a match
NMG_Python_20_dt_5.50e-06_Nx_512_neumann_dtout_1_25pt_out.csv
Not a match
SAV_Python_2000_dt_5.50e-06_Nx_64_periodic_dtout_10_25pmass.csv
Not a match
NMG_Python_20_dt_5.50e-06_Nx_512_periodic_dtout_1energy.csv
Not a match
spinodal_decomp_04_2025NMG_Python_20_dt_5.50e-06_Nx_128_periodic_dtout_10residual.csv
Not a match
NMG_Python_20_dt_5.50e-06_Nx_64_periodic_dtout_1t_out.csv
Not a match
SAV_Python_2000_dt_5.50e-06_Nx_128_periodic_dtout_10_75pmass.csv
Not a match
NMG_Python_20_dt_5.50e-06_Nx_128_periodic_dtout_1_25pmass.csv
Not a match
NMG_Python_20_dt_5.50e-06_Nx_64_periodic_dtout_1mass.csv
Not a match
NMG_Python_20_dt_5.50e-06_Nx_256_neumann_dtout_1_75penergy.csv
Not a match
SAV_Python_2000_dt_5.50e-06_Nx_128_neumann_dtout_2000_25pphi.csv
NMG_Python_20_dt_5.50e-06_Nx_64_periodic_dtout_1_75pt_out.csv
Not a match
SAV_Python_2000_dt_5.50e-06_Nx_512_neumann_dtout_10_75pmass.csv
Not a match
SAV_Python_2000_dt_5.50e-06_Nx_128_periodic_dtout_10_75penergy.csv
Not a match
NMG_Python_20_dt_5.50e-06_Nx_128_neumann_dtout_1_75penergy.csv
Not a match
SAV_Python_2000_dt_5.50e-06_Nx_256_periodic_dtout_10_75pt_out.csv
Not a match
spinodal_decomp_04_2025SAV_Python_2000_dt_5.50e-06_Nx_128_periodic_dtout_10phi.csv
NMG_Python_20_dt_5.50e-06_Nx_512_periodic_dtout_20_25pphi.csv
SAV_Python_2000_dt_5.50e-06_Nx_512_neumann_dtout_10_25pphi.csv
NMG_Python_20_dt_5.50e-06_Nx_64_periodic_dtout_1_75penergy.csv
Not a match
NMG_Python_20_dt_5.50e-06_Nx_128_neumann_dtout_1_75presidual.csv
Not a match
NMG_Python_20_dt_5.50e-06_Nx_128_periodic_dtout_1_25penergy.csv
Not a match
SAV_Python_2000_dt_5.50e-06_Nx_64_neumann_dtout_10_25pmass.csv
Not a match
spinodal_decomp_04_2025NMG_Python_200_dt_5.50e-06_Nx_256_periodic_dtout_200residual.csv
Not a match
NMG_Python_20_dt_5.50e-06_Nx_512_periodic_dtout_1_25pmass.csv
Not a match
NMG_Python_20_dt_5.50e-06_Nx_128_periodic_dtout_20residual.csv
Not a match
spinodal_decomp_04_2025SAV_Python_2000_dt_5.50e-06_Nx_64_periodic_dtout_10phi.csv
spinodal_decomp_04_2025NMG_Python_200_dt_5.50e-06_Nx_128_periodic_dtout_200residual.csv
Not a match
Timepoint 0.04
Job_specs.csv
Not a match
SAV_MATLAB_2000_dt_5.50e-06_Nx_128_neumann_n_relax_4_75p_t_out.csv
Not a match
SAV_MATLAB_2000_dt_5.50e-06_Nx_512_periodic_n_relax_4_movie.avi
Not a match
NMG_MATLAB_2000_dt_5.50e-06_Nx_512_periodic_n_relax_4_25p_energy.csv
Not a match
SAV_MATLAB_2000_dt_5.50e-06_Nx_512_neumann_n_relax_4_movie.avi
Not a match
NMG_MATLAB_2000_dt_5.50e-06_Nx_64_neumann_n_relax_4_t_out.csv
Not a match
NMG_MATLAB_2000_dt_5.50e-06_Nx_64_periodic_n_relax_4_75p_t_out.csv
Not a match
NMG_MATLAB_2000_dt_5.50e-06_Nx_128_neumann_n_relax_4_75p_energy.csv
Not a match
SAV_MATLAB_2000_dt_5.50e-06_Nx_64_neumann_n_relax_4_movie.avi
Not a match
SAV_MATLAB_2000_dt_5.50e-06_Nx_64_periodic_n_relax_4_75p_movie.avi
Not a match
NMG_MATLAB_2000_dt_5.50e-06_Nx_128_neumann_n_relax_4_energy.csv
Not a match
SAV_MATLAB_2000_dt_5.50e-06_Nx_256_periodic_n_relax_4_75p_movie.avi
Not a match
SAV_MATLAB_2000_dt_5.50e-06_Nx_128_neumann_n_relax_4_25p_t_out.csv
Not a match
SAV_MATLAB_2000_dt_5.50e-06_Nx_128_neumann_n_relax_4_25p_energy.csv
Not a match
SAV_MATLAB_2000_dt_5.50e-06_Nx_256_neumann_n_relax_4_t_out.csv
Not a match
SAV_MATLAB_2000_dt_5.50e-06_Nx_256_neumann_n_relax_4_75p_energy.csv
Not a match
NMG_MATLAB_2000_dt_5.50e-06_Nx_256_neumann_n_relax_4_75p_t_out.csv
Not a match
SAV_MATLAB_2000_dt_5.50e-06_Nx_256_periodic_n_relax_4_25p_phi.csv
SAV_MATLAB_2000_dt_5.50e-06_Nx_128_periodic_n_relax_4_phi.csv
SAV_MATLAB_2000_dt_5.50e-06_Nx_256_neumann_n_relax_4_75p_mass.csv
Not a match
SAV_MATLAB_2000_dt_5.50e-06_Nx_128_periodic_n_relax_4_75p_movie.avi
Not a match
NMG_MATLAB_2000_dt_5.50e-06_Nx_64_periodic_n_relax_4_energy.csv
Not a match
NMG_MATLAB_2000_dt_5.50e-06_Nx_64_neumann_n_relax_4_25p_phi.csv
NMG_MATLAB_2000_dt_5.50e-06_Nx_512_neumann_n_relax_4_25p_mass.csv
Not a match
SAV_MATLAB_2000_dt_5.50e-06_Nx_256_neumann_n_relax_4_75p_t_out.csv
Not a match
SAV_MATLAB_2000_dt_5.50e-06_Nx_64_periodic_n_relax_4_mass.csv
Not a match
NMG_MATLAB_2000_dt_5.50e-06_Nx_512_periodic_n_relax_4_75p_energy.csv
Not a match
SAV_MATLAB_2000_dt_5.50e-06_Nx_512_periodic_n_relax_4_75p_phi.csv
SAV_MATLAB_2000_dt_5.50e-06_Nx_512_neumann_n_relax_4_25p_energy.csv
Not a match
NMG_MATLAB_2000_dt_5.50e-06_Nx_128_neumann_n_relax_4_75p_t_out.csv
Not a match
NMG_MATLAB_2000_dt_5.50e-06_Nx_512_periodic_n_relax_4_mass.csv
Not a match
SAV_MATLAB_2000_dt_5.50e-06_Nx_128_neumann_n_relax_4_movie.avi
Not a match
NMG_MATLAB_2000_dt_5.50e-06_Nx_64_neumann_n_relax_4_75p_t_out.csv
Not a match
SAV_MATLAB_2000_dt_5.50e-06_Nx_512_neumann_n_relax_4_25p_t_out.csv
Not a match
NMG_MATLAB_2000_dt_5.50e-06_Nx_128_periodic_n_relax_4_phi.csv
SAV_MATLAB_2000_dt_5.50e-06_Nx_64_neumann_n_relax_4_25p_energy.csv
Not a match
SAV_MATLAB_2000_dt_5.50e-06_Nx_64_neumann_n_relax_4_25p_mass.csv
Not a match
SAV_MATLAB_2000_dt_5.50e-06_Nx_256_neumann_n_relax_4_energy.csv
Not a match
NMG_MATLAB_2000_dt_5.50e-06_Nx_64_neumann_n_relax_4_mass.csv
Not a match
SAV_MATLAB_2000_dt_5.50e-06_Nx_128_neumann_n_relax_4_t_out.csv
Not a match
NMG_MATLAB_2000_dt_5.50e-06_Nx_256_periodic_n_relax_4_25p_movie.avi
Not a match
SAV_MATLAB_2000_dt_5.50e-06_Nx_64_periodic_n_relax_4_25p_movie.avi
Not a match
SAV_MATLAB_2000_dt_5.50e-06_Nx_128_periodic_n_relax_4_25p_movie.avi
Not a match
SAV_MATLAB_2000_dt_5.50e-06_Nx_256_periodic_n_relax_4_mass.csv
Not a match
SAV_MATLAB_2000_dt_5.50e-06_Nx_256_periodic_n_relax_4_75p_t_out.csv
Not a match
NMG_MATLAB_2000_dt_5.50e-06_Nx_64_neumann_n_relax_4_75p_movie.avi
Not a match
SAV_MATLAB_2000_dt_5.50e-06_Nx_256_periodic_n_relax_4_t_out.csv
Not a match
SAV_MATLAB_2000_dt_5.50e-06_Nx_256_neumann_n_relax_4_25p_phi.csv
SAV_MATLAB_2000_dt_5.50e-06_Nx_512_periodic_n_relax_4_25p_mass.csv
Not a match
NMG_MATLAB_2000_dt_5.50e-06_Nx_64_neumann_n_relax_4_75p_energy.csv
Not a match
SAV_MATLAB_2000_dt_5.50e-06_Nx_64_neumann_n_relax_4_mass.csv
Not a match
SAV_MATLAB_2000_dt_5.50e-06_Nx_256_neumann_n_relax_4_25p_energy.csv
Not a match
NMG_MATLAB_2000_dt_5.50e-06_Nx_256_periodic_n_relax_4_movie.avi
Not a match
SAV_MATLAB_2000_dt_5.50e-06_Nx_128_neumann_n_relax_4_75p_energy.csv
Not a match
SAV_MATLAB_2000_dt_5.50e-06_Nx_128_periodic_n_relax_4_25p_mass.csv
Not a match
NMG_MATLAB_2000_dt_5.50e-06_Nx_128_neumann_n_relax_4_75p_phi.csv
NMG_MATLAB_2000_dt_5.50e-06_Nx_128_periodic_n_relax_4_25p_mass.csv
Not a match
NMG_MATLAB_2000_dt_5.50e-06_Nx_256_neumann_n_relax_4_75p_energy.csv
Not a match
NMG_MATLAB_2000_dt_5.50e-06_Nx_256_neumann_n_relax_4_phi.csv
SAV_MATLAB_2000_dt_5.50e-06_Nx_64_neumann_n_relax_4_75p_energy.csv
Not a match
NMG_MATLAB_2000_dt_5.50e-06_Nx_256_neumann_n_relax_4_75p_phi.csv
NMG_MATLAB_2000_dt_5.50e-06_Nx_512_neumann_n_relax_4_energy.csv
Not a match
SAV_MATLAB_2000_dt_5.50e-06_Nx_64_neumann_n_relax_4_phi.csv
NMG_MATLAB_2000_dt_5.50e-06_Nx_64_periodic_n_relax_4_25p_t_out.csv
Not a match
NMG_MATLAB_2000_dt_5.50e-06_Nx_512_periodic_n_relax_4_movie.avi
Not a match
SAV_MATLAB_2000_dt_5.50e-06_Nx_64_periodic_n_relax_4_25p_mass.csv
Not a match
SAV_MATLAB_2000_dt_5.50e-06_Nx_64_neumann_n_relax_4_25p_t_out.csv
Not a match
NMG_MATLAB_2000_dt_5.50e-06_Nx_128_periodic_n_relax_4_75p_phi.csv
NMG_MATLAB_2000_dt_5.50e-06_Nx_512_neumann_n_relax_4_25p_phi.csv
NMG_MATLAB_2000_dt_5.50e-06_Nx_128_periodic_n_relax_4_25p_energy.csv
Not a match
NMG_MATLAB_2000_dt_5.50e-06_Nx_512_neumann_n_relax_4_75p_t_out.csv
Not a match
SAV_MATLAB_2000_dt_5.50e-06_Nx_512_neumann_n_relax_4_75p_t_out.csv
Not a match
SAV_MATLAB_2000_dt_5.50e-06_Nx_64_periodic_n_relax_4_25p_phi.csv
NMG_MATLAB_2000_dt_5.50e-06_Nx_128_neumann_n_relax_4_movie.avi
Not a match
SAV_MATLAB_2000_dt_5.50e-06_Nx_256_periodic_n_relax_4_25p_t_out.csv
Not a match
NMG_MATLAB_2000_dt_5.50e-06_Nx_128_periodic_n_relax_4_movie.avi
Not a match
SAV_MATLAB_2000_dt_5.50e-06_Nx_256_periodic_n_relax_4_movie.avi
Not a match
SAV_MATLAB_2000_dt_5.50e-06_Nx_128_neumann_n_relax_4_25p_mass.csv
Not a match
NMG_MATLAB_2000_dt_5.50e-06_Nx_64_periodic_n_relax_4_25p_phi.csv
SAV_MATLAB_2000_dt_5.50e-06_Nx_256_periodic_n_relax_4_25p_energy.csv
Not a match
NMG_MATLAB_2000_dt_5.50e-06_Nx_128_periodic_n_relax_4_25p_phi.csv
SAV_MATLAB_2000_dt_5.50e-06_Nx_64_neumann_n_relax_4_energy.csv
Not a match
NMG_MATLAB_2000_dt_5.50e-06_Nx_256_periodic_n_relax_4_25p_phi.csv
SAV_MATLAB_2000_dt_5.50e-06_Nx_512_neumann_n_relax_4_energy.csv
Not a match
SAV_MATLAB_2000_dt_5.50e-06_Nx_256_neumann_n_relax_4_movie.avi
Not a match
NMG_MATLAB_2000_dt_5.50e-06_Nx_256_neumann_n_relax_4_25p_t_out.csv
Not a match
SAV_MATLAB_2000_dt_5.50e-06_Nx_64_periodic_n_relax_4_energy.csv
Not a match
SAV_MATLAB_2000_dt_5.50e-06_Nx_512_periodic_n_relax_4_mass.csv
Not a match
NMG_MATLAB_2000_dt_5.50e-06_Nx_512_periodic_n_relax_4_75p_mass.csv
Not a match
SAV_MATLAB_2000_dt_5.50e-06_Nx_64_neumann_n_relax_4_75p_mass.csv
Not a match
NMG_MATLAB_2000_dt_5.50e-06_Nx_256_periodic_n_relax_4_25p_mass.csv
Not a match
NMG_MATLAB_2000_dt_5.50e-06_Nx_256_periodic_n_relax_4_75p_mass.csv
Not a match
SAV_MATLAB_2000_dt_5.50e-06_Nx_64_periodic_n_relax_4_t_out.csv
Not a match
NMG_MATLAB_2000_dt_5.50e-06_Nx_256_periodic_n_relax_4_25p_energy.csv
Not a match
SAV_MATLAB_2000_dt_5.50e-06_Nx_64_periodic_n_relax_4_75p_phi.csv
SAV_MATLAB_2000_dt_5.50e-06_Nx_64_periodic_n_relax_4_75p_energy.csv
Not a match
SAV_MATLAB_2000_dt_5.50e-06_Nx_256_periodic_n_relax_4_75p_energy.csv
Not a match
SAV_MATLAB_2000_dt_5.50e-06_Nx_512_periodic_n_relax_4_phi.csv
SAV_MATLAB_2000_dt_5.50e-06_Nx_512_periodic_n_relax_4_25p_phi.csv
SAV_MATLAB_2000_dt_5.50e-06_Nx_256_neumann_n_relax_4_25p_mass.csv
Not a match
NMG_MATLAB_2000_dt_5.50e-06_Nx_512_neumann_n_relax_4_t_out.csv
Not a match
NMG_MATLAB_2000_dt_5.50e-06_Nx_128_periodic_n_relax_4_75p_movie.avi
Not a match
SAV_MATLAB_2000_dt_5.50e-06_Nx_128_neumann_n_relax_4_phi.csv
NMG_MATLAB_2000_dt_5.50e-06_Nx_256_neumann_n_relax_4_t_out.csv
Not a match
SAV_MATLAB_2000_dt_5.50e-06_Nx_256_periodic_n_relax_4_25p_movie.avi
Not a match
NMG_MATLAB_2000_dt_5.50e-06_Nx_128_periodic_n_relax_4_75p_t_out.csv
Not a match
SAV_MATLAB_2000_dt_5.50e-06_Nx_64_periodic_n_relax_4_25p_energy.csv
Not a match
SAV_MATLAB_2000_dt_5.50e-06_Nx_512_neumann_n_relax_4_25p_phi.csv
NMG_MATLAB_2000_dt_5.50e-06_Nx_256_periodic_n_relax_4_phi.csv
NMG_MATLAB_2000_dt_5.50e-06_Nx_256_periodic_n_relax_4_energy.csv
Not a match
SAV_MATLAB_2000_dt_5.50e-06_Nx_256_neumann_n_relax_4_25p_movie.avi
Not a match
SAV_MATLAB_2000_dt_5.50e-06_Nx_512_neumann_n_relax_4_75p_energy.csv
Not a match
NMG_MATLAB_2000_dt_5.50e-06_Nx_64_neumann_n_relax_4_75p_phi.csv
NMG_MATLAB_2000_dt_5.50e-06_Nx_512_neumann_n_relax_4_75p_mass.csv
Not a match
SAV_MATLAB_2000_dt_5.50e-06_Nx_512_periodic_n_relax_4_75p_energy.csv
Not a match
SAV_MATLAB_2000_dt_5.50e-06_Nx_128_periodic_n_relax_4_75p_energy.csv
Not a match
SAV_MATLAB_2000_dt_5.50e-06_Nx_64_neumann_n_relax_4_t_out.csv
Not a match
NMG_MATLAB_2000_dt_5.50e-06_Nx_512_neumann_n_relax_4_75p_movie.avi
Not a match
SAV_MATLAB_2000_dt_5.50e-06_Nx_64_neumann_n_relax_4_75p_movie.avi
Not a match
NMG_MATLAB_2000_dt_5.50e-06_Nx_256_periodic_n_relax_4_75p_t_out.csv
Not a match
SAV_MATLAB_2000_dt_5.50e-06_Nx_64_periodic_n_relax_4_25p_t_out.csv
Not a match
NMG_MATLAB_2000_dt_5.50e-06_Nx_512_neumann_n_relax_4_25p_movie.avi
Not a match
SAV_MATLAB_2000_dt_5.50e-06_Nx_512_neumann_n_relax_4_t_out.csv
Not a match
NMG_MATLAB_2000_dt_5.50e-06_Nx_64_neumann_n_relax_4_75p_mass.csv
Not a match
SAV_MATLAB_2000_dt_5.50e-06_Nx_256_neumann_n_relax_4_75p_movie.avi
Not a match
SAV_MATLAB_2000_dt_5.50e-06_Nx_512_neumann_n_relax_4_75p_phi.csv
SAV_MATLAB_2000_dt_5.50e-06_Nx_512_neumann_n_relax_4_phi.csv
SAV_MATLAB_2000_dt_5.50e-06_Nx_64_neumann_n_relax_4_75p_phi.csv
SAV_MATLAB_2000_dt_5.50e-06_Nx_64_periodic_n_relax_4_75p_t_out.csv
Not a match
NMG_MATLAB_2000_dt_5.50e-06_Nx_64_periodic_n_relax_4_75p_energy.csv
Not a match
SAV_MATLAB_2000_dt_5.50e-06_Nx_128_periodic_n_relax_4_75p_t_out.csv
Not a match
NMG_MATLAB_2000_dt_5.50e-06_Nx_128_neumann_n_relax_4_phi.csv
SAV_MATLAB_2000_dt_5.50e-06_Nx_512_neumann_n_relax_4_25p_mass.csv
Not a match
SAV_MATLAB_2000_dt_5.50e-06_Nx_128_neumann_n_relax_4_mass.csv
Not a match
NMG_MATLAB_2000_dt_5.50e-06_Nx_128_periodic_n_relax_4_energy.csv
Not a match
SAV_MATLAB_2000_dt_5.50e-06_Nx_128_periodic_n_relax_4_75p_mass.csv
Not a match
NMG_MATLAB_2000_dt_5.50e-06_Nx_256_periodic_n_relax_4_mass.csv
Not a match
NMG_MATLAB_2000_dt_5.50e-06_Nx_256_neumann_n_relax_4_movie.avi
Not a match
SAV_MATLAB_2000_dt_5.50e-06_Nx_256_periodic_n_relax_4_75p_phi.csv
NMG_MATLAB_2000_dt_5.50e-06_Nx_512_periodic_n_relax_4_75p_t_out.csv
Not a match
NMG_MATLAB_2000_dt_5.50e-06_Nx_128_periodic_n_relax_4_25p_t_out.csv
Not a match
NMG_MATLAB_2000_dt_5.50e-06_Nx_512_periodic_n_relax_4_75p_phi.csv
SAV_MATLAB_2000_dt_5.50e-06_Nx_512_periodic_n_relax_4_25p_energy.csv
Not a match
SAV_MATLAB_2000_dt_5.50e-06_Nx_128_neumann_n_relax_4_25p_phi.csv
NMG_MATLAB_2000_dt_5.50e-06_Nx_128_neumann_n_relax_4_75p_movie.avi
Not a match
NMG_MATLAB_2000_dt_5.50e-06_Nx_512_periodic_n_relax_4_t_out.csv
Not a match
SAV_MATLAB_2000_dt_5.50e-06_Nx_128_periodic_n_relax_4_energy.csv
Not a match
NMG_MATLAB_2000_dt_5.50e-06_Nx_128_neumann_n_relax_4_mass.csv
Not a match
SAV_MATLAB_2000_dt_5.50e-06_Nx_128_periodic_n_relax_4_25p_energy.csv
Not a match
NMG_MATLAB_2000_dt_5.50e-06_Nx_64_periodic_n_relax_4_75p_movie.avi
Not a match
NMG_MATLAB_2000_dt_5.50e-06_Nx_256_neumann_n_relax_4_75p_movie.avi
Not a match
SAV_MATLAB_2000_dt_5.50e-06_Nx_512_periodic_n_relax_4_25p_movie.avi
Not a match
SAV_MATLAB_2000_dt_5.50e-06_Nx_128_periodic_n_relax_4_t_out.csv
Not a match
NMG_MATLAB_2000_dt_5.50e-06_Nx_512_periodic_n_relax_4_25p_movie.avi
Not a match
SAV_MATLAB_2000_dt_5.50e-06_Nx_256_periodic_n_relax_4_25p_mass.csv
Not a match
SAV_MATLAB_2000_dt_5.50e-06_Nx_256_periodic_n_relax_4_75p_mass.csv
Not a match
SAV_MATLAB_2000_dt_5.50e-06_Nx_512_neumann_n_relax_4_25p_movie.avi
Not a match
SAV_MATLAB_2000_dt_5.50e-06_Nx_128_neumann_n_relax_4_75p_mass.csv
Not a match
NMG_MATLAB_2000_dt_5.50e-06_Nx_512_neumann_n_relax_4_75p_phi.csv
NMG_MATLAB_2000_dt_5.50e-06_Nx_128_periodic_n_relax_4_mass.csv
Not a match
SAV_MATLAB_2000_dt_5.50e-06_Nx_128_neumann_n_relax_4_energy.csv
Not a match
NMG_MATLAB_2000_dt_5.50e-06_Nx_128_periodic_n_relax_4_75p_mass.csv
Not a match
NMG_MATLAB_2000_dt_5.50e-06_Nx_512_periodic_n_relax_4_25p_t_out.csv
Not a match
NMG_MATLAB_2000_dt_5.50e-06_Nx_256_neumann_n_relax_4_25p_mass.csv
Not a match
NMG_MATLAB_2000_dt_5.50e-06_Nx_128_neumann_n_relax_4_25p_mass.csv
Not a match
SAV_MATLAB_2000_dt_5.50e-06_Nx_256_neumann_n_relax_4_75p_phi.csv
SAV_MATLAB_2000_dt_5.50e-06_Nx_128_neumann_n_relax_4_25p_movie.avi
Not a match
Job_specs.csv
Not a match
NMG_MATLAB_2000_dt_5.50e-06_Nx_512_periodic_n_relax_4_25p_mass.csv
Not a match
NMG_MATLAB_2000_dt_5.50e-06_Nx_128_neumann_n_relax_4_25p_energy.csv
Not a match
SAV_MATLAB_2000_dt_5.50e-06_Nx_512_periodic_n_relax_4_75p_movie.avi
Not a match
NMG_MATLAB_2000_dt_5.50e-06_Nx_64_neumann_n_relax_4_25p_energy.csv
Not a match
SAV_MATLAB_2000_dt_5.50e-06_Nx_64_periodic_n_relax_4_phi.csv
SAV_MATLAB_2000_dt_5.50e-06_Nx_64_neumann_n_relax_4_25p_phi.csv
NMG_MATLAB_2000_dt_5.50e-06_Nx_512_periodic_n_relax_4_75p_movie.avi
Not a match
NMG_MATLAB_2000_dt_5.50e-06_Nx_256_neumann_n_relax_4_mass.csv
Not a match
SAV_MATLAB_2000_dt_5.50e-06_Nx_128_neumann_n_relax_4_75p_movie.avi
Not a match
NMG_MATLAB_2000_dt_5.50e-06_Nx_64_neumann_n_relax_4_energy.csv
Not a match
NMG_MATLAB_2000_dt_5.50e-06_Nx_64_periodic_n_relax_4_25p_movie.avi
Not a match
SAV_MATLAB_2000_dt_5.50e-06_Nx_256_neumann_n_relax_4_phi.csv
NMG_MATLAB_2000_dt_5.50e-06_Nx_256_neumann_n_relax_4_25p_phi.csv
NMG_MATLAB_2000_dt_5.50e-06_Nx_64_neumann_n_relax_4_25p_mass.csv
Not a match
SAV_MATLAB_2000_dt_5.50e-06_Nx_512_neumann_n_relax_4_75p_movie.avi
Not a match
NMG_MATLAB_2000_dt_5.50e-06_Nx_512_neumann_n_relax_4_25p_t_out.csv
Not a match
NMG_MATLAB_2000_dt_5.50e-06_Nx_128_periodic_n_relax_4_t_out.csv
Not a match
NMG_MATLAB_2000_dt_5.50e-06_Nx_512_periodic_n_relax_4_phi.csv
NMG_MATLAB_2000_dt_5.50e-06_Nx_256_periodic_n_relax_4_t_out.csv
Not a match
SAV_MATLAB_2000_dt_5.50e-06_Nx_64_neumann_n_relax_4_25p_movie.avi
Not a match
SAV_MATLAB_2000_dt_5.50e-06_Nx_256_periodic_n_relax_4_energy.csv
Not a match
NMG_MATLAB_2000_dt_5.50e-06_Nx_128_periodic_n_relax_4_25p_movie.avi
Not a match
NMG_MATLAB_2000_dt_5.50e-06_Nx_128_neumann_n_relax_4_25p_movie.avi
Not a match
NMG_MATLAB_2000_dt_5.50e-06_Nx_128_neumann_n_relax_4_75p_mass.csv
Not a match
NMG_MATLAB_2000_dt_5.50e-06_Nx_256_neumann_n_relax_4_energy.csv
Not a match
NMG_MATLAB_2000_dt_5.50e-06_Nx_256_neumann_n_relax_4_75p_mass.csv
Not a match
NMG_MATLAB_2000_dt_5.50e-06_Nx_512_neumann_n_relax_4_75p_energy.csv
Not a match
SAV_MATLAB_2000_dt_5.50e-06_Nx_512_periodic_n_relax_4_t_out.csv
Not a match
SAV_MATLAB_2000_dt_5.50e-06_Nx_128_neumann_n_relax_4_75p_phi.csv
SAV_MATLAB_2000_dt_5.50e-06_Nx_128_periodic_n_relax_4_25p_phi.csv
NMG_MATLAB_2000_dt_5.50e-06_Nx_128_neumann_n_relax_4_t_out.csv
Not a match
SAV_MATLAB_2000_dt_5.50e-06_Nx_128_periodic_n_relax_4_75p_phi.csv
NMG_MATLAB_2000_dt_5.50e-06_Nx_64_neumann_n_relax_4_25p_movie.avi
Not a match
SAV_MATLAB_2000_dt_5.50e-06_Nx_256_periodic_n_relax_4_phi.csv
NMG_MATLAB_2000_dt_5.50e-06_Nx_64_periodic_n_relax_4_75p_phi.csv
NMG_MATLAB_2000_dt_5.50e-06_Nx_64_neumann_n_relax_4_phi.csv
NMG_MATLAB_2000_dt_5.50e-06_Nx_256_periodic_n_relax_4_75p_energy.csv
Not a match
NMG_MATLAB_2000_dt_5.50e-06_Nx_64_periodic_n_relax_4_movie.avi
Not a match
NMG_MATLAB_2000_dt_5.50e-06_Nx_64_periodic_n_relax_4_75p_mass.csv
Not a match
NMG_MATLAB_2000_dt_5.50e-06_Nx_64_periodic_n_relax_4_mass.csv
Not a match
NMG_MATLAB_2000_dt_5.50e-06_Nx_256_neumann_n_relax_4_25p_movie.avi
Not a match
SAV_MATLAB_2000_dt_5.50e-06_Nx_256_neumann_n_relax_4_25p_t_out.csv
Not a match
SAV_MATLAB_2000_dt_5.50e-06_Nx_64_neumann_n_relax_4_75p_t_out.csv
Not a match
SAV_MATLAB_2000_dt_5.50e-06_Nx_512_periodic_n_relax_4_energy.csv
Not a match
SAV_MATLAB_2000_dt_5.50e-06_Nx_64_periodic_n_relax_4_75p_mass.csv
Not a match
NMG_MATLAB_2000_dt_5.50e-06_Nx_256_periodic_n_relax_4_75p_movie.avi
Not a match
SAV_MATLAB_2000_dt_5.50e-06_Nx_512_neumann_n_relax_4_mass.csv
Not a match
SAV_MATLAB_2000_dt_5.50e-06_Nx_512_neumann_n_relax_4_75p_mass.csv
Not a match
NMG_MATLAB_2000_dt_5.50e-06_Nx_64_neumann_n_relax_4_movie.avi
Not a match
NMG_MATLAB_2000_dt_5.50e-06_Nx_256_periodic_n_relax_4_75p_phi.csv
SAV_MATLAB_2000_dt_5.50e-06_Nx_512_periodic_n_relax_4_25p_t_out.csv
Not a match
NMG_MATLAB_2000_dt_5.50e-06_Nx_512_periodic_n_relax_4_energy.csv
Not a match
SAV_MATLAB_2000_dt_5.50e-06_Nx_256_neumann_n_relax_4_mass.csv
Not a match
NMG_MATLAB_2000_dt_5.50e-06_Nx_512_neumann_n_relax_4_phi.csv
NMG_MATLAB_2000_dt_5.50e-06_Nx_128_periodic_n_relax_4_75p_energy.csv
Not a match
NMG_MATLAB_2000_dt_5.50e-06_Nx_128_neumann_n_relax_4_25p_t_out.csv
Not a match
NMG_MATLAB_2000_dt_5.50e-06_Nx_128_neumann_n_relax_4_25p_phi.csv
SAV_MATLAB_2000_dt_5.50e-06_Nx_128_periodic_n_relax_4_mass.csv
Not a match
NMG_MATLAB_2000_dt_5.50e-06_Nx_64_neumann_n_relax_4_25p_t_out.csv
Not a match
SAV_MATLAB_2000_dt_5.50e-06_Nx_128_periodic_n_relax_4_movie.avi
Not a match
SAV_MATLAB_2000_dt_5.50e-06_Nx_512_periodic_n_relax_4_75p_t_out.csv
Not a match
SAV_MATLAB_2000_dt_5.50e-06_Nx_512_periodic_n_relax_4_75p_mass.csv
Not a match
NMG_MATLAB_2000_dt_5.50e-06_Nx_512_neumann_n_relax_4_25p_energy.csv
Not a match
NMG_MATLAB_2000_dt_5.50e-06_Nx_512_neumann_n_relax_4_mass.csv
Not a match
SAV_MATLAB_2000_dt_5.50e-06_Nx_128_periodic_n_relax_4_25p_t_out.csv
Not a match
NMG_MATLAB_2000_dt_5.50e-06_Nx_512_neumann_n_relax_4_movie.avi
Not a match
NMG_MATLAB_2000_dt_5.50e-06_Nx_64_periodic_n_relax_4_phi.csv
SAV_MATLAB_2000_dt_5.50e-06_Nx_64_periodic_n_relax_4_movie.avi
Not a match
NMG_MATLAB_2000_dt_5.50e-06_Nx_256_periodic_n_relax_4_25p_t_out.csv
Not a match
NMG_MATLAB_2000_dt_5.50e-06_Nx_256_neumann_n_relax_4_25p_energy.csv
Not a match
NMG_MATLAB_2000_dt_5.50e-06_Nx_64_periodic_n_relax_4_25p_mass.csv
Not a match
NMG_MATLAB_2000_dt_5.50e-06_Nx_64_periodic_n_relax_4_t_out.csv
Not a match
NMG_MATLAB_2000_dt_5.50e-06_Nx_512_periodic_n_relax_4_25p_phi.csv
NMG_MATLAB_2000_dt_5.50e-06_Nx_64_periodic_n_relax_4_25p_energy.csv
Not a match
FD_200000_dt_5.50e-08_Nx_128_n_relax_4_gam_3.69e+00_D_16384_update_phi.csv
Not a match
FD_2_dt_5.50e-08_Nx_128_n_relax_4_gam_3.69e+00_D_16384_update.avi
Not a match
FD_200000_dt_5.50e-08_Nx_128_n_relax_4_gam_3.69e+00_D_16384_update.avi
Not a match
FD_200000_dt_5.50e-08_Nx_128_n_relax_4_gam_3.69e+00_D_16384_update_energy.csv
Not a match
FD_200000_dt_5.50e-08_Nx_128_n_relax_4_gam_3.69e+00_D_16384_update_mass.csv
Not a match
FD_2_dt_5.50e-08_Nx_128_n_relax_4_gam_3.69e+00_D_16384_update_phi.csv
Not a match
SAV_Julia_2000_dt_5.50e-06_Nx_512_neumann_dtout_10_75p_t_out.csv
Not a match
SAV_Julia_2000_dt_5.50e-06_Nx_256_neumann_dtout_10_t_out.csv
Not a match
NMG_Julia_2000_dt_5.50e-06_Nx_512_periodic_dtout_10_75p_t_out.csv
Not a match
NMG_Julia_2000_dt_5.50e-06_Nx_128_neumann_dtout_10_phi.csv
NMG_Julia_2000_dt_5.50e-06_Nx_512_neumann_dtout_10_75p_mass.csv
Not a match
SAV_Julia_2000_dt_5.50e-06_Nx_512_neumann_dtout_10_75p_mass.csv
Not a match
NMG_Julia_2000_dt_5.50e-06_Nx_128_neumann_dtout_10_75p_t_out.csv
Not a match
SAV_Julia_2000_dt_5.50e-06_Nx_64_periodic_dtout_10_75p_energy.csv
Not a match
NMG_Julia_2000_dt_5.50e-06_Nx_64_neumann_dtout_10_25p_phi.csv
SAV_Julia_2000_dt_5.50e-06_Nx_512_periodic_dtout_10_mass.csv
Not a match
NMG_Julia_2000_dt_5.50e-06_Nx_128_periodic_dtout_10_75p_t_out.csv
Not a match
SAV_Julia_2000_dt_5.50e-06_Nx_512_neumann_dtout_10_25p_movie.avi
Not a match
SAV_Julia_2000_dt_5.50e-06_Nx_512_periodic_dtout_10_25p_t_out.csv
Not a match
SAV_Julia_2000_dt_5.50e-06_Nx_128_neumann_dtout_10_25p_mass.csv
Not a match
NMG_Julia_2000_dt_5.50e-06_Nx_512_neumann_dtout_10_mass.csv
Not a match
SAV_Julia_2000_dt_5.50e-06_Nx_128_neumann_dtout_10_mass.csv
Not a match
NMG_Julia_2000_dt_5.50e-06_Nx_256_neumann_dtout_2000_phi.csv
NMG_Julia_2000_dt_5.50e-06_Nx_64_neumann_dtout_10_75p_t_out.csv
Not a match
SAV_Julia_2000_dt_5.50e-06_Nx_512_periodic_dtout_2000_75p_phi.csv
NMG_Julia_2000_dt_5.50e-06_Nx_128_neumann_dtout_2000_phi.csv
SAV_Julia_2000_dt_5.50e-06_Nx_256_periodic_dtout_2000_25p_phi.csv
NMG_Julia_2000_dt_5.50e-06_Nx_256_periodic_dtout_10_mass.csv
Not a match
SAV_Julia_2000_dt_5.50e-06_Nx_512_periodic_dtout_10_movie.avi
Not a match
NMG_Julia_2000_dt_5.50e-06_Nx_512_neumann_dtout_2000_phi.csv
SAV_Julia_2000_dt_5.50e-06_Nx_256_periodic_dtout_10_25p_movie.avi
Not a match
NMG_Julia_2000_dt_5.50e-06_Nx_256_neumann_dtout_10_mass.csv
Not a match
SAV_Julia_2000_dt_5.50e-06_Nx_256_periodic_dtout_10_75p_t_out.csv
Not a match
NMG_Julia_2000_dt_5.50e-06_Nx_64_neumann_dtout_10_25p_energy.csv
Not a match
SAV_Julia_2000_dt_5.50e-06_Nx_512_neumann_dtout_10_phi.csv
SAV_Julia_2000_dt_5.50e-06_Nx_512_periodic_dtout_10_75p_phi.csv
SAV_Julia_2000_dt_5.50e-06_Nx_128_periodic_dtout_10_t_out.csv
Not a match
NMG_Julia_2000_dt_5.50e-06_Nx_128_periodic_dtout_2000_phi.csv
SAV_Julia_2000_dt_5.50e-06_Nx_128_neumann_dtout_10_75p_phi.csv
SAV_Julia_2000_dt_5.50e-06_Nx_128_periodic_dtout_10_25p_phi.csv
NMG_Julia_2000_dt_5.50e-06_Nx_64_neumann_dtout_10_25p_t_out.csv
Not a match
SAV_Julia_2000_dt_5.50e-06_Nx_256_periodic_dtout_10_mass.csv
Not a match
SAV_Julia_2000_dt_5.50e-06_Nx_256_neumann_dtout_10_energy.csv
Not a match
SAV_Julia_2000_dt_5.50e-06_Nx_64_neumann_dtout_10_25p_energy.csv
Not a match
NMG_Julia_2000_dt_5.50e-06_Nx_64_neumann_dtout_10_75p_phi.csv
NMG_Julia_2000_dt_5.50e-06_Nx_256_periodic_dtout_2000_75p_phi.csv
NMG_Julia_2000_dt_5.50e-06_Nx_128_periodic_dtout_2000_75p_phi.csv
SAV_Julia_2000_dt_5.50e-06_Nx_512_periodic_dtout_10_25p_mass.csv
Not a match
NMG_Julia_2000_dt_5.50e-06_Nx_256_periodic_dtout_10_75p_mass.csv
Not a match
SAV_Julia_2000_dt_5.50e-06_Nx_128_periodic_dtout_10_25p_movie.avi
Not a match
SAV_Julia_2000_dt_5.50e-06_Nx_256_neumann_dtout_10_75p_movie.avi
Not a match
NMG_Julia_2000_dt_5.50e-06_Nx_64_periodic_dtout_10_25p_energy.csv
Not a match
SAV_Julia_2000_dt_5.50e-06_Nx_512_neumann_dtout_10_25p_energy.csv
Not a match
SAV_Julia_2000_dt_5.50e-06_Nx_512_periodic_dtout_10_75p_energy.csv
Not a match
NMG_Julia_2000_dt_5.50e-06_Nx_128_neumann_dtout_2000_25p_phi.csv
SAV_Julia_2000_dt_5.50e-06_Nx_512_periodic_dtout_2000_25p_phi.csv
NMG_Julia_2000_dt_5.50e-06_Nx_512_periodic_dtout_10_25p_mass.csv
Not a match
NMG_Julia_2000_dt_5.50e-06_Nx_64_neumann_dtout_10_phi.csv
NMG_Julia_2000_dt_5.50e-06_Nx_128_periodic_dtout_10_75p_mass.csv
Not a match
NMG_Julia_2000_dt_5.50e-06_Nx_256_neumann_dtout_10_movie.avi
Not a match
SAV_Julia_2000_dt_5.50e-06_Nx_256_neumann_dtout_2000_phi.csv
SAV_Julia_2000_dt_5.50e-06_Nx_64_neumann_dtout_10_75p_mass.csv
Not a match
SAV_Julia_2000_dt_5.50e-06_Nx_512_neumann_dtout_10_75p_movie.avi
Not a match
SAV_Julia_2000_dt_5.50e-06_Nx_512_periodic_dtout_10_energy.csv
Not a match
SAV_Julia_2000_dt_5.50e-06_Nx_512_periodic_dtout_10_25p_phi.csv
SAV_Julia_2000_dt_5.50e-06_Nx_128_periodic_dtout_10_phi.csv
SAV_Julia_2000_dt_5.50e-06_Nx_512_neumann_dtout_10_75p_phi.csv
NMG_Julia_2000_dt_5.50e-06_Nx_256_periodic_dtout_10_energy.csv
Not a match
SAV_Julia_2000_dt_5.50e-06_Nx_512_periodic_dtout_10_75p_t_out.csv
Not a match
NMG_Julia_2000_dt_5.50e-06_Nx_512_neumann_dtout_10_75p_movie.avi
Not a match
SAV_Julia_2000_dt_5.50e-06_Nx_512_periodic_dtout_10_75p_mass.csv
Not a match
NMG_Julia_2000_dt_5.50e-06_Nx_256_periodic_dtout_2000_phi.csv
NMG_Julia_2000_dt_5.50e-06_Nx_64_neumann_dtout_10_mass.csv
Not a match
SAV_Julia_2000_dt_5.50e-06_Nx_512_periodic_dtout_10_t_out.csv
Not a match
SAV_Julia_2000_dt_5.50e-06_Nx_128_periodic_dtout_2000_phi.csv
SAV_Julia_2000_dt_5.50e-06_Nx_128_neumann_dtout_10_75p_t_out.csv
Not a match
SAV_Julia_2000_dt_5.50e-06_Nx_64_neumann_dtout_2000_25p_phi.csv
NMG_Julia_2000_dt_5.50e-06_Nx_512_neumann_dtout_10_25p_mass.csv
Not a match
NMG_Julia_2000_dt_5.50e-06_Nx_256_neumann_dtout_10_25p_t_out.csv
Not a match
NMG_Julia_2000_dt_5.50e-06_Nx_256_neumann_dtout_10_75p_movie.avi
Not a match
NMG_Julia_2000_dt_5.50e-06_Nx_512_periodic_dtout_2000_75p_phi.csv
NMG_Julia_2000_dt_5.50e-06_Nx_128_neumann_dtout_10_t_out.csv
Not a match
NMG_Julia_2000_dt_5.50e-06_Nx_512_periodic_dtout_10_75p_mass.csv
Not a match
NMG_Julia_2000_dt_5.50e-06_Nx_128_periodic_dtout_10_25p_t_out.csv
Not a match
SAV_Julia_2000_dt_5.50e-06_Nx_64_periodic_dtout_10_25p_mass.csv
Not a match
NMG_Julia_2000_dt_5.50e-06_Nx_64_neumann_dtout_10_75p_mass.csv
Not a match
SAV_Julia_2000_dt_5.50e-06_Nx_256_periodic_dtout_2000_75p_phi.csv
SAV_Julia_2000_dt_5.50e-06_Nx_256_neumann_dtout_10_25p_phi.csv
NMG_Julia_2000_dt_5.50e-06_Nx_128_periodic_dtout_10_25p_movie.avi
Not a match
SAV_Julia_2000_dt_5.50e-06_Nx_512_neumann_dtout_10_movie.avi
Not a match
SAV_Julia_2000_dt_5.50e-06_Nx_128_neumann_dtout_2000_25p_phi.csv
NMG_Julia_2000_dt_5.50e-06_Nx_256_neumann_dtout_10_75p_phi.csv
SAV_Julia_2000_dt_5.50e-06_Nx_128_neumann_dtout_10_energy.csv
Not a match
SAV_Julia_2000_dt_5.50e-06_Nx_512_periodic_dtout_10_75p_movie.avi
Not a match
SAV_Julia_2000_dt_5.50e-06_Nx_128_periodic_dtout_10_75p_movie.avi
Not a match
NMG_Julia_2000_dt_5.50e-06_Nx_512_periodic_dtout_10_energy.csv
Not a match
SAV_Julia_2000_dt_5.50e-06_Nx_64_neumann_dtout_10_25p_movie.avi
Not a match
SAV_Julia_2000_dt_5.50e-06_Nx_512_neumann_dtout_10_t_out.csv
Not a match
NMG_Julia_2000_dt_5.50e-06_Nx_128_neumann_dtout_10_75p_energy.csv
Not a match
SAV_Julia_2000_dt_5.50e-06_Nx_512_neumann_dtout_10_25p_phi.csv
NMG_Julia_2000_dt_5.50e-06_Nx_64_neumann_dtout_2000_phi.csv
SAV_Julia_2000_dt_5.50e-06_Nx_128_periodic_dtout_10_75p_mass.csv
Not a match
NMG_Julia_2000_dt_5.50e-06_Nx_128_neumann_dtout_10_25p_t_out.csv
Not a match
SAV_Julia_2000_dt_5.50e-06_Nx_256_periodic_dtout_2000_phi.csv
SAV_Julia_2000_dt_5.50e-06_Nx_64_neumann_dtout_2000_phi.csv
SAV_Julia_2000_dt_5.50e-06_Nx_128_periodic_dtout_10_75p_phi.csv
NMG_Julia_2000_dt_5.50e-06_Nx_512_neumann_dtout_10_energy.csv
Not a match
SAV_Julia_2000_dt_5.50e-06_Nx_128_periodic_dtout_10_25p_mass.csv
Not a match
NMG_Julia_2000_dt_5.50e-06_Nx_64_periodic_dtout_10_phi.csv
SAV_Julia_2000_dt_5.50e-06_Nx_64_periodic_dtout_10_mass.csv
Not a match
NMG_Julia_2000_dt_5.50e-06_Nx_256_neumann_dtout_10_75p_mass.csv
Not a match
SAV_Julia_2000_dt_5.50e-06_Nx_128_periodic_dtout_10_energy.csv
Not a match
SAV_Julia_2000_dt_5.50e-06_Nx_512_neumann_dtout_2000_phi.csv
SAV_Julia_2000_dt_5.50e-06_Nx_256_neumann_dtout_10_movie.avi
Not a match
NMG_Julia_2000_dt_5.50e-06_Nx_128_neumann_dtout_10_energy.csv
Not a match
SAV_Julia_2000_dt_5.50e-06_Nx_64_periodic_dtout_10_movie.avi
Not a match
SAV_Julia_2000_dt_5.50e-06_Nx_128_periodic_dtout_10_mass.csv
Not a match
NMG_Julia_2000_dt_5.50e-06_Nx_64_periodic_dtout_10_75p_mass.csv
Not a match
NMG_Julia_2000_dt_5.50e-06_Nx_64_periodic_dtout_2000_phi.csv
NMG_Julia_2000_dt_5.50e-06_Nx_64_periodic_dtout_2000_75p_phi.csv
NMG_Julia_2000_dt_5.50e-06_Nx_512_neumann_dtout_10_25p_phi.csv
NMG_Julia_2000_dt_5.50e-06_Nx_128_neumann_dtout_10_75p_mass.csv
Not a match
NMG_Julia_2000_dt_5.50e-06_Nx_64_neumann_dtout_10_25p_mass.csv
Not a match
NMG_Julia_2000_dt_5.50e-06_Nx_128_periodic_dtout_10_25p_mass.csv
Not a match
SAV_Julia_2000_dt_5.50e-06_Nx_256_neumann_dtout_2000_25p_phi.csv
SAV_Julia_2000_dt_5.50e-06_Nx_256_neumann_dtout_2000_75p_phi.csv
NMG_Julia_2000_dt_5.50e-06_Nx_128_periodic_dtout_10_25p_energy.csv
Not a match
SAV_Julia_2000_dt_5.50e-06_Nx_512_periodic_dtout_10_phi.csv
NMG_Julia_2000_dt_5.50e-06_Nx_128_periodic_dtout_10_mass.csv
Not a match
NMG_Julia_2000_dt_5.50e-06_Nx_128_periodic_dtout_10_phi.csv
NMG_Julia_2000_dt_5.50e-06_Nx_128_neumann_dtout_2000_75p_phi.csv
SAV_Julia_2000_dt_5.50e-06_Nx_128_neumann_dtout_10_25p_movie.avi
Not a match
NMG_Julia_2000_dt_5.50e-06_Nx_256_periodic_dtout_10_25p_mass.csv
Not a match
NMG_Julia_2000_dt_5.50e-06_Nx_512_neumann_dtout_10_25p_movie.avi
Not a match
NMG_Julia_2000_dt_5.50e-06_Nx_64_periodic_dtout_10_75p_t_out.csv
Not a match
NMG_Julia_2000_dt_5.50e-06_Nx_256_neumann_dtout_10_75p_t_out.csv
Not a match
NMG_Julia_2000_dt_5.50e-06_Nx_256_periodic_dtout_10_t_out.csv
Not a match
SAV_Julia_2000_dt_5.50e-06_Nx_512_neumann_dtout_10_25p_t_out.csv
Not a match
NMG_Julia_2000_dt_5.50e-06_Nx_512_periodic_dtout_2000_25p_phi.csv
SAV_Julia_2000_dt_5.50e-06_Nx_64_periodic_dtout_2000_25p_phi.csv
NMG_Julia_2000_dt_5.50e-06_Nx_512_periodic_dtout_10_movie.avi
Not a match
NMG_Julia_2000_dt_5.50e-06_Nx_64_periodic_dtout_10_25p_t_out.csv
Not a match
SAV_Julia_2000_dt_5.50e-06_Nx_256_neumann_dtout_10_25p_mass.csv
Not a match
NMG_Julia_2000_dt_5.50e-06_Nx_128_neumann_dtout_10_25p_phi.csv
NMG_Julia_2000_dt_5.50e-06_Nx_512_periodic_dtout_10_75p_movie.avi
Not a match
SAV_Julia_2000_dt_5.50e-06_Nx_256_periodic_dtout_10_25p_t_out.csv
Not a match
NMG_Julia_2000_dt_5.50e-06_Nx_64_periodic_dtout_10_25p_mass.csv
Not a match
SAV_Julia_2000_dt_5.50e-06_Nx_64_neumann_dtout_10_movie.avi
Not a match
SAV_Julia_2000_dt_5.50e-06_Nx_256_periodic_dtout_10_75p_energy.csv
Not a match
SAV_Julia_2000_dt_5.50e-06_Nx_64_periodic_dtout_10_75p_t_out.csv
Not a match
SAV_Julia_2000_dt_5.50e-06_Nx_512_periodic_dtout_10_25p_movie.avi
Not a match
NMG_Julia_2000_dt_5.50e-06_Nx_512_neumann_dtout_10_75p_t_out.csv
Not a match
NMG_Julia_2000_dt_5.50e-06_Nx_64_periodic_dtout_10_energy.csv
Not a match
NMG_Julia_2000_dt_5.50e-06_Nx_512_periodic_dtout_10_75p_energy.csv
Not a match
NMG_Julia_2000_dt_5.50e-06_Nx_512_periodic_dtout_2000_phi.csv
NMG_Julia_2000_dt_5.50e-06_Nx_64_periodic_dtout_10_75p_phi.csv
NMG_Julia_2000_dt_5.50e-06_Nx_64_neumann_dtout_10_t_out.csv
Not a match
NMG_Julia_2000_dt_5.50e-06_Nx_128_neumann_dtout_10_mass.csv
Not a match
SAV_Julia_2000_dt_5.50e-06_Nx_64_periodic_dtout_10_energy.csv
Not a match
SAV_Julia_2000_dt_5.50e-06_Nx_64_periodic_dtout_10_t_out.csv
Not a match
SAV_Julia_2000_dt_5.50e-06_Nx_256_neumann_dtout_10_25p_movie.avi
Not a match
SAV_Julia_2000_dt_5.50e-06_Nx_128_neumann_dtout_10_75p_mass.csv
Not a match
SAV_Julia_2000_dt_5.50e-06_Nx_64_neumann_dtout_2000_75p_phi.csv
SAV_Julia_2000_dt_5.50e-06_Nx_256_neumann_dtout_10_75p_t_out.csv
Not a match
NMG_Julia_2000_dt_5.50e-06_Nx_64_periodic_dtout_10_75p_energy.csv
Not a match
SAV_Julia_2000_dt_5.50e-06_Nx_128_neumann_dtout_2000_75p_phi.csv
SAV_Julia_2000_dt_5.50e-06_Nx_64_periodic_dtout_2000_75p_phi.csv
SAV_Julia_2000_dt_5.50e-06_Nx_512_neumann_dtout_10_energy.csv
Not a match
SAV_Julia_2000_dt_5.50e-06_Nx_128_periodic_dtout_10_75p_t_out.csv
Not a match
SAV_Julia_2000_dt_5.50e-06_Nx_128_neumann_dtout_10_phi.csv
NMG_Julia_2000_dt_5.50e-06_Nx_64_neumann_dtout_10_75p_movie.avi
Not a match
NMG_Julia_2000_dt_5.50e-06_Nx_64_periodic_dtout_10_25p_movie.avi
Not a match
NMG_Julia_2000_dt_5.50e-06_Nx_512_periodic_dtout_10_mass.csv
Not a match
SAV_Julia_2000_dt_5.50e-06_Nx_64_periodic_dtout_10_25p_t_out.csv
Not a match
NMG_Julia_2000_dt_5.50e-06_Nx_512_neumann_dtout_10_75p_phi.csv
SAV_Julia_2000_dt_5.50e-06_Nx_256_neumann_dtout_10_phi.csv
NMG_Julia_2000_dt_5.50e-06_Nx_512_neumann_dtout_2000_25p_phi.csv
NMG_Julia_2000_dt_5.50e-06_Nx_256_periodic_dtout_10_25p_phi.csv
NMG_Julia_2000_dt_5.50e-06_Nx_256_neumann_dtout_10_phi.csv
SAV_Julia_2000_dt_5.50e-06_Nx_128_neumann_dtout_2000_phi.csv
SAV_Julia_2000_dt_5.50e-06_Nx_64_periodic_dtout_10_75p_mass.csv
Not a match
NMG_Julia_2000_dt_5.50e-06_Nx_256_periodic_dtout_10_75p_phi.csv
SAV_Julia_2000_dt_5.50e-06_Nx_512_periodic_dtout_10_25p_energy.csv
Not a match
SAV_Julia_2000_dt_5.50e-06_Nx_512_neumann_dtout_10_75p_energy.csv
Not a match
SAV_Julia_2000_dt_5.50e-06_Nx_64_periodic_dtout_10_75p_movie.avi
Not a match
NMG_Julia_2000_dt_5.50e-06_Nx_256_periodic_dtout_10_75p_energy.csv
Not a match
SAV_Julia_2000_dt_5.50e-06_Nx_256_neumann_dtout_10_75p_mass.csv
Not a match
SAV_Julia_2000_dt_5.50e-06_Nx_64_neumann_dtout_10_25p_phi.csv
SAV_Julia_2000_dt_5.50e-06_Nx_128_neumann_dtout_10_25p_energy.csv
Not a match
NMG_Julia_2000_dt_5.50e-06_Nx_512_neumann_dtout_10_phi.csv
SAV_Julia_2000_dt_5.50e-06_Nx_64_neumann_dtout_10_25p_mass.csv
Not a match
SAV_Julia_2000_dt_5.50e-06_Nx_64_neumann_dtout_10_25p_t_out.csv
Not a match
NMG_Julia_2000_dt_5.50e-06_Nx_512_periodic_dtout_10_t_out.csv
Not a match
NMG_Julia_2000_dt_5.50e-06_Nx_512_periodic_dtout_10_25p_energy.csv
Not a match
NMG_Julia_2000_dt_5.50e-06_Nx_64_neumann_dtout_10_75p_energy.csv
Not a match
SAV_Julia_2000_dt_5.50e-06_Nx_256_periodic_dtout_10_25p_energy.csv
Not a match
SAV_Julia_2000_dt_5.50e-06_Nx_64_neumann_dtout_10_t_out.csv
Not a match
SAV_Julia_2000_dt_5.50e-06_Nx_256_neumann_dtout_10_mass.csv
Not a match
SAV_Julia_2000_dt_5.50e-06_Nx_64_neumann_dtout_10_75p_energy.csv
Not a match
SAV_Julia_2000_dt_5.50e-06_Nx_128_neumann_dtout_10_25p_phi.csv
NMG_Julia_2000_dt_5.50e-06_Nx_512_periodic_dtout_10_75p_phi.csv
SAV_Julia_2000_dt_5.50e-06_Nx_512_neumann_dtout_2000_75p_phi.csv
NMG_Julia_2000_dt_5.50e-06_Nx_256_neumann_dtout_10_25p_movie.avi
Not a match
SAV_Julia_2000_dt_5.50e-06_Nx_128_periodic_dtout_2000_25p_phi.csv
NMG_Julia_2000_dt_5.50e-06_Nx_64_neumann_dtout_10_movie.avi
Not a match
NMG_Julia_2000_dt_5.50e-06_Nx_512_neumann_dtout_10_t_out.csv
Not a match
SAV_Julia_2000_dt_5.50e-06_Nx_256_periodic_dtout_10_25p_phi.csv
SAV_Julia_2000_dt_5.50e-06_Nx_512_periodic_dtout_2000_phi.csv
NMG_Julia_2000_dt_5.50e-06_Nx_128_periodic_dtout_10_energy.csv
Not a match
NMG_Julia_2000_dt_5.50e-06_Nx_512_neumann_dtout_10_25p_energy.csv
Not a match
NMG_Julia_2000_dt_5.50e-06_Nx_128_neumann_dtout_10_movie.avi
Not a match
NMG_Julia_2000_dt_5.50e-06_Nx_64_neumann_dtout_10_energy.csv
Not a match
NMG_Julia_2000_dt_5.50e-06_Nx_256_neumann_dtout_2000_25p_phi.csv
SAV_Julia_2000_dt_5.50e-06_Nx_256_periodic_dtout_10_75p_movie.avi
Not a match
NMG_Julia_2000_dt_5.50e-06_Nx_128_periodic_dtout_10_75p_movie.avi
Not a match
SAV_Julia_2000_dt_5.50e-06_Nx_256_periodic_dtout_10_movie.avi
Not a match
NMG_Julia_2000_dt_5.50e-06_Nx_128_neumann_dtout_10_75p_phi.csv
NMG_Julia_2000_dt_5.50e-06_Nx_512_periodic_dtout_10_25p_phi.csv
NMG_Julia_2000_dt_5.50e-06_Nx_256_periodic_dtout_10_75p_movie.avi
Not a match
NMG_Julia_2000_dt_5.50e-06_Nx_256_neumann_dtout_10_energy.csv
Not a match
NMG_Julia_2000_dt_5.50e-06_Nx_64_neumann_dtout_2000_25p_phi.csv
SAV_Julia_2000_dt_5.50e-06_Nx_64_periodic_dtout_2000_phi.csv
SAV_Julia_2000_dt_5.50e-06_Nx_64_neumann_dtout_10_75p_phi.csv
SAV_Julia_2000_dt_5.50e-06_Nx_64_periodic_dtout_10_75p_phi.csv
SAV_Julia_2000_dt_5.50e-06_Nx_128_periodic_dtout_10_25p_t_out.csv
Not a match
SAV_Julia_2000_dt_5.50e-06_Nx_512_neumann_dtout_10_mass.csv
Not a match
NMG_Julia_2000_dt_5.50e-06_Nx_256_neumann_dtout_10_75p_energy.csv
Not a match
NMG_Julia_2000_dt_5.50e-06_Nx_64_periodic_dtout_10_25p_phi.csv
NMG_Julia_2000_dt_5.50e-06_Nx_128_neumann_dtout_10_75p_movie.avi
Not a match
NMG_Julia_2000_dt_5.50e-06_Nx_64_periodic_dtout_10_mass.csv
Not a match
NMG_Julia_2000_dt_5.50e-06_Nx_512_periodic_dtout_10_25p_t_out.csv
Not a match
NMG_Julia_2000_dt_5.50e-06_Nx_128_neumann_dtout_10_25p_mass.csv
Not a match
SAV_Julia_2000_dt_5.50e-06_Nx_128_neumann_dtout_10_75p_energy.csv
Not a match
SAV_Julia_2000_dt_5.50e-06_Nx_64_periodic_dtout_10_phi.csv
SAV_Julia_2000_dt_5.50e-06_Nx_256_neumann_dtout_10_75p_phi.csv
NMG_Julia_2000_dt_5.50e-06_Nx_256_periodic_dtout_10_25p_movie.avi
Not a match
NMG_Julia_2000_dt_5.50e-06_Nx_64_periodic_dtout_10_movie.avi
Not a match
SAV_Julia_2000_dt_5.50e-06_Nx_128_neumann_dtout_10_75p_movie.avi
Not a match
SAV_Julia_2000_dt_5.50e-06_Nx_64_neumann_dtout_10_75p_t_out.csv
Not a match
SAV_Julia_2000_dt_5.50e-06_Nx_64_neumann_dtout_10_energy.csv
Not a match
NMG_Julia_2000_dt_5.50e-06_Nx_512_neumann_dtout_10_75p_energy.csv
Not a match
SAV_Julia_2000_dt_5.50e-06_Nx_128_neumann_dtout_10_t_out.csv
Not a match
SAV_Julia_2000_dt_5.50e-06_Nx_64_neumann_dtout_10_mass.csv
Not a match
NMG_Julia_2000_dt_5.50e-06_Nx_64_periodic_dtout_10_75p_movie.avi
Not a match
NMG_Julia_2000_dt_5.50e-06_Nx_512_periodic_dtout_10_25p_movie.avi
Not a match
NMG_Julia_2000_dt_5.50e-06_Nx_64_neumann_dtout_10_25p_movie.avi
Not a match
SAV_Julia_2000_dt_5.50e-06_Nx_128_neumann_dtout_10_25p_t_out.csv
Not a match
SAV_Julia_2000_dt_5.50e-06_Nx_256_neumann_dtout_10_25p_energy.csv
Not a match
SAV_Julia_2000_dt_5.50e-06_Nx_256_neumann_dtout_10_25p_t_out.csv
Not a match
SAV_Julia_2000_dt_5.50e-06_Nx_128_periodic_dtout_10_75p_energy.csv
Not a match
NMG_Julia_2000_dt_5.50e-06_Nx_256_neumann_dtout_10_25p_phi.csv
SAV_Julia_2000_dt_5.50e-06_Nx_256_periodic_dtout_10_t_out.csv
Not a match
SAV_Julia_2000_dt_5.50e-06_Nx_512_neumann_dtout_10_25p_mass.csv
Not a match
SAV_Julia_2000_dt_5.50e-06_Nx_256_periodic_dtout_10_75p_phi.csv
NMG_Julia_2000_dt_5.50e-06_Nx_256_periodic_dtout_10_75p_t_out.csv
Not a match
NMG_Julia_2000_dt_5.50e-06_Nx_128_periodic_dtout_10_t_out.csv
Not a match
SAV_Julia_2000_dt_5.50e-06_Nx_64_neumann_dtout_10_phi.csv
SAV_Julia_2000_dt_5.50e-06_Nx_128_periodic_dtout_2000_75p_phi.csv
SAV_Julia_2000_dt_5.50e-06_Nx_128_periodic_dtout_10_movie.avi
Not a match
NMG_Julia_2000_dt_5.50e-06_Nx_256_periodic_dtout_10_movie.avi
Not a match
NMG_Julia_2000_dt_5.50e-06_Nx_256_periodic_dtout_10_phi.csv
NMG_Julia_2000_dt_5.50e-06_Nx_256_neumann_dtout_10_25p_energy.csv
Not a match
NMG_Julia_2000_dt_5.50e-06_Nx_128_neumann_dtout_10_25p_energy.csv
Not a match
SAV_Julia_2000_dt_5.50e-06_Nx_128_periodic_dtout_10_25p_energy.csv
Not a match
NMG_Julia_2000_dt_5.50e-06_Nx_128_periodic_dtout_10_75p_phi.csv
NMG_Julia_2000_dt_5.50e-06_Nx_256_periodic_dtout_10_25p_t_out.csv
Not a match
NMG_Julia_2000_dt_5.50e-06_Nx_256_periodic_dtout_10_25p_energy.csv
Not a match
SAV_Julia_2000_dt_5.50e-06_Nx_128_neumann_dtout_10_movie.avi
Not a match
SAV_Julia_2000_dt_5.50e-06_Nx_256_periodic_dtout_10_energy.csv
Not a match
SAV_Julia_2000_dt_5.50e-06_Nx_256_periodic_dtout_10_25p_mass.csv
Not a match
SAV_Julia_2000_dt_5.50e-06_Nx_256_periodic_dtout_10_phi.csv
NMG_Julia_2000_dt_5.50e-06_Nx_128_periodic_dtout_10_25p_phi.csv
NMG_Julia_2000_dt_5.50e-06_Nx_64_periodic_dtout_10_t_out.csv
Not a match
NMG_Julia_2000_dt_5.50e-06_Nx_256_neumann_dtout_10_t_out.csv
Not a match
NMG_Julia_2000_dt_5.50e-06_Nx_64_neumann_dtout_2000_75p_phi.csv
NMG_Julia_2000_dt_5.50e-06_Nx_256_neumann_dtout_10_25p_mass.csv
Not a match
SAV_Julia_2000_dt_5.50e-06_Nx_64_periodic_dtout_10_25p_movie.avi
Not a match
SAV_Julia_2000_dt_5.50e-06_Nx_256_neumann_dtout_10_75p_energy.csv
Not a match
NMG_Julia_2000_dt_5.50e-06_Nx_128_neumann_dtout_10_25p_movie.avi
Not a match
NMG_Julia_2000_dt_5.50e-06_Nx_512_neumann_dtout_10_25p_t_out.csv
Not a match
NMG_Julia_2000_dt_5.50e-06_Nx_64_periodic_dtout_2000_25p_phi.csv
NMG_Julia_2000_dt_5.50e-06_Nx_256_neumann_dtout_2000_75p_phi.csv
SAV_Julia_2000_dt_5.50e-06_Nx_512_neumann_dtout_2000_25p_phi.csv
SAV_Julia_2000_dt_5.50e-06_Nx_64_neumann_dtout_10_75p_movie.avi
Not a match
NMG_Julia_2000_dt_5.50e-06_Nx_512_neumann_dtout_2000_75p_phi.csv
NMG_Julia_2000_dt_5.50e-06_Nx_512_neumann_dtout_10_movie.avi
Not a match
NMG_Julia_2000_dt_5.50e-06_Nx_256_periodic_dtout_2000_25p_phi.csv
NMG_Julia_2000_dt_5.50e-06_Nx_512_periodic_dtout_10_phi.csv
NMG_Julia_2000_dt_5.50e-06_Nx_128_periodic_dtout_2000_25p_phi.csv
SAV_Julia_2000_dt_5.50e-06_Nx_64_periodic_dtout_10_25p_energy.csv
Not a match
NMG_Julia_2000_dt_5.50e-06_Nx_128_periodic_dtout_10_75p_energy.csv
Not a match
NMG_Julia_2000_dt_5.50e-06_Nx_128_periodic_dtout_10_movie.avi
Not a match
SAV_Julia_2000_dt_5.50e-06_Nx_64_periodic_dtout_10_25p_phi.csv
SAV_Julia_2000_dt_5.50e-06_Nx_256_periodic_dtout_10_75p_mass.csv
Not a match
NMG_Python_20_dt_5.50e-06_Nx_128_periodic_dtout_1_25presidual.csv
Not a match
NMG_Python_20_dt_5.50e-06_Nx_256_periodic_dtout_20_25pphi.csv
NMG_Python_20_dt_5.50e-06_Nx_64_periodic_dtout_1_25penergy.csv
Not a match
NMG_Python_20_dt_5.50e-06_Nx_256_periodic_dtout_1residual.csv
Not a match
spinodal_decomp_04_2025SAV_Python_2000_dt_5.50e-06_Nx_256_neumann_dtout_2000phi.csv
NMG_Python_20_dt_5.50e-06_Nx_256_periodic_dtout_1_75penergy.csv
Not a match
NMG_Python_20_dt_5.50e-06_Nx_512_neumann_dtout_1_25pphi.csv
spinodal_decomp_04_2025SAV_Python_2000_dt_5.50e-06_Nx_128_periodic_dtout_10mass.csv
Not a match
NMG_Python_20_dt_5.50e-06_Nx_64_neumann_dtout_1_75pmass.csv
Not a match
spinodal_decomp_04_2025NMG_Python_200_dt_5.50e-06_Nx_512_neumann_dtout_200residual.csv
Not a match
NMG_Python_20_dt_5.50e-06_Nx_512_neumann_dtout_20_25presidual.csv
Not a match
NMG_Python_20_dt_5.50e-06_Nx_64_neumann_dtout_1_25pmass.csv
Not a match
SAV_Python_2000_dt_5.50e-06_Nx_512_periodic_dtout_2000_25pphi.csv
spinodal_decomp_04_2025NMG_Python_20_dt_5.50e-06_Nx_128_neumann_dtout_10mass.csv
Not a match
NMG_Python_20_dt_5.50e-06_Nx_512_periodic_dtout_1_75pmass.csv
Not a match
NMG_Python_20_dt_5.50e-06_Nx_512_periodic_dtout_20phi.csv
SAV_Python_2000_dt_5.50e-06_Nx_64_neumann_dtout_10_25pphi.csv
NMG_Python_20_dt_5.50e-06_Nx_64_neumann_dtout_1_75pt_out.csv
Not a match
SAV_Python_2000_dt_5.50e-06_Nx_256_periodic_dtout_10_75pmass.csv
Not a match
spinodal_decomp_04_2025NMG_Python_20_dt_5.50e-06_Nx_256_neumann_dtout_10phi.csv
spinodal_decomp_04_2025NMG_Python_20_dt_5.50e-06_Nx_128_periodic_dtout_10phi.csv
NMG_Python_20_dt_5.50e-06_Nx_128_periodic_dtout_1_75pt_out.csv
Not a match
NMG_Python_20_dt_5.50e-06_Nx_128_periodic_dtout_1_75presidual.csv
Not a match
spinodal_decomp_04_2025SAV_Python_2000_dt_5.50e-06_Nx_512_periodic_dtout_10t_out.csv
Not a match
spinodal_decomp_04_2025NMG_Python_200_dt_5.50e-06_Nx_64_periodic_dtout_200phi.csv
SAV_Python_2000_dt_5.50e-06_Nx_256_neumann_dtout_2000_75pphi.csv
spinodal_decomp_04_2025NMG_Python_20_dt_5.50e-06_Nx_512_neumann_dtout_20phi.csv
NMG_Python_20_dt_5.50e-06_Nx_64_neumann_dtout_1_25presidual.csv
Not a match
NMG_Python_20_dt_5.50e-06_Nx_64_neumann_dtout_1_75presidual.csv
Not a match
NMG_Python_20_dt_5.50e-06_Nx_256_neumann_dtout_1_25pmass.csv
Not a match
SAV_Python_2000_dt_5.50e-06_Nx_128_neumann_dtout_10_25pt_out.csv
Not a match
spinodal_decomp_04_2025SAV_Python_2000_dt_5.50e-06_Nx_128_neumann_dtout_10phi.csv
NMG_Python_20_dt_5.50e-06_Nx_256_neumann_dtout_20_25pphi.csv
spinodal_decomp_04_2025SAV_Python_2000_dt_5.50e-06_Nx_512_periodic_dtout_10mass.csv
Not a match
spinodal_decomp_04_2025NMG_Python_20_dt_5.50e-06_Nx_512_neumann_dtout_20residual.csv
Not a match
spinodal_decomp_04_2025NMG_Python_20_dt_5.50e-06_Nx_512_neumann_dtout_10residual.csv
Not a match
spinodal_decomp_04_2025NMG_Python_20_dt_5.50e-06_Nx_64_neumann_dtout_10residual.csv
Not a match
SAV_Python_2000_dt_5.50e-06_Nx_256_neumann_dtout_10_75pphi.csv
spinodal_decomp_04_2025SAV_Python_2000_dt_5.50e-06_Nx_64_periodic_dtout_10t_out.csv
Not a match
SAV_Python_2000_dt_5.50e-06_Nx_128_periodic_dtout_10_25penergy.csv
Not a match
spinodal_decomp_04_2025SAV_Python_2000_dt_5.50e-06_Nx_128_periodic_dtout_10energy.csv
Not a match
NMG_Python_20_dt_5.50e-06_Nx_256_neumann_dtout_20_25presidual.csv
Not a match
SAV_Python_2000_dt_5.50e-06_Nx_256_neumann_dtout_10_75pt_out.csv
Not a match
NMG_Python_20_dt_5.50e-06_Nx_128_neumann_dtout_1_75pphi.csv
NMG_Python_20_dt_5.50e-06_Nx_512_periodic_dtout_1_75penergy.csv
Not a match
spinodal_decomp_04_2025NMG_Python_20_dt_5.50e-06_Nx_512_periodic_dtout_20phi.csv
SAV_Python_2000_dt_5.50e-06_Nx_64_neumann_dtout_10_75pphi.csv
NMG_Python_20_dt_5.50e-06_Nx_512_periodic_dtout_1phi.csv
SAV_Python_2000_dt_5.50e-06_Nx_64_neumann_dtout_10_75pt_out.csv
Not a match
spinodal_decomp_04_2025SAV_Python_2000_dt_5.50e-06_Nx_512_neumann_dtout_10mass.csv
Not a match
SAV_Python_2000_dt_5.50e-06_Nx_64_periodic_dtout_10_75penergy.csv
Not a match
NMG_Python_20_dt_5.50e-06_Nx_64_neumann_dtout_1_25penergy.csv
Not a match
SAV_Python_2000_dt_5.50e-06_Nx_512_periodic_dtout_10_25pmass.csv
Not a match
spinodal_decomp_04_2025NMG_Python_20_dt_5.50e-06_Nx_128_periodic_dtout_2000phi.csv
spinodal_decomp_04_2025NMG_Python_20_dt_5.50e-06_Nx_256_neumann_dtout_20residual.csv
Not a match
NMG_Python_20_dt_5.50e-06_Nx_256_periodic_dtout_1_25pt_out.csv
Not a match
NMG_Python_20_dt_5.50e-06_Nx_128_periodic_dtout_20phi.csv
SAV_Python_2000_dt_5.50e-06_Nx_512_neumann_dtout_2000_25pphi.csv
spinodal_decomp_04_2025NMG_Python_200_dt_5.50e-06_Nx_256_neumann_dtout_200residual.csv
Not a match
SAV_Python_2000_dt_5.50e-06_Nx_512_neumann_dtout_10_25pt_out.csv
Not a match
NMG_Python_20_dt_5.50e-06_Nx_256_periodic_dtout_1t_out.csv
Not a match
spinodal_decomp_04_2025NMG_Python_20_dt_5.50e-06_Nx_64_periodic_dtout_20residual.csv
Not a match
spinodal_decomp_04_2025NMG_Python_200_dt_5.50e-06_Nx_128_neumann_dtout_200residual.csv
Not a match
NMG_Python_20_dt_5.50e-06_Nx_128_periodic_dtout_1phi.csv
NMG_Python_20_dt_5.50e-06_Nx_256_neumann_dtout_1_75pmass.csv
Not a match
NMG_Python_20_dt_5.50e-06_Nx_256_periodic_dtout_20_75presidual.csv
Not a match
NMG_Python_20_dt_5.50e-06_Nx_64_neumann_dtout_1_25pphi.csv
spinodal_decomp_04_2025NMG_Python_200_dt_5.50e-06_Nx_64_neumann_dtout_200residual.csv
Not a match
spinodal_decomp_04_2025SAV_Python_2000_dt_5.50e-06_Nx_128_neumann_dtout_10t_out.csv
Not a match
SAV_Python_2000_dt_5.50e-06_Nx_128_periodic_dtout_2000_75pphi.csv
spinodal_decomp_04_2025NMG_Python_20_dt_5.50e-06_Nx_256_periodic_dtout_2000phi.csv
spinodal_decomp_04_2025NMG_Python_20_dt_5.50e-06_Nx_128_neumann_dtout_10residual.csv
Not a match
NMG_Python_20_dt_5.50e-06_Nx_512_periodic_dtout_1_75pphi.csv
spinodal_decomp_04_2025NMG_Python_20_dt_5.50e-06_Nx_512_neumann_dtout_10t_out.csv
Not a match
NMG_Python_20_dt_5.50e-06_Nx_256_neumann_dtout_1_25pt_out.csv
Not a match
NMG_Python_20_dt_5.50e-06_Nx_64_periodic_dtout_1energy.csv
Not a match
spinodal_decomp_04_2025SAV_Python_2000_dt_5.50e-06_Nx_512_neumann_dtout_10t_out.csv
Not a match
SAV_Python_2000_dt_5.50e-06_Nx_512_neumann_dtout_10_25pmass.csv
Not a match
NMG_Python_20_dt_5.50e-06_Nx_64_periodic_dtout_20_25presidual.csv
Not a match
spinodal_decomp_04_2025SAV_Python_2000_dt_5.50e-06_Nx_512_neumann_dtout_2000phi.csv
spinodal_decomp_04_2025NMG_Python_20_dt_5.50e-06_Nx_512_periodic_dtout_10residual.csv
Not a match
NMG_Python_20_dt_5.50e-06_Nx_512_neumann_dtout_1_25penergy.csv
Not a match
NMG_Python_20_dt_5.50e-06_Nx_64_periodic_dtout_20phi.csv
NMG_Python_20_dt_5.50e-06_Nx_512_periodic_dtout_1mass.csv
Not a match
SAV_Python_2000_dt_5.50e-06_Nx_512_periodic_dtout_10_75pphi.csv
NMG_Python_20_dt_5.50e-06_Nx_128_neumann_dtout_1_75pmass.csv
Not a match
SAV_Python_2000_dt_5.50e-06_Nx_512_periodic_dtout_2000_75pphi.csv
NMG_Python_20_dt_5.50e-06_Nx_512_neumann_dtout_1_75penergy.csv
Not a match
spinodal_decomp_04_2025NMG_Python_20_dt_5.50e-06_Nx_64_periodic_dtout_2000phi.csv
NMG_Python_20_dt_5.50e-06_Nx_64_neumann_dtout_1_75pphi.csv
NMG_Python_20_dt_5.50e-06_Nx_256_periodic_dtout_1_75pt_out.csv
Not a match
spinodal_decomp_04_2025NMG_Python_20_dt_5.50e-06_Nx_64_neumann_dtout_10energy.csv
Not a match
spinodal_decomp_04_2025SAV_Python_2000_dt_5.50e-06_Nx_256_periodic_dtout_10t_out.csv
Not a match
NMG_Python_20_dt_5.50e-06_Nx_128_periodic_dtout_20_75pphi.csv
spinodal_decomp_04_2025SAV_Python_2000_dt_5.50e-06_Nx_256_periodic_dtout_2000phi.csv
SAV_Python_2000_dt_5.50e-06_Nx_64_neumann_dtout_10_75penergy.csv
Not a match
NMG_Python_20_dt_5.50e-06_Nx_128_neumann_dtout_1_25pt_out.csv
Not a match
SAV_Python_2000_dt_5.50e-06_Nx_512_neumann_dtout_10_75pphi.csv
SAV_Python_2000_dt_5.50e-06_Nx_128_periodic_dtout_2000_25pphi.csv
spinodal_decomp_04_2025SAV_Python_2000_dt_5.50e-06_Nx_128_neumann_dtout_10mass.csv
Not a match
NMG_Python_20_dt_5.50e-06_Nx_512_periodic_dtout_1_75presidual.csv
Not a match
NMG_Python_20_dt_5.50e-06_Nx_256_neumann_dtout_1_25penergy.csv
Not a match
NMG_Python_20_dt_5.50e-06_Nx_64_neumann_dtout_20_75pphi.csv
SAV_Python_2000_dt_5.50e-06_Nx_256_neumann_dtout_10_75penergy.csv
Not a match
spinodal_decomp_04_2025SAV_Python_2000_dt_5.50e-06_Nx_256_periodic_dtout_10phi.csv
spinodal_decomp_04_2025NMG_Python_20_dt_5.50e-06_Nx_64_periodic_dtout_2000residual.csv
Not a match
NMG_Python_20_dt_5.50e-06_Nx_256_periodic_dtout_1phi.csv
SAV_Python_2000_dt_5.50e-06_Nx_64_periodic_dtout_2000_25pphi.csv
SAV_Python_2000_dt_5.50e-06_Nx_128_periodic_dtout_10_25pt_out.csv
Not a match
spinodal_decomp_04_2025NMG_Python_20_dt_5.50e-06_Nx_64_neumann_dtout_10mass.csv
Not a match
NMG_Python_20_dt_5.50e-06_Nx_128_periodic_dtout_1t_out.csv
Not a match
spinodal_decomp_04_2025NMG_Python_20_dt_5.50e-06_Nx_512_neumann_dtout_10mass.csv
Not a match
NMG_Python_20_dt_5.50e-06_Nx_128_periodic_dtout_1_25pphi.csv
NMG_Python_20_dt_5.50e-06_Nx_128_periodic_dtout_1_75penergy.csv
Not a match
NMG_Python_20_dt_5.50e-06_Nx_64_periodic_dtout_1_25pt_out.csv
Not a match
NMG_Python_20_dt_5.50e-06_Nx_64_periodic_dtout_1_75pmass.csv
Not a match
NMG_Python_20_dt_5.50e-06_Nx_256_periodic_dtout_1mass.csv
Not a match
spinodal_decomp_04_2025SAV_Python_2000_dt_5.50e-06_Nx_64_neumann_dtout_10mass.csv
Not a match
spinodal_decomp_04_2025NMG_Python_200_dt_5.50e-06_Nx_512_periodic_dtout_200residual.csv
Not a match
spinodal_decomp_04_2025SAV_Python_2000_dt_5.50e-06_Nx_512_periodic_dtout_10phi.csv
spinodal_decomp_04_2025NMG_Python_20_dt_5.50e-06_Nx_128_periodic_dtout_20phi.csv
NMG_Python_20_dt_5.50e-06_Nx_64_periodic_dtout_20_75presidual.csv
Not a match
NMG_Python_20_dt_5.50e-06_Nx_128_periodic_dtout_1_75pmass.csv
Not a match
NMG_Python_20_dt_5.50e-06_Nx_64_periodic_dtout_1phi.csv
spinodal_decomp_04_2025SAV_Python_2000_dt_5.50e-06_Nx_64_neumann_dtout_10phi.csv
SAV_Python_2000_dt_5.50e-06_Nx_128_neumann_dtout_10_75pt_out.csv
Not a match
NMG_Python_20_dt_5.50e-06_Nx_512_periodic_dtout_20_25presidual.csv
Not a match
SAV_Python_2000_dt_5.50e-06_Nx_128_neumann_dtout_10_75penergy.csv
Not a match
NMG_Python_20_dt_5.50e-06_Nx_256_periodic_dtout_20_25presidual.csv
Not a match
SAV_Python_2000_dt_5.50e-06_Nx_128_neumann_dtout_10_75pmass.csv
Not a match
spinodal_decomp_04_2025NMG_Python_20_dt_5.50e-06_Nx_512_neumann_dtout_10phi.csv
NMG_Python_20_dt_5.50e-06_Nx_256_periodic_dtout_20phi.csv
spinodal_decomp_04_2025NMG_Python_200_dt_5.50e-06_Nx_256_periodic_dtout_200phi.csv
SAV_Python_2000_dt_5.50e-06_Nx_512_neumann_dtout_10_75pt_out.csv
Not a match
SAV_Python_2000_dt_5.50e-06_Nx_64_periodic_dtout_2000_75pphi.csv
NMG_Python_20_dt_5.50e-06_Nx_128_periodic_dtout_20_25pphi.csv
NMG_Python_20_dt_5.50e-06_Nx_64_neumann_dtout_20_25pphi.csv
SAV_Python_2000_dt_5.50e-06_Nx_128_neumann_dtout_10_25pphi.csv
spinodal_decomp_04_2025SAV_Python_2000_dt_5.50e-06_Nx_64_neumann_dtout_10t_out.csv
Not a match
NMG_Python_20_dt_5.50e-06_Nx_512_periodic_dtout_1t_out.csv
Not a match
spinodal_decomp_04_2025NMG_Python_20_dt_5.50e-06_Nx_512_periodic_dtout_20residual.csv
Not a match
NMG_Python_20_dt_5.50e-06_Nx_512_neumann_dtout_1_75pt_out.csv
Not a match
spinodal_decomp_04_2025NMG_Python_20_dt_5.50e-06_Nx_128_periodic_dtout_20residual.csv
Not a match
spinodal_decomp_04_2025SAV_Python_2000_dt_5.50e-06_Nx_512_neumann_dtout_10energy.csv
Not a match
SAV_Python_2000_dt_5.50e-06_Nx_256_periodic_dtout_10_75penergy.csv
Not a match
SAV_Python_2000_dt_5.50e-06_Nx_256_periodic_dtout_2000_25pphi.csv
spinodal_decomp_04_2025NMG_Python_20_dt_5.50e-06_Nx_512_neumann_dtout_2000residual.csv
Not a match
SAV_Python_2000_dt_5.50e-06_Nx_64_periodic_dtout_10_75pmass.csv
Not a match
SAV_Python_2000_dt_5.50e-06_Nx_512_periodic_dtout_10_25pt_out.csv
Not a match
NMG_Python_20_dt_5.50e-06_Nx_128_neumann_dtout_1_75pt_out.csv
Not a match
NMG_Python_20_dt_5.50e-06_Nx_128_neumann_dtout_1_25penergy.csv
Not a match
NMG_Python_20_dt_5.50e-06_Nx_64_periodic_dtout_1_25presidual.csv
Not a match
NMG_Python_20_dt_5.50e-06_Nx_256_periodic_dtout_1energy.csv
Not a match
NMG_Python_20_dt_5.50e-06_Nx_512_neumann_dtout_1_25presidual.csv
Not a match
SAV_Python_2000_dt_5.50e-06_Nx_512_periodic_dtout_10_75pt_out.csv
Not a match
SAV_Python_2000_dt_5.50e-06_Nx_64_neumann_dtout_10_25penergy.csv
Not a match
spinodal_decomp_04_2025NMG_Python_20_dt_5.50e-06_Nx_128_neumann_dtout_10phi.csv
NMG_Python_20_dt_5.50e-06_Nx_256_periodic_dtout_1_75pphi.csv
spinodal_decomp_04_2025SAV_Python_2000_dt_5.50e-06_Nx_256_neumann_dtout_10energy.csv
Not a match
SAV_Python_2000_dt_5.50e-06_Nx_256_neumann_dtout_10_25penergy.csv
Not a match
spinodal_decomp_04_2025NMG_Python_20_dt_5.50e-06_Nx_256_neumann_dtout_2000phi.csv
NMG_Python_20_dt_5.50e-06_Nx_512_neumann_dtout_1_75pmass.csv
Not a match
SAV_Python_2000_dt_5.50e-06_Nx_64_neumann_dtout_10_75pmass.csv
Not a match
NMG_Python_20_dt_5.50e-06_Nx_512_neumann_dtout_20_25pphi.csv
NMG_Python_20_dt_5.50e-06_Nx_256_periodic_dtout_20_75pphi.csv
NMG_Python_20_dt_5.50e-06_Nx_512_periodic_dtout_1residual.csv
Not a match
NMG_Python_20_dt_5.50e-06_Nx_128_neumann_dtout_20_75presidual.csv
Not a match
SAV_Python_2000_dt_5.50e-06_Nx_128_neumann_dtout_10_25pmass.csv
Not a match
spinodal_decomp_04_2025NMG_Python_20_dt_5.50e-06_Nx_128_neumann_dtout_10t_out.csv
Not a match
spinodal_decomp_04_2025NMG_Python_20_dt_5.50e-06_Nx_256_neumann_dtout_10residual.csv
Not a match
spinodal_decomp_04_2025NMG_Python_20_dt_5.50e-06_Nx_512_periodic_dtout_2000phi.csv
spinodal_decomp_04_2025NMG_Python_20_dt_5.50e-06_Nx_64_neumann_dtout_2000phi.csv
spinodal_decomp_04_2025NMG_Python_20_dt_5.50e-06_Nx_256_neumann_dtout_10mass.csv
Not a match
spinodal_decomp_04_2025NMG_Python_20_dt_5.50e-06_Nx_128_periodic_dtout_2000residual.csv
Not a match
NMG_Python_20_dt_5.50e-06_Nx_512_periodic_dtout_20_75presidual.csv
Not a match
SAV_Python_2000_dt_5.50e-06_Nx_64_neumann_dtout_10_25pt_out.csv
Not a match
spinodal_decomp_04_2025SAV_Python_2000_dt_5.50e-06_Nx_64_neumann_dtout_2000phi.csv
spinodal_decomp_04_2025NMG_Python_200_dt_5.50e-06_Nx_64_periodic_dtout_200residual.csv
Not a match
spinodal_decomp_04_2025SAV_Python_2000_dt_5.50e-06_Nx_512_periodic_dtout_2000phi.csv
SAV_Python_2000_dt_5.50e-06_Nx_256_neumann_dtout_10_25pmass.csv
Not a match
spinodal_decomp_04_2025SAV_Python_2000_dt_5.50e-06_Nx_512_neumann_dtout_10phi.csv
NMG_Python_20_dt_5.50e-06_Nx_128_neumann_dtout_20_25presidual.csv
Not a match
SAV_Python_2000_dt_5.50e-06_Nx_256_neumann_dtout_10_75pmass.csv
Not a match
SAV_Python_2000_dt_5.50e-06_Nx_512_periodic_dtout_10_25penergy.csv
Not a match
NMG_Python_20_dt_5.50e-06_Nx_512_neumann_dtout_1_75presidual.csv
Not a match
SAV_Python_2000_dt_5.50e-06_Nx_512_neumann_dtout_10_25penergy.csv
Not a match
NMG_Python_20_dt_5.50e-06_Nx_64_neumann_dtout_1_75penergy.csv
Not a match
SAV_Python_2000_dt_5.50e-06_Nx_64_neumann_dtout_2000_75pphi.csv
spinodal_decomp_04_2025SAV_Python_2000_dt_5.50e-06_Nx_128_periodic_dtout_10t_out.csv
Not a match
SAV_Python_2000_dt_5.50e-06_Nx_256_periodic_dtout_10_25pphi.csv
spinodal_decomp_04_2025SAV_Python_2000_dt_5.50e-06_Nx_128_neumann_dtout_10energy.csv
Not a match
NMG_Python_20_dt_5.50e-06_Nx_64_periodic_dtout_1_75pphi.csv
spinodal_decomp_04_2025NMG_Python_20_dt_5.50e-06_Nx_512_neumann_dtout_10energy.csv
Not a match
spinodal_decomp_04_2025NMG_Python_200_dt_5.50e-06_Nx_512_neumann_dtout_200phi.csv
NMG_Python_20_dt_5.50e-06_Nx_128_neumann_dtout_1_25pphi.csv
spinodal_decomp_04_2025SAV_Python_2000_dt_5.50e-06_Nx_128_neumann_dtout_2000phi.csv
SAV_Python_2000_dt_5.50e-06_Nx_128_periodic_dtout_10_75pt_out.csv
Not a match
NMG_Python_20_dt_5.50e-06_Nx_256_neumann_dtout_1_75pphi.csv
NMG_Python_20_dt_5.50e-06_Nx_256_neumann_dtout_1_25pphi.csv
spinodal_decomp_04_2025NMG_Python_20_dt_5.50e-06_Nx_64_neumann_dtout_2000residual.csv
Not a match
spinodal_decomp_04_2025SAV_Python_2000_dt_5.50e-06_Nx_64_periodic_dtout_10energy.csv
Not a match
spinodal_decomp_04_2025NMG_Python_20_dt_5.50e-06_Nx_256_periodic_dtout_20phi.csv
spinodal_decomp_04_2025NMG_Python_20_dt_5.50e-06_Nx_256_periodic_dtout_20residual.csv
Not a match
spinodal_decomp_04_2025NMG_Python_20_dt_5.50e-06_Nx_256_neumann_dtout_20phi.csv
NMG_Python_20_dt_5.50e-06_Nx_256_neumann_dtout_1_75presidual.csv
Not a match
SAV_Python_2000_dt_5.50e-06_Nx_64_neumann_dtout_2000_25pphi.csv
spinodal_decomp_04_2025SAV_Python_2000_dt_5.50e-06_Nx_64_periodic_dtout_10mass.csv
Not a match
NMG_Python_20_dt_5.50e-06_Nx_256_periodic_dtout_20residual.csv
Not a match
SAV_Python_2000_dt_5.50e-06_Nx_128_neumann_dtout_2000_75pphi.csv
spinodal_decomp_04_2025SAV_Python_2000_dt_5.50e-06_Nx_256_periodic_dtout_10energy.csv
Not a match
spinodal_decomp_04_2025NMG_Python_20_dt_5.50e-06_Nx_512_periodic_dtout_10phi.csv
NMG_Python_20_dt_5.50e-06_Nx_128_periodic_dtout_1mass.csv
Not a match
SAV_Python_2000_dt_5.50e-06_Nx_64_periodic_dtout_10_25pphi.csv
NMG_Python_20_dt_5.50e-06_Nx_128_neumann_dtout_20_25pphi.csv
NMG_Python_20_dt_5.50e-06_Nx_128_periodic_dtout_1_75pphi.csv
NMG_Python_20_dt_5.50e-06_Nx_128_neumann_dtout_1_25presidual.csv
Not a match
NMG_Python_20_dt_5.50e-06_Nx_256_periodic_dtout_1_25presidual.csv
Not a match
NMG_Python_20_dt_5.50e-06_Nx_512_periodic_dtout_20residual.csv
Not a match
spinodal_decomp_04_2025SAV_Python_2000_dt_5.50e-06_Nx_512_periodic_dtout_10energy.csv
Not a match
spinodal_decomp_04_2025NMG_Python_20_dt_5.50e-06_Nx_256_periodic_dtout_2000residual.csv
Not a match
spinodal_decomp_04_2025SAV_Python_2000_dt_5.50e-06_Nx_64_periodic_dtout_2000phi.csv
NMG_Python_20_dt_5.50e-06_Nx_128_periodic_dtout_1_25pt_out.csv
Not a match
SAV_Python_2000_dt_5.50e-06_Nx_128_periodic_dtout_10_25pphi.csv
NMG_Python_20_dt_5.50e-06_Nx_128_neumann_dtout_1_25pmass.csv
Not a match
spinodal_decomp_04_2025NMG_Python_200_dt_5.50e-06_Nx_128_periodic_dtout_200phi.csv
SAV_Python_2000_dt_5.50e-06_Nx_256_periodic_dtout_10_25pmass.csv
Not a match
SAV_Python_2000_dt_5.50e-06_Nx_256_periodic_dtout_10_25pt_out.csv
Not a match
NMG_Python_20_dt_5.50e-06_Nx_512_periodic_dtout_1_25pt_out.csv
Not a match
SAV_Python_2000_dt_5.50e-06_Nx_256_periodic_dtout_10_25penergy.csv
Not a match
NMG_Python_20_dt_5.50e-06_Nx_64_neumann_dtout_1_25pt_out.csv
Not a match
NMG_Python_20_dt_5.50e-06_Nx_64_periodic_dtout_20_25pphi.csv
SAV_Python_2000_dt_5.50e-06_Nx_512_neumann_dtout_2000_75pphi.csv
NMG_Python_20_dt_5.50e-06_Nx_128_periodic_dtout_1energy.csv
Not a match
NMG_Python_20_dt_5.50e-06_Nx_64_periodic_dtout_1_25pmass.csv
Not a match
SAV_Python_2000_dt_5.50e-06_Nx_256_neumann_dtout_10_25pphi.csv
spinodal_decomp_04_2025NMG_Python_20_dt_5.50e-06_Nx_64_neumann_dtout_10t_out.csv
Not a match
spinodal_decomp_04_2025NMG_Python_20_dt_5.50e-06_Nx_256_neumann_dtout_10energy.csv
Not a match
NMG_Python_20_dt_5.50e-06_Nx_256_neumann_dtout_1_25presidual.csv
Not a match
SAV_Python_2000_dt_5.50e-06_Nx_512_neumann_dtout_10_75penergy.csv
Not a match
NMG_Python_20_dt_5.50e-06_Nx_64_periodic_dtout_1_25pphi.csv
SAV_Python_2000_dt_5.50e-06_Nx_128_neumann_dtout_10_75pphi.csv
NMG_Python_20_dt_5.50e-06_Nx_512_neumann_dtout_1_25pmass.csv
Not a match
NMG_Python_20_dt_5.50e-06_Nx_256_neumann_dtout_20_75pphi.csv
NMG_Python_20_dt_5.50e-06_Nx_256_periodic_dtout_1_75presidual.csv
Not a match
NMG_Python_20_dt_5.50e-06_Nx_256_periodic_dtout_1_25pphi.csv
spinodal_decomp_04_2025NMG_Python_20_dt_5.50e-06_Nx_64_periodic_dtout_10residual.csv
Not a match
spinodal_decomp_04_2025SAV_Python_2000_dt_5.50e-06_Nx_256_neumann_dtout_10mass.csv
Not a match
SAV_Python_2000_dt_5.50e-06_Nx_512_periodic_dtout_10_25pphi.csv
NMG_Python_20_dt_5.50e-06_Nx_128_periodic_dtout_20_75presidual.csv
Not a match
NMG_Python_20_dt_5.50e-06_Nx_512_neumann_dtout_20_75presidual.csv
Not a match
spinodal_decomp_04_2025NMG_Python_20_dt_5.50e-06_Nx_512_periodic_dtout_2000residual.csv
Not a match
spinodal_decomp_04_2025NMG_Python_20_dt_5.50e-06_Nx_64_neumann_dtout_10phi.csv
NMG_Python_20_dt_5.50e-06_Nx_64_periodic_dtout_1residual.csv
Not a match
spinodal_decomp_04_2025NMG_Python_20_dt_5.50e-06_Nx_128_neumann_dtout_2000residual.csv
Not a match
spinodal_decomp_04_2025SAV_Python_2000_dt_5.50e-06_Nx_256_periodic_dtout_10mass.csv
Not a match
spinodal_decomp_04_2025SAV_Python_2000_dt_5.50e-06_Nx_256_neumann_dtout_10t_out.csv
Not a match
NMG_Python_20_dt_5.50e-06_Nx_128_neumann_dtout_20_75pphi.csv
NMG_Python_20_dt_5.50e-06_Nx_128_periodic_dtout_20_25presidual.csv
Not a match
spinodal_decomp_04_2025NMG_Python_20_dt_5.50e-06_Nx_128_neumann_dtout_2000phi.csv
spinodal_decomp_04_2025NMG_Python_200_dt_5.50e-06_Nx_128_neumann_dtout_200phi.csv
SAV_Python_2000_dt_5.50e-06_Nx_128_periodic_dtout_10_25pmass.csv
Not a match
NMG_Python_20_dt_5.50e-06_Nx_512_periodic_dtout_1_75pt_out.csv
Not a match
NMG_Python_20_dt_5.50e-06_Nx_256_periodic_dtout_1_75pmass.csv
Not a match
NMG_Python_20_dt_5.50e-06_Nx_512_periodic_dtout_1_25pphi.csv
NMG_Python_20_dt_5.50e-06_Nx_128_periodic_dtout_1residual.csv
Not a match
SAV_Python_2000_dt_5.50e-06_Nx_64_periodic_dtout_10_25penergy.csv
Not a match
spinodal_decomp_04_2025NMG_Python_20_dt_5.50e-06_Nx_64_periodic_dtout_20phi.csv
spinodal_decomp_04_2025NMG_Python_200_dt_5.50e-06_Nx_512_periodic_dtout_200phi.csv
NMG_Python_20_dt_5.50e-06_Nx_256_periodic_dtout_1_25pmass.csv
Not a match
spinodal_decomp_04_2025SAV_Python_2000_dt_5.50e-06_Nx_256_neumann_dtout_10phi.csv
SAV_Python_2000_dt_5.50e-06_Nx_64_periodic_dtout_10_75pphi.csv
SAV_Python_2000_dt_5.50e-06_Nx_256_neumann_dtout_2000_25pphi.csv
spinodal_decomp_04_2025NMG_Python_20_dt_5.50e-06_Nx_256_neumann_dtout_2000residual.csv
Not a match
spinodal_decomp_04_2025NMG_Python_20_dt_5.50e-06_Nx_256_periodic_dtout_10residual.csv
Not a match
NMG_Python_20_dt_5.50e-06_Nx_64_neumann_dtout_20_25presidual.csv
Not a match
SAV_Python_2000_dt_5.50e-06_Nx_256_neumann_dtout_10_25pt_out.csv
Not a match
NMG_Python_20_dt_5.50e-06_Nx_256_neumann_dtout_20_75presidual.csv
Not a match
spinodal_decomp_04_2025NMG_Python_20_dt_5.50e-06_Nx_512_neumann_dtout_2000phi.csv
NMG_Python_20_dt_5.50e-06_Nx_256_neumann_dtout_1_75pt_out.csv
Not a match
NMG_Python_20_dt_5.50e-06_Nx_64_neumann_dtout_20_75presidual.csv
Not a match
SAV_Python_2000_dt_5.50e-06_Nx_64_periodic_dtout_10_75pt_out.csv
Not a match
spinodal_decomp_04_2025SAV_Python_2000_dt_5.50e-06_Nx_128_periodic_dtout_2000phi.csv
NMG_Python_20_dt_5.50e-06_Nx_64_periodic_dtout_20_75pphi.csv
spinodal_decomp_04_2025NMG_Python_20_dt_5.50e-06_Nx_256_periodic_dtout_10phi.csv
spinodal_decomp_04_2025NMG_Python_2000_dt_5.50e-06_Nx_64_periodic_dtout_10phi.csv
NMG_Python_20_dt_5.50e-06_Nx_256_periodic_dtout_1_25penergy.csv
Not a match
NMG_Python_20_dt_5.50e-06_Nx_512_periodic_dtout_1_25presidual.csv
Not a match
NMG_Python_20_dt_5.50e-06_Nx_64_periodic_dtout_20residual.csv
Not a match
SAV_Python_2000_dt_5.50e-06_Nx_64_periodic_dtout_10_25pt_out.csv
Not a match
spinodal_decomp_04_2025NMG_Python_20_dt_5.50e-06_Nx_256_neumann_dtout_10t_out.csv
Not a match
SAV_Python_2000_dt_5.50e-06_Nx_256_periodic_dtout_10_75pphi.csv
NMG_Python_20_dt_5.50e-06_Nx_64_periodic_dtout_1_75presidual.csv
Not a match
SAV_Python_2000_dt_5.50e-06_Nx_128_neumann_dtout_10_25penergy.csv
Not a match
spinodal_decomp_04_2025NMG_Python_2000_dt_5.50e-06_Nx_64_periodic_dtout_10residual.csv
Not a match
SAV_Python_2000_dt_5.50e-06_Nx_512_periodic_dtout_10_75pmass.csv
Not a match
SAV_Python_2000_dt_5.50e-06_Nx_512_periodic_dtout_10_75penergy.csv
Not a match
NMG_Python_20_dt_5.50e-06_Nx_512_neumann_dtout_20_75pphi.csv
spinodal_decomp_04_2025SAV_Python_2000_dt_5.50e-06_Nx_64_neumann_dtout_10energy.csv
Not a match
spinodal_decomp_04_2025NMG_Python_20_dt_5.50e-06_Nx_128_neumann_dtout_10energy.csv
Not a match
spinodal_decomp_04_2025NMG_Python_200_dt_5.50e-06_Nx_64_neumann_dtout_200phi.csv
NMG_Python_20_dt_5.50e-06_Nx_512_neumann_dtout_1_75pphi.csv
spinodal_decomp_04_2025NMG_Python_20_dt_5.50e-06_Nx_64_periodic_dtout_10phi.csv
NMG_Python_20_dt_5.50e-06_Nx_512_periodic_dtout_20_75pphi.csv
spinodal_decomp_04_2025NMG_Python_200_dt_5.50e-06_Nx_256_neumann_dtout_200phi.csv
SAV_Python_2000_dt_5.50e-06_Nx_128_periodic_dtout_10_75pphi.csv
SAV_Python_2000_dt_5.50e-06_Nx_256_periodic_dtout_2000_75pphi.csv
NMG_Python_20_dt_5.50e-06_Nx_512_periodic_dtout_1_25penergy.csv
Not a match
NMG_Python_20_dt_5.50e-06_Nx_512_neumann_dtout_1_25pt_out.csv
Not a match
SAV_Python_2000_dt_5.50e-06_Nx_64_periodic_dtout_10_25pmass.csv
Not a match
NMG_Python_20_dt_5.50e-06_Nx_512_periodic_dtout_1energy.csv
Not a match
spinodal_decomp_04_2025NMG_Python_20_dt_5.50e-06_Nx_128_periodic_dtout_10residual.csv
Not a match
NMG_Python_20_dt_5.50e-06_Nx_64_periodic_dtout_1t_out.csv
Not a match
SAV_Python_2000_dt_5.50e-06_Nx_128_periodic_dtout_10_75pmass.csv
Not a match
NMG_Python_20_dt_5.50e-06_Nx_128_periodic_dtout_1_25pmass.csv
Not a match
NMG_Python_20_dt_5.50e-06_Nx_64_periodic_dtout_1mass.csv
Not a match
NMG_Python_20_dt_5.50e-06_Nx_256_neumann_dtout_1_75penergy.csv
Not a match
SAV_Python_2000_dt_5.50e-06_Nx_128_neumann_dtout_2000_25pphi.csv
NMG_Python_20_dt_5.50e-06_Nx_64_periodic_dtout_1_75pt_out.csv
Not a match
SAV_Python_2000_dt_5.50e-06_Nx_512_neumann_dtout_10_75pmass.csv
Not a match
SAV_Python_2000_dt_5.50e-06_Nx_128_periodic_dtout_10_75penergy.csv
Not a match
NMG_Python_20_dt_5.50e-06_Nx_128_neumann_dtout_1_75penergy.csv
Not a match
SAV_Python_2000_dt_5.50e-06_Nx_256_periodic_dtout_10_75pt_out.csv
Not a match
spinodal_decomp_04_2025SAV_Python_2000_dt_5.50e-06_Nx_128_periodic_dtout_10phi.csv
NMG_Python_20_dt_5.50e-06_Nx_512_periodic_dtout_20_25pphi.csv
SAV_Python_2000_dt_5.50e-06_Nx_512_neumann_dtout_10_25pphi.csv
NMG_Python_20_dt_5.50e-06_Nx_64_periodic_dtout_1_75penergy.csv
Not a match
NMG_Python_20_dt_5.50e-06_Nx_128_neumann_dtout_1_75presidual.csv
Not a match
NMG_Python_20_dt_5.50e-06_Nx_128_periodic_dtout_1_25penergy.csv
Not a match
SAV_Python_2000_dt_5.50e-06_Nx_64_neumann_dtout_10_25pmass.csv
Not a match
spinodal_decomp_04_2025NMG_Python_200_dt_5.50e-06_Nx_256_periodic_dtout_200residual.csv
Not a match
NMG_Python_20_dt_5.50e-06_Nx_512_periodic_dtout_1_25pmass.csv
Not a match
NMG_Python_20_dt_5.50e-06_Nx_128_periodic_dtout_20residual.csv
Not a match
spinodal_decomp_04_2025SAV_Python_2000_dt_5.50e-06_Nx_64_periodic_dtout_10phi.csv
spinodal_decomp_04_2025NMG_Python_200_dt_5.50e-06_Nx_128_periodic_dtout_200residual.csv
Not a match
DONE
