Wed Jul 2 20:15:25 EDT 2025
MODULES LOADED
0
match None
match None
match <re.Match object; span=(0, 59), match='NMG_Python_20_dt_5.50e-06_Nx_256_neumann_dtout_20>
Python,20,256,neumann,20,20,75p
match None
match None
match None
match None
match None
match None
match None
match <re.Match object; span=(0, 62), match='SAV_Python_2000_dt_5.50e-06_Nx_128_periodic_dtout>
match None
match None
match None
match None
match None
match None
match None
match None
match None
match None
match <re.Match object; span=(0, 63), match='SAV_Python_2000_dt_5.50e-06_Nx_256_neumann_dtout_>
Python,2000,256,neumann,2000,2000,25p not recorded; dt_out too large.
match <re.Match object; span=(0, 61), match='SAV_Python_2000_dt_5.50e-06_Nx_128_neumann_dtout_>
match <re.Match object; span=(0, 60), match='NMG_Python_20_dt_5.50e-06_Nx_128_periodic_dtout_2>
Python,20,128,periodic,20,20,25p
match None
match None
match <re.Match object; span=(0, 64), match='SAV_Python_2000_dt_5.50e-06_Nx_256_periodic_dtout>
Python,2000,256,periodic,2000,2000,50p not recorded; dt_out too large.
match None
match <re.Match object; span=(0, 60), match='NMG_Python_20_dt_5.50e-06_Nx_256_periodic_dtout_2>
Python,20,256,periodic,20,20,25p
match <re.Match object; span=(0, 59), match='NMG_Python_20_dt_5.50e-06_Nx_512_neumann_dtout_20>
Python,20,512,neumann,20,20,50p
match None
match None
match None
match None
match None
match None
match <re.Match object; span=(0, 64), match='SAV_Python_2000_dt_5.50e-06_Nx_512_periodic_dtout>
Python,2000,512,periodic,2000,2000,25p not recorded; dt_out too large.
match None
match None
match <re.Match object; span=(0, 63), match='SAV_Python_2000_dt_5.50e-06_Nx_64_periodic_dtout_>
Python,2000,64,periodic,2000,2000,75p not recorded; dt_out too large.
match None
match <re.Match object; span=(0, 64), match='SAV_Python_2000_dt_5.50e-06_Nx_256_periodic_dtout>
Python,2000,256,periodic,2000,2000,25p not recorded; dt_out too large.
match None
match None
match None
match None
match None
match None
match None
match None
match None
match None
match None
match None
match None
match None
match None
match None
match <re.Match object; span=(0, 61), match='SAV_Python_2000_dt_5.50e-06_Nx_64_periodic_dtout_>
match None
match None
match <re.Match object; span=(0, 63), match='SAV_Python_2000_dt_5.50e-06_Nx_256_neumann_dtout_>
Python,2000,256,neumann,2000,2000,75p not recorded; dt_out too large.
match None
match None
match <re.Match object; span=(0, 64), match='SAV_Python_2000_dt_5.50e-06_Nx_128_periodic_dtout>
Python,2000,128,periodic,2000,2000,75p not recorded; dt_out too large.
match None
match None
match None
match None
match None
match None
match <re.Match object; span=(0, 58), match='NMG_Python_20_dt_5.50e-06_Nx_128_neumann_dtout_12>
Python,20,128,neumann,1,1,25p
match <re.Match object; span=(0, 64), match='SAV_Python_2000_dt_5.50e-06_Nx_256_periodic_dtout>
Python,2000,256,periodic,2000,2000,75p not recorded; dt_out too large.
match None
match None
match None
match None
match None
match <re.Match object; span=(0, 59), match='NMG_Python_20_dt_5.50e-06_Nx_256_neumann_dtout_20>
Python,20,256,neumann,20,20,50p
match None
match None
match <re.Match object; span=(0, 61), match='SAV_Python_2000_dt_5.50e-06_Nx_64_periodic_dtout_>
match None
match <re.Match object; span=(0, 63), match='SAV_Python_2000_dt_5.50e-06_Nx_128_neumann_dtout_>
Python,2000,128,neumann,2000,2000,25p not recorded; dt_out too large.
match None
match None
match None
match None
match <re.Match object; span=(0, 58), match='NMG_Python_20_dt_5.50e-06_Nx_64_periodic_dtout_17>
Python,20,64,periodic,1,1,75p
match <re.Match object; span=(0, 61), match='SAV_Python_2000_dt_5.50e-06_Nx_256_neumann_dtout_>
match None
match None
match None
match None
match None
match <re.Match object; span=(0, 59), match='NMG_Python_20_dt_5.50e-06_Nx_256_periodic_dtout_1>
Python,20,256,periodic,1,1,50p
match <re.Match object; span=(0, 61), match='SAV_Python_2000_dt_5.50e-06_Nx_64_periodic_dtout_>
match None
match <re.Match object; span=(0, 58), match='NMG_Python_20_dt_5.50e-06_Nx_128_neumann_dtout_17>
Python,20,128,neumann,1,1,75p
match None
match None
match <re.Match object; span=(0, 61), match='SAV_Python_2000_dt_5.50e-06_Nx_512_neumann_dtout_>
match None
match None
match None
match None
match None
match None
match None
match None
match None
match None
match <re.Match object; span=(0, 61), match='SAV_Python_2000_dt_5.50e-06_Nx_256_neumann_dtout_>
match None
match <re.Match object; span=(0, 57), match='NMG_Python_20_dt_5.50e-06_Nx_64_neumann_dtout_150>
Python,20,64,neumann,1,1,50p
match None
match <re.Match object; span=(0, 58), match='NMG_Python_20_dt_5.50e-06_Nx_256_neumann_dtout_15>
Python,20,256,neumann,1,1,50p
match <re.Match object; span=(0, 58), match='NMG_Python_20_dt_5.50e-06_Nx_512_neumann_dtout_12>
Python,20,512,neumann,1,1,25p
match None
match None
match <re.Match object; span=(0, 62), match='SAV_Python_2000_dt_5.50e-06_Nx_512_periodic_dtout>
match None
match None
match <re.Match object; span=(0, 63), match='SAV_Python_2000_dt_5.50e-06_Nx_128_neumann_dtout_>
Python,2000,128,neumann,2000,2000,50p not recorded; dt_out too large.
match None
match None
match <re.Match object; span=(0, 64), match='SAV_Python_2000_dt_5.50e-06_Nx_512_periodic_dtout>
Python,2000,512,periodic,2000,2000,50p not recorded; dt_out too large.
match <re.Match object; span=(0, 61), match='SAV_Python_2000_dt_5.50e-06_Nx_512_neumann_dtout_>
match None
match None
match None
match None
match <re.Match object; span=(0, 58), match='NMG_Python_20_dt_5.50e-06_Nx_256_neumann_dtout_17>
Python,20,256,neumann,1,1,75p
match None
match <re.Match object; span=(0, 61), match='SAV_Python_2000_dt_5.50e-06_Nx_128_neumann_dtout_>
match None
match None
match None
match None
match None
match <re.Match object; span=(0, 59), match='NMG_Python_20_dt_5.50e-06_Nx_128_neumann_dtout_20>
Python,20,128,neumann,20,20,50p
match None
match <re.Match object; span=(0, 59), match='NMG_Python_20_dt_5.50e-06_Nx_128_periodic_dtout_1>
Python,20,128,periodic,1,1,50p
match <re.Match object; span=(0, 58), match='NMG_Python_20_dt_5.50e-06_Nx_256_neumann_dtout_12>
Python,20,256,neumann,1,1,25p
match None
match <re.Match object; span=(0, 57), match='NMG_Python_20_dt_5.50e-06_Nx_64_neumann_dtout_175>
Python,20,64,neumann,1,1,75p
match None
match None
match None
match <re.Match object; span=(0, 59), match='NMG_Python_20_dt_5.50e-06_Nx_256_periodic_dtout_1>
Python,20,256,periodic,1,1,25p
match <re.Match object; span=(0, 59), match='NMG_Python_20_dt_5.50e-06_Nx_64_periodic_dtout_20>
Python,20,64,periodic,20,20,25p
match None
match None
match <re.Match object; span=(0, 59), match='NMG_Python_20_dt_5.50e-06_Nx_512_periodic_dtout_1>
Python,20,512,periodic,1,1,50p
match None
match None
match None
match None
match None
match None
match None
match <re.Match object; span=(0, 63), match='SAV_Python_2000_dt_5.50e-06_Nx_512_neumann_dtout_>
Python,2000,512,neumann,2000,2000,50p not recorded; dt_out too large.
match <re.Match object; span=(0, 62), match='SAV_Python_2000_dt_5.50e-06_Nx_512_periodic_dtout>
match <re.Match object; span=(0, 63), match='SAV_Python_2000_dt_5.50e-06_Nx_512_neumann_dtout_>
Python,2000,512,neumann,2000,2000,75p not recorded; dt_out too large.
match None
match <re.Match object; span=(0, 60), match='NMG_Python_20_dt_5.50e-06_Nx_512_periodic_dtout_2>
Python,20,512,periodic,20,20,25p
match None
match <re.Match object; span=(0, 58), match='NMG_Python_20_dt_5.50e-06_Nx_64_neumann_dtout_205>
Python,20,64,neumann,20,20,50p
match <re.Match object; span=(0, 59), match='NMG_Python_20_dt_5.50e-06_Nx_128_neumann_dtout_20>
Python,20,128,neumann,20,20,75p
match <re.Match object; span=(0, 57), match='NMG_Python_20_dt_5.50e-06_Nx_64_neumann_dtout_125>
Python,20,64,neumann,1,1,25p
match None
match None
match None
match <re.Match object; span=(0, 62), match='SAV_Python_2000_dt_5.50e-06_Nx_64_neumann_dtout_2>
Python,2000,64,neumann,2000,2000,25p not recorded; dt_out too large.
match None
match None
match None
match <re.Match object; span=(0, 59), match='NMG_Python_20_dt_5.50e-06_Nx_512_periodic_dtout_1>
Python,20,512,periodic,1,1,25p
match None
match <re.Match object; span=(0, 64), match='SAV_Python_2000_dt_5.50e-06_Nx_128_periodic_dtout>
Python,2000,128,periodic,2000,2000,25p not recorded; dt_out too large.
match <re.Match object; span=(0, 61), match='SAV_Python_2000_dt_5.50e-06_Nx_256_neumann_dtout_>
match None
match None
match None
match None
match <re.Match object; span=(0, 60), match='NMG_Python_20_dt_5.50e-06_Nx_512_periodic_dtout_2>
Python,20,512,periodic,20,20,50p
match <re.Match object; span=(0, 64), match='SAV_Python_2000_dt_5.50e-06_Nx_512_periodic_dtout>
Python,2000,512,periodic,2000,2000,75p not recorded; dt_out too large.
match None
match None
match None
match None
match None
match <re.Match object; span=(0, 59), match='NMG_Python_20_dt_5.50e-06_Nx_128_periodic_dtout_1>
Python,20,128,periodic,1,1,75p
match <re.Match object; span=(0, 59), match='NMG_Python_20_dt_5.50e-06_Nx_512_periodic_dtout_1>
Python,20,512,periodic,1,1,75p
match None
match None
match None
match None
match <re.Match object; span=(0, 62), match='SAV_Python_2000_dt_5.50e-06_Nx_512_periodic_dtout>
match <re.Match object; span=(0, 62), match='SAV_Python_2000_dt_5.50e-06_Nx_128_periodic_dtout>
match None
match <re.Match object; span=(0, 58), match='NMG_Python_20_dt_5.50e-06_Nx_128_neumann_dtout_15>
Python,20,128,neumann,1,1,50p
match None
match None
match None
match <re.Match object; span=(0, 63), match='SAV_Python_2000_dt_5.50e-06_Nx_64_periodic_dtout_>
Python,2000,64,periodic,2000,2000,25p not recorded; dt_out too large.
match None
match None
match None
match None
match None
match None
match None
match None
match None
match <re.Match object; span=(0, 60), match='NMG_Python_20_dt_5.50e-06_Nx_128_periodic_dtout_2>
Python,20,128,periodic,20,20,75p
match <re.Match object; span=(0, 62), match='SAV_Python_2000_dt_5.50e-06_Nx_64_neumann_dtout_2>
Python,2000,64,neumann,2000,2000,50p not recorded; dt_out too large.
match <re.Match object; span=(0, 64), match='SAV_Python_2000_dt_5.50e-06_Nx_128_periodic_dtout>
Python,2000,128,periodic,2000,2000,50p not recorded; dt_out too large.
match None
match None
match None
match None
match <re.Match object; span=(0, 60), match='NMG_Python_20_dt_5.50e-06_Nx_256_periodic_dtout_2>
Python,20,256,periodic,20,20,75p
match <re.Match object; span=(0, 58), match='NMG_Python_20_dt_5.50e-06_Nx_512_neumann_dtout_17>
Python,20,512,neumann,1,1,75p
match <re.Match object; span=(0, 58), match='NMG_Python_20_dt_5.50e-06_Nx_64_neumann_dtout_202>
Python,20,64,neumann,20,20,25p
match <re.Match object; span=(0, 58), match='NMG_Python_20_dt_5.50e-06_Nx_64_neumann_dtout_207>
Python,20,64,neumann,20,20,75p
match None
match None
match <re.Match object; span=(0, 62), match='SAV_Python_2000_dt_5.50e-06_Nx_128_periodic_dtout>
match <re.Match object; span=(0, 60), match='SAV_Python_2000_dt_5.50e-06_Nx_64_neumann_dtout_1>
match <re.Match object; span=(0, 63), match='SAV_Python_2000_dt_5.50e-06_Nx_64_periodic_dtout_>
Python,2000,64,periodic,2000,2000,50p not recorded; dt_out too large.
match <re.Match object; span=(0, 60), match='NMG_Python_20_dt_5.50e-06_Nx_512_periodic_dtout_2>
Python,20,512,periodic,20,20,75p
match None
match <re.Match object; span=(0, 59), match='NMG_Python_20_dt_5.50e-06_Nx_512_neumann_dtout_20>
Python,20,512,neumann,20,20,25p
match <re.Match object; span=(0, 58), match='NMG_Python_20_dt_5.50e-06_Nx_512_neumann_dtout_15>
Python,20,512,neumann,1,1,50p
match <re.Match object; span=(0, 58), match='NMG_Python_20_dt_5.50e-06_Nx_64_periodic_dtout_12>
Python,20,64,periodic,1,1,25p
match None
match <re.Match object; span=(0, 62), match='SAV_Python_2000_dt_5.50e-06_Nx_256_periodic_dtout>
match <re.Match object; span=(0, 63), match='SAV_Python_2000_dt_5.50e-06_Nx_128_neumann_dtout_>
Python,2000,128,neumann,2000,2000,75p not recorded; dt_out too large.
match <re.Match object; span=(0, 60), match='NMG_Python_20_dt_5.50e-06_Nx_128_periodic_dtout_2>
Python,20,128,periodic,20,20,50p
match None
match None
match None
match <re.Match object; span=(0, 60), match='NMG_Python_20_dt_5.50e-06_Nx_256_periodic_dtout_2>
Python,20,256,periodic,20,20,50p
match None
match <re.Match object; span=(0, 62), match='SAV_Python_2000_dt_5.50e-06_Nx_256_periodic_dtout>
match None
match <re.Match object; span=(0, 63), match='SAV_Python_2000_dt_5.50e-06_Nx_256_neumann_dtout_>
Python,2000,256,neumann,2000,2000,50p not recorded; dt_out too large.
match None
match None
match <re.Match object; span=(0, 59), match='NMG_Python_20_dt_5.50e-06_Nx_64_periodic_dtout_20>
Python,20,64,periodic,20,20,50p
match <re.Match object; span=(0, 63), match='SAV_Python_2000_dt_5.50e-06_Nx_512_neumann_dtout_>
Python,2000,512,neumann,2000,2000,25p not recorded; dt_out too large.
match None
match <re.Match object; span=(0, 59), match='NMG_Python_20_dt_5.50e-06_Nx_512_neumann_dtout_20>
Python,20,512,neumann,20,20,75p
match None
match None
match <re.Match object; span=(0, 59), match='NMG_Python_20_dt_5.50e-06_Nx_256_neumann_dtout_20>
Python,20,256,neumann,20,20,25p
match <re.Match object; span=(0, 61), match='SAV_Python_2000_dt_5.50e-06_Nx_512_neumann_dtout_>
match None
match None
match None
match <re.Match object; span=(0, 62), match='SAV_Python_2000_dt_5.50e-06_Nx_64_neumann_dtout_2>
Python,2000,64,neumann,2000,2000,75p not recorded; dt_out too large.
match None
match None
match None
match None
match None
match None
match None
match None
match <re.Match object; span=(0, 59), match='NMG_Python_20_dt_5.50e-06_Nx_128_neumann_dtout_20>
Python,20,128,neumann,20,20,25p
match None
match <re.Match object; span=(0, 62), match='SAV_Python_2000_dt_5.50e-06_Nx_256_periodic_dtout>
match <re.Match object; span=(0, 59), match='NMG_Python_20_dt_5.50e-06_Nx_64_periodic_dtout_20>
Python,20,64,periodic,20,20,75p
match None
match <re.Match object; span=(0, 59), match='NMG_Python_20_dt_5.50e-06_Nx_256_periodic_dtout_1>
Python,20,256,periodic,1,1,75p
match <re.Match object; span=(0, 58), match='NMG_Python_20_dt_5.50e-06_Nx_64_periodic_dtout_15>
Python,20,64,periodic,1,1,50p
match <re.Match object; span=(0, 60), match='SAV_Python_2000_dt_5.50e-06_Nx_64_neumann_dtout_1>
match <re.Match object; span=(0, 59), match='NMG_Python_20_dt_5.50e-06_Nx_128_periodic_dtout_1>
Python,20,128,periodic,1,1,25p
match None
match None
match None
match None
match None
match <re.Match object; span=(0, 61), match='SAV_Python_2000_dt_5.50e-06_Nx_128_neumann_dtout_>
match None
match <re.Match object; span=(0, 60), match='SAV_Python_2000_dt_5.50e-06_Nx_64_neumann_dtout_1>
match None
1
match None
match None
match <re.Match object; span=(0, 59), match='NMG_Python_20_dt_5.50e-06_Nx_256_neumann_dtout_20>
Python,20,256,neumann,20,20,75p
NMG_Python_20_dt_5.50e-06_Nx_256_neumann_dtout_2075pphi.csv
Exception type : ValueError 
Exception message : could not convert string to float: '(0.41950652511946407+0j)'
Stack trace : ['File : /sfs/gpfs/tardis/home/xpz5km/Cahn_Hilliard_Model_HPC/spinodal_decomp/compare_L2_error.py , Line : 86, Func.Name : compare_L2_error_at_timepoint, Message : snapshot_SAV = read_specific_lines(f"{root}/{SAV_fname}", line_list)', 'File : /sfs/gpfs/tardis/home/xpz5km/Cahn_Hilliard_Model_HPC/spinodal_decomp/compare_L2_error.py , Line : 19, Func.Name : read_specific_lines, Message : digits.append(float(i))']
match None
match None
match None
match None
match None
match None
match None
match <re.Match object; span=(0, 62), match='SAV_Python_2000_dt_5.50e-06_Nx_128_periodic_dtout>
match None
match None
match None
match None
match None
match None
match None
match None
match None
match None
match <re.Match object; span=(0, 63), match='SAV_Python_2000_dt_5.50e-06_Nx_256_neumann_dtout_>
Python,2000,256,neumann,2000,2000,25p not recorded; dt_out too large.
match <re.Match object; span=(0, 61), match='SAV_Python_2000_dt_5.50e-06_Nx_128_neumann_dtout_>
match <re.Match object; span=(0, 60), match='NMG_Python_20_dt_5.50e-06_Nx_128_periodic_dtout_2>
Python,20,128,periodic,20,20,25p
NMG_Python_20_dt_5.50e-06_Nx_128_periodic_dtout_2025pphi.csv
Exception type : ValueError 
Exception message : could not convert string to float: '(-0.5392675015155758+0j)'
Stack trace : ['File : /sfs/gpfs/tardis/home/xpz5km/Cahn_Hilliard_Model_HPC/spinodal_decomp/compare_L2_error.py , Line : 86, Func.Name : compare_L2_error_at_timepoint, Message : snapshot_SAV = read_specific_lines(f"{root}/{SAV_fname}", line_list)', 'File : /sfs/gpfs/tardis/home/xpz5km/Cahn_Hilliard_Model_HPC/spinodal_decomp/compare_L2_error.py , Line : 19, Func.Name : read_specific_lines, Message : digits.append(float(i))']
match None
match None
match <re.Match object; span=(0, 64), match='SAV_Python_2000_dt_5.50e-06_Nx_256_periodic_dtout>
Python,2000,256,periodic,2000,2000,50p not recorded; dt_out too large.
match None
match <re.Match object; span=(0, 60), match='NMG_Python_20_dt_5.50e-06_Nx_256_periodic_dtout_2>
Python,20,256,periodic,20,20,25p
NMG_Python_20_dt_5.50e-06_Nx_256_periodic_dtout_2025pphi.csv
Exception type : ValueError 
Exception message : could not convert string to float: '(-0.4170151417869721+0j)'
Stack trace : ['File : /sfs/gpfs/tardis/home/xpz5km/Cahn_Hilliard_Model_HPC/spinodal_decomp/compare_L2_error.py , Line : 86, Func.Name : compare_L2_error_at_timepoint, Message : snapshot_SAV = read_specific_lines(f"{root}/{SAV_fname}", line_list)', 'File : /sfs/gpfs/tardis/home/xpz5km/Cahn_Hilliard_Model_HPC/spinodal_decomp/compare_L2_error.py , Line : 19, Func.Name : read_specific_lines, Message : digits.append(float(i))']
match <re.Match object; span=(0, 59), match='NMG_Python_20_dt_5.50e-06_Nx_512_neumann_dtout_20>
Python,20,512,neumann,20,20,50p
NMG_Python_20_dt_5.50e-06_Nx_512_neumann_dtout_2050pphi.csv
Exception type : ValueError 
Exception message : could not convert string to float: '(0.3765941854894782+0j)'
Stack trace : ['File : /sfs/gpfs/tardis/home/xpz5km/Cahn_Hilliard_Model_HPC/spinodal_decomp/compare_L2_error.py , Line : 86, Func.Name : compare_L2_error_at_timepoint, Message : snapshot_SAV = read_specific_lines(f"{root}/{SAV_fname}", line_list)', 'File : /sfs/gpfs/tardis/home/xpz5km/Cahn_Hilliard_Model_HPC/spinodal_decomp/compare_L2_error.py , Line : 19, Func.Name : read_specific_lines, Message : digits.append(float(i))']
match None
match None
match None
match None
match None
match None
match <re.Match object; span=(0, 64), match='SAV_Python_2000_dt_5.50e-06_Nx_512_periodic_dtout>
Python,2000,512,periodic,2000,2000,25p not recorded; dt_out too large.
match None
match None
match <re.Match object; span=(0, 63), match='SAV_Python_2000_dt_5.50e-06_Nx_64_periodic_dtout_>
Python,2000,64,periodic,2000,2000,75p not recorded; dt_out too large.
match None
match <re.Match object; span=(0, 64), match='SAV_Python_2000_dt_5.50e-06_Nx_256_periodic_dtout>
Python,2000,256,periodic,2000,2000,25p not recorded; dt_out too large.
match None
match None
match None
match None
match None
match None
match None
match None
match None
match None
match None
match None
match None
match None
match None
match None
match <re.Match object; span=(0, 61), match='SAV_Python_2000_dt_5.50e-06_Nx_64_periodic_dtout_>
match None
match None
match <re.Match object; span=(0, 63), match='SAV_Python_2000_dt_5.50e-06_Nx_256_neumann_dtout_>
Python,2000,256,neumann,2000,2000,75p not recorded; dt_out too large.
match None
match None
match <re.Match object; span=(0, 64), match='SAV_Python_2000_dt_5.50e-06_Nx_128_periodic_dtout>
Python,2000,128,periodic,2000,2000,75p not recorded; dt_out too large.
match None
match None
match None
match None
match None
match None
match <re.Match object; span=(0, 58), match='NMG_Python_20_dt_5.50e-06_Nx_128_neumann_dtout_12>
Python,20,128,neumann,1,1,25p
NMG_Python_20_dt_5.50e-06_Nx_128_neumann_dtout_125pphi.csv
Exception type : ValueError 
Exception message : could not convert string to float: '(-0.10276645075364461+0j)'
Stack trace : ['File : /sfs/gpfs/tardis/home/xpz5km/Cahn_Hilliard_Model_HPC/spinodal_decomp/compare_L2_error.py , Line : 86, Func.Name : compare_L2_error_at_timepoint, Message : snapshot_SAV = read_specific_lines(f"{root}/{SAV_fname}", line_list)', 'File : /sfs/gpfs/tardis/home/xpz5km/Cahn_Hilliard_Model_HPC/spinodal_decomp/compare_L2_error.py , Line : 19, Func.Name : read_specific_lines, Message : digits.append(float(i))']
match <re.Match object; span=(0, 64), match='SAV_Python_2000_dt_5.50e-06_Nx_256_periodic_dtout>
Python,2000,256,periodic,2000,2000,75p not recorded; dt_out too large.
match None
match None
match None
match None
match None
match <re.Match object; span=(0, 59), match='NMG_Python_20_dt_5.50e-06_Nx_256_neumann_dtout_20>
Python,20,256,neumann,20,20,50p
NMG_Python_20_dt_5.50e-06_Nx_256_neumann_dtout_2050pphi.csv
Exception type : ValueError 
Exception message : could not convert string to float: '(0.07069788833767843+0j)'
Stack trace : ['File : /sfs/gpfs/tardis/home/xpz5km/Cahn_Hilliard_Model_HPC/spinodal_decomp/compare_L2_error.py , Line : 86, Func.Name : compare_L2_error_at_timepoint, Message : snapshot_SAV = read_specific_lines(f"{root}/{SAV_fname}", line_list)', 'File : /sfs/gpfs/tardis/home/xpz5km/Cahn_Hilliard_Model_HPC/spinodal_decomp/compare_L2_error.py , Line : 19, Func.Name : read_specific_lines, Message : digits.append(float(i))']
match None
match None
match <re.Match object; span=(0, 61), match='SAV_Python_2000_dt_5.50e-06_Nx_64_periodic_dtout_>
match None
match <re.Match object; span=(0, 63), match='SAV_Python_2000_dt_5.50e-06_Nx_128_neumann_dtout_>
Python,2000,128,neumann,2000,2000,25p not recorded; dt_out too large.
match None
match None
match None
match None
match <re.Match object; span=(0, 58), match='NMG_Python_20_dt_5.50e-06_Nx_64_periodic_dtout_17>
Python,20,64,periodic,1,1,75p
NMG_Python_20_dt_5.50e-06_Nx_64_periodic_dtout_175pphi.csv
Exception type : ValueError 
Exception message : could not convert string to float: '(0.36662716665050266+0j)'
Stack trace : ['File : /sfs/gpfs/tardis/home/xpz5km/Cahn_Hilliard_Model_HPC/spinodal_decomp/compare_L2_error.py , Line : 86, Func.Name : compare_L2_error_at_timepoint, Message : snapshot_SAV = read_specific_lines(f"{root}/{SAV_fname}", line_list)', 'File : /sfs/gpfs/tardis/home/xpz5km/Cahn_Hilliard_Model_HPC/spinodal_decomp/compare_L2_error.py , Line : 19, Func.Name : read_specific_lines, Message : digits.append(float(i))']
match <re.Match object; span=(0, 61), match='SAV_Python_2000_dt_5.50e-06_Nx_256_neumann_dtout_>
match None
match None
match None
match None
match None
match <re.Match object; span=(0, 59), match='NMG_Python_20_dt_5.50e-06_Nx_256_periodic_dtout_1>
Python,20,256,periodic,1,1,50p
NMG_Python_20_dt_5.50e-06_Nx_256_periodic_dtout_150pphi.csv
Exception type : ValueError 
Exception message : could not convert string to float: '(0.010506962033912721+0j)'
Stack trace : ['File : /sfs/gpfs/tardis/home/xpz5km/Cahn_Hilliard_Model_HPC/spinodal_decomp/compare_L2_error.py , Line : 86, Func.Name : compare_L2_error_at_timepoint, Message : snapshot_SAV = read_specific_lines(f"{root}/{SAV_fname}", line_list)', 'File : /sfs/gpfs/tardis/home/xpz5km/Cahn_Hilliard_Model_HPC/spinodal_decomp/compare_L2_error.py , Line : 19, Func.Name : read_specific_lines, Message : digits.append(float(i))']
match <re.Match object; span=(0, 61), match='SAV_Python_2000_dt_5.50e-06_Nx_64_periodic_dtout_>
match None
match <re.Match object; span=(0, 58), match='NMG_Python_20_dt_5.50e-06_Nx_128_neumann_dtout_17>
Python,20,128,neumann,1,1,75p
NMG_Python_20_dt_5.50e-06_Nx_128_neumann_dtout_175pphi.csv
Exception type : ValueError 
Exception message : could not convert string to float: '(1.0070442820402468+0j)'
Stack trace : ['File : /sfs/gpfs/tardis/home/xpz5km/Cahn_Hilliard_Model_HPC/spinodal_decomp/compare_L2_error.py , Line : 86, Func.Name : compare_L2_error_at_timepoint, Message : snapshot_SAV = read_specific_lines(f"{root}/{SAV_fname}", line_list)', 'File : /sfs/gpfs/tardis/home/xpz5km/Cahn_Hilliard_Model_HPC/spinodal_decomp/compare_L2_error.py , Line : 19, Func.Name : read_specific_lines, Message : digits.append(float(i))']
match None
match None
match <re.Match object; span=(0, 61), match='SAV_Python_2000_dt_5.50e-06_Nx_512_neumann_dtout_>
match None
match None
match None
match None
match None
match None
match None
match None
match None
match None
match <re.Match object; span=(0, 61), match='SAV_Python_2000_dt_5.50e-06_Nx_256_neumann_dtout_>
match None
match <re.Match object; span=(0, 57), match='NMG_Python_20_dt_5.50e-06_Nx_64_neumann_dtout_150>
Python,20,64,neumann,1,1,50p
NMG_Python_20_dt_5.50e-06_Nx_64_neumann_dtout_150pphi.csv
Exception type : ValueError 
Exception message : could not convert string to float: '(-0.8193172180077055+0j)'
Stack trace : ['File : /sfs/gpfs/tardis/home/xpz5km/Cahn_Hilliard_Model_HPC/spinodal_decomp/compare_L2_error.py , Line : 86, Func.Name : compare_L2_error_at_timepoint, Message : snapshot_SAV = read_specific_lines(f"{root}/{SAV_fname}", line_list)', 'File : /sfs/gpfs/tardis/home/xpz5km/Cahn_Hilliard_Model_HPC/spinodal_decomp/compare_L2_error.py , Line : 19, Func.Name : read_specific_lines, Message : digits.append(float(i))']
match None
match <re.Match object; span=(0, 58), match='NMG_Python_20_dt_5.50e-06_Nx_256_neumann_dtout_15>
Python,20,256,neumann,1,1,50p
NMG_Python_20_dt_5.50e-06_Nx_256_neumann_dtout_150pphi.csv
Exception type : ValueError 
Exception message : could not convert string to float: '(0.07069788833767843+0j)'
Stack trace : ['File : /sfs/gpfs/tardis/home/xpz5km/Cahn_Hilliard_Model_HPC/spinodal_decomp/compare_L2_error.py , Line : 86, Func.Name : compare_L2_error_at_timepoint, Message : snapshot_SAV = read_specific_lines(f"{root}/{SAV_fname}", line_list)', 'File : /sfs/gpfs/tardis/home/xpz5km/Cahn_Hilliard_Model_HPC/spinodal_decomp/compare_L2_error.py , Line : 19, Func.Name : read_specific_lines, Message : digits.append(float(i))']
match <re.Match object; span=(0, 58), match='NMG_Python_20_dt_5.50e-06_Nx_512_neumann_dtout_12>
Python,20,512,neumann,1,1,25p
NMG_Python_20_dt_5.50e-06_Nx_512_neumann_dtout_125pphi.csv
Exception type : ValueError 
Exception message : could not convert string to float: '(-0.19931155268433487+0j)'
Stack trace : ['File : /sfs/gpfs/tardis/home/xpz5km/Cahn_Hilliard_Model_HPC/spinodal_decomp/compare_L2_error.py , Line : 86, Func.Name : compare_L2_error_at_timepoint, Message : snapshot_SAV = read_specific_lines(f"{root}/{SAV_fname}", line_list)', 'File : /sfs/gpfs/tardis/home/xpz5km/Cahn_Hilliard_Model_HPC/spinodal_decomp/compare_L2_error.py , Line : 19, Func.Name : read_specific_lines, Message : digits.append(float(i))']
match None
match None
match <re.Match object; span=(0, 62), match='SAV_Python_2000_dt_5.50e-06_Nx_512_periodic_dtout>
match None
match None
match <re.Match object; span=(0, 63), match='SAV_Python_2000_dt_5.50e-06_Nx_128_neumann_dtout_>
Python,2000,128,neumann,2000,2000,50p not recorded; dt_out too large.
match None
match None
match <re.Match object; span=(0, 64), match='SAV_Python_2000_dt_5.50e-06_Nx_512_periodic_dtout>
Python,2000,512,periodic,2000,2000,50p not recorded; dt_out too large.
match <re.Match object; span=(0, 61), match='SAV_Python_2000_dt_5.50e-06_Nx_512_neumann_dtout_>
match None
match None
match None
match None
match <re.Match object; span=(0, 58), match='NMG_Python_20_dt_5.50e-06_Nx_256_neumann_dtout_17>
Python,20,256,neumann,1,1,75p
NMG_Python_20_dt_5.50e-06_Nx_256_neumann_dtout_175pphi.csv
Exception type : ValueError 
Exception message : could not convert string to float: '(0.41950652511946407+0j)'
Stack trace : ['File : /sfs/gpfs/tardis/home/xpz5km/Cahn_Hilliard_Model_HPC/spinodal_decomp/compare_L2_error.py , Line : 86, Func.Name : compare_L2_error_at_timepoint, Message : snapshot_SAV = read_specific_lines(f"{root}/{SAV_fname}", line_list)', 'File : /sfs/gpfs/tardis/home/xpz5km/Cahn_Hilliard_Model_HPC/spinodal_decomp/compare_L2_error.py , Line : 19, Func.Name : read_specific_lines, Message : digits.append(float(i))']
match None
match <re.Match object; span=(0, 61), match='SAV_Python_2000_dt_5.50e-06_Nx_128_neumann_dtout_>
match None
match None
match None
match None
match None
match <re.Match object; span=(0, 59), match='NMG_Python_20_dt_5.50e-06_Nx_128_neumann_dtout_20>
Python,20,128,neumann,20,20,50p
NMG_Python_20_dt_5.50e-06_Nx_128_neumann_dtout_2050pphi.csv
Exception type : ValueError 
Exception message : could not convert string to float: '(0.4578281761662219+0j)'
Stack trace : ['File : /sfs/gpfs/tardis/home/xpz5km/Cahn_Hilliard_Model_HPC/spinodal_decomp/compare_L2_error.py , Line : 86, Func.Name : compare_L2_error_at_timepoint, Message : snapshot_SAV = read_specific_lines(f"{root}/{SAV_fname}", line_list)', 'File : /sfs/gpfs/tardis/home/xpz5km/Cahn_Hilliard_Model_HPC/spinodal_decomp/compare_L2_error.py , Line : 19, Func.Name : read_specific_lines, Message : digits.append(float(i))']
match None
match <re.Match object; span=(0, 59), match='NMG_Python_20_dt_5.50e-06_Nx_128_periodic_dtout_1>
Python,20,128,periodic,1,1,50p
NMG_Python_20_dt_5.50e-06_Nx_128_periodic_dtout_150pphi.csv
Exception type : ValueError 
Exception message : could not convert string to float: '(-0.3095721867886947+0j)'
Stack trace : ['File : /sfs/gpfs/tardis/home/xpz5km/Cahn_Hilliard_Model_HPC/spinodal_decomp/compare_L2_error.py , Line : 86, Func.Name : compare_L2_error_at_timepoint, Message : snapshot_SAV = read_specific_lines(f"{root}/{SAV_fname}", line_list)', 'File : /sfs/gpfs/tardis/home/xpz5km/Cahn_Hilliard_Model_HPC/spinodal_decomp/compare_L2_error.py , Line : 19, Func.Name : read_specific_lines, Message : digits.append(float(i))']
match <re.Match object; span=(0, 58), match='NMG_Python_20_dt_5.50e-06_Nx_256_neumann_dtout_12>
Python,20,256,neumann,1,1,25p
NMG_Python_20_dt_5.50e-06_Nx_256_neumann_dtout_125pphi.csv
Exception type : ValueError 
Exception message : could not convert string to float: '(-0.32927592388756166+0j)'
Stack trace : ['File : /sfs/gpfs/tardis/home/xpz5km/Cahn_Hilliard_Model_HPC/spinodal_decomp/compare_L2_error.py , Line : 86, Func.Name : compare_L2_error_at_timepoint, Message : snapshot_SAV = read_specific_lines(f"{root}/{SAV_fname}", line_list)', 'File : /sfs/gpfs/tardis/home/xpz5km/Cahn_Hilliard_Model_HPC/spinodal_decomp/compare_L2_error.py , Line : 19, Func.Name : read_specific_lines, Message : digits.append(float(i))']
match None
match <re.Match object; span=(0, 57), match='NMG_Python_20_dt_5.50e-06_Nx_64_neumann_dtout_175>
Python,20,64,neumann,1,1,75p
NMG_Python_20_dt_5.50e-06_Nx_64_neumann_dtout_175pphi.csv
Exception type : ValueError 
Exception message : could not convert string to float: '(-0.3181784942992353+0j)'
Stack trace : ['File : /sfs/gpfs/tardis/home/xpz5km/Cahn_Hilliard_Model_HPC/spinodal_decomp/compare_L2_error.py , Line : 86, Func.Name : compare_L2_error_at_timepoint, Message : snapshot_SAV = read_specific_lines(f"{root}/{SAV_fname}", line_list)', 'File : /sfs/gpfs/tardis/home/xpz5km/Cahn_Hilliard_Model_HPC/spinodal_decomp/compare_L2_error.py , Line : 19, Func.Name : read_specific_lines, Message : digits.append(float(i))']
match None
match None
match None
match <re.Match object; span=(0, 59), match='NMG_Python_20_dt_5.50e-06_Nx_256_periodic_dtout_1>
Python,20,256,periodic,1,1,25p
NMG_Python_20_dt_5.50e-06_Nx_256_periodic_dtout_125pphi.csv
Exception type : ValueError 
Exception message : could not convert string to float: '(-0.4170151417869721+0j)'
Stack trace : ['File : /sfs/gpfs/tardis/home/xpz5km/Cahn_Hilliard_Model_HPC/spinodal_decomp/compare_L2_error.py , Line : 86, Func.Name : compare_L2_error_at_timepoint, Message : snapshot_SAV = read_specific_lines(f"{root}/{SAV_fname}", line_list)', 'File : /sfs/gpfs/tardis/home/xpz5km/Cahn_Hilliard_Model_HPC/spinodal_decomp/compare_L2_error.py , Line : 19, Func.Name : read_specific_lines, Message : digits.append(float(i))']
match <re.Match object; span=(0, 59), match='NMG_Python_20_dt_5.50e-06_Nx_64_periodic_dtout_20>
Python,20,64,periodic,20,20,25p
NMG_Python_20_dt_5.50e-06_Nx_64_periodic_dtout_2025pphi.csv
Exception type : ValueError 
Exception message : could not convert string to float: '(-0.2607501952412769+0j)'
Stack trace : ['File : /sfs/gpfs/tardis/home/xpz5km/Cahn_Hilliard_Model_HPC/spinodal_decomp/compare_L2_error.py , Line : 86, Func.Name : compare_L2_error_at_timepoint, Message : snapshot_SAV = read_specific_lines(f"{root}/{SAV_fname}", line_list)', 'File : /sfs/gpfs/tardis/home/xpz5km/Cahn_Hilliard_Model_HPC/spinodal_decomp/compare_L2_error.py , Line : 19, Func.Name : read_specific_lines, Message : digits.append(float(i))']
match None
match None
match <re.Match object; span=(0, 59), match='NMG_Python_20_dt_5.50e-06_Nx_512_periodic_dtout_1>
Python,20,512,periodic,1,1,50p
NMG_Python_20_dt_5.50e-06_Nx_512_periodic_dtout_150pphi.csv
Exception type : ValueError 
Exception message : could not convert string to float: '(0.14766784652957254+0j)'
Stack trace : ['File : /sfs/gpfs/tardis/home/xpz5km/Cahn_Hilliard_Model_HPC/spinodal_decomp/compare_L2_error.py , Line : 86, Func.Name : compare_L2_error_at_timepoint, Message : snapshot_SAV = read_specific_lines(f"{root}/{SAV_fname}", line_list)', 'File : /sfs/gpfs/tardis/home/xpz5km/Cahn_Hilliard_Model_HPC/spinodal_decomp/compare_L2_error.py , Line : 19, Func.Name : read_specific_lines, Message : digits.append(float(i))']
match None
match None
match None
match None
match None
match None
match None
match <re.Match object; span=(0, 63), match='SAV_Python_2000_dt_5.50e-06_Nx_512_neumann_dtout_>
Python,2000,512,neumann,2000,2000,50p not recorded; dt_out too large.
match <re.Match object; span=(0, 62), match='SAV_Python_2000_dt_5.50e-06_Nx_512_periodic_dtout>
match <re.Match object; span=(0, 63), match='SAV_Python_2000_dt_5.50e-06_Nx_512_neumann_dtout_>
Python,2000,512,neumann,2000,2000,75p not recorded; dt_out too large.
match None
match <re.Match object; span=(0, 60), match='NMG_Python_20_dt_5.50e-06_Nx_512_periodic_dtout_2>
Python,20,512,periodic,20,20,25p
NMG_Python_20_dt_5.50e-06_Nx_512_periodic_dtout_2025pphi.csv
Exception type : ValueError 
Exception message : could not convert string to float: '(-0.5924427840366981+0j)'
Stack trace : ['File : /sfs/gpfs/tardis/home/xpz5km/Cahn_Hilliard_Model_HPC/spinodal_decomp/compare_L2_error.py , Line : 86, Func.Name : compare_L2_error_at_timepoint, Message : snapshot_SAV = read_specific_lines(f"{root}/{SAV_fname}", line_list)', 'File : /sfs/gpfs/tardis/home/xpz5km/Cahn_Hilliard_Model_HPC/spinodal_decomp/compare_L2_error.py , Line : 19, Func.Name : read_specific_lines, Message : digits.append(float(i))']
match None
match <re.Match object; span=(0, 58), match='NMG_Python_20_dt_5.50e-06_Nx_64_neumann_dtout_205>
Python,20,64,neumann,20,20,50p
NMG_Python_20_dt_5.50e-06_Nx_64_neumann_dtout_2050pphi.csv
Exception type : ValueError 
Exception message : could not convert string to float: '(-0.8193172180077055+0j)'
Stack trace : ['File : /sfs/gpfs/tardis/home/xpz5km/Cahn_Hilliard_Model_HPC/spinodal_decomp/compare_L2_error.py , Line : 86, Func.Name : compare_L2_error_at_timepoint, Message : snapshot_SAV = read_specific_lines(f"{root}/{SAV_fname}", line_list)', 'File : /sfs/gpfs/tardis/home/xpz5km/Cahn_Hilliard_Model_HPC/spinodal_decomp/compare_L2_error.py , Line : 19, Func.Name : read_specific_lines, Message : digits.append(float(i))']
match <re.Match object; span=(0, 59), match='NMG_Python_20_dt_5.50e-06_Nx_128_neumann_dtout_20>
Python,20,128,neumann,20,20,75p
NMG_Python_20_dt_5.50e-06_Nx_128_neumann_dtout_2075pphi.csv
Exception type : ValueError 
Exception message : could not convert string to float: '(1.0070442820402468+0j)'
Stack trace : ['File : /sfs/gpfs/tardis/home/xpz5km/Cahn_Hilliard_Model_HPC/spinodal_decomp/compare_L2_error.py , Line : 86, Func.Name : compare_L2_error_at_timepoint, Message : snapshot_SAV = read_specific_lines(f"{root}/{SAV_fname}", line_list)', 'File : /sfs/gpfs/tardis/home/xpz5km/Cahn_Hilliard_Model_HPC/spinodal_decomp/compare_L2_error.py , Line : 19, Func.Name : read_specific_lines, Message : digits.append(float(i))']
match <re.Match object; span=(0, 57), match='NMG_Python_20_dt_5.50e-06_Nx_64_neumann_dtout_125>
Python,20,64,neumann,1,1,25p
NMG_Python_20_dt_5.50e-06_Nx_64_neumann_dtout_125pphi.csv
Exception type : ValueError 
Exception message : could not convert string to float: '(-0.9129498158047057+0j)'
Stack trace : ['File : /sfs/gpfs/tardis/home/xpz5km/Cahn_Hilliard_Model_HPC/spinodal_decomp/compare_L2_error.py , Line : 86, Func.Name : compare_L2_error_at_timepoint, Message : snapshot_SAV = read_specific_lines(f"{root}/{SAV_fname}", line_list)', 'File : /sfs/gpfs/tardis/home/xpz5km/Cahn_Hilliard_Model_HPC/spinodal_decomp/compare_L2_error.py , Line : 19, Func.Name : read_specific_lines, Message : digits.append(float(i))']
match None
match None
match None
match <re.Match object; span=(0, 62), match='SAV_Python_2000_dt_5.50e-06_Nx_64_neumann_dtout_2>
Python,2000,64,neumann,2000,2000,25p not recorded; dt_out too large.
match None
match None
match None
match <re.Match object; span=(0, 59), match='NMG_Python_20_dt_5.50e-06_Nx_512_periodic_dtout_1>
Python,20,512,periodic,1,1,25p
NMG_Python_20_dt_5.50e-06_Nx_512_periodic_dtout_125pphi.csv
Exception type : ValueError 
Exception message : could not convert string to float: '(-0.5924427840366981+0j)'
Stack trace : ['File : /sfs/gpfs/tardis/home/xpz5km/Cahn_Hilliard_Model_HPC/spinodal_decomp/compare_L2_error.py , Line : 86, Func.Name : compare_L2_error_at_timepoint, Message : snapshot_SAV = read_specific_lines(f"{root}/{SAV_fname}", line_list)', 'File : /sfs/gpfs/tardis/home/xpz5km/Cahn_Hilliard_Model_HPC/spinodal_decomp/compare_L2_error.py , Line : 19, Func.Name : read_specific_lines, Message : digits.append(float(i))']
match None
match <re.Match object; span=(0, 64), match='SAV_Python_2000_dt_5.50e-06_Nx_128_periodic_dtout>
Python,2000,128,periodic,2000,2000,25p not recorded; dt_out too large.
match <re.Match object; span=(0, 61), match='SAV_Python_2000_dt_5.50e-06_Nx_256_neumann_dtout_>
match None
match None
match None
match None
match <re.Match object; span=(0, 60), match='NMG_Python_20_dt_5.50e-06_Nx_512_periodic_dtout_2>
Python,20,512,periodic,20,20,50p
NMG_Python_20_dt_5.50e-06_Nx_512_periodic_dtout_2050pphi.csv
Exception type : ValueError 
Exception message : could not convert string to float: '(0.14766784652957254+0j)'
Stack trace : ['File : /sfs/gpfs/tardis/home/xpz5km/Cahn_Hilliard_Model_HPC/spinodal_decomp/compare_L2_error.py , Line : 86, Func.Name : compare_L2_error_at_timepoint, Message : snapshot_SAV = read_specific_lines(f"{root}/{SAV_fname}", line_list)', 'File : /sfs/gpfs/tardis/home/xpz5km/Cahn_Hilliard_Model_HPC/spinodal_decomp/compare_L2_error.py , Line : 19, Func.Name : read_specific_lines, Message : digits.append(float(i))']
match <re.Match object; span=(0, 64), match='SAV_Python_2000_dt_5.50e-06_Nx_512_periodic_dtout>
Python,2000,512,periodic,2000,2000,75p not recorded; dt_out too large.
match None
match None
match None
match None
match None
match <re.Match object; span=(0, 59), match='NMG_Python_20_dt_5.50e-06_Nx_128_periodic_dtout_1>
Python,20,128,periodic,1,1,75p
NMG_Python_20_dt_5.50e-06_Nx_128_periodic_dtout_175pphi.csv
Exception type : ValueError 
Exception message : could not convert string to float: '(-0.2259011345264694+0j)'
Stack trace : ['File : /sfs/gpfs/tardis/home/xpz5km/Cahn_Hilliard_Model_HPC/spinodal_decomp/compare_L2_error.py , Line : 86, Func.Name : compare_L2_error_at_timepoint, Message : snapshot_SAV = read_specific_lines(f"{root}/{SAV_fname}", line_list)', 'File : /sfs/gpfs/tardis/home/xpz5km/Cahn_Hilliard_Model_HPC/spinodal_decomp/compare_L2_error.py , Line : 19, Func.Name : read_specific_lines, Message : digits.append(float(i))']
match <re.Match object; span=(0, 59), match='NMG_Python_20_dt_5.50e-06_Nx_512_periodic_dtout_1>
Python,20,512,periodic,1,1,75p
NMG_Python_20_dt_5.50e-06_Nx_512_periodic_dtout_175pphi.csv
Exception type : ValueError 
Exception message : could not convert string to float: '(0.5212796069949747+0j)'
Stack trace : ['File : /sfs/gpfs/tardis/home/xpz5km/Cahn_Hilliard_Model_HPC/spinodal_decomp/compare_L2_error.py , Line : 86, Func.Name : compare_L2_error_at_timepoint, Message : snapshot_SAV = read_specific_lines(f"{root}/{SAV_fname}", line_list)', 'File : /sfs/gpfs/tardis/home/xpz5km/Cahn_Hilliard_Model_HPC/spinodal_decomp/compare_L2_error.py , Line : 19, Func.Name : read_specific_lines, Message : digits.append(float(i))']
match None
match None
match None
match None
match <re.Match object; span=(0, 62), match='SAV_Python_2000_dt_5.50e-06_Nx_512_periodic_dtout>
match <re.Match object; span=(0, 62), match='SAV_Python_2000_dt_5.50e-06_Nx_128_periodic_dtout>
match None
match <re.Match object; span=(0, 58), match='NMG_Python_20_dt_5.50e-06_Nx_128_neumann_dtout_15>
Python,20,128,neumann,1,1,50p
NMG_Python_20_dt_5.50e-06_Nx_128_neumann_dtout_150pphi.csv
Exception type : ValueError 
Exception message : could not convert string to float: '(0.4578281761662219+0j)'
Stack trace : ['File : /sfs/gpfs/tardis/home/xpz5km/Cahn_Hilliard_Model_HPC/spinodal_decomp/compare_L2_error.py , Line : 86, Func.Name : compare_L2_error_at_timepoint, Message : snapshot_SAV = read_specific_lines(f"{root}/{SAV_fname}", line_list)', 'File : /sfs/gpfs/tardis/home/xpz5km/Cahn_Hilliard_Model_HPC/spinodal_decomp/compare_L2_error.py , Line : 19, Func.Name : read_specific_lines, Message : digits.append(float(i))']
match None
match None
match None
match <re.Match object; span=(0, 63), match='SAV_Python_2000_dt_5.50e-06_Nx_64_periodic_dtout_>
Python,2000,64,periodic,2000,2000,25p not recorded; dt_out too large.
match None
match None
match None
match None
match None
match None
match None
match None
match None
match <re.Match object; span=(0, 60), match='NMG_Python_20_dt_5.50e-06_Nx_128_periodic_dtout_2>
Python,20,128,periodic,20,20,75p
NMG_Python_20_dt_5.50e-06_Nx_128_periodic_dtout_2075pphi.csv
Exception type : ValueError 
Exception message : could not convert string to float: '(-0.2259011345264694+0j)'
Stack trace : ['File : /sfs/gpfs/tardis/home/xpz5km/Cahn_Hilliard_Model_HPC/spinodal_decomp/compare_L2_error.py , Line : 86, Func.Name : compare_L2_error_at_timepoint, Message : snapshot_SAV = read_specific_lines(f"{root}/{SAV_fname}", line_list)', 'File : /sfs/gpfs/tardis/home/xpz5km/Cahn_Hilliard_Model_HPC/spinodal_decomp/compare_L2_error.py , Line : 19, Func.Name : read_specific_lines, Message : digits.append(float(i))']
match <re.Match object; span=(0, 62), match='SAV_Python_2000_dt_5.50e-06_Nx_64_neumann_dtout_2>
Python,2000,64,neumann,2000,2000,50p not recorded; dt_out too large.
match <re.Match object; span=(0, 64), match='SAV_Python_2000_dt_5.50e-06_Nx_128_periodic_dtout>
Python,2000,128,periodic,2000,2000,50p not recorded; dt_out too large.
match None
match None
match None
match None
match <re.Match object; span=(0, 60), match='NMG_Python_20_dt_5.50e-06_Nx_256_periodic_dtout_2>
Python,20,256,periodic,20,20,75p
NMG_Python_20_dt_5.50e-06_Nx_256_periodic_dtout_2075pphi.csv
Exception type : ValueError 
Exception message : could not convert string to float: '(0.4813657808640433+0j)'
Stack trace : ['File : /sfs/gpfs/tardis/home/xpz5km/Cahn_Hilliard_Model_HPC/spinodal_decomp/compare_L2_error.py , Line : 86, Func.Name : compare_L2_error_at_timepoint, Message : snapshot_SAV = read_specific_lines(f"{root}/{SAV_fname}", line_list)', 'File : /sfs/gpfs/tardis/home/xpz5km/Cahn_Hilliard_Model_HPC/spinodal_decomp/compare_L2_error.py , Line : 19, Func.Name : read_specific_lines, Message : digits.append(float(i))']
match <re.Match object; span=(0, 58), match='NMG_Python_20_dt_5.50e-06_Nx_512_neumann_dtout_17>
Python,20,512,neumann,1,1,75p
NMG_Python_20_dt_5.50e-06_Nx_512_neumann_dtout_175pphi.csv
Exception type : ValueError 
Exception message : could not convert string to float: '(0.6537176705314839+0j)'
Stack trace : ['File : /sfs/gpfs/tardis/home/xpz5km/Cahn_Hilliard_Model_HPC/spinodal_decomp/compare_L2_error.py , Line : 86, Func.Name : compare_L2_error_at_timepoint, Message : snapshot_SAV = read_specific_lines(f"{root}/{SAV_fname}", line_list)', 'File : /sfs/gpfs/tardis/home/xpz5km/Cahn_Hilliard_Model_HPC/spinodal_decomp/compare_L2_error.py , Line : 19, Func.Name : read_specific_lines, Message : digits.append(float(i))']
match <re.Match object; span=(0, 58), match='NMG_Python_20_dt_5.50e-06_Nx_64_neumann_dtout_202>
Python,20,64,neumann,20,20,25p
NMG_Python_20_dt_5.50e-06_Nx_64_neumann_dtout_2025pphi.csv
Exception type : ValueError 
Exception message : could not convert string to float: '(-0.9129498158047057+0j)'
Stack trace : ['File : /sfs/gpfs/tardis/home/xpz5km/Cahn_Hilliard_Model_HPC/spinodal_decomp/compare_L2_error.py , Line : 86, Func.Name : compare_L2_error_at_timepoint, Message : snapshot_SAV = read_specific_lines(f"{root}/{SAV_fname}", line_list)', 'File : /sfs/gpfs/tardis/home/xpz5km/Cahn_Hilliard_Model_HPC/spinodal_decomp/compare_L2_error.py , Line : 19, Func.Name : read_specific_lines, Message : digits.append(float(i))']
match <re.Match object; span=(0, 58), match='NMG_Python_20_dt_5.50e-06_Nx_64_neumann_dtout_207>
Python,20,64,neumann,20,20,75p
NMG_Python_20_dt_5.50e-06_Nx_64_neumann_dtout_2075pphi.csv
Exception type : ValueError 
Exception message : could not convert string to float: '(-0.3181784942992353+0j)'
Stack trace : ['File : /sfs/gpfs/tardis/home/xpz5km/Cahn_Hilliard_Model_HPC/spinodal_decomp/compare_L2_error.py , Line : 86, Func.Name : compare_L2_error_at_timepoint, Message : snapshot_SAV = read_specific_lines(f"{root}/{SAV_fname}", line_list)', 'File : /sfs/gpfs/tardis/home/xpz5km/Cahn_Hilliard_Model_HPC/spinodal_decomp/compare_L2_error.py , Line : 19, Func.Name : read_specific_lines, Message : digits.append(float(i))']
match None
match None
match <re.Match object; span=(0, 62), match='SAV_Python_2000_dt_5.50e-06_Nx_128_periodic_dtout>
match <re.Match object; span=(0, 60), match='SAV_Python_2000_dt_5.50e-06_Nx_64_neumann_dtout_1>
match <re.Match object; span=(0, 63), match='SAV_Python_2000_dt_5.50e-06_Nx_64_periodic_dtout_>
Python,2000,64,periodic,2000,2000,50p not recorded; dt_out too large.
match <re.Match object; span=(0, 60), match='NMG_Python_20_dt_5.50e-06_Nx_512_periodic_dtout_2>
Python,20,512,periodic,20,20,75p
NMG_Python_20_dt_5.50e-06_Nx_512_periodic_dtout_2075pphi.csv
Exception type : ValueError 
Exception message : could not convert string to float: '(0.5212796069949747+0j)'
Stack trace : ['File : /sfs/gpfs/tardis/home/xpz5km/Cahn_Hilliard_Model_HPC/spinodal_decomp/compare_L2_error.py , Line : 86, Func.Name : compare_L2_error_at_timepoint, Message : snapshot_SAV = read_specific_lines(f"{root}/{SAV_fname}", line_list)', 'File : /sfs/gpfs/tardis/home/xpz5km/Cahn_Hilliard_Model_HPC/spinodal_decomp/compare_L2_error.py , Line : 19, Func.Name : read_specific_lines, Message : digits.append(float(i))']
match None
match <re.Match object; span=(0, 59), match='NMG_Python_20_dt_5.50e-06_Nx_512_neumann_dtout_20>
Python,20,512,neumann,20,20,25p
NMG_Python_20_dt_5.50e-06_Nx_512_neumann_dtout_2025pphi.csv
Exception type : ValueError 
Exception message : could not convert string to float: '(-0.19931155268433487+0j)'
Stack trace : ['File : /sfs/gpfs/tardis/home/xpz5km/Cahn_Hilliard_Model_HPC/spinodal_decomp/compare_L2_error.py , Line : 86, Func.Name : compare_L2_error_at_timepoint, Message : snapshot_SAV = read_specific_lines(f"{root}/{SAV_fname}", line_list)', 'File : /sfs/gpfs/tardis/home/xpz5km/Cahn_Hilliard_Model_HPC/spinodal_decomp/compare_L2_error.py , Line : 19, Func.Name : read_specific_lines, Message : digits.append(float(i))']
match <re.Match object; span=(0, 58), match='NMG_Python_20_dt_5.50e-06_Nx_512_neumann_dtout_15>
Python,20,512,neumann,1,1,50p
NMG_Python_20_dt_5.50e-06_Nx_512_neumann_dtout_150pphi.csv
Exception type : ValueError 
Exception message : could not convert string to float: '(0.3765941854894782+0j)'
Stack trace : ['File : /sfs/gpfs/tardis/home/xpz5km/Cahn_Hilliard_Model_HPC/spinodal_decomp/compare_L2_error.py , Line : 86, Func.Name : compare_L2_error_at_timepoint, Message : snapshot_SAV = read_specific_lines(f"{root}/{SAV_fname}", line_list)', 'File : /sfs/gpfs/tardis/home/xpz5km/Cahn_Hilliard_Model_HPC/spinodal_decomp/compare_L2_error.py , Line : 19, Func.Name : read_specific_lines, Message : digits.append(float(i))']
match <re.Match object; span=(0, 58), match='NMG_Python_20_dt_5.50e-06_Nx_64_periodic_dtout_12>
Python,20,64,periodic,1,1,25p
NMG_Python_20_dt_5.50e-06_Nx_64_periodic_dtout_125pphi.csv
Exception type : ValueError 
Exception message : could not convert string to float: '(-0.2607501952412769+0j)'
Stack trace : ['File : /sfs/gpfs/tardis/home/xpz5km/Cahn_Hilliard_Model_HPC/spinodal_decomp/compare_L2_error.py , Line : 86, Func.Name : compare_L2_error_at_timepoint, Message : snapshot_SAV = read_specific_lines(f"{root}/{SAV_fname}", line_list)', 'File : /sfs/gpfs/tardis/home/xpz5km/Cahn_Hilliard_Model_HPC/spinodal_decomp/compare_L2_error.py , Line : 19, Func.Name : read_specific_lines, Message : digits.append(float(i))']
match None
match <re.Match object; span=(0, 62), match='SAV_Python_2000_dt_5.50e-06_Nx_256_periodic_dtout>
match <re.Match object; span=(0, 63), match='SAV_Python_2000_dt_5.50e-06_Nx_128_neumann_dtout_>
Python,2000,128,neumann,2000,2000,75p not recorded; dt_out too large.
match <re.Match object; span=(0, 60), match='NMG_Python_20_dt_5.50e-06_Nx_128_periodic_dtout_2>
Python,20,128,periodic,20,20,50p
NMG_Python_20_dt_5.50e-06_Nx_128_periodic_dtout_2050pphi.csv
Exception type : ValueError 
Exception message : could not convert string to float: '(-0.3095721867886947+0j)'
Stack trace : ['File : /sfs/gpfs/tardis/home/xpz5km/Cahn_Hilliard_Model_HPC/spinodal_decomp/compare_L2_error.py , Line : 86, Func.Name : compare_L2_error_at_timepoint, Message : snapshot_SAV = read_specific_lines(f"{root}/{SAV_fname}", line_list)', 'File : /sfs/gpfs/tardis/home/xpz5km/Cahn_Hilliard_Model_HPC/spinodal_decomp/compare_L2_error.py , Line : 19, Func.Name : read_specific_lines, Message : digits.append(float(i))']
match None
match None
match None
match <re.Match object; span=(0, 60), match='NMG_Python_20_dt_5.50e-06_Nx_256_periodic_dtout_2>
Python,20,256,periodic,20,20,50p
NMG_Python_20_dt_5.50e-06_Nx_256_periodic_dtout_2050pphi.csv
Exception type : ValueError 
Exception message : could not convert string to float: '(0.010506962033912721+0j)'
Stack trace : ['File : /sfs/gpfs/tardis/home/xpz5km/Cahn_Hilliard_Model_HPC/spinodal_decomp/compare_L2_error.py , Line : 86, Func.Name : compare_L2_error_at_timepoint, Message : snapshot_SAV = read_specific_lines(f"{root}/{SAV_fname}", line_list)', 'File : /sfs/gpfs/tardis/home/xpz5km/Cahn_Hilliard_Model_HPC/spinodal_decomp/compare_L2_error.py , Line : 19, Func.Name : read_specific_lines, Message : digits.append(float(i))']
match None
match <re.Match object; span=(0, 62), match='SAV_Python_2000_dt_5.50e-06_Nx_256_periodic_dtout>
match None
match <re.Match object; span=(0, 63), match='SAV_Python_2000_dt_5.50e-06_Nx_256_neumann_dtout_>
Python,2000,256,neumann,2000,2000,50p not recorded; dt_out too large.
match None
match None
match <re.Match object; span=(0, 59), match='NMG_Python_20_dt_5.50e-06_Nx_64_periodic_dtout_20>
Python,20,64,periodic,20,20,50p
NMG_Python_20_dt_5.50e-06_Nx_64_periodic_dtout_2050pphi.csv
Exception type : ValueError 
Exception message : could not convert string to float: '(-0.4179450898314091+0j)'
Stack trace : ['File : /sfs/gpfs/tardis/home/xpz5km/Cahn_Hilliard_Model_HPC/spinodal_decomp/compare_L2_error.py , Line : 86, Func.Name : compare_L2_error_at_timepoint, Message : snapshot_SAV = read_specific_lines(f"{root}/{SAV_fname}", line_list)', 'File : /sfs/gpfs/tardis/home/xpz5km/Cahn_Hilliard_Model_HPC/spinodal_decomp/compare_L2_error.py , Line : 19, Func.Name : read_specific_lines, Message : digits.append(float(i))']
match <re.Match object; span=(0, 63), match='SAV_Python_2000_dt_5.50e-06_Nx_512_neumann_dtout_>
Python,2000,512,neumann,2000,2000,25p not recorded; dt_out too large.
match None
match <re.Match object; span=(0, 59), match='NMG_Python_20_dt_5.50e-06_Nx_512_neumann_dtout_20>
Python,20,512,neumann,20,20,75p
NMG_Python_20_dt_5.50e-06_Nx_512_neumann_dtout_2075pphi.csv
Exception type : ValueError 
Exception message : could not convert string to float: '(0.6537176705314839+0j)'
Stack trace : ['File : /sfs/gpfs/tardis/home/xpz5km/Cahn_Hilliard_Model_HPC/spinodal_decomp/compare_L2_error.py , Line : 86, Func.Name : compare_L2_error_at_timepoint, Message : snapshot_SAV = read_specific_lines(f"{root}/{SAV_fname}", line_list)', 'File : /sfs/gpfs/tardis/home/xpz5km/Cahn_Hilliard_Model_HPC/spinodal_decomp/compare_L2_error.py , Line : 19, Func.Name : read_specific_lines, Message : digits.append(float(i))']
match None
match None
match <re.Match object; span=(0, 59), match='NMG_Python_20_dt_5.50e-06_Nx_256_neumann_dtout_20>
Python,20,256,neumann,20,20,25p
NMG_Python_20_dt_5.50e-06_Nx_256_neumann_dtout_2025pphi.csv
Exception type : ValueError 
Exception message : could not convert string to float: '(-0.32927592388756166+0j)'
Stack trace : ['File : /sfs/gpfs/tardis/home/xpz5km/Cahn_Hilliard_Model_HPC/spinodal_decomp/compare_L2_error.py , Line : 86, Func.Name : compare_L2_error_at_timepoint, Message : snapshot_SAV = read_specific_lines(f"{root}/{SAV_fname}", line_list)', 'File : /sfs/gpfs/tardis/home/xpz5km/Cahn_Hilliard_Model_HPC/spinodal_decomp/compare_L2_error.py , Line : 19, Func.Name : read_specific_lines, Message : digits.append(float(i))']
match <re.Match object; span=(0, 61), match='SAV_Python_2000_dt_5.50e-06_Nx_512_neumann_dtout_>
match None
match None
match None
match <re.Match object; span=(0, 62), match='SAV_Python_2000_dt_5.50e-06_Nx_64_neumann_dtout_2>
Python,2000,64,neumann,2000,2000,75p not recorded; dt_out too large.
match None
match None
match None
match None
match None
match None
match None
match None
match <re.Match object; span=(0, 59), match='NMG_Python_20_dt_5.50e-06_Nx_128_neumann_dtout_20>
Python,20,128,neumann,20,20,25p
NMG_Python_20_dt_5.50e-06_Nx_128_neumann_dtout_2025pphi.csv
Exception type : ValueError 
Exception message : could not convert string to float: '(-0.10276645075364461+0j)'
Stack trace : ['File : /sfs/gpfs/tardis/home/xpz5km/Cahn_Hilliard_Model_HPC/spinodal_decomp/compare_L2_error.py , Line : 86, Func.Name : compare_L2_error_at_timepoint, Message : snapshot_SAV = read_specific_lines(f"{root}/{SAV_fname}", line_list)', 'File : /sfs/gpfs/tardis/home/xpz5km/Cahn_Hilliard_Model_HPC/spinodal_decomp/compare_L2_error.py , Line : 19, Func.Name : read_specific_lines, Message : digits.append(float(i))']
match None
match <re.Match object; span=(0, 62), match='SAV_Python_2000_dt_5.50e-06_Nx_256_periodic_dtout>
match <re.Match object; span=(0, 59), match='NMG_Python_20_dt_5.50e-06_Nx_64_periodic_dtout_20>
Python,20,64,periodic,20,20,75p
NMG_Python_20_dt_5.50e-06_Nx_64_periodic_dtout_2075pphi.csv
Exception type : ValueError 
Exception message : could not convert string to float: '(0.36662716665050266+0j)'
Stack trace : ['File : /sfs/gpfs/tardis/home/xpz5km/Cahn_Hilliard_Model_HPC/spinodal_decomp/compare_L2_error.py , Line : 86, Func.Name : compare_L2_error_at_timepoint, Message : snapshot_SAV = read_specific_lines(f"{root}/{SAV_fname}", line_list)', 'File : /sfs/gpfs/tardis/home/xpz5km/Cahn_Hilliard_Model_HPC/spinodal_decomp/compare_L2_error.py , Line : 19, Func.Name : read_specific_lines, Message : digits.append(float(i))']
match None
match <re.Match object; span=(0, 59), match='NMG_Python_20_dt_5.50e-06_Nx_256_periodic_dtout_1>
Python,20,256,periodic,1,1,75p
NMG_Python_20_dt_5.50e-06_Nx_256_periodic_dtout_175pphi.csv
Exception type : ValueError 
Exception message : could not convert string to float: '(0.4813657808640433+0j)'
Stack trace : ['File : /sfs/gpfs/tardis/home/xpz5km/Cahn_Hilliard_Model_HPC/spinodal_decomp/compare_L2_error.py , Line : 86, Func.Name : compare_L2_error_at_timepoint, Message : snapshot_SAV = read_specific_lines(f"{root}/{SAV_fname}", line_list)', 'File : /sfs/gpfs/tardis/home/xpz5km/Cahn_Hilliard_Model_HPC/spinodal_decomp/compare_L2_error.py , Line : 19, Func.Name : read_specific_lines, Message : digits.append(float(i))']
match <re.Match object; span=(0, 58), match='NMG_Python_20_dt_5.50e-06_Nx_64_periodic_dtout_15>
Python,20,64,periodic,1,1,50p
NMG_Python_20_dt_5.50e-06_Nx_64_periodic_dtout_150pphi.csv
Exception type : ValueError 
Exception message : could not convert string to float: '(-0.4179450898314091+0j)'
Stack trace : ['File : /sfs/gpfs/tardis/home/xpz5km/Cahn_Hilliard_Model_HPC/spinodal_decomp/compare_L2_error.py , Line : 86, Func.Name : compare_L2_error_at_timepoint, Message : snapshot_SAV = read_specific_lines(f"{root}/{SAV_fname}", line_list)', 'File : /sfs/gpfs/tardis/home/xpz5km/Cahn_Hilliard_Model_HPC/spinodal_decomp/compare_L2_error.py , Line : 19, Func.Name : read_specific_lines, Message : digits.append(float(i))']
match <re.Match object; span=(0, 60), match='SAV_Python_2000_dt_5.50e-06_Nx_64_neumann_dtout_1>
match <re.Match object; span=(0, 59), match='NMG_Python_20_dt_5.50e-06_Nx_128_periodic_dtout_1>
Python,20,128,periodic,1,1,25p
NMG_Python_20_dt_5.50e-06_Nx_128_periodic_dtout_125pphi.csv
Exception type : ValueError 
Exception message : could not convert string to float: '(-0.5392675015155758+0j)'
Stack trace : ['File : /sfs/gpfs/tardis/home/xpz5km/Cahn_Hilliard_Model_HPC/spinodal_decomp/compare_L2_error.py , Line : 86, Func.Name : compare_L2_error_at_timepoint, Message : snapshot_SAV = read_specific_lines(f"{root}/{SAV_fname}", line_list)', 'File : /sfs/gpfs/tardis/home/xpz5km/Cahn_Hilliard_Model_HPC/spinodal_decomp/compare_L2_error.py , Line : 19, Func.Name : read_specific_lines, Message : digits.append(float(i))']
match None
match None
match None
match None
match None
match <re.Match object; span=(0, 61), match='SAV_Python_2000_dt_5.50e-06_Nx_128_neumann_dtout_>
match None
match <re.Match object; span=(0, 60), match='SAV_Python_2000_dt_5.50e-06_Nx_64_neumann_dtout_1>
match None
2
match None
match None
match <re.Match object; span=(0, 59), match='NMG_Python_20_dt_5.50e-06_Nx_256_neumann_dtout_20>
Python,20,256,neumann,20,20,75p
NMG_Python_20_dt_5.50e-06_Nx_256_neumann_dtout_2075pphi.csv
Exception type : ValueError 
Exception message : could not convert string to float: '(0.41950652511946407+0j)'
Stack trace : ['File : /sfs/gpfs/tardis/home/xpz5km/Cahn_Hilliard_Model_HPC/spinodal_decomp/compare_L2_error.py , Line : 86, Func.Name : compare_L2_error_at_timepoint, Message : snapshot_SAV = read_specific_lines(f"{root}/{SAV_fname}", line_list)', 'File : /sfs/gpfs/tardis/home/xpz5km/Cahn_Hilliard_Model_HPC/spinodal_decomp/compare_L2_error.py , Line : 19, Func.Name : read_specific_lines, Message : digits.append(float(i))']
match None
match None
match None
match None
match None
match None
match None
match <re.Match object; span=(0, 62), match='SAV_Python_2000_dt_5.50e-06_Nx_128_periodic_dtout>
match None
match None
match None
match None
match None
match None
match None
match None
match None
match None
match <re.Match object; span=(0, 63), match='SAV_Python_2000_dt_5.50e-06_Nx_256_neumann_dtout_>
Python,2000,256,neumann,2000,2000,25p not recorded; dt_out too large.
match <re.Match object; span=(0, 61), match='SAV_Python_2000_dt_5.50e-06_Nx_128_neumann_dtout_>
match <re.Match object; span=(0, 60), match='NMG_Python_20_dt_5.50e-06_Nx_128_periodic_dtout_2>
Python,20,128,periodic,20,20,25p
NMG_Python_20_dt_5.50e-06_Nx_128_periodic_dtout_2025pphi.csv
Exception type : ValueError 
Exception message : could not convert string to float: '(-0.5392675015155758+0j)'
Stack trace : ['File : /sfs/gpfs/tardis/home/xpz5km/Cahn_Hilliard_Model_HPC/spinodal_decomp/compare_L2_error.py , Line : 86, Func.Name : compare_L2_error_at_timepoint, Message : snapshot_SAV = read_specific_lines(f"{root}/{SAV_fname}", line_list)', 'File : /sfs/gpfs/tardis/home/xpz5km/Cahn_Hilliard_Model_HPC/spinodal_decomp/compare_L2_error.py , Line : 19, Func.Name : read_specific_lines, Message : digits.append(float(i))']
match None
match None
match <re.Match object; span=(0, 64), match='SAV_Python_2000_dt_5.50e-06_Nx_256_periodic_dtout>
Python,2000,256,periodic,2000,2000,50p not recorded; dt_out too large.
match None
match <re.Match object; span=(0, 60), match='NMG_Python_20_dt_5.50e-06_Nx_256_periodic_dtout_2>
Python,20,256,periodic,20,20,25p
NMG_Python_20_dt_5.50e-06_Nx_256_periodic_dtout_2025pphi.csv
Exception type : ValueError 
Exception message : could not convert string to float: '(-0.4170151417869721+0j)'
Stack trace : ['File : /sfs/gpfs/tardis/home/xpz5km/Cahn_Hilliard_Model_HPC/spinodal_decomp/compare_L2_error.py , Line : 86, Func.Name : compare_L2_error_at_timepoint, Message : snapshot_SAV = read_specific_lines(f"{root}/{SAV_fname}", line_list)', 'File : /sfs/gpfs/tardis/home/xpz5km/Cahn_Hilliard_Model_HPC/spinodal_decomp/compare_L2_error.py , Line : 19, Func.Name : read_specific_lines, Message : digits.append(float(i))']
match <re.Match object; span=(0, 59), match='NMG_Python_20_dt_5.50e-06_Nx_512_neumann_dtout_20>
Python,20,512,neumann,20,20,50p
NMG_Python_20_dt_5.50e-06_Nx_512_neumann_dtout_2050pphi.csv
Exception type : ValueError 
Exception message : could not convert string to float: '(0.3765941854894782+0j)'
Stack trace : ['File : /sfs/gpfs/tardis/home/xpz5km/Cahn_Hilliard_Model_HPC/spinodal_decomp/compare_L2_error.py , Line : 86, Func.Name : compare_L2_error_at_timepoint, Message : snapshot_SAV = read_specific_lines(f"{root}/{SAV_fname}", line_list)', 'File : /sfs/gpfs/tardis/home/xpz5km/Cahn_Hilliard_Model_HPC/spinodal_decomp/compare_L2_error.py , Line : 19, Func.Name : read_specific_lines, Message : digits.append(float(i))']
match None
match None
match None
match None
match None
match None
match <re.Match object; span=(0, 64), match='SAV_Python_2000_dt_5.50e-06_Nx_512_periodic_dtout>
Python,2000,512,periodic,2000,2000,25p not recorded; dt_out too large.
match None
match None
match <re.Match object; span=(0, 63), match='SAV_Python_2000_dt_5.50e-06_Nx_64_periodic_dtout_>
Python,2000,64,periodic,2000,2000,75p not recorded; dt_out too large.
match None
match <re.Match object; span=(0, 64), match='SAV_Python_2000_dt_5.50e-06_Nx_256_periodic_dtout>
Python,2000,256,periodic,2000,2000,25p not recorded; dt_out too large.
match None
match None
match None
match None
match None
match None
match None
match None
match None
match None
match None
match None
match None
match None
match None
match None
match <re.Match object; span=(0, 61), match='SAV_Python_2000_dt_5.50e-06_Nx_64_periodic_dtout_>
match None
match None
match <re.Match object; span=(0, 63), match='SAV_Python_2000_dt_5.50e-06_Nx_256_neumann_dtout_>
Python,2000,256,neumann,2000,2000,75p not recorded; dt_out too large.
match None
match None
match <re.Match object; span=(0, 64), match='SAV_Python_2000_dt_5.50e-06_Nx_128_periodic_dtout>
Python,2000,128,periodic,2000,2000,75p not recorded; dt_out too large.
match None
match None
match None
match None
match None
match None
match <re.Match object; span=(0, 58), match='NMG_Python_20_dt_5.50e-06_Nx_128_neumann_dtout_12>
Python,20,128,neumann,1,1,25p
NMG_Python_20_dt_5.50e-06_Nx_128_neumann_dtout_125pphi.csv
Exception type : ValueError 
Exception message : could not convert string to float: '(-0.22897617257552488+0j)'
Stack trace : ['File : /sfs/gpfs/tardis/home/xpz5km/Cahn_Hilliard_Model_HPC/spinodal_decomp/compare_L2_error.py , Line : 86, Func.Name : compare_L2_error_at_timepoint, Message : snapshot_SAV = read_specific_lines(f"{root}/{SAV_fname}", line_list)', 'File : /sfs/gpfs/tardis/home/xpz5km/Cahn_Hilliard_Model_HPC/spinodal_decomp/compare_L2_error.py , Line : 19, Func.Name : read_specific_lines, Message : digits.append(float(i))']
match <re.Match object; span=(0, 64), match='SAV_Python_2000_dt_5.50e-06_Nx_256_periodic_dtout>
Python,2000,256,periodic,2000,2000,75p not recorded; dt_out too large.
match None
match None
match None
match None
match None
match <re.Match object; span=(0, 59), match='NMG_Python_20_dt_5.50e-06_Nx_256_neumann_dtout_20>
Python,20,256,neumann,20,20,50p
NMG_Python_20_dt_5.50e-06_Nx_256_neumann_dtout_2050pphi.csv
Exception type : ValueError 
Exception message : could not convert string to float: '(0.07069788833767843+0j)'
Stack trace : ['File : /sfs/gpfs/tardis/home/xpz5km/Cahn_Hilliard_Model_HPC/spinodal_decomp/compare_L2_error.py , Line : 86, Func.Name : compare_L2_error_at_timepoint, Message : snapshot_SAV = read_specific_lines(f"{root}/{SAV_fname}", line_list)', 'File : /sfs/gpfs/tardis/home/xpz5km/Cahn_Hilliard_Model_HPC/spinodal_decomp/compare_L2_error.py , Line : 19, Func.Name : read_specific_lines, Message : digits.append(float(i))']
match None
match None
match <re.Match object; span=(0, 61), match='SAV_Python_2000_dt_5.50e-06_Nx_64_periodic_dtout_>
match None
match <re.Match object; span=(0, 63), match='SAV_Python_2000_dt_5.50e-06_Nx_128_neumann_dtout_>
Python,2000,128,neumann,2000,2000,25p not recorded; dt_out too large.
match None
match None
match None
match None
match <re.Match object; span=(0, 58), match='NMG_Python_20_dt_5.50e-06_Nx_64_periodic_dtout_17>
Python,20,64,periodic,1,1,75p
NMG_Python_20_dt_5.50e-06_Nx_64_periodic_dtout_175pphi.csv
Exception type : ValueError 
Exception message : could not convert string to float: '(0.4190110811487225+0j)'
Stack trace : ['File : /sfs/gpfs/tardis/home/xpz5km/Cahn_Hilliard_Model_HPC/spinodal_decomp/compare_L2_error.py , Line : 86, Func.Name : compare_L2_error_at_timepoint, Message : snapshot_SAV = read_specific_lines(f"{root}/{SAV_fname}", line_list)', 'File : /sfs/gpfs/tardis/home/xpz5km/Cahn_Hilliard_Model_HPC/spinodal_decomp/compare_L2_error.py , Line : 19, Func.Name : read_specific_lines, Message : digits.append(float(i))']
match <re.Match object; span=(0, 61), match='SAV_Python_2000_dt_5.50e-06_Nx_256_neumann_dtout_>
match None
match None
match None
match None
match None
match <re.Match object; span=(0, 59), match='NMG_Python_20_dt_5.50e-06_Nx_256_periodic_dtout_1>
Python,20,256,periodic,1,1,50p
NMG_Python_20_dt_5.50e-06_Nx_256_periodic_dtout_150pphi.csv
Exception type : ValueError 
Exception message : could not convert string to float: '(0.028210394821113576+0j)'
Stack trace : ['File : /sfs/gpfs/tardis/home/xpz5km/Cahn_Hilliard_Model_HPC/spinodal_decomp/compare_L2_error.py , Line : 86, Func.Name : compare_L2_error_at_timepoint, Message : snapshot_SAV = read_specific_lines(f"{root}/{SAV_fname}", line_list)', 'File : /sfs/gpfs/tardis/home/xpz5km/Cahn_Hilliard_Model_HPC/spinodal_decomp/compare_L2_error.py , Line : 19, Func.Name : read_specific_lines, Message : digits.append(float(i))']
match <re.Match object; span=(0, 61), match='SAV_Python_2000_dt_5.50e-06_Nx_64_periodic_dtout_>
match None
match <re.Match object; span=(0, 58), match='NMG_Python_20_dt_5.50e-06_Nx_128_neumann_dtout_17>
Python,20,128,neumann,1,1,75p
NMG_Python_20_dt_5.50e-06_Nx_128_neumann_dtout_175pphi.csv
Exception type : ValueError 
Exception message : could not convert string to float: '(0.8623128955301148+0j)'
Stack trace : ['File : /sfs/gpfs/tardis/home/xpz5km/Cahn_Hilliard_Model_HPC/spinodal_decomp/compare_L2_error.py , Line : 86, Func.Name : compare_L2_error_at_timepoint, Message : snapshot_SAV = read_specific_lines(f"{root}/{SAV_fname}", line_list)', 'File : /sfs/gpfs/tardis/home/xpz5km/Cahn_Hilliard_Model_HPC/spinodal_decomp/compare_L2_error.py , Line : 19, Func.Name : read_specific_lines, Message : digits.append(float(i))']
match None
match None
match <re.Match object; span=(0, 61), match='SAV_Python_2000_dt_5.50e-06_Nx_512_neumann_dtout_>
match None
match None
match None
match None
match None
match None
match None
match None
match None
match None
match <re.Match object; span=(0, 61), match='SAV_Python_2000_dt_5.50e-06_Nx_256_neumann_dtout_>
match None
match <re.Match object; span=(0, 57), match='NMG_Python_20_dt_5.50e-06_Nx_64_neumann_dtout_150>
Python,20,64,neumann,1,1,50p
NMG_Python_20_dt_5.50e-06_Nx_64_neumann_dtout_150pphi.csv
Exception type : ValueError 
Exception message : could not convert string to float: '(-0.7482127853057345+0j)'
Stack trace : ['File : /sfs/gpfs/tardis/home/xpz5km/Cahn_Hilliard_Model_HPC/spinodal_decomp/compare_L2_error.py , Line : 86, Func.Name : compare_L2_error_at_timepoint, Message : snapshot_SAV = read_specific_lines(f"{root}/{SAV_fname}", line_list)', 'File : /sfs/gpfs/tardis/home/xpz5km/Cahn_Hilliard_Model_HPC/spinodal_decomp/compare_L2_error.py , Line : 19, Func.Name : read_specific_lines, Message : digits.append(float(i))']
match None
match <re.Match object; span=(0, 58), match='NMG_Python_20_dt_5.50e-06_Nx_256_neumann_dtout_15>
Python,20,256,neumann,1,1,50p
NMG_Python_20_dt_5.50e-06_Nx_256_neumann_dtout_150pphi.csv
Exception type : ValueError 
Exception message : could not convert string to float: '(0.03870067322459536+0j)'
Stack trace : ['File : /sfs/gpfs/tardis/home/xpz5km/Cahn_Hilliard_Model_HPC/spinodal_decomp/compare_L2_error.py , Line : 86, Func.Name : compare_L2_error_at_timepoint, Message : snapshot_SAV = read_specific_lines(f"{root}/{SAV_fname}", line_list)', 'File : /sfs/gpfs/tardis/home/xpz5km/Cahn_Hilliard_Model_HPC/spinodal_decomp/compare_L2_error.py , Line : 19, Func.Name : read_specific_lines, Message : digits.append(float(i))']
match <re.Match object; span=(0, 58), match='NMG_Python_20_dt_5.50e-06_Nx_512_neumann_dtout_12>
Python,20,512,neumann,1,1,25p
NMG_Python_20_dt_5.50e-06_Nx_512_neumann_dtout_125pphi.csv
Exception type : ValueError 
Exception message : could not convert string to float: '(-0.34823855270560633+0j)'
Stack trace : ['File : /sfs/gpfs/tardis/home/xpz5km/Cahn_Hilliard_Model_HPC/spinodal_decomp/compare_L2_error.py , Line : 86, Func.Name : compare_L2_error_at_timepoint, Message : snapshot_SAV = read_specific_lines(f"{root}/{SAV_fname}", line_list)', 'File : /sfs/gpfs/tardis/home/xpz5km/Cahn_Hilliard_Model_HPC/spinodal_decomp/compare_L2_error.py , Line : 19, Func.Name : read_specific_lines, Message : digits.append(float(i))']
match None
match None
match <re.Match object; span=(0, 62), match='SAV_Python_2000_dt_5.50e-06_Nx_512_periodic_dtout>
match None
match None
match <re.Match object; span=(0, 63), match='SAV_Python_2000_dt_5.50e-06_Nx_128_neumann_dtout_>
Python,2000,128,neumann,2000,2000,50p not recorded; dt_out too large.
match None
match None
match <re.Match object; span=(0, 64), match='SAV_Python_2000_dt_5.50e-06_Nx_512_periodic_dtout>
Python,2000,512,periodic,2000,2000,50p not recorded; dt_out too large.
match <re.Match object; span=(0, 61), match='SAV_Python_2000_dt_5.50e-06_Nx_512_neumann_dtout_>
match None
match None
match None
match None
match <re.Match object; span=(0, 58), match='NMG_Python_20_dt_5.50e-06_Nx_256_neumann_dtout_17>
Python,20,256,neumann,1,1,75p
NMG_Python_20_dt_5.50e-06_Nx_256_neumann_dtout_175pphi.csv
Exception type : ValueError 
Exception message : could not convert string to float: '(0.4475808254099545+0j)'
Stack trace : ['File : /sfs/gpfs/tardis/home/xpz5km/Cahn_Hilliard_Model_HPC/spinodal_decomp/compare_L2_error.py , Line : 86, Func.Name : compare_L2_error_at_timepoint, Message : snapshot_SAV = read_specific_lines(f"{root}/{SAV_fname}", line_list)', 'File : /sfs/gpfs/tardis/home/xpz5km/Cahn_Hilliard_Model_HPC/spinodal_decomp/compare_L2_error.py , Line : 19, Func.Name : read_specific_lines, Message : digits.append(float(i))']
match None
match <re.Match object; span=(0, 61), match='SAV_Python_2000_dt_5.50e-06_Nx_128_neumann_dtout_>
match None
match None
match None
match None
match None
match <re.Match object; span=(0, 59), match='NMG_Python_20_dt_5.50e-06_Nx_128_neumann_dtout_20>
Python,20,128,neumann,20,20,50p
NMG_Python_20_dt_5.50e-06_Nx_128_neumann_dtout_2050pphi.csv
Exception type : ValueError 
Exception message : could not convert string to float: '(0.4578281761662219+0j)'
Stack trace : ['File : /sfs/gpfs/tardis/home/xpz5km/Cahn_Hilliard_Model_HPC/spinodal_decomp/compare_L2_error.py , Line : 86, Func.Name : compare_L2_error_at_timepoint, Message : snapshot_SAV = read_specific_lines(f"{root}/{SAV_fname}", line_list)', 'File : /sfs/gpfs/tardis/home/xpz5km/Cahn_Hilliard_Model_HPC/spinodal_decomp/compare_L2_error.py , Line : 19, Func.Name : read_specific_lines, Message : digits.append(float(i))']
match None
match <re.Match object; span=(0, 59), match='NMG_Python_20_dt_5.50e-06_Nx_128_periodic_dtout_1>
Python,20,128,periodic,1,1,50p
NMG_Python_20_dt_5.50e-06_Nx_128_periodic_dtout_150pphi.csv
Exception type : ValueError 
Exception message : could not convert string to float: '(-0.263836128271362+0j)'
Stack trace : ['File : /sfs/gpfs/tardis/home/xpz5km/Cahn_Hilliard_Model_HPC/spinodal_decomp/compare_L2_error.py , Line : 86, Func.Name : compare_L2_error_at_timepoint, Message : snapshot_SAV = read_specific_lines(f"{root}/{SAV_fname}", line_list)', 'File : /sfs/gpfs/tardis/home/xpz5km/Cahn_Hilliard_Model_HPC/spinodal_decomp/compare_L2_error.py , Line : 19, Func.Name : read_specific_lines, Message : digits.append(float(i))']
match <re.Match object; span=(0, 58), match='NMG_Python_20_dt_5.50e-06_Nx_256_neumann_dtout_12>
Python,20,256,neumann,1,1,25p
NMG_Python_20_dt_5.50e-06_Nx_256_neumann_dtout_125pphi.csv
Exception type : ValueError 
Exception message : could not convert string to float: '(-0.3677207001951369+0j)'
Stack trace : ['File : /sfs/gpfs/tardis/home/xpz5km/Cahn_Hilliard_Model_HPC/spinodal_decomp/compare_L2_error.py , Line : 86, Func.Name : compare_L2_error_at_timepoint, Message : snapshot_SAV = read_specific_lines(f"{root}/{SAV_fname}", line_list)', 'File : /sfs/gpfs/tardis/home/xpz5km/Cahn_Hilliard_Model_HPC/spinodal_decomp/compare_L2_error.py , Line : 19, Func.Name : read_specific_lines, Message : digits.append(float(i))']
match None
match <re.Match object; span=(0, 57), match='NMG_Python_20_dt_5.50e-06_Nx_64_neumann_dtout_175>
Python,20,64,neumann,1,1,75p
NMG_Python_20_dt_5.50e-06_Nx_64_neumann_dtout_175pphi.csv
Exception type : ValueError 
Exception message : could not convert string to float: '(-0.2598245238599017+0j)'
Stack trace : ['File : /sfs/gpfs/tardis/home/xpz5km/Cahn_Hilliard_Model_HPC/spinodal_decomp/compare_L2_error.py , Line : 86, Func.Name : compare_L2_error_at_timepoint, Message : snapshot_SAV = read_specific_lines(f"{root}/{SAV_fname}", line_list)', 'File : /sfs/gpfs/tardis/home/xpz5km/Cahn_Hilliard_Model_HPC/spinodal_decomp/compare_L2_error.py , Line : 19, Func.Name : read_specific_lines, Message : digits.append(float(i))']
match None
match None
match None
match <re.Match object; span=(0, 59), match='NMG_Python_20_dt_5.50e-06_Nx_256_periodic_dtout_1>
Python,20,256,periodic,1,1,25p
NMG_Python_20_dt_5.50e-06_Nx_256_periodic_dtout_125pphi.csv
Exception type : ValueError 
Exception message : could not convert string to float: '(-0.4111585173230345+0j)'
Stack trace : ['File : /sfs/gpfs/tardis/home/xpz5km/Cahn_Hilliard_Model_HPC/spinodal_decomp/compare_L2_error.py , Line : 86, Func.Name : compare_L2_error_at_timepoint, Message : snapshot_SAV = read_specific_lines(f"{root}/{SAV_fname}", line_list)', 'File : /sfs/gpfs/tardis/home/xpz5km/Cahn_Hilliard_Model_HPC/spinodal_decomp/compare_L2_error.py , Line : 19, Func.Name : read_specific_lines, Message : digits.append(float(i))']
match <re.Match object; span=(0, 59), match='NMG_Python_20_dt_5.50e-06_Nx_64_periodic_dtout_20>
Python,20,64,periodic,20,20,25p
NMG_Python_20_dt_5.50e-06_Nx_64_periodic_dtout_2025pphi.csv
Exception type : ValueError 
Exception message : could not convert string to float: '(-0.2607501952412769+0j)'
Stack trace : ['File : /sfs/gpfs/tardis/home/xpz5km/Cahn_Hilliard_Model_HPC/spinodal_decomp/compare_L2_error.py , Line : 86, Func.Name : compare_L2_error_at_timepoint, Message : snapshot_SAV = read_specific_lines(f"{root}/{SAV_fname}", line_list)', 'File : /sfs/gpfs/tardis/home/xpz5km/Cahn_Hilliard_Model_HPC/spinodal_decomp/compare_L2_error.py , Line : 19, Func.Name : read_specific_lines, Message : digits.append(float(i))']
match None
match None
match <re.Match object; span=(0, 59), match='NMG_Python_20_dt_5.50e-06_Nx_512_periodic_dtout_1>
Python,20,512,periodic,1,1,50p
NMG_Python_20_dt_5.50e-06_Nx_512_periodic_dtout_150pphi.csv
Exception type : ValueError 
Exception message : could not convert string to float: '(0.11714566231456905+0j)'
Stack trace : ['File : /sfs/gpfs/tardis/home/xpz5km/Cahn_Hilliard_Model_HPC/spinodal_decomp/compare_L2_error.py , Line : 86, Func.Name : compare_L2_error_at_timepoint, Message : snapshot_SAV = read_specific_lines(f"{root}/{SAV_fname}", line_list)', 'File : /sfs/gpfs/tardis/home/xpz5km/Cahn_Hilliard_Model_HPC/spinodal_decomp/compare_L2_error.py , Line : 19, Func.Name : read_specific_lines, Message : digits.append(float(i))']
match None
match None
match None
match None
match None
match None
match None
match <re.Match object; span=(0, 63), match='SAV_Python_2000_dt_5.50e-06_Nx_512_neumann_dtout_>
Python,2000,512,neumann,2000,2000,50p not recorded; dt_out too large.
match <re.Match object; span=(0, 62), match='SAV_Python_2000_dt_5.50e-06_Nx_512_periodic_dtout>
match <re.Match object; span=(0, 63), match='SAV_Python_2000_dt_5.50e-06_Nx_512_neumann_dtout_>
Python,2000,512,neumann,2000,2000,75p not recorded; dt_out too large.
match None
match <re.Match object; span=(0, 60), match='NMG_Python_20_dt_5.50e-06_Nx_512_periodic_dtout_2>
Python,20,512,periodic,20,20,25p
NMG_Python_20_dt_5.50e-06_Nx_512_periodic_dtout_2025pphi.csv
Exception type : ValueError 
Exception message : could not convert string to float: '(-0.5924427840366981+0j)'
Stack trace : ['File : /sfs/gpfs/tardis/home/xpz5km/Cahn_Hilliard_Model_HPC/spinodal_decomp/compare_L2_error.py , Line : 86, Func.Name : compare_L2_error_at_timepoint, Message : snapshot_SAV = read_specific_lines(f"{root}/{SAV_fname}", line_list)', 'File : /sfs/gpfs/tardis/home/xpz5km/Cahn_Hilliard_Model_HPC/spinodal_decomp/compare_L2_error.py , Line : 19, Func.Name : read_specific_lines, Message : digits.append(float(i))']
match None
match <re.Match object; span=(0, 58), match='NMG_Python_20_dt_5.50e-06_Nx_64_neumann_dtout_205>
Python,20,64,neumann,20,20,50p
NMG_Python_20_dt_5.50e-06_Nx_64_neumann_dtout_2050pphi.csv
Exception type : ValueError 
Exception message : could not convert string to float: '(-0.8193172180077055+0j)'
Stack trace : ['File : /sfs/gpfs/tardis/home/xpz5km/Cahn_Hilliard_Model_HPC/spinodal_decomp/compare_L2_error.py , Line : 86, Func.Name : compare_L2_error_at_timepoint, Message : snapshot_SAV = read_specific_lines(f"{root}/{SAV_fname}", line_list)', 'File : /sfs/gpfs/tardis/home/xpz5km/Cahn_Hilliard_Model_HPC/spinodal_decomp/compare_L2_error.py , Line : 19, Func.Name : read_specific_lines, Message : digits.append(float(i))']
match <re.Match object; span=(0, 59), match='NMG_Python_20_dt_5.50e-06_Nx_128_neumann_dtout_20>
Python,20,128,neumann,20,20,75p
NMG_Python_20_dt_5.50e-06_Nx_128_neumann_dtout_2075pphi.csv
Exception type : ValueError 
Exception message : could not convert string to float: '(1.0070442820402468+0j)'
Stack trace : ['File : /sfs/gpfs/tardis/home/xpz5km/Cahn_Hilliard_Model_HPC/spinodal_decomp/compare_L2_error.py , Line : 86, Func.Name : compare_L2_error_at_timepoint, Message : snapshot_SAV = read_specific_lines(f"{root}/{SAV_fname}", line_list)', 'File : /sfs/gpfs/tardis/home/xpz5km/Cahn_Hilliard_Model_HPC/spinodal_decomp/compare_L2_error.py , Line : 19, Func.Name : read_specific_lines, Message : digits.append(float(i))']
match <re.Match object; span=(0, 57), match='NMG_Python_20_dt_5.50e-06_Nx_64_neumann_dtout_125>
Python,20,64,neumann,1,1,25p
NMG_Python_20_dt_5.50e-06_Nx_64_neumann_dtout_125pphi.csv
Exception type : ValueError 
Exception message : could not convert string to float: '(-0.7431469818418731+0j)'
Stack trace : ['File : /sfs/gpfs/tardis/home/xpz5km/Cahn_Hilliard_Model_HPC/spinodal_decomp/compare_L2_error.py , Line : 86, Func.Name : compare_L2_error_at_timepoint, Message : snapshot_SAV = read_specific_lines(f"{root}/{SAV_fname}", line_list)', 'File : /sfs/gpfs/tardis/home/xpz5km/Cahn_Hilliard_Model_HPC/spinodal_decomp/compare_L2_error.py , Line : 19, Func.Name : read_specific_lines, Message : digits.append(float(i))']
match None
match None
match None
match <re.Match object; span=(0, 62), match='SAV_Python_2000_dt_5.50e-06_Nx_64_neumann_dtout_2>
Python,2000,64,neumann,2000,2000,25p not recorded; dt_out too large.
match None
match None
match None
match <re.Match object; span=(0, 59), match='NMG_Python_20_dt_5.50e-06_Nx_512_periodic_dtout_1>
Python,20,512,periodic,1,1,25p
NMG_Python_20_dt_5.50e-06_Nx_512_periodic_dtout_125pphi.csv
Exception type : ValueError 
Exception message : could not convert string to float: '(-0.5179425374227578+0j)'
Stack trace : ['File : /sfs/gpfs/tardis/home/xpz5km/Cahn_Hilliard_Model_HPC/spinodal_decomp/compare_L2_error.py , Line : 86, Func.Name : compare_L2_error_at_timepoint, Message : snapshot_SAV = read_specific_lines(f"{root}/{SAV_fname}", line_list)', 'File : /sfs/gpfs/tardis/home/xpz5km/Cahn_Hilliard_Model_HPC/spinodal_decomp/compare_L2_error.py , Line : 19, Func.Name : read_specific_lines, Message : digits.append(float(i))']
match None
match <re.Match object; span=(0, 64), match='SAV_Python_2000_dt_5.50e-06_Nx_128_periodic_dtout>
Python,2000,128,periodic,2000,2000,25p not recorded; dt_out too large.
match <re.Match object; span=(0, 61), match='SAV_Python_2000_dt_5.50e-06_Nx_256_neumann_dtout_>
match None
match None
match None
match None
match <re.Match object; span=(0, 60), match='NMG_Python_20_dt_5.50e-06_Nx_512_periodic_dtout_2>
Python,20,512,periodic,20,20,50p
NMG_Python_20_dt_5.50e-06_Nx_512_periodic_dtout_2050pphi.csv
Exception type : ValueError 
Exception message : could not convert string to float: '(0.14766784652957254+0j)'
Stack trace : ['File : /sfs/gpfs/tardis/home/xpz5km/Cahn_Hilliard_Model_HPC/spinodal_decomp/compare_L2_error.py , Line : 86, Func.Name : compare_L2_error_at_timepoint, Message : snapshot_SAV = read_specific_lines(f"{root}/{SAV_fname}", line_list)', 'File : /sfs/gpfs/tardis/home/xpz5km/Cahn_Hilliard_Model_HPC/spinodal_decomp/compare_L2_error.py , Line : 19, Func.Name : read_specific_lines, Message : digits.append(float(i))']
match <re.Match object; span=(0, 64), match='SAV_Python_2000_dt_5.50e-06_Nx_512_periodic_dtout>
Python,2000,512,periodic,2000,2000,75p not recorded; dt_out too large.
match None
match None
match None
match None
match None
match <re.Match object; span=(0, 59), match='NMG_Python_20_dt_5.50e-06_Nx_128_periodic_dtout_1>
Python,20,128,periodic,1,1,75p
NMG_Python_20_dt_5.50e-06_Nx_128_periodic_dtout_175pphi.csv
Exception type : ValueError 
Exception message : could not convert string to float: '(0.3373478571847476+0j)'
Stack trace : ['File : /sfs/gpfs/tardis/home/xpz5km/Cahn_Hilliard_Model_HPC/spinodal_decomp/compare_L2_error.py , Line : 86, Func.Name : compare_L2_error_at_timepoint, Message : snapshot_SAV = read_specific_lines(f"{root}/{SAV_fname}", line_list)', 'File : /sfs/gpfs/tardis/home/xpz5km/Cahn_Hilliard_Model_HPC/spinodal_decomp/compare_L2_error.py , Line : 19, Func.Name : read_specific_lines, Message : digits.append(float(i))']
match <re.Match object; span=(0, 59), match='NMG_Python_20_dt_5.50e-06_Nx_512_periodic_dtout_1>
Python,20,512,periodic,1,1,75p
NMG_Python_20_dt_5.50e-06_Nx_512_periodic_dtout_175pphi.csv
Exception type : ValueError 
Exception message : could not convert string to float: '(0.5290806670231584+0j)'
Stack trace : ['File : /sfs/gpfs/tardis/home/xpz5km/Cahn_Hilliard_Model_HPC/spinodal_decomp/compare_L2_error.py , Line : 86, Func.Name : compare_L2_error_at_timepoint, Message : snapshot_SAV = read_specific_lines(f"{root}/{SAV_fname}", line_list)', 'File : /sfs/gpfs/tardis/home/xpz5km/Cahn_Hilliard_Model_HPC/spinodal_decomp/compare_L2_error.py , Line : 19, Func.Name : read_specific_lines, Message : digits.append(float(i))']
match None
match None
match None
match None
match <re.Match object; span=(0, 62), match='SAV_Python_2000_dt_5.50e-06_Nx_512_periodic_dtout>
match <re.Match object; span=(0, 62), match='SAV_Python_2000_dt_5.50e-06_Nx_128_periodic_dtout>
match None
match <re.Match object; span=(0, 58), match='NMG_Python_20_dt_5.50e-06_Nx_128_neumann_dtout_15>
Python,20,128,neumann,1,1,50p
NMG_Python_20_dt_5.50e-06_Nx_128_neumann_dtout_150pphi.csv
Exception type : ValueError 
Exception message : could not convert string to float: '(0.07985839108034495+0j)'
Stack trace : ['File : /sfs/gpfs/tardis/home/xpz5km/Cahn_Hilliard_Model_HPC/spinodal_decomp/compare_L2_error.py , Line : 86, Func.Name : compare_L2_error_at_timepoint, Message : snapshot_SAV = read_specific_lines(f"{root}/{SAV_fname}", line_list)', 'File : /sfs/gpfs/tardis/home/xpz5km/Cahn_Hilliard_Model_HPC/spinodal_decomp/compare_L2_error.py , Line : 19, Func.Name : read_specific_lines, Message : digits.append(float(i))']
match None
match None
match None
match <re.Match object; span=(0, 63), match='SAV_Python_2000_dt_5.50e-06_Nx_64_periodic_dtout_>
Python,2000,64,periodic,2000,2000,25p not recorded; dt_out too large.
match None
match None
match None
match None
match None
match None
match None
match None
match None
match <re.Match object; span=(0, 60), match='NMG_Python_20_dt_5.50e-06_Nx_128_periodic_dtout_2>
Python,20,128,periodic,20,20,75p
NMG_Python_20_dt_5.50e-06_Nx_128_periodic_dtout_2075pphi.csv
Exception type : ValueError 
Exception message : could not convert string to float: '(-0.2259011345264694+0j)'
Stack trace : ['File : /sfs/gpfs/tardis/home/xpz5km/Cahn_Hilliard_Model_HPC/spinodal_decomp/compare_L2_error.py , Line : 86, Func.Name : compare_L2_error_at_timepoint, Message : snapshot_SAV = read_specific_lines(f"{root}/{SAV_fname}", line_list)', 'File : /sfs/gpfs/tardis/home/xpz5km/Cahn_Hilliard_Model_HPC/spinodal_decomp/compare_L2_error.py , Line : 19, Func.Name : read_specific_lines, Message : digits.append(float(i))']
match <re.Match object; span=(0, 62), match='SAV_Python_2000_dt_5.50e-06_Nx_64_neumann_dtout_2>
Python,2000,64,neumann,2000,2000,50p not recorded; dt_out too large.
match <re.Match object; span=(0, 64), match='SAV_Python_2000_dt_5.50e-06_Nx_128_periodic_dtout>
Python,2000,128,periodic,2000,2000,50p not recorded; dt_out too large.
match None
match None
match None
match None
match <re.Match object; span=(0, 60), match='NMG_Python_20_dt_5.50e-06_Nx_256_periodic_dtout_2>
Python,20,256,periodic,20,20,75p
NMG_Python_20_dt_5.50e-06_Nx_256_periodic_dtout_2075pphi.csv
Exception type : ValueError 
Exception message : could not convert string to float: '(0.4813657808640433+0j)'
Stack trace : ['File : /sfs/gpfs/tardis/home/xpz5km/Cahn_Hilliard_Model_HPC/spinodal_decomp/compare_L2_error.py , Line : 86, Func.Name : compare_L2_error_at_timepoint, Message : snapshot_SAV = read_specific_lines(f"{root}/{SAV_fname}", line_list)', 'File : /sfs/gpfs/tardis/home/xpz5km/Cahn_Hilliard_Model_HPC/spinodal_decomp/compare_L2_error.py , Line : 19, Func.Name : read_specific_lines, Message : digits.append(float(i))']
match <re.Match object; span=(0, 58), match='NMG_Python_20_dt_5.50e-06_Nx_512_neumann_dtout_17>
Python,20,512,neumann,1,1,75p
NMG_Python_20_dt_5.50e-06_Nx_512_neumann_dtout_175pphi.csv
Exception type : ValueError 
Exception message : could not convert string to float: '(0.5896506407612861+0j)'
Stack trace : ['File : /sfs/gpfs/tardis/home/xpz5km/Cahn_Hilliard_Model_HPC/spinodal_decomp/compare_L2_error.py , Line : 86, Func.Name : compare_L2_error_at_timepoint, Message : snapshot_SAV = read_specific_lines(f"{root}/{SAV_fname}", line_list)', 'File : /sfs/gpfs/tardis/home/xpz5km/Cahn_Hilliard_Model_HPC/spinodal_decomp/compare_L2_error.py , Line : 19, Func.Name : read_specific_lines, Message : digits.append(float(i))']
match <re.Match object; span=(0, 58), match='NMG_Python_20_dt_5.50e-06_Nx_64_neumann_dtout_202>
Python,20,64,neumann,20,20,25p
NMG_Python_20_dt_5.50e-06_Nx_64_neumann_dtout_2025pphi.csv
Exception type : ValueError 
Exception message : could not convert string to float: '(-0.9129498158047057+0j)'
Stack trace : ['File : /sfs/gpfs/tardis/home/xpz5km/Cahn_Hilliard_Model_HPC/spinodal_decomp/compare_L2_error.py , Line : 86, Func.Name : compare_L2_error_at_timepoint, Message : snapshot_SAV = read_specific_lines(f"{root}/{SAV_fname}", line_list)', 'File : /sfs/gpfs/tardis/home/xpz5km/Cahn_Hilliard_Model_HPC/spinodal_decomp/compare_L2_error.py , Line : 19, Func.Name : read_specific_lines, Message : digits.append(float(i))']
match <re.Match object; span=(0, 58), match='NMG_Python_20_dt_5.50e-06_Nx_64_neumann_dtout_207>
Python,20,64,neumann,20,20,75p
NMG_Python_20_dt_5.50e-06_Nx_64_neumann_dtout_2075pphi.csv
Exception type : ValueError 
Exception message : could not convert string to float: '(-0.3181784942992353+0j)'
Stack trace : ['File : /sfs/gpfs/tardis/home/xpz5km/Cahn_Hilliard_Model_HPC/spinodal_decomp/compare_L2_error.py , Line : 86, Func.Name : compare_L2_error_at_timepoint, Message : snapshot_SAV = read_specific_lines(f"{root}/{SAV_fname}", line_list)', 'File : /sfs/gpfs/tardis/home/xpz5km/Cahn_Hilliard_Model_HPC/spinodal_decomp/compare_L2_error.py , Line : 19, Func.Name : read_specific_lines, Message : digits.append(float(i))']
match None
match None
match <re.Match object; span=(0, 62), match='SAV_Python_2000_dt_5.50e-06_Nx_128_periodic_dtout>
match <re.Match object; span=(0, 60), match='SAV_Python_2000_dt_5.50e-06_Nx_64_neumann_dtout_1>
match <re.Match object; span=(0, 63), match='SAV_Python_2000_dt_5.50e-06_Nx_64_periodic_dtout_>
Python,2000,64,periodic,2000,2000,50p not recorded; dt_out too large.
match <re.Match object; span=(0, 60), match='NMG_Python_20_dt_5.50e-06_Nx_512_periodic_dtout_2>
Python,20,512,periodic,20,20,75p
NMG_Python_20_dt_5.50e-06_Nx_512_periodic_dtout_2075pphi.csv
Exception type : ValueError 
Exception message : could not convert string to float: '(0.5212796069949747+0j)'
Stack trace : ['File : /sfs/gpfs/tardis/home/xpz5km/Cahn_Hilliard_Model_HPC/spinodal_decomp/compare_L2_error.py , Line : 86, Func.Name : compare_L2_error_at_timepoint, Message : snapshot_SAV = read_specific_lines(f"{root}/{SAV_fname}", line_list)', 'File : /sfs/gpfs/tardis/home/xpz5km/Cahn_Hilliard_Model_HPC/spinodal_decomp/compare_L2_error.py , Line : 19, Func.Name : read_specific_lines, Message : digits.append(float(i))']
match None
match <re.Match object; span=(0, 59), match='NMG_Python_20_dt_5.50e-06_Nx_512_neumann_dtout_20>
Python,20,512,neumann,20,20,25p
NMG_Python_20_dt_5.50e-06_Nx_512_neumann_dtout_2025pphi.csv
Exception type : ValueError 
Exception message : could not convert string to float: '(-0.19931155268433487+0j)'
Stack trace : ['File : /sfs/gpfs/tardis/home/xpz5km/Cahn_Hilliard_Model_HPC/spinodal_decomp/compare_L2_error.py , Line : 86, Func.Name : compare_L2_error_at_timepoint, Message : snapshot_SAV = read_specific_lines(f"{root}/{SAV_fname}", line_list)', 'File : /sfs/gpfs/tardis/home/xpz5km/Cahn_Hilliard_Model_HPC/spinodal_decomp/compare_L2_error.py , Line : 19, Func.Name : read_specific_lines, Message : digits.append(float(i))']
match <re.Match object; span=(0, 58), match='NMG_Python_20_dt_5.50e-06_Nx_512_neumann_dtout_15>
Python,20,512,neumann,1,1,50p
NMG_Python_20_dt_5.50e-06_Nx_512_neumann_dtout_150pphi.csv
Exception type : ValueError 
Exception message : could not convert string to float: '(0.4334599305426705+0j)'
Stack trace : ['File : /sfs/gpfs/tardis/home/xpz5km/Cahn_Hilliard_Model_HPC/spinodal_decomp/compare_L2_error.py , Line : 86, Func.Name : compare_L2_error_at_timepoint, Message : snapshot_SAV = read_specific_lines(f"{root}/{SAV_fname}", line_list)', 'File : /sfs/gpfs/tardis/home/xpz5km/Cahn_Hilliard_Model_HPC/spinodal_decomp/compare_L2_error.py , Line : 19, Func.Name : read_specific_lines, Message : digits.append(float(i))']
match <re.Match object; span=(0, 58), match='NMG_Python_20_dt_5.50e-06_Nx_64_periodic_dtout_12>
Python,20,64,periodic,1,1,25p
NMG_Python_20_dt_5.50e-06_Nx_64_periodic_dtout_125pphi.csv
Exception type : ValueError 
Exception message : could not convert string to float: '(-0.5067962479398017+0j)'
Stack trace : ['File : /sfs/gpfs/tardis/home/xpz5km/Cahn_Hilliard_Model_HPC/spinodal_decomp/compare_L2_error.py , Line : 86, Func.Name : compare_L2_error_at_timepoint, Message : snapshot_SAV = read_specific_lines(f"{root}/{SAV_fname}", line_list)', 'File : /sfs/gpfs/tardis/home/xpz5km/Cahn_Hilliard_Model_HPC/spinodal_decomp/compare_L2_error.py , Line : 19, Func.Name : read_specific_lines, Message : digits.append(float(i))']
match None
match <re.Match object; span=(0, 62), match='SAV_Python_2000_dt_5.50e-06_Nx_256_periodic_dtout>
match <re.Match object; span=(0, 63), match='SAV_Python_2000_dt_5.50e-06_Nx_128_neumann_dtout_>
Python,2000,128,neumann,2000,2000,75p not recorded; dt_out too large.
match <re.Match object; span=(0, 60), match='NMG_Python_20_dt_5.50e-06_Nx_128_periodic_dtout_2>
Python,20,128,periodic,20,20,50p
NMG_Python_20_dt_5.50e-06_Nx_128_periodic_dtout_2050pphi.csv
Exception type : ValueError 
Exception message : could not convert string to float: '(-0.3095721867886947+0j)'
Stack trace : ['File : /sfs/gpfs/tardis/home/xpz5km/Cahn_Hilliard_Model_HPC/spinodal_decomp/compare_L2_error.py , Line : 86, Func.Name : compare_L2_error_at_timepoint, Message : snapshot_SAV = read_specific_lines(f"{root}/{SAV_fname}", line_list)', 'File : /sfs/gpfs/tardis/home/xpz5km/Cahn_Hilliard_Model_HPC/spinodal_decomp/compare_L2_error.py , Line : 19, Func.Name : read_specific_lines, Message : digits.append(float(i))']
match None
match None
match None
match <re.Match object; span=(0, 60), match='NMG_Python_20_dt_5.50e-06_Nx_256_periodic_dtout_2>
Python,20,256,periodic,20,20,50p
NMG_Python_20_dt_5.50e-06_Nx_256_periodic_dtout_2050pphi.csv
Exception type : ValueError 
Exception message : could not convert string to float: '(0.010506962033912721+0j)'
Stack trace : ['File : /sfs/gpfs/tardis/home/xpz5km/Cahn_Hilliard_Model_HPC/spinodal_decomp/compare_L2_error.py , Line : 86, Func.Name : compare_L2_error_at_timepoint, Message : snapshot_SAV = read_specific_lines(f"{root}/{SAV_fname}", line_list)', 'File : /sfs/gpfs/tardis/home/xpz5km/Cahn_Hilliard_Model_HPC/spinodal_decomp/compare_L2_error.py , Line : 19, Func.Name : read_specific_lines, Message : digits.append(float(i))']
match None
match <re.Match object; span=(0, 62), match='SAV_Python_2000_dt_5.50e-06_Nx_256_periodic_dtout>
match None
match <re.Match object; span=(0, 63), match='SAV_Python_2000_dt_5.50e-06_Nx_256_neumann_dtout_>
Python,2000,256,neumann,2000,2000,50p not recorded; dt_out too large.
match None
match None
match <re.Match object; span=(0, 59), match='NMG_Python_20_dt_5.50e-06_Nx_64_periodic_dtout_20>
Python,20,64,periodic,20,20,50p
NMG_Python_20_dt_5.50e-06_Nx_64_periodic_dtout_2050pphi.csv
Exception type : ValueError 
Exception message : could not convert string to float: '(-0.4179450898314091+0j)'
Stack trace : ['File : /sfs/gpfs/tardis/home/xpz5km/Cahn_Hilliard_Model_HPC/spinodal_decomp/compare_L2_error.py , Line : 86, Func.Name : compare_L2_error_at_timepoint, Message : snapshot_SAV = read_specific_lines(f"{root}/{SAV_fname}", line_list)', 'File : /sfs/gpfs/tardis/home/xpz5km/Cahn_Hilliard_Model_HPC/spinodal_decomp/compare_L2_error.py , Line : 19, Func.Name : read_specific_lines, Message : digits.append(float(i))']
match <re.Match object; span=(0, 63), match='SAV_Python_2000_dt_5.50e-06_Nx_512_neumann_dtout_>
Python,2000,512,neumann,2000,2000,25p not recorded; dt_out too large.
match None
match <re.Match object; span=(0, 59), match='NMG_Python_20_dt_5.50e-06_Nx_512_neumann_dtout_20>
Python,20,512,neumann,20,20,75p
NMG_Python_20_dt_5.50e-06_Nx_512_neumann_dtout_2075pphi.csv
Exception type : ValueError 
Exception message : could not convert string to float: '(0.6537176705314839+0j)'
Stack trace : ['File : /sfs/gpfs/tardis/home/xpz5km/Cahn_Hilliard_Model_HPC/spinodal_decomp/compare_L2_error.py , Line : 86, Func.Name : compare_L2_error_at_timepoint, Message : snapshot_SAV = read_specific_lines(f"{root}/{SAV_fname}", line_list)', 'File : /sfs/gpfs/tardis/home/xpz5km/Cahn_Hilliard_Model_HPC/spinodal_decomp/compare_L2_error.py , Line : 19, Func.Name : read_specific_lines, Message : digits.append(float(i))']
match None
match None
match <re.Match object; span=(0, 59), match='NMG_Python_20_dt_5.50e-06_Nx_256_neumann_dtout_20>
Python,20,256,neumann,20,20,25p
NMG_Python_20_dt_5.50e-06_Nx_256_neumann_dtout_2025pphi.csv
Exception type : ValueError 
Exception message : could not convert string to float: '(-0.32927592388756166+0j)'
Stack trace : ['File : /sfs/gpfs/tardis/home/xpz5km/Cahn_Hilliard_Model_HPC/spinodal_decomp/compare_L2_error.py , Line : 86, Func.Name : compare_L2_error_at_timepoint, Message : snapshot_SAV = read_specific_lines(f"{root}/{SAV_fname}", line_list)', 'File : /sfs/gpfs/tardis/home/xpz5km/Cahn_Hilliard_Model_HPC/spinodal_decomp/compare_L2_error.py , Line : 19, Func.Name : read_specific_lines, Message : digits.append(float(i))']
match <re.Match object; span=(0, 61), match='SAV_Python_2000_dt_5.50e-06_Nx_512_neumann_dtout_>
match None
match None
match None
match <re.Match object; span=(0, 62), match='SAV_Python_2000_dt_5.50e-06_Nx_64_neumann_dtout_2>
Python,2000,64,neumann,2000,2000,75p not recorded; dt_out too large.
match None
match None
match None
match None
match None
match None
match None
match None
match <re.Match object; span=(0, 59), match='NMG_Python_20_dt_5.50e-06_Nx_128_neumann_dtout_20>
Python,20,128,neumann,20,20,25p
NMG_Python_20_dt_5.50e-06_Nx_128_neumann_dtout_2025pphi.csv
Exception type : ValueError 
Exception message : could not convert string to float: '(-0.10276645075364461+0j)'
Stack trace : ['File : /sfs/gpfs/tardis/home/xpz5km/Cahn_Hilliard_Model_HPC/spinodal_decomp/compare_L2_error.py , Line : 86, Func.Name : compare_L2_error_at_timepoint, Message : snapshot_SAV = read_specific_lines(f"{root}/{SAV_fname}", line_list)', 'File : /sfs/gpfs/tardis/home/xpz5km/Cahn_Hilliard_Model_HPC/spinodal_decomp/compare_L2_error.py , Line : 19, Func.Name : read_specific_lines, Message : digits.append(float(i))']
match None
match <re.Match object; span=(0, 62), match='SAV_Python_2000_dt_5.50e-06_Nx_256_periodic_dtout>
match <re.Match object; span=(0, 59), match='NMG_Python_20_dt_5.50e-06_Nx_64_periodic_dtout_20>
Python,20,64,periodic,20,20,75p
NMG_Python_20_dt_5.50e-06_Nx_64_periodic_dtout_2075pphi.csv
Exception type : ValueError 
Exception message : could not convert string to float: '(0.36662716665050266+0j)'
Stack trace : ['File : /sfs/gpfs/tardis/home/xpz5km/Cahn_Hilliard_Model_HPC/spinodal_decomp/compare_L2_error.py , Line : 86, Func.Name : compare_L2_error_at_timepoint, Message : snapshot_SAV = read_specific_lines(f"{root}/{SAV_fname}", line_list)', 'File : /sfs/gpfs/tardis/home/xpz5km/Cahn_Hilliard_Model_HPC/spinodal_decomp/compare_L2_error.py , Line : 19, Func.Name : read_specific_lines, Message : digits.append(float(i))']
match None
match <re.Match object; span=(0, 59), match='NMG_Python_20_dt_5.50e-06_Nx_256_periodic_dtout_1>
Python,20,256,periodic,1,1,75p
NMG_Python_20_dt_5.50e-06_Nx_256_periodic_dtout_175pphi.csv
Exception type : ValueError 
Exception message : could not convert string to float: '(0.5513585267420104+0j)'
Stack trace : ['File : /sfs/gpfs/tardis/home/xpz5km/Cahn_Hilliard_Model_HPC/spinodal_decomp/compare_L2_error.py , Line : 86, Func.Name : compare_L2_error_at_timepoint, Message : snapshot_SAV = read_specific_lines(f"{root}/{SAV_fname}", line_list)', 'File : /sfs/gpfs/tardis/home/xpz5km/Cahn_Hilliard_Model_HPC/spinodal_decomp/compare_L2_error.py , Line : 19, Func.Name : read_specific_lines, Message : digits.append(float(i))']
match <re.Match object; span=(0, 58), match='NMG_Python_20_dt_5.50e-06_Nx_64_periodic_dtout_15>
Python,20,64,periodic,1,1,50p
NMG_Python_20_dt_5.50e-06_Nx_64_periodic_dtout_150pphi.csv
Exception type : ValueError 
Exception message : could not convert string to float: '(-0.3901181526435352+0j)'
Stack trace : ['File : /sfs/gpfs/tardis/home/xpz5km/Cahn_Hilliard_Model_HPC/spinodal_decomp/compare_L2_error.py , Line : 86, Func.Name : compare_L2_error_at_timepoint, Message : snapshot_SAV = read_specific_lines(f"{root}/{SAV_fname}", line_list)', 'File : /sfs/gpfs/tardis/home/xpz5km/Cahn_Hilliard_Model_HPC/spinodal_decomp/compare_L2_error.py , Line : 19, Func.Name : read_specific_lines, Message : digits.append(float(i))']
match <re.Match object; span=(0, 60), match='SAV_Python_2000_dt_5.50e-06_Nx_64_neumann_dtout_1>
match <re.Match object; span=(0, 59), match='NMG_Python_20_dt_5.50e-06_Nx_128_periodic_dtout_1>
Python,20,128,periodic,1,1,25p
NMG_Python_20_dt_5.50e-06_Nx_128_periodic_dtout_125pphi.csv
Exception type : ValueError 
Exception message : could not convert string to float: '(-0.5654259882788492+0j)'
Stack trace : ['File : /sfs/gpfs/tardis/home/xpz5km/Cahn_Hilliard_Model_HPC/spinodal_decomp/compare_L2_error.py , Line : 86, Func.Name : compare_L2_error_at_timepoint, Message : snapshot_SAV = read_specific_lines(f"{root}/{SAV_fname}", line_list)', 'File : /sfs/gpfs/tardis/home/xpz5km/Cahn_Hilliard_Model_HPC/spinodal_decomp/compare_L2_error.py , Line : 19, Func.Name : read_specific_lines, Message : digits.append(float(i))']
match None
match None
match None
match None
match None
match <re.Match object; span=(0, 61), match='SAV_Python_2000_dt_5.50e-06_Nx_128_neumann_dtout_>
match None
match <re.Match object; span=(0, 60), match='SAV_Python_2000_dt_5.50e-06_Nx_64_neumann_dtout_1>
match None
3
match None
match None
match <re.Match object; span=(0, 59), match='NMG_Python_20_dt_5.50e-06_Nx_256_neumann_dtout_20>
Python,20,256,neumann,20,20,75p
NMG_Python_20_dt_5.50e-06_Nx_256_neumann_dtout_2075pphi.csv
Exception type : ValueError 
Exception message : could not convert string to float: '(0.41950652511946407+0j)'
Stack trace : ['File : /sfs/gpfs/tardis/home/xpz5km/Cahn_Hilliard_Model_HPC/spinodal_decomp/compare_L2_error.py , Line : 86, Func.Name : compare_L2_error_at_timepoint, Message : snapshot_SAV = read_specific_lines(f"{root}/{SAV_fname}", line_list)', 'File : /sfs/gpfs/tardis/home/xpz5km/Cahn_Hilliard_Model_HPC/spinodal_decomp/compare_L2_error.py , Line : 19, Func.Name : read_specific_lines, Message : digits.append(float(i))']
match None
match None
match None
match None
match None
match None
match None
match <re.Match object; span=(0, 62), match='SAV_Python_2000_dt_5.50e-06_Nx_128_periodic_dtout>
match None
match None
match None
match None
match None
match None
match None
match None
match None
match None
match <re.Match object; span=(0, 63), match='SAV_Python_2000_dt_5.50e-06_Nx_256_neumann_dtout_>
Python,2000,256,neumann,2000,2000,25p not recorded; dt_out too large.
match <re.Match object; span=(0, 61), match='SAV_Python_2000_dt_5.50e-06_Nx_128_neumann_dtout_>
match <re.Match object; span=(0, 60), match='NMG_Python_20_dt_5.50e-06_Nx_128_periodic_dtout_2>
Python,20,128,periodic,20,20,25p
NMG_Python_20_dt_5.50e-06_Nx_128_periodic_dtout_2025pphi.csv
Exception type : ValueError 
Exception message : could not convert string to float: '(-0.5392675015155758+0j)'
Stack trace : ['File : /sfs/gpfs/tardis/home/xpz5km/Cahn_Hilliard_Model_HPC/spinodal_decomp/compare_L2_error.py , Line : 86, Func.Name : compare_L2_error_at_timepoint, Message : snapshot_SAV = read_specific_lines(f"{root}/{SAV_fname}", line_list)', 'File : /sfs/gpfs/tardis/home/xpz5km/Cahn_Hilliard_Model_HPC/spinodal_decomp/compare_L2_error.py , Line : 19, Func.Name : read_specific_lines, Message : digits.append(float(i))']
match None
match None
match <re.Match object; span=(0, 64), match='SAV_Python_2000_dt_5.50e-06_Nx_256_periodic_dtout>
Python,2000,256,periodic,2000,2000,50p not recorded; dt_out too large.
match None
match <re.Match object; span=(0, 60), match='NMG_Python_20_dt_5.50e-06_Nx_256_periodic_dtout_2>
Python,20,256,periodic,20,20,25p
NMG_Python_20_dt_5.50e-06_Nx_256_periodic_dtout_2025pphi.csv
Exception type : ValueError 
Exception message : could not convert string to float: '(-0.4170151417869721+0j)'
Stack trace : ['File : /sfs/gpfs/tardis/home/xpz5km/Cahn_Hilliard_Model_HPC/spinodal_decomp/compare_L2_error.py , Line : 86, Func.Name : compare_L2_error_at_timepoint, Message : snapshot_SAV = read_specific_lines(f"{root}/{SAV_fname}", line_list)', 'File : /sfs/gpfs/tardis/home/xpz5km/Cahn_Hilliard_Model_HPC/spinodal_decomp/compare_L2_error.py , Line : 19, Func.Name : read_specific_lines, Message : digits.append(float(i))']
match <re.Match object; span=(0, 59), match='NMG_Python_20_dt_5.50e-06_Nx_512_neumann_dtout_20>
Python,20,512,neumann,20,20,50p
NMG_Python_20_dt_5.50e-06_Nx_512_neumann_dtout_2050pphi.csv
Exception type : ValueError 
Exception message : could not convert string to float: '(0.3765941854894782+0j)'
Stack trace : ['File : /sfs/gpfs/tardis/home/xpz5km/Cahn_Hilliard_Model_HPC/spinodal_decomp/compare_L2_error.py , Line : 86, Func.Name : compare_L2_error_at_timepoint, Message : snapshot_SAV = read_specific_lines(f"{root}/{SAV_fname}", line_list)', 'File : /sfs/gpfs/tardis/home/xpz5km/Cahn_Hilliard_Model_HPC/spinodal_decomp/compare_L2_error.py , Line : 19, Func.Name : read_specific_lines, Message : digits.append(float(i))']
match None
match None
match None
match None
match None
match None
match <re.Match object; span=(0, 64), match='SAV_Python_2000_dt_5.50e-06_Nx_512_periodic_dtout>
Python,2000,512,periodic,2000,2000,25p not recorded; dt_out too large.
match None
match None
match <re.Match object; span=(0, 63), match='SAV_Python_2000_dt_5.50e-06_Nx_64_periodic_dtout_>
Python,2000,64,periodic,2000,2000,75p not recorded; dt_out too large.
match None
match <re.Match object; span=(0, 64), match='SAV_Python_2000_dt_5.50e-06_Nx_256_periodic_dtout>
Python,2000,256,periodic,2000,2000,25p not recorded; dt_out too large.
match None
match None
match None
match None
match None
match None
match None
match None
match None
match None
match None
match None
match None
match None
match None
match None
match <re.Match object; span=(0, 61), match='SAV_Python_2000_dt_5.50e-06_Nx_64_periodic_dtout_>
match None
match None
match <re.Match object; span=(0, 63), match='SAV_Python_2000_dt_5.50e-06_Nx_256_neumann_dtout_>
Python,2000,256,neumann,2000,2000,75p not recorded; dt_out too large.
match None
match None
match <re.Match object; span=(0, 64), match='SAV_Python_2000_dt_5.50e-06_Nx_128_periodic_dtout>
Python,2000,128,periodic,2000,2000,75p not recorded; dt_out too large.
match None
match None
match None
match None
match None
match None
match <re.Match object; span=(0, 58), match='NMG_Python_20_dt_5.50e-06_Nx_128_neumann_dtout_12>
Python,20,128,neumann,1,1,25p
NMG_Python_20_dt_5.50e-06_Nx_128_neumann_dtout_125pphi.csv
Exception type : ValueError 
Exception message : could not convert string to float: '(-0.2367616114664495+0j)'
Stack trace : ['File : /sfs/gpfs/tardis/home/xpz5km/Cahn_Hilliard_Model_HPC/spinodal_decomp/compare_L2_error.py , Line : 86, Func.Name : compare_L2_error_at_timepoint, Message : snapshot_SAV = read_specific_lines(f"{root}/{SAV_fname}", line_list)', 'File : /sfs/gpfs/tardis/home/xpz5km/Cahn_Hilliard_Model_HPC/spinodal_decomp/compare_L2_error.py , Line : 19, Func.Name : read_specific_lines, Message : digits.append(float(i))']
match <re.Match object; span=(0, 64), match='SAV_Python_2000_dt_5.50e-06_Nx_256_periodic_dtout>
Python,2000,256,periodic,2000,2000,75p not recorded; dt_out too large.
match None
match None
match None
match None
match None
match <re.Match object; span=(0, 59), match='NMG_Python_20_dt_5.50e-06_Nx_256_neumann_dtout_20>
Python,20,256,neumann,20,20,50p
NMG_Python_20_dt_5.50e-06_Nx_256_neumann_dtout_2050pphi.csv
Exception type : ValueError 
Exception message : could not convert string to float: '(0.07069788833767843+0j)'
Stack trace : ['File : /sfs/gpfs/tardis/home/xpz5km/Cahn_Hilliard_Model_HPC/spinodal_decomp/compare_L2_error.py , Line : 86, Func.Name : compare_L2_error_at_timepoint, Message : snapshot_SAV = read_specific_lines(f"{root}/{SAV_fname}", line_list)', 'File : /sfs/gpfs/tardis/home/xpz5km/Cahn_Hilliard_Model_HPC/spinodal_decomp/compare_L2_error.py , Line : 19, Func.Name : read_specific_lines, Message : digits.append(float(i))']
match None
match None
match <re.Match object; span=(0, 61), match='SAV_Python_2000_dt_5.50e-06_Nx_64_periodic_dtout_>
match None
match <re.Match object; span=(0, 63), match='SAV_Python_2000_dt_5.50e-06_Nx_128_neumann_dtout_>
Python,2000,128,neumann,2000,2000,25p not recorded; dt_out too large.
match None
match None
match None
match None
match <re.Match object; span=(0, 58), match='NMG_Python_20_dt_5.50e-06_Nx_64_periodic_dtout_17>
Python,20,64,periodic,1,1,75p
NMG_Python_20_dt_5.50e-06_Nx_64_periodic_dtout_175pphi.csv
Exception type : ValueError 
Exception message : could not convert string to float: '(0.4768057012523182+0j)'
Stack trace : ['File : /sfs/gpfs/tardis/home/xpz5km/Cahn_Hilliard_Model_HPC/spinodal_decomp/compare_L2_error.py , Line : 86, Func.Name : compare_L2_error_at_timepoint, Message : snapshot_SAV = read_specific_lines(f"{root}/{SAV_fname}", line_list)', 'File : /sfs/gpfs/tardis/home/xpz5km/Cahn_Hilliard_Model_HPC/spinodal_decomp/compare_L2_error.py , Line : 19, Func.Name : read_specific_lines, Message : digits.append(float(i))']
match <re.Match object; span=(0, 61), match='SAV_Python_2000_dt_5.50e-06_Nx_256_neumann_dtout_>
match None
match None
match None
match None
match None
match <re.Match object; span=(0, 59), match='NMG_Python_20_dt_5.50e-06_Nx_256_periodic_dtout_1>
Python,20,256,periodic,1,1,50p
NMG_Python_20_dt_5.50e-06_Nx_256_periodic_dtout_150pphi.csv
Exception type : ValueError 
Exception message : could not convert string to float: '(0.025352409956817094+0j)'
Stack trace : ['File : /sfs/gpfs/tardis/home/xpz5km/Cahn_Hilliard_Model_HPC/spinodal_decomp/compare_L2_error.py , Line : 86, Func.Name : compare_L2_error_at_timepoint, Message : snapshot_SAV = read_specific_lines(f"{root}/{SAV_fname}", line_list)', 'File : /sfs/gpfs/tardis/home/xpz5km/Cahn_Hilliard_Model_HPC/spinodal_decomp/compare_L2_error.py , Line : 19, Func.Name : read_specific_lines, Message : digits.append(float(i))']
match <re.Match object; span=(0, 61), match='SAV_Python_2000_dt_5.50e-06_Nx_64_periodic_dtout_>
match None
match <re.Match object; span=(0, 58), match='NMG_Python_20_dt_5.50e-06_Nx_128_neumann_dtout_17>
Python,20,128,neumann,1,1,75p
NMG_Python_20_dt_5.50e-06_Nx_128_neumann_dtout_175pphi.csv
Exception type : ValueError 
Exception message : could not convert string to float: '(0.8362279859706832+0j)'
Stack trace : ['File : /sfs/gpfs/tardis/home/xpz5km/Cahn_Hilliard_Model_HPC/spinodal_decomp/compare_L2_error.py , Line : 86, Func.Name : compare_L2_error_at_timepoint, Message : snapshot_SAV = read_specific_lines(f"{root}/{SAV_fname}", line_list)', 'File : /sfs/gpfs/tardis/home/xpz5km/Cahn_Hilliard_Model_HPC/spinodal_decomp/compare_L2_error.py , Line : 19, Func.Name : read_specific_lines, Message : digits.append(float(i))']
match None
match None
match <re.Match object; span=(0, 61), match='SAV_Python_2000_dt_5.50e-06_Nx_512_neumann_dtout_>
match None
match None
match None
match None
match None
match None
match None
match None
match None
match None
match <re.Match object; span=(0, 61), match='SAV_Python_2000_dt_5.50e-06_Nx_256_neumann_dtout_>
match None
match <re.Match object; span=(0, 57), match='NMG_Python_20_dt_5.50e-06_Nx_64_neumann_dtout_150>
Python,20,64,neumann,1,1,50p
NMG_Python_20_dt_5.50e-06_Nx_64_neumann_dtout_150pphi.csv
Exception type : ValueError 
Exception message : could not convert string to float: '(-0.6656803867953835+0j)'
Stack trace : ['File : /sfs/gpfs/tardis/home/xpz5km/Cahn_Hilliard_Model_HPC/spinodal_decomp/compare_L2_error.py , Line : 86, Func.Name : compare_L2_error_at_timepoint, Message : snapshot_SAV = read_specific_lines(f"{root}/{SAV_fname}", line_list)', 'File : /sfs/gpfs/tardis/home/xpz5km/Cahn_Hilliard_Model_HPC/spinodal_decomp/compare_L2_error.py , Line : 19, Func.Name : read_specific_lines, Message : digits.append(float(i))']
match None
match <re.Match object; span=(0, 58), match='NMG_Python_20_dt_5.50e-06_Nx_256_neumann_dtout_15>
Python,20,256,neumann,1,1,50p
NMG_Python_20_dt_5.50e-06_Nx_256_neumann_dtout_150pphi.csv
Exception type : ValueError 
Exception message : could not convert string to float: '(0.04465737753732783+0j)'
Stack trace : ['File : /sfs/gpfs/tardis/home/xpz5km/Cahn_Hilliard_Model_HPC/spinodal_decomp/compare_L2_error.py , Line : 86, Func.Name : compare_L2_error_at_timepoint, Message : snapshot_SAV = read_specific_lines(f"{root}/{SAV_fname}", line_list)', 'File : /sfs/gpfs/tardis/home/xpz5km/Cahn_Hilliard_Model_HPC/spinodal_decomp/compare_L2_error.py , Line : 19, Func.Name : read_specific_lines, Message : digits.append(float(i))']
match <re.Match object; span=(0, 58), match='NMG_Python_20_dt_5.50e-06_Nx_512_neumann_dtout_12>
Python,20,512,neumann,1,1,25p
NMG_Python_20_dt_5.50e-06_Nx_512_neumann_dtout_125pphi.csv
Exception type : ValueError 
Exception message : could not convert string to float: '(-0.3403070890846268+0j)'
Stack trace : ['File : /sfs/gpfs/tardis/home/xpz5km/Cahn_Hilliard_Model_HPC/spinodal_decomp/compare_L2_error.py , Line : 86, Func.Name : compare_L2_error_at_timepoint, Message : snapshot_SAV = read_specific_lines(f"{root}/{SAV_fname}", line_list)', 'File : /sfs/gpfs/tardis/home/xpz5km/Cahn_Hilliard_Model_HPC/spinodal_decomp/compare_L2_error.py , Line : 19, Func.Name : read_specific_lines, Message : digits.append(float(i))']
match None
match None
match <re.Match object; span=(0, 62), match='SAV_Python_2000_dt_5.50e-06_Nx_512_periodic_dtout>
match None
match None
match <re.Match object; span=(0, 63), match='SAV_Python_2000_dt_5.50e-06_Nx_128_neumann_dtout_>
Python,2000,128,neumann,2000,2000,50p not recorded; dt_out too large.
match None
match None
match <re.Match object; span=(0, 64), match='SAV_Python_2000_dt_5.50e-06_Nx_512_periodic_dtout>
Python,2000,512,periodic,2000,2000,50p not recorded; dt_out too large.
match <re.Match object; span=(0, 61), match='SAV_Python_2000_dt_5.50e-06_Nx_512_neumann_dtout_>
match None
match None
match None
match None
match <re.Match object; span=(0, 58), match='NMG_Python_20_dt_5.50e-06_Nx_256_neumann_dtout_17>
Python,20,256,neumann,1,1,75p
NMG_Python_20_dt_5.50e-06_Nx_256_neumann_dtout_175pphi.csv
Exception type : ValueError 
Exception message : could not convert string to float: '(0.4687627713324637+0j)'
Stack trace : ['File : /sfs/gpfs/tardis/home/xpz5km/Cahn_Hilliard_Model_HPC/spinodal_decomp/compare_L2_error.py , Line : 86, Func.Name : compare_L2_error_at_timepoint, Message : snapshot_SAV = read_specific_lines(f"{root}/{SAV_fname}", line_list)', 'File : /sfs/gpfs/tardis/home/xpz5km/Cahn_Hilliard_Model_HPC/spinodal_decomp/compare_L2_error.py , Line : 19, Func.Name : read_specific_lines, Message : digits.append(float(i))']
match None
match <re.Match object; span=(0, 61), match='SAV_Python_2000_dt_5.50e-06_Nx_128_neumann_dtout_>
match None
match None
match None
match None
match None
match <re.Match object; span=(0, 59), match='NMG_Python_20_dt_5.50e-06_Nx_128_neumann_dtout_20>
Python,20,128,neumann,20,20,50p
NMG_Python_20_dt_5.50e-06_Nx_128_neumann_dtout_2050pphi.csv
Exception type : ValueError 
Exception message : could not convert string to float: '(0.4578281761662219+0j)'
Stack trace : ['File : /sfs/gpfs/tardis/home/xpz5km/Cahn_Hilliard_Model_HPC/spinodal_decomp/compare_L2_error.py , Line : 86, Func.Name : compare_L2_error_at_timepoint, Message : snapshot_SAV = read_specific_lines(f"{root}/{SAV_fname}", line_list)', 'File : /sfs/gpfs/tardis/home/xpz5km/Cahn_Hilliard_Model_HPC/spinodal_decomp/compare_L2_error.py , Line : 19, Func.Name : read_specific_lines, Message : digits.append(float(i))']
match None
match <re.Match object; span=(0, 59), match='NMG_Python_20_dt_5.50e-06_Nx_128_periodic_dtout_1>
Python,20,128,periodic,1,1,50p
NMG_Python_20_dt_5.50e-06_Nx_128_periodic_dtout_150pphi.csv
Exception type : ValueError 
Exception message : could not convert string to float: '(-0.2359164420404801+0j)'
Stack trace : ['File : /sfs/gpfs/tardis/home/xpz5km/Cahn_Hilliard_Model_HPC/spinodal_decomp/compare_L2_error.py , Line : 86, Func.Name : compare_L2_error_at_timepoint, Message : snapshot_SAV = read_specific_lines(f"{root}/{SAV_fname}", line_list)', 'File : /sfs/gpfs/tardis/home/xpz5km/Cahn_Hilliard_Model_HPC/spinodal_decomp/compare_L2_error.py , Line : 19, Func.Name : read_specific_lines, Message : digits.append(float(i))']
match <re.Match object; span=(0, 58), match='NMG_Python_20_dt_5.50e-06_Nx_256_neumann_dtout_12>
Python,20,256,neumann,1,1,25p
NMG_Python_20_dt_5.50e-06_Nx_256_neumann_dtout_125pphi.csv
Exception type : ValueError 
Exception message : could not convert string to float: '(-0.38180313247946684+0j)'
Stack trace : ['File : /sfs/gpfs/tardis/home/xpz5km/Cahn_Hilliard_Model_HPC/spinodal_decomp/compare_L2_error.py , Line : 86, Func.Name : compare_L2_error_at_timepoint, Message : snapshot_SAV = read_specific_lines(f"{root}/{SAV_fname}", line_list)', 'File : /sfs/gpfs/tardis/home/xpz5km/Cahn_Hilliard_Model_HPC/spinodal_decomp/compare_L2_error.py , Line : 19, Func.Name : read_specific_lines, Message : digits.append(float(i))']
match None
match <re.Match object; span=(0, 57), match='NMG_Python_20_dt_5.50e-06_Nx_64_neumann_dtout_175>
Python,20,64,neumann,1,1,75p
NMG_Python_20_dt_5.50e-06_Nx_64_neumann_dtout_175pphi.csv
Exception type : ValueError 
Exception message : could not convert string to float: '(-0.19330334841506425+0j)'
Stack trace : ['File : /sfs/gpfs/tardis/home/xpz5km/Cahn_Hilliard_Model_HPC/spinodal_decomp/compare_L2_error.py , Line : 86, Func.Name : compare_L2_error_at_timepoint, Message : snapshot_SAV = read_specific_lines(f"{root}/{SAV_fname}", line_list)', 'File : /sfs/gpfs/tardis/home/xpz5km/Cahn_Hilliard_Model_HPC/spinodal_decomp/compare_L2_error.py , Line : 19, Func.Name : read_specific_lines, Message : digits.append(float(i))']
match None
match None
match None
match <re.Match object; span=(0, 59), match='NMG_Python_20_dt_5.50e-06_Nx_256_periodic_dtout_1>
Python,20,256,periodic,1,1,25p
NMG_Python_20_dt_5.50e-06_Nx_256_periodic_dtout_125pphi.csv
Exception type : ValueError 
Exception message : could not convert string to float: '(-0.4178806431905435+0j)'
Stack trace : ['File : /sfs/gpfs/tardis/home/xpz5km/Cahn_Hilliard_Model_HPC/spinodal_decomp/compare_L2_error.py , Line : 86, Func.Name : compare_L2_error_at_timepoint, Message : snapshot_SAV = read_specific_lines(f"{root}/{SAV_fname}", line_list)', 'File : /sfs/gpfs/tardis/home/xpz5km/Cahn_Hilliard_Model_HPC/spinodal_decomp/compare_L2_error.py , Line : 19, Func.Name : read_specific_lines, Message : digits.append(float(i))']
match <re.Match object; span=(0, 59), match='NMG_Python_20_dt_5.50e-06_Nx_64_periodic_dtout_20>
Python,20,64,periodic,20,20,25p
NMG_Python_20_dt_5.50e-06_Nx_64_periodic_dtout_2025pphi.csv
Exception type : ValueError 
Exception message : could not convert string to float: '(-0.2607501952412769+0j)'
Stack trace : ['File : /sfs/gpfs/tardis/home/xpz5km/Cahn_Hilliard_Model_HPC/spinodal_decomp/compare_L2_error.py , Line : 86, Func.Name : compare_L2_error_at_timepoint, Message : snapshot_SAV = read_specific_lines(f"{root}/{SAV_fname}", line_list)', 'File : /sfs/gpfs/tardis/home/xpz5km/Cahn_Hilliard_Model_HPC/spinodal_decomp/compare_L2_error.py , Line : 19, Func.Name : read_specific_lines, Message : digits.append(float(i))']
match None
match None
match <re.Match object; span=(0, 59), match='NMG_Python_20_dt_5.50e-06_Nx_512_periodic_dtout_1>
Python,20,512,periodic,1,1,50p
NMG_Python_20_dt_5.50e-06_Nx_512_periodic_dtout_150pphi.csv
Exception type : ValueError 
Exception message : could not convert string to float: '(0.12443167017878311+0j)'
Stack trace : ['File : /sfs/gpfs/tardis/home/xpz5km/Cahn_Hilliard_Model_HPC/spinodal_decomp/compare_L2_error.py , Line : 86, Func.Name : compare_L2_error_at_timepoint, Message : snapshot_SAV = read_specific_lines(f"{root}/{SAV_fname}", line_list)', 'File : /sfs/gpfs/tardis/home/xpz5km/Cahn_Hilliard_Model_HPC/spinodal_decomp/compare_L2_error.py , Line : 19, Func.Name : read_specific_lines, Message : digits.append(float(i))']
match None
match None
match None
match None
match None
match None
match None
match <re.Match object; span=(0, 63), match='SAV_Python_2000_dt_5.50e-06_Nx_512_neumann_dtout_>
Python,2000,512,neumann,2000,2000,50p not recorded; dt_out too large.
match <re.Match object; span=(0, 62), match='SAV_Python_2000_dt_5.50e-06_Nx_512_periodic_dtout>
match <re.Match object; span=(0, 63), match='SAV_Python_2000_dt_5.50e-06_Nx_512_neumann_dtout_>
Python,2000,512,neumann,2000,2000,75p not recorded; dt_out too large.
match None
match <re.Match object; span=(0, 60), match='NMG_Python_20_dt_5.50e-06_Nx_512_periodic_dtout_2>
Python,20,512,periodic,20,20,25p
NMG_Python_20_dt_5.50e-06_Nx_512_periodic_dtout_2025pphi.csv
Exception type : ValueError 
Exception message : could not convert string to float: '(-0.5924427840366981+0j)'
Stack trace : ['File : /sfs/gpfs/tardis/home/xpz5km/Cahn_Hilliard_Model_HPC/spinodal_decomp/compare_L2_error.py , Line : 86, Func.Name : compare_L2_error_at_timepoint, Message : snapshot_SAV = read_specific_lines(f"{root}/{SAV_fname}", line_list)', 'File : /sfs/gpfs/tardis/home/xpz5km/Cahn_Hilliard_Model_HPC/spinodal_decomp/compare_L2_error.py , Line : 19, Func.Name : read_specific_lines, Message : digits.append(float(i))']
match None
match <re.Match object; span=(0, 58), match='NMG_Python_20_dt_5.50e-06_Nx_64_neumann_dtout_205>
Python,20,64,neumann,20,20,50p
NMG_Python_20_dt_5.50e-06_Nx_64_neumann_dtout_2050pphi.csv
Exception type : ValueError 
Exception message : could not convert string to float: '(-0.8193172180077055+0j)'
Stack trace : ['File : /sfs/gpfs/tardis/home/xpz5km/Cahn_Hilliard_Model_HPC/spinodal_decomp/compare_L2_error.py , Line : 86, Func.Name : compare_L2_error_at_timepoint, Message : snapshot_SAV = read_specific_lines(f"{root}/{SAV_fname}", line_list)', 'File : /sfs/gpfs/tardis/home/xpz5km/Cahn_Hilliard_Model_HPC/spinodal_decomp/compare_L2_error.py , Line : 19, Func.Name : read_specific_lines, Message : digits.append(float(i))']
match <re.Match object; span=(0, 59), match='NMG_Python_20_dt_5.50e-06_Nx_128_neumann_dtout_20>
Python,20,128,neumann,20,20,75p
NMG_Python_20_dt_5.50e-06_Nx_128_neumann_dtout_2075pphi.csv
Exception type : ValueError 
Exception message : could not convert string to float: '(1.0070442820402468+0j)'
Stack trace : ['File : /sfs/gpfs/tardis/home/xpz5km/Cahn_Hilliard_Model_HPC/spinodal_decomp/compare_L2_error.py , Line : 86, Func.Name : compare_L2_error_at_timepoint, Message : snapshot_SAV = read_specific_lines(f"{root}/{SAV_fname}", line_list)', 'File : /sfs/gpfs/tardis/home/xpz5km/Cahn_Hilliard_Model_HPC/spinodal_decomp/compare_L2_error.py , Line : 19, Func.Name : read_specific_lines, Message : digits.append(float(i))']
match <re.Match object; span=(0, 57), match='NMG_Python_20_dt_5.50e-06_Nx_64_neumann_dtout_125>
Python,20,64,neumann,1,1,25p
NMG_Python_20_dt_5.50e-06_Nx_64_neumann_dtout_125pphi.csv
Exception type : ValueError 
Exception message : could not convert string to float: '(-0.6897269381382809+0j)'
Stack trace : ['File : /sfs/gpfs/tardis/home/xpz5km/Cahn_Hilliard_Model_HPC/spinodal_decomp/compare_L2_error.py , Line : 86, Func.Name : compare_L2_error_at_timepoint, Message : snapshot_SAV = read_specific_lines(f"{root}/{SAV_fname}", line_list)', 'File : /sfs/gpfs/tardis/home/xpz5km/Cahn_Hilliard_Model_HPC/spinodal_decomp/compare_L2_error.py , Line : 19, Func.Name : read_specific_lines, Message : digits.append(float(i))']
match None
match None
match None
match <re.Match object; span=(0, 62), match='SAV_Python_2000_dt_5.50e-06_Nx_64_neumann_dtout_2>
Python,2000,64,neumann,2000,2000,25p not recorded; dt_out too large.
match None
match None
match None
match <re.Match object; span=(0, 59), match='NMG_Python_20_dt_5.50e-06_Nx_512_periodic_dtout_1>
Python,20,512,periodic,1,1,25p
NMG_Python_20_dt_5.50e-06_Nx_512_periodic_dtout_125pphi.csv
Exception type : ValueError 
Exception message : could not convert string to float: '(-0.5228917262771219+0j)'
Stack trace : ['File : /sfs/gpfs/tardis/home/xpz5km/Cahn_Hilliard_Model_HPC/spinodal_decomp/compare_L2_error.py , Line : 86, Func.Name : compare_L2_error_at_timepoint, Message : snapshot_SAV = read_specific_lines(f"{root}/{SAV_fname}", line_list)', 'File : /sfs/gpfs/tardis/home/xpz5km/Cahn_Hilliard_Model_HPC/spinodal_decomp/compare_L2_error.py , Line : 19, Func.Name : read_specific_lines, Message : digits.append(float(i))']
match None
match <re.Match object; span=(0, 64), match='SAV_Python_2000_dt_5.50e-06_Nx_128_periodic_dtout>
Python,2000,128,periodic,2000,2000,25p not recorded; dt_out too large.
match <re.Match object; span=(0, 61), match='SAV_Python_2000_dt_5.50e-06_Nx_256_neumann_dtout_>
match None
match None
match None
match None
match <re.Match object; span=(0, 60), match='NMG_Python_20_dt_5.50e-06_Nx_512_periodic_dtout_2>
Python,20,512,periodic,20,20,50p
NMG_Python_20_dt_5.50e-06_Nx_512_periodic_dtout_2050pphi.csv
Exception type : ValueError 
Exception message : could not convert string to float: '(0.14766784652957254+0j)'
Stack trace : ['File : /sfs/gpfs/tardis/home/xpz5km/Cahn_Hilliard_Model_HPC/spinodal_decomp/compare_L2_error.py , Line : 86, Func.Name : compare_L2_error_at_timepoint, Message : snapshot_SAV = read_specific_lines(f"{root}/{SAV_fname}", line_list)', 'File : /sfs/gpfs/tardis/home/xpz5km/Cahn_Hilliard_Model_HPC/spinodal_decomp/compare_L2_error.py , Line : 19, Func.Name : read_specific_lines, Message : digits.append(float(i))']
match <re.Match object; span=(0, 64), match='SAV_Python_2000_dt_5.50e-06_Nx_512_periodic_dtout>
Python,2000,512,periodic,2000,2000,75p not recorded; dt_out too large.
match None
match None
match None
match None
match None
match <re.Match object; span=(0, 59), match='NMG_Python_20_dt_5.50e-06_Nx_128_periodic_dtout_1>
Python,20,128,periodic,1,1,75p
NMG_Python_20_dt_5.50e-06_Nx_128_periodic_dtout_175pphi.csv
Exception type : ValueError 
Exception message : could not convert string to float: '(0.41961405781956757+0j)'
Stack trace : ['File : /sfs/gpfs/tardis/home/xpz5km/Cahn_Hilliard_Model_HPC/spinodal_decomp/compare_L2_error.py , Line : 86, Func.Name : compare_L2_error_at_timepoint, Message : snapshot_SAV = read_specific_lines(f"{root}/{SAV_fname}", line_list)', 'File : /sfs/gpfs/tardis/home/xpz5km/Cahn_Hilliard_Model_HPC/spinodal_decomp/compare_L2_error.py , Line : 19, Func.Name : read_specific_lines, Message : digits.append(float(i))']
match <re.Match object; span=(0, 59), match='NMG_Python_20_dt_5.50e-06_Nx_512_periodic_dtout_1>
Python,20,512,periodic,1,1,75p
NMG_Python_20_dt_5.50e-06_Nx_512_periodic_dtout_175pphi.csv
Exception type : ValueError 
Exception message : could not convert string to float: '(0.5277693024796024+0j)'
Stack trace : ['File : /sfs/gpfs/tardis/home/xpz5km/Cahn_Hilliard_Model_HPC/spinodal_decomp/compare_L2_error.py , Line : 86, Func.Name : compare_L2_error_at_timepoint, Message : snapshot_SAV = read_specific_lines(f"{root}/{SAV_fname}", line_list)', 'File : /sfs/gpfs/tardis/home/xpz5km/Cahn_Hilliard_Model_HPC/spinodal_decomp/compare_L2_error.py , Line : 19, Func.Name : read_specific_lines, Message : digits.append(float(i))']
match None
match None
match None
match None
match <re.Match object; span=(0, 62), match='SAV_Python_2000_dt_5.50e-06_Nx_512_periodic_dtout>
match <re.Match object; span=(0, 62), match='SAV_Python_2000_dt_5.50e-06_Nx_128_periodic_dtout>
match None
match <re.Match object; span=(0, 58), match='NMG_Python_20_dt_5.50e-06_Nx_128_neumann_dtout_15>
Python,20,128,neumann,1,1,50p
NMG_Python_20_dt_5.50e-06_Nx_128_neumann_dtout_150pphi.csv
Exception type : ValueError 
Exception message : could not convert string to float: '(-0.013467378648954993+0j)'
Stack trace : ['File : /sfs/gpfs/tardis/home/xpz5km/Cahn_Hilliard_Model_HPC/spinodal_decomp/compare_L2_error.py , Line : 86, Func.Name : compare_L2_error_at_timepoint, Message : snapshot_SAV = read_specific_lines(f"{root}/{SAV_fname}", line_list)', 'File : /sfs/gpfs/tardis/home/xpz5km/Cahn_Hilliard_Model_HPC/spinodal_decomp/compare_L2_error.py , Line : 19, Func.Name : read_specific_lines, Message : digits.append(float(i))']
match None
match None
match None
match <re.Match object; span=(0, 63), match='SAV_Python_2000_dt_5.50e-06_Nx_64_periodic_dtout_>
Python,2000,64,periodic,2000,2000,25p not recorded; dt_out too large.
match None
match None
match None
match None
match None
match None
match None
match None
match None
match <re.Match object; span=(0, 60), match='NMG_Python_20_dt_5.50e-06_Nx_128_periodic_dtout_2>
Python,20,128,periodic,20,20,75p
NMG_Python_20_dt_5.50e-06_Nx_128_periodic_dtout_2075pphi.csv
Exception type : ValueError 
Exception message : could not convert string to float: '(-0.2259011345264694+0j)'
Stack trace : ['File : /sfs/gpfs/tardis/home/xpz5km/Cahn_Hilliard_Model_HPC/spinodal_decomp/compare_L2_error.py , Line : 86, Func.Name : compare_L2_error_at_timepoint, Message : snapshot_SAV = read_specific_lines(f"{root}/{SAV_fname}", line_list)', 'File : /sfs/gpfs/tardis/home/xpz5km/Cahn_Hilliard_Model_HPC/spinodal_decomp/compare_L2_error.py , Line : 19, Func.Name : read_specific_lines, Message : digits.append(float(i))']
match <re.Match object; span=(0, 62), match='SAV_Python_2000_dt_5.50e-06_Nx_64_neumann_dtout_2>
Python,2000,64,neumann,2000,2000,50p not recorded; dt_out too large.
match <re.Match object; span=(0, 64), match='SAV_Python_2000_dt_5.50e-06_Nx_128_periodic_dtout>
Python,2000,128,periodic,2000,2000,50p not recorded; dt_out too large.
match None
match None
match None
match None
match <re.Match object; span=(0, 60), match='NMG_Python_20_dt_5.50e-06_Nx_256_periodic_dtout_2>
Python,20,256,periodic,20,20,75p
NMG_Python_20_dt_5.50e-06_Nx_256_periodic_dtout_2075pphi.csv
Exception type : ValueError 
Exception message : could not convert string to float: '(0.4813657808640433+0j)'
Stack trace : ['File : /sfs/gpfs/tardis/home/xpz5km/Cahn_Hilliard_Model_HPC/spinodal_decomp/compare_L2_error.py , Line : 86, Func.Name : compare_L2_error_at_timepoint, Message : snapshot_SAV = read_specific_lines(f"{root}/{SAV_fname}", line_list)', 'File : /sfs/gpfs/tardis/home/xpz5km/Cahn_Hilliard_Model_HPC/spinodal_decomp/compare_L2_error.py , Line : 19, Func.Name : read_specific_lines, Message : digits.append(float(i))']
match <re.Match object; span=(0, 58), match='NMG_Python_20_dt_5.50e-06_Nx_512_neumann_dtout_17>
Python,20,512,neumann,1,1,75p
NMG_Python_20_dt_5.50e-06_Nx_512_neumann_dtout_175pphi.csv
Exception type : ValueError 
Exception message : could not convert string to float: '(0.588262967071015+0j)'
Stack trace : ['File : /sfs/gpfs/tardis/home/xpz5km/Cahn_Hilliard_Model_HPC/spinodal_decomp/compare_L2_error.py , Line : 86, Func.Name : compare_L2_error_at_timepoint, Message : snapshot_SAV = read_specific_lines(f"{root}/{SAV_fname}", line_list)', 'File : /sfs/gpfs/tardis/home/xpz5km/Cahn_Hilliard_Model_HPC/spinodal_decomp/compare_L2_error.py , Line : 19, Func.Name : read_specific_lines, Message : digits.append(float(i))']
match <re.Match object; span=(0, 58), match='NMG_Python_20_dt_5.50e-06_Nx_64_neumann_dtout_202>
Python,20,64,neumann,20,20,25p
NMG_Python_20_dt_5.50e-06_Nx_64_neumann_dtout_2025pphi.csv
Exception type : ValueError 
Exception message : could not convert string to float: '(-0.9129498158047057+0j)'
Stack trace : ['File : /sfs/gpfs/tardis/home/xpz5km/Cahn_Hilliard_Model_HPC/spinodal_decomp/compare_L2_error.py , Line : 86, Func.Name : compare_L2_error_at_timepoint, Message : snapshot_SAV = read_specific_lines(f"{root}/{SAV_fname}", line_list)', 'File : /sfs/gpfs/tardis/home/xpz5km/Cahn_Hilliard_Model_HPC/spinodal_decomp/compare_L2_error.py , Line : 19, Func.Name : read_specific_lines, Message : digits.append(float(i))']
match <re.Match object; span=(0, 58), match='NMG_Python_20_dt_5.50e-06_Nx_64_neumann_dtout_207>
Python,20,64,neumann,20,20,75p
NMG_Python_20_dt_5.50e-06_Nx_64_neumann_dtout_2075pphi.csv
Exception type : ValueError 
Exception message : could not convert string to float: '(-0.3181784942992353+0j)'
Stack trace : ['File : /sfs/gpfs/tardis/home/xpz5km/Cahn_Hilliard_Model_HPC/spinodal_decomp/compare_L2_error.py , Line : 86, Func.Name : compare_L2_error_at_timepoint, Message : snapshot_SAV = read_specific_lines(f"{root}/{SAV_fname}", line_list)', 'File : /sfs/gpfs/tardis/home/xpz5km/Cahn_Hilliard_Model_HPC/spinodal_decomp/compare_L2_error.py , Line : 19, Func.Name : read_specific_lines, Message : digits.append(float(i))']
match None
match None
match <re.Match object; span=(0, 62), match='SAV_Python_2000_dt_5.50e-06_Nx_128_periodic_dtout>
match <re.Match object; span=(0, 60), match='SAV_Python_2000_dt_5.50e-06_Nx_64_neumann_dtout_1>
match <re.Match object; span=(0, 63), match='SAV_Python_2000_dt_5.50e-06_Nx_64_periodic_dtout_>
Python,2000,64,periodic,2000,2000,50p not recorded; dt_out too large.
match <re.Match object; span=(0, 60), match='NMG_Python_20_dt_5.50e-06_Nx_512_periodic_dtout_2>
Python,20,512,periodic,20,20,75p
NMG_Python_20_dt_5.50e-06_Nx_512_periodic_dtout_2075pphi.csv
Exception type : ValueError 
Exception message : could not convert string to float: '(0.5212796069949747+0j)'
Stack trace : ['File : /sfs/gpfs/tardis/home/xpz5km/Cahn_Hilliard_Model_HPC/spinodal_decomp/compare_L2_error.py , Line : 86, Func.Name : compare_L2_error_at_timepoint, Message : snapshot_SAV = read_specific_lines(f"{root}/{SAV_fname}", line_list)', 'File : /sfs/gpfs/tardis/home/xpz5km/Cahn_Hilliard_Model_HPC/spinodal_decomp/compare_L2_error.py , Line : 19, Func.Name : read_specific_lines, Message : digits.append(float(i))']
match None
match <re.Match object; span=(0, 59), match='NMG_Python_20_dt_5.50e-06_Nx_512_neumann_dtout_20>
Python,20,512,neumann,20,20,25p
NMG_Python_20_dt_5.50e-06_Nx_512_neumann_dtout_2025pphi.csv
Exception type : ValueError 
Exception message : could not convert string to float: '(-0.19931155268433487+0j)'
Stack trace : ['File : /sfs/gpfs/tardis/home/xpz5km/Cahn_Hilliard_Model_HPC/spinodal_decomp/compare_L2_error.py , Line : 86, Func.Name : compare_L2_error_at_timepoint, Message : snapshot_SAV = read_specific_lines(f"{root}/{SAV_fname}", line_list)', 'File : /sfs/gpfs/tardis/home/xpz5km/Cahn_Hilliard_Model_HPC/spinodal_decomp/compare_L2_error.py , Line : 19, Func.Name : read_specific_lines, Message : digits.append(float(i))']
match <re.Match object; span=(0, 58), match='NMG_Python_20_dt_5.50e-06_Nx_512_neumann_dtout_15>
Python,20,512,neumann,1,1,50p
NMG_Python_20_dt_5.50e-06_Nx_512_neumann_dtout_150pphi.csv
Exception type : ValueError 
Exception message : could not convert string to float: '(0.6118944398578082+0j)'
Stack trace : ['File : /sfs/gpfs/tardis/home/xpz5km/Cahn_Hilliard_Model_HPC/spinodal_decomp/compare_L2_error.py , Line : 86, Func.Name : compare_L2_error_at_timepoint, Message : snapshot_SAV = read_specific_lines(f"{root}/{SAV_fname}", line_list)', 'File : /sfs/gpfs/tardis/home/xpz5km/Cahn_Hilliard_Model_HPC/spinodal_decomp/compare_L2_error.py , Line : 19, Func.Name : read_specific_lines, Message : digits.append(float(i))']
match <re.Match object; span=(0, 58), match='NMG_Python_20_dt_5.50e-06_Nx_64_periodic_dtout_12>
Python,20,64,periodic,1,1,25p
NMG_Python_20_dt_5.50e-06_Nx_64_periodic_dtout_125pphi.csv
Exception type : ValueError 
Exception message : could not convert string to float: '(-0.49453698769818405+0j)'
Stack trace : ['File : /sfs/gpfs/tardis/home/xpz5km/Cahn_Hilliard_Model_HPC/spinodal_decomp/compare_L2_error.py , Line : 86, Func.Name : compare_L2_error_at_timepoint, Message : snapshot_SAV = read_specific_lines(f"{root}/{SAV_fname}", line_list)', 'File : /sfs/gpfs/tardis/home/xpz5km/Cahn_Hilliard_Model_HPC/spinodal_decomp/compare_L2_error.py , Line : 19, Func.Name : read_specific_lines, Message : digits.append(float(i))']
match None
match <re.Match object; span=(0, 62), match='SAV_Python_2000_dt_5.50e-06_Nx_256_periodic_dtout>
match <re.Match object; span=(0, 63), match='SAV_Python_2000_dt_5.50e-06_Nx_128_neumann_dtout_>
Python,2000,128,neumann,2000,2000,75p not recorded; dt_out too large.
match <re.Match object; span=(0, 60), match='NMG_Python_20_dt_5.50e-06_Nx_128_periodic_dtout_2>
Python,20,128,periodic,20,20,50p
NMG_Python_20_dt_5.50e-06_Nx_128_periodic_dtout_2050pphi.csv
Exception type : ValueError 
Exception message : could not convert string to float: '(-0.3095721867886947+0j)'
Stack trace : ['File : /sfs/gpfs/tardis/home/xpz5km/Cahn_Hilliard_Model_HPC/spinodal_decomp/compare_L2_error.py , Line : 86, Func.Name : compare_L2_error_at_timepoint, Message : snapshot_SAV = read_specific_lines(f"{root}/{SAV_fname}", line_list)', 'File : /sfs/gpfs/tardis/home/xpz5km/Cahn_Hilliard_Model_HPC/spinodal_decomp/compare_L2_error.py , Line : 19, Func.Name : read_specific_lines, Message : digits.append(float(i))']
match None
match None
match None
match <re.Match object; span=(0, 60), match='NMG_Python_20_dt_5.50e-06_Nx_256_periodic_dtout_2>
Python,20,256,periodic,20,20,50p
NMG_Python_20_dt_5.50e-06_Nx_256_periodic_dtout_2050pphi.csv
Exception type : ValueError 
Exception message : could not convert string to float: '(0.010506962033912721+0j)'
Stack trace : ['File : /sfs/gpfs/tardis/home/xpz5km/Cahn_Hilliard_Model_HPC/spinodal_decomp/compare_L2_error.py , Line : 86, Func.Name : compare_L2_error_at_timepoint, Message : snapshot_SAV = read_specific_lines(f"{root}/{SAV_fname}", line_list)', 'File : /sfs/gpfs/tardis/home/xpz5km/Cahn_Hilliard_Model_HPC/spinodal_decomp/compare_L2_error.py , Line : 19, Func.Name : read_specific_lines, Message : digits.append(float(i))']
match None
match <re.Match object; span=(0, 62), match='SAV_Python_2000_dt_5.50e-06_Nx_256_periodic_dtout>
match None
match <re.Match object; span=(0, 63), match='SAV_Python_2000_dt_5.50e-06_Nx_256_neumann_dtout_>
Python,2000,256,neumann,2000,2000,50p not recorded; dt_out too large.
match None
match None
match <re.Match object; span=(0, 59), match='NMG_Python_20_dt_5.50e-06_Nx_64_periodic_dtout_20>
Python,20,64,periodic,20,20,50p
NMG_Python_20_dt_5.50e-06_Nx_64_periodic_dtout_2050pphi.csv
Exception type : ValueError 
Exception message : could not convert string to float: '(-0.4179450898314091+0j)'
Stack trace : ['File : /sfs/gpfs/tardis/home/xpz5km/Cahn_Hilliard_Model_HPC/spinodal_decomp/compare_L2_error.py , Line : 86, Func.Name : compare_L2_error_at_timepoint, Message : snapshot_SAV = read_specific_lines(f"{root}/{SAV_fname}", line_list)', 'File : /sfs/gpfs/tardis/home/xpz5km/Cahn_Hilliard_Model_HPC/spinodal_decomp/compare_L2_error.py , Line : 19, Func.Name : read_specific_lines, Message : digits.append(float(i))']
match <re.Match object; span=(0, 63), match='SAV_Python_2000_dt_5.50e-06_Nx_512_neumann_dtout_>
Python,2000,512,neumann,2000,2000,25p not recorded; dt_out too large.
match None
match <re.Match object; span=(0, 59), match='NMG_Python_20_dt_5.50e-06_Nx_512_neumann_dtout_20>
Python,20,512,neumann,20,20,75p
NMG_Python_20_dt_5.50e-06_Nx_512_neumann_dtout_2075pphi.csv
Exception type : ValueError 
Exception message : could not convert string to float: '(0.6537176705314839+0j)'
Stack trace : ['File : /sfs/gpfs/tardis/home/xpz5km/Cahn_Hilliard_Model_HPC/spinodal_decomp/compare_L2_error.py , Line : 86, Func.Name : compare_L2_error_at_timepoint, Message : snapshot_SAV = read_specific_lines(f"{root}/{SAV_fname}", line_list)', 'File : /sfs/gpfs/tardis/home/xpz5km/Cahn_Hilliard_Model_HPC/spinodal_decomp/compare_L2_error.py , Line : 19, Func.Name : read_specific_lines, Message : digits.append(float(i))']
match None
match None
match <re.Match object; span=(0, 59), match='NMG_Python_20_dt_5.50e-06_Nx_256_neumann_dtout_20>
Python,20,256,neumann,20,20,25p
NMG_Python_20_dt_5.50e-06_Nx_256_neumann_dtout_2025pphi.csv
Exception type : ValueError 
Exception message : could not convert string to float: '(-0.32927592388756166+0j)'
Stack trace : ['File : /sfs/gpfs/tardis/home/xpz5km/Cahn_Hilliard_Model_HPC/spinodal_decomp/compare_L2_error.py , Line : 86, Func.Name : compare_L2_error_at_timepoint, Message : snapshot_SAV = read_specific_lines(f"{root}/{SAV_fname}", line_list)', 'File : /sfs/gpfs/tardis/home/xpz5km/Cahn_Hilliard_Model_HPC/spinodal_decomp/compare_L2_error.py , Line : 19, Func.Name : read_specific_lines, Message : digits.append(float(i))']
match <re.Match object; span=(0, 61), match='SAV_Python_2000_dt_5.50e-06_Nx_512_neumann_dtout_>
match None
match None
match None
match <re.Match object; span=(0, 62), match='SAV_Python_2000_dt_5.50e-06_Nx_64_neumann_dtout_2>
Python,2000,64,neumann,2000,2000,75p not recorded; dt_out too large.
match None
match None
match None
match None
match None
match None
match None
match None
match <re.Match object; span=(0, 59), match='NMG_Python_20_dt_5.50e-06_Nx_128_neumann_dtout_20>
Python,20,128,neumann,20,20,25p
NMG_Python_20_dt_5.50e-06_Nx_128_neumann_dtout_2025pphi.csv
Exception type : ValueError 
Exception message : could not convert string to float: '(-0.10276645075364461+0j)'
Stack trace : ['File : /sfs/gpfs/tardis/home/xpz5km/Cahn_Hilliard_Model_HPC/spinodal_decomp/compare_L2_error.py , Line : 86, Func.Name : compare_L2_error_at_timepoint, Message : snapshot_SAV = read_specific_lines(f"{root}/{SAV_fname}", line_list)', 'File : /sfs/gpfs/tardis/home/xpz5km/Cahn_Hilliard_Model_HPC/spinodal_decomp/compare_L2_error.py , Line : 19, Func.Name : read_specific_lines, Message : digits.append(float(i))']
match None
match <re.Match object; span=(0, 62), match='SAV_Python_2000_dt_5.50e-06_Nx_256_periodic_dtout>
match <re.Match object; span=(0, 59), match='NMG_Python_20_dt_5.50e-06_Nx_64_periodic_dtout_20>
Python,20,64,periodic,20,20,75p
NMG_Python_20_dt_5.50e-06_Nx_64_periodic_dtout_2075pphi.csv
Exception type : ValueError 
Exception message : could not convert string to float: '(0.36662716665050266+0j)'
Stack trace : ['File : /sfs/gpfs/tardis/home/xpz5km/Cahn_Hilliard_Model_HPC/spinodal_decomp/compare_L2_error.py , Line : 86, Func.Name : compare_L2_error_at_timepoint, Message : snapshot_SAV = read_specific_lines(f"{root}/{SAV_fname}", line_list)', 'File : /sfs/gpfs/tardis/home/xpz5km/Cahn_Hilliard_Model_HPC/spinodal_decomp/compare_L2_error.py , Line : 19, Func.Name : read_specific_lines, Message : digits.append(float(i))']
match None
match <re.Match object; span=(0, 59), match='NMG_Python_20_dt_5.50e-06_Nx_256_periodic_dtout_1>
Python,20,256,periodic,1,1,75p
NMG_Python_20_dt_5.50e-06_Nx_256_periodic_dtout_175pphi.csv
Exception type : ValueError 
Exception message : could not convert string to float: '(0.5598879929209838+0j)'
Stack trace : ['File : /sfs/gpfs/tardis/home/xpz5km/Cahn_Hilliard_Model_HPC/spinodal_decomp/compare_L2_error.py , Line : 86, Func.Name : compare_L2_error_at_timepoint, Message : snapshot_SAV = read_specific_lines(f"{root}/{SAV_fname}", line_list)', 'File : /sfs/gpfs/tardis/home/xpz5km/Cahn_Hilliard_Model_HPC/spinodal_decomp/compare_L2_error.py , Line : 19, Func.Name : read_specific_lines, Message : digits.append(float(i))']
match <re.Match object; span=(0, 58), match='NMG_Python_20_dt_5.50e-06_Nx_64_periodic_dtout_15>
Python,20,64,periodic,1,1,50p
NMG_Python_20_dt_5.50e-06_Nx_64_periodic_dtout_150pphi.csv
Exception type : ValueError 
Exception message : could not convert string to float: '(-0.33547178095597435+0j)'
Stack trace : ['File : /sfs/gpfs/tardis/home/xpz5km/Cahn_Hilliard_Model_HPC/spinodal_decomp/compare_L2_error.py , Line : 86, Func.Name : compare_L2_error_at_timepoint, Message : snapshot_SAV = read_specific_lines(f"{root}/{SAV_fname}", line_list)', 'File : /sfs/gpfs/tardis/home/xpz5km/Cahn_Hilliard_Model_HPC/spinodal_decomp/compare_L2_error.py , Line : 19, Func.Name : read_specific_lines, Message : digits.append(float(i))']
match <re.Match object; span=(0, 60), match='SAV_Python_2000_dt_5.50e-06_Nx_64_neumann_dtout_1>
match <re.Match object; span=(0, 59), match='NMG_Python_20_dt_5.50e-06_Nx_128_periodic_dtout_1>
Python,20,128,periodic,1,1,25p
NMG_Python_20_dt_5.50e-06_Nx_128_periodic_dtout_125pphi.csv
Exception type : ValueError 
Exception message : could not convert string to float: '(-0.5493234161403211+0j)'
Stack trace : ['File : /sfs/gpfs/tardis/home/xpz5km/Cahn_Hilliard_Model_HPC/spinodal_decomp/compare_L2_error.py , Line : 86, Func.Name : compare_L2_error_at_timepoint, Message : snapshot_SAV = read_specific_lines(f"{root}/{SAV_fname}", line_list)', 'File : /sfs/gpfs/tardis/home/xpz5km/Cahn_Hilliard_Model_HPC/spinodal_decomp/compare_L2_error.py , Line : 19, Func.Name : read_specific_lines, Message : digits.append(float(i))']
match None
match None
match None
match None
match None
match <re.Match object; span=(0, 61), match='SAV_Python_2000_dt_5.50e-06_Nx_128_neumann_dtout_>
match None
match <re.Match object; span=(0, 60), match='SAV_Python_2000_dt_5.50e-06_Nx_64_neumann_dtout_1>
match None
4
match None
match None
match <re.Match object; span=(0, 59), match='NMG_Python_20_dt_5.50e-06_Nx_256_neumann_dtout_20>
Python,20,256,neumann,20,20,75p
NMG_Python_20_dt_5.50e-06_Nx_256_neumann_dtout_2075pphi.csv
Exception type : ValueError 
Exception message : could not convert string to float: '(0.41950652511946407+0j)'
Stack trace : ['File : /sfs/gpfs/tardis/home/xpz5km/Cahn_Hilliard_Model_HPC/spinodal_decomp/compare_L2_error.py , Line : 86, Func.Name : compare_L2_error_at_timepoint, Message : snapshot_SAV = read_specific_lines(f"{root}/{SAV_fname}", line_list)', 'File : /sfs/gpfs/tardis/home/xpz5km/Cahn_Hilliard_Model_HPC/spinodal_decomp/compare_L2_error.py , Line : 19, Func.Name : read_specific_lines, Message : digits.append(float(i))']
match None
match None
match None
match None
match None
match None
match None
match <re.Match object; span=(0, 62), match='SAV_Python_2000_dt_5.50e-06_Nx_128_periodic_dtout>
match None
match None
match None
match None
match None
match None
match None
match None
match None
match None
match <re.Match object; span=(0, 63), match='SAV_Python_2000_dt_5.50e-06_Nx_256_neumann_dtout_>
Python,2000,256,neumann,2000,2000,25p not recorded; dt_out too large.
match <re.Match object; span=(0, 61), match='SAV_Python_2000_dt_5.50e-06_Nx_128_neumann_dtout_>
match <re.Match object; span=(0, 60), match='NMG_Python_20_dt_5.50e-06_Nx_128_periodic_dtout_2>
Python,20,128,periodic,20,20,25p
NMG_Python_20_dt_5.50e-06_Nx_128_periodic_dtout_2025pphi.csv
Exception type : ValueError 
Exception message : could not convert string to float: '(-0.5392675015155758+0j)'
Stack trace : ['File : /sfs/gpfs/tardis/home/xpz5km/Cahn_Hilliard_Model_HPC/spinodal_decomp/compare_L2_error.py , Line : 86, Func.Name : compare_L2_error_at_timepoint, Message : snapshot_SAV = read_specific_lines(f"{root}/{SAV_fname}", line_list)', 'File : /sfs/gpfs/tardis/home/xpz5km/Cahn_Hilliard_Model_HPC/spinodal_decomp/compare_L2_error.py , Line : 19, Func.Name : read_specific_lines, Message : digits.append(float(i))']
match None
match None
match <re.Match object; span=(0, 64), match='SAV_Python_2000_dt_5.50e-06_Nx_256_periodic_dtout>
Python,2000,256,periodic,2000,2000,50p not recorded; dt_out too large.
match None
match <re.Match object; span=(0, 60), match='NMG_Python_20_dt_5.50e-06_Nx_256_periodic_dtout_2>
Python,20,256,periodic,20,20,25p
NMG_Python_20_dt_5.50e-06_Nx_256_periodic_dtout_2025pphi.csv
Exception type : ValueError 
Exception message : could not convert string to float: '(-0.4170151417869721+0j)'
Stack trace : ['File : /sfs/gpfs/tardis/home/xpz5km/Cahn_Hilliard_Model_HPC/spinodal_decomp/compare_L2_error.py , Line : 86, Func.Name : compare_L2_error_at_timepoint, Message : snapshot_SAV = read_specific_lines(f"{root}/{SAV_fname}", line_list)', 'File : /sfs/gpfs/tardis/home/xpz5km/Cahn_Hilliard_Model_HPC/spinodal_decomp/compare_L2_error.py , Line : 19, Func.Name : read_specific_lines, Message : digits.append(float(i))']
match <re.Match object; span=(0, 59), match='NMG_Python_20_dt_5.50e-06_Nx_512_neumann_dtout_20>
Python,20,512,neumann,20,20,50p
NMG_Python_20_dt_5.50e-06_Nx_512_neumann_dtout_2050pphi.csv
Exception type : ValueError 
Exception message : could not convert string to float: '(0.3765941854894782+0j)'
Stack trace : ['File : /sfs/gpfs/tardis/home/xpz5km/Cahn_Hilliard_Model_HPC/spinodal_decomp/compare_L2_error.py , Line : 86, Func.Name : compare_L2_error_at_timepoint, Message : snapshot_SAV = read_specific_lines(f"{root}/{SAV_fname}", line_list)', 'File : /sfs/gpfs/tardis/home/xpz5km/Cahn_Hilliard_Model_HPC/spinodal_decomp/compare_L2_error.py , Line : 19, Func.Name : read_specific_lines, Message : digits.append(float(i))']
match None
match None
match None
match None
match None
match None
match <re.Match object; span=(0, 64), match='SAV_Python_2000_dt_5.50e-06_Nx_512_periodic_dtout>
Python,2000,512,periodic,2000,2000,25p not recorded; dt_out too large.
match None
match None
match <re.Match object; span=(0, 63), match='SAV_Python_2000_dt_5.50e-06_Nx_64_periodic_dtout_>
Python,2000,64,periodic,2000,2000,75p not recorded; dt_out too large.
match None
match <re.Match object; span=(0, 64), match='SAV_Python_2000_dt_5.50e-06_Nx_256_periodic_dtout>
Python,2000,256,periodic,2000,2000,25p not recorded; dt_out too large.
match None
match None
match None
match None
match None
match None
match None
match None
match None
match None
match None
match None
match None
match None
match None
match None
match <re.Match object; span=(0, 61), match='SAV_Python_2000_dt_5.50e-06_Nx_64_periodic_dtout_>
match None
match None
match <re.Match object; span=(0, 63), match='SAV_Python_2000_dt_5.50e-06_Nx_256_neumann_dtout_>
Python,2000,256,neumann,2000,2000,75p not recorded; dt_out too large.
match None
match None
match <re.Match object; span=(0, 64), match='SAV_Python_2000_dt_5.50e-06_Nx_128_periodic_dtout>
Python,2000,128,periodic,2000,2000,75p not recorded; dt_out too large.
match None
match None
match None
match None
match None
match None
match <re.Match object; span=(0, 58), match='NMG_Python_20_dt_5.50e-06_Nx_128_neumann_dtout_12>
Python,20,128,neumann,1,1,25p
NMG_Python_20_dt_5.50e-06_Nx_128_neumann_dtout_125pphi.csv
Exception type : ValueError 
Exception message : could not convert string to float: '(-0.22843867240451193+0j)'
Stack trace : ['File : /sfs/gpfs/tardis/home/xpz5km/Cahn_Hilliard_Model_HPC/spinodal_decomp/compare_L2_error.py , Line : 86, Func.Name : compare_L2_error_at_timepoint, Message : snapshot_SAV = read_specific_lines(f"{root}/{SAV_fname}", line_list)', 'File : /sfs/gpfs/tardis/home/xpz5km/Cahn_Hilliard_Model_HPC/spinodal_decomp/compare_L2_error.py , Line : 19, Func.Name : read_specific_lines, Message : digits.append(float(i))']
match <re.Match object; span=(0, 64), match='SAV_Python_2000_dt_5.50e-06_Nx_256_periodic_dtout>
Python,2000,256,periodic,2000,2000,75p not recorded; dt_out too large.
match None
match None
match None
match None
match None
match <re.Match object; span=(0, 59), match='NMG_Python_20_dt_5.50e-06_Nx_256_neumann_dtout_20>
Python,20,256,neumann,20,20,50p
NMG_Python_20_dt_5.50e-06_Nx_256_neumann_dtout_2050pphi.csv
Exception type : ValueError 
Exception message : could not convert string to float: '(0.07069788833767843+0j)'
Stack trace : ['File : /sfs/gpfs/tardis/home/xpz5km/Cahn_Hilliard_Model_HPC/spinodal_decomp/compare_L2_error.py , Line : 86, Func.Name : compare_L2_error_at_timepoint, Message : snapshot_SAV = read_specific_lines(f"{root}/{SAV_fname}", line_list)', 'File : /sfs/gpfs/tardis/home/xpz5km/Cahn_Hilliard_Model_HPC/spinodal_decomp/compare_L2_error.py , Line : 19, Func.Name : read_specific_lines, Message : digits.append(float(i))']
match None
match None
match <re.Match object; span=(0, 61), match='SAV_Python_2000_dt_5.50e-06_Nx_64_periodic_dtout_>
match None
match <re.Match object; span=(0, 63), match='SAV_Python_2000_dt_5.50e-06_Nx_128_neumann_dtout_>
Python,2000,128,neumann,2000,2000,25p not recorded; dt_out too large.
match None
match None
match None
match None
match <re.Match object; span=(0, 58), match='NMG_Python_20_dt_5.50e-06_Nx_64_periodic_dtout_17>
Python,20,64,periodic,1,1,75p
NMG_Python_20_dt_5.50e-06_Nx_64_periodic_dtout_175pphi.csv
Exception type : ValueError 
Exception message : could not convert string to float: '(0.49139345907978677+0j)'
Stack trace : ['File : /sfs/gpfs/tardis/home/xpz5km/Cahn_Hilliard_Model_HPC/spinodal_decomp/compare_L2_error.py , Line : 86, Func.Name : compare_L2_error_at_timepoint, Message : snapshot_SAV = read_specific_lines(f"{root}/{SAV_fname}", line_list)', 'File : /sfs/gpfs/tardis/home/xpz5km/Cahn_Hilliard_Model_HPC/spinodal_decomp/compare_L2_error.py , Line : 19, Func.Name : read_specific_lines, Message : digits.append(float(i))']
match <re.Match object; span=(0, 61), match='SAV_Python_2000_dt_5.50e-06_Nx_256_neumann_dtout_>
match None
match None
match None
match None
match None
match <re.Match object; span=(0, 59), match='NMG_Python_20_dt_5.50e-06_Nx_256_periodic_dtout_1>
Python,20,256,periodic,1,1,50p
NMG_Python_20_dt_5.50e-06_Nx_256_periodic_dtout_150pphi.csv
Exception type : ValueError 
Exception message : could not convert string to float: '(0.01660038502094017+0j)'
Stack trace : ['File : /sfs/gpfs/tardis/home/xpz5km/Cahn_Hilliard_Model_HPC/spinodal_decomp/compare_L2_error.py , Line : 86, Func.Name : compare_L2_error_at_timepoint, Message : snapshot_SAV = read_specific_lines(f"{root}/{SAV_fname}", line_list)', 'File : /sfs/gpfs/tardis/home/xpz5km/Cahn_Hilliard_Model_HPC/spinodal_decomp/compare_L2_error.py , Line : 19, Func.Name : read_specific_lines, Message : digits.append(float(i))']
match <re.Match object; span=(0, 61), match='SAV_Python_2000_dt_5.50e-06_Nx_64_periodic_dtout_>
match None
match <re.Match object; span=(0, 58), match='NMG_Python_20_dt_5.50e-06_Nx_128_neumann_dtout_17>
Python,20,128,neumann,1,1,75p
NMG_Python_20_dt_5.50e-06_Nx_128_neumann_dtout_175pphi.csv
Exception type : ValueError 
Exception message : could not convert string to float: '(0.8135644223812114+0j)'
Stack trace : ['File : /sfs/gpfs/tardis/home/xpz5km/Cahn_Hilliard_Model_HPC/spinodal_decomp/compare_L2_error.py , Line : 86, Func.Name : compare_L2_error_at_timepoint, Message : snapshot_SAV = read_specific_lines(f"{root}/{SAV_fname}", line_list)', 'File : /sfs/gpfs/tardis/home/xpz5km/Cahn_Hilliard_Model_HPC/spinodal_decomp/compare_L2_error.py , Line : 19, Func.Name : read_specific_lines, Message : digits.append(float(i))']
match None
match None
match <re.Match object; span=(0, 61), match='SAV_Python_2000_dt_5.50e-06_Nx_512_neumann_dtout_>
match None
match None
match None
match None
match None
match None
match None
match None
match None
match None
match <re.Match object; span=(0, 61), match='SAV_Python_2000_dt_5.50e-06_Nx_256_neumann_dtout_>
match None
match <re.Match object; span=(0, 57), match='NMG_Python_20_dt_5.50e-06_Nx_64_neumann_dtout_150>
Python,20,64,neumann,1,1,50p
NMG_Python_20_dt_5.50e-06_Nx_64_neumann_dtout_150pphi.csv
Exception type : ValueError 
Exception message : could not convert string to float: '(-0.6158025789830569+0j)'
Stack trace : ['File : /sfs/gpfs/tardis/home/xpz5km/Cahn_Hilliard_Model_HPC/spinodal_decomp/compare_L2_error.py , Line : 86, Func.Name : compare_L2_error_at_timepoint, Message : snapshot_SAV = read_specific_lines(f"{root}/{SAV_fname}", line_list)', 'File : /sfs/gpfs/tardis/home/xpz5km/Cahn_Hilliard_Model_HPC/spinodal_decomp/compare_L2_error.py , Line : 19, Func.Name : read_specific_lines, Message : digits.append(float(i))']
match None
match <re.Match object; span=(0, 58), match='NMG_Python_20_dt_5.50e-06_Nx_256_neumann_dtout_15>
Python,20,256,neumann,1,1,50p
NMG_Python_20_dt_5.50e-06_Nx_256_neumann_dtout_150pphi.csv
Exception type : ValueError 
Exception message : could not convert string to float: '(0.04765882740997638+0j)'
Stack trace : ['File : /sfs/gpfs/tardis/home/xpz5km/Cahn_Hilliard_Model_HPC/spinodal_decomp/compare_L2_error.py , Line : 86, Func.Name : compare_L2_error_at_timepoint, Message : snapshot_SAV = read_specific_lines(f"{root}/{SAV_fname}", line_list)', 'File : /sfs/gpfs/tardis/home/xpz5km/Cahn_Hilliard_Model_HPC/spinodal_decomp/compare_L2_error.py , Line : 19, Func.Name : read_specific_lines, Message : digits.append(float(i))']
match <re.Match object; span=(0, 58), match='NMG_Python_20_dt_5.50e-06_Nx_512_neumann_dtout_12>
Python,20,512,neumann,1,1,25p
NMG_Python_20_dt_5.50e-06_Nx_512_neumann_dtout_125pphi.csv
Exception type : ValueError 
Exception message : could not convert string to float: '(-0.31856290462569725+0j)'
Stack trace : ['File : /sfs/gpfs/tardis/home/xpz5km/Cahn_Hilliard_Model_HPC/spinodal_decomp/compare_L2_error.py , Line : 86, Func.Name : compare_L2_error_at_timepoint, Message : snapshot_SAV = read_specific_lines(f"{root}/{SAV_fname}", line_list)', 'File : /sfs/gpfs/tardis/home/xpz5km/Cahn_Hilliard_Model_HPC/spinodal_decomp/compare_L2_error.py , Line : 19, Func.Name : read_specific_lines, Message : digits.append(float(i))']
match None
match None
match <re.Match object; span=(0, 62), match='SAV_Python_2000_dt_5.50e-06_Nx_512_periodic_dtout>
match None
match None
match <re.Match object; span=(0, 63), match='SAV_Python_2000_dt_5.50e-06_Nx_128_neumann_dtout_>
Python,2000,128,neumann,2000,2000,50p not recorded; dt_out too large.
match None
match None
match <re.Match object; span=(0, 64), match='SAV_Python_2000_dt_5.50e-06_Nx_512_periodic_dtout>
Python,2000,512,periodic,2000,2000,50p not recorded; dt_out too large.
match <re.Match object; span=(0, 61), match='SAV_Python_2000_dt_5.50e-06_Nx_512_neumann_dtout_>
match None
match None
match None
match None
match <re.Match object; span=(0, 58), match='NMG_Python_20_dt_5.50e-06_Nx_256_neumann_dtout_17>
Python,20,256,neumann,1,1,75p
NMG_Python_20_dt_5.50e-06_Nx_256_neumann_dtout_175pphi.csv
Exception type : ValueError 
Exception message : could not convert string to float: '(0.47324331787658913+0j)'
Stack trace : ['File : /sfs/gpfs/tardis/home/xpz5km/Cahn_Hilliard_Model_HPC/spinodal_decomp/compare_L2_error.py , Line : 86, Func.Name : compare_L2_error_at_timepoint, Message : snapshot_SAV = read_specific_lines(f"{root}/{SAV_fname}", line_list)', 'File : /sfs/gpfs/tardis/home/xpz5km/Cahn_Hilliard_Model_HPC/spinodal_decomp/compare_L2_error.py , Line : 19, Func.Name : read_specific_lines, Message : digits.append(float(i))']
match None
match <re.Match object; span=(0, 61), match='SAV_Python_2000_dt_5.50e-06_Nx_128_neumann_dtout_>
match None
match None
match None
match None
match None
match <re.Match object; span=(0, 59), match='NMG_Python_20_dt_5.50e-06_Nx_128_neumann_dtout_20>
Python,20,128,neumann,20,20,50p
NMG_Python_20_dt_5.50e-06_Nx_128_neumann_dtout_2050pphi.csv
Exception type : ValueError 
Exception message : could not convert string to float: '(0.4578281761662219+0j)'
Stack trace : ['File : /sfs/gpfs/tardis/home/xpz5km/Cahn_Hilliard_Model_HPC/spinodal_decomp/compare_L2_error.py , Line : 86, Func.Name : compare_L2_error_at_timepoint, Message : snapshot_SAV = read_specific_lines(f"{root}/{SAV_fname}", line_list)', 'File : /sfs/gpfs/tardis/home/xpz5km/Cahn_Hilliard_Model_HPC/spinodal_decomp/compare_L2_error.py , Line : 19, Func.Name : read_specific_lines, Message : digits.append(float(i))']
match None
match <re.Match object; span=(0, 59), match='NMG_Python_20_dt_5.50e-06_Nx_128_periodic_dtout_1>
Python,20,128,periodic,1,1,50p
NMG_Python_20_dt_5.50e-06_Nx_128_periodic_dtout_150pphi.csv
Exception type : ValueError 
Exception message : could not convert string to float: '(-0.22175375253027008+0j)'
Stack trace : ['File : /sfs/gpfs/tardis/home/xpz5km/Cahn_Hilliard_Model_HPC/spinodal_decomp/compare_L2_error.py , Line : 86, Func.Name : compare_L2_error_at_timepoint, Message : snapshot_SAV = read_specific_lines(f"{root}/{SAV_fname}", line_list)', 'File : /sfs/gpfs/tardis/home/xpz5km/Cahn_Hilliard_Model_HPC/spinodal_decomp/compare_L2_error.py , Line : 19, Func.Name : read_specific_lines, Message : digits.append(float(i))']
match <re.Match object; span=(0, 58), match='NMG_Python_20_dt_5.50e-06_Nx_256_neumann_dtout_12>
Python,20,256,neumann,1,1,25p
NMG_Python_20_dt_5.50e-06_Nx_256_neumann_dtout_125pphi.csv
Exception type : ValueError 
Exception message : could not convert string to float: '(-0.391498261660009+0j)'
Stack trace : ['File : /sfs/gpfs/tardis/home/xpz5km/Cahn_Hilliard_Model_HPC/spinodal_decomp/compare_L2_error.py , Line : 86, Func.Name : compare_L2_error_at_timepoint, Message : snapshot_SAV = read_specific_lines(f"{root}/{SAV_fname}", line_list)', 'File : /sfs/gpfs/tardis/home/xpz5km/Cahn_Hilliard_Model_HPC/spinodal_decomp/compare_L2_error.py , Line : 19, Func.Name : read_specific_lines, Message : digits.append(float(i))']
match None
match <re.Match object; span=(0, 57), match='NMG_Python_20_dt_5.50e-06_Nx_64_neumann_dtout_175>
Python,20,64,neumann,1,1,75p
NMG_Python_20_dt_5.50e-06_Nx_64_neumann_dtout_175pphi.csv
Exception type : ValueError 
Exception message : could not convert string to float: '(-0.1429827381138733+0j)'
Stack trace : ['File : /sfs/gpfs/tardis/home/xpz5km/Cahn_Hilliard_Model_HPC/spinodal_decomp/compare_L2_error.py , Line : 86, Func.Name : compare_L2_error_at_timepoint, Message : snapshot_SAV = read_specific_lines(f"{root}/{SAV_fname}", line_list)', 'File : /sfs/gpfs/tardis/home/xpz5km/Cahn_Hilliard_Model_HPC/spinodal_decomp/compare_L2_error.py , Line : 19, Func.Name : read_specific_lines, Message : digits.append(float(i))']
match None
match None
match None
match <re.Match object; span=(0, 59), match='NMG_Python_20_dt_5.50e-06_Nx_256_periodic_dtout_1>
Python,20,256,periodic,1,1,25p
NMG_Python_20_dt_5.50e-06_Nx_256_periodic_dtout_125pphi.csv
Exception type : ValueError 
Exception message : could not convert string to float: '(-0.42195156238983694+0j)'
Stack trace : ['File : /sfs/gpfs/tardis/home/xpz5km/Cahn_Hilliard_Model_HPC/spinodal_decomp/compare_L2_error.py , Line : 86, Func.Name : compare_L2_error_at_timepoint, Message : snapshot_SAV = read_specific_lines(f"{root}/{SAV_fname}", line_list)', 'File : /sfs/gpfs/tardis/home/xpz5km/Cahn_Hilliard_Model_HPC/spinodal_decomp/compare_L2_error.py , Line : 19, Func.Name : read_specific_lines, Message : digits.append(float(i))']
match <re.Match object; span=(0, 59), match='NMG_Python_20_dt_5.50e-06_Nx_64_periodic_dtout_20>
Python,20,64,periodic,20,20,25p
NMG_Python_20_dt_5.50e-06_Nx_64_periodic_dtout_2025pphi.csv
Exception type : ValueError 
Exception message : could not convert string to float: '(-0.2607501952412769+0j)'
Stack trace : ['File : /sfs/gpfs/tardis/home/xpz5km/Cahn_Hilliard_Model_HPC/spinodal_decomp/compare_L2_error.py , Line : 86, Func.Name : compare_L2_error_at_timepoint, Message : snapshot_SAV = read_specific_lines(f"{root}/{SAV_fname}", line_list)', 'File : /sfs/gpfs/tardis/home/xpz5km/Cahn_Hilliard_Model_HPC/spinodal_decomp/compare_L2_error.py , Line : 19, Func.Name : read_specific_lines, Message : digits.append(float(i))']
match None
match None
match <re.Match object; span=(0, 59), match='NMG_Python_20_dt_5.50e-06_Nx_512_periodic_dtout_1>
Python,20,512,periodic,1,1,50p
NMG_Python_20_dt_5.50e-06_Nx_512_periodic_dtout_150pphi.csv
Exception type : ValueError 
Exception message : could not convert string to float: '(0.15054881833259798+0j)'
Stack trace : ['File : /sfs/gpfs/tardis/home/xpz5km/Cahn_Hilliard_Model_HPC/spinodal_decomp/compare_L2_error.py , Line : 86, Func.Name : compare_L2_error_at_timepoint, Message : snapshot_SAV = read_specific_lines(f"{root}/{SAV_fname}", line_list)', 'File : /sfs/gpfs/tardis/home/xpz5km/Cahn_Hilliard_Model_HPC/spinodal_decomp/compare_L2_error.py , Line : 19, Func.Name : read_specific_lines, Message : digits.append(float(i))']
match None
match None
match None
match None
match None
match None
match None
match <re.Match object; span=(0, 63), match='SAV_Python_2000_dt_5.50e-06_Nx_512_neumann_dtout_>
Python,2000,512,neumann,2000,2000,50p not recorded; dt_out too large.
match <re.Match object; span=(0, 62), match='SAV_Python_2000_dt_5.50e-06_Nx_512_periodic_dtout>
match <re.Match object; span=(0, 63), match='SAV_Python_2000_dt_5.50e-06_Nx_512_neumann_dtout_>
Python,2000,512,neumann,2000,2000,75p not recorded; dt_out too large.
match None
match <re.Match object; span=(0, 60), match='NMG_Python_20_dt_5.50e-06_Nx_512_periodic_dtout_2>
Python,20,512,periodic,20,20,25p
NMG_Python_20_dt_5.50e-06_Nx_512_periodic_dtout_2025pphi.csv
Exception type : ValueError 
Exception message : could not convert string to float: '(-0.5924427840366981+0j)'
Stack trace : ['File : /sfs/gpfs/tardis/home/xpz5km/Cahn_Hilliard_Model_HPC/spinodal_decomp/compare_L2_error.py , Line : 86, Func.Name : compare_L2_error_at_timepoint, Message : snapshot_SAV = read_specific_lines(f"{root}/{SAV_fname}", line_list)', 'File : /sfs/gpfs/tardis/home/xpz5km/Cahn_Hilliard_Model_HPC/spinodal_decomp/compare_L2_error.py , Line : 19, Func.Name : read_specific_lines, Message : digits.append(float(i))']
match None
match <re.Match object; span=(0, 58), match='NMG_Python_20_dt_5.50e-06_Nx_64_neumann_dtout_205>
Python,20,64,neumann,20,20,50p
NMG_Python_20_dt_5.50e-06_Nx_64_neumann_dtout_2050pphi.csv
Exception type : ValueError 
Exception message : could not convert string to float: '(-0.8193172180077055+0j)'
Stack trace : ['File : /sfs/gpfs/tardis/home/xpz5km/Cahn_Hilliard_Model_HPC/spinodal_decomp/compare_L2_error.py , Line : 86, Func.Name : compare_L2_error_at_timepoint, Message : snapshot_SAV = read_specific_lines(f"{root}/{SAV_fname}", line_list)', 'File : /sfs/gpfs/tardis/home/xpz5km/Cahn_Hilliard_Model_HPC/spinodal_decomp/compare_L2_error.py , Line : 19, Func.Name : read_specific_lines, Message : digits.append(float(i))']
match <re.Match object; span=(0, 59), match='NMG_Python_20_dt_5.50e-06_Nx_128_neumann_dtout_20>
Python,20,128,neumann,20,20,75p
NMG_Python_20_dt_5.50e-06_Nx_128_neumann_dtout_2075pphi.csv
Exception type : ValueError 
Exception message : could not convert string to float: '(1.0070442820402468+0j)'
Stack trace : ['File : /sfs/gpfs/tardis/home/xpz5km/Cahn_Hilliard_Model_HPC/spinodal_decomp/compare_L2_error.py , Line : 86, Func.Name : compare_L2_error_at_timepoint, Message : snapshot_SAV = read_specific_lines(f"{root}/{SAV_fname}", line_list)', 'File : /sfs/gpfs/tardis/home/xpz5km/Cahn_Hilliard_Model_HPC/spinodal_decomp/compare_L2_error.py , Line : 19, Func.Name : read_specific_lines, Message : digits.append(float(i))']
match <re.Match object; span=(0, 57), match='NMG_Python_20_dt_5.50e-06_Nx_64_neumann_dtout_125>
Python,20,64,neumann,1,1,25p
NMG_Python_20_dt_5.50e-06_Nx_64_neumann_dtout_125pphi.csv
Exception type : ValueError 
Exception message : could not convert string to float: '(-0.6590699316896104+0j)'
Stack trace : ['File : /sfs/gpfs/tardis/home/xpz5km/Cahn_Hilliard_Model_HPC/spinodal_decomp/compare_L2_error.py , Line : 86, Func.Name : compare_L2_error_at_timepoint, Message : snapshot_SAV = read_specific_lines(f"{root}/{SAV_fname}", line_list)', 'File : /sfs/gpfs/tardis/home/xpz5km/Cahn_Hilliard_Model_HPC/spinodal_decomp/compare_L2_error.py , Line : 19, Func.Name : read_specific_lines, Message : digits.append(float(i))']
match None
match None
match None
match <re.Match object; span=(0, 62), match='SAV_Python_2000_dt_5.50e-06_Nx_64_neumann_dtout_2>
Python,2000,64,neumann,2000,2000,25p not recorded; dt_out too large.
match None
match None
match None
match <re.Match object; span=(0, 59), match='NMG_Python_20_dt_5.50e-06_Nx_512_periodic_dtout_1>
Python,20,512,periodic,1,1,25p
NMG_Python_20_dt_5.50e-06_Nx_512_periodic_dtout_125pphi.csv
Exception type : ValueError 
Exception message : could not convert string to float: '(-0.5277821510417311+0j)'
Stack trace : ['File : /sfs/gpfs/tardis/home/xpz5km/Cahn_Hilliard_Model_HPC/spinodal_decomp/compare_L2_error.py , Line : 86, Func.Name : compare_L2_error_at_timepoint, Message : snapshot_SAV = read_specific_lines(f"{root}/{SAV_fname}", line_list)', 'File : /sfs/gpfs/tardis/home/xpz5km/Cahn_Hilliard_Model_HPC/spinodal_decomp/compare_L2_error.py , Line : 19, Func.Name : read_specific_lines, Message : digits.append(float(i))']
match None
match <re.Match object; span=(0, 64), match='SAV_Python_2000_dt_5.50e-06_Nx_128_periodic_dtout>
Python,2000,128,periodic,2000,2000,25p not recorded; dt_out too large.
match <re.Match object; span=(0, 61), match='SAV_Python_2000_dt_5.50e-06_Nx_256_neumann_dtout_>
match None
match None
match None
match None
match <re.Match object; span=(0, 60), match='NMG_Python_20_dt_5.50e-06_Nx_512_periodic_dtout_2>
Python,20,512,periodic,20,20,50p
NMG_Python_20_dt_5.50e-06_Nx_512_periodic_dtout_2050pphi.csv
Exception type : ValueError 
Exception message : could not convert string to float: '(0.14766784652957254+0j)'
Stack trace : ['File : /sfs/gpfs/tardis/home/xpz5km/Cahn_Hilliard_Model_HPC/spinodal_decomp/compare_L2_error.py , Line : 86, Func.Name : compare_L2_error_at_timepoint, Message : snapshot_SAV = read_specific_lines(f"{root}/{SAV_fname}", line_list)', 'File : /sfs/gpfs/tardis/home/xpz5km/Cahn_Hilliard_Model_HPC/spinodal_decomp/compare_L2_error.py , Line : 19, Func.Name : read_specific_lines, Message : digits.append(float(i))']
match <re.Match object; span=(0, 64), match='SAV_Python_2000_dt_5.50e-06_Nx_512_periodic_dtout>
Python,2000,512,periodic,2000,2000,75p not recorded; dt_out too large.
match None
match None
match None
match None
match None
match <re.Match object; span=(0, 59), match='NMG_Python_20_dt_5.50e-06_Nx_128_periodic_dtout_1>
Python,20,128,periodic,1,1,75p
NMG_Python_20_dt_5.50e-06_Nx_128_periodic_dtout_175pphi.csv
Exception type : ValueError 
Exception message : could not convert string to float: '(0.4610677895264861+0j)'
Stack trace : ['File : /sfs/gpfs/tardis/home/xpz5km/Cahn_Hilliard_Model_HPC/spinodal_decomp/compare_L2_error.py , Line : 86, Func.Name : compare_L2_error_at_timepoint, Message : snapshot_SAV = read_specific_lines(f"{root}/{SAV_fname}", line_list)', 'File : /sfs/gpfs/tardis/home/xpz5km/Cahn_Hilliard_Model_HPC/spinodal_decomp/compare_L2_error.py , Line : 19, Func.Name : read_specific_lines, Message : digits.append(float(i))']
match <re.Match object; span=(0, 59), match='NMG_Python_20_dt_5.50e-06_Nx_512_periodic_dtout_1>
Python,20,512,periodic,1,1,75p
NMG_Python_20_dt_5.50e-06_Nx_512_periodic_dtout_175pphi.csv
Exception type : ValueError 
Exception message : could not convert string to float: '(0.534667350211117+0j)'
Stack trace : ['File : /sfs/gpfs/tardis/home/xpz5km/Cahn_Hilliard_Model_HPC/spinodal_decomp/compare_L2_error.py , Line : 86, Func.Name : compare_L2_error_at_timepoint, Message : snapshot_SAV = read_specific_lines(f"{root}/{SAV_fname}", line_list)', 'File : /sfs/gpfs/tardis/home/xpz5km/Cahn_Hilliard_Model_HPC/spinodal_decomp/compare_L2_error.py , Line : 19, Func.Name : read_specific_lines, Message : digits.append(float(i))']
match None
match None
match None
match None
match <re.Match object; span=(0, 62), match='SAV_Python_2000_dt_5.50e-06_Nx_512_periodic_dtout>
match <re.Match object; span=(0, 62), match='SAV_Python_2000_dt_5.50e-06_Nx_128_periodic_dtout>
match None
match <re.Match object; span=(0, 58), match='NMG_Python_20_dt_5.50e-06_Nx_128_neumann_dtout_15>
Python,20,128,neumann,1,1,50p
NMG_Python_20_dt_5.50e-06_Nx_128_neumann_dtout_150pphi.csv
Exception type : ValueError 
Exception message : could not convert string to float: '(-0.057275737506106844+0j)'
Stack trace : ['File : /sfs/gpfs/tardis/home/xpz5km/Cahn_Hilliard_Model_HPC/spinodal_decomp/compare_L2_error.py , Line : 86, Func.Name : compare_L2_error_at_timepoint, Message : snapshot_SAV = read_specific_lines(f"{root}/{SAV_fname}", line_list)', 'File : /sfs/gpfs/tardis/home/xpz5km/Cahn_Hilliard_Model_HPC/spinodal_decomp/compare_L2_error.py , Line : 19, Func.Name : read_specific_lines, Message : digits.append(float(i))']
match None
match None
match None
match <re.Match object; span=(0, 63), match='SAV_Python_2000_dt_5.50e-06_Nx_64_periodic_dtout_>
Python,2000,64,periodic,2000,2000,25p not recorded; dt_out too large.
match None
match None
match None
match None
match None
match None
match None
match None
match None
match <re.Match object; span=(0, 60), match='NMG_Python_20_dt_5.50e-06_Nx_128_periodic_dtout_2>
Python,20,128,periodic,20,20,75p
NMG_Python_20_dt_5.50e-06_Nx_128_periodic_dtout_2075pphi.csv
Exception type : ValueError 
Exception message : could not convert string to float: '(-0.2259011345264694+0j)'
Stack trace : ['File : /sfs/gpfs/tardis/home/xpz5km/Cahn_Hilliard_Model_HPC/spinodal_decomp/compare_L2_error.py , Line : 86, Func.Name : compare_L2_error_at_timepoint, Message : snapshot_SAV = read_specific_lines(f"{root}/{SAV_fname}", line_list)', 'File : /sfs/gpfs/tardis/home/xpz5km/Cahn_Hilliard_Model_HPC/spinodal_decomp/compare_L2_error.py , Line : 19, Func.Name : read_specific_lines, Message : digits.append(float(i))']
match <re.Match object; span=(0, 62), match='SAV_Python_2000_dt_5.50e-06_Nx_64_neumann_dtout_2>
Python,2000,64,neumann,2000,2000,50p not recorded; dt_out too large.
match <re.Match object; span=(0, 64), match='SAV_Python_2000_dt_5.50e-06_Nx_128_periodic_dtout>
Python,2000,128,periodic,2000,2000,50p not recorded; dt_out too large.
match None
match None
match None
match None
match <re.Match object; span=(0, 60), match='NMG_Python_20_dt_5.50e-06_Nx_256_periodic_dtout_2>
Python,20,256,periodic,20,20,75p
NMG_Python_20_dt_5.50e-06_Nx_256_periodic_dtout_2075pphi.csv
Exception type : ValueError 
Exception message : could not convert string to float: '(0.4813657808640433+0j)'
Stack trace : ['File : /sfs/gpfs/tardis/home/xpz5km/Cahn_Hilliard_Model_HPC/spinodal_decomp/compare_L2_error.py , Line : 86, Func.Name : compare_L2_error_at_timepoint, Message : snapshot_SAV = read_specific_lines(f"{root}/{SAV_fname}", line_list)', 'File : /sfs/gpfs/tardis/home/xpz5km/Cahn_Hilliard_Model_HPC/spinodal_decomp/compare_L2_error.py , Line : 19, Func.Name : read_specific_lines, Message : digits.append(float(i))']
match <re.Match object; span=(0, 58), match='NMG_Python_20_dt_5.50e-06_Nx_512_neumann_dtout_17>
Python,20,512,neumann,1,1,75p
NMG_Python_20_dt_5.50e-06_Nx_512_neumann_dtout_175pphi.csv
Exception type : ValueError 
Exception message : could not convert string to float: '(0.6031677026601824+0j)'
Stack trace : ['File : /sfs/gpfs/tardis/home/xpz5km/Cahn_Hilliard_Model_HPC/spinodal_decomp/compare_L2_error.py , Line : 86, Func.Name : compare_L2_error_at_timepoint, Message : snapshot_SAV = read_specific_lines(f"{root}/{SAV_fname}", line_list)', 'File : /sfs/gpfs/tardis/home/xpz5km/Cahn_Hilliard_Model_HPC/spinodal_decomp/compare_L2_error.py , Line : 19, Func.Name : read_specific_lines, Message : digits.append(float(i))']
match <re.Match object; span=(0, 58), match='NMG_Python_20_dt_5.50e-06_Nx_64_neumann_dtout_202>
Python,20,64,neumann,20,20,25p
NMG_Python_20_dt_5.50e-06_Nx_64_neumann_dtout_2025pphi.csv
Exception type : ValueError 
Exception message : could not convert string to float: '(-0.9129498158047057+0j)'
Stack trace : ['File : /sfs/gpfs/tardis/home/xpz5km/Cahn_Hilliard_Model_HPC/spinodal_decomp/compare_L2_error.py , Line : 86, Func.Name : compare_L2_error_at_timepoint, Message : snapshot_SAV = read_specific_lines(f"{root}/{SAV_fname}", line_list)', 'File : /sfs/gpfs/tardis/home/xpz5km/Cahn_Hilliard_Model_HPC/spinodal_decomp/compare_L2_error.py , Line : 19, Func.Name : read_specific_lines, Message : digits.append(float(i))']
match <re.Match object; span=(0, 58), match='NMG_Python_20_dt_5.50e-06_Nx_64_neumann_dtout_207>
Python,20,64,neumann,20,20,75p
NMG_Python_20_dt_5.50e-06_Nx_64_neumann_dtout_2075pphi.csv
Exception type : ValueError 
Exception message : could not convert string to float: '(-0.3181784942992353+0j)'
Stack trace : ['File : /sfs/gpfs/tardis/home/xpz5km/Cahn_Hilliard_Model_HPC/spinodal_decomp/compare_L2_error.py , Line : 86, Func.Name : compare_L2_error_at_timepoint, Message : snapshot_SAV = read_specific_lines(f"{root}/{SAV_fname}", line_list)', 'File : /sfs/gpfs/tardis/home/xpz5km/Cahn_Hilliard_Model_HPC/spinodal_decomp/compare_L2_error.py , Line : 19, Func.Name : read_specific_lines, Message : digits.append(float(i))']
match None
match None
match <re.Match object; span=(0, 62), match='SAV_Python_2000_dt_5.50e-06_Nx_128_periodic_dtout>
match <re.Match object; span=(0, 60), match='SAV_Python_2000_dt_5.50e-06_Nx_64_neumann_dtout_1>
match <re.Match object; span=(0, 63), match='SAV_Python_2000_dt_5.50e-06_Nx_64_periodic_dtout_>
Python,2000,64,periodic,2000,2000,50p not recorded; dt_out too large.
match <re.Match object; span=(0, 60), match='NMG_Python_20_dt_5.50e-06_Nx_512_periodic_dtout_2>
Python,20,512,periodic,20,20,75p
NMG_Python_20_dt_5.50e-06_Nx_512_periodic_dtout_2075pphi.csv
Exception type : ValueError 
Exception message : could not convert string to float: '(0.5212796069949747+0j)'
Stack trace : ['File : /sfs/gpfs/tardis/home/xpz5km/Cahn_Hilliard_Model_HPC/spinodal_decomp/compare_L2_error.py , Line : 86, Func.Name : compare_L2_error_at_timepoint, Message : snapshot_SAV = read_specific_lines(f"{root}/{SAV_fname}", line_list)', 'File : /sfs/gpfs/tardis/home/xpz5km/Cahn_Hilliard_Model_HPC/spinodal_decomp/compare_L2_error.py , Line : 19, Func.Name : read_specific_lines, Message : digits.append(float(i))']
match None
match <re.Match object; span=(0, 59), match='NMG_Python_20_dt_5.50e-06_Nx_512_neumann_dtout_20>
Python,20,512,neumann,20,20,25p
NMG_Python_20_dt_5.50e-06_Nx_512_neumann_dtout_2025pphi.csv
Exception type : ValueError 
Exception message : could not convert string to float: '(-0.19931155268433487+0j)'
Stack trace : ['File : /sfs/gpfs/tardis/home/xpz5km/Cahn_Hilliard_Model_HPC/spinodal_decomp/compare_L2_error.py , Line : 86, Func.Name : compare_L2_error_at_timepoint, Message : snapshot_SAV = read_specific_lines(f"{root}/{SAV_fname}", line_list)', 'File : /sfs/gpfs/tardis/home/xpz5km/Cahn_Hilliard_Model_HPC/spinodal_decomp/compare_L2_error.py , Line : 19, Func.Name : read_specific_lines, Message : digits.append(float(i))']
match <re.Match object; span=(0, 58), match='NMG_Python_20_dt_5.50e-06_Nx_512_neumann_dtout_15>
Python,20,512,neumann,1,1,50p
NMG_Python_20_dt_5.50e-06_Nx_512_neumann_dtout_150pphi.csv
Exception type : ValueError 
Exception message : could not convert string to float: '(0.7674974046780322+0j)'
Stack trace : ['File : /sfs/gpfs/tardis/home/xpz5km/Cahn_Hilliard_Model_HPC/spinodal_decomp/compare_L2_error.py , Line : 86, Func.Name : compare_L2_error_at_timepoint, Message : snapshot_SAV = read_specific_lines(f"{root}/{SAV_fname}", line_list)', 'File : /sfs/gpfs/tardis/home/xpz5km/Cahn_Hilliard_Model_HPC/spinodal_decomp/compare_L2_error.py , Line : 19, Func.Name : read_specific_lines, Message : digits.append(float(i))']
match <re.Match object; span=(0, 58), match='NMG_Python_20_dt_5.50e-06_Nx_64_periodic_dtout_12>
Python,20,64,periodic,1,1,25p
NMG_Python_20_dt_5.50e-06_Nx_64_periodic_dtout_125pphi.csv
Exception type : ValueError 
Exception message : could not convert string to float: '(-0.4950645857887693+0j)'
Stack trace : ['File : /sfs/gpfs/tardis/home/xpz5km/Cahn_Hilliard_Model_HPC/spinodal_decomp/compare_L2_error.py , Line : 86, Func.Name : compare_L2_error_at_timepoint, Message : snapshot_SAV = read_specific_lines(f"{root}/{SAV_fname}", line_list)', 'File : /sfs/gpfs/tardis/home/xpz5km/Cahn_Hilliard_Model_HPC/spinodal_decomp/compare_L2_error.py , Line : 19, Func.Name : read_specific_lines, Message : digits.append(float(i))']
match None
match <re.Match object; span=(0, 62), match='SAV_Python_2000_dt_5.50e-06_Nx_256_periodic_dtout>
match <re.Match object; span=(0, 63), match='SAV_Python_2000_dt_5.50e-06_Nx_128_neumann_dtout_>
Python,2000,128,neumann,2000,2000,75p not recorded; dt_out too large.
match <re.Match object; span=(0, 60), match='NMG_Python_20_dt_5.50e-06_Nx_128_periodic_dtout_2>
Python,20,128,periodic,20,20,50p
NMG_Python_20_dt_5.50e-06_Nx_128_periodic_dtout_2050pphi.csv
Exception type : ValueError 
Exception message : could not convert string to float: '(-0.3095721867886947+0j)'
Stack trace : ['File : /sfs/gpfs/tardis/home/xpz5km/Cahn_Hilliard_Model_HPC/spinodal_decomp/compare_L2_error.py , Line : 86, Func.Name : compare_L2_error_at_timepoint, Message : snapshot_SAV = read_specific_lines(f"{root}/{SAV_fname}", line_list)', 'File : /sfs/gpfs/tardis/home/xpz5km/Cahn_Hilliard_Model_HPC/spinodal_decomp/compare_L2_error.py , Line : 19, Func.Name : read_specific_lines, Message : digits.append(float(i))']
match None
match None
match None
match <re.Match object; span=(0, 60), match='NMG_Python_20_dt_5.50e-06_Nx_256_periodic_dtout_2>
Python,20,256,periodic,20,20,50p
NMG_Python_20_dt_5.50e-06_Nx_256_periodic_dtout_2050pphi.csv
Exception type : ValueError 
Exception message : could not convert string to float: '(0.010506962033912721+0j)'
Stack trace : ['File : /sfs/gpfs/tardis/home/xpz5km/Cahn_Hilliard_Model_HPC/spinodal_decomp/compare_L2_error.py , Line : 86, Func.Name : compare_L2_error_at_timepoint, Message : snapshot_SAV = read_specific_lines(f"{root}/{SAV_fname}", line_list)', 'File : /sfs/gpfs/tardis/home/xpz5km/Cahn_Hilliard_Model_HPC/spinodal_decomp/compare_L2_error.py , Line : 19, Func.Name : read_specific_lines, Message : digits.append(float(i))']
match None
match <re.Match object; span=(0, 62), match='SAV_Python_2000_dt_5.50e-06_Nx_256_periodic_dtout>
match None
match <re.Match object; span=(0, 63), match='SAV_Python_2000_dt_5.50e-06_Nx_256_neumann_dtout_>
Python,2000,256,neumann,2000,2000,50p not recorded; dt_out too large.
match None
match None
match <re.Match object; span=(0, 59), match='NMG_Python_20_dt_5.50e-06_Nx_64_periodic_dtout_20>
Python,20,64,periodic,20,20,50p
NMG_Python_20_dt_5.50e-06_Nx_64_periodic_dtout_2050pphi.csv
Exception type : ValueError 
Exception message : could not convert string to float: '(-0.4179450898314091+0j)'
Stack trace : ['File : /sfs/gpfs/tardis/home/xpz5km/Cahn_Hilliard_Model_HPC/spinodal_decomp/compare_L2_error.py , Line : 86, Func.Name : compare_L2_error_at_timepoint, Message : snapshot_SAV = read_specific_lines(f"{root}/{SAV_fname}", line_list)', 'File : /sfs/gpfs/tardis/home/xpz5km/Cahn_Hilliard_Model_HPC/spinodal_decomp/compare_L2_error.py , Line : 19, Func.Name : read_specific_lines, Message : digits.append(float(i))']
match <re.Match object; span=(0, 63), match='SAV_Python_2000_dt_5.50e-06_Nx_512_neumann_dtout_>
Python,2000,512,neumann,2000,2000,25p not recorded; dt_out too large.
match None
match <re.Match object; span=(0, 59), match='NMG_Python_20_dt_5.50e-06_Nx_512_neumann_dtout_20>
Python,20,512,neumann,20,20,75p
NMG_Python_20_dt_5.50e-06_Nx_512_neumann_dtout_2075pphi.csv
Exception type : ValueError 
Exception message : could not convert string to float: '(0.6537176705314839+0j)'
Stack trace : ['File : /sfs/gpfs/tardis/home/xpz5km/Cahn_Hilliard_Model_HPC/spinodal_decomp/compare_L2_error.py , Line : 86, Func.Name : compare_L2_error_at_timepoint, Message : snapshot_SAV = read_specific_lines(f"{root}/{SAV_fname}", line_list)', 'File : /sfs/gpfs/tardis/home/xpz5km/Cahn_Hilliard_Model_HPC/spinodal_decomp/compare_L2_error.py , Line : 19, Func.Name : read_specific_lines, Message : digits.append(float(i))']
match None
match None
match <re.Match object; span=(0, 59), match='NMG_Python_20_dt_5.50e-06_Nx_256_neumann_dtout_20>
Python,20,256,neumann,20,20,25p
NMG_Python_20_dt_5.50e-06_Nx_256_neumann_dtout_2025pphi.csv
Exception type : ValueError 
Exception message : could not convert string to float: '(-0.32927592388756166+0j)'
Stack trace : ['File : /sfs/gpfs/tardis/home/xpz5km/Cahn_Hilliard_Model_HPC/spinodal_decomp/compare_L2_error.py , Line : 86, Func.Name : compare_L2_error_at_timepoint, Message : snapshot_SAV = read_specific_lines(f"{root}/{SAV_fname}", line_list)', 'File : /sfs/gpfs/tardis/home/xpz5km/Cahn_Hilliard_Model_HPC/spinodal_decomp/compare_L2_error.py , Line : 19, Func.Name : read_specific_lines, Message : digits.append(float(i))']
match <re.Match object; span=(0, 61), match='SAV_Python_2000_dt_5.50e-06_Nx_512_neumann_dtout_>
match None
match None
match None
match <re.Match object; span=(0, 62), match='SAV_Python_2000_dt_5.50e-06_Nx_64_neumann_dtout_2>
Python,2000,64,neumann,2000,2000,75p not recorded; dt_out too large.
match None
match None
match None
match None
match None
match None
match None
match None
match <re.Match object; span=(0, 59), match='NMG_Python_20_dt_5.50e-06_Nx_128_neumann_dtout_20>
Python,20,128,neumann,20,20,25p
NMG_Python_20_dt_5.50e-06_Nx_128_neumann_dtout_2025pphi.csv
Exception type : ValueError 
Exception message : could not convert string to float: '(-0.10276645075364461+0j)'
Stack trace : ['File : /sfs/gpfs/tardis/home/xpz5km/Cahn_Hilliard_Model_HPC/spinodal_decomp/compare_L2_error.py , Line : 86, Func.Name : compare_L2_error_at_timepoint, Message : snapshot_SAV = read_specific_lines(f"{root}/{SAV_fname}", line_list)', 'File : /sfs/gpfs/tardis/home/xpz5km/Cahn_Hilliard_Model_HPC/spinodal_decomp/compare_L2_error.py , Line : 19, Func.Name : read_specific_lines, Message : digits.append(float(i))']
match None
match <re.Match object; span=(0, 62), match='SAV_Python_2000_dt_5.50e-06_Nx_256_periodic_dtout>
match <re.Match object; span=(0, 59), match='NMG_Python_20_dt_5.50e-06_Nx_64_periodic_dtout_20>
Python,20,64,periodic,20,20,75p
NMG_Python_20_dt_5.50e-06_Nx_64_periodic_dtout_2075pphi.csv
Exception type : ValueError 
Exception message : could not convert string to float: '(0.36662716665050266+0j)'
Stack trace : ['File : /sfs/gpfs/tardis/home/xpz5km/Cahn_Hilliard_Model_HPC/spinodal_decomp/compare_L2_error.py , Line : 86, Func.Name : compare_L2_error_at_timepoint, Message : snapshot_SAV = read_specific_lines(f"{root}/{SAV_fname}", line_list)', 'File : /sfs/gpfs/tardis/home/xpz5km/Cahn_Hilliard_Model_HPC/spinodal_decomp/compare_L2_error.py , Line : 19, Func.Name : read_specific_lines, Message : digits.append(float(i))']
match None
match <re.Match object; span=(0, 59), match='NMG_Python_20_dt_5.50e-06_Nx_256_periodic_dtout_1>
Python,20,256,periodic,1,1,75p
NMG_Python_20_dt_5.50e-06_Nx_256_periodic_dtout_175pphi.csv
Exception type : ValueError 
Exception message : could not convert string to float: '(0.5614264539944175+0j)'
Stack trace : ['File : /sfs/gpfs/tardis/home/xpz5km/Cahn_Hilliard_Model_HPC/spinodal_decomp/compare_L2_error.py , Line : 86, Func.Name : compare_L2_error_at_timepoint, Message : snapshot_SAV = read_specific_lines(f"{root}/{SAV_fname}", line_list)', 'File : /sfs/gpfs/tardis/home/xpz5km/Cahn_Hilliard_Model_HPC/spinodal_decomp/compare_L2_error.py , Line : 19, Func.Name : read_specific_lines, Message : digits.append(float(i))']
match <re.Match object; span=(0, 58), match='NMG_Python_20_dt_5.50e-06_Nx_64_periodic_dtout_15>
Python,20,64,periodic,1,1,50p
NMG_Python_20_dt_5.50e-06_Nx_64_periodic_dtout_150pphi.csv
Exception type : ValueError 
Exception message : could not convert string to float: '(-0.3105510175090858+0j)'
Stack trace : ['File : /sfs/gpfs/tardis/home/xpz5km/Cahn_Hilliard_Model_HPC/spinodal_decomp/compare_L2_error.py , Line : 86, Func.Name : compare_L2_error_at_timepoint, Message : snapshot_SAV = read_specific_lines(f"{root}/{SAV_fname}", line_list)', 'File : /sfs/gpfs/tardis/home/xpz5km/Cahn_Hilliard_Model_HPC/spinodal_decomp/compare_L2_error.py , Line : 19, Func.Name : read_specific_lines, Message : digits.append(float(i))']
match <re.Match object; span=(0, 60), match='SAV_Python_2000_dt_5.50e-06_Nx_64_neumann_dtout_1>
match <re.Match object; span=(0, 59), match='NMG_Python_20_dt_5.50e-06_Nx_128_periodic_dtout_1>
Python,20,128,periodic,1,1,25p
NMG_Python_20_dt_5.50e-06_Nx_128_periodic_dtout_125pphi.csv
Exception type : ValueError 
Exception message : could not convert string to float: '(-0.5376277243077107+0j)'
Stack trace : ['File : /sfs/gpfs/tardis/home/xpz5km/Cahn_Hilliard_Model_HPC/spinodal_decomp/compare_L2_error.py , Line : 86, Func.Name : compare_L2_error_at_timepoint, Message : snapshot_SAV = read_specific_lines(f"{root}/{SAV_fname}", line_list)', 'File : /sfs/gpfs/tardis/home/xpz5km/Cahn_Hilliard_Model_HPC/spinodal_decomp/compare_L2_error.py , Line : 19, Func.Name : read_specific_lines, Message : digits.append(float(i))']
match None
match None
match None
match None
match None
match <re.Match object; span=(0, 61), match='SAV_Python_2000_dt_5.50e-06_Nx_128_neumann_dtout_>
match None
match <re.Match object; span=(0, 60), match='SAV_Python_2000_dt_5.50e-06_Nx_64_neumann_dtout_1>
match None
5
match None
match None
match <re.Match object; span=(0, 59), match='NMG_Python_20_dt_5.50e-06_Nx_256_neumann_dtout_20>
Python,20,256,neumann,20,20,75p
NMG_Python_20_dt_5.50e-06_Nx_256_neumann_dtout_2075pphi.csv
Exception type : ValueError 
Exception message : could not convert string to float: '(0.41950652511946407+0j)'
Stack trace : ['File : /sfs/gpfs/tardis/home/xpz5km/Cahn_Hilliard_Model_HPC/spinodal_decomp/compare_L2_error.py , Line : 86, Func.Name : compare_L2_error_at_timepoint, Message : snapshot_SAV = read_specific_lines(f"{root}/{SAV_fname}", line_list)', 'File : /sfs/gpfs/tardis/home/xpz5km/Cahn_Hilliard_Model_HPC/spinodal_decomp/compare_L2_error.py , Line : 19, Func.Name : read_specific_lines, Message : digits.append(float(i))']
match None
match None
match None
match None
match None
match None
match None
match <re.Match object; span=(0, 62), match='SAV_Python_2000_dt_5.50e-06_Nx_128_periodic_dtout>
match None
match None
match None
match None
match None
match None
match None
match None
match None
match None
match <re.Match object; span=(0, 63), match='SAV_Python_2000_dt_5.50e-06_Nx_256_neumann_dtout_>
Python,2000,256,neumann,2000,2000,25p not recorded; dt_out too large.
match <re.Match object; span=(0, 61), match='SAV_Python_2000_dt_5.50e-06_Nx_128_neumann_dtout_>
match <re.Match object; span=(0, 60), match='NMG_Python_20_dt_5.50e-06_Nx_128_periodic_dtout_2>
Python,20,128,periodic,20,20,25p
NMG_Python_20_dt_5.50e-06_Nx_128_periodic_dtout_2025pphi.csv
Exception type : ValueError 
Exception message : could not convert string to float: '(-0.5392675015155758+0j)'
Stack trace : ['File : /sfs/gpfs/tardis/home/xpz5km/Cahn_Hilliard_Model_HPC/spinodal_decomp/compare_L2_error.py , Line : 86, Func.Name : compare_L2_error_at_timepoint, Message : snapshot_SAV = read_specific_lines(f"{root}/{SAV_fname}", line_list)', 'File : /sfs/gpfs/tardis/home/xpz5km/Cahn_Hilliard_Model_HPC/spinodal_decomp/compare_L2_error.py , Line : 19, Func.Name : read_specific_lines, Message : digits.append(float(i))']
match None
match None
match <re.Match object; span=(0, 64), match='SAV_Python_2000_dt_5.50e-06_Nx_256_periodic_dtout>
Python,2000,256,periodic,2000,2000,50p not recorded; dt_out too large.
match None
match <re.Match object; span=(0, 60), match='NMG_Python_20_dt_5.50e-06_Nx_256_periodic_dtout_2>
Python,20,256,periodic,20,20,25p
NMG_Python_20_dt_5.50e-06_Nx_256_periodic_dtout_2025pphi.csv
Exception type : ValueError 
Exception message : could not convert string to float: '(-0.4170151417869721+0j)'
Stack trace : ['File : /sfs/gpfs/tardis/home/xpz5km/Cahn_Hilliard_Model_HPC/spinodal_decomp/compare_L2_error.py , Line : 86, Func.Name : compare_L2_error_at_timepoint, Message : snapshot_SAV = read_specific_lines(f"{root}/{SAV_fname}", line_list)', 'File : /sfs/gpfs/tardis/home/xpz5km/Cahn_Hilliard_Model_HPC/spinodal_decomp/compare_L2_error.py , Line : 19, Func.Name : read_specific_lines, Message : digits.append(float(i))']
match <re.Match object; span=(0, 59), match='NMG_Python_20_dt_5.50e-06_Nx_512_neumann_dtout_20>
Python,20,512,neumann,20,20,50p
NMG_Python_20_dt_5.50e-06_Nx_512_neumann_dtout_2050pphi.csv
Exception type : ValueError 
Exception message : could not convert string to float: '(0.3765941854894782+0j)'
Stack trace : ['File : /sfs/gpfs/tardis/home/xpz5km/Cahn_Hilliard_Model_HPC/spinodal_decomp/compare_L2_error.py , Line : 86, Func.Name : compare_L2_error_at_timepoint, Message : snapshot_SAV = read_specific_lines(f"{root}/{SAV_fname}", line_list)', 'File : /sfs/gpfs/tardis/home/xpz5km/Cahn_Hilliard_Model_HPC/spinodal_decomp/compare_L2_error.py , Line : 19, Func.Name : read_specific_lines, Message : digits.append(float(i))']
match None
match None
match None
match None
match None
match None
match <re.Match object; span=(0, 64), match='SAV_Python_2000_dt_5.50e-06_Nx_512_periodic_dtout>
Python,2000,512,periodic,2000,2000,25p not recorded; dt_out too large.
match None
match None
match <re.Match object; span=(0, 63), match='SAV_Python_2000_dt_5.50e-06_Nx_64_periodic_dtout_>
Python,2000,64,periodic,2000,2000,75p not recorded; dt_out too large.
match None
match <re.Match object; span=(0, 64), match='SAV_Python_2000_dt_5.50e-06_Nx_256_periodic_dtout>
Python,2000,256,periodic,2000,2000,25p not recorded; dt_out too large.
match None
match None
match None
match None
match None
match None
match None
match None
match None
match None
match None
match None
match None
match None
match None
match None
match <re.Match object; span=(0, 61), match='SAV_Python_2000_dt_5.50e-06_Nx_64_periodic_dtout_>
match None
match None
match <re.Match object; span=(0, 63), match='SAV_Python_2000_dt_5.50e-06_Nx_256_neumann_dtout_>
Python,2000,256,neumann,2000,2000,75p not recorded; dt_out too large.
match None
match None
match <re.Match object; span=(0, 64), match='SAV_Python_2000_dt_5.50e-06_Nx_128_periodic_dtout>
Python,2000,128,periodic,2000,2000,75p not recorded; dt_out too large.
match None
match None
match None
match None
match None
match None
match <re.Match object; span=(0, 58), match='NMG_Python_20_dt_5.50e-06_Nx_128_neumann_dtout_12>
Python,20,128,neumann,1,1,25p
NMG_Python_20_dt_5.50e-06_Nx_128_neumann_dtout_125pphi.csv
Exception type : ValueError 
Exception message : could not convert string to float: '(-0.22114560904185984+0j)'
Stack trace : ['File : /sfs/gpfs/tardis/home/xpz5km/Cahn_Hilliard_Model_HPC/spinodal_decomp/compare_L2_error.py , Line : 86, Func.Name : compare_L2_error_at_timepoint, Message : snapshot_SAV = read_specific_lines(f"{root}/{SAV_fname}", line_list)', 'File : /sfs/gpfs/tardis/home/xpz5km/Cahn_Hilliard_Model_HPC/spinodal_decomp/compare_L2_error.py , Line : 19, Func.Name : read_specific_lines, Message : digits.append(float(i))']
match <re.Match object; span=(0, 64), match='SAV_Python_2000_dt_5.50e-06_Nx_256_periodic_dtout>
Python,2000,256,periodic,2000,2000,75p not recorded; dt_out too large.
match None
match None
match None
match None
match None
match <re.Match object; span=(0, 59), match='NMG_Python_20_dt_5.50e-06_Nx_256_neumann_dtout_20>
Python,20,256,neumann,20,20,50p
NMG_Python_20_dt_5.50e-06_Nx_256_neumann_dtout_2050pphi.csv
Exception type : ValueError 
Exception message : could not convert string to float: '(0.07069788833767843+0j)'
Stack trace : ['File : /sfs/gpfs/tardis/home/xpz5km/Cahn_Hilliard_Model_HPC/spinodal_decomp/compare_L2_error.py , Line : 86, Func.Name : compare_L2_error_at_timepoint, Message : snapshot_SAV = read_specific_lines(f"{root}/{SAV_fname}", line_list)', 'File : /sfs/gpfs/tardis/home/xpz5km/Cahn_Hilliard_Model_HPC/spinodal_decomp/compare_L2_error.py , Line : 19, Func.Name : read_specific_lines, Message : digits.append(float(i))']
match None
match None
match <re.Match object; span=(0, 61), match='SAV_Python_2000_dt_5.50e-06_Nx_64_periodic_dtout_>
match None
match <re.Match object; span=(0, 63), match='SAV_Python_2000_dt_5.50e-06_Nx_128_neumann_dtout_>
Python,2000,128,neumann,2000,2000,25p not recorded; dt_out too large.
match None
match None
match None
match None
match <re.Match object; span=(0, 58), match='NMG_Python_20_dt_5.50e-06_Nx_64_periodic_dtout_17>
Python,20,64,periodic,1,1,75p
NMG_Python_20_dt_5.50e-06_Nx_64_periodic_dtout_175pphi.csv
Exception type : ValueError 
Exception message : could not convert string to float: '(0.4983533817511253+0j)'
Stack trace : ['File : /sfs/gpfs/tardis/home/xpz5km/Cahn_Hilliard_Model_HPC/spinodal_decomp/compare_L2_error.py , Line : 86, Func.Name : compare_L2_error_at_timepoint, Message : snapshot_SAV = read_specific_lines(f"{root}/{SAV_fname}", line_list)', 'File : /sfs/gpfs/tardis/home/xpz5km/Cahn_Hilliard_Model_HPC/spinodal_decomp/compare_L2_error.py , Line : 19, Func.Name : read_specific_lines, Message : digits.append(float(i))']
match <re.Match object; span=(0, 61), match='SAV_Python_2000_dt_5.50e-06_Nx_256_neumann_dtout_>
match None
match None
match None
match None
match None
match <re.Match object; span=(0, 59), match='NMG_Python_20_dt_5.50e-06_Nx_256_periodic_dtout_1>
Python,20,256,periodic,1,1,50p
NMG_Python_20_dt_5.50e-06_Nx_256_periodic_dtout_150pphi.csv
Exception type : ValueError 
Exception message : could not convert string to float: '(0.0030358349081011787+0j)'
Stack trace : ['File : /sfs/gpfs/tardis/home/xpz5km/Cahn_Hilliard_Model_HPC/spinodal_decomp/compare_L2_error.py , Line : 86, Func.Name : compare_L2_error_at_timepoint, Message : snapshot_SAV = read_specific_lines(f"{root}/{SAV_fname}", line_list)', 'File : /sfs/gpfs/tardis/home/xpz5km/Cahn_Hilliard_Model_HPC/spinodal_decomp/compare_L2_error.py , Line : 19, Func.Name : read_specific_lines, Message : digits.append(float(i))']
match <re.Match object; span=(0, 61), match='SAV_Python_2000_dt_5.50e-06_Nx_64_periodic_dtout_>
match None
match <re.Match object; span=(0, 58), match='NMG_Python_20_dt_5.50e-06_Nx_128_neumann_dtout_17>
Python,20,128,neumann,1,1,75p
NMG_Python_20_dt_5.50e-06_Nx_128_neumann_dtout_175pphi.csv
Exception type : ValueError 
Exception message : could not convert string to float: '(0.7927589745111596+0j)'
Stack trace : ['File : /sfs/gpfs/tardis/home/xpz5km/Cahn_Hilliard_Model_HPC/spinodal_decomp/compare_L2_error.py , Line : 86, Func.Name : compare_L2_error_at_timepoint, Message : snapshot_SAV = read_specific_lines(f"{root}/{SAV_fname}", line_list)', 'File : /sfs/gpfs/tardis/home/xpz5km/Cahn_Hilliard_Model_HPC/spinodal_decomp/compare_L2_error.py , Line : 19, Func.Name : read_specific_lines, Message : digits.append(float(i))']
match None
match None
match <re.Match object; span=(0, 61), match='SAV_Python_2000_dt_5.50e-06_Nx_512_neumann_dtout_>
match None
match None
match None
match None
match None
match None
match None
match None
match None
match None
match <re.Match object; span=(0, 61), match='SAV_Python_2000_dt_5.50e-06_Nx_256_neumann_dtout_>
match None
match <re.Match object; span=(0, 57), match='NMG_Python_20_dt_5.50e-06_Nx_64_neumann_dtout_150>
Python,20,64,neumann,1,1,50p
NMG_Python_20_dt_5.50e-06_Nx_64_neumann_dtout_150pphi.csv
Exception type : ValueError 
Exception message : could not convert string to float: '(-0.5787874694531276+0j)'
Stack trace : ['File : /sfs/gpfs/tardis/home/xpz5km/Cahn_Hilliard_Model_HPC/spinodal_decomp/compare_L2_error.py , Line : 86, Func.Name : compare_L2_error_at_timepoint, Message : snapshot_SAV = read_specific_lines(f"{root}/{SAV_fname}", line_list)', 'File : /sfs/gpfs/tardis/home/xpz5km/Cahn_Hilliard_Model_HPC/spinodal_decomp/compare_L2_error.py , Line : 19, Func.Name : read_specific_lines, Message : digits.append(float(i))']
match None
match <re.Match object; span=(0, 58), match='NMG_Python_20_dt_5.50e-06_Nx_256_neumann_dtout_15>
Python,20,256,neumann,1,1,50p
NMG_Python_20_dt_5.50e-06_Nx_256_neumann_dtout_150pphi.csv
Exception type : ValueError 
Exception message : could not convert string to float: '(0.04767204224205431+0j)'
Stack trace : ['File : /sfs/gpfs/tardis/home/xpz5km/Cahn_Hilliard_Model_HPC/spinodal_decomp/compare_L2_error.py , Line : 86, Func.Name : compare_L2_error_at_timepoint, Message : snapshot_SAV = read_specific_lines(f"{root}/{SAV_fname}", line_list)', 'File : /sfs/gpfs/tardis/home/xpz5km/Cahn_Hilliard_Model_HPC/spinodal_decomp/compare_L2_error.py , Line : 19, Func.Name : read_specific_lines, Message : digits.append(float(i))']
match <re.Match object; span=(0, 58), match='NMG_Python_20_dt_5.50e-06_Nx_512_neumann_dtout_12>
Python,20,512,neumann,1,1,25p
NMG_Python_20_dt_5.50e-06_Nx_512_neumann_dtout_125pphi.csv
Exception type : ValueError 
Exception message : could not convert string to float: '(-0.29167710953292125+0j)'
Stack trace : ['File : /sfs/gpfs/tardis/home/xpz5km/Cahn_Hilliard_Model_HPC/spinodal_decomp/compare_L2_error.py , Line : 86, Func.Name : compare_L2_error_at_timepoint, Message : snapshot_SAV = read_specific_lines(f"{root}/{SAV_fname}", line_list)', 'File : /sfs/gpfs/tardis/home/xpz5km/Cahn_Hilliard_Model_HPC/spinodal_decomp/compare_L2_error.py , Line : 19, Func.Name : read_specific_lines, Message : digits.append(float(i))']
match None
match None
match <re.Match object; span=(0, 62), match='SAV_Python_2000_dt_5.50e-06_Nx_512_periodic_dtout>
match None
match None
match <re.Match object; span=(0, 63), match='SAV_Python_2000_dt_5.50e-06_Nx_128_neumann_dtout_>
Python,2000,128,neumann,2000,2000,50p not recorded; dt_out too large.
match None
match None
match <re.Match object; span=(0, 64), match='SAV_Python_2000_dt_5.50e-06_Nx_512_periodic_dtout>
Python,2000,512,periodic,2000,2000,50p not recorded; dt_out too large.
match <re.Match object; span=(0, 61), match='SAV_Python_2000_dt_5.50e-06_Nx_512_neumann_dtout_>
match None
match None
match None
match None
match <re.Match object; span=(0, 58), match='NMG_Python_20_dt_5.50e-06_Nx_256_neumann_dtout_17>
Python,20,256,neumann,1,1,75p
NMG_Python_20_dt_5.50e-06_Nx_256_neumann_dtout_175pphi.csv
Exception type : ValueError 
Exception message : could not convert string to float: '(0.47342598389413687+0j)'
Stack trace : ['File : /sfs/gpfs/tardis/home/xpz5km/Cahn_Hilliard_Model_HPC/spinodal_decomp/compare_L2_error.py , Line : 86, Func.Name : compare_L2_error_at_timepoint, Message : snapshot_SAV = read_specific_lines(f"{root}/{SAV_fname}", line_list)', 'File : /sfs/gpfs/tardis/home/xpz5km/Cahn_Hilliard_Model_HPC/spinodal_decomp/compare_L2_error.py , Line : 19, Func.Name : read_specific_lines, Message : digits.append(float(i))']
match None
match <re.Match object; span=(0, 61), match='SAV_Python_2000_dt_5.50e-06_Nx_128_neumann_dtout_>
match None
match None
match None
match None
match None
match <re.Match object; span=(0, 59), match='NMG_Python_20_dt_5.50e-06_Nx_128_neumann_dtout_20>
Python,20,128,neumann,20,20,50p
NMG_Python_20_dt_5.50e-06_Nx_128_neumann_dtout_2050pphi.csv
Exception type : ValueError 
Exception message : could not convert string to float: '(0.4578281761662219+0j)'
Stack trace : ['File : /sfs/gpfs/tardis/home/xpz5km/Cahn_Hilliard_Model_HPC/spinodal_decomp/compare_L2_error.py , Line : 86, Func.Name : compare_L2_error_at_timepoint, Message : snapshot_SAV = read_specific_lines(f"{root}/{SAV_fname}", line_list)', 'File : /sfs/gpfs/tardis/home/xpz5km/Cahn_Hilliard_Model_HPC/spinodal_decomp/compare_L2_error.py , Line : 19, Func.Name : read_specific_lines, Message : digits.append(float(i))']
match None
match <re.Match object; span=(0, 59), match='NMG_Python_20_dt_5.50e-06_Nx_128_periodic_dtout_1>
Python,20,128,periodic,1,1,50p
NMG_Python_20_dt_5.50e-06_Nx_128_periodic_dtout_150pphi.csv
Exception type : ValueError 
Exception message : could not convert string to float: '(-0.21485557750846127+0j)'
Stack trace : ['File : /sfs/gpfs/tardis/home/xpz5km/Cahn_Hilliard_Model_HPC/spinodal_decomp/compare_L2_error.py , Line : 86, Func.Name : compare_L2_error_at_timepoint, Message : snapshot_SAV = read_specific_lines(f"{root}/{SAV_fname}", line_list)', 'File : /sfs/gpfs/tardis/home/xpz5km/Cahn_Hilliard_Model_HPC/spinodal_decomp/compare_L2_error.py , Line : 19, Func.Name : read_specific_lines, Message : digits.append(float(i))']
match <re.Match object; span=(0, 58), match='NMG_Python_20_dt_5.50e-06_Nx_256_neumann_dtout_12>
Python,20,256,neumann,1,1,25p
NMG_Python_20_dt_5.50e-06_Nx_256_neumann_dtout_125pphi.csv
Exception type : ValueError 
Exception message : could not convert string to float: '(-0.39915205785927244+0j)'
Stack trace : ['File : /sfs/gpfs/tardis/home/xpz5km/Cahn_Hilliard_Model_HPC/spinodal_decomp/compare_L2_error.py , Line : 86, Func.Name : compare_L2_error_at_timepoint, Message : snapshot_SAV = read_specific_lines(f"{root}/{SAV_fname}", line_list)', 'File : /sfs/gpfs/tardis/home/xpz5km/Cahn_Hilliard_Model_HPC/spinodal_decomp/compare_L2_error.py , Line : 19, Func.Name : read_specific_lines, Message : digits.append(float(i))']
match None
match <re.Match object; span=(0, 57), match='NMG_Python_20_dt_5.50e-06_Nx_64_neumann_dtout_175>
Python,20,64,neumann,1,1,75p
NMG_Python_20_dt_5.50e-06_Nx_64_neumann_dtout_175pphi.csv
Exception type : ValueError 
Exception message : could not convert string to float: '(-0.09813500575177017+0j)'
Stack trace : ['File : /sfs/gpfs/tardis/home/xpz5km/Cahn_Hilliard_Model_HPC/spinodal_decomp/compare_L2_error.py , Line : 86, Func.Name : compare_L2_error_at_timepoint, Message : snapshot_SAV = read_specific_lines(f"{root}/{SAV_fname}", line_list)', 'File : /sfs/gpfs/tardis/home/xpz5km/Cahn_Hilliard_Model_HPC/spinodal_decomp/compare_L2_error.py , Line : 19, Func.Name : read_specific_lines, Message : digits.append(float(i))']
match None
match None
match None
match <re.Match object; span=(0, 59), match='NMG_Python_20_dt_5.50e-06_Nx_256_periodic_dtout_1>
Python,20,256,periodic,1,1,25p
NMG_Python_20_dt_5.50e-06_Nx_256_periodic_dtout_125pphi.csv
Exception type : ValueError 
Exception message : could not convert string to float: '(-0.42534474976417286+0j)'
Stack trace : ['File : /sfs/gpfs/tardis/home/xpz5km/Cahn_Hilliard_Model_HPC/spinodal_decomp/compare_L2_error.py , Line : 86, Func.Name : compare_L2_error_at_timepoint, Message : snapshot_SAV = read_specific_lines(f"{root}/{SAV_fname}", line_list)', 'File : /sfs/gpfs/tardis/home/xpz5km/Cahn_Hilliard_Model_HPC/spinodal_decomp/compare_L2_error.py , Line : 19, Func.Name : read_specific_lines, Message : digits.append(float(i))']
match <re.Match object; span=(0, 59), match='NMG_Python_20_dt_5.50e-06_Nx_64_periodic_dtout_20>
Python,20,64,periodic,20,20,25p
NMG_Python_20_dt_5.50e-06_Nx_64_periodic_dtout_2025pphi.csv
Exception type : ValueError 
Exception message : could not convert string to float: '(-0.2607501952412769+0j)'
Stack trace : ['File : /sfs/gpfs/tardis/home/xpz5km/Cahn_Hilliard_Model_HPC/spinodal_decomp/compare_L2_error.py , Line : 86, Func.Name : compare_L2_error_at_timepoint, Message : snapshot_SAV = read_specific_lines(f"{root}/{SAV_fname}", line_list)', 'File : /sfs/gpfs/tardis/home/xpz5km/Cahn_Hilliard_Model_HPC/spinodal_decomp/compare_L2_error.py , Line : 19, Func.Name : read_specific_lines, Message : digits.append(float(i))']
match None
match None
match <re.Match object; span=(0, 59), match='NMG_Python_20_dt_5.50e-06_Nx_512_periodic_dtout_1>
Python,20,512,periodic,1,1,50p
NMG_Python_20_dt_5.50e-06_Nx_512_periodic_dtout_150pphi.csv
Exception type : ValueError 
Exception message : could not convert string to float: '(0.1959985603472737+0j)'
Stack trace : ['File : /sfs/gpfs/tardis/home/xpz5km/Cahn_Hilliard_Model_HPC/spinodal_decomp/compare_L2_error.py , Line : 86, Func.Name : compare_L2_error_at_timepoint, Message : snapshot_SAV = read_specific_lines(f"{root}/{SAV_fname}", line_list)', 'File : /sfs/gpfs/tardis/home/xpz5km/Cahn_Hilliard_Model_HPC/spinodal_decomp/compare_L2_error.py , Line : 19, Func.Name : read_specific_lines, Message : digits.append(float(i))']
match None
match None
match None
match None
match None
match None
match None
match <re.Match object; span=(0, 63), match='SAV_Python_2000_dt_5.50e-06_Nx_512_neumann_dtout_>
Python,2000,512,neumann,2000,2000,50p not recorded; dt_out too large.
match <re.Match object; span=(0, 62), match='SAV_Python_2000_dt_5.50e-06_Nx_512_periodic_dtout>
match <re.Match object; span=(0, 63), match='SAV_Python_2000_dt_5.50e-06_Nx_512_neumann_dtout_>
Python,2000,512,neumann,2000,2000,75p not recorded; dt_out too large.
match None
match <re.Match object; span=(0, 60), match='NMG_Python_20_dt_5.50e-06_Nx_512_periodic_dtout_2>
Python,20,512,periodic,20,20,25p
NMG_Python_20_dt_5.50e-06_Nx_512_periodic_dtout_2025pphi.csv
Exception type : ValueError 
Exception message : could not convert string to float: '(-0.5924427840366981+0j)'
Stack trace : ['File : /sfs/gpfs/tardis/home/xpz5km/Cahn_Hilliard_Model_HPC/spinodal_decomp/compare_L2_error.py , Line : 86, Func.Name : compare_L2_error_at_timepoint, Message : snapshot_SAV = read_specific_lines(f"{root}/{SAV_fname}", line_list)', 'File : /sfs/gpfs/tardis/home/xpz5km/Cahn_Hilliard_Model_HPC/spinodal_decomp/compare_L2_error.py , Line : 19, Func.Name : read_specific_lines, Message : digits.append(float(i))']
match None
match <re.Match object; span=(0, 58), match='NMG_Python_20_dt_5.50e-06_Nx_64_neumann_dtout_205>
Python,20,64,neumann,20,20,50p
NMG_Python_20_dt_5.50e-06_Nx_64_neumann_dtout_2050pphi.csv
Exception type : ValueError 
Exception message : could not convert string to float: '(-0.8193172180077055+0j)'
Stack trace : ['File : /sfs/gpfs/tardis/home/xpz5km/Cahn_Hilliard_Model_HPC/spinodal_decomp/compare_L2_error.py , Line : 86, Func.Name : compare_L2_error_at_timepoint, Message : snapshot_SAV = read_specific_lines(f"{root}/{SAV_fname}", line_list)', 'File : /sfs/gpfs/tardis/home/xpz5km/Cahn_Hilliard_Model_HPC/spinodal_decomp/compare_L2_error.py , Line : 19, Func.Name : read_specific_lines, Message : digits.append(float(i))']
match <re.Match object; span=(0, 59), match='NMG_Python_20_dt_5.50e-06_Nx_128_neumann_dtout_20>
Python,20,128,neumann,20,20,75p
NMG_Python_20_dt_5.50e-06_Nx_128_neumann_dtout_2075pphi.csv
Exception type : ValueError 
Exception message : could not convert string to float: '(1.0070442820402468+0j)'
Stack trace : ['File : /sfs/gpfs/tardis/home/xpz5km/Cahn_Hilliard_Model_HPC/spinodal_decomp/compare_L2_error.py , Line : 86, Func.Name : compare_L2_error_at_timepoint, Message : snapshot_SAV = read_specific_lines(f"{root}/{SAV_fname}", line_list)', 'File : /sfs/gpfs/tardis/home/xpz5km/Cahn_Hilliard_Model_HPC/spinodal_decomp/compare_L2_error.py , Line : 19, Func.Name : read_specific_lines, Message : digits.append(float(i))']
match <re.Match object; span=(0, 57), match='NMG_Python_20_dt_5.50e-06_Nx_64_neumann_dtout_125>
Python,20,64,neumann,1,1,25p
NMG_Python_20_dt_5.50e-06_Nx_64_neumann_dtout_125pphi.csv
Exception type : ValueError 
Exception message : could not convert string to float: '(-0.6396370391811319+0j)'
Stack trace : ['File : /sfs/gpfs/tardis/home/xpz5km/Cahn_Hilliard_Model_HPC/spinodal_decomp/compare_L2_error.py , Line : 86, Func.Name : compare_L2_error_at_timepoint, Message : snapshot_SAV = read_specific_lines(f"{root}/{SAV_fname}", line_list)', 'File : /sfs/gpfs/tardis/home/xpz5km/Cahn_Hilliard_Model_HPC/spinodal_decomp/compare_L2_error.py , Line : 19, Func.Name : read_specific_lines, Message : digits.append(float(i))']
match None
match None
match None
match <re.Match object; span=(0, 62), match='SAV_Python_2000_dt_5.50e-06_Nx_64_neumann_dtout_2>
Python,2000,64,neumann,2000,2000,25p not recorded; dt_out too large.
match None
match None
match None
match <re.Match object; span=(0, 59), match='NMG_Python_20_dt_5.50e-06_Nx_512_periodic_dtout_1>
Python,20,512,periodic,1,1,25p
NMG_Python_20_dt_5.50e-06_Nx_512_periodic_dtout_125pphi.csv
Exception type : ValueError 
Exception message : could not convert string to float: '(-0.5333180238495805+0j)'
Stack trace : ['File : /sfs/gpfs/tardis/home/xpz5km/Cahn_Hilliard_Model_HPC/spinodal_decomp/compare_L2_error.py , Line : 86, Func.Name : compare_L2_error_at_timepoint, Message : snapshot_SAV = read_specific_lines(f"{root}/{SAV_fname}", line_list)', 'File : /sfs/gpfs/tardis/home/xpz5km/Cahn_Hilliard_Model_HPC/spinodal_decomp/compare_L2_error.py , Line : 19, Func.Name : read_specific_lines, Message : digits.append(float(i))']
match None
match <re.Match object; span=(0, 64), match='SAV_Python_2000_dt_5.50e-06_Nx_128_periodic_dtout>
Python,2000,128,periodic,2000,2000,25p not recorded; dt_out too large.
match <re.Match object; span=(0, 61), match='SAV_Python_2000_dt_5.50e-06_Nx_256_neumann_dtout_>
match None
match None
match None
match None
match <re.Match object; span=(0, 60), match='NMG_Python_20_dt_5.50e-06_Nx_512_periodic_dtout_2>
Python,20,512,periodic,20,20,50p
NMG_Python_20_dt_5.50e-06_Nx_512_periodic_dtout_2050pphi.csv
Exception type : ValueError 
Exception message : could not convert string to float: '(0.14766784652957254+0j)'
Stack trace : ['File : /sfs/gpfs/tardis/home/xpz5km/Cahn_Hilliard_Model_HPC/spinodal_decomp/compare_L2_error.py , Line : 86, Func.Name : compare_L2_error_at_timepoint, Message : snapshot_SAV = read_specific_lines(f"{root}/{SAV_fname}", line_list)', 'File : /sfs/gpfs/tardis/home/xpz5km/Cahn_Hilliard_Model_HPC/spinodal_decomp/compare_L2_error.py , Line : 19, Func.Name : read_specific_lines, Message : digits.append(float(i))']
match <re.Match object; span=(0, 64), match='SAV_Python_2000_dt_5.50e-06_Nx_512_periodic_dtout>
Python,2000,512,periodic,2000,2000,75p not recorded; dt_out too large.
match None
match None
match None
match None
match None
match <re.Match object; span=(0, 59), match='NMG_Python_20_dt_5.50e-06_Nx_128_periodic_dtout_1>
Python,20,128,periodic,1,1,75p
NMG_Python_20_dt_5.50e-06_Nx_128_periodic_dtout_175pphi.csv
Exception type : ValueError 
Exception message : could not convert string to float: '(0.4857035447687375+0j)'
Stack trace : ['File : /sfs/gpfs/tardis/home/xpz5km/Cahn_Hilliard_Model_HPC/spinodal_decomp/compare_L2_error.py , Line : 86, Func.Name : compare_L2_error_at_timepoint, Message : snapshot_SAV = read_specific_lines(f"{root}/{SAV_fname}", line_list)', 'File : /sfs/gpfs/tardis/home/xpz5km/Cahn_Hilliard_Model_HPC/spinodal_decomp/compare_L2_error.py , Line : 19, Func.Name : read_specific_lines, Message : digits.append(float(i))']
match <re.Match object; span=(0, 59), match='NMG_Python_20_dt_5.50e-06_Nx_512_periodic_dtout_1>
Python,20,512,periodic,1,1,75p
NMG_Python_20_dt_5.50e-06_Nx_512_periodic_dtout_175pphi.csv
Exception type : ValueError 
Exception message : could not convert string to float: '(0.5452878822249878+0j)'
Stack trace : ['File : /sfs/gpfs/tardis/home/xpz5km/Cahn_Hilliard_Model_HPC/spinodal_decomp/compare_L2_error.py , Line : 86, Func.Name : compare_L2_error_at_timepoint, Message : snapshot_SAV = read_specific_lines(f"{root}/{SAV_fname}", line_list)', 'File : /sfs/gpfs/tardis/home/xpz5km/Cahn_Hilliard_Model_HPC/spinodal_decomp/compare_L2_error.py , Line : 19, Func.Name : read_specific_lines, Message : digits.append(float(i))']
match None
match None
match None
match None
match <re.Match object; span=(0, 62), match='SAV_Python_2000_dt_5.50e-06_Nx_512_periodic_dtout>
match <re.Match object; span=(0, 62), match='SAV_Python_2000_dt_5.50e-06_Nx_128_periodic_dtout>
match None
match <re.Match object; span=(0, 58), match='NMG_Python_20_dt_5.50e-06_Nx_128_neumann_dtout_15>
Python,20,128,neumann,1,1,50p
NMG_Python_20_dt_5.50e-06_Nx_128_neumann_dtout_150pphi.csv
Exception type : ValueError 
Exception message : could not convert string to float: '(-0.08466387523768457+0j)'
Stack trace : ['File : /sfs/gpfs/tardis/home/xpz5km/Cahn_Hilliard_Model_HPC/spinodal_decomp/compare_L2_error.py , Line : 86, Func.Name : compare_L2_error_at_timepoint, Message : snapshot_SAV = read_specific_lines(f"{root}/{SAV_fname}", line_list)', 'File : /sfs/gpfs/tardis/home/xpz5km/Cahn_Hilliard_Model_HPC/spinodal_decomp/compare_L2_error.py , Line : 19, Func.Name : read_specific_lines, Message : digits.append(float(i))']
match None
match None
match None
match <re.Match object; span=(0, 63), match='SAV_Python_2000_dt_5.50e-06_Nx_64_periodic_dtout_>
Python,2000,64,periodic,2000,2000,25p not recorded; dt_out too large.
match None
match None
match None
match None
match None
match None
match None
match None
match None
match <re.Match object; span=(0, 60), match='NMG_Python_20_dt_5.50e-06_Nx_128_periodic_dtout_2>
Python,20,128,periodic,20,20,75p
NMG_Python_20_dt_5.50e-06_Nx_128_periodic_dtout_2075pphi.csv
Exception type : ValueError 
Exception message : could not convert string to float: '(-0.2259011345264694+0j)'
Stack trace : ['File : /sfs/gpfs/tardis/home/xpz5km/Cahn_Hilliard_Model_HPC/spinodal_decomp/compare_L2_error.py , Line : 86, Func.Name : compare_L2_error_at_timepoint, Message : snapshot_SAV = read_specific_lines(f"{root}/{SAV_fname}", line_list)', 'File : /sfs/gpfs/tardis/home/xpz5km/Cahn_Hilliard_Model_HPC/spinodal_decomp/compare_L2_error.py , Line : 19, Func.Name : read_specific_lines, Message : digits.append(float(i))']
match <re.Match object; span=(0, 62), match='SAV_Python_2000_dt_5.50e-06_Nx_64_neumann_dtout_2>
Python,2000,64,neumann,2000,2000,50p not recorded; dt_out too large.
match <re.Match object; span=(0, 64), match='SAV_Python_2000_dt_5.50e-06_Nx_128_periodic_dtout>
Python,2000,128,periodic,2000,2000,50p not recorded; dt_out too large.
match None
match None
match None
match None
match <re.Match object; span=(0, 60), match='NMG_Python_20_dt_5.50e-06_Nx_256_periodic_dtout_2>
Python,20,256,periodic,20,20,75p
NMG_Python_20_dt_5.50e-06_Nx_256_periodic_dtout_2075pphi.csv
Exception type : ValueError 
Exception message : could not convert string to float: '(0.4813657808640433+0j)'
Stack trace : ['File : /sfs/gpfs/tardis/home/xpz5km/Cahn_Hilliard_Model_HPC/spinodal_decomp/compare_L2_error.py , Line : 86, Func.Name : compare_L2_error_at_timepoint, Message : snapshot_SAV = read_specific_lines(f"{root}/{SAV_fname}", line_list)', 'File : /sfs/gpfs/tardis/home/xpz5km/Cahn_Hilliard_Model_HPC/spinodal_decomp/compare_L2_error.py , Line : 19, Func.Name : read_specific_lines, Message : digits.append(float(i))']
match <re.Match object; span=(0, 58), match='NMG_Python_20_dt_5.50e-06_Nx_512_neumann_dtout_17>
Python,20,512,neumann,1,1,75p
NMG_Python_20_dt_5.50e-06_Nx_512_neumann_dtout_175pphi.csv
Exception type : ValueError 
Exception message : could not convert string to float: '(0.6312149083023709+0j)'
Stack trace : ['File : /sfs/gpfs/tardis/home/xpz5km/Cahn_Hilliard_Model_HPC/spinodal_decomp/compare_L2_error.py , Line : 86, Func.Name : compare_L2_error_at_timepoint, Message : snapshot_SAV = read_specific_lines(f"{root}/{SAV_fname}", line_list)', 'File : /sfs/gpfs/tardis/home/xpz5km/Cahn_Hilliard_Model_HPC/spinodal_decomp/compare_L2_error.py , Line : 19, Func.Name : read_specific_lines, Message : digits.append(float(i))']
match <re.Match object; span=(0, 58), match='NMG_Python_20_dt_5.50e-06_Nx_64_neumann_dtout_202>
Python,20,64,neumann,20,20,25p
NMG_Python_20_dt_5.50e-06_Nx_64_neumann_dtout_2025pphi.csv
Exception type : ValueError 
Exception message : could not convert string to float: '(-0.9129498158047057+0j)'
Stack trace : ['File : /sfs/gpfs/tardis/home/xpz5km/Cahn_Hilliard_Model_HPC/spinodal_decomp/compare_L2_error.py , Line : 86, Func.Name : compare_L2_error_at_timepoint, Message : snapshot_SAV = read_specific_lines(f"{root}/{SAV_fname}", line_list)', 'File : /sfs/gpfs/tardis/home/xpz5km/Cahn_Hilliard_Model_HPC/spinodal_decomp/compare_L2_error.py , Line : 19, Func.Name : read_specific_lines, Message : digits.append(float(i))']
match <re.Match object; span=(0, 58), match='NMG_Python_20_dt_5.50e-06_Nx_64_neumann_dtout_207>
Python,20,64,neumann,20,20,75p
NMG_Python_20_dt_5.50e-06_Nx_64_neumann_dtout_2075pphi.csv
Exception type : ValueError 
Exception message : could not convert string to float: '(-0.3181784942992353+0j)'
Stack trace : ['File : /sfs/gpfs/tardis/home/xpz5km/Cahn_Hilliard_Model_HPC/spinodal_decomp/compare_L2_error.py , Line : 86, Func.Name : compare_L2_error_at_timepoint, Message : snapshot_SAV = read_specific_lines(f"{root}/{SAV_fname}", line_list)', 'File : /sfs/gpfs/tardis/home/xpz5km/Cahn_Hilliard_Model_HPC/spinodal_decomp/compare_L2_error.py , Line : 19, Func.Name : read_specific_lines, Message : digits.append(float(i))']
match None
match None
match <re.Match object; span=(0, 62), match='SAV_Python_2000_dt_5.50e-06_Nx_128_periodic_dtout>
match <re.Match object; span=(0, 60), match='SAV_Python_2000_dt_5.50e-06_Nx_64_neumann_dtout_1>
match <re.Match object; span=(0, 63), match='SAV_Python_2000_dt_5.50e-06_Nx_64_periodic_dtout_>
Python,2000,64,periodic,2000,2000,50p not recorded; dt_out too large.
match <re.Match object; span=(0, 60), match='NMG_Python_20_dt_5.50e-06_Nx_512_periodic_dtout_2>
Python,20,512,periodic,20,20,75p
NMG_Python_20_dt_5.50e-06_Nx_512_periodic_dtout_2075pphi.csv
Exception type : ValueError 
Exception message : could not convert string to float: '(0.5212796069949747+0j)'
Stack trace : ['File : /sfs/gpfs/tardis/home/xpz5km/Cahn_Hilliard_Model_HPC/spinodal_decomp/compare_L2_error.py , Line : 86, Func.Name : compare_L2_error_at_timepoint, Message : snapshot_SAV = read_specific_lines(f"{root}/{SAV_fname}", line_list)', 'File : /sfs/gpfs/tardis/home/xpz5km/Cahn_Hilliard_Model_HPC/spinodal_decomp/compare_L2_error.py , Line : 19, Func.Name : read_specific_lines, Message : digits.append(float(i))']
match None
match <re.Match object; span=(0, 59), match='NMG_Python_20_dt_5.50e-06_Nx_512_neumann_dtout_20>
Python,20,512,neumann,20,20,25p
NMG_Python_20_dt_5.50e-06_Nx_512_neumann_dtout_2025pphi.csv
Exception type : ValueError 
Exception message : could not convert string to float: '(-0.19931155268433487+0j)'
Stack trace : ['File : /sfs/gpfs/tardis/home/xpz5km/Cahn_Hilliard_Model_HPC/spinodal_decomp/compare_L2_error.py , Line : 86, Func.Name : compare_L2_error_at_timepoint, Message : snapshot_SAV = read_specific_lines(f"{root}/{SAV_fname}", line_list)', 'File : /sfs/gpfs/tardis/home/xpz5km/Cahn_Hilliard_Model_HPC/spinodal_decomp/compare_L2_error.py , Line : 19, Func.Name : read_specific_lines, Message : digits.append(float(i))']
match <re.Match object; span=(0, 58), match='NMG_Python_20_dt_5.50e-06_Nx_512_neumann_dtout_15>
Python,20,512,neumann,1,1,50p
NMG_Python_20_dt_5.50e-06_Nx_512_neumann_dtout_150pphi.csv
Exception type : ValueError 
Exception message : could not convert string to float: '(0.8451303902638081+0j)'
Stack trace : ['File : /sfs/gpfs/tardis/home/xpz5km/Cahn_Hilliard_Model_HPC/spinodal_decomp/compare_L2_error.py , Line : 86, Func.Name : compare_L2_error_at_timepoint, Message : snapshot_SAV = read_specific_lines(f"{root}/{SAV_fname}", line_list)', 'File : /sfs/gpfs/tardis/home/xpz5km/Cahn_Hilliard_Model_HPC/spinodal_decomp/compare_L2_error.py , Line : 19, Func.Name : read_specific_lines, Message : digits.append(float(i))']
match <re.Match object; span=(0, 58), match='NMG_Python_20_dt_5.50e-06_Nx_64_periodic_dtout_12>
Python,20,64,periodic,1,1,25p
NMG_Python_20_dt_5.50e-06_Nx_64_periodic_dtout_125pphi.csv
Exception type : ValueError 
Exception message : could not convert string to float: '(-0.5008660561971756+0j)'
Stack trace : ['File : /sfs/gpfs/tardis/home/xpz5km/Cahn_Hilliard_Model_HPC/spinodal_decomp/compare_L2_error.py , Line : 86, Func.Name : compare_L2_error_at_timepoint, Message : snapshot_SAV = read_specific_lines(f"{root}/{SAV_fname}", line_list)', 'File : /sfs/gpfs/tardis/home/xpz5km/Cahn_Hilliard_Model_HPC/spinodal_decomp/compare_L2_error.py , Line : 19, Func.Name : read_specific_lines, Message : digits.append(float(i))']
match None
match <re.Match object; span=(0, 62), match='SAV_Python_2000_dt_5.50e-06_Nx_256_periodic_dtout>
match <re.Match object; span=(0, 63), match='SAV_Python_2000_dt_5.50e-06_Nx_128_neumann_dtout_>
Python,2000,128,neumann,2000,2000,75p not recorded; dt_out too large.
match <re.Match object; span=(0, 60), match='NMG_Python_20_dt_5.50e-06_Nx_128_periodic_dtout_2>
Python,20,128,periodic,20,20,50p
NMG_Python_20_dt_5.50e-06_Nx_128_periodic_dtout_2050pphi.csv
Exception type : ValueError 
Exception message : could not convert string to float: '(-0.3095721867886947+0j)'
Stack trace : ['File : /sfs/gpfs/tardis/home/xpz5km/Cahn_Hilliard_Model_HPC/spinodal_decomp/compare_L2_error.py , Line : 86, Func.Name : compare_L2_error_at_timepoint, Message : snapshot_SAV = read_specific_lines(f"{root}/{SAV_fname}", line_list)', 'File : /sfs/gpfs/tardis/home/xpz5km/Cahn_Hilliard_Model_HPC/spinodal_decomp/compare_L2_error.py , Line : 19, Func.Name : read_specific_lines, Message : digits.append(float(i))']
match None
match None
match None
match <re.Match object; span=(0, 60), match='NMG_Python_20_dt_5.50e-06_Nx_256_periodic_dtout_2>
Python,20,256,periodic,20,20,50p
NMG_Python_20_dt_5.50e-06_Nx_256_periodic_dtout_2050pphi.csv
Exception type : ValueError 
Exception message : could not convert string to float: '(0.010506962033912721+0j)'
Stack trace : ['File : /sfs/gpfs/tardis/home/xpz5km/Cahn_Hilliard_Model_HPC/spinodal_decomp/compare_L2_error.py , Line : 86, Func.Name : compare_L2_error_at_timepoint, Message : snapshot_SAV = read_specific_lines(f"{root}/{SAV_fname}", line_list)', 'File : /sfs/gpfs/tardis/home/xpz5km/Cahn_Hilliard_Model_HPC/spinodal_decomp/compare_L2_error.py , Line : 19, Func.Name : read_specific_lines, Message : digits.append(float(i))']
match None
match <re.Match object; span=(0, 62), match='SAV_Python_2000_dt_5.50e-06_Nx_256_periodic_dtout>
match None
match <re.Match object; span=(0, 63), match='SAV_Python_2000_dt_5.50e-06_Nx_256_neumann_dtout_>
Python,2000,256,neumann,2000,2000,50p not recorded; dt_out too large.
match None
match None
match <re.Match object; span=(0, 59), match='NMG_Python_20_dt_5.50e-06_Nx_64_periodic_dtout_20>
Python,20,64,periodic,20,20,50p
NMG_Python_20_dt_5.50e-06_Nx_64_periodic_dtout_2050pphi.csv
Exception type : ValueError 
Exception message : could not convert string to float: '(-0.4179450898314091+0j)'
Stack trace : ['File : /sfs/gpfs/tardis/home/xpz5km/Cahn_Hilliard_Model_HPC/spinodal_decomp/compare_L2_error.py , Line : 86, Func.Name : compare_L2_error_at_timepoint, Message : snapshot_SAV = read_specific_lines(f"{root}/{SAV_fname}", line_list)', 'File : /sfs/gpfs/tardis/home/xpz5km/Cahn_Hilliard_Model_HPC/spinodal_decomp/compare_L2_error.py , Line : 19, Func.Name : read_specific_lines, Message : digits.append(float(i))']
match <re.Match object; span=(0, 63), match='SAV_Python_2000_dt_5.50e-06_Nx_512_neumann_dtout_>
Python,2000,512,neumann,2000,2000,25p not recorded; dt_out too large.
match None
match <re.Match object; span=(0, 59), match='NMG_Python_20_dt_5.50e-06_Nx_512_neumann_dtout_20>
Python,20,512,neumann,20,20,75p
NMG_Python_20_dt_5.50e-06_Nx_512_neumann_dtout_2075pphi.csv
Exception type : ValueError 
Exception message : could not convert string to float: '(0.6537176705314839+0j)'
Stack trace : ['File : /sfs/gpfs/tardis/home/xpz5km/Cahn_Hilliard_Model_HPC/spinodal_decomp/compare_L2_error.py , Line : 86, Func.Name : compare_L2_error_at_timepoint, Message : snapshot_SAV = read_specific_lines(f"{root}/{SAV_fname}", line_list)', 'File : /sfs/gpfs/tardis/home/xpz5km/Cahn_Hilliard_Model_HPC/spinodal_decomp/compare_L2_error.py , Line : 19, Func.Name : read_specific_lines, Message : digits.append(float(i))']
match None
match None
match <re.Match object; span=(0, 59), match='NMG_Python_20_dt_5.50e-06_Nx_256_neumann_dtout_20>
Python,20,256,neumann,20,20,25p
NMG_Python_20_dt_5.50e-06_Nx_256_neumann_dtout_2025pphi.csv
Exception type : ValueError 
Exception message : could not convert string to float: '(-0.32927592388756166+0j)'
Stack trace : ['File : /sfs/gpfs/tardis/home/xpz5km/Cahn_Hilliard_Model_HPC/spinodal_decomp/compare_L2_error.py , Line : 86, Func.Name : compare_L2_error_at_timepoint, Message : snapshot_SAV = read_specific_lines(f"{root}/{SAV_fname}", line_list)', 'File : /sfs/gpfs/tardis/home/xpz5km/Cahn_Hilliard_Model_HPC/spinodal_decomp/compare_L2_error.py , Line : 19, Func.Name : read_specific_lines, Message : digits.append(float(i))']
match <re.Match object; span=(0, 61), match='SAV_Python_2000_dt_5.50e-06_Nx_512_neumann_dtout_>
match None
match None
match None
match <re.Match object; span=(0, 62), match='SAV_Python_2000_dt_5.50e-06_Nx_64_neumann_dtout_2>
Python,2000,64,neumann,2000,2000,75p not recorded; dt_out too large.
match None
match None
match None
match None
match None
match None
match None
match None
match <re.Match object; span=(0, 59), match='NMG_Python_20_dt_5.50e-06_Nx_128_neumann_dtout_20>
Python,20,128,neumann,20,20,25p
NMG_Python_20_dt_5.50e-06_Nx_128_neumann_dtout_2025pphi.csv
Exception type : ValueError 
Exception message : could not convert string to float: '(-0.10276645075364461+0j)'
Stack trace : ['File : /sfs/gpfs/tardis/home/xpz5km/Cahn_Hilliard_Model_HPC/spinodal_decomp/compare_L2_error.py , Line : 86, Func.Name : compare_L2_error_at_timepoint, Message : snapshot_SAV = read_specific_lines(f"{root}/{SAV_fname}", line_list)', 'File : /sfs/gpfs/tardis/home/xpz5km/Cahn_Hilliard_Model_HPC/spinodal_decomp/compare_L2_error.py , Line : 19, Func.Name : read_specific_lines, Message : digits.append(float(i))']
match None
match <re.Match object; span=(0, 62), match='SAV_Python_2000_dt_5.50e-06_Nx_256_periodic_dtout>
match <re.Match object; span=(0, 59), match='NMG_Python_20_dt_5.50e-06_Nx_64_periodic_dtout_20>
Python,20,64,periodic,20,20,75p
NMG_Python_20_dt_5.50e-06_Nx_64_periodic_dtout_2075pphi.csv
Exception type : ValueError 
Exception message : could not convert string to float: '(0.36662716665050266+0j)'
Stack trace : ['File : /sfs/gpfs/tardis/home/xpz5km/Cahn_Hilliard_Model_HPC/spinodal_decomp/compare_L2_error.py , Line : 86, Func.Name : compare_L2_error_at_timepoint, Message : snapshot_SAV = read_specific_lines(f"{root}/{SAV_fname}", line_list)', 'File : /sfs/gpfs/tardis/home/xpz5km/Cahn_Hilliard_Model_HPC/spinodal_decomp/compare_L2_error.py , Line : 19, Func.Name : read_specific_lines, Message : digits.append(float(i))']
match None
match <re.Match object; span=(0, 59), match='NMG_Python_20_dt_5.50e-06_Nx_256_periodic_dtout_1>
Python,20,256,periodic,1,1,75p
NMG_Python_20_dt_5.50e-06_Nx_256_periodic_dtout_175pphi.csv
Exception type : ValueError 
Exception message : could not convert string to float: '(0.5617640459808029+0j)'
Stack trace : ['File : /sfs/gpfs/tardis/home/xpz5km/Cahn_Hilliard_Model_HPC/spinodal_decomp/compare_L2_error.py , Line : 86, Func.Name : compare_L2_error_at_timepoint, Message : snapshot_SAV = read_specific_lines(f"{root}/{SAV_fname}", line_list)', 'File : /sfs/gpfs/tardis/home/xpz5km/Cahn_Hilliard_Model_HPC/spinodal_decomp/compare_L2_error.py , Line : 19, Func.Name : read_specific_lines, Message : digits.append(float(i))']
match <re.Match object; span=(0, 58), match='NMG_Python_20_dt_5.50e-06_Nx_64_periodic_dtout_15>
Python,20,64,periodic,1,1,50p
NMG_Python_20_dt_5.50e-06_Nx_64_periodic_dtout_150pphi.csv
Exception type : ValueError 
Exception message : could not convert string to float: '(-0.29579837311158114+0j)'
Stack trace : ['File : /sfs/gpfs/tardis/home/xpz5km/Cahn_Hilliard_Model_HPC/spinodal_decomp/compare_L2_error.py , Line : 86, Func.Name : compare_L2_error_at_timepoint, Message : snapshot_SAV = read_specific_lines(f"{root}/{SAV_fname}", line_list)', 'File : /sfs/gpfs/tardis/home/xpz5km/Cahn_Hilliard_Model_HPC/spinodal_decomp/compare_L2_error.py , Line : 19, Func.Name : read_specific_lines, Message : digits.append(float(i))']
match <re.Match object; span=(0, 60), match='SAV_Python_2000_dt_5.50e-06_Nx_64_neumann_dtout_1>
match <re.Match object; span=(0, 59), match='NMG_Python_20_dt_5.50e-06_Nx_128_periodic_dtout_1>
Python,20,128,periodic,1,1,25p
NMG_Python_20_dt_5.50e-06_Nx_128_periodic_dtout_125pphi.csv
Exception type : ValueError 
Exception message : could not convert string to float: '(-0.5309311633763835+0j)'
Stack trace : ['File : /sfs/gpfs/tardis/home/xpz5km/Cahn_Hilliard_Model_HPC/spinodal_decomp/compare_L2_error.py , Line : 86, Func.Name : compare_L2_error_at_timepoint, Message : snapshot_SAV = read_specific_lines(f"{root}/{SAV_fname}", line_list)', 'File : /sfs/gpfs/tardis/home/xpz5km/Cahn_Hilliard_Model_HPC/spinodal_decomp/compare_L2_error.py , Line : 19, Func.Name : read_specific_lines, Message : digits.append(float(i))']
match None
match None
match None
match None
match None
match <re.Match object; span=(0, 61), match='SAV_Python_2000_dt_5.50e-06_Nx_128_neumann_dtout_>
match None
match <re.Match object; span=(0, 60), match='SAV_Python_2000_dt_5.50e-06_Nx_64_neumann_dtout_1>
match None
6
match None
match None
match <re.Match object; span=(0, 59), match='NMG_Python_20_dt_5.50e-06_Nx_256_neumann_dtout_20>
Python,20,256,neumann,20,20,75p
NMG_Python_20_dt_5.50e-06_Nx_256_neumann_dtout_2075pphi.csv
Exception type : ValueError 
Exception message : could not convert string to float: '(0.41950652511946407+0j)'
Stack trace : ['File : /sfs/gpfs/tardis/home/xpz5km/Cahn_Hilliard_Model_HPC/spinodal_decomp/compare_L2_error.py , Line : 86, Func.Name : compare_L2_error_at_timepoint, Message : snapshot_SAV = read_specific_lines(f"{root}/{SAV_fname}", line_list)', 'File : /sfs/gpfs/tardis/home/xpz5km/Cahn_Hilliard_Model_HPC/spinodal_decomp/compare_L2_error.py , Line : 19, Func.Name : read_specific_lines, Message : digits.append(float(i))']
match None
match None
match None
match None
match None
match None
match None
match <re.Match object; span=(0, 62), match='SAV_Python_2000_dt_5.50e-06_Nx_128_periodic_dtout>
match None
match None
match None
match None
match None
match None
match None
match None
match None
match None
match <re.Match object; span=(0, 63), match='SAV_Python_2000_dt_5.50e-06_Nx_256_neumann_dtout_>
Python,2000,256,neumann,2000,2000,25p not recorded; dt_out too large.
match <re.Match object; span=(0, 61), match='SAV_Python_2000_dt_5.50e-06_Nx_128_neumann_dtout_>
match <re.Match object; span=(0, 60), match='NMG_Python_20_dt_5.50e-06_Nx_128_periodic_dtout_2>
Python,20,128,periodic,20,20,25p
NMG_Python_20_dt_5.50e-06_Nx_128_periodic_dtout_2025pphi.csv
Exception type : ValueError 
Exception message : could not convert string to float: '(-0.5392675015155758+0j)'
Stack trace : ['File : /sfs/gpfs/tardis/home/xpz5km/Cahn_Hilliard_Model_HPC/spinodal_decomp/compare_L2_error.py , Line : 86, Func.Name : compare_L2_error_at_timepoint, Message : snapshot_SAV = read_specific_lines(f"{root}/{SAV_fname}", line_list)', 'File : /sfs/gpfs/tardis/home/xpz5km/Cahn_Hilliard_Model_HPC/spinodal_decomp/compare_L2_error.py , Line : 19, Func.Name : read_specific_lines, Message : digits.append(float(i))']
match None
match None
match <re.Match object; span=(0, 64), match='SAV_Python_2000_dt_5.50e-06_Nx_256_periodic_dtout>
Python,2000,256,periodic,2000,2000,50p not recorded; dt_out too large.
match None
match <re.Match object; span=(0, 60), match='NMG_Python_20_dt_5.50e-06_Nx_256_periodic_dtout_2>
Python,20,256,periodic,20,20,25p
NMG_Python_20_dt_5.50e-06_Nx_256_periodic_dtout_2025pphi.csv
Exception type : ValueError 
Exception message : could not convert string to float: '(-0.4170151417869721+0j)'
Stack trace : ['File : /sfs/gpfs/tardis/home/xpz5km/Cahn_Hilliard_Model_HPC/spinodal_decomp/compare_L2_error.py , Line : 86, Func.Name : compare_L2_error_at_timepoint, Message : snapshot_SAV = read_specific_lines(f"{root}/{SAV_fname}", line_list)', 'File : /sfs/gpfs/tardis/home/xpz5km/Cahn_Hilliard_Model_HPC/spinodal_decomp/compare_L2_error.py , Line : 19, Func.Name : read_specific_lines, Message : digits.append(float(i))']
match <re.Match object; span=(0, 59), match='NMG_Python_20_dt_5.50e-06_Nx_512_neumann_dtout_20>
Python,20,512,neumann,20,20,50p
NMG_Python_20_dt_5.50e-06_Nx_512_neumann_dtout_2050pphi.csv
Exception type : ValueError 
Exception message : could not convert string to float: '(0.3765941854894782+0j)'
Stack trace : ['File : /sfs/gpfs/tardis/home/xpz5km/Cahn_Hilliard_Model_HPC/spinodal_decomp/compare_L2_error.py , Line : 86, Func.Name : compare_L2_error_at_timepoint, Message : snapshot_SAV = read_specific_lines(f"{root}/{SAV_fname}", line_list)', 'File : /sfs/gpfs/tardis/home/xpz5km/Cahn_Hilliard_Model_HPC/spinodal_decomp/compare_L2_error.py , Line : 19, Func.Name : read_specific_lines, Message : digits.append(float(i))']
match None
match None
match None
match None
match None
match None
match <re.Match object; span=(0, 64), match='SAV_Python_2000_dt_5.50e-06_Nx_512_periodic_dtout>
Python,2000,512,periodic,2000,2000,25p not recorded; dt_out too large.
match None
match None
match <re.Match object; span=(0, 63), match='SAV_Python_2000_dt_5.50e-06_Nx_64_periodic_dtout_>
Python,2000,64,periodic,2000,2000,75p not recorded; dt_out too large.
match None
match <re.Match object; span=(0, 64), match='SAV_Python_2000_dt_5.50e-06_Nx_256_periodic_dtout>
Python,2000,256,periodic,2000,2000,25p not recorded; dt_out too large.
match None
match None
match None
match None
match None
match None
match None
match None
match None
match None
match None
match None
match None
match None
match None
match None
match <re.Match object; span=(0, 61), match='SAV_Python_2000_dt_5.50e-06_Nx_64_periodic_dtout_>
match None
match None
match <re.Match object; span=(0, 63), match='SAV_Python_2000_dt_5.50e-06_Nx_256_neumann_dtout_>
Python,2000,256,neumann,2000,2000,75p not recorded; dt_out too large.
match None
match None
match <re.Match object; span=(0, 64), match='SAV_Python_2000_dt_5.50e-06_Nx_128_periodic_dtout>
Python,2000,128,periodic,2000,2000,75p not recorded; dt_out too large.
match None
match None
match None
match None
match None
match None
match <re.Match object; span=(0, 58), match='NMG_Python_20_dt_5.50e-06_Nx_128_neumann_dtout_12>
Python,20,128,neumann,1,1,25p
NMG_Python_20_dt_5.50e-06_Nx_128_neumann_dtout_125pphi.csv
Exception type : ValueError 
Exception message : could not convert string to float: '(-0.21666491740477153+0j)'
Stack trace : ['File : /sfs/gpfs/tardis/home/xpz5km/Cahn_Hilliard_Model_HPC/spinodal_decomp/compare_L2_error.py , Line : 86, Func.Name : compare_L2_error_at_timepoint, Message : snapshot_SAV = read_specific_lines(f"{root}/{SAV_fname}", line_list)', 'File : /sfs/gpfs/tardis/home/xpz5km/Cahn_Hilliard_Model_HPC/spinodal_decomp/compare_L2_error.py , Line : 19, Func.Name : read_specific_lines, Message : digits.append(float(i))']
match <re.Match object; span=(0, 64), match='SAV_Python_2000_dt_5.50e-06_Nx_256_periodic_dtout>
Python,2000,256,periodic,2000,2000,75p not recorded; dt_out too large.
match None
match None
match None
match None
match None
match <re.Match object; span=(0, 59), match='NMG_Python_20_dt_5.50e-06_Nx_256_neumann_dtout_20>
Python,20,256,neumann,20,20,50p
NMG_Python_20_dt_5.50e-06_Nx_256_neumann_dtout_2050pphi.csv
Exception type : ValueError 
Exception message : could not convert string to float: '(0.07069788833767843+0j)'
Stack trace : ['File : /sfs/gpfs/tardis/home/xpz5km/Cahn_Hilliard_Model_HPC/spinodal_decomp/compare_L2_error.py , Line : 86, Func.Name : compare_L2_error_at_timepoint, Message : snapshot_SAV = read_specific_lines(f"{root}/{SAV_fname}", line_list)', 'File : /sfs/gpfs/tardis/home/xpz5km/Cahn_Hilliard_Model_HPC/spinodal_decomp/compare_L2_error.py , Line : 19, Func.Name : read_specific_lines, Message : digits.append(float(i))']
match None
match None
match <re.Match object; span=(0, 61), match='SAV_Python_2000_dt_5.50e-06_Nx_64_periodic_dtout_>
match None
match <re.Match object; span=(0, 63), match='SAV_Python_2000_dt_5.50e-06_Nx_128_neumann_dtout_>
Python,2000,128,neumann,2000,2000,25p not recorded; dt_out too large.
match None
match None
match None
match None
match <re.Match object; span=(0, 58), match='NMG_Python_20_dt_5.50e-06_Nx_64_periodic_dtout_17>
Python,20,64,periodic,1,1,75p
NMG_Python_20_dt_5.50e-06_Nx_64_periodic_dtout_175pphi.csv
Exception type : ValueError 
Exception message : could not convert string to float: '(0.5038414282576782+0j)'
Stack trace : ['File : /sfs/gpfs/tardis/home/xpz5km/Cahn_Hilliard_Model_HPC/spinodal_decomp/compare_L2_error.py , Line : 86, Func.Name : compare_L2_error_at_timepoint, Message : snapshot_SAV = read_specific_lines(f"{root}/{SAV_fname}", line_list)', 'File : /sfs/gpfs/tardis/home/xpz5km/Cahn_Hilliard_Model_HPC/spinodal_decomp/compare_L2_error.py , Line : 19, Func.Name : read_specific_lines, Message : digits.append(float(i))']
match <re.Match object; span=(0, 61), match='SAV_Python_2000_dt_5.50e-06_Nx_256_neumann_dtout_>
match None
match None
match None
match None
match None
match <re.Match object; span=(0, 59), match='NMG_Python_20_dt_5.50e-06_Nx_256_periodic_dtout_1>
Python,20,256,periodic,1,1,50p
NMG_Python_20_dt_5.50e-06_Nx_256_periodic_dtout_150pphi.csv
Exception type : ValueError 
Exception message : could not convert string to float: '(-0.014993603960717533+0j)'
Stack trace : ['File : /sfs/gpfs/tardis/home/xpz5km/Cahn_Hilliard_Model_HPC/spinodal_decomp/compare_L2_error.py , Line : 86, Func.Name : compare_L2_error_at_timepoint, Message : snapshot_SAV = read_specific_lines(f"{root}/{SAV_fname}", line_list)', 'File : /sfs/gpfs/tardis/home/xpz5km/Cahn_Hilliard_Model_HPC/spinodal_decomp/compare_L2_error.py , Line : 19, Func.Name : read_specific_lines, Message : digits.append(float(i))']
match <re.Match object; span=(0, 61), match='SAV_Python_2000_dt_5.50e-06_Nx_64_periodic_dtout_>
match None
match <re.Match object; span=(0, 58), match='NMG_Python_20_dt_5.50e-06_Nx_128_neumann_dtout_17>
Python,20,128,neumann,1,1,75p
NMG_Python_20_dt_5.50e-06_Nx_128_neumann_dtout_175pphi.csv
Exception type : ValueError 
Exception message : could not convert string to float: '(0.7742277209268428+0j)'
Stack trace : ['File : /sfs/gpfs/tardis/home/xpz5km/Cahn_Hilliard_Model_HPC/spinodal_decomp/compare_L2_error.py , Line : 86, Func.Name : compare_L2_error_at_timepoint, Message : snapshot_SAV = read_specific_lines(f"{root}/{SAV_fname}", line_list)', 'File : /sfs/gpfs/tardis/home/xpz5km/Cahn_Hilliard_Model_HPC/spinodal_decomp/compare_L2_error.py , Line : 19, Func.Name : read_specific_lines, Message : digits.append(float(i))']
match None
match None
match <re.Match object; span=(0, 61), match='SAV_Python_2000_dt_5.50e-06_Nx_512_neumann_dtout_>
match None
match None
match None
match None
match None
match None
match None
match None
match None
match None
match <re.Match object; span=(0, 61), match='SAV_Python_2000_dt_5.50e-06_Nx_256_neumann_dtout_>
match None
match <re.Match object; span=(0, 57), match='NMG_Python_20_dt_5.50e-06_Nx_64_neumann_dtout_150>
Python,20,64,neumann,1,1,50p
NMG_Python_20_dt_5.50e-06_Nx_64_neumann_dtout_150pphi.csv
Exception type : ValueError 
Exception message : could not convert string to float: '(-0.5488213775495009+0j)'
Stack trace : ['File : /sfs/gpfs/tardis/home/xpz5km/Cahn_Hilliard_Model_HPC/spinodal_decomp/compare_L2_error.py , Line : 86, Func.Name : compare_L2_error_at_timepoint, Message : snapshot_SAV = read_specific_lines(f"{root}/{SAV_fname}", line_list)', 'File : /sfs/gpfs/tardis/home/xpz5km/Cahn_Hilliard_Model_HPC/spinodal_decomp/compare_L2_error.py , Line : 19, Func.Name : read_specific_lines, Message : digits.append(float(i))']
match None
match <re.Match object; span=(0, 58), match='NMG_Python_20_dt_5.50e-06_Nx_256_neumann_dtout_15>
Python,20,256,neumann,1,1,50p
NMG_Python_20_dt_5.50e-06_Nx_256_neumann_dtout_150pphi.csv
Exception type : ValueError 
Exception message : could not convert string to float: '(0.04588672701161333+0j)'
Stack trace : ['File : /sfs/gpfs/tardis/home/xpz5km/Cahn_Hilliard_Model_HPC/spinodal_decomp/compare_L2_error.py , Line : 86, Func.Name : compare_L2_error_at_timepoint, Message : snapshot_SAV = read_specific_lines(f"{root}/{SAV_fname}", line_list)', 'File : /sfs/gpfs/tardis/home/xpz5km/Cahn_Hilliard_Model_HPC/spinodal_decomp/compare_L2_error.py , Line : 19, Func.Name : read_specific_lines, Message : digits.append(float(i))']
match <re.Match object; span=(0, 58), match='NMG_Python_20_dt_5.50e-06_Nx_512_neumann_dtout_12>
Python,20,512,neumann,1,1,25p
NMG_Python_20_dt_5.50e-06_Nx_512_neumann_dtout_125pphi.csv
Exception type : ValueError 
Exception message : could not convert string to float: '(-0.2572652896332078+0j)'
Stack trace : ['File : /sfs/gpfs/tardis/home/xpz5km/Cahn_Hilliard_Model_HPC/spinodal_decomp/compare_L2_error.py , Line : 86, Func.Name : compare_L2_error_at_timepoint, Message : snapshot_SAV = read_specific_lines(f"{root}/{SAV_fname}", line_list)', 'File : /sfs/gpfs/tardis/home/xpz5km/Cahn_Hilliard_Model_HPC/spinodal_decomp/compare_L2_error.py , Line : 19, Func.Name : read_specific_lines, Message : digits.append(float(i))']
match None
match None
match <re.Match object; span=(0, 62), match='SAV_Python_2000_dt_5.50e-06_Nx_512_periodic_dtout>
match None
match None
match <re.Match object; span=(0, 63), match='SAV_Python_2000_dt_5.50e-06_Nx_128_neumann_dtout_>
Python,2000,128,neumann,2000,2000,50p not recorded; dt_out too large.
match None
match None
match <re.Match object; span=(0, 64), match='SAV_Python_2000_dt_5.50e-06_Nx_512_periodic_dtout>
Python,2000,512,periodic,2000,2000,50p not recorded; dt_out too large.
match <re.Match object; span=(0, 61), match='SAV_Python_2000_dt_5.50e-06_Nx_512_neumann_dtout_>
match None
match None
match None
match None
match <re.Match object; span=(0, 58), match='NMG_Python_20_dt_5.50e-06_Nx_256_neumann_dtout_17>
Python,20,256,neumann,1,1,75p
NMG_Python_20_dt_5.50e-06_Nx_256_neumann_dtout_175pphi.csv
Exception type : ValueError 
Exception message : could not convert string to float: '(0.4728675823504775+0j)'
Stack trace : ['File : /sfs/gpfs/tardis/home/xpz5km/Cahn_Hilliard_Model_HPC/spinodal_decomp/compare_L2_error.py , Line : 86, Func.Name : compare_L2_error_at_timepoint, Message : snapshot_SAV = read_specific_lines(f"{root}/{SAV_fname}", line_list)', 'File : /sfs/gpfs/tardis/home/xpz5km/Cahn_Hilliard_Model_HPC/spinodal_decomp/compare_L2_error.py , Line : 19, Func.Name : read_specific_lines, Message : digits.append(float(i))']
match None
match <re.Match object; span=(0, 61), match='SAV_Python_2000_dt_5.50e-06_Nx_128_neumann_dtout_>
match None
match None
match None
match None
match None
match <re.Match object; span=(0, 59), match='NMG_Python_20_dt_5.50e-06_Nx_128_neumann_dtout_20>
Python,20,128,neumann,20,20,50p
NMG_Python_20_dt_5.50e-06_Nx_128_neumann_dtout_2050pphi.csv
Exception type : ValueError 
Exception message : could not convert string to float: '(0.4578281761662219+0j)'
Stack trace : ['File : /sfs/gpfs/tardis/home/xpz5km/Cahn_Hilliard_Model_HPC/spinodal_decomp/compare_L2_error.py , Line : 86, Func.Name : compare_L2_error_at_timepoint, Message : snapshot_SAV = read_specific_lines(f"{root}/{SAV_fname}", line_list)', 'File : /sfs/gpfs/tardis/home/xpz5km/Cahn_Hilliard_Model_HPC/spinodal_decomp/compare_L2_error.py , Line : 19, Func.Name : read_specific_lines, Message : digits.append(float(i))']
match None
match <re.Match object; span=(0, 59), match='NMG_Python_20_dt_5.50e-06_Nx_128_periodic_dtout_1>
Python,20,128,periodic,1,1,50p
NMG_Python_20_dt_5.50e-06_Nx_128_periodic_dtout_150pphi.csv
Exception type : ValueError 
Exception message : could not convert string to float: '(-0.21257149200196274+0j)'
Stack trace : ['File : /sfs/gpfs/tardis/home/xpz5km/Cahn_Hilliard_Model_HPC/spinodal_decomp/compare_L2_error.py , Line : 86, Func.Name : compare_L2_error_at_timepoint, Message : snapshot_SAV = read_specific_lines(f"{root}/{SAV_fname}", line_list)', 'File : /sfs/gpfs/tardis/home/xpz5km/Cahn_Hilliard_Model_HPC/spinodal_decomp/compare_L2_error.py , Line : 19, Func.Name : read_specific_lines, Message : digits.append(float(i))']
match <re.Match object; span=(0, 58), match='NMG_Python_20_dt_5.50e-06_Nx_256_neumann_dtout_12>
Python,20,256,neumann,1,1,25p
NMG_Python_20_dt_5.50e-06_Nx_256_neumann_dtout_125pphi.csv
Exception type : ValueError 
Exception message : could not convert string to float: '(-0.40552966032978205+0j)'
Stack trace : ['File : /sfs/gpfs/tardis/home/xpz5km/Cahn_Hilliard_Model_HPC/spinodal_decomp/compare_L2_error.py , Line : 86, Func.Name : compare_L2_error_at_timepoint, Message : snapshot_SAV = read_specific_lines(f"{root}/{SAV_fname}", line_list)', 'File : /sfs/gpfs/tardis/home/xpz5km/Cahn_Hilliard_Model_HPC/spinodal_decomp/compare_L2_error.py , Line : 19, Func.Name : read_specific_lines, Message : digits.append(float(i))']
match None
match <re.Match object; span=(0, 57), match='NMG_Python_20_dt_5.50e-06_Nx_64_neumann_dtout_175>
Python,20,64,neumann,1,1,75p
NMG_Python_20_dt_5.50e-06_Nx_64_neumann_dtout_175pphi.csv
Exception type : ValueError 
Exception message : could not convert string to float: '(-0.056544927945090945+0j)'
Stack trace : ['File : /sfs/gpfs/tardis/home/xpz5km/Cahn_Hilliard_Model_HPC/spinodal_decomp/compare_L2_error.py , Line : 86, Func.Name : compare_L2_error_at_timepoint, Message : snapshot_SAV = read_specific_lines(f"{root}/{SAV_fname}", line_list)', 'File : /sfs/gpfs/tardis/home/xpz5km/Cahn_Hilliard_Model_HPC/spinodal_decomp/compare_L2_error.py , Line : 19, Func.Name : read_specific_lines, Message : digits.append(float(i))']
match None
match None
match None
match <re.Match object; span=(0, 59), match='NMG_Python_20_dt_5.50e-06_Nx_256_periodic_dtout_1>
Python,20,256,periodic,1,1,25p
NMG_Python_20_dt_5.50e-06_Nx_256_periodic_dtout_125pphi.csv
Exception type : ValueError 
Exception message : could not convert string to float: '(-0.42814351570535625+0j)'
Stack trace : ['File : /sfs/gpfs/tardis/home/xpz5km/Cahn_Hilliard_Model_HPC/spinodal_decomp/compare_L2_error.py , Line : 86, Func.Name : compare_L2_error_at_timepoint, Message : snapshot_SAV = read_specific_lines(f"{root}/{SAV_fname}", line_list)', 'File : /sfs/gpfs/tardis/home/xpz5km/Cahn_Hilliard_Model_HPC/spinodal_decomp/compare_L2_error.py , Line : 19, Func.Name : read_specific_lines, Message : digits.append(float(i))']
match <re.Match object; span=(0, 59), match='NMG_Python_20_dt_5.50e-06_Nx_64_periodic_dtout_20>
Python,20,64,periodic,20,20,25p
NMG_Python_20_dt_5.50e-06_Nx_64_periodic_dtout_2025pphi.csv
Exception type : ValueError 
Exception message : could not convert string to float: '(-0.2607501952412769+0j)'
Stack trace : ['File : /sfs/gpfs/tardis/home/xpz5km/Cahn_Hilliard_Model_HPC/spinodal_decomp/compare_L2_error.py , Line : 86, Func.Name : compare_L2_error_at_timepoint, Message : snapshot_SAV = read_specific_lines(f"{root}/{SAV_fname}", line_list)', 'File : /sfs/gpfs/tardis/home/xpz5km/Cahn_Hilliard_Model_HPC/spinodal_decomp/compare_L2_error.py , Line : 19, Func.Name : read_specific_lines, Message : digits.append(float(i))']
match None
match None
match <re.Match object; span=(0, 59), match='NMG_Python_20_dt_5.50e-06_Nx_512_periodic_dtout_1>
Python,20,512,periodic,1,1,50p
NMG_Python_20_dt_5.50e-06_Nx_512_periodic_dtout_150pphi.csv
Exception type : ValueError 
Exception message : could not convert string to float: '(0.28679832779998576+0j)'
Stack trace : ['File : /sfs/gpfs/tardis/home/xpz5km/Cahn_Hilliard_Model_HPC/spinodal_decomp/compare_L2_error.py , Line : 86, Func.Name : compare_L2_error_at_timepoint, Message : snapshot_SAV = read_specific_lines(f"{root}/{SAV_fname}", line_list)', 'File : /sfs/gpfs/tardis/home/xpz5km/Cahn_Hilliard_Model_HPC/spinodal_decomp/compare_L2_error.py , Line : 19, Func.Name : read_specific_lines, Message : digits.append(float(i))']
match None
match None
match None
match None
match None
match None
match None
match <re.Match object; span=(0, 63), match='SAV_Python_2000_dt_5.50e-06_Nx_512_neumann_dtout_>
Python,2000,512,neumann,2000,2000,50p not recorded; dt_out too large.
match <re.Match object; span=(0, 62), match='SAV_Python_2000_dt_5.50e-06_Nx_512_periodic_dtout>
match <re.Match object; span=(0, 63), match='SAV_Python_2000_dt_5.50e-06_Nx_512_neumann_dtout_>
Python,2000,512,neumann,2000,2000,75p not recorded; dt_out too large.
match None
match <re.Match object; span=(0, 60), match='NMG_Python_20_dt_5.50e-06_Nx_512_periodic_dtout_2>
Python,20,512,periodic,20,20,25p
NMG_Python_20_dt_5.50e-06_Nx_512_periodic_dtout_2025pphi.csv
Exception type : ValueError 
Exception message : could not convert string to float: '(-0.5924427840366981+0j)'
Stack trace : ['File : /sfs/gpfs/tardis/home/xpz5km/Cahn_Hilliard_Model_HPC/spinodal_decomp/compare_L2_error.py , Line : 86, Func.Name : compare_L2_error_at_timepoint, Message : snapshot_SAV = read_specific_lines(f"{root}/{SAV_fname}", line_list)', 'File : /sfs/gpfs/tardis/home/xpz5km/Cahn_Hilliard_Model_HPC/spinodal_decomp/compare_L2_error.py , Line : 19, Func.Name : read_specific_lines, Message : digits.append(float(i))']
match None
match <re.Match object; span=(0, 58), match='NMG_Python_20_dt_5.50e-06_Nx_64_neumann_dtout_205>
Python,20,64,neumann,20,20,50p
NMG_Python_20_dt_5.50e-06_Nx_64_neumann_dtout_2050pphi.csv
Exception type : ValueError 
Exception message : could not convert string to float: '(-0.8193172180077055+0j)'
Stack trace : ['File : /sfs/gpfs/tardis/home/xpz5km/Cahn_Hilliard_Model_HPC/spinodal_decomp/compare_L2_error.py , Line : 86, Func.Name : compare_L2_error_at_timepoint, Message : snapshot_SAV = read_specific_lines(f"{root}/{SAV_fname}", line_list)', 'File : /sfs/gpfs/tardis/home/xpz5km/Cahn_Hilliard_Model_HPC/spinodal_decomp/compare_L2_error.py , Line : 19, Func.Name : read_specific_lines, Message : digits.append(float(i))']
match <re.Match object; span=(0, 59), match='NMG_Python_20_dt_5.50e-06_Nx_128_neumann_dtout_20>
Python,20,128,neumann,20,20,75p
NMG_Python_20_dt_5.50e-06_Nx_128_neumann_dtout_2075pphi.csv
Exception type : ValueError 
Exception message : could not convert string to float: '(1.0070442820402468+0j)'
Stack trace : ['File : /sfs/gpfs/tardis/home/xpz5km/Cahn_Hilliard_Model_HPC/spinodal_decomp/compare_L2_error.py , Line : 86, Func.Name : compare_L2_error_at_timepoint, Message : snapshot_SAV = read_specific_lines(f"{root}/{SAV_fname}", line_list)', 'File : /sfs/gpfs/tardis/home/xpz5km/Cahn_Hilliard_Model_HPC/spinodal_decomp/compare_L2_error.py , Line : 19, Func.Name : read_specific_lines, Message : digits.append(float(i))']
match <re.Match object; span=(0, 57), match='NMG_Python_20_dt_5.50e-06_Nx_64_neumann_dtout_125>
Python,20,64,neumann,1,1,25p
NMG_Python_20_dt_5.50e-06_Nx_64_neumann_dtout_125pphi.csv
Exception type : ValueError 
Exception message : could not convert string to float: '(-0.6270208745258437+0j)'
Stack trace : ['File : /sfs/gpfs/tardis/home/xpz5km/Cahn_Hilliard_Model_HPC/spinodal_decomp/compare_L2_error.py , Line : 86, Func.Name : compare_L2_error_at_timepoint, Message : snapshot_SAV = read_specific_lines(f"{root}/{SAV_fname}", line_list)', 'File : /sfs/gpfs/tardis/home/xpz5km/Cahn_Hilliard_Model_HPC/spinodal_decomp/compare_L2_error.py , Line : 19, Func.Name : read_specific_lines, Message : digits.append(float(i))']
match None
match None
match None
match <re.Match object; span=(0, 62), match='SAV_Python_2000_dt_5.50e-06_Nx_64_neumann_dtout_2>
Python,2000,64,neumann,2000,2000,25p not recorded; dt_out too large.
match None
match None
match None
match <re.Match object; span=(0, 59), match='NMG_Python_20_dt_5.50e-06_Nx_512_periodic_dtout_1>
Python,20,512,periodic,1,1,25p
NMG_Python_20_dt_5.50e-06_Nx_512_periodic_dtout_125pphi.csv
Exception type : ValueError 
Exception message : could not convert string to float: '(-0.5391416174779742+0j)'
Stack trace : ['File : /sfs/gpfs/tardis/home/xpz5km/Cahn_Hilliard_Model_HPC/spinodal_decomp/compare_L2_error.py , Line : 86, Func.Name : compare_L2_error_at_timepoint, Message : snapshot_SAV = read_specific_lines(f"{root}/{SAV_fname}", line_list)', 'File : /sfs/gpfs/tardis/home/xpz5km/Cahn_Hilliard_Model_HPC/spinodal_decomp/compare_L2_error.py , Line : 19, Func.Name : read_specific_lines, Message : digits.append(float(i))']
match None
match <re.Match object; span=(0, 64), match='SAV_Python_2000_dt_5.50e-06_Nx_128_periodic_dtout>
Python,2000,128,periodic,2000,2000,25p not recorded; dt_out too large.
match <re.Match object; span=(0, 61), match='SAV_Python_2000_dt_5.50e-06_Nx_256_neumann_dtout_>
match None
match None
match None
match None
match <re.Match object; span=(0, 60), match='NMG_Python_20_dt_5.50e-06_Nx_512_periodic_dtout_2>
Python,20,512,periodic,20,20,50p
NMG_Python_20_dt_5.50e-06_Nx_512_periodic_dtout_2050pphi.csv
Exception type : ValueError 
Exception message : could not convert string to float: '(0.14766784652957254+0j)'
Stack trace : ['File : /sfs/gpfs/tardis/home/xpz5km/Cahn_Hilliard_Model_HPC/spinodal_decomp/compare_L2_error.py , Line : 86, Func.Name : compare_L2_error_at_timepoint, Message : snapshot_SAV = read_specific_lines(f"{root}/{SAV_fname}", line_list)', 'File : /sfs/gpfs/tardis/home/xpz5km/Cahn_Hilliard_Model_HPC/spinodal_decomp/compare_L2_error.py , Line : 19, Func.Name : read_specific_lines, Message : digits.append(float(i))']
match <re.Match object; span=(0, 64), match='SAV_Python_2000_dt_5.50e-06_Nx_512_periodic_dtout>
Python,2000,512,periodic,2000,2000,75p not recorded; dt_out too large.
match None
match None
match None
match None
match None
match <re.Match object; span=(0, 59), match='NMG_Python_20_dt_5.50e-06_Nx_128_periodic_dtout_1>
Python,20,128,periodic,1,1,75p
NMG_Python_20_dt_5.50e-06_Nx_128_periodic_dtout_175pphi.csv
Exception type : ValueError 
Exception message : could not convert string to float: '(0.5015618943826332+0j)'
Stack trace : ['File : /sfs/gpfs/tardis/home/xpz5km/Cahn_Hilliard_Model_HPC/spinodal_decomp/compare_L2_error.py , Line : 86, Func.Name : compare_L2_error_at_timepoint, Message : snapshot_SAV = read_specific_lines(f"{root}/{SAV_fname}", line_list)', 'File : /sfs/gpfs/tardis/home/xpz5km/Cahn_Hilliard_Model_HPC/spinodal_decomp/compare_L2_error.py , Line : 19, Func.Name : read_specific_lines, Message : digits.append(float(i))']
match <re.Match object; span=(0, 59), match='NMG_Python_20_dt_5.50e-06_Nx_512_periodic_dtout_1>
Python,20,512,periodic,1,1,75p
NMG_Python_20_dt_5.50e-06_Nx_512_periodic_dtout_175pphi.csv
Exception type : ValueError 
Exception message : could not convert string to float: '(0.5581518086099942+0j)'
Stack trace : ['File : /sfs/gpfs/tardis/home/xpz5km/Cahn_Hilliard_Model_HPC/spinodal_decomp/compare_L2_error.py , Line : 86, Func.Name : compare_L2_error_at_timepoint, Message : snapshot_SAV = read_specific_lines(f"{root}/{SAV_fname}", line_list)', 'File : /sfs/gpfs/tardis/home/xpz5km/Cahn_Hilliard_Model_HPC/spinodal_decomp/compare_L2_error.py , Line : 19, Func.Name : read_specific_lines, Message : digits.append(float(i))']
match None
match None
match None
match None
match <re.Match object; span=(0, 62), match='SAV_Python_2000_dt_5.50e-06_Nx_512_periodic_dtout>
match <re.Match object; span=(0, 62), match='SAV_Python_2000_dt_5.50e-06_Nx_128_periodic_dtout>
match None
match <re.Match object; span=(0, 58), match='NMG_Python_20_dt_5.50e-06_Nx_128_neumann_dtout_15>
Python,20,128,neumann,1,1,50p
NMG_Python_20_dt_5.50e-06_Nx_128_neumann_dtout_150pphi.csv
Exception type : ValueError 
Exception message : could not convert string to float: '(-0.1042645992789894+0j)'
Stack trace : ['File : /sfs/gpfs/tardis/home/xpz5km/Cahn_Hilliard_Model_HPC/spinodal_decomp/compare_L2_error.py , Line : 86, Func.Name : compare_L2_error_at_timepoint, Message : snapshot_SAV = read_specific_lines(f"{root}/{SAV_fname}", line_list)', 'File : /sfs/gpfs/tardis/home/xpz5km/Cahn_Hilliard_Model_HPC/spinodal_decomp/compare_L2_error.py , Line : 19, Func.Name : read_specific_lines, Message : digits.append(float(i))']
match None
match None
match None
match <re.Match object; span=(0, 63), match='SAV_Python_2000_dt_5.50e-06_Nx_64_periodic_dtout_>
Python,2000,64,periodic,2000,2000,25p not recorded; dt_out too large.
match None
match None
match None
match None
match None
match None
match None
match None
match None
match <re.Match object; span=(0, 60), match='NMG_Python_20_dt_5.50e-06_Nx_128_periodic_dtout_2>
Python,20,128,periodic,20,20,75p
NMG_Python_20_dt_5.50e-06_Nx_128_periodic_dtout_2075pphi.csv
Exception type : ValueError 
Exception message : could not convert string to float: '(-0.2259011345264694+0j)'
Stack trace : ['File : /sfs/gpfs/tardis/home/xpz5km/Cahn_Hilliard_Model_HPC/spinodal_decomp/compare_L2_error.py , Line : 86, Func.Name : compare_L2_error_at_timepoint, Message : snapshot_SAV = read_specific_lines(f"{root}/{SAV_fname}", line_list)', 'File : /sfs/gpfs/tardis/home/xpz5km/Cahn_Hilliard_Model_HPC/spinodal_decomp/compare_L2_error.py , Line : 19, Func.Name : read_specific_lines, Message : digits.append(float(i))']
match <re.Match object; span=(0, 62), match='SAV_Python_2000_dt_5.50e-06_Nx_64_neumann_dtout_2>
Python,2000,64,neumann,2000,2000,50p not recorded; dt_out too large.
match <re.Match object; span=(0, 64), match='SAV_Python_2000_dt_5.50e-06_Nx_128_periodic_dtout>
Python,2000,128,periodic,2000,2000,50p not recorded; dt_out too large.
match None
match None
match None
match None
match <re.Match object; span=(0, 60), match='NMG_Python_20_dt_5.50e-06_Nx_256_periodic_dtout_2>
Python,20,256,periodic,20,20,75p
NMG_Python_20_dt_5.50e-06_Nx_256_periodic_dtout_2075pphi.csv
Exception type : ValueError 
Exception message : could not convert string to float: '(0.4813657808640433+0j)'
Stack trace : ['File : /sfs/gpfs/tardis/home/xpz5km/Cahn_Hilliard_Model_HPC/spinodal_decomp/compare_L2_error.py , Line : 86, Func.Name : compare_L2_error_at_timepoint, Message : snapshot_SAV = read_specific_lines(f"{root}/{SAV_fname}", line_list)', 'File : /sfs/gpfs/tardis/home/xpz5km/Cahn_Hilliard_Model_HPC/spinodal_decomp/compare_L2_error.py , Line : 19, Func.Name : read_specific_lines, Message : digits.append(float(i))']
match <re.Match object; span=(0, 58), match='NMG_Python_20_dt_5.50e-06_Nx_512_neumann_dtout_17>
Python,20,512,neumann,1,1,75p
NMG_Python_20_dt_5.50e-06_Nx_512_neumann_dtout_175pphi.csv
Exception type : ValueError 
Exception message : could not convert string to float: '(0.679048765323166+0j)'
Stack trace : ['File : /sfs/gpfs/tardis/home/xpz5km/Cahn_Hilliard_Model_HPC/spinodal_decomp/compare_L2_error.py , Line : 86, Func.Name : compare_L2_error_at_timepoint, Message : snapshot_SAV = read_specific_lines(f"{root}/{SAV_fname}", line_list)', 'File : /sfs/gpfs/tardis/home/xpz5km/Cahn_Hilliard_Model_HPC/spinodal_decomp/compare_L2_error.py , Line : 19, Func.Name : read_specific_lines, Message : digits.append(float(i))']
match <re.Match object; span=(0, 58), match='NMG_Python_20_dt_5.50e-06_Nx_64_neumann_dtout_202>
Python,20,64,neumann,20,20,25p
NMG_Python_20_dt_5.50e-06_Nx_64_neumann_dtout_2025pphi.csv
Exception type : ValueError 
Exception message : could not convert string to float: '(-0.9129498158047057+0j)'
Stack trace : ['File : /sfs/gpfs/tardis/home/xpz5km/Cahn_Hilliard_Model_HPC/spinodal_decomp/compare_L2_error.py , Line : 86, Func.Name : compare_L2_error_at_timepoint, Message : snapshot_SAV = read_specific_lines(f"{root}/{SAV_fname}", line_list)', 'File : /sfs/gpfs/tardis/home/xpz5km/Cahn_Hilliard_Model_HPC/spinodal_decomp/compare_L2_error.py , Line : 19, Func.Name : read_specific_lines, Message : digits.append(float(i))']
match <re.Match object; span=(0, 58), match='NMG_Python_20_dt_5.50e-06_Nx_64_neumann_dtout_207>
Python,20,64,neumann,20,20,75p
NMG_Python_20_dt_5.50e-06_Nx_64_neumann_dtout_2075pphi.csv
Exception type : ValueError 
Exception message : could not convert string to float: '(-0.3181784942992353+0j)'
Stack trace : ['File : /sfs/gpfs/tardis/home/xpz5km/Cahn_Hilliard_Model_HPC/spinodal_decomp/compare_L2_error.py , Line : 86, Func.Name : compare_L2_error_at_timepoint, Message : snapshot_SAV = read_specific_lines(f"{root}/{SAV_fname}", line_list)', 'File : /sfs/gpfs/tardis/home/xpz5km/Cahn_Hilliard_Model_HPC/spinodal_decomp/compare_L2_error.py , Line : 19, Func.Name : read_specific_lines, Message : digits.append(float(i))']
match None
match None
match <re.Match object; span=(0, 62), match='SAV_Python_2000_dt_5.50e-06_Nx_128_periodic_dtout>
match <re.Match object; span=(0, 60), match='SAV_Python_2000_dt_5.50e-06_Nx_64_neumann_dtout_1>
match <re.Match object; span=(0, 63), match='SAV_Python_2000_dt_5.50e-06_Nx_64_periodic_dtout_>
Python,2000,64,periodic,2000,2000,50p not recorded; dt_out too large.
match <re.Match object; span=(0, 60), match='NMG_Python_20_dt_5.50e-06_Nx_512_periodic_dtout_2>
Python,20,512,periodic,20,20,75p
NMG_Python_20_dt_5.50e-06_Nx_512_periodic_dtout_2075pphi.csv
Exception type : ValueError 
Exception message : could not convert string to float: '(0.5212796069949747+0j)'
Stack trace : ['File : /sfs/gpfs/tardis/home/xpz5km/Cahn_Hilliard_Model_HPC/spinodal_decomp/compare_L2_error.py , Line : 86, Func.Name : compare_L2_error_at_timepoint, Message : snapshot_SAV = read_specific_lines(f"{root}/{SAV_fname}", line_list)', 'File : /sfs/gpfs/tardis/home/xpz5km/Cahn_Hilliard_Model_HPC/spinodal_decomp/compare_L2_error.py , Line : 19, Func.Name : read_specific_lines, Message : digits.append(float(i))']
match None
match <re.Match object; span=(0, 59), match='NMG_Python_20_dt_5.50e-06_Nx_512_neumann_dtout_20>
Python,20,512,neumann,20,20,25p
NMG_Python_20_dt_5.50e-06_Nx_512_neumann_dtout_2025pphi.csv
Exception type : ValueError 
Exception message : could not convert string to float: '(-0.19931155268433487+0j)'
Stack trace : ['File : /sfs/gpfs/tardis/home/xpz5km/Cahn_Hilliard_Model_HPC/spinodal_decomp/compare_L2_error.py , Line : 86, Func.Name : compare_L2_error_at_timepoint, Message : snapshot_SAV = read_specific_lines(f"{root}/{SAV_fname}", line_list)', 'File : /sfs/gpfs/tardis/home/xpz5km/Cahn_Hilliard_Model_HPC/spinodal_decomp/compare_L2_error.py , Line : 19, Func.Name : read_specific_lines, Message : digits.append(float(i))']
match <re.Match object; span=(0, 58), match='NMG_Python_20_dt_5.50e-06_Nx_512_neumann_dtout_15>
Python,20,512,neumann,1,1,50p
NMG_Python_20_dt_5.50e-06_Nx_512_neumann_dtout_150pphi.csv
Exception type : ValueError 
Exception message : could not convert string to float: '(0.8708879038283933+0j)'
Stack trace : ['File : /sfs/gpfs/tardis/home/xpz5km/Cahn_Hilliard_Model_HPC/spinodal_decomp/compare_L2_error.py , Line : 86, Func.Name : compare_L2_error_at_timepoint, Message : snapshot_SAV = read_specific_lines(f"{root}/{SAV_fname}", line_list)', 'File : /sfs/gpfs/tardis/home/xpz5km/Cahn_Hilliard_Model_HPC/spinodal_decomp/compare_L2_error.py , Line : 19, Func.Name : read_specific_lines, Message : digits.append(float(i))']
match <re.Match object; span=(0, 58), match='NMG_Python_20_dt_5.50e-06_Nx_64_periodic_dtout_12>
Python,20,64,periodic,1,1,25p
NMG_Python_20_dt_5.50e-06_Nx_64_periodic_dtout_125pphi.csv
Exception type : ValueError 
Exception message : could not convert string to float: '(-0.507822395536456+0j)'
Stack trace : ['File : /sfs/gpfs/tardis/home/xpz5km/Cahn_Hilliard_Model_HPC/spinodal_decomp/compare_L2_error.py , Line : 86, Func.Name : compare_L2_error_at_timepoint, Message : snapshot_SAV = read_specific_lines(f"{root}/{SAV_fname}", line_list)', 'File : /sfs/gpfs/tardis/home/xpz5km/Cahn_Hilliard_Model_HPC/spinodal_decomp/compare_L2_error.py , Line : 19, Func.Name : read_specific_lines, Message : digits.append(float(i))']
match None
match <re.Match object; span=(0, 62), match='SAV_Python_2000_dt_5.50e-06_Nx_256_periodic_dtout>
match <re.Match object; span=(0, 63), match='SAV_Python_2000_dt_5.50e-06_Nx_128_neumann_dtout_>
Python,2000,128,neumann,2000,2000,75p not recorded; dt_out too large.
match <re.Match object; span=(0, 60), match='NMG_Python_20_dt_5.50e-06_Nx_128_periodic_dtout_2>
Python,20,128,periodic,20,20,50p
NMG_Python_20_dt_5.50e-06_Nx_128_periodic_dtout_2050pphi.csv
Exception type : ValueError 
Exception message : could not convert string to float: '(-0.3095721867886947+0j)'
Stack trace : ['File : /sfs/gpfs/tardis/home/xpz5km/Cahn_Hilliard_Model_HPC/spinodal_decomp/compare_L2_error.py , Line : 86, Func.Name : compare_L2_error_at_timepoint, Message : snapshot_SAV = read_specific_lines(f"{root}/{SAV_fname}", line_list)', 'File : /sfs/gpfs/tardis/home/xpz5km/Cahn_Hilliard_Model_HPC/spinodal_decomp/compare_L2_error.py , Line : 19, Func.Name : read_specific_lines, Message : digits.append(float(i))']
match None
match None
match None
match <re.Match object; span=(0, 60), match='NMG_Python_20_dt_5.50e-06_Nx_256_periodic_dtout_2>
Python,20,256,periodic,20,20,50p
NMG_Python_20_dt_5.50e-06_Nx_256_periodic_dtout_2050pphi.csv
Exception type : ValueError 
Exception message : could not convert string to float: '(0.010506962033912721+0j)'
Stack trace : ['File : /sfs/gpfs/tardis/home/xpz5km/Cahn_Hilliard_Model_HPC/spinodal_decomp/compare_L2_error.py , Line : 86, Func.Name : compare_L2_error_at_timepoint, Message : snapshot_SAV = read_specific_lines(f"{root}/{SAV_fname}", line_list)', 'File : /sfs/gpfs/tardis/home/xpz5km/Cahn_Hilliard_Model_HPC/spinodal_decomp/compare_L2_error.py , Line : 19, Func.Name : read_specific_lines, Message : digits.append(float(i))']
match None
match <re.Match object; span=(0, 62), match='SAV_Python_2000_dt_5.50e-06_Nx_256_periodic_dtout>
match None
match <re.Match object; span=(0, 63), match='SAV_Python_2000_dt_5.50e-06_Nx_256_neumann_dtout_>
Python,2000,256,neumann,2000,2000,50p not recorded; dt_out too large.
match None
match None
match <re.Match object; span=(0, 59), match='NMG_Python_20_dt_5.50e-06_Nx_64_periodic_dtout_20>
Python,20,64,periodic,20,20,50p
NMG_Python_20_dt_5.50e-06_Nx_64_periodic_dtout_2050pphi.csv
Exception type : ValueError 
Exception message : could not convert string to float: '(-0.4179450898314091+0j)'
Stack trace : ['File : /sfs/gpfs/tardis/home/xpz5km/Cahn_Hilliard_Model_HPC/spinodal_decomp/compare_L2_error.py , Line : 86, Func.Name : compare_L2_error_at_timepoint, Message : snapshot_SAV = read_specific_lines(f"{root}/{SAV_fname}", line_list)', 'File : /sfs/gpfs/tardis/home/xpz5km/Cahn_Hilliard_Model_HPC/spinodal_decomp/compare_L2_error.py , Line : 19, Func.Name : read_specific_lines, Message : digits.append(float(i))']
match <re.Match object; span=(0, 63), match='SAV_Python_2000_dt_5.50e-06_Nx_512_neumann_dtout_>
Python,2000,512,neumann,2000,2000,25p not recorded; dt_out too large.
match None
match <re.Match object; span=(0, 59), match='NMG_Python_20_dt_5.50e-06_Nx_512_neumann_dtout_20>
Python,20,512,neumann,20,20,75p
NMG_Python_20_dt_5.50e-06_Nx_512_neumann_dtout_2075pphi.csv
Exception type : ValueError 
Exception message : could not convert string to float: '(0.6537176705314839+0j)'
Stack trace : ['File : /sfs/gpfs/tardis/home/xpz5km/Cahn_Hilliard_Model_HPC/spinodal_decomp/compare_L2_error.py , Line : 86, Func.Name : compare_L2_error_at_timepoint, Message : snapshot_SAV = read_specific_lines(f"{root}/{SAV_fname}", line_list)', 'File : /sfs/gpfs/tardis/home/xpz5km/Cahn_Hilliard_Model_HPC/spinodal_decomp/compare_L2_error.py , Line : 19, Func.Name : read_specific_lines, Message : digits.append(float(i))']
match None
match None
match <re.Match object; span=(0, 59), match='NMG_Python_20_dt_5.50e-06_Nx_256_neumann_dtout_20>
Python,20,256,neumann,20,20,25p
NMG_Python_20_dt_5.50e-06_Nx_256_neumann_dtout_2025pphi.csv
Exception type : ValueError 
Exception message : could not convert string to float: '(-0.32927592388756166+0j)'
Stack trace : ['File : /sfs/gpfs/tardis/home/xpz5km/Cahn_Hilliard_Model_HPC/spinodal_decomp/compare_L2_error.py , Line : 86, Func.Name : compare_L2_error_at_timepoint, Message : snapshot_SAV = read_specific_lines(f"{root}/{SAV_fname}", line_list)', 'File : /sfs/gpfs/tardis/home/xpz5km/Cahn_Hilliard_Model_HPC/spinodal_decomp/compare_L2_error.py , Line : 19, Func.Name : read_specific_lines, Message : digits.append(float(i))']
match <re.Match object; span=(0, 61), match='SAV_Python_2000_dt_5.50e-06_Nx_512_neumann_dtout_>
match None
match None
match None
match <re.Match object; span=(0, 62), match='SAV_Python_2000_dt_5.50e-06_Nx_64_neumann_dtout_2>
Python,2000,64,neumann,2000,2000,75p not recorded; dt_out too large.
match None
match None
match None
match None
match None
match None
match None
match None
match <re.Match object; span=(0, 59), match='NMG_Python_20_dt_5.50e-06_Nx_128_neumann_dtout_20>
Python,20,128,neumann,20,20,25p
NMG_Python_20_dt_5.50e-06_Nx_128_neumann_dtout_2025pphi.csv
Exception type : ValueError 
Exception message : could not convert string to float: '(-0.10276645075364461+0j)'
Stack trace : ['File : /sfs/gpfs/tardis/home/xpz5km/Cahn_Hilliard_Model_HPC/spinodal_decomp/compare_L2_error.py , Line : 86, Func.Name : compare_L2_error_at_timepoint, Message : snapshot_SAV = read_specific_lines(f"{root}/{SAV_fname}", line_list)', 'File : /sfs/gpfs/tardis/home/xpz5km/Cahn_Hilliard_Model_HPC/spinodal_decomp/compare_L2_error.py , Line : 19, Func.Name : read_specific_lines, Message : digits.append(float(i))']
match None
match <re.Match object; span=(0, 62), match='SAV_Python_2000_dt_5.50e-06_Nx_256_periodic_dtout>
match <re.Match object; span=(0, 59), match='NMG_Python_20_dt_5.50e-06_Nx_64_periodic_dtout_20>
Python,20,64,periodic,20,20,75p
NMG_Python_20_dt_5.50e-06_Nx_64_periodic_dtout_2075pphi.csv
Exception type : ValueError 
Exception message : could not convert string to float: '(0.36662716665050266+0j)'
Stack trace : ['File : /sfs/gpfs/tardis/home/xpz5km/Cahn_Hilliard_Model_HPC/spinodal_decomp/compare_L2_error.py , Line : 86, Func.Name : compare_L2_error_at_timepoint, Message : snapshot_SAV = read_specific_lines(f"{root}/{SAV_fname}", line_list)', 'File : /sfs/gpfs/tardis/home/xpz5km/Cahn_Hilliard_Model_HPC/spinodal_decomp/compare_L2_error.py , Line : 19, Func.Name : read_specific_lines, Message : digits.append(float(i))']
match None
match <re.Match object; span=(0, 59), match='NMG_Python_20_dt_5.50e-06_Nx_256_periodic_dtout_1>
Python,20,256,periodic,1,1,75p
NMG_Python_20_dt_5.50e-06_Nx_256_periodic_dtout_175pphi.csv
Exception type : ValueError 
Exception message : could not convert string to float: '(0.5619990893065584+0j)'
Stack trace : ['File : /sfs/gpfs/tardis/home/xpz5km/Cahn_Hilliard_Model_HPC/spinodal_decomp/compare_L2_error.py , Line : 86, Func.Name : compare_L2_error_at_timepoint, Message : snapshot_SAV = read_specific_lines(f"{root}/{SAV_fname}", line_list)', 'File : /sfs/gpfs/tardis/home/xpz5km/Cahn_Hilliard_Model_HPC/spinodal_decomp/compare_L2_error.py , Line : 19, Func.Name : read_specific_lines, Message : digits.append(float(i))']
match <re.Match object; span=(0, 58), match='NMG_Python_20_dt_5.50e-06_Nx_64_periodic_dtout_15>
Python,20,64,periodic,1,1,50p
NMG_Python_20_dt_5.50e-06_Nx_64_periodic_dtout_150pphi.csv
Exception type : ValueError 
Exception message : could not convert string to float: '(-0.28592128056221655+0j)'
Stack trace : ['File : /sfs/gpfs/tardis/home/xpz5km/Cahn_Hilliard_Model_HPC/spinodal_decomp/compare_L2_error.py , Line : 86, Func.Name : compare_L2_error_at_timepoint, Message : snapshot_SAV = read_specific_lines(f"{root}/{SAV_fname}", line_list)', 'File : /sfs/gpfs/tardis/home/xpz5km/Cahn_Hilliard_Model_HPC/spinodal_decomp/compare_L2_error.py , Line : 19, Func.Name : read_specific_lines, Message : digits.append(float(i))']
match <re.Match object; span=(0, 60), match='SAV_Python_2000_dt_5.50e-06_Nx_64_neumann_dtout_1>
match <re.Match object; span=(0, 59), match='NMG_Python_20_dt_5.50e-06_Nx_128_periodic_dtout_1>
Python,20,128,periodic,1,1,25p
NMG_Python_20_dt_5.50e-06_Nx_128_periodic_dtout_125pphi.csv
Exception type : ValueError 
Exception message : could not convert string to float: '(-0.5273992486968242+0j)'
Stack trace : ['File : /sfs/gpfs/tardis/home/xpz5km/Cahn_Hilliard_Model_HPC/spinodal_decomp/compare_L2_error.py , Line : 86, Func.Name : compare_L2_error_at_timepoint, Message : snapshot_SAV = read_specific_lines(f"{root}/{SAV_fname}", line_list)', 'File : /sfs/gpfs/tardis/home/xpz5km/Cahn_Hilliard_Model_HPC/spinodal_decomp/compare_L2_error.py , Line : 19, Func.Name : read_specific_lines, Message : digits.append(float(i))']
match None
match None
match None
match None
match None
match <re.Match object; span=(0, 61), match='SAV_Python_2000_dt_5.50e-06_Nx_128_neumann_dtout_>
match None
match <re.Match object; span=(0, 60), match='SAV_Python_2000_dt_5.50e-06_Nx_64_neumann_dtout_1>
match None
7
match None
match None
match <re.Match object; span=(0, 59), match='NMG_Python_20_dt_5.50e-06_Nx_256_neumann_dtout_20>
Python,20,256,neumann,20,20,75p
NMG_Python_20_dt_5.50e-06_Nx_256_neumann_dtout_2075pphi.csv
Exception type : ValueError 
Exception message : could not convert string to float: '(0.41950652511946407+0j)'
Stack trace : ['File : /sfs/gpfs/tardis/home/xpz5km/Cahn_Hilliard_Model_HPC/spinodal_decomp/compare_L2_error.py , Line : 86, Func.Name : compare_L2_error_at_timepoint, Message : snapshot_SAV = read_specific_lines(f"{root}/{SAV_fname}", line_list)', 'File : /sfs/gpfs/tardis/home/xpz5km/Cahn_Hilliard_Model_HPC/spinodal_decomp/compare_L2_error.py , Line : 19, Func.Name : read_specific_lines, Message : digits.append(float(i))']
match None
match None
match None
match None
match None
match None
match None
match <re.Match object; span=(0, 62), match='SAV_Python_2000_dt_5.50e-06_Nx_128_periodic_dtout>
match None
match None
match None
match None
match None
match None
match None
match None
match None
match None
match <re.Match object; span=(0, 63), match='SAV_Python_2000_dt_5.50e-06_Nx_256_neumann_dtout_>
Python,2000,256,neumann,2000,2000,25p not recorded; dt_out too large.
match <re.Match object; span=(0, 61), match='SAV_Python_2000_dt_5.50e-06_Nx_128_neumann_dtout_>
match <re.Match object; span=(0, 60), match='NMG_Python_20_dt_5.50e-06_Nx_128_periodic_dtout_2>
Python,20,128,periodic,20,20,25p
NMG_Python_20_dt_5.50e-06_Nx_128_periodic_dtout_2025pphi.csv
Exception type : ValueError 
Exception message : could not convert string to float: '(-0.5392675015155758+0j)'
Stack trace : ['File : /sfs/gpfs/tardis/home/xpz5km/Cahn_Hilliard_Model_HPC/spinodal_decomp/compare_L2_error.py , Line : 86, Func.Name : compare_L2_error_at_timepoint, Message : snapshot_SAV = read_specific_lines(f"{root}/{SAV_fname}", line_list)', 'File : /sfs/gpfs/tardis/home/xpz5km/Cahn_Hilliard_Model_HPC/spinodal_decomp/compare_L2_error.py , Line : 19, Func.Name : read_specific_lines, Message : digits.append(float(i))']
match None
match None
match <re.Match object; span=(0, 64), match='SAV_Python_2000_dt_5.50e-06_Nx_256_periodic_dtout>
Python,2000,256,periodic,2000,2000,50p not recorded; dt_out too large.
match None
match <re.Match object; span=(0, 60), match='NMG_Python_20_dt_5.50e-06_Nx_256_periodic_dtout_2>
Python,20,256,periodic,20,20,25p
NMG_Python_20_dt_5.50e-06_Nx_256_periodic_dtout_2025pphi.csv
Exception type : ValueError 
Exception message : could not convert string to float: '(-0.4170151417869721+0j)'
Stack trace : ['File : /sfs/gpfs/tardis/home/xpz5km/Cahn_Hilliard_Model_HPC/spinodal_decomp/compare_L2_error.py , Line : 86, Func.Name : compare_L2_error_at_timepoint, Message : snapshot_SAV = read_specific_lines(f"{root}/{SAV_fname}", line_list)', 'File : /sfs/gpfs/tardis/home/xpz5km/Cahn_Hilliard_Model_HPC/spinodal_decomp/compare_L2_error.py , Line : 19, Func.Name : read_specific_lines, Message : digits.append(float(i))']
match <re.Match object; span=(0, 59), match='NMG_Python_20_dt_5.50e-06_Nx_512_neumann_dtout_20>
Python,20,512,neumann,20,20,50p
NMG_Python_20_dt_5.50e-06_Nx_512_neumann_dtout_2050pphi.csv
Exception type : ValueError 
Exception message : could not convert string to float: '(0.3765941854894782+0j)'
Stack trace : ['File : /sfs/gpfs/tardis/home/xpz5km/Cahn_Hilliard_Model_HPC/spinodal_decomp/compare_L2_error.py , Line : 86, Func.Name : compare_L2_error_at_timepoint, Message : snapshot_SAV = read_specific_lines(f"{root}/{SAV_fname}", line_list)', 'File : /sfs/gpfs/tardis/home/xpz5km/Cahn_Hilliard_Model_HPC/spinodal_decomp/compare_L2_error.py , Line : 19, Func.Name : read_specific_lines, Message : digits.append(float(i))']
match None
match None
match None
match None
match None
match None
match <re.Match object; span=(0, 64), match='SAV_Python_2000_dt_5.50e-06_Nx_512_periodic_dtout>
Python,2000,512,periodic,2000,2000,25p not recorded; dt_out too large.
match None
match None
match <re.Match object; span=(0, 63), match='SAV_Python_2000_dt_5.50e-06_Nx_64_periodic_dtout_>
Python,2000,64,periodic,2000,2000,75p not recorded; dt_out too large.
match None
match <re.Match object; span=(0, 64), match='SAV_Python_2000_dt_5.50e-06_Nx_256_periodic_dtout>
Python,2000,256,periodic,2000,2000,25p not recorded; dt_out too large.
match None
match None
match None
match None
match None
match None
match None
match None
match None
match None
match None
match None
match None
match None
match None
match None
match <re.Match object; span=(0, 61), match='SAV_Python_2000_dt_5.50e-06_Nx_64_periodic_dtout_>
match None
match None
match <re.Match object; span=(0, 63), match='SAV_Python_2000_dt_5.50e-06_Nx_256_neumann_dtout_>
Python,2000,256,neumann,2000,2000,75p not recorded; dt_out too large.
match None
match None
match <re.Match object; span=(0, 64), match='SAV_Python_2000_dt_5.50e-06_Nx_128_periodic_dtout>
Python,2000,128,periodic,2000,2000,75p not recorded; dt_out too large.
match None
match None
match None
match None
match None
match None
match <re.Match object; span=(0, 58), match='NMG_Python_20_dt_5.50e-06_Nx_128_neumann_dtout_12>
Python,20,128,neumann,1,1,25p
NMG_Python_20_dt_5.50e-06_Nx_128_neumann_dtout_125pphi.csv
Exception type : ValueError 
Exception message : could not convert string to float: '(-0.21434266416787515+0j)'
Stack trace : ['File : /sfs/gpfs/tardis/home/xpz5km/Cahn_Hilliard_Model_HPC/spinodal_decomp/compare_L2_error.py , Line : 86, Func.Name : compare_L2_error_at_timepoint, Message : snapshot_SAV = read_specific_lines(f"{root}/{SAV_fname}", line_list)', 'File : /sfs/gpfs/tardis/home/xpz5km/Cahn_Hilliard_Model_HPC/spinodal_decomp/compare_L2_error.py , Line : 19, Func.Name : read_specific_lines, Message : digits.append(float(i))']
match <re.Match object; span=(0, 64), match='SAV_Python_2000_dt_5.50e-06_Nx_256_periodic_dtout>
Python,2000,256,periodic,2000,2000,75p not recorded; dt_out too large.
match None
match None
match None
match None
match None
match <re.Match object; span=(0, 59), match='NMG_Python_20_dt_5.50e-06_Nx_256_neumann_dtout_20>
Python,20,256,neumann,20,20,50p
NMG_Python_20_dt_5.50e-06_Nx_256_neumann_dtout_2050pphi.csv
Exception type : ValueError 
Exception message : could not convert string to float: '(0.07069788833767843+0j)'
Stack trace : ['File : /sfs/gpfs/tardis/home/xpz5km/Cahn_Hilliard_Model_HPC/spinodal_decomp/compare_L2_error.py , Line : 86, Func.Name : compare_L2_error_at_timepoint, Message : snapshot_SAV = read_specific_lines(f"{root}/{SAV_fname}", line_list)', 'File : /sfs/gpfs/tardis/home/xpz5km/Cahn_Hilliard_Model_HPC/spinodal_decomp/compare_L2_error.py , Line : 19, Func.Name : read_specific_lines, Message : digits.append(float(i))']
match None
match None
match <re.Match object; span=(0, 61), match='SAV_Python_2000_dt_5.50e-06_Nx_64_periodic_dtout_>
match None
match <re.Match object; span=(0, 63), match='SAV_Python_2000_dt_5.50e-06_Nx_128_neumann_dtout_>
Python,2000,128,neumann,2000,2000,25p not recorded; dt_out too large.
match None
match None
match None
match None
match <re.Match object; span=(0, 58), match='NMG_Python_20_dt_5.50e-06_Nx_64_periodic_dtout_17>
Python,20,64,periodic,1,1,75p
NMG_Python_20_dt_5.50e-06_Nx_64_periodic_dtout_175pphi.csv
Exception type : ValueError 
Exception message : could not convert string to float: '(0.5090104236062858+0j)'
Stack trace : ['File : /sfs/gpfs/tardis/home/xpz5km/Cahn_Hilliard_Model_HPC/spinodal_decomp/compare_L2_error.py , Line : 86, Func.Name : compare_L2_error_at_timepoint, Message : snapshot_SAV = read_specific_lines(f"{root}/{SAV_fname}", line_list)', 'File : /sfs/gpfs/tardis/home/xpz5km/Cahn_Hilliard_Model_HPC/spinodal_decomp/compare_L2_error.py , Line : 19, Func.Name : read_specific_lines, Message : digits.append(float(i))']
match <re.Match object; span=(0, 61), match='SAV_Python_2000_dt_5.50e-06_Nx_256_neumann_dtout_>
match None
match None
match None
match None
match None
match <re.Match object; span=(0, 59), match='NMG_Python_20_dt_5.50e-06_Nx_256_periodic_dtout_1>
Python,20,256,periodic,1,1,50p
NMG_Python_20_dt_5.50e-06_Nx_256_periodic_dtout_150pphi.csv
Exception type : ValueError 
Exception message : could not convert string to float: '(-0.037453644059566304+0j)'
Stack trace : ['File : /sfs/gpfs/tardis/home/xpz5km/Cahn_Hilliard_Model_HPC/spinodal_decomp/compare_L2_error.py , Line : 86, Func.Name : compare_L2_error_at_timepoint, Message : snapshot_SAV = read_specific_lines(f"{root}/{SAV_fname}", line_list)', 'File : /sfs/gpfs/tardis/home/xpz5km/Cahn_Hilliard_Model_HPC/spinodal_decomp/compare_L2_error.py , Line : 19, Func.Name : read_specific_lines, Message : digits.append(float(i))']
match <re.Match object; span=(0, 61), match='SAV_Python_2000_dt_5.50e-06_Nx_64_periodic_dtout_>
match None
match <re.Match object; span=(0, 58), match='NMG_Python_20_dt_5.50e-06_Nx_128_neumann_dtout_17>
Python,20,128,neumann,1,1,75p
NMG_Python_20_dt_5.50e-06_Nx_128_neumann_dtout_175pphi.csv
Exception type : ValueError 
Exception message : could not convert string to float: '(0.758079630811857+0j)'
Stack trace : ['File : /sfs/gpfs/tardis/home/xpz5km/Cahn_Hilliard_Model_HPC/spinodal_decomp/compare_L2_error.py , Line : 86, Func.Name : compare_L2_error_at_timepoint, Message : snapshot_SAV = read_specific_lines(f"{root}/{SAV_fname}", line_list)', 'File : /sfs/gpfs/tardis/home/xpz5km/Cahn_Hilliard_Model_HPC/spinodal_decomp/compare_L2_error.py , Line : 19, Func.Name : read_specific_lines, Message : digits.append(float(i))']
match None
match None
match <re.Match object; span=(0, 61), match='SAV_Python_2000_dt_5.50e-06_Nx_512_neumann_dtout_>
match None
match None
match None
match None
match None
match None
match None
match None
match None
match None
match <re.Match object; span=(0, 61), match='SAV_Python_2000_dt_5.50e-06_Nx_256_neumann_dtout_>
match None
match <re.Match object; span=(0, 57), match='NMG_Python_20_dt_5.50e-06_Nx_64_neumann_dtout_150>
Python,20,64,neumann,1,1,50p
NMG_Python_20_dt_5.50e-06_Nx_64_neumann_dtout_150pphi.csv
Exception type : ValueError 
Exception message : could not convert string to float: '(-0.5234309291169734+0j)'
Stack trace : ['File : /sfs/gpfs/tardis/home/xpz5km/Cahn_Hilliard_Model_HPC/spinodal_decomp/compare_L2_error.py , Line : 86, Func.Name : compare_L2_error_at_timepoint, Message : snapshot_SAV = read_specific_lines(f"{root}/{SAV_fname}", line_list)', 'File : /sfs/gpfs/tardis/home/xpz5km/Cahn_Hilliard_Model_HPC/spinodal_decomp/compare_L2_error.py , Line : 19, Func.Name : read_specific_lines, Message : digits.append(float(i))']
match None
match <re.Match object; span=(0, 58), match='NMG_Python_20_dt_5.50e-06_Nx_256_neumann_dtout_15>
Python,20,256,neumann,1,1,50p
NMG_Python_20_dt_5.50e-06_Nx_256_neumann_dtout_150pphi.csv
Exception type : ValueError 
Exception message : could not convert string to float: '(0.042610308021666744+0j)'
Stack trace : ['File : /sfs/gpfs/tardis/home/xpz5km/Cahn_Hilliard_Model_HPC/spinodal_decomp/compare_L2_error.py , Line : 86, Func.Name : compare_L2_error_at_timepoint, Message : snapshot_SAV = read_specific_lines(f"{root}/{SAV_fname}", line_list)', 'File : /sfs/gpfs/tardis/home/xpz5km/Cahn_Hilliard_Model_HPC/spinodal_decomp/compare_L2_error.py , Line : 19, Func.Name : read_specific_lines, Message : digits.append(float(i))']
match <re.Match object; span=(0, 58), match='NMG_Python_20_dt_5.50e-06_Nx_512_neumann_dtout_12>
Python,20,512,neumann,1,1,25p
NMG_Python_20_dt_5.50e-06_Nx_512_neumann_dtout_125pphi.csv
Exception type : ValueError 
Exception message : could not convert string to float: '(-0.21017862100794646+0j)'
Stack trace : ['File : /sfs/gpfs/tardis/home/xpz5km/Cahn_Hilliard_Model_HPC/spinodal_decomp/compare_L2_error.py , Line : 86, Func.Name : compare_L2_error_at_timepoint, Message : snapshot_SAV = read_specific_lines(f"{root}/{SAV_fname}", line_list)', 'File : /sfs/gpfs/tardis/home/xpz5km/Cahn_Hilliard_Model_HPC/spinodal_decomp/compare_L2_error.py , Line : 19, Func.Name : read_specific_lines, Message : digits.append(float(i))']
match None
match None
match <re.Match object; span=(0, 62), match='SAV_Python_2000_dt_5.50e-06_Nx_512_periodic_dtout>
match None
match None
match <re.Match object; span=(0, 63), match='SAV_Python_2000_dt_5.50e-06_Nx_128_neumann_dtout_>
Python,2000,128,neumann,2000,2000,50p not recorded; dt_out too large.
match None
match None
match <re.Match object; span=(0, 64), match='SAV_Python_2000_dt_5.50e-06_Nx_512_periodic_dtout>
Python,2000,512,periodic,2000,2000,50p not recorded; dt_out too large.
match <re.Match object; span=(0, 61), match='SAV_Python_2000_dt_5.50e-06_Nx_512_neumann_dtout_>
match None
match None
match None
match None
match <re.Match object; span=(0, 58), match='NMG_Python_20_dt_5.50e-06_Nx_256_neumann_dtout_17>
Python,20,256,neumann,1,1,75p
NMG_Python_20_dt_5.50e-06_Nx_256_neumann_dtout_175pphi.csv
Exception type : ValueError 
Exception message : could not convert string to float: '(0.47253279971250867+0j)'
Stack trace : ['File : /sfs/gpfs/tardis/home/xpz5km/Cahn_Hilliard_Model_HPC/spinodal_decomp/compare_L2_error.py , Line : 86, Func.Name : compare_L2_error_at_timepoint, Message : snapshot_SAV = read_specific_lines(f"{root}/{SAV_fname}", line_list)', 'File : /sfs/gpfs/tardis/home/xpz5km/Cahn_Hilliard_Model_HPC/spinodal_decomp/compare_L2_error.py , Line : 19, Func.Name : read_specific_lines, Message : digits.append(float(i))']
match None
match <re.Match object; span=(0, 61), match='SAV_Python_2000_dt_5.50e-06_Nx_128_neumann_dtout_>
match None
match None
match None
match None
match None
match <re.Match object; span=(0, 59), match='NMG_Python_20_dt_5.50e-06_Nx_128_neumann_dtout_20>
Python,20,128,neumann,20,20,50p
NMG_Python_20_dt_5.50e-06_Nx_128_neumann_dtout_2050pphi.csv
Exception type : ValueError 
Exception message : could not convert string to float: '(0.4578281761662219+0j)'
Stack trace : ['File : /sfs/gpfs/tardis/home/xpz5km/Cahn_Hilliard_Model_HPC/spinodal_decomp/compare_L2_error.py , Line : 86, Func.Name : compare_L2_error_at_timepoint, Message : snapshot_SAV = read_specific_lines(f"{root}/{SAV_fname}", line_list)', 'File : /sfs/gpfs/tardis/home/xpz5km/Cahn_Hilliard_Model_HPC/spinodal_decomp/compare_L2_error.py , Line : 19, Func.Name : read_specific_lines, Message : digits.append(float(i))']
match None
match <re.Match object; span=(0, 59), match='NMG_Python_20_dt_5.50e-06_Nx_128_periodic_dtout_1>
Python,20,128,periodic,1,1,50p
NMG_Python_20_dt_5.50e-06_Nx_128_periodic_dtout_150pphi.csv
Exception type : ValueError 
Exception message : could not convert string to float: '(-0.21326112733925867+0j)'
Stack trace : ['File : /sfs/gpfs/tardis/home/xpz5km/Cahn_Hilliard_Model_HPC/spinodal_decomp/compare_L2_error.py , Line : 86, Func.Name : compare_L2_error_at_timepoint, Message : snapshot_SAV = read_specific_lines(f"{root}/{SAV_fname}", line_list)', 'File : /sfs/gpfs/tardis/home/xpz5km/Cahn_Hilliard_Model_HPC/spinodal_decomp/compare_L2_error.py , Line : 19, Func.Name : read_specific_lines, Message : digits.append(float(i))']
match <re.Match object; span=(0, 58), match='NMG_Python_20_dt_5.50e-06_Nx_256_neumann_dtout_12>
Python,20,256,neumann,1,1,25p
NMG_Python_20_dt_5.50e-06_Nx_256_neumann_dtout_125pphi.csv
Exception type : ValueError 
Exception message : could not convert string to float: '(-0.41094720925864+0j)'
Stack trace : ['File : /sfs/gpfs/tardis/home/xpz5km/Cahn_Hilliard_Model_HPC/spinodal_decomp/compare_L2_error.py , Line : 86, Func.Name : compare_L2_error_at_timepoint, Message : snapshot_SAV = read_specific_lines(f"{root}/{SAV_fname}", line_list)', 'File : /sfs/gpfs/tardis/home/xpz5km/Cahn_Hilliard_Model_HPC/spinodal_decomp/compare_L2_error.py , Line : 19, Func.Name : read_specific_lines, Message : digits.append(float(i))']
match None
match <re.Match object; span=(0, 57), match='NMG_Python_20_dt_5.50e-06_Nx_64_neumann_dtout_175>
Python,20,64,neumann,1,1,75p
NMG_Python_20_dt_5.50e-06_Nx_64_neumann_dtout_175pphi.csv
Exception type : ValueError 
Exception message : could not convert string to float: '(-0.01781416119324222+0j)'
Stack trace : ['File : /sfs/gpfs/tardis/home/xpz5km/Cahn_Hilliard_Model_HPC/spinodal_decomp/compare_L2_error.py , Line : 86, Func.Name : compare_L2_error_at_timepoint, Message : snapshot_SAV = read_specific_lines(f"{root}/{SAV_fname}", line_list)', 'File : /sfs/gpfs/tardis/home/xpz5km/Cahn_Hilliard_Model_HPC/spinodal_decomp/compare_L2_error.py , Line : 19, Func.Name : read_specific_lines, Message : digits.append(float(i))']
match None
match None
match None
match <re.Match object; span=(0, 59), match='NMG_Python_20_dt_5.50e-06_Nx_256_periodic_dtout_1>
Python,20,256,periodic,1,1,25p
NMG_Python_20_dt_5.50e-06_Nx_256_periodic_dtout_125pphi.csv
Exception type : ValueError 
Exception message : could not convert string to float: '(-0.4303216654405649+0j)'
Stack trace : ['File : /sfs/gpfs/tardis/home/xpz5km/Cahn_Hilliard_Model_HPC/spinodal_decomp/compare_L2_error.py , Line : 86, Func.Name : compare_L2_error_at_timepoint, Message : snapshot_SAV = read_specific_lines(f"{root}/{SAV_fname}", line_list)', 'File : /sfs/gpfs/tardis/home/xpz5km/Cahn_Hilliard_Model_HPC/spinodal_decomp/compare_L2_error.py , Line : 19, Func.Name : read_specific_lines, Message : digits.append(float(i))']
match <re.Match object; span=(0, 59), match='NMG_Python_20_dt_5.50e-06_Nx_64_periodic_dtout_20>
Python,20,64,periodic,20,20,25p
NMG_Python_20_dt_5.50e-06_Nx_64_periodic_dtout_2025pphi.csv
Exception type : ValueError 
Exception message : could not convert string to float: '(-0.2607501952412769+0j)'
Stack trace : ['File : /sfs/gpfs/tardis/home/xpz5km/Cahn_Hilliard_Model_HPC/spinodal_decomp/compare_L2_error.py , Line : 86, Func.Name : compare_L2_error_at_timepoint, Message : snapshot_SAV = read_specific_lines(f"{root}/{SAV_fname}", line_list)', 'File : /sfs/gpfs/tardis/home/xpz5km/Cahn_Hilliard_Model_HPC/spinodal_decomp/compare_L2_error.py , Line : 19, Func.Name : read_specific_lines, Message : digits.append(float(i))']
match None
match None
match <re.Match object; span=(0, 59), match='NMG_Python_20_dt_5.50e-06_Nx_512_periodic_dtout_1>
Python,20,512,periodic,1,1,50p
NMG_Python_20_dt_5.50e-06_Nx_512_periodic_dtout_150pphi.csv
Exception type : ValueError 
Exception message : could not convert string to float: '(0.42941983137600215+0j)'
Stack trace : ['File : /sfs/gpfs/tardis/home/xpz5km/Cahn_Hilliard_Model_HPC/spinodal_decomp/compare_L2_error.py , Line : 86, Func.Name : compare_L2_error_at_timepoint, Message : snapshot_SAV = read_specific_lines(f"{root}/{SAV_fname}", line_list)', 'File : /sfs/gpfs/tardis/home/xpz5km/Cahn_Hilliard_Model_HPC/spinodal_decomp/compare_L2_error.py , Line : 19, Func.Name : read_specific_lines, Message : digits.append(float(i))']
match None
match None
match None
match None
match None
match None
match None
match <re.Match object; span=(0, 63), match='SAV_Python_2000_dt_5.50e-06_Nx_512_neumann_dtout_>
Python,2000,512,neumann,2000,2000,50p not recorded; dt_out too large.
match <re.Match object; span=(0, 62), match='SAV_Python_2000_dt_5.50e-06_Nx_512_periodic_dtout>
match <re.Match object; span=(0, 63), match='SAV_Python_2000_dt_5.50e-06_Nx_512_neumann_dtout_>
Python,2000,512,neumann,2000,2000,75p not recorded; dt_out too large.
match None
match <re.Match object; span=(0, 60), match='NMG_Python_20_dt_5.50e-06_Nx_512_periodic_dtout_2>
Python,20,512,periodic,20,20,25p
NMG_Python_20_dt_5.50e-06_Nx_512_periodic_dtout_2025pphi.csv
Exception type : ValueError 
Exception message : could not convert string to float: '(-0.5924427840366981+0j)'
Stack trace : ['File : /sfs/gpfs/tardis/home/xpz5km/Cahn_Hilliard_Model_HPC/spinodal_decomp/compare_L2_error.py , Line : 86, Func.Name : compare_L2_error_at_timepoint, Message : snapshot_SAV = read_specific_lines(f"{root}/{SAV_fname}", line_list)', 'File : /sfs/gpfs/tardis/home/xpz5km/Cahn_Hilliard_Model_HPC/spinodal_decomp/compare_L2_error.py , Line : 19, Func.Name : read_specific_lines, Message : digits.append(float(i))']
match None
match <re.Match object; span=(0, 58), match='NMG_Python_20_dt_5.50e-06_Nx_64_neumann_dtout_205>
Python,20,64,neumann,20,20,50p
NMG_Python_20_dt_5.50e-06_Nx_64_neumann_dtout_2050pphi.csv
Exception type : ValueError 
Exception message : could not convert string to float: '(-0.8193172180077055+0j)'
Stack trace : ['File : /sfs/gpfs/tardis/home/xpz5km/Cahn_Hilliard_Model_HPC/spinodal_decomp/compare_L2_error.py , Line : 86, Func.Name : compare_L2_error_at_timepoint, Message : snapshot_SAV = read_specific_lines(f"{root}/{SAV_fname}", line_list)', 'File : /sfs/gpfs/tardis/home/xpz5km/Cahn_Hilliard_Model_HPC/spinodal_decomp/compare_L2_error.py , Line : 19, Func.Name : read_specific_lines, Message : digits.append(float(i))']
match <re.Match object; span=(0, 59), match='NMG_Python_20_dt_5.50e-06_Nx_128_neumann_dtout_20>
Python,20,128,neumann,20,20,75p
NMG_Python_20_dt_5.50e-06_Nx_128_neumann_dtout_2075pphi.csv
Exception type : ValueError 
Exception message : could not convert string to float: '(1.0070442820402468+0j)'
Stack trace : ['File : /sfs/gpfs/tardis/home/xpz5km/Cahn_Hilliard_Model_HPC/spinodal_decomp/compare_L2_error.py , Line : 86, Func.Name : compare_L2_error_at_timepoint, Message : snapshot_SAV = read_specific_lines(f"{root}/{SAV_fname}", line_list)', 'File : /sfs/gpfs/tardis/home/xpz5km/Cahn_Hilliard_Model_HPC/spinodal_decomp/compare_L2_error.py , Line : 19, Func.Name : read_specific_lines, Message : digits.append(float(i))']
match <re.Match object; span=(0, 57), match='NMG_Python_20_dt_5.50e-06_Nx_64_neumann_dtout_125>
Python,20,64,neumann,1,1,25p
NMG_Python_20_dt_5.50e-06_Nx_64_neumann_dtout_125pphi.csv
Exception type : ValueError 
Exception message : could not convert string to float: '(-0.6189408845303859+0j)'
Stack trace : ['File : /sfs/gpfs/tardis/home/xpz5km/Cahn_Hilliard_Model_HPC/spinodal_decomp/compare_L2_error.py , Line : 86, Func.Name : compare_L2_error_at_timepoint, Message : snapshot_SAV = read_specific_lines(f"{root}/{SAV_fname}", line_list)', 'File : /sfs/gpfs/tardis/home/xpz5km/Cahn_Hilliard_Model_HPC/spinodal_decomp/compare_L2_error.py , Line : 19, Func.Name : read_specific_lines, Message : digits.append(float(i))']
match None
match None
match None
match <re.Match object; span=(0, 62), match='SAV_Python_2000_dt_5.50e-06_Nx_64_neumann_dtout_2>
Python,2000,64,neumann,2000,2000,25p not recorded; dt_out too large.
match None
match None
match None
match <re.Match object; span=(0, 59), match='NMG_Python_20_dt_5.50e-06_Nx_512_periodic_dtout_1>
Python,20,512,periodic,1,1,25p
NMG_Python_20_dt_5.50e-06_Nx_512_periodic_dtout_125pphi.csv
Exception type : ValueError 
Exception message : could not convert string to float: '(-0.5449673524305158+0j)'
Stack trace : ['File : /sfs/gpfs/tardis/home/xpz5km/Cahn_Hilliard_Model_HPC/spinodal_decomp/compare_L2_error.py , Line : 86, Func.Name : compare_L2_error_at_timepoint, Message : snapshot_SAV = read_specific_lines(f"{root}/{SAV_fname}", line_list)', 'File : /sfs/gpfs/tardis/home/xpz5km/Cahn_Hilliard_Model_HPC/spinodal_decomp/compare_L2_error.py , Line : 19, Func.Name : read_specific_lines, Message : digits.append(float(i))']
match None
match <re.Match object; span=(0, 64), match='SAV_Python_2000_dt_5.50e-06_Nx_128_periodic_dtout>
Python,2000,128,periodic,2000,2000,25p not recorded; dt_out too large.
match <re.Match object; span=(0, 61), match='SAV_Python_2000_dt_5.50e-06_Nx_256_neumann_dtout_>
match None
match None
match None
match None
match <re.Match object; span=(0, 60), match='NMG_Python_20_dt_5.50e-06_Nx_512_periodic_dtout_2>
Python,20,512,periodic,20,20,50p
NMG_Python_20_dt_5.50e-06_Nx_512_periodic_dtout_2050pphi.csv
Exception type : ValueError 
Exception message : could not convert string to float: '(0.14766784652957254+0j)'
Stack trace : ['File : /sfs/gpfs/tardis/home/xpz5km/Cahn_Hilliard_Model_HPC/spinodal_decomp/compare_L2_error.py , Line : 86, Func.Name : compare_L2_error_at_timepoint, Message : snapshot_SAV = read_specific_lines(f"{root}/{SAV_fname}", line_list)', 'File : /sfs/gpfs/tardis/home/xpz5km/Cahn_Hilliard_Model_HPC/spinodal_decomp/compare_L2_error.py , Line : 19, Func.Name : read_specific_lines, Message : digits.append(float(i))']
match <re.Match object; span=(0, 64), match='SAV_Python_2000_dt_5.50e-06_Nx_512_periodic_dtout>
Python,2000,512,periodic,2000,2000,75p not recorded; dt_out too large.
match None
match None
match None
match None
match None
match <re.Match object; span=(0, 59), match='NMG_Python_20_dt_5.50e-06_Nx_128_periodic_dtout_1>
Python,20,128,periodic,1,1,75p
NMG_Python_20_dt_5.50e-06_Nx_128_periodic_dtout_175pphi.csv
Exception type : ValueError 
Exception message : could not convert string to float: '(0.5125386286494621+0j)'
Stack trace : ['File : /sfs/gpfs/tardis/home/xpz5km/Cahn_Hilliard_Model_HPC/spinodal_decomp/compare_L2_error.py , Line : 86, Func.Name : compare_L2_error_at_timepoint, Message : snapshot_SAV = read_specific_lines(f"{root}/{SAV_fname}", line_list)', 'File : /sfs/gpfs/tardis/home/xpz5km/Cahn_Hilliard_Model_HPC/spinodal_decomp/compare_L2_error.py , Line : 19, Func.Name : read_specific_lines, Message : digits.append(float(i))']
match <re.Match object; span=(0, 59), match='NMG_Python_20_dt_5.50e-06_Nx_512_periodic_dtout_1>
Python,20,512,periodic,1,1,75p
NMG_Python_20_dt_5.50e-06_Nx_512_periodic_dtout_175pphi.csv
Exception type : ValueError 
Exception message : could not convert string to float: '(0.5770318031328441+0j)'
Stack trace : ['File : /sfs/gpfs/tardis/home/xpz5km/Cahn_Hilliard_Model_HPC/spinodal_decomp/compare_L2_error.py , Line : 86, Func.Name : compare_L2_error_at_timepoint, Message : snapshot_SAV = read_specific_lines(f"{root}/{SAV_fname}", line_list)', 'File : /sfs/gpfs/tardis/home/xpz5km/Cahn_Hilliard_Model_HPC/spinodal_decomp/compare_L2_error.py , Line : 19, Func.Name : read_specific_lines, Message : digits.append(float(i))']
match None
match None
match None
match None
match <re.Match object; span=(0, 62), match='SAV_Python_2000_dt_5.50e-06_Nx_512_periodic_dtout>
match <re.Match object; span=(0, 62), match='SAV_Python_2000_dt_5.50e-06_Nx_128_periodic_dtout>
match None
match <re.Match object; span=(0, 58), match='NMG_Python_20_dt_5.50e-06_Nx_128_neumann_dtout_15>
Python,20,128,neumann,1,1,50p
NMG_Python_20_dt_5.50e-06_Nx_128_neumann_dtout_150pphi.csv
Exception type : ValueError 
Exception message : could not convert string to float: '(-0.11941189142317188+0j)'
Stack trace : ['File : /sfs/gpfs/tardis/home/xpz5km/Cahn_Hilliard_Model_HPC/spinodal_decomp/compare_L2_error.py , Line : 86, Func.Name : compare_L2_error_at_timepoint, Message : snapshot_SAV = read_specific_lines(f"{root}/{SAV_fname}", line_list)', 'File : /sfs/gpfs/tardis/home/xpz5km/Cahn_Hilliard_Model_HPC/spinodal_decomp/compare_L2_error.py , Line : 19, Func.Name : read_specific_lines, Message : digits.append(float(i))']
match None
match None
match None
match <re.Match object; span=(0, 63), match='SAV_Python_2000_dt_5.50e-06_Nx_64_periodic_dtout_>
Python,2000,64,periodic,2000,2000,25p not recorded; dt_out too large.
match None
match None
match None
match None
match None
match None
match None
match None
match None
match <re.Match object; span=(0, 60), match='NMG_Python_20_dt_5.50e-06_Nx_128_periodic_dtout_2>
Python,20,128,periodic,20,20,75p
NMG_Python_20_dt_5.50e-06_Nx_128_periodic_dtout_2075pphi.csv
Exception type : ValueError 
Exception message : could not convert string to float: '(-0.2259011345264694+0j)'
Stack trace : ['File : /sfs/gpfs/tardis/home/xpz5km/Cahn_Hilliard_Model_HPC/spinodal_decomp/compare_L2_error.py , Line : 86, Func.Name : compare_L2_error_at_timepoint, Message : snapshot_SAV = read_specific_lines(f"{root}/{SAV_fname}", line_list)', 'File : /sfs/gpfs/tardis/home/xpz5km/Cahn_Hilliard_Model_HPC/spinodal_decomp/compare_L2_error.py , Line : 19, Func.Name : read_specific_lines, Message : digits.append(float(i))']
match <re.Match object; span=(0, 62), match='SAV_Python_2000_dt_5.50e-06_Nx_64_neumann_dtout_2>
Python,2000,64,neumann,2000,2000,50p not recorded; dt_out too large.
match <re.Match object; span=(0, 64), match='SAV_Python_2000_dt_5.50e-06_Nx_128_periodic_dtout>
Python,2000,128,periodic,2000,2000,50p not recorded; dt_out too large.
match None
match None
match None
match None
match <re.Match object; span=(0, 60), match='NMG_Python_20_dt_5.50e-06_Nx_256_periodic_dtout_2>
Python,20,256,periodic,20,20,75p
NMG_Python_20_dt_5.50e-06_Nx_256_periodic_dtout_2075pphi.csv
Exception type : ValueError 
Exception message : could not convert string to float: '(0.4813657808640433+0j)'
Stack trace : ['File : /sfs/gpfs/tardis/home/xpz5km/Cahn_Hilliard_Model_HPC/spinodal_decomp/compare_L2_error.py , Line : 86, Func.Name : compare_L2_error_at_timepoint, Message : snapshot_SAV = read_specific_lines(f"{root}/{SAV_fname}", line_list)', 'File : /sfs/gpfs/tardis/home/xpz5km/Cahn_Hilliard_Model_HPC/spinodal_decomp/compare_L2_error.py , Line : 19, Func.Name : read_specific_lines, Message : digits.append(float(i))']
match <re.Match object; span=(0, 58), match='NMG_Python_20_dt_5.50e-06_Nx_512_neumann_dtout_17>
Python,20,512,neumann,1,1,75p
NMG_Python_20_dt_5.50e-06_Nx_512_neumann_dtout_175pphi.csv
Exception type : ValueError 
Exception message : could not convert string to float: '(0.7479299853421969+0j)'
Stack trace : ['File : /sfs/gpfs/tardis/home/xpz5km/Cahn_Hilliard_Model_HPC/spinodal_decomp/compare_L2_error.py , Line : 86, Func.Name : compare_L2_error_at_timepoint, Message : snapshot_SAV = read_specific_lines(f"{root}/{SAV_fname}", line_list)', 'File : /sfs/gpfs/tardis/home/xpz5km/Cahn_Hilliard_Model_HPC/spinodal_decomp/compare_L2_error.py , Line : 19, Func.Name : read_specific_lines, Message : digits.append(float(i))']
match <re.Match object; span=(0, 58), match='NMG_Python_20_dt_5.50e-06_Nx_64_neumann_dtout_202>
Python,20,64,neumann,20,20,25p
NMG_Python_20_dt_5.50e-06_Nx_64_neumann_dtout_2025pphi.csv
Exception type : ValueError 
Exception message : could not convert string to float: '(-0.9129498158047057+0j)'
Stack trace : ['File : /sfs/gpfs/tardis/home/xpz5km/Cahn_Hilliard_Model_HPC/spinodal_decomp/compare_L2_error.py , Line : 86, Func.Name : compare_L2_error_at_timepoint, Message : snapshot_SAV = read_specific_lines(f"{root}/{SAV_fname}", line_list)', 'File : /sfs/gpfs/tardis/home/xpz5km/Cahn_Hilliard_Model_HPC/spinodal_decomp/compare_L2_error.py , Line : 19, Func.Name : read_specific_lines, Message : digits.append(float(i))']
match <re.Match object; span=(0, 58), match='NMG_Python_20_dt_5.50e-06_Nx_64_neumann_dtout_207>
Python,20,64,neumann,20,20,75p
NMG_Python_20_dt_5.50e-06_Nx_64_neumann_dtout_2075pphi.csv
Exception type : ValueError 
Exception message : could not convert string to float: '(-0.3181784942992353+0j)'
Stack trace : ['File : /sfs/gpfs/tardis/home/xpz5km/Cahn_Hilliard_Model_HPC/spinodal_decomp/compare_L2_error.py , Line : 86, Func.Name : compare_L2_error_at_timepoint, Message : snapshot_SAV = read_specific_lines(f"{root}/{SAV_fname}", line_list)', 'File : /sfs/gpfs/tardis/home/xpz5km/Cahn_Hilliard_Model_HPC/spinodal_decomp/compare_L2_error.py , Line : 19, Func.Name : read_specific_lines, Message : digits.append(float(i))']
match None
match None
match <re.Match object; span=(0, 62), match='SAV_Python_2000_dt_5.50e-06_Nx_128_periodic_dtout>
match <re.Match object; span=(0, 60), match='SAV_Python_2000_dt_5.50e-06_Nx_64_neumann_dtout_1>
match <re.Match object; span=(0, 63), match='SAV_Python_2000_dt_5.50e-06_Nx_64_periodic_dtout_>
Python,2000,64,periodic,2000,2000,50p not recorded; dt_out too large.
match <re.Match object; span=(0, 60), match='NMG_Python_20_dt_5.50e-06_Nx_512_periodic_dtout_2>
Python,20,512,periodic,20,20,75p
NMG_Python_20_dt_5.50e-06_Nx_512_periodic_dtout_2075pphi.csv
Exception type : ValueError 
Exception message : could not convert string to float: '(0.5212796069949747+0j)'
Stack trace : ['File : /sfs/gpfs/tardis/home/xpz5km/Cahn_Hilliard_Model_HPC/spinodal_decomp/compare_L2_error.py , Line : 86, Func.Name : compare_L2_error_at_timepoint, Message : snapshot_SAV = read_specific_lines(f"{root}/{SAV_fname}", line_list)', 'File : /sfs/gpfs/tardis/home/xpz5km/Cahn_Hilliard_Model_HPC/spinodal_decomp/compare_L2_error.py , Line : 19, Func.Name : read_specific_lines, Message : digits.append(float(i))']
match None
match <re.Match object; span=(0, 59), match='NMG_Python_20_dt_5.50e-06_Nx_512_neumann_dtout_20>
Python,20,512,neumann,20,20,25p
NMG_Python_20_dt_5.50e-06_Nx_512_neumann_dtout_2025pphi.csv
Exception type : ValueError 
Exception message : could not convert string to float: '(-0.19931155268433487+0j)'
Stack trace : ['File : /sfs/gpfs/tardis/home/xpz5km/Cahn_Hilliard_Model_HPC/spinodal_decomp/compare_L2_error.py , Line : 86, Func.Name : compare_L2_error_at_timepoint, Message : snapshot_SAV = read_specific_lines(f"{root}/{SAV_fname}", line_list)', 'File : /sfs/gpfs/tardis/home/xpz5km/Cahn_Hilliard_Model_HPC/spinodal_decomp/compare_L2_error.py , Line : 19, Func.Name : read_specific_lines, Message : digits.append(float(i))']
match <re.Match object; span=(0, 58), match='NMG_Python_20_dt_5.50e-06_Nx_512_neumann_dtout_15>
Python,20,512,neumann,1,1,50p
NMG_Python_20_dt_5.50e-06_Nx_512_neumann_dtout_150pphi.csv
Exception type : ValueError 
Exception message : could not convert string to float: '(0.8776854183128461+0j)'
Stack trace : ['File : /sfs/gpfs/tardis/home/xpz5km/Cahn_Hilliard_Model_HPC/spinodal_decomp/compare_L2_error.py , Line : 86, Func.Name : compare_L2_error_at_timepoint, Message : snapshot_SAV = read_specific_lines(f"{root}/{SAV_fname}", line_list)', 'File : /sfs/gpfs/tardis/home/xpz5km/Cahn_Hilliard_Model_HPC/spinodal_decomp/compare_L2_error.py , Line : 19, Func.Name : read_specific_lines, Message : digits.append(float(i))']
match <re.Match object; span=(0, 58), match='NMG_Python_20_dt_5.50e-06_Nx_64_periodic_dtout_12>
Python,20,64,periodic,1,1,25p
NMG_Python_20_dt_5.50e-06_Nx_64_periodic_dtout_125pphi.csv
Exception type : ValueError 
Exception message : could not convert string to float: '(-0.514630398869021+0j)'
Stack trace : ['File : /sfs/gpfs/tardis/home/xpz5km/Cahn_Hilliard_Model_HPC/spinodal_decomp/compare_L2_error.py , Line : 86, Func.Name : compare_L2_error_at_timepoint, Message : snapshot_SAV = read_specific_lines(f"{root}/{SAV_fname}", line_list)', 'File : /sfs/gpfs/tardis/home/xpz5km/Cahn_Hilliard_Model_HPC/spinodal_decomp/compare_L2_error.py , Line : 19, Func.Name : read_specific_lines, Message : digits.append(float(i))']
match None
match <re.Match object; span=(0, 62), match='SAV_Python_2000_dt_5.50e-06_Nx_256_periodic_dtout>
match <re.Match object; span=(0, 63), match='SAV_Python_2000_dt_5.50e-06_Nx_128_neumann_dtout_>
Python,2000,128,neumann,2000,2000,75p not recorded; dt_out too large.
match <re.Match object; span=(0, 60), match='NMG_Python_20_dt_5.50e-06_Nx_128_periodic_dtout_2>
Python,20,128,periodic,20,20,50p
NMG_Python_20_dt_5.50e-06_Nx_128_periodic_dtout_2050pphi.csv
Exception type : ValueError 
Exception message : could not convert string to float: '(-0.3095721867886947+0j)'
Stack trace : ['File : /sfs/gpfs/tardis/home/xpz5km/Cahn_Hilliard_Model_HPC/spinodal_decomp/compare_L2_error.py , Line : 86, Func.Name : compare_L2_error_at_timepoint, Message : snapshot_SAV = read_specific_lines(f"{root}/{SAV_fname}", line_list)', 'File : /sfs/gpfs/tardis/home/xpz5km/Cahn_Hilliard_Model_HPC/spinodal_decomp/compare_L2_error.py , Line : 19, Func.Name : read_specific_lines, Message : digits.append(float(i))']
match None
match None
match None
match <re.Match object; span=(0, 60), match='NMG_Python_20_dt_5.50e-06_Nx_256_periodic_dtout_2>
Python,20,256,periodic,20,20,50p
NMG_Python_20_dt_5.50e-06_Nx_256_periodic_dtout_2050pphi.csv
Exception type : ValueError 
Exception message : could not convert string to float: '(0.010506962033912721+0j)'
Stack trace : ['File : /sfs/gpfs/tardis/home/xpz5km/Cahn_Hilliard_Model_HPC/spinodal_decomp/compare_L2_error.py , Line : 86, Func.Name : compare_L2_error_at_timepoint, Message : snapshot_SAV = read_specific_lines(f"{root}/{SAV_fname}", line_list)', 'File : /sfs/gpfs/tardis/home/xpz5km/Cahn_Hilliard_Model_HPC/spinodal_decomp/compare_L2_error.py , Line : 19, Func.Name : read_specific_lines, Message : digits.append(float(i))']
match None
match <re.Match object; span=(0, 62), match='SAV_Python_2000_dt_5.50e-06_Nx_256_periodic_dtout>
match None
match <re.Match object; span=(0, 63), match='SAV_Python_2000_dt_5.50e-06_Nx_256_neumann_dtout_>
Python,2000,256,neumann,2000,2000,50p not recorded; dt_out too large.
match None
match None
match <re.Match object; span=(0, 59), match='NMG_Python_20_dt_5.50e-06_Nx_64_periodic_dtout_20>
Python,20,64,periodic,20,20,50p
NMG_Python_20_dt_5.50e-06_Nx_64_periodic_dtout_2050pphi.csv
Exception type : ValueError 
Exception message : could not convert string to float: '(-0.4179450898314091+0j)'
Stack trace : ['File : /sfs/gpfs/tardis/home/xpz5km/Cahn_Hilliard_Model_HPC/spinodal_decomp/compare_L2_error.py , Line : 86, Func.Name : compare_L2_error_at_timepoint, Message : snapshot_SAV = read_specific_lines(f"{root}/{SAV_fname}", line_list)', 'File : /sfs/gpfs/tardis/home/xpz5km/Cahn_Hilliard_Model_HPC/spinodal_decomp/compare_L2_error.py , Line : 19, Func.Name : read_specific_lines, Message : digits.append(float(i))']
match <re.Match object; span=(0, 63), match='SAV_Python_2000_dt_5.50e-06_Nx_512_neumann_dtout_>
Python,2000,512,neumann,2000,2000,25p not recorded; dt_out too large.
match None
match <re.Match object; span=(0, 59), match='NMG_Python_20_dt_5.50e-06_Nx_512_neumann_dtout_20>
Python,20,512,neumann,20,20,75p
NMG_Python_20_dt_5.50e-06_Nx_512_neumann_dtout_2075pphi.csv
Exception type : ValueError 
Exception message : could not convert string to float: '(0.6537176705314839+0j)'
Stack trace : ['File : /sfs/gpfs/tardis/home/xpz5km/Cahn_Hilliard_Model_HPC/spinodal_decomp/compare_L2_error.py , Line : 86, Func.Name : compare_L2_error_at_timepoint, Message : snapshot_SAV = read_specific_lines(f"{root}/{SAV_fname}", line_list)', 'File : /sfs/gpfs/tardis/home/xpz5km/Cahn_Hilliard_Model_HPC/spinodal_decomp/compare_L2_error.py , Line : 19, Func.Name : read_specific_lines, Message : digits.append(float(i))']
match None
match None
match <re.Match object; span=(0, 59), match='NMG_Python_20_dt_5.50e-06_Nx_256_neumann_dtout_20>
Python,20,256,neumann,20,20,25p
NMG_Python_20_dt_5.50e-06_Nx_256_neumann_dtout_2025pphi.csv
Exception type : ValueError 
Exception message : could not convert string to float: '(-0.32927592388756166+0j)'
Stack trace : ['File : /sfs/gpfs/tardis/home/xpz5km/Cahn_Hilliard_Model_HPC/spinodal_decomp/compare_L2_error.py , Line : 86, Func.Name : compare_L2_error_at_timepoint, Message : snapshot_SAV = read_specific_lines(f"{root}/{SAV_fname}", line_list)', 'File : /sfs/gpfs/tardis/home/xpz5km/Cahn_Hilliard_Model_HPC/spinodal_decomp/compare_L2_error.py , Line : 19, Func.Name : read_specific_lines, Message : digits.append(float(i))']
match <re.Match object; span=(0, 61), match='SAV_Python_2000_dt_5.50e-06_Nx_512_neumann_dtout_>
match None
match None
match None
match <re.Match object; span=(0, 62), match='SAV_Python_2000_dt_5.50e-06_Nx_64_neumann_dtout_2>
Python,2000,64,neumann,2000,2000,75p not recorded; dt_out too large.
match None
match None
match None
match None
match None
match None
match None
match None
match <re.Match object; span=(0, 59), match='NMG_Python_20_dt_5.50e-06_Nx_128_neumann_dtout_20>
Python,20,128,neumann,20,20,25p
NMG_Python_20_dt_5.50e-06_Nx_128_neumann_dtout_2025pphi.csv
Exception type : ValueError 
Exception message : could not convert string to float: '(-0.10276645075364461+0j)'
Stack trace : ['File : /sfs/gpfs/tardis/home/xpz5km/Cahn_Hilliard_Model_HPC/spinodal_decomp/compare_L2_error.py , Line : 86, Func.Name : compare_L2_error_at_timepoint, Message : snapshot_SAV = read_specific_lines(f"{root}/{SAV_fname}", line_list)', 'File : /sfs/gpfs/tardis/home/xpz5km/Cahn_Hilliard_Model_HPC/spinodal_decomp/compare_L2_error.py , Line : 19, Func.Name : read_specific_lines, Message : digits.append(float(i))']
match None
match <re.Match object; span=(0, 62), match='SAV_Python_2000_dt_5.50e-06_Nx_256_periodic_dtout>
match <re.Match object; span=(0, 59), match='NMG_Python_20_dt_5.50e-06_Nx_64_periodic_dtout_20>
Python,20,64,periodic,20,20,75p
NMG_Python_20_dt_5.50e-06_Nx_64_periodic_dtout_2075pphi.csv
Exception type : ValueError 
Exception message : could not convert string to float: '(0.36662716665050266+0j)'
Stack trace : ['File : /sfs/gpfs/tardis/home/xpz5km/Cahn_Hilliard_Model_HPC/spinodal_decomp/compare_L2_error.py , Line : 86, Func.Name : compare_L2_error_at_timepoint, Message : snapshot_SAV = read_specific_lines(f"{root}/{SAV_fname}", line_list)', 'File : /sfs/gpfs/tardis/home/xpz5km/Cahn_Hilliard_Model_HPC/spinodal_decomp/compare_L2_error.py , Line : 19, Func.Name : read_specific_lines, Message : digits.append(float(i))']
match None
match <re.Match object; span=(0, 59), match='NMG_Python_20_dt_5.50e-06_Nx_256_periodic_dtout_1>
Python,20,256,periodic,1,1,75p
NMG_Python_20_dt_5.50e-06_Nx_256_periodic_dtout_175pphi.csv
Exception type : ValueError 
Exception message : could not convert string to float: '(0.5623627386630503+0j)'
Stack trace : ['File : /sfs/gpfs/tardis/home/xpz5km/Cahn_Hilliard_Model_HPC/spinodal_decomp/compare_L2_error.py , Line : 86, Func.Name : compare_L2_error_at_timepoint, Message : snapshot_SAV = read_specific_lines(f"{root}/{SAV_fname}", line_list)', 'File : /sfs/gpfs/tardis/home/xpz5km/Cahn_Hilliard_Model_HPC/spinodal_decomp/compare_L2_error.py , Line : 19, Func.Name : read_specific_lines, Message : digits.append(float(i))']
match <re.Match object; span=(0, 58), match='NMG_Python_20_dt_5.50e-06_Nx_64_periodic_dtout_15>
Python,20,64,periodic,1,1,50p
NMG_Python_20_dt_5.50e-06_Nx_64_periodic_dtout_150pphi.csv
Exception type : ValueError 
Exception message : could not convert string to float: '(-0.278674851832473+0j)'
Stack trace : ['File : /sfs/gpfs/tardis/home/xpz5km/Cahn_Hilliard_Model_HPC/spinodal_decomp/compare_L2_error.py , Line : 86, Func.Name : compare_L2_error_at_timepoint, Message : snapshot_SAV = read_specific_lines(f"{root}/{SAV_fname}", line_list)', 'File : /sfs/gpfs/tardis/home/xpz5km/Cahn_Hilliard_Model_HPC/spinodal_decomp/compare_L2_error.py , Line : 19, Func.Name : read_specific_lines, Message : digits.append(float(i))']
match <re.Match object; span=(0, 60), match='SAV_Python_2000_dt_5.50e-06_Nx_64_neumann_dtout_1>
match <re.Match object; span=(0, 59), match='NMG_Python_20_dt_5.50e-06_Nx_128_periodic_dtout_1>
Python,20,128,periodic,1,1,25p
NMG_Python_20_dt_5.50e-06_Nx_128_periodic_dtout_125pphi.csv
Exception type : ValueError 
Exception message : could not convert string to float: '(-0.5256586594770035+0j)'
Stack trace : ['File : /sfs/gpfs/tardis/home/xpz5km/Cahn_Hilliard_Model_HPC/spinodal_decomp/compare_L2_error.py , Line : 86, Func.Name : compare_L2_error_at_timepoint, Message : snapshot_SAV = read_specific_lines(f"{root}/{SAV_fname}", line_list)', 'File : /sfs/gpfs/tardis/home/xpz5km/Cahn_Hilliard_Model_HPC/spinodal_decomp/compare_L2_error.py , Line : 19, Func.Name : read_specific_lines, Message : digits.append(float(i))']
match None
match None
match None
match None
match None
match <re.Match object; span=(0, 61), match='SAV_Python_2000_dt_5.50e-06_Nx_128_neumann_dtout_>
match None
match <re.Match object; span=(0, 60), match='SAV_Python_2000_dt_5.50e-06_Nx_64_neumann_dtout_1>
match None
8
match None
match None
match <re.Match object; span=(0, 59), match='NMG_Python_20_dt_5.50e-06_Nx_256_neumann_dtout_20>
Python,20,256,neumann,20,20,75p
NMG_Python_20_dt_5.50e-06_Nx_256_neumann_dtout_2075pphi.csv
Exception type : ValueError 
Exception message : could not convert string to float: '(0.41950652511946407+0j)'
Stack trace : ['File : /sfs/gpfs/tardis/home/xpz5km/Cahn_Hilliard_Model_HPC/spinodal_decomp/compare_L2_error.py , Line : 86, Func.Name : compare_L2_error_at_timepoint, Message : snapshot_SAV = read_specific_lines(f"{root}/{SAV_fname}", line_list)', 'File : /sfs/gpfs/tardis/home/xpz5km/Cahn_Hilliard_Model_HPC/spinodal_decomp/compare_L2_error.py , Line : 19, Func.Name : read_specific_lines, Message : digits.append(float(i))']
match None
match None
match None
match None
match None
match None
match None
match <re.Match object; span=(0, 62), match='SAV_Python_2000_dt_5.50e-06_Nx_128_periodic_dtout>
match None
match None
match None
match None
match None
match None
match None
match None
match None
match None
match <re.Match object; span=(0, 63), match='SAV_Python_2000_dt_5.50e-06_Nx_256_neumann_dtout_>
Python,2000,256,neumann,2000,2000,25p not recorded; dt_out too large.
match <re.Match object; span=(0, 61), match='SAV_Python_2000_dt_5.50e-06_Nx_128_neumann_dtout_>
match <re.Match object; span=(0, 60), match='NMG_Python_20_dt_5.50e-06_Nx_128_periodic_dtout_2>
Python,20,128,periodic,20,20,25p
NMG_Python_20_dt_5.50e-06_Nx_128_periodic_dtout_2025pphi.csv
Exception type : ValueError 
Exception message : could not convert string to float: '(-0.5392675015155758+0j)'
Stack trace : ['File : /sfs/gpfs/tardis/home/xpz5km/Cahn_Hilliard_Model_HPC/spinodal_decomp/compare_L2_error.py , Line : 86, Func.Name : compare_L2_error_at_timepoint, Message : snapshot_SAV = read_specific_lines(f"{root}/{SAV_fname}", line_list)', 'File : /sfs/gpfs/tardis/home/xpz5km/Cahn_Hilliard_Model_HPC/spinodal_decomp/compare_L2_error.py , Line : 19, Func.Name : read_specific_lines, Message : digits.append(float(i))']
match None
match None
match <re.Match object; span=(0, 64), match='SAV_Python_2000_dt_5.50e-06_Nx_256_periodic_dtout>
Python,2000,256,periodic,2000,2000,50p not recorded; dt_out too large.
match None
match <re.Match object; span=(0, 60), match='NMG_Python_20_dt_5.50e-06_Nx_256_periodic_dtout_2>
Python,20,256,periodic,20,20,25p
NMG_Python_20_dt_5.50e-06_Nx_256_periodic_dtout_2025pphi.csv
Exception type : ValueError 
Exception message : could not convert string to float: '(-0.4170151417869721+0j)'
Stack trace : ['File : /sfs/gpfs/tardis/home/xpz5km/Cahn_Hilliard_Model_HPC/spinodal_decomp/compare_L2_error.py , Line : 86, Func.Name : compare_L2_error_at_timepoint, Message : snapshot_SAV = read_specific_lines(f"{root}/{SAV_fname}", line_list)', 'File : /sfs/gpfs/tardis/home/xpz5km/Cahn_Hilliard_Model_HPC/spinodal_decomp/compare_L2_error.py , Line : 19, Func.Name : read_specific_lines, Message : digits.append(float(i))']
match <re.Match object; span=(0, 59), match='NMG_Python_20_dt_5.50e-06_Nx_512_neumann_dtout_20>
Python,20,512,neumann,20,20,50p
NMG_Python_20_dt_5.50e-06_Nx_512_neumann_dtout_2050pphi.csv
Exception type : ValueError 
Exception message : could not convert string to float: '(0.3765941854894782+0j)'
Stack trace : ['File : /sfs/gpfs/tardis/home/xpz5km/Cahn_Hilliard_Model_HPC/spinodal_decomp/compare_L2_error.py , Line : 86, Func.Name : compare_L2_error_at_timepoint, Message : snapshot_SAV = read_specific_lines(f"{root}/{SAV_fname}", line_list)', 'File : /sfs/gpfs/tardis/home/xpz5km/Cahn_Hilliard_Model_HPC/spinodal_decomp/compare_L2_error.py , Line : 19, Func.Name : read_specific_lines, Message : digits.append(float(i))']
match None
match None
match None
match None
match None
match None
match <re.Match object; span=(0, 64), match='SAV_Python_2000_dt_5.50e-06_Nx_512_periodic_dtout>
Python,2000,512,periodic,2000,2000,25p not recorded; dt_out too large.
match None
match None
match <re.Match object; span=(0, 63), match='SAV_Python_2000_dt_5.50e-06_Nx_64_periodic_dtout_>
Python,2000,64,periodic,2000,2000,75p not recorded; dt_out too large.
match None
match <re.Match object; span=(0, 64), match='SAV_Python_2000_dt_5.50e-06_Nx_256_periodic_dtout>
Python,2000,256,periodic,2000,2000,25p not recorded; dt_out too large.
match None
match None
match None
match None
match None
match None
match None
match None
match None
match None
match None
match None
match None
match None
match None
match None
match <re.Match object; span=(0, 61), match='SAV_Python_2000_dt_5.50e-06_Nx_64_periodic_dtout_>
match None
match None
match <re.Match object; span=(0, 63), match='SAV_Python_2000_dt_5.50e-06_Nx_256_neumann_dtout_>
Python,2000,256,neumann,2000,2000,75p not recorded; dt_out too large.
match None
match None
match <re.Match object; span=(0, 64), match='SAV_Python_2000_dt_5.50e-06_Nx_128_periodic_dtout>
Python,2000,128,periodic,2000,2000,75p not recorded; dt_out too large.
match None
match None
match None
match None
match None
match None
match <re.Match object; span=(0, 58), match='NMG_Python_20_dt_5.50e-06_Nx_128_neumann_dtout_12>
Python,20,128,neumann,1,1,25p
NMG_Python_20_dt_5.50e-06_Nx_128_neumann_dtout_125pphi.csv
Exception type : ValueError 
Exception message : could not convert string to float: '(-0.2133562366633181+0j)'
Stack trace : ['File : /sfs/gpfs/tardis/home/xpz5km/Cahn_Hilliard_Model_HPC/spinodal_decomp/compare_L2_error.py , Line : 86, Func.Name : compare_L2_error_at_timepoint, Message : snapshot_SAV = read_specific_lines(f"{root}/{SAV_fname}", line_list)', 'File : /sfs/gpfs/tardis/home/xpz5km/Cahn_Hilliard_Model_HPC/spinodal_decomp/compare_L2_error.py , Line : 19, Func.Name : read_specific_lines, Message : digits.append(float(i))']
match <re.Match object; span=(0, 64), match='SAV_Python_2000_dt_5.50e-06_Nx_256_periodic_dtout>
Python,2000,256,periodic,2000,2000,75p not recorded; dt_out too large.
match None
match None
match None
match None
match None
match <re.Match object; span=(0, 59), match='NMG_Python_20_dt_5.50e-06_Nx_256_neumann_dtout_20>
Python,20,256,neumann,20,20,50p
NMG_Python_20_dt_5.50e-06_Nx_256_neumann_dtout_2050pphi.csv
Exception type : ValueError 
Exception message : could not convert string to float: '(0.07069788833767843+0j)'
Stack trace : ['File : /sfs/gpfs/tardis/home/xpz5km/Cahn_Hilliard_Model_HPC/spinodal_decomp/compare_L2_error.py , Line : 86, Func.Name : compare_L2_error_at_timepoint, Message : snapshot_SAV = read_specific_lines(f"{root}/{SAV_fname}", line_list)', 'File : /sfs/gpfs/tardis/home/xpz5km/Cahn_Hilliard_Model_HPC/spinodal_decomp/compare_L2_error.py , Line : 19, Func.Name : read_specific_lines, Message : digits.append(float(i))']
match None
match None
match <re.Match object; span=(0, 61), match='SAV_Python_2000_dt_5.50e-06_Nx_64_periodic_dtout_>
match None
match <re.Match object; span=(0, 63), match='SAV_Python_2000_dt_5.50e-06_Nx_128_neumann_dtout_>
Python,2000,128,neumann,2000,2000,25p not recorded; dt_out too large.
match None
match None
match None
match None
match <re.Match object; span=(0, 58), match='NMG_Python_20_dt_5.50e-06_Nx_64_periodic_dtout_17>
Python,20,64,periodic,1,1,75p
NMG_Python_20_dt_5.50e-06_Nx_64_periodic_dtout_175pphi.csv
Exception type : ValueError 
Exception message : could not convert string to float: '(0.5140122102340152+0j)'
Stack trace : ['File : /sfs/gpfs/tardis/home/xpz5km/Cahn_Hilliard_Model_HPC/spinodal_decomp/compare_L2_error.py , Line : 86, Func.Name : compare_L2_error_at_timepoint, Message : snapshot_SAV = read_specific_lines(f"{root}/{SAV_fname}", line_list)', 'File : /sfs/gpfs/tardis/home/xpz5km/Cahn_Hilliard_Model_HPC/spinodal_decomp/compare_L2_error.py , Line : 19, Func.Name : read_specific_lines, Message : digits.append(float(i))']
match <re.Match object; span=(0, 61), match='SAV_Python_2000_dt_5.50e-06_Nx_256_neumann_dtout_>
match None
match None
match None
match None
match None
match <re.Match object; span=(0, 59), match='NMG_Python_20_dt_5.50e-06_Nx_256_periodic_dtout_1>
Python,20,256,periodic,1,1,50p
NMG_Python_20_dt_5.50e-06_Nx_256_periodic_dtout_150pphi.csv
Exception type : ValueError 
Exception message : could not convert string to float: '(-0.06390560426549853+0j)'
Stack trace : ['File : /sfs/gpfs/tardis/home/xpz5km/Cahn_Hilliard_Model_HPC/spinodal_decomp/compare_L2_error.py , Line : 86, Func.Name : compare_L2_error_at_timepoint, Message : snapshot_SAV = read_specific_lines(f"{root}/{SAV_fname}", line_list)', 'File : /sfs/gpfs/tardis/home/xpz5km/Cahn_Hilliard_Model_HPC/spinodal_decomp/compare_L2_error.py , Line : 19, Func.Name : read_specific_lines, Message : digits.append(float(i))']
match <re.Match object; span=(0, 61), match='SAV_Python_2000_dt_5.50e-06_Nx_64_periodic_dtout_>
match None
match <re.Match object; span=(0, 58), match='NMG_Python_20_dt_5.50e-06_Nx_128_neumann_dtout_17>
Python,20,128,neumann,1,1,75p
NMG_Python_20_dt_5.50e-06_Nx_128_neumann_dtout_175pphi.csv
Exception type : ValueError 
Exception message : could not convert string to float: '(0.7441845207270731+0j)'
Stack trace : ['File : /sfs/gpfs/tardis/home/xpz5km/Cahn_Hilliard_Model_HPC/spinodal_decomp/compare_L2_error.py , Line : 86, Func.Name : compare_L2_error_at_timepoint, Message : snapshot_SAV = read_specific_lines(f"{root}/{SAV_fname}", line_list)', 'File : /sfs/gpfs/tardis/home/xpz5km/Cahn_Hilliard_Model_HPC/spinodal_decomp/compare_L2_error.py , Line : 19, Func.Name : read_specific_lines, Message : digits.append(float(i))']
match None
match None
match <re.Match object; span=(0, 61), match='SAV_Python_2000_dt_5.50e-06_Nx_512_neumann_dtout_>
match None
match None
match None
match None
match None
match None
match None
match None
match None
match None
match <re.Match object; span=(0, 61), match='SAV_Python_2000_dt_5.50e-06_Nx_256_neumann_dtout_>
match None
match <re.Match object; span=(0, 57), match='NMG_Python_20_dt_5.50e-06_Nx_64_neumann_dtout_150>
Python,20,64,neumann,1,1,50p
NMG_Python_20_dt_5.50e-06_Nx_64_neumann_dtout_150pphi.csv
Exception type : ValueError 
Exception message : could not convert string to float: '(-0.5014085273008673+0j)'
Stack trace : ['File : /sfs/gpfs/tardis/home/xpz5km/Cahn_Hilliard_Model_HPC/spinodal_decomp/compare_L2_error.py , Line : 86, Func.Name : compare_L2_error_at_timepoint, Message : snapshot_SAV = read_specific_lines(f"{root}/{SAV_fname}", line_list)', 'File : /sfs/gpfs/tardis/home/xpz5km/Cahn_Hilliard_Model_HPC/spinodal_decomp/compare_L2_error.py , Line : 19, Func.Name : read_specific_lines, Message : digits.append(float(i))']
match None
match <re.Match object; span=(0, 58), match='NMG_Python_20_dt_5.50e-06_Nx_256_neumann_dtout_15>
Python,20,256,neumann,1,1,50p
NMG_Python_20_dt_5.50e-06_Nx_256_neumann_dtout_150pphi.csv
Exception type : ValueError 
Exception message : could not convert string to float: '(0.03775289812594008+0j)'
Stack trace : ['File : /sfs/gpfs/tardis/home/xpz5km/Cahn_Hilliard_Model_HPC/spinodal_decomp/compare_L2_error.py , Line : 86, Func.Name : compare_L2_error_at_timepoint, Message : snapshot_SAV = read_specific_lines(f"{root}/{SAV_fname}", line_list)', 'File : /sfs/gpfs/tardis/home/xpz5km/Cahn_Hilliard_Model_HPC/spinodal_decomp/compare_L2_error.py , Line : 19, Func.Name : read_specific_lines, Message : digits.append(float(i))']
match <re.Match object; span=(0, 58), match='NMG_Python_20_dt_5.50e-06_Nx_512_neumann_dtout_12>
Python,20,512,neumann,1,1,25p
NMG_Python_20_dt_5.50e-06_Nx_512_neumann_dtout_125pphi.csv
Exception type : ValueError 
Exception message : could not convert string to float: '(-0.14126385105158862+0j)'
Stack trace : ['File : /sfs/gpfs/tardis/home/xpz5km/Cahn_Hilliard_Model_HPC/spinodal_decomp/compare_L2_error.py , Line : 86, Func.Name : compare_L2_error_at_timepoint, Message : snapshot_SAV = read_specific_lines(f"{root}/{SAV_fname}", line_list)', 'File : /sfs/gpfs/tardis/home/xpz5km/Cahn_Hilliard_Model_HPC/spinodal_decomp/compare_L2_error.py , Line : 19, Func.Name : read_specific_lines, Message : digits.append(float(i))']
match None
match None
match <re.Match object; span=(0, 62), match='SAV_Python_2000_dt_5.50e-06_Nx_512_periodic_dtout>
match None
match None
match <re.Match object; span=(0, 63), match='SAV_Python_2000_dt_5.50e-06_Nx_128_neumann_dtout_>
Python,2000,128,neumann,2000,2000,50p not recorded; dt_out too large.
match None
match None
match <re.Match object; span=(0, 64), match='SAV_Python_2000_dt_5.50e-06_Nx_512_periodic_dtout>
Python,2000,512,periodic,2000,2000,50p not recorded; dt_out too large.
match <re.Match object; span=(0, 61), match='SAV_Python_2000_dt_5.50e-06_Nx_512_neumann_dtout_>
match None
match None
match None
match None
match <re.Match object; span=(0, 58), match='NMG_Python_20_dt_5.50e-06_Nx_256_neumann_dtout_17>
Python,20,256,neumann,1,1,75p
NMG_Python_20_dt_5.50e-06_Nx_256_neumann_dtout_175pphi.csv
Exception type : ValueError 
Exception message : could not convert string to float: '(0.47267780771651097+0j)'
Stack trace : ['File : /sfs/gpfs/tardis/home/xpz5km/Cahn_Hilliard_Model_HPC/spinodal_decomp/compare_L2_error.py , Line : 86, Func.Name : compare_L2_error_at_timepoint, Message : snapshot_SAV = read_specific_lines(f"{root}/{SAV_fname}", line_list)', 'File : /sfs/gpfs/tardis/home/xpz5km/Cahn_Hilliard_Model_HPC/spinodal_decomp/compare_L2_error.py , Line : 19, Func.Name : read_specific_lines, Message : digits.append(float(i))']
match None
match <re.Match object; span=(0, 61), match='SAV_Python_2000_dt_5.50e-06_Nx_128_neumann_dtout_>
match None
match None
match None
match None
match None
match <re.Match object; span=(0, 59), match='NMG_Python_20_dt_5.50e-06_Nx_128_neumann_dtout_20>
Python,20,128,neumann,20,20,50p
NMG_Python_20_dt_5.50e-06_Nx_128_neumann_dtout_2050pphi.csv
Exception type : ValueError 
Exception message : could not convert string to float: '(0.4578281761662219+0j)'
Stack trace : ['File : /sfs/gpfs/tardis/home/xpz5km/Cahn_Hilliard_Model_HPC/spinodal_decomp/compare_L2_error.py , Line : 86, Func.Name : compare_L2_error_at_timepoint, Message : snapshot_SAV = read_specific_lines(f"{root}/{SAV_fname}", line_list)', 'File : /sfs/gpfs/tardis/home/xpz5km/Cahn_Hilliard_Model_HPC/spinodal_decomp/compare_L2_error.py , Line : 19, Func.Name : read_specific_lines, Message : digits.append(float(i))']
match None
match <re.Match object; span=(0, 59), match='NMG_Python_20_dt_5.50e-06_Nx_128_periodic_dtout_1>
Python,20,128,periodic,1,1,50p
NMG_Python_20_dt_5.50e-06_Nx_128_periodic_dtout_150pphi.csv
Exception type : ValueError 
Exception message : could not convert string to float: '(-0.21592550924211704+0j)'
Stack trace : ['File : /sfs/gpfs/tardis/home/xpz5km/Cahn_Hilliard_Model_HPC/spinodal_decomp/compare_L2_error.py , Line : 86, Func.Name : compare_L2_error_at_timepoint, Message : snapshot_SAV = read_specific_lines(f"{root}/{SAV_fname}", line_list)', 'File : /sfs/gpfs/tardis/home/xpz5km/Cahn_Hilliard_Model_HPC/spinodal_decomp/compare_L2_error.py , Line : 19, Func.Name : read_specific_lines, Message : digits.append(float(i))']
match <re.Match object; span=(0, 58), match='NMG_Python_20_dt_5.50e-06_Nx_256_neumann_dtout_12>
Python,20,256,neumann,1,1,25p
NMG_Python_20_dt_5.50e-06_Nx_256_neumann_dtout_125pphi.csv
Exception type : ValueError 
Exception message : could not convert string to float: '(-0.4155814696960587+0j)'
Stack trace : ['File : /sfs/gpfs/tardis/home/xpz5km/Cahn_Hilliard_Model_HPC/spinodal_decomp/compare_L2_error.py , Line : 86, Func.Name : compare_L2_error_at_timepoint, Message : snapshot_SAV = read_specific_lines(f"{root}/{SAV_fname}", line_list)', 'File : /sfs/gpfs/tardis/home/xpz5km/Cahn_Hilliard_Model_HPC/spinodal_decomp/compare_L2_error.py , Line : 19, Func.Name : read_specific_lines, Message : digits.append(float(i))']
match None
match <re.Match object; span=(0, 57), match='NMG_Python_20_dt_5.50e-06_Nx_64_neumann_dtout_175>
Python,20,64,neumann,1,1,75p
NMG_Python_20_dt_5.50e-06_Nx_64_neumann_dtout_175pphi.csv
Exception type : ValueError 
Exception message : could not convert string to float: '(0.01816794244298671+0j)'
Stack trace : ['File : /sfs/gpfs/tardis/home/xpz5km/Cahn_Hilliard_Model_HPC/spinodal_decomp/compare_L2_error.py , Line : 86, Func.Name : compare_L2_error_at_timepoint, Message : snapshot_SAV = read_specific_lines(f"{root}/{SAV_fname}", line_list)', 'File : /sfs/gpfs/tardis/home/xpz5km/Cahn_Hilliard_Model_HPC/spinodal_decomp/compare_L2_error.py , Line : 19, Func.Name : read_specific_lines, Message : digits.append(float(i))']
match None
match None
match None
match <re.Match object; span=(0, 59), match='NMG_Python_20_dt_5.50e-06_Nx_256_periodic_dtout_1>
Python,20,256,periodic,1,1,25p
NMG_Python_20_dt_5.50e-06_Nx_256_periodic_dtout_125pphi.csv
Exception type : ValueError 
Exception message : could not convert string to float: '(-0.4319081247946227+0j)'
Stack trace : ['File : /sfs/gpfs/tardis/home/xpz5km/Cahn_Hilliard_Model_HPC/spinodal_decomp/compare_L2_error.py , Line : 86, Func.Name : compare_L2_error_at_timepoint, Message : snapshot_SAV = read_specific_lines(f"{root}/{SAV_fname}", line_list)', 'File : /sfs/gpfs/tardis/home/xpz5km/Cahn_Hilliard_Model_HPC/spinodal_decomp/compare_L2_error.py , Line : 19, Func.Name : read_specific_lines, Message : digits.append(float(i))']
match <re.Match object; span=(0, 59), match='NMG_Python_20_dt_5.50e-06_Nx_64_periodic_dtout_20>
Python,20,64,periodic,20,20,25p
NMG_Python_20_dt_5.50e-06_Nx_64_periodic_dtout_2025pphi.csv
Exception type : ValueError 
Exception message : could not convert string to float: '(-0.2607501952412769+0j)'
Stack trace : ['File : /sfs/gpfs/tardis/home/xpz5km/Cahn_Hilliard_Model_HPC/spinodal_decomp/compare_L2_error.py , Line : 86, Func.Name : compare_L2_error_at_timepoint, Message : snapshot_SAV = read_specific_lines(f"{root}/{SAV_fname}", line_list)', 'File : /sfs/gpfs/tardis/home/xpz5km/Cahn_Hilliard_Model_HPC/spinodal_decomp/compare_L2_error.py , Line : 19, Func.Name : read_specific_lines, Message : digits.append(float(i))']
match None
match None
match <re.Match object; span=(0, 59), match='NMG_Python_20_dt_5.50e-06_Nx_512_periodic_dtout_1>
Python,20,512,periodic,1,1,50p
NMG_Python_20_dt_5.50e-06_Nx_512_periodic_dtout_150pphi.csv
Exception type : ValueError 
Exception message : could not convert string to float: '(0.5721658424246753+0j)'
Stack trace : ['File : /sfs/gpfs/tardis/home/xpz5km/Cahn_Hilliard_Model_HPC/spinodal_decomp/compare_L2_error.py , Line : 86, Func.Name : compare_L2_error_at_timepoint, Message : snapshot_SAV = read_specific_lines(f"{root}/{SAV_fname}", line_list)', 'File : /sfs/gpfs/tardis/home/xpz5km/Cahn_Hilliard_Model_HPC/spinodal_decomp/compare_L2_error.py , Line : 19, Func.Name : read_specific_lines, Message : digits.append(float(i))']
match None
match None
match None
match None
match None
match None
match None
match <re.Match object; span=(0, 63), match='SAV_Python_2000_dt_5.50e-06_Nx_512_neumann_dtout_>
Python,2000,512,neumann,2000,2000,50p not recorded; dt_out too large.
match <re.Match object; span=(0, 62), match='SAV_Python_2000_dt_5.50e-06_Nx_512_periodic_dtout>
match <re.Match object; span=(0, 63), match='SAV_Python_2000_dt_5.50e-06_Nx_512_neumann_dtout_>
Python,2000,512,neumann,2000,2000,75p not recorded; dt_out too large.
match None
match <re.Match object; span=(0, 60), match='NMG_Python_20_dt_5.50e-06_Nx_512_periodic_dtout_2>
Python,20,512,periodic,20,20,25p
NMG_Python_20_dt_5.50e-06_Nx_512_periodic_dtout_2025pphi.csv
Exception type : ValueError 
Exception message : could not convert string to float: '(-0.5924427840366981+0j)'
Stack trace : ['File : /sfs/gpfs/tardis/home/xpz5km/Cahn_Hilliard_Model_HPC/spinodal_decomp/compare_L2_error.py , Line : 86, Func.Name : compare_L2_error_at_timepoint, Message : snapshot_SAV = read_specific_lines(f"{root}/{SAV_fname}", line_list)', 'File : /sfs/gpfs/tardis/home/xpz5km/Cahn_Hilliard_Model_HPC/spinodal_decomp/compare_L2_error.py , Line : 19, Func.Name : read_specific_lines, Message : digits.append(float(i))']
match None
match <re.Match object; span=(0, 58), match='NMG_Python_20_dt_5.50e-06_Nx_64_neumann_dtout_205>
Python,20,64,neumann,20,20,50p
NMG_Python_20_dt_5.50e-06_Nx_64_neumann_dtout_2050pphi.csv
Exception type : ValueError 
Exception message : could not convert string to float: '(-0.8193172180077055+0j)'
Stack trace : ['File : /sfs/gpfs/tardis/home/xpz5km/Cahn_Hilliard_Model_HPC/spinodal_decomp/compare_L2_error.py , Line : 86, Func.Name : compare_L2_error_at_timepoint, Message : snapshot_SAV = read_specific_lines(f"{root}/{SAV_fname}", line_list)', 'File : /sfs/gpfs/tardis/home/xpz5km/Cahn_Hilliard_Model_HPC/spinodal_decomp/compare_L2_error.py , Line : 19, Func.Name : read_specific_lines, Message : digits.append(float(i))']
match <re.Match object; span=(0, 59), match='NMG_Python_20_dt_5.50e-06_Nx_128_neumann_dtout_20>
Python,20,128,neumann,20,20,75p
NMG_Python_20_dt_5.50e-06_Nx_128_neumann_dtout_2075pphi.csv
Exception type : ValueError 
Exception message : could not convert string to float: '(1.0070442820402468+0j)'
Stack trace : ['File : /sfs/gpfs/tardis/home/xpz5km/Cahn_Hilliard_Model_HPC/spinodal_decomp/compare_L2_error.py , Line : 86, Func.Name : compare_L2_error_at_timepoint, Message : snapshot_SAV = read_specific_lines(f"{root}/{SAV_fname}", line_list)', 'File : /sfs/gpfs/tardis/home/xpz5km/Cahn_Hilliard_Model_HPC/spinodal_decomp/compare_L2_error.py , Line : 19, Func.Name : read_specific_lines, Message : digits.append(float(i))']
match <re.Match object; span=(0, 57), match='NMG_Python_20_dt_5.50e-06_Nx_64_neumann_dtout_125>
Python,20,64,neumann,1,1,25p
NMG_Python_20_dt_5.50e-06_Nx_64_neumann_dtout_125pphi.csv
Exception type : ValueError 
Exception message : could not convert string to float: '(-0.6140534911320968+0j)'
Stack trace : ['File : /sfs/gpfs/tardis/home/xpz5km/Cahn_Hilliard_Model_HPC/spinodal_decomp/compare_L2_error.py , Line : 86, Func.Name : compare_L2_error_at_timepoint, Message : snapshot_SAV = read_specific_lines(f"{root}/{SAV_fname}", line_list)', 'File : /sfs/gpfs/tardis/home/xpz5km/Cahn_Hilliard_Model_HPC/spinodal_decomp/compare_L2_error.py , Line : 19, Func.Name : read_specific_lines, Message : digits.append(float(i))']
match None
match None
match None
match <re.Match object; span=(0, 62), match='SAV_Python_2000_dt_5.50e-06_Nx_64_neumann_dtout_2>
Python,2000,64,neumann,2000,2000,25p not recorded; dt_out too large.
match None
match None
match None
match <re.Match object; span=(0, 59), match='NMG_Python_20_dt_5.50e-06_Nx_512_periodic_dtout_1>
Python,20,512,periodic,1,1,25p
NMG_Python_20_dt_5.50e-06_Nx_512_periodic_dtout_125pphi.csv
Exception type : ValueError 
Exception message : could not convert string to float: '(-0.5506018685592469+0j)'
Stack trace : ['File : /sfs/gpfs/tardis/home/xpz5km/Cahn_Hilliard_Model_HPC/spinodal_decomp/compare_L2_error.py , Line : 86, Func.Name : compare_L2_error_at_timepoint, Message : snapshot_SAV = read_specific_lines(f"{root}/{SAV_fname}", line_list)', 'File : /sfs/gpfs/tardis/home/xpz5km/Cahn_Hilliard_Model_HPC/spinodal_decomp/compare_L2_error.py , Line : 19, Func.Name : read_specific_lines, Message : digits.append(float(i))']
match None
match <re.Match object; span=(0, 64), match='SAV_Python_2000_dt_5.50e-06_Nx_128_periodic_dtout>
Python,2000,128,periodic,2000,2000,25p not recorded; dt_out too large.
match <re.Match object; span=(0, 61), match='SAV_Python_2000_dt_5.50e-06_Nx_256_neumann_dtout_>
match None
match None
match None
match None
match <re.Match object; span=(0, 60), match='NMG_Python_20_dt_5.50e-06_Nx_512_periodic_dtout_2>
Python,20,512,periodic,20,20,50p
NMG_Python_20_dt_5.50e-06_Nx_512_periodic_dtout_2050pphi.csv
Exception type : ValueError 
Exception message : could not convert string to float: '(0.14766784652957254+0j)'
Stack trace : ['File : /sfs/gpfs/tardis/home/xpz5km/Cahn_Hilliard_Model_HPC/spinodal_decomp/compare_L2_error.py , Line : 86, Func.Name : compare_L2_error_at_timepoint, Message : snapshot_SAV = read_specific_lines(f"{root}/{SAV_fname}", line_list)', 'File : /sfs/gpfs/tardis/home/xpz5km/Cahn_Hilliard_Model_HPC/spinodal_decomp/compare_L2_error.py , Line : 19, Func.Name : read_specific_lines, Message : digits.append(float(i))']
match <re.Match object; span=(0, 64), match='SAV_Python_2000_dt_5.50e-06_Nx_512_periodic_dtout>
Python,2000,512,periodic,2000,2000,75p not recorded; dt_out too large.
match None
match None
match None
match None
match None
match <re.Match object; span=(0, 59), match='NMG_Python_20_dt_5.50e-06_Nx_128_periodic_dtout_1>
Python,20,128,periodic,1,1,75p
NMG_Python_20_dt_5.50e-06_Nx_128_periodic_dtout_175pphi.csv
Exception type : ValueError 
Exception message : could not convert string to float: '(0.5206448080337325+0j)'
Stack trace : ['File : /sfs/gpfs/tardis/home/xpz5km/Cahn_Hilliard_Model_HPC/spinodal_decomp/compare_L2_error.py , Line : 86, Func.Name : compare_L2_error_at_timepoint, Message : snapshot_SAV = read_specific_lines(f"{root}/{SAV_fname}", line_list)', 'File : /sfs/gpfs/tardis/home/xpz5km/Cahn_Hilliard_Model_HPC/spinodal_decomp/compare_L2_error.py , Line : 19, Func.Name : read_specific_lines, Message : digits.append(float(i))']
match <re.Match object; span=(0, 59), match='NMG_Python_20_dt_5.50e-06_Nx_512_periodic_dtout_1>
Python,20,512,periodic,1,1,75p
NMG_Python_20_dt_5.50e-06_Nx_512_periodic_dtout_175pphi.csv
Exception type : ValueError 
Exception message : could not convert string to float: '(0.6104818575312477+0j)'
Stack trace : ['File : /sfs/gpfs/tardis/home/xpz5km/Cahn_Hilliard_Model_HPC/spinodal_decomp/compare_L2_error.py , Line : 86, Func.Name : compare_L2_error_at_timepoint, Message : snapshot_SAV = read_specific_lines(f"{root}/{SAV_fname}", line_list)', 'File : /sfs/gpfs/tardis/home/xpz5km/Cahn_Hilliard_Model_HPC/spinodal_decomp/compare_L2_error.py , Line : 19, Func.Name : read_specific_lines, Message : digits.append(float(i))']
match None
match None
match None
match None
match <re.Match object; span=(0, 62), match='SAV_Python_2000_dt_5.50e-06_Nx_512_periodic_dtout>
match <re.Match object; span=(0, 62), match='SAV_Python_2000_dt_5.50e-06_Nx_128_periodic_dtout>
match None
match <re.Match object; span=(0, 58), match='NMG_Python_20_dt_5.50e-06_Nx_128_neumann_dtout_15>
Python,20,128,neumann,1,1,50p
NMG_Python_20_dt_5.50e-06_Nx_128_neumann_dtout_150pphi.csv
Exception type : ValueError 
Exception message : could not convert string to float: '(-0.13168900516215748+0j)'
Stack trace : ['File : /sfs/gpfs/tardis/home/xpz5km/Cahn_Hilliard_Model_HPC/spinodal_decomp/compare_L2_error.py , Line : 86, Func.Name : compare_L2_error_at_timepoint, Message : snapshot_SAV = read_specific_lines(f"{root}/{SAV_fname}", line_list)', 'File : /sfs/gpfs/tardis/home/xpz5km/Cahn_Hilliard_Model_HPC/spinodal_decomp/compare_L2_error.py , Line : 19, Func.Name : read_specific_lines, Message : digits.append(float(i))']
match None
match None
match None
match <re.Match object; span=(0, 63), match='SAV_Python_2000_dt_5.50e-06_Nx_64_periodic_dtout_>
Python,2000,64,periodic,2000,2000,25p not recorded; dt_out too large.
match None
match None
match None
match None
match None
match None
match None
match None
match None
match <re.Match object; span=(0, 60), match='NMG_Python_20_dt_5.50e-06_Nx_128_periodic_dtout_2>
Python,20,128,periodic,20,20,75p
NMG_Python_20_dt_5.50e-06_Nx_128_periodic_dtout_2075pphi.csv
Exception type : ValueError 
Exception message : could not convert string to float: '(-0.2259011345264694+0j)'
Stack trace : ['File : /sfs/gpfs/tardis/home/xpz5km/Cahn_Hilliard_Model_HPC/spinodal_decomp/compare_L2_error.py , Line : 86, Func.Name : compare_L2_error_at_timepoint, Message : snapshot_SAV = read_specific_lines(f"{root}/{SAV_fname}", line_list)', 'File : /sfs/gpfs/tardis/home/xpz5km/Cahn_Hilliard_Model_HPC/spinodal_decomp/compare_L2_error.py , Line : 19, Func.Name : read_specific_lines, Message : digits.append(float(i))']
match <re.Match object; span=(0, 62), match='SAV_Python_2000_dt_5.50e-06_Nx_64_neumann_dtout_2>
Python,2000,64,neumann,2000,2000,50p not recorded; dt_out too large.
match <re.Match object; span=(0, 64), match='SAV_Python_2000_dt_5.50e-06_Nx_128_periodic_dtout>
Python,2000,128,periodic,2000,2000,50p not recorded; dt_out too large.
match None
match None
match None
match None
match <re.Match object; span=(0, 60), match='NMG_Python_20_dt_5.50e-06_Nx_256_periodic_dtout_2>
Python,20,256,periodic,20,20,75p
NMG_Python_20_dt_5.50e-06_Nx_256_periodic_dtout_2075pphi.csv
Exception type : ValueError 
Exception message : could not convert string to float: '(0.4813657808640433+0j)'
Stack trace : ['File : /sfs/gpfs/tardis/home/xpz5km/Cahn_Hilliard_Model_HPC/spinodal_decomp/compare_L2_error.py , Line : 86, Func.Name : compare_L2_error_at_timepoint, Message : snapshot_SAV = read_specific_lines(f"{root}/{SAV_fname}", line_list)', 'File : /sfs/gpfs/tardis/home/xpz5km/Cahn_Hilliard_Model_HPC/spinodal_decomp/compare_L2_error.py , Line : 19, Func.Name : read_specific_lines, Message : digits.append(float(i))']
match <re.Match object; span=(0, 58), match='NMG_Python_20_dt_5.50e-06_Nx_512_neumann_dtout_17>
Python,20,512,neumann,1,1,75p
NMG_Python_20_dt_5.50e-06_Nx_512_neumann_dtout_175pphi.csv
Exception type : ValueError 
Exception message : could not convert string to float: '(0.813720408050796+0j)'
Stack trace : ['File : /sfs/gpfs/tardis/home/xpz5km/Cahn_Hilliard_Model_HPC/spinodal_decomp/compare_L2_error.py , Line : 86, Func.Name : compare_L2_error_at_timepoint, Message : snapshot_SAV = read_specific_lines(f"{root}/{SAV_fname}", line_list)', 'File : /sfs/gpfs/tardis/home/xpz5km/Cahn_Hilliard_Model_HPC/spinodal_decomp/compare_L2_error.py , Line : 19, Func.Name : read_specific_lines, Message : digits.append(float(i))']
match <re.Match object; span=(0, 58), match='NMG_Python_20_dt_5.50e-06_Nx_64_neumann_dtout_202>
Python,20,64,neumann,20,20,25p
NMG_Python_20_dt_5.50e-06_Nx_64_neumann_dtout_2025pphi.csv
Exception type : ValueError 
Exception message : could not convert string to float: '(-0.9129498158047057+0j)'
Stack trace : ['File : /sfs/gpfs/tardis/home/xpz5km/Cahn_Hilliard_Model_HPC/spinodal_decomp/compare_L2_error.py , Line : 86, Func.Name : compare_L2_error_at_timepoint, Message : snapshot_SAV = read_specific_lines(f"{root}/{SAV_fname}", line_list)', 'File : /sfs/gpfs/tardis/home/xpz5km/Cahn_Hilliard_Model_HPC/spinodal_decomp/compare_L2_error.py , Line : 19, Func.Name : read_specific_lines, Message : digits.append(float(i))']
match <re.Match object; span=(0, 58), match='NMG_Python_20_dt_5.50e-06_Nx_64_neumann_dtout_207>
Python,20,64,neumann,20,20,75p
NMG_Python_20_dt_5.50e-06_Nx_64_neumann_dtout_2075pphi.csv
Exception type : ValueError 
Exception message : could not convert string to float: '(-0.3181784942992353+0j)'
Stack trace : ['File : /sfs/gpfs/tardis/home/xpz5km/Cahn_Hilliard_Model_HPC/spinodal_decomp/compare_L2_error.py , Line : 86, Func.Name : compare_L2_error_at_timepoint, Message : snapshot_SAV = read_specific_lines(f"{root}/{SAV_fname}", line_list)', 'File : /sfs/gpfs/tardis/home/xpz5km/Cahn_Hilliard_Model_HPC/spinodal_decomp/compare_L2_error.py , Line : 19, Func.Name : read_specific_lines, Message : digits.append(float(i))']
match None
match None
match <re.Match object; span=(0, 62), match='SAV_Python_2000_dt_5.50e-06_Nx_128_periodic_dtout>
match <re.Match object; span=(0, 60), match='SAV_Python_2000_dt_5.50e-06_Nx_64_neumann_dtout_1>
match <re.Match object; span=(0, 63), match='SAV_Python_2000_dt_5.50e-06_Nx_64_periodic_dtout_>
Python,2000,64,periodic,2000,2000,50p not recorded; dt_out too large.
match <re.Match object; span=(0, 60), match='NMG_Python_20_dt_5.50e-06_Nx_512_periodic_dtout_2>
Python,20,512,periodic,20,20,75p
NMG_Python_20_dt_5.50e-06_Nx_512_periodic_dtout_2075pphi.csv
Exception type : ValueError 
Exception message : could not convert string to float: '(0.5212796069949747+0j)'
Stack trace : ['File : /sfs/gpfs/tardis/home/xpz5km/Cahn_Hilliard_Model_HPC/spinodal_decomp/compare_L2_error.py , Line : 86, Func.Name : compare_L2_error_at_timepoint, Message : snapshot_SAV = read_specific_lines(f"{root}/{SAV_fname}", line_list)', 'File : /sfs/gpfs/tardis/home/xpz5km/Cahn_Hilliard_Model_HPC/spinodal_decomp/compare_L2_error.py , Line : 19, Func.Name : read_specific_lines, Message : digits.append(float(i))']
match None
match <re.Match object; span=(0, 59), match='NMG_Python_20_dt_5.50e-06_Nx_512_neumann_dtout_20>
Python,20,512,neumann,20,20,25p
NMG_Python_20_dt_5.50e-06_Nx_512_neumann_dtout_2025pphi.csv
Exception type : ValueError 
Exception message : could not convert string to float: '(-0.19931155268433487+0j)'
Stack trace : ['File : /sfs/gpfs/tardis/home/xpz5km/Cahn_Hilliard_Model_HPC/spinodal_decomp/compare_L2_error.py , Line : 86, Func.Name : compare_L2_error_at_timepoint, Message : snapshot_SAV = read_specific_lines(f"{root}/{SAV_fname}", line_list)', 'File : /sfs/gpfs/tardis/home/xpz5km/Cahn_Hilliard_Model_HPC/spinodal_decomp/compare_L2_error.py , Line : 19, Func.Name : read_specific_lines, Message : digits.append(float(i))']
match <re.Match object; span=(0, 58), match='NMG_Python_20_dt_5.50e-06_Nx_512_neumann_dtout_15>
Python,20,512,neumann,1,1,50p
NMG_Python_20_dt_5.50e-06_Nx_512_neumann_dtout_150pphi.csv
Exception type : ValueError 
Exception message : could not convert string to float: '(0.8781151915290002+0j)'
Stack trace : ['File : /sfs/gpfs/tardis/home/xpz5km/Cahn_Hilliard_Model_HPC/spinodal_decomp/compare_L2_error.py , Line : 86, Func.Name : compare_L2_error_at_timepoint, Message : snapshot_SAV = read_specific_lines(f"{root}/{SAV_fname}", line_list)', 'File : /sfs/gpfs/tardis/home/xpz5km/Cahn_Hilliard_Model_HPC/spinodal_decomp/compare_L2_error.py , Line : 19, Func.Name : read_specific_lines, Message : digits.append(float(i))']
match <re.Match object; span=(0, 58), match='NMG_Python_20_dt_5.50e-06_Nx_64_periodic_dtout_12>
Python,20,64,periodic,1,1,25p
NMG_Python_20_dt_5.50e-06_Nx_64_periodic_dtout_125pphi.csv
Exception type : ValueError 
Exception message : could not convert string to float: '(-0.520917552814907+0j)'
Stack trace : ['File : /sfs/gpfs/tardis/home/xpz5km/Cahn_Hilliard_Model_HPC/spinodal_decomp/compare_L2_error.py , Line : 86, Func.Name : compare_L2_error_at_timepoint, Message : snapshot_SAV = read_specific_lines(f"{root}/{SAV_fname}", line_list)', 'File : /sfs/gpfs/tardis/home/xpz5km/Cahn_Hilliard_Model_HPC/spinodal_decomp/compare_L2_error.py , Line : 19, Func.Name : read_specific_lines, Message : digits.append(float(i))']
match None
match <re.Match object; span=(0, 62), match='SAV_Python_2000_dt_5.50e-06_Nx_256_periodic_dtout>
match <re.Match object; span=(0, 63), match='SAV_Python_2000_dt_5.50e-06_Nx_128_neumann_dtout_>
Python,2000,128,neumann,2000,2000,75p not recorded; dt_out too large.
match <re.Match object; span=(0, 60), match='NMG_Python_20_dt_5.50e-06_Nx_128_periodic_dtout_2>
Python,20,128,periodic,20,20,50p
NMG_Python_20_dt_5.50e-06_Nx_128_periodic_dtout_2050pphi.csv
Exception type : ValueError 
Exception message : could not convert string to float: '(-0.3095721867886947+0j)'
Stack trace : ['File : /sfs/gpfs/tardis/home/xpz5km/Cahn_Hilliard_Model_HPC/spinodal_decomp/compare_L2_error.py , Line : 86, Func.Name : compare_L2_error_at_timepoint, Message : snapshot_SAV = read_specific_lines(f"{root}/{SAV_fname}", line_list)', 'File : /sfs/gpfs/tardis/home/xpz5km/Cahn_Hilliard_Model_HPC/spinodal_decomp/compare_L2_error.py , Line : 19, Func.Name : read_specific_lines, Message : digits.append(float(i))']
match None
match None
match None
match <re.Match object; span=(0, 60), match='NMG_Python_20_dt_5.50e-06_Nx_256_periodic_dtout_2>
Python,20,256,periodic,20,20,50p
NMG_Python_20_dt_5.50e-06_Nx_256_periodic_dtout_2050pphi.csv
Exception type : ValueError 
Exception message : could not convert string to float: '(0.010506962033912721+0j)'
Stack trace : ['File : /sfs/gpfs/tardis/home/xpz5km/Cahn_Hilliard_Model_HPC/spinodal_decomp/compare_L2_error.py , Line : 86, Func.Name : compare_L2_error_at_timepoint, Message : snapshot_SAV = read_specific_lines(f"{root}/{SAV_fname}", line_list)', 'File : /sfs/gpfs/tardis/home/xpz5km/Cahn_Hilliard_Model_HPC/spinodal_decomp/compare_L2_error.py , Line : 19, Func.Name : read_specific_lines, Message : digits.append(float(i))']
match None
match <re.Match object; span=(0, 62), match='SAV_Python_2000_dt_5.50e-06_Nx_256_periodic_dtout>
match None
match <re.Match object; span=(0, 63), match='SAV_Python_2000_dt_5.50e-06_Nx_256_neumann_dtout_>
Python,2000,256,neumann,2000,2000,50p not recorded; dt_out too large.
match None
match None
match <re.Match object; span=(0, 59), match='NMG_Python_20_dt_5.50e-06_Nx_64_periodic_dtout_20>
Python,20,64,periodic,20,20,50p
NMG_Python_20_dt_5.50e-06_Nx_64_periodic_dtout_2050pphi.csv
Exception type : ValueError 
Exception message : could not convert string to float: '(-0.4179450898314091+0j)'
Stack trace : ['File : /sfs/gpfs/tardis/home/xpz5km/Cahn_Hilliard_Model_HPC/spinodal_decomp/compare_L2_error.py , Line : 86, Func.Name : compare_L2_error_at_timepoint, Message : snapshot_SAV = read_specific_lines(f"{root}/{SAV_fname}", line_list)', 'File : /sfs/gpfs/tardis/home/xpz5km/Cahn_Hilliard_Model_HPC/spinodal_decomp/compare_L2_error.py , Line : 19, Func.Name : read_specific_lines, Message : digits.append(float(i))']
match <re.Match object; span=(0, 63), match='SAV_Python_2000_dt_5.50e-06_Nx_512_neumann_dtout_>
Python,2000,512,neumann,2000,2000,25p not recorded; dt_out too large.
match None
match <re.Match object; span=(0, 59), match='NMG_Python_20_dt_5.50e-06_Nx_512_neumann_dtout_20>
Python,20,512,neumann,20,20,75p
NMG_Python_20_dt_5.50e-06_Nx_512_neumann_dtout_2075pphi.csv
Exception type : ValueError 
Exception message : could not convert string to float: '(0.6537176705314839+0j)'
Stack trace : ['File : /sfs/gpfs/tardis/home/xpz5km/Cahn_Hilliard_Model_HPC/spinodal_decomp/compare_L2_error.py , Line : 86, Func.Name : compare_L2_error_at_timepoint, Message : snapshot_SAV = read_specific_lines(f"{root}/{SAV_fname}", line_list)', 'File : /sfs/gpfs/tardis/home/xpz5km/Cahn_Hilliard_Model_HPC/spinodal_decomp/compare_L2_error.py , Line : 19, Func.Name : read_specific_lines, Message : digits.append(float(i))']
match None
match None
match <re.Match object; span=(0, 59), match='NMG_Python_20_dt_5.50e-06_Nx_256_neumann_dtout_20>
Python,20,256,neumann,20,20,25p
NMG_Python_20_dt_5.50e-06_Nx_256_neumann_dtout_2025pphi.csv
Exception type : ValueError 
Exception message : could not convert string to float: '(-0.32927592388756166+0j)'
Stack trace : ['File : /sfs/gpfs/tardis/home/xpz5km/Cahn_Hilliard_Model_HPC/spinodal_decomp/compare_L2_error.py , Line : 86, Func.Name : compare_L2_error_at_timepoint, Message : snapshot_SAV = read_specific_lines(f"{root}/{SAV_fname}", line_list)', 'File : /sfs/gpfs/tardis/home/xpz5km/Cahn_Hilliard_Model_HPC/spinodal_decomp/compare_L2_error.py , Line : 19, Func.Name : read_specific_lines, Message : digits.append(float(i))']
match <re.Match object; span=(0, 61), match='SAV_Python_2000_dt_5.50e-06_Nx_512_neumann_dtout_>
match None
match None
match None
match <re.Match object; span=(0, 62), match='SAV_Python_2000_dt_5.50e-06_Nx_64_neumann_dtout_2>
Python,2000,64,neumann,2000,2000,75p not recorded; dt_out too large.
match None
match None
match None
match None
match None
match None
match None
match None
match <re.Match object; span=(0, 59), match='NMG_Python_20_dt_5.50e-06_Nx_128_neumann_dtout_20>
Python,20,128,neumann,20,20,25p
NMG_Python_20_dt_5.50e-06_Nx_128_neumann_dtout_2025pphi.csv
Exception type : ValueError 
Exception message : could not convert string to float: '(-0.10276645075364461+0j)'
Stack trace : ['File : /sfs/gpfs/tardis/home/xpz5km/Cahn_Hilliard_Model_HPC/spinodal_decomp/compare_L2_error.py , Line : 86, Func.Name : compare_L2_error_at_timepoint, Message : snapshot_SAV = read_specific_lines(f"{root}/{SAV_fname}", line_list)', 'File : /sfs/gpfs/tardis/home/xpz5km/Cahn_Hilliard_Model_HPC/spinodal_decomp/compare_L2_error.py , Line : 19, Func.Name : read_specific_lines, Message : digits.append(float(i))']
match None
match <re.Match object; span=(0, 62), match='SAV_Python_2000_dt_5.50e-06_Nx_256_periodic_dtout>
match <re.Match object; span=(0, 59), match='NMG_Python_20_dt_5.50e-06_Nx_64_periodic_dtout_20>
Python,20,64,periodic,20,20,75p
NMG_Python_20_dt_5.50e-06_Nx_64_periodic_dtout_2075pphi.csv
Exception type : ValueError 
Exception message : could not convert string to float: '(0.36662716665050266+0j)'
Stack trace : ['File : /sfs/gpfs/tardis/home/xpz5km/Cahn_Hilliard_Model_HPC/spinodal_decomp/compare_L2_error.py , Line : 86, Func.Name : compare_L2_error_at_timepoint, Message : snapshot_SAV = read_specific_lines(f"{root}/{SAV_fname}", line_list)', 'File : /sfs/gpfs/tardis/home/xpz5km/Cahn_Hilliard_Model_HPC/spinodal_decomp/compare_L2_error.py , Line : 19, Func.Name : read_specific_lines, Message : digits.append(float(i))']
match None
match <re.Match object; span=(0, 59), match='NMG_Python_20_dt_5.50e-06_Nx_256_periodic_dtout_1>
Python,20,256,periodic,1,1,75p
NMG_Python_20_dt_5.50e-06_Nx_256_periodic_dtout_175pphi.csv
Exception type : ValueError 
Exception message : could not convert string to float: '(0.5628968912237886+0j)'
Stack trace : ['File : /sfs/gpfs/tardis/home/xpz5km/Cahn_Hilliard_Model_HPC/spinodal_decomp/compare_L2_error.py , Line : 86, Func.Name : compare_L2_error_at_timepoint, Message : snapshot_SAV = read_specific_lines(f"{root}/{SAV_fname}", line_list)', 'File : /sfs/gpfs/tardis/home/xpz5km/Cahn_Hilliard_Model_HPC/spinodal_decomp/compare_L2_error.py , Line : 19, Func.Name : read_specific_lines, Message : digits.append(float(i))']
match <re.Match object; span=(0, 58), match='NMG_Python_20_dt_5.50e-06_Nx_64_periodic_dtout_15>
Python,20,64,periodic,1,1,50p
NMG_Python_20_dt_5.50e-06_Nx_64_periodic_dtout_150pphi.csv
Exception type : ValueError 
Exception message : could not convert string to float: '(-0.27296926659417814+0j)'
Stack trace : ['File : /sfs/gpfs/tardis/home/xpz5km/Cahn_Hilliard_Model_HPC/spinodal_decomp/compare_L2_error.py , Line : 86, Func.Name : compare_L2_error_at_timepoint, Message : snapshot_SAV = read_specific_lines(f"{root}/{SAV_fname}", line_list)', 'File : /sfs/gpfs/tardis/home/xpz5km/Cahn_Hilliard_Model_HPC/spinodal_decomp/compare_L2_error.py , Line : 19, Func.Name : read_specific_lines, Message : digits.append(float(i))']
match <re.Match object; span=(0, 60), match='SAV_Python_2000_dt_5.50e-06_Nx_64_neumann_dtout_1>
match <re.Match object; span=(0, 59), match='NMG_Python_20_dt_5.50e-06_Nx_128_periodic_dtout_1>
Python,20,128,periodic,1,1,25p
NMG_Python_20_dt_5.50e-06_Nx_128_periodic_dtout_125pphi.csv
Exception type : ValueError 
Exception message : could not convert string to float: '(-0.524882379793431+0j)'
Stack trace : ['File : /sfs/gpfs/tardis/home/xpz5km/Cahn_Hilliard_Model_HPC/spinodal_decomp/compare_L2_error.py , Line : 86, Func.Name : compare_L2_error_at_timepoint, Message : snapshot_SAV = read_specific_lines(f"{root}/{SAV_fname}", line_list)', 'File : /sfs/gpfs/tardis/home/xpz5km/Cahn_Hilliard_Model_HPC/spinodal_decomp/compare_L2_error.py , Line : 19, Func.Name : read_specific_lines, Message : digits.append(float(i))']
match None
match None
match None
match None
match None
match <re.Match object; span=(0, 61), match='SAV_Python_2000_dt_5.50e-06_Nx_128_neumann_dtout_>
match None
match <re.Match object; span=(0, 60), match='SAV_Python_2000_dt_5.50e-06_Nx_64_neumann_dtout_1>
match None
9
match None
match None
match <re.Match object; span=(0, 59), match='NMG_Python_20_dt_5.50e-06_Nx_256_neumann_dtout_20>
Python,20,256,neumann,20,20,75p
NMG_Python_20_dt_5.50e-06_Nx_256_neumann_dtout_2075pphi.csv
Exception type : ValueError 
Exception message : could not convert string to float: '(0.41950652511946407+0j)'
Stack trace : ['File : /sfs/gpfs/tardis/home/xpz5km/Cahn_Hilliard_Model_HPC/spinodal_decomp/compare_L2_error.py , Line : 86, Func.Name : compare_L2_error_at_timepoint, Message : snapshot_SAV = read_specific_lines(f"{root}/{SAV_fname}", line_list)', 'File : /sfs/gpfs/tardis/home/xpz5km/Cahn_Hilliard_Model_HPC/spinodal_decomp/compare_L2_error.py , Line : 19, Func.Name : read_specific_lines, Message : digits.append(float(i))']
match None
match None
match None
match None
match None
match None
match None
match <re.Match object; span=(0, 62), match='SAV_Python_2000_dt_5.50e-06_Nx_128_periodic_dtout>
match None
match None
match None
match None
match None
match None
match None
match None
match None
match None
match <re.Match object; span=(0, 63), match='SAV_Python_2000_dt_5.50e-06_Nx_256_neumann_dtout_>
Python,2000,256,neumann,2000,2000,25p not recorded; dt_out too large.
match <re.Match object; span=(0, 61), match='SAV_Python_2000_dt_5.50e-06_Nx_128_neumann_dtout_>
match <re.Match object; span=(0, 60), match='NMG_Python_20_dt_5.50e-06_Nx_128_periodic_dtout_2>
Python,20,128,periodic,20,20,25p
NMG_Python_20_dt_5.50e-06_Nx_128_periodic_dtout_2025pphi.csv
Exception type : ValueError 
Exception message : could not convert string to float: '(-0.5392675015155758+0j)'
Stack trace : ['File : /sfs/gpfs/tardis/home/xpz5km/Cahn_Hilliard_Model_HPC/spinodal_decomp/compare_L2_error.py , Line : 86, Func.Name : compare_L2_error_at_timepoint, Message : snapshot_SAV = read_specific_lines(f"{root}/{SAV_fname}", line_list)', 'File : /sfs/gpfs/tardis/home/xpz5km/Cahn_Hilliard_Model_HPC/spinodal_decomp/compare_L2_error.py , Line : 19, Func.Name : read_specific_lines, Message : digits.append(float(i))']
match None
match None
match <re.Match object; span=(0, 64), match='SAV_Python_2000_dt_5.50e-06_Nx_256_periodic_dtout>
Python,2000,256,periodic,2000,2000,50p not recorded; dt_out too large.
match None
match <re.Match object; span=(0, 60), match='NMG_Python_20_dt_5.50e-06_Nx_256_periodic_dtout_2>
Python,20,256,periodic,20,20,25p
NMG_Python_20_dt_5.50e-06_Nx_256_periodic_dtout_2025pphi.csv
Exception type : ValueError 
Exception message : could not convert string to float: '(-0.4170151417869721+0j)'
Stack trace : ['File : /sfs/gpfs/tardis/home/xpz5km/Cahn_Hilliard_Model_HPC/spinodal_decomp/compare_L2_error.py , Line : 86, Func.Name : compare_L2_error_at_timepoint, Message : snapshot_SAV = read_specific_lines(f"{root}/{SAV_fname}", line_list)', 'File : /sfs/gpfs/tardis/home/xpz5km/Cahn_Hilliard_Model_HPC/spinodal_decomp/compare_L2_error.py , Line : 19, Func.Name : read_specific_lines, Message : digits.append(float(i))']
match <re.Match object; span=(0, 59), match='NMG_Python_20_dt_5.50e-06_Nx_512_neumann_dtout_20>
Python,20,512,neumann,20,20,50p
NMG_Python_20_dt_5.50e-06_Nx_512_neumann_dtout_2050pphi.csv
Exception type : ValueError 
Exception message : could not convert string to float: '(0.3765941854894782+0j)'
Stack trace : ['File : /sfs/gpfs/tardis/home/xpz5km/Cahn_Hilliard_Model_HPC/spinodal_decomp/compare_L2_error.py , Line : 86, Func.Name : compare_L2_error_at_timepoint, Message : snapshot_SAV = read_specific_lines(f"{root}/{SAV_fname}", line_list)', 'File : /sfs/gpfs/tardis/home/xpz5km/Cahn_Hilliard_Model_HPC/spinodal_decomp/compare_L2_error.py , Line : 19, Func.Name : read_specific_lines, Message : digits.append(float(i))']
match None
match None
match None
match None
match None
match None
match <re.Match object; span=(0, 64), match='SAV_Python_2000_dt_5.50e-06_Nx_512_periodic_dtout>
Python,2000,512,periodic,2000,2000,25p not recorded; dt_out too large.
match None
match None
match <re.Match object; span=(0, 63), match='SAV_Python_2000_dt_5.50e-06_Nx_64_periodic_dtout_>
Python,2000,64,periodic,2000,2000,75p not recorded; dt_out too large.
match None
match <re.Match object; span=(0, 64), match='SAV_Python_2000_dt_5.50e-06_Nx_256_periodic_dtout>
Python,2000,256,periodic,2000,2000,25p not recorded; dt_out too large.
match None
match None
match None
match None
match None
match None
match None
match None
match None
match None
match None
match None
match None
match None
match None
match None
match <re.Match object; span=(0, 61), match='SAV_Python_2000_dt_5.50e-06_Nx_64_periodic_dtout_>
match None
match None
match <re.Match object; span=(0, 63), match='SAV_Python_2000_dt_5.50e-06_Nx_256_neumann_dtout_>
Python,2000,256,neumann,2000,2000,75p not recorded; dt_out too large.
match None
match None
match <re.Match object; span=(0, 64), match='SAV_Python_2000_dt_5.50e-06_Nx_128_periodic_dtout>
Python,2000,128,periodic,2000,2000,75p not recorded; dt_out too large.
match None
match None
match None
match None
match None
match None
match <re.Match object; span=(0, 58), match='NMG_Python_20_dt_5.50e-06_Nx_128_neumann_dtout_12>
Python,20,128,neumann,1,1,25p
NMG_Python_20_dt_5.50e-06_Nx_128_neumann_dtout_125pphi.csv
Exception type : ValueError 
Exception message : could not convert string to float: '(-0.2131054054007236+0j)'
Stack trace : ['File : /sfs/gpfs/tardis/home/xpz5km/Cahn_Hilliard_Model_HPC/spinodal_decomp/compare_L2_error.py , Line : 86, Func.Name : compare_L2_error_at_timepoint, Message : snapshot_SAV = read_specific_lines(f"{root}/{SAV_fname}", line_list)', 'File : /sfs/gpfs/tardis/home/xpz5km/Cahn_Hilliard_Model_HPC/spinodal_decomp/compare_L2_error.py , Line : 19, Func.Name : read_specific_lines, Message : digits.append(float(i))']
match <re.Match object; span=(0, 64), match='SAV_Python_2000_dt_5.50e-06_Nx_256_periodic_dtout>
Python,2000,256,periodic,2000,2000,75p not recorded; dt_out too large.
match None
match None
match None
match None
match None
match <re.Match object; span=(0, 59), match='NMG_Python_20_dt_5.50e-06_Nx_256_neumann_dtout_20>
Python,20,256,neumann,20,20,50p
NMG_Python_20_dt_5.50e-06_Nx_256_neumann_dtout_2050pphi.csv
Exception type : ValueError 
Exception message : could not convert string to float: '(0.07069788833767843+0j)'
Stack trace : ['File : /sfs/gpfs/tardis/home/xpz5km/Cahn_Hilliard_Model_HPC/spinodal_decomp/compare_L2_error.py , Line : 86, Func.Name : compare_L2_error_at_timepoint, Message : snapshot_SAV = read_specific_lines(f"{root}/{SAV_fname}", line_list)', 'File : /sfs/gpfs/tardis/home/xpz5km/Cahn_Hilliard_Model_HPC/spinodal_decomp/compare_L2_error.py , Line : 19, Func.Name : read_specific_lines, Message : digits.append(float(i))']
match None
match None
match <re.Match object; span=(0, 61), match='SAV_Python_2000_dt_5.50e-06_Nx_64_periodic_dtout_>
match None
match <re.Match object; span=(0, 63), match='SAV_Python_2000_dt_5.50e-06_Nx_128_neumann_dtout_>
Python,2000,128,neumann,2000,2000,25p not recorded; dt_out too large.
match None
match None
match None
match None
match <re.Match object; span=(0, 58), match='NMG_Python_20_dt_5.50e-06_Nx_64_periodic_dtout_17>
Python,20,64,periodic,1,1,75p
NMG_Python_20_dt_5.50e-06_Nx_64_periodic_dtout_175pphi.csv
Exception type : ValueError 
Exception message : could not convert string to float: '(0.5188020704510905+0j)'
Stack trace : ['File : /sfs/gpfs/tardis/home/xpz5km/Cahn_Hilliard_Model_HPC/spinodal_decomp/compare_L2_error.py , Line : 86, Func.Name : compare_L2_error_at_timepoint, Message : snapshot_SAV = read_specific_lines(f"{root}/{SAV_fname}", line_list)', 'File : /sfs/gpfs/tardis/home/xpz5km/Cahn_Hilliard_Model_HPC/spinodal_decomp/compare_L2_error.py , Line : 19, Func.Name : read_specific_lines, Message : digits.append(float(i))']
match <re.Match object; span=(0, 61), match='SAV_Python_2000_dt_5.50e-06_Nx_256_neumann_dtout_>
match None
match None
match None
match None
match None
match <re.Match object; span=(0, 59), match='NMG_Python_20_dt_5.50e-06_Nx_256_periodic_dtout_1>
Python,20,256,periodic,1,1,50p
NMG_Python_20_dt_5.50e-06_Nx_256_periodic_dtout_150pphi.csv
Exception type : ValueError 
Exception message : could not convert string to float: '(-0.0930045597000686+0j)'
Stack trace : ['File : /sfs/gpfs/tardis/home/xpz5km/Cahn_Hilliard_Model_HPC/spinodal_decomp/compare_L2_error.py , Line : 86, Func.Name : compare_L2_error_at_timepoint, Message : snapshot_SAV = read_specific_lines(f"{root}/{SAV_fname}", line_list)', 'File : /sfs/gpfs/tardis/home/xpz5km/Cahn_Hilliard_Model_HPC/spinodal_decomp/compare_L2_error.py , Line : 19, Func.Name : read_specific_lines, Message : digits.append(float(i))']
match <re.Match object; span=(0, 61), match='SAV_Python_2000_dt_5.50e-06_Nx_64_periodic_dtout_>
match None
match <re.Match object; span=(0, 58), match='NMG_Python_20_dt_5.50e-06_Nx_128_neumann_dtout_17>
Python,20,128,neumann,1,1,75p
NMG_Python_20_dt_5.50e-06_Nx_128_neumann_dtout_175pphi.csv
Exception type : ValueError 
Exception message : could not convert string to float: '(0.7323063436831179+0j)'
Stack trace : ['File : /sfs/gpfs/tardis/home/xpz5km/Cahn_Hilliard_Model_HPC/spinodal_decomp/compare_L2_error.py , Line : 86, Func.Name : compare_L2_error_at_timepoint, Message : snapshot_SAV = read_specific_lines(f"{root}/{SAV_fname}", line_list)', 'File : /sfs/gpfs/tardis/home/xpz5km/Cahn_Hilliard_Model_HPC/spinodal_decomp/compare_L2_error.py , Line : 19, Func.Name : read_specific_lines, Message : digits.append(float(i))']
match None
match None
match <re.Match object; span=(0, 61), match='SAV_Python_2000_dt_5.50e-06_Nx_512_neumann_dtout_>
match None
match None
match None
match None
match None
match None
match None
match None
match None
match None
match <re.Match object; span=(0, 61), match='SAV_Python_2000_dt_5.50e-06_Nx_256_neumann_dtout_>
match None
match <re.Match object; span=(0, 57), match='NMG_Python_20_dt_5.50e-06_Nx_64_neumann_dtout_150>
Python,20,64,neumann,1,1,50p
NMG_Python_20_dt_5.50e-06_Nx_64_neumann_dtout_150pphi.csv
Exception type : ValueError 
Exception message : could not convert string to float: '(-0.4820621275285696+0j)'
Stack trace : ['File : /sfs/gpfs/tardis/home/xpz5km/Cahn_Hilliard_Model_HPC/spinodal_decomp/compare_L2_error.py , Line : 86, Func.Name : compare_L2_error_at_timepoint, Message : snapshot_SAV = read_specific_lines(f"{root}/{SAV_fname}", line_list)', 'File : /sfs/gpfs/tardis/home/xpz5km/Cahn_Hilliard_Model_HPC/spinodal_decomp/compare_L2_error.py , Line : 19, Func.Name : read_specific_lines, Message : digits.append(float(i))']
match None
match <re.Match object; span=(0, 58), match='NMG_Python_20_dt_5.50e-06_Nx_256_neumann_dtout_15>
Python,20,256,neumann,1,1,50p
NMG_Python_20_dt_5.50e-06_Nx_256_neumann_dtout_150pphi.csv
Exception type : ValueError 
Exception message : could not convert string to float: '(0.031456463551534974+0j)'
Stack trace : ['File : /sfs/gpfs/tardis/home/xpz5km/Cahn_Hilliard_Model_HPC/spinodal_decomp/compare_L2_error.py , Line : 86, Func.Name : compare_L2_error_at_timepoint, Message : snapshot_SAV = read_specific_lines(f"{root}/{SAV_fname}", line_list)', 'File : /sfs/gpfs/tardis/home/xpz5km/Cahn_Hilliard_Model_HPC/spinodal_decomp/compare_L2_error.py , Line : 19, Func.Name : read_specific_lines, Message : digits.append(float(i))']
match <re.Match object; span=(0, 58), match='NMG_Python_20_dt_5.50e-06_Nx_512_neumann_dtout_12>
Python,20,512,neumann,1,1,25p
NMG_Python_20_dt_5.50e-06_Nx_512_neumann_dtout_125pphi.csv
Exception type : ValueError 
Exception message : could not convert string to float: '(-0.03266378254361191+0j)'
Stack trace : ['File : /sfs/gpfs/tardis/home/xpz5km/Cahn_Hilliard_Model_HPC/spinodal_decomp/compare_L2_error.py , Line : 86, Func.Name : compare_L2_error_at_timepoint, Message : snapshot_SAV = read_specific_lines(f"{root}/{SAV_fname}", line_list)', 'File : /sfs/gpfs/tardis/home/xpz5km/Cahn_Hilliard_Model_HPC/spinodal_decomp/compare_L2_error.py , Line : 19, Func.Name : read_specific_lines, Message : digits.append(float(i))']
match None
match None
match <re.Match object; span=(0, 62), match='SAV_Python_2000_dt_5.50e-06_Nx_512_periodic_dtout>
match None
match None
match <re.Match object; span=(0, 63), match='SAV_Python_2000_dt_5.50e-06_Nx_128_neumann_dtout_>
Python,2000,128,neumann,2000,2000,50p not recorded; dt_out too large.
match None
match None
match <re.Match object; span=(0, 64), match='SAV_Python_2000_dt_5.50e-06_Nx_512_periodic_dtout>
Python,2000,512,periodic,2000,2000,50p not recorded; dt_out too large.
match <re.Match object; span=(0, 61), match='SAV_Python_2000_dt_5.50e-06_Nx_512_neumann_dtout_>
match None
match None
match None
match None
match <re.Match object; span=(0, 58), match='NMG_Python_20_dt_5.50e-06_Nx_256_neumann_dtout_17>
Python,20,256,neumann,1,1,75p
NMG_Python_20_dt_5.50e-06_Nx_256_neumann_dtout_175pphi.csv
Exception type : ValueError 
Exception message : could not convert string to float: '(0.47333559906878675+0j)'
Stack trace : ['File : /sfs/gpfs/tardis/home/xpz5km/Cahn_Hilliard_Model_HPC/spinodal_decomp/compare_L2_error.py , Line : 86, Func.Name : compare_L2_error_at_timepoint, Message : snapshot_SAV = read_specific_lines(f"{root}/{SAV_fname}", line_list)', 'File : /sfs/gpfs/tardis/home/xpz5km/Cahn_Hilliard_Model_HPC/spinodal_decomp/compare_L2_error.py , Line : 19, Func.Name : read_specific_lines, Message : digits.append(float(i))']
match None
match <re.Match object; span=(0, 61), match='SAV_Python_2000_dt_5.50e-06_Nx_128_neumann_dtout_>
match None
match None
match None
match None
match None
match <re.Match object; span=(0, 59), match='NMG_Python_20_dt_5.50e-06_Nx_128_neumann_dtout_20>
Python,20,128,neumann,20,20,50p
NMG_Python_20_dt_5.50e-06_Nx_128_neumann_dtout_2050pphi.csv
Exception type : ValueError 
Exception message : could not convert string to float: '(0.4578281761662219+0j)'
Stack trace : ['File : /sfs/gpfs/tardis/home/xpz5km/Cahn_Hilliard_Model_HPC/spinodal_decomp/compare_L2_error.py , Line : 86, Func.Name : compare_L2_error_at_timepoint, Message : snapshot_SAV = read_specific_lines(f"{root}/{SAV_fname}", line_list)', 'File : /sfs/gpfs/tardis/home/xpz5km/Cahn_Hilliard_Model_HPC/spinodal_decomp/compare_L2_error.py , Line : 19, Func.Name : read_specific_lines, Message : digits.append(float(i))']
match None
match <re.Match object; span=(0, 59), match='NMG_Python_20_dt_5.50e-06_Nx_128_periodic_dtout_1>
Python,20,128,periodic,1,1,50p
NMG_Python_20_dt_5.50e-06_Nx_128_periodic_dtout_150pphi.csv
Exception type : ValueError 
Exception message : could not convert string to float: '(-0.21996378967208446+0j)'
Stack trace : ['File : /sfs/gpfs/tardis/home/xpz5km/Cahn_Hilliard_Model_HPC/spinodal_decomp/compare_L2_error.py , Line : 86, Func.Name : compare_L2_error_at_timepoint, Message : snapshot_SAV = read_specific_lines(f"{root}/{SAV_fname}", line_list)', 'File : /sfs/gpfs/tardis/home/xpz5km/Cahn_Hilliard_Model_HPC/spinodal_decomp/compare_L2_error.py , Line : 19, Func.Name : read_specific_lines, Message : digits.append(float(i))']
match <re.Match object; span=(0, 58), match='NMG_Python_20_dt_5.50e-06_Nx_256_neumann_dtout_12>
Python,20,256,neumann,1,1,25p
NMG_Python_20_dt_5.50e-06_Nx_256_neumann_dtout_125pphi.csv
Exception type : ValueError 
Exception message : could not convert string to float: '(-0.4195653753646562+0j)'
Stack trace : ['File : /sfs/gpfs/tardis/home/xpz5km/Cahn_Hilliard_Model_HPC/spinodal_decomp/compare_L2_error.py , Line : 86, Func.Name : compare_L2_error_at_timepoint, Message : snapshot_SAV = read_specific_lines(f"{root}/{SAV_fname}", line_list)', 'File : /sfs/gpfs/tardis/home/xpz5km/Cahn_Hilliard_Model_HPC/spinodal_decomp/compare_L2_error.py , Line : 19, Func.Name : read_specific_lines, Message : digits.append(float(i))']
match None
match <re.Match object; span=(0, 57), match='NMG_Python_20_dt_5.50e-06_Nx_64_neumann_dtout_175>
Python,20,64,neumann,1,1,75p
NMG_Python_20_dt_5.50e-06_Nx_64_neumann_dtout_175pphi.csv
Exception type : ValueError 
Exception message : could not convert string to float: '(0.05153919493051371+0j)'
Stack trace : ['File : /sfs/gpfs/tardis/home/xpz5km/Cahn_Hilliard_Model_HPC/spinodal_decomp/compare_L2_error.py , Line : 86, Func.Name : compare_L2_error_at_timepoint, Message : snapshot_SAV = read_specific_lines(f"{root}/{SAV_fname}", line_list)', 'File : /sfs/gpfs/tardis/home/xpz5km/Cahn_Hilliard_Model_HPC/spinodal_decomp/compare_L2_error.py , Line : 19, Func.Name : read_specific_lines, Message : digits.append(float(i))']
match None
match None
match None
match <re.Match object; span=(0, 59), match='NMG_Python_20_dt_5.50e-06_Nx_256_periodic_dtout_1>
Python,20,256,periodic,1,1,25p
NMG_Python_20_dt_5.50e-06_Nx_256_periodic_dtout_125pphi.csv
Exception type : ValueError 
Exception message : could not convert string to float: '(-0.43296288992275433+0j)'
Stack trace : ['File : /sfs/gpfs/tardis/home/xpz5km/Cahn_Hilliard_Model_HPC/spinodal_decomp/compare_L2_error.py , Line : 86, Func.Name : compare_L2_error_at_timepoint, Message : snapshot_SAV = read_specific_lines(f"{root}/{SAV_fname}", line_list)', 'File : /sfs/gpfs/tardis/home/xpz5km/Cahn_Hilliard_Model_HPC/spinodal_decomp/compare_L2_error.py , Line : 19, Func.Name : read_specific_lines, Message : digits.append(float(i))']
match <re.Match object; span=(0, 59), match='NMG_Python_20_dt_5.50e-06_Nx_64_periodic_dtout_20>
Python,20,64,periodic,20,20,25p
NMG_Python_20_dt_5.50e-06_Nx_64_periodic_dtout_2025pphi.csv
Exception type : ValueError 
Exception message : could not convert string to float: '(-0.2607501952412769+0j)'
Stack trace : ['File : /sfs/gpfs/tardis/home/xpz5km/Cahn_Hilliard_Model_HPC/spinodal_decomp/compare_L2_error.py , Line : 86, Func.Name : compare_L2_error_at_timepoint, Message : snapshot_SAV = read_specific_lines(f"{root}/{SAV_fname}", line_list)', 'File : /sfs/gpfs/tardis/home/xpz5km/Cahn_Hilliard_Model_HPC/spinodal_decomp/compare_L2_error.py , Line : 19, Func.Name : read_specific_lines, Message : digits.append(float(i))']
match None
match None
match <re.Match object; span=(0, 59), match='NMG_Python_20_dt_5.50e-06_Nx_512_periodic_dtout_1>
Python,20,512,periodic,1,1,50p
NMG_Python_20_dt_5.50e-06_Nx_512_periodic_dtout_150pphi.csv
Exception type : ValueError 
Exception message : could not convert string to float: '(0.6757780522903397+0j)'
Stack trace : ['File : /sfs/gpfs/tardis/home/xpz5km/Cahn_Hilliard_Model_HPC/spinodal_decomp/compare_L2_error.py , Line : 86, Func.Name : compare_L2_error_at_timepoint, Message : snapshot_SAV = read_specific_lines(f"{root}/{SAV_fname}", line_list)', 'File : /sfs/gpfs/tardis/home/xpz5km/Cahn_Hilliard_Model_HPC/spinodal_decomp/compare_L2_error.py , Line : 19, Func.Name : read_specific_lines, Message : digits.append(float(i))']
match None
match None
match None
match None
match None
match None
match None
match <re.Match object; span=(0, 63), match='SAV_Python_2000_dt_5.50e-06_Nx_512_neumann_dtout_>
Python,2000,512,neumann,2000,2000,50p not recorded; dt_out too large.
match <re.Match object; span=(0, 62), match='SAV_Python_2000_dt_5.50e-06_Nx_512_periodic_dtout>
match <re.Match object; span=(0, 63), match='SAV_Python_2000_dt_5.50e-06_Nx_512_neumann_dtout_>
Python,2000,512,neumann,2000,2000,75p not recorded; dt_out too large.
match None
match <re.Match object; span=(0, 60), match='NMG_Python_20_dt_5.50e-06_Nx_512_periodic_dtout_2>
Python,20,512,periodic,20,20,25p
NMG_Python_20_dt_5.50e-06_Nx_512_periodic_dtout_2025pphi.csv
Exception type : ValueError 
Exception message : could not convert string to float: '(-0.5924427840366981+0j)'
Stack trace : ['File : /sfs/gpfs/tardis/home/xpz5km/Cahn_Hilliard_Model_HPC/spinodal_decomp/compare_L2_error.py , Line : 86, Func.Name : compare_L2_error_at_timepoint, Message : snapshot_SAV = read_specific_lines(f"{root}/{SAV_fname}", line_list)', 'File : /sfs/gpfs/tardis/home/xpz5km/Cahn_Hilliard_Model_HPC/spinodal_decomp/compare_L2_error.py , Line : 19, Func.Name : read_specific_lines, Message : digits.append(float(i))']
match None
match <re.Match object; span=(0, 58), match='NMG_Python_20_dt_5.50e-06_Nx_64_neumann_dtout_205>
Python,20,64,neumann,20,20,50p
NMG_Python_20_dt_5.50e-06_Nx_64_neumann_dtout_2050pphi.csv
Exception type : ValueError 
Exception message : could not convert string to float: '(-0.8193172180077055+0j)'
Stack trace : ['File : /sfs/gpfs/tardis/home/xpz5km/Cahn_Hilliard_Model_HPC/spinodal_decomp/compare_L2_error.py , Line : 86, Func.Name : compare_L2_error_at_timepoint, Message : snapshot_SAV = read_specific_lines(f"{root}/{SAV_fname}", line_list)', 'File : /sfs/gpfs/tardis/home/xpz5km/Cahn_Hilliard_Model_HPC/spinodal_decomp/compare_L2_error.py , Line : 19, Func.Name : read_specific_lines, Message : digits.append(float(i))']
match <re.Match object; span=(0, 59), match='NMG_Python_20_dt_5.50e-06_Nx_128_neumann_dtout_20>
Python,20,128,neumann,20,20,75p
NMG_Python_20_dt_5.50e-06_Nx_128_neumann_dtout_2075pphi.csv
Exception type : ValueError 
Exception message : could not convert string to float: '(1.0070442820402468+0j)'
Stack trace : ['File : /sfs/gpfs/tardis/home/xpz5km/Cahn_Hilliard_Model_HPC/spinodal_decomp/compare_L2_error.py , Line : 86, Func.Name : compare_L2_error_at_timepoint, Message : snapshot_SAV = read_specific_lines(f"{root}/{SAV_fname}", line_list)', 'File : /sfs/gpfs/tardis/home/xpz5km/Cahn_Hilliard_Model_HPC/spinodal_decomp/compare_L2_error.py , Line : 19, Func.Name : read_specific_lines, Message : digits.append(float(i))']
match <re.Match object; span=(0, 57), match='NMG_Python_20_dt_5.50e-06_Nx_64_neumann_dtout_125>
Python,20,64,neumann,1,1,25p
NMG_Python_20_dt_5.50e-06_Nx_64_neumann_dtout_125pphi.csv
Exception type : ValueError 
Exception message : could not convert string to float: '(-0.6114515261342728+0j)'
Stack trace : ['File : /sfs/gpfs/tardis/home/xpz5km/Cahn_Hilliard_Model_HPC/spinodal_decomp/compare_L2_error.py , Line : 86, Func.Name : compare_L2_error_at_timepoint, Message : snapshot_SAV = read_specific_lines(f"{root}/{SAV_fname}", line_list)', 'File : /sfs/gpfs/tardis/home/xpz5km/Cahn_Hilliard_Model_HPC/spinodal_decomp/compare_L2_error.py , Line : 19, Func.Name : read_specific_lines, Message : digits.append(float(i))']
match None
match None
match None
match <re.Match object; span=(0, 62), match='SAV_Python_2000_dt_5.50e-06_Nx_64_neumann_dtout_2>
Python,2000,64,neumann,2000,2000,25p not recorded; dt_out too large.
match None
match None
match None
match <re.Match object; span=(0, 59), match='NMG_Python_20_dt_5.50e-06_Nx_512_periodic_dtout_1>
Python,20,512,periodic,1,1,25p
NMG_Python_20_dt_5.50e-06_Nx_512_periodic_dtout_125pphi.csv
Exception type : ValueError 
Exception message : could not convert string to float: '(-0.5558595038525262+0j)'
Stack trace : ['File : /sfs/gpfs/tardis/home/xpz5km/Cahn_Hilliard_Model_HPC/spinodal_decomp/compare_L2_error.py , Line : 86, Func.Name : compare_L2_error_at_timepoint, Message : snapshot_SAV = read_specific_lines(f"{root}/{SAV_fname}", line_list)', 'File : /sfs/gpfs/tardis/home/xpz5km/Cahn_Hilliard_Model_HPC/spinodal_decomp/compare_L2_error.py , Line : 19, Func.Name : read_specific_lines, Message : digits.append(float(i))']
match None
match <re.Match object; span=(0, 64), match='SAV_Python_2000_dt_5.50e-06_Nx_128_periodic_dtout>
Python,2000,128,periodic,2000,2000,25p not recorded; dt_out too large.
match <re.Match object; span=(0, 61), match='SAV_Python_2000_dt_5.50e-06_Nx_256_neumann_dtout_>
match None
match None
match None
match None
match <re.Match object; span=(0, 60), match='NMG_Python_20_dt_5.50e-06_Nx_512_periodic_dtout_2>
Python,20,512,periodic,20,20,50p
NMG_Python_20_dt_5.50e-06_Nx_512_periodic_dtout_2050pphi.csv
Exception type : ValueError 
Exception message : could not convert string to float: '(0.14766784652957254+0j)'
Stack trace : ['File : /sfs/gpfs/tardis/home/xpz5km/Cahn_Hilliard_Model_HPC/spinodal_decomp/compare_L2_error.py , Line : 86, Func.Name : compare_L2_error_at_timepoint, Message : snapshot_SAV = read_specific_lines(f"{root}/{SAV_fname}", line_list)', 'File : /sfs/gpfs/tardis/home/xpz5km/Cahn_Hilliard_Model_HPC/spinodal_decomp/compare_L2_error.py , Line : 19, Func.Name : read_specific_lines, Message : digits.append(float(i))']
match <re.Match object; span=(0, 64), match='SAV_Python_2000_dt_5.50e-06_Nx_512_periodic_dtout>
Python,2000,512,periodic,2000,2000,75p not recorded; dt_out too large.
match None
match None
match None
match None
match None
match <re.Match object; span=(0, 59), match='NMG_Python_20_dt_5.50e-06_Nx_128_periodic_dtout_1>
Python,20,128,periodic,1,1,75p
NMG_Python_20_dt_5.50e-06_Nx_128_periodic_dtout_175pphi.csv
Exception type : ValueError 
Exception message : could not convert string to float: '(0.5269590403503321+0j)'
Stack trace : ['File : /sfs/gpfs/tardis/home/xpz5km/Cahn_Hilliard_Model_HPC/spinodal_decomp/compare_L2_error.py , Line : 86, Func.Name : compare_L2_error_at_timepoint, Message : snapshot_SAV = read_specific_lines(f"{root}/{SAV_fname}", line_list)', 'File : /sfs/gpfs/tardis/home/xpz5km/Cahn_Hilliard_Model_HPC/spinodal_decomp/compare_L2_error.py , Line : 19, Func.Name : read_specific_lines, Message : digits.append(float(i))']
match <re.Match object; span=(0, 59), match='NMG_Python_20_dt_5.50e-06_Nx_512_periodic_dtout_1>
Python,20,512,periodic,1,1,75p
NMG_Python_20_dt_5.50e-06_Nx_512_periodic_dtout_175pphi.csv
Exception type : ValueError 
Exception message : could not convert string to float: '(0.6562580839289186+0j)'
Stack trace : ['File : /sfs/gpfs/tardis/home/xpz5km/Cahn_Hilliard_Model_HPC/spinodal_decomp/compare_L2_error.py , Line : 86, Func.Name : compare_L2_error_at_timepoint, Message : snapshot_SAV = read_specific_lines(f"{root}/{SAV_fname}", line_list)', 'File : /sfs/gpfs/tardis/home/xpz5km/Cahn_Hilliard_Model_HPC/spinodal_decomp/compare_L2_error.py , Line : 19, Func.Name : read_specific_lines, Message : digits.append(float(i))']
match None
match None
match None
match None
match <re.Match object; span=(0, 62), match='SAV_Python_2000_dt_5.50e-06_Nx_512_periodic_dtout>
match <re.Match object; span=(0, 62), match='SAV_Python_2000_dt_5.50e-06_Nx_128_periodic_dtout>
match None
match <re.Match object; span=(0, 58), match='NMG_Python_20_dt_5.50e-06_Nx_128_neumann_dtout_15>
Python,20,128,neumann,1,1,50p
NMG_Python_20_dt_5.50e-06_Nx_128_neumann_dtout_150pphi.csv
Exception type : ValueError 
Exception message : could not convert string to float: '(-0.14197350718648113+0j)'
Stack trace : ['File : /sfs/gpfs/tardis/home/xpz5km/Cahn_Hilliard_Model_HPC/spinodal_decomp/compare_L2_error.py , Line : 86, Func.Name : compare_L2_error_at_timepoint, Message : snapshot_SAV = read_specific_lines(f"{root}/{SAV_fname}", line_list)', 'File : /sfs/gpfs/tardis/home/xpz5km/Cahn_Hilliard_Model_HPC/spinodal_decomp/compare_L2_error.py , Line : 19, Func.Name : read_specific_lines, Message : digits.append(float(i))']
match None
match None
match None
match <re.Match object; span=(0, 63), match='SAV_Python_2000_dt_5.50e-06_Nx_64_periodic_dtout_>
Python,2000,64,periodic,2000,2000,25p not recorded; dt_out too large.
match None
match None
match None
match None
match None
match None
match None
match None
match None
match <re.Match object; span=(0, 60), match='NMG_Python_20_dt_5.50e-06_Nx_128_periodic_dtout_2>
Python,20,128,periodic,20,20,75p
NMG_Python_20_dt_5.50e-06_Nx_128_periodic_dtout_2075pphi.csv
Exception type : ValueError 
Exception message : could not convert string to float: '(-0.2259011345264694+0j)'
Stack trace : ['File : /sfs/gpfs/tardis/home/xpz5km/Cahn_Hilliard_Model_HPC/spinodal_decomp/compare_L2_error.py , Line : 86, Func.Name : compare_L2_error_at_timepoint, Message : snapshot_SAV = read_specific_lines(f"{root}/{SAV_fname}", line_list)', 'File : /sfs/gpfs/tardis/home/xpz5km/Cahn_Hilliard_Model_HPC/spinodal_decomp/compare_L2_error.py , Line : 19, Func.Name : read_specific_lines, Message : digits.append(float(i))']
match <re.Match object; span=(0, 62), match='SAV_Python_2000_dt_5.50e-06_Nx_64_neumann_dtout_2>
Python,2000,64,neumann,2000,2000,50p not recorded; dt_out too large.
match <re.Match object; span=(0, 64), match='SAV_Python_2000_dt_5.50e-06_Nx_128_periodic_dtout>
Python,2000,128,periodic,2000,2000,50p not recorded; dt_out too large.
match None
match None
match None
match None
match <re.Match object; span=(0, 60), match='NMG_Python_20_dt_5.50e-06_Nx_256_periodic_dtout_2>
Python,20,256,periodic,20,20,75p
NMG_Python_20_dt_5.50e-06_Nx_256_periodic_dtout_2075pphi.csv
Exception type : ValueError 
Exception message : could not convert string to float: '(0.4813657808640433+0j)'
Stack trace : ['File : /sfs/gpfs/tardis/home/xpz5km/Cahn_Hilliard_Model_HPC/spinodal_decomp/compare_L2_error.py , Line : 86, Func.Name : compare_L2_error_at_timepoint, Message : snapshot_SAV = read_specific_lines(f"{root}/{SAV_fname}", line_list)', 'File : /sfs/gpfs/tardis/home/xpz5km/Cahn_Hilliard_Model_HPC/spinodal_decomp/compare_L2_error.py , Line : 19, Func.Name : read_specific_lines, Message : digits.append(float(i))']
match <re.Match object; span=(0, 58), match='NMG_Python_20_dt_5.50e-06_Nx_512_neumann_dtout_17>
Python,20,512,neumann,1,1,75p
NMG_Python_20_dt_5.50e-06_Nx_512_neumann_dtout_175pphi.csv
Exception type : ValueError 
Exception message : could not convert string to float: '(0.860617638858758+0j)'
Stack trace : ['File : /sfs/gpfs/tardis/home/xpz5km/Cahn_Hilliard_Model_HPC/spinodal_decomp/compare_L2_error.py , Line : 86, Func.Name : compare_L2_error_at_timepoint, Message : snapshot_SAV = read_specific_lines(f"{root}/{SAV_fname}", line_list)', 'File : /sfs/gpfs/tardis/home/xpz5km/Cahn_Hilliard_Model_HPC/spinodal_decomp/compare_L2_error.py , Line : 19, Func.Name : read_specific_lines, Message : digits.append(float(i))']
match <re.Match object; span=(0, 58), match='NMG_Python_20_dt_5.50e-06_Nx_64_neumann_dtout_202>
Python,20,64,neumann,20,20,25p
NMG_Python_20_dt_5.50e-06_Nx_64_neumann_dtout_2025pphi.csv
Exception type : ValueError 
Exception message : could not convert string to float: '(-0.9129498158047057+0j)'
Stack trace : ['File : /sfs/gpfs/tardis/home/xpz5km/Cahn_Hilliard_Model_HPC/spinodal_decomp/compare_L2_error.py , Line : 86, Func.Name : compare_L2_error_at_timepoint, Message : snapshot_SAV = read_specific_lines(f"{root}/{SAV_fname}", line_list)', 'File : /sfs/gpfs/tardis/home/xpz5km/Cahn_Hilliard_Model_HPC/spinodal_decomp/compare_L2_error.py , Line : 19, Func.Name : read_specific_lines, Message : digits.append(float(i))']
match <re.Match object; span=(0, 58), match='NMG_Python_20_dt_5.50e-06_Nx_64_neumann_dtout_207>
Python,20,64,neumann,20,20,75p
NMG_Python_20_dt_5.50e-06_Nx_64_neumann_dtout_2075pphi.csv
Exception type : ValueError 
Exception message : could not convert string to float: '(-0.3181784942992353+0j)'
Stack trace : ['File : /sfs/gpfs/tardis/home/xpz5km/Cahn_Hilliard_Model_HPC/spinodal_decomp/compare_L2_error.py , Line : 86, Func.Name : compare_L2_error_at_timepoint, Message : snapshot_SAV = read_specific_lines(f"{root}/{SAV_fname}", line_list)', 'File : /sfs/gpfs/tardis/home/xpz5km/Cahn_Hilliard_Model_HPC/spinodal_decomp/compare_L2_error.py , Line : 19, Func.Name : read_specific_lines, Message : digits.append(float(i))']
match None
match None
match <re.Match object; span=(0, 62), match='SAV_Python_2000_dt_5.50e-06_Nx_128_periodic_dtout>
match <re.Match object; span=(0, 60), match='SAV_Python_2000_dt_5.50e-06_Nx_64_neumann_dtout_1>
match <re.Match object; span=(0, 63), match='SAV_Python_2000_dt_5.50e-06_Nx_64_periodic_dtout_>
Python,2000,64,periodic,2000,2000,50p not recorded; dt_out too large.
match <re.Match object; span=(0, 60), match='NMG_Python_20_dt_5.50e-06_Nx_512_periodic_dtout_2>
Python,20,512,periodic,20,20,75p
NMG_Python_20_dt_5.50e-06_Nx_512_periodic_dtout_2075pphi.csv
Exception type : ValueError 
Exception message : could not convert string to float: '(0.5212796069949747+0j)'
Stack trace : ['File : /sfs/gpfs/tardis/home/xpz5km/Cahn_Hilliard_Model_HPC/spinodal_decomp/compare_L2_error.py , Line : 86, Func.Name : compare_L2_error_at_timepoint, Message : snapshot_SAV = read_specific_lines(f"{root}/{SAV_fname}", line_list)', 'File : /sfs/gpfs/tardis/home/xpz5km/Cahn_Hilliard_Model_HPC/spinodal_decomp/compare_L2_error.py , Line : 19, Func.Name : read_specific_lines, Message : digits.append(float(i))']
match None
match <re.Match object; span=(0, 59), match='NMG_Python_20_dt_5.50e-06_Nx_512_neumann_dtout_20>
Python,20,512,neumann,20,20,25p
NMG_Python_20_dt_5.50e-06_Nx_512_neumann_dtout_2025pphi.csv
Exception type : ValueError 
Exception message : could not convert string to float: '(-0.19931155268433487+0j)'
Stack trace : ['File : /sfs/gpfs/tardis/home/xpz5km/Cahn_Hilliard_Model_HPC/spinodal_decomp/compare_L2_error.py , Line : 86, Func.Name : compare_L2_error_at_timepoint, Message : snapshot_SAV = read_specific_lines(f"{root}/{SAV_fname}", line_list)', 'File : /sfs/gpfs/tardis/home/xpz5km/Cahn_Hilliard_Model_HPC/spinodal_decomp/compare_L2_error.py , Line : 19, Func.Name : read_specific_lines, Message : digits.append(float(i))']
match <re.Match object; span=(0, 58), match='NMG_Python_20_dt_5.50e-06_Nx_512_neumann_dtout_15>
Python,20,512,neumann,1,1,50p
NMG_Python_20_dt_5.50e-06_Nx_512_neumann_dtout_150pphi.csv
Exception type : ValueError 
Exception message : could not convert string to float: '(0.8732427943716798+0j)'
Stack trace : ['File : /sfs/gpfs/tardis/home/xpz5km/Cahn_Hilliard_Model_HPC/spinodal_decomp/compare_L2_error.py , Line : 86, Func.Name : compare_L2_error_at_timepoint, Message : snapshot_SAV = read_specific_lines(f"{root}/{SAV_fname}", line_list)', 'File : /sfs/gpfs/tardis/home/xpz5km/Cahn_Hilliard_Model_HPC/spinodal_decomp/compare_L2_error.py , Line : 19, Func.Name : read_specific_lines, Message : digits.append(float(i))']
match <re.Match object; span=(0, 58), match='NMG_Python_20_dt_5.50e-06_Nx_64_periodic_dtout_12>
Python,20,64,periodic,1,1,25p
NMG_Python_20_dt_5.50e-06_Nx_64_periodic_dtout_125pphi.csv
Exception type : ValueError 
Exception message : could not convert string to float: '(-0.5265948484234976+0j)'
Stack trace : ['File : /sfs/gpfs/tardis/home/xpz5km/Cahn_Hilliard_Model_HPC/spinodal_decomp/compare_L2_error.py , Line : 86, Func.Name : compare_L2_error_at_timepoint, Message : snapshot_SAV = read_specific_lines(f"{root}/{SAV_fname}", line_list)', 'File : /sfs/gpfs/tardis/home/xpz5km/Cahn_Hilliard_Model_HPC/spinodal_decomp/compare_L2_error.py , Line : 19, Func.Name : read_specific_lines, Message : digits.append(float(i))']
match None
match <re.Match object; span=(0, 62), match='SAV_Python_2000_dt_5.50e-06_Nx_256_periodic_dtout>
match <re.Match object; span=(0, 63), match='SAV_Python_2000_dt_5.50e-06_Nx_128_neumann_dtout_>
Python,2000,128,neumann,2000,2000,75p not recorded; dt_out too large.
match <re.Match object; span=(0, 60), match='NMG_Python_20_dt_5.50e-06_Nx_128_periodic_dtout_2>
Python,20,128,periodic,20,20,50p
NMG_Python_20_dt_5.50e-06_Nx_128_periodic_dtout_2050pphi.csv
Exception type : ValueError 
Exception message : could not convert string to float: '(-0.3095721867886947+0j)'
Stack trace : ['File : /sfs/gpfs/tardis/home/xpz5km/Cahn_Hilliard_Model_HPC/spinodal_decomp/compare_L2_error.py , Line : 86, Func.Name : compare_L2_error_at_timepoint, Message : snapshot_SAV = read_specific_lines(f"{root}/{SAV_fname}", line_list)', 'File : /sfs/gpfs/tardis/home/xpz5km/Cahn_Hilliard_Model_HPC/spinodal_decomp/compare_L2_error.py , Line : 19, Func.Name : read_specific_lines, Message : digits.append(float(i))']
match None
match None
match None
match <re.Match object; span=(0, 60), match='NMG_Python_20_dt_5.50e-06_Nx_256_periodic_dtout_2>
Python,20,256,periodic,20,20,50p
NMG_Python_20_dt_5.50e-06_Nx_256_periodic_dtout_2050pphi.csv
Exception type : ValueError 
Exception message : could not convert string to float: '(0.010506962033912721+0j)'
Stack trace : ['File : /sfs/gpfs/tardis/home/xpz5km/Cahn_Hilliard_Model_HPC/spinodal_decomp/compare_L2_error.py , Line : 86, Func.Name : compare_L2_error_at_timepoint, Message : snapshot_SAV = read_specific_lines(f"{root}/{SAV_fname}", line_list)', 'File : /sfs/gpfs/tardis/home/xpz5km/Cahn_Hilliard_Model_HPC/spinodal_decomp/compare_L2_error.py , Line : 19, Func.Name : read_specific_lines, Message : digits.append(float(i))']
match None
match <re.Match object; span=(0, 62), match='SAV_Python_2000_dt_5.50e-06_Nx_256_periodic_dtout>
match None
match <re.Match object; span=(0, 63), match='SAV_Python_2000_dt_5.50e-06_Nx_256_neumann_dtout_>
Python,2000,256,neumann,2000,2000,50p not recorded; dt_out too large.
match None
match None
match <re.Match object; span=(0, 59), match='NMG_Python_20_dt_5.50e-06_Nx_64_periodic_dtout_20>
Python,20,64,periodic,20,20,50p
NMG_Python_20_dt_5.50e-06_Nx_64_periodic_dtout_2050pphi.csv
Exception type : ValueError 
Exception message : could not convert string to float: '(-0.4179450898314091+0j)'
Stack trace : ['File : /sfs/gpfs/tardis/home/xpz5km/Cahn_Hilliard_Model_HPC/spinodal_decomp/compare_L2_error.py , Line : 86, Func.Name : compare_L2_error_at_timepoint, Message : snapshot_SAV = read_specific_lines(f"{root}/{SAV_fname}", line_list)', 'File : /sfs/gpfs/tardis/home/xpz5km/Cahn_Hilliard_Model_HPC/spinodal_decomp/compare_L2_error.py , Line : 19, Func.Name : read_specific_lines, Message : digits.append(float(i))']
match <re.Match object; span=(0, 63), match='SAV_Python_2000_dt_5.50e-06_Nx_512_neumann_dtout_>
Python,2000,512,neumann,2000,2000,25p not recorded; dt_out too large.
match None
match <re.Match object; span=(0, 59), match='NMG_Python_20_dt_5.50e-06_Nx_512_neumann_dtout_20>
Python,20,512,neumann,20,20,75p
NMG_Python_20_dt_5.50e-06_Nx_512_neumann_dtout_2075pphi.csv
Exception type : ValueError 
Exception message : could not convert string to float: '(0.6537176705314839+0j)'
Stack trace : ['File : /sfs/gpfs/tardis/home/xpz5km/Cahn_Hilliard_Model_HPC/spinodal_decomp/compare_L2_error.py , Line : 86, Func.Name : compare_L2_error_at_timepoint, Message : snapshot_SAV = read_specific_lines(f"{root}/{SAV_fname}", line_list)', 'File : /sfs/gpfs/tardis/home/xpz5km/Cahn_Hilliard_Model_HPC/spinodal_decomp/compare_L2_error.py , Line : 19, Func.Name : read_specific_lines, Message : digits.append(float(i))']
match None
match None
match <re.Match object; span=(0, 59), match='NMG_Python_20_dt_5.50e-06_Nx_256_neumann_dtout_20>
Python,20,256,neumann,20,20,25p
NMG_Python_20_dt_5.50e-06_Nx_256_neumann_dtout_2025pphi.csv
Exception type : ValueError 
Exception message : could not convert string to float: '(-0.32927592388756166+0j)'
Stack trace : ['File : /sfs/gpfs/tardis/home/xpz5km/Cahn_Hilliard_Model_HPC/spinodal_decomp/compare_L2_error.py , Line : 86, Func.Name : compare_L2_error_at_timepoint, Message : snapshot_SAV = read_specific_lines(f"{root}/{SAV_fname}", line_list)', 'File : /sfs/gpfs/tardis/home/xpz5km/Cahn_Hilliard_Model_HPC/spinodal_decomp/compare_L2_error.py , Line : 19, Func.Name : read_specific_lines, Message : digits.append(float(i))']
match <re.Match object; span=(0, 61), match='SAV_Python_2000_dt_5.50e-06_Nx_512_neumann_dtout_>
match None
match None
match None
match <re.Match object; span=(0, 62), match='SAV_Python_2000_dt_5.50e-06_Nx_64_neumann_dtout_2>
Python,2000,64,neumann,2000,2000,75p not recorded; dt_out too large.
match None
match None
match None
match None
match None
match None
match None
match None
match <re.Match object; span=(0, 59), match='NMG_Python_20_dt_5.50e-06_Nx_128_neumann_dtout_20>
Python,20,128,neumann,20,20,25p
NMG_Python_20_dt_5.50e-06_Nx_128_neumann_dtout_2025pphi.csv
Exception type : ValueError 
Exception message : could not convert string to float: '(-0.10276645075364461+0j)'
Stack trace : ['File : /sfs/gpfs/tardis/home/xpz5km/Cahn_Hilliard_Model_HPC/spinodal_decomp/compare_L2_error.py , Line : 86, Func.Name : compare_L2_error_at_timepoint, Message : snapshot_SAV = read_specific_lines(f"{root}/{SAV_fname}", line_list)', 'File : /sfs/gpfs/tardis/home/xpz5km/Cahn_Hilliard_Model_HPC/spinodal_decomp/compare_L2_error.py , Line : 19, Func.Name : read_specific_lines, Message : digits.append(float(i))']
match None
match <re.Match object; span=(0, 62), match='SAV_Python_2000_dt_5.50e-06_Nx_256_periodic_dtout>
match <re.Match object; span=(0, 59), match='NMG_Python_20_dt_5.50e-06_Nx_64_periodic_dtout_20>
Python,20,64,periodic,20,20,75p
NMG_Python_20_dt_5.50e-06_Nx_64_periodic_dtout_2075pphi.csv
Exception type : ValueError 
Exception message : could not convert string to float: '(0.36662716665050266+0j)'
Stack trace : ['File : /sfs/gpfs/tardis/home/xpz5km/Cahn_Hilliard_Model_HPC/spinodal_decomp/compare_L2_error.py , Line : 86, Func.Name : compare_L2_error_at_timepoint, Message : snapshot_SAV = read_specific_lines(f"{root}/{SAV_fname}", line_list)', 'File : /sfs/gpfs/tardis/home/xpz5km/Cahn_Hilliard_Model_HPC/spinodal_decomp/compare_L2_error.py , Line : 19, Func.Name : read_specific_lines, Message : digits.append(float(i))']
match None
match <re.Match object; span=(0, 59), match='NMG_Python_20_dt_5.50e-06_Nx_256_periodic_dtout_1>
Python,20,256,periodic,1,1,75p
NMG_Python_20_dt_5.50e-06_Nx_256_periodic_dtout_175pphi.csv
Exception type : ValueError 
Exception message : could not convert string to float: '(0.5635909496424975+0j)'
Stack trace : ['File : /sfs/gpfs/tardis/home/xpz5km/Cahn_Hilliard_Model_HPC/spinodal_decomp/compare_L2_error.py , Line : 86, Func.Name : compare_L2_error_at_timepoint, Message : snapshot_SAV = read_specific_lines(f"{root}/{SAV_fname}", line_list)', 'File : /sfs/gpfs/tardis/home/xpz5km/Cahn_Hilliard_Model_HPC/spinodal_decomp/compare_L2_error.py , Line : 19, Func.Name : read_specific_lines, Message : digits.append(float(i))']
match <re.Match object; span=(0, 58), match='NMG_Python_20_dt_5.50e-06_Nx_64_periodic_dtout_15>
Python,20,64,periodic,1,1,50p
NMG_Python_20_dt_5.50e-06_Nx_64_periodic_dtout_150pphi.csv
Exception type : ValueError 
Exception message : could not convert string to float: '(-0.26823803302948657+0j)'
Stack trace : ['File : /sfs/gpfs/tardis/home/xpz5km/Cahn_Hilliard_Model_HPC/spinodal_decomp/compare_L2_error.py , Line : 86, Func.Name : compare_L2_error_at_timepoint, Message : snapshot_SAV = read_specific_lines(f"{root}/{SAV_fname}", line_list)', 'File : /sfs/gpfs/tardis/home/xpz5km/Cahn_Hilliard_Model_HPC/spinodal_decomp/compare_L2_error.py , Line : 19, Func.Name : read_specific_lines, Message : digits.append(float(i))']
match <re.Match object; span=(0, 60), match='SAV_Python_2000_dt_5.50e-06_Nx_64_neumann_dtout_1>
match <re.Match object; span=(0, 59), match='NMG_Python_20_dt_5.50e-06_Nx_128_periodic_dtout_1>
Python,20,128,periodic,1,1,25p
NMG_Python_20_dt_5.50e-06_Nx_128_periodic_dtout_125pphi.csv
Exception type : ValueError 
Exception message : could not convert string to float: '(-0.524607766757363+0j)'
Stack trace : ['File : /sfs/gpfs/tardis/home/xpz5km/Cahn_Hilliard_Model_HPC/spinodal_decomp/compare_L2_error.py , Line : 86, Func.Name : compare_L2_error_at_timepoint, Message : snapshot_SAV = read_specific_lines(f"{root}/{SAV_fname}", line_list)', 'File : /sfs/gpfs/tardis/home/xpz5km/Cahn_Hilliard_Model_HPC/spinodal_decomp/compare_L2_error.py , Line : 19, Func.Name : read_specific_lines, Message : digits.append(float(i))']
match None
match None
match None
match None
match None
match <re.Match object; span=(0, 61), match='SAV_Python_2000_dt_5.50e-06_Nx_128_neumann_dtout_>
match None
match <re.Match object; span=(0, 60), match='SAV_Python_2000_dt_5.50e-06_Nx_64_neumann_dtout_1>
match None
10
match None
match None
match <re.Match object; span=(0, 59), match='NMG_Python_20_dt_5.50e-06_Nx_256_neumann_dtout_20>
Python,20,256,neumann,20,20,75p
NMG_Python_20_dt_5.50e-06_Nx_256_neumann_dtout_2075pphi.csv
Exception type : ValueError 
Exception message : could not convert string to float: '(0.41950652511946407+0j)'
Stack trace : ['File : /sfs/gpfs/tardis/home/xpz5km/Cahn_Hilliard_Model_HPC/spinodal_decomp/compare_L2_error.py , Line : 86, Func.Name : compare_L2_error_at_timepoint, Message : snapshot_SAV = read_specific_lines(f"{root}/{SAV_fname}", line_list)', 'File : /sfs/gpfs/tardis/home/xpz5km/Cahn_Hilliard_Model_HPC/spinodal_decomp/compare_L2_error.py , Line : 19, Func.Name : read_specific_lines, Message : digits.append(float(i))']
match None
match None
match None
match None
match None
match None
match None
match <re.Match object; span=(0, 62), match='SAV_Python_2000_dt_5.50e-06_Nx_128_periodic_dtout>
match None
match None
match None
match None
match None
match None
match None
match None
match None
match None
match <re.Match object; span=(0, 63), match='SAV_Python_2000_dt_5.50e-06_Nx_256_neumann_dtout_>
Python,2000,256,neumann,2000,2000,25p not recorded; dt_out too large.
match <re.Match object; span=(0, 61), match='SAV_Python_2000_dt_5.50e-06_Nx_128_neumann_dtout_>
match <re.Match object; span=(0, 60), match='NMG_Python_20_dt_5.50e-06_Nx_128_periodic_dtout_2>
Python,20,128,periodic,20,20,25p
NMG_Python_20_dt_5.50e-06_Nx_128_periodic_dtout_2025pphi.csv
Exception type : ValueError 
Exception message : could not convert string to float: '(-0.5392675015155758+0j)'
Stack trace : ['File : /sfs/gpfs/tardis/home/xpz5km/Cahn_Hilliard_Model_HPC/spinodal_decomp/compare_L2_error.py , Line : 86, Func.Name : compare_L2_error_at_timepoint, Message : snapshot_SAV = read_specific_lines(f"{root}/{SAV_fname}", line_list)', 'File : /sfs/gpfs/tardis/home/xpz5km/Cahn_Hilliard_Model_HPC/spinodal_decomp/compare_L2_error.py , Line : 19, Func.Name : read_specific_lines, Message : digits.append(float(i))']
match None
match None
match <re.Match object; span=(0, 64), match='SAV_Python_2000_dt_5.50e-06_Nx_256_periodic_dtout>
Python,2000,256,periodic,2000,2000,50p not recorded; dt_out too large.
match None
match <re.Match object; span=(0, 60), match='NMG_Python_20_dt_5.50e-06_Nx_256_periodic_dtout_2>
Python,20,256,periodic,20,20,25p
NMG_Python_20_dt_5.50e-06_Nx_256_periodic_dtout_2025pphi.csv
Exception type : ValueError 
Exception message : could not convert string to float: '(-0.4170151417869721+0j)'
Stack trace : ['File : /sfs/gpfs/tardis/home/xpz5km/Cahn_Hilliard_Model_HPC/spinodal_decomp/compare_L2_error.py , Line : 86, Func.Name : compare_L2_error_at_timepoint, Message : snapshot_SAV = read_specific_lines(f"{root}/{SAV_fname}", line_list)', 'File : /sfs/gpfs/tardis/home/xpz5km/Cahn_Hilliard_Model_HPC/spinodal_decomp/compare_L2_error.py , Line : 19, Func.Name : read_specific_lines, Message : digits.append(float(i))']
match <re.Match object; span=(0, 59), match='NMG_Python_20_dt_5.50e-06_Nx_512_neumann_dtout_20>
Python,20,512,neumann,20,20,50p
NMG_Python_20_dt_5.50e-06_Nx_512_neumann_dtout_2050pphi.csv
Exception type : ValueError 
Exception message : could not convert string to float: '(0.3765941854894782+0j)'
Stack trace : ['File : /sfs/gpfs/tardis/home/xpz5km/Cahn_Hilliard_Model_HPC/spinodal_decomp/compare_L2_error.py , Line : 86, Func.Name : compare_L2_error_at_timepoint, Message : snapshot_SAV = read_specific_lines(f"{root}/{SAV_fname}", line_list)', 'File : /sfs/gpfs/tardis/home/xpz5km/Cahn_Hilliard_Model_HPC/spinodal_decomp/compare_L2_error.py , Line : 19, Func.Name : read_specific_lines, Message : digits.append(float(i))']
match None
match None
match None
match None
match None
match None
match <re.Match object; span=(0, 64), match='SAV_Python_2000_dt_5.50e-06_Nx_512_periodic_dtout>
Python,2000,512,periodic,2000,2000,25p not recorded; dt_out too large.
match None
match None
match <re.Match object; span=(0, 63), match='SAV_Python_2000_dt_5.50e-06_Nx_64_periodic_dtout_>
Python,2000,64,periodic,2000,2000,75p not recorded; dt_out too large.
match None
match <re.Match object; span=(0, 64), match='SAV_Python_2000_dt_5.50e-06_Nx_256_periodic_dtout>
Python,2000,256,periodic,2000,2000,25p not recorded; dt_out too large.
match None
match None
match None
match None
match None
match None
match None
match None
match None
match None
match None
match None
match None
match None
match None
match None
match <re.Match object; span=(0, 61), match='SAV_Python_2000_dt_5.50e-06_Nx_64_periodic_dtout_>
match None
match None
match <re.Match object; span=(0, 63), match='SAV_Python_2000_dt_5.50e-06_Nx_256_neumann_dtout_>
Python,2000,256,neumann,2000,2000,75p not recorded; dt_out too large.
match None
match None
match <re.Match object; span=(0, 64), match='SAV_Python_2000_dt_5.50e-06_Nx_128_periodic_dtout>
Python,2000,128,periodic,2000,2000,75p not recorded; dt_out too large.
match None
match None
match None
match None
match None
match None
match <re.Match object; span=(0, 58), match='NMG_Python_20_dt_5.50e-06_Nx_128_neumann_dtout_12>
Python,20,128,neumann,1,1,25p
NMG_Python_20_dt_5.50e-06_Nx_128_neumann_dtout_125pphi.csv
Exception type : ValueError 
Exception message : could not convert string to float: '(-0.21320720047511102+0j)'
Stack trace : ['File : /sfs/gpfs/tardis/home/xpz5km/Cahn_Hilliard_Model_HPC/spinodal_decomp/compare_L2_error.py , Line : 86, Func.Name : compare_L2_error_at_timepoint, Message : snapshot_SAV = read_specific_lines(f"{root}/{SAV_fname}", line_list)', 'File : /sfs/gpfs/tardis/home/xpz5km/Cahn_Hilliard_Model_HPC/spinodal_decomp/compare_L2_error.py , Line : 19, Func.Name : read_specific_lines, Message : digits.append(float(i))']
match <re.Match object; span=(0, 64), match='SAV_Python_2000_dt_5.50e-06_Nx_256_periodic_dtout>
Python,2000,256,periodic,2000,2000,75p not recorded; dt_out too large.
match None
match None
match None
match None
match None
match <re.Match object; span=(0, 59), match='NMG_Python_20_dt_5.50e-06_Nx_256_neumann_dtout_20>
Python,20,256,neumann,20,20,50p
NMG_Python_20_dt_5.50e-06_Nx_256_neumann_dtout_2050pphi.csv
Exception type : ValueError 
Exception message : could not convert string to float: '(0.07069788833767843+0j)'
Stack trace : ['File : /sfs/gpfs/tardis/home/xpz5km/Cahn_Hilliard_Model_HPC/spinodal_decomp/compare_L2_error.py , Line : 86, Func.Name : compare_L2_error_at_timepoint, Message : snapshot_SAV = read_specific_lines(f"{root}/{SAV_fname}", line_list)', 'File : /sfs/gpfs/tardis/home/xpz5km/Cahn_Hilliard_Model_HPC/spinodal_decomp/compare_L2_error.py , Line : 19, Func.Name : read_specific_lines, Message : digits.append(float(i))']
match None
match None
match <re.Match object; span=(0, 61), match='SAV_Python_2000_dt_5.50e-06_Nx_64_periodic_dtout_>
match None
match <re.Match object; span=(0, 63), match='SAV_Python_2000_dt_5.50e-06_Nx_128_neumann_dtout_>
Python,2000,128,neumann,2000,2000,25p not recorded; dt_out too large.
match None
match None
match None
match None
match <re.Match object; span=(0, 58), match='NMG_Python_20_dt_5.50e-06_Nx_64_periodic_dtout_17>
Python,20,64,periodic,1,1,75p
NMG_Python_20_dt_5.50e-06_Nx_64_periodic_dtout_175pphi.csv
Exception type : ValueError 
Exception message : could not convert string to float: '(0.5233179976789696+0j)'
Stack trace : ['File : /sfs/gpfs/tardis/home/xpz5km/Cahn_Hilliard_Model_HPC/spinodal_decomp/compare_L2_error.py , Line : 86, Func.Name : compare_L2_error_at_timepoint, Message : snapshot_SAV = read_specific_lines(f"{root}/{SAV_fname}", line_list)', 'File : /sfs/gpfs/tardis/home/xpz5km/Cahn_Hilliard_Model_HPC/spinodal_decomp/compare_L2_error.py , Line : 19, Func.Name : read_specific_lines, Message : digits.append(float(i))']
match <re.Match object; span=(0, 61), match='SAV_Python_2000_dt_5.50e-06_Nx_256_neumann_dtout_>
match None
match None
match None
match None
match None
match <re.Match object; span=(0, 59), match='NMG_Python_20_dt_5.50e-06_Nx_256_periodic_dtout_1>
Python,20,256,periodic,1,1,50p
NMG_Python_20_dt_5.50e-06_Nx_256_periodic_dtout_150pphi.csv
Exception type : ValueError 
Exception message : could not convert string to float: '(-0.12241191728820053+0j)'
Stack trace : ['File : /sfs/gpfs/tardis/home/xpz5km/Cahn_Hilliard_Model_HPC/spinodal_decomp/compare_L2_error.py , Line : 86, Func.Name : compare_L2_error_at_timepoint, Message : snapshot_SAV = read_specific_lines(f"{root}/{SAV_fname}", line_list)', 'File : /sfs/gpfs/tardis/home/xpz5km/Cahn_Hilliard_Model_HPC/spinodal_decomp/compare_L2_error.py , Line : 19, Func.Name : read_specific_lines, Message : digits.append(float(i))']
match <re.Match object; span=(0, 61), match='SAV_Python_2000_dt_5.50e-06_Nx_64_periodic_dtout_>
match None
match <re.Match object; span=(0, 58), match='NMG_Python_20_dt_5.50e-06_Nx_128_neumann_dtout_17>
Python,20,128,neumann,1,1,75p
NMG_Python_20_dt_5.50e-06_Nx_128_neumann_dtout_175pphi.csv
Exception type : ValueError 
Exception message : could not convert string to float: '(0.722184040464308+0j)'
Stack trace : ['File : /sfs/gpfs/tardis/home/xpz5km/Cahn_Hilliard_Model_HPC/spinodal_decomp/compare_L2_error.py , Line : 86, Func.Name : compare_L2_error_at_timepoint, Message : snapshot_SAV = read_specific_lines(f"{root}/{SAV_fname}", line_list)', 'File : /sfs/gpfs/tardis/home/xpz5km/Cahn_Hilliard_Model_HPC/spinodal_decomp/compare_L2_error.py , Line : 19, Func.Name : read_specific_lines, Message : digits.append(float(i))']
match None
match None
match <re.Match object; span=(0, 61), match='SAV_Python_2000_dt_5.50e-06_Nx_512_neumann_dtout_>
match None
match None
match None
match None
match None
match None
match None
match None
match None
match None
match <re.Match object; span=(0, 61), match='SAV_Python_2000_dt_5.50e-06_Nx_256_neumann_dtout_>
match None
match <re.Match object; span=(0, 57), match='NMG_Python_20_dt_5.50e-06_Nx_64_neumann_dtout_150>
Python,20,64,neumann,1,1,50p
NMG_Python_20_dt_5.50e-06_Nx_64_neumann_dtout_150pphi.csv
Exception type : ValueError 
Exception message : could not convert string to float: '(-0.4649266997992257+0j)'
Stack trace : ['File : /sfs/gpfs/tardis/home/xpz5km/Cahn_Hilliard_Model_HPC/spinodal_decomp/compare_L2_error.py , Line : 86, Func.Name : compare_L2_error_at_timepoint, Message : snapshot_SAV = read_specific_lines(f"{root}/{SAV_fname}", line_list)', 'File : /sfs/gpfs/tardis/home/xpz5km/Cahn_Hilliard_Model_HPC/spinodal_decomp/compare_L2_error.py , Line : 19, Func.Name : read_specific_lines, Message : digits.append(float(i))']
match None
match <re.Match object; span=(0, 58), match='NMG_Python_20_dt_5.50e-06_Nx_256_neumann_dtout_15>
Python,20,256,neumann,1,1,50p
NMG_Python_20_dt_5.50e-06_Nx_256_neumann_dtout_150pphi.csv
Exception type : ValueError 
Exception message : could not convert string to float: '(0.02478248481418701+0j)'
Stack trace : ['File : /sfs/gpfs/tardis/home/xpz5km/Cahn_Hilliard_Model_HPC/spinodal_decomp/compare_L2_error.py , Line : 86, Func.Name : compare_L2_error_at_timepoint, Message : snapshot_SAV = read_specific_lines(f"{root}/{SAV_fname}", line_list)', 'File : /sfs/gpfs/tardis/home/xpz5km/Cahn_Hilliard_Model_HPC/spinodal_decomp/compare_L2_error.py , Line : 19, Func.Name : read_specific_lines, Message : digits.append(float(i))']
match <re.Match object; span=(0, 58), match='NMG_Python_20_dt_5.50e-06_Nx_512_neumann_dtout_12>
Python,20,512,neumann,1,1,25p
NMG_Python_20_dt_5.50e-06_Nx_512_neumann_dtout_125pphi.csv
Exception type : ValueError 
Exception message : could not convert string to float: '(0.14716408746961257+0j)'
Stack trace : ['File : /sfs/gpfs/tardis/home/xpz5km/Cahn_Hilliard_Model_HPC/spinodal_decomp/compare_L2_error.py , Line : 86, Func.Name : compare_L2_error_at_timepoint, Message : snapshot_SAV = read_specific_lines(f"{root}/{SAV_fname}", line_list)', 'File : /sfs/gpfs/tardis/home/xpz5km/Cahn_Hilliard_Model_HPC/spinodal_decomp/compare_L2_error.py , Line : 19, Func.Name : read_specific_lines, Message : digits.append(float(i))']
match None
match None
match <re.Match object; span=(0, 62), match='SAV_Python_2000_dt_5.50e-06_Nx_512_periodic_dtout>
match None
match None
match <re.Match object; span=(0, 63), match='SAV_Python_2000_dt_5.50e-06_Nx_128_neumann_dtout_>
Python,2000,128,neumann,2000,2000,50p not recorded; dt_out too large.
match None
match None
match <re.Match object; span=(0, 64), match='SAV_Python_2000_dt_5.50e-06_Nx_512_periodic_dtout>
Python,2000,512,periodic,2000,2000,50p not recorded; dt_out too large.
match <re.Match object; span=(0, 61), match='SAV_Python_2000_dt_5.50e-06_Nx_512_neumann_dtout_>
match None
match None
match None
match None
match <re.Match object; span=(0, 58), match='NMG_Python_20_dt_5.50e-06_Nx_256_neumann_dtout_17>
Python,20,256,neumann,1,1,75p
NMG_Python_20_dt_5.50e-06_Nx_256_neumann_dtout_175pphi.csv
Exception type : ValueError 
Exception message : could not convert string to float: '(0.47446194378066364+0j)'
Stack trace : ['File : /sfs/gpfs/tardis/home/xpz5km/Cahn_Hilliard_Model_HPC/spinodal_decomp/compare_L2_error.py , Line : 86, Func.Name : compare_L2_error_at_timepoint, Message : snapshot_SAV = read_specific_lines(f"{root}/{SAV_fname}", line_list)', 'File : /sfs/gpfs/tardis/home/xpz5km/Cahn_Hilliard_Model_HPC/spinodal_decomp/compare_L2_error.py , Line : 19, Func.Name : read_specific_lines, Message : digits.append(float(i))']
match None
match <re.Match object; span=(0, 61), match='SAV_Python_2000_dt_5.50e-06_Nx_128_neumann_dtout_>
match None
match None
match None
match None
match None
match <re.Match object; span=(0, 59), match='NMG_Python_20_dt_5.50e-06_Nx_128_neumann_dtout_20>
Python,20,128,neumann,20,20,50p
NMG_Python_20_dt_5.50e-06_Nx_128_neumann_dtout_2050pphi.csv
Exception type : ValueError 
Exception message : could not convert string to float: '(0.4578281761662219+0j)'
Stack trace : ['File : /sfs/gpfs/tardis/home/xpz5km/Cahn_Hilliard_Model_HPC/spinodal_decomp/compare_L2_error.py , Line : 86, Func.Name : compare_L2_error_at_timepoint, Message : snapshot_SAV = read_specific_lines(f"{root}/{SAV_fname}", line_list)', 'File : /sfs/gpfs/tardis/home/xpz5km/Cahn_Hilliard_Model_HPC/spinodal_decomp/compare_L2_error.py , Line : 19, Func.Name : read_specific_lines, Message : digits.append(float(i))']
match None
match <re.Match object; span=(0, 59), match='NMG_Python_20_dt_5.50e-06_Nx_128_periodic_dtout_1>
Python,20,128,periodic,1,1,50p
NMG_Python_20_dt_5.50e-06_Nx_128_periodic_dtout_150pphi.csv
Exception type : ValueError 
Exception message : could not convert string to float: '(-0.22500938699764558+0j)'
Stack trace : ['File : /sfs/gpfs/tardis/home/xpz5km/Cahn_Hilliard_Model_HPC/spinodal_decomp/compare_L2_error.py , Line : 86, Func.Name : compare_L2_error_at_timepoint, Message : snapshot_SAV = read_specific_lines(f"{root}/{SAV_fname}", line_list)', 'File : /sfs/gpfs/tardis/home/xpz5km/Cahn_Hilliard_Model_HPC/spinodal_decomp/compare_L2_error.py , Line : 19, Func.Name : read_specific_lines, Message : digits.append(float(i))']
match <re.Match object; span=(0, 58), match='NMG_Python_20_dt_5.50e-06_Nx_256_neumann_dtout_12>
Python,20,256,neumann,1,1,25p
NMG_Python_20_dt_5.50e-06_Nx_256_neumann_dtout_125pphi.csv
Exception type : ValueError 
Exception message : could not convert string to float: '(-0.4230129612611212+0j)'
Stack trace : ['File : /sfs/gpfs/tardis/home/xpz5km/Cahn_Hilliard_Model_HPC/spinodal_decomp/compare_L2_error.py , Line : 86, Func.Name : compare_L2_error_at_timepoint, Message : snapshot_SAV = read_specific_lines(f"{root}/{SAV_fname}", line_list)', 'File : /sfs/gpfs/tardis/home/xpz5km/Cahn_Hilliard_Model_HPC/spinodal_decomp/compare_L2_error.py , Line : 19, Func.Name : read_specific_lines, Message : digits.append(float(i))']
match None
match <re.Match object; span=(0, 57), match='NMG_Python_20_dt_5.50e-06_Nx_64_neumann_dtout_175>
Python,20,64,neumann,1,1,75p
NMG_Python_20_dt_5.50e-06_Nx_64_neumann_dtout_175pphi.csv
Exception type : ValueError 
Exception message : could not convert string to float: '(0.08248231802942453+0j)'
Stack trace : ['File : /sfs/gpfs/tardis/home/xpz5km/Cahn_Hilliard_Model_HPC/spinodal_decomp/compare_L2_error.py , Line : 86, Func.Name : compare_L2_error_at_timepoint, Message : snapshot_SAV = read_specific_lines(f"{root}/{SAV_fname}", line_list)', 'File : /sfs/gpfs/tardis/home/xpz5km/Cahn_Hilliard_Model_HPC/spinodal_decomp/compare_L2_error.py , Line : 19, Func.Name : read_specific_lines, Message : digits.append(float(i))']
match None
match None
match None
match <re.Match object; span=(0, 59), match='NMG_Python_20_dt_5.50e-06_Nx_256_periodic_dtout_1>
Python,20,256,periodic,1,1,25p
NMG_Python_20_dt_5.50e-06_Nx_256_periodic_dtout_125pphi.csv
Exception type : ValueError 
Exception message : could not convert string to float: '(-0.4335517998474905+0j)'
Stack trace : ['File : /sfs/gpfs/tardis/home/xpz5km/Cahn_Hilliard_Model_HPC/spinodal_decomp/compare_L2_error.py , Line : 86, Func.Name : compare_L2_error_at_timepoint, Message : snapshot_SAV = read_specific_lines(f"{root}/{SAV_fname}", line_list)', 'File : /sfs/gpfs/tardis/home/xpz5km/Cahn_Hilliard_Model_HPC/spinodal_decomp/compare_L2_error.py , Line : 19, Func.Name : read_specific_lines, Message : digits.append(float(i))']
match <re.Match object; span=(0, 59), match='NMG_Python_20_dt_5.50e-06_Nx_64_periodic_dtout_20>
Python,20,64,periodic,20,20,25p
NMG_Python_20_dt_5.50e-06_Nx_64_periodic_dtout_2025pphi.csv
Exception type : ValueError 
Exception message : could not convert string to float: '(-0.2607501952412769+0j)'
Stack trace : ['File : /sfs/gpfs/tardis/home/xpz5km/Cahn_Hilliard_Model_HPC/spinodal_decomp/compare_L2_error.py , Line : 86, Func.Name : compare_L2_error_at_timepoint, Message : snapshot_SAV = read_specific_lines(f"{root}/{SAV_fname}", line_list)', 'File : /sfs/gpfs/tardis/home/xpz5km/Cahn_Hilliard_Model_HPC/spinodal_decomp/compare_L2_error.py , Line : 19, Func.Name : read_specific_lines, Message : digits.append(float(i))']
match None
match None
match <re.Match object; span=(0, 59), match='NMG_Python_20_dt_5.50e-06_Nx_512_periodic_dtout_1>
Python,20,512,periodic,1,1,50p
NMG_Python_20_dt_5.50e-06_Nx_512_periodic_dtout_150pphi.csv
Exception type : ValueError 
Exception message : could not convert string to float: '(0.740450781949724+0j)'
Stack trace : ['File : /sfs/gpfs/tardis/home/xpz5km/Cahn_Hilliard_Model_HPC/spinodal_decomp/compare_L2_error.py , Line : 86, Func.Name : compare_L2_error_at_timepoint, Message : snapshot_SAV = read_specific_lines(f"{root}/{SAV_fname}", line_list)', 'File : /sfs/gpfs/tardis/home/xpz5km/Cahn_Hilliard_Model_HPC/spinodal_decomp/compare_L2_error.py , Line : 19, Func.Name : read_specific_lines, Message : digits.append(float(i))']
match None
match None
match None
match None
match None
match None
match None
match <re.Match object; span=(0, 63), match='SAV_Python_2000_dt_5.50e-06_Nx_512_neumann_dtout_>
Python,2000,512,neumann,2000,2000,50p not recorded; dt_out too large.
match <re.Match object; span=(0, 62), match='SAV_Python_2000_dt_5.50e-06_Nx_512_periodic_dtout>
match <re.Match object; span=(0, 63), match='SAV_Python_2000_dt_5.50e-06_Nx_512_neumann_dtout_>
Python,2000,512,neumann,2000,2000,75p not recorded; dt_out too large.
match None
match <re.Match object; span=(0, 60), match='NMG_Python_20_dt_5.50e-06_Nx_512_periodic_dtout_2>
Python,20,512,periodic,20,20,25p
NMG_Python_20_dt_5.50e-06_Nx_512_periodic_dtout_2025pphi.csv
Exception type : ValueError 
Exception message : could not convert string to float: '(-0.5924427840366981+0j)'
Stack trace : ['File : /sfs/gpfs/tardis/home/xpz5km/Cahn_Hilliard_Model_HPC/spinodal_decomp/compare_L2_error.py , Line : 86, Func.Name : compare_L2_error_at_timepoint, Message : snapshot_SAV = read_specific_lines(f"{root}/{SAV_fname}", line_list)', 'File : /sfs/gpfs/tardis/home/xpz5km/Cahn_Hilliard_Model_HPC/spinodal_decomp/compare_L2_error.py , Line : 19, Func.Name : read_specific_lines, Message : digits.append(float(i))']
match None
match <re.Match object; span=(0, 58), match='NMG_Python_20_dt_5.50e-06_Nx_64_neumann_dtout_205>
Python,20,64,neumann,20,20,50p
NMG_Python_20_dt_5.50e-06_Nx_64_neumann_dtout_2050pphi.csv
Exception type : ValueError 
Exception message : could not convert string to float: '(-0.8193172180077055+0j)'
Stack trace : ['File : /sfs/gpfs/tardis/home/xpz5km/Cahn_Hilliard_Model_HPC/spinodal_decomp/compare_L2_error.py , Line : 86, Func.Name : compare_L2_error_at_timepoint, Message : snapshot_SAV = read_specific_lines(f"{root}/{SAV_fname}", line_list)', 'File : /sfs/gpfs/tardis/home/xpz5km/Cahn_Hilliard_Model_HPC/spinodal_decomp/compare_L2_error.py , Line : 19, Func.Name : read_specific_lines, Message : digits.append(float(i))']
match <re.Match object; span=(0, 59), match='NMG_Python_20_dt_5.50e-06_Nx_128_neumann_dtout_20>
Python,20,128,neumann,20,20,75p
NMG_Python_20_dt_5.50e-06_Nx_128_neumann_dtout_2075pphi.csv
Exception type : ValueError 
Exception message : could not convert string to float: '(1.0070442820402468+0j)'
Stack trace : ['File : /sfs/gpfs/tardis/home/xpz5km/Cahn_Hilliard_Model_HPC/spinodal_decomp/compare_L2_error.py , Line : 86, Func.Name : compare_L2_error_at_timepoint, Message : snapshot_SAV = read_specific_lines(f"{root}/{SAV_fname}", line_list)', 'File : /sfs/gpfs/tardis/home/xpz5km/Cahn_Hilliard_Model_HPC/spinodal_decomp/compare_L2_error.py , Line : 19, Func.Name : read_specific_lines, Message : digits.append(float(i))']
match <re.Match object; span=(0, 57), match='NMG_Python_20_dt_5.50e-06_Nx_64_neumann_dtout_125>
Python,20,64,neumann,1,1,25p
NMG_Python_20_dt_5.50e-06_Nx_64_neumann_dtout_125pphi.csv
Exception type : ValueError 
Exception message : could not convert string to float: '(-0.6104766324037907+0j)'
Stack trace : ['File : /sfs/gpfs/tardis/home/xpz5km/Cahn_Hilliard_Model_HPC/spinodal_decomp/compare_L2_error.py , Line : 86, Func.Name : compare_L2_error_at_timepoint, Message : snapshot_SAV = read_specific_lines(f"{root}/{SAV_fname}", line_list)', 'File : /sfs/gpfs/tardis/home/xpz5km/Cahn_Hilliard_Model_HPC/spinodal_decomp/compare_L2_error.py , Line : 19, Func.Name : read_specific_lines, Message : digits.append(float(i))']
match None
match None
match None
match <re.Match object; span=(0, 62), match='SAV_Python_2000_dt_5.50e-06_Nx_64_neumann_dtout_2>
Python,2000,64,neumann,2000,2000,25p not recorded; dt_out too large.
match None
match None
match None
match <re.Match object; span=(0, 59), match='NMG_Python_20_dt_5.50e-06_Nx_512_periodic_dtout_1>
Python,20,512,periodic,1,1,25p
NMG_Python_20_dt_5.50e-06_Nx_512_periodic_dtout_125pphi.csv
Exception type : ValueError 
Exception message : could not convert string to float: '(-0.5604095087538191+0j)'
Stack trace : ['File : /sfs/gpfs/tardis/home/xpz5km/Cahn_Hilliard_Model_HPC/spinodal_decomp/compare_L2_error.py , Line : 86, Func.Name : compare_L2_error_at_timepoint, Message : snapshot_SAV = read_specific_lines(f"{root}/{SAV_fname}", line_list)', 'File : /sfs/gpfs/tardis/home/xpz5km/Cahn_Hilliard_Model_HPC/spinodal_decomp/compare_L2_error.py , Line : 19, Func.Name : read_specific_lines, Message : digits.append(float(i))']
match None
match <re.Match object; span=(0, 64), match='SAV_Python_2000_dt_5.50e-06_Nx_128_periodic_dtout>
Python,2000,128,periodic,2000,2000,25p not recorded; dt_out too large.
match <re.Match object; span=(0, 61), match='SAV_Python_2000_dt_5.50e-06_Nx_256_neumann_dtout_>
match None
match None
match None
match None
match <re.Match object; span=(0, 60), match='NMG_Python_20_dt_5.50e-06_Nx_512_periodic_dtout_2>
Python,20,512,periodic,20,20,50p
NMG_Python_20_dt_5.50e-06_Nx_512_periodic_dtout_2050pphi.csv
Exception type : ValueError 
Exception message : could not convert string to float: '(0.14766784652957254+0j)'
Stack trace : ['File : /sfs/gpfs/tardis/home/xpz5km/Cahn_Hilliard_Model_HPC/spinodal_decomp/compare_L2_error.py , Line : 86, Func.Name : compare_L2_error_at_timepoint, Message : snapshot_SAV = read_specific_lines(f"{root}/{SAV_fname}", line_list)', 'File : /sfs/gpfs/tardis/home/xpz5km/Cahn_Hilliard_Model_HPC/spinodal_decomp/compare_L2_error.py , Line : 19, Func.Name : read_specific_lines, Message : digits.append(float(i))']
match <re.Match object; span=(0, 64), match='SAV_Python_2000_dt_5.50e-06_Nx_512_periodic_dtout>
Python,2000,512,periodic,2000,2000,75p not recorded; dt_out too large.
match None
match None
match None
match None
match None
match <re.Match object; span=(0, 59), match='NMG_Python_20_dt_5.50e-06_Nx_128_periodic_dtout_1>
Python,20,128,periodic,1,1,75p
NMG_Python_20_dt_5.50e-06_Nx_128_periodic_dtout_175pphi.csv
Exception type : ValueError 
Exception message : could not convert string to float: '(0.5320860838492227+0j)'
Stack trace : ['File : /sfs/gpfs/tardis/home/xpz5km/Cahn_Hilliard_Model_HPC/spinodal_decomp/compare_L2_error.py , Line : 86, Func.Name : compare_L2_error_at_timepoint, Message : snapshot_SAV = read_specific_lines(f"{root}/{SAV_fname}", line_list)', 'File : /sfs/gpfs/tardis/home/xpz5km/Cahn_Hilliard_Model_HPC/spinodal_decomp/compare_L2_error.py , Line : 19, Func.Name : read_specific_lines, Message : digits.append(float(i))']
match <re.Match object; span=(0, 59), match='NMG_Python_20_dt_5.50e-06_Nx_512_periodic_dtout_1>
Python,20,512,periodic,1,1,75p
NMG_Python_20_dt_5.50e-06_Nx_512_periodic_dtout_175pphi.csv
Exception type : ValueError 
Exception message : could not convert string to float: '(0.7015083398376802+0j)'
Stack trace : ['File : /sfs/gpfs/tardis/home/xpz5km/Cahn_Hilliard_Model_HPC/spinodal_decomp/compare_L2_error.py , Line : 86, Func.Name : compare_L2_error_at_timepoint, Message : snapshot_SAV = read_specific_lines(f"{root}/{SAV_fname}", line_list)', 'File : /sfs/gpfs/tardis/home/xpz5km/Cahn_Hilliard_Model_HPC/spinodal_decomp/compare_L2_error.py , Line : 19, Func.Name : read_specific_lines, Message : digits.append(float(i))']
match None
match None
match None
match None
match <re.Match object; span=(0, 62), match='SAV_Python_2000_dt_5.50e-06_Nx_512_periodic_dtout>
match <re.Match object; span=(0, 62), match='SAV_Python_2000_dt_5.50e-06_Nx_128_periodic_dtout>
match None
match <re.Match object; span=(0, 58), match='NMG_Python_20_dt_5.50e-06_Nx_128_neumann_dtout_15>
Python,20,128,neumann,1,1,50p
NMG_Python_20_dt_5.50e-06_Nx_128_neumann_dtout_150pphi.csv
Exception type : ValueError 
Exception message : could not convert string to float: '(-0.15081502742283623+0j)'
Stack trace : ['File : /sfs/gpfs/tardis/home/xpz5km/Cahn_Hilliard_Model_HPC/spinodal_decomp/compare_L2_error.py , Line : 86, Func.Name : compare_L2_error_at_timepoint, Message : snapshot_SAV = read_specific_lines(f"{root}/{SAV_fname}", line_list)', 'File : /sfs/gpfs/tardis/home/xpz5km/Cahn_Hilliard_Model_HPC/spinodal_decomp/compare_L2_error.py , Line : 19, Func.Name : read_specific_lines, Message : digits.append(float(i))']
match None
match None
match None
match <re.Match object; span=(0, 63), match='SAV_Python_2000_dt_5.50e-06_Nx_64_periodic_dtout_>
Python,2000,64,periodic,2000,2000,25p not recorded; dt_out too large.
match None
match None
match None
match None
match None
match None
match None
match None
match None
match <re.Match object; span=(0, 60), match='NMG_Python_20_dt_5.50e-06_Nx_128_periodic_dtout_2>
Python,20,128,periodic,20,20,75p
NMG_Python_20_dt_5.50e-06_Nx_128_periodic_dtout_2075pphi.csv
Exception type : ValueError 
Exception message : could not convert string to float: '(-0.2259011345264694+0j)'
Stack trace : ['File : /sfs/gpfs/tardis/home/xpz5km/Cahn_Hilliard_Model_HPC/spinodal_decomp/compare_L2_error.py , Line : 86, Func.Name : compare_L2_error_at_timepoint, Message : snapshot_SAV = read_specific_lines(f"{root}/{SAV_fname}", line_list)', 'File : /sfs/gpfs/tardis/home/xpz5km/Cahn_Hilliard_Model_HPC/spinodal_decomp/compare_L2_error.py , Line : 19, Func.Name : read_specific_lines, Message : digits.append(float(i))']
match <re.Match object; span=(0, 62), match='SAV_Python_2000_dt_5.50e-06_Nx_64_neumann_dtout_2>
Python,2000,64,neumann,2000,2000,50p not recorded; dt_out too large.
match <re.Match object; span=(0, 64), match='SAV_Python_2000_dt_5.50e-06_Nx_128_periodic_dtout>
Python,2000,128,periodic,2000,2000,50p not recorded; dt_out too large.
match None
match None
match None
match None
match <re.Match object; span=(0, 60), match='NMG_Python_20_dt_5.50e-06_Nx_256_periodic_dtout_2>
Python,20,256,periodic,20,20,75p
NMG_Python_20_dt_5.50e-06_Nx_256_periodic_dtout_2075pphi.csv
Exception type : ValueError 
Exception message : could not convert string to float: '(0.4813657808640433+0j)'
Stack trace : ['File : /sfs/gpfs/tardis/home/xpz5km/Cahn_Hilliard_Model_HPC/spinodal_decomp/compare_L2_error.py , Line : 86, Func.Name : compare_L2_error_at_timepoint, Message : snapshot_SAV = read_specific_lines(f"{root}/{SAV_fname}", line_list)', 'File : /sfs/gpfs/tardis/home/xpz5km/Cahn_Hilliard_Model_HPC/spinodal_decomp/compare_L2_error.py , Line : 19, Func.Name : read_specific_lines, Message : digits.append(float(i))']
match <re.Match object; span=(0, 58), match='NMG_Python_20_dt_5.50e-06_Nx_512_neumann_dtout_17>
Python,20,512,neumann,1,1,75p
NMG_Python_20_dt_5.50e-06_Nx_512_neumann_dtout_175pphi.csv
Exception type : ValueError 
Exception message : could not convert string to float: '(0.8899473042808845+0j)'
Stack trace : ['File : /sfs/gpfs/tardis/home/xpz5km/Cahn_Hilliard_Model_HPC/spinodal_decomp/compare_L2_error.py , Line : 86, Func.Name : compare_L2_error_at_timepoint, Message : snapshot_SAV = read_specific_lines(f"{root}/{SAV_fname}", line_list)', 'File : /sfs/gpfs/tardis/home/xpz5km/Cahn_Hilliard_Model_HPC/spinodal_decomp/compare_L2_error.py , Line : 19, Func.Name : read_specific_lines, Message : digits.append(float(i))']
match <re.Match object; span=(0, 58), match='NMG_Python_20_dt_5.50e-06_Nx_64_neumann_dtout_202>
Python,20,64,neumann,20,20,25p
NMG_Python_20_dt_5.50e-06_Nx_64_neumann_dtout_2025pphi.csv
Exception type : ValueError 
Exception message : could not convert string to float: '(-0.9129498158047057+0j)'
Stack trace : ['File : /sfs/gpfs/tardis/home/xpz5km/Cahn_Hilliard_Model_HPC/spinodal_decomp/compare_L2_error.py , Line : 86, Func.Name : compare_L2_error_at_timepoint, Message : snapshot_SAV = read_specific_lines(f"{root}/{SAV_fname}", line_list)', 'File : /sfs/gpfs/tardis/home/xpz5km/Cahn_Hilliard_Model_HPC/spinodal_decomp/compare_L2_error.py , Line : 19, Func.Name : read_specific_lines, Message : digits.append(float(i))']
match <re.Match object; span=(0, 58), match='NMG_Python_20_dt_5.50e-06_Nx_64_neumann_dtout_207>
Python,20,64,neumann,20,20,75p
NMG_Python_20_dt_5.50e-06_Nx_64_neumann_dtout_2075pphi.csv
Exception type : ValueError 
Exception message : could not convert string to float: '(-0.3181784942992353+0j)'
Stack trace : ['File : /sfs/gpfs/tardis/home/xpz5km/Cahn_Hilliard_Model_HPC/spinodal_decomp/compare_L2_error.py , Line : 86, Func.Name : compare_L2_error_at_timepoint, Message : snapshot_SAV = read_specific_lines(f"{root}/{SAV_fname}", line_list)', 'File : /sfs/gpfs/tardis/home/xpz5km/Cahn_Hilliard_Model_HPC/spinodal_decomp/compare_L2_error.py , Line : 19, Func.Name : read_specific_lines, Message : digits.append(float(i))']
match None
match None
match <re.Match object; span=(0, 62), match='SAV_Python_2000_dt_5.50e-06_Nx_128_periodic_dtout>
match <re.Match object; span=(0, 60), match='SAV_Python_2000_dt_5.50e-06_Nx_64_neumann_dtout_1>
match <re.Match object; span=(0, 63), match='SAV_Python_2000_dt_5.50e-06_Nx_64_periodic_dtout_>
Python,2000,64,periodic,2000,2000,50p not recorded; dt_out too large.
match <re.Match object; span=(0, 60), match='NMG_Python_20_dt_5.50e-06_Nx_512_periodic_dtout_2>
Python,20,512,periodic,20,20,75p
NMG_Python_20_dt_5.50e-06_Nx_512_periodic_dtout_2075pphi.csv
Exception type : ValueError 
Exception message : could not convert string to float: '(0.5212796069949747+0j)'
Stack trace : ['File : /sfs/gpfs/tardis/home/xpz5km/Cahn_Hilliard_Model_HPC/spinodal_decomp/compare_L2_error.py , Line : 86, Func.Name : compare_L2_error_at_timepoint, Message : snapshot_SAV = read_specific_lines(f"{root}/{SAV_fname}", line_list)', 'File : /sfs/gpfs/tardis/home/xpz5km/Cahn_Hilliard_Model_HPC/spinodal_decomp/compare_L2_error.py , Line : 19, Func.Name : read_specific_lines, Message : digits.append(float(i))']
match None
match <re.Match object; span=(0, 59), match='NMG_Python_20_dt_5.50e-06_Nx_512_neumann_dtout_20>
Python,20,512,neumann,20,20,25p
NMG_Python_20_dt_5.50e-06_Nx_512_neumann_dtout_2025pphi.csv
Exception type : ValueError 
Exception message : could not convert string to float: '(-0.19931155268433487+0j)'
Stack trace : ['File : /sfs/gpfs/tardis/home/xpz5km/Cahn_Hilliard_Model_HPC/spinodal_decomp/compare_L2_error.py , Line : 86, Func.Name : compare_L2_error_at_timepoint, Message : snapshot_SAV = read_specific_lines(f"{root}/{SAV_fname}", line_list)', 'File : /sfs/gpfs/tardis/home/xpz5km/Cahn_Hilliard_Model_HPC/spinodal_decomp/compare_L2_error.py , Line : 19, Func.Name : read_specific_lines, Message : digits.append(float(i))']
match <re.Match object; span=(0, 58), match='NMG_Python_20_dt_5.50e-06_Nx_512_neumann_dtout_15>
Python,20,512,neumann,1,1,50p
NMG_Python_20_dt_5.50e-06_Nx_512_neumann_dtout_150pphi.csv
Exception type : ValueError 
Exception message : could not convert string to float: '(0.8629715251644211+0j)'
Stack trace : ['File : /sfs/gpfs/tardis/home/xpz5km/Cahn_Hilliard_Model_HPC/spinodal_decomp/compare_L2_error.py , Line : 86, Func.Name : compare_L2_error_at_timepoint, Message : snapshot_SAV = read_specific_lines(f"{root}/{SAV_fname}", line_list)', 'File : /sfs/gpfs/tardis/home/xpz5km/Cahn_Hilliard_Model_HPC/spinodal_decomp/compare_L2_error.py , Line : 19, Func.Name : read_specific_lines, Message : digits.append(float(i))']
match <re.Match object; span=(0, 58), match='NMG_Python_20_dt_5.50e-06_Nx_64_periodic_dtout_12>
Python,20,64,periodic,1,1,25p
NMG_Python_20_dt_5.50e-06_Nx_64_periodic_dtout_125pphi.csv
Exception type : ValueError 
Exception message : could not convert string to float: '(-0.5316634849760694+0j)'
Stack trace : ['File : /sfs/gpfs/tardis/home/xpz5km/Cahn_Hilliard_Model_HPC/spinodal_decomp/compare_L2_error.py , Line : 86, Func.Name : compare_L2_error_at_timepoint, Message : snapshot_SAV = read_specific_lines(f"{root}/{SAV_fname}", line_list)', 'File : /sfs/gpfs/tardis/home/xpz5km/Cahn_Hilliard_Model_HPC/spinodal_decomp/compare_L2_error.py , Line : 19, Func.Name : read_specific_lines, Message : digits.append(float(i))']
match None
match <re.Match object; span=(0, 62), match='SAV_Python_2000_dt_5.50e-06_Nx_256_periodic_dtout>
match <re.Match object; span=(0, 63), match='SAV_Python_2000_dt_5.50e-06_Nx_128_neumann_dtout_>
Python,2000,128,neumann,2000,2000,75p not recorded; dt_out too large.
match <re.Match object; span=(0, 60), match='NMG_Python_20_dt_5.50e-06_Nx_128_periodic_dtout_2>
Python,20,128,periodic,20,20,50p
NMG_Python_20_dt_5.50e-06_Nx_128_periodic_dtout_2050pphi.csv
Exception type : ValueError 
Exception message : could not convert string to float: '(-0.3095721867886947+0j)'
Stack trace : ['File : /sfs/gpfs/tardis/home/xpz5km/Cahn_Hilliard_Model_HPC/spinodal_decomp/compare_L2_error.py , Line : 86, Func.Name : compare_L2_error_at_timepoint, Message : snapshot_SAV = read_specific_lines(f"{root}/{SAV_fname}", line_list)', 'File : /sfs/gpfs/tardis/home/xpz5km/Cahn_Hilliard_Model_HPC/spinodal_decomp/compare_L2_error.py , Line : 19, Func.Name : read_specific_lines, Message : digits.append(float(i))']
match None
match None
match None
match <re.Match object; span=(0, 60), match='NMG_Python_20_dt_5.50e-06_Nx_256_periodic_dtout_2>
Python,20,256,periodic,20,20,50p
NMG_Python_20_dt_5.50e-06_Nx_256_periodic_dtout_2050pphi.csv
Exception type : ValueError 
Exception message : could not convert string to float: '(0.010506962033912721+0j)'
Stack trace : ['File : /sfs/gpfs/tardis/home/xpz5km/Cahn_Hilliard_Model_HPC/spinodal_decomp/compare_L2_error.py , Line : 86, Func.Name : compare_L2_error_at_timepoint, Message : snapshot_SAV = read_specific_lines(f"{root}/{SAV_fname}", line_list)', 'File : /sfs/gpfs/tardis/home/xpz5km/Cahn_Hilliard_Model_HPC/spinodal_decomp/compare_L2_error.py , Line : 19, Func.Name : read_specific_lines, Message : digits.append(float(i))']
match None
match <re.Match object; span=(0, 62), match='SAV_Python_2000_dt_5.50e-06_Nx_256_periodic_dtout>
match None
match <re.Match object; span=(0, 63), match='SAV_Python_2000_dt_5.50e-06_Nx_256_neumann_dtout_>
Python,2000,256,neumann,2000,2000,50p not recorded; dt_out too large.
match None
match None
match <re.Match object; span=(0, 59), match='NMG_Python_20_dt_5.50e-06_Nx_64_periodic_dtout_20>
Python,20,64,periodic,20,20,50p
NMG_Python_20_dt_5.50e-06_Nx_64_periodic_dtout_2050pphi.csv
Exception type : ValueError 
Exception message : could not convert string to float: '(-0.4179450898314091+0j)'
Stack trace : ['File : /sfs/gpfs/tardis/home/xpz5km/Cahn_Hilliard_Model_HPC/spinodal_decomp/compare_L2_error.py , Line : 86, Func.Name : compare_L2_error_at_timepoint, Message : snapshot_SAV = read_specific_lines(f"{root}/{SAV_fname}", line_list)', 'File : /sfs/gpfs/tardis/home/xpz5km/Cahn_Hilliard_Model_HPC/spinodal_decomp/compare_L2_error.py , Line : 19, Func.Name : read_specific_lines, Message : digits.append(float(i))']
match <re.Match object; span=(0, 63), match='SAV_Python_2000_dt_5.50e-06_Nx_512_neumann_dtout_>
Python,2000,512,neumann,2000,2000,25p not recorded; dt_out too large.
match None
match <re.Match object; span=(0, 59), match='NMG_Python_20_dt_5.50e-06_Nx_512_neumann_dtout_20>
Python,20,512,neumann,20,20,75p
NMG_Python_20_dt_5.50e-06_Nx_512_neumann_dtout_2075pphi.csv
Exception type : ValueError 
Exception message : could not convert string to float: '(0.6537176705314839+0j)'
Stack trace : ['File : /sfs/gpfs/tardis/home/xpz5km/Cahn_Hilliard_Model_HPC/spinodal_decomp/compare_L2_error.py , Line : 86, Func.Name : compare_L2_error_at_timepoint, Message : snapshot_SAV = read_specific_lines(f"{root}/{SAV_fname}", line_list)', 'File : /sfs/gpfs/tardis/home/xpz5km/Cahn_Hilliard_Model_HPC/spinodal_decomp/compare_L2_error.py , Line : 19, Func.Name : read_specific_lines, Message : digits.append(float(i))']
match None
match None
match <re.Match object; span=(0, 59), match='NMG_Python_20_dt_5.50e-06_Nx_256_neumann_dtout_20>
Python,20,256,neumann,20,20,25p
NMG_Python_20_dt_5.50e-06_Nx_256_neumann_dtout_2025pphi.csv
Exception type : ValueError 
Exception message : could not convert string to float: '(-0.32927592388756166+0j)'
Stack trace : ['File : /sfs/gpfs/tardis/home/xpz5km/Cahn_Hilliard_Model_HPC/spinodal_decomp/compare_L2_error.py , Line : 86, Func.Name : compare_L2_error_at_timepoint, Message : snapshot_SAV = read_specific_lines(f"{root}/{SAV_fname}", line_list)', 'File : /sfs/gpfs/tardis/home/xpz5km/Cahn_Hilliard_Model_HPC/spinodal_decomp/compare_L2_error.py , Line : 19, Func.Name : read_specific_lines, Message : digits.append(float(i))']
match <re.Match object; span=(0, 61), match='SAV_Python_2000_dt_5.50e-06_Nx_512_neumann_dtout_>
match None
match None
match None
match <re.Match object; span=(0, 62), match='SAV_Python_2000_dt_5.50e-06_Nx_64_neumann_dtout_2>
Python,2000,64,neumann,2000,2000,75p not recorded; dt_out too large.
match None
match None
match None
match None
match None
match None
match None
match None
match <re.Match object; span=(0, 59), match='NMG_Python_20_dt_5.50e-06_Nx_128_neumann_dtout_20>
Python,20,128,neumann,20,20,25p
NMG_Python_20_dt_5.50e-06_Nx_128_neumann_dtout_2025pphi.csv
Exception type : ValueError 
Exception message : could not convert string to float: '(-0.10276645075364461+0j)'
Stack trace : ['File : /sfs/gpfs/tardis/home/xpz5km/Cahn_Hilliard_Model_HPC/spinodal_decomp/compare_L2_error.py , Line : 86, Func.Name : compare_L2_error_at_timepoint, Message : snapshot_SAV = read_specific_lines(f"{root}/{SAV_fname}", line_list)', 'File : /sfs/gpfs/tardis/home/xpz5km/Cahn_Hilliard_Model_HPC/spinodal_decomp/compare_L2_error.py , Line : 19, Func.Name : read_specific_lines, Message : digits.append(float(i))']
match None
match <re.Match object; span=(0, 62), match='SAV_Python_2000_dt_5.50e-06_Nx_256_periodic_dtout>
match <re.Match object; span=(0, 59), match='NMG_Python_20_dt_5.50e-06_Nx_64_periodic_dtout_20>
Python,20,64,periodic,20,20,75p
NMG_Python_20_dt_5.50e-06_Nx_64_periodic_dtout_2075pphi.csv
Exception type : ValueError 
Exception message : could not convert string to float: '(0.36662716665050266+0j)'
Stack trace : ['File : /sfs/gpfs/tardis/home/xpz5km/Cahn_Hilliard_Model_HPC/spinodal_decomp/compare_L2_error.py , Line : 86, Func.Name : compare_L2_error_at_timepoint, Message : snapshot_SAV = read_specific_lines(f"{root}/{SAV_fname}", line_list)', 'File : /sfs/gpfs/tardis/home/xpz5km/Cahn_Hilliard_Model_HPC/spinodal_decomp/compare_L2_error.py , Line : 19, Func.Name : read_specific_lines, Message : digits.append(float(i))']
match None
match <re.Match object; span=(0, 59), match='NMG_Python_20_dt_5.50e-06_Nx_256_periodic_dtout_1>
Python,20,256,periodic,1,1,75p
NMG_Python_20_dt_5.50e-06_Nx_256_periodic_dtout_175pphi.csv
Exception type : ValueError 
Exception message : could not convert string to float: '(0.5644178238319637+0j)'
Stack trace : ['File : /sfs/gpfs/tardis/home/xpz5km/Cahn_Hilliard_Model_HPC/spinodal_decomp/compare_L2_error.py , Line : 86, Func.Name : compare_L2_error_at_timepoint, Message : snapshot_SAV = read_specific_lines(f"{root}/{SAV_fname}", line_list)', 'File : /sfs/gpfs/tardis/home/xpz5km/Cahn_Hilliard_Model_HPC/spinodal_decomp/compare_L2_error.py , Line : 19, Func.Name : read_specific_lines, Message : digits.append(float(i))']
match <re.Match object; span=(0, 58), match='NMG_Python_20_dt_5.50e-06_Nx_64_periodic_dtout_15>
Python,20,64,periodic,1,1,50p
NMG_Python_20_dt_5.50e-06_Nx_64_periodic_dtout_150pphi.csv
Exception type : ValueError 
Exception message : could not convert string to float: '(-0.2641706469331444+0j)'
Stack trace : ['File : /sfs/gpfs/tardis/home/xpz5km/Cahn_Hilliard_Model_HPC/spinodal_decomp/compare_L2_error.py , Line : 86, Func.Name : compare_L2_error_at_timepoint, Message : snapshot_SAV = read_specific_lines(f"{root}/{SAV_fname}", line_list)', 'File : /sfs/gpfs/tardis/home/xpz5km/Cahn_Hilliard_Model_HPC/spinodal_decomp/compare_L2_error.py , Line : 19, Func.Name : read_specific_lines, Message : digits.append(float(i))']
match <re.Match object; span=(0, 60), match='SAV_Python_2000_dt_5.50e-06_Nx_64_neumann_dtout_1>
match <re.Match object; span=(0, 59), match='NMG_Python_20_dt_5.50e-06_Nx_128_periodic_dtout_1>
Python,20,128,periodic,1,1,25p
NMG_Python_20_dt_5.50e-06_Nx_128_periodic_dtout_125pphi.csv
Exception type : ValueError 
Exception message : could not convert string to float: '(-0.5245844677838076+0j)'
Stack trace : ['File : /sfs/gpfs/tardis/home/xpz5km/Cahn_Hilliard_Model_HPC/spinodal_decomp/compare_L2_error.py , Line : 86, Func.Name : compare_L2_error_at_timepoint, Message : snapshot_SAV = read_specific_lines(f"{root}/{SAV_fname}", line_list)', 'File : /sfs/gpfs/tardis/home/xpz5km/Cahn_Hilliard_Model_HPC/spinodal_decomp/compare_L2_error.py , Line : 19, Func.Name : read_specific_lines, Message : digits.append(float(i))']
match None
match None
match None
match None
match None
match <re.Match object; span=(0, 61), match='SAV_Python_2000_dt_5.50e-06_Nx_128_neumann_dtout_>
match None
match <re.Match object; span=(0, 60), match='SAV_Python_2000_dt_5.50e-06_Nx_64_neumann_dtout_1>
match None
11
match None
match None
match <re.Match object; span=(0, 59), match='NMG_Python_20_dt_5.50e-06_Nx_256_neumann_dtout_20>
Python,20,256,neumann,20,20,75p
NMG_Python_20_dt_5.50e-06_Nx_256_neumann_dtout_2075pphi.csv
Exception type : ValueError 
Exception message : could not convert string to float: '(0.41950652511946407+0j)'
Stack trace : ['File : /sfs/gpfs/tardis/home/xpz5km/Cahn_Hilliard_Model_HPC/spinodal_decomp/compare_L2_error.py , Line : 86, Func.Name : compare_L2_error_at_timepoint, Message : snapshot_SAV = read_specific_lines(f"{root}/{SAV_fname}", line_list)', 'File : /sfs/gpfs/tardis/home/xpz5km/Cahn_Hilliard_Model_HPC/spinodal_decomp/compare_L2_error.py , Line : 19, Func.Name : read_specific_lines, Message : digits.append(float(i))']
match None
match None
match None
match None
match None
match None
match None
match <re.Match object; span=(0, 62), match='SAV_Python_2000_dt_5.50e-06_Nx_128_periodic_dtout>
match None
match None
match None
match None
match None
match None
match None
match None
match None
match None
match <re.Match object; span=(0, 63), match='SAV_Python_2000_dt_5.50e-06_Nx_256_neumann_dtout_>
Python,2000,256,neumann,2000,2000,25p not recorded; dt_out too large.
match <re.Match object; span=(0, 61), match='SAV_Python_2000_dt_5.50e-06_Nx_128_neumann_dtout_>
match <re.Match object; span=(0, 60), match='NMG_Python_20_dt_5.50e-06_Nx_128_periodic_dtout_2>
Python,20,128,periodic,20,20,25p
NMG_Python_20_dt_5.50e-06_Nx_128_periodic_dtout_2025pphi.csv
Exception type : ValueError 
Exception message : could not convert string to float: '(-0.5392675015155758+0j)'
Stack trace : ['File : /sfs/gpfs/tardis/home/xpz5km/Cahn_Hilliard_Model_HPC/spinodal_decomp/compare_L2_error.py , Line : 86, Func.Name : compare_L2_error_at_timepoint, Message : snapshot_SAV = read_specific_lines(f"{root}/{SAV_fname}", line_list)', 'File : /sfs/gpfs/tardis/home/xpz5km/Cahn_Hilliard_Model_HPC/spinodal_decomp/compare_L2_error.py , Line : 19, Func.Name : read_specific_lines, Message : digits.append(float(i))']
match None
match None
match <re.Match object; span=(0, 64), match='SAV_Python_2000_dt_5.50e-06_Nx_256_periodic_dtout>
Python,2000,256,periodic,2000,2000,50p not recorded; dt_out too large.
match None
match <re.Match object; span=(0, 60), match='NMG_Python_20_dt_5.50e-06_Nx_256_periodic_dtout_2>
Python,20,256,periodic,20,20,25p
NMG_Python_20_dt_5.50e-06_Nx_256_periodic_dtout_2025pphi.csv
Exception type : ValueError 
Exception message : could not convert string to float: '(-0.4170151417869721+0j)'
Stack trace : ['File : /sfs/gpfs/tardis/home/xpz5km/Cahn_Hilliard_Model_HPC/spinodal_decomp/compare_L2_error.py , Line : 86, Func.Name : compare_L2_error_at_timepoint, Message : snapshot_SAV = read_specific_lines(f"{root}/{SAV_fname}", line_list)', 'File : /sfs/gpfs/tardis/home/xpz5km/Cahn_Hilliard_Model_HPC/spinodal_decomp/compare_L2_error.py , Line : 19, Func.Name : read_specific_lines, Message : digits.append(float(i))']
match <re.Match object; span=(0, 59), match='NMG_Python_20_dt_5.50e-06_Nx_512_neumann_dtout_20>
Python,20,512,neumann,20,20,50p
NMG_Python_20_dt_5.50e-06_Nx_512_neumann_dtout_2050pphi.csv
Exception type : ValueError 
Exception message : could not convert string to float: '(0.3765941854894782+0j)'
Stack trace : ['File : /sfs/gpfs/tardis/home/xpz5km/Cahn_Hilliard_Model_HPC/spinodal_decomp/compare_L2_error.py , Line : 86, Func.Name : compare_L2_error_at_timepoint, Message : snapshot_SAV = read_specific_lines(f"{root}/{SAV_fname}", line_list)', 'File : /sfs/gpfs/tardis/home/xpz5km/Cahn_Hilliard_Model_HPC/spinodal_decomp/compare_L2_error.py , Line : 19, Func.Name : read_specific_lines, Message : digits.append(float(i))']
match None
match None
match None
match None
match None
match None
match <re.Match object; span=(0, 64), match='SAV_Python_2000_dt_5.50e-06_Nx_512_periodic_dtout>
Python,2000,512,periodic,2000,2000,25p not recorded; dt_out too large.
match None
match None
match <re.Match object; span=(0, 63), match='SAV_Python_2000_dt_5.50e-06_Nx_64_periodic_dtout_>
Python,2000,64,periodic,2000,2000,75p not recorded; dt_out too large.
match None
match <re.Match object; span=(0, 64), match='SAV_Python_2000_dt_5.50e-06_Nx_256_periodic_dtout>
Python,2000,256,periodic,2000,2000,25p not recorded; dt_out too large.
match None
match None
match None
match None
match None
match None
match None
match None
match None
match None
match None
match None
match None
match None
match None
match None
match <re.Match object; span=(0, 61), match='SAV_Python_2000_dt_5.50e-06_Nx_64_periodic_dtout_>
match None
match None
match <re.Match object; span=(0, 63), match='SAV_Python_2000_dt_5.50e-06_Nx_256_neumann_dtout_>
Python,2000,256,neumann,2000,2000,75p not recorded; dt_out too large.
match None
match None
match <re.Match object; span=(0, 64), match='SAV_Python_2000_dt_5.50e-06_Nx_128_periodic_dtout>
Python,2000,128,periodic,2000,2000,75p not recorded; dt_out too large.
match None
match None
match None
match None
match None
match None
match <re.Match object; span=(0, 58), match='NMG_Python_20_dt_5.50e-06_Nx_128_neumann_dtout_12>
Python,20,128,neumann,1,1,25p
NMG_Python_20_dt_5.50e-06_Nx_128_neumann_dtout_125pphi.csv
Exception type : ValueError 
Exception message : could not convert string to float: '(-0.21343029774938507+0j)'
Stack trace : ['File : /sfs/gpfs/tardis/home/xpz5km/Cahn_Hilliard_Model_HPC/spinodal_decomp/compare_L2_error.py , Line : 86, Func.Name : compare_L2_error_at_timepoint, Message : snapshot_SAV = read_specific_lines(f"{root}/{SAV_fname}", line_list)', 'File : /sfs/gpfs/tardis/home/xpz5km/Cahn_Hilliard_Model_HPC/spinodal_decomp/compare_L2_error.py , Line : 19, Func.Name : read_specific_lines, Message : digits.append(float(i))']
match <re.Match object; span=(0, 64), match='SAV_Python_2000_dt_5.50e-06_Nx_256_periodic_dtout>
Python,2000,256,periodic,2000,2000,75p not recorded; dt_out too large.
match None
match None
match None
match None
match None
match <re.Match object; span=(0, 59), match='NMG_Python_20_dt_5.50e-06_Nx_256_neumann_dtout_20>
Python,20,256,neumann,20,20,50p
NMG_Python_20_dt_5.50e-06_Nx_256_neumann_dtout_2050pphi.csv
Exception type : ValueError 
Exception message : could not convert string to float: '(0.07069788833767843+0j)'
Stack trace : ['File : /sfs/gpfs/tardis/home/xpz5km/Cahn_Hilliard_Model_HPC/spinodal_decomp/compare_L2_error.py , Line : 86, Func.Name : compare_L2_error_at_timepoint, Message : snapshot_SAV = read_specific_lines(f"{root}/{SAV_fname}", line_list)', 'File : /sfs/gpfs/tardis/home/xpz5km/Cahn_Hilliard_Model_HPC/spinodal_decomp/compare_L2_error.py , Line : 19, Func.Name : read_specific_lines, Message : digits.append(float(i))']
match None
match None
match <re.Match object; span=(0, 61), match='SAV_Python_2000_dt_5.50e-06_Nx_64_periodic_dtout_>
match None
match <re.Match object; span=(0, 63), match='SAV_Python_2000_dt_5.50e-06_Nx_128_neumann_dtout_>
Python,2000,128,neumann,2000,2000,25p not recorded; dt_out too large.
match None
match None
match None
match None
match <re.Match object; span=(0, 58), match='NMG_Python_20_dt_5.50e-06_Nx_64_periodic_dtout_17>
Python,20,64,periodic,1,1,75p
NMG_Python_20_dt_5.50e-06_Nx_64_periodic_dtout_175pphi.csv
Exception type : ValueError 
Exception message : could not convert string to float: '(0.5275178370719558+0j)'
Stack trace : ['File : /sfs/gpfs/tardis/home/xpz5km/Cahn_Hilliard_Model_HPC/spinodal_decomp/compare_L2_error.py , Line : 86, Func.Name : compare_L2_error_at_timepoint, Message : snapshot_SAV = read_specific_lines(f"{root}/{SAV_fname}", line_list)', 'File : /sfs/gpfs/tardis/home/xpz5km/Cahn_Hilliard_Model_HPC/spinodal_decomp/compare_L2_error.py , Line : 19, Func.Name : read_specific_lines, Message : digits.append(float(i))']
match <re.Match object; span=(0, 61), match='SAV_Python_2000_dt_5.50e-06_Nx_256_neumann_dtout_>
match None
match None
match None
match None
match None
match <re.Match object; span=(0, 59), match='NMG_Python_20_dt_5.50e-06_Nx_256_periodic_dtout_1>
Python,20,256,periodic,1,1,50p
NMG_Python_20_dt_5.50e-06_Nx_256_periodic_dtout_150pphi.csv
Exception type : ValueError 
Exception message : could not convert string to float: '(-0.14928375081324188+0j)'
Stack trace : ['File : /sfs/gpfs/tardis/home/xpz5km/Cahn_Hilliard_Model_HPC/spinodal_decomp/compare_L2_error.py , Line : 86, Func.Name : compare_L2_error_at_timepoint, Message : snapshot_SAV = read_specific_lines(f"{root}/{SAV_fname}", line_list)', 'File : /sfs/gpfs/tardis/home/xpz5km/Cahn_Hilliard_Model_HPC/spinodal_decomp/compare_L2_error.py , Line : 19, Func.Name : read_specific_lines, Message : digits.append(float(i))']
match <re.Match object; span=(0, 61), match='SAV_Python_2000_dt_5.50e-06_Nx_64_periodic_dtout_>
match None
match <re.Match object; span=(0, 58), match='NMG_Python_20_dt_5.50e-06_Nx_128_neumann_dtout_17>
Python,20,128,neumann,1,1,75p
NMG_Python_20_dt_5.50e-06_Nx_128_neumann_dtout_175pphi.csv
Exception type : ValueError 
Exception message : could not convert string to float: '(0.7135689277688406+0j)'
Stack trace : ['File : /sfs/gpfs/tardis/home/xpz5km/Cahn_Hilliard_Model_HPC/spinodal_decomp/compare_L2_error.py , Line : 86, Func.Name : compare_L2_error_at_timepoint, Message : snapshot_SAV = read_specific_lines(f"{root}/{SAV_fname}", line_list)', 'File : /sfs/gpfs/tardis/home/xpz5km/Cahn_Hilliard_Model_HPC/spinodal_decomp/compare_L2_error.py , Line : 19, Func.Name : read_specific_lines, Message : digits.append(float(i))']
match None
match None
match <re.Match object; span=(0, 61), match='SAV_Python_2000_dt_5.50e-06_Nx_512_neumann_dtout_>
match None
match None
match None
match None
match None
match None
match None
match None
match None
match None
match <re.Match object; span=(0, 61), match='SAV_Python_2000_dt_5.50e-06_Nx_256_neumann_dtout_>
match None
match <re.Match object; span=(0, 57), match='NMG_Python_20_dt_5.50e-06_Nx_64_neumann_dtout_150>
Python,20,64,neumann,1,1,50p
NMG_Python_20_dt_5.50e-06_Nx_64_neumann_dtout_150pphi.csv
Exception type : ValueError 
Exception message : could not convert string to float: '(-0.4496537215209232+0j)'
Stack trace : ['File : /sfs/gpfs/tardis/home/xpz5km/Cahn_Hilliard_Model_HPC/spinodal_decomp/compare_L2_error.py , Line : 86, Func.Name : compare_L2_error_at_timepoint, Message : snapshot_SAV = read_specific_lines(f"{root}/{SAV_fname}", line_list)', 'File : /sfs/gpfs/tardis/home/xpz5km/Cahn_Hilliard_Model_HPC/spinodal_decomp/compare_L2_error.py , Line : 19, Func.Name : read_specific_lines, Message : digits.append(float(i))']
match None
match <re.Match object; span=(0, 58), match='NMG_Python_20_dt_5.50e-06_Nx_256_neumann_dtout_15>
Python,20,256,neumann,1,1,50p
NMG_Python_20_dt_5.50e-06_Nx_256_neumann_dtout_150pphi.csv
Exception type : ValueError 
Exception message : could not convert string to float: '(0.02023298185351203+0j)'
Stack trace : ['File : /sfs/gpfs/tardis/home/xpz5km/Cahn_Hilliard_Model_HPC/spinodal_decomp/compare_L2_error.py , Line : 86, Func.Name : compare_L2_error_at_timepoint, Message : snapshot_SAV = read_specific_lines(f"{root}/{SAV_fname}", line_list)', 'File : /sfs/gpfs/tardis/home/xpz5km/Cahn_Hilliard_Model_HPC/spinodal_decomp/compare_L2_error.py , Line : 19, Func.Name : read_specific_lines, Message : digits.append(float(i))']
match <re.Match object; span=(0, 58), match='NMG_Python_20_dt_5.50e-06_Nx_512_neumann_dtout_12>
Python,20,512,neumann,1,1,25p
NMG_Python_20_dt_5.50e-06_Nx_512_neumann_dtout_125pphi.csv
Exception type : ValueError 
Exception message : could not convert string to float: '(0.4123914638179143+0j)'
Stack trace : ['File : /sfs/gpfs/tardis/home/xpz5km/Cahn_Hilliard_Model_HPC/spinodal_decomp/compare_L2_error.py , Line : 86, Func.Name : compare_L2_error_at_timepoint, Message : snapshot_SAV = read_specific_lines(f"{root}/{SAV_fname}", line_list)', 'File : /sfs/gpfs/tardis/home/xpz5km/Cahn_Hilliard_Model_HPC/spinodal_decomp/compare_L2_error.py , Line : 19, Func.Name : read_specific_lines, Message : digits.append(float(i))']
match None
match None
match <re.Match object; span=(0, 62), match='SAV_Python_2000_dt_5.50e-06_Nx_512_periodic_dtout>
match None
match None
match <re.Match object; span=(0, 63), match='SAV_Python_2000_dt_5.50e-06_Nx_128_neumann_dtout_>
Python,2000,128,neumann,2000,2000,50p not recorded; dt_out too large.
match None
match None
match <re.Match object; span=(0, 64), match='SAV_Python_2000_dt_5.50e-06_Nx_512_periodic_dtout>
Python,2000,512,periodic,2000,2000,50p not recorded; dt_out too large.
match <re.Match object; span=(0, 61), match='SAV_Python_2000_dt_5.50e-06_Nx_512_neumann_dtout_>
match None
match None
match None
match None
match <re.Match object; span=(0, 58), match='NMG_Python_20_dt_5.50e-06_Nx_256_neumann_dtout_17>
Python,20,256,neumann,1,1,75p
NMG_Python_20_dt_5.50e-06_Nx_256_neumann_dtout_175pphi.csv
Exception type : ValueError 
Exception message : could not convert string to float: '(0.47598841022097943+0j)'
Stack trace : ['File : /sfs/gpfs/tardis/home/xpz5km/Cahn_Hilliard_Model_HPC/spinodal_decomp/compare_L2_error.py , Line : 86, Func.Name : compare_L2_error_at_timepoint, Message : snapshot_SAV = read_specific_lines(f"{root}/{SAV_fname}", line_list)', 'File : /sfs/gpfs/tardis/home/xpz5km/Cahn_Hilliard_Model_HPC/spinodal_decomp/compare_L2_error.py , Line : 19, Func.Name : read_specific_lines, Message : digits.append(float(i))']
match None
match <re.Match object; span=(0, 61), match='SAV_Python_2000_dt_5.50e-06_Nx_128_neumann_dtout_>
match None
match None
match None
match None
match None
match <re.Match object; span=(0, 59), match='NMG_Python_20_dt_5.50e-06_Nx_128_neumann_dtout_20>
Python,20,128,neumann,20,20,50p
NMG_Python_20_dt_5.50e-06_Nx_128_neumann_dtout_2050pphi.csv
Exception type : ValueError 
Exception message : could not convert string to float: '(0.4578281761662219+0j)'
Stack trace : ['File : /sfs/gpfs/tardis/home/xpz5km/Cahn_Hilliard_Model_HPC/spinodal_decomp/compare_L2_error.py , Line : 86, Func.Name : compare_L2_error_at_timepoint, Message : snapshot_SAV = read_specific_lines(f"{root}/{SAV_fname}", line_list)', 'File : /sfs/gpfs/tardis/home/xpz5km/Cahn_Hilliard_Model_HPC/spinodal_decomp/compare_L2_error.py , Line : 19, Func.Name : read_specific_lines, Message : digits.append(float(i))']
match None
match <re.Match object; span=(0, 59), match='NMG_Python_20_dt_5.50e-06_Nx_128_periodic_dtout_1>
Python,20,128,periodic,1,1,50p
NMG_Python_20_dt_5.50e-06_Nx_128_periodic_dtout_150pphi.csv
Exception type : ValueError 
Exception message : could not convert string to float: '(-0.23083156076876837+0j)'
Stack trace : ['File : /sfs/gpfs/tardis/home/xpz5km/Cahn_Hilliard_Model_HPC/spinodal_decomp/compare_L2_error.py , Line : 86, Func.Name : compare_L2_error_at_timepoint, Message : snapshot_SAV = read_specific_lines(f"{root}/{SAV_fname}", line_list)', 'File : /sfs/gpfs/tardis/home/xpz5km/Cahn_Hilliard_Model_HPC/spinodal_decomp/compare_L2_error.py , Line : 19, Func.Name : read_specific_lines, Message : digits.append(float(i))']
match <re.Match object; span=(0, 58), match='NMG_Python_20_dt_5.50e-06_Nx_256_neumann_dtout_12>
Python,20,256,neumann,1,1,25p
NMG_Python_20_dt_5.50e-06_Nx_256_neumann_dtout_125pphi.csv
Exception type : ValueError 
Exception message : could not convert string to float: '(-0.42602465746974805+0j)'
Stack trace : ['File : /sfs/gpfs/tardis/home/xpz5km/Cahn_Hilliard_Model_HPC/spinodal_decomp/compare_L2_error.py , Line : 86, Func.Name : compare_L2_error_at_timepoint, Message : snapshot_SAV = read_specific_lines(f"{root}/{SAV_fname}", line_list)', 'File : /sfs/gpfs/tardis/home/xpz5km/Cahn_Hilliard_Model_HPC/spinodal_decomp/compare_L2_error.py , Line : 19, Func.Name : read_specific_lines, Message : digits.append(float(i))']
match None
match <re.Match object; span=(0, 57), match='NMG_Python_20_dt_5.50e-06_Nx_64_neumann_dtout_175>
Python,20,64,neumann,1,1,75p
NMG_Python_20_dt_5.50e-06_Nx_64_neumann_dtout_175pphi.csv
Exception type : ValueError 
Exception message : could not convert string to float: '(0.11119760450409437+0j)'
Stack trace : ['File : /sfs/gpfs/tardis/home/xpz5km/Cahn_Hilliard_Model_HPC/spinodal_decomp/compare_L2_error.py , Line : 86, Func.Name : compare_L2_error_at_timepoint, Message : snapshot_SAV = read_specific_lines(f"{root}/{SAV_fname}", line_list)', 'File : /sfs/gpfs/tardis/home/xpz5km/Cahn_Hilliard_Model_HPC/spinodal_decomp/compare_L2_error.py , Line : 19, Func.Name : read_specific_lines, Message : digits.append(float(i))']
match None
match None
match None
match <re.Match object; span=(0, 59), match='NMG_Python_20_dt_5.50e-06_Nx_256_periodic_dtout_1>
Python,20,256,periodic,1,1,25p
NMG_Python_20_dt_5.50e-06_Nx_256_periodic_dtout_125pphi.csv
Exception type : ValueError 
Exception message : could not convert string to float: '(-0.4337344255621005+0j)'
Stack trace : ['File : /sfs/gpfs/tardis/home/xpz5km/Cahn_Hilliard_Model_HPC/spinodal_decomp/compare_L2_error.py , Line : 86, Func.Name : compare_L2_error_at_timepoint, Message : snapshot_SAV = read_specific_lines(f"{root}/{SAV_fname}", line_list)', 'File : /sfs/gpfs/tardis/home/xpz5km/Cahn_Hilliard_Model_HPC/spinodal_decomp/compare_L2_error.py , Line : 19, Func.Name : read_specific_lines, Message : digits.append(float(i))']
match <re.Match object; span=(0, 59), match='NMG_Python_20_dt_5.50e-06_Nx_64_periodic_dtout_20>
Python,20,64,periodic,20,20,25p
NMG_Python_20_dt_5.50e-06_Nx_64_periodic_dtout_2025pphi.csv
Exception type : ValueError 
Exception message : could not convert string to float: '(-0.2607501952412769+0j)'
Stack trace : ['File : /sfs/gpfs/tardis/home/xpz5km/Cahn_Hilliard_Model_HPC/spinodal_decomp/compare_L2_error.py , Line : 86, Func.Name : compare_L2_error_at_timepoint, Message : snapshot_SAV = read_specific_lines(f"{root}/{SAV_fname}", line_list)', 'File : /sfs/gpfs/tardis/home/xpz5km/Cahn_Hilliard_Model_HPC/spinodal_decomp/compare_L2_error.py , Line : 19, Func.Name : read_specific_lines, Message : digits.append(float(i))']
match None
match None
match <re.Match object; span=(0, 59), match='NMG_Python_20_dt_5.50e-06_Nx_512_periodic_dtout_1>
Python,20,512,periodic,1,1,50p
NMG_Python_20_dt_5.50e-06_Nx_512_periodic_dtout_150pphi.csv
Exception type : ValueError 
Exception message : could not convert string to float: '(0.7788973483692401+0j)'
Stack trace : ['File : /sfs/gpfs/tardis/home/xpz5km/Cahn_Hilliard_Model_HPC/spinodal_decomp/compare_L2_error.py , Line : 86, Func.Name : compare_L2_error_at_timepoint, Message : snapshot_SAV = read_specific_lines(f"{root}/{SAV_fname}", line_list)', 'File : /sfs/gpfs/tardis/home/xpz5km/Cahn_Hilliard_Model_HPC/spinodal_decomp/compare_L2_error.py , Line : 19, Func.Name : read_specific_lines, Message : digits.append(float(i))']
match None
match None
match None
match None
match None
match None
match None
match <re.Match object; span=(0, 63), match='SAV_Python_2000_dt_5.50e-06_Nx_512_neumann_dtout_>
Python,2000,512,neumann,2000,2000,50p not recorded; dt_out too large.
match <re.Match object; span=(0, 62), match='SAV_Python_2000_dt_5.50e-06_Nx_512_periodic_dtout>
match <re.Match object; span=(0, 63), match='SAV_Python_2000_dt_5.50e-06_Nx_512_neumann_dtout_>
Python,2000,512,neumann,2000,2000,75p not recorded; dt_out too large.
match None
match <re.Match object; span=(0, 60), match='NMG_Python_20_dt_5.50e-06_Nx_512_periodic_dtout_2>
Python,20,512,periodic,20,20,25p
NMG_Python_20_dt_5.50e-06_Nx_512_periodic_dtout_2025pphi.csv
Exception type : ValueError 
Exception message : could not convert string to float: '(-0.5924427840366981+0j)'
Stack trace : ['File : /sfs/gpfs/tardis/home/xpz5km/Cahn_Hilliard_Model_HPC/spinodal_decomp/compare_L2_error.py , Line : 86, Func.Name : compare_L2_error_at_timepoint, Message : snapshot_SAV = read_specific_lines(f"{root}/{SAV_fname}", line_list)', 'File : /sfs/gpfs/tardis/home/xpz5km/Cahn_Hilliard_Model_HPC/spinodal_decomp/compare_L2_error.py , Line : 19, Func.Name : read_specific_lines, Message : digits.append(float(i))']
match None
match <re.Match object; span=(0, 58), match='NMG_Python_20_dt_5.50e-06_Nx_64_neumann_dtout_205>
Python,20,64,neumann,20,20,50p
NMG_Python_20_dt_5.50e-06_Nx_64_neumann_dtout_2050pphi.csv
Exception type : ValueError 
Exception message : could not convert string to float: '(-0.8193172180077055+0j)'
Stack trace : ['File : /sfs/gpfs/tardis/home/xpz5km/Cahn_Hilliard_Model_HPC/spinodal_decomp/compare_L2_error.py , Line : 86, Func.Name : compare_L2_error_at_timepoint, Message : snapshot_SAV = read_specific_lines(f"{root}/{SAV_fname}", line_list)', 'File : /sfs/gpfs/tardis/home/xpz5km/Cahn_Hilliard_Model_HPC/spinodal_decomp/compare_L2_error.py , Line : 19, Func.Name : read_specific_lines, Message : digits.append(float(i))']
match <re.Match object; span=(0, 59), match='NMG_Python_20_dt_5.50e-06_Nx_128_neumann_dtout_20>
Python,20,128,neumann,20,20,75p
NMG_Python_20_dt_5.50e-06_Nx_128_neumann_dtout_2075pphi.csv
Exception type : ValueError 
Exception message : could not convert string to float: '(1.0070442820402468+0j)'
Stack trace : ['File : /sfs/gpfs/tardis/home/xpz5km/Cahn_Hilliard_Model_HPC/spinodal_decomp/compare_L2_error.py , Line : 86, Func.Name : compare_L2_error_at_timepoint, Message : snapshot_SAV = read_specific_lines(f"{root}/{SAV_fname}", line_list)', 'File : /sfs/gpfs/tardis/home/xpz5km/Cahn_Hilliard_Model_HPC/spinodal_decomp/compare_L2_error.py , Line : 19, Func.Name : read_specific_lines, Message : digits.append(float(i))']
match <re.Match object; span=(0, 57), match='NMG_Python_20_dt_5.50e-06_Nx_64_neumann_dtout_125>
Python,20,64,neumann,1,1,25p
NMG_Python_20_dt_5.50e-06_Nx_64_neumann_dtout_125pphi.csv
Exception type : ValueError 
Exception message : could not convert string to float: '(-0.6106405121679225+0j)'
Stack trace : ['File : /sfs/gpfs/tardis/home/xpz5km/Cahn_Hilliard_Model_HPC/spinodal_decomp/compare_L2_error.py , Line : 86, Func.Name : compare_L2_error_at_timepoint, Message : snapshot_SAV = read_specific_lines(f"{root}/{SAV_fname}", line_list)', 'File : /sfs/gpfs/tardis/home/xpz5km/Cahn_Hilliard_Model_HPC/spinodal_decomp/compare_L2_error.py , Line : 19, Func.Name : read_specific_lines, Message : digits.append(float(i))']
match None
match None
match None
match <re.Match object; span=(0, 62), match='SAV_Python_2000_dt_5.50e-06_Nx_64_neumann_dtout_2>
Python,2000,64,neumann,2000,2000,25p not recorded; dt_out too large.
match None
match None
match None
match <re.Match object; span=(0, 59), match='NMG_Python_20_dt_5.50e-06_Nx_512_periodic_dtout_1>
Python,20,512,periodic,1,1,25p
NMG_Python_20_dt_5.50e-06_Nx_512_periodic_dtout_125pphi.csv
Exception type : ValueError 
Exception message : could not convert string to float: '(-0.5638973571722089+0j)'
Stack trace : ['File : /sfs/gpfs/tardis/home/xpz5km/Cahn_Hilliard_Model_HPC/spinodal_decomp/compare_L2_error.py , Line : 86, Func.Name : compare_L2_error_at_timepoint, Message : snapshot_SAV = read_specific_lines(f"{root}/{SAV_fname}", line_list)', 'File : /sfs/gpfs/tardis/home/xpz5km/Cahn_Hilliard_Model_HPC/spinodal_decomp/compare_L2_error.py , Line : 19, Func.Name : read_specific_lines, Message : digits.append(float(i))']
match None
match <re.Match object; span=(0, 64), match='SAV_Python_2000_dt_5.50e-06_Nx_128_periodic_dtout>
Python,2000,128,periodic,2000,2000,25p not recorded; dt_out too large.
match <re.Match object; span=(0, 61), match='SAV_Python_2000_dt_5.50e-06_Nx_256_neumann_dtout_>
match None
match None
match None
match None
match <re.Match object; span=(0, 60), match='NMG_Python_20_dt_5.50e-06_Nx_512_periodic_dtout_2>
Python,20,512,periodic,20,20,50p
NMG_Python_20_dt_5.50e-06_Nx_512_periodic_dtout_2050pphi.csv
Exception type : ValueError 
Exception message : could not convert string to float: '(0.14766784652957254+0j)'
Stack trace : ['File : /sfs/gpfs/tardis/home/xpz5km/Cahn_Hilliard_Model_HPC/spinodal_decomp/compare_L2_error.py , Line : 86, Func.Name : compare_L2_error_at_timepoint, Message : snapshot_SAV = read_specific_lines(f"{root}/{SAV_fname}", line_list)', 'File : /sfs/gpfs/tardis/home/xpz5km/Cahn_Hilliard_Model_HPC/spinodal_decomp/compare_L2_error.py , Line : 19, Func.Name : read_specific_lines, Message : digits.append(float(i))']
match <re.Match object; span=(0, 64), match='SAV_Python_2000_dt_5.50e-06_Nx_512_periodic_dtout>
Python,2000,512,periodic,2000,2000,75p not recorded; dt_out too large.
match None
match None
match None
match None
match None
match <re.Match object; span=(0, 59), match='NMG_Python_20_dt_5.50e-06_Nx_128_periodic_dtout_1>
Python,20,128,periodic,1,1,75p
NMG_Python_20_dt_5.50e-06_Nx_128_periodic_dtout_175pphi.csv
Exception type : ValueError 
Exception message : could not convert string to float: '(0.5363821703692333+0j)'
Stack trace : ['File : /sfs/gpfs/tardis/home/xpz5km/Cahn_Hilliard_Model_HPC/spinodal_decomp/compare_L2_error.py , Line : 86, Func.Name : compare_L2_error_at_timepoint, Message : snapshot_SAV = read_specific_lines(f"{root}/{SAV_fname}", line_list)', 'File : /sfs/gpfs/tardis/home/xpz5km/Cahn_Hilliard_Model_HPC/spinodal_decomp/compare_L2_error.py , Line : 19, Func.Name : read_specific_lines, Message : digits.append(float(i))']
match <re.Match object; span=(0, 59), match='NMG_Python_20_dt_5.50e-06_Nx_512_periodic_dtout_1>
Python,20,512,periodic,1,1,75p
NMG_Python_20_dt_5.50e-06_Nx_512_periodic_dtout_175pphi.csv
Exception type : ValueError 
Exception message : could not convert string to float: '(0.739051450362123+0j)'
Stack trace : ['File : /sfs/gpfs/tardis/home/xpz5km/Cahn_Hilliard_Model_HPC/spinodal_decomp/compare_L2_error.py , Line : 86, Func.Name : compare_L2_error_at_timepoint, Message : snapshot_SAV = read_specific_lines(f"{root}/{SAV_fname}", line_list)', 'File : /sfs/gpfs/tardis/home/xpz5km/Cahn_Hilliard_Model_HPC/spinodal_decomp/compare_L2_error.py , Line : 19, Func.Name : read_specific_lines, Message : digits.append(float(i))']
match None
match None
match None
match None
match <re.Match object; span=(0, 62), match='SAV_Python_2000_dt_5.50e-06_Nx_512_periodic_dtout>
match <re.Match object; span=(0, 62), match='SAV_Python_2000_dt_5.50e-06_Nx_128_periodic_dtout>
match None
match <re.Match object; span=(0, 58), match='NMG_Python_20_dt_5.50e-06_Nx_128_neumann_dtout_15>
Python,20,128,neumann,1,1,50p
NMG_Python_20_dt_5.50e-06_Nx_128_neumann_dtout_150pphi.csv
Exception type : ValueError 
Exception message : could not convert string to float: '(-0.15858695989173852+0j)'
Stack trace : ['File : /sfs/gpfs/tardis/home/xpz5km/Cahn_Hilliard_Model_HPC/spinodal_decomp/compare_L2_error.py , Line : 86, Func.Name : compare_L2_error_at_timepoint, Message : snapshot_SAV = read_specific_lines(f"{root}/{SAV_fname}", line_list)', 'File : /sfs/gpfs/tardis/home/xpz5km/Cahn_Hilliard_Model_HPC/spinodal_decomp/compare_L2_error.py , Line : 19, Func.Name : read_specific_lines, Message : digits.append(float(i))']
match None
match None
match None
match <re.Match object; span=(0, 63), match='SAV_Python_2000_dt_5.50e-06_Nx_64_periodic_dtout_>
Python,2000,64,periodic,2000,2000,25p not recorded; dt_out too large.
match None
match None
match None
match None
match None
match None
match None
match None
match None
match <re.Match object; span=(0, 60), match='NMG_Python_20_dt_5.50e-06_Nx_128_periodic_dtout_2>
Python,20,128,periodic,20,20,75p
NMG_Python_20_dt_5.50e-06_Nx_128_periodic_dtout_2075pphi.csv
Exception type : ValueError 
Exception message : could not convert string to float: '(-0.2259011345264694+0j)'
Stack trace : ['File : /sfs/gpfs/tardis/home/xpz5km/Cahn_Hilliard_Model_HPC/spinodal_decomp/compare_L2_error.py , Line : 86, Func.Name : compare_L2_error_at_timepoint, Message : snapshot_SAV = read_specific_lines(f"{root}/{SAV_fname}", line_list)', 'File : /sfs/gpfs/tardis/home/xpz5km/Cahn_Hilliard_Model_HPC/spinodal_decomp/compare_L2_error.py , Line : 19, Func.Name : read_specific_lines, Message : digits.append(float(i))']
match <re.Match object; span=(0, 62), match='SAV_Python_2000_dt_5.50e-06_Nx_64_neumann_dtout_2>
Python,2000,64,neumann,2000,2000,50p not recorded; dt_out too large.
match <re.Match object; span=(0, 64), match='SAV_Python_2000_dt_5.50e-06_Nx_128_periodic_dtout>
Python,2000,128,periodic,2000,2000,50p not recorded; dt_out too large.
match None
match None
match None
match None
match <re.Match object; span=(0, 60), match='NMG_Python_20_dt_5.50e-06_Nx_256_periodic_dtout_2>
Python,20,256,periodic,20,20,75p
NMG_Python_20_dt_5.50e-06_Nx_256_periodic_dtout_2075pphi.csv
Exception type : ValueError 
Exception message : could not convert string to float: '(0.4813657808640433+0j)'
Stack trace : ['File : /sfs/gpfs/tardis/home/xpz5km/Cahn_Hilliard_Model_HPC/spinodal_decomp/compare_L2_error.py , Line : 86, Func.Name : compare_L2_error_at_timepoint, Message : snapshot_SAV = read_specific_lines(f"{root}/{SAV_fname}", line_list)', 'File : /sfs/gpfs/tardis/home/xpz5km/Cahn_Hilliard_Model_HPC/spinodal_decomp/compare_L2_error.py , Line : 19, Func.Name : read_specific_lines, Message : digits.append(float(i))']
match <re.Match object; span=(0, 58), match='NMG_Python_20_dt_5.50e-06_Nx_512_neumann_dtout_17>
Python,20,512,neumann,1,1,75p
NMG_Python_20_dt_5.50e-06_Nx_512_neumann_dtout_175pphi.csv
Exception type : ValueError 
Exception message : could not convert string to float: '(0.9075265501051729+0j)'
Stack trace : ['File : /sfs/gpfs/tardis/home/xpz5km/Cahn_Hilliard_Model_HPC/spinodal_decomp/compare_L2_error.py , Line : 86, Func.Name : compare_L2_error_at_timepoint, Message : snapshot_SAV = read_specific_lines(f"{root}/{SAV_fname}", line_list)', 'File : /sfs/gpfs/tardis/home/xpz5km/Cahn_Hilliard_Model_HPC/spinodal_decomp/compare_L2_error.py , Line : 19, Func.Name : read_specific_lines, Message : digits.append(float(i))']
match <re.Match object; span=(0, 58), match='NMG_Python_20_dt_5.50e-06_Nx_64_neumann_dtout_202>
Python,20,64,neumann,20,20,25p
NMG_Python_20_dt_5.50e-06_Nx_64_neumann_dtout_2025pphi.csv
Exception type : ValueError 
Exception message : could not convert string to float: '(-0.9129498158047057+0j)'
Stack trace : ['File : /sfs/gpfs/tardis/home/xpz5km/Cahn_Hilliard_Model_HPC/spinodal_decomp/compare_L2_error.py , Line : 86, Func.Name : compare_L2_error_at_timepoint, Message : snapshot_SAV = read_specific_lines(f"{root}/{SAV_fname}", line_list)', 'File : /sfs/gpfs/tardis/home/xpz5km/Cahn_Hilliard_Model_HPC/spinodal_decomp/compare_L2_error.py , Line : 19, Func.Name : read_specific_lines, Message : digits.append(float(i))']
match <re.Match object; span=(0, 58), match='NMG_Python_20_dt_5.50e-06_Nx_64_neumann_dtout_207>
Python,20,64,neumann,20,20,75p
NMG_Python_20_dt_5.50e-06_Nx_64_neumann_dtout_2075pphi.csv
Exception type : ValueError 
Exception message : could not convert string to float: '(-0.3181784942992353+0j)'
Stack trace : ['File : /sfs/gpfs/tardis/home/xpz5km/Cahn_Hilliard_Model_HPC/spinodal_decomp/compare_L2_error.py , Line : 86, Func.Name : compare_L2_error_at_timepoint, Message : snapshot_SAV = read_specific_lines(f"{root}/{SAV_fname}", line_list)', 'File : /sfs/gpfs/tardis/home/xpz5km/Cahn_Hilliard_Model_HPC/spinodal_decomp/compare_L2_error.py , Line : 19, Func.Name : read_specific_lines, Message : digits.append(float(i))']
match None
match None
match <re.Match object; span=(0, 62), match='SAV_Python_2000_dt_5.50e-06_Nx_128_periodic_dtout>
match <re.Match object; span=(0, 60), match='SAV_Python_2000_dt_5.50e-06_Nx_64_neumann_dtout_1>
match <re.Match object; span=(0, 63), match='SAV_Python_2000_dt_5.50e-06_Nx_64_periodic_dtout_>
Python,2000,64,periodic,2000,2000,50p not recorded; dt_out too large.
match <re.Match object; span=(0, 60), match='NMG_Python_20_dt_5.50e-06_Nx_512_periodic_dtout_2>
Python,20,512,periodic,20,20,75p
NMG_Python_20_dt_5.50e-06_Nx_512_periodic_dtout_2075pphi.csv
Exception type : ValueError 
Exception message : could not convert string to float: '(0.5212796069949747+0j)'
Stack trace : ['File : /sfs/gpfs/tardis/home/xpz5km/Cahn_Hilliard_Model_HPC/spinodal_decomp/compare_L2_error.py , Line : 86, Func.Name : compare_L2_error_at_timepoint, Message : snapshot_SAV = read_specific_lines(f"{root}/{SAV_fname}", line_list)', 'File : /sfs/gpfs/tardis/home/xpz5km/Cahn_Hilliard_Model_HPC/spinodal_decomp/compare_L2_error.py , Line : 19, Func.Name : read_specific_lines, Message : digits.append(float(i))']
match None
match <re.Match object; span=(0, 59), match='NMG_Python_20_dt_5.50e-06_Nx_512_neumann_dtout_20>
Python,20,512,neumann,20,20,25p
NMG_Python_20_dt_5.50e-06_Nx_512_neumann_dtout_2025pphi.csv
Exception type : ValueError 
Exception message : could not convert string to float: '(-0.19931155268433487+0j)'
Stack trace : ['File : /sfs/gpfs/tardis/home/xpz5km/Cahn_Hilliard_Model_HPC/spinodal_decomp/compare_L2_error.py , Line : 86, Func.Name : compare_L2_error_at_timepoint, Message : snapshot_SAV = read_specific_lines(f"{root}/{SAV_fname}", line_list)', 'File : /sfs/gpfs/tardis/home/xpz5km/Cahn_Hilliard_Model_HPC/spinodal_decomp/compare_L2_error.py , Line : 19, Func.Name : read_specific_lines, Message : digits.append(float(i))']
match <re.Match object; span=(0, 58), match='NMG_Python_20_dt_5.50e-06_Nx_512_neumann_dtout_15>
Python,20,512,neumann,1,1,50p
NMG_Python_20_dt_5.50e-06_Nx_512_neumann_dtout_150pphi.csv
Exception type : ValueError 
Exception message : could not convert string to float: '(0.8509543249698144+0j)'
Stack trace : ['File : /sfs/gpfs/tardis/home/xpz5km/Cahn_Hilliard_Model_HPC/spinodal_decomp/compare_L2_error.py , Line : 86, Func.Name : compare_L2_error_at_timepoint, Message : snapshot_SAV = read_specific_lines(f"{root}/{SAV_fname}", line_list)', 'File : /sfs/gpfs/tardis/home/xpz5km/Cahn_Hilliard_Model_HPC/spinodal_decomp/compare_L2_error.py , Line : 19, Func.Name : read_specific_lines, Message : digits.append(float(i))']
match <re.Match object; span=(0, 58), match='NMG_Python_20_dt_5.50e-06_Nx_64_periodic_dtout_12>
Python,20,64,periodic,1,1,25p
NMG_Python_20_dt_5.50e-06_Nx_64_periodic_dtout_125pphi.csv
Exception type : ValueError 
Exception message : could not convert string to float: '(-0.5361561239230901+0j)'
Stack trace : ['File : /sfs/gpfs/tardis/home/xpz5km/Cahn_Hilliard_Model_HPC/spinodal_decomp/compare_L2_error.py , Line : 86, Func.Name : compare_L2_error_at_timepoint, Message : snapshot_SAV = read_specific_lines(f"{root}/{SAV_fname}", line_list)', 'File : /sfs/gpfs/tardis/home/xpz5km/Cahn_Hilliard_Model_HPC/spinodal_decomp/compare_L2_error.py , Line : 19, Func.Name : read_specific_lines, Message : digits.append(float(i))']
match None
match <re.Match object; span=(0, 62), match='SAV_Python_2000_dt_5.50e-06_Nx_256_periodic_dtout>
match <re.Match object; span=(0, 63), match='SAV_Python_2000_dt_5.50e-06_Nx_128_neumann_dtout_>
Python,2000,128,neumann,2000,2000,75p not recorded; dt_out too large.
match <re.Match object; span=(0, 60), match='NMG_Python_20_dt_5.50e-06_Nx_128_periodic_dtout_2>
Python,20,128,periodic,20,20,50p
NMG_Python_20_dt_5.50e-06_Nx_128_periodic_dtout_2050pphi.csv
Exception type : ValueError 
Exception message : could not convert string to float: '(-0.3095721867886947+0j)'
Stack trace : ['File : /sfs/gpfs/tardis/home/xpz5km/Cahn_Hilliard_Model_HPC/spinodal_decomp/compare_L2_error.py , Line : 86, Func.Name : compare_L2_error_at_timepoint, Message : snapshot_SAV = read_specific_lines(f"{root}/{SAV_fname}", line_list)', 'File : /sfs/gpfs/tardis/home/xpz5km/Cahn_Hilliard_Model_HPC/spinodal_decomp/compare_L2_error.py , Line : 19, Func.Name : read_specific_lines, Message : digits.append(float(i))']
match None
match None
match None
match <re.Match object; span=(0, 60), match='NMG_Python_20_dt_5.50e-06_Nx_256_periodic_dtout_2>
Python,20,256,periodic,20,20,50p
NMG_Python_20_dt_5.50e-06_Nx_256_periodic_dtout_2050pphi.csv
Exception type : ValueError 
Exception message : could not convert string to float: '(0.010506962033912721+0j)'
Stack trace : ['File : /sfs/gpfs/tardis/home/xpz5km/Cahn_Hilliard_Model_HPC/spinodal_decomp/compare_L2_error.py , Line : 86, Func.Name : compare_L2_error_at_timepoint, Message : snapshot_SAV = read_specific_lines(f"{root}/{SAV_fname}", line_list)', 'File : /sfs/gpfs/tardis/home/xpz5km/Cahn_Hilliard_Model_HPC/spinodal_decomp/compare_L2_error.py , Line : 19, Func.Name : read_specific_lines, Message : digits.append(float(i))']
match None
match <re.Match object; span=(0, 62), match='SAV_Python_2000_dt_5.50e-06_Nx_256_periodic_dtout>
match None
match <re.Match object; span=(0, 63), match='SAV_Python_2000_dt_5.50e-06_Nx_256_neumann_dtout_>
Python,2000,256,neumann,2000,2000,50p not recorded; dt_out too large.
match None
match None
match <re.Match object; span=(0, 59), match='NMG_Python_20_dt_5.50e-06_Nx_64_periodic_dtout_20>
Python,20,64,periodic,20,20,50p
NMG_Python_20_dt_5.50e-06_Nx_64_periodic_dtout_2050pphi.csv
Exception type : ValueError 
Exception message : could not convert string to float: '(-0.4179450898314091+0j)'
Stack trace : ['File : /sfs/gpfs/tardis/home/xpz5km/Cahn_Hilliard_Model_HPC/spinodal_decomp/compare_L2_error.py , Line : 86, Func.Name : compare_L2_error_at_timepoint, Message : snapshot_SAV = read_specific_lines(f"{root}/{SAV_fname}", line_list)', 'File : /sfs/gpfs/tardis/home/xpz5km/Cahn_Hilliard_Model_HPC/spinodal_decomp/compare_L2_error.py , Line : 19, Func.Name : read_specific_lines, Message : digits.append(float(i))']
match <re.Match object; span=(0, 63), match='SAV_Python_2000_dt_5.50e-06_Nx_512_neumann_dtout_>
Python,2000,512,neumann,2000,2000,25p not recorded; dt_out too large.
match None
match <re.Match object; span=(0, 59), match='NMG_Python_20_dt_5.50e-06_Nx_512_neumann_dtout_20>
Python,20,512,neumann,20,20,75p
NMG_Python_20_dt_5.50e-06_Nx_512_neumann_dtout_2075pphi.csv
Exception type : ValueError 
Exception message : could not convert string to float: '(0.6537176705314839+0j)'
Stack trace : ['File : /sfs/gpfs/tardis/home/xpz5km/Cahn_Hilliard_Model_HPC/spinodal_decomp/compare_L2_error.py , Line : 86, Func.Name : compare_L2_error_at_timepoint, Message : snapshot_SAV = read_specific_lines(f"{root}/{SAV_fname}", line_list)', 'File : /sfs/gpfs/tardis/home/xpz5km/Cahn_Hilliard_Model_HPC/spinodal_decomp/compare_L2_error.py , Line : 19, Func.Name : read_specific_lines, Message : digits.append(float(i))']
match None
match None
match <re.Match object; span=(0, 59), match='NMG_Python_20_dt_5.50e-06_Nx_256_neumann_dtout_20>
Python,20,256,neumann,20,20,25p
NMG_Python_20_dt_5.50e-06_Nx_256_neumann_dtout_2025pphi.csv
Exception type : ValueError 
Exception message : could not convert string to float: '(-0.32927592388756166+0j)'
Stack trace : ['File : /sfs/gpfs/tardis/home/xpz5km/Cahn_Hilliard_Model_HPC/spinodal_decomp/compare_L2_error.py , Line : 86, Func.Name : compare_L2_error_at_timepoint, Message : snapshot_SAV = read_specific_lines(f"{root}/{SAV_fname}", line_list)', 'File : /sfs/gpfs/tardis/home/xpz5km/Cahn_Hilliard_Model_HPC/spinodal_decomp/compare_L2_error.py , Line : 19, Func.Name : read_specific_lines, Message : digits.append(float(i))']
match <re.Match object; span=(0, 61), match='SAV_Python_2000_dt_5.50e-06_Nx_512_neumann_dtout_>
match None
match None
match None
match <re.Match object; span=(0, 62), match='SAV_Python_2000_dt_5.50e-06_Nx_64_neumann_dtout_2>
Python,2000,64,neumann,2000,2000,75p not recorded; dt_out too large.
match None
match None
match None
match None
match None
match None
match None
match None
match <re.Match object; span=(0, 59), match='NMG_Python_20_dt_5.50e-06_Nx_128_neumann_dtout_20>
Python,20,128,neumann,20,20,25p
NMG_Python_20_dt_5.50e-06_Nx_128_neumann_dtout_2025pphi.csv
Exception type : ValueError 
Exception message : could not convert string to float: '(-0.10276645075364461+0j)'
Stack trace : ['File : /sfs/gpfs/tardis/home/xpz5km/Cahn_Hilliard_Model_HPC/spinodal_decomp/compare_L2_error.py , Line : 86, Func.Name : compare_L2_error_at_timepoint, Message : snapshot_SAV = read_specific_lines(f"{root}/{SAV_fname}", line_list)', 'File : /sfs/gpfs/tardis/home/xpz5km/Cahn_Hilliard_Model_HPC/spinodal_decomp/compare_L2_error.py , Line : 19, Func.Name : read_specific_lines, Message : digits.append(float(i))']
match None
match <re.Match object; span=(0, 62), match='SAV_Python_2000_dt_5.50e-06_Nx_256_periodic_dtout>
match <re.Match object; span=(0, 59), match='NMG_Python_20_dt_5.50e-06_Nx_64_periodic_dtout_20>
Python,20,64,periodic,20,20,75p
NMG_Python_20_dt_5.50e-06_Nx_64_periodic_dtout_2075pphi.csv
Exception type : ValueError 
Exception message : could not convert string to float: '(0.36662716665050266+0j)'
Stack trace : ['File : /sfs/gpfs/tardis/home/xpz5km/Cahn_Hilliard_Model_HPC/spinodal_decomp/compare_L2_error.py , Line : 86, Func.Name : compare_L2_error_at_timepoint, Message : snapshot_SAV = read_specific_lines(f"{root}/{SAV_fname}", line_list)', 'File : /sfs/gpfs/tardis/home/xpz5km/Cahn_Hilliard_Model_HPC/spinodal_decomp/compare_L2_error.py , Line : 19, Func.Name : read_specific_lines, Message : digits.append(float(i))']
match None
match <re.Match object; span=(0, 59), match='NMG_Python_20_dt_5.50e-06_Nx_256_periodic_dtout_1>
Python,20,256,periodic,1,1,75p
NMG_Python_20_dt_5.50e-06_Nx_256_periodic_dtout_175pphi.csv
Exception type : ValueError 
Exception message : could not convert string to float: '(0.5653464255546261+0j)'
Stack trace : ['File : /sfs/gpfs/tardis/home/xpz5km/Cahn_Hilliard_Model_HPC/spinodal_decomp/compare_L2_error.py , Line : 86, Func.Name : compare_L2_error_at_timepoint, Message : snapshot_SAV = read_specific_lines(f"{root}/{SAV_fname}", line_list)', 'File : /sfs/gpfs/tardis/home/xpz5km/Cahn_Hilliard_Model_HPC/spinodal_decomp/compare_L2_error.py , Line : 19, Func.Name : read_specific_lines, Message : digits.append(float(i))']
match <re.Match object; span=(0, 58), match='NMG_Python_20_dt_5.50e-06_Nx_64_periodic_dtout_15>
Python,20,64,periodic,1,1,50p
NMG_Python_20_dt_5.50e-06_Nx_64_periodic_dtout_150pphi.csv
Exception type : ValueError 
Exception message : could not convert string to float: '(-0.2605893052248742+0j)'
Stack trace : ['File : /sfs/gpfs/tardis/home/xpz5km/Cahn_Hilliard_Model_HPC/spinodal_decomp/compare_L2_error.py , Line : 86, Func.Name : compare_L2_error_at_timepoint, Message : snapshot_SAV = read_specific_lines(f"{root}/{SAV_fname}", line_list)', 'File : /sfs/gpfs/tardis/home/xpz5km/Cahn_Hilliard_Model_HPC/spinodal_decomp/compare_L2_error.py , Line : 19, Func.Name : read_specific_lines, Message : digits.append(float(i))']
match <re.Match object; span=(0, 60), match='SAV_Python_2000_dt_5.50e-06_Nx_64_neumann_dtout_1>
match <re.Match object; span=(0, 59), match='NMG_Python_20_dt_5.50e-06_Nx_128_periodic_dtout_1>
Python,20,128,periodic,1,1,25p
NMG_Python_20_dt_5.50e-06_Nx_128_periodic_dtout_125pphi.csv
Exception type : ValueError 
Exception message : could not convert string to float: '(-0.5246797165042503+0j)'
Stack trace : ['File : /sfs/gpfs/tardis/home/xpz5km/Cahn_Hilliard_Model_HPC/spinodal_decomp/compare_L2_error.py , Line : 86, Func.Name : compare_L2_error_at_timepoint, Message : snapshot_SAV = read_specific_lines(f"{root}/{SAV_fname}", line_list)', 'File : /sfs/gpfs/tardis/home/xpz5km/Cahn_Hilliard_Model_HPC/spinodal_decomp/compare_L2_error.py , Line : 19, Func.Name : read_specific_lines, Message : digits.append(float(i))']
match None
match None
match None
match None
match None
match <re.Match object; span=(0, 61), match='SAV_Python_2000_dt_5.50e-06_Nx_128_neumann_dtout_>
match None
match <re.Match object; span=(0, 60), match='SAV_Python_2000_dt_5.50e-06_Nx_64_neumann_dtout_1>
match None
12
match None
match None
match <re.Match object; span=(0, 59), match='NMG_Python_20_dt_5.50e-06_Nx_256_neumann_dtout_20>
Python,20,256,neumann,20,20,75p
NMG_Python_20_dt_5.50e-06_Nx_256_neumann_dtout_2075pphi.csv
Exception type : ValueError 
Exception message : could not convert string to float: '(0.41950652511946407+0j)'
Stack trace : ['File : /sfs/gpfs/tardis/home/xpz5km/Cahn_Hilliard_Model_HPC/spinodal_decomp/compare_L2_error.py , Line : 86, Func.Name : compare_L2_error_at_timepoint, Message : snapshot_SAV = read_specific_lines(f"{root}/{SAV_fname}", line_list)', 'File : /sfs/gpfs/tardis/home/xpz5km/Cahn_Hilliard_Model_HPC/spinodal_decomp/compare_L2_error.py , Line : 19, Func.Name : read_specific_lines, Message : digits.append(float(i))']
match None
match None
match None
match None
match None
match None
match None
match <re.Match object; span=(0, 62), match='SAV_Python_2000_dt_5.50e-06_Nx_128_periodic_dtout>
match None
match None
match None
match None
match None
match None
match None
match None
match None
match None
match <re.Match object; span=(0, 63), match='SAV_Python_2000_dt_5.50e-06_Nx_256_neumann_dtout_>
Python,2000,256,neumann,2000,2000,25p not recorded; dt_out too large.
match <re.Match object; span=(0, 61), match='SAV_Python_2000_dt_5.50e-06_Nx_128_neumann_dtout_>
match <re.Match object; span=(0, 60), match='NMG_Python_20_dt_5.50e-06_Nx_128_periodic_dtout_2>
Python,20,128,periodic,20,20,25p
NMG_Python_20_dt_5.50e-06_Nx_128_periodic_dtout_2025pphi.csv
Exception type : ValueError 
Exception message : could not convert string to float: '(-0.5392675015155758+0j)'
Stack trace : ['File : /sfs/gpfs/tardis/home/xpz5km/Cahn_Hilliard_Model_HPC/spinodal_decomp/compare_L2_error.py , Line : 86, Func.Name : compare_L2_error_at_timepoint, Message : snapshot_SAV = read_specific_lines(f"{root}/{SAV_fname}", line_list)', 'File : /sfs/gpfs/tardis/home/xpz5km/Cahn_Hilliard_Model_HPC/spinodal_decomp/compare_L2_error.py , Line : 19, Func.Name : read_specific_lines, Message : digits.append(float(i))']
match None
match None
match <re.Match object; span=(0, 64), match='SAV_Python_2000_dt_5.50e-06_Nx_256_periodic_dtout>
Python,2000,256,periodic,2000,2000,50p not recorded; dt_out too large.
match None
match <re.Match object; span=(0, 60), match='NMG_Python_20_dt_5.50e-06_Nx_256_periodic_dtout_2>
Python,20,256,periodic,20,20,25p
NMG_Python_20_dt_5.50e-06_Nx_256_periodic_dtout_2025pphi.csv
Exception type : ValueError 
Exception message : could not convert string to float: '(-0.4170151417869721+0j)'
Stack trace : ['File : /sfs/gpfs/tardis/home/xpz5km/Cahn_Hilliard_Model_HPC/spinodal_decomp/compare_L2_error.py , Line : 86, Func.Name : compare_L2_error_at_timepoint, Message : snapshot_SAV = read_specific_lines(f"{root}/{SAV_fname}", line_list)', 'File : /sfs/gpfs/tardis/home/xpz5km/Cahn_Hilliard_Model_HPC/spinodal_decomp/compare_L2_error.py , Line : 19, Func.Name : read_specific_lines, Message : digits.append(float(i))']
match <re.Match object; span=(0, 59), match='NMG_Python_20_dt_5.50e-06_Nx_512_neumann_dtout_20>
Python,20,512,neumann,20,20,50p
NMG_Python_20_dt_5.50e-06_Nx_512_neumann_dtout_2050pphi.csv
Exception type : ValueError 
Exception message : could not convert string to float: '(0.3765941854894782+0j)'
Stack trace : ['File : /sfs/gpfs/tardis/home/xpz5km/Cahn_Hilliard_Model_HPC/spinodal_decomp/compare_L2_error.py , Line : 86, Func.Name : compare_L2_error_at_timepoint, Message : snapshot_SAV = read_specific_lines(f"{root}/{SAV_fname}", line_list)', 'File : /sfs/gpfs/tardis/home/xpz5km/Cahn_Hilliard_Model_HPC/spinodal_decomp/compare_L2_error.py , Line : 19, Func.Name : read_specific_lines, Message : digits.append(float(i))']
match None
match None
match None
match None
match None
match None
match <re.Match object; span=(0, 64), match='SAV_Python_2000_dt_5.50e-06_Nx_512_periodic_dtout>
Python,2000,512,periodic,2000,2000,25p not recorded; dt_out too large.
match None
match None
match <re.Match object; span=(0, 63), match='SAV_Python_2000_dt_5.50e-06_Nx_64_periodic_dtout_>
Python,2000,64,periodic,2000,2000,75p not recorded; dt_out too large.
match None
match <re.Match object; span=(0, 64), match='SAV_Python_2000_dt_5.50e-06_Nx_256_periodic_dtout>
Python,2000,256,periodic,2000,2000,25p not recorded; dt_out too large.
match None
match None
match None
match None
match None
match None
match None
match None
match None
match None
match None
match None
match None
match None
match None
match None
match <re.Match object; span=(0, 61), match='SAV_Python_2000_dt_5.50e-06_Nx_64_periodic_dtout_>
match None
match None
match <re.Match object; span=(0, 63), match='SAV_Python_2000_dt_5.50e-06_Nx_256_neumann_dtout_>
Python,2000,256,neumann,2000,2000,75p not recorded; dt_out too large.
match None
match None
match <re.Match object; span=(0, 64), match='SAV_Python_2000_dt_5.50e-06_Nx_128_periodic_dtout>
Python,2000,128,periodic,2000,2000,75p not recorded; dt_out too large.
match None
match None
match None
match None
match None
match None
match <re.Match object; span=(0, 58), match='NMG_Python_20_dt_5.50e-06_Nx_128_neumann_dtout_12>
Python,20,128,neumann,1,1,25p
NMG_Python_20_dt_5.50e-06_Nx_128_neumann_dtout_125pphi.csv
Exception type : ValueError 
Exception message : could not convert string to float: '(-0.2136396021307845+0j)'
Stack trace : ['File : /sfs/gpfs/tardis/home/xpz5km/Cahn_Hilliard_Model_HPC/spinodal_decomp/compare_L2_error.py , Line : 86, Func.Name : compare_L2_error_at_timepoint, Message : snapshot_SAV = read_specific_lines(f"{root}/{SAV_fname}", line_list)', 'File : /sfs/gpfs/tardis/home/xpz5km/Cahn_Hilliard_Model_HPC/spinodal_decomp/compare_L2_error.py , Line : 19, Func.Name : read_specific_lines, Message : digits.append(float(i))']
match <re.Match object; span=(0, 64), match='SAV_Python_2000_dt_5.50e-06_Nx_256_periodic_dtout>
Python,2000,256,periodic,2000,2000,75p not recorded; dt_out too large.
match None
match None
match None
match None
match None
match <re.Match object; span=(0, 59), match='NMG_Python_20_dt_5.50e-06_Nx_256_neumann_dtout_20>
Python,20,256,neumann,20,20,50p
NMG_Python_20_dt_5.50e-06_Nx_256_neumann_dtout_2050pphi.csv
Exception type : ValueError 
Exception message : could not convert string to float: '(0.07069788833767843+0j)'
Stack trace : ['File : /sfs/gpfs/tardis/home/xpz5km/Cahn_Hilliard_Model_HPC/spinodal_decomp/compare_L2_error.py , Line : 86, Func.Name : compare_L2_error_at_timepoint, Message : snapshot_SAV = read_specific_lines(f"{root}/{SAV_fname}", line_list)', 'File : /sfs/gpfs/tardis/home/xpz5km/Cahn_Hilliard_Model_HPC/spinodal_decomp/compare_L2_error.py , Line : 19, Func.Name : read_specific_lines, Message : digits.append(float(i))']
match None
match None
match <re.Match object; span=(0, 61), match='SAV_Python_2000_dt_5.50e-06_Nx_64_periodic_dtout_>
match None
match <re.Match object; span=(0, 63), match='SAV_Python_2000_dt_5.50e-06_Nx_128_neumann_dtout_>
Python,2000,128,neumann,2000,2000,25p not recorded; dt_out too large.
match None
match None
match None
match None
match <re.Match object; span=(0, 58), match='NMG_Python_20_dt_5.50e-06_Nx_64_periodic_dtout_17>
Python,20,64,periodic,1,1,75p
NMG_Python_20_dt_5.50e-06_Nx_64_periodic_dtout_175pphi.csv
Exception type : ValueError 
Exception message : could not convert string to float: '(0.531381986642513+0j)'
Stack trace : ['File : /sfs/gpfs/tardis/home/xpz5km/Cahn_Hilliard_Model_HPC/spinodal_decomp/compare_L2_error.py , Line : 86, Func.Name : compare_L2_error_at_timepoint, Message : snapshot_SAV = read_specific_lines(f"{root}/{SAV_fname}", line_list)', 'File : /sfs/gpfs/tardis/home/xpz5km/Cahn_Hilliard_Model_HPC/spinodal_decomp/compare_L2_error.py , Line : 19, Func.Name : read_specific_lines, Message : digits.append(float(i))']
match <re.Match object; span=(0, 61), match='SAV_Python_2000_dt_5.50e-06_Nx_256_neumann_dtout_>
match None
match None
match None
match None
match None
match <re.Match object; span=(0, 59), match='NMG_Python_20_dt_5.50e-06_Nx_256_periodic_dtout_1>
Python,20,256,periodic,1,1,50p
NMG_Python_20_dt_5.50e-06_Nx_256_periodic_dtout_150pphi.csv
Exception type : ValueError 
Exception message : could not convert string to float: '(-0.17115491005641706+0j)'
Stack trace : ['File : /sfs/gpfs/tardis/home/xpz5km/Cahn_Hilliard_Model_HPC/spinodal_decomp/compare_L2_error.py , Line : 86, Func.Name : compare_L2_error_at_timepoint, Message : snapshot_SAV = read_specific_lines(f"{root}/{SAV_fname}", line_list)', 'File : /sfs/gpfs/tardis/home/xpz5km/Cahn_Hilliard_Model_HPC/spinodal_decomp/compare_L2_error.py , Line : 19, Func.Name : read_specific_lines, Message : digits.append(float(i))']
match <re.Match object; span=(0, 61), match='SAV_Python_2000_dt_5.50e-06_Nx_64_periodic_dtout_>
match None
match <re.Match object; span=(0, 58), match='NMG_Python_20_dt_5.50e-06_Nx_128_neumann_dtout_17>
Python,20,128,neumann,1,1,75p
NMG_Python_20_dt_5.50e-06_Nx_128_neumann_dtout_175pphi.csv
Exception type : ValueError 
Exception message : could not convert string to float: '(0.7062384070243679+0j)'
Stack trace : ['File : /sfs/gpfs/tardis/home/xpz5km/Cahn_Hilliard_Model_HPC/spinodal_decomp/compare_L2_error.py , Line : 86, Func.Name : compare_L2_error_at_timepoint, Message : snapshot_SAV = read_specific_lines(f"{root}/{SAV_fname}", line_list)', 'File : /sfs/gpfs/tardis/home/xpz5km/Cahn_Hilliard_Model_HPC/spinodal_decomp/compare_L2_error.py , Line : 19, Func.Name : read_specific_lines, Message : digits.append(float(i))']
match None
match None
match <re.Match object; span=(0, 61), match='SAV_Python_2000_dt_5.50e-06_Nx_512_neumann_dtout_>
match None
match None
match None
match None
match None
match None
match None
match None
match None
match None
match <re.Match object; span=(0, 61), match='SAV_Python_2000_dt_5.50e-06_Nx_256_neumann_dtout_>
match None
match <re.Match object; span=(0, 57), match='NMG_Python_20_dt_5.50e-06_Nx_64_neumann_dtout_150>
Python,20,64,neumann,1,1,50p
NMG_Python_20_dt_5.50e-06_Nx_64_neumann_dtout_150pphi.csv
Exception type : ValueError 
Exception message : could not convert string to float: '(-0.4359668712168488+0j)'
Stack trace : ['File : /sfs/gpfs/tardis/home/xpz5km/Cahn_Hilliard_Model_HPC/spinodal_decomp/compare_L2_error.py , Line : 86, Func.Name : compare_L2_error_at_timepoint, Message : snapshot_SAV = read_specific_lines(f"{root}/{SAV_fname}", line_list)', 'File : /sfs/gpfs/tardis/home/xpz5km/Cahn_Hilliard_Model_HPC/spinodal_decomp/compare_L2_error.py , Line : 19, Func.Name : read_specific_lines, Message : digits.append(float(i))']
match None
match <re.Match object; span=(0, 58), match='NMG_Python_20_dt_5.50e-06_Nx_256_neumann_dtout_15>
Python,20,256,neumann,1,1,50p
NMG_Python_20_dt_5.50e-06_Nx_256_neumann_dtout_150pphi.csv
Exception type : ValueError 
Exception message : could not convert string to float: '(0.021519973642689667+0j)'
Stack trace : ['File : /sfs/gpfs/tardis/home/xpz5km/Cahn_Hilliard_Model_HPC/spinodal_decomp/compare_L2_error.py , Line : 86, Func.Name : compare_L2_error_at_timepoint, Message : snapshot_SAV = read_specific_lines(f"{root}/{SAV_fname}", line_list)', 'File : /sfs/gpfs/tardis/home/xpz5km/Cahn_Hilliard_Model_HPC/spinodal_decomp/compare_L2_error.py , Line : 19, Func.Name : read_specific_lines, Message : digits.append(float(i))']
match <re.Match object; span=(0, 58), match='NMG_Python_20_dt_5.50e-06_Nx_512_neumann_dtout_12>
Python,20,512,neumann,1,1,25p
NMG_Python_20_dt_5.50e-06_Nx_512_neumann_dtout_125pphi.csv
Exception type : ValueError 
Exception message : could not convert string to float: '(0.6627924588554389+0j)'
Stack trace : ['File : /sfs/gpfs/tardis/home/xpz5km/Cahn_Hilliard_Model_HPC/spinodal_decomp/compare_L2_error.py , Line : 86, Func.Name : compare_L2_error_at_timepoint, Message : snapshot_SAV = read_specific_lines(f"{root}/{SAV_fname}", line_list)', 'File : /sfs/gpfs/tardis/home/xpz5km/Cahn_Hilliard_Model_HPC/spinodal_decomp/compare_L2_error.py , Line : 19, Func.Name : read_specific_lines, Message : digits.append(float(i))']
match None
match None
match <re.Match object; span=(0, 62), match='SAV_Python_2000_dt_5.50e-06_Nx_512_periodic_dtout>
match None
match None
match <re.Match object; span=(0, 63), match='SAV_Python_2000_dt_5.50e-06_Nx_128_neumann_dtout_>
Python,2000,128,neumann,2000,2000,50p not recorded; dt_out too large.
match None
match None
match <re.Match object; span=(0, 64), match='SAV_Python_2000_dt_5.50e-06_Nx_512_periodic_dtout>
Python,2000,512,periodic,2000,2000,50p not recorded; dt_out too large.
match <re.Match object; span=(0, 61), match='SAV_Python_2000_dt_5.50e-06_Nx_512_neumann_dtout_>
match None
match None
match None
match None
match <re.Match object; span=(0, 58), match='NMG_Python_20_dt_5.50e-06_Nx_256_neumann_dtout_17>
Python,20,256,neumann,1,1,75p
NMG_Python_20_dt_5.50e-06_Nx_256_neumann_dtout_175pphi.csv
Exception type : ValueError 
Exception message : could not convert string to float: '(0.477844096590829+0j)'
Stack trace : ['File : /sfs/gpfs/tardis/home/xpz5km/Cahn_Hilliard_Model_HPC/spinodal_decomp/compare_L2_error.py , Line : 86, Func.Name : compare_L2_error_at_timepoint, Message : snapshot_SAV = read_specific_lines(f"{root}/{SAV_fname}", line_list)', 'File : /sfs/gpfs/tardis/home/xpz5km/Cahn_Hilliard_Model_HPC/spinodal_decomp/compare_L2_error.py , Line : 19, Func.Name : read_specific_lines, Message : digits.append(float(i))']
match None
match <re.Match object; span=(0, 61), match='SAV_Python_2000_dt_5.50e-06_Nx_128_neumann_dtout_>
match None
match None
match None
match None
match None
match <re.Match object; span=(0, 59), match='NMG_Python_20_dt_5.50e-06_Nx_128_neumann_dtout_20>
Python,20,128,neumann,20,20,50p
NMG_Python_20_dt_5.50e-06_Nx_128_neumann_dtout_2050pphi.csv
Exception type : ValueError 
Exception message : could not convert string to float: '(0.4578281761662219+0j)'
Stack trace : ['File : /sfs/gpfs/tardis/home/xpz5km/Cahn_Hilliard_Model_HPC/spinodal_decomp/compare_L2_error.py , Line : 86, Func.Name : compare_L2_error_at_timepoint, Message : snapshot_SAV = read_specific_lines(f"{root}/{SAV_fname}", line_list)', 'File : /sfs/gpfs/tardis/home/xpz5km/Cahn_Hilliard_Model_HPC/spinodal_decomp/compare_L2_error.py , Line : 19, Func.Name : read_specific_lines, Message : digits.append(float(i))']
match None
match <re.Match object; span=(0, 59), match='NMG_Python_20_dt_5.50e-06_Nx_128_periodic_dtout_1>
Python,20,128,periodic,1,1,50p
NMG_Python_20_dt_5.50e-06_Nx_128_periodic_dtout_150pphi.csv
Exception type : ValueError 
Exception message : could not convert string to float: '(-0.23727875314434552+0j)'
Stack trace : ['File : /sfs/gpfs/tardis/home/xpz5km/Cahn_Hilliard_Model_HPC/spinodal_decomp/compare_L2_error.py , Line : 86, Func.Name : compare_L2_error_at_timepoint, Message : snapshot_SAV = read_specific_lines(f"{root}/{SAV_fname}", line_list)', 'File : /sfs/gpfs/tardis/home/xpz5km/Cahn_Hilliard_Model_HPC/spinodal_decomp/compare_L2_error.py , Line : 19, Func.Name : read_specific_lines, Message : digits.append(float(i))']
match <re.Match object; span=(0, 58), match='NMG_Python_20_dt_5.50e-06_Nx_256_neumann_dtout_12>
Python,20,256,neumann,1,1,25p
NMG_Python_20_dt_5.50e-06_Nx_256_neumann_dtout_125pphi.csv
Exception type : ValueError 
Exception message : could not convert string to float: '(-0.4286884661024713+0j)'
Stack trace : ['File : /sfs/gpfs/tardis/home/xpz5km/Cahn_Hilliard_Model_HPC/spinodal_decomp/compare_L2_error.py , Line : 86, Func.Name : compare_L2_error_at_timepoint, Message : snapshot_SAV = read_specific_lines(f"{root}/{SAV_fname}", line_list)', 'File : /sfs/gpfs/tardis/home/xpz5km/Cahn_Hilliard_Model_HPC/spinodal_decomp/compare_L2_error.py , Line : 19, Func.Name : read_specific_lines, Message : digits.append(float(i))']
match None
match <re.Match object; span=(0, 57), match='NMG_Python_20_dt_5.50e-06_Nx_64_neumann_dtout_175>
Python,20,64,neumann,1,1,75p
NMG_Python_20_dt_5.50e-06_Nx_64_neumann_dtout_175pphi.csv
Exception type : ValueError 
Exception message : could not convert string to float: '(0.13788225421481878+0j)'
Stack trace : ['File : /sfs/gpfs/tardis/home/xpz5km/Cahn_Hilliard_Model_HPC/spinodal_decomp/compare_L2_error.py , Line : 86, Func.Name : compare_L2_error_at_timepoint, Message : snapshot_SAV = read_specific_lines(f"{root}/{SAV_fname}", line_list)', 'File : /sfs/gpfs/tardis/home/xpz5km/Cahn_Hilliard_Model_HPC/spinodal_decomp/compare_L2_error.py , Line : 19, Func.Name : read_specific_lines, Message : digits.append(float(i))']
match None
match None
match None
match <re.Match object; span=(0, 59), match='NMG_Python_20_dt_5.50e-06_Nx_256_periodic_dtout_1>
Python,20,256,periodic,1,1,25p
NMG_Python_20_dt_5.50e-06_Nx_256_periodic_dtout_125pphi.csv
Exception type : ValueError 
Exception message : could not convert string to float: '(-0.4335598711124154+0j)'
Stack trace : ['File : /sfs/gpfs/tardis/home/xpz5km/Cahn_Hilliard_Model_HPC/spinodal_decomp/compare_L2_error.py , Line : 86, Func.Name : compare_L2_error_at_timepoint, Message : snapshot_SAV = read_specific_lines(f"{root}/{SAV_fname}", line_list)', 'File : /sfs/gpfs/tardis/home/xpz5km/Cahn_Hilliard_Model_HPC/spinodal_decomp/compare_L2_error.py , Line : 19, Func.Name : read_specific_lines, Message : digits.append(float(i))']
match <re.Match object; span=(0, 59), match='NMG_Python_20_dt_5.50e-06_Nx_64_periodic_dtout_20>
Python,20,64,periodic,20,20,25p
NMG_Python_20_dt_5.50e-06_Nx_64_periodic_dtout_2025pphi.csv
Exception type : ValueError 
Exception message : could not convert string to float: '(-0.2607501952412769+0j)'
Stack trace : ['File : /sfs/gpfs/tardis/home/xpz5km/Cahn_Hilliard_Model_HPC/spinodal_decomp/compare_L2_error.py , Line : 86, Func.Name : compare_L2_error_at_timepoint, Message : snapshot_SAV = read_specific_lines(f"{root}/{SAV_fname}", line_list)', 'File : /sfs/gpfs/tardis/home/xpz5km/Cahn_Hilliard_Model_HPC/spinodal_decomp/compare_L2_error.py , Line : 19, Func.Name : read_specific_lines, Message : digits.append(float(i))']
match None
match None
match <re.Match object; span=(0, 59), match='NMG_Python_20_dt_5.50e-06_Nx_512_periodic_dtout_1>
Python,20,512,periodic,1,1,50p
NMG_Python_20_dt_5.50e-06_Nx_512_periodic_dtout_150pphi.csv
Exception type : ValueError 
Exception message : could not convert string to float: '(0.8024695545962351+0j)'
Stack trace : ['File : /sfs/gpfs/tardis/home/xpz5km/Cahn_Hilliard_Model_HPC/spinodal_decomp/compare_L2_error.py , Line : 86, Func.Name : compare_L2_error_at_timepoint, Message : snapshot_SAV = read_specific_lines(f"{root}/{SAV_fname}", line_list)', 'File : /sfs/gpfs/tardis/home/xpz5km/Cahn_Hilliard_Model_HPC/spinodal_decomp/compare_L2_error.py , Line : 19, Func.Name : read_specific_lines, Message : digits.append(float(i))']
match None
match None
match None
match None
match None
match None
match None
match <re.Match object; span=(0, 63), match='SAV_Python_2000_dt_5.50e-06_Nx_512_neumann_dtout_>
Python,2000,512,neumann,2000,2000,50p not recorded; dt_out too large.
match <re.Match object; span=(0, 62), match='SAV_Python_2000_dt_5.50e-06_Nx_512_periodic_dtout>
match <re.Match object; span=(0, 63), match='SAV_Python_2000_dt_5.50e-06_Nx_512_neumann_dtout_>
Python,2000,512,neumann,2000,2000,75p not recorded; dt_out too large.
match None
match <re.Match object; span=(0, 60), match='NMG_Python_20_dt_5.50e-06_Nx_512_periodic_dtout_2>
Python,20,512,periodic,20,20,25p
NMG_Python_20_dt_5.50e-06_Nx_512_periodic_dtout_2025pphi.csv
Exception type : ValueError 
Exception message : could not convert string to float: '(-0.5924427840366981+0j)'
Stack trace : ['File : /sfs/gpfs/tardis/home/xpz5km/Cahn_Hilliard_Model_HPC/spinodal_decomp/compare_L2_error.py , Line : 86, Func.Name : compare_L2_error_at_timepoint, Message : snapshot_SAV = read_specific_lines(f"{root}/{SAV_fname}", line_list)', 'File : /sfs/gpfs/tardis/home/xpz5km/Cahn_Hilliard_Model_HPC/spinodal_decomp/compare_L2_error.py , Line : 19, Func.Name : read_specific_lines, Message : digits.append(float(i))']
match None
match <re.Match object; span=(0, 58), match='NMG_Python_20_dt_5.50e-06_Nx_64_neumann_dtout_205>
Python,20,64,neumann,20,20,50p
NMG_Python_20_dt_5.50e-06_Nx_64_neumann_dtout_2050pphi.csv
Exception type : ValueError 
Exception message : could not convert string to float: '(-0.8193172180077055+0j)'
Stack trace : ['File : /sfs/gpfs/tardis/home/xpz5km/Cahn_Hilliard_Model_HPC/spinodal_decomp/compare_L2_error.py , Line : 86, Func.Name : compare_L2_error_at_timepoint, Message : snapshot_SAV = read_specific_lines(f"{root}/{SAV_fname}", line_list)', 'File : /sfs/gpfs/tardis/home/xpz5km/Cahn_Hilliard_Model_HPC/spinodal_decomp/compare_L2_error.py , Line : 19, Func.Name : read_specific_lines, Message : digits.append(float(i))']
match <re.Match object; span=(0, 59), match='NMG_Python_20_dt_5.50e-06_Nx_128_neumann_dtout_20>
Python,20,128,neumann,20,20,75p
NMG_Python_20_dt_5.50e-06_Nx_128_neumann_dtout_2075pphi.csv
Exception type : ValueError 
Exception message : could not convert string to float: '(1.0070442820402468+0j)'
Stack trace : ['File : /sfs/gpfs/tardis/home/xpz5km/Cahn_Hilliard_Model_HPC/spinodal_decomp/compare_L2_error.py , Line : 86, Func.Name : compare_L2_error_at_timepoint, Message : snapshot_SAV = read_specific_lines(f"{root}/{SAV_fname}", line_list)', 'File : /sfs/gpfs/tardis/home/xpz5km/Cahn_Hilliard_Model_HPC/spinodal_decomp/compare_L2_error.py , Line : 19, Func.Name : read_specific_lines, Message : digits.append(float(i))']
match <re.Match object; span=(0, 57), match='NMG_Python_20_dt_5.50e-06_Nx_64_neumann_dtout_125>
Python,20,64,neumann,1,1,25p
NMG_Python_20_dt_5.50e-06_Nx_64_neumann_dtout_125pphi.csv
Exception type : ValueError 
Exception message : could not convert string to float: '(-0.61158108466426+0j)'
Stack trace : ['File : /sfs/gpfs/tardis/home/xpz5km/Cahn_Hilliard_Model_HPC/spinodal_decomp/compare_L2_error.py , Line : 86, Func.Name : compare_L2_error_at_timepoint, Message : snapshot_SAV = read_specific_lines(f"{root}/{SAV_fname}", line_list)', 'File : /sfs/gpfs/tardis/home/xpz5km/Cahn_Hilliard_Model_HPC/spinodal_decomp/compare_L2_error.py , Line : 19, Func.Name : read_specific_lines, Message : digits.append(float(i))']
match None
match None
match None
match <re.Match object; span=(0, 62), match='SAV_Python_2000_dt_5.50e-06_Nx_64_neumann_dtout_2>
Python,2000,64,neumann,2000,2000,25p not recorded; dt_out too large.
match None
match None
match None
match <re.Match object; span=(0, 59), match='NMG_Python_20_dt_5.50e-06_Nx_512_periodic_dtout_1>
Python,20,512,periodic,1,1,25p
NMG_Python_20_dt_5.50e-06_Nx_512_periodic_dtout_125pphi.csv
Exception type : ValueError 
Exception message : could not convert string to float: '(-0.5673522233587404+0j)'
Stack trace : ['File : /sfs/gpfs/tardis/home/xpz5km/Cahn_Hilliard_Model_HPC/spinodal_decomp/compare_L2_error.py , Line : 86, Func.Name : compare_L2_error_at_timepoint, Message : snapshot_SAV = read_specific_lines(f"{root}/{SAV_fname}", line_list)', 'File : /sfs/gpfs/tardis/home/xpz5km/Cahn_Hilliard_Model_HPC/spinodal_decomp/compare_L2_error.py , Line : 19, Func.Name : read_specific_lines, Message : digits.append(float(i))']
match None
match <re.Match object; span=(0, 64), match='SAV_Python_2000_dt_5.50e-06_Nx_128_periodic_dtout>
Python,2000,128,periodic,2000,2000,25p not recorded; dt_out too large.
match <re.Match object; span=(0, 61), match='SAV_Python_2000_dt_5.50e-06_Nx_256_neumann_dtout_>
match None
match None
match None
match None
match <re.Match object; span=(0, 60), match='NMG_Python_20_dt_5.50e-06_Nx_512_periodic_dtout_2>
Python,20,512,periodic,20,20,50p
NMG_Python_20_dt_5.50e-06_Nx_512_periodic_dtout_2050pphi.csv
Exception type : ValueError 
Exception message : could not convert string to float: '(0.14766784652957254+0j)'
Stack trace : ['File : /sfs/gpfs/tardis/home/xpz5km/Cahn_Hilliard_Model_HPC/spinodal_decomp/compare_L2_error.py , Line : 86, Func.Name : compare_L2_error_at_timepoint, Message : snapshot_SAV = read_specific_lines(f"{root}/{SAV_fname}", line_list)', 'File : /sfs/gpfs/tardis/home/xpz5km/Cahn_Hilliard_Model_HPC/spinodal_decomp/compare_L2_error.py , Line : 19, Func.Name : read_specific_lines, Message : digits.append(float(i))']
match <re.Match object; span=(0, 64), match='SAV_Python_2000_dt_5.50e-06_Nx_512_periodic_dtout>
Python,2000,512,periodic,2000,2000,75p not recorded; dt_out too large.
match None
match None
match None
match None
match None
match <re.Match object; span=(0, 59), match='NMG_Python_20_dt_5.50e-06_Nx_128_periodic_dtout_1>
Python,20,128,periodic,1,1,75p
NMG_Python_20_dt_5.50e-06_Nx_128_periodic_dtout_175pphi.csv
Exception type : ValueError 
Exception message : could not convert string to float: '(0.5400679742258903+0j)'
Stack trace : ['File : /sfs/gpfs/tardis/home/xpz5km/Cahn_Hilliard_Model_HPC/spinodal_decomp/compare_L2_error.py , Line : 86, Func.Name : compare_L2_error_at_timepoint, Message : snapshot_SAV = read_specific_lines(f"{root}/{SAV_fname}", line_list)', 'File : /sfs/gpfs/tardis/home/xpz5km/Cahn_Hilliard_Model_HPC/spinodal_decomp/compare_L2_error.py , Line : 19, Func.Name : read_specific_lines, Message : digits.append(float(i))']
match <re.Match object; span=(0, 59), match='NMG_Python_20_dt_5.50e-06_Nx_512_periodic_dtout_1>
Python,20,512,periodic,1,1,75p
NMG_Python_20_dt_5.50e-06_Nx_512_periodic_dtout_175pphi.csv
Exception type : ValueError 
Exception message : could not convert string to float: '(0.7705304246256836+0j)'
Stack trace : ['File : /sfs/gpfs/tardis/home/xpz5km/Cahn_Hilliard_Model_HPC/spinodal_decomp/compare_L2_error.py , Line : 86, Func.Name : compare_L2_error_at_timepoint, Message : snapshot_SAV = read_specific_lines(f"{root}/{SAV_fname}", line_list)', 'File : /sfs/gpfs/tardis/home/xpz5km/Cahn_Hilliard_Model_HPC/spinodal_decomp/compare_L2_error.py , Line : 19, Func.Name : read_specific_lines, Message : digits.append(float(i))']
match None
match None
match None
match None
match <re.Match object; span=(0, 62), match='SAV_Python_2000_dt_5.50e-06_Nx_512_periodic_dtout>
match <re.Match object; span=(0, 62), match='SAV_Python_2000_dt_5.50e-06_Nx_128_periodic_dtout>
match None
match <re.Match object; span=(0, 58), match='NMG_Python_20_dt_5.50e-06_Nx_128_neumann_dtout_15>
Python,20,128,neumann,1,1,50p
NMG_Python_20_dt_5.50e-06_Nx_128_neumann_dtout_150pphi.csv
Exception type : ValueError 
Exception message : could not convert string to float: '(-0.16555375675299416+0j)'
Stack trace : ['File : /sfs/gpfs/tardis/home/xpz5km/Cahn_Hilliard_Model_HPC/spinodal_decomp/compare_L2_error.py , Line : 86, Func.Name : compare_L2_error_at_timepoint, Message : snapshot_SAV = read_specific_lines(f"{root}/{SAV_fname}", line_list)', 'File : /sfs/gpfs/tardis/home/xpz5km/Cahn_Hilliard_Model_HPC/spinodal_decomp/compare_L2_error.py , Line : 19, Func.Name : read_specific_lines, Message : digits.append(float(i))']
match None
match None
match None
match <re.Match object; span=(0, 63), match='SAV_Python_2000_dt_5.50e-06_Nx_64_periodic_dtout_>
Python,2000,64,periodic,2000,2000,25p not recorded; dt_out too large.
match None
match None
match None
match None
match None
match None
match None
match None
match None
match <re.Match object; span=(0, 60), match='NMG_Python_20_dt_5.50e-06_Nx_128_periodic_dtout_2>
Python,20,128,periodic,20,20,75p
NMG_Python_20_dt_5.50e-06_Nx_128_periodic_dtout_2075pphi.csv
Exception type : ValueError 
Exception message : could not convert string to float: '(-0.2259011345264694+0j)'
Stack trace : ['File : /sfs/gpfs/tardis/home/xpz5km/Cahn_Hilliard_Model_HPC/spinodal_decomp/compare_L2_error.py , Line : 86, Func.Name : compare_L2_error_at_timepoint, Message : snapshot_SAV = read_specific_lines(f"{root}/{SAV_fname}", line_list)', 'File : /sfs/gpfs/tardis/home/xpz5km/Cahn_Hilliard_Model_HPC/spinodal_decomp/compare_L2_error.py , Line : 19, Func.Name : read_specific_lines, Message : digits.append(float(i))']
match <re.Match object; span=(0, 62), match='SAV_Python_2000_dt_5.50e-06_Nx_64_neumann_dtout_2>
Python,2000,64,neumann,2000,2000,50p not recorded; dt_out too large.
match <re.Match object; span=(0, 64), match='SAV_Python_2000_dt_5.50e-06_Nx_128_periodic_dtout>
Python,2000,128,periodic,2000,2000,50p not recorded; dt_out too large.
match None
match None
match None
match None
match <re.Match object; span=(0, 60), match='NMG_Python_20_dt_5.50e-06_Nx_256_periodic_dtout_2>
Python,20,256,periodic,20,20,75p
NMG_Python_20_dt_5.50e-06_Nx_256_periodic_dtout_2075pphi.csv
Exception type : ValueError 
Exception message : could not convert string to float: '(0.4813657808640433+0j)'
Stack trace : ['File : /sfs/gpfs/tardis/home/xpz5km/Cahn_Hilliard_Model_HPC/spinodal_decomp/compare_L2_error.py , Line : 86, Func.Name : compare_L2_error_at_timepoint, Message : snapshot_SAV = read_specific_lines(f"{root}/{SAV_fname}", line_list)', 'File : /sfs/gpfs/tardis/home/xpz5km/Cahn_Hilliard_Model_HPC/spinodal_decomp/compare_L2_error.py , Line : 19, Func.Name : read_specific_lines, Message : digits.append(float(i))']
match <re.Match object; span=(0, 58), match='NMG_Python_20_dt_5.50e-06_Nx_512_neumann_dtout_17>
Python,20,512,neumann,1,1,75p
NMG_Python_20_dt_5.50e-06_Nx_512_neumann_dtout_175pphi.csv
Exception type : ValueError 
Exception message : could not convert string to float: '(0.9181031883946874+0j)'
Stack trace : ['File : /sfs/gpfs/tardis/home/xpz5km/Cahn_Hilliard_Model_HPC/spinodal_decomp/compare_L2_error.py , Line : 86, Func.Name : compare_L2_error_at_timepoint, Message : snapshot_SAV = read_specific_lines(f"{root}/{SAV_fname}", line_list)', 'File : /sfs/gpfs/tardis/home/xpz5km/Cahn_Hilliard_Model_HPC/spinodal_decomp/compare_L2_error.py , Line : 19, Func.Name : read_specific_lines, Message : digits.append(float(i))']
match <re.Match object; span=(0, 58), match='NMG_Python_20_dt_5.50e-06_Nx_64_neumann_dtout_202>
Python,20,64,neumann,20,20,25p
NMG_Python_20_dt_5.50e-06_Nx_64_neumann_dtout_2025pphi.csv
Exception type : ValueError 
Exception message : could not convert string to float: '(-0.9129498158047057+0j)'
Stack trace : ['File : /sfs/gpfs/tardis/home/xpz5km/Cahn_Hilliard_Model_HPC/spinodal_decomp/compare_L2_error.py , Line : 86, Func.Name : compare_L2_error_at_timepoint, Message : snapshot_SAV = read_specific_lines(f"{root}/{SAV_fname}", line_list)', 'File : /sfs/gpfs/tardis/home/xpz5km/Cahn_Hilliard_Model_HPC/spinodal_decomp/compare_L2_error.py , Line : 19, Func.Name : read_specific_lines, Message : digits.append(float(i))']
match <re.Match object; span=(0, 58), match='NMG_Python_20_dt_5.50e-06_Nx_64_neumann_dtout_207>
Python,20,64,neumann,20,20,75p
NMG_Python_20_dt_5.50e-06_Nx_64_neumann_dtout_2075pphi.csv
Exception type : ValueError 
Exception message : could not convert string to float: '(-0.3181784942992353+0j)'
Stack trace : ['File : /sfs/gpfs/tardis/home/xpz5km/Cahn_Hilliard_Model_HPC/spinodal_decomp/compare_L2_error.py , Line : 86, Func.Name : compare_L2_error_at_timepoint, Message : snapshot_SAV = read_specific_lines(f"{root}/{SAV_fname}", line_list)', 'File : /sfs/gpfs/tardis/home/xpz5km/Cahn_Hilliard_Model_HPC/spinodal_decomp/compare_L2_error.py , Line : 19, Func.Name : read_specific_lines, Message : digits.append(float(i))']
match None
match None
match <re.Match object; span=(0, 62), match='SAV_Python_2000_dt_5.50e-06_Nx_128_periodic_dtout>
match <re.Match object; span=(0, 60), match='SAV_Python_2000_dt_5.50e-06_Nx_64_neumann_dtout_1>
match <re.Match object; span=(0, 63), match='SAV_Python_2000_dt_5.50e-06_Nx_64_periodic_dtout_>
Python,2000,64,periodic,2000,2000,50p not recorded; dt_out too large.
match <re.Match object; span=(0, 60), match='NMG_Python_20_dt_5.50e-06_Nx_512_periodic_dtout_2>
Python,20,512,periodic,20,20,75p
NMG_Python_20_dt_5.50e-06_Nx_512_periodic_dtout_2075pphi.csv
Exception type : ValueError 
Exception message : could not convert string to float: '(0.5212796069949747+0j)'
Stack trace : ['File : /sfs/gpfs/tardis/home/xpz5km/Cahn_Hilliard_Model_HPC/spinodal_decomp/compare_L2_error.py , Line : 86, Func.Name : compare_L2_error_at_timepoint, Message : snapshot_SAV = read_specific_lines(f"{root}/{SAV_fname}", line_list)', 'File : /sfs/gpfs/tardis/home/xpz5km/Cahn_Hilliard_Model_HPC/spinodal_decomp/compare_L2_error.py , Line : 19, Func.Name : read_specific_lines, Message : digits.append(float(i))']
match None
match <re.Match object; span=(0, 59), match='NMG_Python_20_dt_5.50e-06_Nx_512_neumann_dtout_20>
Python,20,512,neumann,20,20,25p
NMG_Python_20_dt_5.50e-06_Nx_512_neumann_dtout_2025pphi.csv
Exception type : ValueError 
Exception message : could not convert string to float: '(-0.19931155268433487+0j)'
Stack trace : ['File : /sfs/gpfs/tardis/home/xpz5km/Cahn_Hilliard_Model_HPC/spinodal_decomp/compare_L2_error.py , Line : 86, Func.Name : compare_L2_error_at_timepoint, Message : snapshot_SAV = read_specific_lines(f"{root}/{SAV_fname}", line_list)', 'File : /sfs/gpfs/tardis/home/xpz5km/Cahn_Hilliard_Model_HPC/spinodal_decomp/compare_L2_error.py , Line : 19, Func.Name : read_specific_lines, Message : digits.append(float(i))']
match <re.Match object; span=(0, 58), match='NMG_Python_20_dt_5.50e-06_Nx_512_neumann_dtout_15>
Python,20,512,neumann,1,1,50p
NMG_Python_20_dt_5.50e-06_Nx_512_neumann_dtout_150pphi.csv
Exception type : ValueError 
Exception message : could not convert string to float: '(0.8407662917574255+0j)'
Stack trace : ['File : /sfs/gpfs/tardis/home/xpz5km/Cahn_Hilliard_Model_HPC/spinodal_decomp/compare_L2_error.py , Line : 86, Func.Name : compare_L2_error_at_timepoint, Message : snapshot_SAV = read_specific_lines(f"{root}/{SAV_fname}", line_list)', 'File : /sfs/gpfs/tardis/home/xpz5km/Cahn_Hilliard_Model_HPC/spinodal_decomp/compare_L2_error.py , Line : 19, Func.Name : read_specific_lines, Message : digits.append(float(i))']
match <re.Match object; span=(0, 58), match='NMG_Python_20_dt_5.50e-06_Nx_64_periodic_dtout_12>
Python,20,64,periodic,1,1,25p
NMG_Python_20_dt_5.50e-06_Nx_64_periodic_dtout_125pphi.csv
Exception type : ValueError 
Exception message : could not convert string to float: '(-0.5401171619655317+0j)'
Stack trace : ['File : /sfs/gpfs/tardis/home/xpz5km/Cahn_Hilliard_Model_HPC/spinodal_decomp/compare_L2_error.py , Line : 86, Func.Name : compare_L2_error_at_timepoint, Message : snapshot_SAV = read_specific_lines(f"{root}/{SAV_fname}", line_list)', 'File : /sfs/gpfs/tardis/home/xpz5km/Cahn_Hilliard_Model_HPC/spinodal_decomp/compare_L2_error.py , Line : 19, Func.Name : read_specific_lines, Message : digits.append(float(i))']
match None
match <re.Match object; span=(0, 62), match='SAV_Python_2000_dt_5.50e-06_Nx_256_periodic_dtout>
match <re.Match object; span=(0, 63), match='SAV_Python_2000_dt_5.50e-06_Nx_128_neumann_dtout_>
Python,2000,128,neumann,2000,2000,75p not recorded; dt_out too large.
match <re.Match object; span=(0, 60), match='NMG_Python_20_dt_5.50e-06_Nx_128_periodic_dtout_2>
Python,20,128,periodic,20,20,50p
NMG_Python_20_dt_5.50e-06_Nx_128_periodic_dtout_2050pphi.csv
Exception type : ValueError 
Exception message : could not convert string to float: '(-0.3095721867886947+0j)'
Stack trace : ['File : /sfs/gpfs/tardis/home/xpz5km/Cahn_Hilliard_Model_HPC/spinodal_decomp/compare_L2_error.py , Line : 86, Func.Name : compare_L2_error_at_timepoint, Message : snapshot_SAV = read_specific_lines(f"{root}/{SAV_fname}", line_list)', 'File : /sfs/gpfs/tardis/home/xpz5km/Cahn_Hilliard_Model_HPC/spinodal_decomp/compare_L2_error.py , Line : 19, Func.Name : read_specific_lines, Message : digits.append(float(i))']
match None
match None
match None
match <re.Match object; span=(0, 60), match='NMG_Python_20_dt_5.50e-06_Nx_256_periodic_dtout_2>
Python,20,256,periodic,20,20,50p
NMG_Python_20_dt_5.50e-06_Nx_256_periodic_dtout_2050pphi.csv
Exception type : ValueError 
Exception message : could not convert string to float: '(0.010506962033912721+0j)'
Stack trace : ['File : /sfs/gpfs/tardis/home/xpz5km/Cahn_Hilliard_Model_HPC/spinodal_decomp/compare_L2_error.py , Line : 86, Func.Name : compare_L2_error_at_timepoint, Message : snapshot_SAV = read_specific_lines(f"{root}/{SAV_fname}", line_list)', 'File : /sfs/gpfs/tardis/home/xpz5km/Cahn_Hilliard_Model_HPC/spinodal_decomp/compare_L2_error.py , Line : 19, Func.Name : read_specific_lines, Message : digits.append(float(i))']
match None
match <re.Match object; span=(0, 62), match='SAV_Python_2000_dt_5.50e-06_Nx_256_periodic_dtout>
match None
match <re.Match object; span=(0, 63), match='SAV_Python_2000_dt_5.50e-06_Nx_256_neumann_dtout_>
Python,2000,256,neumann,2000,2000,50p not recorded; dt_out too large.
match None
match None
match <re.Match object; span=(0, 59), match='NMG_Python_20_dt_5.50e-06_Nx_64_periodic_dtout_20>
Python,20,64,periodic,20,20,50p
NMG_Python_20_dt_5.50e-06_Nx_64_periodic_dtout_2050pphi.csv
Exception type : ValueError 
Exception message : could not convert string to float: '(-0.4179450898314091+0j)'
Stack trace : ['File : /sfs/gpfs/tardis/home/xpz5km/Cahn_Hilliard_Model_HPC/spinodal_decomp/compare_L2_error.py , Line : 86, Func.Name : compare_L2_error_at_timepoint, Message : snapshot_SAV = read_specific_lines(f"{root}/{SAV_fname}", line_list)', 'File : /sfs/gpfs/tardis/home/xpz5km/Cahn_Hilliard_Model_HPC/spinodal_decomp/compare_L2_error.py , Line : 19, Func.Name : read_specific_lines, Message : digits.append(float(i))']
match <re.Match object; span=(0, 63), match='SAV_Python_2000_dt_5.50e-06_Nx_512_neumann_dtout_>
Python,2000,512,neumann,2000,2000,25p not recorded; dt_out too large.
match None
match <re.Match object; span=(0, 59), match='NMG_Python_20_dt_5.50e-06_Nx_512_neumann_dtout_20>
Python,20,512,neumann,20,20,75p
NMG_Python_20_dt_5.50e-06_Nx_512_neumann_dtout_2075pphi.csv
Exception type : ValueError 
Exception message : could not convert string to float: '(0.6537176705314839+0j)'
Stack trace : ['File : /sfs/gpfs/tardis/home/xpz5km/Cahn_Hilliard_Model_HPC/spinodal_decomp/compare_L2_error.py , Line : 86, Func.Name : compare_L2_error_at_timepoint, Message : snapshot_SAV = read_specific_lines(f"{root}/{SAV_fname}", line_list)', 'File : /sfs/gpfs/tardis/home/xpz5km/Cahn_Hilliard_Model_HPC/spinodal_decomp/compare_L2_error.py , Line : 19, Func.Name : read_specific_lines, Message : digits.append(float(i))']
match None
match None
match <re.Match object; span=(0, 59), match='NMG_Python_20_dt_5.50e-06_Nx_256_neumann_dtout_20>
Python,20,256,neumann,20,20,25p
NMG_Python_20_dt_5.50e-06_Nx_256_neumann_dtout_2025pphi.csv
Exception type : ValueError 
Exception message : could not convert string to float: '(-0.32927592388756166+0j)'
Stack trace : ['File : /sfs/gpfs/tardis/home/xpz5km/Cahn_Hilliard_Model_HPC/spinodal_decomp/compare_L2_error.py , Line : 86, Func.Name : compare_L2_error_at_timepoint, Message : snapshot_SAV = read_specific_lines(f"{root}/{SAV_fname}", line_list)', 'File : /sfs/gpfs/tardis/home/xpz5km/Cahn_Hilliard_Model_HPC/spinodal_decomp/compare_L2_error.py , Line : 19, Func.Name : read_specific_lines, Message : digits.append(float(i))']
match <re.Match object; span=(0, 61), match='SAV_Python_2000_dt_5.50e-06_Nx_512_neumann_dtout_>
match None
match None
match None
match <re.Match object; span=(0, 62), match='SAV_Python_2000_dt_5.50e-06_Nx_64_neumann_dtout_2>
Python,2000,64,neumann,2000,2000,75p not recorded; dt_out too large.
match None
match None
match None
match None
match None
match None
match None
match None
match <re.Match object; span=(0, 59), match='NMG_Python_20_dt_5.50e-06_Nx_128_neumann_dtout_20>
Python,20,128,neumann,20,20,25p
NMG_Python_20_dt_5.50e-06_Nx_128_neumann_dtout_2025pphi.csv
Exception type : ValueError 
Exception message : could not convert string to float: '(-0.10276645075364461+0j)'
Stack trace : ['File : /sfs/gpfs/tardis/home/xpz5km/Cahn_Hilliard_Model_HPC/spinodal_decomp/compare_L2_error.py , Line : 86, Func.Name : compare_L2_error_at_timepoint, Message : snapshot_SAV = read_specific_lines(f"{root}/{SAV_fname}", line_list)', 'File : /sfs/gpfs/tardis/home/xpz5km/Cahn_Hilliard_Model_HPC/spinodal_decomp/compare_L2_error.py , Line : 19, Func.Name : read_specific_lines, Message : digits.append(float(i))']
match None
match <re.Match object; span=(0, 62), match='SAV_Python_2000_dt_5.50e-06_Nx_256_periodic_dtout>
match <re.Match object; span=(0, 59), match='NMG_Python_20_dt_5.50e-06_Nx_64_periodic_dtout_20>
Python,20,64,periodic,20,20,75p
NMG_Python_20_dt_5.50e-06_Nx_64_periodic_dtout_2075pphi.csv
Exception type : ValueError 
Exception message : could not convert string to float: '(0.36662716665050266+0j)'
Stack trace : ['File : /sfs/gpfs/tardis/home/xpz5km/Cahn_Hilliard_Model_HPC/spinodal_decomp/compare_L2_error.py , Line : 86, Func.Name : compare_L2_error_at_timepoint, Message : snapshot_SAV = read_specific_lines(f"{root}/{SAV_fname}", line_list)', 'File : /sfs/gpfs/tardis/home/xpz5km/Cahn_Hilliard_Model_HPC/spinodal_decomp/compare_L2_error.py , Line : 19, Func.Name : read_specific_lines, Message : digits.append(float(i))']
match None
match <re.Match object; span=(0, 59), match='NMG_Python_20_dt_5.50e-06_Nx_256_periodic_dtout_1>
Python,20,256,periodic,1,1,75p
NMG_Python_20_dt_5.50e-06_Nx_256_periodic_dtout_175pphi.csv
Exception type : ValueError 
Exception message : could not convert string to float: '(0.5663465408521762+0j)'
Stack trace : ['File : /sfs/gpfs/tardis/home/xpz5km/Cahn_Hilliard_Model_HPC/spinodal_decomp/compare_L2_error.py , Line : 86, Func.Name : compare_L2_error_at_timepoint, Message : snapshot_SAV = read_specific_lines(f"{root}/{SAV_fname}", line_list)', 'File : /sfs/gpfs/tardis/home/xpz5km/Cahn_Hilliard_Model_HPC/spinodal_decomp/compare_L2_error.py , Line : 19, Func.Name : read_specific_lines, Message : digits.append(float(i))']
match <re.Match object; span=(0, 58), match='NMG_Python_20_dt_5.50e-06_Nx_64_periodic_dtout_15>
Python,20,64,periodic,1,1,50p
NMG_Python_20_dt_5.50e-06_Nx_64_periodic_dtout_150pphi.csv
Exception type : ValueError 
Exception message : could not convert string to float: '(-0.25738867355740924+0j)'
Stack trace : ['File : /sfs/gpfs/tardis/home/xpz5km/Cahn_Hilliard_Model_HPC/spinodal_decomp/compare_L2_error.py , Line : 86, Func.Name : compare_L2_error_at_timepoint, Message : snapshot_SAV = read_specific_lines(f"{root}/{SAV_fname}", line_list)', 'File : /sfs/gpfs/tardis/home/xpz5km/Cahn_Hilliard_Model_HPC/spinodal_decomp/compare_L2_error.py , Line : 19, Func.Name : read_specific_lines, Message : digits.append(float(i))']
match <re.Match object; span=(0, 60), match='SAV_Python_2000_dt_5.50e-06_Nx_64_neumann_dtout_1>
match <re.Match object; span=(0, 59), match='NMG_Python_20_dt_5.50e-06_Nx_128_periodic_dtout_1>
Python,20,128,periodic,1,1,25p
NMG_Python_20_dt_5.50e-06_Nx_128_periodic_dtout_125pphi.csv
Exception type : ValueError 
Exception message : could not convert string to float: '(-0.524824493958855+0j)'
Stack trace : ['File : /sfs/gpfs/tardis/home/xpz5km/Cahn_Hilliard_Model_HPC/spinodal_decomp/compare_L2_error.py , Line : 86, Func.Name : compare_L2_error_at_timepoint, Message : snapshot_SAV = read_specific_lines(f"{root}/{SAV_fname}", line_list)', 'File : /sfs/gpfs/tardis/home/xpz5km/Cahn_Hilliard_Model_HPC/spinodal_decomp/compare_L2_error.py , Line : 19, Func.Name : read_specific_lines, Message : digits.append(float(i))']
match None
match None
match None
match None
match None
match <re.Match object; span=(0, 61), match='SAV_Python_2000_dt_5.50e-06_Nx_128_neumann_dtout_>
match None
match <re.Match object; span=(0, 60), match='SAV_Python_2000_dt_5.50e-06_Nx_64_neumann_dtout_1>
match None
13
match None
match None
match <re.Match object; span=(0, 59), match='NMG_Python_20_dt_5.50e-06_Nx_256_neumann_dtout_20>
Python,20,256,neumann,20,20,75p
NMG_Python_20_dt_5.50e-06_Nx_256_neumann_dtout_2075pphi.csv
Exception type : ValueError 
Exception message : could not convert string to float: '(0.41950652511946407+0j)'
Stack trace : ['File : /sfs/gpfs/tardis/home/xpz5km/Cahn_Hilliard_Model_HPC/spinodal_decomp/compare_L2_error.py , Line : 86, Func.Name : compare_L2_error_at_timepoint, Message : snapshot_SAV = read_specific_lines(f"{root}/{SAV_fname}", line_list)', 'File : /sfs/gpfs/tardis/home/xpz5km/Cahn_Hilliard_Model_HPC/spinodal_decomp/compare_L2_error.py , Line : 19, Func.Name : read_specific_lines, Message : digits.append(float(i))']
match None
match None
match None
match None
match None
match None
match None
match <re.Match object; span=(0, 62), match='SAV_Python_2000_dt_5.50e-06_Nx_128_periodic_dtout>
match None
match None
match None
match None
match None
match None
match None
match None
match None
match None
match <re.Match object; span=(0, 63), match='SAV_Python_2000_dt_5.50e-06_Nx_256_neumann_dtout_>
Python,2000,256,neumann,2000,2000,25p not recorded; dt_out too large.
match <re.Match object; span=(0, 61), match='SAV_Python_2000_dt_5.50e-06_Nx_128_neumann_dtout_>
match <re.Match object; span=(0, 60), match='NMG_Python_20_dt_5.50e-06_Nx_128_periodic_dtout_2>
Python,20,128,periodic,20,20,25p
NMG_Python_20_dt_5.50e-06_Nx_128_periodic_dtout_2025pphi.csv
Exception type : ValueError 
Exception message : could not convert string to float: '(-0.5392675015155758+0j)'
Stack trace : ['File : /sfs/gpfs/tardis/home/xpz5km/Cahn_Hilliard_Model_HPC/spinodal_decomp/compare_L2_error.py , Line : 86, Func.Name : compare_L2_error_at_timepoint, Message : snapshot_SAV = read_specific_lines(f"{root}/{SAV_fname}", line_list)', 'File : /sfs/gpfs/tardis/home/xpz5km/Cahn_Hilliard_Model_HPC/spinodal_decomp/compare_L2_error.py , Line : 19, Func.Name : read_specific_lines, Message : digits.append(float(i))']
match None
match None
match <re.Match object; span=(0, 64), match='SAV_Python_2000_dt_5.50e-06_Nx_256_periodic_dtout>
Python,2000,256,periodic,2000,2000,50p not recorded; dt_out too large.
match None
match <re.Match object; span=(0, 60), match='NMG_Python_20_dt_5.50e-06_Nx_256_periodic_dtout_2>
Python,20,256,periodic,20,20,25p
NMG_Python_20_dt_5.50e-06_Nx_256_periodic_dtout_2025pphi.csv
Exception type : ValueError 
Exception message : could not convert string to float: '(-0.4170151417869721+0j)'
Stack trace : ['File : /sfs/gpfs/tardis/home/xpz5km/Cahn_Hilliard_Model_HPC/spinodal_decomp/compare_L2_error.py , Line : 86, Func.Name : compare_L2_error_at_timepoint, Message : snapshot_SAV = read_specific_lines(f"{root}/{SAV_fname}", line_list)', 'File : /sfs/gpfs/tardis/home/xpz5km/Cahn_Hilliard_Model_HPC/spinodal_decomp/compare_L2_error.py , Line : 19, Func.Name : read_specific_lines, Message : digits.append(float(i))']
match <re.Match object; span=(0, 59), match='NMG_Python_20_dt_5.50e-06_Nx_512_neumann_dtout_20>
Python,20,512,neumann,20,20,50p
NMG_Python_20_dt_5.50e-06_Nx_512_neumann_dtout_2050pphi.csv
Exception type : ValueError 
Exception message : could not convert string to float: '(0.3765941854894782+0j)'
Stack trace : ['File : /sfs/gpfs/tardis/home/xpz5km/Cahn_Hilliard_Model_HPC/spinodal_decomp/compare_L2_error.py , Line : 86, Func.Name : compare_L2_error_at_timepoint, Message : snapshot_SAV = read_specific_lines(f"{root}/{SAV_fname}", line_list)', 'File : /sfs/gpfs/tardis/home/xpz5km/Cahn_Hilliard_Model_HPC/spinodal_decomp/compare_L2_error.py , Line : 19, Func.Name : read_specific_lines, Message : digits.append(float(i))']
match None
match None
match None
match None
match None
match None
match <re.Match object; span=(0, 64), match='SAV_Python_2000_dt_5.50e-06_Nx_512_periodic_dtout>
Python,2000,512,periodic,2000,2000,25p not recorded; dt_out too large.
match None
match None
match <re.Match object; span=(0, 63), match='SAV_Python_2000_dt_5.50e-06_Nx_64_periodic_dtout_>
Python,2000,64,periodic,2000,2000,75p not recorded; dt_out too large.
match None
match <re.Match object; span=(0, 64), match='SAV_Python_2000_dt_5.50e-06_Nx_256_periodic_dtout>
Python,2000,256,periodic,2000,2000,25p not recorded; dt_out too large.
match None
match None
match None
match None
match None
match None
match None
match None
match None
match None
match None
match None
match None
match None
match None
match None
match <re.Match object; span=(0, 61), match='SAV_Python_2000_dt_5.50e-06_Nx_64_periodic_dtout_>
match None
match None
match <re.Match object; span=(0, 63), match='SAV_Python_2000_dt_5.50e-06_Nx_256_neumann_dtout_>
Python,2000,256,neumann,2000,2000,75p not recorded; dt_out too large.
match None
match None
match <re.Match object; span=(0, 64), match='SAV_Python_2000_dt_5.50e-06_Nx_128_periodic_dtout>
Python,2000,128,periodic,2000,2000,75p not recorded; dt_out too large.
match None
match None
match None
match None
match None
match None
match <re.Match object; span=(0, 58), match='NMG_Python_20_dt_5.50e-06_Nx_128_neumann_dtout_12>
Python,20,128,neumann,1,1,25p
NMG_Python_20_dt_5.50e-06_Nx_128_neumann_dtout_125pphi.csv
Exception type : ValueError 
Exception message : could not convert string to float: '(-0.213759026841147+0j)'
Stack trace : ['File : /sfs/gpfs/tardis/home/xpz5km/Cahn_Hilliard_Model_HPC/spinodal_decomp/compare_L2_error.py , Line : 86, Func.Name : compare_L2_error_at_timepoint, Message : snapshot_SAV = read_specific_lines(f"{root}/{SAV_fname}", line_list)', 'File : /sfs/gpfs/tardis/home/xpz5km/Cahn_Hilliard_Model_HPC/spinodal_decomp/compare_L2_error.py , Line : 19, Func.Name : read_specific_lines, Message : digits.append(float(i))']
match <re.Match object; span=(0, 64), match='SAV_Python_2000_dt_5.50e-06_Nx_256_periodic_dtout>
Python,2000,256,periodic,2000,2000,75p not recorded; dt_out too large.
match None
match None
match None
match None
match None
match <re.Match object; span=(0, 59), match='NMG_Python_20_dt_5.50e-06_Nx_256_neumann_dtout_20>
Python,20,256,neumann,20,20,50p
NMG_Python_20_dt_5.50e-06_Nx_256_neumann_dtout_2050pphi.csv
Exception type : ValueError 
Exception message : could not convert string to float: '(0.07069788833767843+0j)'
Stack trace : ['File : /sfs/gpfs/tardis/home/xpz5km/Cahn_Hilliard_Model_HPC/spinodal_decomp/compare_L2_error.py , Line : 86, Func.Name : compare_L2_error_at_timepoint, Message : snapshot_SAV = read_specific_lines(f"{root}/{SAV_fname}", line_list)', 'File : /sfs/gpfs/tardis/home/xpz5km/Cahn_Hilliard_Model_HPC/spinodal_decomp/compare_L2_error.py , Line : 19, Func.Name : read_specific_lines, Message : digits.append(float(i))']
match None
match None
match <re.Match object; span=(0, 61), match='SAV_Python_2000_dt_5.50e-06_Nx_64_periodic_dtout_>
match None
match <re.Match object; span=(0, 63), match='SAV_Python_2000_dt_5.50e-06_Nx_128_neumann_dtout_>
Python,2000,128,neumann,2000,2000,25p not recorded; dt_out too large.
match None
match None
match None
match None
match <re.Match object; span=(0, 58), match='NMG_Python_20_dt_5.50e-06_Nx_64_periodic_dtout_17>
Python,20,64,periodic,1,1,75p
NMG_Python_20_dt_5.50e-06_Nx_64_periodic_dtout_175pphi.csv
Exception type : ValueError 
Exception message : could not convert string to float: '(0.5349085170863335+0j)'
Stack trace : ['File : /sfs/gpfs/tardis/home/xpz5km/Cahn_Hilliard_Model_HPC/spinodal_decomp/compare_L2_error.py , Line : 86, Func.Name : compare_L2_error_at_timepoint, Message : snapshot_SAV = read_specific_lines(f"{root}/{SAV_fname}", line_list)', 'File : /sfs/gpfs/tardis/home/xpz5km/Cahn_Hilliard_Model_HPC/spinodal_decomp/compare_L2_error.py , Line : 19, Func.Name : read_specific_lines, Message : digits.append(float(i))']
match <re.Match object; span=(0, 61), match='SAV_Python_2000_dt_5.50e-06_Nx_256_neumann_dtout_>
match None
match None
match None
match None
match None
match <re.Match object; span=(0, 59), match='NMG_Python_20_dt_5.50e-06_Nx_256_periodic_dtout_1>
Python,20,256,periodic,1,1,50p
NMG_Python_20_dt_5.50e-06_Nx_256_periodic_dtout_150pphi.csv
Exception type : ValueError 
Exception message : could not convert string to float: '(-0.18665027918619126+0j)'
Stack trace : ['File : /sfs/gpfs/tardis/home/xpz5km/Cahn_Hilliard_Model_HPC/spinodal_decomp/compare_L2_error.py , Line : 86, Func.Name : compare_L2_error_at_timepoint, Message : snapshot_SAV = read_specific_lines(f"{root}/{SAV_fname}", line_list)', 'File : /sfs/gpfs/tardis/home/xpz5km/Cahn_Hilliard_Model_HPC/spinodal_decomp/compare_L2_error.py , Line : 19, Func.Name : read_specific_lines, Message : digits.append(float(i))']
match <re.Match object; span=(0, 61), match='SAV_Python_2000_dt_5.50e-06_Nx_64_periodic_dtout_>
match None
match <re.Match object; span=(0, 58), match='NMG_Python_20_dt_5.50e-06_Nx_128_neumann_dtout_17>
Python,20,128,neumann,1,1,75p
NMG_Python_20_dt_5.50e-06_Nx_128_neumann_dtout_175pphi.csv
Exception type : ValueError 
Exception message : could not convert string to float: '(0.6999987941492098+0j)'
Stack trace : ['File : /sfs/gpfs/tardis/home/xpz5km/Cahn_Hilliard_Model_HPC/spinodal_decomp/compare_L2_error.py , Line : 86, Func.Name : compare_L2_error_at_timepoint, Message : snapshot_SAV = read_specific_lines(f"{root}/{SAV_fname}", line_list)', 'File : /sfs/gpfs/tardis/home/xpz5km/Cahn_Hilliard_Model_HPC/spinodal_decomp/compare_L2_error.py , Line : 19, Func.Name : read_specific_lines, Message : digits.append(float(i))']
match None
match None
match <re.Match object; span=(0, 61), match='SAV_Python_2000_dt_5.50e-06_Nx_512_neumann_dtout_>
match None
match None
match None
match None
match None
match None
match None
match None
match None
match None
match <re.Match object; span=(0, 61), match='SAV_Python_2000_dt_5.50e-06_Nx_256_neumann_dtout_>
match None
match <re.Match object; span=(0, 57), match='NMG_Python_20_dt_5.50e-06_Nx_64_neumann_dtout_150>
Python,20,64,neumann,1,1,50p
NMG_Python_20_dt_5.50e-06_Nx_64_neumann_dtout_150pphi.csv
Exception type : ValueError 
Exception message : could not convert string to float: '(-0.42364180918404226+0j)'
Stack trace : ['File : /sfs/gpfs/tardis/home/xpz5km/Cahn_Hilliard_Model_HPC/spinodal_decomp/compare_L2_error.py , Line : 86, Func.Name : compare_L2_error_at_timepoint, Message : snapshot_SAV = read_specific_lines(f"{root}/{SAV_fname}", line_list)', 'File : /sfs/gpfs/tardis/home/xpz5km/Cahn_Hilliard_Model_HPC/spinodal_decomp/compare_L2_error.py , Line : 19, Func.Name : read_specific_lines, Message : digits.append(float(i))']
match None
match <re.Match object; span=(0, 58), match='NMG_Python_20_dt_5.50e-06_Nx_256_neumann_dtout_15>
Python,20,256,neumann,1,1,50p
NMG_Python_20_dt_5.50e-06_Nx_256_neumann_dtout_150pphi.csv
Exception type : ValueError 
Exception message : could not convert string to float: '(0.03239201445696663+0j)'
Stack trace : ['File : /sfs/gpfs/tardis/home/xpz5km/Cahn_Hilliard_Model_HPC/spinodal_decomp/compare_L2_error.py , Line : 86, Func.Name : compare_L2_error_at_timepoint, Message : snapshot_SAV = read_specific_lines(f"{root}/{SAV_fname}", line_list)', 'File : /sfs/gpfs/tardis/home/xpz5km/Cahn_Hilliard_Model_HPC/spinodal_decomp/compare_L2_error.py , Line : 19, Func.Name : read_specific_lines, Message : digits.append(float(i))']
match <re.Match object; span=(0, 58), match='NMG_Python_20_dt_5.50e-06_Nx_512_neumann_dtout_12>
Python,20,512,neumann,1,1,25p
NMG_Python_20_dt_5.50e-06_Nx_512_neumann_dtout_125pphi.csv
Exception type : ValueError 
Exception message : could not convert string to float: '(0.8106383792190641+0j)'
Stack trace : ['File : /sfs/gpfs/tardis/home/xpz5km/Cahn_Hilliard_Model_HPC/spinodal_decomp/compare_L2_error.py , Line : 86, Func.Name : compare_L2_error_at_timepoint, Message : snapshot_SAV = read_specific_lines(f"{root}/{SAV_fname}", line_list)', 'File : /sfs/gpfs/tardis/home/xpz5km/Cahn_Hilliard_Model_HPC/spinodal_decomp/compare_L2_error.py , Line : 19, Func.Name : read_specific_lines, Message : digits.append(float(i))']
match None
match None
match <re.Match object; span=(0, 62), match='SAV_Python_2000_dt_5.50e-06_Nx_512_periodic_dtout>
match None
match None
match <re.Match object; span=(0, 63), match='SAV_Python_2000_dt_5.50e-06_Nx_128_neumann_dtout_>
Python,2000,128,neumann,2000,2000,50p not recorded; dt_out too large.
match None
match None
match <re.Match object; span=(0, 64), match='SAV_Python_2000_dt_5.50e-06_Nx_512_periodic_dtout>
Python,2000,512,periodic,2000,2000,50p not recorded; dt_out too large.
match <re.Match object; span=(0, 61), match='SAV_Python_2000_dt_5.50e-06_Nx_512_neumann_dtout_>
match None
match None
match None
match None
match <re.Match object; span=(0, 58), match='NMG_Python_20_dt_5.50e-06_Nx_256_neumann_dtout_17>
Python,20,256,neumann,1,1,75p
NMG_Python_20_dt_5.50e-06_Nx_256_neumann_dtout_175pphi.csv
Exception type : ValueError 
Exception message : could not convert string to float: '(0.4799646527481243+0j)'
Stack trace : ['File : /sfs/gpfs/tardis/home/xpz5km/Cahn_Hilliard_Model_HPC/spinodal_decomp/compare_L2_error.py , Line : 86, Func.Name : compare_L2_error_at_timepoint, Message : snapshot_SAV = read_specific_lines(f"{root}/{SAV_fname}", line_list)', 'File : /sfs/gpfs/tardis/home/xpz5km/Cahn_Hilliard_Model_HPC/spinodal_decomp/compare_L2_error.py , Line : 19, Func.Name : read_specific_lines, Message : digits.append(float(i))']
match None
match <re.Match object; span=(0, 61), match='SAV_Python_2000_dt_5.50e-06_Nx_128_neumann_dtout_>
match None
match None
match None
match None
match None
match <re.Match object; span=(0, 59), match='NMG_Python_20_dt_5.50e-06_Nx_128_neumann_dtout_20>
Python,20,128,neumann,20,20,50p
NMG_Python_20_dt_5.50e-06_Nx_128_neumann_dtout_2050pphi.csv
Exception type : ValueError 
Exception message : could not convert string to float: '(0.4578281761662219+0j)'
Stack trace : ['File : /sfs/gpfs/tardis/home/xpz5km/Cahn_Hilliard_Model_HPC/spinodal_decomp/compare_L2_error.py , Line : 86, Func.Name : compare_L2_error_at_timepoint, Message : snapshot_SAV = read_specific_lines(f"{root}/{SAV_fname}", line_list)', 'File : /sfs/gpfs/tardis/home/xpz5km/Cahn_Hilliard_Model_HPC/spinodal_decomp/compare_L2_error.py , Line : 19, Func.Name : read_specific_lines, Message : digits.append(float(i))']
match None
match <re.Match object; span=(0, 59), match='NMG_Python_20_dt_5.50e-06_Nx_128_periodic_dtout_1>
Python,20,128,periodic,1,1,50p
NMG_Python_20_dt_5.50e-06_Nx_128_periodic_dtout_150pphi.csv
Exception type : ValueError 
Exception message : could not convert string to float: '(-0.2442460751326317+0j)'
Stack trace : ['File : /sfs/gpfs/tardis/home/xpz5km/Cahn_Hilliard_Model_HPC/spinodal_decomp/compare_L2_error.py , Line : 86, Func.Name : compare_L2_error_at_timepoint, Message : snapshot_SAV = read_specific_lines(f"{root}/{SAV_fname}", line_list)', 'File : /sfs/gpfs/tardis/home/xpz5km/Cahn_Hilliard_Model_HPC/spinodal_decomp/compare_L2_error.py , Line : 19, Func.Name : read_specific_lines, Message : digits.append(float(i))']
match <re.Match object; span=(0, 58), match='NMG_Python_20_dt_5.50e-06_Nx_256_neumann_dtout_12>
Python,20,256,neumann,1,1,25p
NMG_Python_20_dt_5.50e-06_Nx_256_neumann_dtout_125pphi.csv
Exception type : ValueError 
Exception message : could not convert string to float: '(-0.4310808339041157+0j)'
Stack trace : ['File : /sfs/gpfs/tardis/home/xpz5km/Cahn_Hilliard_Model_HPC/spinodal_decomp/compare_L2_error.py , Line : 86, Func.Name : compare_L2_error_at_timepoint, Message : snapshot_SAV = read_specific_lines(f"{root}/{SAV_fname}", line_list)', 'File : /sfs/gpfs/tardis/home/xpz5km/Cahn_Hilliard_Model_HPC/spinodal_decomp/compare_L2_error.py , Line : 19, Func.Name : read_specific_lines, Message : digits.append(float(i))']
match None
match <re.Match object; span=(0, 57), match='NMG_Python_20_dt_5.50e-06_Nx_64_neumann_dtout_175>
Python,20,64,neumann,1,1,75p
NMG_Python_20_dt_5.50e-06_Nx_64_neumann_dtout_175pphi.csv
Exception type : ValueError 
Exception message : could not convert string to float: '(0.1627200225252297+0j)'
Stack trace : ['File : /sfs/gpfs/tardis/home/xpz5km/Cahn_Hilliard_Model_HPC/spinodal_decomp/compare_L2_error.py , Line : 86, Func.Name : compare_L2_error_at_timepoint, Message : snapshot_SAV = read_specific_lines(f"{root}/{SAV_fname}", line_list)', 'File : /sfs/gpfs/tardis/home/xpz5km/Cahn_Hilliard_Model_HPC/spinodal_decomp/compare_L2_error.py , Line : 19, Func.Name : read_specific_lines, Message : digits.append(float(i))']
match None
match None
match None
match <re.Match object; span=(0, 59), match='NMG_Python_20_dt_5.50e-06_Nx_256_periodic_dtout_1>
Python,20,256,periodic,1,1,25p
NMG_Python_20_dt_5.50e-06_Nx_256_periodic_dtout_125pphi.csv
Exception type : ValueError 
Exception message : could not convert string to float: '(-0.43306605011142457+0j)'
Stack trace : ['File : /sfs/gpfs/tardis/home/xpz5km/Cahn_Hilliard_Model_HPC/spinodal_decomp/compare_L2_error.py , Line : 86, Func.Name : compare_L2_error_at_timepoint, Message : snapshot_SAV = read_specific_lines(f"{root}/{SAV_fname}", line_list)', 'File : /sfs/gpfs/tardis/home/xpz5km/Cahn_Hilliard_Model_HPC/spinodal_decomp/compare_L2_error.py , Line : 19, Func.Name : read_specific_lines, Message : digits.append(float(i))']
match <re.Match object; span=(0, 59), match='NMG_Python_20_dt_5.50e-06_Nx_64_periodic_dtout_20>
Python,20,64,periodic,20,20,25p
NMG_Python_20_dt_5.50e-06_Nx_64_periodic_dtout_2025pphi.csv
Exception type : ValueError 
Exception message : could not convert string to float: '(-0.2607501952412769+0j)'
Stack trace : ['File : /sfs/gpfs/tardis/home/xpz5km/Cahn_Hilliard_Model_HPC/spinodal_decomp/compare_L2_error.py , Line : 86, Func.Name : compare_L2_error_at_timepoint, Message : snapshot_SAV = read_specific_lines(f"{root}/{SAV_fname}", line_list)', 'File : /sfs/gpfs/tardis/home/xpz5km/Cahn_Hilliard_Model_HPC/spinodal_decomp/compare_L2_error.py , Line : 19, Func.Name : read_specific_lines, Message : digits.append(float(i))']
match None
match None
match <re.Match object; span=(0, 59), match='NMG_Python_20_dt_5.50e-06_Nx_512_periodic_dtout_1>
Python,20,512,periodic,1,1,50p
NMG_Python_20_dt_5.50e-06_Nx_512_periodic_dtout_150pphi.csv
Exception type : ValueError 
Exception message : could not convert string to float: '(0.8183759854044667+0j)'
Stack trace : ['File : /sfs/gpfs/tardis/home/xpz5km/Cahn_Hilliard_Model_HPC/spinodal_decomp/compare_L2_error.py , Line : 86, Func.Name : compare_L2_error_at_timepoint, Message : snapshot_SAV = read_specific_lines(f"{root}/{SAV_fname}", line_list)', 'File : /sfs/gpfs/tardis/home/xpz5km/Cahn_Hilliard_Model_HPC/spinodal_decomp/compare_L2_error.py , Line : 19, Func.Name : read_specific_lines, Message : digits.append(float(i))']
match None
match None
match None
match None
match None
match None
match None
match <re.Match object; span=(0, 63), match='SAV_Python_2000_dt_5.50e-06_Nx_512_neumann_dtout_>
Python,2000,512,neumann,2000,2000,50p not recorded; dt_out too large.
match <re.Match object; span=(0, 62), match='SAV_Python_2000_dt_5.50e-06_Nx_512_periodic_dtout>
match <re.Match object; span=(0, 63), match='SAV_Python_2000_dt_5.50e-06_Nx_512_neumann_dtout_>
Python,2000,512,neumann,2000,2000,75p not recorded; dt_out too large.
match None
match <re.Match object; span=(0, 60), match='NMG_Python_20_dt_5.50e-06_Nx_512_periodic_dtout_2>
Python,20,512,periodic,20,20,25p
NMG_Python_20_dt_5.50e-06_Nx_512_periodic_dtout_2025pphi.csv
Exception type : ValueError 
Exception message : could not convert string to float: '(-0.5924427840366981+0j)'
Stack trace : ['File : /sfs/gpfs/tardis/home/xpz5km/Cahn_Hilliard_Model_HPC/spinodal_decomp/compare_L2_error.py , Line : 86, Func.Name : compare_L2_error_at_timepoint, Message : snapshot_SAV = read_specific_lines(f"{root}/{SAV_fname}", line_list)', 'File : /sfs/gpfs/tardis/home/xpz5km/Cahn_Hilliard_Model_HPC/spinodal_decomp/compare_L2_error.py , Line : 19, Func.Name : read_specific_lines, Message : digits.append(float(i))']
match None
match <re.Match object; span=(0, 58), match='NMG_Python_20_dt_5.50e-06_Nx_64_neumann_dtout_205>
Python,20,64,neumann,20,20,50p
NMG_Python_20_dt_5.50e-06_Nx_64_neumann_dtout_2050pphi.csv
Exception type : ValueError 
Exception message : could not convert string to float: '(-0.8193172180077055+0j)'
Stack trace : ['File : /sfs/gpfs/tardis/home/xpz5km/Cahn_Hilliard_Model_HPC/spinodal_decomp/compare_L2_error.py , Line : 86, Func.Name : compare_L2_error_at_timepoint, Message : snapshot_SAV = read_specific_lines(f"{root}/{SAV_fname}", line_list)', 'File : /sfs/gpfs/tardis/home/xpz5km/Cahn_Hilliard_Model_HPC/spinodal_decomp/compare_L2_error.py , Line : 19, Func.Name : read_specific_lines, Message : digits.append(float(i))']
match <re.Match object; span=(0, 59), match='NMG_Python_20_dt_5.50e-06_Nx_128_neumann_dtout_20>
Python,20,128,neumann,20,20,75p
NMG_Python_20_dt_5.50e-06_Nx_128_neumann_dtout_2075pphi.csv
Exception type : ValueError 
Exception message : could not convert string to float: '(1.0070442820402468+0j)'
Stack trace : ['File : /sfs/gpfs/tardis/home/xpz5km/Cahn_Hilliard_Model_HPC/spinodal_decomp/compare_L2_error.py , Line : 86, Func.Name : compare_L2_error_at_timepoint, Message : snapshot_SAV = read_specific_lines(f"{root}/{SAV_fname}", line_list)', 'File : /sfs/gpfs/tardis/home/xpz5km/Cahn_Hilliard_Model_HPC/spinodal_decomp/compare_L2_error.py , Line : 19, Func.Name : read_specific_lines, Message : digits.append(float(i))']
match <re.Match object; span=(0, 57), match='NMG_Python_20_dt_5.50e-06_Nx_64_neumann_dtout_125>
Python,20,64,neumann,1,1,25p
NMG_Python_20_dt_5.50e-06_Nx_64_neumann_dtout_125pphi.csv
Exception type : ValueError 
Exception message : could not convert string to float: '(-0.6130317841046398+0j)'
Stack trace : ['File : /sfs/gpfs/tardis/home/xpz5km/Cahn_Hilliard_Model_HPC/spinodal_decomp/compare_L2_error.py , Line : 86, Func.Name : compare_L2_error_at_timepoint, Message : snapshot_SAV = read_specific_lines(f"{root}/{SAV_fname}", line_list)', 'File : /sfs/gpfs/tardis/home/xpz5km/Cahn_Hilliard_Model_HPC/spinodal_decomp/compare_L2_error.py , Line : 19, Func.Name : read_specific_lines, Message : digits.append(float(i))']
match None
match None
match None
match <re.Match object; span=(0, 62), match='SAV_Python_2000_dt_5.50e-06_Nx_64_neumann_dtout_2>
Python,2000,64,neumann,2000,2000,25p not recorded; dt_out too large.
match None
match None
match None
match <re.Match object; span=(0, 59), match='NMG_Python_20_dt_5.50e-06_Nx_512_periodic_dtout_1>
Python,20,512,periodic,1,1,25p
NMG_Python_20_dt_5.50e-06_Nx_512_periodic_dtout_125pphi.csv
Exception type : ValueError 
Exception message : could not convert string to float: '(-0.5732968614934966+0j)'
Stack trace : ['File : /sfs/gpfs/tardis/home/xpz5km/Cahn_Hilliard_Model_HPC/spinodal_decomp/compare_L2_error.py , Line : 86, Func.Name : compare_L2_error_at_timepoint, Message : snapshot_SAV = read_specific_lines(f"{root}/{SAV_fname}", line_list)', 'File : /sfs/gpfs/tardis/home/xpz5km/Cahn_Hilliard_Model_HPC/spinodal_decomp/compare_L2_error.py , Line : 19, Func.Name : read_specific_lines, Message : digits.append(float(i))']
match None
match <re.Match object; span=(0, 64), match='SAV_Python_2000_dt_5.50e-06_Nx_128_periodic_dtout>
Python,2000,128,periodic,2000,2000,25p not recorded; dt_out too large.
match <re.Match object; span=(0, 61), match='SAV_Python_2000_dt_5.50e-06_Nx_256_neumann_dtout_>
match None
match None
match None
match None
match <re.Match object; span=(0, 60), match='NMG_Python_20_dt_5.50e-06_Nx_512_periodic_dtout_2>
Python,20,512,periodic,20,20,50p
NMG_Python_20_dt_5.50e-06_Nx_512_periodic_dtout_2050pphi.csv
Exception type : ValueError 
Exception message : could not convert string to float: '(0.14766784652957254+0j)'
Stack trace : ['File : /sfs/gpfs/tardis/home/xpz5km/Cahn_Hilliard_Model_HPC/spinodal_decomp/compare_L2_error.py , Line : 86, Func.Name : compare_L2_error_at_timepoint, Message : snapshot_SAV = read_specific_lines(f"{root}/{SAV_fname}", line_list)', 'File : /sfs/gpfs/tardis/home/xpz5km/Cahn_Hilliard_Model_HPC/spinodal_decomp/compare_L2_error.py , Line : 19, Func.Name : read_specific_lines, Message : digits.append(float(i))']
match <re.Match object; span=(0, 64), match='SAV_Python_2000_dt_5.50e-06_Nx_512_periodic_dtout>
Python,2000,512,periodic,2000,2000,75p not recorded; dt_out too large.
match None
match None
match None
match None
match None
match <re.Match object; span=(0, 59), match='NMG_Python_20_dt_5.50e-06_Nx_128_periodic_dtout_1>
Python,20,128,periodic,1,1,75p
NMG_Python_20_dt_5.50e-06_Nx_128_periodic_dtout_175pphi.csv
Exception type : ValueError 
Exception message : could not convert string to float: '(0.5432869267865731+0j)'
Stack trace : ['File : /sfs/gpfs/tardis/home/xpz5km/Cahn_Hilliard_Model_HPC/spinodal_decomp/compare_L2_error.py , Line : 86, Func.Name : compare_L2_error_at_timepoint, Message : snapshot_SAV = read_specific_lines(f"{root}/{SAV_fname}", line_list)', 'File : /sfs/gpfs/tardis/home/xpz5km/Cahn_Hilliard_Model_HPC/spinodal_decomp/compare_L2_error.py , Line : 19, Func.Name : read_specific_lines, Message : digits.append(float(i))']
match <re.Match object; span=(0, 59), match='NMG_Python_20_dt_5.50e-06_Nx_512_periodic_dtout_1>
Python,20,512,periodic,1,1,75p
NMG_Python_20_dt_5.50e-06_Nx_512_periodic_dtout_175pphi.csv
Exception type : ValueError 
Exception message : could not convert string to float: '(0.7980717124965431+0j)'
Stack trace : ['File : /sfs/gpfs/tardis/home/xpz5km/Cahn_Hilliard_Model_HPC/spinodal_decomp/compare_L2_error.py , Line : 86, Func.Name : compare_L2_error_at_timepoint, Message : snapshot_SAV = read_specific_lines(f"{root}/{SAV_fname}", line_list)', 'File : /sfs/gpfs/tardis/home/xpz5km/Cahn_Hilliard_Model_HPC/spinodal_decomp/compare_L2_error.py , Line : 19, Func.Name : read_specific_lines, Message : digits.append(float(i))']
match None
match None
match None
match None
match <re.Match object; span=(0, 62), match='SAV_Python_2000_dt_5.50e-06_Nx_512_periodic_dtout>
match <re.Match object; span=(0, 62), match='SAV_Python_2000_dt_5.50e-06_Nx_128_periodic_dtout>
match None
match <re.Match object; span=(0, 58), match='NMG_Python_20_dt_5.50e-06_Nx_128_neumann_dtout_15>
Python,20,128,neumann,1,1,50p
NMG_Python_20_dt_5.50e-06_Nx_128_neumann_dtout_150pphi.csv
Exception type : ValueError 
Exception message : could not convert string to float: '(-0.1719046735123017+0j)'
Stack trace : ['File : /sfs/gpfs/tardis/home/xpz5km/Cahn_Hilliard_Model_HPC/spinodal_decomp/compare_L2_error.py , Line : 86, Func.Name : compare_L2_error_at_timepoint, Message : snapshot_SAV = read_specific_lines(f"{root}/{SAV_fname}", line_list)', 'File : /sfs/gpfs/tardis/home/xpz5km/Cahn_Hilliard_Model_HPC/spinodal_decomp/compare_L2_error.py , Line : 19, Func.Name : read_specific_lines, Message : digits.append(float(i))']
match None
match None
match None
match <re.Match object; span=(0, 63), match='SAV_Python_2000_dt_5.50e-06_Nx_64_periodic_dtout_>
Python,2000,64,periodic,2000,2000,25p not recorded; dt_out too large.
match None
match None
match None
match None
match None
match None
match None
match None
match None
match <re.Match object; span=(0, 60), match='NMG_Python_20_dt_5.50e-06_Nx_128_periodic_dtout_2>
Python,20,128,periodic,20,20,75p
NMG_Python_20_dt_5.50e-06_Nx_128_periodic_dtout_2075pphi.csv
Exception type : ValueError 
Exception message : could not convert string to float: '(-0.2259011345264694+0j)'
Stack trace : ['File : /sfs/gpfs/tardis/home/xpz5km/Cahn_Hilliard_Model_HPC/spinodal_decomp/compare_L2_error.py , Line : 86, Func.Name : compare_L2_error_at_timepoint, Message : snapshot_SAV = read_specific_lines(f"{root}/{SAV_fname}", line_list)', 'File : /sfs/gpfs/tardis/home/xpz5km/Cahn_Hilliard_Model_HPC/spinodal_decomp/compare_L2_error.py , Line : 19, Func.Name : read_specific_lines, Message : digits.append(float(i))']
match <re.Match object; span=(0, 62), match='SAV_Python_2000_dt_5.50e-06_Nx_64_neumann_dtout_2>
Python,2000,64,neumann,2000,2000,50p not recorded; dt_out too large.
match <re.Match object; span=(0, 64), match='SAV_Python_2000_dt_5.50e-06_Nx_128_periodic_dtout>
Python,2000,128,periodic,2000,2000,50p not recorded; dt_out too large.
match None
match None
match None
match None
match <re.Match object; span=(0, 60), match='NMG_Python_20_dt_5.50e-06_Nx_256_periodic_dtout_2>
Python,20,256,periodic,20,20,75p
NMG_Python_20_dt_5.50e-06_Nx_256_periodic_dtout_2075pphi.csv
Exception type : ValueError 
Exception message : could not convert string to float: '(0.4813657808640433+0j)'
Stack trace : ['File : /sfs/gpfs/tardis/home/xpz5km/Cahn_Hilliard_Model_HPC/spinodal_decomp/compare_L2_error.py , Line : 86, Func.Name : compare_L2_error_at_timepoint, Message : snapshot_SAV = read_specific_lines(f"{root}/{SAV_fname}", line_list)', 'File : /sfs/gpfs/tardis/home/xpz5km/Cahn_Hilliard_Model_HPC/spinodal_decomp/compare_L2_error.py , Line : 19, Func.Name : read_specific_lines, Message : digits.append(float(i))']
match <re.Match object; span=(0, 58), match='NMG_Python_20_dt_5.50e-06_Nx_512_neumann_dtout_17>
Python,20,512,neumann,1,1,75p
NMG_Python_20_dt_5.50e-06_Nx_512_neumann_dtout_175pphi.csv
Exception type : ValueError 
Exception message : could not convert string to float: '(0.9245936740563312+0j)'
Stack trace : ['File : /sfs/gpfs/tardis/home/xpz5km/Cahn_Hilliard_Model_HPC/spinodal_decomp/compare_L2_error.py , Line : 86, Func.Name : compare_L2_error_at_timepoint, Message : snapshot_SAV = read_specific_lines(f"{root}/{SAV_fname}", line_list)', 'File : /sfs/gpfs/tardis/home/xpz5km/Cahn_Hilliard_Model_HPC/spinodal_decomp/compare_L2_error.py , Line : 19, Func.Name : read_specific_lines, Message : digits.append(float(i))']
match <re.Match object; span=(0, 58), match='NMG_Python_20_dt_5.50e-06_Nx_64_neumann_dtout_202>
Python,20,64,neumann,20,20,25p
NMG_Python_20_dt_5.50e-06_Nx_64_neumann_dtout_2025pphi.csv
Exception type : ValueError 
Exception message : could not convert string to float: '(-0.9129498158047057+0j)'
Stack trace : ['File : /sfs/gpfs/tardis/home/xpz5km/Cahn_Hilliard_Model_HPC/spinodal_decomp/compare_L2_error.py , Line : 86, Func.Name : compare_L2_error_at_timepoint, Message : snapshot_SAV = read_specific_lines(f"{root}/{SAV_fname}", line_list)', 'File : /sfs/gpfs/tardis/home/xpz5km/Cahn_Hilliard_Model_HPC/spinodal_decomp/compare_L2_error.py , Line : 19, Func.Name : read_specific_lines, Message : digits.append(float(i))']
match <re.Match object; span=(0, 58), match='NMG_Python_20_dt_5.50e-06_Nx_64_neumann_dtout_207>
Python,20,64,neumann,20,20,75p
NMG_Python_20_dt_5.50e-06_Nx_64_neumann_dtout_2075pphi.csv
Exception type : ValueError 
Exception message : could not convert string to float: '(-0.3181784942992353+0j)'
Stack trace : ['File : /sfs/gpfs/tardis/home/xpz5km/Cahn_Hilliard_Model_HPC/spinodal_decomp/compare_L2_error.py , Line : 86, Func.Name : compare_L2_error_at_timepoint, Message : snapshot_SAV = read_specific_lines(f"{root}/{SAV_fname}", line_list)', 'File : /sfs/gpfs/tardis/home/xpz5km/Cahn_Hilliard_Model_HPC/spinodal_decomp/compare_L2_error.py , Line : 19, Func.Name : read_specific_lines, Message : digits.append(float(i))']
match None
match None
match <re.Match object; span=(0, 62), match='SAV_Python_2000_dt_5.50e-06_Nx_128_periodic_dtout>
match <re.Match object; span=(0, 60), match='SAV_Python_2000_dt_5.50e-06_Nx_64_neumann_dtout_1>
match <re.Match object; span=(0, 63), match='SAV_Python_2000_dt_5.50e-06_Nx_64_periodic_dtout_>
Python,2000,64,periodic,2000,2000,50p not recorded; dt_out too large.
match <re.Match object; span=(0, 60), match='NMG_Python_20_dt_5.50e-06_Nx_512_periodic_dtout_2>
Python,20,512,periodic,20,20,75p
NMG_Python_20_dt_5.50e-06_Nx_512_periodic_dtout_2075pphi.csv
Exception type : ValueError 
Exception message : could not convert string to float: '(0.5212796069949747+0j)'
Stack trace : ['File : /sfs/gpfs/tardis/home/xpz5km/Cahn_Hilliard_Model_HPC/spinodal_decomp/compare_L2_error.py , Line : 86, Func.Name : compare_L2_error_at_timepoint, Message : snapshot_SAV = read_specific_lines(f"{root}/{SAV_fname}", line_list)', 'File : /sfs/gpfs/tardis/home/xpz5km/Cahn_Hilliard_Model_HPC/spinodal_decomp/compare_L2_error.py , Line : 19, Func.Name : read_specific_lines, Message : digits.append(float(i))']
match None
match <re.Match object; span=(0, 59), match='NMG_Python_20_dt_5.50e-06_Nx_512_neumann_dtout_20>
Python,20,512,neumann,20,20,25p
NMG_Python_20_dt_5.50e-06_Nx_512_neumann_dtout_2025pphi.csv
Exception type : ValueError 
Exception message : could not convert string to float: '(-0.19931155268433487+0j)'
Stack trace : ['File : /sfs/gpfs/tardis/home/xpz5km/Cahn_Hilliard_Model_HPC/spinodal_decomp/compare_L2_error.py , Line : 86, Func.Name : compare_L2_error_at_timepoint, Message : snapshot_SAV = read_specific_lines(f"{root}/{SAV_fname}", line_list)', 'File : /sfs/gpfs/tardis/home/xpz5km/Cahn_Hilliard_Model_HPC/spinodal_decomp/compare_L2_error.py , Line : 19, Func.Name : read_specific_lines, Message : digits.append(float(i))']
match <re.Match object; span=(0, 58), match='NMG_Python_20_dt_5.50e-06_Nx_512_neumann_dtout_15>
Python,20,512,neumann,1,1,50p
NMG_Python_20_dt_5.50e-06_Nx_512_neumann_dtout_150pphi.csv
Exception type : ValueError 
Exception message : could not convert string to float: '(0.8338443312944414+0j)'
Stack trace : ['File : /sfs/gpfs/tardis/home/xpz5km/Cahn_Hilliard_Model_HPC/spinodal_decomp/compare_L2_error.py , Line : 86, Func.Name : compare_L2_error_at_timepoint, Message : snapshot_SAV = read_specific_lines(f"{root}/{SAV_fname}", line_list)', 'File : /sfs/gpfs/tardis/home/xpz5km/Cahn_Hilliard_Model_HPC/spinodal_decomp/compare_L2_error.py , Line : 19, Func.Name : read_specific_lines, Message : digits.append(float(i))']
match <re.Match object; span=(0, 58), match='NMG_Python_20_dt_5.50e-06_Nx_64_periodic_dtout_12>
Python,20,64,periodic,1,1,25p
NMG_Python_20_dt_5.50e-06_Nx_64_periodic_dtout_125pphi.csv
Exception type : ValueError 
Exception message : could not convert string to float: '(-0.5435948317885655+0j)'
Stack trace : ['File : /sfs/gpfs/tardis/home/xpz5km/Cahn_Hilliard_Model_HPC/spinodal_decomp/compare_L2_error.py , Line : 86, Func.Name : compare_L2_error_at_timepoint, Message : snapshot_SAV = read_specific_lines(f"{root}/{SAV_fname}", line_list)', 'File : /sfs/gpfs/tardis/home/xpz5km/Cahn_Hilliard_Model_HPC/spinodal_decomp/compare_L2_error.py , Line : 19, Func.Name : read_specific_lines, Message : digits.append(float(i))']
match None
match <re.Match object; span=(0, 62), match='SAV_Python_2000_dt_5.50e-06_Nx_256_periodic_dtout>
match <re.Match object; span=(0, 63), match='SAV_Python_2000_dt_5.50e-06_Nx_128_neumann_dtout_>
Python,2000,128,neumann,2000,2000,75p not recorded; dt_out too large.
match <re.Match object; span=(0, 60), match='NMG_Python_20_dt_5.50e-06_Nx_128_periodic_dtout_2>
Python,20,128,periodic,20,20,50p
NMG_Python_20_dt_5.50e-06_Nx_128_periodic_dtout_2050pphi.csv
Exception type : ValueError 
Exception message : could not convert string to float: '(-0.3095721867886947+0j)'
Stack trace : ['File : /sfs/gpfs/tardis/home/xpz5km/Cahn_Hilliard_Model_HPC/spinodal_decomp/compare_L2_error.py , Line : 86, Func.Name : compare_L2_error_at_timepoint, Message : snapshot_SAV = read_specific_lines(f"{root}/{SAV_fname}", line_list)', 'File : /sfs/gpfs/tardis/home/xpz5km/Cahn_Hilliard_Model_HPC/spinodal_decomp/compare_L2_error.py , Line : 19, Func.Name : read_specific_lines, Message : digits.append(float(i))']
match None
match None
match None
match <re.Match object; span=(0, 60), match='NMG_Python_20_dt_5.50e-06_Nx_256_periodic_dtout_2>
Python,20,256,periodic,20,20,50p
NMG_Python_20_dt_5.50e-06_Nx_256_periodic_dtout_2050pphi.csv
Exception type : ValueError 
Exception message : could not convert string to float: '(0.010506962033912721+0j)'
Stack trace : ['File : /sfs/gpfs/tardis/home/xpz5km/Cahn_Hilliard_Model_HPC/spinodal_decomp/compare_L2_error.py , Line : 86, Func.Name : compare_L2_error_at_timepoint, Message : snapshot_SAV = read_specific_lines(f"{root}/{SAV_fname}", line_list)', 'File : /sfs/gpfs/tardis/home/xpz5km/Cahn_Hilliard_Model_HPC/spinodal_decomp/compare_L2_error.py , Line : 19, Func.Name : read_specific_lines, Message : digits.append(float(i))']
match None
match <re.Match object; span=(0, 62), match='SAV_Python_2000_dt_5.50e-06_Nx_256_periodic_dtout>
match None
match <re.Match object; span=(0, 63), match='SAV_Python_2000_dt_5.50e-06_Nx_256_neumann_dtout_>
Python,2000,256,neumann,2000,2000,50p not recorded; dt_out too large.
match None
match None
match <re.Match object; span=(0, 59), match='NMG_Python_20_dt_5.50e-06_Nx_64_periodic_dtout_20>
Python,20,64,periodic,20,20,50p
NMG_Python_20_dt_5.50e-06_Nx_64_periodic_dtout_2050pphi.csv
Exception type : ValueError 
Exception message : could not convert string to float: '(-0.4179450898314091+0j)'
Stack trace : ['File : /sfs/gpfs/tardis/home/xpz5km/Cahn_Hilliard_Model_HPC/spinodal_decomp/compare_L2_error.py , Line : 86, Func.Name : compare_L2_error_at_timepoint, Message : snapshot_SAV = read_specific_lines(f"{root}/{SAV_fname}", line_list)', 'File : /sfs/gpfs/tardis/home/xpz5km/Cahn_Hilliard_Model_HPC/spinodal_decomp/compare_L2_error.py , Line : 19, Func.Name : read_specific_lines, Message : digits.append(float(i))']
match <re.Match object; span=(0, 63), match='SAV_Python_2000_dt_5.50e-06_Nx_512_neumann_dtout_>
Python,2000,512,neumann,2000,2000,25p not recorded; dt_out too large.
match None
match <re.Match object; span=(0, 59), match='NMG_Python_20_dt_5.50e-06_Nx_512_neumann_dtout_20>
Python,20,512,neumann,20,20,75p
NMG_Python_20_dt_5.50e-06_Nx_512_neumann_dtout_2075pphi.csv
Exception type : ValueError 
Exception message : could not convert string to float: '(0.6537176705314839+0j)'
Stack trace : ['File : /sfs/gpfs/tardis/home/xpz5km/Cahn_Hilliard_Model_HPC/spinodal_decomp/compare_L2_error.py , Line : 86, Func.Name : compare_L2_error_at_timepoint, Message : snapshot_SAV = read_specific_lines(f"{root}/{SAV_fname}", line_list)', 'File : /sfs/gpfs/tardis/home/xpz5km/Cahn_Hilliard_Model_HPC/spinodal_decomp/compare_L2_error.py , Line : 19, Func.Name : read_specific_lines, Message : digits.append(float(i))']
match None
match None
match <re.Match object; span=(0, 59), match='NMG_Python_20_dt_5.50e-06_Nx_256_neumann_dtout_20>
Python,20,256,neumann,20,20,25p
NMG_Python_20_dt_5.50e-06_Nx_256_neumann_dtout_2025pphi.csv
Exception type : ValueError 
Exception message : could not convert string to float: '(-0.32927592388756166+0j)'
Stack trace : ['File : /sfs/gpfs/tardis/home/xpz5km/Cahn_Hilliard_Model_HPC/spinodal_decomp/compare_L2_error.py , Line : 86, Func.Name : compare_L2_error_at_timepoint, Message : snapshot_SAV = read_specific_lines(f"{root}/{SAV_fname}", line_list)', 'File : /sfs/gpfs/tardis/home/xpz5km/Cahn_Hilliard_Model_HPC/spinodal_decomp/compare_L2_error.py , Line : 19, Func.Name : read_specific_lines, Message : digits.append(float(i))']
match <re.Match object; span=(0, 61), match='SAV_Python_2000_dt_5.50e-06_Nx_512_neumann_dtout_>
match None
match None
match None
match <re.Match object; span=(0, 62), match='SAV_Python_2000_dt_5.50e-06_Nx_64_neumann_dtout_2>
Python,2000,64,neumann,2000,2000,75p not recorded; dt_out too large.
match None
match None
match None
match None
match None
match None
match None
match None
match <re.Match object; span=(0, 59), match='NMG_Python_20_dt_5.50e-06_Nx_128_neumann_dtout_20>
Python,20,128,neumann,20,20,25p
NMG_Python_20_dt_5.50e-06_Nx_128_neumann_dtout_2025pphi.csv
Exception type : ValueError 
Exception message : could not convert string to float: '(-0.10276645075364461+0j)'
Stack trace : ['File : /sfs/gpfs/tardis/home/xpz5km/Cahn_Hilliard_Model_HPC/spinodal_decomp/compare_L2_error.py , Line : 86, Func.Name : compare_L2_error_at_timepoint, Message : snapshot_SAV = read_specific_lines(f"{root}/{SAV_fname}", line_list)', 'File : /sfs/gpfs/tardis/home/xpz5km/Cahn_Hilliard_Model_HPC/spinodal_decomp/compare_L2_error.py , Line : 19, Func.Name : read_specific_lines, Message : digits.append(float(i))']
match None
match <re.Match object; span=(0, 62), match='SAV_Python_2000_dt_5.50e-06_Nx_256_periodic_dtout>
match <re.Match object; span=(0, 59), match='NMG_Python_20_dt_5.50e-06_Nx_64_periodic_dtout_20>
Python,20,64,periodic,20,20,75p
NMG_Python_20_dt_5.50e-06_Nx_64_periodic_dtout_2075pphi.csv
Exception type : ValueError 
Exception message : could not convert string to float: '(0.36662716665050266+0j)'
Stack trace : ['File : /sfs/gpfs/tardis/home/xpz5km/Cahn_Hilliard_Model_HPC/spinodal_decomp/compare_L2_error.py , Line : 86, Func.Name : compare_L2_error_at_timepoint, Message : snapshot_SAV = read_specific_lines(f"{root}/{SAV_fname}", line_list)', 'File : /sfs/gpfs/tardis/home/xpz5km/Cahn_Hilliard_Model_HPC/spinodal_decomp/compare_L2_error.py , Line : 19, Func.Name : read_specific_lines, Message : digits.append(float(i))']
match None
match <re.Match object; span=(0, 59), match='NMG_Python_20_dt_5.50e-06_Nx_256_periodic_dtout_1>
Python,20,256,periodic,1,1,75p
NMG_Python_20_dt_5.50e-06_Nx_256_periodic_dtout_175pphi.csv
Exception type : ValueError 
Exception message : could not convert string to float: '(0.5673906099936843+0j)'
Stack trace : ['File : /sfs/gpfs/tardis/home/xpz5km/Cahn_Hilliard_Model_HPC/spinodal_decomp/compare_L2_error.py , Line : 86, Func.Name : compare_L2_error_at_timepoint, Message : snapshot_SAV = read_specific_lines(f"{root}/{SAV_fname}", line_list)', 'File : /sfs/gpfs/tardis/home/xpz5km/Cahn_Hilliard_Model_HPC/spinodal_decomp/compare_L2_error.py , Line : 19, Func.Name : read_specific_lines, Message : digits.append(float(i))']
match <re.Match object; span=(0, 58), match='NMG_Python_20_dt_5.50e-06_Nx_64_periodic_dtout_15>
Python,20,64,periodic,1,1,50p
NMG_Python_20_dt_5.50e-06_Nx_64_periodic_dtout_150pphi.csv
Exception type : ValueError 
Exception message : could not convert string to float: '(-0.25450477237590435+0j)'
Stack trace : ['File : /sfs/gpfs/tardis/home/xpz5km/Cahn_Hilliard_Model_HPC/spinodal_decomp/compare_L2_error.py , Line : 86, Func.Name : compare_L2_error_at_timepoint, Message : snapshot_SAV = read_specific_lines(f"{root}/{SAV_fname}", line_list)', 'File : /sfs/gpfs/tardis/home/xpz5km/Cahn_Hilliard_Model_HPC/spinodal_decomp/compare_L2_error.py , Line : 19, Func.Name : read_specific_lines, Message : digits.append(float(i))']
match <re.Match object; span=(0, 60), match='SAV_Python_2000_dt_5.50e-06_Nx_64_neumann_dtout_1>
match <re.Match object; span=(0, 59), match='NMG_Python_20_dt_5.50e-06_Nx_128_periodic_dtout_1>
Python,20,128,periodic,1,1,25p
NMG_Python_20_dt_5.50e-06_Nx_128_periodic_dtout_125pphi.csv
Exception type : ValueError 
Exception message : could not convert string to float: '(-0.524983961703216+0j)'
Stack trace : ['File : /sfs/gpfs/tardis/home/xpz5km/Cahn_Hilliard_Model_HPC/spinodal_decomp/compare_L2_error.py , Line : 86, Func.Name : compare_L2_error_at_timepoint, Message : snapshot_SAV = read_specific_lines(f"{root}/{SAV_fname}", line_list)', 'File : /sfs/gpfs/tardis/home/xpz5km/Cahn_Hilliard_Model_HPC/spinodal_decomp/compare_L2_error.py , Line : 19, Func.Name : read_specific_lines, Message : digits.append(float(i))']
match None
match None
match None
match None
match None
match <re.Match object; span=(0, 61), match='SAV_Python_2000_dt_5.50e-06_Nx_128_neumann_dtout_>
match None
match <re.Match object; span=(0, 60), match='SAV_Python_2000_dt_5.50e-06_Nx_64_neumann_dtout_1>
match None
14
match None
match None
match <re.Match object; span=(0, 59), match='NMG_Python_20_dt_5.50e-06_Nx_256_neumann_dtout_20>
Python,20,256,neumann,20,20,75p
NMG_Python_20_dt_5.50e-06_Nx_256_neumann_dtout_2075pphi.csv
Exception type : ValueError 
Exception message : could not convert string to float: '(0.41950652511946407+0j)'
Stack trace : ['File : /sfs/gpfs/tardis/home/xpz5km/Cahn_Hilliard_Model_HPC/spinodal_decomp/compare_L2_error.py , Line : 86, Func.Name : compare_L2_error_at_timepoint, Message : snapshot_SAV = read_specific_lines(f"{root}/{SAV_fname}", line_list)', 'File : /sfs/gpfs/tardis/home/xpz5km/Cahn_Hilliard_Model_HPC/spinodal_decomp/compare_L2_error.py , Line : 19, Func.Name : read_specific_lines, Message : digits.append(float(i))']
match None
match None
match None
match None
match None
match None
match None
match <re.Match object; span=(0, 62), match='SAV_Python_2000_dt_5.50e-06_Nx_128_periodic_dtout>
match None
match None
match None
match None
match None
match None
match None
match None
match None
match None
match <re.Match object; span=(0, 63), match='SAV_Python_2000_dt_5.50e-06_Nx_256_neumann_dtout_>
Python,2000,256,neumann,2000,2000,25p not recorded; dt_out too large.
match <re.Match object; span=(0, 61), match='SAV_Python_2000_dt_5.50e-06_Nx_128_neumann_dtout_>
match <re.Match object; span=(0, 60), match='NMG_Python_20_dt_5.50e-06_Nx_128_periodic_dtout_2>
Python,20,128,periodic,20,20,25p
NMG_Python_20_dt_5.50e-06_Nx_128_periodic_dtout_2025pphi.csv
Exception type : ValueError 
Exception message : could not convert string to float: '(-0.5392675015155758+0j)'
Stack trace : ['File : /sfs/gpfs/tardis/home/xpz5km/Cahn_Hilliard_Model_HPC/spinodal_decomp/compare_L2_error.py , Line : 86, Func.Name : compare_L2_error_at_timepoint, Message : snapshot_SAV = read_specific_lines(f"{root}/{SAV_fname}", line_list)', 'File : /sfs/gpfs/tardis/home/xpz5km/Cahn_Hilliard_Model_HPC/spinodal_decomp/compare_L2_error.py , Line : 19, Func.Name : read_specific_lines, Message : digits.append(float(i))']
match None
match None
match <re.Match object; span=(0, 64), match='SAV_Python_2000_dt_5.50e-06_Nx_256_periodic_dtout>
Python,2000,256,periodic,2000,2000,50p not recorded; dt_out too large.
match None
match <re.Match object; span=(0, 60), match='NMG_Python_20_dt_5.50e-06_Nx_256_periodic_dtout_2>
Python,20,256,periodic,20,20,25p
NMG_Python_20_dt_5.50e-06_Nx_256_periodic_dtout_2025pphi.csv
Exception type : ValueError 
Exception message : could not convert string to float: '(-0.4170151417869721+0j)'
Stack trace : ['File : /sfs/gpfs/tardis/home/xpz5km/Cahn_Hilliard_Model_HPC/spinodal_decomp/compare_L2_error.py , Line : 86, Func.Name : compare_L2_error_at_timepoint, Message : snapshot_SAV = read_specific_lines(f"{root}/{SAV_fname}", line_list)', 'File : /sfs/gpfs/tardis/home/xpz5km/Cahn_Hilliard_Model_HPC/spinodal_decomp/compare_L2_error.py , Line : 19, Func.Name : read_specific_lines, Message : digits.append(float(i))']
match <re.Match object; span=(0, 59), match='NMG_Python_20_dt_5.50e-06_Nx_512_neumann_dtout_20>
Python,20,512,neumann,20,20,50p
NMG_Python_20_dt_5.50e-06_Nx_512_neumann_dtout_2050pphi.csv
Exception type : ValueError 
Exception message : could not convert string to float: '(0.3765941854894782+0j)'
Stack trace : ['File : /sfs/gpfs/tardis/home/xpz5km/Cahn_Hilliard_Model_HPC/spinodal_decomp/compare_L2_error.py , Line : 86, Func.Name : compare_L2_error_at_timepoint, Message : snapshot_SAV = read_specific_lines(f"{root}/{SAV_fname}", line_list)', 'File : /sfs/gpfs/tardis/home/xpz5km/Cahn_Hilliard_Model_HPC/spinodal_decomp/compare_L2_error.py , Line : 19, Func.Name : read_specific_lines, Message : digits.append(float(i))']
match None
match None
match None
match None
match None
match None
match <re.Match object; span=(0, 64), match='SAV_Python_2000_dt_5.50e-06_Nx_512_periodic_dtout>
Python,2000,512,periodic,2000,2000,25p not recorded; dt_out too large.
match None
match None
match <re.Match object; span=(0, 63), match='SAV_Python_2000_dt_5.50e-06_Nx_64_periodic_dtout_>
Python,2000,64,periodic,2000,2000,75p not recorded; dt_out too large.
match None
match <re.Match object; span=(0, 64), match='SAV_Python_2000_dt_5.50e-06_Nx_256_periodic_dtout>
Python,2000,256,periodic,2000,2000,25p not recorded; dt_out too large.
match None
match None
match None
match None
match None
match None
match None
match None
match None
match None
match None
match None
match None
match None
match None
match None
match <re.Match object; span=(0, 61), match='SAV_Python_2000_dt_5.50e-06_Nx_64_periodic_dtout_>
match None
match None
match <re.Match object; span=(0, 63), match='SAV_Python_2000_dt_5.50e-06_Nx_256_neumann_dtout_>
Python,2000,256,neumann,2000,2000,75p not recorded; dt_out too large.
match None
match None
match <re.Match object; span=(0, 64), match='SAV_Python_2000_dt_5.50e-06_Nx_128_periodic_dtout>
Python,2000,128,periodic,2000,2000,75p not recorded; dt_out too large.
match None
match None
match None
match None
match None
match None
match <re.Match object; span=(0, 58), match='NMG_Python_20_dt_5.50e-06_Nx_128_neumann_dtout_12>
Python,20,128,neumann,1,1,25p
NMG_Python_20_dt_5.50e-06_Nx_128_neumann_dtout_125pphi.csv
Exception type : ValueError 
Exception message : could not convert string to float: '(-0.21374820513948073+0j)'
Stack trace : ['File : /sfs/gpfs/tardis/home/xpz5km/Cahn_Hilliard_Model_HPC/spinodal_decomp/compare_L2_error.py , Line : 86, Func.Name : compare_L2_error_at_timepoint, Message : snapshot_SAV = read_specific_lines(f"{root}/{SAV_fname}", line_list)', 'File : /sfs/gpfs/tardis/home/xpz5km/Cahn_Hilliard_Model_HPC/spinodal_decomp/compare_L2_error.py , Line : 19, Func.Name : read_specific_lines, Message : digits.append(float(i))']
match <re.Match object; span=(0, 64), match='SAV_Python_2000_dt_5.50e-06_Nx_256_periodic_dtout>
Python,2000,256,periodic,2000,2000,75p not recorded; dt_out too large.
match None
match None
match None
match None
match None
match <re.Match object; span=(0, 59), match='NMG_Python_20_dt_5.50e-06_Nx_256_neumann_dtout_20>
Python,20,256,neumann,20,20,50p
NMG_Python_20_dt_5.50e-06_Nx_256_neumann_dtout_2050pphi.csv
Exception type : ValueError 
Exception message : could not convert string to float: '(0.07069788833767843+0j)'
Stack trace : ['File : /sfs/gpfs/tardis/home/xpz5km/Cahn_Hilliard_Model_HPC/spinodal_decomp/compare_L2_error.py , Line : 86, Func.Name : compare_L2_error_at_timepoint, Message : snapshot_SAV = read_specific_lines(f"{root}/{SAV_fname}", line_list)', 'File : /sfs/gpfs/tardis/home/xpz5km/Cahn_Hilliard_Model_HPC/spinodal_decomp/compare_L2_error.py , Line : 19, Func.Name : read_specific_lines, Message : digits.append(float(i))']
match None
match None
match <re.Match object; span=(0, 61), match='SAV_Python_2000_dt_5.50e-06_Nx_64_periodic_dtout_>
match None
match <re.Match object; span=(0, 63), match='SAV_Python_2000_dt_5.50e-06_Nx_128_neumann_dtout_>
Python,2000,128,neumann,2000,2000,25p not recorded; dt_out too large.
match None
match None
match None
match None
match <re.Match object; span=(0, 58), match='NMG_Python_20_dt_5.50e-06_Nx_64_periodic_dtout_17>
Python,20,64,periodic,1,1,75p
NMG_Python_20_dt_5.50e-06_Nx_64_periodic_dtout_175pphi.csv
Exception type : ValueError 
Exception message : could not convert string to float: '(0.5381076685877543+0j)'
Stack trace : ['File : /sfs/gpfs/tardis/home/xpz5km/Cahn_Hilliard_Model_HPC/spinodal_decomp/compare_L2_error.py , Line : 86, Func.Name : compare_L2_error_at_timepoint, Message : snapshot_SAV = read_specific_lines(f"{root}/{SAV_fname}", line_list)', 'File : /sfs/gpfs/tardis/home/xpz5km/Cahn_Hilliard_Model_HPC/spinodal_decomp/compare_L2_error.py , Line : 19, Func.Name : read_specific_lines, Message : digits.append(float(i))']
match <re.Match object; span=(0, 61), match='SAV_Python_2000_dt_5.50e-06_Nx_256_neumann_dtout_>
match None
match None
match None
match None
match None
match <re.Match object; span=(0, 59), match='NMG_Python_20_dt_5.50e-06_Nx_256_periodic_dtout_1>
Python,20,256,periodic,1,1,50p
NMG_Python_20_dt_5.50e-06_Nx_256_periodic_dtout_150pphi.csv
Exception type : ValueError 
Exception message : could not convert string to float: '(-0.1955859074636369+0j)'
Stack trace : ['File : /sfs/gpfs/tardis/home/xpz5km/Cahn_Hilliard_Model_HPC/spinodal_decomp/compare_L2_error.py , Line : 86, Func.Name : compare_L2_error_at_timepoint, Message : snapshot_SAV = read_specific_lines(f"{root}/{SAV_fname}", line_list)', 'File : /sfs/gpfs/tardis/home/xpz5km/Cahn_Hilliard_Model_HPC/spinodal_decomp/compare_L2_error.py , Line : 19, Func.Name : read_specific_lines, Message : digits.append(float(i))']
match <re.Match object; span=(0, 61), match='SAV_Python_2000_dt_5.50e-06_Nx_64_periodic_dtout_>
match None
match <re.Match object; span=(0, 58), match='NMG_Python_20_dt_5.50e-06_Nx_128_neumann_dtout_17>
Python,20,128,neumann,1,1,75p
NMG_Python_20_dt_5.50e-06_Nx_128_neumann_dtout_175pphi.csv
Exception type : ValueError 
Exception message : could not convert string to float: '(0.694683763485584+0j)'
Stack trace : ['File : /sfs/gpfs/tardis/home/xpz5km/Cahn_Hilliard_Model_HPC/spinodal_decomp/compare_L2_error.py , Line : 86, Func.Name : compare_L2_error_at_timepoint, Message : snapshot_SAV = read_specific_lines(f"{root}/{SAV_fname}", line_list)', 'File : /sfs/gpfs/tardis/home/xpz5km/Cahn_Hilliard_Model_HPC/spinodal_decomp/compare_L2_error.py , Line : 19, Func.Name : read_specific_lines, Message : digits.append(float(i))']
match None
match None
match <re.Match object; span=(0, 61), match='SAV_Python_2000_dt_5.50e-06_Nx_512_neumann_dtout_>
match None
match None
match None
match None
match None
match None
match None
match None
match None
match None
match <re.Match object; span=(0, 61), match='SAV_Python_2000_dt_5.50e-06_Nx_256_neumann_dtout_>
match None
match <re.Match object; span=(0, 57), match='NMG_Python_20_dt_5.50e-06_Nx_64_neumann_dtout_150>
Python,20,64,neumann,1,1,50p
NMG_Python_20_dt_5.50e-06_Nx_64_neumann_dtout_150pphi.csv
Exception type : ValueError 
Exception message : could not convert string to float: '(-0.41249482372501817+0j)'
Stack trace : ['File : /sfs/gpfs/tardis/home/xpz5km/Cahn_Hilliard_Model_HPC/spinodal_decomp/compare_L2_error.py , Line : 86, Func.Name : compare_L2_error_at_timepoint, Message : snapshot_SAV = read_specific_lines(f"{root}/{SAV_fname}", line_list)', 'File : /sfs/gpfs/tardis/home/xpz5km/Cahn_Hilliard_Model_HPC/spinodal_decomp/compare_L2_error.py , Line : 19, Func.Name : read_specific_lines, Message : digits.append(float(i))']
match None
match <re.Match object; span=(0, 58), match='NMG_Python_20_dt_5.50e-06_Nx_256_neumann_dtout_15>
Python,20,256,neumann,1,1,50p
NMG_Python_20_dt_5.50e-06_Nx_256_neumann_dtout_150pphi.csv
Exception type : ValueError 
Exception message : could not convert string to float: '(0.0553560731479018+0j)'
Stack trace : ['File : /sfs/gpfs/tardis/home/xpz5km/Cahn_Hilliard_Model_HPC/spinodal_decomp/compare_L2_error.py , Line : 86, Func.Name : compare_L2_error_at_timepoint, Message : snapshot_SAV = read_specific_lines(f"{root}/{SAV_fname}", line_list)', 'File : /sfs/gpfs/tardis/home/xpz5km/Cahn_Hilliard_Model_HPC/spinodal_decomp/compare_L2_error.py , Line : 19, Func.Name : read_specific_lines, Message : digits.append(float(i))']
match <re.Match object; span=(0, 58), match='NMG_Python_20_dt_5.50e-06_Nx_512_neumann_dtout_12>
Python,20,512,neumann,1,1,25p
NMG_Python_20_dt_5.50e-06_Nx_512_neumann_dtout_125pphi.csv
Exception type : ValueError 
Exception message : could not convert string to float: '(0.887805711558292+0j)'
Stack trace : ['File : /sfs/gpfs/tardis/home/xpz5km/Cahn_Hilliard_Model_HPC/spinodal_decomp/compare_L2_error.py , Line : 86, Func.Name : compare_L2_error_at_timepoint, Message : snapshot_SAV = read_specific_lines(f"{root}/{SAV_fname}", line_list)', 'File : /sfs/gpfs/tardis/home/xpz5km/Cahn_Hilliard_Model_HPC/spinodal_decomp/compare_L2_error.py , Line : 19, Func.Name : read_specific_lines, Message : digits.append(float(i))']
match None
match None
match <re.Match object; span=(0, 62), match='SAV_Python_2000_dt_5.50e-06_Nx_512_periodic_dtout>
match None
match None
match <re.Match object; span=(0, 63), match='SAV_Python_2000_dt_5.50e-06_Nx_128_neumann_dtout_>
Python,2000,128,neumann,2000,2000,50p not recorded; dt_out too large.
match None
match None
match <re.Match object; span=(0, 64), match='SAV_Python_2000_dt_5.50e-06_Nx_512_periodic_dtout>
Python,2000,512,periodic,2000,2000,50p not recorded; dt_out too large.
match <re.Match object; span=(0, 61), match='SAV_Python_2000_dt_5.50e-06_Nx_512_neumann_dtout_>
match None
match None
match None
match None
match <re.Match object; span=(0, 58), match='NMG_Python_20_dt_5.50e-06_Nx_256_neumann_dtout_17>
Python,20,256,neumann,1,1,75p
NMG_Python_20_dt_5.50e-06_Nx_256_neumann_dtout_175pphi.csv
Exception type : ValueError 
Exception message : could not convert string to float: '(0.48229554119034185+0j)'
Stack trace : ['File : /sfs/gpfs/tardis/home/xpz5km/Cahn_Hilliard_Model_HPC/spinodal_decomp/compare_L2_error.py , Line : 86, Func.Name : compare_L2_error_at_timepoint, Message : snapshot_SAV = read_specific_lines(f"{root}/{SAV_fname}", line_list)', 'File : /sfs/gpfs/tardis/home/xpz5km/Cahn_Hilliard_Model_HPC/spinodal_decomp/compare_L2_error.py , Line : 19, Func.Name : read_specific_lines, Message : digits.append(float(i))']
match None
match <re.Match object; span=(0, 61), match='SAV_Python_2000_dt_5.50e-06_Nx_128_neumann_dtout_>
match None
match None
match None
match None
match None
match <re.Match object; span=(0, 59), match='NMG_Python_20_dt_5.50e-06_Nx_128_neumann_dtout_20>
Python,20,128,neumann,20,20,50p
NMG_Python_20_dt_5.50e-06_Nx_128_neumann_dtout_2050pphi.csv
Exception type : ValueError 
Exception message : could not convert string to float: '(0.4578281761662219+0j)'
Stack trace : ['File : /sfs/gpfs/tardis/home/xpz5km/Cahn_Hilliard_Model_HPC/spinodal_decomp/compare_L2_error.py , Line : 86, Func.Name : compare_L2_error_at_timepoint, Message : snapshot_SAV = read_specific_lines(f"{root}/{SAV_fname}", line_list)', 'File : /sfs/gpfs/tardis/home/xpz5km/Cahn_Hilliard_Model_HPC/spinodal_decomp/compare_L2_error.py , Line : 19, Func.Name : read_specific_lines, Message : digits.append(float(i))']
match None
match <re.Match object; span=(0, 59), match='NMG_Python_20_dt_5.50e-06_Nx_128_periodic_dtout_1>
Python,20,128,periodic,1,1,50p
NMG_Python_20_dt_5.50e-06_Nx_128_periodic_dtout_150pphi.csv
Exception type : ValueError 
Exception message : could not convert string to float: '(-0.2516563793569639+0j)'
Stack trace : ['File : /sfs/gpfs/tardis/home/xpz5km/Cahn_Hilliard_Model_HPC/spinodal_decomp/compare_L2_error.py , Line : 86, Func.Name : compare_L2_error_at_timepoint, Message : snapshot_SAV = read_specific_lines(f"{root}/{SAV_fname}", line_list)', 'File : /sfs/gpfs/tardis/home/xpz5km/Cahn_Hilliard_Model_HPC/spinodal_decomp/compare_L2_error.py , Line : 19, Func.Name : read_specific_lines, Message : digits.append(float(i))']
match <re.Match object; span=(0, 58), match='NMG_Python_20_dt_5.50e-06_Nx_256_neumann_dtout_12>
Python,20,256,neumann,1,1,25p
NMG_Python_20_dt_5.50e-06_Nx_256_neumann_dtout_125pphi.csv
Exception type : ValueError 
Exception message : could not convert string to float: '(-0.4332678072834556+0j)'
Stack trace : ['File : /sfs/gpfs/tardis/home/xpz5km/Cahn_Hilliard_Model_HPC/spinodal_decomp/compare_L2_error.py , Line : 86, Func.Name : compare_L2_error_at_timepoint, Message : snapshot_SAV = read_specific_lines(f"{root}/{SAV_fname}", line_list)', 'File : /sfs/gpfs/tardis/home/xpz5km/Cahn_Hilliard_Model_HPC/spinodal_decomp/compare_L2_error.py , Line : 19, Func.Name : read_specific_lines, Message : digits.append(float(i))']
match None
match <re.Match object; span=(0, 57), match='NMG_Python_20_dt_5.50e-06_Nx_64_neumann_dtout_175>
Python,20,64,neumann,1,1,75p
NMG_Python_20_dt_5.50e-06_Nx_64_neumann_dtout_175pphi.csv
Exception type : ValueError 
Exception message : could not convert string to float: '(0.18587751762543134+0j)'
Stack trace : ['File : /sfs/gpfs/tardis/home/xpz5km/Cahn_Hilliard_Model_HPC/spinodal_decomp/compare_L2_error.py , Line : 86, Func.Name : compare_L2_error_at_timepoint, Message : snapshot_SAV = read_specific_lines(f"{root}/{SAV_fname}", line_list)', 'File : /sfs/gpfs/tardis/home/xpz5km/Cahn_Hilliard_Model_HPC/spinodal_decomp/compare_L2_error.py , Line : 19, Func.Name : read_specific_lines, Message : digits.append(float(i))']
match None
match None
match None
match <re.Match object; span=(0, 59), match='NMG_Python_20_dt_5.50e-06_Nx_256_periodic_dtout_1>
Python,20,256,periodic,1,1,25p
NMG_Python_20_dt_5.50e-06_Nx_256_periodic_dtout_125pphi.csv
Exception type : ValueError 
Exception message : could not convert string to float: '(-0.43228009276693763+0j)'
Stack trace : ['File : /sfs/gpfs/tardis/home/xpz5km/Cahn_Hilliard_Model_HPC/spinodal_decomp/compare_L2_error.py , Line : 86, Func.Name : compare_L2_error_at_timepoint, Message : snapshot_SAV = read_specific_lines(f"{root}/{SAV_fname}", line_list)', 'File : /sfs/gpfs/tardis/home/xpz5km/Cahn_Hilliard_Model_HPC/spinodal_decomp/compare_L2_error.py , Line : 19, Func.Name : read_specific_lines, Message : digits.append(float(i))']
match <re.Match object; span=(0, 59), match='NMG_Python_20_dt_5.50e-06_Nx_64_periodic_dtout_20>
Python,20,64,periodic,20,20,25p
NMG_Python_20_dt_5.50e-06_Nx_64_periodic_dtout_2025pphi.csv
Exception type : ValueError 
Exception message : could not convert string to float: '(-0.2607501952412769+0j)'
Stack trace : ['File : /sfs/gpfs/tardis/home/xpz5km/Cahn_Hilliard_Model_HPC/spinodal_decomp/compare_L2_error.py , Line : 86, Func.Name : compare_L2_error_at_timepoint, Message : snapshot_SAV = read_specific_lines(f"{root}/{SAV_fname}", line_list)', 'File : /sfs/gpfs/tardis/home/xpz5km/Cahn_Hilliard_Model_HPC/spinodal_decomp/compare_L2_error.py , Line : 19, Func.Name : read_specific_lines, Message : digits.append(float(i))']
match None
match None
match <re.Match object; span=(0, 59), match='NMG_Python_20_dt_5.50e-06_Nx_512_periodic_dtout_1>
Python,20,512,periodic,1,1,50p
NMG_Python_20_dt_5.50e-06_Nx_512_periodic_dtout_150pphi.csv
Exception type : ValueError 
Exception message : could not convert string to float: '(0.8328126387785577+0j)'
Stack trace : ['File : /sfs/gpfs/tardis/home/xpz5km/Cahn_Hilliard_Model_HPC/spinodal_decomp/compare_L2_error.py , Line : 86, Func.Name : compare_L2_error_at_timepoint, Message : snapshot_SAV = read_specific_lines(f"{root}/{SAV_fname}", line_list)', 'File : /sfs/gpfs/tardis/home/xpz5km/Cahn_Hilliard_Model_HPC/spinodal_decomp/compare_L2_error.py , Line : 19, Func.Name : read_specific_lines, Message : digits.append(float(i))']
match None
match None
match None
match None
match None
match None
match None
match <re.Match object; span=(0, 63), match='SAV_Python_2000_dt_5.50e-06_Nx_512_neumann_dtout_>
Python,2000,512,neumann,2000,2000,50p not recorded; dt_out too large.
match <re.Match object; span=(0, 62), match='SAV_Python_2000_dt_5.50e-06_Nx_512_periodic_dtout>
match <re.Match object; span=(0, 63), match='SAV_Python_2000_dt_5.50e-06_Nx_512_neumann_dtout_>
Python,2000,512,neumann,2000,2000,75p not recorded; dt_out too large.
match None
match <re.Match object; span=(0, 60), match='NMG_Python_20_dt_5.50e-06_Nx_512_periodic_dtout_2>
Python,20,512,periodic,20,20,25p
NMG_Python_20_dt_5.50e-06_Nx_512_periodic_dtout_2025pphi.csv
Exception type : ValueError 
Exception message : could not convert string to float: '(-0.5924427840366981+0j)'
Stack trace : ['File : /sfs/gpfs/tardis/home/xpz5km/Cahn_Hilliard_Model_HPC/spinodal_decomp/compare_L2_error.py , Line : 86, Func.Name : compare_L2_error_at_timepoint, Message : snapshot_SAV = read_specific_lines(f"{root}/{SAV_fname}", line_list)', 'File : /sfs/gpfs/tardis/home/xpz5km/Cahn_Hilliard_Model_HPC/spinodal_decomp/compare_L2_error.py , Line : 19, Func.Name : read_specific_lines, Message : digits.append(float(i))']
match None
match <re.Match object; span=(0, 58), match='NMG_Python_20_dt_5.50e-06_Nx_64_neumann_dtout_205>
Python,20,64,neumann,20,20,50p
NMG_Python_20_dt_5.50e-06_Nx_64_neumann_dtout_2050pphi.csv
Exception type : ValueError 
Exception message : could not convert string to float: '(-0.8193172180077055+0j)'
Stack trace : ['File : /sfs/gpfs/tardis/home/xpz5km/Cahn_Hilliard_Model_HPC/spinodal_decomp/compare_L2_error.py , Line : 86, Func.Name : compare_L2_error_at_timepoint, Message : snapshot_SAV = read_specific_lines(f"{root}/{SAV_fname}", line_list)', 'File : /sfs/gpfs/tardis/home/xpz5km/Cahn_Hilliard_Model_HPC/spinodal_decomp/compare_L2_error.py , Line : 19, Func.Name : read_specific_lines, Message : digits.append(float(i))']
match <re.Match object; span=(0, 59), match='NMG_Python_20_dt_5.50e-06_Nx_128_neumann_dtout_20>
Python,20,128,neumann,20,20,75p
NMG_Python_20_dt_5.50e-06_Nx_128_neumann_dtout_2075pphi.csv
Exception type : ValueError 
Exception message : could not convert string to float: '(1.0070442820402468+0j)'
Stack trace : ['File : /sfs/gpfs/tardis/home/xpz5km/Cahn_Hilliard_Model_HPC/spinodal_decomp/compare_L2_error.py , Line : 86, Func.Name : compare_L2_error_at_timepoint, Message : snapshot_SAV = read_specific_lines(f"{root}/{SAV_fname}", line_list)', 'File : /sfs/gpfs/tardis/home/xpz5km/Cahn_Hilliard_Model_HPC/spinodal_decomp/compare_L2_error.py , Line : 19, Func.Name : read_specific_lines, Message : digits.append(float(i))']
match <re.Match object; span=(0, 57), match='NMG_Python_20_dt_5.50e-06_Nx_64_neumann_dtout_125>
Python,20,64,neumann,1,1,25p
NMG_Python_20_dt_5.50e-06_Nx_64_neumann_dtout_125pphi.csv
Exception type : ValueError 
Exception message : could not convert string to float: '(-0.6147980920825988+0j)'
Stack trace : ['File : /sfs/gpfs/tardis/home/xpz5km/Cahn_Hilliard_Model_HPC/spinodal_decomp/compare_L2_error.py , Line : 86, Func.Name : compare_L2_error_at_timepoint, Message : snapshot_SAV = read_specific_lines(f"{root}/{SAV_fname}", line_list)', 'File : /sfs/gpfs/tardis/home/xpz5km/Cahn_Hilliard_Model_HPC/spinodal_decomp/compare_L2_error.py , Line : 19, Func.Name : read_specific_lines, Message : digits.append(float(i))']
match None
match None
match None
match <re.Match object; span=(0, 62), match='SAV_Python_2000_dt_5.50e-06_Nx_64_neumann_dtout_2>
Python,2000,64,neumann,2000,2000,25p not recorded; dt_out too large.
match None
match None
match None
match <re.Match object; span=(0, 59), match='NMG_Python_20_dt_5.50e-06_Nx_512_periodic_dtout_1>
Python,20,512,periodic,1,1,25p
NMG_Python_20_dt_5.50e-06_Nx_512_periodic_dtout_125pphi.csv
Exception type : ValueError 
Exception message : could not convert string to float: '(-0.5831610300636418+0j)'
Stack trace : ['File : /sfs/gpfs/tardis/home/xpz5km/Cahn_Hilliard_Model_HPC/spinodal_decomp/compare_L2_error.py , Line : 86, Func.Name : compare_L2_error_at_timepoint, Message : snapshot_SAV = read_specific_lines(f"{root}/{SAV_fname}", line_list)', 'File : /sfs/gpfs/tardis/home/xpz5km/Cahn_Hilliard_Model_HPC/spinodal_decomp/compare_L2_error.py , Line : 19, Func.Name : read_specific_lines, Message : digits.append(float(i))']
match None
match <re.Match object; span=(0, 64), match='SAV_Python_2000_dt_5.50e-06_Nx_128_periodic_dtout>
Python,2000,128,periodic,2000,2000,25p not recorded; dt_out too large.
match <re.Match object; span=(0, 61), match='SAV_Python_2000_dt_5.50e-06_Nx_256_neumann_dtout_>
match None
match None
match None
match None
match <re.Match object; span=(0, 60), match='NMG_Python_20_dt_5.50e-06_Nx_512_periodic_dtout_2>
Python,20,512,periodic,20,20,50p
NMG_Python_20_dt_5.50e-06_Nx_512_periodic_dtout_2050pphi.csv
Exception type : ValueError 
Exception message : could not convert string to float: '(0.14766784652957254+0j)'
Stack trace : ['File : /sfs/gpfs/tardis/home/xpz5km/Cahn_Hilliard_Model_HPC/spinodal_decomp/compare_L2_error.py , Line : 86, Func.Name : compare_L2_error_at_timepoint, Message : snapshot_SAV = read_specific_lines(f"{root}/{SAV_fname}", line_list)', 'File : /sfs/gpfs/tardis/home/xpz5km/Cahn_Hilliard_Model_HPC/spinodal_decomp/compare_L2_error.py , Line : 19, Func.Name : read_specific_lines, Message : digits.append(float(i))']
match <re.Match object; span=(0, 64), match='SAV_Python_2000_dt_5.50e-06_Nx_512_periodic_dtout>
Python,2000,512,periodic,2000,2000,75p not recorded; dt_out too large.
match None
match None
match None
match None
match None
match <re.Match object; span=(0, 59), match='NMG_Python_20_dt_5.50e-06_Nx_128_periodic_dtout_1>
Python,20,128,periodic,1,1,75p
NMG_Python_20_dt_5.50e-06_Nx_128_periodic_dtout_175pphi.csv
Exception type : ValueError 
Exception message : could not convert string to float: '(0.5461364145960313+0j)'
Stack trace : ['File : /sfs/gpfs/tardis/home/xpz5km/Cahn_Hilliard_Model_HPC/spinodal_decomp/compare_L2_error.py , Line : 86, Func.Name : compare_L2_error_at_timepoint, Message : snapshot_SAV = read_specific_lines(f"{root}/{SAV_fname}", line_list)', 'File : /sfs/gpfs/tardis/home/xpz5km/Cahn_Hilliard_Model_HPC/spinodal_decomp/compare_L2_error.py , Line : 19, Func.Name : read_specific_lines, Message : digits.append(float(i))']
match <re.Match object; span=(0, 59), match='NMG_Python_20_dt_5.50e-06_Nx_512_periodic_dtout_1>
Python,20,512,periodic,1,1,75p
NMG_Python_20_dt_5.50e-06_Nx_512_periodic_dtout_175pphi.csv
Exception type : ValueError 
Exception message : could not convert string to float: '(0.8220076297875488+0j)'
Stack trace : ['File : /sfs/gpfs/tardis/home/xpz5km/Cahn_Hilliard_Model_HPC/spinodal_decomp/compare_L2_error.py , Line : 86, Func.Name : compare_L2_error_at_timepoint, Message : snapshot_SAV = read_specific_lines(f"{root}/{SAV_fname}", line_list)', 'File : /sfs/gpfs/tardis/home/xpz5km/Cahn_Hilliard_Model_HPC/spinodal_decomp/compare_L2_error.py , Line : 19, Func.Name : read_specific_lines, Message : digits.append(float(i))']
match None
match None
match None
match None
match <re.Match object; span=(0, 62), match='SAV_Python_2000_dt_5.50e-06_Nx_512_periodic_dtout>
match <re.Match object; span=(0, 62), match='SAV_Python_2000_dt_5.50e-06_Nx_128_periodic_dtout>
match None
match <re.Match object; span=(0, 58), match='NMG_Python_20_dt_5.50e-06_Nx_128_neumann_dtout_15>
Python,20,128,neumann,1,1,50p
NMG_Python_20_dt_5.50e-06_Nx_128_neumann_dtout_150pphi.csv
Exception type : ValueError 
Exception message : could not convert string to float: '(-0.1777731494979354+0j)'
Stack trace : ['File : /sfs/gpfs/tardis/home/xpz5km/Cahn_Hilliard_Model_HPC/spinodal_decomp/compare_L2_error.py , Line : 86, Func.Name : compare_L2_error_at_timepoint, Message : snapshot_SAV = read_specific_lines(f"{root}/{SAV_fname}", line_list)', 'File : /sfs/gpfs/tardis/home/xpz5km/Cahn_Hilliard_Model_HPC/spinodal_decomp/compare_L2_error.py , Line : 19, Func.Name : read_specific_lines, Message : digits.append(float(i))']
match None
match None
match None
match <re.Match object; span=(0, 63), match='SAV_Python_2000_dt_5.50e-06_Nx_64_periodic_dtout_>
Python,2000,64,periodic,2000,2000,25p not recorded; dt_out too large.
match None
match None
match None
match None
match None
match None
match None
match None
match None
match <re.Match object; span=(0, 60), match='NMG_Python_20_dt_5.50e-06_Nx_128_periodic_dtout_2>
Python,20,128,periodic,20,20,75p
NMG_Python_20_dt_5.50e-06_Nx_128_periodic_dtout_2075pphi.csv
Exception type : ValueError 
Exception message : could not convert string to float: '(-0.2259011345264694+0j)'
Stack trace : ['File : /sfs/gpfs/tardis/home/xpz5km/Cahn_Hilliard_Model_HPC/spinodal_decomp/compare_L2_error.py , Line : 86, Func.Name : compare_L2_error_at_timepoint, Message : snapshot_SAV = read_specific_lines(f"{root}/{SAV_fname}", line_list)', 'File : /sfs/gpfs/tardis/home/xpz5km/Cahn_Hilliard_Model_HPC/spinodal_decomp/compare_L2_error.py , Line : 19, Func.Name : read_specific_lines, Message : digits.append(float(i))']
match <re.Match object; span=(0, 62), match='SAV_Python_2000_dt_5.50e-06_Nx_64_neumann_dtout_2>
Python,2000,64,neumann,2000,2000,50p not recorded; dt_out too large.
match <re.Match object; span=(0, 64), match='SAV_Python_2000_dt_5.50e-06_Nx_128_periodic_dtout>
Python,2000,128,periodic,2000,2000,50p not recorded; dt_out too large.
match None
match None
match None
match None
match <re.Match object; span=(0, 60), match='NMG_Python_20_dt_5.50e-06_Nx_256_periodic_dtout_2>
Python,20,256,periodic,20,20,75p
NMG_Python_20_dt_5.50e-06_Nx_256_periodic_dtout_2075pphi.csv
Exception type : ValueError 
Exception message : could not convert string to float: '(0.4813657808640433+0j)'
Stack trace : ['File : /sfs/gpfs/tardis/home/xpz5km/Cahn_Hilliard_Model_HPC/spinodal_decomp/compare_L2_error.py , Line : 86, Func.Name : compare_L2_error_at_timepoint, Message : snapshot_SAV = read_specific_lines(f"{root}/{SAV_fname}", line_list)', 'File : /sfs/gpfs/tardis/home/xpz5km/Cahn_Hilliard_Model_HPC/spinodal_decomp/compare_L2_error.py , Line : 19, Func.Name : read_specific_lines, Message : digits.append(float(i))']
match <re.Match object; span=(0, 58), match='NMG_Python_20_dt_5.50e-06_Nx_512_neumann_dtout_17>
Python,20,512,neumann,1,1,75p
NMG_Python_20_dt_5.50e-06_Nx_512_neumann_dtout_175pphi.csv
Exception type : ValueError 
Exception message : could not convert string to float: '(0.928645837726092+0j)'
Stack trace : ['File : /sfs/gpfs/tardis/home/xpz5km/Cahn_Hilliard_Model_HPC/spinodal_decomp/compare_L2_error.py , Line : 86, Func.Name : compare_L2_error_at_timepoint, Message : snapshot_SAV = read_specific_lines(f"{root}/{SAV_fname}", line_list)', 'File : /sfs/gpfs/tardis/home/xpz5km/Cahn_Hilliard_Model_HPC/spinodal_decomp/compare_L2_error.py , Line : 19, Func.Name : read_specific_lines, Message : digits.append(float(i))']
match <re.Match object; span=(0, 58), match='NMG_Python_20_dt_5.50e-06_Nx_64_neumann_dtout_202>
Python,20,64,neumann,20,20,25p
NMG_Python_20_dt_5.50e-06_Nx_64_neumann_dtout_2025pphi.csv
Exception type : ValueError 
Exception message : could not convert string to float: '(-0.9129498158047057+0j)'
Stack trace : ['File : /sfs/gpfs/tardis/home/xpz5km/Cahn_Hilliard_Model_HPC/spinodal_decomp/compare_L2_error.py , Line : 86, Func.Name : compare_L2_error_at_timepoint, Message : snapshot_SAV = read_specific_lines(f"{root}/{SAV_fname}", line_list)', 'File : /sfs/gpfs/tardis/home/xpz5km/Cahn_Hilliard_Model_HPC/spinodal_decomp/compare_L2_error.py , Line : 19, Func.Name : read_specific_lines, Message : digits.append(float(i))']
match <re.Match object; span=(0, 58), match='NMG_Python_20_dt_5.50e-06_Nx_64_neumann_dtout_207>
Python,20,64,neumann,20,20,75p
NMG_Python_20_dt_5.50e-06_Nx_64_neumann_dtout_2075pphi.csv
Exception type : ValueError 
Exception message : could not convert string to float: '(-0.3181784942992353+0j)'
Stack trace : ['File : /sfs/gpfs/tardis/home/xpz5km/Cahn_Hilliard_Model_HPC/spinodal_decomp/compare_L2_error.py , Line : 86, Func.Name : compare_L2_error_at_timepoint, Message : snapshot_SAV = read_specific_lines(f"{root}/{SAV_fname}", line_list)', 'File : /sfs/gpfs/tardis/home/xpz5km/Cahn_Hilliard_Model_HPC/spinodal_decomp/compare_L2_error.py , Line : 19, Func.Name : read_specific_lines, Message : digits.append(float(i))']
match None
match None
match <re.Match object; span=(0, 62), match='SAV_Python_2000_dt_5.50e-06_Nx_128_periodic_dtout>
match <re.Match object; span=(0, 60), match='SAV_Python_2000_dt_5.50e-06_Nx_64_neumann_dtout_1>
match <re.Match object; span=(0, 63), match='SAV_Python_2000_dt_5.50e-06_Nx_64_periodic_dtout_>
Python,2000,64,periodic,2000,2000,50p not recorded; dt_out too large.
match <re.Match object; span=(0, 60), match='NMG_Python_20_dt_5.50e-06_Nx_512_periodic_dtout_2>
Python,20,512,periodic,20,20,75p
NMG_Python_20_dt_5.50e-06_Nx_512_periodic_dtout_2075pphi.csv
Exception type : ValueError 
Exception message : could not convert string to float: '(0.5212796069949747+0j)'
Stack trace : ['File : /sfs/gpfs/tardis/home/xpz5km/Cahn_Hilliard_Model_HPC/spinodal_decomp/compare_L2_error.py , Line : 86, Func.Name : compare_L2_error_at_timepoint, Message : snapshot_SAV = read_specific_lines(f"{root}/{SAV_fname}", line_list)', 'File : /sfs/gpfs/tardis/home/xpz5km/Cahn_Hilliard_Model_HPC/spinodal_decomp/compare_L2_error.py , Line : 19, Func.Name : read_specific_lines, Message : digits.append(float(i))']
match None
match <re.Match object; span=(0, 59), match='NMG_Python_20_dt_5.50e-06_Nx_512_neumann_dtout_20>
Python,20,512,neumann,20,20,25p
NMG_Python_20_dt_5.50e-06_Nx_512_neumann_dtout_2025pphi.csv
Exception type : ValueError 
Exception message : could not convert string to float: '(-0.19931155268433487+0j)'
Stack trace : ['File : /sfs/gpfs/tardis/home/xpz5km/Cahn_Hilliard_Model_HPC/spinodal_decomp/compare_L2_error.py , Line : 86, Func.Name : compare_L2_error_at_timepoint, Message : snapshot_SAV = read_specific_lines(f"{root}/{SAV_fname}", line_list)', 'File : /sfs/gpfs/tardis/home/xpz5km/Cahn_Hilliard_Model_HPC/spinodal_decomp/compare_L2_error.py , Line : 19, Func.Name : read_specific_lines, Message : digits.append(float(i))']
match <re.Match object; span=(0, 58), match='NMG_Python_20_dt_5.50e-06_Nx_512_neumann_dtout_15>
Python,20,512,neumann,1,1,50p
NMG_Python_20_dt_5.50e-06_Nx_512_neumann_dtout_150pphi.csv
Exception type : ValueError 
Exception message : could not convert string to float: '(0.8301664429811716+0j)'
Stack trace : ['File : /sfs/gpfs/tardis/home/xpz5km/Cahn_Hilliard_Model_HPC/spinodal_decomp/compare_L2_error.py , Line : 86, Func.Name : compare_L2_error_at_timepoint, Message : snapshot_SAV = read_specific_lines(f"{root}/{SAV_fname}", line_list)', 'File : /sfs/gpfs/tardis/home/xpz5km/Cahn_Hilliard_Model_HPC/spinodal_decomp/compare_L2_error.py , Line : 19, Func.Name : read_specific_lines, Message : digits.append(float(i))']
match <re.Match object; span=(0, 58), match='NMG_Python_20_dt_5.50e-06_Nx_64_periodic_dtout_12>
Python,20,64,periodic,1,1,25p
NMG_Python_20_dt_5.50e-06_Nx_64_periodic_dtout_125pphi.csv
Exception type : ValueError 
Exception message : could not convert string to float: '(-0.5466373758047715+0j)'
Stack trace : ['File : /sfs/gpfs/tardis/home/xpz5km/Cahn_Hilliard_Model_HPC/spinodal_decomp/compare_L2_error.py , Line : 86, Func.Name : compare_L2_error_at_timepoint, Message : snapshot_SAV = read_specific_lines(f"{root}/{SAV_fname}", line_list)', 'File : /sfs/gpfs/tardis/home/xpz5km/Cahn_Hilliard_Model_HPC/spinodal_decomp/compare_L2_error.py , Line : 19, Func.Name : read_specific_lines, Message : digits.append(float(i))']
match None
match <re.Match object; span=(0, 62), match='SAV_Python_2000_dt_5.50e-06_Nx_256_periodic_dtout>
match <re.Match object; span=(0, 63), match='SAV_Python_2000_dt_5.50e-06_Nx_128_neumann_dtout_>
Python,2000,128,neumann,2000,2000,75p not recorded; dt_out too large.
match <re.Match object; span=(0, 60), match='NMG_Python_20_dt_5.50e-06_Nx_128_periodic_dtout_2>
Python,20,128,periodic,20,20,50p
NMG_Python_20_dt_5.50e-06_Nx_128_periodic_dtout_2050pphi.csv
Exception type : ValueError 
Exception message : could not convert string to float: '(-0.3095721867886947+0j)'
Stack trace : ['File : /sfs/gpfs/tardis/home/xpz5km/Cahn_Hilliard_Model_HPC/spinodal_decomp/compare_L2_error.py , Line : 86, Func.Name : compare_L2_error_at_timepoint, Message : snapshot_SAV = read_specific_lines(f"{root}/{SAV_fname}", line_list)', 'File : /sfs/gpfs/tardis/home/xpz5km/Cahn_Hilliard_Model_HPC/spinodal_decomp/compare_L2_error.py , Line : 19, Func.Name : read_specific_lines, Message : digits.append(float(i))']
match None
match None
match None
match <re.Match object; span=(0, 60), match='NMG_Python_20_dt_5.50e-06_Nx_256_periodic_dtout_2>
Python,20,256,periodic,20,20,50p
NMG_Python_20_dt_5.50e-06_Nx_256_periodic_dtout_2050pphi.csv
Exception type : ValueError 
Exception message : could not convert string to float: '(0.010506962033912721+0j)'
Stack trace : ['File : /sfs/gpfs/tardis/home/xpz5km/Cahn_Hilliard_Model_HPC/spinodal_decomp/compare_L2_error.py , Line : 86, Func.Name : compare_L2_error_at_timepoint, Message : snapshot_SAV = read_specific_lines(f"{root}/{SAV_fname}", line_list)', 'File : /sfs/gpfs/tardis/home/xpz5km/Cahn_Hilliard_Model_HPC/spinodal_decomp/compare_L2_error.py , Line : 19, Func.Name : read_specific_lines, Message : digits.append(float(i))']
match None
match <re.Match object; span=(0, 62), match='SAV_Python_2000_dt_5.50e-06_Nx_256_periodic_dtout>
match None
match <re.Match object; span=(0, 63), match='SAV_Python_2000_dt_5.50e-06_Nx_256_neumann_dtout_>
Python,2000,256,neumann,2000,2000,50p not recorded; dt_out too large.
match None
match None
match <re.Match object; span=(0, 59), match='NMG_Python_20_dt_5.50e-06_Nx_64_periodic_dtout_20>
Python,20,64,periodic,20,20,50p
NMG_Python_20_dt_5.50e-06_Nx_64_periodic_dtout_2050pphi.csv
Exception type : ValueError 
Exception message : could not convert string to float: '(-0.4179450898314091+0j)'
Stack trace : ['File : /sfs/gpfs/tardis/home/xpz5km/Cahn_Hilliard_Model_HPC/spinodal_decomp/compare_L2_error.py , Line : 86, Func.Name : compare_L2_error_at_timepoint, Message : snapshot_SAV = read_specific_lines(f"{root}/{SAV_fname}", line_list)', 'File : /sfs/gpfs/tardis/home/xpz5km/Cahn_Hilliard_Model_HPC/spinodal_decomp/compare_L2_error.py , Line : 19, Func.Name : read_specific_lines, Message : digits.append(float(i))']
match <re.Match object; span=(0, 63), match='SAV_Python_2000_dt_5.50e-06_Nx_512_neumann_dtout_>
Python,2000,512,neumann,2000,2000,25p not recorded; dt_out too large.
match None
match <re.Match object; span=(0, 59), match='NMG_Python_20_dt_5.50e-06_Nx_512_neumann_dtout_20>
Python,20,512,neumann,20,20,75p
NMG_Python_20_dt_5.50e-06_Nx_512_neumann_dtout_2075pphi.csv
Exception type : ValueError 
Exception message : could not convert string to float: '(0.6537176705314839+0j)'
Stack trace : ['File : /sfs/gpfs/tardis/home/xpz5km/Cahn_Hilliard_Model_HPC/spinodal_decomp/compare_L2_error.py , Line : 86, Func.Name : compare_L2_error_at_timepoint, Message : snapshot_SAV = read_specific_lines(f"{root}/{SAV_fname}", line_list)', 'File : /sfs/gpfs/tardis/home/xpz5km/Cahn_Hilliard_Model_HPC/spinodal_decomp/compare_L2_error.py , Line : 19, Func.Name : read_specific_lines, Message : digits.append(float(i))']
match None
match None
match <re.Match object; span=(0, 59), match='NMG_Python_20_dt_5.50e-06_Nx_256_neumann_dtout_20>
Python,20,256,neumann,20,20,25p
NMG_Python_20_dt_5.50e-06_Nx_256_neumann_dtout_2025pphi.csv
Exception type : ValueError 
Exception message : could not convert string to float: '(-0.32927592388756166+0j)'
Stack trace : ['File : /sfs/gpfs/tardis/home/xpz5km/Cahn_Hilliard_Model_HPC/spinodal_decomp/compare_L2_error.py , Line : 86, Func.Name : compare_L2_error_at_timepoint, Message : snapshot_SAV = read_specific_lines(f"{root}/{SAV_fname}", line_list)', 'File : /sfs/gpfs/tardis/home/xpz5km/Cahn_Hilliard_Model_HPC/spinodal_decomp/compare_L2_error.py , Line : 19, Func.Name : read_specific_lines, Message : digits.append(float(i))']
match <re.Match object; span=(0, 61), match='SAV_Python_2000_dt_5.50e-06_Nx_512_neumann_dtout_>
match None
match None
match None
match <re.Match object; span=(0, 62), match='SAV_Python_2000_dt_5.50e-06_Nx_64_neumann_dtout_2>
Python,2000,64,neumann,2000,2000,75p not recorded; dt_out too large.
match None
match None
match None
match None
match None
match None
match None
match None
match <re.Match object; span=(0, 59), match='NMG_Python_20_dt_5.50e-06_Nx_128_neumann_dtout_20>
Python,20,128,neumann,20,20,25p
NMG_Python_20_dt_5.50e-06_Nx_128_neumann_dtout_2025pphi.csv
Exception type : ValueError 
Exception message : could not convert string to float: '(-0.10276645075364461+0j)'
Stack trace : ['File : /sfs/gpfs/tardis/home/xpz5km/Cahn_Hilliard_Model_HPC/spinodal_decomp/compare_L2_error.py , Line : 86, Func.Name : compare_L2_error_at_timepoint, Message : snapshot_SAV = read_specific_lines(f"{root}/{SAV_fname}", line_list)', 'File : /sfs/gpfs/tardis/home/xpz5km/Cahn_Hilliard_Model_HPC/spinodal_decomp/compare_L2_error.py , Line : 19, Func.Name : read_specific_lines, Message : digits.append(float(i))']
match None
match <re.Match object; span=(0, 62), match='SAV_Python_2000_dt_5.50e-06_Nx_256_periodic_dtout>
match <re.Match object; span=(0, 59), match='NMG_Python_20_dt_5.50e-06_Nx_64_periodic_dtout_20>
Python,20,64,periodic,20,20,75p
NMG_Python_20_dt_5.50e-06_Nx_64_periodic_dtout_2075pphi.csv
Exception type : ValueError 
Exception message : could not convert string to float: '(0.36662716665050266+0j)'
Stack trace : ['File : /sfs/gpfs/tardis/home/xpz5km/Cahn_Hilliard_Model_HPC/spinodal_decomp/compare_L2_error.py , Line : 86, Func.Name : compare_L2_error_at_timepoint, Message : snapshot_SAV = read_specific_lines(f"{root}/{SAV_fname}", line_list)', 'File : /sfs/gpfs/tardis/home/xpz5km/Cahn_Hilliard_Model_HPC/spinodal_decomp/compare_L2_error.py , Line : 19, Func.Name : read_specific_lines, Message : digits.append(float(i))']
match None
match <re.Match object; span=(0, 59), match='NMG_Python_20_dt_5.50e-06_Nx_256_periodic_dtout_1>
Python,20,256,periodic,1,1,75p
NMG_Python_20_dt_5.50e-06_Nx_256_periodic_dtout_175pphi.csv
Exception type : ValueError 
Exception message : could not convert string to float: '(0.5684544548094815+0j)'
Stack trace : ['File : /sfs/gpfs/tardis/home/xpz5km/Cahn_Hilliard_Model_HPC/spinodal_decomp/compare_L2_error.py , Line : 86, Func.Name : compare_L2_error_at_timepoint, Message : snapshot_SAV = read_specific_lines(f"{root}/{SAV_fname}", line_list)', 'File : /sfs/gpfs/tardis/home/xpz5km/Cahn_Hilliard_Model_HPC/spinodal_decomp/compare_L2_error.py , Line : 19, Func.Name : read_specific_lines, Message : digits.append(float(i))']
match <re.Match object; span=(0, 58), match='NMG_Python_20_dt_5.50e-06_Nx_64_periodic_dtout_15>
Python,20,64,periodic,1,1,50p
NMG_Python_20_dt_5.50e-06_Nx_64_periodic_dtout_150pphi.csv
Exception type : ValueError 
Exception message : could not convert string to float: '(-0.2518979974084931+0j)'
Stack trace : ['File : /sfs/gpfs/tardis/home/xpz5km/Cahn_Hilliard_Model_HPC/spinodal_decomp/compare_L2_error.py , Line : 86, Func.Name : compare_L2_error_at_timepoint, Message : snapshot_SAV = read_specific_lines(f"{root}/{SAV_fname}", line_list)', 'File : /sfs/gpfs/tardis/home/xpz5km/Cahn_Hilliard_Model_HPC/spinodal_decomp/compare_L2_error.py , Line : 19, Func.Name : read_specific_lines, Message : digits.append(float(i))']
match <re.Match object; span=(0, 60), match='SAV_Python_2000_dt_5.50e-06_Nx_64_neumann_dtout_1>
match <re.Match object; span=(0, 59), match='NMG_Python_20_dt_5.50e-06_Nx_128_periodic_dtout_1>
Python,20,128,periodic,1,1,25p
NMG_Python_20_dt_5.50e-06_Nx_128_periodic_dtout_125pphi.csv
Exception type : ValueError 
Exception message : could not convert string to float: '(-0.5251414362427179+0j)'
Stack trace : ['File : /sfs/gpfs/tardis/home/xpz5km/Cahn_Hilliard_Model_HPC/spinodal_decomp/compare_L2_error.py , Line : 86, Func.Name : compare_L2_error_at_timepoint, Message : snapshot_SAV = read_specific_lines(f"{root}/{SAV_fname}", line_list)', 'File : /sfs/gpfs/tardis/home/xpz5km/Cahn_Hilliard_Model_HPC/spinodal_decomp/compare_L2_error.py , Line : 19, Func.Name : read_specific_lines, Message : digits.append(float(i))']
match None
match None
match None
match None
match None
match <re.Match object; span=(0, 61), match='SAV_Python_2000_dt_5.50e-06_Nx_128_neumann_dtout_>
match None
match <re.Match object; span=(0, 60), match='SAV_Python_2000_dt_5.50e-06_Nx_64_neumann_dtout_1>
match None
15
match None
match None
match <re.Match object; span=(0, 59), match='NMG_Python_20_dt_5.50e-06_Nx_256_neumann_dtout_20>
Python,20,256,neumann,20,20,75p
NMG_Python_20_dt_5.50e-06_Nx_256_neumann_dtout_2075pphi.csv
Exception type : ValueError 
Exception message : could not convert string to float: '(0.41950652511946407+0j)'
Stack trace : ['File : /sfs/gpfs/tardis/home/xpz5km/Cahn_Hilliard_Model_HPC/spinodal_decomp/compare_L2_error.py , Line : 86, Func.Name : compare_L2_error_at_timepoint, Message : snapshot_SAV = read_specific_lines(f"{root}/{SAV_fname}", line_list)', 'File : /sfs/gpfs/tardis/home/xpz5km/Cahn_Hilliard_Model_HPC/spinodal_decomp/compare_L2_error.py , Line : 19, Func.Name : read_specific_lines, Message : digits.append(float(i))']
match None
match None
match None
match None
match None
match None
match None
match <re.Match object; span=(0, 62), match='SAV_Python_2000_dt_5.50e-06_Nx_128_periodic_dtout>
match None
match None
match None
match None
match None
match None
match None
match None
match None
match None
match <re.Match object; span=(0, 63), match='SAV_Python_2000_dt_5.50e-06_Nx_256_neumann_dtout_>
Python,2000,256,neumann,2000,2000,25p not recorded; dt_out too large.
match <re.Match object; span=(0, 61), match='SAV_Python_2000_dt_5.50e-06_Nx_128_neumann_dtout_>
match <re.Match object; span=(0, 60), match='NMG_Python_20_dt_5.50e-06_Nx_128_periodic_dtout_2>
Python,20,128,periodic,20,20,25p
NMG_Python_20_dt_5.50e-06_Nx_128_periodic_dtout_2025pphi.csv
Exception type : ValueError 
Exception message : could not convert string to float: '(-0.5392675015155758+0j)'
Stack trace : ['File : /sfs/gpfs/tardis/home/xpz5km/Cahn_Hilliard_Model_HPC/spinodal_decomp/compare_L2_error.py , Line : 86, Func.Name : compare_L2_error_at_timepoint, Message : snapshot_SAV = read_specific_lines(f"{root}/{SAV_fname}", line_list)', 'File : /sfs/gpfs/tardis/home/xpz5km/Cahn_Hilliard_Model_HPC/spinodal_decomp/compare_L2_error.py , Line : 19, Func.Name : read_specific_lines, Message : digits.append(float(i))']
match None
match None
match <re.Match object; span=(0, 64), match='SAV_Python_2000_dt_5.50e-06_Nx_256_periodic_dtout>
Python,2000,256,periodic,2000,2000,50p not recorded; dt_out too large.
match None
match <re.Match object; span=(0, 60), match='NMG_Python_20_dt_5.50e-06_Nx_256_periodic_dtout_2>
Python,20,256,periodic,20,20,25p
NMG_Python_20_dt_5.50e-06_Nx_256_periodic_dtout_2025pphi.csv
Exception type : ValueError 
Exception message : could not convert string to float: '(-0.4170151417869721+0j)'
Stack trace : ['File : /sfs/gpfs/tardis/home/xpz5km/Cahn_Hilliard_Model_HPC/spinodal_decomp/compare_L2_error.py , Line : 86, Func.Name : compare_L2_error_at_timepoint, Message : snapshot_SAV = read_specific_lines(f"{root}/{SAV_fname}", line_list)', 'File : /sfs/gpfs/tardis/home/xpz5km/Cahn_Hilliard_Model_HPC/spinodal_decomp/compare_L2_error.py , Line : 19, Func.Name : read_specific_lines, Message : digits.append(float(i))']
match <re.Match object; span=(0, 59), match='NMG_Python_20_dt_5.50e-06_Nx_512_neumann_dtout_20>
Python,20,512,neumann,20,20,50p
NMG_Python_20_dt_5.50e-06_Nx_512_neumann_dtout_2050pphi.csv
Exception type : ValueError 
Exception message : could not convert string to float: '(0.3765941854894782+0j)'
Stack trace : ['File : /sfs/gpfs/tardis/home/xpz5km/Cahn_Hilliard_Model_HPC/spinodal_decomp/compare_L2_error.py , Line : 86, Func.Name : compare_L2_error_at_timepoint, Message : snapshot_SAV = read_specific_lines(f"{root}/{SAV_fname}", line_list)', 'File : /sfs/gpfs/tardis/home/xpz5km/Cahn_Hilliard_Model_HPC/spinodal_decomp/compare_L2_error.py , Line : 19, Func.Name : read_specific_lines, Message : digits.append(float(i))']
match None
match None
match None
match None
match None
match None
match <re.Match object; span=(0, 64), match='SAV_Python_2000_dt_5.50e-06_Nx_512_periodic_dtout>
Python,2000,512,periodic,2000,2000,25p not recorded; dt_out too large.
match None
match None
match <re.Match object; span=(0, 63), match='SAV_Python_2000_dt_5.50e-06_Nx_64_periodic_dtout_>
Python,2000,64,periodic,2000,2000,75p not recorded; dt_out too large.
match None
match <re.Match object; span=(0, 64), match='SAV_Python_2000_dt_5.50e-06_Nx_256_periodic_dtout>
Python,2000,256,periodic,2000,2000,25p not recorded; dt_out too large.
match None
match None
match None
match None
match None
match None
match None
match None
match None
match None
match None
match None
match None
match None
match None
match None
match <re.Match object; span=(0, 61), match='SAV_Python_2000_dt_5.50e-06_Nx_64_periodic_dtout_>
match None
match None
match <re.Match object; span=(0, 63), match='SAV_Python_2000_dt_5.50e-06_Nx_256_neumann_dtout_>
Python,2000,256,neumann,2000,2000,75p not recorded; dt_out too large.
match None
match None
match <re.Match object; span=(0, 64), match='SAV_Python_2000_dt_5.50e-06_Nx_128_periodic_dtout>
Python,2000,128,periodic,2000,2000,75p not recorded; dt_out too large.
match None
match None
match None
match None
match None
match None
match <re.Match object; span=(0, 58), match='NMG_Python_20_dt_5.50e-06_Nx_128_neumann_dtout_12>
Python,20,128,neumann,1,1,25p
NMG_Python_20_dt_5.50e-06_Nx_128_neumann_dtout_125pphi.csv
Exception type : ValueError 
Exception message : could not convert string to float: '(-0.2135882581141163+0j)'
Stack trace : ['File : /sfs/gpfs/tardis/home/xpz5km/Cahn_Hilliard_Model_HPC/spinodal_decomp/compare_L2_error.py , Line : 86, Func.Name : compare_L2_error_at_timepoint, Message : snapshot_SAV = read_specific_lines(f"{root}/{SAV_fname}", line_list)', 'File : /sfs/gpfs/tardis/home/xpz5km/Cahn_Hilliard_Model_HPC/spinodal_decomp/compare_L2_error.py , Line : 19, Func.Name : read_specific_lines, Message : digits.append(float(i))']
match <re.Match object; span=(0, 64), match='SAV_Python_2000_dt_5.50e-06_Nx_256_periodic_dtout>
Python,2000,256,periodic,2000,2000,75p not recorded; dt_out too large.
match None
match None
match None
match None
match None
match <re.Match object; span=(0, 59), match='NMG_Python_20_dt_5.50e-06_Nx_256_neumann_dtout_20>
Python,20,256,neumann,20,20,50p
NMG_Python_20_dt_5.50e-06_Nx_256_neumann_dtout_2050pphi.csv
Exception type : ValueError 
Exception message : could not convert string to float: '(0.07069788833767843+0j)'
Stack trace : ['File : /sfs/gpfs/tardis/home/xpz5km/Cahn_Hilliard_Model_HPC/spinodal_decomp/compare_L2_error.py , Line : 86, Func.Name : compare_L2_error_at_timepoint, Message : snapshot_SAV = read_specific_lines(f"{root}/{SAV_fname}", line_list)', 'File : /sfs/gpfs/tardis/home/xpz5km/Cahn_Hilliard_Model_HPC/spinodal_decomp/compare_L2_error.py , Line : 19, Func.Name : read_specific_lines, Message : digits.append(float(i))']
match None
match None
match <re.Match object; span=(0, 61), match='SAV_Python_2000_dt_5.50e-06_Nx_64_periodic_dtout_>
match None
match <re.Match object; span=(0, 63), match='SAV_Python_2000_dt_5.50e-06_Nx_128_neumann_dtout_>
Python,2000,128,neumann,2000,2000,25p not recorded; dt_out too large.
match None
match None
match None
match None
match <re.Match object; span=(0, 58), match='NMG_Python_20_dt_5.50e-06_Nx_64_periodic_dtout_17>
Python,20,64,periodic,1,1,75p
NMG_Python_20_dt_5.50e-06_Nx_64_periodic_dtout_175pphi.csv
Exception type : ValueError 
Exception message : could not convert string to float: '(0.5409973530496808+0j)'
Stack trace : ['File : /sfs/gpfs/tardis/home/xpz5km/Cahn_Hilliard_Model_HPC/spinodal_decomp/compare_L2_error.py , Line : 86, Func.Name : compare_L2_error_at_timepoint, Message : snapshot_SAV = read_specific_lines(f"{root}/{SAV_fname}", line_list)', 'File : /sfs/gpfs/tardis/home/xpz5km/Cahn_Hilliard_Model_HPC/spinodal_decomp/compare_L2_error.py , Line : 19, Func.Name : read_specific_lines, Message : digits.append(float(i))']
match <re.Match object; span=(0, 61), match='SAV_Python_2000_dt_5.50e-06_Nx_256_neumann_dtout_>
match None
match None
match None
match None
match None
match <re.Match object; span=(0, 59), match='NMG_Python_20_dt_5.50e-06_Nx_256_periodic_dtout_1>
Python,20,256,periodic,1,1,50p
NMG_Python_20_dt_5.50e-06_Nx_256_periodic_dtout_150pphi.csv
Exception type : ValueError 
Exception message : could not convert string to float: '(-0.1985918881952634+0j)'
Stack trace : ['File : /sfs/gpfs/tardis/home/xpz5km/Cahn_Hilliard_Model_HPC/spinodal_decomp/compare_L2_error.py , Line : 86, Func.Name : compare_L2_error_at_timepoint, Message : snapshot_SAV = read_specific_lines(f"{root}/{SAV_fname}", line_list)', 'File : /sfs/gpfs/tardis/home/xpz5km/Cahn_Hilliard_Model_HPC/spinodal_decomp/compare_L2_error.py , Line : 19, Func.Name : read_specific_lines, Message : digits.append(float(i))']
match <re.Match object; span=(0, 61), match='SAV_Python_2000_dt_5.50e-06_Nx_64_periodic_dtout_>
match None
match <re.Match object; span=(0, 58), match='NMG_Python_20_dt_5.50e-06_Nx_128_neumann_dtout_17>
Python,20,128,neumann,1,1,75p
NMG_Python_20_dt_5.50e-06_Nx_128_neumann_dtout_175pphi.csv
Exception type : ValueError 
Exception message : could not convert string to float: '(0.6901513429791309+0j)'
Stack trace : ['File : /sfs/gpfs/tardis/home/xpz5km/Cahn_Hilliard_Model_HPC/spinodal_decomp/compare_L2_error.py , Line : 86, Func.Name : compare_L2_error_at_timepoint, Message : snapshot_SAV = read_specific_lines(f"{root}/{SAV_fname}", line_list)', 'File : /sfs/gpfs/tardis/home/xpz5km/Cahn_Hilliard_Model_HPC/spinodal_decomp/compare_L2_error.py , Line : 19, Func.Name : read_specific_lines, Message : digits.append(float(i))']
match None
match None
match <re.Match object; span=(0, 61), match='SAV_Python_2000_dt_5.50e-06_Nx_512_neumann_dtout_>
match None
match None
match None
match None
match None
match None
match None
match None
match None
match None
match <re.Match object; span=(0, 61), match='SAV_Python_2000_dt_5.50e-06_Nx_256_neumann_dtout_>
match None
match <re.Match object; span=(0, 57), match='NMG_Python_20_dt_5.50e-06_Nx_64_neumann_dtout_150>
Python,20,64,neumann,1,1,50p
NMG_Python_20_dt_5.50e-06_Nx_64_neumann_dtout_150pphi.csv
Exception type : ValueError 
Exception message : could not convert string to float: '(-0.4023750131198249+0j)'
Stack trace : ['File : /sfs/gpfs/tardis/home/xpz5km/Cahn_Hilliard_Model_HPC/spinodal_decomp/compare_L2_error.py , Line : 86, Func.Name : compare_L2_error_at_timepoint, Message : snapshot_SAV = read_specific_lines(f"{root}/{SAV_fname}", line_list)', 'File : /sfs/gpfs/tardis/home/xpz5km/Cahn_Hilliard_Model_HPC/spinodal_decomp/compare_L2_error.py , Line : 19, Func.Name : read_specific_lines, Message : digits.append(float(i))']
match None
match <re.Match object; span=(0, 58), match='NMG_Python_20_dt_5.50e-06_Nx_256_neumann_dtout_15>
Python,20,256,neumann,1,1,50p
NMG_Python_20_dt_5.50e-06_Nx_256_neumann_dtout_150pphi.csv
Exception type : ValueError 
Exception message : could not convert string to float: '(0.09125896998113668+0j)'
Stack trace : ['File : /sfs/gpfs/tardis/home/xpz5km/Cahn_Hilliard_Model_HPC/spinodal_decomp/compare_L2_error.py , Line : 86, Func.Name : compare_L2_error_at_timepoint, Message : snapshot_SAV = read_specific_lines(f"{root}/{SAV_fname}", line_list)', 'File : /sfs/gpfs/tardis/home/xpz5km/Cahn_Hilliard_Model_HPC/spinodal_decomp/compare_L2_error.py , Line : 19, Func.Name : read_specific_lines, Message : digits.append(float(i))']
match <re.Match object; span=(0, 58), match='NMG_Python_20_dt_5.50e-06_Nx_512_neumann_dtout_12>
Python,20,512,neumann,1,1,25p
NMG_Python_20_dt_5.50e-06_Nx_512_neumann_dtout_125pphi.csv
Exception type : ValueError 
Exception message : could not convert string to float: '(0.9306637155477417+0j)'
Stack trace : ['File : /sfs/gpfs/tardis/home/xpz5km/Cahn_Hilliard_Model_HPC/spinodal_decomp/compare_L2_error.py , Line : 86, Func.Name : compare_L2_error_at_timepoint, Message : snapshot_SAV = read_specific_lines(f"{root}/{SAV_fname}", line_list)', 'File : /sfs/gpfs/tardis/home/xpz5km/Cahn_Hilliard_Model_HPC/spinodal_decomp/compare_L2_error.py , Line : 19, Func.Name : read_specific_lines, Message : digits.append(float(i))']
match None
match None
match <re.Match object; span=(0, 62), match='SAV_Python_2000_dt_5.50e-06_Nx_512_periodic_dtout>
match None
match None
match <re.Match object; span=(0, 63), match='SAV_Python_2000_dt_5.50e-06_Nx_128_neumann_dtout_>
Python,2000,128,neumann,2000,2000,50p not recorded; dt_out too large.
match None
match None
match <re.Match object; span=(0, 64), match='SAV_Python_2000_dt_5.50e-06_Nx_512_periodic_dtout>
Python,2000,512,periodic,2000,2000,50p not recorded; dt_out too large.
match <re.Match object; span=(0, 61), match='SAV_Python_2000_dt_5.50e-06_Nx_512_neumann_dtout_>
match None
match None
match None
match None
match <re.Match object; span=(0, 58), match='NMG_Python_20_dt_5.50e-06_Nx_256_neumann_dtout_17>
Python,20,256,neumann,1,1,75p
NMG_Python_20_dt_5.50e-06_Nx_256_neumann_dtout_175pphi.csv
Exception type : ValueError 
Exception message : could not convert string to float: '(0.4847926146342641+0j)'
Stack trace : ['File : /sfs/gpfs/tardis/home/xpz5km/Cahn_Hilliard_Model_HPC/spinodal_decomp/compare_L2_error.py , Line : 86, Func.Name : compare_L2_error_at_timepoint, Message : snapshot_SAV = read_specific_lines(f"{root}/{SAV_fname}", line_list)', 'File : /sfs/gpfs/tardis/home/xpz5km/Cahn_Hilliard_Model_HPC/spinodal_decomp/compare_L2_error.py , Line : 19, Func.Name : read_specific_lines, Message : digits.append(float(i))']
match None
match <re.Match object; span=(0, 61), match='SAV_Python_2000_dt_5.50e-06_Nx_128_neumann_dtout_>
match None
match None
match None
match None
match None
match <re.Match object; span=(0, 59), match='NMG_Python_20_dt_5.50e-06_Nx_128_neumann_dtout_20>
Python,20,128,neumann,20,20,50p
NMG_Python_20_dt_5.50e-06_Nx_128_neumann_dtout_2050pphi.csv
Exception type : ValueError 
Exception message : could not convert string to float: '(0.4578281761662219+0j)'
Stack trace : ['File : /sfs/gpfs/tardis/home/xpz5km/Cahn_Hilliard_Model_HPC/spinodal_decomp/compare_L2_error.py , Line : 86, Func.Name : compare_L2_error_at_timepoint, Message : snapshot_SAV = read_specific_lines(f"{root}/{SAV_fname}", line_list)', 'File : /sfs/gpfs/tardis/home/xpz5km/Cahn_Hilliard_Model_HPC/spinodal_decomp/compare_L2_error.py , Line : 19, Func.Name : read_specific_lines, Message : digits.append(float(i))']
match None
match <re.Match object; span=(0, 59), match='NMG_Python_20_dt_5.50e-06_Nx_128_periodic_dtout_1>
Python,20,128,periodic,1,1,50p
NMG_Python_20_dt_5.50e-06_Nx_128_periodic_dtout_150pphi.csv
Exception type : ValueError 
Exception message : could not convert string to float: '(-0.2594490120139055+0j)'
Stack trace : ['File : /sfs/gpfs/tardis/home/xpz5km/Cahn_Hilliard_Model_HPC/spinodal_decomp/compare_L2_error.py , Line : 86, Func.Name : compare_L2_error_at_timepoint, Message : snapshot_SAV = read_specific_lines(f"{root}/{SAV_fname}", line_list)', 'File : /sfs/gpfs/tardis/home/xpz5km/Cahn_Hilliard_Model_HPC/spinodal_decomp/compare_L2_error.py , Line : 19, Func.Name : read_specific_lines, Message : digits.append(float(i))']
match <re.Match object; span=(0, 58), match='NMG_Python_20_dt_5.50e-06_Nx_256_neumann_dtout_12>
Python,20,256,neumann,1,1,25p
NMG_Python_20_dt_5.50e-06_Nx_256_neumann_dtout_125pphi.csv
Exception type : ValueError 
Exception message : could not convert string to float: '(-0.43530636484426344+0j)'
Stack trace : ['File : /sfs/gpfs/tardis/home/xpz5km/Cahn_Hilliard_Model_HPC/spinodal_decomp/compare_L2_error.py , Line : 86, Func.Name : compare_L2_error_at_timepoint, Message : snapshot_SAV = read_specific_lines(f"{root}/{SAV_fname}", line_list)', 'File : /sfs/gpfs/tardis/home/xpz5km/Cahn_Hilliard_Model_HPC/spinodal_decomp/compare_L2_error.py , Line : 19, Func.Name : read_specific_lines, Message : digits.append(float(i))']
match None
match <re.Match object; span=(0, 57), match='NMG_Python_20_dt_5.50e-06_Nx_64_neumann_dtout_175>
Python,20,64,neumann,1,1,75p
NMG_Python_20_dt_5.50e-06_Nx_64_neumann_dtout_175pphi.csv
Exception type : ValueError 
Exception message : could not convert string to float: '(0.2075039176724288+0j)'
Stack trace : ['File : /sfs/gpfs/tardis/home/xpz5km/Cahn_Hilliard_Model_HPC/spinodal_decomp/compare_L2_error.py , Line : 86, Func.Name : compare_L2_error_at_timepoint, Message : snapshot_SAV = read_specific_lines(f"{root}/{SAV_fname}", line_list)', 'File : /sfs/gpfs/tardis/home/xpz5km/Cahn_Hilliard_Model_HPC/spinodal_decomp/compare_L2_error.py , Line : 19, Func.Name : read_specific_lines, Message : digits.append(float(i))']
match None
match None
match None
match <re.Match object; span=(0, 59), match='NMG_Python_20_dt_5.50e-06_Nx_256_periodic_dtout_1>
Python,20,256,periodic,1,1,25p
NMG_Python_20_dt_5.50e-06_Nx_256_periodic_dtout_125pphi.csv
Exception type : ValueError 
Exception message : could not convert string to float: '(-0.4312188194392456+0j)'
Stack trace : ['File : /sfs/gpfs/tardis/home/xpz5km/Cahn_Hilliard_Model_HPC/spinodal_decomp/compare_L2_error.py , Line : 86, Func.Name : compare_L2_error_at_timepoint, Message : snapshot_SAV = read_specific_lines(f"{root}/{SAV_fname}", line_list)', 'File : /sfs/gpfs/tardis/home/xpz5km/Cahn_Hilliard_Model_HPC/spinodal_decomp/compare_L2_error.py , Line : 19, Func.Name : read_specific_lines, Message : digits.append(float(i))']
match <re.Match object; span=(0, 59), match='NMG_Python_20_dt_5.50e-06_Nx_64_periodic_dtout_20>
Python,20,64,periodic,20,20,25p
NMG_Python_20_dt_5.50e-06_Nx_64_periodic_dtout_2025pphi.csv
Exception type : ValueError 
Exception message : could not convert string to float: '(-0.2607501952412769+0j)'
Stack trace : ['File : /sfs/gpfs/tardis/home/xpz5km/Cahn_Hilliard_Model_HPC/spinodal_decomp/compare_L2_error.py , Line : 86, Func.Name : compare_L2_error_at_timepoint, Message : snapshot_SAV = read_specific_lines(f"{root}/{SAV_fname}", line_list)', 'File : /sfs/gpfs/tardis/home/xpz5km/Cahn_Hilliard_Model_HPC/spinodal_decomp/compare_L2_error.py , Line : 19, Func.Name : read_specific_lines, Message : digits.append(float(i))']
match None
match None
match <re.Match object; span=(0, 59), match='NMG_Python_20_dt_5.50e-06_Nx_512_periodic_dtout_1>
Python,20,512,periodic,1,1,50p
NMG_Python_20_dt_5.50e-06_Nx_512_periodic_dtout_150pphi.csv
Exception type : ValueError 
Exception message : could not convert string to float: '(0.8476375426788448+0j)'
Stack trace : ['File : /sfs/gpfs/tardis/home/xpz5km/Cahn_Hilliard_Model_HPC/spinodal_decomp/compare_L2_error.py , Line : 86, Func.Name : compare_L2_error_at_timepoint, Message : snapshot_SAV = read_specific_lines(f"{root}/{SAV_fname}", line_list)', 'File : /sfs/gpfs/tardis/home/xpz5km/Cahn_Hilliard_Model_HPC/spinodal_decomp/compare_L2_error.py , Line : 19, Func.Name : read_specific_lines, Message : digits.append(float(i))']
match None
match None
match None
match None
match None
match None
match None
match <re.Match object; span=(0, 63), match='SAV_Python_2000_dt_5.50e-06_Nx_512_neumann_dtout_>
Python,2000,512,neumann,2000,2000,50p not recorded; dt_out too large.
match <re.Match object; span=(0, 62), match='SAV_Python_2000_dt_5.50e-06_Nx_512_periodic_dtout>
match <re.Match object; span=(0, 63), match='SAV_Python_2000_dt_5.50e-06_Nx_512_neumann_dtout_>
Python,2000,512,neumann,2000,2000,75p not recorded; dt_out too large.
match None
match <re.Match object; span=(0, 60), match='NMG_Python_20_dt_5.50e-06_Nx_512_periodic_dtout_2>
Python,20,512,periodic,20,20,25p
NMG_Python_20_dt_5.50e-06_Nx_512_periodic_dtout_2025pphi.csv
Exception type : ValueError 
Exception message : could not convert string to float: '(-0.5924427840366981+0j)'
Stack trace : ['File : /sfs/gpfs/tardis/home/xpz5km/Cahn_Hilliard_Model_HPC/spinodal_decomp/compare_L2_error.py , Line : 86, Func.Name : compare_L2_error_at_timepoint, Message : snapshot_SAV = read_specific_lines(f"{root}/{SAV_fname}", line_list)', 'File : /sfs/gpfs/tardis/home/xpz5km/Cahn_Hilliard_Model_HPC/spinodal_decomp/compare_L2_error.py , Line : 19, Func.Name : read_specific_lines, Message : digits.append(float(i))']
match None
match <re.Match object; span=(0, 58), match='NMG_Python_20_dt_5.50e-06_Nx_64_neumann_dtout_205>
Python,20,64,neumann,20,20,50p
NMG_Python_20_dt_5.50e-06_Nx_64_neumann_dtout_2050pphi.csv
Exception type : ValueError 
Exception message : could not convert string to float: '(-0.8193172180077055+0j)'
Stack trace : ['File : /sfs/gpfs/tardis/home/xpz5km/Cahn_Hilliard_Model_HPC/spinodal_decomp/compare_L2_error.py , Line : 86, Func.Name : compare_L2_error_at_timepoint, Message : snapshot_SAV = read_specific_lines(f"{root}/{SAV_fname}", line_list)', 'File : /sfs/gpfs/tardis/home/xpz5km/Cahn_Hilliard_Model_HPC/spinodal_decomp/compare_L2_error.py , Line : 19, Func.Name : read_specific_lines, Message : digits.append(float(i))']
match <re.Match object; span=(0, 59), match='NMG_Python_20_dt_5.50e-06_Nx_128_neumann_dtout_20>
Python,20,128,neumann,20,20,75p
NMG_Python_20_dt_5.50e-06_Nx_128_neumann_dtout_2075pphi.csv
Exception type : ValueError 
Exception message : could not convert string to float: '(1.0070442820402468+0j)'
Stack trace : ['File : /sfs/gpfs/tardis/home/xpz5km/Cahn_Hilliard_Model_HPC/spinodal_decomp/compare_L2_error.py , Line : 86, Func.Name : compare_L2_error_at_timepoint, Message : snapshot_SAV = read_specific_lines(f"{root}/{SAV_fname}", line_list)', 'File : /sfs/gpfs/tardis/home/xpz5km/Cahn_Hilliard_Model_HPC/spinodal_decomp/compare_L2_error.py , Line : 19, Func.Name : read_specific_lines, Message : digits.append(float(i))']
match <re.Match object; span=(0, 57), match='NMG_Python_20_dt_5.50e-06_Nx_64_neumann_dtout_125>
Python,20,64,neumann,1,1,25p
NMG_Python_20_dt_5.50e-06_Nx_64_neumann_dtout_125pphi.csv
Exception type : ValueError 
Exception message : could not convert string to float: '(-0.6167394084658119+0j)'
Stack trace : ['File : /sfs/gpfs/tardis/home/xpz5km/Cahn_Hilliard_Model_HPC/spinodal_decomp/compare_L2_error.py , Line : 86, Func.Name : compare_L2_error_at_timepoint, Message : snapshot_SAV = read_specific_lines(f"{root}/{SAV_fname}", line_list)', 'File : /sfs/gpfs/tardis/home/xpz5km/Cahn_Hilliard_Model_HPC/spinodal_decomp/compare_L2_error.py , Line : 19, Func.Name : read_specific_lines, Message : digits.append(float(i))']
match None
match None
match None
match <re.Match object; span=(0, 62), match='SAV_Python_2000_dt_5.50e-06_Nx_64_neumann_dtout_2>
Python,2000,64,neumann,2000,2000,25p not recorded; dt_out too large.
match None
match None
match None
match <re.Match object; span=(0, 59), match='NMG_Python_20_dt_5.50e-06_Nx_512_periodic_dtout_1>
Python,20,512,periodic,1,1,25p
NMG_Python_20_dt_5.50e-06_Nx_512_periodic_dtout_125pphi.csv
Exception type : ValueError 
Exception message : could not convert string to float: '(-0.597159603993617+0j)'
Stack trace : ['File : /sfs/gpfs/tardis/home/xpz5km/Cahn_Hilliard_Model_HPC/spinodal_decomp/compare_L2_error.py , Line : 86, Func.Name : compare_L2_error_at_timepoint, Message : snapshot_SAV = read_specific_lines(f"{root}/{SAV_fname}", line_list)', 'File : /sfs/gpfs/tardis/home/xpz5km/Cahn_Hilliard_Model_HPC/spinodal_decomp/compare_L2_error.py , Line : 19, Func.Name : read_specific_lines, Message : digits.append(float(i))']
match None
match <re.Match object; span=(0, 64), match='SAV_Python_2000_dt_5.50e-06_Nx_128_periodic_dtout>
Python,2000,128,periodic,2000,2000,25p not recorded; dt_out too large.
match <re.Match object; span=(0, 61), match='SAV_Python_2000_dt_5.50e-06_Nx_256_neumann_dtout_>
match None
match None
match None
match None
match <re.Match object; span=(0, 60), match='NMG_Python_20_dt_5.50e-06_Nx_512_periodic_dtout_2>
Python,20,512,periodic,20,20,50p
NMG_Python_20_dt_5.50e-06_Nx_512_periodic_dtout_2050pphi.csv
Exception type : ValueError 
Exception message : could not convert string to float: '(0.14766784652957254+0j)'
Stack trace : ['File : /sfs/gpfs/tardis/home/xpz5km/Cahn_Hilliard_Model_HPC/spinodal_decomp/compare_L2_error.py , Line : 86, Func.Name : compare_L2_error_at_timepoint, Message : snapshot_SAV = read_specific_lines(f"{root}/{SAV_fname}", line_list)', 'File : /sfs/gpfs/tardis/home/xpz5km/Cahn_Hilliard_Model_HPC/spinodal_decomp/compare_L2_error.py , Line : 19, Func.Name : read_specific_lines, Message : digits.append(float(i))']
match <re.Match object; span=(0, 64), match='SAV_Python_2000_dt_5.50e-06_Nx_512_periodic_dtout>
Python,2000,512,periodic,2000,2000,75p not recorded; dt_out too large.
match None
match None
match None
match None
match None
match <re.Match object; span=(0, 59), match='NMG_Python_20_dt_5.50e-06_Nx_128_periodic_dtout_1>
Python,20,128,periodic,1,1,75p
NMG_Python_20_dt_5.50e-06_Nx_128_periodic_dtout_175pphi.csv
Exception type : ValueError 
Exception message : could not convert string to float: '(0.548685147903707+0j)'
Stack trace : ['File : /sfs/gpfs/tardis/home/xpz5km/Cahn_Hilliard_Model_HPC/spinodal_decomp/compare_L2_error.py , Line : 86, Func.Name : compare_L2_error_at_timepoint, Message : snapshot_SAV = read_specific_lines(f"{root}/{SAV_fname}", line_list)', 'File : /sfs/gpfs/tardis/home/xpz5km/Cahn_Hilliard_Model_HPC/spinodal_decomp/compare_L2_error.py , Line : 19, Func.Name : read_specific_lines, Message : digits.append(float(i))']
match <re.Match object; span=(0, 59), match='NMG_Python_20_dt_5.50e-06_Nx_512_periodic_dtout_1>
Python,20,512,periodic,1,1,75p
NMG_Python_20_dt_5.50e-06_Nx_512_periodic_dtout_175pphi.csv
Exception type : ValueError 
Exception message : could not convert string to float: '(0.8423487760174725+0j)'
Stack trace : ['File : /sfs/gpfs/tardis/home/xpz5km/Cahn_Hilliard_Model_HPC/spinodal_decomp/compare_L2_error.py , Line : 86, Func.Name : compare_L2_error_at_timepoint, Message : snapshot_SAV = read_specific_lines(f"{root}/{SAV_fname}", line_list)', 'File : /sfs/gpfs/tardis/home/xpz5km/Cahn_Hilliard_Model_HPC/spinodal_decomp/compare_L2_error.py , Line : 19, Func.Name : read_specific_lines, Message : digits.append(float(i))']
match None
match None
match None
match None
match <re.Match object; span=(0, 62), match='SAV_Python_2000_dt_5.50e-06_Nx_512_periodic_dtout>
match <re.Match object; span=(0, 62), match='SAV_Python_2000_dt_5.50e-06_Nx_128_periodic_dtout>
match None
match <re.Match object; span=(0, 58), match='NMG_Python_20_dt_5.50e-06_Nx_128_neumann_dtout_15>
Python,20,128,neumann,1,1,50p
NMG_Python_20_dt_5.50e-06_Nx_128_neumann_dtout_150pphi.csv
Exception type : ValueError 
Exception message : could not convert string to float: '(-0.18324935651264404+0j)'
Stack trace : ['File : /sfs/gpfs/tardis/home/xpz5km/Cahn_Hilliard_Model_HPC/spinodal_decomp/compare_L2_error.py , Line : 86, Func.Name : compare_L2_error_at_timepoint, Message : snapshot_SAV = read_specific_lines(f"{root}/{SAV_fname}", line_list)', 'File : /sfs/gpfs/tardis/home/xpz5km/Cahn_Hilliard_Model_HPC/spinodal_decomp/compare_L2_error.py , Line : 19, Func.Name : read_specific_lines, Message : digits.append(float(i))']
match None
match None
match None
match <re.Match object; span=(0, 63), match='SAV_Python_2000_dt_5.50e-06_Nx_64_periodic_dtout_>
Python,2000,64,periodic,2000,2000,25p not recorded; dt_out too large.
match None
match None
match None
match None
match None
match None
match None
match None
match None
match <re.Match object; span=(0, 60), match='NMG_Python_20_dt_5.50e-06_Nx_128_periodic_dtout_2>
Python,20,128,periodic,20,20,75p
NMG_Python_20_dt_5.50e-06_Nx_128_periodic_dtout_2075pphi.csv
Exception type : ValueError 
Exception message : could not convert string to float: '(-0.2259011345264694+0j)'
Stack trace : ['File : /sfs/gpfs/tardis/home/xpz5km/Cahn_Hilliard_Model_HPC/spinodal_decomp/compare_L2_error.py , Line : 86, Func.Name : compare_L2_error_at_timepoint, Message : snapshot_SAV = read_specific_lines(f"{root}/{SAV_fname}", line_list)', 'File : /sfs/gpfs/tardis/home/xpz5km/Cahn_Hilliard_Model_HPC/spinodal_decomp/compare_L2_error.py , Line : 19, Func.Name : read_specific_lines, Message : digits.append(float(i))']
match <re.Match object; span=(0, 62), match='SAV_Python_2000_dt_5.50e-06_Nx_64_neumann_dtout_2>
Python,2000,64,neumann,2000,2000,50p not recorded; dt_out too large.
match <re.Match object; span=(0, 64), match='SAV_Python_2000_dt_5.50e-06_Nx_128_periodic_dtout>
Python,2000,128,periodic,2000,2000,50p not recorded; dt_out too large.
match None
match None
match None
match None
match <re.Match object; span=(0, 60), match='NMG_Python_20_dt_5.50e-06_Nx_256_periodic_dtout_2>
Python,20,256,periodic,20,20,75p
NMG_Python_20_dt_5.50e-06_Nx_256_periodic_dtout_2075pphi.csv
Exception type : ValueError 
Exception message : could not convert string to float: '(0.4813657808640433+0j)'
Stack trace : ['File : /sfs/gpfs/tardis/home/xpz5km/Cahn_Hilliard_Model_HPC/spinodal_decomp/compare_L2_error.py , Line : 86, Func.Name : compare_L2_error_at_timepoint, Message : snapshot_SAV = read_specific_lines(f"{root}/{SAV_fname}", line_list)', 'File : /sfs/gpfs/tardis/home/xpz5km/Cahn_Hilliard_Model_HPC/spinodal_decomp/compare_L2_error.py , Line : 19, Func.Name : read_specific_lines, Message : digits.append(float(i))']
match <re.Match object; span=(0, 58), match='NMG_Python_20_dt_5.50e-06_Nx_512_neumann_dtout_17>
Python,20,512,neumann,1,1,75p
NMG_Python_20_dt_5.50e-06_Nx_512_neumann_dtout_175pphi.csv
Exception type : ValueError 
Exception message : could not convert string to float: '(0.9312265479732954+0j)'
Stack trace : ['File : /sfs/gpfs/tardis/home/xpz5km/Cahn_Hilliard_Model_HPC/spinodal_decomp/compare_L2_error.py , Line : 86, Func.Name : compare_L2_error_at_timepoint, Message : snapshot_SAV = read_specific_lines(f"{root}/{SAV_fname}", line_list)', 'File : /sfs/gpfs/tardis/home/xpz5km/Cahn_Hilliard_Model_HPC/spinodal_decomp/compare_L2_error.py , Line : 19, Func.Name : read_specific_lines, Message : digits.append(float(i))']
match <re.Match object; span=(0, 58), match='NMG_Python_20_dt_5.50e-06_Nx_64_neumann_dtout_202>
Python,20,64,neumann,20,20,25p
NMG_Python_20_dt_5.50e-06_Nx_64_neumann_dtout_2025pphi.csv
Exception type : ValueError 
Exception message : could not convert string to float: '(-0.9129498158047057+0j)'
Stack trace : ['File : /sfs/gpfs/tardis/home/xpz5km/Cahn_Hilliard_Model_HPC/spinodal_decomp/compare_L2_error.py , Line : 86, Func.Name : compare_L2_error_at_timepoint, Message : snapshot_SAV = read_specific_lines(f"{root}/{SAV_fname}", line_list)', 'File : /sfs/gpfs/tardis/home/xpz5km/Cahn_Hilliard_Model_HPC/spinodal_decomp/compare_L2_error.py , Line : 19, Func.Name : read_specific_lines, Message : digits.append(float(i))']
match <re.Match object; span=(0, 58), match='NMG_Python_20_dt_5.50e-06_Nx_64_neumann_dtout_207>
Python,20,64,neumann,20,20,75p
NMG_Python_20_dt_5.50e-06_Nx_64_neumann_dtout_2075pphi.csv
Exception type : ValueError 
Exception message : could not convert string to float: '(-0.3181784942992353+0j)'
Stack trace : ['File : /sfs/gpfs/tardis/home/xpz5km/Cahn_Hilliard_Model_HPC/spinodal_decomp/compare_L2_error.py , Line : 86, Func.Name : compare_L2_error_at_timepoint, Message : snapshot_SAV = read_specific_lines(f"{root}/{SAV_fname}", line_list)', 'File : /sfs/gpfs/tardis/home/xpz5km/Cahn_Hilliard_Model_HPC/spinodal_decomp/compare_L2_error.py , Line : 19, Func.Name : read_specific_lines, Message : digits.append(float(i))']
match None
match None
match <re.Match object; span=(0, 62), match='SAV_Python_2000_dt_5.50e-06_Nx_128_periodic_dtout>
match <re.Match object; span=(0, 60), match='SAV_Python_2000_dt_5.50e-06_Nx_64_neumann_dtout_1>
match <re.Match object; span=(0, 63), match='SAV_Python_2000_dt_5.50e-06_Nx_64_periodic_dtout_>
Python,2000,64,periodic,2000,2000,50p not recorded; dt_out too large.
match <re.Match object; span=(0, 60), match='NMG_Python_20_dt_5.50e-06_Nx_512_periodic_dtout_2>
Python,20,512,periodic,20,20,75p
NMG_Python_20_dt_5.50e-06_Nx_512_periodic_dtout_2075pphi.csv
Exception type : ValueError 
Exception message : could not convert string to float: '(0.5212796069949747+0j)'
Stack trace : ['File : /sfs/gpfs/tardis/home/xpz5km/Cahn_Hilliard_Model_HPC/spinodal_decomp/compare_L2_error.py , Line : 86, Func.Name : compare_L2_error_at_timepoint, Message : snapshot_SAV = read_specific_lines(f"{root}/{SAV_fname}", line_list)', 'File : /sfs/gpfs/tardis/home/xpz5km/Cahn_Hilliard_Model_HPC/spinodal_decomp/compare_L2_error.py , Line : 19, Func.Name : read_specific_lines, Message : digits.append(float(i))']
match None
match <re.Match object; span=(0, 59), match='NMG_Python_20_dt_5.50e-06_Nx_512_neumann_dtout_20>
Python,20,512,neumann,20,20,25p
NMG_Python_20_dt_5.50e-06_Nx_512_neumann_dtout_2025pphi.csv
Exception type : ValueError 
Exception message : could not convert string to float: '(-0.19931155268433487+0j)'
Stack trace : ['File : /sfs/gpfs/tardis/home/xpz5km/Cahn_Hilliard_Model_HPC/spinodal_decomp/compare_L2_error.py , Line : 86, Func.Name : compare_L2_error_at_timepoint, Message : snapshot_SAV = read_specific_lines(f"{root}/{SAV_fname}", line_list)', 'File : /sfs/gpfs/tardis/home/xpz5km/Cahn_Hilliard_Model_HPC/spinodal_decomp/compare_L2_error.py , Line : 19, Func.Name : read_specific_lines, Message : digits.append(float(i))']
match <re.Match object; span=(0, 58), match='NMG_Python_20_dt_5.50e-06_Nx_512_neumann_dtout_15>
Python,20,512,neumann,1,1,50p
NMG_Python_20_dt_5.50e-06_Nx_512_neumann_dtout_150pphi.csv
Exception type : ValueError 
Exception message : could not convert string to float: '(0.8290860106213749+0j)'
Stack trace : ['File : /sfs/gpfs/tardis/home/xpz5km/Cahn_Hilliard_Model_HPC/spinodal_decomp/compare_L2_error.py , Line : 86, Func.Name : compare_L2_error_at_timepoint, Message : snapshot_SAV = read_specific_lines(f"{root}/{SAV_fname}", line_list)', 'File : /sfs/gpfs/tardis/home/xpz5km/Cahn_Hilliard_Model_HPC/spinodal_decomp/compare_L2_error.py , Line : 19, Func.Name : read_specific_lines, Message : digits.append(float(i))']
match <re.Match object; span=(0, 58), match='NMG_Python_20_dt_5.50e-06_Nx_64_periodic_dtout_12>
Python,20,64,periodic,1,1,25p
NMG_Python_20_dt_5.50e-06_Nx_64_periodic_dtout_125pphi.csv
Exception type : ValueError 
Exception message : could not convert string to float: '(-0.5492909748763717+0j)'
Stack trace : ['File : /sfs/gpfs/tardis/home/xpz5km/Cahn_Hilliard_Model_HPC/spinodal_decomp/compare_L2_error.py , Line : 86, Func.Name : compare_L2_error_at_timepoint, Message : snapshot_SAV = read_specific_lines(f"{root}/{SAV_fname}", line_list)', 'File : /sfs/gpfs/tardis/home/xpz5km/Cahn_Hilliard_Model_HPC/spinodal_decomp/compare_L2_error.py , Line : 19, Func.Name : read_specific_lines, Message : digits.append(float(i))']
match None
match <re.Match object; span=(0, 62), match='SAV_Python_2000_dt_5.50e-06_Nx_256_periodic_dtout>
match <re.Match object; span=(0, 63), match='SAV_Python_2000_dt_5.50e-06_Nx_128_neumann_dtout_>
Python,2000,128,neumann,2000,2000,75p not recorded; dt_out too large.
match <re.Match object; span=(0, 60), match='NMG_Python_20_dt_5.50e-06_Nx_128_periodic_dtout_2>
Python,20,128,periodic,20,20,50p
NMG_Python_20_dt_5.50e-06_Nx_128_periodic_dtout_2050pphi.csv
Exception type : ValueError 
Exception message : could not convert string to float: '(-0.3095721867886947+0j)'
Stack trace : ['File : /sfs/gpfs/tardis/home/xpz5km/Cahn_Hilliard_Model_HPC/spinodal_decomp/compare_L2_error.py , Line : 86, Func.Name : compare_L2_error_at_timepoint, Message : snapshot_SAV = read_specific_lines(f"{root}/{SAV_fname}", line_list)', 'File : /sfs/gpfs/tardis/home/xpz5km/Cahn_Hilliard_Model_HPC/spinodal_decomp/compare_L2_error.py , Line : 19, Func.Name : read_specific_lines, Message : digits.append(float(i))']
match None
match None
match None
match <re.Match object; span=(0, 60), match='NMG_Python_20_dt_5.50e-06_Nx_256_periodic_dtout_2>
Python,20,256,periodic,20,20,50p
NMG_Python_20_dt_5.50e-06_Nx_256_periodic_dtout_2050pphi.csv
Exception type : ValueError 
Exception message : could not convert string to float: '(0.010506962033912721+0j)'
Stack trace : ['File : /sfs/gpfs/tardis/home/xpz5km/Cahn_Hilliard_Model_HPC/spinodal_decomp/compare_L2_error.py , Line : 86, Func.Name : compare_L2_error_at_timepoint, Message : snapshot_SAV = read_specific_lines(f"{root}/{SAV_fname}", line_list)', 'File : /sfs/gpfs/tardis/home/xpz5km/Cahn_Hilliard_Model_HPC/spinodal_decomp/compare_L2_error.py , Line : 19, Func.Name : read_specific_lines, Message : digits.append(float(i))']
match None
match <re.Match object; span=(0, 62), match='SAV_Python_2000_dt_5.50e-06_Nx_256_periodic_dtout>
match None
match <re.Match object; span=(0, 63), match='SAV_Python_2000_dt_5.50e-06_Nx_256_neumann_dtout_>
Python,2000,256,neumann,2000,2000,50p not recorded; dt_out too large.
match None
match None
match <re.Match object; span=(0, 59), match='NMG_Python_20_dt_5.50e-06_Nx_64_periodic_dtout_20>
Python,20,64,periodic,20,20,50p
NMG_Python_20_dt_5.50e-06_Nx_64_periodic_dtout_2050pphi.csv
Exception type : ValueError 
Exception message : could not convert string to float: '(-0.4179450898314091+0j)'
Stack trace : ['File : /sfs/gpfs/tardis/home/xpz5km/Cahn_Hilliard_Model_HPC/spinodal_decomp/compare_L2_error.py , Line : 86, Func.Name : compare_L2_error_at_timepoint, Message : snapshot_SAV = read_specific_lines(f"{root}/{SAV_fname}", line_list)', 'File : /sfs/gpfs/tardis/home/xpz5km/Cahn_Hilliard_Model_HPC/spinodal_decomp/compare_L2_error.py , Line : 19, Func.Name : read_specific_lines, Message : digits.append(float(i))']
match <re.Match object; span=(0, 63), match='SAV_Python_2000_dt_5.50e-06_Nx_512_neumann_dtout_>
Python,2000,512,neumann,2000,2000,25p not recorded; dt_out too large.
match None
match <re.Match object; span=(0, 59), match='NMG_Python_20_dt_5.50e-06_Nx_512_neumann_dtout_20>
Python,20,512,neumann,20,20,75p
NMG_Python_20_dt_5.50e-06_Nx_512_neumann_dtout_2075pphi.csv
Exception type : ValueError 
Exception message : could not convert string to float: '(0.6537176705314839+0j)'
Stack trace : ['File : /sfs/gpfs/tardis/home/xpz5km/Cahn_Hilliard_Model_HPC/spinodal_decomp/compare_L2_error.py , Line : 86, Func.Name : compare_L2_error_at_timepoint, Message : snapshot_SAV = read_specific_lines(f"{root}/{SAV_fname}", line_list)', 'File : /sfs/gpfs/tardis/home/xpz5km/Cahn_Hilliard_Model_HPC/spinodal_decomp/compare_L2_error.py , Line : 19, Func.Name : read_specific_lines, Message : digits.append(float(i))']
match None
match None
match <re.Match object; span=(0, 59), match='NMG_Python_20_dt_5.50e-06_Nx_256_neumann_dtout_20>
Python,20,256,neumann,20,20,25p
NMG_Python_20_dt_5.50e-06_Nx_256_neumann_dtout_2025pphi.csv
Exception type : ValueError 
Exception message : could not convert string to float: '(-0.32927592388756166+0j)'
Stack trace : ['File : /sfs/gpfs/tardis/home/xpz5km/Cahn_Hilliard_Model_HPC/spinodal_decomp/compare_L2_error.py , Line : 86, Func.Name : compare_L2_error_at_timepoint, Message : snapshot_SAV = read_specific_lines(f"{root}/{SAV_fname}", line_list)', 'File : /sfs/gpfs/tardis/home/xpz5km/Cahn_Hilliard_Model_HPC/spinodal_decomp/compare_L2_error.py , Line : 19, Func.Name : read_specific_lines, Message : digits.append(float(i))']
match <re.Match object; span=(0, 61), match='SAV_Python_2000_dt_5.50e-06_Nx_512_neumann_dtout_>
match None
match None
match None
match <re.Match object; span=(0, 62), match='SAV_Python_2000_dt_5.50e-06_Nx_64_neumann_dtout_2>
Python,2000,64,neumann,2000,2000,75p not recorded; dt_out too large.
match None
match None
match None
match None
match None
match None
match None
match None
match <re.Match object; span=(0, 59), match='NMG_Python_20_dt_5.50e-06_Nx_128_neumann_dtout_20>
Python,20,128,neumann,20,20,25p
NMG_Python_20_dt_5.50e-06_Nx_128_neumann_dtout_2025pphi.csv
Exception type : ValueError 
Exception message : could not convert string to float: '(-0.10276645075364461+0j)'
Stack trace : ['File : /sfs/gpfs/tardis/home/xpz5km/Cahn_Hilliard_Model_HPC/spinodal_decomp/compare_L2_error.py , Line : 86, Func.Name : compare_L2_error_at_timepoint, Message : snapshot_SAV = read_specific_lines(f"{root}/{SAV_fname}", line_list)', 'File : /sfs/gpfs/tardis/home/xpz5km/Cahn_Hilliard_Model_HPC/spinodal_decomp/compare_L2_error.py , Line : 19, Func.Name : read_specific_lines, Message : digits.append(float(i))']
match None
match <re.Match object; span=(0, 62), match='SAV_Python_2000_dt_5.50e-06_Nx_256_periodic_dtout>
match <re.Match object; span=(0, 59), match='NMG_Python_20_dt_5.50e-06_Nx_64_periodic_dtout_20>
Python,20,64,periodic,20,20,75p
NMG_Python_20_dt_5.50e-06_Nx_64_periodic_dtout_2075pphi.csv
Exception type : ValueError 
Exception message : could not convert string to float: '(0.36662716665050266+0j)'
Stack trace : ['File : /sfs/gpfs/tardis/home/xpz5km/Cahn_Hilliard_Model_HPC/spinodal_decomp/compare_L2_error.py , Line : 86, Func.Name : compare_L2_error_at_timepoint, Message : snapshot_SAV = read_specific_lines(f"{root}/{SAV_fname}", line_list)', 'File : /sfs/gpfs/tardis/home/xpz5km/Cahn_Hilliard_Model_HPC/spinodal_decomp/compare_L2_error.py , Line : 19, Func.Name : read_specific_lines, Message : digits.append(float(i))']
match None
match <re.Match object; span=(0, 59), match='NMG_Python_20_dt_5.50e-06_Nx_256_periodic_dtout_1>
Python,20,256,periodic,1,1,75p
NMG_Python_20_dt_5.50e-06_Nx_256_periodic_dtout_175pphi.csv
Exception type : ValueError 
Exception message : could not convert string to float: '(0.5695182773308664+0j)'
Stack trace : ['File : /sfs/gpfs/tardis/home/xpz5km/Cahn_Hilliard_Model_HPC/spinodal_decomp/compare_L2_error.py , Line : 86, Func.Name : compare_L2_error_at_timepoint, Message : snapshot_SAV = read_specific_lines(f"{root}/{SAV_fname}", line_list)', 'File : /sfs/gpfs/tardis/home/xpz5km/Cahn_Hilliard_Model_HPC/spinodal_decomp/compare_L2_error.py , Line : 19, Func.Name : read_specific_lines, Message : digits.append(float(i))']
match <re.Match object; span=(0, 58), match='NMG_Python_20_dt_5.50e-06_Nx_64_periodic_dtout_15>
Python,20,64,periodic,1,1,50p
NMG_Python_20_dt_5.50e-06_Nx_64_periodic_dtout_150pphi.csv
Exception type : ValueError 
Exception message : could not convert string to float: '(-0.24954338732705517+0j)'
Stack trace : ['File : /sfs/gpfs/tardis/home/xpz5km/Cahn_Hilliard_Model_HPC/spinodal_decomp/compare_L2_error.py , Line : 86, Func.Name : compare_L2_error_at_timepoint, Message : snapshot_SAV = read_specific_lines(f"{root}/{SAV_fname}", line_list)', 'File : /sfs/gpfs/tardis/home/xpz5km/Cahn_Hilliard_Model_HPC/spinodal_decomp/compare_L2_error.py , Line : 19, Func.Name : read_specific_lines, Message : digits.append(float(i))']
match <re.Match object; span=(0, 60), match='SAV_Python_2000_dt_5.50e-06_Nx_64_neumann_dtout_1>
match <re.Match object; span=(0, 59), match='NMG_Python_20_dt_5.50e-06_Nx_128_periodic_dtout_1>
Python,20,128,periodic,1,1,25p
NMG_Python_20_dt_5.50e-06_Nx_128_periodic_dtout_125pphi.csv
Exception type : ValueError 
Exception message : could not convert string to float: '(-0.5252897436395998+0j)'
Stack trace : ['File : /sfs/gpfs/tardis/home/xpz5km/Cahn_Hilliard_Model_HPC/spinodal_decomp/compare_L2_error.py , Line : 86, Func.Name : compare_L2_error_at_timepoint, Message : snapshot_SAV = read_specific_lines(f"{root}/{SAV_fname}", line_list)', 'File : /sfs/gpfs/tardis/home/xpz5km/Cahn_Hilliard_Model_HPC/spinodal_decomp/compare_L2_error.py , Line : 19, Func.Name : read_specific_lines, Message : digits.append(float(i))']
match None
match None
match None
match None
match None
match <re.Match object; span=(0, 61), match='SAV_Python_2000_dt_5.50e-06_Nx_128_neumann_dtout_>
match None
match <re.Match object; span=(0, 60), match='SAV_Python_2000_dt_5.50e-06_Nx_64_neumann_dtout_1>
match None
16
match None
match None
match <re.Match object; span=(0, 59), match='NMG_Python_20_dt_5.50e-06_Nx_256_neumann_dtout_20>
Python,20,256,neumann,20,20,75p
NMG_Python_20_dt_5.50e-06_Nx_256_neumann_dtout_2075pphi.csv
Exception type : ValueError 
Exception message : could not convert string to float: '(0.41950652511946407+0j)'
Stack trace : ['File : /sfs/gpfs/tardis/home/xpz5km/Cahn_Hilliard_Model_HPC/spinodal_decomp/compare_L2_error.py , Line : 86, Func.Name : compare_L2_error_at_timepoint, Message : snapshot_SAV = read_specific_lines(f"{root}/{SAV_fname}", line_list)', 'File : /sfs/gpfs/tardis/home/xpz5km/Cahn_Hilliard_Model_HPC/spinodal_decomp/compare_L2_error.py , Line : 19, Func.Name : read_specific_lines, Message : digits.append(float(i))']
match None
match None
match None
match None
match None
match None
match None
match <re.Match object; span=(0, 62), match='SAV_Python_2000_dt_5.50e-06_Nx_128_periodic_dtout>
match None
match None
match None
match None
match None
match None
match None
match None
match None
match None
match <re.Match object; span=(0, 63), match='SAV_Python_2000_dt_5.50e-06_Nx_256_neumann_dtout_>
Python,2000,256,neumann,2000,2000,25p not recorded; dt_out too large.
match <re.Match object; span=(0, 61), match='SAV_Python_2000_dt_5.50e-06_Nx_128_neumann_dtout_>
match <re.Match object; span=(0, 60), match='NMG_Python_20_dt_5.50e-06_Nx_128_periodic_dtout_2>
Python,20,128,periodic,20,20,25p
NMG_Python_20_dt_5.50e-06_Nx_128_periodic_dtout_2025pphi.csv
Exception type : ValueError 
Exception message : could not convert string to float: '(-0.5392675015155758+0j)'
Stack trace : ['File : /sfs/gpfs/tardis/home/xpz5km/Cahn_Hilliard_Model_HPC/spinodal_decomp/compare_L2_error.py , Line : 86, Func.Name : compare_L2_error_at_timepoint, Message : snapshot_SAV = read_specific_lines(f"{root}/{SAV_fname}", line_list)', 'File : /sfs/gpfs/tardis/home/xpz5km/Cahn_Hilliard_Model_HPC/spinodal_decomp/compare_L2_error.py , Line : 19, Func.Name : read_specific_lines, Message : digits.append(float(i))']
match None
match None
match <re.Match object; span=(0, 64), match='SAV_Python_2000_dt_5.50e-06_Nx_256_periodic_dtout>
Python,2000,256,periodic,2000,2000,50p not recorded; dt_out too large.
match None
match <re.Match object; span=(0, 60), match='NMG_Python_20_dt_5.50e-06_Nx_256_periodic_dtout_2>
Python,20,256,periodic,20,20,25p
NMG_Python_20_dt_5.50e-06_Nx_256_periodic_dtout_2025pphi.csv
Exception type : ValueError 
Exception message : could not convert string to float: '(-0.4170151417869721+0j)'
Stack trace : ['File : /sfs/gpfs/tardis/home/xpz5km/Cahn_Hilliard_Model_HPC/spinodal_decomp/compare_L2_error.py , Line : 86, Func.Name : compare_L2_error_at_timepoint, Message : snapshot_SAV = read_specific_lines(f"{root}/{SAV_fname}", line_list)', 'File : /sfs/gpfs/tardis/home/xpz5km/Cahn_Hilliard_Model_HPC/spinodal_decomp/compare_L2_error.py , Line : 19, Func.Name : read_specific_lines, Message : digits.append(float(i))']
match <re.Match object; span=(0, 59), match='NMG_Python_20_dt_5.50e-06_Nx_512_neumann_dtout_20>
Python,20,512,neumann,20,20,50p
NMG_Python_20_dt_5.50e-06_Nx_512_neumann_dtout_2050pphi.csv
Exception type : ValueError 
Exception message : could not convert string to float: '(0.3765941854894782+0j)'
Stack trace : ['File : /sfs/gpfs/tardis/home/xpz5km/Cahn_Hilliard_Model_HPC/spinodal_decomp/compare_L2_error.py , Line : 86, Func.Name : compare_L2_error_at_timepoint, Message : snapshot_SAV = read_specific_lines(f"{root}/{SAV_fname}", line_list)', 'File : /sfs/gpfs/tardis/home/xpz5km/Cahn_Hilliard_Model_HPC/spinodal_decomp/compare_L2_error.py , Line : 19, Func.Name : read_specific_lines, Message : digits.append(float(i))']
match None
match None
match None
match None
match None
match None
match <re.Match object; span=(0, 64), match='SAV_Python_2000_dt_5.50e-06_Nx_512_periodic_dtout>
Python,2000,512,periodic,2000,2000,25p not recorded; dt_out too large.
match None
match None
match <re.Match object; span=(0, 63), match='SAV_Python_2000_dt_5.50e-06_Nx_64_periodic_dtout_>
Python,2000,64,periodic,2000,2000,75p not recorded; dt_out too large.
match None
match <re.Match object; span=(0, 64), match='SAV_Python_2000_dt_5.50e-06_Nx_256_periodic_dtout>
Python,2000,256,periodic,2000,2000,25p not recorded; dt_out too large.
match None
match None
match None
match None
match None
match None
match None
match None
match None
match None
match None
match None
match None
match None
match None
match None
match <re.Match object; span=(0, 61), match='SAV_Python_2000_dt_5.50e-06_Nx_64_periodic_dtout_>
match None
match None
match <re.Match object; span=(0, 63), match='SAV_Python_2000_dt_5.50e-06_Nx_256_neumann_dtout_>
Python,2000,256,neumann,2000,2000,75p not recorded; dt_out too large.
match None
match None
match <re.Match object; span=(0, 64), match='SAV_Python_2000_dt_5.50e-06_Nx_128_periodic_dtout>
Python,2000,128,periodic,2000,2000,75p not recorded; dt_out too large.
match None
match None
match None
match None
match None
match None
match <re.Match object; span=(0, 58), match='NMG_Python_20_dt_5.50e-06_Nx_128_neumann_dtout_12>
Python,20,128,neumann,1,1,25p
NMG_Python_20_dt_5.50e-06_Nx_128_neumann_dtout_125pphi.csv
Exception type : ValueError 
Exception message : could not convert string to float: '(-0.21327313752482432+0j)'
Stack trace : ['File : /sfs/gpfs/tardis/home/xpz5km/Cahn_Hilliard_Model_HPC/spinodal_decomp/compare_L2_error.py , Line : 86, Func.Name : compare_L2_error_at_timepoint, Message : snapshot_SAV = read_specific_lines(f"{root}/{SAV_fname}", line_list)', 'File : /sfs/gpfs/tardis/home/xpz5km/Cahn_Hilliard_Model_HPC/spinodal_decomp/compare_L2_error.py , Line : 19, Func.Name : read_specific_lines, Message : digits.append(float(i))']
match <re.Match object; span=(0, 64), match='SAV_Python_2000_dt_5.50e-06_Nx_256_periodic_dtout>
Python,2000,256,periodic,2000,2000,75p not recorded; dt_out too large.
match None
match None
match None
match None
match None
match <re.Match object; span=(0, 59), match='NMG_Python_20_dt_5.50e-06_Nx_256_neumann_dtout_20>
Python,20,256,neumann,20,20,50p
NMG_Python_20_dt_5.50e-06_Nx_256_neumann_dtout_2050pphi.csv
Exception type : ValueError 
Exception message : could not convert string to float: '(0.07069788833767843+0j)'
Stack trace : ['File : /sfs/gpfs/tardis/home/xpz5km/Cahn_Hilliard_Model_HPC/spinodal_decomp/compare_L2_error.py , Line : 86, Func.Name : compare_L2_error_at_timepoint, Message : snapshot_SAV = read_specific_lines(f"{root}/{SAV_fname}", line_list)', 'File : /sfs/gpfs/tardis/home/xpz5km/Cahn_Hilliard_Model_HPC/spinodal_decomp/compare_L2_error.py , Line : 19, Func.Name : read_specific_lines, Message : digits.append(float(i))']
match None
match None
match <re.Match object; span=(0, 61), match='SAV_Python_2000_dt_5.50e-06_Nx_64_periodic_dtout_>
match None
match <re.Match object; span=(0, 63), match='SAV_Python_2000_dt_5.50e-06_Nx_128_neumann_dtout_>
Python,2000,128,neumann,2000,2000,25p not recorded; dt_out too large.
match None
match None
match None
match None
match <re.Match object; span=(0, 58), match='NMG_Python_20_dt_5.50e-06_Nx_64_periodic_dtout_17>
Python,20,64,periodic,1,1,75p
NMG_Python_20_dt_5.50e-06_Nx_64_periodic_dtout_175pphi.csv
Exception type : ValueError 
Exception message : could not convert string to float: '(0.5435998340122807+0j)'
Stack trace : ['File : /sfs/gpfs/tardis/home/xpz5km/Cahn_Hilliard_Model_HPC/spinodal_decomp/compare_L2_error.py , Line : 86, Func.Name : compare_L2_error_at_timepoint, Message : snapshot_SAV = read_specific_lines(f"{root}/{SAV_fname}", line_list)', 'File : /sfs/gpfs/tardis/home/xpz5km/Cahn_Hilliard_Model_HPC/spinodal_decomp/compare_L2_error.py , Line : 19, Func.Name : read_specific_lines, Message : digits.append(float(i))']
match <re.Match object; span=(0, 61), match='SAV_Python_2000_dt_5.50e-06_Nx_256_neumann_dtout_>
match None
match None
match None
match None
match None
match <re.Match object; span=(0, 59), match='NMG_Python_20_dt_5.50e-06_Nx_256_periodic_dtout_1>
Python,20,256,periodic,1,1,50p
NMG_Python_20_dt_5.50e-06_Nx_256_periodic_dtout_150pphi.csv
Exception type : ValueError 
Exception message : could not convert string to float: '(-0.19666717382002052+0j)'
Stack trace : ['File : /sfs/gpfs/tardis/home/xpz5km/Cahn_Hilliard_Model_HPC/spinodal_decomp/compare_L2_error.py , Line : 86, Func.Name : compare_L2_error_at_timepoint, Message : snapshot_SAV = read_specific_lines(f"{root}/{SAV_fname}", line_list)', 'File : /sfs/gpfs/tardis/home/xpz5km/Cahn_Hilliard_Model_HPC/spinodal_decomp/compare_L2_error.py , Line : 19, Func.Name : read_specific_lines, Message : digits.append(float(i))']
match <re.Match object; span=(0, 61), match='SAV_Python_2000_dt_5.50e-06_Nx_64_periodic_dtout_>
match None
match <re.Match object; span=(0, 58), match='NMG_Python_20_dt_5.50e-06_Nx_128_neumann_dtout_17>
Python,20,128,neumann,1,1,75p
NMG_Python_20_dt_5.50e-06_Nx_128_neumann_dtout_175pphi.csv
Exception type : ValueError 
Exception message : could not convert string to float: '(0.6862806799960388+0j)'
Stack trace : ['File : /sfs/gpfs/tardis/home/xpz5km/Cahn_Hilliard_Model_HPC/spinodal_decomp/compare_L2_error.py , Line : 86, Func.Name : compare_L2_error_at_timepoint, Message : snapshot_SAV = read_specific_lines(f"{root}/{SAV_fname}", line_list)', 'File : /sfs/gpfs/tardis/home/xpz5km/Cahn_Hilliard_Model_HPC/spinodal_decomp/compare_L2_error.py , Line : 19, Func.Name : read_specific_lines, Message : digits.append(float(i))']
match None
match None
match <re.Match object; span=(0, 61), match='SAV_Python_2000_dt_5.50e-06_Nx_512_neumann_dtout_>
match None
match None
match None
match None
match None
match None
match None
match None
match None
match None
match <re.Match object; span=(0, 61), match='SAV_Python_2000_dt_5.50e-06_Nx_256_neumann_dtout_>
match None
match <re.Match object; span=(0, 57), match='NMG_Python_20_dt_5.50e-06_Nx_64_neumann_dtout_150>
Python,20,64,neumann,1,1,50p
NMG_Python_20_dt_5.50e-06_Nx_64_neumann_dtout_150pphi.csv
Exception type : ValueError 
Exception message : could not convert string to float: '(-0.39315818691406446+0j)'
Stack trace : ['File : /sfs/gpfs/tardis/home/xpz5km/Cahn_Hilliard_Model_HPC/spinodal_decomp/compare_L2_error.py , Line : 86, Func.Name : compare_L2_error_at_timepoint, Message : snapshot_SAV = read_specific_lines(f"{root}/{SAV_fname}", line_list)', 'File : /sfs/gpfs/tardis/home/xpz5km/Cahn_Hilliard_Model_HPC/spinodal_decomp/compare_L2_error.py , Line : 19, Func.Name : read_specific_lines, Message : digits.append(float(i))']
match None
match <re.Match object; span=(0, 58), match='NMG_Python_20_dt_5.50e-06_Nx_256_neumann_dtout_15>
Python,20,256,neumann,1,1,50p
NMG_Python_20_dt_5.50e-06_Nx_256_neumann_dtout_150pphi.csv
Exception type : ValueError 
Exception message : could not convert string to float: '(0.13964371896197997+0j)'
Stack trace : ['File : /sfs/gpfs/tardis/home/xpz5km/Cahn_Hilliard_Model_HPC/spinodal_decomp/compare_L2_error.py , Line : 86, Func.Name : compare_L2_error_at_timepoint, Message : snapshot_SAV = read_specific_lines(f"{root}/{SAV_fname}", line_list)', 'File : /sfs/gpfs/tardis/home/xpz5km/Cahn_Hilliard_Model_HPC/spinodal_decomp/compare_L2_error.py , Line : 19, Func.Name : read_specific_lines, Message : digits.append(float(i))']
match <re.Match object; span=(0, 58), match='NMG_Python_20_dt_5.50e-06_Nx_512_neumann_dtout_12>
Python,20,512,neumann,1,1,25p
NMG_Python_20_dt_5.50e-06_Nx_512_neumann_dtout_125pphi.csv
Exception type : ValueError 
Exception message : could not convert string to float: '(0.9567995461303574+0j)'
Stack trace : ['File : /sfs/gpfs/tardis/home/xpz5km/Cahn_Hilliard_Model_HPC/spinodal_decomp/compare_L2_error.py , Line : 86, Func.Name : compare_L2_error_at_timepoint, Message : snapshot_SAV = read_specific_lines(f"{root}/{SAV_fname}", line_list)', 'File : /sfs/gpfs/tardis/home/xpz5km/Cahn_Hilliard_Model_HPC/spinodal_decomp/compare_L2_error.py , Line : 19, Func.Name : read_specific_lines, Message : digits.append(float(i))']
match None
match None
match <re.Match object; span=(0, 62), match='SAV_Python_2000_dt_5.50e-06_Nx_512_periodic_dtout>
match None
match None
match <re.Match object; span=(0, 63), match='SAV_Python_2000_dt_5.50e-06_Nx_128_neumann_dtout_>
Python,2000,128,neumann,2000,2000,50p not recorded; dt_out too large.
match None
match None
match <re.Match object; span=(0, 64), match='SAV_Python_2000_dt_5.50e-06_Nx_512_periodic_dtout>
Python,2000,512,periodic,2000,2000,50p not recorded; dt_out too large.
match <re.Match object; span=(0, 61), match='SAV_Python_2000_dt_5.50e-06_Nx_512_neumann_dtout_>
match None
match None
match None
match None
match <re.Match object; span=(0, 58), match='NMG_Python_20_dt_5.50e-06_Nx_256_neumann_dtout_17>
Python,20,256,neumann,1,1,75p
NMG_Python_20_dt_5.50e-06_Nx_256_neumann_dtout_175pphi.csv
Exception type : ValueError 
Exception message : could not convert string to float: '(0.48742150273477525+0j)'
Stack trace : ['File : /sfs/gpfs/tardis/home/xpz5km/Cahn_Hilliard_Model_HPC/spinodal_decomp/compare_L2_error.py , Line : 86, Func.Name : compare_L2_error_at_timepoint, Message : snapshot_SAV = read_specific_lines(f"{root}/{SAV_fname}", line_list)', 'File : /sfs/gpfs/tardis/home/xpz5km/Cahn_Hilliard_Model_HPC/spinodal_decomp/compare_L2_error.py , Line : 19, Func.Name : read_specific_lines, Message : digits.append(float(i))']
match None
match <re.Match object; span=(0, 61), match='SAV_Python_2000_dt_5.50e-06_Nx_128_neumann_dtout_>
match None
match None
match None
match None
match None
match <re.Match object; span=(0, 59), match='NMG_Python_20_dt_5.50e-06_Nx_128_neumann_dtout_20>
Python,20,128,neumann,20,20,50p
NMG_Python_20_dt_5.50e-06_Nx_128_neumann_dtout_2050pphi.csv
Exception type : ValueError 
Exception message : could not convert string to float: '(0.4578281761662219+0j)'
Stack trace : ['File : /sfs/gpfs/tardis/home/xpz5km/Cahn_Hilliard_Model_HPC/spinodal_decomp/compare_L2_error.py , Line : 86, Func.Name : compare_L2_error_at_timepoint, Message : snapshot_SAV = read_specific_lines(f"{root}/{SAV_fname}", line_list)', 'File : /sfs/gpfs/tardis/home/xpz5km/Cahn_Hilliard_Model_HPC/spinodal_decomp/compare_L2_error.py , Line : 19, Func.Name : read_specific_lines, Message : digits.append(float(i))']
match None
match <re.Match object; span=(0, 59), match='NMG_Python_20_dt_5.50e-06_Nx_128_periodic_dtout_1>
Python,20,128,periodic,1,1,50p
NMG_Python_20_dt_5.50e-06_Nx_128_periodic_dtout_150pphi.csv
Exception type : ValueError 
Exception message : could not convert string to float: '(-0.26757298592505696+0j)'
Stack trace : ['File : /sfs/gpfs/tardis/home/xpz5km/Cahn_Hilliard_Model_HPC/spinodal_decomp/compare_L2_error.py , Line : 86, Func.Name : compare_L2_error_at_timepoint, Message : snapshot_SAV = read_specific_lines(f"{root}/{SAV_fname}", line_list)', 'File : /sfs/gpfs/tardis/home/xpz5km/Cahn_Hilliard_Model_HPC/spinodal_decomp/compare_L2_error.py , Line : 19, Func.Name : read_specific_lines, Message : digits.append(float(i))']
match <re.Match object; span=(0, 58), match='NMG_Python_20_dt_5.50e-06_Nx_256_neumann_dtout_12>
Python,20,256,neumann,1,1,25p
NMG_Python_20_dt_5.50e-06_Nx_256_neumann_dtout_125pphi.csv
Exception type : ValueError 
Exception message : could not convert string to float: '(-0.4372457674463346+0j)'
Stack trace : ['File : /sfs/gpfs/tardis/home/xpz5km/Cahn_Hilliard_Model_HPC/spinodal_decomp/compare_L2_error.py , Line : 86, Func.Name : compare_L2_error_at_timepoint, Message : snapshot_SAV = read_specific_lines(f"{root}/{SAV_fname}", line_list)', 'File : /sfs/gpfs/tardis/home/xpz5km/Cahn_Hilliard_Model_HPC/spinodal_decomp/compare_L2_error.py , Line : 19, Func.Name : read_specific_lines, Message : digits.append(float(i))']
match None
match <re.Match object; span=(0, 57), match='NMG_Python_20_dt_5.50e-06_Nx_64_neumann_dtout_175>
Python,20,64,neumann,1,1,75p
NMG_Python_20_dt_5.50e-06_Nx_64_neumann_dtout_175pphi.csv
Exception type : ValueError 
Exception message : could not convert string to float: '(0.2277321810531463+0j)'
Stack trace : ['File : /sfs/gpfs/tardis/home/xpz5km/Cahn_Hilliard_Model_HPC/spinodal_decomp/compare_L2_error.py , Line : 86, Func.Name : compare_L2_error_at_timepoint, Message : snapshot_SAV = read_specific_lines(f"{root}/{SAV_fname}", line_list)', 'File : /sfs/gpfs/tardis/home/xpz5km/Cahn_Hilliard_Model_HPC/spinodal_decomp/compare_L2_error.py , Line : 19, Func.Name : read_specific_lines, Message : digits.append(float(i))']
match None
match None
match None
match <re.Match object; span=(0, 59), match='NMG_Python_20_dt_5.50e-06_Nx_256_periodic_dtout_1>
Python,20,256,periodic,1,1,25p
NMG_Python_20_dt_5.50e-06_Nx_256_periodic_dtout_125pphi.csv
Exception type : ValueError 
Exception message : could not convert string to float: '(-0.42988893364270325+0j)'
Stack trace : ['File : /sfs/gpfs/tardis/home/xpz5km/Cahn_Hilliard_Model_HPC/spinodal_decomp/compare_L2_error.py , Line : 86, Func.Name : compare_L2_error_at_timepoint, Message : snapshot_SAV = read_specific_lines(f"{root}/{SAV_fname}", line_list)', 'File : /sfs/gpfs/tardis/home/xpz5km/Cahn_Hilliard_Model_HPC/spinodal_decomp/compare_L2_error.py , Line : 19, Func.Name : read_specific_lines, Message : digits.append(float(i))']
match <re.Match object; span=(0, 59), match='NMG_Python_20_dt_5.50e-06_Nx_64_periodic_dtout_20>
Python,20,64,periodic,20,20,25p
NMG_Python_20_dt_5.50e-06_Nx_64_periodic_dtout_2025pphi.csv
Exception type : ValueError 
Exception message : could not convert string to float: '(-0.2607501952412769+0j)'
Stack trace : ['File : /sfs/gpfs/tardis/home/xpz5km/Cahn_Hilliard_Model_HPC/spinodal_decomp/compare_L2_error.py , Line : 86, Func.Name : compare_L2_error_at_timepoint, Message : snapshot_SAV = read_specific_lines(f"{root}/{SAV_fname}", line_list)', 'File : /sfs/gpfs/tardis/home/xpz5km/Cahn_Hilliard_Model_HPC/spinodal_decomp/compare_L2_error.py , Line : 19, Func.Name : read_specific_lines, Message : digits.append(float(i))']
match None
match None
match <re.Match object; span=(0, 59), match='NMG_Python_20_dt_5.50e-06_Nx_512_periodic_dtout_1>
Python,20,512,periodic,1,1,50p
NMG_Python_20_dt_5.50e-06_Nx_512_periodic_dtout_150pphi.csv
Exception type : ValueError 
Exception message : could not convert string to float: '(0.8622243627232232+0j)'
Stack trace : ['File : /sfs/gpfs/tardis/home/xpz5km/Cahn_Hilliard_Model_HPC/spinodal_decomp/compare_L2_error.py , Line : 86, Func.Name : compare_L2_error_at_timepoint, Message : snapshot_SAV = read_specific_lines(f"{root}/{SAV_fname}", line_list)', 'File : /sfs/gpfs/tardis/home/xpz5km/Cahn_Hilliard_Model_HPC/spinodal_decomp/compare_L2_error.py , Line : 19, Func.Name : read_specific_lines, Message : digits.append(float(i))']
match None
match None
match None
match None
match None
match None
match None
match <re.Match object; span=(0, 63), match='SAV_Python_2000_dt_5.50e-06_Nx_512_neumann_dtout_>
Python,2000,512,neumann,2000,2000,50p not recorded; dt_out too large.
match <re.Match object; span=(0, 62), match='SAV_Python_2000_dt_5.50e-06_Nx_512_periodic_dtout>
match <re.Match object; span=(0, 63), match='SAV_Python_2000_dt_5.50e-06_Nx_512_neumann_dtout_>
Python,2000,512,neumann,2000,2000,75p not recorded; dt_out too large.
match None
match <re.Match object; span=(0, 60), match='NMG_Python_20_dt_5.50e-06_Nx_512_periodic_dtout_2>
Python,20,512,periodic,20,20,25p
NMG_Python_20_dt_5.50e-06_Nx_512_periodic_dtout_2025pphi.csv
Exception type : ValueError 
Exception message : could not convert string to float: '(-0.5924427840366981+0j)'
Stack trace : ['File : /sfs/gpfs/tardis/home/xpz5km/Cahn_Hilliard_Model_HPC/spinodal_decomp/compare_L2_error.py , Line : 86, Func.Name : compare_L2_error_at_timepoint, Message : snapshot_SAV = read_specific_lines(f"{root}/{SAV_fname}", line_list)', 'File : /sfs/gpfs/tardis/home/xpz5km/Cahn_Hilliard_Model_HPC/spinodal_decomp/compare_L2_error.py , Line : 19, Func.Name : read_specific_lines, Message : digits.append(float(i))']
match None
match <re.Match object; span=(0, 58), match='NMG_Python_20_dt_5.50e-06_Nx_64_neumann_dtout_205>
Python,20,64,neumann,20,20,50p
NMG_Python_20_dt_5.50e-06_Nx_64_neumann_dtout_2050pphi.csv
Exception type : ValueError 
Exception message : could not convert string to float: '(-0.8193172180077055+0j)'
Stack trace : ['File : /sfs/gpfs/tardis/home/xpz5km/Cahn_Hilliard_Model_HPC/spinodal_decomp/compare_L2_error.py , Line : 86, Func.Name : compare_L2_error_at_timepoint, Message : snapshot_SAV = read_specific_lines(f"{root}/{SAV_fname}", line_list)', 'File : /sfs/gpfs/tardis/home/xpz5km/Cahn_Hilliard_Model_HPC/spinodal_decomp/compare_L2_error.py , Line : 19, Func.Name : read_specific_lines, Message : digits.append(float(i))']
match <re.Match object; span=(0, 59), match='NMG_Python_20_dt_5.50e-06_Nx_128_neumann_dtout_20>
Python,20,128,neumann,20,20,75p
NMG_Python_20_dt_5.50e-06_Nx_128_neumann_dtout_2075pphi.csv
Exception type : ValueError 
Exception message : could not convert string to float: '(1.0070442820402468+0j)'
Stack trace : ['File : /sfs/gpfs/tardis/home/xpz5km/Cahn_Hilliard_Model_HPC/spinodal_decomp/compare_L2_error.py , Line : 86, Func.Name : compare_L2_error_at_timepoint, Message : snapshot_SAV = read_specific_lines(f"{root}/{SAV_fname}", line_list)', 'File : /sfs/gpfs/tardis/home/xpz5km/Cahn_Hilliard_Model_HPC/spinodal_decomp/compare_L2_error.py , Line : 19, Func.Name : read_specific_lines, Message : digits.append(float(i))']
match <re.Match object; span=(0, 57), match='NMG_Python_20_dt_5.50e-06_Nx_64_neumann_dtout_125>
Python,20,64,neumann,1,1,25p
NMG_Python_20_dt_5.50e-06_Nx_64_neumann_dtout_125pphi.csv
Exception type : ValueError 
Exception message : could not convert string to float: '(-0.6187552051194455+0j)'
Stack trace : ['File : /sfs/gpfs/tardis/home/xpz5km/Cahn_Hilliard_Model_HPC/spinodal_decomp/compare_L2_error.py , Line : 86, Func.Name : compare_L2_error_at_timepoint, Message : snapshot_SAV = read_specific_lines(f"{root}/{SAV_fname}", line_list)', 'File : /sfs/gpfs/tardis/home/xpz5km/Cahn_Hilliard_Model_HPC/spinodal_decomp/compare_L2_error.py , Line : 19, Func.Name : read_specific_lines, Message : digits.append(float(i))']
match None
match None
match None
match <re.Match object; span=(0, 62), match='SAV_Python_2000_dt_5.50e-06_Nx_64_neumann_dtout_2>
Python,2000,64,neumann,2000,2000,25p not recorded; dt_out too large.
match None
match None
match None
match <re.Match object; span=(0, 59), match='NMG_Python_20_dt_5.50e-06_Nx_512_periodic_dtout_1>
Python,20,512,periodic,1,1,25p
NMG_Python_20_dt_5.50e-06_Nx_512_periodic_dtout_125pphi.csv
Exception type : ValueError 
Exception message : could not convert string to float: '(-0.6151423166071002+0j)'
Stack trace : ['File : /sfs/gpfs/tardis/home/xpz5km/Cahn_Hilliard_Model_HPC/spinodal_decomp/compare_L2_error.py , Line : 86, Func.Name : compare_L2_error_at_timepoint, Message : snapshot_SAV = read_specific_lines(f"{root}/{SAV_fname}", line_list)', 'File : /sfs/gpfs/tardis/home/xpz5km/Cahn_Hilliard_Model_HPC/spinodal_decomp/compare_L2_error.py , Line : 19, Func.Name : read_specific_lines, Message : digits.append(float(i))']
match None
match <re.Match object; span=(0, 64), match='SAV_Python_2000_dt_5.50e-06_Nx_128_periodic_dtout>
Python,2000,128,periodic,2000,2000,25p not recorded; dt_out too large.
match <re.Match object; span=(0, 61), match='SAV_Python_2000_dt_5.50e-06_Nx_256_neumann_dtout_>
match None
match None
match None
match None
match <re.Match object; span=(0, 60), match='NMG_Python_20_dt_5.50e-06_Nx_512_periodic_dtout_2>
Python,20,512,periodic,20,20,50p
NMG_Python_20_dt_5.50e-06_Nx_512_periodic_dtout_2050pphi.csv
Exception type : ValueError 
Exception message : could not convert string to float: '(0.14766784652957254+0j)'
Stack trace : ['File : /sfs/gpfs/tardis/home/xpz5km/Cahn_Hilliard_Model_HPC/spinodal_decomp/compare_L2_error.py , Line : 86, Func.Name : compare_L2_error_at_timepoint, Message : snapshot_SAV = read_specific_lines(f"{root}/{SAV_fname}", line_list)', 'File : /sfs/gpfs/tardis/home/xpz5km/Cahn_Hilliard_Model_HPC/spinodal_decomp/compare_L2_error.py , Line : 19, Func.Name : read_specific_lines, Message : digits.append(float(i))']
match <re.Match object; span=(0, 64), match='SAV_Python_2000_dt_5.50e-06_Nx_512_periodic_dtout>
Python,2000,512,periodic,2000,2000,75p not recorded; dt_out too large.
match None
match None
match None
match None
match None
match <re.Match object; span=(0, 59), match='NMG_Python_20_dt_5.50e-06_Nx_128_periodic_dtout_1>
Python,20,128,periodic,1,1,75p
NMG_Python_20_dt_5.50e-06_Nx_128_periodic_dtout_175pphi.csv
Exception type : ValueError 
Exception message : could not convert string to float: '(0.5509832406366947+0j)'
Stack trace : ['File : /sfs/gpfs/tardis/home/xpz5km/Cahn_Hilliard_Model_HPC/spinodal_decomp/compare_L2_error.py , Line : 86, Func.Name : compare_L2_error_at_timepoint, Message : snapshot_SAV = read_specific_lines(f"{root}/{SAV_fname}", line_list)', 'File : /sfs/gpfs/tardis/home/xpz5km/Cahn_Hilliard_Model_HPC/spinodal_decomp/compare_L2_error.py , Line : 19, Func.Name : read_specific_lines, Message : digits.append(float(i))']
match <re.Match object; span=(0, 59), match='NMG_Python_20_dt_5.50e-06_Nx_512_periodic_dtout_1>
Python,20,512,periodic,1,1,75p
NMG_Python_20_dt_5.50e-06_Nx_512_periodic_dtout_175pphi.csv
Exception type : ValueError 
Exception message : could not convert string to float: '(0.8593799073613989+0j)'
Stack trace : ['File : /sfs/gpfs/tardis/home/xpz5km/Cahn_Hilliard_Model_HPC/spinodal_decomp/compare_L2_error.py , Line : 86, Func.Name : compare_L2_error_at_timepoint, Message : snapshot_SAV = read_specific_lines(f"{root}/{SAV_fname}", line_list)', 'File : /sfs/gpfs/tardis/home/xpz5km/Cahn_Hilliard_Model_HPC/spinodal_decomp/compare_L2_error.py , Line : 19, Func.Name : read_specific_lines, Message : digits.append(float(i))']
match None
match None
match None
match None
match <re.Match object; span=(0, 62), match='SAV_Python_2000_dt_5.50e-06_Nx_512_periodic_dtout>
match <re.Match object; span=(0, 62), match='SAV_Python_2000_dt_5.50e-06_Nx_128_periodic_dtout>
match None
match <re.Match object; span=(0, 58), match='NMG_Python_20_dt_5.50e-06_Nx_128_neumann_dtout_15>
Python,20,128,neumann,1,1,50p
NMG_Python_20_dt_5.50e-06_Nx_128_neumann_dtout_150pphi.csv
Exception type : ValueError 
Exception message : could not convert string to float: '(-0.18838904764169592+0j)'
Stack trace : ['File : /sfs/gpfs/tardis/home/xpz5km/Cahn_Hilliard_Model_HPC/spinodal_decomp/compare_L2_error.py , Line : 86, Func.Name : compare_L2_error_at_timepoint, Message : snapshot_SAV = read_specific_lines(f"{root}/{SAV_fname}", line_list)', 'File : /sfs/gpfs/tardis/home/xpz5km/Cahn_Hilliard_Model_HPC/spinodal_decomp/compare_L2_error.py , Line : 19, Func.Name : read_specific_lines, Message : digits.append(float(i))']
match None
match None
match None
match <re.Match object; span=(0, 63), match='SAV_Python_2000_dt_5.50e-06_Nx_64_periodic_dtout_>
Python,2000,64,periodic,2000,2000,25p not recorded; dt_out too large.
match None
match None
match None
match None
match None
match None
match None
match None
match None
match <re.Match object; span=(0, 60), match='NMG_Python_20_dt_5.50e-06_Nx_128_periodic_dtout_2>
Python,20,128,periodic,20,20,75p
NMG_Python_20_dt_5.50e-06_Nx_128_periodic_dtout_2075pphi.csv
Exception type : ValueError 
Exception message : could not convert string to float: '(-0.2259011345264694+0j)'
Stack trace : ['File : /sfs/gpfs/tardis/home/xpz5km/Cahn_Hilliard_Model_HPC/spinodal_decomp/compare_L2_error.py , Line : 86, Func.Name : compare_L2_error_at_timepoint, Message : snapshot_SAV = read_specific_lines(f"{root}/{SAV_fname}", line_list)', 'File : /sfs/gpfs/tardis/home/xpz5km/Cahn_Hilliard_Model_HPC/spinodal_decomp/compare_L2_error.py , Line : 19, Func.Name : read_specific_lines, Message : digits.append(float(i))']
match <re.Match object; span=(0, 62), match='SAV_Python_2000_dt_5.50e-06_Nx_64_neumann_dtout_2>
Python,2000,64,neumann,2000,2000,50p not recorded; dt_out too large.
match <re.Match object; span=(0, 64), match='SAV_Python_2000_dt_5.50e-06_Nx_128_periodic_dtout>
Python,2000,128,periodic,2000,2000,50p not recorded; dt_out too large.
match None
match None
match None
match None
match <re.Match object; span=(0, 60), match='NMG_Python_20_dt_5.50e-06_Nx_256_periodic_dtout_2>
Python,20,256,periodic,20,20,75p
NMG_Python_20_dt_5.50e-06_Nx_256_periodic_dtout_2075pphi.csv
Exception type : ValueError 
Exception message : could not convert string to float: '(0.4813657808640433+0j)'
Stack trace : ['File : /sfs/gpfs/tardis/home/xpz5km/Cahn_Hilliard_Model_HPC/spinodal_decomp/compare_L2_error.py , Line : 86, Func.Name : compare_L2_error_at_timepoint, Message : snapshot_SAV = read_specific_lines(f"{root}/{SAV_fname}", line_list)', 'File : /sfs/gpfs/tardis/home/xpz5km/Cahn_Hilliard_Model_HPC/spinodal_decomp/compare_L2_error.py , Line : 19, Func.Name : read_specific_lines, Message : digits.append(float(i))']
match <re.Match object; span=(0, 58), match='NMG_Python_20_dt_5.50e-06_Nx_512_neumann_dtout_17>
Python,20,512,neumann,1,1,75p
NMG_Python_20_dt_5.50e-06_Nx_512_neumann_dtout_175pphi.csv
Exception type : ValueError 
Exception message : could not convert string to float: '(0.9329125193689186+0j)'
Stack trace : ['File : /sfs/gpfs/tardis/home/xpz5km/Cahn_Hilliard_Model_HPC/spinodal_decomp/compare_L2_error.py , Line : 86, Func.Name : compare_L2_error_at_timepoint, Message : snapshot_SAV = read_specific_lines(f"{root}/{SAV_fname}", line_list)', 'File : /sfs/gpfs/tardis/home/xpz5km/Cahn_Hilliard_Model_HPC/spinodal_decomp/compare_L2_error.py , Line : 19, Func.Name : read_specific_lines, Message : digits.append(float(i))']
match <re.Match object; span=(0, 58), match='NMG_Python_20_dt_5.50e-06_Nx_64_neumann_dtout_202>
Python,20,64,neumann,20,20,25p
NMG_Python_20_dt_5.50e-06_Nx_64_neumann_dtout_2025pphi.csv
Exception type : ValueError 
Exception message : could not convert string to float: '(-0.9129498158047057+0j)'
Stack trace : ['File : /sfs/gpfs/tardis/home/xpz5km/Cahn_Hilliard_Model_HPC/spinodal_decomp/compare_L2_error.py , Line : 86, Func.Name : compare_L2_error_at_timepoint, Message : snapshot_SAV = read_specific_lines(f"{root}/{SAV_fname}", line_list)', 'File : /sfs/gpfs/tardis/home/xpz5km/Cahn_Hilliard_Model_HPC/spinodal_decomp/compare_L2_error.py , Line : 19, Func.Name : read_specific_lines, Message : digits.append(float(i))']
match <re.Match object; span=(0, 58), match='NMG_Python_20_dt_5.50e-06_Nx_64_neumann_dtout_207>
Python,20,64,neumann,20,20,75p
NMG_Python_20_dt_5.50e-06_Nx_64_neumann_dtout_2075pphi.csv
Exception type : ValueError 
Exception message : could not convert string to float: '(-0.3181784942992353+0j)'
Stack trace : ['File : /sfs/gpfs/tardis/home/xpz5km/Cahn_Hilliard_Model_HPC/spinodal_decomp/compare_L2_error.py , Line : 86, Func.Name : compare_L2_error_at_timepoint, Message : snapshot_SAV = read_specific_lines(f"{root}/{SAV_fname}", line_list)', 'File : /sfs/gpfs/tardis/home/xpz5km/Cahn_Hilliard_Model_HPC/spinodal_decomp/compare_L2_error.py , Line : 19, Func.Name : read_specific_lines, Message : digits.append(float(i))']
match None
match None
match <re.Match object; span=(0, 62), match='SAV_Python_2000_dt_5.50e-06_Nx_128_periodic_dtout>
match <re.Match object; span=(0, 60), match='SAV_Python_2000_dt_5.50e-06_Nx_64_neumann_dtout_1>
match <re.Match object; span=(0, 63), match='SAV_Python_2000_dt_5.50e-06_Nx_64_periodic_dtout_>
Python,2000,64,periodic,2000,2000,50p not recorded; dt_out too large.
match <re.Match object; span=(0, 60), match='NMG_Python_20_dt_5.50e-06_Nx_512_periodic_dtout_2>
Python,20,512,periodic,20,20,75p
NMG_Python_20_dt_5.50e-06_Nx_512_periodic_dtout_2075pphi.csv
Exception type : ValueError 
Exception message : could not convert string to float: '(0.5212796069949747+0j)'
Stack trace : ['File : /sfs/gpfs/tardis/home/xpz5km/Cahn_Hilliard_Model_HPC/spinodal_decomp/compare_L2_error.py , Line : 86, Func.Name : compare_L2_error_at_timepoint, Message : snapshot_SAV = read_specific_lines(f"{root}/{SAV_fname}", line_list)', 'File : /sfs/gpfs/tardis/home/xpz5km/Cahn_Hilliard_Model_HPC/spinodal_decomp/compare_L2_error.py , Line : 19, Func.Name : read_specific_lines, Message : digits.append(float(i))']
match None
match <re.Match object; span=(0, 59), match='NMG_Python_20_dt_5.50e-06_Nx_512_neumann_dtout_20>
Python,20,512,neumann,20,20,25p
NMG_Python_20_dt_5.50e-06_Nx_512_neumann_dtout_2025pphi.csv
Exception type : ValueError 
Exception message : could not convert string to float: '(-0.19931155268433487+0j)'
Stack trace : ['File : /sfs/gpfs/tardis/home/xpz5km/Cahn_Hilliard_Model_HPC/spinodal_decomp/compare_L2_error.py , Line : 86, Func.Name : compare_L2_error_at_timepoint, Message : snapshot_SAV = read_specific_lines(f"{root}/{SAV_fname}", line_list)', 'File : /sfs/gpfs/tardis/home/xpz5km/Cahn_Hilliard_Model_HPC/spinodal_decomp/compare_L2_error.py , Line : 19, Func.Name : read_specific_lines, Message : digits.append(float(i))']
match <re.Match object; span=(0, 58), match='NMG_Python_20_dt_5.50e-06_Nx_512_neumann_dtout_15>
Python,20,512,neumann,1,1,50p
NMG_Python_20_dt_5.50e-06_Nx_512_neumann_dtout_150pphi.csv
Exception type : ValueError 
Exception message : could not convert string to float: '(0.8299127778818147+0j)'
Stack trace : ['File : /sfs/gpfs/tardis/home/xpz5km/Cahn_Hilliard_Model_HPC/spinodal_decomp/compare_L2_error.py , Line : 86, Func.Name : compare_L2_error_at_timepoint, Message : snapshot_SAV = read_specific_lines(f"{root}/{SAV_fname}", line_list)', 'File : /sfs/gpfs/tardis/home/xpz5km/Cahn_Hilliard_Model_HPC/spinodal_decomp/compare_L2_error.py , Line : 19, Func.Name : read_specific_lines, Message : digits.append(float(i))']
match <re.Match object; span=(0, 58), match='NMG_Python_20_dt_5.50e-06_Nx_64_periodic_dtout_12>
Python,20,64,periodic,1,1,25p
NMG_Python_20_dt_5.50e-06_Nx_64_periodic_dtout_125pphi.csv
Exception type : ValueError 
Exception message : could not convert string to float: '(-0.5515986305243281+0j)'
Stack trace : ['File : /sfs/gpfs/tardis/home/xpz5km/Cahn_Hilliard_Model_HPC/spinodal_decomp/compare_L2_error.py , Line : 86, Func.Name : compare_L2_error_at_timepoint, Message : snapshot_SAV = read_specific_lines(f"{root}/{SAV_fname}", line_list)', 'File : /sfs/gpfs/tardis/home/xpz5km/Cahn_Hilliard_Model_HPC/spinodal_decomp/compare_L2_error.py , Line : 19, Func.Name : read_specific_lines, Message : digits.append(float(i))']
match None
match <re.Match object; span=(0, 62), match='SAV_Python_2000_dt_5.50e-06_Nx_256_periodic_dtout>
match <re.Match object; span=(0, 63), match='SAV_Python_2000_dt_5.50e-06_Nx_128_neumann_dtout_>
Python,2000,128,neumann,2000,2000,75p not recorded; dt_out too large.
match <re.Match object; span=(0, 60), match='NMG_Python_20_dt_5.50e-06_Nx_128_periodic_dtout_2>
Python,20,128,periodic,20,20,50p
NMG_Python_20_dt_5.50e-06_Nx_128_periodic_dtout_2050pphi.csv
Exception type : ValueError 
Exception message : could not convert string to float: '(-0.3095721867886947+0j)'
Stack trace : ['File : /sfs/gpfs/tardis/home/xpz5km/Cahn_Hilliard_Model_HPC/spinodal_decomp/compare_L2_error.py , Line : 86, Func.Name : compare_L2_error_at_timepoint, Message : snapshot_SAV = read_specific_lines(f"{root}/{SAV_fname}", line_list)', 'File : /sfs/gpfs/tardis/home/xpz5km/Cahn_Hilliard_Model_HPC/spinodal_decomp/compare_L2_error.py , Line : 19, Func.Name : read_specific_lines, Message : digits.append(float(i))']
match None
match None
match None
match <re.Match object; span=(0, 60), match='NMG_Python_20_dt_5.50e-06_Nx_256_periodic_dtout_2>
Python,20,256,periodic,20,20,50p
NMG_Python_20_dt_5.50e-06_Nx_256_periodic_dtout_2050pphi.csv
Exception type : ValueError 
Exception message : could not convert string to float: '(0.010506962033912721+0j)'
Stack trace : ['File : /sfs/gpfs/tardis/home/xpz5km/Cahn_Hilliard_Model_HPC/spinodal_decomp/compare_L2_error.py , Line : 86, Func.Name : compare_L2_error_at_timepoint, Message : snapshot_SAV = read_specific_lines(f"{root}/{SAV_fname}", line_list)', 'File : /sfs/gpfs/tardis/home/xpz5km/Cahn_Hilliard_Model_HPC/spinodal_decomp/compare_L2_error.py , Line : 19, Func.Name : read_specific_lines, Message : digits.append(float(i))']
match None
match <re.Match object; span=(0, 62), match='SAV_Python_2000_dt_5.50e-06_Nx_256_periodic_dtout>
match None
match <re.Match object; span=(0, 63), match='SAV_Python_2000_dt_5.50e-06_Nx_256_neumann_dtout_>
Python,2000,256,neumann,2000,2000,50p not recorded; dt_out too large.
match None
match None
match <re.Match object; span=(0, 59), match='NMG_Python_20_dt_5.50e-06_Nx_64_periodic_dtout_20>
Python,20,64,periodic,20,20,50p
NMG_Python_20_dt_5.50e-06_Nx_64_periodic_dtout_2050pphi.csv
Exception type : ValueError 
Exception message : could not convert string to float: '(-0.4179450898314091+0j)'
Stack trace : ['File : /sfs/gpfs/tardis/home/xpz5km/Cahn_Hilliard_Model_HPC/spinodal_decomp/compare_L2_error.py , Line : 86, Func.Name : compare_L2_error_at_timepoint, Message : snapshot_SAV = read_specific_lines(f"{root}/{SAV_fname}", line_list)', 'File : /sfs/gpfs/tardis/home/xpz5km/Cahn_Hilliard_Model_HPC/spinodal_decomp/compare_L2_error.py , Line : 19, Func.Name : read_specific_lines, Message : digits.append(float(i))']
match <re.Match object; span=(0, 63), match='SAV_Python_2000_dt_5.50e-06_Nx_512_neumann_dtout_>
Python,2000,512,neumann,2000,2000,25p not recorded; dt_out too large.
match None
match <re.Match object; span=(0, 59), match='NMG_Python_20_dt_5.50e-06_Nx_512_neumann_dtout_20>
Python,20,512,neumann,20,20,75p
NMG_Python_20_dt_5.50e-06_Nx_512_neumann_dtout_2075pphi.csv
Exception type : ValueError 
Exception message : could not convert string to float: '(0.6537176705314839+0j)'
Stack trace : ['File : /sfs/gpfs/tardis/home/xpz5km/Cahn_Hilliard_Model_HPC/spinodal_decomp/compare_L2_error.py , Line : 86, Func.Name : compare_L2_error_at_timepoint, Message : snapshot_SAV = read_specific_lines(f"{root}/{SAV_fname}", line_list)', 'File : /sfs/gpfs/tardis/home/xpz5km/Cahn_Hilliard_Model_HPC/spinodal_decomp/compare_L2_error.py , Line : 19, Func.Name : read_specific_lines, Message : digits.append(float(i))']
match None
match None
match <re.Match object; span=(0, 59), match='NMG_Python_20_dt_5.50e-06_Nx_256_neumann_dtout_20>
Python,20,256,neumann,20,20,25p
NMG_Python_20_dt_5.50e-06_Nx_256_neumann_dtout_2025pphi.csv
Exception type : ValueError 
Exception message : could not convert string to float: '(-0.32927592388756166+0j)'
Stack trace : ['File : /sfs/gpfs/tardis/home/xpz5km/Cahn_Hilliard_Model_HPC/spinodal_decomp/compare_L2_error.py , Line : 86, Func.Name : compare_L2_error_at_timepoint, Message : snapshot_SAV = read_specific_lines(f"{root}/{SAV_fname}", line_list)', 'File : /sfs/gpfs/tardis/home/xpz5km/Cahn_Hilliard_Model_HPC/spinodal_decomp/compare_L2_error.py , Line : 19, Func.Name : read_specific_lines, Message : digits.append(float(i))']
match <re.Match object; span=(0, 61), match='SAV_Python_2000_dt_5.50e-06_Nx_512_neumann_dtout_>
match None
match None
match None
match <re.Match object; span=(0, 62), match='SAV_Python_2000_dt_5.50e-06_Nx_64_neumann_dtout_2>
Python,2000,64,neumann,2000,2000,75p not recorded; dt_out too large.
match None
match None
match None
match None
match None
match None
match None
match None
match <re.Match object; span=(0, 59), match='NMG_Python_20_dt_5.50e-06_Nx_128_neumann_dtout_20>
Python,20,128,neumann,20,20,25p
NMG_Python_20_dt_5.50e-06_Nx_128_neumann_dtout_2025pphi.csv
Exception type : ValueError 
Exception message : could not convert string to float: '(-0.10276645075364461+0j)'
Stack trace : ['File : /sfs/gpfs/tardis/home/xpz5km/Cahn_Hilliard_Model_HPC/spinodal_decomp/compare_L2_error.py , Line : 86, Func.Name : compare_L2_error_at_timepoint, Message : snapshot_SAV = read_specific_lines(f"{root}/{SAV_fname}", line_list)', 'File : /sfs/gpfs/tardis/home/xpz5km/Cahn_Hilliard_Model_HPC/spinodal_decomp/compare_L2_error.py , Line : 19, Func.Name : read_specific_lines, Message : digits.append(float(i))']
match None
match <re.Match object; span=(0, 62), match='SAV_Python_2000_dt_5.50e-06_Nx_256_periodic_dtout>
match <re.Match object; span=(0, 59), match='NMG_Python_20_dt_5.50e-06_Nx_64_periodic_dtout_20>
Python,20,64,periodic,20,20,75p
NMG_Python_20_dt_5.50e-06_Nx_64_periodic_dtout_2075pphi.csv
Exception type : ValueError 
Exception message : could not convert string to float: '(0.36662716665050266+0j)'
Stack trace : ['File : /sfs/gpfs/tardis/home/xpz5km/Cahn_Hilliard_Model_HPC/spinodal_decomp/compare_L2_error.py , Line : 86, Func.Name : compare_L2_error_at_timepoint, Message : snapshot_SAV = read_specific_lines(f"{root}/{SAV_fname}", line_list)', 'File : /sfs/gpfs/tardis/home/xpz5km/Cahn_Hilliard_Model_HPC/spinodal_decomp/compare_L2_error.py , Line : 19, Func.Name : read_specific_lines, Message : digits.append(float(i))']
match None
match <re.Match object; span=(0, 59), match='NMG_Python_20_dt_5.50e-06_Nx_256_periodic_dtout_1>
Python,20,256,periodic,1,1,75p
NMG_Python_20_dt_5.50e-06_Nx_256_periodic_dtout_175pphi.csv
Exception type : ValueError 
Exception message : could not convert string to float: '(0.5705687405628573+0j)'
Stack trace : ['File : /sfs/gpfs/tardis/home/xpz5km/Cahn_Hilliard_Model_HPC/spinodal_decomp/compare_L2_error.py , Line : 86, Func.Name : compare_L2_error_at_timepoint, Message : snapshot_SAV = read_specific_lines(f"{root}/{SAV_fname}", line_list)', 'File : /sfs/gpfs/tardis/home/xpz5km/Cahn_Hilliard_Model_HPC/spinodal_decomp/compare_L2_error.py , Line : 19, Func.Name : read_specific_lines, Message : digits.append(float(i))']
match <re.Match object; span=(0, 58), match='NMG_Python_20_dt_5.50e-06_Nx_64_periodic_dtout_15>
Python,20,64,periodic,1,1,50p
NMG_Python_20_dt_5.50e-06_Nx_64_periodic_dtout_150pphi.csv
Exception type : ValueError 
Exception message : could not convert string to float: '(-0.2474248255193446+0j)'
Stack trace : ['File : /sfs/gpfs/tardis/home/xpz5km/Cahn_Hilliard_Model_HPC/spinodal_decomp/compare_L2_error.py , Line : 86, Func.Name : compare_L2_error_at_timepoint, Message : snapshot_SAV = read_specific_lines(f"{root}/{SAV_fname}", line_list)', 'File : /sfs/gpfs/tardis/home/xpz5km/Cahn_Hilliard_Model_HPC/spinodal_decomp/compare_L2_error.py , Line : 19, Func.Name : read_specific_lines, Message : digits.append(float(i))']
match <re.Match object; span=(0, 60), match='SAV_Python_2000_dt_5.50e-06_Nx_64_neumann_dtout_1>
match <re.Match object; span=(0, 59), match='NMG_Python_20_dt_5.50e-06_Nx_128_periodic_dtout_1>
Python,20,128,periodic,1,1,25p
NMG_Python_20_dt_5.50e-06_Nx_128_periodic_dtout_125pphi.csv
Exception type : ValueError 
Exception message : could not convert string to float: '(-0.5254265670605035+0j)'
Stack trace : ['File : /sfs/gpfs/tardis/home/xpz5km/Cahn_Hilliard_Model_HPC/spinodal_decomp/compare_L2_error.py , Line : 86, Func.Name : compare_L2_error_at_timepoint, Message : snapshot_SAV = read_specific_lines(f"{root}/{SAV_fname}", line_list)', 'File : /sfs/gpfs/tardis/home/xpz5km/Cahn_Hilliard_Model_HPC/spinodal_decomp/compare_L2_error.py , Line : 19, Func.Name : read_specific_lines, Message : digits.append(float(i))']
match None
match None
match None
match None
match None
match <re.Match object; span=(0, 61), match='SAV_Python_2000_dt_5.50e-06_Nx_128_neumann_dtout_>
match None
match <re.Match object; span=(0, 60), match='SAV_Python_2000_dt_5.50e-06_Nx_64_neumann_dtout_1>
match None
17
match None
match None
match <re.Match object; span=(0, 59), match='NMG_Python_20_dt_5.50e-06_Nx_256_neumann_dtout_20>
Python,20,256,neumann,20,20,75p
NMG_Python_20_dt_5.50e-06_Nx_256_neumann_dtout_2075pphi.csv
Exception type : ValueError 
Exception message : could not convert string to float: '(0.41950652511946407+0j)'
Stack trace : ['File : /sfs/gpfs/tardis/home/xpz5km/Cahn_Hilliard_Model_HPC/spinodal_decomp/compare_L2_error.py , Line : 86, Func.Name : compare_L2_error_at_timepoint, Message : snapshot_SAV = read_specific_lines(f"{root}/{SAV_fname}", line_list)', 'File : /sfs/gpfs/tardis/home/xpz5km/Cahn_Hilliard_Model_HPC/spinodal_decomp/compare_L2_error.py , Line : 19, Func.Name : read_specific_lines, Message : digits.append(float(i))']
match None
match None
match None
match None
match None
match None
match None
match <re.Match object; span=(0, 62), match='SAV_Python_2000_dt_5.50e-06_Nx_128_periodic_dtout>
match None
match None
match None
match None
match None
match None
match None
match None
match None
match None
match <re.Match object; span=(0, 63), match='SAV_Python_2000_dt_5.50e-06_Nx_256_neumann_dtout_>
Python,2000,256,neumann,2000,2000,25p not recorded; dt_out too large.
match <re.Match object; span=(0, 61), match='SAV_Python_2000_dt_5.50e-06_Nx_128_neumann_dtout_>
match <re.Match object; span=(0, 60), match='NMG_Python_20_dt_5.50e-06_Nx_128_periodic_dtout_2>
Python,20,128,periodic,20,20,25p
NMG_Python_20_dt_5.50e-06_Nx_128_periodic_dtout_2025pphi.csv
Exception type : ValueError 
Exception message : could not convert string to float: '(-0.5392675015155758+0j)'
Stack trace : ['File : /sfs/gpfs/tardis/home/xpz5km/Cahn_Hilliard_Model_HPC/spinodal_decomp/compare_L2_error.py , Line : 86, Func.Name : compare_L2_error_at_timepoint, Message : snapshot_SAV = read_specific_lines(f"{root}/{SAV_fname}", line_list)', 'File : /sfs/gpfs/tardis/home/xpz5km/Cahn_Hilliard_Model_HPC/spinodal_decomp/compare_L2_error.py , Line : 19, Func.Name : read_specific_lines, Message : digits.append(float(i))']
match None
match None
match <re.Match object; span=(0, 64), match='SAV_Python_2000_dt_5.50e-06_Nx_256_periodic_dtout>
Python,2000,256,periodic,2000,2000,50p not recorded; dt_out too large.
match None
match <re.Match object; span=(0, 60), match='NMG_Python_20_dt_5.50e-06_Nx_256_periodic_dtout_2>
Python,20,256,periodic,20,20,25p
NMG_Python_20_dt_5.50e-06_Nx_256_periodic_dtout_2025pphi.csv
Exception type : ValueError 
Exception message : could not convert string to float: '(-0.4170151417869721+0j)'
Stack trace : ['File : /sfs/gpfs/tardis/home/xpz5km/Cahn_Hilliard_Model_HPC/spinodal_decomp/compare_L2_error.py , Line : 86, Func.Name : compare_L2_error_at_timepoint, Message : snapshot_SAV = read_specific_lines(f"{root}/{SAV_fname}", line_list)', 'File : /sfs/gpfs/tardis/home/xpz5km/Cahn_Hilliard_Model_HPC/spinodal_decomp/compare_L2_error.py , Line : 19, Func.Name : read_specific_lines, Message : digits.append(float(i))']
match <re.Match object; span=(0, 59), match='NMG_Python_20_dt_5.50e-06_Nx_512_neumann_dtout_20>
Python,20,512,neumann,20,20,50p
NMG_Python_20_dt_5.50e-06_Nx_512_neumann_dtout_2050pphi.csv
Exception type : ValueError 
Exception message : could not convert string to float: '(0.3765941854894782+0j)'
Stack trace : ['File : /sfs/gpfs/tardis/home/xpz5km/Cahn_Hilliard_Model_HPC/spinodal_decomp/compare_L2_error.py , Line : 86, Func.Name : compare_L2_error_at_timepoint, Message : snapshot_SAV = read_specific_lines(f"{root}/{SAV_fname}", line_list)', 'File : /sfs/gpfs/tardis/home/xpz5km/Cahn_Hilliard_Model_HPC/spinodal_decomp/compare_L2_error.py , Line : 19, Func.Name : read_specific_lines, Message : digits.append(float(i))']
match None
match None
match None
match None
match None
match None
match <re.Match object; span=(0, 64), match='SAV_Python_2000_dt_5.50e-06_Nx_512_periodic_dtout>
Python,2000,512,periodic,2000,2000,25p not recorded; dt_out too large.
match None
match None
match <re.Match object; span=(0, 63), match='SAV_Python_2000_dt_5.50e-06_Nx_64_periodic_dtout_>
Python,2000,64,periodic,2000,2000,75p not recorded; dt_out too large.
match None
match <re.Match object; span=(0, 64), match='SAV_Python_2000_dt_5.50e-06_Nx_256_periodic_dtout>
Python,2000,256,periodic,2000,2000,25p not recorded; dt_out too large.
match None
match None
match None
match None
match None
match None
match None
match None
match None
match None
match None
match None
match None
match None
match None
match None
match <re.Match object; span=(0, 61), match='SAV_Python_2000_dt_5.50e-06_Nx_64_periodic_dtout_>
match None
match None
match <re.Match object; span=(0, 63), match='SAV_Python_2000_dt_5.50e-06_Nx_256_neumann_dtout_>
Python,2000,256,neumann,2000,2000,75p not recorded; dt_out too large.
match None
match None
match <re.Match object; span=(0, 64), match='SAV_Python_2000_dt_5.50e-06_Nx_128_periodic_dtout>
Python,2000,128,periodic,2000,2000,75p not recorded; dt_out too large.
match None
match None
match None
match None
match None
match None
match <re.Match object; span=(0, 58), match='NMG_Python_20_dt_5.50e-06_Nx_128_neumann_dtout_12>
Python,20,128,neumann,1,1,25p
NMG_Python_20_dt_5.50e-06_Nx_128_neumann_dtout_125pphi.csv
Exception type : ValueError 
Exception message : could not convert string to float: '(-0.21280434149602018+0j)'
Stack trace : ['File : /sfs/gpfs/tardis/home/xpz5km/Cahn_Hilliard_Model_HPC/spinodal_decomp/compare_L2_error.py , Line : 86, Func.Name : compare_L2_error_at_timepoint, Message : snapshot_SAV = read_specific_lines(f"{root}/{SAV_fname}", line_list)', 'File : /sfs/gpfs/tardis/home/xpz5km/Cahn_Hilliard_Model_HPC/spinodal_decomp/compare_L2_error.py , Line : 19, Func.Name : read_specific_lines, Message : digits.append(float(i))']
match <re.Match object; span=(0, 64), match='SAV_Python_2000_dt_5.50e-06_Nx_256_periodic_dtout>
Python,2000,256,periodic,2000,2000,75p not recorded; dt_out too large.
match None
match None
match None
match None
match None
match <re.Match object; span=(0, 59), match='NMG_Python_20_dt_5.50e-06_Nx_256_neumann_dtout_20>
Python,20,256,neumann,20,20,50p
NMG_Python_20_dt_5.50e-06_Nx_256_neumann_dtout_2050pphi.csv
Exception type : ValueError 
Exception message : could not convert string to float: '(0.07069788833767843+0j)'
Stack trace : ['File : /sfs/gpfs/tardis/home/xpz5km/Cahn_Hilliard_Model_HPC/spinodal_decomp/compare_L2_error.py , Line : 86, Func.Name : compare_L2_error_at_timepoint, Message : snapshot_SAV = read_specific_lines(f"{root}/{SAV_fname}", line_list)', 'File : /sfs/gpfs/tardis/home/xpz5km/Cahn_Hilliard_Model_HPC/spinodal_decomp/compare_L2_error.py , Line : 19, Func.Name : read_specific_lines, Message : digits.append(float(i))']
match None
match None
match <re.Match object; span=(0, 61), match='SAV_Python_2000_dt_5.50e-06_Nx_64_periodic_dtout_>
match None
match <re.Match object; span=(0, 63), match='SAV_Python_2000_dt_5.50e-06_Nx_128_neumann_dtout_>
Python,2000,128,neumann,2000,2000,25p not recorded; dt_out too large.
match None
match None
match None
match None
match <re.Match object; span=(0, 58), match='NMG_Python_20_dt_5.50e-06_Nx_64_periodic_dtout_17>
Python,20,64,periodic,1,1,75p
NMG_Python_20_dt_5.50e-06_Nx_64_periodic_dtout_175pphi.csv
Exception type : ValueError 
Exception message : could not convert string to float: '(0.5459393962701973+0j)'
Stack trace : ['File : /sfs/gpfs/tardis/home/xpz5km/Cahn_Hilliard_Model_HPC/spinodal_decomp/compare_L2_error.py , Line : 86, Func.Name : compare_L2_error_at_timepoint, Message : snapshot_SAV = read_specific_lines(f"{root}/{SAV_fname}", line_list)', 'File : /sfs/gpfs/tardis/home/xpz5km/Cahn_Hilliard_Model_HPC/spinodal_decomp/compare_L2_error.py , Line : 19, Func.Name : read_specific_lines, Message : digits.append(float(i))']
match <re.Match object; span=(0, 61), match='SAV_Python_2000_dt_5.50e-06_Nx_256_neumann_dtout_>
match None
match None
match None
match None
match None
match <re.Match object; span=(0, 59), match='NMG_Python_20_dt_5.50e-06_Nx_256_periodic_dtout_1>
Python,20,256,periodic,1,1,50p
NMG_Python_20_dt_5.50e-06_Nx_256_periodic_dtout_150pphi.csv
Exception type : ValueError 
Exception message : could not convert string to float: '(-0.1909014235615558+0j)'
Stack trace : ['File : /sfs/gpfs/tardis/home/xpz5km/Cahn_Hilliard_Model_HPC/spinodal_decomp/compare_L2_error.py , Line : 86, Func.Name : compare_L2_error_at_timepoint, Message : snapshot_SAV = read_specific_lines(f"{root}/{SAV_fname}", line_list)', 'File : /sfs/gpfs/tardis/home/xpz5km/Cahn_Hilliard_Model_HPC/spinodal_decomp/compare_L2_error.py , Line : 19, Func.Name : read_specific_lines, Message : digits.append(float(i))']
match <re.Match object; span=(0, 61), match='SAV_Python_2000_dt_5.50e-06_Nx_64_periodic_dtout_>
match None
match <re.Match object; span=(0, 58), match='NMG_Python_20_dt_5.50e-06_Nx_128_neumann_dtout_17>
Python,20,128,neumann,1,1,75p
NMG_Python_20_dt_5.50e-06_Nx_128_neumann_dtout_175pphi.csv
Exception type : ValueError 
Exception message : could not convert string to float: '(0.6829690319579429+0j)'
Stack trace : ['File : /sfs/gpfs/tardis/home/xpz5km/Cahn_Hilliard_Model_HPC/spinodal_decomp/compare_L2_error.py , Line : 86, Func.Name : compare_L2_error_at_timepoint, Message : snapshot_SAV = read_specific_lines(f"{root}/{SAV_fname}", line_list)', 'File : /sfs/gpfs/tardis/home/xpz5km/Cahn_Hilliard_Model_HPC/spinodal_decomp/compare_L2_error.py , Line : 19, Func.Name : read_specific_lines, Message : digits.append(float(i))']
match None
match None
match <re.Match object; span=(0, 61), match='SAV_Python_2000_dt_5.50e-06_Nx_512_neumann_dtout_>
match None
match None
match None
match None
match None
match None
match None
match None
match None
match None
match <re.Match object; span=(0, 61), match='SAV_Python_2000_dt_5.50e-06_Nx_256_neumann_dtout_>
match None
match <re.Match object; span=(0, 57), match='NMG_Python_20_dt_5.50e-06_Nx_64_neumann_dtout_150>
Python,20,64,neumann,1,1,50p
NMG_Python_20_dt_5.50e-06_Nx_64_neumann_dtout_150pphi.csv
Exception type : ValueError 
Exception message : could not convert string to float: '(-0.38474186742062966+0j)'
Stack trace : ['File : /sfs/gpfs/tardis/home/xpz5km/Cahn_Hilliard_Model_HPC/spinodal_decomp/compare_L2_error.py , Line : 86, Func.Name : compare_L2_error_at_timepoint, Message : snapshot_SAV = read_specific_lines(f"{root}/{SAV_fname}", line_list)', 'File : /sfs/gpfs/tardis/home/xpz5km/Cahn_Hilliard_Model_HPC/spinodal_decomp/compare_L2_error.py , Line : 19, Func.Name : read_specific_lines, Message : digits.append(float(i))']
match None
match <re.Match object; span=(0, 58), match='NMG_Python_20_dt_5.50e-06_Nx_256_neumann_dtout_15>
Python,20,256,neumann,1,1,50p
NMG_Python_20_dt_5.50e-06_Nx_256_neumann_dtout_150pphi.csv
Exception type : ValueError 
Exception message : could not convert string to float: '(0.19915172040074858+0j)'
Stack trace : ['File : /sfs/gpfs/tardis/home/xpz5km/Cahn_Hilliard_Model_HPC/spinodal_decomp/compare_L2_error.py , Line : 86, Func.Name : compare_L2_error_at_timepoint, Message : snapshot_SAV = read_specific_lines(f"{root}/{SAV_fname}", line_list)', 'File : /sfs/gpfs/tardis/home/xpz5km/Cahn_Hilliard_Model_HPC/spinodal_decomp/compare_L2_error.py , Line : 19, Func.Name : read_specific_lines, Message : digits.append(float(i))']
match <re.Match object; span=(0, 58), match='NMG_Python_20_dt_5.50e-06_Nx_512_neumann_dtout_12>
Python,20,512,neumann,1,1,25p
NMG_Python_20_dt_5.50e-06_Nx_512_neumann_dtout_125pphi.csv
Exception type : ValueError 
Exception message : could not convert string to float: '(0.9743328007197476+0j)'
Stack trace : ['File : /sfs/gpfs/tardis/home/xpz5km/Cahn_Hilliard_Model_HPC/spinodal_decomp/compare_L2_error.py , Line : 86, Func.Name : compare_L2_error_at_timepoint, Message : snapshot_SAV = read_specific_lines(f"{root}/{SAV_fname}", line_list)', 'File : /sfs/gpfs/tardis/home/xpz5km/Cahn_Hilliard_Model_HPC/spinodal_decomp/compare_L2_error.py , Line : 19, Func.Name : read_specific_lines, Message : digits.append(float(i))']
match None
match None
match <re.Match object; span=(0, 62), match='SAV_Python_2000_dt_5.50e-06_Nx_512_periodic_dtout>
match None
match None
match <re.Match object; span=(0, 63), match='SAV_Python_2000_dt_5.50e-06_Nx_128_neumann_dtout_>
Python,2000,128,neumann,2000,2000,50p not recorded; dt_out too large.
match None
match None
match <re.Match object; span=(0, 64), match='SAV_Python_2000_dt_5.50e-06_Nx_512_periodic_dtout>
Python,2000,512,periodic,2000,2000,50p not recorded; dt_out too large.
match <re.Match object; span=(0, 61), match='SAV_Python_2000_dt_5.50e-06_Nx_512_neumann_dtout_>
match None
match None
match None
match None
match <re.Match object; span=(0, 58), match='NMG_Python_20_dt_5.50e-06_Nx_256_neumann_dtout_17>
Python,20,256,neumann,1,1,75p
NMG_Python_20_dt_5.50e-06_Nx_256_neumann_dtout_175pphi.csv
Exception type : ValueError 
Exception message : could not convert string to float: '(0.4901565518684327+0j)'
Stack trace : ['File : /sfs/gpfs/tardis/home/xpz5km/Cahn_Hilliard_Model_HPC/spinodal_decomp/compare_L2_error.py , Line : 86, Func.Name : compare_L2_error_at_timepoint, Message : snapshot_SAV = read_specific_lines(f"{root}/{SAV_fname}", line_list)', 'File : /sfs/gpfs/tardis/home/xpz5km/Cahn_Hilliard_Model_HPC/spinodal_decomp/compare_L2_error.py , Line : 19, Func.Name : read_specific_lines, Message : digits.append(float(i))']
match None
match <re.Match object; span=(0, 61), match='SAV_Python_2000_dt_5.50e-06_Nx_128_neumann_dtout_>
match None
match None
match None
match None
match None
match <re.Match object; span=(0, 59), match='NMG_Python_20_dt_5.50e-06_Nx_128_neumann_dtout_20>
Python,20,128,neumann,20,20,50p
NMG_Python_20_dt_5.50e-06_Nx_128_neumann_dtout_2050pphi.csv
Exception type : ValueError 
Exception message : could not convert string to float: '(0.4578281761662219+0j)'
Stack trace : ['File : /sfs/gpfs/tardis/home/xpz5km/Cahn_Hilliard_Model_HPC/spinodal_decomp/compare_L2_error.py , Line : 86, Func.Name : compare_L2_error_at_timepoint, Message : snapshot_SAV = read_specific_lines(f"{root}/{SAV_fname}", line_list)', 'File : /sfs/gpfs/tardis/home/xpz5km/Cahn_Hilliard_Model_HPC/spinodal_decomp/compare_L2_error.py , Line : 19, Func.Name : read_specific_lines, Message : digits.append(float(i))']
match None
match <re.Match object; span=(0, 59), match='NMG_Python_20_dt_5.50e-06_Nx_128_periodic_dtout_1>
Python,20,128,periodic,1,1,50p
NMG_Python_20_dt_5.50e-06_Nx_128_periodic_dtout_150pphi.csv
Exception type : ValueError 
Exception message : could not convert string to float: '(-0.27598276401483274+0j)'
Stack trace : ['File : /sfs/gpfs/tardis/home/xpz5km/Cahn_Hilliard_Model_HPC/spinodal_decomp/compare_L2_error.py , Line : 86, Func.Name : compare_L2_error_at_timepoint, Message : snapshot_SAV = read_specific_lines(f"{root}/{SAV_fname}", line_list)', 'File : /sfs/gpfs/tardis/home/xpz5km/Cahn_Hilliard_Model_HPC/spinodal_decomp/compare_L2_error.py , Line : 19, Func.Name : read_specific_lines, Message : digits.append(float(i))']
match <re.Match object; span=(0, 58), match='NMG_Python_20_dt_5.50e-06_Nx_256_neumann_dtout_12>
Python,20,256,neumann,1,1,25p
NMG_Python_20_dt_5.50e-06_Nx_256_neumann_dtout_125pphi.csv
Exception type : ValueError 
Exception message : could not convert string to float: '(-0.43912882454752017+0j)'
Stack trace : ['File : /sfs/gpfs/tardis/home/xpz5km/Cahn_Hilliard_Model_HPC/spinodal_decomp/compare_L2_error.py , Line : 86, Func.Name : compare_L2_error_at_timepoint, Message : snapshot_SAV = read_specific_lines(f"{root}/{SAV_fname}", line_list)', 'File : /sfs/gpfs/tardis/home/xpz5km/Cahn_Hilliard_Model_HPC/spinodal_decomp/compare_L2_error.py , Line : 19, Func.Name : read_specific_lines, Message : digits.append(float(i))']
match None
match <re.Match object; span=(0, 57), match='NMG_Python_20_dt_5.50e-06_Nx_64_neumann_dtout_175>
Python,20,64,neumann,1,1,75p
NMG_Python_20_dt_5.50e-06_Nx_64_neumann_dtout_175pphi.csv
Exception type : ValueError 
Exception message : could not convert string to float: '(0.24668075968991582+0j)'
Stack trace : ['File : /sfs/gpfs/tardis/home/xpz5km/Cahn_Hilliard_Model_HPC/spinodal_decomp/compare_L2_error.py , Line : 86, Func.Name : compare_L2_error_at_timepoint, Message : snapshot_SAV = read_specific_lines(f"{root}/{SAV_fname}", line_list)', 'File : /sfs/gpfs/tardis/home/xpz5km/Cahn_Hilliard_Model_HPC/spinodal_decomp/compare_L2_error.py , Line : 19, Func.Name : read_specific_lines, Message : digits.append(float(i))']
match None
match None
match None
match <re.Match object; span=(0, 59), match='NMG_Python_20_dt_5.50e-06_Nx_256_periodic_dtout_1>
Python,20,256,periodic,1,1,25p
NMG_Python_20_dt_5.50e-06_Nx_256_periodic_dtout_125pphi.csv
Exception type : ValueError 
Exception message : could not convert string to float: '(-0.428287150556021+0j)'
Stack trace : ['File : /sfs/gpfs/tardis/home/xpz5km/Cahn_Hilliard_Model_HPC/spinodal_decomp/compare_L2_error.py , Line : 86, Func.Name : compare_L2_error_at_timepoint, Message : snapshot_SAV = read_specific_lines(f"{root}/{SAV_fname}", line_list)', 'File : /sfs/gpfs/tardis/home/xpz5km/Cahn_Hilliard_Model_HPC/spinodal_decomp/compare_L2_error.py , Line : 19, Func.Name : read_specific_lines, Message : digits.append(float(i))']
match <re.Match object; span=(0, 59), match='NMG_Python_20_dt_5.50e-06_Nx_64_periodic_dtout_20>
Python,20,64,periodic,20,20,25p
NMG_Python_20_dt_5.50e-06_Nx_64_periodic_dtout_2025pphi.csv
Exception type : ValueError 
Exception message : could not convert string to float: '(-0.2607501952412769+0j)'
Stack trace : ['File : /sfs/gpfs/tardis/home/xpz5km/Cahn_Hilliard_Model_HPC/spinodal_decomp/compare_L2_error.py , Line : 86, Func.Name : compare_L2_error_at_timepoint, Message : snapshot_SAV = read_specific_lines(f"{root}/{SAV_fname}", line_list)', 'File : /sfs/gpfs/tardis/home/xpz5km/Cahn_Hilliard_Model_HPC/spinodal_decomp/compare_L2_error.py , Line : 19, Func.Name : read_specific_lines, Message : digits.append(float(i))']
match None
match None
match <re.Match object; span=(0, 59), match='NMG_Python_20_dt_5.50e-06_Nx_512_periodic_dtout_1>
Python,20,512,periodic,1,1,50p
NMG_Python_20_dt_5.50e-06_Nx_512_periodic_dtout_150pphi.csv
Exception type : ValueError 
Exception message : could not convert string to float: '(0.875929911151649+0j)'
Stack trace : ['File : /sfs/gpfs/tardis/home/xpz5km/Cahn_Hilliard_Model_HPC/spinodal_decomp/compare_L2_error.py , Line : 86, Func.Name : compare_L2_error_at_timepoint, Message : snapshot_SAV = read_specific_lines(f"{root}/{SAV_fname}", line_list)', 'File : /sfs/gpfs/tardis/home/xpz5km/Cahn_Hilliard_Model_HPC/spinodal_decomp/compare_L2_error.py , Line : 19, Func.Name : read_specific_lines, Message : digits.append(float(i))']
match None
match None
match None
match None
match None
match None
match None
match <re.Match object; span=(0, 63), match='SAV_Python_2000_dt_5.50e-06_Nx_512_neumann_dtout_>
Python,2000,512,neumann,2000,2000,50p not recorded; dt_out too large.
match <re.Match object; span=(0, 62), match='SAV_Python_2000_dt_5.50e-06_Nx_512_periodic_dtout>
match <re.Match object; span=(0, 63), match='SAV_Python_2000_dt_5.50e-06_Nx_512_neumann_dtout_>
Python,2000,512,neumann,2000,2000,75p not recorded; dt_out too large.
match None
match <re.Match object; span=(0, 60), match='NMG_Python_20_dt_5.50e-06_Nx_512_periodic_dtout_2>
Python,20,512,periodic,20,20,25p
NMG_Python_20_dt_5.50e-06_Nx_512_periodic_dtout_2025pphi.csv
Exception type : ValueError 
Exception message : could not convert string to float: '(-0.5924427840366981+0j)'
Stack trace : ['File : /sfs/gpfs/tardis/home/xpz5km/Cahn_Hilliard_Model_HPC/spinodal_decomp/compare_L2_error.py , Line : 86, Func.Name : compare_L2_error_at_timepoint, Message : snapshot_SAV = read_specific_lines(f"{root}/{SAV_fname}", line_list)', 'File : /sfs/gpfs/tardis/home/xpz5km/Cahn_Hilliard_Model_HPC/spinodal_decomp/compare_L2_error.py , Line : 19, Func.Name : read_specific_lines, Message : digits.append(float(i))']
match None
match <re.Match object; span=(0, 58), match='NMG_Python_20_dt_5.50e-06_Nx_64_neumann_dtout_205>
Python,20,64,neumann,20,20,50p
NMG_Python_20_dt_5.50e-06_Nx_64_neumann_dtout_2050pphi.csv
Exception type : ValueError 
Exception message : could not convert string to float: '(-0.8193172180077055+0j)'
Stack trace : ['File : /sfs/gpfs/tardis/home/xpz5km/Cahn_Hilliard_Model_HPC/spinodal_decomp/compare_L2_error.py , Line : 86, Func.Name : compare_L2_error_at_timepoint, Message : snapshot_SAV = read_specific_lines(f"{root}/{SAV_fname}", line_list)', 'File : /sfs/gpfs/tardis/home/xpz5km/Cahn_Hilliard_Model_HPC/spinodal_decomp/compare_L2_error.py , Line : 19, Func.Name : read_specific_lines, Message : digits.append(float(i))']
match <re.Match object; span=(0, 59), match='NMG_Python_20_dt_5.50e-06_Nx_128_neumann_dtout_20>
Python,20,128,neumann,20,20,75p
NMG_Python_20_dt_5.50e-06_Nx_128_neumann_dtout_2075pphi.csv
Exception type : ValueError 
Exception message : could not convert string to float: '(1.0070442820402468+0j)'
Stack trace : ['File : /sfs/gpfs/tardis/home/xpz5km/Cahn_Hilliard_Model_HPC/spinodal_decomp/compare_L2_error.py , Line : 86, Func.Name : compare_L2_error_at_timepoint, Message : snapshot_SAV = read_specific_lines(f"{root}/{SAV_fname}", line_list)', 'File : /sfs/gpfs/tardis/home/xpz5km/Cahn_Hilliard_Model_HPC/spinodal_decomp/compare_L2_error.py , Line : 19, Func.Name : read_specific_lines, Message : digits.append(float(i))']
match <re.Match object; span=(0, 57), match='NMG_Python_20_dt_5.50e-06_Nx_64_neumann_dtout_125>
Python,20,64,neumann,1,1,25p
NMG_Python_20_dt_5.50e-06_Nx_64_neumann_dtout_125pphi.csv
Exception type : ValueError 
Exception message : could not convert string to float: '(-0.6207745864553604+0j)'
Stack trace : ['File : /sfs/gpfs/tardis/home/xpz5km/Cahn_Hilliard_Model_HPC/spinodal_decomp/compare_L2_error.py , Line : 86, Func.Name : compare_L2_error_at_timepoint, Message : snapshot_SAV = read_specific_lines(f"{root}/{SAV_fname}", line_list)', 'File : /sfs/gpfs/tardis/home/xpz5km/Cahn_Hilliard_Model_HPC/spinodal_decomp/compare_L2_error.py , Line : 19, Func.Name : read_specific_lines, Message : digits.append(float(i))']
match None
match None
match None
match <re.Match object; span=(0, 62), match='SAV_Python_2000_dt_5.50e-06_Nx_64_neumann_dtout_2>
Python,2000,64,neumann,2000,2000,25p not recorded; dt_out too large.
match None
match None
match None
match <re.Match object; span=(0, 59), match='NMG_Python_20_dt_5.50e-06_Nx_512_periodic_dtout_1>
Python,20,512,periodic,1,1,25p
NMG_Python_20_dt_5.50e-06_Nx_512_periodic_dtout_125pphi.csv
Exception type : ValueError 
Exception message : could not convert string to float: '(-0.6360563226957693+0j)'
Stack trace : ['File : /sfs/gpfs/tardis/home/xpz5km/Cahn_Hilliard_Model_HPC/spinodal_decomp/compare_L2_error.py , Line : 86, Func.Name : compare_L2_error_at_timepoint, Message : snapshot_SAV = read_specific_lines(f"{root}/{SAV_fname}", line_list)', 'File : /sfs/gpfs/tardis/home/xpz5km/Cahn_Hilliard_Model_HPC/spinodal_decomp/compare_L2_error.py , Line : 19, Func.Name : read_specific_lines, Message : digits.append(float(i))']
match None
match <re.Match object; span=(0, 64), match='SAV_Python_2000_dt_5.50e-06_Nx_128_periodic_dtout>
Python,2000,128,periodic,2000,2000,25p not recorded; dt_out too large.
match <re.Match object; span=(0, 61), match='SAV_Python_2000_dt_5.50e-06_Nx_256_neumann_dtout_>
match None
match None
match None
match None
match <re.Match object; span=(0, 60), match='NMG_Python_20_dt_5.50e-06_Nx_512_periodic_dtout_2>
Python,20,512,periodic,20,20,50p
NMG_Python_20_dt_5.50e-06_Nx_512_periodic_dtout_2050pphi.csv
Exception type : ValueError 
Exception message : could not convert string to float: '(0.14766784652957254+0j)'
Stack trace : ['File : /sfs/gpfs/tardis/home/xpz5km/Cahn_Hilliard_Model_HPC/spinodal_decomp/compare_L2_error.py , Line : 86, Func.Name : compare_L2_error_at_timepoint, Message : snapshot_SAV = read_specific_lines(f"{root}/{SAV_fname}", line_list)', 'File : /sfs/gpfs/tardis/home/xpz5km/Cahn_Hilliard_Model_HPC/spinodal_decomp/compare_L2_error.py , Line : 19, Func.Name : read_specific_lines, Message : digits.append(float(i))']
match <re.Match object; span=(0, 64), match='SAV_Python_2000_dt_5.50e-06_Nx_512_periodic_dtout>
Python,2000,512,periodic,2000,2000,75p not recorded; dt_out too large.
match None
match None
match None
match None
match None
match <re.Match object; span=(0, 59), match='NMG_Python_20_dt_5.50e-06_Nx_128_periodic_dtout_1>
Python,20,128,periodic,1,1,75p
NMG_Python_20_dt_5.50e-06_Nx_128_periodic_dtout_175pphi.csv
Exception type : ValueError 
Exception message : could not convert string to float: '(0.5530683072141406+0j)'
Stack trace : ['File : /sfs/gpfs/tardis/home/xpz5km/Cahn_Hilliard_Model_HPC/spinodal_decomp/compare_L2_error.py , Line : 86, Func.Name : compare_L2_error_at_timepoint, Message : snapshot_SAV = read_specific_lines(f"{root}/{SAV_fname}", line_list)', 'File : /sfs/gpfs/tardis/home/xpz5km/Cahn_Hilliard_Model_HPC/spinodal_decomp/compare_L2_error.py , Line : 19, Func.Name : read_specific_lines, Message : digits.append(float(i))']
match <re.Match object; span=(0, 59), match='NMG_Python_20_dt_5.50e-06_Nx_512_periodic_dtout_1>
Python,20,512,periodic,1,1,75p
NMG_Python_20_dt_5.50e-06_Nx_512_periodic_dtout_175pphi.csv
Exception type : ValueError 
Exception message : could not convert string to float: '(0.8735267190421575+0j)'
Stack trace : ['File : /sfs/gpfs/tardis/home/xpz5km/Cahn_Hilliard_Model_HPC/spinodal_decomp/compare_L2_error.py , Line : 86, Func.Name : compare_L2_error_at_timepoint, Message : snapshot_SAV = read_specific_lines(f"{root}/{SAV_fname}", line_list)', 'File : /sfs/gpfs/tardis/home/xpz5km/Cahn_Hilliard_Model_HPC/spinodal_decomp/compare_L2_error.py , Line : 19, Func.Name : read_specific_lines, Message : digits.append(float(i))']
match None
match None
match None
match None
match <re.Match object; span=(0, 62), match='SAV_Python_2000_dt_5.50e-06_Nx_512_periodic_dtout>
match <re.Match object; span=(0, 62), match='SAV_Python_2000_dt_5.50e-06_Nx_128_periodic_dtout>
match None
match <re.Match object; span=(0, 58), match='NMG_Python_20_dt_5.50e-06_Nx_128_neumann_dtout_15>
Python,20,128,neumann,1,1,50p
NMG_Python_20_dt_5.50e-06_Nx_128_neumann_dtout_150pphi.csv
Exception type : ValueError 
Exception message : could not convert string to float: '(-0.1932201333465473+0j)'
Stack trace : ['File : /sfs/gpfs/tardis/home/xpz5km/Cahn_Hilliard_Model_HPC/spinodal_decomp/compare_L2_error.py , Line : 86, Func.Name : compare_L2_error_at_timepoint, Message : snapshot_SAV = read_specific_lines(f"{root}/{SAV_fname}", line_list)', 'File : /sfs/gpfs/tardis/home/xpz5km/Cahn_Hilliard_Model_HPC/spinodal_decomp/compare_L2_error.py , Line : 19, Func.Name : read_specific_lines, Message : digits.append(float(i))']
match None
match None
match None
match <re.Match object; span=(0, 63), match='SAV_Python_2000_dt_5.50e-06_Nx_64_periodic_dtout_>
Python,2000,64,periodic,2000,2000,25p not recorded; dt_out too large.
match None
match None
match None
match None
match None
match None
match None
match None
match None
match <re.Match object; span=(0, 60), match='NMG_Python_20_dt_5.50e-06_Nx_128_periodic_dtout_2>
Python,20,128,periodic,20,20,75p
NMG_Python_20_dt_5.50e-06_Nx_128_periodic_dtout_2075pphi.csv
Exception type : ValueError 
Exception message : could not convert string to float: '(-0.2259011345264694+0j)'
Stack trace : ['File : /sfs/gpfs/tardis/home/xpz5km/Cahn_Hilliard_Model_HPC/spinodal_decomp/compare_L2_error.py , Line : 86, Func.Name : compare_L2_error_at_timepoint, Message : snapshot_SAV = read_specific_lines(f"{root}/{SAV_fname}", line_list)', 'File : /sfs/gpfs/tardis/home/xpz5km/Cahn_Hilliard_Model_HPC/spinodal_decomp/compare_L2_error.py , Line : 19, Func.Name : read_specific_lines, Message : digits.append(float(i))']
match <re.Match object; span=(0, 62), match='SAV_Python_2000_dt_5.50e-06_Nx_64_neumann_dtout_2>
Python,2000,64,neumann,2000,2000,50p not recorded; dt_out too large.
match <re.Match object; span=(0, 64), match='SAV_Python_2000_dt_5.50e-06_Nx_128_periodic_dtout>
Python,2000,128,periodic,2000,2000,50p not recorded; dt_out too large.
match None
match None
match None
match None
match <re.Match object; span=(0, 60), match='NMG_Python_20_dt_5.50e-06_Nx_256_periodic_dtout_2>
Python,20,256,periodic,20,20,75p
NMG_Python_20_dt_5.50e-06_Nx_256_periodic_dtout_2075pphi.csv
Exception type : ValueError 
Exception message : could not convert string to float: '(0.4813657808640433+0j)'
Stack trace : ['File : /sfs/gpfs/tardis/home/xpz5km/Cahn_Hilliard_Model_HPC/spinodal_decomp/compare_L2_error.py , Line : 86, Func.Name : compare_L2_error_at_timepoint, Message : snapshot_SAV = read_specific_lines(f"{root}/{SAV_fname}", line_list)', 'File : /sfs/gpfs/tardis/home/xpz5km/Cahn_Hilliard_Model_HPC/spinodal_decomp/compare_L2_error.py , Line : 19, Func.Name : read_specific_lines, Message : digits.append(float(i))']
match <re.Match object; span=(0, 58), match='NMG_Python_20_dt_5.50e-06_Nx_512_neumann_dtout_17>
Python,20,512,neumann,1,1,75p
NMG_Python_20_dt_5.50e-06_Nx_512_neumann_dtout_175pphi.csv
Exception type : ValueError 
Exception message : could not convert string to float: '(0.9340466194439306+0j)'
Stack trace : ['File : /sfs/gpfs/tardis/home/xpz5km/Cahn_Hilliard_Model_HPC/spinodal_decomp/compare_L2_error.py , Line : 86, Func.Name : compare_L2_error_at_timepoint, Message : snapshot_SAV = read_specific_lines(f"{root}/{SAV_fname}", line_list)', 'File : /sfs/gpfs/tardis/home/xpz5km/Cahn_Hilliard_Model_HPC/spinodal_decomp/compare_L2_error.py , Line : 19, Func.Name : read_specific_lines, Message : digits.append(float(i))']
match <re.Match object; span=(0, 58), match='NMG_Python_20_dt_5.50e-06_Nx_64_neumann_dtout_202>
Python,20,64,neumann,20,20,25p
NMG_Python_20_dt_5.50e-06_Nx_64_neumann_dtout_2025pphi.csv
Exception type : ValueError 
Exception message : could not convert string to float: '(-0.9129498158047057+0j)'
Stack trace : ['File : /sfs/gpfs/tardis/home/xpz5km/Cahn_Hilliard_Model_HPC/spinodal_decomp/compare_L2_error.py , Line : 86, Func.Name : compare_L2_error_at_timepoint, Message : snapshot_SAV = read_specific_lines(f"{root}/{SAV_fname}", line_list)', 'File : /sfs/gpfs/tardis/home/xpz5km/Cahn_Hilliard_Model_HPC/spinodal_decomp/compare_L2_error.py , Line : 19, Func.Name : read_specific_lines, Message : digits.append(float(i))']
match <re.Match object; span=(0, 58), match='NMG_Python_20_dt_5.50e-06_Nx_64_neumann_dtout_207>
Python,20,64,neumann,20,20,75p
NMG_Python_20_dt_5.50e-06_Nx_64_neumann_dtout_2075pphi.csv
Exception type : ValueError 
Exception message : could not convert string to float: '(-0.3181784942992353+0j)'
Stack trace : ['File : /sfs/gpfs/tardis/home/xpz5km/Cahn_Hilliard_Model_HPC/spinodal_decomp/compare_L2_error.py , Line : 86, Func.Name : compare_L2_error_at_timepoint, Message : snapshot_SAV = read_specific_lines(f"{root}/{SAV_fname}", line_list)', 'File : /sfs/gpfs/tardis/home/xpz5km/Cahn_Hilliard_Model_HPC/spinodal_decomp/compare_L2_error.py , Line : 19, Func.Name : read_specific_lines, Message : digits.append(float(i))']
match None
match None
match <re.Match object; span=(0, 62), match='SAV_Python_2000_dt_5.50e-06_Nx_128_periodic_dtout>
match <re.Match object; span=(0, 60), match='SAV_Python_2000_dt_5.50e-06_Nx_64_neumann_dtout_1>
match <re.Match object; span=(0, 63), match='SAV_Python_2000_dt_5.50e-06_Nx_64_periodic_dtout_>
Python,2000,64,periodic,2000,2000,50p not recorded; dt_out too large.
match <re.Match object; span=(0, 60), match='NMG_Python_20_dt_5.50e-06_Nx_512_periodic_dtout_2>
Python,20,512,periodic,20,20,75p
NMG_Python_20_dt_5.50e-06_Nx_512_periodic_dtout_2075pphi.csv
Exception type : ValueError 
Exception message : could not convert string to float: '(0.5212796069949747+0j)'
Stack trace : ['File : /sfs/gpfs/tardis/home/xpz5km/Cahn_Hilliard_Model_HPC/spinodal_decomp/compare_L2_error.py , Line : 86, Func.Name : compare_L2_error_at_timepoint, Message : snapshot_SAV = read_specific_lines(f"{root}/{SAV_fname}", line_list)', 'File : /sfs/gpfs/tardis/home/xpz5km/Cahn_Hilliard_Model_HPC/spinodal_decomp/compare_L2_error.py , Line : 19, Func.Name : read_specific_lines, Message : digits.append(float(i))']
match None
match <re.Match object; span=(0, 59), match='NMG_Python_20_dt_5.50e-06_Nx_512_neumann_dtout_20>
Python,20,512,neumann,20,20,25p
NMG_Python_20_dt_5.50e-06_Nx_512_neumann_dtout_2025pphi.csv
Exception type : ValueError 
Exception message : could not convert string to float: '(-0.19931155268433487+0j)'
Stack trace : ['File : /sfs/gpfs/tardis/home/xpz5km/Cahn_Hilliard_Model_HPC/spinodal_decomp/compare_L2_error.py , Line : 86, Func.Name : compare_L2_error_at_timepoint, Message : snapshot_SAV = read_specific_lines(f"{root}/{SAV_fname}", line_list)', 'File : /sfs/gpfs/tardis/home/xpz5km/Cahn_Hilliard_Model_HPC/spinodal_decomp/compare_L2_error.py , Line : 19, Func.Name : read_specific_lines, Message : digits.append(float(i))']
match <re.Match object; span=(0, 58), match='NMG_Python_20_dt_5.50e-06_Nx_512_neumann_dtout_15>
Python,20,512,neumann,1,1,50p
NMG_Python_20_dt_5.50e-06_Nx_512_neumann_dtout_150pphi.csv
Exception type : ValueError 
Exception message : could not convert string to float: '(0.8322033370412075+0j)'
Stack trace : ['File : /sfs/gpfs/tardis/home/xpz5km/Cahn_Hilliard_Model_HPC/spinodal_decomp/compare_L2_error.py , Line : 86, Func.Name : compare_L2_error_at_timepoint, Message : snapshot_SAV = read_specific_lines(f"{root}/{SAV_fname}", line_list)', 'File : /sfs/gpfs/tardis/home/xpz5km/Cahn_Hilliard_Model_HPC/spinodal_decomp/compare_L2_error.py , Line : 19, Func.Name : read_specific_lines, Message : digits.append(float(i))']
match <re.Match object; span=(0, 58), match='NMG_Python_20_dt_5.50e-06_Nx_64_periodic_dtout_12>
Python,20,64,periodic,1,1,25p
NMG_Python_20_dt_5.50e-06_Nx_64_periodic_dtout_125pphi.csv
Exception type : ValueError 
Exception message : could not convert string to float: '(-0.5535996379468032+0j)'
Stack trace : ['File : /sfs/gpfs/tardis/home/xpz5km/Cahn_Hilliard_Model_HPC/spinodal_decomp/compare_L2_error.py , Line : 86, Func.Name : compare_L2_error_at_timepoint, Message : snapshot_SAV = read_specific_lines(f"{root}/{SAV_fname}", line_list)', 'File : /sfs/gpfs/tardis/home/xpz5km/Cahn_Hilliard_Model_HPC/spinodal_decomp/compare_L2_error.py , Line : 19, Func.Name : read_specific_lines, Message : digits.append(float(i))']
match None
match <re.Match object; span=(0, 62), match='SAV_Python_2000_dt_5.50e-06_Nx_256_periodic_dtout>
match <re.Match object; span=(0, 63), match='SAV_Python_2000_dt_5.50e-06_Nx_128_neumann_dtout_>
Python,2000,128,neumann,2000,2000,75p not recorded; dt_out too large.
match <re.Match object; span=(0, 60), match='NMG_Python_20_dt_5.50e-06_Nx_128_periodic_dtout_2>
Python,20,128,periodic,20,20,50p
NMG_Python_20_dt_5.50e-06_Nx_128_periodic_dtout_2050pphi.csv
Exception type : ValueError 
Exception message : could not convert string to float: '(-0.3095721867886947+0j)'
Stack trace : ['File : /sfs/gpfs/tardis/home/xpz5km/Cahn_Hilliard_Model_HPC/spinodal_decomp/compare_L2_error.py , Line : 86, Func.Name : compare_L2_error_at_timepoint, Message : snapshot_SAV = read_specific_lines(f"{root}/{SAV_fname}", line_list)', 'File : /sfs/gpfs/tardis/home/xpz5km/Cahn_Hilliard_Model_HPC/spinodal_decomp/compare_L2_error.py , Line : 19, Func.Name : read_specific_lines, Message : digits.append(float(i))']
match None
match None
match None
match <re.Match object; span=(0, 60), match='NMG_Python_20_dt_5.50e-06_Nx_256_periodic_dtout_2>
Python,20,256,periodic,20,20,50p
NMG_Python_20_dt_5.50e-06_Nx_256_periodic_dtout_2050pphi.csv
Exception type : ValueError 
Exception message : could not convert string to float: '(0.010506962033912721+0j)'
Stack trace : ['File : /sfs/gpfs/tardis/home/xpz5km/Cahn_Hilliard_Model_HPC/spinodal_decomp/compare_L2_error.py , Line : 86, Func.Name : compare_L2_error_at_timepoint, Message : snapshot_SAV = read_specific_lines(f"{root}/{SAV_fname}", line_list)', 'File : /sfs/gpfs/tardis/home/xpz5km/Cahn_Hilliard_Model_HPC/spinodal_decomp/compare_L2_error.py , Line : 19, Func.Name : read_specific_lines, Message : digits.append(float(i))']
match None
match <re.Match object; span=(0, 62), match='SAV_Python_2000_dt_5.50e-06_Nx_256_periodic_dtout>
match None
match <re.Match object; span=(0, 63), match='SAV_Python_2000_dt_5.50e-06_Nx_256_neumann_dtout_>
Python,2000,256,neumann,2000,2000,50p not recorded; dt_out too large.
match None
match None
match <re.Match object; span=(0, 59), match='NMG_Python_20_dt_5.50e-06_Nx_64_periodic_dtout_20>
Python,20,64,periodic,20,20,50p
NMG_Python_20_dt_5.50e-06_Nx_64_periodic_dtout_2050pphi.csv
Exception type : ValueError 
Exception message : could not convert string to float: '(-0.4179450898314091+0j)'
Stack trace : ['File : /sfs/gpfs/tardis/home/xpz5km/Cahn_Hilliard_Model_HPC/spinodal_decomp/compare_L2_error.py , Line : 86, Func.Name : compare_L2_error_at_timepoint, Message : snapshot_SAV = read_specific_lines(f"{root}/{SAV_fname}", line_list)', 'File : /sfs/gpfs/tardis/home/xpz5km/Cahn_Hilliard_Model_HPC/spinodal_decomp/compare_L2_error.py , Line : 19, Func.Name : read_specific_lines, Message : digits.append(float(i))']
match <re.Match object; span=(0, 63), match='SAV_Python_2000_dt_5.50e-06_Nx_512_neumann_dtout_>
Python,2000,512,neumann,2000,2000,25p not recorded; dt_out too large.
match None
match <re.Match object; span=(0, 59), match='NMG_Python_20_dt_5.50e-06_Nx_512_neumann_dtout_20>
Python,20,512,neumann,20,20,75p
NMG_Python_20_dt_5.50e-06_Nx_512_neumann_dtout_2075pphi.csv
Exception type : ValueError 
Exception message : could not convert string to float: '(0.6537176705314839+0j)'
Stack trace : ['File : /sfs/gpfs/tardis/home/xpz5km/Cahn_Hilliard_Model_HPC/spinodal_decomp/compare_L2_error.py , Line : 86, Func.Name : compare_L2_error_at_timepoint, Message : snapshot_SAV = read_specific_lines(f"{root}/{SAV_fname}", line_list)', 'File : /sfs/gpfs/tardis/home/xpz5km/Cahn_Hilliard_Model_HPC/spinodal_decomp/compare_L2_error.py , Line : 19, Func.Name : read_specific_lines, Message : digits.append(float(i))']
match None
match None
match <re.Match object; span=(0, 59), match='NMG_Python_20_dt_5.50e-06_Nx_256_neumann_dtout_20>
Python,20,256,neumann,20,20,25p
NMG_Python_20_dt_5.50e-06_Nx_256_neumann_dtout_2025pphi.csv
Exception type : ValueError 
Exception message : could not convert string to float: '(-0.32927592388756166+0j)'
Stack trace : ['File : /sfs/gpfs/tardis/home/xpz5km/Cahn_Hilliard_Model_HPC/spinodal_decomp/compare_L2_error.py , Line : 86, Func.Name : compare_L2_error_at_timepoint, Message : snapshot_SAV = read_specific_lines(f"{root}/{SAV_fname}", line_list)', 'File : /sfs/gpfs/tardis/home/xpz5km/Cahn_Hilliard_Model_HPC/spinodal_decomp/compare_L2_error.py , Line : 19, Func.Name : read_specific_lines, Message : digits.append(float(i))']
match <re.Match object; span=(0, 61), match='SAV_Python_2000_dt_5.50e-06_Nx_512_neumann_dtout_>
match None
match None
match None
match <re.Match object; span=(0, 62), match='SAV_Python_2000_dt_5.50e-06_Nx_64_neumann_dtout_2>
Python,2000,64,neumann,2000,2000,75p not recorded; dt_out too large.
match None
match None
match None
match None
match None
match None
match None
match None
match <re.Match object; span=(0, 59), match='NMG_Python_20_dt_5.50e-06_Nx_128_neumann_dtout_20>
Python,20,128,neumann,20,20,25p
NMG_Python_20_dt_5.50e-06_Nx_128_neumann_dtout_2025pphi.csv
Exception type : ValueError 
Exception message : could not convert string to float: '(-0.10276645075364461+0j)'
Stack trace : ['File : /sfs/gpfs/tardis/home/xpz5km/Cahn_Hilliard_Model_HPC/spinodal_decomp/compare_L2_error.py , Line : 86, Func.Name : compare_L2_error_at_timepoint, Message : snapshot_SAV = read_specific_lines(f"{root}/{SAV_fname}", line_list)', 'File : /sfs/gpfs/tardis/home/xpz5km/Cahn_Hilliard_Model_HPC/spinodal_decomp/compare_L2_error.py , Line : 19, Func.Name : read_specific_lines, Message : digits.append(float(i))']
match None
match <re.Match object; span=(0, 62), match='SAV_Python_2000_dt_5.50e-06_Nx_256_periodic_dtout>
match <re.Match object; span=(0, 59), match='NMG_Python_20_dt_5.50e-06_Nx_64_periodic_dtout_20>
Python,20,64,periodic,20,20,75p
NMG_Python_20_dt_5.50e-06_Nx_64_periodic_dtout_2075pphi.csv
Exception type : ValueError 
Exception message : could not convert string to float: '(0.36662716665050266+0j)'
Stack trace : ['File : /sfs/gpfs/tardis/home/xpz5km/Cahn_Hilliard_Model_HPC/spinodal_decomp/compare_L2_error.py , Line : 86, Func.Name : compare_L2_error_at_timepoint, Message : snapshot_SAV = read_specific_lines(f"{root}/{SAV_fname}", line_list)', 'File : /sfs/gpfs/tardis/home/xpz5km/Cahn_Hilliard_Model_HPC/spinodal_decomp/compare_L2_error.py , Line : 19, Func.Name : read_specific_lines, Message : digits.append(float(i))']
match None
match <re.Match object; span=(0, 59), match='NMG_Python_20_dt_5.50e-06_Nx_256_periodic_dtout_1>
Python,20,256,periodic,1,1,75p
NMG_Python_20_dt_5.50e-06_Nx_256_periodic_dtout_175pphi.csv
Exception type : ValueError 
Exception message : could not convert string to float: '(0.5716020882501277+0j)'
Stack trace : ['File : /sfs/gpfs/tardis/home/xpz5km/Cahn_Hilliard_Model_HPC/spinodal_decomp/compare_L2_error.py , Line : 86, Func.Name : compare_L2_error_at_timepoint, Message : snapshot_SAV = read_specific_lines(f"{root}/{SAV_fname}", line_list)', 'File : /sfs/gpfs/tardis/home/xpz5km/Cahn_Hilliard_Model_HPC/spinodal_decomp/compare_L2_error.py , Line : 19, Func.Name : read_specific_lines, Message : digits.append(float(i))']
match <re.Match object; span=(0, 58), match='NMG_Python_20_dt_5.50e-06_Nx_64_periodic_dtout_15>
Python,20,64,periodic,1,1,50p
NMG_Python_20_dt_5.50e-06_Nx_64_periodic_dtout_150pphi.csv
Exception type : ValueError 
Exception message : could not convert string to float: '(-0.24553149443975106+0j)'
Stack trace : ['File : /sfs/gpfs/tardis/home/xpz5km/Cahn_Hilliard_Model_HPC/spinodal_decomp/compare_L2_error.py , Line : 86, Func.Name : compare_L2_error_at_timepoint, Message : snapshot_SAV = read_specific_lines(f"{root}/{SAV_fname}", line_list)', 'File : /sfs/gpfs/tardis/home/xpz5km/Cahn_Hilliard_Model_HPC/spinodal_decomp/compare_L2_error.py , Line : 19, Func.Name : read_specific_lines, Message : digits.append(float(i))']
match <re.Match object; span=(0, 60), match='SAV_Python_2000_dt_5.50e-06_Nx_64_neumann_dtout_1>
match <re.Match object; span=(0, 59), match='NMG_Python_20_dt_5.50e-06_Nx_128_periodic_dtout_1>
Python,20,128,periodic,1,1,25p
NMG_Python_20_dt_5.50e-06_Nx_128_periodic_dtout_125pphi.csv
Exception type : ValueError 
Exception message : could not convert string to float: '(-0.5255519536055502+0j)'
Stack trace : ['File : /sfs/gpfs/tardis/home/xpz5km/Cahn_Hilliard_Model_HPC/spinodal_decomp/compare_L2_error.py , Line : 86, Func.Name : compare_L2_error_at_timepoint, Message : snapshot_SAV = read_specific_lines(f"{root}/{SAV_fname}", line_list)', 'File : /sfs/gpfs/tardis/home/xpz5km/Cahn_Hilliard_Model_HPC/spinodal_decomp/compare_L2_error.py , Line : 19, Func.Name : read_specific_lines, Message : digits.append(float(i))']
match None
match None
match None
match None
match None
match <re.Match object; span=(0, 61), match='SAV_Python_2000_dt_5.50e-06_Nx_128_neumann_dtout_>
match None
match <re.Match object; span=(0, 60), match='SAV_Python_2000_dt_5.50e-06_Nx_64_neumann_dtout_1>
match None
18
match None
match None
match <re.Match object; span=(0, 59), match='NMG_Python_20_dt_5.50e-06_Nx_256_neumann_dtout_20>
Python,20,256,neumann,20,20,75p
NMG_Python_20_dt_5.50e-06_Nx_256_neumann_dtout_2075pphi.csv
Exception type : ValueError 
Exception message : could not convert string to float: '(0.41950652511946407+0j)'
Stack trace : ['File : /sfs/gpfs/tardis/home/xpz5km/Cahn_Hilliard_Model_HPC/spinodal_decomp/compare_L2_error.py , Line : 86, Func.Name : compare_L2_error_at_timepoint, Message : snapshot_SAV = read_specific_lines(f"{root}/{SAV_fname}", line_list)', 'File : /sfs/gpfs/tardis/home/xpz5km/Cahn_Hilliard_Model_HPC/spinodal_decomp/compare_L2_error.py , Line : 19, Func.Name : read_specific_lines, Message : digits.append(float(i))']
match None
match None
match None
match None
match None
match None
match None
match <re.Match object; span=(0, 62), match='SAV_Python_2000_dt_5.50e-06_Nx_128_periodic_dtout>
match None
match None
match None
match None
match None
match None
match None
match None
match None
match None
match <re.Match object; span=(0, 63), match='SAV_Python_2000_dt_5.50e-06_Nx_256_neumann_dtout_>
Python,2000,256,neumann,2000,2000,25p not recorded; dt_out too large.
match <re.Match object; span=(0, 61), match='SAV_Python_2000_dt_5.50e-06_Nx_128_neumann_dtout_>
match <re.Match object; span=(0, 60), match='NMG_Python_20_dt_5.50e-06_Nx_128_periodic_dtout_2>
Python,20,128,periodic,20,20,25p
NMG_Python_20_dt_5.50e-06_Nx_128_periodic_dtout_2025pphi.csv
Exception type : ValueError 
Exception message : could not convert string to float: '(-0.5392675015155758+0j)'
Stack trace : ['File : /sfs/gpfs/tardis/home/xpz5km/Cahn_Hilliard_Model_HPC/spinodal_decomp/compare_L2_error.py , Line : 86, Func.Name : compare_L2_error_at_timepoint, Message : snapshot_SAV = read_specific_lines(f"{root}/{SAV_fname}", line_list)', 'File : /sfs/gpfs/tardis/home/xpz5km/Cahn_Hilliard_Model_HPC/spinodal_decomp/compare_L2_error.py , Line : 19, Func.Name : read_specific_lines, Message : digits.append(float(i))']
match None
match None
match <re.Match object; span=(0, 64), match='SAV_Python_2000_dt_5.50e-06_Nx_256_periodic_dtout>
Python,2000,256,periodic,2000,2000,50p not recorded; dt_out too large.
match None
match <re.Match object; span=(0, 60), match='NMG_Python_20_dt_5.50e-06_Nx_256_periodic_dtout_2>
Python,20,256,periodic,20,20,25p
NMG_Python_20_dt_5.50e-06_Nx_256_periodic_dtout_2025pphi.csv
Exception type : ValueError 
Exception message : could not convert string to float: '(-0.4170151417869721+0j)'
Stack trace : ['File : /sfs/gpfs/tardis/home/xpz5km/Cahn_Hilliard_Model_HPC/spinodal_decomp/compare_L2_error.py , Line : 86, Func.Name : compare_L2_error_at_timepoint, Message : snapshot_SAV = read_specific_lines(f"{root}/{SAV_fname}", line_list)', 'File : /sfs/gpfs/tardis/home/xpz5km/Cahn_Hilliard_Model_HPC/spinodal_decomp/compare_L2_error.py , Line : 19, Func.Name : read_specific_lines, Message : digits.append(float(i))']
match <re.Match object; span=(0, 59), match='NMG_Python_20_dt_5.50e-06_Nx_512_neumann_dtout_20>
Python,20,512,neumann,20,20,50p
NMG_Python_20_dt_5.50e-06_Nx_512_neumann_dtout_2050pphi.csv
Exception type : ValueError 
Exception message : could not convert string to float: '(0.3765941854894782+0j)'
Stack trace : ['File : /sfs/gpfs/tardis/home/xpz5km/Cahn_Hilliard_Model_HPC/spinodal_decomp/compare_L2_error.py , Line : 86, Func.Name : compare_L2_error_at_timepoint, Message : snapshot_SAV = read_specific_lines(f"{root}/{SAV_fname}", line_list)', 'File : /sfs/gpfs/tardis/home/xpz5km/Cahn_Hilliard_Model_HPC/spinodal_decomp/compare_L2_error.py , Line : 19, Func.Name : read_specific_lines, Message : digits.append(float(i))']
match None
match None
match None
match None
match None
match None
match <re.Match object; span=(0, 64), match='SAV_Python_2000_dt_5.50e-06_Nx_512_periodic_dtout>
Python,2000,512,periodic,2000,2000,25p not recorded; dt_out too large.
match None
match None
match <re.Match object; span=(0, 63), match='SAV_Python_2000_dt_5.50e-06_Nx_64_periodic_dtout_>
Python,2000,64,periodic,2000,2000,75p not recorded; dt_out too large.
match None
match <re.Match object; span=(0, 64), match='SAV_Python_2000_dt_5.50e-06_Nx_256_periodic_dtout>
Python,2000,256,periodic,2000,2000,25p not recorded; dt_out too large.
match None
match None
match None
match None
match None
match None
match None
match None
match None
match None
match None
match None
match None
match None
match None
match None
match <re.Match object; span=(0, 61), match='SAV_Python_2000_dt_5.50e-06_Nx_64_periodic_dtout_>
match None
match None
match <re.Match object; span=(0, 63), match='SAV_Python_2000_dt_5.50e-06_Nx_256_neumann_dtout_>
Python,2000,256,neumann,2000,2000,75p not recorded; dt_out too large.
match None
match None
match <re.Match object; span=(0, 64), match='SAV_Python_2000_dt_5.50e-06_Nx_128_periodic_dtout>
Python,2000,128,periodic,2000,2000,75p not recorded; dt_out too large.
match None
match None
match None
match None
match None
match None
match <re.Match object; span=(0, 58), match='NMG_Python_20_dt_5.50e-06_Nx_128_neumann_dtout_12>
Python,20,128,neumann,1,1,25p
NMG_Python_20_dt_5.50e-06_Nx_128_neumann_dtout_125pphi.csv
Exception type : ValueError 
Exception message : could not convert string to float: '(-0.21218766778296008+0j)'
Stack trace : ['File : /sfs/gpfs/tardis/home/xpz5km/Cahn_Hilliard_Model_HPC/spinodal_decomp/compare_L2_error.py , Line : 86, Func.Name : compare_L2_error_at_timepoint, Message : snapshot_SAV = read_specific_lines(f"{root}/{SAV_fname}", line_list)', 'File : /sfs/gpfs/tardis/home/xpz5km/Cahn_Hilliard_Model_HPC/spinodal_decomp/compare_L2_error.py , Line : 19, Func.Name : read_specific_lines, Message : digits.append(float(i))']
match <re.Match object; span=(0, 64), match='SAV_Python_2000_dt_5.50e-06_Nx_256_periodic_dtout>
Python,2000,256,periodic,2000,2000,75p not recorded; dt_out too large.
match None
match None
match None
match None
match None
match <re.Match object; span=(0, 59), match='NMG_Python_20_dt_5.50e-06_Nx_256_neumann_dtout_20>
Python,20,256,neumann,20,20,50p
NMG_Python_20_dt_5.50e-06_Nx_256_neumann_dtout_2050pphi.csv
Exception type : ValueError 
Exception message : could not convert string to float: '(0.07069788833767843+0j)'
Stack trace : ['File : /sfs/gpfs/tardis/home/xpz5km/Cahn_Hilliard_Model_HPC/spinodal_decomp/compare_L2_error.py , Line : 86, Func.Name : compare_L2_error_at_timepoint, Message : snapshot_SAV = read_specific_lines(f"{root}/{SAV_fname}", line_list)', 'File : /sfs/gpfs/tardis/home/xpz5km/Cahn_Hilliard_Model_HPC/spinodal_decomp/compare_L2_error.py , Line : 19, Func.Name : read_specific_lines, Message : digits.append(float(i))']
match None
match None
match <re.Match object; span=(0, 61), match='SAV_Python_2000_dt_5.50e-06_Nx_64_periodic_dtout_>
match None
match <re.Match object; span=(0, 63), match='SAV_Python_2000_dt_5.50e-06_Nx_128_neumann_dtout_>
Python,2000,128,neumann,2000,2000,25p not recorded; dt_out too large.
match None
match None
match None
match None
match <re.Match object; span=(0, 58), match='NMG_Python_20_dt_5.50e-06_Nx_64_periodic_dtout_17>
Python,20,64,periodic,1,1,75p
NMG_Python_20_dt_5.50e-06_Nx_64_periodic_dtout_175pphi.csv
Exception type : ValueError 
Exception message : could not convert string to float: '(0.5480407688723796+0j)'
Stack trace : ['File : /sfs/gpfs/tardis/home/xpz5km/Cahn_Hilliard_Model_HPC/spinodal_decomp/compare_L2_error.py , Line : 86, Func.Name : compare_L2_error_at_timepoint, Message : snapshot_SAV = read_specific_lines(f"{root}/{SAV_fname}", line_list)', 'File : /sfs/gpfs/tardis/home/xpz5km/Cahn_Hilliard_Model_HPC/spinodal_decomp/compare_L2_error.py , Line : 19, Func.Name : read_specific_lines, Message : digits.append(float(i))']
match <re.Match object; span=(0, 61), match='SAV_Python_2000_dt_5.50e-06_Nx_256_neumann_dtout_>
match None
match None
match None
match None
match None
match <re.Match object; span=(0, 59), match='NMG_Python_20_dt_5.50e-06_Nx_256_periodic_dtout_1>
Python,20,256,periodic,1,1,50p
NMG_Python_20_dt_5.50e-06_Nx_256_periodic_dtout_150pphi.csv
Exception type : ValueError 
Exception message : could not convert string to float: '(-0.1823585431347907+0j)'
Stack trace : ['File : /sfs/gpfs/tardis/home/xpz5km/Cahn_Hilliard_Model_HPC/spinodal_decomp/compare_L2_error.py , Line : 86, Func.Name : compare_L2_error_at_timepoint, Message : snapshot_SAV = read_specific_lines(f"{root}/{SAV_fname}", line_list)', 'File : /sfs/gpfs/tardis/home/xpz5km/Cahn_Hilliard_Model_HPC/spinodal_decomp/compare_L2_error.py , Line : 19, Func.Name : read_specific_lines, Message : digits.append(float(i))']
match <re.Match object; span=(0, 61), match='SAV_Python_2000_dt_5.50e-06_Nx_64_periodic_dtout_>
match None
match <re.Match object; span=(0, 58), match='NMG_Python_20_dt_5.50e-06_Nx_128_neumann_dtout_17>
Python,20,128,neumann,1,1,75p
NMG_Python_20_dt_5.50e-06_Nx_128_neumann_dtout_175pphi.csv
Exception type : ValueError 
Exception message : could not convert string to float: '(0.6801291154224299+0j)'
Stack trace : ['File : /sfs/gpfs/tardis/home/xpz5km/Cahn_Hilliard_Model_HPC/spinodal_decomp/compare_L2_error.py , Line : 86, Func.Name : compare_L2_error_at_timepoint, Message : snapshot_SAV = read_specific_lines(f"{root}/{SAV_fname}", line_list)', 'File : /sfs/gpfs/tardis/home/xpz5km/Cahn_Hilliard_Model_HPC/spinodal_decomp/compare_L2_error.py , Line : 19, Func.Name : read_specific_lines, Message : digits.append(float(i))']
match None
match None
match <re.Match object; span=(0, 61), match='SAV_Python_2000_dt_5.50e-06_Nx_512_neumann_dtout_>
match None
match None
match None
match None
match None
match None
match None
match None
match None
match None
match <re.Match object; span=(0, 61), match='SAV_Python_2000_dt_5.50e-06_Nx_256_neumann_dtout_>
match None
match <re.Match object; span=(0, 57), match='NMG_Python_20_dt_5.50e-06_Nx_64_neumann_dtout_150>
Python,20,64,neumann,1,1,50p
NMG_Python_20_dt_5.50e-06_Nx_64_neumann_dtout_150pphi.csv
Exception type : ValueError 
Exception message : could not convert string to float: '(-0.3770411540243011+0j)'
Stack trace : ['File : /sfs/gpfs/tardis/home/xpz5km/Cahn_Hilliard_Model_HPC/spinodal_decomp/compare_L2_error.py , Line : 86, Func.Name : compare_L2_error_at_timepoint, Message : snapshot_SAV = read_specific_lines(f"{root}/{SAV_fname}", line_list)', 'File : /sfs/gpfs/tardis/home/xpz5km/Cahn_Hilliard_Model_HPC/spinodal_decomp/compare_L2_error.py , Line : 19, Func.Name : read_specific_lines, Message : digits.append(float(i))']
match None
match <re.Match object; span=(0, 58), match='NMG_Python_20_dt_5.50e-06_Nx_256_neumann_dtout_15>
Python,20,256,neumann,1,1,50p
NMG_Python_20_dt_5.50e-06_Nx_256_neumann_dtout_150pphi.csv
Exception type : ValueError 
Exception message : could not convert string to float: '(0.26757908737538577+0j)'
Stack trace : ['File : /sfs/gpfs/tardis/home/xpz5km/Cahn_Hilliard_Model_HPC/spinodal_decomp/compare_L2_error.py , Line : 86, Func.Name : compare_L2_error_at_timepoint, Message : snapshot_SAV = read_specific_lines(f"{root}/{SAV_fname}", line_list)', 'File : /sfs/gpfs/tardis/home/xpz5km/Cahn_Hilliard_Model_HPC/spinodal_decomp/compare_L2_error.py , Line : 19, Func.Name : read_specific_lines, Message : digits.append(float(i))']
match <re.Match object; span=(0, 58), match='NMG_Python_20_dt_5.50e-06_Nx_512_neumann_dtout_12>
Python,20,512,neumann,1,1,25p
NMG_Python_20_dt_5.50e-06_Nx_512_neumann_dtout_125pphi.csv
Exception type : ValueError 
Exception message : could not convert string to float: '(0.9871609505272736+0j)'
Stack trace : ['File : /sfs/gpfs/tardis/home/xpz5km/Cahn_Hilliard_Model_HPC/spinodal_decomp/compare_L2_error.py , Line : 86, Func.Name : compare_L2_error_at_timepoint, Message : snapshot_SAV = read_specific_lines(f"{root}/{SAV_fname}", line_list)', 'File : /sfs/gpfs/tardis/home/xpz5km/Cahn_Hilliard_Model_HPC/spinodal_decomp/compare_L2_error.py , Line : 19, Func.Name : read_specific_lines, Message : digits.append(float(i))']
match None
match None
match <re.Match object; span=(0, 62), match='SAV_Python_2000_dt_5.50e-06_Nx_512_periodic_dtout>
match None
match None
match <re.Match object; span=(0, 63), match='SAV_Python_2000_dt_5.50e-06_Nx_128_neumann_dtout_>
Python,2000,128,neumann,2000,2000,50p not recorded; dt_out too large.
match None
match None
match <re.Match object; span=(0, 64), match='SAV_Python_2000_dt_5.50e-06_Nx_512_periodic_dtout>
Python,2000,512,periodic,2000,2000,50p not recorded; dt_out too large.
match <re.Match object; span=(0, 61), match='SAV_Python_2000_dt_5.50e-06_Nx_512_neumann_dtout_>
match None
match None
match None
match None
match <re.Match object; span=(0, 58), match='NMG_Python_20_dt_5.50e-06_Nx_256_neumann_dtout_17>
Python,20,256,neumann,1,1,75p
NMG_Python_20_dt_5.50e-06_Nx_256_neumann_dtout_175pphi.csv
Exception type : ValueError 
Exception message : could not convert string to float: '(0.4929796826758253+0j)'
Stack trace : ['File : /sfs/gpfs/tardis/home/xpz5km/Cahn_Hilliard_Model_HPC/spinodal_decomp/compare_L2_error.py , Line : 86, Func.Name : compare_L2_error_at_timepoint, Message : snapshot_SAV = read_specific_lines(f"{root}/{SAV_fname}", line_list)', 'File : /sfs/gpfs/tardis/home/xpz5km/Cahn_Hilliard_Model_HPC/spinodal_decomp/compare_L2_error.py , Line : 19, Func.Name : read_specific_lines, Message : digits.append(float(i))']
match None
match <re.Match object; span=(0, 61), match='SAV_Python_2000_dt_5.50e-06_Nx_128_neumann_dtout_>
match None
match None
match None
match None
match None
match <re.Match object; span=(0, 59), match='NMG_Python_20_dt_5.50e-06_Nx_128_neumann_dtout_20>
Python,20,128,neumann,20,20,50p
NMG_Python_20_dt_5.50e-06_Nx_128_neumann_dtout_2050pphi.csv
Exception type : ValueError 
Exception message : could not convert string to float: '(0.4578281761662219+0j)'
Stack trace : ['File : /sfs/gpfs/tardis/home/xpz5km/Cahn_Hilliard_Model_HPC/spinodal_decomp/compare_L2_error.py , Line : 86, Func.Name : compare_L2_error_at_timepoint, Message : snapshot_SAV = read_specific_lines(f"{root}/{SAV_fname}", line_list)', 'File : /sfs/gpfs/tardis/home/xpz5km/Cahn_Hilliard_Model_HPC/spinodal_decomp/compare_L2_error.py , Line : 19, Func.Name : read_specific_lines, Message : digits.append(float(i))']
match None
match <re.Match object; span=(0, 59), match='NMG_Python_20_dt_5.50e-06_Nx_128_periodic_dtout_1>
Python,20,128,periodic,1,1,50p
NMG_Python_20_dt_5.50e-06_Nx_128_periodic_dtout_150pphi.csv
Exception type : ValueError 
Exception message : could not convert string to float: '(-0.2846356304833145+0j)'
Stack trace : ['File : /sfs/gpfs/tardis/home/xpz5km/Cahn_Hilliard_Model_HPC/spinodal_decomp/compare_L2_error.py , Line : 86, Func.Name : compare_L2_error_at_timepoint, Message : snapshot_SAV = read_specific_lines(f"{root}/{SAV_fname}", line_list)', 'File : /sfs/gpfs/tardis/home/xpz5km/Cahn_Hilliard_Model_HPC/spinodal_decomp/compare_L2_error.py , Line : 19, Func.Name : read_specific_lines, Message : digits.append(float(i))']
match <re.Match object; span=(0, 58), match='NMG_Python_20_dt_5.50e-06_Nx_256_neumann_dtout_12>
Python,20,256,neumann,1,1,25p
NMG_Python_20_dt_5.50e-06_Nx_256_neumann_dtout_125pphi.csv
Exception type : ValueError 
Exception message : could not convert string to float: '(-0.44099302860037465+0j)'
Stack trace : ['File : /sfs/gpfs/tardis/home/xpz5km/Cahn_Hilliard_Model_HPC/spinodal_decomp/compare_L2_error.py , Line : 86, Func.Name : compare_L2_error_at_timepoint, Message : snapshot_SAV = read_specific_lines(f"{root}/{SAV_fname}", line_list)', 'File : /sfs/gpfs/tardis/home/xpz5km/Cahn_Hilliard_Model_HPC/spinodal_decomp/compare_L2_error.py , Line : 19, Func.Name : read_specific_lines, Message : digits.append(float(i))']
match None
match <re.Match object; span=(0, 57), match='NMG_Python_20_dt_5.50e-06_Nx_64_neumann_dtout_175>
Python,20,64,neumann,1,1,75p
NMG_Python_20_dt_5.50e-06_Nx_64_neumann_dtout_175pphi.csv
Exception type : ValueError 
Exception message : could not convert string to float: '(0.26445535809377146+0j)'
Stack trace : ['File : /sfs/gpfs/tardis/home/xpz5km/Cahn_Hilliard_Model_HPC/spinodal_decomp/compare_L2_error.py , Line : 86, Func.Name : compare_L2_error_at_timepoint, Message : snapshot_SAV = read_specific_lines(f"{root}/{SAV_fname}", line_list)', 'File : /sfs/gpfs/tardis/home/xpz5km/Cahn_Hilliard_Model_HPC/spinodal_decomp/compare_L2_error.py , Line : 19, Func.Name : read_specific_lines, Message : digits.append(float(i))']
match None
match None
match None
match <re.Match object; span=(0, 59), match='NMG_Python_20_dt_5.50e-06_Nx_256_periodic_dtout_1>
Python,20,256,periodic,1,1,25p
NMG_Python_20_dt_5.50e-06_Nx_256_periodic_dtout_125pphi.csv
Exception type : ValueError 
Exception message : could not convert string to float: '(-0.42640108530397863+0j)'
Stack trace : ['File : /sfs/gpfs/tardis/home/xpz5km/Cahn_Hilliard_Model_HPC/spinodal_decomp/compare_L2_error.py , Line : 86, Func.Name : compare_L2_error_at_timepoint, Message : snapshot_SAV = read_specific_lines(f"{root}/{SAV_fname}", line_list)', 'File : /sfs/gpfs/tardis/home/xpz5km/Cahn_Hilliard_Model_HPC/spinodal_decomp/compare_L2_error.py , Line : 19, Func.Name : read_specific_lines, Message : digits.append(float(i))']
match <re.Match object; span=(0, 59), match='NMG_Python_20_dt_5.50e-06_Nx_64_periodic_dtout_20>
Python,20,64,periodic,20,20,25p
NMG_Python_20_dt_5.50e-06_Nx_64_periodic_dtout_2025pphi.csv
Exception type : ValueError 
Exception message : could not convert string to float: '(-0.2607501952412769+0j)'
Stack trace : ['File : /sfs/gpfs/tardis/home/xpz5km/Cahn_Hilliard_Model_HPC/spinodal_decomp/compare_L2_error.py , Line : 86, Func.Name : compare_L2_error_at_timepoint, Message : snapshot_SAV = read_specific_lines(f"{root}/{SAV_fname}", line_list)', 'File : /sfs/gpfs/tardis/home/xpz5km/Cahn_Hilliard_Model_HPC/spinodal_decomp/compare_L2_error.py , Line : 19, Func.Name : read_specific_lines, Message : digits.append(float(i))']
match None
match None
match <re.Match object; span=(0, 59), match='NMG_Python_20_dt_5.50e-06_Nx_512_periodic_dtout_1>
Python,20,512,periodic,1,1,50p
NMG_Python_20_dt_5.50e-06_Nx_512_periodic_dtout_150pphi.csv
Exception type : ValueError 
Exception message : could not convert string to float: '(0.8883920008957832+0j)'
Stack trace : ['File : /sfs/gpfs/tardis/home/xpz5km/Cahn_Hilliard_Model_HPC/spinodal_decomp/compare_L2_error.py , Line : 86, Func.Name : compare_L2_error_at_timepoint, Message : snapshot_SAV = read_specific_lines(f"{root}/{SAV_fname}", line_list)', 'File : /sfs/gpfs/tardis/home/xpz5km/Cahn_Hilliard_Model_HPC/spinodal_decomp/compare_L2_error.py , Line : 19, Func.Name : read_specific_lines, Message : digits.append(float(i))']
match None
match None
match None
match None
match None
match None
match None
match <re.Match object; span=(0, 63), match='SAV_Python_2000_dt_5.50e-06_Nx_512_neumann_dtout_>
Python,2000,512,neumann,2000,2000,50p not recorded; dt_out too large.
match <re.Match object; span=(0, 62), match='SAV_Python_2000_dt_5.50e-06_Nx_512_periodic_dtout>
match <re.Match object; span=(0, 63), match='SAV_Python_2000_dt_5.50e-06_Nx_512_neumann_dtout_>
Python,2000,512,neumann,2000,2000,75p not recorded; dt_out too large.
match None
match <re.Match object; span=(0, 60), match='NMG_Python_20_dt_5.50e-06_Nx_512_periodic_dtout_2>
Python,20,512,periodic,20,20,25p
NMG_Python_20_dt_5.50e-06_Nx_512_periodic_dtout_2025pphi.csv
Exception type : ValueError 
Exception message : could not convert string to float: '(-0.5924427840366981+0j)'
Stack trace : ['File : /sfs/gpfs/tardis/home/xpz5km/Cahn_Hilliard_Model_HPC/spinodal_decomp/compare_L2_error.py , Line : 86, Func.Name : compare_L2_error_at_timepoint, Message : snapshot_SAV = read_specific_lines(f"{root}/{SAV_fname}", line_list)', 'File : /sfs/gpfs/tardis/home/xpz5km/Cahn_Hilliard_Model_HPC/spinodal_decomp/compare_L2_error.py , Line : 19, Func.Name : read_specific_lines, Message : digits.append(float(i))']
match None
match <re.Match object; span=(0, 58), match='NMG_Python_20_dt_5.50e-06_Nx_64_neumann_dtout_205>
Python,20,64,neumann,20,20,50p
NMG_Python_20_dt_5.50e-06_Nx_64_neumann_dtout_2050pphi.csv
Exception type : ValueError 
Exception message : could not convert string to float: '(-0.8193172180077055+0j)'
Stack trace : ['File : /sfs/gpfs/tardis/home/xpz5km/Cahn_Hilliard_Model_HPC/spinodal_decomp/compare_L2_error.py , Line : 86, Func.Name : compare_L2_error_at_timepoint, Message : snapshot_SAV = read_specific_lines(f"{root}/{SAV_fname}", line_list)', 'File : /sfs/gpfs/tardis/home/xpz5km/Cahn_Hilliard_Model_HPC/spinodal_decomp/compare_L2_error.py , Line : 19, Func.Name : read_specific_lines, Message : digits.append(float(i))']
match <re.Match object; span=(0, 59), match='NMG_Python_20_dt_5.50e-06_Nx_128_neumann_dtout_20>
Python,20,128,neumann,20,20,75p
NMG_Python_20_dt_5.50e-06_Nx_128_neumann_dtout_2075pphi.csv
Exception type : ValueError 
Exception message : could not convert string to float: '(1.0070442820402468+0j)'
Stack trace : ['File : /sfs/gpfs/tardis/home/xpz5km/Cahn_Hilliard_Model_HPC/spinodal_decomp/compare_L2_error.py , Line : 86, Func.Name : compare_L2_error_at_timepoint, Message : snapshot_SAV = read_specific_lines(f"{root}/{SAV_fname}", line_list)', 'File : /sfs/gpfs/tardis/home/xpz5km/Cahn_Hilliard_Model_HPC/spinodal_decomp/compare_L2_error.py , Line : 19, Func.Name : read_specific_lines, Message : digits.append(float(i))']
match <re.Match object; span=(0, 57), match='NMG_Python_20_dt_5.50e-06_Nx_64_neumann_dtout_125>
Python,20,64,neumann,1,1,25p
NMG_Python_20_dt_5.50e-06_Nx_64_neumann_dtout_125pphi.csv
Exception type : ValueError 
Exception message : could not convert string to float: '(-0.6227484911863335+0j)'
Stack trace : ['File : /sfs/gpfs/tardis/home/xpz5km/Cahn_Hilliard_Model_HPC/spinodal_decomp/compare_L2_error.py , Line : 86, Func.Name : compare_L2_error_at_timepoint, Message : snapshot_SAV = read_specific_lines(f"{root}/{SAV_fname}", line_list)', 'File : /sfs/gpfs/tardis/home/xpz5km/Cahn_Hilliard_Model_HPC/spinodal_decomp/compare_L2_error.py , Line : 19, Func.Name : read_specific_lines, Message : digits.append(float(i))']
match None
match None
match None
match <re.Match object; span=(0, 62), match='SAV_Python_2000_dt_5.50e-06_Nx_64_neumann_dtout_2>
Python,2000,64,neumann,2000,2000,25p not recorded; dt_out too large.
match None
match None
match None
match <re.Match object; span=(0, 59), match='NMG_Python_20_dt_5.50e-06_Nx_512_periodic_dtout_1>
Python,20,512,periodic,1,1,25p
NMG_Python_20_dt_5.50e-06_Nx_512_periodic_dtout_125pphi.csv
Exception type : ValueError 
Exception message : could not convert string to float: '(-0.6580093263957443+0j)'
Stack trace : ['File : /sfs/gpfs/tardis/home/xpz5km/Cahn_Hilliard_Model_HPC/spinodal_decomp/compare_L2_error.py , Line : 86, Func.Name : compare_L2_error_at_timepoint, Message : snapshot_SAV = read_specific_lines(f"{root}/{SAV_fname}", line_list)', 'File : /sfs/gpfs/tardis/home/xpz5km/Cahn_Hilliard_Model_HPC/spinodal_decomp/compare_L2_error.py , Line : 19, Func.Name : read_specific_lines, Message : digits.append(float(i))']
match None
match <re.Match object; span=(0, 64), match='SAV_Python_2000_dt_5.50e-06_Nx_128_periodic_dtout>
Python,2000,128,periodic,2000,2000,25p not recorded; dt_out too large.
match <re.Match object; span=(0, 61), match='SAV_Python_2000_dt_5.50e-06_Nx_256_neumann_dtout_>
match None
match None
match None
match None
match <re.Match object; span=(0, 60), match='NMG_Python_20_dt_5.50e-06_Nx_512_periodic_dtout_2>
Python,20,512,periodic,20,20,50p
NMG_Python_20_dt_5.50e-06_Nx_512_periodic_dtout_2050pphi.csv
Exception type : ValueError 
Exception message : could not convert string to float: '(0.14766784652957254+0j)'
Stack trace : ['File : /sfs/gpfs/tardis/home/xpz5km/Cahn_Hilliard_Model_HPC/spinodal_decomp/compare_L2_error.py , Line : 86, Func.Name : compare_L2_error_at_timepoint, Message : snapshot_SAV = read_specific_lines(f"{root}/{SAV_fname}", line_list)', 'File : /sfs/gpfs/tardis/home/xpz5km/Cahn_Hilliard_Model_HPC/spinodal_decomp/compare_L2_error.py , Line : 19, Func.Name : read_specific_lines, Message : digits.append(float(i))']
match <re.Match object; span=(0, 64), match='SAV_Python_2000_dt_5.50e-06_Nx_512_periodic_dtout>
Python,2000,512,periodic,2000,2000,75p not recorded; dt_out too large.
match None
match None
match None
match None
match None
match <re.Match object; span=(0, 59), match='NMG_Python_20_dt_5.50e-06_Nx_128_periodic_dtout_1>
Python,20,128,periodic,1,1,75p
NMG_Python_20_dt_5.50e-06_Nx_128_periodic_dtout_175pphi.csv
Exception type : ValueError 
Exception message : could not convert string to float: '(0.55496929769087+0j)'
Stack trace : ['File : /sfs/gpfs/tardis/home/xpz5km/Cahn_Hilliard_Model_HPC/spinodal_decomp/compare_L2_error.py , Line : 86, Func.Name : compare_L2_error_at_timepoint, Message : snapshot_SAV = read_specific_lines(f"{root}/{SAV_fname}", line_list)', 'File : /sfs/gpfs/tardis/home/xpz5km/Cahn_Hilliard_Model_HPC/spinodal_decomp/compare_L2_error.py , Line : 19, Func.Name : read_specific_lines, Message : digits.append(float(i))']
match <re.Match object; span=(0, 59), match='NMG_Python_20_dt_5.50e-06_Nx_512_periodic_dtout_1>
Python,20,512,periodic,1,1,75p
NMG_Python_20_dt_5.50e-06_Nx_512_periodic_dtout_175pphi.csv
Exception type : ValueError 
Exception message : could not convert string to float: '(0.8852369134874855+0j)'
Stack trace : ['File : /sfs/gpfs/tardis/home/xpz5km/Cahn_Hilliard_Model_HPC/spinodal_decomp/compare_L2_error.py , Line : 86, Func.Name : compare_L2_error_at_timepoint, Message : snapshot_SAV = read_specific_lines(f"{root}/{SAV_fname}", line_list)', 'File : /sfs/gpfs/tardis/home/xpz5km/Cahn_Hilliard_Model_HPC/spinodal_decomp/compare_L2_error.py , Line : 19, Func.Name : read_specific_lines, Message : digits.append(float(i))']
match None
match None
match None
match None
match <re.Match object; span=(0, 62), match='SAV_Python_2000_dt_5.50e-06_Nx_512_periodic_dtout>
match <re.Match object; span=(0, 62), match='SAV_Python_2000_dt_5.50e-06_Nx_128_periodic_dtout>
match None
match <re.Match object; span=(0, 58), match='NMG_Python_20_dt_5.50e-06_Nx_128_neumann_dtout_15>
Python,20,128,neumann,1,1,50p
NMG_Python_20_dt_5.50e-06_Nx_128_neumann_dtout_150pphi.csv
Exception type : ValueError 
Exception message : could not convert string to float: '(-0.19774772403092272+0j)'
Stack trace : ['File : /sfs/gpfs/tardis/home/xpz5km/Cahn_Hilliard_Model_HPC/spinodal_decomp/compare_L2_error.py , Line : 86, Func.Name : compare_L2_error_at_timepoint, Message : snapshot_SAV = read_specific_lines(f"{root}/{SAV_fname}", line_list)', 'File : /sfs/gpfs/tardis/home/xpz5km/Cahn_Hilliard_Model_HPC/spinodal_decomp/compare_L2_error.py , Line : 19, Func.Name : read_specific_lines, Message : digits.append(float(i))']
match None
match None
match None
match <re.Match object; span=(0, 63), match='SAV_Python_2000_dt_5.50e-06_Nx_64_periodic_dtout_>
Python,2000,64,periodic,2000,2000,25p not recorded; dt_out too large.
match None
match None
match None
match None
match None
match None
match None
match None
match None
match <re.Match object; span=(0, 60), match='NMG_Python_20_dt_5.50e-06_Nx_128_periodic_dtout_2>
Python,20,128,periodic,20,20,75p
NMG_Python_20_dt_5.50e-06_Nx_128_periodic_dtout_2075pphi.csv
Exception type : ValueError 
Exception message : could not convert string to float: '(-0.2259011345264694+0j)'
Stack trace : ['File : /sfs/gpfs/tardis/home/xpz5km/Cahn_Hilliard_Model_HPC/spinodal_decomp/compare_L2_error.py , Line : 86, Func.Name : compare_L2_error_at_timepoint, Message : snapshot_SAV = read_specific_lines(f"{root}/{SAV_fname}", line_list)', 'File : /sfs/gpfs/tardis/home/xpz5km/Cahn_Hilliard_Model_HPC/spinodal_decomp/compare_L2_error.py , Line : 19, Func.Name : read_specific_lines, Message : digits.append(float(i))']
match <re.Match object; span=(0, 62), match='SAV_Python_2000_dt_5.50e-06_Nx_64_neumann_dtout_2>
Python,2000,64,neumann,2000,2000,50p not recorded; dt_out too large.
match <re.Match object; span=(0, 64), match='SAV_Python_2000_dt_5.50e-06_Nx_128_periodic_dtout>
Python,2000,128,periodic,2000,2000,50p not recorded; dt_out too large.
match None
match None
match None
match None
match <re.Match object; span=(0, 60), match='NMG_Python_20_dt_5.50e-06_Nx_256_periodic_dtout_2>
Python,20,256,periodic,20,20,75p
NMG_Python_20_dt_5.50e-06_Nx_256_periodic_dtout_2075pphi.csv
Exception type : ValueError 
Exception message : could not convert string to float: '(0.4813657808640433+0j)'
Stack trace : ['File : /sfs/gpfs/tardis/home/xpz5km/Cahn_Hilliard_Model_HPC/spinodal_decomp/compare_L2_error.py , Line : 86, Func.Name : compare_L2_error_at_timepoint, Message : snapshot_SAV = read_specific_lines(f"{root}/{SAV_fname}", line_list)', 'File : /sfs/gpfs/tardis/home/xpz5km/Cahn_Hilliard_Model_HPC/spinodal_decomp/compare_L2_error.py , Line : 19, Func.Name : read_specific_lines, Message : digits.append(float(i))']
match <re.Match object; span=(0, 58), match='NMG_Python_20_dt_5.50e-06_Nx_512_neumann_dtout_17>
Python,20,512,neumann,1,1,75p
NMG_Python_20_dt_5.50e-06_Nx_512_neumann_dtout_175pphi.csv
Exception type : ValueError 
Exception message : could not convert string to float: '(0.9348574851753113+0j)'
Stack trace : ['File : /sfs/gpfs/tardis/home/xpz5km/Cahn_Hilliard_Model_HPC/spinodal_decomp/compare_L2_error.py , Line : 86, Func.Name : compare_L2_error_at_timepoint, Message : snapshot_SAV = read_specific_lines(f"{root}/{SAV_fname}", line_list)', 'File : /sfs/gpfs/tardis/home/xpz5km/Cahn_Hilliard_Model_HPC/spinodal_decomp/compare_L2_error.py , Line : 19, Func.Name : read_specific_lines, Message : digits.append(float(i))']
match <re.Match object; span=(0, 58), match='NMG_Python_20_dt_5.50e-06_Nx_64_neumann_dtout_202>
Python,20,64,neumann,20,20,25p
NMG_Python_20_dt_5.50e-06_Nx_64_neumann_dtout_2025pphi.csv
Exception type : ValueError 
Exception message : could not convert string to float: '(-0.9129498158047057+0j)'
Stack trace : ['File : /sfs/gpfs/tardis/home/xpz5km/Cahn_Hilliard_Model_HPC/spinodal_decomp/compare_L2_error.py , Line : 86, Func.Name : compare_L2_error_at_timepoint, Message : snapshot_SAV = read_specific_lines(f"{root}/{SAV_fname}", line_list)', 'File : /sfs/gpfs/tardis/home/xpz5km/Cahn_Hilliard_Model_HPC/spinodal_decomp/compare_L2_error.py , Line : 19, Func.Name : read_specific_lines, Message : digits.append(float(i))']
match <re.Match object; span=(0, 58), match='NMG_Python_20_dt_5.50e-06_Nx_64_neumann_dtout_207>
Python,20,64,neumann,20,20,75p
NMG_Python_20_dt_5.50e-06_Nx_64_neumann_dtout_2075pphi.csv
Exception type : ValueError 
Exception message : could not convert string to float: '(-0.3181784942992353+0j)'
Stack trace : ['File : /sfs/gpfs/tardis/home/xpz5km/Cahn_Hilliard_Model_HPC/spinodal_decomp/compare_L2_error.py , Line : 86, Func.Name : compare_L2_error_at_timepoint, Message : snapshot_SAV = read_specific_lines(f"{root}/{SAV_fname}", line_list)', 'File : /sfs/gpfs/tardis/home/xpz5km/Cahn_Hilliard_Model_HPC/spinodal_decomp/compare_L2_error.py , Line : 19, Func.Name : read_specific_lines, Message : digits.append(float(i))']
match None
match None
match <re.Match object; span=(0, 62), match='SAV_Python_2000_dt_5.50e-06_Nx_128_periodic_dtout>
match <re.Match object; span=(0, 60), match='SAV_Python_2000_dt_5.50e-06_Nx_64_neumann_dtout_1>
match <re.Match object; span=(0, 63), match='SAV_Python_2000_dt_5.50e-06_Nx_64_periodic_dtout_>
Python,2000,64,periodic,2000,2000,50p not recorded; dt_out too large.
match <re.Match object; span=(0, 60), match='NMG_Python_20_dt_5.50e-06_Nx_512_periodic_dtout_2>
Python,20,512,periodic,20,20,75p
NMG_Python_20_dt_5.50e-06_Nx_512_periodic_dtout_2075pphi.csv
Exception type : ValueError 
Exception message : could not convert string to float: '(0.5212796069949747+0j)'
Stack trace : ['File : /sfs/gpfs/tardis/home/xpz5km/Cahn_Hilliard_Model_HPC/spinodal_decomp/compare_L2_error.py , Line : 86, Func.Name : compare_L2_error_at_timepoint, Message : snapshot_SAV = read_specific_lines(f"{root}/{SAV_fname}", line_list)', 'File : /sfs/gpfs/tardis/home/xpz5km/Cahn_Hilliard_Model_HPC/spinodal_decomp/compare_L2_error.py , Line : 19, Func.Name : read_specific_lines, Message : digits.append(float(i))']
match None
match <re.Match object; span=(0, 59), match='NMG_Python_20_dt_5.50e-06_Nx_512_neumann_dtout_20>
Python,20,512,neumann,20,20,25p
NMG_Python_20_dt_5.50e-06_Nx_512_neumann_dtout_2025pphi.csv
Exception type : ValueError 
Exception message : could not convert string to float: '(-0.19931155268433487+0j)'
Stack trace : ['File : /sfs/gpfs/tardis/home/xpz5km/Cahn_Hilliard_Model_HPC/spinodal_decomp/compare_L2_error.py , Line : 86, Func.Name : compare_L2_error_at_timepoint, Message : snapshot_SAV = read_specific_lines(f"{root}/{SAV_fname}", line_list)', 'File : /sfs/gpfs/tardis/home/xpz5km/Cahn_Hilliard_Model_HPC/spinodal_decomp/compare_L2_error.py , Line : 19, Func.Name : read_specific_lines, Message : digits.append(float(i))']
match <re.Match object; span=(0, 58), match='NMG_Python_20_dt_5.50e-06_Nx_512_neumann_dtout_15>
Python,20,512,neumann,1,1,50p
NMG_Python_20_dt_5.50e-06_Nx_512_neumann_dtout_150pphi.csv
Exception type : ValueError 
Exception message : could not convert string to float: '(0.8357445137040004+0j)'
Stack trace : ['File : /sfs/gpfs/tardis/home/xpz5km/Cahn_Hilliard_Model_HPC/spinodal_decomp/compare_L2_error.py , Line : 86, Func.Name : compare_L2_error_at_timepoint, Message : snapshot_SAV = read_specific_lines(f"{root}/{SAV_fname}", line_list)', 'File : /sfs/gpfs/tardis/home/xpz5km/Cahn_Hilliard_Model_HPC/spinodal_decomp/compare_L2_error.py , Line : 19, Func.Name : read_specific_lines, Message : digits.append(float(i))']
match <re.Match object; span=(0, 58), match='NMG_Python_20_dt_5.50e-06_Nx_64_periodic_dtout_12>
Python,20,64,periodic,1,1,25p
NMG_Python_20_dt_5.50e-06_Nx_64_periodic_dtout_125pphi.csv
Exception type : ValueError 
Exception message : could not convert string to float: '(-0.5553294362414625+0j)'
Stack trace : ['File : /sfs/gpfs/tardis/home/xpz5km/Cahn_Hilliard_Model_HPC/spinodal_decomp/compare_L2_error.py , Line : 86, Func.Name : compare_L2_error_at_timepoint, Message : snapshot_SAV = read_specific_lines(f"{root}/{SAV_fname}", line_list)', 'File : /sfs/gpfs/tardis/home/xpz5km/Cahn_Hilliard_Model_HPC/spinodal_decomp/compare_L2_error.py , Line : 19, Func.Name : read_specific_lines, Message : digits.append(float(i))']
match None
match <re.Match object; span=(0, 62), match='SAV_Python_2000_dt_5.50e-06_Nx_256_periodic_dtout>
match <re.Match object; span=(0, 63), match='SAV_Python_2000_dt_5.50e-06_Nx_128_neumann_dtout_>
Python,2000,128,neumann,2000,2000,75p not recorded; dt_out too large.
match <re.Match object; span=(0, 60), match='NMG_Python_20_dt_5.50e-06_Nx_128_periodic_dtout_2>
Python,20,128,periodic,20,20,50p
NMG_Python_20_dt_5.50e-06_Nx_128_periodic_dtout_2050pphi.csv
Exception type : ValueError 
Exception message : could not convert string to float: '(-0.3095721867886947+0j)'
Stack trace : ['File : /sfs/gpfs/tardis/home/xpz5km/Cahn_Hilliard_Model_HPC/spinodal_decomp/compare_L2_error.py , Line : 86, Func.Name : compare_L2_error_at_timepoint, Message : snapshot_SAV = read_specific_lines(f"{root}/{SAV_fname}", line_list)', 'File : /sfs/gpfs/tardis/home/xpz5km/Cahn_Hilliard_Model_HPC/spinodal_decomp/compare_L2_error.py , Line : 19, Func.Name : read_specific_lines, Message : digits.append(float(i))']
match None
match None
match None
match <re.Match object; span=(0, 60), match='NMG_Python_20_dt_5.50e-06_Nx_256_periodic_dtout_2>
Python,20,256,periodic,20,20,50p
NMG_Python_20_dt_5.50e-06_Nx_256_periodic_dtout_2050pphi.csv
Exception type : ValueError 
Exception message : could not convert string to float: '(0.010506962033912721+0j)'
Stack trace : ['File : /sfs/gpfs/tardis/home/xpz5km/Cahn_Hilliard_Model_HPC/spinodal_decomp/compare_L2_error.py , Line : 86, Func.Name : compare_L2_error_at_timepoint, Message : snapshot_SAV = read_specific_lines(f"{root}/{SAV_fname}", line_list)', 'File : /sfs/gpfs/tardis/home/xpz5km/Cahn_Hilliard_Model_HPC/spinodal_decomp/compare_L2_error.py , Line : 19, Func.Name : read_specific_lines, Message : digits.append(float(i))']
match None
match <re.Match object; span=(0, 62), match='SAV_Python_2000_dt_5.50e-06_Nx_256_periodic_dtout>
match None
match <re.Match object; span=(0, 63), match='SAV_Python_2000_dt_5.50e-06_Nx_256_neumann_dtout_>
Python,2000,256,neumann,2000,2000,50p not recorded; dt_out too large.
match None
match None
match <re.Match object; span=(0, 59), match='NMG_Python_20_dt_5.50e-06_Nx_64_periodic_dtout_20>
Python,20,64,periodic,20,20,50p
NMG_Python_20_dt_5.50e-06_Nx_64_periodic_dtout_2050pphi.csv
Exception type : ValueError 
Exception message : could not convert string to float: '(-0.4179450898314091+0j)'
Stack trace : ['File : /sfs/gpfs/tardis/home/xpz5km/Cahn_Hilliard_Model_HPC/spinodal_decomp/compare_L2_error.py , Line : 86, Func.Name : compare_L2_error_at_timepoint, Message : snapshot_SAV = read_specific_lines(f"{root}/{SAV_fname}", line_list)', 'File : /sfs/gpfs/tardis/home/xpz5km/Cahn_Hilliard_Model_HPC/spinodal_decomp/compare_L2_error.py , Line : 19, Func.Name : read_specific_lines, Message : digits.append(float(i))']
match <re.Match object; span=(0, 63), match='SAV_Python_2000_dt_5.50e-06_Nx_512_neumann_dtout_>
Python,2000,512,neumann,2000,2000,25p not recorded; dt_out too large.
match None
match <re.Match object; span=(0, 59), match='NMG_Python_20_dt_5.50e-06_Nx_512_neumann_dtout_20>
Python,20,512,neumann,20,20,75p
NMG_Python_20_dt_5.50e-06_Nx_512_neumann_dtout_2075pphi.csv
Exception type : ValueError 
Exception message : could not convert string to float: '(0.6537176705314839+0j)'
Stack trace : ['File : /sfs/gpfs/tardis/home/xpz5km/Cahn_Hilliard_Model_HPC/spinodal_decomp/compare_L2_error.py , Line : 86, Func.Name : compare_L2_error_at_timepoint, Message : snapshot_SAV = read_specific_lines(f"{root}/{SAV_fname}", line_list)', 'File : /sfs/gpfs/tardis/home/xpz5km/Cahn_Hilliard_Model_HPC/spinodal_decomp/compare_L2_error.py , Line : 19, Func.Name : read_specific_lines, Message : digits.append(float(i))']
match None
match None
match <re.Match object; span=(0, 59), match='NMG_Python_20_dt_5.50e-06_Nx_256_neumann_dtout_20>
Python,20,256,neumann,20,20,25p
NMG_Python_20_dt_5.50e-06_Nx_256_neumann_dtout_2025pphi.csv
Exception type : ValueError 
Exception message : could not convert string to float: '(-0.32927592388756166+0j)'
Stack trace : ['File : /sfs/gpfs/tardis/home/xpz5km/Cahn_Hilliard_Model_HPC/spinodal_decomp/compare_L2_error.py , Line : 86, Func.Name : compare_L2_error_at_timepoint, Message : snapshot_SAV = read_specific_lines(f"{root}/{SAV_fname}", line_list)', 'File : /sfs/gpfs/tardis/home/xpz5km/Cahn_Hilliard_Model_HPC/spinodal_decomp/compare_L2_error.py , Line : 19, Func.Name : read_specific_lines, Message : digits.append(float(i))']
match <re.Match object; span=(0, 61), match='SAV_Python_2000_dt_5.50e-06_Nx_512_neumann_dtout_>
match None
match None
match None
match <re.Match object; span=(0, 62), match='SAV_Python_2000_dt_5.50e-06_Nx_64_neumann_dtout_2>
Python,2000,64,neumann,2000,2000,75p not recorded; dt_out too large.
match None
match None
match None
match None
match None
match None
match None
match None
match <re.Match object; span=(0, 59), match='NMG_Python_20_dt_5.50e-06_Nx_128_neumann_dtout_20>
Python,20,128,neumann,20,20,25p
NMG_Python_20_dt_5.50e-06_Nx_128_neumann_dtout_2025pphi.csv
Exception type : ValueError 
Exception message : could not convert string to float: '(-0.10276645075364461+0j)'
Stack trace : ['File : /sfs/gpfs/tardis/home/xpz5km/Cahn_Hilliard_Model_HPC/spinodal_decomp/compare_L2_error.py , Line : 86, Func.Name : compare_L2_error_at_timepoint, Message : snapshot_SAV = read_specific_lines(f"{root}/{SAV_fname}", line_list)', 'File : /sfs/gpfs/tardis/home/xpz5km/Cahn_Hilliard_Model_HPC/spinodal_decomp/compare_L2_error.py , Line : 19, Func.Name : read_specific_lines, Message : digits.append(float(i))']
match None
match <re.Match object; span=(0, 62), match='SAV_Python_2000_dt_5.50e-06_Nx_256_periodic_dtout>
match <re.Match object; span=(0, 59), match='NMG_Python_20_dt_5.50e-06_Nx_64_periodic_dtout_20>
Python,20,64,periodic,20,20,75p
NMG_Python_20_dt_5.50e-06_Nx_64_periodic_dtout_2075pphi.csv
Exception type : ValueError 
Exception message : could not convert string to float: '(0.36662716665050266+0j)'
Stack trace : ['File : /sfs/gpfs/tardis/home/xpz5km/Cahn_Hilliard_Model_HPC/spinodal_decomp/compare_L2_error.py , Line : 86, Func.Name : compare_L2_error_at_timepoint, Message : snapshot_SAV = read_specific_lines(f"{root}/{SAV_fname}", line_list)', 'File : /sfs/gpfs/tardis/home/xpz5km/Cahn_Hilliard_Model_HPC/spinodal_decomp/compare_L2_error.py , Line : 19, Func.Name : read_specific_lines, Message : digits.append(float(i))']
match None
match <re.Match object; span=(0, 59), match='NMG_Python_20_dt_5.50e-06_Nx_256_periodic_dtout_1>
Python,20,256,periodic,1,1,75p
NMG_Python_20_dt_5.50e-06_Nx_256_periodic_dtout_175pphi.csv
Exception type : ValueError 
Exception message : could not convert string to float: '(0.5726272144595691+0j)'
Stack trace : ['File : /sfs/gpfs/tardis/home/xpz5km/Cahn_Hilliard_Model_HPC/spinodal_decomp/compare_L2_error.py , Line : 86, Func.Name : compare_L2_error_at_timepoint, Message : snapshot_SAV = read_specific_lines(f"{root}/{SAV_fname}", line_list)', 'File : /sfs/gpfs/tardis/home/xpz5km/Cahn_Hilliard_Model_HPC/spinodal_decomp/compare_L2_error.py , Line : 19, Func.Name : read_specific_lines, Message : digits.append(float(i))']
match <re.Match object; span=(0, 58), match='NMG_Python_20_dt_5.50e-06_Nx_64_periodic_dtout_15>
Python,20,64,periodic,1,1,50p
NMG_Python_20_dt_5.50e-06_Nx_64_periodic_dtout_150pphi.csv
Exception type : ValueError 
Exception message : could not convert string to float: '(-0.24385567796977173+0j)'
Stack trace : ['File : /sfs/gpfs/tardis/home/xpz5km/Cahn_Hilliard_Model_HPC/spinodal_decomp/compare_L2_error.py , Line : 86, Func.Name : compare_L2_error_at_timepoint, Message : snapshot_SAV = read_specific_lines(f"{root}/{SAV_fname}", line_list)', 'File : /sfs/gpfs/tardis/home/xpz5km/Cahn_Hilliard_Model_HPC/spinodal_decomp/compare_L2_error.py , Line : 19, Func.Name : read_specific_lines, Message : digits.append(float(i))']
match <re.Match object; span=(0, 60), match='SAV_Python_2000_dt_5.50e-06_Nx_64_neumann_dtout_1>
match <re.Match object; span=(0, 59), match='NMG_Python_20_dt_5.50e-06_Nx_128_periodic_dtout_1>
Python,20,128,periodic,1,1,25p
NMG_Python_20_dt_5.50e-06_Nx_128_periodic_dtout_125pphi.csv
Exception type : ValueError 
Exception message : could not convert string to float: '(-0.5256669910362808+0j)'
Stack trace : ['File : /sfs/gpfs/tardis/home/xpz5km/Cahn_Hilliard_Model_HPC/spinodal_decomp/compare_L2_error.py , Line : 86, Func.Name : compare_L2_error_at_timepoint, Message : snapshot_SAV = read_specific_lines(f"{root}/{SAV_fname}", line_list)', 'File : /sfs/gpfs/tardis/home/xpz5km/Cahn_Hilliard_Model_HPC/spinodal_decomp/compare_L2_error.py , Line : 19, Func.Name : read_specific_lines, Message : digits.append(float(i))']
match None
match None
match None
match None
match None
match <re.Match object; span=(0, 61), match='SAV_Python_2000_dt_5.50e-06_Nx_128_neumann_dtout_>
match None
match <re.Match object; span=(0, 60), match='SAV_Python_2000_dt_5.50e-06_Nx_64_neumann_dtout_1>
match None
19
match None
match None
match <re.Match object; span=(0, 59), match='NMG_Python_20_dt_5.50e-06_Nx_256_neumann_dtout_20>
Python,20,256,neumann,20,20,75p
NMG_Python_20_dt_5.50e-06_Nx_256_neumann_dtout_2075pphi.csv
Exception type : ValueError 
Exception message : could not convert string to float: '(0.41950652511946407+0j)'
Stack trace : ['File : /sfs/gpfs/tardis/home/xpz5km/Cahn_Hilliard_Model_HPC/spinodal_decomp/compare_L2_error.py , Line : 86, Func.Name : compare_L2_error_at_timepoint, Message : snapshot_SAV = read_specific_lines(f"{root}/{SAV_fname}", line_list)', 'File : /sfs/gpfs/tardis/home/xpz5km/Cahn_Hilliard_Model_HPC/spinodal_decomp/compare_L2_error.py , Line : 19, Func.Name : read_specific_lines, Message : digits.append(float(i))']
match None
match None
match None
match None
match None
match None
match None
match <re.Match object; span=(0, 62), match='SAV_Python_2000_dt_5.50e-06_Nx_128_periodic_dtout>
match None
match None
match None
match None
match None
match None
match None
match None
match None
match None
match <re.Match object; span=(0, 63), match='SAV_Python_2000_dt_5.50e-06_Nx_256_neumann_dtout_>
Python,2000,256,neumann,2000,2000,25p not recorded; dt_out too large.
match <re.Match object; span=(0, 61), match='SAV_Python_2000_dt_5.50e-06_Nx_128_neumann_dtout_>
match <re.Match object; span=(0, 60), match='NMG_Python_20_dt_5.50e-06_Nx_128_periodic_dtout_2>
Python,20,128,periodic,20,20,25p
NMG_Python_20_dt_5.50e-06_Nx_128_periodic_dtout_2025pphi.csv
Exception type : ValueError 
Exception message : could not convert string to float: '(-0.5392675015155758+0j)'
Stack trace : ['File : /sfs/gpfs/tardis/home/xpz5km/Cahn_Hilliard_Model_HPC/spinodal_decomp/compare_L2_error.py , Line : 86, Func.Name : compare_L2_error_at_timepoint, Message : snapshot_SAV = read_specific_lines(f"{root}/{SAV_fname}", line_list)', 'File : /sfs/gpfs/tardis/home/xpz5km/Cahn_Hilliard_Model_HPC/spinodal_decomp/compare_L2_error.py , Line : 19, Func.Name : read_specific_lines, Message : digits.append(float(i))']
match None
match None
match <re.Match object; span=(0, 64), match='SAV_Python_2000_dt_5.50e-06_Nx_256_periodic_dtout>
Python,2000,256,periodic,2000,2000,50p not recorded; dt_out too large.
match None
match <re.Match object; span=(0, 60), match='NMG_Python_20_dt_5.50e-06_Nx_256_periodic_dtout_2>
Python,20,256,periodic,20,20,25p
NMG_Python_20_dt_5.50e-06_Nx_256_periodic_dtout_2025pphi.csv
Exception type : ValueError 
Exception message : could not convert string to float: '(-0.4170151417869721+0j)'
Stack trace : ['File : /sfs/gpfs/tardis/home/xpz5km/Cahn_Hilliard_Model_HPC/spinodal_decomp/compare_L2_error.py , Line : 86, Func.Name : compare_L2_error_at_timepoint, Message : snapshot_SAV = read_specific_lines(f"{root}/{SAV_fname}", line_list)', 'File : /sfs/gpfs/tardis/home/xpz5km/Cahn_Hilliard_Model_HPC/spinodal_decomp/compare_L2_error.py , Line : 19, Func.Name : read_specific_lines, Message : digits.append(float(i))']
match <re.Match object; span=(0, 59), match='NMG_Python_20_dt_5.50e-06_Nx_512_neumann_dtout_20>
Python,20,512,neumann,20,20,50p
NMG_Python_20_dt_5.50e-06_Nx_512_neumann_dtout_2050pphi.csv
Exception type : ValueError 
Exception message : could not convert string to float: '(0.3765941854894782+0j)'
Stack trace : ['File : /sfs/gpfs/tardis/home/xpz5km/Cahn_Hilliard_Model_HPC/spinodal_decomp/compare_L2_error.py , Line : 86, Func.Name : compare_L2_error_at_timepoint, Message : snapshot_SAV = read_specific_lines(f"{root}/{SAV_fname}", line_list)', 'File : /sfs/gpfs/tardis/home/xpz5km/Cahn_Hilliard_Model_HPC/spinodal_decomp/compare_L2_error.py , Line : 19, Func.Name : read_specific_lines, Message : digits.append(float(i))']
match None
match None
match None
match None
match None
match None
match <re.Match object; span=(0, 64), match='SAV_Python_2000_dt_5.50e-06_Nx_512_periodic_dtout>
Python,2000,512,periodic,2000,2000,25p not recorded; dt_out too large.
match None
match None
match <re.Match object; span=(0, 63), match='SAV_Python_2000_dt_5.50e-06_Nx_64_periodic_dtout_>
Python,2000,64,periodic,2000,2000,75p not recorded; dt_out too large.
match None
match <re.Match object; span=(0, 64), match='SAV_Python_2000_dt_5.50e-06_Nx_256_periodic_dtout>
Python,2000,256,periodic,2000,2000,25p not recorded; dt_out too large.
match None
match None
match None
match None
match None
match None
match None
match None
match None
match None
match None
match None
match None
match None
match None
match None
match <re.Match object; span=(0, 61), match='SAV_Python_2000_dt_5.50e-06_Nx_64_periodic_dtout_>
match None
match None
match <re.Match object; span=(0, 63), match='SAV_Python_2000_dt_5.50e-06_Nx_256_neumann_dtout_>
Python,2000,256,neumann,2000,2000,75p not recorded; dt_out too large.
match None
match None
match <re.Match object; span=(0, 64), match='SAV_Python_2000_dt_5.50e-06_Nx_128_periodic_dtout>
Python,2000,128,periodic,2000,2000,75p not recorded; dt_out too large.
match None
match None
match None
match None
match None
match None
match <re.Match object; span=(0, 58), match='NMG_Python_20_dt_5.50e-06_Nx_128_neumann_dtout_12>
Python,20,128,neumann,1,1,25p
NMG_Python_20_dt_5.50e-06_Nx_128_neumann_dtout_125pphi.csv
Exception type : ValueError 
Exception message : could not convert string to float: '(-0.21143120583441521+0j)'
Stack trace : ['File : /sfs/gpfs/tardis/home/xpz5km/Cahn_Hilliard_Model_HPC/spinodal_decomp/compare_L2_error.py , Line : 86, Func.Name : compare_L2_error_at_timepoint, Message : snapshot_SAV = read_specific_lines(f"{root}/{SAV_fname}", line_list)', 'File : /sfs/gpfs/tardis/home/xpz5km/Cahn_Hilliard_Model_HPC/spinodal_decomp/compare_L2_error.py , Line : 19, Func.Name : read_specific_lines, Message : digits.append(float(i))']
match <re.Match object; span=(0, 64), match='SAV_Python_2000_dt_5.50e-06_Nx_256_periodic_dtout>
Python,2000,256,periodic,2000,2000,75p not recorded; dt_out too large.
match None
match None
match None
match None
match None
match <re.Match object; span=(0, 59), match='NMG_Python_20_dt_5.50e-06_Nx_256_neumann_dtout_20>
Python,20,256,neumann,20,20,50p
NMG_Python_20_dt_5.50e-06_Nx_256_neumann_dtout_2050pphi.csv
Exception type : ValueError 
Exception message : could not convert string to float: '(0.07069788833767843+0j)'
Stack trace : ['File : /sfs/gpfs/tardis/home/xpz5km/Cahn_Hilliard_Model_HPC/spinodal_decomp/compare_L2_error.py , Line : 86, Func.Name : compare_L2_error_at_timepoint, Message : snapshot_SAV = read_specific_lines(f"{root}/{SAV_fname}", line_list)', 'File : /sfs/gpfs/tardis/home/xpz5km/Cahn_Hilliard_Model_HPC/spinodal_decomp/compare_L2_error.py , Line : 19, Func.Name : read_specific_lines, Message : digits.append(float(i))']
match None
match None
match <re.Match object; span=(0, 61), match='SAV_Python_2000_dt_5.50e-06_Nx_64_periodic_dtout_>
match None
match <re.Match object; span=(0, 63), match='SAV_Python_2000_dt_5.50e-06_Nx_128_neumann_dtout_>
Python,2000,128,neumann,2000,2000,25p not recorded; dt_out too large.
match None
match None
match None
match None
match <re.Match object; span=(0, 58), match='NMG_Python_20_dt_5.50e-06_Nx_64_periodic_dtout_17>
Python,20,64,periodic,1,1,75p
NMG_Python_20_dt_5.50e-06_Nx_64_periodic_dtout_175pphi.csv
Exception type : ValueError 
Exception message : could not convert string to float: '(0.5499280977002543+0j)'
Stack trace : ['File : /sfs/gpfs/tardis/home/xpz5km/Cahn_Hilliard_Model_HPC/spinodal_decomp/compare_L2_error.py , Line : 86, Func.Name : compare_L2_error_at_timepoint, Message : snapshot_SAV = read_specific_lines(f"{root}/{SAV_fname}", line_list)', 'File : /sfs/gpfs/tardis/home/xpz5km/Cahn_Hilliard_Model_HPC/spinodal_decomp/compare_L2_error.py , Line : 19, Func.Name : read_specific_lines, Message : digits.append(float(i))']
match <re.Match object; span=(0, 61), match='SAV_Python_2000_dt_5.50e-06_Nx_256_neumann_dtout_>
match None
match None
match None
match None
match None
match <re.Match object; span=(0, 59), match='NMG_Python_20_dt_5.50e-06_Nx_256_periodic_dtout_1>
Python,20,256,periodic,1,1,50p
NMG_Python_20_dt_5.50e-06_Nx_256_periodic_dtout_150pphi.csv
Exception type : ValueError 
Exception message : could not convert string to float: '(-0.17202992067576472+0j)'
Stack trace : ['File : /sfs/gpfs/tardis/home/xpz5km/Cahn_Hilliard_Model_HPC/spinodal_decomp/compare_L2_error.py , Line : 86, Func.Name : compare_L2_error_at_timepoint, Message : snapshot_SAV = read_specific_lines(f"{root}/{SAV_fname}", line_list)', 'File : /sfs/gpfs/tardis/home/xpz5km/Cahn_Hilliard_Model_HPC/spinodal_decomp/compare_L2_error.py , Line : 19, Func.Name : read_specific_lines, Message : digits.append(float(i))']
match <re.Match object; span=(0, 61), match='SAV_Python_2000_dt_5.50e-06_Nx_64_periodic_dtout_>
match None
match <re.Match object; span=(0, 58), match='NMG_Python_20_dt_5.50e-06_Nx_128_neumann_dtout_17>
Python,20,128,neumann,1,1,75p
NMG_Python_20_dt_5.50e-06_Nx_128_neumann_dtout_175pphi.csv
Exception type : ValueError 
Exception message : could not convert string to float: '(0.6776868223074966+0j)'
Stack trace : ['File : /sfs/gpfs/tardis/home/xpz5km/Cahn_Hilliard_Model_HPC/spinodal_decomp/compare_L2_error.py , Line : 86, Func.Name : compare_L2_error_at_timepoint, Message : snapshot_SAV = read_specific_lines(f"{root}/{SAV_fname}", line_list)', 'File : /sfs/gpfs/tardis/home/xpz5km/Cahn_Hilliard_Model_HPC/spinodal_decomp/compare_L2_error.py , Line : 19, Func.Name : read_specific_lines, Message : digits.append(float(i))']
match None
match None
match <re.Match object; span=(0, 61), match='SAV_Python_2000_dt_5.50e-06_Nx_512_neumann_dtout_>
match None
match None
match None
match None
match None
match None
match None
match None
match None
match None
match <re.Match object; span=(0, 61), match='SAV_Python_2000_dt_5.50e-06_Nx_256_neumann_dtout_>
match None
match <re.Match object; span=(0, 57), match='NMG_Python_20_dt_5.50e-06_Nx_64_neumann_dtout_150>
Python,20,64,neumann,1,1,50p
NMG_Python_20_dt_5.50e-06_Nx_64_neumann_dtout_150pphi.csv
Exception type : ValueError 
Exception message : could not convert string to float: '(-0.36998532151370234+0j)'
Stack trace : ['File : /sfs/gpfs/tardis/home/xpz5km/Cahn_Hilliard_Model_HPC/spinodal_decomp/compare_L2_error.py , Line : 86, Func.Name : compare_L2_error_at_timepoint, Message : snapshot_SAV = read_specific_lines(f"{root}/{SAV_fname}", line_list)', 'File : /sfs/gpfs/tardis/home/xpz5km/Cahn_Hilliard_Model_HPC/spinodal_decomp/compare_L2_error.py , Line : 19, Func.Name : read_specific_lines, Message : digits.append(float(i))']
match None
match <re.Match object; span=(0, 58), match='NMG_Python_20_dt_5.50e-06_Nx_256_neumann_dtout_15>
Python,20,256,neumann,1,1,50p
NMG_Python_20_dt_5.50e-06_Nx_256_neumann_dtout_150pphi.csv
Exception type : ValueError 
Exception message : could not convert string to float: '(0.34177225772529984+0j)'
Stack trace : ['File : /sfs/gpfs/tardis/home/xpz5km/Cahn_Hilliard_Model_HPC/spinodal_decomp/compare_L2_error.py , Line : 86, Func.Name : compare_L2_error_at_timepoint, Message : snapshot_SAV = read_specific_lines(f"{root}/{SAV_fname}", line_list)', 'File : /sfs/gpfs/tardis/home/xpz5km/Cahn_Hilliard_Model_HPC/spinodal_decomp/compare_L2_error.py , Line : 19, Func.Name : read_specific_lines, Message : digits.append(float(i))']
match <re.Match object; span=(0, 58), match='NMG_Python_20_dt_5.50e-06_Nx_512_neumann_dtout_12>
Python,20,512,neumann,1,1,25p
NMG_Python_20_dt_5.50e-06_Nx_512_neumann_dtout_125pphi.csv
Exception type : ValueError 
Exception message : could not convert string to float: '(0.9971408635245633+0j)'
Stack trace : ['File : /sfs/gpfs/tardis/home/xpz5km/Cahn_Hilliard_Model_HPC/spinodal_decomp/compare_L2_error.py , Line : 86, Func.Name : compare_L2_error_at_timepoint, Message : snapshot_SAV = read_specific_lines(f"{root}/{SAV_fname}", line_list)', 'File : /sfs/gpfs/tardis/home/xpz5km/Cahn_Hilliard_Model_HPC/spinodal_decomp/compare_L2_error.py , Line : 19, Func.Name : read_specific_lines, Message : digits.append(float(i))']
match None
match None
match <re.Match object; span=(0, 62), match='SAV_Python_2000_dt_5.50e-06_Nx_512_periodic_dtout>
match None
match None
match <re.Match object; span=(0, 63), match='SAV_Python_2000_dt_5.50e-06_Nx_128_neumann_dtout_>
Python,2000,128,neumann,2000,2000,50p not recorded; dt_out too large.
match None
match None
match <re.Match object; span=(0, 64), match='SAV_Python_2000_dt_5.50e-06_Nx_512_periodic_dtout>
Python,2000,512,periodic,2000,2000,50p not recorded; dt_out too large.
match <re.Match object; span=(0, 61), match='SAV_Python_2000_dt_5.50e-06_Nx_512_neumann_dtout_>
match None
match None
match None
match None
match <re.Match object; span=(0, 58), match='NMG_Python_20_dt_5.50e-06_Nx_256_neumann_dtout_17>
Python,20,256,neumann,1,1,75p
NMG_Python_20_dt_5.50e-06_Nx_256_neumann_dtout_175pphi.csv
Exception type : ValueError 
Exception message : could not convert string to float: '(0.49587933415253604+0j)'
Stack trace : ['File : /sfs/gpfs/tardis/home/xpz5km/Cahn_Hilliard_Model_HPC/spinodal_decomp/compare_L2_error.py , Line : 86, Func.Name : compare_L2_error_at_timepoint, Message : snapshot_SAV = read_specific_lines(f"{root}/{SAV_fname}", line_list)', 'File : /sfs/gpfs/tardis/home/xpz5km/Cahn_Hilliard_Model_HPC/spinodal_decomp/compare_L2_error.py , Line : 19, Func.Name : read_specific_lines, Message : digits.append(float(i))']
match None
match <re.Match object; span=(0, 61), match='SAV_Python_2000_dt_5.50e-06_Nx_128_neumann_dtout_>
match None
match None
match None
match None
match None
match <re.Match object; span=(0, 59), match='NMG_Python_20_dt_5.50e-06_Nx_128_neumann_dtout_20>
Python,20,128,neumann,20,20,50p
NMG_Python_20_dt_5.50e-06_Nx_128_neumann_dtout_2050pphi.csv
Exception type : ValueError 
Exception message : could not convert string to float: '(0.4578281761662219+0j)'
Stack trace : ['File : /sfs/gpfs/tardis/home/xpz5km/Cahn_Hilliard_Model_HPC/spinodal_decomp/compare_L2_error.py , Line : 86, Func.Name : compare_L2_error_at_timepoint, Message : snapshot_SAV = read_specific_lines(f"{root}/{SAV_fname}", line_list)', 'File : /sfs/gpfs/tardis/home/xpz5km/Cahn_Hilliard_Model_HPC/spinodal_decomp/compare_L2_error.py , Line : 19, Func.Name : read_specific_lines, Message : digits.append(float(i))']
match None
match <re.Match object; span=(0, 59), match='NMG_Python_20_dt_5.50e-06_Nx_128_periodic_dtout_1>
Python,20,128,periodic,1,1,50p
NMG_Python_20_dt_5.50e-06_Nx_128_periodic_dtout_150pphi.csv
Exception type : ValueError 
Exception message : could not convert string to float: '(-0.29349006060608784+0j)'
Stack trace : ['File : /sfs/gpfs/tardis/home/xpz5km/Cahn_Hilliard_Model_HPC/spinodal_decomp/compare_L2_error.py , Line : 86, Func.Name : compare_L2_error_at_timepoint, Message : snapshot_SAV = read_specific_lines(f"{root}/{SAV_fname}", line_list)', 'File : /sfs/gpfs/tardis/home/xpz5km/Cahn_Hilliard_Model_HPC/spinodal_decomp/compare_L2_error.py , Line : 19, Func.Name : read_specific_lines, Message : digits.append(float(i))']
match <re.Match object; span=(0, 58), match='NMG_Python_20_dt_5.50e-06_Nx_256_neumann_dtout_12>
Python,20,256,neumann,1,1,25p
NMG_Python_20_dt_5.50e-06_Nx_256_neumann_dtout_125pphi.csv
Exception type : ValueError 
Exception message : could not convert string to float: '(-0.4428715405202941+0j)'
Stack trace : ['File : /sfs/gpfs/tardis/home/xpz5km/Cahn_Hilliard_Model_HPC/spinodal_decomp/compare_L2_error.py , Line : 86, Func.Name : compare_L2_error_at_timepoint, Message : snapshot_SAV = read_specific_lines(f"{root}/{SAV_fname}", line_list)', 'File : /sfs/gpfs/tardis/home/xpz5km/Cahn_Hilliard_Model_HPC/spinodal_decomp/compare_L2_error.py , Line : 19, Func.Name : read_specific_lines, Message : digits.append(float(i))']
match None
match <re.Match object; span=(0, 57), match='NMG_Python_20_dt_5.50e-06_Nx_64_neumann_dtout_175>
Python,20,64,neumann,1,1,75p
NMG_Python_20_dt_5.50e-06_Nx_64_neumann_dtout_175pphi.csv
Exception type : ValueError 
Exception message : could not convert string to float: '(0.28115055287352814+0j)'
Stack trace : ['File : /sfs/gpfs/tardis/home/xpz5km/Cahn_Hilliard_Model_HPC/spinodal_decomp/compare_L2_error.py , Line : 86, Func.Name : compare_L2_error_at_timepoint, Message : snapshot_SAV = read_specific_lines(f"{root}/{SAV_fname}", line_list)', 'File : /sfs/gpfs/tardis/home/xpz5km/Cahn_Hilliard_Model_HPC/spinodal_decomp/compare_L2_error.py , Line : 19, Func.Name : read_specific_lines, Message : digits.append(float(i))']
match None
match None
match None
match <re.Match object; span=(0, 59), match='NMG_Python_20_dt_5.50e-06_Nx_256_periodic_dtout_1>
Python,20,256,periodic,1,1,25p
NMG_Python_20_dt_5.50e-06_Nx_256_periodic_dtout_125pphi.csv
Exception type : ValueError 
Exception message : could not convert string to float: '(-0.42421213863739876+0j)'
Stack trace : ['File : /sfs/gpfs/tardis/home/xpz5km/Cahn_Hilliard_Model_HPC/spinodal_decomp/compare_L2_error.py , Line : 86, Func.Name : compare_L2_error_at_timepoint, Message : snapshot_SAV = read_specific_lines(f"{root}/{SAV_fname}", line_list)', 'File : /sfs/gpfs/tardis/home/xpz5km/Cahn_Hilliard_Model_HPC/spinodal_decomp/compare_L2_error.py , Line : 19, Func.Name : read_specific_lines, Message : digits.append(float(i))']
match <re.Match object; span=(0, 59), match='NMG_Python_20_dt_5.50e-06_Nx_64_periodic_dtout_20>
Python,20,64,periodic,20,20,25p
NMG_Python_20_dt_5.50e-06_Nx_64_periodic_dtout_2025pphi.csv
Exception type : ValueError 
Exception message : could not convert string to float: '(-0.2607501952412769+0j)'
Stack trace : ['File : /sfs/gpfs/tardis/home/xpz5km/Cahn_Hilliard_Model_HPC/spinodal_decomp/compare_L2_error.py , Line : 86, Func.Name : compare_L2_error_at_timepoint, Message : snapshot_SAV = read_specific_lines(f"{root}/{SAV_fname}", line_list)', 'File : /sfs/gpfs/tardis/home/xpz5km/Cahn_Hilliard_Model_HPC/spinodal_decomp/compare_L2_error.py , Line : 19, Func.Name : read_specific_lines, Message : digits.append(float(i))']
match None
match None
match <re.Match object; span=(0, 59), match='NMG_Python_20_dt_5.50e-06_Nx_512_periodic_dtout_1>
Python,20,512,periodic,1,1,50p
NMG_Python_20_dt_5.50e-06_Nx_512_periodic_dtout_150pphi.csv
Exception type : ValueError 
Exception message : could not convert string to float: '(0.8994842303115621+0j)'
Stack trace : ['File : /sfs/gpfs/tardis/home/xpz5km/Cahn_Hilliard_Model_HPC/spinodal_decomp/compare_L2_error.py , Line : 86, Func.Name : compare_L2_error_at_timepoint, Message : snapshot_SAV = read_specific_lines(f"{root}/{SAV_fname}", line_list)', 'File : /sfs/gpfs/tardis/home/xpz5km/Cahn_Hilliard_Model_HPC/spinodal_decomp/compare_L2_error.py , Line : 19, Func.Name : read_specific_lines, Message : digits.append(float(i))']
match None
match None
match None
match None
match None
match None
match None
match <re.Match object; span=(0, 63), match='SAV_Python_2000_dt_5.50e-06_Nx_512_neumann_dtout_>
Python,2000,512,neumann,2000,2000,50p not recorded; dt_out too large.
match <re.Match object; span=(0, 62), match='SAV_Python_2000_dt_5.50e-06_Nx_512_periodic_dtout>
match <re.Match object; span=(0, 63), match='SAV_Python_2000_dt_5.50e-06_Nx_512_neumann_dtout_>
Python,2000,512,neumann,2000,2000,75p not recorded; dt_out too large.
match None
match <re.Match object; span=(0, 60), match='NMG_Python_20_dt_5.50e-06_Nx_512_periodic_dtout_2>
Python,20,512,periodic,20,20,25p
NMG_Python_20_dt_5.50e-06_Nx_512_periodic_dtout_2025pphi.csv
Exception type : ValueError 
Exception message : could not convert string to float: '(-0.5924427840366981+0j)'
Stack trace : ['File : /sfs/gpfs/tardis/home/xpz5km/Cahn_Hilliard_Model_HPC/spinodal_decomp/compare_L2_error.py , Line : 86, Func.Name : compare_L2_error_at_timepoint, Message : snapshot_SAV = read_specific_lines(f"{root}/{SAV_fname}", line_list)', 'File : /sfs/gpfs/tardis/home/xpz5km/Cahn_Hilliard_Model_HPC/spinodal_decomp/compare_L2_error.py , Line : 19, Func.Name : read_specific_lines, Message : digits.append(float(i))']
match None
match <re.Match object; span=(0, 58), match='NMG_Python_20_dt_5.50e-06_Nx_64_neumann_dtout_205>
Python,20,64,neumann,20,20,50p
NMG_Python_20_dt_5.50e-06_Nx_64_neumann_dtout_2050pphi.csv
Exception type : ValueError 
Exception message : could not convert string to float: '(-0.8193172180077055+0j)'
Stack trace : ['File : /sfs/gpfs/tardis/home/xpz5km/Cahn_Hilliard_Model_HPC/spinodal_decomp/compare_L2_error.py , Line : 86, Func.Name : compare_L2_error_at_timepoint, Message : snapshot_SAV = read_specific_lines(f"{root}/{SAV_fname}", line_list)', 'File : /sfs/gpfs/tardis/home/xpz5km/Cahn_Hilliard_Model_HPC/spinodal_decomp/compare_L2_error.py , Line : 19, Func.Name : read_specific_lines, Message : digits.append(float(i))']
match <re.Match object; span=(0, 59), match='NMG_Python_20_dt_5.50e-06_Nx_128_neumann_dtout_20>
Python,20,128,neumann,20,20,75p
NMG_Python_20_dt_5.50e-06_Nx_128_neumann_dtout_2075pphi.csv
Exception type : ValueError 
Exception message : could not convert string to float: '(1.0070442820402468+0j)'
Stack trace : ['File : /sfs/gpfs/tardis/home/xpz5km/Cahn_Hilliard_Model_HPC/spinodal_decomp/compare_L2_error.py , Line : 86, Func.Name : compare_L2_error_at_timepoint, Message : snapshot_SAV = read_specific_lines(f"{root}/{SAV_fname}", line_list)', 'File : /sfs/gpfs/tardis/home/xpz5km/Cahn_Hilliard_Model_HPC/spinodal_decomp/compare_L2_error.py , Line : 19, Func.Name : read_specific_lines, Message : digits.append(float(i))']
match <re.Match object; span=(0, 57), match='NMG_Python_20_dt_5.50e-06_Nx_64_neumann_dtout_125>
Python,20,64,neumann,1,1,25p
NMG_Python_20_dt_5.50e-06_Nx_64_neumann_dtout_125pphi.csv
Exception type : ValueError 
Exception message : could not convert string to float: '(-0.6246438978529294+0j)'
Stack trace : ['File : /sfs/gpfs/tardis/home/xpz5km/Cahn_Hilliard_Model_HPC/spinodal_decomp/compare_L2_error.py , Line : 86, Func.Name : compare_L2_error_at_timepoint, Message : snapshot_SAV = read_specific_lines(f"{root}/{SAV_fname}", line_list)', 'File : /sfs/gpfs/tardis/home/xpz5km/Cahn_Hilliard_Model_HPC/spinodal_decomp/compare_L2_error.py , Line : 19, Func.Name : read_specific_lines, Message : digits.append(float(i))']
match None
match None
match None
match <re.Match object; span=(0, 62), match='SAV_Python_2000_dt_5.50e-06_Nx_64_neumann_dtout_2>
Python,2000,64,neumann,2000,2000,25p not recorded; dt_out too large.
match None
match None
match None
match <re.Match object; span=(0, 59), match='NMG_Python_20_dt_5.50e-06_Nx_512_periodic_dtout_1>
Python,20,512,periodic,1,1,25p
NMG_Python_20_dt_5.50e-06_Nx_512_periodic_dtout_125pphi.csv
Exception type : ValueError 
Exception message : could not convert string to float: '(-0.6792224833072195+0j)'
Stack trace : ['File : /sfs/gpfs/tardis/home/xpz5km/Cahn_Hilliard_Model_HPC/spinodal_decomp/compare_L2_error.py , Line : 86, Func.Name : compare_L2_error_at_timepoint, Message : snapshot_SAV = read_specific_lines(f"{root}/{SAV_fname}", line_list)', 'File : /sfs/gpfs/tardis/home/xpz5km/Cahn_Hilliard_Model_HPC/spinodal_decomp/compare_L2_error.py , Line : 19, Func.Name : read_specific_lines, Message : digits.append(float(i))']
match None
match <re.Match object; span=(0, 64), match='SAV_Python_2000_dt_5.50e-06_Nx_128_periodic_dtout>
Python,2000,128,periodic,2000,2000,25p not recorded; dt_out too large.
match <re.Match object; span=(0, 61), match='SAV_Python_2000_dt_5.50e-06_Nx_256_neumann_dtout_>
match None
match None
match None
match None
match <re.Match object; span=(0, 60), match='NMG_Python_20_dt_5.50e-06_Nx_512_periodic_dtout_2>
Python,20,512,periodic,20,20,50p
NMG_Python_20_dt_5.50e-06_Nx_512_periodic_dtout_2050pphi.csv
Exception type : ValueError 
Exception message : could not convert string to float: '(0.14766784652957254+0j)'
Stack trace : ['File : /sfs/gpfs/tardis/home/xpz5km/Cahn_Hilliard_Model_HPC/spinodal_decomp/compare_L2_error.py , Line : 86, Func.Name : compare_L2_error_at_timepoint, Message : snapshot_SAV = read_specific_lines(f"{root}/{SAV_fname}", line_list)', 'File : /sfs/gpfs/tardis/home/xpz5km/Cahn_Hilliard_Model_HPC/spinodal_decomp/compare_L2_error.py , Line : 19, Func.Name : read_specific_lines, Message : digits.append(float(i))']
match <re.Match object; span=(0, 64), match='SAV_Python_2000_dt_5.50e-06_Nx_512_periodic_dtout>
Python,2000,512,periodic,2000,2000,75p not recorded; dt_out too large.
match None
match None
match None
match None
match None
match <re.Match object; span=(0, 59), match='NMG_Python_20_dt_5.50e-06_Nx_128_periodic_dtout_1>
Python,20,128,periodic,1,1,75p
NMG_Python_20_dt_5.50e-06_Nx_128_periodic_dtout_175pphi.csv
Exception type : ValueError 
Exception message : could not convert string to float: '(0.5567089978605291+0j)'
Stack trace : ['File : /sfs/gpfs/tardis/home/xpz5km/Cahn_Hilliard_Model_HPC/spinodal_decomp/compare_L2_error.py , Line : 86, Func.Name : compare_L2_error_at_timepoint, Message : snapshot_SAV = read_specific_lines(f"{root}/{SAV_fname}", line_list)', 'File : /sfs/gpfs/tardis/home/xpz5km/Cahn_Hilliard_Model_HPC/spinodal_decomp/compare_L2_error.py , Line : 19, Func.Name : read_specific_lines, Message : digits.append(float(i))']
match <re.Match object; span=(0, 59), match='NMG_Python_20_dt_5.50e-06_Nx_512_periodic_dtout_1>
Python,20,512,periodic,1,1,75p
NMG_Python_20_dt_5.50e-06_Nx_512_periodic_dtout_175pphi.csv
Exception type : ValueError 
Exception message : could not convert string to float: '(0.8949905434173349+0j)'
Stack trace : ['File : /sfs/gpfs/tardis/home/xpz5km/Cahn_Hilliard_Model_HPC/spinodal_decomp/compare_L2_error.py , Line : 86, Func.Name : compare_L2_error_at_timepoint, Message : snapshot_SAV = read_specific_lines(f"{root}/{SAV_fname}", line_list)', 'File : /sfs/gpfs/tardis/home/xpz5km/Cahn_Hilliard_Model_HPC/spinodal_decomp/compare_L2_error.py , Line : 19, Func.Name : read_specific_lines, Message : digits.append(float(i))']
match None
match None
match None
match None
match <re.Match object; span=(0, 62), match='SAV_Python_2000_dt_5.50e-06_Nx_512_periodic_dtout>
match <re.Match object; span=(0, 62), match='SAV_Python_2000_dt_5.50e-06_Nx_128_periodic_dtout>
match None
match <re.Match object; span=(0, 58), match='NMG_Python_20_dt_5.50e-06_Nx_128_neumann_dtout_15>
Python,20,128,neumann,1,1,50p
NMG_Python_20_dt_5.50e-06_Nx_128_neumann_dtout_150pphi.csv
Exception type : ValueError 
Exception message : could not convert string to float: '(-0.2019580792612753+0j)'
Stack trace : ['File : /sfs/gpfs/tardis/home/xpz5km/Cahn_Hilliard_Model_HPC/spinodal_decomp/compare_L2_error.py , Line : 86, Func.Name : compare_L2_error_at_timepoint, Message : snapshot_SAV = read_specific_lines(f"{root}/{SAV_fname}", line_list)', 'File : /sfs/gpfs/tardis/home/xpz5km/Cahn_Hilliard_Model_HPC/spinodal_decomp/compare_L2_error.py , Line : 19, Func.Name : read_specific_lines, Message : digits.append(float(i))']
match None
match None
match None
match <re.Match object; span=(0, 63), match='SAV_Python_2000_dt_5.50e-06_Nx_64_periodic_dtout_>
Python,2000,64,periodic,2000,2000,25p not recorded; dt_out too large.
match None
match None
match None
match None
match None
match None
match None
match None
match None
match <re.Match object; span=(0, 60), match='NMG_Python_20_dt_5.50e-06_Nx_128_periodic_dtout_2>
Python,20,128,periodic,20,20,75p
NMG_Python_20_dt_5.50e-06_Nx_128_periodic_dtout_2075pphi.csv
Exception type : ValueError 
Exception message : could not convert string to float: '(-0.2259011345264694+0j)'
Stack trace : ['File : /sfs/gpfs/tardis/home/xpz5km/Cahn_Hilliard_Model_HPC/spinodal_decomp/compare_L2_error.py , Line : 86, Func.Name : compare_L2_error_at_timepoint, Message : snapshot_SAV = read_specific_lines(f"{root}/{SAV_fname}", line_list)', 'File : /sfs/gpfs/tardis/home/xpz5km/Cahn_Hilliard_Model_HPC/spinodal_decomp/compare_L2_error.py , Line : 19, Func.Name : read_specific_lines, Message : digits.append(float(i))']
match <re.Match object; span=(0, 62), match='SAV_Python_2000_dt_5.50e-06_Nx_64_neumann_dtout_2>
Python,2000,64,neumann,2000,2000,50p not recorded; dt_out too large.
match <re.Match object; span=(0, 64), match='SAV_Python_2000_dt_5.50e-06_Nx_128_periodic_dtout>
Python,2000,128,periodic,2000,2000,50p not recorded; dt_out too large.
match None
match None
match None
match None
match <re.Match object; span=(0, 60), match='NMG_Python_20_dt_5.50e-06_Nx_256_periodic_dtout_2>
Python,20,256,periodic,20,20,75p
NMG_Python_20_dt_5.50e-06_Nx_256_periodic_dtout_2075pphi.csv
Exception type : ValueError 
Exception message : could not convert string to float: '(0.4813657808640433+0j)'
Stack trace : ['File : /sfs/gpfs/tardis/home/xpz5km/Cahn_Hilliard_Model_HPC/spinodal_decomp/compare_L2_error.py , Line : 86, Func.Name : compare_L2_error_at_timepoint, Message : snapshot_SAV = read_specific_lines(f"{root}/{SAV_fname}", line_list)', 'File : /sfs/gpfs/tardis/home/xpz5km/Cahn_Hilliard_Model_HPC/spinodal_decomp/compare_L2_error.py , Line : 19, Func.Name : read_specific_lines, Message : digits.append(float(i))']
match <re.Match object; span=(0, 58), match='NMG_Python_20_dt_5.50e-06_Nx_512_neumann_dtout_17>
Python,20,512,neumann,1,1,75p
NMG_Python_20_dt_5.50e-06_Nx_512_neumann_dtout_175pphi.csv
Exception type : ValueError 
Exception message : could not convert string to float: '(0.9354625355692714+0j)'
Stack trace : ['File : /sfs/gpfs/tardis/home/xpz5km/Cahn_Hilliard_Model_HPC/spinodal_decomp/compare_L2_error.py , Line : 86, Func.Name : compare_L2_error_at_timepoint, Message : snapshot_SAV = read_specific_lines(f"{root}/{SAV_fname}", line_list)', 'File : /sfs/gpfs/tardis/home/xpz5km/Cahn_Hilliard_Model_HPC/spinodal_decomp/compare_L2_error.py , Line : 19, Func.Name : read_specific_lines, Message : digits.append(float(i))']
match <re.Match object; span=(0, 58), match='NMG_Python_20_dt_5.50e-06_Nx_64_neumann_dtout_202>
Python,20,64,neumann,20,20,25p
NMG_Python_20_dt_5.50e-06_Nx_64_neumann_dtout_2025pphi.csv
Exception type : ValueError 
Exception message : could not convert string to float: '(-0.9129498158047057+0j)'
Stack trace : ['File : /sfs/gpfs/tardis/home/xpz5km/Cahn_Hilliard_Model_HPC/spinodal_decomp/compare_L2_error.py , Line : 86, Func.Name : compare_L2_error_at_timepoint, Message : snapshot_SAV = read_specific_lines(f"{root}/{SAV_fname}", line_list)', 'File : /sfs/gpfs/tardis/home/xpz5km/Cahn_Hilliard_Model_HPC/spinodal_decomp/compare_L2_error.py , Line : 19, Func.Name : read_specific_lines, Message : digits.append(float(i))']
match <re.Match object; span=(0, 58), match='NMG_Python_20_dt_5.50e-06_Nx_64_neumann_dtout_207>
Python,20,64,neumann,20,20,75p
NMG_Python_20_dt_5.50e-06_Nx_64_neumann_dtout_2075pphi.csv
Exception type : ValueError 
Exception message : could not convert string to float: '(-0.3181784942992353+0j)'
Stack trace : ['File : /sfs/gpfs/tardis/home/xpz5km/Cahn_Hilliard_Model_HPC/spinodal_decomp/compare_L2_error.py , Line : 86, Func.Name : compare_L2_error_at_timepoint, Message : snapshot_SAV = read_specific_lines(f"{root}/{SAV_fname}", line_list)', 'File : /sfs/gpfs/tardis/home/xpz5km/Cahn_Hilliard_Model_HPC/spinodal_decomp/compare_L2_error.py , Line : 19, Func.Name : read_specific_lines, Message : digits.append(float(i))']
match None
match None
match <re.Match object; span=(0, 62), match='SAV_Python_2000_dt_5.50e-06_Nx_128_periodic_dtout>
match <re.Match object; span=(0, 60), match='SAV_Python_2000_dt_5.50e-06_Nx_64_neumann_dtout_1>
match <re.Match object; span=(0, 63), match='SAV_Python_2000_dt_5.50e-06_Nx_64_periodic_dtout_>
Python,2000,64,periodic,2000,2000,50p not recorded; dt_out too large.
match <re.Match object; span=(0, 60), match='NMG_Python_20_dt_5.50e-06_Nx_512_periodic_dtout_2>
Python,20,512,periodic,20,20,75p
NMG_Python_20_dt_5.50e-06_Nx_512_periodic_dtout_2075pphi.csv
Exception type : ValueError 
Exception message : could not convert string to float: '(0.5212796069949747+0j)'
Stack trace : ['File : /sfs/gpfs/tardis/home/xpz5km/Cahn_Hilliard_Model_HPC/spinodal_decomp/compare_L2_error.py , Line : 86, Func.Name : compare_L2_error_at_timepoint, Message : snapshot_SAV = read_specific_lines(f"{root}/{SAV_fname}", line_list)', 'File : /sfs/gpfs/tardis/home/xpz5km/Cahn_Hilliard_Model_HPC/spinodal_decomp/compare_L2_error.py , Line : 19, Func.Name : read_specific_lines, Message : digits.append(float(i))']
match None
match <re.Match object; span=(0, 59), match='NMG_Python_20_dt_5.50e-06_Nx_512_neumann_dtout_20>
Python,20,512,neumann,20,20,25p
NMG_Python_20_dt_5.50e-06_Nx_512_neumann_dtout_2025pphi.csv
Exception type : ValueError 
Exception message : could not convert string to float: '(-0.19931155268433487+0j)'
Stack trace : ['File : /sfs/gpfs/tardis/home/xpz5km/Cahn_Hilliard_Model_HPC/spinodal_decomp/compare_L2_error.py , Line : 86, Func.Name : compare_L2_error_at_timepoint, Message : snapshot_SAV = read_specific_lines(f"{root}/{SAV_fname}", line_list)', 'File : /sfs/gpfs/tardis/home/xpz5km/Cahn_Hilliard_Model_HPC/spinodal_decomp/compare_L2_error.py , Line : 19, Func.Name : read_specific_lines, Message : digits.append(float(i))']
match <re.Match object; span=(0, 58), match='NMG_Python_20_dt_5.50e-06_Nx_512_neumann_dtout_15>
Python,20,512,neumann,1,1,50p
NMG_Python_20_dt_5.50e-06_Nx_512_neumann_dtout_150pphi.csv
Exception type : ValueError 
Exception message : could not convert string to float: '(0.8404197085437116+0j)'
Stack trace : ['File : /sfs/gpfs/tardis/home/xpz5km/Cahn_Hilliard_Model_HPC/spinodal_decomp/compare_L2_error.py , Line : 86, Func.Name : compare_L2_error_at_timepoint, Message : snapshot_SAV = read_specific_lines(f"{root}/{SAV_fname}", line_list)', 'File : /sfs/gpfs/tardis/home/xpz5km/Cahn_Hilliard_Model_HPC/spinodal_decomp/compare_L2_error.py , Line : 19, Func.Name : read_specific_lines, Message : digits.append(float(i))']
match <re.Match object; span=(0, 58), match='NMG_Python_20_dt_5.50e-06_Nx_64_periodic_dtout_12>
Python,20,64,periodic,1,1,25p
NMG_Python_20_dt_5.50e-06_Nx_64_periodic_dtout_125pphi.csv
Exception type : ValueError 
Exception message : could not convert string to float: '(-0.5568196925303968+0j)'
Stack trace : ['File : /sfs/gpfs/tardis/home/xpz5km/Cahn_Hilliard_Model_HPC/spinodal_decomp/compare_L2_error.py , Line : 86, Func.Name : compare_L2_error_at_timepoint, Message : snapshot_SAV = read_specific_lines(f"{root}/{SAV_fname}", line_list)', 'File : /sfs/gpfs/tardis/home/xpz5km/Cahn_Hilliard_Model_HPC/spinodal_decomp/compare_L2_error.py , Line : 19, Func.Name : read_specific_lines, Message : digits.append(float(i))']
match None
match <re.Match object; span=(0, 62), match='SAV_Python_2000_dt_5.50e-06_Nx_256_periodic_dtout>
match <re.Match object; span=(0, 63), match='SAV_Python_2000_dt_5.50e-06_Nx_128_neumann_dtout_>
Python,2000,128,neumann,2000,2000,75p not recorded; dt_out too large.
match <re.Match object; span=(0, 60), match='NMG_Python_20_dt_5.50e-06_Nx_128_periodic_dtout_2>
Python,20,128,periodic,20,20,50p
NMG_Python_20_dt_5.50e-06_Nx_128_periodic_dtout_2050pphi.csv
Exception type : ValueError 
Exception message : could not convert string to float: '(-0.3095721867886947+0j)'
Stack trace : ['File : /sfs/gpfs/tardis/home/xpz5km/Cahn_Hilliard_Model_HPC/spinodal_decomp/compare_L2_error.py , Line : 86, Func.Name : compare_L2_error_at_timepoint, Message : snapshot_SAV = read_specific_lines(f"{root}/{SAV_fname}", line_list)', 'File : /sfs/gpfs/tardis/home/xpz5km/Cahn_Hilliard_Model_HPC/spinodal_decomp/compare_L2_error.py , Line : 19, Func.Name : read_specific_lines, Message : digits.append(float(i))']
match None
match None
match None
match <re.Match object; span=(0, 60), match='NMG_Python_20_dt_5.50e-06_Nx_256_periodic_dtout_2>
Python,20,256,periodic,20,20,50p
NMG_Python_20_dt_5.50e-06_Nx_256_periodic_dtout_2050pphi.csv
Exception type : ValueError 
Exception message : could not convert string to float: '(0.010506962033912721+0j)'
Stack trace : ['File : /sfs/gpfs/tardis/home/xpz5km/Cahn_Hilliard_Model_HPC/spinodal_decomp/compare_L2_error.py , Line : 86, Func.Name : compare_L2_error_at_timepoint, Message : snapshot_SAV = read_specific_lines(f"{root}/{SAV_fname}", line_list)', 'File : /sfs/gpfs/tardis/home/xpz5km/Cahn_Hilliard_Model_HPC/spinodal_decomp/compare_L2_error.py , Line : 19, Func.Name : read_specific_lines, Message : digits.append(float(i))']
match None
match <re.Match object; span=(0, 62), match='SAV_Python_2000_dt_5.50e-06_Nx_256_periodic_dtout>
match None
match <re.Match object; span=(0, 63), match='SAV_Python_2000_dt_5.50e-06_Nx_256_neumann_dtout_>
Python,2000,256,neumann,2000,2000,50p not recorded; dt_out too large.
match None
match None
match <re.Match object; span=(0, 59), match='NMG_Python_20_dt_5.50e-06_Nx_64_periodic_dtout_20>
Python,20,64,periodic,20,20,50p
NMG_Python_20_dt_5.50e-06_Nx_64_periodic_dtout_2050pphi.csv
Exception type : ValueError 
Exception message : could not convert string to float: '(-0.4179450898314091+0j)'
Stack trace : ['File : /sfs/gpfs/tardis/home/xpz5km/Cahn_Hilliard_Model_HPC/spinodal_decomp/compare_L2_error.py , Line : 86, Func.Name : compare_L2_error_at_timepoint, Message : snapshot_SAV = read_specific_lines(f"{root}/{SAV_fname}", line_list)', 'File : /sfs/gpfs/tardis/home/xpz5km/Cahn_Hilliard_Model_HPC/spinodal_decomp/compare_L2_error.py , Line : 19, Func.Name : read_specific_lines, Message : digits.append(float(i))']
match <re.Match object; span=(0, 63), match='SAV_Python_2000_dt_5.50e-06_Nx_512_neumann_dtout_>
Python,2000,512,neumann,2000,2000,25p not recorded; dt_out too large.
match None
match <re.Match object; span=(0, 59), match='NMG_Python_20_dt_5.50e-06_Nx_512_neumann_dtout_20>
Python,20,512,neumann,20,20,75p
NMG_Python_20_dt_5.50e-06_Nx_512_neumann_dtout_2075pphi.csv
Exception type : ValueError 
Exception message : could not convert string to float: '(0.6537176705314839+0j)'
Stack trace : ['File : /sfs/gpfs/tardis/home/xpz5km/Cahn_Hilliard_Model_HPC/spinodal_decomp/compare_L2_error.py , Line : 86, Func.Name : compare_L2_error_at_timepoint, Message : snapshot_SAV = read_specific_lines(f"{root}/{SAV_fname}", line_list)', 'File : /sfs/gpfs/tardis/home/xpz5km/Cahn_Hilliard_Model_HPC/spinodal_decomp/compare_L2_error.py , Line : 19, Func.Name : read_specific_lines, Message : digits.append(float(i))']
match None
match None
match <re.Match object; span=(0, 59), match='NMG_Python_20_dt_5.50e-06_Nx_256_neumann_dtout_20>
Python,20,256,neumann,20,20,25p
NMG_Python_20_dt_5.50e-06_Nx_256_neumann_dtout_2025pphi.csv
Exception type : ValueError 
Exception message : could not convert string to float: '(-0.32927592388756166+0j)'
Stack trace : ['File : /sfs/gpfs/tardis/home/xpz5km/Cahn_Hilliard_Model_HPC/spinodal_decomp/compare_L2_error.py , Line : 86, Func.Name : compare_L2_error_at_timepoint, Message : snapshot_SAV = read_specific_lines(f"{root}/{SAV_fname}", line_list)', 'File : /sfs/gpfs/tardis/home/xpz5km/Cahn_Hilliard_Model_HPC/spinodal_decomp/compare_L2_error.py , Line : 19, Func.Name : read_specific_lines, Message : digits.append(float(i))']
match <re.Match object; span=(0, 61), match='SAV_Python_2000_dt_5.50e-06_Nx_512_neumann_dtout_>
match None
match None
match None
match <re.Match object; span=(0, 62), match='SAV_Python_2000_dt_5.50e-06_Nx_64_neumann_dtout_2>
Python,2000,64,neumann,2000,2000,75p not recorded; dt_out too large.
match None
match None
match None
match None
match None
match None
match None
match None
match <re.Match object; span=(0, 59), match='NMG_Python_20_dt_5.50e-06_Nx_128_neumann_dtout_20>
Python,20,128,neumann,20,20,25p
NMG_Python_20_dt_5.50e-06_Nx_128_neumann_dtout_2025pphi.csv
Exception type : ValueError 
Exception message : could not convert string to float: '(-0.10276645075364461+0j)'
Stack trace : ['File : /sfs/gpfs/tardis/home/xpz5km/Cahn_Hilliard_Model_HPC/spinodal_decomp/compare_L2_error.py , Line : 86, Func.Name : compare_L2_error_at_timepoint, Message : snapshot_SAV = read_specific_lines(f"{root}/{SAV_fname}", line_list)', 'File : /sfs/gpfs/tardis/home/xpz5km/Cahn_Hilliard_Model_HPC/spinodal_decomp/compare_L2_error.py , Line : 19, Func.Name : read_specific_lines, Message : digits.append(float(i))']
match None
match <re.Match object; span=(0, 62), match='SAV_Python_2000_dt_5.50e-06_Nx_256_periodic_dtout>
match <re.Match object; span=(0, 59), match='NMG_Python_20_dt_5.50e-06_Nx_64_periodic_dtout_20>
Python,20,64,periodic,20,20,75p
NMG_Python_20_dt_5.50e-06_Nx_64_periodic_dtout_2075pphi.csv
Exception type : ValueError 
Exception message : could not convert string to float: '(0.36662716665050266+0j)'
Stack trace : ['File : /sfs/gpfs/tardis/home/xpz5km/Cahn_Hilliard_Model_HPC/spinodal_decomp/compare_L2_error.py , Line : 86, Func.Name : compare_L2_error_at_timepoint, Message : snapshot_SAV = read_specific_lines(f"{root}/{SAV_fname}", line_list)', 'File : /sfs/gpfs/tardis/home/xpz5km/Cahn_Hilliard_Model_HPC/spinodal_decomp/compare_L2_error.py , Line : 19, Func.Name : read_specific_lines, Message : digits.append(float(i))']
match None
match <re.Match object; span=(0, 59), match='NMG_Python_20_dt_5.50e-06_Nx_256_periodic_dtout_1>
Python,20,256,periodic,1,1,75p
NMG_Python_20_dt_5.50e-06_Nx_256_periodic_dtout_175pphi.csv
Exception type : ValueError 
Exception message : could not convert string to float: '(0.573667104471106+0j)'
Stack trace : ['File : /sfs/gpfs/tardis/home/xpz5km/Cahn_Hilliard_Model_HPC/spinodal_decomp/compare_L2_error.py , Line : 86, Func.Name : compare_L2_error_at_timepoint, Message : snapshot_SAV = read_specific_lines(f"{root}/{SAV_fname}", line_list)', 'File : /sfs/gpfs/tardis/home/xpz5km/Cahn_Hilliard_Model_HPC/spinodal_decomp/compare_L2_error.py , Line : 19, Func.Name : read_specific_lines, Message : digits.append(float(i))']
match <re.Match object; span=(0, 58), match='NMG_Python_20_dt_5.50e-06_Nx_64_periodic_dtout_15>
Python,20,64,periodic,1,1,50p
NMG_Python_20_dt_5.50e-06_Nx_64_periodic_dtout_150pphi.csv
Exception type : ValueError 
Exception message : could not convert string to float: '(-0.24239139701690604+0j)'
Stack trace : ['File : /sfs/gpfs/tardis/home/xpz5km/Cahn_Hilliard_Model_HPC/spinodal_decomp/compare_L2_error.py , Line : 86, Func.Name : compare_L2_error_at_timepoint, Message : snapshot_SAV = read_specific_lines(f"{root}/{SAV_fname}", line_list)', 'File : /sfs/gpfs/tardis/home/xpz5km/Cahn_Hilliard_Model_HPC/spinodal_decomp/compare_L2_error.py , Line : 19, Func.Name : read_specific_lines, Message : digits.append(float(i))']
match <re.Match object; span=(0, 60), match='SAV_Python_2000_dt_5.50e-06_Nx_64_neumann_dtout_1>
match <re.Match object; span=(0, 59), match='NMG_Python_20_dt_5.50e-06_Nx_128_periodic_dtout_1>
Python,20,128,periodic,1,1,25p
NMG_Python_20_dt_5.50e-06_Nx_128_periodic_dtout_125pphi.csv
Exception type : ValueError 
Exception message : could not convert string to float: '(-0.5257731193820383+0j)'
Stack trace : ['File : /sfs/gpfs/tardis/home/xpz5km/Cahn_Hilliard_Model_HPC/spinodal_decomp/compare_L2_error.py , Line : 86, Func.Name : compare_L2_error_at_timepoint, Message : snapshot_SAV = read_specific_lines(f"{root}/{SAV_fname}", line_list)', 'File : /sfs/gpfs/tardis/home/xpz5km/Cahn_Hilliard_Model_HPC/spinodal_decomp/compare_L2_error.py , Line : 19, Func.Name : read_specific_lines, Message : digits.append(float(i))']
match None
match None
match None
match None
match None
match <re.Match object; span=(0, 61), match='SAV_Python_2000_dt_5.50e-06_Nx_128_neumann_dtout_>
match None
match <re.Match object; span=(0, 60), match='SAV_Python_2000_dt_5.50e-06_Nx_64_neumann_dtout_1>
match None
DONE
