Fri May 9 11:35:37 EDT 2025
MODULES LOADED
Timepoint 0
Job_specs.csv
SAV_MATLAB_2000_dt_5.50e-06_Nx_128_neumann_n_relax_4_75p_t_out.csv
SAV_MATLAB_2000_dt_5.50e-06_Nx_512_periodic_n_relax_4_movie.avi
NMG_MATLAB_2000_dt_5.50e-06_Nx_512_periodic_n_relax_4_25p_energy.csv
SAV_MATLAB_2000_dt_5.50e-06_Nx_512_neumann_n_relax_4_movie.avi
NMG_MATLAB_2000_dt_5.50e-06_Nx_64_neumann_n_relax_4_t_out.csv
NMG_MATLAB_2000_dt_5.50e-06_Nx_64_periodic_n_relax_4_75p_t_out.csv
NMG_MATLAB_2000_dt_5.50e-06_Nx_128_neumann_n_relax_4_75p_energy.csv
SAV_MATLAB_2000_dt_5.50e-06_Nx_64_neumann_n_relax_4_movie.avi
SAV_MATLAB_2000_dt_5.50e-06_Nx_64_periodic_n_relax_4_75p_movie.avi
NMG_MATLAB_2000_dt_5.50e-06_Nx_128_neumann_n_relax_4_energy.csv
SAV_MATLAB_2000_dt_5.50e-06_Nx_256_periodic_n_relax_4_75p_movie.avi
SAV_MATLAB_2000_dt_5.50e-06_Nx_128_neumann_n_relax_4_25p_t_out.csv
SAV_MATLAB_2000_dt_5.50e-06_Nx_128_neumann_n_relax_4_25p_energy.csv
SAV_MATLAB_2000_dt_5.50e-06_Nx_256_neumann_n_relax_4_t_out.csv
SAV_MATLAB_2000_dt_5.50e-06_Nx_256_neumann_n_relax_4_75p_energy.csv
NMG_MATLAB_2000_dt_5.50e-06_Nx_256_neumann_n_relax_4_75p_t_out.csv
SAV_MATLAB_2000_dt_5.50e-06_Nx_256_periodic_n_relax_4_25p_phi.csv
SAV_MATLAB_2000_dt_5.50e-06_Nx_256_periodic_n_relax_4_25p_phi.csv
SAV_MATLAB_2000_dt_5.50e-06_Nx_256_periodic_n_relax_4_25p_phi.csv is not in the correct format for calculating norm.
SAV_MATLAB_2000_dt_5.50e-06_Nx_128_periodic_n_relax_4_phi.csv
SAV_MATLAB_2000_dt_5.50e-06_Nx_128_periodic_n_relax_4_phi.csv
SAV_MATLAB_2000_dt_5.50e-06_Nx_128_periodic_n_relax_4_phi.csv is not in the correct format for calculating norm.
SAV_MATLAB_2000_dt_5.50e-06_Nx_256_neumann_n_relax_4_75p_mass.csv
SAV_MATLAB_2000_dt_5.50e-06_Nx_128_periodic_n_relax_4_75p_movie.avi
NMG_MATLAB_2000_dt_5.50e-06_Nx_64_periodic_n_relax_4_energy.csv
NMG_MATLAB_2000_dt_5.50e-06_Nx_64_neumann_n_relax_4_25p_phi.csv
NMG_MATLAB_2000_dt_5.50e-06_Nx_64_neumann_n_relax_4_25p_phi.csv
NMG_MATLAB_2000_dt_5.50e-06_Nx_64_neumann_n_relax_4_25p_phi.csv is not in the correct format for calculating norm.
NMG_MATLAB_2000_dt_5.50e-06_Nx_512_neumann_n_relax_4_25p_mass.csv
SAV_MATLAB_2000_dt_5.50e-06_Nx_256_neumann_n_relax_4_75p_t_out.csv
SAV_MATLAB_2000_dt_5.50e-06_Nx_64_periodic_n_relax_4_mass.csv
NMG_MATLAB_2000_dt_5.50e-06_Nx_512_periodic_n_relax_4_75p_energy.csv
SAV_MATLAB_2000_dt_5.50e-06_Nx_512_periodic_n_relax_4_75p_phi.csv
SAV_MATLAB_2000_dt_5.50e-06_Nx_512_periodic_n_relax_4_75p_phi.csv
SAV_MATLAB_2000_dt_5.50e-06_Nx_512_periodic_n_relax_4_75p_phi.csv is not in the correct format for calculating norm.
SAV_MATLAB_2000_dt_5.50e-06_Nx_512_neumann_n_relax_4_25p_energy.csv
NMG_MATLAB_2000_dt_5.50e-06_Nx_128_neumann_n_relax_4_75p_t_out.csv
NMG_MATLAB_2000_dt_5.50e-06_Nx_512_periodic_n_relax_4_mass.csv
SAV_MATLAB_2000_dt_5.50e-06_Nx_128_neumann_n_relax_4_movie.avi
NMG_MATLAB_2000_dt_5.50e-06_Nx_64_neumann_n_relax_4_75p_t_out.csv
SAV_MATLAB_2000_dt_5.50e-06_Nx_512_neumann_n_relax_4_25p_t_out.csv
NMG_MATLAB_2000_dt_5.50e-06_Nx_128_periodic_n_relax_4_phi.csv
NMG_MATLAB_2000_dt_5.50e-06_Nx_128_periodic_n_relax_4_phi.csv
NMG_MATLAB_2000_dt_5.50e-06_Nx_128_periodic_n_relax_4_phi.csv is not in the correct format for calculating norm.
SAV_MATLAB_2000_dt_5.50e-06_Nx_64_neumann_n_relax_4_25p_energy.csv
SAV_MATLAB_2000_dt_5.50e-06_Nx_64_neumann_n_relax_4_25p_mass.csv
SAV_MATLAB_2000_dt_5.50e-06_Nx_256_neumann_n_relax_4_energy.csv
NMG_MATLAB_2000_dt_5.50e-06_Nx_64_neumann_n_relax_4_mass.csv
SAV_MATLAB_2000_dt_5.50e-06_Nx_128_neumann_n_relax_4_t_out.csv
NMG_MATLAB_2000_dt_5.50e-06_Nx_256_periodic_n_relax_4_25p_movie.avi
SAV_MATLAB_2000_dt_5.50e-06_Nx_64_periodic_n_relax_4_25p_movie.avi
SAV_MATLAB_2000_dt_5.50e-06_Nx_128_periodic_n_relax_4_25p_movie.avi
SAV_MATLAB_2000_dt_5.50e-06_Nx_256_periodic_n_relax_4_mass.csv
SAV_MATLAB_2000_dt_5.50e-06_Nx_256_periodic_n_relax_4_75p_t_out.csv
NMG_MATLAB_2000_dt_5.50e-06_Nx_64_neumann_n_relax_4_75p_movie.avi
SAV_MATLAB_2000_dt_5.50e-06_Nx_256_periodic_n_relax_4_t_out.csv
SAV_MATLAB_2000_dt_5.50e-06_Nx_256_neumann_n_relax_4_25p_phi.csv
SAV_MATLAB_2000_dt_5.50e-06_Nx_256_neumann_n_relax_4_25p_phi.csv
SAV_MATLAB_2000_dt_5.50e-06_Nx_256_neumann_n_relax_4_25p_phi.csv is not in the correct format for calculating norm.
SAV_MATLAB_2000_dt_5.50e-06_Nx_512_periodic_n_relax_4_25p_mass.csv
NMG_MATLAB_2000_dt_5.50e-06_Nx_64_neumann_n_relax_4_75p_energy.csv
SAV_MATLAB_2000_dt_5.50e-06_Nx_64_neumann_n_relax_4_mass.csv
SAV_MATLAB_2000_dt_5.50e-06_Nx_256_neumann_n_relax_4_25p_energy.csv
NMG_MATLAB_2000_dt_5.50e-06_Nx_256_periodic_n_relax_4_movie.avi
SAV_MATLAB_2000_dt_5.50e-06_Nx_128_neumann_n_relax_4_75p_energy.csv
SAV_MATLAB_2000_dt_5.50e-06_Nx_128_periodic_n_relax_4_25p_mass.csv
NMG_MATLAB_2000_dt_5.50e-06_Nx_128_neumann_n_relax_4_75p_phi.csv
NMG_MATLAB_2000_dt_5.50e-06_Nx_128_neumann_n_relax_4_75p_phi.csv
NMG_MATLAB_2000_dt_5.50e-06_Nx_128_neumann_n_relax_4_75p_phi.csv is not in the correct format for calculating norm.
NMG_MATLAB_2000_dt_5.50e-06_Nx_128_periodic_n_relax_4_25p_mass.csv
NMG_MATLAB_2000_dt_5.50e-06_Nx_256_neumann_n_relax_4_75p_energy.csv
NMG_MATLAB_2000_dt_5.50e-06_Nx_256_neumann_n_relax_4_phi.csv
NMG_MATLAB_2000_dt_5.50e-06_Nx_256_neumann_n_relax_4_phi.csv
NMG_MATLAB_2000_dt_5.50e-06_Nx_256_neumann_n_relax_4_phi.csv is not in the correct format for calculating norm.
SAV_MATLAB_2000_dt_5.50e-06_Nx_64_neumann_n_relax_4_75p_energy.csv
NMG_MATLAB_2000_dt_5.50e-06_Nx_256_neumann_n_relax_4_75p_phi.csv
NMG_MATLAB_2000_dt_5.50e-06_Nx_256_neumann_n_relax_4_75p_phi.csv
NMG_MATLAB_2000_dt_5.50e-06_Nx_256_neumann_n_relax_4_75p_phi.csv is not in the correct format for calculating norm.
NMG_MATLAB_2000_dt_5.50e-06_Nx_512_neumann_n_relax_4_energy.csv
SAV_MATLAB_2000_dt_5.50e-06_Nx_64_neumann_n_relax_4_phi.csv
SAV_MATLAB_2000_dt_5.50e-06_Nx_64_neumann_n_relax_4_phi.csv
SAV_MATLAB_2000_dt_5.50e-06_Nx_64_neumann_n_relax_4_phi.csv is not in the correct format for calculating norm.
NMG_MATLAB_2000_dt_5.50e-06_Nx_64_periodic_n_relax_4_25p_t_out.csv
NMG_MATLAB_2000_dt_5.50e-06_Nx_512_periodic_n_relax_4_movie.avi
SAV_MATLAB_2000_dt_5.50e-06_Nx_64_periodic_n_relax_4_25p_mass.csv
SAV_MATLAB_2000_dt_5.50e-06_Nx_64_neumann_n_relax_4_25p_t_out.csv
NMG_MATLAB_2000_dt_5.50e-06_Nx_128_periodic_n_relax_4_75p_phi.csv
NMG_MATLAB_2000_dt_5.50e-06_Nx_128_periodic_n_relax_4_75p_phi.csv
NMG_MATLAB_2000_dt_5.50e-06_Nx_128_periodic_n_relax_4_75p_phi.csv is not in the correct format for calculating norm.
NMG_MATLAB_2000_dt_5.50e-06_Nx_512_neumann_n_relax_4_25p_phi.csv
NMG_MATLAB_2000_dt_5.50e-06_Nx_512_neumann_n_relax_4_25p_phi.csv
NMG_MATLAB_2000_dt_5.50e-06_Nx_512_neumann_n_relax_4_25p_phi.csv is not in the correct format for calculating norm.
NMG_MATLAB_2000_dt_5.50e-06_Nx_128_periodic_n_relax_4_25p_energy.csv
NMG_MATLAB_2000_dt_5.50e-06_Nx_512_neumann_n_relax_4_75p_t_out.csv
SAV_MATLAB_2000_dt_5.50e-06_Nx_512_neumann_n_relax_4_75p_t_out.csv
SAV_MATLAB_2000_dt_5.50e-06_Nx_64_periodic_n_relax_4_25p_phi.csv
SAV_MATLAB_2000_dt_5.50e-06_Nx_64_periodic_n_relax_4_25p_phi.csv
SAV_MATLAB_2000_dt_5.50e-06_Nx_64_periodic_n_relax_4_25p_phi.csv is not in the correct format for calculating norm.
NMG_MATLAB_2000_dt_5.50e-06_Nx_128_neumann_n_relax_4_movie.avi
SAV_MATLAB_2000_dt_5.50e-06_Nx_256_periodic_n_relax_4_25p_t_out.csv
NMG_MATLAB_2000_dt_5.50e-06_Nx_128_periodic_n_relax_4_movie.avi
SAV_MATLAB_2000_dt_5.50e-06_Nx_256_periodic_n_relax_4_movie.avi
SAV_MATLAB_2000_dt_5.50e-06_Nx_128_neumann_n_relax_4_25p_mass.csv
NMG_MATLAB_2000_dt_5.50e-06_Nx_64_periodic_n_relax_4_25p_phi.csv
NMG_MATLAB_2000_dt_5.50e-06_Nx_64_periodic_n_relax_4_25p_phi.csv
NMG_MATLAB_2000_dt_5.50e-06_Nx_64_periodic_n_relax_4_25p_phi.csv is not in the correct format for calculating norm.
SAV_MATLAB_2000_dt_5.50e-06_Nx_256_periodic_n_relax_4_25p_energy.csv
NMG_MATLAB_2000_dt_5.50e-06_Nx_128_periodic_n_relax_4_25p_phi.csv
NMG_MATLAB_2000_dt_5.50e-06_Nx_128_periodic_n_relax_4_25p_phi.csv
NMG_MATLAB_2000_dt_5.50e-06_Nx_128_periodic_n_relax_4_25p_phi.csv is not in the correct format for calculating norm.
SAV_MATLAB_2000_dt_5.50e-06_Nx_64_neumann_n_relax_4_energy.csv
NMG_MATLAB_2000_dt_5.50e-06_Nx_256_periodic_n_relax_4_25p_phi.csv
NMG_MATLAB_2000_dt_5.50e-06_Nx_256_periodic_n_relax_4_25p_phi.csv
NMG_MATLAB_2000_dt_5.50e-06_Nx_256_periodic_n_relax_4_25p_phi.csv is not in the correct format for calculating norm.
SAV_MATLAB_2000_dt_5.50e-06_Nx_512_neumann_n_relax_4_energy.csv
SAV_MATLAB_2000_dt_5.50e-06_Nx_256_neumann_n_relax_4_movie.avi
NMG_MATLAB_2000_dt_5.50e-06_Nx_256_neumann_n_relax_4_25p_t_out.csv
SAV_MATLAB_2000_dt_5.50e-06_Nx_64_periodic_n_relax_4_energy.csv
SAV_MATLAB_2000_dt_5.50e-06_Nx_512_periodic_n_relax_4_mass.csv
NMG_MATLAB_2000_dt_5.50e-06_Nx_512_periodic_n_relax_4_75p_mass.csv
SAV_MATLAB_2000_dt_5.50e-06_Nx_64_neumann_n_relax_4_75p_mass.csv
NMG_MATLAB_2000_dt_5.50e-06_Nx_256_periodic_n_relax_4_25p_mass.csv
NMG_MATLAB_2000_dt_5.50e-06_Nx_256_periodic_n_relax_4_75p_mass.csv
SAV_MATLAB_2000_dt_5.50e-06_Nx_64_periodic_n_relax_4_t_out.csv
NMG_MATLAB_2000_dt_5.50e-06_Nx_256_periodic_n_relax_4_25p_energy.csv
SAV_MATLAB_2000_dt_5.50e-06_Nx_64_periodic_n_relax_4_75p_phi.csv
SAV_MATLAB_2000_dt_5.50e-06_Nx_64_periodic_n_relax_4_75p_phi.csv
SAV_MATLAB_2000_dt_5.50e-06_Nx_64_periodic_n_relax_4_75p_phi.csv is not in the correct format for calculating norm.
SAV_MATLAB_2000_dt_5.50e-06_Nx_64_periodic_n_relax_4_75p_energy.csv
SAV_MATLAB_2000_dt_5.50e-06_Nx_256_periodic_n_relax_4_75p_energy.csv
SAV_MATLAB_2000_dt_5.50e-06_Nx_512_periodic_n_relax_4_phi.csv
SAV_MATLAB_2000_dt_5.50e-06_Nx_512_periodic_n_relax_4_phi.csv
SAV_MATLAB_2000_dt_5.50e-06_Nx_512_periodic_n_relax_4_phi.csv is not in the correct format for calculating norm.
SAV_MATLAB_2000_dt_5.50e-06_Nx_512_periodic_n_relax_4_25p_phi.csv
SAV_MATLAB_2000_dt_5.50e-06_Nx_512_periodic_n_relax_4_25p_phi.csv
SAV_MATLAB_2000_dt_5.50e-06_Nx_512_periodic_n_relax_4_25p_phi.csv is not in the correct format for calculating norm.
SAV_MATLAB_2000_dt_5.50e-06_Nx_256_neumann_n_relax_4_25p_mass.csv
NMG_MATLAB_2000_dt_5.50e-06_Nx_512_neumann_n_relax_4_t_out.csv
NMG_MATLAB_2000_dt_5.50e-06_Nx_128_periodic_n_relax_4_75p_movie.avi
SAV_MATLAB_2000_dt_5.50e-06_Nx_128_neumann_n_relax_4_phi.csv
SAV_MATLAB_2000_dt_5.50e-06_Nx_128_neumann_n_relax_4_phi.csv
SAV_MATLAB_2000_dt_5.50e-06_Nx_128_neumann_n_relax_4_phi.csv is not in the correct format for calculating norm.
NMG_MATLAB_2000_dt_5.50e-06_Nx_256_neumann_n_relax_4_t_out.csv
SAV_MATLAB_2000_dt_5.50e-06_Nx_256_periodic_n_relax_4_25p_movie.avi
NMG_MATLAB_2000_dt_5.50e-06_Nx_128_periodic_n_relax_4_75p_t_out.csv
SAV_MATLAB_2000_dt_5.50e-06_Nx_64_periodic_n_relax_4_25p_energy.csv
SAV_MATLAB_2000_dt_5.50e-06_Nx_512_neumann_n_relax_4_25p_phi.csv
SAV_MATLAB_2000_dt_5.50e-06_Nx_512_neumann_n_relax_4_25p_phi.csv
SAV_MATLAB_2000_dt_5.50e-06_Nx_512_neumann_n_relax_4_25p_phi.csv is not in the correct format for calculating norm.
NMG_MATLAB_2000_dt_5.50e-06_Nx_256_periodic_n_relax_4_phi.csv
NMG_MATLAB_2000_dt_5.50e-06_Nx_256_periodic_n_relax_4_phi.csv
NMG_MATLAB_2000_dt_5.50e-06_Nx_256_periodic_n_relax_4_phi.csv is not in the correct format for calculating norm.
NMG_MATLAB_2000_dt_5.50e-06_Nx_256_periodic_n_relax_4_energy.csv
SAV_MATLAB_2000_dt_5.50e-06_Nx_256_neumann_n_relax_4_25p_movie.avi
SAV_MATLAB_2000_dt_5.50e-06_Nx_512_neumann_n_relax_4_75p_energy.csv
NMG_MATLAB_2000_dt_5.50e-06_Nx_64_neumann_n_relax_4_75p_phi.csv
NMG_MATLAB_2000_dt_5.50e-06_Nx_64_neumann_n_relax_4_75p_phi.csv
NMG_MATLAB_2000_dt_5.50e-06_Nx_64_neumann_n_relax_4_75p_phi.csv is not in the correct format for calculating norm.
NMG_MATLAB_2000_dt_5.50e-06_Nx_512_neumann_n_relax_4_75p_mass.csv
SAV_MATLAB_2000_dt_5.50e-06_Nx_512_periodic_n_relax_4_75p_energy.csv
SAV_MATLAB_2000_dt_5.50e-06_Nx_128_periodic_n_relax_4_75p_energy.csv
SAV_MATLAB_2000_dt_5.50e-06_Nx_64_neumann_n_relax_4_t_out.csv
NMG_MATLAB_2000_dt_5.50e-06_Nx_512_neumann_n_relax_4_75p_movie.avi
SAV_MATLAB_2000_dt_5.50e-06_Nx_64_neumann_n_relax_4_75p_movie.avi
NMG_MATLAB_2000_dt_5.50e-06_Nx_256_periodic_n_relax_4_75p_t_out.csv
SAV_MATLAB_2000_dt_5.50e-06_Nx_64_periodic_n_relax_4_25p_t_out.csv
NMG_MATLAB_2000_dt_5.50e-06_Nx_512_neumann_n_relax_4_25p_movie.avi
SAV_MATLAB_2000_dt_5.50e-06_Nx_512_neumann_n_relax_4_t_out.csv
NMG_MATLAB_2000_dt_5.50e-06_Nx_64_neumann_n_relax_4_75p_mass.csv
SAV_MATLAB_2000_dt_5.50e-06_Nx_256_neumann_n_relax_4_75p_movie.avi
SAV_MATLAB_2000_dt_5.50e-06_Nx_512_neumann_n_relax_4_75p_phi.csv
SAV_MATLAB_2000_dt_5.50e-06_Nx_512_neumann_n_relax_4_75p_phi.csv
SAV_MATLAB_2000_dt_5.50e-06_Nx_512_neumann_n_relax_4_75p_phi.csv is not in the correct format for calculating norm.
SAV_MATLAB_2000_dt_5.50e-06_Nx_512_neumann_n_relax_4_phi.csv
SAV_MATLAB_2000_dt_5.50e-06_Nx_512_neumann_n_relax_4_phi.csv
SAV_MATLAB_2000_dt_5.50e-06_Nx_512_neumann_n_relax_4_phi.csv is not in the correct format for calculating norm.
SAV_MATLAB_2000_dt_5.50e-06_Nx_64_neumann_n_relax_4_75p_phi.csv
SAV_MATLAB_2000_dt_5.50e-06_Nx_64_neumann_n_relax_4_75p_phi.csv
SAV_MATLAB_2000_dt_5.50e-06_Nx_64_neumann_n_relax_4_75p_phi.csv is not in the correct format for calculating norm.
SAV_MATLAB_2000_dt_5.50e-06_Nx_64_periodic_n_relax_4_75p_t_out.csv
NMG_MATLAB_2000_dt_5.50e-06_Nx_64_periodic_n_relax_4_75p_energy.csv
SAV_MATLAB_2000_dt_5.50e-06_Nx_128_periodic_n_relax_4_75p_t_out.csv
NMG_MATLAB_2000_dt_5.50e-06_Nx_128_neumann_n_relax_4_phi.csv
NMG_MATLAB_2000_dt_5.50e-06_Nx_128_neumann_n_relax_4_phi.csv
NMG_MATLAB_2000_dt_5.50e-06_Nx_128_neumann_n_relax_4_phi.csv is not in the correct format for calculating norm.
SAV_MATLAB_2000_dt_5.50e-06_Nx_512_neumann_n_relax_4_25p_mass.csv
SAV_MATLAB_2000_dt_5.50e-06_Nx_128_neumann_n_relax_4_mass.csv
NMG_MATLAB_2000_dt_5.50e-06_Nx_128_periodic_n_relax_4_energy.csv
SAV_MATLAB_2000_dt_5.50e-06_Nx_128_periodic_n_relax_4_75p_mass.csv
NMG_MATLAB_2000_dt_5.50e-06_Nx_256_periodic_n_relax_4_mass.csv
NMG_MATLAB_2000_dt_5.50e-06_Nx_256_neumann_n_relax_4_movie.avi
SAV_MATLAB_2000_dt_5.50e-06_Nx_256_periodic_n_relax_4_75p_phi.csv
SAV_MATLAB_2000_dt_5.50e-06_Nx_256_periodic_n_relax_4_75p_phi.csv
SAV_MATLAB_2000_dt_5.50e-06_Nx_256_periodic_n_relax_4_75p_phi.csv is not in the correct format for calculating norm.
NMG_MATLAB_2000_dt_5.50e-06_Nx_512_periodic_n_relax_4_75p_t_out.csv
NMG_MATLAB_2000_dt_5.50e-06_Nx_128_periodic_n_relax_4_25p_t_out.csv
NMG_MATLAB_2000_dt_5.50e-06_Nx_512_periodic_n_relax_4_75p_phi.csv
NMG_MATLAB_2000_dt_5.50e-06_Nx_512_periodic_n_relax_4_75p_phi.csv
NMG_MATLAB_2000_dt_5.50e-06_Nx_512_periodic_n_relax_4_75p_phi.csv is not in the correct format for calculating norm.
SAV_MATLAB_2000_dt_5.50e-06_Nx_512_periodic_n_relax_4_25p_energy.csv
SAV_MATLAB_2000_dt_5.50e-06_Nx_128_neumann_n_relax_4_25p_phi.csv
SAV_MATLAB_2000_dt_5.50e-06_Nx_128_neumann_n_relax_4_25p_phi.csv
SAV_MATLAB_2000_dt_5.50e-06_Nx_128_neumann_n_relax_4_25p_phi.csv is not in the correct format for calculating norm.
NMG_MATLAB_2000_dt_5.50e-06_Nx_128_neumann_n_relax_4_75p_movie.avi
NMG_MATLAB_2000_dt_5.50e-06_Nx_512_periodic_n_relax_4_t_out.csv
SAV_MATLAB_2000_dt_5.50e-06_Nx_128_periodic_n_relax_4_energy.csv
NMG_MATLAB_2000_dt_5.50e-06_Nx_128_neumann_n_relax_4_mass.csv
SAV_MATLAB_2000_dt_5.50e-06_Nx_128_periodic_n_relax_4_25p_energy.csv
NMG_MATLAB_2000_dt_5.50e-06_Nx_64_periodic_n_relax_4_75p_movie.avi
NMG_MATLAB_2000_dt_5.50e-06_Nx_256_neumann_n_relax_4_75p_movie.avi
SAV_MATLAB_2000_dt_5.50e-06_Nx_512_periodic_n_relax_4_25p_movie.avi
SAV_MATLAB_2000_dt_5.50e-06_Nx_128_periodic_n_relax_4_t_out.csv
NMG_MATLAB_2000_dt_5.50e-06_Nx_512_periodic_n_relax_4_25p_movie.avi
SAV_MATLAB_2000_dt_5.50e-06_Nx_256_periodic_n_relax_4_25p_mass.csv
SAV_MATLAB_2000_dt_5.50e-06_Nx_256_periodic_n_relax_4_75p_mass.csv
SAV_MATLAB_2000_dt_5.50e-06_Nx_512_neumann_n_relax_4_25p_movie.avi
SAV_MATLAB_2000_dt_5.50e-06_Nx_128_neumann_n_relax_4_75p_mass.csv
NMG_MATLAB_2000_dt_5.50e-06_Nx_512_neumann_n_relax_4_75p_phi.csv
NMG_MATLAB_2000_dt_5.50e-06_Nx_512_neumann_n_relax_4_75p_phi.csv
NMG_MATLAB_2000_dt_5.50e-06_Nx_512_neumann_n_relax_4_75p_phi.csv is not in the correct format for calculating norm.
NMG_MATLAB_2000_dt_5.50e-06_Nx_128_periodic_n_relax_4_mass.csv
SAV_MATLAB_2000_dt_5.50e-06_Nx_128_neumann_n_relax_4_energy.csv
NMG_MATLAB_2000_dt_5.50e-06_Nx_128_periodic_n_relax_4_75p_mass.csv
NMG_MATLAB_2000_dt_5.50e-06_Nx_512_periodic_n_relax_4_25p_t_out.csv
NMG_MATLAB_2000_dt_5.50e-06_Nx_256_neumann_n_relax_4_25p_mass.csv
NMG_MATLAB_2000_dt_5.50e-06_Nx_128_neumann_n_relax_4_25p_mass.csv
SAV_MATLAB_2000_dt_5.50e-06_Nx_256_neumann_n_relax_4_75p_phi.csv
SAV_MATLAB_2000_dt_5.50e-06_Nx_256_neumann_n_relax_4_75p_phi.csv
SAV_MATLAB_2000_dt_5.50e-06_Nx_256_neumann_n_relax_4_75p_phi.csv is not in the correct format for calculating norm.
SAV_MATLAB_2000_dt_5.50e-06_Nx_128_neumann_n_relax_4_25p_movie.avi
Job_specs.csv
NMG_MATLAB_2000_dt_5.50e-06_Nx_512_periodic_n_relax_4_25p_mass.csv
NMG_MATLAB_2000_dt_5.50e-06_Nx_128_neumann_n_relax_4_25p_energy.csv
SAV_MATLAB_2000_dt_5.50e-06_Nx_512_periodic_n_relax_4_75p_movie.avi
NMG_MATLAB_2000_dt_5.50e-06_Nx_64_neumann_n_relax_4_25p_energy.csv
SAV_MATLAB_2000_dt_5.50e-06_Nx_64_periodic_n_relax_4_phi.csv
SAV_MATLAB_2000_dt_5.50e-06_Nx_64_periodic_n_relax_4_phi.csv
SAV_MATLAB_2000_dt_5.50e-06_Nx_64_periodic_n_relax_4_phi.csv is not in the correct format for calculating norm.
SAV_MATLAB_2000_dt_5.50e-06_Nx_64_neumann_n_relax_4_25p_phi.csv
SAV_MATLAB_2000_dt_5.50e-06_Nx_64_neumann_n_relax_4_25p_phi.csv
SAV_MATLAB_2000_dt_5.50e-06_Nx_64_neumann_n_relax_4_25p_phi.csv is not in the correct format for calculating norm.
NMG_MATLAB_2000_dt_5.50e-06_Nx_512_periodic_n_relax_4_75p_movie.avi
NMG_MATLAB_2000_dt_5.50e-06_Nx_256_neumann_n_relax_4_mass.csv
SAV_MATLAB_2000_dt_5.50e-06_Nx_128_neumann_n_relax_4_75p_movie.avi
NMG_MATLAB_2000_dt_5.50e-06_Nx_64_neumann_n_relax_4_energy.csv
NMG_MATLAB_2000_dt_5.50e-06_Nx_64_periodic_n_relax_4_25p_movie.avi
SAV_MATLAB_2000_dt_5.50e-06_Nx_256_neumann_n_relax_4_phi.csv
SAV_MATLAB_2000_dt_5.50e-06_Nx_256_neumann_n_relax_4_phi.csv
SAV_MATLAB_2000_dt_5.50e-06_Nx_256_neumann_n_relax_4_phi.csv is not in the correct format for calculating norm.
NMG_MATLAB_2000_dt_5.50e-06_Nx_256_neumann_n_relax_4_25p_phi.csv
NMG_MATLAB_2000_dt_5.50e-06_Nx_256_neumann_n_relax_4_25p_phi.csv
NMG_MATLAB_2000_dt_5.50e-06_Nx_256_neumann_n_relax_4_25p_phi.csv is not in the correct format for calculating norm.
NMG_MATLAB_2000_dt_5.50e-06_Nx_64_neumann_n_relax_4_25p_mass.csv
SAV_MATLAB_2000_dt_5.50e-06_Nx_512_neumann_n_relax_4_75p_movie.avi
NMG_MATLAB_2000_dt_5.50e-06_Nx_512_neumann_n_relax_4_25p_t_out.csv
NMG_MATLAB_2000_dt_5.50e-06_Nx_128_periodic_n_relax_4_t_out.csv
NMG_MATLAB_2000_dt_5.50e-06_Nx_512_periodic_n_relax_4_phi.csv
NMG_MATLAB_2000_dt_5.50e-06_Nx_512_periodic_n_relax_4_phi.csv
NMG_MATLAB_2000_dt_5.50e-06_Nx_512_periodic_n_relax_4_phi.csv is not in the correct format for calculating norm.
NMG_MATLAB_2000_dt_5.50e-06_Nx_256_periodic_n_relax_4_t_out.csv
SAV_MATLAB_2000_dt_5.50e-06_Nx_64_neumann_n_relax_4_25p_movie.avi
SAV_MATLAB_2000_dt_5.50e-06_Nx_256_periodic_n_relax_4_energy.csv
NMG_MATLAB_2000_dt_5.50e-06_Nx_128_periodic_n_relax_4_25p_movie.avi
NMG_MATLAB_2000_dt_5.50e-06_Nx_128_neumann_n_relax_4_25p_movie.avi
NMG_MATLAB_2000_dt_5.50e-06_Nx_128_neumann_n_relax_4_75p_mass.csv
NMG_MATLAB_2000_dt_5.50e-06_Nx_256_neumann_n_relax_4_energy.csv
NMG_MATLAB_2000_dt_5.50e-06_Nx_256_neumann_n_relax_4_75p_mass.csv
NMG_MATLAB_2000_dt_5.50e-06_Nx_512_neumann_n_relax_4_75p_energy.csv
SAV_MATLAB_2000_dt_5.50e-06_Nx_512_periodic_n_relax_4_t_out.csv
SAV_MATLAB_2000_dt_5.50e-06_Nx_128_neumann_n_relax_4_75p_phi.csv
SAV_MATLAB_2000_dt_5.50e-06_Nx_128_neumann_n_relax_4_75p_phi.csv
SAV_MATLAB_2000_dt_5.50e-06_Nx_128_neumann_n_relax_4_75p_phi.csv is not in the correct format for calculating norm.
SAV_MATLAB_2000_dt_5.50e-06_Nx_128_periodic_n_relax_4_25p_phi.csv
SAV_MATLAB_2000_dt_5.50e-06_Nx_128_periodic_n_relax_4_25p_phi.csv
SAV_MATLAB_2000_dt_5.50e-06_Nx_128_periodic_n_relax_4_25p_phi.csv is not in the correct format for calculating norm.
NMG_MATLAB_2000_dt_5.50e-06_Nx_128_neumann_n_relax_4_t_out.csv
SAV_MATLAB_2000_dt_5.50e-06_Nx_128_periodic_n_relax_4_75p_phi.csv
SAV_MATLAB_2000_dt_5.50e-06_Nx_128_periodic_n_relax_4_75p_phi.csv
SAV_MATLAB_2000_dt_5.50e-06_Nx_128_periodic_n_relax_4_75p_phi.csv is not in the correct format for calculating norm.
NMG_MATLAB_2000_dt_5.50e-06_Nx_64_neumann_n_relax_4_25p_movie.avi
SAV_MATLAB_2000_dt_5.50e-06_Nx_256_periodic_n_relax_4_phi.csv
SAV_MATLAB_2000_dt_5.50e-06_Nx_256_periodic_n_relax_4_phi.csv
SAV_MATLAB_2000_dt_5.50e-06_Nx_256_periodic_n_relax_4_phi.csv is not in the correct format for calculating norm.
NMG_MATLAB_2000_dt_5.50e-06_Nx_64_periodic_n_relax_4_75p_phi.csv
NMG_MATLAB_2000_dt_5.50e-06_Nx_64_periodic_n_relax_4_75p_phi.csv
NMG_MATLAB_2000_dt_5.50e-06_Nx_64_periodic_n_relax_4_75p_phi.csv is not in the correct format for calculating norm.
NMG_MATLAB_2000_dt_5.50e-06_Nx_64_neumann_n_relax_4_phi.csv
NMG_MATLAB_2000_dt_5.50e-06_Nx_64_neumann_n_relax_4_phi.csv
NMG_MATLAB_2000_dt_5.50e-06_Nx_64_neumann_n_relax_4_phi.csv is not in the correct format for calculating norm.
NMG_MATLAB_2000_dt_5.50e-06_Nx_256_periodic_n_relax_4_75p_energy.csv
NMG_MATLAB_2000_dt_5.50e-06_Nx_64_periodic_n_relax_4_movie.avi
NMG_MATLAB_2000_dt_5.50e-06_Nx_64_periodic_n_relax_4_75p_mass.csv
NMG_MATLAB_2000_dt_5.50e-06_Nx_64_periodic_n_relax_4_mass.csv
NMG_MATLAB_2000_dt_5.50e-06_Nx_256_neumann_n_relax_4_25p_movie.avi
SAV_MATLAB_2000_dt_5.50e-06_Nx_256_neumann_n_relax_4_25p_t_out.csv
SAV_MATLAB_2000_dt_5.50e-06_Nx_64_neumann_n_relax_4_75p_t_out.csv
SAV_MATLAB_2000_dt_5.50e-06_Nx_512_periodic_n_relax_4_energy.csv
SAV_MATLAB_2000_dt_5.50e-06_Nx_64_periodic_n_relax_4_75p_mass.csv
NMG_MATLAB_2000_dt_5.50e-06_Nx_256_periodic_n_relax_4_75p_movie.avi
SAV_MATLAB_2000_dt_5.50e-06_Nx_512_neumann_n_relax_4_mass.csv
SAV_MATLAB_2000_dt_5.50e-06_Nx_512_neumann_n_relax_4_75p_mass.csv
NMG_MATLAB_2000_dt_5.50e-06_Nx_64_neumann_n_relax_4_movie.avi
NMG_MATLAB_2000_dt_5.50e-06_Nx_256_periodic_n_relax_4_75p_phi.csv
NMG_MATLAB_2000_dt_5.50e-06_Nx_256_periodic_n_relax_4_75p_phi.csv
NMG_MATLAB_2000_dt_5.50e-06_Nx_256_periodic_n_relax_4_75p_phi.csv is not in the correct format for calculating norm.
SAV_MATLAB_2000_dt_5.50e-06_Nx_512_periodic_n_relax_4_25p_t_out.csv
NMG_MATLAB_2000_dt_5.50e-06_Nx_512_periodic_n_relax_4_energy.csv
SAV_MATLAB_2000_dt_5.50e-06_Nx_256_neumann_n_relax_4_mass.csv
NMG_MATLAB_2000_dt_5.50e-06_Nx_512_neumann_n_relax_4_phi.csv
NMG_MATLAB_2000_dt_5.50e-06_Nx_512_neumann_n_relax_4_phi.csv
NMG_MATLAB_2000_dt_5.50e-06_Nx_512_neumann_n_relax_4_phi.csv is not in the correct format for calculating norm.
NMG_MATLAB_2000_dt_5.50e-06_Nx_128_periodic_n_relax_4_75p_energy.csv
NMG_MATLAB_2000_dt_5.50e-06_Nx_128_neumann_n_relax_4_25p_t_out.csv
NMG_MATLAB_2000_dt_5.50e-06_Nx_128_neumann_n_relax_4_25p_phi.csv
NMG_MATLAB_2000_dt_5.50e-06_Nx_128_neumann_n_relax_4_25p_phi.csv
NMG_MATLAB_2000_dt_5.50e-06_Nx_128_neumann_n_relax_4_25p_phi.csv is not in the correct format for calculating norm.
SAV_MATLAB_2000_dt_5.50e-06_Nx_128_periodic_n_relax_4_mass.csv
NMG_MATLAB_2000_dt_5.50e-06_Nx_64_neumann_n_relax_4_25p_t_out.csv
SAV_MATLAB_2000_dt_5.50e-06_Nx_128_periodic_n_relax_4_movie.avi
SAV_MATLAB_2000_dt_5.50e-06_Nx_512_periodic_n_relax_4_75p_t_out.csv
SAV_MATLAB_2000_dt_5.50e-06_Nx_512_periodic_n_relax_4_75p_mass.csv
NMG_MATLAB_2000_dt_5.50e-06_Nx_512_neumann_n_relax_4_25p_energy.csv
NMG_MATLAB_2000_dt_5.50e-06_Nx_512_neumann_n_relax_4_mass.csv
SAV_MATLAB_2000_dt_5.50e-06_Nx_128_periodic_n_relax_4_25p_t_out.csv
NMG_MATLAB_2000_dt_5.50e-06_Nx_512_neumann_n_relax_4_movie.avi
NMG_MATLAB_2000_dt_5.50e-06_Nx_64_periodic_n_relax_4_phi.csv
NMG_MATLAB_2000_dt_5.50e-06_Nx_64_periodic_n_relax_4_phi.csv
NMG_MATLAB_2000_dt_5.50e-06_Nx_64_periodic_n_relax_4_phi.csv is not in the correct format for calculating norm.
SAV_MATLAB_2000_dt_5.50e-06_Nx_64_periodic_n_relax_4_movie.avi
NMG_MATLAB_2000_dt_5.50e-06_Nx_256_periodic_n_relax_4_25p_t_out.csv
NMG_MATLAB_2000_dt_5.50e-06_Nx_256_neumann_n_relax_4_25p_energy.csv
NMG_MATLAB_2000_dt_5.50e-06_Nx_64_periodic_n_relax_4_25p_mass.csv
NMG_MATLAB_2000_dt_5.50e-06_Nx_64_periodic_n_relax_4_t_out.csv
NMG_MATLAB_2000_dt_5.50e-06_Nx_512_periodic_n_relax_4_25p_phi.csv
NMG_MATLAB_2000_dt_5.50e-06_Nx_512_periodic_n_relax_4_25p_phi.csv
NMG_MATLAB_2000_dt_5.50e-06_Nx_512_periodic_n_relax_4_25p_phi.csv is not in the correct format for calculating norm.
NMG_MATLAB_2000_dt_5.50e-06_Nx_64_periodic_n_relax_4_25p_energy.csv
FD_200000_dt_5.50e-08_Nx_128_n_relax_4_gam_3.69e+00_D_16384_update_phi.csv
FD_2_dt_5.50e-08_Nx_128_n_relax_4_gam_3.69e+00_D_16384_update.avi
FD_200000_dt_5.50e-08_Nx_128_n_relax_4_gam_3.69e+00_D_16384_update.avi
FD_200000_dt_5.50e-08_Nx_128_n_relax_4_gam_3.69e+00_D_16384_update_energy.csv
FD_200000_dt_5.50e-08_Nx_128_n_relax_4_gam_3.69e+00_D_16384_update_mass.csv
FD_2_dt_5.50e-08_Nx_128_n_relax_4_gam_3.69e+00_D_16384_update_phi.csv
SAV_Julia_2000_dt_5.50e-06_Nx_512_neumann_dtout_10_75p_t_out.csv
SAV_Julia_2000_dt_5.50e-06_Nx_256_neumann_dtout_10_t_out.csv
NMG_Julia_2000_dt_5.50e-06_Nx_512_periodic_dtout_10_75p_t_out.csv
NMG_Julia_2000_dt_5.50e-06_Nx_128_neumann_dtout_10_phi.csv
NMG_Julia_2000_dt_5.50e-06_Nx_128_neumann_dtout_10_phi.csv
Timepoint not recorded. dt_out:{dt_out} is bigger than timepoint requested: {timepoint}
NMG_Julia_2000_dt_5.50e-06_Nx_512_neumann_dtout_10_75p_mass.csv
SAV_Julia_2000_dt_5.50e-06_Nx_512_neumann_dtout_10_75p_mass.csv
NMG_Julia_2000_dt_5.50e-06_Nx_128_neumann_dtout_10_75p_t_out.csv
SAV_Julia_2000_dt_5.50e-06_Nx_64_periodic_dtout_10_75p_energy.csv
NMG_Julia_2000_dt_5.50e-06_Nx_64_neumann_dtout_10_25p_phi.csv
NMG_Julia_2000_dt_5.50e-06_Nx_64_neumann_dtout_10_25p_phi.csv
Timepoint not recorded. dt_out:{dt_out} is bigger than timepoint requested: {timepoint}
SAV_Julia_2000_dt_5.50e-06_Nx_512_periodic_dtout_10_mass.csv
NMG_Julia_2000_dt_5.50e-06_Nx_128_periodic_dtout_10_75p_t_out.csv
SAV_Julia_2000_dt_5.50e-06_Nx_512_neumann_dtout_10_25p_movie.avi
SAV_Julia_2000_dt_5.50e-06_Nx_512_periodic_dtout_10_25p_t_out.csv
SAV_Julia_2000_dt_5.50e-06_Nx_128_neumann_dtout_10_25p_mass.csv
NMG_Julia_2000_dt_5.50e-06_Nx_512_neumann_dtout_10_mass.csv
SAV_Julia_2000_dt_5.50e-06_Nx_128_neumann_dtout_10_mass.csv
NMG_Julia_2000_dt_5.50e-06_Nx_256_neumann_dtout_2000_phi.csv
NMG_Julia_2000_dt_5.50e-06_Nx_256_neumann_dtout_2000_phi.csv
Timepoint not recorded. dt_out:{dt_out} is bigger than timepoint requested: {timepoint}
NMG_Julia_2000_dt_5.50e-06_Nx_64_neumann_dtout_10_75p_t_out.csv
SAV_Julia_2000_dt_5.50e-06_Nx_512_periodic_dtout_2000_75p_phi.csv
SAV_Julia_2000_dt_5.50e-06_Nx_512_periodic_dtout_2000_75p_phi.csv
Timepoint not recorded. dt_out:{dt_out} is bigger than timepoint requested: {timepoint}
NMG_Julia_2000_dt_5.50e-06_Nx_128_neumann_dtout_2000_phi.csv
NMG_Julia_2000_dt_5.50e-06_Nx_128_neumann_dtout_2000_phi.csv
Timepoint not recorded. dt_out:{dt_out} is bigger than timepoint requested: {timepoint}
SAV_Julia_2000_dt_5.50e-06_Nx_256_periodic_dtout_2000_25p_phi.csv
SAV_Julia_2000_dt_5.50e-06_Nx_256_periodic_dtout_2000_25p_phi.csv
Timepoint not recorded. dt_out:{dt_out} is bigger than timepoint requested: {timepoint}
NMG_Julia_2000_dt_5.50e-06_Nx_256_periodic_dtout_10_mass.csv
SAV_Julia_2000_dt_5.50e-06_Nx_512_periodic_dtout_10_movie.avi
NMG_Julia_2000_dt_5.50e-06_Nx_512_neumann_dtout_2000_phi.csv
NMG_Julia_2000_dt_5.50e-06_Nx_512_neumann_dtout_2000_phi.csv
Timepoint not recorded. dt_out:{dt_out} is bigger than timepoint requested: {timepoint}
SAV_Julia_2000_dt_5.50e-06_Nx_256_periodic_dtout_10_25p_movie.avi
NMG_Julia_2000_dt_5.50e-06_Nx_256_neumann_dtout_10_mass.csv
SAV_Julia_2000_dt_5.50e-06_Nx_256_periodic_dtout_10_75p_t_out.csv
NMG_Julia_2000_dt_5.50e-06_Nx_64_neumann_dtout_10_25p_energy.csv
SAV_Julia_2000_dt_5.50e-06_Nx_512_neumann_dtout_10_phi.csv
SAV_Julia_2000_dt_5.50e-06_Nx_512_neumann_dtout_10_phi.csv
Timepoint not recorded. dt_out:{dt_out} is bigger than timepoint requested: {timepoint}
SAV_Julia_2000_dt_5.50e-06_Nx_512_periodic_dtout_10_75p_phi.csv
SAV_Julia_2000_dt_5.50e-06_Nx_512_periodic_dtout_10_75p_phi.csv
Timepoint not recorded. dt_out:{dt_out} is bigger than timepoint requested: {timepoint}
SAV_Julia_2000_dt_5.50e-06_Nx_128_periodic_dtout_10_t_out.csv
NMG_Julia_2000_dt_5.50e-06_Nx_128_periodic_dtout_2000_phi.csv
NMG_Julia_2000_dt_5.50e-06_Nx_128_periodic_dtout_2000_phi.csv
Timepoint not recorded. dt_out:{dt_out} is bigger than timepoint requested: {timepoint}
SAV_Julia_2000_dt_5.50e-06_Nx_128_neumann_dtout_10_75p_phi.csv
SAV_Julia_2000_dt_5.50e-06_Nx_128_neumann_dtout_10_75p_phi.csv
Timepoint not recorded. dt_out:{dt_out} is bigger than timepoint requested: {timepoint}
SAV_Julia_2000_dt_5.50e-06_Nx_128_periodic_dtout_10_25p_phi.csv
SAV_Julia_2000_dt_5.50e-06_Nx_128_periodic_dtout_10_25p_phi.csv
Timepoint not recorded. dt_out:{dt_out} is bigger than timepoint requested: {timepoint}
NMG_Julia_2000_dt_5.50e-06_Nx_64_neumann_dtout_10_25p_t_out.csv
SAV_Julia_2000_dt_5.50e-06_Nx_256_periodic_dtout_10_mass.csv
SAV_Julia_2000_dt_5.50e-06_Nx_256_neumann_dtout_10_energy.csv
SAV_Julia_2000_dt_5.50e-06_Nx_64_neumann_dtout_10_25p_energy.csv
NMG_Julia_2000_dt_5.50e-06_Nx_64_neumann_dtout_10_75p_phi.csv
NMG_Julia_2000_dt_5.50e-06_Nx_64_neumann_dtout_10_75p_phi.csv
Timepoint not recorded. dt_out:{dt_out} is bigger than timepoint requested: {timepoint}
NMG_Julia_2000_dt_5.50e-06_Nx_256_periodic_dtout_2000_75p_phi.csv
NMG_Julia_2000_dt_5.50e-06_Nx_256_periodic_dtout_2000_75p_phi.csv
Timepoint not recorded. dt_out:{dt_out} is bigger than timepoint requested: {timepoint}
NMG_Julia_2000_dt_5.50e-06_Nx_128_periodic_dtout_2000_75p_phi.csv
NMG_Julia_2000_dt_5.50e-06_Nx_128_periodic_dtout_2000_75p_phi.csv
Timepoint not recorded. dt_out:{dt_out} is bigger than timepoint requested: {timepoint}
SAV_Julia_2000_dt_5.50e-06_Nx_512_periodic_dtout_10_25p_mass.csv
NMG_Julia_2000_dt_5.50e-06_Nx_256_periodic_dtout_10_75p_mass.csv
SAV_Julia_2000_dt_5.50e-06_Nx_128_periodic_dtout_10_25p_movie.avi
SAV_Julia_2000_dt_5.50e-06_Nx_256_neumann_dtout_10_75p_movie.avi
NMG_Julia_2000_dt_5.50e-06_Nx_64_periodic_dtout_10_25p_energy.csv
SAV_Julia_2000_dt_5.50e-06_Nx_512_neumann_dtout_10_25p_energy.csv
SAV_Julia_2000_dt_5.50e-06_Nx_512_periodic_dtout_10_75p_energy.csv
NMG_Julia_2000_dt_5.50e-06_Nx_128_neumann_dtout_2000_25p_phi.csv
NMG_Julia_2000_dt_5.50e-06_Nx_128_neumann_dtout_2000_25p_phi.csv
Timepoint not recorded. dt_out:{dt_out} is bigger than timepoint requested: {timepoint}
SAV_Julia_2000_dt_5.50e-06_Nx_512_periodic_dtout_2000_25p_phi.csv
SAV_Julia_2000_dt_5.50e-06_Nx_512_periodic_dtout_2000_25p_phi.csv
Timepoint not recorded. dt_out:{dt_out} is bigger than timepoint requested: {timepoint}
NMG_Julia_2000_dt_5.50e-06_Nx_512_periodic_dtout_10_25p_mass.csv
NMG_Julia_2000_dt_5.50e-06_Nx_64_neumann_dtout_10_phi.csv
NMG_Julia_2000_dt_5.50e-06_Nx_64_neumann_dtout_10_phi.csv
Timepoint not recorded. dt_out:{dt_out} is bigger than timepoint requested: {timepoint}
NMG_Julia_2000_dt_5.50e-06_Nx_128_periodic_dtout_10_75p_mass.csv
NMG_Julia_2000_dt_5.50e-06_Nx_256_neumann_dtout_10_movie.avi
SAV_Julia_2000_dt_5.50e-06_Nx_256_neumann_dtout_2000_phi.csv
SAV_Julia_2000_dt_5.50e-06_Nx_256_neumann_dtout_2000_phi.csv
Timepoint not recorded. dt_out:{dt_out} is bigger than timepoint requested: {timepoint}
SAV_Julia_2000_dt_5.50e-06_Nx_64_neumann_dtout_10_75p_mass.csv
SAV_Julia_2000_dt_5.50e-06_Nx_512_neumann_dtout_10_75p_movie.avi
SAV_Julia_2000_dt_5.50e-06_Nx_512_periodic_dtout_10_energy.csv
SAV_Julia_2000_dt_5.50e-06_Nx_512_periodic_dtout_10_25p_phi.csv
SAV_Julia_2000_dt_5.50e-06_Nx_512_periodic_dtout_10_25p_phi.csv
Timepoint not recorded. dt_out:{dt_out} is bigger than timepoint requested: {timepoint}
SAV_Julia_2000_dt_5.50e-06_Nx_128_periodic_dtout_10_phi.csv
SAV_Julia_2000_dt_5.50e-06_Nx_128_periodic_dtout_10_phi.csv
Timepoint not recorded. dt_out:{dt_out} is bigger than timepoint requested: {timepoint}
SAV_Julia_2000_dt_5.50e-06_Nx_512_neumann_dtout_10_75p_phi.csv
SAV_Julia_2000_dt_5.50e-06_Nx_512_neumann_dtout_10_75p_phi.csv
Timepoint not recorded. dt_out:{dt_out} is bigger than timepoint requested: {timepoint}
NMG_Julia_2000_dt_5.50e-06_Nx_256_periodic_dtout_10_energy.csv
SAV_Julia_2000_dt_5.50e-06_Nx_512_periodic_dtout_10_75p_t_out.csv
NMG_Julia_2000_dt_5.50e-06_Nx_512_neumann_dtout_10_75p_movie.avi
SAV_Julia_2000_dt_5.50e-06_Nx_512_periodic_dtout_10_75p_mass.csv
NMG_Julia_2000_dt_5.50e-06_Nx_256_periodic_dtout_2000_phi.csv
NMG_Julia_2000_dt_5.50e-06_Nx_256_periodic_dtout_2000_phi.csv
Timepoint not recorded. dt_out:{dt_out} is bigger than timepoint requested: {timepoint}
NMG_Julia_2000_dt_5.50e-06_Nx_64_neumann_dtout_10_mass.csv
SAV_Julia_2000_dt_5.50e-06_Nx_512_periodic_dtout_10_t_out.csv
SAV_Julia_2000_dt_5.50e-06_Nx_128_periodic_dtout_2000_phi.csv
SAV_Julia_2000_dt_5.50e-06_Nx_128_periodic_dtout_2000_phi.csv
Timepoint not recorded. dt_out:{dt_out} is bigger than timepoint requested: {timepoint}
SAV_Julia_2000_dt_5.50e-06_Nx_128_neumann_dtout_10_75p_t_out.csv
SAV_Julia_2000_dt_5.50e-06_Nx_64_neumann_dtout_2000_25p_phi.csv
SAV_Julia_2000_dt_5.50e-06_Nx_64_neumann_dtout_2000_25p_phi.csv
Timepoint not recorded. dt_out:{dt_out} is bigger than timepoint requested: {timepoint}
NMG_Julia_2000_dt_5.50e-06_Nx_512_neumann_dtout_10_25p_mass.csv
NMG_Julia_2000_dt_5.50e-06_Nx_256_neumann_dtout_10_25p_t_out.csv
NMG_Julia_2000_dt_5.50e-06_Nx_256_neumann_dtout_10_75p_movie.avi
NMG_Julia_2000_dt_5.50e-06_Nx_512_periodic_dtout_2000_75p_phi.csv
NMG_Julia_2000_dt_5.50e-06_Nx_512_periodic_dtout_2000_75p_phi.csv
Timepoint not recorded. dt_out:{dt_out} is bigger than timepoint requested: {timepoint}
NMG_Julia_2000_dt_5.50e-06_Nx_128_neumann_dtout_10_t_out.csv
NMG_Julia_2000_dt_5.50e-06_Nx_512_periodic_dtout_10_75p_mass.csv
NMG_Julia_2000_dt_5.50e-06_Nx_128_periodic_dtout_10_25p_t_out.csv
SAV_Julia_2000_dt_5.50e-06_Nx_64_periodic_dtout_10_25p_mass.csv
NMG_Julia_2000_dt_5.50e-06_Nx_64_neumann_dtout_10_75p_mass.csv
SAV_Julia_2000_dt_5.50e-06_Nx_256_periodic_dtout_2000_75p_phi.csv
SAV_Julia_2000_dt_5.50e-06_Nx_256_periodic_dtout_2000_75p_phi.csv
Timepoint not recorded. dt_out:{dt_out} is bigger than timepoint requested: {timepoint}
SAV_Julia_2000_dt_5.50e-06_Nx_256_neumann_dtout_10_25p_phi.csv
SAV_Julia_2000_dt_5.50e-06_Nx_256_neumann_dtout_10_25p_phi.csv
Timepoint not recorded. dt_out:{dt_out} is bigger than timepoint requested: {timepoint}
NMG_Julia_2000_dt_5.50e-06_Nx_128_periodic_dtout_10_25p_movie.avi
SAV_Julia_2000_dt_5.50e-06_Nx_512_neumann_dtout_10_movie.avi
SAV_Julia_2000_dt_5.50e-06_Nx_128_neumann_dtout_2000_25p_phi.csv
SAV_Julia_2000_dt_5.50e-06_Nx_128_neumann_dtout_2000_25p_phi.csv
Timepoint not recorded. dt_out:{dt_out} is bigger than timepoint requested: {timepoint}
NMG_Julia_2000_dt_5.50e-06_Nx_256_neumann_dtout_10_75p_phi.csv
NMG_Julia_2000_dt_5.50e-06_Nx_256_neumann_dtout_10_75p_phi.csv
Timepoint not recorded. dt_out:{dt_out} is bigger than timepoint requested: {timepoint}
SAV_Julia_2000_dt_5.50e-06_Nx_128_neumann_dtout_10_energy.csv
SAV_Julia_2000_dt_5.50e-06_Nx_512_periodic_dtout_10_75p_movie.avi
SAV_Julia_2000_dt_5.50e-06_Nx_128_periodic_dtout_10_75p_movie.avi
NMG_Julia_2000_dt_5.50e-06_Nx_512_periodic_dtout_10_energy.csv
SAV_Julia_2000_dt_5.50e-06_Nx_64_neumann_dtout_10_25p_movie.avi
SAV_Julia_2000_dt_5.50e-06_Nx_512_neumann_dtout_10_t_out.csv
NMG_Julia_2000_dt_5.50e-06_Nx_128_neumann_dtout_10_75p_energy.csv
SAV_Julia_2000_dt_5.50e-06_Nx_512_neumann_dtout_10_25p_phi.csv
SAV_Julia_2000_dt_5.50e-06_Nx_512_neumann_dtout_10_25p_phi.csv
Timepoint not recorded. dt_out:{dt_out} is bigger than timepoint requested: {timepoint}
NMG_Julia_2000_dt_5.50e-06_Nx_64_neumann_dtout_2000_phi.csv
NMG_Julia_2000_dt_5.50e-06_Nx_64_neumann_dtout_2000_phi.csv
Timepoint not recorded. dt_out:{dt_out} is bigger than timepoint requested: {timepoint}
SAV_Julia_2000_dt_5.50e-06_Nx_128_periodic_dtout_10_75p_mass.csv
NMG_Julia_2000_dt_5.50e-06_Nx_128_neumann_dtout_10_25p_t_out.csv
SAV_Julia_2000_dt_5.50e-06_Nx_256_periodic_dtout_2000_phi.csv
SAV_Julia_2000_dt_5.50e-06_Nx_256_periodic_dtout_2000_phi.csv
Timepoint not recorded. dt_out:{dt_out} is bigger than timepoint requested: {timepoint}
SAV_Julia_2000_dt_5.50e-06_Nx_64_neumann_dtout_2000_phi.csv
SAV_Julia_2000_dt_5.50e-06_Nx_64_neumann_dtout_2000_phi.csv
Timepoint not recorded. dt_out:{dt_out} is bigger than timepoint requested: {timepoint}
SAV_Julia_2000_dt_5.50e-06_Nx_128_periodic_dtout_10_75p_phi.csv
SAV_Julia_2000_dt_5.50e-06_Nx_128_periodic_dtout_10_75p_phi.csv
Timepoint not recorded. dt_out:{dt_out} is bigger than timepoint requested: {timepoint}
NMG_Julia_2000_dt_5.50e-06_Nx_512_neumann_dtout_10_energy.csv
SAV_Julia_2000_dt_5.50e-06_Nx_128_periodic_dtout_10_25p_mass.csv
NMG_Julia_2000_dt_5.50e-06_Nx_64_periodic_dtout_10_phi.csv
NMG_Julia_2000_dt_5.50e-06_Nx_64_periodic_dtout_10_phi.csv
Timepoint not recorded. dt_out:{dt_out} is bigger than timepoint requested: {timepoint}
SAV_Julia_2000_dt_5.50e-06_Nx_64_periodic_dtout_10_mass.csv
NMG_Julia_2000_dt_5.50e-06_Nx_256_neumann_dtout_10_75p_mass.csv
SAV_Julia_2000_dt_5.50e-06_Nx_128_periodic_dtout_10_energy.csv
SAV_Julia_2000_dt_5.50e-06_Nx_512_neumann_dtout_2000_phi.csv
SAV_Julia_2000_dt_5.50e-06_Nx_512_neumann_dtout_2000_phi.csv
Timepoint not recorded. dt_out:{dt_out} is bigger than timepoint requested: {timepoint}
SAV_Julia_2000_dt_5.50e-06_Nx_256_neumann_dtout_10_movie.avi
NMG_Julia_2000_dt_5.50e-06_Nx_128_neumann_dtout_10_energy.csv
SAV_Julia_2000_dt_5.50e-06_Nx_64_periodic_dtout_10_movie.avi
SAV_Julia_2000_dt_5.50e-06_Nx_128_periodic_dtout_10_mass.csv
NMG_Julia_2000_dt_5.50e-06_Nx_64_periodic_dtout_10_75p_mass.csv
NMG_Julia_2000_dt_5.50e-06_Nx_64_periodic_dtout_2000_phi.csv
NMG_Julia_2000_dt_5.50e-06_Nx_64_periodic_dtout_2000_phi.csv
Timepoint not recorded. dt_out:{dt_out} is bigger than timepoint requested: {timepoint}
NMG_Julia_2000_dt_5.50e-06_Nx_64_periodic_dtout_2000_75p_phi.csv
NMG_Julia_2000_dt_5.50e-06_Nx_64_periodic_dtout_2000_75p_phi.csv
Timepoint not recorded. dt_out:{dt_out} is bigger than timepoint requested: {timepoint}
NMG_Julia_2000_dt_5.50e-06_Nx_512_neumann_dtout_10_25p_phi.csv
NMG_Julia_2000_dt_5.50e-06_Nx_512_neumann_dtout_10_25p_phi.csv
Timepoint not recorded. dt_out:{dt_out} is bigger than timepoint requested: {timepoint}
NMG_Julia_2000_dt_5.50e-06_Nx_128_neumann_dtout_10_75p_mass.csv
NMG_Julia_2000_dt_5.50e-06_Nx_64_neumann_dtout_10_25p_mass.csv
NMG_Julia_2000_dt_5.50e-06_Nx_128_periodic_dtout_10_25p_mass.csv
SAV_Julia_2000_dt_5.50e-06_Nx_256_neumann_dtout_2000_25p_phi.csv
SAV_Julia_2000_dt_5.50e-06_Nx_256_neumann_dtout_2000_25p_phi.csv
Timepoint not recorded. dt_out:{dt_out} is bigger than timepoint requested: {timepoint}
SAV_Julia_2000_dt_5.50e-06_Nx_256_neumann_dtout_2000_75p_phi.csv
SAV_Julia_2000_dt_5.50e-06_Nx_256_neumann_dtout_2000_75p_phi.csv
Timepoint not recorded. dt_out:{dt_out} is bigger than timepoint requested: {timepoint}
NMG_Julia_2000_dt_5.50e-06_Nx_128_periodic_dtout_10_25p_energy.csv
SAV_Julia_2000_dt_5.50e-06_Nx_512_periodic_dtout_10_phi.csv
SAV_Julia_2000_dt_5.50e-06_Nx_512_periodic_dtout_10_phi.csv
Timepoint not recorded. dt_out:{dt_out} is bigger than timepoint requested: {timepoint}
NMG_Julia_2000_dt_5.50e-06_Nx_128_periodic_dtout_10_mass.csv
NMG_Julia_2000_dt_5.50e-06_Nx_128_periodic_dtout_10_phi.csv
NMG_Julia_2000_dt_5.50e-06_Nx_128_periodic_dtout_10_phi.csv
Timepoint not recorded. dt_out:{dt_out} is bigger than timepoint requested: {timepoint}
NMG_Julia_2000_dt_5.50e-06_Nx_128_neumann_dtout_2000_75p_phi.csv
NMG_Julia_2000_dt_5.50e-06_Nx_128_neumann_dtout_2000_75p_phi.csv
Timepoint not recorded. dt_out:{dt_out} is bigger than timepoint requested: {timepoint}
SAV_Julia_2000_dt_5.50e-06_Nx_128_neumann_dtout_10_25p_movie.avi
NMG_Julia_2000_dt_5.50e-06_Nx_256_periodic_dtout_10_25p_mass.csv
NMG_Julia_2000_dt_5.50e-06_Nx_512_neumann_dtout_10_25p_movie.avi
NMG_Julia_2000_dt_5.50e-06_Nx_64_periodic_dtout_10_75p_t_out.csv
NMG_Julia_2000_dt_5.50e-06_Nx_256_neumann_dtout_10_75p_t_out.csv
NMG_Julia_2000_dt_5.50e-06_Nx_256_periodic_dtout_10_t_out.csv
SAV_Julia_2000_dt_5.50e-06_Nx_512_neumann_dtout_10_25p_t_out.csv
NMG_Julia_2000_dt_5.50e-06_Nx_512_periodic_dtout_2000_25p_phi.csv
NMG_Julia_2000_dt_5.50e-06_Nx_512_periodic_dtout_2000_25p_phi.csv
Timepoint not recorded. dt_out:{dt_out} is bigger than timepoint requested: {timepoint}
SAV_Julia_2000_dt_5.50e-06_Nx_64_periodic_dtout_2000_25p_phi.csv
SAV_Julia_2000_dt_5.50e-06_Nx_64_periodic_dtout_2000_25p_phi.csv
Timepoint not recorded. dt_out:{dt_out} is bigger than timepoint requested: {timepoint}
NMG_Julia_2000_dt_5.50e-06_Nx_512_periodic_dtout_10_movie.avi
NMG_Julia_2000_dt_5.50e-06_Nx_64_periodic_dtout_10_25p_t_out.csv
SAV_Julia_2000_dt_5.50e-06_Nx_256_neumann_dtout_10_25p_mass.csv
NMG_Julia_2000_dt_5.50e-06_Nx_128_neumann_dtout_10_25p_phi.csv
NMG_Julia_2000_dt_5.50e-06_Nx_128_neumann_dtout_10_25p_phi.csv
Timepoint not recorded. dt_out:{dt_out} is bigger than timepoint requested: {timepoint}
NMG_Julia_2000_dt_5.50e-06_Nx_512_periodic_dtout_10_75p_movie.avi
SAV_Julia_2000_dt_5.50e-06_Nx_256_periodic_dtout_10_25p_t_out.csv
NMG_Julia_2000_dt_5.50e-06_Nx_64_periodic_dtout_10_25p_mass.csv
SAV_Julia_2000_dt_5.50e-06_Nx_64_neumann_dtout_10_movie.avi
SAV_Julia_2000_dt_5.50e-06_Nx_256_periodic_dtout_10_75p_energy.csv
SAV_Julia_2000_dt_5.50e-06_Nx_64_periodic_dtout_10_75p_t_out.csv
SAV_Julia_2000_dt_5.50e-06_Nx_512_periodic_dtout_10_25p_movie.avi
NMG_Julia_2000_dt_5.50e-06_Nx_512_neumann_dtout_10_75p_t_out.csv
NMG_Julia_2000_dt_5.50e-06_Nx_64_periodic_dtout_10_energy.csv
NMG_Julia_2000_dt_5.50e-06_Nx_512_periodic_dtout_10_75p_energy.csv
NMG_Julia_2000_dt_5.50e-06_Nx_512_periodic_dtout_2000_phi.csv
NMG_Julia_2000_dt_5.50e-06_Nx_512_periodic_dtout_2000_phi.csv
Timepoint not recorded. dt_out:{dt_out} is bigger than timepoint requested: {timepoint}
NMG_Julia_2000_dt_5.50e-06_Nx_64_periodic_dtout_10_75p_phi.csv
NMG_Julia_2000_dt_5.50e-06_Nx_64_periodic_dtout_10_75p_phi.csv
Timepoint not recorded. dt_out:{dt_out} is bigger than timepoint requested: {timepoint}
NMG_Julia_2000_dt_5.50e-06_Nx_64_neumann_dtout_10_t_out.csv
NMG_Julia_2000_dt_5.50e-06_Nx_128_neumann_dtout_10_mass.csv
SAV_Julia_2000_dt_5.50e-06_Nx_64_periodic_dtout_10_energy.csv
SAV_Julia_2000_dt_5.50e-06_Nx_64_periodic_dtout_10_t_out.csv
SAV_Julia_2000_dt_5.50e-06_Nx_256_neumann_dtout_10_25p_movie.avi
SAV_Julia_2000_dt_5.50e-06_Nx_128_neumann_dtout_10_75p_mass.csv
SAV_Julia_2000_dt_5.50e-06_Nx_64_neumann_dtout_2000_75p_phi.csv
SAV_Julia_2000_dt_5.50e-06_Nx_64_neumann_dtout_2000_75p_phi.csv
Timepoint not recorded. dt_out:{dt_out} is bigger than timepoint requested: {timepoint}
SAV_Julia_2000_dt_5.50e-06_Nx_256_neumann_dtout_10_75p_t_out.csv
NMG_Julia_2000_dt_5.50e-06_Nx_64_periodic_dtout_10_75p_energy.csv
SAV_Julia_2000_dt_5.50e-06_Nx_128_neumann_dtout_2000_75p_phi.csv
SAV_Julia_2000_dt_5.50e-06_Nx_128_neumann_dtout_2000_75p_phi.csv
Timepoint not recorded. dt_out:{dt_out} is bigger than timepoint requested: {timepoint}
SAV_Julia_2000_dt_5.50e-06_Nx_64_periodic_dtout_2000_75p_phi.csv
SAV_Julia_2000_dt_5.50e-06_Nx_64_periodic_dtout_2000_75p_phi.csv
Timepoint not recorded. dt_out:{dt_out} is bigger than timepoint requested: {timepoint}
SAV_Julia_2000_dt_5.50e-06_Nx_512_neumann_dtout_10_energy.csv
SAV_Julia_2000_dt_5.50e-06_Nx_128_periodic_dtout_10_75p_t_out.csv
SAV_Julia_2000_dt_5.50e-06_Nx_128_neumann_dtout_10_phi.csv
SAV_Julia_2000_dt_5.50e-06_Nx_128_neumann_dtout_10_phi.csv
Timepoint not recorded. dt_out:{dt_out} is bigger than timepoint requested: {timepoint}
NMG_Julia_2000_dt_5.50e-06_Nx_64_neumann_dtout_10_75p_movie.avi
NMG_Julia_2000_dt_5.50e-06_Nx_64_periodic_dtout_10_25p_movie.avi
NMG_Julia_2000_dt_5.50e-06_Nx_512_periodic_dtout_10_mass.csv
SAV_Julia_2000_dt_5.50e-06_Nx_64_periodic_dtout_10_25p_t_out.csv
NMG_Julia_2000_dt_5.50e-06_Nx_512_neumann_dtout_10_75p_phi.csv
NMG_Julia_2000_dt_5.50e-06_Nx_512_neumann_dtout_10_75p_phi.csv
Timepoint not recorded. dt_out:{dt_out} is bigger than timepoint requested: {timepoint}
SAV_Julia_2000_dt_5.50e-06_Nx_256_neumann_dtout_10_phi.csv
SAV_Julia_2000_dt_5.50e-06_Nx_256_neumann_dtout_10_phi.csv
Timepoint not recorded. dt_out:{dt_out} is bigger than timepoint requested: {timepoint}
NMG_Julia_2000_dt_5.50e-06_Nx_512_neumann_dtout_2000_25p_phi.csv
NMG_Julia_2000_dt_5.50e-06_Nx_512_neumann_dtout_2000_25p_phi.csv
Timepoint not recorded. dt_out:{dt_out} is bigger than timepoint requested: {timepoint}
NMG_Julia_2000_dt_5.50e-06_Nx_256_periodic_dtout_10_25p_phi.csv
NMG_Julia_2000_dt_5.50e-06_Nx_256_periodic_dtout_10_25p_phi.csv
Timepoint not recorded. dt_out:{dt_out} is bigger than timepoint requested: {timepoint}
NMG_Julia_2000_dt_5.50e-06_Nx_256_neumann_dtout_10_phi.csv
NMG_Julia_2000_dt_5.50e-06_Nx_256_neumann_dtout_10_phi.csv
Timepoint not recorded. dt_out:{dt_out} is bigger than timepoint requested: {timepoint}
SAV_Julia_2000_dt_5.50e-06_Nx_128_neumann_dtout_2000_phi.csv
SAV_Julia_2000_dt_5.50e-06_Nx_128_neumann_dtout_2000_phi.csv
Timepoint not recorded. dt_out:{dt_out} is bigger than timepoint requested: {timepoint}
SAV_Julia_2000_dt_5.50e-06_Nx_64_periodic_dtout_10_75p_mass.csv
NMG_Julia_2000_dt_5.50e-06_Nx_256_periodic_dtout_10_75p_phi.csv
NMG_Julia_2000_dt_5.50e-06_Nx_256_periodic_dtout_10_75p_phi.csv
Timepoint not recorded. dt_out:{dt_out} is bigger than timepoint requested: {timepoint}
SAV_Julia_2000_dt_5.50e-06_Nx_512_periodic_dtout_10_25p_energy.csv
SAV_Julia_2000_dt_5.50e-06_Nx_512_neumann_dtout_10_75p_energy.csv
SAV_Julia_2000_dt_5.50e-06_Nx_64_periodic_dtout_10_75p_movie.avi
NMG_Julia_2000_dt_5.50e-06_Nx_256_periodic_dtout_10_75p_energy.csv
SAV_Julia_2000_dt_5.50e-06_Nx_256_neumann_dtout_10_75p_mass.csv
SAV_Julia_2000_dt_5.50e-06_Nx_64_neumann_dtout_10_25p_phi.csv
SAV_Julia_2000_dt_5.50e-06_Nx_64_neumann_dtout_10_25p_phi.csv
Timepoint not recorded. dt_out:{dt_out} is bigger than timepoint requested: {timepoint}
SAV_Julia_2000_dt_5.50e-06_Nx_128_neumann_dtout_10_25p_energy.csv
NMG_Julia_2000_dt_5.50e-06_Nx_512_neumann_dtout_10_phi.csv
NMG_Julia_2000_dt_5.50e-06_Nx_512_neumann_dtout_10_phi.csv
Timepoint not recorded. dt_out:{dt_out} is bigger than timepoint requested: {timepoint}
SAV_Julia_2000_dt_5.50e-06_Nx_64_neumann_dtout_10_25p_mass.csv
SAV_Julia_2000_dt_5.50e-06_Nx_64_neumann_dtout_10_25p_t_out.csv
NMG_Julia_2000_dt_5.50e-06_Nx_512_periodic_dtout_10_t_out.csv
NMG_Julia_2000_dt_5.50e-06_Nx_512_periodic_dtout_10_25p_energy.csv
NMG_Julia_2000_dt_5.50e-06_Nx_64_neumann_dtout_10_75p_energy.csv
SAV_Julia_2000_dt_5.50e-06_Nx_256_periodic_dtout_10_25p_energy.csv
SAV_Julia_2000_dt_5.50e-06_Nx_64_neumann_dtout_10_t_out.csv
SAV_Julia_2000_dt_5.50e-06_Nx_256_neumann_dtout_10_mass.csv
SAV_Julia_2000_dt_5.50e-06_Nx_64_neumann_dtout_10_75p_energy.csv
SAV_Julia_2000_dt_5.50e-06_Nx_128_neumann_dtout_10_25p_phi.csv
SAV_Julia_2000_dt_5.50e-06_Nx_128_neumann_dtout_10_25p_phi.csv
Timepoint not recorded. dt_out:{dt_out} is bigger than timepoint requested: {timepoint}
NMG_Julia_2000_dt_5.50e-06_Nx_512_periodic_dtout_10_75p_phi.csv
NMG_Julia_2000_dt_5.50e-06_Nx_512_periodic_dtout_10_75p_phi.csv
Timepoint not recorded. dt_out:{dt_out} is bigger than timepoint requested: {timepoint}
SAV_Julia_2000_dt_5.50e-06_Nx_512_neumann_dtout_2000_75p_phi.csv
SAV_Julia_2000_dt_5.50e-06_Nx_512_neumann_dtout_2000_75p_phi.csv
Timepoint not recorded. dt_out:{dt_out} is bigger than timepoint requested: {timepoint}
NMG_Julia_2000_dt_5.50e-06_Nx_256_neumann_dtout_10_25p_movie.avi
SAV_Julia_2000_dt_5.50e-06_Nx_128_periodic_dtout_2000_25p_phi.csv
SAV_Julia_2000_dt_5.50e-06_Nx_128_periodic_dtout_2000_25p_phi.csv
Timepoint not recorded. dt_out:{dt_out} is bigger than timepoint requested: {timepoint}
NMG_Julia_2000_dt_5.50e-06_Nx_64_neumann_dtout_10_movie.avi
NMG_Julia_2000_dt_5.50e-06_Nx_512_neumann_dtout_10_t_out.csv
SAV_Julia_2000_dt_5.50e-06_Nx_256_periodic_dtout_10_25p_phi.csv
SAV_Julia_2000_dt_5.50e-06_Nx_256_periodic_dtout_10_25p_phi.csv
Timepoint not recorded. dt_out:{dt_out} is bigger than timepoint requested: {timepoint}
SAV_Julia_2000_dt_5.50e-06_Nx_512_periodic_dtout_2000_phi.csv
SAV_Julia_2000_dt_5.50e-06_Nx_512_periodic_dtout_2000_phi.csv
Timepoint not recorded. dt_out:{dt_out} is bigger than timepoint requested: {timepoint}
NMG_Julia_2000_dt_5.50e-06_Nx_128_periodic_dtout_10_energy.csv
NMG_Julia_2000_dt_5.50e-06_Nx_512_neumann_dtout_10_25p_energy.csv
NMG_Julia_2000_dt_5.50e-06_Nx_128_neumann_dtout_10_movie.avi
NMG_Julia_2000_dt_5.50e-06_Nx_64_neumann_dtout_10_energy.csv
NMG_Julia_2000_dt_5.50e-06_Nx_256_neumann_dtout_2000_25p_phi.csv
NMG_Julia_2000_dt_5.50e-06_Nx_256_neumann_dtout_2000_25p_phi.csv
Timepoint not recorded. dt_out:{dt_out} is bigger than timepoint requested: {timepoint}
SAV_Julia_2000_dt_5.50e-06_Nx_256_periodic_dtout_10_75p_movie.avi
NMG_Julia_2000_dt_5.50e-06_Nx_128_periodic_dtout_10_75p_movie.avi
SAV_Julia_2000_dt_5.50e-06_Nx_256_periodic_dtout_10_movie.avi
NMG_Julia_2000_dt_5.50e-06_Nx_128_neumann_dtout_10_75p_phi.csv
NMG_Julia_2000_dt_5.50e-06_Nx_128_neumann_dtout_10_75p_phi.csv
Timepoint not recorded. dt_out:{dt_out} is bigger than timepoint requested: {timepoint}
NMG_Julia_2000_dt_5.50e-06_Nx_512_periodic_dtout_10_25p_phi.csv
NMG_Julia_2000_dt_5.50e-06_Nx_512_periodic_dtout_10_25p_phi.csv
Timepoint not recorded. dt_out:{dt_out} is bigger than timepoint requested: {timepoint}
NMG_Julia_2000_dt_5.50e-06_Nx_256_periodic_dtout_10_75p_movie.avi
NMG_Julia_2000_dt_5.50e-06_Nx_256_neumann_dtout_10_energy.csv
NMG_Julia_2000_dt_5.50e-06_Nx_64_neumann_dtout_2000_25p_phi.csv
NMG_Julia_2000_dt_5.50e-06_Nx_64_neumann_dtout_2000_25p_phi.csv
Timepoint not recorded. dt_out:{dt_out} is bigger than timepoint requested: {timepoint}
SAV_Julia_2000_dt_5.50e-06_Nx_64_periodic_dtout_2000_phi.csv
SAV_Julia_2000_dt_5.50e-06_Nx_64_periodic_dtout_2000_phi.csv
Timepoint not recorded. dt_out:{dt_out} is bigger than timepoint requested: {timepoint}
SAV_Julia_2000_dt_5.50e-06_Nx_64_neumann_dtout_10_75p_phi.csv
SAV_Julia_2000_dt_5.50e-06_Nx_64_neumann_dtout_10_75p_phi.csv
Timepoint not recorded. dt_out:{dt_out} is bigger than timepoint requested: {timepoint}
SAV_Julia_2000_dt_5.50e-06_Nx_64_periodic_dtout_10_75p_phi.csv
SAV_Julia_2000_dt_5.50e-06_Nx_64_periodic_dtout_10_75p_phi.csv
Timepoint not recorded. dt_out:{dt_out} is bigger than timepoint requested: {timepoint}
SAV_Julia_2000_dt_5.50e-06_Nx_128_periodic_dtout_10_25p_t_out.csv
SAV_Julia_2000_dt_5.50e-06_Nx_512_neumann_dtout_10_mass.csv
NMG_Julia_2000_dt_5.50e-06_Nx_256_neumann_dtout_10_75p_energy.csv
NMG_Julia_2000_dt_5.50e-06_Nx_64_periodic_dtout_10_25p_phi.csv
NMG_Julia_2000_dt_5.50e-06_Nx_64_periodic_dtout_10_25p_phi.csv
Timepoint not recorded. dt_out:{dt_out} is bigger than timepoint requested: {timepoint}
NMG_Julia_2000_dt_5.50e-06_Nx_128_neumann_dtout_10_75p_movie.avi
NMG_Julia_2000_dt_5.50e-06_Nx_64_periodic_dtout_10_mass.csv
NMG_Julia_2000_dt_5.50e-06_Nx_512_periodic_dtout_10_25p_t_out.csv
NMG_Julia_2000_dt_5.50e-06_Nx_128_neumann_dtout_10_25p_mass.csv
SAV_Julia_2000_dt_5.50e-06_Nx_128_neumann_dtout_10_75p_energy.csv
SAV_Julia_2000_dt_5.50e-06_Nx_64_periodic_dtout_10_phi.csv
SAV_Julia_2000_dt_5.50e-06_Nx_64_periodic_dtout_10_phi.csv
Timepoint not recorded. dt_out:{dt_out} is bigger than timepoint requested: {timepoint}
SAV_Julia_2000_dt_5.50e-06_Nx_256_neumann_dtout_10_75p_phi.csv
SAV_Julia_2000_dt_5.50e-06_Nx_256_neumann_dtout_10_75p_phi.csv
Timepoint not recorded. dt_out:{dt_out} is bigger than timepoint requested: {timepoint}
NMG_Julia_2000_dt_5.50e-06_Nx_256_periodic_dtout_10_25p_movie.avi
NMG_Julia_2000_dt_5.50e-06_Nx_64_periodic_dtout_10_movie.avi
SAV_Julia_2000_dt_5.50e-06_Nx_128_neumann_dtout_10_75p_movie.avi
SAV_Julia_2000_dt_5.50e-06_Nx_64_neumann_dtout_10_75p_t_out.csv
SAV_Julia_2000_dt_5.50e-06_Nx_64_neumann_dtout_10_energy.csv
NMG_Julia_2000_dt_5.50e-06_Nx_512_neumann_dtout_10_75p_energy.csv
SAV_Julia_2000_dt_5.50e-06_Nx_128_neumann_dtout_10_t_out.csv
SAV_Julia_2000_dt_5.50e-06_Nx_64_neumann_dtout_10_mass.csv
NMG_Julia_2000_dt_5.50e-06_Nx_64_periodic_dtout_10_75p_movie.avi
NMG_Julia_2000_dt_5.50e-06_Nx_512_periodic_dtout_10_25p_movie.avi
NMG_Julia_2000_dt_5.50e-06_Nx_64_neumann_dtout_10_25p_movie.avi
SAV_Julia_2000_dt_5.50e-06_Nx_128_neumann_dtout_10_25p_t_out.csv
SAV_Julia_2000_dt_5.50e-06_Nx_256_neumann_dtout_10_25p_energy.csv
SAV_Julia_2000_dt_5.50e-06_Nx_256_neumann_dtout_10_25p_t_out.csv
SAV_Julia_2000_dt_5.50e-06_Nx_128_periodic_dtout_10_75p_energy.csv
NMG_Julia_2000_dt_5.50e-06_Nx_256_neumann_dtout_10_25p_phi.csv
NMG_Julia_2000_dt_5.50e-06_Nx_256_neumann_dtout_10_25p_phi.csv
Timepoint not recorded. dt_out:{dt_out} is bigger than timepoint requested: {timepoint}
SAV_Julia_2000_dt_5.50e-06_Nx_256_periodic_dtout_10_t_out.csv
SAV_Julia_2000_dt_5.50e-06_Nx_512_neumann_dtout_10_25p_mass.csv
SAV_Julia_2000_dt_5.50e-06_Nx_256_periodic_dtout_10_75p_phi.csv
SAV_Julia_2000_dt_5.50e-06_Nx_256_periodic_dtout_10_75p_phi.csv
Timepoint not recorded. dt_out:{dt_out} is bigger than timepoint requested: {timepoint}
NMG_Julia_2000_dt_5.50e-06_Nx_256_periodic_dtout_10_75p_t_out.csv
NMG_Julia_2000_dt_5.50e-06_Nx_128_periodic_dtout_10_t_out.csv
SAV_Julia_2000_dt_5.50e-06_Nx_64_neumann_dtout_10_phi.csv
SAV_Julia_2000_dt_5.50e-06_Nx_64_neumann_dtout_10_phi.csv
Timepoint not recorded. dt_out:{dt_out} is bigger than timepoint requested: {timepoint}
SAV_Julia_2000_dt_5.50e-06_Nx_128_periodic_dtout_2000_75p_phi.csv
SAV_Julia_2000_dt_5.50e-06_Nx_128_periodic_dtout_2000_75p_phi.csv
Timepoint not recorded. dt_out:{dt_out} is bigger than timepoint requested: {timepoint}
SAV_Julia_2000_dt_5.50e-06_Nx_128_periodic_dtout_10_movie.avi
NMG_Julia_2000_dt_5.50e-06_Nx_256_periodic_dtout_10_movie.avi
NMG_Julia_2000_dt_5.50e-06_Nx_256_periodic_dtout_10_phi.csv
NMG_Julia_2000_dt_5.50e-06_Nx_256_periodic_dtout_10_phi.csv
Timepoint not recorded. dt_out:{dt_out} is bigger than timepoint requested: {timepoint}
NMG_Julia_2000_dt_5.50e-06_Nx_256_neumann_dtout_10_25p_energy.csv
NMG_Julia_2000_dt_5.50e-06_Nx_128_neumann_dtout_10_25p_energy.csv
SAV_Julia_2000_dt_5.50e-06_Nx_128_periodic_dtout_10_25p_energy.csv
NMG_Julia_2000_dt_5.50e-06_Nx_128_periodic_dtout_10_75p_phi.csv
NMG_Julia_2000_dt_5.50e-06_Nx_128_periodic_dtout_10_75p_phi.csv
Timepoint not recorded. dt_out:{dt_out} is bigger than timepoint requested: {timepoint}
NMG_Julia_2000_dt_5.50e-06_Nx_256_periodic_dtout_10_25p_t_out.csv
NMG_Julia_2000_dt_5.50e-06_Nx_256_periodic_dtout_10_25p_energy.csv
SAV_Julia_2000_dt_5.50e-06_Nx_128_neumann_dtout_10_movie.avi
SAV_Julia_2000_dt_5.50e-06_Nx_256_periodic_dtout_10_energy.csv
SAV_Julia_2000_dt_5.50e-06_Nx_256_periodic_dtout_10_25p_mass.csv
SAV_Julia_2000_dt_5.50e-06_Nx_256_periodic_dtout_10_phi.csv
SAV_Julia_2000_dt_5.50e-06_Nx_256_periodic_dtout_10_phi.csv
Timepoint not recorded. dt_out:{dt_out} is bigger than timepoint requested: {timepoint}
NMG_Julia_2000_dt_5.50e-06_Nx_128_periodic_dtout_10_25p_phi.csv
NMG_Julia_2000_dt_5.50e-06_Nx_128_periodic_dtout_10_25p_phi.csv
Timepoint not recorded. dt_out:{dt_out} is bigger than timepoint requested: {timepoint}
NMG_Julia_2000_dt_5.50e-06_Nx_64_periodic_dtout_10_t_out.csv
NMG_Julia_2000_dt_5.50e-06_Nx_256_neumann_dtout_10_t_out.csv
NMG_Julia_2000_dt_5.50e-06_Nx_64_neumann_dtout_2000_75p_phi.csv
NMG_Julia_2000_dt_5.50e-06_Nx_64_neumann_dtout_2000_75p_phi.csv
Timepoint not recorded. dt_out:{dt_out} is bigger than timepoint requested: {timepoint}
NMG_Julia_2000_dt_5.50e-06_Nx_256_neumann_dtout_10_25p_mass.csv
SAV_Julia_2000_dt_5.50e-06_Nx_64_periodic_dtout_10_25p_movie.avi
SAV_Julia_2000_dt_5.50e-06_Nx_256_neumann_dtout_10_75p_energy.csv
NMG_Julia_2000_dt_5.50e-06_Nx_128_neumann_dtout_10_25p_movie.avi
NMG_Julia_2000_dt_5.50e-06_Nx_512_neumann_dtout_10_25p_t_out.csv
NMG_Julia_2000_dt_5.50e-06_Nx_64_periodic_dtout_2000_25p_phi.csv
NMG_Julia_2000_dt_5.50e-06_Nx_64_periodic_dtout_2000_25p_phi.csv
Timepoint not recorded. dt_out:{dt_out} is bigger than timepoint requested: {timepoint}
NMG_Julia_2000_dt_5.50e-06_Nx_256_neumann_dtout_2000_75p_phi.csv
NMG_Julia_2000_dt_5.50e-06_Nx_256_neumann_dtout_2000_75p_phi.csv
Timepoint not recorded. dt_out:{dt_out} is bigger than timepoint requested: {timepoint}
SAV_Julia_2000_dt_5.50e-06_Nx_512_neumann_dtout_2000_25p_phi.csv
SAV_Julia_2000_dt_5.50e-06_Nx_512_neumann_dtout_2000_25p_phi.csv
Timepoint not recorded. dt_out:{dt_out} is bigger than timepoint requested: {timepoint}
SAV_Julia_2000_dt_5.50e-06_Nx_64_neumann_dtout_10_75p_movie.avi
NMG_Julia_2000_dt_5.50e-06_Nx_512_neumann_dtout_2000_75p_phi.csv
NMG_Julia_2000_dt_5.50e-06_Nx_512_neumann_dtout_2000_75p_phi.csv
Timepoint not recorded. dt_out:{dt_out} is bigger than timepoint requested: {timepoint}
NMG_Julia_2000_dt_5.50e-06_Nx_512_neumann_dtout_10_movie.avi
NMG_Julia_2000_dt_5.50e-06_Nx_256_periodic_dtout_2000_25p_phi.csv
NMG_Julia_2000_dt_5.50e-06_Nx_256_periodic_dtout_2000_25p_phi.csv
Timepoint not recorded. dt_out:{dt_out} is bigger than timepoint requested: {timepoint}
NMG_Julia_2000_dt_5.50e-06_Nx_512_periodic_dtout_10_phi.csv
NMG_Julia_2000_dt_5.50e-06_Nx_512_periodic_dtout_10_phi.csv
Timepoint not recorded. dt_out:{dt_out} is bigger than timepoint requested: {timepoint}
NMG_Julia_2000_dt_5.50e-06_Nx_128_periodic_dtout_2000_25p_phi.csv
NMG_Julia_2000_dt_5.50e-06_Nx_128_periodic_dtout_2000_25p_phi.csv
Timepoint not recorded. dt_out:{dt_out} is bigger than timepoint requested: {timepoint}
SAV_Julia_2000_dt_5.50e-06_Nx_64_periodic_dtout_10_25p_energy.csv
NMG_Julia_2000_dt_5.50e-06_Nx_128_periodic_dtout_10_75p_energy.csv
NMG_Julia_2000_dt_5.50e-06_Nx_128_periodic_dtout_10_movie.avi
SAV_Julia_2000_dt_5.50e-06_Nx_64_periodic_dtout_10_25p_phi.csv
SAV_Julia_2000_dt_5.50e-06_Nx_64_periodic_dtout_10_25p_phi.csv
Timepoint not recorded. dt_out:{dt_out} is bigger than timepoint requested: {timepoint}
SAV_Julia_2000_dt_5.50e-06_Nx_256_periodic_dtout_10_75p_mass.csv
NMG_Python_20_dt_5.50e-06_Nx_128_periodic_dtout_1_25presidual.csv
NMG_Python_20_dt_5.50e-06_Nx_256_periodic_dtout_20_25pphi.csv
NMG_Python_20_dt_5.50e-06_Nx_256_periodic_dtout_20_25pphi.csv
Timepoint not recorded. dt_out:{dt_out} is bigger than timepoint requested: {timepoint}
NMG_Python_20_dt_5.50e-06_Nx_64_periodic_dtout_1_25penergy.csv
NMG_Python_20_dt_5.50e-06_Nx_256_periodic_dtout_1residual.csv
spinodal_decomp_04_2025SAV_Python_2000_dt_5.50e-06_Nx_256_neumann_dtout_2000phi.csv
spinodal_decomp_04_2025SAV_Python_2000_dt_5.50e-06_Nx_256_neumann_dtout_2000phi.csv
Timepoint not recorded. dt_out:{dt_out} is bigger than timepoint requested: {timepoint}
NMG_Python_20_dt_5.50e-06_Nx_256_periodic_dtout_1_75penergy.csv
NMG_Python_20_dt_5.50e-06_Nx_512_neumann_dtout_1_25pphi.csv
NMG_Python_20_dt_5.50e-06_Nx_512_neumann_dtout_1_25pphi.csv
Timepoint not recorded. dt_out:{dt_out} is bigger than timepoint requested: {timepoint}
spinodal_decomp_04_2025SAV_Python_2000_dt_5.50e-06_Nx_128_periodic_dtout_10mass.csv
NMG_Python_20_dt_5.50e-06_Nx_64_neumann_dtout_1_75pmass.csv
spinodal_decomp_04_2025NMG_Python_200_dt_5.50e-06_Nx_512_neumann_dtout_200residual.csv
NMG_Python_20_dt_5.50e-06_Nx_512_neumann_dtout_20_25presidual.csv
NMG_Python_20_dt_5.50e-06_Nx_64_neumann_dtout_1_25pmass.csv
SAV_Python_2000_dt_5.50e-06_Nx_512_periodic_dtout_2000_25pphi.csv
SAV_Python_2000_dt_5.50e-06_Nx_512_periodic_dtout_2000_25pphi.csv
Timepoint not recorded. dt_out:{dt_out} is bigger than timepoint requested: {timepoint}
spinodal_decomp_04_2025NMG_Python_20_dt_5.50e-06_Nx_128_neumann_dtout_10mass.csv
NMG_Python_20_dt_5.50e-06_Nx_512_periodic_dtout_1_75pmass.csv
NMG_Python_20_dt_5.50e-06_Nx_512_periodic_dtout_20phi.csv
NMG_Python_20_dt_5.50e-06_Nx_512_periodic_dtout_20phi.csv
Timepoint not recorded. dt_out:{dt_out} is bigger than timepoint requested: {timepoint}
SAV_Python_2000_dt_5.50e-06_Nx_64_neumann_dtout_10_25pphi.csv
SAV_Python_2000_dt_5.50e-06_Nx_64_neumann_dtout_10_25pphi.csv
Timepoint not recorded. dt_out:{dt_out} is bigger than timepoint requested: {timepoint}
NMG_Python_20_dt_5.50e-06_Nx_64_neumann_dtout_1_75pt_out.csv
SAV_Python_2000_dt_5.50e-06_Nx_256_periodic_dtout_10_75pmass.csv
spinodal_decomp_04_2025NMG_Python_20_dt_5.50e-06_Nx_256_neumann_dtout_10phi.csv
spinodal_decomp_04_2025NMG_Python_20_dt_5.50e-06_Nx_256_neumann_dtout_10phi.csv
Timepoint not recorded. dt_out:{dt_out} is bigger than timepoint requested: {timepoint}
spinodal_decomp_04_2025NMG_Python_20_dt_5.50e-06_Nx_128_periodic_dtout_10phi.csv
spinodal_decomp_04_2025NMG_Python_20_dt_5.50e-06_Nx_128_periodic_dtout_10phi.csv
Timepoint not recorded. dt_out:{dt_out} is bigger than timepoint requested: {timepoint}
NMG_Python_20_dt_5.50e-06_Nx_128_periodic_dtout_1_75pt_out.csv
NMG_Python_20_dt_5.50e-06_Nx_128_periodic_dtout_1_75presidual.csv
spinodal_decomp_04_2025SAV_Python_2000_dt_5.50e-06_Nx_512_periodic_dtout_10t_out.csv
spinodal_decomp_04_2025NMG_Python_200_dt_5.50e-06_Nx_64_periodic_dtout_200phi.csv
spinodal_decomp_04_2025NMG_Python_200_dt_5.50e-06_Nx_64_periodic_dtout_200phi.csv
Timepoint not recorded. dt_out:{dt_out} is bigger than timepoint requested: {timepoint}
SAV_Python_2000_dt_5.50e-06_Nx_256_neumann_dtout_2000_75pphi.csv
SAV_Python_2000_dt_5.50e-06_Nx_256_neumann_dtout_2000_75pphi.csv
Timepoint not recorded. dt_out:{dt_out} is bigger than timepoint requested: {timepoint}
spinodal_decomp_04_2025NMG_Python_20_dt_5.50e-06_Nx_512_neumann_dtout_20phi.csv
spinodal_decomp_04_2025NMG_Python_20_dt_5.50e-06_Nx_512_neumann_dtout_20phi.csv
Timepoint not recorded. dt_out:{dt_out} is bigger than timepoint requested: {timepoint}
NMG_Python_20_dt_5.50e-06_Nx_64_neumann_dtout_1_25presidual.csv
NMG_Python_20_dt_5.50e-06_Nx_64_neumann_dtout_1_75presidual.csv
NMG_Python_20_dt_5.50e-06_Nx_256_neumann_dtout_1_25pmass.csv
SAV_Python_2000_dt_5.50e-06_Nx_128_neumann_dtout_10_25pt_out.csv
spinodal_decomp_04_2025SAV_Python_2000_dt_5.50e-06_Nx_128_neumann_dtout_10phi.csv
spinodal_decomp_04_2025SAV_Python_2000_dt_5.50e-06_Nx_128_neumann_dtout_10phi.csv
Timepoint not recorded. dt_out:{dt_out} is bigger than timepoint requested: {timepoint}
NMG_Python_20_dt_5.50e-06_Nx_256_neumann_dtout_20_25pphi.csv
NMG_Python_20_dt_5.50e-06_Nx_256_neumann_dtout_20_25pphi.csv
Timepoint not recorded. dt_out:{dt_out} is bigger than timepoint requested: {timepoint}
spinodal_decomp_04_2025SAV_Python_2000_dt_5.50e-06_Nx_512_periodic_dtout_10mass.csv
spinodal_decomp_04_2025NMG_Python_20_dt_5.50e-06_Nx_512_neumann_dtout_20residual.csv
spinodal_decomp_04_2025NMG_Python_20_dt_5.50e-06_Nx_512_neumann_dtout_10residual.csv
spinodal_decomp_04_2025NMG_Python_20_dt_5.50e-06_Nx_64_neumann_dtout_10residual.csv
SAV_Python_2000_dt_5.50e-06_Nx_256_neumann_dtout_10_75pphi.csv
SAV_Python_2000_dt_5.50e-06_Nx_256_neumann_dtout_10_75pphi.csv
Timepoint not recorded. dt_out:{dt_out} is bigger than timepoint requested: {timepoint}
spinodal_decomp_04_2025SAV_Python_2000_dt_5.50e-06_Nx_64_periodic_dtout_10t_out.csv
SAV_Python_2000_dt_5.50e-06_Nx_128_periodic_dtout_10_25penergy.csv
spinodal_decomp_04_2025SAV_Python_2000_dt_5.50e-06_Nx_128_periodic_dtout_10energy.csv
NMG_Python_20_dt_5.50e-06_Nx_256_neumann_dtout_20_25presidual.csv
SAV_Python_2000_dt_5.50e-06_Nx_256_neumann_dtout_10_75pt_out.csv
NMG_Python_20_dt_5.50e-06_Nx_128_neumann_dtout_1_75pphi.csv
NMG_Python_20_dt_5.50e-06_Nx_128_neumann_dtout_1_75pphi.csv
Timepoint not recorded. dt_out:{dt_out} is bigger than timepoint requested: {timepoint}
NMG_Python_20_dt_5.50e-06_Nx_512_periodic_dtout_1_75penergy.csv
spinodal_decomp_04_2025NMG_Python_20_dt_5.50e-06_Nx_512_periodic_dtout_20phi.csv
spinodal_decomp_04_2025NMG_Python_20_dt_5.50e-06_Nx_512_periodic_dtout_20phi.csv
Timepoint not recorded. dt_out:{dt_out} is bigger than timepoint requested: {timepoint}
SAV_Python_2000_dt_5.50e-06_Nx_64_neumann_dtout_10_75pphi.csv
SAV_Python_2000_dt_5.50e-06_Nx_64_neumann_dtout_10_75pphi.csv
Timepoint not recorded. dt_out:{dt_out} is bigger than timepoint requested: {timepoint}
NMG_Python_20_dt_5.50e-06_Nx_512_periodic_dtout_1phi.csv
NMG_Python_20_dt_5.50e-06_Nx_512_periodic_dtout_1phi.csv
Timepoint not recorded. dt_out:{dt_out} is bigger than timepoint requested: {timepoint}
SAV_Python_2000_dt_5.50e-06_Nx_64_neumann_dtout_10_75pt_out.csv
spinodal_decomp_04_2025SAV_Python_2000_dt_5.50e-06_Nx_512_neumann_dtout_10mass.csv
SAV_Python_2000_dt_5.50e-06_Nx_64_periodic_dtout_10_75penergy.csv
NMG_Python_20_dt_5.50e-06_Nx_64_neumann_dtout_1_25penergy.csv
SAV_Python_2000_dt_5.50e-06_Nx_512_periodic_dtout_10_25pmass.csv
spinodal_decomp_04_2025NMG_Python_20_dt_5.50e-06_Nx_128_periodic_dtout_2000phi.csv
spinodal_decomp_04_2025NMG_Python_20_dt_5.50e-06_Nx_128_periodic_dtout_2000phi.csv
Timepoint not recorded. dt_out:{dt_out} is bigger than timepoint requested: {timepoint}
spinodal_decomp_04_2025NMG_Python_20_dt_5.50e-06_Nx_256_neumann_dtout_20residual.csv
NMG_Python_20_dt_5.50e-06_Nx_256_periodic_dtout_1_25pt_out.csv
NMG_Python_20_dt_5.50e-06_Nx_128_periodic_dtout_20phi.csv
NMG_Python_20_dt_5.50e-06_Nx_128_periodic_dtout_20phi.csv
Timepoint not recorded. dt_out:{dt_out} is bigger than timepoint requested: {timepoint}
SAV_Python_2000_dt_5.50e-06_Nx_512_neumann_dtout_2000_25pphi.csv
SAV_Python_2000_dt_5.50e-06_Nx_512_neumann_dtout_2000_25pphi.csv
Timepoint not recorded. dt_out:{dt_out} is bigger than timepoint requested: {timepoint}
spinodal_decomp_04_2025NMG_Python_200_dt_5.50e-06_Nx_256_neumann_dtout_200residual.csv
SAV_Python_2000_dt_5.50e-06_Nx_512_neumann_dtout_10_25pt_out.csv
NMG_Python_20_dt_5.50e-06_Nx_256_periodic_dtout_1t_out.csv
spinodal_decomp_04_2025NMG_Python_20_dt_5.50e-06_Nx_64_periodic_dtout_20residual.csv
spinodal_decomp_04_2025NMG_Python_200_dt_5.50e-06_Nx_128_neumann_dtout_200residual.csv
NMG_Python_20_dt_5.50e-06_Nx_128_periodic_dtout_1phi.csv
NMG_Python_20_dt_5.50e-06_Nx_128_periodic_dtout_1phi.csv
Timepoint not recorded. dt_out:{dt_out} is bigger than timepoint requested: {timepoint}
NMG_Python_20_dt_5.50e-06_Nx_256_neumann_dtout_1_75pmass.csv
NMG_Python_20_dt_5.50e-06_Nx_256_periodic_dtout_20_75presidual.csv
NMG_Python_20_dt_5.50e-06_Nx_64_neumann_dtout_1_25pphi.csv
NMG_Python_20_dt_5.50e-06_Nx_64_neumann_dtout_1_25pphi.csv
Timepoint not recorded. dt_out:{dt_out} is bigger than timepoint requested: {timepoint}
spinodal_decomp_04_2025NMG_Python_200_dt_5.50e-06_Nx_64_neumann_dtout_200residual.csv
spinodal_decomp_04_2025SAV_Python_2000_dt_5.50e-06_Nx_128_neumann_dtout_10t_out.csv
SAV_Python_2000_dt_5.50e-06_Nx_128_periodic_dtout_2000_75pphi.csv
SAV_Python_2000_dt_5.50e-06_Nx_128_periodic_dtout_2000_75pphi.csv
Timepoint not recorded. dt_out:{dt_out} is bigger than timepoint requested: {timepoint}
spinodal_decomp_04_2025NMG_Python_20_dt_5.50e-06_Nx_256_periodic_dtout_2000phi.csv
spinodal_decomp_04_2025NMG_Python_20_dt_5.50e-06_Nx_256_periodic_dtout_2000phi.csv
Timepoint not recorded. dt_out:{dt_out} is bigger than timepoint requested: {timepoint}
spinodal_decomp_04_2025NMG_Python_20_dt_5.50e-06_Nx_128_neumann_dtout_10residual.csv
NMG_Python_20_dt_5.50e-06_Nx_512_periodic_dtout_1_75pphi.csv
NMG_Python_20_dt_5.50e-06_Nx_512_periodic_dtout_1_75pphi.csv
Timepoint not recorded. dt_out:{dt_out} is bigger than timepoint requested: {timepoint}
spinodal_decomp_04_2025NMG_Python_20_dt_5.50e-06_Nx_512_neumann_dtout_10t_out.csv
NMG_Python_20_dt_5.50e-06_Nx_256_neumann_dtout_1_25pt_out.csv
NMG_Python_20_dt_5.50e-06_Nx_64_periodic_dtout_1energy.csv
spinodal_decomp_04_2025SAV_Python_2000_dt_5.50e-06_Nx_512_neumann_dtout_10t_out.csv
SAV_Python_2000_dt_5.50e-06_Nx_512_neumann_dtout_10_25pmass.csv
NMG_Python_20_dt_5.50e-06_Nx_64_periodic_dtout_20_25presidual.csv
spinodal_decomp_04_2025SAV_Python_2000_dt_5.50e-06_Nx_512_neumann_dtout_2000phi.csv
spinodal_decomp_04_2025SAV_Python_2000_dt_5.50e-06_Nx_512_neumann_dtout_2000phi.csv
Timepoint not recorded. dt_out:{dt_out} is bigger than timepoint requested: {timepoint}
spinodal_decomp_04_2025NMG_Python_20_dt_5.50e-06_Nx_512_periodic_dtout_10residual.csv
NMG_Python_20_dt_5.50e-06_Nx_512_neumann_dtout_1_25penergy.csv
NMG_Python_20_dt_5.50e-06_Nx_64_periodic_dtout_20phi.csv
NMG_Python_20_dt_5.50e-06_Nx_64_periodic_dtout_20phi.csv
Timepoint not recorded. dt_out:{dt_out} is bigger than timepoint requested: {timepoint}
NMG_Python_20_dt_5.50e-06_Nx_512_periodic_dtout_1mass.csv
SAV_Python_2000_dt_5.50e-06_Nx_512_periodic_dtout_10_75pphi.csv
SAV_Python_2000_dt_5.50e-06_Nx_512_periodic_dtout_10_75pphi.csv
Timepoint not recorded. dt_out:{dt_out} is bigger than timepoint requested: {timepoint}
NMG_Python_20_dt_5.50e-06_Nx_128_neumann_dtout_1_75pmass.csv
SAV_Python_2000_dt_5.50e-06_Nx_512_periodic_dtout_2000_75pphi.csv
SAV_Python_2000_dt_5.50e-06_Nx_512_periodic_dtout_2000_75pphi.csv
Timepoint not recorded. dt_out:{dt_out} is bigger than timepoint requested: {timepoint}
NMG_Python_20_dt_5.50e-06_Nx_512_neumann_dtout_1_75penergy.csv
spinodal_decomp_04_2025NMG_Python_20_dt_5.50e-06_Nx_64_periodic_dtout_2000phi.csv
spinodal_decomp_04_2025NMG_Python_20_dt_5.50e-06_Nx_64_periodic_dtout_2000phi.csv
Timepoint not recorded. dt_out:{dt_out} is bigger than timepoint requested: {timepoint}
NMG_Python_20_dt_5.50e-06_Nx_64_neumann_dtout_1_75pphi.csv
NMG_Python_20_dt_5.50e-06_Nx_64_neumann_dtout_1_75pphi.csv
Timepoint not recorded. dt_out:{dt_out} is bigger than timepoint requested: {timepoint}
NMG_Python_20_dt_5.50e-06_Nx_256_periodic_dtout_1_75pt_out.csv
spinodal_decomp_04_2025NMG_Python_20_dt_5.50e-06_Nx_64_neumann_dtout_10energy.csv
spinodal_decomp_04_2025SAV_Python_2000_dt_5.50e-06_Nx_256_periodic_dtout_10t_out.csv
NMG_Python_20_dt_5.50e-06_Nx_128_periodic_dtout_20_75pphi.csv
NMG_Python_20_dt_5.50e-06_Nx_128_periodic_dtout_20_75pphi.csv
Timepoint not recorded. dt_out:{dt_out} is bigger than timepoint requested: {timepoint}
spinodal_decomp_04_2025SAV_Python_2000_dt_5.50e-06_Nx_256_periodic_dtout_2000phi.csv
spinodal_decomp_04_2025SAV_Python_2000_dt_5.50e-06_Nx_256_periodic_dtout_2000phi.csv
Timepoint not recorded. dt_out:{dt_out} is bigger than timepoint requested: {timepoint}
SAV_Python_2000_dt_5.50e-06_Nx_64_neumann_dtout_10_75penergy.csv
NMG_Python_20_dt_5.50e-06_Nx_128_neumann_dtout_1_25pt_out.csv
SAV_Python_2000_dt_5.50e-06_Nx_512_neumann_dtout_10_75pphi.csv
SAV_Python_2000_dt_5.50e-06_Nx_512_neumann_dtout_10_75pphi.csv
Timepoint not recorded. dt_out:{dt_out} is bigger than timepoint requested: {timepoint}
SAV_Python_2000_dt_5.50e-06_Nx_128_periodic_dtout_2000_25pphi.csv
SAV_Python_2000_dt_5.50e-06_Nx_128_periodic_dtout_2000_25pphi.csv
Timepoint not recorded. dt_out:{dt_out} is bigger than timepoint requested: {timepoint}
spinodal_decomp_04_2025SAV_Python_2000_dt_5.50e-06_Nx_128_neumann_dtout_10mass.csv
NMG_Python_20_dt_5.50e-06_Nx_512_periodic_dtout_1_75presidual.csv
NMG_Python_20_dt_5.50e-06_Nx_256_neumann_dtout_1_25penergy.csv
NMG_Python_20_dt_5.50e-06_Nx_64_neumann_dtout_20_75pphi.csv
NMG_Python_20_dt_5.50e-06_Nx_64_neumann_dtout_20_75pphi.csv
Timepoint not recorded. dt_out:{dt_out} is bigger than timepoint requested: {timepoint}
SAV_Python_2000_dt_5.50e-06_Nx_256_neumann_dtout_10_75penergy.csv
spinodal_decomp_04_2025SAV_Python_2000_dt_5.50e-06_Nx_256_periodic_dtout_10phi.csv
spinodal_decomp_04_2025SAV_Python_2000_dt_5.50e-06_Nx_256_periodic_dtout_10phi.csv
Timepoint not recorded. dt_out:{dt_out} is bigger than timepoint requested: {timepoint}
spinodal_decomp_04_2025NMG_Python_20_dt_5.50e-06_Nx_64_periodic_dtout_2000residual.csv
NMG_Python_20_dt_5.50e-06_Nx_256_periodic_dtout_1phi.csv
NMG_Python_20_dt_5.50e-06_Nx_256_periodic_dtout_1phi.csv
Timepoint not recorded. dt_out:{dt_out} is bigger than timepoint requested: {timepoint}
SAV_Python_2000_dt_5.50e-06_Nx_64_periodic_dtout_2000_25pphi.csv
SAV_Python_2000_dt_5.50e-06_Nx_64_periodic_dtout_2000_25pphi.csv
Timepoint not recorded. dt_out:{dt_out} is bigger than timepoint requested: {timepoint}
SAV_Python_2000_dt_5.50e-06_Nx_128_periodic_dtout_10_25pt_out.csv
spinodal_decomp_04_2025NMG_Python_20_dt_5.50e-06_Nx_64_neumann_dtout_10mass.csv
NMG_Python_20_dt_5.50e-06_Nx_128_periodic_dtout_1t_out.csv
spinodal_decomp_04_2025NMG_Python_20_dt_5.50e-06_Nx_512_neumann_dtout_10mass.csv
NMG_Python_20_dt_5.50e-06_Nx_128_periodic_dtout_1_25pphi.csv
NMG_Python_20_dt_5.50e-06_Nx_128_periodic_dtout_1_25pphi.csv
Timepoint not recorded. dt_out:{dt_out} is bigger than timepoint requested: {timepoint}
NMG_Python_20_dt_5.50e-06_Nx_128_periodic_dtout_1_75penergy.csv
NMG_Python_20_dt_5.50e-06_Nx_64_periodic_dtout_1_25pt_out.csv
NMG_Python_20_dt_5.50e-06_Nx_64_periodic_dtout_1_75pmass.csv
NMG_Python_20_dt_5.50e-06_Nx_256_periodic_dtout_1mass.csv
spinodal_decomp_04_2025SAV_Python_2000_dt_5.50e-06_Nx_64_neumann_dtout_10mass.csv
spinodal_decomp_04_2025NMG_Python_200_dt_5.50e-06_Nx_512_periodic_dtout_200residual.csv
spinodal_decomp_04_2025SAV_Python_2000_dt_5.50e-06_Nx_512_periodic_dtout_10phi.csv
spinodal_decomp_04_2025SAV_Python_2000_dt_5.50e-06_Nx_512_periodic_dtout_10phi.csv
Timepoint not recorded. dt_out:{dt_out} is bigger than timepoint requested: {timepoint}
spinodal_decomp_04_2025NMG_Python_20_dt_5.50e-06_Nx_128_periodic_dtout_20phi.csv
spinodal_decomp_04_2025NMG_Python_20_dt_5.50e-06_Nx_128_periodic_dtout_20phi.csv
Timepoint not recorded. dt_out:{dt_out} is bigger than timepoint requested: {timepoint}
NMG_Python_20_dt_5.50e-06_Nx_64_periodic_dtout_20_75presidual.csv
NMG_Python_20_dt_5.50e-06_Nx_128_periodic_dtout_1_75pmass.csv
NMG_Python_20_dt_5.50e-06_Nx_64_periodic_dtout_1phi.csv
NMG_Python_20_dt_5.50e-06_Nx_64_periodic_dtout_1phi.csv
Timepoint not recorded. dt_out:{dt_out} is bigger than timepoint requested: {timepoint}
spinodal_decomp_04_2025SAV_Python_2000_dt_5.50e-06_Nx_64_neumann_dtout_10phi.csv
spinodal_decomp_04_2025SAV_Python_2000_dt_5.50e-06_Nx_64_neumann_dtout_10phi.csv
Timepoint not recorded. dt_out:{dt_out} is bigger than timepoint requested: {timepoint}
SAV_Python_2000_dt_5.50e-06_Nx_128_neumann_dtout_10_75pt_out.csv
NMG_Python_20_dt_5.50e-06_Nx_512_periodic_dtout_20_25presidual.csv
SAV_Python_2000_dt_5.50e-06_Nx_128_neumann_dtout_10_75penergy.csv
NMG_Python_20_dt_5.50e-06_Nx_256_periodic_dtout_20_25presidual.csv
SAV_Python_2000_dt_5.50e-06_Nx_128_neumann_dtout_10_75pmass.csv
spinodal_decomp_04_2025NMG_Python_20_dt_5.50e-06_Nx_512_neumann_dtout_10phi.csv
spinodal_decomp_04_2025NMG_Python_20_dt_5.50e-06_Nx_512_neumann_dtout_10phi.csv
Timepoint not recorded. dt_out:{dt_out} is bigger than timepoint requested: {timepoint}
NMG_Python_20_dt_5.50e-06_Nx_256_periodic_dtout_20phi.csv
NMG_Python_20_dt_5.50e-06_Nx_256_periodic_dtout_20phi.csv
Timepoint not recorded. dt_out:{dt_out} is bigger than timepoint requested: {timepoint}
spinodal_decomp_04_2025NMG_Python_200_dt_5.50e-06_Nx_256_periodic_dtout_200phi.csv
spinodal_decomp_04_2025NMG_Python_200_dt_5.50e-06_Nx_256_periodic_dtout_200phi.csv
Timepoint not recorded. dt_out:{dt_out} is bigger than timepoint requested: {timepoint}
SAV_Python_2000_dt_5.50e-06_Nx_512_neumann_dtout_10_75pt_out.csv
SAV_Python_2000_dt_5.50e-06_Nx_64_periodic_dtout_2000_75pphi.csv
SAV_Python_2000_dt_5.50e-06_Nx_64_periodic_dtout_2000_75pphi.csv
Timepoint not recorded. dt_out:{dt_out} is bigger than timepoint requested: {timepoint}
NMG_Python_20_dt_5.50e-06_Nx_128_periodic_dtout_20_25pphi.csv
NMG_Python_20_dt_5.50e-06_Nx_128_periodic_dtout_20_25pphi.csv
Timepoint not recorded. dt_out:{dt_out} is bigger than timepoint requested: {timepoint}
NMG_Python_20_dt_5.50e-06_Nx_64_neumann_dtout_20_25pphi.csv
NMG_Python_20_dt_5.50e-06_Nx_64_neumann_dtout_20_25pphi.csv
Timepoint not recorded. dt_out:{dt_out} is bigger than timepoint requested: {timepoint}
SAV_Python_2000_dt_5.50e-06_Nx_128_neumann_dtout_10_25pphi.csv
SAV_Python_2000_dt_5.50e-06_Nx_128_neumann_dtout_10_25pphi.csv
Timepoint not recorded. dt_out:{dt_out} is bigger than timepoint requested: {timepoint}
spinodal_decomp_04_2025SAV_Python_2000_dt_5.50e-06_Nx_64_neumann_dtout_10t_out.csv
NMG_Python_20_dt_5.50e-06_Nx_512_periodic_dtout_1t_out.csv
spinodal_decomp_04_2025NMG_Python_20_dt_5.50e-06_Nx_512_periodic_dtout_20residual.csv
NMG_Python_20_dt_5.50e-06_Nx_512_neumann_dtout_1_75pt_out.csv
spinodal_decomp_04_2025NMG_Python_20_dt_5.50e-06_Nx_128_periodic_dtout_20residual.csv
spinodal_decomp_04_2025SAV_Python_2000_dt_5.50e-06_Nx_512_neumann_dtout_10energy.csv
SAV_Python_2000_dt_5.50e-06_Nx_256_periodic_dtout_10_75penergy.csv
SAV_Python_2000_dt_5.50e-06_Nx_256_periodic_dtout_2000_25pphi.csv
SAV_Python_2000_dt_5.50e-06_Nx_256_periodic_dtout_2000_25pphi.csv
Timepoint not recorded. dt_out:{dt_out} is bigger than timepoint requested: {timepoint}
spinodal_decomp_04_2025NMG_Python_20_dt_5.50e-06_Nx_512_neumann_dtout_2000residual.csv
SAV_Python_2000_dt_5.50e-06_Nx_64_periodic_dtout_10_75pmass.csv
SAV_Python_2000_dt_5.50e-06_Nx_512_periodic_dtout_10_25pt_out.csv
NMG_Python_20_dt_5.50e-06_Nx_128_neumann_dtout_1_75pt_out.csv
NMG_Python_20_dt_5.50e-06_Nx_128_neumann_dtout_1_25penergy.csv
NMG_Python_20_dt_5.50e-06_Nx_64_periodic_dtout_1_25presidual.csv
NMG_Python_20_dt_5.50e-06_Nx_256_periodic_dtout_1energy.csv
NMG_Python_20_dt_5.50e-06_Nx_512_neumann_dtout_1_25presidual.csv
SAV_Python_2000_dt_5.50e-06_Nx_512_periodic_dtout_10_75pt_out.csv
SAV_Python_2000_dt_5.50e-06_Nx_64_neumann_dtout_10_25penergy.csv
spinodal_decomp_04_2025NMG_Python_20_dt_5.50e-06_Nx_128_neumann_dtout_10phi.csv
spinodal_decomp_04_2025NMG_Python_20_dt_5.50e-06_Nx_128_neumann_dtout_10phi.csv
Timepoint not recorded. dt_out:{dt_out} is bigger than timepoint requested: {timepoint}
NMG_Python_20_dt_5.50e-06_Nx_256_periodic_dtout_1_75pphi.csv
NMG_Python_20_dt_5.50e-06_Nx_256_periodic_dtout_1_75pphi.csv
Timepoint not recorded. dt_out:{dt_out} is bigger than timepoint requested: {timepoint}
spinodal_decomp_04_2025SAV_Python_2000_dt_5.50e-06_Nx_256_neumann_dtout_10energy.csv
SAV_Python_2000_dt_5.50e-06_Nx_256_neumann_dtout_10_25penergy.csv
spinodal_decomp_04_2025NMG_Python_20_dt_5.50e-06_Nx_256_neumann_dtout_2000phi.csv
spinodal_decomp_04_2025NMG_Python_20_dt_5.50e-06_Nx_256_neumann_dtout_2000phi.csv
Timepoint not recorded. dt_out:{dt_out} is bigger than timepoint requested: {timepoint}
NMG_Python_20_dt_5.50e-06_Nx_512_neumann_dtout_1_75pmass.csv
SAV_Python_2000_dt_5.50e-06_Nx_64_neumann_dtout_10_75pmass.csv
NMG_Python_20_dt_5.50e-06_Nx_512_neumann_dtout_20_25pphi.csv
NMG_Python_20_dt_5.50e-06_Nx_512_neumann_dtout_20_25pphi.csv
Timepoint not recorded. dt_out:{dt_out} is bigger than timepoint requested: {timepoint}
NMG_Python_20_dt_5.50e-06_Nx_256_periodic_dtout_20_75pphi.csv
NMG_Python_20_dt_5.50e-06_Nx_256_periodic_dtout_20_75pphi.csv
Timepoint not recorded. dt_out:{dt_out} is bigger than timepoint requested: {timepoint}
NMG_Python_20_dt_5.50e-06_Nx_512_periodic_dtout_1residual.csv
NMG_Python_20_dt_5.50e-06_Nx_128_neumann_dtout_20_75presidual.csv
SAV_Python_2000_dt_5.50e-06_Nx_128_neumann_dtout_10_25pmass.csv
spinodal_decomp_04_2025NMG_Python_20_dt_5.50e-06_Nx_128_neumann_dtout_10t_out.csv
spinodal_decomp_04_2025NMG_Python_20_dt_5.50e-06_Nx_256_neumann_dtout_10residual.csv
spinodal_decomp_04_2025NMG_Python_20_dt_5.50e-06_Nx_512_periodic_dtout_2000phi.csv
spinodal_decomp_04_2025NMG_Python_20_dt_5.50e-06_Nx_512_periodic_dtout_2000phi.csv
Timepoint not recorded. dt_out:{dt_out} is bigger than timepoint requested: {timepoint}
spinodal_decomp_04_2025NMG_Python_20_dt_5.50e-06_Nx_64_neumann_dtout_2000phi.csv
spinodal_decomp_04_2025NMG_Python_20_dt_5.50e-06_Nx_64_neumann_dtout_2000phi.csv
Timepoint not recorded. dt_out:{dt_out} is bigger than timepoint requested: {timepoint}
spinodal_decomp_04_2025NMG_Python_20_dt_5.50e-06_Nx_256_neumann_dtout_10mass.csv
spinodal_decomp_04_2025NMG_Python_20_dt_5.50e-06_Nx_128_periodic_dtout_2000residual.csv
NMG_Python_20_dt_5.50e-06_Nx_512_periodic_dtout_20_75presidual.csv
SAV_Python_2000_dt_5.50e-06_Nx_64_neumann_dtout_10_25pt_out.csv
spinodal_decomp_04_2025SAV_Python_2000_dt_5.50e-06_Nx_64_neumann_dtout_2000phi.csv
spinodal_decomp_04_2025SAV_Python_2000_dt_5.50e-06_Nx_64_neumann_dtout_2000phi.csv
Timepoint not recorded. dt_out:{dt_out} is bigger than timepoint requested: {timepoint}
spinodal_decomp_04_2025NMG_Python_200_dt_5.50e-06_Nx_64_periodic_dtout_200residual.csv
spinodal_decomp_04_2025SAV_Python_2000_dt_5.50e-06_Nx_512_periodic_dtout_2000phi.csv
spinodal_decomp_04_2025SAV_Python_2000_dt_5.50e-06_Nx_512_periodic_dtout_2000phi.csv
Timepoint not recorded. dt_out:{dt_out} is bigger than timepoint requested: {timepoint}
SAV_Python_2000_dt_5.50e-06_Nx_256_neumann_dtout_10_25pmass.csv
spinodal_decomp_04_2025SAV_Python_2000_dt_5.50e-06_Nx_512_neumann_dtout_10phi.csv
spinodal_decomp_04_2025SAV_Python_2000_dt_5.50e-06_Nx_512_neumann_dtout_10phi.csv
Timepoint not recorded. dt_out:{dt_out} is bigger than timepoint requested: {timepoint}
NMG_Python_20_dt_5.50e-06_Nx_128_neumann_dtout_20_25presidual.csv
SAV_Python_2000_dt_5.50e-06_Nx_256_neumann_dtout_10_75pmass.csv
SAV_Python_2000_dt_5.50e-06_Nx_512_periodic_dtout_10_25penergy.csv
NMG_Python_20_dt_5.50e-06_Nx_512_neumann_dtout_1_75presidual.csv
SAV_Python_2000_dt_5.50e-06_Nx_512_neumann_dtout_10_25penergy.csv
NMG_Python_20_dt_5.50e-06_Nx_64_neumann_dtout_1_75penergy.csv
SAV_Python_2000_dt_5.50e-06_Nx_64_neumann_dtout_2000_75pphi.csv
SAV_Python_2000_dt_5.50e-06_Nx_64_neumann_dtout_2000_75pphi.csv
Timepoint not recorded. dt_out:{dt_out} is bigger than timepoint requested: {timepoint}
spinodal_decomp_04_2025SAV_Python_2000_dt_5.50e-06_Nx_128_periodic_dtout_10t_out.csv
SAV_Python_2000_dt_5.50e-06_Nx_256_periodic_dtout_10_25pphi.csv
SAV_Python_2000_dt_5.50e-06_Nx_256_periodic_dtout_10_25pphi.csv
Timepoint not recorded. dt_out:{dt_out} is bigger than timepoint requested: {timepoint}
spinodal_decomp_04_2025SAV_Python_2000_dt_5.50e-06_Nx_128_neumann_dtout_10energy.csv
NMG_Python_20_dt_5.50e-06_Nx_64_periodic_dtout_1_75pphi.csv
NMG_Python_20_dt_5.50e-06_Nx_64_periodic_dtout_1_75pphi.csv
Timepoint not recorded. dt_out:{dt_out} is bigger than timepoint requested: {timepoint}
spinodal_decomp_04_2025NMG_Python_20_dt_5.50e-06_Nx_512_neumann_dtout_10energy.csv
spinodal_decomp_04_2025NMG_Python_200_dt_5.50e-06_Nx_512_neumann_dtout_200phi.csv
spinodal_decomp_04_2025NMG_Python_200_dt_5.50e-06_Nx_512_neumann_dtout_200phi.csv
Timepoint not recorded. dt_out:{dt_out} is bigger than timepoint requested: {timepoint}
NMG_Python_20_dt_5.50e-06_Nx_128_neumann_dtout_1_25pphi.csv
NMG_Python_20_dt_5.50e-06_Nx_128_neumann_dtout_1_25pphi.csv
Timepoint not recorded. dt_out:{dt_out} is bigger than timepoint requested: {timepoint}
spinodal_decomp_04_2025SAV_Python_2000_dt_5.50e-06_Nx_128_neumann_dtout_2000phi.csv
spinodal_decomp_04_2025SAV_Python_2000_dt_5.50e-06_Nx_128_neumann_dtout_2000phi.csv
Timepoint not recorded. dt_out:{dt_out} is bigger than timepoint requested: {timepoint}
SAV_Python_2000_dt_5.50e-06_Nx_128_periodic_dtout_10_75pt_out.csv
NMG_Python_20_dt_5.50e-06_Nx_256_neumann_dtout_1_75pphi.csv
NMG_Python_20_dt_5.50e-06_Nx_256_neumann_dtout_1_75pphi.csv
Timepoint not recorded. dt_out:{dt_out} is bigger than timepoint requested: {timepoint}
NMG_Python_20_dt_5.50e-06_Nx_256_neumann_dtout_1_25pphi.csv
NMG_Python_20_dt_5.50e-06_Nx_256_neumann_dtout_1_25pphi.csv
Timepoint not recorded. dt_out:{dt_out} is bigger than timepoint requested: {timepoint}
spinodal_decomp_04_2025NMG_Python_20_dt_5.50e-06_Nx_64_neumann_dtout_2000residual.csv
spinodal_decomp_04_2025SAV_Python_2000_dt_5.50e-06_Nx_64_periodic_dtout_10energy.csv
spinodal_decomp_04_2025NMG_Python_20_dt_5.50e-06_Nx_256_periodic_dtout_20phi.csv
spinodal_decomp_04_2025NMG_Python_20_dt_5.50e-06_Nx_256_periodic_dtout_20phi.csv
Timepoint not recorded. dt_out:{dt_out} is bigger than timepoint requested: {timepoint}
spinodal_decomp_04_2025NMG_Python_20_dt_5.50e-06_Nx_256_periodic_dtout_20residual.csv
spinodal_decomp_04_2025NMG_Python_20_dt_5.50e-06_Nx_256_neumann_dtout_20phi.csv
spinodal_decomp_04_2025NMG_Python_20_dt_5.50e-06_Nx_256_neumann_dtout_20phi.csv
Timepoint not recorded. dt_out:{dt_out} is bigger than timepoint requested: {timepoint}
NMG_Python_20_dt_5.50e-06_Nx_256_neumann_dtout_1_75presidual.csv
SAV_Python_2000_dt_5.50e-06_Nx_64_neumann_dtout_2000_25pphi.csv
SAV_Python_2000_dt_5.50e-06_Nx_64_neumann_dtout_2000_25pphi.csv
Timepoint not recorded. dt_out:{dt_out} is bigger than timepoint requested: {timepoint}
spinodal_decomp_04_2025SAV_Python_2000_dt_5.50e-06_Nx_64_periodic_dtout_10mass.csv
NMG_Python_20_dt_5.50e-06_Nx_256_periodic_dtout_20residual.csv
SAV_Python_2000_dt_5.50e-06_Nx_128_neumann_dtout_2000_75pphi.csv
SAV_Python_2000_dt_5.50e-06_Nx_128_neumann_dtout_2000_75pphi.csv
Timepoint not recorded. dt_out:{dt_out} is bigger than timepoint requested: {timepoint}
spinodal_decomp_04_2025SAV_Python_2000_dt_5.50e-06_Nx_256_periodic_dtout_10energy.csv
spinodal_decomp_04_2025NMG_Python_20_dt_5.50e-06_Nx_512_periodic_dtout_10phi.csv
spinodal_decomp_04_2025NMG_Python_20_dt_5.50e-06_Nx_512_periodic_dtout_10phi.csv
Timepoint not recorded. dt_out:{dt_out} is bigger than timepoint requested: {timepoint}
NMG_Python_20_dt_5.50e-06_Nx_128_periodic_dtout_1mass.csv
SAV_Python_2000_dt_5.50e-06_Nx_64_periodic_dtout_10_25pphi.csv
SAV_Python_2000_dt_5.50e-06_Nx_64_periodic_dtout_10_25pphi.csv
Timepoint not recorded. dt_out:{dt_out} is bigger than timepoint requested: {timepoint}
NMG_Python_20_dt_5.50e-06_Nx_128_neumann_dtout_20_25pphi.csv
NMG_Python_20_dt_5.50e-06_Nx_128_neumann_dtout_20_25pphi.csv
Timepoint not recorded. dt_out:{dt_out} is bigger than timepoint requested: {timepoint}
NMG_Python_20_dt_5.50e-06_Nx_128_periodic_dtout_1_75pphi.csv
NMG_Python_20_dt_5.50e-06_Nx_128_periodic_dtout_1_75pphi.csv
Timepoint not recorded. dt_out:{dt_out} is bigger than timepoint requested: {timepoint}
NMG_Python_20_dt_5.50e-06_Nx_128_neumann_dtout_1_25presidual.csv
NMG_Python_20_dt_5.50e-06_Nx_256_periodic_dtout_1_25presidual.csv
NMG_Python_20_dt_5.50e-06_Nx_512_periodic_dtout_20residual.csv
spinodal_decomp_04_2025SAV_Python_2000_dt_5.50e-06_Nx_512_periodic_dtout_10energy.csv
spinodal_decomp_04_2025NMG_Python_20_dt_5.50e-06_Nx_256_periodic_dtout_2000residual.csv
spinodal_decomp_04_2025SAV_Python_2000_dt_5.50e-06_Nx_64_periodic_dtout_2000phi.csv
spinodal_decomp_04_2025SAV_Python_2000_dt_5.50e-06_Nx_64_periodic_dtout_2000phi.csv
Timepoint not recorded. dt_out:{dt_out} is bigger than timepoint requested: {timepoint}
NMG_Python_20_dt_5.50e-06_Nx_128_periodic_dtout_1_25pt_out.csv
SAV_Python_2000_dt_5.50e-06_Nx_128_periodic_dtout_10_25pphi.csv
SAV_Python_2000_dt_5.50e-06_Nx_128_periodic_dtout_10_25pphi.csv
Timepoint not recorded. dt_out:{dt_out} is bigger than timepoint requested: {timepoint}
NMG_Python_20_dt_5.50e-06_Nx_128_neumann_dtout_1_25pmass.csv
spinodal_decomp_04_2025NMG_Python_200_dt_5.50e-06_Nx_128_periodic_dtout_200phi.csv
spinodal_decomp_04_2025NMG_Python_200_dt_5.50e-06_Nx_128_periodic_dtout_200phi.csv
Timepoint not recorded. dt_out:{dt_out} is bigger than timepoint requested: {timepoint}
SAV_Python_2000_dt_5.50e-06_Nx_256_periodic_dtout_10_25pmass.csv
SAV_Python_2000_dt_5.50e-06_Nx_256_periodic_dtout_10_25pt_out.csv
NMG_Python_20_dt_5.50e-06_Nx_512_periodic_dtout_1_25pt_out.csv
SAV_Python_2000_dt_5.50e-06_Nx_256_periodic_dtout_10_25penergy.csv
NMG_Python_20_dt_5.50e-06_Nx_64_neumann_dtout_1_25pt_out.csv
NMG_Python_20_dt_5.50e-06_Nx_64_periodic_dtout_20_25pphi.csv
NMG_Python_20_dt_5.50e-06_Nx_64_periodic_dtout_20_25pphi.csv
Timepoint not recorded. dt_out:{dt_out} is bigger than timepoint requested: {timepoint}
SAV_Python_2000_dt_5.50e-06_Nx_512_neumann_dtout_2000_75pphi.csv
SAV_Python_2000_dt_5.50e-06_Nx_512_neumann_dtout_2000_75pphi.csv
Timepoint not recorded. dt_out:{dt_out} is bigger than timepoint requested: {timepoint}
NMG_Python_20_dt_5.50e-06_Nx_128_periodic_dtout_1energy.csv
NMG_Python_20_dt_5.50e-06_Nx_64_periodic_dtout_1_25pmass.csv
SAV_Python_2000_dt_5.50e-06_Nx_256_neumann_dtout_10_25pphi.csv
SAV_Python_2000_dt_5.50e-06_Nx_256_neumann_dtout_10_25pphi.csv
Timepoint not recorded. dt_out:{dt_out} is bigger than timepoint requested: {timepoint}
spinodal_decomp_04_2025NMG_Python_20_dt_5.50e-06_Nx_64_neumann_dtout_10t_out.csv
spinodal_decomp_04_2025NMG_Python_20_dt_5.50e-06_Nx_256_neumann_dtout_10energy.csv
NMG_Python_20_dt_5.50e-06_Nx_256_neumann_dtout_1_25presidual.csv
SAV_Python_2000_dt_5.50e-06_Nx_512_neumann_dtout_10_75penergy.csv
NMG_Python_20_dt_5.50e-06_Nx_64_periodic_dtout_1_25pphi.csv
NMG_Python_20_dt_5.50e-06_Nx_64_periodic_dtout_1_25pphi.csv
Timepoint not recorded. dt_out:{dt_out} is bigger than timepoint requested: {timepoint}
SAV_Python_2000_dt_5.50e-06_Nx_128_neumann_dtout_10_75pphi.csv
SAV_Python_2000_dt_5.50e-06_Nx_128_neumann_dtout_10_75pphi.csv
Timepoint not recorded. dt_out:{dt_out} is bigger than timepoint requested: {timepoint}
NMG_Python_20_dt_5.50e-06_Nx_512_neumann_dtout_1_25pmass.csv
NMG_Python_20_dt_5.50e-06_Nx_256_neumann_dtout_20_75pphi.csv
NMG_Python_20_dt_5.50e-06_Nx_256_neumann_dtout_20_75pphi.csv
Timepoint not recorded. dt_out:{dt_out} is bigger than timepoint requested: {timepoint}
NMG_Python_20_dt_5.50e-06_Nx_256_periodic_dtout_1_75presidual.csv
NMG_Python_20_dt_5.50e-06_Nx_256_periodic_dtout_1_25pphi.csv
NMG_Python_20_dt_5.50e-06_Nx_256_periodic_dtout_1_25pphi.csv
Timepoint not recorded. dt_out:{dt_out} is bigger than timepoint requested: {timepoint}
spinodal_decomp_04_2025NMG_Python_20_dt_5.50e-06_Nx_64_periodic_dtout_10residual.csv
spinodal_decomp_04_2025SAV_Python_2000_dt_5.50e-06_Nx_256_neumann_dtout_10mass.csv
SAV_Python_2000_dt_5.50e-06_Nx_512_periodic_dtout_10_25pphi.csv
SAV_Python_2000_dt_5.50e-06_Nx_512_periodic_dtout_10_25pphi.csv
Timepoint not recorded. dt_out:{dt_out} is bigger than timepoint requested: {timepoint}
NMG_Python_20_dt_5.50e-06_Nx_128_periodic_dtout_20_75presidual.csv
NMG_Python_20_dt_5.50e-06_Nx_512_neumann_dtout_20_75presidual.csv
spinodal_decomp_04_2025NMG_Python_20_dt_5.50e-06_Nx_512_periodic_dtout_2000residual.csv
spinodal_decomp_04_2025NMG_Python_20_dt_5.50e-06_Nx_64_neumann_dtout_10phi.csv
spinodal_decomp_04_2025NMG_Python_20_dt_5.50e-06_Nx_64_neumann_dtout_10phi.csv
Timepoint not recorded. dt_out:{dt_out} is bigger than timepoint requested: {timepoint}
NMG_Python_20_dt_5.50e-06_Nx_64_periodic_dtout_1residual.csv
spinodal_decomp_04_2025NMG_Python_20_dt_5.50e-06_Nx_128_neumann_dtout_2000residual.csv
spinodal_decomp_04_2025SAV_Python_2000_dt_5.50e-06_Nx_256_periodic_dtout_10mass.csv
spinodal_decomp_04_2025SAV_Python_2000_dt_5.50e-06_Nx_256_neumann_dtout_10t_out.csv
NMG_Python_20_dt_5.50e-06_Nx_128_neumann_dtout_20_75pphi.csv
NMG_Python_20_dt_5.50e-06_Nx_128_neumann_dtout_20_75pphi.csv
Timepoint not recorded. dt_out:{dt_out} is bigger than timepoint requested: {timepoint}
NMG_Python_20_dt_5.50e-06_Nx_128_periodic_dtout_20_25presidual.csv
spinodal_decomp_04_2025NMG_Python_20_dt_5.50e-06_Nx_128_neumann_dtout_2000phi.csv
spinodal_decomp_04_2025NMG_Python_20_dt_5.50e-06_Nx_128_neumann_dtout_2000phi.csv
Timepoint not recorded. dt_out:{dt_out} is bigger than timepoint requested: {timepoint}
spinodal_decomp_04_2025NMG_Python_200_dt_5.50e-06_Nx_128_neumann_dtout_200phi.csv
spinodal_decomp_04_2025NMG_Python_200_dt_5.50e-06_Nx_128_neumann_dtout_200phi.csv
Timepoint not recorded. dt_out:{dt_out} is bigger than timepoint requested: {timepoint}
SAV_Python_2000_dt_5.50e-06_Nx_128_periodic_dtout_10_25pmass.csv
NMG_Python_20_dt_5.50e-06_Nx_512_periodic_dtout_1_75pt_out.csv
NMG_Python_20_dt_5.50e-06_Nx_256_periodic_dtout_1_75pmass.csv
NMG_Python_20_dt_5.50e-06_Nx_512_periodic_dtout_1_25pphi.csv
NMG_Python_20_dt_5.50e-06_Nx_512_periodic_dtout_1_25pphi.csv
Timepoint not recorded. dt_out:{dt_out} is bigger than timepoint requested: {timepoint}
NMG_Python_20_dt_5.50e-06_Nx_128_periodic_dtout_1residual.csv
SAV_Python_2000_dt_5.50e-06_Nx_64_periodic_dtout_10_25penergy.csv
spinodal_decomp_04_2025NMG_Python_20_dt_5.50e-06_Nx_64_periodic_dtout_20phi.csv
spinodal_decomp_04_2025NMG_Python_20_dt_5.50e-06_Nx_64_periodic_dtout_20phi.csv
Timepoint not recorded. dt_out:{dt_out} is bigger than timepoint requested: {timepoint}
spinodal_decomp_04_2025NMG_Python_200_dt_5.50e-06_Nx_512_periodic_dtout_200phi.csv
spinodal_decomp_04_2025NMG_Python_200_dt_5.50e-06_Nx_512_periodic_dtout_200phi.csv
Timepoint not recorded. dt_out:{dt_out} is bigger than timepoint requested: {timepoint}
NMG_Python_20_dt_5.50e-06_Nx_256_periodic_dtout_1_25pmass.csv
spinodal_decomp_04_2025SAV_Python_2000_dt_5.50e-06_Nx_256_neumann_dtout_10phi.csv
spinodal_decomp_04_2025SAV_Python_2000_dt_5.50e-06_Nx_256_neumann_dtout_10phi.csv
Timepoint not recorded. dt_out:{dt_out} is bigger than timepoint requested: {timepoint}
SAV_Python_2000_dt_5.50e-06_Nx_64_periodic_dtout_10_75pphi.csv
SAV_Python_2000_dt_5.50e-06_Nx_64_periodic_dtout_10_75pphi.csv
Timepoint not recorded. dt_out:{dt_out} is bigger than timepoint requested: {timepoint}
SAV_Python_2000_dt_5.50e-06_Nx_256_neumann_dtout_2000_25pphi.csv
SAV_Python_2000_dt_5.50e-06_Nx_256_neumann_dtout_2000_25pphi.csv
Timepoint not recorded. dt_out:{dt_out} is bigger than timepoint requested: {timepoint}
spinodal_decomp_04_2025NMG_Python_20_dt_5.50e-06_Nx_256_neumann_dtout_2000residual.csv
spinodal_decomp_04_2025NMG_Python_20_dt_5.50e-06_Nx_256_periodic_dtout_10residual.csv
NMG_Python_20_dt_5.50e-06_Nx_64_neumann_dtout_20_25presidual.csv
SAV_Python_2000_dt_5.50e-06_Nx_256_neumann_dtout_10_25pt_out.csv
NMG_Python_20_dt_5.50e-06_Nx_256_neumann_dtout_20_75presidual.csv
spinodal_decomp_04_2025NMG_Python_20_dt_5.50e-06_Nx_512_neumann_dtout_2000phi.csv
spinodal_decomp_04_2025NMG_Python_20_dt_5.50e-06_Nx_512_neumann_dtout_2000phi.csv
Timepoint not recorded. dt_out:{dt_out} is bigger than timepoint requested: {timepoint}
NMG_Python_20_dt_5.50e-06_Nx_256_neumann_dtout_1_75pt_out.csv
NMG_Python_20_dt_5.50e-06_Nx_64_neumann_dtout_20_75presidual.csv
SAV_Python_2000_dt_5.50e-06_Nx_64_periodic_dtout_10_75pt_out.csv
spinodal_decomp_04_2025SAV_Python_2000_dt_5.50e-06_Nx_128_periodic_dtout_2000phi.csv
spinodal_decomp_04_2025SAV_Python_2000_dt_5.50e-06_Nx_128_periodic_dtout_2000phi.csv
Timepoint not recorded. dt_out:{dt_out} is bigger than timepoint requested: {timepoint}
NMG_Python_20_dt_5.50e-06_Nx_64_periodic_dtout_20_75pphi.csv
NMG_Python_20_dt_5.50e-06_Nx_64_periodic_dtout_20_75pphi.csv
Timepoint not recorded. dt_out:{dt_out} is bigger than timepoint requested: {timepoint}
spinodal_decomp_04_2025NMG_Python_20_dt_5.50e-06_Nx_256_periodic_dtout_10phi.csv
spinodal_decomp_04_2025NMG_Python_20_dt_5.50e-06_Nx_256_periodic_dtout_10phi.csv
Timepoint not recorded. dt_out:{dt_out} is bigger than timepoint requested: {timepoint}
spinodal_decomp_04_2025NMG_Python_2000_dt_5.50e-06_Nx_64_periodic_dtout_10phi.csv
spinodal_decomp_04_2025NMG_Python_2000_dt_5.50e-06_Nx_64_periodic_dtout_10phi.csv
Timepoint not recorded. dt_out:{dt_out} is bigger than timepoint requested: {timepoint}
NMG_Python_20_dt_5.50e-06_Nx_256_periodic_dtout_1_25penergy.csv
NMG_Python_20_dt_5.50e-06_Nx_512_periodic_dtout_1_25presidual.csv
NMG_Python_20_dt_5.50e-06_Nx_64_periodic_dtout_20residual.csv
SAV_Python_2000_dt_5.50e-06_Nx_64_periodic_dtout_10_25pt_out.csv
spinodal_decomp_04_2025NMG_Python_20_dt_5.50e-06_Nx_256_neumann_dtout_10t_out.csv
SAV_Python_2000_dt_5.50e-06_Nx_256_periodic_dtout_10_75pphi.csv
SAV_Python_2000_dt_5.50e-06_Nx_256_periodic_dtout_10_75pphi.csv
Timepoint not recorded. dt_out:{dt_out} is bigger than timepoint requested: {timepoint}
NMG_Python_20_dt_5.50e-06_Nx_64_periodic_dtout_1_75presidual.csv
SAV_Python_2000_dt_5.50e-06_Nx_128_neumann_dtout_10_25penergy.csv
spinodal_decomp_04_2025NMG_Python_2000_dt_5.50e-06_Nx_64_periodic_dtout_10residual.csv
SAV_Python_2000_dt_5.50e-06_Nx_512_periodic_dtout_10_75pmass.csv
SAV_Python_2000_dt_5.50e-06_Nx_512_periodic_dtout_10_75penergy.csv
NMG_Python_20_dt_5.50e-06_Nx_512_neumann_dtout_20_75pphi.csv
NMG_Python_20_dt_5.50e-06_Nx_512_neumann_dtout_20_75pphi.csv
Timepoint not recorded. dt_out:{dt_out} is bigger than timepoint requested: {timepoint}
spinodal_decomp_04_2025SAV_Python_2000_dt_5.50e-06_Nx_64_neumann_dtout_10energy.csv
spinodal_decomp_04_2025NMG_Python_20_dt_5.50e-06_Nx_128_neumann_dtout_10energy.csv
spinodal_decomp_04_2025NMG_Python_200_dt_5.50e-06_Nx_64_neumann_dtout_200phi.csv
spinodal_decomp_04_2025NMG_Python_200_dt_5.50e-06_Nx_64_neumann_dtout_200phi.csv
Timepoint not recorded. dt_out:{dt_out} is bigger than timepoint requested: {timepoint}
NMG_Python_20_dt_5.50e-06_Nx_512_neumann_dtout_1_75pphi.csv
NMG_Python_20_dt_5.50e-06_Nx_512_neumann_dtout_1_75pphi.csv
Timepoint not recorded. dt_out:{dt_out} is bigger than timepoint requested: {timepoint}
spinodal_decomp_04_2025NMG_Python_20_dt_5.50e-06_Nx_64_periodic_dtout_10phi.csv
spinodal_decomp_04_2025NMG_Python_20_dt_5.50e-06_Nx_64_periodic_dtout_10phi.csv
Timepoint not recorded. dt_out:{dt_out} is bigger than timepoint requested: {timepoint}
NMG_Python_20_dt_5.50e-06_Nx_512_periodic_dtout_20_75pphi.csv
NMG_Python_20_dt_5.50e-06_Nx_512_periodic_dtout_20_75pphi.csv
Timepoint not recorded. dt_out:{dt_out} is bigger than timepoint requested: {timepoint}
spinodal_decomp_04_2025NMG_Python_200_dt_5.50e-06_Nx_256_neumann_dtout_200phi.csv
spinodal_decomp_04_2025NMG_Python_200_dt_5.50e-06_Nx_256_neumann_dtout_200phi.csv
Timepoint not recorded. dt_out:{dt_out} is bigger than timepoint requested: {timepoint}
SAV_Python_2000_dt_5.50e-06_Nx_128_periodic_dtout_10_75pphi.csv
SAV_Python_2000_dt_5.50e-06_Nx_128_periodic_dtout_10_75pphi.csv
Timepoint not recorded. dt_out:{dt_out} is bigger than timepoint requested: {timepoint}
SAV_Python_2000_dt_5.50e-06_Nx_256_periodic_dtout_2000_75pphi.csv
SAV_Python_2000_dt_5.50e-06_Nx_256_periodic_dtout_2000_75pphi.csv
Timepoint not recorded. dt_out:{dt_out} is bigger than timepoint requested: {timepoint}
NMG_Python_20_dt_5.50e-06_Nx_512_periodic_dtout_1_25penergy.csv
NMG_Python_20_dt_5.50e-06_Nx_512_neumann_dtout_1_25pt_out.csv
SAV_Python_2000_dt_5.50e-06_Nx_64_periodic_dtout_10_25pmass.csv
NMG_Python_20_dt_5.50e-06_Nx_512_periodic_dtout_1energy.csv
spinodal_decomp_04_2025NMG_Python_20_dt_5.50e-06_Nx_128_periodic_dtout_10residual.csv
NMG_Python_20_dt_5.50e-06_Nx_64_periodic_dtout_1t_out.csv
SAV_Python_2000_dt_5.50e-06_Nx_128_periodic_dtout_10_75pmass.csv
NMG_Python_20_dt_5.50e-06_Nx_128_periodic_dtout_1_25pmass.csv
NMG_Python_20_dt_5.50e-06_Nx_64_periodic_dtout_1mass.csv
NMG_Python_20_dt_5.50e-06_Nx_256_neumann_dtout_1_75penergy.csv
SAV_Python_2000_dt_5.50e-06_Nx_128_neumann_dtout_2000_25pphi.csv
SAV_Python_2000_dt_5.50e-06_Nx_128_neumann_dtout_2000_25pphi.csv
Timepoint not recorded. dt_out:{dt_out} is bigger than timepoint requested: {timepoint}
NMG_Python_20_dt_5.50e-06_Nx_64_periodic_dtout_1_75pt_out.csv
SAV_Python_2000_dt_5.50e-06_Nx_512_neumann_dtout_10_75pmass.csv
SAV_Python_2000_dt_5.50e-06_Nx_128_periodic_dtout_10_75penergy.csv
NMG_Python_20_dt_5.50e-06_Nx_128_neumann_dtout_1_75penergy.csv
SAV_Python_2000_dt_5.50e-06_Nx_256_periodic_dtout_10_75pt_out.csv
spinodal_decomp_04_2025SAV_Python_2000_dt_5.50e-06_Nx_128_periodic_dtout_10phi.csv
spinodal_decomp_04_2025SAV_Python_2000_dt_5.50e-06_Nx_128_periodic_dtout_10phi.csv
Timepoint not recorded. dt_out:{dt_out} is bigger than timepoint requested: {timepoint}
NMG_Python_20_dt_5.50e-06_Nx_512_periodic_dtout_20_25pphi.csv
NMG_Python_20_dt_5.50e-06_Nx_512_periodic_dtout_20_25pphi.csv
Timepoint not recorded. dt_out:{dt_out} is bigger than timepoint requested: {timepoint}
SAV_Python_2000_dt_5.50e-06_Nx_512_neumann_dtout_10_25pphi.csv
SAV_Python_2000_dt_5.50e-06_Nx_512_neumann_dtout_10_25pphi.csv
Timepoint not recorded. dt_out:{dt_out} is bigger than timepoint requested: {timepoint}
NMG_Python_20_dt_5.50e-06_Nx_64_periodic_dtout_1_75penergy.csv
NMG_Python_20_dt_5.50e-06_Nx_128_neumann_dtout_1_75presidual.csv
NMG_Python_20_dt_5.50e-06_Nx_128_periodic_dtout_1_25penergy.csv
SAV_Python_2000_dt_5.50e-06_Nx_64_neumann_dtout_10_25pmass.csv
spinodal_decomp_04_2025NMG_Python_200_dt_5.50e-06_Nx_256_periodic_dtout_200residual.csv
NMG_Python_20_dt_5.50e-06_Nx_512_periodic_dtout_1_25pmass.csv
NMG_Python_20_dt_5.50e-06_Nx_128_periodic_dtout_20residual.csv
spinodal_decomp_04_2025SAV_Python_2000_dt_5.50e-06_Nx_64_periodic_dtout_10phi.csv
spinodal_decomp_04_2025SAV_Python_2000_dt_5.50e-06_Nx_64_periodic_dtout_10phi.csv
Timepoint not recorded. dt_out:{dt_out} is bigger than timepoint requested: {timepoint}
spinodal_decomp_04_2025NMG_Python_200_dt_5.50e-06_Nx_128_periodic_dtout_200residual.csv
Timepoint 20
Job_specs.csv
SAV_MATLAB_2000_dt_5.50e-06_Nx_128_neumann_n_relax_4_75p_t_out.csv
SAV_MATLAB_2000_dt_5.50e-06_Nx_512_periodic_n_relax_4_movie.avi
NMG_MATLAB_2000_dt_5.50e-06_Nx_512_periodic_n_relax_4_25p_energy.csv
SAV_MATLAB_2000_dt_5.50e-06_Nx_512_neumann_n_relax_4_movie.avi
NMG_MATLAB_2000_dt_5.50e-06_Nx_64_neumann_n_relax_4_t_out.csv
NMG_MATLAB_2000_dt_5.50e-06_Nx_64_periodic_n_relax_4_75p_t_out.csv
NMG_MATLAB_2000_dt_5.50e-06_Nx_128_neumann_n_relax_4_75p_energy.csv
SAV_MATLAB_2000_dt_5.50e-06_Nx_64_neumann_n_relax_4_movie.avi
SAV_MATLAB_2000_dt_5.50e-06_Nx_64_periodic_n_relax_4_75p_movie.avi
NMG_MATLAB_2000_dt_5.50e-06_Nx_128_neumann_n_relax_4_energy.csv
SAV_MATLAB_2000_dt_5.50e-06_Nx_256_periodic_n_relax_4_75p_movie.avi
SAV_MATLAB_2000_dt_5.50e-06_Nx_128_neumann_n_relax_4_25p_t_out.csv
SAV_MATLAB_2000_dt_5.50e-06_Nx_128_neumann_n_relax_4_25p_energy.csv
SAV_MATLAB_2000_dt_5.50e-06_Nx_256_neumann_n_relax_4_t_out.csv
SAV_MATLAB_2000_dt_5.50e-06_Nx_256_neumann_n_relax_4_75p_energy.csv
NMG_MATLAB_2000_dt_5.50e-06_Nx_256_neumann_n_relax_4_75p_t_out.csv
SAV_MATLAB_2000_dt_5.50e-06_Nx_256_periodic_n_relax_4_25p_phi.csv
SAV_MATLAB_2000_dt_5.50e-06_Nx_256_periodic_n_relax_4_25p_phi.csv
SAV_MATLAB_2000_dt_5.50e-06_Nx_256_periodic_n_relax_4_25p_phi.csv is not in the correct format for calculating norm.
SAV_MATLAB_2000_dt_5.50e-06_Nx_128_periodic_n_relax_4_phi.csv
SAV_MATLAB_2000_dt_5.50e-06_Nx_128_periodic_n_relax_4_phi.csv
SAV_MATLAB_2000_dt_5.50e-06_Nx_128_periodic_n_relax_4_phi.csv is not in the correct format for calculating norm.
SAV_MATLAB_2000_dt_5.50e-06_Nx_256_neumann_n_relax_4_75p_mass.csv
SAV_MATLAB_2000_dt_5.50e-06_Nx_128_periodic_n_relax_4_75p_movie.avi
NMG_MATLAB_2000_dt_5.50e-06_Nx_64_periodic_n_relax_4_energy.csv
NMG_MATLAB_2000_dt_5.50e-06_Nx_64_neumann_n_relax_4_25p_phi.csv
NMG_MATLAB_2000_dt_5.50e-06_Nx_64_neumann_n_relax_4_25p_phi.csv
NMG_MATLAB_2000_dt_5.50e-06_Nx_64_neumann_n_relax_4_25p_phi.csv is not in the correct format for calculating norm.
NMG_MATLAB_2000_dt_5.50e-06_Nx_512_neumann_n_relax_4_25p_mass.csv
SAV_MATLAB_2000_dt_5.50e-06_Nx_256_neumann_n_relax_4_75p_t_out.csv
SAV_MATLAB_2000_dt_5.50e-06_Nx_64_periodic_n_relax_4_mass.csv
NMG_MATLAB_2000_dt_5.50e-06_Nx_512_periodic_n_relax_4_75p_energy.csv
SAV_MATLAB_2000_dt_5.50e-06_Nx_512_periodic_n_relax_4_75p_phi.csv
SAV_MATLAB_2000_dt_5.50e-06_Nx_512_periodic_n_relax_4_75p_phi.csv
SAV_MATLAB_2000_dt_5.50e-06_Nx_512_periodic_n_relax_4_75p_phi.csv is not in the correct format for calculating norm.
SAV_MATLAB_2000_dt_5.50e-06_Nx_512_neumann_n_relax_4_25p_energy.csv
NMG_MATLAB_2000_dt_5.50e-06_Nx_128_neumann_n_relax_4_75p_t_out.csv
NMG_MATLAB_2000_dt_5.50e-06_Nx_512_periodic_n_relax_4_mass.csv
SAV_MATLAB_2000_dt_5.50e-06_Nx_128_neumann_n_relax_4_movie.avi
NMG_MATLAB_2000_dt_5.50e-06_Nx_64_neumann_n_relax_4_75p_t_out.csv
SAV_MATLAB_2000_dt_5.50e-06_Nx_512_neumann_n_relax_4_25p_t_out.csv
NMG_MATLAB_2000_dt_5.50e-06_Nx_128_periodic_n_relax_4_phi.csv
NMG_MATLAB_2000_dt_5.50e-06_Nx_128_periodic_n_relax_4_phi.csv
NMG_MATLAB_2000_dt_5.50e-06_Nx_128_periodic_n_relax_4_phi.csv is not in the correct format for calculating norm.
SAV_MATLAB_2000_dt_5.50e-06_Nx_64_neumann_n_relax_4_25p_energy.csv
SAV_MATLAB_2000_dt_5.50e-06_Nx_64_neumann_n_relax_4_25p_mass.csv
SAV_MATLAB_2000_dt_5.50e-06_Nx_256_neumann_n_relax_4_energy.csv
NMG_MATLAB_2000_dt_5.50e-06_Nx_64_neumann_n_relax_4_mass.csv
SAV_MATLAB_2000_dt_5.50e-06_Nx_128_neumann_n_relax_4_t_out.csv
NMG_MATLAB_2000_dt_5.50e-06_Nx_256_periodic_n_relax_4_25p_movie.avi
SAV_MATLAB_2000_dt_5.50e-06_Nx_64_periodic_n_relax_4_25p_movie.avi
SAV_MATLAB_2000_dt_5.50e-06_Nx_128_periodic_n_relax_4_25p_movie.avi
SAV_MATLAB_2000_dt_5.50e-06_Nx_256_periodic_n_relax_4_mass.csv
SAV_MATLAB_2000_dt_5.50e-06_Nx_256_periodic_n_relax_4_75p_t_out.csv
NMG_MATLAB_2000_dt_5.50e-06_Nx_64_neumann_n_relax_4_75p_movie.avi
SAV_MATLAB_2000_dt_5.50e-06_Nx_256_periodic_n_relax_4_t_out.csv
SAV_MATLAB_2000_dt_5.50e-06_Nx_256_neumann_n_relax_4_25p_phi.csv
SAV_MATLAB_2000_dt_5.50e-06_Nx_256_neumann_n_relax_4_25p_phi.csv
SAV_MATLAB_2000_dt_5.50e-06_Nx_256_neumann_n_relax_4_25p_phi.csv is not in the correct format for calculating norm.
SAV_MATLAB_2000_dt_5.50e-06_Nx_512_periodic_n_relax_4_25p_mass.csv
NMG_MATLAB_2000_dt_5.50e-06_Nx_64_neumann_n_relax_4_75p_energy.csv
SAV_MATLAB_2000_dt_5.50e-06_Nx_64_neumann_n_relax_4_mass.csv
SAV_MATLAB_2000_dt_5.50e-06_Nx_256_neumann_n_relax_4_25p_energy.csv
NMG_MATLAB_2000_dt_5.50e-06_Nx_256_periodic_n_relax_4_movie.avi
SAV_MATLAB_2000_dt_5.50e-06_Nx_128_neumann_n_relax_4_75p_energy.csv
SAV_MATLAB_2000_dt_5.50e-06_Nx_128_periodic_n_relax_4_25p_mass.csv
NMG_MATLAB_2000_dt_5.50e-06_Nx_128_neumann_n_relax_4_75p_phi.csv
NMG_MATLAB_2000_dt_5.50e-06_Nx_128_neumann_n_relax_4_75p_phi.csv
NMG_MATLAB_2000_dt_5.50e-06_Nx_128_neumann_n_relax_4_75p_phi.csv is not in the correct format for calculating norm.
NMG_MATLAB_2000_dt_5.50e-06_Nx_128_periodic_n_relax_4_25p_mass.csv
NMG_MATLAB_2000_dt_5.50e-06_Nx_256_neumann_n_relax_4_75p_energy.csv
NMG_MATLAB_2000_dt_5.50e-06_Nx_256_neumann_n_relax_4_phi.csv
NMG_MATLAB_2000_dt_5.50e-06_Nx_256_neumann_n_relax_4_phi.csv
NMG_MATLAB_2000_dt_5.50e-06_Nx_256_neumann_n_relax_4_phi.csv is not in the correct format for calculating norm.
SAV_MATLAB_2000_dt_5.50e-06_Nx_64_neumann_n_relax_4_75p_energy.csv
NMG_MATLAB_2000_dt_5.50e-06_Nx_256_neumann_n_relax_4_75p_phi.csv
NMG_MATLAB_2000_dt_5.50e-06_Nx_256_neumann_n_relax_4_75p_phi.csv
NMG_MATLAB_2000_dt_5.50e-06_Nx_256_neumann_n_relax_4_75p_phi.csv is not in the correct format for calculating norm.
NMG_MATLAB_2000_dt_5.50e-06_Nx_512_neumann_n_relax_4_energy.csv
SAV_MATLAB_2000_dt_5.50e-06_Nx_64_neumann_n_relax_4_phi.csv
SAV_MATLAB_2000_dt_5.50e-06_Nx_64_neumann_n_relax_4_phi.csv
SAV_MATLAB_2000_dt_5.50e-06_Nx_64_neumann_n_relax_4_phi.csv is not in the correct format for calculating norm.
NMG_MATLAB_2000_dt_5.50e-06_Nx_64_periodic_n_relax_4_25p_t_out.csv
NMG_MATLAB_2000_dt_5.50e-06_Nx_512_periodic_n_relax_4_movie.avi
SAV_MATLAB_2000_dt_5.50e-06_Nx_64_periodic_n_relax_4_25p_mass.csv
SAV_MATLAB_2000_dt_5.50e-06_Nx_64_neumann_n_relax_4_25p_t_out.csv
NMG_MATLAB_2000_dt_5.50e-06_Nx_128_periodic_n_relax_4_75p_phi.csv
NMG_MATLAB_2000_dt_5.50e-06_Nx_128_periodic_n_relax_4_75p_phi.csv
NMG_MATLAB_2000_dt_5.50e-06_Nx_128_periodic_n_relax_4_75p_phi.csv is not in the correct format for calculating norm.
NMG_MATLAB_2000_dt_5.50e-06_Nx_512_neumann_n_relax_4_25p_phi.csv
NMG_MATLAB_2000_dt_5.50e-06_Nx_512_neumann_n_relax_4_25p_phi.csv
NMG_MATLAB_2000_dt_5.50e-06_Nx_512_neumann_n_relax_4_25p_phi.csv is not in the correct format for calculating norm.
NMG_MATLAB_2000_dt_5.50e-06_Nx_128_periodic_n_relax_4_25p_energy.csv
NMG_MATLAB_2000_dt_5.50e-06_Nx_512_neumann_n_relax_4_75p_t_out.csv
SAV_MATLAB_2000_dt_5.50e-06_Nx_512_neumann_n_relax_4_75p_t_out.csv
SAV_MATLAB_2000_dt_5.50e-06_Nx_64_periodic_n_relax_4_25p_phi.csv
SAV_MATLAB_2000_dt_5.50e-06_Nx_64_periodic_n_relax_4_25p_phi.csv
SAV_MATLAB_2000_dt_5.50e-06_Nx_64_periodic_n_relax_4_25p_phi.csv is not in the correct format for calculating norm.
NMG_MATLAB_2000_dt_5.50e-06_Nx_128_neumann_n_relax_4_movie.avi
SAV_MATLAB_2000_dt_5.50e-06_Nx_256_periodic_n_relax_4_25p_t_out.csv
NMG_MATLAB_2000_dt_5.50e-06_Nx_128_periodic_n_relax_4_movie.avi
SAV_MATLAB_2000_dt_5.50e-06_Nx_256_periodic_n_relax_4_movie.avi
SAV_MATLAB_2000_dt_5.50e-06_Nx_128_neumann_n_relax_4_25p_mass.csv
NMG_MATLAB_2000_dt_5.50e-06_Nx_64_periodic_n_relax_4_25p_phi.csv
NMG_MATLAB_2000_dt_5.50e-06_Nx_64_periodic_n_relax_4_25p_phi.csv
NMG_MATLAB_2000_dt_5.50e-06_Nx_64_periodic_n_relax_4_25p_phi.csv is not in the correct format for calculating norm.
SAV_MATLAB_2000_dt_5.50e-06_Nx_256_periodic_n_relax_4_25p_energy.csv
NMG_MATLAB_2000_dt_5.50e-06_Nx_128_periodic_n_relax_4_25p_phi.csv
NMG_MATLAB_2000_dt_5.50e-06_Nx_128_periodic_n_relax_4_25p_phi.csv
NMG_MATLAB_2000_dt_5.50e-06_Nx_128_periodic_n_relax_4_25p_phi.csv is not in the correct format for calculating norm.
SAV_MATLAB_2000_dt_5.50e-06_Nx_64_neumann_n_relax_4_energy.csv
NMG_MATLAB_2000_dt_5.50e-06_Nx_256_periodic_n_relax_4_25p_phi.csv
NMG_MATLAB_2000_dt_5.50e-06_Nx_256_periodic_n_relax_4_25p_phi.csv
NMG_MATLAB_2000_dt_5.50e-06_Nx_256_periodic_n_relax_4_25p_phi.csv is not in the correct format for calculating norm.
SAV_MATLAB_2000_dt_5.50e-06_Nx_512_neumann_n_relax_4_energy.csv
SAV_MATLAB_2000_dt_5.50e-06_Nx_256_neumann_n_relax_4_movie.avi
NMG_MATLAB_2000_dt_5.50e-06_Nx_256_neumann_n_relax_4_25p_t_out.csv
SAV_MATLAB_2000_dt_5.50e-06_Nx_64_periodic_n_relax_4_energy.csv
SAV_MATLAB_2000_dt_5.50e-06_Nx_512_periodic_n_relax_4_mass.csv
NMG_MATLAB_2000_dt_5.50e-06_Nx_512_periodic_n_relax_4_75p_mass.csv
SAV_MATLAB_2000_dt_5.50e-06_Nx_64_neumann_n_relax_4_75p_mass.csv
NMG_MATLAB_2000_dt_5.50e-06_Nx_256_periodic_n_relax_4_25p_mass.csv
NMG_MATLAB_2000_dt_5.50e-06_Nx_256_periodic_n_relax_4_75p_mass.csv
SAV_MATLAB_2000_dt_5.50e-06_Nx_64_periodic_n_relax_4_t_out.csv
NMG_MATLAB_2000_dt_5.50e-06_Nx_256_periodic_n_relax_4_25p_energy.csv
SAV_MATLAB_2000_dt_5.50e-06_Nx_64_periodic_n_relax_4_75p_phi.csv
SAV_MATLAB_2000_dt_5.50e-06_Nx_64_periodic_n_relax_4_75p_phi.csv
SAV_MATLAB_2000_dt_5.50e-06_Nx_64_periodic_n_relax_4_75p_phi.csv is not in the correct format for calculating norm.
SAV_MATLAB_2000_dt_5.50e-06_Nx_64_periodic_n_relax_4_75p_energy.csv
SAV_MATLAB_2000_dt_5.50e-06_Nx_256_periodic_n_relax_4_75p_energy.csv
SAV_MATLAB_2000_dt_5.50e-06_Nx_512_periodic_n_relax_4_phi.csv
SAV_MATLAB_2000_dt_5.50e-06_Nx_512_periodic_n_relax_4_phi.csv
SAV_MATLAB_2000_dt_5.50e-06_Nx_512_periodic_n_relax_4_phi.csv is not in the correct format for calculating norm.
SAV_MATLAB_2000_dt_5.50e-06_Nx_512_periodic_n_relax_4_25p_phi.csv
SAV_MATLAB_2000_dt_5.50e-06_Nx_512_periodic_n_relax_4_25p_phi.csv
SAV_MATLAB_2000_dt_5.50e-06_Nx_512_periodic_n_relax_4_25p_phi.csv is not in the correct format for calculating norm.
SAV_MATLAB_2000_dt_5.50e-06_Nx_256_neumann_n_relax_4_25p_mass.csv
NMG_MATLAB_2000_dt_5.50e-06_Nx_512_neumann_n_relax_4_t_out.csv
NMG_MATLAB_2000_dt_5.50e-06_Nx_128_periodic_n_relax_4_75p_movie.avi
SAV_MATLAB_2000_dt_5.50e-06_Nx_128_neumann_n_relax_4_phi.csv
SAV_MATLAB_2000_dt_5.50e-06_Nx_128_neumann_n_relax_4_phi.csv
SAV_MATLAB_2000_dt_5.50e-06_Nx_128_neumann_n_relax_4_phi.csv is not in the correct format for calculating norm.
NMG_MATLAB_2000_dt_5.50e-06_Nx_256_neumann_n_relax_4_t_out.csv
SAV_MATLAB_2000_dt_5.50e-06_Nx_256_periodic_n_relax_4_25p_movie.avi
NMG_MATLAB_2000_dt_5.50e-06_Nx_128_periodic_n_relax_4_75p_t_out.csv
SAV_MATLAB_2000_dt_5.50e-06_Nx_64_periodic_n_relax_4_25p_energy.csv
SAV_MATLAB_2000_dt_5.50e-06_Nx_512_neumann_n_relax_4_25p_phi.csv
SAV_MATLAB_2000_dt_5.50e-06_Nx_512_neumann_n_relax_4_25p_phi.csv
SAV_MATLAB_2000_dt_5.50e-06_Nx_512_neumann_n_relax_4_25p_phi.csv is not in the correct format for calculating norm.
NMG_MATLAB_2000_dt_5.50e-06_Nx_256_periodic_n_relax_4_phi.csv
NMG_MATLAB_2000_dt_5.50e-06_Nx_256_periodic_n_relax_4_phi.csv
NMG_MATLAB_2000_dt_5.50e-06_Nx_256_periodic_n_relax_4_phi.csv is not in the correct format for calculating norm.
NMG_MATLAB_2000_dt_5.50e-06_Nx_256_periodic_n_relax_4_energy.csv
SAV_MATLAB_2000_dt_5.50e-06_Nx_256_neumann_n_relax_4_25p_movie.avi
SAV_MATLAB_2000_dt_5.50e-06_Nx_512_neumann_n_relax_4_75p_energy.csv
NMG_MATLAB_2000_dt_5.50e-06_Nx_64_neumann_n_relax_4_75p_phi.csv
NMG_MATLAB_2000_dt_5.50e-06_Nx_64_neumann_n_relax_4_75p_phi.csv
NMG_MATLAB_2000_dt_5.50e-06_Nx_64_neumann_n_relax_4_75p_phi.csv is not in the correct format for calculating norm.
NMG_MATLAB_2000_dt_5.50e-06_Nx_512_neumann_n_relax_4_75p_mass.csv
SAV_MATLAB_2000_dt_5.50e-06_Nx_512_periodic_n_relax_4_75p_energy.csv
SAV_MATLAB_2000_dt_5.50e-06_Nx_128_periodic_n_relax_4_75p_energy.csv
SAV_MATLAB_2000_dt_5.50e-06_Nx_64_neumann_n_relax_4_t_out.csv
NMG_MATLAB_2000_dt_5.50e-06_Nx_512_neumann_n_relax_4_75p_movie.avi
SAV_MATLAB_2000_dt_5.50e-06_Nx_64_neumann_n_relax_4_75p_movie.avi
NMG_MATLAB_2000_dt_5.50e-06_Nx_256_periodic_n_relax_4_75p_t_out.csv
SAV_MATLAB_2000_dt_5.50e-06_Nx_64_periodic_n_relax_4_25p_t_out.csv
NMG_MATLAB_2000_dt_5.50e-06_Nx_512_neumann_n_relax_4_25p_movie.avi
SAV_MATLAB_2000_dt_5.50e-06_Nx_512_neumann_n_relax_4_t_out.csv
NMG_MATLAB_2000_dt_5.50e-06_Nx_64_neumann_n_relax_4_75p_mass.csv
SAV_MATLAB_2000_dt_5.50e-06_Nx_256_neumann_n_relax_4_75p_movie.avi
SAV_MATLAB_2000_dt_5.50e-06_Nx_512_neumann_n_relax_4_75p_phi.csv
SAV_MATLAB_2000_dt_5.50e-06_Nx_512_neumann_n_relax_4_75p_phi.csv
SAV_MATLAB_2000_dt_5.50e-06_Nx_512_neumann_n_relax_4_75p_phi.csv is not in the correct format for calculating norm.
SAV_MATLAB_2000_dt_5.50e-06_Nx_512_neumann_n_relax_4_phi.csv
SAV_MATLAB_2000_dt_5.50e-06_Nx_512_neumann_n_relax_4_phi.csv
SAV_MATLAB_2000_dt_5.50e-06_Nx_512_neumann_n_relax_4_phi.csv is not in the correct format for calculating norm.
SAV_MATLAB_2000_dt_5.50e-06_Nx_64_neumann_n_relax_4_75p_phi.csv
SAV_MATLAB_2000_dt_5.50e-06_Nx_64_neumann_n_relax_4_75p_phi.csv
SAV_MATLAB_2000_dt_5.50e-06_Nx_64_neumann_n_relax_4_75p_phi.csv is not in the correct format for calculating norm.
SAV_MATLAB_2000_dt_5.50e-06_Nx_64_periodic_n_relax_4_75p_t_out.csv
NMG_MATLAB_2000_dt_5.50e-06_Nx_64_periodic_n_relax_4_75p_energy.csv
SAV_MATLAB_2000_dt_5.50e-06_Nx_128_periodic_n_relax_4_75p_t_out.csv
NMG_MATLAB_2000_dt_5.50e-06_Nx_128_neumann_n_relax_4_phi.csv
NMG_MATLAB_2000_dt_5.50e-06_Nx_128_neumann_n_relax_4_phi.csv
NMG_MATLAB_2000_dt_5.50e-06_Nx_128_neumann_n_relax_4_phi.csv is not in the correct format for calculating norm.
SAV_MATLAB_2000_dt_5.50e-06_Nx_512_neumann_n_relax_4_25p_mass.csv
SAV_MATLAB_2000_dt_5.50e-06_Nx_128_neumann_n_relax_4_mass.csv
NMG_MATLAB_2000_dt_5.50e-06_Nx_128_periodic_n_relax_4_energy.csv
SAV_MATLAB_2000_dt_5.50e-06_Nx_128_periodic_n_relax_4_75p_mass.csv
NMG_MATLAB_2000_dt_5.50e-06_Nx_256_periodic_n_relax_4_mass.csv
NMG_MATLAB_2000_dt_5.50e-06_Nx_256_neumann_n_relax_4_movie.avi
SAV_MATLAB_2000_dt_5.50e-06_Nx_256_periodic_n_relax_4_75p_phi.csv
SAV_MATLAB_2000_dt_5.50e-06_Nx_256_periodic_n_relax_4_75p_phi.csv
SAV_MATLAB_2000_dt_5.50e-06_Nx_256_periodic_n_relax_4_75p_phi.csv is not in the correct format for calculating norm.
NMG_MATLAB_2000_dt_5.50e-06_Nx_512_periodic_n_relax_4_75p_t_out.csv
NMG_MATLAB_2000_dt_5.50e-06_Nx_128_periodic_n_relax_4_25p_t_out.csv
NMG_MATLAB_2000_dt_5.50e-06_Nx_512_periodic_n_relax_4_75p_phi.csv
NMG_MATLAB_2000_dt_5.50e-06_Nx_512_periodic_n_relax_4_75p_phi.csv
NMG_MATLAB_2000_dt_5.50e-06_Nx_512_periodic_n_relax_4_75p_phi.csv is not in the correct format for calculating norm.
SAV_MATLAB_2000_dt_5.50e-06_Nx_512_periodic_n_relax_4_25p_energy.csv
SAV_MATLAB_2000_dt_5.50e-06_Nx_128_neumann_n_relax_4_25p_phi.csv
SAV_MATLAB_2000_dt_5.50e-06_Nx_128_neumann_n_relax_4_25p_phi.csv
SAV_MATLAB_2000_dt_5.50e-06_Nx_128_neumann_n_relax_4_25p_phi.csv is not in the correct format for calculating norm.
NMG_MATLAB_2000_dt_5.50e-06_Nx_128_neumann_n_relax_4_75p_movie.avi
NMG_MATLAB_2000_dt_5.50e-06_Nx_512_periodic_n_relax_4_t_out.csv
SAV_MATLAB_2000_dt_5.50e-06_Nx_128_periodic_n_relax_4_energy.csv
NMG_MATLAB_2000_dt_5.50e-06_Nx_128_neumann_n_relax_4_mass.csv
SAV_MATLAB_2000_dt_5.50e-06_Nx_128_periodic_n_relax_4_25p_energy.csv
NMG_MATLAB_2000_dt_5.50e-06_Nx_64_periodic_n_relax_4_75p_movie.avi
NMG_MATLAB_2000_dt_5.50e-06_Nx_256_neumann_n_relax_4_75p_movie.avi
SAV_MATLAB_2000_dt_5.50e-06_Nx_512_periodic_n_relax_4_25p_movie.avi
SAV_MATLAB_2000_dt_5.50e-06_Nx_128_periodic_n_relax_4_t_out.csv
NMG_MATLAB_2000_dt_5.50e-06_Nx_512_periodic_n_relax_4_25p_movie.avi
SAV_MATLAB_2000_dt_5.50e-06_Nx_256_periodic_n_relax_4_25p_mass.csv
SAV_MATLAB_2000_dt_5.50e-06_Nx_256_periodic_n_relax_4_75p_mass.csv
SAV_MATLAB_2000_dt_5.50e-06_Nx_512_neumann_n_relax_4_25p_movie.avi
SAV_MATLAB_2000_dt_5.50e-06_Nx_128_neumann_n_relax_4_75p_mass.csv
NMG_MATLAB_2000_dt_5.50e-06_Nx_512_neumann_n_relax_4_75p_phi.csv
NMG_MATLAB_2000_dt_5.50e-06_Nx_512_neumann_n_relax_4_75p_phi.csv
NMG_MATLAB_2000_dt_5.50e-06_Nx_512_neumann_n_relax_4_75p_phi.csv is not in the correct format for calculating norm.
NMG_MATLAB_2000_dt_5.50e-06_Nx_128_periodic_n_relax_4_mass.csv
SAV_MATLAB_2000_dt_5.50e-06_Nx_128_neumann_n_relax_4_energy.csv
NMG_MATLAB_2000_dt_5.50e-06_Nx_128_periodic_n_relax_4_75p_mass.csv
NMG_MATLAB_2000_dt_5.50e-06_Nx_512_periodic_n_relax_4_25p_t_out.csv
NMG_MATLAB_2000_dt_5.50e-06_Nx_256_neumann_n_relax_4_25p_mass.csv
NMG_MATLAB_2000_dt_5.50e-06_Nx_128_neumann_n_relax_4_25p_mass.csv
SAV_MATLAB_2000_dt_5.50e-06_Nx_256_neumann_n_relax_4_75p_phi.csv
SAV_MATLAB_2000_dt_5.50e-06_Nx_256_neumann_n_relax_4_75p_phi.csv
SAV_MATLAB_2000_dt_5.50e-06_Nx_256_neumann_n_relax_4_75p_phi.csv is not in the correct format for calculating norm.
SAV_MATLAB_2000_dt_5.50e-06_Nx_128_neumann_n_relax_4_25p_movie.avi
Job_specs.csv
NMG_MATLAB_2000_dt_5.50e-06_Nx_512_periodic_n_relax_4_25p_mass.csv
NMG_MATLAB_2000_dt_5.50e-06_Nx_128_neumann_n_relax_4_25p_energy.csv
SAV_MATLAB_2000_dt_5.50e-06_Nx_512_periodic_n_relax_4_75p_movie.avi
NMG_MATLAB_2000_dt_5.50e-06_Nx_64_neumann_n_relax_4_25p_energy.csv
SAV_MATLAB_2000_dt_5.50e-06_Nx_64_periodic_n_relax_4_phi.csv
SAV_MATLAB_2000_dt_5.50e-06_Nx_64_periodic_n_relax_4_phi.csv
SAV_MATLAB_2000_dt_5.50e-06_Nx_64_periodic_n_relax_4_phi.csv is not in the correct format for calculating norm.
SAV_MATLAB_2000_dt_5.50e-06_Nx_64_neumann_n_relax_4_25p_phi.csv
SAV_MATLAB_2000_dt_5.50e-06_Nx_64_neumann_n_relax_4_25p_phi.csv
SAV_MATLAB_2000_dt_5.50e-06_Nx_64_neumann_n_relax_4_25p_phi.csv is not in the correct format for calculating norm.
NMG_MATLAB_2000_dt_5.50e-06_Nx_512_periodic_n_relax_4_75p_movie.avi
NMG_MATLAB_2000_dt_5.50e-06_Nx_256_neumann_n_relax_4_mass.csv
SAV_MATLAB_2000_dt_5.50e-06_Nx_128_neumann_n_relax_4_75p_movie.avi
NMG_MATLAB_2000_dt_5.50e-06_Nx_64_neumann_n_relax_4_energy.csv
NMG_MATLAB_2000_dt_5.50e-06_Nx_64_periodic_n_relax_4_25p_movie.avi
SAV_MATLAB_2000_dt_5.50e-06_Nx_256_neumann_n_relax_4_phi.csv
SAV_MATLAB_2000_dt_5.50e-06_Nx_256_neumann_n_relax_4_phi.csv
SAV_MATLAB_2000_dt_5.50e-06_Nx_256_neumann_n_relax_4_phi.csv is not in the correct format for calculating norm.
NMG_MATLAB_2000_dt_5.50e-06_Nx_256_neumann_n_relax_4_25p_phi.csv
NMG_MATLAB_2000_dt_5.50e-06_Nx_256_neumann_n_relax_4_25p_phi.csv
NMG_MATLAB_2000_dt_5.50e-06_Nx_256_neumann_n_relax_4_25p_phi.csv is not in the correct format for calculating norm.
NMG_MATLAB_2000_dt_5.50e-06_Nx_64_neumann_n_relax_4_25p_mass.csv
SAV_MATLAB_2000_dt_5.50e-06_Nx_512_neumann_n_relax_4_75p_movie.avi
NMG_MATLAB_2000_dt_5.50e-06_Nx_512_neumann_n_relax_4_25p_t_out.csv
NMG_MATLAB_2000_dt_5.50e-06_Nx_128_periodic_n_relax_4_t_out.csv
NMG_MATLAB_2000_dt_5.50e-06_Nx_512_periodic_n_relax_4_phi.csv
NMG_MATLAB_2000_dt_5.50e-06_Nx_512_periodic_n_relax_4_phi.csv
NMG_MATLAB_2000_dt_5.50e-06_Nx_512_periodic_n_relax_4_phi.csv is not in the correct format for calculating norm.
NMG_MATLAB_2000_dt_5.50e-06_Nx_256_periodic_n_relax_4_t_out.csv
SAV_MATLAB_2000_dt_5.50e-06_Nx_64_neumann_n_relax_4_25p_movie.avi
SAV_MATLAB_2000_dt_5.50e-06_Nx_256_periodic_n_relax_4_energy.csv
NMG_MATLAB_2000_dt_5.50e-06_Nx_128_periodic_n_relax_4_25p_movie.avi
NMG_MATLAB_2000_dt_5.50e-06_Nx_128_neumann_n_relax_4_25p_movie.avi
NMG_MATLAB_2000_dt_5.50e-06_Nx_128_neumann_n_relax_4_75p_mass.csv
NMG_MATLAB_2000_dt_5.50e-06_Nx_256_neumann_n_relax_4_energy.csv
NMG_MATLAB_2000_dt_5.50e-06_Nx_256_neumann_n_relax_4_75p_mass.csv
NMG_MATLAB_2000_dt_5.50e-06_Nx_512_neumann_n_relax_4_75p_energy.csv
SAV_MATLAB_2000_dt_5.50e-06_Nx_512_periodic_n_relax_4_t_out.csv
SAV_MATLAB_2000_dt_5.50e-06_Nx_128_neumann_n_relax_4_75p_phi.csv
SAV_MATLAB_2000_dt_5.50e-06_Nx_128_neumann_n_relax_4_75p_phi.csv
SAV_MATLAB_2000_dt_5.50e-06_Nx_128_neumann_n_relax_4_75p_phi.csv is not in the correct format for calculating norm.
SAV_MATLAB_2000_dt_5.50e-06_Nx_128_periodic_n_relax_4_25p_phi.csv
SAV_MATLAB_2000_dt_5.50e-06_Nx_128_periodic_n_relax_4_25p_phi.csv
SAV_MATLAB_2000_dt_5.50e-06_Nx_128_periodic_n_relax_4_25p_phi.csv is not in the correct format for calculating norm.
NMG_MATLAB_2000_dt_5.50e-06_Nx_128_neumann_n_relax_4_t_out.csv
SAV_MATLAB_2000_dt_5.50e-06_Nx_128_periodic_n_relax_4_75p_phi.csv
SAV_MATLAB_2000_dt_5.50e-06_Nx_128_periodic_n_relax_4_75p_phi.csv
SAV_MATLAB_2000_dt_5.50e-06_Nx_128_periodic_n_relax_4_75p_phi.csv is not in the correct format for calculating norm.
NMG_MATLAB_2000_dt_5.50e-06_Nx_64_neumann_n_relax_4_25p_movie.avi
SAV_MATLAB_2000_dt_5.50e-06_Nx_256_periodic_n_relax_4_phi.csv
SAV_MATLAB_2000_dt_5.50e-06_Nx_256_periodic_n_relax_4_phi.csv
SAV_MATLAB_2000_dt_5.50e-06_Nx_256_periodic_n_relax_4_phi.csv is not in the correct format for calculating norm.
NMG_MATLAB_2000_dt_5.50e-06_Nx_64_periodic_n_relax_4_75p_phi.csv
NMG_MATLAB_2000_dt_5.50e-06_Nx_64_periodic_n_relax_4_75p_phi.csv
NMG_MATLAB_2000_dt_5.50e-06_Nx_64_periodic_n_relax_4_75p_phi.csv is not in the correct format for calculating norm.
NMG_MATLAB_2000_dt_5.50e-06_Nx_64_neumann_n_relax_4_phi.csv
NMG_MATLAB_2000_dt_5.50e-06_Nx_64_neumann_n_relax_4_phi.csv
NMG_MATLAB_2000_dt_5.50e-06_Nx_64_neumann_n_relax_4_phi.csv is not in the correct format for calculating norm.
NMG_MATLAB_2000_dt_5.50e-06_Nx_256_periodic_n_relax_4_75p_energy.csv
NMG_MATLAB_2000_dt_5.50e-06_Nx_64_periodic_n_relax_4_movie.avi
NMG_MATLAB_2000_dt_5.50e-06_Nx_64_periodic_n_relax_4_75p_mass.csv
NMG_MATLAB_2000_dt_5.50e-06_Nx_64_periodic_n_relax_4_mass.csv
NMG_MATLAB_2000_dt_5.50e-06_Nx_256_neumann_n_relax_4_25p_movie.avi
SAV_MATLAB_2000_dt_5.50e-06_Nx_256_neumann_n_relax_4_25p_t_out.csv
SAV_MATLAB_2000_dt_5.50e-06_Nx_64_neumann_n_relax_4_75p_t_out.csv
SAV_MATLAB_2000_dt_5.50e-06_Nx_512_periodic_n_relax_4_energy.csv
SAV_MATLAB_2000_dt_5.50e-06_Nx_64_periodic_n_relax_4_75p_mass.csv
NMG_MATLAB_2000_dt_5.50e-06_Nx_256_periodic_n_relax_4_75p_movie.avi
SAV_MATLAB_2000_dt_5.50e-06_Nx_512_neumann_n_relax_4_mass.csv
SAV_MATLAB_2000_dt_5.50e-06_Nx_512_neumann_n_relax_4_75p_mass.csv
NMG_MATLAB_2000_dt_5.50e-06_Nx_64_neumann_n_relax_4_movie.avi
NMG_MATLAB_2000_dt_5.50e-06_Nx_256_periodic_n_relax_4_75p_phi.csv
NMG_MATLAB_2000_dt_5.50e-06_Nx_256_periodic_n_relax_4_75p_phi.csv
NMG_MATLAB_2000_dt_5.50e-06_Nx_256_periodic_n_relax_4_75p_phi.csv is not in the correct format for calculating norm.
SAV_MATLAB_2000_dt_5.50e-06_Nx_512_periodic_n_relax_4_25p_t_out.csv
NMG_MATLAB_2000_dt_5.50e-06_Nx_512_periodic_n_relax_4_energy.csv
SAV_MATLAB_2000_dt_5.50e-06_Nx_256_neumann_n_relax_4_mass.csv
NMG_MATLAB_2000_dt_5.50e-06_Nx_512_neumann_n_relax_4_phi.csv
NMG_MATLAB_2000_dt_5.50e-06_Nx_512_neumann_n_relax_4_phi.csv
NMG_MATLAB_2000_dt_5.50e-06_Nx_512_neumann_n_relax_4_phi.csv is not in the correct format for calculating norm.
NMG_MATLAB_2000_dt_5.50e-06_Nx_128_periodic_n_relax_4_75p_energy.csv
NMG_MATLAB_2000_dt_5.50e-06_Nx_128_neumann_n_relax_4_25p_t_out.csv
NMG_MATLAB_2000_dt_5.50e-06_Nx_128_neumann_n_relax_4_25p_phi.csv
NMG_MATLAB_2000_dt_5.50e-06_Nx_128_neumann_n_relax_4_25p_phi.csv
NMG_MATLAB_2000_dt_5.50e-06_Nx_128_neumann_n_relax_4_25p_phi.csv is not in the correct format for calculating norm.
SAV_MATLAB_2000_dt_5.50e-06_Nx_128_periodic_n_relax_4_mass.csv
NMG_MATLAB_2000_dt_5.50e-06_Nx_64_neumann_n_relax_4_25p_t_out.csv
SAV_MATLAB_2000_dt_5.50e-06_Nx_128_periodic_n_relax_4_movie.avi
SAV_MATLAB_2000_dt_5.50e-06_Nx_512_periodic_n_relax_4_75p_t_out.csv
SAV_MATLAB_2000_dt_5.50e-06_Nx_512_periodic_n_relax_4_75p_mass.csv
NMG_MATLAB_2000_dt_5.50e-06_Nx_512_neumann_n_relax_4_25p_energy.csv
NMG_MATLAB_2000_dt_5.50e-06_Nx_512_neumann_n_relax_4_mass.csv
SAV_MATLAB_2000_dt_5.50e-06_Nx_128_periodic_n_relax_4_25p_t_out.csv
NMG_MATLAB_2000_dt_5.50e-06_Nx_512_neumann_n_relax_4_movie.avi
NMG_MATLAB_2000_dt_5.50e-06_Nx_64_periodic_n_relax_4_phi.csv
NMG_MATLAB_2000_dt_5.50e-06_Nx_64_periodic_n_relax_4_phi.csv
NMG_MATLAB_2000_dt_5.50e-06_Nx_64_periodic_n_relax_4_phi.csv is not in the correct format for calculating norm.
SAV_MATLAB_2000_dt_5.50e-06_Nx_64_periodic_n_relax_4_movie.avi
NMG_MATLAB_2000_dt_5.50e-06_Nx_256_periodic_n_relax_4_25p_t_out.csv
NMG_MATLAB_2000_dt_5.50e-06_Nx_256_neumann_n_relax_4_25p_energy.csv
NMG_MATLAB_2000_dt_5.50e-06_Nx_64_periodic_n_relax_4_25p_mass.csv
NMG_MATLAB_2000_dt_5.50e-06_Nx_64_periodic_n_relax_4_t_out.csv
NMG_MATLAB_2000_dt_5.50e-06_Nx_512_periodic_n_relax_4_25p_phi.csv
NMG_MATLAB_2000_dt_5.50e-06_Nx_512_periodic_n_relax_4_25p_phi.csv
NMG_MATLAB_2000_dt_5.50e-06_Nx_512_periodic_n_relax_4_25p_phi.csv is not in the correct format for calculating norm.
NMG_MATLAB_2000_dt_5.50e-06_Nx_64_periodic_n_relax_4_25p_energy.csv
FD_200000_dt_5.50e-08_Nx_128_n_relax_4_gam_3.69e+00_D_16384_update_phi.csv
FD_2_dt_5.50e-08_Nx_128_n_relax_4_gam_3.69e+00_D_16384_update.avi
FD_200000_dt_5.50e-08_Nx_128_n_relax_4_gam_3.69e+00_D_16384_update.avi
FD_200000_dt_5.50e-08_Nx_128_n_relax_4_gam_3.69e+00_D_16384_update_energy.csv
FD_200000_dt_5.50e-08_Nx_128_n_relax_4_gam_3.69e+00_D_16384_update_mass.csv
FD_2_dt_5.50e-08_Nx_128_n_relax_4_gam_3.69e+00_D_16384_update_phi.csv
SAV_Julia_2000_dt_5.50e-06_Nx_512_neumann_dtout_10_75p_t_out.csv
SAV_Julia_2000_dt_5.50e-06_Nx_256_neumann_dtout_10_t_out.csv
NMG_Julia_2000_dt_5.50e-06_Nx_512_periodic_dtout_10_75p_t_out.csv
NMG_Julia_2000_dt_5.50e-06_Nx_128_neumann_dtout_10_phi.csv
NMG_Julia_2000_dt_5.50e-06_Nx_128_neumann_dtout_10_phi.csv
5.685651786887897
NMG_Julia_2000_dt_5.50e-06_Nx_512_neumann_dtout_10_75p_mass.csv
SAV_Julia_2000_dt_5.50e-06_Nx_512_neumann_dtout_10_75p_mass.csv
NMG_Julia_2000_dt_5.50e-06_Nx_128_neumann_dtout_10_75p_t_out.csv
SAV_Julia_2000_dt_5.50e-06_Nx_64_periodic_dtout_10_75p_energy.csv
NMG_Julia_2000_dt_5.50e-06_Nx_64_neumann_dtout_10_25p_phi.csv
NMG_Julia_2000_dt_5.50e-06_Nx_64_neumann_dtout_10_25p_phi.csv
31.434194363755346
SAV_Julia_2000_dt_5.50e-06_Nx_512_periodic_dtout_10_mass.csv
NMG_Julia_2000_dt_5.50e-06_Nx_128_periodic_dtout_10_75p_t_out.csv
SAV_Julia_2000_dt_5.50e-06_Nx_512_neumann_dtout_10_25p_movie.avi
SAV_Julia_2000_dt_5.50e-06_Nx_512_periodic_dtout_10_25p_t_out.csv
SAV_Julia_2000_dt_5.50e-06_Nx_128_neumann_dtout_10_25p_mass.csv
NMG_Julia_2000_dt_5.50e-06_Nx_512_neumann_dtout_10_mass.csv
SAV_Julia_2000_dt_5.50e-06_Nx_128_neumann_dtout_10_mass.csv
NMG_Julia_2000_dt_5.50e-06_Nx_256_neumann_dtout_2000_phi.csv
NMG_Julia_2000_dt_5.50e-06_Nx_256_neumann_dtout_2000_phi.csv
Timepoint not recorded. dt_out:{dt_out} is bigger than timepoint requested: {timepoint}
NMG_Julia_2000_dt_5.50e-06_Nx_64_neumann_dtout_10_75p_t_out.csv
SAV_Julia_2000_dt_5.50e-06_Nx_512_periodic_dtout_2000_75p_phi.csv
SAV_Julia_2000_dt_5.50e-06_Nx_512_periodic_dtout_2000_75p_phi.csv
Timepoint not recorded. dt_out:{dt_out} is bigger than timepoint requested: {timepoint}
NMG_Julia_2000_dt_5.50e-06_Nx_128_neumann_dtout_2000_phi.csv
NMG_Julia_2000_dt_5.50e-06_Nx_128_neumann_dtout_2000_phi.csv
Timepoint not recorded. dt_out:{dt_out} is bigger than timepoint requested: {timepoint}
SAV_Julia_2000_dt_5.50e-06_Nx_256_periodic_dtout_2000_25p_phi.csv
SAV_Julia_2000_dt_5.50e-06_Nx_256_periodic_dtout_2000_25p_phi.csv
Timepoint not recorded. dt_out:{dt_out} is bigger than timepoint requested: {timepoint}
NMG_Julia_2000_dt_5.50e-06_Nx_256_periodic_dtout_10_mass.csv
SAV_Julia_2000_dt_5.50e-06_Nx_512_periodic_dtout_10_movie.avi
NMG_Julia_2000_dt_5.50e-06_Nx_512_neumann_dtout_2000_phi.csv
NMG_Julia_2000_dt_5.50e-06_Nx_512_neumann_dtout_2000_phi.csv
Timepoint not recorded. dt_out:{dt_out} is bigger than timepoint requested: {timepoint}
SAV_Julia_2000_dt_5.50e-06_Nx_256_periodic_dtout_10_25p_movie.avi
NMG_Julia_2000_dt_5.50e-06_Nx_256_neumann_dtout_10_mass.csv
SAV_Julia_2000_dt_5.50e-06_Nx_256_periodic_dtout_10_75p_t_out.csv
NMG_Julia_2000_dt_5.50e-06_Nx_64_neumann_dtout_10_25p_energy.csv
SAV_Julia_2000_dt_5.50e-06_Nx_512_neumann_dtout_10_phi.csv
SAV_Julia_2000_dt_5.50e-06_Nx_512_neumann_dtout_10_phi.csv
179.94905495801692
SAV_Julia_2000_dt_5.50e-06_Nx_512_periodic_dtout_10_75p_phi.csv
SAV_Julia_2000_dt_5.50e-06_Nx_512_periodic_dtout_10_75p_phi.csv
256.15204817243244
SAV_Julia_2000_dt_5.50e-06_Nx_128_periodic_dtout_10_t_out.csv
NMG_Julia_2000_dt_5.50e-06_Nx_128_periodic_dtout_2000_phi.csv
NMG_Julia_2000_dt_5.50e-06_Nx_128_periodic_dtout_2000_phi.csv
Timepoint not recorded. dt_out:{dt_out} is bigger than timepoint requested: {timepoint}
SAV_Julia_2000_dt_5.50e-06_Nx_128_neumann_dtout_10_75p_phi.csv
SAV_Julia_2000_dt_5.50e-06_Nx_128_neumann_dtout_10_75p_phi.csv
63.17074125390439
SAV_Julia_2000_dt_5.50e-06_Nx_128_periodic_dtout_10_25p_phi.csv
SAV_Julia_2000_dt_5.50e-06_Nx_128_periodic_dtout_10_25p_phi.csv
63.1643949114036
NMG_Julia_2000_dt_5.50e-06_Nx_64_neumann_dtout_10_25p_t_out.csv
SAV_Julia_2000_dt_5.50e-06_Nx_256_periodic_dtout_10_mass.csv
SAV_Julia_2000_dt_5.50e-06_Nx_256_neumann_dtout_10_energy.csv
SAV_Julia_2000_dt_5.50e-06_Nx_64_neumann_dtout_10_25p_energy.csv
NMG_Julia_2000_dt_5.50e-06_Nx_64_neumann_dtout_10_75p_phi.csv
NMG_Julia_2000_dt_5.50e-06_Nx_64_neumann_dtout_10_75p_phi.csv
31.434065368871227
NMG_Julia_2000_dt_5.50e-06_Nx_256_periodic_dtout_2000_75p_phi.csv
NMG_Julia_2000_dt_5.50e-06_Nx_256_periodic_dtout_2000_75p_phi.csv
Timepoint not recorded. dt_out:{dt_out} is bigger than timepoint requested: {timepoint}
NMG_Julia_2000_dt_5.50e-06_Nx_128_periodic_dtout_2000_75p_phi.csv
NMG_Julia_2000_dt_5.50e-06_Nx_128_periodic_dtout_2000_75p_phi.csv
Timepoint not recorded. dt_out:{dt_out} is bigger than timepoint requested: {timepoint}
SAV_Julia_2000_dt_5.50e-06_Nx_512_periodic_dtout_10_25p_mass.csv
NMG_Julia_2000_dt_5.50e-06_Nx_256_periodic_dtout_10_75p_mass.csv
SAV_Julia_2000_dt_5.50e-06_Nx_128_periodic_dtout_10_25p_movie.avi
SAV_Julia_2000_dt_5.50e-06_Nx_256_neumann_dtout_10_75p_movie.avi
NMG_Julia_2000_dt_5.50e-06_Nx_64_periodic_dtout_10_25p_energy.csv
SAV_Julia_2000_dt_5.50e-06_Nx_512_neumann_dtout_10_25p_energy.csv
SAV_Julia_2000_dt_5.50e-06_Nx_512_periodic_dtout_10_75p_energy.csv
NMG_Julia_2000_dt_5.50e-06_Nx_128_neumann_dtout_2000_25p_phi.csv
NMG_Julia_2000_dt_5.50e-06_Nx_128_neumann_dtout_2000_25p_phi.csv
Timepoint not recorded. dt_out:{dt_out} is bigger than timepoint requested: {timepoint}
SAV_Julia_2000_dt_5.50e-06_Nx_512_periodic_dtout_2000_25p_phi.csv
SAV_Julia_2000_dt_5.50e-06_Nx_512_periodic_dtout_2000_25p_phi.csv
Timepoint not recorded. dt_out:{dt_out} is bigger than timepoint requested: {timepoint}
NMG_Julia_2000_dt_5.50e-06_Nx_512_periodic_dtout_10_25p_mass.csv
NMG_Julia_2000_dt_5.50e-06_Nx_64_neumann_dtout_10_phi.csv
NMG_Julia_2000_dt_5.50e-06_Nx_64_neumann_dtout_10_phi.csv
1.771433110235276
NMG_Julia_2000_dt_5.50e-06_Nx_128_periodic_dtout_10_75p_mass.csv
NMG_Julia_2000_dt_5.50e-06_Nx_256_neumann_dtout_10_movie.avi
SAV_Julia_2000_dt_5.50e-06_Nx_256_neumann_dtout_2000_phi.csv
SAV_Julia_2000_dt_5.50e-06_Nx_256_neumann_dtout_2000_phi.csv
Timepoint not recorded. dt_out:{dt_out} is bigger than timepoint requested: {timepoint}
SAV_Julia_2000_dt_5.50e-06_Nx_64_neumann_dtout_10_75p_mass.csv
SAV_Julia_2000_dt_5.50e-06_Nx_512_neumann_dtout_10_75p_movie.avi
SAV_Julia_2000_dt_5.50e-06_Nx_512_periodic_dtout_10_energy.csv
SAV_Julia_2000_dt_5.50e-06_Nx_512_periodic_dtout_10_25p_phi.csv
SAV_Julia_2000_dt_5.50e-06_Nx_512_periodic_dtout_10_25p_phi.csv
255.9539551770531
SAV_Julia_2000_dt_5.50e-06_Nx_128_periodic_dtout_10_phi.csv
SAV_Julia_2000_dt_5.50e-06_Nx_128_periodic_dtout_10_phi.csv
5.7002571282617325
SAV_Julia_2000_dt_5.50e-06_Nx_512_neumann_dtout_10_75p_phi.csv
SAV_Julia_2000_dt_5.50e-06_Nx_512_neumann_dtout_10_75p_phi.csv
256.29222180436966
NMG_Julia_2000_dt_5.50e-06_Nx_256_periodic_dtout_10_energy.csv
SAV_Julia_2000_dt_5.50e-06_Nx_512_periodic_dtout_10_75p_t_out.csv
NMG_Julia_2000_dt_5.50e-06_Nx_512_neumann_dtout_10_75p_movie.avi
SAV_Julia_2000_dt_5.50e-06_Nx_512_periodic_dtout_10_75p_mass.csv
NMG_Julia_2000_dt_5.50e-06_Nx_256_periodic_dtout_2000_phi.csv
NMG_Julia_2000_dt_5.50e-06_Nx_256_periodic_dtout_2000_phi.csv
Timepoint not recorded. dt_out:{dt_out} is bigger than timepoint requested: {timepoint}
NMG_Julia_2000_dt_5.50e-06_Nx_64_neumann_dtout_10_mass.csv
SAV_Julia_2000_dt_5.50e-06_Nx_512_periodic_dtout_10_t_out.csv
SAV_Julia_2000_dt_5.50e-06_Nx_128_periodic_dtout_2000_phi.csv
SAV_Julia_2000_dt_5.50e-06_Nx_128_periodic_dtout_2000_phi.csv
Timepoint not recorded. dt_out:{dt_out} is bigger than timepoint requested: {timepoint}
SAV_Julia_2000_dt_5.50e-06_Nx_128_neumann_dtout_10_75p_t_out.csv
SAV_Julia_2000_dt_5.50e-06_Nx_64_neumann_dtout_2000_25p_phi.csv
SAV_Julia_2000_dt_5.50e-06_Nx_64_neumann_dtout_2000_25p_phi.csv
Timepoint not recorded. dt_out:{dt_out} is bigger than timepoint requested: {timepoint}
NMG_Julia_2000_dt_5.50e-06_Nx_512_neumann_dtout_10_25p_mass.csv
NMG_Julia_2000_dt_5.50e-06_Nx_256_neumann_dtout_10_25p_t_out.csv
NMG_Julia_2000_dt_5.50e-06_Nx_256_neumann_dtout_10_75p_movie.avi
NMG_Julia_2000_dt_5.50e-06_Nx_512_periodic_dtout_2000_75p_phi.csv
NMG_Julia_2000_dt_5.50e-06_Nx_512_periodic_dtout_2000_75p_phi.csv
Timepoint not recorded. dt_out:{dt_out} is bigger than timepoint requested: {timepoint}
NMG_Julia_2000_dt_5.50e-06_Nx_128_neumann_dtout_10_t_out.csv
NMG_Julia_2000_dt_5.50e-06_Nx_512_periodic_dtout_10_75p_mass.csv
NMG_Julia_2000_dt_5.50e-06_Nx_128_periodic_dtout_10_25p_t_out.csv
SAV_Julia_2000_dt_5.50e-06_Nx_64_periodic_dtout_10_25p_mass.csv
NMG_Julia_2000_dt_5.50e-06_Nx_64_neumann_dtout_10_75p_mass.csv
SAV_Julia_2000_dt_5.50e-06_Nx_256_periodic_dtout_2000_75p_phi.csv
SAV_Julia_2000_dt_5.50e-06_Nx_256_periodic_dtout_2000_75p_phi.csv
Timepoint not recorded. dt_out:{dt_out} is bigger than timepoint requested: {timepoint}
SAV_Julia_2000_dt_5.50e-06_Nx_256_neumann_dtout_10_25p_phi.csv
SAV_Julia_2000_dt_5.50e-06_Nx_256_neumann_dtout_10_25p_phi.csv
126.67124502474371
NMG_Julia_2000_dt_5.50e-06_Nx_128_periodic_dtout_10_25p_movie.avi
SAV_Julia_2000_dt_5.50e-06_Nx_512_neumann_dtout_10_movie.avi
SAV_Julia_2000_dt_5.50e-06_Nx_128_neumann_dtout_2000_25p_phi.csv
SAV_Julia_2000_dt_5.50e-06_Nx_128_neumann_dtout_2000_25p_phi.csv
Timepoint not recorded. dt_out:{dt_out} is bigger than timepoint requested: {timepoint}
NMG_Julia_2000_dt_5.50e-06_Nx_256_neumann_dtout_10_75p_phi.csv
NMG_Julia_2000_dt_5.50e-06_Nx_256_neumann_dtout_10_75p_phi.csv
115.87786452613601
SAV_Julia_2000_dt_5.50e-06_Nx_128_neumann_dtout_10_energy.csv
SAV_Julia_2000_dt_5.50e-06_Nx_512_periodic_dtout_10_75p_movie.avi
SAV_Julia_2000_dt_5.50e-06_Nx_128_periodic_dtout_10_75p_movie.avi
NMG_Julia_2000_dt_5.50e-06_Nx_512_periodic_dtout_10_energy.csv
SAV_Julia_2000_dt_5.50e-06_Nx_64_neumann_dtout_10_25p_movie.avi
SAV_Julia_2000_dt_5.50e-06_Nx_512_neumann_dtout_10_t_out.csv
NMG_Julia_2000_dt_5.50e-06_Nx_128_neumann_dtout_10_75p_energy.csv
SAV_Julia_2000_dt_5.50e-06_Nx_512_neumann_dtout_10_25p_phi.csv
SAV_Julia_2000_dt_5.50e-06_Nx_512_neumann_dtout_10_25p_phi.csv
256.0549811090598
NMG_Julia_2000_dt_5.50e-06_Nx_64_neumann_dtout_2000_phi.csv
NMG_Julia_2000_dt_5.50e-06_Nx_64_neumann_dtout_2000_phi.csv
Timepoint not recorded. dt_out:{dt_out} is bigger than timepoint requested: {timepoint}
SAV_Julia_2000_dt_5.50e-06_Nx_128_periodic_dtout_10_75p_mass.csv
NMG_Julia_2000_dt_5.50e-06_Nx_128_neumann_dtout_10_25p_t_out.csv
SAV_Julia_2000_dt_5.50e-06_Nx_256_periodic_dtout_2000_phi.csv
SAV_Julia_2000_dt_5.50e-06_Nx_256_periodic_dtout_2000_phi.csv
Timepoint not recorded. dt_out:{dt_out} is bigger than timepoint requested: {timepoint}
SAV_Julia_2000_dt_5.50e-06_Nx_64_neumann_dtout_2000_phi.csv
SAV_Julia_2000_dt_5.50e-06_Nx_64_neumann_dtout_2000_phi.csv
Timepoint not recorded. dt_out:{dt_out} is bigger than timepoint requested: {timepoint}
SAV_Julia_2000_dt_5.50e-06_Nx_128_periodic_dtout_10_75p_phi.csv
SAV_Julia_2000_dt_5.50e-06_Nx_128_periodic_dtout_10_75p_phi.csv
63.1666069596531
NMG_Julia_2000_dt_5.50e-06_Nx_512_neumann_dtout_10_energy.csv
SAV_Julia_2000_dt_5.50e-06_Nx_128_periodic_dtout_10_25p_mass.csv
NMG_Julia_2000_dt_5.50e-06_Nx_64_periodic_dtout_10_phi.csv
NMG_Julia_2000_dt_5.50e-06_Nx_64_periodic_dtout_10_phi.csv
1.6953339171156343
SAV_Julia_2000_dt_5.50e-06_Nx_64_periodic_dtout_10_mass.csv
NMG_Julia_2000_dt_5.50e-06_Nx_256_neumann_dtout_10_75p_mass.csv
SAV_Julia_2000_dt_5.50e-06_Nx_128_periodic_dtout_10_energy.csv
SAV_Julia_2000_dt_5.50e-06_Nx_512_neumann_dtout_2000_phi.csv
SAV_Julia_2000_dt_5.50e-06_Nx_512_neumann_dtout_2000_phi.csv
Timepoint not recorded. dt_out:{dt_out} is bigger than timepoint requested: {timepoint}
SAV_Julia_2000_dt_5.50e-06_Nx_256_neumann_dtout_10_movie.avi
NMG_Julia_2000_dt_5.50e-06_Nx_128_neumann_dtout_10_energy.csv
SAV_Julia_2000_dt_5.50e-06_Nx_64_periodic_dtout_10_movie.avi
SAV_Julia_2000_dt_5.50e-06_Nx_128_periodic_dtout_10_mass.csv
NMG_Julia_2000_dt_5.50e-06_Nx_64_periodic_dtout_10_75p_mass.csv
NMG_Julia_2000_dt_5.50e-06_Nx_64_periodic_dtout_2000_phi.csv
NMG_Julia_2000_dt_5.50e-06_Nx_64_periodic_dtout_2000_phi.csv
Timepoint not recorded. dt_out:{dt_out} is bigger than timepoint requested: {timepoint}
NMG_Julia_2000_dt_5.50e-06_Nx_64_periodic_dtout_2000_75p_phi.csv
NMG_Julia_2000_dt_5.50e-06_Nx_64_periodic_dtout_2000_75p_phi.csv
Timepoint not recorded. dt_out:{dt_out} is bigger than timepoint requested: {timepoint}
NMG_Julia_2000_dt_5.50e-06_Nx_512_neumann_dtout_10_25p_phi.csv
NMG_Julia_2000_dt_5.50e-06_Nx_512_neumann_dtout_10_25p_phi.csv
198.12079331600242
NMG_Julia_2000_dt_5.50e-06_Nx_128_neumann_dtout_10_75p_mass.csv
NMG_Julia_2000_dt_5.50e-06_Nx_64_neumann_dtout_10_25p_mass.csv
NMG_Julia_2000_dt_5.50e-06_Nx_128_periodic_dtout_10_25p_mass.csv
SAV_Julia_2000_dt_5.50e-06_Nx_256_neumann_dtout_2000_25p_phi.csv
SAV_Julia_2000_dt_5.50e-06_Nx_256_neumann_dtout_2000_25p_phi.csv
Timepoint not recorded. dt_out:{dt_out} is bigger than timepoint requested: {timepoint}
SAV_Julia_2000_dt_5.50e-06_Nx_256_neumann_dtout_2000_75p_phi.csv
SAV_Julia_2000_dt_5.50e-06_Nx_256_neumann_dtout_2000_75p_phi.csv
Timepoint not recorded. dt_out:{dt_out} is bigger than timepoint requested: {timepoint}
NMG_Julia_2000_dt_5.50e-06_Nx_128_periodic_dtout_10_25p_energy.csv
SAV_Julia_2000_dt_5.50e-06_Nx_512_periodic_dtout_10_phi.csv
SAV_Julia_2000_dt_5.50e-06_Nx_512_periodic_dtout_10_phi.csv
179.4995071797884
NMG_Julia_2000_dt_5.50e-06_Nx_128_periodic_dtout_10_mass.csv
NMG_Julia_2000_dt_5.50e-06_Nx_128_periodic_dtout_10_phi.csv
NMG_Julia_2000_dt_5.50e-06_Nx_128_periodic_dtout_10_phi.csv
5.498736769083606
NMG_Julia_2000_dt_5.50e-06_Nx_128_neumann_dtout_2000_75p_phi.csv
NMG_Julia_2000_dt_5.50e-06_Nx_128_neumann_dtout_2000_75p_phi.csv
Timepoint not recorded. dt_out:{dt_out} is bigger than timepoint requested: {timepoint}
SAV_Julia_2000_dt_5.50e-06_Nx_128_neumann_dtout_10_25p_movie.avi
NMG_Julia_2000_dt_5.50e-06_Nx_256_periodic_dtout_10_25p_mass.csv
NMG_Julia_2000_dt_5.50e-06_Nx_512_neumann_dtout_10_25p_movie.avi
NMG_Julia_2000_dt_5.50e-06_Nx_64_periodic_dtout_10_75p_t_out.csv
NMG_Julia_2000_dt_5.50e-06_Nx_256_neumann_dtout_10_75p_t_out.csv
NMG_Julia_2000_dt_5.50e-06_Nx_256_periodic_dtout_10_t_out.csv
SAV_Julia_2000_dt_5.50e-06_Nx_512_neumann_dtout_10_25p_t_out.csv
NMG_Julia_2000_dt_5.50e-06_Nx_512_periodic_dtout_2000_25p_phi.csv
NMG_Julia_2000_dt_5.50e-06_Nx_512_periodic_dtout_2000_25p_phi.csv
Timepoint not recorded. dt_out:{dt_out} is bigger than timepoint requested: {timepoint}
SAV_Julia_2000_dt_5.50e-06_Nx_64_periodic_dtout_2000_25p_phi.csv
SAV_Julia_2000_dt_5.50e-06_Nx_64_periodic_dtout_2000_25p_phi.csv
Timepoint not recorded. dt_out:{dt_out} is bigger than timepoint requested: {timepoint}
NMG_Julia_2000_dt_5.50e-06_Nx_512_periodic_dtout_10_movie.avi
NMG_Julia_2000_dt_5.50e-06_Nx_64_periodic_dtout_10_25p_t_out.csv
SAV_Julia_2000_dt_5.50e-06_Nx_256_neumann_dtout_10_25p_mass.csv
NMG_Julia_2000_dt_5.50e-06_Nx_128_neumann_dtout_10_25p_phi.csv
NMG_Julia_2000_dt_5.50e-06_Nx_128_neumann_dtout_10_25p_phi.csv
61.76795498132722
NMG_Julia_2000_dt_5.50e-06_Nx_512_periodic_dtout_10_75p_movie.avi
SAV_Julia_2000_dt_5.50e-06_Nx_256_periodic_dtout_10_25p_t_out.csv
NMG_Julia_2000_dt_5.50e-06_Nx_64_periodic_dtout_10_25p_mass.csv
SAV_Julia_2000_dt_5.50e-06_Nx_64_neumann_dtout_10_movie.avi
SAV_Julia_2000_dt_5.50e-06_Nx_256_periodic_dtout_10_75p_energy.csv
SAV_Julia_2000_dt_5.50e-06_Nx_64_periodic_dtout_10_75p_t_out.csv
SAV_Julia_2000_dt_5.50e-06_Nx_512_periodic_dtout_10_25p_movie.avi
NMG_Julia_2000_dt_5.50e-06_Nx_512_neumann_dtout_10_75p_t_out.csv
NMG_Julia_2000_dt_5.50e-06_Nx_64_periodic_dtout_10_energy.csv
NMG_Julia_2000_dt_5.50e-06_Nx_512_periodic_dtout_10_75p_energy.csv
NMG_Julia_2000_dt_5.50e-06_Nx_512_periodic_dtout_2000_phi.csv
NMG_Julia_2000_dt_5.50e-06_Nx_512_periodic_dtout_2000_phi.csv
Timepoint not recorded. dt_out:{dt_out} is bigger than timepoint requested: {timepoint}
NMG_Julia_2000_dt_5.50e-06_Nx_64_periodic_dtout_10_75p_phi.csv
NMG_Julia_2000_dt_5.50e-06_Nx_64_periodic_dtout_10_75p_phi.csv
31.41585253105682
NMG_Julia_2000_dt_5.50e-06_Nx_64_neumann_dtout_10_t_out.csv
NMG_Julia_2000_dt_5.50e-06_Nx_128_neumann_dtout_10_mass.csv
SAV_Julia_2000_dt_5.50e-06_Nx_64_periodic_dtout_10_energy.csv
SAV_Julia_2000_dt_5.50e-06_Nx_64_periodic_dtout_10_t_out.csv
SAV_Julia_2000_dt_5.50e-06_Nx_256_neumann_dtout_10_25p_movie.avi
SAV_Julia_2000_dt_5.50e-06_Nx_128_neumann_dtout_10_75p_mass.csv
SAV_Julia_2000_dt_5.50e-06_Nx_64_neumann_dtout_2000_75p_phi.csv
SAV_Julia_2000_dt_5.50e-06_Nx_64_neumann_dtout_2000_75p_phi.csv
Timepoint not recorded. dt_out:{dt_out} is bigger than timepoint requested: {timepoint}
SAV_Julia_2000_dt_5.50e-06_Nx_256_neumann_dtout_10_75p_t_out.csv
NMG_Julia_2000_dt_5.50e-06_Nx_64_periodic_dtout_10_75p_energy.csv
SAV_Julia_2000_dt_5.50e-06_Nx_128_neumann_dtout_2000_75p_phi.csv
SAV_Julia_2000_dt_5.50e-06_Nx_128_neumann_dtout_2000_75p_phi.csv
Timepoint not recorded. dt_out:{dt_out} is bigger than timepoint requested: {timepoint}
SAV_Julia_2000_dt_5.50e-06_Nx_64_periodic_dtout_2000_75p_phi.csv
SAV_Julia_2000_dt_5.50e-06_Nx_64_periodic_dtout_2000_75p_phi.csv
Timepoint not recorded. dt_out:{dt_out} is bigger than timepoint requested: {timepoint}
SAV_Julia_2000_dt_5.50e-06_Nx_512_neumann_dtout_10_energy.csv
SAV_Julia_2000_dt_5.50e-06_Nx_128_periodic_dtout_10_75p_t_out.csv
SAV_Julia_2000_dt_5.50e-06_Nx_128_neumann_dtout_10_phi.csv
SAV_Julia_2000_dt_5.50e-06_Nx_128_neumann_dtout_10_phi.csv
5.856340417585468
NMG_Julia_2000_dt_5.50e-06_Nx_64_neumann_dtout_10_75p_movie.avi
NMG_Julia_2000_dt_5.50e-06_Nx_64_periodic_dtout_10_25p_movie.avi
NMG_Julia_2000_dt_5.50e-06_Nx_512_periodic_dtout_10_mass.csv
SAV_Julia_2000_dt_5.50e-06_Nx_64_periodic_dtout_10_25p_t_out.csv
NMG_Julia_2000_dt_5.50e-06_Nx_512_neumann_dtout_10_75p_phi.csv
NMG_Julia_2000_dt_5.50e-06_Nx_512_neumann_dtout_10_75p_phi.csv
198.13809653520192
SAV_Julia_2000_dt_5.50e-06_Nx_256_neumann_dtout_10_phi.csv
SAV_Julia_2000_dt_5.50e-06_Nx_256_neumann_dtout_10_phi.csv
25.218930997077425
NMG_Julia_2000_dt_5.50e-06_Nx_512_neumann_dtout_2000_25p_phi.csv
NMG_Julia_2000_dt_5.50e-06_Nx_512_neumann_dtout_2000_25p_phi.csv
Timepoint not recorded. dt_out:{dt_out} is bigger than timepoint requested: {timepoint}
NMG_Julia_2000_dt_5.50e-06_Nx_256_periodic_dtout_10_25p_phi.csv
NMG_Julia_2000_dt_5.50e-06_Nx_256_periodic_dtout_10_25p_phi.csv
115.83781553494107
NMG_Julia_2000_dt_5.50e-06_Nx_256_neumann_dtout_10_phi.csv
NMG_Julia_2000_dt_5.50e-06_Nx_256_neumann_dtout_10_phi.csv
21.21260503377975
SAV_Julia_2000_dt_5.50e-06_Nx_128_neumann_dtout_2000_phi.csv
SAV_Julia_2000_dt_5.50e-06_Nx_128_neumann_dtout_2000_phi.csv
Timepoint not recorded. dt_out:{dt_out} is bigger than timepoint requested: {timepoint}
SAV_Julia_2000_dt_5.50e-06_Nx_64_periodic_dtout_10_75p_mass.csv
NMG_Julia_2000_dt_5.50e-06_Nx_256_periodic_dtout_10_75p_phi.csv
NMG_Julia_2000_dt_5.50e-06_Nx_256_periodic_dtout_10_75p_phi.csv
115.83753575434164
SAV_Julia_2000_dt_5.50e-06_Nx_512_periodic_dtout_10_25p_energy.csv
SAV_Julia_2000_dt_5.50e-06_Nx_512_neumann_dtout_10_75p_energy.csv
SAV_Julia_2000_dt_5.50e-06_Nx_64_periodic_dtout_10_75p_movie.avi
NMG_Julia_2000_dt_5.50e-06_Nx_256_periodic_dtout_10_75p_energy.csv
SAV_Julia_2000_dt_5.50e-06_Nx_256_neumann_dtout_10_75p_mass.csv
SAV_Julia_2000_dt_5.50e-06_Nx_64_neumann_dtout_10_25p_phi.csv
SAV_Julia_2000_dt_5.50e-06_Nx_64_neumann_dtout_10_25p_phi.csv
31.549120963391
SAV_Julia_2000_dt_5.50e-06_Nx_128_neumann_dtout_10_25p_energy.csv
NMG_Julia_2000_dt_5.50e-06_Nx_512_neumann_dtout_10_phi.csv
NMG_Julia_2000_dt_5.50e-06_Nx_512_neumann_dtout_10_phi.csv
75.30144693916402
SAV_Julia_2000_dt_5.50e-06_Nx_64_neumann_dtout_10_25p_mass.csv
SAV_Julia_2000_dt_5.50e-06_Nx_64_neumann_dtout_10_25p_t_out.csv
NMG_Julia_2000_dt_5.50e-06_Nx_512_periodic_dtout_10_t_out.csv
NMG_Julia_2000_dt_5.50e-06_Nx_512_periodic_dtout_10_25p_energy.csv
NMG_Julia_2000_dt_5.50e-06_Nx_64_neumann_dtout_10_75p_energy.csv
SAV_Julia_2000_dt_5.50e-06_Nx_256_periodic_dtout_10_25p_energy.csv
SAV_Julia_2000_dt_5.50e-06_Nx_64_neumann_dtout_10_t_out.csv
SAV_Julia_2000_dt_5.50e-06_Nx_256_neumann_dtout_10_mass.csv
SAV_Julia_2000_dt_5.50e-06_Nx_64_neumann_dtout_10_75p_energy.csv
SAV_Julia_2000_dt_5.50e-06_Nx_128_neumann_dtout_10_25p_phi.csv
SAV_Julia_2000_dt_5.50e-06_Nx_128_neumann_dtout_10_25p_phi.csv
63.168919102051035
NMG_Julia_2000_dt_5.50e-06_Nx_512_periodic_dtout_10_75p_phi.csv
NMG_Julia_2000_dt_5.50e-06_Nx_512_periodic_dtout_10_75p_phi.csv
198.07575256711462
SAV_Julia_2000_dt_5.50e-06_Nx_512_neumann_dtout_2000_75p_phi.csv
SAV_Julia_2000_dt_5.50e-06_Nx_512_neumann_dtout_2000_75p_phi.csv
Timepoint not recorded. dt_out:{dt_out} is bigger than timepoint requested: {timepoint}
NMG_Julia_2000_dt_5.50e-06_Nx_256_neumann_dtout_10_25p_movie.avi
SAV_Julia_2000_dt_5.50e-06_Nx_128_periodic_dtout_2000_25p_phi.csv
SAV_Julia_2000_dt_5.50e-06_Nx_128_periodic_dtout_2000_25p_phi.csv
Timepoint not recorded. dt_out:{dt_out} is bigger than timepoint requested: {timepoint}
NMG_Julia_2000_dt_5.50e-06_Nx_64_neumann_dtout_10_movie.avi
NMG_Julia_2000_dt_5.50e-06_Nx_512_neumann_dtout_10_t_out.csv
SAV_Julia_2000_dt_5.50e-06_Nx_256_periodic_dtout_10_25p_phi.csv
SAV_Julia_2000_dt_5.50e-06_Nx_256_periodic_dtout_10_25p_phi.csv
126.65598306274632
SAV_Julia_2000_dt_5.50e-06_Nx_512_periodic_dtout_2000_phi.csv
SAV_Julia_2000_dt_5.50e-06_Nx_512_periodic_dtout_2000_phi.csv
Timepoint not recorded. dt_out:{dt_out} is bigger than timepoint requested: {timepoint}
NMG_Julia_2000_dt_5.50e-06_Nx_128_periodic_dtout_10_energy.csv
NMG_Julia_2000_dt_5.50e-06_Nx_512_neumann_dtout_10_25p_energy.csv
NMG_Julia_2000_dt_5.50e-06_Nx_128_neumann_dtout_10_movie.avi
NMG_Julia_2000_dt_5.50e-06_Nx_64_neumann_dtout_10_energy.csv
NMG_Julia_2000_dt_5.50e-06_Nx_256_neumann_dtout_2000_25p_phi.csv
NMG_Julia_2000_dt_5.50e-06_Nx_256_neumann_dtout_2000_25p_phi.csv
Timepoint not recorded. dt_out:{dt_out} is bigger than timepoint requested: {timepoint}
SAV_Julia_2000_dt_5.50e-06_Nx_256_periodic_dtout_10_75p_movie.avi
NMG_Julia_2000_dt_5.50e-06_Nx_128_periodic_dtout_10_75p_movie.avi
SAV_Julia_2000_dt_5.50e-06_Nx_256_periodic_dtout_10_movie.avi
NMG_Julia_2000_dt_5.50e-06_Nx_128_neumann_dtout_10_75p_phi.csv
NMG_Julia_2000_dt_5.50e-06_Nx_128_neumann_dtout_10_75p_phi.csv
61.77007551535894
NMG_Julia_2000_dt_5.50e-06_Nx_512_periodic_dtout_10_25p_phi.csv
NMG_Julia_2000_dt_5.50e-06_Nx_512_periodic_dtout_10_25p_phi.csv
198.06005652735988
NMG_Julia_2000_dt_5.50e-06_Nx_256_periodic_dtout_10_75p_movie.avi
NMG_Julia_2000_dt_5.50e-06_Nx_256_neumann_dtout_10_energy.csv
NMG_Julia_2000_dt_5.50e-06_Nx_64_neumann_dtout_2000_25p_phi.csv
NMG_Julia_2000_dt_5.50e-06_Nx_64_neumann_dtout_2000_25p_phi.csv
Timepoint not recorded. dt_out:{dt_out} is bigger than timepoint requested: {timepoint}
SAV_Julia_2000_dt_5.50e-06_Nx_64_periodic_dtout_2000_phi.csv
SAV_Julia_2000_dt_5.50e-06_Nx_64_periodic_dtout_2000_phi.csv
Timepoint not recorded. dt_out:{dt_out} is bigger than timepoint requested: {timepoint}
SAV_Julia_2000_dt_5.50e-06_Nx_64_neumann_dtout_10_75p_phi.csv
SAV_Julia_2000_dt_5.50e-06_Nx_64_neumann_dtout_10_75p_phi.csv
31.54892330730266
SAV_Julia_2000_dt_5.50e-06_Nx_64_periodic_dtout_10_75p_phi.csv
SAV_Julia_2000_dt_5.50e-06_Nx_64_periodic_dtout_10_75p_phi.csv
31.547024492321196
SAV_Julia_2000_dt_5.50e-06_Nx_128_periodic_dtout_10_25p_t_out.csv
SAV_Julia_2000_dt_5.50e-06_Nx_512_neumann_dtout_10_mass.csv
NMG_Julia_2000_dt_5.50e-06_Nx_256_neumann_dtout_10_75p_energy.csv
NMG_Julia_2000_dt_5.50e-06_Nx_64_periodic_dtout_10_25p_phi.csv
NMG_Julia_2000_dt_5.50e-06_Nx_64_periodic_dtout_10_25p_phi.csv
31.426593630261998
NMG_Julia_2000_dt_5.50e-06_Nx_128_neumann_dtout_10_75p_movie.avi
NMG_Julia_2000_dt_5.50e-06_Nx_64_periodic_dtout_10_mass.csv
NMG_Julia_2000_dt_5.50e-06_Nx_512_periodic_dtout_10_25p_t_out.csv
NMG_Julia_2000_dt_5.50e-06_Nx_128_neumann_dtout_10_25p_mass.csv
SAV_Julia_2000_dt_5.50e-06_Nx_128_neumann_dtout_10_75p_energy.csv
SAV_Julia_2000_dt_5.50e-06_Nx_64_periodic_dtout_10_phi.csv
SAV_Julia_2000_dt_5.50e-06_Nx_64_periodic_dtout_10_phi.csv
1.6769473746248582
SAV_Julia_2000_dt_5.50e-06_Nx_256_neumann_dtout_10_75p_phi.csv
SAV_Julia_2000_dt_5.50e-06_Nx_256_neumann_dtout_10_75p_phi.csv
126.70243618237625
NMG_Julia_2000_dt_5.50e-06_Nx_256_periodic_dtout_10_25p_movie.avi
NMG_Julia_2000_dt_5.50e-06_Nx_64_periodic_dtout_10_movie.avi
SAV_Julia_2000_dt_5.50e-06_Nx_128_neumann_dtout_10_75p_movie.avi
SAV_Julia_2000_dt_5.50e-06_Nx_64_neumann_dtout_10_75p_t_out.csv
SAV_Julia_2000_dt_5.50e-06_Nx_64_neumann_dtout_10_energy.csv
NMG_Julia_2000_dt_5.50e-06_Nx_512_neumann_dtout_10_75p_energy.csv
SAV_Julia_2000_dt_5.50e-06_Nx_128_neumann_dtout_10_t_out.csv
SAV_Julia_2000_dt_5.50e-06_Nx_64_neumann_dtout_10_mass.csv
NMG_Julia_2000_dt_5.50e-06_Nx_64_periodic_dtout_10_75p_movie.avi
NMG_Julia_2000_dt_5.50e-06_Nx_512_periodic_dtout_10_25p_movie.avi
NMG_Julia_2000_dt_5.50e-06_Nx_64_neumann_dtout_10_25p_movie.avi
SAV_Julia_2000_dt_5.50e-06_Nx_128_neumann_dtout_10_25p_t_out.csv
SAV_Julia_2000_dt_5.50e-06_Nx_256_neumann_dtout_10_25p_energy.csv
SAV_Julia_2000_dt_5.50e-06_Nx_256_neumann_dtout_10_25p_t_out.csv
SAV_Julia_2000_dt_5.50e-06_Nx_128_periodic_dtout_10_75p_energy.csv
NMG_Julia_2000_dt_5.50e-06_Nx_256_neumann_dtout_10_25p_phi.csv
NMG_Julia_2000_dt_5.50e-06_Nx_256_neumann_dtout_10_25p_phi.csv
115.86447171457472
SAV_Julia_2000_dt_5.50e-06_Nx_256_periodic_dtout_10_t_out.csv
SAV_Julia_2000_dt_5.50e-06_Nx_512_neumann_dtout_10_25p_mass.csv
SAV_Julia_2000_dt_5.50e-06_Nx_256_periodic_dtout_10_75p_phi.csv
SAV_Julia_2000_dt_5.50e-06_Nx_256_periodic_dtout_10_75p_phi.csv
126.68599256034679
NMG_Julia_2000_dt_5.50e-06_Nx_256_periodic_dtout_10_75p_t_out.csv
NMG_Julia_2000_dt_5.50e-06_Nx_128_periodic_dtout_10_t_out.csv
SAV_Julia_2000_dt_5.50e-06_Nx_64_neumann_dtout_10_phi.csv
SAV_Julia_2000_dt_5.50e-06_Nx_64_neumann_dtout_10_phi.csv
1.7641420142153477
SAV_Julia_2000_dt_5.50e-06_Nx_128_periodic_dtout_2000_75p_phi.csv
SAV_Julia_2000_dt_5.50e-06_Nx_128_periodic_dtout_2000_75p_phi.csv
Timepoint not recorded. dt_out:{dt_out} is bigger than timepoint requested: {timepoint}
SAV_Julia_2000_dt_5.50e-06_Nx_128_periodic_dtout_10_movie.avi
NMG_Julia_2000_dt_5.50e-06_Nx_256_periodic_dtout_10_movie.avi
NMG_Julia_2000_dt_5.50e-06_Nx_256_periodic_dtout_10_phi.csv
NMG_Julia_2000_dt_5.50e-06_Nx_256_periodic_dtout_10_phi.csv
20.77525439934636
NMG_Julia_2000_dt_5.50e-06_Nx_256_neumann_dtout_10_25p_energy.csv
NMG_Julia_2000_dt_5.50e-06_Nx_128_neumann_dtout_10_25p_energy.csv
SAV_Julia_2000_dt_5.50e-06_Nx_128_periodic_dtout_10_25p_energy.csv
NMG_Julia_2000_dt_5.50e-06_Nx_128_periodic_dtout_10_75p_phi.csv
NMG_Julia_2000_dt_5.50e-06_Nx_128_periodic_dtout_10_75p_phi.csv
61.7456253391327
NMG_Julia_2000_dt_5.50e-06_Nx_256_periodic_dtout_10_25p_t_out.csv
NMG_Julia_2000_dt_5.50e-06_Nx_256_periodic_dtout_10_25p_energy.csv
SAV_Julia_2000_dt_5.50e-06_Nx_128_neumann_dtout_10_movie.avi
SAV_Julia_2000_dt_5.50e-06_Nx_256_periodic_dtout_10_energy.csv
SAV_Julia_2000_dt_5.50e-06_Nx_256_periodic_dtout_10_25p_mass.csv
SAV_Julia_2000_dt_5.50e-06_Nx_256_periodic_dtout_10_phi.csv
SAV_Julia_2000_dt_5.50e-06_Nx_256_periodic_dtout_10_phi.csv
24.87856764984002
NMG_Julia_2000_dt_5.50e-06_Nx_128_periodic_dtout_10_25p_phi.csv
NMG_Julia_2000_dt_5.50e-06_Nx_128_periodic_dtout_10_25p_phi.csv
61.76641690345253
NMG_Julia_2000_dt_5.50e-06_Nx_64_periodic_dtout_10_t_out.csv
NMG_Julia_2000_dt_5.50e-06_Nx_256_neumann_dtout_10_t_out.csv
NMG_Julia_2000_dt_5.50e-06_Nx_64_neumann_dtout_2000_75p_phi.csv
NMG_Julia_2000_dt_5.50e-06_Nx_64_neumann_dtout_2000_75p_phi.csv
Timepoint not recorded. dt_out:{dt_out} is bigger than timepoint requested: {timepoint}
NMG_Julia_2000_dt_5.50e-06_Nx_256_neumann_dtout_10_25p_mass.csv
SAV_Julia_2000_dt_5.50e-06_Nx_64_periodic_dtout_10_25p_movie.avi
SAV_Julia_2000_dt_5.50e-06_Nx_256_neumann_dtout_10_75p_energy.csv
NMG_Julia_2000_dt_5.50e-06_Nx_128_neumann_dtout_10_25p_movie.avi
NMG_Julia_2000_dt_5.50e-06_Nx_512_neumann_dtout_10_25p_t_out.csv
NMG_Julia_2000_dt_5.50e-06_Nx_64_periodic_dtout_2000_25p_phi.csv
NMG_Julia_2000_dt_5.50e-06_Nx_64_periodic_dtout_2000_25p_phi.csv
Timepoint not recorded. dt_out:{dt_out} is bigger than timepoint requested: {timepoint}
NMG_Julia_2000_dt_5.50e-06_Nx_256_neumann_dtout_2000_75p_phi.csv
NMG_Julia_2000_dt_5.50e-06_Nx_256_neumann_dtout_2000_75p_phi.csv
Timepoint not recorded. dt_out:{dt_out} is bigger than timepoint requested: {timepoint}
SAV_Julia_2000_dt_5.50e-06_Nx_512_neumann_dtout_2000_25p_phi.csv
SAV_Julia_2000_dt_5.50e-06_Nx_512_neumann_dtout_2000_25p_phi.csv
Timepoint not recorded. dt_out:{dt_out} is bigger than timepoint requested: {timepoint}
SAV_Julia_2000_dt_5.50e-06_Nx_64_neumann_dtout_10_75p_movie.avi
NMG_Julia_2000_dt_5.50e-06_Nx_512_neumann_dtout_2000_75p_phi.csv
NMG_Julia_2000_dt_5.50e-06_Nx_512_neumann_dtout_2000_75p_phi.csv
Timepoint not recorded. dt_out:{dt_out} is bigger than timepoint requested: {timepoint}
NMG_Julia_2000_dt_5.50e-06_Nx_512_neumann_dtout_10_movie.avi
NMG_Julia_2000_dt_5.50e-06_Nx_256_periodic_dtout_2000_25p_phi.csv
NMG_Julia_2000_dt_5.50e-06_Nx_256_periodic_dtout_2000_25p_phi.csv
Timepoint not recorded. dt_out:{dt_out} is bigger than timepoint requested: {timepoint}
NMG_Julia_2000_dt_5.50e-06_Nx_512_periodic_dtout_10_phi.csv
NMG_Julia_2000_dt_5.50e-06_Nx_512_periodic_dtout_10_phi.csv
74.59249548626549
NMG_Julia_2000_dt_5.50e-06_Nx_128_periodic_dtout_2000_25p_phi.csv
NMG_Julia_2000_dt_5.50e-06_Nx_128_periodic_dtout_2000_25p_phi.csv
Timepoint not recorded. dt_out:{dt_out} is bigger than timepoint requested: {timepoint}
SAV_Julia_2000_dt_5.50e-06_Nx_64_periodic_dtout_10_25p_energy.csv
NMG_Julia_2000_dt_5.50e-06_Nx_128_periodic_dtout_10_75p_energy.csv
NMG_Julia_2000_dt_5.50e-06_Nx_128_periodic_dtout_10_movie.avi
SAV_Julia_2000_dt_5.50e-06_Nx_64_periodic_dtout_10_25p_phi.csv
SAV_Julia_2000_dt_5.50e-06_Nx_64_periodic_dtout_10_25p_phi.csv
31.54768527176153
SAV_Julia_2000_dt_5.50e-06_Nx_256_periodic_dtout_10_75p_mass.csv
NMG_Python_20_dt_5.50e-06_Nx_128_periodic_dtout_1_25presidual.csv
NMG_Python_20_dt_5.50e-06_Nx_256_periodic_dtout_20_25pphi.csv
NMG_Python_20_dt_5.50e-06_Nx_256_periodic_dtout_20_25pphi.csv
NMG_Python_20_dt_5.50e-06_Nx_256_periodic_dtout_20_25pphi.csv is not in the correct format for calculating norm.
NMG_Python_20_dt_5.50e-06_Nx_64_periodic_dtout_1_25penergy.csv
NMG_Python_20_dt_5.50e-06_Nx_256_periodic_dtout_1residual.csv
spinodal_decomp_04_2025SAV_Python_2000_dt_5.50e-06_Nx_256_neumann_dtout_2000phi.csv
spinodal_decomp_04_2025SAV_Python_2000_dt_5.50e-06_Nx_256_neumann_dtout_2000phi.csv
Timepoint not recorded. dt_out:{dt_out} is bigger than timepoint requested: {timepoint}
NMG_Python_20_dt_5.50e-06_Nx_256_periodic_dtout_1_75penergy.csv
NMG_Python_20_dt_5.50e-06_Nx_512_neumann_dtout_1_25pphi.csv
NMG_Python_20_dt_5.50e-06_Nx_512_neumann_dtout_1_25pphi.csv
NMG_Python_20_dt_5.50e-06_Nx_512_neumann_dtout_1_25pphi.csv is not in the correct format for calculating norm.
spinodal_decomp_04_2025SAV_Python_2000_dt_5.50e-06_Nx_128_periodic_dtout_10mass.csv
NMG_Python_20_dt_5.50e-06_Nx_64_neumann_dtout_1_75pmass.csv
spinodal_decomp_04_2025NMG_Python_200_dt_5.50e-06_Nx_512_neumann_dtout_200residual.csv
NMG_Python_20_dt_5.50e-06_Nx_512_neumann_dtout_20_25presidual.csv
NMG_Python_20_dt_5.50e-06_Nx_64_neumann_dtout_1_25pmass.csv
SAV_Python_2000_dt_5.50e-06_Nx_512_periodic_dtout_2000_25pphi.csv
SAV_Python_2000_dt_5.50e-06_Nx_512_periodic_dtout_2000_25pphi.csv
Timepoint not recorded. dt_out:{dt_out} is bigger than timepoint requested: {timepoint}
spinodal_decomp_04_2025NMG_Python_20_dt_5.50e-06_Nx_128_neumann_dtout_10mass.csv
NMG_Python_20_dt_5.50e-06_Nx_512_periodic_dtout_1_75pmass.csv
NMG_Python_20_dt_5.50e-06_Nx_512_periodic_dtout_20phi.csv
NMG_Python_20_dt_5.50e-06_Nx_512_periodic_dtout_20phi.csv
NMG_Python_20_dt_5.50e-06_Nx_512_periodic_dtout_20phi.csv is not in the correct format for calculating norm.
SAV_Python_2000_dt_5.50e-06_Nx_64_neumann_dtout_10_25pphi.csv
SAV_Python_2000_dt_5.50e-06_Nx_64_neumann_dtout_10_25pphi.csv
SAV_Python_2000_dt_5.50e-06_Nx_64_neumann_dtout_10_25pphi.csv is not in the correct format for calculating norm.
NMG_Python_20_dt_5.50e-06_Nx_64_neumann_dtout_1_75pt_out.csv
SAV_Python_2000_dt_5.50e-06_Nx_256_periodic_dtout_10_75pmass.csv
spinodal_decomp_04_2025NMG_Python_20_dt_5.50e-06_Nx_256_neumann_dtout_10phi.csv
spinodal_decomp_04_2025NMG_Python_20_dt_5.50e-06_Nx_256_neumann_dtout_10phi.csv
spinodal_decomp_04_2025NMG_Python_20_dt_5.50e-06_Nx_256_neumann_dtout_10phi.csv is not in the correct format for calculating norm.
spinodal_decomp_04_2025NMG_Python_20_dt_5.50e-06_Nx_128_periodic_dtout_10phi.csv
spinodal_decomp_04_2025NMG_Python_20_dt_5.50e-06_Nx_128_periodic_dtout_10phi.csv
0.0
NMG_Python_20_dt_5.50e-06_Nx_128_periodic_dtout_1_75pt_out.csv
NMG_Python_20_dt_5.50e-06_Nx_128_periodic_dtout_1_75presidual.csv
spinodal_decomp_04_2025SAV_Python_2000_dt_5.50e-06_Nx_512_periodic_dtout_10t_out.csv
spinodal_decomp_04_2025NMG_Python_200_dt_5.50e-06_Nx_64_periodic_dtout_200phi.csv
spinodal_decomp_04_2025NMG_Python_200_dt_5.50e-06_Nx_64_periodic_dtout_200phi.csv
Timepoint not recorded. dt_out:{dt_out} is bigger than timepoint requested: {timepoint}
SAV_Python_2000_dt_5.50e-06_Nx_256_neumann_dtout_2000_75pphi.csv
SAV_Python_2000_dt_5.50e-06_Nx_256_neumann_dtout_2000_75pphi.csv
Timepoint not recorded. dt_out:{dt_out} is bigger than timepoint requested: {timepoint}
spinodal_decomp_04_2025NMG_Python_20_dt_5.50e-06_Nx_512_neumann_dtout_20phi.csv
spinodal_decomp_04_2025NMG_Python_20_dt_5.50e-06_Nx_512_neumann_dtout_20phi.csv
spinodal_decomp_04_2025NMG_Python_20_dt_5.50e-06_Nx_512_neumann_dtout_20phi.csv is not in the correct format for calculating norm.
NMG_Python_20_dt_5.50e-06_Nx_64_neumann_dtout_1_25presidual.csv
NMG_Python_20_dt_5.50e-06_Nx_64_neumann_dtout_1_75presidual.csv
NMG_Python_20_dt_5.50e-06_Nx_256_neumann_dtout_1_25pmass.csv
SAV_Python_2000_dt_5.50e-06_Nx_128_neumann_dtout_10_25pt_out.csv
spinodal_decomp_04_2025SAV_Python_2000_dt_5.50e-06_Nx_128_neumann_dtout_10phi.csv
spinodal_decomp_04_2025SAV_Python_2000_dt_5.50e-06_Nx_128_neumann_dtout_10phi.csv
spinodal_decomp_04_2025SAV_Python_2000_dt_5.50e-06_Nx_128_neumann_dtout_10phi.csv is not in the correct format for calculating norm.
NMG_Python_20_dt_5.50e-06_Nx_256_neumann_dtout_20_25pphi.csv
NMG_Python_20_dt_5.50e-06_Nx_256_neumann_dtout_20_25pphi.csv
NMG_Python_20_dt_5.50e-06_Nx_256_neumann_dtout_20_25pphi.csv is not in the correct format for calculating norm.
spinodal_decomp_04_2025SAV_Python_2000_dt_5.50e-06_Nx_512_periodic_dtout_10mass.csv
spinodal_decomp_04_2025NMG_Python_20_dt_5.50e-06_Nx_512_neumann_dtout_20residual.csv
spinodal_decomp_04_2025NMG_Python_20_dt_5.50e-06_Nx_512_neumann_dtout_10residual.csv
spinodal_decomp_04_2025NMG_Python_20_dt_5.50e-06_Nx_64_neumann_dtout_10residual.csv
SAV_Python_2000_dt_5.50e-06_Nx_256_neumann_dtout_10_75pphi.csv
SAV_Python_2000_dt_5.50e-06_Nx_256_neumann_dtout_10_75pphi.csv
SAV_Python_2000_dt_5.50e-06_Nx_256_neumann_dtout_10_75pphi.csv is not in the correct format for calculating norm.
spinodal_decomp_04_2025SAV_Python_2000_dt_5.50e-06_Nx_64_periodic_dtout_10t_out.csv
SAV_Python_2000_dt_5.50e-06_Nx_128_periodic_dtout_10_25penergy.csv
spinodal_decomp_04_2025SAV_Python_2000_dt_5.50e-06_Nx_128_periodic_dtout_10energy.csv
NMG_Python_20_dt_5.50e-06_Nx_256_neumann_dtout_20_25presidual.csv
SAV_Python_2000_dt_5.50e-06_Nx_256_neumann_dtout_10_75pt_out.csv
NMG_Python_20_dt_5.50e-06_Nx_128_neumann_dtout_1_75pphi.csv
NMG_Python_20_dt_5.50e-06_Nx_128_neumann_dtout_1_75pphi.csv
NMG_Python_20_dt_5.50e-06_Nx_128_neumann_dtout_1_75pphi.csv is not in the correct format for calculating norm.
NMG_Python_20_dt_5.50e-06_Nx_512_periodic_dtout_1_75penergy.csv
spinodal_decomp_04_2025NMG_Python_20_dt_5.50e-06_Nx_512_periodic_dtout_20phi.csv
spinodal_decomp_04_2025NMG_Python_20_dt_5.50e-06_Nx_512_periodic_dtout_20phi.csv
0.0
SAV_Python_2000_dt_5.50e-06_Nx_64_neumann_dtout_10_75pphi.csv
SAV_Python_2000_dt_5.50e-06_Nx_64_neumann_dtout_10_75pphi.csv
SAV_Python_2000_dt_5.50e-06_Nx_64_neumann_dtout_10_75pphi.csv is not in the correct format for calculating norm.
NMG_Python_20_dt_5.50e-06_Nx_512_periodic_dtout_1phi.csv
NMG_Python_20_dt_5.50e-06_Nx_512_periodic_dtout_1phi.csv
NMG_Python_20_dt_5.50e-06_Nx_512_periodic_dtout_1phi.csv is not in the correct format for calculating norm.
SAV_Python_2000_dt_5.50e-06_Nx_64_neumann_dtout_10_75pt_out.csv
spinodal_decomp_04_2025SAV_Python_2000_dt_5.50e-06_Nx_512_neumann_dtout_10mass.csv
SAV_Python_2000_dt_5.50e-06_Nx_64_periodic_dtout_10_75penergy.csv
NMG_Python_20_dt_5.50e-06_Nx_64_neumann_dtout_1_25penergy.csv
SAV_Python_2000_dt_5.50e-06_Nx_512_periodic_dtout_10_25pmass.csv
spinodal_decomp_04_2025NMG_Python_20_dt_5.50e-06_Nx_128_periodic_dtout_2000phi.csv
spinodal_decomp_04_2025NMG_Python_20_dt_5.50e-06_Nx_128_periodic_dtout_2000phi.csv
Timepoint not recorded. dt_out:{dt_out} is bigger than timepoint requested: {timepoint}
spinodal_decomp_04_2025NMG_Python_20_dt_5.50e-06_Nx_256_neumann_dtout_20residual.csv
NMG_Python_20_dt_5.50e-06_Nx_256_periodic_dtout_1_25pt_out.csv
NMG_Python_20_dt_5.50e-06_Nx_128_periodic_dtout_20phi.csv
NMG_Python_20_dt_5.50e-06_Nx_128_periodic_dtout_20phi.csv
NMG_Python_20_dt_5.50e-06_Nx_128_periodic_dtout_20phi.csv is not in the correct format for calculating norm.
SAV_Python_2000_dt_5.50e-06_Nx_512_neumann_dtout_2000_25pphi.csv
SAV_Python_2000_dt_5.50e-06_Nx_512_neumann_dtout_2000_25pphi.csv
Timepoint not recorded. dt_out:{dt_out} is bigger than timepoint requested: {timepoint}
spinodal_decomp_04_2025NMG_Python_200_dt_5.50e-06_Nx_256_neumann_dtout_200residual.csv
SAV_Python_2000_dt_5.50e-06_Nx_512_neumann_dtout_10_25pt_out.csv
NMG_Python_20_dt_5.50e-06_Nx_256_periodic_dtout_1t_out.csv
spinodal_decomp_04_2025NMG_Python_20_dt_5.50e-06_Nx_64_periodic_dtout_20residual.csv
spinodal_decomp_04_2025NMG_Python_200_dt_5.50e-06_Nx_128_neumann_dtout_200residual.csv
NMG_Python_20_dt_5.50e-06_Nx_128_periodic_dtout_1phi.csv
NMG_Python_20_dt_5.50e-06_Nx_128_periodic_dtout_1phi.csv
NMG_Python_20_dt_5.50e-06_Nx_128_periodic_dtout_1phi.csv is not in the correct format for calculating norm.
NMG_Python_20_dt_5.50e-06_Nx_256_neumann_dtout_1_75pmass.csv
NMG_Python_20_dt_5.50e-06_Nx_256_periodic_dtout_20_75presidual.csv
NMG_Python_20_dt_5.50e-06_Nx_64_neumann_dtout_1_25pphi.csv
NMG_Python_20_dt_5.50e-06_Nx_64_neumann_dtout_1_25pphi.csv
NMG_Python_20_dt_5.50e-06_Nx_64_neumann_dtout_1_25pphi.csv is not in the correct format for calculating norm.
spinodal_decomp_04_2025NMG_Python_200_dt_5.50e-06_Nx_64_neumann_dtout_200residual.csv
spinodal_decomp_04_2025SAV_Python_2000_dt_5.50e-06_Nx_128_neumann_dtout_10t_out.csv
SAV_Python_2000_dt_5.50e-06_Nx_128_periodic_dtout_2000_75pphi.csv
SAV_Python_2000_dt_5.50e-06_Nx_128_periodic_dtout_2000_75pphi.csv
Timepoint not recorded. dt_out:{dt_out} is bigger than timepoint requested: {timepoint}
spinodal_decomp_04_2025NMG_Python_20_dt_5.50e-06_Nx_256_periodic_dtout_2000phi.csv
spinodal_decomp_04_2025NMG_Python_20_dt_5.50e-06_Nx_256_periodic_dtout_2000phi.csv
Timepoint not recorded. dt_out:{dt_out} is bigger than timepoint requested: {timepoint}
spinodal_decomp_04_2025NMG_Python_20_dt_5.50e-06_Nx_128_neumann_dtout_10residual.csv
NMG_Python_20_dt_5.50e-06_Nx_512_periodic_dtout_1_75pphi.csv
NMG_Python_20_dt_5.50e-06_Nx_512_periodic_dtout_1_75pphi.csv
NMG_Python_20_dt_5.50e-06_Nx_512_periodic_dtout_1_75pphi.csv is not in the correct format for calculating norm.
spinodal_decomp_04_2025NMG_Python_20_dt_5.50e-06_Nx_512_neumann_dtout_10t_out.csv
NMG_Python_20_dt_5.50e-06_Nx_256_neumann_dtout_1_25pt_out.csv
NMG_Python_20_dt_5.50e-06_Nx_64_periodic_dtout_1energy.csv
spinodal_decomp_04_2025SAV_Python_2000_dt_5.50e-06_Nx_512_neumann_dtout_10t_out.csv
SAV_Python_2000_dt_5.50e-06_Nx_512_neumann_dtout_10_25pmass.csv
NMG_Python_20_dt_5.50e-06_Nx_64_periodic_dtout_20_25presidual.csv
spinodal_decomp_04_2025SAV_Python_2000_dt_5.50e-06_Nx_512_neumann_dtout_2000phi.csv
spinodal_decomp_04_2025SAV_Python_2000_dt_5.50e-06_Nx_512_neumann_dtout_2000phi.csv
Timepoint not recorded. dt_out:{dt_out} is bigger than timepoint requested: {timepoint}
spinodal_decomp_04_2025NMG_Python_20_dt_5.50e-06_Nx_512_periodic_dtout_10residual.csv
NMG_Python_20_dt_5.50e-06_Nx_512_neumann_dtout_1_25penergy.csv
NMG_Python_20_dt_5.50e-06_Nx_64_periodic_dtout_20phi.csv
NMG_Python_20_dt_5.50e-06_Nx_64_periodic_dtout_20phi.csv
NMG_Python_20_dt_5.50e-06_Nx_64_periodic_dtout_20phi.csv is not in the correct format for calculating norm.
NMG_Python_20_dt_5.50e-06_Nx_512_periodic_dtout_1mass.csv
SAV_Python_2000_dt_5.50e-06_Nx_512_periodic_dtout_10_75pphi.csv
SAV_Python_2000_dt_5.50e-06_Nx_512_periodic_dtout_10_75pphi.csv
SAV_Python_2000_dt_5.50e-06_Nx_512_periodic_dtout_10_75pphi.csv is not in the correct format for calculating norm.
NMG_Python_20_dt_5.50e-06_Nx_128_neumann_dtout_1_75pmass.csv
SAV_Python_2000_dt_5.50e-06_Nx_512_periodic_dtout_2000_75pphi.csv
SAV_Python_2000_dt_5.50e-06_Nx_512_periodic_dtout_2000_75pphi.csv
Timepoint not recorded. dt_out:{dt_out} is bigger than timepoint requested: {timepoint}
NMG_Python_20_dt_5.50e-06_Nx_512_neumann_dtout_1_75penergy.csv
spinodal_decomp_04_2025NMG_Python_20_dt_5.50e-06_Nx_64_periodic_dtout_2000phi.csv
spinodal_decomp_04_2025NMG_Python_20_dt_5.50e-06_Nx_64_periodic_dtout_2000phi.csv
Timepoint not recorded. dt_out:{dt_out} is bigger than timepoint requested: {timepoint}
NMG_Python_20_dt_5.50e-06_Nx_64_neumann_dtout_1_75pphi.csv
NMG_Python_20_dt_5.50e-06_Nx_64_neumann_dtout_1_75pphi.csv
NMG_Python_20_dt_5.50e-06_Nx_64_neumann_dtout_1_75pphi.csv is not in the correct format for calculating norm.
NMG_Python_20_dt_5.50e-06_Nx_256_periodic_dtout_1_75pt_out.csv
spinodal_decomp_04_2025NMG_Python_20_dt_5.50e-06_Nx_64_neumann_dtout_10energy.csv
spinodal_decomp_04_2025SAV_Python_2000_dt_5.50e-06_Nx_256_periodic_dtout_10t_out.csv
NMG_Python_20_dt_5.50e-06_Nx_128_periodic_dtout_20_75pphi.csv
NMG_Python_20_dt_5.50e-06_Nx_128_periodic_dtout_20_75pphi.csv
NMG_Python_20_dt_5.50e-06_Nx_128_periodic_dtout_20_75pphi.csv is not in the correct format for calculating norm.
spinodal_decomp_04_2025SAV_Python_2000_dt_5.50e-06_Nx_256_periodic_dtout_2000phi.csv
spinodal_decomp_04_2025SAV_Python_2000_dt_5.50e-06_Nx_256_periodic_dtout_2000phi.csv
Timepoint not recorded. dt_out:{dt_out} is bigger than timepoint requested: {timepoint}
SAV_Python_2000_dt_5.50e-06_Nx_64_neumann_dtout_10_75penergy.csv
NMG_Python_20_dt_5.50e-06_Nx_128_neumann_dtout_1_25pt_out.csv
SAV_Python_2000_dt_5.50e-06_Nx_512_neumann_dtout_10_75pphi.csv
SAV_Python_2000_dt_5.50e-06_Nx_512_neumann_dtout_10_75pphi.csv
SAV_Python_2000_dt_5.50e-06_Nx_512_neumann_dtout_10_75pphi.csv is not in the correct format for calculating norm.
SAV_Python_2000_dt_5.50e-06_Nx_128_periodic_dtout_2000_25pphi.csv
SAV_Python_2000_dt_5.50e-06_Nx_128_periodic_dtout_2000_25pphi.csv
Timepoint not recorded. dt_out:{dt_out} is bigger than timepoint requested: {timepoint}
spinodal_decomp_04_2025SAV_Python_2000_dt_5.50e-06_Nx_128_neumann_dtout_10mass.csv
NMG_Python_20_dt_5.50e-06_Nx_512_periodic_dtout_1_75presidual.csv
NMG_Python_20_dt_5.50e-06_Nx_256_neumann_dtout_1_25penergy.csv
NMG_Python_20_dt_5.50e-06_Nx_64_neumann_dtout_20_75pphi.csv
NMG_Python_20_dt_5.50e-06_Nx_64_neumann_dtout_20_75pphi.csv
NMG_Python_20_dt_5.50e-06_Nx_64_neumann_dtout_20_75pphi.csv is not in the correct format for calculating norm.
SAV_Python_2000_dt_5.50e-06_Nx_256_neumann_dtout_10_75penergy.csv
spinodal_decomp_04_2025SAV_Python_2000_dt_5.50e-06_Nx_256_periodic_dtout_10phi.csv
spinodal_decomp_04_2025SAV_Python_2000_dt_5.50e-06_Nx_256_periodic_dtout_10phi.csv
spinodal_decomp_04_2025SAV_Python_2000_dt_5.50e-06_Nx_256_periodic_dtout_10phi.csv is not in the correct format for calculating norm.
spinodal_decomp_04_2025NMG_Python_20_dt_5.50e-06_Nx_64_periodic_dtout_2000residual.csv
NMG_Python_20_dt_5.50e-06_Nx_256_periodic_dtout_1phi.csv
NMG_Python_20_dt_5.50e-06_Nx_256_periodic_dtout_1phi.csv
NMG_Python_20_dt_5.50e-06_Nx_256_periodic_dtout_1phi.csv is not in the correct format for calculating norm.
SAV_Python_2000_dt_5.50e-06_Nx_64_periodic_dtout_2000_25pphi.csv
SAV_Python_2000_dt_5.50e-06_Nx_64_periodic_dtout_2000_25pphi.csv
Timepoint not recorded. dt_out:{dt_out} is bigger than timepoint requested: {timepoint}
SAV_Python_2000_dt_5.50e-06_Nx_128_periodic_dtout_10_25pt_out.csv
spinodal_decomp_04_2025NMG_Python_20_dt_5.50e-06_Nx_64_neumann_dtout_10mass.csv
NMG_Python_20_dt_5.50e-06_Nx_128_periodic_dtout_1t_out.csv
spinodal_decomp_04_2025NMG_Python_20_dt_5.50e-06_Nx_512_neumann_dtout_10mass.csv
NMG_Python_20_dt_5.50e-06_Nx_128_periodic_dtout_1_25pphi.csv
NMG_Python_20_dt_5.50e-06_Nx_128_periodic_dtout_1_25pphi.csv
NMG_Python_20_dt_5.50e-06_Nx_128_periodic_dtout_1_25pphi.csv is not in the correct format for calculating norm.
NMG_Python_20_dt_5.50e-06_Nx_128_periodic_dtout_1_75penergy.csv
NMG_Python_20_dt_5.50e-06_Nx_64_periodic_dtout_1_25pt_out.csv
NMG_Python_20_dt_5.50e-06_Nx_64_periodic_dtout_1_75pmass.csv
NMG_Python_20_dt_5.50e-06_Nx_256_periodic_dtout_1mass.csv
spinodal_decomp_04_2025SAV_Python_2000_dt_5.50e-06_Nx_64_neumann_dtout_10mass.csv
spinodal_decomp_04_2025NMG_Python_200_dt_5.50e-06_Nx_512_periodic_dtout_200residual.csv
spinodal_decomp_04_2025SAV_Python_2000_dt_5.50e-06_Nx_512_periodic_dtout_10phi.csv
spinodal_decomp_04_2025SAV_Python_2000_dt_5.50e-06_Nx_512_periodic_dtout_10phi.csv
spinodal_decomp_04_2025SAV_Python_2000_dt_5.50e-06_Nx_512_periodic_dtout_10phi.csv is not in the correct format for calculating norm.
spinodal_decomp_04_2025NMG_Python_20_dt_5.50e-06_Nx_128_periodic_dtout_20phi.csv
spinodal_decomp_04_2025NMG_Python_20_dt_5.50e-06_Nx_128_periodic_dtout_20phi.csv
0.0
NMG_Python_20_dt_5.50e-06_Nx_64_periodic_dtout_20_75presidual.csv
NMG_Python_20_dt_5.50e-06_Nx_128_periodic_dtout_1_75pmass.csv
NMG_Python_20_dt_5.50e-06_Nx_64_periodic_dtout_1phi.csv
NMG_Python_20_dt_5.50e-06_Nx_64_periodic_dtout_1phi.csv
NMG_Python_20_dt_5.50e-06_Nx_64_periodic_dtout_1phi.csv is not in the correct format for calculating norm.
spinodal_decomp_04_2025SAV_Python_2000_dt_5.50e-06_Nx_64_neumann_dtout_10phi.csv
spinodal_decomp_04_2025SAV_Python_2000_dt_5.50e-06_Nx_64_neumann_dtout_10phi.csv
spinodal_decomp_04_2025SAV_Python_2000_dt_5.50e-06_Nx_64_neumann_dtout_10phi.csv is not in the correct format for calculating norm.
SAV_Python_2000_dt_5.50e-06_Nx_128_neumann_dtout_10_75pt_out.csv
NMG_Python_20_dt_5.50e-06_Nx_512_periodic_dtout_20_25presidual.csv
SAV_Python_2000_dt_5.50e-06_Nx_128_neumann_dtout_10_75penergy.csv
NMG_Python_20_dt_5.50e-06_Nx_256_periodic_dtout_20_25presidual.csv
SAV_Python_2000_dt_5.50e-06_Nx_128_neumann_dtout_10_75pmass.csv
spinodal_decomp_04_2025NMG_Python_20_dt_5.50e-06_Nx_512_neumann_dtout_10phi.csv
spinodal_decomp_04_2025NMG_Python_20_dt_5.50e-06_Nx_512_neumann_dtout_10phi.csv
spinodal_decomp_04_2025NMG_Python_20_dt_5.50e-06_Nx_512_neumann_dtout_10phi.csv is not in the correct format for calculating norm.
NMG_Python_20_dt_5.50e-06_Nx_256_periodic_dtout_20phi.csv
NMG_Python_20_dt_5.50e-06_Nx_256_periodic_dtout_20phi.csv
NMG_Python_20_dt_5.50e-06_Nx_256_periodic_dtout_20phi.csv is not in the correct format for calculating norm.
spinodal_decomp_04_2025NMG_Python_200_dt_5.50e-06_Nx_256_periodic_dtout_200phi.csv
spinodal_decomp_04_2025NMG_Python_200_dt_5.50e-06_Nx_256_periodic_dtout_200phi.csv
Timepoint not recorded. dt_out:{dt_out} is bigger than timepoint requested: {timepoint}
SAV_Python_2000_dt_5.50e-06_Nx_512_neumann_dtout_10_75pt_out.csv
SAV_Python_2000_dt_5.50e-06_Nx_64_periodic_dtout_2000_75pphi.csv
SAV_Python_2000_dt_5.50e-06_Nx_64_periodic_dtout_2000_75pphi.csv
Timepoint not recorded. dt_out:{dt_out} is bigger than timepoint requested: {timepoint}
NMG_Python_20_dt_5.50e-06_Nx_128_periodic_dtout_20_25pphi.csv
NMG_Python_20_dt_5.50e-06_Nx_128_periodic_dtout_20_25pphi.csv
NMG_Python_20_dt_5.50e-06_Nx_128_periodic_dtout_20_25pphi.csv is not in the correct format for calculating norm.
NMG_Python_20_dt_5.50e-06_Nx_64_neumann_dtout_20_25pphi.csv
NMG_Python_20_dt_5.50e-06_Nx_64_neumann_dtout_20_25pphi.csv
NMG_Python_20_dt_5.50e-06_Nx_64_neumann_dtout_20_25pphi.csv is not in the correct format for calculating norm.
SAV_Python_2000_dt_5.50e-06_Nx_128_neumann_dtout_10_25pphi.csv
SAV_Python_2000_dt_5.50e-06_Nx_128_neumann_dtout_10_25pphi.csv
SAV_Python_2000_dt_5.50e-06_Nx_128_neumann_dtout_10_25pphi.csv is not in the correct format for calculating norm.
spinodal_decomp_04_2025SAV_Python_2000_dt_5.50e-06_Nx_64_neumann_dtout_10t_out.csv
NMG_Python_20_dt_5.50e-06_Nx_512_periodic_dtout_1t_out.csv
spinodal_decomp_04_2025NMG_Python_20_dt_5.50e-06_Nx_512_periodic_dtout_20residual.csv
NMG_Python_20_dt_5.50e-06_Nx_512_neumann_dtout_1_75pt_out.csv
spinodal_decomp_04_2025NMG_Python_20_dt_5.50e-06_Nx_128_periodic_dtout_20residual.csv
spinodal_decomp_04_2025SAV_Python_2000_dt_5.50e-06_Nx_512_neumann_dtout_10energy.csv
SAV_Python_2000_dt_5.50e-06_Nx_256_periodic_dtout_10_75penergy.csv
SAV_Python_2000_dt_5.50e-06_Nx_256_periodic_dtout_2000_25pphi.csv
SAV_Python_2000_dt_5.50e-06_Nx_256_periodic_dtout_2000_25pphi.csv
Timepoint not recorded. dt_out:{dt_out} is bigger than timepoint requested: {timepoint}
spinodal_decomp_04_2025NMG_Python_20_dt_5.50e-06_Nx_512_neumann_dtout_2000residual.csv
SAV_Python_2000_dt_5.50e-06_Nx_64_periodic_dtout_10_75pmass.csv
SAV_Python_2000_dt_5.50e-06_Nx_512_periodic_dtout_10_25pt_out.csv
NMG_Python_20_dt_5.50e-06_Nx_128_neumann_dtout_1_75pt_out.csv
NMG_Python_20_dt_5.50e-06_Nx_128_neumann_dtout_1_25penergy.csv
NMG_Python_20_dt_5.50e-06_Nx_64_periodic_dtout_1_25presidual.csv
NMG_Python_20_dt_5.50e-06_Nx_256_periodic_dtout_1energy.csv
NMG_Python_20_dt_5.50e-06_Nx_512_neumann_dtout_1_25presidual.csv
SAV_Python_2000_dt_5.50e-06_Nx_512_periodic_dtout_10_75pt_out.csv
SAV_Python_2000_dt_5.50e-06_Nx_64_neumann_dtout_10_25penergy.csv
spinodal_decomp_04_2025NMG_Python_20_dt_5.50e-06_Nx_128_neumann_dtout_10phi.csv
spinodal_decomp_04_2025NMG_Python_20_dt_5.50e-06_Nx_128_neumann_dtout_10phi.csv
spinodal_decomp_04_2025NMG_Python_20_dt_5.50e-06_Nx_128_neumann_dtout_10phi.csv is not in the correct format for calculating norm.
NMG_Python_20_dt_5.50e-06_Nx_256_periodic_dtout_1_75pphi.csv
NMG_Python_20_dt_5.50e-06_Nx_256_periodic_dtout_1_75pphi.csv
NMG_Python_20_dt_5.50e-06_Nx_256_periodic_dtout_1_75pphi.csv is not in the correct format for calculating norm.
spinodal_decomp_04_2025SAV_Python_2000_dt_5.50e-06_Nx_256_neumann_dtout_10energy.csv
SAV_Python_2000_dt_5.50e-06_Nx_256_neumann_dtout_10_25penergy.csv
spinodal_decomp_04_2025NMG_Python_20_dt_5.50e-06_Nx_256_neumann_dtout_2000phi.csv
spinodal_decomp_04_2025NMG_Python_20_dt_5.50e-06_Nx_256_neumann_dtout_2000phi.csv
Timepoint not recorded. dt_out:{dt_out} is bigger than timepoint requested: {timepoint}
NMG_Python_20_dt_5.50e-06_Nx_512_neumann_dtout_1_75pmass.csv
SAV_Python_2000_dt_5.50e-06_Nx_64_neumann_dtout_10_75pmass.csv
NMG_Python_20_dt_5.50e-06_Nx_512_neumann_dtout_20_25pphi.csv
NMG_Python_20_dt_5.50e-06_Nx_512_neumann_dtout_20_25pphi.csv
NMG_Python_20_dt_5.50e-06_Nx_512_neumann_dtout_20_25pphi.csv is not in the correct format for calculating norm.
NMG_Python_20_dt_5.50e-06_Nx_256_periodic_dtout_20_75pphi.csv
NMG_Python_20_dt_5.50e-06_Nx_256_periodic_dtout_20_75pphi.csv
NMG_Python_20_dt_5.50e-06_Nx_256_periodic_dtout_20_75pphi.csv is not in the correct format for calculating norm.
NMG_Python_20_dt_5.50e-06_Nx_512_periodic_dtout_1residual.csv
NMG_Python_20_dt_5.50e-06_Nx_128_neumann_dtout_20_75presidual.csv
SAV_Python_2000_dt_5.50e-06_Nx_128_neumann_dtout_10_25pmass.csv
spinodal_decomp_04_2025NMG_Python_20_dt_5.50e-06_Nx_128_neumann_dtout_10t_out.csv
spinodal_decomp_04_2025NMG_Python_20_dt_5.50e-06_Nx_256_neumann_dtout_10residual.csv
spinodal_decomp_04_2025NMG_Python_20_dt_5.50e-06_Nx_512_periodic_dtout_2000phi.csv
spinodal_decomp_04_2025NMG_Python_20_dt_5.50e-06_Nx_512_periodic_dtout_2000phi.csv
Timepoint not recorded. dt_out:{dt_out} is bigger than timepoint requested: {timepoint}
spinodal_decomp_04_2025NMG_Python_20_dt_5.50e-06_Nx_64_neumann_dtout_2000phi.csv
spinodal_decomp_04_2025NMG_Python_20_dt_5.50e-06_Nx_64_neumann_dtout_2000phi.csv
Timepoint not recorded. dt_out:{dt_out} is bigger than timepoint requested: {timepoint}
spinodal_decomp_04_2025NMG_Python_20_dt_5.50e-06_Nx_256_neumann_dtout_10mass.csv
spinodal_decomp_04_2025NMG_Python_20_dt_5.50e-06_Nx_128_periodic_dtout_2000residual.csv
NMG_Python_20_dt_5.50e-06_Nx_512_periodic_dtout_20_75presidual.csv
SAV_Python_2000_dt_5.50e-06_Nx_64_neumann_dtout_10_25pt_out.csv
spinodal_decomp_04_2025SAV_Python_2000_dt_5.50e-06_Nx_64_neumann_dtout_2000phi.csv
spinodal_decomp_04_2025SAV_Python_2000_dt_5.50e-06_Nx_64_neumann_dtout_2000phi.csv
Timepoint not recorded. dt_out:{dt_out} is bigger than timepoint requested: {timepoint}
spinodal_decomp_04_2025NMG_Python_200_dt_5.50e-06_Nx_64_periodic_dtout_200residual.csv
spinodal_decomp_04_2025SAV_Python_2000_dt_5.50e-06_Nx_512_periodic_dtout_2000phi.csv
spinodal_decomp_04_2025SAV_Python_2000_dt_5.50e-06_Nx_512_periodic_dtout_2000phi.csv
Timepoint not recorded. dt_out:{dt_out} is bigger than timepoint requested: {timepoint}
SAV_Python_2000_dt_5.50e-06_Nx_256_neumann_dtout_10_25pmass.csv
spinodal_decomp_04_2025SAV_Python_2000_dt_5.50e-06_Nx_512_neumann_dtout_10phi.csv
spinodal_decomp_04_2025SAV_Python_2000_dt_5.50e-06_Nx_512_neumann_dtout_10phi.csv
spinodal_decomp_04_2025SAV_Python_2000_dt_5.50e-06_Nx_512_neumann_dtout_10phi.csv is not in the correct format for calculating norm.
NMG_Python_20_dt_5.50e-06_Nx_128_neumann_dtout_20_25presidual.csv
SAV_Python_2000_dt_5.50e-06_Nx_256_neumann_dtout_10_75pmass.csv
SAV_Python_2000_dt_5.50e-06_Nx_512_periodic_dtout_10_25penergy.csv
NMG_Python_20_dt_5.50e-06_Nx_512_neumann_dtout_1_75presidual.csv
SAV_Python_2000_dt_5.50e-06_Nx_512_neumann_dtout_10_25penergy.csv
NMG_Python_20_dt_5.50e-06_Nx_64_neumann_dtout_1_75penergy.csv
SAV_Python_2000_dt_5.50e-06_Nx_64_neumann_dtout_2000_75pphi.csv
SAV_Python_2000_dt_5.50e-06_Nx_64_neumann_dtout_2000_75pphi.csv
Timepoint not recorded. dt_out:{dt_out} is bigger than timepoint requested: {timepoint}
spinodal_decomp_04_2025SAV_Python_2000_dt_5.50e-06_Nx_128_periodic_dtout_10t_out.csv
SAV_Python_2000_dt_5.50e-06_Nx_256_periodic_dtout_10_25pphi.csv
SAV_Python_2000_dt_5.50e-06_Nx_256_periodic_dtout_10_25pphi.csv
SAV_Python_2000_dt_5.50e-06_Nx_256_periodic_dtout_10_25pphi.csv is not in the correct format for calculating norm.
spinodal_decomp_04_2025SAV_Python_2000_dt_5.50e-06_Nx_128_neumann_dtout_10energy.csv
NMG_Python_20_dt_5.50e-06_Nx_64_periodic_dtout_1_75pphi.csv
NMG_Python_20_dt_5.50e-06_Nx_64_periodic_dtout_1_75pphi.csv
NMG_Python_20_dt_5.50e-06_Nx_64_periodic_dtout_1_75pphi.csv is not in the correct format for calculating norm.
spinodal_decomp_04_2025NMG_Python_20_dt_5.50e-06_Nx_512_neumann_dtout_10energy.csv
spinodal_decomp_04_2025NMG_Python_200_dt_5.50e-06_Nx_512_neumann_dtout_200phi.csv
spinodal_decomp_04_2025NMG_Python_200_dt_5.50e-06_Nx_512_neumann_dtout_200phi.csv
Timepoint not recorded. dt_out:{dt_out} is bigger than timepoint requested: {timepoint}
NMG_Python_20_dt_5.50e-06_Nx_128_neumann_dtout_1_25pphi.csv
NMG_Python_20_dt_5.50e-06_Nx_128_neumann_dtout_1_25pphi.csv
NMG_Python_20_dt_5.50e-06_Nx_128_neumann_dtout_1_25pphi.csv is not in the correct format for calculating norm.
spinodal_decomp_04_2025SAV_Python_2000_dt_5.50e-06_Nx_128_neumann_dtout_2000phi.csv
spinodal_decomp_04_2025SAV_Python_2000_dt_5.50e-06_Nx_128_neumann_dtout_2000phi.csv
Timepoint not recorded. dt_out:{dt_out} is bigger than timepoint requested: {timepoint}
SAV_Python_2000_dt_5.50e-06_Nx_128_periodic_dtout_10_75pt_out.csv
NMG_Python_20_dt_5.50e-06_Nx_256_neumann_dtout_1_75pphi.csv
NMG_Python_20_dt_5.50e-06_Nx_256_neumann_dtout_1_75pphi.csv
NMG_Python_20_dt_5.50e-06_Nx_256_neumann_dtout_1_75pphi.csv is not in the correct format for calculating norm.
NMG_Python_20_dt_5.50e-06_Nx_256_neumann_dtout_1_25pphi.csv
NMG_Python_20_dt_5.50e-06_Nx_256_neumann_dtout_1_25pphi.csv
NMG_Python_20_dt_5.50e-06_Nx_256_neumann_dtout_1_25pphi.csv is not in the correct format for calculating norm.
spinodal_decomp_04_2025NMG_Python_20_dt_5.50e-06_Nx_64_neumann_dtout_2000residual.csv
spinodal_decomp_04_2025SAV_Python_2000_dt_5.50e-06_Nx_64_periodic_dtout_10energy.csv
spinodal_decomp_04_2025NMG_Python_20_dt_5.50e-06_Nx_256_periodic_dtout_20phi.csv
spinodal_decomp_04_2025NMG_Python_20_dt_5.50e-06_Nx_256_periodic_dtout_20phi.csv
0.0
spinodal_decomp_04_2025NMG_Python_20_dt_5.50e-06_Nx_256_periodic_dtout_20residual.csv
spinodal_decomp_04_2025NMG_Python_20_dt_5.50e-06_Nx_256_neumann_dtout_20phi.csv
spinodal_decomp_04_2025NMG_Python_20_dt_5.50e-06_Nx_256_neumann_dtout_20phi.csv
spinodal_decomp_04_2025NMG_Python_20_dt_5.50e-06_Nx_256_neumann_dtout_20phi.csv is not in the correct format for calculating norm.
NMG_Python_20_dt_5.50e-06_Nx_256_neumann_dtout_1_75presidual.csv
SAV_Python_2000_dt_5.50e-06_Nx_64_neumann_dtout_2000_25pphi.csv
SAV_Python_2000_dt_5.50e-06_Nx_64_neumann_dtout_2000_25pphi.csv
Timepoint not recorded. dt_out:{dt_out} is bigger than timepoint requested: {timepoint}
spinodal_decomp_04_2025SAV_Python_2000_dt_5.50e-06_Nx_64_periodic_dtout_10mass.csv
NMG_Python_20_dt_5.50e-06_Nx_256_periodic_dtout_20residual.csv
SAV_Python_2000_dt_5.50e-06_Nx_128_neumann_dtout_2000_75pphi.csv
SAV_Python_2000_dt_5.50e-06_Nx_128_neumann_dtout_2000_75pphi.csv
Timepoint not recorded. dt_out:{dt_out} is bigger than timepoint requested: {timepoint}
spinodal_decomp_04_2025SAV_Python_2000_dt_5.50e-06_Nx_256_periodic_dtout_10energy.csv
spinodal_decomp_04_2025NMG_Python_20_dt_5.50e-06_Nx_512_periodic_dtout_10phi.csv
spinodal_decomp_04_2025NMG_Python_20_dt_5.50e-06_Nx_512_periodic_dtout_10phi.csv
0.0
NMG_Python_20_dt_5.50e-06_Nx_128_periodic_dtout_1mass.csv
SAV_Python_2000_dt_5.50e-06_Nx_64_periodic_dtout_10_25pphi.csv
SAV_Python_2000_dt_5.50e-06_Nx_64_periodic_dtout_10_25pphi.csv
SAV_Python_2000_dt_5.50e-06_Nx_64_periodic_dtout_10_25pphi.csv is not in the correct format for calculating norm.
NMG_Python_20_dt_5.50e-06_Nx_128_neumann_dtout_20_25pphi.csv
NMG_Python_20_dt_5.50e-06_Nx_128_neumann_dtout_20_25pphi.csv
NMG_Python_20_dt_5.50e-06_Nx_128_neumann_dtout_20_25pphi.csv is not in the correct format for calculating norm.
NMG_Python_20_dt_5.50e-06_Nx_128_periodic_dtout_1_75pphi.csv
NMG_Python_20_dt_5.50e-06_Nx_128_periodic_dtout_1_75pphi.csv
NMG_Python_20_dt_5.50e-06_Nx_128_periodic_dtout_1_75pphi.csv is not in the correct format for calculating norm.
NMG_Python_20_dt_5.50e-06_Nx_128_neumann_dtout_1_25presidual.csv
NMG_Python_20_dt_5.50e-06_Nx_256_periodic_dtout_1_25presidual.csv
NMG_Python_20_dt_5.50e-06_Nx_512_periodic_dtout_20residual.csv
spinodal_decomp_04_2025SAV_Python_2000_dt_5.50e-06_Nx_512_periodic_dtout_10energy.csv
spinodal_decomp_04_2025NMG_Python_20_dt_5.50e-06_Nx_256_periodic_dtout_2000residual.csv
spinodal_decomp_04_2025SAV_Python_2000_dt_5.50e-06_Nx_64_periodic_dtout_2000phi.csv
spinodal_decomp_04_2025SAV_Python_2000_dt_5.50e-06_Nx_64_periodic_dtout_2000phi.csv
Timepoint not recorded. dt_out:{dt_out} is bigger than timepoint requested: {timepoint}
NMG_Python_20_dt_5.50e-06_Nx_128_periodic_dtout_1_25pt_out.csv
SAV_Python_2000_dt_5.50e-06_Nx_128_periodic_dtout_10_25pphi.csv
SAV_Python_2000_dt_5.50e-06_Nx_128_periodic_dtout_10_25pphi.csv
SAV_Python_2000_dt_5.50e-06_Nx_128_periodic_dtout_10_25pphi.csv is not in the correct format for calculating norm.
NMG_Python_20_dt_5.50e-06_Nx_128_neumann_dtout_1_25pmass.csv
spinodal_decomp_04_2025NMG_Python_200_dt_5.50e-06_Nx_128_periodic_dtout_200phi.csv
spinodal_decomp_04_2025NMG_Python_200_dt_5.50e-06_Nx_128_periodic_dtout_200phi.csv
Timepoint not recorded. dt_out:{dt_out} is bigger than timepoint requested: {timepoint}
SAV_Python_2000_dt_5.50e-06_Nx_256_periodic_dtout_10_25pmass.csv
SAV_Python_2000_dt_5.50e-06_Nx_256_periodic_dtout_10_25pt_out.csv
NMG_Python_20_dt_5.50e-06_Nx_512_periodic_dtout_1_25pt_out.csv
SAV_Python_2000_dt_5.50e-06_Nx_256_periodic_dtout_10_25penergy.csv
NMG_Python_20_dt_5.50e-06_Nx_64_neumann_dtout_1_25pt_out.csv
NMG_Python_20_dt_5.50e-06_Nx_64_periodic_dtout_20_25pphi.csv
NMG_Python_20_dt_5.50e-06_Nx_64_periodic_dtout_20_25pphi.csv
NMG_Python_20_dt_5.50e-06_Nx_64_periodic_dtout_20_25pphi.csv is not in the correct format for calculating norm.
SAV_Python_2000_dt_5.50e-06_Nx_512_neumann_dtout_2000_75pphi.csv
SAV_Python_2000_dt_5.50e-06_Nx_512_neumann_dtout_2000_75pphi.csv
Timepoint not recorded. dt_out:{dt_out} is bigger than timepoint requested: {timepoint}
NMG_Python_20_dt_5.50e-06_Nx_128_periodic_dtout_1energy.csv
NMG_Python_20_dt_5.50e-06_Nx_64_periodic_dtout_1_25pmass.csv
SAV_Python_2000_dt_5.50e-06_Nx_256_neumann_dtout_10_25pphi.csv
SAV_Python_2000_dt_5.50e-06_Nx_256_neumann_dtout_10_25pphi.csv
SAV_Python_2000_dt_5.50e-06_Nx_256_neumann_dtout_10_25pphi.csv is not in the correct format for calculating norm.
spinodal_decomp_04_2025NMG_Python_20_dt_5.50e-06_Nx_64_neumann_dtout_10t_out.csv
spinodal_decomp_04_2025NMG_Python_20_dt_5.50e-06_Nx_256_neumann_dtout_10energy.csv
NMG_Python_20_dt_5.50e-06_Nx_256_neumann_dtout_1_25presidual.csv
SAV_Python_2000_dt_5.50e-06_Nx_512_neumann_dtout_10_75penergy.csv
NMG_Python_20_dt_5.50e-06_Nx_64_periodic_dtout_1_25pphi.csv
NMG_Python_20_dt_5.50e-06_Nx_64_periodic_dtout_1_25pphi.csv
NMG_Python_20_dt_5.50e-06_Nx_64_periodic_dtout_1_25pphi.csv is not in the correct format for calculating norm.
SAV_Python_2000_dt_5.50e-06_Nx_128_neumann_dtout_10_75pphi.csv
SAV_Python_2000_dt_5.50e-06_Nx_128_neumann_dtout_10_75pphi.csv
SAV_Python_2000_dt_5.50e-06_Nx_128_neumann_dtout_10_75pphi.csv is not in the correct format for calculating norm.
NMG_Python_20_dt_5.50e-06_Nx_512_neumann_dtout_1_25pmass.csv
NMG_Python_20_dt_5.50e-06_Nx_256_neumann_dtout_20_75pphi.csv
NMG_Python_20_dt_5.50e-06_Nx_256_neumann_dtout_20_75pphi.csv
NMG_Python_20_dt_5.50e-06_Nx_256_neumann_dtout_20_75pphi.csv is not in the correct format for calculating norm.
NMG_Python_20_dt_5.50e-06_Nx_256_periodic_dtout_1_75presidual.csv
NMG_Python_20_dt_5.50e-06_Nx_256_periodic_dtout_1_25pphi.csv
NMG_Python_20_dt_5.50e-06_Nx_256_periodic_dtout_1_25pphi.csv
NMG_Python_20_dt_5.50e-06_Nx_256_periodic_dtout_1_25pphi.csv is not in the correct format for calculating norm.
spinodal_decomp_04_2025NMG_Python_20_dt_5.50e-06_Nx_64_periodic_dtout_10residual.csv
spinodal_decomp_04_2025SAV_Python_2000_dt_5.50e-06_Nx_256_neumann_dtout_10mass.csv
SAV_Python_2000_dt_5.50e-06_Nx_512_periodic_dtout_10_25pphi.csv
SAV_Python_2000_dt_5.50e-06_Nx_512_periodic_dtout_10_25pphi.csv
SAV_Python_2000_dt_5.50e-06_Nx_512_periodic_dtout_10_25pphi.csv is not in the correct format for calculating norm.
NMG_Python_20_dt_5.50e-06_Nx_128_periodic_dtout_20_75presidual.csv
NMG_Python_20_dt_5.50e-06_Nx_512_neumann_dtout_20_75presidual.csv
spinodal_decomp_04_2025NMG_Python_20_dt_5.50e-06_Nx_512_periodic_dtout_2000residual.csv
spinodal_decomp_04_2025NMG_Python_20_dt_5.50e-06_Nx_64_neumann_dtout_10phi.csv
spinodal_decomp_04_2025NMG_Python_20_dt_5.50e-06_Nx_64_neumann_dtout_10phi.csv
spinodal_decomp_04_2025NMG_Python_20_dt_5.50e-06_Nx_64_neumann_dtout_10phi.csv is not in the correct format for calculating norm.
NMG_Python_20_dt_5.50e-06_Nx_64_periodic_dtout_1residual.csv
spinodal_decomp_04_2025NMG_Python_20_dt_5.50e-06_Nx_128_neumann_dtout_2000residual.csv
spinodal_decomp_04_2025SAV_Python_2000_dt_5.50e-06_Nx_256_periodic_dtout_10mass.csv
spinodal_decomp_04_2025SAV_Python_2000_dt_5.50e-06_Nx_256_neumann_dtout_10t_out.csv
NMG_Python_20_dt_5.50e-06_Nx_128_neumann_dtout_20_75pphi.csv
NMG_Python_20_dt_5.50e-06_Nx_128_neumann_dtout_20_75pphi.csv
NMG_Python_20_dt_5.50e-06_Nx_128_neumann_dtout_20_75pphi.csv is not in the correct format for calculating norm.
NMG_Python_20_dt_5.50e-06_Nx_128_periodic_dtout_20_25presidual.csv
spinodal_decomp_04_2025NMG_Python_20_dt_5.50e-06_Nx_128_neumann_dtout_2000phi.csv
spinodal_decomp_04_2025NMG_Python_20_dt_5.50e-06_Nx_128_neumann_dtout_2000phi.csv
Timepoint not recorded. dt_out:{dt_out} is bigger than timepoint requested: {timepoint}
spinodal_decomp_04_2025NMG_Python_200_dt_5.50e-06_Nx_128_neumann_dtout_200phi.csv
spinodal_decomp_04_2025NMG_Python_200_dt_5.50e-06_Nx_128_neumann_dtout_200phi.csv
Timepoint not recorded. dt_out:{dt_out} is bigger than timepoint requested: {timepoint}
SAV_Python_2000_dt_5.50e-06_Nx_128_periodic_dtout_10_25pmass.csv
NMG_Python_20_dt_5.50e-06_Nx_512_periodic_dtout_1_75pt_out.csv
NMG_Python_20_dt_5.50e-06_Nx_256_periodic_dtout_1_75pmass.csv
NMG_Python_20_dt_5.50e-06_Nx_512_periodic_dtout_1_25pphi.csv
NMG_Python_20_dt_5.50e-06_Nx_512_periodic_dtout_1_25pphi.csv
0.0
NMG_Python_20_dt_5.50e-06_Nx_128_periodic_dtout_1residual.csv
SAV_Python_2000_dt_5.50e-06_Nx_64_periodic_dtout_10_25penergy.csv
spinodal_decomp_04_2025NMG_Python_20_dt_5.50e-06_Nx_64_periodic_dtout_20phi.csv
spinodal_decomp_04_2025NMG_Python_20_dt_5.50e-06_Nx_64_periodic_dtout_20phi.csv
spinodal_decomp_04_2025NMG_Python_20_dt_5.50e-06_Nx_64_periodic_dtout_20phi.csv is not in the correct format for calculating norm.
spinodal_decomp_04_2025NMG_Python_200_dt_5.50e-06_Nx_512_periodic_dtout_200phi.csv
spinodal_decomp_04_2025NMG_Python_200_dt_5.50e-06_Nx_512_periodic_dtout_200phi.csv
Timepoint not recorded. dt_out:{dt_out} is bigger than timepoint requested: {timepoint}
NMG_Python_20_dt_5.50e-06_Nx_256_periodic_dtout_1_25pmass.csv
spinodal_decomp_04_2025SAV_Python_2000_dt_5.50e-06_Nx_256_neumann_dtout_10phi.csv
spinodal_decomp_04_2025SAV_Python_2000_dt_5.50e-06_Nx_256_neumann_dtout_10phi.csv
spinodal_decomp_04_2025SAV_Python_2000_dt_5.50e-06_Nx_256_neumann_dtout_10phi.csv is not in the correct format for calculating norm.
SAV_Python_2000_dt_5.50e-06_Nx_64_periodic_dtout_10_75pphi.csv
SAV_Python_2000_dt_5.50e-06_Nx_64_periodic_dtout_10_75pphi.csv
SAV_Python_2000_dt_5.50e-06_Nx_64_periodic_dtout_10_75pphi.csv is not in the correct format for calculating norm.
SAV_Python_2000_dt_5.50e-06_Nx_256_neumann_dtout_2000_25pphi.csv
SAV_Python_2000_dt_5.50e-06_Nx_256_neumann_dtout_2000_25pphi.csv
Timepoint not recorded. dt_out:{dt_out} is bigger than timepoint requested: {timepoint}
spinodal_decomp_04_2025NMG_Python_20_dt_5.50e-06_Nx_256_neumann_dtout_2000residual.csv
spinodal_decomp_04_2025NMG_Python_20_dt_5.50e-06_Nx_256_periodic_dtout_10residual.csv
NMG_Python_20_dt_5.50e-06_Nx_64_neumann_dtout_20_25presidual.csv
SAV_Python_2000_dt_5.50e-06_Nx_256_neumann_dtout_10_25pt_out.csv
NMG_Python_20_dt_5.50e-06_Nx_256_neumann_dtout_20_75presidual.csv
spinodal_decomp_04_2025NMG_Python_20_dt_5.50e-06_Nx_512_neumann_dtout_2000phi.csv
spinodal_decomp_04_2025NMG_Python_20_dt_5.50e-06_Nx_512_neumann_dtout_2000phi.csv
Timepoint not recorded. dt_out:{dt_out} is bigger than timepoint requested: {timepoint}
NMG_Python_20_dt_5.50e-06_Nx_256_neumann_dtout_1_75pt_out.csv
NMG_Python_20_dt_5.50e-06_Nx_64_neumann_dtout_20_75presidual.csv
SAV_Python_2000_dt_5.50e-06_Nx_64_periodic_dtout_10_75pt_out.csv
spinodal_decomp_04_2025SAV_Python_2000_dt_5.50e-06_Nx_128_periodic_dtout_2000phi.csv
spinodal_decomp_04_2025SAV_Python_2000_dt_5.50e-06_Nx_128_periodic_dtout_2000phi.csv
Timepoint not recorded. dt_out:{dt_out} is bigger than timepoint requested: {timepoint}
NMG_Python_20_dt_5.50e-06_Nx_64_periodic_dtout_20_75pphi.csv
NMG_Python_20_dt_5.50e-06_Nx_64_periodic_dtout_20_75pphi.csv
NMG_Python_20_dt_5.50e-06_Nx_64_periodic_dtout_20_75pphi.csv is not in the correct format for calculating norm.
spinodal_decomp_04_2025NMG_Python_20_dt_5.50e-06_Nx_256_periodic_dtout_10phi.csv
spinodal_decomp_04_2025NMG_Python_20_dt_5.50e-06_Nx_256_periodic_dtout_10phi.csv
0.0
spinodal_decomp_04_2025NMG_Python_2000_dt_5.50e-06_Nx_64_periodic_dtout_10phi.csv
spinodal_decomp_04_2025NMG_Python_2000_dt_5.50e-06_Nx_64_periodic_dtout_10phi.csv
0.0
NMG_Python_20_dt_5.50e-06_Nx_256_periodic_dtout_1_25penergy.csv
NMG_Python_20_dt_5.50e-06_Nx_512_periodic_dtout_1_25presidual.csv
NMG_Python_20_dt_5.50e-06_Nx_64_periodic_dtout_20residual.csv
SAV_Python_2000_dt_5.50e-06_Nx_64_periodic_dtout_10_25pt_out.csv
spinodal_decomp_04_2025NMG_Python_20_dt_5.50e-06_Nx_256_neumann_dtout_10t_out.csv
SAV_Python_2000_dt_5.50e-06_Nx_256_periodic_dtout_10_75pphi.csv
SAV_Python_2000_dt_5.50e-06_Nx_256_periodic_dtout_10_75pphi.csv
SAV_Python_2000_dt_5.50e-06_Nx_256_periodic_dtout_10_75pphi.csv is not in the correct format for calculating norm.
NMG_Python_20_dt_5.50e-06_Nx_64_periodic_dtout_1_75presidual.csv
SAV_Python_2000_dt_5.50e-06_Nx_128_neumann_dtout_10_25penergy.csv
spinodal_decomp_04_2025NMG_Python_2000_dt_5.50e-06_Nx_64_periodic_dtout_10residual.csv
SAV_Python_2000_dt_5.50e-06_Nx_512_periodic_dtout_10_75pmass.csv
SAV_Python_2000_dt_5.50e-06_Nx_512_periodic_dtout_10_75penergy.csv
NMG_Python_20_dt_5.50e-06_Nx_512_neumann_dtout_20_75pphi.csv
NMG_Python_20_dt_5.50e-06_Nx_512_neumann_dtout_20_75pphi.csv
NMG_Python_20_dt_5.50e-06_Nx_512_neumann_dtout_20_75pphi.csv is not in the correct format for calculating norm.
spinodal_decomp_04_2025SAV_Python_2000_dt_5.50e-06_Nx_64_neumann_dtout_10energy.csv
spinodal_decomp_04_2025NMG_Python_20_dt_5.50e-06_Nx_128_neumann_dtout_10energy.csv
spinodal_decomp_04_2025NMG_Python_200_dt_5.50e-06_Nx_64_neumann_dtout_200phi.csv
spinodal_decomp_04_2025NMG_Python_200_dt_5.50e-06_Nx_64_neumann_dtout_200phi.csv
Timepoint not recorded. dt_out:{dt_out} is bigger than timepoint requested: {timepoint}
NMG_Python_20_dt_5.50e-06_Nx_512_neumann_dtout_1_75pphi.csv
NMG_Python_20_dt_5.50e-06_Nx_512_neumann_dtout_1_75pphi.csv
NMG_Python_20_dt_5.50e-06_Nx_512_neumann_dtout_1_75pphi.csv is not in the correct format for calculating norm.
spinodal_decomp_04_2025NMG_Python_20_dt_5.50e-06_Nx_64_periodic_dtout_10phi.csv
spinodal_decomp_04_2025NMG_Python_20_dt_5.50e-06_Nx_64_periodic_dtout_10phi.csv
0.0
NMG_Python_20_dt_5.50e-06_Nx_512_periodic_dtout_20_75pphi.csv
NMG_Python_20_dt_5.50e-06_Nx_512_periodic_dtout_20_75pphi.csv
NMG_Python_20_dt_5.50e-06_Nx_512_periodic_dtout_20_75pphi.csv is not in the correct format for calculating norm.
spinodal_decomp_04_2025NMG_Python_200_dt_5.50e-06_Nx_256_neumann_dtout_200phi.csv
spinodal_decomp_04_2025NMG_Python_200_dt_5.50e-06_Nx_256_neumann_dtout_200phi.csv
Timepoint not recorded. dt_out:{dt_out} is bigger than timepoint requested: {timepoint}
SAV_Python_2000_dt_5.50e-06_Nx_128_periodic_dtout_10_75pphi.csv
SAV_Python_2000_dt_5.50e-06_Nx_128_periodic_dtout_10_75pphi.csv
SAV_Python_2000_dt_5.50e-06_Nx_128_periodic_dtout_10_75pphi.csv is not in the correct format for calculating norm.
SAV_Python_2000_dt_5.50e-06_Nx_256_periodic_dtout_2000_75pphi.csv
SAV_Python_2000_dt_5.50e-06_Nx_256_periodic_dtout_2000_75pphi.csv
Timepoint not recorded. dt_out:{dt_out} is bigger than timepoint requested: {timepoint}
NMG_Python_20_dt_5.50e-06_Nx_512_periodic_dtout_1_25penergy.csv
NMG_Python_20_dt_5.50e-06_Nx_512_neumann_dtout_1_25pt_out.csv
SAV_Python_2000_dt_5.50e-06_Nx_64_periodic_dtout_10_25pmass.csv
NMG_Python_20_dt_5.50e-06_Nx_512_periodic_dtout_1energy.csv
spinodal_decomp_04_2025NMG_Python_20_dt_5.50e-06_Nx_128_periodic_dtout_10residual.csv
NMG_Python_20_dt_5.50e-06_Nx_64_periodic_dtout_1t_out.csv
SAV_Python_2000_dt_5.50e-06_Nx_128_periodic_dtout_10_75pmass.csv
NMG_Python_20_dt_5.50e-06_Nx_128_periodic_dtout_1_25pmass.csv
NMG_Python_20_dt_5.50e-06_Nx_64_periodic_dtout_1mass.csv
NMG_Python_20_dt_5.50e-06_Nx_256_neumann_dtout_1_75penergy.csv
SAV_Python_2000_dt_5.50e-06_Nx_128_neumann_dtout_2000_25pphi.csv
SAV_Python_2000_dt_5.50e-06_Nx_128_neumann_dtout_2000_25pphi.csv
Timepoint not recorded. dt_out:{dt_out} is bigger than timepoint requested: {timepoint}
NMG_Python_20_dt_5.50e-06_Nx_64_periodic_dtout_1_75pt_out.csv
SAV_Python_2000_dt_5.50e-06_Nx_512_neumann_dtout_10_75pmass.csv
SAV_Python_2000_dt_5.50e-06_Nx_128_periodic_dtout_10_75penergy.csv
NMG_Python_20_dt_5.50e-06_Nx_128_neumann_dtout_1_75penergy.csv
SAV_Python_2000_dt_5.50e-06_Nx_256_periodic_dtout_10_75pt_out.csv
spinodal_decomp_04_2025SAV_Python_2000_dt_5.50e-06_Nx_128_periodic_dtout_10phi.csv
spinodal_decomp_04_2025SAV_Python_2000_dt_5.50e-06_Nx_128_periodic_dtout_10phi.csv
spinodal_decomp_04_2025SAV_Python_2000_dt_5.50e-06_Nx_128_periodic_dtout_10phi.csv is not in the correct format for calculating norm.
NMG_Python_20_dt_5.50e-06_Nx_512_periodic_dtout_20_25pphi.csv
NMG_Python_20_dt_5.50e-06_Nx_512_periodic_dtout_20_25pphi.csv
NMG_Python_20_dt_5.50e-06_Nx_512_periodic_dtout_20_25pphi.csv is not in the correct format for calculating norm.
SAV_Python_2000_dt_5.50e-06_Nx_512_neumann_dtout_10_25pphi.csv
SAV_Python_2000_dt_5.50e-06_Nx_512_neumann_dtout_10_25pphi.csv
SAV_Python_2000_dt_5.50e-06_Nx_512_neumann_dtout_10_25pphi.csv is not in the correct format for calculating norm.
NMG_Python_20_dt_5.50e-06_Nx_64_periodic_dtout_1_75penergy.csv
NMG_Python_20_dt_5.50e-06_Nx_128_neumann_dtout_1_75presidual.csv
NMG_Python_20_dt_5.50e-06_Nx_128_periodic_dtout_1_25penergy.csv
SAV_Python_2000_dt_5.50e-06_Nx_64_neumann_dtout_10_25pmass.csv
spinodal_decomp_04_2025NMG_Python_200_dt_5.50e-06_Nx_256_periodic_dtout_200residual.csv
NMG_Python_20_dt_5.50e-06_Nx_512_periodic_dtout_1_25pmass.csv
NMG_Python_20_dt_5.50e-06_Nx_128_periodic_dtout_20residual.csv
spinodal_decomp_04_2025SAV_Python_2000_dt_5.50e-06_Nx_64_periodic_dtout_10phi.csv
spinodal_decomp_04_2025SAV_Python_2000_dt_5.50e-06_Nx_64_periodic_dtout_10phi.csv
spinodal_decomp_04_2025SAV_Python_2000_dt_5.50e-06_Nx_64_periodic_dtout_10phi.csv is not in the correct format for calculating norm.
spinodal_decomp_04_2025NMG_Python_200_dt_5.50e-06_Nx_128_periodic_dtout_200residual.csv
Timepoint 2000
Job_specs.csv
SAV_MATLAB_2000_dt_5.50e-06_Nx_128_neumann_n_relax_4_75p_t_out.csv
SAV_MATLAB_2000_dt_5.50e-06_Nx_512_periodic_n_relax_4_movie.avi
NMG_MATLAB_2000_dt_5.50e-06_Nx_512_periodic_n_relax_4_25p_energy.csv
SAV_MATLAB_2000_dt_5.50e-06_Nx_512_neumann_n_relax_4_movie.avi
NMG_MATLAB_2000_dt_5.50e-06_Nx_64_neumann_n_relax_4_t_out.csv
NMG_MATLAB_2000_dt_5.50e-06_Nx_64_periodic_n_relax_4_75p_t_out.csv
NMG_MATLAB_2000_dt_5.50e-06_Nx_128_neumann_n_relax_4_75p_energy.csv
SAV_MATLAB_2000_dt_5.50e-06_Nx_64_neumann_n_relax_4_movie.avi
SAV_MATLAB_2000_dt_5.50e-06_Nx_64_periodic_n_relax_4_75p_movie.avi
NMG_MATLAB_2000_dt_5.50e-06_Nx_128_neumann_n_relax_4_energy.csv
SAV_MATLAB_2000_dt_5.50e-06_Nx_256_periodic_n_relax_4_75p_movie.avi
SAV_MATLAB_2000_dt_5.50e-06_Nx_128_neumann_n_relax_4_25p_t_out.csv
SAV_MATLAB_2000_dt_5.50e-06_Nx_128_neumann_n_relax_4_25p_energy.csv
SAV_MATLAB_2000_dt_5.50e-06_Nx_256_neumann_n_relax_4_t_out.csv
SAV_MATLAB_2000_dt_5.50e-06_Nx_256_neumann_n_relax_4_75p_energy.csv
NMG_MATLAB_2000_dt_5.50e-06_Nx_256_neumann_n_relax_4_75p_t_out.csv
SAV_MATLAB_2000_dt_5.50e-06_Nx_256_periodic_n_relax_4_25p_phi.csv
SAV_MATLAB_2000_dt_5.50e-06_Nx_256_periodic_n_relax_4_25p_phi.csv
SAV_MATLAB_2000_dt_5.50e-06_Nx_256_periodic_n_relax_4_25p_phi.csv is not in the correct format for calculating norm.
SAV_MATLAB_2000_dt_5.50e-06_Nx_128_periodic_n_relax_4_phi.csv
SAV_MATLAB_2000_dt_5.50e-06_Nx_128_periodic_n_relax_4_phi.csv
SAV_MATLAB_2000_dt_5.50e-06_Nx_128_periodic_n_relax_4_phi.csv is not in the correct format for calculating norm.
SAV_MATLAB_2000_dt_5.50e-06_Nx_256_neumann_n_relax_4_75p_mass.csv
SAV_MATLAB_2000_dt_5.50e-06_Nx_128_periodic_n_relax_4_75p_movie.avi
NMG_MATLAB_2000_dt_5.50e-06_Nx_64_periodic_n_relax_4_energy.csv
NMG_MATLAB_2000_dt_5.50e-06_Nx_64_neumann_n_relax_4_25p_phi.csv
NMG_MATLAB_2000_dt_5.50e-06_Nx_64_neumann_n_relax_4_25p_phi.csv
NMG_MATLAB_2000_dt_5.50e-06_Nx_64_neumann_n_relax_4_25p_phi.csv is not in the correct format for calculating norm.
NMG_MATLAB_2000_dt_5.50e-06_Nx_512_neumann_n_relax_4_25p_mass.csv
SAV_MATLAB_2000_dt_5.50e-06_Nx_256_neumann_n_relax_4_75p_t_out.csv
SAV_MATLAB_2000_dt_5.50e-06_Nx_64_periodic_n_relax_4_mass.csv
NMG_MATLAB_2000_dt_5.50e-06_Nx_512_periodic_n_relax_4_75p_energy.csv
SAV_MATLAB_2000_dt_5.50e-06_Nx_512_periodic_n_relax_4_75p_phi.csv
SAV_MATLAB_2000_dt_5.50e-06_Nx_512_periodic_n_relax_4_75p_phi.csv
SAV_MATLAB_2000_dt_5.50e-06_Nx_512_periodic_n_relax_4_75p_phi.csv is not in the correct format for calculating norm.
SAV_MATLAB_2000_dt_5.50e-06_Nx_512_neumann_n_relax_4_25p_energy.csv
NMG_MATLAB_2000_dt_5.50e-06_Nx_128_neumann_n_relax_4_75p_t_out.csv
NMG_MATLAB_2000_dt_5.50e-06_Nx_512_periodic_n_relax_4_mass.csv
SAV_MATLAB_2000_dt_5.50e-06_Nx_128_neumann_n_relax_4_movie.avi
NMG_MATLAB_2000_dt_5.50e-06_Nx_64_neumann_n_relax_4_75p_t_out.csv
SAV_MATLAB_2000_dt_5.50e-06_Nx_512_neumann_n_relax_4_25p_t_out.csv
NMG_MATLAB_2000_dt_5.50e-06_Nx_128_periodic_n_relax_4_phi.csv
NMG_MATLAB_2000_dt_5.50e-06_Nx_128_periodic_n_relax_4_phi.csv
NMG_MATLAB_2000_dt_5.50e-06_Nx_128_periodic_n_relax_4_phi.csv is not in the correct format for calculating norm.
SAV_MATLAB_2000_dt_5.50e-06_Nx_64_neumann_n_relax_4_25p_energy.csv
SAV_MATLAB_2000_dt_5.50e-06_Nx_64_neumann_n_relax_4_25p_mass.csv
SAV_MATLAB_2000_dt_5.50e-06_Nx_256_neumann_n_relax_4_energy.csv
NMG_MATLAB_2000_dt_5.50e-06_Nx_64_neumann_n_relax_4_mass.csv
SAV_MATLAB_2000_dt_5.50e-06_Nx_128_neumann_n_relax_4_t_out.csv
NMG_MATLAB_2000_dt_5.50e-06_Nx_256_periodic_n_relax_4_25p_movie.avi
SAV_MATLAB_2000_dt_5.50e-06_Nx_64_periodic_n_relax_4_25p_movie.avi
SAV_MATLAB_2000_dt_5.50e-06_Nx_128_periodic_n_relax_4_25p_movie.avi
SAV_MATLAB_2000_dt_5.50e-06_Nx_256_periodic_n_relax_4_mass.csv
SAV_MATLAB_2000_dt_5.50e-06_Nx_256_periodic_n_relax_4_75p_t_out.csv
NMG_MATLAB_2000_dt_5.50e-06_Nx_64_neumann_n_relax_4_75p_movie.avi
SAV_MATLAB_2000_dt_5.50e-06_Nx_256_periodic_n_relax_4_t_out.csv
SAV_MATLAB_2000_dt_5.50e-06_Nx_256_neumann_n_relax_4_25p_phi.csv
SAV_MATLAB_2000_dt_5.50e-06_Nx_256_neumann_n_relax_4_25p_phi.csv
SAV_MATLAB_2000_dt_5.50e-06_Nx_256_neumann_n_relax_4_25p_phi.csv is not in the correct format for calculating norm.
SAV_MATLAB_2000_dt_5.50e-06_Nx_512_periodic_n_relax_4_25p_mass.csv
NMG_MATLAB_2000_dt_5.50e-06_Nx_64_neumann_n_relax_4_75p_energy.csv
SAV_MATLAB_2000_dt_5.50e-06_Nx_64_neumann_n_relax_4_mass.csv
SAV_MATLAB_2000_dt_5.50e-06_Nx_256_neumann_n_relax_4_25p_energy.csv
NMG_MATLAB_2000_dt_5.50e-06_Nx_256_periodic_n_relax_4_movie.avi
SAV_MATLAB_2000_dt_5.50e-06_Nx_128_neumann_n_relax_4_75p_energy.csv
SAV_MATLAB_2000_dt_5.50e-06_Nx_128_periodic_n_relax_4_25p_mass.csv
NMG_MATLAB_2000_dt_5.50e-06_Nx_128_neumann_n_relax_4_75p_phi.csv
NMG_MATLAB_2000_dt_5.50e-06_Nx_128_neumann_n_relax_4_75p_phi.csv
NMG_MATLAB_2000_dt_5.50e-06_Nx_128_neumann_n_relax_4_75p_phi.csv is not in the correct format for calculating norm.
NMG_MATLAB_2000_dt_5.50e-06_Nx_128_periodic_n_relax_4_25p_mass.csv
NMG_MATLAB_2000_dt_5.50e-06_Nx_256_neumann_n_relax_4_75p_energy.csv
NMG_MATLAB_2000_dt_5.50e-06_Nx_256_neumann_n_relax_4_phi.csv
NMG_MATLAB_2000_dt_5.50e-06_Nx_256_neumann_n_relax_4_phi.csv
NMG_MATLAB_2000_dt_5.50e-06_Nx_256_neumann_n_relax_4_phi.csv is not in the correct format for calculating norm.
SAV_MATLAB_2000_dt_5.50e-06_Nx_64_neumann_n_relax_4_75p_energy.csv
NMG_MATLAB_2000_dt_5.50e-06_Nx_256_neumann_n_relax_4_75p_phi.csv
NMG_MATLAB_2000_dt_5.50e-06_Nx_256_neumann_n_relax_4_75p_phi.csv
NMG_MATLAB_2000_dt_5.50e-06_Nx_256_neumann_n_relax_4_75p_phi.csv is not in the correct format for calculating norm.
NMG_MATLAB_2000_dt_5.50e-06_Nx_512_neumann_n_relax_4_energy.csv
SAV_MATLAB_2000_dt_5.50e-06_Nx_64_neumann_n_relax_4_phi.csv
SAV_MATLAB_2000_dt_5.50e-06_Nx_64_neumann_n_relax_4_phi.csv
SAV_MATLAB_2000_dt_5.50e-06_Nx_64_neumann_n_relax_4_phi.csv is not in the correct format for calculating norm.
NMG_MATLAB_2000_dt_5.50e-06_Nx_64_periodic_n_relax_4_25p_t_out.csv
NMG_MATLAB_2000_dt_5.50e-06_Nx_512_periodic_n_relax_4_movie.avi
SAV_MATLAB_2000_dt_5.50e-06_Nx_64_periodic_n_relax_4_25p_mass.csv
SAV_MATLAB_2000_dt_5.50e-06_Nx_64_neumann_n_relax_4_25p_t_out.csv
NMG_MATLAB_2000_dt_5.50e-06_Nx_128_periodic_n_relax_4_75p_phi.csv
NMG_MATLAB_2000_dt_5.50e-06_Nx_128_periodic_n_relax_4_75p_phi.csv
NMG_MATLAB_2000_dt_5.50e-06_Nx_128_periodic_n_relax_4_75p_phi.csv is not in the correct format for calculating norm.
NMG_MATLAB_2000_dt_5.50e-06_Nx_512_neumann_n_relax_4_25p_phi.csv
NMG_MATLAB_2000_dt_5.50e-06_Nx_512_neumann_n_relax_4_25p_phi.csv
NMG_MATLAB_2000_dt_5.50e-06_Nx_512_neumann_n_relax_4_25p_phi.csv is not in the correct format for calculating norm.
NMG_MATLAB_2000_dt_5.50e-06_Nx_128_periodic_n_relax_4_25p_energy.csv
NMG_MATLAB_2000_dt_5.50e-06_Nx_512_neumann_n_relax_4_75p_t_out.csv
SAV_MATLAB_2000_dt_5.50e-06_Nx_512_neumann_n_relax_4_75p_t_out.csv
SAV_MATLAB_2000_dt_5.50e-06_Nx_64_periodic_n_relax_4_25p_phi.csv
SAV_MATLAB_2000_dt_5.50e-06_Nx_64_periodic_n_relax_4_25p_phi.csv
SAV_MATLAB_2000_dt_5.50e-06_Nx_64_periodic_n_relax_4_25p_phi.csv is not in the correct format for calculating norm.
NMG_MATLAB_2000_dt_5.50e-06_Nx_128_neumann_n_relax_4_movie.avi
SAV_MATLAB_2000_dt_5.50e-06_Nx_256_periodic_n_relax_4_25p_t_out.csv
NMG_MATLAB_2000_dt_5.50e-06_Nx_128_periodic_n_relax_4_movie.avi
SAV_MATLAB_2000_dt_5.50e-06_Nx_256_periodic_n_relax_4_movie.avi
SAV_MATLAB_2000_dt_5.50e-06_Nx_128_neumann_n_relax_4_25p_mass.csv
NMG_MATLAB_2000_dt_5.50e-06_Nx_64_periodic_n_relax_4_25p_phi.csv
NMG_MATLAB_2000_dt_5.50e-06_Nx_64_periodic_n_relax_4_25p_phi.csv
NMG_MATLAB_2000_dt_5.50e-06_Nx_64_periodic_n_relax_4_25p_phi.csv is not in the correct format for calculating norm.
SAV_MATLAB_2000_dt_5.50e-06_Nx_256_periodic_n_relax_4_25p_energy.csv
NMG_MATLAB_2000_dt_5.50e-06_Nx_128_periodic_n_relax_4_25p_phi.csv
NMG_MATLAB_2000_dt_5.50e-06_Nx_128_periodic_n_relax_4_25p_phi.csv
NMG_MATLAB_2000_dt_5.50e-06_Nx_128_periodic_n_relax_4_25p_phi.csv is not in the correct format for calculating norm.
SAV_MATLAB_2000_dt_5.50e-06_Nx_64_neumann_n_relax_4_energy.csv
NMG_MATLAB_2000_dt_5.50e-06_Nx_256_periodic_n_relax_4_25p_phi.csv
NMG_MATLAB_2000_dt_5.50e-06_Nx_256_periodic_n_relax_4_25p_phi.csv
NMG_MATLAB_2000_dt_5.50e-06_Nx_256_periodic_n_relax_4_25p_phi.csv is not in the correct format for calculating norm.
SAV_MATLAB_2000_dt_5.50e-06_Nx_512_neumann_n_relax_4_energy.csv
SAV_MATLAB_2000_dt_5.50e-06_Nx_256_neumann_n_relax_4_movie.avi
NMG_MATLAB_2000_dt_5.50e-06_Nx_256_neumann_n_relax_4_25p_t_out.csv
SAV_MATLAB_2000_dt_5.50e-06_Nx_64_periodic_n_relax_4_energy.csv
SAV_MATLAB_2000_dt_5.50e-06_Nx_512_periodic_n_relax_4_mass.csv
NMG_MATLAB_2000_dt_5.50e-06_Nx_512_periodic_n_relax_4_75p_mass.csv
SAV_MATLAB_2000_dt_5.50e-06_Nx_64_neumann_n_relax_4_75p_mass.csv
NMG_MATLAB_2000_dt_5.50e-06_Nx_256_periodic_n_relax_4_25p_mass.csv
NMG_MATLAB_2000_dt_5.50e-06_Nx_256_periodic_n_relax_4_75p_mass.csv
SAV_MATLAB_2000_dt_5.50e-06_Nx_64_periodic_n_relax_4_t_out.csv
NMG_MATLAB_2000_dt_5.50e-06_Nx_256_periodic_n_relax_4_25p_energy.csv
SAV_MATLAB_2000_dt_5.50e-06_Nx_64_periodic_n_relax_4_75p_phi.csv
SAV_MATLAB_2000_dt_5.50e-06_Nx_64_periodic_n_relax_4_75p_phi.csv
SAV_MATLAB_2000_dt_5.50e-06_Nx_64_periodic_n_relax_4_75p_phi.csv is not in the correct format for calculating norm.
SAV_MATLAB_2000_dt_5.50e-06_Nx_64_periodic_n_relax_4_75p_energy.csv
SAV_MATLAB_2000_dt_5.50e-06_Nx_256_periodic_n_relax_4_75p_energy.csv
SAV_MATLAB_2000_dt_5.50e-06_Nx_512_periodic_n_relax_4_phi.csv
SAV_MATLAB_2000_dt_5.50e-06_Nx_512_periodic_n_relax_4_phi.csv
SAV_MATLAB_2000_dt_5.50e-06_Nx_512_periodic_n_relax_4_phi.csv is not in the correct format for calculating norm.
SAV_MATLAB_2000_dt_5.50e-06_Nx_512_periodic_n_relax_4_25p_phi.csv
SAV_MATLAB_2000_dt_5.50e-06_Nx_512_periodic_n_relax_4_25p_phi.csv
SAV_MATLAB_2000_dt_5.50e-06_Nx_512_periodic_n_relax_4_25p_phi.csv is not in the correct format for calculating norm.
SAV_MATLAB_2000_dt_5.50e-06_Nx_256_neumann_n_relax_4_25p_mass.csv
NMG_MATLAB_2000_dt_5.50e-06_Nx_512_neumann_n_relax_4_t_out.csv
NMG_MATLAB_2000_dt_5.50e-06_Nx_128_periodic_n_relax_4_75p_movie.avi
SAV_MATLAB_2000_dt_5.50e-06_Nx_128_neumann_n_relax_4_phi.csv
SAV_MATLAB_2000_dt_5.50e-06_Nx_128_neumann_n_relax_4_phi.csv
SAV_MATLAB_2000_dt_5.50e-06_Nx_128_neumann_n_relax_4_phi.csv is not in the correct format for calculating norm.
NMG_MATLAB_2000_dt_5.50e-06_Nx_256_neumann_n_relax_4_t_out.csv
SAV_MATLAB_2000_dt_5.50e-06_Nx_256_periodic_n_relax_4_25p_movie.avi
NMG_MATLAB_2000_dt_5.50e-06_Nx_128_periodic_n_relax_4_75p_t_out.csv
SAV_MATLAB_2000_dt_5.50e-06_Nx_64_periodic_n_relax_4_25p_energy.csv
SAV_MATLAB_2000_dt_5.50e-06_Nx_512_neumann_n_relax_4_25p_phi.csv
SAV_MATLAB_2000_dt_5.50e-06_Nx_512_neumann_n_relax_4_25p_phi.csv
SAV_MATLAB_2000_dt_5.50e-06_Nx_512_neumann_n_relax_4_25p_phi.csv is not in the correct format for calculating norm.
NMG_MATLAB_2000_dt_5.50e-06_Nx_256_periodic_n_relax_4_phi.csv
NMG_MATLAB_2000_dt_5.50e-06_Nx_256_periodic_n_relax_4_phi.csv
NMG_MATLAB_2000_dt_5.50e-06_Nx_256_periodic_n_relax_4_phi.csv is not in the correct format for calculating norm.
NMG_MATLAB_2000_dt_5.50e-06_Nx_256_periodic_n_relax_4_energy.csv
SAV_MATLAB_2000_dt_5.50e-06_Nx_256_neumann_n_relax_4_25p_movie.avi
SAV_MATLAB_2000_dt_5.50e-06_Nx_512_neumann_n_relax_4_75p_energy.csv
NMG_MATLAB_2000_dt_5.50e-06_Nx_64_neumann_n_relax_4_75p_phi.csv
NMG_MATLAB_2000_dt_5.50e-06_Nx_64_neumann_n_relax_4_75p_phi.csv
NMG_MATLAB_2000_dt_5.50e-06_Nx_64_neumann_n_relax_4_75p_phi.csv is not in the correct format for calculating norm.
NMG_MATLAB_2000_dt_5.50e-06_Nx_512_neumann_n_relax_4_75p_mass.csv
SAV_MATLAB_2000_dt_5.50e-06_Nx_512_periodic_n_relax_4_75p_energy.csv
SAV_MATLAB_2000_dt_5.50e-06_Nx_128_periodic_n_relax_4_75p_energy.csv
SAV_MATLAB_2000_dt_5.50e-06_Nx_64_neumann_n_relax_4_t_out.csv
NMG_MATLAB_2000_dt_5.50e-06_Nx_512_neumann_n_relax_4_75p_movie.avi
SAV_MATLAB_2000_dt_5.50e-06_Nx_64_neumann_n_relax_4_75p_movie.avi
NMG_MATLAB_2000_dt_5.50e-06_Nx_256_periodic_n_relax_4_75p_t_out.csv
SAV_MATLAB_2000_dt_5.50e-06_Nx_64_periodic_n_relax_4_25p_t_out.csv
NMG_MATLAB_2000_dt_5.50e-06_Nx_512_neumann_n_relax_4_25p_movie.avi
SAV_MATLAB_2000_dt_5.50e-06_Nx_512_neumann_n_relax_4_t_out.csv
NMG_MATLAB_2000_dt_5.50e-06_Nx_64_neumann_n_relax_4_75p_mass.csv
SAV_MATLAB_2000_dt_5.50e-06_Nx_256_neumann_n_relax_4_75p_movie.avi
SAV_MATLAB_2000_dt_5.50e-06_Nx_512_neumann_n_relax_4_75p_phi.csv
SAV_MATLAB_2000_dt_5.50e-06_Nx_512_neumann_n_relax_4_75p_phi.csv
SAV_MATLAB_2000_dt_5.50e-06_Nx_512_neumann_n_relax_4_75p_phi.csv is not in the correct format for calculating norm.
SAV_MATLAB_2000_dt_5.50e-06_Nx_512_neumann_n_relax_4_phi.csv
SAV_MATLAB_2000_dt_5.50e-06_Nx_512_neumann_n_relax_4_phi.csv
SAV_MATLAB_2000_dt_5.50e-06_Nx_512_neumann_n_relax_4_phi.csv is not in the correct format for calculating norm.
SAV_MATLAB_2000_dt_5.50e-06_Nx_64_neumann_n_relax_4_75p_phi.csv
SAV_MATLAB_2000_dt_5.50e-06_Nx_64_neumann_n_relax_4_75p_phi.csv
SAV_MATLAB_2000_dt_5.50e-06_Nx_64_neumann_n_relax_4_75p_phi.csv is not in the correct format for calculating norm.
SAV_MATLAB_2000_dt_5.50e-06_Nx_64_periodic_n_relax_4_75p_t_out.csv
NMG_MATLAB_2000_dt_5.50e-06_Nx_64_periodic_n_relax_4_75p_energy.csv
SAV_MATLAB_2000_dt_5.50e-06_Nx_128_periodic_n_relax_4_75p_t_out.csv
NMG_MATLAB_2000_dt_5.50e-06_Nx_128_neumann_n_relax_4_phi.csv
NMG_MATLAB_2000_dt_5.50e-06_Nx_128_neumann_n_relax_4_phi.csv
NMG_MATLAB_2000_dt_5.50e-06_Nx_128_neumann_n_relax_4_phi.csv is not in the correct format for calculating norm.
SAV_MATLAB_2000_dt_5.50e-06_Nx_512_neumann_n_relax_4_25p_mass.csv
SAV_MATLAB_2000_dt_5.50e-06_Nx_128_neumann_n_relax_4_mass.csv
NMG_MATLAB_2000_dt_5.50e-06_Nx_128_periodic_n_relax_4_energy.csv
SAV_MATLAB_2000_dt_5.50e-06_Nx_128_periodic_n_relax_4_75p_mass.csv
NMG_MATLAB_2000_dt_5.50e-06_Nx_256_periodic_n_relax_4_mass.csv
NMG_MATLAB_2000_dt_5.50e-06_Nx_256_neumann_n_relax_4_movie.avi
SAV_MATLAB_2000_dt_5.50e-06_Nx_256_periodic_n_relax_4_75p_phi.csv
SAV_MATLAB_2000_dt_5.50e-06_Nx_256_periodic_n_relax_4_75p_phi.csv
SAV_MATLAB_2000_dt_5.50e-06_Nx_256_periodic_n_relax_4_75p_phi.csv is not in the correct format for calculating norm.
NMG_MATLAB_2000_dt_5.50e-06_Nx_512_periodic_n_relax_4_75p_t_out.csv
NMG_MATLAB_2000_dt_5.50e-06_Nx_128_periodic_n_relax_4_25p_t_out.csv
NMG_MATLAB_2000_dt_5.50e-06_Nx_512_periodic_n_relax_4_75p_phi.csv
NMG_MATLAB_2000_dt_5.50e-06_Nx_512_periodic_n_relax_4_75p_phi.csv
NMG_MATLAB_2000_dt_5.50e-06_Nx_512_periodic_n_relax_4_75p_phi.csv is not in the correct format for calculating norm.
SAV_MATLAB_2000_dt_5.50e-06_Nx_512_periodic_n_relax_4_25p_energy.csv
SAV_MATLAB_2000_dt_5.50e-06_Nx_128_neumann_n_relax_4_25p_phi.csv
SAV_MATLAB_2000_dt_5.50e-06_Nx_128_neumann_n_relax_4_25p_phi.csv
SAV_MATLAB_2000_dt_5.50e-06_Nx_128_neumann_n_relax_4_25p_phi.csv is not in the correct format for calculating norm.
NMG_MATLAB_2000_dt_5.50e-06_Nx_128_neumann_n_relax_4_75p_movie.avi
NMG_MATLAB_2000_dt_5.50e-06_Nx_512_periodic_n_relax_4_t_out.csv
SAV_MATLAB_2000_dt_5.50e-06_Nx_128_periodic_n_relax_4_energy.csv
NMG_MATLAB_2000_dt_5.50e-06_Nx_128_neumann_n_relax_4_mass.csv
SAV_MATLAB_2000_dt_5.50e-06_Nx_128_periodic_n_relax_4_25p_energy.csv
NMG_MATLAB_2000_dt_5.50e-06_Nx_64_periodic_n_relax_4_75p_movie.avi
NMG_MATLAB_2000_dt_5.50e-06_Nx_256_neumann_n_relax_4_75p_movie.avi
SAV_MATLAB_2000_dt_5.50e-06_Nx_512_periodic_n_relax_4_25p_movie.avi
SAV_MATLAB_2000_dt_5.50e-06_Nx_128_periodic_n_relax_4_t_out.csv
NMG_MATLAB_2000_dt_5.50e-06_Nx_512_periodic_n_relax_4_25p_movie.avi
SAV_MATLAB_2000_dt_5.50e-06_Nx_256_periodic_n_relax_4_25p_mass.csv
SAV_MATLAB_2000_dt_5.50e-06_Nx_256_periodic_n_relax_4_75p_mass.csv
SAV_MATLAB_2000_dt_5.50e-06_Nx_512_neumann_n_relax_4_25p_movie.avi
SAV_MATLAB_2000_dt_5.50e-06_Nx_128_neumann_n_relax_4_75p_mass.csv
NMG_MATLAB_2000_dt_5.50e-06_Nx_512_neumann_n_relax_4_75p_phi.csv
NMG_MATLAB_2000_dt_5.50e-06_Nx_512_neumann_n_relax_4_75p_phi.csv
NMG_MATLAB_2000_dt_5.50e-06_Nx_512_neumann_n_relax_4_75p_phi.csv is not in the correct format for calculating norm.
NMG_MATLAB_2000_dt_5.50e-06_Nx_128_periodic_n_relax_4_mass.csv
SAV_MATLAB_2000_dt_5.50e-06_Nx_128_neumann_n_relax_4_energy.csv
NMG_MATLAB_2000_dt_5.50e-06_Nx_128_periodic_n_relax_4_75p_mass.csv
NMG_MATLAB_2000_dt_5.50e-06_Nx_512_periodic_n_relax_4_25p_t_out.csv
NMG_MATLAB_2000_dt_5.50e-06_Nx_256_neumann_n_relax_4_25p_mass.csv
NMG_MATLAB_2000_dt_5.50e-06_Nx_128_neumann_n_relax_4_25p_mass.csv
SAV_MATLAB_2000_dt_5.50e-06_Nx_256_neumann_n_relax_4_75p_phi.csv
SAV_MATLAB_2000_dt_5.50e-06_Nx_256_neumann_n_relax_4_75p_phi.csv
SAV_MATLAB_2000_dt_5.50e-06_Nx_256_neumann_n_relax_4_75p_phi.csv is not in the correct format for calculating norm.
SAV_MATLAB_2000_dt_5.50e-06_Nx_128_neumann_n_relax_4_25p_movie.avi
Job_specs.csv
NMG_MATLAB_2000_dt_5.50e-06_Nx_512_periodic_n_relax_4_25p_mass.csv
NMG_MATLAB_2000_dt_5.50e-06_Nx_128_neumann_n_relax_4_25p_energy.csv
SAV_MATLAB_2000_dt_5.50e-06_Nx_512_periodic_n_relax_4_75p_movie.avi
NMG_MATLAB_2000_dt_5.50e-06_Nx_64_neumann_n_relax_4_25p_energy.csv
SAV_MATLAB_2000_dt_5.50e-06_Nx_64_periodic_n_relax_4_phi.csv
SAV_MATLAB_2000_dt_5.50e-06_Nx_64_periodic_n_relax_4_phi.csv
SAV_MATLAB_2000_dt_5.50e-06_Nx_64_periodic_n_relax_4_phi.csv is not in the correct format for calculating norm.
SAV_MATLAB_2000_dt_5.50e-06_Nx_64_neumann_n_relax_4_25p_phi.csv
SAV_MATLAB_2000_dt_5.50e-06_Nx_64_neumann_n_relax_4_25p_phi.csv
SAV_MATLAB_2000_dt_5.50e-06_Nx_64_neumann_n_relax_4_25p_phi.csv is not in the correct format for calculating norm.
NMG_MATLAB_2000_dt_5.50e-06_Nx_512_periodic_n_relax_4_75p_movie.avi
NMG_MATLAB_2000_dt_5.50e-06_Nx_256_neumann_n_relax_4_mass.csv
SAV_MATLAB_2000_dt_5.50e-06_Nx_128_neumann_n_relax_4_75p_movie.avi
NMG_MATLAB_2000_dt_5.50e-06_Nx_64_neumann_n_relax_4_energy.csv
NMG_MATLAB_2000_dt_5.50e-06_Nx_64_periodic_n_relax_4_25p_movie.avi
SAV_MATLAB_2000_dt_5.50e-06_Nx_256_neumann_n_relax_4_phi.csv
SAV_MATLAB_2000_dt_5.50e-06_Nx_256_neumann_n_relax_4_phi.csv
SAV_MATLAB_2000_dt_5.50e-06_Nx_256_neumann_n_relax_4_phi.csv is not in the correct format for calculating norm.
NMG_MATLAB_2000_dt_5.50e-06_Nx_256_neumann_n_relax_4_25p_phi.csv
NMG_MATLAB_2000_dt_5.50e-06_Nx_256_neumann_n_relax_4_25p_phi.csv
NMG_MATLAB_2000_dt_5.50e-06_Nx_256_neumann_n_relax_4_25p_phi.csv is not in the correct format for calculating norm.
NMG_MATLAB_2000_dt_5.50e-06_Nx_64_neumann_n_relax_4_25p_mass.csv
SAV_MATLAB_2000_dt_5.50e-06_Nx_512_neumann_n_relax_4_75p_movie.avi
NMG_MATLAB_2000_dt_5.50e-06_Nx_512_neumann_n_relax_4_25p_t_out.csv
NMG_MATLAB_2000_dt_5.50e-06_Nx_128_periodic_n_relax_4_t_out.csv
NMG_MATLAB_2000_dt_5.50e-06_Nx_512_periodic_n_relax_4_phi.csv
NMG_MATLAB_2000_dt_5.50e-06_Nx_512_periodic_n_relax_4_phi.csv
NMG_MATLAB_2000_dt_5.50e-06_Nx_512_periodic_n_relax_4_phi.csv is not in the correct format for calculating norm.
NMG_MATLAB_2000_dt_5.50e-06_Nx_256_periodic_n_relax_4_t_out.csv
SAV_MATLAB_2000_dt_5.50e-06_Nx_64_neumann_n_relax_4_25p_movie.avi
SAV_MATLAB_2000_dt_5.50e-06_Nx_256_periodic_n_relax_4_energy.csv
NMG_MATLAB_2000_dt_5.50e-06_Nx_128_periodic_n_relax_4_25p_movie.avi
NMG_MATLAB_2000_dt_5.50e-06_Nx_128_neumann_n_relax_4_25p_movie.avi
NMG_MATLAB_2000_dt_5.50e-06_Nx_128_neumann_n_relax_4_75p_mass.csv
NMG_MATLAB_2000_dt_5.50e-06_Nx_256_neumann_n_relax_4_energy.csv
NMG_MATLAB_2000_dt_5.50e-06_Nx_256_neumann_n_relax_4_75p_mass.csv
NMG_MATLAB_2000_dt_5.50e-06_Nx_512_neumann_n_relax_4_75p_energy.csv
SAV_MATLAB_2000_dt_5.50e-06_Nx_512_periodic_n_relax_4_t_out.csv
SAV_MATLAB_2000_dt_5.50e-06_Nx_128_neumann_n_relax_4_75p_phi.csv
SAV_MATLAB_2000_dt_5.50e-06_Nx_128_neumann_n_relax_4_75p_phi.csv
SAV_MATLAB_2000_dt_5.50e-06_Nx_128_neumann_n_relax_4_75p_phi.csv is not in the correct format for calculating norm.
SAV_MATLAB_2000_dt_5.50e-06_Nx_128_periodic_n_relax_4_25p_phi.csv
SAV_MATLAB_2000_dt_5.50e-06_Nx_128_periodic_n_relax_4_25p_phi.csv
SAV_MATLAB_2000_dt_5.50e-06_Nx_128_periodic_n_relax_4_25p_phi.csv is not in the correct format for calculating norm.
NMG_MATLAB_2000_dt_5.50e-06_Nx_128_neumann_n_relax_4_t_out.csv
SAV_MATLAB_2000_dt_5.50e-06_Nx_128_periodic_n_relax_4_75p_phi.csv
SAV_MATLAB_2000_dt_5.50e-06_Nx_128_periodic_n_relax_4_75p_phi.csv
SAV_MATLAB_2000_dt_5.50e-06_Nx_128_periodic_n_relax_4_75p_phi.csv is not in the correct format for calculating norm.
NMG_MATLAB_2000_dt_5.50e-06_Nx_64_neumann_n_relax_4_25p_movie.avi
SAV_MATLAB_2000_dt_5.50e-06_Nx_256_periodic_n_relax_4_phi.csv
SAV_MATLAB_2000_dt_5.50e-06_Nx_256_periodic_n_relax_4_phi.csv
SAV_MATLAB_2000_dt_5.50e-06_Nx_256_periodic_n_relax_4_phi.csv is not in the correct format for calculating norm.
NMG_MATLAB_2000_dt_5.50e-06_Nx_64_periodic_n_relax_4_75p_phi.csv
NMG_MATLAB_2000_dt_5.50e-06_Nx_64_periodic_n_relax_4_75p_phi.csv
NMG_MATLAB_2000_dt_5.50e-06_Nx_64_periodic_n_relax_4_75p_phi.csv is not in the correct format for calculating norm.
NMG_MATLAB_2000_dt_5.50e-06_Nx_64_neumann_n_relax_4_phi.csv
NMG_MATLAB_2000_dt_5.50e-06_Nx_64_neumann_n_relax_4_phi.csv
NMG_MATLAB_2000_dt_5.50e-06_Nx_64_neumann_n_relax_4_phi.csv is not in the correct format for calculating norm.
NMG_MATLAB_2000_dt_5.50e-06_Nx_256_periodic_n_relax_4_75p_energy.csv
NMG_MATLAB_2000_dt_5.50e-06_Nx_64_periodic_n_relax_4_movie.avi
NMG_MATLAB_2000_dt_5.50e-06_Nx_64_periodic_n_relax_4_75p_mass.csv
NMG_MATLAB_2000_dt_5.50e-06_Nx_64_periodic_n_relax_4_mass.csv
NMG_MATLAB_2000_dt_5.50e-06_Nx_256_neumann_n_relax_4_25p_movie.avi
SAV_MATLAB_2000_dt_5.50e-06_Nx_256_neumann_n_relax_4_25p_t_out.csv
SAV_MATLAB_2000_dt_5.50e-06_Nx_64_neumann_n_relax_4_75p_t_out.csv
SAV_MATLAB_2000_dt_5.50e-06_Nx_512_periodic_n_relax_4_energy.csv
SAV_MATLAB_2000_dt_5.50e-06_Nx_64_periodic_n_relax_4_75p_mass.csv
NMG_MATLAB_2000_dt_5.50e-06_Nx_256_periodic_n_relax_4_75p_movie.avi
SAV_MATLAB_2000_dt_5.50e-06_Nx_512_neumann_n_relax_4_mass.csv
SAV_MATLAB_2000_dt_5.50e-06_Nx_512_neumann_n_relax_4_75p_mass.csv
NMG_MATLAB_2000_dt_5.50e-06_Nx_64_neumann_n_relax_4_movie.avi
NMG_MATLAB_2000_dt_5.50e-06_Nx_256_periodic_n_relax_4_75p_phi.csv
NMG_MATLAB_2000_dt_5.50e-06_Nx_256_periodic_n_relax_4_75p_phi.csv
NMG_MATLAB_2000_dt_5.50e-06_Nx_256_periodic_n_relax_4_75p_phi.csv is not in the correct format for calculating norm.
SAV_MATLAB_2000_dt_5.50e-06_Nx_512_periodic_n_relax_4_25p_t_out.csv
NMG_MATLAB_2000_dt_5.50e-06_Nx_512_periodic_n_relax_4_energy.csv
SAV_MATLAB_2000_dt_5.50e-06_Nx_256_neumann_n_relax_4_mass.csv
NMG_MATLAB_2000_dt_5.50e-06_Nx_512_neumann_n_relax_4_phi.csv
NMG_MATLAB_2000_dt_5.50e-06_Nx_512_neumann_n_relax_4_phi.csv
NMG_MATLAB_2000_dt_5.50e-06_Nx_512_neumann_n_relax_4_phi.csv is not in the correct format for calculating norm.
NMG_MATLAB_2000_dt_5.50e-06_Nx_128_periodic_n_relax_4_75p_energy.csv
NMG_MATLAB_2000_dt_5.50e-06_Nx_128_neumann_n_relax_4_25p_t_out.csv
NMG_MATLAB_2000_dt_5.50e-06_Nx_128_neumann_n_relax_4_25p_phi.csv
NMG_MATLAB_2000_dt_5.50e-06_Nx_128_neumann_n_relax_4_25p_phi.csv
NMG_MATLAB_2000_dt_5.50e-06_Nx_128_neumann_n_relax_4_25p_phi.csv is not in the correct format for calculating norm.
SAV_MATLAB_2000_dt_5.50e-06_Nx_128_periodic_n_relax_4_mass.csv
NMG_MATLAB_2000_dt_5.50e-06_Nx_64_neumann_n_relax_4_25p_t_out.csv
SAV_MATLAB_2000_dt_5.50e-06_Nx_128_periodic_n_relax_4_movie.avi
SAV_MATLAB_2000_dt_5.50e-06_Nx_512_periodic_n_relax_4_75p_t_out.csv
SAV_MATLAB_2000_dt_5.50e-06_Nx_512_periodic_n_relax_4_75p_mass.csv
NMG_MATLAB_2000_dt_5.50e-06_Nx_512_neumann_n_relax_4_25p_energy.csv
NMG_MATLAB_2000_dt_5.50e-06_Nx_512_neumann_n_relax_4_mass.csv
SAV_MATLAB_2000_dt_5.50e-06_Nx_128_periodic_n_relax_4_25p_t_out.csv
NMG_MATLAB_2000_dt_5.50e-06_Nx_512_neumann_n_relax_4_movie.avi
NMG_MATLAB_2000_dt_5.50e-06_Nx_64_periodic_n_relax_4_phi.csv
NMG_MATLAB_2000_dt_5.50e-06_Nx_64_periodic_n_relax_4_phi.csv
NMG_MATLAB_2000_dt_5.50e-06_Nx_64_periodic_n_relax_4_phi.csv is not in the correct format for calculating norm.
SAV_MATLAB_2000_dt_5.50e-06_Nx_64_periodic_n_relax_4_movie.avi
NMG_MATLAB_2000_dt_5.50e-06_Nx_256_periodic_n_relax_4_25p_t_out.csv
NMG_MATLAB_2000_dt_5.50e-06_Nx_256_neumann_n_relax_4_25p_energy.csv
NMG_MATLAB_2000_dt_5.50e-06_Nx_64_periodic_n_relax_4_25p_mass.csv
NMG_MATLAB_2000_dt_5.50e-06_Nx_64_periodic_n_relax_4_t_out.csv
NMG_MATLAB_2000_dt_5.50e-06_Nx_512_periodic_n_relax_4_25p_phi.csv
NMG_MATLAB_2000_dt_5.50e-06_Nx_512_periodic_n_relax_4_25p_phi.csv
NMG_MATLAB_2000_dt_5.50e-06_Nx_512_periodic_n_relax_4_25p_phi.csv is not in the correct format for calculating norm.
NMG_MATLAB_2000_dt_5.50e-06_Nx_64_periodic_n_relax_4_25p_energy.csv
FD_200000_dt_5.50e-08_Nx_128_n_relax_4_gam_3.69e+00_D_16384_update_phi.csv
FD_2_dt_5.50e-08_Nx_128_n_relax_4_gam_3.69e+00_D_16384_update.avi
FD_200000_dt_5.50e-08_Nx_128_n_relax_4_gam_3.69e+00_D_16384_update.avi
FD_200000_dt_5.50e-08_Nx_128_n_relax_4_gam_3.69e+00_D_16384_update_energy.csv
FD_200000_dt_5.50e-08_Nx_128_n_relax_4_gam_3.69e+00_D_16384_update_mass.csv
FD_2_dt_5.50e-08_Nx_128_n_relax_4_gam_3.69e+00_D_16384_update_phi.csv
SAV_Julia_2000_dt_5.50e-06_Nx_512_neumann_dtout_10_75p_t_out.csv
SAV_Julia_2000_dt_5.50e-06_Nx_256_neumann_dtout_10_t_out.csv
NMG_Julia_2000_dt_5.50e-06_Nx_512_periodic_dtout_10_75p_t_out.csv
NMG_Julia_2000_dt_5.50e-06_Nx_128_neumann_dtout_10_phi.csv
NMG_Julia_2000_dt_5.50e-06_Nx_128_neumann_dtout_10_phi.csv
88.97552455171996
NMG_Julia_2000_dt_5.50e-06_Nx_512_neumann_dtout_10_75p_mass.csv
SAV_Julia_2000_dt_5.50e-06_Nx_512_neumann_dtout_10_75p_mass.csv
NMG_Julia_2000_dt_5.50e-06_Nx_128_neumann_dtout_10_75p_t_out.csv
SAV_Julia_2000_dt_5.50e-06_Nx_64_periodic_dtout_10_75p_energy.csv
NMG_Julia_2000_dt_5.50e-06_Nx_64_neumann_dtout_10_25p_phi.csv
NMG_Julia_2000_dt_5.50e-06_Nx_64_neumann_dtout_10_25p_phi.csv
31.414789913155868
SAV_Julia_2000_dt_5.50e-06_Nx_512_periodic_dtout_10_mass.csv
NMG_Julia_2000_dt_5.50e-06_Nx_128_periodic_dtout_10_75p_t_out.csv
SAV_Julia_2000_dt_5.50e-06_Nx_512_neumann_dtout_10_25p_movie.avi
SAV_Julia_2000_dt_5.50e-06_Nx_512_periodic_dtout_10_25p_t_out.csv
SAV_Julia_2000_dt_5.50e-06_Nx_128_neumann_dtout_10_25p_mass.csv
NMG_Julia_2000_dt_5.50e-06_Nx_512_neumann_dtout_10_mass.csv
SAV_Julia_2000_dt_5.50e-06_Nx_128_neumann_dtout_10_mass.csv
NMG_Julia_2000_dt_5.50e-06_Nx_256_neumann_dtout_2000_phi.csv
NMG_Julia_2000_dt_5.50e-06_Nx_256_neumann_dtout_2000_phi.csv
204.93765146038754
NMG_Julia_2000_dt_5.50e-06_Nx_64_neumann_dtout_10_75p_t_out.csv
SAV_Julia_2000_dt_5.50e-06_Nx_512_periodic_dtout_2000_75p_phi.csv
SAV_Julia_2000_dt_5.50e-06_Nx_512_periodic_dtout_2000_75p_phi.csv
448.055596499635
NMG_Julia_2000_dt_5.50e-06_Nx_128_neumann_dtout_2000_phi.csv
NMG_Julia_2000_dt_5.50e-06_Nx_128_neumann_dtout_2000_phi.csv
88.97552455171996
SAV_Julia_2000_dt_5.50e-06_Nx_256_periodic_dtout_2000_25p_phi.csv
SAV_Julia_2000_dt_5.50e-06_Nx_256_periodic_dtout_2000_25p_phi.csv
212.36572037788932
NMG_Julia_2000_dt_5.50e-06_Nx_256_periodic_dtout_10_mass.csv
SAV_Julia_2000_dt_5.50e-06_Nx_512_periodic_dtout_10_movie.avi
NMG_Julia_2000_dt_5.50e-06_Nx_512_neumann_dtout_2000_phi.csv
NMG_Julia_2000_dt_5.50e-06_Nx_512_neumann_dtout_2000_phi.csv
432.20687068324156
SAV_Julia_2000_dt_5.50e-06_Nx_256_periodic_dtout_10_25p_movie.avi
NMG_Julia_2000_dt_5.50e-06_Nx_256_neumann_dtout_10_mass.csv
SAV_Julia_2000_dt_5.50e-06_Nx_256_periodic_dtout_10_75p_t_out.csv
NMG_Julia_2000_dt_5.50e-06_Nx_64_neumann_dtout_10_25p_energy.csv
SAV_Julia_2000_dt_5.50e-06_Nx_512_neumann_dtout_10_phi.csv
SAV_Julia_2000_dt_5.50e-06_Nx_512_neumann_dtout_10_phi.csv
449.82987147902037
SAV_Julia_2000_dt_5.50e-06_Nx_512_periodic_dtout_10_75p_phi.csv
SAV_Julia_2000_dt_5.50e-06_Nx_512_periodic_dtout_10_75p_phi.csv
448.055596499635
SAV_Julia_2000_dt_5.50e-06_Nx_128_periodic_dtout_10_t_out.csv
NMG_Julia_2000_dt_5.50e-06_Nx_128_periodic_dtout_2000_phi.csv
NMG_Julia_2000_dt_5.50e-06_Nx_128_periodic_dtout_2000_phi.csv
89.51030870766573
SAV_Julia_2000_dt_5.50e-06_Nx_128_neumann_dtout_10_75p_phi.csv
SAV_Julia_2000_dt_5.50e-06_Nx_128_neumann_dtout_10_75p_phi.csv
63.243920416541826
SAV_Julia_2000_dt_5.50e-06_Nx_128_periodic_dtout_10_25p_phi.csv
SAV_Julia_2000_dt_5.50e-06_Nx_128_periodic_dtout_10_25p_phi.csv
63.20088169280991
NMG_Julia_2000_dt_5.50e-06_Nx_64_neumann_dtout_10_25p_t_out.csv
SAV_Julia_2000_dt_5.50e-06_Nx_256_periodic_dtout_10_mass.csv
SAV_Julia_2000_dt_5.50e-06_Nx_256_neumann_dtout_10_energy.csv
SAV_Julia_2000_dt_5.50e-06_Nx_64_neumann_dtout_10_25p_energy.csv
NMG_Julia_2000_dt_5.50e-06_Nx_64_neumann_dtout_10_75p_phi.csv
NMG_Julia_2000_dt_5.50e-06_Nx_64_neumann_dtout_10_75p_phi.csv
31.41579722504934
NMG_Julia_2000_dt_5.50e-06_Nx_256_periodic_dtout_2000_75p_phi.csv
NMG_Julia_2000_dt_5.50e-06_Nx_256_periodic_dtout_2000_75p_phi.csv
203.909910982339
NMG_Julia_2000_dt_5.50e-06_Nx_128_periodic_dtout_2000_75p_phi.csv
NMG_Julia_2000_dt_5.50e-06_Nx_128_periodic_dtout_2000_75p_phi.csv
62.542757425095104
SAV_Julia_2000_dt_5.50e-06_Nx_512_periodic_dtout_10_25p_mass.csv
NMG_Julia_2000_dt_5.50e-06_Nx_256_periodic_dtout_10_75p_mass.csv
SAV_Julia_2000_dt_5.50e-06_Nx_128_periodic_dtout_10_25p_movie.avi
SAV_Julia_2000_dt_5.50e-06_Nx_256_neumann_dtout_10_75p_movie.avi
NMG_Julia_2000_dt_5.50e-06_Nx_64_periodic_dtout_10_25p_energy.csv
SAV_Julia_2000_dt_5.50e-06_Nx_512_neumann_dtout_10_25p_energy.csv
SAV_Julia_2000_dt_5.50e-06_Nx_512_periodic_dtout_10_75p_energy.csv
NMG_Julia_2000_dt_5.50e-06_Nx_128_neumann_dtout_2000_25p_phi.csv
NMG_Julia_2000_dt_5.50e-06_Nx_128_neumann_dtout_2000_25p_phi.csv
62.527666683047684
SAV_Julia_2000_dt_5.50e-06_Nx_512_periodic_dtout_2000_25p_phi.csv
SAV_Julia_2000_dt_5.50e-06_Nx_512_periodic_dtout_2000_25p_phi.csv
447.54572847403915
NMG_Julia_2000_dt_5.50e-06_Nx_512_periodic_dtout_10_25p_mass.csv
NMG_Julia_2000_dt_5.50e-06_Nx_64_neumann_dtout_10_phi.csv
NMG_Julia_2000_dt_5.50e-06_Nx_64_neumann_dtout_10_phi.csv
15.463282342791958
NMG_Julia_2000_dt_5.50e-06_Nx_128_periodic_dtout_10_75p_mass.csv
NMG_Julia_2000_dt_5.50e-06_Nx_256_neumann_dtout_10_movie.avi
SAV_Julia_2000_dt_5.50e-06_Nx_256_neumann_dtout_2000_phi.csv
SAV_Julia_2000_dt_5.50e-06_Nx_256_neumann_dtout_2000_phi.csv
206.60433055934558
SAV_Julia_2000_dt_5.50e-06_Nx_64_neumann_dtout_10_75p_mass.csv
SAV_Julia_2000_dt_5.50e-06_Nx_512_neumann_dtout_10_75p_movie.avi
SAV_Julia_2000_dt_5.50e-06_Nx_512_periodic_dtout_10_energy.csv
SAV_Julia_2000_dt_5.50e-06_Nx_512_periodic_dtout_10_25p_phi.csv
SAV_Julia_2000_dt_5.50e-06_Nx_512_periodic_dtout_10_25p_phi.csv
447.54572847403915
SAV_Julia_2000_dt_5.50e-06_Nx_128_periodic_dtout_10_phi.csv
SAV_Julia_2000_dt_5.50e-06_Nx_128_periodic_dtout_10_phi.csv
86.93505241480163
SAV_Julia_2000_dt_5.50e-06_Nx_512_neumann_dtout_10_75p_phi.csv
SAV_Julia_2000_dt_5.50e-06_Nx_512_neumann_dtout_10_75p_phi.csv
448.0575826674208
NMG_Julia_2000_dt_5.50e-06_Nx_256_periodic_dtout_10_energy.csv
SAV_Julia_2000_dt_5.50e-06_Nx_512_periodic_dtout_10_75p_t_out.csv
NMG_Julia_2000_dt_5.50e-06_Nx_512_neumann_dtout_10_75p_movie.avi
SAV_Julia_2000_dt_5.50e-06_Nx_512_periodic_dtout_10_75p_mass.csv
NMG_Julia_2000_dt_5.50e-06_Nx_256_periodic_dtout_2000_phi.csv
NMG_Julia_2000_dt_5.50e-06_Nx_256_periodic_dtout_2000_phi.csv
205.57255859051415
NMG_Julia_2000_dt_5.50e-06_Nx_64_neumann_dtout_10_mass.csv
SAV_Julia_2000_dt_5.50e-06_Nx_512_periodic_dtout_10_t_out.csv
SAV_Julia_2000_dt_5.50e-06_Nx_128_periodic_dtout_2000_phi.csv
SAV_Julia_2000_dt_5.50e-06_Nx_128_periodic_dtout_2000_phi.csv
86.93505241480163
SAV_Julia_2000_dt_5.50e-06_Nx_128_neumann_dtout_10_75p_t_out.csv
SAV_Julia_2000_dt_5.50e-06_Nx_64_neumann_dtout_2000_25p_phi.csv
SAV_Julia_2000_dt_5.50e-06_Nx_64_neumann_dtout_2000_25p_phi.csv
31.528587428094546
NMG_Julia_2000_dt_5.50e-06_Nx_512_neumann_dtout_10_25p_mass.csv
NMG_Julia_2000_dt_5.50e-06_Nx_256_neumann_dtout_10_25p_t_out.csv
NMG_Julia_2000_dt_5.50e-06_Nx_256_neumann_dtout_10_75p_movie.avi
NMG_Julia_2000_dt_5.50e-06_Nx_512_periodic_dtout_2000_75p_phi.csv
NMG_Julia_2000_dt_5.50e-06_Nx_512_periodic_dtout_2000_75p_phi.csv
428.14489466834357
NMG_Julia_2000_dt_5.50e-06_Nx_128_neumann_dtout_10_t_out.csv
NMG_Julia_2000_dt_5.50e-06_Nx_512_periodic_dtout_10_75p_mass.csv
NMG_Julia_2000_dt_5.50e-06_Nx_128_periodic_dtout_10_25p_t_out.csv
SAV_Julia_2000_dt_5.50e-06_Nx_64_periodic_dtout_10_25p_mass.csv
NMG_Julia_2000_dt_5.50e-06_Nx_64_neumann_dtout_10_75p_mass.csv
SAV_Julia_2000_dt_5.50e-06_Nx_256_periodic_dtout_2000_75p_phi.csv
SAV_Julia_2000_dt_5.50e-06_Nx_256_periodic_dtout_2000_75p_phi.csv
211.2265768592991
SAV_Julia_2000_dt_5.50e-06_Nx_256_neumann_dtout_10_25p_phi.csv
SAV_Julia_2000_dt_5.50e-06_Nx_256_neumann_dtout_10_25p_phi.csv
211.67642928101375
NMG_Julia_2000_dt_5.50e-06_Nx_128_periodic_dtout_10_25p_movie.avi
SAV_Julia_2000_dt_5.50e-06_Nx_512_neumann_dtout_10_movie.avi
SAV_Julia_2000_dt_5.50e-06_Nx_128_neumann_dtout_2000_25p_phi.csv
SAV_Julia_2000_dt_5.50e-06_Nx_128_neumann_dtout_2000_25p_phi.csv
63.29371271544478
NMG_Julia_2000_dt_5.50e-06_Nx_256_neumann_dtout_10_75p_phi.csv
NMG_Julia_2000_dt_5.50e-06_Nx_256_neumann_dtout_10_75p_phi.csv
204.7426555773793
SAV_Julia_2000_dt_5.50e-06_Nx_128_neumann_dtout_10_energy.csv
SAV_Julia_2000_dt_5.50e-06_Nx_512_periodic_dtout_10_75p_movie.avi
SAV_Julia_2000_dt_5.50e-06_Nx_128_periodic_dtout_10_75p_movie.avi
NMG_Julia_2000_dt_5.50e-06_Nx_512_periodic_dtout_10_energy.csv
SAV_Julia_2000_dt_5.50e-06_Nx_64_neumann_dtout_10_25p_movie.avi
SAV_Julia_2000_dt_5.50e-06_Nx_512_neumann_dtout_10_t_out.csv
NMG_Julia_2000_dt_5.50e-06_Nx_128_neumann_dtout_10_75p_energy.csv
SAV_Julia_2000_dt_5.50e-06_Nx_512_neumann_dtout_10_25p_phi.csv
SAV_Julia_2000_dt_5.50e-06_Nx_512_neumann_dtout_10_25p_phi.csv
445.95471020051394
NMG_Julia_2000_dt_5.50e-06_Nx_64_neumann_dtout_2000_phi.csv
NMG_Julia_2000_dt_5.50e-06_Nx_64_neumann_dtout_2000_phi.csv
15.463282342791958
SAV_Julia_2000_dt_5.50e-06_Nx_128_periodic_dtout_10_75p_mass.csv
NMG_Julia_2000_dt_5.50e-06_Nx_128_neumann_dtout_10_25p_t_out.csv
SAV_Julia_2000_dt_5.50e-06_Nx_256_periodic_dtout_2000_phi.csv
SAV_Julia_2000_dt_5.50e-06_Nx_256_periodic_dtout_2000_phi.csv
207.41534302653906
SAV_Julia_2000_dt_5.50e-06_Nx_64_neumann_dtout_2000_phi.csv
SAV_Julia_2000_dt_5.50e-06_Nx_64_neumann_dtout_2000_phi.csv
11.619937454490513
SAV_Julia_2000_dt_5.50e-06_Nx_128_periodic_dtout_10_75p_phi.csv
SAV_Julia_2000_dt_5.50e-06_Nx_128_periodic_dtout_10_75p_phi.csv
63.26052405106299
NMG_Julia_2000_dt_5.50e-06_Nx_512_neumann_dtout_10_energy.csv
SAV_Julia_2000_dt_5.50e-06_Nx_128_periodic_dtout_10_25p_mass.csv
NMG_Julia_2000_dt_5.50e-06_Nx_64_periodic_dtout_10_phi.csv
NMG_Julia_2000_dt_5.50e-06_Nx_64_periodic_dtout_10_phi.csv
15.373279366252234
SAV_Julia_2000_dt_5.50e-06_Nx_64_periodic_dtout_10_mass.csv
NMG_Julia_2000_dt_5.50e-06_Nx_256_neumann_dtout_10_75p_mass.csv
SAV_Julia_2000_dt_5.50e-06_Nx_128_periodic_dtout_10_energy.csv
SAV_Julia_2000_dt_5.50e-06_Nx_512_neumann_dtout_2000_phi.csv
SAV_Julia_2000_dt_5.50e-06_Nx_512_neumann_dtout_2000_phi.csv
449.82987147902037
SAV_Julia_2000_dt_5.50e-06_Nx_256_neumann_dtout_10_movie.avi
NMG_Julia_2000_dt_5.50e-06_Nx_128_neumann_dtout_10_energy.csv
SAV_Julia_2000_dt_5.50e-06_Nx_64_periodic_dtout_10_movie.avi
SAV_Julia_2000_dt_5.50e-06_Nx_128_periodic_dtout_10_mass.csv
NMG_Julia_2000_dt_5.50e-06_Nx_64_periodic_dtout_10_75p_mass.csv
NMG_Julia_2000_dt_5.50e-06_Nx_64_periodic_dtout_2000_phi.csv
NMG_Julia_2000_dt_5.50e-06_Nx_64_periodic_dtout_2000_phi.csv
15.373279366252234
NMG_Julia_2000_dt_5.50e-06_Nx_64_periodic_dtout_2000_75p_phi.csv
NMG_Julia_2000_dt_5.50e-06_Nx_64_periodic_dtout_2000_75p_phi.csv
31.396670886471625
NMG_Julia_2000_dt_5.50e-06_Nx_512_neumann_dtout_10_25p_phi.csv
NMG_Julia_2000_dt_5.50e-06_Nx_512_neumann_dtout_10_25p_phi.csv
425.1589675810097
NMG_Julia_2000_dt_5.50e-06_Nx_128_neumann_dtout_10_75p_mass.csv
NMG_Julia_2000_dt_5.50e-06_Nx_64_neumann_dtout_10_25p_mass.csv
NMG_Julia_2000_dt_5.50e-06_Nx_128_periodic_dtout_10_25p_mass.csv
SAV_Julia_2000_dt_5.50e-06_Nx_256_neumann_dtout_2000_25p_phi.csv
SAV_Julia_2000_dt_5.50e-06_Nx_256_neumann_dtout_2000_25p_phi.csv
211.67642928101375
SAV_Julia_2000_dt_5.50e-06_Nx_256_neumann_dtout_2000_75p_phi.csv
SAV_Julia_2000_dt_5.50e-06_Nx_256_neumann_dtout_2000_75p_phi.csv
212.90203379185505
NMG_Julia_2000_dt_5.50e-06_Nx_128_periodic_dtout_10_25p_energy.csv
SAV_Julia_2000_dt_5.50e-06_Nx_512_periodic_dtout_10_phi.csv
SAV_Julia_2000_dt_5.50e-06_Nx_512_periodic_dtout_10_phi.csv
450.8142159862076
NMG_Julia_2000_dt_5.50e-06_Nx_128_periodic_dtout_10_mass.csv
NMG_Julia_2000_dt_5.50e-06_Nx_128_periodic_dtout_10_phi.csv
NMG_Julia_2000_dt_5.50e-06_Nx_128_periodic_dtout_10_phi.csv
89.51030870766573
NMG_Julia_2000_dt_5.50e-06_Nx_128_neumann_dtout_2000_75p_phi.csv
NMG_Julia_2000_dt_5.50e-06_Nx_128_neumann_dtout_2000_75p_phi.csv
62.278815007830005
SAV_Julia_2000_dt_5.50e-06_Nx_128_neumann_dtout_10_25p_movie.avi
NMG_Julia_2000_dt_5.50e-06_Nx_256_periodic_dtout_10_25p_mass.csv
NMG_Julia_2000_dt_5.50e-06_Nx_512_neumann_dtout_10_25p_movie.avi
NMG_Julia_2000_dt_5.50e-06_Nx_64_periodic_dtout_10_75p_t_out.csv
NMG_Julia_2000_dt_5.50e-06_Nx_256_neumann_dtout_10_75p_t_out.csv
NMG_Julia_2000_dt_5.50e-06_Nx_256_periodic_dtout_10_t_out.csv
SAV_Julia_2000_dt_5.50e-06_Nx_512_neumann_dtout_10_25p_t_out.csv
NMG_Julia_2000_dt_5.50e-06_Nx_512_periodic_dtout_2000_25p_phi.csv
NMG_Julia_2000_dt_5.50e-06_Nx_512_periodic_dtout_2000_25p_phi.csv
424.79807774801725
SAV_Julia_2000_dt_5.50e-06_Nx_64_periodic_dtout_2000_25p_phi.csv
SAV_Julia_2000_dt_5.50e-06_Nx_64_periodic_dtout_2000_25p_phi.csv
31.527487419178623
NMG_Julia_2000_dt_5.50e-06_Nx_512_periodic_dtout_10_movie.avi
NMG_Julia_2000_dt_5.50e-06_Nx_64_periodic_dtout_10_25p_t_out.csv
SAV_Julia_2000_dt_5.50e-06_Nx_256_neumann_dtout_10_25p_mass.csv
NMG_Julia_2000_dt_5.50e-06_Nx_128_neumann_dtout_10_25p_phi.csv
NMG_Julia_2000_dt_5.50e-06_Nx_128_neumann_dtout_10_25p_phi.csv
62.527666683047684
NMG_Julia_2000_dt_5.50e-06_Nx_512_periodic_dtout_10_75p_movie.avi
SAV_Julia_2000_dt_5.50e-06_Nx_256_periodic_dtout_10_25p_t_out.csv
NMG_Julia_2000_dt_5.50e-06_Nx_64_periodic_dtout_10_25p_mass.csv
SAV_Julia_2000_dt_5.50e-06_Nx_64_neumann_dtout_10_movie.avi
SAV_Julia_2000_dt_5.50e-06_Nx_256_periodic_dtout_10_75p_energy.csv
SAV_Julia_2000_dt_5.50e-06_Nx_64_periodic_dtout_10_75p_t_out.csv
SAV_Julia_2000_dt_5.50e-06_Nx_512_periodic_dtout_10_25p_movie.avi
NMG_Julia_2000_dt_5.50e-06_Nx_512_neumann_dtout_10_75p_t_out.csv
NMG_Julia_2000_dt_5.50e-06_Nx_64_periodic_dtout_10_energy.csv
NMG_Julia_2000_dt_5.50e-06_Nx_512_periodic_dtout_10_75p_energy.csv
NMG_Julia_2000_dt_5.50e-06_Nx_512_periodic_dtout_2000_phi.csv
NMG_Julia_2000_dt_5.50e-06_Nx_512_periodic_dtout_2000_phi.csv
432.79129592290485
NMG_Julia_2000_dt_5.50e-06_Nx_64_periodic_dtout_10_75p_phi.csv
NMG_Julia_2000_dt_5.50e-06_Nx_64_periodic_dtout_10_75p_phi.csv
31.396670886471625
NMG_Julia_2000_dt_5.50e-06_Nx_64_neumann_dtout_10_t_out.csv
NMG_Julia_2000_dt_5.50e-06_Nx_128_neumann_dtout_10_mass.csv
SAV_Julia_2000_dt_5.50e-06_Nx_64_periodic_dtout_10_energy.csv
SAV_Julia_2000_dt_5.50e-06_Nx_64_periodic_dtout_10_t_out.csv
SAV_Julia_2000_dt_5.50e-06_Nx_256_neumann_dtout_10_25p_movie.avi
SAV_Julia_2000_dt_5.50e-06_Nx_128_neumann_dtout_10_75p_mass.csv
SAV_Julia_2000_dt_5.50e-06_Nx_64_neumann_dtout_2000_75p_phi.csv
SAV_Julia_2000_dt_5.50e-06_Nx_64_neumann_dtout_2000_75p_phi.csv
31.529462488434042
SAV_Julia_2000_dt_5.50e-06_Nx_256_neumann_dtout_10_75p_t_out.csv
NMG_Julia_2000_dt_5.50e-06_Nx_64_periodic_dtout_10_75p_energy.csv
SAV_Julia_2000_dt_5.50e-06_Nx_128_neumann_dtout_2000_75p_phi.csv
SAV_Julia_2000_dt_5.50e-06_Nx_128_neumann_dtout_2000_75p_phi.csv
63.243920416541826
SAV_Julia_2000_dt_5.50e-06_Nx_64_periodic_dtout_2000_75p_phi.csv
SAV_Julia_2000_dt_5.50e-06_Nx_64_periodic_dtout_2000_75p_phi.csv
31.526409405667025
SAV_Julia_2000_dt_5.50e-06_Nx_512_neumann_dtout_10_energy.csv
SAV_Julia_2000_dt_5.50e-06_Nx_128_periodic_dtout_10_75p_t_out.csv
SAV_Julia_2000_dt_5.50e-06_Nx_128_neumann_dtout_10_phi.csv
SAV_Julia_2000_dt_5.50e-06_Nx_128_neumann_dtout_10_phi.csv
86.66184000034077
NMG_Julia_2000_dt_5.50e-06_Nx_64_neumann_dtout_10_75p_movie.avi
NMG_Julia_2000_dt_5.50e-06_Nx_64_periodic_dtout_10_25p_movie.avi
NMG_Julia_2000_dt_5.50e-06_Nx_512_periodic_dtout_10_mass.csv
SAV_Julia_2000_dt_5.50e-06_Nx_64_periodic_dtout_10_25p_t_out.csv
NMG_Julia_2000_dt_5.50e-06_Nx_512_neumann_dtout_10_75p_phi.csv
NMG_Julia_2000_dt_5.50e-06_Nx_512_neumann_dtout_10_75p_phi.csv
427.99515963484373
SAV_Julia_2000_dt_5.50e-06_Nx_256_neumann_dtout_10_phi.csv
SAV_Julia_2000_dt_5.50e-06_Nx_256_neumann_dtout_10_phi.csv
206.60433055934558
NMG_Julia_2000_dt_5.50e-06_Nx_512_neumann_dtout_2000_25p_phi.csv
NMG_Julia_2000_dt_5.50e-06_Nx_512_neumann_dtout_2000_25p_phi.csv
425.1589675810097
NMG_Julia_2000_dt_5.50e-06_Nx_256_periodic_dtout_10_25p_phi.csv
NMG_Julia_2000_dt_5.50e-06_Nx_256_periodic_dtout_10_25p_phi.csv
204.2328961935036
NMG_Julia_2000_dt_5.50e-06_Nx_256_neumann_dtout_10_phi.csv
NMG_Julia_2000_dt_5.50e-06_Nx_256_neumann_dtout_10_phi.csv
204.93765146038754
SAV_Julia_2000_dt_5.50e-06_Nx_128_neumann_dtout_2000_phi.csv
SAV_Julia_2000_dt_5.50e-06_Nx_128_neumann_dtout_2000_phi.csv
86.66184000034077
SAV_Julia_2000_dt_5.50e-06_Nx_64_periodic_dtout_10_75p_mass.csv
NMG_Julia_2000_dt_5.50e-06_Nx_256_periodic_dtout_10_75p_phi.csv
NMG_Julia_2000_dt_5.50e-06_Nx_256_periodic_dtout_10_75p_phi.csv
203.909910982339
SAV_Julia_2000_dt_5.50e-06_Nx_512_periodic_dtout_10_25p_energy.csv
SAV_Julia_2000_dt_5.50e-06_Nx_512_neumann_dtout_10_75p_energy.csv
SAV_Julia_2000_dt_5.50e-06_Nx_64_periodic_dtout_10_75p_movie.avi
NMG_Julia_2000_dt_5.50e-06_Nx_256_periodic_dtout_10_75p_energy.csv
SAV_Julia_2000_dt_5.50e-06_Nx_256_neumann_dtout_10_75p_mass.csv
SAV_Julia_2000_dt_5.50e-06_Nx_64_neumann_dtout_10_25p_phi.csv
SAV_Julia_2000_dt_5.50e-06_Nx_64_neumann_dtout_10_25p_phi.csv
31.528587428094546
SAV_Julia_2000_dt_5.50e-06_Nx_128_neumann_dtout_10_25p_energy.csv
NMG_Julia_2000_dt_5.50e-06_Nx_512_neumann_dtout_10_phi.csv
NMG_Julia_2000_dt_5.50e-06_Nx_512_neumann_dtout_10_phi.csv
432.20687068324156
SAV_Julia_2000_dt_5.50e-06_Nx_64_neumann_dtout_10_25p_mass.csv
SAV_Julia_2000_dt_5.50e-06_Nx_64_neumann_dtout_10_25p_t_out.csv
NMG_Julia_2000_dt_5.50e-06_Nx_512_periodic_dtout_10_t_out.csv
NMG_Julia_2000_dt_5.50e-06_Nx_512_periodic_dtout_10_25p_energy.csv
NMG_Julia_2000_dt_5.50e-06_Nx_64_neumann_dtout_10_75p_energy.csv
SAV_Julia_2000_dt_5.50e-06_Nx_256_periodic_dtout_10_25p_energy.csv
SAV_Julia_2000_dt_5.50e-06_Nx_64_neumann_dtout_10_t_out.csv
SAV_Julia_2000_dt_5.50e-06_Nx_256_neumann_dtout_10_mass.csv
SAV_Julia_2000_dt_5.50e-06_Nx_64_neumann_dtout_10_75p_energy.csv
SAV_Julia_2000_dt_5.50e-06_Nx_128_neumann_dtout_10_25p_phi.csv
SAV_Julia_2000_dt_5.50e-06_Nx_128_neumann_dtout_10_25p_phi.csv
63.29371271544478
NMG_Julia_2000_dt_5.50e-06_Nx_512_periodic_dtout_10_75p_phi.csv
NMG_Julia_2000_dt_5.50e-06_Nx_512_periodic_dtout_10_75p_phi.csv
428.14489466834357
SAV_Julia_2000_dt_5.50e-06_Nx_512_neumann_dtout_2000_75p_phi.csv
SAV_Julia_2000_dt_5.50e-06_Nx_512_neumann_dtout_2000_75p_phi.csv
448.0575826674208
NMG_Julia_2000_dt_5.50e-06_Nx_256_neumann_dtout_10_25p_movie.avi
SAV_Julia_2000_dt_5.50e-06_Nx_128_periodic_dtout_2000_25p_phi.csv
SAV_Julia_2000_dt_5.50e-06_Nx_128_periodic_dtout_2000_25p_phi.csv
63.20088169280991
NMG_Julia_2000_dt_5.50e-06_Nx_64_neumann_dtout_10_movie.avi
NMG_Julia_2000_dt_5.50e-06_Nx_512_neumann_dtout_10_t_out.csv
SAV_Julia_2000_dt_5.50e-06_Nx_256_periodic_dtout_10_25p_phi.csv
SAV_Julia_2000_dt_5.50e-06_Nx_256_periodic_dtout_10_25p_phi.csv
212.36572037788932
SAV_Julia_2000_dt_5.50e-06_Nx_512_periodic_dtout_2000_phi.csv
SAV_Julia_2000_dt_5.50e-06_Nx_512_periodic_dtout_2000_phi.csv
450.8142159862076
NMG_Julia_2000_dt_5.50e-06_Nx_128_periodic_dtout_10_energy.csv
NMG_Julia_2000_dt_5.50e-06_Nx_512_neumann_dtout_10_25p_energy.csv
NMG_Julia_2000_dt_5.50e-06_Nx_128_neumann_dtout_10_movie.avi
NMG_Julia_2000_dt_5.50e-06_Nx_64_neumann_dtout_10_energy.csv
NMG_Julia_2000_dt_5.50e-06_Nx_256_neumann_dtout_2000_25p_phi.csv
NMG_Julia_2000_dt_5.50e-06_Nx_256_neumann_dtout_2000_25p_phi.csv
203.5333970516826
SAV_Julia_2000_dt_5.50e-06_Nx_256_periodic_dtout_10_75p_movie.avi
NMG_Julia_2000_dt_5.50e-06_Nx_128_periodic_dtout_10_75p_movie.avi
SAV_Julia_2000_dt_5.50e-06_Nx_256_periodic_dtout_10_movie.avi
NMG_Julia_2000_dt_5.50e-06_Nx_128_neumann_dtout_10_75p_phi.csv
NMG_Julia_2000_dt_5.50e-06_Nx_128_neumann_dtout_10_75p_phi.csv
62.278815007830005
NMG_Julia_2000_dt_5.50e-06_Nx_512_periodic_dtout_10_25p_phi.csv
NMG_Julia_2000_dt_5.50e-06_Nx_512_periodic_dtout_10_25p_phi.csv
424.79807774801725
NMG_Julia_2000_dt_5.50e-06_Nx_256_periodic_dtout_10_75p_movie.avi
NMG_Julia_2000_dt_5.50e-06_Nx_256_neumann_dtout_10_energy.csv
NMG_Julia_2000_dt_5.50e-06_Nx_64_neumann_dtout_2000_25p_phi.csv
NMG_Julia_2000_dt_5.50e-06_Nx_64_neumann_dtout_2000_25p_phi.csv
31.414789913155868
SAV_Julia_2000_dt_5.50e-06_Nx_64_periodic_dtout_2000_phi.csv
SAV_Julia_2000_dt_5.50e-06_Nx_64_periodic_dtout_2000_phi.csv
11.038447535534498
SAV_Julia_2000_dt_5.50e-06_Nx_64_neumann_dtout_10_75p_phi.csv
SAV_Julia_2000_dt_5.50e-06_Nx_64_neumann_dtout_10_75p_phi.csv
31.529462488434042
SAV_Julia_2000_dt_5.50e-06_Nx_64_periodic_dtout_10_75p_phi.csv
SAV_Julia_2000_dt_5.50e-06_Nx_64_periodic_dtout_10_75p_phi.csv
31.526409405667025
SAV_Julia_2000_dt_5.50e-06_Nx_128_periodic_dtout_10_25p_t_out.csv
SAV_Julia_2000_dt_5.50e-06_Nx_512_neumann_dtout_10_mass.csv
NMG_Julia_2000_dt_5.50e-06_Nx_256_neumann_dtout_10_75p_energy.csv
NMG_Julia_2000_dt_5.50e-06_Nx_64_periodic_dtout_10_25p_phi.csv
NMG_Julia_2000_dt_5.50e-06_Nx_64_periodic_dtout_10_25p_phi.csv
31.40489838805438
NMG_Julia_2000_dt_5.50e-06_Nx_128_neumann_dtout_10_75p_movie.avi
NMG_Julia_2000_dt_5.50e-06_Nx_64_periodic_dtout_10_mass.csv
NMG_Julia_2000_dt_5.50e-06_Nx_512_periodic_dtout_10_25p_t_out.csv
NMG_Julia_2000_dt_5.50e-06_Nx_128_neumann_dtout_10_25p_mass.csv
SAV_Julia_2000_dt_5.50e-06_Nx_128_neumann_dtout_10_75p_energy.csv
SAV_Julia_2000_dt_5.50e-06_Nx_64_periodic_dtout_10_phi.csv
SAV_Julia_2000_dt_5.50e-06_Nx_64_periodic_dtout_10_phi.csv
11.038447535534498
SAV_Julia_2000_dt_5.50e-06_Nx_256_neumann_dtout_10_75p_phi.csv
SAV_Julia_2000_dt_5.50e-06_Nx_256_neumann_dtout_10_75p_phi.csv
212.90203379185505
NMG_Julia_2000_dt_5.50e-06_Nx_256_periodic_dtout_10_25p_movie.avi
NMG_Julia_2000_dt_5.50e-06_Nx_64_periodic_dtout_10_movie.avi
SAV_Julia_2000_dt_5.50e-06_Nx_128_neumann_dtout_10_75p_movie.avi
SAV_Julia_2000_dt_5.50e-06_Nx_64_neumann_dtout_10_75p_t_out.csv
SAV_Julia_2000_dt_5.50e-06_Nx_64_neumann_dtout_10_energy.csv
NMG_Julia_2000_dt_5.50e-06_Nx_512_neumann_dtout_10_75p_energy.csv
SAV_Julia_2000_dt_5.50e-06_Nx_128_neumann_dtout_10_t_out.csv
SAV_Julia_2000_dt_5.50e-06_Nx_64_neumann_dtout_10_mass.csv
NMG_Julia_2000_dt_5.50e-06_Nx_64_periodic_dtout_10_75p_movie.avi
NMG_Julia_2000_dt_5.50e-06_Nx_512_periodic_dtout_10_25p_movie.avi
NMG_Julia_2000_dt_5.50e-06_Nx_64_neumann_dtout_10_25p_movie.avi
SAV_Julia_2000_dt_5.50e-06_Nx_128_neumann_dtout_10_25p_t_out.csv
SAV_Julia_2000_dt_5.50e-06_Nx_256_neumann_dtout_10_25p_energy.csv
SAV_Julia_2000_dt_5.50e-06_Nx_256_neumann_dtout_10_25p_t_out.csv
SAV_Julia_2000_dt_5.50e-06_Nx_128_periodic_dtout_10_75p_energy.csv
NMG_Julia_2000_dt_5.50e-06_Nx_256_neumann_dtout_10_25p_phi.csv
NMG_Julia_2000_dt_5.50e-06_Nx_256_neumann_dtout_10_25p_phi.csv
203.5333970516826
SAV_Julia_2000_dt_5.50e-06_Nx_256_periodic_dtout_10_t_out.csv
SAV_Julia_2000_dt_5.50e-06_Nx_512_neumann_dtout_10_25p_mass.csv
SAV_Julia_2000_dt_5.50e-06_Nx_256_periodic_dtout_10_75p_phi.csv
SAV_Julia_2000_dt_5.50e-06_Nx_256_periodic_dtout_10_75p_phi.csv
211.2265768592991
NMG_Julia_2000_dt_5.50e-06_Nx_256_periodic_dtout_10_75p_t_out.csv
NMG_Julia_2000_dt_5.50e-06_Nx_128_periodic_dtout_10_t_out.csv
SAV_Julia_2000_dt_5.50e-06_Nx_64_neumann_dtout_10_phi.csv
SAV_Julia_2000_dt_5.50e-06_Nx_64_neumann_dtout_10_phi.csv
11.619937454490513
SAV_Julia_2000_dt_5.50e-06_Nx_128_periodic_dtout_2000_75p_phi.csv
SAV_Julia_2000_dt_5.50e-06_Nx_128_periodic_dtout_2000_75p_phi.csv
63.26052405106299
SAV_Julia_2000_dt_5.50e-06_Nx_128_periodic_dtout_10_movie.avi
NMG_Julia_2000_dt_5.50e-06_Nx_256_periodic_dtout_10_movie.avi
NMG_Julia_2000_dt_5.50e-06_Nx_256_periodic_dtout_10_phi.csv
NMG_Julia_2000_dt_5.50e-06_Nx_256_periodic_dtout_10_phi.csv
205.57255859051415
NMG_Julia_2000_dt_5.50e-06_Nx_256_neumann_dtout_10_25p_energy.csv
NMG_Julia_2000_dt_5.50e-06_Nx_128_neumann_dtout_10_25p_energy.csv
SAV_Julia_2000_dt_5.50e-06_Nx_128_periodic_dtout_10_25p_energy.csv
NMG_Julia_2000_dt_5.50e-06_Nx_128_periodic_dtout_10_75p_phi.csv
NMG_Julia_2000_dt_5.50e-06_Nx_128_periodic_dtout_10_75p_phi.csv
62.542757425095104
NMG_Julia_2000_dt_5.50e-06_Nx_256_periodic_dtout_10_25p_t_out.csv
NMG_Julia_2000_dt_5.50e-06_Nx_256_periodic_dtout_10_25p_energy.csv
SAV_Julia_2000_dt_5.50e-06_Nx_128_neumann_dtout_10_movie.avi
SAV_Julia_2000_dt_5.50e-06_Nx_256_periodic_dtout_10_energy.csv
SAV_Julia_2000_dt_5.50e-06_Nx_256_periodic_dtout_10_25p_mass.csv
SAV_Julia_2000_dt_5.50e-06_Nx_256_periodic_dtout_10_phi.csv
SAV_Julia_2000_dt_5.50e-06_Nx_256_periodic_dtout_10_phi.csv
207.41534302653906
NMG_Julia_2000_dt_5.50e-06_Nx_128_periodic_dtout_10_25p_phi.csv
NMG_Julia_2000_dt_5.50e-06_Nx_128_periodic_dtout_10_25p_phi.csv
62.05804946644115
NMG_Julia_2000_dt_5.50e-06_Nx_64_periodic_dtout_10_t_out.csv
NMG_Julia_2000_dt_5.50e-06_Nx_256_neumann_dtout_10_t_out.csv
NMG_Julia_2000_dt_5.50e-06_Nx_64_neumann_dtout_2000_75p_phi.csv
NMG_Julia_2000_dt_5.50e-06_Nx_64_neumann_dtout_2000_75p_phi.csv
31.41579722504934
NMG_Julia_2000_dt_5.50e-06_Nx_256_neumann_dtout_10_25p_mass.csv
SAV_Julia_2000_dt_5.50e-06_Nx_64_periodic_dtout_10_25p_movie.avi
SAV_Julia_2000_dt_5.50e-06_Nx_256_neumann_dtout_10_75p_energy.csv
NMG_Julia_2000_dt_5.50e-06_Nx_128_neumann_dtout_10_25p_movie.avi
NMG_Julia_2000_dt_5.50e-06_Nx_512_neumann_dtout_10_25p_t_out.csv
NMG_Julia_2000_dt_5.50e-06_Nx_64_periodic_dtout_2000_25p_phi.csv
NMG_Julia_2000_dt_5.50e-06_Nx_64_periodic_dtout_2000_25p_phi.csv
31.40489838805438
NMG_Julia_2000_dt_5.50e-06_Nx_256_neumann_dtout_2000_75p_phi.csv
NMG_Julia_2000_dt_5.50e-06_Nx_256_neumann_dtout_2000_75p_phi.csv
204.7426555773793
SAV_Julia_2000_dt_5.50e-06_Nx_512_neumann_dtout_2000_25p_phi.csv
SAV_Julia_2000_dt_5.50e-06_Nx_512_neumann_dtout_2000_25p_phi.csv
445.95471020051394
SAV_Julia_2000_dt_5.50e-06_Nx_64_neumann_dtout_10_75p_movie.avi
NMG_Julia_2000_dt_5.50e-06_Nx_512_neumann_dtout_2000_75p_phi.csv
NMG_Julia_2000_dt_5.50e-06_Nx_512_neumann_dtout_2000_75p_phi.csv
427.99515963484373
NMG_Julia_2000_dt_5.50e-06_Nx_512_neumann_dtout_10_movie.avi
NMG_Julia_2000_dt_5.50e-06_Nx_256_periodic_dtout_2000_25p_phi.csv
NMG_Julia_2000_dt_5.50e-06_Nx_256_periodic_dtout_2000_25p_phi.csv
204.2328961935036
NMG_Julia_2000_dt_5.50e-06_Nx_512_periodic_dtout_10_phi.csv
NMG_Julia_2000_dt_5.50e-06_Nx_512_periodic_dtout_10_phi.csv
432.79129592290485
NMG_Julia_2000_dt_5.50e-06_Nx_128_periodic_dtout_2000_25p_phi.csv
NMG_Julia_2000_dt_5.50e-06_Nx_128_periodic_dtout_2000_25p_phi.csv
62.05804946644115
SAV_Julia_2000_dt_5.50e-06_Nx_64_periodic_dtout_10_25p_energy.csv
NMG_Julia_2000_dt_5.50e-06_Nx_128_periodic_dtout_10_75p_energy.csv
NMG_Julia_2000_dt_5.50e-06_Nx_128_periodic_dtout_10_movie.avi
SAV_Julia_2000_dt_5.50e-06_Nx_64_periodic_dtout_10_25p_phi.csv
SAV_Julia_2000_dt_5.50e-06_Nx_64_periodic_dtout_10_25p_phi.csv
31.527487419178623
SAV_Julia_2000_dt_5.50e-06_Nx_256_periodic_dtout_10_75p_mass.csv
NMG_Python_20_dt_5.50e-06_Nx_128_periodic_dtout_1_25presidual.csv
NMG_Python_20_dt_5.50e-06_Nx_256_periodic_dtout_20_25pphi.csv
NMG_Python_20_dt_5.50e-06_Nx_256_periodic_dtout_20_25pphi.csv
0.0
NMG_Python_20_dt_5.50e-06_Nx_64_periodic_dtout_1_25penergy.csv
NMG_Python_20_dt_5.50e-06_Nx_256_periodic_dtout_1residual.csv
spinodal_decomp_04_2025SAV_Python_2000_dt_5.50e-06_Nx_256_neumann_dtout_2000phi.csv
spinodal_decomp_04_2025SAV_Python_2000_dt_5.50e-06_Nx_256_neumann_dtout_2000phi.csv
spinodal_decomp_04_2025SAV_Python_2000_dt_5.50e-06_Nx_256_neumann_dtout_2000phi.csv is not in the correct format for calculating norm.
NMG_Python_20_dt_5.50e-06_Nx_256_periodic_dtout_1_75penergy.csv
NMG_Python_20_dt_5.50e-06_Nx_512_neumann_dtout_1_25pphi.csv
NMG_Python_20_dt_5.50e-06_Nx_512_neumann_dtout_1_25pphi.csv
0.0
spinodal_decomp_04_2025SAV_Python_2000_dt_5.50e-06_Nx_128_periodic_dtout_10mass.csv
NMG_Python_20_dt_5.50e-06_Nx_64_neumann_dtout_1_75pmass.csv
spinodal_decomp_04_2025NMG_Python_200_dt_5.50e-06_Nx_512_neumann_dtout_200residual.csv
NMG_Python_20_dt_5.50e-06_Nx_512_neumann_dtout_20_25presidual.csv
NMG_Python_20_dt_5.50e-06_Nx_64_neumann_dtout_1_25pmass.csv
SAV_Python_2000_dt_5.50e-06_Nx_512_periodic_dtout_2000_25pphi.csv
SAV_Python_2000_dt_5.50e-06_Nx_512_periodic_dtout_2000_25pphi.csv
SAV_Python_2000_dt_5.50e-06_Nx_512_periodic_dtout_2000_25pphi.csv is not in the correct format for calculating norm.
spinodal_decomp_04_2025NMG_Python_20_dt_5.50e-06_Nx_128_neumann_dtout_10mass.csv
NMG_Python_20_dt_5.50e-06_Nx_512_periodic_dtout_1_75pmass.csv
NMG_Python_20_dt_5.50e-06_Nx_512_periodic_dtout_20phi.csv
NMG_Python_20_dt_5.50e-06_Nx_512_periodic_dtout_20phi.csv
0.0
SAV_Python_2000_dt_5.50e-06_Nx_64_neumann_dtout_10_25pphi.csv
SAV_Python_2000_dt_5.50e-06_Nx_64_neumann_dtout_10_25pphi.csv
SAV_Python_2000_dt_5.50e-06_Nx_64_neumann_dtout_10_25pphi.csv is not in the correct format for calculating norm.
NMG_Python_20_dt_5.50e-06_Nx_64_neumann_dtout_1_75pt_out.csv
SAV_Python_2000_dt_5.50e-06_Nx_256_periodic_dtout_10_75pmass.csv
spinodal_decomp_04_2025NMG_Python_20_dt_5.50e-06_Nx_256_neumann_dtout_10phi.csv
spinodal_decomp_04_2025NMG_Python_20_dt_5.50e-06_Nx_256_neumann_dtout_10phi.csv
0.0
spinodal_decomp_04_2025NMG_Python_20_dt_5.50e-06_Nx_128_periodic_dtout_10phi.csv
spinodal_decomp_04_2025NMG_Python_20_dt_5.50e-06_Nx_128_periodic_dtout_10phi.csv
0.0
NMG_Python_20_dt_5.50e-06_Nx_128_periodic_dtout_1_75pt_out.csv
NMG_Python_20_dt_5.50e-06_Nx_128_periodic_dtout_1_75presidual.csv
spinodal_decomp_04_2025SAV_Python_2000_dt_5.50e-06_Nx_512_periodic_dtout_10t_out.csv
spinodal_decomp_04_2025NMG_Python_200_dt_5.50e-06_Nx_64_periodic_dtout_200phi.csv
spinodal_decomp_04_2025NMG_Python_200_dt_5.50e-06_Nx_64_periodic_dtout_200phi.csv
0.0
SAV_Python_2000_dt_5.50e-06_Nx_256_neumann_dtout_2000_75pphi.csv
SAV_Python_2000_dt_5.50e-06_Nx_256_neumann_dtout_2000_75pphi.csv
SAV_Python_2000_dt_5.50e-06_Nx_256_neumann_dtout_2000_75pphi.csv is not in the correct format for calculating norm.
spinodal_decomp_04_2025NMG_Python_20_dt_5.50e-06_Nx_512_neumann_dtout_20phi.csv
spinodal_decomp_04_2025NMG_Python_20_dt_5.50e-06_Nx_512_neumann_dtout_20phi.csv
0.0
NMG_Python_20_dt_5.50e-06_Nx_64_neumann_dtout_1_25presidual.csv
NMG_Python_20_dt_5.50e-06_Nx_64_neumann_dtout_1_75presidual.csv
NMG_Python_20_dt_5.50e-06_Nx_256_neumann_dtout_1_25pmass.csv
SAV_Python_2000_dt_5.50e-06_Nx_128_neumann_dtout_10_25pt_out.csv
spinodal_decomp_04_2025SAV_Python_2000_dt_5.50e-06_Nx_128_neumann_dtout_10phi.csv
spinodal_decomp_04_2025SAV_Python_2000_dt_5.50e-06_Nx_128_neumann_dtout_10phi.csv
spinodal_decomp_04_2025SAV_Python_2000_dt_5.50e-06_Nx_128_neumann_dtout_10phi.csv is not in the correct format for calculating norm.
NMG_Python_20_dt_5.50e-06_Nx_256_neumann_dtout_20_25pphi.csv
NMG_Python_20_dt_5.50e-06_Nx_256_neumann_dtout_20_25pphi.csv
0.0
spinodal_decomp_04_2025SAV_Python_2000_dt_5.50e-06_Nx_512_periodic_dtout_10mass.csv
spinodal_decomp_04_2025NMG_Python_20_dt_5.50e-06_Nx_512_neumann_dtout_20residual.csv
spinodal_decomp_04_2025NMG_Python_20_dt_5.50e-06_Nx_512_neumann_dtout_10residual.csv
spinodal_decomp_04_2025NMG_Python_20_dt_5.50e-06_Nx_64_neumann_dtout_10residual.csv
SAV_Python_2000_dt_5.50e-06_Nx_256_neumann_dtout_10_75pphi.csv
SAV_Python_2000_dt_5.50e-06_Nx_256_neumann_dtout_10_75pphi.csv
SAV_Python_2000_dt_5.50e-06_Nx_256_neumann_dtout_10_75pphi.csv is not in the correct format for calculating norm.
spinodal_decomp_04_2025SAV_Python_2000_dt_5.50e-06_Nx_64_periodic_dtout_10t_out.csv
SAV_Python_2000_dt_5.50e-06_Nx_128_periodic_dtout_10_25penergy.csv
spinodal_decomp_04_2025SAV_Python_2000_dt_5.50e-06_Nx_128_periodic_dtout_10energy.csv
NMG_Python_20_dt_5.50e-06_Nx_256_neumann_dtout_20_25presidual.csv
SAV_Python_2000_dt_5.50e-06_Nx_256_neumann_dtout_10_75pt_out.csv
NMG_Python_20_dt_5.50e-06_Nx_128_neumann_dtout_1_75pphi.csv
NMG_Python_20_dt_5.50e-06_Nx_128_neumann_dtout_1_75pphi.csv
0.0
NMG_Python_20_dt_5.50e-06_Nx_512_periodic_dtout_1_75penergy.csv
spinodal_decomp_04_2025NMG_Python_20_dt_5.50e-06_Nx_512_periodic_dtout_20phi.csv
spinodal_decomp_04_2025NMG_Python_20_dt_5.50e-06_Nx_512_periodic_dtout_20phi.csv
0.0
SAV_Python_2000_dt_5.50e-06_Nx_64_neumann_dtout_10_75pphi.csv
SAV_Python_2000_dt_5.50e-06_Nx_64_neumann_dtout_10_75pphi.csv
SAV_Python_2000_dt_5.50e-06_Nx_64_neumann_dtout_10_75pphi.csv is not in the correct format for calculating norm.
NMG_Python_20_dt_5.50e-06_Nx_512_periodic_dtout_1phi.csv
NMG_Python_20_dt_5.50e-06_Nx_512_periodic_dtout_1phi.csv
0.0
SAV_Python_2000_dt_5.50e-06_Nx_64_neumann_dtout_10_75pt_out.csv
spinodal_decomp_04_2025SAV_Python_2000_dt_5.50e-06_Nx_512_neumann_dtout_10mass.csv
SAV_Python_2000_dt_5.50e-06_Nx_64_periodic_dtout_10_75penergy.csv
NMG_Python_20_dt_5.50e-06_Nx_64_neumann_dtout_1_25penergy.csv
SAV_Python_2000_dt_5.50e-06_Nx_512_periodic_dtout_10_25pmass.csv
spinodal_decomp_04_2025NMG_Python_20_dt_5.50e-06_Nx_128_periodic_dtout_2000phi.csv
spinodal_decomp_04_2025NMG_Python_20_dt_5.50e-06_Nx_128_periodic_dtout_2000phi.csv
0.0
spinodal_decomp_04_2025NMG_Python_20_dt_5.50e-06_Nx_256_neumann_dtout_20residual.csv
NMG_Python_20_dt_5.50e-06_Nx_256_periodic_dtout_1_25pt_out.csv
NMG_Python_20_dt_5.50e-06_Nx_128_periodic_dtout_20phi.csv
NMG_Python_20_dt_5.50e-06_Nx_128_periodic_dtout_20phi.csv
0.0
SAV_Python_2000_dt_5.50e-06_Nx_512_neumann_dtout_2000_25pphi.csv
SAV_Python_2000_dt_5.50e-06_Nx_512_neumann_dtout_2000_25pphi.csv
SAV_Python_2000_dt_5.50e-06_Nx_512_neumann_dtout_2000_25pphi.csv is not in the correct format for calculating norm.
spinodal_decomp_04_2025NMG_Python_200_dt_5.50e-06_Nx_256_neumann_dtout_200residual.csv
SAV_Python_2000_dt_5.50e-06_Nx_512_neumann_dtout_10_25pt_out.csv
NMG_Python_20_dt_5.50e-06_Nx_256_periodic_dtout_1t_out.csv
spinodal_decomp_04_2025NMG_Python_20_dt_5.50e-06_Nx_64_periodic_dtout_20residual.csv
spinodal_decomp_04_2025NMG_Python_200_dt_5.50e-06_Nx_128_neumann_dtout_200residual.csv
NMG_Python_20_dt_5.50e-06_Nx_128_periodic_dtout_1phi.csv
NMG_Python_20_dt_5.50e-06_Nx_128_periodic_dtout_1phi.csv
0.0
NMG_Python_20_dt_5.50e-06_Nx_256_neumann_dtout_1_75pmass.csv
NMG_Python_20_dt_5.50e-06_Nx_256_periodic_dtout_20_75presidual.csv
NMG_Python_20_dt_5.50e-06_Nx_64_neumann_dtout_1_25pphi.csv
NMG_Python_20_dt_5.50e-06_Nx_64_neumann_dtout_1_25pphi.csv
0.0
spinodal_decomp_04_2025NMG_Python_200_dt_5.50e-06_Nx_64_neumann_dtout_200residual.csv
spinodal_decomp_04_2025SAV_Python_2000_dt_5.50e-06_Nx_128_neumann_dtout_10t_out.csv
SAV_Python_2000_dt_5.50e-06_Nx_128_periodic_dtout_2000_75pphi.csv
SAV_Python_2000_dt_5.50e-06_Nx_128_periodic_dtout_2000_75pphi.csv
SAV_Python_2000_dt_5.50e-06_Nx_128_periodic_dtout_2000_75pphi.csv is not in the correct format for calculating norm.
spinodal_decomp_04_2025NMG_Python_20_dt_5.50e-06_Nx_256_periodic_dtout_2000phi.csv
spinodal_decomp_04_2025NMG_Python_20_dt_5.50e-06_Nx_256_periodic_dtout_2000phi.csv
0.0
spinodal_decomp_04_2025NMG_Python_20_dt_5.50e-06_Nx_128_neumann_dtout_10residual.csv
NMG_Python_20_dt_5.50e-06_Nx_512_periodic_dtout_1_75pphi.csv
NMG_Python_20_dt_5.50e-06_Nx_512_periodic_dtout_1_75pphi.csv
0.0
spinodal_decomp_04_2025NMG_Python_20_dt_5.50e-06_Nx_512_neumann_dtout_10t_out.csv
NMG_Python_20_dt_5.50e-06_Nx_256_neumann_dtout_1_25pt_out.csv
NMG_Python_20_dt_5.50e-06_Nx_64_periodic_dtout_1energy.csv
spinodal_decomp_04_2025SAV_Python_2000_dt_5.50e-06_Nx_512_neumann_dtout_10t_out.csv
SAV_Python_2000_dt_5.50e-06_Nx_512_neumann_dtout_10_25pmass.csv
NMG_Python_20_dt_5.50e-06_Nx_64_periodic_dtout_20_25presidual.csv
spinodal_decomp_04_2025SAV_Python_2000_dt_5.50e-06_Nx_512_neumann_dtout_2000phi.csv
spinodal_decomp_04_2025SAV_Python_2000_dt_5.50e-06_Nx_512_neumann_dtout_2000phi.csv
spinodal_decomp_04_2025SAV_Python_2000_dt_5.50e-06_Nx_512_neumann_dtout_2000phi.csv is not in the correct format for calculating norm.
spinodal_decomp_04_2025NMG_Python_20_dt_5.50e-06_Nx_512_periodic_dtout_10residual.csv
NMG_Python_20_dt_5.50e-06_Nx_512_neumann_dtout_1_25penergy.csv
NMG_Python_20_dt_5.50e-06_Nx_64_periodic_dtout_20phi.csv
NMG_Python_20_dt_5.50e-06_Nx_64_periodic_dtout_20phi.csv
0.0
NMG_Python_20_dt_5.50e-06_Nx_512_periodic_dtout_1mass.csv
SAV_Python_2000_dt_5.50e-06_Nx_512_periodic_dtout_10_75pphi.csv
SAV_Python_2000_dt_5.50e-06_Nx_512_periodic_dtout_10_75pphi.csv
SAV_Python_2000_dt_5.50e-06_Nx_512_periodic_dtout_10_75pphi.csv is not in the correct format for calculating norm.
NMG_Python_20_dt_5.50e-06_Nx_128_neumann_dtout_1_75pmass.csv
SAV_Python_2000_dt_5.50e-06_Nx_512_periodic_dtout_2000_75pphi.csv
SAV_Python_2000_dt_5.50e-06_Nx_512_periodic_dtout_2000_75pphi.csv
SAV_Python_2000_dt_5.50e-06_Nx_512_periodic_dtout_2000_75pphi.csv is not in the correct format for calculating norm.
NMG_Python_20_dt_5.50e-06_Nx_512_neumann_dtout_1_75penergy.csv
spinodal_decomp_04_2025NMG_Python_20_dt_5.50e-06_Nx_64_periodic_dtout_2000phi.csv
spinodal_decomp_04_2025NMG_Python_20_dt_5.50e-06_Nx_64_periodic_dtout_2000phi.csv
spinodal_decomp_04_2025NMG_Python_20_dt_5.50e-06_Nx_64_periodic_dtout_2000phi.csv is not in the correct format for calculating norm.
NMG_Python_20_dt_5.50e-06_Nx_64_neumann_dtout_1_75pphi.csv
NMG_Python_20_dt_5.50e-06_Nx_64_neumann_dtout_1_75pphi.csv
0.0
NMG_Python_20_dt_5.50e-06_Nx_256_periodic_dtout_1_75pt_out.csv
spinodal_decomp_04_2025NMG_Python_20_dt_5.50e-06_Nx_64_neumann_dtout_10energy.csv
spinodal_decomp_04_2025SAV_Python_2000_dt_5.50e-06_Nx_256_periodic_dtout_10t_out.csv
NMG_Python_20_dt_5.50e-06_Nx_128_periodic_dtout_20_75pphi.csv
NMG_Python_20_dt_5.50e-06_Nx_128_periodic_dtout_20_75pphi.csv
0.0
spinodal_decomp_04_2025SAV_Python_2000_dt_5.50e-06_Nx_256_periodic_dtout_2000phi.csv
spinodal_decomp_04_2025SAV_Python_2000_dt_5.50e-06_Nx_256_periodic_dtout_2000phi.csv
spinodal_decomp_04_2025SAV_Python_2000_dt_5.50e-06_Nx_256_periodic_dtout_2000phi.csv is not in the correct format for calculating norm.
SAV_Python_2000_dt_5.50e-06_Nx_64_neumann_dtout_10_75penergy.csv
NMG_Python_20_dt_5.50e-06_Nx_128_neumann_dtout_1_25pt_out.csv
SAV_Python_2000_dt_5.50e-06_Nx_512_neumann_dtout_10_75pphi.csv
SAV_Python_2000_dt_5.50e-06_Nx_512_neumann_dtout_10_75pphi.csv
SAV_Python_2000_dt_5.50e-06_Nx_512_neumann_dtout_10_75pphi.csv is not in the correct format for calculating norm.
SAV_Python_2000_dt_5.50e-06_Nx_128_periodic_dtout_2000_25pphi.csv
SAV_Python_2000_dt_5.50e-06_Nx_128_periodic_dtout_2000_25pphi.csv
SAV_Python_2000_dt_5.50e-06_Nx_128_periodic_dtout_2000_25pphi.csv is not in the correct format for calculating norm.
spinodal_decomp_04_2025SAV_Python_2000_dt_5.50e-06_Nx_128_neumann_dtout_10mass.csv
NMG_Python_20_dt_5.50e-06_Nx_512_periodic_dtout_1_75presidual.csv
NMG_Python_20_dt_5.50e-06_Nx_256_neumann_dtout_1_25penergy.csv
NMG_Python_20_dt_5.50e-06_Nx_64_neumann_dtout_20_75pphi.csv
NMG_Python_20_dt_5.50e-06_Nx_64_neumann_dtout_20_75pphi.csv
0.0
SAV_Python_2000_dt_5.50e-06_Nx_256_neumann_dtout_10_75penergy.csv
spinodal_decomp_04_2025SAV_Python_2000_dt_5.50e-06_Nx_256_periodic_dtout_10phi.csv
spinodal_decomp_04_2025SAV_Python_2000_dt_5.50e-06_Nx_256_periodic_dtout_10phi.csv
spinodal_decomp_04_2025SAV_Python_2000_dt_5.50e-06_Nx_256_periodic_dtout_10phi.csv is not in the correct format for calculating norm.
spinodal_decomp_04_2025NMG_Python_20_dt_5.50e-06_Nx_64_periodic_dtout_2000residual.csv
NMG_Python_20_dt_5.50e-06_Nx_256_periodic_dtout_1phi.csv
NMG_Python_20_dt_5.50e-06_Nx_256_periodic_dtout_1phi.csv
0.0
SAV_Python_2000_dt_5.50e-06_Nx_64_periodic_dtout_2000_25pphi.csv
SAV_Python_2000_dt_5.50e-06_Nx_64_periodic_dtout_2000_25pphi.csv
SAV_Python_2000_dt_5.50e-06_Nx_64_periodic_dtout_2000_25pphi.csv is not in the correct format for calculating norm.
SAV_Python_2000_dt_5.50e-06_Nx_128_periodic_dtout_10_25pt_out.csv
spinodal_decomp_04_2025NMG_Python_20_dt_5.50e-06_Nx_64_neumann_dtout_10mass.csv
NMG_Python_20_dt_5.50e-06_Nx_128_periodic_dtout_1t_out.csv
spinodal_decomp_04_2025NMG_Python_20_dt_5.50e-06_Nx_512_neumann_dtout_10mass.csv
NMG_Python_20_dt_5.50e-06_Nx_128_periodic_dtout_1_25pphi.csv
NMG_Python_20_dt_5.50e-06_Nx_128_periodic_dtout_1_25pphi.csv
0.0
NMG_Python_20_dt_5.50e-06_Nx_128_periodic_dtout_1_75penergy.csv
NMG_Python_20_dt_5.50e-06_Nx_64_periodic_dtout_1_25pt_out.csv
NMG_Python_20_dt_5.50e-06_Nx_64_periodic_dtout_1_75pmass.csv
NMG_Python_20_dt_5.50e-06_Nx_256_periodic_dtout_1mass.csv
spinodal_decomp_04_2025SAV_Python_2000_dt_5.50e-06_Nx_64_neumann_dtout_10mass.csv
spinodal_decomp_04_2025NMG_Python_200_dt_5.50e-06_Nx_512_periodic_dtout_200residual.csv
spinodal_decomp_04_2025SAV_Python_2000_dt_5.50e-06_Nx_512_periodic_dtout_10phi.csv
spinodal_decomp_04_2025SAV_Python_2000_dt_5.50e-06_Nx_512_periodic_dtout_10phi.csv
spinodal_decomp_04_2025SAV_Python_2000_dt_5.50e-06_Nx_512_periodic_dtout_10phi.csv is not in the correct format for calculating norm.
spinodal_decomp_04_2025NMG_Python_20_dt_5.50e-06_Nx_128_periodic_dtout_20phi.csv
spinodal_decomp_04_2025NMG_Python_20_dt_5.50e-06_Nx_128_periodic_dtout_20phi.csv
0.0
NMG_Python_20_dt_5.50e-06_Nx_64_periodic_dtout_20_75presidual.csv
NMG_Python_20_dt_5.50e-06_Nx_128_periodic_dtout_1_75pmass.csv
NMG_Python_20_dt_5.50e-06_Nx_64_periodic_dtout_1phi.csv
NMG_Python_20_dt_5.50e-06_Nx_64_periodic_dtout_1phi.csv
0.0
spinodal_decomp_04_2025SAV_Python_2000_dt_5.50e-06_Nx_64_neumann_dtout_10phi.csv
spinodal_decomp_04_2025SAV_Python_2000_dt_5.50e-06_Nx_64_neumann_dtout_10phi.csv
spinodal_decomp_04_2025SAV_Python_2000_dt_5.50e-06_Nx_64_neumann_dtout_10phi.csv is not in the correct format for calculating norm.
SAV_Python_2000_dt_5.50e-06_Nx_128_neumann_dtout_10_75pt_out.csv
NMG_Python_20_dt_5.50e-06_Nx_512_periodic_dtout_20_25presidual.csv
SAV_Python_2000_dt_5.50e-06_Nx_128_neumann_dtout_10_75penergy.csv
NMG_Python_20_dt_5.50e-06_Nx_256_periodic_dtout_20_25presidual.csv
SAV_Python_2000_dt_5.50e-06_Nx_128_neumann_dtout_10_75pmass.csv
spinodal_decomp_04_2025NMG_Python_20_dt_5.50e-06_Nx_512_neumann_dtout_10phi.csv
spinodal_decomp_04_2025NMG_Python_20_dt_5.50e-06_Nx_512_neumann_dtout_10phi.csv
0.0
NMG_Python_20_dt_5.50e-06_Nx_256_periodic_dtout_20phi.csv
NMG_Python_20_dt_5.50e-06_Nx_256_periodic_dtout_20phi.csv
0.0
spinodal_decomp_04_2025NMG_Python_200_dt_5.50e-06_Nx_256_periodic_dtout_200phi.csv
spinodal_decomp_04_2025NMG_Python_200_dt_5.50e-06_Nx_256_periodic_dtout_200phi.csv
0.0
SAV_Python_2000_dt_5.50e-06_Nx_512_neumann_dtout_10_75pt_out.csv
SAV_Python_2000_dt_5.50e-06_Nx_64_periodic_dtout_2000_75pphi.csv
SAV_Python_2000_dt_5.50e-06_Nx_64_periodic_dtout_2000_75pphi.csv
SAV_Python_2000_dt_5.50e-06_Nx_64_periodic_dtout_2000_75pphi.csv is not in the correct format for calculating norm.
NMG_Python_20_dt_5.50e-06_Nx_128_periodic_dtout_20_25pphi.csv
NMG_Python_20_dt_5.50e-06_Nx_128_periodic_dtout_20_25pphi.csv
0.0
NMG_Python_20_dt_5.50e-06_Nx_64_neumann_dtout_20_25pphi.csv
NMG_Python_20_dt_5.50e-06_Nx_64_neumann_dtout_20_25pphi.csv
0.0
SAV_Python_2000_dt_5.50e-06_Nx_128_neumann_dtout_10_25pphi.csv
SAV_Python_2000_dt_5.50e-06_Nx_128_neumann_dtout_10_25pphi.csv
SAV_Python_2000_dt_5.50e-06_Nx_128_neumann_dtout_10_25pphi.csv is not in the correct format for calculating norm.
spinodal_decomp_04_2025SAV_Python_2000_dt_5.50e-06_Nx_64_neumann_dtout_10t_out.csv
NMG_Python_20_dt_5.50e-06_Nx_512_periodic_dtout_1t_out.csv
spinodal_decomp_04_2025NMG_Python_20_dt_5.50e-06_Nx_512_periodic_dtout_20residual.csv
NMG_Python_20_dt_5.50e-06_Nx_512_neumann_dtout_1_75pt_out.csv
spinodal_decomp_04_2025NMG_Python_20_dt_5.50e-06_Nx_128_periodic_dtout_20residual.csv
spinodal_decomp_04_2025SAV_Python_2000_dt_5.50e-06_Nx_512_neumann_dtout_10energy.csv
SAV_Python_2000_dt_5.50e-06_Nx_256_periodic_dtout_10_75penergy.csv
SAV_Python_2000_dt_5.50e-06_Nx_256_periodic_dtout_2000_25pphi.csv
SAV_Python_2000_dt_5.50e-06_Nx_256_periodic_dtout_2000_25pphi.csv
SAV_Python_2000_dt_5.50e-06_Nx_256_periodic_dtout_2000_25pphi.csv is not in the correct format for calculating norm.
spinodal_decomp_04_2025NMG_Python_20_dt_5.50e-06_Nx_512_neumann_dtout_2000residual.csv
SAV_Python_2000_dt_5.50e-06_Nx_64_periodic_dtout_10_75pmass.csv
SAV_Python_2000_dt_5.50e-06_Nx_512_periodic_dtout_10_25pt_out.csv
NMG_Python_20_dt_5.50e-06_Nx_128_neumann_dtout_1_75pt_out.csv
NMG_Python_20_dt_5.50e-06_Nx_128_neumann_dtout_1_25penergy.csv
NMG_Python_20_dt_5.50e-06_Nx_64_periodic_dtout_1_25presidual.csv
NMG_Python_20_dt_5.50e-06_Nx_256_periodic_dtout_1energy.csv
NMG_Python_20_dt_5.50e-06_Nx_512_neumann_dtout_1_25presidual.csv
SAV_Python_2000_dt_5.50e-06_Nx_512_periodic_dtout_10_75pt_out.csv
SAV_Python_2000_dt_5.50e-06_Nx_64_neumann_dtout_10_25penergy.csv
spinodal_decomp_04_2025NMG_Python_20_dt_5.50e-06_Nx_128_neumann_dtout_10phi.csv
spinodal_decomp_04_2025NMG_Python_20_dt_5.50e-06_Nx_128_neumann_dtout_10phi.csv
0.0
NMG_Python_20_dt_5.50e-06_Nx_256_periodic_dtout_1_75pphi.csv
NMG_Python_20_dt_5.50e-06_Nx_256_periodic_dtout_1_75pphi.csv
0.0
spinodal_decomp_04_2025SAV_Python_2000_dt_5.50e-06_Nx_256_neumann_dtout_10energy.csv
SAV_Python_2000_dt_5.50e-06_Nx_256_neumann_dtout_10_25penergy.csv
spinodal_decomp_04_2025NMG_Python_20_dt_5.50e-06_Nx_256_neumann_dtout_2000phi.csv
spinodal_decomp_04_2025NMG_Python_20_dt_5.50e-06_Nx_256_neumann_dtout_2000phi.csv
spinodal_decomp_04_2025NMG_Python_20_dt_5.50e-06_Nx_256_neumann_dtout_2000phi.csv is not in the correct format for calculating norm.
NMG_Python_20_dt_5.50e-06_Nx_512_neumann_dtout_1_75pmass.csv
SAV_Python_2000_dt_5.50e-06_Nx_64_neumann_dtout_10_75pmass.csv
NMG_Python_20_dt_5.50e-06_Nx_512_neumann_dtout_20_25pphi.csv
NMG_Python_20_dt_5.50e-06_Nx_512_neumann_dtout_20_25pphi.csv
0.0
NMG_Python_20_dt_5.50e-06_Nx_256_periodic_dtout_20_75pphi.csv
NMG_Python_20_dt_5.50e-06_Nx_256_periodic_dtout_20_75pphi.csv
0.0
NMG_Python_20_dt_5.50e-06_Nx_512_periodic_dtout_1residual.csv
NMG_Python_20_dt_5.50e-06_Nx_128_neumann_dtout_20_75presidual.csv
SAV_Python_2000_dt_5.50e-06_Nx_128_neumann_dtout_10_25pmass.csv
spinodal_decomp_04_2025NMG_Python_20_dt_5.50e-06_Nx_128_neumann_dtout_10t_out.csv
spinodal_decomp_04_2025NMG_Python_20_dt_5.50e-06_Nx_256_neumann_dtout_10residual.csv
spinodal_decomp_04_2025NMG_Python_20_dt_5.50e-06_Nx_512_periodic_dtout_2000phi.csv
spinodal_decomp_04_2025NMG_Python_20_dt_5.50e-06_Nx_512_periodic_dtout_2000phi.csv
0.0
spinodal_decomp_04_2025NMG_Python_20_dt_5.50e-06_Nx_64_neumann_dtout_2000phi.csv
spinodal_decomp_04_2025NMG_Python_20_dt_5.50e-06_Nx_64_neumann_dtout_2000phi.csv
spinodal_decomp_04_2025NMG_Python_20_dt_5.50e-06_Nx_64_neumann_dtout_2000phi.csv is not in the correct format for calculating norm.
spinodal_decomp_04_2025NMG_Python_20_dt_5.50e-06_Nx_256_neumann_dtout_10mass.csv
spinodal_decomp_04_2025NMG_Python_20_dt_5.50e-06_Nx_128_periodic_dtout_2000residual.csv
NMG_Python_20_dt_5.50e-06_Nx_512_periodic_dtout_20_75presidual.csv
SAV_Python_2000_dt_5.50e-06_Nx_64_neumann_dtout_10_25pt_out.csv
spinodal_decomp_04_2025SAV_Python_2000_dt_5.50e-06_Nx_64_neumann_dtout_2000phi.csv
spinodal_decomp_04_2025SAV_Python_2000_dt_5.50e-06_Nx_64_neumann_dtout_2000phi.csv
spinodal_decomp_04_2025SAV_Python_2000_dt_5.50e-06_Nx_64_neumann_dtout_2000phi.csv is not in the correct format for calculating norm.
spinodal_decomp_04_2025NMG_Python_200_dt_5.50e-06_Nx_64_periodic_dtout_200residual.csv
spinodal_decomp_04_2025SAV_Python_2000_dt_5.50e-06_Nx_512_periodic_dtout_2000phi.csv
spinodal_decomp_04_2025SAV_Python_2000_dt_5.50e-06_Nx_512_periodic_dtout_2000phi.csv
spinodal_decomp_04_2025SAV_Python_2000_dt_5.50e-06_Nx_512_periodic_dtout_2000phi.csv is not in the correct format for calculating norm.
SAV_Python_2000_dt_5.50e-06_Nx_256_neumann_dtout_10_25pmass.csv
spinodal_decomp_04_2025SAV_Python_2000_dt_5.50e-06_Nx_512_neumann_dtout_10phi.csv
spinodal_decomp_04_2025SAV_Python_2000_dt_5.50e-06_Nx_512_neumann_dtout_10phi.csv
spinodal_decomp_04_2025SAV_Python_2000_dt_5.50e-06_Nx_512_neumann_dtout_10phi.csv is not in the correct format for calculating norm.
NMG_Python_20_dt_5.50e-06_Nx_128_neumann_dtout_20_25presidual.csv
SAV_Python_2000_dt_5.50e-06_Nx_256_neumann_dtout_10_75pmass.csv
SAV_Python_2000_dt_5.50e-06_Nx_512_periodic_dtout_10_25penergy.csv
NMG_Python_20_dt_5.50e-06_Nx_512_neumann_dtout_1_75presidual.csv
SAV_Python_2000_dt_5.50e-06_Nx_512_neumann_dtout_10_25penergy.csv
NMG_Python_20_dt_5.50e-06_Nx_64_neumann_dtout_1_75penergy.csv
SAV_Python_2000_dt_5.50e-06_Nx_64_neumann_dtout_2000_75pphi.csv
SAV_Python_2000_dt_5.50e-06_Nx_64_neumann_dtout_2000_75pphi.csv
SAV_Python_2000_dt_5.50e-06_Nx_64_neumann_dtout_2000_75pphi.csv is not in the correct format for calculating norm.
spinodal_decomp_04_2025SAV_Python_2000_dt_5.50e-06_Nx_128_periodic_dtout_10t_out.csv
SAV_Python_2000_dt_5.50e-06_Nx_256_periodic_dtout_10_25pphi.csv
SAV_Python_2000_dt_5.50e-06_Nx_256_periodic_dtout_10_25pphi.csv
SAV_Python_2000_dt_5.50e-06_Nx_256_periodic_dtout_10_25pphi.csv is not in the correct format for calculating norm.
spinodal_decomp_04_2025SAV_Python_2000_dt_5.50e-06_Nx_128_neumann_dtout_10energy.csv
NMG_Python_20_dt_5.50e-06_Nx_64_periodic_dtout_1_75pphi.csv
NMG_Python_20_dt_5.50e-06_Nx_64_periodic_dtout_1_75pphi.csv
0.0
spinodal_decomp_04_2025NMG_Python_20_dt_5.50e-06_Nx_512_neumann_dtout_10energy.csv
spinodal_decomp_04_2025NMG_Python_200_dt_5.50e-06_Nx_512_neumann_dtout_200phi.csv
spinodal_decomp_04_2025NMG_Python_200_dt_5.50e-06_Nx_512_neumann_dtout_200phi.csv
0.0
NMG_Python_20_dt_5.50e-06_Nx_128_neumann_dtout_1_25pphi.csv
NMG_Python_20_dt_5.50e-06_Nx_128_neumann_dtout_1_25pphi.csv
0.0
spinodal_decomp_04_2025SAV_Python_2000_dt_5.50e-06_Nx_128_neumann_dtout_2000phi.csv
spinodal_decomp_04_2025SAV_Python_2000_dt_5.50e-06_Nx_128_neumann_dtout_2000phi.csv
spinodal_decomp_04_2025SAV_Python_2000_dt_5.50e-06_Nx_128_neumann_dtout_2000phi.csv is not in the correct format for calculating norm.
SAV_Python_2000_dt_5.50e-06_Nx_128_periodic_dtout_10_75pt_out.csv
NMG_Python_20_dt_5.50e-06_Nx_256_neumann_dtout_1_75pphi.csv
NMG_Python_20_dt_5.50e-06_Nx_256_neumann_dtout_1_75pphi.csv
0.0
NMG_Python_20_dt_5.50e-06_Nx_256_neumann_dtout_1_25pphi.csv
NMG_Python_20_dt_5.50e-06_Nx_256_neumann_dtout_1_25pphi.csv
0.0
spinodal_decomp_04_2025NMG_Python_20_dt_5.50e-06_Nx_64_neumann_dtout_2000residual.csv
spinodal_decomp_04_2025SAV_Python_2000_dt_5.50e-06_Nx_64_periodic_dtout_10energy.csv
spinodal_decomp_04_2025NMG_Python_20_dt_5.50e-06_Nx_256_periodic_dtout_20phi.csv
spinodal_decomp_04_2025NMG_Python_20_dt_5.50e-06_Nx_256_periodic_dtout_20phi.csv
0.0
spinodal_decomp_04_2025NMG_Python_20_dt_5.50e-06_Nx_256_periodic_dtout_20residual.csv
spinodal_decomp_04_2025NMG_Python_20_dt_5.50e-06_Nx_256_neumann_dtout_20phi.csv
spinodal_decomp_04_2025NMG_Python_20_dt_5.50e-06_Nx_256_neumann_dtout_20phi.csv
0.0
NMG_Python_20_dt_5.50e-06_Nx_256_neumann_dtout_1_75presidual.csv
SAV_Python_2000_dt_5.50e-06_Nx_64_neumann_dtout_2000_25pphi.csv
SAV_Python_2000_dt_5.50e-06_Nx_64_neumann_dtout_2000_25pphi.csv
SAV_Python_2000_dt_5.50e-06_Nx_64_neumann_dtout_2000_25pphi.csv is not in the correct format for calculating norm.
spinodal_decomp_04_2025SAV_Python_2000_dt_5.50e-06_Nx_64_periodic_dtout_10mass.csv
NMG_Python_20_dt_5.50e-06_Nx_256_periodic_dtout_20residual.csv
SAV_Python_2000_dt_5.50e-06_Nx_128_neumann_dtout_2000_75pphi.csv
SAV_Python_2000_dt_5.50e-06_Nx_128_neumann_dtout_2000_75pphi.csv
SAV_Python_2000_dt_5.50e-06_Nx_128_neumann_dtout_2000_75pphi.csv is not in the correct format for calculating norm.
spinodal_decomp_04_2025SAV_Python_2000_dt_5.50e-06_Nx_256_periodic_dtout_10energy.csv
spinodal_decomp_04_2025NMG_Python_20_dt_5.50e-06_Nx_512_periodic_dtout_10phi.csv
spinodal_decomp_04_2025NMG_Python_20_dt_5.50e-06_Nx_512_periodic_dtout_10phi.csv
0.0
NMG_Python_20_dt_5.50e-06_Nx_128_periodic_dtout_1mass.csv
SAV_Python_2000_dt_5.50e-06_Nx_64_periodic_dtout_10_25pphi.csv
SAV_Python_2000_dt_5.50e-06_Nx_64_periodic_dtout_10_25pphi.csv
SAV_Python_2000_dt_5.50e-06_Nx_64_periodic_dtout_10_25pphi.csv is not in the correct format for calculating norm.
NMG_Python_20_dt_5.50e-06_Nx_128_neumann_dtout_20_25pphi.csv
NMG_Python_20_dt_5.50e-06_Nx_128_neumann_dtout_20_25pphi.csv
0.0
NMG_Python_20_dt_5.50e-06_Nx_128_periodic_dtout_1_75pphi.csv
NMG_Python_20_dt_5.50e-06_Nx_128_periodic_dtout_1_75pphi.csv
0.0
NMG_Python_20_dt_5.50e-06_Nx_128_neumann_dtout_1_25presidual.csv
NMG_Python_20_dt_5.50e-06_Nx_256_periodic_dtout_1_25presidual.csv
NMG_Python_20_dt_5.50e-06_Nx_512_periodic_dtout_20residual.csv
spinodal_decomp_04_2025SAV_Python_2000_dt_5.50e-06_Nx_512_periodic_dtout_10energy.csv
spinodal_decomp_04_2025NMG_Python_20_dt_5.50e-06_Nx_256_periodic_dtout_2000residual.csv
spinodal_decomp_04_2025SAV_Python_2000_dt_5.50e-06_Nx_64_periodic_dtout_2000phi.csv
spinodal_decomp_04_2025SAV_Python_2000_dt_5.50e-06_Nx_64_periodic_dtout_2000phi.csv
spinodal_decomp_04_2025SAV_Python_2000_dt_5.50e-06_Nx_64_periodic_dtout_2000phi.csv is not in the correct format for calculating norm.
NMG_Python_20_dt_5.50e-06_Nx_128_periodic_dtout_1_25pt_out.csv
SAV_Python_2000_dt_5.50e-06_Nx_128_periodic_dtout_10_25pphi.csv
SAV_Python_2000_dt_5.50e-06_Nx_128_periodic_dtout_10_25pphi.csv
SAV_Python_2000_dt_5.50e-06_Nx_128_periodic_dtout_10_25pphi.csv is not in the correct format for calculating norm.
NMG_Python_20_dt_5.50e-06_Nx_128_neumann_dtout_1_25pmass.csv
spinodal_decomp_04_2025NMG_Python_200_dt_5.50e-06_Nx_128_periodic_dtout_200phi.csv
spinodal_decomp_04_2025NMG_Python_200_dt_5.50e-06_Nx_128_periodic_dtout_200phi.csv
0.0
SAV_Python_2000_dt_5.50e-06_Nx_256_periodic_dtout_10_25pmass.csv
SAV_Python_2000_dt_5.50e-06_Nx_256_periodic_dtout_10_25pt_out.csv
NMG_Python_20_dt_5.50e-06_Nx_512_periodic_dtout_1_25pt_out.csv
SAV_Python_2000_dt_5.50e-06_Nx_256_periodic_dtout_10_25penergy.csv
NMG_Python_20_dt_5.50e-06_Nx_64_neumann_dtout_1_25pt_out.csv
NMG_Python_20_dt_5.50e-06_Nx_64_periodic_dtout_20_25pphi.csv
NMG_Python_20_dt_5.50e-06_Nx_64_periodic_dtout_20_25pphi.csv
0.0
SAV_Python_2000_dt_5.50e-06_Nx_512_neumann_dtout_2000_75pphi.csv
SAV_Python_2000_dt_5.50e-06_Nx_512_neumann_dtout_2000_75pphi.csv
SAV_Python_2000_dt_5.50e-06_Nx_512_neumann_dtout_2000_75pphi.csv is not in the correct format for calculating norm.
NMG_Python_20_dt_5.50e-06_Nx_128_periodic_dtout_1energy.csv
NMG_Python_20_dt_5.50e-06_Nx_64_periodic_dtout_1_25pmass.csv
SAV_Python_2000_dt_5.50e-06_Nx_256_neumann_dtout_10_25pphi.csv
SAV_Python_2000_dt_5.50e-06_Nx_256_neumann_dtout_10_25pphi.csv
SAV_Python_2000_dt_5.50e-06_Nx_256_neumann_dtout_10_25pphi.csv is not in the correct format for calculating norm.
spinodal_decomp_04_2025NMG_Python_20_dt_5.50e-06_Nx_64_neumann_dtout_10t_out.csv
spinodal_decomp_04_2025NMG_Python_20_dt_5.50e-06_Nx_256_neumann_dtout_10energy.csv
NMG_Python_20_dt_5.50e-06_Nx_256_neumann_dtout_1_25presidual.csv
SAV_Python_2000_dt_5.50e-06_Nx_512_neumann_dtout_10_75penergy.csv
NMG_Python_20_dt_5.50e-06_Nx_64_periodic_dtout_1_25pphi.csv
NMG_Python_20_dt_5.50e-06_Nx_64_periodic_dtout_1_25pphi.csv
0.0
SAV_Python_2000_dt_5.50e-06_Nx_128_neumann_dtout_10_75pphi.csv
SAV_Python_2000_dt_5.50e-06_Nx_128_neumann_dtout_10_75pphi.csv
SAV_Python_2000_dt_5.50e-06_Nx_128_neumann_dtout_10_75pphi.csv is not in the correct format for calculating norm.
NMG_Python_20_dt_5.50e-06_Nx_512_neumann_dtout_1_25pmass.csv
NMG_Python_20_dt_5.50e-06_Nx_256_neumann_dtout_20_75pphi.csv
NMG_Python_20_dt_5.50e-06_Nx_256_neumann_dtout_20_75pphi.csv
0.0
NMG_Python_20_dt_5.50e-06_Nx_256_periodic_dtout_1_75presidual.csv
NMG_Python_20_dt_5.50e-06_Nx_256_periodic_dtout_1_25pphi.csv
NMG_Python_20_dt_5.50e-06_Nx_256_periodic_dtout_1_25pphi.csv
0.0
spinodal_decomp_04_2025NMG_Python_20_dt_5.50e-06_Nx_64_periodic_dtout_10residual.csv
spinodal_decomp_04_2025SAV_Python_2000_dt_5.50e-06_Nx_256_neumann_dtout_10mass.csv
SAV_Python_2000_dt_5.50e-06_Nx_512_periodic_dtout_10_25pphi.csv
SAV_Python_2000_dt_5.50e-06_Nx_512_periodic_dtout_10_25pphi.csv
SAV_Python_2000_dt_5.50e-06_Nx_512_periodic_dtout_10_25pphi.csv is not in the correct format for calculating norm.
NMG_Python_20_dt_5.50e-06_Nx_128_periodic_dtout_20_75presidual.csv
NMG_Python_20_dt_5.50e-06_Nx_512_neumann_dtout_20_75presidual.csv
spinodal_decomp_04_2025NMG_Python_20_dt_5.50e-06_Nx_512_periodic_dtout_2000residual.csv
spinodal_decomp_04_2025NMG_Python_20_dt_5.50e-06_Nx_64_neumann_dtout_10phi.csv
spinodal_decomp_04_2025NMG_Python_20_dt_5.50e-06_Nx_64_neumann_dtout_10phi.csv
0.0
NMG_Python_20_dt_5.50e-06_Nx_64_periodic_dtout_1residual.csv
spinodal_decomp_04_2025NMG_Python_20_dt_5.50e-06_Nx_128_neumann_dtout_2000residual.csv
spinodal_decomp_04_2025SAV_Python_2000_dt_5.50e-06_Nx_256_periodic_dtout_10mass.csv
spinodal_decomp_04_2025SAV_Python_2000_dt_5.50e-06_Nx_256_neumann_dtout_10t_out.csv
NMG_Python_20_dt_5.50e-06_Nx_128_neumann_dtout_20_75pphi.csv
NMG_Python_20_dt_5.50e-06_Nx_128_neumann_dtout_20_75pphi.csv
0.0
NMG_Python_20_dt_5.50e-06_Nx_128_periodic_dtout_20_25presidual.csv
spinodal_decomp_04_2025NMG_Python_20_dt_5.50e-06_Nx_128_neumann_dtout_2000phi.csv
spinodal_decomp_04_2025NMG_Python_20_dt_5.50e-06_Nx_128_neumann_dtout_2000phi.csv
spinodal_decomp_04_2025NMG_Python_20_dt_5.50e-06_Nx_128_neumann_dtout_2000phi.csv is not in the correct format for calculating norm.
spinodal_decomp_04_2025NMG_Python_200_dt_5.50e-06_Nx_128_neumann_dtout_200phi.csv
spinodal_decomp_04_2025NMG_Python_200_dt_5.50e-06_Nx_128_neumann_dtout_200phi.csv
0.0
SAV_Python_2000_dt_5.50e-06_Nx_128_periodic_dtout_10_25pmass.csv
NMG_Python_20_dt_5.50e-06_Nx_512_periodic_dtout_1_75pt_out.csv
NMG_Python_20_dt_5.50e-06_Nx_256_periodic_dtout_1_75pmass.csv
NMG_Python_20_dt_5.50e-06_Nx_512_periodic_dtout_1_25pphi.csv
NMG_Python_20_dt_5.50e-06_Nx_512_periodic_dtout_1_25pphi.csv
0.0
NMG_Python_20_dt_5.50e-06_Nx_128_periodic_dtout_1residual.csv
SAV_Python_2000_dt_5.50e-06_Nx_64_periodic_dtout_10_25penergy.csv
spinodal_decomp_04_2025NMG_Python_20_dt_5.50e-06_Nx_64_periodic_dtout_20phi.csv
spinodal_decomp_04_2025NMG_Python_20_dt_5.50e-06_Nx_64_periodic_dtout_20phi.csv
0.0
spinodal_decomp_04_2025NMG_Python_200_dt_5.50e-06_Nx_512_periodic_dtout_200phi.csv
spinodal_decomp_04_2025NMG_Python_200_dt_5.50e-06_Nx_512_periodic_dtout_200phi.csv
0.0
NMG_Python_20_dt_5.50e-06_Nx_256_periodic_dtout_1_25pmass.csv
spinodal_decomp_04_2025SAV_Python_2000_dt_5.50e-06_Nx_256_neumann_dtout_10phi.csv
spinodal_decomp_04_2025SAV_Python_2000_dt_5.50e-06_Nx_256_neumann_dtout_10phi.csv
spinodal_decomp_04_2025SAV_Python_2000_dt_5.50e-06_Nx_256_neumann_dtout_10phi.csv is not in the correct format for calculating norm.
SAV_Python_2000_dt_5.50e-06_Nx_64_periodic_dtout_10_75pphi.csv
SAV_Python_2000_dt_5.50e-06_Nx_64_periodic_dtout_10_75pphi.csv
SAV_Python_2000_dt_5.50e-06_Nx_64_periodic_dtout_10_75pphi.csv is not in the correct format for calculating norm.
SAV_Python_2000_dt_5.50e-06_Nx_256_neumann_dtout_2000_25pphi.csv
SAV_Python_2000_dt_5.50e-06_Nx_256_neumann_dtout_2000_25pphi.csv
SAV_Python_2000_dt_5.50e-06_Nx_256_neumann_dtout_2000_25pphi.csv is not in the correct format for calculating norm.
spinodal_decomp_04_2025NMG_Python_20_dt_5.50e-06_Nx_256_neumann_dtout_2000residual.csv
spinodal_decomp_04_2025NMG_Python_20_dt_5.50e-06_Nx_256_periodic_dtout_10residual.csv
NMG_Python_20_dt_5.50e-06_Nx_64_neumann_dtout_20_25presidual.csv
SAV_Python_2000_dt_5.50e-06_Nx_256_neumann_dtout_10_25pt_out.csv
NMG_Python_20_dt_5.50e-06_Nx_256_neumann_dtout_20_75presidual.csv
spinodal_decomp_04_2025NMG_Python_20_dt_5.50e-06_Nx_512_neumann_dtout_2000phi.csv
spinodal_decomp_04_2025NMG_Python_20_dt_5.50e-06_Nx_512_neumann_dtout_2000phi.csv
spinodal_decomp_04_2025NMG_Python_20_dt_5.50e-06_Nx_512_neumann_dtout_2000phi.csv is not in the correct format for calculating norm.
NMG_Python_20_dt_5.50e-06_Nx_256_neumann_dtout_1_75pt_out.csv
NMG_Python_20_dt_5.50e-06_Nx_64_neumann_dtout_20_75presidual.csv
SAV_Python_2000_dt_5.50e-06_Nx_64_periodic_dtout_10_75pt_out.csv
spinodal_decomp_04_2025SAV_Python_2000_dt_5.50e-06_Nx_128_periodic_dtout_2000phi.csv
spinodal_decomp_04_2025SAV_Python_2000_dt_5.50e-06_Nx_128_periodic_dtout_2000phi.csv
spinodal_decomp_04_2025SAV_Python_2000_dt_5.50e-06_Nx_128_periodic_dtout_2000phi.csv is not in the correct format for calculating norm.
NMG_Python_20_dt_5.50e-06_Nx_64_periodic_dtout_20_75pphi.csv
NMG_Python_20_dt_5.50e-06_Nx_64_periodic_dtout_20_75pphi.csv
0.0
spinodal_decomp_04_2025NMG_Python_20_dt_5.50e-06_Nx_256_periodic_dtout_10phi.csv
spinodal_decomp_04_2025NMG_Python_20_dt_5.50e-06_Nx_256_periodic_dtout_10phi.csv
0.0
spinodal_decomp_04_2025NMG_Python_2000_dt_5.50e-06_Nx_64_periodic_dtout_10phi.csv
spinodal_decomp_04_2025NMG_Python_2000_dt_5.50e-06_Nx_64_periodic_dtout_10phi.csv
0.0
NMG_Python_20_dt_5.50e-06_Nx_256_periodic_dtout_1_25penergy.csv
NMG_Python_20_dt_5.50e-06_Nx_512_periodic_dtout_1_25presidual.csv
NMG_Python_20_dt_5.50e-06_Nx_64_periodic_dtout_20residual.csv
SAV_Python_2000_dt_5.50e-06_Nx_64_periodic_dtout_10_25pt_out.csv
spinodal_decomp_04_2025NMG_Python_20_dt_5.50e-06_Nx_256_neumann_dtout_10t_out.csv
SAV_Python_2000_dt_5.50e-06_Nx_256_periodic_dtout_10_75pphi.csv
SAV_Python_2000_dt_5.50e-06_Nx_256_periodic_dtout_10_75pphi.csv
SAV_Python_2000_dt_5.50e-06_Nx_256_periodic_dtout_10_75pphi.csv is not in the correct format for calculating norm.
NMG_Python_20_dt_5.50e-06_Nx_64_periodic_dtout_1_75presidual.csv
SAV_Python_2000_dt_5.50e-06_Nx_128_neumann_dtout_10_25penergy.csv
spinodal_decomp_04_2025NMG_Python_2000_dt_5.50e-06_Nx_64_periodic_dtout_10residual.csv
SAV_Python_2000_dt_5.50e-06_Nx_512_periodic_dtout_10_75pmass.csv
SAV_Python_2000_dt_5.50e-06_Nx_512_periodic_dtout_10_75penergy.csv
NMG_Python_20_dt_5.50e-06_Nx_512_neumann_dtout_20_75pphi.csv
NMG_Python_20_dt_5.50e-06_Nx_512_neumann_dtout_20_75pphi.csv
0.0
spinodal_decomp_04_2025SAV_Python_2000_dt_5.50e-06_Nx_64_neumann_dtout_10energy.csv
spinodal_decomp_04_2025NMG_Python_20_dt_5.50e-06_Nx_128_neumann_dtout_10energy.csv
spinodal_decomp_04_2025NMG_Python_200_dt_5.50e-06_Nx_64_neumann_dtout_200phi.csv
spinodal_decomp_04_2025NMG_Python_200_dt_5.50e-06_Nx_64_neumann_dtout_200phi.csv
0.0
NMG_Python_20_dt_5.50e-06_Nx_512_neumann_dtout_1_75pphi.csv
NMG_Python_20_dt_5.50e-06_Nx_512_neumann_dtout_1_75pphi.csv
0.0
spinodal_decomp_04_2025NMG_Python_20_dt_5.50e-06_Nx_64_periodic_dtout_10phi.csv
spinodal_decomp_04_2025NMG_Python_20_dt_5.50e-06_Nx_64_periodic_dtout_10phi.csv
0.0
NMG_Python_20_dt_5.50e-06_Nx_512_periodic_dtout_20_75pphi.csv
NMG_Python_20_dt_5.50e-06_Nx_512_periodic_dtout_20_75pphi.csv
0.0
spinodal_decomp_04_2025NMG_Python_200_dt_5.50e-06_Nx_256_neumann_dtout_200phi.csv
spinodal_decomp_04_2025NMG_Python_200_dt_5.50e-06_Nx_256_neumann_dtout_200phi.csv
0.0
SAV_Python_2000_dt_5.50e-06_Nx_128_periodic_dtout_10_75pphi.csv
SAV_Python_2000_dt_5.50e-06_Nx_128_periodic_dtout_10_75pphi.csv
SAV_Python_2000_dt_5.50e-06_Nx_128_periodic_dtout_10_75pphi.csv is not in the correct format for calculating norm.
SAV_Python_2000_dt_5.50e-06_Nx_256_periodic_dtout_2000_75pphi.csv
SAV_Python_2000_dt_5.50e-06_Nx_256_periodic_dtout_2000_75pphi.csv
SAV_Python_2000_dt_5.50e-06_Nx_256_periodic_dtout_2000_75pphi.csv is not in the correct format for calculating norm.
NMG_Python_20_dt_5.50e-06_Nx_512_periodic_dtout_1_25penergy.csv
NMG_Python_20_dt_5.50e-06_Nx_512_neumann_dtout_1_25pt_out.csv
SAV_Python_2000_dt_5.50e-06_Nx_64_periodic_dtout_10_25pmass.csv
NMG_Python_20_dt_5.50e-06_Nx_512_periodic_dtout_1energy.csv
spinodal_decomp_04_2025NMG_Python_20_dt_5.50e-06_Nx_128_periodic_dtout_10residual.csv
NMG_Python_20_dt_5.50e-06_Nx_64_periodic_dtout_1t_out.csv
SAV_Python_2000_dt_5.50e-06_Nx_128_periodic_dtout_10_75pmass.csv
NMG_Python_20_dt_5.50e-06_Nx_128_periodic_dtout_1_25pmass.csv
NMG_Python_20_dt_5.50e-06_Nx_64_periodic_dtout_1mass.csv
NMG_Python_20_dt_5.50e-06_Nx_256_neumann_dtout_1_75penergy.csv
SAV_Python_2000_dt_5.50e-06_Nx_128_neumann_dtout_2000_25pphi.csv
SAV_Python_2000_dt_5.50e-06_Nx_128_neumann_dtout_2000_25pphi.csv
SAV_Python_2000_dt_5.50e-06_Nx_128_neumann_dtout_2000_25pphi.csv is not in the correct format for calculating norm.
NMG_Python_20_dt_5.50e-06_Nx_64_periodic_dtout_1_75pt_out.csv
SAV_Python_2000_dt_5.50e-06_Nx_512_neumann_dtout_10_75pmass.csv
SAV_Python_2000_dt_5.50e-06_Nx_128_periodic_dtout_10_75penergy.csv
NMG_Python_20_dt_5.50e-06_Nx_128_neumann_dtout_1_75penergy.csv
SAV_Python_2000_dt_5.50e-06_Nx_256_periodic_dtout_10_75pt_out.csv
spinodal_decomp_04_2025SAV_Python_2000_dt_5.50e-06_Nx_128_periodic_dtout_10phi.csv
spinodal_decomp_04_2025SAV_Python_2000_dt_5.50e-06_Nx_128_periodic_dtout_10phi.csv
spinodal_decomp_04_2025SAV_Python_2000_dt_5.50e-06_Nx_128_periodic_dtout_10phi.csv is not in the correct format for calculating norm.
NMG_Python_20_dt_5.50e-06_Nx_512_periodic_dtout_20_25pphi.csv
NMG_Python_20_dt_5.50e-06_Nx_512_periodic_dtout_20_25pphi.csv
0.0
SAV_Python_2000_dt_5.50e-06_Nx_512_neumann_dtout_10_25pphi.csv
SAV_Python_2000_dt_5.50e-06_Nx_512_neumann_dtout_10_25pphi.csv
SAV_Python_2000_dt_5.50e-06_Nx_512_neumann_dtout_10_25pphi.csv is not in the correct format for calculating norm.
NMG_Python_20_dt_5.50e-06_Nx_64_periodic_dtout_1_75penergy.csv
NMG_Python_20_dt_5.50e-06_Nx_128_neumann_dtout_1_75presidual.csv
NMG_Python_20_dt_5.50e-06_Nx_128_periodic_dtout_1_25penergy.csv
SAV_Python_2000_dt_5.50e-06_Nx_64_neumann_dtout_10_25pmass.csv
spinodal_decomp_04_2025NMG_Python_200_dt_5.50e-06_Nx_256_periodic_dtout_200residual.csv
NMG_Python_20_dt_5.50e-06_Nx_512_periodic_dtout_1_25pmass.csv
NMG_Python_20_dt_5.50e-06_Nx_128_periodic_dtout_20residual.csv
spinodal_decomp_04_2025SAV_Python_2000_dt_5.50e-06_Nx_64_periodic_dtout_10phi.csv
spinodal_decomp_04_2025SAV_Python_2000_dt_5.50e-06_Nx_64_periodic_dtout_10phi.csv
spinodal_decomp_04_2025SAV_Python_2000_dt_5.50e-06_Nx_64_periodic_dtout_10phi.csv is not in the correct format for calculating norm.
spinodal_decomp_04_2025NMG_Python_200_dt_5.50e-06_Nx_128_periodic_dtout_200residual.csv
DONE
