Fri May 9 13:54:26 EDT 2025
MODULES LOADED
560
Timepoint not recorded. dt_out:2000 is bigger than timepoint: 560
Timepoint not recorded. dt_out:2000 is bigger than timepoint: 560
Timepoint not recorded. dt_out:2000 is bigger than timepoint: 560
Timepoint not recorded. dt_out:2000 is bigger than timepoint: 560
Timepoint not recorded. dt_out:2000 is bigger than timepoint: 560
Timepoint not recorded. dt_out:2000 is bigger than timepoint: 560
Timepoint not recorded. dt_out:2000 is bigger than timepoint: 560
Timepoint not recorded. dt_out:2000 is bigger than timepoint: 560
Timepoint not recorded. dt_out:2000 is bigger than timepoint: 560
Timepoint not recorded. dt_out:2000 is bigger than timepoint: 560
Timepoint not recorded. dt_out:2000 is bigger than timepoint: 560
Timepoint not recorded. dt_out:2000 is bigger than timepoint: 560
Timepoint not recorded. dt_out:2000 is bigger than timepoint: 560
Timepoint not recorded. dt_out:2000 is bigger than timepoint: 560
Timepoint not recorded. dt_out:2000 is bigger than timepoint: 560
Timepoint not recorded. dt_out:2000 is bigger than timepoint: 560
Timepoint not recorded. dt_out:2000 is bigger than timepoint: 560
Timepoint not recorded. dt_out:2000 is bigger than timepoint: 560
Timepoint not recorded. dt_out:2000 is bigger than timepoint: 560
Timepoint not recorded. dt_out:2000 is bigger than timepoint: 560
Timepoint not recorded. dt_out:2000 is bigger than timepoint: 560
Timepoint not recorded. dt_out:2000 is bigger than timepoint: 560
Timepoint not recorded. dt_out:2000 is bigger than timepoint: 560
Timepoint not recorded. dt_out:2000 is bigger than timepoint: 560
Timepoint not recorded. dt_out:2000 is bigger than timepoint: 560
Timepoint not recorded. dt_out:2000 is bigger than timepoint: 560
Timepoint not recorded. dt_out:2000 is bigger than timepoint: 560
Timepoint not recorded. dt_out:2000 is bigger than timepoint: 560
Timepoint not recorded. dt_out:2000 is bigger than timepoint: 560
Timepoint not recorded. dt_out:2000 is bigger than timepoint: 560
Timepoint not recorded. dt_out:2000 is bigger than timepoint: 560
Timepoint not recorded. dt_out:2000 is bigger than timepoint: 560
Timepoint not recorded. dt_out:2000 is bigger than timepoint: 560
Timepoint not recorded. dt_out:2000 is bigger than timepoint: 560
Timepoint not recorded. dt_out:2000 is bigger than timepoint: 560
Timepoint not recorded. dt_out:2000 is bigger than timepoint: 560
Timepoint not recorded. dt_out:2000 is bigger than timepoint: 560
Timepoint not recorded. dt_out:2000 is bigger than timepoint: 560
Timepoint not recorded. dt_out:2000 is bigger than timepoint: 560
Timepoint not recorded. dt_out:2000 is bigger than timepoint: 560
Timepoint not recorded. dt_out:2000 is bigger than timepoint: 560
Timepoint not recorded. dt_out:2000 is bigger than timepoint: 560
Timepoint not recorded. dt_out:2000 is bigger than timepoint: 560
Timepoint not recorded. dt_out:2000 is bigger than timepoint: 560
Timepoint not recorded. dt_out:2000 is bigger than timepoint: 560
Timepoint not recorded. dt_out:2000 is bigger than timepoint: 560
Timepoint not recorded. dt_out:2000 is bigger than timepoint: 560
Timepoint not recorded. dt_out:2000 is bigger than timepoint: 560
Timepoint not recorded. dt_out:2000 is bigger than timepoint: 560
Timepoint not recorded. dt_out:2000 is bigger than timepoint: 560
Timepoint not recorded. dt_out:2000 is bigger than timepoint: 560
Timepoint not recorded. dt_out:2000 is bigger than timepoint: 560
Timepoint not recorded. dt_out:2000 is bigger than timepoint: 560
Timepoint not recorded. dt_out:2000 is bigger than timepoint: 560
Timepoint not recorded. dt_out:2000 is bigger than timepoint: 560
Timepoint not recorded. dt_out:2000 is bigger than timepoint: 560
Timepoint not recorded. dt_out:2000 is bigger than timepoint: 560
Timepoint not recorded. dt_out:2000 is bigger than timepoint: 560
Timepoint not recorded. dt_out:2000 is bigger than timepoint: 560
Timepoint not recorded. dt_out:2000 is bigger than timepoint: 560
Timepoint not recorded. dt_out:2000 is bigger than timepoint: 560
Timepoint not recorded. dt_out:2000 is bigger than timepoint: 560
Timepoint not recorded. dt_out:2000 is bigger than timepoint: 560
Timepoint not recorded. dt_out:2000 is bigger than timepoint: 560
Timepoint not recorded. dt_out:2000 is bigger than timepoint: 560
Timepoint not recorded. dt_out:2000 is bigger than timepoint: 560
Timepoint not recorded. dt_out:2000 is bigger than timepoint: 560
Timepoint not recorded. dt_out:2000 is bigger than timepoint: 560
Timepoint not recorded. dt_out:2000 is bigger than timepoint: 560
Timepoint not recorded. dt_out:2000 is bigger than timepoint: 560
Timepoint not recorded. dt_out:2000 is bigger than timepoint: 560
Timepoint not recorded. dt_out:2000 is bigger than timepoint: 560
Timepoint not recorded. dt_out:2000 is bigger than timepoint: 560
Timepoint not recorded. dt_out:2000 is bigger than timepoint: 560
Timepoint not recorded. dt_out:2000 is bigger than timepoint: 560
Timepoint not recorded. dt_out:2000 is bigger than timepoint: 560
Timepoint not recorded. dt_out:2000 is bigger than timepoint: 560
Timepoint not recorded. dt_out:2000 is bigger than timepoint: 560
Timepoint not recorded. dt_out:2000 is bigger than timepoint: 560
Timepoint not recorded. dt_out:2000 is bigger than timepoint: 560
600
Timepoint not recorded. dt_out:2000 is bigger than timepoint: 600
Timepoint not recorded. dt_out:2000 is bigger than timepoint: 600
Timepoint not recorded. dt_out:2000 is bigger than timepoint: 600
Timepoint not recorded. dt_out:2000 is bigger than timepoint: 600
Timepoint not recorded. dt_out:2000 is bigger than timepoint: 600
Timepoint not recorded. dt_out:2000 is bigger than timepoint: 600
Timepoint not recorded. dt_out:2000 is bigger than timepoint: 600
Timepoint not recorded. dt_out:2000 is bigger than timepoint: 600
Timepoint not recorded. dt_out:2000 is bigger than timepoint: 600
Timepoint not recorded. dt_out:2000 is bigger than timepoint: 600
Timepoint not recorded. dt_out:2000 is bigger than timepoint: 600
Timepoint not recorded. dt_out:2000 is bigger than timepoint: 600
Timepoint not recorded. dt_out:2000 is bigger than timepoint: 600
Timepoint not recorded. dt_out:2000 is bigger than timepoint: 600
Timepoint not recorded. dt_out:2000 is bigger than timepoint: 600
Timepoint not recorded. dt_out:2000 is bigger than timepoint: 600
Timepoint not recorded. dt_out:2000 is bigger than timepoint: 600
Timepoint not recorded. dt_out:2000 is bigger than timepoint: 600
Timepoint not recorded. dt_out:2000 is bigger than timepoint: 600
Timepoint not recorded. dt_out:2000 is bigger than timepoint: 600
Timepoint not recorded. dt_out:2000 is bigger than timepoint: 600
Timepoint not recorded. dt_out:2000 is bigger than timepoint: 600
Timepoint not recorded. dt_out:2000 is bigger than timepoint: 600
Timepoint not recorded. dt_out:2000 is bigger than timepoint: 600
Timepoint not recorded. dt_out:2000 is bigger than timepoint: 600
Timepoint not recorded. dt_out:2000 is bigger than timepoint: 600
Timepoint not recorded. dt_out:2000 is bigger than timepoint: 600
Timepoint not recorded. dt_out:2000 is bigger than timepoint: 600
Timepoint not recorded. dt_out:2000 is bigger than timepoint: 600
Timepoint not recorded. dt_out:2000 is bigger than timepoint: 600
Timepoint not recorded. dt_out:2000 is bigger than timepoint: 600
Timepoint not recorded. dt_out:2000 is bigger than timepoint: 600
Timepoint not recorded. dt_out:2000 is bigger than timepoint: 600
Timepoint not recorded. dt_out:2000 is bigger than timepoint: 600
Timepoint not recorded. dt_out:2000 is bigger than timepoint: 600
Timepoint not recorded. dt_out:2000 is bigger than timepoint: 600
Timepoint not recorded. dt_out:2000 is bigger than timepoint: 600
Timepoint not recorded. dt_out:2000 is bigger than timepoint: 600
Timepoint not recorded. dt_out:2000 is bigger than timepoint: 600
Timepoint not recorded. dt_out:2000 is bigger than timepoint: 600
Timepoint not recorded. dt_out:2000 is bigger than timepoint: 600
Timepoint not recorded. dt_out:2000 is bigger than timepoint: 600
Timepoint not recorded. dt_out:2000 is bigger than timepoint: 600
Timepoint not recorded. dt_out:2000 is bigger than timepoint: 600
Timepoint not recorded. dt_out:2000 is bigger than timepoint: 600
Timepoint not recorded. dt_out:2000 is bigger than timepoint: 600
Timepoint not recorded. dt_out:2000 is bigger than timepoint: 600
Timepoint not recorded. dt_out:2000 is bigger than timepoint: 600
Timepoint not recorded. dt_out:2000 is bigger than timepoint: 600
Timepoint not recorded. dt_out:2000 is bigger than timepoint: 600
Timepoint not recorded. dt_out:2000 is bigger than timepoint: 600
Timepoint not recorded. dt_out:2000 is bigger than timepoint: 600
Timepoint not recorded. dt_out:2000 is bigger than timepoint: 600
Timepoint not recorded. dt_out:2000 is bigger than timepoint: 600
Timepoint not recorded. dt_out:2000 is bigger than timepoint: 600
Timepoint not recorded. dt_out:2000 is bigger than timepoint: 600
Timepoint not recorded. dt_out:2000 is bigger than timepoint: 600
Timepoint not recorded. dt_out:2000 is bigger than timepoint: 600
Timepoint not recorded. dt_out:2000 is bigger than timepoint: 600
Timepoint not recorded. dt_out:2000 is bigger than timepoint: 600
Timepoint not recorded. dt_out:2000 is bigger than timepoint: 600
Timepoint not recorded. dt_out:2000 is bigger than timepoint: 600
Timepoint not recorded. dt_out:2000 is bigger than timepoint: 600
Timepoint not recorded. dt_out:2000 is bigger than timepoint: 600
Timepoint not recorded. dt_out:2000 is bigger than timepoint: 600
Timepoint not recorded. dt_out:2000 is bigger than timepoint: 600
Timepoint not recorded. dt_out:2000 is bigger than timepoint: 600
Timepoint not recorded. dt_out:2000 is bigger than timepoint: 600
Timepoint not recorded. dt_out:2000 is bigger than timepoint: 600
Timepoint not recorded. dt_out:2000 is bigger than timepoint: 600
Timepoint not recorded. dt_out:2000 is bigger than timepoint: 600
Timepoint not recorded. dt_out:2000 is bigger than timepoint: 600
Timepoint not recorded. dt_out:2000 is bigger than timepoint: 600
Timepoint not recorded. dt_out:2000 is bigger than timepoint: 600
Timepoint not recorded. dt_out:2000 is bigger than timepoint: 600
Timepoint not recorded. dt_out:2000 is bigger than timepoint: 600
Timepoint not recorded. dt_out:2000 is bigger than timepoint: 600
Timepoint not recorded. dt_out:2000 is bigger than timepoint: 600
Timepoint not recorded. dt_out:2000 is bigger than timepoint: 600
Timepoint not recorded. dt_out:2000 is bigger than timepoint: 600
640
SAV_MATLAB_2000_dt_5.50e-06_Nx_128_neumann_n_relax_4_phi.csv
Exception type : ValueError 
Exception message : could not convert string to float: '0.33268366242-0.846933282423663'
Stack trace : ['File : /sfs/gpfs/tardis/home/xpz5km/Cahn_Hilliard_Model_HPC/spinodal_decomp/compare_phi_norms.py , Line : 68, Func.Name : compare_phis_norm_at_timepoint, Message : snapshot = read_specific_lines(f"{root}/{fname}", line_list)', 'File : /sfs/gpfs/tardis/home/xpz5km/Cahn_Hilliard_Model_HPC/spinodal_decomp/compare_phi_norms.py , Line : 19, Func.Name : read_specific_lines, Message : digits.append(float(i))']
Timepoint not recorded. dt_out:2000 is bigger than timepoint: 640
Timepoint not recorded. dt_out:2000 is bigger than timepoint: 640
Timepoint not recorded. dt_out:2000 is bigger than timepoint: 640
Timepoint not recorded. dt_out:2000 is bigger than timepoint: 640
Timepoint not recorded. dt_out:2000 is bigger than timepoint: 640
Timepoint not recorded. dt_out:2000 is bigger than timepoint: 640
Timepoint not recorded. dt_out:2000 is bigger than timepoint: 640
Timepoint not recorded. dt_out:2000 is bigger than timepoint: 640
Timepoint not recorded. dt_out:2000 is bigger than timepoint: 640
Timepoint not recorded. dt_out:2000 is bigger than timepoint: 640
Timepoint not recorded. dt_out:2000 is bigger than timepoint: 640
Timepoint not recorded. dt_out:2000 is bigger than timepoint: 640
Timepoint not recorded. dt_out:2000 is bigger than timepoint: 640
Timepoint not recorded. dt_out:2000 is bigger than timepoint: 640
Timepoint not recorded. dt_out:2000 is bigger than timepoint: 640
Timepoint not recorded. dt_out:2000 is bigger than timepoint: 640
Timepoint not recorded. dt_out:2000 is bigger than timepoint: 640
Timepoint not recorded. dt_out:2000 is bigger than timepoint: 640
Timepoint not recorded. dt_out:2000 is bigger than timepoint: 640
Timepoint not recorded. dt_out:2000 is bigger than timepoint: 640
Timepoint not recorded. dt_out:2000 is bigger than timepoint: 640
Timepoint not recorded. dt_out:2000 is bigger than timepoint: 640
Timepoint not recorded. dt_out:2000 is bigger than timepoint: 640
Timepoint not recorded. dt_out:2000 is bigger than timepoint: 640
Timepoint not recorded. dt_out:2000 is bigger than timepoint: 640
Timepoint not recorded. dt_out:2000 is bigger than timepoint: 640
Timepoint not recorded. dt_out:2000 is bigger than timepoint: 640
Timepoint not recorded. dt_out:2000 is bigger than timepoint: 640
Timepoint not recorded. dt_out:2000 is bigger than timepoint: 640
Timepoint not recorded. dt_out:2000 is bigger than timepoint: 640
Timepoint not recorded. dt_out:2000 is bigger than timepoint: 640
Timepoint not recorded. dt_out:2000 is bigger than timepoint: 640
Timepoint not recorded. dt_out:2000 is bigger than timepoint: 640
Timepoint not recorded. dt_out:2000 is bigger than timepoint: 640
Timepoint not recorded. dt_out:2000 is bigger than timepoint: 640
Timepoint not recorded. dt_out:2000 is bigger than timepoint: 640
Timepoint not recorded. dt_out:2000 is bigger than timepoint: 640
Timepoint not recorded. dt_out:2000 is bigger than timepoint: 640
Timepoint not recorded. dt_out:2000 is bigger than timepoint: 640
Timepoint not recorded. dt_out:2000 is bigger than timepoint: 640
Timepoint not recorded. dt_out:2000 is bigger than timepoint: 640
Timepoint not recorded. dt_out:2000 is bigger than timepoint: 640
Timepoint not recorded. dt_out:2000 is bigger than timepoint: 640
Timepoint not recorded. dt_out:2000 is bigger than timepoint: 640
Timepoint not recorded. dt_out:2000 is bigger than timepoint: 640
Timepoint not recorded. dt_out:2000 is bigger than timepoint: 640
Timepoint not recorded. dt_out:2000 is bigger than timepoint: 640
Timepoint not recorded. dt_out:2000 is bigger than timepoint: 640
Timepoint not recorded. dt_out:2000 is bigger than timepoint: 640
Timepoint not recorded. dt_out:2000 is bigger than timepoint: 640
Timepoint not recorded. dt_out:2000 is bigger than timepoint: 640
Timepoint not recorded. dt_out:2000 is bigger than timepoint: 640
Timepoint not recorded. dt_out:2000 is bigger than timepoint: 640
Timepoint not recorded. dt_out:2000 is bigger than timepoint: 640
Timepoint not recorded. dt_out:2000 is bigger than timepoint: 640
Timepoint not recorded. dt_out:2000 is bigger than timepoint: 640
Timepoint not recorded. dt_out:2000 is bigger than timepoint: 640
Timepoint not recorded. dt_out:2000 is bigger than timepoint: 640
Timepoint not recorded. dt_out:2000 is bigger than timepoint: 640
Timepoint not recorded. dt_out:2000 is bigger than timepoint: 640
Timepoint not recorded. dt_out:2000 is bigger than timepoint: 640
Timepoint not recorded. dt_out:2000 is bigger than timepoint: 640
Timepoint not recorded. dt_out:2000 is bigger than timepoint: 640
Timepoint not recorded. dt_out:2000 is bigger than timepoint: 640
Timepoint not recorded. dt_out:2000 is bigger than timepoint: 640
Timepoint not recorded. dt_out:2000 is bigger than timepoint: 640
Timepoint not recorded. dt_out:2000 is bigger than timepoint: 640
Timepoint not recorded. dt_out:2000 is bigger than timepoint: 640
Timepoint not recorded. dt_out:2000 is bigger than timepoint: 640
Timepoint not recorded. dt_out:2000 is bigger than timepoint: 640
Timepoint not recorded. dt_out:2000 is bigger than timepoint: 640
Timepoint not recorded. dt_out:2000 is bigger than timepoint: 640
Timepoint not recorded. dt_out:2000 is bigger than timepoint: 640
Timepoint not recorded. dt_out:2000 is bigger than timepoint: 640
Timepoint not recorded. dt_out:2000 is bigger than timepoint: 640
Timepoint not recorded. dt_out:2000 is bigger than timepoint: 640
Timepoint not recorded. dt_out:2000 is bigger than timepoint: 640
Timepoint not recorded. dt_out:2000 is bigger than timepoint: 640
Timepoint not recorded. dt_out:2000 is bigger than timepoint: 640
Timepoint not recorded. dt_out:2000 is bigger than timepoint: 640
680
Timepoint not recorded. dt_out:2000 is bigger than timepoint: 680
Timepoint not recorded. dt_out:2000 is bigger than timepoint: 680
Timepoint not recorded. dt_out:2000 is bigger than timepoint: 680
Timepoint not recorded. dt_out:2000 is bigger than timepoint: 680
Timepoint not recorded. dt_out:2000 is bigger than timepoint: 680
Timepoint not recorded. dt_out:2000 is bigger than timepoint: 680
Timepoint not recorded. dt_out:2000 is bigger than timepoint: 680
Timepoint not recorded. dt_out:2000 is bigger than timepoint: 680
Timepoint not recorded. dt_out:2000 is bigger than timepoint: 680
Timepoint not recorded. dt_out:2000 is bigger than timepoint: 680
Timepoint not recorded. dt_out:2000 is bigger than timepoint: 680
Timepoint not recorded. dt_out:2000 is bigger than timepoint: 680
Timepoint not recorded. dt_out:2000 is bigger than timepoint: 680
Timepoint not recorded. dt_out:2000 is bigger than timepoint: 680
Timepoint not recorded. dt_out:2000 is bigger than timepoint: 680
Timepoint not recorded. dt_out:2000 is bigger than timepoint: 680
Timepoint not recorded. dt_out:2000 is bigger than timepoint: 680
Timepoint not recorded. dt_out:2000 is bigger than timepoint: 680
Timepoint not recorded. dt_out:2000 is bigger than timepoint: 680
Timepoint not recorded. dt_out:2000 is bigger than timepoint: 680
Timepoint not recorded. dt_out:2000 is bigger than timepoint: 680
Timepoint not recorded. dt_out:2000 is bigger than timepoint: 680
Timepoint not recorded. dt_out:2000 is bigger than timepoint: 680
Timepoint not recorded. dt_out:2000 is bigger than timepoint: 680
Timepoint not recorded. dt_out:2000 is bigger than timepoint: 680
Timepoint not recorded. dt_out:2000 is bigger than timepoint: 680
Timepoint not recorded. dt_out:2000 is bigger than timepoint: 680
Timepoint not recorded. dt_out:2000 is bigger than timepoint: 680
Timepoint not recorded. dt_out:2000 is bigger than timepoint: 680
Timepoint not recorded. dt_out:2000 is bigger than timepoint: 680
Timepoint not recorded. dt_out:2000 is bigger than timepoint: 680
Timepoint not recorded. dt_out:2000 is bigger than timepoint: 680
Timepoint not recorded. dt_out:2000 is bigger than timepoint: 680
Timepoint not recorded. dt_out:2000 is bigger than timepoint: 680
Timepoint not recorded. dt_out:2000 is bigger than timepoint: 680
Timepoint not recorded. dt_out:2000 is bigger than timepoint: 680
Timepoint not recorded. dt_out:2000 is bigger than timepoint: 680
Timepoint not recorded. dt_out:2000 is bigger than timepoint: 680
Timepoint not recorded. dt_out:2000 is bigger than timepoint: 680
Timepoint not recorded. dt_out:2000 is bigger than timepoint: 680
Timepoint not recorded. dt_out:2000 is bigger than timepoint: 680
Timepoint not recorded. dt_out:2000 is bigger than timepoint: 680
Timepoint not recorded. dt_out:2000 is bigger than timepoint: 680
Timepoint not recorded. dt_out:2000 is bigger than timepoint: 680
Timepoint not recorded. dt_out:2000 is bigger than timepoint: 680
Timepoint not recorded. dt_out:2000 is bigger than timepoint: 680
Timepoint not recorded. dt_out:2000 is bigger than timepoint: 680
Timepoint not recorded. dt_out:2000 is bigger than timepoint: 680
Timepoint not recorded. dt_out:2000 is bigger than timepoint: 680
Timepoint not recorded. dt_out:2000 is bigger than timepoint: 680
Timepoint not recorded. dt_out:2000 is bigger than timepoint: 680
Timepoint not recorded. dt_out:2000 is bigger than timepoint: 680
Timepoint not recorded. dt_out:2000 is bigger than timepoint: 680
Timepoint not recorded. dt_out:2000 is bigger than timepoint: 680
Timepoint not recorded. dt_out:2000 is bigger than timepoint: 680
Timepoint not recorded. dt_out:2000 is bigger than timepoint: 680
Timepoint not recorded. dt_out:2000 is bigger than timepoint: 680
Timepoint not recorded. dt_out:2000 is bigger than timepoint: 680
Timepoint not recorded. dt_out:2000 is bigger than timepoint: 680
Timepoint not recorded. dt_out:2000 is bigger than timepoint: 680
Timepoint not recorded. dt_out:2000 is bigger than timepoint: 680
Timepoint not recorded. dt_out:2000 is bigger than timepoint: 680
Timepoint not recorded. dt_out:2000 is bigger than timepoint: 680
Timepoint not recorded. dt_out:2000 is bigger than timepoint: 680
Timepoint not recorded. dt_out:2000 is bigger than timepoint: 680
Timepoint not recorded. dt_out:2000 is bigger than timepoint: 680
Timepoint not recorded. dt_out:2000 is bigger than timepoint: 680
Timepoint not recorded. dt_out:2000 is bigger than timepoint: 680
Timepoint not recorded. dt_out:2000 is bigger than timepoint: 680
Timepoint not recorded. dt_out:2000 is bigger than timepoint: 680
Timepoint not recorded. dt_out:2000 is bigger than timepoint: 680
Timepoint not recorded. dt_out:2000 is bigger than timepoint: 680
Timepoint not recorded. dt_out:2000 is bigger than timepoint: 680
Timepoint not recorded. dt_out:2000 is bigger than timepoint: 680
Timepoint not recorded. dt_out:2000 is bigger than timepoint: 680
Timepoint not recorded. dt_out:2000 is bigger than timepoint: 680
Timepoint not recorded. dt_out:2000 is bigger than timepoint: 680
Timepoint not recorded. dt_out:2000 is bigger than timepoint: 680
Timepoint not recorded. dt_out:2000 is bigger than timepoint: 680
Timepoint not recorded. dt_out:2000 is bigger than timepoint: 680
720
Timepoint not recorded. dt_out:2000 is bigger than timepoint: 720
Timepoint not recorded. dt_out:2000 is bigger than timepoint: 720
Timepoint not recorded. dt_out:2000 is bigger than timepoint: 720
Timepoint not recorded. dt_out:2000 is bigger than timepoint: 720
Timepoint not recorded. dt_out:2000 is bigger than timepoint: 720
Timepoint not recorded. dt_out:2000 is bigger than timepoint: 720
Timepoint not recorded. dt_out:2000 is bigger than timepoint: 720
Timepoint not recorded. dt_out:2000 is bigger than timepoint: 720
Timepoint not recorded. dt_out:2000 is bigger than timepoint: 720
Timepoint not recorded. dt_out:2000 is bigger than timepoint: 720
Timepoint not recorded. dt_out:2000 is bigger than timepoint: 720
Timepoint not recorded. dt_out:2000 is bigger than timepoint: 720
Timepoint not recorded. dt_out:2000 is bigger than timepoint: 720
Timepoint not recorded. dt_out:2000 is bigger than timepoint: 720
Timepoint not recorded. dt_out:2000 is bigger than timepoint: 720
Timepoint not recorded. dt_out:2000 is bigger than timepoint: 720
Timepoint not recorded. dt_out:2000 is bigger than timepoint: 720
Timepoint not recorded. dt_out:2000 is bigger than timepoint: 720
Timepoint not recorded. dt_out:2000 is bigger than timepoint: 720
Timepoint not recorded. dt_out:2000 is bigger than timepoint: 720
Timepoint not recorded. dt_out:2000 is bigger than timepoint: 720
Timepoint not recorded. dt_out:2000 is bigger than timepoint: 720
Timepoint not recorded. dt_out:2000 is bigger than timepoint: 720
Timepoint not recorded. dt_out:2000 is bigger than timepoint: 720
Timepoint not recorded. dt_out:2000 is bigger than timepoint: 720
Timepoint not recorded. dt_out:2000 is bigger than timepoint: 720
Timepoint not recorded. dt_out:2000 is bigger than timepoint: 720
Timepoint not recorded. dt_out:2000 is bigger than timepoint: 720
Timepoint not recorded. dt_out:2000 is bigger than timepoint: 720
Timepoint not recorded. dt_out:2000 is bigger than timepoint: 720
Timepoint not recorded. dt_out:2000 is bigger than timepoint: 720
Timepoint not recorded. dt_out:2000 is bigger than timepoint: 720
Timepoint not recorded. dt_out:2000 is bigger than timepoint: 720
Timepoint not recorded. dt_out:2000 is bigger than timepoint: 720
Timepoint not recorded. dt_out:2000 is bigger than timepoint: 720
Timepoint not recorded. dt_out:2000 is bigger than timepoint: 720
Timepoint not recorded. dt_out:2000 is bigger than timepoint: 720
Timepoint not recorded. dt_out:2000 is bigger than timepoint: 720
Timepoint not recorded. dt_out:2000 is bigger than timepoint: 720
Timepoint not recorded. dt_out:2000 is bigger than timepoint: 720
Timepoint not recorded. dt_out:2000 is bigger than timepoint: 720
Timepoint not recorded. dt_out:2000 is bigger than timepoint: 720
Timepoint not recorded. dt_out:2000 is bigger than timepoint: 720
Timepoint not recorded. dt_out:2000 is bigger than timepoint: 720
Timepoint not recorded. dt_out:2000 is bigger than timepoint: 720
Timepoint not recorded. dt_out:2000 is bigger than timepoint: 720
Timepoint not recorded. dt_out:2000 is bigger than timepoint: 720
Timepoint not recorded. dt_out:2000 is bigger than timepoint: 720
Timepoint not recorded. dt_out:2000 is bigger than timepoint: 720
Timepoint not recorded. dt_out:2000 is bigger than timepoint: 720
Timepoint not recorded. dt_out:2000 is bigger than timepoint: 720
Timepoint not recorded. dt_out:2000 is bigger than timepoint: 720
Timepoint not recorded. dt_out:2000 is bigger than timepoint: 720
Timepoint not recorded. dt_out:2000 is bigger than timepoint: 720
Timepoint not recorded. dt_out:2000 is bigger than timepoint: 720
Timepoint not recorded. dt_out:2000 is bigger than timepoint: 720
Timepoint not recorded. dt_out:2000 is bigger than timepoint: 720
Timepoint not recorded. dt_out:2000 is bigger than timepoint: 720
Timepoint not recorded. dt_out:2000 is bigger than timepoint: 720
Timepoint not recorded. dt_out:2000 is bigger than timepoint: 720
Timepoint not recorded. dt_out:2000 is bigger than timepoint: 720
Timepoint not recorded. dt_out:2000 is bigger than timepoint: 720
Timepoint not recorded. dt_out:2000 is bigger than timepoint: 720
Timepoint not recorded. dt_out:2000 is bigger than timepoint: 720
Timepoint not recorded. dt_out:2000 is bigger than timepoint: 720
Timepoint not recorded. dt_out:2000 is bigger than timepoint: 720
Timepoint not recorded. dt_out:2000 is bigger than timepoint: 720
Timepoint not recorded. dt_out:2000 is bigger than timepoint: 720
Timepoint not recorded. dt_out:2000 is bigger than timepoint: 720
Timepoint not recorded. dt_out:2000 is bigger than timepoint: 720
Timepoint not recorded. dt_out:2000 is bigger than timepoint: 720
Timepoint not recorded. dt_out:2000 is bigger than timepoint: 720
Timepoint not recorded. dt_out:2000 is bigger than timepoint: 720
Timepoint not recorded. dt_out:2000 is bigger than timepoint: 720
Timepoint not recorded. dt_out:2000 is bigger than timepoint: 720
Timepoint not recorded. dt_out:2000 is bigger than timepoint: 720
Timepoint not recorded. dt_out:2000 is bigger than timepoint: 720
Timepoint not recorded. dt_out:2000 is bigger than timepoint: 720
Timepoint not recorded. dt_out:2000 is bigger than timepoint: 720
Timepoint not recorded. dt_out:2000 is bigger than timepoint: 720
760
SAV_MATLAB_2000_dt_5.50e-06_Nx_64_neumann_n_relax_4_phi.csv
Exception type : ValueError 
Exception message : could not convert string to float: '-0.0315790.0379546285902317'
Stack trace : ['File : /sfs/gpfs/tardis/home/xpz5km/Cahn_Hilliard_Model_HPC/spinodal_decomp/compare_phi_norms.py , Line : 68, Func.Name : compare_phis_norm_at_timepoint, Message : snapshot = read_specific_lines(f"{root}/{fname}", line_list)', 'File : /sfs/gpfs/tardis/home/xpz5km/Cahn_Hilliard_Model_HPC/spinodal_decomp/compare_phi_norms.py , Line : 19, Func.Name : read_specific_lines, Message : digits.append(float(i))']
SAV_MATLAB_2000_dt_5.50e-06_Nx_512_periodic_n_relax_4_phi.csv
Exception type : ValueError 
Exception message : could not convert string to float: '0.89468-0.982615476235595'
Stack trace : ['File : /sfs/gpfs/tardis/home/xpz5km/Cahn_Hilliard_Model_HPC/spinodal_decomp/compare_phi_norms.py , Line : 68, Func.Name : compare_phis_norm_at_timepoint, Message : snapshot = read_specific_lines(f"{root}/{fname}", line_list)', 'File : /sfs/gpfs/tardis/home/xpz5km/Cahn_Hilliard_Model_HPC/spinodal_decomp/compare_phi_norms.py , Line : 19, Func.Name : read_specific_lines, Message : digits.append(float(i))']
Timepoint not recorded. dt_out:2000 is bigger than timepoint: 760
Timepoint not recorded. dt_out:2000 is bigger than timepoint: 760
Timepoint not recorded. dt_out:2000 is bigger than timepoint: 760
Timepoint not recorded. dt_out:2000 is bigger than timepoint: 760
Timepoint not recorded. dt_out:2000 is bigger than timepoint: 760
Timepoint not recorded. dt_out:2000 is bigger than timepoint: 760
Timepoint not recorded. dt_out:2000 is bigger than timepoint: 760
Timepoint not recorded. dt_out:2000 is bigger than timepoint: 760
Timepoint not recorded. dt_out:2000 is bigger than timepoint: 760
Timepoint not recorded. dt_out:2000 is bigger than timepoint: 760
Timepoint not recorded. dt_out:2000 is bigger than timepoint: 760
Timepoint not recorded. dt_out:2000 is bigger than timepoint: 760
Timepoint not recorded. dt_out:2000 is bigger than timepoint: 760
Timepoint not recorded. dt_out:2000 is bigger than timepoint: 760
Timepoint not recorded. dt_out:2000 is bigger than timepoint: 760
Timepoint not recorded. dt_out:2000 is bigger than timepoint: 760
Timepoint not recorded. dt_out:2000 is bigger than timepoint: 760
Timepoint not recorded. dt_out:2000 is bigger than timepoint: 760
Timepoint not recorded. dt_out:2000 is bigger than timepoint: 760
Timepoint not recorded. dt_out:2000 is bigger than timepoint: 760
Timepoint not recorded. dt_out:2000 is bigger than timepoint: 760
Timepoint not recorded. dt_out:2000 is bigger than timepoint: 760
Timepoint not recorded. dt_out:2000 is bigger than timepoint: 760
Timepoint not recorded. dt_out:2000 is bigger than timepoint: 760
Timepoint not recorded. dt_out:2000 is bigger than timepoint: 760
Timepoint not recorded. dt_out:2000 is bigger than timepoint: 760
Timepoint not recorded. dt_out:2000 is bigger than timepoint: 760
Timepoint not recorded. dt_out:2000 is bigger than timepoint: 760
Timepoint not recorded. dt_out:2000 is bigger than timepoint: 760
Timepoint not recorded. dt_out:2000 is bigger than timepoint: 760
Timepoint not recorded. dt_out:2000 is bigger than timepoint: 760
Timepoint not recorded. dt_out:2000 is bigger than timepoint: 760
Timepoint not recorded. dt_out:2000 is bigger than timepoint: 760
Timepoint not recorded. dt_out:2000 is bigger than timepoint: 760
Timepoint not recorded. dt_out:2000 is bigger than timepoint: 760
Timepoint not recorded. dt_out:2000 is bigger than timepoint: 760
Timepoint not recorded. dt_out:2000 is bigger than timepoint: 760
Timepoint not recorded. dt_out:2000 is bigger than timepoint: 760
Timepoint not recorded. dt_out:2000 is bigger than timepoint: 760
Timepoint not recorded. dt_out:2000 is bigger than timepoint: 760
Timepoint not recorded. dt_out:2000 is bigger than timepoint: 760
Timepoint not recorded. dt_out:2000 is bigger than timepoint: 760
Timepoint not recorded. dt_out:2000 is bigger than timepoint: 760
Timepoint not recorded. dt_out:2000 is bigger than timepoint: 760
Timepoint not recorded. dt_out:2000 is bigger than timepoint: 760
Timepoint not recorded. dt_out:2000 is bigger than timepoint: 760
Timepoint not recorded. dt_out:2000 is bigger than timepoint: 760
Timepoint not recorded. dt_out:2000 is bigger than timepoint: 760
Timepoint not recorded. dt_out:2000 is bigger than timepoint: 760
Timepoint not recorded. dt_out:2000 is bigger than timepoint: 760
Timepoint not recorded. dt_out:2000 is bigger than timepoint: 760
Timepoint not recorded. dt_out:2000 is bigger than timepoint: 760
Timepoint not recorded. dt_out:2000 is bigger than timepoint: 760
Timepoint not recorded. dt_out:2000 is bigger than timepoint: 760
Timepoint not recorded. dt_out:2000 is bigger than timepoint: 760
Timepoint not recorded. dt_out:2000 is bigger than timepoint: 760
Timepoint not recorded. dt_out:2000 is bigger than timepoint: 760
Timepoint not recorded. dt_out:2000 is bigger than timepoint: 760
Timepoint not recorded. dt_out:2000 is bigger than timepoint: 760
Timepoint not recorded. dt_out:2000 is bigger than timepoint: 760
Timepoint not recorded. dt_out:2000 is bigger than timepoint: 760
Timepoint not recorded. dt_out:2000 is bigger than timepoint: 760
Timepoint not recorded. dt_out:2000 is bigger than timepoint: 760
Timepoint not recorded. dt_out:2000 is bigger than timepoint: 760
Timepoint not recorded. dt_out:2000 is bigger than timepoint: 760
Timepoint not recorded. dt_out:2000 is bigger than timepoint: 760
Timepoint not recorded. dt_out:2000 is bigger than timepoint: 760
Timepoint not recorded. dt_out:2000 is bigger than timepoint: 760
Timepoint not recorded. dt_out:2000 is bigger than timepoint: 760
Timepoint not recorded. dt_out:2000 is bigger than timepoint: 760
Timepoint not recorded. dt_out:2000 is bigger than timepoint: 760
Timepoint not recorded. dt_out:2000 is bigger than timepoint: 760
Timepoint not recorded. dt_out:2000 is bigger than timepoint: 760
Timepoint not recorded. dt_out:2000 is bigger than timepoint: 760
Timepoint not recorded. dt_out:2000 is bigger than timepoint: 760
Timepoint not recorded. dt_out:2000 is bigger than timepoint: 760
Timepoint not recorded. dt_out:2000 is bigger than timepoint: 760
Timepoint not recorded. dt_out:2000 is bigger than timepoint: 760
Timepoint not recorded. dt_out:2000 is bigger than timepoint: 760
Timepoint not recorded. dt_out:2000 is bigger than timepoint: 760
800
Timepoint not recorded. dt_out:2000 is bigger than timepoint: 800
Timepoint not recorded. dt_out:2000 is bigger than timepoint: 800
Timepoint not recorded. dt_out:2000 is bigger than timepoint: 800
Timepoint not recorded. dt_out:2000 is bigger than timepoint: 800
Timepoint not recorded. dt_out:2000 is bigger than timepoint: 800
Timepoint not recorded. dt_out:2000 is bigger than timepoint: 800
Timepoint not recorded. dt_out:2000 is bigger than timepoint: 800
Timepoint not recorded. dt_out:2000 is bigger than timepoint: 800
Timepoint not recorded. dt_out:2000 is bigger than timepoint: 800
Timepoint not recorded. dt_out:2000 is bigger than timepoint: 800
Timepoint not recorded. dt_out:2000 is bigger than timepoint: 800
Timepoint not recorded. dt_out:2000 is bigger than timepoint: 800
Timepoint not recorded. dt_out:2000 is bigger than timepoint: 800
Timepoint not recorded. dt_out:2000 is bigger than timepoint: 800
Timepoint not recorded. dt_out:2000 is bigger than timepoint: 800
Timepoint not recorded. dt_out:2000 is bigger than timepoint: 800
Timepoint not recorded. dt_out:2000 is bigger than timepoint: 800
Timepoint not recorded. dt_out:2000 is bigger than timepoint: 800
Timepoint not recorded. dt_out:2000 is bigger than timepoint: 800
Timepoint not recorded. dt_out:2000 is bigger than timepoint: 800
Timepoint not recorded. dt_out:2000 is bigger than timepoint: 800
Timepoint not recorded. dt_out:2000 is bigger than timepoint: 800
Timepoint not recorded. dt_out:2000 is bigger than timepoint: 800
Timepoint not recorded. dt_out:2000 is bigger than timepoint: 800
Timepoint not recorded. dt_out:2000 is bigger than timepoint: 800
Timepoint not recorded. dt_out:2000 is bigger than timepoint: 800
Timepoint not recorded. dt_out:2000 is bigger than timepoint: 800
Timepoint not recorded. dt_out:2000 is bigger than timepoint: 800
Timepoint not recorded. dt_out:2000 is bigger than timepoint: 800
Timepoint not recorded. dt_out:2000 is bigger than timepoint: 800
Timepoint not recorded. dt_out:2000 is bigger than timepoint: 800
Timepoint not recorded. dt_out:2000 is bigger than timepoint: 800
Timepoint not recorded. dt_out:2000 is bigger than timepoint: 800
Timepoint not recorded. dt_out:2000 is bigger than timepoint: 800
Timepoint not recorded. dt_out:2000 is bigger than timepoint: 800
Timepoint not recorded. dt_out:2000 is bigger than timepoint: 800
Timepoint not recorded. dt_out:2000 is bigger than timepoint: 800
Timepoint not recorded. dt_out:2000 is bigger than timepoint: 800
Timepoint not recorded. dt_out:2000 is bigger than timepoint: 800
Timepoint not recorded. dt_out:2000 is bigger than timepoint: 800
Timepoint not recorded. dt_out:2000 is bigger than timepoint: 800
Timepoint not recorded. dt_out:2000 is bigger than timepoint: 800
Timepoint not recorded. dt_out:2000 is bigger than timepoint: 800
Timepoint not recorded. dt_out:2000 is bigger than timepoint: 800
Timepoint not recorded. dt_out:2000 is bigger than timepoint: 800
Timepoint not recorded. dt_out:2000 is bigger than timepoint: 800
Timepoint not recorded. dt_out:2000 is bigger than timepoint: 800
Timepoint not recorded. dt_out:2000 is bigger than timepoint: 800
Timepoint not recorded. dt_out:2000 is bigger than timepoint: 800
Timepoint not recorded. dt_out:2000 is bigger than timepoint: 800
Timepoint not recorded. dt_out:2000 is bigger than timepoint: 800
Timepoint not recorded. dt_out:2000 is bigger than timepoint: 800
Timepoint not recorded. dt_out:2000 is bigger than timepoint: 800
Timepoint not recorded. dt_out:2000 is bigger than timepoint: 800
Timepoint not recorded. dt_out:2000 is bigger than timepoint: 800
Timepoint not recorded. dt_out:2000 is bigger than timepoint: 800
Timepoint not recorded. dt_out:2000 is bigger than timepoint: 800
Timepoint not recorded. dt_out:2000 is bigger than timepoint: 800
Timepoint not recorded. dt_out:2000 is bigger than timepoint: 800
Timepoint not recorded. dt_out:2000 is bigger than timepoint: 800
Timepoint not recorded. dt_out:2000 is bigger than timepoint: 800
Timepoint not recorded. dt_out:2000 is bigger than timepoint: 800
Timepoint not recorded. dt_out:2000 is bigger than timepoint: 800
Timepoint not recorded. dt_out:2000 is bigger than timepoint: 800
Timepoint not recorded. dt_out:2000 is bigger than timepoint: 800
Timepoint not recorded. dt_out:2000 is bigger than timepoint: 800
Timepoint not recorded. dt_out:2000 is bigger than timepoint: 800
Timepoint not recorded. dt_out:2000 is bigger than timepoint: 800
Timepoint not recorded. dt_out:2000 is bigger than timepoint: 800
Timepoint not recorded. dt_out:2000 is bigger than timepoint: 800
Timepoint not recorded. dt_out:2000 is bigger than timepoint: 800
Timepoint not recorded. dt_out:2000 is bigger than timepoint: 800
Timepoint not recorded. dt_out:2000 is bigger than timepoint: 800
Timepoint not recorded. dt_out:2000 is bigger than timepoint: 800
Timepoint not recorded. dt_out:2000 is bigger than timepoint: 800
Timepoint not recorded. dt_out:2000 is bigger than timepoint: 800
Timepoint not recorded. dt_out:2000 is bigger than timepoint: 800
Timepoint not recorded. dt_out:2000 is bigger than timepoint: 800
Timepoint not recorded. dt_out:2000 is bigger than timepoint: 800
Timepoint not recorded. dt_out:2000 is bigger than timepoint: 800
840
Timepoint not recorded. dt_out:2000 is bigger than timepoint: 840
Timepoint not recorded. dt_out:2000 is bigger than timepoint: 840
Timepoint not recorded. dt_out:2000 is bigger than timepoint: 840
Timepoint not recorded. dt_out:2000 is bigger than timepoint: 840
Timepoint not recorded. dt_out:2000 is bigger than timepoint: 840
Timepoint not recorded. dt_out:2000 is bigger than timepoint: 840
Timepoint not recorded. dt_out:2000 is bigger than timepoint: 840
Timepoint not recorded. dt_out:2000 is bigger than timepoint: 840
Timepoint not recorded. dt_out:2000 is bigger than timepoint: 840
Timepoint not recorded. dt_out:2000 is bigger than timepoint: 840
Timepoint not recorded. dt_out:2000 is bigger than timepoint: 840
Timepoint not recorded. dt_out:2000 is bigger than timepoint: 840
Timepoint not recorded. dt_out:2000 is bigger than timepoint: 840
Timepoint not recorded. dt_out:2000 is bigger than timepoint: 840
Timepoint not recorded. dt_out:2000 is bigger than timepoint: 840
Timepoint not recorded. dt_out:2000 is bigger than timepoint: 840
Timepoint not recorded. dt_out:2000 is bigger than timepoint: 840
Timepoint not recorded. dt_out:2000 is bigger than timepoint: 840
Timepoint not recorded. dt_out:2000 is bigger than timepoint: 840
Timepoint not recorded. dt_out:2000 is bigger than timepoint: 840
Timepoint not recorded. dt_out:2000 is bigger than timepoint: 840
Timepoint not recorded. dt_out:2000 is bigger than timepoint: 840
Timepoint not recorded. dt_out:2000 is bigger than timepoint: 840
Timepoint not recorded. dt_out:2000 is bigger than timepoint: 840
Timepoint not recorded. dt_out:2000 is bigger than timepoint: 840
Timepoint not recorded. dt_out:2000 is bigger than timepoint: 840
Timepoint not recorded. dt_out:2000 is bigger than timepoint: 840
Timepoint not recorded. dt_out:2000 is bigger than timepoint: 840
Timepoint not recorded. dt_out:2000 is bigger than timepoint: 840
Timepoint not recorded. dt_out:2000 is bigger than timepoint: 840
Timepoint not recorded. dt_out:2000 is bigger than timepoint: 840
Timepoint not recorded. dt_out:2000 is bigger than timepoint: 840
Timepoint not recorded. dt_out:2000 is bigger than timepoint: 840
Timepoint not recorded. dt_out:2000 is bigger than timepoint: 840
Timepoint not recorded. dt_out:2000 is bigger than timepoint: 840
Timepoint not recorded. dt_out:2000 is bigger than timepoint: 840
Timepoint not recorded. dt_out:2000 is bigger than timepoint: 840
Timepoint not recorded. dt_out:2000 is bigger than timepoint: 840
Timepoint not recorded. dt_out:2000 is bigger than timepoint: 840
Timepoint not recorded. dt_out:2000 is bigger than timepoint: 840
Timepoint not recorded. dt_out:2000 is bigger than timepoint: 840
Timepoint not recorded. dt_out:2000 is bigger than timepoint: 840
Timepoint not recorded. dt_out:2000 is bigger than timepoint: 840
Timepoint not recorded. dt_out:2000 is bigger than timepoint: 840
Timepoint not recorded. dt_out:2000 is bigger than timepoint: 840
Timepoint not recorded. dt_out:2000 is bigger than timepoint: 840
Timepoint not recorded. dt_out:2000 is bigger than timepoint: 840
Timepoint not recorded. dt_out:2000 is bigger than timepoint: 840
Timepoint not recorded. dt_out:2000 is bigger than timepoint: 840
Timepoint not recorded. dt_out:2000 is bigger than timepoint: 840
Timepoint not recorded. dt_out:2000 is bigger than timepoint: 840
Timepoint not recorded. dt_out:2000 is bigger than timepoint: 840
Timepoint not recorded. dt_out:2000 is bigger than timepoint: 840
Timepoint not recorded. dt_out:2000 is bigger than timepoint: 840
Timepoint not recorded. dt_out:2000 is bigger than timepoint: 840
Timepoint not recorded. dt_out:2000 is bigger than timepoint: 840
Timepoint not recorded. dt_out:2000 is bigger than timepoint: 840
Timepoint not recorded. dt_out:2000 is bigger than timepoint: 840
Timepoint not recorded. dt_out:2000 is bigger than timepoint: 840
Timepoint not recorded. dt_out:2000 is bigger than timepoint: 840
Timepoint not recorded. dt_out:2000 is bigger than timepoint: 840
Timepoint not recorded. dt_out:2000 is bigger than timepoint: 840
Timepoint not recorded. dt_out:2000 is bigger than timepoint: 840
Timepoint not recorded. dt_out:2000 is bigger than timepoint: 840
Timepoint not recorded. dt_out:2000 is bigger than timepoint: 840
Timepoint not recorded. dt_out:2000 is bigger than timepoint: 840
Timepoint not recorded. dt_out:2000 is bigger than timepoint: 840
Timepoint not recorded. dt_out:2000 is bigger than timepoint: 840
Timepoint not recorded. dt_out:2000 is bigger than timepoint: 840
Timepoint not recorded. dt_out:2000 is bigger than timepoint: 840
Timepoint not recorded. dt_out:2000 is bigger than timepoint: 840
Timepoint not recorded. dt_out:2000 is bigger than timepoint: 840
Timepoint not recorded. dt_out:2000 is bigger than timepoint: 840
Timepoint not recorded. dt_out:2000 is bigger than timepoint: 840
Timepoint not recorded. dt_out:2000 is bigger than timepoint: 840
Timepoint not recorded. dt_out:2000 is bigger than timepoint: 840
Timepoint not recorded. dt_out:2000 is bigger than timepoint: 840
Timepoint not recorded. dt_out:2000 is bigger than timepoint: 840
Timepoint not recorded. dt_out:2000 is bigger than timepoint: 840
Timepoint not recorded. dt_out:2000 is bigger than timepoint: 840
880
Timepoint not recorded. dt_out:2000 is bigger than timepoint: 880
Timepoint not recorded. dt_out:2000 is bigger than timepoint: 880
Timepoint not recorded. dt_out:2000 is bigger than timepoint: 880
Timepoint not recorded. dt_out:2000 is bigger than timepoint: 880
Timepoint not recorded. dt_out:2000 is bigger than timepoint: 880
Timepoint not recorded. dt_out:2000 is bigger than timepoint: 880
Timepoint not recorded. dt_out:2000 is bigger than timepoint: 880
Timepoint not recorded. dt_out:2000 is bigger than timepoint: 880
Timepoint not recorded. dt_out:2000 is bigger than timepoint: 880
Timepoint not recorded. dt_out:2000 is bigger than timepoint: 880
Timepoint not recorded. dt_out:2000 is bigger than timepoint: 880
Timepoint not recorded. dt_out:2000 is bigger than timepoint: 880
Timepoint not recorded. dt_out:2000 is bigger than timepoint: 880
Timepoint not recorded. dt_out:2000 is bigger than timepoint: 880
Timepoint not recorded. dt_out:2000 is bigger than timepoint: 880
Timepoint not recorded. dt_out:2000 is bigger than timepoint: 880
Timepoint not recorded. dt_out:2000 is bigger than timepoint: 880
Timepoint not recorded. dt_out:2000 is bigger than timepoint: 880
Timepoint not recorded. dt_out:2000 is bigger than timepoint: 880
Timepoint not recorded. dt_out:2000 is bigger than timepoint: 880
Timepoint not recorded. dt_out:2000 is bigger than timepoint: 880
Timepoint not recorded. dt_out:2000 is bigger than timepoint: 880
Timepoint not recorded. dt_out:2000 is bigger than timepoint: 880
Timepoint not recorded. dt_out:2000 is bigger than timepoint: 880
Timepoint not recorded. dt_out:2000 is bigger than timepoint: 880
Timepoint not recorded. dt_out:2000 is bigger than timepoint: 880
Timepoint not recorded. dt_out:2000 is bigger than timepoint: 880
Timepoint not recorded. dt_out:2000 is bigger than timepoint: 880
Timepoint not recorded. dt_out:2000 is bigger than timepoint: 880
Timepoint not recorded. dt_out:2000 is bigger than timepoint: 880
Timepoint not recorded. dt_out:2000 is bigger than timepoint: 880
Timepoint not recorded. dt_out:2000 is bigger than timepoint: 880
Timepoint not recorded. dt_out:2000 is bigger than timepoint: 880
Timepoint not recorded. dt_out:2000 is bigger than timepoint: 880
Timepoint not recorded. dt_out:2000 is bigger than timepoint: 880
Timepoint not recorded. dt_out:2000 is bigger than timepoint: 880
Timepoint not recorded. dt_out:2000 is bigger than timepoint: 880
Timepoint not recorded. dt_out:2000 is bigger than timepoint: 880
Timepoint not recorded. dt_out:2000 is bigger than timepoint: 880
Timepoint not recorded. dt_out:2000 is bigger than timepoint: 880
Timepoint not recorded. dt_out:2000 is bigger than timepoint: 880
Timepoint not recorded. dt_out:2000 is bigger than timepoint: 880
Timepoint not recorded. dt_out:2000 is bigger than timepoint: 880
Timepoint not recorded. dt_out:2000 is bigger than timepoint: 880
Timepoint not recorded. dt_out:2000 is bigger than timepoint: 880
Timepoint not recorded. dt_out:2000 is bigger than timepoint: 880
Timepoint not recorded. dt_out:2000 is bigger than timepoint: 880
Timepoint not recorded. dt_out:2000 is bigger than timepoint: 880
Timepoint not recorded. dt_out:2000 is bigger than timepoint: 880
Timepoint not recorded. dt_out:2000 is bigger than timepoint: 880
Timepoint not recorded. dt_out:2000 is bigger than timepoint: 880
Timepoint not recorded. dt_out:2000 is bigger than timepoint: 880
Timepoint not recorded. dt_out:2000 is bigger than timepoint: 880
Timepoint not recorded. dt_out:2000 is bigger than timepoint: 880
Timepoint not recorded. dt_out:2000 is bigger than timepoint: 880
Timepoint not recorded. dt_out:2000 is bigger than timepoint: 880
Timepoint not recorded. dt_out:2000 is bigger than timepoint: 880
Timepoint not recorded. dt_out:2000 is bigger than timepoint: 880
Timepoint not recorded. dt_out:2000 is bigger than timepoint: 880
Timepoint not recorded. dt_out:2000 is bigger than timepoint: 880
Timepoint not recorded. dt_out:2000 is bigger than timepoint: 880
Timepoint not recorded. dt_out:2000 is bigger than timepoint: 880
Timepoint not recorded. dt_out:2000 is bigger than timepoint: 880
Timepoint not recorded. dt_out:2000 is bigger than timepoint: 880
Timepoint not recorded. dt_out:2000 is bigger than timepoint: 880
Timepoint not recorded. dt_out:2000 is bigger than timepoint: 880
Timepoint not recorded. dt_out:2000 is bigger than timepoint: 880
Timepoint not recorded. dt_out:2000 is bigger than timepoint: 880
Timepoint not recorded. dt_out:2000 is bigger than timepoint: 880
Timepoint not recorded. dt_out:2000 is bigger than timepoint: 880
Timepoint not recorded. dt_out:2000 is bigger than timepoint: 880
Timepoint not recorded. dt_out:2000 is bigger than timepoint: 880
Timepoint not recorded. dt_out:2000 is bigger than timepoint: 880
Timepoint not recorded. dt_out:2000 is bigger than timepoint: 880
Timepoint not recorded. dt_out:2000 is bigger than timepoint: 880
Timepoint not recorded. dt_out:2000 is bigger than timepoint: 880
Timepoint not recorded. dt_out:2000 is bigger than timepoint: 880
Timepoint not recorded. dt_out:2000 is bigger than timepoint: 880
Timepoint not recorded. dt_out:2000 is bigger than timepoint: 880
Timepoint not recorded. dt_out:2000 is bigger than timepoint: 880
920
SAV_MATLAB_2000_dt_5.50e-06_Nx_512_neumann_n_relax_4_phi.csv
Exception type : ValueError 
Exception message : could not convert string to float: '-0.161417594390.969189458568553'
Stack trace : ['File : /sfs/gpfs/tardis/home/xpz5km/Cahn_Hilliard_Model_HPC/spinodal_decomp/compare_phi_norms.py , Line : 68, Func.Name : compare_phis_norm_at_timepoint, Message : snapshot = read_specific_lines(f"{root}/{fname}", line_list)', 'File : /sfs/gpfs/tardis/home/xpz5km/Cahn_Hilliard_Model_HPC/spinodal_decomp/compare_phi_norms.py , Line : 19, Func.Name : read_specific_lines, Message : digits.append(float(i))']
Timepoint not recorded. dt_out:2000 is bigger than timepoint: 920
Timepoint not recorded. dt_out:2000 is bigger than timepoint: 920
Timepoint not recorded. dt_out:2000 is bigger than timepoint: 920
Timepoint not recorded. dt_out:2000 is bigger than timepoint: 920
Timepoint not recorded. dt_out:2000 is bigger than timepoint: 920
Timepoint not recorded. dt_out:2000 is bigger than timepoint: 920
Timepoint not recorded. dt_out:2000 is bigger than timepoint: 920
Timepoint not recorded. dt_out:2000 is bigger than timepoint: 920
Timepoint not recorded. dt_out:2000 is bigger than timepoint: 920
Timepoint not recorded. dt_out:2000 is bigger than timepoint: 920
Timepoint not recorded. dt_out:2000 is bigger than timepoint: 920
Timepoint not recorded. dt_out:2000 is bigger than timepoint: 920
Timepoint not recorded. dt_out:2000 is bigger than timepoint: 920
Timepoint not recorded. dt_out:2000 is bigger than timepoint: 920
Timepoint not recorded. dt_out:2000 is bigger than timepoint: 920
Timepoint not recorded. dt_out:2000 is bigger than timepoint: 920
Timepoint not recorded. dt_out:2000 is bigger than timepoint: 920
Timepoint not recorded. dt_out:2000 is bigger than timepoint: 920
Timepoint not recorded. dt_out:2000 is bigger than timepoint: 920
Timepoint not recorded. dt_out:2000 is bigger than timepoint: 920
Timepoint not recorded. dt_out:2000 is bigger than timepoint: 920
Timepoint not recorded. dt_out:2000 is bigger than timepoint: 920
Timepoint not recorded. dt_out:2000 is bigger than timepoint: 920
Timepoint not recorded. dt_out:2000 is bigger than timepoint: 920
Timepoint not recorded. dt_out:2000 is bigger than timepoint: 920
Timepoint not recorded. dt_out:2000 is bigger than timepoint: 920
Timepoint not recorded. dt_out:2000 is bigger than timepoint: 920
Timepoint not recorded. dt_out:2000 is bigger than timepoint: 920
Timepoint not recorded. dt_out:2000 is bigger than timepoint: 920
Timepoint not recorded. dt_out:2000 is bigger than timepoint: 920
Timepoint not recorded. dt_out:2000 is bigger than timepoint: 920
Timepoint not recorded. dt_out:2000 is bigger than timepoint: 920
Timepoint not recorded. dt_out:2000 is bigger than timepoint: 920
Timepoint not recorded. dt_out:2000 is bigger than timepoint: 920
Timepoint not recorded. dt_out:2000 is bigger than timepoint: 920
Timepoint not recorded. dt_out:2000 is bigger than timepoint: 920
Timepoint not recorded. dt_out:2000 is bigger than timepoint: 920
Timepoint not recorded. dt_out:2000 is bigger than timepoint: 920
Timepoint not recorded. dt_out:2000 is bigger than timepoint: 920
Timepoint not recorded. dt_out:2000 is bigger than timepoint: 920
Timepoint not recorded. dt_out:2000 is bigger than timepoint: 920
Timepoint not recorded. dt_out:2000 is bigger than timepoint: 920
Timepoint not recorded. dt_out:2000 is bigger than timepoint: 920
Timepoint not recorded. dt_out:2000 is bigger than timepoint: 920
Timepoint not recorded. dt_out:2000 is bigger than timepoint: 920
Timepoint not recorded. dt_out:2000 is bigger than timepoint: 920
Timepoint not recorded. dt_out:2000 is bigger than timepoint: 920
Timepoint not recorded. dt_out:2000 is bigger than timepoint: 920
Timepoint not recorded. dt_out:2000 is bigger than timepoint: 920
Timepoint not recorded. dt_out:2000 is bigger than timepoint: 920
Timepoint not recorded. dt_out:2000 is bigger than timepoint: 920
Timepoint not recorded. dt_out:2000 is bigger than timepoint: 920
Timepoint not recorded. dt_out:2000 is bigger than timepoint: 920
Timepoint not recorded. dt_out:2000 is bigger than timepoint: 920
Timepoint not recorded. dt_out:2000 is bigger than timepoint: 920
Timepoint not recorded. dt_out:2000 is bigger than timepoint: 920
Timepoint not recorded. dt_out:2000 is bigger than timepoint: 920
Timepoint not recorded. dt_out:2000 is bigger than timepoint: 920
Timepoint not recorded. dt_out:2000 is bigger than timepoint: 920
Timepoint not recorded. dt_out:2000 is bigger than timepoint: 920
Timepoint not recorded. dt_out:2000 is bigger than timepoint: 920
Timepoint not recorded. dt_out:2000 is bigger than timepoint: 920
Timepoint not recorded. dt_out:2000 is bigger than timepoint: 920
Timepoint not recorded. dt_out:2000 is bigger than timepoint: 920
Timepoint not recorded. dt_out:2000 is bigger than timepoint: 920
Timepoint not recorded. dt_out:2000 is bigger than timepoint: 920
Timepoint not recorded. dt_out:2000 is bigger than timepoint: 920
Timepoint not recorded. dt_out:2000 is bigger than timepoint: 920
Timepoint not recorded. dt_out:2000 is bigger than timepoint: 920
Timepoint not recorded. dt_out:2000 is bigger than timepoint: 920
Timepoint not recorded. dt_out:2000 is bigger than timepoint: 920
Timepoint not recorded. dt_out:2000 is bigger than timepoint: 920
Timepoint not recorded. dt_out:2000 is bigger than timepoint: 920
Timepoint not recorded. dt_out:2000 is bigger than timepoint: 920
Timepoint not recorded. dt_out:2000 is bigger than timepoint: 920
Timepoint not recorded. dt_out:2000 is bigger than timepoint: 920
Timepoint not recorded. dt_out:2000 is bigger than timepoint: 920
Timepoint not recorded. dt_out:2000 is bigger than timepoint: 920
Timepoint not recorded. dt_out:2000 is bigger than timepoint: 920
Timepoint not recorded. dt_out:2000 is bigger than timepoint: 920
960
Timepoint not recorded. dt_out:2000 is bigger than timepoint: 960
Timepoint not recorded. dt_out:2000 is bigger than timepoint: 960
Timepoint not recorded. dt_out:2000 is bigger than timepoint: 960
Timepoint not recorded. dt_out:2000 is bigger than timepoint: 960
Timepoint not recorded. dt_out:2000 is bigger than timepoint: 960
Timepoint not recorded. dt_out:2000 is bigger than timepoint: 960
Timepoint not recorded. dt_out:2000 is bigger than timepoint: 960
Timepoint not recorded. dt_out:2000 is bigger than timepoint: 960
Timepoint not recorded. dt_out:2000 is bigger than timepoint: 960
Timepoint not recorded. dt_out:2000 is bigger than timepoint: 960
Timepoint not recorded. dt_out:2000 is bigger than timepoint: 960
Timepoint not recorded. dt_out:2000 is bigger than timepoint: 960
Timepoint not recorded. dt_out:2000 is bigger than timepoint: 960
Timepoint not recorded. dt_out:2000 is bigger than timepoint: 960
Timepoint not recorded. dt_out:2000 is bigger than timepoint: 960
Timepoint not recorded. dt_out:2000 is bigger than timepoint: 960
Timepoint not recorded. dt_out:2000 is bigger than timepoint: 960
Timepoint not recorded. dt_out:2000 is bigger than timepoint: 960
Timepoint not recorded. dt_out:2000 is bigger than timepoint: 960
Timepoint not recorded. dt_out:2000 is bigger than timepoint: 960
Timepoint not recorded. dt_out:2000 is bigger than timepoint: 960
Timepoint not recorded. dt_out:2000 is bigger than timepoint: 960
Timepoint not recorded. dt_out:2000 is bigger than timepoint: 960
Timepoint not recorded. dt_out:2000 is bigger than timepoint: 960
Timepoint not recorded. dt_out:2000 is bigger than timepoint: 960
Timepoint not recorded. dt_out:2000 is bigger than timepoint: 960
Timepoint not recorded. dt_out:2000 is bigger than timepoint: 960
Timepoint not recorded. dt_out:2000 is bigger than timepoint: 960
Timepoint not recorded. dt_out:2000 is bigger than timepoint: 960
Timepoint not recorded. dt_out:2000 is bigger than timepoint: 960
Timepoint not recorded. dt_out:2000 is bigger than timepoint: 960
Timepoint not recorded. dt_out:2000 is bigger than timepoint: 960
Timepoint not recorded. dt_out:2000 is bigger than timepoint: 960
Timepoint not recorded. dt_out:2000 is bigger than timepoint: 960
Timepoint not recorded. dt_out:2000 is bigger than timepoint: 960
Timepoint not recorded. dt_out:2000 is bigger than timepoint: 960
Timepoint not recorded. dt_out:2000 is bigger than timepoint: 960
Timepoint not recorded. dt_out:2000 is bigger than timepoint: 960
Timepoint not recorded. dt_out:2000 is bigger than timepoint: 960
Timepoint not recorded. dt_out:2000 is bigger than timepoint: 960
Timepoint not recorded. dt_out:2000 is bigger than timepoint: 960
Timepoint not recorded. dt_out:2000 is bigger than timepoint: 960
Timepoint not recorded. dt_out:2000 is bigger than timepoint: 960
Timepoint not recorded. dt_out:2000 is bigger than timepoint: 960
Timepoint not recorded. dt_out:2000 is bigger than timepoint: 960
Timepoint not recorded. dt_out:2000 is bigger than timepoint: 960
Timepoint not recorded. dt_out:2000 is bigger than timepoint: 960
Timepoint not recorded. dt_out:2000 is bigger than timepoint: 960
Timepoint not recorded. dt_out:2000 is bigger than timepoint: 960
Timepoint not recorded. dt_out:2000 is bigger than timepoint: 960
Timepoint not recorded. dt_out:2000 is bigger than timepoint: 960
Timepoint not recorded. dt_out:2000 is bigger than timepoint: 960
Timepoint not recorded. dt_out:2000 is bigger than timepoint: 960
Timepoint not recorded. dt_out:2000 is bigger than timepoint: 960
Timepoint not recorded. dt_out:2000 is bigger than timepoint: 960
Timepoint not recorded. dt_out:2000 is bigger than timepoint: 960
Timepoint not recorded. dt_out:2000 is bigger than timepoint: 960
Timepoint not recorded. dt_out:2000 is bigger than timepoint: 960
Timepoint not recorded. dt_out:2000 is bigger than timepoint: 960
Timepoint not recorded. dt_out:2000 is bigger than timepoint: 960
Timepoint not recorded. dt_out:2000 is bigger than timepoint: 960
Timepoint not recorded. dt_out:2000 is bigger than timepoint: 960
Timepoint not recorded. dt_out:2000 is bigger than timepoint: 960
Timepoint not recorded. dt_out:2000 is bigger than timepoint: 960
Timepoint not recorded. dt_out:2000 is bigger than timepoint: 960
Timepoint not recorded. dt_out:2000 is bigger than timepoint: 960
Timepoint not recorded. dt_out:2000 is bigger than timepoint: 960
Timepoint not recorded. dt_out:2000 is bigger than timepoint: 960
Timepoint not recorded. dt_out:2000 is bigger than timepoint: 960
Timepoint not recorded. dt_out:2000 is bigger than timepoint: 960
Timepoint not recorded. dt_out:2000 is bigger than timepoint: 960
Timepoint not recorded. dt_out:2000 is bigger than timepoint: 960
Timepoint not recorded. dt_out:2000 is bigger than timepoint: 960
Timepoint not recorded. dt_out:2000 is bigger than timepoint: 960
Timepoint not recorded. dt_out:2000 is bigger than timepoint: 960
Timepoint not recorded. dt_out:2000 is bigger than timepoint: 960
Timepoint not recorded. dt_out:2000 is bigger than timepoint: 960
Timepoint not recorded. dt_out:2000 is bigger than timepoint: 960
Timepoint not recorded. dt_out:2000 is bigger than timepoint: 960
Timepoint not recorded. dt_out:2000 is bigger than timepoint: 960
1040
Timepoint not recorded. dt_out:2000 is bigger than timepoint: 1040
Timepoint not recorded. dt_out:2000 is bigger than timepoint: 1040
Timepoint not recorded. dt_out:2000 is bigger than timepoint: 1040
Timepoint not recorded. dt_out:2000 is bigger than timepoint: 1040
Timepoint not recorded. dt_out:2000 is bigger than timepoint: 1040
Timepoint not recorded. dt_out:2000 is bigger than timepoint: 1040
Timepoint not recorded. dt_out:2000 is bigger than timepoint: 1040
Timepoint not recorded. dt_out:2000 is bigger than timepoint: 1040
Timepoint not recorded. dt_out:2000 is bigger than timepoint: 1040
Timepoint not recorded. dt_out:2000 is bigger than timepoint: 1040
Timepoint not recorded. dt_out:2000 is bigger than timepoint: 1040
Timepoint not recorded. dt_out:2000 is bigger than timepoint: 1040
Timepoint not recorded. dt_out:2000 is bigger than timepoint: 1040
Timepoint not recorded. dt_out:2000 is bigger than timepoint: 1040
Timepoint not recorded. dt_out:2000 is bigger than timepoint: 1040
Timepoint not recorded. dt_out:2000 is bigger than timepoint: 1040
Timepoint not recorded. dt_out:2000 is bigger than timepoint: 1040
Timepoint not recorded. dt_out:2000 is bigger than timepoint: 1040
Timepoint not recorded. dt_out:2000 is bigger than timepoint: 1040
Timepoint not recorded. dt_out:2000 is bigger than timepoint: 1040
Timepoint not recorded. dt_out:2000 is bigger than timepoint: 1040
Timepoint not recorded. dt_out:2000 is bigger than timepoint: 1040
Timepoint not recorded. dt_out:2000 is bigger than timepoint: 1040
Timepoint not recorded. dt_out:2000 is bigger than timepoint: 1040
Timepoint not recorded. dt_out:2000 is bigger than timepoint: 1040
Timepoint not recorded. dt_out:2000 is bigger than timepoint: 1040
Timepoint not recorded. dt_out:2000 is bigger than timepoint: 1040
Timepoint not recorded. dt_out:2000 is bigger than timepoint: 1040
Timepoint not recorded. dt_out:2000 is bigger than timepoint: 1040
Timepoint not recorded. dt_out:2000 is bigger than timepoint: 1040
Timepoint not recorded. dt_out:2000 is bigger than timepoint: 1040
Timepoint not recorded. dt_out:2000 is bigger than timepoint: 1040
Timepoint not recorded. dt_out:2000 is bigger than timepoint: 1040
Timepoint not recorded. dt_out:2000 is bigger than timepoint: 1040
Timepoint not recorded. dt_out:2000 is bigger than timepoint: 1040
Timepoint not recorded. dt_out:2000 is bigger than timepoint: 1040
Timepoint not recorded. dt_out:2000 is bigger than timepoint: 1040
Timepoint not recorded. dt_out:2000 is bigger than timepoint: 1040
Timepoint not recorded. dt_out:2000 is bigger than timepoint: 1040
Timepoint not recorded. dt_out:2000 is bigger than timepoint: 1040
Timepoint not recorded. dt_out:2000 is bigger than timepoint: 1040
Timepoint not recorded. dt_out:2000 is bigger than timepoint: 1040
Timepoint not recorded. dt_out:2000 is bigger than timepoint: 1040
Timepoint not recorded. dt_out:2000 is bigger than timepoint: 1040
Timepoint not recorded. dt_out:2000 is bigger than timepoint: 1040
Timepoint not recorded. dt_out:2000 is bigger than timepoint: 1040
Timepoint not recorded. dt_out:2000 is bigger than timepoint: 1040
Timepoint not recorded. dt_out:2000 is bigger than timepoint: 1040
Timepoint not recorded. dt_out:2000 is bigger than timepoint: 1040
Timepoint not recorded. dt_out:2000 is bigger than timepoint: 1040
Timepoint not recorded. dt_out:2000 is bigger than timepoint: 1040
Timepoint not recorded. dt_out:2000 is bigger than timepoint: 1040
Timepoint not recorded. dt_out:2000 is bigger than timepoint: 1040
Timepoint not recorded. dt_out:2000 is bigger than timepoint: 1040
Timepoint not recorded. dt_out:2000 is bigger than timepoint: 1040
Timepoint not recorded. dt_out:2000 is bigger than timepoint: 1040
Timepoint not recorded. dt_out:2000 is bigger than timepoint: 1040
Timepoint not recorded. dt_out:2000 is bigger than timepoint: 1040
Timepoint not recorded. dt_out:2000 is bigger than timepoint: 1040
Timepoint not recorded. dt_out:2000 is bigger than timepoint: 1040
Timepoint not recorded. dt_out:2000 is bigger than timepoint: 1040
Timepoint not recorded. dt_out:2000 is bigger than timepoint: 1040
Timepoint not recorded. dt_out:2000 is bigger than timepoint: 1040
Timepoint not recorded. dt_out:2000 is bigger than timepoint: 1040
Timepoint not recorded. dt_out:2000 is bigger than timepoint: 1040
Timepoint not recorded. dt_out:2000 is bigger than timepoint: 1040
Timepoint not recorded. dt_out:2000 is bigger than timepoint: 1040
Timepoint not recorded. dt_out:2000 is bigger than timepoint: 1040
Timepoint not recorded. dt_out:2000 is bigger than timepoint: 1040
Timepoint not recorded. dt_out:2000 is bigger than timepoint: 1040
Timepoint not recorded. dt_out:2000 is bigger than timepoint: 1040
Timepoint not recorded. dt_out:2000 is bigger than timepoint: 1040
Timepoint not recorded. dt_out:2000 is bigger than timepoint: 1040
Timepoint not recorded. dt_out:2000 is bigger than timepoint: 1040
Timepoint not recorded. dt_out:2000 is bigger than timepoint: 1040
Timepoint not recorded. dt_out:2000 is bigger than timepoint: 1040
Timepoint not recorded. dt_out:2000 is bigger than timepoint: 1040
Timepoint not recorded. dt_out:2000 is bigger than timepoint: 1040
Timepoint not recorded. dt_out:2000 is bigger than timepoint: 1040
Timepoint not recorded. dt_out:2000 is bigger than timepoint: 1040
1080
Timepoint not recorded. dt_out:2000 is bigger than timepoint: 1080
Timepoint not recorded. dt_out:2000 is bigger than timepoint: 1080
Timepoint not recorded. dt_out:2000 is bigger than timepoint: 1080
Timepoint not recorded. dt_out:2000 is bigger than timepoint: 1080
Timepoint not recorded. dt_out:2000 is bigger than timepoint: 1080
Timepoint not recorded. dt_out:2000 is bigger than timepoint: 1080
Timepoint not recorded. dt_out:2000 is bigger than timepoint: 1080
Timepoint not recorded. dt_out:2000 is bigger than timepoint: 1080
Timepoint not recorded. dt_out:2000 is bigger than timepoint: 1080
Timepoint not recorded. dt_out:2000 is bigger than timepoint: 1080
Timepoint not recorded. dt_out:2000 is bigger than timepoint: 1080
Timepoint not recorded. dt_out:2000 is bigger than timepoint: 1080
Timepoint not recorded. dt_out:2000 is bigger than timepoint: 1080
Timepoint not recorded. dt_out:2000 is bigger than timepoint: 1080
Timepoint not recorded. dt_out:2000 is bigger than timepoint: 1080
Timepoint not recorded. dt_out:2000 is bigger than timepoint: 1080
Timepoint not recorded. dt_out:2000 is bigger than timepoint: 1080
Timepoint not recorded. dt_out:2000 is bigger than timepoint: 1080
Timepoint not recorded. dt_out:2000 is bigger than timepoint: 1080
Timepoint not recorded. dt_out:2000 is bigger than timepoint: 1080
Timepoint not recorded. dt_out:2000 is bigger than timepoint: 1080
Timepoint not recorded. dt_out:2000 is bigger than timepoint: 1080
Timepoint not recorded. dt_out:2000 is bigger than timepoint: 1080
Timepoint not recorded. dt_out:2000 is bigger than timepoint: 1080
Timepoint not recorded. dt_out:2000 is bigger than timepoint: 1080
Timepoint not recorded. dt_out:2000 is bigger than timepoint: 1080
Timepoint not recorded. dt_out:2000 is bigger than timepoint: 1080
Timepoint not recorded. dt_out:2000 is bigger than timepoint: 1080
Timepoint not recorded. dt_out:2000 is bigger than timepoint: 1080
Timepoint not recorded. dt_out:2000 is bigger than timepoint: 1080
Timepoint not recorded. dt_out:2000 is bigger than timepoint: 1080
Timepoint not recorded. dt_out:2000 is bigger than timepoint: 1080
Timepoint not recorded. dt_out:2000 is bigger than timepoint: 1080
Timepoint not recorded. dt_out:2000 is bigger than timepoint: 1080
Timepoint not recorded. dt_out:2000 is bigger than timepoint: 1080
Timepoint not recorded. dt_out:2000 is bigger than timepoint: 1080
Timepoint not recorded. dt_out:2000 is bigger than timepoint: 1080
Timepoint not recorded. dt_out:2000 is bigger than timepoint: 1080
Timepoint not recorded. dt_out:2000 is bigger than timepoint: 1080
Timepoint not recorded. dt_out:2000 is bigger than timepoint: 1080
Timepoint not recorded. dt_out:2000 is bigger than timepoint: 1080
Timepoint not recorded. dt_out:2000 is bigger than timepoint: 1080
Timepoint not recorded. dt_out:2000 is bigger than timepoint: 1080
Timepoint not recorded. dt_out:2000 is bigger than timepoint: 1080
Timepoint not recorded. dt_out:2000 is bigger than timepoint: 1080
Timepoint not recorded. dt_out:2000 is bigger than timepoint: 1080
Timepoint not recorded. dt_out:2000 is bigger than timepoint: 1080
Timepoint not recorded. dt_out:2000 is bigger than timepoint: 1080
Timepoint not recorded. dt_out:2000 is bigger than timepoint: 1080
Timepoint not recorded. dt_out:2000 is bigger than timepoint: 1080
Timepoint not recorded. dt_out:2000 is bigger than timepoint: 1080
Timepoint not recorded. dt_out:2000 is bigger than timepoint: 1080
Timepoint not recorded. dt_out:2000 is bigger than timepoint: 1080
Timepoint not recorded. dt_out:2000 is bigger than timepoint: 1080
Timepoint not recorded. dt_out:2000 is bigger than timepoint: 1080
Timepoint not recorded. dt_out:2000 is bigger than timepoint: 1080
Timepoint not recorded. dt_out:2000 is bigger than timepoint: 1080
Timepoint not recorded. dt_out:2000 is bigger than timepoint: 1080
Timepoint not recorded. dt_out:2000 is bigger than timepoint: 1080
Timepoint not recorded. dt_out:2000 is bigger than timepoint: 1080
Timepoint not recorded. dt_out:2000 is bigger than timepoint: 1080
Timepoint not recorded. dt_out:2000 is bigger than timepoint: 1080
Timepoint not recorded. dt_out:2000 is bigger than timepoint: 1080
Timepoint not recorded. dt_out:2000 is bigger than timepoint: 1080
Timepoint not recorded. dt_out:2000 is bigger than timepoint: 1080
Timepoint not recorded. dt_out:2000 is bigger than timepoint: 1080
Timepoint not recorded. dt_out:2000 is bigger than timepoint: 1080
Timepoint not recorded. dt_out:2000 is bigger than timepoint: 1080
Timepoint not recorded. dt_out:2000 is bigger than timepoint: 1080
Timepoint not recorded. dt_out:2000 is bigger than timepoint: 1080
Timepoint not recorded. dt_out:2000 is bigger than timepoint: 1080
Timepoint not recorded. dt_out:2000 is bigger than timepoint: 1080
Timepoint not recorded. dt_out:2000 is bigger than timepoint: 1080
Timepoint not recorded. dt_out:2000 is bigger than timepoint: 1080
Timepoint not recorded. dt_out:2000 is bigger than timepoint: 1080
Timepoint not recorded. dt_out:2000 is bigger than timepoint: 1080
Timepoint not recorded. dt_out:2000 is bigger than timepoint: 1080
Timepoint not recorded. dt_out:2000 is bigger than timepoint: 1080
Timepoint not recorded. dt_out:2000 is bigger than timepoint: 1080
Timepoint not recorded. dt_out:2000 is bigger than timepoint: 1080
1120
Timepoint not recorded. dt_out:2000 is bigger than timepoint: 1120
Timepoint not recorded. dt_out:2000 is bigger than timepoint: 1120
Timepoint not recorded. dt_out:2000 is bigger than timepoint: 1120
Timepoint not recorded. dt_out:2000 is bigger than timepoint: 1120
Timepoint not recorded. dt_out:2000 is bigger than timepoint: 1120
Timepoint not recorded. dt_out:2000 is bigger than timepoint: 1120
Timepoint not recorded. dt_out:2000 is bigger than timepoint: 1120
Timepoint not recorded. dt_out:2000 is bigger than timepoint: 1120
Timepoint not recorded. dt_out:2000 is bigger than timepoint: 1120
Timepoint not recorded. dt_out:2000 is bigger than timepoint: 1120
Timepoint not recorded. dt_out:2000 is bigger than timepoint: 1120
Timepoint not recorded. dt_out:2000 is bigger than timepoint: 1120
Timepoint not recorded. dt_out:2000 is bigger than timepoint: 1120
Timepoint not recorded. dt_out:2000 is bigger than timepoint: 1120
Timepoint not recorded. dt_out:2000 is bigger than timepoint: 1120
Timepoint not recorded. dt_out:2000 is bigger than timepoint: 1120
Timepoint not recorded. dt_out:2000 is bigger than timepoint: 1120
Timepoint not recorded. dt_out:2000 is bigger than timepoint: 1120
Timepoint not recorded. dt_out:2000 is bigger than timepoint: 1120
Timepoint not recorded. dt_out:2000 is bigger than timepoint: 1120
Timepoint not recorded. dt_out:2000 is bigger than timepoint: 1120
Timepoint not recorded. dt_out:2000 is bigger than timepoint: 1120
Timepoint not recorded. dt_out:2000 is bigger than timepoint: 1120
Timepoint not recorded. dt_out:2000 is bigger than timepoint: 1120
Timepoint not recorded. dt_out:2000 is bigger than timepoint: 1120
Timepoint not recorded. dt_out:2000 is bigger than timepoint: 1120
Timepoint not recorded. dt_out:2000 is bigger than timepoint: 1120
Timepoint not recorded. dt_out:2000 is bigger than timepoint: 1120
Timepoint not recorded. dt_out:2000 is bigger than timepoint: 1120
Timepoint not recorded. dt_out:2000 is bigger than timepoint: 1120
Timepoint not recorded. dt_out:2000 is bigger than timepoint: 1120
Timepoint not recorded. dt_out:2000 is bigger than timepoint: 1120
Timepoint not recorded. dt_out:2000 is bigger than timepoint: 1120
Timepoint not recorded. dt_out:2000 is bigger than timepoint: 1120
Timepoint not recorded. dt_out:2000 is bigger than timepoint: 1120
Timepoint not recorded. dt_out:2000 is bigger than timepoint: 1120
Timepoint not recorded. dt_out:2000 is bigger than timepoint: 1120
Timepoint not recorded. dt_out:2000 is bigger than timepoint: 1120
Timepoint not recorded. dt_out:2000 is bigger than timepoint: 1120
Timepoint not recorded. dt_out:2000 is bigger than timepoint: 1120
Timepoint not recorded. dt_out:2000 is bigger than timepoint: 1120
Timepoint not recorded. dt_out:2000 is bigger than timepoint: 1120
Timepoint not recorded. dt_out:2000 is bigger than timepoint: 1120
Timepoint not recorded. dt_out:2000 is bigger than timepoint: 1120
Timepoint not recorded. dt_out:2000 is bigger than timepoint: 1120
Timepoint not recorded. dt_out:2000 is bigger than timepoint: 1120
Timepoint not recorded. dt_out:2000 is bigger than timepoint: 1120
Timepoint not recorded. dt_out:2000 is bigger than timepoint: 1120
Timepoint not recorded. dt_out:2000 is bigger than timepoint: 1120
Timepoint not recorded. dt_out:2000 is bigger than timepoint: 1120
Timepoint not recorded. dt_out:2000 is bigger than timepoint: 1120
Timepoint not recorded. dt_out:2000 is bigger than timepoint: 1120
Timepoint not recorded. dt_out:2000 is bigger than timepoint: 1120
Timepoint not recorded. dt_out:2000 is bigger than timepoint: 1120
Timepoint not recorded. dt_out:2000 is bigger than timepoint: 1120
Timepoint not recorded. dt_out:2000 is bigger than timepoint: 1120
Timepoint not recorded. dt_out:2000 is bigger than timepoint: 1120
Timepoint not recorded. dt_out:2000 is bigger than timepoint: 1120
Timepoint not recorded. dt_out:2000 is bigger than timepoint: 1120
Timepoint not recorded. dt_out:2000 is bigger than timepoint: 1120
Timepoint not recorded. dt_out:2000 is bigger than timepoint: 1120
Timepoint not recorded. dt_out:2000 is bigger than timepoint: 1120
Timepoint not recorded. dt_out:2000 is bigger than timepoint: 1120
Timepoint not recorded. dt_out:2000 is bigger than timepoint: 1120
Timepoint not recorded. dt_out:2000 is bigger than timepoint: 1120
Timepoint not recorded. dt_out:2000 is bigger than timepoint: 1120
Timepoint not recorded. dt_out:2000 is bigger than timepoint: 1120
Timepoint not recorded. dt_out:2000 is bigger than timepoint: 1120
Timepoint not recorded. dt_out:2000 is bigger than timepoint: 1120
Timepoint not recorded. dt_out:2000 is bigger than timepoint: 1120
Timepoint not recorded. dt_out:2000 is bigger than timepoint: 1120
Timepoint not recorded. dt_out:2000 is bigger than timepoint: 1120
Timepoint not recorded. dt_out:2000 is bigger than timepoint: 1120
Timepoint not recorded. dt_out:2000 is bigger than timepoint: 1120
Timepoint not recorded. dt_out:2000 is bigger than timepoint: 1120
Timepoint not recorded. dt_out:2000 is bigger than timepoint: 1120
Timepoint not recorded. dt_out:2000 is bigger than timepoint: 1120
Timepoint not recorded. dt_out:2000 is bigger than timepoint: 1120
Timepoint not recorded. dt_out:2000 is bigger than timepoint: 1120
Timepoint not recorded. dt_out:2000 is bigger than timepoint: 1120
1160
SAV_MATLAB_2000_dt_5.50e-06_Nx_64_periodic_n_relax_4_phi.csv
Exception type : ValueError 
Exception message : setting an array element with a sequence. The requested array has an inhomogeneous shape after 1 dimensions. The detected shape was (64,) + inhomogeneous part.
Stack trace : ['File : /sfs/gpfs/tardis/home/xpz5km/Cahn_Hilliard_Model_HPC/spinodal_decomp/compare_phi_norms.py , Line : 68, Func.Name : compare_phis_norm_at_timepoint, Message : snapshot = read_specific_lines(f"{root}/{fname}", line_list)', 'File : /sfs/gpfs/tardis/home/xpz5km/Cahn_Hilliard_Model_HPC/spinodal_decomp/compare_phi_norms.py , Line : 23, Func.Name : read_specific_lines, Message : result = np.array(result)']
Timepoint not recorded. dt_out:2000 is bigger than timepoint: 1160
Timepoint not recorded. dt_out:2000 is bigger than timepoint: 1160
Timepoint not recorded. dt_out:2000 is bigger than timepoint: 1160
Timepoint not recorded. dt_out:2000 is bigger than timepoint: 1160
Timepoint not recorded. dt_out:2000 is bigger than timepoint: 1160
Timepoint not recorded. dt_out:2000 is bigger than timepoint: 1160
Timepoint not recorded. dt_out:2000 is bigger than timepoint: 1160
Timepoint not recorded. dt_out:2000 is bigger than timepoint: 1160
Timepoint not recorded. dt_out:2000 is bigger than timepoint: 1160
Timepoint not recorded. dt_out:2000 is bigger than timepoint: 1160
Timepoint not recorded. dt_out:2000 is bigger than timepoint: 1160
Timepoint not recorded. dt_out:2000 is bigger than timepoint: 1160
Timepoint not recorded. dt_out:2000 is bigger than timepoint: 1160
Timepoint not recorded. dt_out:2000 is bigger than timepoint: 1160
Timepoint not recorded. dt_out:2000 is bigger than timepoint: 1160
Timepoint not recorded. dt_out:2000 is bigger than timepoint: 1160
Timepoint not recorded. dt_out:2000 is bigger than timepoint: 1160
Timepoint not recorded. dt_out:2000 is bigger than timepoint: 1160
Timepoint not recorded. dt_out:2000 is bigger than timepoint: 1160
Timepoint not recorded. dt_out:2000 is bigger than timepoint: 1160
Timepoint not recorded. dt_out:2000 is bigger than timepoint: 1160
Timepoint not recorded. dt_out:2000 is bigger than timepoint: 1160
Timepoint not recorded. dt_out:2000 is bigger than timepoint: 1160
Timepoint not recorded. dt_out:2000 is bigger than timepoint: 1160
Timepoint not recorded. dt_out:2000 is bigger than timepoint: 1160
Timepoint not recorded. dt_out:2000 is bigger than timepoint: 1160
Timepoint not recorded. dt_out:2000 is bigger than timepoint: 1160
Timepoint not recorded. dt_out:2000 is bigger than timepoint: 1160
Timepoint not recorded. dt_out:2000 is bigger than timepoint: 1160
Timepoint not recorded. dt_out:2000 is bigger than timepoint: 1160
Timepoint not recorded. dt_out:2000 is bigger than timepoint: 1160
Timepoint not recorded. dt_out:2000 is bigger than timepoint: 1160
Timepoint not recorded. dt_out:2000 is bigger than timepoint: 1160
Timepoint not recorded. dt_out:2000 is bigger than timepoint: 1160
Timepoint not recorded. dt_out:2000 is bigger than timepoint: 1160
Timepoint not recorded. dt_out:2000 is bigger than timepoint: 1160
Timepoint not recorded. dt_out:2000 is bigger than timepoint: 1160
Timepoint not recorded. dt_out:2000 is bigger than timepoint: 1160
Timepoint not recorded. dt_out:2000 is bigger than timepoint: 1160
Timepoint not recorded. dt_out:2000 is bigger than timepoint: 1160
Timepoint not recorded. dt_out:2000 is bigger than timepoint: 1160
Timepoint not recorded. dt_out:2000 is bigger than timepoint: 1160
Timepoint not recorded. dt_out:2000 is bigger than timepoint: 1160
Timepoint not recorded. dt_out:2000 is bigger than timepoint: 1160
Timepoint not recorded. dt_out:2000 is bigger than timepoint: 1160
Timepoint not recorded. dt_out:2000 is bigger than timepoint: 1160
Timepoint not recorded. dt_out:2000 is bigger than timepoint: 1160
Timepoint not recorded. dt_out:2000 is bigger than timepoint: 1160
Timepoint not recorded. dt_out:2000 is bigger than timepoint: 1160
Timepoint not recorded. dt_out:2000 is bigger than timepoint: 1160
Timepoint not recorded. dt_out:2000 is bigger than timepoint: 1160
Timepoint not recorded. dt_out:2000 is bigger than timepoint: 1160
Timepoint not recorded. dt_out:2000 is bigger than timepoint: 1160
Timepoint not recorded. dt_out:2000 is bigger than timepoint: 1160
Timepoint not recorded. dt_out:2000 is bigger than timepoint: 1160
Timepoint not recorded. dt_out:2000 is bigger than timepoint: 1160
Timepoint not recorded. dt_out:2000 is bigger than timepoint: 1160
Timepoint not recorded. dt_out:2000 is bigger than timepoint: 1160
Timepoint not recorded. dt_out:2000 is bigger than timepoint: 1160
Timepoint not recorded. dt_out:2000 is bigger than timepoint: 1160
Timepoint not recorded. dt_out:2000 is bigger than timepoint: 1160
Timepoint not recorded. dt_out:2000 is bigger than timepoint: 1160
Timepoint not recorded. dt_out:2000 is bigger than timepoint: 1160
Timepoint not recorded. dt_out:2000 is bigger than timepoint: 1160
Timepoint not recorded. dt_out:2000 is bigger than timepoint: 1160
Timepoint not recorded. dt_out:2000 is bigger than timepoint: 1160
Timepoint not recorded. dt_out:2000 is bigger than timepoint: 1160
Timepoint not recorded. dt_out:2000 is bigger than timepoint: 1160
Timepoint not recorded. dt_out:2000 is bigger than timepoint: 1160
Timepoint not recorded. dt_out:2000 is bigger than timepoint: 1160
Timepoint not recorded. dt_out:2000 is bigger than timepoint: 1160
Timepoint not recorded. dt_out:2000 is bigger than timepoint: 1160
Timepoint not recorded. dt_out:2000 is bigger than timepoint: 1160
Timepoint not recorded. dt_out:2000 is bigger than timepoint: 1160
Timepoint not recorded. dt_out:2000 is bigger than timepoint: 1160
Timepoint not recorded. dt_out:2000 is bigger than timepoint: 1160
Timepoint not recorded. dt_out:2000 is bigger than timepoint: 1160
Timepoint not recorded. dt_out:2000 is bigger than timepoint: 1160
Timepoint not recorded. dt_out:2000 is bigger than timepoint: 1160
Timepoint not recorded. dt_out:2000 is bigger than timepoint: 1160
1200
SAV_MATLAB_2000_dt_5.50e-06_Nx_512_periodic_n_relax_4_75p_phi.csv
Exception type : ValueError 
Exception message : could not convert string to float: '0.9306221630559340.967136916147091'
Stack trace : ['File : /sfs/gpfs/tardis/home/xpz5km/Cahn_Hilliard_Model_HPC/spinodal_decomp/compare_phi_norms.py , Line : 68, Func.Name : compare_phis_norm_at_timepoint, Message : snapshot = read_specific_lines(f"{root}/{fname}", line_list)', 'File : /sfs/gpfs/tardis/home/xpz5km/Cahn_Hilliard_Model_HPC/spinodal_decomp/compare_phi_norms.py , Line : 19, Func.Name : read_specific_lines, Message : digits.append(float(i))']
Timepoint not recorded. dt_out:2000 is bigger than timepoint: 1200
Timepoint not recorded. dt_out:2000 is bigger than timepoint: 1200
Timepoint not recorded. dt_out:2000 is bigger than timepoint: 1200
Timepoint not recorded. dt_out:2000 is bigger than timepoint: 1200
Timepoint not recorded. dt_out:2000 is bigger than timepoint: 1200
Timepoint not recorded. dt_out:2000 is bigger than timepoint: 1200
Timepoint not recorded. dt_out:2000 is bigger than timepoint: 1200
Timepoint not recorded. dt_out:2000 is bigger than timepoint: 1200
Timepoint not recorded. dt_out:2000 is bigger than timepoint: 1200
Timepoint not recorded. dt_out:2000 is bigger than timepoint: 1200
Timepoint not recorded. dt_out:2000 is bigger than timepoint: 1200
Timepoint not recorded. dt_out:2000 is bigger than timepoint: 1200
Timepoint not recorded. dt_out:2000 is bigger than timepoint: 1200
Timepoint not recorded. dt_out:2000 is bigger than timepoint: 1200
Timepoint not recorded. dt_out:2000 is bigger than timepoint: 1200
Timepoint not recorded. dt_out:2000 is bigger than timepoint: 1200
Timepoint not recorded. dt_out:2000 is bigger than timepoint: 1200
Timepoint not recorded. dt_out:2000 is bigger than timepoint: 1200
Timepoint not recorded. dt_out:2000 is bigger than timepoint: 1200
Timepoint not recorded. dt_out:2000 is bigger than timepoint: 1200
Timepoint not recorded. dt_out:2000 is bigger than timepoint: 1200
Timepoint not recorded. dt_out:2000 is bigger than timepoint: 1200
Timepoint not recorded. dt_out:2000 is bigger than timepoint: 1200
Timepoint not recorded. dt_out:2000 is bigger than timepoint: 1200
Timepoint not recorded. dt_out:2000 is bigger than timepoint: 1200
Timepoint not recorded. dt_out:2000 is bigger than timepoint: 1200
Timepoint not recorded. dt_out:2000 is bigger than timepoint: 1200
Timepoint not recorded. dt_out:2000 is bigger than timepoint: 1200
Timepoint not recorded. dt_out:2000 is bigger than timepoint: 1200
Timepoint not recorded. dt_out:2000 is bigger than timepoint: 1200
Timepoint not recorded. dt_out:2000 is bigger than timepoint: 1200
Timepoint not recorded. dt_out:2000 is bigger than timepoint: 1200
Timepoint not recorded. dt_out:2000 is bigger than timepoint: 1200
Timepoint not recorded. dt_out:2000 is bigger than timepoint: 1200
Timepoint not recorded. dt_out:2000 is bigger than timepoint: 1200
Timepoint not recorded. dt_out:2000 is bigger than timepoint: 1200
Timepoint not recorded. dt_out:2000 is bigger than timepoint: 1200
Timepoint not recorded. dt_out:2000 is bigger than timepoint: 1200
Timepoint not recorded. dt_out:2000 is bigger than timepoint: 1200
Timepoint not recorded. dt_out:2000 is bigger than timepoint: 1200
Timepoint not recorded. dt_out:2000 is bigger than timepoint: 1200
Timepoint not recorded. dt_out:2000 is bigger than timepoint: 1200
Timepoint not recorded. dt_out:2000 is bigger than timepoint: 1200
Timepoint not recorded. dt_out:2000 is bigger than timepoint: 1200
Timepoint not recorded. dt_out:2000 is bigger than timepoint: 1200
Timepoint not recorded. dt_out:2000 is bigger than timepoint: 1200
Timepoint not recorded. dt_out:2000 is bigger than timepoint: 1200
Timepoint not recorded. dt_out:2000 is bigger than timepoint: 1200
Timepoint not recorded. dt_out:2000 is bigger than timepoint: 1200
Timepoint not recorded. dt_out:2000 is bigger than timepoint: 1200
Timepoint not recorded. dt_out:2000 is bigger than timepoint: 1200
Timepoint not recorded. dt_out:2000 is bigger than timepoint: 1200
Timepoint not recorded. dt_out:2000 is bigger than timepoint: 1200
Timepoint not recorded. dt_out:2000 is bigger than timepoint: 1200
Timepoint not recorded. dt_out:2000 is bigger than timepoint: 1200
Timepoint not recorded. dt_out:2000 is bigger than timepoint: 1200
Timepoint not recorded. dt_out:2000 is bigger than timepoint: 1200
Timepoint not recorded. dt_out:2000 is bigger than timepoint: 1200
Timepoint not recorded. dt_out:2000 is bigger than timepoint: 1200
Timepoint not recorded. dt_out:2000 is bigger than timepoint: 1200
Timepoint not recorded. dt_out:2000 is bigger than timepoint: 1200
Timepoint not recorded. dt_out:2000 is bigger than timepoint: 1200
Timepoint not recorded. dt_out:2000 is bigger than timepoint: 1200
Timepoint not recorded. dt_out:2000 is bigger than timepoint: 1200
Timepoint not recorded. dt_out:2000 is bigger than timepoint: 1200
Timepoint not recorded. dt_out:2000 is bigger than timepoint: 1200
Timepoint not recorded. dt_out:2000 is bigger than timepoint: 1200
Timepoint not recorded. dt_out:2000 is bigger than timepoint: 1200
Timepoint not recorded. dt_out:2000 is bigger than timepoint: 1200
Timepoint not recorded. dt_out:2000 is bigger than timepoint: 1200
Timepoint not recorded. dt_out:2000 is bigger than timepoint: 1200
Timepoint not recorded. dt_out:2000 is bigger than timepoint: 1200
Timepoint not recorded. dt_out:2000 is bigger than timepoint: 1200
Timepoint not recorded. dt_out:2000 is bigger than timepoint: 1200
Timepoint not recorded. dt_out:2000 is bigger than timepoint: 1200
Timepoint not recorded. dt_out:2000 is bigger than timepoint: 1200
Timepoint not recorded. dt_out:2000 is bigger than timepoint: 1200
Timepoint not recorded. dt_out:2000 is bigger than timepoint: 1200
Timepoint not recorded. dt_out:2000 is bigger than timepoint: 1200
Timepoint not recorded. dt_out:2000 is bigger than timepoint: 1200
1240
SAV_MATLAB_2000_dt_5.50e-06_Nx_512_neumann_n_relax_4_phi.csv
Exception type : ValueError 
Exception message : could not convert string to float: '0.-0.944670271765328'
Stack trace : ['File : /sfs/gpfs/tardis/home/xpz5km/Cahn_Hilliard_Model_HPC/spinodal_decomp/compare_phi_norms.py , Line : 68, Func.Name : compare_phis_norm_at_timepoint, Message : snapshot = read_specific_lines(f"{root}/{fname}", line_list)', 'File : /sfs/gpfs/tardis/home/xpz5km/Cahn_Hilliard_Model_HPC/spinodal_decomp/compare_phi_norms.py , Line : 19, Func.Name : read_specific_lines, Message : digits.append(float(i))']
Timepoint not recorded. dt_out:2000 is bigger than timepoint: 1240
Timepoint not recorded. dt_out:2000 is bigger than timepoint: 1240
Timepoint not recorded. dt_out:2000 is bigger than timepoint: 1240
Timepoint not recorded. dt_out:2000 is bigger than timepoint: 1240
Timepoint not recorded. dt_out:2000 is bigger than timepoint: 1240
Timepoint not recorded. dt_out:2000 is bigger than timepoint: 1240
Timepoint not recorded. dt_out:2000 is bigger than timepoint: 1240
Timepoint not recorded. dt_out:2000 is bigger than timepoint: 1240
Timepoint not recorded. dt_out:2000 is bigger than timepoint: 1240
Timepoint not recorded. dt_out:2000 is bigger than timepoint: 1240
Timepoint not recorded. dt_out:2000 is bigger than timepoint: 1240
Timepoint not recorded. dt_out:2000 is bigger than timepoint: 1240
Timepoint not recorded. dt_out:2000 is bigger than timepoint: 1240
Timepoint not recorded. dt_out:2000 is bigger than timepoint: 1240
Timepoint not recorded. dt_out:2000 is bigger than timepoint: 1240
Timepoint not recorded. dt_out:2000 is bigger than timepoint: 1240
Timepoint not recorded. dt_out:2000 is bigger than timepoint: 1240
Timepoint not recorded. dt_out:2000 is bigger than timepoint: 1240
Timepoint not recorded. dt_out:2000 is bigger than timepoint: 1240
Timepoint not recorded. dt_out:2000 is bigger than timepoint: 1240
Timepoint not recorded. dt_out:2000 is bigger than timepoint: 1240
Timepoint not recorded. dt_out:2000 is bigger than timepoint: 1240
Timepoint not recorded. dt_out:2000 is bigger than timepoint: 1240
Timepoint not recorded. dt_out:2000 is bigger than timepoint: 1240
Timepoint not recorded. dt_out:2000 is bigger than timepoint: 1240
Timepoint not recorded. dt_out:2000 is bigger than timepoint: 1240
Timepoint not recorded. dt_out:2000 is bigger than timepoint: 1240
Timepoint not recorded. dt_out:2000 is bigger than timepoint: 1240
Timepoint not recorded. dt_out:2000 is bigger than timepoint: 1240
Timepoint not recorded. dt_out:2000 is bigger than timepoint: 1240
Timepoint not recorded. dt_out:2000 is bigger than timepoint: 1240
Timepoint not recorded. dt_out:2000 is bigger than timepoint: 1240
Timepoint not recorded. dt_out:2000 is bigger than timepoint: 1240
Timepoint not recorded. dt_out:2000 is bigger than timepoint: 1240
Timepoint not recorded. dt_out:2000 is bigger than timepoint: 1240
Timepoint not recorded. dt_out:2000 is bigger than timepoint: 1240
Timepoint not recorded. dt_out:2000 is bigger than timepoint: 1240
Timepoint not recorded. dt_out:2000 is bigger than timepoint: 1240
Timepoint not recorded. dt_out:2000 is bigger than timepoint: 1240
Timepoint not recorded. dt_out:2000 is bigger than timepoint: 1240
Timepoint not recorded. dt_out:2000 is bigger than timepoint: 1240
Timepoint not recorded. dt_out:2000 is bigger than timepoint: 1240
Timepoint not recorded. dt_out:2000 is bigger than timepoint: 1240
Timepoint not recorded. dt_out:2000 is bigger than timepoint: 1240
Timepoint not recorded. dt_out:2000 is bigger than timepoint: 1240
Timepoint not recorded. dt_out:2000 is bigger than timepoint: 1240
Timepoint not recorded. dt_out:2000 is bigger than timepoint: 1240
Timepoint not recorded. dt_out:2000 is bigger than timepoint: 1240
Timepoint not recorded. dt_out:2000 is bigger than timepoint: 1240
Timepoint not recorded. dt_out:2000 is bigger than timepoint: 1240
Timepoint not recorded. dt_out:2000 is bigger than timepoint: 1240
Timepoint not recorded. dt_out:2000 is bigger than timepoint: 1240
Timepoint not recorded. dt_out:2000 is bigger than timepoint: 1240
Timepoint not recorded. dt_out:2000 is bigger than timepoint: 1240
Timepoint not recorded. dt_out:2000 is bigger than timepoint: 1240
Timepoint not recorded. dt_out:2000 is bigger than timepoint: 1240
Timepoint not recorded. dt_out:2000 is bigger than timepoint: 1240
Timepoint not recorded. dt_out:2000 is bigger than timepoint: 1240
Timepoint not recorded. dt_out:2000 is bigger than timepoint: 1240
Timepoint not recorded. dt_out:2000 is bigger than timepoint: 1240
Timepoint not recorded. dt_out:2000 is bigger than timepoint: 1240
Timepoint not recorded. dt_out:2000 is bigger than timepoint: 1240
Timepoint not recorded. dt_out:2000 is bigger than timepoint: 1240
Timepoint not recorded. dt_out:2000 is bigger than timepoint: 1240
Timepoint not recorded. dt_out:2000 is bigger than timepoint: 1240
Timepoint not recorded. dt_out:2000 is bigger than timepoint: 1240
Timepoint not recorded. dt_out:2000 is bigger than timepoint: 1240
Timepoint not recorded. dt_out:2000 is bigger than timepoint: 1240
Timepoint not recorded. dt_out:2000 is bigger than timepoint: 1240
Timepoint not recorded. dt_out:2000 is bigger than timepoint: 1240
Timepoint not recorded. dt_out:2000 is bigger than timepoint: 1240
Timepoint not recorded. dt_out:2000 is bigger than timepoint: 1240
Timepoint not recorded. dt_out:2000 is bigger than timepoint: 1240
Timepoint not recorded. dt_out:2000 is bigger than timepoint: 1240
Timepoint not recorded. dt_out:2000 is bigger than timepoint: 1240
Timepoint not recorded. dt_out:2000 is bigger than timepoint: 1240
Timepoint not recorded. dt_out:2000 is bigger than timepoint: 1240
Timepoint not recorded. dt_out:2000 is bigger than timepoint: 1240
Timepoint not recorded. dt_out:2000 is bigger than timepoint: 1240
Timepoint not recorded. dt_out:2000 is bigger than timepoint: 1240
1280
SAV_MATLAB_2000_dt_5.50e-06_Nx_512_periodic_n_relax_4_phi.csv
Exception type : ValueError 
Exception message : could not convert string to float: '0.48388715968610.568007036179285'
Stack trace : ['File : /sfs/gpfs/tardis/home/xpz5km/Cahn_Hilliard_Model_HPC/spinodal_decomp/compare_phi_norms.py , Line : 68, Func.Name : compare_phis_norm_at_timepoint, Message : snapshot = read_specific_lines(f"{root}/{fname}", line_list)', 'File : /sfs/gpfs/tardis/home/xpz5km/Cahn_Hilliard_Model_HPC/spinodal_decomp/compare_phi_norms.py , Line : 19, Func.Name : read_specific_lines, Message : digits.append(float(i))']
Timepoint not recorded. dt_out:2000 is bigger than timepoint: 1280
Timepoint not recorded. dt_out:2000 is bigger than timepoint: 1280
Timepoint not recorded. dt_out:2000 is bigger than timepoint: 1280
Timepoint not recorded. dt_out:2000 is bigger than timepoint: 1280
Timepoint not recorded. dt_out:2000 is bigger than timepoint: 1280
Timepoint not recorded. dt_out:2000 is bigger than timepoint: 1280
Timepoint not recorded. dt_out:2000 is bigger than timepoint: 1280
Timepoint not recorded. dt_out:2000 is bigger than timepoint: 1280
Timepoint not recorded. dt_out:2000 is bigger than timepoint: 1280
Timepoint not recorded. dt_out:2000 is bigger than timepoint: 1280
Timepoint not recorded. dt_out:2000 is bigger than timepoint: 1280
Timepoint not recorded. dt_out:2000 is bigger than timepoint: 1280
Timepoint not recorded. dt_out:2000 is bigger than timepoint: 1280
Timepoint not recorded. dt_out:2000 is bigger than timepoint: 1280
Timepoint not recorded. dt_out:2000 is bigger than timepoint: 1280
Timepoint not recorded. dt_out:2000 is bigger than timepoint: 1280
Timepoint not recorded. dt_out:2000 is bigger than timepoint: 1280
Timepoint not recorded. dt_out:2000 is bigger than timepoint: 1280
Timepoint not recorded. dt_out:2000 is bigger than timepoint: 1280
Timepoint not recorded. dt_out:2000 is bigger than timepoint: 1280
Timepoint not recorded. dt_out:2000 is bigger than timepoint: 1280
Timepoint not recorded. dt_out:2000 is bigger than timepoint: 1280
Timepoint not recorded. dt_out:2000 is bigger than timepoint: 1280
Timepoint not recorded. dt_out:2000 is bigger than timepoint: 1280
Timepoint not recorded. dt_out:2000 is bigger than timepoint: 1280
Timepoint not recorded. dt_out:2000 is bigger than timepoint: 1280
Timepoint not recorded. dt_out:2000 is bigger than timepoint: 1280
Timepoint not recorded. dt_out:2000 is bigger than timepoint: 1280
Timepoint not recorded. dt_out:2000 is bigger than timepoint: 1280
Timepoint not recorded. dt_out:2000 is bigger than timepoint: 1280
Timepoint not recorded. dt_out:2000 is bigger than timepoint: 1280
Timepoint not recorded. dt_out:2000 is bigger than timepoint: 1280
Timepoint not recorded. dt_out:2000 is bigger than timepoint: 1280
Timepoint not recorded. dt_out:2000 is bigger than timepoint: 1280
Timepoint not recorded. dt_out:2000 is bigger than timepoint: 1280
Timepoint not recorded. dt_out:2000 is bigger than timepoint: 1280
Timepoint not recorded. dt_out:2000 is bigger than timepoint: 1280
Timepoint not recorded. dt_out:2000 is bigger than timepoint: 1280
Timepoint not recorded. dt_out:2000 is bigger than timepoint: 1280
Timepoint not recorded. dt_out:2000 is bigger than timepoint: 1280
Timepoint not recorded. dt_out:2000 is bigger than timepoint: 1280
Timepoint not recorded. dt_out:2000 is bigger than timepoint: 1280
Timepoint not recorded. dt_out:2000 is bigger than timepoint: 1280
Timepoint not recorded. dt_out:2000 is bigger than timepoint: 1280
Timepoint not recorded. dt_out:2000 is bigger than timepoint: 1280
Timepoint not recorded. dt_out:2000 is bigger than timepoint: 1280
Timepoint not recorded. dt_out:2000 is bigger than timepoint: 1280
Timepoint not recorded. dt_out:2000 is bigger than timepoint: 1280
Timepoint not recorded. dt_out:2000 is bigger than timepoint: 1280
Timepoint not recorded. dt_out:2000 is bigger than timepoint: 1280
Timepoint not recorded. dt_out:2000 is bigger than timepoint: 1280
Timepoint not recorded. dt_out:2000 is bigger than timepoint: 1280
Timepoint not recorded. dt_out:2000 is bigger than timepoint: 1280
Timepoint not recorded. dt_out:2000 is bigger than timepoint: 1280
Timepoint not recorded. dt_out:2000 is bigger than timepoint: 1280
Timepoint not recorded. dt_out:2000 is bigger than timepoint: 1280
Timepoint not recorded. dt_out:2000 is bigger than timepoint: 1280
Timepoint not recorded. dt_out:2000 is bigger than timepoint: 1280
Timepoint not recorded. dt_out:2000 is bigger than timepoint: 1280
Timepoint not recorded. dt_out:2000 is bigger than timepoint: 1280
Timepoint not recorded. dt_out:2000 is bigger than timepoint: 1280
Timepoint not recorded. dt_out:2000 is bigger than timepoint: 1280
Timepoint not recorded. dt_out:2000 is bigger than timepoint: 1280
Timepoint not recorded. dt_out:2000 is bigger than timepoint: 1280
Timepoint not recorded. dt_out:2000 is bigger than timepoint: 1280
Timepoint not recorded. dt_out:2000 is bigger than timepoint: 1280
Timepoint not recorded. dt_out:2000 is bigger than timepoint: 1280
Timepoint not recorded. dt_out:2000 is bigger than timepoint: 1280
Timepoint not recorded. dt_out:2000 is bigger than timepoint: 1280
Timepoint not recorded. dt_out:2000 is bigger than timepoint: 1280
Timepoint not recorded. dt_out:2000 is bigger than timepoint: 1280
Timepoint not recorded. dt_out:2000 is bigger than timepoint: 1280
Timepoint not recorded. dt_out:2000 is bigger than timepoint: 1280
Timepoint not recorded. dt_out:2000 is bigger than timepoint: 1280
Timepoint not recorded. dt_out:2000 is bigger than timepoint: 1280
Timepoint not recorded. dt_out:2000 is bigger than timepoint: 1280
Timepoint not recorded. dt_out:2000 is bigger than timepoint: 1280
Timepoint not recorded. dt_out:2000 is bigger than timepoint: 1280
Timepoint not recorded. dt_out:2000 is bigger than timepoint: 1280
Timepoint not recorded. dt_out:2000 is bigger than timepoint: 1280
1320
Timepoint not recorded. dt_out:2000 is bigger than timepoint: 1320
Timepoint not recorded. dt_out:2000 is bigger than timepoint: 1320
Timepoint not recorded. dt_out:2000 is bigger than timepoint: 1320
Timepoint not recorded. dt_out:2000 is bigger than timepoint: 1320
Timepoint not recorded. dt_out:2000 is bigger than timepoint: 1320
Timepoint not recorded. dt_out:2000 is bigger than timepoint: 1320
Timepoint not recorded. dt_out:2000 is bigger than timepoint: 1320
Timepoint not recorded. dt_out:2000 is bigger than timepoint: 1320
Timepoint not recorded. dt_out:2000 is bigger than timepoint: 1320
Timepoint not recorded. dt_out:2000 is bigger than timepoint: 1320
Timepoint not recorded. dt_out:2000 is bigger than timepoint: 1320
Timepoint not recorded. dt_out:2000 is bigger than timepoint: 1320
Timepoint not recorded. dt_out:2000 is bigger than timepoint: 1320
Timepoint not recorded. dt_out:2000 is bigger than timepoint: 1320
Timepoint not recorded. dt_out:2000 is bigger than timepoint: 1320
Timepoint not recorded. dt_out:2000 is bigger than timepoint: 1320
Timepoint not recorded. dt_out:2000 is bigger than timepoint: 1320
Timepoint not recorded. dt_out:2000 is bigger than timepoint: 1320
Timepoint not recorded. dt_out:2000 is bigger than timepoint: 1320
Timepoint not recorded. dt_out:2000 is bigger than timepoint: 1320
Timepoint not recorded. dt_out:2000 is bigger than timepoint: 1320
Timepoint not recorded. dt_out:2000 is bigger than timepoint: 1320
Timepoint not recorded. dt_out:2000 is bigger than timepoint: 1320
Timepoint not recorded. dt_out:2000 is bigger than timepoint: 1320
Timepoint not recorded. dt_out:2000 is bigger than timepoint: 1320
Timepoint not recorded. dt_out:2000 is bigger than timepoint: 1320
Timepoint not recorded. dt_out:2000 is bigger than timepoint: 1320
Timepoint not recorded. dt_out:2000 is bigger than timepoint: 1320
Timepoint not recorded. dt_out:2000 is bigger than timepoint: 1320
Timepoint not recorded. dt_out:2000 is bigger than timepoint: 1320
Timepoint not recorded. dt_out:2000 is bigger than timepoint: 1320
Timepoint not recorded. dt_out:2000 is bigger than timepoint: 1320
Timepoint not recorded. dt_out:2000 is bigger than timepoint: 1320
Timepoint not recorded. dt_out:2000 is bigger than timepoint: 1320
Timepoint not recorded. dt_out:2000 is bigger than timepoint: 1320
Timepoint not recorded. dt_out:2000 is bigger than timepoint: 1320
Timepoint not recorded. dt_out:2000 is bigger than timepoint: 1320
Timepoint not recorded. dt_out:2000 is bigger than timepoint: 1320
Timepoint not recorded. dt_out:2000 is bigger than timepoint: 1320
Timepoint not recorded. dt_out:2000 is bigger than timepoint: 1320
Timepoint not recorded. dt_out:2000 is bigger than timepoint: 1320
Timepoint not recorded. dt_out:2000 is bigger than timepoint: 1320
Timepoint not recorded. dt_out:2000 is bigger than timepoint: 1320
Timepoint not recorded. dt_out:2000 is bigger than timepoint: 1320
Timepoint not recorded. dt_out:2000 is bigger than timepoint: 1320
Timepoint not recorded. dt_out:2000 is bigger than timepoint: 1320
Timepoint not recorded. dt_out:2000 is bigger than timepoint: 1320
Timepoint not recorded. dt_out:2000 is bigger than timepoint: 1320
Timepoint not recorded. dt_out:2000 is bigger than timepoint: 1320
Timepoint not recorded. dt_out:2000 is bigger than timepoint: 1320
Timepoint not recorded. dt_out:2000 is bigger than timepoint: 1320
Timepoint not recorded. dt_out:2000 is bigger than timepoint: 1320
Timepoint not recorded. dt_out:2000 is bigger than timepoint: 1320
Timepoint not recorded. dt_out:2000 is bigger than timepoint: 1320
Timepoint not recorded. dt_out:2000 is bigger than timepoint: 1320
Timepoint not recorded. dt_out:2000 is bigger than timepoint: 1320
Timepoint not recorded. dt_out:2000 is bigger than timepoint: 1320
Timepoint not recorded. dt_out:2000 is bigger than timepoint: 1320
Timepoint not recorded. dt_out:2000 is bigger than timepoint: 1320
Timepoint not recorded. dt_out:2000 is bigger than timepoint: 1320
Timepoint not recorded. dt_out:2000 is bigger than timepoint: 1320
Timepoint not recorded. dt_out:2000 is bigger than timepoint: 1320
Timepoint not recorded. dt_out:2000 is bigger than timepoint: 1320
Timepoint not recorded. dt_out:2000 is bigger than timepoint: 1320
Timepoint not recorded. dt_out:2000 is bigger than timepoint: 1320
Timepoint not recorded. dt_out:2000 is bigger than timepoint: 1320
Timepoint not recorded. dt_out:2000 is bigger than timepoint: 1320
Timepoint not recorded. dt_out:2000 is bigger than timepoint: 1320
Timepoint not recorded. dt_out:2000 is bigger than timepoint: 1320
Timepoint not recorded. dt_out:2000 is bigger than timepoint: 1320
Timepoint not recorded. dt_out:2000 is bigger than timepoint: 1320
Timepoint not recorded. dt_out:2000 is bigger than timepoint: 1320
Timepoint not recorded. dt_out:2000 is bigger than timepoint: 1320
Timepoint not recorded. dt_out:2000 is bigger than timepoint: 1320
Timepoint not recorded. dt_out:2000 is bigger than timepoint: 1320
Timepoint not recorded. dt_out:2000 is bigger than timepoint: 1320
Timepoint not recorded. dt_out:2000 is bigger than timepoint: 1320
Timepoint not recorded. dt_out:2000 is bigger than timepoint: 1320
Timepoint not recorded. dt_out:2000 is bigger than timepoint: 1320
Timepoint not recorded. dt_out:2000 is bigger than timepoint: 1320
1360
Timepoint not recorded. dt_out:2000 is bigger than timepoint: 1360
Timepoint not recorded. dt_out:2000 is bigger than timepoint: 1360
Timepoint not recorded. dt_out:2000 is bigger than timepoint: 1360
Timepoint not recorded. dt_out:2000 is bigger than timepoint: 1360
Timepoint not recorded. dt_out:2000 is bigger than timepoint: 1360
Timepoint not recorded. dt_out:2000 is bigger than timepoint: 1360
Timepoint not recorded. dt_out:2000 is bigger than timepoint: 1360
Timepoint not recorded. dt_out:2000 is bigger than timepoint: 1360
Timepoint not recorded. dt_out:2000 is bigger than timepoint: 1360
Timepoint not recorded. dt_out:2000 is bigger than timepoint: 1360
Timepoint not recorded. dt_out:2000 is bigger than timepoint: 1360
Timepoint not recorded. dt_out:2000 is bigger than timepoint: 1360
Timepoint not recorded. dt_out:2000 is bigger than timepoint: 1360
Timepoint not recorded. dt_out:2000 is bigger than timepoint: 1360
Timepoint not recorded. dt_out:2000 is bigger than timepoint: 1360
Timepoint not recorded. dt_out:2000 is bigger than timepoint: 1360
Timepoint not recorded. dt_out:2000 is bigger than timepoint: 1360
Timepoint not recorded. dt_out:2000 is bigger than timepoint: 1360
Timepoint not recorded. dt_out:2000 is bigger than timepoint: 1360
Timepoint not recorded. dt_out:2000 is bigger than timepoint: 1360
Timepoint not recorded. dt_out:2000 is bigger than timepoint: 1360
Timepoint not recorded. dt_out:2000 is bigger than timepoint: 1360
Timepoint not recorded. dt_out:2000 is bigger than timepoint: 1360
Timepoint not recorded. dt_out:2000 is bigger than timepoint: 1360
Timepoint not recorded. dt_out:2000 is bigger than timepoint: 1360
Timepoint not recorded. dt_out:2000 is bigger than timepoint: 1360
Timepoint not recorded. dt_out:2000 is bigger than timepoint: 1360
Timepoint not recorded. dt_out:2000 is bigger than timepoint: 1360
Timepoint not recorded. dt_out:2000 is bigger than timepoint: 1360
Timepoint not recorded. dt_out:2000 is bigger than timepoint: 1360
Timepoint not recorded. dt_out:2000 is bigger than timepoint: 1360
Timepoint not recorded. dt_out:2000 is bigger than timepoint: 1360
Timepoint not recorded. dt_out:2000 is bigger than timepoint: 1360
Timepoint not recorded. dt_out:2000 is bigger than timepoint: 1360
Timepoint not recorded. dt_out:2000 is bigger than timepoint: 1360
Timepoint not recorded. dt_out:2000 is bigger than timepoint: 1360
Timepoint not recorded. dt_out:2000 is bigger than timepoint: 1360
Timepoint not recorded. dt_out:2000 is bigger than timepoint: 1360
Timepoint not recorded. dt_out:2000 is bigger than timepoint: 1360
Timepoint not recorded. dt_out:2000 is bigger than timepoint: 1360
Timepoint not recorded. dt_out:2000 is bigger than timepoint: 1360
Timepoint not recorded. dt_out:2000 is bigger than timepoint: 1360
Timepoint not recorded. dt_out:2000 is bigger than timepoint: 1360
Timepoint not recorded. dt_out:2000 is bigger than timepoint: 1360
Timepoint not recorded. dt_out:2000 is bigger than timepoint: 1360
Timepoint not recorded. dt_out:2000 is bigger than timepoint: 1360
Timepoint not recorded. dt_out:2000 is bigger than timepoint: 1360
Timepoint not recorded. dt_out:2000 is bigger than timepoint: 1360
Timepoint not recorded. dt_out:2000 is bigger than timepoint: 1360
Timepoint not recorded. dt_out:2000 is bigger than timepoint: 1360
Timepoint not recorded. dt_out:2000 is bigger than timepoint: 1360
Timepoint not recorded. dt_out:2000 is bigger than timepoint: 1360
Timepoint not recorded. dt_out:2000 is bigger than timepoint: 1360
Timepoint not recorded. dt_out:2000 is bigger than timepoint: 1360
Timepoint not recorded. dt_out:2000 is bigger than timepoint: 1360
Timepoint not recorded. dt_out:2000 is bigger than timepoint: 1360
Timepoint not recorded. dt_out:2000 is bigger than timepoint: 1360
Timepoint not recorded. dt_out:2000 is bigger than timepoint: 1360
Timepoint not recorded. dt_out:2000 is bigger than timepoint: 1360
Timepoint not recorded. dt_out:2000 is bigger than timepoint: 1360
Timepoint not recorded. dt_out:2000 is bigger than timepoint: 1360
Timepoint not recorded. dt_out:2000 is bigger than timepoint: 1360
Timepoint not recorded. dt_out:2000 is bigger than timepoint: 1360
Timepoint not recorded. dt_out:2000 is bigger than timepoint: 1360
Timepoint not recorded. dt_out:2000 is bigger than timepoint: 1360
Timepoint not recorded. dt_out:2000 is bigger than timepoint: 1360
Timepoint not recorded. dt_out:2000 is bigger than timepoint: 1360
Timepoint not recorded. dt_out:2000 is bigger than timepoint: 1360
Timepoint not recorded. dt_out:2000 is bigger than timepoint: 1360
Timepoint not recorded. dt_out:2000 is bigger than timepoint: 1360
Timepoint not recorded. dt_out:2000 is bigger than timepoint: 1360
Timepoint not recorded. dt_out:2000 is bigger than timepoint: 1360
Timepoint not recorded. dt_out:2000 is bigger than timepoint: 1360
Timepoint not recorded. dt_out:2000 is bigger than timepoint: 1360
Timepoint not recorded. dt_out:2000 is bigger than timepoint: 1360
Timepoint not recorded. dt_out:2000 is bigger than timepoint: 1360
Timepoint not recorded. dt_out:2000 is bigger than timepoint: 1360
Timepoint not recorded. dt_out:2000 is bigger than timepoint: 1360
Timepoint not recorded. dt_out:2000 is bigger than timepoint: 1360
Timepoint not recorded. dt_out:2000 is bigger than timepoint: 1360
1400
Timepoint not recorded. dt_out:2000 is bigger than timepoint: 1400
Timepoint not recorded. dt_out:2000 is bigger than timepoint: 1400
Timepoint not recorded. dt_out:2000 is bigger than timepoint: 1400
Timepoint not recorded. dt_out:2000 is bigger than timepoint: 1400
Timepoint not recorded. dt_out:2000 is bigger than timepoint: 1400
Timepoint not recorded. dt_out:2000 is bigger than timepoint: 1400
Timepoint not recorded. dt_out:2000 is bigger than timepoint: 1400
Timepoint not recorded. dt_out:2000 is bigger than timepoint: 1400
Timepoint not recorded. dt_out:2000 is bigger than timepoint: 1400
Timepoint not recorded. dt_out:2000 is bigger than timepoint: 1400
Timepoint not recorded. dt_out:2000 is bigger than timepoint: 1400
Timepoint not recorded. dt_out:2000 is bigger than timepoint: 1400
Timepoint not recorded. dt_out:2000 is bigger than timepoint: 1400
Timepoint not recorded. dt_out:2000 is bigger than timepoint: 1400
Timepoint not recorded. dt_out:2000 is bigger than timepoint: 1400
Timepoint not recorded. dt_out:2000 is bigger than timepoint: 1400
Timepoint not recorded. dt_out:2000 is bigger than timepoint: 1400
Timepoint not recorded. dt_out:2000 is bigger than timepoint: 1400
Timepoint not recorded. dt_out:2000 is bigger than timepoint: 1400
Timepoint not recorded. dt_out:2000 is bigger than timepoint: 1400
Timepoint not recorded. dt_out:2000 is bigger than timepoint: 1400
Timepoint not recorded. dt_out:2000 is bigger than timepoint: 1400
Timepoint not recorded. dt_out:2000 is bigger than timepoint: 1400
Timepoint not recorded. dt_out:2000 is bigger than timepoint: 1400
Timepoint not recorded. dt_out:2000 is bigger than timepoint: 1400
Timepoint not recorded. dt_out:2000 is bigger than timepoint: 1400
Timepoint not recorded. dt_out:2000 is bigger than timepoint: 1400
Timepoint not recorded. dt_out:2000 is bigger than timepoint: 1400
Timepoint not recorded. dt_out:2000 is bigger than timepoint: 1400
Timepoint not recorded. dt_out:2000 is bigger than timepoint: 1400
Timepoint not recorded. dt_out:2000 is bigger than timepoint: 1400
Timepoint not recorded. dt_out:2000 is bigger than timepoint: 1400
Timepoint not recorded. dt_out:2000 is bigger than timepoint: 1400
Timepoint not recorded. dt_out:2000 is bigger than timepoint: 1400
Timepoint not recorded. dt_out:2000 is bigger than timepoint: 1400
Timepoint not recorded. dt_out:2000 is bigger than timepoint: 1400
Timepoint not recorded. dt_out:2000 is bigger than timepoint: 1400
Timepoint not recorded. dt_out:2000 is bigger than timepoint: 1400
Timepoint not recorded. dt_out:2000 is bigger than timepoint: 1400
Timepoint not recorded. dt_out:2000 is bigger than timepoint: 1400
Timepoint not recorded. dt_out:2000 is bigger than timepoint: 1400
Timepoint not recorded. dt_out:2000 is bigger than timepoint: 1400
Timepoint not recorded. dt_out:2000 is bigger than timepoint: 1400
Timepoint not recorded. dt_out:2000 is bigger than timepoint: 1400
Timepoint not recorded. dt_out:2000 is bigger than timepoint: 1400
Timepoint not recorded. dt_out:2000 is bigger than timepoint: 1400
Timepoint not recorded. dt_out:2000 is bigger than timepoint: 1400
Timepoint not recorded. dt_out:2000 is bigger than timepoint: 1400
Timepoint not recorded. dt_out:2000 is bigger than timepoint: 1400
Timepoint not recorded. dt_out:2000 is bigger than timepoint: 1400
Timepoint not recorded. dt_out:2000 is bigger than timepoint: 1400
Timepoint not recorded. dt_out:2000 is bigger than timepoint: 1400
Timepoint not recorded. dt_out:2000 is bigger than timepoint: 1400
Timepoint not recorded. dt_out:2000 is bigger than timepoint: 1400
Timepoint not recorded. dt_out:2000 is bigger than timepoint: 1400
Timepoint not recorded. dt_out:2000 is bigger than timepoint: 1400
Timepoint not recorded. dt_out:2000 is bigger than timepoint: 1400
Timepoint not recorded. dt_out:2000 is bigger than timepoint: 1400
Timepoint not recorded. dt_out:2000 is bigger than timepoint: 1400
Timepoint not recorded. dt_out:2000 is bigger than timepoint: 1400
Timepoint not recorded. dt_out:2000 is bigger than timepoint: 1400
Timepoint not recorded. dt_out:2000 is bigger than timepoint: 1400
Timepoint not recorded. dt_out:2000 is bigger than timepoint: 1400
Timepoint not recorded. dt_out:2000 is bigger than timepoint: 1400
Timepoint not recorded. dt_out:2000 is bigger than timepoint: 1400
Timepoint not recorded. dt_out:2000 is bigger than timepoint: 1400
Timepoint not recorded. dt_out:2000 is bigger than timepoint: 1400
Timepoint not recorded. dt_out:2000 is bigger than timepoint: 1400
Timepoint not recorded. dt_out:2000 is bigger than timepoint: 1400
Timepoint not recorded. dt_out:2000 is bigger than timepoint: 1400
Timepoint not recorded. dt_out:2000 is bigger than timepoint: 1400
Timepoint not recorded. dt_out:2000 is bigger than timepoint: 1400
Timepoint not recorded. dt_out:2000 is bigger than timepoint: 1400
Timepoint not recorded. dt_out:2000 is bigger than timepoint: 1400
Timepoint not recorded. dt_out:2000 is bigger than timepoint: 1400
Timepoint not recorded. dt_out:2000 is bigger than timepoint: 1400
Timepoint not recorded. dt_out:2000 is bigger than timepoint: 1400
Timepoint not recorded. dt_out:2000 is bigger than timepoint: 1400
Timepoint not recorded. dt_out:2000 is bigger than timepoint: 1400
Timepoint not recorded. dt_out:2000 is bigger than timepoint: 1400
1440
SAV_MATLAB_2000_dt_5.50e-06_Nx_512_periodic_n_relax_4_phi.csv
Exception type : ValueError 
Exception message : could not convert string to float: '-'
Stack trace : ['File : /sfs/gpfs/tardis/home/xpz5km/Cahn_Hilliard_Model_HPC/spinodal_decomp/compare_phi_norms.py , Line : 68, Func.Name : compare_phis_norm_at_timepoint, Message : snapshot = read_specific_lines(f"{root}/{fname}", line_list)', 'File : /sfs/gpfs/tardis/home/xpz5km/Cahn_Hilliard_Model_HPC/spinodal_decomp/compare_phi_norms.py , Line : 19, Func.Name : read_specific_lines, Message : digits.append(float(i))']
Timepoint not recorded. dt_out:2000 is bigger than timepoint: 1440
Timepoint not recorded. dt_out:2000 is bigger than timepoint: 1440
Timepoint not recorded. dt_out:2000 is bigger than timepoint: 1440
Timepoint not recorded. dt_out:2000 is bigger than timepoint: 1440
Timepoint not recorded. dt_out:2000 is bigger than timepoint: 1440
Timepoint not recorded. dt_out:2000 is bigger than timepoint: 1440
Timepoint not recorded. dt_out:2000 is bigger than timepoint: 1440
Timepoint not recorded. dt_out:2000 is bigger than timepoint: 1440
Timepoint not recorded. dt_out:2000 is bigger than timepoint: 1440
Timepoint not recorded. dt_out:2000 is bigger than timepoint: 1440
Timepoint not recorded. dt_out:2000 is bigger than timepoint: 1440
Timepoint not recorded. dt_out:2000 is bigger than timepoint: 1440
Timepoint not recorded. dt_out:2000 is bigger than timepoint: 1440
Timepoint not recorded. dt_out:2000 is bigger than timepoint: 1440
Timepoint not recorded. dt_out:2000 is bigger than timepoint: 1440
Timepoint not recorded. dt_out:2000 is bigger than timepoint: 1440
Timepoint not recorded. dt_out:2000 is bigger than timepoint: 1440
Timepoint not recorded. dt_out:2000 is bigger than timepoint: 1440
Timepoint not recorded. dt_out:2000 is bigger than timepoint: 1440
Timepoint not recorded. dt_out:2000 is bigger than timepoint: 1440
Timepoint not recorded. dt_out:2000 is bigger than timepoint: 1440
Timepoint not recorded. dt_out:2000 is bigger than timepoint: 1440
Timepoint not recorded. dt_out:2000 is bigger than timepoint: 1440
Timepoint not recorded. dt_out:2000 is bigger than timepoint: 1440
Timepoint not recorded. dt_out:2000 is bigger than timepoint: 1440
Timepoint not recorded. dt_out:2000 is bigger than timepoint: 1440
Timepoint not recorded. dt_out:2000 is bigger than timepoint: 1440
Timepoint not recorded. dt_out:2000 is bigger than timepoint: 1440
Timepoint not recorded. dt_out:2000 is bigger than timepoint: 1440
Timepoint not recorded. dt_out:2000 is bigger than timepoint: 1440
Timepoint not recorded. dt_out:2000 is bigger than timepoint: 1440
Timepoint not recorded. dt_out:2000 is bigger than timepoint: 1440
Timepoint not recorded. dt_out:2000 is bigger than timepoint: 1440
Timepoint not recorded. dt_out:2000 is bigger than timepoint: 1440
Timepoint not recorded. dt_out:2000 is bigger than timepoint: 1440
Timepoint not recorded. dt_out:2000 is bigger than timepoint: 1440
Timepoint not recorded. dt_out:2000 is bigger than timepoint: 1440
Timepoint not recorded. dt_out:2000 is bigger than timepoint: 1440
Timepoint not recorded. dt_out:2000 is bigger than timepoint: 1440
Timepoint not recorded. dt_out:2000 is bigger than timepoint: 1440
Timepoint not recorded. dt_out:2000 is bigger than timepoint: 1440
Timepoint not recorded. dt_out:2000 is bigger than timepoint: 1440
Timepoint not recorded. dt_out:2000 is bigger than timepoint: 1440
Timepoint not recorded. dt_out:2000 is bigger than timepoint: 1440
Timepoint not recorded. dt_out:2000 is bigger than timepoint: 1440
Timepoint not recorded. dt_out:2000 is bigger than timepoint: 1440
Timepoint not recorded. dt_out:2000 is bigger than timepoint: 1440
Timepoint not recorded. dt_out:2000 is bigger than timepoint: 1440
Timepoint not recorded. dt_out:2000 is bigger than timepoint: 1440
Timepoint not recorded. dt_out:2000 is bigger than timepoint: 1440
Timepoint not recorded. dt_out:2000 is bigger than timepoint: 1440
Timepoint not recorded. dt_out:2000 is bigger than timepoint: 1440
Timepoint not recorded. dt_out:2000 is bigger than timepoint: 1440
Timepoint not recorded. dt_out:2000 is bigger than timepoint: 1440
Timepoint not recorded. dt_out:2000 is bigger than timepoint: 1440
Timepoint not recorded. dt_out:2000 is bigger than timepoint: 1440
Timepoint not recorded. dt_out:2000 is bigger than timepoint: 1440
Timepoint not recorded. dt_out:2000 is bigger than timepoint: 1440
Timepoint not recorded. dt_out:2000 is bigger than timepoint: 1440
Timepoint not recorded. dt_out:2000 is bigger than timepoint: 1440
Timepoint not recorded. dt_out:2000 is bigger than timepoint: 1440
Timepoint not recorded. dt_out:2000 is bigger than timepoint: 1440
Timepoint not recorded. dt_out:2000 is bigger than timepoint: 1440
Timepoint not recorded. dt_out:2000 is bigger than timepoint: 1440
Timepoint not recorded. dt_out:2000 is bigger than timepoint: 1440
Timepoint not recorded. dt_out:2000 is bigger than timepoint: 1440
Timepoint not recorded. dt_out:2000 is bigger than timepoint: 1440
Timepoint not recorded. dt_out:2000 is bigger than timepoint: 1440
Timepoint not recorded. dt_out:2000 is bigger than timepoint: 1440
Timepoint not recorded. dt_out:2000 is bigger than timepoint: 1440
Timepoint not recorded. dt_out:2000 is bigger than timepoint: 1440
Timepoint not recorded. dt_out:2000 is bigger than timepoint: 1440
Timepoint not recorded. dt_out:2000 is bigger than timepoint: 1440
Timepoint not recorded. dt_out:2000 is bigger than timepoint: 1440
Timepoint not recorded. dt_out:2000 is bigger than timepoint: 1440
Timepoint not recorded. dt_out:2000 is bigger than timepoint: 1440
Timepoint not recorded. dt_out:2000 is bigger than timepoint: 1440
Timepoint not recorded. dt_out:2000 is bigger than timepoint: 1440
Timepoint not recorded. dt_out:2000 is bigger than timepoint: 1440
Timepoint not recorded. dt_out:2000 is bigger than timepoint: 1440
1480
Timepoint not recorded. dt_out:2000 is bigger than timepoint: 1480
Timepoint not recorded. dt_out:2000 is bigger than timepoint: 1480
Timepoint not recorded. dt_out:2000 is bigger than timepoint: 1480
Timepoint not recorded. dt_out:2000 is bigger than timepoint: 1480
Timepoint not recorded. dt_out:2000 is bigger than timepoint: 1480
Timepoint not recorded. dt_out:2000 is bigger than timepoint: 1480
Timepoint not recorded. dt_out:2000 is bigger than timepoint: 1480
Timepoint not recorded. dt_out:2000 is bigger than timepoint: 1480
Timepoint not recorded. dt_out:2000 is bigger than timepoint: 1480
Timepoint not recorded. dt_out:2000 is bigger than timepoint: 1480
Timepoint not recorded. dt_out:2000 is bigger than timepoint: 1480
Timepoint not recorded. dt_out:2000 is bigger than timepoint: 1480
Timepoint not recorded. dt_out:2000 is bigger than timepoint: 1480
Timepoint not recorded. dt_out:2000 is bigger than timepoint: 1480
Timepoint not recorded. dt_out:2000 is bigger than timepoint: 1480
Timepoint not recorded. dt_out:2000 is bigger than timepoint: 1480
Timepoint not recorded. dt_out:2000 is bigger than timepoint: 1480
Timepoint not recorded. dt_out:2000 is bigger than timepoint: 1480
Timepoint not recorded. dt_out:2000 is bigger than timepoint: 1480
Timepoint not recorded. dt_out:2000 is bigger than timepoint: 1480
Timepoint not recorded. dt_out:2000 is bigger than timepoint: 1480
Timepoint not recorded. dt_out:2000 is bigger than timepoint: 1480
Timepoint not recorded. dt_out:2000 is bigger than timepoint: 1480
Timepoint not recorded. dt_out:2000 is bigger than timepoint: 1480
Timepoint not recorded. dt_out:2000 is bigger than timepoint: 1480
Timepoint not recorded. dt_out:2000 is bigger than timepoint: 1480
Timepoint not recorded. dt_out:2000 is bigger than timepoint: 1480
Timepoint not recorded. dt_out:2000 is bigger than timepoint: 1480
Timepoint not recorded. dt_out:2000 is bigger than timepoint: 1480
Timepoint not recorded. dt_out:2000 is bigger than timepoint: 1480
Timepoint not recorded. dt_out:2000 is bigger than timepoint: 1480
Timepoint not recorded. dt_out:2000 is bigger than timepoint: 1480
Timepoint not recorded. dt_out:2000 is bigger than timepoint: 1480
Timepoint not recorded. dt_out:2000 is bigger than timepoint: 1480
Timepoint not recorded. dt_out:2000 is bigger than timepoint: 1480
Timepoint not recorded. dt_out:2000 is bigger than timepoint: 1480
Timepoint not recorded. dt_out:2000 is bigger than timepoint: 1480
Timepoint not recorded. dt_out:2000 is bigger than timepoint: 1480
Timepoint not recorded. dt_out:2000 is bigger than timepoint: 1480
Timepoint not recorded. dt_out:2000 is bigger than timepoint: 1480
Timepoint not recorded. dt_out:2000 is bigger than timepoint: 1480
Timepoint not recorded. dt_out:2000 is bigger than timepoint: 1480
Timepoint not recorded. dt_out:2000 is bigger than timepoint: 1480
Timepoint not recorded. dt_out:2000 is bigger than timepoint: 1480
Timepoint not recorded. dt_out:2000 is bigger than timepoint: 1480
Timepoint not recorded. dt_out:2000 is bigger than timepoint: 1480
Timepoint not recorded. dt_out:2000 is bigger than timepoint: 1480
Timepoint not recorded. dt_out:2000 is bigger than timepoint: 1480
Timepoint not recorded. dt_out:2000 is bigger than timepoint: 1480
Timepoint not recorded. dt_out:2000 is bigger than timepoint: 1480
Timepoint not recorded. dt_out:2000 is bigger than timepoint: 1480
Timepoint not recorded. dt_out:2000 is bigger than timepoint: 1480
Timepoint not recorded. dt_out:2000 is bigger than timepoint: 1480
Timepoint not recorded. dt_out:2000 is bigger than timepoint: 1480
Timepoint not recorded. dt_out:2000 is bigger than timepoint: 1480
Timepoint not recorded. dt_out:2000 is bigger than timepoint: 1480
Timepoint not recorded. dt_out:2000 is bigger than timepoint: 1480
Timepoint not recorded. dt_out:2000 is bigger than timepoint: 1480
Timepoint not recorded. dt_out:2000 is bigger than timepoint: 1480
Timepoint not recorded. dt_out:2000 is bigger than timepoint: 1480
Timepoint not recorded. dt_out:2000 is bigger than timepoint: 1480
Timepoint not recorded. dt_out:2000 is bigger than timepoint: 1480
Timepoint not recorded. dt_out:2000 is bigger than timepoint: 1480
Timepoint not recorded. dt_out:2000 is bigger than timepoint: 1480
Timepoint not recorded. dt_out:2000 is bigger than timepoint: 1480
Timepoint not recorded. dt_out:2000 is bigger than timepoint: 1480
Timepoint not recorded. dt_out:2000 is bigger than timepoint: 1480
Timepoint not recorded. dt_out:2000 is bigger than timepoint: 1480
Timepoint not recorded. dt_out:2000 is bigger than timepoint: 1480
Timepoint not recorded. dt_out:2000 is bigger than timepoint: 1480
Timepoint not recorded. dt_out:2000 is bigger than timepoint: 1480
Timepoint not recorded. dt_out:2000 is bigger than timepoint: 1480
Timepoint not recorded. dt_out:2000 is bigger than timepoint: 1480
Timepoint not recorded. dt_out:2000 is bigger than timepoint: 1480
Timepoint not recorded. dt_out:2000 is bigger than timepoint: 1480
Timepoint not recorded. dt_out:2000 is bigger than timepoint: 1480
Timepoint not recorded. dt_out:2000 is bigger than timepoint: 1480
Timepoint not recorded. dt_out:2000 is bigger than timepoint: 1480
Timepoint not recorded. dt_out:2000 is bigger than timepoint: 1480
Timepoint not recorded. dt_out:2000 is bigger than timepoint: 1480
1520
Timepoint not recorded. dt_out:2000 is bigger than timepoint: 1520
Timepoint not recorded. dt_out:2000 is bigger than timepoint: 1520
Timepoint not recorded. dt_out:2000 is bigger than timepoint: 1520
Timepoint not recorded. dt_out:2000 is bigger than timepoint: 1520
Timepoint not recorded. dt_out:2000 is bigger than timepoint: 1520
Timepoint not recorded. dt_out:2000 is bigger than timepoint: 1520
Timepoint not recorded. dt_out:2000 is bigger than timepoint: 1520
Timepoint not recorded. dt_out:2000 is bigger than timepoint: 1520
Timepoint not recorded. dt_out:2000 is bigger than timepoint: 1520
Timepoint not recorded. dt_out:2000 is bigger than timepoint: 1520
Timepoint not recorded. dt_out:2000 is bigger than timepoint: 1520
Timepoint not recorded. dt_out:2000 is bigger than timepoint: 1520
Timepoint not recorded. dt_out:2000 is bigger than timepoint: 1520
Timepoint not recorded. dt_out:2000 is bigger than timepoint: 1520
Timepoint not recorded. dt_out:2000 is bigger than timepoint: 1520
Timepoint not recorded. dt_out:2000 is bigger than timepoint: 1520
Timepoint not recorded. dt_out:2000 is bigger than timepoint: 1520
Timepoint not recorded. dt_out:2000 is bigger than timepoint: 1520
Timepoint not recorded. dt_out:2000 is bigger than timepoint: 1520
Timepoint not recorded. dt_out:2000 is bigger than timepoint: 1520
Timepoint not recorded. dt_out:2000 is bigger than timepoint: 1520
Timepoint not recorded. dt_out:2000 is bigger than timepoint: 1520
Timepoint not recorded. dt_out:2000 is bigger than timepoint: 1520
Timepoint not recorded. dt_out:2000 is bigger than timepoint: 1520
Timepoint not recorded. dt_out:2000 is bigger than timepoint: 1520
Timepoint not recorded. dt_out:2000 is bigger than timepoint: 1520
Timepoint not recorded. dt_out:2000 is bigger than timepoint: 1520
Timepoint not recorded. dt_out:2000 is bigger than timepoint: 1520
Timepoint not recorded. dt_out:2000 is bigger than timepoint: 1520
Timepoint not recorded. dt_out:2000 is bigger than timepoint: 1520
Timepoint not recorded. dt_out:2000 is bigger than timepoint: 1520
Timepoint not recorded. dt_out:2000 is bigger than timepoint: 1520
Timepoint not recorded. dt_out:2000 is bigger than timepoint: 1520
Timepoint not recorded. dt_out:2000 is bigger than timepoint: 1520
Timepoint not recorded. dt_out:2000 is bigger than timepoint: 1520
Timepoint not recorded. dt_out:2000 is bigger than timepoint: 1520
Timepoint not recorded. dt_out:2000 is bigger than timepoint: 1520
Timepoint not recorded. dt_out:2000 is bigger than timepoint: 1520
Timepoint not recorded. dt_out:2000 is bigger than timepoint: 1520
Timepoint not recorded. dt_out:2000 is bigger than timepoint: 1520
Timepoint not recorded. dt_out:2000 is bigger than timepoint: 1520
Timepoint not recorded. dt_out:2000 is bigger than timepoint: 1520
Timepoint not recorded. dt_out:2000 is bigger than timepoint: 1520
Timepoint not recorded. dt_out:2000 is bigger than timepoint: 1520
Timepoint not recorded. dt_out:2000 is bigger than timepoint: 1520
Timepoint not recorded. dt_out:2000 is bigger than timepoint: 1520
Timepoint not recorded. dt_out:2000 is bigger than timepoint: 1520
Timepoint not recorded. dt_out:2000 is bigger than timepoint: 1520
Timepoint not recorded. dt_out:2000 is bigger than timepoint: 1520
Timepoint not recorded. dt_out:2000 is bigger than timepoint: 1520
Timepoint not recorded. dt_out:2000 is bigger than timepoint: 1520
Timepoint not recorded. dt_out:2000 is bigger than timepoint: 1520
Timepoint not recorded. dt_out:2000 is bigger than timepoint: 1520
Timepoint not recorded. dt_out:2000 is bigger than timepoint: 1520
Timepoint not recorded. dt_out:2000 is bigger than timepoint: 1520
Timepoint not recorded. dt_out:2000 is bigger than timepoint: 1520
Timepoint not recorded. dt_out:2000 is bigger than timepoint: 1520
Timepoint not recorded. dt_out:2000 is bigger than timepoint: 1520
Timepoint not recorded. dt_out:2000 is bigger than timepoint: 1520
Timepoint not recorded. dt_out:2000 is bigger than timepoint: 1520
Timepoint not recorded. dt_out:2000 is bigger than timepoint: 1520
Timepoint not recorded. dt_out:2000 is bigger than timepoint: 1520
Timepoint not recorded. dt_out:2000 is bigger than timepoint: 1520
Timepoint not recorded. dt_out:2000 is bigger than timepoint: 1520
Timepoint not recorded. dt_out:2000 is bigger than timepoint: 1520
Timepoint not recorded. dt_out:2000 is bigger than timepoint: 1520
Timepoint not recorded. dt_out:2000 is bigger than timepoint: 1520
Timepoint not recorded. dt_out:2000 is bigger than timepoint: 1520
Timepoint not recorded. dt_out:2000 is bigger than timepoint: 1520
Timepoint not recorded. dt_out:2000 is bigger than timepoint: 1520
Timepoint not recorded. dt_out:2000 is bigger than timepoint: 1520
Timepoint not recorded. dt_out:2000 is bigger than timepoint: 1520
Timepoint not recorded. dt_out:2000 is bigger than timepoint: 1520
Timepoint not recorded. dt_out:2000 is bigger than timepoint: 1520
Timepoint not recorded. dt_out:2000 is bigger than timepoint: 1520
Timepoint not recorded. dt_out:2000 is bigger than timepoint: 1520
Timepoint not recorded. dt_out:2000 is bigger than timepoint: 1520
Timepoint not recorded. dt_out:2000 is bigger than timepoint: 1520
Timepoint not recorded. dt_out:2000 is bigger than timepoint: 1520
Timepoint not recorded. dt_out:2000 is bigger than timepoint: 1520
1560
Timepoint not recorded. dt_out:2000 is bigger than timepoint: 1560
Timepoint not recorded. dt_out:2000 is bigger than timepoint: 1560
Timepoint not recorded. dt_out:2000 is bigger than timepoint: 1560
Timepoint not recorded. dt_out:2000 is bigger than timepoint: 1560
Timepoint not recorded. dt_out:2000 is bigger than timepoint: 1560
Timepoint not recorded. dt_out:2000 is bigger than timepoint: 1560
Timepoint not recorded. dt_out:2000 is bigger than timepoint: 1560
Timepoint not recorded. dt_out:2000 is bigger than timepoint: 1560
Timepoint not recorded. dt_out:2000 is bigger than timepoint: 1560
Timepoint not recorded. dt_out:2000 is bigger than timepoint: 1560
Timepoint not recorded. dt_out:2000 is bigger than timepoint: 1560
Timepoint not recorded. dt_out:2000 is bigger than timepoint: 1560
Timepoint not recorded. dt_out:2000 is bigger than timepoint: 1560
Timepoint not recorded. dt_out:2000 is bigger than timepoint: 1560
Timepoint not recorded. dt_out:2000 is bigger than timepoint: 1560
Timepoint not recorded. dt_out:2000 is bigger than timepoint: 1560
Timepoint not recorded. dt_out:2000 is bigger than timepoint: 1560
Timepoint not recorded. dt_out:2000 is bigger than timepoint: 1560
Timepoint not recorded. dt_out:2000 is bigger than timepoint: 1560
Timepoint not recorded. dt_out:2000 is bigger than timepoint: 1560
Timepoint not recorded. dt_out:2000 is bigger than timepoint: 1560
Timepoint not recorded. dt_out:2000 is bigger than timepoint: 1560
Timepoint not recorded. dt_out:2000 is bigger than timepoint: 1560
Timepoint not recorded. dt_out:2000 is bigger than timepoint: 1560
Timepoint not recorded. dt_out:2000 is bigger than timepoint: 1560
Timepoint not recorded. dt_out:2000 is bigger than timepoint: 1560
Timepoint not recorded. dt_out:2000 is bigger than timepoint: 1560
Timepoint not recorded. dt_out:2000 is bigger than timepoint: 1560
Timepoint not recorded. dt_out:2000 is bigger than timepoint: 1560
Timepoint not recorded. dt_out:2000 is bigger than timepoint: 1560
Timepoint not recorded. dt_out:2000 is bigger than timepoint: 1560
Timepoint not recorded. dt_out:2000 is bigger than timepoint: 1560
Timepoint not recorded. dt_out:2000 is bigger than timepoint: 1560
Timepoint not recorded. dt_out:2000 is bigger than timepoint: 1560
Timepoint not recorded. dt_out:2000 is bigger than timepoint: 1560
Timepoint not recorded. dt_out:2000 is bigger than timepoint: 1560
Timepoint not recorded. dt_out:2000 is bigger than timepoint: 1560
Timepoint not recorded. dt_out:2000 is bigger than timepoint: 1560
Timepoint not recorded. dt_out:2000 is bigger than timepoint: 1560
Timepoint not recorded. dt_out:2000 is bigger than timepoint: 1560
Timepoint not recorded. dt_out:2000 is bigger than timepoint: 1560
Timepoint not recorded. dt_out:2000 is bigger than timepoint: 1560
Timepoint not recorded. dt_out:2000 is bigger than timepoint: 1560
Timepoint not recorded. dt_out:2000 is bigger than timepoint: 1560
Timepoint not recorded. dt_out:2000 is bigger than timepoint: 1560
Timepoint not recorded. dt_out:2000 is bigger than timepoint: 1560
Timepoint not recorded. dt_out:2000 is bigger than timepoint: 1560
Timepoint not recorded. dt_out:2000 is bigger than timepoint: 1560
Timepoint not recorded. dt_out:2000 is bigger than timepoint: 1560
Timepoint not recorded. dt_out:2000 is bigger than timepoint: 1560
Timepoint not recorded. dt_out:2000 is bigger than timepoint: 1560
Timepoint not recorded. dt_out:2000 is bigger than timepoint: 1560
Timepoint not recorded. dt_out:2000 is bigger than timepoint: 1560
Timepoint not recorded. dt_out:2000 is bigger than timepoint: 1560
Timepoint not recorded. dt_out:2000 is bigger than timepoint: 1560
Timepoint not recorded. dt_out:2000 is bigger than timepoint: 1560
Timepoint not recorded. dt_out:2000 is bigger than timepoint: 1560
Timepoint not recorded. dt_out:2000 is bigger than timepoint: 1560
Timepoint not recorded. dt_out:2000 is bigger than timepoint: 1560
Timepoint not recorded. dt_out:2000 is bigger than timepoint: 1560
Timepoint not recorded. dt_out:2000 is bigger than timepoint: 1560
Timepoint not recorded. dt_out:2000 is bigger than timepoint: 1560
Timepoint not recorded. dt_out:2000 is bigger than timepoint: 1560
Timepoint not recorded. dt_out:2000 is bigger than timepoint: 1560
Timepoint not recorded. dt_out:2000 is bigger than timepoint: 1560
Timepoint not recorded. dt_out:2000 is bigger than timepoint: 1560
Timepoint not recorded. dt_out:2000 is bigger than timepoint: 1560
Timepoint not recorded. dt_out:2000 is bigger than timepoint: 1560
Timepoint not recorded. dt_out:2000 is bigger than timepoint: 1560
Timepoint not recorded. dt_out:2000 is bigger than timepoint: 1560
Timepoint not recorded. dt_out:2000 is bigger than timepoint: 1560
Timepoint not recorded. dt_out:2000 is bigger than timepoint: 1560
Timepoint not recorded. dt_out:2000 is bigger than timepoint: 1560
Timepoint not recorded. dt_out:2000 is bigger than timepoint: 1560
Timepoint not recorded. dt_out:2000 is bigger than timepoint: 1560
Timepoint not recorded. dt_out:2000 is bigger than timepoint: 1560
Timepoint not recorded. dt_out:2000 is bigger than timepoint: 1560
Timepoint not recorded. dt_out:2000 is bigger than timepoint: 1560
Timepoint not recorded. dt_out:2000 is bigger than timepoint: 1560
Timepoint not recorded. dt_out:2000 is bigger than timepoint: 1560
1600
SAV_MATLAB_2000_dt_5.50e-06_Nx_512_periodic_n_relax_4_phi.csv
Exception type : ValueError 
Exception message : could not convert string to float: '0.99450708707900.652624414860674'
Stack trace : ['File : /sfs/gpfs/tardis/home/xpz5km/Cahn_Hilliard_Model_HPC/spinodal_decomp/compare_phi_norms.py , Line : 68, Func.Name : compare_phis_norm_at_timepoint, Message : snapshot = read_specific_lines(f"{root}/{fname}", line_list)', 'File : /sfs/gpfs/tardis/home/xpz5km/Cahn_Hilliard_Model_HPC/spinodal_decomp/compare_phi_norms.py , Line : 19, Func.Name : read_specific_lines, Message : digits.append(float(i))']
Timepoint not recorded. dt_out:2000 is bigger than timepoint: 1600
Timepoint not recorded. dt_out:2000 is bigger than timepoint: 1600
Timepoint not recorded. dt_out:2000 is bigger than timepoint: 1600
Timepoint not recorded. dt_out:2000 is bigger than timepoint: 1600
Timepoint not recorded. dt_out:2000 is bigger than timepoint: 1600
Timepoint not recorded. dt_out:2000 is bigger than timepoint: 1600
Timepoint not recorded. dt_out:2000 is bigger than timepoint: 1600
Timepoint not recorded. dt_out:2000 is bigger than timepoint: 1600
Timepoint not recorded. dt_out:2000 is bigger than timepoint: 1600
Timepoint not recorded. dt_out:2000 is bigger than timepoint: 1600
Timepoint not recorded. dt_out:2000 is bigger than timepoint: 1600
Timepoint not recorded. dt_out:2000 is bigger than timepoint: 1600
Timepoint not recorded. dt_out:2000 is bigger than timepoint: 1600
Timepoint not recorded. dt_out:2000 is bigger than timepoint: 1600
Timepoint not recorded. dt_out:2000 is bigger than timepoint: 1600
Timepoint not recorded. dt_out:2000 is bigger than timepoint: 1600
Timepoint not recorded. dt_out:2000 is bigger than timepoint: 1600
Timepoint not recorded. dt_out:2000 is bigger than timepoint: 1600
Timepoint not recorded. dt_out:2000 is bigger than timepoint: 1600
Timepoint not recorded. dt_out:2000 is bigger than timepoint: 1600
Timepoint not recorded. dt_out:2000 is bigger than timepoint: 1600
Timepoint not recorded. dt_out:2000 is bigger than timepoint: 1600
Timepoint not recorded. dt_out:2000 is bigger than timepoint: 1600
Timepoint not recorded. dt_out:2000 is bigger than timepoint: 1600
Timepoint not recorded. dt_out:2000 is bigger than timepoint: 1600
Timepoint not recorded. dt_out:2000 is bigger than timepoint: 1600
Timepoint not recorded. dt_out:2000 is bigger than timepoint: 1600
Timepoint not recorded. dt_out:2000 is bigger than timepoint: 1600
Timepoint not recorded. dt_out:2000 is bigger than timepoint: 1600
Timepoint not recorded. dt_out:2000 is bigger than timepoint: 1600
Timepoint not recorded. dt_out:2000 is bigger than timepoint: 1600
Timepoint not recorded. dt_out:2000 is bigger than timepoint: 1600
Timepoint not recorded. dt_out:2000 is bigger than timepoint: 1600
Timepoint not recorded. dt_out:2000 is bigger than timepoint: 1600
Timepoint not recorded. dt_out:2000 is bigger than timepoint: 1600
Timepoint not recorded. dt_out:2000 is bigger than timepoint: 1600
Timepoint not recorded. dt_out:2000 is bigger than timepoint: 1600
Timepoint not recorded. dt_out:2000 is bigger than timepoint: 1600
Timepoint not recorded. dt_out:2000 is bigger than timepoint: 1600
Timepoint not recorded. dt_out:2000 is bigger than timepoint: 1600
Timepoint not recorded. dt_out:2000 is bigger than timepoint: 1600
Timepoint not recorded. dt_out:2000 is bigger than timepoint: 1600
Timepoint not recorded. dt_out:2000 is bigger than timepoint: 1600
Timepoint not recorded. dt_out:2000 is bigger than timepoint: 1600
Timepoint not recorded. dt_out:2000 is bigger than timepoint: 1600
Timepoint not recorded. dt_out:2000 is bigger than timepoint: 1600
Timepoint not recorded. dt_out:2000 is bigger than timepoint: 1600
Timepoint not recorded. dt_out:2000 is bigger than timepoint: 1600
Timepoint not recorded. dt_out:2000 is bigger than timepoint: 1600
Timepoint not recorded. dt_out:2000 is bigger than timepoint: 1600
Timepoint not recorded. dt_out:2000 is bigger than timepoint: 1600
Timepoint not recorded. dt_out:2000 is bigger than timepoint: 1600
Timepoint not recorded. dt_out:2000 is bigger than timepoint: 1600
Timepoint not recorded. dt_out:2000 is bigger than timepoint: 1600
Timepoint not recorded. dt_out:2000 is bigger than timepoint: 1600
Timepoint not recorded. dt_out:2000 is bigger than timepoint: 1600
Timepoint not recorded. dt_out:2000 is bigger than timepoint: 1600
Timepoint not recorded. dt_out:2000 is bigger than timepoint: 1600
Timepoint not recorded. dt_out:2000 is bigger than timepoint: 1600
Timepoint not recorded. dt_out:2000 is bigger than timepoint: 1600
Timepoint not recorded. dt_out:2000 is bigger than timepoint: 1600
Timepoint not recorded. dt_out:2000 is bigger than timepoint: 1600
Timepoint not recorded. dt_out:2000 is bigger than timepoint: 1600
Timepoint not recorded. dt_out:2000 is bigger than timepoint: 1600
Timepoint not recorded. dt_out:2000 is bigger than timepoint: 1600
Timepoint not recorded. dt_out:2000 is bigger than timepoint: 1600
Timepoint not recorded. dt_out:2000 is bigger than timepoint: 1600
Timepoint not recorded. dt_out:2000 is bigger than timepoint: 1600
Timepoint not recorded. dt_out:2000 is bigger than timepoint: 1600
Timepoint not recorded. dt_out:2000 is bigger than timepoint: 1600
Timepoint not recorded. dt_out:2000 is bigger than timepoint: 1600
Timepoint not recorded. dt_out:2000 is bigger than timepoint: 1600
Timepoint not recorded. dt_out:2000 is bigger than timepoint: 1600
Timepoint not recorded. dt_out:2000 is bigger than timepoint: 1600
Timepoint not recorded. dt_out:2000 is bigger than timepoint: 1600
Timepoint not recorded. dt_out:2000 is bigger than timepoint: 1600
Timepoint not recorded. dt_out:2000 is bigger than timepoint: 1600
Timepoint not recorded. dt_out:2000 is bigger than timepoint: 1600
Timepoint not recorded. dt_out:2000 is bigger than timepoint: 1600
Timepoint not recorded. dt_out:2000 is bigger than timepoint: 1600
1640
Timepoint not recorded. dt_out:2000 is bigger than timepoint: 1640
Timepoint not recorded. dt_out:2000 is bigger than timepoint: 1640
Timepoint not recorded. dt_out:2000 is bigger than timepoint: 1640
Timepoint not recorded. dt_out:2000 is bigger than timepoint: 1640
Timepoint not recorded. dt_out:2000 is bigger than timepoint: 1640
Timepoint not recorded. dt_out:2000 is bigger than timepoint: 1640
Timepoint not recorded. dt_out:2000 is bigger than timepoint: 1640
Timepoint not recorded. dt_out:2000 is bigger than timepoint: 1640
Timepoint not recorded. dt_out:2000 is bigger than timepoint: 1640
Timepoint not recorded. dt_out:2000 is bigger than timepoint: 1640
Timepoint not recorded. dt_out:2000 is bigger than timepoint: 1640
Timepoint not recorded. dt_out:2000 is bigger than timepoint: 1640
Timepoint not recorded. dt_out:2000 is bigger than timepoint: 1640
Timepoint not recorded. dt_out:2000 is bigger than timepoint: 1640
Timepoint not recorded. dt_out:2000 is bigger than timepoint: 1640
Timepoint not recorded. dt_out:2000 is bigger than timepoint: 1640
Timepoint not recorded. dt_out:2000 is bigger than timepoint: 1640
Timepoint not recorded. dt_out:2000 is bigger than timepoint: 1640
Timepoint not recorded. dt_out:2000 is bigger than timepoint: 1640
Timepoint not recorded. dt_out:2000 is bigger than timepoint: 1640
Timepoint not recorded. dt_out:2000 is bigger than timepoint: 1640
Timepoint not recorded. dt_out:2000 is bigger than timepoint: 1640
Timepoint not recorded. dt_out:2000 is bigger than timepoint: 1640
Timepoint not recorded. dt_out:2000 is bigger than timepoint: 1640
Timepoint not recorded. dt_out:2000 is bigger than timepoint: 1640
Timepoint not recorded. dt_out:2000 is bigger than timepoint: 1640
Timepoint not recorded. dt_out:2000 is bigger than timepoint: 1640
Timepoint not recorded. dt_out:2000 is bigger than timepoint: 1640
Timepoint not recorded. dt_out:2000 is bigger than timepoint: 1640
Timepoint not recorded. dt_out:2000 is bigger than timepoint: 1640
Timepoint not recorded. dt_out:2000 is bigger than timepoint: 1640
Timepoint not recorded. dt_out:2000 is bigger than timepoint: 1640
Timepoint not recorded. dt_out:2000 is bigger than timepoint: 1640
Timepoint not recorded. dt_out:2000 is bigger than timepoint: 1640
Timepoint not recorded. dt_out:2000 is bigger than timepoint: 1640
Timepoint not recorded. dt_out:2000 is bigger than timepoint: 1640
Timepoint not recorded. dt_out:2000 is bigger than timepoint: 1640
Timepoint not recorded. dt_out:2000 is bigger than timepoint: 1640
Timepoint not recorded. dt_out:2000 is bigger than timepoint: 1640
Timepoint not recorded. dt_out:2000 is bigger than timepoint: 1640
Timepoint not recorded. dt_out:2000 is bigger than timepoint: 1640
Timepoint not recorded. dt_out:2000 is bigger than timepoint: 1640
Timepoint not recorded. dt_out:2000 is bigger than timepoint: 1640
Timepoint not recorded. dt_out:2000 is bigger than timepoint: 1640
Timepoint not recorded. dt_out:2000 is bigger than timepoint: 1640
Timepoint not recorded. dt_out:2000 is bigger than timepoint: 1640
Timepoint not recorded. dt_out:2000 is bigger than timepoint: 1640
Timepoint not recorded. dt_out:2000 is bigger than timepoint: 1640
Timepoint not recorded. dt_out:2000 is bigger than timepoint: 1640
Timepoint not recorded. dt_out:2000 is bigger than timepoint: 1640
Timepoint not recorded. dt_out:2000 is bigger than timepoint: 1640
Timepoint not recorded. dt_out:2000 is bigger than timepoint: 1640
Timepoint not recorded. dt_out:2000 is bigger than timepoint: 1640
Timepoint not recorded. dt_out:2000 is bigger than timepoint: 1640
Timepoint not recorded. dt_out:2000 is bigger than timepoint: 1640
Timepoint not recorded. dt_out:2000 is bigger than timepoint: 1640
Timepoint not recorded. dt_out:2000 is bigger than timepoint: 1640
Timepoint not recorded. dt_out:2000 is bigger than timepoint: 1640
Timepoint not recorded. dt_out:2000 is bigger than timepoint: 1640
Timepoint not recorded. dt_out:2000 is bigger than timepoint: 1640
Timepoint not recorded. dt_out:2000 is bigger than timepoint: 1640
Timepoint not recorded. dt_out:2000 is bigger than timepoint: 1640
Timepoint not recorded. dt_out:2000 is bigger than timepoint: 1640
Timepoint not recorded. dt_out:2000 is bigger than timepoint: 1640
Timepoint not recorded. dt_out:2000 is bigger than timepoint: 1640
Timepoint not recorded. dt_out:2000 is bigger than timepoint: 1640
Timepoint not recorded. dt_out:2000 is bigger than timepoint: 1640
Timepoint not recorded. dt_out:2000 is bigger than timepoint: 1640
Timepoint not recorded. dt_out:2000 is bigger than timepoint: 1640
Timepoint not recorded. dt_out:2000 is bigger than timepoint: 1640
Timepoint not recorded. dt_out:2000 is bigger than timepoint: 1640
Timepoint not recorded. dt_out:2000 is bigger than timepoint: 1640
Timepoint not recorded. dt_out:2000 is bigger than timepoint: 1640
Timepoint not recorded. dt_out:2000 is bigger than timepoint: 1640
Timepoint not recorded. dt_out:2000 is bigger than timepoint: 1640
Timepoint not recorded. dt_out:2000 is bigger than timepoint: 1640
Timepoint not recorded. dt_out:2000 is bigger than timepoint: 1640
Timepoint not recorded. dt_out:2000 is bigger than timepoint: 1640
Timepoint not recorded. dt_out:2000 is bigger than timepoint: 1640
Timepoint not recorded. dt_out:2000 is bigger than timepoint: 1640
1680
SAV_MATLAB_2000_dt_5.50e-06_Nx_64_neumann_n_relax_4_phi.csv
Exception type : ValueError 
Exception message : setting an array element with a sequence. The requested array has an inhomogeneous shape after 1 dimensions. The detected shape was (64,) + inhomogeneous part.
Stack trace : ['File : /sfs/gpfs/tardis/home/xpz5km/Cahn_Hilliard_Model_HPC/spinodal_decomp/compare_phi_norms.py , Line : 68, Func.Name : compare_phis_norm_at_timepoint, Message : snapshot = read_specific_lines(f"{root}/{fname}", line_list)', 'File : /sfs/gpfs/tardis/home/xpz5km/Cahn_Hilliard_Model_HPC/spinodal_decomp/compare_phi_norms.py , Line : 23, Func.Name : read_specific_lines, Message : result = np.array(result)']
NMG_MATLAB_2000_dt_5.50e-06_Nx_64_neumann_n_relax_4_phi.csv
Exception type : ValueError 
Exception message : setting an array element with a sequence. The requested array has an inhomogeneous shape after 1 dimensions. The detected shape was (64,) + inhomogeneous part.
Stack trace : ['File : /sfs/gpfs/tardis/home/xpz5km/Cahn_Hilliard_Model_HPC/spinodal_decomp/compare_phi_norms.py , Line : 68, Func.Name : compare_phis_norm_at_timepoint, Message : snapshot = read_specific_lines(f"{root}/{fname}", line_list)', 'File : /sfs/gpfs/tardis/home/xpz5km/Cahn_Hilliard_Model_HPC/spinodal_decomp/compare_phi_norms.py , Line : 23, Func.Name : read_specific_lines, Message : result = np.array(result)']
Timepoint not recorded. dt_out:2000 is bigger than timepoint: 1680
Timepoint not recorded. dt_out:2000 is bigger than timepoint: 1680
Timepoint not recorded. dt_out:2000 is bigger than timepoint: 1680
Timepoint not recorded. dt_out:2000 is bigger than timepoint: 1680
Timepoint not recorded. dt_out:2000 is bigger than timepoint: 1680
Timepoint not recorded. dt_out:2000 is bigger than timepoint: 1680
Timepoint not recorded. dt_out:2000 is bigger than timepoint: 1680
Timepoint not recorded. dt_out:2000 is bigger than timepoint: 1680
Timepoint not recorded. dt_out:2000 is bigger than timepoint: 1680
Timepoint not recorded. dt_out:2000 is bigger than timepoint: 1680
Timepoint not recorded. dt_out:2000 is bigger than timepoint: 1680
Timepoint not recorded. dt_out:2000 is bigger than timepoint: 1680
Timepoint not recorded. dt_out:2000 is bigger than timepoint: 1680
Timepoint not recorded. dt_out:2000 is bigger than timepoint: 1680
Timepoint not recorded. dt_out:2000 is bigger than timepoint: 1680
Timepoint not recorded. dt_out:2000 is bigger than timepoint: 1680
Timepoint not recorded. dt_out:2000 is bigger than timepoint: 1680
Timepoint not recorded. dt_out:2000 is bigger than timepoint: 1680
Timepoint not recorded. dt_out:2000 is bigger than timepoint: 1680
Timepoint not recorded. dt_out:2000 is bigger than timepoint: 1680
Timepoint not recorded. dt_out:2000 is bigger than timepoint: 1680
Timepoint not recorded. dt_out:2000 is bigger than timepoint: 1680
Timepoint not recorded. dt_out:2000 is bigger than timepoint: 1680
Timepoint not recorded. dt_out:2000 is bigger than timepoint: 1680
Timepoint not recorded. dt_out:2000 is bigger than timepoint: 1680
Timepoint not recorded. dt_out:2000 is bigger than timepoint: 1680
Timepoint not recorded. dt_out:2000 is bigger than timepoint: 1680
Timepoint not recorded. dt_out:2000 is bigger than timepoint: 1680
Timepoint not recorded. dt_out:2000 is bigger than timepoint: 1680
Timepoint not recorded. dt_out:2000 is bigger than timepoint: 1680
Timepoint not recorded. dt_out:2000 is bigger than timepoint: 1680
Timepoint not recorded. dt_out:2000 is bigger than timepoint: 1680
Timepoint not recorded. dt_out:2000 is bigger than timepoint: 1680
Timepoint not recorded. dt_out:2000 is bigger than timepoint: 1680
Timepoint not recorded. dt_out:2000 is bigger than timepoint: 1680
Timepoint not recorded. dt_out:2000 is bigger than timepoint: 1680
Timepoint not recorded. dt_out:2000 is bigger than timepoint: 1680
Timepoint not recorded. dt_out:2000 is bigger than timepoint: 1680
Timepoint not recorded. dt_out:2000 is bigger than timepoint: 1680
Timepoint not recorded. dt_out:2000 is bigger than timepoint: 1680
Timepoint not recorded. dt_out:2000 is bigger than timepoint: 1680
Timepoint not recorded. dt_out:2000 is bigger than timepoint: 1680
Timepoint not recorded. dt_out:2000 is bigger than timepoint: 1680
Timepoint not recorded. dt_out:2000 is bigger than timepoint: 1680
Timepoint not recorded. dt_out:2000 is bigger than timepoint: 1680
Timepoint not recorded. dt_out:2000 is bigger than timepoint: 1680
Timepoint not recorded. dt_out:2000 is bigger than timepoint: 1680
Timepoint not recorded. dt_out:2000 is bigger than timepoint: 1680
Timepoint not recorded. dt_out:2000 is bigger than timepoint: 1680
Timepoint not recorded. dt_out:2000 is bigger than timepoint: 1680
Timepoint not recorded. dt_out:2000 is bigger than timepoint: 1680
Timepoint not recorded. dt_out:2000 is bigger than timepoint: 1680
Timepoint not recorded. dt_out:2000 is bigger than timepoint: 1680
Timepoint not recorded. dt_out:2000 is bigger than timepoint: 1680
Timepoint not recorded. dt_out:2000 is bigger than timepoint: 1680
Timepoint not recorded. dt_out:2000 is bigger than timepoint: 1680
Timepoint not recorded. dt_out:2000 is bigger than timepoint: 1680
Timepoint not recorded. dt_out:2000 is bigger than timepoint: 1680
Timepoint not recorded. dt_out:2000 is bigger than timepoint: 1680
Timepoint not recorded. dt_out:2000 is bigger than timepoint: 1680
Timepoint not recorded. dt_out:2000 is bigger than timepoint: 1680
Timepoint not recorded. dt_out:2000 is bigger than timepoint: 1680
Timepoint not recorded. dt_out:2000 is bigger than timepoint: 1680
Timepoint not recorded. dt_out:2000 is bigger than timepoint: 1680
Timepoint not recorded. dt_out:2000 is bigger than timepoint: 1680
Timepoint not recorded. dt_out:2000 is bigger than timepoint: 1680
Timepoint not recorded. dt_out:2000 is bigger than timepoint: 1680
Timepoint not recorded. dt_out:2000 is bigger than timepoint: 1680
Timepoint not recorded. dt_out:2000 is bigger than timepoint: 1680
Timepoint not recorded. dt_out:2000 is bigger than timepoint: 1680
Timepoint not recorded. dt_out:2000 is bigger than timepoint: 1680
Timepoint not recorded. dt_out:2000 is bigger than timepoint: 1680
Timepoint not recorded. dt_out:2000 is bigger than timepoint: 1680
Timepoint not recorded. dt_out:2000 is bigger than timepoint: 1680
Timepoint not recorded. dt_out:2000 is bigger than timepoint: 1680
Timepoint not recorded. dt_out:2000 is bigger than timepoint: 1680
Timepoint not recorded. dt_out:2000 is bigger than timepoint: 1680
Timepoint not recorded. dt_out:2000 is bigger than timepoint: 1680
Timepoint not recorded. dt_out:2000 is bigger than timepoint: 1680
Timepoint not recorded. dt_out:2000 is bigger than timepoint: 1680
1720
Timepoint not recorded. dt_out:2000 is bigger than timepoint: 1720
Timepoint not recorded. dt_out:2000 is bigger than timepoint: 1720
Timepoint not recorded. dt_out:2000 is bigger than timepoint: 1720
Timepoint not recorded. dt_out:2000 is bigger than timepoint: 1720
Timepoint not recorded. dt_out:2000 is bigger than timepoint: 1720
Timepoint not recorded. dt_out:2000 is bigger than timepoint: 1720
Timepoint not recorded. dt_out:2000 is bigger than timepoint: 1720
Timepoint not recorded. dt_out:2000 is bigger than timepoint: 1720
Timepoint not recorded. dt_out:2000 is bigger than timepoint: 1720
Timepoint not recorded. dt_out:2000 is bigger than timepoint: 1720
Timepoint not recorded. dt_out:2000 is bigger than timepoint: 1720
Timepoint not recorded. dt_out:2000 is bigger than timepoint: 1720
Timepoint not recorded. dt_out:2000 is bigger than timepoint: 1720
Timepoint not recorded. dt_out:2000 is bigger than timepoint: 1720
Timepoint not recorded. dt_out:2000 is bigger than timepoint: 1720
Timepoint not recorded. dt_out:2000 is bigger than timepoint: 1720
Timepoint not recorded. dt_out:2000 is bigger than timepoint: 1720
Timepoint not recorded. dt_out:2000 is bigger than timepoint: 1720
Timepoint not recorded. dt_out:2000 is bigger than timepoint: 1720
Timepoint not recorded. dt_out:2000 is bigger than timepoint: 1720
Timepoint not recorded. dt_out:2000 is bigger than timepoint: 1720
Timepoint not recorded. dt_out:2000 is bigger than timepoint: 1720
Timepoint not recorded. dt_out:2000 is bigger than timepoint: 1720
Timepoint not recorded. dt_out:2000 is bigger than timepoint: 1720
Timepoint not recorded. dt_out:2000 is bigger than timepoint: 1720
Timepoint not recorded. dt_out:2000 is bigger than timepoint: 1720
Timepoint not recorded. dt_out:2000 is bigger than timepoint: 1720
Timepoint not recorded. dt_out:2000 is bigger than timepoint: 1720
Timepoint not recorded. dt_out:2000 is bigger than timepoint: 1720
Timepoint not recorded. dt_out:2000 is bigger than timepoint: 1720
Timepoint not recorded. dt_out:2000 is bigger than timepoint: 1720
Timepoint not recorded. dt_out:2000 is bigger than timepoint: 1720
Timepoint not recorded. dt_out:2000 is bigger than timepoint: 1720
Timepoint not recorded. dt_out:2000 is bigger than timepoint: 1720
Timepoint not recorded. dt_out:2000 is bigger than timepoint: 1720
Timepoint not recorded. dt_out:2000 is bigger than timepoint: 1720
Timepoint not recorded. dt_out:2000 is bigger than timepoint: 1720
Timepoint not recorded. dt_out:2000 is bigger than timepoint: 1720
Timepoint not recorded. dt_out:2000 is bigger than timepoint: 1720
Timepoint not recorded. dt_out:2000 is bigger than timepoint: 1720
Timepoint not recorded. dt_out:2000 is bigger than timepoint: 1720
Timepoint not recorded. dt_out:2000 is bigger than timepoint: 1720
Timepoint not recorded. dt_out:2000 is bigger than timepoint: 1720
Timepoint not recorded. dt_out:2000 is bigger than timepoint: 1720
Timepoint not recorded. dt_out:2000 is bigger than timepoint: 1720
Timepoint not recorded. dt_out:2000 is bigger than timepoint: 1720
Timepoint not recorded. dt_out:2000 is bigger than timepoint: 1720
Timepoint not recorded. dt_out:2000 is bigger than timepoint: 1720
Timepoint not recorded. dt_out:2000 is bigger than timepoint: 1720
Timepoint not recorded. dt_out:2000 is bigger than timepoint: 1720
Timepoint not recorded. dt_out:2000 is bigger than timepoint: 1720
Timepoint not recorded. dt_out:2000 is bigger than timepoint: 1720
Timepoint not recorded. dt_out:2000 is bigger than timepoint: 1720
Timepoint not recorded. dt_out:2000 is bigger than timepoint: 1720
Timepoint not recorded. dt_out:2000 is bigger than timepoint: 1720
Timepoint not recorded. dt_out:2000 is bigger than timepoint: 1720
Timepoint not recorded. dt_out:2000 is bigger than timepoint: 1720
Timepoint not recorded. dt_out:2000 is bigger than timepoint: 1720
Timepoint not recorded. dt_out:2000 is bigger than timepoint: 1720
Timepoint not recorded. dt_out:2000 is bigger than timepoint: 1720
Timepoint not recorded. dt_out:2000 is bigger than timepoint: 1720
Timepoint not recorded. dt_out:2000 is bigger than timepoint: 1720
Timepoint not recorded. dt_out:2000 is bigger than timepoint: 1720
Timepoint not recorded. dt_out:2000 is bigger than timepoint: 1720
Timepoint not recorded. dt_out:2000 is bigger than timepoint: 1720
Timepoint not recorded. dt_out:2000 is bigger than timepoint: 1720
Timepoint not recorded. dt_out:2000 is bigger than timepoint: 1720
Timepoint not recorded. dt_out:2000 is bigger than timepoint: 1720
Timepoint not recorded. dt_out:2000 is bigger than timepoint: 1720
Timepoint not recorded. dt_out:2000 is bigger than timepoint: 1720
Timepoint not recorded. dt_out:2000 is bigger than timepoint: 1720
Timepoint not recorded. dt_out:2000 is bigger than timepoint: 1720
Timepoint not recorded. dt_out:2000 is bigger than timepoint: 1720
Timepoint not recorded. dt_out:2000 is bigger than timepoint: 1720
Timepoint not recorded. dt_out:2000 is bigger than timepoint: 1720
Timepoint not recorded. dt_out:2000 is bigger than timepoint: 1720
Timepoint not recorded. dt_out:2000 is bigger than timepoint: 1720
Timepoint not recorded. dt_out:2000 is bigger than timepoint: 1720
Timepoint not recorded. dt_out:2000 is bigger than timepoint: 1720
Timepoint not recorded. dt_out:2000 is bigger than timepoint: 1720
1760
SAV_MATLAB_2000_dt_5.50e-06_Nx_512_periodic_n_relax_4_phi.csv
Exception type : ValueError 
Exception message : could not convert string to float: '0.991372530614500.7283828273898'
Stack trace : ['File : /sfs/gpfs/tardis/home/xpz5km/Cahn_Hilliard_Model_HPC/spinodal_decomp/compare_phi_norms.py , Line : 68, Func.Name : compare_phis_norm_at_timepoint, Message : snapshot = read_specific_lines(f"{root}/{fname}", line_list)', 'File : /sfs/gpfs/tardis/home/xpz5km/Cahn_Hilliard_Model_HPC/spinodal_decomp/compare_phi_norms.py , Line : 19, Func.Name : read_specific_lines, Message : digits.append(float(i))']
Timepoint not recorded. dt_out:2000 is bigger than timepoint: 1760
Timepoint not recorded. dt_out:2000 is bigger than timepoint: 1760
Timepoint not recorded. dt_out:2000 is bigger than timepoint: 1760
Timepoint not recorded. dt_out:2000 is bigger than timepoint: 1760
Timepoint not recorded. dt_out:2000 is bigger than timepoint: 1760
Timepoint not recorded. dt_out:2000 is bigger than timepoint: 1760
Timepoint not recorded. dt_out:2000 is bigger than timepoint: 1760
Timepoint not recorded. dt_out:2000 is bigger than timepoint: 1760
Timepoint not recorded. dt_out:2000 is bigger than timepoint: 1760
Timepoint not recorded. dt_out:2000 is bigger than timepoint: 1760
Timepoint not recorded. dt_out:2000 is bigger than timepoint: 1760
Timepoint not recorded. dt_out:2000 is bigger than timepoint: 1760
Timepoint not recorded. dt_out:2000 is bigger than timepoint: 1760
Timepoint not recorded. dt_out:2000 is bigger than timepoint: 1760
Timepoint not recorded. dt_out:2000 is bigger than timepoint: 1760
Timepoint not recorded. dt_out:2000 is bigger than timepoint: 1760
Timepoint not recorded. dt_out:2000 is bigger than timepoint: 1760
Timepoint not recorded. dt_out:2000 is bigger than timepoint: 1760
Timepoint not recorded. dt_out:2000 is bigger than timepoint: 1760
Timepoint not recorded. dt_out:2000 is bigger than timepoint: 1760
Timepoint not recorded. dt_out:2000 is bigger than timepoint: 1760
Timepoint not recorded. dt_out:2000 is bigger than timepoint: 1760
Timepoint not recorded. dt_out:2000 is bigger than timepoint: 1760
Timepoint not recorded. dt_out:2000 is bigger than timepoint: 1760
Timepoint not recorded. dt_out:2000 is bigger than timepoint: 1760
Timepoint not recorded. dt_out:2000 is bigger than timepoint: 1760
Timepoint not recorded. dt_out:2000 is bigger than timepoint: 1760
Timepoint not recorded. dt_out:2000 is bigger than timepoint: 1760
Timepoint not recorded. dt_out:2000 is bigger than timepoint: 1760
Timepoint not recorded. dt_out:2000 is bigger than timepoint: 1760
Timepoint not recorded. dt_out:2000 is bigger than timepoint: 1760
Timepoint not recorded. dt_out:2000 is bigger than timepoint: 1760
Timepoint not recorded. dt_out:2000 is bigger than timepoint: 1760
Timepoint not recorded. dt_out:2000 is bigger than timepoint: 1760
Timepoint not recorded. dt_out:2000 is bigger than timepoint: 1760
Timepoint not recorded. dt_out:2000 is bigger than timepoint: 1760
Timepoint not recorded. dt_out:2000 is bigger than timepoint: 1760
Timepoint not recorded. dt_out:2000 is bigger than timepoint: 1760
Timepoint not recorded. dt_out:2000 is bigger than timepoint: 1760
Timepoint not recorded. dt_out:2000 is bigger than timepoint: 1760
Timepoint not recorded. dt_out:2000 is bigger than timepoint: 1760
Timepoint not recorded. dt_out:2000 is bigger than timepoint: 1760
Timepoint not recorded. dt_out:2000 is bigger than timepoint: 1760
Timepoint not recorded. dt_out:2000 is bigger than timepoint: 1760
Timepoint not recorded. dt_out:2000 is bigger than timepoint: 1760
Timepoint not recorded. dt_out:2000 is bigger than timepoint: 1760
Timepoint not recorded. dt_out:2000 is bigger than timepoint: 1760
Timepoint not recorded. dt_out:2000 is bigger than timepoint: 1760
Timepoint not recorded. dt_out:2000 is bigger than timepoint: 1760
Timepoint not recorded. dt_out:2000 is bigger than timepoint: 1760
Timepoint not recorded. dt_out:2000 is bigger than timepoint: 1760
Timepoint not recorded. dt_out:2000 is bigger than timepoint: 1760
Timepoint not recorded. dt_out:2000 is bigger than timepoint: 1760
Timepoint not recorded. dt_out:2000 is bigger than timepoint: 1760
Timepoint not recorded. dt_out:2000 is bigger than timepoint: 1760
Timepoint not recorded. dt_out:2000 is bigger than timepoint: 1760
Timepoint not recorded. dt_out:2000 is bigger than timepoint: 1760
Timepoint not recorded. dt_out:2000 is bigger than timepoint: 1760
Timepoint not recorded. dt_out:2000 is bigger than timepoint: 1760
Timepoint not recorded. dt_out:2000 is bigger than timepoint: 1760
Timepoint not recorded. dt_out:2000 is bigger than timepoint: 1760
Timepoint not recorded. dt_out:2000 is bigger than timepoint: 1760
Timepoint not recorded. dt_out:2000 is bigger than timepoint: 1760
Timepoint not recorded. dt_out:2000 is bigger than timepoint: 1760
Timepoint not recorded. dt_out:2000 is bigger than timepoint: 1760
Timepoint not recorded. dt_out:2000 is bigger than timepoint: 1760
Timepoint not recorded. dt_out:2000 is bigger than timepoint: 1760
Timepoint not recorded. dt_out:2000 is bigger than timepoint: 1760
Timepoint not recorded. dt_out:2000 is bigger than timepoint: 1760
Timepoint not recorded. dt_out:2000 is bigger than timepoint: 1760
Timepoint not recorded. dt_out:2000 is bigger than timepoint: 1760
Timepoint not recorded. dt_out:2000 is bigger than timepoint: 1760
Timepoint not recorded. dt_out:2000 is bigger than timepoint: 1760
Timepoint not recorded. dt_out:2000 is bigger than timepoint: 1760
Timepoint not recorded. dt_out:2000 is bigger than timepoint: 1760
Timepoint not recorded. dt_out:2000 is bigger than timepoint: 1760
Timepoint not recorded. dt_out:2000 is bigger than timepoint: 1760
Timepoint not recorded. dt_out:2000 is bigger than timepoint: 1760
Timepoint not recorded. dt_out:2000 is bigger than timepoint: 1760
Timepoint not recorded. dt_out:2000 is bigger than timepoint: 1760
1800
Timepoint not recorded. dt_out:2000 is bigger than timepoint: 1800
Timepoint not recorded. dt_out:2000 is bigger than timepoint: 1800
Timepoint not recorded. dt_out:2000 is bigger than timepoint: 1800
Timepoint not recorded. dt_out:2000 is bigger than timepoint: 1800
Timepoint not recorded. dt_out:2000 is bigger than timepoint: 1800
Timepoint not recorded. dt_out:2000 is bigger than timepoint: 1800
Timepoint not recorded. dt_out:2000 is bigger than timepoint: 1800
Timepoint not recorded. dt_out:2000 is bigger than timepoint: 1800
Timepoint not recorded. dt_out:2000 is bigger than timepoint: 1800
Timepoint not recorded. dt_out:2000 is bigger than timepoint: 1800
Timepoint not recorded. dt_out:2000 is bigger than timepoint: 1800
Timepoint not recorded. dt_out:2000 is bigger than timepoint: 1800
Timepoint not recorded. dt_out:2000 is bigger than timepoint: 1800
Timepoint not recorded. dt_out:2000 is bigger than timepoint: 1800
Timepoint not recorded. dt_out:2000 is bigger than timepoint: 1800
Timepoint not recorded. dt_out:2000 is bigger than timepoint: 1800
Timepoint not recorded. dt_out:2000 is bigger than timepoint: 1800
Timepoint not recorded. dt_out:2000 is bigger than timepoint: 1800
Timepoint not recorded. dt_out:2000 is bigger than timepoint: 1800
Timepoint not recorded. dt_out:2000 is bigger than timepoint: 1800
Timepoint not recorded. dt_out:2000 is bigger than timepoint: 1800
Timepoint not recorded. dt_out:2000 is bigger than timepoint: 1800
Timepoint not recorded. dt_out:2000 is bigger than timepoint: 1800
Timepoint not recorded. dt_out:2000 is bigger than timepoint: 1800
Timepoint not recorded. dt_out:2000 is bigger than timepoint: 1800
Timepoint not recorded. dt_out:2000 is bigger than timepoint: 1800
Timepoint not recorded. dt_out:2000 is bigger than timepoint: 1800
Timepoint not recorded. dt_out:2000 is bigger than timepoint: 1800
Timepoint not recorded. dt_out:2000 is bigger than timepoint: 1800
Timepoint not recorded. dt_out:2000 is bigger than timepoint: 1800
Timepoint not recorded. dt_out:2000 is bigger than timepoint: 1800
Timepoint not recorded. dt_out:2000 is bigger than timepoint: 1800
Timepoint not recorded. dt_out:2000 is bigger than timepoint: 1800
Timepoint not recorded. dt_out:2000 is bigger than timepoint: 1800
Timepoint not recorded. dt_out:2000 is bigger than timepoint: 1800
Timepoint not recorded. dt_out:2000 is bigger than timepoint: 1800
Timepoint not recorded. dt_out:2000 is bigger than timepoint: 1800
Timepoint not recorded. dt_out:2000 is bigger than timepoint: 1800
Timepoint not recorded. dt_out:2000 is bigger than timepoint: 1800
Timepoint not recorded. dt_out:2000 is bigger than timepoint: 1800
Timepoint not recorded. dt_out:2000 is bigger than timepoint: 1800
Timepoint not recorded. dt_out:2000 is bigger than timepoint: 1800
Timepoint not recorded. dt_out:2000 is bigger than timepoint: 1800
Timepoint not recorded. dt_out:2000 is bigger than timepoint: 1800
Timepoint not recorded. dt_out:2000 is bigger than timepoint: 1800
Timepoint not recorded. dt_out:2000 is bigger than timepoint: 1800
Timepoint not recorded. dt_out:2000 is bigger than timepoint: 1800
Timepoint not recorded. dt_out:2000 is bigger than timepoint: 1800
Timepoint not recorded. dt_out:2000 is bigger than timepoint: 1800
Timepoint not recorded. dt_out:2000 is bigger than timepoint: 1800
Timepoint not recorded. dt_out:2000 is bigger than timepoint: 1800
Timepoint not recorded. dt_out:2000 is bigger than timepoint: 1800
Timepoint not recorded. dt_out:2000 is bigger than timepoint: 1800
Timepoint not recorded. dt_out:2000 is bigger than timepoint: 1800
Timepoint not recorded. dt_out:2000 is bigger than timepoint: 1800
Timepoint not recorded. dt_out:2000 is bigger than timepoint: 1800
Timepoint not recorded. dt_out:2000 is bigger than timepoint: 1800
Timepoint not recorded. dt_out:2000 is bigger than timepoint: 1800
Timepoint not recorded. dt_out:2000 is bigger than timepoint: 1800
Timepoint not recorded. dt_out:2000 is bigger than timepoint: 1800
Timepoint not recorded. dt_out:2000 is bigger than timepoint: 1800
Timepoint not recorded. dt_out:2000 is bigger than timepoint: 1800
Timepoint not recorded. dt_out:2000 is bigger than timepoint: 1800
Timepoint not recorded. dt_out:2000 is bigger than timepoint: 1800
Timepoint not recorded. dt_out:2000 is bigger than timepoint: 1800
Timepoint not recorded. dt_out:2000 is bigger than timepoint: 1800
Timepoint not recorded. dt_out:2000 is bigger than timepoint: 1800
Timepoint not recorded. dt_out:2000 is bigger than timepoint: 1800
Timepoint not recorded. dt_out:2000 is bigger than timepoint: 1800
Timepoint not recorded. dt_out:2000 is bigger than timepoint: 1800
Timepoint not recorded. dt_out:2000 is bigger than timepoint: 1800
Timepoint not recorded. dt_out:2000 is bigger than timepoint: 1800
Timepoint not recorded. dt_out:2000 is bigger than timepoint: 1800
Timepoint not recorded. dt_out:2000 is bigger than timepoint: 1800
Timepoint not recorded. dt_out:2000 is bigger than timepoint: 1800
Timepoint not recorded. dt_out:2000 is bigger than timepoint: 1800
Timepoint not recorded. dt_out:2000 is bigger than timepoint: 1800
Timepoint not recorded. dt_out:2000 is bigger than timepoint: 1800
Timepoint not recorded. dt_out:2000 is bigger than timepoint: 1800
Timepoint not recorded. dt_out:2000 is bigger than timepoint: 1800
1840
Timepoint not recorded. dt_out:2000 is bigger than timepoint: 1840
Timepoint not recorded. dt_out:2000 is bigger than timepoint: 1840
Timepoint not recorded. dt_out:2000 is bigger than timepoint: 1840
Timepoint not recorded. dt_out:2000 is bigger than timepoint: 1840
Timepoint not recorded. dt_out:2000 is bigger than timepoint: 1840
Timepoint not recorded. dt_out:2000 is bigger than timepoint: 1840
Timepoint not recorded. dt_out:2000 is bigger than timepoint: 1840
Timepoint not recorded. dt_out:2000 is bigger than timepoint: 1840
Timepoint not recorded. dt_out:2000 is bigger than timepoint: 1840
Timepoint not recorded. dt_out:2000 is bigger than timepoint: 1840
Timepoint not recorded. dt_out:2000 is bigger than timepoint: 1840
Timepoint not recorded. dt_out:2000 is bigger than timepoint: 1840
Timepoint not recorded. dt_out:2000 is bigger than timepoint: 1840
Timepoint not recorded. dt_out:2000 is bigger than timepoint: 1840
Timepoint not recorded. dt_out:2000 is bigger than timepoint: 1840
Timepoint not recorded. dt_out:2000 is bigger than timepoint: 1840
Timepoint not recorded. dt_out:2000 is bigger than timepoint: 1840
Timepoint not recorded. dt_out:2000 is bigger than timepoint: 1840
Timepoint not recorded. dt_out:2000 is bigger than timepoint: 1840
Timepoint not recorded. dt_out:2000 is bigger than timepoint: 1840
Timepoint not recorded. dt_out:2000 is bigger than timepoint: 1840
Timepoint not recorded. dt_out:2000 is bigger than timepoint: 1840
Timepoint not recorded. dt_out:2000 is bigger than timepoint: 1840
Timepoint not recorded. dt_out:2000 is bigger than timepoint: 1840
Timepoint not recorded. dt_out:2000 is bigger than timepoint: 1840
Timepoint not recorded. dt_out:2000 is bigger than timepoint: 1840
Timepoint not recorded. dt_out:2000 is bigger than timepoint: 1840
Timepoint not recorded. dt_out:2000 is bigger than timepoint: 1840
Timepoint not recorded. dt_out:2000 is bigger than timepoint: 1840
Timepoint not recorded. dt_out:2000 is bigger than timepoint: 1840
Timepoint not recorded. dt_out:2000 is bigger than timepoint: 1840
Timepoint not recorded. dt_out:2000 is bigger than timepoint: 1840
Timepoint not recorded. dt_out:2000 is bigger than timepoint: 1840
Timepoint not recorded. dt_out:2000 is bigger than timepoint: 1840
Timepoint not recorded. dt_out:2000 is bigger than timepoint: 1840
Timepoint not recorded. dt_out:2000 is bigger than timepoint: 1840
Timepoint not recorded. dt_out:2000 is bigger than timepoint: 1840
Timepoint not recorded. dt_out:2000 is bigger than timepoint: 1840
Timepoint not recorded. dt_out:2000 is bigger than timepoint: 1840
Timepoint not recorded. dt_out:2000 is bigger than timepoint: 1840
Timepoint not recorded. dt_out:2000 is bigger than timepoint: 1840
Timepoint not recorded. dt_out:2000 is bigger than timepoint: 1840
Timepoint not recorded. dt_out:2000 is bigger than timepoint: 1840
Timepoint not recorded. dt_out:2000 is bigger than timepoint: 1840
Timepoint not recorded. dt_out:2000 is bigger than timepoint: 1840
Timepoint not recorded. dt_out:2000 is bigger than timepoint: 1840
Timepoint not recorded. dt_out:2000 is bigger than timepoint: 1840
Timepoint not recorded. dt_out:2000 is bigger than timepoint: 1840
Timepoint not recorded. dt_out:2000 is bigger than timepoint: 1840
Timepoint not recorded. dt_out:2000 is bigger than timepoint: 1840
Timepoint not recorded. dt_out:2000 is bigger than timepoint: 1840
Timepoint not recorded. dt_out:2000 is bigger than timepoint: 1840
Timepoint not recorded. dt_out:2000 is bigger than timepoint: 1840
Timepoint not recorded. dt_out:2000 is bigger than timepoint: 1840
Timepoint not recorded. dt_out:2000 is bigger than timepoint: 1840
Timepoint not recorded. dt_out:2000 is bigger than timepoint: 1840
Timepoint not recorded. dt_out:2000 is bigger than timepoint: 1840
Timepoint not recorded. dt_out:2000 is bigger than timepoint: 1840
Timepoint not recorded. dt_out:2000 is bigger than timepoint: 1840
Timepoint not recorded. dt_out:2000 is bigger than timepoint: 1840
Timepoint not recorded. dt_out:2000 is bigger than timepoint: 1840
Timepoint not recorded. dt_out:2000 is bigger than timepoint: 1840
Timepoint not recorded. dt_out:2000 is bigger than timepoint: 1840
Timepoint not recorded. dt_out:2000 is bigger than timepoint: 1840
Timepoint not recorded. dt_out:2000 is bigger than timepoint: 1840
Timepoint not recorded. dt_out:2000 is bigger than timepoint: 1840
Timepoint not recorded. dt_out:2000 is bigger than timepoint: 1840
Timepoint not recorded. dt_out:2000 is bigger than timepoint: 1840
Timepoint not recorded. dt_out:2000 is bigger than timepoint: 1840
Timepoint not recorded. dt_out:2000 is bigger than timepoint: 1840
Timepoint not recorded. dt_out:2000 is bigger than timepoint: 1840
Timepoint not recorded. dt_out:2000 is bigger than timepoint: 1840
Timepoint not recorded. dt_out:2000 is bigger than timepoint: 1840
Timepoint not recorded. dt_out:2000 is bigger than timepoint: 1840
Timepoint not recorded. dt_out:2000 is bigger than timepoint: 1840
Timepoint not recorded. dt_out:2000 is bigger than timepoint: 1840
Timepoint not recorded. dt_out:2000 is bigger than timepoint: 1840
Timepoint not recorded. dt_out:2000 is bigger than timepoint: 1840
Timepoint not recorded. dt_out:2000 is bigger than timepoint: 1840
Timepoint not recorded. dt_out:2000 is bigger than timepoint: 1840
1880
Timepoint not recorded. dt_out:2000 is bigger than timepoint: 1880
Timepoint not recorded. dt_out:2000 is bigger than timepoint: 1880
Timepoint not recorded. dt_out:2000 is bigger than timepoint: 1880
Timepoint not recorded. dt_out:2000 is bigger than timepoint: 1880
Timepoint not recorded. dt_out:2000 is bigger than timepoint: 1880
Timepoint not recorded. dt_out:2000 is bigger than timepoint: 1880
Timepoint not recorded. dt_out:2000 is bigger than timepoint: 1880
Timepoint not recorded. dt_out:2000 is bigger than timepoint: 1880
Timepoint not recorded. dt_out:2000 is bigger than timepoint: 1880
Timepoint not recorded. dt_out:2000 is bigger than timepoint: 1880
Timepoint not recorded. dt_out:2000 is bigger than timepoint: 1880
Timepoint not recorded. dt_out:2000 is bigger than timepoint: 1880
Timepoint not recorded. dt_out:2000 is bigger than timepoint: 1880
Timepoint not recorded. dt_out:2000 is bigger than timepoint: 1880
Timepoint not recorded. dt_out:2000 is bigger than timepoint: 1880
Timepoint not recorded. dt_out:2000 is bigger than timepoint: 1880
Timepoint not recorded. dt_out:2000 is bigger than timepoint: 1880
Timepoint not recorded. dt_out:2000 is bigger than timepoint: 1880
Timepoint not recorded. dt_out:2000 is bigger than timepoint: 1880
Timepoint not recorded. dt_out:2000 is bigger than timepoint: 1880
Timepoint not recorded. dt_out:2000 is bigger than timepoint: 1880
Timepoint not recorded. dt_out:2000 is bigger than timepoint: 1880
Timepoint not recorded. dt_out:2000 is bigger than timepoint: 1880
Timepoint not recorded. dt_out:2000 is bigger than timepoint: 1880
Timepoint not recorded. dt_out:2000 is bigger than timepoint: 1880
Timepoint not recorded. dt_out:2000 is bigger than timepoint: 1880
Timepoint not recorded. dt_out:2000 is bigger than timepoint: 1880
Timepoint not recorded. dt_out:2000 is bigger than timepoint: 1880
Timepoint not recorded. dt_out:2000 is bigger than timepoint: 1880
Timepoint not recorded. dt_out:2000 is bigger than timepoint: 1880
Timepoint not recorded. dt_out:2000 is bigger than timepoint: 1880
Timepoint not recorded. dt_out:2000 is bigger than timepoint: 1880
Timepoint not recorded. dt_out:2000 is bigger than timepoint: 1880
Timepoint not recorded. dt_out:2000 is bigger than timepoint: 1880
Timepoint not recorded. dt_out:2000 is bigger than timepoint: 1880
Timepoint not recorded. dt_out:2000 is bigger than timepoint: 1880
Timepoint not recorded. dt_out:2000 is bigger than timepoint: 1880
Timepoint not recorded. dt_out:2000 is bigger than timepoint: 1880
Timepoint not recorded. dt_out:2000 is bigger than timepoint: 1880
Timepoint not recorded. dt_out:2000 is bigger than timepoint: 1880
Timepoint not recorded. dt_out:2000 is bigger than timepoint: 1880
Timepoint not recorded. dt_out:2000 is bigger than timepoint: 1880
Timepoint not recorded. dt_out:2000 is bigger than timepoint: 1880
Timepoint not recorded. dt_out:2000 is bigger than timepoint: 1880
Timepoint not recorded. dt_out:2000 is bigger than timepoint: 1880
Timepoint not recorded. dt_out:2000 is bigger than timepoint: 1880
Timepoint not recorded. dt_out:2000 is bigger than timepoint: 1880
Timepoint not recorded. dt_out:2000 is bigger than timepoint: 1880
Timepoint not recorded. dt_out:2000 is bigger than timepoint: 1880
Timepoint not recorded. dt_out:2000 is bigger than timepoint: 1880
Timepoint not recorded. dt_out:2000 is bigger than timepoint: 1880
Timepoint not recorded. dt_out:2000 is bigger than timepoint: 1880
Timepoint not recorded. dt_out:2000 is bigger than timepoint: 1880
Timepoint not recorded. dt_out:2000 is bigger than timepoint: 1880
Timepoint not recorded. dt_out:2000 is bigger than timepoint: 1880
Timepoint not recorded. dt_out:2000 is bigger than timepoint: 1880
Timepoint not recorded. dt_out:2000 is bigger than timepoint: 1880
Timepoint not recorded. dt_out:2000 is bigger than timepoint: 1880
Timepoint not recorded. dt_out:2000 is bigger than timepoint: 1880
Timepoint not recorded. dt_out:2000 is bigger than timepoint: 1880
Timepoint not recorded. dt_out:2000 is bigger than timepoint: 1880
Timepoint not recorded. dt_out:2000 is bigger than timepoint: 1880
Timepoint not recorded. dt_out:2000 is bigger than timepoint: 1880
Timepoint not recorded. dt_out:2000 is bigger than timepoint: 1880
Timepoint not recorded. dt_out:2000 is bigger than timepoint: 1880
Timepoint not recorded. dt_out:2000 is bigger than timepoint: 1880
Timepoint not recorded. dt_out:2000 is bigger than timepoint: 1880
Timepoint not recorded. dt_out:2000 is bigger than timepoint: 1880
Timepoint not recorded. dt_out:2000 is bigger than timepoint: 1880
Timepoint not recorded. dt_out:2000 is bigger than timepoint: 1880
Timepoint not recorded. dt_out:2000 is bigger than timepoint: 1880
Timepoint not recorded. dt_out:2000 is bigger than timepoint: 1880
Timepoint not recorded. dt_out:2000 is bigger than timepoint: 1880
Timepoint not recorded. dt_out:2000 is bigger than timepoint: 1880
Timepoint not recorded. dt_out:2000 is bigger than timepoint: 1880
Timepoint not recorded. dt_out:2000 is bigger than timepoint: 1880
Timepoint not recorded. dt_out:2000 is bigger than timepoint: 1880
Timepoint not recorded. dt_out:2000 is bigger than timepoint: 1880
Timepoint not recorded. dt_out:2000 is bigger than timepoint: 1880
Timepoint not recorded. dt_out:2000 is bigger than timepoint: 1880
1920
Timepoint not recorded. dt_out:2000 is bigger than timepoint: 1920
Timepoint not recorded. dt_out:2000 is bigger than timepoint: 1920
Timepoint not recorded. dt_out:2000 is bigger than timepoint: 1920
Timepoint not recorded. dt_out:2000 is bigger than timepoint: 1920
Timepoint not recorded. dt_out:2000 is bigger than timepoint: 1920
Timepoint not recorded. dt_out:2000 is bigger than timepoint: 1920
Timepoint not recorded. dt_out:2000 is bigger than timepoint: 1920
Timepoint not recorded. dt_out:2000 is bigger than timepoint: 1920
Timepoint not recorded. dt_out:2000 is bigger than timepoint: 1920
Timepoint not recorded. dt_out:2000 is bigger than timepoint: 1920
Timepoint not recorded. dt_out:2000 is bigger than timepoint: 1920
Timepoint not recorded. dt_out:2000 is bigger than timepoint: 1920
Timepoint not recorded. dt_out:2000 is bigger than timepoint: 1920
Timepoint not recorded. dt_out:2000 is bigger than timepoint: 1920
Timepoint not recorded. dt_out:2000 is bigger than timepoint: 1920
Timepoint not recorded. dt_out:2000 is bigger than timepoint: 1920
Timepoint not recorded. dt_out:2000 is bigger than timepoint: 1920
Timepoint not recorded. dt_out:2000 is bigger than timepoint: 1920
Timepoint not recorded. dt_out:2000 is bigger than timepoint: 1920
Timepoint not recorded. dt_out:2000 is bigger than timepoint: 1920
Timepoint not recorded. dt_out:2000 is bigger than timepoint: 1920
Timepoint not recorded. dt_out:2000 is bigger than timepoint: 1920
Timepoint not recorded. dt_out:2000 is bigger than timepoint: 1920
Timepoint not recorded. dt_out:2000 is bigger than timepoint: 1920
Timepoint not recorded. dt_out:2000 is bigger than timepoint: 1920
Timepoint not recorded. dt_out:2000 is bigger than timepoint: 1920
Timepoint not recorded. dt_out:2000 is bigger than timepoint: 1920
Timepoint not recorded. dt_out:2000 is bigger than timepoint: 1920
Timepoint not recorded. dt_out:2000 is bigger than timepoint: 1920
Timepoint not recorded. dt_out:2000 is bigger than timepoint: 1920
Timepoint not recorded. dt_out:2000 is bigger than timepoint: 1920
Timepoint not recorded. dt_out:2000 is bigger than timepoint: 1920
Timepoint not recorded. dt_out:2000 is bigger than timepoint: 1920
Timepoint not recorded. dt_out:2000 is bigger than timepoint: 1920
Timepoint not recorded. dt_out:2000 is bigger than timepoint: 1920
Timepoint not recorded. dt_out:2000 is bigger than timepoint: 1920
Timepoint not recorded. dt_out:2000 is bigger than timepoint: 1920
Timepoint not recorded. dt_out:2000 is bigger than timepoint: 1920
Timepoint not recorded. dt_out:2000 is bigger than timepoint: 1920
Timepoint not recorded. dt_out:2000 is bigger than timepoint: 1920
Timepoint not recorded. dt_out:2000 is bigger than timepoint: 1920
Timepoint not recorded. dt_out:2000 is bigger than timepoint: 1920
Timepoint not recorded. dt_out:2000 is bigger than timepoint: 1920
Timepoint not recorded. dt_out:2000 is bigger than timepoint: 1920
Timepoint not recorded. dt_out:2000 is bigger than timepoint: 1920
Timepoint not recorded. dt_out:2000 is bigger than timepoint: 1920
Timepoint not recorded. dt_out:2000 is bigger than timepoint: 1920
Timepoint not recorded. dt_out:2000 is bigger than timepoint: 1920
Timepoint not recorded. dt_out:2000 is bigger than timepoint: 1920
Timepoint not recorded. dt_out:2000 is bigger than timepoint: 1920
Timepoint not recorded. dt_out:2000 is bigger than timepoint: 1920
Timepoint not recorded. dt_out:2000 is bigger than timepoint: 1920
Timepoint not recorded. dt_out:2000 is bigger than timepoint: 1920
Timepoint not recorded. dt_out:2000 is bigger than timepoint: 1920
Timepoint not recorded. dt_out:2000 is bigger than timepoint: 1920
Timepoint not recorded. dt_out:2000 is bigger than timepoint: 1920
Timepoint not recorded. dt_out:2000 is bigger than timepoint: 1920
Timepoint not recorded. dt_out:2000 is bigger than timepoint: 1920
Timepoint not recorded. dt_out:2000 is bigger than timepoint: 1920
Timepoint not recorded. dt_out:2000 is bigger than timepoint: 1920
Timepoint not recorded. dt_out:2000 is bigger than timepoint: 1920
Timepoint not recorded. dt_out:2000 is bigger than timepoint: 1920
Timepoint not recorded. dt_out:2000 is bigger than timepoint: 1920
Timepoint not recorded. dt_out:2000 is bigger than timepoint: 1920
Timepoint not recorded. dt_out:2000 is bigger than timepoint: 1920
Timepoint not recorded. dt_out:2000 is bigger than timepoint: 1920
Timepoint not recorded. dt_out:2000 is bigger than timepoint: 1920
Timepoint not recorded. dt_out:2000 is bigger than timepoint: 1920
Timepoint not recorded. dt_out:2000 is bigger than timepoint: 1920
Timepoint not recorded. dt_out:2000 is bigger than timepoint: 1920
Timepoint not recorded. dt_out:2000 is bigger than timepoint: 1920
Timepoint not recorded. dt_out:2000 is bigger than timepoint: 1920
Timepoint not recorded. dt_out:2000 is bigger than timepoint: 1920
Timepoint not recorded. dt_out:2000 is bigger than timepoint: 1920
Timepoint not recorded. dt_out:2000 is bigger than timepoint: 1920
Timepoint not recorded. dt_out:2000 is bigger than timepoint: 1920
Timepoint not recorded. dt_out:2000 is bigger than timepoint: 1920
Timepoint not recorded. dt_out:2000 is bigger than timepoint: 1920
Timepoint not recorded. dt_out:2000 is bigger than timepoint: 1920
Timepoint not recorded. dt_out:2000 is bigger than timepoint: 1920
1960
Timepoint not recorded. dt_out:2000 is bigger than timepoint: 1960
Timepoint not recorded. dt_out:2000 is bigger than timepoint: 1960
Timepoint not recorded. dt_out:2000 is bigger than timepoint: 1960
Timepoint not recorded. dt_out:2000 is bigger than timepoint: 1960
Timepoint not recorded. dt_out:2000 is bigger than timepoint: 1960
Timepoint not recorded. dt_out:2000 is bigger than timepoint: 1960
Timepoint not recorded. dt_out:2000 is bigger than timepoint: 1960
Timepoint not recorded. dt_out:2000 is bigger than timepoint: 1960
Timepoint not recorded. dt_out:2000 is bigger than timepoint: 1960
Timepoint not recorded. dt_out:2000 is bigger than timepoint: 1960
Timepoint not recorded. dt_out:2000 is bigger than timepoint: 1960
Timepoint not recorded. dt_out:2000 is bigger than timepoint: 1960
Timepoint not recorded. dt_out:2000 is bigger than timepoint: 1960
Timepoint not recorded. dt_out:2000 is bigger than timepoint: 1960
Timepoint not recorded. dt_out:2000 is bigger than timepoint: 1960
Timepoint not recorded. dt_out:2000 is bigger than timepoint: 1960
Timepoint not recorded. dt_out:2000 is bigger than timepoint: 1960
Timepoint not recorded. dt_out:2000 is bigger than timepoint: 1960
Timepoint not recorded. dt_out:2000 is bigger than timepoint: 1960
Timepoint not recorded. dt_out:2000 is bigger than timepoint: 1960
Timepoint not recorded. dt_out:2000 is bigger than timepoint: 1960
Timepoint not recorded. dt_out:2000 is bigger than timepoint: 1960
Timepoint not recorded. dt_out:2000 is bigger than timepoint: 1960
Timepoint not recorded. dt_out:2000 is bigger than timepoint: 1960
Timepoint not recorded. dt_out:2000 is bigger than timepoint: 1960
Timepoint not recorded. dt_out:2000 is bigger than timepoint: 1960
Timepoint not recorded. dt_out:2000 is bigger than timepoint: 1960
Timepoint not recorded. dt_out:2000 is bigger than timepoint: 1960
Timepoint not recorded. dt_out:2000 is bigger than timepoint: 1960
Timepoint not recorded. dt_out:2000 is bigger than timepoint: 1960
Timepoint not recorded. dt_out:2000 is bigger than timepoint: 1960
Timepoint not recorded. dt_out:2000 is bigger than timepoint: 1960
Timepoint not recorded. dt_out:2000 is bigger than timepoint: 1960
Timepoint not recorded. dt_out:2000 is bigger than timepoint: 1960
Timepoint not recorded. dt_out:2000 is bigger than timepoint: 1960
Timepoint not recorded. dt_out:2000 is bigger than timepoint: 1960
Timepoint not recorded. dt_out:2000 is bigger than timepoint: 1960
Timepoint not recorded. dt_out:2000 is bigger than timepoint: 1960
Timepoint not recorded. dt_out:2000 is bigger than timepoint: 1960
Timepoint not recorded. dt_out:2000 is bigger than timepoint: 1960
Timepoint not recorded. dt_out:2000 is bigger than timepoint: 1960
Timepoint not recorded. dt_out:2000 is bigger than timepoint: 1960
Timepoint not recorded. dt_out:2000 is bigger than timepoint: 1960
Timepoint not recorded. dt_out:2000 is bigger than timepoint: 1960
Timepoint not recorded. dt_out:2000 is bigger than timepoint: 1960
Timepoint not recorded. dt_out:2000 is bigger than timepoint: 1960
Timepoint not recorded. dt_out:2000 is bigger than timepoint: 1960
Timepoint not recorded. dt_out:2000 is bigger than timepoint: 1960
Timepoint not recorded. dt_out:2000 is bigger than timepoint: 1960
Timepoint not recorded. dt_out:2000 is bigger than timepoint: 1960
Timepoint not recorded. dt_out:2000 is bigger than timepoint: 1960
Timepoint not recorded. dt_out:2000 is bigger than timepoint: 1960
Timepoint not recorded. dt_out:2000 is bigger than timepoint: 1960
Timepoint not recorded. dt_out:2000 is bigger than timepoint: 1960
Timepoint not recorded. dt_out:2000 is bigger than timepoint: 1960
Timepoint not recorded. dt_out:2000 is bigger than timepoint: 1960
Timepoint not recorded. dt_out:2000 is bigger than timepoint: 1960
Timepoint not recorded. dt_out:2000 is bigger than timepoint: 1960
Timepoint not recorded. dt_out:2000 is bigger than timepoint: 1960
Timepoint not recorded. dt_out:2000 is bigger than timepoint: 1960
Timepoint not recorded. dt_out:2000 is bigger than timepoint: 1960
Timepoint not recorded. dt_out:2000 is bigger than timepoint: 1960
Timepoint not recorded. dt_out:2000 is bigger than timepoint: 1960
Timepoint not recorded. dt_out:2000 is bigger than timepoint: 1960
Timepoint not recorded. dt_out:2000 is bigger than timepoint: 1960
Timepoint not recorded. dt_out:2000 is bigger than timepoint: 1960
Timepoint not recorded. dt_out:2000 is bigger than timepoint: 1960
Timepoint not recorded. dt_out:2000 is bigger than timepoint: 1960
Timepoint not recorded. dt_out:2000 is bigger than timepoint: 1960
Timepoint not recorded. dt_out:2000 is bigger than timepoint: 1960
Timepoint not recorded. dt_out:2000 is bigger than timepoint: 1960
Timepoint not recorded. dt_out:2000 is bigger than timepoint: 1960
Timepoint not recorded. dt_out:2000 is bigger than timepoint: 1960
Timepoint not recorded. dt_out:2000 is bigger than timepoint: 1960
Timepoint not recorded. dt_out:2000 is bigger than timepoint: 1960
Timepoint not recorded. dt_out:2000 is bigger than timepoint: 1960
Timepoint not recorded. dt_out:2000 is bigger than timepoint: 1960
Timepoint not recorded. dt_out:2000 is bigger than timepoint: 1960
Timepoint not recorded. dt_out:2000 is bigger than timepoint: 1960
Timepoint not recorded. dt_out:2000 is bigger than timepoint: 1960
DONE
