Fri May 9 12:07:20 EDT 2025
MODULES LOADED
Timepoint 0
SAV, MATLAB,2000,256,periodic,None (10),25p
/project/g_bme-janeslab/SarahG/spinodal_decomp_04_2025/out_MATLAB/SAV_MATLAB_2000_dt_5.50e-06_Nx_256_periodic_n_relax_4_25p_phi.csv 0 256
130.02964977248234
SAV, MATLAB,2000,128,periodic,None (10),50p
/project/g_bme-janeslab/SarahG/spinodal_decomp_04_2025/out_MATLAB/SAV_MATLAB_2000_dt_5.50e-06_Nx_128_periodic_n_relax_4_phi.csv 0 128
16.338019238090343
NMG, MATLAB,2000,64,neumann,None (10),25p
/project/g_bme-janeslab/SarahG/spinodal_decomp_04_2025/out_MATLAB/NMG_MATLAB_2000_dt_5.50e-06_Nx_64_neumann_n_relax_4_25p_phi.csv 0 64
31.89139796114392
SAV, MATLAB,2000,512,periodic,None (10),75p
/project/g_bme-janeslab/SarahG/spinodal_decomp_04_2025/out_MATLAB/SAV_MATLAB_2000_dt_5.50e-06_Nx_512_periodic_n_relax_4_75p_phi.csv 0 512
261.0235085456542
NMG, MATLAB,2000,128,periodic,None (10),50p
/project/g_bme-janeslab/SarahG/spinodal_decomp_04_2025/out_MATLAB/NMG_MATLAB_2000_dt_5.50e-06_Nx_128_periodic_n_relax_4_phi.csv 0 128
16.338019238090343
SAV, MATLAB,2000,256,neumann,None (10),25p
/project/g_bme-janeslab/SarahG/spinodal_decomp_04_2025/out_MATLAB/SAV_MATLAB_2000_dt_5.50e-06_Nx_256_neumann_n_relax_4_25p_phi.csv 0 256
130.02964977248234
NMG, MATLAB,2000,128,neumann,None (10),75p
/project/g_bme-janeslab/SarahG/spinodal_decomp_04_2025/out_MATLAB/NMG_MATLAB_2000_dt_5.50e-06_Nx_128_neumann_n_relax_4_75p_phi.csv 0 128
64.56840056370952
NMG, MATLAB,2000,256,neumann,None (10),50p
/project/g_bme-janeslab/SarahG/spinodal_decomp_04_2025/out_MATLAB/NMG_MATLAB_2000_dt_5.50e-06_Nx_256_neumann_n_relax_4_phi.csv 0 256
37.84490979408554
NMG, MATLAB,2000,256,neumann,None (10),75p
/project/g_bme-janeslab/SarahG/spinodal_decomp_04_2025/out_MATLAB/NMG_MATLAB_2000_dt_5.50e-06_Nx_256_neumann_n_relax_4_75p_phi.csv 0 256
130.13179688686242
SAV, MATLAB,2000,64,neumann,None (10),50p
/project/g_bme-janeslab/SarahG/spinodal_decomp_04_2025/out_MATLAB/SAV_MATLAB_2000_dt_5.50e-06_Nx_64_neumann_n_relax_4_phi.csv 0 64
5.793058526954734
NMG, MATLAB,2000,128,periodic,None (10),75p
/project/g_bme-janeslab/SarahG/spinodal_decomp_04_2025/out_MATLAB/NMG_MATLAB_2000_dt_5.50e-06_Nx_128_periodic_n_relax_4_75p_phi.csv 0 128
64.56840056370952
NMG, MATLAB,2000,512,neumann,None (10),25p
/project/g_bme-janeslab/SarahG/spinodal_decomp_04_2025/out_MATLAB/NMG_MATLAB_2000_dt_5.50e-06_Nx_512_neumann_n_relax_4_25p_phi.csv 0 512
260.81333081731987
SAV, MATLAB,2000,64,periodic,None (10),25p
/project/g_bme-janeslab/SarahG/spinodal_decomp_04_2025/out_MATLAB/SAV_MATLAB_2000_dt_5.50e-06_Nx_64_periodic_n_relax_4_25p_phi.csv 0 64
31.89139796114392
NMG, MATLAB,2000,64,periodic,None (10),25p
/project/g_bme-janeslab/SarahG/spinodal_decomp_04_2025/out_MATLAB/NMG_MATLAB_2000_dt_5.50e-06_Nx_64_periodic_n_relax_4_25p_phi.csv 0 64
31.89139796114392
NMG, MATLAB,2000,128,periodic,None (10),25p
/project/g_bme-janeslab/SarahG/spinodal_decomp_04_2025/out_MATLAB/NMG_MATLAB_2000_dt_5.50e-06_Nx_128_periodic_n_relax_4_25p_phi.csv 0 128
64.52529436818811
NMG, MATLAB,2000,256,periodic,None (10),25p
/project/g_bme-janeslab/SarahG/spinodal_decomp_04_2025/out_MATLAB/NMG_MATLAB_2000_dt_5.50e-06_Nx_256_periodic_n_relax_4_25p_phi.csv 0 256
130.02964977248234
SAV, MATLAB,2000,64,periodic,None (10),75p
/project/g_bme-janeslab/SarahG/spinodal_decomp_04_2025/out_MATLAB/SAV_MATLAB_2000_dt_5.50e-06_Nx_64_periodic_n_relax_4_75p_phi.csv 0 64
31.90797299687814
SAV, MATLAB,2000,512,periodic,None (10),50p
/project/g_bme-janeslab/SarahG/spinodal_decomp_04_2025/out_MATLAB/SAV_MATLAB_2000_dt_5.50e-06_Nx_512_periodic_n_relax_4_phi.csv 0 512
79.2467743605897
SAV, MATLAB,2000,512,periodic,None (10),25p
/project/g_bme-janeslab/SarahG/spinodal_decomp_04_2025/out_MATLAB/SAV_MATLAB_2000_dt_5.50e-06_Nx_512_periodic_n_relax_4_25p_phi.csv 0 512
260.81333081731987
SAV, MATLAB,2000,128,neumann,None (10),50p
/project/g_bme-janeslab/SarahG/spinodal_decomp_04_2025/out_MATLAB/SAV_MATLAB_2000_dt_5.50e-06_Nx_128_neumann_n_relax_4_phi.csv 0 128
16.338019238090343
SAV, MATLAB,2000,512,neumann,None (10),25p
/project/g_bme-janeslab/SarahG/spinodal_decomp_04_2025/out_MATLAB/SAV_MATLAB_2000_dt_5.50e-06_Nx_512_neumann_n_relax_4_25p_phi.csv 0 512
260.81333081731987
NMG, MATLAB,2000,256,periodic,None (10),50p
/project/g_bme-janeslab/SarahG/spinodal_decomp_04_2025/out_MATLAB/NMG_MATLAB_2000_dt_5.50e-06_Nx_256_periodic_n_relax_4_phi.csv 0 256
37.84490979408554
NMG, MATLAB,2000,64,neumann,None (10),75p
/project/g_bme-janeslab/SarahG/spinodal_decomp_04_2025/out_MATLAB/NMG_MATLAB_2000_dt_5.50e-06_Nx_64_neumann_n_relax_4_75p_phi.csv 0 64
31.90797299687814
SAV, MATLAB,2000,512,neumann,None (10),75p
/project/g_bme-janeslab/SarahG/spinodal_decomp_04_2025/out_MATLAB/SAV_MATLAB_2000_dt_5.50e-06_Nx_512_neumann_n_relax_4_75p_phi.csv 0 512
261.0235085456542
SAV, MATLAB,2000,512,neumann,None (10),50p
/project/g_bme-janeslab/SarahG/spinodal_decomp_04_2025/out_MATLAB/SAV_MATLAB_2000_dt_5.50e-06_Nx_512_neumann_n_relax_4_phi.csv 0 512
79.2467743605897
SAV, MATLAB,2000,64,neumann,None (10),75p
/project/g_bme-janeslab/SarahG/spinodal_decomp_04_2025/out_MATLAB/SAV_MATLAB_2000_dt_5.50e-06_Nx_64_neumann_n_relax_4_75p_phi.csv 0 64
31.90797299687814
NMG, MATLAB,2000,128,neumann,None (10),50p
/project/g_bme-janeslab/SarahG/spinodal_decomp_04_2025/out_MATLAB/NMG_MATLAB_2000_dt_5.50e-06_Nx_128_neumann_n_relax_4_phi.csv 0 128
16.338019238090343
SAV, MATLAB,2000,256,periodic,None (10),75p
/project/g_bme-janeslab/SarahG/spinodal_decomp_04_2025/out_MATLAB/SAV_MATLAB_2000_dt_5.50e-06_Nx_256_periodic_n_relax_4_75p_phi.csv 0 256
130.13179688686242
NMG, MATLAB,2000,512,periodic,None (10),75p
/project/g_bme-janeslab/SarahG/spinodal_decomp_04_2025/out_MATLAB/NMG_MATLAB_2000_dt_5.50e-06_Nx_512_periodic_n_relax_4_75p_phi.csv 0 512
261.0235085456542
SAV, MATLAB,2000,128,neumann,None (10),25p
/project/g_bme-janeslab/SarahG/spinodal_decomp_04_2025/out_MATLAB/SAV_MATLAB_2000_dt_5.50e-06_Nx_128_neumann_n_relax_4_25p_phi.csv 0 128
64.52529436818811
NMG, MATLAB,2000,512,neumann,None (10),75p
/project/g_bme-janeslab/SarahG/spinodal_decomp_04_2025/out_MATLAB/NMG_MATLAB_2000_dt_5.50e-06_Nx_512_neumann_n_relax_4_75p_phi.csv 0 512
261.0235085456542
SAV, MATLAB,2000,256,neumann,None (10),75p
/project/g_bme-janeslab/SarahG/spinodal_decomp_04_2025/out_MATLAB/SAV_MATLAB_2000_dt_5.50e-06_Nx_256_neumann_n_relax_4_75p_phi.csv 0 256
130.13179688686242
SAV, MATLAB,2000,64,periodic,None (10),50p
/project/g_bme-janeslab/SarahG/spinodal_decomp_04_2025/out_MATLAB/SAV_MATLAB_2000_dt_5.50e-06_Nx_64_periodic_n_relax_4_phi.csv 0 64
5.793058526954734
SAV, MATLAB,2000,64,neumann,None (10),25p
/project/g_bme-janeslab/SarahG/spinodal_decomp_04_2025/out_MATLAB/SAV_MATLAB_2000_dt_5.50e-06_Nx_64_neumann_n_relax_4_25p_phi.csv 0 64
31.89139796114392
SAV, MATLAB,2000,256,neumann,None (10),50p
/project/g_bme-janeslab/SarahG/spinodal_decomp_04_2025/out_MATLAB/SAV_MATLAB_2000_dt_5.50e-06_Nx_256_neumann_n_relax_4_phi.csv 0 256
37.84490979408554
NMG, MATLAB,2000,256,neumann,None (10),25p
/project/g_bme-janeslab/SarahG/spinodal_decomp_04_2025/out_MATLAB/NMG_MATLAB_2000_dt_5.50e-06_Nx_256_neumann_n_relax_4_25p_phi.csv 0 256
130.02964977248234
NMG, MATLAB,2000,512,periodic,None (10),50p
/project/g_bme-janeslab/SarahG/spinodal_decomp_04_2025/out_MATLAB/NMG_MATLAB_2000_dt_5.50e-06_Nx_512_periodic_n_relax_4_phi.csv 0 512
79.2467743605897
SAV, MATLAB,2000,128,neumann,None (10),75p
/project/g_bme-janeslab/SarahG/spinodal_decomp_04_2025/out_MATLAB/SAV_MATLAB_2000_dt_5.50e-06_Nx_128_neumann_n_relax_4_75p_phi.csv 0 128
64.56840056370952
SAV, MATLAB,2000,128,periodic,None (10),25p
/project/g_bme-janeslab/SarahG/spinodal_decomp_04_2025/out_MATLAB/SAV_MATLAB_2000_dt_5.50e-06_Nx_128_periodic_n_relax_4_25p_phi.csv 0 128
64.52529436818811
SAV, MATLAB,2000,128,periodic,None (10),75p
/project/g_bme-janeslab/SarahG/spinodal_decomp_04_2025/out_MATLAB/SAV_MATLAB_2000_dt_5.50e-06_Nx_128_periodic_n_relax_4_75p_phi.csv 0 128
64.56840056370952
SAV, MATLAB,2000,256,periodic,None (10),50p
/project/g_bme-janeslab/SarahG/spinodal_decomp_04_2025/out_MATLAB/SAV_MATLAB_2000_dt_5.50e-06_Nx_256_periodic_n_relax_4_phi.csv 0 256
37.84490979408554
NMG, MATLAB,2000,64,periodic,None (10),75p
/project/g_bme-janeslab/SarahG/spinodal_decomp_04_2025/out_MATLAB/NMG_MATLAB_2000_dt_5.50e-06_Nx_64_periodic_n_relax_4_75p_phi.csv 0 64
31.90797299687814
NMG, MATLAB,2000,64,neumann,None (10),50p
/project/g_bme-janeslab/SarahG/spinodal_decomp_04_2025/out_MATLAB/NMG_MATLAB_2000_dt_5.50e-06_Nx_64_neumann_n_relax_4_phi.csv 0 64
5.793058526954734
NMG, MATLAB,2000,256,periodic,None (10),75p
/project/g_bme-janeslab/SarahG/spinodal_decomp_04_2025/out_MATLAB/NMG_MATLAB_2000_dt_5.50e-06_Nx_256_periodic_n_relax_4_75p_phi.csv 0 256
130.13179688686242
NMG, MATLAB,2000,512,neumann,None (10),50p
/project/g_bme-janeslab/SarahG/spinodal_decomp_04_2025/out_MATLAB/NMG_MATLAB_2000_dt_5.50e-06_Nx_512_neumann_n_relax_4_phi.csv 0 512
79.2467743605897
NMG, MATLAB,2000,128,neumann,None (10),25p
/project/g_bme-janeslab/SarahG/spinodal_decomp_04_2025/out_MATLAB/NMG_MATLAB_2000_dt_5.50e-06_Nx_128_neumann_n_relax_4_25p_phi.csv 0 128
64.52529436818811
NMG, MATLAB,2000,64,periodic,None (10),50p
/project/g_bme-janeslab/SarahG/spinodal_decomp_04_2025/out_MATLAB/NMG_MATLAB_2000_dt_5.50e-06_Nx_64_periodic_n_relax_4_phi.csv 0 64
5.793058526954734
NMG, MATLAB,2000,512,periodic,None (10),25p
/project/g_bme-janeslab/SarahG/spinodal_decomp_04_2025/out_MATLAB/NMG_MATLAB_2000_dt_5.50e-06_Nx_512_periodic_n_relax_4_25p_phi.csv 0 512
260.81333081731987
NMG, Julia,2000,128,neumann,10,50p
/project/g_bme-janeslab/SarahG/spinodal_decomp_04_2025/out_julia/NMG_Julia_2000_dt_5.50e-06_Nx_128_neumann_dtout_10_phi.csv 0 128
16.338019238090347
NMG, Julia,2000,64,neumann,10,25p
/project/g_bme-janeslab/SarahG/spinodal_decomp_04_2025/out_julia/NMG_Julia_2000_dt_5.50e-06_Nx_64_neumann_dtout_10_25p_phi.csv 0 64
31.89139796114392
NMG, Julia,2000,256,neumann,2000,50p
/project/g_bme-janeslab/SarahG/spinodal_decomp_04_2025/out_julia/NMG_Julia_2000_dt_5.50e-06_Nx_256_neumann_dtout_2000_phi.csv 0 256
37.84490979408554
SAV, Julia,2000,512,periodic,2000,75p
/project/g_bme-janeslab/SarahG/spinodal_decomp_04_2025/out_julia/SAV_Julia_2000_dt_5.50e-06_Nx_512_periodic_dtout_2000_75p_phi.csv 0 512
261.0235085456542
NMG, Julia,2000,128,neumann,2000,50p
/project/g_bme-janeslab/SarahG/spinodal_decomp_04_2025/out_julia/NMG_Julia_2000_dt_5.50e-06_Nx_128_neumann_dtout_2000_phi.csv 0 128
16.338019238090347
SAV, Julia,2000,256,periodic,2000,25p
/project/g_bme-janeslab/SarahG/spinodal_decomp_04_2025/out_julia/SAV_Julia_2000_dt_5.50e-06_Nx_256_periodic_dtout_2000_25p_phi.csv 0 256
130.02964977248232
NMG, Julia,2000,512,neumann,2000,50p
/project/g_bme-janeslab/SarahG/spinodal_decomp_04_2025/out_julia/NMG_Julia_2000_dt_5.50e-06_Nx_512_neumann_dtout_2000_phi.csv 0 512
79.2467743605897
SAV, Julia,2000,512,neumann,10,50p
/project/g_bme-janeslab/SarahG/spinodal_decomp_04_2025/out_julia/SAV_Julia_2000_dt_5.50e-06_Nx_512_neumann_dtout_10_phi.csv 0 512
79.2467743605897
SAV, Julia,2000,512,periodic,10,75p
/project/g_bme-janeslab/SarahG/spinodal_decomp_04_2025/out_julia/SAV_Julia_2000_dt_5.50e-06_Nx_512_periodic_dtout_10_75p_phi.csv 0 512
261.0235085456542
NMG, Julia,2000,128,periodic,2000,50p
/project/g_bme-janeslab/SarahG/spinodal_decomp_04_2025/out_julia/NMG_Julia_2000_dt_5.50e-06_Nx_128_periodic_dtout_2000_phi.csv 0 128
16.338019238090347
SAV, Julia,2000,128,neumann,10,75p
/project/g_bme-janeslab/SarahG/spinodal_decomp_04_2025/out_julia/SAV_Julia_2000_dt_5.50e-06_Nx_128_neumann_dtout_10_75p_phi.csv 0 128
64.56840056370952
SAV, Julia,2000,128,periodic,10,25p
/project/g_bme-janeslab/SarahG/spinodal_decomp_04_2025/out_julia/SAV_Julia_2000_dt_5.50e-06_Nx_128_periodic_dtout_10_25p_phi.csv 0 128
64.52529436818811
NMG, Julia,2000,64,neumann,10,75p
/project/g_bme-janeslab/SarahG/spinodal_decomp_04_2025/out_julia/NMG_Julia_2000_dt_5.50e-06_Nx_64_neumann_dtout_10_75p_phi.csv 0 64
31.90797299687814
NMG, Julia,2000,256,periodic,2000,75p
/project/g_bme-janeslab/SarahG/spinodal_decomp_04_2025/out_julia/NMG_Julia_2000_dt_5.50e-06_Nx_256_periodic_dtout_2000_75p_phi.csv 0 256
130.1317968868624
NMG, Julia,2000,128,periodic,2000,75p
/project/g_bme-janeslab/SarahG/spinodal_decomp_04_2025/out_julia/NMG_Julia_2000_dt_5.50e-06_Nx_128_periodic_dtout_2000_75p_phi.csv 0 128
64.56840056370952
NMG, Julia,2000,128,neumann,2000,25p
/project/g_bme-janeslab/SarahG/spinodal_decomp_04_2025/out_julia/NMG_Julia_2000_dt_5.50e-06_Nx_128_neumann_dtout_2000_25p_phi.csv 0 128
64.52529436818811
SAV, Julia,2000,512,periodic,2000,25p
/project/g_bme-janeslab/SarahG/spinodal_decomp_04_2025/out_julia/SAV_Julia_2000_dt_5.50e-06_Nx_512_periodic_dtout_2000_25p_phi.csv 0 512
260.81333081731987
NMG, Julia,2000,64,neumann,10,50p
/project/g_bme-janeslab/SarahG/spinodal_decomp_04_2025/out_julia/NMG_Julia_2000_dt_5.50e-06_Nx_64_neumann_dtout_10_phi.csv 0 64
5.793058526954734
SAV, Julia,2000,256,neumann,2000,50p
/project/g_bme-janeslab/SarahG/spinodal_decomp_04_2025/out_julia/SAV_Julia_2000_dt_5.50e-06_Nx_256_neumann_dtout_2000_phi.csv 0 256
37.84490979408554
SAV, Julia,2000,512,periodic,10,25p
/project/g_bme-janeslab/SarahG/spinodal_decomp_04_2025/out_julia/SAV_Julia_2000_dt_5.50e-06_Nx_512_periodic_dtout_10_25p_phi.csv 0 512
260.81333081731987
SAV, Julia,2000,128,periodic,10,50p
/project/g_bme-janeslab/SarahG/spinodal_decomp_04_2025/out_julia/SAV_Julia_2000_dt_5.50e-06_Nx_128_periodic_dtout_10_phi.csv 0 128
16.338019238090347
SAV, Julia,2000,512,neumann,10,75p
/project/g_bme-janeslab/SarahG/spinodal_decomp_04_2025/out_julia/SAV_Julia_2000_dt_5.50e-06_Nx_512_neumann_dtout_10_75p_phi.csv 0 512
261.0235085456542
NMG, Julia,2000,256,periodic,2000,50p
/project/g_bme-janeslab/SarahG/spinodal_decomp_04_2025/out_julia/NMG_Julia_2000_dt_5.50e-06_Nx_256_periodic_dtout_2000_phi.csv 0 256
37.84490979408554
SAV, Julia,2000,128,periodic,2000,50p
/project/g_bme-janeslab/SarahG/spinodal_decomp_04_2025/out_julia/SAV_Julia_2000_dt_5.50e-06_Nx_128_periodic_dtout_2000_phi.csv 0 128
16.338019238090347
SAV, Julia,2000,64,neumann,2000,25p
/project/g_bme-janeslab/SarahG/spinodal_decomp_04_2025/out_julia/SAV_Julia_2000_dt_5.50e-06_Nx_64_neumann_dtout_2000_25p_phi.csv 0 64
31.89139796114392
NMG, Julia,2000,512,periodic,2000,75p
/project/g_bme-janeslab/SarahG/spinodal_decomp_04_2025/out_julia/NMG_Julia_2000_dt_5.50e-06_Nx_512_periodic_dtout_2000_75p_phi.csv 0 512
261.0235085456542
SAV, Julia,2000,256,periodic,2000,75p
/project/g_bme-janeslab/SarahG/spinodal_decomp_04_2025/out_julia/SAV_Julia_2000_dt_5.50e-06_Nx_256_periodic_dtout_2000_75p_phi.csv 0 256
130.1317968868624
SAV, Julia,2000,256,neumann,10,25p
/project/g_bme-janeslab/SarahG/spinodal_decomp_04_2025/out_julia/SAV_Julia_2000_dt_5.50e-06_Nx_256_neumann_dtout_10_25p_phi.csv 0 256
130.02964977248232
SAV, Julia,2000,128,neumann,2000,25p
/project/g_bme-janeslab/SarahG/spinodal_decomp_04_2025/out_julia/SAV_Julia_2000_dt_5.50e-06_Nx_128_neumann_dtout_2000_25p_phi.csv 0 128
64.52529436818811
NMG, Julia,2000,256,neumann,10,75p
/project/g_bme-janeslab/SarahG/spinodal_decomp_04_2025/out_julia/NMG_Julia_2000_dt_5.50e-06_Nx_256_neumann_dtout_10_75p_phi.csv 0 256
130.1317968868624
SAV, Julia,2000,512,neumann,10,25p
/project/g_bme-janeslab/SarahG/spinodal_decomp_04_2025/out_julia/SAV_Julia_2000_dt_5.50e-06_Nx_512_neumann_dtout_10_25p_phi.csv 0 512
260.81333081731987
NMG, Julia,2000,64,neumann,2000,50p
/project/g_bme-janeslab/SarahG/spinodal_decomp_04_2025/out_julia/NMG_Julia_2000_dt_5.50e-06_Nx_64_neumann_dtout_2000_phi.csv 0 64
5.793058526954734
SAV, Julia,2000,256,periodic,2000,50p
/project/g_bme-janeslab/SarahG/spinodal_decomp_04_2025/out_julia/SAV_Julia_2000_dt_5.50e-06_Nx_256_periodic_dtout_2000_phi.csv 0 256
37.84490979408554
SAV, Julia,2000,64,neumann,2000,50p
/project/g_bme-janeslab/SarahG/spinodal_decomp_04_2025/out_julia/SAV_Julia_2000_dt_5.50e-06_Nx_64_neumann_dtout_2000_phi.csv 0 64
5.793058526954734
SAV, Julia,2000,128,periodic,10,75p
/project/g_bme-janeslab/SarahG/spinodal_decomp_04_2025/out_julia/SAV_Julia_2000_dt_5.50e-06_Nx_128_periodic_dtout_10_75p_phi.csv 0 128
64.56840056370952
NMG, Julia,2000,64,periodic,10,50p
/project/g_bme-janeslab/SarahG/spinodal_decomp_04_2025/out_julia/NMG_Julia_2000_dt_5.50e-06_Nx_64_periodic_dtout_10_phi.csv 0 64
5.793058526954734
SAV, Julia,2000,512,neumann,2000,50p
/project/g_bme-janeslab/SarahG/spinodal_decomp_04_2025/out_julia/SAV_Julia_2000_dt_5.50e-06_Nx_512_neumann_dtout_2000_phi.csv 0 512
79.2467743605897
NMG, Julia,2000,64,periodic,2000,50p
/project/g_bme-janeslab/SarahG/spinodal_decomp_04_2025/out_julia/NMG_Julia_2000_dt_5.50e-06_Nx_64_periodic_dtout_2000_phi.csv 0 64
5.793058526954734
NMG, Julia,2000,64,periodic,2000,75p
/project/g_bme-janeslab/SarahG/spinodal_decomp_04_2025/out_julia/NMG_Julia_2000_dt_5.50e-06_Nx_64_periodic_dtout_2000_75p_phi.csv 0 64
31.90797299687814
NMG, Julia,2000,512,neumann,10,25p
/project/g_bme-janeslab/SarahG/spinodal_decomp_04_2025/out_julia/NMG_Julia_2000_dt_5.50e-06_Nx_512_neumann_dtout_10_25p_phi.csv 0 512
260.81333081731987
SAV, Julia,2000,256,neumann,2000,25p
/project/g_bme-janeslab/SarahG/spinodal_decomp_04_2025/out_julia/SAV_Julia_2000_dt_5.50e-06_Nx_256_neumann_dtout_2000_25p_phi.csv 0 256
130.02964977248232
SAV, Julia,2000,256,neumann,2000,75p
/project/g_bme-janeslab/SarahG/spinodal_decomp_04_2025/out_julia/SAV_Julia_2000_dt_5.50e-06_Nx_256_neumann_dtout_2000_75p_phi.csv 0 256
130.1317968868624
SAV, Julia,2000,512,periodic,10,50p
/project/g_bme-janeslab/SarahG/spinodal_decomp_04_2025/out_julia/SAV_Julia_2000_dt_5.50e-06_Nx_512_periodic_dtout_10_phi.csv 0 512
79.2467743605897
NMG, Julia,2000,128,periodic,10,50p
/project/g_bme-janeslab/SarahG/spinodal_decomp_04_2025/out_julia/NMG_Julia_2000_dt_5.50e-06_Nx_128_periodic_dtout_10_phi.csv 0 128
16.338019238090347
NMG, Julia,2000,128,neumann,2000,75p
/project/g_bme-janeslab/SarahG/spinodal_decomp_04_2025/out_julia/NMG_Julia_2000_dt_5.50e-06_Nx_128_neumann_dtout_2000_75p_phi.csv 0 128
64.56840056370952
NMG, Julia,2000,512,periodic,2000,25p
/project/g_bme-janeslab/SarahG/spinodal_decomp_04_2025/out_julia/NMG_Julia_2000_dt_5.50e-06_Nx_512_periodic_dtout_2000_25p_phi.csv 0 512
260.81333081731987
SAV, Julia,2000,64,periodic,2000,25p
/project/g_bme-janeslab/SarahG/spinodal_decomp_04_2025/out_julia/SAV_Julia_2000_dt_5.50e-06_Nx_64_periodic_dtout_2000_25p_phi.csv 0 64
31.89139796114392
NMG, Julia,2000,128,neumann,10,25p
/project/g_bme-janeslab/SarahG/spinodal_decomp_04_2025/out_julia/NMG_Julia_2000_dt_5.50e-06_Nx_128_neumann_dtout_10_25p_phi.csv 0 128
64.52529436818811
NMG, Julia,2000,512,periodic,2000,50p
/project/g_bme-janeslab/SarahG/spinodal_decomp_04_2025/out_julia/NMG_Julia_2000_dt_5.50e-06_Nx_512_periodic_dtout_2000_phi.csv 0 512
79.2467743605897
NMG, Julia,2000,64,periodic,10,75p
/project/g_bme-janeslab/SarahG/spinodal_decomp_04_2025/out_julia/NMG_Julia_2000_dt_5.50e-06_Nx_64_periodic_dtout_10_75p_phi.csv 0 64
31.90797299687814
SAV, Julia,2000,64,neumann,2000,75p
/project/g_bme-janeslab/SarahG/spinodal_decomp_04_2025/out_julia/SAV_Julia_2000_dt_5.50e-06_Nx_64_neumann_dtout_2000_75p_phi.csv 0 64
31.90797299687814
SAV, Julia,2000,128,neumann,2000,75p
/project/g_bme-janeslab/SarahG/spinodal_decomp_04_2025/out_julia/SAV_Julia_2000_dt_5.50e-06_Nx_128_neumann_dtout_2000_75p_phi.csv 0 128
64.56840056370952
SAV, Julia,2000,64,periodic,2000,75p
/project/g_bme-janeslab/SarahG/spinodal_decomp_04_2025/out_julia/SAV_Julia_2000_dt_5.50e-06_Nx_64_periodic_dtout_2000_75p_phi.csv 0 64
31.90797299687814
SAV, Julia,2000,128,neumann,10,50p
/project/g_bme-janeslab/SarahG/spinodal_decomp_04_2025/out_julia/SAV_Julia_2000_dt_5.50e-06_Nx_128_neumann_dtout_10_phi.csv 0 128
16.338019238090347
NMG, Julia,2000,512,neumann,10,75p
/project/g_bme-janeslab/SarahG/spinodal_decomp_04_2025/out_julia/NMG_Julia_2000_dt_5.50e-06_Nx_512_neumann_dtout_10_75p_phi.csv 0 512
261.0235085456542
SAV, Julia,2000,256,neumann,10,50p
/project/g_bme-janeslab/SarahG/spinodal_decomp_04_2025/out_julia/SAV_Julia_2000_dt_5.50e-06_Nx_256_neumann_dtout_10_phi.csv 0 256
37.84490979408554
NMG, Julia,2000,512,neumann,2000,25p
/project/g_bme-janeslab/SarahG/spinodal_decomp_04_2025/out_julia/NMG_Julia_2000_dt_5.50e-06_Nx_512_neumann_dtout_2000_25p_phi.csv 0 512
260.81333081731987
NMG, Julia,2000,256,periodic,10,25p
/project/g_bme-janeslab/SarahG/spinodal_decomp_04_2025/out_julia/NMG_Julia_2000_dt_5.50e-06_Nx_256_periodic_dtout_10_25p_phi.csv 0 256
130.02964977248232
NMG, Julia,2000,256,neumann,10,50p
/project/g_bme-janeslab/SarahG/spinodal_decomp_04_2025/out_julia/NMG_Julia_2000_dt_5.50e-06_Nx_256_neumann_dtout_10_phi.csv 0 256
37.84490979408554
SAV, Julia,2000,128,neumann,2000,50p
/project/g_bme-janeslab/SarahG/spinodal_decomp_04_2025/out_julia/SAV_Julia_2000_dt_5.50e-06_Nx_128_neumann_dtout_2000_phi.csv 0 128
16.338019238090347
NMG, Julia,2000,256,periodic,10,75p
/project/g_bme-janeslab/SarahG/spinodal_decomp_04_2025/out_julia/NMG_Julia_2000_dt_5.50e-06_Nx_256_periodic_dtout_10_75p_phi.csv 0 256
130.1317968868624
SAV, Julia,2000,64,neumann,10,25p
/project/g_bme-janeslab/SarahG/spinodal_decomp_04_2025/out_julia/SAV_Julia_2000_dt_5.50e-06_Nx_64_neumann_dtout_10_25p_phi.csv 0 64
31.89139796114392
NMG, Julia,2000,512,neumann,10,50p
/project/g_bme-janeslab/SarahG/spinodal_decomp_04_2025/out_julia/NMG_Julia_2000_dt_5.50e-06_Nx_512_neumann_dtout_10_phi.csv 0 512
79.2467743605897
SAV, Julia,2000,128,neumann,10,25p
/project/g_bme-janeslab/SarahG/spinodal_decomp_04_2025/out_julia/SAV_Julia_2000_dt_5.50e-06_Nx_128_neumann_dtout_10_25p_phi.csv 0 128
64.52529436818811
NMG, Julia,2000,512,periodic,10,75p
/project/g_bme-janeslab/SarahG/spinodal_decomp_04_2025/out_julia/NMG_Julia_2000_dt_5.50e-06_Nx_512_periodic_dtout_10_75p_phi.csv 0 512
261.0235085456542
SAV, Julia,2000,512,neumann,2000,75p
/project/g_bme-janeslab/SarahG/spinodal_decomp_04_2025/out_julia/SAV_Julia_2000_dt_5.50e-06_Nx_512_neumann_dtout_2000_75p_phi.csv 0 512
261.0235085456542
SAV, Julia,2000,128,periodic,2000,25p
/project/g_bme-janeslab/SarahG/spinodal_decomp_04_2025/out_julia/SAV_Julia_2000_dt_5.50e-06_Nx_128_periodic_dtout_2000_25p_phi.csv 0 128
64.52529436818811
SAV, Julia,2000,256,periodic,10,25p
/project/g_bme-janeslab/SarahG/spinodal_decomp_04_2025/out_julia/SAV_Julia_2000_dt_5.50e-06_Nx_256_periodic_dtout_10_25p_phi.csv 0 256
130.02964977248232
SAV, Julia,2000,512,periodic,2000,50p
/project/g_bme-janeslab/SarahG/spinodal_decomp_04_2025/out_julia/SAV_Julia_2000_dt_5.50e-06_Nx_512_periodic_dtout_2000_phi.csv 0 512
79.2467743605897
NMG, Julia,2000,256,neumann,2000,25p
/project/g_bme-janeslab/SarahG/spinodal_decomp_04_2025/out_julia/NMG_Julia_2000_dt_5.50e-06_Nx_256_neumann_dtout_2000_25p_phi.csv 0 256
130.02964977248232
NMG, Julia,2000,128,neumann,10,75p
/project/g_bme-janeslab/SarahG/spinodal_decomp_04_2025/out_julia/NMG_Julia_2000_dt_5.50e-06_Nx_128_neumann_dtout_10_75p_phi.csv 0 128
64.56840056370952
NMG, Julia,2000,512,periodic,10,25p
/project/g_bme-janeslab/SarahG/spinodal_decomp_04_2025/out_julia/NMG_Julia_2000_dt_5.50e-06_Nx_512_periodic_dtout_10_25p_phi.csv 0 512
260.81333081731987
NMG, Julia,2000,64,neumann,2000,25p
/project/g_bme-janeslab/SarahG/spinodal_decomp_04_2025/out_julia/NMG_Julia_2000_dt_5.50e-06_Nx_64_neumann_dtout_2000_25p_phi.csv 0 64
31.89139796114392
SAV, Julia,2000,64,periodic,2000,50p
/project/g_bme-janeslab/SarahG/spinodal_decomp_04_2025/out_julia/SAV_Julia_2000_dt_5.50e-06_Nx_64_periodic_dtout_2000_phi.csv 0 64
5.793058526954734
SAV, Julia,2000,64,neumann,10,75p
/project/g_bme-janeslab/SarahG/spinodal_decomp_04_2025/out_julia/SAV_Julia_2000_dt_5.50e-06_Nx_64_neumann_dtout_10_75p_phi.csv 0 64
31.90797299687814
SAV, Julia,2000,64,periodic,10,75p
/project/g_bme-janeslab/SarahG/spinodal_decomp_04_2025/out_julia/SAV_Julia_2000_dt_5.50e-06_Nx_64_periodic_dtout_10_75p_phi.csv 0 64
31.90797299687814
NMG, Julia,2000,64,periodic,10,25p
/project/g_bme-janeslab/SarahG/spinodal_decomp_04_2025/out_julia/NMG_Julia_2000_dt_5.50e-06_Nx_64_periodic_dtout_10_25p_phi.csv 0 64
31.89139796114392
SAV, Julia,2000,64,periodic,10,50p
/project/g_bme-janeslab/SarahG/spinodal_decomp_04_2025/out_julia/SAV_Julia_2000_dt_5.50e-06_Nx_64_periodic_dtout_10_phi.csv 0 64
5.793058526954734
SAV, Julia,2000,256,neumann,10,75p
/project/g_bme-janeslab/SarahG/spinodal_decomp_04_2025/out_julia/SAV_Julia_2000_dt_5.50e-06_Nx_256_neumann_dtout_10_75p_phi.csv 0 256
130.1317968868624
NMG, Julia,2000,256,neumann,10,25p
/project/g_bme-janeslab/SarahG/spinodal_decomp_04_2025/out_julia/NMG_Julia_2000_dt_5.50e-06_Nx_256_neumann_dtout_10_25p_phi.csv 0 256
130.02964977248232
SAV, Julia,2000,256,periodic,10,75p
/project/g_bme-janeslab/SarahG/spinodal_decomp_04_2025/out_julia/SAV_Julia_2000_dt_5.50e-06_Nx_256_periodic_dtout_10_75p_phi.csv 0 256
130.1317968868624
SAV, Julia,2000,64,neumann,10,50p
/project/g_bme-janeslab/SarahG/spinodal_decomp_04_2025/out_julia/SAV_Julia_2000_dt_5.50e-06_Nx_64_neumann_dtout_10_phi.csv 0 64
5.793058526954734
SAV, Julia,2000,128,periodic,2000,75p
/project/g_bme-janeslab/SarahG/spinodal_decomp_04_2025/out_julia/SAV_Julia_2000_dt_5.50e-06_Nx_128_periodic_dtout_2000_75p_phi.csv 0 128
64.56840056370952
NMG, Julia,2000,256,periodic,10,50p
/project/g_bme-janeslab/SarahG/spinodal_decomp_04_2025/out_julia/NMG_Julia_2000_dt_5.50e-06_Nx_256_periodic_dtout_10_phi.csv 0 256
37.84490979408554
NMG, Julia,2000,128,periodic,10,75p
/project/g_bme-janeslab/SarahG/spinodal_decomp_04_2025/out_julia/NMG_Julia_2000_dt_5.50e-06_Nx_128_periodic_dtout_10_75p_phi.csv 0 128
64.56840056370952
SAV, Julia,2000,256,periodic,10,50p
/project/g_bme-janeslab/SarahG/spinodal_decomp_04_2025/out_julia/SAV_Julia_2000_dt_5.50e-06_Nx_256_periodic_dtout_10_phi.csv 0 256
37.84490979408554
NMG, Julia,2000,128,periodic,10,25p
/project/g_bme-janeslab/SarahG/spinodal_decomp_04_2025/out_julia/NMG_Julia_2000_dt_5.50e-06_Nx_128_periodic_dtout_10_25p_phi.csv 0 128
64.52529436818811
NMG, Julia,2000,64,neumann,2000,75p
/project/g_bme-janeslab/SarahG/spinodal_decomp_04_2025/out_julia/NMG_Julia_2000_dt_5.50e-06_Nx_64_neumann_dtout_2000_75p_phi.csv 0 64
31.90797299687814
NMG, Julia,2000,64,periodic,2000,25p
/project/g_bme-janeslab/SarahG/spinodal_decomp_04_2025/out_julia/NMG_Julia_2000_dt_5.50e-06_Nx_64_periodic_dtout_2000_25p_phi.csv 0 64
31.89139796114392
NMG, Julia,2000,256,neumann,2000,75p
/project/g_bme-janeslab/SarahG/spinodal_decomp_04_2025/out_julia/NMG_Julia_2000_dt_5.50e-06_Nx_256_neumann_dtout_2000_75p_phi.csv 0 256
130.1317968868624
SAV, Julia,2000,512,neumann,2000,25p
/project/g_bme-janeslab/SarahG/spinodal_decomp_04_2025/out_julia/SAV_Julia_2000_dt_5.50e-06_Nx_512_neumann_dtout_2000_25p_phi.csv 0 512
260.81333081731987
NMG, Julia,2000,512,neumann,2000,75p
/project/g_bme-janeslab/SarahG/spinodal_decomp_04_2025/out_julia/NMG_Julia_2000_dt_5.50e-06_Nx_512_neumann_dtout_2000_75p_phi.csv 0 512
261.0235085456542
NMG, Julia,2000,256,periodic,2000,25p
/project/g_bme-janeslab/SarahG/spinodal_decomp_04_2025/out_julia/NMG_Julia_2000_dt_5.50e-06_Nx_256_periodic_dtout_2000_25p_phi.csv 0 256
130.02964977248232
NMG, Julia,2000,512,periodic,10,50p
/project/g_bme-janeslab/SarahG/spinodal_decomp_04_2025/out_julia/NMG_Julia_2000_dt_5.50e-06_Nx_512_periodic_dtout_10_phi.csv 0 512
79.2467743605897
NMG, Julia,2000,128,periodic,2000,25p
/project/g_bme-janeslab/SarahG/spinodal_decomp_04_2025/out_julia/NMG_Julia_2000_dt_5.50e-06_Nx_128_periodic_dtout_2000_25p_phi.csv 0 128
64.52529436818811
SAV, Julia,2000,64,periodic,10,25p
/project/g_bme-janeslab/SarahG/spinodal_decomp_04_2025/out_julia/SAV_Julia_2000_dt_5.50e-06_Nx_64_periodic_dtout_10_25p_phi.csv 0 64
31.89139796114392
NMG, Python,20,256,periodic,20,25p
/project/g_bme-janeslab/SarahG/spinodal_decomp_04_2025/out_python/NMG_Python_20_dt_5.50e-06_Nx_256_periodic_dtout_20_25pphi.csv 0 256
Exception type : ValueError 
Exception message : could not convert string to float: ''
Stack trace : ['File : /sfs/gpfs/tardis/home/xpz5km/Cahn_Hilliard_Model_HPC/spinodal_decomp/compare_phi_norms.py , Line : 63, Func.Name : compare_phis_norm_at_timepoint, Message : snapshot = read_specific_lines(f"{root}/{fname}", line_list)', 'File : /sfs/gpfs/tardis/home/xpz5km/Cahn_Hilliard_Model_HPC/spinodal_decomp/compare_phi_norms.py , Line : 14, Func.Name : read_specific_lines, Message : digits = [float(i) for i in line.strip("\\n").split(",")]', 'File : /sfs/gpfs/tardis/home/xpz5km/Cahn_Hilliard_Model_HPC/spinodal_decomp/compare_phi_norms.py , Line : 14, Func.Name : <listcomp>, Message : digits = [float(i) for i in line.strip("\\n").split(",")]']
SAV, Python,2000,256,neumann,2000,50p
/project/g_bme-janeslab/SarahG/spinodal_decomp_04_2025/out_python/spinodal_decomp_04_2025SAV_Python_2000_dt_5.50e-06_Nx_256_neumann_dtout_2000phi.csv 0 256
Exception type : ValueError 
Exception message : could not convert string to float: ''
Stack trace : ['File : /sfs/gpfs/tardis/home/xpz5km/Cahn_Hilliard_Model_HPC/spinodal_decomp/compare_phi_norms.py , Line : 63, Func.Name : compare_phis_norm_at_timepoint, Message : snapshot = read_specific_lines(f"{root}/{fname}", line_list)', 'File : /sfs/gpfs/tardis/home/xpz5km/Cahn_Hilliard_Model_HPC/spinodal_decomp/compare_phi_norms.py , Line : 14, Func.Name : read_specific_lines, Message : digits = [float(i) for i in line.strip("\\n").split(",")]', 'File : /sfs/gpfs/tardis/home/xpz5km/Cahn_Hilliard_Model_HPC/spinodal_decomp/compare_phi_norms.py , Line : 14, Func.Name : <listcomp>, Message : digits = [float(i) for i in line.strip("\\n").split(",")]']
NMG, Python,20,512,neumann,1,25p
/project/g_bme-janeslab/SarahG/spinodal_decomp_04_2025/out_python/NMG_Python_20_dt_5.50e-06_Nx_512_neumann_dtout_1_25pphi.csv 0 512
Exception type : ValueError 
Exception message : could not convert string to float: ''
Stack trace : ['File : /sfs/gpfs/tardis/home/xpz5km/Cahn_Hilliard_Model_HPC/spinodal_decomp/compare_phi_norms.py , Line : 63, Func.Name : compare_phis_norm_at_timepoint, Message : snapshot = read_specific_lines(f"{root}/{fname}", line_list)', 'File : /sfs/gpfs/tardis/home/xpz5km/Cahn_Hilliard_Model_HPC/spinodal_decomp/compare_phi_norms.py , Line : 14, Func.Name : read_specific_lines, Message : digits = [float(i) for i in line.strip("\\n").split(",")]', 'File : /sfs/gpfs/tardis/home/xpz5km/Cahn_Hilliard_Model_HPC/spinodal_decomp/compare_phi_norms.py , Line : 14, Func.Name : <listcomp>, Message : digits = [float(i) for i in line.strip("\\n").split(",")]']
SAV, Python,2000,512,periodic,2000,25p
/project/g_bme-janeslab/SarahG/spinodal_decomp_04_2025/out_python/SAV_Python_2000_dt_5.50e-06_Nx_512_periodic_dtout_2000_25pphi.csv 0 512
Exception type : ValueError 
Exception message : could not convert string to float: ''
Stack trace : ['File : /sfs/gpfs/tardis/home/xpz5km/Cahn_Hilliard_Model_HPC/spinodal_decomp/compare_phi_norms.py , Line : 63, Func.Name : compare_phis_norm_at_timepoint, Message : snapshot = read_specific_lines(f"{root}/{fname}", line_list)', 'File : /sfs/gpfs/tardis/home/xpz5km/Cahn_Hilliard_Model_HPC/spinodal_decomp/compare_phi_norms.py , Line : 14, Func.Name : read_specific_lines, Message : digits = [float(i) for i in line.strip("\\n").split(",")]', 'File : /sfs/gpfs/tardis/home/xpz5km/Cahn_Hilliard_Model_HPC/spinodal_decomp/compare_phi_norms.py , Line : 14, Func.Name : <listcomp>, Message : digits = [float(i) for i in line.strip("\\n").split(",")]']
NMG, Python,20,512,periodic,20,50p
/project/g_bme-janeslab/SarahG/spinodal_decomp_04_2025/out_python/NMG_Python_20_dt_5.50e-06_Nx_512_periodic_dtout_20phi.csv 0 512
Exception type : ValueError 
Exception message : could not convert string to float: ''
Stack trace : ['File : /sfs/gpfs/tardis/home/xpz5km/Cahn_Hilliard_Model_HPC/spinodal_decomp/compare_phi_norms.py , Line : 63, Func.Name : compare_phis_norm_at_timepoint, Message : snapshot = read_specific_lines(f"{root}/{fname}", line_list)', 'File : /sfs/gpfs/tardis/home/xpz5km/Cahn_Hilliard_Model_HPC/spinodal_decomp/compare_phi_norms.py , Line : 14, Func.Name : read_specific_lines, Message : digits = [float(i) for i in line.strip("\\n").split(",")]', 'File : /sfs/gpfs/tardis/home/xpz5km/Cahn_Hilliard_Model_HPC/spinodal_decomp/compare_phi_norms.py , Line : 14, Func.Name : <listcomp>, Message : digits = [float(i) for i in line.strip("\\n").split(",")]']
SAV, Python,2000,64,neumann,10,25p
/project/g_bme-janeslab/SarahG/spinodal_decomp_04_2025/out_python/SAV_Python_2000_dt_5.50e-06_Nx_64_neumann_dtout_10_25pphi.csv 0 64
Exception type : ValueError 
Exception message : could not convert string to float: ''
Stack trace : ['File : /sfs/gpfs/tardis/home/xpz5km/Cahn_Hilliard_Model_HPC/spinodal_decomp/compare_phi_norms.py , Line : 63, Func.Name : compare_phis_norm_at_timepoint, Message : snapshot = read_specific_lines(f"{root}/{fname}", line_list)', 'File : /sfs/gpfs/tardis/home/xpz5km/Cahn_Hilliard_Model_HPC/spinodal_decomp/compare_phi_norms.py , Line : 14, Func.Name : read_specific_lines, Message : digits = [float(i) for i in line.strip("\\n").split(",")]', 'File : /sfs/gpfs/tardis/home/xpz5km/Cahn_Hilliard_Model_HPC/spinodal_decomp/compare_phi_norms.py , Line : 14, Func.Name : <listcomp>, Message : digits = [float(i) for i in line.strip("\\n").split(",")]']
NMG, Python,20,256,neumann,10,50p
/project/g_bme-janeslab/SarahG/spinodal_decomp_04_2025/out_python/spinodal_decomp_04_2025NMG_Python_20_dt_5.50e-06_Nx_256_neumann_dtout_10phi.csv 0 256
Exception type : ValueError 
Exception message : could not convert string to float: ''
Stack trace : ['File : /sfs/gpfs/tardis/home/xpz5km/Cahn_Hilliard_Model_HPC/spinodal_decomp/compare_phi_norms.py , Line : 63, Func.Name : compare_phis_norm_at_timepoint, Message : snapshot = read_specific_lines(f"{root}/{fname}", line_list)', 'File : /sfs/gpfs/tardis/home/xpz5km/Cahn_Hilliard_Model_HPC/spinodal_decomp/compare_phi_norms.py , Line : 14, Func.Name : read_specific_lines, Message : digits = [float(i) for i in line.strip("\\n").split(",")]', 'File : /sfs/gpfs/tardis/home/xpz5km/Cahn_Hilliard_Model_HPC/spinodal_decomp/compare_phi_norms.py , Line : 14, Func.Name : <listcomp>, Message : digits = [float(i) for i in line.strip("\\n").split(",")]']
NMG, Python,20,128,periodic,10,50p
/project/g_bme-janeslab/SarahG/spinodal_decomp_04_2025/out_python/spinodal_decomp_04_2025NMG_Python_20_dt_5.50e-06_Nx_128_periodic_dtout_10phi.csv 0 128
Exception type : ValueError 
Exception message : could not convert string to float: ''
Stack trace : ['File : /sfs/gpfs/tardis/home/xpz5km/Cahn_Hilliard_Model_HPC/spinodal_decomp/compare_phi_norms.py , Line : 63, Func.Name : compare_phis_norm_at_timepoint, Message : snapshot = read_specific_lines(f"{root}/{fname}", line_list)', 'File : /sfs/gpfs/tardis/home/xpz5km/Cahn_Hilliard_Model_HPC/spinodal_decomp/compare_phi_norms.py , Line : 14, Func.Name : read_specific_lines, Message : digits = [float(i) for i in line.strip("\\n").split(",")]', 'File : /sfs/gpfs/tardis/home/xpz5km/Cahn_Hilliard_Model_HPC/spinodal_decomp/compare_phi_norms.py , Line : 14, Func.Name : <listcomp>, Message : digits = [float(i) for i in line.strip("\\n").split(",")]']
NMG, Python,200,64,periodic,200,50p
/project/g_bme-janeslab/SarahG/spinodal_decomp_04_2025/out_python/spinodal_decomp_04_2025NMG_Python_200_dt_5.50e-06_Nx_64_periodic_dtout_200phi.csv 0 64
Exception type : ValueError 
Exception message : could not convert string to float: ''
Stack trace : ['File : /sfs/gpfs/tardis/home/xpz5km/Cahn_Hilliard_Model_HPC/spinodal_decomp/compare_phi_norms.py , Line : 63, Func.Name : compare_phis_norm_at_timepoint, Message : snapshot = read_specific_lines(f"{root}/{fname}", line_list)', 'File : /sfs/gpfs/tardis/home/xpz5km/Cahn_Hilliard_Model_HPC/spinodal_decomp/compare_phi_norms.py , Line : 14, Func.Name : read_specific_lines, Message : digits = [float(i) for i in line.strip("\\n").split(",")]', 'File : /sfs/gpfs/tardis/home/xpz5km/Cahn_Hilliard_Model_HPC/spinodal_decomp/compare_phi_norms.py , Line : 14, Func.Name : <listcomp>, Message : digits = [float(i) for i in line.strip("\\n").split(",")]']
SAV, Python,2000,256,neumann,2000,75p
/project/g_bme-janeslab/SarahG/spinodal_decomp_04_2025/out_python/SAV_Python_2000_dt_5.50e-06_Nx_256_neumann_dtout_2000_75pphi.csv 0 256
Exception type : ValueError 
Exception message : could not convert string to float: ''
Stack trace : ['File : /sfs/gpfs/tardis/home/xpz5km/Cahn_Hilliard_Model_HPC/spinodal_decomp/compare_phi_norms.py , Line : 63, Func.Name : compare_phis_norm_at_timepoint, Message : snapshot = read_specific_lines(f"{root}/{fname}", line_list)', 'File : /sfs/gpfs/tardis/home/xpz5km/Cahn_Hilliard_Model_HPC/spinodal_decomp/compare_phi_norms.py , Line : 14, Func.Name : read_specific_lines, Message : digits = [float(i) for i in line.strip("\\n").split(",")]', 'File : /sfs/gpfs/tardis/home/xpz5km/Cahn_Hilliard_Model_HPC/spinodal_decomp/compare_phi_norms.py , Line : 14, Func.Name : <listcomp>, Message : digits = [float(i) for i in line.strip("\\n").split(",")]']
NMG, Python,20,512,neumann,20,50p
/project/g_bme-janeslab/SarahG/spinodal_decomp_04_2025/out_python/spinodal_decomp_04_2025NMG_Python_20_dt_5.50e-06_Nx_512_neumann_dtout_20phi.csv 0 512
Exception type : ValueError 
Exception message : could not convert string to float: ''
Stack trace : ['File : /sfs/gpfs/tardis/home/xpz5km/Cahn_Hilliard_Model_HPC/spinodal_decomp/compare_phi_norms.py , Line : 63, Func.Name : compare_phis_norm_at_timepoint, Message : snapshot = read_specific_lines(f"{root}/{fname}", line_list)', 'File : /sfs/gpfs/tardis/home/xpz5km/Cahn_Hilliard_Model_HPC/spinodal_decomp/compare_phi_norms.py , Line : 14, Func.Name : read_specific_lines, Message : digits = [float(i) for i in line.strip("\\n").split(",")]', 'File : /sfs/gpfs/tardis/home/xpz5km/Cahn_Hilliard_Model_HPC/spinodal_decomp/compare_phi_norms.py , Line : 14, Func.Name : <listcomp>, Message : digits = [float(i) for i in line.strip("\\n").split(",")]']
SAV, Python,2000,128,neumann,10,50p
/project/g_bme-janeslab/SarahG/spinodal_decomp_04_2025/out_python/spinodal_decomp_04_2025SAV_Python_2000_dt_5.50e-06_Nx_128_neumann_dtout_10phi.csv 0 128
Exception type : ValueError 
Exception message : could not convert string to float: ''
Stack trace : ['File : /sfs/gpfs/tardis/home/xpz5km/Cahn_Hilliard_Model_HPC/spinodal_decomp/compare_phi_norms.py , Line : 63, Func.Name : compare_phis_norm_at_timepoint, Message : snapshot = read_specific_lines(f"{root}/{fname}", line_list)', 'File : /sfs/gpfs/tardis/home/xpz5km/Cahn_Hilliard_Model_HPC/spinodal_decomp/compare_phi_norms.py , Line : 14, Func.Name : read_specific_lines, Message : digits = [float(i) for i in line.strip("\\n").split(",")]', 'File : /sfs/gpfs/tardis/home/xpz5km/Cahn_Hilliard_Model_HPC/spinodal_decomp/compare_phi_norms.py , Line : 14, Func.Name : <listcomp>, Message : digits = [float(i) for i in line.strip("\\n").split(",")]']
NMG, Python,20,256,neumann,20,25p
/project/g_bme-janeslab/SarahG/spinodal_decomp_04_2025/out_python/NMG_Python_20_dt_5.50e-06_Nx_256_neumann_dtout_20_25pphi.csv 0 256
Exception type : ValueError 
Exception message : could not convert string to float: ''
Stack trace : ['File : /sfs/gpfs/tardis/home/xpz5km/Cahn_Hilliard_Model_HPC/spinodal_decomp/compare_phi_norms.py , Line : 63, Func.Name : compare_phis_norm_at_timepoint, Message : snapshot = read_specific_lines(f"{root}/{fname}", line_list)', 'File : /sfs/gpfs/tardis/home/xpz5km/Cahn_Hilliard_Model_HPC/spinodal_decomp/compare_phi_norms.py , Line : 14, Func.Name : read_specific_lines, Message : digits = [float(i) for i in line.strip("\\n").split(",")]', 'File : /sfs/gpfs/tardis/home/xpz5km/Cahn_Hilliard_Model_HPC/spinodal_decomp/compare_phi_norms.py , Line : 14, Func.Name : <listcomp>, Message : digits = [float(i) for i in line.strip("\\n").split(",")]']
SAV, Python,2000,256,neumann,10,75p
/project/g_bme-janeslab/SarahG/spinodal_decomp_04_2025/out_python/SAV_Python_2000_dt_5.50e-06_Nx_256_neumann_dtout_10_75pphi.csv 0 256
Exception type : ValueError 
Exception message : could not convert string to float: ''
Stack trace : ['File : /sfs/gpfs/tardis/home/xpz5km/Cahn_Hilliard_Model_HPC/spinodal_decomp/compare_phi_norms.py , Line : 63, Func.Name : compare_phis_norm_at_timepoint, Message : snapshot = read_specific_lines(f"{root}/{fname}", line_list)', 'File : /sfs/gpfs/tardis/home/xpz5km/Cahn_Hilliard_Model_HPC/spinodal_decomp/compare_phi_norms.py , Line : 14, Func.Name : read_specific_lines, Message : digits = [float(i) for i in line.strip("\\n").split(",")]', 'File : /sfs/gpfs/tardis/home/xpz5km/Cahn_Hilliard_Model_HPC/spinodal_decomp/compare_phi_norms.py , Line : 14, Func.Name : <listcomp>, Message : digits = [float(i) for i in line.strip("\\n").split(",")]']
NMG, Python,20,128,neumann,1,75p
/project/g_bme-janeslab/SarahG/spinodal_decomp_04_2025/out_python/NMG_Python_20_dt_5.50e-06_Nx_128_neumann_dtout_1_75pphi.csv 0 128
Exception type : ValueError 
Exception message : could not convert string to float: ''
Stack trace : ['File : /sfs/gpfs/tardis/home/xpz5km/Cahn_Hilliard_Model_HPC/spinodal_decomp/compare_phi_norms.py , Line : 63, Func.Name : compare_phis_norm_at_timepoint, Message : snapshot = read_specific_lines(f"{root}/{fname}", line_list)', 'File : /sfs/gpfs/tardis/home/xpz5km/Cahn_Hilliard_Model_HPC/spinodal_decomp/compare_phi_norms.py , Line : 14, Func.Name : read_specific_lines, Message : digits = [float(i) for i in line.strip("\\n").split(",")]', 'File : /sfs/gpfs/tardis/home/xpz5km/Cahn_Hilliard_Model_HPC/spinodal_decomp/compare_phi_norms.py , Line : 14, Func.Name : <listcomp>, Message : digits = [float(i) for i in line.strip("\\n").split(",")]']
NMG, Python,20,512,periodic,20,50p
/project/g_bme-janeslab/SarahG/spinodal_decomp_04_2025/out_python/spinodal_decomp_04_2025NMG_Python_20_dt_5.50e-06_Nx_512_periodic_dtout_20phi.csv 0 512
Exception type : ValueError 
Exception message : could not convert string to float: ''
Stack trace : ['File : /sfs/gpfs/tardis/home/xpz5km/Cahn_Hilliard_Model_HPC/spinodal_decomp/compare_phi_norms.py , Line : 63, Func.Name : compare_phis_norm_at_timepoint, Message : snapshot = read_specific_lines(f"{root}/{fname}", line_list)', 'File : /sfs/gpfs/tardis/home/xpz5km/Cahn_Hilliard_Model_HPC/spinodal_decomp/compare_phi_norms.py , Line : 14, Func.Name : read_specific_lines, Message : digits = [float(i) for i in line.strip("\\n").split(",")]', 'File : /sfs/gpfs/tardis/home/xpz5km/Cahn_Hilliard_Model_HPC/spinodal_decomp/compare_phi_norms.py , Line : 14, Func.Name : <listcomp>, Message : digits = [float(i) for i in line.strip("\\n").split(",")]']
SAV, Python,2000,64,neumann,10,75p
/project/g_bme-janeslab/SarahG/spinodal_decomp_04_2025/out_python/SAV_Python_2000_dt_5.50e-06_Nx_64_neumann_dtout_10_75pphi.csv 0 64
Exception type : ValueError 
Exception message : could not convert string to float: ''
Stack trace : ['File : /sfs/gpfs/tardis/home/xpz5km/Cahn_Hilliard_Model_HPC/spinodal_decomp/compare_phi_norms.py , Line : 63, Func.Name : compare_phis_norm_at_timepoint, Message : snapshot = read_specific_lines(f"{root}/{fname}", line_list)', 'File : /sfs/gpfs/tardis/home/xpz5km/Cahn_Hilliard_Model_HPC/spinodal_decomp/compare_phi_norms.py , Line : 14, Func.Name : read_specific_lines, Message : digits = [float(i) for i in line.strip("\\n").split(",")]', 'File : /sfs/gpfs/tardis/home/xpz5km/Cahn_Hilliard_Model_HPC/spinodal_decomp/compare_phi_norms.py , Line : 14, Func.Name : <listcomp>, Message : digits = [float(i) for i in line.strip("\\n").split(",")]']
NMG, Python,20,512,periodic,1,50p
/project/g_bme-janeslab/SarahG/spinodal_decomp_04_2025/out_python/NMG_Python_20_dt_5.50e-06_Nx_512_periodic_dtout_1phi.csv 0 512
Exception type : ValueError 
Exception message : could not convert string to float: ''
Stack trace : ['File : /sfs/gpfs/tardis/home/xpz5km/Cahn_Hilliard_Model_HPC/spinodal_decomp/compare_phi_norms.py , Line : 63, Func.Name : compare_phis_norm_at_timepoint, Message : snapshot = read_specific_lines(f"{root}/{fname}", line_list)', 'File : /sfs/gpfs/tardis/home/xpz5km/Cahn_Hilliard_Model_HPC/spinodal_decomp/compare_phi_norms.py , Line : 14, Func.Name : read_specific_lines, Message : digits = [float(i) for i in line.strip("\\n").split(",")]', 'File : /sfs/gpfs/tardis/home/xpz5km/Cahn_Hilliard_Model_HPC/spinodal_decomp/compare_phi_norms.py , Line : 14, Func.Name : <listcomp>, Message : digits = [float(i) for i in line.strip("\\n").split(",")]']
NMG, Python,20,128,periodic,2000,50p
/project/g_bme-janeslab/SarahG/spinodal_decomp_04_2025/out_python/spinodal_decomp_04_2025NMG_Python_20_dt_5.50e-06_Nx_128_periodic_dtout_2000phi.csv 0 128
Exception type : ValueError 
Exception message : could not convert string to float: ''
Stack trace : ['File : /sfs/gpfs/tardis/home/xpz5km/Cahn_Hilliard_Model_HPC/spinodal_decomp/compare_phi_norms.py , Line : 63, Func.Name : compare_phis_norm_at_timepoint, Message : snapshot = read_specific_lines(f"{root}/{fname}", line_list)', 'File : /sfs/gpfs/tardis/home/xpz5km/Cahn_Hilliard_Model_HPC/spinodal_decomp/compare_phi_norms.py , Line : 14, Func.Name : read_specific_lines, Message : digits = [float(i) for i in line.strip("\\n").split(",")]', 'File : /sfs/gpfs/tardis/home/xpz5km/Cahn_Hilliard_Model_HPC/spinodal_decomp/compare_phi_norms.py , Line : 14, Func.Name : <listcomp>, Message : digits = [float(i) for i in line.strip("\\n").split(",")]']
NMG, Python,20,128,periodic,20,50p
/project/g_bme-janeslab/SarahG/spinodal_decomp_04_2025/out_python/NMG_Python_20_dt_5.50e-06_Nx_128_periodic_dtout_20phi.csv 0 128
Exception type : ValueError 
Exception message : could not convert string to float: ''
Stack trace : ['File : /sfs/gpfs/tardis/home/xpz5km/Cahn_Hilliard_Model_HPC/spinodal_decomp/compare_phi_norms.py , Line : 63, Func.Name : compare_phis_norm_at_timepoint, Message : snapshot = read_specific_lines(f"{root}/{fname}", line_list)', 'File : /sfs/gpfs/tardis/home/xpz5km/Cahn_Hilliard_Model_HPC/spinodal_decomp/compare_phi_norms.py , Line : 14, Func.Name : read_specific_lines, Message : digits = [float(i) for i in line.strip("\\n").split(",")]', 'File : /sfs/gpfs/tardis/home/xpz5km/Cahn_Hilliard_Model_HPC/spinodal_decomp/compare_phi_norms.py , Line : 14, Func.Name : <listcomp>, Message : digits = [float(i) for i in line.strip("\\n").split(",")]']
SAV, Python,2000,512,neumann,2000,25p
/project/g_bme-janeslab/SarahG/spinodal_decomp_04_2025/out_python/SAV_Python_2000_dt_5.50e-06_Nx_512_neumann_dtout_2000_25pphi.csv 0 512
Exception type : ValueError 
Exception message : could not convert string to float: ''
Stack trace : ['File : /sfs/gpfs/tardis/home/xpz5km/Cahn_Hilliard_Model_HPC/spinodal_decomp/compare_phi_norms.py , Line : 63, Func.Name : compare_phis_norm_at_timepoint, Message : snapshot = read_specific_lines(f"{root}/{fname}", line_list)', 'File : /sfs/gpfs/tardis/home/xpz5km/Cahn_Hilliard_Model_HPC/spinodal_decomp/compare_phi_norms.py , Line : 14, Func.Name : read_specific_lines, Message : digits = [float(i) for i in line.strip("\\n").split(",")]', 'File : /sfs/gpfs/tardis/home/xpz5km/Cahn_Hilliard_Model_HPC/spinodal_decomp/compare_phi_norms.py , Line : 14, Func.Name : <listcomp>, Message : digits = [float(i) for i in line.strip("\\n").split(",")]']
NMG, Python,20,128,periodic,1,50p
/project/g_bme-janeslab/SarahG/spinodal_decomp_04_2025/out_python/NMG_Python_20_dt_5.50e-06_Nx_128_periodic_dtout_1phi.csv 0 128
Exception type : ValueError 
Exception message : could not convert string to float: ''
Stack trace : ['File : /sfs/gpfs/tardis/home/xpz5km/Cahn_Hilliard_Model_HPC/spinodal_decomp/compare_phi_norms.py , Line : 63, Func.Name : compare_phis_norm_at_timepoint, Message : snapshot = read_specific_lines(f"{root}/{fname}", line_list)', 'File : /sfs/gpfs/tardis/home/xpz5km/Cahn_Hilliard_Model_HPC/spinodal_decomp/compare_phi_norms.py , Line : 14, Func.Name : read_specific_lines, Message : digits = [float(i) for i in line.strip("\\n").split(",")]', 'File : /sfs/gpfs/tardis/home/xpz5km/Cahn_Hilliard_Model_HPC/spinodal_decomp/compare_phi_norms.py , Line : 14, Func.Name : <listcomp>, Message : digits = [float(i) for i in line.strip("\\n").split(",")]']
NMG, Python,20,64,neumann,1,25p
/project/g_bme-janeslab/SarahG/spinodal_decomp_04_2025/out_python/NMG_Python_20_dt_5.50e-06_Nx_64_neumann_dtout_1_25pphi.csv 0 64
Exception type : ValueError 
Exception message : could not convert string to float: ''
Stack trace : ['File : /sfs/gpfs/tardis/home/xpz5km/Cahn_Hilliard_Model_HPC/spinodal_decomp/compare_phi_norms.py , Line : 63, Func.Name : compare_phis_norm_at_timepoint, Message : snapshot = read_specific_lines(f"{root}/{fname}", line_list)', 'File : /sfs/gpfs/tardis/home/xpz5km/Cahn_Hilliard_Model_HPC/spinodal_decomp/compare_phi_norms.py , Line : 14, Func.Name : read_specific_lines, Message : digits = [float(i) for i in line.strip("\\n").split(",")]', 'File : /sfs/gpfs/tardis/home/xpz5km/Cahn_Hilliard_Model_HPC/spinodal_decomp/compare_phi_norms.py , Line : 14, Func.Name : <listcomp>, Message : digits = [float(i) for i in line.strip("\\n").split(",")]']
SAV, Python,2000,128,periodic,2000,75p
/project/g_bme-janeslab/SarahG/spinodal_decomp_04_2025/out_python/SAV_Python_2000_dt_5.50e-06_Nx_128_periodic_dtout_2000_75pphi.csv 0 128
Exception type : ValueError 
Exception message : could not convert string to float: ''
Stack trace : ['File : /sfs/gpfs/tardis/home/xpz5km/Cahn_Hilliard_Model_HPC/spinodal_decomp/compare_phi_norms.py , Line : 63, Func.Name : compare_phis_norm_at_timepoint, Message : snapshot = read_specific_lines(f"{root}/{fname}", line_list)', 'File : /sfs/gpfs/tardis/home/xpz5km/Cahn_Hilliard_Model_HPC/spinodal_decomp/compare_phi_norms.py , Line : 14, Func.Name : read_specific_lines, Message : digits = [float(i) for i in line.strip("\\n").split(",")]', 'File : /sfs/gpfs/tardis/home/xpz5km/Cahn_Hilliard_Model_HPC/spinodal_decomp/compare_phi_norms.py , Line : 14, Func.Name : <listcomp>, Message : digits = [float(i) for i in line.strip("\\n").split(",")]']
NMG, Python,20,256,periodic,2000,50p
/project/g_bme-janeslab/SarahG/spinodal_decomp_04_2025/out_python/spinodal_decomp_04_2025NMG_Python_20_dt_5.50e-06_Nx_256_periodic_dtout_2000phi.csv 0 256
Exception type : ValueError 
Exception message : could not convert string to float: ''
Stack trace : ['File : /sfs/gpfs/tardis/home/xpz5km/Cahn_Hilliard_Model_HPC/spinodal_decomp/compare_phi_norms.py , Line : 63, Func.Name : compare_phis_norm_at_timepoint, Message : snapshot = read_specific_lines(f"{root}/{fname}", line_list)', 'File : /sfs/gpfs/tardis/home/xpz5km/Cahn_Hilliard_Model_HPC/spinodal_decomp/compare_phi_norms.py , Line : 14, Func.Name : read_specific_lines, Message : digits = [float(i) for i in line.strip("\\n").split(",")]', 'File : /sfs/gpfs/tardis/home/xpz5km/Cahn_Hilliard_Model_HPC/spinodal_decomp/compare_phi_norms.py , Line : 14, Func.Name : <listcomp>, Message : digits = [float(i) for i in line.strip("\\n").split(",")]']
NMG, Python,20,512,periodic,1,75p
/project/g_bme-janeslab/SarahG/spinodal_decomp_04_2025/out_python/NMG_Python_20_dt_5.50e-06_Nx_512_periodic_dtout_1_75pphi.csv 0 512
Exception type : ValueError 
Exception message : could not convert string to float: ''
Stack trace : ['File : /sfs/gpfs/tardis/home/xpz5km/Cahn_Hilliard_Model_HPC/spinodal_decomp/compare_phi_norms.py , Line : 63, Func.Name : compare_phis_norm_at_timepoint, Message : snapshot = read_specific_lines(f"{root}/{fname}", line_list)', 'File : /sfs/gpfs/tardis/home/xpz5km/Cahn_Hilliard_Model_HPC/spinodal_decomp/compare_phi_norms.py , Line : 14, Func.Name : read_specific_lines, Message : digits = [float(i) for i in line.strip("\\n").split(",")]', 'File : /sfs/gpfs/tardis/home/xpz5km/Cahn_Hilliard_Model_HPC/spinodal_decomp/compare_phi_norms.py , Line : 14, Func.Name : <listcomp>, Message : digits = [float(i) for i in line.strip("\\n").split(",")]']
SAV, Python,2000,512,neumann,2000,50p
/project/g_bme-janeslab/SarahG/spinodal_decomp_04_2025/out_python/spinodal_decomp_04_2025SAV_Python_2000_dt_5.50e-06_Nx_512_neumann_dtout_2000phi.csv 0 512
Exception type : ValueError 
Exception message : could not convert string to float: ''
Stack trace : ['File : /sfs/gpfs/tardis/home/xpz5km/Cahn_Hilliard_Model_HPC/spinodal_decomp/compare_phi_norms.py , Line : 63, Func.Name : compare_phis_norm_at_timepoint, Message : snapshot = read_specific_lines(f"{root}/{fname}", line_list)', 'File : /sfs/gpfs/tardis/home/xpz5km/Cahn_Hilliard_Model_HPC/spinodal_decomp/compare_phi_norms.py , Line : 14, Func.Name : read_specific_lines, Message : digits = [float(i) for i in line.strip("\\n").split(",")]', 'File : /sfs/gpfs/tardis/home/xpz5km/Cahn_Hilliard_Model_HPC/spinodal_decomp/compare_phi_norms.py , Line : 14, Func.Name : <listcomp>, Message : digits = [float(i) for i in line.strip("\\n").split(",")]']
NMG, Python,20,64,periodic,20,50p
/project/g_bme-janeslab/SarahG/spinodal_decomp_04_2025/out_python/NMG_Python_20_dt_5.50e-06_Nx_64_periodic_dtout_20phi.csv 0 64
Exception type : ValueError 
Exception message : could not convert string to float: ''
Stack trace : ['File : /sfs/gpfs/tardis/home/xpz5km/Cahn_Hilliard_Model_HPC/spinodal_decomp/compare_phi_norms.py , Line : 63, Func.Name : compare_phis_norm_at_timepoint, Message : snapshot = read_specific_lines(f"{root}/{fname}", line_list)', 'File : /sfs/gpfs/tardis/home/xpz5km/Cahn_Hilliard_Model_HPC/spinodal_decomp/compare_phi_norms.py , Line : 14, Func.Name : read_specific_lines, Message : digits = [float(i) for i in line.strip("\\n").split(",")]', 'File : /sfs/gpfs/tardis/home/xpz5km/Cahn_Hilliard_Model_HPC/spinodal_decomp/compare_phi_norms.py , Line : 14, Func.Name : <listcomp>, Message : digits = [float(i) for i in line.strip("\\n").split(",")]']
SAV, Python,2000,512,periodic,10,75p
/project/g_bme-janeslab/SarahG/spinodal_decomp_04_2025/out_python/SAV_Python_2000_dt_5.50e-06_Nx_512_periodic_dtout_10_75pphi.csv 0 512
Exception type : ValueError 
Exception message : could not convert string to float: ''
Stack trace : ['File : /sfs/gpfs/tardis/home/xpz5km/Cahn_Hilliard_Model_HPC/spinodal_decomp/compare_phi_norms.py , Line : 63, Func.Name : compare_phis_norm_at_timepoint, Message : snapshot = read_specific_lines(f"{root}/{fname}", line_list)', 'File : /sfs/gpfs/tardis/home/xpz5km/Cahn_Hilliard_Model_HPC/spinodal_decomp/compare_phi_norms.py , Line : 14, Func.Name : read_specific_lines, Message : digits = [float(i) for i in line.strip("\\n").split(",")]', 'File : /sfs/gpfs/tardis/home/xpz5km/Cahn_Hilliard_Model_HPC/spinodal_decomp/compare_phi_norms.py , Line : 14, Func.Name : <listcomp>, Message : digits = [float(i) for i in line.strip("\\n").split(",")]']
SAV, Python,2000,512,periodic,2000,75p
/project/g_bme-janeslab/SarahG/spinodal_decomp_04_2025/out_python/SAV_Python_2000_dt_5.50e-06_Nx_512_periodic_dtout_2000_75pphi.csv 0 512
Exception type : ValueError 
Exception message : could not convert string to float: ''
Stack trace : ['File : /sfs/gpfs/tardis/home/xpz5km/Cahn_Hilliard_Model_HPC/spinodal_decomp/compare_phi_norms.py , Line : 63, Func.Name : compare_phis_norm_at_timepoint, Message : snapshot = read_specific_lines(f"{root}/{fname}", line_list)', 'File : /sfs/gpfs/tardis/home/xpz5km/Cahn_Hilliard_Model_HPC/spinodal_decomp/compare_phi_norms.py , Line : 14, Func.Name : read_specific_lines, Message : digits = [float(i) for i in line.strip("\\n").split(",")]', 'File : /sfs/gpfs/tardis/home/xpz5km/Cahn_Hilliard_Model_HPC/spinodal_decomp/compare_phi_norms.py , Line : 14, Func.Name : <listcomp>, Message : digits = [float(i) for i in line.strip("\\n").split(",")]']
NMG, Python,20,64,periodic,2000,50p
/project/g_bme-janeslab/SarahG/spinodal_decomp_04_2025/out_python/spinodal_decomp_04_2025NMG_Python_20_dt_5.50e-06_Nx_64_periodic_dtout_2000phi.csv 0 64
Exception type : ValueError 
Exception message : could not convert string to float: ''
Stack trace : ['File : /sfs/gpfs/tardis/home/xpz5km/Cahn_Hilliard_Model_HPC/spinodal_decomp/compare_phi_norms.py , Line : 63, Func.Name : compare_phis_norm_at_timepoint, Message : snapshot = read_specific_lines(f"{root}/{fname}", line_list)', 'File : /sfs/gpfs/tardis/home/xpz5km/Cahn_Hilliard_Model_HPC/spinodal_decomp/compare_phi_norms.py , Line : 14, Func.Name : read_specific_lines, Message : digits = [float(i) for i in line.strip("\\n").split(",")]', 'File : /sfs/gpfs/tardis/home/xpz5km/Cahn_Hilliard_Model_HPC/spinodal_decomp/compare_phi_norms.py , Line : 14, Func.Name : <listcomp>, Message : digits = [float(i) for i in line.strip("\\n").split(",")]']
NMG, Python,20,64,neumann,1,75p
/project/g_bme-janeslab/SarahG/spinodal_decomp_04_2025/out_python/NMG_Python_20_dt_5.50e-06_Nx_64_neumann_dtout_1_75pphi.csv 0 64
Exception type : ValueError 
Exception message : could not convert string to float: ''
Stack trace : ['File : /sfs/gpfs/tardis/home/xpz5km/Cahn_Hilliard_Model_HPC/spinodal_decomp/compare_phi_norms.py , Line : 63, Func.Name : compare_phis_norm_at_timepoint, Message : snapshot = read_specific_lines(f"{root}/{fname}", line_list)', 'File : /sfs/gpfs/tardis/home/xpz5km/Cahn_Hilliard_Model_HPC/spinodal_decomp/compare_phi_norms.py , Line : 14, Func.Name : read_specific_lines, Message : digits = [float(i) for i in line.strip("\\n").split(",")]', 'File : /sfs/gpfs/tardis/home/xpz5km/Cahn_Hilliard_Model_HPC/spinodal_decomp/compare_phi_norms.py , Line : 14, Func.Name : <listcomp>, Message : digits = [float(i) for i in line.strip("\\n").split(",")]']
NMG, Python,20,128,periodic,20,75p
/project/g_bme-janeslab/SarahG/spinodal_decomp_04_2025/out_python/NMG_Python_20_dt_5.50e-06_Nx_128_periodic_dtout_20_75pphi.csv 0 128
Exception type : ValueError 
Exception message : could not convert string to float: ''
Stack trace : ['File : /sfs/gpfs/tardis/home/xpz5km/Cahn_Hilliard_Model_HPC/spinodal_decomp/compare_phi_norms.py , Line : 63, Func.Name : compare_phis_norm_at_timepoint, Message : snapshot = read_specific_lines(f"{root}/{fname}", line_list)', 'File : /sfs/gpfs/tardis/home/xpz5km/Cahn_Hilliard_Model_HPC/spinodal_decomp/compare_phi_norms.py , Line : 14, Func.Name : read_specific_lines, Message : digits = [float(i) for i in line.strip("\\n").split(",")]', 'File : /sfs/gpfs/tardis/home/xpz5km/Cahn_Hilliard_Model_HPC/spinodal_decomp/compare_phi_norms.py , Line : 14, Func.Name : <listcomp>, Message : digits = [float(i) for i in line.strip("\\n").split(",")]']
SAV, Python,2000,256,periodic,2000,50p
/project/g_bme-janeslab/SarahG/spinodal_decomp_04_2025/out_python/spinodal_decomp_04_2025SAV_Python_2000_dt_5.50e-06_Nx_256_periodic_dtout_2000phi.csv 0 256
Exception type : ValueError 
Exception message : could not convert string to float: ''
Stack trace : ['File : /sfs/gpfs/tardis/home/xpz5km/Cahn_Hilliard_Model_HPC/spinodal_decomp/compare_phi_norms.py , Line : 63, Func.Name : compare_phis_norm_at_timepoint, Message : snapshot = read_specific_lines(f"{root}/{fname}", line_list)', 'File : /sfs/gpfs/tardis/home/xpz5km/Cahn_Hilliard_Model_HPC/spinodal_decomp/compare_phi_norms.py , Line : 14, Func.Name : read_specific_lines, Message : digits = [float(i) for i in line.strip("\\n").split(",")]', 'File : /sfs/gpfs/tardis/home/xpz5km/Cahn_Hilliard_Model_HPC/spinodal_decomp/compare_phi_norms.py , Line : 14, Func.Name : <listcomp>, Message : digits = [float(i) for i in line.strip("\\n").split(",")]']
SAV, Python,2000,512,neumann,10,75p
/project/g_bme-janeslab/SarahG/spinodal_decomp_04_2025/out_python/SAV_Python_2000_dt_5.50e-06_Nx_512_neumann_dtout_10_75pphi.csv 0 512
Exception type : ValueError 
Exception message : could not convert string to float: ''
Stack trace : ['File : /sfs/gpfs/tardis/home/xpz5km/Cahn_Hilliard_Model_HPC/spinodal_decomp/compare_phi_norms.py , Line : 63, Func.Name : compare_phis_norm_at_timepoint, Message : snapshot = read_specific_lines(f"{root}/{fname}", line_list)', 'File : /sfs/gpfs/tardis/home/xpz5km/Cahn_Hilliard_Model_HPC/spinodal_decomp/compare_phi_norms.py , Line : 14, Func.Name : read_specific_lines, Message : digits = [float(i) for i in line.strip("\\n").split(",")]', 'File : /sfs/gpfs/tardis/home/xpz5km/Cahn_Hilliard_Model_HPC/spinodal_decomp/compare_phi_norms.py , Line : 14, Func.Name : <listcomp>, Message : digits = [float(i) for i in line.strip("\\n").split(",")]']
SAV, Python,2000,128,periodic,2000,25p
/project/g_bme-janeslab/SarahG/spinodal_decomp_04_2025/out_python/SAV_Python_2000_dt_5.50e-06_Nx_128_periodic_dtout_2000_25pphi.csv 0 128
Exception type : ValueError 
Exception message : could not convert string to float: ''
Stack trace : ['File : /sfs/gpfs/tardis/home/xpz5km/Cahn_Hilliard_Model_HPC/spinodal_decomp/compare_phi_norms.py , Line : 63, Func.Name : compare_phis_norm_at_timepoint, Message : snapshot = read_specific_lines(f"{root}/{fname}", line_list)', 'File : /sfs/gpfs/tardis/home/xpz5km/Cahn_Hilliard_Model_HPC/spinodal_decomp/compare_phi_norms.py , Line : 14, Func.Name : read_specific_lines, Message : digits = [float(i) for i in line.strip("\\n").split(",")]', 'File : /sfs/gpfs/tardis/home/xpz5km/Cahn_Hilliard_Model_HPC/spinodal_decomp/compare_phi_norms.py , Line : 14, Func.Name : <listcomp>, Message : digits = [float(i) for i in line.strip("\\n").split(",")]']
NMG, Python,20,64,neumann,20,75p
/project/g_bme-janeslab/SarahG/spinodal_decomp_04_2025/out_python/NMG_Python_20_dt_5.50e-06_Nx_64_neumann_dtout_20_75pphi.csv 0 64
Exception type : ValueError 
Exception message : could not convert string to float: ''
Stack trace : ['File : /sfs/gpfs/tardis/home/xpz5km/Cahn_Hilliard_Model_HPC/spinodal_decomp/compare_phi_norms.py , Line : 63, Func.Name : compare_phis_norm_at_timepoint, Message : snapshot = read_specific_lines(f"{root}/{fname}", line_list)', 'File : /sfs/gpfs/tardis/home/xpz5km/Cahn_Hilliard_Model_HPC/spinodal_decomp/compare_phi_norms.py , Line : 14, Func.Name : read_specific_lines, Message : digits = [float(i) for i in line.strip("\\n").split(",")]', 'File : /sfs/gpfs/tardis/home/xpz5km/Cahn_Hilliard_Model_HPC/spinodal_decomp/compare_phi_norms.py , Line : 14, Func.Name : <listcomp>, Message : digits = [float(i) for i in line.strip("\\n").split(",")]']
SAV, Python,2000,256,periodic,10,50p
/project/g_bme-janeslab/SarahG/spinodal_decomp_04_2025/out_python/spinodal_decomp_04_2025SAV_Python_2000_dt_5.50e-06_Nx_256_periodic_dtout_10phi.csv 0 256
Exception type : ValueError 
Exception message : could not convert string to float: ''
Stack trace : ['File : /sfs/gpfs/tardis/home/xpz5km/Cahn_Hilliard_Model_HPC/spinodal_decomp/compare_phi_norms.py , Line : 63, Func.Name : compare_phis_norm_at_timepoint, Message : snapshot = read_specific_lines(f"{root}/{fname}", line_list)', 'File : /sfs/gpfs/tardis/home/xpz5km/Cahn_Hilliard_Model_HPC/spinodal_decomp/compare_phi_norms.py , Line : 14, Func.Name : read_specific_lines, Message : digits = [float(i) for i in line.strip("\\n").split(",")]', 'File : /sfs/gpfs/tardis/home/xpz5km/Cahn_Hilliard_Model_HPC/spinodal_decomp/compare_phi_norms.py , Line : 14, Func.Name : <listcomp>, Message : digits = [float(i) for i in line.strip("\\n").split(",")]']
NMG, Python,20,256,periodic,1,50p
/project/g_bme-janeslab/SarahG/spinodal_decomp_04_2025/out_python/NMG_Python_20_dt_5.50e-06_Nx_256_periodic_dtout_1phi.csv 0 256
Exception type : ValueError 
Exception message : could not convert string to float: ''
Stack trace : ['File : /sfs/gpfs/tardis/home/xpz5km/Cahn_Hilliard_Model_HPC/spinodal_decomp/compare_phi_norms.py , Line : 63, Func.Name : compare_phis_norm_at_timepoint, Message : snapshot = read_specific_lines(f"{root}/{fname}", line_list)', 'File : /sfs/gpfs/tardis/home/xpz5km/Cahn_Hilliard_Model_HPC/spinodal_decomp/compare_phi_norms.py , Line : 14, Func.Name : read_specific_lines, Message : digits = [float(i) for i in line.strip("\\n").split(",")]', 'File : /sfs/gpfs/tardis/home/xpz5km/Cahn_Hilliard_Model_HPC/spinodal_decomp/compare_phi_norms.py , Line : 14, Func.Name : <listcomp>, Message : digits = [float(i) for i in line.strip("\\n").split(",")]']
SAV, Python,2000,64,periodic,2000,25p
/project/g_bme-janeslab/SarahG/spinodal_decomp_04_2025/out_python/SAV_Python_2000_dt_5.50e-06_Nx_64_periodic_dtout_2000_25pphi.csv 0 64
Exception type : ValueError 
Exception message : could not convert string to float: ''
Stack trace : ['File : /sfs/gpfs/tardis/home/xpz5km/Cahn_Hilliard_Model_HPC/spinodal_decomp/compare_phi_norms.py , Line : 63, Func.Name : compare_phis_norm_at_timepoint, Message : snapshot = read_specific_lines(f"{root}/{fname}", line_list)', 'File : /sfs/gpfs/tardis/home/xpz5km/Cahn_Hilliard_Model_HPC/spinodal_decomp/compare_phi_norms.py , Line : 14, Func.Name : read_specific_lines, Message : digits = [float(i) for i in line.strip("\\n").split(",")]', 'File : /sfs/gpfs/tardis/home/xpz5km/Cahn_Hilliard_Model_HPC/spinodal_decomp/compare_phi_norms.py , Line : 14, Func.Name : <listcomp>, Message : digits = [float(i) for i in line.strip("\\n").split(",")]']
NMG, Python,20,128,periodic,1,25p
/project/g_bme-janeslab/SarahG/spinodal_decomp_04_2025/out_python/NMG_Python_20_dt_5.50e-06_Nx_128_periodic_dtout_1_25pphi.csv 0 128
Exception type : ValueError 
Exception message : could not convert string to float: ''
Stack trace : ['File : /sfs/gpfs/tardis/home/xpz5km/Cahn_Hilliard_Model_HPC/spinodal_decomp/compare_phi_norms.py , Line : 63, Func.Name : compare_phis_norm_at_timepoint, Message : snapshot = read_specific_lines(f"{root}/{fname}", line_list)', 'File : /sfs/gpfs/tardis/home/xpz5km/Cahn_Hilliard_Model_HPC/spinodal_decomp/compare_phi_norms.py , Line : 14, Func.Name : read_specific_lines, Message : digits = [float(i) for i in line.strip("\\n").split(",")]', 'File : /sfs/gpfs/tardis/home/xpz5km/Cahn_Hilliard_Model_HPC/spinodal_decomp/compare_phi_norms.py , Line : 14, Func.Name : <listcomp>, Message : digits = [float(i) for i in line.strip("\\n").split(",")]']
SAV, Python,2000,512,periodic,10,50p
/project/g_bme-janeslab/SarahG/spinodal_decomp_04_2025/out_python/spinodal_decomp_04_2025SAV_Python_2000_dt_5.50e-06_Nx_512_periodic_dtout_10phi.csv 0 512
Exception type : ValueError 
Exception message : could not convert string to float: ''
Stack trace : ['File : /sfs/gpfs/tardis/home/xpz5km/Cahn_Hilliard_Model_HPC/spinodal_decomp/compare_phi_norms.py , Line : 63, Func.Name : compare_phis_norm_at_timepoint, Message : snapshot = read_specific_lines(f"{root}/{fname}", line_list)', 'File : /sfs/gpfs/tardis/home/xpz5km/Cahn_Hilliard_Model_HPC/spinodal_decomp/compare_phi_norms.py , Line : 14, Func.Name : read_specific_lines, Message : digits = [float(i) for i in line.strip("\\n").split(",")]', 'File : /sfs/gpfs/tardis/home/xpz5km/Cahn_Hilliard_Model_HPC/spinodal_decomp/compare_phi_norms.py , Line : 14, Func.Name : <listcomp>, Message : digits = [float(i) for i in line.strip("\\n").split(",")]']
NMG, Python,20,128,periodic,20,50p
/project/g_bme-janeslab/SarahG/spinodal_decomp_04_2025/out_python/spinodal_decomp_04_2025NMG_Python_20_dt_5.50e-06_Nx_128_periodic_dtout_20phi.csv 0 128
Exception type : ValueError 
Exception message : could not convert string to float: ''
Stack trace : ['File : /sfs/gpfs/tardis/home/xpz5km/Cahn_Hilliard_Model_HPC/spinodal_decomp/compare_phi_norms.py , Line : 63, Func.Name : compare_phis_norm_at_timepoint, Message : snapshot = read_specific_lines(f"{root}/{fname}", line_list)', 'File : /sfs/gpfs/tardis/home/xpz5km/Cahn_Hilliard_Model_HPC/spinodal_decomp/compare_phi_norms.py , Line : 14, Func.Name : read_specific_lines, Message : digits = [float(i) for i in line.strip("\\n").split(",")]', 'File : /sfs/gpfs/tardis/home/xpz5km/Cahn_Hilliard_Model_HPC/spinodal_decomp/compare_phi_norms.py , Line : 14, Func.Name : <listcomp>, Message : digits = [float(i) for i in line.strip("\\n").split(",")]']
NMG, Python,20,64,periodic,1,50p
/project/g_bme-janeslab/SarahG/spinodal_decomp_04_2025/out_python/NMG_Python_20_dt_5.50e-06_Nx_64_periodic_dtout_1phi.csv 0 64
Exception type : ValueError 
Exception message : could not convert string to float: ''
Stack trace : ['File : /sfs/gpfs/tardis/home/xpz5km/Cahn_Hilliard_Model_HPC/spinodal_decomp/compare_phi_norms.py , Line : 63, Func.Name : compare_phis_norm_at_timepoint, Message : snapshot = read_specific_lines(f"{root}/{fname}", line_list)', 'File : /sfs/gpfs/tardis/home/xpz5km/Cahn_Hilliard_Model_HPC/spinodal_decomp/compare_phi_norms.py , Line : 14, Func.Name : read_specific_lines, Message : digits = [float(i) for i in line.strip("\\n").split(",")]', 'File : /sfs/gpfs/tardis/home/xpz5km/Cahn_Hilliard_Model_HPC/spinodal_decomp/compare_phi_norms.py , Line : 14, Func.Name : <listcomp>, Message : digits = [float(i) for i in line.strip("\\n").split(",")]']
SAV, Python,2000,64,neumann,10,50p
/project/g_bme-janeslab/SarahG/spinodal_decomp_04_2025/out_python/spinodal_decomp_04_2025SAV_Python_2000_dt_5.50e-06_Nx_64_neumann_dtout_10phi.csv 0 64
Exception type : ValueError 
Exception message : could not convert string to float: ''
Stack trace : ['File : /sfs/gpfs/tardis/home/xpz5km/Cahn_Hilliard_Model_HPC/spinodal_decomp/compare_phi_norms.py , Line : 63, Func.Name : compare_phis_norm_at_timepoint, Message : snapshot = read_specific_lines(f"{root}/{fname}", line_list)', 'File : /sfs/gpfs/tardis/home/xpz5km/Cahn_Hilliard_Model_HPC/spinodal_decomp/compare_phi_norms.py , Line : 14, Func.Name : read_specific_lines, Message : digits = [float(i) for i in line.strip("\\n").split(",")]', 'File : /sfs/gpfs/tardis/home/xpz5km/Cahn_Hilliard_Model_HPC/spinodal_decomp/compare_phi_norms.py , Line : 14, Func.Name : <listcomp>, Message : digits = [float(i) for i in line.strip("\\n").split(",")]']
NMG, Python,20,512,neumann,10,50p
/project/g_bme-janeslab/SarahG/spinodal_decomp_04_2025/out_python/spinodal_decomp_04_2025NMG_Python_20_dt_5.50e-06_Nx_512_neumann_dtout_10phi.csv 0 512
Exception type : ValueError 
Exception message : could not convert string to float: ''
Stack trace : ['File : /sfs/gpfs/tardis/home/xpz5km/Cahn_Hilliard_Model_HPC/spinodal_decomp/compare_phi_norms.py , Line : 63, Func.Name : compare_phis_norm_at_timepoint, Message : snapshot = read_specific_lines(f"{root}/{fname}", line_list)', 'File : /sfs/gpfs/tardis/home/xpz5km/Cahn_Hilliard_Model_HPC/spinodal_decomp/compare_phi_norms.py , Line : 14, Func.Name : read_specific_lines, Message : digits = [float(i) for i in line.strip("\\n").split(",")]', 'File : /sfs/gpfs/tardis/home/xpz5km/Cahn_Hilliard_Model_HPC/spinodal_decomp/compare_phi_norms.py , Line : 14, Func.Name : <listcomp>, Message : digits = [float(i) for i in line.strip("\\n").split(",")]']
NMG, Python,20,256,periodic,20,50p
/project/g_bme-janeslab/SarahG/spinodal_decomp_04_2025/out_python/NMG_Python_20_dt_5.50e-06_Nx_256_periodic_dtout_20phi.csv 0 256
Exception type : ValueError 
Exception message : could not convert string to float: ''
Stack trace : ['File : /sfs/gpfs/tardis/home/xpz5km/Cahn_Hilliard_Model_HPC/spinodal_decomp/compare_phi_norms.py , Line : 63, Func.Name : compare_phis_norm_at_timepoint, Message : snapshot = read_specific_lines(f"{root}/{fname}", line_list)', 'File : /sfs/gpfs/tardis/home/xpz5km/Cahn_Hilliard_Model_HPC/spinodal_decomp/compare_phi_norms.py , Line : 14, Func.Name : read_specific_lines, Message : digits = [float(i) for i in line.strip("\\n").split(",")]', 'File : /sfs/gpfs/tardis/home/xpz5km/Cahn_Hilliard_Model_HPC/spinodal_decomp/compare_phi_norms.py , Line : 14, Func.Name : <listcomp>, Message : digits = [float(i) for i in line.strip("\\n").split(",")]']
NMG, Python,200,256,periodic,200,50p
/project/g_bme-janeslab/SarahG/spinodal_decomp_04_2025/out_python/spinodal_decomp_04_2025NMG_Python_200_dt_5.50e-06_Nx_256_periodic_dtout_200phi.csv 0 256
Exception type : ValueError 
Exception message : could not convert string to float: ''
Stack trace : ['File : /sfs/gpfs/tardis/home/xpz5km/Cahn_Hilliard_Model_HPC/spinodal_decomp/compare_phi_norms.py , Line : 63, Func.Name : compare_phis_norm_at_timepoint, Message : snapshot = read_specific_lines(f"{root}/{fname}", line_list)', 'File : /sfs/gpfs/tardis/home/xpz5km/Cahn_Hilliard_Model_HPC/spinodal_decomp/compare_phi_norms.py , Line : 14, Func.Name : read_specific_lines, Message : digits = [float(i) for i in line.strip("\\n").split(",")]', 'File : /sfs/gpfs/tardis/home/xpz5km/Cahn_Hilliard_Model_HPC/spinodal_decomp/compare_phi_norms.py , Line : 14, Func.Name : <listcomp>, Message : digits = [float(i) for i in line.strip("\\n").split(",")]']
SAV, Python,2000,64,periodic,2000,75p
/project/g_bme-janeslab/SarahG/spinodal_decomp_04_2025/out_python/SAV_Python_2000_dt_5.50e-06_Nx_64_periodic_dtout_2000_75pphi.csv 0 64
Exception type : ValueError 
Exception message : could not convert string to float: ''
Stack trace : ['File : /sfs/gpfs/tardis/home/xpz5km/Cahn_Hilliard_Model_HPC/spinodal_decomp/compare_phi_norms.py , Line : 63, Func.Name : compare_phis_norm_at_timepoint, Message : snapshot = read_specific_lines(f"{root}/{fname}", line_list)', 'File : /sfs/gpfs/tardis/home/xpz5km/Cahn_Hilliard_Model_HPC/spinodal_decomp/compare_phi_norms.py , Line : 14, Func.Name : read_specific_lines, Message : digits = [float(i) for i in line.strip("\\n").split(",")]', 'File : /sfs/gpfs/tardis/home/xpz5km/Cahn_Hilliard_Model_HPC/spinodal_decomp/compare_phi_norms.py , Line : 14, Func.Name : <listcomp>, Message : digits = [float(i) for i in line.strip("\\n").split(",")]']
NMG, Python,20,128,periodic,20,25p
/project/g_bme-janeslab/SarahG/spinodal_decomp_04_2025/out_python/NMG_Python_20_dt_5.50e-06_Nx_128_periodic_dtout_20_25pphi.csv 0 128
Exception type : ValueError 
Exception message : could not convert string to float: ''
Stack trace : ['File : /sfs/gpfs/tardis/home/xpz5km/Cahn_Hilliard_Model_HPC/spinodal_decomp/compare_phi_norms.py , Line : 63, Func.Name : compare_phis_norm_at_timepoint, Message : snapshot = read_specific_lines(f"{root}/{fname}", line_list)', 'File : /sfs/gpfs/tardis/home/xpz5km/Cahn_Hilliard_Model_HPC/spinodal_decomp/compare_phi_norms.py , Line : 14, Func.Name : read_specific_lines, Message : digits = [float(i) for i in line.strip("\\n").split(",")]', 'File : /sfs/gpfs/tardis/home/xpz5km/Cahn_Hilliard_Model_HPC/spinodal_decomp/compare_phi_norms.py , Line : 14, Func.Name : <listcomp>, Message : digits = [float(i) for i in line.strip("\\n").split(",")]']
NMG, Python,20,64,neumann,20,25p
/project/g_bme-janeslab/SarahG/spinodal_decomp_04_2025/out_python/NMG_Python_20_dt_5.50e-06_Nx_64_neumann_dtout_20_25pphi.csv 0 64
Exception type : ValueError 
Exception message : could not convert string to float: ''
Stack trace : ['File : /sfs/gpfs/tardis/home/xpz5km/Cahn_Hilliard_Model_HPC/spinodal_decomp/compare_phi_norms.py , Line : 63, Func.Name : compare_phis_norm_at_timepoint, Message : snapshot = read_specific_lines(f"{root}/{fname}", line_list)', 'File : /sfs/gpfs/tardis/home/xpz5km/Cahn_Hilliard_Model_HPC/spinodal_decomp/compare_phi_norms.py , Line : 14, Func.Name : read_specific_lines, Message : digits = [float(i) for i in line.strip("\\n").split(",")]', 'File : /sfs/gpfs/tardis/home/xpz5km/Cahn_Hilliard_Model_HPC/spinodal_decomp/compare_phi_norms.py , Line : 14, Func.Name : <listcomp>, Message : digits = [float(i) for i in line.strip("\\n").split(",")]']
SAV, Python,2000,128,neumann,10,25p
/project/g_bme-janeslab/SarahG/spinodal_decomp_04_2025/out_python/SAV_Python_2000_dt_5.50e-06_Nx_128_neumann_dtout_10_25pphi.csv 0 128
Exception type : ValueError 
Exception message : could not convert string to float: ''
Stack trace : ['File : /sfs/gpfs/tardis/home/xpz5km/Cahn_Hilliard_Model_HPC/spinodal_decomp/compare_phi_norms.py , Line : 63, Func.Name : compare_phis_norm_at_timepoint, Message : snapshot = read_specific_lines(f"{root}/{fname}", line_list)', 'File : /sfs/gpfs/tardis/home/xpz5km/Cahn_Hilliard_Model_HPC/spinodal_decomp/compare_phi_norms.py , Line : 14, Func.Name : read_specific_lines, Message : digits = [float(i) for i in line.strip("\\n").split(",")]', 'File : /sfs/gpfs/tardis/home/xpz5km/Cahn_Hilliard_Model_HPC/spinodal_decomp/compare_phi_norms.py , Line : 14, Func.Name : <listcomp>, Message : digits = [float(i) for i in line.strip("\\n").split(",")]']
SAV, Python,2000,256,periodic,2000,25p
/project/g_bme-janeslab/SarahG/spinodal_decomp_04_2025/out_python/SAV_Python_2000_dt_5.50e-06_Nx_256_periodic_dtout_2000_25pphi.csv 0 256
Exception type : ValueError 
Exception message : could not convert string to float: ''
Stack trace : ['File : /sfs/gpfs/tardis/home/xpz5km/Cahn_Hilliard_Model_HPC/spinodal_decomp/compare_phi_norms.py , Line : 63, Func.Name : compare_phis_norm_at_timepoint, Message : snapshot = read_specific_lines(f"{root}/{fname}", line_list)', 'File : /sfs/gpfs/tardis/home/xpz5km/Cahn_Hilliard_Model_HPC/spinodal_decomp/compare_phi_norms.py , Line : 14, Func.Name : read_specific_lines, Message : digits = [float(i) for i in line.strip("\\n").split(",")]', 'File : /sfs/gpfs/tardis/home/xpz5km/Cahn_Hilliard_Model_HPC/spinodal_decomp/compare_phi_norms.py , Line : 14, Func.Name : <listcomp>, Message : digits = [float(i) for i in line.strip("\\n").split(",")]']
NMG, Python,20,128,neumann,10,50p
/project/g_bme-janeslab/SarahG/spinodal_decomp_04_2025/out_python/spinodal_decomp_04_2025NMG_Python_20_dt_5.50e-06_Nx_128_neumann_dtout_10phi.csv 0 128
Exception type : ValueError 
Exception message : could not convert string to float: ''
Stack trace : ['File : /sfs/gpfs/tardis/home/xpz5km/Cahn_Hilliard_Model_HPC/spinodal_decomp/compare_phi_norms.py , Line : 63, Func.Name : compare_phis_norm_at_timepoint, Message : snapshot = read_specific_lines(f"{root}/{fname}", line_list)', 'File : /sfs/gpfs/tardis/home/xpz5km/Cahn_Hilliard_Model_HPC/spinodal_decomp/compare_phi_norms.py , Line : 14, Func.Name : read_specific_lines, Message : digits = [float(i) for i in line.strip("\\n").split(",")]', 'File : /sfs/gpfs/tardis/home/xpz5km/Cahn_Hilliard_Model_HPC/spinodal_decomp/compare_phi_norms.py , Line : 14, Func.Name : <listcomp>, Message : digits = [float(i) for i in line.strip("\\n").split(",")]']
NMG, Python,20,256,periodic,1,75p
/project/g_bme-janeslab/SarahG/spinodal_decomp_04_2025/out_python/NMG_Python_20_dt_5.50e-06_Nx_256_periodic_dtout_1_75pphi.csv 0 256
Exception type : ValueError 
Exception message : could not convert string to float: ''
Stack trace : ['File : /sfs/gpfs/tardis/home/xpz5km/Cahn_Hilliard_Model_HPC/spinodal_decomp/compare_phi_norms.py , Line : 63, Func.Name : compare_phis_norm_at_timepoint, Message : snapshot = read_specific_lines(f"{root}/{fname}", line_list)', 'File : /sfs/gpfs/tardis/home/xpz5km/Cahn_Hilliard_Model_HPC/spinodal_decomp/compare_phi_norms.py , Line : 14, Func.Name : read_specific_lines, Message : digits = [float(i) for i in line.strip("\\n").split(",")]', 'File : /sfs/gpfs/tardis/home/xpz5km/Cahn_Hilliard_Model_HPC/spinodal_decomp/compare_phi_norms.py , Line : 14, Func.Name : <listcomp>, Message : digits = [float(i) for i in line.strip("\\n").split(",")]']
NMG, Python,20,256,neumann,2000,50p
/project/g_bme-janeslab/SarahG/spinodal_decomp_04_2025/out_python/spinodal_decomp_04_2025NMG_Python_20_dt_5.50e-06_Nx_256_neumann_dtout_2000phi.csv 0 256
Exception type : ValueError 
Exception message : could not convert string to float: ''
Stack trace : ['File : /sfs/gpfs/tardis/home/xpz5km/Cahn_Hilliard_Model_HPC/spinodal_decomp/compare_phi_norms.py , Line : 63, Func.Name : compare_phis_norm_at_timepoint, Message : snapshot = read_specific_lines(f"{root}/{fname}", line_list)', 'File : /sfs/gpfs/tardis/home/xpz5km/Cahn_Hilliard_Model_HPC/spinodal_decomp/compare_phi_norms.py , Line : 14, Func.Name : read_specific_lines, Message : digits = [float(i) for i in line.strip("\\n").split(",")]', 'File : /sfs/gpfs/tardis/home/xpz5km/Cahn_Hilliard_Model_HPC/spinodal_decomp/compare_phi_norms.py , Line : 14, Func.Name : <listcomp>, Message : digits = [float(i) for i in line.strip("\\n").split(",")]']
NMG, Python,20,512,neumann,20,25p
/project/g_bme-janeslab/SarahG/spinodal_decomp_04_2025/out_python/NMG_Python_20_dt_5.50e-06_Nx_512_neumann_dtout_20_25pphi.csv 0 512
Exception type : ValueError 
Exception message : could not convert string to float: ''
Stack trace : ['File : /sfs/gpfs/tardis/home/xpz5km/Cahn_Hilliard_Model_HPC/spinodal_decomp/compare_phi_norms.py , Line : 63, Func.Name : compare_phis_norm_at_timepoint, Message : snapshot = read_specific_lines(f"{root}/{fname}", line_list)', 'File : /sfs/gpfs/tardis/home/xpz5km/Cahn_Hilliard_Model_HPC/spinodal_decomp/compare_phi_norms.py , Line : 14, Func.Name : read_specific_lines, Message : digits = [float(i) for i in line.strip("\\n").split(",")]', 'File : /sfs/gpfs/tardis/home/xpz5km/Cahn_Hilliard_Model_HPC/spinodal_decomp/compare_phi_norms.py , Line : 14, Func.Name : <listcomp>, Message : digits = [float(i) for i in line.strip("\\n").split(",")]']
NMG, Python,20,256,periodic,20,75p
/project/g_bme-janeslab/SarahG/spinodal_decomp_04_2025/out_python/NMG_Python_20_dt_5.50e-06_Nx_256_periodic_dtout_20_75pphi.csv 0 256
Exception type : ValueError 
Exception message : could not convert string to float: ''
Stack trace : ['File : /sfs/gpfs/tardis/home/xpz5km/Cahn_Hilliard_Model_HPC/spinodal_decomp/compare_phi_norms.py , Line : 63, Func.Name : compare_phis_norm_at_timepoint, Message : snapshot = read_specific_lines(f"{root}/{fname}", line_list)', 'File : /sfs/gpfs/tardis/home/xpz5km/Cahn_Hilliard_Model_HPC/spinodal_decomp/compare_phi_norms.py , Line : 14, Func.Name : read_specific_lines, Message : digits = [float(i) for i in line.strip("\\n").split(",")]', 'File : /sfs/gpfs/tardis/home/xpz5km/Cahn_Hilliard_Model_HPC/spinodal_decomp/compare_phi_norms.py , Line : 14, Func.Name : <listcomp>, Message : digits = [float(i) for i in line.strip("\\n").split(",")]']
NMG, Python,20,512,periodic,2000,50p
/project/g_bme-janeslab/SarahG/spinodal_decomp_04_2025/out_python/spinodal_decomp_04_2025NMG_Python_20_dt_5.50e-06_Nx_512_periodic_dtout_2000phi.csv 0 512
Exception type : ValueError 
Exception message : could not convert string to float: ''
Stack trace : ['File : /sfs/gpfs/tardis/home/xpz5km/Cahn_Hilliard_Model_HPC/spinodal_decomp/compare_phi_norms.py , Line : 63, Func.Name : compare_phis_norm_at_timepoint, Message : snapshot = read_specific_lines(f"{root}/{fname}", line_list)', 'File : /sfs/gpfs/tardis/home/xpz5km/Cahn_Hilliard_Model_HPC/spinodal_decomp/compare_phi_norms.py , Line : 14, Func.Name : read_specific_lines, Message : digits = [float(i) for i in line.strip("\\n").split(",")]', 'File : /sfs/gpfs/tardis/home/xpz5km/Cahn_Hilliard_Model_HPC/spinodal_decomp/compare_phi_norms.py , Line : 14, Func.Name : <listcomp>, Message : digits = [float(i) for i in line.strip("\\n").split(",")]']
NMG, Python,20,64,neumann,2000,50p
/project/g_bme-janeslab/SarahG/spinodal_decomp_04_2025/out_python/spinodal_decomp_04_2025NMG_Python_20_dt_5.50e-06_Nx_64_neumann_dtout_2000phi.csv 0 64
Exception type : ValueError 
Exception message : could not convert string to float: ''
Stack trace : ['File : /sfs/gpfs/tardis/home/xpz5km/Cahn_Hilliard_Model_HPC/spinodal_decomp/compare_phi_norms.py , Line : 63, Func.Name : compare_phis_norm_at_timepoint, Message : snapshot = read_specific_lines(f"{root}/{fname}", line_list)', 'File : /sfs/gpfs/tardis/home/xpz5km/Cahn_Hilliard_Model_HPC/spinodal_decomp/compare_phi_norms.py , Line : 14, Func.Name : read_specific_lines, Message : digits = [float(i) for i in line.strip("\\n").split(",")]', 'File : /sfs/gpfs/tardis/home/xpz5km/Cahn_Hilliard_Model_HPC/spinodal_decomp/compare_phi_norms.py , Line : 14, Func.Name : <listcomp>, Message : digits = [float(i) for i in line.strip("\\n").split(",")]']
SAV, Python,2000,64,neumann,2000,50p
/project/g_bme-janeslab/SarahG/spinodal_decomp_04_2025/out_python/spinodal_decomp_04_2025SAV_Python_2000_dt_5.50e-06_Nx_64_neumann_dtout_2000phi.csv 0 64
Exception type : ValueError 
Exception message : could not convert string to float: ''
Stack trace : ['File : /sfs/gpfs/tardis/home/xpz5km/Cahn_Hilliard_Model_HPC/spinodal_decomp/compare_phi_norms.py , Line : 63, Func.Name : compare_phis_norm_at_timepoint, Message : snapshot = read_specific_lines(f"{root}/{fname}", line_list)', 'File : /sfs/gpfs/tardis/home/xpz5km/Cahn_Hilliard_Model_HPC/spinodal_decomp/compare_phi_norms.py , Line : 14, Func.Name : read_specific_lines, Message : digits = [float(i) for i in line.strip("\\n").split(",")]', 'File : /sfs/gpfs/tardis/home/xpz5km/Cahn_Hilliard_Model_HPC/spinodal_decomp/compare_phi_norms.py , Line : 14, Func.Name : <listcomp>, Message : digits = [float(i) for i in line.strip("\\n").split(",")]']
SAV, Python,2000,512,periodic,2000,50p
/project/g_bme-janeslab/SarahG/spinodal_decomp_04_2025/out_python/spinodal_decomp_04_2025SAV_Python_2000_dt_5.50e-06_Nx_512_periodic_dtout_2000phi.csv 0 512
Exception type : ValueError 
Exception message : could not convert string to float: ''
Stack trace : ['File : /sfs/gpfs/tardis/home/xpz5km/Cahn_Hilliard_Model_HPC/spinodal_decomp/compare_phi_norms.py , Line : 63, Func.Name : compare_phis_norm_at_timepoint, Message : snapshot = read_specific_lines(f"{root}/{fname}", line_list)', 'File : /sfs/gpfs/tardis/home/xpz5km/Cahn_Hilliard_Model_HPC/spinodal_decomp/compare_phi_norms.py , Line : 14, Func.Name : read_specific_lines, Message : digits = [float(i) for i in line.strip("\\n").split(",")]', 'File : /sfs/gpfs/tardis/home/xpz5km/Cahn_Hilliard_Model_HPC/spinodal_decomp/compare_phi_norms.py , Line : 14, Func.Name : <listcomp>, Message : digits = [float(i) for i in line.strip("\\n").split(",")]']
SAV, Python,2000,512,neumann,10,50p
/project/g_bme-janeslab/SarahG/spinodal_decomp_04_2025/out_python/spinodal_decomp_04_2025SAV_Python_2000_dt_5.50e-06_Nx_512_neumann_dtout_10phi.csv 0 512
Exception type : ValueError 
Exception message : could not convert string to float: ''
Stack trace : ['File : /sfs/gpfs/tardis/home/xpz5km/Cahn_Hilliard_Model_HPC/spinodal_decomp/compare_phi_norms.py , Line : 63, Func.Name : compare_phis_norm_at_timepoint, Message : snapshot = read_specific_lines(f"{root}/{fname}", line_list)', 'File : /sfs/gpfs/tardis/home/xpz5km/Cahn_Hilliard_Model_HPC/spinodal_decomp/compare_phi_norms.py , Line : 14, Func.Name : read_specific_lines, Message : digits = [float(i) for i in line.strip("\\n").split(",")]', 'File : /sfs/gpfs/tardis/home/xpz5km/Cahn_Hilliard_Model_HPC/spinodal_decomp/compare_phi_norms.py , Line : 14, Func.Name : <listcomp>, Message : digits = [float(i) for i in line.strip("\\n").split(",")]']
SAV, Python,2000,64,neumann,2000,75p
/project/g_bme-janeslab/SarahG/spinodal_decomp_04_2025/out_python/SAV_Python_2000_dt_5.50e-06_Nx_64_neumann_dtout_2000_75pphi.csv 0 64
Exception type : ValueError 
Exception message : could not convert string to float: ''
Stack trace : ['File : /sfs/gpfs/tardis/home/xpz5km/Cahn_Hilliard_Model_HPC/spinodal_decomp/compare_phi_norms.py , Line : 63, Func.Name : compare_phis_norm_at_timepoint, Message : snapshot = read_specific_lines(f"{root}/{fname}", line_list)', 'File : /sfs/gpfs/tardis/home/xpz5km/Cahn_Hilliard_Model_HPC/spinodal_decomp/compare_phi_norms.py , Line : 14, Func.Name : read_specific_lines, Message : digits = [float(i) for i in line.strip("\\n").split(",")]', 'File : /sfs/gpfs/tardis/home/xpz5km/Cahn_Hilliard_Model_HPC/spinodal_decomp/compare_phi_norms.py , Line : 14, Func.Name : <listcomp>, Message : digits = [float(i) for i in line.strip("\\n").split(",")]']
SAV, Python,2000,256,periodic,10,25p
/project/g_bme-janeslab/SarahG/spinodal_decomp_04_2025/out_python/SAV_Python_2000_dt_5.50e-06_Nx_256_periodic_dtout_10_25pphi.csv 0 256
Exception type : ValueError 
Exception message : could not convert string to float: ''
Stack trace : ['File : /sfs/gpfs/tardis/home/xpz5km/Cahn_Hilliard_Model_HPC/spinodal_decomp/compare_phi_norms.py , Line : 63, Func.Name : compare_phis_norm_at_timepoint, Message : snapshot = read_specific_lines(f"{root}/{fname}", line_list)', 'File : /sfs/gpfs/tardis/home/xpz5km/Cahn_Hilliard_Model_HPC/spinodal_decomp/compare_phi_norms.py , Line : 14, Func.Name : read_specific_lines, Message : digits = [float(i) for i in line.strip("\\n").split(",")]', 'File : /sfs/gpfs/tardis/home/xpz5km/Cahn_Hilliard_Model_HPC/spinodal_decomp/compare_phi_norms.py , Line : 14, Func.Name : <listcomp>, Message : digits = [float(i) for i in line.strip("\\n").split(",")]']
NMG, Python,20,64,periodic,1,75p
/project/g_bme-janeslab/SarahG/spinodal_decomp_04_2025/out_python/NMG_Python_20_dt_5.50e-06_Nx_64_periodic_dtout_1_75pphi.csv 0 64
Exception type : ValueError 
Exception message : could not convert string to float: ''
Stack trace : ['File : /sfs/gpfs/tardis/home/xpz5km/Cahn_Hilliard_Model_HPC/spinodal_decomp/compare_phi_norms.py , Line : 63, Func.Name : compare_phis_norm_at_timepoint, Message : snapshot = read_specific_lines(f"{root}/{fname}", line_list)', 'File : /sfs/gpfs/tardis/home/xpz5km/Cahn_Hilliard_Model_HPC/spinodal_decomp/compare_phi_norms.py , Line : 14, Func.Name : read_specific_lines, Message : digits = [float(i) for i in line.strip("\\n").split(",")]', 'File : /sfs/gpfs/tardis/home/xpz5km/Cahn_Hilliard_Model_HPC/spinodal_decomp/compare_phi_norms.py , Line : 14, Func.Name : <listcomp>, Message : digits = [float(i) for i in line.strip("\\n").split(",")]']
NMG, Python,200,512,neumann,200,50p
/project/g_bme-janeslab/SarahG/spinodal_decomp_04_2025/out_python/spinodal_decomp_04_2025NMG_Python_200_dt_5.50e-06_Nx_512_neumann_dtout_200phi.csv 0 512
Exception type : ValueError 
Exception message : could not convert string to float: ''
Stack trace : ['File : /sfs/gpfs/tardis/home/xpz5km/Cahn_Hilliard_Model_HPC/spinodal_decomp/compare_phi_norms.py , Line : 63, Func.Name : compare_phis_norm_at_timepoint, Message : snapshot = read_specific_lines(f"{root}/{fname}", line_list)', 'File : /sfs/gpfs/tardis/home/xpz5km/Cahn_Hilliard_Model_HPC/spinodal_decomp/compare_phi_norms.py , Line : 14, Func.Name : read_specific_lines, Message : digits = [float(i) for i in line.strip("\\n").split(",")]', 'File : /sfs/gpfs/tardis/home/xpz5km/Cahn_Hilliard_Model_HPC/spinodal_decomp/compare_phi_norms.py , Line : 14, Func.Name : <listcomp>, Message : digits = [float(i) for i in line.strip("\\n").split(",")]']
NMG, Python,20,128,neumann,1,25p
/project/g_bme-janeslab/SarahG/spinodal_decomp_04_2025/out_python/NMG_Python_20_dt_5.50e-06_Nx_128_neumann_dtout_1_25pphi.csv 0 128
Exception type : ValueError 
Exception message : could not convert string to float: ''
Stack trace : ['File : /sfs/gpfs/tardis/home/xpz5km/Cahn_Hilliard_Model_HPC/spinodal_decomp/compare_phi_norms.py , Line : 63, Func.Name : compare_phis_norm_at_timepoint, Message : snapshot = read_specific_lines(f"{root}/{fname}", line_list)', 'File : /sfs/gpfs/tardis/home/xpz5km/Cahn_Hilliard_Model_HPC/spinodal_decomp/compare_phi_norms.py , Line : 14, Func.Name : read_specific_lines, Message : digits = [float(i) for i in line.strip("\\n").split(",")]', 'File : /sfs/gpfs/tardis/home/xpz5km/Cahn_Hilliard_Model_HPC/spinodal_decomp/compare_phi_norms.py , Line : 14, Func.Name : <listcomp>, Message : digits = [float(i) for i in line.strip("\\n").split(",")]']
SAV, Python,2000,128,neumann,2000,50p
/project/g_bme-janeslab/SarahG/spinodal_decomp_04_2025/out_python/spinodal_decomp_04_2025SAV_Python_2000_dt_5.50e-06_Nx_128_neumann_dtout_2000phi.csv 0 128
Exception type : ValueError 
Exception message : could not convert string to float: ''
Stack trace : ['File : /sfs/gpfs/tardis/home/xpz5km/Cahn_Hilliard_Model_HPC/spinodal_decomp/compare_phi_norms.py , Line : 63, Func.Name : compare_phis_norm_at_timepoint, Message : snapshot = read_specific_lines(f"{root}/{fname}", line_list)', 'File : /sfs/gpfs/tardis/home/xpz5km/Cahn_Hilliard_Model_HPC/spinodal_decomp/compare_phi_norms.py , Line : 14, Func.Name : read_specific_lines, Message : digits = [float(i) for i in line.strip("\\n").split(",")]', 'File : /sfs/gpfs/tardis/home/xpz5km/Cahn_Hilliard_Model_HPC/spinodal_decomp/compare_phi_norms.py , Line : 14, Func.Name : <listcomp>, Message : digits = [float(i) for i in line.strip("\\n").split(",")]']
NMG, Python,20,256,neumann,1,75p
/project/g_bme-janeslab/SarahG/spinodal_decomp_04_2025/out_python/NMG_Python_20_dt_5.50e-06_Nx_256_neumann_dtout_1_75pphi.csv 0 256
Exception type : ValueError 
Exception message : could not convert string to float: ''
Stack trace : ['File : /sfs/gpfs/tardis/home/xpz5km/Cahn_Hilliard_Model_HPC/spinodal_decomp/compare_phi_norms.py , Line : 63, Func.Name : compare_phis_norm_at_timepoint, Message : snapshot = read_specific_lines(f"{root}/{fname}", line_list)', 'File : /sfs/gpfs/tardis/home/xpz5km/Cahn_Hilliard_Model_HPC/spinodal_decomp/compare_phi_norms.py , Line : 14, Func.Name : read_specific_lines, Message : digits = [float(i) for i in line.strip("\\n").split(",")]', 'File : /sfs/gpfs/tardis/home/xpz5km/Cahn_Hilliard_Model_HPC/spinodal_decomp/compare_phi_norms.py , Line : 14, Func.Name : <listcomp>, Message : digits = [float(i) for i in line.strip("\\n").split(",")]']
NMG, Python,20,256,neumann,1,25p
/project/g_bme-janeslab/SarahG/spinodal_decomp_04_2025/out_python/NMG_Python_20_dt_5.50e-06_Nx_256_neumann_dtout_1_25pphi.csv 0 256
Exception type : ValueError 
Exception message : could not convert string to float: ''
Stack trace : ['File : /sfs/gpfs/tardis/home/xpz5km/Cahn_Hilliard_Model_HPC/spinodal_decomp/compare_phi_norms.py , Line : 63, Func.Name : compare_phis_norm_at_timepoint, Message : snapshot = read_specific_lines(f"{root}/{fname}", line_list)', 'File : /sfs/gpfs/tardis/home/xpz5km/Cahn_Hilliard_Model_HPC/spinodal_decomp/compare_phi_norms.py , Line : 14, Func.Name : read_specific_lines, Message : digits = [float(i) for i in line.strip("\\n").split(",")]', 'File : /sfs/gpfs/tardis/home/xpz5km/Cahn_Hilliard_Model_HPC/spinodal_decomp/compare_phi_norms.py , Line : 14, Func.Name : <listcomp>, Message : digits = [float(i) for i in line.strip("\\n").split(",")]']
NMG, Python,20,256,periodic,20,50p
/project/g_bme-janeslab/SarahG/spinodal_decomp_04_2025/out_python/spinodal_decomp_04_2025NMG_Python_20_dt_5.50e-06_Nx_256_periodic_dtout_20phi.csv 0 256
Exception type : ValueError 
Exception message : could not convert string to float: ''
Stack trace : ['File : /sfs/gpfs/tardis/home/xpz5km/Cahn_Hilliard_Model_HPC/spinodal_decomp/compare_phi_norms.py , Line : 63, Func.Name : compare_phis_norm_at_timepoint, Message : snapshot = read_specific_lines(f"{root}/{fname}", line_list)', 'File : /sfs/gpfs/tardis/home/xpz5km/Cahn_Hilliard_Model_HPC/spinodal_decomp/compare_phi_norms.py , Line : 14, Func.Name : read_specific_lines, Message : digits = [float(i) for i in line.strip("\\n").split(",")]', 'File : /sfs/gpfs/tardis/home/xpz5km/Cahn_Hilliard_Model_HPC/spinodal_decomp/compare_phi_norms.py , Line : 14, Func.Name : <listcomp>, Message : digits = [float(i) for i in line.strip("\\n").split(",")]']
NMG, Python,20,256,neumann,20,50p
/project/g_bme-janeslab/SarahG/spinodal_decomp_04_2025/out_python/spinodal_decomp_04_2025NMG_Python_20_dt_5.50e-06_Nx_256_neumann_dtout_20phi.csv 0 256
Exception type : ValueError 
Exception message : could not convert string to float: ''
Stack trace : ['File : /sfs/gpfs/tardis/home/xpz5km/Cahn_Hilliard_Model_HPC/spinodal_decomp/compare_phi_norms.py , Line : 63, Func.Name : compare_phis_norm_at_timepoint, Message : snapshot = read_specific_lines(f"{root}/{fname}", line_list)', 'File : /sfs/gpfs/tardis/home/xpz5km/Cahn_Hilliard_Model_HPC/spinodal_decomp/compare_phi_norms.py , Line : 14, Func.Name : read_specific_lines, Message : digits = [float(i) for i in line.strip("\\n").split(",")]', 'File : /sfs/gpfs/tardis/home/xpz5km/Cahn_Hilliard_Model_HPC/spinodal_decomp/compare_phi_norms.py , Line : 14, Func.Name : <listcomp>, Message : digits = [float(i) for i in line.strip("\\n").split(",")]']
SAV, Python,2000,64,neumann,2000,25p
/project/g_bme-janeslab/SarahG/spinodal_decomp_04_2025/out_python/SAV_Python_2000_dt_5.50e-06_Nx_64_neumann_dtout_2000_25pphi.csv 0 64
Exception type : ValueError 
Exception message : could not convert string to float: ''
Stack trace : ['File : /sfs/gpfs/tardis/home/xpz5km/Cahn_Hilliard_Model_HPC/spinodal_decomp/compare_phi_norms.py , Line : 63, Func.Name : compare_phis_norm_at_timepoint, Message : snapshot = read_specific_lines(f"{root}/{fname}", line_list)', 'File : /sfs/gpfs/tardis/home/xpz5km/Cahn_Hilliard_Model_HPC/spinodal_decomp/compare_phi_norms.py , Line : 14, Func.Name : read_specific_lines, Message : digits = [float(i) for i in line.strip("\\n").split(",")]', 'File : /sfs/gpfs/tardis/home/xpz5km/Cahn_Hilliard_Model_HPC/spinodal_decomp/compare_phi_norms.py , Line : 14, Func.Name : <listcomp>, Message : digits = [float(i) for i in line.strip("\\n").split(",")]']
SAV, Python,2000,128,neumann,2000,75p
/project/g_bme-janeslab/SarahG/spinodal_decomp_04_2025/out_python/SAV_Python_2000_dt_5.50e-06_Nx_128_neumann_dtout_2000_75pphi.csv 0 128
Exception type : ValueError 
Exception message : could not convert string to float: ''
Stack trace : ['File : /sfs/gpfs/tardis/home/xpz5km/Cahn_Hilliard_Model_HPC/spinodal_decomp/compare_phi_norms.py , Line : 63, Func.Name : compare_phis_norm_at_timepoint, Message : snapshot = read_specific_lines(f"{root}/{fname}", line_list)', 'File : /sfs/gpfs/tardis/home/xpz5km/Cahn_Hilliard_Model_HPC/spinodal_decomp/compare_phi_norms.py , Line : 14, Func.Name : read_specific_lines, Message : digits = [float(i) for i in line.strip("\\n").split(",")]', 'File : /sfs/gpfs/tardis/home/xpz5km/Cahn_Hilliard_Model_HPC/spinodal_decomp/compare_phi_norms.py , Line : 14, Func.Name : <listcomp>, Message : digits = [float(i) for i in line.strip("\\n").split(",")]']
NMG, Python,20,512,periodic,10,50p
/project/g_bme-janeslab/SarahG/spinodal_decomp_04_2025/out_python/spinodal_decomp_04_2025NMG_Python_20_dt_5.50e-06_Nx_512_periodic_dtout_10phi.csv 0 512
Exception type : ValueError 
Exception message : could not convert string to float: ''
Stack trace : ['File : /sfs/gpfs/tardis/home/xpz5km/Cahn_Hilliard_Model_HPC/spinodal_decomp/compare_phi_norms.py , Line : 63, Func.Name : compare_phis_norm_at_timepoint, Message : snapshot = read_specific_lines(f"{root}/{fname}", line_list)', 'File : /sfs/gpfs/tardis/home/xpz5km/Cahn_Hilliard_Model_HPC/spinodal_decomp/compare_phi_norms.py , Line : 14, Func.Name : read_specific_lines, Message : digits = [float(i) for i in line.strip("\\n").split(",")]', 'File : /sfs/gpfs/tardis/home/xpz5km/Cahn_Hilliard_Model_HPC/spinodal_decomp/compare_phi_norms.py , Line : 14, Func.Name : <listcomp>, Message : digits = [float(i) for i in line.strip("\\n").split(",")]']
SAV, Python,2000,64,periodic,10,25p
/project/g_bme-janeslab/SarahG/spinodal_decomp_04_2025/out_python/SAV_Python_2000_dt_5.50e-06_Nx_64_periodic_dtout_10_25pphi.csv 0 64
Exception type : ValueError 
Exception message : could not convert string to float: ''
Stack trace : ['File : /sfs/gpfs/tardis/home/xpz5km/Cahn_Hilliard_Model_HPC/spinodal_decomp/compare_phi_norms.py , Line : 63, Func.Name : compare_phis_norm_at_timepoint, Message : snapshot = read_specific_lines(f"{root}/{fname}", line_list)', 'File : /sfs/gpfs/tardis/home/xpz5km/Cahn_Hilliard_Model_HPC/spinodal_decomp/compare_phi_norms.py , Line : 14, Func.Name : read_specific_lines, Message : digits = [float(i) for i in line.strip("\\n").split(",")]', 'File : /sfs/gpfs/tardis/home/xpz5km/Cahn_Hilliard_Model_HPC/spinodal_decomp/compare_phi_norms.py , Line : 14, Func.Name : <listcomp>, Message : digits = [float(i) for i in line.strip("\\n").split(",")]']
NMG, Python,20,128,neumann,20,25p
/project/g_bme-janeslab/SarahG/spinodal_decomp_04_2025/out_python/NMG_Python_20_dt_5.50e-06_Nx_128_neumann_dtout_20_25pphi.csv 0 128
Exception type : ValueError 
Exception message : could not convert string to float: ''
Stack trace : ['File : /sfs/gpfs/tardis/home/xpz5km/Cahn_Hilliard_Model_HPC/spinodal_decomp/compare_phi_norms.py , Line : 63, Func.Name : compare_phis_norm_at_timepoint, Message : snapshot = read_specific_lines(f"{root}/{fname}", line_list)', 'File : /sfs/gpfs/tardis/home/xpz5km/Cahn_Hilliard_Model_HPC/spinodal_decomp/compare_phi_norms.py , Line : 14, Func.Name : read_specific_lines, Message : digits = [float(i) for i in line.strip("\\n").split(",")]', 'File : /sfs/gpfs/tardis/home/xpz5km/Cahn_Hilliard_Model_HPC/spinodal_decomp/compare_phi_norms.py , Line : 14, Func.Name : <listcomp>, Message : digits = [float(i) for i in line.strip("\\n").split(",")]']
NMG, Python,20,128,periodic,1,75p
/project/g_bme-janeslab/SarahG/spinodal_decomp_04_2025/out_python/NMG_Python_20_dt_5.50e-06_Nx_128_periodic_dtout_1_75pphi.csv 0 128
Exception type : ValueError 
Exception message : could not convert string to float: ''
Stack trace : ['File : /sfs/gpfs/tardis/home/xpz5km/Cahn_Hilliard_Model_HPC/spinodal_decomp/compare_phi_norms.py , Line : 63, Func.Name : compare_phis_norm_at_timepoint, Message : snapshot = read_specific_lines(f"{root}/{fname}", line_list)', 'File : /sfs/gpfs/tardis/home/xpz5km/Cahn_Hilliard_Model_HPC/spinodal_decomp/compare_phi_norms.py , Line : 14, Func.Name : read_specific_lines, Message : digits = [float(i) for i in line.strip("\\n").split(",")]', 'File : /sfs/gpfs/tardis/home/xpz5km/Cahn_Hilliard_Model_HPC/spinodal_decomp/compare_phi_norms.py , Line : 14, Func.Name : <listcomp>, Message : digits = [float(i) for i in line.strip("\\n").split(",")]']
SAV, Python,2000,64,periodic,2000,50p
/project/g_bme-janeslab/SarahG/spinodal_decomp_04_2025/out_python/spinodal_decomp_04_2025SAV_Python_2000_dt_5.50e-06_Nx_64_periodic_dtout_2000phi.csv 0 64
Exception type : ValueError 
Exception message : could not convert string to float: ''
Stack trace : ['File : /sfs/gpfs/tardis/home/xpz5km/Cahn_Hilliard_Model_HPC/spinodal_decomp/compare_phi_norms.py , Line : 63, Func.Name : compare_phis_norm_at_timepoint, Message : snapshot = read_specific_lines(f"{root}/{fname}", line_list)', 'File : /sfs/gpfs/tardis/home/xpz5km/Cahn_Hilliard_Model_HPC/spinodal_decomp/compare_phi_norms.py , Line : 14, Func.Name : read_specific_lines, Message : digits = [float(i) for i in line.strip("\\n").split(",")]', 'File : /sfs/gpfs/tardis/home/xpz5km/Cahn_Hilliard_Model_HPC/spinodal_decomp/compare_phi_norms.py , Line : 14, Func.Name : <listcomp>, Message : digits = [float(i) for i in line.strip("\\n").split(",")]']
SAV, Python,2000,128,periodic,10,25p
/project/g_bme-janeslab/SarahG/spinodal_decomp_04_2025/out_python/SAV_Python_2000_dt_5.50e-06_Nx_128_periodic_dtout_10_25pphi.csv 0 128
Exception type : ValueError 
Exception message : could not convert string to float: ''
Stack trace : ['File : /sfs/gpfs/tardis/home/xpz5km/Cahn_Hilliard_Model_HPC/spinodal_decomp/compare_phi_norms.py , Line : 63, Func.Name : compare_phis_norm_at_timepoint, Message : snapshot = read_specific_lines(f"{root}/{fname}", line_list)', 'File : /sfs/gpfs/tardis/home/xpz5km/Cahn_Hilliard_Model_HPC/spinodal_decomp/compare_phi_norms.py , Line : 14, Func.Name : read_specific_lines, Message : digits = [float(i) for i in line.strip("\\n").split(",")]', 'File : /sfs/gpfs/tardis/home/xpz5km/Cahn_Hilliard_Model_HPC/spinodal_decomp/compare_phi_norms.py , Line : 14, Func.Name : <listcomp>, Message : digits = [float(i) for i in line.strip("\\n").split(",")]']
NMG, Python,200,128,periodic,200,50p
/project/g_bme-janeslab/SarahG/spinodal_decomp_04_2025/out_python/spinodal_decomp_04_2025NMG_Python_200_dt_5.50e-06_Nx_128_periodic_dtout_200phi.csv 0 128
Exception type : ValueError 
Exception message : could not convert string to float: ''
Stack trace : ['File : /sfs/gpfs/tardis/home/xpz5km/Cahn_Hilliard_Model_HPC/spinodal_decomp/compare_phi_norms.py , Line : 63, Func.Name : compare_phis_norm_at_timepoint, Message : snapshot = read_specific_lines(f"{root}/{fname}", line_list)', 'File : /sfs/gpfs/tardis/home/xpz5km/Cahn_Hilliard_Model_HPC/spinodal_decomp/compare_phi_norms.py , Line : 14, Func.Name : read_specific_lines, Message : digits = [float(i) for i in line.strip("\\n").split(",")]', 'File : /sfs/gpfs/tardis/home/xpz5km/Cahn_Hilliard_Model_HPC/spinodal_decomp/compare_phi_norms.py , Line : 14, Func.Name : <listcomp>, Message : digits = [float(i) for i in line.strip("\\n").split(",")]']
NMG, Python,20,64,periodic,20,25p
/project/g_bme-janeslab/SarahG/spinodal_decomp_04_2025/out_python/NMG_Python_20_dt_5.50e-06_Nx_64_periodic_dtout_20_25pphi.csv 0 64
Exception type : ValueError 
Exception message : could not convert string to float: ''
Stack trace : ['File : /sfs/gpfs/tardis/home/xpz5km/Cahn_Hilliard_Model_HPC/spinodal_decomp/compare_phi_norms.py , Line : 63, Func.Name : compare_phis_norm_at_timepoint, Message : snapshot = read_specific_lines(f"{root}/{fname}", line_list)', 'File : /sfs/gpfs/tardis/home/xpz5km/Cahn_Hilliard_Model_HPC/spinodal_decomp/compare_phi_norms.py , Line : 14, Func.Name : read_specific_lines, Message : digits = [float(i) for i in line.strip("\\n").split(",")]', 'File : /sfs/gpfs/tardis/home/xpz5km/Cahn_Hilliard_Model_HPC/spinodal_decomp/compare_phi_norms.py , Line : 14, Func.Name : <listcomp>, Message : digits = [float(i) for i in line.strip("\\n").split(",")]']
SAV, Python,2000,512,neumann,2000,75p
/project/g_bme-janeslab/SarahG/spinodal_decomp_04_2025/out_python/SAV_Python_2000_dt_5.50e-06_Nx_512_neumann_dtout_2000_75pphi.csv 0 512
Exception type : ValueError 
Exception message : could not convert string to float: ''
Stack trace : ['File : /sfs/gpfs/tardis/home/xpz5km/Cahn_Hilliard_Model_HPC/spinodal_decomp/compare_phi_norms.py , Line : 63, Func.Name : compare_phis_norm_at_timepoint, Message : snapshot = read_specific_lines(f"{root}/{fname}", line_list)', 'File : /sfs/gpfs/tardis/home/xpz5km/Cahn_Hilliard_Model_HPC/spinodal_decomp/compare_phi_norms.py , Line : 14, Func.Name : read_specific_lines, Message : digits = [float(i) for i in line.strip("\\n").split(",")]', 'File : /sfs/gpfs/tardis/home/xpz5km/Cahn_Hilliard_Model_HPC/spinodal_decomp/compare_phi_norms.py , Line : 14, Func.Name : <listcomp>, Message : digits = [float(i) for i in line.strip("\\n").split(",")]']
SAV, Python,2000,256,neumann,10,25p
/project/g_bme-janeslab/SarahG/spinodal_decomp_04_2025/out_python/SAV_Python_2000_dt_5.50e-06_Nx_256_neumann_dtout_10_25pphi.csv 0 256
Exception type : ValueError 
Exception message : could not convert string to float: ''
Stack trace : ['File : /sfs/gpfs/tardis/home/xpz5km/Cahn_Hilliard_Model_HPC/spinodal_decomp/compare_phi_norms.py , Line : 63, Func.Name : compare_phis_norm_at_timepoint, Message : snapshot = read_specific_lines(f"{root}/{fname}", line_list)', 'File : /sfs/gpfs/tardis/home/xpz5km/Cahn_Hilliard_Model_HPC/spinodal_decomp/compare_phi_norms.py , Line : 14, Func.Name : read_specific_lines, Message : digits = [float(i) for i in line.strip("\\n").split(",")]', 'File : /sfs/gpfs/tardis/home/xpz5km/Cahn_Hilliard_Model_HPC/spinodal_decomp/compare_phi_norms.py , Line : 14, Func.Name : <listcomp>, Message : digits = [float(i) for i in line.strip("\\n").split(",")]']
NMG, Python,20,64,periodic,1,25p
/project/g_bme-janeslab/SarahG/spinodal_decomp_04_2025/out_python/NMG_Python_20_dt_5.50e-06_Nx_64_periodic_dtout_1_25pphi.csv 0 64
Exception type : ValueError 
Exception message : could not convert string to float: ''
Stack trace : ['File : /sfs/gpfs/tardis/home/xpz5km/Cahn_Hilliard_Model_HPC/spinodal_decomp/compare_phi_norms.py , Line : 63, Func.Name : compare_phis_norm_at_timepoint, Message : snapshot = read_specific_lines(f"{root}/{fname}", line_list)', 'File : /sfs/gpfs/tardis/home/xpz5km/Cahn_Hilliard_Model_HPC/spinodal_decomp/compare_phi_norms.py , Line : 14, Func.Name : read_specific_lines, Message : digits = [float(i) for i in line.strip("\\n").split(",")]', 'File : /sfs/gpfs/tardis/home/xpz5km/Cahn_Hilliard_Model_HPC/spinodal_decomp/compare_phi_norms.py , Line : 14, Func.Name : <listcomp>, Message : digits = [float(i) for i in line.strip("\\n").split(",")]']
SAV, Python,2000,128,neumann,10,75p
/project/g_bme-janeslab/SarahG/spinodal_decomp_04_2025/out_python/SAV_Python_2000_dt_5.50e-06_Nx_128_neumann_dtout_10_75pphi.csv 0 128
Exception type : ValueError 
Exception message : could not convert string to float: ''
Stack trace : ['File : /sfs/gpfs/tardis/home/xpz5km/Cahn_Hilliard_Model_HPC/spinodal_decomp/compare_phi_norms.py , Line : 63, Func.Name : compare_phis_norm_at_timepoint, Message : snapshot = read_specific_lines(f"{root}/{fname}", line_list)', 'File : /sfs/gpfs/tardis/home/xpz5km/Cahn_Hilliard_Model_HPC/spinodal_decomp/compare_phi_norms.py , Line : 14, Func.Name : read_specific_lines, Message : digits = [float(i) for i in line.strip("\\n").split(",")]', 'File : /sfs/gpfs/tardis/home/xpz5km/Cahn_Hilliard_Model_HPC/spinodal_decomp/compare_phi_norms.py , Line : 14, Func.Name : <listcomp>, Message : digits = [float(i) for i in line.strip("\\n").split(",")]']
NMG, Python,20,256,neumann,20,75p
/project/g_bme-janeslab/SarahG/spinodal_decomp_04_2025/out_python/NMG_Python_20_dt_5.50e-06_Nx_256_neumann_dtout_20_75pphi.csv 0 256
Exception type : ValueError 
Exception message : could not convert string to float: ''
Stack trace : ['File : /sfs/gpfs/tardis/home/xpz5km/Cahn_Hilliard_Model_HPC/spinodal_decomp/compare_phi_norms.py , Line : 63, Func.Name : compare_phis_norm_at_timepoint, Message : snapshot = read_specific_lines(f"{root}/{fname}", line_list)', 'File : /sfs/gpfs/tardis/home/xpz5km/Cahn_Hilliard_Model_HPC/spinodal_decomp/compare_phi_norms.py , Line : 14, Func.Name : read_specific_lines, Message : digits = [float(i) for i in line.strip("\\n").split(",")]', 'File : /sfs/gpfs/tardis/home/xpz5km/Cahn_Hilliard_Model_HPC/spinodal_decomp/compare_phi_norms.py , Line : 14, Func.Name : <listcomp>, Message : digits = [float(i) for i in line.strip("\\n").split(",")]']
NMG, Python,20,256,periodic,1,25p
/project/g_bme-janeslab/SarahG/spinodal_decomp_04_2025/out_python/NMG_Python_20_dt_5.50e-06_Nx_256_periodic_dtout_1_25pphi.csv 0 256
Exception type : ValueError 
Exception message : could not convert string to float: ''
Stack trace : ['File : /sfs/gpfs/tardis/home/xpz5km/Cahn_Hilliard_Model_HPC/spinodal_decomp/compare_phi_norms.py , Line : 63, Func.Name : compare_phis_norm_at_timepoint, Message : snapshot = read_specific_lines(f"{root}/{fname}", line_list)', 'File : /sfs/gpfs/tardis/home/xpz5km/Cahn_Hilliard_Model_HPC/spinodal_decomp/compare_phi_norms.py , Line : 14, Func.Name : read_specific_lines, Message : digits = [float(i) for i in line.strip("\\n").split(",")]', 'File : /sfs/gpfs/tardis/home/xpz5km/Cahn_Hilliard_Model_HPC/spinodal_decomp/compare_phi_norms.py , Line : 14, Func.Name : <listcomp>, Message : digits = [float(i) for i in line.strip("\\n").split(",")]']
SAV, Python,2000,512,periodic,10,25p
/project/g_bme-janeslab/SarahG/spinodal_decomp_04_2025/out_python/SAV_Python_2000_dt_5.50e-06_Nx_512_periodic_dtout_10_25pphi.csv 0 512
Exception type : ValueError 
Exception message : could not convert string to float: ''
Stack trace : ['File : /sfs/gpfs/tardis/home/xpz5km/Cahn_Hilliard_Model_HPC/spinodal_decomp/compare_phi_norms.py , Line : 63, Func.Name : compare_phis_norm_at_timepoint, Message : snapshot = read_specific_lines(f"{root}/{fname}", line_list)', 'File : /sfs/gpfs/tardis/home/xpz5km/Cahn_Hilliard_Model_HPC/spinodal_decomp/compare_phi_norms.py , Line : 14, Func.Name : read_specific_lines, Message : digits = [float(i) for i in line.strip("\\n").split(",")]', 'File : /sfs/gpfs/tardis/home/xpz5km/Cahn_Hilliard_Model_HPC/spinodal_decomp/compare_phi_norms.py , Line : 14, Func.Name : <listcomp>, Message : digits = [float(i) for i in line.strip("\\n").split(",")]']
NMG, Python,20,64,neumann,10,50p
/project/g_bme-janeslab/SarahG/spinodal_decomp_04_2025/out_python/spinodal_decomp_04_2025NMG_Python_20_dt_5.50e-06_Nx_64_neumann_dtout_10phi.csv 0 64
Exception type : ValueError 
Exception message : could not convert string to float: ''
Stack trace : ['File : /sfs/gpfs/tardis/home/xpz5km/Cahn_Hilliard_Model_HPC/spinodal_decomp/compare_phi_norms.py , Line : 63, Func.Name : compare_phis_norm_at_timepoint, Message : snapshot = read_specific_lines(f"{root}/{fname}", line_list)', 'File : /sfs/gpfs/tardis/home/xpz5km/Cahn_Hilliard_Model_HPC/spinodal_decomp/compare_phi_norms.py , Line : 14, Func.Name : read_specific_lines, Message : digits = [float(i) for i in line.strip("\\n").split(",")]', 'File : /sfs/gpfs/tardis/home/xpz5km/Cahn_Hilliard_Model_HPC/spinodal_decomp/compare_phi_norms.py , Line : 14, Func.Name : <listcomp>, Message : digits = [float(i) for i in line.strip("\\n").split(",")]']
NMG, Python,20,128,neumann,20,75p
/project/g_bme-janeslab/SarahG/spinodal_decomp_04_2025/out_python/NMG_Python_20_dt_5.50e-06_Nx_128_neumann_dtout_20_75pphi.csv 0 128
Exception type : ValueError 
Exception message : could not convert string to float: ''
Stack trace : ['File : /sfs/gpfs/tardis/home/xpz5km/Cahn_Hilliard_Model_HPC/spinodal_decomp/compare_phi_norms.py , Line : 63, Func.Name : compare_phis_norm_at_timepoint, Message : snapshot = read_specific_lines(f"{root}/{fname}", line_list)', 'File : /sfs/gpfs/tardis/home/xpz5km/Cahn_Hilliard_Model_HPC/spinodal_decomp/compare_phi_norms.py , Line : 14, Func.Name : read_specific_lines, Message : digits = [float(i) for i in line.strip("\\n").split(",")]', 'File : /sfs/gpfs/tardis/home/xpz5km/Cahn_Hilliard_Model_HPC/spinodal_decomp/compare_phi_norms.py , Line : 14, Func.Name : <listcomp>, Message : digits = [float(i) for i in line.strip("\\n").split(",")]']
NMG, Python,20,128,neumann,2000,50p
/project/g_bme-janeslab/SarahG/spinodal_decomp_04_2025/out_python/spinodal_decomp_04_2025NMG_Python_20_dt_5.50e-06_Nx_128_neumann_dtout_2000phi.csv 0 128
Exception type : ValueError 
Exception message : could not convert string to float: ''
Stack trace : ['File : /sfs/gpfs/tardis/home/xpz5km/Cahn_Hilliard_Model_HPC/spinodal_decomp/compare_phi_norms.py , Line : 63, Func.Name : compare_phis_norm_at_timepoint, Message : snapshot = read_specific_lines(f"{root}/{fname}", line_list)', 'File : /sfs/gpfs/tardis/home/xpz5km/Cahn_Hilliard_Model_HPC/spinodal_decomp/compare_phi_norms.py , Line : 14, Func.Name : read_specific_lines, Message : digits = [float(i) for i in line.strip("\\n").split(",")]', 'File : /sfs/gpfs/tardis/home/xpz5km/Cahn_Hilliard_Model_HPC/spinodal_decomp/compare_phi_norms.py , Line : 14, Func.Name : <listcomp>, Message : digits = [float(i) for i in line.strip("\\n").split(",")]']
NMG, Python,200,128,neumann,200,50p
/project/g_bme-janeslab/SarahG/spinodal_decomp_04_2025/out_python/spinodal_decomp_04_2025NMG_Python_200_dt_5.50e-06_Nx_128_neumann_dtout_200phi.csv 0 128
Exception type : ValueError 
Exception message : could not convert string to float: ''
Stack trace : ['File : /sfs/gpfs/tardis/home/xpz5km/Cahn_Hilliard_Model_HPC/spinodal_decomp/compare_phi_norms.py , Line : 63, Func.Name : compare_phis_norm_at_timepoint, Message : snapshot = read_specific_lines(f"{root}/{fname}", line_list)', 'File : /sfs/gpfs/tardis/home/xpz5km/Cahn_Hilliard_Model_HPC/spinodal_decomp/compare_phi_norms.py , Line : 14, Func.Name : read_specific_lines, Message : digits = [float(i) for i in line.strip("\\n").split(",")]', 'File : /sfs/gpfs/tardis/home/xpz5km/Cahn_Hilliard_Model_HPC/spinodal_decomp/compare_phi_norms.py , Line : 14, Func.Name : <listcomp>, Message : digits = [float(i) for i in line.strip("\\n").split(",")]']
NMG, Python,20,512,periodic,1,25p
/project/g_bme-janeslab/SarahG/spinodal_decomp_04_2025/out_python/NMG_Python_20_dt_5.50e-06_Nx_512_periodic_dtout_1_25pphi.csv 0 512
Exception type : ValueError 
Exception message : could not convert string to float: ''
Stack trace : ['File : /sfs/gpfs/tardis/home/xpz5km/Cahn_Hilliard_Model_HPC/spinodal_decomp/compare_phi_norms.py , Line : 63, Func.Name : compare_phis_norm_at_timepoint, Message : snapshot = read_specific_lines(f"{root}/{fname}", line_list)', 'File : /sfs/gpfs/tardis/home/xpz5km/Cahn_Hilliard_Model_HPC/spinodal_decomp/compare_phi_norms.py , Line : 14, Func.Name : read_specific_lines, Message : digits = [float(i) for i in line.strip("\\n").split(",")]', 'File : /sfs/gpfs/tardis/home/xpz5km/Cahn_Hilliard_Model_HPC/spinodal_decomp/compare_phi_norms.py , Line : 14, Func.Name : <listcomp>, Message : digits = [float(i) for i in line.strip("\\n").split(",")]']
NMG, Python,20,64,periodic,20,50p
/project/g_bme-janeslab/SarahG/spinodal_decomp_04_2025/out_python/spinodal_decomp_04_2025NMG_Python_20_dt_5.50e-06_Nx_64_periodic_dtout_20phi.csv 0 64
Exception type : ValueError 
Exception message : could not convert string to float: ''
Stack trace : ['File : /sfs/gpfs/tardis/home/xpz5km/Cahn_Hilliard_Model_HPC/spinodal_decomp/compare_phi_norms.py , Line : 63, Func.Name : compare_phis_norm_at_timepoint, Message : snapshot = read_specific_lines(f"{root}/{fname}", line_list)', 'File : /sfs/gpfs/tardis/home/xpz5km/Cahn_Hilliard_Model_HPC/spinodal_decomp/compare_phi_norms.py , Line : 14, Func.Name : read_specific_lines, Message : digits = [float(i) for i in line.strip("\\n").split(",")]', 'File : /sfs/gpfs/tardis/home/xpz5km/Cahn_Hilliard_Model_HPC/spinodal_decomp/compare_phi_norms.py , Line : 14, Func.Name : <listcomp>, Message : digits = [float(i) for i in line.strip("\\n").split(",")]']
NMG, Python,200,512,periodic,200,50p
/project/g_bme-janeslab/SarahG/spinodal_decomp_04_2025/out_python/spinodal_decomp_04_2025NMG_Python_200_dt_5.50e-06_Nx_512_periodic_dtout_200phi.csv 0 512
Exception type : ValueError 
Exception message : could not convert string to float: ''
Stack trace : ['File : /sfs/gpfs/tardis/home/xpz5km/Cahn_Hilliard_Model_HPC/spinodal_decomp/compare_phi_norms.py , Line : 63, Func.Name : compare_phis_norm_at_timepoint, Message : snapshot = read_specific_lines(f"{root}/{fname}", line_list)', 'File : /sfs/gpfs/tardis/home/xpz5km/Cahn_Hilliard_Model_HPC/spinodal_decomp/compare_phi_norms.py , Line : 14, Func.Name : read_specific_lines, Message : digits = [float(i) for i in line.strip("\\n").split(",")]', 'File : /sfs/gpfs/tardis/home/xpz5km/Cahn_Hilliard_Model_HPC/spinodal_decomp/compare_phi_norms.py , Line : 14, Func.Name : <listcomp>, Message : digits = [float(i) for i in line.strip("\\n").split(",")]']
SAV, Python,2000,256,neumann,10,50p
/project/g_bme-janeslab/SarahG/spinodal_decomp_04_2025/out_python/spinodal_decomp_04_2025SAV_Python_2000_dt_5.50e-06_Nx_256_neumann_dtout_10phi.csv 0 256
Exception type : ValueError 
Exception message : could not convert string to float: ''
Stack trace : ['File : /sfs/gpfs/tardis/home/xpz5km/Cahn_Hilliard_Model_HPC/spinodal_decomp/compare_phi_norms.py , Line : 63, Func.Name : compare_phis_norm_at_timepoint, Message : snapshot = read_specific_lines(f"{root}/{fname}", line_list)', 'File : /sfs/gpfs/tardis/home/xpz5km/Cahn_Hilliard_Model_HPC/spinodal_decomp/compare_phi_norms.py , Line : 14, Func.Name : read_specific_lines, Message : digits = [float(i) for i in line.strip("\\n").split(",")]', 'File : /sfs/gpfs/tardis/home/xpz5km/Cahn_Hilliard_Model_HPC/spinodal_decomp/compare_phi_norms.py , Line : 14, Func.Name : <listcomp>, Message : digits = [float(i) for i in line.strip("\\n").split(",")]']
SAV, Python,2000,64,periodic,10,75p
/project/g_bme-janeslab/SarahG/spinodal_decomp_04_2025/out_python/SAV_Python_2000_dt_5.50e-06_Nx_64_periodic_dtout_10_75pphi.csv 0 64
Exception type : ValueError 
Exception message : could not convert string to float: ''
Stack trace : ['File : /sfs/gpfs/tardis/home/xpz5km/Cahn_Hilliard_Model_HPC/spinodal_decomp/compare_phi_norms.py , Line : 63, Func.Name : compare_phis_norm_at_timepoint, Message : snapshot = read_specific_lines(f"{root}/{fname}", line_list)', 'File : /sfs/gpfs/tardis/home/xpz5km/Cahn_Hilliard_Model_HPC/spinodal_decomp/compare_phi_norms.py , Line : 14, Func.Name : read_specific_lines, Message : digits = [float(i) for i in line.strip("\\n").split(",")]', 'File : /sfs/gpfs/tardis/home/xpz5km/Cahn_Hilliard_Model_HPC/spinodal_decomp/compare_phi_norms.py , Line : 14, Func.Name : <listcomp>, Message : digits = [float(i) for i in line.strip("\\n").split(",")]']
SAV, Python,2000,256,neumann,2000,25p
/project/g_bme-janeslab/SarahG/spinodal_decomp_04_2025/out_python/SAV_Python_2000_dt_5.50e-06_Nx_256_neumann_dtout_2000_25pphi.csv 0 256
Exception type : ValueError 
Exception message : could not convert string to float: ''
Stack trace : ['File : /sfs/gpfs/tardis/home/xpz5km/Cahn_Hilliard_Model_HPC/spinodal_decomp/compare_phi_norms.py , Line : 63, Func.Name : compare_phis_norm_at_timepoint, Message : snapshot = read_specific_lines(f"{root}/{fname}", line_list)', 'File : /sfs/gpfs/tardis/home/xpz5km/Cahn_Hilliard_Model_HPC/spinodal_decomp/compare_phi_norms.py , Line : 14, Func.Name : read_specific_lines, Message : digits = [float(i) for i in line.strip("\\n").split(",")]', 'File : /sfs/gpfs/tardis/home/xpz5km/Cahn_Hilliard_Model_HPC/spinodal_decomp/compare_phi_norms.py , Line : 14, Func.Name : <listcomp>, Message : digits = [float(i) for i in line.strip("\\n").split(",")]']
NMG, Python,20,512,neumann,2000,50p
/project/g_bme-janeslab/SarahG/spinodal_decomp_04_2025/out_python/spinodal_decomp_04_2025NMG_Python_20_dt_5.50e-06_Nx_512_neumann_dtout_2000phi.csv 0 512
Exception type : ValueError 
Exception message : could not convert string to float: ''
Stack trace : ['File : /sfs/gpfs/tardis/home/xpz5km/Cahn_Hilliard_Model_HPC/spinodal_decomp/compare_phi_norms.py , Line : 63, Func.Name : compare_phis_norm_at_timepoint, Message : snapshot = read_specific_lines(f"{root}/{fname}", line_list)', 'File : /sfs/gpfs/tardis/home/xpz5km/Cahn_Hilliard_Model_HPC/spinodal_decomp/compare_phi_norms.py , Line : 14, Func.Name : read_specific_lines, Message : digits = [float(i) for i in line.strip("\\n").split(",")]', 'File : /sfs/gpfs/tardis/home/xpz5km/Cahn_Hilliard_Model_HPC/spinodal_decomp/compare_phi_norms.py , Line : 14, Func.Name : <listcomp>, Message : digits = [float(i) for i in line.strip("\\n").split(",")]']
SAV, Python,2000,128,periodic,2000,50p
/project/g_bme-janeslab/SarahG/spinodal_decomp_04_2025/out_python/spinodal_decomp_04_2025SAV_Python_2000_dt_5.50e-06_Nx_128_periodic_dtout_2000phi.csv 0 128
Exception type : ValueError 
Exception message : could not convert string to float: ''
Stack trace : ['File : /sfs/gpfs/tardis/home/xpz5km/Cahn_Hilliard_Model_HPC/spinodal_decomp/compare_phi_norms.py , Line : 63, Func.Name : compare_phis_norm_at_timepoint, Message : snapshot = read_specific_lines(f"{root}/{fname}", line_list)', 'File : /sfs/gpfs/tardis/home/xpz5km/Cahn_Hilliard_Model_HPC/spinodal_decomp/compare_phi_norms.py , Line : 14, Func.Name : read_specific_lines, Message : digits = [float(i) for i in line.strip("\\n").split(",")]', 'File : /sfs/gpfs/tardis/home/xpz5km/Cahn_Hilliard_Model_HPC/spinodal_decomp/compare_phi_norms.py , Line : 14, Func.Name : <listcomp>, Message : digits = [float(i) for i in line.strip("\\n").split(",")]']
NMG, Python,20,64,periodic,20,75p
/project/g_bme-janeslab/SarahG/spinodal_decomp_04_2025/out_python/NMG_Python_20_dt_5.50e-06_Nx_64_periodic_dtout_20_75pphi.csv 0 64
Exception type : ValueError 
Exception message : could not convert string to float: ''
Stack trace : ['File : /sfs/gpfs/tardis/home/xpz5km/Cahn_Hilliard_Model_HPC/spinodal_decomp/compare_phi_norms.py , Line : 63, Func.Name : compare_phis_norm_at_timepoint, Message : snapshot = read_specific_lines(f"{root}/{fname}", line_list)', 'File : /sfs/gpfs/tardis/home/xpz5km/Cahn_Hilliard_Model_HPC/spinodal_decomp/compare_phi_norms.py , Line : 14, Func.Name : read_specific_lines, Message : digits = [float(i) for i in line.strip("\\n").split(",")]', 'File : /sfs/gpfs/tardis/home/xpz5km/Cahn_Hilliard_Model_HPC/spinodal_decomp/compare_phi_norms.py , Line : 14, Func.Name : <listcomp>, Message : digits = [float(i) for i in line.strip("\\n").split(",")]']
NMG, Python,20,256,periodic,10,50p
/project/g_bme-janeslab/SarahG/spinodal_decomp_04_2025/out_python/spinodal_decomp_04_2025NMG_Python_20_dt_5.50e-06_Nx_256_periodic_dtout_10phi.csv 0 256
Exception type : ValueError 
Exception message : could not convert string to float: ''
Stack trace : ['File : /sfs/gpfs/tardis/home/xpz5km/Cahn_Hilliard_Model_HPC/spinodal_decomp/compare_phi_norms.py , Line : 63, Func.Name : compare_phis_norm_at_timepoint, Message : snapshot = read_specific_lines(f"{root}/{fname}", line_list)', 'File : /sfs/gpfs/tardis/home/xpz5km/Cahn_Hilliard_Model_HPC/spinodal_decomp/compare_phi_norms.py , Line : 14, Func.Name : read_specific_lines, Message : digits = [float(i) for i in line.strip("\\n").split(",")]', 'File : /sfs/gpfs/tardis/home/xpz5km/Cahn_Hilliard_Model_HPC/spinodal_decomp/compare_phi_norms.py , Line : 14, Func.Name : <listcomp>, Message : digits = [float(i) for i in line.strip("\\n").split(",")]']
NMG, Python,2000,64,periodic,10,50p
/project/g_bme-janeslab/SarahG/spinodal_decomp_04_2025/out_python/spinodal_decomp_04_2025NMG_Python_2000_dt_5.50e-06_Nx_64_periodic_dtout_10phi.csv 0 64
Exception type : ValueError 
Exception message : could not convert string to float: ''
Stack trace : ['File : /sfs/gpfs/tardis/home/xpz5km/Cahn_Hilliard_Model_HPC/spinodal_decomp/compare_phi_norms.py , Line : 63, Func.Name : compare_phis_norm_at_timepoint, Message : snapshot = read_specific_lines(f"{root}/{fname}", line_list)', 'File : /sfs/gpfs/tardis/home/xpz5km/Cahn_Hilliard_Model_HPC/spinodal_decomp/compare_phi_norms.py , Line : 14, Func.Name : read_specific_lines, Message : digits = [float(i) for i in line.strip("\\n").split(",")]', 'File : /sfs/gpfs/tardis/home/xpz5km/Cahn_Hilliard_Model_HPC/spinodal_decomp/compare_phi_norms.py , Line : 14, Func.Name : <listcomp>, Message : digits = [float(i) for i in line.strip("\\n").split(",")]']
SAV, Python,2000,256,periodic,10,75p
/project/g_bme-janeslab/SarahG/spinodal_decomp_04_2025/out_python/SAV_Python_2000_dt_5.50e-06_Nx_256_periodic_dtout_10_75pphi.csv 0 256
Exception type : ValueError 
Exception message : could not convert string to float: ''
Stack trace : ['File : /sfs/gpfs/tardis/home/xpz5km/Cahn_Hilliard_Model_HPC/spinodal_decomp/compare_phi_norms.py , Line : 63, Func.Name : compare_phis_norm_at_timepoint, Message : snapshot = read_specific_lines(f"{root}/{fname}", line_list)', 'File : /sfs/gpfs/tardis/home/xpz5km/Cahn_Hilliard_Model_HPC/spinodal_decomp/compare_phi_norms.py , Line : 14, Func.Name : read_specific_lines, Message : digits = [float(i) for i in line.strip("\\n").split(",")]', 'File : /sfs/gpfs/tardis/home/xpz5km/Cahn_Hilliard_Model_HPC/spinodal_decomp/compare_phi_norms.py , Line : 14, Func.Name : <listcomp>, Message : digits = [float(i) for i in line.strip("\\n").split(",")]']
NMG, Python,20,512,neumann,20,75p
/project/g_bme-janeslab/SarahG/spinodal_decomp_04_2025/out_python/NMG_Python_20_dt_5.50e-06_Nx_512_neumann_dtout_20_75pphi.csv 0 512
Exception type : ValueError 
Exception message : could not convert string to float: ''
Stack trace : ['File : /sfs/gpfs/tardis/home/xpz5km/Cahn_Hilliard_Model_HPC/spinodal_decomp/compare_phi_norms.py , Line : 63, Func.Name : compare_phis_norm_at_timepoint, Message : snapshot = read_specific_lines(f"{root}/{fname}", line_list)', 'File : /sfs/gpfs/tardis/home/xpz5km/Cahn_Hilliard_Model_HPC/spinodal_decomp/compare_phi_norms.py , Line : 14, Func.Name : read_specific_lines, Message : digits = [float(i) for i in line.strip("\\n").split(",")]', 'File : /sfs/gpfs/tardis/home/xpz5km/Cahn_Hilliard_Model_HPC/spinodal_decomp/compare_phi_norms.py , Line : 14, Func.Name : <listcomp>, Message : digits = [float(i) for i in line.strip("\\n").split(",")]']
NMG, Python,200,64,neumann,200,50p
/project/g_bme-janeslab/SarahG/spinodal_decomp_04_2025/out_python/spinodal_decomp_04_2025NMG_Python_200_dt_5.50e-06_Nx_64_neumann_dtout_200phi.csv 0 64
Exception type : ValueError 
Exception message : could not convert string to float: ''
Stack trace : ['File : /sfs/gpfs/tardis/home/xpz5km/Cahn_Hilliard_Model_HPC/spinodal_decomp/compare_phi_norms.py , Line : 63, Func.Name : compare_phis_norm_at_timepoint, Message : snapshot = read_specific_lines(f"{root}/{fname}", line_list)', 'File : /sfs/gpfs/tardis/home/xpz5km/Cahn_Hilliard_Model_HPC/spinodal_decomp/compare_phi_norms.py , Line : 14, Func.Name : read_specific_lines, Message : digits = [float(i) for i in line.strip("\\n").split(",")]', 'File : /sfs/gpfs/tardis/home/xpz5km/Cahn_Hilliard_Model_HPC/spinodal_decomp/compare_phi_norms.py , Line : 14, Func.Name : <listcomp>, Message : digits = [float(i) for i in line.strip("\\n").split(",")]']
NMG, Python,20,512,neumann,1,75p
/project/g_bme-janeslab/SarahG/spinodal_decomp_04_2025/out_python/NMG_Python_20_dt_5.50e-06_Nx_512_neumann_dtout_1_75pphi.csv 0 512
Exception type : ValueError 
Exception message : could not convert string to float: ''
Stack trace : ['File : /sfs/gpfs/tardis/home/xpz5km/Cahn_Hilliard_Model_HPC/spinodal_decomp/compare_phi_norms.py , Line : 63, Func.Name : compare_phis_norm_at_timepoint, Message : snapshot = read_specific_lines(f"{root}/{fname}", line_list)', 'File : /sfs/gpfs/tardis/home/xpz5km/Cahn_Hilliard_Model_HPC/spinodal_decomp/compare_phi_norms.py , Line : 14, Func.Name : read_specific_lines, Message : digits = [float(i) for i in line.strip("\\n").split(",")]', 'File : /sfs/gpfs/tardis/home/xpz5km/Cahn_Hilliard_Model_HPC/spinodal_decomp/compare_phi_norms.py , Line : 14, Func.Name : <listcomp>, Message : digits = [float(i) for i in line.strip("\\n").split(",")]']
NMG, Python,20,64,periodic,10,50p
/project/g_bme-janeslab/SarahG/spinodal_decomp_04_2025/out_python/spinodal_decomp_04_2025NMG_Python_20_dt_5.50e-06_Nx_64_periodic_dtout_10phi.csv 0 64
Exception type : ValueError 
Exception message : could not convert string to float: ''
Stack trace : ['File : /sfs/gpfs/tardis/home/xpz5km/Cahn_Hilliard_Model_HPC/spinodal_decomp/compare_phi_norms.py , Line : 63, Func.Name : compare_phis_norm_at_timepoint, Message : snapshot = read_specific_lines(f"{root}/{fname}", line_list)', 'File : /sfs/gpfs/tardis/home/xpz5km/Cahn_Hilliard_Model_HPC/spinodal_decomp/compare_phi_norms.py , Line : 14, Func.Name : read_specific_lines, Message : digits = [float(i) for i in line.strip("\\n").split(",")]', 'File : /sfs/gpfs/tardis/home/xpz5km/Cahn_Hilliard_Model_HPC/spinodal_decomp/compare_phi_norms.py , Line : 14, Func.Name : <listcomp>, Message : digits = [float(i) for i in line.strip("\\n").split(",")]']
NMG, Python,20,512,periodic,20,75p
/project/g_bme-janeslab/SarahG/spinodal_decomp_04_2025/out_python/NMG_Python_20_dt_5.50e-06_Nx_512_periodic_dtout_20_75pphi.csv 0 512
Exception type : ValueError 
Exception message : could not convert string to float: ''
Stack trace : ['File : /sfs/gpfs/tardis/home/xpz5km/Cahn_Hilliard_Model_HPC/spinodal_decomp/compare_phi_norms.py , Line : 63, Func.Name : compare_phis_norm_at_timepoint, Message : snapshot = read_specific_lines(f"{root}/{fname}", line_list)', 'File : /sfs/gpfs/tardis/home/xpz5km/Cahn_Hilliard_Model_HPC/spinodal_decomp/compare_phi_norms.py , Line : 14, Func.Name : read_specific_lines, Message : digits = [float(i) for i in line.strip("\\n").split(",")]', 'File : /sfs/gpfs/tardis/home/xpz5km/Cahn_Hilliard_Model_HPC/spinodal_decomp/compare_phi_norms.py , Line : 14, Func.Name : <listcomp>, Message : digits = [float(i) for i in line.strip("\\n").split(",")]']
NMG, Python,200,256,neumann,200,50p
/project/g_bme-janeslab/SarahG/spinodal_decomp_04_2025/out_python/spinodal_decomp_04_2025NMG_Python_200_dt_5.50e-06_Nx_256_neumann_dtout_200phi.csv 0 256
Exception type : ValueError 
Exception message : could not convert string to float: ''
Stack trace : ['File : /sfs/gpfs/tardis/home/xpz5km/Cahn_Hilliard_Model_HPC/spinodal_decomp/compare_phi_norms.py , Line : 63, Func.Name : compare_phis_norm_at_timepoint, Message : snapshot = read_specific_lines(f"{root}/{fname}", line_list)', 'File : /sfs/gpfs/tardis/home/xpz5km/Cahn_Hilliard_Model_HPC/spinodal_decomp/compare_phi_norms.py , Line : 14, Func.Name : read_specific_lines, Message : digits = [float(i) for i in line.strip("\\n").split(",")]', 'File : /sfs/gpfs/tardis/home/xpz5km/Cahn_Hilliard_Model_HPC/spinodal_decomp/compare_phi_norms.py , Line : 14, Func.Name : <listcomp>, Message : digits = [float(i) for i in line.strip("\\n").split(",")]']
SAV, Python,2000,128,periodic,10,75p
/project/g_bme-janeslab/SarahG/spinodal_decomp_04_2025/out_python/SAV_Python_2000_dt_5.50e-06_Nx_128_periodic_dtout_10_75pphi.csv 0 128
Exception type : ValueError 
Exception message : could not convert string to float: ''
Stack trace : ['File : /sfs/gpfs/tardis/home/xpz5km/Cahn_Hilliard_Model_HPC/spinodal_decomp/compare_phi_norms.py , Line : 63, Func.Name : compare_phis_norm_at_timepoint, Message : snapshot = read_specific_lines(f"{root}/{fname}", line_list)', 'File : /sfs/gpfs/tardis/home/xpz5km/Cahn_Hilliard_Model_HPC/spinodal_decomp/compare_phi_norms.py , Line : 14, Func.Name : read_specific_lines, Message : digits = [float(i) for i in line.strip("\\n").split(",")]', 'File : /sfs/gpfs/tardis/home/xpz5km/Cahn_Hilliard_Model_HPC/spinodal_decomp/compare_phi_norms.py , Line : 14, Func.Name : <listcomp>, Message : digits = [float(i) for i in line.strip("\\n").split(",")]']
SAV, Python,2000,256,periodic,2000,75p
/project/g_bme-janeslab/SarahG/spinodal_decomp_04_2025/out_python/SAV_Python_2000_dt_5.50e-06_Nx_256_periodic_dtout_2000_75pphi.csv 0 256
Exception type : ValueError 
Exception message : could not convert string to float: ''
Stack trace : ['File : /sfs/gpfs/tardis/home/xpz5km/Cahn_Hilliard_Model_HPC/spinodal_decomp/compare_phi_norms.py , Line : 63, Func.Name : compare_phis_norm_at_timepoint, Message : snapshot = read_specific_lines(f"{root}/{fname}", line_list)', 'File : /sfs/gpfs/tardis/home/xpz5km/Cahn_Hilliard_Model_HPC/spinodal_decomp/compare_phi_norms.py , Line : 14, Func.Name : read_specific_lines, Message : digits = [float(i) for i in line.strip("\\n").split(",")]', 'File : /sfs/gpfs/tardis/home/xpz5km/Cahn_Hilliard_Model_HPC/spinodal_decomp/compare_phi_norms.py , Line : 14, Func.Name : <listcomp>, Message : digits = [float(i) for i in line.strip("\\n").split(",")]']
SAV, Python,2000,128,neumann,2000,25p
/project/g_bme-janeslab/SarahG/spinodal_decomp_04_2025/out_python/SAV_Python_2000_dt_5.50e-06_Nx_128_neumann_dtout_2000_25pphi.csv 0 128
Exception type : ValueError 
Exception message : could not convert string to float: ''
Stack trace : ['File : /sfs/gpfs/tardis/home/xpz5km/Cahn_Hilliard_Model_HPC/spinodal_decomp/compare_phi_norms.py , Line : 63, Func.Name : compare_phis_norm_at_timepoint, Message : snapshot = read_specific_lines(f"{root}/{fname}", line_list)', 'File : /sfs/gpfs/tardis/home/xpz5km/Cahn_Hilliard_Model_HPC/spinodal_decomp/compare_phi_norms.py , Line : 14, Func.Name : read_specific_lines, Message : digits = [float(i) for i in line.strip("\\n").split(",")]', 'File : /sfs/gpfs/tardis/home/xpz5km/Cahn_Hilliard_Model_HPC/spinodal_decomp/compare_phi_norms.py , Line : 14, Func.Name : <listcomp>, Message : digits = [float(i) for i in line.strip("\\n").split(",")]']
SAV, Python,2000,128,periodic,10,50p
/project/g_bme-janeslab/SarahG/spinodal_decomp_04_2025/out_python/spinodal_decomp_04_2025SAV_Python_2000_dt_5.50e-06_Nx_128_periodic_dtout_10phi.csv 0 128
Exception type : ValueError 
Exception message : could not convert string to float: ''
Stack trace : ['File : /sfs/gpfs/tardis/home/xpz5km/Cahn_Hilliard_Model_HPC/spinodal_decomp/compare_phi_norms.py , Line : 63, Func.Name : compare_phis_norm_at_timepoint, Message : snapshot = read_specific_lines(f"{root}/{fname}", line_list)', 'File : /sfs/gpfs/tardis/home/xpz5km/Cahn_Hilliard_Model_HPC/spinodal_decomp/compare_phi_norms.py , Line : 14, Func.Name : read_specific_lines, Message : digits = [float(i) for i in line.strip("\\n").split(",")]', 'File : /sfs/gpfs/tardis/home/xpz5km/Cahn_Hilliard_Model_HPC/spinodal_decomp/compare_phi_norms.py , Line : 14, Func.Name : <listcomp>, Message : digits = [float(i) for i in line.strip("\\n").split(",")]']
NMG, Python,20,512,periodic,20,25p
/project/g_bme-janeslab/SarahG/spinodal_decomp_04_2025/out_python/NMG_Python_20_dt_5.50e-06_Nx_512_periodic_dtout_20_25pphi.csv 0 512
Exception type : ValueError 
Exception message : could not convert string to float: ''
Stack trace : ['File : /sfs/gpfs/tardis/home/xpz5km/Cahn_Hilliard_Model_HPC/spinodal_decomp/compare_phi_norms.py , Line : 63, Func.Name : compare_phis_norm_at_timepoint, Message : snapshot = read_specific_lines(f"{root}/{fname}", line_list)', 'File : /sfs/gpfs/tardis/home/xpz5km/Cahn_Hilliard_Model_HPC/spinodal_decomp/compare_phi_norms.py , Line : 14, Func.Name : read_specific_lines, Message : digits = [float(i) for i in line.strip("\\n").split(",")]', 'File : /sfs/gpfs/tardis/home/xpz5km/Cahn_Hilliard_Model_HPC/spinodal_decomp/compare_phi_norms.py , Line : 14, Func.Name : <listcomp>, Message : digits = [float(i) for i in line.strip("\\n").split(",")]']
SAV, Python,2000,512,neumann,10,25p
/project/g_bme-janeslab/SarahG/spinodal_decomp_04_2025/out_python/SAV_Python_2000_dt_5.50e-06_Nx_512_neumann_dtout_10_25pphi.csv 0 512
Exception type : ValueError 
Exception message : could not convert string to float: ''
Stack trace : ['File : /sfs/gpfs/tardis/home/xpz5km/Cahn_Hilliard_Model_HPC/spinodal_decomp/compare_phi_norms.py , Line : 63, Func.Name : compare_phis_norm_at_timepoint, Message : snapshot = read_specific_lines(f"{root}/{fname}", line_list)', 'File : /sfs/gpfs/tardis/home/xpz5km/Cahn_Hilliard_Model_HPC/spinodal_decomp/compare_phi_norms.py , Line : 14, Func.Name : read_specific_lines, Message : digits = [float(i) for i in line.strip("\\n").split(",")]', 'File : /sfs/gpfs/tardis/home/xpz5km/Cahn_Hilliard_Model_HPC/spinodal_decomp/compare_phi_norms.py , Line : 14, Func.Name : <listcomp>, Message : digits = [float(i) for i in line.strip("\\n").split(",")]']
SAV, Python,2000,64,periodic,10,50p
/project/g_bme-janeslab/SarahG/spinodal_decomp_04_2025/out_python/spinodal_decomp_04_2025SAV_Python_2000_dt_5.50e-06_Nx_64_periodic_dtout_10phi.csv 0 64
Exception type : ValueError 
Exception message : could not convert string to float: ''
Stack trace : ['File : /sfs/gpfs/tardis/home/xpz5km/Cahn_Hilliard_Model_HPC/spinodal_decomp/compare_phi_norms.py , Line : 63, Func.Name : compare_phis_norm_at_timepoint, Message : snapshot = read_specific_lines(f"{root}/{fname}", line_list)', 'File : /sfs/gpfs/tardis/home/xpz5km/Cahn_Hilliard_Model_HPC/spinodal_decomp/compare_phi_norms.py , Line : 14, Func.Name : read_specific_lines, Message : digits = [float(i) for i in line.strip("\\n").split(",")]', 'File : /sfs/gpfs/tardis/home/xpz5km/Cahn_Hilliard_Model_HPC/spinodal_decomp/compare_phi_norms.py , Line : 14, Func.Name : <listcomp>, Message : digits = [float(i) for i in line.strip("\\n").split(",")]']
DONE
