Wed Jul 2 13:54:34 EDT 2025
MODULES LOADED
0
40
Timepoint not recorded. dt_out:200025 is bigger than timepoint: 40
Timepoint not recorded. dt_out:200025 is bigger than timepoint: 40
Timepoint not recorded. dt_out:200025 is bigger than timepoint: 40
Timepoint not recorded. dt_out:200025 is bigger than timepoint: 40
Timepoint not recorded. dt_out:200050 is bigger than timepoint: 40
Timepoint not recorded. dt_out:200025 is bigger than timepoint: 40
Timepoint not recorded. dt_out:200050 is bigger than timepoint: 40
Timepoint not recorded. dt_out:200075 is bigger than timepoint: 40
Timepoint not recorded. dt_out:200075 is bigger than timepoint: 40
Timepoint not recorded. dt_out:1050 is bigger than timepoint: 40
Timepoint not recorded. dt_out:200075 is bigger than timepoint: 40
Timepoint not recorded. dt_out:1075 is bigger than timepoint: 40
Timepoint not recorded. dt_out:1050 is bigger than timepoint: 40
Timepoint not recorded. dt_out:1050 is bigger than timepoint: 40
Timepoint not recorded. dt_out:1075 is bigger than timepoint: 40
Timepoint not recorded. dt_out:1025 is bigger than timepoint: 40
Timepoint not recorded. dt_out:1075 is bigger than timepoint: 40
Timepoint not recorded. dt_out:1050 is bigger than timepoint: 40
Timepoint not recorded. dt_out:1025 is bigger than timepoint: 40
Timepoint not recorded. dt_out:200025 is bigger than timepoint: 40
Timepoint not recorded. dt_out:200050 is bigger than timepoint: 40
Timepoint not recorded. dt_out:200025 is bigger than timepoint: 40
Timepoint not recorded. dt_out:1050 is bigger than timepoint: 40
Timepoint not recorded. dt_out:200050 is bigger than timepoint: 40
Timepoint not recorded. dt_out:200075 is bigger than timepoint: 40
Timepoint not recorded. dt_out:1025 is bigger than timepoint: 40
Timepoint not recorded. dt_out:200025 is bigger than timepoint: 40
Timepoint not recorded. dt_out:200075 is bigger than timepoint: 40
Timepoint not recorded. dt_out:1050 is bigger than timepoint: 40
Timepoint not recorded. dt_out:200075 is bigger than timepoint: 40
Timepoint not recorded. dt_out:200025 is bigger than timepoint: 40
Timepoint not recorded. dt_out:200075 is bigger than timepoint: 40
Timepoint not recorded. dt_out:200025 is bigger than timepoint: 40
Timepoint not recorded. dt_out:1025 is bigger than timepoint: 40
Timepoint not recorded. dt_out:1050 is bigger than timepoint: 40
Timepoint not recorded. dt_out:200075 is bigger than timepoint: 40
Timepoint not recorded. dt_out:200025 is bigger than timepoint: 40
Timepoint not recorded. dt_out:1075 is bigger than timepoint: 40
Timepoint not recorded. dt_out:200050 is bigger than timepoint: 40
Timepoint not recorded. dt_out:200075 is bigger than timepoint: 40
Timepoint not recorded. dt_out:200050 is bigger than timepoint: 40
Timepoint not recorded. dt_out:1025 is bigger than timepoint: 40
Timepoint not recorded. dt_out:200075 is bigger than timepoint: 40
Timepoint not recorded. dt_out:1075 is bigger than timepoint: 40
Timepoint not recorded. dt_out:200025 is bigger than timepoint: 40
Timepoint not recorded. dt_out:1050 is bigger than timepoint: 40
Timepoint not recorded. dt_out:200050 is bigger than timepoint: 40
Timepoint not recorded. dt_out:200050 is bigger than timepoint: 40
Timepoint not recorded. dt_out:1050 is bigger than timepoint: 40
Timepoint not recorded. dt_out:200050 is bigger than timepoint: 40
Timepoint not recorded. dt_out:200050 is bigger than timepoint: 40
Timepoint not recorded. dt_out:1025 is bigger than timepoint: 40
Timepoint not recorded. dt_out:1050 is bigger than timepoint: 40
Timepoint not recorded. dt_out:1050 is bigger than timepoint: 40
Timepoint not recorded. dt_out:1025 is bigger than timepoint: 40
Timepoint not recorded. dt_out:1075 is bigger than timepoint: 40
Timepoint not recorded. dt_out:1025 is bigger than timepoint: 40
Timepoint not recorded. dt_out:1025 is bigger than timepoint: 40
Timepoint not recorded. dt_out:1025 is bigger than timepoint: 40
Timepoint not recorded. dt_out:200025 is bigger than timepoint: 40
Timepoint not recorded. dt_out:1075 is bigger than timepoint: 40
Timepoint not recorded. dt_out:1075 is bigger than timepoint: 40
Timepoint not recorded. dt_out:1075 is bigger than timepoint: 40
Timepoint not recorded. dt_out:1050 is bigger than timepoint: 40
Timepoint not recorded. dt_out:200050 is bigger than timepoint: 40
Timepoint not recorded. dt_out:200050 is bigger than timepoint: 40
Timepoint not recorded. dt_out:200050 is bigger than timepoint: 40
Timepoint not recorded. dt_out:1050 is bigger than timepoint: 40
Timepoint not recorded. dt_out:200075 is bigger than timepoint: 40
Timepoint not recorded. dt_out:1050 is bigger than timepoint: 40
Timepoint not recorded. dt_out:200025 is bigger than timepoint: 40
Timepoint not recorded. dt_out:1025 is bigger than timepoint: 40
Timepoint not recorded. dt_out:1025 is bigger than timepoint: 40
Timepoint not recorded. dt_out:200075 is bigger than timepoint: 40
Timepoint not recorded. dt_out:200050 is bigger than timepoint: 40
Timepoint not recorded. dt_out:1025 is bigger than timepoint: 40
Timepoint not recorded. dt_out:1075 is bigger than timepoint: 40
Timepoint not recorded. dt_out:1025 is bigger than timepoint: 40
Timepoint not recorded. dt_out:200075 is bigger than timepoint: 40
Timepoint not recorded. dt_out:200075 is bigger than timepoint: 40
Timepoint not recorded. dt_out:200075 is bigger than timepoint: 40
Timepoint not recorded. dt_out:1075 is bigger than timepoint: 40
Timepoint not recorded. dt_out:200025 is bigger than timepoint: 40
Timepoint not recorded. dt_out:1075 is bigger than timepoint: 40
Timepoint not recorded. dt_out:200025 is bigger than timepoint: 40
Timepoint not recorded. dt_out:200075 is bigger than timepoint: 40
Timepoint not recorded. dt_out:200050 is bigger than timepoint: 40
Timepoint not recorded. dt_out:1075 is bigger than timepoint: 40
Timepoint not recorded. dt_out:1025 is bigger than timepoint: 40
Timepoint not recorded. dt_out:1075 is bigger than timepoint: 40
Timepoint not recorded. dt_out:1075 is bigger than timepoint: 40
Timepoint not recorded. dt_out:1050 is bigger than timepoint: 40
Timepoint not recorded. dt_out:1050 is bigger than timepoint: 40
Timepoint not recorded. dt_out:1075 is bigger than timepoint: 40
Timepoint not recorded. dt_out:200050 is bigger than timepoint: 40
Timepoint not recorded. dt_out:1025 is bigger than timepoint: 40
Timepoint not recorded. dt_out:2075 is bigger than timepoint: 40
Timepoint not recorded. dt_out:1050 is bigger than timepoint: 40
Timepoint not recorded. dt_out:200025 is bigger than timepoint: 40
Timepoint not recorded. dt_out:1050 is bigger than timepoint: 40
Timepoint not recorded. dt_out:2025 is bigger than timepoint: 40
Timepoint not recorded. dt_out:200050 is bigger than timepoint: 40
Timepoint not recorded. dt_out:2025 is bigger than timepoint: 40
Timepoint not recorded. dt_out:2050 is bigger than timepoint: 40
Timepoint not recorded. dt_out:200025 is bigger than timepoint: 40
Timepoint not recorded. dt_out:200075 is bigger than timepoint: 40
Timepoint not recorded. dt_out:200025 is bigger than timepoint: 40
Timepoint not recorded. dt_out:1050 is bigger than timepoint: 40
Timepoint not recorded. dt_out:200075 is bigger than timepoint: 40
Timepoint not recorded. dt_out:200075 is bigger than timepoint: 40
Timepoint not recorded. dt_out:125 is bigger than timepoint: 40
Timepoint not recorded. dt_out:200075 is bigger than timepoint: 40
Timepoint not recorded. dt_out:2050 is bigger than timepoint: 40
Timepoint not recorded. dt_out:1075 is bigger than timepoint: 40
Timepoint not recorded. dt_out:200025 is bigger than timepoint: 40
Timepoint not recorded. dt_out:175 is bigger than timepoint: 40
Timepoint not recorded. dt_out:1075 is bigger than timepoint: 40
Timepoint not recorded. dt_out:150 is bigger than timepoint: 40
Timepoint not recorded. dt_out:1025 is bigger than timepoint: 40
Timepoint not recorded. dt_out:175 is bigger than timepoint: 40
Timepoint not recorded. dt_out:1025 is bigger than timepoint: 40
Timepoint not recorded. dt_out:1050 is bigger than timepoint: 40
Timepoint not recorded. dt_out:150 is bigger than timepoint: 40
Timepoint not recorded. dt_out:150 is bigger than timepoint: 40
Timepoint not recorded. dt_out:125 is bigger than timepoint: 40
Timepoint not recorded. dt_out:1025 is bigger than timepoint: 40
Timepoint not recorded. dt_out:200050 is bigger than timepoint: 40
Timepoint not recorded. dt_out:200050 is bigger than timepoint: 40
Timepoint not recorded. dt_out:1075 is bigger than timepoint: 40
Timepoint not recorded. dt_out:175 is bigger than timepoint: 40
Timepoint not recorded. dt_out:1025 is bigger than timepoint: 40
Timepoint not recorded. dt_out:2050 is bigger than timepoint: 40
Timepoint not recorded. dt_out:150 is bigger than timepoint: 40
Timepoint not recorded. dt_out:125 is bigger than timepoint: 40
Timepoint not recorded. dt_out:175 is bigger than timepoint: 40
Timepoint not recorded. dt_out:125 is bigger than timepoint: 40
Timepoint not recorded. dt_out:2025 is bigger than timepoint: 40
Timepoint not recorded. dt_out:150 is bigger than timepoint: 40
Timepoint not recorded. dt_out:200050 is bigger than timepoint: 40
Timepoint not recorded. dt_out:1050 is bigger than timepoint: 40
Timepoint not recorded. dt_out:200075 is bigger than timepoint: 40
Timepoint not recorded. dt_out:2025 is bigger than timepoint: 40
Timepoint not recorded. dt_out:2050 is bigger than timepoint: 40
Timepoint not recorded. dt_out:2075 is bigger than timepoint: 40
Timepoint not recorded. dt_out:125 is bigger than timepoint: 40
Timepoint not recorded. dt_out:200025 is bigger than timepoint: 40
Timepoint not recorded. dt_out:125 is bigger than timepoint: 40
Timepoint not recorded. dt_out:200025 is bigger than timepoint: 40
Timepoint not recorded. dt_out:1025 is bigger than timepoint: 40
Timepoint not recorded. dt_out:2050 is bigger than timepoint: 40
Timepoint not recorded. dt_out:200075 is bigger than timepoint: 40
Timepoint not recorded. dt_out:175 is bigger than timepoint: 40
Timepoint not recorded. dt_out:175 is bigger than timepoint: 40
Timepoint not recorded. dt_out:1075 is bigger than timepoint: 40
Timepoint not recorded. dt_out:1075 is bigger than timepoint: 40
Timepoint not recorded. dt_out:150 is bigger than timepoint: 40
Timepoint not recorded. dt_out:200025 is bigger than timepoint: 40
Timepoint not recorded. dt_out:2075 is bigger than timepoint: 40
Timepoint not recorded. dt_out:200050 is bigger than timepoint: 40
Timepoint not recorded. dt_out:200050 is bigger than timepoint: 40
Timepoint not recorded. dt_out:2075 is bigger than timepoint: 40
Timepoint not recorded. dt_out:175 is bigger than timepoint: 40
Timepoint not recorded. dt_out:2025 is bigger than timepoint: 40
Timepoint not recorded. dt_out:2075 is bigger than timepoint: 40
Timepoint not recorded. dt_out:1025 is bigger than timepoint: 40
Timepoint not recorded. dt_out:1025 is bigger than timepoint: 40
Timepoint not recorded. dt_out:200050 is bigger than timepoint: 40
Timepoint not recorded. dt_out:2075 is bigger than timepoint: 40
Timepoint not recorded. dt_out:2025 is bigger than timepoint: 40
Timepoint not recorded. dt_out:150 is bigger than timepoint: 40
Timepoint not recorded. dt_out:125 is bigger than timepoint: 40
Timepoint not recorded. dt_out:1025 is bigger than timepoint: 40
Timepoint not recorded. dt_out:200075 is bigger than timepoint: 40
Timepoint not recorded. dt_out:2050 is bigger than timepoint: 40
Timepoint not recorded. dt_out:2050 is bigger than timepoint: 40
Timepoint not recorded. dt_out:1075 is bigger than timepoint: 40
Timepoint not recorded. dt_out:200050 is bigger than timepoint: 40
Timepoint not recorded. dt_out:2050 is bigger than timepoint: 40
Timepoint not recorded. dt_out:200025 is bigger than timepoint: 40
Timepoint not recorded. dt_out:2075 is bigger than timepoint: 40
Timepoint not recorded. dt_out:2025 is bigger than timepoint: 40
Timepoint not recorded. dt_out:1050 is bigger than timepoint: 40
Timepoint not recorded. dt_out:200075 is bigger than timepoint: 40
Timepoint not recorded. dt_out:2025 is bigger than timepoint: 40
Timepoint not recorded. dt_out:1050 is bigger than timepoint: 40
Timepoint not recorded. dt_out:2075 is bigger than timepoint: 40
Timepoint not recorded. dt_out:175 is bigger than timepoint: 40
Timepoint not recorded. dt_out:150 is bigger than timepoint: 40
Timepoint not recorded. dt_out:1075 is bigger than timepoint: 40
Timepoint not recorded. dt_out:125 is bigger than timepoint: 40
Timepoint not recorded. dt_out:1075 is bigger than timepoint: 40
Timepoint not recorded. dt_out:1050 is bigger than timepoint: 40
80
Timepoint not recorded. dt_out:200025 is bigger than timepoint: 80
Timepoint not recorded. dt_out:200025 is bigger than timepoint: 80
Timepoint not recorded. dt_out:200025 is bigger than timepoint: 80
Timepoint not recorded. dt_out:200025 is bigger than timepoint: 80
Timepoint not recorded. dt_out:200050 is bigger than timepoint: 80
Timepoint not recorded. dt_out:200025 is bigger than timepoint: 80
Timepoint not recorded. dt_out:200050 is bigger than timepoint: 80
Timepoint not recorded. dt_out:200075 is bigger than timepoint: 80
Timepoint not recorded. dt_out:200075 is bigger than timepoint: 80
Timepoint not recorded. dt_out:1050 is bigger than timepoint: 80
Timepoint not recorded. dt_out:200075 is bigger than timepoint: 80
Timepoint not recorded. dt_out:1075 is bigger than timepoint: 80
Timepoint not recorded. dt_out:1050 is bigger than timepoint: 80
Timepoint not recorded. dt_out:1050 is bigger than timepoint: 80
Timepoint not recorded. dt_out:1075 is bigger than timepoint: 80
Timepoint not recorded. dt_out:1025 is bigger than timepoint: 80
Timepoint not recorded. dt_out:1075 is bigger than timepoint: 80
Timepoint not recorded. dt_out:1050 is bigger than timepoint: 80
Timepoint not recorded. dt_out:1025 is bigger than timepoint: 80
Timepoint not recorded. dt_out:200025 is bigger than timepoint: 80
Timepoint not recorded. dt_out:200050 is bigger than timepoint: 80
Timepoint not recorded. dt_out:200025 is bigger than timepoint: 80
Timepoint not recorded. dt_out:1050 is bigger than timepoint: 80
Timepoint not recorded. dt_out:200050 is bigger than timepoint: 80
Timepoint not recorded. dt_out:200075 is bigger than timepoint: 80
Timepoint not recorded. dt_out:1025 is bigger than timepoint: 80
Timepoint not recorded. dt_out:200025 is bigger than timepoint: 80
Timepoint not recorded. dt_out:200075 is bigger than timepoint: 80
Timepoint not recorded. dt_out:1050 is bigger than timepoint: 80
Timepoint not recorded. dt_out:200075 is bigger than timepoint: 80
Timepoint not recorded. dt_out:200025 is bigger than timepoint: 80
Timepoint not recorded. dt_out:200075 is bigger than timepoint: 80
Timepoint not recorded. dt_out:200025 is bigger than timepoint: 80
Timepoint not recorded. dt_out:1025 is bigger than timepoint: 80
Timepoint not recorded. dt_out:1050 is bigger than timepoint: 80
Timepoint not recorded. dt_out:200075 is bigger than timepoint: 80
Timepoint not recorded. dt_out:200025 is bigger than timepoint: 80
Timepoint not recorded. dt_out:1075 is bigger than timepoint: 80
Timepoint not recorded. dt_out:200050 is bigger than timepoint: 80
Timepoint not recorded. dt_out:200075 is bigger than timepoint: 80
Timepoint not recorded. dt_out:200050 is bigger than timepoint: 80
Timepoint not recorded. dt_out:1025 is bigger than timepoint: 80
Timepoint not recorded. dt_out:200075 is bigger than timepoint: 80
Timepoint not recorded. dt_out:1075 is bigger than timepoint: 80
Timepoint not recorded. dt_out:200025 is bigger than timepoint: 80
Timepoint not recorded. dt_out:1050 is bigger than timepoint: 80
Timepoint not recorded. dt_out:200050 is bigger than timepoint: 80
Timepoint not recorded. dt_out:200050 is bigger than timepoint: 80
Timepoint not recorded. dt_out:1050 is bigger than timepoint: 80
Timepoint not recorded. dt_out:200050 is bigger than timepoint: 80
Timepoint not recorded. dt_out:200050 is bigger than timepoint: 80
Timepoint not recorded. dt_out:1025 is bigger than timepoint: 80
Timepoint not recorded. dt_out:1050 is bigger than timepoint: 80
Timepoint not recorded. dt_out:1050 is bigger than timepoint: 80
Timepoint not recorded. dt_out:1025 is bigger than timepoint: 80
Timepoint not recorded. dt_out:1075 is bigger than timepoint: 80
Timepoint not recorded. dt_out:1025 is bigger than timepoint: 80
Timepoint not recorded. dt_out:1025 is bigger than timepoint: 80
Timepoint not recorded. dt_out:1025 is bigger than timepoint: 80
Timepoint not recorded. dt_out:200025 is bigger than timepoint: 80
Timepoint not recorded. dt_out:1075 is bigger than timepoint: 80
Timepoint not recorded. dt_out:1075 is bigger than timepoint: 80
Timepoint not recorded. dt_out:1075 is bigger than timepoint: 80
Timepoint not recorded. dt_out:1050 is bigger than timepoint: 80
Timepoint not recorded. dt_out:200050 is bigger than timepoint: 80
Timepoint not recorded. dt_out:200050 is bigger than timepoint: 80
Timepoint not recorded. dt_out:200050 is bigger than timepoint: 80
Timepoint not recorded. dt_out:1050 is bigger than timepoint: 80
Timepoint not recorded. dt_out:200075 is bigger than timepoint: 80
Timepoint not recorded. dt_out:1050 is bigger than timepoint: 80
Timepoint not recorded. dt_out:200025 is bigger than timepoint: 80
Timepoint not recorded. dt_out:1025 is bigger than timepoint: 80
Timepoint not recorded. dt_out:1025 is bigger than timepoint: 80
Timepoint not recorded. dt_out:200075 is bigger than timepoint: 80
Timepoint not recorded. dt_out:200050 is bigger than timepoint: 80
Timepoint not recorded. dt_out:1025 is bigger than timepoint: 80
Timepoint not recorded. dt_out:1075 is bigger than timepoint: 80
Timepoint not recorded. dt_out:1025 is bigger than timepoint: 80
Timepoint not recorded. dt_out:200075 is bigger than timepoint: 80
Timepoint not recorded. dt_out:200075 is bigger than timepoint: 80
Timepoint not recorded. dt_out:200075 is bigger than timepoint: 80
Timepoint not recorded. dt_out:1075 is bigger than timepoint: 80
Timepoint not recorded. dt_out:200025 is bigger than timepoint: 80
Timepoint not recorded. dt_out:1075 is bigger than timepoint: 80
Timepoint not recorded. dt_out:200025 is bigger than timepoint: 80
Timepoint not recorded. dt_out:200075 is bigger than timepoint: 80
Timepoint not recorded. dt_out:200050 is bigger than timepoint: 80
Timepoint not recorded. dt_out:1075 is bigger than timepoint: 80
Timepoint not recorded. dt_out:1025 is bigger than timepoint: 80
Timepoint not recorded. dt_out:1075 is bigger than timepoint: 80
Timepoint not recorded. dt_out:1075 is bigger than timepoint: 80
Timepoint not recorded. dt_out:1050 is bigger than timepoint: 80
Timepoint not recorded. dt_out:1050 is bigger than timepoint: 80
Timepoint not recorded. dt_out:1075 is bigger than timepoint: 80
Timepoint not recorded. dt_out:200050 is bigger than timepoint: 80
Timepoint not recorded. dt_out:1025 is bigger than timepoint: 80
Timepoint not recorded. dt_out:2075 is bigger than timepoint: 80
Timepoint not recorded. dt_out:1050 is bigger than timepoint: 80
Timepoint not recorded. dt_out:200025 is bigger than timepoint: 80
Timepoint not recorded. dt_out:1050 is bigger than timepoint: 80
Timepoint not recorded. dt_out:2025 is bigger than timepoint: 80
Timepoint not recorded. dt_out:200050 is bigger than timepoint: 80
Timepoint not recorded. dt_out:2025 is bigger than timepoint: 80
Timepoint not recorded. dt_out:2050 is bigger than timepoint: 80
Timepoint not recorded. dt_out:200025 is bigger than timepoint: 80
Timepoint not recorded. dt_out:200075 is bigger than timepoint: 80
Timepoint not recorded. dt_out:200025 is bigger than timepoint: 80
Timepoint not recorded. dt_out:1050 is bigger than timepoint: 80
Timepoint not recorded. dt_out:200075 is bigger than timepoint: 80
Timepoint not recorded. dt_out:200075 is bigger than timepoint: 80
Timepoint not recorded. dt_out:125 is bigger than timepoint: 80
Timepoint not recorded. dt_out:200075 is bigger than timepoint: 80
Timepoint not recorded. dt_out:2050 is bigger than timepoint: 80
Timepoint not recorded. dt_out:1075 is bigger than timepoint: 80
Timepoint not recorded. dt_out:200025 is bigger than timepoint: 80
Timepoint not recorded. dt_out:175 is bigger than timepoint: 80
Timepoint not recorded. dt_out:1075 is bigger than timepoint: 80
Timepoint not recorded. dt_out:150 is bigger than timepoint: 80
Timepoint not recorded. dt_out:1025 is bigger than timepoint: 80
Timepoint not recorded. dt_out:175 is bigger than timepoint: 80
Timepoint not recorded. dt_out:1025 is bigger than timepoint: 80
Timepoint not recorded. dt_out:1050 is bigger than timepoint: 80
Timepoint not recorded. dt_out:150 is bigger than timepoint: 80
Timepoint not recorded. dt_out:150 is bigger than timepoint: 80
Timepoint not recorded. dt_out:125 is bigger than timepoint: 80
Timepoint not recorded. dt_out:1025 is bigger than timepoint: 80
Timepoint not recorded. dt_out:200050 is bigger than timepoint: 80
Timepoint not recorded. dt_out:200050 is bigger than timepoint: 80
Timepoint not recorded. dt_out:1075 is bigger than timepoint: 80
Timepoint not recorded. dt_out:175 is bigger than timepoint: 80
Timepoint not recorded. dt_out:1025 is bigger than timepoint: 80
Timepoint not recorded. dt_out:2050 is bigger than timepoint: 80
Timepoint not recorded. dt_out:150 is bigger than timepoint: 80
Timepoint not recorded. dt_out:125 is bigger than timepoint: 80
Timepoint not recorded. dt_out:175 is bigger than timepoint: 80
Timepoint not recorded. dt_out:125 is bigger than timepoint: 80
Timepoint not recorded. dt_out:2025 is bigger than timepoint: 80
Timepoint not recorded. dt_out:150 is bigger than timepoint: 80
Timepoint not recorded. dt_out:200050 is bigger than timepoint: 80
Timepoint not recorded. dt_out:1050 is bigger than timepoint: 80
Timepoint not recorded. dt_out:200075 is bigger than timepoint: 80
Timepoint not recorded. dt_out:2025 is bigger than timepoint: 80
Timepoint not recorded. dt_out:2050 is bigger than timepoint: 80
Timepoint not recorded. dt_out:2075 is bigger than timepoint: 80
Timepoint not recorded. dt_out:125 is bigger than timepoint: 80
Timepoint not recorded. dt_out:200025 is bigger than timepoint: 80
Timepoint not recorded. dt_out:125 is bigger than timepoint: 80
Timepoint not recorded. dt_out:200025 is bigger than timepoint: 80
Timepoint not recorded. dt_out:1025 is bigger than timepoint: 80
Timepoint not recorded. dt_out:2050 is bigger than timepoint: 80
Timepoint not recorded. dt_out:200075 is bigger than timepoint: 80
Timepoint not recorded. dt_out:175 is bigger than timepoint: 80
Timepoint not recorded. dt_out:175 is bigger than timepoint: 80
Timepoint not recorded. dt_out:1075 is bigger than timepoint: 80
Timepoint not recorded. dt_out:1075 is bigger than timepoint: 80
Timepoint not recorded. dt_out:150 is bigger than timepoint: 80
Timepoint not recorded. dt_out:200025 is bigger than timepoint: 80
Timepoint not recorded. dt_out:2075 is bigger than timepoint: 80
Timepoint not recorded. dt_out:200050 is bigger than timepoint: 80
Timepoint not recorded. dt_out:200050 is bigger than timepoint: 80
Timepoint not recorded. dt_out:2075 is bigger than timepoint: 80
Timepoint not recorded. dt_out:175 is bigger than timepoint: 80
Timepoint not recorded. dt_out:2025 is bigger than timepoint: 80
Timepoint not recorded. dt_out:2075 is bigger than timepoint: 80
Timepoint not recorded. dt_out:1025 is bigger than timepoint: 80
Timepoint not recorded. dt_out:1025 is bigger than timepoint: 80
Timepoint not recorded. dt_out:200050 is bigger than timepoint: 80
Timepoint not recorded. dt_out:2075 is bigger than timepoint: 80
Timepoint not recorded. dt_out:2025 is bigger than timepoint: 80
Timepoint not recorded. dt_out:150 is bigger than timepoint: 80
Timepoint not recorded. dt_out:125 is bigger than timepoint: 80
Timepoint not recorded. dt_out:1025 is bigger than timepoint: 80
Timepoint not recorded. dt_out:200075 is bigger than timepoint: 80
Timepoint not recorded. dt_out:2050 is bigger than timepoint: 80
Timepoint not recorded. dt_out:2050 is bigger than timepoint: 80
Timepoint not recorded. dt_out:1075 is bigger than timepoint: 80
Timepoint not recorded. dt_out:200050 is bigger than timepoint: 80
Timepoint not recorded. dt_out:2050 is bigger than timepoint: 80
Timepoint not recorded. dt_out:200025 is bigger than timepoint: 80
Timepoint not recorded. dt_out:2075 is bigger than timepoint: 80
Timepoint not recorded. dt_out:2025 is bigger than timepoint: 80
Timepoint not recorded. dt_out:1050 is bigger than timepoint: 80
Timepoint not recorded. dt_out:200075 is bigger than timepoint: 80
Timepoint not recorded. dt_out:2025 is bigger than timepoint: 80
Timepoint not recorded. dt_out:1050 is bigger than timepoint: 80
Timepoint not recorded. dt_out:2075 is bigger than timepoint: 80
Timepoint not recorded. dt_out:175 is bigger than timepoint: 80
Timepoint not recorded. dt_out:150 is bigger than timepoint: 80
Timepoint not recorded. dt_out:1075 is bigger than timepoint: 80
Timepoint not recorded. dt_out:125 is bigger than timepoint: 80
Timepoint not recorded. dt_out:1075 is bigger than timepoint: 80
Timepoint not recorded. dt_out:1050 is bigger than timepoint: 80
120
Timepoint not recorded. dt_out:200025 is bigger than timepoint: 120
Timepoint not recorded. dt_out:200025 is bigger than timepoint: 120
Timepoint not recorded. dt_out:200025 is bigger than timepoint: 120
Timepoint not recorded. dt_out:200025 is bigger than timepoint: 120
Timepoint not recorded. dt_out:200050 is bigger than timepoint: 120
Timepoint not recorded. dt_out:200025 is bigger than timepoint: 120
Timepoint not recorded. dt_out:200050 is bigger than timepoint: 120
Timepoint not recorded. dt_out:200075 is bigger than timepoint: 120
Timepoint not recorded. dt_out:200075 is bigger than timepoint: 120
Timepoint not recorded. dt_out:1050 is bigger than timepoint: 120
Timepoint not recorded. dt_out:200075 is bigger than timepoint: 120
Timepoint not recorded. dt_out:1075 is bigger than timepoint: 120
Timepoint not recorded. dt_out:1050 is bigger than timepoint: 120
Timepoint not recorded. dt_out:1050 is bigger than timepoint: 120
Timepoint not recorded. dt_out:1075 is bigger than timepoint: 120
Timepoint not recorded. dt_out:1025 is bigger than timepoint: 120
Timepoint not recorded. dt_out:1075 is bigger than timepoint: 120
Timepoint not recorded. dt_out:1050 is bigger than timepoint: 120
Timepoint not recorded. dt_out:1025 is bigger than timepoint: 120
Timepoint not recorded. dt_out:200025 is bigger than timepoint: 120
Timepoint not recorded. dt_out:200050 is bigger than timepoint: 120
Timepoint not recorded. dt_out:200025 is bigger than timepoint: 120
Timepoint not recorded. dt_out:1050 is bigger than timepoint: 120
Timepoint not recorded. dt_out:200050 is bigger than timepoint: 120
Timepoint not recorded. dt_out:200075 is bigger than timepoint: 120
Timepoint not recorded. dt_out:1025 is bigger than timepoint: 120
Timepoint not recorded. dt_out:200025 is bigger than timepoint: 120
Timepoint not recorded. dt_out:200075 is bigger than timepoint: 120
Timepoint not recorded. dt_out:1050 is bigger than timepoint: 120
Timepoint not recorded. dt_out:200075 is bigger than timepoint: 120
Timepoint not recorded. dt_out:200025 is bigger than timepoint: 120
Timepoint not recorded. dt_out:200075 is bigger than timepoint: 120
Timepoint not recorded. dt_out:200025 is bigger than timepoint: 120
Timepoint not recorded. dt_out:1025 is bigger than timepoint: 120
Timepoint not recorded. dt_out:1050 is bigger than timepoint: 120
Timepoint not recorded. dt_out:200075 is bigger than timepoint: 120
Timepoint not recorded. dt_out:200025 is bigger than timepoint: 120
Timepoint not recorded. dt_out:1075 is bigger than timepoint: 120
Timepoint not recorded. dt_out:200050 is bigger than timepoint: 120
Timepoint not recorded. dt_out:200075 is bigger than timepoint: 120
Timepoint not recorded. dt_out:200050 is bigger than timepoint: 120
Timepoint not recorded. dt_out:1025 is bigger than timepoint: 120
Timepoint not recorded. dt_out:200075 is bigger than timepoint: 120
Timepoint not recorded. dt_out:1075 is bigger than timepoint: 120
Timepoint not recorded. dt_out:200025 is bigger than timepoint: 120
Timepoint not recorded. dt_out:1050 is bigger than timepoint: 120
Timepoint not recorded. dt_out:200050 is bigger than timepoint: 120
Timepoint not recorded. dt_out:200050 is bigger than timepoint: 120
Timepoint not recorded. dt_out:1050 is bigger than timepoint: 120
Timepoint not recorded. dt_out:200050 is bigger than timepoint: 120
Timepoint not recorded. dt_out:200050 is bigger than timepoint: 120
Timepoint not recorded. dt_out:1025 is bigger than timepoint: 120
Timepoint not recorded. dt_out:1050 is bigger than timepoint: 120
Timepoint not recorded. dt_out:1050 is bigger than timepoint: 120
Timepoint not recorded. dt_out:1025 is bigger than timepoint: 120
Timepoint not recorded. dt_out:1075 is bigger than timepoint: 120
Timepoint not recorded. dt_out:1025 is bigger than timepoint: 120
Timepoint not recorded. dt_out:1025 is bigger than timepoint: 120
Timepoint not recorded. dt_out:1025 is bigger than timepoint: 120
Timepoint not recorded. dt_out:200025 is bigger than timepoint: 120
Timepoint not recorded. dt_out:1075 is bigger than timepoint: 120
Timepoint not recorded. dt_out:1075 is bigger than timepoint: 120
Timepoint not recorded. dt_out:1075 is bigger than timepoint: 120
Timepoint not recorded. dt_out:1050 is bigger than timepoint: 120
Timepoint not recorded. dt_out:200050 is bigger than timepoint: 120
Timepoint not recorded. dt_out:200050 is bigger than timepoint: 120
Timepoint not recorded. dt_out:200050 is bigger than timepoint: 120
Timepoint not recorded. dt_out:1050 is bigger than timepoint: 120
Timepoint not recorded. dt_out:200075 is bigger than timepoint: 120
Timepoint not recorded. dt_out:1050 is bigger than timepoint: 120
Timepoint not recorded. dt_out:200025 is bigger than timepoint: 120
Timepoint not recorded. dt_out:1025 is bigger than timepoint: 120
Timepoint not recorded. dt_out:1025 is bigger than timepoint: 120
Timepoint not recorded. dt_out:200075 is bigger than timepoint: 120
Timepoint not recorded. dt_out:200050 is bigger than timepoint: 120
Timepoint not recorded. dt_out:1025 is bigger than timepoint: 120
Timepoint not recorded. dt_out:1075 is bigger than timepoint: 120
Timepoint not recorded. dt_out:1025 is bigger than timepoint: 120
Timepoint not recorded. dt_out:200075 is bigger than timepoint: 120
Timepoint not recorded. dt_out:200075 is bigger than timepoint: 120
Timepoint not recorded. dt_out:200075 is bigger than timepoint: 120
Timepoint not recorded. dt_out:1075 is bigger than timepoint: 120
Timepoint not recorded. dt_out:200025 is bigger than timepoint: 120
Timepoint not recorded. dt_out:1075 is bigger than timepoint: 120
Timepoint not recorded. dt_out:200025 is bigger than timepoint: 120
Timepoint not recorded. dt_out:200075 is bigger than timepoint: 120
Timepoint not recorded. dt_out:200050 is bigger than timepoint: 120
Timepoint not recorded. dt_out:1075 is bigger than timepoint: 120
Timepoint not recorded. dt_out:1025 is bigger than timepoint: 120
Timepoint not recorded. dt_out:1075 is bigger than timepoint: 120
Timepoint not recorded. dt_out:1075 is bigger than timepoint: 120
Timepoint not recorded. dt_out:1050 is bigger than timepoint: 120
Timepoint not recorded. dt_out:1050 is bigger than timepoint: 120
Timepoint not recorded. dt_out:1075 is bigger than timepoint: 120
Timepoint not recorded. dt_out:200050 is bigger than timepoint: 120
Timepoint not recorded. dt_out:1025 is bigger than timepoint: 120
Timepoint not recorded. dt_out:2075 is bigger than timepoint: 120
Timepoint not recorded. dt_out:1050 is bigger than timepoint: 120
Timepoint not recorded. dt_out:200025 is bigger than timepoint: 120
Timepoint not recorded. dt_out:1050 is bigger than timepoint: 120
Timepoint not recorded. dt_out:2025 is bigger than timepoint: 120
Timepoint not recorded. dt_out:200050 is bigger than timepoint: 120
Timepoint not recorded. dt_out:2025 is bigger than timepoint: 120
Timepoint not recorded. dt_out:2050 is bigger than timepoint: 120
Timepoint not recorded. dt_out:200025 is bigger than timepoint: 120
Timepoint not recorded. dt_out:200075 is bigger than timepoint: 120
Timepoint not recorded. dt_out:200025 is bigger than timepoint: 120
Timepoint not recorded. dt_out:1050 is bigger than timepoint: 120
Timepoint not recorded. dt_out:200075 is bigger than timepoint: 120
Timepoint not recorded. dt_out:200075 is bigger than timepoint: 120
Timepoint not recorded. dt_out:125 is bigger than timepoint: 120
Timepoint not recorded. dt_out:200075 is bigger than timepoint: 120
Timepoint not recorded. dt_out:2050 is bigger than timepoint: 120
Timepoint not recorded. dt_out:1075 is bigger than timepoint: 120
Timepoint not recorded. dt_out:200025 is bigger than timepoint: 120
Timepoint not recorded. dt_out:175 is bigger than timepoint: 120
Timepoint not recorded. dt_out:1075 is bigger than timepoint: 120
Timepoint not recorded. dt_out:150 is bigger than timepoint: 120
Timepoint not recorded. dt_out:1025 is bigger than timepoint: 120
Timepoint not recorded. dt_out:175 is bigger than timepoint: 120
Timepoint not recorded. dt_out:1025 is bigger than timepoint: 120
Timepoint not recorded. dt_out:1050 is bigger than timepoint: 120
Timepoint not recorded. dt_out:150 is bigger than timepoint: 120
Timepoint not recorded. dt_out:150 is bigger than timepoint: 120
Timepoint not recorded. dt_out:125 is bigger than timepoint: 120
Timepoint not recorded. dt_out:1025 is bigger than timepoint: 120
Timepoint not recorded. dt_out:200050 is bigger than timepoint: 120
Timepoint not recorded. dt_out:200050 is bigger than timepoint: 120
Timepoint not recorded. dt_out:1075 is bigger than timepoint: 120
Timepoint not recorded. dt_out:175 is bigger than timepoint: 120
Timepoint not recorded. dt_out:1025 is bigger than timepoint: 120
Timepoint not recorded. dt_out:2050 is bigger than timepoint: 120
Timepoint not recorded. dt_out:150 is bigger than timepoint: 120
Timepoint not recorded. dt_out:125 is bigger than timepoint: 120
Timepoint not recorded. dt_out:175 is bigger than timepoint: 120
Timepoint not recorded. dt_out:125 is bigger than timepoint: 120
Timepoint not recorded. dt_out:2025 is bigger than timepoint: 120
Timepoint not recorded. dt_out:150 is bigger than timepoint: 120
Timepoint not recorded. dt_out:200050 is bigger than timepoint: 120
Timepoint not recorded. dt_out:1050 is bigger than timepoint: 120
Timepoint not recorded. dt_out:200075 is bigger than timepoint: 120
Timepoint not recorded. dt_out:2025 is bigger than timepoint: 120
Timepoint not recorded. dt_out:2050 is bigger than timepoint: 120
Timepoint not recorded. dt_out:2075 is bigger than timepoint: 120
Timepoint not recorded. dt_out:125 is bigger than timepoint: 120
Timepoint not recorded. dt_out:200025 is bigger than timepoint: 120
Timepoint not recorded. dt_out:125 is bigger than timepoint: 120
Timepoint not recorded. dt_out:200025 is bigger than timepoint: 120
Timepoint not recorded. dt_out:1025 is bigger than timepoint: 120
Timepoint not recorded. dt_out:2050 is bigger than timepoint: 120
Timepoint not recorded. dt_out:200075 is bigger than timepoint: 120
Timepoint not recorded. dt_out:175 is bigger than timepoint: 120
Timepoint not recorded. dt_out:175 is bigger than timepoint: 120
Timepoint not recorded. dt_out:1075 is bigger than timepoint: 120
Timepoint not recorded. dt_out:1075 is bigger than timepoint: 120
Timepoint not recorded. dt_out:150 is bigger than timepoint: 120
Timepoint not recorded. dt_out:200025 is bigger than timepoint: 120
Timepoint not recorded. dt_out:2075 is bigger than timepoint: 120
Timepoint not recorded. dt_out:200050 is bigger than timepoint: 120
Timepoint not recorded. dt_out:200050 is bigger than timepoint: 120
Timepoint not recorded. dt_out:2075 is bigger than timepoint: 120
Timepoint not recorded. dt_out:175 is bigger than timepoint: 120
Timepoint not recorded. dt_out:2025 is bigger than timepoint: 120
Timepoint not recorded. dt_out:2075 is bigger than timepoint: 120
Timepoint not recorded. dt_out:1025 is bigger than timepoint: 120
Timepoint not recorded. dt_out:1025 is bigger than timepoint: 120
Timepoint not recorded. dt_out:200050 is bigger than timepoint: 120
Timepoint not recorded. dt_out:2075 is bigger than timepoint: 120
Timepoint not recorded. dt_out:2025 is bigger than timepoint: 120
Timepoint not recorded. dt_out:150 is bigger than timepoint: 120
Timepoint not recorded. dt_out:125 is bigger than timepoint: 120
Timepoint not recorded. dt_out:1025 is bigger than timepoint: 120
Timepoint not recorded. dt_out:200075 is bigger than timepoint: 120
Timepoint not recorded. dt_out:2050 is bigger than timepoint: 120
Timepoint not recorded. dt_out:2050 is bigger than timepoint: 120
Timepoint not recorded. dt_out:1075 is bigger than timepoint: 120
Timepoint not recorded. dt_out:200050 is bigger than timepoint: 120
Timepoint not recorded. dt_out:2050 is bigger than timepoint: 120
Timepoint not recorded. dt_out:200025 is bigger than timepoint: 120
Timepoint not recorded. dt_out:2075 is bigger than timepoint: 120
Timepoint not recorded. dt_out:2025 is bigger than timepoint: 120
Timepoint not recorded. dt_out:1050 is bigger than timepoint: 120
Timepoint not recorded. dt_out:200075 is bigger than timepoint: 120
Timepoint not recorded. dt_out:2025 is bigger than timepoint: 120
Timepoint not recorded. dt_out:1050 is bigger than timepoint: 120
Timepoint not recorded. dt_out:2075 is bigger than timepoint: 120
Timepoint not recorded. dt_out:175 is bigger than timepoint: 120
Timepoint not recorded. dt_out:150 is bigger than timepoint: 120
Timepoint not recorded. dt_out:1075 is bigger than timepoint: 120
Timepoint not recorded. dt_out:125 is bigger than timepoint: 120
Timepoint not recorded. dt_out:1075 is bigger than timepoint: 120
Timepoint not recorded. dt_out:1050 is bigger than timepoint: 120
160
Timepoint not recorded. dt_out:200025 is bigger than timepoint: 160
Timepoint not recorded. dt_out:200025 is bigger than timepoint: 160
Timepoint not recorded. dt_out:200025 is bigger than timepoint: 160
Timepoint not recorded. dt_out:200025 is bigger than timepoint: 160
Timepoint not recorded. dt_out:200050 is bigger than timepoint: 160
Timepoint not recorded. dt_out:200025 is bigger than timepoint: 160
Timepoint not recorded. dt_out:200050 is bigger than timepoint: 160
Timepoint not recorded. dt_out:200075 is bigger than timepoint: 160
Timepoint not recorded. dt_out:200075 is bigger than timepoint: 160
Timepoint not recorded. dt_out:1050 is bigger than timepoint: 160
Timepoint not recorded. dt_out:200075 is bigger than timepoint: 160
Timepoint not recorded. dt_out:1075 is bigger than timepoint: 160
Timepoint not recorded. dt_out:1050 is bigger than timepoint: 160
Timepoint not recorded. dt_out:1050 is bigger than timepoint: 160
Timepoint not recorded. dt_out:1075 is bigger than timepoint: 160
Timepoint not recorded. dt_out:1025 is bigger than timepoint: 160
Timepoint not recorded. dt_out:1075 is bigger than timepoint: 160
Timepoint not recorded. dt_out:1050 is bigger than timepoint: 160
Timepoint not recorded. dt_out:1025 is bigger than timepoint: 160
Timepoint not recorded. dt_out:200025 is bigger than timepoint: 160
Timepoint not recorded. dt_out:200050 is bigger than timepoint: 160
Timepoint not recorded. dt_out:200025 is bigger than timepoint: 160
Timepoint not recorded. dt_out:1050 is bigger than timepoint: 160
Timepoint not recorded. dt_out:200050 is bigger than timepoint: 160
Timepoint not recorded. dt_out:200075 is bigger than timepoint: 160
Timepoint not recorded. dt_out:1025 is bigger than timepoint: 160
Timepoint not recorded. dt_out:200025 is bigger than timepoint: 160
Timepoint not recorded. dt_out:200075 is bigger than timepoint: 160
Timepoint not recorded. dt_out:1050 is bigger than timepoint: 160
Timepoint not recorded. dt_out:200075 is bigger than timepoint: 160
Timepoint not recorded. dt_out:200025 is bigger than timepoint: 160
Timepoint not recorded. dt_out:200075 is bigger than timepoint: 160
Timepoint not recorded. dt_out:200025 is bigger than timepoint: 160
Timepoint not recorded. dt_out:1025 is bigger than timepoint: 160
Timepoint not recorded. dt_out:1050 is bigger than timepoint: 160
Timepoint not recorded. dt_out:200075 is bigger than timepoint: 160
Timepoint not recorded. dt_out:200025 is bigger than timepoint: 160
Timepoint not recorded. dt_out:1075 is bigger than timepoint: 160
Timepoint not recorded. dt_out:200050 is bigger than timepoint: 160
Timepoint not recorded. dt_out:200075 is bigger than timepoint: 160
Timepoint not recorded. dt_out:200050 is bigger than timepoint: 160
Timepoint not recorded. dt_out:1025 is bigger than timepoint: 160
Timepoint not recorded. dt_out:200075 is bigger than timepoint: 160
Timepoint not recorded. dt_out:1075 is bigger than timepoint: 160
Timepoint not recorded. dt_out:200025 is bigger than timepoint: 160
Timepoint not recorded. dt_out:1050 is bigger than timepoint: 160
Timepoint not recorded. dt_out:200050 is bigger than timepoint: 160
Timepoint not recorded. dt_out:200050 is bigger than timepoint: 160
Timepoint not recorded. dt_out:1050 is bigger than timepoint: 160
Timepoint not recorded. dt_out:200050 is bigger than timepoint: 160
Timepoint not recorded. dt_out:200050 is bigger than timepoint: 160
Timepoint not recorded. dt_out:1025 is bigger than timepoint: 160
Timepoint not recorded. dt_out:1050 is bigger than timepoint: 160
Timepoint not recorded. dt_out:1050 is bigger than timepoint: 160
Timepoint not recorded. dt_out:1025 is bigger than timepoint: 160
Timepoint not recorded. dt_out:1075 is bigger than timepoint: 160
Timepoint not recorded. dt_out:1025 is bigger than timepoint: 160
Timepoint not recorded. dt_out:1025 is bigger than timepoint: 160
Timepoint not recorded. dt_out:1025 is bigger than timepoint: 160
Timepoint not recorded. dt_out:200025 is bigger than timepoint: 160
Timepoint not recorded. dt_out:1075 is bigger than timepoint: 160
Timepoint not recorded. dt_out:1075 is bigger than timepoint: 160
Timepoint not recorded. dt_out:1075 is bigger than timepoint: 160
Timepoint not recorded. dt_out:1050 is bigger than timepoint: 160
Timepoint not recorded. dt_out:200050 is bigger than timepoint: 160
Timepoint not recorded. dt_out:200050 is bigger than timepoint: 160
Timepoint not recorded. dt_out:200050 is bigger than timepoint: 160
Timepoint not recorded. dt_out:1050 is bigger than timepoint: 160
Timepoint not recorded. dt_out:200075 is bigger than timepoint: 160
Timepoint not recorded. dt_out:1050 is bigger than timepoint: 160
Timepoint not recorded. dt_out:200025 is bigger than timepoint: 160
Timepoint not recorded. dt_out:1025 is bigger than timepoint: 160
Timepoint not recorded. dt_out:1025 is bigger than timepoint: 160
Timepoint not recorded. dt_out:200075 is bigger than timepoint: 160
Timepoint not recorded. dt_out:200050 is bigger than timepoint: 160
Timepoint not recorded. dt_out:1025 is bigger than timepoint: 160
Timepoint not recorded. dt_out:1075 is bigger than timepoint: 160
Timepoint not recorded. dt_out:1025 is bigger than timepoint: 160
Timepoint not recorded. dt_out:200075 is bigger than timepoint: 160
Timepoint not recorded. dt_out:200075 is bigger than timepoint: 160
Timepoint not recorded. dt_out:200075 is bigger than timepoint: 160
Timepoint not recorded. dt_out:1075 is bigger than timepoint: 160
Timepoint not recorded. dt_out:200025 is bigger than timepoint: 160
Timepoint not recorded. dt_out:1075 is bigger than timepoint: 160
Timepoint not recorded. dt_out:200025 is bigger than timepoint: 160
Timepoint not recorded. dt_out:200075 is bigger than timepoint: 160
Timepoint not recorded. dt_out:200050 is bigger than timepoint: 160
Timepoint not recorded. dt_out:1075 is bigger than timepoint: 160
Timepoint not recorded. dt_out:1025 is bigger than timepoint: 160
Timepoint not recorded. dt_out:1075 is bigger than timepoint: 160
Timepoint not recorded. dt_out:1075 is bigger than timepoint: 160
Timepoint not recorded. dt_out:1050 is bigger than timepoint: 160
Timepoint not recorded. dt_out:1050 is bigger than timepoint: 160
Timepoint not recorded. dt_out:1075 is bigger than timepoint: 160
Timepoint not recorded. dt_out:200050 is bigger than timepoint: 160
Timepoint not recorded. dt_out:1025 is bigger than timepoint: 160
Timepoint not recorded. dt_out:2075 is bigger than timepoint: 160
Timepoint not recorded. dt_out:1050 is bigger than timepoint: 160
Timepoint not recorded. dt_out:200025 is bigger than timepoint: 160
Timepoint not recorded. dt_out:1050 is bigger than timepoint: 160
Timepoint not recorded. dt_out:2025 is bigger than timepoint: 160
Timepoint not recorded. dt_out:200050 is bigger than timepoint: 160
Timepoint not recorded. dt_out:2025 is bigger than timepoint: 160
Timepoint not recorded. dt_out:2050 is bigger than timepoint: 160
Timepoint not recorded. dt_out:200025 is bigger than timepoint: 160
Timepoint not recorded. dt_out:200075 is bigger than timepoint: 160
Timepoint not recorded. dt_out:200025 is bigger than timepoint: 160
Timepoint not recorded. dt_out:1050 is bigger than timepoint: 160
Timepoint not recorded. dt_out:200075 is bigger than timepoint: 160
Timepoint not recorded. dt_out:200075 is bigger than timepoint: 160
Timepoint not recorded. dt_out:200075 is bigger than timepoint: 160
Timepoint not recorded. dt_out:2050 is bigger than timepoint: 160
Timepoint not recorded. dt_out:1075 is bigger than timepoint: 160
Timepoint not recorded. dt_out:200025 is bigger than timepoint: 160
Timepoint not recorded. dt_out:175 is bigger than timepoint: 160
Timepoint not recorded. dt_out:1075 is bigger than timepoint: 160
Timepoint not recorded. dt_out:1025 is bigger than timepoint: 160
Timepoint not recorded. dt_out:175 is bigger than timepoint: 160
Timepoint not recorded. dt_out:1025 is bigger than timepoint: 160
Timepoint not recorded. dt_out:1050 is bigger than timepoint: 160
Timepoint not recorded. dt_out:1025 is bigger than timepoint: 160
Timepoint not recorded. dt_out:200050 is bigger than timepoint: 160
Timepoint not recorded. dt_out:200050 is bigger than timepoint: 160
Timepoint not recorded. dt_out:1075 is bigger than timepoint: 160
Timepoint not recorded. dt_out:175 is bigger than timepoint: 160
Timepoint not recorded. dt_out:1025 is bigger than timepoint: 160
Timepoint not recorded. dt_out:2050 is bigger than timepoint: 160
Timepoint not recorded. dt_out:175 is bigger than timepoint: 160
Timepoint not recorded. dt_out:2025 is bigger than timepoint: 160
Timepoint not recorded. dt_out:200050 is bigger than timepoint: 160
Timepoint not recorded. dt_out:1050 is bigger than timepoint: 160
Timepoint not recorded. dt_out:200075 is bigger than timepoint: 160
Timepoint not recorded. dt_out:2025 is bigger than timepoint: 160
Timepoint not recorded. dt_out:2050 is bigger than timepoint: 160
Timepoint not recorded. dt_out:2075 is bigger than timepoint: 160
Timepoint not recorded. dt_out:200025 is bigger than timepoint: 160
Timepoint not recorded. dt_out:200025 is bigger than timepoint: 160
Timepoint not recorded. dt_out:1025 is bigger than timepoint: 160
Timepoint not recorded. dt_out:2050 is bigger than timepoint: 160
Timepoint not recorded. dt_out:200075 is bigger than timepoint: 160
Timepoint not recorded. dt_out:175 is bigger than timepoint: 160
Timepoint not recorded. dt_out:175 is bigger than timepoint: 160
Timepoint not recorded. dt_out:1075 is bigger than timepoint: 160
Timepoint not recorded. dt_out:1075 is bigger than timepoint: 160
Timepoint not recorded. dt_out:200025 is bigger than timepoint: 160
Timepoint not recorded. dt_out:2075 is bigger than timepoint: 160
Timepoint not recorded. dt_out:200050 is bigger than timepoint: 160
Timepoint not recorded. dt_out:200050 is bigger than timepoint: 160
Timepoint not recorded. dt_out:2075 is bigger than timepoint: 160
Timepoint not recorded. dt_out:175 is bigger than timepoint: 160
Timepoint not recorded. dt_out:2025 is bigger than timepoint: 160
Timepoint not recorded. dt_out:2075 is bigger than timepoint: 160
Timepoint not recorded. dt_out:1025 is bigger than timepoint: 160
Timepoint not recorded. dt_out:1025 is bigger than timepoint: 160
Timepoint not recorded. dt_out:200050 is bigger than timepoint: 160
Timepoint not recorded. dt_out:2075 is bigger than timepoint: 160
Timepoint not recorded. dt_out:2025 is bigger than timepoint: 160
Timepoint not recorded. dt_out:1025 is bigger than timepoint: 160
Timepoint not recorded. dt_out:200075 is bigger than timepoint: 160
Timepoint not recorded. dt_out:2050 is bigger than timepoint: 160
Timepoint not recorded. dt_out:2050 is bigger than timepoint: 160
Timepoint not recorded. dt_out:1075 is bigger than timepoint: 160
Timepoint not recorded. dt_out:200050 is bigger than timepoint: 160
Timepoint not recorded. dt_out:2050 is bigger than timepoint: 160
Timepoint not recorded. dt_out:200025 is bigger than timepoint: 160
Timepoint not recorded. dt_out:2075 is bigger than timepoint: 160
Timepoint not recorded. dt_out:2025 is bigger than timepoint: 160
Timepoint not recorded. dt_out:1050 is bigger than timepoint: 160
Timepoint not recorded. dt_out:200075 is bigger than timepoint: 160
Timepoint not recorded. dt_out:2025 is bigger than timepoint: 160
Timepoint not recorded. dt_out:1050 is bigger than timepoint: 160
Timepoint not recorded. dt_out:2075 is bigger than timepoint: 160
Timepoint not recorded. dt_out:175 is bigger than timepoint: 160
Timepoint not recorded. dt_out:1075 is bigger than timepoint: 160
Timepoint not recorded. dt_out:1075 is bigger than timepoint: 160
Timepoint not recorded. dt_out:1050 is bigger than timepoint: 160
200
Timepoint not recorded. dt_out:200025 is bigger than timepoint: 200
Timepoint not recorded. dt_out:200025 is bigger than timepoint: 200
Timepoint not recorded. dt_out:200025 is bigger than timepoint: 200
Timepoint not recorded. dt_out:200025 is bigger than timepoint: 200
Timepoint not recorded. dt_out:200050 is bigger than timepoint: 200
Timepoint not recorded. dt_out:200025 is bigger than timepoint: 200
Timepoint not recorded. dt_out:200050 is bigger than timepoint: 200
Timepoint not recorded. dt_out:200075 is bigger than timepoint: 200
Timepoint not recorded. dt_out:200075 is bigger than timepoint: 200
Timepoint not recorded. dt_out:1050 is bigger than timepoint: 200
Timepoint not recorded. dt_out:200075 is bigger than timepoint: 200
Timepoint not recorded. dt_out:1075 is bigger than timepoint: 200
Timepoint not recorded. dt_out:1050 is bigger than timepoint: 200
Timepoint not recorded. dt_out:1050 is bigger than timepoint: 200
Timepoint not recorded. dt_out:1075 is bigger than timepoint: 200
Timepoint not recorded. dt_out:1025 is bigger than timepoint: 200
Timepoint not recorded. dt_out:1075 is bigger than timepoint: 200
Timepoint not recorded. dt_out:1050 is bigger than timepoint: 200
Timepoint not recorded. dt_out:1025 is bigger than timepoint: 200
Timepoint not recorded. dt_out:200025 is bigger than timepoint: 200
Timepoint not recorded. dt_out:200050 is bigger than timepoint: 200
Timepoint not recorded. dt_out:200025 is bigger than timepoint: 200
Timepoint not recorded. dt_out:1050 is bigger than timepoint: 200
Timepoint not recorded. dt_out:200050 is bigger than timepoint: 200
Timepoint not recorded. dt_out:200075 is bigger than timepoint: 200
Timepoint not recorded. dt_out:1025 is bigger than timepoint: 200
Timepoint not recorded. dt_out:200025 is bigger than timepoint: 200
Timepoint not recorded. dt_out:200075 is bigger than timepoint: 200
Timepoint not recorded. dt_out:1050 is bigger than timepoint: 200
Timepoint not recorded. dt_out:200075 is bigger than timepoint: 200
Timepoint not recorded. dt_out:200025 is bigger than timepoint: 200
Timepoint not recorded. dt_out:200075 is bigger than timepoint: 200
Timepoint not recorded. dt_out:200025 is bigger than timepoint: 200
Timepoint not recorded. dt_out:1025 is bigger than timepoint: 200
Timepoint not recorded. dt_out:1050 is bigger than timepoint: 200
Timepoint not recorded. dt_out:200075 is bigger than timepoint: 200
Timepoint not recorded. dt_out:200025 is bigger than timepoint: 200
Timepoint not recorded. dt_out:1075 is bigger than timepoint: 200
Timepoint not recorded. dt_out:200050 is bigger than timepoint: 200
Timepoint not recorded. dt_out:200075 is bigger than timepoint: 200
Timepoint not recorded. dt_out:200050 is bigger than timepoint: 200
Timepoint not recorded. dt_out:1025 is bigger than timepoint: 200
Timepoint not recorded. dt_out:200075 is bigger than timepoint: 200
Timepoint not recorded. dt_out:1075 is bigger than timepoint: 200
Timepoint not recorded. dt_out:200025 is bigger than timepoint: 200
Timepoint not recorded. dt_out:1050 is bigger than timepoint: 200
Timepoint not recorded. dt_out:200050 is bigger than timepoint: 200
Timepoint not recorded. dt_out:200050 is bigger than timepoint: 200
Timepoint not recorded. dt_out:1050 is bigger than timepoint: 200
Timepoint not recorded. dt_out:200050 is bigger than timepoint: 200
Timepoint not recorded. dt_out:200050 is bigger than timepoint: 200
Timepoint not recorded. dt_out:1025 is bigger than timepoint: 200
Timepoint not recorded. dt_out:1050 is bigger than timepoint: 200
Timepoint not recorded. dt_out:1050 is bigger than timepoint: 200
Timepoint not recorded. dt_out:1025 is bigger than timepoint: 200
Timepoint not recorded. dt_out:1075 is bigger than timepoint: 200
Timepoint not recorded. dt_out:1025 is bigger than timepoint: 200
Timepoint not recorded. dt_out:1025 is bigger than timepoint: 200
Timepoint not recorded. dt_out:1025 is bigger than timepoint: 200
Timepoint not recorded. dt_out:200025 is bigger than timepoint: 200
Timepoint not recorded. dt_out:1075 is bigger than timepoint: 200
Timepoint not recorded. dt_out:1075 is bigger than timepoint: 200
Timepoint not recorded. dt_out:1075 is bigger than timepoint: 200
Timepoint not recorded. dt_out:1050 is bigger than timepoint: 200
Timepoint not recorded. dt_out:200050 is bigger than timepoint: 200
Timepoint not recorded. dt_out:200050 is bigger than timepoint: 200
Timepoint not recorded. dt_out:200050 is bigger than timepoint: 200
Timepoint not recorded. dt_out:1050 is bigger than timepoint: 200
Timepoint not recorded. dt_out:200075 is bigger than timepoint: 200
Timepoint not recorded. dt_out:1050 is bigger than timepoint: 200
Timepoint not recorded. dt_out:200025 is bigger than timepoint: 200
Timepoint not recorded. dt_out:1025 is bigger than timepoint: 200
Timepoint not recorded. dt_out:1025 is bigger than timepoint: 200
Timepoint not recorded. dt_out:200075 is bigger than timepoint: 200
Timepoint not recorded. dt_out:200050 is bigger than timepoint: 200
Timepoint not recorded. dt_out:1025 is bigger than timepoint: 200
Timepoint not recorded. dt_out:1075 is bigger than timepoint: 200
Timepoint not recorded. dt_out:1025 is bigger than timepoint: 200
Timepoint not recorded. dt_out:200075 is bigger than timepoint: 200
Timepoint not recorded. dt_out:200075 is bigger than timepoint: 200
Timepoint not recorded. dt_out:200075 is bigger than timepoint: 200
Timepoint not recorded. dt_out:1075 is bigger than timepoint: 200
Timepoint not recorded. dt_out:200025 is bigger than timepoint: 200
Timepoint not recorded. dt_out:1075 is bigger than timepoint: 200
Timepoint not recorded. dt_out:200025 is bigger than timepoint: 200
Timepoint not recorded. dt_out:200075 is bigger than timepoint: 200
Timepoint not recorded. dt_out:200050 is bigger than timepoint: 200
Timepoint not recorded. dt_out:1075 is bigger than timepoint: 200
Timepoint not recorded. dt_out:1025 is bigger than timepoint: 200
Timepoint not recorded. dt_out:1075 is bigger than timepoint: 200
Timepoint not recorded. dt_out:1075 is bigger than timepoint: 200
Timepoint not recorded. dt_out:1050 is bigger than timepoint: 200
Timepoint not recorded. dt_out:1050 is bigger than timepoint: 200
Timepoint not recorded. dt_out:1075 is bigger than timepoint: 200
Timepoint not recorded. dt_out:200050 is bigger than timepoint: 200
Timepoint not recorded. dt_out:1025 is bigger than timepoint: 200
Timepoint not recorded. dt_out:2075 is bigger than timepoint: 200
Timepoint not recorded. dt_out:1050 is bigger than timepoint: 200
Timepoint not recorded. dt_out:200025 is bigger than timepoint: 200
Timepoint not recorded. dt_out:1050 is bigger than timepoint: 200
Timepoint not recorded. dt_out:2025 is bigger than timepoint: 200
Timepoint not recorded. dt_out:200050 is bigger than timepoint: 200
Timepoint not recorded. dt_out:2025 is bigger than timepoint: 200
Timepoint not recorded. dt_out:2050 is bigger than timepoint: 200
Timepoint not recorded. dt_out:200025 is bigger than timepoint: 200
Timepoint not recorded. dt_out:200075 is bigger than timepoint: 200
Timepoint not recorded. dt_out:200025 is bigger than timepoint: 200
Timepoint not recorded. dt_out:1050 is bigger than timepoint: 200
Timepoint not recorded. dt_out:200075 is bigger than timepoint: 200
Timepoint not recorded. dt_out:200075 is bigger than timepoint: 200
Timepoint not recorded. dt_out:200075 is bigger than timepoint: 200
Timepoint not recorded. dt_out:2050 is bigger than timepoint: 200
Timepoint not recorded. dt_out:1075 is bigger than timepoint: 200
Timepoint not recorded. dt_out:200025 is bigger than timepoint: 200
Timepoint not recorded. dt_out:1075 is bigger than timepoint: 200
Timepoint not recorded. dt_out:1025 is bigger than timepoint: 200
Timepoint not recorded. dt_out:1025 is bigger than timepoint: 200
Timepoint not recorded. dt_out:1050 is bigger than timepoint: 200
Timepoint not recorded. dt_out:1025 is bigger than timepoint: 200
Timepoint not recorded. dt_out:200050 is bigger than timepoint: 200
Timepoint not recorded. dt_out:200050 is bigger than timepoint: 200
Timepoint not recorded. dt_out:1075 is bigger than timepoint: 200
Timepoint not recorded. dt_out:1025 is bigger than timepoint: 200
Timepoint not recorded. dt_out:2050 is bigger than timepoint: 200
Timepoint not recorded. dt_out:2025 is bigger than timepoint: 200
Timepoint not recorded. dt_out:200050 is bigger than timepoint: 200
Timepoint not recorded. dt_out:1050 is bigger than timepoint: 200
Timepoint not recorded. dt_out:200075 is bigger than timepoint: 200
Timepoint not recorded. dt_out:2025 is bigger than timepoint: 200
Timepoint not recorded. dt_out:2050 is bigger than timepoint: 200
Timepoint not recorded. dt_out:2075 is bigger than timepoint: 200
Timepoint not recorded. dt_out:200025 is bigger than timepoint: 200
Timepoint not recorded. dt_out:200025 is bigger than timepoint: 200
Timepoint not recorded. dt_out:1025 is bigger than timepoint: 200
Timepoint not recorded. dt_out:2050 is bigger than timepoint: 200
Timepoint not recorded. dt_out:200075 is bigger than timepoint: 200
Timepoint not recorded. dt_out:1075 is bigger than timepoint: 200
Timepoint not recorded. dt_out:1075 is bigger than timepoint: 200
Timepoint not recorded. dt_out:200025 is bigger than timepoint: 200
Timepoint not recorded. dt_out:2075 is bigger than timepoint: 200
Timepoint not recorded. dt_out:200050 is bigger than timepoint: 200
Timepoint not recorded. dt_out:200050 is bigger than timepoint: 200
Timepoint not recorded. dt_out:2075 is bigger than timepoint: 200
Timepoint not recorded. dt_out:2025 is bigger than timepoint: 200
Timepoint not recorded. dt_out:2075 is bigger than timepoint: 200
Timepoint not recorded. dt_out:1025 is bigger than timepoint: 200
Timepoint not recorded. dt_out:1025 is bigger than timepoint: 200
Timepoint not recorded. dt_out:200050 is bigger than timepoint: 200
Timepoint not recorded. dt_out:2075 is bigger than timepoint: 200
Timepoint not recorded. dt_out:2025 is bigger than timepoint: 200
Timepoint not recorded. dt_out:1025 is bigger than timepoint: 200
Timepoint not recorded. dt_out:200075 is bigger than timepoint: 200
Timepoint not recorded. dt_out:2050 is bigger than timepoint: 200
Timepoint not recorded. dt_out:2050 is bigger than timepoint: 200
Timepoint not recorded. dt_out:1075 is bigger than timepoint: 200
Timepoint not recorded. dt_out:200050 is bigger than timepoint: 200
Timepoint not recorded. dt_out:2050 is bigger than timepoint: 200
Timepoint not recorded. dt_out:200025 is bigger than timepoint: 200
Timepoint not recorded. dt_out:2075 is bigger than timepoint: 200
Timepoint not recorded. dt_out:2025 is bigger than timepoint: 200
Timepoint not recorded. dt_out:1050 is bigger than timepoint: 200
Timepoint not recorded. dt_out:200075 is bigger than timepoint: 200
Timepoint not recorded. dt_out:2025 is bigger than timepoint: 200
Timepoint not recorded. dt_out:1050 is bigger than timepoint: 200
Timepoint not recorded. dt_out:2075 is bigger than timepoint: 200
Timepoint not recorded. dt_out:1075 is bigger than timepoint: 200
Timepoint not recorded. dt_out:1075 is bigger than timepoint: 200
Timepoint not recorded. dt_out:1050 is bigger than timepoint: 200
240
Timepoint not recorded. dt_out:200025 is bigger than timepoint: 240
Timepoint not recorded. dt_out:200025 is bigger than timepoint: 240
Timepoint not recorded. dt_out:200025 is bigger than timepoint: 240
Timepoint not recorded. dt_out:200025 is bigger than timepoint: 240
Timepoint not recorded. dt_out:200050 is bigger than timepoint: 240
Timepoint not recorded. dt_out:200025 is bigger than timepoint: 240
Timepoint not recorded. dt_out:200050 is bigger than timepoint: 240
Timepoint not recorded. dt_out:200075 is bigger than timepoint: 240
Timepoint not recorded. dt_out:200075 is bigger than timepoint: 240
Timepoint not recorded. dt_out:1050 is bigger than timepoint: 240
Timepoint not recorded. dt_out:200075 is bigger than timepoint: 240
Timepoint not recorded. dt_out:1075 is bigger than timepoint: 240
Timepoint not recorded. dt_out:1050 is bigger than timepoint: 240
Timepoint not recorded. dt_out:1050 is bigger than timepoint: 240
Timepoint not recorded. dt_out:1075 is bigger than timepoint: 240
Timepoint not recorded. dt_out:1025 is bigger than timepoint: 240
Timepoint not recorded. dt_out:1075 is bigger than timepoint: 240
Timepoint not recorded. dt_out:1050 is bigger than timepoint: 240
Timepoint not recorded. dt_out:1025 is bigger than timepoint: 240
Timepoint not recorded. dt_out:200025 is bigger than timepoint: 240
Timepoint not recorded. dt_out:200050 is bigger than timepoint: 240
Timepoint not recorded. dt_out:200025 is bigger than timepoint: 240
Timepoint not recorded. dt_out:1050 is bigger than timepoint: 240
Timepoint not recorded. dt_out:200050 is bigger than timepoint: 240
Timepoint not recorded. dt_out:200075 is bigger than timepoint: 240
Timepoint not recorded. dt_out:1025 is bigger than timepoint: 240
Timepoint not recorded. dt_out:200025 is bigger than timepoint: 240
Timepoint not recorded. dt_out:200075 is bigger than timepoint: 240
Timepoint not recorded. dt_out:1050 is bigger than timepoint: 240
Timepoint not recorded. dt_out:200075 is bigger than timepoint: 240
Timepoint not recorded. dt_out:200025 is bigger than timepoint: 240
Timepoint not recorded. dt_out:200075 is bigger than timepoint: 240
Timepoint not recorded. dt_out:200025 is bigger than timepoint: 240
Timepoint not recorded. dt_out:1025 is bigger than timepoint: 240
Timepoint not recorded. dt_out:1050 is bigger than timepoint: 240
Timepoint not recorded. dt_out:200075 is bigger than timepoint: 240
Timepoint not recorded. dt_out:200025 is bigger than timepoint: 240
Timepoint not recorded. dt_out:1075 is bigger than timepoint: 240
Timepoint not recorded. dt_out:200050 is bigger than timepoint: 240
Timepoint not recorded. dt_out:200075 is bigger than timepoint: 240
Timepoint not recorded. dt_out:200050 is bigger than timepoint: 240
Timepoint not recorded. dt_out:1025 is bigger than timepoint: 240
Timepoint not recorded. dt_out:200075 is bigger than timepoint: 240
Timepoint not recorded. dt_out:1075 is bigger than timepoint: 240
Timepoint not recorded. dt_out:200025 is bigger than timepoint: 240
Timepoint not recorded. dt_out:1050 is bigger than timepoint: 240
Timepoint not recorded. dt_out:200050 is bigger than timepoint: 240
Timepoint not recorded. dt_out:200050 is bigger than timepoint: 240
Timepoint not recorded. dt_out:1050 is bigger than timepoint: 240
Timepoint not recorded. dt_out:200050 is bigger than timepoint: 240
Timepoint not recorded. dt_out:200050 is bigger than timepoint: 240
Timepoint not recorded. dt_out:1025 is bigger than timepoint: 240
Timepoint not recorded. dt_out:1050 is bigger than timepoint: 240
Timepoint not recorded. dt_out:1050 is bigger than timepoint: 240
Timepoint not recorded. dt_out:1025 is bigger than timepoint: 240
Timepoint not recorded. dt_out:1075 is bigger than timepoint: 240
Timepoint not recorded. dt_out:1025 is bigger than timepoint: 240
Timepoint not recorded. dt_out:1025 is bigger than timepoint: 240
Timepoint not recorded. dt_out:1025 is bigger than timepoint: 240
Timepoint not recorded. dt_out:200025 is bigger than timepoint: 240
Timepoint not recorded. dt_out:1075 is bigger than timepoint: 240
Timepoint not recorded. dt_out:1075 is bigger than timepoint: 240
Timepoint not recorded. dt_out:1075 is bigger than timepoint: 240
Timepoint not recorded. dt_out:1050 is bigger than timepoint: 240
Timepoint not recorded. dt_out:200050 is bigger than timepoint: 240
Timepoint not recorded. dt_out:200050 is bigger than timepoint: 240
Timepoint not recorded. dt_out:200050 is bigger than timepoint: 240
Timepoint not recorded. dt_out:1050 is bigger than timepoint: 240
Timepoint not recorded. dt_out:200075 is bigger than timepoint: 240
Timepoint not recorded. dt_out:1050 is bigger than timepoint: 240
Timepoint not recorded. dt_out:200025 is bigger than timepoint: 240
Timepoint not recorded. dt_out:1025 is bigger than timepoint: 240
Timepoint not recorded. dt_out:1025 is bigger than timepoint: 240
Timepoint not recorded. dt_out:200075 is bigger than timepoint: 240
Timepoint not recorded. dt_out:200050 is bigger than timepoint: 240
Timepoint not recorded. dt_out:1025 is bigger than timepoint: 240
Timepoint not recorded. dt_out:1075 is bigger than timepoint: 240
Timepoint not recorded. dt_out:1025 is bigger than timepoint: 240
Timepoint not recorded. dt_out:200075 is bigger than timepoint: 240
Timepoint not recorded. dt_out:200075 is bigger than timepoint: 240
Timepoint not recorded. dt_out:200075 is bigger than timepoint: 240
Timepoint not recorded. dt_out:1075 is bigger than timepoint: 240
Timepoint not recorded. dt_out:200025 is bigger than timepoint: 240
Timepoint not recorded. dt_out:1075 is bigger than timepoint: 240
Timepoint not recorded. dt_out:200025 is bigger than timepoint: 240
Timepoint not recorded. dt_out:200075 is bigger than timepoint: 240
Timepoint not recorded. dt_out:200050 is bigger than timepoint: 240
Timepoint not recorded. dt_out:1075 is bigger than timepoint: 240
Timepoint not recorded. dt_out:1025 is bigger than timepoint: 240
Timepoint not recorded. dt_out:1075 is bigger than timepoint: 240
Timepoint not recorded. dt_out:1075 is bigger than timepoint: 240
Timepoint not recorded. dt_out:1050 is bigger than timepoint: 240
Timepoint not recorded. dt_out:1050 is bigger than timepoint: 240
Timepoint not recorded. dt_out:1075 is bigger than timepoint: 240
Timepoint not recorded. dt_out:200050 is bigger than timepoint: 240
Timepoint not recorded. dt_out:1025 is bigger than timepoint: 240
Timepoint not recorded. dt_out:2075 is bigger than timepoint: 240
Timepoint not recorded. dt_out:1050 is bigger than timepoint: 240
Timepoint not recorded. dt_out:200025 is bigger than timepoint: 240
Timepoint not recorded. dt_out:1050 is bigger than timepoint: 240
Timepoint not recorded. dt_out:2025 is bigger than timepoint: 240
Timepoint not recorded. dt_out:200050 is bigger than timepoint: 240
Timepoint not recorded. dt_out:2025 is bigger than timepoint: 240
Timepoint not recorded. dt_out:2050 is bigger than timepoint: 240
Timepoint not recorded. dt_out:200025 is bigger than timepoint: 240
Timepoint not recorded. dt_out:200075 is bigger than timepoint: 240
Timepoint not recorded. dt_out:200025 is bigger than timepoint: 240
Timepoint not recorded. dt_out:1050 is bigger than timepoint: 240
Timepoint not recorded. dt_out:200075 is bigger than timepoint: 240
Timepoint not recorded. dt_out:200075 is bigger than timepoint: 240
Timepoint not recorded. dt_out:200075 is bigger than timepoint: 240
Timepoint not recorded. dt_out:2050 is bigger than timepoint: 240
Timepoint not recorded. dt_out:1075 is bigger than timepoint: 240
Timepoint not recorded. dt_out:200025 is bigger than timepoint: 240
Timepoint not recorded. dt_out:1075 is bigger than timepoint: 240
Timepoint not recorded. dt_out:1025 is bigger than timepoint: 240
Timepoint not recorded. dt_out:1025 is bigger than timepoint: 240
Timepoint not recorded. dt_out:1050 is bigger than timepoint: 240
Timepoint not recorded. dt_out:1025 is bigger than timepoint: 240
Timepoint not recorded. dt_out:200050 is bigger than timepoint: 240
Timepoint not recorded. dt_out:200050 is bigger than timepoint: 240
Timepoint not recorded. dt_out:1075 is bigger than timepoint: 240
Timepoint not recorded. dt_out:1025 is bigger than timepoint: 240
Timepoint not recorded. dt_out:2050 is bigger than timepoint: 240
Timepoint not recorded. dt_out:2025 is bigger than timepoint: 240
Timepoint not recorded. dt_out:200050 is bigger than timepoint: 240
Timepoint not recorded. dt_out:1050 is bigger than timepoint: 240
Timepoint not recorded. dt_out:200075 is bigger than timepoint: 240
Timepoint not recorded. dt_out:2025 is bigger than timepoint: 240
Timepoint not recorded. dt_out:2050 is bigger than timepoint: 240
Timepoint not recorded. dt_out:2075 is bigger than timepoint: 240
Timepoint not recorded. dt_out:200025 is bigger than timepoint: 240
Timepoint not recorded. dt_out:200025 is bigger than timepoint: 240
Timepoint not recorded. dt_out:1025 is bigger than timepoint: 240
Timepoint not recorded. dt_out:2050 is bigger than timepoint: 240
Timepoint not recorded. dt_out:200075 is bigger than timepoint: 240
Timepoint not recorded. dt_out:1075 is bigger than timepoint: 240
Timepoint not recorded. dt_out:1075 is bigger than timepoint: 240
Timepoint not recorded. dt_out:200025 is bigger than timepoint: 240
Timepoint not recorded. dt_out:2075 is bigger than timepoint: 240
Timepoint not recorded. dt_out:200050 is bigger than timepoint: 240
Timepoint not recorded. dt_out:200050 is bigger than timepoint: 240
Timepoint not recorded. dt_out:2075 is bigger than timepoint: 240
Timepoint not recorded. dt_out:2025 is bigger than timepoint: 240
Timepoint not recorded. dt_out:2075 is bigger than timepoint: 240
Timepoint not recorded. dt_out:1025 is bigger than timepoint: 240
Timepoint not recorded. dt_out:1025 is bigger than timepoint: 240
Timepoint not recorded. dt_out:200050 is bigger than timepoint: 240
Timepoint not recorded. dt_out:2075 is bigger than timepoint: 240
Timepoint not recorded. dt_out:2025 is bigger than timepoint: 240
Timepoint not recorded. dt_out:1025 is bigger than timepoint: 240
Timepoint not recorded. dt_out:200075 is bigger than timepoint: 240
Timepoint not recorded. dt_out:2050 is bigger than timepoint: 240
Timepoint not recorded. dt_out:2050 is bigger than timepoint: 240
Timepoint not recorded. dt_out:1075 is bigger than timepoint: 240
Timepoint not recorded. dt_out:200050 is bigger than timepoint: 240
Timepoint not recorded. dt_out:2050 is bigger than timepoint: 240
Timepoint not recorded. dt_out:200025 is bigger than timepoint: 240
Timepoint not recorded. dt_out:2075 is bigger than timepoint: 240
Timepoint not recorded. dt_out:2025 is bigger than timepoint: 240
Timepoint not recorded. dt_out:1050 is bigger than timepoint: 240
Timepoint not recorded. dt_out:200075 is bigger than timepoint: 240
Timepoint not recorded. dt_out:2025 is bigger than timepoint: 240
Timepoint not recorded. dt_out:1050 is bigger than timepoint: 240
Timepoint not recorded. dt_out:2075 is bigger than timepoint: 240
Timepoint not recorded. dt_out:1075 is bigger than timepoint: 240
Timepoint not recorded. dt_out:1075 is bigger than timepoint: 240
Timepoint not recorded. dt_out:1050 is bigger than timepoint: 240
280
Timepoint not recorded. dt_out:200025 is bigger than timepoint: 280
Timepoint not recorded. dt_out:200025 is bigger than timepoint: 280
Timepoint not recorded. dt_out:200025 is bigger than timepoint: 280
Timepoint not recorded. dt_out:200025 is bigger than timepoint: 280
Timepoint not recorded. dt_out:200050 is bigger than timepoint: 280
Timepoint not recorded. dt_out:200025 is bigger than timepoint: 280
Timepoint not recorded. dt_out:200050 is bigger than timepoint: 280
Timepoint not recorded. dt_out:200075 is bigger than timepoint: 280
Timepoint not recorded. dt_out:200075 is bigger than timepoint: 280
Timepoint not recorded. dt_out:1050 is bigger than timepoint: 280
Timepoint not recorded. dt_out:200075 is bigger than timepoint: 280
Timepoint not recorded. dt_out:1075 is bigger than timepoint: 280
Timepoint not recorded. dt_out:1050 is bigger than timepoint: 280
Timepoint not recorded. dt_out:1050 is bigger than timepoint: 280
Timepoint not recorded. dt_out:1075 is bigger than timepoint: 280
Timepoint not recorded. dt_out:1025 is bigger than timepoint: 280
Timepoint not recorded. dt_out:1075 is bigger than timepoint: 280
Timepoint not recorded. dt_out:1050 is bigger than timepoint: 280
Timepoint not recorded. dt_out:1025 is bigger than timepoint: 280
Timepoint not recorded. dt_out:200025 is bigger than timepoint: 280
Timepoint not recorded. dt_out:200050 is bigger than timepoint: 280
Timepoint not recorded. dt_out:200025 is bigger than timepoint: 280
Timepoint not recorded. dt_out:1050 is bigger than timepoint: 280
Timepoint not recorded. dt_out:200050 is bigger than timepoint: 280
Timepoint not recorded. dt_out:200075 is bigger than timepoint: 280
Timepoint not recorded. dt_out:1025 is bigger than timepoint: 280
Timepoint not recorded. dt_out:200025 is bigger than timepoint: 280
Timepoint not recorded. dt_out:200075 is bigger than timepoint: 280
Timepoint not recorded. dt_out:1050 is bigger than timepoint: 280
Timepoint not recorded. dt_out:200075 is bigger than timepoint: 280
Timepoint not recorded. dt_out:200025 is bigger than timepoint: 280
Timepoint not recorded. dt_out:200075 is bigger than timepoint: 280
Timepoint not recorded. dt_out:200025 is bigger than timepoint: 280
Timepoint not recorded. dt_out:1025 is bigger than timepoint: 280
Timepoint not recorded. dt_out:1050 is bigger than timepoint: 280
Timepoint not recorded. dt_out:200075 is bigger than timepoint: 280
Timepoint not recorded. dt_out:200025 is bigger than timepoint: 280
Timepoint not recorded. dt_out:1075 is bigger than timepoint: 280
Timepoint not recorded. dt_out:200050 is bigger than timepoint: 280
Timepoint not recorded. dt_out:200075 is bigger than timepoint: 280
Timepoint not recorded. dt_out:200050 is bigger than timepoint: 280
Timepoint not recorded. dt_out:1025 is bigger than timepoint: 280
Timepoint not recorded. dt_out:200075 is bigger than timepoint: 280
Timepoint not recorded. dt_out:1075 is bigger than timepoint: 280
Timepoint not recorded. dt_out:200025 is bigger than timepoint: 280
Timepoint not recorded. dt_out:1050 is bigger than timepoint: 280
Timepoint not recorded. dt_out:200050 is bigger than timepoint: 280
Timepoint not recorded. dt_out:200050 is bigger than timepoint: 280
Timepoint not recorded. dt_out:1050 is bigger than timepoint: 280
Timepoint not recorded. dt_out:200050 is bigger than timepoint: 280
Timepoint not recorded. dt_out:200050 is bigger than timepoint: 280
Timepoint not recorded. dt_out:1025 is bigger than timepoint: 280
Timepoint not recorded. dt_out:1050 is bigger than timepoint: 280
Timepoint not recorded. dt_out:1050 is bigger than timepoint: 280
Timepoint not recorded. dt_out:1025 is bigger than timepoint: 280
Timepoint not recorded. dt_out:1075 is bigger than timepoint: 280
Timepoint not recorded. dt_out:1025 is bigger than timepoint: 280
Timepoint not recorded. dt_out:1025 is bigger than timepoint: 280
Timepoint not recorded. dt_out:1025 is bigger than timepoint: 280
Timepoint not recorded. dt_out:200025 is bigger than timepoint: 280
Timepoint not recorded. dt_out:1075 is bigger than timepoint: 280
Timepoint not recorded. dt_out:1075 is bigger than timepoint: 280
Timepoint not recorded. dt_out:1075 is bigger than timepoint: 280
Timepoint not recorded. dt_out:1050 is bigger than timepoint: 280
Timepoint not recorded. dt_out:200050 is bigger than timepoint: 280
Timepoint not recorded. dt_out:200050 is bigger than timepoint: 280
Timepoint not recorded. dt_out:200050 is bigger than timepoint: 280
Timepoint not recorded. dt_out:1050 is bigger than timepoint: 280
Timepoint not recorded. dt_out:200075 is bigger than timepoint: 280
Timepoint not recorded. dt_out:1050 is bigger than timepoint: 280
Timepoint not recorded. dt_out:200025 is bigger than timepoint: 280
Timepoint not recorded. dt_out:1025 is bigger than timepoint: 280
Timepoint not recorded. dt_out:1025 is bigger than timepoint: 280
Timepoint not recorded. dt_out:200075 is bigger than timepoint: 280
Timepoint not recorded. dt_out:200050 is bigger than timepoint: 280
Timepoint not recorded. dt_out:1025 is bigger than timepoint: 280
Timepoint not recorded. dt_out:1075 is bigger than timepoint: 280
Timepoint not recorded. dt_out:1025 is bigger than timepoint: 280
Timepoint not recorded. dt_out:200075 is bigger than timepoint: 280
Timepoint not recorded. dt_out:200075 is bigger than timepoint: 280
Timepoint not recorded. dt_out:200075 is bigger than timepoint: 280
Timepoint not recorded. dt_out:1075 is bigger than timepoint: 280
Timepoint not recorded. dt_out:200025 is bigger than timepoint: 280
Timepoint not recorded. dt_out:1075 is bigger than timepoint: 280
Timepoint not recorded. dt_out:200025 is bigger than timepoint: 280
Timepoint not recorded. dt_out:200075 is bigger than timepoint: 280
Timepoint not recorded. dt_out:200050 is bigger than timepoint: 280
Timepoint not recorded. dt_out:1075 is bigger than timepoint: 280
Timepoint not recorded. dt_out:1025 is bigger than timepoint: 280
Timepoint not recorded. dt_out:1075 is bigger than timepoint: 280
Timepoint not recorded. dt_out:1075 is bigger than timepoint: 280
Timepoint not recorded. dt_out:1050 is bigger than timepoint: 280
Timepoint not recorded. dt_out:1050 is bigger than timepoint: 280
Timepoint not recorded. dt_out:1075 is bigger than timepoint: 280
Timepoint not recorded. dt_out:200050 is bigger than timepoint: 280
Timepoint not recorded. dt_out:1025 is bigger than timepoint: 280
Timepoint not recorded. dt_out:2075 is bigger than timepoint: 280
Timepoint not recorded. dt_out:1050 is bigger than timepoint: 280
Timepoint not recorded. dt_out:200025 is bigger than timepoint: 280
Timepoint not recorded. dt_out:1050 is bigger than timepoint: 280
Timepoint not recorded. dt_out:2025 is bigger than timepoint: 280
Timepoint not recorded. dt_out:200050 is bigger than timepoint: 280
Timepoint not recorded. dt_out:2025 is bigger than timepoint: 280
Timepoint not recorded. dt_out:2050 is bigger than timepoint: 280
Timepoint not recorded. dt_out:200025 is bigger than timepoint: 280
Timepoint not recorded. dt_out:200075 is bigger than timepoint: 280
Timepoint not recorded. dt_out:200025 is bigger than timepoint: 280
Timepoint not recorded. dt_out:1050 is bigger than timepoint: 280
Timepoint not recorded. dt_out:200075 is bigger than timepoint: 280
Timepoint not recorded. dt_out:200075 is bigger than timepoint: 280
Timepoint not recorded. dt_out:200075 is bigger than timepoint: 280
Timepoint not recorded. dt_out:2050 is bigger than timepoint: 280
Timepoint not recorded. dt_out:1075 is bigger than timepoint: 280
Timepoint not recorded. dt_out:200025 is bigger than timepoint: 280
Timepoint not recorded. dt_out:1075 is bigger than timepoint: 280
Timepoint not recorded. dt_out:1025 is bigger than timepoint: 280
Timepoint not recorded. dt_out:1025 is bigger than timepoint: 280
Timepoint not recorded. dt_out:1050 is bigger than timepoint: 280
Timepoint not recorded. dt_out:1025 is bigger than timepoint: 280
Timepoint not recorded. dt_out:200050 is bigger than timepoint: 280
Timepoint not recorded. dt_out:200050 is bigger than timepoint: 280
Timepoint not recorded. dt_out:1075 is bigger than timepoint: 280
Timepoint not recorded. dt_out:1025 is bigger than timepoint: 280
Timepoint not recorded. dt_out:2050 is bigger than timepoint: 280
Timepoint not recorded. dt_out:2025 is bigger than timepoint: 280
Timepoint not recorded. dt_out:200050 is bigger than timepoint: 280
Timepoint not recorded. dt_out:1050 is bigger than timepoint: 280
Timepoint not recorded. dt_out:200075 is bigger than timepoint: 280
Timepoint not recorded. dt_out:2025 is bigger than timepoint: 280
Timepoint not recorded. dt_out:2050 is bigger than timepoint: 280
Timepoint not recorded. dt_out:2075 is bigger than timepoint: 280
Timepoint not recorded. dt_out:200025 is bigger than timepoint: 280
Timepoint not recorded. dt_out:200025 is bigger than timepoint: 280
Timepoint not recorded. dt_out:1025 is bigger than timepoint: 280
Timepoint not recorded. dt_out:2050 is bigger than timepoint: 280
Timepoint not recorded. dt_out:200075 is bigger than timepoint: 280
Timepoint not recorded. dt_out:1075 is bigger than timepoint: 280
Timepoint not recorded. dt_out:1075 is bigger than timepoint: 280
Timepoint not recorded. dt_out:200025 is bigger than timepoint: 280
Timepoint not recorded. dt_out:2075 is bigger than timepoint: 280
Timepoint not recorded. dt_out:200050 is bigger than timepoint: 280
Timepoint not recorded. dt_out:200050 is bigger than timepoint: 280
Timepoint not recorded. dt_out:2075 is bigger than timepoint: 280
Timepoint not recorded. dt_out:2025 is bigger than timepoint: 280
Timepoint not recorded. dt_out:2075 is bigger than timepoint: 280
Timepoint not recorded. dt_out:1025 is bigger than timepoint: 280
Timepoint not recorded. dt_out:1025 is bigger than timepoint: 280
Timepoint not recorded. dt_out:200050 is bigger than timepoint: 280
Timepoint not recorded. dt_out:2075 is bigger than timepoint: 280
Timepoint not recorded. dt_out:2025 is bigger than timepoint: 280
Timepoint not recorded. dt_out:1025 is bigger than timepoint: 280
Timepoint not recorded. dt_out:200075 is bigger than timepoint: 280
Timepoint not recorded. dt_out:2050 is bigger than timepoint: 280
Timepoint not recorded. dt_out:2050 is bigger than timepoint: 280
Timepoint not recorded. dt_out:1075 is bigger than timepoint: 280
Timepoint not recorded. dt_out:200050 is bigger than timepoint: 280
Timepoint not recorded. dt_out:2050 is bigger than timepoint: 280
Timepoint not recorded. dt_out:200025 is bigger than timepoint: 280
Timepoint not recorded. dt_out:2075 is bigger than timepoint: 280
Timepoint not recorded. dt_out:2025 is bigger than timepoint: 280
Timepoint not recorded. dt_out:1050 is bigger than timepoint: 280
Timepoint not recorded. dt_out:200075 is bigger than timepoint: 280
Timepoint not recorded. dt_out:2025 is bigger than timepoint: 280
Timepoint not recorded. dt_out:1050 is bigger than timepoint: 280
Timepoint not recorded. dt_out:2075 is bigger than timepoint: 280
Timepoint not recorded. dt_out:1075 is bigger than timepoint: 280
Timepoint not recorded. dt_out:1075 is bigger than timepoint: 280
Timepoint not recorded. dt_out:1050 is bigger than timepoint: 280
320
Timepoint not recorded. dt_out:200025 is bigger than timepoint: 320
Timepoint not recorded. dt_out:200025 is bigger than timepoint: 320
Timepoint not recorded. dt_out:200025 is bigger than timepoint: 320
Timepoint not recorded. dt_out:200025 is bigger than timepoint: 320
Timepoint not recorded. dt_out:200050 is bigger than timepoint: 320
Timepoint not recorded. dt_out:200025 is bigger than timepoint: 320
Timepoint not recorded. dt_out:200050 is bigger than timepoint: 320
Timepoint not recorded. dt_out:200075 is bigger than timepoint: 320
Timepoint not recorded. dt_out:200075 is bigger than timepoint: 320
Timepoint not recorded. dt_out:1050 is bigger than timepoint: 320
Timepoint not recorded. dt_out:200075 is bigger than timepoint: 320
Timepoint not recorded. dt_out:1075 is bigger than timepoint: 320
Timepoint not recorded. dt_out:1050 is bigger than timepoint: 320
Timepoint not recorded. dt_out:1050 is bigger than timepoint: 320
Timepoint not recorded. dt_out:1075 is bigger than timepoint: 320
Timepoint not recorded. dt_out:1025 is bigger than timepoint: 320
Timepoint not recorded. dt_out:1075 is bigger than timepoint: 320
Timepoint not recorded. dt_out:1050 is bigger than timepoint: 320
Timepoint not recorded. dt_out:1025 is bigger than timepoint: 320
Timepoint not recorded. dt_out:200025 is bigger than timepoint: 320
Timepoint not recorded. dt_out:200050 is bigger than timepoint: 320
Timepoint not recorded. dt_out:200025 is bigger than timepoint: 320
Timepoint not recorded. dt_out:1050 is bigger than timepoint: 320
Timepoint not recorded. dt_out:200050 is bigger than timepoint: 320
Timepoint not recorded. dt_out:200075 is bigger than timepoint: 320
Timepoint not recorded. dt_out:1025 is bigger than timepoint: 320
Timepoint not recorded. dt_out:200025 is bigger than timepoint: 320
Timepoint not recorded. dt_out:200075 is bigger than timepoint: 320
Timepoint not recorded. dt_out:1050 is bigger than timepoint: 320
Timepoint not recorded. dt_out:200075 is bigger than timepoint: 320
Timepoint not recorded. dt_out:200025 is bigger than timepoint: 320
Timepoint not recorded. dt_out:200075 is bigger than timepoint: 320
Timepoint not recorded. dt_out:200025 is bigger than timepoint: 320
Timepoint not recorded. dt_out:1025 is bigger than timepoint: 320
Timepoint not recorded. dt_out:1050 is bigger than timepoint: 320
Timepoint not recorded. dt_out:200075 is bigger than timepoint: 320
Timepoint not recorded. dt_out:200025 is bigger than timepoint: 320
Timepoint not recorded. dt_out:1075 is bigger than timepoint: 320
Timepoint not recorded. dt_out:200050 is bigger than timepoint: 320
Timepoint not recorded. dt_out:200075 is bigger than timepoint: 320
Timepoint not recorded. dt_out:200050 is bigger than timepoint: 320
Timepoint not recorded. dt_out:1025 is bigger than timepoint: 320
Timepoint not recorded. dt_out:200075 is bigger than timepoint: 320
Timepoint not recorded. dt_out:1075 is bigger than timepoint: 320
Timepoint not recorded. dt_out:200025 is bigger than timepoint: 320
Timepoint not recorded. dt_out:1050 is bigger than timepoint: 320
Timepoint not recorded. dt_out:200050 is bigger than timepoint: 320
Timepoint not recorded. dt_out:200050 is bigger than timepoint: 320
Timepoint not recorded. dt_out:1050 is bigger than timepoint: 320
Timepoint not recorded. dt_out:200050 is bigger than timepoint: 320
Timepoint not recorded. dt_out:200050 is bigger than timepoint: 320
Timepoint not recorded. dt_out:1025 is bigger than timepoint: 320
Timepoint not recorded. dt_out:1050 is bigger than timepoint: 320
Timepoint not recorded. dt_out:1050 is bigger than timepoint: 320
Timepoint not recorded. dt_out:1025 is bigger than timepoint: 320
Timepoint not recorded. dt_out:1075 is bigger than timepoint: 320
Timepoint not recorded. dt_out:1025 is bigger than timepoint: 320
Timepoint not recorded. dt_out:1025 is bigger than timepoint: 320
Timepoint not recorded. dt_out:1025 is bigger than timepoint: 320
Timepoint not recorded. dt_out:200025 is bigger than timepoint: 320
Timepoint not recorded. dt_out:1075 is bigger than timepoint: 320
Timepoint not recorded. dt_out:1075 is bigger than timepoint: 320
Timepoint not recorded. dt_out:1075 is bigger than timepoint: 320
Timepoint not recorded. dt_out:1050 is bigger than timepoint: 320
Timepoint not recorded. dt_out:200050 is bigger than timepoint: 320
Timepoint not recorded. dt_out:200050 is bigger than timepoint: 320
Timepoint not recorded. dt_out:200050 is bigger than timepoint: 320
Timepoint not recorded. dt_out:1050 is bigger than timepoint: 320
Timepoint not recorded. dt_out:200075 is bigger than timepoint: 320
Timepoint not recorded. dt_out:1050 is bigger than timepoint: 320
Timepoint not recorded. dt_out:200025 is bigger than timepoint: 320
Timepoint not recorded. dt_out:1025 is bigger than timepoint: 320
Timepoint not recorded. dt_out:1025 is bigger than timepoint: 320
Timepoint not recorded. dt_out:200075 is bigger than timepoint: 320
Timepoint not recorded. dt_out:200050 is bigger than timepoint: 320
Timepoint not recorded. dt_out:1025 is bigger than timepoint: 320
Timepoint not recorded. dt_out:1075 is bigger than timepoint: 320
Timepoint not recorded. dt_out:1025 is bigger than timepoint: 320
Timepoint not recorded. dt_out:200075 is bigger than timepoint: 320
Timepoint not recorded. dt_out:200075 is bigger than timepoint: 320
Timepoint not recorded. dt_out:200075 is bigger than timepoint: 320
Timepoint not recorded. dt_out:1075 is bigger than timepoint: 320
Timepoint not recorded. dt_out:200025 is bigger than timepoint: 320
Timepoint not recorded. dt_out:1075 is bigger than timepoint: 320
Timepoint not recorded. dt_out:200025 is bigger than timepoint: 320
Timepoint not recorded. dt_out:200075 is bigger than timepoint: 320
Timepoint not recorded. dt_out:200050 is bigger than timepoint: 320
Timepoint not recorded. dt_out:1075 is bigger than timepoint: 320
Timepoint not recorded. dt_out:1025 is bigger than timepoint: 320
Timepoint not recorded. dt_out:1075 is bigger than timepoint: 320
Timepoint not recorded. dt_out:1075 is bigger than timepoint: 320
Timepoint not recorded. dt_out:1050 is bigger than timepoint: 320
Timepoint not recorded. dt_out:1050 is bigger than timepoint: 320
Timepoint not recorded. dt_out:1075 is bigger than timepoint: 320
Timepoint not recorded. dt_out:200050 is bigger than timepoint: 320
Timepoint not recorded. dt_out:1025 is bigger than timepoint: 320
Timepoint not recorded. dt_out:2075 is bigger than timepoint: 320
Timepoint not recorded. dt_out:1050 is bigger than timepoint: 320
Timepoint not recorded. dt_out:200025 is bigger than timepoint: 320
Timepoint not recorded. dt_out:1050 is bigger than timepoint: 320
Timepoint not recorded. dt_out:2025 is bigger than timepoint: 320
Timepoint not recorded. dt_out:200050 is bigger than timepoint: 320
Timepoint not recorded. dt_out:2025 is bigger than timepoint: 320
Timepoint not recorded. dt_out:2050 is bigger than timepoint: 320
Timepoint not recorded. dt_out:200025 is bigger than timepoint: 320
Timepoint not recorded. dt_out:200075 is bigger than timepoint: 320
Timepoint not recorded. dt_out:200025 is bigger than timepoint: 320
Timepoint not recorded. dt_out:1050 is bigger than timepoint: 320
Timepoint not recorded. dt_out:200075 is bigger than timepoint: 320
Timepoint not recorded. dt_out:200075 is bigger than timepoint: 320
Timepoint not recorded. dt_out:200075 is bigger than timepoint: 320
Timepoint not recorded. dt_out:2050 is bigger than timepoint: 320
Timepoint not recorded. dt_out:1075 is bigger than timepoint: 320
Timepoint not recorded. dt_out:200025 is bigger than timepoint: 320
Timepoint not recorded. dt_out:1075 is bigger than timepoint: 320
Timepoint not recorded. dt_out:1025 is bigger than timepoint: 320
Timepoint not recorded. dt_out:1025 is bigger than timepoint: 320
Timepoint not recorded. dt_out:1050 is bigger than timepoint: 320
Timepoint not recorded. dt_out:1025 is bigger than timepoint: 320
Timepoint not recorded. dt_out:200050 is bigger than timepoint: 320
Timepoint not recorded. dt_out:200050 is bigger than timepoint: 320
Timepoint not recorded. dt_out:1075 is bigger than timepoint: 320
Timepoint not recorded. dt_out:1025 is bigger than timepoint: 320
Timepoint not recorded. dt_out:2050 is bigger than timepoint: 320
Timepoint not recorded. dt_out:2025 is bigger than timepoint: 320
Timepoint not recorded. dt_out:200050 is bigger than timepoint: 320
Timepoint not recorded. dt_out:1050 is bigger than timepoint: 320
Timepoint not recorded. dt_out:200075 is bigger than timepoint: 320
Timepoint not recorded. dt_out:2025 is bigger than timepoint: 320
Timepoint not recorded. dt_out:2050 is bigger than timepoint: 320
Timepoint not recorded. dt_out:2075 is bigger than timepoint: 320
Timepoint not recorded. dt_out:200025 is bigger than timepoint: 320
Timepoint not recorded. dt_out:200025 is bigger than timepoint: 320
Timepoint not recorded. dt_out:1025 is bigger than timepoint: 320
Timepoint not recorded. dt_out:2050 is bigger than timepoint: 320
Timepoint not recorded. dt_out:200075 is bigger than timepoint: 320
Timepoint not recorded. dt_out:1075 is bigger than timepoint: 320
Timepoint not recorded. dt_out:1075 is bigger than timepoint: 320
Timepoint not recorded. dt_out:200025 is bigger than timepoint: 320
Timepoint not recorded. dt_out:2075 is bigger than timepoint: 320
Timepoint not recorded. dt_out:200050 is bigger than timepoint: 320
Timepoint not recorded. dt_out:200050 is bigger than timepoint: 320
Timepoint not recorded. dt_out:2075 is bigger than timepoint: 320
Timepoint not recorded. dt_out:2025 is bigger than timepoint: 320
Timepoint not recorded. dt_out:2075 is bigger than timepoint: 320
Timepoint not recorded. dt_out:1025 is bigger than timepoint: 320
Timepoint not recorded. dt_out:1025 is bigger than timepoint: 320
Timepoint not recorded. dt_out:200050 is bigger than timepoint: 320
Timepoint not recorded. dt_out:2075 is bigger than timepoint: 320
Timepoint not recorded. dt_out:2025 is bigger than timepoint: 320
Timepoint not recorded. dt_out:1025 is bigger than timepoint: 320
Timepoint not recorded. dt_out:200075 is bigger than timepoint: 320
Timepoint not recorded. dt_out:2050 is bigger than timepoint: 320
Timepoint not recorded. dt_out:2050 is bigger than timepoint: 320
Timepoint not recorded. dt_out:1075 is bigger than timepoint: 320
Timepoint not recorded. dt_out:200050 is bigger than timepoint: 320
Timepoint not recorded. dt_out:2050 is bigger than timepoint: 320
Timepoint not recorded. dt_out:200025 is bigger than timepoint: 320
Timepoint not recorded. dt_out:2075 is bigger than timepoint: 320
Timepoint not recorded. dt_out:2025 is bigger than timepoint: 320
Timepoint not recorded. dt_out:1050 is bigger than timepoint: 320
Timepoint not recorded. dt_out:200075 is bigger than timepoint: 320
Timepoint not recorded. dt_out:2025 is bigger than timepoint: 320
Timepoint not recorded. dt_out:1050 is bigger than timepoint: 320
Timepoint not recorded. dt_out:2075 is bigger than timepoint: 320
Timepoint not recorded. dt_out:1075 is bigger than timepoint: 320
Timepoint not recorded. dt_out:1075 is bigger than timepoint: 320
Timepoint not recorded. dt_out:1050 is bigger than timepoint: 320
360
Timepoint not recorded. dt_out:200025 is bigger than timepoint: 360
Timepoint not recorded. dt_out:200025 is bigger than timepoint: 360
Timepoint not recorded. dt_out:200025 is bigger than timepoint: 360
Timepoint not recorded. dt_out:200025 is bigger than timepoint: 360
Timepoint not recorded. dt_out:200050 is bigger than timepoint: 360
Timepoint not recorded. dt_out:200025 is bigger than timepoint: 360
Timepoint not recorded. dt_out:200050 is bigger than timepoint: 360
Timepoint not recorded. dt_out:200075 is bigger than timepoint: 360
Timepoint not recorded. dt_out:200075 is bigger than timepoint: 360
Timepoint not recorded. dt_out:1050 is bigger than timepoint: 360
Timepoint not recorded. dt_out:200075 is bigger than timepoint: 360
Timepoint not recorded. dt_out:1075 is bigger than timepoint: 360
Timepoint not recorded. dt_out:1050 is bigger than timepoint: 360
Timepoint not recorded. dt_out:1050 is bigger than timepoint: 360
Timepoint not recorded. dt_out:1075 is bigger than timepoint: 360
Timepoint not recorded. dt_out:1025 is bigger than timepoint: 360
Timepoint not recorded. dt_out:1075 is bigger than timepoint: 360
Timepoint not recorded. dt_out:1050 is bigger than timepoint: 360
Timepoint not recorded. dt_out:1025 is bigger than timepoint: 360
Timepoint not recorded. dt_out:200025 is bigger than timepoint: 360
Timepoint not recorded. dt_out:200050 is bigger than timepoint: 360
Timepoint not recorded. dt_out:200025 is bigger than timepoint: 360
Timepoint not recorded. dt_out:1050 is bigger than timepoint: 360
Timepoint not recorded. dt_out:200050 is bigger than timepoint: 360
Timepoint not recorded. dt_out:200075 is bigger than timepoint: 360
Timepoint not recorded. dt_out:1025 is bigger than timepoint: 360
Timepoint not recorded. dt_out:200025 is bigger than timepoint: 360
Timepoint not recorded. dt_out:200075 is bigger than timepoint: 360
Timepoint not recorded. dt_out:1050 is bigger than timepoint: 360
Timepoint not recorded. dt_out:200075 is bigger than timepoint: 360
Timepoint not recorded. dt_out:200025 is bigger than timepoint: 360
Timepoint not recorded. dt_out:200075 is bigger than timepoint: 360
Timepoint not recorded. dt_out:200025 is bigger than timepoint: 360
Timepoint not recorded. dt_out:1025 is bigger than timepoint: 360
Timepoint not recorded. dt_out:1050 is bigger than timepoint: 360
Timepoint not recorded. dt_out:200075 is bigger than timepoint: 360
Timepoint not recorded. dt_out:200025 is bigger than timepoint: 360
Timepoint not recorded. dt_out:1075 is bigger than timepoint: 360
Timepoint not recorded. dt_out:200050 is bigger than timepoint: 360
Timepoint not recorded. dt_out:200075 is bigger than timepoint: 360
Timepoint not recorded. dt_out:200050 is bigger than timepoint: 360
Timepoint not recorded. dt_out:1025 is bigger than timepoint: 360
Timepoint not recorded. dt_out:200075 is bigger than timepoint: 360
Timepoint not recorded. dt_out:1075 is bigger than timepoint: 360
Timepoint not recorded. dt_out:200025 is bigger than timepoint: 360
Timepoint not recorded. dt_out:1050 is bigger than timepoint: 360
Timepoint not recorded. dt_out:200050 is bigger than timepoint: 360
Timepoint not recorded. dt_out:200050 is bigger than timepoint: 360
Timepoint not recorded. dt_out:1050 is bigger than timepoint: 360
Timepoint not recorded. dt_out:200050 is bigger than timepoint: 360
Timepoint not recorded. dt_out:200050 is bigger than timepoint: 360
Timepoint not recorded. dt_out:1025 is bigger than timepoint: 360
Timepoint not recorded. dt_out:1050 is bigger than timepoint: 360
Timepoint not recorded. dt_out:1050 is bigger than timepoint: 360
Timepoint not recorded. dt_out:1025 is bigger than timepoint: 360
Timepoint not recorded. dt_out:1075 is bigger than timepoint: 360
Timepoint not recorded. dt_out:1025 is bigger than timepoint: 360
Timepoint not recorded. dt_out:1025 is bigger than timepoint: 360
Timepoint not recorded. dt_out:1025 is bigger than timepoint: 360
Timepoint not recorded. dt_out:200025 is bigger than timepoint: 360
Timepoint not recorded. dt_out:1075 is bigger than timepoint: 360
Timepoint not recorded. dt_out:1075 is bigger than timepoint: 360
Timepoint not recorded. dt_out:1075 is bigger than timepoint: 360
Timepoint not recorded. dt_out:1050 is bigger than timepoint: 360
Timepoint not recorded. dt_out:200050 is bigger than timepoint: 360
Timepoint not recorded. dt_out:200050 is bigger than timepoint: 360
Timepoint not recorded. dt_out:200050 is bigger than timepoint: 360
Timepoint not recorded. dt_out:1050 is bigger than timepoint: 360
Timepoint not recorded. dt_out:200075 is bigger than timepoint: 360
Timepoint not recorded. dt_out:1050 is bigger than timepoint: 360
Timepoint not recorded. dt_out:200025 is bigger than timepoint: 360
Timepoint not recorded. dt_out:1025 is bigger than timepoint: 360
Timepoint not recorded. dt_out:1025 is bigger than timepoint: 360
Timepoint not recorded. dt_out:200075 is bigger than timepoint: 360
Timepoint not recorded. dt_out:200050 is bigger than timepoint: 360
Timepoint not recorded. dt_out:1025 is bigger than timepoint: 360
Timepoint not recorded. dt_out:1075 is bigger than timepoint: 360
Timepoint not recorded. dt_out:1025 is bigger than timepoint: 360
Timepoint not recorded. dt_out:200075 is bigger than timepoint: 360
Timepoint not recorded. dt_out:200075 is bigger than timepoint: 360
Timepoint not recorded. dt_out:200075 is bigger than timepoint: 360
Timepoint not recorded. dt_out:1075 is bigger than timepoint: 360
Timepoint not recorded. dt_out:200025 is bigger than timepoint: 360
Timepoint not recorded. dt_out:1075 is bigger than timepoint: 360
Timepoint not recorded. dt_out:200025 is bigger than timepoint: 360
Timepoint not recorded. dt_out:200075 is bigger than timepoint: 360
Timepoint not recorded. dt_out:200050 is bigger than timepoint: 360
Timepoint not recorded. dt_out:1075 is bigger than timepoint: 360
Timepoint not recorded. dt_out:1025 is bigger than timepoint: 360
Timepoint not recorded. dt_out:1075 is bigger than timepoint: 360
Timepoint not recorded. dt_out:1075 is bigger than timepoint: 360
Timepoint not recorded. dt_out:1050 is bigger than timepoint: 360
Timepoint not recorded. dt_out:1050 is bigger than timepoint: 360
Timepoint not recorded. dt_out:1075 is bigger than timepoint: 360
Timepoint not recorded. dt_out:200050 is bigger than timepoint: 360
Timepoint not recorded. dt_out:1025 is bigger than timepoint: 360
Timepoint not recorded. dt_out:2075 is bigger than timepoint: 360
Timepoint not recorded. dt_out:1050 is bigger than timepoint: 360
Timepoint not recorded. dt_out:200025 is bigger than timepoint: 360
Timepoint not recorded. dt_out:1050 is bigger than timepoint: 360
Timepoint not recorded. dt_out:2025 is bigger than timepoint: 360
Timepoint not recorded. dt_out:200050 is bigger than timepoint: 360
Timepoint not recorded. dt_out:2025 is bigger than timepoint: 360
Timepoint not recorded. dt_out:2050 is bigger than timepoint: 360
Timepoint not recorded. dt_out:200025 is bigger than timepoint: 360
Timepoint not recorded. dt_out:200075 is bigger than timepoint: 360
Timepoint not recorded. dt_out:200025 is bigger than timepoint: 360
Timepoint not recorded. dt_out:1050 is bigger than timepoint: 360
Timepoint not recorded. dt_out:200075 is bigger than timepoint: 360
Timepoint not recorded. dt_out:200075 is bigger than timepoint: 360
Timepoint not recorded. dt_out:200075 is bigger than timepoint: 360
Timepoint not recorded. dt_out:2050 is bigger than timepoint: 360
Timepoint not recorded. dt_out:1075 is bigger than timepoint: 360
Timepoint not recorded. dt_out:200025 is bigger than timepoint: 360
Timepoint not recorded. dt_out:1075 is bigger than timepoint: 360
Timepoint not recorded. dt_out:1025 is bigger than timepoint: 360
Timepoint not recorded. dt_out:1025 is bigger than timepoint: 360
Timepoint not recorded. dt_out:1050 is bigger than timepoint: 360
Timepoint not recorded. dt_out:1025 is bigger than timepoint: 360
Timepoint not recorded. dt_out:200050 is bigger than timepoint: 360
Timepoint not recorded. dt_out:200050 is bigger than timepoint: 360
Timepoint not recorded. dt_out:1075 is bigger than timepoint: 360
Timepoint not recorded. dt_out:1025 is bigger than timepoint: 360
Timepoint not recorded. dt_out:2050 is bigger than timepoint: 360
Timepoint not recorded. dt_out:2025 is bigger than timepoint: 360
Timepoint not recorded. dt_out:200050 is bigger than timepoint: 360
Timepoint not recorded. dt_out:1050 is bigger than timepoint: 360
Timepoint not recorded. dt_out:200075 is bigger than timepoint: 360
Timepoint not recorded. dt_out:2025 is bigger than timepoint: 360
Timepoint not recorded. dt_out:2050 is bigger than timepoint: 360
Timepoint not recorded. dt_out:2075 is bigger than timepoint: 360
Timepoint not recorded. dt_out:200025 is bigger than timepoint: 360
Timepoint not recorded. dt_out:200025 is bigger than timepoint: 360
Timepoint not recorded. dt_out:1025 is bigger than timepoint: 360
Timepoint not recorded. dt_out:2050 is bigger than timepoint: 360
Timepoint not recorded. dt_out:200075 is bigger than timepoint: 360
Timepoint not recorded. dt_out:1075 is bigger than timepoint: 360
Timepoint not recorded. dt_out:1075 is bigger than timepoint: 360
Timepoint not recorded. dt_out:200025 is bigger than timepoint: 360
Timepoint not recorded. dt_out:2075 is bigger than timepoint: 360
Timepoint not recorded. dt_out:200050 is bigger than timepoint: 360
Timepoint not recorded. dt_out:200050 is bigger than timepoint: 360
Timepoint not recorded. dt_out:2075 is bigger than timepoint: 360
Timepoint not recorded. dt_out:2025 is bigger than timepoint: 360
Timepoint not recorded. dt_out:2075 is bigger than timepoint: 360
Timepoint not recorded. dt_out:1025 is bigger than timepoint: 360
Timepoint not recorded. dt_out:1025 is bigger than timepoint: 360
Timepoint not recorded. dt_out:200050 is bigger than timepoint: 360
Timepoint not recorded. dt_out:2075 is bigger than timepoint: 360
Timepoint not recorded. dt_out:2025 is bigger than timepoint: 360
Timepoint not recorded. dt_out:1025 is bigger than timepoint: 360
Timepoint not recorded. dt_out:200075 is bigger than timepoint: 360
Timepoint not recorded. dt_out:2050 is bigger than timepoint: 360
Timepoint not recorded. dt_out:2050 is bigger than timepoint: 360
Timepoint not recorded. dt_out:1075 is bigger than timepoint: 360
Timepoint not recorded. dt_out:200050 is bigger than timepoint: 360
Timepoint not recorded. dt_out:2050 is bigger than timepoint: 360
Timepoint not recorded. dt_out:200025 is bigger than timepoint: 360
Timepoint not recorded. dt_out:2075 is bigger than timepoint: 360
Timepoint not recorded. dt_out:2025 is bigger than timepoint: 360
Timepoint not recorded. dt_out:1050 is bigger than timepoint: 360
Timepoint not recorded. dt_out:200075 is bigger than timepoint: 360
Timepoint not recorded. dt_out:2025 is bigger than timepoint: 360
Timepoint not recorded. dt_out:1050 is bigger than timepoint: 360
Timepoint not recorded. dt_out:2075 is bigger than timepoint: 360
Timepoint not recorded. dt_out:1075 is bigger than timepoint: 360
Timepoint not recorded. dt_out:1075 is bigger than timepoint: 360
Timepoint not recorded. dt_out:1050 is bigger than timepoint: 360
400
Timepoint not recorded. dt_out:200025 is bigger than timepoint: 400
Timepoint not recorded. dt_out:200025 is bigger than timepoint: 400
Timepoint not recorded. dt_out:200025 is bigger than timepoint: 400
Timepoint not recorded. dt_out:200025 is bigger than timepoint: 400
Timepoint not recorded. dt_out:200050 is bigger than timepoint: 400
Timepoint not recorded. dt_out:200025 is bigger than timepoint: 400
Timepoint not recorded. dt_out:200050 is bigger than timepoint: 400
Timepoint not recorded. dt_out:200075 is bigger than timepoint: 400
Timepoint not recorded. dt_out:200075 is bigger than timepoint: 400
Timepoint not recorded. dt_out:1050 is bigger than timepoint: 400
Timepoint not recorded. dt_out:200075 is bigger than timepoint: 400
Timepoint not recorded. dt_out:1075 is bigger than timepoint: 400
Timepoint not recorded. dt_out:1050 is bigger than timepoint: 400
Timepoint not recorded. dt_out:1050 is bigger than timepoint: 400
Timepoint not recorded. dt_out:1075 is bigger than timepoint: 400
Timepoint not recorded. dt_out:1025 is bigger than timepoint: 400
Timepoint not recorded. dt_out:1075 is bigger than timepoint: 400
Timepoint not recorded. dt_out:1050 is bigger than timepoint: 400
Timepoint not recorded. dt_out:1025 is bigger than timepoint: 400
Timepoint not recorded. dt_out:200025 is bigger than timepoint: 400
Timepoint not recorded. dt_out:200050 is bigger than timepoint: 400
Timepoint not recorded. dt_out:200025 is bigger than timepoint: 400
Timepoint not recorded. dt_out:1050 is bigger than timepoint: 400
Timepoint not recorded. dt_out:200050 is bigger than timepoint: 400
Timepoint not recorded. dt_out:200075 is bigger than timepoint: 400
Timepoint not recorded. dt_out:1025 is bigger than timepoint: 400
Timepoint not recorded. dt_out:200025 is bigger than timepoint: 400
Timepoint not recorded. dt_out:200075 is bigger than timepoint: 400
Timepoint not recorded. dt_out:1050 is bigger than timepoint: 400
Timepoint not recorded. dt_out:200075 is bigger than timepoint: 400
Timepoint not recorded. dt_out:200025 is bigger than timepoint: 400
Timepoint not recorded. dt_out:200075 is bigger than timepoint: 400
Timepoint not recorded. dt_out:200025 is bigger than timepoint: 400
Timepoint not recorded. dt_out:1025 is bigger than timepoint: 400
Timepoint not recorded. dt_out:1050 is bigger than timepoint: 400
Timepoint not recorded. dt_out:200075 is bigger than timepoint: 400
Timepoint not recorded. dt_out:200025 is bigger than timepoint: 400
Timepoint not recorded. dt_out:1075 is bigger than timepoint: 400
Timepoint not recorded. dt_out:200050 is bigger than timepoint: 400
Timepoint not recorded. dt_out:200075 is bigger than timepoint: 400
Timepoint not recorded. dt_out:200050 is bigger than timepoint: 400
Timepoint not recorded. dt_out:1025 is bigger than timepoint: 400
Timepoint not recorded. dt_out:200075 is bigger than timepoint: 400
Timepoint not recorded. dt_out:1075 is bigger than timepoint: 400
Timepoint not recorded. dt_out:200025 is bigger than timepoint: 400
Timepoint not recorded. dt_out:1050 is bigger than timepoint: 400
Timepoint not recorded. dt_out:200050 is bigger than timepoint: 400
Timepoint not recorded. dt_out:200050 is bigger than timepoint: 400
Timepoint not recorded. dt_out:1050 is bigger than timepoint: 400
Timepoint not recorded. dt_out:200050 is bigger than timepoint: 400
Timepoint not recorded. dt_out:200050 is bigger than timepoint: 400
Timepoint not recorded. dt_out:1025 is bigger than timepoint: 400
Timepoint not recorded. dt_out:1050 is bigger than timepoint: 400
Timepoint not recorded. dt_out:1050 is bigger than timepoint: 400
Timepoint not recorded. dt_out:1025 is bigger than timepoint: 400
Timepoint not recorded. dt_out:1075 is bigger than timepoint: 400
Timepoint not recorded. dt_out:1025 is bigger than timepoint: 400
Timepoint not recorded. dt_out:1025 is bigger than timepoint: 400
Timepoint not recorded. dt_out:1025 is bigger than timepoint: 400
Timepoint not recorded. dt_out:200025 is bigger than timepoint: 400
Timepoint not recorded. dt_out:1075 is bigger than timepoint: 400
Timepoint not recorded. dt_out:1075 is bigger than timepoint: 400
Timepoint not recorded. dt_out:1075 is bigger than timepoint: 400
Timepoint not recorded. dt_out:1050 is bigger than timepoint: 400
Timepoint not recorded. dt_out:200050 is bigger than timepoint: 400
Timepoint not recorded. dt_out:200050 is bigger than timepoint: 400
Timepoint not recorded. dt_out:200050 is bigger than timepoint: 400
Timepoint not recorded. dt_out:1050 is bigger than timepoint: 400
Timepoint not recorded. dt_out:200075 is bigger than timepoint: 400
Timepoint not recorded. dt_out:1050 is bigger than timepoint: 400
Timepoint not recorded. dt_out:200025 is bigger than timepoint: 400
Timepoint not recorded. dt_out:1025 is bigger than timepoint: 400
Timepoint not recorded. dt_out:1025 is bigger than timepoint: 400
Timepoint not recorded. dt_out:200075 is bigger than timepoint: 400
Timepoint not recorded. dt_out:200050 is bigger than timepoint: 400
Timepoint not recorded. dt_out:1025 is bigger than timepoint: 400
Timepoint not recorded. dt_out:1075 is bigger than timepoint: 400
Timepoint not recorded. dt_out:1025 is bigger than timepoint: 400
Timepoint not recorded. dt_out:200075 is bigger than timepoint: 400
Timepoint not recorded. dt_out:200075 is bigger than timepoint: 400
Timepoint not recorded. dt_out:200075 is bigger than timepoint: 400
Timepoint not recorded. dt_out:1075 is bigger than timepoint: 400
Timepoint not recorded. dt_out:200025 is bigger than timepoint: 400
Timepoint not recorded. dt_out:1075 is bigger than timepoint: 400
Timepoint not recorded. dt_out:200025 is bigger than timepoint: 400
Timepoint not recorded. dt_out:200075 is bigger than timepoint: 400
Timepoint not recorded. dt_out:200050 is bigger than timepoint: 400
Timepoint not recorded. dt_out:1075 is bigger than timepoint: 400
Timepoint not recorded. dt_out:1025 is bigger than timepoint: 400
Timepoint not recorded. dt_out:1075 is bigger than timepoint: 400
Timepoint not recorded. dt_out:1075 is bigger than timepoint: 400
Timepoint not recorded. dt_out:1050 is bigger than timepoint: 400
Timepoint not recorded. dt_out:1050 is bigger than timepoint: 400
Timepoint not recorded. dt_out:1075 is bigger than timepoint: 400
Timepoint not recorded. dt_out:200050 is bigger than timepoint: 400
Timepoint not recorded. dt_out:1025 is bigger than timepoint: 400
Timepoint not recorded. dt_out:2075 is bigger than timepoint: 400
Timepoint not recorded. dt_out:1050 is bigger than timepoint: 400
Timepoint not recorded. dt_out:200025 is bigger than timepoint: 400
Timepoint not recorded. dt_out:1050 is bigger than timepoint: 400
Timepoint not recorded. dt_out:2025 is bigger than timepoint: 400
Timepoint not recorded. dt_out:200050 is bigger than timepoint: 400
Timepoint not recorded. dt_out:2025 is bigger than timepoint: 400
Timepoint not recorded. dt_out:2050 is bigger than timepoint: 400
Timepoint not recorded. dt_out:200025 is bigger than timepoint: 400
Timepoint not recorded. dt_out:200075 is bigger than timepoint: 400
Timepoint not recorded. dt_out:200025 is bigger than timepoint: 400
Timepoint not recorded. dt_out:1050 is bigger than timepoint: 400
Timepoint not recorded. dt_out:200075 is bigger than timepoint: 400
Timepoint not recorded. dt_out:200075 is bigger than timepoint: 400
Timepoint not recorded. dt_out:200075 is bigger than timepoint: 400
Timepoint not recorded. dt_out:2050 is bigger than timepoint: 400
Timepoint not recorded. dt_out:1075 is bigger than timepoint: 400
Timepoint not recorded. dt_out:200025 is bigger than timepoint: 400
Timepoint not recorded. dt_out:1075 is bigger than timepoint: 400
Timepoint not recorded. dt_out:1025 is bigger than timepoint: 400
Timepoint not recorded. dt_out:1025 is bigger than timepoint: 400
Timepoint not recorded. dt_out:1050 is bigger than timepoint: 400
Timepoint not recorded. dt_out:1025 is bigger than timepoint: 400
Timepoint not recorded. dt_out:200050 is bigger than timepoint: 400
Timepoint not recorded. dt_out:200050 is bigger than timepoint: 400
Timepoint not recorded. dt_out:1075 is bigger than timepoint: 400
Timepoint not recorded. dt_out:1025 is bigger than timepoint: 400
Timepoint not recorded. dt_out:2050 is bigger than timepoint: 400
Timepoint not recorded. dt_out:2025 is bigger than timepoint: 400
Timepoint not recorded. dt_out:200050 is bigger than timepoint: 400
Timepoint not recorded. dt_out:1050 is bigger than timepoint: 400
Timepoint not recorded. dt_out:200075 is bigger than timepoint: 400
Timepoint not recorded. dt_out:2025 is bigger than timepoint: 400
Timepoint not recorded. dt_out:2050 is bigger than timepoint: 400
Timepoint not recorded. dt_out:2075 is bigger than timepoint: 400
Timepoint not recorded. dt_out:200025 is bigger than timepoint: 400
Timepoint not recorded. dt_out:200025 is bigger than timepoint: 400
Timepoint not recorded. dt_out:1025 is bigger than timepoint: 400
Timepoint not recorded. dt_out:2050 is bigger than timepoint: 400
Timepoint not recorded. dt_out:200075 is bigger than timepoint: 400
Timepoint not recorded. dt_out:1075 is bigger than timepoint: 400
Timepoint not recorded. dt_out:1075 is bigger than timepoint: 400
Timepoint not recorded. dt_out:200025 is bigger than timepoint: 400
Timepoint not recorded. dt_out:2075 is bigger than timepoint: 400
Timepoint not recorded. dt_out:200050 is bigger than timepoint: 400
Timepoint not recorded. dt_out:200050 is bigger than timepoint: 400
Timepoint not recorded. dt_out:2075 is bigger than timepoint: 400
Timepoint not recorded. dt_out:2025 is bigger than timepoint: 400
Timepoint not recorded. dt_out:2075 is bigger than timepoint: 400
Timepoint not recorded. dt_out:1025 is bigger than timepoint: 400
Timepoint not recorded. dt_out:1025 is bigger than timepoint: 400
Timepoint not recorded. dt_out:200050 is bigger than timepoint: 400
Timepoint not recorded. dt_out:2075 is bigger than timepoint: 400
Timepoint not recorded. dt_out:2025 is bigger than timepoint: 400
Timepoint not recorded. dt_out:1025 is bigger than timepoint: 400
Timepoint not recorded. dt_out:200075 is bigger than timepoint: 400
Timepoint not recorded. dt_out:2050 is bigger than timepoint: 400
Timepoint not recorded. dt_out:2050 is bigger than timepoint: 400
Timepoint not recorded. dt_out:1075 is bigger than timepoint: 400
Timepoint not recorded. dt_out:200050 is bigger than timepoint: 400
Timepoint not recorded. dt_out:2050 is bigger than timepoint: 400
Timepoint not recorded. dt_out:200025 is bigger than timepoint: 400
Timepoint not recorded. dt_out:2075 is bigger than timepoint: 400
Timepoint not recorded. dt_out:2025 is bigger than timepoint: 400
Timepoint not recorded. dt_out:1050 is bigger than timepoint: 400
Timepoint not recorded. dt_out:200075 is bigger than timepoint: 400
Timepoint not recorded. dt_out:2025 is bigger than timepoint: 400
Timepoint not recorded. dt_out:1050 is bigger than timepoint: 400
Timepoint not recorded. dt_out:2075 is bigger than timepoint: 400
Timepoint not recorded. dt_out:1075 is bigger than timepoint: 400
Timepoint not recorded. dt_out:1075 is bigger than timepoint: 400
Timepoint not recorded. dt_out:1050 is bigger than timepoint: 400
440
Timepoint not recorded. dt_out:200025 is bigger than timepoint: 440
Timepoint not recorded. dt_out:200025 is bigger than timepoint: 440
Timepoint not recorded. dt_out:200025 is bigger than timepoint: 440
Timepoint not recorded. dt_out:200025 is bigger than timepoint: 440
Timepoint not recorded. dt_out:200050 is bigger than timepoint: 440
Timepoint not recorded. dt_out:200025 is bigger than timepoint: 440
Timepoint not recorded. dt_out:200050 is bigger than timepoint: 440
Timepoint not recorded. dt_out:200075 is bigger than timepoint: 440
Timepoint not recorded. dt_out:200075 is bigger than timepoint: 440
Timepoint not recorded. dt_out:1050 is bigger than timepoint: 440
Timepoint not recorded. dt_out:200075 is bigger than timepoint: 440
Timepoint not recorded. dt_out:1075 is bigger than timepoint: 440
Timepoint not recorded. dt_out:1050 is bigger than timepoint: 440
Timepoint not recorded. dt_out:1050 is bigger than timepoint: 440
Timepoint not recorded. dt_out:1075 is bigger than timepoint: 440
Timepoint not recorded. dt_out:1025 is bigger than timepoint: 440
Timepoint not recorded. dt_out:1075 is bigger than timepoint: 440
Timepoint not recorded. dt_out:1050 is bigger than timepoint: 440
Timepoint not recorded. dt_out:1025 is bigger than timepoint: 440
Timepoint not recorded. dt_out:200025 is bigger than timepoint: 440
Timepoint not recorded. dt_out:200050 is bigger than timepoint: 440
Timepoint not recorded. dt_out:200025 is bigger than timepoint: 440
Timepoint not recorded. dt_out:1050 is bigger than timepoint: 440
Timepoint not recorded. dt_out:200050 is bigger than timepoint: 440
Timepoint not recorded. dt_out:200075 is bigger than timepoint: 440
Timepoint not recorded. dt_out:1025 is bigger than timepoint: 440
Timepoint not recorded. dt_out:200025 is bigger than timepoint: 440
Timepoint not recorded. dt_out:200075 is bigger than timepoint: 440
Timepoint not recorded. dt_out:1050 is bigger than timepoint: 440
Timepoint not recorded. dt_out:200075 is bigger than timepoint: 440
Timepoint not recorded. dt_out:200025 is bigger than timepoint: 440
Timepoint not recorded. dt_out:200075 is bigger than timepoint: 440
Timepoint not recorded. dt_out:200025 is bigger than timepoint: 440
Timepoint not recorded. dt_out:1025 is bigger than timepoint: 440
Timepoint not recorded. dt_out:1050 is bigger than timepoint: 440
Timepoint not recorded. dt_out:200075 is bigger than timepoint: 440
Timepoint not recorded. dt_out:200025 is bigger than timepoint: 440
Timepoint not recorded. dt_out:1075 is bigger than timepoint: 440
Timepoint not recorded. dt_out:200050 is bigger than timepoint: 440
Timepoint not recorded. dt_out:200075 is bigger than timepoint: 440
Timepoint not recorded. dt_out:200050 is bigger than timepoint: 440
Timepoint not recorded. dt_out:1025 is bigger than timepoint: 440
Timepoint not recorded. dt_out:200075 is bigger than timepoint: 440
Timepoint not recorded. dt_out:1075 is bigger than timepoint: 440
Timepoint not recorded. dt_out:200025 is bigger than timepoint: 440
Timepoint not recorded. dt_out:1050 is bigger than timepoint: 440
Timepoint not recorded. dt_out:200050 is bigger than timepoint: 440
Timepoint not recorded. dt_out:200050 is bigger than timepoint: 440
Timepoint not recorded. dt_out:1050 is bigger than timepoint: 440
Timepoint not recorded. dt_out:200050 is bigger than timepoint: 440
Timepoint not recorded. dt_out:200050 is bigger than timepoint: 440
Timepoint not recorded. dt_out:1025 is bigger than timepoint: 440
Timepoint not recorded. dt_out:1050 is bigger than timepoint: 440
Timepoint not recorded. dt_out:1050 is bigger than timepoint: 440
Timepoint not recorded. dt_out:1025 is bigger than timepoint: 440
Timepoint not recorded. dt_out:1075 is bigger than timepoint: 440
Timepoint not recorded. dt_out:1025 is bigger than timepoint: 440
Timepoint not recorded. dt_out:1025 is bigger than timepoint: 440
Timepoint not recorded. dt_out:1025 is bigger than timepoint: 440
Timepoint not recorded. dt_out:200025 is bigger than timepoint: 440
Timepoint not recorded. dt_out:1075 is bigger than timepoint: 440
Timepoint not recorded. dt_out:1075 is bigger than timepoint: 440
Timepoint not recorded. dt_out:1075 is bigger than timepoint: 440
Timepoint not recorded. dt_out:1050 is bigger than timepoint: 440
Timepoint not recorded. dt_out:200050 is bigger than timepoint: 440
Timepoint not recorded. dt_out:200050 is bigger than timepoint: 440
Timepoint not recorded. dt_out:200050 is bigger than timepoint: 440
Timepoint not recorded. dt_out:1050 is bigger than timepoint: 440
Timepoint not recorded. dt_out:200075 is bigger than timepoint: 440
Timepoint not recorded. dt_out:1050 is bigger than timepoint: 440
Timepoint not recorded. dt_out:200025 is bigger than timepoint: 440
Timepoint not recorded. dt_out:1025 is bigger than timepoint: 440
Timepoint not recorded. dt_out:1025 is bigger than timepoint: 440
Timepoint not recorded. dt_out:200075 is bigger than timepoint: 440
Timepoint not recorded. dt_out:200050 is bigger than timepoint: 440
Timepoint not recorded. dt_out:1025 is bigger than timepoint: 440
Timepoint not recorded. dt_out:1075 is bigger than timepoint: 440
Timepoint not recorded. dt_out:1025 is bigger than timepoint: 440
Timepoint not recorded. dt_out:200075 is bigger than timepoint: 440
Timepoint not recorded. dt_out:200075 is bigger than timepoint: 440
Timepoint not recorded. dt_out:200075 is bigger than timepoint: 440
Timepoint not recorded. dt_out:1075 is bigger than timepoint: 440
Timepoint not recorded. dt_out:200025 is bigger than timepoint: 440
Timepoint not recorded. dt_out:1075 is bigger than timepoint: 440
Timepoint not recorded. dt_out:200025 is bigger than timepoint: 440
Timepoint not recorded. dt_out:200075 is bigger than timepoint: 440
Timepoint not recorded. dt_out:200050 is bigger than timepoint: 440
Timepoint not recorded. dt_out:1075 is bigger than timepoint: 440
Timepoint not recorded. dt_out:1025 is bigger than timepoint: 440
Timepoint not recorded. dt_out:1075 is bigger than timepoint: 440
Timepoint not recorded. dt_out:1075 is bigger than timepoint: 440
Timepoint not recorded. dt_out:1050 is bigger than timepoint: 440
Timepoint not recorded. dt_out:1050 is bigger than timepoint: 440
Timepoint not recorded. dt_out:1075 is bigger than timepoint: 440
Timepoint not recorded. dt_out:200050 is bigger than timepoint: 440
Timepoint not recorded. dt_out:1025 is bigger than timepoint: 440
Timepoint not recorded. dt_out:2075 is bigger than timepoint: 440
Timepoint not recorded. dt_out:1050 is bigger than timepoint: 440
Timepoint not recorded. dt_out:200025 is bigger than timepoint: 440
Timepoint not recorded. dt_out:1050 is bigger than timepoint: 440
Timepoint not recorded. dt_out:2025 is bigger than timepoint: 440
Timepoint not recorded. dt_out:200050 is bigger than timepoint: 440
Timepoint not recorded. dt_out:2025 is bigger than timepoint: 440
Timepoint not recorded. dt_out:2050 is bigger than timepoint: 440
Timepoint not recorded. dt_out:200025 is bigger than timepoint: 440
Timepoint not recorded. dt_out:200075 is bigger than timepoint: 440
Timepoint not recorded. dt_out:200025 is bigger than timepoint: 440
Timepoint not recorded. dt_out:1050 is bigger than timepoint: 440
Timepoint not recorded. dt_out:200075 is bigger than timepoint: 440
Timepoint not recorded. dt_out:200075 is bigger than timepoint: 440
Timepoint not recorded. dt_out:200075 is bigger than timepoint: 440
Timepoint not recorded. dt_out:2050 is bigger than timepoint: 440
Timepoint not recorded. dt_out:1075 is bigger than timepoint: 440
Timepoint not recorded. dt_out:200025 is bigger than timepoint: 440
Timepoint not recorded. dt_out:1075 is bigger than timepoint: 440
Timepoint not recorded. dt_out:1025 is bigger than timepoint: 440
Timepoint not recorded. dt_out:1025 is bigger than timepoint: 440
Timepoint not recorded. dt_out:1050 is bigger than timepoint: 440
Timepoint not recorded. dt_out:1025 is bigger than timepoint: 440
Timepoint not recorded. dt_out:200050 is bigger than timepoint: 440
Timepoint not recorded. dt_out:200050 is bigger than timepoint: 440
Timepoint not recorded. dt_out:1075 is bigger than timepoint: 440
Timepoint not recorded. dt_out:1025 is bigger than timepoint: 440
Timepoint not recorded. dt_out:2050 is bigger than timepoint: 440
Timepoint not recorded. dt_out:2025 is bigger than timepoint: 440
Timepoint not recorded. dt_out:200050 is bigger than timepoint: 440
Timepoint not recorded. dt_out:1050 is bigger than timepoint: 440
Timepoint not recorded. dt_out:200075 is bigger than timepoint: 440
Timepoint not recorded. dt_out:2025 is bigger than timepoint: 440
Timepoint not recorded. dt_out:2050 is bigger than timepoint: 440
Timepoint not recorded. dt_out:2075 is bigger than timepoint: 440
Timepoint not recorded. dt_out:200025 is bigger than timepoint: 440
Timepoint not recorded. dt_out:200025 is bigger than timepoint: 440
Timepoint not recorded. dt_out:1025 is bigger than timepoint: 440
Timepoint not recorded. dt_out:2050 is bigger than timepoint: 440
Timepoint not recorded. dt_out:200075 is bigger than timepoint: 440
Timepoint not recorded. dt_out:1075 is bigger than timepoint: 440
Timepoint not recorded. dt_out:1075 is bigger than timepoint: 440
Timepoint not recorded. dt_out:200025 is bigger than timepoint: 440
Timepoint not recorded. dt_out:2075 is bigger than timepoint: 440
Timepoint not recorded. dt_out:200050 is bigger than timepoint: 440
Timepoint not recorded. dt_out:200050 is bigger than timepoint: 440
Timepoint not recorded. dt_out:2075 is bigger than timepoint: 440
Timepoint not recorded. dt_out:2025 is bigger than timepoint: 440
Timepoint not recorded. dt_out:2075 is bigger than timepoint: 440
Timepoint not recorded. dt_out:1025 is bigger than timepoint: 440
Timepoint not recorded. dt_out:1025 is bigger than timepoint: 440
Timepoint not recorded. dt_out:200050 is bigger than timepoint: 440
Timepoint not recorded. dt_out:2075 is bigger than timepoint: 440
Timepoint not recorded. dt_out:2025 is bigger than timepoint: 440
Timepoint not recorded. dt_out:1025 is bigger than timepoint: 440
Timepoint not recorded. dt_out:200075 is bigger than timepoint: 440
Timepoint not recorded. dt_out:2050 is bigger than timepoint: 440
Timepoint not recorded. dt_out:2050 is bigger than timepoint: 440
Timepoint not recorded. dt_out:1075 is bigger than timepoint: 440
Timepoint not recorded. dt_out:200050 is bigger than timepoint: 440
Timepoint not recorded. dt_out:2050 is bigger than timepoint: 440
Timepoint not recorded. dt_out:200025 is bigger than timepoint: 440
Timepoint not recorded. dt_out:2075 is bigger than timepoint: 440
Timepoint not recorded. dt_out:2025 is bigger than timepoint: 440
Timepoint not recorded. dt_out:1050 is bigger than timepoint: 440
Timepoint not recorded. dt_out:200075 is bigger than timepoint: 440
Timepoint not recorded. dt_out:2025 is bigger than timepoint: 440
Timepoint not recorded. dt_out:1050 is bigger than timepoint: 440
Timepoint not recorded. dt_out:2075 is bigger than timepoint: 440
Timepoint not recorded. dt_out:1075 is bigger than timepoint: 440
Timepoint not recorded. dt_out:1075 is bigger than timepoint: 440
Timepoint not recorded. dt_out:1050 is bigger than timepoint: 440
480
Timepoint not recorded. dt_out:200025 is bigger than timepoint: 480
Timepoint not recorded. dt_out:200025 is bigger than timepoint: 480
Timepoint not recorded. dt_out:200025 is bigger than timepoint: 480
Timepoint not recorded. dt_out:200025 is bigger than timepoint: 480
Timepoint not recorded. dt_out:200050 is bigger than timepoint: 480
Timepoint not recorded. dt_out:200025 is bigger than timepoint: 480
Timepoint not recorded. dt_out:200050 is bigger than timepoint: 480
Timepoint not recorded. dt_out:200075 is bigger than timepoint: 480
Timepoint not recorded. dt_out:200075 is bigger than timepoint: 480
Timepoint not recorded. dt_out:1050 is bigger than timepoint: 480
Timepoint not recorded. dt_out:200075 is bigger than timepoint: 480
Timepoint not recorded. dt_out:1075 is bigger than timepoint: 480
Timepoint not recorded. dt_out:1050 is bigger than timepoint: 480
Timepoint not recorded. dt_out:1050 is bigger than timepoint: 480
Timepoint not recorded. dt_out:1075 is bigger than timepoint: 480
Timepoint not recorded. dt_out:1025 is bigger than timepoint: 480
Timepoint not recorded. dt_out:1075 is bigger than timepoint: 480
Timepoint not recorded. dt_out:1050 is bigger than timepoint: 480
Timepoint not recorded. dt_out:1025 is bigger than timepoint: 480
Timepoint not recorded. dt_out:200025 is bigger than timepoint: 480
Timepoint not recorded. dt_out:200050 is bigger than timepoint: 480
Timepoint not recorded. dt_out:200025 is bigger than timepoint: 480
Timepoint not recorded. dt_out:1050 is bigger than timepoint: 480
Timepoint not recorded. dt_out:200050 is bigger than timepoint: 480
Timepoint not recorded. dt_out:200075 is bigger than timepoint: 480
Timepoint not recorded. dt_out:1025 is bigger than timepoint: 480
Timepoint not recorded. dt_out:200025 is bigger than timepoint: 480
Timepoint not recorded. dt_out:200075 is bigger than timepoint: 480
Timepoint not recorded. dt_out:1050 is bigger than timepoint: 480
Timepoint not recorded. dt_out:200075 is bigger than timepoint: 480
Timepoint not recorded. dt_out:200025 is bigger than timepoint: 480
Timepoint not recorded. dt_out:200075 is bigger than timepoint: 480
Timepoint not recorded. dt_out:200025 is bigger than timepoint: 480
Timepoint not recorded. dt_out:1025 is bigger than timepoint: 480
Timepoint not recorded. dt_out:1050 is bigger than timepoint: 480
Timepoint not recorded. dt_out:200075 is bigger than timepoint: 480
Timepoint not recorded. dt_out:200025 is bigger than timepoint: 480
Timepoint not recorded. dt_out:1075 is bigger than timepoint: 480
Timepoint not recorded. dt_out:200050 is bigger than timepoint: 480
Timepoint not recorded. dt_out:200075 is bigger than timepoint: 480
Timepoint not recorded. dt_out:200050 is bigger than timepoint: 480
Timepoint not recorded. dt_out:1025 is bigger than timepoint: 480
Timepoint not recorded. dt_out:200075 is bigger than timepoint: 480
Timepoint not recorded. dt_out:1075 is bigger than timepoint: 480
Timepoint not recorded. dt_out:200025 is bigger than timepoint: 480
Timepoint not recorded. dt_out:1050 is bigger than timepoint: 480
Timepoint not recorded. dt_out:200050 is bigger than timepoint: 480
Timepoint not recorded. dt_out:200050 is bigger than timepoint: 480
Timepoint not recorded. dt_out:1050 is bigger than timepoint: 480
Timepoint not recorded. dt_out:200050 is bigger than timepoint: 480
Timepoint not recorded. dt_out:200050 is bigger than timepoint: 480
Timepoint not recorded. dt_out:1025 is bigger than timepoint: 480
Timepoint not recorded. dt_out:1050 is bigger than timepoint: 480
Timepoint not recorded. dt_out:1050 is bigger than timepoint: 480
Timepoint not recorded. dt_out:1025 is bigger than timepoint: 480
Timepoint not recorded. dt_out:1075 is bigger than timepoint: 480
Timepoint not recorded. dt_out:1025 is bigger than timepoint: 480
Timepoint not recorded. dt_out:1025 is bigger than timepoint: 480
Timepoint not recorded. dt_out:1025 is bigger than timepoint: 480
Timepoint not recorded. dt_out:200025 is bigger than timepoint: 480
Timepoint not recorded. dt_out:1075 is bigger than timepoint: 480
Timepoint not recorded. dt_out:1075 is bigger than timepoint: 480
Timepoint not recorded. dt_out:1075 is bigger than timepoint: 480
Timepoint not recorded. dt_out:1050 is bigger than timepoint: 480
Timepoint not recorded. dt_out:200050 is bigger than timepoint: 480
Timepoint not recorded. dt_out:200050 is bigger than timepoint: 480
Timepoint not recorded. dt_out:200050 is bigger than timepoint: 480
Timepoint not recorded. dt_out:1050 is bigger than timepoint: 480
Timepoint not recorded. dt_out:200075 is bigger than timepoint: 480
Timepoint not recorded. dt_out:1050 is bigger than timepoint: 480
Timepoint not recorded. dt_out:200025 is bigger than timepoint: 480
Timepoint not recorded. dt_out:1025 is bigger than timepoint: 480
Timepoint not recorded. dt_out:1025 is bigger than timepoint: 480
Timepoint not recorded. dt_out:200075 is bigger than timepoint: 480
Timepoint not recorded. dt_out:200050 is bigger than timepoint: 480
Timepoint not recorded. dt_out:1025 is bigger than timepoint: 480
Timepoint not recorded. dt_out:1075 is bigger than timepoint: 480
Timepoint not recorded. dt_out:1025 is bigger than timepoint: 480
Timepoint not recorded. dt_out:200075 is bigger than timepoint: 480
Timepoint not recorded. dt_out:200075 is bigger than timepoint: 480
Timepoint not recorded. dt_out:200075 is bigger than timepoint: 480
Timepoint not recorded. dt_out:1075 is bigger than timepoint: 480
Timepoint not recorded. dt_out:200025 is bigger than timepoint: 480
Timepoint not recorded. dt_out:1075 is bigger than timepoint: 480
Timepoint not recorded. dt_out:200025 is bigger than timepoint: 480
Timepoint not recorded. dt_out:200075 is bigger than timepoint: 480
Timepoint not recorded. dt_out:200050 is bigger than timepoint: 480
Timepoint not recorded. dt_out:1075 is bigger than timepoint: 480
Timepoint not recorded. dt_out:1025 is bigger than timepoint: 480
Timepoint not recorded. dt_out:1075 is bigger than timepoint: 480
Timepoint not recorded. dt_out:1075 is bigger than timepoint: 480
Timepoint not recorded. dt_out:1050 is bigger than timepoint: 480
Timepoint not recorded. dt_out:1050 is bigger than timepoint: 480
Timepoint not recorded. dt_out:1075 is bigger than timepoint: 480
Timepoint not recorded. dt_out:200050 is bigger than timepoint: 480
Timepoint not recorded. dt_out:1025 is bigger than timepoint: 480
Timepoint not recorded. dt_out:2075 is bigger than timepoint: 480
Timepoint not recorded. dt_out:1050 is bigger than timepoint: 480
Timepoint not recorded. dt_out:200025 is bigger than timepoint: 480
Timepoint not recorded. dt_out:1050 is bigger than timepoint: 480
Timepoint not recorded. dt_out:2025 is bigger than timepoint: 480
Timepoint not recorded. dt_out:200050 is bigger than timepoint: 480
Timepoint not recorded. dt_out:2025 is bigger than timepoint: 480
Timepoint not recorded. dt_out:2050 is bigger than timepoint: 480
Timepoint not recorded. dt_out:200025 is bigger than timepoint: 480
Timepoint not recorded. dt_out:200075 is bigger than timepoint: 480
Timepoint not recorded. dt_out:200025 is bigger than timepoint: 480
Timepoint not recorded. dt_out:1050 is bigger than timepoint: 480
Timepoint not recorded. dt_out:200075 is bigger than timepoint: 480
Timepoint not recorded. dt_out:200075 is bigger than timepoint: 480
Timepoint not recorded. dt_out:200075 is bigger than timepoint: 480
Timepoint not recorded. dt_out:2050 is bigger than timepoint: 480
Timepoint not recorded. dt_out:1075 is bigger than timepoint: 480
Timepoint not recorded. dt_out:200025 is bigger than timepoint: 480
Timepoint not recorded. dt_out:1075 is bigger than timepoint: 480
Timepoint not recorded. dt_out:1025 is bigger than timepoint: 480
Timepoint not recorded. dt_out:1025 is bigger than timepoint: 480
Timepoint not recorded. dt_out:1050 is bigger than timepoint: 480
Timepoint not recorded. dt_out:1025 is bigger than timepoint: 480
Timepoint not recorded. dt_out:200050 is bigger than timepoint: 480
Timepoint not recorded. dt_out:200050 is bigger than timepoint: 480
Timepoint not recorded. dt_out:1075 is bigger than timepoint: 480
Timepoint not recorded. dt_out:1025 is bigger than timepoint: 480
Timepoint not recorded. dt_out:2050 is bigger than timepoint: 480
Timepoint not recorded. dt_out:2025 is bigger than timepoint: 480
Timepoint not recorded. dt_out:200050 is bigger than timepoint: 480
Timepoint not recorded. dt_out:1050 is bigger than timepoint: 480
Timepoint not recorded. dt_out:200075 is bigger than timepoint: 480
Timepoint not recorded. dt_out:2025 is bigger than timepoint: 480
Timepoint not recorded. dt_out:2050 is bigger than timepoint: 480
Timepoint not recorded. dt_out:2075 is bigger than timepoint: 480
Timepoint not recorded. dt_out:200025 is bigger than timepoint: 480
Timepoint not recorded. dt_out:200025 is bigger than timepoint: 480
Timepoint not recorded. dt_out:1025 is bigger than timepoint: 480
Timepoint not recorded. dt_out:2050 is bigger than timepoint: 480
Timepoint not recorded. dt_out:200075 is bigger than timepoint: 480
Timepoint not recorded. dt_out:1075 is bigger than timepoint: 480
Timepoint not recorded. dt_out:1075 is bigger than timepoint: 480
Timepoint not recorded. dt_out:200025 is bigger than timepoint: 480
Timepoint not recorded. dt_out:2075 is bigger than timepoint: 480
Timepoint not recorded. dt_out:200050 is bigger than timepoint: 480
Timepoint not recorded. dt_out:200050 is bigger than timepoint: 480
Timepoint not recorded. dt_out:2075 is bigger than timepoint: 480
Timepoint not recorded. dt_out:2025 is bigger than timepoint: 480
Timepoint not recorded. dt_out:2075 is bigger than timepoint: 480
Timepoint not recorded. dt_out:1025 is bigger than timepoint: 480
Timepoint not recorded. dt_out:1025 is bigger than timepoint: 480
Timepoint not recorded. dt_out:200050 is bigger than timepoint: 480
Timepoint not recorded. dt_out:2075 is bigger than timepoint: 480
Timepoint not recorded. dt_out:2025 is bigger than timepoint: 480
Timepoint not recorded. dt_out:1025 is bigger than timepoint: 480
Timepoint not recorded. dt_out:200075 is bigger than timepoint: 480
Timepoint not recorded. dt_out:2050 is bigger than timepoint: 480
Timepoint not recorded. dt_out:2050 is bigger than timepoint: 480
Timepoint not recorded. dt_out:1075 is bigger than timepoint: 480
Timepoint not recorded. dt_out:200050 is bigger than timepoint: 480
Timepoint not recorded. dt_out:2050 is bigger than timepoint: 480
Timepoint not recorded. dt_out:200025 is bigger than timepoint: 480
Timepoint not recorded. dt_out:2075 is bigger than timepoint: 480
Timepoint not recorded. dt_out:2025 is bigger than timepoint: 480
Timepoint not recorded. dt_out:1050 is bigger than timepoint: 480
Timepoint not recorded. dt_out:200075 is bigger than timepoint: 480
Timepoint not recorded. dt_out:2025 is bigger than timepoint: 480
Timepoint not recorded. dt_out:1050 is bigger than timepoint: 480
Timepoint not recorded. dt_out:2075 is bigger than timepoint: 480
Timepoint not recorded. dt_out:1075 is bigger than timepoint: 480
Timepoint not recorded. dt_out:1075 is bigger than timepoint: 480
Timepoint not recorded. dt_out:1050 is bigger than timepoint: 480
520
Timepoint not recorded. dt_out:200025 is bigger than timepoint: 520
Timepoint not recorded. dt_out:200025 is bigger than timepoint: 520
Timepoint not recorded. dt_out:200025 is bigger than timepoint: 520
Timepoint not recorded. dt_out:200025 is bigger than timepoint: 520
Timepoint not recorded. dt_out:200050 is bigger than timepoint: 520
Timepoint not recorded. dt_out:200025 is bigger than timepoint: 520
Timepoint not recorded. dt_out:200050 is bigger than timepoint: 520
Timepoint not recorded. dt_out:200075 is bigger than timepoint: 520
Timepoint not recorded. dt_out:200075 is bigger than timepoint: 520
Timepoint not recorded. dt_out:1050 is bigger than timepoint: 520
Timepoint not recorded. dt_out:200075 is bigger than timepoint: 520
Timepoint not recorded. dt_out:1075 is bigger than timepoint: 520
Timepoint not recorded. dt_out:1050 is bigger than timepoint: 520
Timepoint not recorded. dt_out:1050 is bigger than timepoint: 520
Timepoint not recorded. dt_out:1075 is bigger than timepoint: 520
Timepoint not recorded. dt_out:1025 is bigger than timepoint: 520
Timepoint not recorded. dt_out:1075 is bigger than timepoint: 520
Timepoint not recorded. dt_out:1050 is bigger than timepoint: 520
Timepoint not recorded. dt_out:1025 is bigger than timepoint: 520
Timepoint not recorded. dt_out:200025 is bigger than timepoint: 520
Timepoint not recorded. dt_out:200050 is bigger than timepoint: 520
Timepoint not recorded. dt_out:200025 is bigger than timepoint: 520
Timepoint not recorded. dt_out:1050 is bigger than timepoint: 520
Timepoint not recorded. dt_out:200050 is bigger than timepoint: 520
Timepoint not recorded. dt_out:200075 is bigger than timepoint: 520
Timepoint not recorded. dt_out:1025 is bigger than timepoint: 520
Timepoint not recorded. dt_out:200025 is bigger than timepoint: 520
Timepoint not recorded. dt_out:200075 is bigger than timepoint: 520
Timepoint not recorded. dt_out:1050 is bigger than timepoint: 520
Timepoint not recorded. dt_out:200075 is bigger than timepoint: 520
Timepoint not recorded. dt_out:200025 is bigger than timepoint: 520
Timepoint not recorded. dt_out:200075 is bigger than timepoint: 520
Timepoint not recorded. dt_out:200025 is bigger than timepoint: 520
Timepoint not recorded. dt_out:1025 is bigger than timepoint: 520
Timepoint not recorded. dt_out:1050 is bigger than timepoint: 520
Timepoint not recorded. dt_out:200075 is bigger than timepoint: 520
Timepoint not recorded. dt_out:200025 is bigger than timepoint: 520
Timepoint not recorded. dt_out:1075 is bigger than timepoint: 520
Timepoint not recorded. dt_out:200050 is bigger than timepoint: 520
Timepoint not recorded. dt_out:200075 is bigger than timepoint: 520
Timepoint not recorded. dt_out:200050 is bigger than timepoint: 520
Timepoint not recorded. dt_out:1025 is bigger than timepoint: 520
Timepoint not recorded. dt_out:200075 is bigger than timepoint: 520
Timepoint not recorded. dt_out:1075 is bigger than timepoint: 520
Timepoint not recorded. dt_out:200025 is bigger than timepoint: 520
Timepoint not recorded. dt_out:1050 is bigger than timepoint: 520
Timepoint not recorded. dt_out:200050 is bigger than timepoint: 520
Timepoint not recorded. dt_out:200050 is bigger than timepoint: 520
Timepoint not recorded. dt_out:1050 is bigger than timepoint: 520
Timepoint not recorded. dt_out:200050 is bigger than timepoint: 520
Timepoint not recorded. dt_out:200050 is bigger than timepoint: 520
Timepoint not recorded. dt_out:1025 is bigger than timepoint: 520
Timepoint not recorded. dt_out:1050 is bigger than timepoint: 520
Timepoint not recorded. dt_out:1050 is bigger than timepoint: 520
Timepoint not recorded. dt_out:1025 is bigger than timepoint: 520
Timepoint not recorded. dt_out:1075 is bigger than timepoint: 520
Timepoint not recorded. dt_out:1025 is bigger than timepoint: 520
Timepoint not recorded. dt_out:1025 is bigger than timepoint: 520
Timepoint not recorded. dt_out:1025 is bigger than timepoint: 520
Timepoint not recorded. dt_out:200025 is bigger than timepoint: 520
Timepoint not recorded. dt_out:1075 is bigger than timepoint: 520
Timepoint not recorded. dt_out:1075 is bigger than timepoint: 520
Timepoint not recorded. dt_out:1075 is bigger than timepoint: 520
Timepoint not recorded. dt_out:1050 is bigger than timepoint: 520
Timepoint not recorded. dt_out:200050 is bigger than timepoint: 520
Timepoint not recorded. dt_out:200050 is bigger than timepoint: 520
Timepoint not recorded. dt_out:200050 is bigger than timepoint: 520
Timepoint not recorded. dt_out:1050 is bigger than timepoint: 520
Timepoint not recorded. dt_out:200075 is bigger than timepoint: 520
Timepoint not recorded. dt_out:1050 is bigger than timepoint: 520
Timepoint not recorded. dt_out:200025 is bigger than timepoint: 520
Timepoint not recorded. dt_out:1025 is bigger than timepoint: 520
Timepoint not recorded. dt_out:1025 is bigger than timepoint: 520
Timepoint not recorded. dt_out:200075 is bigger than timepoint: 520
Timepoint not recorded. dt_out:200050 is bigger than timepoint: 520
Timepoint not recorded. dt_out:1025 is bigger than timepoint: 520
Timepoint not recorded. dt_out:1075 is bigger than timepoint: 520
Timepoint not recorded. dt_out:1025 is bigger than timepoint: 520
Timepoint not recorded. dt_out:200075 is bigger than timepoint: 520
Timepoint not recorded. dt_out:200075 is bigger than timepoint: 520
Timepoint not recorded. dt_out:200075 is bigger than timepoint: 520
Timepoint not recorded. dt_out:1075 is bigger than timepoint: 520
Timepoint not recorded. dt_out:200025 is bigger than timepoint: 520
Timepoint not recorded. dt_out:1075 is bigger than timepoint: 520
Timepoint not recorded. dt_out:200025 is bigger than timepoint: 520
Timepoint not recorded. dt_out:200075 is bigger than timepoint: 520
Timepoint not recorded. dt_out:200050 is bigger than timepoint: 520
Timepoint not recorded. dt_out:1075 is bigger than timepoint: 520
Timepoint not recorded. dt_out:1025 is bigger than timepoint: 520
Timepoint not recorded. dt_out:1075 is bigger than timepoint: 520
Timepoint not recorded. dt_out:1075 is bigger than timepoint: 520
Timepoint not recorded. dt_out:1050 is bigger than timepoint: 520
Timepoint not recorded. dt_out:1050 is bigger than timepoint: 520
Timepoint not recorded. dt_out:1075 is bigger than timepoint: 520
Timepoint not recorded. dt_out:200050 is bigger than timepoint: 520
Timepoint not recorded. dt_out:1025 is bigger than timepoint: 520
Timepoint not recorded. dt_out:2075 is bigger than timepoint: 520
Timepoint not recorded. dt_out:1050 is bigger than timepoint: 520
Timepoint not recorded. dt_out:200025 is bigger than timepoint: 520
Timepoint not recorded. dt_out:1050 is bigger than timepoint: 520
Timepoint not recorded. dt_out:2025 is bigger than timepoint: 520
Timepoint not recorded. dt_out:200050 is bigger than timepoint: 520
Timepoint not recorded. dt_out:2025 is bigger than timepoint: 520
Timepoint not recorded. dt_out:2050 is bigger than timepoint: 520
Timepoint not recorded. dt_out:200025 is bigger than timepoint: 520
Timepoint not recorded. dt_out:200075 is bigger than timepoint: 520
Timepoint not recorded. dt_out:200025 is bigger than timepoint: 520
Timepoint not recorded. dt_out:1050 is bigger than timepoint: 520
Timepoint not recorded. dt_out:200075 is bigger than timepoint: 520
Timepoint not recorded. dt_out:200075 is bigger than timepoint: 520
Timepoint not recorded. dt_out:200075 is bigger than timepoint: 520
Timepoint not recorded. dt_out:2050 is bigger than timepoint: 520
Timepoint not recorded. dt_out:1075 is bigger than timepoint: 520
Timepoint not recorded. dt_out:200025 is bigger than timepoint: 520
Timepoint not recorded. dt_out:1075 is bigger than timepoint: 520
Timepoint not recorded. dt_out:1025 is bigger than timepoint: 520
Timepoint not recorded. dt_out:1025 is bigger than timepoint: 520
Timepoint not recorded. dt_out:1050 is bigger than timepoint: 520
Timepoint not recorded. dt_out:1025 is bigger than timepoint: 520
Timepoint not recorded. dt_out:200050 is bigger than timepoint: 520
Timepoint not recorded. dt_out:200050 is bigger than timepoint: 520
Timepoint not recorded. dt_out:1075 is bigger than timepoint: 520
Timepoint not recorded. dt_out:1025 is bigger than timepoint: 520
Timepoint not recorded. dt_out:2050 is bigger than timepoint: 520
Timepoint not recorded. dt_out:2025 is bigger than timepoint: 520
Timepoint not recorded. dt_out:200050 is bigger than timepoint: 520
Timepoint not recorded. dt_out:1050 is bigger than timepoint: 520
Timepoint not recorded. dt_out:200075 is bigger than timepoint: 520
Timepoint not recorded. dt_out:2025 is bigger than timepoint: 520
Timepoint not recorded. dt_out:2050 is bigger than timepoint: 520
Timepoint not recorded. dt_out:2075 is bigger than timepoint: 520
Timepoint not recorded. dt_out:200025 is bigger than timepoint: 520
Timepoint not recorded. dt_out:200025 is bigger than timepoint: 520
Timepoint not recorded. dt_out:1025 is bigger than timepoint: 520
Timepoint not recorded. dt_out:2050 is bigger than timepoint: 520
Timepoint not recorded. dt_out:200075 is bigger than timepoint: 520
Timepoint not recorded. dt_out:1075 is bigger than timepoint: 520
Timepoint not recorded. dt_out:1075 is bigger than timepoint: 520
Timepoint not recorded. dt_out:200025 is bigger than timepoint: 520
Timepoint not recorded. dt_out:2075 is bigger than timepoint: 520
Timepoint not recorded. dt_out:200050 is bigger than timepoint: 520
Timepoint not recorded. dt_out:200050 is bigger than timepoint: 520
Timepoint not recorded. dt_out:2075 is bigger than timepoint: 520
Timepoint not recorded. dt_out:2025 is bigger than timepoint: 520
Timepoint not recorded. dt_out:2075 is bigger than timepoint: 520
Timepoint not recorded. dt_out:1025 is bigger than timepoint: 520
Timepoint not recorded. dt_out:1025 is bigger than timepoint: 520
Timepoint not recorded. dt_out:200050 is bigger than timepoint: 520
Timepoint not recorded. dt_out:2075 is bigger than timepoint: 520
Timepoint not recorded. dt_out:2025 is bigger than timepoint: 520
Timepoint not recorded. dt_out:1025 is bigger than timepoint: 520
Timepoint not recorded. dt_out:200075 is bigger than timepoint: 520
Timepoint not recorded. dt_out:2050 is bigger than timepoint: 520
Timepoint not recorded. dt_out:2050 is bigger than timepoint: 520
Timepoint not recorded. dt_out:1075 is bigger than timepoint: 520
Timepoint not recorded. dt_out:200050 is bigger than timepoint: 520
Timepoint not recorded. dt_out:2050 is bigger than timepoint: 520
Timepoint not recorded. dt_out:200025 is bigger than timepoint: 520
Timepoint not recorded. dt_out:2075 is bigger than timepoint: 520
Timepoint not recorded. dt_out:2025 is bigger than timepoint: 520
Timepoint not recorded. dt_out:1050 is bigger than timepoint: 520
Timepoint not recorded. dt_out:200075 is bigger than timepoint: 520
Timepoint not recorded. dt_out:2025 is bigger than timepoint: 520
Timepoint not recorded. dt_out:1050 is bigger than timepoint: 520
Timepoint not recorded. dt_out:2075 is bigger than timepoint: 520
Timepoint not recorded. dt_out:1075 is bigger than timepoint: 520
Timepoint not recorded. dt_out:1075 is bigger than timepoint: 520
Timepoint not recorded. dt_out:1050 is bigger than timepoint: 520
560
Timepoint not recorded. dt_out:200025 is bigger than timepoint: 560
Timepoint not recorded. dt_out:200025 is bigger than timepoint: 560
Timepoint not recorded. dt_out:200025 is bigger than timepoint: 560
Timepoint not recorded. dt_out:200025 is bigger than timepoint: 560
Timepoint not recorded. dt_out:200050 is bigger than timepoint: 560
Timepoint not recorded. dt_out:200025 is bigger than timepoint: 560
Timepoint not recorded. dt_out:200050 is bigger than timepoint: 560
Timepoint not recorded. dt_out:200075 is bigger than timepoint: 560
Timepoint not recorded. dt_out:200075 is bigger than timepoint: 560
Timepoint not recorded. dt_out:1050 is bigger than timepoint: 560
Timepoint not recorded. dt_out:200075 is bigger than timepoint: 560
Timepoint not recorded. dt_out:1075 is bigger than timepoint: 560
Timepoint not recorded. dt_out:1050 is bigger than timepoint: 560
Timepoint not recorded. dt_out:1050 is bigger than timepoint: 560
Timepoint not recorded. dt_out:1075 is bigger than timepoint: 560
Timepoint not recorded. dt_out:1025 is bigger than timepoint: 560
Timepoint not recorded. dt_out:1075 is bigger than timepoint: 560
Timepoint not recorded. dt_out:1050 is bigger than timepoint: 560
Timepoint not recorded. dt_out:1025 is bigger than timepoint: 560
Timepoint not recorded. dt_out:200025 is bigger than timepoint: 560
Timepoint not recorded. dt_out:200050 is bigger than timepoint: 560
Timepoint not recorded. dt_out:200025 is bigger than timepoint: 560
Timepoint not recorded. dt_out:1050 is bigger than timepoint: 560
Timepoint not recorded. dt_out:200050 is bigger than timepoint: 560
Timepoint not recorded. dt_out:200075 is bigger than timepoint: 560
Timepoint not recorded. dt_out:1025 is bigger than timepoint: 560
Timepoint not recorded. dt_out:200025 is bigger than timepoint: 560
Timepoint not recorded. dt_out:200075 is bigger than timepoint: 560
Timepoint not recorded. dt_out:1050 is bigger than timepoint: 560
Timepoint not recorded. dt_out:200075 is bigger than timepoint: 560
Timepoint not recorded. dt_out:200025 is bigger than timepoint: 560
Timepoint not recorded. dt_out:200075 is bigger than timepoint: 560
Timepoint not recorded. dt_out:200025 is bigger than timepoint: 560
Timepoint not recorded. dt_out:1025 is bigger than timepoint: 560
Timepoint not recorded. dt_out:1050 is bigger than timepoint: 560
Timepoint not recorded. dt_out:200075 is bigger than timepoint: 560
Timepoint not recorded. dt_out:200025 is bigger than timepoint: 560
Timepoint not recorded. dt_out:1075 is bigger than timepoint: 560
Timepoint not recorded. dt_out:200050 is bigger than timepoint: 560
Timepoint not recorded. dt_out:200075 is bigger than timepoint: 560
Timepoint not recorded. dt_out:200050 is bigger than timepoint: 560
Timepoint not recorded. dt_out:1025 is bigger than timepoint: 560
Timepoint not recorded. dt_out:200075 is bigger than timepoint: 560
Timepoint not recorded. dt_out:1075 is bigger than timepoint: 560
Timepoint not recorded. dt_out:200025 is bigger than timepoint: 560
Timepoint not recorded. dt_out:1050 is bigger than timepoint: 560
Timepoint not recorded. dt_out:200050 is bigger than timepoint: 560
Timepoint not recorded. dt_out:200050 is bigger than timepoint: 560
Timepoint not recorded. dt_out:1050 is bigger than timepoint: 560
Timepoint not recorded. dt_out:200050 is bigger than timepoint: 560
Timepoint not recorded. dt_out:200050 is bigger than timepoint: 560
Timepoint not recorded. dt_out:1025 is bigger than timepoint: 560
Timepoint not recorded. dt_out:1050 is bigger than timepoint: 560
Timepoint not recorded. dt_out:1050 is bigger than timepoint: 560
Timepoint not recorded. dt_out:1025 is bigger than timepoint: 560
Timepoint not recorded. dt_out:1075 is bigger than timepoint: 560
Timepoint not recorded. dt_out:1025 is bigger than timepoint: 560
Timepoint not recorded. dt_out:1025 is bigger than timepoint: 560
Timepoint not recorded. dt_out:1025 is bigger than timepoint: 560
Timepoint not recorded. dt_out:200025 is bigger than timepoint: 560
Timepoint not recorded. dt_out:1075 is bigger than timepoint: 560
Timepoint not recorded. dt_out:1075 is bigger than timepoint: 560
Timepoint not recorded. dt_out:1075 is bigger than timepoint: 560
Timepoint not recorded. dt_out:1050 is bigger than timepoint: 560
Timepoint not recorded. dt_out:200050 is bigger than timepoint: 560
Timepoint not recorded. dt_out:200050 is bigger than timepoint: 560
Timepoint not recorded. dt_out:200050 is bigger than timepoint: 560
Timepoint not recorded. dt_out:1050 is bigger than timepoint: 560
Timepoint not recorded. dt_out:200075 is bigger than timepoint: 560
Timepoint not recorded. dt_out:1050 is bigger than timepoint: 560
Timepoint not recorded. dt_out:200025 is bigger than timepoint: 560
Timepoint not recorded. dt_out:1025 is bigger than timepoint: 560
Timepoint not recorded. dt_out:1025 is bigger than timepoint: 560
Timepoint not recorded. dt_out:200075 is bigger than timepoint: 560
Timepoint not recorded. dt_out:200050 is bigger than timepoint: 560
Timepoint not recorded. dt_out:1025 is bigger than timepoint: 560
Timepoint not recorded. dt_out:1075 is bigger than timepoint: 560
Timepoint not recorded. dt_out:1025 is bigger than timepoint: 560
Timepoint not recorded. dt_out:200075 is bigger than timepoint: 560
Timepoint not recorded. dt_out:200075 is bigger than timepoint: 560
Timepoint not recorded. dt_out:200075 is bigger than timepoint: 560
Timepoint not recorded. dt_out:1075 is bigger than timepoint: 560
Timepoint not recorded. dt_out:200025 is bigger than timepoint: 560
Timepoint not recorded. dt_out:1075 is bigger than timepoint: 560
Timepoint not recorded. dt_out:200025 is bigger than timepoint: 560
Timepoint not recorded. dt_out:200075 is bigger than timepoint: 560
Timepoint not recorded. dt_out:200050 is bigger than timepoint: 560
Timepoint not recorded. dt_out:1075 is bigger than timepoint: 560
Timepoint not recorded. dt_out:1025 is bigger than timepoint: 560
Timepoint not recorded. dt_out:1075 is bigger than timepoint: 560
Timepoint not recorded. dt_out:1075 is bigger than timepoint: 560
Timepoint not recorded. dt_out:1050 is bigger than timepoint: 560
Timepoint not recorded. dt_out:1050 is bigger than timepoint: 560
Timepoint not recorded. dt_out:1075 is bigger than timepoint: 560
Timepoint not recorded. dt_out:200050 is bigger than timepoint: 560
Timepoint not recorded. dt_out:1025 is bigger than timepoint: 560
Timepoint not recorded. dt_out:2075 is bigger than timepoint: 560
Timepoint not recorded. dt_out:1050 is bigger than timepoint: 560
Timepoint not recorded. dt_out:200025 is bigger than timepoint: 560
Timepoint not recorded. dt_out:1050 is bigger than timepoint: 560
Timepoint not recorded. dt_out:2025 is bigger than timepoint: 560
Timepoint not recorded. dt_out:200050 is bigger than timepoint: 560
Timepoint not recorded. dt_out:2025 is bigger than timepoint: 560
Timepoint not recorded. dt_out:2050 is bigger than timepoint: 560
Timepoint not recorded. dt_out:200025 is bigger than timepoint: 560
Timepoint not recorded. dt_out:200075 is bigger than timepoint: 560
Timepoint not recorded. dt_out:200025 is bigger than timepoint: 560
Timepoint not recorded. dt_out:1050 is bigger than timepoint: 560
Timepoint not recorded. dt_out:200075 is bigger than timepoint: 560
Timepoint not recorded. dt_out:200075 is bigger than timepoint: 560
Timepoint not recorded. dt_out:200075 is bigger than timepoint: 560
Timepoint not recorded. dt_out:2050 is bigger than timepoint: 560
Timepoint not recorded. dt_out:1075 is bigger than timepoint: 560
Timepoint not recorded. dt_out:200025 is bigger than timepoint: 560
Timepoint not recorded. dt_out:1075 is bigger than timepoint: 560
Timepoint not recorded. dt_out:1025 is bigger than timepoint: 560
Timepoint not recorded. dt_out:1025 is bigger than timepoint: 560
Timepoint not recorded. dt_out:1050 is bigger than timepoint: 560
Timepoint not recorded. dt_out:1025 is bigger than timepoint: 560
Timepoint not recorded. dt_out:200050 is bigger than timepoint: 560
Timepoint not recorded. dt_out:200050 is bigger than timepoint: 560
Timepoint not recorded. dt_out:1075 is bigger than timepoint: 560
Timepoint not recorded. dt_out:1025 is bigger than timepoint: 560
Timepoint not recorded. dt_out:2050 is bigger than timepoint: 560
Timepoint not recorded. dt_out:2025 is bigger than timepoint: 560
Timepoint not recorded. dt_out:200050 is bigger than timepoint: 560
Timepoint not recorded. dt_out:1050 is bigger than timepoint: 560
Timepoint not recorded. dt_out:200075 is bigger than timepoint: 560
Timepoint not recorded. dt_out:2025 is bigger than timepoint: 560
Timepoint not recorded. dt_out:2050 is bigger than timepoint: 560
Timepoint not recorded. dt_out:2075 is bigger than timepoint: 560
Timepoint not recorded. dt_out:200025 is bigger than timepoint: 560
Timepoint not recorded. dt_out:200025 is bigger than timepoint: 560
Timepoint not recorded. dt_out:1025 is bigger than timepoint: 560
Timepoint not recorded. dt_out:2050 is bigger than timepoint: 560
Timepoint not recorded. dt_out:200075 is bigger than timepoint: 560
Timepoint not recorded. dt_out:1075 is bigger than timepoint: 560
Timepoint not recorded. dt_out:1075 is bigger than timepoint: 560
Timepoint not recorded. dt_out:200025 is bigger than timepoint: 560
Timepoint not recorded. dt_out:2075 is bigger than timepoint: 560
Timepoint not recorded. dt_out:200050 is bigger than timepoint: 560
Timepoint not recorded. dt_out:200050 is bigger than timepoint: 560
Timepoint not recorded. dt_out:2075 is bigger than timepoint: 560
Timepoint not recorded. dt_out:2025 is bigger than timepoint: 560
Timepoint not recorded. dt_out:2075 is bigger than timepoint: 560
Timepoint not recorded. dt_out:1025 is bigger than timepoint: 560
Timepoint not recorded. dt_out:1025 is bigger than timepoint: 560
Timepoint not recorded. dt_out:200050 is bigger than timepoint: 560
Timepoint not recorded. dt_out:2075 is bigger than timepoint: 560
Timepoint not recorded. dt_out:2025 is bigger than timepoint: 560
Timepoint not recorded. dt_out:1025 is bigger than timepoint: 560
Timepoint not recorded. dt_out:200075 is bigger than timepoint: 560
Timepoint not recorded. dt_out:2050 is bigger than timepoint: 560
Timepoint not recorded. dt_out:2050 is bigger than timepoint: 560
Timepoint not recorded. dt_out:1075 is bigger than timepoint: 560
Timepoint not recorded. dt_out:200050 is bigger than timepoint: 560
Timepoint not recorded. dt_out:2050 is bigger than timepoint: 560
Timepoint not recorded. dt_out:200025 is bigger than timepoint: 560
Timepoint not recorded. dt_out:2075 is bigger than timepoint: 560
Timepoint not recorded. dt_out:2025 is bigger than timepoint: 560
Timepoint not recorded. dt_out:1050 is bigger than timepoint: 560
Timepoint not recorded. dt_out:200075 is bigger than timepoint: 560
Timepoint not recorded. dt_out:2025 is bigger than timepoint: 560
Timepoint not recorded. dt_out:1050 is bigger than timepoint: 560
Timepoint not recorded. dt_out:2075 is bigger than timepoint: 560
Timepoint not recorded. dt_out:1075 is bigger than timepoint: 560
Timepoint not recorded. dt_out:1075 is bigger than timepoint: 560
Timepoint not recorded. dt_out:1050 is bigger than timepoint: 560
600
Timepoint not recorded. dt_out:200025 is bigger than timepoint: 600
Timepoint not recorded. dt_out:200025 is bigger than timepoint: 600
Timepoint not recorded. dt_out:200025 is bigger than timepoint: 600
Timepoint not recorded. dt_out:200025 is bigger than timepoint: 600
Timepoint not recorded. dt_out:200050 is bigger than timepoint: 600
Timepoint not recorded. dt_out:200025 is bigger than timepoint: 600
Timepoint not recorded. dt_out:200050 is bigger than timepoint: 600
Timepoint not recorded. dt_out:200075 is bigger than timepoint: 600
Timepoint not recorded. dt_out:200075 is bigger than timepoint: 600
Timepoint not recorded. dt_out:1050 is bigger than timepoint: 600
Timepoint not recorded. dt_out:200075 is bigger than timepoint: 600
Timepoint not recorded. dt_out:1075 is bigger than timepoint: 600
Timepoint not recorded. dt_out:1050 is bigger than timepoint: 600
Timepoint not recorded. dt_out:1050 is bigger than timepoint: 600
Timepoint not recorded. dt_out:1075 is bigger than timepoint: 600
Timepoint not recorded. dt_out:1025 is bigger than timepoint: 600
Timepoint not recorded. dt_out:1075 is bigger than timepoint: 600
Timepoint not recorded. dt_out:1050 is bigger than timepoint: 600
Timepoint not recorded. dt_out:1025 is bigger than timepoint: 600
Timepoint not recorded. dt_out:200025 is bigger than timepoint: 600
Timepoint not recorded. dt_out:200050 is bigger than timepoint: 600
Timepoint not recorded. dt_out:200025 is bigger than timepoint: 600
Timepoint not recorded. dt_out:1050 is bigger than timepoint: 600
Timepoint not recorded. dt_out:200050 is bigger than timepoint: 600
Timepoint not recorded. dt_out:200075 is bigger than timepoint: 600
Timepoint not recorded. dt_out:1025 is bigger than timepoint: 600
Timepoint not recorded. dt_out:200025 is bigger than timepoint: 600
Timepoint not recorded. dt_out:200075 is bigger than timepoint: 600
Timepoint not recorded. dt_out:1050 is bigger than timepoint: 600
Timepoint not recorded. dt_out:200075 is bigger than timepoint: 600
Timepoint not recorded. dt_out:200025 is bigger than timepoint: 600
Timepoint not recorded. dt_out:200075 is bigger than timepoint: 600
Timepoint not recorded. dt_out:200025 is bigger than timepoint: 600
Timepoint not recorded. dt_out:1025 is bigger than timepoint: 600
Timepoint not recorded. dt_out:1050 is bigger than timepoint: 600
Timepoint not recorded. dt_out:200075 is bigger than timepoint: 600
Timepoint not recorded. dt_out:200025 is bigger than timepoint: 600
Timepoint not recorded. dt_out:1075 is bigger than timepoint: 600
Timepoint not recorded. dt_out:200050 is bigger than timepoint: 600
Timepoint not recorded. dt_out:200075 is bigger than timepoint: 600
Timepoint not recorded. dt_out:200050 is bigger than timepoint: 600
Timepoint not recorded. dt_out:1025 is bigger than timepoint: 600
Timepoint not recorded. dt_out:200075 is bigger than timepoint: 600
Timepoint not recorded. dt_out:1075 is bigger than timepoint: 600
Timepoint not recorded. dt_out:200025 is bigger than timepoint: 600
Timepoint not recorded. dt_out:1050 is bigger than timepoint: 600
Timepoint not recorded. dt_out:200050 is bigger than timepoint: 600
Timepoint not recorded. dt_out:200050 is bigger than timepoint: 600
Timepoint not recorded. dt_out:1050 is bigger than timepoint: 600
Timepoint not recorded. dt_out:200050 is bigger than timepoint: 600
Timepoint not recorded. dt_out:200050 is bigger than timepoint: 600
Timepoint not recorded. dt_out:1025 is bigger than timepoint: 600
Timepoint not recorded. dt_out:1050 is bigger than timepoint: 600
Timepoint not recorded. dt_out:1050 is bigger than timepoint: 600
Timepoint not recorded. dt_out:1025 is bigger than timepoint: 600
Timepoint not recorded. dt_out:1075 is bigger than timepoint: 600
Timepoint not recorded. dt_out:1025 is bigger than timepoint: 600
Timepoint not recorded. dt_out:1025 is bigger than timepoint: 600
Timepoint not recorded. dt_out:1025 is bigger than timepoint: 600
Timepoint not recorded. dt_out:200025 is bigger than timepoint: 600
Timepoint not recorded. dt_out:1075 is bigger than timepoint: 600
Timepoint not recorded. dt_out:1075 is bigger than timepoint: 600
Timepoint not recorded. dt_out:1075 is bigger than timepoint: 600
Timepoint not recorded. dt_out:1050 is bigger than timepoint: 600
Timepoint not recorded. dt_out:200050 is bigger than timepoint: 600
Timepoint not recorded. dt_out:200050 is bigger than timepoint: 600
Timepoint not recorded. dt_out:200050 is bigger than timepoint: 600
Timepoint not recorded. dt_out:1050 is bigger than timepoint: 600
Timepoint not recorded. dt_out:200075 is bigger than timepoint: 600
Timepoint not recorded. dt_out:1050 is bigger than timepoint: 600
Timepoint not recorded. dt_out:200025 is bigger than timepoint: 600
Timepoint not recorded. dt_out:1025 is bigger than timepoint: 600
Timepoint not recorded. dt_out:1025 is bigger than timepoint: 600
Timepoint not recorded. dt_out:200075 is bigger than timepoint: 600
Timepoint not recorded. dt_out:200050 is bigger than timepoint: 600
Timepoint not recorded. dt_out:1025 is bigger than timepoint: 600
Timepoint not recorded. dt_out:1075 is bigger than timepoint: 600
Timepoint not recorded. dt_out:1025 is bigger than timepoint: 600
Timepoint not recorded. dt_out:200075 is bigger than timepoint: 600
Timepoint not recorded. dt_out:200075 is bigger than timepoint: 600
Timepoint not recorded. dt_out:200075 is bigger than timepoint: 600
Timepoint not recorded. dt_out:1075 is bigger than timepoint: 600
Timepoint not recorded. dt_out:200025 is bigger than timepoint: 600
Timepoint not recorded. dt_out:1075 is bigger than timepoint: 600
Timepoint not recorded. dt_out:200025 is bigger than timepoint: 600
Timepoint not recorded. dt_out:200075 is bigger than timepoint: 600
Timepoint not recorded. dt_out:200050 is bigger than timepoint: 600
Timepoint not recorded. dt_out:1075 is bigger than timepoint: 600
Timepoint not recorded. dt_out:1025 is bigger than timepoint: 600
Timepoint not recorded. dt_out:1075 is bigger than timepoint: 600
Timepoint not recorded. dt_out:1075 is bigger than timepoint: 600
Timepoint not recorded. dt_out:1050 is bigger than timepoint: 600
Timepoint not recorded. dt_out:1050 is bigger than timepoint: 600
Timepoint not recorded. dt_out:1075 is bigger than timepoint: 600
Timepoint not recorded. dt_out:200050 is bigger than timepoint: 600
Timepoint not recorded. dt_out:1025 is bigger than timepoint: 600
Timepoint not recorded. dt_out:2075 is bigger than timepoint: 600
Timepoint not recorded. dt_out:1050 is bigger than timepoint: 600
Timepoint not recorded. dt_out:200025 is bigger than timepoint: 600
Timepoint not recorded. dt_out:1050 is bigger than timepoint: 600
Timepoint not recorded. dt_out:2025 is bigger than timepoint: 600
Timepoint not recorded. dt_out:200050 is bigger than timepoint: 600
Timepoint not recorded. dt_out:2025 is bigger than timepoint: 600
Timepoint not recorded. dt_out:2050 is bigger than timepoint: 600
Timepoint not recorded. dt_out:200025 is bigger than timepoint: 600
Timepoint not recorded. dt_out:200075 is bigger than timepoint: 600
Timepoint not recorded. dt_out:200025 is bigger than timepoint: 600
Timepoint not recorded. dt_out:1050 is bigger than timepoint: 600
Timepoint not recorded. dt_out:200075 is bigger than timepoint: 600
Timepoint not recorded. dt_out:200075 is bigger than timepoint: 600
Timepoint not recorded. dt_out:200075 is bigger than timepoint: 600
Timepoint not recorded. dt_out:2050 is bigger than timepoint: 600
Timepoint not recorded. dt_out:1075 is bigger than timepoint: 600
Timepoint not recorded. dt_out:200025 is bigger than timepoint: 600
Timepoint not recorded. dt_out:1075 is bigger than timepoint: 600
Timepoint not recorded. dt_out:1025 is bigger than timepoint: 600
Timepoint not recorded. dt_out:1025 is bigger than timepoint: 600
Timepoint not recorded. dt_out:1050 is bigger than timepoint: 600
Timepoint not recorded. dt_out:1025 is bigger than timepoint: 600
Timepoint not recorded. dt_out:200050 is bigger than timepoint: 600
Timepoint not recorded. dt_out:200050 is bigger than timepoint: 600
Timepoint not recorded. dt_out:1075 is bigger than timepoint: 600
Timepoint not recorded. dt_out:1025 is bigger than timepoint: 600
Timepoint not recorded. dt_out:2050 is bigger than timepoint: 600
Timepoint not recorded. dt_out:2025 is bigger than timepoint: 600
Timepoint not recorded. dt_out:200050 is bigger than timepoint: 600
Timepoint not recorded. dt_out:1050 is bigger than timepoint: 600
Timepoint not recorded. dt_out:200075 is bigger than timepoint: 600
Timepoint not recorded. dt_out:2025 is bigger than timepoint: 600
Timepoint not recorded. dt_out:2050 is bigger than timepoint: 600
Timepoint not recorded. dt_out:2075 is bigger than timepoint: 600
Timepoint not recorded. dt_out:200025 is bigger than timepoint: 600
Timepoint not recorded. dt_out:200025 is bigger than timepoint: 600
Timepoint not recorded. dt_out:1025 is bigger than timepoint: 600
Timepoint not recorded. dt_out:2050 is bigger than timepoint: 600
Timepoint not recorded. dt_out:200075 is bigger than timepoint: 600
Timepoint not recorded. dt_out:1075 is bigger than timepoint: 600
Timepoint not recorded. dt_out:1075 is bigger than timepoint: 600
Timepoint not recorded. dt_out:200025 is bigger than timepoint: 600
Timepoint not recorded. dt_out:2075 is bigger than timepoint: 600
Timepoint not recorded. dt_out:200050 is bigger than timepoint: 600
Timepoint not recorded. dt_out:200050 is bigger than timepoint: 600
Timepoint not recorded. dt_out:2075 is bigger than timepoint: 600
Timepoint not recorded. dt_out:2025 is bigger than timepoint: 600
Timepoint not recorded. dt_out:2075 is bigger than timepoint: 600
Timepoint not recorded. dt_out:1025 is bigger than timepoint: 600
Timepoint not recorded. dt_out:1025 is bigger than timepoint: 600
Timepoint not recorded. dt_out:200050 is bigger than timepoint: 600
Timepoint not recorded. dt_out:2075 is bigger than timepoint: 600
Timepoint not recorded. dt_out:2025 is bigger than timepoint: 600
Timepoint not recorded. dt_out:1025 is bigger than timepoint: 600
Timepoint not recorded. dt_out:200075 is bigger than timepoint: 600
Timepoint not recorded. dt_out:2050 is bigger than timepoint: 600
Timepoint not recorded. dt_out:2050 is bigger than timepoint: 600
Timepoint not recorded. dt_out:1075 is bigger than timepoint: 600
Timepoint not recorded. dt_out:200050 is bigger than timepoint: 600
Timepoint not recorded. dt_out:2050 is bigger than timepoint: 600
Timepoint not recorded. dt_out:200025 is bigger than timepoint: 600
Timepoint not recorded. dt_out:2075 is bigger than timepoint: 600
Timepoint not recorded. dt_out:2025 is bigger than timepoint: 600
Timepoint not recorded. dt_out:1050 is bigger than timepoint: 600
Timepoint not recorded. dt_out:200075 is bigger than timepoint: 600
Timepoint not recorded. dt_out:2025 is bigger than timepoint: 600
Timepoint not recorded. dt_out:1050 is bigger than timepoint: 600
Timepoint not recorded. dt_out:2075 is bigger than timepoint: 600
Timepoint not recorded. dt_out:1075 is bigger than timepoint: 600
Timepoint not recorded. dt_out:1075 is bigger than timepoint: 600
Timepoint not recorded. dt_out:1050 is bigger than timepoint: 600
640
Timepoint not recorded. dt_out:200025 is bigger than timepoint: 640
Timepoint not recorded. dt_out:200025 is bigger than timepoint: 640
Timepoint not recorded. dt_out:200025 is bigger than timepoint: 640
Timepoint not recorded. dt_out:200025 is bigger than timepoint: 640
Timepoint not recorded. dt_out:200050 is bigger than timepoint: 640
Timepoint not recorded. dt_out:200025 is bigger than timepoint: 640
Timepoint not recorded. dt_out:200050 is bigger than timepoint: 640
Timepoint not recorded. dt_out:200075 is bigger than timepoint: 640
Timepoint not recorded. dt_out:200075 is bigger than timepoint: 640
Timepoint not recorded. dt_out:1050 is bigger than timepoint: 640
Timepoint not recorded. dt_out:200075 is bigger than timepoint: 640
Timepoint not recorded. dt_out:1075 is bigger than timepoint: 640
Timepoint not recorded. dt_out:1050 is bigger than timepoint: 640
Timepoint not recorded. dt_out:1050 is bigger than timepoint: 640
Timepoint not recorded. dt_out:1075 is bigger than timepoint: 640
Timepoint not recorded. dt_out:1025 is bigger than timepoint: 640
Timepoint not recorded. dt_out:1075 is bigger than timepoint: 640
Timepoint not recorded. dt_out:1050 is bigger than timepoint: 640
Timepoint not recorded. dt_out:1025 is bigger than timepoint: 640
Timepoint not recorded. dt_out:200025 is bigger than timepoint: 640
Timepoint not recorded. dt_out:200050 is bigger than timepoint: 640
Timepoint not recorded. dt_out:200025 is bigger than timepoint: 640
Timepoint not recorded. dt_out:1050 is bigger than timepoint: 640
Timepoint not recorded. dt_out:200050 is bigger than timepoint: 640
Timepoint not recorded. dt_out:200075 is bigger than timepoint: 640
Timepoint not recorded. dt_out:1025 is bigger than timepoint: 640
Timepoint not recorded. dt_out:200025 is bigger than timepoint: 640
Timepoint not recorded. dt_out:200075 is bigger than timepoint: 640
Timepoint not recorded. dt_out:1050 is bigger than timepoint: 640
Timepoint not recorded. dt_out:200075 is bigger than timepoint: 640
Timepoint not recorded. dt_out:200025 is bigger than timepoint: 640
Timepoint not recorded. dt_out:200075 is bigger than timepoint: 640
Timepoint not recorded. dt_out:200025 is bigger than timepoint: 640
Timepoint not recorded. dt_out:1025 is bigger than timepoint: 640
Timepoint not recorded. dt_out:1050 is bigger than timepoint: 640
Timepoint not recorded. dt_out:200075 is bigger than timepoint: 640
Timepoint not recorded. dt_out:200025 is bigger than timepoint: 640
Timepoint not recorded. dt_out:1075 is bigger than timepoint: 640
Timepoint not recorded. dt_out:200050 is bigger than timepoint: 640
Timepoint not recorded. dt_out:200075 is bigger than timepoint: 640
Timepoint not recorded. dt_out:200050 is bigger than timepoint: 640
Timepoint not recorded. dt_out:1025 is bigger than timepoint: 640
Timepoint not recorded. dt_out:200075 is bigger than timepoint: 640
Timepoint not recorded. dt_out:1075 is bigger than timepoint: 640
Timepoint not recorded. dt_out:200025 is bigger than timepoint: 640
Timepoint not recorded. dt_out:1050 is bigger than timepoint: 640
Timepoint not recorded. dt_out:200050 is bigger than timepoint: 640
Timepoint not recorded. dt_out:200050 is bigger than timepoint: 640
Timepoint not recorded. dt_out:1050 is bigger than timepoint: 640
Timepoint not recorded. dt_out:200050 is bigger than timepoint: 640
Timepoint not recorded. dt_out:200050 is bigger than timepoint: 640
Timepoint not recorded. dt_out:1025 is bigger than timepoint: 640
Timepoint not recorded. dt_out:1050 is bigger than timepoint: 640
Timepoint not recorded. dt_out:1050 is bigger than timepoint: 640
Timepoint not recorded. dt_out:1025 is bigger than timepoint: 640
Timepoint not recorded. dt_out:1075 is bigger than timepoint: 640
Timepoint not recorded. dt_out:1025 is bigger than timepoint: 640
Timepoint not recorded. dt_out:1025 is bigger than timepoint: 640
Timepoint not recorded. dt_out:1025 is bigger than timepoint: 640
Timepoint not recorded. dt_out:200025 is bigger than timepoint: 640
Timepoint not recorded. dt_out:1075 is bigger than timepoint: 640
Timepoint not recorded. dt_out:1075 is bigger than timepoint: 640
Timepoint not recorded. dt_out:1075 is bigger than timepoint: 640
Timepoint not recorded. dt_out:1050 is bigger than timepoint: 640
Timepoint not recorded. dt_out:200050 is bigger than timepoint: 640
Timepoint not recorded. dt_out:200050 is bigger than timepoint: 640
Timepoint not recorded. dt_out:200050 is bigger than timepoint: 640
Timepoint not recorded. dt_out:1050 is bigger than timepoint: 640
Timepoint not recorded. dt_out:200075 is bigger than timepoint: 640
Timepoint not recorded. dt_out:1050 is bigger than timepoint: 640
Timepoint not recorded. dt_out:200025 is bigger than timepoint: 640
Timepoint not recorded. dt_out:1025 is bigger than timepoint: 640
Timepoint not recorded. dt_out:1025 is bigger than timepoint: 640
Timepoint not recorded. dt_out:200075 is bigger than timepoint: 640
Timepoint not recorded. dt_out:200050 is bigger than timepoint: 640
Timepoint not recorded. dt_out:1025 is bigger than timepoint: 640
Timepoint not recorded. dt_out:1075 is bigger than timepoint: 640
Timepoint not recorded. dt_out:1025 is bigger than timepoint: 640
Timepoint not recorded. dt_out:200075 is bigger than timepoint: 640
Timepoint not recorded. dt_out:200075 is bigger than timepoint: 640
Timepoint not recorded. dt_out:200075 is bigger than timepoint: 640
Timepoint not recorded. dt_out:1075 is bigger than timepoint: 640
Timepoint not recorded. dt_out:200025 is bigger than timepoint: 640
Timepoint not recorded. dt_out:1075 is bigger than timepoint: 640
Timepoint not recorded. dt_out:200025 is bigger than timepoint: 640
Timepoint not recorded. dt_out:200075 is bigger than timepoint: 640
Timepoint not recorded. dt_out:200050 is bigger than timepoint: 640
Timepoint not recorded. dt_out:1075 is bigger than timepoint: 640
Timepoint not recorded. dt_out:1025 is bigger than timepoint: 640
Timepoint not recorded. dt_out:1075 is bigger than timepoint: 640
Timepoint not recorded. dt_out:1075 is bigger than timepoint: 640
Timepoint not recorded. dt_out:1050 is bigger than timepoint: 640
Timepoint not recorded. dt_out:1050 is bigger than timepoint: 640
Timepoint not recorded. dt_out:1075 is bigger than timepoint: 640
Timepoint not recorded. dt_out:200050 is bigger than timepoint: 640
Timepoint not recorded. dt_out:1025 is bigger than timepoint: 640
Timepoint not recorded. dt_out:2075 is bigger than timepoint: 640
Timepoint not recorded. dt_out:1050 is bigger than timepoint: 640
Timepoint not recorded. dt_out:200025 is bigger than timepoint: 640
Timepoint not recorded. dt_out:1050 is bigger than timepoint: 640
Timepoint not recorded. dt_out:2025 is bigger than timepoint: 640
Timepoint not recorded. dt_out:200050 is bigger than timepoint: 640
Timepoint not recorded. dt_out:2025 is bigger than timepoint: 640
Timepoint not recorded. dt_out:2050 is bigger than timepoint: 640
Timepoint not recorded. dt_out:200025 is bigger than timepoint: 640
Timepoint not recorded. dt_out:200075 is bigger than timepoint: 640
Timepoint not recorded. dt_out:200025 is bigger than timepoint: 640
Timepoint not recorded. dt_out:1050 is bigger than timepoint: 640
Timepoint not recorded. dt_out:200075 is bigger than timepoint: 640
Timepoint not recorded. dt_out:200075 is bigger than timepoint: 640
Timepoint not recorded. dt_out:200075 is bigger than timepoint: 640
Timepoint not recorded. dt_out:2050 is bigger than timepoint: 640
Timepoint not recorded. dt_out:1075 is bigger than timepoint: 640
Timepoint not recorded. dt_out:200025 is bigger than timepoint: 640
Timepoint not recorded. dt_out:1075 is bigger than timepoint: 640
Timepoint not recorded. dt_out:1025 is bigger than timepoint: 640
Timepoint not recorded. dt_out:1025 is bigger than timepoint: 640
Timepoint not recorded. dt_out:1050 is bigger than timepoint: 640
Timepoint not recorded. dt_out:1025 is bigger than timepoint: 640
Timepoint not recorded. dt_out:200050 is bigger than timepoint: 640
Timepoint not recorded. dt_out:200050 is bigger than timepoint: 640
Timepoint not recorded. dt_out:1075 is bigger than timepoint: 640
Timepoint not recorded. dt_out:1025 is bigger than timepoint: 640
Timepoint not recorded. dt_out:2050 is bigger than timepoint: 640
Timepoint not recorded. dt_out:2025 is bigger than timepoint: 640
Timepoint not recorded. dt_out:200050 is bigger than timepoint: 640
Timepoint not recorded. dt_out:1050 is bigger than timepoint: 640
Timepoint not recorded. dt_out:200075 is bigger than timepoint: 640
Timepoint not recorded. dt_out:2025 is bigger than timepoint: 640
Timepoint not recorded. dt_out:2050 is bigger than timepoint: 640
Timepoint not recorded. dt_out:2075 is bigger than timepoint: 640
Timepoint not recorded. dt_out:200025 is bigger than timepoint: 640
Timepoint not recorded. dt_out:200025 is bigger than timepoint: 640
Timepoint not recorded. dt_out:1025 is bigger than timepoint: 640
Timepoint not recorded. dt_out:2050 is bigger than timepoint: 640
Timepoint not recorded. dt_out:200075 is bigger than timepoint: 640
Timepoint not recorded. dt_out:1075 is bigger than timepoint: 640
Timepoint not recorded. dt_out:1075 is bigger than timepoint: 640
Timepoint not recorded. dt_out:200025 is bigger than timepoint: 640
Timepoint not recorded. dt_out:2075 is bigger than timepoint: 640
Timepoint not recorded. dt_out:200050 is bigger than timepoint: 640
Timepoint not recorded. dt_out:200050 is bigger than timepoint: 640
Timepoint not recorded. dt_out:2075 is bigger than timepoint: 640
Timepoint not recorded. dt_out:2025 is bigger than timepoint: 640
Timepoint not recorded. dt_out:2075 is bigger than timepoint: 640
Timepoint not recorded. dt_out:1025 is bigger than timepoint: 640
Timepoint not recorded. dt_out:1025 is bigger than timepoint: 640
Timepoint not recorded. dt_out:200050 is bigger than timepoint: 640
Timepoint not recorded. dt_out:2075 is bigger than timepoint: 640
Timepoint not recorded. dt_out:2025 is bigger than timepoint: 640
Timepoint not recorded. dt_out:1025 is bigger than timepoint: 640
Timepoint not recorded. dt_out:200075 is bigger than timepoint: 640
Timepoint not recorded. dt_out:2050 is bigger than timepoint: 640
Timepoint not recorded. dt_out:2050 is bigger than timepoint: 640
Timepoint not recorded. dt_out:1075 is bigger than timepoint: 640
Timepoint not recorded. dt_out:200050 is bigger than timepoint: 640
Timepoint not recorded. dt_out:2050 is bigger than timepoint: 640
Timepoint not recorded. dt_out:200025 is bigger than timepoint: 640
Timepoint not recorded. dt_out:2075 is bigger than timepoint: 640
Timepoint not recorded. dt_out:2025 is bigger than timepoint: 640
Timepoint not recorded. dt_out:1050 is bigger than timepoint: 640
Timepoint not recorded. dt_out:200075 is bigger than timepoint: 640
Timepoint not recorded. dt_out:2025 is bigger than timepoint: 640
Timepoint not recorded. dt_out:1050 is bigger than timepoint: 640
Timepoint not recorded. dt_out:2075 is bigger than timepoint: 640
Timepoint not recorded. dt_out:1075 is bigger than timepoint: 640
Timepoint not recorded. dt_out:1075 is bigger than timepoint: 640
Timepoint not recorded. dt_out:1050 is bigger than timepoint: 640
680
Timepoint not recorded. dt_out:200025 is bigger than timepoint: 680
Timepoint not recorded. dt_out:200025 is bigger than timepoint: 680
Timepoint not recorded. dt_out:200025 is bigger than timepoint: 680
Timepoint not recorded. dt_out:200025 is bigger than timepoint: 680
Timepoint not recorded. dt_out:200050 is bigger than timepoint: 680
Timepoint not recorded. dt_out:200025 is bigger than timepoint: 680
Timepoint not recorded. dt_out:200050 is bigger than timepoint: 680
Timepoint not recorded. dt_out:200075 is bigger than timepoint: 680
Timepoint not recorded. dt_out:200075 is bigger than timepoint: 680
Timepoint not recorded. dt_out:1050 is bigger than timepoint: 680
Timepoint not recorded. dt_out:200075 is bigger than timepoint: 680
Timepoint not recorded. dt_out:1075 is bigger than timepoint: 680
Timepoint not recorded. dt_out:1050 is bigger than timepoint: 680
Timepoint not recorded. dt_out:1050 is bigger than timepoint: 680
Timepoint not recorded. dt_out:1075 is bigger than timepoint: 680
Timepoint not recorded. dt_out:1025 is bigger than timepoint: 680
Timepoint not recorded. dt_out:1075 is bigger than timepoint: 680
Timepoint not recorded. dt_out:1050 is bigger than timepoint: 680
Timepoint not recorded. dt_out:1025 is bigger than timepoint: 680
Timepoint not recorded. dt_out:200025 is bigger than timepoint: 680
Timepoint not recorded. dt_out:200050 is bigger than timepoint: 680
Timepoint not recorded. dt_out:200025 is bigger than timepoint: 680
Timepoint not recorded. dt_out:1050 is bigger than timepoint: 680
Timepoint not recorded. dt_out:200050 is bigger than timepoint: 680
Timepoint not recorded. dt_out:200075 is bigger than timepoint: 680
Timepoint not recorded. dt_out:1025 is bigger than timepoint: 680
Timepoint not recorded. dt_out:200025 is bigger than timepoint: 680
Timepoint not recorded. dt_out:200075 is bigger than timepoint: 680
Timepoint not recorded. dt_out:1050 is bigger than timepoint: 680
Timepoint not recorded. dt_out:200075 is bigger than timepoint: 680
Timepoint not recorded. dt_out:200025 is bigger than timepoint: 680
Timepoint not recorded. dt_out:200075 is bigger than timepoint: 680
Timepoint not recorded. dt_out:200025 is bigger than timepoint: 680
Timepoint not recorded. dt_out:1025 is bigger than timepoint: 680
Timepoint not recorded. dt_out:1050 is bigger than timepoint: 680
Timepoint not recorded. dt_out:200075 is bigger than timepoint: 680
Timepoint not recorded. dt_out:200025 is bigger than timepoint: 680
Timepoint not recorded. dt_out:1075 is bigger than timepoint: 680
Timepoint not recorded. dt_out:200050 is bigger than timepoint: 680
Timepoint not recorded. dt_out:200075 is bigger than timepoint: 680
Timepoint not recorded. dt_out:200050 is bigger than timepoint: 680
Timepoint not recorded. dt_out:1025 is bigger than timepoint: 680
Timepoint not recorded. dt_out:200075 is bigger than timepoint: 680
Timepoint not recorded. dt_out:1075 is bigger than timepoint: 680
Timepoint not recorded. dt_out:200025 is bigger than timepoint: 680
Timepoint not recorded. dt_out:1050 is bigger than timepoint: 680
Timepoint not recorded. dt_out:200050 is bigger than timepoint: 680
Timepoint not recorded. dt_out:200050 is bigger than timepoint: 680
Timepoint not recorded. dt_out:1050 is bigger than timepoint: 680
Timepoint not recorded. dt_out:200050 is bigger than timepoint: 680
Timepoint not recorded. dt_out:200050 is bigger than timepoint: 680
Timepoint not recorded. dt_out:1025 is bigger than timepoint: 680
Timepoint not recorded. dt_out:1050 is bigger than timepoint: 680
Timepoint not recorded. dt_out:1050 is bigger than timepoint: 680
Timepoint not recorded. dt_out:1025 is bigger than timepoint: 680
Timepoint not recorded. dt_out:1075 is bigger than timepoint: 680
Timepoint not recorded. dt_out:1025 is bigger than timepoint: 680
Timepoint not recorded. dt_out:1025 is bigger than timepoint: 680
Timepoint not recorded. dt_out:1025 is bigger than timepoint: 680
Timepoint not recorded. dt_out:200025 is bigger than timepoint: 680
Timepoint not recorded. dt_out:1075 is bigger than timepoint: 680
Timepoint not recorded. dt_out:1075 is bigger than timepoint: 680
Timepoint not recorded. dt_out:1075 is bigger than timepoint: 680
Timepoint not recorded. dt_out:1050 is bigger than timepoint: 680
Timepoint not recorded. dt_out:200050 is bigger than timepoint: 680
Timepoint not recorded. dt_out:200050 is bigger than timepoint: 680
Timepoint not recorded. dt_out:200050 is bigger than timepoint: 680
Timepoint not recorded. dt_out:1050 is bigger than timepoint: 680
Timepoint not recorded. dt_out:200075 is bigger than timepoint: 680
Timepoint not recorded. dt_out:1050 is bigger than timepoint: 680
Timepoint not recorded. dt_out:200025 is bigger than timepoint: 680
Timepoint not recorded. dt_out:1025 is bigger than timepoint: 680
Timepoint not recorded. dt_out:1025 is bigger than timepoint: 680
Timepoint not recorded. dt_out:200075 is bigger than timepoint: 680
Timepoint not recorded. dt_out:200050 is bigger than timepoint: 680
Timepoint not recorded. dt_out:1025 is bigger than timepoint: 680
Timepoint not recorded. dt_out:1075 is bigger than timepoint: 680
Timepoint not recorded. dt_out:1025 is bigger than timepoint: 680
Timepoint not recorded. dt_out:200075 is bigger than timepoint: 680
Timepoint not recorded. dt_out:200075 is bigger than timepoint: 680
Timepoint not recorded. dt_out:200075 is bigger than timepoint: 680
Timepoint not recorded. dt_out:1075 is bigger than timepoint: 680
Timepoint not recorded. dt_out:200025 is bigger than timepoint: 680
Timepoint not recorded. dt_out:1075 is bigger than timepoint: 680
Timepoint not recorded. dt_out:200025 is bigger than timepoint: 680
Timepoint not recorded. dt_out:200075 is bigger than timepoint: 680
Timepoint not recorded. dt_out:200050 is bigger than timepoint: 680
Timepoint not recorded. dt_out:1075 is bigger than timepoint: 680
Timepoint not recorded. dt_out:1025 is bigger than timepoint: 680
Timepoint not recorded. dt_out:1075 is bigger than timepoint: 680
Timepoint not recorded. dt_out:1075 is bigger than timepoint: 680
Timepoint not recorded. dt_out:1050 is bigger than timepoint: 680
Timepoint not recorded. dt_out:1050 is bigger than timepoint: 680
Timepoint not recorded. dt_out:1075 is bigger than timepoint: 680
Timepoint not recorded. dt_out:200050 is bigger than timepoint: 680
Timepoint not recorded. dt_out:1025 is bigger than timepoint: 680
Timepoint not recorded. dt_out:2075 is bigger than timepoint: 680
Timepoint not recorded. dt_out:1050 is bigger than timepoint: 680
Timepoint not recorded. dt_out:200025 is bigger than timepoint: 680
Timepoint not recorded. dt_out:1050 is bigger than timepoint: 680
Timepoint not recorded. dt_out:2025 is bigger than timepoint: 680
Timepoint not recorded. dt_out:200050 is bigger than timepoint: 680
Timepoint not recorded. dt_out:2025 is bigger than timepoint: 680
Timepoint not recorded. dt_out:2050 is bigger than timepoint: 680
Timepoint not recorded. dt_out:200025 is bigger than timepoint: 680
Timepoint not recorded. dt_out:200075 is bigger than timepoint: 680
Timepoint not recorded. dt_out:200025 is bigger than timepoint: 680
Timepoint not recorded. dt_out:1050 is bigger than timepoint: 680
Timepoint not recorded. dt_out:200075 is bigger than timepoint: 680
Timepoint not recorded. dt_out:200075 is bigger than timepoint: 680
Timepoint not recorded. dt_out:200075 is bigger than timepoint: 680
Timepoint not recorded. dt_out:2050 is bigger than timepoint: 680
Timepoint not recorded. dt_out:1075 is bigger than timepoint: 680
Timepoint not recorded. dt_out:200025 is bigger than timepoint: 680
Timepoint not recorded. dt_out:1075 is bigger than timepoint: 680
Timepoint not recorded. dt_out:1025 is bigger than timepoint: 680
Timepoint not recorded. dt_out:1025 is bigger than timepoint: 680
Timepoint not recorded. dt_out:1050 is bigger than timepoint: 680
Timepoint not recorded. dt_out:1025 is bigger than timepoint: 680
Timepoint not recorded. dt_out:200050 is bigger than timepoint: 680
Timepoint not recorded. dt_out:200050 is bigger than timepoint: 680
Timepoint not recorded. dt_out:1075 is bigger than timepoint: 680
Timepoint not recorded. dt_out:1025 is bigger than timepoint: 680
Timepoint not recorded. dt_out:2050 is bigger than timepoint: 680
Timepoint not recorded. dt_out:2025 is bigger than timepoint: 680
Timepoint not recorded. dt_out:200050 is bigger than timepoint: 680
Timepoint not recorded. dt_out:1050 is bigger than timepoint: 680
Timepoint not recorded. dt_out:200075 is bigger than timepoint: 680
Timepoint not recorded. dt_out:2025 is bigger than timepoint: 680
Timepoint not recorded. dt_out:2050 is bigger than timepoint: 680
Timepoint not recorded. dt_out:2075 is bigger than timepoint: 680
Timepoint not recorded. dt_out:200025 is bigger than timepoint: 680
Timepoint not recorded. dt_out:200025 is bigger than timepoint: 680
Timepoint not recorded. dt_out:1025 is bigger than timepoint: 680
Timepoint not recorded. dt_out:2050 is bigger than timepoint: 680
Timepoint not recorded. dt_out:200075 is bigger than timepoint: 680
Timepoint not recorded. dt_out:1075 is bigger than timepoint: 680
Timepoint not recorded. dt_out:1075 is bigger than timepoint: 680
Timepoint not recorded. dt_out:200025 is bigger than timepoint: 680
Timepoint not recorded. dt_out:2075 is bigger than timepoint: 680
Timepoint not recorded. dt_out:200050 is bigger than timepoint: 680
Timepoint not recorded. dt_out:200050 is bigger than timepoint: 680
Timepoint not recorded. dt_out:2075 is bigger than timepoint: 680
Timepoint not recorded. dt_out:2025 is bigger than timepoint: 680
Timepoint not recorded. dt_out:2075 is bigger than timepoint: 680
Timepoint not recorded. dt_out:1025 is bigger than timepoint: 680
Timepoint not recorded. dt_out:1025 is bigger than timepoint: 680
Timepoint not recorded. dt_out:200050 is bigger than timepoint: 680
Timepoint not recorded. dt_out:2075 is bigger than timepoint: 680
Timepoint not recorded. dt_out:2025 is bigger than timepoint: 680
Timepoint not recorded. dt_out:1025 is bigger than timepoint: 680
Timepoint not recorded. dt_out:200075 is bigger than timepoint: 680
Timepoint not recorded. dt_out:2050 is bigger than timepoint: 680
Timepoint not recorded. dt_out:2050 is bigger than timepoint: 680
Timepoint not recorded. dt_out:1075 is bigger than timepoint: 680
Timepoint not recorded. dt_out:200050 is bigger than timepoint: 680
Timepoint not recorded. dt_out:2050 is bigger than timepoint: 680
Timepoint not recorded. dt_out:200025 is bigger than timepoint: 680
Timepoint not recorded. dt_out:2075 is bigger than timepoint: 680
Timepoint not recorded. dt_out:2025 is bigger than timepoint: 680
Timepoint not recorded. dt_out:1050 is bigger than timepoint: 680
Timepoint not recorded. dt_out:200075 is bigger than timepoint: 680
Timepoint not recorded. dt_out:2025 is bigger than timepoint: 680
Timepoint not recorded. dt_out:1050 is bigger than timepoint: 680
Timepoint not recorded. dt_out:2075 is bigger than timepoint: 680
Timepoint not recorded. dt_out:1075 is bigger than timepoint: 680
Timepoint not recorded. dt_out:1075 is bigger than timepoint: 680
Timepoint not recorded. dt_out:1050 is bigger than timepoint: 680
720
Timepoint not recorded. dt_out:200025 is bigger than timepoint: 720
Timepoint not recorded. dt_out:200025 is bigger than timepoint: 720
Timepoint not recorded. dt_out:200025 is bigger than timepoint: 720
Timepoint not recorded. dt_out:200025 is bigger than timepoint: 720
Timepoint not recorded. dt_out:200050 is bigger than timepoint: 720
Timepoint not recorded. dt_out:200025 is bigger than timepoint: 720
Timepoint not recorded. dt_out:200050 is bigger than timepoint: 720
Timepoint not recorded. dt_out:200075 is bigger than timepoint: 720
Timepoint not recorded. dt_out:200075 is bigger than timepoint: 720
Timepoint not recorded. dt_out:1050 is bigger than timepoint: 720
Timepoint not recorded. dt_out:200075 is bigger than timepoint: 720
Timepoint not recorded. dt_out:1075 is bigger than timepoint: 720
Timepoint not recorded. dt_out:1050 is bigger than timepoint: 720
Timepoint not recorded. dt_out:1050 is bigger than timepoint: 720
Timepoint not recorded. dt_out:1075 is bigger than timepoint: 720
Timepoint not recorded. dt_out:1025 is bigger than timepoint: 720
Timepoint not recorded. dt_out:1075 is bigger than timepoint: 720
Timepoint not recorded. dt_out:1050 is bigger than timepoint: 720
Timepoint not recorded. dt_out:1025 is bigger than timepoint: 720
Timepoint not recorded. dt_out:200025 is bigger than timepoint: 720
Timepoint not recorded. dt_out:200050 is bigger than timepoint: 720
Timepoint not recorded. dt_out:200025 is bigger than timepoint: 720
Timepoint not recorded. dt_out:1050 is bigger than timepoint: 720
Timepoint not recorded. dt_out:200050 is bigger than timepoint: 720
Timepoint not recorded. dt_out:200075 is bigger than timepoint: 720
Timepoint not recorded. dt_out:1025 is bigger than timepoint: 720
Timepoint not recorded. dt_out:200025 is bigger than timepoint: 720
Timepoint not recorded. dt_out:200075 is bigger than timepoint: 720
Timepoint not recorded. dt_out:1050 is bigger than timepoint: 720
Timepoint not recorded. dt_out:200075 is bigger than timepoint: 720
Timepoint not recorded. dt_out:200025 is bigger than timepoint: 720
Timepoint not recorded. dt_out:200075 is bigger than timepoint: 720
Timepoint not recorded. dt_out:200025 is bigger than timepoint: 720
Timepoint not recorded. dt_out:1025 is bigger than timepoint: 720
Timepoint not recorded. dt_out:1050 is bigger than timepoint: 720
Timepoint not recorded. dt_out:200075 is bigger than timepoint: 720
Timepoint not recorded. dt_out:200025 is bigger than timepoint: 720
Timepoint not recorded. dt_out:1075 is bigger than timepoint: 720
Timepoint not recorded. dt_out:200050 is bigger than timepoint: 720
Timepoint not recorded. dt_out:200075 is bigger than timepoint: 720
Timepoint not recorded. dt_out:200050 is bigger than timepoint: 720
Timepoint not recorded. dt_out:1025 is bigger than timepoint: 720
Timepoint not recorded. dt_out:200075 is bigger than timepoint: 720
Timepoint not recorded. dt_out:1075 is bigger than timepoint: 720
Timepoint not recorded. dt_out:200025 is bigger than timepoint: 720
Timepoint not recorded. dt_out:1050 is bigger than timepoint: 720
Timepoint not recorded. dt_out:200050 is bigger than timepoint: 720
Timepoint not recorded. dt_out:200050 is bigger than timepoint: 720
Timepoint not recorded. dt_out:1050 is bigger than timepoint: 720
Timepoint not recorded. dt_out:200050 is bigger than timepoint: 720
Timepoint not recorded. dt_out:200050 is bigger than timepoint: 720
Timepoint not recorded. dt_out:1025 is bigger than timepoint: 720
Timepoint not recorded. dt_out:1050 is bigger than timepoint: 720
Timepoint not recorded. dt_out:1050 is bigger than timepoint: 720
Timepoint not recorded. dt_out:1025 is bigger than timepoint: 720
Timepoint not recorded. dt_out:1075 is bigger than timepoint: 720
Timepoint not recorded. dt_out:1025 is bigger than timepoint: 720
Timepoint not recorded. dt_out:1025 is bigger than timepoint: 720
Timepoint not recorded. dt_out:1025 is bigger than timepoint: 720
Timepoint not recorded. dt_out:200025 is bigger than timepoint: 720
Timepoint not recorded. dt_out:1075 is bigger than timepoint: 720
Timepoint not recorded. dt_out:1075 is bigger than timepoint: 720
Timepoint not recorded. dt_out:1075 is bigger than timepoint: 720
Timepoint not recorded. dt_out:1050 is bigger than timepoint: 720
Timepoint not recorded. dt_out:200050 is bigger than timepoint: 720
Timepoint not recorded. dt_out:200050 is bigger than timepoint: 720
Timepoint not recorded. dt_out:200050 is bigger than timepoint: 720
Timepoint not recorded. dt_out:1050 is bigger than timepoint: 720
Timepoint not recorded. dt_out:200075 is bigger than timepoint: 720
Timepoint not recorded. dt_out:1050 is bigger than timepoint: 720
Timepoint not recorded. dt_out:200025 is bigger than timepoint: 720
Timepoint not recorded. dt_out:1025 is bigger than timepoint: 720
Timepoint not recorded. dt_out:1025 is bigger than timepoint: 720
Timepoint not recorded. dt_out:200075 is bigger than timepoint: 720
Timepoint not recorded. dt_out:200050 is bigger than timepoint: 720
Timepoint not recorded. dt_out:1025 is bigger than timepoint: 720
Timepoint not recorded. dt_out:1075 is bigger than timepoint: 720
Timepoint not recorded. dt_out:1025 is bigger than timepoint: 720
Timepoint not recorded. dt_out:200075 is bigger than timepoint: 720
Timepoint not recorded. dt_out:200075 is bigger than timepoint: 720
Timepoint not recorded. dt_out:200075 is bigger than timepoint: 720
Timepoint not recorded. dt_out:1075 is bigger than timepoint: 720
Timepoint not recorded. dt_out:200025 is bigger than timepoint: 720
Timepoint not recorded. dt_out:1075 is bigger than timepoint: 720
Timepoint not recorded. dt_out:200025 is bigger than timepoint: 720
Timepoint not recorded. dt_out:200075 is bigger than timepoint: 720
Timepoint not recorded. dt_out:200050 is bigger than timepoint: 720
Timepoint not recorded. dt_out:1075 is bigger than timepoint: 720
Timepoint not recorded. dt_out:1025 is bigger than timepoint: 720
Timepoint not recorded. dt_out:1075 is bigger than timepoint: 720
Timepoint not recorded. dt_out:1075 is bigger than timepoint: 720
Timepoint not recorded. dt_out:1050 is bigger than timepoint: 720
Timepoint not recorded. dt_out:1050 is bigger than timepoint: 720
Timepoint not recorded. dt_out:1075 is bigger than timepoint: 720
Timepoint not recorded. dt_out:200050 is bigger than timepoint: 720
Timepoint not recorded. dt_out:1025 is bigger than timepoint: 720
Timepoint not recorded. dt_out:2075 is bigger than timepoint: 720
Timepoint not recorded. dt_out:1050 is bigger than timepoint: 720
Timepoint not recorded. dt_out:200025 is bigger than timepoint: 720
Timepoint not recorded. dt_out:1050 is bigger than timepoint: 720
Timepoint not recorded. dt_out:2025 is bigger than timepoint: 720
Timepoint not recorded. dt_out:200050 is bigger than timepoint: 720
Timepoint not recorded. dt_out:2025 is bigger than timepoint: 720
Timepoint not recorded. dt_out:2050 is bigger than timepoint: 720
Timepoint not recorded. dt_out:200025 is bigger than timepoint: 720
Timepoint not recorded. dt_out:200075 is bigger than timepoint: 720
Timepoint not recorded. dt_out:200025 is bigger than timepoint: 720
Timepoint not recorded. dt_out:1050 is bigger than timepoint: 720
Timepoint not recorded. dt_out:200075 is bigger than timepoint: 720
Timepoint not recorded. dt_out:200075 is bigger than timepoint: 720
Timepoint not recorded. dt_out:200075 is bigger than timepoint: 720
Timepoint not recorded. dt_out:2050 is bigger than timepoint: 720
Timepoint not recorded. dt_out:1075 is bigger than timepoint: 720
Timepoint not recorded. dt_out:200025 is bigger than timepoint: 720
Timepoint not recorded. dt_out:1075 is bigger than timepoint: 720
Timepoint not recorded. dt_out:1025 is bigger than timepoint: 720
Timepoint not recorded. dt_out:1025 is bigger than timepoint: 720
Timepoint not recorded. dt_out:1050 is bigger than timepoint: 720
Timepoint not recorded. dt_out:1025 is bigger than timepoint: 720
Timepoint not recorded. dt_out:200050 is bigger than timepoint: 720
Timepoint not recorded. dt_out:200050 is bigger than timepoint: 720
Timepoint not recorded. dt_out:1075 is bigger than timepoint: 720
Timepoint not recorded. dt_out:1025 is bigger than timepoint: 720
Timepoint not recorded. dt_out:2050 is bigger than timepoint: 720
Timepoint not recorded. dt_out:2025 is bigger than timepoint: 720
Timepoint not recorded. dt_out:200050 is bigger than timepoint: 720
Timepoint not recorded. dt_out:1050 is bigger than timepoint: 720
Timepoint not recorded. dt_out:200075 is bigger than timepoint: 720
Timepoint not recorded. dt_out:2025 is bigger than timepoint: 720
Timepoint not recorded. dt_out:2050 is bigger than timepoint: 720
Timepoint not recorded. dt_out:2075 is bigger than timepoint: 720
Timepoint not recorded. dt_out:200025 is bigger than timepoint: 720
Timepoint not recorded. dt_out:200025 is bigger than timepoint: 720
Timepoint not recorded. dt_out:1025 is bigger than timepoint: 720
Timepoint not recorded. dt_out:2050 is bigger than timepoint: 720
Timepoint not recorded. dt_out:200075 is bigger than timepoint: 720
Timepoint not recorded. dt_out:1075 is bigger than timepoint: 720
Timepoint not recorded. dt_out:1075 is bigger than timepoint: 720
Timepoint not recorded. dt_out:200025 is bigger than timepoint: 720
Timepoint not recorded. dt_out:2075 is bigger than timepoint: 720
Timepoint not recorded. dt_out:200050 is bigger than timepoint: 720
Timepoint not recorded. dt_out:200050 is bigger than timepoint: 720
Timepoint not recorded. dt_out:2075 is bigger than timepoint: 720
Timepoint not recorded. dt_out:2025 is bigger than timepoint: 720
Timepoint not recorded. dt_out:2075 is bigger than timepoint: 720
Timepoint not recorded. dt_out:1025 is bigger than timepoint: 720
Timepoint not recorded. dt_out:1025 is bigger than timepoint: 720
Timepoint not recorded. dt_out:200050 is bigger than timepoint: 720
Timepoint not recorded. dt_out:2075 is bigger than timepoint: 720
Timepoint not recorded. dt_out:2025 is bigger than timepoint: 720
Timepoint not recorded. dt_out:1025 is bigger than timepoint: 720
Timepoint not recorded. dt_out:200075 is bigger than timepoint: 720
Timepoint not recorded. dt_out:2050 is bigger than timepoint: 720
Timepoint not recorded. dt_out:2050 is bigger than timepoint: 720
Timepoint not recorded. dt_out:1075 is bigger than timepoint: 720
Timepoint not recorded. dt_out:200050 is bigger than timepoint: 720
Timepoint not recorded. dt_out:2050 is bigger than timepoint: 720
Timepoint not recorded. dt_out:200025 is bigger than timepoint: 720
Timepoint not recorded. dt_out:2075 is bigger than timepoint: 720
Timepoint not recorded. dt_out:2025 is bigger than timepoint: 720
Timepoint not recorded. dt_out:1050 is bigger than timepoint: 720
Timepoint not recorded. dt_out:200075 is bigger than timepoint: 720
Timepoint not recorded. dt_out:2025 is bigger than timepoint: 720
Timepoint not recorded. dt_out:1050 is bigger than timepoint: 720
Timepoint not recorded. dt_out:2075 is bigger than timepoint: 720
Timepoint not recorded. dt_out:1075 is bigger than timepoint: 720
Timepoint not recorded. dt_out:1075 is bigger than timepoint: 720
Timepoint not recorded. dt_out:1050 is bigger than timepoint: 720
760
Timepoint not recorded. dt_out:200025 is bigger than timepoint: 760
Timepoint not recorded. dt_out:200025 is bigger than timepoint: 760
Timepoint not recorded. dt_out:200025 is bigger than timepoint: 760
Timepoint not recorded. dt_out:200025 is bigger than timepoint: 760
Timepoint not recorded. dt_out:200050 is bigger than timepoint: 760
Timepoint not recorded. dt_out:200025 is bigger than timepoint: 760
Timepoint not recorded. dt_out:200050 is bigger than timepoint: 760
Timepoint not recorded. dt_out:200075 is bigger than timepoint: 760
Timepoint not recorded. dt_out:200075 is bigger than timepoint: 760
Timepoint not recorded. dt_out:1050 is bigger than timepoint: 760
Timepoint not recorded. dt_out:200075 is bigger than timepoint: 760
Timepoint not recorded. dt_out:1075 is bigger than timepoint: 760
Timepoint not recorded. dt_out:1050 is bigger than timepoint: 760
Timepoint not recorded. dt_out:1050 is bigger than timepoint: 760
Timepoint not recorded. dt_out:1075 is bigger than timepoint: 760
Timepoint not recorded. dt_out:1025 is bigger than timepoint: 760
Timepoint not recorded. dt_out:1075 is bigger than timepoint: 760
Timepoint not recorded. dt_out:1050 is bigger than timepoint: 760
Timepoint not recorded. dt_out:1025 is bigger than timepoint: 760
Timepoint not recorded. dt_out:200025 is bigger than timepoint: 760
Timepoint not recorded. dt_out:200050 is bigger than timepoint: 760
Timepoint not recorded. dt_out:200025 is bigger than timepoint: 760
Timepoint not recorded. dt_out:1050 is bigger than timepoint: 760
Timepoint not recorded. dt_out:200050 is bigger than timepoint: 760
Timepoint not recorded. dt_out:200075 is bigger than timepoint: 760
Timepoint not recorded. dt_out:1025 is bigger than timepoint: 760
Timepoint not recorded. dt_out:200025 is bigger than timepoint: 760
Timepoint not recorded. dt_out:200075 is bigger than timepoint: 760
Timepoint not recorded. dt_out:1050 is bigger than timepoint: 760
Timepoint not recorded. dt_out:200075 is bigger than timepoint: 760
Timepoint not recorded. dt_out:200025 is bigger than timepoint: 760
Timepoint not recorded. dt_out:200075 is bigger than timepoint: 760
Timepoint not recorded. dt_out:200025 is bigger than timepoint: 760
Timepoint not recorded. dt_out:1025 is bigger than timepoint: 760
Timepoint not recorded. dt_out:1050 is bigger than timepoint: 760
Timepoint not recorded. dt_out:200075 is bigger than timepoint: 760
Timepoint not recorded. dt_out:200025 is bigger than timepoint: 760
Timepoint not recorded. dt_out:1075 is bigger than timepoint: 760
Timepoint not recorded. dt_out:200050 is bigger than timepoint: 760
Timepoint not recorded. dt_out:200075 is bigger than timepoint: 760
Timepoint not recorded. dt_out:200050 is bigger than timepoint: 760
Timepoint not recorded. dt_out:1025 is bigger than timepoint: 760
Timepoint not recorded. dt_out:200075 is bigger than timepoint: 760
Timepoint not recorded. dt_out:1075 is bigger than timepoint: 760
Timepoint not recorded. dt_out:200025 is bigger than timepoint: 760
Timepoint not recorded. dt_out:1050 is bigger than timepoint: 760
Timepoint not recorded. dt_out:200050 is bigger than timepoint: 760
Timepoint not recorded. dt_out:200050 is bigger than timepoint: 760
Timepoint not recorded. dt_out:1050 is bigger than timepoint: 760
Timepoint not recorded. dt_out:200050 is bigger than timepoint: 760
Timepoint not recorded. dt_out:200050 is bigger than timepoint: 760
Timepoint not recorded. dt_out:1025 is bigger than timepoint: 760
Timepoint not recorded. dt_out:1050 is bigger than timepoint: 760
Timepoint not recorded. dt_out:1050 is bigger than timepoint: 760
Timepoint not recorded. dt_out:1025 is bigger than timepoint: 760
Timepoint not recorded. dt_out:1075 is bigger than timepoint: 760
Timepoint not recorded. dt_out:1025 is bigger than timepoint: 760
Timepoint not recorded. dt_out:1025 is bigger than timepoint: 760
Timepoint not recorded. dt_out:1025 is bigger than timepoint: 760
Timepoint not recorded. dt_out:200025 is bigger than timepoint: 760
Timepoint not recorded. dt_out:1075 is bigger than timepoint: 760
Timepoint not recorded. dt_out:1075 is bigger than timepoint: 760
Timepoint not recorded. dt_out:1075 is bigger than timepoint: 760
Timepoint not recorded. dt_out:1050 is bigger than timepoint: 760
Timepoint not recorded. dt_out:200050 is bigger than timepoint: 760
Timepoint not recorded. dt_out:200050 is bigger than timepoint: 760
Timepoint not recorded. dt_out:200050 is bigger than timepoint: 760
Timepoint not recorded. dt_out:1050 is bigger than timepoint: 760
Timepoint not recorded. dt_out:200075 is bigger than timepoint: 760
Timepoint not recorded. dt_out:1050 is bigger than timepoint: 760
Timepoint not recorded. dt_out:200025 is bigger than timepoint: 760
Timepoint not recorded. dt_out:1025 is bigger than timepoint: 760
Timepoint not recorded. dt_out:1025 is bigger than timepoint: 760
Timepoint not recorded. dt_out:200075 is bigger than timepoint: 760
Timepoint not recorded. dt_out:200050 is bigger than timepoint: 760
Timepoint not recorded. dt_out:1025 is bigger than timepoint: 760
Timepoint not recorded. dt_out:1075 is bigger than timepoint: 760
Timepoint not recorded. dt_out:1025 is bigger than timepoint: 760
Timepoint not recorded. dt_out:200075 is bigger than timepoint: 760
Timepoint not recorded. dt_out:200075 is bigger than timepoint: 760
Timepoint not recorded. dt_out:200075 is bigger than timepoint: 760
Timepoint not recorded. dt_out:1075 is bigger than timepoint: 760
Timepoint not recorded. dt_out:200025 is bigger than timepoint: 760
Timepoint not recorded. dt_out:1075 is bigger than timepoint: 760
Timepoint not recorded. dt_out:200025 is bigger than timepoint: 760
Timepoint not recorded. dt_out:200075 is bigger than timepoint: 760
Timepoint not recorded. dt_out:200050 is bigger than timepoint: 760
Timepoint not recorded. dt_out:1075 is bigger than timepoint: 760
Timepoint not recorded. dt_out:1025 is bigger than timepoint: 760
Timepoint not recorded. dt_out:1075 is bigger than timepoint: 760
Timepoint not recorded. dt_out:1075 is bigger than timepoint: 760
Timepoint not recorded. dt_out:1050 is bigger than timepoint: 760
Timepoint not recorded. dt_out:1050 is bigger than timepoint: 760
Timepoint not recorded. dt_out:1075 is bigger than timepoint: 760
Timepoint not recorded. dt_out:200050 is bigger than timepoint: 760
Timepoint not recorded. dt_out:1025 is bigger than timepoint: 760
Timepoint not recorded. dt_out:2075 is bigger than timepoint: 760
Timepoint not recorded. dt_out:1050 is bigger than timepoint: 760
Timepoint not recorded. dt_out:200025 is bigger than timepoint: 760
Timepoint not recorded. dt_out:1050 is bigger than timepoint: 760
Timepoint not recorded. dt_out:2025 is bigger than timepoint: 760
Timepoint not recorded. dt_out:200050 is bigger than timepoint: 760
Timepoint not recorded. dt_out:2025 is bigger than timepoint: 760
Timepoint not recorded. dt_out:2050 is bigger than timepoint: 760
Timepoint not recorded. dt_out:200025 is bigger than timepoint: 760
Timepoint not recorded. dt_out:200075 is bigger than timepoint: 760
Timepoint not recorded. dt_out:200025 is bigger than timepoint: 760
Timepoint not recorded. dt_out:1050 is bigger than timepoint: 760
Timepoint not recorded. dt_out:200075 is bigger than timepoint: 760
Timepoint not recorded. dt_out:200075 is bigger than timepoint: 760
Timepoint not recorded. dt_out:200075 is bigger than timepoint: 760
Timepoint not recorded. dt_out:2050 is bigger than timepoint: 760
Timepoint not recorded. dt_out:1075 is bigger than timepoint: 760
Timepoint not recorded. dt_out:200025 is bigger than timepoint: 760
Timepoint not recorded. dt_out:1075 is bigger than timepoint: 760
Timepoint not recorded. dt_out:1025 is bigger than timepoint: 760
Timepoint not recorded. dt_out:1025 is bigger than timepoint: 760
Timepoint not recorded. dt_out:1050 is bigger than timepoint: 760
Timepoint not recorded. dt_out:1025 is bigger than timepoint: 760
Timepoint not recorded. dt_out:200050 is bigger than timepoint: 760
Timepoint not recorded. dt_out:200050 is bigger than timepoint: 760
Timepoint not recorded. dt_out:1075 is bigger than timepoint: 760
Timepoint not recorded. dt_out:1025 is bigger than timepoint: 760
Timepoint not recorded. dt_out:2050 is bigger than timepoint: 760
Timepoint not recorded. dt_out:2025 is bigger than timepoint: 760
Timepoint not recorded. dt_out:200050 is bigger than timepoint: 760
Timepoint not recorded. dt_out:1050 is bigger than timepoint: 760
Timepoint not recorded. dt_out:200075 is bigger than timepoint: 760
Timepoint not recorded. dt_out:2025 is bigger than timepoint: 760
Timepoint not recorded. dt_out:2050 is bigger than timepoint: 760
Timepoint not recorded. dt_out:2075 is bigger than timepoint: 760
Timepoint not recorded. dt_out:200025 is bigger than timepoint: 760
Timepoint not recorded. dt_out:200025 is bigger than timepoint: 760
Timepoint not recorded. dt_out:1025 is bigger than timepoint: 760
Timepoint not recorded. dt_out:2050 is bigger than timepoint: 760
Timepoint not recorded. dt_out:200075 is bigger than timepoint: 760
Timepoint not recorded. dt_out:1075 is bigger than timepoint: 760
Timepoint not recorded. dt_out:1075 is bigger than timepoint: 760
Timepoint not recorded. dt_out:200025 is bigger than timepoint: 760
Timepoint not recorded. dt_out:2075 is bigger than timepoint: 760
Timepoint not recorded. dt_out:200050 is bigger than timepoint: 760
Timepoint not recorded. dt_out:200050 is bigger than timepoint: 760
Timepoint not recorded. dt_out:2075 is bigger than timepoint: 760
Timepoint not recorded. dt_out:2025 is bigger than timepoint: 760
Timepoint not recorded. dt_out:2075 is bigger than timepoint: 760
Timepoint not recorded. dt_out:1025 is bigger than timepoint: 760
Timepoint not recorded. dt_out:1025 is bigger than timepoint: 760
Timepoint not recorded. dt_out:200050 is bigger than timepoint: 760
Timepoint not recorded. dt_out:2075 is bigger than timepoint: 760
Timepoint not recorded. dt_out:2025 is bigger than timepoint: 760
Timepoint not recorded. dt_out:1025 is bigger than timepoint: 760
Timepoint not recorded. dt_out:200075 is bigger than timepoint: 760
Timepoint not recorded. dt_out:2050 is bigger than timepoint: 760
Timepoint not recorded. dt_out:2050 is bigger than timepoint: 760
Timepoint not recorded. dt_out:1075 is bigger than timepoint: 760
Timepoint not recorded. dt_out:200050 is bigger than timepoint: 760
Timepoint not recorded. dt_out:2050 is bigger than timepoint: 760
Timepoint not recorded. dt_out:200025 is bigger than timepoint: 760
Timepoint not recorded. dt_out:2075 is bigger than timepoint: 760
Timepoint not recorded. dt_out:2025 is bigger than timepoint: 760
Timepoint not recorded. dt_out:1050 is bigger than timepoint: 760
Timepoint not recorded. dt_out:200075 is bigger than timepoint: 760
Timepoint not recorded. dt_out:2025 is bigger than timepoint: 760
Timepoint not recorded. dt_out:1050 is bigger than timepoint: 760
Timepoint not recorded. dt_out:2075 is bigger than timepoint: 760
Timepoint not recorded. dt_out:1075 is bigger than timepoint: 760
Timepoint not recorded. dt_out:1075 is bigger than timepoint: 760
Timepoint not recorded. dt_out:1050 is bigger than timepoint: 760
800
Timepoint not recorded. dt_out:200025 is bigger than timepoint: 800
Timepoint not recorded. dt_out:200025 is bigger than timepoint: 800
Timepoint not recorded. dt_out:200025 is bigger than timepoint: 800
Timepoint not recorded. dt_out:200025 is bigger than timepoint: 800
Timepoint not recorded. dt_out:200050 is bigger than timepoint: 800
Timepoint not recorded. dt_out:200025 is bigger than timepoint: 800
Timepoint not recorded. dt_out:200050 is bigger than timepoint: 800
Timepoint not recorded. dt_out:200075 is bigger than timepoint: 800
Timepoint not recorded. dt_out:200075 is bigger than timepoint: 800
Timepoint not recorded. dt_out:1050 is bigger than timepoint: 800
Timepoint not recorded. dt_out:200075 is bigger than timepoint: 800
Timepoint not recorded. dt_out:1075 is bigger than timepoint: 800
Timepoint not recorded. dt_out:1050 is bigger than timepoint: 800
Timepoint not recorded. dt_out:1050 is bigger than timepoint: 800
Timepoint not recorded. dt_out:1075 is bigger than timepoint: 800
Timepoint not recorded. dt_out:1025 is bigger than timepoint: 800
Timepoint not recorded. dt_out:1075 is bigger than timepoint: 800
Timepoint not recorded. dt_out:1050 is bigger than timepoint: 800
Timepoint not recorded. dt_out:1025 is bigger than timepoint: 800
Timepoint not recorded. dt_out:200025 is bigger than timepoint: 800
Timepoint not recorded. dt_out:200050 is bigger than timepoint: 800
Timepoint not recorded. dt_out:200025 is bigger than timepoint: 800
Timepoint not recorded. dt_out:1050 is bigger than timepoint: 800
Timepoint not recorded. dt_out:200050 is bigger than timepoint: 800
Timepoint not recorded. dt_out:200075 is bigger than timepoint: 800
Timepoint not recorded. dt_out:1025 is bigger than timepoint: 800
Timepoint not recorded. dt_out:200025 is bigger than timepoint: 800
Timepoint not recorded. dt_out:200075 is bigger than timepoint: 800
Timepoint not recorded. dt_out:1050 is bigger than timepoint: 800
Timepoint not recorded. dt_out:200075 is bigger than timepoint: 800
Timepoint not recorded. dt_out:200025 is bigger than timepoint: 800
Timepoint not recorded. dt_out:200075 is bigger than timepoint: 800
Timepoint not recorded. dt_out:200025 is bigger than timepoint: 800
Timepoint not recorded. dt_out:1025 is bigger than timepoint: 800
Timepoint not recorded. dt_out:1050 is bigger than timepoint: 800
Timepoint not recorded. dt_out:200075 is bigger than timepoint: 800
Timepoint not recorded. dt_out:200025 is bigger than timepoint: 800
Timepoint not recorded. dt_out:1075 is bigger than timepoint: 800
Timepoint not recorded. dt_out:200050 is bigger than timepoint: 800
Timepoint not recorded. dt_out:200075 is bigger than timepoint: 800
Timepoint not recorded. dt_out:200050 is bigger than timepoint: 800
Timepoint not recorded. dt_out:1025 is bigger than timepoint: 800
Timepoint not recorded. dt_out:200075 is bigger than timepoint: 800
Timepoint not recorded. dt_out:1075 is bigger than timepoint: 800
Timepoint not recorded. dt_out:200025 is bigger than timepoint: 800
Timepoint not recorded. dt_out:1050 is bigger than timepoint: 800
Timepoint not recorded. dt_out:200050 is bigger than timepoint: 800
Timepoint not recorded. dt_out:200050 is bigger than timepoint: 800
Timepoint not recorded. dt_out:1050 is bigger than timepoint: 800
Timepoint not recorded. dt_out:200050 is bigger than timepoint: 800
Timepoint not recorded. dt_out:200050 is bigger than timepoint: 800
Timepoint not recorded. dt_out:1025 is bigger than timepoint: 800
Timepoint not recorded. dt_out:1050 is bigger than timepoint: 800
Timepoint not recorded. dt_out:1050 is bigger than timepoint: 800
Timepoint not recorded. dt_out:1025 is bigger than timepoint: 800
Timepoint not recorded. dt_out:1075 is bigger than timepoint: 800
Timepoint not recorded. dt_out:1025 is bigger than timepoint: 800
Timepoint not recorded. dt_out:1025 is bigger than timepoint: 800
Timepoint not recorded. dt_out:1025 is bigger than timepoint: 800
Timepoint not recorded. dt_out:200025 is bigger than timepoint: 800
Timepoint not recorded. dt_out:1075 is bigger than timepoint: 800
Timepoint not recorded. dt_out:1075 is bigger than timepoint: 800
Timepoint not recorded. dt_out:1075 is bigger than timepoint: 800
Timepoint not recorded. dt_out:1050 is bigger than timepoint: 800
Timepoint not recorded. dt_out:200050 is bigger than timepoint: 800
Timepoint not recorded. dt_out:200050 is bigger than timepoint: 800
Timepoint not recorded. dt_out:200050 is bigger than timepoint: 800
Timepoint not recorded. dt_out:1050 is bigger than timepoint: 800
Timepoint not recorded. dt_out:200075 is bigger than timepoint: 800
Timepoint not recorded. dt_out:1050 is bigger than timepoint: 800
Timepoint not recorded. dt_out:200025 is bigger than timepoint: 800
Timepoint not recorded. dt_out:1025 is bigger than timepoint: 800
Timepoint not recorded. dt_out:1025 is bigger than timepoint: 800
Timepoint not recorded. dt_out:200075 is bigger than timepoint: 800
Timepoint not recorded. dt_out:200050 is bigger than timepoint: 800
Timepoint not recorded. dt_out:1025 is bigger than timepoint: 800
Timepoint not recorded. dt_out:1075 is bigger than timepoint: 800
Timepoint not recorded. dt_out:1025 is bigger than timepoint: 800
Timepoint not recorded. dt_out:200075 is bigger than timepoint: 800
Timepoint not recorded. dt_out:200075 is bigger than timepoint: 800
Timepoint not recorded. dt_out:200075 is bigger than timepoint: 800
Timepoint not recorded. dt_out:1075 is bigger than timepoint: 800
Timepoint not recorded. dt_out:200025 is bigger than timepoint: 800
Timepoint not recorded. dt_out:1075 is bigger than timepoint: 800
Timepoint not recorded. dt_out:200025 is bigger than timepoint: 800
Timepoint not recorded. dt_out:200075 is bigger than timepoint: 800
Timepoint not recorded. dt_out:200050 is bigger than timepoint: 800
Timepoint not recorded. dt_out:1075 is bigger than timepoint: 800
Timepoint not recorded. dt_out:1025 is bigger than timepoint: 800
Timepoint not recorded. dt_out:1075 is bigger than timepoint: 800
Timepoint not recorded. dt_out:1075 is bigger than timepoint: 800
Timepoint not recorded. dt_out:1050 is bigger than timepoint: 800
Timepoint not recorded. dt_out:1050 is bigger than timepoint: 800
Timepoint not recorded. dt_out:1075 is bigger than timepoint: 800
Timepoint not recorded. dt_out:200050 is bigger than timepoint: 800
Timepoint not recorded. dt_out:1025 is bigger than timepoint: 800
Timepoint not recorded. dt_out:2075 is bigger than timepoint: 800
Timepoint not recorded. dt_out:1050 is bigger than timepoint: 800
Timepoint not recorded. dt_out:200025 is bigger than timepoint: 800
Timepoint not recorded. dt_out:1050 is bigger than timepoint: 800
Timepoint not recorded. dt_out:2025 is bigger than timepoint: 800
Timepoint not recorded. dt_out:200050 is bigger than timepoint: 800
Timepoint not recorded. dt_out:2025 is bigger than timepoint: 800
Timepoint not recorded. dt_out:2050 is bigger than timepoint: 800
Timepoint not recorded. dt_out:200025 is bigger than timepoint: 800
Timepoint not recorded. dt_out:200075 is bigger than timepoint: 800
Timepoint not recorded. dt_out:200025 is bigger than timepoint: 800
Timepoint not recorded. dt_out:1050 is bigger than timepoint: 800
Timepoint not recorded. dt_out:200075 is bigger than timepoint: 800
Timepoint not recorded. dt_out:200075 is bigger than timepoint: 800
Timepoint not recorded. dt_out:200075 is bigger than timepoint: 800
Timepoint not recorded. dt_out:2050 is bigger than timepoint: 800
Timepoint not recorded. dt_out:1075 is bigger than timepoint: 800
Timepoint not recorded. dt_out:200025 is bigger than timepoint: 800
Timepoint not recorded. dt_out:1075 is bigger than timepoint: 800
Timepoint not recorded. dt_out:1025 is bigger than timepoint: 800
Timepoint not recorded. dt_out:1025 is bigger than timepoint: 800
Timepoint not recorded. dt_out:1050 is bigger than timepoint: 800
Timepoint not recorded. dt_out:1025 is bigger than timepoint: 800
Timepoint not recorded. dt_out:200050 is bigger than timepoint: 800
Timepoint not recorded. dt_out:200050 is bigger than timepoint: 800
Timepoint not recorded. dt_out:1075 is bigger than timepoint: 800
Timepoint not recorded. dt_out:1025 is bigger than timepoint: 800
Timepoint not recorded. dt_out:2050 is bigger than timepoint: 800
Timepoint not recorded. dt_out:2025 is bigger than timepoint: 800
Timepoint not recorded. dt_out:200050 is bigger than timepoint: 800
Timepoint not recorded. dt_out:1050 is bigger than timepoint: 800
Timepoint not recorded. dt_out:200075 is bigger than timepoint: 800
Timepoint not recorded. dt_out:2025 is bigger than timepoint: 800
Timepoint not recorded. dt_out:2050 is bigger than timepoint: 800
Timepoint not recorded. dt_out:2075 is bigger than timepoint: 800
Timepoint not recorded. dt_out:200025 is bigger than timepoint: 800
Timepoint not recorded. dt_out:200025 is bigger than timepoint: 800
Timepoint not recorded. dt_out:1025 is bigger than timepoint: 800
Timepoint not recorded. dt_out:2050 is bigger than timepoint: 800
Timepoint not recorded. dt_out:200075 is bigger than timepoint: 800
Timepoint not recorded. dt_out:1075 is bigger than timepoint: 800
Timepoint not recorded. dt_out:1075 is bigger than timepoint: 800
Timepoint not recorded. dt_out:200025 is bigger than timepoint: 800
Timepoint not recorded. dt_out:2075 is bigger than timepoint: 800
Timepoint not recorded. dt_out:200050 is bigger than timepoint: 800
Timepoint not recorded. dt_out:200050 is bigger than timepoint: 800
Timepoint not recorded. dt_out:2075 is bigger than timepoint: 800
Timepoint not recorded. dt_out:2025 is bigger than timepoint: 800
Timepoint not recorded. dt_out:2075 is bigger than timepoint: 800
Timepoint not recorded. dt_out:1025 is bigger than timepoint: 800
Timepoint not recorded. dt_out:1025 is bigger than timepoint: 800
Timepoint not recorded. dt_out:200050 is bigger than timepoint: 800
Timepoint not recorded. dt_out:2075 is bigger than timepoint: 800
Timepoint not recorded. dt_out:2025 is bigger than timepoint: 800
Timepoint not recorded. dt_out:1025 is bigger than timepoint: 800
Timepoint not recorded. dt_out:200075 is bigger than timepoint: 800
Timepoint not recorded. dt_out:2050 is bigger than timepoint: 800
Timepoint not recorded. dt_out:2050 is bigger than timepoint: 800
Timepoint not recorded. dt_out:1075 is bigger than timepoint: 800
Timepoint not recorded. dt_out:200050 is bigger than timepoint: 800
Timepoint not recorded. dt_out:2050 is bigger than timepoint: 800
Timepoint not recorded. dt_out:200025 is bigger than timepoint: 800
Timepoint not recorded. dt_out:2075 is bigger than timepoint: 800
Timepoint not recorded. dt_out:2025 is bigger than timepoint: 800
Timepoint not recorded. dt_out:1050 is bigger than timepoint: 800
Timepoint not recorded. dt_out:200075 is bigger than timepoint: 800
Timepoint not recorded. dt_out:2025 is bigger than timepoint: 800
Timepoint not recorded. dt_out:1050 is bigger than timepoint: 800
Timepoint not recorded. dt_out:2075 is bigger than timepoint: 800
Timepoint not recorded. dt_out:1075 is bigger than timepoint: 800
Timepoint not recorded. dt_out:1075 is bigger than timepoint: 800
Timepoint not recorded. dt_out:1050 is bigger than timepoint: 800
840
Timepoint not recorded. dt_out:200025 is bigger than timepoint: 840
Timepoint not recorded. dt_out:200025 is bigger than timepoint: 840
Timepoint not recorded. dt_out:200025 is bigger than timepoint: 840
Timepoint not recorded. dt_out:200025 is bigger than timepoint: 840
Timepoint not recorded. dt_out:200050 is bigger than timepoint: 840
Timepoint not recorded. dt_out:200025 is bigger than timepoint: 840
Timepoint not recorded. dt_out:200050 is bigger than timepoint: 840
Timepoint not recorded. dt_out:200075 is bigger than timepoint: 840
Timepoint not recorded. dt_out:200075 is bigger than timepoint: 840
Timepoint not recorded. dt_out:1050 is bigger than timepoint: 840
Timepoint not recorded. dt_out:200075 is bigger than timepoint: 840
Timepoint not recorded. dt_out:1075 is bigger than timepoint: 840
Timepoint not recorded. dt_out:1050 is bigger than timepoint: 840
Timepoint not recorded. dt_out:1050 is bigger than timepoint: 840
Timepoint not recorded. dt_out:1075 is bigger than timepoint: 840
Timepoint not recorded. dt_out:1025 is bigger than timepoint: 840
Timepoint not recorded. dt_out:1075 is bigger than timepoint: 840
Timepoint not recorded. dt_out:1050 is bigger than timepoint: 840
Timepoint not recorded. dt_out:1025 is bigger than timepoint: 840
Timepoint not recorded. dt_out:200025 is bigger than timepoint: 840
Timepoint not recorded. dt_out:200050 is bigger than timepoint: 840
Timepoint not recorded. dt_out:200025 is bigger than timepoint: 840
Timepoint not recorded. dt_out:1050 is bigger than timepoint: 840
Timepoint not recorded. dt_out:200050 is bigger than timepoint: 840
Timepoint not recorded. dt_out:200075 is bigger than timepoint: 840
Timepoint not recorded. dt_out:1025 is bigger than timepoint: 840
Timepoint not recorded. dt_out:200025 is bigger than timepoint: 840
Timepoint not recorded. dt_out:200075 is bigger than timepoint: 840
Timepoint not recorded. dt_out:1050 is bigger than timepoint: 840
Timepoint not recorded. dt_out:200075 is bigger than timepoint: 840
Timepoint not recorded. dt_out:200025 is bigger than timepoint: 840
Timepoint not recorded. dt_out:200075 is bigger than timepoint: 840
Timepoint not recorded. dt_out:200025 is bigger than timepoint: 840
Timepoint not recorded. dt_out:1025 is bigger than timepoint: 840
Timepoint not recorded. dt_out:1050 is bigger than timepoint: 840
Timepoint not recorded. dt_out:200075 is bigger than timepoint: 840
Timepoint not recorded. dt_out:200025 is bigger than timepoint: 840
Timepoint not recorded. dt_out:1075 is bigger than timepoint: 840
Timepoint not recorded. dt_out:200050 is bigger than timepoint: 840
Timepoint not recorded. dt_out:200075 is bigger than timepoint: 840
Timepoint not recorded. dt_out:200050 is bigger than timepoint: 840
Timepoint not recorded. dt_out:1025 is bigger than timepoint: 840
Timepoint not recorded. dt_out:200075 is bigger than timepoint: 840
Timepoint not recorded. dt_out:1075 is bigger than timepoint: 840
Timepoint not recorded. dt_out:200025 is bigger than timepoint: 840
Timepoint not recorded. dt_out:1050 is bigger than timepoint: 840
Timepoint not recorded. dt_out:200050 is bigger than timepoint: 840
Timepoint not recorded. dt_out:200050 is bigger than timepoint: 840
Timepoint not recorded. dt_out:1050 is bigger than timepoint: 840
Timepoint not recorded. dt_out:200050 is bigger than timepoint: 840
Timepoint not recorded. dt_out:200050 is bigger than timepoint: 840
Timepoint not recorded. dt_out:1025 is bigger than timepoint: 840
Timepoint not recorded. dt_out:1050 is bigger than timepoint: 840
Timepoint not recorded. dt_out:1050 is bigger than timepoint: 840
Timepoint not recorded. dt_out:1025 is bigger than timepoint: 840
Timepoint not recorded. dt_out:1075 is bigger than timepoint: 840
Timepoint not recorded. dt_out:1025 is bigger than timepoint: 840
Timepoint not recorded. dt_out:1025 is bigger than timepoint: 840
Timepoint not recorded. dt_out:1025 is bigger than timepoint: 840
Timepoint not recorded. dt_out:200025 is bigger than timepoint: 840
Timepoint not recorded. dt_out:1075 is bigger than timepoint: 840
Timepoint not recorded. dt_out:1075 is bigger than timepoint: 840
Timepoint not recorded. dt_out:1075 is bigger than timepoint: 840
Timepoint not recorded. dt_out:1050 is bigger than timepoint: 840
Timepoint not recorded. dt_out:200050 is bigger than timepoint: 840
Timepoint not recorded. dt_out:200050 is bigger than timepoint: 840
Timepoint not recorded. dt_out:200050 is bigger than timepoint: 840
Timepoint not recorded. dt_out:1050 is bigger than timepoint: 840
Timepoint not recorded. dt_out:200075 is bigger than timepoint: 840
Timepoint not recorded. dt_out:1050 is bigger than timepoint: 840
Timepoint not recorded. dt_out:200025 is bigger than timepoint: 840
Timepoint not recorded. dt_out:1025 is bigger than timepoint: 840
Timepoint not recorded. dt_out:1025 is bigger than timepoint: 840
Timepoint not recorded. dt_out:200075 is bigger than timepoint: 840
Timepoint not recorded. dt_out:200050 is bigger than timepoint: 840
Timepoint not recorded. dt_out:1025 is bigger than timepoint: 840
Timepoint not recorded. dt_out:1075 is bigger than timepoint: 840
Timepoint not recorded. dt_out:1025 is bigger than timepoint: 840
Timepoint not recorded. dt_out:200075 is bigger than timepoint: 840
Timepoint not recorded. dt_out:200075 is bigger than timepoint: 840
Timepoint not recorded. dt_out:200075 is bigger than timepoint: 840
Timepoint not recorded. dt_out:1075 is bigger than timepoint: 840
Timepoint not recorded. dt_out:200025 is bigger than timepoint: 840
Timepoint not recorded. dt_out:1075 is bigger than timepoint: 840
Timepoint not recorded. dt_out:200025 is bigger than timepoint: 840
Timepoint not recorded. dt_out:200075 is bigger than timepoint: 840
Timepoint not recorded. dt_out:200050 is bigger than timepoint: 840
Timepoint not recorded. dt_out:1075 is bigger than timepoint: 840
Timepoint not recorded. dt_out:1025 is bigger than timepoint: 840
Timepoint not recorded. dt_out:1075 is bigger than timepoint: 840
Timepoint not recorded. dt_out:1075 is bigger than timepoint: 840
Timepoint not recorded. dt_out:1050 is bigger than timepoint: 840
Timepoint not recorded. dt_out:1050 is bigger than timepoint: 840
Timepoint not recorded. dt_out:1075 is bigger than timepoint: 840
Timepoint not recorded. dt_out:200050 is bigger than timepoint: 840
Timepoint not recorded. dt_out:1025 is bigger than timepoint: 840
Timepoint not recorded. dt_out:2075 is bigger than timepoint: 840
Timepoint not recorded. dt_out:1050 is bigger than timepoint: 840
Timepoint not recorded. dt_out:200025 is bigger than timepoint: 840
Timepoint not recorded. dt_out:1050 is bigger than timepoint: 840
Timepoint not recorded. dt_out:2025 is bigger than timepoint: 840
Timepoint not recorded. dt_out:200050 is bigger than timepoint: 840
Timepoint not recorded. dt_out:2025 is bigger than timepoint: 840
Timepoint not recorded. dt_out:2050 is bigger than timepoint: 840
Timepoint not recorded. dt_out:200025 is bigger than timepoint: 840
Timepoint not recorded. dt_out:200075 is bigger than timepoint: 840
Timepoint not recorded. dt_out:200025 is bigger than timepoint: 840
Timepoint not recorded. dt_out:1050 is bigger than timepoint: 840
Timepoint not recorded. dt_out:200075 is bigger than timepoint: 840
Timepoint not recorded. dt_out:200075 is bigger than timepoint: 840
Timepoint not recorded. dt_out:200075 is bigger than timepoint: 840
Timepoint not recorded. dt_out:2050 is bigger than timepoint: 840
Timepoint not recorded. dt_out:1075 is bigger than timepoint: 840
Timepoint not recorded. dt_out:200025 is bigger than timepoint: 840
Timepoint not recorded. dt_out:1075 is bigger than timepoint: 840
Timepoint not recorded. dt_out:1025 is bigger than timepoint: 840
Timepoint not recorded. dt_out:1025 is bigger than timepoint: 840
Timepoint not recorded. dt_out:1050 is bigger than timepoint: 840
Timepoint not recorded. dt_out:1025 is bigger than timepoint: 840
Timepoint not recorded. dt_out:200050 is bigger than timepoint: 840
Timepoint not recorded. dt_out:200050 is bigger than timepoint: 840
Timepoint not recorded. dt_out:1075 is bigger than timepoint: 840
Timepoint not recorded. dt_out:1025 is bigger than timepoint: 840
Timepoint not recorded. dt_out:2050 is bigger than timepoint: 840
Timepoint not recorded. dt_out:2025 is bigger than timepoint: 840
Timepoint not recorded. dt_out:200050 is bigger than timepoint: 840
Timepoint not recorded. dt_out:1050 is bigger than timepoint: 840
Timepoint not recorded. dt_out:200075 is bigger than timepoint: 840
Timepoint not recorded. dt_out:2025 is bigger than timepoint: 840
Timepoint not recorded. dt_out:2050 is bigger than timepoint: 840
Timepoint not recorded. dt_out:2075 is bigger than timepoint: 840
Timepoint not recorded. dt_out:200025 is bigger than timepoint: 840
Timepoint not recorded. dt_out:200025 is bigger than timepoint: 840
Timepoint not recorded. dt_out:1025 is bigger than timepoint: 840
Timepoint not recorded. dt_out:2050 is bigger than timepoint: 840
Timepoint not recorded. dt_out:200075 is bigger than timepoint: 840
Timepoint not recorded. dt_out:1075 is bigger than timepoint: 840
Timepoint not recorded. dt_out:1075 is bigger than timepoint: 840
Timepoint not recorded. dt_out:200025 is bigger than timepoint: 840
Timepoint not recorded. dt_out:2075 is bigger than timepoint: 840
Timepoint not recorded. dt_out:200050 is bigger than timepoint: 840
Timepoint not recorded. dt_out:200050 is bigger than timepoint: 840
Timepoint not recorded. dt_out:2075 is bigger than timepoint: 840
Timepoint not recorded. dt_out:2025 is bigger than timepoint: 840
Timepoint not recorded. dt_out:2075 is bigger than timepoint: 840
Timepoint not recorded. dt_out:1025 is bigger than timepoint: 840
Timepoint not recorded. dt_out:1025 is bigger than timepoint: 840
Timepoint not recorded. dt_out:200050 is bigger than timepoint: 840
Timepoint not recorded. dt_out:2075 is bigger than timepoint: 840
Timepoint not recorded. dt_out:2025 is bigger than timepoint: 840
Timepoint not recorded. dt_out:1025 is bigger than timepoint: 840
Timepoint not recorded. dt_out:200075 is bigger than timepoint: 840
Timepoint not recorded. dt_out:2050 is bigger than timepoint: 840
Timepoint not recorded. dt_out:2050 is bigger than timepoint: 840
Timepoint not recorded. dt_out:1075 is bigger than timepoint: 840
Timepoint not recorded. dt_out:200050 is bigger than timepoint: 840
Timepoint not recorded. dt_out:2050 is bigger than timepoint: 840
Timepoint not recorded. dt_out:200025 is bigger than timepoint: 840
Timepoint not recorded. dt_out:2075 is bigger than timepoint: 840
Timepoint not recorded. dt_out:2025 is bigger than timepoint: 840
Timepoint not recorded. dt_out:1050 is bigger than timepoint: 840
Timepoint not recorded. dt_out:200075 is bigger than timepoint: 840
Timepoint not recorded. dt_out:2025 is bigger than timepoint: 840
Timepoint not recorded. dt_out:1050 is bigger than timepoint: 840
Timepoint not recorded. dt_out:2075 is bigger than timepoint: 840
Timepoint not recorded. dt_out:1075 is bigger than timepoint: 840
Timepoint not recorded. dt_out:1075 is bigger than timepoint: 840
Timepoint not recorded. dt_out:1050 is bigger than timepoint: 840
880
Timepoint not recorded. dt_out:200025 is bigger than timepoint: 880
Timepoint not recorded. dt_out:200025 is bigger than timepoint: 880
Timepoint not recorded. dt_out:200025 is bigger than timepoint: 880
Timepoint not recorded. dt_out:200025 is bigger than timepoint: 880
Timepoint not recorded. dt_out:200050 is bigger than timepoint: 880
Timepoint not recorded. dt_out:200025 is bigger than timepoint: 880
Timepoint not recorded. dt_out:200050 is bigger than timepoint: 880
Timepoint not recorded. dt_out:200075 is bigger than timepoint: 880
Timepoint not recorded. dt_out:200075 is bigger than timepoint: 880
Timepoint not recorded. dt_out:1050 is bigger than timepoint: 880
Timepoint not recorded. dt_out:200075 is bigger than timepoint: 880
Timepoint not recorded. dt_out:1075 is bigger than timepoint: 880
Timepoint not recorded. dt_out:1050 is bigger than timepoint: 880
Timepoint not recorded. dt_out:1050 is bigger than timepoint: 880
Timepoint not recorded. dt_out:1075 is bigger than timepoint: 880
Timepoint not recorded. dt_out:1025 is bigger than timepoint: 880
Timepoint not recorded. dt_out:1075 is bigger than timepoint: 880
Timepoint not recorded. dt_out:1050 is bigger than timepoint: 880
Timepoint not recorded. dt_out:1025 is bigger than timepoint: 880
Timepoint not recorded. dt_out:200025 is bigger than timepoint: 880
Timepoint not recorded. dt_out:200050 is bigger than timepoint: 880
Timepoint not recorded. dt_out:200025 is bigger than timepoint: 880
Timepoint not recorded. dt_out:1050 is bigger than timepoint: 880
Timepoint not recorded. dt_out:200050 is bigger than timepoint: 880
Timepoint not recorded. dt_out:200075 is bigger than timepoint: 880
Timepoint not recorded. dt_out:1025 is bigger than timepoint: 880
Timepoint not recorded. dt_out:200025 is bigger than timepoint: 880
Timepoint not recorded. dt_out:200075 is bigger than timepoint: 880
Timepoint not recorded. dt_out:1050 is bigger than timepoint: 880
Timepoint not recorded. dt_out:200075 is bigger than timepoint: 880
Timepoint not recorded. dt_out:200025 is bigger than timepoint: 880
Timepoint not recorded. dt_out:200075 is bigger than timepoint: 880
Timepoint not recorded. dt_out:200025 is bigger than timepoint: 880
Timepoint not recorded. dt_out:1025 is bigger than timepoint: 880
Timepoint not recorded. dt_out:1050 is bigger than timepoint: 880
Timepoint not recorded. dt_out:200075 is bigger than timepoint: 880
Timepoint not recorded. dt_out:200025 is bigger than timepoint: 880
Timepoint not recorded. dt_out:1075 is bigger than timepoint: 880
Timepoint not recorded. dt_out:200050 is bigger than timepoint: 880
Timepoint not recorded. dt_out:200075 is bigger than timepoint: 880
Timepoint not recorded. dt_out:200050 is bigger than timepoint: 880
Timepoint not recorded. dt_out:1025 is bigger than timepoint: 880
Timepoint not recorded. dt_out:200075 is bigger than timepoint: 880
Timepoint not recorded. dt_out:1075 is bigger than timepoint: 880
Timepoint not recorded. dt_out:200025 is bigger than timepoint: 880
Timepoint not recorded. dt_out:1050 is bigger than timepoint: 880
Timepoint not recorded. dt_out:200050 is bigger than timepoint: 880
Timepoint not recorded. dt_out:200050 is bigger than timepoint: 880
Timepoint not recorded. dt_out:1050 is bigger than timepoint: 880
Timepoint not recorded. dt_out:200050 is bigger than timepoint: 880
Timepoint not recorded. dt_out:200050 is bigger than timepoint: 880
Timepoint not recorded. dt_out:1025 is bigger than timepoint: 880
Timepoint not recorded. dt_out:1050 is bigger than timepoint: 880
Timepoint not recorded. dt_out:1050 is bigger than timepoint: 880
Timepoint not recorded. dt_out:1025 is bigger than timepoint: 880
Timepoint not recorded. dt_out:1075 is bigger than timepoint: 880
Timepoint not recorded. dt_out:1025 is bigger than timepoint: 880
Timepoint not recorded. dt_out:1025 is bigger than timepoint: 880
Timepoint not recorded. dt_out:1025 is bigger than timepoint: 880
Timepoint not recorded. dt_out:200025 is bigger than timepoint: 880
Timepoint not recorded. dt_out:1075 is bigger than timepoint: 880
Timepoint not recorded. dt_out:1075 is bigger than timepoint: 880
Timepoint not recorded. dt_out:1075 is bigger than timepoint: 880
Timepoint not recorded. dt_out:1050 is bigger than timepoint: 880
Timepoint not recorded. dt_out:200050 is bigger than timepoint: 880
Timepoint not recorded. dt_out:200050 is bigger than timepoint: 880
Timepoint not recorded. dt_out:200050 is bigger than timepoint: 880
Timepoint not recorded. dt_out:1050 is bigger than timepoint: 880
Timepoint not recorded. dt_out:200075 is bigger than timepoint: 880
Timepoint not recorded. dt_out:1050 is bigger than timepoint: 880
Timepoint not recorded. dt_out:200025 is bigger than timepoint: 880
Timepoint not recorded. dt_out:1025 is bigger than timepoint: 880
Timepoint not recorded. dt_out:1025 is bigger than timepoint: 880
Timepoint not recorded. dt_out:200075 is bigger than timepoint: 880
Timepoint not recorded. dt_out:200050 is bigger than timepoint: 880
Timepoint not recorded. dt_out:1025 is bigger than timepoint: 880
Timepoint not recorded. dt_out:1075 is bigger than timepoint: 880
Timepoint not recorded. dt_out:1025 is bigger than timepoint: 880
Timepoint not recorded. dt_out:200075 is bigger than timepoint: 880
Timepoint not recorded. dt_out:200075 is bigger than timepoint: 880
Timepoint not recorded. dt_out:200075 is bigger than timepoint: 880
Timepoint not recorded. dt_out:1075 is bigger than timepoint: 880
Timepoint not recorded. dt_out:200025 is bigger than timepoint: 880
Timepoint not recorded. dt_out:1075 is bigger than timepoint: 880
Timepoint not recorded. dt_out:200025 is bigger than timepoint: 880
Timepoint not recorded. dt_out:200075 is bigger than timepoint: 880
Timepoint not recorded. dt_out:200050 is bigger than timepoint: 880
Timepoint not recorded. dt_out:1075 is bigger than timepoint: 880
Timepoint not recorded. dt_out:1025 is bigger than timepoint: 880
Timepoint not recorded. dt_out:1075 is bigger than timepoint: 880
Timepoint not recorded. dt_out:1075 is bigger than timepoint: 880
Timepoint not recorded. dt_out:1050 is bigger than timepoint: 880
Timepoint not recorded. dt_out:1050 is bigger than timepoint: 880
Timepoint not recorded. dt_out:1075 is bigger than timepoint: 880
Timepoint not recorded. dt_out:200050 is bigger than timepoint: 880
Timepoint not recorded. dt_out:1025 is bigger than timepoint: 880
Timepoint not recorded. dt_out:2075 is bigger than timepoint: 880
Timepoint not recorded. dt_out:1050 is bigger than timepoint: 880
Timepoint not recorded. dt_out:200025 is bigger than timepoint: 880
Timepoint not recorded. dt_out:1050 is bigger than timepoint: 880
Timepoint not recorded. dt_out:2025 is bigger than timepoint: 880
Timepoint not recorded. dt_out:200050 is bigger than timepoint: 880
Timepoint not recorded. dt_out:2025 is bigger than timepoint: 880
Timepoint not recorded. dt_out:2050 is bigger than timepoint: 880
Timepoint not recorded. dt_out:200025 is bigger than timepoint: 880
Timepoint not recorded. dt_out:200075 is bigger than timepoint: 880
Timepoint not recorded. dt_out:200025 is bigger than timepoint: 880
Timepoint not recorded. dt_out:1050 is bigger than timepoint: 880
Timepoint not recorded. dt_out:200075 is bigger than timepoint: 880
Timepoint not recorded. dt_out:200075 is bigger than timepoint: 880
Timepoint not recorded. dt_out:200075 is bigger than timepoint: 880
Timepoint not recorded. dt_out:2050 is bigger than timepoint: 880
Timepoint not recorded. dt_out:1075 is bigger than timepoint: 880
Timepoint not recorded. dt_out:200025 is bigger than timepoint: 880
Timepoint not recorded. dt_out:1075 is bigger than timepoint: 880
Timepoint not recorded. dt_out:1025 is bigger than timepoint: 880
Timepoint not recorded. dt_out:1025 is bigger than timepoint: 880
Timepoint not recorded. dt_out:1050 is bigger than timepoint: 880
Timepoint not recorded. dt_out:1025 is bigger than timepoint: 880
Timepoint not recorded. dt_out:200050 is bigger than timepoint: 880
Timepoint not recorded. dt_out:200050 is bigger than timepoint: 880
Timepoint not recorded. dt_out:1075 is bigger than timepoint: 880
Timepoint not recorded. dt_out:1025 is bigger than timepoint: 880
Timepoint not recorded. dt_out:2050 is bigger than timepoint: 880
Timepoint not recorded. dt_out:2025 is bigger than timepoint: 880
Timepoint not recorded. dt_out:200050 is bigger than timepoint: 880
Timepoint not recorded. dt_out:1050 is bigger than timepoint: 880
Timepoint not recorded. dt_out:200075 is bigger than timepoint: 880
Timepoint not recorded. dt_out:2025 is bigger than timepoint: 880
Timepoint not recorded. dt_out:2050 is bigger than timepoint: 880
Timepoint not recorded. dt_out:2075 is bigger than timepoint: 880
Timepoint not recorded. dt_out:200025 is bigger than timepoint: 880
Timepoint not recorded. dt_out:200025 is bigger than timepoint: 880
Timepoint not recorded. dt_out:1025 is bigger than timepoint: 880
Timepoint not recorded. dt_out:2050 is bigger than timepoint: 880
Timepoint not recorded. dt_out:200075 is bigger than timepoint: 880
Timepoint not recorded. dt_out:1075 is bigger than timepoint: 880
Timepoint not recorded. dt_out:1075 is bigger than timepoint: 880
Timepoint not recorded. dt_out:200025 is bigger than timepoint: 880
Timepoint not recorded. dt_out:2075 is bigger than timepoint: 880
Timepoint not recorded. dt_out:200050 is bigger than timepoint: 880
Timepoint not recorded. dt_out:200050 is bigger than timepoint: 880
Timepoint not recorded. dt_out:2075 is bigger than timepoint: 880
Timepoint not recorded. dt_out:2025 is bigger than timepoint: 880
Timepoint not recorded. dt_out:2075 is bigger than timepoint: 880
Timepoint not recorded. dt_out:1025 is bigger than timepoint: 880
Timepoint not recorded. dt_out:1025 is bigger than timepoint: 880
Timepoint not recorded. dt_out:200050 is bigger than timepoint: 880
Timepoint not recorded. dt_out:2075 is bigger than timepoint: 880
Timepoint not recorded. dt_out:2025 is bigger than timepoint: 880
Timepoint not recorded. dt_out:1025 is bigger than timepoint: 880
Timepoint not recorded. dt_out:200075 is bigger than timepoint: 880
Timepoint not recorded. dt_out:2050 is bigger than timepoint: 880
Timepoint not recorded. dt_out:2050 is bigger than timepoint: 880
Timepoint not recorded. dt_out:1075 is bigger than timepoint: 880
Timepoint not recorded. dt_out:200050 is bigger than timepoint: 880
Timepoint not recorded. dt_out:2050 is bigger than timepoint: 880
Timepoint not recorded. dt_out:200025 is bigger than timepoint: 880
Timepoint not recorded. dt_out:2075 is bigger than timepoint: 880
Timepoint not recorded. dt_out:2025 is bigger than timepoint: 880
Timepoint not recorded. dt_out:1050 is bigger than timepoint: 880
Timepoint not recorded. dt_out:200075 is bigger than timepoint: 880
Timepoint not recorded. dt_out:2025 is bigger than timepoint: 880
Timepoint not recorded. dt_out:1050 is bigger than timepoint: 880
Timepoint not recorded. dt_out:2075 is bigger than timepoint: 880
Timepoint not recorded. dt_out:1075 is bigger than timepoint: 880
Timepoint not recorded. dt_out:1075 is bigger than timepoint: 880
Timepoint not recorded. dt_out:1050 is bigger than timepoint: 880
920
Timepoint not recorded. dt_out:200025 is bigger than timepoint: 920
Timepoint not recorded. dt_out:200025 is bigger than timepoint: 920
Timepoint not recorded. dt_out:200025 is bigger than timepoint: 920
Timepoint not recorded. dt_out:200025 is bigger than timepoint: 920
Timepoint not recorded. dt_out:200050 is bigger than timepoint: 920
Timepoint not recorded. dt_out:200025 is bigger than timepoint: 920
Timepoint not recorded. dt_out:200050 is bigger than timepoint: 920
Timepoint not recorded. dt_out:200075 is bigger than timepoint: 920
Timepoint not recorded. dt_out:200075 is bigger than timepoint: 920
Timepoint not recorded. dt_out:1050 is bigger than timepoint: 920
Timepoint not recorded. dt_out:200075 is bigger than timepoint: 920
Timepoint not recorded. dt_out:1075 is bigger than timepoint: 920
Timepoint not recorded. dt_out:1050 is bigger than timepoint: 920
Timepoint not recorded. dt_out:1050 is bigger than timepoint: 920
Timepoint not recorded. dt_out:1075 is bigger than timepoint: 920
Timepoint not recorded. dt_out:1025 is bigger than timepoint: 920
Timepoint not recorded. dt_out:1075 is bigger than timepoint: 920
Timepoint not recorded. dt_out:1050 is bigger than timepoint: 920
Timepoint not recorded. dt_out:1025 is bigger than timepoint: 920
Timepoint not recorded. dt_out:200025 is bigger than timepoint: 920
Timepoint not recorded. dt_out:200050 is bigger than timepoint: 920
Timepoint not recorded. dt_out:200025 is bigger than timepoint: 920
Timepoint not recorded. dt_out:1050 is bigger than timepoint: 920
Timepoint not recorded. dt_out:200050 is bigger than timepoint: 920
Timepoint not recorded. dt_out:200075 is bigger than timepoint: 920
Timepoint not recorded. dt_out:1025 is bigger than timepoint: 920
Timepoint not recorded. dt_out:200025 is bigger than timepoint: 920
Timepoint not recorded. dt_out:200075 is bigger than timepoint: 920
Timepoint not recorded. dt_out:1050 is bigger than timepoint: 920
Timepoint not recorded. dt_out:200075 is bigger than timepoint: 920
Timepoint not recorded. dt_out:200025 is bigger than timepoint: 920
Timepoint not recorded. dt_out:200075 is bigger than timepoint: 920
Timepoint not recorded. dt_out:200025 is bigger than timepoint: 920
Timepoint not recorded. dt_out:1025 is bigger than timepoint: 920
Timepoint not recorded. dt_out:1050 is bigger than timepoint: 920
Timepoint not recorded. dt_out:200075 is bigger than timepoint: 920
Timepoint not recorded. dt_out:200025 is bigger than timepoint: 920
Timepoint not recorded. dt_out:1075 is bigger than timepoint: 920
Timepoint not recorded. dt_out:200050 is bigger than timepoint: 920
Timepoint not recorded. dt_out:200075 is bigger than timepoint: 920
Timepoint not recorded. dt_out:200050 is bigger than timepoint: 920
Timepoint not recorded. dt_out:1025 is bigger than timepoint: 920
Timepoint not recorded. dt_out:200075 is bigger than timepoint: 920
Timepoint not recorded. dt_out:1075 is bigger than timepoint: 920
Timepoint not recorded. dt_out:200025 is bigger than timepoint: 920
Timepoint not recorded. dt_out:1050 is bigger than timepoint: 920
Timepoint not recorded. dt_out:200050 is bigger than timepoint: 920
Timepoint not recorded. dt_out:200050 is bigger than timepoint: 920
Timepoint not recorded. dt_out:1050 is bigger than timepoint: 920
Timepoint not recorded. dt_out:200050 is bigger than timepoint: 920
Timepoint not recorded. dt_out:200050 is bigger than timepoint: 920
Timepoint not recorded. dt_out:1025 is bigger than timepoint: 920
Timepoint not recorded. dt_out:1050 is bigger than timepoint: 920
Timepoint not recorded. dt_out:1050 is bigger than timepoint: 920
Timepoint not recorded. dt_out:1025 is bigger than timepoint: 920
Timepoint not recorded. dt_out:1075 is bigger than timepoint: 920
Timepoint not recorded. dt_out:1025 is bigger than timepoint: 920
Timepoint not recorded. dt_out:1025 is bigger than timepoint: 920
Timepoint not recorded. dt_out:1025 is bigger than timepoint: 920
Timepoint not recorded. dt_out:200025 is bigger than timepoint: 920
Timepoint not recorded. dt_out:1075 is bigger than timepoint: 920
Timepoint not recorded. dt_out:1075 is bigger than timepoint: 920
Timepoint not recorded. dt_out:1075 is bigger than timepoint: 920
Timepoint not recorded. dt_out:1050 is bigger than timepoint: 920
Timepoint not recorded. dt_out:200050 is bigger than timepoint: 920
Timepoint not recorded. dt_out:200050 is bigger than timepoint: 920
Timepoint not recorded. dt_out:200050 is bigger than timepoint: 920
Timepoint not recorded. dt_out:1050 is bigger than timepoint: 920
Timepoint not recorded. dt_out:200075 is bigger than timepoint: 920
Timepoint not recorded. dt_out:1050 is bigger than timepoint: 920
Timepoint not recorded. dt_out:200025 is bigger than timepoint: 920
Timepoint not recorded. dt_out:1025 is bigger than timepoint: 920
Timepoint not recorded. dt_out:1025 is bigger than timepoint: 920
Timepoint not recorded. dt_out:200075 is bigger than timepoint: 920
Timepoint not recorded. dt_out:200050 is bigger than timepoint: 920
Timepoint not recorded. dt_out:1025 is bigger than timepoint: 920
Timepoint not recorded. dt_out:1075 is bigger than timepoint: 920
Timepoint not recorded. dt_out:1025 is bigger than timepoint: 920
Timepoint not recorded. dt_out:200075 is bigger than timepoint: 920
Timepoint not recorded. dt_out:200075 is bigger than timepoint: 920
Timepoint not recorded. dt_out:200075 is bigger than timepoint: 920
Timepoint not recorded. dt_out:1075 is bigger than timepoint: 920
Timepoint not recorded. dt_out:200025 is bigger than timepoint: 920
Timepoint not recorded. dt_out:1075 is bigger than timepoint: 920
Timepoint not recorded. dt_out:200025 is bigger than timepoint: 920
Timepoint not recorded. dt_out:200075 is bigger than timepoint: 920
Timepoint not recorded. dt_out:200050 is bigger than timepoint: 920
Timepoint not recorded. dt_out:1075 is bigger than timepoint: 920
Timepoint not recorded. dt_out:1025 is bigger than timepoint: 920
Timepoint not recorded. dt_out:1075 is bigger than timepoint: 920
Timepoint not recorded. dt_out:1075 is bigger than timepoint: 920
Timepoint not recorded. dt_out:1050 is bigger than timepoint: 920
Timepoint not recorded. dt_out:1050 is bigger than timepoint: 920
Timepoint not recorded. dt_out:1075 is bigger than timepoint: 920
Timepoint not recorded. dt_out:200050 is bigger than timepoint: 920
Timepoint not recorded. dt_out:1025 is bigger than timepoint: 920
Timepoint not recorded. dt_out:2075 is bigger than timepoint: 920
Timepoint not recorded. dt_out:1050 is bigger than timepoint: 920
Timepoint not recorded. dt_out:200025 is bigger than timepoint: 920
Timepoint not recorded. dt_out:1050 is bigger than timepoint: 920
Timepoint not recorded. dt_out:2025 is bigger than timepoint: 920
Timepoint not recorded. dt_out:200050 is bigger than timepoint: 920
Timepoint not recorded. dt_out:2025 is bigger than timepoint: 920
Timepoint not recorded. dt_out:2050 is bigger than timepoint: 920
Timepoint not recorded. dt_out:200025 is bigger than timepoint: 920
Timepoint not recorded. dt_out:200075 is bigger than timepoint: 920
Timepoint not recorded. dt_out:200025 is bigger than timepoint: 920
Timepoint not recorded. dt_out:1050 is bigger than timepoint: 920
Timepoint not recorded. dt_out:200075 is bigger than timepoint: 920
Timepoint not recorded. dt_out:200075 is bigger than timepoint: 920
Timepoint not recorded. dt_out:200075 is bigger than timepoint: 920
Timepoint not recorded. dt_out:2050 is bigger than timepoint: 920
Timepoint not recorded. dt_out:1075 is bigger than timepoint: 920
Timepoint not recorded. dt_out:200025 is bigger than timepoint: 920
Timepoint not recorded. dt_out:1075 is bigger than timepoint: 920
Timepoint not recorded. dt_out:1025 is bigger than timepoint: 920
Timepoint not recorded. dt_out:1025 is bigger than timepoint: 920
Timepoint not recorded. dt_out:1050 is bigger than timepoint: 920
Timepoint not recorded. dt_out:1025 is bigger than timepoint: 920
Timepoint not recorded. dt_out:200050 is bigger than timepoint: 920
Timepoint not recorded. dt_out:200050 is bigger than timepoint: 920
Timepoint not recorded. dt_out:1075 is bigger than timepoint: 920
Timepoint not recorded. dt_out:1025 is bigger than timepoint: 920
Timepoint not recorded. dt_out:2050 is bigger than timepoint: 920
Timepoint not recorded. dt_out:2025 is bigger than timepoint: 920
Timepoint not recorded. dt_out:200050 is bigger than timepoint: 920
Timepoint not recorded. dt_out:1050 is bigger than timepoint: 920
Timepoint not recorded. dt_out:200075 is bigger than timepoint: 920
Timepoint not recorded. dt_out:2025 is bigger than timepoint: 920
Timepoint not recorded. dt_out:2050 is bigger than timepoint: 920
Timepoint not recorded. dt_out:2075 is bigger than timepoint: 920
Timepoint not recorded. dt_out:200025 is bigger than timepoint: 920
Timepoint not recorded. dt_out:200025 is bigger than timepoint: 920
Timepoint not recorded. dt_out:1025 is bigger than timepoint: 920
Timepoint not recorded. dt_out:2050 is bigger than timepoint: 920
Timepoint not recorded. dt_out:200075 is bigger than timepoint: 920
Timepoint not recorded. dt_out:1075 is bigger than timepoint: 920
Timepoint not recorded. dt_out:1075 is bigger than timepoint: 920
Timepoint not recorded. dt_out:200025 is bigger than timepoint: 920
Timepoint not recorded. dt_out:2075 is bigger than timepoint: 920
Timepoint not recorded. dt_out:200050 is bigger than timepoint: 920
Timepoint not recorded. dt_out:200050 is bigger than timepoint: 920
Timepoint not recorded. dt_out:2075 is bigger than timepoint: 920
Timepoint not recorded. dt_out:2025 is bigger than timepoint: 920
Timepoint not recorded. dt_out:2075 is bigger than timepoint: 920
Timepoint not recorded. dt_out:1025 is bigger than timepoint: 920
Timepoint not recorded. dt_out:1025 is bigger than timepoint: 920
Timepoint not recorded. dt_out:200050 is bigger than timepoint: 920
Timepoint not recorded. dt_out:2075 is bigger than timepoint: 920
Timepoint not recorded. dt_out:2025 is bigger than timepoint: 920
Timepoint not recorded. dt_out:1025 is bigger than timepoint: 920
Timepoint not recorded. dt_out:200075 is bigger than timepoint: 920
Timepoint not recorded. dt_out:2050 is bigger than timepoint: 920
Timepoint not recorded. dt_out:2050 is bigger than timepoint: 920
Timepoint not recorded. dt_out:1075 is bigger than timepoint: 920
Timepoint not recorded. dt_out:200050 is bigger than timepoint: 920
Timepoint not recorded. dt_out:2050 is bigger than timepoint: 920
Timepoint not recorded. dt_out:200025 is bigger than timepoint: 920
Timepoint not recorded. dt_out:2075 is bigger than timepoint: 920
Timepoint not recorded. dt_out:2025 is bigger than timepoint: 920
Timepoint not recorded. dt_out:1050 is bigger than timepoint: 920
Timepoint not recorded. dt_out:200075 is bigger than timepoint: 920
Timepoint not recorded. dt_out:2025 is bigger than timepoint: 920
Timepoint not recorded. dt_out:1050 is bigger than timepoint: 920
Timepoint not recorded. dt_out:2075 is bigger than timepoint: 920
Timepoint not recorded. dt_out:1075 is bigger than timepoint: 920
Timepoint not recorded. dt_out:1075 is bigger than timepoint: 920
Timepoint not recorded. dt_out:1050 is bigger than timepoint: 920
960
Timepoint not recorded. dt_out:200025 is bigger than timepoint: 960
Timepoint not recorded. dt_out:200025 is bigger than timepoint: 960
Timepoint not recorded. dt_out:200025 is bigger than timepoint: 960
Timepoint not recorded. dt_out:200025 is bigger than timepoint: 960
Timepoint not recorded. dt_out:200050 is bigger than timepoint: 960
Timepoint not recorded. dt_out:200025 is bigger than timepoint: 960
Timepoint not recorded. dt_out:200050 is bigger than timepoint: 960
Timepoint not recorded. dt_out:200075 is bigger than timepoint: 960
Timepoint not recorded. dt_out:200075 is bigger than timepoint: 960
Timepoint not recorded. dt_out:1050 is bigger than timepoint: 960
Timepoint not recorded. dt_out:200075 is bigger than timepoint: 960
Timepoint not recorded. dt_out:1075 is bigger than timepoint: 960
Timepoint not recorded. dt_out:1050 is bigger than timepoint: 960
Timepoint not recorded. dt_out:1050 is bigger than timepoint: 960
Timepoint not recorded. dt_out:1075 is bigger than timepoint: 960
Timepoint not recorded. dt_out:1025 is bigger than timepoint: 960
Timepoint not recorded. dt_out:1075 is bigger than timepoint: 960
Timepoint not recorded. dt_out:1050 is bigger than timepoint: 960
Timepoint not recorded. dt_out:1025 is bigger than timepoint: 960
Timepoint not recorded. dt_out:200025 is bigger than timepoint: 960
Timepoint not recorded. dt_out:200050 is bigger than timepoint: 960
Timepoint not recorded. dt_out:200025 is bigger than timepoint: 960
Timepoint not recorded. dt_out:1050 is bigger than timepoint: 960
Timepoint not recorded. dt_out:200050 is bigger than timepoint: 960
Timepoint not recorded. dt_out:200075 is bigger than timepoint: 960
Timepoint not recorded. dt_out:1025 is bigger than timepoint: 960
Timepoint not recorded. dt_out:200025 is bigger than timepoint: 960
Timepoint not recorded. dt_out:200075 is bigger than timepoint: 960
Timepoint not recorded. dt_out:1050 is bigger than timepoint: 960
Timepoint not recorded. dt_out:200075 is bigger than timepoint: 960
Timepoint not recorded. dt_out:200025 is bigger than timepoint: 960
Timepoint not recorded. dt_out:200075 is bigger than timepoint: 960
Timepoint not recorded. dt_out:200025 is bigger than timepoint: 960
Timepoint not recorded. dt_out:1025 is bigger than timepoint: 960
Timepoint not recorded. dt_out:1050 is bigger than timepoint: 960
Timepoint not recorded. dt_out:200075 is bigger than timepoint: 960
Timepoint not recorded. dt_out:200025 is bigger than timepoint: 960
Timepoint not recorded. dt_out:1075 is bigger than timepoint: 960
Timepoint not recorded. dt_out:200050 is bigger than timepoint: 960
Timepoint not recorded. dt_out:200075 is bigger than timepoint: 960
Timepoint not recorded. dt_out:200050 is bigger than timepoint: 960
Timepoint not recorded. dt_out:1025 is bigger than timepoint: 960
Timepoint not recorded. dt_out:200075 is bigger than timepoint: 960
Timepoint not recorded. dt_out:1075 is bigger than timepoint: 960
Timepoint not recorded. dt_out:200025 is bigger than timepoint: 960
Timepoint not recorded. dt_out:1050 is bigger than timepoint: 960
Timepoint not recorded. dt_out:200050 is bigger than timepoint: 960
Timepoint not recorded. dt_out:200050 is bigger than timepoint: 960
Timepoint not recorded. dt_out:1050 is bigger than timepoint: 960
Timepoint not recorded. dt_out:200050 is bigger than timepoint: 960
Timepoint not recorded. dt_out:200050 is bigger than timepoint: 960
Timepoint not recorded. dt_out:1025 is bigger than timepoint: 960
Timepoint not recorded. dt_out:1050 is bigger than timepoint: 960
Timepoint not recorded. dt_out:1050 is bigger than timepoint: 960
Timepoint not recorded. dt_out:1025 is bigger than timepoint: 960
Timepoint not recorded. dt_out:1075 is bigger than timepoint: 960
Timepoint not recorded. dt_out:1025 is bigger than timepoint: 960
Timepoint not recorded. dt_out:1025 is bigger than timepoint: 960
Timepoint not recorded. dt_out:1025 is bigger than timepoint: 960
Timepoint not recorded. dt_out:200025 is bigger than timepoint: 960
Timepoint not recorded. dt_out:1075 is bigger than timepoint: 960
Timepoint not recorded. dt_out:1075 is bigger than timepoint: 960
Timepoint not recorded. dt_out:1075 is bigger than timepoint: 960
Timepoint not recorded. dt_out:1050 is bigger than timepoint: 960
Timepoint not recorded. dt_out:200050 is bigger than timepoint: 960
Timepoint not recorded. dt_out:200050 is bigger than timepoint: 960
Timepoint not recorded. dt_out:200050 is bigger than timepoint: 960
Timepoint not recorded. dt_out:1050 is bigger than timepoint: 960
Timepoint not recorded. dt_out:200075 is bigger than timepoint: 960
Timepoint not recorded. dt_out:1050 is bigger than timepoint: 960
Timepoint not recorded. dt_out:200025 is bigger than timepoint: 960
Timepoint not recorded. dt_out:1025 is bigger than timepoint: 960
Timepoint not recorded. dt_out:1025 is bigger than timepoint: 960
Timepoint not recorded. dt_out:200075 is bigger than timepoint: 960
Timepoint not recorded. dt_out:200050 is bigger than timepoint: 960
Timepoint not recorded. dt_out:1025 is bigger than timepoint: 960
Timepoint not recorded. dt_out:1075 is bigger than timepoint: 960
Timepoint not recorded. dt_out:1025 is bigger than timepoint: 960
Timepoint not recorded. dt_out:200075 is bigger than timepoint: 960
Timepoint not recorded. dt_out:200075 is bigger than timepoint: 960
Timepoint not recorded. dt_out:200075 is bigger than timepoint: 960
Timepoint not recorded. dt_out:1075 is bigger than timepoint: 960
Timepoint not recorded. dt_out:200025 is bigger than timepoint: 960
Timepoint not recorded. dt_out:1075 is bigger than timepoint: 960
Timepoint not recorded. dt_out:200025 is bigger than timepoint: 960
Timepoint not recorded. dt_out:200075 is bigger than timepoint: 960
Timepoint not recorded. dt_out:200050 is bigger than timepoint: 960
Timepoint not recorded. dt_out:1075 is bigger than timepoint: 960
Timepoint not recorded. dt_out:1025 is bigger than timepoint: 960
Timepoint not recorded. dt_out:1075 is bigger than timepoint: 960
Timepoint not recorded. dt_out:1075 is bigger than timepoint: 960
Timepoint not recorded. dt_out:1050 is bigger than timepoint: 960
Timepoint not recorded. dt_out:1050 is bigger than timepoint: 960
Timepoint not recorded. dt_out:1075 is bigger than timepoint: 960
Timepoint not recorded. dt_out:200050 is bigger than timepoint: 960
Timepoint not recorded. dt_out:1025 is bigger than timepoint: 960
Timepoint not recorded. dt_out:2075 is bigger than timepoint: 960
Timepoint not recorded. dt_out:1050 is bigger than timepoint: 960
Timepoint not recorded. dt_out:200025 is bigger than timepoint: 960
Timepoint not recorded. dt_out:1050 is bigger than timepoint: 960
Timepoint not recorded. dt_out:2025 is bigger than timepoint: 960
Timepoint not recorded. dt_out:200050 is bigger than timepoint: 960
Timepoint not recorded. dt_out:2025 is bigger than timepoint: 960
Timepoint not recorded. dt_out:2050 is bigger than timepoint: 960
Timepoint not recorded. dt_out:200025 is bigger than timepoint: 960
Timepoint not recorded. dt_out:200075 is bigger than timepoint: 960
Timepoint not recorded. dt_out:200025 is bigger than timepoint: 960
Timepoint not recorded. dt_out:1050 is bigger than timepoint: 960
Timepoint not recorded. dt_out:200075 is bigger than timepoint: 960
Timepoint not recorded. dt_out:200075 is bigger than timepoint: 960
Timepoint not recorded. dt_out:200075 is bigger than timepoint: 960
Timepoint not recorded. dt_out:2050 is bigger than timepoint: 960
Timepoint not recorded. dt_out:1075 is bigger than timepoint: 960
Timepoint not recorded. dt_out:200025 is bigger than timepoint: 960
Timepoint not recorded. dt_out:1075 is bigger than timepoint: 960
Timepoint not recorded. dt_out:1025 is bigger than timepoint: 960
Timepoint not recorded. dt_out:1025 is bigger than timepoint: 960
Timepoint not recorded. dt_out:1050 is bigger than timepoint: 960
Timepoint not recorded. dt_out:1025 is bigger than timepoint: 960
Timepoint not recorded. dt_out:200050 is bigger than timepoint: 960
Timepoint not recorded. dt_out:200050 is bigger than timepoint: 960
Timepoint not recorded. dt_out:1075 is bigger than timepoint: 960
Timepoint not recorded. dt_out:1025 is bigger than timepoint: 960
Timepoint not recorded. dt_out:2050 is bigger than timepoint: 960
Timepoint not recorded. dt_out:2025 is bigger than timepoint: 960
Timepoint not recorded. dt_out:200050 is bigger than timepoint: 960
Timepoint not recorded. dt_out:1050 is bigger than timepoint: 960
Timepoint not recorded. dt_out:200075 is bigger than timepoint: 960
Timepoint not recorded. dt_out:2025 is bigger than timepoint: 960
Timepoint not recorded. dt_out:2050 is bigger than timepoint: 960
Timepoint not recorded. dt_out:2075 is bigger than timepoint: 960
Timepoint not recorded. dt_out:200025 is bigger than timepoint: 960
Timepoint not recorded. dt_out:200025 is bigger than timepoint: 960
Timepoint not recorded. dt_out:1025 is bigger than timepoint: 960
Timepoint not recorded. dt_out:2050 is bigger than timepoint: 960
Timepoint not recorded. dt_out:200075 is bigger than timepoint: 960
Timepoint not recorded. dt_out:1075 is bigger than timepoint: 960
Timepoint not recorded. dt_out:1075 is bigger than timepoint: 960
Timepoint not recorded. dt_out:200025 is bigger than timepoint: 960
Timepoint not recorded. dt_out:2075 is bigger than timepoint: 960
Timepoint not recorded. dt_out:200050 is bigger than timepoint: 960
Timepoint not recorded. dt_out:200050 is bigger than timepoint: 960
Timepoint not recorded. dt_out:2075 is bigger than timepoint: 960
Timepoint not recorded. dt_out:2025 is bigger than timepoint: 960
Timepoint not recorded. dt_out:2075 is bigger than timepoint: 960
Timepoint not recorded. dt_out:1025 is bigger than timepoint: 960
Timepoint not recorded. dt_out:1025 is bigger than timepoint: 960
Timepoint not recorded. dt_out:200050 is bigger than timepoint: 960
Timepoint not recorded. dt_out:2075 is bigger than timepoint: 960
Timepoint not recorded. dt_out:2025 is bigger than timepoint: 960
Timepoint not recorded. dt_out:1025 is bigger than timepoint: 960
Timepoint not recorded. dt_out:200075 is bigger than timepoint: 960
Timepoint not recorded. dt_out:2050 is bigger than timepoint: 960
Timepoint not recorded. dt_out:2050 is bigger than timepoint: 960
Timepoint not recorded. dt_out:1075 is bigger than timepoint: 960
Timepoint not recorded. dt_out:200050 is bigger than timepoint: 960
Timepoint not recorded. dt_out:2050 is bigger than timepoint: 960
Timepoint not recorded. dt_out:200025 is bigger than timepoint: 960
Timepoint not recorded. dt_out:2075 is bigger than timepoint: 960
Timepoint not recorded. dt_out:2025 is bigger than timepoint: 960
Timepoint not recorded. dt_out:1050 is bigger than timepoint: 960
Timepoint not recorded. dt_out:200075 is bigger than timepoint: 960
Timepoint not recorded. dt_out:2025 is bigger than timepoint: 960
Timepoint not recorded. dt_out:1050 is bigger than timepoint: 960
Timepoint not recorded. dt_out:2075 is bigger than timepoint: 960
Timepoint not recorded. dt_out:1075 is bigger than timepoint: 960
Timepoint not recorded. dt_out:1075 is bigger than timepoint: 960
Timepoint not recorded. dt_out:1050 is bigger than timepoint: 960
1000
Timepoint not recorded. dt_out:200025 is bigger than timepoint: 1000
Timepoint not recorded. dt_out:200025 is bigger than timepoint: 1000
Timepoint not recorded. dt_out:200025 is bigger than timepoint: 1000
Timepoint not recorded. dt_out:200025 is bigger than timepoint: 1000
Timepoint not recorded. dt_out:200050 is bigger than timepoint: 1000
Timepoint not recorded. dt_out:200025 is bigger than timepoint: 1000
Timepoint not recorded. dt_out:200050 is bigger than timepoint: 1000
Timepoint not recorded. dt_out:200075 is bigger than timepoint: 1000
Timepoint not recorded. dt_out:200075 is bigger than timepoint: 1000
Timepoint not recorded. dt_out:1050 is bigger than timepoint: 1000
Timepoint not recorded. dt_out:200075 is bigger than timepoint: 1000
Timepoint not recorded. dt_out:1075 is bigger than timepoint: 1000
Timepoint not recorded. dt_out:1050 is bigger than timepoint: 1000
Timepoint not recorded. dt_out:1050 is bigger than timepoint: 1000
Timepoint not recorded. dt_out:1075 is bigger than timepoint: 1000
Timepoint not recorded. dt_out:1025 is bigger than timepoint: 1000
Timepoint not recorded. dt_out:1075 is bigger than timepoint: 1000
Timepoint not recorded. dt_out:1050 is bigger than timepoint: 1000
Timepoint not recorded. dt_out:1025 is bigger than timepoint: 1000
Timepoint not recorded. dt_out:200025 is bigger than timepoint: 1000
Timepoint not recorded. dt_out:200050 is bigger than timepoint: 1000
Timepoint not recorded. dt_out:200025 is bigger than timepoint: 1000
Timepoint not recorded. dt_out:1050 is bigger than timepoint: 1000
Timepoint not recorded. dt_out:200050 is bigger than timepoint: 1000
Timepoint not recorded. dt_out:200075 is bigger than timepoint: 1000
Timepoint not recorded. dt_out:1025 is bigger than timepoint: 1000
Timepoint not recorded. dt_out:200025 is bigger than timepoint: 1000
Timepoint not recorded. dt_out:200075 is bigger than timepoint: 1000
Timepoint not recorded. dt_out:1050 is bigger than timepoint: 1000
Timepoint not recorded. dt_out:200075 is bigger than timepoint: 1000
Timepoint not recorded. dt_out:200025 is bigger than timepoint: 1000
Timepoint not recorded. dt_out:200075 is bigger than timepoint: 1000
Timepoint not recorded. dt_out:200025 is bigger than timepoint: 1000
Timepoint not recorded. dt_out:1025 is bigger than timepoint: 1000
Timepoint not recorded. dt_out:1050 is bigger than timepoint: 1000
Timepoint not recorded. dt_out:200075 is bigger than timepoint: 1000
Timepoint not recorded. dt_out:200025 is bigger than timepoint: 1000
Timepoint not recorded. dt_out:1075 is bigger than timepoint: 1000
Timepoint not recorded. dt_out:200050 is bigger than timepoint: 1000
Timepoint not recorded. dt_out:200075 is bigger than timepoint: 1000
Timepoint not recorded. dt_out:200050 is bigger than timepoint: 1000
Timepoint not recorded. dt_out:1025 is bigger than timepoint: 1000
Timepoint not recorded. dt_out:200075 is bigger than timepoint: 1000
Timepoint not recorded. dt_out:1075 is bigger than timepoint: 1000
Timepoint not recorded. dt_out:200025 is bigger than timepoint: 1000
Timepoint not recorded. dt_out:1050 is bigger than timepoint: 1000
Timepoint not recorded. dt_out:200050 is bigger than timepoint: 1000
Timepoint not recorded. dt_out:200050 is bigger than timepoint: 1000
Timepoint not recorded. dt_out:1050 is bigger than timepoint: 1000
Timepoint not recorded. dt_out:200050 is bigger than timepoint: 1000
Timepoint not recorded. dt_out:200050 is bigger than timepoint: 1000
Timepoint not recorded. dt_out:1025 is bigger than timepoint: 1000
Timepoint not recorded. dt_out:1050 is bigger than timepoint: 1000
Timepoint not recorded. dt_out:1050 is bigger than timepoint: 1000
Timepoint not recorded. dt_out:1025 is bigger than timepoint: 1000
Timepoint not recorded. dt_out:1075 is bigger than timepoint: 1000
Timepoint not recorded. dt_out:1025 is bigger than timepoint: 1000
Timepoint not recorded. dt_out:1025 is bigger than timepoint: 1000
Timepoint not recorded. dt_out:1025 is bigger than timepoint: 1000
Timepoint not recorded. dt_out:200025 is bigger than timepoint: 1000
Timepoint not recorded. dt_out:1075 is bigger than timepoint: 1000
Timepoint not recorded. dt_out:1075 is bigger than timepoint: 1000
Timepoint not recorded. dt_out:1075 is bigger than timepoint: 1000
Timepoint not recorded. dt_out:1050 is bigger than timepoint: 1000
Timepoint not recorded. dt_out:200050 is bigger than timepoint: 1000
Timepoint not recorded. dt_out:200050 is bigger than timepoint: 1000
Timepoint not recorded. dt_out:200050 is bigger than timepoint: 1000
Timepoint not recorded. dt_out:1050 is bigger than timepoint: 1000
Timepoint not recorded. dt_out:200075 is bigger than timepoint: 1000
Timepoint not recorded. dt_out:1050 is bigger than timepoint: 1000
Timepoint not recorded. dt_out:200025 is bigger than timepoint: 1000
Timepoint not recorded. dt_out:1025 is bigger than timepoint: 1000
Timepoint not recorded. dt_out:1025 is bigger than timepoint: 1000
Timepoint not recorded. dt_out:200075 is bigger than timepoint: 1000
Timepoint not recorded. dt_out:200050 is bigger than timepoint: 1000
Timepoint not recorded. dt_out:1025 is bigger than timepoint: 1000
Timepoint not recorded. dt_out:1075 is bigger than timepoint: 1000
Timepoint not recorded. dt_out:1025 is bigger than timepoint: 1000
Timepoint not recorded. dt_out:200075 is bigger than timepoint: 1000
Timepoint not recorded. dt_out:200075 is bigger than timepoint: 1000
Timepoint not recorded. dt_out:200075 is bigger than timepoint: 1000
Timepoint not recorded. dt_out:1075 is bigger than timepoint: 1000
Timepoint not recorded. dt_out:200025 is bigger than timepoint: 1000
Timepoint not recorded. dt_out:1075 is bigger than timepoint: 1000
Timepoint not recorded. dt_out:200025 is bigger than timepoint: 1000
Timepoint not recorded. dt_out:200075 is bigger than timepoint: 1000
Timepoint not recorded. dt_out:200050 is bigger than timepoint: 1000
Timepoint not recorded. dt_out:1075 is bigger than timepoint: 1000
Timepoint not recorded. dt_out:1025 is bigger than timepoint: 1000
Timepoint not recorded. dt_out:1075 is bigger than timepoint: 1000
Timepoint not recorded. dt_out:1075 is bigger than timepoint: 1000
Timepoint not recorded. dt_out:1050 is bigger than timepoint: 1000
Timepoint not recorded. dt_out:1050 is bigger than timepoint: 1000
Timepoint not recorded. dt_out:1075 is bigger than timepoint: 1000
Timepoint not recorded. dt_out:200050 is bigger than timepoint: 1000
Timepoint not recorded. dt_out:1025 is bigger than timepoint: 1000
Timepoint not recorded. dt_out:2075 is bigger than timepoint: 1000
Timepoint not recorded. dt_out:1050 is bigger than timepoint: 1000
Timepoint not recorded. dt_out:200025 is bigger than timepoint: 1000
Timepoint not recorded. dt_out:1050 is bigger than timepoint: 1000
Timepoint not recorded. dt_out:2025 is bigger than timepoint: 1000
Timepoint not recorded. dt_out:200050 is bigger than timepoint: 1000
Timepoint not recorded. dt_out:2025 is bigger than timepoint: 1000
Timepoint not recorded. dt_out:2050 is bigger than timepoint: 1000
Timepoint not recorded. dt_out:200025 is bigger than timepoint: 1000
Timepoint not recorded. dt_out:200075 is bigger than timepoint: 1000
Timepoint not recorded. dt_out:200025 is bigger than timepoint: 1000
Timepoint not recorded. dt_out:1050 is bigger than timepoint: 1000
Timepoint not recorded. dt_out:200075 is bigger than timepoint: 1000
Timepoint not recorded. dt_out:200075 is bigger than timepoint: 1000
Timepoint not recorded. dt_out:200075 is bigger than timepoint: 1000
Timepoint not recorded. dt_out:2050 is bigger than timepoint: 1000
Timepoint not recorded. dt_out:1075 is bigger than timepoint: 1000
Timepoint not recorded. dt_out:200025 is bigger than timepoint: 1000
Timepoint not recorded. dt_out:1075 is bigger than timepoint: 1000
Timepoint not recorded. dt_out:1025 is bigger than timepoint: 1000
Timepoint not recorded. dt_out:1025 is bigger than timepoint: 1000
Timepoint not recorded. dt_out:1050 is bigger than timepoint: 1000
Timepoint not recorded. dt_out:1025 is bigger than timepoint: 1000
Timepoint not recorded. dt_out:200050 is bigger than timepoint: 1000
Timepoint not recorded. dt_out:200050 is bigger than timepoint: 1000
Timepoint not recorded. dt_out:1075 is bigger than timepoint: 1000
Timepoint not recorded. dt_out:1025 is bigger than timepoint: 1000
Timepoint not recorded. dt_out:2050 is bigger than timepoint: 1000
Timepoint not recorded. dt_out:2025 is bigger than timepoint: 1000
Timepoint not recorded. dt_out:200050 is bigger than timepoint: 1000
Timepoint not recorded. dt_out:1050 is bigger than timepoint: 1000
Timepoint not recorded. dt_out:200075 is bigger than timepoint: 1000
Timepoint not recorded. dt_out:2025 is bigger than timepoint: 1000
Timepoint not recorded. dt_out:2050 is bigger than timepoint: 1000
Timepoint not recorded. dt_out:2075 is bigger than timepoint: 1000
Timepoint not recorded. dt_out:200025 is bigger than timepoint: 1000
Timepoint not recorded. dt_out:200025 is bigger than timepoint: 1000
Timepoint not recorded. dt_out:1025 is bigger than timepoint: 1000
Timepoint not recorded. dt_out:2050 is bigger than timepoint: 1000
Timepoint not recorded. dt_out:200075 is bigger than timepoint: 1000
Timepoint not recorded. dt_out:1075 is bigger than timepoint: 1000
Timepoint not recorded. dt_out:1075 is bigger than timepoint: 1000
Timepoint not recorded. dt_out:200025 is bigger than timepoint: 1000
Timepoint not recorded. dt_out:2075 is bigger than timepoint: 1000
Timepoint not recorded. dt_out:200050 is bigger than timepoint: 1000
Timepoint not recorded. dt_out:200050 is bigger than timepoint: 1000
Timepoint not recorded. dt_out:2075 is bigger than timepoint: 1000
Timepoint not recorded. dt_out:2025 is bigger than timepoint: 1000
Timepoint not recorded. dt_out:2075 is bigger than timepoint: 1000
Timepoint not recorded. dt_out:1025 is bigger than timepoint: 1000
Timepoint not recorded. dt_out:1025 is bigger than timepoint: 1000
Timepoint not recorded. dt_out:200050 is bigger than timepoint: 1000
Timepoint not recorded. dt_out:2075 is bigger than timepoint: 1000
Timepoint not recorded. dt_out:2025 is bigger than timepoint: 1000
Timepoint not recorded. dt_out:1025 is bigger than timepoint: 1000
Timepoint not recorded. dt_out:200075 is bigger than timepoint: 1000
Timepoint not recorded. dt_out:2050 is bigger than timepoint: 1000
Timepoint not recorded. dt_out:2050 is bigger than timepoint: 1000
Timepoint not recorded. dt_out:1075 is bigger than timepoint: 1000
Timepoint not recorded. dt_out:200050 is bigger than timepoint: 1000
Timepoint not recorded. dt_out:2050 is bigger than timepoint: 1000
Timepoint not recorded. dt_out:200025 is bigger than timepoint: 1000
Timepoint not recorded. dt_out:2075 is bigger than timepoint: 1000
Timepoint not recorded. dt_out:2025 is bigger than timepoint: 1000
Timepoint not recorded. dt_out:1050 is bigger than timepoint: 1000
Timepoint not recorded. dt_out:200075 is bigger than timepoint: 1000
Timepoint not recorded. dt_out:2025 is bigger than timepoint: 1000
Timepoint not recorded. dt_out:1050 is bigger than timepoint: 1000
Timepoint not recorded. dt_out:2075 is bigger than timepoint: 1000
Timepoint not recorded. dt_out:1075 is bigger than timepoint: 1000
Timepoint not recorded. dt_out:1075 is bigger than timepoint: 1000
Timepoint not recorded. dt_out:1050 is bigger than timepoint: 1000
1040
Timepoint not recorded. dt_out:200025 is bigger than timepoint: 1040
Timepoint not recorded. dt_out:200025 is bigger than timepoint: 1040
Timepoint not recorded. dt_out:200025 is bigger than timepoint: 1040
Timepoint not recorded. dt_out:200025 is bigger than timepoint: 1040
Timepoint not recorded. dt_out:200050 is bigger than timepoint: 1040
Timepoint not recorded. dt_out:200025 is bigger than timepoint: 1040
Timepoint not recorded. dt_out:200050 is bigger than timepoint: 1040
Timepoint not recorded. dt_out:200075 is bigger than timepoint: 1040
Timepoint not recorded. dt_out:200075 is bigger than timepoint: 1040
Timepoint not recorded. dt_out:1050 is bigger than timepoint: 1040
Timepoint not recorded. dt_out:200075 is bigger than timepoint: 1040
Timepoint not recorded. dt_out:1075 is bigger than timepoint: 1040
Timepoint not recorded. dt_out:1050 is bigger than timepoint: 1040
Timepoint not recorded. dt_out:1050 is bigger than timepoint: 1040
Timepoint not recorded. dt_out:1075 is bigger than timepoint: 1040
Timepoint not recorded. dt_out:1075 is bigger than timepoint: 1040
Timepoint not recorded. dt_out:1050 is bigger than timepoint: 1040
Timepoint not recorded. dt_out:200025 is bigger than timepoint: 1040
Timepoint not recorded. dt_out:200050 is bigger than timepoint: 1040
Timepoint not recorded. dt_out:200025 is bigger than timepoint: 1040
Timepoint not recorded. dt_out:1050 is bigger than timepoint: 1040
Timepoint not recorded. dt_out:200050 is bigger than timepoint: 1040
Timepoint not recorded. dt_out:200075 is bigger than timepoint: 1040
Timepoint not recorded. dt_out:200025 is bigger than timepoint: 1040
Timepoint not recorded. dt_out:200075 is bigger than timepoint: 1040
Timepoint not recorded. dt_out:1050 is bigger than timepoint: 1040
Timepoint not recorded. dt_out:200075 is bigger than timepoint: 1040
Timepoint not recorded. dt_out:200025 is bigger than timepoint: 1040
Timepoint not recorded. dt_out:200075 is bigger than timepoint: 1040
Timepoint not recorded. dt_out:200025 is bigger than timepoint: 1040
Timepoint not recorded. dt_out:1050 is bigger than timepoint: 1040
Timepoint not recorded. dt_out:200075 is bigger than timepoint: 1040
Timepoint not recorded. dt_out:200025 is bigger than timepoint: 1040
Timepoint not recorded. dt_out:1075 is bigger than timepoint: 1040
Timepoint not recorded. dt_out:200050 is bigger than timepoint: 1040
Timepoint not recorded. dt_out:200075 is bigger than timepoint: 1040
Timepoint not recorded. dt_out:200050 is bigger than timepoint: 1040
Timepoint not recorded. dt_out:200075 is bigger than timepoint: 1040
Timepoint not recorded. dt_out:1075 is bigger than timepoint: 1040
Timepoint not recorded. dt_out:200025 is bigger than timepoint: 1040
Timepoint not recorded. dt_out:1050 is bigger than timepoint: 1040
Timepoint not recorded. dt_out:200050 is bigger than timepoint: 1040
Timepoint not recorded. dt_out:200050 is bigger than timepoint: 1040
Timepoint not recorded. dt_out:1050 is bigger than timepoint: 1040
Timepoint not recorded. dt_out:200050 is bigger than timepoint: 1040
Timepoint not recorded. dt_out:200050 is bigger than timepoint: 1040
Timepoint not recorded. dt_out:1050 is bigger than timepoint: 1040
Timepoint not recorded. dt_out:1050 is bigger than timepoint: 1040
Timepoint not recorded. dt_out:1075 is bigger than timepoint: 1040
Timepoint not recorded. dt_out:200025 is bigger than timepoint: 1040
Timepoint not recorded. dt_out:1075 is bigger than timepoint: 1040
Timepoint not recorded. dt_out:1075 is bigger than timepoint: 1040
Timepoint not recorded. dt_out:1075 is bigger than timepoint: 1040
Timepoint not recorded. dt_out:1050 is bigger than timepoint: 1040
Timepoint not recorded. dt_out:200050 is bigger than timepoint: 1040
Timepoint not recorded. dt_out:200050 is bigger than timepoint: 1040
Timepoint not recorded. dt_out:200050 is bigger than timepoint: 1040
Timepoint not recorded. dt_out:1050 is bigger than timepoint: 1040
Timepoint not recorded. dt_out:200075 is bigger than timepoint: 1040
Timepoint not recorded. dt_out:1050 is bigger than timepoint: 1040
Timepoint not recorded. dt_out:200025 is bigger than timepoint: 1040
Timepoint not recorded. dt_out:200075 is bigger than timepoint: 1040
Timepoint not recorded. dt_out:200050 is bigger than timepoint: 1040
Timepoint not recorded. dt_out:1075 is bigger than timepoint: 1040
Timepoint not recorded. dt_out:200075 is bigger than timepoint: 1040
Timepoint not recorded. dt_out:200075 is bigger than timepoint: 1040
Timepoint not recorded. dt_out:200075 is bigger than timepoint: 1040
Timepoint not recorded. dt_out:1075 is bigger than timepoint: 1040
Timepoint not recorded. dt_out:200025 is bigger than timepoint: 1040
Timepoint not recorded. dt_out:1075 is bigger than timepoint: 1040
Timepoint not recorded. dt_out:200025 is bigger than timepoint: 1040
Timepoint not recorded. dt_out:200075 is bigger than timepoint: 1040
Timepoint not recorded. dt_out:200050 is bigger than timepoint: 1040
Timepoint not recorded. dt_out:1075 is bigger than timepoint: 1040
Timepoint not recorded. dt_out:1075 is bigger than timepoint: 1040
Timepoint not recorded. dt_out:1075 is bigger than timepoint: 1040
Timepoint not recorded. dt_out:1050 is bigger than timepoint: 1040
Timepoint not recorded. dt_out:1050 is bigger than timepoint: 1040
Timepoint not recorded. dt_out:1075 is bigger than timepoint: 1040
Timepoint not recorded. dt_out:200050 is bigger than timepoint: 1040
Timepoint not recorded. dt_out:2075 is bigger than timepoint: 1040
Timepoint not recorded. dt_out:1050 is bigger than timepoint: 1040
Timepoint not recorded. dt_out:200025 is bigger than timepoint: 1040
Timepoint not recorded. dt_out:1050 is bigger than timepoint: 1040
Timepoint not recorded. dt_out:2025 is bigger than timepoint: 1040
Timepoint not recorded. dt_out:200050 is bigger than timepoint: 1040
Timepoint not recorded. dt_out:2025 is bigger than timepoint: 1040
Timepoint not recorded. dt_out:2050 is bigger than timepoint: 1040
Timepoint not recorded. dt_out:200025 is bigger than timepoint: 1040
Timepoint not recorded. dt_out:200075 is bigger than timepoint: 1040
Timepoint not recorded. dt_out:200025 is bigger than timepoint: 1040
Timepoint not recorded. dt_out:1050 is bigger than timepoint: 1040
Timepoint not recorded. dt_out:200075 is bigger than timepoint: 1040
Timepoint not recorded. dt_out:200075 is bigger than timepoint: 1040
Timepoint not recorded. dt_out:200075 is bigger than timepoint: 1040
Timepoint not recorded. dt_out:2050 is bigger than timepoint: 1040
Timepoint not recorded. dt_out:1075 is bigger than timepoint: 1040
Timepoint not recorded. dt_out:200025 is bigger than timepoint: 1040
Timepoint not recorded. dt_out:1075 is bigger than timepoint: 1040
SAV_Python_2000_dt_5.50e-06_Nx_64_periodic_dtout_1025pphi.csv
Exception type : ValueError 
Exception message : could not convert string to float: '(-0.2607501952412769+0j)'
Stack trace : ['File : /sfs/gpfs/tardis/home/xpz5km/Cahn_Hilliard_Model_HPC/spinodal_decomp/compare_phi_norms.py , Line : 68, Func.Name : compare_phis_norm_at_timepoint, Message : snapshot = read_specific_lines(f"{root}/{fname}", line_list)', 'File : /sfs/gpfs/tardis/home/xpz5km/Cahn_Hilliard_Model_HPC/spinodal_decomp/compare_phi_norms.py , Line : 19, Func.Name : read_specific_lines, Message : digits.append(float(i))']
SAV_Python_2000_dt_5.50e-06_Nx_512_neumann_dtout_1025pphi.csv
Exception type : ValueError 
Exception message : could not convert string to float: '(-0.5163300107334551+0j)'
Stack trace : ['File : /sfs/gpfs/tardis/home/xpz5km/Cahn_Hilliard_Model_HPC/spinodal_decomp/compare_phi_norms.py , Line : 68, Func.Name : compare_phis_norm_at_timepoint, Message : snapshot = read_specific_lines(f"{root}/{fname}", line_list)', 'File : /sfs/gpfs/tardis/home/xpz5km/Cahn_Hilliard_Model_HPC/spinodal_decomp/compare_phi_norms.py , Line : 19, Func.Name : read_specific_lines, Message : digits.append(float(i))']
Timepoint not recorded. dt_out:1050 is bigger than timepoint: 1040
SAV_Python_2000_dt_5.50e-06_Nx_512_periodic_dtout_1025pphi.csv
Exception type : ValueError 
Exception message : could not convert string to float: '(-0.5205799828296477+0j)'
Stack trace : ['File : /sfs/gpfs/tardis/home/xpz5km/Cahn_Hilliard_Model_HPC/spinodal_decomp/compare_phi_norms.py , Line : 68, Func.Name : compare_phis_norm_at_timepoint, Message : snapshot = read_specific_lines(f"{root}/{fname}", line_list)', 'File : /sfs/gpfs/tardis/home/xpz5km/Cahn_Hilliard_Model_HPC/spinodal_decomp/compare_phi_norms.py , Line : 19, Func.Name : read_specific_lines, Message : digits.append(float(i))']
Timepoint not recorded. dt_out:200050 is bigger than timepoint: 1040
Timepoint not recorded. dt_out:200050 is bigger than timepoint: 1040
Timepoint not recorded. dt_out:1075 is bigger than timepoint: 1040
SAV_Python_2000_dt_5.50e-06_Nx_128_neumann_dtout_1025pphi.csv
Exception type : ValueError 
Exception message : could not convert string to float: '(-0.10956510721836714+0j)'
Stack trace : ['File : /sfs/gpfs/tardis/home/xpz5km/Cahn_Hilliard_Model_HPC/spinodal_decomp/compare_phi_norms.py , Line : 68, Func.Name : compare_phis_norm_at_timepoint, Message : snapshot = read_specific_lines(f"{root}/{fname}", line_list)', 'File : /sfs/gpfs/tardis/home/xpz5km/Cahn_Hilliard_Model_HPC/spinodal_decomp/compare_phi_norms.py , Line : 19, Func.Name : read_specific_lines, Message : digits.append(float(i))']
Timepoint not recorded. dt_out:2050 is bigger than timepoint: 1040
Timepoint not recorded. dt_out:2025 is bigger than timepoint: 1040
Timepoint not recorded. dt_out:200050 is bigger than timepoint: 1040
Timepoint not recorded. dt_out:1050 is bigger than timepoint: 1040
Timepoint not recorded. dt_out:200075 is bigger than timepoint: 1040
Timepoint not recorded. dt_out:2025 is bigger than timepoint: 1040
Timepoint not recorded. dt_out:2050 is bigger than timepoint: 1040
Timepoint not recorded. dt_out:2075 is bigger than timepoint: 1040
Timepoint not recorded. dt_out:200025 is bigger than timepoint: 1040
Timepoint not recorded. dt_out:200025 is bigger than timepoint: 1040
SAV_Python_2000_dt_5.50e-06_Nx_256_neumann_dtout_1025pphi.csv
Exception type : ValueError 
Exception message : could not convert string to float: '(-0.386131680980739+0j)'
Stack trace : ['File : /sfs/gpfs/tardis/home/xpz5km/Cahn_Hilliard_Model_HPC/spinodal_decomp/compare_phi_norms.py , Line : 68, Func.Name : compare_phis_norm_at_timepoint, Message : snapshot = read_specific_lines(f"{root}/{fname}", line_list)', 'File : /sfs/gpfs/tardis/home/xpz5km/Cahn_Hilliard_Model_HPC/spinodal_decomp/compare_phi_norms.py , Line : 19, Func.Name : read_specific_lines, Message : digits.append(float(i))']
Timepoint not recorded. dt_out:2050 is bigger than timepoint: 1040
Timepoint not recorded. dt_out:200075 is bigger than timepoint: 1040
Timepoint not recorded. dt_out:1075 is bigger than timepoint: 1040
Timepoint not recorded. dt_out:1075 is bigger than timepoint: 1040
Timepoint not recorded. dt_out:200025 is bigger than timepoint: 1040
Timepoint not recorded. dt_out:2075 is bigger than timepoint: 1040
Timepoint not recorded. dt_out:200050 is bigger than timepoint: 1040
Timepoint not recorded. dt_out:200050 is bigger than timepoint: 1040
Timepoint not recorded. dt_out:2075 is bigger than timepoint: 1040
Timepoint not recorded. dt_out:2025 is bigger than timepoint: 1040
Timepoint not recorded. dt_out:2075 is bigger than timepoint: 1040
SAV_Python_2000_dt_5.50e-06_Nx_128_periodic_dtout_1025pphi.csv
Exception type : ValueError 
Exception message : could not convert string to float: '(-0.45684306060317426+0j)'
Stack trace : ['File : /sfs/gpfs/tardis/home/xpz5km/Cahn_Hilliard_Model_HPC/spinodal_decomp/compare_phi_norms.py , Line : 68, Func.Name : compare_phis_norm_at_timepoint, Message : snapshot = read_specific_lines(f"{root}/{fname}", line_list)', 'File : /sfs/gpfs/tardis/home/xpz5km/Cahn_Hilliard_Model_HPC/spinodal_decomp/compare_phi_norms.py , Line : 19, Func.Name : read_specific_lines, Message : digits.append(float(i))']
SAV_Python_2000_dt_5.50e-06_Nx_64_neumann_dtout_1025pphi.csv
Exception type : ValueError 
Exception message : could not convert string to float: '(-0.9129498158047057+0j)'
Stack trace : ['File : /sfs/gpfs/tardis/home/xpz5km/Cahn_Hilliard_Model_HPC/spinodal_decomp/compare_phi_norms.py , Line : 68, Func.Name : compare_phis_norm_at_timepoint, Message : snapshot = read_specific_lines(f"{root}/{fname}", line_list)', 'File : /sfs/gpfs/tardis/home/xpz5km/Cahn_Hilliard_Model_HPC/spinodal_decomp/compare_phi_norms.py , Line : 19, Func.Name : read_specific_lines, Message : digits.append(float(i))']
Timepoint not recorded. dt_out:200050 is bigger than timepoint: 1040
Timepoint not recorded. dt_out:2075 is bigger than timepoint: 1040
Timepoint not recorded. dt_out:2025 is bigger than timepoint: 1040
SAV_Python_2000_dt_5.50e-06_Nx_256_periodic_dtout_1025pphi.csv
Exception type : ValueError 
Exception message : could not convert string to float: '(-0.3574433847984431+0j)'
Stack trace : ['File : /sfs/gpfs/tardis/home/xpz5km/Cahn_Hilliard_Model_HPC/spinodal_decomp/compare_phi_norms.py , Line : 68, Func.Name : compare_phis_norm_at_timepoint, Message : snapshot = read_specific_lines(f"{root}/{fname}", line_list)', 'File : /sfs/gpfs/tardis/home/xpz5km/Cahn_Hilliard_Model_HPC/spinodal_decomp/compare_phi_norms.py , Line : 19, Func.Name : read_specific_lines, Message : digits.append(float(i))']
Timepoint not recorded. dt_out:200075 is bigger than timepoint: 1040
Timepoint not recorded. dt_out:2050 is bigger than timepoint: 1040
Timepoint not recorded. dt_out:2050 is bigger than timepoint: 1040
Timepoint not recorded. dt_out:1075 is bigger than timepoint: 1040
Timepoint not recorded. dt_out:200050 is bigger than timepoint: 1040
Timepoint not recorded. dt_out:2050 is bigger than timepoint: 1040
Timepoint not recorded. dt_out:200025 is bigger than timepoint: 1040
Timepoint not recorded. dt_out:2075 is bigger than timepoint: 1040
Timepoint not recorded. dt_out:2025 is bigger than timepoint: 1040
Timepoint not recorded. dt_out:1050 is bigger than timepoint: 1040
Timepoint not recorded. dt_out:200075 is bigger than timepoint: 1040
Timepoint not recorded. dt_out:2025 is bigger than timepoint: 1040
Timepoint not recorded. dt_out:1050 is bigger than timepoint: 1040
Timepoint not recorded. dt_out:2075 is bigger than timepoint: 1040
Timepoint not recorded. dt_out:1075 is bigger than timepoint: 1040
Timepoint not recorded. dt_out:1075 is bigger than timepoint: 1040
Timepoint not recorded. dt_out:1050 is bigger than timepoint: 1040
1080
Timepoint not recorded. dt_out:200025 is bigger than timepoint: 1080
Timepoint not recorded. dt_out:200025 is bigger than timepoint: 1080
Timepoint not recorded. dt_out:200025 is bigger than timepoint: 1080
Timepoint not recorded. dt_out:200025 is bigger than timepoint: 1080
Timepoint not recorded. dt_out:200050 is bigger than timepoint: 1080
Timepoint not recorded. dt_out:200025 is bigger than timepoint: 1080
Timepoint not recorded. dt_out:200050 is bigger than timepoint: 1080
Timepoint not recorded. dt_out:200075 is bigger than timepoint: 1080
Timepoint not recorded. dt_out:200075 is bigger than timepoint: 1080
Timepoint not recorded. dt_out:200075 is bigger than timepoint: 1080
Timepoint not recorded. dt_out:200025 is bigger than timepoint: 1080
Timepoint not recorded. dt_out:200050 is bigger than timepoint: 1080
Timepoint not recorded. dt_out:200025 is bigger than timepoint: 1080
Timepoint not recorded. dt_out:200050 is bigger than timepoint: 1080
Timepoint not recorded. dt_out:200075 is bigger than timepoint: 1080
Timepoint not recorded. dt_out:200025 is bigger than timepoint: 1080
Timepoint not recorded. dt_out:200075 is bigger than timepoint: 1080
Timepoint not recorded. dt_out:200075 is bigger than timepoint: 1080
Timepoint not recorded. dt_out:200025 is bigger than timepoint: 1080
Timepoint not recorded. dt_out:200075 is bigger than timepoint: 1080
Timepoint not recorded. dt_out:200025 is bigger than timepoint: 1080
Timepoint not recorded. dt_out:200075 is bigger than timepoint: 1080
Timepoint not recorded. dt_out:200025 is bigger than timepoint: 1080
Timepoint not recorded. dt_out:200050 is bigger than timepoint: 1080
Timepoint not recorded. dt_out:200075 is bigger than timepoint: 1080
Timepoint not recorded. dt_out:200050 is bigger than timepoint: 1080
Timepoint not recorded. dt_out:200075 is bigger than timepoint: 1080
Timepoint not recorded. dt_out:200025 is bigger than timepoint: 1080
Timepoint not recorded. dt_out:200050 is bigger than timepoint: 1080
Timepoint not recorded. dt_out:200050 is bigger than timepoint: 1080
Timepoint not recorded. dt_out:200050 is bigger than timepoint: 1080
Timepoint not recorded. dt_out:200050 is bigger than timepoint: 1080
Timepoint not recorded. dt_out:200025 is bigger than timepoint: 1080
Timepoint not recorded. dt_out:200050 is bigger than timepoint: 1080
Timepoint not recorded. dt_out:200050 is bigger than timepoint: 1080
Timepoint not recorded. dt_out:200050 is bigger than timepoint: 1080
Timepoint not recorded. dt_out:200075 is bigger than timepoint: 1080
Timepoint not recorded. dt_out:200025 is bigger than timepoint: 1080
Timepoint not recorded. dt_out:200075 is bigger than timepoint: 1080
Timepoint not recorded. dt_out:200050 is bigger than timepoint: 1080
Timepoint not recorded. dt_out:200075 is bigger than timepoint: 1080
Timepoint not recorded. dt_out:200075 is bigger than timepoint: 1080
Timepoint not recorded. dt_out:200075 is bigger than timepoint: 1080
Timepoint not recorded. dt_out:200025 is bigger than timepoint: 1080
Timepoint not recorded. dt_out:200025 is bigger than timepoint: 1080
Timepoint not recorded. dt_out:200075 is bigger than timepoint: 1080
Timepoint not recorded. dt_out:200050 is bigger than timepoint: 1080
Timepoint not recorded. dt_out:200050 is bigger than timepoint: 1080
Timepoint not recorded. dt_out:2075 is bigger than timepoint: 1080
SAV_Python_2000_dt_5.50e-06_Nx_128_periodic_dtout_1050pphi.csv
Exception type : ValueError 
Exception message : could not convert string to float: '(-0.031011636947254277+0j)'
Stack trace : ['File : /sfs/gpfs/tardis/home/xpz5km/Cahn_Hilliard_Model_HPC/spinodal_decomp/compare_phi_norms.py , Line : 68, Func.Name : compare_phis_norm_at_timepoint, Message : snapshot = read_specific_lines(f"{root}/{fname}", line_list)', 'File : /sfs/gpfs/tardis/home/xpz5km/Cahn_Hilliard_Model_HPC/spinodal_decomp/compare_phi_norms.py , Line : 19, Func.Name : read_specific_lines, Message : digits.append(float(i))']
Timepoint not recorded. dt_out:200025 is bigger than timepoint: 1080
SAV_Python_2000_dt_5.50e-06_Nx_128_neumann_dtout_1050pphi.csv
Exception type : ValueError 
Exception message : could not convert string to float: '(-0.036105374286527825+0j)'
Stack trace : ['File : /sfs/gpfs/tardis/home/xpz5km/Cahn_Hilliard_Model_HPC/spinodal_decomp/compare_phi_norms.py , Line : 68, Func.Name : compare_phis_norm_at_timepoint, Message : snapshot = read_specific_lines(f"{root}/{fname}", line_list)', 'File : /sfs/gpfs/tardis/home/xpz5km/Cahn_Hilliard_Model_HPC/spinodal_decomp/compare_phi_norms.py , Line : 19, Func.Name : read_specific_lines, Message : digits.append(float(i))']
Timepoint not recorded. dt_out:2025 is bigger than timepoint: 1080
Timepoint not recorded. dt_out:200050 is bigger than timepoint: 1080
Timepoint not recorded. dt_out:2025 is bigger than timepoint: 1080
Timepoint not recorded. dt_out:2050 is bigger than timepoint: 1080
Timepoint not recorded. dt_out:200025 is bigger than timepoint: 1080
Timepoint not recorded. dt_out:200075 is bigger than timepoint: 1080
Timepoint not recorded. dt_out:200025 is bigger than timepoint: 1080
SAV_Python_2000_dt_5.50e-06_Nx_64_periodic_dtout_1050pphi.csv
Exception type : ValueError 
Exception message : could not convert string to float: '(-0.20406921887250215+0j)'
Stack trace : ['File : /sfs/gpfs/tardis/home/xpz5km/Cahn_Hilliard_Model_HPC/spinodal_decomp/compare_phi_norms.py , Line : 68, Func.Name : compare_phis_norm_at_timepoint, Message : snapshot = read_specific_lines(f"{root}/{fname}", line_list)', 'File : /sfs/gpfs/tardis/home/xpz5km/Cahn_Hilliard_Model_HPC/spinodal_decomp/compare_phi_norms.py , Line : 19, Func.Name : read_specific_lines, Message : digits.append(float(i))']
Timepoint not recorded. dt_out:200075 is bigger than timepoint: 1080
Timepoint not recorded. dt_out:200075 is bigger than timepoint: 1080
Timepoint not recorded. dt_out:200075 is bigger than timepoint: 1080
Timepoint not recorded. dt_out:2050 is bigger than timepoint: 1080
SAV_Python_2000_dt_5.50e-06_Nx_64_periodic_dtout_1075pphi.csv
Exception type : ValueError 
Exception message : could not convert string to float: '(0.36662716665050266+0j)'
Stack trace : ['File : /sfs/gpfs/tardis/home/xpz5km/Cahn_Hilliard_Model_HPC/spinodal_decomp/compare_phi_norms.py , Line : 68, Func.Name : compare_phis_norm_at_timepoint, Message : snapshot = read_specific_lines(f"{root}/{fname}", line_list)', 'File : /sfs/gpfs/tardis/home/xpz5km/Cahn_Hilliard_Model_HPC/spinodal_decomp/compare_phi_norms.py , Line : 19, Func.Name : read_specific_lines, Message : digits.append(float(i))']
Timepoint not recorded. dt_out:200025 is bigger than timepoint: 1080
SAV_Python_2000_dt_5.50e-06_Nx_256_neumann_dtout_1075pphi.csv
Exception type : ValueError 
Exception message : could not convert string to float: '(0.4038062775419317+0j)'
Stack trace : ['File : /sfs/gpfs/tardis/home/xpz5km/Cahn_Hilliard_Model_HPC/spinodal_decomp/compare_phi_norms.py , Line : 68, Func.Name : compare_phis_norm_at_timepoint, Message : snapshot = read_specific_lines(f"{root}/{fname}", line_list)', 'File : /sfs/gpfs/tardis/home/xpz5km/Cahn_Hilliard_Model_HPC/spinodal_decomp/compare_phi_norms.py , Line : 19, Func.Name : read_specific_lines, Message : digits.append(float(i))']
SAV_Python_2000_dt_5.50e-06_Nx_64_periodic_dtout_1025pphi.csv
Exception type : ValueError 
Exception message : could not convert string to float: '(-0.7177097922277774+0j)'
Stack trace : ['File : /sfs/gpfs/tardis/home/xpz5km/Cahn_Hilliard_Model_HPC/spinodal_decomp/compare_phi_norms.py , Line : 68, Func.Name : compare_phis_norm_at_timepoint, Message : snapshot = read_specific_lines(f"{root}/{fname}", line_list)', 'File : /sfs/gpfs/tardis/home/xpz5km/Cahn_Hilliard_Model_HPC/spinodal_decomp/compare_phi_norms.py , Line : 19, Func.Name : read_specific_lines, Message : digits.append(float(i))']
SAV_Python_2000_dt_5.50e-06_Nx_512_neumann_dtout_1025pphi.csv
Exception type : ValueError 
Exception message : could not convert string to float: '(-0.4204449632371792+0j)'
Stack trace : ['File : /sfs/gpfs/tardis/home/xpz5km/Cahn_Hilliard_Model_HPC/spinodal_decomp/compare_phi_norms.py , Line : 68, Func.Name : compare_phis_norm_at_timepoint, Message : snapshot = read_specific_lines(f"{root}/{fname}", line_list)', 'File : /sfs/gpfs/tardis/home/xpz5km/Cahn_Hilliard_Model_HPC/spinodal_decomp/compare_phi_norms.py , Line : 19, Func.Name : read_specific_lines, Message : digits.append(float(i))']
SAV_Python_2000_dt_5.50e-06_Nx_256_neumann_dtout_1050pphi.csv
Exception type : ValueError 
Exception message : could not convert string to float: '(0.17744307130442458+0j)'
Stack trace : ['File : /sfs/gpfs/tardis/home/xpz5km/Cahn_Hilliard_Model_HPC/spinodal_decomp/compare_phi_norms.py , Line : 68, Func.Name : compare_phis_norm_at_timepoint, Message : snapshot = read_specific_lines(f"{root}/{fname}", line_list)', 'File : /sfs/gpfs/tardis/home/xpz5km/Cahn_Hilliard_Model_HPC/spinodal_decomp/compare_phi_norms.py , Line : 19, Func.Name : read_specific_lines, Message : digits.append(float(i))']
SAV_Python_2000_dt_5.50e-06_Nx_512_periodic_dtout_1025pphi.csv
Exception type : ValueError 
Exception message : could not convert string to float: '(-0.42734736134844375+0j)'
Stack trace : ['File : /sfs/gpfs/tardis/home/xpz5km/Cahn_Hilliard_Model_HPC/spinodal_decomp/compare_phi_norms.py , Line : 68, Func.Name : compare_phis_norm_at_timepoint, Message : snapshot = read_specific_lines(f"{root}/{fname}", line_list)', 'File : /sfs/gpfs/tardis/home/xpz5km/Cahn_Hilliard_Model_HPC/spinodal_decomp/compare_phi_norms.py , Line : 19, Func.Name : read_specific_lines, Message : digits.append(float(i))']
Timepoint not recorded. dt_out:200050 is bigger than timepoint: 1080
Timepoint not recorded. dt_out:200050 is bigger than timepoint: 1080
SAV_Python_2000_dt_5.50e-06_Nx_512_neumann_dtout_1075pphi.csv
Exception type : ValueError 
Exception message : could not convert string to float: '(0.608319529012942+0j)'
Stack trace : ['File : /sfs/gpfs/tardis/home/xpz5km/Cahn_Hilliard_Model_HPC/spinodal_decomp/compare_phi_norms.py , Line : 68, Func.Name : compare_phis_norm_at_timepoint, Message : snapshot = read_specific_lines(f"{root}/{fname}", line_list)', 'File : /sfs/gpfs/tardis/home/xpz5km/Cahn_Hilliard_Model_HPC/spinodal_decomp/compare_phi_norms.py , Line : 19, Func.Name : read_specific_lines, Message : digits.append(float(i))']
SAV_Python_2000_dt_5.50e-06_Nx_128_neumann_dtout_1025pphi.csv
Exception type : ValueError 
Exception message : could not convert string to float: '(-0.3083946103531031+0j)'
Stack trace : ['File : /sfs/gpfs/tardis/home/xpz5km/Cahn_Hilliard_Model_HPC/spinodal_decomp/compare_phi_norms.py , Line : 68, Func.Name : compare_phis_norm_at_timepoint, Message : snapshot = read_specific_lines(f"{root}/{fname}", line_list)', 'File : /sfs/gpfs/tardis/home/xpz5km/Cahn_Hilliard_Model_HPC/spinodal_decomp/compare_phi_norms.py , Line : 19, Func.Name : read_specific_lines, Message : digits.append(float(i))']
Timepoint not recorded. dt_out:2050 is bigger than timepoint: 1080
Timepoint not recorded. dt_out:2025 is bigger than timepoint: 1080
Timepoint not recorded. dt_out:200050 is bigger than timepoint: 1080
SAV_Python_2000_dt_5.50e-06_Nx_512_periodic_dtout_1050pphi.csv
Exception type : ValueError 
Exception message : could not convert string to float: '(-0.08076064105059279+0j)'
Stack trace : ['File : /sfs/gpfs/tardis/home/xpz5km/Cahn_Hilliard_Model_HPC/spinodal_decomp/compare_phi_norms.py , Line : 68, Func.Name : compare_phis_norm_at_timepoint, Message : snapshot = read_specific_lines(f"{root}/{fname}", line_list)', 'File : /sfs/gpfs/tardis/home/xpz5km/Cahn_Hilliard_Model_HPC/spinodal_decomp/compare_phi_norms.py , Line : 19, Func.Name : read_specific_lines, Message : digits.append(float(i))']
Timepoint not recorded. dt_out:200075 is bigger than timepoint: 1080
Timepoint not recorded. dt_out:2025 is bigger than timepoint: 1080
Timepoint not recorded. dt_out:2050 is bigger than timepoint: 1080
Timepoint not recorded. dt_out:2075 is bigger than timepoint: 1080
Timepoint not recorded. dt_out:200025 is bigger than timepoint: 1080
Timepoint not recorded. dt_out:200025 is bigger than timepoint: 1080
SAV_Python_2000_dt_5.50e-06_Nx_256_neumann_dtout_1025pphi.csv
Exception type : ValueError 
Exception message : could not convert string to float: '(-0.347339815596377+0j)'
Stack trace : ['File : /sfs/gpfs/tardis/home/xpz5km/Cahn_Hilliard_Model_HPC/spinodal_decomp/compare_phi_norms.py , Line : 68, Func.Name : compare_phis_norm_at_timepoint, Message : snapshot = read_specific_lines(f"{root}/{fname}", line_list)', 'File : /sfs/gpfs/tardis/home/xpz5km/Cahn_Hilliard_Model_HPC/spinodal_decomp/compare_phi_norms.py , Line : 19, Func.Name : read_specific_lines, Message : digits.append(float(i))']
Timepoint not recorded. dt_out:2050 is bigger than timepoint: 1080
Timepoint not recorded. dt_out:200075 is bigger than timepoint: 1080
SAV_Python_2000_dt_5.50e-06_Nx_512_periodic_dtout_1075pphi.csv
Exception type : ValueError 
Exception message : could not convert string to float: '(0.5406826986436922+0j)'
Stack trace : ['File : /sfs/gpfs/tardis/home/xpz5km/Cahn_Hilliard_Model_HPC/spinodal_decomp/compare_phi_norms.py , Line : 68, Func.Name : compare_phis_norm_at_timepoint, Message : snapshot = read_specific_lines(f"{root}/{fname}", line_list)', 'File : /sfs/gpfs/tardis/home/xpz5km/Cahn_Hilliard_Model_HPC/spinodal_decomp/compare_phi_norms.py , Line : 19, Func.Name : read_specific_lines, Message : digits.append(float(i))']
SAV_Python_2000_dt_5.50e-06_Nx_128_periodic_dtout_1075pphi.csv
Exception type : ValueError 
Exception message : could not convert string to float: '(-0.2259011345264694+0j)'
Stack trace : ['File : /sfs/gpfs/tardis/home/xpz5km/Cahn_Hilliard_Model_HPC/spinodal_decomp/compare_phi_norms.py , Line : 68, Func.Name : compare_phis_norm_at_timepoint, Message : snapshot = read_specific_lines(f"{root}/{fname}", line_list)', 'File : /sfs/gpfs/tardis/home/xpz5km/Cahn_Hilliard_Model_HPC/spinodal_decomp/compare_phi_norms.py , Line : 19, Func.Name : read_specific_lines, Message : digits.append(float(i))']
Timepoint not recorded. dt_out:200025 is bigger than timepoint: 1080
Timepoint not recorded. dt_out:2075 is bigger than timepoint: 1080
Timepoint not recorded. dt_out:200050 is bigger than timepoint: 1080
Timepoint not recorded. dt_out:200050 is bigger than timepoint: 1080
Timepoint not recorded. dt_out:2075 is bigger than timepoint: 1080
Timepoint not recorded. dt_out:2025 is bigger than timepoint: 1080
Timepoint not recorded. dt_out:2075 is bigger than timepoint: 1080
SAV_Python_2000_dt_5.50e-06_Nx_128_periodic_dtout_1025pphi.csv
Exception type : ValueError 
Exception message : could not convert string to float: '(-0.28150012514718054+0j)'
Stack trace : ['File : /sfs/gpfs/tardis/home/xpz5km/Cahn_Hilliard_Model_HPC/spinodal_decomp/compare_phi_norms.py , Line : 68, Func.Name : compare_phis_norm_at_timepoint, Message : snapshot = read_specific_lines(f"{root}/{fname}", line_list)', 'File : /sfs/gpfs/tardis/home/xpz5km/Cahn_Hilliard_Model_HPC/spinodal_decomp/compare_phi_norms.py , Line : 19, Func.Name : read_specific_lines, Message : digits.append(float(i))']
SAV_Python_2000_dt_5.50e-06_Nx_64_neumann_dtout_1025pphi.csv
Exception type : ValueError 
Exception message : could not convert string to float: '(-0.4596149360510974+0j)'
Stack trace : ['File : /sfs/gpfs/tardis/home/xpz5km/Cahn_Hilliard_Model_HPC/spinodal_decomp/compare_phi_norms.py , Line : 68, Func.Name : compare_phis_norm_at_timepoint, Message : snapshot = read_specific_lines(f"{root}/{fname}", line_list)', 'File : /sfs/gpfs/tardis/home/xpz5km/Cahn_Hilliard_Model_HPC/spinodal_decomp/compare_phi_norms.py , Line : 19, Func.Name : read_specific_lines, Message : digits.append(float(i))']
Timepoint not recorded. dt_out:200050 is bigger than timepoint: 1080
Timepoint not recorded. dt_out:2075 is bigger than timepoint: 1080
Timepoint not recorded. dt_out:2025 is bigger than timepoint: 1080
SAV_Python_2000_dt_5.50e-06_Nx_256_periodic_dtout_1025pphi.csv
Exception type : ValueError 
Exception message : could not convert string to float: '(-0.40844769198057895+0j)'
Stack trace : ['File : /sfs/gpfs/tardis/home/xpz5km/Cahn_Hilliard_Model_HPC/spinodal_decomp/compare_phi_norms.py , Line : 68, Func.Name : compare_phis_norm_at_timepoint, Message : snapshot = read_specific_lines(f"{root}/{fname}", line_list)', 'File : /sfs/gpfs/tardis/home/xpz5km/Cahn_Hilliard_Model_HPC/spinodal_decomp/compare_phi_norms.py , Line : 19, Func.Name : read_specific_lines, Message : digits.append(float(i))']
Timepoint not recorded. dt_out:200075 is bigger than timepoint: 1080
Timepoint not recorded. dt_out:2050 is bigger than timepoint: 1080
Timepoint not recorded. dt_out:2050 is bigger than timepoint: 1080
SAV_Python_2000_dt_5.50e-06_Nx_256_periodic_dtout_1075pphi.csv
Exception type : ValueError 
Exception message : could not convert string to float: '(0.4064122518025775+0j)'
Stack trace : ['File : /sfs/gpfs/tardis/home/xpz5km/Cahn_Hilliard_Model_HPC/spinodal_decomp/compare_phi_norms.py , Line : 68, Func.Name : compare_phis_norm_at_timepoint, Message : snapshot = read_specific_lines(f"{root}/{fname}", line_list)', 'File : /sfs/gpfs/tardis/home/xpz5km/Cahn_Hilliard_Model_HPC/spinodal_decomp/compare_phi_norms.py , Line : 19, Func.Name : read_specific_lines, Message : digits.append(float(i))']
Timepoint not recorded. dt_out:200050 is bigger than timepoint: 1080
Timepoint not recorded. dt_out:2050 is bigger than timepoint: 1080
Timepoint not recorded. dt_out:200025 is bigger than timepoint: 1080
Timepoint not recorded. dt_out:2075 is bigger than timepoint: 1080
Timepoint not recorded. dt_out:2025 is bigger than timepoint: 1080
SAV_Python_2000_dt_5.50e-06_Nx_512_neumann_dtout_1050pphi.csv
Exception type : ValueError 
Exception message : could not convert string to float: '(-0.290607762751448+0j)'
Stack trace : ['File : /sfs/gpfs/tardis/home/xpz5km/Cahn_Hilliard_Model_HPC/spinodal_decomp/compare_phi_norms.py , Line : 68, Func.Name : compare_phis_norm_at_timepoint, Message : snapshot = read_specific_lines(f"{root}/{fname}", line_list)', 'File : /sfs/gpfs/tardis/home/xpz5km/Cahn_Hilliard_Model_HPC/spinodal_decomp/compare_phi_norms.py , Line : 19, Func.Name : read_specific_lines, Message : digits.append(float(i))']
Timepoint not recorded. dt_out:200075 is bigger than timepoint: 1080
Timepoint not recorded. dt_out:2025 is bigger than timepoint: 1080
SAV_Python_2000_dt_5.50e-06_Nx_256_periodic_dtout_1050pphi.csv
Exception type : ValueError 
Exception message : could not convert string to float: '(0.18373285380123175+0j)'
Stack trace : ['File : /sfs/gpfs/tardis/home/xpz5km/Cahn_Hilliard_Model_HPC/spinodal_decomp/compare_phi_norms.py , Line : 68, Func.Name : compare_phis_norm_at_timepoint, Message : snapshot = read_specific_lines(f"{root}/{fname}", line_list)', 'File : /sfs/gpfs/tardis/home/xpz5km/Cahn_Hilliard_Model_HPC/spinodal_decomp/compare_phi_norms.py , Line : 19, Func.Name : read_specific_lines, Message : digits.append(float(i))']
Timepoint not recorded. dt_out:2075 is bigger than timepoint: 1080
SAV_Python_2000_dt_5.50e-06_Nx_64_neumann_dtout_1075pphi.csv
Exception type : ValueError 
Exception message : could not convert string to float: '(-0.3181784942992353+0j)'
Stack trace : ['File : /sfs/gpfs/tardis/home/xpz5km/Cahn_Hilliard_Model_HPC/spinodal_decomp/compare_phi_norms.py , Line : 68, Func.Name : compare_phis_norm_at_timepoint, Message : snapshot = read_specific_lines(f"{root}/{fname}", line_list)', 'File : /sfs/gpfs/tardis/home/xpz5km/Cahn_Hilliard_Model_HPC/spinodal_decomp/compare_phi_norms.py , Line : 19, Func.Name : read_specific_lines, Message : digits.append(float(i))']
SAV_Python_2000_dt_5.50e-06_Nx_128_neumann_dtout_1075pphi.csv
Exception type : ValueError 
Exception message : could not convert string to float: '(1.0070442820402468+0j)'
Stack trace : ['File : /sfs/gpfs/tardis/home/xpz5km/Cahn_Hilliard_Model_HPC/spinodal_decomp/compare_phi_norms.py , Line : 68, Func.Name : compare_phis_norm_at_timepoint, Message : snapshot = read_specific_lines(f"{root}/{fname}", line_list)', 'File : /sfs/gpfs/tardis/home/xpz5km/Cahn_Hilliard_Model_HPC/spinodal_decomp/compare_phi_norms.py , Line : 19, Func.Name : read_specific_lines, Message : digits.append(float(i))']
SAV_Python_2000_dt_5.50e-06_Nx_64_neumann_dtout_1050pphi.csv
Exception type : ValueError 
Exception message : could not convert string to float: '(-0.6922513681741511+0j)'
Stack trace : ['File : /sfs/gpfs/tardis/home/xpz5km/Cahn_Hilliard_Model_HPC/spinodal_decomp/compare_phi_norms.py , Line : 68, Func.Name : compare_phis_norm_at_timepoint, Message : snapshot = read_specific_lines(f"{root}/{fname}", line_list)', 'File : /sfs/gpfs/tardis/home/xpz5km/Cahn_Hilliard_Model_HPC/spinodal_decomp/compare_phi_norms.py , Line : 19, Func.Name : read_specific_lines, Message : digits.append(float(i))']
1120
Timepoint not recorded. dt_out:200025 is bigger than timepoint: 1120
Timepoint not recorded. dt_out:200025 is bigger than timepoint: 1120
Timepoint not recorded. dt_out:200025 is bigger than timepoint: 1120
Timepoint not recorded. dt_out:200025 is bigger than timepoint: 1120
Timepoint not recorded. dt_out:200050 is bigger than timepoint: 1120
Timepoint not recorded. dt_out:200025 is bigger than timepoint: 1120
Timepoint not recorded. dt_out:200050 is bigger than timepoint: 1120
Timepoint not recorded. dt_out:200075 is bigger than timepoint: 1120
Timepoint not recorded. dt_out:200075 is bigger than timepoint: 1120
Timepoint not recorded. dt_out:200075 is bigger than timepoint: 1120
Timepoint not recorded. dt_out:200025 is bigger than timepoint: 1120
Timepoint not recorded. dt_out:200050 is bigger than timepoint: 1120
Timepoint not recorded. dt_out:200025 is bigger than timepoint: 1120
Timepoint not recorded. dt_out:200050 is bigger than timepoint: 1120
Timepoint not recorded. dt_out:200075 is bigger than timepoint: 1120
Timepoint not recorded. dt_out:200025 is bigger than timepoint: 1120
Timepoint not recorded. dt_out:200075 is bigger than timepoint: 1120
Timepoint not recorded. dt_out:200075 is bigger than timepoint: 1120
Timepoint not recorded. dt_out:200025 is bigger than timepoint: 1120
Timepoint not recorded. dt_out:200075 is bigger than timepoint: 1120
Timepoint not recorded. dt_out:200025 is bigger than timepoint: 1120
Timepoint not recorded. dt_out:200075 is bigger than timepoint: 1120
Timepoint not recorded. dt_out:200025 is bigger than timepoint: 1120
Timepoint not recorded. dt_out:200050 is bigger than timepoint: 1120
Timepoint not recorded. dt_out:200075 is bigger than timepoint: 1120
Timepoint not recorded. dt_out:200050 is bigger than timepoint: 1120
Timepoint not recorded. dt_out:200075 is bigger than timepoint: 1120
Timepoint not recorded. dt_out:200025 is bigger than timepoint: 1120
Timepoint not recorded. dt_out:200050 is bigger than timepoint: 1120
Timepoint not recorded. dt_out:200050 is bigger than timepoint: 1120
Timepoint not recorded. dt_out:200050 is bigger than timepoint: 1120
Timepoint not recorded. dt_out:200050 is bigger than timepoint: 1120
Timepoint not recorded. dt_out:200025 is bigger than timepoint: 1120
Timepoint not recorded. dt_out:200050 is bigger than timepoint: 1120
Timepoint not recorded. dt_out:200050 is bigger than timepoint: 1120
Timepoint not recorded. dt_out:200050 is bigger than timepoint: 1120
Timepoint not recorded. dt_out:200075 is bigger than timepoint: 1120
Timepoint not recorded. dt_out:200025 is bigger than timepoint: 1120
Timepoint not recorded. dt_out:200075 is bigger than timepoint: 1120
Timepoint not recorded. dt_out:200050 is bigger than timepoint: 1120
Timepoint not recorded. dt_out:200075 is bigger than timepoint: 1120
Timepoint not recorded. dt_out:200075 is bigger than timepoint: 1120
Timepoint not recorded. dt_out:200075 is bigger than timepoint: 1120
Timepoint not recorded. dt_out:200025 is bigger than timepoint: 1120
Timepoint not recorded. dt_out:200025 is bigger than timepoint: 1120
Timepoint not recorded. dt_out:200075 is bigger than timepoint: 1120
Timepoint not recorded. dt_out:200050 is bigger than timepoint: 1120
Timepoint not recorded. dt_out:200050 is bigger than timepoint: 1120
Timepoint not recorded. dt_out:2075 is bigger than timepoint: 1120
SAV_Python_2000_dt_5.50e-06_Nx_128_periodic_dtout_1050pphi.csv
Exception type : ValueError 
Exception message : could not convert string to float: '(-0.0901117303598392+0j)'
Stack trace : ['File : /sfs/gpfs/tardis/home/xpz5km/Cahn_Hilliard_Model_HPC/spinodal_decomp/compare_phi_norms.py , Line : 68, Func.Name : compare_phis_norm_at_timepoint, Message : snapshot = read_specific_lines(f"{root}/{fname}", line_list)', 'File : /sfs/gpfs/tardis/home/xpz5km/Cahn_Hilliard_Model_HPC/spinodal_decomp/compare_phi_norms.py , Line : 19, Func.Name : read_specific_lines, Message : digits.append(float(i))']
Timepoint not recorded. dt_out:200025 is bigger than timepoint: 1120
SAV_Python_2000_dt_5.50e-06_Nx_128_neumann_dtout_1050pphi.csv
Exception type : ValueError 
Exception message : could not convert string to float: '(0.5113651442413263+0j)'
Stack trace : ['File : /sfs/gpfs/tardis/home/xpz5km/Cahn_Hilliard_Model_HPC/spinodal_decomp/compare_phi_norms.py , Line : 68, Func.Name : compare_phis_norm_at_timepoint, Message : snapshot = read_specific_lines(f"{root}/{fname}", line_list)', 'File : /sfs/gpfs/tardis/home/xpz5km/Cahn_Hilliard_Model_HPC/spinodal_decomp/compare_phi_norms.py , Line : 19, Func.Name : read_specific_lines, Message : digits.append(float(i))']
Timepoint not recorded. dt_out:2025 is bigger than timepoint: 1120
Timepoint not recorded. dt_out:200050 is bigger than timepoint: 1120
Timepoint not recorded. dt_out:2025 is bigger than timepoint: 1120
Timepoint not recorded. dt_out:2050 is bigger than timepoint: 1120
Timepoint not recorded. dt_out:200025 is bigger than timepoint: 1120
Timepoint not recorded. dt_out:200075 is bigger than timepoint: 1120
Timepoint not recorded. dt_out:200025 is bigger than timepoint: 1120
SAV_Python_2000_dt_5.50e-06_Nx_64_periodic_dtout_1050pphi.csv
Exception type : ValueError 
Exception message : could not convert string to float: '(0.28180290437742495+0j)'
Stack trace : ['File : /sfs/gpfs/tardis/home/xpz5km/Cahn_Hilliard_Model_HPC/spinodal_decomp/compare_phi_norms.py , Line : 68, Func.Name : compare_phis_norm_at_timepoint, Message : snapshot = read_specific_lines(f"{root}/{fname}", line_list)', 'File : /sfs/gpfs/tardis/home/xpz5km/Cahn_Hilliard_Model_HPC/spinodal_decomp/compare_phi_norms.py , Line : 19, Func.Name : read_specific_lines, Message : digits.append(float(i))']
Timepoint not recorded. dt_out:200075 is bigger than timepoint: 1120
Timepoint not recorded. dt_out:200075 is bigger than timepoint: 1120
Timepoint not recorded. dt_out:200075 is bigger than timepoint: 1120
Timepoint not recorded. dt_out:2050 is bigger than timepoint: 1120
SAV_Python_2000_dt_5.50e-06_Nx_64_periodic_dtout_1075pphi.csv
Exception type : ValueError 
Exception message : could not convert string to float: '(0.6340990749943793+0j)'
Stack trace : ['File : /sfs/gpfs/tardis/home/xpz5km/Cahn_Hilliard_Model_HPC/spinodal_decomp/compare_phi_norms.py , Line : 68, Func.Name : compare_phis_norm_at_timepoint, Message : snapshot = read_specific_lines(f"{root}/{fname}", line_list)', 'File : /sfs/gpfs/tardis/home/xpz5km/Cahn_Hilliard_Model_HPC/spinodal_decomp/compare_phi_norms.py , Line : 19, Func.Name : read_specific_lines, Message : digits.append(float(i))']
Timepoint not recorded. dt_out:200025 is bigger than timepoint: 1120
SAV_Python_2000_dt_5.50e-06_Nx_256_neumann_dtout_1075pphi.csv
Exception type : ValueError 
Exception message : could not convert string to float: '(0.34976781793499045+0j)'
Stack trace : ['File : /sfs/gpfs/tardis/home/xpz5km/Cahn_Hilliard_Model_HPC/spinodal_decomp/compare_phi_norms.py , Line : 68, Func.Name : compare_phis_norm_at_timepoint, Message : snapshot = read_specific_lines(f"{root}/{fname}", line_list)', 'File : /sfs/gpfs/tardis/home/xpz5km/Cahn_Hilliard_Model_HPC/spinodal_decomp/compare_phi_norms.py , Line : 19, Func.Name : read_specific_lines, Message : digits.append(float(i))']
SAV_Python_2000_dt_5.50e-06_Nx_64_periodic_dtout_1025pphi.csv
Exception type : ValueError 
Exception message : could not convert string to float: '(0.19613197344088204+0j)'
Stack trace : ['File : /sfs/gpfs/tardis/home/xpz5km/Cahn_Hilliard_Model_HPC/spinodal_decomp/compare_phi_norms.py , Line : 68, Func.Name : compare_phis_norm_at_timepoint, Message : snapshot = read_specific_lines(f"{root}/{fname}", line_list)', 'File : /sfs/gpfs/tardis/home/xpz5km/Cahn_Hilliard_Model_HPC/spinodal_decomp/compare_phi_norms.py , Line : 19, Func.Name : read_specific_lines, Message : digits.append(float(i))']
SAV_Python_2000_dt_5.50e-06_Nx_512_neumann_dtout_1025pphi.csv
Exception type : ValueError 
Exception message : could not convert string to float: '(-0.782729118480379+0j)'
Stack trace : ['File : /sfs/gpfs/tardis/home/xpz5km/Cahn_Hilliard_Model_HPC/spinodal_decomp/compare_phi_norms.py , Line : 68, Func.Name : compare_phis_norm_at_timepoint, Message : snapshot = read_specific_lines(f"{root}/{fname}", line_list)', 'File : /sfs/gpfs/tardis/home/xpz5km/Cahn_Hilliard_Model_HPC/spinodal_decomp/compare_phi_norms.py , Line : 19, Func.Name : read_specific_lines, Message : digits.append(float(i))']
SAV_Python_2000_dt_5.50e-06_Nx_256_neumann_dtout_1050pphi.csv
Exception type : ValueError 
Exception message : could not convert string to float: '(-0.08350430275229537+0j)'
Stack trace : ['File : /sfs/gpfs/tardis/home/xpz5km/Cahn_Hilliard_Model_HPC/spinodal_decomp/compare_phi_norms.py , Line : 68, Func.Name : compare_phis_norm_at_timepoint, Message : snapshot = read_specific_lines(f"{root}/{fname}", line_list)', 'File : /sfs/gpfs/tardis/home/xpz5km/Cahn_Hilliard_Model_HPC/spinodal_decomp/compare_phi_norms.py , Line : 19, Func.Name : read_specific_lines, Message : digits.append(float(i))']
SAV_Python_2000_dt_5.50e-06_Nx_512_periodic_dtout_1025pphi.csv
Exception type : ValueError 
Exception message : could not convert string to float: '(-0.5481583874950617+0j)'
Stack trace : ['File : /sfs/gpfs/tardis/home/xpz5km/Cahn_Hilliard_Model_HPC/spinodal_decomp/compare_phi_norms.py , Line : 68, Func.Name : compare_phis_norm_at_timepoint, Message : snapshot = read_specific_lines(f"{root}/{fname}", line_list)', 'File : /sfs/gpfs/tardis/home/xpz5km/Cahn_Hilliard_Model_HPC/spinodal_decomp/compare_phi_norms.py , Line : 19, Func.Name : read_specific_lines, Message : digits.append(float(i))']
Timepoint not recorded. dt_out:200050 is bigger than timepoint: 1120
Timepoint not recorded. dt_out:200050 is bigger than timepoint: 1120
SAV_Python_2000_dt_5.50e-06_Nx_512_neumann_dtout_1075pphi.csv
Exception type : ValueError 
Exception message : could not convert string to float: '(0.4518121642363275+0j)'
Stack trace : ['File : /sfs/gpfs/tardis/home/xpz5km/Cahn_Hilliard_Model_HPC/spinodal_decomp/compare_phi_norms.py , Line : 68, Func.Name : compare_phis_norm_at_timepoint, Message : snapshot = read_specific_lines(f"{root}/{fname}", line_list)', 'File : /sfs/gpfs/tardis/home/xpz5km/Cahn_Hilliard_Model_HPC/spinodal_decomp/compare_phi_norms.py , Line : 19, Func.Name : read_specific_lines, Message : digits.append(float(i))']
SAV_Python_2000_dt_5.50e-06_Nx_128_neumann_dtout_1025pphi.csv
Exception type : ValueError 
Exception message : could not convert string to float: '(-0.6699904736527759+0j)'
Stack trace : ['File : /sfs/gpfs/tardis/home/xpz5km/Cahn_Hilliard_Model_HPC/spinodal_decomp/compare_phi_norms.py , Line : 68, Func.Name : compare_phis_norm_at_timepoint, Message : snapshot = read_specific_lines(f"{root}/{fname}", line_list)', 'File : /sfs/gpfs/tardis/home/xpz5km/Cahn_Hilliard_Model_HPC/spinodal_decomp/compare_phi_norms.py , Line : 19, Func.Name : read_specific_lines, Message : digits.append(float(i))']
Timepoint not recorded. dt_out:2050 is bigger than timepoint: 1120
Timepoint not recorded. dt_out:2025 is bigger than timepoint: 1120
Timepoint not recorded. dt_out:200050 is bigger than timepoint: 1120
SAV_Python_2000_dt_5.50e-06_Nx_512_periodic_dtout_1050pphi.csv
Exception type : ValueError 
Exception message : could not convert string to float: '(0.21101702033585162+0j)'
Stack trace : ['File : /sfs/gpfs/tardis/home/xpz5km/Cahn_Hilliard_Model_HPC/spinodal_decomp/compare_phi_norms.py , Line : 68, Func.Name : compare_phis_norm_at_timepoint, Message : snapshot = read_specific_lines(f"{root}/{fname}", line_list)', 'File : /sfs/gpfs/tardis/home/xpz5km/Cahn_Hilliard_Model_HPC/spinodal_decomp/compare_phi_norms.py , Line : 19, Func.Name : read_specific_lines, Message : digits.append(float(i))']
Timepoint not recorded. dt_out:200075 is bigger than timepoint: 1120
Timepoint not recorded. dt_out:2025 is bigger than timepoint: 1120
Timepoint not recorded. dt_out:2050 is bigger than timepoint: 1120
Timepoint not recorded. dt_out:2075 is bigger than timepoint: 1120
Timepoint not recorded. dt_out:200025 is bigger than timepoint: 1120
Timepoint not recorded. dt_out:200025 is bigger than timepoint: 1120
SAV_Python_2000_dt_5.50e-06_Nx_256_neumann_dtout_1025pphi.csv
Exception type : ValueError 
Exception message : could not convert string to float: '(-0.5443481547240097+0j)'
Stack trace : ['File : /sfs/gpfs/tardis/home/xpz5km/Cahn_Hilliard_Model_HPC/spinodal_decomp/compare_phi_norms.py , Line : 68, Func.Name : compare_phis_norm_at_timepoint, Message : snapshot = read_specific_lines(f"{root}/{fname}", line_list)', 'File : /sfs/gpfs/tardis/home/xpz5km/Cahn_Hilliard_Model_HPC/spinodal_decomp/compare_phi_norms.py , Line : 19, Func.Name : read_specific_lines, Message : digits.append(float(i))']
Timepoint not recorded. dt_out:2050 is bigger than timepoint: 1120
Timepoint not recorded. dt_out:200075 is bigger than timepoint: 1120
SAV_Python_2000_dt_5.50e-06_Nx_512_periodic_dtout_1075pphi.csv
Exception type : ValueError 
Exception message : could not convert string to float: '(0.44125753814656327+0j)'
Stack trace : ['File : /sfs/gpfs/tardis/home/xpz5km/Cahn_Hilliard_Model_HPC/spinodal_decomp/compare_phi_norms.py , Line : 68, Func.Name : compare_phis_norm_at_timepoint, Message : snapshot = read_specific_lines(f"{root}/{fname}", line_list)', 'File : /sfs/gpfs/tardis/home/xpz5km/Cahn_Hilliard_Model_HPC/spinodal_decomp/compare_phi_norms.py , Line : 19, Func.Name : read_specific_lines, Message : digits.append(float(i))']
SAV_Python_2000_dt_5.50e-06_Nx_128_periodic_dtout_1075pphi.csv
Exception type : ValueError 
Exception message : could not convert string to float: '(0.6533733570770849+0j)'
Stack trace : ['File : /sfs/gpfs/tardis/home/xpz5km/Cahn_Hilliard_Model_HPC/spinodal_decomp/compare_phi_norms.py , Line : 68, Func.Name : compare_phis_norm_at_timepoint, Message : snapshot = read_specific_lines(f"{root}/{fname}", line_list)', 'File : /sfs/gpfs/tardis/home/xpz5km/Cahn_Hilliard_Model_HPC/spinodal_decomp/compare_phi_norms.py , Line : 19, Func.Name : read_specific_lines, Message : digits.append(float(i))']
Timepoint not recorded. dt_out:200025 is bigger than timepoint: 1120
Timepoint not recorded. dt_out:2075 is bigger than timepoint: 1120
Timepoint not recorded. dt_out:200050 is bigger than timepoint: 1120
Timepoint not recorded. dt_out:200050 is bigger than timepoint: 1120
Timepoint not recorded. dt_out:2075 is bigger than timepoint: 1120
Timepoint not recorded. dt_out:2025 is bigger than timepoint: 1120
Timepoint not recorded. dt_out:2075 is bigger than timepoint: 1120
SAV_Python_2000_dt_5.50e-06_Nx_128_periodic_dtout_1025pphi.csv
Exception type : ValueError 
Exception message : could not convert string to float: '(-0.6564946716762323+0j)'
Stack trace : ['File : /sfs/gpfs/tardis/home/xpz5km/Cahn_Hilliard_Model_HPC/spinodal_decomp/compare_phi_norms.py , Line : 68, Func.Name : compare_phis_norm_at_timepoint, Message : snapshot = read_specific_lines(f"{root}/{fname}", line_list)', 'File : /sfs/gpfs/tardis/home/xpz5km/Cahn_Hilliard_Model_HPC/spinodal_decomp/compare_phi_norms.py , Line : 19, Func.Name : read_specific_lines, Message : digits.append(float(i))']
SAV_Python_2000_dt_5.50e-06_Nx_64_neumann_dtout_1025pphi.csv
Exception type : ValueError 
Exception message : could not convert string to float: '(-0.29738394866996914+0j)'
Stack trace : ['File : /sfs/gpfs/tardis/home/xpz5km/Cahn_Hilliard_Model_HPC/spinodal_decomp/compare_phi_norms.py , Line : 68, Func.Name : compare_phis_norm_at_timepoint, Message : snapshot = read_specific_lines(f"{root}/{fname}", line_list)', 'File : /sfs/gpfs/tardis/home/xpz5km/Cahn_Hilliard_Model_HPC/spinodal_decomp/compare_phi_norms.py , Line : 19, Func.Name : read_specific_lines, Message : digits.append(float(i))']
Timepoint not recorded. dt_out:200050 is bigger than timepoint: 1120
Timepoint not recorded. dt_out:2075 is bigger than timepoint: 1120
Timepoint not recorded. dt_out:2025 is bigger than timepoint: 1120
SAV_Python_2000_dt_5.50e-06_Nx_256_periodic_dtout_1025pphi.csv
Exception type : ValueError 
Exception message : could not convert string to float: '(-0.5665097577953844+0j)'
Stack trace : ['File : /sfs/gpfs/tardis/home/xpz5km/Cahn_Hilliard_Model_HPC/spinodal_decomp/compare_phi_norms.py , Line : 68, Func.Name : compare_phis_norm_at_timepoint, Message : snapshot = read_specific_lines(f"{root}/{fname}", line_list)', 'File : /sfs/gpfs/tardis/home/xpz5km/Cahn_Hilliard_Model_HPC/spinodal_decomp/compare_phi_norms.py , Line : 19, Func.Name : read_specific_lines, Message : digits.append(float(i))']
Timepoint not recorded. dt_out:200075 is bigger than timepoint: 1120
Timepoint not recorded. dt_out:2050 is bigger than timepoint: 1120
Timepoint not recorded. dt_out:2050 is bigger than timepoint: 1120
SAV_Python_2000_dt_5.50e-06_Nx_256_periodic_dtout_1075pphi.csv
Exception type : ValueError 
Exception message : could not convert string to float: '(0.4553631870881453+0j)'
Stack trace : ['File : /sfs/gpfs/tardis/home/xpz5km/Cahn_Hilliard_Model_HPC/spinodal_decomp/compare_phi_norms.py , Line : 68, Func.Name : compare_phis_norm_at_timepoint, Message : snapshot = read_specific_lines(f"{root}/{fname}", line_list)', 'File : /sfs/gpfs/tardis/home/xpz5km/Cahn_Hilliard_Model_HPC/spinodal_decomp/compare_phi_norms.py , Line : 19, Func.Name : read_specific_lines, Message : digits.append(float(i))']
Timepoint not recorded. dt_out:200050 is bigger than timepoint: 1120
Timepoint not recorded. dt_out:2050 is bigger than timepoint: 1120
Timepoint not recorded. dt_out:200025 is bigger than timepoint: 1120
Timepoint not recorded. dt_out:2075 is bigger than timepoint: 1120
Timepoint not recorded. dt_out:2025 is bigger than timepoint: 1120
SAV_Python_2000_dt_5.50e-06_Nx_512_neumann_dtout_1050pphi.csv
Exception type : ValueError 
Exception message : could not convert string to float: '(-0.12471275706558199+0j)'
Stack trace : ['File : /sfs/gpfs/tardis/home/xpz5km/Cahn_Hilliard_Model_HPC/spinodal_decomp/compare_phi_norms.py , Line : 68, Func.Name : compare_phis_norm_at_timepoint, Message : snapshot = read_specific_lines(f"{root}/{fname}", line_list)', 'File : /sfs/gpfs/tardis/home/xpz5km/Cahn_Hilliard_Model_HPC/spinodal_decomp/compare_phi_norms.py , Line : 19, Func.Name : read_specific_lines, Message : digits.append(float(i))']
Timepoint not recorded. dt_out:200075 is bigger than timepoint: 1120
Timepoint not recorded. dt_out:2025 is bigger than timepoint: 1120
SAV_Python_2000_dt_5.50e-06_Nx_256_periodic_dtout_1050pphi.csv
Exception type : ValueError 
Exception message : could not convert string to float: '(-0.04777066200690972+0j)'
Stack trace : ['File : /sfs/gpfs/tardis/home/xpz5km/Cahn_Hilliard_Model_HPC/spinodal_decomp/compare_phi_norms.py , Line : 68, Func.Name : compare_phis_norm_at_timepoint, Message : snapshot = read_specific_lines(f"{root}/{fname}", line_list)', 'File : /sfs/gpfs/tardis/home/xpz5km/Cahn_Hilliard_Model_HPC/spinodal_decomp/compare_phi_norms.py , Line : 19, Func.Name : read_specific_lines, Message : digits.append(float(i))']
Timepoint not recorded. dt_out:2075 is bigger than timepoint: 1120
SAV_Python_2000_dt_5.50e-06_Nx_64_neumann_dtout_1075pphi.csv
Exception type : ValueError 
Exception message : could not convert string to float: '(0.2781283266569684+0j)'
Stack trace : ['File : /sfs/gpfs/tardis/home/xpz5km/Cahn_Hilliard_Model_HPC/spinodal_decomp/compare_phi_norms.py , Line : 68, Func.Name : compare_phis_norm_at_timepoint, Message : snapshot = read_specific_lines(f"{root}/{fname}", line_list)', 'File : /sfs/gpfs/tardis/home/xpz5km/Cahn_Hilliard_Model_HPC/spinodal_decomp/compare_phi_norms.py , Line : 19, Func.Name : read_specific_lines, Message : digits.append(float(i))']
SAV_Python_2000_dt_5.50e-06_Nx_128_neumann_dtout_1075pphi.csv
Exception type : ValueError 
Exception message : could not convert string to float: '(0.42890479352517813+0j)'
Stack trace : ['File : /sfs/gpfs/tardis/home/xpz5km/Cahn_Hilliard_Model_HPC/spinodal_decomp/compare_phi_norms.py , Line : 68, Func.Name : compare_phis_norm_at_timepoint, Message : snapshot = read_specific_lines(f"{root}/{fname}", line_list)', 'File : /sfs/gpfs/tardis/home/xpz5km/Cahn_Hilliard_Model_HPC/spinodal_decomp/compare_phi_norms.py , Line : 19, Func.Name : read_specific_lines, Message : digits.append(float(i))']
SAV_Python_2000_dt_5.50e-06_Nx_64_neumann_dtout_1050pphi.csv
Exception type : ValueError 
Exception message : could not convert string to float: '(0.7488450722235654+0j)'
Stack trace : ['File : /sfs/gpfs/tardis/home/xpz5km/Cahn_Hilliard_Model_HPC/spinodal_decomp/compare_phi_norms.py , Line : 68, Func.Name : compare_phis_norm_at_timepoint, Message : snapshot = read_specific_lines(f"{root}/{fname}", line_list)', 'File : /sfs/gpfs/tardis/home/xpz5km/Cahn_Hilliard_Model_HPC/spinodal_decomp/compare_phi_norms.py , Line : 19, Func.Name : read_specific_lines, Message : digits.append(float(i))']
1160
Timepoint not recorded. dt_out:200025 is bigger than timepoint: 1160
Timepoint not recorded. dt_out:200025 is bigger than timepoint: 1160
Timepoint not recorded. dt_out:200025 is bigger than timepoint: 1160
Timepoint not recorded. dt_out:200025 is bigger than timepoint: 1160
Timepoint not recorded. dt_out:200050 is bigger than timepoint: 1160
Timepoint not recorded. dt_out:200025 is bigger than timepoint: 1160
Timepoint not recorded. dt_out:200050 is bigger than timepoint: 1160
Timepoint not recorded. dt_out:200075 is bigger than timepoint: 1160
Timepoint not recorded. dt_out:200075 is bigger than timepoint: 1160
Timepoint not recorded. dt_out:200075 is bigger than timepoint: 1160
Timepoint not recorded. dt_out:200025 is bigger than timepoint: 1160
Timepoint not recorded. dt_out:200050 is bigger than timepoint: 1160
Timepoint not recorded. dt_out:200025 is bigger than timepoint: 1160
Timepoint not recorded. dt_out:200050 is bigger than timepoint: 1160
Timepoint not recorded. dt_out:200075 is bigger than timepoint: 1160
Timepoint not recorded. dt_out:200025 is bigger than timepoint: 1160
Timepoint not recorded. dt_out:200075 is bigger than timepoint: 1160
Timepoint not recorded. dt_out:200075 is bigger than timepoint: 1160
Timepoint not recorded. dt_out:200025 is bigger than timepoint: 1160
Timepoint not recorded. dt_out:200075 is bigger than timepoint: 1160
Timepoint not recorded. dt_out:200025 is bigger than timepoint: 1160
Timepoint not recorded. dt_out:200075 is bigger than timepoint: 1160
Timepoint not recorded. dt_out:200025 is bigger than timepoint: 1160
Timepoint not recorded. dt_out:200050 is bigger than timepoint: 1160
Timepoint not recorded. dt_out:200075 is bigger than timepoint: 1160
Timepoint not recorded. dt_out:200050 is bigger than timepoint: 1160
Timepoint not recorded. dt_out:200075 is bigger than timepoint: 1160
Timepoint not recorded. dt_out:200025 is bigger than timepoint: 1160
Timepoint not recorded. dt_out:200050 is bigger than timepoint: 1160
Timepoint not recorded. dt_out:200050 is bigger than timepoint: 1160
Timepoint not recorded. dt_out:200050 is bigger than timepoint: 1160
Timepoint not recorded. dt_out:200050 is bigger than timepoint: 1160
Timepoint not recorded. dt_out:200025 is bigger than timepoint: 1160
Timepoint not recorded. dt_out:200050 is bigger than timepoint: 1160
Timepoint not recorded. dt_out:200050 is bigger than timepoint: 1160
Timepoint not recorded. dt_out:200050 is bigger than timepoint: 1160
Timepoint not recorded. dt_out:200075 is bigger than timepoint: 1160
Timepoint not recorded. dt_out:200025 is bigger than timepoint: 1160
Timepoint not recorded. dt_out:200075 is bigger than timepoint: 1160
Timepoint not recorded. dt_out:200050 is bigger than timepoint: 1160
Timepoint not recorded. dt_out:200075 is bigger than timepoint: 1160
Timepoint not recorded. dt_out:200075 is bigger than timepoint: 1160
Timepoint not recorded. dt_out:200075 is bigger than timepoint: 1160
Timepoint not recorded. dt_out:200025 is bigger than timepoint: 1160
Timepoint not recorded. dt_out:200025 is bigger than timepoint: 1160
Timepoint not recorded. dt_out:200075 is bigger than timepoint: 1160
Timepoint not recorded. dt_out:200050 is bigger than timepoint: 1160
Timepoint not recorded. dt_out:200050 is bigger than timepoint: 1160
Timepoint not recorded. dt_out:2075 is bigger than timepoint: 1160
SAV_Python_2000_dt_5.50e-06_Nx_128_periodic_dtout_1050pphi.csv
Exception type : ValueError 
Exception message : could not convert string to float: '(0.0005490739352049584+0j)'
Stack trace : ['File : /sfs/gpfs/tardis/home/xpz5km/Cahn_Hilliard_Model_HPC/spinodal_decomp/compare_phi_norms.py , Line : 68, Func.Name : compare_phis_norm_at_timepoint, Message : snapshot = read_specific_lines(f"{root}/{fname}", line_list)', 'File : /sfs/gpfs/tardis/home/xpz5km/Cahn_Hilliard_Model_HPC/spinodal_decomp/compare_phi_norms.py , Line : 19, Func.Name : read_specific_lines, Message : digits.append(float(i))']
Timepoint not recorded. dt_out:200025 is bigger than timepoint: 1160
SAV_Python_2000_dt_5.50e-06_Nx_128_neumann_dtout_1050pphi.csv
Exception type : ValueError 
Exception message : could not convert string to float: '(-0.4375811526258892+0j)'
Stack trace : ['File : /sfs/gpfs/tardis/home/xpz5km/Cahn_Hilliard_Model_HPC/spinodal_decomp/compare_phi_norms.py , Line : 68, Func.Name : compare_phis_norm_at_timepoint, Message : snapshot = read_specific_lines(f"{root}/{fname}", line_list)', 'File : /sfs/gpfs/tardis/home/xpz5km/Cahn_Hilliard_Model_HPC/spinodal_decomp/compare_phi_norms.py , Line : 19, Func.Name : read_specific_lines, Message : digits.append(float(i))']
Timepoint not recorded. dt_out:2025 is bigger than timepoint: 1160
Timepoint not recorded. dt_out:200050 is bigger than timepoint: 1160
Timepoint not recorded. dt_out:2025 is bigger than timepoint: 1160
Timepoint not recorded. dt_out:2050 is bigger than timepoint: 1160
Timepoint not recorded. dt_out:200025 is bigger than timepoint: 1160
Timepoint not recorded. dt_out:200075 is bigger than timepoint: 1160
Timepoint not recorded. dt_out:200025 is bigger than timepoint: 1160
SAV_Python_2000_dt_5.50e-06_Nx_64_periodic_dtout_1050pphi.csv
Exception type : ValueError 
Exception message : could not convert string to float: '(1.1858730159884845+0j)'
Stack trace : ['File : /sfs/gpfs/tardis/home/xpz5km/Cahn_Hilliard_Model_HPC/spinodal_decomp/compare_phi_norms.py , Line : 68, Func.Name : compare_phis_norm_at_timepoint, Message : snapshot = read_specific_lines(f"{root}/{fname}", line_list)', 'File : /sfs/gpfs/tardis/home/xpz5km/Cahn_Hilliard_Model_HPC/spinodal_decomp/compare_phi_norms.py , Line : 19, Func.Name : read_specific_lines, Message : digits.append(float(i))']
Timepoint not recorded. dt_out:200075 is bigger than timepoint: 1160
Timepoint not recorded. dt_out:200075 is bigger than timepoint: 1160
Timepoint not recorded. dt_out:200075 is bigger than timepoint: 1160
Timepoint not recorded. dt_out:2050 is bigger than timepoint: 1160
SAV_Python_2000_dt_5.50e-06_Nx_64_periodic_dtout_1075pphi.csv
Exception type : ValueError 
Exception message : could not convert string to float: '(0.8718990984121638+0j)'
Stack trace : ['File : /sfs/gpfs/tardis/home/xpz5km/Cahn_Hilliard_Model_HPC/spinodal_decomp/compare_phi_norms.py , Line : 68, Func.Name : compare_phis_norm_at_timepoint, Message : snapshot = read_specific_lines(f"{root}/{fname}", line_list)', 'File : /sfs/gpfs/tardis/home/xpz5km/Cahn_Hilliard_Model_HPC/spinodal_decomp/compare_phi_norms.py , Line : 19, Func.Name : read_specific_lines, Message : digits.append(float(i))']
Timepoint not recorded. dt_out:200025 is bigger than timepoint: 1160
SAV_Python_2000_dt_5.50e-06_Nx_256_neumann_dtout_1075pphi.csv
Exception type : ValueError 
Exception message : could not convert string to float: '(0.45493645642763636+0j)'
Stack trace : ['File : /sfs/gpfs/tardis/home/xpz5km/Cahn_Hilliard_Model_HPC/spinodal_decomp/compare_phi_norms.py , Line : 68, Func.Name : compare_phis_norm_at_timepoint, Message : snapshot = read_specific_lines(f"{root}/{fname}", line_list)', 'File : /sfs/gpfs/tardis/home/xpz5km/Cahn_Hilliard_Model_HPC/spinodal_decomp/compare_phi_norms.py , Line : 19, Func.Name : read_specific_lines, Message : digits.append(float(i))']
SAV_Python_2000_dt_5.50e-06_Nx_64_periodic_dtout_1025pphi.csv
Exception type : ValueError 
Exception message : could not convert string to float: '(-0.3190645063052514+0j)'
Stack trace : ['File : /sfs/gpfs/tardis/home/xpz5km/Cahn_Hilliard_Model_HPC/spinodal_decomp/compare_phi_norms.py , Line : 68, Func.Name : compare_phis_norm_at_timepoint, Message : snapshot = read_specific_lines(f"{root}/{fname}", line_list)', 'File : /sfs/gpfs/tardis/home/xpz5km/Cahn_Hilliard_Model_HPC/spinodal_decomp/compare_phi_norms.py , Line : 19, Func.Name : read_specific_lines, Message : digits.append(float(i))']
SAV_Python_2000_dt_5.50e-06_Nx_512_neumann_dtout_1025pphi.csv
Exception type : ValueError 
Exception message : could not convert string to float: '(-0.5840413686264877+0j)'
Stack trace : ['File : /sfs/gpfs/tardis/home/xpz5km/Cahn_Hilliard_Model_HPC/spinodal_decomp/compare_phi_norms.py , Line : 68, Func.Name : compare_phis_norm_at_timepoint, Message : snapshot = read_specific_lines(f"{root}/{fname}", line_list)', 'File : /sfs/gpfs/tardis/home/xpz5km/Cahn_Hilliard_Model_HPC/spinodal_decomp/compare_phi_norms.py , Line : 19, Func.Name : read_specific_lines, Message : digits.append(float(i))']
SAV_Python_2000_dt_5.50e-06_Nx_256_neumann_dtout_1050pphi.csv
Exception type : ValueError 
Exception message : could not convert string to float: '(0.04589486680459601+0j)'
Stack trace : ['File : /sfs/gpfs/tardis/home/xpz5km/Cahn_Hilliard_Model_HPC/spinodal_decomp/compare_phi_norms.py , Line : 68, Func.Name : compare_phis_norm_at_timepoint, Message : snapshot = read_specific_lines(f"{root}/{fname}", line_list)', 'File : /sfs/gpfs/tardis/home/xpz5km/Cahn_Hilliard_Model_HPC/spinodal_decomp/compare_phi_norms.py , Line : 19, Func.Name : read_specific_lines, Message : digits.append(float(i))']
SAV_Python_2000_dt_5.50e-06_Nx_512_periodic_dtout_1025pphi.csv
Exception type : ValueError 
Exception message : could not convert string to float: '(-0.5195939425782238+0j)'
Stack trace : ['File : /sfs/gpfs/tardis/home/xpz5km/Cahn_Hilliard_Model_HPC/spinodal_decomp/compare_phi_norms.py , Line : 68, Func.Name : compare_phis_norm_at_timepoint, Message : snapshot = read_specific_lines(f"{root}/{fname}", line_list)', 'File : /sfs/gpfs/tardis/home/xpz5km/Cahn_Hilliard_Model_HPC/spinodal_decomp/compare_phi_norms.py , Line : 19, Func.Name : read_specific_lines, Message : digits.append(float(i))']
Timepoint not recorded. dt_out:200050 is bigger than timepoint: 1160
Timepoint not recorded. dt_out:200050 is bigger than timepoint: 1160
SAV_Python_2000_dt_5.50e-06_Nx_512_neumann_dtout_1075pphi.csv
Exception type : ValueError 
Exception message : could not convert string to float: '(0.6339755320781115+0j)'
Stack trace : ['File : /sfs/gpfs/tardis/home/xpz5km/Cahn_Hilliard_Model_HPC/spinodal_decomp/compare_phi_norms.py , Line : 68, Func.Name : compare_phis_norm_at_timepoint, Message : snapshot = read_specific_lines(f"{root}/{fname}", line_list)', 'File : /sfs/gpfs/tardis/home/xpz5km/Cahn_Hilliard_Model_HPC/spinodal_decomp/compare_phi_norms.py , Line : 19, Func.Name : read_specific_lines, Message : digits.append(float(i))']
SAV_Python_2000_dt_5.50e-06_Nx_128_neumann_dtout_1025pphi.csv
Exception type : ValueError 
Exception message : could not convert string to float: '(-0.7057782143502127+0j)'
Stack trace : ['File : /sfs/gpfs/tardis/home/xpz5km/Cahn_Hilliard_Model_HPC/spinodal_decomp/compare_phi_norms.py , Line : 68, Func.Name : compare_phis_norm_at_timepoint, Message : snapshot = read_specific_lines(f"{root}/{fname}", line_list)', 'File : /sfs/gpfs/tardis/home/xpz5km/Cahn_Hilliard_Model_HPC/spinodal_decomp/compare_phi_norms.py , Line : 19, Func.Name : read_specific_lines, Message : digits.append(float(i))']
Timepoint not recorded. dt_out:2050 is bigger than timepoint: 1160
Timepoint not recorded. dt_out:2025 is bigger than timepoint: 1160
Timepoint not recorded. dt_out:200050 is bigger than timepoint: 1160
SAV_Python_2000_dt_5.50e-06_Nx_512_periodic_dtout_1050pphi.csv
Exception type : ValueError 
Exception message : could not convert string to float: '(0.11502079986497607+0j)'
Stack trace : ['File : /sfs/gpfs/tardis/home/xpz5km/Cahn_Hilliard_Model_HPC/spinodal_decomp/compare_phi_norms.py , Line : 68, Func.Name : compare_phis_norm_at_timepoint, Message : snapshot = read_specific_lines(f"{root}/{fname}", line_list)', 'File : /sfs/gpfs/tardis/home/xpz5km/Cahn_Hilliard_Model_HPC/spinodal_decomp/compare_phi_norms.py , Line : 19, Func.Name : read_specific_lines, Message : digits.append(float(i))']
Timepoint not recorded. dt_out:200075 is bigger than timepoint: 1160
Timepoint not recorded. dt_out:2025 is bigger than timepoint: 1160
Timepoint not recorded. dt_out:2050 is bigger than timepoint: 1160
Timepoint not recorded. dt_out:2075 is bigger than timepoint: 1160
Timepoint not recorded. dt_out:200025 is bigger than timepoint: 1160
Timepoint not recorded. dt_out:200025 is bigger than timepoint: 1160
SAV_Python_2000_dt_5.50e-06_Nx_256_neumann_dtout_1025pphi.csv
Exception type : ValueError 
Exception message : could not convert string to float: '(-0.4116339453908961+0j)'
Stack trace : ['File : /sfs/gpfs/tardis/home/xpz5km/Cahn_Hilliard_Model_HPC/spinodal_decomp/compare_phi_norms.py , Line : 68, Func.Name : compare_phis_norm_at_timepoint, Message : snapshot = read_specific_lines(f"{root}/{fname}", line_list)', 'File : /sfs/gpfs/tardis/home/xpz5km/Cahn_Hilliard_Model_HPC/spinodal_decomp/compare_phi_norms.py , Line : 19, Func.Name : read_specific_lines, Message : digits.append(float(i))']
Timepoint not recorded. dt_out:2050 is bigger than timepoint: 1160
Timepoint not recorded. dt_out:200075 is bigger than timepoint: 1160
SAV_Python_2000_dt_5.50e-06_Nx_512_periodic_dtout_1075pphi.csv
Exception type : ValueError 
Exception message : could not convert string to float: '(0.48648295501263794+0j)'
Stack trace : ['File : /sfs/gpfs/tardis/home/xpz5km/Cahn_Hilliard_Model_HPC/spinodal_decomp/compare_phi_norms.py , Line : 68, Func.Name : compare_phis_norm_at_timepoint, Message : snapshot = read_specific_lines(f"{root}/{fname}", line_list)', 'File : /sfs/gpfs/tardis/home/xpz5km/Cahn_Hilliard_Model_HPC/spinodal_decomp/compare_phi_norms.py , Line : 19, Func.Name : read_specific_lines, Message : digits.append(float(i))']
SAV_Python_2000_dt_5.50e-06_Nx_128_periodic_dtout_1075pphi.csv
Exception type : ValueError 
Exception message : could not convert string to float: '(0.5329930703424658+0j)'
Stack trace : ['File : /sfs/gpfs/tardis/home/xpz5km/Cahn_Hilliard_Model_HPC/spinodal_decomp/compare_phi_norms.py , Line : 68, Func.Name : compare_phis_norm_at_timepoint, Message : snapshot = read_specific_lines(f"{root}/{fname}", line_list)', 'File : /sfs/gpfs/tardis/home/xpz5km/Cahn_Hilliard_Model_HPC/spinodal_decomp/compare_phi_norms.py , Line : 19, Func.Name : read_specific_lines, Message : digits.append(float(i))']
Timepoint not recorded. dt_out:200025 is bigger than timepoint: 1160
Timepoint not recorded. dt_out:2075 is bigger than timepoint: 1160
Timepoint not recorded. dt_out:200050 is bigger than timepoint: 1160
Timepoint not recorded. dt_out:200050 is bigger than timepoint: 1160
Timepoint not recorded. dt_out:2075 is bigger than timepoint: 1160
Timepoint not recorded. dt_out:2025 is bigger than timepoint: 1160
Timepoint not recorded. dt_out:2075 is bigger than timepoint: 1160
SAV_Python_2000_dt_5.50e-06_Nx_128_periodic_dtout_1025pphi.csv
Exception type : ValueError 
Exception message : could not convert string to float: '(-0.7704006949586741+0j)'
Stack trace : ['File : /sfs/gpfs/tardis/home/xpz5km/Cahn_Hilliard_Model_HPC/spinodal_decomp/compare_phi_norms.py , Line : 68, Func.Name : compare_phis_norm_at_timepoint, Message : snapshot = read_specific_lines(f"{root}/{fname}", line_list)', 'File : /sfs/gpfs/tardis/home/xpz5km/Cahn_Hilliard_Model_HPC/spinodal_decomp/compare_phi_norms.py , Line : 19, Func.Name : read_specific_lines, Message : digits.append(float(i))']
SAV_Python_2000_dt_5.50e-06_Nx_64_neumann_dtout_1025pphi.csv
Exception type : ValueError 
Exception message : could not convert string to float: '(-0.46951079836228665+0j)'
Stack trace : ['File : /sfs/gpfs/tardis/home/xpz5km/Cahn_Hilliard_Model_HPC/spinodal_decomp/compare_phi_norms.py , Line : 68, Func.Name : compare_phis_norm_at_timepoint, Message : snapshot = read_specific_lines(f"{root}/{fname}", line_list)', 'File : /sfs/gpfs/tardis/home/xpz5km/Cahn_Hilliard_Model_HPC/spinodal_decomp/compare_phi_norms.py , Line : 19, Func.Name : read_specific_lines, Message : digits.append(float(i))']
Timepoint not recorded. dt_out:200050 is bigger than timepoint: 1160
Timepoint not recorded. dt_out:2075 is bigger than timepoint: 1160
Timepoint not recorded. dt_out:2025 is bigger than timepoint: 1160
SAV_Python_2000_dt_5.50e-06_Nx_256_periodic_dtout_1025pphi.csv
Exception type : ValueError 
Exception message : could not convert string to float: '(-0.3989501062786006+0j)'
Stack trace : ['File : /sfs/gpfs/tardis/home/xpz5km/Cahn_Hilliard_Model_HPC/spinodal_decomp/compare_phi_norms.py , Line : 68, Func.Name : compare_phis_norm_at_timepoint, Message : snapshot = read_specific_lines(f"{root}/{fname}", line_list)', 'File : /sfs/gpfs/tardis/home/xpz5km/Cahn_Hilliard_Model_HPC/spinodal_decomp/compare_phi_norms.py , Line : 19, Func.Name : read_specific_lines, Message : digits.append(float(i))']
Timepoint not recorded. dt_out:200075 is bigger than timepoint: 1160
Timepoint not recorded. dt_out:2050 is bigger than timepoint: 1160
Timepoint not recorded. dt_out:2050 is bigger than timepoint: 1160
SAV_Python_2000_dt_5.50e-06_Nx_256_periodic_dtout_1075pphi.csv
Exception type : ValueError 
Exception message : could not convert string to float: '(0.1544543329591874+0j)'
Stack trace : ['File : /sfs/gpfs/tardis/home/xpz5km/Cahn_Hilliard_Model_HPC/spinodal_decomp/compare_phi_norms.py , Line : 68, Func.Name : compare_phis_norm_at_timepoint, Message : snapshot = read_specific_lines(f"{root}/{fname}", line_list)', 'File : /sfs/gpfs/tardis/home/xpz5km/Cahn_Hilliard_Model_HPC/spinodal_decomp/compare_phi_norms.py , Line : 19, Func.Name : read_specific_lines, Message : digits.append(float(i))']
Timepoint not recorded. dt_out:200050 is bigger than timepoint: 1160
Timepoint not recorded. dt_out:2050 is bigger than timepoint: 1160
Timepoint not recorded. dt_out:200025 is bigger than timepoint: 1160
Timepoint not recorded. dt_out:2075 is bigger than timepoint: 1160
Timepoint not recorded. dt_out:2025 is bigger than timepoint: 1160
SAV_Python_2000_dt_5.50e-06_Nx_512_neumann_dtout_1050pphi.csv
Exception type : ValueError 
Exception message : could not convert string to float: '(0.21022827406947722+0j)'
Stack trace : ['File : /sfs/gpfs/tardis/home/xpz5km/Cahn_Hilliard_Model_HPC/spinodal_decomp/compare_phi_norms.py , Line : 68, Func.Name : compare_phis_norm_at_timepoint, Message : snapshot = read_specific_lines(f"{root}/{fname}", line_list)', 'File : /sfs/gpfs/tardis/home/xpz5km/Cahn_Hilliard_Model_HPC/spinodal_decomp/compare_phi_norms.py , Line : 19, Func.Name : read_specific_lines, Message : digits.append(float(i))']
Timepoint not recorded. dt_out:200075 is bigger than timepoint: 1160
Timepoint not recorded. dt_out:2025 is bigger than timepoint: 1160
SAV_Python_2000_dt_5.50e-06_Nx_256_periodic_dtout_1050pphi.csv
Exception type : ValueError 
Exception message : could not convert string to float: '(0.0018241127384685382+0j)'
Stack trace : ['File : /sfs/gpfs/tardis/home/xpz5km/Cahn_Hilliard_Model_HPC/spinodal_decomp/compare_phi_norms.py , Line : 68, Func.Name : compare_phis_norm_at_timepoint, Message : snapshot = read_specific_lines(f"{root}/{fname}", line_list)', 'File : /sfs/gpfs/tardis/home/xpz5km/Cahn_Hilliard_Model_HPC/spinodal_decomp/compare_phi_norms.py , Line : 19, Func.Name : read_specific_lines, Message : digits.append(float(i))']
Timepoint not recorded. dt_out:2075 is bigger than timepoint: 1160
SAV_Python_2000_dt_5.50e-06_Nx_64_neumann_dtout_1075pphi.csv
Exception type : ValueError 
Exception message : could not convert string to float: '(1.0175222226692187+0j)'
Stack trace : ['File : /sfs/gpfs/tardis/home/xpz5km/Cahn_Hilliard_Model_HPC/spinodal_decomp/compare_phi_norms.py , Line : 68, Func.Name : compare_phis_norm_at_timepoint, Message : snapshot = read_specific_lines(f"{root}/{fname}", line_list)', 'File : /sfs/gpfs/tardis/home/xpz5km/Cahn_Hilliard_Model_HPC/spinodal_decomp/compare_phi_norms.py , Line : 19, Func.Name : read_specific_lines, Message : digits.append(float(i))']
SAV_Python_2000_dt_5.50e-06_Nx_128_neumann_dtout_1075pphi.csv
Exception type : ValueError 
Exception message : could not convert string to float: '(0.9671759147879655+0j)'
Stack trace : ['File : /sfs/gpfs/tardis/home/xpz5km/Cahn_Hilliard_Model_HPC/spinodal_decomp/compare_phi_norms.py , Line : 68, Func.Name : compare_phis_norm_at_timepoint, Message : snapshot = read_specific_lines(f"{root}/{fname}", line_list)', 'File : /sfs/gpfs/tardis/home/xpz5km/Cahn_Hilliard_Model_HPC/spinodal_decomp/compare_phi_norms.py , Line : 19, Func.Name : read_specific_lines, Message : digits.append(float(i))']
SAV_Python_2000_dt_5.50e-06_Nx_64_neumann_dtout_1050pphi.csv
Exception type : ValueError 
Exception message : could not convert string to float: '(1.1441852353927067+0j)'
Stack trace : ['File : /sfs/gpfs/tardis/home/xpz5km/Cahn_Hilliard_Model_HPC/spinodal_decomp/compare_phi_norms.py , Line : 68, Func.Name : compare_phis_norm_at_timepoint, Message : snapshot = read_specific_lines(f"{root}/{fname}", line_list)', 'File : /sfs/gpfs/tardis/home/xpz5km/Cahn_Hilliard_Model_HPC/spinodal_decomp/compare_phi_norms.py , Line : 19, Func.Name : read_specific_lines, Message : digits.append(float(i))']
1200
Timepoint not recorded. dt_out:200025 is bigger than timepoint: 1200
Timepoint not recorded. dt_out:200025 is bigger than timepoint: 1200
Timepoint not recorded. dt_out:200025 is bigger than timepoint: 1200
Timepoint not recorded. dt_out:200025 is bigger than timepoint: 1200
Timepoint not recorded. dt_out:200050 is bigger than timepoint: 1200
Timepoint not recorded. dt_out:200025 is bigger than timepoint: 1200
Timepoint not recorded. dt_out:200050 is bigger than timepoint: 1200
Timepoint not recorded. dt_out:200075 is bigger than timepoint: 1200
Timepoint not recorded. dt_out:200075 is bigger than timepoint: 1200
Timepoint not recorded. dt_out:200075 is bigger than timepoint: 1200
Timepoint not recorded. dt_out:200025 is bigger than timepoint: 1200
Timepoint not recorded. dt_out:200050 is bigger than timepoint: 1200
Timepoint not recorded. dt_out:200025 is bigger than timepoint: 1200
Timepoint not recorded. dt_out:200050 is bigger than timepoint: 1200
Timepoint not recorded. dt_out:200075 is bigger than timepoint: 1200
Timepoint not recorded. dt_out:200025 is bigger than timepoint: 1200
Timepoint not recorded. dt_out:200075 is bigger than timepoint: 1200
Timepoint not recorded. dt_out:200075 is bigger than timepoint: 1200
Timepoint not recorded. dt_out:200025 is bigger than timepoint: 1200
Timepoint not recorded. dt_out:200075 is bigger than timepoint: 1200
Timepoint not recorded. dt_out:200025 is bigger than timepoint: 1200
Timepoint not recorded. dt_out:200075 is bigger than timepoint: 1200
Timepoint not recorded. dt_out:200025 is bigger than timepoint: 1200
Timepoint not recorded. dt_out:200050 is bigger than timepoint: 1200
Timepoint not recorded. dt_out:200075 is bigger than timepoint: 1200
Timepoint not recorded. dt_out:200050 is bigger than timepoint: 1200
Timepoint not recorded. dt_out:200075 is bigger than timepoint: 1200
Timepoint not recorded. dt_out:200025 is bigger than timepoint: 1200
Timepoint not recorded. dt_out:200050 is bigger than timepoint: 1200
Timepoint not recorded. dt_out:200050 is bigger than timepoint: 1200
Timepoint not recorded. dt_out:200050 is bigger than timepoint: 1200
Timepoint not recorded. dt_out:200050 is bigger than timepoint: 1200
Timepoint not recorded. dt_out:200025 is bigger than timepoint: 1200
Timepoint not recorded. dt_out:200050 is bigger than timepoint: 1200
Timepoint not recorded. dt_out:200050 is bigger than timepoint: 1200
Timepoint not recorded. dt_out:200050 is bigger than timepoint: 1200
Timepoint not recorded. dt_out:200075 is bigger than timepoint: 1200
Timepoint not recorded. dt_out:200025 is bigger than timepoint: 1200
Timepoint not recorded. dt_out:200075 is bigger than timepoint: 1200
Timepoint not recorded. dt_out:200050 is bigger than timepoint: 1200
Timepoint not recorded. dt_out:200075 is bigger than timepoint: 1200
Timepoint not recorded. dt_out:200075 is bigger than timepoint: 1200
Timepoint not recorded. dt_out:200075 is bigger than timepoint: 1200
Timepoint not recorded. dt_out:200025 is bigger than timepoint: 1200
Timepoint not recorded. dt_out:200025 is bigger than timepoint: 1200
Timepoint not recorded. dt_out:200075 is bigger than timepoint: 1200
Timepoint not recorded. dt_out:200050 is bigger than timepoint: 1200
Timepoint not recorded. dt_out:200050 is bigger than timepoint: 1200
Timepoint not recorded. dt_out:2075 is bigger than timepoint: 1200
SAV_Python_2000_dt_5.50e-06_Nx_128_periodic_dtout_1050pphi.csv
Exception type : ValueError 
Exception message : could not convert string to float: '(0.04183282921900366+0j)'
Stack trace : ['File : /sfs/gpfs/tardis/home/xpz5km/Cahn_Hilliard_Model_HPC/spinodal_decomp/compare_phi_norms.py , Line : 68, Func.Name : compare_phis_norm_at_timepoint, Message : snapshot = read_specific_lines(f"{root}/{fname}", line_list)', 'File : /sfs/gpfs/tardis/home/xpz5km/Cahn_Hilliard_Model_HPC/spinodal_decomp/compare_phi_norms.py , Line : 19, Func.Name : read_specific_lines, Message : digits.append(float(i))']
Timepoint not recorded. dt_out:200025 is bigger than timepoint: 1200
SAV_Python_2000_dt_5.50e-06_Nx_128_neumann_dtout_1050pphi.csv
Exception type : ValueError 
Exception message : could not convert string to float: '(0.033433712626454004+0j)'
Stack trace : ['File : /sfs/gpfs/tardis/home/xpz5km/Cahn_Hilliard_Model_HPC/spinodal_decomp/compare_phi_norms.py , Line : 68, Func.Name : compare_phis_norm_at_timepoint, Message : snapshot = read_specific_lines(f"{root}/{fname}", line_list)', 'File : /sfs/gpfs/tardis/home/xpz5km/Cahn_Hilliard_Model_HPC/spinodal_decomp/compare_phi_norms.py , Line : 19, Func.Name : read_specific_lines, Message : digits.append(float(i))']
Timepoint not recorded. dt_out:2025 is bigger than timepoint: 1200
Timepoint not recorded. dt_out:200050 is bigger than timepoint: 1200
Timepoint not recorded. dt_out:2025 is bigger than timepoint: 1200
Timepoint not recorded. dt_out:2050 is bigger than timepoint: 1200
Timepoint not recorded. dt_out:200025 is bigger than timepoint: 1200
Timepoint not recorded. dt_out:200075 is bigger than timepoint: 1200
Timepoint not recorded. dt_out:200025 is bigger than timepoint: 1200
SAV_Python_2000_dt_5.50e-06_Nx_64_periodic_dtout_1050pphi.csv
Exception type : ValueError 
Exception message : could not convert string to float: '(0.5993772843432137+0j)'
Stack trace : ['File : /sfs/gpfs/tardis/home/xpz5km/Cahn_Hilliard_Model_HPC/spinodal_decomp/compare_phi_norms.py , Line : 68, Func.Name : compare_phis_norm_at_timepoint, Message : snapshot = read_specific_lines(f"{root}/{fname}", line_list)', 'File : /sfs/gpfs/tardis/home/xpz5km/Cahn_Hilliard_Model_HPC/spinodal_decomp/compare_phi_norms.py , Line : 19, Func.Name : read_specific_lines, Message : digits.append(float(i))']
Timepoint not recorded. dt_out:200075 is bigger than timepoint: 1200
Timepoint not recorded. dt_out:200075 is bigger than timepoint: 1200
Timepoint not recorded. dt_out:200075 is bigger than timepoint: 1200
Timepoint not recorded. dt_out:2050 is bigger than timepoint: 1200
SAV_Python_2000_dt_5.50e-06_Nx_64_periodic_dtout_1075pphi.csv
Exception type : ValueError 
Exception message : could not convert string to float: '(1.0192794476908889+0j)'
Stack trace : ['File : /sfs/gpfs/tardis/home/xpz5km/Cahn_Hilliard_Model_HPC/spinodal_decomp/compare_phi_norms.py , Line : 68, Func.Name : compare_phis_norm_at_timepoint, Message : snapshot = read_specific_lines(f"{root}/{fname}", line_list)', 'File : /sfs/gpfs/tardis/home/xpz5km/Cahn_Hilliard_Model_HPC/spinodal_decomp/compare_phi_norms.py , Line : 19, Func.Name : read_specific_lines, Message : digits.append(float(i))']
Timepoint not recorded. dt_out:200025 is bigger than timepoint: 1200
SAV_Python_2000_dt_5.50e-06_Nx_256_neumann_dtout_1075pphi.csv
Exception type : ValueError 
Exception message : could not convert string to float: '(0.6894370755499335+0j)'
Stack trace : ['File : /sfs/gpfs/tardis/home/xpz5km/Cahn_Hilliard_Model_HPC/spinodal_decomp/compare_phi_norms.py , Line : 68, Func.Name : compare_phis_norm_at_timepoint, Message : snapshot = read_specific_lines(f"{root}/{fname}", line_list)', 'File : /sfs/gpfs/tardis/home/xpz5km/Cahn_Hilliard_Model_HPC/spinodal_decomp/compare_phi_norms.py , Line : 19, Func.Name : read_specific_lines, Message : digits.append(float(i))']
SAV_Python_2000_dt_5.50e-06_Nx_64_periodic_dtout_1025pphi.csv
Exception type : ValueError 
Exception message : could not convert string to float: '(0.20313938786476118+0j)'
Stack trace : ['File : /sfs/gpfs/tardis/home/xpz5km/Cahn_Hilliard_Model_HPC/spinodal_decomp/compare_phi_norms.py , Line : 68, Func.Name : compare_phis_norm_at_timepoint, Message : snapshot = read_specific_lines(f"{root}/{fname}", line_list)', 'File : /sfs/gpfs/tardis/home/xpz5km/Cahn_Hilliard_Model_HPC/spinodal_decomp/compare_phi_norms.py , Line : 19, Func.Name : read_specific_lines, Message : digits.append(float(i))']
SAV_Python_2000_dt_5.50e-06_Nx_512_neumann_dtout_1025pphi.csv
Exception type : ValueError 
Exception message : could not convert string to float: '(-0.2777561419495649+0j)'
Stack trace : ['File : /sfs/gpfs/tardis/home/xpz5km/Cahn_Hilliard_Model_HPC/spinodal_decomp/compare_phi_norms.py , Line : 68, Func.Name : compare_phis_norm_at_timepoint, Message : snapshot = read_specific_lines(f"{root}/{fname}", line_list)', 'File : /sfs/gpfs/tardis/home/xpz5km/Cahn_Hilliard_Model_HPC/spinodal_decomp/compare_phi_norms.py , Line : 19, Func.Name : read_specific_lines, Message : digits.append(float(i))']
SAV_Python_2000_dt_5.50e-06_Nx_256_neumann_dtout_1050pphi.csv
Exception type : ValueError 
Exception message : could not convert string to float: '(0.11010196251848979+0j)'
Stack trace : ['File : /sfs/gpfs/tardis/home/xpz5km/Cahn_Hilliard_Model_HPC/spinodal_decomp/compare_phi_norms.py , Line : 68, Func.Name : compare_phis_norm_at_timepoint, Message : snapshot = read_specific_lines(f"{root}/{fname}", line_list)', 'File : /sfs/gpfs/tardis/home/xpz5km/Cahn_Hilliard_Model_HPC/spinodal_decomp/compare_phi_norms.py , Line : 19, Func.Name : read_specific_lines, Message : digits.append(float(i))']
SAV_Python_2000_dt_5.50e-06_Nx_512_periodic_dtout_1025pphi.csv
Exception type : ValueError 
Exception message : could not convert string to float: '(-0.5522020832160572+0j)'
Stack trace : ['File : /sfs/gpfs/tardis/home/xpz5km/Cahn_Hilliard_Model_HPC/spinodal_decomp/compare_phi_norms.py , Line : 68, Func.Name : compare_phis_norm_at_timepoint, Message : snapshot = read_specific_lines(f"{root}/{fname}", line_list)', 'File : /sfs/gpfs/tardis/home/xpz5km/Cahn_Hilliard_Model_HPC/spinodal_decomp/compare_phi_norms.py , Line : 19, Func.Name : read_specific_lines, Message : digits.append(float(i))']
Timepoint not recorded. dt_out:200050 is bigger than timepoint: 1200
Timepoint not recorded. dt_out:200050 is bigger than timepoint: 1200
SAV_Python_2000_dt_5.50e-06_Nx_512_neumann_dtout_1075pphi.csv
Exception type : ValueError 
Exception message : could not convert string to float: '(0.4784162414710872+0j)'
Stack trace : ['File : /sfs/gpfs/tardis/home/xpz5km/Cahn_Hilliard_Model_HPC/spinodal_decomp/compare_phi_norms.py , Line : 68, Func.Name : compare_phis_norm_at_timepoint, Message : snapshot = read_specific_lines(f"{root}/{fname}", line_list)', 'File : /sfs/gpfs/tardis/home/xpz5km/Cahn_Hilliard_Model_HPC/spinodal_decomp/compare_phi_norms.py , Line : 19, Func.Name : read_specific_lines, Message : digits.append(float(i))']
SAV_Python_2000_dt_5.50e-06_Nx_128_neumann_dtout_1025pphi.csv
Exception type : ValueError 
Exception message : could not convert string to float: '(-0.6667488112393783+0j)'
Stack trace : ['File : /sfs/gpfs/tardis/home/xpz5km/Cahn_Hilliard_Model_HPC/spinodal_decomp/compare_phi_norms.py , Line : 68, Func.Name : compare_phis_norm_at_timepoint, Message : snapshot = read_specific_lines(f"{root}/{fname}", line_list)', 'File : /sfs/gpfs/tardis/home/xpz5km/Cahn_Hilliard_Model_HPC/spinodal_decomp/compare_phi_norms.py , Line : 19, Func.Name : read_specific_lines, Message : digits.append(float(i))']
Timepoint not recorded. dt_out:2050 is bigger than timepoint: 1200
Timepoint not recorded. dt_out:2025 is bigger than timepoint: 1200
Timepoint not recorded. dt_out:200050 is bigger than timepoint: 1200
SAV_Python_2000_dt_5.50e-06_Nx_512_periodic_dtout_1050pphi.csv
Exception type : ValueError 
Exception message : could not convert string to float: '(0.3955361777773761+0j)'
Stack trace : ['File : /sfs/gpfs/tardis/home/xpz5km/Cahn_Hilliard_Model_HPC/spinodal_decomp/compare_phi_norms.py , Line : 68, Func.Name : compare_phis_norm_at_timepoint, Message : snapshot = read_specific_lines(f"{root}/{fname}", line_list)', 'File : /sfs/gpfs/tardis/home/xpz5km/Cahn_Hilliard_Model_HPC/spinodal_decomp/compare_phi_norms.py , Line : 19, Func.Name : read_specific_lines, Message : digits.append(float(i))']
Timepoint not recorded. dt_out:200075 is bigger than timepoint: 1200
Timepoint not recorded. dt_out:2025 is bigger than timepoint: 1200
Timepoint not recorded. dt_out:2050 is bigger than timepoint: 1200
Timepoint not recorded. dt_out:2075 is bigger than timepoint: 1200
Timepoint not recorded. dt_out:200025 is bigger than timepoint: 1200
Timepoint not recorded. dt_out:200025 is bigger than timepoint: 1200
SAV_Python_2000_dt_5.50e-06_Nx_256_neumann_dtout_1025pphi.csv
Exception type : ValueError 
Exception message : could not convert string to float: '(-0.24447563692524554+0j)'
Stack trace : ['File : /sfs/gpfs/tardis/home/xpz5km/Cahn_Hilliard_Model_HPC/spinodal_decomp/compare_phi_norms.py , Line : 68, Func.Name : compare_phis_norm_at_timepoint, Message : snapshot = read_specific_lines(f"{root}/{fname}", line_list)', 'File : /sfs/gpfs/tardis/home/xpz5km/Cahn_Hilliard_Model_HPC/spinodal_decomp/compare_phi_norms.py , Line : 19, Func.Name : read_specific_lines, Message : digits.append(float(i))']
Timepoint not recorded. dt_out:2050 is bigger than timepoint: 1200
Timepoint not recorded. dt_out:200075 is bigger than timepoint: 1200
SAV_Python_2000_dt_5.50e-06_Nx_512_periodic_dtout_1075pphi.csv
Exception type : ValueError 
Exception message : could not convert string to float: '(0.5566632223888381+0j)'
Stack trace : ['File : /sfs/gpfs/tardis/home/xpz5km/Cahn_Hilliard_Model_HPC/spinodal_decomp/compare_phi_norms.py , Line : 68, Func.Name : compare_phis_norm_at_timepoint, Message : snapshot = read_specific_lines(f"{root}/{fname}", line_list)', 'File : /sfs/gpfs/tardis/home/xpz5km/Cahn_Hilliard_Model_HPC/spinodal_decomp/compare_phi_norms.py , Line : 19, Func.Name : read_specific_lines, Message : digits.append(float(i))']
SAV_Python_2000_dt_5.50e-06_Nx_128_periodic_dtout_1075pphi.csv
Exception type : ValueError 
Exception message : could not convert string to float: '(0.4728271123173694+0j)'
Stack trace : ['File : /sfs/gpfs/tardis/home/xpz5km/Cahn_Hilliard_Model_HPC/spinodal_decomp/compare_phi_norms.py , Line : 68, Func.Name : compare_phis_norm_at_timepoint, Message : snapshot = read_specific_lines(f"{root}/{fname}", line_list)', 'File : /sfs/gpfs/tardis/home/xpz5km/Cahn_Hilliard_Model_HPC/spinodal_decomp/compare_phi_norms.py , Line : 19, Func.Name : read_specific_lines, Message : digits.append(float(i))']
Timepoint not recorded. dt_out:200025 is bigger than timepoint: 1200
Timepoint not recorded. dt_out:2075 is bigger than timepoint: 1200
Timepoint not recorded. dt_out:200050 is bigger than timepoint: 1200
Timepoint not recorded. dt_out:200050 is bigger than timepoint: 1200
Timepoint not recorded. dt_out:2075 is bigger than timepoint: 1200
Timepoint not recorded. dt_out:2025 is bigger than timepoint: 1200
Timepoint not recorded. dt_out:2075 is bigger than timepoint: 1200
SAV_Python_2000_dt_5.50e-06_Nx_128_periodic_dtout_1025pphi.csv
Exception type : ValueError 
Exception message : could not convert string to float: '(-0.6878007132134127+0j)'
Stack trace : ['File : /sfs/gpfs/tardis/home/xpz5km/Cahn_Hilliard_Model_HPC/spinodal_decomp/compare_phi_norms.py , Line : 68, Func.Name : compare_phis_norm_at_timepoint, Message : snapshot = read_specific_lines(f"{root}/{fname}", line_list)', 'File : /sfs/gpfs/tardis/home/xpz5km/Cahn_Hilliard_Model_HPC/spinodal_decomp/compare_phi_norms.py , Line : 19, Func.Name : read_specific_lines, Message : digits.append(float(i))']
SAV_Python_2000_dt_5.50e-06_Nx_64_neumann_dtout_1025pphi.csv
Exception type : ValueError 
Exception message : could not convert string to float: '(-0.5323701472884221+0j)'
Stack trace : ['File : /sfs/gpfs/tardis/home/xpz5km/Cahn_Hilliard_Model_HPC/spinodal_decomp/compare_phi_norms.py , Line : 68, Func.Name : compare_phis_norm_at_timepoint, Message : snapshot = read_specific_lines(f"{root}/{fname}", line_list)', 'File : /sfs/gpfs/tardis/home/xpz5km/Cahn_Hilliard_Model_HPC/spinodal_decomp/compare_phi_norms.py , Line : 19, Func.Name : read_specific_lines, Message : digits.append(float(i))']
Timepoint not recorded. dt_out:200050 is bigger than timepoint: 1200
Timepoint not recorded. dt_out:2075 is bigger than timepoint: 1200
Timepoint not recorded. dt_out:2025 is bigger than timepoint: 1200
SAV_Python_2000_dt_5.50e-06_Nx_256_periodic_dtout_1025pphi.csv
Exception type : ValueError 
Exception message : could not convert string to float: '(-0.3723259548870648+0j)'
Stack trace : ['File : /sfs/gpfs/tardis/home/xpz5km/Cahn_Hilliard_Model_HPC/spinodal_decomp/compare_phi_norms.py , Line : 68, Func.Name : compare_phis_norm_at_timepoint, Message : snapshot = read_specific_lines(f"{root}/{fname}", line_list)', 'File : /sfs/gpfs/tardis/home/xpz5km/Cahn_Hilliard_Model_HPC/spinodal_decomp/compare_phi_norms.py , Line : 19, Func.Name : read_specific_lines, Message : digits.append(float(i))']
Timepoint not recorded. dt_out:200075 is bigger than timepoint: 1200
Timepoint not recorded. dt_out:2050 is bigger than timepoint: 1200
Timepoint not recorded. dt_out:2050 is bigger than timepoint: 1200
SAV_Python_2000_dt_5.50e-06_Nx_256_periodic_dtout_1075pphi.csv
Exception type : ValueError 
Exception message : could not convert string to float: '(0.6223920954626984+0j)'
Stack trace : ['File : /sfs/gpfs/tardis/home/xpz5km/Cahn_Hilliard_Model_HPC/spinodal_decomp/compare_phi_norms.py , Line : 68, Func.Name : compare_phis_norm_at_timepoint, Message : snapshot = read_specific_lines(f"{root}/{fname}", line_list)', 'File : /sfs/gpfs/tardis/home/xpz5km/Cahn_Hilliard_Model_HPC/spinodal_decomp/compare_phi_norms.py , Line : 19, Func.Name : read_specific_lines, Message : digits.append(float(i))']
Timepoint not recorded. dt_out:200050 is bigger than timepoint: 1200
Timepoint not recorded. dt_out:2050 is bigger than timepoint: 1200
Timepoint not recorded. dt_out:200025 is bigger than timepoint: 1200
Timepoint not recorded. dt_out:2075 is bigger than timepoint: 1200
Timepoint not recorded. dt_out:2025 is bigger than timepoint: 1200
SAV_Python_2000_dt_5.50e-06_Nx_512_neumann_dtout_1050pphi.csv
Exception type : ValueError 
Exception message : could not convert string to float: '(0.184607882255544+0j)'
Stack trace : ['File : /sfs/gpfs/tardis/home/xpz5km/Cahn_Hilliard_Model_HPC/spinodal_decomp/compare_phi_norms.py , Line : 68, Func.Name : compare_phis_norm_at_timepoint, Message : snapshot = read_specific_lines(f"{root}/{fname}", line_list)', 'File : /sfs/gpfs/tardis/home/xpz5km/Cahn_Hilliard_Model_HPC/spinodal_decomp/compare_phi_norms.py , Line : 19, Func.Name : read_specific_lines, Message : digits.append(float(i))']
Timepoint not recorded. dt_out:200075 is bigger than timepoint: 1200
Timepoint not recorded. dt_out:2025 is bigger than timepoint: 1200
SAV_Python_2000_dt_5.50e-06_Nx_256_periodic_dtout_1050pphi.csv
Exception type : ValueError 
Exception message : could not convert string to float: '(0.1228137176933183+0j)'
Stack trace : ['File : /sfs/gpfs/tardis/home/xpz5km/Cahn_Hilliard_Model_HPC/spinodal_decomp/compare_phi_norms.py , Line : 68, Func.Name : compare_phis_norm_at_timepoint, Message : snapshot = read_specific_lines(f"{root}/{fname}", line_list)', 'File : /sfs/gpfs/tardis/home/xpz5km/Cahn_Hilliard_Model_HPC/spinodal_decomp/compare_phi_norms.py , Line : 19, Func.Name : read_specific_lines, Message : digits.append(float(i))']
Timepoint not recorded. dt_out:2075 is bigger than timepoint: 1200
SAV_Python_2000_dt_5.50e-06_Nx_64_neumann_dtout_1075pphi.csv
Exception type : ValueError 
Exception message : could not convert string to float: '(0.9990030927815613+0j)'
Stack trace : ['File : /sfs/gpfs/tardis/home/xpz5km/Cahn_Hilliard_Model_HPC/spinodal_decomp/compare_phi_norms.py , Line : 68, Func.Name : compare_phis_norm_at_timepoint, Message : snapshot = read_specific_lines(f"{root}/{fname}", line_list)', 'File : /sfs/gpfs/tardis/home/xpz5km/Cahn_Hilliard_Model_HPC/spinodal_decomp/compare_phi_norms.py , Line : 19, Func.Name : read_specific_lines, Message : digits.append(float(i))']
SAV_Python_2000_dt_5.50e-06_Nx_128_neumann_dtout_1075pphi.csv
Exception type : ValueError 
Exception message : could not convert string to float: '(-0.26250296779865917+0j)'
Stack trace : ['File : /sfs/gpfs/tardis/home/xpz5km/Cahn_Hilliard_Model_HPC/spinodal_decomp/compare_phi_norms.py , Line : 68, Func.Name : compare_phis_norm_at_timepoint, Message : snapshot = read_specific_lines(f"{root}/{fname}", line_list)', 'File : /sfs/gpfs/tardis/home/xpz5km/Cahn_Hilliard_Model_HPC/spinodal_decomp/compare_phi_norms.py , Line : 19, Func.Name : read_specific_lines, Message : digits.append(float(i))']
SAV_Python_2000_dt_5.50e-06_Nx_64_neumann_dtout_1050pphi.csv
Exception type : ValueError 
Exception message : could not convert string to float: '(0.09026649247643592+0j)'
Stack trace : ['File : /sfs/gpfs/tardis/home/xpz5km/Cahn_Hilliard_Model_HPC/spinodal_decomp/compare_phi_norms.py , Line : 68, Func.Name : compare_phis_norm_at_timepoint, Message : snapshot = read_specific_lines(f"{root}/{fname}", line_list)', 'File : /sfs/gpfs/tardis/home/xpz5km/Cahn_Hilliard_Model_HPC/spinodal_decomp/compare_phi_norms.py , Line : 19, Func.Name : read_specific_lines, Message : digits.append(float(i))']
1240
Timepoint not recorded. dt_out:200025 is bigger than timepoint: 1240
Timepoint not recorded. dt_out:200025 is bigger than timepoint: 1240
Timepoint not recorded. dt_out:200025 is bigger than timepoint: 1240
Timepoint not recorded. dt_out:200025 is bigger than timepoint: 1240
Timepoint not recorded. dt_out:200050 is bigger than timepoint: 1240
Timepoint not recorded. dt_out:200025 is bigger than timepoint: 1240
Timepoint not recorded. dt_out:200050 is bigger than timepoint: 1240
Timepoint not recorded. dt_out:200075 is bigger than timepoint: 1240
Timepoint not recorded. dt_out:200075 is bigger than timepoint: 1240
Timepoint not recorded. dt_out:200075 is bigger than timepoint: 1240
Timepoint not recorded. dt_out:200025 is bigger than timepoint: 1240
Timepoint not recorded. dt_out:200050 is bigger than timepoint: 1240
Timepoint not recorded. dt_out:200025 is bigger than timepoint: 1240
Timepoint not recorded. dt_out:200050 is bigger than timepoint: 1240
Timepoint not recorded. dt_out:200075 is bigger than timepoint: 1240
Timepoint not recorded. dt_out:200025 is bigger than timepoint: 1240
Timepoint not recorded. dt_out:200075 is bigger than timepoint: 1240
Timepoint not recorded. dt_out:200075 is bigger than timepoint: 1240
Timepoint not recorded. dt_out:200025 is bigger than timepoint: 1240
Timepoint not recorded. dt_out:200075 is bigger than timepoint: 1240
Timepoint not recorded. dt_out:200025 is bigger than timepoint: 1240
Timepoint not recorded. dt_out:200075 is bigger than timepoint: 1240
Timepoint not recorded. dt_out:200025 is bigger than timepoint: 1240
Timepoint not recorded. dt_out:200050 is bigger than timepoint: 1240
Timepoint not recorded. dt_out:200075 is bigger than timepoint: 1240
Timepoint not recorded. dt_out:200050 is bigger than timepoint: 1240
Timepoint not recorded. dt_out:200075 is bigger than timepoint: 1240
Timepoint not recorded. dt_out:200025 is bigger than timepoint: 1240
Timepoint not recorded. dt_out:200050 is bigger than timepoint: 1240
Timepoint not recorded. dt_out:200050 is bigger than timepoint: 1240
Timepoint not recorded. dt_out:200050 is bigger than timepoint: 1240
Timepoint not recorded. dt_out:200050 is bigger than timepoint: 1240
Timepoint not recorded. dt_out:200025 is bigger than timepoint: 1240
Timepoint not recorded. dt_out:200050 is bigger than timepoint: 1240
Timepoint not recorded. dt_out:200050 is bigger than timepoint: 1240
Timepoint not recorded. dt_out:200050 is bigger than timepoint: 1240
Timepoint not recorded. dt_out:200075 is bigger than timepoint: 1240
Timepoint not recorded. dt_out:200025 is bigger than timepoint: 1240
Timepoint not recorded. dt_out:200075 is bigger than timepoint: 1240
Timepoint not recorded. dt_out:200050 is bigger than timepoint: 1240
Timepoint not recorded. dt_out:200075 is bigger than timepoint: 1240
Timepoint not recorded. dt_out:200075 is bigger than timepoint: 1240
Timepoint not recorded. dt_out:200075 is bigger than timepoint: 1240
Timepoint not recorded. dt_out:200025 is bigger than timepoint: 1240
Timepoint not recorded. dt_out:200025 is bigger than timepoint: 1240
Timepoint not recorded. dt_out:200075 is bigger than timepoint: 1240
Timepoint not recorded. dt_out:200050 is bigger than timepoint: 1240
Timepoint not recorded. dt_out:200050 is bigger than timepoint: 1240
Timepoint not recorded. dt_out:2075 is bigger than timepoint: 1240
SAV_Python_2000_dt_5.50e-06_Nx_128_periodic_dtout_1050pphi.csv
Exception type : ValueError 
Exception message : could not convert string to float: '(-0.03455906475948143+0j)'
Stack trace : ['File : /sfs/gpfs/tardis/home/xpz5km/Cahn_Hilliard_Model_HPC/spinodal_decomp/compare_phi_norms.py , Line : 68, Func.Name : compare_phis_norm_at_timepoint, Message : snapshot = read_specific_lines(f"{root}/{fname}", line_list)', 'File : /sfs/gpfs/tardis/home/xpz5km/Cahn_Hilliard_Model_HPC/spinodal_decomp/compare_phi_norms.py , Line : 19, Func.Name : read_specific_lines, Message : digits.append(float(i))']
Timepoint not recorded. dt_out:200025 is bigger than timepoint: 1240
SAV_Python_2000_dt_5.50e-06_Nx_128_neumann_dtout_1050pphi.csv
Exception type : ValueError 
Exception message : could not convert string to float: '(-0.2358710728490679+0j)'
Stack trace : ['File : /sfs/gpfs/tardis/home/xpz5km/Cahn_Hilliard_Model_HPC/spinodal_decomp/compare_phi_norms.py , Line : 68, Func.Name : compare_phis_norm_at_timepoint, Message : snapshot = read_specific_lines(f"{root}/{fname}", line_list)', 'File : /sfs/gpfs/tardis/home/xpz5km/Cahn_Hilliard_Model_HPC/spinodal_decomp/compare_phi_norms.py , Line : 19, Func.Name : read_specific_lines, Message : digits.append(float(i))']
Timepoint not recorded. dt_out:2025 is bigger than timepoint: 1240
Timepoint not recorded. dt_out:200050 is bigger than timepoint: 1240
Timepoint not recorded. dt_out:2025 is bigger than timepoint: 1240
Timepoint not recorded. dt_out:2050 is bigger than timepoint: 1240
Timepoint not recorded. dt_out:200025 is bigger than timepoint: 1240
Timepoint not recorded. dt_out:200075 is bigger than timepoint: 1240
Timepoint not recorded. dt_out:200025 is bigger than timepoint: 1240
SAV_Python_2000_dt_5.50e-06_Nx_64_periodic_dtout_1050pphi.csv
Exception type : ValueError 
Exception message : could not convert string to float: '(0.44234772099532205+0j)'
Stack trace : ['File : /sfs/gpfs/tardis/home/xpz5km/Cahn_Hilliard_Model_HPC/spinodal_decomp/compare_phi_norms.py , Line : 68, Func.Name : compare_phis_norm_at_timepoint, Message : snapshot = read_specific_lines(f"{root}/{fname}", line_list)', 'File : /sfs/gpfs/tardis/home/xpz5km/Cahn_Hilliard_Model_HPC/spinodal_decomp/compare_phi_norms.py , Line : 19, Func.Name : read_specific_lines, Message : digits.append(float(i))']
Timepoint not recorded. dt_out:200075 is bigger than timepoint: 1240
Timepoint not recorded. dt_out:200075 is bigger than timepoint: 1240
Timepoint not recorded. dt_out:200075 is bigger than timepoint: 1240
Timepoint not recorded. dt_out:2050 is bigger than timepoint: 1240
SAV_Python_2000_dt_5.50e-06_Nx_64_periodic_dtout_1075pphi.csv
Exception type : ValueError 
Exception message : could not convert string to float: '(1.0162866583642491+0j)'
Stack trace : ['File : /sfs/gpfs/tardis/home/xpz5km/Cahn_Hilliard_Model_HPC/spinodal_decomp/compare_phi_norms.py , Line : 68, Func.Name : compare_phis_norm_at_timepoint, Message : snapshot = read_specific_lines(f"{root}/{fname}", line_list)', 'File : /sfs/gpfs/tardis/home/xpz5km/Cahn_Hilliard_Model_HPC/spinodal_decomp/compare_phi_norms.py , Line : 19, Func.Name : read_specific_lines, Message : digits.append(float(i))']
Timepoint not recorded. dt_out:200025 is bigger than timepoint: 1240
SAV_Python_2000_dt_5.50e-06_Nx_256_neumann_dtout_1075pphi.csv
Exception type : ValueError 
Exception message : could not convert string to float: '(0.6246260097465264+0j)'
Stack trace : ['File : /sfs/gpfs/tardis/home/xpz5km/Cahn_Hilliard_Model_HPC/spinodal_decomp/compare_phi_norms.py , Line : 68, Func.Name : compare_phis_norm_at_timepoint, Message : snapshot = read_specific_lines(f"{root}/{fname}", line_list)', 'File : /sfs/gpfs/tardis/home/xpz5km/Cahn_Hilliard_Model_HPC/spinodal_decomp/compare_phi_norms.py , Line : 19, Func.Name : read_specific_lines, Message : digits.append(float(i))']
SAV_Python_2000_dt_5.50e-06_Nx_64_periodic_dtout_1025pphi.csv
Exception type : ValueError 
Exception message : could not convert string to float: '(-0.962779763284041+0j)'
Stack trace : ['File : /sfs/gpfs/tardis/home/xpz5km/Cahn_Hilliard_Model_HPC/spinodal_decomp/compare_phi_norms.py , Line : 68, Func.Name : compare_phis_norm_at_timepoint, Message : snapshot = read_specific_lines(f"{root}/{fname}", line_list)', 'File : /sfs/gpfs/tardis/home/xpz5km/Cahn_Hilliard_Model_HPC/spinodal_decomp/compare_phi_norms.py , Line : 19, Func.Name : read_specific_lines, Message : digits.append(float(i))']
SAV_Python_2000_dt_5.50e-06_Nx_512_neumann_dtout_1025pphi.csv
Exception type : ValueError 
Exception message : could not convert string to float: '(-0.45823805416408775+0j)'
Stack trace : ['File : /sfs/gpfs/tardis/home/xpz5km/Cahn_Hilliard_Model_HPC/spinodal_decomp/compare_phi_norms.py , Line : 68, Func.Name : compare_phis_norm_at_timepoint, Message : snapshot = read_specific_lines(f"{root}/{fname}", line_list)', 'File : /sfs/gpfs/tardis/home/xpz5km/Cahn_Hilliard_Model_HPC/spinodal_decomp/compare_phi_norms.py , Line : 19, Func.Name : read_specific_lines, Message : digits.append(float(i))']
SAV_Python_2000_dt_5.50e-06_Nx_256_neumann_dtout_1050pphi.csv
Exception type : ValueError 
Exception message : could not convert string to float: '(0.21089324496696868+0j)'
Stack trace : ['File : /sfs/gpfs/tardis/home/xpz5km/Cahn_Hilliard_Model_HPC/spinodal_decomp/compare_phi_norms.py , Line : 68, Func.Name : compare_phis_norm_at_timepoint, Message : snapshot = read_specific_lines(f"{root}/{fname}", line_list)', 'File : /sfs/gpfs/tardis/home/xpz5km/Cahn_Hilliard_Model_HPC/spinodal_decomp/compare_phi_norms.py , Line : 19, Func.Name : read_specific_lines, Message : digits.append(float(i))']
SAV_Python_2000_dt_5.50e-06_Nx_512_periodic_dtout_1025pphi.csv
Exception type : ValueError 
Exception message : could not convert string to float: '(-0.6366217601794275+0j)'
Stack trace : ['File : /sfs/gpfs/tardis/home/xpz5km/Cahn_Hilliard_Model_HPC/spinodal_decomp/compare_phi_norms.py , Line : 68, Func.Name : compare_phis_norm_at_timepoint, Message : snapshot = read_specific_lines(f"{root}/{fname}", line_list)', 'File : /sfs/gpfs/tardis/home/xpz5km/Cahn_Hilliard_Model_HPC/spinodal_decomp/compare_phi_norms.py , Line : 19, Func.Name : read_specific_lines, Message : digits.append(float(i))']
Timepoint not recorded. dt_out:200050 is bigger than timepoint: 1240
Timepoint not recorded. dt_out:200050 is bigger than timepoint: 1240
SAV_Python_2000_dt_5.50e-06_Nx_512_neumann_dtout_1075pphi.csv
Exception type : ValueError 
Exception message : could not convert string to float: '(0.2515917263102386+0j)'
Stack trace : ['File : /sfs/gpfs/tardis/home/xpz5km/Cahn_Hilliard_Model_HPC/spinodal_decomp/compare_phi_norms.py , Line : 68, Func.Name : compare_phis_norm_at_timepoint, Message : snapshot = read_specific_lines(f"{root}/{fname}", line_list)', 'File : /sfs/gpfs/tardis/home/xpz5km/Cahn_Hilliard_Model_HPC/spinodal_decomp/compare_phi_norms.py , Line : 19, Func.Name : read_specific_lines, Message : digits.append(float(i))']
SAV_Python_2000_dt_5.50e-06_Nx_128_neumann_dtout_1025pphi.csv
Exception type : ValueError 
Exception message : could not convert string to float: '(-0.33877657409766193+0j)'
Stack trace : ['File : /sfs/gpfs/tardis/home/xpz5km/Cahn_Hilliard_Model_HPC/spinodal_decomp/compare_phi_norms.py , Line : 68, Func.Name : compare_phis_norm_at_timepoint, Message : snapshot = read_specific_lines(f"{root}/{fname}", line_list)', 'File : /sfs/gpfs/tardis/home/xpz5km/Cahn_Hilliard_Model_HPC/spinodal_decomp/compare_phi_norms.py , Line : 19, Func.Name : read_specific_lines, Message : digits.append(float(i))']
Timepoint not recorded. dt_out:2050 is bigger than timepoint: 1240
Timepoint not recorded. dt_out:2025 is bigger than timepoint: 1240
Timepoint not recorded. dt_out:200050 is bigger than timepoint: 1240
SAV_Python_2000_dt_5.50e-06_Nx_512_periodic_dtout_1050pphi.csv
Exception type : ValueError 
Exception message : could not convert string to float: '(0.03590531236444086+0j)'
Stack trace : ['File : /sfs/gpfs/tardis/home/xpz5km/Cahn_Hilliard_Model_HPC/spinodal_decomp/compare_phi_norms.py , Line : 68, Func.Name : compare_phis_norm_at_timepoint, Message : snapshot = read_specific_lines(f"{root}/{fname}", line_list)', 'File : /sfs/gpfs/tardis/home/xpz5km/Cahn_Hilliard_Model_HPC/spinodal_decomp/compare_phi_norms.py , Line : 19, Func.Name : read_specific_lines, Message : digits.append(float(i))']
Timepoint not recorded. dt_out:200075 is bigger than timepoint: 1240
Timepoint not recorded. dt_out:2025 is bigger than timepoint: 1240
Timepoint not recorded. dt_out:2050 is bigger than timepoint: 1240
Timepoint not recorded. dt_out:2075 is bigger than timepoint: 1240
Timepoint not recorded. dt_out:200025 is bigger than timepoint: 1240
Timepoint not recorded. dt_out:200025 is bigger than timepoint: 1240
SAV_Python_2000_dt_5.50e-06_Nx_256_neumann_dtout_1025pphi.csv
Exception type : ValueError 
Exception message : could not convert string to float: '(-0.5396434023703972+0j)'
Stack trace : ['File : /sfs/gpfs/tardis/home/xpz5km/Cahn_Hilliard_Model_HPC/spinodal_decomp/compare_phi_norms.py , Line : 68, Func.Name : compare_phis_norm_at_timepoint, Message : snapshot = read_specific_lines(f"{root}/{fname}", line_list)', 'File : /sfs/gpfs/tardis/home/xpz5km/Cahn_Hilliard_Model_HPC/spinodal_decomp/compare_phi_norms.py , Line : 19, Func.Name : read_specific_lines, Message : digits.append(float(i))']
Timepoint not recorded. dt_out:2050 is bigger than timepoint: 1240
Timepoint not recorded. dt_out:200075 is bigger than timepoint: 1240
SAV_Python_2000_dt_5.50e-06_Nx_512_periodic_dtout_1075pphi.csv
Exception type : ValueError 
Exception message : could not convert string to float: '(0.4078688574261759+0j)'
Stack trace : ['File : /sfs/gpfs/tardis/home/xpz5km/Cahn_Hilliard_Model_HPC/spinodal_decomp/compare_phi_norms.py , Line : 68, Func.Name : compare_phis_norm_at_timepoint, Message : snapshot = read_specific_lines(f"{root}/{fname}", line_list)', 'File : /sfs/gpfs/tardis/home/xpz5km/Cahn_Hilliard_Model_HPC/spinodal_decomp/compare_phi_norms.py , Line : 19, Func.Name : read_specific_lines, Message : digits.append(float(i))']
SAV_Python_2000_dt_5.50e-06_Nx_128_periodic_dtout_1075pphi.csv
Exception type : ValueError 
Exception message : could not convert string to float: '(0.4908069852783696+0j)'
Stack trace : ['File : /sfs/gpfs/tardis/home/xpz5km/Cahn_Hilliard_Model_HPC/spinodal_decomp/compare_phi_norms.py , Line : 68, Func.Name : compare_phis_norm_at_timepoint, Message : snapshot = read_specific_lines(f"{root}/{fname}", line_list)', 'File : /sfs/gpfs/tardis/home/xpz5km/Cahn_Hilliard_Model_HPC/spinodal_decomp/compare_phi_norms.py , Line : 19, Func.Name : read_specific_lines, Message : digits.append(float(i))']
Timepoint not recorded. dt_out:200025 is bigger than timepoint: 1240
Timepoint not recorded. dt_out:2075 is bigger than timepoint: 1240
Timepoint not recorded. dt_out:200050 is bigger than timepoint: 1240
Timepoint not recorded. dt_out:200050 is bigger than timepoint: 1240
Timepoint not recorded. dt_out:2075 is bigger than timepoint: 1240
Timepoint not recorded. dt_out:2025 is bigger than timepoint: 1240
Timepoint not recorded. dt_out:2075 is bigger than timepoint: 1240
SAV_Python_2000_dt_5.50e-06_Nx_128_periodic_dtout_1025pphi.csv
Exception type : ValueError 
Exception message : could not convert string to float: '(-0.3072995827415128+0j)'
Stack trace : ['File : /sfs/gpfs/tardis/home/xpz5km/Cahn_Hilliard_Model_HPC/spinodal_decomp/compare_phi_norms.py , Line : 68, Func.Name : compare_phis_norm_at_timepoint, Message : snapshot = read_specific_lines(f"{root}/{fname}", line_list)', 'File : /sfs/gpfs/tardis/home/xpz5km/Cahn_Hilliard_Model_HPC/spinodal_decomp/compare_phi_norms.py , Line : 19, Func.Name : read_specific_lines, Message : digits.append(float(i))']
SAV_Python_2000_dt_5.50e-06_Nx_64_neumann_dtout_1025pphi.csv
Exception type : ValueError 
Exception message : could not convert string to float: '(-1.0298763289720594+0j)'
Stack trace : ['File : /sfs/gpfs/tardis/home/xpz5km/Cahn_Hilliard_Model_HPC/spinodal_decomp/compare_phi_norms.py , Line : 68, Func.Name : compare_phis_norm_at_timepoint, Message : snapshot = read_specific_lines(f"{root}/{fname}", line_list)', 'File : /sfs/gpfs/tardis/home/xpz5km/Cahn_Hilliard_Model_HPC/spinodal_decomp/compare_phi_norms.py , Line : 19, Func.Name : read_specific_lines, Message : digits.append(float(i))']
Timepoint not recorded. dt_out:200050 is bigger than timepoint: 1240
Timepoint not recorded. dt_out:2075 is bigger than timepoint: 1240
Timepoint not recorded. dt_out:2025 is bigger than timepoint: 1240
SAV_Python_2000_dt_5.50e-06_Nx_256_periodic_dtout_1025pphi.csv
Exception type : ValueError 
Exception message : could not convert string to float: '(-0.540174661356598+0j)'
Stack trace : ['File : /sfs/gpfs/tardis/home/xpz5km/Cahn_Hilliard_Model_HPC/spinodal_decomp/compare_phi_norms.py , Line : 68, Func.Name : compare_phis_norm_at_timepoint, Message : snapshot = read_specific_lines(f"{root}/{fname}", line_list)', 'File : /sfs/gpfs/tardis/home/xpz5km/Cahn_Hilliard_Model_HPC/spinodal_decomp/compare_phi_norms.py , Line : 19, Func.Name : read_specific_lines, Message : digits.append(float(i))']
Timepoint not recorded. dt_out:200075 is bigger than timepoint: 1240
Timepoint not recorded. dt_out:2050 is bigger than timepoint: 1240
Timepoint not recorded. dt_out:2050 is bigger than timepoint: 1240
SAV_Python_2000_dt_5.50e-06_Nx_256_periodic_dtout_1075pphi.csv
Exception type : ValueError 
Exception message : could not convert string to float: '(0.3776322999385867+0j)'
Stack trace : ['File : /sfs/gpfs/tardis/home/xpz5km/Cahn_Hilliard_Model_HPC/spinodal_decomp/compare_phi_norms.py , Line : 68, Func.Name : compare_phis_norm_at_timepoint, Message : snapshot = read_specific_lines(f"{root}/{fname}", line_list)', 'File : /sfs/gpfs/tardis/home/xpz5km/Cahn_Hilliard_Model_HPC/spinodal_decomp/compare_phi_norms.py , Line : 19, Func.Name : read_specific_lines, Message : digits.append(float(i))']
Timepoint not recorded. dt_out:200050 is bigger than timepoint: 1240
Timepoint not recorded. dt_out:2050 is bigger than timepoint: 1240
Timepoint not recorded. dt_out:200025 is bigger than timepoint: 1240
Timepoint not recorded. dt_out:2075 is bigger than timepoint: 1240
Timepoint not recorded. dt_out:2025 is bigger than timepoint: 1240
SAV_Python_2000_dt_5.50e-06_Nx_512_neumann_dtout_1050pphi.csv
Exception type : ValueError 
Exception message : could not convert string to float: '(0.09314423835445011+0j)'
Stack trace : ['File : /sfs/gpfs/tardis/home/xpz5km/Cahn_Hilliard_Model_HPC/spinodal_decomp/compare_phi_norms.py , Line : 68, Func.Name : compare_phis_norm_at_timepoint, Message : snapshot = read_specific_lines(f"{root}/{fname}", line_list)', 'File : /sfs/gpfs/tardis/home/xpz5km/Cahn_Hilliard_Model_HPC/spinodal_decomp/compare_phi_norms.py , Line : 19, Func.Name : read_specific_lines, Message : digits.append(float(i))']
Timepoint not recorded. dt_out:200075 is bigger than timepoint: 1240
Timepoint not recorded. dt_out:2025 is bigger than timepoint: 1240
SAV_Python_2000_dt_5.50e-06_Nx_256_periodic_dtout_1050pphi.csv
Exception type : ValueError 
Exception message : could not convert string to float: '(0.1783018978663289+0j)'
Stack trace : ['File : /sfs/gpfs/tardis/home/xpz5km/Cahn_Hilliard_Model_HPC/spinodal_decomp/compare_phi_norms.py , Line : 68, Func.Name : compare_phis_norm_at_timepoint, Message : snapshot = read_specific_lines(f"{root}/{fname}", line_list)', 'File : /sfs/gpfs/tardis/home/xpz5km/Cahn_Hilliard_Model_HPC/spinodal_decomp/compare_phi_norms.py , Line : 19, Func.Name : read_specific_lines, Message : digits.append(float(i))']
Timepoint not recorded. dt_out:2075 is bigger than timepoint: 1240
SAV_Python_2000_dt_5.50e-06_Nx_64_neumann_dtout_1075pphi.csv
Exception type : ValueError 
Exception message : could not convert string to float: '(1.015446123165409+0j)'
Stack trace : ['File : /sfs/gpfs/tardis/home/xpz5km/Cahn_Hilliard_Model_HPC/spinodal_decomp/compare_phi_norms.py , Line : 68, Func.Name : compare_phis_norm_at_timepoint, Message : snapshot = read_specific_lines(f"{root}/{fname}", line_list)', 'File : /sfs/gpfs/tardis/home/xpz5km/Cahn_Hilliard_Model_HPC/spinodal_decomp/compare_phi_norms.py , Line : 19, Func.Name : read_specific_lines, Message : digits.append(float(i))']
SAV_Python_2000_dt_5.50e-06_Nx_128_neumann_dtout_1075pphi.csv
Exception type : ValueError 
Exception message : could not convert string to float: '(0.6050626242182097+0j)'
Stack trace : ['File : /sfs/gpfs/tardis/home/xpz5km/Cahn_Hilliard_Model_HPC/spinodal_decomp/compare_phi_norms.py , Line : 68, Func.Name : compare_phis_norm_at_timepoint, Message : snapshot = read_specific_lines(f"{root}/{fname}", line_list)', 'File : /sfs/gpfs/tardis/home/xpz5km/Cahn_Hilliard_Model_HPC/spinodal_decomp/compare_phi_norms.py , Line : 19, Func.Name : read_specific_lines, Message : digits.append(float(i))']
SAV_Python_2000_dt_5.50e-06_Nx_64_neumann_dtout_1050pphi.csv
Exception type : ValueError 
Exception message : could not convert string to float: '(0.13687572735265519+0j)'
Stack trace : ['File : /sfs/gpfs/tardis/home/xpz5km/Cahn_Hilliard_Model_HPC/spinodal_decomp/compare_phi_norms.py , Line : 68, Func.Name : compare_phis_norm_at_timepoint, Message : snapshot = read_specific_lines(f"{root}/{fname}", line_list)', 'File : /sfs/gpfs/tardis/home/xpz5km/Cahn_Hilliard_Model_HPC/spinodal_decomp/compare_phi_norms.py , Line : 19, Func.Name : read_specific_lines, Message : digits.append(float(i))']
1280
Timepoint not recorded. dt_out:200025 is bigger than timepoint: 1280
Timepoint not recorded. dt_out:200025 is bigger than timepoint: 1280
Timepoint not recorded. dt_out:200025 is bigger than timepoint: 1280
Timepoint not recorded. dt_out:200025 is bigger than timepoint: 1280
Timepoint not recorded. dt_out:200050 is bigger than timepoint: 1280
Timepoint not recorded. dt_out:200025 is bigger than timepoint: 1280
Timepoint not recorded. dt_out:200050 is bigger than timepoint: 1280
Timepoint not recorded. dt_out:200075 is bigger than timepoint: 1280
Timepoint not recorded. dt_out:200075 is bigger than timepoint: 1280
Timepoint not recorded. dt_out:200075 is bigger than timepoint: 1280
Timepoint not recorded. dt_out:200025 is bigger than timepoint: 1280
Timepoint not recorded. dt_out:200050 is bigger than timepoint: 1280
Timepoint not recorded. dt_out:200025 is bigger than timepoint: 1280
Timepoint not recorded. dt_out:200050 is bigger than timepoint: 1280
Timepoint not recorded. dt_out:200075 is bigger than timepoint: 1280
Timepoint not recorded. dt_out:200025 is bigger than timepoint: 1280
Timepoint not recorded. dt_out:200075 is bigger than timepoint: 1280
Timepoint not recorded. dt_out:200075 is bigger than timepoint: 1280
Timepoint not recorded. dt_out:200025 is bigger than timepoint: 1280
Timepoint not recorded. dt_out:200075 is bigger than timepoint: 1280
Timepoint not recorded. dt_out:200025 is bigger than timepoint: 1280
Timepoint not recorded. dt_out:200075 is bigger than timepoint: 1280
Timepoint not recorded. dt_out:200025 is bigger than timepoint: 1280
Timepoint not recorded. dt_out:200050 is bigger than timepoint: 1280
Timepoint not recorded. dt_out:200075 is bigger than timepoint: 1280
Timepoint not recorded. dt_out:200050 is bigger than timepoint: 1280
Timepoint not recorded. dt_out:200075 is bigger than timepoint: 1280
Timepoint not recorded. dt_out:200025 is bigger than timepoint: 1280
Timepoint not recorded. dt_out:200050 is bigger than timepoint: 1280
Timepoint not recorded. dt_out:200050 is bigger than timepoint: 1280
Timepoint not recorded. dt_out:200050 is bigger than timepoint: 1280
Timepoint not recorded. dt_out:200050 is bigger than timepoint: 1280
Timepoint not recorded. dt_out:200025 is bigger than timepoint: 1280
Timepoint not recorded. dt_out:200050 is bigger than timepoint: 1280
Timepoint not recorded. dt_out:200050 is bigger than timepoint: 1280
Timepoint not recorded. dt_out:200050 is bigger than timepoint: 1280
Timepoint not recorded. dt_out:200075 is bigger than timepoint: 1280
Timepoint not recorded. dt_out:200025 is bigger than timepoint: 1280
Timepoint not recorded. dt_out:200075 is bigger than timepoint: 1280
Timepoint not recorded. dt_out:200050 is bigger than timepoint: 1280
Timepoint not recorded. dt_out:200075 is bigger than timepoint: 1280
Timepoint not recorded. dt_out:200075 is bigger than timepoint: 1280
Timepoint not recorded. dt_out:200075 is bigger than timepoint: 1280
Timepoint not recorded. dt_out:200025 is bigger than timepoint: 1280
Timepoint not recorded. dt_out:200025 is bigger than timepoint: 1280
Timepoint not recorded. dt_out:200075 is bigger than timepoint: 1280
Timepoint not recorded. dt_out:200050 is bigger than timepoint: 1280
Timepoint not recorded. dt_out:200050 is bigger than timepoint: 1280
Timepoint not recorded. dt_out:2075 is bigger than timepoint: 1280
SAV_Python_2000_dt_5.50e-06_Nx_128_periodic_dtout_1050pphi.csv
Exception type : ValueError 
Exception message : could not convert string to float: '(0.3794522407469001+0j)'
Stack trace : ['File : /sfs/gpfs/tardis/home/xpz5km/Cahn_Hilliard_Model_HPC/spinodal_decomp/compare_phi_norms.py , Line : 68, Func.Name : compare_phis_norm_at_timepoint, Message : snapshot = read_specific_lines(f"{root}/{fname}", line_list)', 'File : /sfs/gpfs/tardis/home/xpz5km/Cahn_Hilliard_Model_HPC/spinodal_decomp/compare_phi_norms.py , Line : 19, Func.Name : read_specific_lines, Message : digits.append(float(i))']
Timepoint not recorded. dt_out:200025 is bigger than timepoint: 1280
SAV_Python_2000_dt_5.50e-06_Nx_128_neumann_dtout_1050pphi.csv
Exception type : ValueError 
Exception message : could not convert string to float: '(0.5924576285078879+0j)'
Stack trace : ['File : /sfs/gpfs/tardis/home/xpz5km/Cahn_Hilliard_Model_HPC/spinodal_decomp/compare_phi_norms.py , Line : 68, Func.Name : compare_phis_norm_at_timepoint, Message : snapshot = read_specific_lines(f"{root}/{fname}", line_list)', 'File : /sfs/gpfs/tardis/home/xpz5km/Cahn_Hilliard_Model_HPC/spinodal_decomp/compare_phi_norms.py , Line : 19, Func.Name : read_specific_lines, Message : digits.append(float(i))']
Timepoint not recorded. dt_out:2025 is bigger than timepoint: 1280
Timepoint not recorded. dt_out:200050 is bigger than timepoint: 1280
Timepoint not recorded. dt_out:2025 is bigger than timepoint: 1280
Timepoint not recorded. dt_out:2050 is bigger than timepoint: 1280
Timepoint not recorded. dt_out:200025 is bigger than timepoint: 1280
Timepoint not recorded. dt_out:200075 is bigger than timepoint: 1280
Timepoint not recorded. dt_out:200025 is bigger than timepoint: 1280
SAV_Python_2000_dt_5.50e-06_Nx_64_periodic_dtout_1050pphi.csv
Exception type : ValueError 
Exception message : could not convert string to float: '(-0.6284634663098309+0j)'
Stack trace : ['File : /sfs/gpfs/tardis/home/xpz5km/Cahn_Hilliard_Model_HPC/spinodal_decomp/compare_phi_norms.py , Line : 68, Func.Name : compare_phis_norm_at_timepoint, Message : snapshot = read_specific_lines(f"{root}/{fname}", line_list)', 'File : /sfs/gpfs/tardis/home/xpz5km/Cahn_Hilliard_Model_HPC/spinodal_decomp/compare_phi_norms.py , Line : 19, Func.Name : read_specific_lines, Message : digits.append(float(i))']
Timepoint not recorded. dt_out:200075 is bigger than timepoint: 1280
Timepoint not recorded. dt_out:200075 is bigger than timepoint: 1280
Timepoint not recorded. dt_out:200075 is bigger than timepoint: 1280
Timepoint not recorded. dt_out:2050 is bigger than timepoint: 1280
SAV_Python_2000_dt_5.50e-06_Nx_64_periodic_dtout_1075pphi.csv
Exception type : ValueError 
Exception message : could not convert string to float: '(-0.07533198232118227+0j)'
Stack trace : ['File : /sfs/gpfs/tardis/home/xpz5km/Cahn_Hilliard_Model_HPC/spinodal_decomp/compare_phi_norms.py , Line : 68, Func.Name : compare_phis_norm_at_timepoint, Message : snapshot = read_specific_lines(f"{root}/{fname}", line_list)', 'File : /sfs/gpfs/tardis/home/xpz5km/Cahn_Hilliard_Model_HPC/spinodal_decomp/compare_phi_norms.py , Line : 19, Func.Name : read_specific_lines, Message : digits.append(float(i))']
Timepoint not recorded. dt_out:200025 is bigger than timepoint: 1280
SAV_Python_2000_dt_5.50e-06_Nx_256_neumann_dtout_1075pphi.csv
Exception type : ValueError 
Exception message : could not convert string to float: '(0.4743862609167612+0j)'
Stack trace : ['File : /sfs/gpfs/tardis/home/xpz5km/Cahn_Hilliard_Model_HPC/spinodal_decomp/compare_phi_norms.py , Line : 68, Func.Name : compare_phis_norm_at_timepoint, Message : snapshot = read_specific_lines(f"{root}/{fname}", line_list)', 'File : /sfs/gpfs/tardis/home/xpz5km/Cahn_Hilliard_Model_HPC/spinodal_decomp/compare_phi_norms.py , Line : 19, Func.Name : read_specific_lines, Message : digits.append(float(i))']
SAV_Python_2000_dt_5.50e-06_Nx_64_periodic_dtout_1025pphi.csv
Exception type : ValueError 
Exception message : could not convert string to float: '(-0.9048112618436938+0j)'
Stack trace : ['File : /sfs/gpfs/tardis/home/xpz5km/Cahn_Hilliard_Model_HPC/spinodal_decomp/compare_phi_norms.py , Line : 68, Func.Name : compare_phis_norm_at_timepoint, Message : snapshot = read_specific_lines(f"{root}/{fname}", line_list)', 'File : /sfs/gpfs/tardis/home/xpz5km/Cahn_Hilliard_Model_HPC/spinodal_decomp/compare_phi_norms.py , Line : 19, Func.Name : read_specific_lines, Message : digits.append(float(i))']
SAV_Python_2000_dt_5.50e-06_Nx_512_neumann_dtout_1025pphi.csv
Exception type : ValueError 
Exception message : could not convert string to float: '(-0.5891898643236363+0j)'
Stack trace : ['File : /sfs/gpfs/tardis/home/xpz5km/Cahn_Hilliard_Model_HPC/spinodal_decomp/compare_phi_norms.py , Line : 68, Func.Name : compare_phis_norm_at_timepoint, Message : snapshot = read_specific_lines(f"{root}/{fname}", line_list)', 'File : /sfs/gpfs/tardis/home/xpz5km/Cahn_Hilliard_Model_HPC/spinodal_decomp/compare_phi_norms.py , Line : 19, Func.Name : read_specific_lines, Message : digits.append(float(i))']
SAV_Python_2000_dt_5.50e-06_Nx_256_neumann_dtout_1050pphi.csv
Exception type : ValueError 
Exception message : could not convert string to float: '(0.013669661545894806+0j)'
Stack trace : ['File : /sfs/gpfs/tardis/home/xpz5km/Cahn_Hilliard_Model_HPC/spinodal_decomp/compare_phi_norms.py , Line : 68, Func.Name : compare_phis_norm_at_timepoint, Message : snapshot = read_specific_lines(f"{root}/{fname}", line_list)', 'File : /sfs/gpfs/tardis/home/xpz5km/Cahn_Hilliard_Model_HPC/spinodal_decomp/compare_phi_norms.py , Line : 19, Func.Name : read_specific_lines, Message : digits.append(float(i))']
SAV_Python_2000_dt_5.50e-06_Nx_512_periodic_dtout_1025pphi.csv
Exception type : ValueError 
Exception message : could not convert string to float: '(-0.4703302545394996+0j)'
Stack trace : ['File : /sfs/gpfs/tardis/home/xpz5km/Cahn_Hilliard_Model_HPC/spinodal_decomp/compare_phi_norms.py , Line : 68, Func.Name : compare_phis_norm_at_timepoint, Message : snapshot = read_specific_lines(f"{root}/{fname}", line_list)', 'File : /sfs/gpfs/tardis/home/xpz5km/Cahn_Hilliard_Model_HPC/spinodal_decomp/compare_phi_norms.py , Line : 19, Func.Name : read_specific_lines, Message : digits.append(float(i))']
Timepoint not recorded. dt_out:200050 is bigger than timepoint: 1280
Timepoint not recorded. dt_out:200050 is bigger than timepoint: 1280
SAV_Python_2000_dt_5.50e-06_Nx_512_neumann_dtout_1075pphi.csv
Exception type : ValueError 
Exception message : could not convert string to float: '(0.47053513276985476+0j)'
Stack trace : ['File : /sfs/gpfs/tardis/home/xpz5km/Cahn_Hilliard_Model_HPC/spinodal_decomp/compare_phi_norms.py , Line : 68, Func.Name : compare_phis_norm_at_timepoint, Message : snapshot = read_specific_lines(f"{root}/{fname}", line_list)', 'File : /sfs/gpfs/tardis/home/xpz5km/Cahn_Hilliard_Model_HPC/spinodal_decomp/compare_phi_norms.py , Line : 19, Func.Name : read_specific_lines, Message : digits.append(float(i))']
SAV_Python_2000_dt_5.50e-06_Nx_128_neumann_dtout_1025pphi.csv
Exception type : ValueError 
Exception message : could not convert string to float: '(-0.2861557661755087+0j)'
Stack trace : ['File : /sfs/gpfs/tardis/home/xpz5km/Cahn_Hilliard_Model_HPC/spinodal_decomp/compare_phi_norms.py , Line : 68, Func.Name : compare_phis_norm_at_timepoint, Message : snapshot = read_specific_lines(f"{root}/{fname}", line_list)', 'File : /sfs/gpfs/tardis/home/xpz5km/Cahn_Hilliard_Model_HPC/spinodal_decomp/compare_phi_norms.py , Line : 19, Func.Name : read_specific_lines, Message : digits.append(float(i))']
Timepoint not recorded. dt_out:2050 is bigger than timepoint: 1280
Timepoint not recorded. dt_out:2025 is bigger than timepoint: 1280
Timepoint not recorded. dt_out:200050 is bigger than timepoint: 1280
SAV_Python_2000_dt_5.50e-06_Nx_512_periodic_dtout_1050pphi.csv
Exception type : ValueError 
Exception message : could not convert string to float: '(-0.2444772932901986+0j)'
Stack trace : ['File : /sfs/gpfs/tardis/home/xpz5km/Cahn_Hilliard_Model_HPC/spinodal_decomp/compare_phi_norms.py , Line : 68, Func.Name : compare_phis_norm_at_timepoint, Message : snapshot = read_specific_lines(f"{root}/{fname}", line_list)', 'File : /sfs/gpfs/tardis/home/xpz5km/Cahn_Hilliard_Model_HPC/spinodal_decomp/compare_phi_norms.py , Line : 19, Func.Name : read_specific_lines, Message : digits.append(float(i))']
Timepoint not recorded. dt_out:200075 is bigger than timepoint: 1280
Timepoint not recorded. dt_out:2025 is bigger than timepoint: 1280
Timepoint not recorded. dt_out:2050 is bigger than timepoint: 1280
Timepoint not recorded. dt_out:2075 is bigger than timepoint: 1280
Timepoint not recorded. dt_out:200025 is bigger than timepoint: 1280
Timepoint not recorded. dt_out:200025 is bigger than timepoint: 1280
SAV_Python_2000_dt_5.50e-06_Nx_256_neumann_dtout_1025pphi.csv
Exception type : ValueError 
Exception message : could not convert string to float: '(-0.4376763955394188+0j)'
Stack trace : ['File : /sfs/gpfs/tardis/home/xpz5km/Cahn_Hilliard_Model_HPC/spinodal_decomp/compare_phi_norms.py , Line : 68, Func.Name : compare_phis_norm_at_timepoint, Message : snapshot = read_specific_lines(f"{root}/{fname}", line_list)', 'File : /sfs/gpfs/tardis/home/xpz5km/Cahn_Hilliard_Model_HPC/spinodal_decomp/compare_phi_norms.py , Line : 19, Func.Name : read_specific_lines, Message : digits.append(float(i))']
Timepoint not recorded. dt_out:2050 is bigger than timepoint: 1280
Timepoint not recorded. dt_out:200075 is bigger than timepoint: 1280
SAV_Python_2000_dt_5.50e-06_Nx_512_periodic_dtout_1075pphi.csv
Exception type : ValueError 
Exception message : could not convert string to float: '(0.506837982062724+0j)'
Stack trace : ['File : /sfs/gpfs/tardis/home/xpz5km/Cahn_Hilliard_Model_HPC/spinodal_decomp/compare_phi_norms.py , Line : 68, Func.Name : compare_phis_norm_at_timepoint, Message : snapshot = read_specific_lines(f"{root}/{fname}", line_list)', 'File : /sfs/gpfs/tardis/home/xpz5km/Cahn_Hilliard_Model_HPC/spinodal_decomp/compare_phi_norms.py , Line : 19, Func.Name : read_specific_lines, Message : digits.append(float(i))']
SAV_Python_2000_dt_5.50e-06_Nx_128_periodic_dtout_1075pphi.csv
Exception type : ValueError 
Exception message : could not convert string to float: '(0.8010822719151248+0j)'
Stack trace : ['File : /sfs/gpfs/tardis/home/xpz5km/Cahn_Hilliard_Model_HPC/spinodal_decomp/compare_phi_norms.py , Line : 68, Func.Name : compare_phis_norm_at_timepoint, Message : snapshot = read_specific_lines(f"{root}/{fname}", line_list)', 'File : /sfs/gpfs/tardis/home/xpz5km/Cahn_Hilliard_Model_HPC/spinodal_decomp/compare_phi_norms.py , Line : 19, Func.Name : read_specific_lines, Message : digits.append(float(i))']
Timepoint not recorded. dt_out:200025 is bigger than timepoint: 1280
Timepoint not recorded. dt_out:2075 is bigger than timepoint: 1280
Timepoint not recorded. dt_out:200050 is bigger than timepoint: 1280
Timepoint not recorded. dt_out:200050 is bigger than timepoint: 1280
Timepoint not recorded. dt_out:2075 is bigger than timepoint: 1280
Timepoint not recorded. dt_out:2025 is bigger than timepoint: 1280
Timepoint not recorded. dt_out:2075 is bigger than timepoint: 1280
SAV_Python_2000_dt_5.50e-06_Nx_128_periodic_dtout_1025pphi.csv
Exception type : ValueError 
Exception message : could not convert string to float: '(-0.22228541850542471+0j)'
Stack trace : ['File : /sfs/gpfs/tardis/home/xpz5km/Cahn_Hilliard_Model_HPC/spinodal_decomp/compare_phi_norms.py , Line : 68, Func.Name : compare_phis_norm_at_timepoint, Message : snapshot = read_specific_lines(f"{root}/{fname}", line_list)', 'File : /sfs/gpfs/tardis/home/xpz5km/Cahn_Hilliard_Model_HPC/spinodal_decomp/compare_phi_norms.py , Line : 19, Func.Name : read_specific_lines, Message : digits.append(float(i))']
SAV_Python_2000_dt_5.50e-06_Nx_64_neumann_dtout_1025pphi.csv
Exception type : ValueError 
Exception message : could not convert string to float: '(-0.36437495437226286+0j)'
Stack trace : ['File : /sfs/gpfs/tardis/home/xpz5km/Cahn_Hilliard_Model_HPC/spinodal_decomp/compare_phi_norms.py , Line : 68, Func.Name : compare_phis_norm_at_timepoint, Message : snapshot = read_specific_lines(f"{root}/{fname}", line_list)', 'File : /sfs/gpfs/tardis/home/xpz5km/Cahn_Hilliard_Model_HPC/spinodal_decomp/compare_phi_norms.py , Line : 19, Func.Name : read_specific_lines, Message : digits.append(float(i))']
Timepoint not recorded. dt_out:200050 is bigger than timepoint: 1280
Timepoint not recorded. dt_out:2075 is bigger than timepoint: 1280
Timepoint not recorded. dt_out:2025 is bigger than timepoint: 1280
SAV_Python_2000_dt_5.50e-06_Nx_256_periodic_dtout_1025pphi.csv
Exception type : ValueError 
Exception message : could not convert string to float: '(-0.4519677751645202+0j)'
Stack trace : ['File : /sfs/gpfs/tardis/home/xpz5km/Cahn_Hilliard_Model_HPC/spinodal_decomp/compare_phi_norms.py , Line : 68, Func.Name : compare_phis_norm_at_timepoint, Message : snapshot = read_specific_lines(f"{root}/{fname}", line_list)', 'File : /sfs/gpfs/tardis/home/xpz5km/Cahn_Hilliard_Model_HPC/spinodal_decomp/compare_phi_norms.py , Line : 19, Func.Name : read_specific_lines, Message : digits.append(float(i))']
Timepoint not recorded. dt_out:200075 is bigger than timepoint: 1280
Timepoint not recorded. dt_out:2050 is bigger than timepoint: 1280
Timepoint not recorded. dt_out:2050 is bigger than timepoint: 1280
SAV_Python_2000_dt_5.50e-06_Nx_256_periodic_dtout_1075pphi.csv
Exception type : ValueError 
Exception message : could not convert string to float: '(0.472232332120713+0j)'
Stack trace : ['File : /sfs/gpfs/tardis/home/xpz5km/Cahn_Hilliard_Model_HPC/spinodal_decomp/compare_phi_norms.py , Line : 68, Func.Name : compare_phis_norm_at_timepoint, Message : snapshot = read_specific_lines(f"{root}/{fname}", line_list)', 'File : /sfs/gpfs/tardis/home/xpz5km/Cahn_Hilliard_Model_HPC/spinodal_decomp/compare_phi_norms.py , Line : 19, Func.Name : read_specific_lines, Message : digits.append(float(i))']
Timepoint not recorded. dt_out:200050 is bigger than timepoint: 1280
Timepoint not recorded. dt_out:2050 is bigger than timepoint: 1280
Timepoint not recorded. dt_out:200025 is bigger than timepoint: 1280
Timepoint not recorded. dt_out:2075 is bigger than timepoint: 1280
Timepoint not recorded. dt_out:2025 is bigger than timepoint: 1280
SAV_Python_2000_dt_5.50e-06_Nx_512_neumann_dtout_1050pphi.csv
Exception type : ValueError 
Exception message : could not convert string to float: '(-0.401856527487162+0j)'
Stack trace : ['File : /sfs/gpfs/tardis/home/xpz5km/Cahn_Hilliard_Model_HPC/spinodal_decomp/compare_phi_norms.py , Line : 68, Func.Name : compare_phis_norm_at_timepoint, Message : snapshot = read_specific_lines(f"{root}/{fname}", line_list)', 'File : /sfs/gpfs/tardis/home/xpz5km/Cahn_Hilliard_Model_HPC/spinodal_decomp/compare_phi_norms.py , Line : 19, Func.Name : read_specific_lines, Message : digits.append(float(i))']
Timepoint not recorded. dt_out:200075 is bigger than timepoint: 1280
Timepoint not recorded. dt_out:2025 is bigger than timepoint: 1280
SAV_Python_2000_dt_5.50e-06_Nx_256_periodic_dtout_1050pphi.csv
Exception type : ValueError 
Exception message : could not convert string to float: '(-0.07225007110422399+0j)'
Stack trace : ['File : /sfs/gpfs/tardis/home/xpz5km/Cahn_Hilliard_Model_HPC/spinodal_decomp/compare_phi_norms.py , Line : 68, Func.Name : compare_phis_norm_at_timepoint, Message : snapshot = read_specific_lines(f"{root}/{fname}", line_list)', 'File : /sfs/gpfs/tardis/home/xpz5km/Cahn_Hilliard_Model_HPC/spinodal_decomp/compare_phi_norms.py , Line : 19, Func.Name : read_specific_lines, Message : digits.append(float(i))']
Timepoint not recorded. dt_out:2075 is bigger than timepoint: 1280
SAV_Python_2000_dt_5.50e-06_Nx_64_neumann_dtout_1075pphi.csv
Exception type : ValueError 
Exception message : could not convert string to float: '(0.35112358061221227+0j)'
Stack trace : ['File : /sfs/gpfs/tardis/home/xpz5km/Cahn_Hilliard_Model_HPC/spinodal_decomp/compare_phi_norms.py , Line : 68, Func.Name : compare_phis_norm_at_timepoint, Message : snapshot = read_specific_lines(f"{root}/{fname}", line_list)', 'File : /sfs/gpfs/tardis/home/xpz5km/Cahn_Hilliard_Model_HPC/spinodal_decomp/compare_phi_norms.py , Line : 19, Func.Name : read_specific_lines, Message : digits.append(float(i))']
SAV_Python_2000_dt_5.50e-06_Nx_128_neumann_dtout_1075pphi.csv
Exception type : ValueError 
Exception message : could not convert string to float: '(0.7758992001741867+0j)'
Stack trace : ['File : /sfs/gpfs/tardis/home/xpz5km/Cahn_Hilliard_Model_HPC/spinodal_decomp/compare_phi_norms.py , Line : 68, Func.Name : compare_phis_norm_at_timepoint, Message : snapshot = read_specific_lines(f"{root}/{fname}", line_list)', 'File : /sfs/gpfs/tardis/home/xpz5km/Cahn_Hilliard_Model_HPC/spinodal_decomp/compare_phi_norms.py , Line : 19, Func.Name : read_specific_lines, Message : digits.append(float(i))']
SAV_Python_2000_dt_5.50e-06_Nx_64_neumann_dtout_1050pphi.csv
Exception type : ValueError 
Exception message : could not convert string to float: '(-0.5251270891397386+0j)'
Stack trace : ['File : /sfs/gpfs/tardis/home/xpz5km/Cahn_Hilliard_Model_HPC/spinodal_decomp/compare_phi_norms.py , Line : 68, Func.Name : compare_phis_norm_at_timepoint, Message : snapshot = read_specific_lines(f"{root}/{fname}", line_list)', 'File : /sfs/gpfs/tardis/home/xpz5km/Cahn_Hilliard_Model_HPC/spinodal_decomp/compare_phi_norms.py , Line : 19, Func.Name : read_specific_lines, Message : digits.append(float(i))']
1320
Timepoint not recorded. dt_out:200025 is bigger than timepoint: 1320
Timepoint not recorded. dt_out:200025 is bigger than timepoint: 1320
Timepoint not recorded. dt_out:200025 is bigger than timepoint: 1320
Timepoint not recorded. dt_out:200025 is bigger than timepoint: 1320
Timepoint not recorded. dt_out:200050 is bigger than timepoint: 1320
Timepoint not recorded. dt_out:200025 is bigger than timepoint: 1320
Timepoint not recorded. dt_out:200050 is bigger than timepoint: 1320
Timepoint not recorded. dt_out:200075 is bigger than timepoint: 1320
Timepoint not recorded. dt_out:200075 is bigger than timepoint: 1320
Timepoint not recorded. dt_out:200075 is bigger than timepoint: 1320
Timepoint not recorded. dt_out:200025 is bigger than timepoint: 1320
Timepoint not recorded. dt_out:200050 is bigger than timepoint: 1320
Timepoint not recorded. dt_out:200025 is bigger than timepoint: 1320
Timepoint not recorded. dt_out:200050 is bigger than timepoint: 1320
Timepoint not recorded. dt_out:200075 is bigger than timepoint: 1320
Timepoint not recorded. dt_out:200025 is bigger than timepoint: 1320
Timepoint not recorded. dt_out:200075 is bigger than timepoint: 1320
Timepoint not recorded. dt_out:200075 is bigger than timepoint: 1320
Timepoint not recorded. dt_out:200025 is bigger than timepoint: 1320
Timepoint not recorded. dt_out:200075 is bigger than timepoint: 1320
Timepoint not recorded. dt_out:200025 is bigger than timepoint: 1320
Timepoint not recorded. dt_out:200075 is bigger than timepoint: 1320
Timepoint not recorded. dt_out:200025 is bigger than timepoint: 1320
Timepoint not recorded. dt_out:200050 is bigger than timepoint: 1320
Timepoint not recorded. dt_out:200075 is bigger than timepoint: 1320
Timepoint not recorded. dt_out:200050 is bigger than timepoint: 1320
Timepoint not recorded. dt_out:200075 is bigger than timepoint: 1320
Timepoint not recorded. dt_out:200025 is bigger than timepoint: 1320
Timepoint not recorded. dt_out:200050 is bigger than timepoint: 1320
Timepoint not recorded. dt_out:200050 is bigger than timepoint: 1320
Timepoint not recorded. dt_out:200050 is bigger than timepoint: 1320
Timepoint not recorded. dt_out:200050 is bigger than timepoint: 1320
Timepoint not recorded. dt_out:200025 is bigger than timepoint: 1320
Timepoint not recorded. dt_out:200050 is bigger than timepoint: 1320
Timepoint not recorded. dt_out:200050 is bigger than timepoint: 1320
Timepoint not recorded. dt_out:200050 is bigger than timepoint: 1320
Timepoint not recorded. dt_out:200075 is bigger than timepoint: 1320
Timepoint not recorded. dt_out:200025 is bigger than timepoint: 1320
Timepoint not recorded. dt_out:200075 is bigger than timepoint: 1320
Timepoint not recorded. dt_out:200050 is bigger than timepoint: 1320
Timepoint not recorded. dt_out:200075 is bigger than timepoint: 1320
Timepoint not recorded. dt_out:200075 is bigger than timepoint: 1320
Timepoint not recorded. dt_out:200075 is bigger than timepoint: 1320
Timepoint not recorded. dt_out:200025 is bigger than timepoint: 1320
Timepoint not recorded. dt_out:200025 is bigger than timepoint: 1320
Timepoint not recorded. dt_out:200075 is bigger than timepoint: 1320
Timepoint not recorded. dt_out:200050 is bigger than timepoint: 1320
Timepoint not recorded. dt_out:200050 is bigger than timepoint: 1320
Timepoint not recorded. dt_out:2075 is bigger than timepoint: 1320
SAV_Python_2000_dt_5.50e-06_Nx_128_periodic_dtout_1050pphi.csv
Exception type : ValueError 
Exception message : could not convert string to float: '(0.27492711001415715+0j)'
Stack trace : ['File : /sfs/gpfs/tardis/home/xpz5km/Cahn_Hilliard_Model_HPC/spinodal_decomp/compare_phi_norms.py , Line : 68, Func.Name : compare_phis_norm_at_timepoint, Message : snapshot = read_specific_lines(f"{root}/{fname}", line_list)', 'File : /sfs/gpfs/tardis/home/xpz5km/Cahn_Hilliard_Model_HPC/spinodal_decomp/compare_phi_norms.py , Line : 19, Func.Name : read_specific_lines, Message : digits.append(float(i))']
Timepoint not recorded. dt_out:200025 is bigger than timepoint: 1320
SAV_Python_2000_dt_5.50e-06_Nx_128_neumann_dtout_1050pphi.csv
Exception type : ValueError 
Exception message : could not convert string to float: '(0.17369822289645087+0j)'
Stack trace : ['File : /sfs/gpfs/tardis/home/xpz5km/Cahn_Hilliard_Model_HPC/spinodal_decomp/compare_phi_norms.py , Line : 68, Func.Name : compare_phis_norm_at_timepoint, Message : snapshot = read_specific_lines(f"{root}/{fname}", line_list)', 'File : /sfs/gpfs/tardis/home/xpz5km/Cahn_Hilliard_Model_HPC/spinodal_decomp/compare_phi_norms.py , Line : 19, Func.Name : read_specific_lines, Message : digits.append(float(i))']
Timepoint not recorded. dt_out:2025 is bigger than timepoint: 1320
Timepoint not recorded. dt_out:200050 is bigger than timepoint: 1320
Timepoint not recorded. dt_out:2025 is bigger than timepoint: 1320
Timepoint not recorded. dt_out:2050 is bigger than timepoint: 1320
Timepoint not recorded. dt_out:200025 is bigger than timepoint: 1320
Timepoint not recorded. dt_out:200075 is bigger than timepoint: 1320
Timepoint not recorded. dt_out:200025 is bigger than timepoint: 1320
SAV_Python_2000_dt_5.50e-06_Nx_64_periodic_dtout_1050pphi.csv
Exception type : ValueError 
Exception message : could not convert string to float: '(-0.2771539254019183+0j)'
Stack trace : ['File : /sfs/gpfs/tardis/home/xpz5km/Cahn_Hilliard_Model_HPC/spinodal_decomp/compare_phi_norms.py , Line : 68, Func.Name : compare_phis_norm_at_timepoint, Message : snapshot = read_specific_lines(f"{root}/{fname}", line_list)', 'File : /sfs/gpfs/tardis/home/xpz5km/Cahn_Hilliard_Model_HPC/spinodal_decomp/compare_phi_norms.py , Line : 19, Func.Name : read_specific_lines, Message : digits.append(float(i))']
Timepoint not recorded. dt_out:200075 is bigger than timepoint: 1320
Timepoint not recorded. dt_out:200075 is bigger than timepoint: 1320
Timepoint not recorded. dt_out:200075 is bigger than timepoint: 1320
Timepoint not recorded. dt_out:2050 is bigger than timepoint: 1320
SAV_Python_2000_dt_5.50e-06_Nx_64_periodic_dtout_1075pphi.csv
Exception type : ValueError 
Exception message : could not convert string to float: '(-0.1358945335123797+0j)'
Stack trace : ['File : /sfs/gpfs/tardis/home/xpz5km/Cahn_Hilliard_Model_HPC/spinodal_decomp/compare_phi_norms.py , Line : 68, Func.Name : compare_phis_norm_at_timepoint, Message : snapshot = read_specific_lines(f"{root}/{fname}", line_list)', 'File : /sfs/gpfs/tardis/home/xpz5km/Cahn_Hilliard_Model_HPC/spinodal_decomp/compare_phi_norms.py , Line : 19, Func.Name : read_specific_lines, Message : digits.append(float(i))']
Timepoint not recorded. dt_out:200025 is bigger than timepoint: 1320
SAV_Python_2000_dt_5.50e-06_Nx_256_neumann_dtout_1075pphi.csv
Exception type : ValueError 
Exception message : could not convert string to float: '(0.49023083520120475+0j)'
Stack trace : ['File : /sfs/gpfs/tardis/home/xpz5km/Cahn_Hilliard_Model_HPC/spinodal_decomp/compare_phi_norms.py , Line : 68, Func.Name : compare_phis_norm_at_timepoint, Message : snapshot = read_specific_lines(f"{root}/{fname}", line_list)', 'File : /sfs/gpfs/tardis/home/xpz5km/Cahn_Hilliard_Model_HPC/spinodal_decomp/compare_phi_norms.py , Line : 19, Func.Name : read_specific_lines, Message : digits.append(float(i))']
SAV_Python_2000_dt_5.50e-06_Nx_64_periodic_dtout_1025pphi.csv
Exception type : ValueError 
Exception message : could not convert string to float: '(-0.7153353862092726+0j)'
Stack trace : ['File : /sfs/gpfs/tardis/home/xpz5km/Cahn_Hilliard_Model_HPC/spinodal_decomp/compare_phi_norms.py , Line : 68, Func.Name : compare_phis_norm_at_timepoint, Message : snapshot = read_specific_lines(f"{root}/{fname}", line_list)', 'File : /sfs/gpfs/tardis/home/xpz5km/Cahn_Hilliard_Model_HPC/spinodal_decomp/compare_phi_norms.py , Line : 19, Func.Name : read_specific_lines, Message : digits.append(float(i))']
SAV_Python_2000_dt_5.50e-06_Nx_512_neumann_dtout_1025pphi.csv
Exception type : ValueError 
Exception message : could not convert string to float: '(-0.627699373129643+0j)'
Stack trace : ['File : /sfs/gpfs/tardis/home/xpz5km/Cahn_Hilliard_Model_HPC/spinodal_decomp/compare_phi_norms.py , Line : 68, Func.Name : compare_phis_norm_at_timepoint, Message : snapshot = read_specific_lines(f"{root}/{fname}", line_list)', 'File : /sfs/gpfs/tardis/home/xpz5km/Cahn_Hilliard_Model_HPC/spinodal_decomp/compare_phi_norms.py , Line : 19, Func.Name : read_specific_lines, Message : digits.append(float(i))']
SAV_Python_2000_dt_5.50e-06_Nx_256_neumann_dtout_1050pphi.csv
Exception type : ValueError 
Exception message : could not convert string to float: '(-0.072212731074449+0j)'
Stack trace : ['File : /sfs/gpfs/tardis/home/xpz5km/Cahn_Hilliard_Model_HPC/spinodal_decomp/compare_phi_norms.py , Line : 68, Func.Name : compare_phis_norm_at_timepoint, Message : snapshot = read_specific_lines(f"{root}/{fname}", line_list)', 'File : /sfs/gpfs/tardis/home/xpz5km/Cahn_Hilliard_Model_HPC/spinodal_decomp/compare_phi_norms.py , Line : 19, Func.Name : read_specific_lines, Message : digits.append(float(i))']
SAV_Python_2000_dt_5.50e-06_Nx_512_periodic_dtout_1025pphi.csv
Exception type : ValueError 
Exception message : could not convert string to float: '(-0.6365644018611424+0j)'
Stack trace : ['File : /sfs/gpfs/tardis/home/xpz5km/Cahn_Hilliard_Model_HPC/spinodal_decomp/compare_phi_norms.py , Line : 68, Func.Name : compare_phis_norm_at_timepoint, Message : snapshot = read_specific_lines(f"{root}/{fname}", line_list)', 'File : /sfs/gpfs/tardis/home/xpz5km/Cahn_Hilliard_Model_HPC/spinodal_decomp/compare_phi_norms.py , Line : 19, Func.Name : read_specific_lines, Message : digits.append(float(i))']
Timepoint not recorded. dt_out:200050 is bigger than timepoint: 1320
Timepoint not recorded. dt_out:200050 is bigger than timepoint: 1320
SAV_Python_2000_dt_5.50e-06_Nx_512_neumann_dtout_1075pphi.csv
Exception type : ValueError 
Exception message : could not convert string to float: '(0.5999755898244514+0j)'
Stack trace : ['File : /sfs/gpfs/tardis/home/xpz5km/Cahn_Hilliard_Model_HPC/spinodal_decomp/compare_phi_norms.py , Line : 68, Func.Name : compare_phis_norm_at_timepoint, Message : snapshot = read_specific_lines(f"{root}/{fname}", line_list)', 'File : /sfs/gpfs/tardis/home/xpz5km/Cahn_Hilliard_Model_HPC/spinodal_decomp/compare_phi_norms.py , Line : 19, Func.Name : read_specific_lines, Message : digits.append(float(i))']
SAV_Python_2000_dt_5.50e-06_Nx_128_neumann_dtout_1025pphi.csv
Exception type : ValueError 
Exception message : could not convert string to float: '(-0.35054143800235016+0j)'
Stack trace : ['File : /sfs/gpfs/tardis/home/xpz5km/Cahn_Hilliard_Model_HPC/spinodal_decomp/compare_phi_norms.py , Line : 68, Func.Name : compare_phis_norm_at_timepoint, Message : snapshot = read_specific_lines(f"{root}/{fname}", line_list)', 'File : /sfs/gpfs/tardis/home/xpz5km/Cahn_Hilliard_Model_HPC/spinodal_decomp/compare_phi_norms.py , Line : 19, Func.Name : read_specific_lines, Message : digits.append(float(i))']
Timepoint not recorded. dt_out:2050 is bigger than timepoint: 1320
Timepoint not recorded. dt_out:2025 is bigger than timepoint: 1320
Timepoint not recorded. dt_out:200050 is bigger than timepoint: 1320
SAV_Python_2000_dt_5.50e-06_Nx_512_periodic_dtout_1050pphi.csv
Exception type : ValueError 
Exception message : could not convert string to float: '(0.04498538115038752+0j)'
Stack trace : ['File : /sfs/gpfs/tardis/home/xpz5km/Cahn_Hilliard_Model_HPC/spinodal_decomp/compare_phi_norms.py , Line : 68, Func.Name : compare_phis_norm_at_timepoint, Message : snapshot = read_specific_lines(f"{root}/{fname}", line_list)', 'File : /sfs/gpfs/tardis/home/xpz5km/Cahn_Hilliard_Model_HPC/spinodal_decomp/compare_phi_norms.py , Line : 19, Func.Name : read_specific_lines, Message : digits.append(float(i))']
Timepoint not recorded. dt_out:200075 is bigger than timepoint: 1320
Timepoint not recorded. dt_out:2025 is bigger than timepoint: 1320
Timepoint not recorded. dt_out:2050 is bigger than timepoint: 1320
Timepoint not recorded. dt_out:2075 is bigger than timepoint: 1320
Timepoint not recorded. dt_out:200025 is bigger than timepoint: 1320
Timepoint not recorded. dt_out:200025 is bigger than timepoint: 1320
SAV_Python_2000_dt_5.50e-06_Nx_256_neumann_dtout_1025pphi.csv
Exception type : ValueError 
Exception message : could not convert string to float: '(-0.38538807405462905+0j)'
Stack trace : ['File : /sfs/gpfs/tardis/home/xpz5km/Cahn_Hilliard_Model_HPC/spinodal_decomp/compare_phi_norms.py , Line : 68, Func.Name : compare_phis_norm_at_timepoint, Message : snapshot = read_specific_lines(f"{root}/{fname}", line_list)', 'File : /sfs/gpfs/tardis/home/xpz5km/Cahn_Hilliard_Model_HPC/spinodal_decomp/compare_phi_norms.py , Line : 19, Func.Name : read_specific_lines, Message : digits.append(float(i))']
Timepoint not recorded. dt_out:2050 is bigger than timepoint: 1320
Timepoint not recorded. dt_out:200075 is bigger than timepoint: 1320
SAV_Python_2000_dt_5.50e-06_Nx_512_periodic_dtout_1075pphi.csv
Exception type : ValueError 
Exception message : could not convert string to float: '(0.5151513970809982+0j)'
Stack trace : ['File : /sfs/gpfs/tardis/home/xpz5km/Cahn_Hilliard_Model_HPC/spinodal_decomp/compare_phi_norms.py , Line : 68, Func.Name : compare_phis_norm_at_timepoint, Message : snapshot = read_specific_lines(f"{root}/{fname}", line_list)', 'File : /sfs/gpfs/tardis/home/xpz5km/Cahn_Hilliard_Model_HPC/spinodal_decomp/compare_phi_norms.py , Line : 19, Func.Name : read_specific_lines, Message : digits.append(float(i))']
SAV_Python_2000_dt_5.50e-06_Nx_128_periodic_dtout_1075pphi.csv
Exception type : ValueError 
Exception message : could not convert string to float: '(0.5616789262543629+0j)'
Stack trace : ['File : /sfs/gpfs/tardis/home/xpz5km/Cahn_Hilliard_Model_HPC/spinodal_decomp/compare_phi_norms.py , Line : 68, Func.Name : compare_phis_norm_at_timepoint, Message : snapshot = read_specific_lines(f"{root}/{fname}", line_list)', 'File : /sfs/gpfs/tardis/home/xpz5km/Cahn_Hilliard_Model_HPC/spinodal_decomp/compare_phi_norms.py , Line : 19, Func.Name : read_specific_lines, Message : digits.append(float(i))']
Timepoint not recorded. dt_out:200025 is bigger than timepoint: 1320
Timepoint not recorded. dt_out:2075 is bigger than timepoint: 1320
Timepoint not recorded. dt_out:200050 is bigger than timepoint: 1320
Timepoint not recorded. dt_out:200050 is bigger than timepoint: 1320
Timepoint not recorded. dt_out:2075 is bigger than timepoint: 1320
Timepoint not recorded. dt_out:2025 is bigger than timepoint: 1320
Timepoint not recorded. dt_out:2075 is bigger than timepoint: 1320
SAV_Python_2000_dt_5.50e-06_Nx_128_periodic_dtout_1025pphi.csv
Exception type : ValueError 
Exception message : could not convert string to float: '(-0.20910611048529726+0j)'
Stack trace : ['File : /sfs/gpfs/tardis/home/xpz5km/Cahn_Hilliard_Model_HPC/spinodal_decomp/compare_phi_norms.py , Line : 68, Func.Name : compare_phis_norm_at_timepoint, Message : snapshot = read_specific_lines(f"{root}/{fname}", line_list)', 'File : /sfs/gpfs/tardis/home/xpz5km/Cahn_Hilliard_Model_HPC/spinodal_decomp/compare_phi_norms.py , Line : 19, Func.Name : read_specific_lines, Message : digits.append(float(i))']
SAV_Python_2000_dt_5.50e-06_Nx_64_neumann_dtout_1025pphi.csv
Exception type : ValueError 
Exception message : could not convert string to float: '(-1.1871050164828105+0j)'
Stack trace : ['File : /sfs/gpfs/tardis/home/xpz5km/Cahn_Hilliard_Model_HPC/spinodal_decomp/compare_phi_norms.py , Line : 68, Func.Name : compare_phis_norm_at_timepoint, Message : snapshot = read_specific_lines(f"{root}/{fname}", line_list)', 'File : /sfs/gpfs/tardis/home/xpz5km/Cahn_Hilliard_Model_HPC/spinodal_decomp/compare_phi_norms.py , Line : 19, Func.Name : read_specific_lines, Message : digits.append(float(i))']
Timepoint not recorded. dt_out:200050 is bigger than timepoint: 1320
Timepoint not recorded. dt_out:2075 is bigger than timepoint: 1320
Timepoint not recorded. dt_out:2025 is bigger than timepoint: 1320
SAV_Python_2000_dt_5.50e-06_Nx_256_periodic_dtout_1025pphi.csv
Exception type : ValueError 
Exception message : could not convert string to float: '(-0.41463658825191924+0j)'
Stack trace : ['File : /sfs/gpfs/tardis/home/xpz5km/Cahn_Hilliard_Model_HPC/spinodal_decomp/compare_phi_norms.py , Line : 68, Func.Name : compare_phis_norm_at_timepoint, Message : snapshot = read_specific_lines(f"{root}/{fname}", line_list)', 'File : /sfs/gpfs/tardis/home/xpz5km/Cahn_Hilliard_Model_HPC/spinodal_decomp/compare_phi_norms.py , Line : 19, Func.Name : read_specific_lines, Message : digits.append(float(i))']
Timepoint not recorded. dt_out:200075 is bigger than timepoint: 1320
Timepoint not recorded. dt_out:2050 is bigger than timepoint: 1320
Timepoint not recorded. dt_out:2050 is bigger than timepoint: 1320
SAV_Python_2000_dt_5.50e-06_Nx_256_periodic_dtout_1075pphi.csv
Exception type : ValueError 
Exception message : could not convert string to float: '(0.24047053366160373+0j)'
Stack trace : ['File : /sfs/gpfs/tardis/home/xpz5km/Cahn_Hilliard_Model_HPC/spinodal_decomp/compare_phi_norms.py , Line : 68, Func.Name : compare_phis_norm_at_timepoint, Message : snapshot = read_specific_lines(f"{root}/{fname}", line_list)', 'File : /sfs/gpfs/tardis/home/xpz5km/Cahn_Hilliard_Model_HPC/spinodal_decomp/compare_phi_norms.py , Line : 19, Func.Name : read_specific_lines, Message : digits.append(float(i))']
Timepoint not recorded. dt_out:200050 is bigger than timepoint: 1320
Timepoint not recorded. dt_out:2050 is bigger than timepoint: 1320
Timepoint not recorded. dt_out:200025 is bigger than timepoint: 1320
Timepoint not recorded. dt_out:2075 is bigger than timepoint: 1320
Timepoint not recorded. dt_out:2025 is bigger than timepoint: 1320
SAV_Python_2000_dt_5.50e-06_Nx_512_neumann_dtout_1050pphi.csv
Exception type : ValueError 
Exception message : could not convert string to float: '(0.04569711202532652+0j)'
Stack trace : ['File : /sfs/gpfs/tardis/home/xpz5km/Cahn_Hilliard_Model_HPC/spinodal_decomp/compare_phi_norms.py , Line : 68, Func.Name : compare_phis_norm_at_timepoint, Message : snapshot = read_specific_lines(f"{root}/{fname}", line_list)', 'File : /sfs/gpfs/tardis/home/xpz5km/Cahn_Hilliard_Model_HPC/spinodal_decomp/compare_phi_norms.py , Line : 19, Func.Name : read_specific_lines, Message : digits.append(float(i))']
Timepoint not recorded. dt_out:200075 is bigger than timepoint: 1320
Timepoint not recorded. dt_out:2025 is bigger than timepoint: 1320
SAV_Python_2000_dt_5.50e-06_Nx_256_periodic_dtout_1050pphi.csv
Exception type : ValueError 
Exception message : could not convert string to float: '(-0.14785843576130336+0j)'
Stack trace : ['File : /sfs/gpfs/tardis/home/xpz5km/Cahn_Hilliard_Model_HPC/spinodal_decomp/compare_phi_norms.py , Line : 68, Func.Name : compare_phis_norm_at_timepoint, Message : snapshot = read_specific_lines(f"{root}/{fname}", line_list)', 'File : /sfs/gpfs/tardis/home/xpz5km/Cahn_Hilliard_Model_HPC/spinodal_decomp/compare_phi_norms.py , Line : 19, Func.Name : read_specific_lines, Message : digits.append(float(i))']
Timepoint not recorded. dt_out:2075 is bigger than timepoint: 1320
SAV_Python_2000_dt_5.50e-06_Nx_64_neumann_dtout_1075pphi.csv
Exception type : ValueError 
Exception message : could not convert string to float: '(-0.5081885992459889+0j)'
Stack trace : ['File : /sfs/gpfs/tardis/home/xpz5km/Cahn_Hilliard_Model_HPC/spinodal_decomp/compare_phi_norms.py , Line : 68, Func.Name : compare_phis_norm_at_timepoint, Message : snapshot = read_specific_lines(f"{root}/{fname}", line_list)', 'File : /sfs/gpfs/tardis/home/xpz5km/Cahn_Hilliard_Model_HPC/spinodal_decomp/compare_phi_norms.py , Line : 19, Func.Name : read_specific_lines, Message : digits.append(float(i))']
SAV_Python_2000_dt_5.50e-06_Nx_128_neumann_dtout_1075pphi.csv
Exception type : ValueError 
Exception message : could not convert string to float: '(0.6082278584016619+0j)'
Stack trace : ['File : /sfs/gpfs/tardis/home/xpz5km/Cahn_Hilliard_Model_HPC/spinodal_decomp/compare_phi_norms.py , Line : 68, Func.Name : compare_phis_norm_at_timepoint, Message : snapshot = read_specific_lines(f"{root}/{fname}", line_list)', 'File : /sfs/gpfs/tardis/home/xpz5km/Cahn_Hilliard_Model_HPC/spinodal_decomp/compare_phi_norms.py , Line : 19, Func.Name : read_specific_lines, Message : digits.append(float(i))']
SAV_Python_2000_dt_5.50e-06_Nx_64_neumann_dtout_1050pphi.csv
Exception type : ValueError 
Exception message : could not convert string to float: '(-0.11199933730210669+0j)'
Stack trace : ['File : /sfs/gpfs/tardis/home/xpz5km/Cahn_Hilliard_Model_HPC/spinodal_decomp/compare_phi_norms.py , Line : 68, Func.Name : compare_phis_norm_at_timepoint, Message : snapshot = read_specific_lines(f"{root}/{fname}", line_list)', 'File : /sfs/gpfs/tardis/home/xpz5km/Cahn_Hilliard_Model_HPC/spinodal_decomp/compare_phi_norms.py , Line : 19, Func.Name : read_specific_lines, Message : digits.append(float(i))']
1360
Timepoint not recorded. dt_out:200025 is bigger than timepoint: 1360
Timepoint not recorded. dt_out:200025 is bigger than timepoint: 1360
Timepoint not recorded. dt_out:200025 is bigger than timepoint: 1360
Timepoint not recorded. dt_out:200025 is bigger than timepoint: 1360
Timepoint not recorded. dt_out:200050 is bigger than timepoint: 1360
Timepoint not recorded. dt_out:200025 is bigger than timepoint: 1360
Timepoint not recorded. dt_out:200050 is bigger than timepoint: 1360
Timepoint not recorded. dt_out:200075 is bigger than timepoint: 1360
Timepoint not recorded. dt_out:200075 is bigger than timepoint: 1360
Timepoint not recorded. dt_out:200075 is bigger than timepoint: 1360
Timepoint not recorded. dt_out:200025 is bigger than timepoint: 1360
Timepoint not recorded. dt_out:200050 is bigger than timepoint: 1360
Timepoint not recorded. dt_out:200025 is bigger than timepoint: 1360
Timepoint not recorded. dt_out:200050 is bigger than timepoint: 1360
Timepoint not recorded. dt_out:200075 is bigger than timepoint: 1360
Timepoint not recorded. dt_out:200025 is bigger than timepoint: 1360
Timepoint not recorded. dt_out:200075 is bigger than timepoint: 1360
Timepoint not recorded. dt_out:200075 is bigger than timepoint: 1360
Timepoint not recorded. dt_out:200025 is bigger than timepoint: 1360
Timepoint not recorded. dt_out:200075 is bigger than timepoint: 1360
Timepoint not recorded. dt_out:200025 is bigger than timepoint: 1360
Timepoint not recorded. dt_out:200075 is bigger than timepoint: 1360
Timepoint not recorded. dt_out:200025 is bigger than timepoint: 1360
Timepoint not recorded. dt_out:200050 is bigger than timepoint: 1360
Timepoint not recorded. dt_out:200075 is bigger than timepoint: 1360
Timepoint not recorded. dt_out:200050 is bigger than timepoint: 1360
Timepoint not recorded. dt_out:200075 is bigger than timepoint: 1360
Timepoint not recorded. dt_out:200025 is bigger than timepoint: 1360
Timepoint not recorded. dt_out:200050 is bigger than timepoint: 1360
Timepoint not recorded. dt_out:200050 is bigger than timepoint: 1360
Timepoint not recorded. dt_out:200050 is bigger than timepoint: 1360
Timepoint not recorded. dt_out:200050 is bigger than timepoint: 1360
Timepoint not recorded. dt_out:200025 is bigger than timepoint: 1360
Timepoint not recorded. dt_out:200050 is bigger than timepoint: 1360
Timepoint not recorded. dt_out:200050 is bigger than timepoint: 1360
Timepoint not recorded. dt_out:200050 is bigger than timepoint: 1360
Timepoint not recorded. dt_out:200075 is bigger than timepoint: 1360
Timepoint not recorded. dt_out:200025 is bigger than timepoint: 1360
Timepoint not recorded. dt_out:200075 is bigger than timepoint: 1360
Timepoint not recorded. dt_out:200050 is bigger than timepoint: 1360
Timepoint not recorded. dt_out:200075 is bigger than timepoint: 1360
Timepoint not recorded. dt_out:200075 is bigger than timepoint: 1360
Timepoint not recorded. dt_out:200075 is bigger than timepoint: 1360
Timepoint not recorded. dt_out:200025 is bigger than timepoint: 1360
Timepoint not recorded. dt_out:200025 is bigger than timepoint: 1360
Timepoint not recorded. dt_out:200075 is bigger than timepoint: 1360
Timepoint not recorded. dt_out:200050 is bigger than timepoint: 1360
Timepoint not recorded. dt_out:200050 is bigger than timepoint: 1360
Timepoint not recorded. dt_out:2075 is bigger than timepoint: 1360
SAV_Python_2000_dt_5.50e-06_Nx_128_periodic_dtout_1050pphi.csv
Exception type : ValueError 
Exception message : could not convert string to float: '(-0.04731242694355918+0j)'
Stack trace : ['File : /sfs/gpfs/tardis/home/xpz5km/Cahn_Hilliard_Model_HPC/spinodal_decomp/compare_phi_norms.py , Line : 68, Func.Name : compare_phis_norm_at_timepoint, Message : snapshot = read_specific_lines(f"{root}/{fname}", line_list)', 'File : /sfs/gpfs/tardis/home/xpz5km/Cahn_Hilliard_Model_HPC/spinodal_decomp/compare_phi_norms.py , Line : 19, Func.Name : read_specific_lines, Message : digits.append(float(i))']
Timepoint not recorded. dt_out:200025 is bigger than timepoint: 1360
SAV_Python_2000_dt_5.50e-06_Nx_128_neumann_dtout_1050pphi.csv
Exception type : ValueError 
Exception message : could not convert string to float: '(0.07783084070798453+0j)'
Stack trace : ['File : /sfs/gpfs/tardis/home/xpz5km/Cahn_Hilliard_Model_HPC/spinodal_decomp/compare_phi_norms.py , Line : 68, Func.Name : compare_phis_norm_at_timepoint, Message : snapshot = read_specific_lines(f"{root}/{fname}", line_list)', 'File : /sfs/gpfs/tardis/home/xpz5km/Cahn_Hilliard_Model_HPC/spinodal_decomp/compare_phi_norms.py , Line : 19, Func.Name : read_specific_lines, Message : digits.append(float(i))']
Timepoint not recorded. dt_out:2025 is bigger than timepoint: 1360
Timepoint not recorded. dt_out:200050 is bigger than timepoint: 1360
Timepoint not recorded. dt_out:2025 is bigger than timepoint: 1360
Timepoint not recorded. dt_out:2050 is bigger than timepoint: 1360
Timepoint not recorded. dt_out:200025 is bigger than timepoint: 1360
Timepoint not recorded. dt_out:200075 is bigger than timepoint: 1360
Timepoint not recorded. dt_out:200025 is bigger than timepoint: 1360
SAV_Python_2000_dt_5.50e-06_Nx_64_periodic_dtout_1050pphi.csv
Exception type : ValueError 
Exception message : could not convert string to float: '(-0.3067563742823059+0j)'
Stack trace : ['File : /sfs/gpfs/tardis/home/xpz5km/Cahn_Hilliard_Model_HPC/spinodal_decomp/compare_phi_norms.py , Line : 68, Func.Name : compare_phis_norm_at_timepoint, Message : snapshot = read_specific_lines(f"{root}/{fname}", line_list)', 'File : /sfs/gpfs/tardis/home/xpz5km/Cahn_Hilliard_Model_HPC/spinodal_decomp/compare_phi_norms.py , Line : 19, Func.Name : read_specific_lines, Message : digits.append(float(i))']
Timepoint not recorded. dt_out:200075 is bigger than timepoint: 1360
Timepoint not recorded. dt_out:200075 is bigger than timepoint: 1360
Timepoint not recorded. dt_out:200075 is bigger than timepoint: 1360
Timepoint not recorded. dt_out:2050 is bigger than timepoint: 1360
SAV_Python_2000_dt_5.50e-06_Nx_64_periodic_dtout_1075pphi.csv
Exception type : ValueError 
Exception message : could not convert string to float: '(0.23427047980426077+0j)'
Stack trace : ['File : /sfs/gpfs/tardis/home/xpz5km/Cahn_Hilliard_Model_HPC/spinodal_decomp/compare_phi_norms.py , Line : 68, Func.Name : compare_phis_norm_at_timepoint, Message : snapshot = read_specific_lines(f"{root}/{fname}", line_list)', 'File : /sfs/gpfs/tardis/home/xpz5km/Cahn_Hilliard_Model_HPC/spinodal_decomp/compare_phi_norms.py , Line : 19, Func.Name : read_specific_lines, Message : digits.append(float(i))']
Timepoint not recorded. dt_out:200025 is bigger than timepoint: 1360
SAV_Python_2000_dt_5.50e-06_Nx_256_neumann_dtout_1075pphi.csv
Exception type : ValueError 
Exception message : could not convert string to float: '(0.5341071689220839+0j)'
Stack trace : ['File : /sfs/gpfs/tardis/home/xpz5km/Cahn_Hilliard_Model_HPC/spinodal_decomp/compare_phi_norms.py , Line : 68, Func.Name : compare_phis_norm_at_timepoint, Message : snapshot = read_specific_lines(f"{root}/{fname}", line_list)', 'File : /sfs/gpfs/tardis/home/xpz5km/Cahn_Hilliard_Model_HPC/spinodal_decomp/compare_phi_norms.py , Line : 19, Func.Name : read_specific_lines, Message : digits.append(float(i))']
SAV_Python_2000_dt_5.50e-06_Nx_64_periodic_dtout_1025pphi.csv
Exception type : ValueError 
Exception message : could not convert string to float: '(-0.6514819018988318+0j)'
Stack trace : ['File : /sfs/gpfs/tardis/home/xpz5km/Cahn_Hilliard_Model_HPC/spinodal_decomp/compare_phi_norms.py , Line : 68, Func.Name : compare_phis_norm_at_timepoint, Message : snapshot = read_specific_lines(f"{root}/{fname}", line_list)', 'File : /sfs/gpfs/tardis/home/xpz5km/Cahn_Hilliard_Model_HPC/spinodal_decomp/compare_phi_norms.py , Line : 19, Func.Name : read_specific_lines, Message : digits.append(float(i))']
SAV_Python_2000_dt_5.50e-06_Nx_512_neumann_dtout_1025pphi.csv
Exception type : ValueError 
Exception message : could not convert string to float: '(-0.4443082835495832+0j)'
Stack trace : ['File : /sfs/gpfs/tardis/home/xpz5km/Cahn_Hilliard_Model_HPC/spinodal_decomp/compare_phi_norms.py , Line : 68, Func.Name : compare_phis_norm_at_timepoint, Message : snapshot = read_specific_lines(f"{root}/{fname}", line_list)', 'File : /sfs/gpfs/tardis/home/xpz5km/Cahn_Hilliard_Model_HPC/spinodal_decomp/compare_phi_norms.py , Line : 19, Func.Name : read_specific_lines, Message : digits.append(float(i))']
SAV_Python_2000_dt_5.50e-06_Nx_256_neumann_dtout_1050pphi.csv
Exception type : ValueError 
Exception message : could not convert string to float: '(0.06111685755550681+0j)'
Stack trace : ['File : /sfs/gpfs/tardis/home/xpz5km/Cahn_Hilliard_Model_HPC/spinodal_decomp/compare_phi_norms.py , Line : 68, Func.Name : compare_phis_norm_at_timepoint, Message : snapshot = read_specific_lines(f"{root}/{fname}", line_list)', 'File : /sfs/gpfs/tardis/home/xpz5km/Cahn_Hilliard_Model_HPC/spinodal_decomp/compare_phi_norms.py , Line : 19, Func.Name : read_specific_lines, Message : digits.append(float(i))']
SAV_Python_2000_dt_5.50e-06_Nx_512_periodic_dtout_1025pphi.csv
Exception type : ValueError 
Exception message : could not convert string to float: '(-0.486864175128315+0j)'
Stack trace : ['File : /sfs/gpfs/tardis/home/xpz5km/Cahn_Hilliard_Model_HPC/spinodal_decomp/compare_phi_norms.py , Line : 68, Func.Name : compare_phis_norm_at_timepoint, Message : snapshot = read_specific_lines(f"{root}/{fname}", line_list)', 'File : /sfs/gpfs/tardis/home/xpz5km/Cahn_Hilliard_Model_HPC/spinodal_decomp/compare_phi_norms.py , Line : 19, Func.Name : read_specific_lines, Message : digits.append(float(i))']
Timepoint not recorded. dt_out:200050 is bigger than timepoint: 1360
Timepoint not recorded. dt_out:200050 is bigger than timepoint: 1360
SAV_Python_2000_dt_5.50e-06_Nx_512_neumann_dtout_1075pphi.csv
Exception type : ValueError 
Exception message : could not convert string to float: '(0.5556194383362513+0j)'
Stack trace : ['File : /sfs/gpfs/tardis/home/xpz5km/Cahn_Hilliard_Model_HPC/spinodal_decomp/compare_phi_norms.py , Line : 68, Func.Name : compare_phis_norm_at_timepoint, Message : snapshot = read_specific_lines(f"{root}/{fname}", line_list)', 'File : /sfs/gpfs/tardis/home/xpz5km/Cahn_Hilliard_Model_HPC/spinodal_decomp/compare_phi_norms.py , Line : 19, Func.Name : read_specific_lines, Message : digits.append(float(i))']
SAV_Python_2000_dt_5.50e-06_Nx_128_neumann_dtout_1025pphi.csv
Exception type : ValueError 
Exception message : could not convert string to float: '(-0.49096617938888104+0j)'
Stack trace : ['File : /sfs/gpfs/tardis/home/xpz5km/Cahn_Hilliard_Model_HPC/spinodal_decomp/compare_phi_norms.py , Line : 68, Func.Name : compare_phis_norm_at_timepoint, Message : snapshot = read_specific_lines(f"{root}/{fname}", line_list)', 'File : /sfs/gpfs/tardis/home/xpz5km/Cahn_Hilliard_Model_HPC/spinodal_decomp/compare_phi_norms.py , Line : 19, Func.Name : read_specific_lines, Message : digits.append(float(i))']
Timepoint not recorded. dt_out:2050 is bigger than timepoint: 1360
Timepoint not recorded. dt_out:2025 is bigger than timepoint: 1360
Timepoint not recorded. dt_out:200050 is bigger than timepoint: 1360
SAV_Python_2000_dt_5.50e-06_Nx_512_periodic_dtout_1050pphi.csv
Exception type : ValueError 
Exception message : could not convert string to float: '(-0.10425635165549449+0j)'
Stack trace : ['File : /sfs/gpfs/tardis/home/xpz5km/Cahn_Hilliard_Model_HPC/spinodal_decomp/compare_phi_norms.py , Line : 68, Func.Name : compare_phis_norm_at_timepoint, Message : snapshot = read_specific_lines(f"{root}/{fname}", line_list)', 'File : /sfs/gpfs/tardis/home/xpz5km/Cahn_Hilliard_Model_HPC/spinodal_decomp/compare_phi_norms.py , Line : 19, Func.Name : read_specific_lines, Message : digits.append(float(i))']
Timepoint not recorded. dt_out:200075 is bigger than timepoint: 1360
Timepoint not recorded. dt_out:2025 is bigger than timepoint: 1360
Timepoint not recorded. dt_out:2050 is bigger than timepoint: 1360
Timepoint not recorded. dt_out:2075 is bigger than timepoint: 1360
Timepoint not recorded. dt_out:200025 is bigger than timepoint: 1360
Timepoint not recorded. dt_out:200025 is bigger than timepoint: 1360
SAV_Python_2000_dt_5.50e-06_Nx_256_neumann_dtout_1025pphi.csv
Exception type : ValueError 
Exception message : could not convert string to float: '(-0.3834640706005569+0j)'
Stack trace : ['File : /sfs/gpfs/tardis/home/xpz5km/Cahn_Hilliard_Model_HPC/spinodal_decomp/compare_phi_norms.py , Line : 68, Func.Name : compare_phis_norm_at_timepoint, Message : snapshot = read_specific_lines(f"{root}/{fname}", line_list)', 'File : /sfs/gpfs/tardis/home/xpz5km/Cahn_Hilliard_Model_HPC/spinodal_decomp/compare_phi_norms.py , Line : 19, Func.Name : read_specific_lines, Message : digits.append(float(i))']
Timepoint not recorded. dt_out:2050 is bigger than timepoint: 1360
Timepoint not recorded. dt_out:200075 is bigger than timepoint: 1360
SAV_Python_2000_dt_5.50e-06_Nx_512_periodic_dtout_1075pphi.csv
Exception type : ValueError 
Exception message : could not convert string to float: '(0.5587095347720374+0j)'
Stack trace : ['File : /sfs/gpfs/tardis/home/xpz5km/Cahn_Hilliard_Model_HPC/spinodal_decomp/compare_phi_norms.py , Line : 68, Func.Name : compare_phis_norm_at_timepoint, Message : snapshot = read_specific_lines(f"{root}/{fname}", line_list)', 'File : /sfs/gpfs/tardis/home/xpz5km/Cahn_Hilliard_Model_HPC/spinodal_decomp/compare_phi_norms.py , Line : 19, Func.Name : read_specific_lines, Message : digits.append(float(i))']
SAV_Python_2000_dt_5.50e-06_Nx_128_periodic_dtout_1075pphi.csv
Exception type : ValueError 
Exception message : could not convert string to float: '(0.8112624221723838+0j)'
Stack trace : ['File : /sfs/gpfs/tardis/home/xpz5km/Cahn_Hilliard_Model_HPC/spinodal_decomp/compare_phi_norms.py , Line : 68, Func.Name : compare_phis_norm_at_timepoint, Message : snapshot = read_specific_lines(f"{root}/{fname}", line_list)', 'File : /sfs/gpfs/tardis/home/xpz5km/Cahn_Hilliard_Model_HPC/spinodal_decomp/compare_phi_norms.py , Line : 19, Func.Name : read_specific_lines, Message : digits.append(float(i))']
Timepoint not recorded. dt_out:200025 is bigger than timepoint: 1360
Timepoint not recorded. dt_out:2075 is bigger than timepoint: 1360
Timepoint not recorded. dt_out:200050 is bigger than timepoint: 1360
Timepoint not recorded. dt_out:200050 is bigger than timepoint: 1360
Timepoint not recorded. dt_out:2075 is bigger than timepoint: 1360
Timepoint not recorded. dt_out:2025 is bigger than timepoint: 1360
Timepoint not recorded. dt_out:2075 is bigger than timepoint: 1360
SAV_Python_2000_dt_5.50e-06_Nx_128_periodic_dtout_1025pphi.csv
Exception type : ValueError 
Exception message : could not convert string to float: '(-0.5422916037111252+0j)'
Stack trace : ['File : /sfs/gpfs/tardis/home/xpz5km/Cahn_Hilliard_Model_HPC/spinodal_decomp/compare_phi_norms.py , Line : 68, Func.Name : compare_phis_norm_at_timepoint, Message : snapshot = read_specific_lines(f"{root}/{fname}", line_list)', 'File : /sfs/gpfs/tardis/home/xpz5km/Cahn_Hilliard_Model_HPC/spinodal_decomp/compare_phi_norms.py , Line : 19, Func.Name : read_specific_lines, Message : digits.append(float(i))']
SAV_Python_2000_dt_5.50e-06_Nx_64_neumann_dtout_1025pphi.csv
Exception type : ValueError 
Exception message : could not convert string to float: '(0.004252349822637114+0j)'
Stack trace : ['File : /sfs/gpfs/tardis/home/xpz5km/Cahn_Hilliard_Model_HPC/spinodal_decomp/compare_phi_norms.py , Line : 68, Func.Name : compare_phis_norm_at_timepoint, Message : snapshot = read_specific_lines(f"{root}/{fname}", line_list)', 'File : /sfs/gpfs/tardis/home/xpz5km/Cahn_Hilliard_Model_HPC/spinodal_decomp/compare_phi_norms.py , Line : 19, Func.Name : read_specific_lines, Message : digits.append(float(i))']
Timepoint not recorded. dt_out:200050 is bigger than timepoint: 1360
Timepoint not recorded. dt_out:2075 is bigger than timepoint: 1360
Timepoint not recorded. dt_out:2025 is bigger than timepoint: 1360
SAV_Python_2000_dt_5.50e-06_Nx_256_periodic_dtout_1025pphi.csv
Exception type : ValueError 
Exception message : could not convert string to float: '(-0.39214607973896637+0j)'
Stack trace : ['File : /sfs/gpfs/tardis/home/xpz5km/Cahn_Hilliard_Model_HPC/spinodal_decomp/compare_phi_norms.py , Line : 68, Func.Name : compare_phis_norm_at_timepoint, Message : snapshot = read_specific_lines(f"{root}/{fname}", line_list)', 'File : /sfs/gpfs/tardis/home/xpz5km/Cahn_Hilliard_Model_HPC/spinodal_decomp/compare_phi_norms.py , Line : 19, Func.Name : read_specific_lines, Message : digits.append(float(i))']
Timepoint not recorded. dt_out:200075 is bigger than timepoint: 1360
Timepoint not recorded. dt_out:2050 is bigger than timepoint: 1360
Timepoint not recorded. dt_out:2050 is bigger than timepoint: 1360
SAV_Python_2000_dt_5.50e-06_Nx_256_periodic_dtout_1075pphi.csv
Exception type : ValueError 
Exception message : could not convert string to float: '(0.3489066538692666+0j)'
Stack trace : ['File : /sfs/gpfs/tardis/home/xpz5km/Cahn_Hilliard_Model_HPC/spinodal_decomp/compare_phi_norms.py , Line : 68, Func.Name : compare_phis_norm_at_timepoint, Message : snapshot = read_specific_lines(f"{root}/{fname}", line_list)', 'File : /sfs/gpfs/tardis/home/xpz5km/Cahn_Hilliard_Model_HPC/spinodal_decomp/compare_phi_norms.py , Line : 19, Func.Name : read_specific_lines, Message : digits.append(float(i))']
Timepoint not recorded. dt_out:200050 is bigger than timepoint: 1360
Timepoint not recorded. dt_out:2050 is bigger than timepoint: 1360
Timepoint not recorded. dt_out:200025 is bigger than timepoint: 1360
Timepoint not recorded. dt_out:2075 is bigger than timepoint: 1360
Timepoint not recorded. dt_out:2025 is bigger than timepoint: 1360
SAV_Python_2000_dt_5.50e-06_Nx_512_neumann_dtout_1050pphi.csv
Exception type : ValueError 
Exception message : could not convert string to float: '(0.04466954916061495+0j)'
Stack trace : ['File : /sfs/gpfs/tardis/home/xpz5km/Cahn_Hilliard_Model_HPC/spinodal_decomp/compare_phi_norms.py , Line : 68, Func.Name : compare_phis_norm_at_timepoint, Message : snapshot = read_specific_lines(f"{root}/{fname}", line_list)', 'File : /sfs/gpfs/tardis/home/xpz5km/Cahn_Hilliard_Model_HPC/spinodal_decomp/compare_phi_norms.py , Line : 19, Func.Name : read_specific_lines, Message : digits.append(float(i))']
Timepoint not recorded. dt_out:200075 is bigger than timepoint: 1360
Timepoint not recorded. dt_out:2025 is bigger than timepoint: 1360
SAV_Python_2000_dt_5.50e-06_Nx_256_periodic_dtout_1050pphi.csv
Exception type : ValueError 
Exception message : could not convert string to float: '(0.08090980648723232+0j)'
Stack trace : ['File : /sfs/gpfs/tardis/home/xpz5km/Cahn_Hilliard_Model_HPC/spinodal_decomp/compare_phi_norms.py , Line : 68, Func.Name : compare_phis_norm_at_timepoint, Message : snapshot = read_specific_lines(f"{root}/{fname}", line_list)', 'File : /sfs/gpfs/tardis/home/xpz5km/Cahn_Hilliard_Model_HPC/spinodal_decomp/compare_phi_norms.py , Line : 19, Func.Name : read_specific_lines, Message : digits.append(float(i))']
Timepoint not recorded. dt_out:2075 is bigger than timepoint: 1360
SAV_Python_2000_dt_5.50e-06_Nx_64_neumann_dtout_1075pphi.csv
Exception type : ValueError 
Exception message : could not convert string to float: '(0.11492478936643384+0j)'
Stack trace : ['File : /sfs/gpfs/tardis/home/xpz5km/Cahn_Hilliard_Model_HPC/spinodal_decomp/compare_phi_norms.py , Line : 68, Func.Name : compare_phis_norm_at_timepoint, Message : snapshot = read_specific_lines(f"{root}/{fname}", line_list)', 'File : /sfs/gpfs/tardis/home/xpz5km/Cahn_Hilliard_Model_HPC/spinodal_decomp/compare_phi_norms.py , Line : 19, Func.Name : read_specific_lines, Message : digits.append(float(i))']
SAV_Python_2000_dt_5.50e-06_Nx_128_neumann_dtout_1075pphi.csv
Exception type : ValueError 
Exception message : could not convert string to float: '(0.6882309916452082+0j)'
Stack trace : ['File : /sfs/gpfs/tardis/home/xpz5km/Cahn_Hilliard_Model_HPC/spinodal_decomp/compare_phi_norms.py , Line : 68, Func.Name : compare_phis_norm_at_timepoint, Message : snapshot = read_specific_lines(f"{root}/{fname}", line_list)', 'File : /sfs/gpfs/tardis/home/xpz5km/Cahn_Hilliard_Model_HPC/spinodal_decomp/compare_phi_norms.py , Line : 19, Func.Name : read_specific_lines, Message : digits.append(float(i))']
SAV_Python_2000_dt_5.50e-06_Nx_64_neumann_dtout_1050pphi.csv
Exception type : ValueError 
Exception message : could not convert string to float: '(-0.16480016687456853+0j)'
Stack trace : ['File : /sfs/gpfs/tardis/home/xpz5km/Cahn_Hilliard_Model_HPC/spinodal_decomp/compare_phi_norms.py , Line : 68, Func.Name : compare_phis_norm_at_timepoint, Message : snapshot = read_specific_lines(f"{root}/{fname}", line_list)', 'File : /sfs/gpfs/tardis/home/xpz5km/Cahn_Hilliard_Model_HPC/spinodal_decomp/compare_phi_norms.py , Line : 19, Func.Name : read_specific_lines, Message : digits.append(float(i))']
1400
Timepoint not recorded. dt_out:200025 is bigger than timepoint: 1400
Timepoint not recorded. dt_out:200025 is bigger than timepoint: 1400
Timepoint not recorded. dt_out:200025 is bigger than timepoint: 1400
Timepoint not recorded. dt_out:200025 is bigger than timepoint: 1400
Timepoint not recorded. dt_out:200050 is bigger than timepoint: 1400
Timepoint not recorded. dt_out:200025 is bigger than timepoint: 1400
Timepoint not recorded. dt_out:200050 is bigger than timepoint: 1400
Timepoint not recorded. dt_out:200075 is bigger than timepoint: 1400
Timepoint not recorded. dt_out:200075 is bigger than timepoint: 1400
Timepoint not recorded. dt_out:200075 is bigger than timepoint: 1400
Timepoint not recorded. dt_out:200025 is bigger than timepoint: 1400
Timepoint not recorded. dt_out:200050 is bigger than timepoint: 1400
Timepoint not recorded. dt_out:200025 is bigger than timepoint: 1400
Timepoint not recorded. dt_out:200050 is bigger than timepoint: 1400
Timepoint not recorded. dt_out:200075 is bigger than timepoint: 1400
Timepoint not recorded. dt_out:200025 is bigger than timepoint: 1400
Timepoint not recorded. dt_out:200075 is bigger than timepoint: 1400
Timepoint not recorded. dt_out:200075 is bigger than timepoint: 1400
Timepoint not recorded. dt_out:200025 is bigger than timepoint: 1400
Timepoint not recorded. dt_out:200075 is bigger than timepoint: 1400
Timepoint not recorded. dt_out:200025 is bigger than timepoint: 1400
Timepoint not recorded. dt_out:200075 is bigger than timepoint: 1400
Timepoint not recorded. dt_out:200025 is bigger than timepoint: 1400
Timepoint not recorded. dt_out:200050 is bigger than timepoint: 1400
Timepoint not recorded. dt_out:200075 is bigger than timepoint: 1400
Timepoint not recorded. dt_out:200050 is bigger than timepoint: 1400
Timepoint not recorded. dt_out:200075 is bigger than timepoint: 1400
Timepoint not recorded. dt_out:200025 is bigger than timepoint: 1400
Timepoint not recorded. dt_out:200050 is bigger than timepoint: 1400
Timepoint not recorded. dt_out:200050 is bigger than timepoint: 1400
Timepoint not recorded. dt_out:200050 is bigger than timepoint: 1400
Timepoint not recorded. dt_out:200050 is bigger than timepoint: 1400
Timepoint not recorded. dt_out:200025 is bigger than timepoint: 1400
Timepoint not recorded. dt_out:200050 is bigger than timepoint: 1400
Timepoint not recorded. dt_out:200050 is bigger than timepoint: 1400
Timepoint not recorded. dt_out:200050 is bigger than timepoint: 1400
Timepoint not recorded. dt_out:200075 is bigger than timepoint: 1400
Timepoint not recorded. dt_out:200025 is bigger than timepoint: 1400
Timepoint not recorded. dt_out:200075 is bigger than timepoint: 1400
Timepoint not recorded. dt_out:200050 is bigger than timepoint: 1400
Timepoint not recorded. dt_out:200075 is bigger than timepoint: 1400
Timepoint not recorded. dt_out:200075 is bigger than timepoint: 1400
Timepoint not recorded. dt_out:200075 is bigger than timepoint: 1400
Timepoint not recorded. dt_out:200025 is bigger than timepoint: 1400
Timepoint not recorded. dt_out:200025 is bigger than timepoint: 1400
Timepoint not recorded. dt_out:200075 is bigger than timepoint: 1400
Timepoint not recorded. dt_out:200050 is bigger than timepoint: 1400
Timepoint not recorded. dt_out:200050 is bigger than timepoint: 1400
Timepoint not recorded. dt_out:2075 is bigger than timepoint: 1400
SAV_Python_2000_dt_5.50e-06_Nx_128_periodic_dtout_1050pphi.csv
Exception type : ValueError 
Exception message : could not convert string to float: '(-0.499558166096794+0j)'
Stack trace : ['File : /sfs/gpfs/tardis/home/xpz5km/Cahn_Hilliard_Model_HPC/spinodal_decomp/compare_phi_norms.py , Line : 68, Func.Name : compare_phis_norm_at_timepoint, Message : snapshot = read_specific_lines(f"{root}/{fname}", line_list)', 'File : /sfs/gpfs/tardis/home/xpz5km/Cahn_Hilliard_Model_HPC/spinodal_decomp/compare_phi_norms.py , Line : 19, Func.Name : read_specific_lines, Message : digits.append(float(i))']
Timepoint not recorded. dt_out:200025 is bigger than timepoint: 1400
SAV_Python_2000_dt_5.50e-06_Nx_128_neumann_dtout_1050pphi.csv
Exception type : ValueError 
Exception message : could not convert string to float: '(-0.7360905179225743+0j)'
Stack trace : ['File : /sfs/gpfs/tardis/home/xpz5km/Cahn_Hilliard_Model_HPC/spinodal_decomp/compare_phi_norms.py , Line : 68, Func.Name : compare_phis_norm_at_timepoint, Message : snapshot = read_specific_lines(f"{root}/{fname}", line_list)', 'File : /sfs/gpfs/tardis/home/xpz5km/Cahn_Hilliard_Model_HPC/spinodal_decomp/compare_phi_norms.py , Line : 19, Func.Name : read_specific_lines, Message : digits.append(float(i))']
Timepoint not recorded. dt_out:2025 is bigger than timepoint: 1400
Timepoint not recorded. dt_out:200050 is bigger than timepoint: 1400
Timepoint not recorded. dt_out:2025 is bigger than timepoint: 1400
Timepoint not recorded. dt_out:2050 is bigger than timepoint: 1400
Timepoint not recorded. dt_out:200025 is bigger than timepoint: 1400
Timepoint not recorded. dt_out:200075 is bigger than timepoint: 1400
Timepoint not recorded. dt_out:200025 is bigger than timepoint: 1400
SAV_Python_2000_dt_5.50e-06_Nx_64_periodic_dtout_1050pphi.csv
Exception type : ValueError 
Exception message : could not convert string to float: '(-0.024312880655132214+0j)'
Stack trace : ['File : /sfs/gpfs/tardis/home/xpz5km/Cahn_Hilliard_Model_HPC/spinodal_decomp/compare_phi_norms.py , Line : 68, Func.Name : compare_phis_norm_at_timepoint, Message : snapshot = read_specific_lines(f"{root}/{fname}", line_list)', 'File : /sfs/gpfs/tardis/home/xpz5km/Cahn_Hilliard_Model_HPC/spinodal_decomp/compare_phi_norms.py , Line : 19, Func.Name : read_specific_lines, Message : digits.append(float(i))']
Timepoint not recorded. dt_out:200075 is bigger than timepoint: 1400
Timepoint not recorded. dt_out:200075 is bigger than timepoint: 1400
Timepoint not recorded. dt_out:200075 is bigger than timepoint: 1400
Timepoint not recorded. dt_out:2050 is bigger than timepoint: 1400
SAV_Python_2000_dt_5.50e-06_Nx_64_periodic_dtout_1075pphi.csv
Exception type : ValueError 
Exception message : could not convert string to float: '(0.5142682227348492+0j)'
Stack trace : ['File : /sfs/gpfs/tardis/home/xpz5km/Cahn_Hilliard_Model_HPC/spinodal_decomp/compare_phi_norms.py , Line : 68, Func.Name : compare_phis_norm_at_timepoint, Message : snapshot = read_specific_lines(f"{root}/{fname}", line_list)', 'File : /sfs/gpfs/tardis/home/xpz5km/Cahn_Hilliard_Model_HPC/spinodal_decomp/compare_phi_norms.py , Line : 19, Func.Name : read_specific_lines, Message : digits.append(float(i))']
Timepoint not recorded. dt_out:200025 is bigger than timepoint: 1400
SAV_Python_2000_dt_5.50e-06_Nx_256_neumann_dtout_1075pphi.csv
Exception type : ValueError 
Exception message : could not convert string to float: '(0.536782781737697+0j)'
Stack trace : ['File : /sfs/gpfs/tardis/home/xpz5km/Cahn_Hilliard_Model_HPC/spinodal_decomp/compare_phi_norms.py , Line : 68, Func.Name : compare_phis_norm_at_timepoint, Message : snapshot = read_specific_lines(f"{root}/{fname}", line_list)', 'File : /sfs/gpfs/tardis/home/xpz5km/Cahn_Hilliard_Model_HPC/spinodal_decomp/compare_phi_norms.py , Line : 19, Func.Name : read_specific_lines, Message : digits.append(float(i))']
SAV_Python_2000_dt_5.50e-06_Nx_64_periodic_dtout_1025pphi.csv
Exception type : ValueError 
Exception message : could not convert string to float: '(-1.1105362163457073+0j)'
Stack trace : ['File : /sfs/gpfs/tardis/home/xpz5km/Cahn_Hilliard_Model_HPC/spinodal_decomp/compare_phi_norms.py , Line : 68, Func.Name : compare_phis_norm_at_timepoint, Message : snapshot = read_specific_lines(f"{root}/{fname}", line_list)', 'File : /sfs/gpfs/tardis/home/xpz5km/Cahn_Hilliard_Model_HPC/spinodal_decomp/compare_phi_norms.py , Line : 19, Func.Name : read_specific_lines, Message : digits.append(float(i))']
SAV_Python_2000_dt_5.50e-06_Nx_512_neumann_dtout_1025pphi.csv
Exception type : ValueError 
Exception message : could not convert string to float: '(-0.5164202982573752+0j)'
Stack trace : ['File : /sfs/gpfs/tardis/home/xpz5km/Cahn_Hilliard_Model_HPC/spinodal_decomp/compare_phi_norms.py , Line : 68, Func.Name : compare_phis_norm_at_timepoint, Message : snapshot = read_specific_lines(f"{root}/{fname}", line_list)', 'File : /sfs/gpfs/tardis/home/xpz5km/Cahn_Hilliard_Model_HPC/spinodal_decomp/compare_phi_norms.py , Line : 19, Func.Name : read_specific_lines, Message : digits.append(float(i))']
SAV_Python_2000_dt_5.50e-06_Nx_256_neumann_dtout_1050pphi.csv
Exception type : ValueError 
Exception message : could not convert string to float: '(-0.0512488526718336+0j)'
Stack trace : ['File : /sfs/gpfs/tardis/home/xpz5km/Cahn_Hilliard_Model_HPC/spinodal_decomp/compare_phi_norms.py , Line : 68, Func.Name : compare_phis_norm_at_timepoint, Message : snapshot = read_specific_lines(f"{root}/{fname}", line_list)', 'File : /sfs/gpfs/tardis/home/xpz5km/Cahn_Hilliard_Model_HPC/spinodal_decomp/compare_phi_norms.py , Line : 19, Func.Name : read_specific_lines, Message : digits.append(float(i))']
SAV_Python_2000_dt_5.50e-06_Nx_512_periodic_dtout_1025pphi.csv
Exception type : ValueError 
Exception message : could not convert string to float: '(-0.3677391552232382+0j)'
Stack trace : ['File : /sfs/gpfs/tardis/home/xpz5km/Cahn_Hilliard_Model_HPC/spinodal_decomp/compare_phi_norms.py , Line : 68, Func.Name : compare_phis_norm_at_timepoint, Message : snapshot = read_specific_lines(f"{root}/{fname}", line_list)', 'File : /sfs/gpfs/tardis/home/xpz5km/Cahn_Hilliard_Model_HPC/spinodal_decomp/compare_phi_norms.py , Line : 19, Func.Name : read_specific_lines, Message : digits.append(float(i))']
Timepoint not recorded. dt_out:200050 is bigger than timepoint: 1400
Timepoint not recorded. dt_out:200050 is bigger than timepoint: 1400
SAV_Python_2000_dt_5.50e-06_Nx_512_neumann_dtout_1075pphi.csv
Exception type : ValueError 
Exception message : could not convert string to float: '(0.505909375394624+0j)'
Stack trace : ['File : /sfs/gpfs/tardis/home/xpz5km/Cahn_Hilliard_Model_HPC/spinodal_decomp/compare_phi_norms.py , Line : 68, Func.Name : compare_phis_norm_at_timepoint, Message : snapshot = read_specific_lines(f"{root}/{fname}", line_list)', 'File : /sfs/gpfs/tardis/home/xpz5km/Cahn_Hilliard_Model_HPC/spinodal_decomp/compare_phi_norms.py , Line : 19, Func.Name : read_specific_lines, Message : digits.append(float(i))']
SAV_Python_2000_dt_5.50e-06_Nx_128_neumann_dtout_1025pphi.csv
Exception type : ValueError 
Exception message : could not convert string to float: '(-0.6935309092773106+0j)'
Stack trace : ['File : /sfs/gpfs/tardis/home/xpz5km/Cahn_Hilliard_Model_HPC/spinodal_decomp/compare_phi_norms.py , Line : 68, Func.Name : compare_phis_norm_at_timepoint, Message : snapshot = read_specific_lines(f"{root}/{fname}", line_list)', 'File : /sfs/gpfs/tardis/home/xpz5km/Cahn_Hilliard_Model_HPC/spinodal_decomp/compare_phi_norms.py , Line : 19, Func.Name : read_specific_lines, Message : digits.append(float(i))']
Timepoint not recorded. dt_out:2050 is bigger than timepoint: 1400
Timepoint not recorded. dt_out:2025 is bigger than timepoint: 1400
Timepoint not recorded. dt_out:200050 is bigger than timepoint: 1400
SAV_Python_2000_dt_5.50e-06_Nx_512_periodic_dtout_1050pphi.csv
Exception type : ValueError 
Exception message : could not convert string to float: '(-0.042463914408787516+0j)'
Stack trace : ['File : /sfs/gpfs/tardis/home/xpz5km/Cahn_Hilliard_Model_HPC/spinodal_decomp/compare_phi_norms.py , Line : 68, Func.Name : compare_phis_norm_at_timepoint, Message : snapshot = read_specific_lines(f"{root}/{fname}", line_list)', 'File : /sfs/gpfs/tardis/home/xpz5km/Cahn_Hilliard_Model_HPC/spinodal_decomp/compare_phi_norms.py , Line : 19, Func.Name : read_specific_lines, Message : digits.append(float(i))']
Timepoint not recorded. dt_out:200075 is bigger than timepoint: 1400
Timepoint not recorded. dt_out:2025 is bigger than timepoint: 1400
Timepoint not recorded. dt_out:2050 is bigger than timepoint: 1400
Timepoint not recorded. dt_out:2075 is bigger than timepoint: 1400
Timepoint not recorded. dt_out:200025 is bigger than timepoint: 1400
Timepoint not recorded. dt_out:200025 is bigger than timepoint: 1400
SAV_Python_2000_dt_5.50e-06_Nx_256_neumann_dtout_1025pphi.csv
Exception type : ValueError 
Exception message : could not convert string to float: '(-0.32712238674014216+0j)'
Stack trace : ['File : /sfs/gpfs/tardis/home/xpz5km/Cahn_Hilliard_Model_HPC/spinodal_decomp/compare_phi_norms.py , Line : 68, Func.Name : compare_phis_norm_at_timepoint, Message : snapshot = read_specific_lines(f"{root}/{fname}", line_list)', 'File : /sfs/gpfs/tardis/home/xpz5km/Cahn_Hilliard_Model_HPC/spinodal_decomp/compare_phi_norms.py , Line : 19, Func.Name : read_specific_lines, Message : digits.append(float(i))']
Timepoint not recorded. dt_out:2050 is bigger than timepoint: 1400
Timepoint not recorded. dt_out:200075 is bigger than timepoint: 1400
SAV_Python_2000_dt_5.50e-06_Nx_512_periodic_dtout_1075pphi.csv
Exception type : ValueError 
Exception message : could not convert string to float: '(0.5139241656571083+0j)'
Stack trace : ['File : /sfs/gpfs/tardis/home/xpz5km/Cahn_Hilliard_Model_HPC/spinodal_decomp/compare_phi_norms.py , Line : 68, Func.Name : compare_phis_norm_at_timepoint, Message : snapshot = read_specific_lines(f"{root}/{fname}", line_list)', 'File : /sfs/gpfs/tardis/home/xpz5km/Cahn_Hilliard_Model_HPC/spinodal_decomp/compare_phi_norms.py , Line : 19, Func.Name : read_specific_lines, Message : digits.append(float(i))']
SAV_Python_2000_dt_5.50e-06_Nx_128_periodic_dtout_1075pphi.csv
Exception type : ValueError 
Exception message : could not convert string to float: '(0.8489013155371616+0j)'
Stack trace : ['File : /sfs/gpfs/tardis/home/xpz5km/Cahn_Hilliard_Model_HPC/spinodal_decomp/compare_phi_norms.py , Line : 68, Func.Name : compare_phis_norm_at_timepoint, Message : snapshot = read_specific_lines(f"{root}/{fname}", line_list)', 'File : /sfs/gpfs/tardis/home/xpz5km/Cahn_Hilliard_Model_HPC/spinodal_decomp/compare_phi_norms.py , Line : 19, Func.Name : read_specific_lines, Message : digits.append(float(i))']
Timepoint not recorded. dt_out:200025 is bigger than timepoint: 1400
Timepoint not recorded. dt_out:2075 is bigger than timepoint: 1400
Timepoint not recorded. dt_out:200050 is bigger than timepoint: 1400
Timepoint not recorded. dt_out:200050 is bigger than timepoint: 1400
Timepoint not recorded. dt_out:2075 is bigger than timepoint: 1400
Timepoint not recorded. dt_out:2025 is bigger than timepoint: 1400
Timepoint not recorded. dt_out:2075 is bigger than timepoint: 1400
SAV_Python_2000_dt_5.50e-06_Nx_128_periodic_dtout_1025pphi.csv
Exception type : ValueError 
Exception message : could not convert string to float: '(-0.5833074108510509+0j)'
Stack trace : ['File : /sfs/gpfs/tardis/home/xpz5km/Cahn_Hilliard_Model_HPC/spinodal_decomp/compare_phi_norms.py , Line : 68, Func.Name : compare_phis_norm_at_timepoint, Message : snapshot = read_specific_lines(f"{root}/{fname}", line_list)', 'File : /sfs/gpfs/tardis/home/xpz5km/Cahn_Hilliard_Model_HPC/spinodal_decomp/compare_phi_norms.py , Line : 19, Func.Name : read_specific_lines, Message : digits.append(float(i))']
SAV_Python_2000_dt_5.50e-06_Nx_64_neumann_dtout_1025pphi.csv
Exception type : ValueError 
Exception message : could not convert string to float: '(-1.1271949190963175+0j)'
Stack trace : ['File : /sfs/gpfs/tardis/home/xpz5km/Cahn_Hilliard_Model_HPC/spinodal_decomp/compare_phi_norms.py , Line : 68, Func.Name : compare_phis_norm_at_timepoint, Message : snapshot = read_specific_lines(f"{root}/{fname}", line_list)', 'File : /sfs/gpfs/tardis/home/xpz5km/Cahn_Hilliard_Model_HPC/spinodal_decomp/compare_phi_norms.py , Line : 19, Func.Name : read_specific_lines, Message : digits.append(float(i))']
Timepoint not recorded. dt_out:200050 is bigger than timepoint: 1400
Timepoint not recorded. dt_out:2075 is bigger than timepoint: 1400
Timepoint not recorded. dt_out:2025 is bigger than timepoint: 1400
SAV_Python_2000_dt_5.50e-06_Nx_256_periodic_dtout_1025pphi.csv
Exception type : ValueError 
Exception message : could not convert string to float: '(-0.29720817655074405+0j)'
Stack trace : ['File : /sfs/gpfs/tardis/home/xpz5km/Cahn_Hilliard_Model_HPC/spinodal_decomp/compare_phi_norms.py , Line : 68, Func.Name : compare_phis_norm_at_timepoint, Message : snapshot = read_specific_lines(f"{root}/{fname}", line_list)', 'File : /sfs/gpfs/tardis/home/xpz5km/Cahn_Hilliard_Model_HPC/spinodal_decomp/compare_phi_norms.py , Line : 19, Func.Name : read_specific_lines, Message : digits.append(float(i))']
Timepoint not recorded. dt_out:200075 is bigger than timepoint: 1400
Timepoint not recorded. dt_out:2050 is bigger than timepoint: 1400
Timepoint not recorded. dt_out:2050 is bigger than timepoint: 1400
SAV_Python_2000_dt_5.50e-06_Nx_256_periodic_dtout_1075pphi.csv
Exception type : ValueError 
Exception message : could not convert string to float: '(0.6489185868714916+0j)'
Stack trace : ['File : /sfs/gpfs/tardis/home/xpz5km/Cahn_Hilliard_Model_HPC/spinodal_decomp/compare_phi_norms.py , Line : 68, Func.Name : compare_phis_norm_at_timepoint, Message : snapshot = read_specific_lines(f"{root}/{fname}", line_list)', 'File : /sfs/gpfs/tardis/home/xpz5km/Cahn_Hilliard_Model_HPC/spinodal_decomp/compare_phi_norms.py , Line : 19, Func.Name : read_specific_lines, Message : digits.append(float(i))']
Timepoint not recorded. dt_out:200050 is bigger than timepoint: 1400
Timepoint not recorded. dt_out:2050 is bigger than timepoint: 1400
Timepoint not recorded. dt_out:200025 is bigger than timepoint: 1400
Timepoint not recorded. dt_out:2075 is bigger than timepoint: 1400
Timepoint not recorded. dt_out:2025 is bigger than timepoint: 1400
SAV_Python_2000_dt_5.50e-06_Nx_512_neumann_dtout_1050pphi.csv
Exception type : ValueError 
Exception message : could not convert string to float: '(-0.019605150249443894+0j)'
Stack trace : ['File : /sfs/gpfs/tardis/home/xpz5km/Cahn_Hilliard_Model_HPC/spinodal_decomp/compare_phi_norms.py , Line : 68, Func.Name : compare_phis_norm_at_timepoint, Message : snapshot = read_specific_lines(f"{root}/{fname}", line_list)', 'File : /sfs/gpfs/tardis/home/xpz5km/Cahn_Hilliard_Model_HPC/spinodal_decomp/compare_phi_norms.py , Line : 19, Func.Name : read_specific_lines, Message : digits.append(float(i))']
Timepoint not recorded. dt_out:200075 is bigger than timepoint: 1400
Timepoint not recorded. dt_out:2025 is bigger than timepoint: 1400
SAV_Python_2000_dt_5.50e-06_Nx_256_periodic_dtout_1050pphi.csv
Exception type : ValueError 
Exception message : could not convert string to float: '(-0.1646243985149357+0j)'
Stack trace : ['File : /sfs/gpfs/tardis/home/xpz5km/Cahn_Hilliard_Model_HPC/spinodal_decomp/compare_phi_norms.py , Line : 68, Func.Name : compare_phis_norm_at_timepoint, Message : snapshot = read_specific_lines(f"{root}/{fname}", line_list)', 'File : /sfs/gpfs/tardis/home/xpz5km/Cahn_Hilliard_Model_HPC/spinodal_decomp/compare_phi_norms.py , Line : 19, Func.Name : read_specific_lines, Message : digits.append(float(i))']
Timepoint not recorded. dt_out:2075 is bigger than timepoint: 1400
SAV_Python_2000_dt_5.50e-06_Nx_64_neumann_dtout_1075pphi.csv
Exception type : ValueError 
Exception message : could not convert string to float: '(0.8418105362149314+0j)'
Stack trace : ['File : /sfs/gpfs/tardis/home/xpz5km/Cahn_Hilliard_Model_HPC/spinodal_decomp/compare_phi_norms.py , Line : 68, Func.Name : compare_phis_norm_at_timepoint, Message : snapshot = read_specific_lines(f"{root}/{fname}", line_list)', 'File : /sfs/gpfs/tardis/home/xpz5km/Cahn_Hilliard_Model_HPC/spinodal_decomp/compare_phi_norms.py , Line : 19, Func.Name : read_specific_lines, Message : digits.append(float(i))']
SAV_Python_2000_dt_5.50e-06_Nx_128_neumann_dtout_1075pphi.csv
Exception type : ValueError 
Exception message : could not convert string to float: '(0.7156091502634712+0j)'
Stack trace : ['File : /sfs/gpfs/tardis/home/xpz5km/Cahn_Hilliard_Model_HPC/spinodal_decomp/compare_phi_norms.py , Line : 68, Func.Name : compare_phis_norm_at_timepoint, Message : snapshot = read_specific_lines(f"{root}/{fname}", line_list)', 'File : /sfs/gpfs/tardis/home/xpz5km/Cahn_Hilliard_Model_HPC/spinodal_decomp/compare_phi_norms.py , Line : 19, Func.Name : read_specific_lines, Message : digits.append(float(i))']
SAV_Python_2000_dt_5.50e-06_Nx_64_neumann_dtout_1050pphi.csv
Exception type : ValueError 
Exception message : could not convert string to float: '(-0.05519106475021451+0j)'
Stack trace : ['File : /sfs/gpfs/tardis/home/xpz5km/Cahn_Hilliard_Model_HPC/spinodal_decomp/compare_phi_norms.py , Line : 68, Func.Name : compare_phis_norm_at_timepoint, Message : snapshot = read_specific_lines(f"{root}/{fname}", line_list)', 'File : /sfs/gpfs/tardis/home/xpz5km/Cahn_Hilliard_Model_HPC/spinodal_decomp/compare_phi_norms.py , Line : 19, Func.Name : read_specific_lines, Message : digits.append(float(i))']
1440
Timepoint not recorded. dt_out:200025 is bigger than timepoint: 1440
Timepoint not recorded. dt_out:200025 is bigger than timepoint: 1440
Timepoint not recorded. dt_out:200025 is bigger than timepoint: 1440
Timepoint not recorded. dt_out:200025 is bigger than timepoint: 1440
Timepoint not recorded. dt_out:200050 is bigger than timepoint: 1440
Timepoint not recorded. dt_out:200025 is bigger than timepoint: 1440
Timepoint not recorded. dt_out:200050 is bigger than timepoint: 1440
Timepoint not recorded. dt_out:200075 is bigger than timepoint: 1440
Timepoint not recorded. dt_out:200075 is bigger than timepoint: 1440
Timepoint not recorded. dt_out:200075 is bigger than timepoint: 1440
Timepoint not recorded. dt_out:200025 is bigger than timepoint: 1440
Timepoint not recorded. dt_out:200050 is bigger than timepoint: 1440
Timepoint not recorded. dt_out:200025 is bigger than timepoint: 1440
Timepoint not recorded. dt_out:200050 is bigger than timepoint: 1440
Timepoint not recorded. dt_out:200075 is bigger than timepoint: 1440
Timepoint not recorded. dt_out:200025 is bigger than timepoint: 1440
Timepoint not recorded. dt_out:200075 is bigger than timepoint: 1440
Timepoint not recorded. dt_out:200075 is bigger than timepoint: 1440
Timepoint not recorded. dt_out:200025 is bigger than timepoint: 1440
Timepoint not recorded. dt_out:200075 is bigger than timepoint: 1440
Timepoint not recorded. dt_out:200025 is bigger than timepoint: 1440
Timepoint not recorded. dt_out:200075 is bigger than timepoint: 1440
Timepoint not recorded. dt_out:200025 is bigger than timepoint: 1440
Timepoint not recorded. dt_out:200050 is bigger than timepoint: 1440
Timepoint not recorded. dt_out:200075 is bigger than timepoint: 1440
Timepoint not recorded. dt_out:200050 is bigger than timepoint: 1440
Timepoint not recorded. dt_out:200075 is bigger than timepoint: 1440
Timepoint not recorded. dt_out:200025 is bigger than timepoint: 1440
Timepoint not recorded. dt_out:200050 is bigger than timepoint: 1440
Timepoint not recorded. dt_out:200050 is bigger than timepoint: 1440
Timepoint not recorded. dt_out:200050 is bigger than timepoint: 1440
Timepoint not recorded. dt_out:200050 is bigger than timepoint: 1440
Timepoint not recorded. dt_out:200025 is bigger than timepoint: 1440
Timepoint not recorded. dt_out:200050 is bigger than timepoint: 1440
Timepoint not recorded. dt_out:200050 is bigger than timepoint: 1440
Timepoint not recorded. dt_out:200050 is bigger than timepoint: 1440
Timepoint not recorded. dt_out:200075 is bigger than timepoint: 1440
Timepoint not recorded. dt_out:200025 is bigger than timepoint: 1440
Timepoint not recorded. dt_out:200075 is bigger than timepoint: 1440
Timepoint not recorded. dt_out:200050 is bigger than timepoint: 1440
Timepoint not recorded. dt_out:200075 is bigger than timepoint: 1440
Timepoint not recorded. dt_out:200075 is bigger than timepoint: 1440
Timepoint not recorded. dt_out:200075 is bigger than timepoint: 1440
Timepoint not recorded. dt_out:200025 is bigger than timepoint: 1440
Timepoint not recorded. dt_out:200025 is bigger than timepoint: 1440
Timepoint not recorded. dt_out:200075 is bigger than timepoint: 1440
Timepoint not recorded. dt_out:200050 is bigger than timepoint: 1440
Timepoint not recorded. dt_out:200050 is bigger than timepoint: 1440
Timepoint not recorded. dt_out:2075 is bigger than timepoint: 1440
SAV_Python_2000_dt_5.50e-06_Nx_128_periodic_dtout_1050pphi.csv
Exception type : ValueError 
Exception message : could not convert string to float: '(-0.22635916493800498+0j)'
Stack trace : ['File : /sfs/gpfs/tardis/home/xpz5km/Cahn_Hilliard_Model_HPC/spinodal_decomp/compare_phi_norms.py , Line : 68, Func.Name : compare_phis_norm_at_timepoint, Message : snapshot = read_specific_lines(f"{root}/{fname}", line_list)', 'File : /sfs/gpfs/tardis/home/xpz5km/Cahn_Hilliard_Model_HPC/spinodal_decomp/compare_phi_norms.py , Line : 19, Func.Name : read_specific_lines, Message : digits.append(float(i))']
Timepoint not recorded. dt_out:200025 is bigger than timepoint: 1440
SAV_Python_2000_dt_5.50e-06_Nx_128_neumann_dtout_1050pphi.csv
Exception type : ValueError 
Exception message : could not convert string to float: '(0.3608977034896226+0j)'
Stack trace : ['File : /sfs/gpfs/tardis/home/xpz5km/Cahn_Hilliard_Model_HPC/spinodal_decomp/compare_phi_norms.py , Line : 68, Func.Name : compare_phis_norm_at_timepoint, Message : snapshot = read_specific_lines(f"{root}/{fname}", line_list)', 'File : /sfs/gpfs/tardis/home/xpz5km/Cahn_Hilliard_Model_HPC/spinodal_decomp/compare_phi_norms.py , Line : 19, Func.Name : read_specific_lines, Message : digits.append(float(i))']
Timepoint not recorded. dt_out:2025 is bigger than timepoint: 1440
Timepoint not recorded. dt_out:200050 is bigger than timepoint: 1440
Timepoint not recorded. dt_out:2025 is bigger than timepoint: 1440
Timepoint not recorded. dt_out:2050 is bigger than timepoint: 1440
Timepoint not recorded. dt_out:200025 is bigger than timepoint: 1440
Timepoint not recorded. dt_out:200075 is bigger than timepoint: 1440
Timepoint not recorded. dt_out:200025 is bigger than timepoint: 1440
SAV_Python_2000_dt_5.50e-06_Nx_64_periodic_dtout_1050pphi.csv
Exception type : ValueError 
Exception message : could not convert string to float: '(-1.1895369971332388+0j)'
Stack trace : ['File : /sfs/gpfs/tardis/home/xpz5km/Cahn_Hilliard_Model_HPC/spinodal_decomp/compare_phi_norms.py , Line : 68, Func.Name : compare_phis_norm_at_timepoint, Message : snapshot = read_specific_lines(f"{root}/{fname}", line_list)', 'File : /sfs/gpfs/tardis/home/xpz5km/Cahn_Hilliard_Model_HPC/spinodal_decomp/compare_phi_norms.py , Line : 19, Func.Name : read_specific_lines, Message : digits.append(float(i))']
Timepoint not recorded. dt_out:200075 is bigger than timepoint: 1440
Timepoint not recorded. dt_out:200075 is bigger than timepoint: 1440
Timepoint not recorded. dt_out:200075 is bigger than timepoint: 1440
Timepoint not recorded. dt_out:2050 is bigger than timepoint: 1440
SAV_Python_2000_dt_5.50e-06_Nx_64_periodic_dtout_1075pphi.csv
Exception type : ValueError 
Exception message : could not convert string to float: '(0.5950417695748085+0j)'
Stack trace : ['File : /sfs/gpfs/tardis/home/xpz5km/Cahn_Hilliard_Model_HPC/spinodal_decomp/compare_phi_norms.py , Line : 68, Func.Name : compare_phis_norm_at_timepoint, Message : snapshot = read_specific_lines(f"{root}/{fname}", line_list)', 'File : /sfs/gpfs/tardis/home/xpz5km/Cahn_Hilliard_Model_HPC/spinodal_decomp/compare_phi_norms.py , Line : 19, Func.Name : read_specific_lines, Message : digits.append(float(i))']
Timepoint not recorded. dt_out:200025 is bigger than timepoint: 1440
SAV_Python_2000_dt_5.50e-06_Nx_256_neumann_dtout_1075pphi.csv
Exception type : ValueError 
Exception message : could not convert string to float: '(0.28814402204788503+0j)'
Stack trace : ['File : /sfs/gpfs/tardis/home/xpz5km/Cahn_Hilliard_Model_HPC/spinodal_decomp/compare_phi_norms.py , Line : 68, Func.Name : compare_phis_norm_at_timepoint, Message : snapshot = read_specific_lines(f"{root}/{fname}", line_list)', 'File : /sfs/gpfs/tardis/home/xpz5km/Cahn_Hilliard_Model_HPC/spinodal_decomp/compare_phi_norms.py , Line : 19, Func.Name : read_specific_lines, Message : digits.append(float(i))']
SAV_Python_2000_dt_5.50e-06_Nx_64_periodic_dtout_1025pphi.csv
Exception type : ValueError 
Exception message : could not convert string to float: '(0.15795953508200547+0j)'
Stack trace : ['File : /sfs/gpfs/tardis/home/xpz5km/Cahn_Hilliard_Model_HPC/spinodal_decomp/compare_phi_norms.py , Line : 68, Func.Name : compare_phis_norm_at_timepoint, Message : snapshot = read_specific_lines(f"{root}/{fname}", line_list)', 'File : /sfs/gpfs/tardis/home/xpz5km/Cahn_Hilliard_Model_HPC/spinodal_decomp/compare_phi_norms.py , Line : 19, Func.Name : read_specific_lines, Message : digits.append(float(i))']
SAV_Python_2000_dt_5.50e-06_Nx_512_neumann_dtout_1025pphi.csv
Exception type : ValueError 
Exception message : could not convert string to float: '(-0.6092426556716013+0j)'
Stack trace : ['File : /sfs/gpfs/tardis/home/xpz5km/Cahn_Hilliard_Model_HPC/spinodal_decomp/compare_phi_norms.py , Line : 68, Func.Name : compare_phis_norm_at_timepoint, Message : snapshot = read_specific_lines(f"{root}/{fname}", line_list)', 'File : /sfs/gpfs/tardis/home/xpz5km/Cahn_Hilliard_Model_HPC/spinodal_decomp/compare_phi_norms.py , Line : 19, Func.Name : read_specific_lines, Message : digits.append(float(i))']
SAV_Python_2000_dt_5.50e-06_Nx_256_neumann_dtout_1050pphi.csv
Exception type : ValueError 
Exception message : could not convert string to float: '(0.13010480841459535+0j)'
Stack trace : ['File : /sfs/gpfs/tardis/home/xpz5km/Cahn_Hilliard_Model_HPC/spinodal_decomp/compare_phi_norms.py , Line : 68, Func.Name : compare_phis_norm_at_timepoint, Message : snapshot = read_specific_lines(f"{root}/{fname}", line_list)', 'File : /sfs/gpfs/tardis/home/xpz5km/Cahn_Hilliard_Model_HPC/spinodal_decomp/compare_phi_norms.py , Line : 19, Func.Name : read_specific_lines, Message : digits.append(float(i))']
SAV_Python_2000_dt_5.50e-06_Nx_512_periodic_dtout_1025pphi.csv
Exception type : ValueError 
Exception message : could not convert string to float: '(-0.3011563642412522+0j)'
Stack trace : ['File : /sfs/gpfs/tardis/home/xpz5km/Cahn_Hilliard_Model_HPC/spinodal_decomp/compare_phi_norms.py , Line : 68, Func.Name : compare_phis_norm_at_timepoint, Message : snapshot = read_specific_lines(f"{root}/{fname}", line_list)', 'File : /sfs/gpfs/tardis/home/xpz5km/Cahn_Hilliard_Model_HPC/spinodal_decomp/compare_phi_norms.py , Line : 19, Func.Name : read_specific_lines, Message : digits.append(float(i))']
Timepoint not recorded. dt_out:200050 is bigger than timepoint: 1440
Timepoint not recorded. dt_out:200050 is bigger than timepoint: 1440
SAV_Python_2000_dt_5.50e-06_Nx_512_neumann_dtout_1075pphi.csv
Exception type : ValueError 
Exception message : could not convert string to float: '(0.38996125122452774+0j)'
Stack trace : ['File : /sfs/gpfs/tardis/home/xpz5km/Cahn_Hilliard_Model_HPC/spinodal_decomp/compare_phi_norms.py , Line : 68, Func.Name : compare_phis_norm_at_timepoint, Message : snapshot = read_specific_lines(f"{root}/{fname}", line_list)', 'File : /sfs/gpfs/tardis/home/xpz5km/Cahn_Hilliard_Model_HPC/spinodal_decomp/compare_phi_norms.py , Line : 19, Func.Name : read_specific_lines, Message : digits.append(float(i))']
SAV_Python_2000_dt_5.50e-06_Nx_128_neumann_dtout_1025pphi.csv
Exception type : ValueError 
Exception message : could not convert string to float: '(-0.12117712451067873+0j)'
Stack trace : ['File : /sfs/gpfs/tardis/home/xpz5km/Cahn_Hilliard_Model_HPC/spinodal_decomp/compare_phi_norms.py , Line : 68, Func.Name : compare_phis_norm_at_timepoint, Message : snapshot = read_specific_lines(f"{root}/{fname}", line_list)', 'File : /sfs/gpfs/tardis/home/xpz5km/Cahn_Hilliard_Model_HPC/spinodal_decomp/compare_phi_norms.py , Line : 19, Func.Name : read_specific_lines, Message : digits.append(float(i))']
Timepoint not recorded. dt_out:2050 is bigger than timepoint: 1440
Timepoint not recorded. dt_out:2025 is bigger than timepoint: 1440
Timepoint not recorded. dt_out:200050 is bigger than timepoint: 1440
SAV_Python_2000_dt_5.50e-06_Nx_512_periodic_dtout_1050pphi.csv
Exception type : ValueError 
Exception message : could not convert string to float: '(-0.010193938704037847+0j)'
Stack trace : ['File : /sfs/gpfs/tardis/home/xpz5km/Cahn_Hilliard_Model_HPC/spinodal_decomp/compare_phi_norms.py , Line : 68, Func.Name : compare_phis_norm_at_timepoint, Message : snapshot = read_specific_lines(f"{root}/{fname}", line_list)', 'File : /sfs/gpfs/tardis/home/xpz5km/Cahn_Hilliard_Model_HPC/spinodal_decomp/compare_phi_norms.py , Line : 19, Func.Name : read_specific_lines, Message : digits.append(float(i))']
Timepoint not recorded. dt_out:200075 is bigger than timepoint: 1440
Timepoint not recorded. dt_out:2025 is bigger than timepoint: 1440
Timepoint not recorded. dt_out:2050 is bigger than timepoint: 1440
Timepoint not recorded. dt_out:2075 is bigger than timepoint: 1440
Timepoint not recorded. dt_out:200025 is bigger than timepoint: 1440
Timepoint not recorded. dt_out:200025 is bigger than timepoint: 1440
SAV_Python_2000_dt_5.50e-06_Nx_256_neumann_dtout_1025pphi.csv
Exception type : ValueError 
Exception message : could not convert string to float: '(-0.3286364996711648+0j)'
Stack trace : ['File : /sfs/gpfs/tardis/home/xpz5km/Cahn_Hilliard_Model_HPC/spinodal_decomp/compare_phi_norms.py , Line : 68, Func.Name : compare_phis_norm_at_timepoint, Message : snapshot = read_specific_lines(f"{root}/{fname}", line_list)', 'File : /sfs/gpfs/tardis/home/xpz5km/Cahn_Hilliard_Model_HPC/spinodal_decomp/compare_phi_norms.py , Line : 19, Func.Name : read_specific_lines, Message : digits.append(float(i))']
Timepoint not recorded. dt_out:2050 is bigger than timepoint: 1440
Timepoint not recorded. dt_out:200075 is bigger than timepoint: 1440
SAV_Python_2000_dt_5.50e-06_Nx_512_periodic_dtout_1075pphi.csv
Exception type : ValueError 
Exception message : could not convert string to float: '(0.4238930282283785+0j)'
Stack trace : ['File : /sfs/gpfs/tardis/home/xpz5km/Cahn_Hilliard_Model_HPC/spinodal_decomp/compare_phi_norms.py , Line : 68, Func.Name : compare_phis_norm_at_timepoint, Message : snapshot = read_specific_lines(f"{root}/{fname}", line_list)', 'File : /sfs/gpfs/tardis/home/xpz5km/Cahn_Hilliard_Model_HPC/spinodal_decomp/compare_phi_norms.py , Line : 19, Func.Name : read_specific_lines, Message : digits.append(float(i))']
SAV_Python_2000_dt_5.50e-06_Nx_128_periodic_dtout_1075pphi.csv
Exception type : ValueError 
Exception message : could not convert string to float: '(0.9319281570436263+0j)'
Stack trace : ['File : /sfs/gpfs/tardis/home/xpz5km/Cahn_Hilliard_Model_HPC/spinodal_decomp/compare_phi_norms.py , Line : 68, Func.Name : compare_phis_norm_at_timepoint, Message : snapshot = read_specific_lines(f"{root}/{fname}", line_list)', 'File : /sfs/gpfs/tardis/home/xpz5km/Cahn_Hilliard_Model_HPC/spinodal_decomp/compare_phi_norms.py , Line : 19, Func.Name : read_specific_lines, Message : digits.append(float(i))']
Timepoint not recorded. dt_out:200025 is bigger than timepoint: 1440
Timepoint not recorded. dt_out:2075 is bigger than timepoint: 1440
Timepoint not recorded. dt_out:200050 is bigger than timepoint: 1440
Timepoint not recorded. dt_out:200050 is bigger than timepoint: 1440
Timepoint not recorded. dt_out:2075 is bigger than timepoint: 1440
Timepoint not recorded. dt_out:2025 is bigger than timepoint: 1440
Timepoint not recorded. dt_out:2075 is bigger than timepoint: 1440
SAV_Python_2000_dt_5.50e-06_Nx_128_periodic_dtout_1025pphi.csv
Exception type : ValueError 
Exception message : could not convert string to float: '(-0.09036514300959+0j)'
Stack trace : ['File : /sfs/gpfs/tardis/home/xpz5km/Cahn_Hilliard_Model_HPC/spinodal_decomp/compare_phi_norms.py , Line : 68, Func.Name : compare_phis_norm_at_timepoint, Message : snapshot = read_specific_lines(f"{root}/{fname}", line_list)', 'File : /sfs/gpfs/tardis/home/xpz5km/Cahn_Hilliard_Model_HPC/spinodal_decomp/compare_phi_norms.py , Line : 19, Func.Name : read_specific_lines, Message : digits.append(float(i))']
SAV_Python_2000_dt_5.50e-06_Nx_64_neumann_dtout_1025pphi.csv
Exception type : ValueError 
Exception message : could not convert string to float: '(-0.3029981936308509+0j)'
Stack trace : ['File : /sfs/gpfs/tardis/home/xpz5km/Cahn_Hilliard_Model_HPC/spinodal_decomp/compare_phi_norms.py , Line : 68, Func.Name : compare_phis_norm_at_timepoint, Message : snapshot = read_specific_lines(f"{root}/{fname}", line_list)', 'File : /sfs/gpfs/tardis/home/xpz5km/Cahn_Hilliard_Model_HPC/spinodal_decomp/compare_phi_norms.py , Line : 19, Func.Name : read_specific_lines, Message : digits.append(float(i))']
Timepoint not recorded. dt_out:200050 is bigger than timepoint: 1440
Timepoint not recorded. dt_out:2075 is bigger than timepoint: 1440
Timepoint not recorded. dt_out:2025 is bigger than timepoint: 1440
SAV_Python_2000_dt_5.50e-06_Nx_256_periodic_dtout_1025pphi.csv
Exception type : ValueError 
Exception message : could not convert string to float: '(-0.364238849206722+0j)'
Stack trace : ['File : /sfs/gpfs/tardis/home/xpz5km/Cahn_Hilliard_Model_HPC/spinodal_decomp/compare_phi_norms.py , Line : 68, Func.Name : compare_phis_norm_at_timepoint, Message : snapshot = read_specific_lines(f"{root}/{fname}", line_list)', 'File : /sfs/gpfs/tardis/home/xpz5km/Cahn_Hilliard_Model_HPC/spinodal_decomp/compare_phi_norms.py , Line : 19, Func.Name : read_specific_lines, Message : digits.append(float(i))']
Timepoint not recorded. dt_out:200075 is bigger than timepoint: 1440
Timepoint not recorded. dt_out:2050 is bigger than timepoint: 1440
Timepoint not recorded. dt_out:2050 is bigger than timepoint: 1440
SAV_Python_2000_dt_5.50e-06_Nx_256_periodic_dtout_1075pphi.csv
Exception type : ValueError 
Exception message : could not convert string to float: '(-0.022692839404203594+0j)'
Stack trace : ['File : /sfs/gpfs/tardis/home/xpz5km/Cahn_Hilliard_Model_HPC/spinodal_decomp/compare_phi_norms.py , Line : 68, Func.Name : compare_phis_norm_at_timepoint, Message : snapshot = read_specific_lines(f"{root}/{fname}", line_list)', 'File : /sfs/gpfs/tardis/home/xpz5km/Cahn_Hilliard_Model_HPC/spinodal_decomp/compare_phi_norms.py , Line : 19, Func.Name : read_specific_lines, Message : digits.append(float(i))']
Timepoint not recorded. dt_out:200050 is bigger than timepoint: 1440
Timepoint not recorded. dt_out:2050 is bigger than timepoint: 1440
Timepoint not recorded. dt_out:200025 is bigger than timepoint: 1440
Timepoint not recorded. dt_out:2075 is bigger than timepoint: 1440
Timepoint not recorded. dt_out:2025 is bigger than timepoint: 1440
SAV_Python_2000_dt_5.50e-06_Nx_512_neumann_dtout_1050pphi.csv
Exception type : ValueError 
Exception message : could not convert string to float: '(-0.12563968247716698+0j)'
Stack trace : ['File : /sfs/gpfs/tardis/home/xpz5km/Cahn_Hilliard_Model_HPC/spinodal_decomp/compare_phi_norms.py , Line : 68, Func.Name : compare_phis_norm_at_timepoint, Message : snapshot = read_specific_lines(f"{root}/{fname}", line_list)', 'File : /sfs/gpfs/tardis/home/xpz5km/Cahn_Hilliard_Model_HPC/spinodal_decomp/compare_phi_norms.py , Line : 19, Func.Name : read_specific_lines, Message : digits.append(float(i))']
Timepoint not recorded. dt_out:200075 is bigger than timepoint: 1440
Timepoint not recorded. dt_out:2025 is bigger than timepoint: 1440
SAV_Python_2000_dt_5.50e-06_Nx_256_periodic_dtout_1050pphi.csv
Exception type : ValueError 
Exception message : could not convert string to float: '(0.12864066390749604+0j)'
Stack trace : ['File : /sfs/gpfs/tardis/home/xpz5km/Cahn_Hilliard_Model_HPC/spinodal_decomp/compare_phi_norms.py , Line : 68, Func.Name : compare_phis_norm_at_timepoint, Message : snapshot = read_specific_lines(f"{root}/{fname}", line_list)', 'File : /sfs/gpfs/tardis/home/xpz5km/Cahn_Hilliard_Model_HPC/spinodal_decomp/compare_phi_norms.py , Line : 19, Func.Name : read_specific_lines, Message : digits.append(float(i))']
Timepoint not recorded. dt_out:2075 is bigger than timepoint: 1440
SAV_Python_2000_dt_5.50e-06_Nx_64_neumann_dtout_1075pphi.csv
Exception type : ValueError 
Exception message : could not convert string to float: '(0.4129042649766893+0j)'
Stack trace : ['File : /sfs/gpfs/tardis/home/xpz5km/Cahn_Hilliard_Model_HPC/spinodal_decomp/compare_phi_norms.py , Line : 68, Func.Name : compare_phis_norm_at_timepoint, Message : snapshot = read_specific_lines(f"{root}/{fname}", line_list)', 'File : /sfs/gpfs/tardis/home/xpz5km/Cahn_Hilliard_Model_HPC/spinodal_decomp/compare_phi_norms.py , Line : 19, Func.Name : read_specific_lines, Message : digits.append(float(i))']
SAV_Python_2000_dt_5.50e-06_Nx_128_neumann_dtout_1075pphi.csv
Exception type : ValueError 
Exception message : could not convert string to float: '(0.5578183725696044+0j)'
Stack trace : ['File : /sfs/gpfs/tardis/home/xpz5km/Cahn_Hilliard_Model_HPC/spinodal_decomp/compare_phi_norms.py , Line : 68, Func.Name : compare_phis_norm_at_timepoint, Message : snapshot = read_specific_lines(f"{root}/{fname}", line_list)', 'File : /sfs/gpfs/tardis/home/xpz5km/Cahn_Hilliard_Model_HPC/spinodal_decomp/compare_phi_norms.py , Line : 19, Func.Name : read_specific_lines, Message : digits.append(float(i))']
SAV_Python_2000_dt_5.50e-06_Nx_64_neumann_dtout_1050pphi.csv
Exception type : ValueError 
Exception message : could not convert string to float: '(-1.1890299749040114+0j)'
Stack trace : ['File : /sfs/gpfs/tardis/home/xpz5km/Cahn_Hilliard_Model_HPC/spinodal_decomp/compare_phi_norms.py , Line : 68, Func.Name : compare_phis_norm_at_timepoint, Message : snapshot = read_specific_lines(f"{root}/{fname}", line_list)', 'File : /sfs/gpfs/tardis/home/xpz5km/Cahn_Hilliard_Model_HPC/spinodal_decomp/compare_phi_norms.py , Line : 19, Func.Name : read_specific_lines, Message : digits.append(float(i))']
1480
Timepoint not recorded. dt_out:200025 is bigger than timepoint: 1480
Timepoint not recorded. dt_out:200025 is bigger than timepoint: 1480
Timepoint not recorded. dt_out:200025 is bigger than timepoint: 1480
Timepoint not recorded. dt_out:200025 is bigger than timepoint: 1480
Timepoint not recorded. dt_out:200050 is bigger than timepoint: 1480
Timepoint not recorded. dt_out:200025 is bigger than timepoint: 1480
Timepoint not recorded. dt_out:200050 is bigger than timepoint: 1480
Timepoint not recorded. dt_out:200075 is bigger than timepoint: 1480
Timepoint not recorded. dt_out:200075 is bigger than timepoint: 1480
Timepoint not recorded. dt_out:200075 is bigger than timepoint: 1480
Timepoint not recorded. dt_out:200025 is bigger than timepoint: 1480
Timepoint not recorded. dt_out:200050 is bigger than timepoint: 1480
Timepoint not recorded. dt_out:200025 is bigger than timepoint: 1480
Timepoint not recorded. dt_out:200050 is bigger than timepoint: 1480
Timepoint not recorded. dt_out:200075 is bigger than timepoint: 1480
Timepoint not recorded. dt_out:200025 is bigger than timepoint: 1480
Timepoint not recorded. dt_out:200075 is bigger than timepoint: 1480
Timepoint not recorded. dt_out:200075 is bigger than timepoint: 1480
Timepoint not recorded. dt_out:200025 is bigger than timepoint: 1480
Timepoint not recorded. dt_out:200075 is bigger than timepoint: 1480
Timepoint not recorded. dt_out:200025 is bigger than timepoint: 1480
Timepoint not recorded. dt_out:200075 is bigger than timepoint: 1480
Timepoint not recorded. dt_out:200025 is bigger than timepoint: 1480
Timepoint not recorded. dt_out:200050 is bigger than timepoint: 1480
Timepoint not recorded. dt_out:200075 is bigger than timepoint: 1480
Timepoint not recorded. dt_out:200050 is bigger than timepoint: 1480
Timepoint not recorded. dt_out:200075 is bigger than timepoint: 1480
Timepoint not recorded. dt_out:200025 is bigger than timepoint: 1480
Timepoint not recorded. dt_out:200050 is bigger than timepoint: 1480
Timepoint not recorded. dt_out:200050 is bigger than timepoint: 1480
Timepoint not recorded. dt_out:200050 is bigger than timepoint: 1480
Timepoint not recorded. dt_out:200050 is bigger than timepoint: 1480
Timepoint not recorded. dt_out:200025 is bigger than timepoint: 1480
Timepoint not recorded. dt_out:200050 is bigger than timepoint: 1480
Timepoint not recorded. dt_out:200050 is bigger than timepoint: 1480
Timepoint not recorded. dt_out:200050 is bigger than timepoint: 1480
Timepoint not recorded. dt_out:200075 is bigger than timepoint: 1480
Timepoint not recorded. dt_out:200025 is bigger than timepoint: 1480
Timepoint not recorded. dt_out:200075 is bigger than timepoint: 1480
Timepoint not recorded. dt_out:200050 is bigger than timepoint: 1480
Timepoint not recorded. dt_out:200075 is bigger than timepoint: 1480
Timepoint not recorded. dt_out:200075 is bigger than timepoint: 1480
Timepoint not recorded. dt_out:200075 is bigger than timepoint: 1480
Timepoint not recorded. dt_out:200025 is bigger than timepoint: 1480
Timepoint not recorded. dt_out:200025 is bigger than timepoint: 1480
Timepoint not recorded. dt_out:200075 is bigger than timepoint: 1480
Timepoint not recorded. dt_out:200050 is bigger than timepoint: 1480
Timepoint not recorded. dt_out:200050 is bigger than timepoint: 1480
Timepoint not recorded. dt_out:2075 is bigger than timepoint: 1480
SAV_Python_2000_dt_5.50e-06_Nx_128_periodic_dtout_1050pphi.csv
Exception type : ValueError 
Exception message : could not convert string to float: '(0.5668097896399693+0j)'
Stack trace : ['File : /sfs/gpfs/tardis/home/xpz5km/Cahn_Hilliard_Model_HPC/spinodal_decomp/compare_phi_norms.py , Line : 68, Func.Name : compare_phis_norm_at_timepoint, Message : snapshot = read_specific_lines(f"{root}/{fname}", line_list)', 'File : /sfs/gpfs/tardis/home/xpz5km/Cahn_Hilliard_Model_HPC/spinodal_decomp/compare_phi_norms.py , Line : 19, Func.Name : read_specific_lines, Message : digits.append(float(i))']
Timepoint not recorded. dt_out:200025 is bigger than timepoint: 1480
SAV_Python_2000_dt_5.50e-06_Nx_128_neumann_dtout_1050pphi.csv
Exception type : ValueError 
Exception message : could not convert string to float: '(0.4943139964053192+0j)'
Stack trace : ['File : /sfs/gpfs/tardis/home/xpz5km/Cahn_Hilliard_Model_HPC/spinodal_decomp/compare_phi_norms.py , Line : 68, Func.Name : compare_phis_norm_at_timepoint, Message : snapshot = read_specific_lines(f"{root}/{fname}", line_list)', 'File : /sfs/gpfs/tardis/home/xpz5km/Cahn_Hilliard_Model_HPC/spinodal_decomp/compare_phi_norms.py , Line : 19, Func.Name : read_specific_lines, Message : digits.append(float(i))']
Timepoint not recorded. dt_out:2025 is bigger than timepoint: 1480
Timepoint not recorded. dt_out:200050 is bigger than timepoint: 1480
Timepoint not recorded. dt_out:2025 is bigger than timepoint: 1480
Timepoint not recorded. dt_out:2050 is bigger than timepoint: 1480
Timepoint not recorded. dt_out:200025 is bigger than timepoint: 1480
Timepoint not recorded. dt_out:200075 is bigger than timepoint: 1480
Timepoint not recorded. dt_out:200025 is bigger than timepoint: 1480
SAV_Python_2000_dt_5.50e-06_Nx_64_periodic_dtout_1050pphi.csv
Exception type : ValueError 
Exception message : could not convert string to float: '(0.8580717717848934+0j)'
Stack trace : ['File : /sfs/gpfs/tardis/home/xpz5km/Cahn_Hilliard_Model_HPC/spinodal_decomp/compare_phi_norms.py , Line : 68, Func.Name : compare_phis_norm_at_timepoint, Message : snapshot = read_specific_lines(f"{root}/{fname}", line_list)', 'File : /sfs/gpfs/tardis/home/xpz5km/Cahn_Hilliard_Model_HPC/spinodal_decomp/compare_phi_norms.py , Line : 19, Func.Name : read_specific_lines, Message : digits.append(float(i))']
Timepoint not recorded. dt_out:200075 is bigger than timepoint: 1480
Timepoint not recorded. dt_out:200075 is bigger than timepoint: 1480
Timepoint not recorded. dt_out:200075 is bigger than timepoint: 1480
Timepoint not recorded. dt_out:2050 is bigger than timepoint: 1480
SAV_Python_2000_dt_5.50e-06_Nx_64_periodic_dtout_1075pphi.csv
Exception type : ValueError 
Exception message : could not convert string to float: '(0.5229830400995182+0j)'
Stack trace : ['File : /sfs/gpfs/tardis/home/xpz5km/Cahn_Hilliard_Model_HPC/spinodal_decomp/compare_phi_norms.py , Line : 68, Func.Name : compare_phis_norm_at_timepoint, Message : snapshot = read_specific_lines(f"{root}/{fname}", line_list)', 'File : /sfs/gpfs/tardis/home/xpz5km/Cahn_Hilliard_Model_HPC/spinodal_decomp/compare_phi_norms.py , Line : 19, Func.Name : read_specific_lines, Message : digits.append(float(i))']
Timepoint not recorded. dt_out:200025 is bigger than timepoint: 1480
SAV_Python_2000_dt_5.50e-06_Nx_256_neumann_dtout_1075pphi.csv
Exception type : ValueError 
Exception message : could not convert string to float: '(0.36144937691406104+0j)'
Stack trace : ['File : /sfs/gpfs/tardis/home/xpz5km/Cahn_Hilliard_Model_HPC/spinodal_decomp/compare_phi_norms.py , Line : 68, Func.Name : compare_phis_norm_at_timepoint, Message : snapshot = read_specific_lines(f"{root}/{fname}", line_list)', 'File : /sfs/gpfs/tardis/home/xpz5km/Cahn_Hilliard_Model_HPC/spinodal_decomp/compare_phi_norms.py , Line : 19, Func.Name : read_specific_lines, Message : digits.append(float(i))']
SAV_Python_2000_dt_5.50e-06_Nx_64_periodic_dtout_1025pphi.csv
Exception type : ValueError 
Exception message : could not convert string to float: '(-0.0900857868247632+0j)'
Stack trace : ['File : /sfs/gpfs/tardis/home/xpz5km/Cahn_Hilliard_Model_HPC/spinodal_decomp/compare_phi_norms.py , Line : 68, Func.Name : compare_phis_norm_at_timepoint, Message : snapshot = read_specific_lines(f"{root}/{fname}", line_list)', 'File : /sfs/gpfs/tardis/home/xpz5km/Cahn_Hilliard_Model_HPC/spinodal_decomp/compare_phi_norms.py , Line : 19, Func.Name : read_specific_lines, Message : digits.append(float(i))']
SAV_Python_2000_dt_5.50e-06_Nx_512_neumann_dtout_1025pphi.csv
Exception type : ValueError 
Exception message : could not convert string to float: '(-0.558034478233677+0j)'
Stack trace : ['File : /sfs/gpfs/tardis/home/xpz5km/Cahn_Hilliard_Model_HPC/spinodal_decomp/compare_phi_norms.py , Line : 68, Func.Name : compare_phis_norm_at_timepoint, Message : snapshot = read_specific_lines(f"{root}/{fname}", line_list)', 'File : /sfs/gpfs/tardis/home/xpz5km/Cahn_Hilliard_Model_HPC/spinodal_decomp/compare_phi_norms.py , Line : 19, Func.Name : read_specific_lines, Message : digits.append(float(i))']
SAV_Python_2000_dt_5.50e-06_Nx_256_neumann_dtout_1050pphi.csv
Exception type : ValueError 
Exception message : could not convert string to float: '(0.13744480365349956+0j)'
Stack trace : ['File : /sfs/gpfs/tardis/home/xpz5km/Cahn_Hilliard_Model_HPC/spinodal_decomp/compare_phi_norms.py , Line : 68, Func.Name : compare_phis_norm_at_timepoint, Message : snapshot = read_specific_lines(f"{root}/{fname}", line_list)', 'File : /sfs/gpfs/tardis/home/xpz5km/Cahn_Hilliard_Model_HPC/spinodal_decomp/compare_phi_norms.py , Line : 19, Func.Name : read_specific_lines, Message : digits.append(float(i))']
SAV_Python_2000_dt_5.50e-06_Nx_512_periodic_dtout_1025pphi.csv
Exception type : ValueError 
Exception message : could not convert string to float: '(-0.39146505582190605+0j)'
Stack trace : ['File : /sfs/gpfs/tardis/home/xpz5km/Cahn_Hilliard_Model_HPC/spinodal_decomp/compare_phi_norms.py , Line : 68, Func.Name : compare_phis_norm_at_timepoint, Message : snapshot = read_specific_lines(f"{root}/{fname}", line_list)', 'File : /sfs/gpfs/tardis/home/xpz5km/Cahn_Hilliard_Model_HPC/spinodal_decomp/compare_phi_norms.py , Line : 19, Func.Name : read_specific_lines, Message : digits.append(float(i))']
Timepoint not recorded. dt_out:200050 is bigger than timepoint: 1480
Timepoint not recorded. dt_out:200050 is bigger than timepoint: 1480
SAV_Python_2000_dt_5.50e-06_Nx_512_neumann_dtout_1075pphi.csv
Exception type : ValueError 
Exception message : could not convert string to float: '(0.5380237512778339+0j)'
Stack trace : ['File : /sfs/gpfs/tardis/home/xpz5km/Cahn_Hilliard_Model_HPC/spinodal_decomp/compare_phi_norms.py , Line : 68, Func.Name : compare_phis_norm_at_timepoint, Message : snapshot = read_specific_lines(f"{root}/{fname}", line_list)', 'File : /sfs/gpfs/tardis/home/xpz5km/Cahn_Hilliard_Model_HPC/spinodal_decomp/compare_phi_norms.py , Line : 19, Func.Name : read_specific_lines, Message : digits.append(float(i))']
SAV_Python_2000_dt_5.50e-06_Nx_128_neumann_dtout_1025pphi.csv
Exception type : ValueError 
Exception message : could not convert string to float: '(0.07864963208565617+0j)'
Stack trace : ['File : /sfs/gpfs/tardis/home/xpz5km/Cahn_Hilliard_Model_HPC/spinodal_decomp/compare_phi_norms.py , Line : 68, Func.Name : compare_phis_norm_at_timepoint, Message : snapshot = read_specific_lines(f"{root}/{fname}", line_list)', 'File : /sfs/gpfs/tardis/home/xpz5km/Cahn_Hilliard_Model_HPC/spinodal_decomp/compare_phi_norms.py , Line : 19, Func.Name : read_specific_lines, Message : digits.append(float(i))']
Timepoint not recorded. dt_out:2050 is bigger than timepoint: 1480
Timepoint not recorded. dt_out:2025 is bigger than timepoint: 1480
Timepoint not recorded. dt_out:200050 is bigger than timepoint: 1480
SAV_Python_2000_dt_5.50e-06_Nx_512_periodic_dtout_1050pphi.csv
Exception type : ValueError 
Exception message : could not convert string to float: '(0.02463261778303951+0j)'
Stack trace : ['File : /sfs/gpfs/tardis/home/xpz5km/Cahn_Hilliard_Model_HPC/spinodal_decomp/compare_phi_norms.py , Line : 68, Func.Name : compare_phis_norm_at_timepoint, Message : snapshot = read_specific_lines(f"{root}/{fname}", line_list)', 'File : /sfs/gpfs/tardis/home/xpz5km/Cahn_Hilliard_Model_HPC/spinodal_decomp/compare_phi_norms.py , Line : 19, Func.Name : read_specific_lines, Message : digits.append(float(i))']
Timepoint not recorded. dt_out:200075 is bigger than timepoint: 1480
Timepoint not recorded. dt_out:2025 is bigger than timepoint: 1480
Timepoint not recorded. dt_out:2050 is bigger than timepoint: 1480
Timepoint not recorded. dt_out:2075 is bigger than timepoint: 1480
Timepoint not recorded. dt_out:200025 is bigger than timepoint: 1480
Timepoint not recorded. dt_out:200025 is bigger than timepoint: 1480
SAV_Python_2000_dt_5.50e-06_Nx_256_neumann_dtout_1025pphi.csv
Exception type : ValueError 
Exception message : could not convert string to float: '(-0.5698209842684632+0j)'
Stack trace : ['File : /sfs/gpfs/tardis/home/xpz5km/Cahn_Hilliard_Model_HPC/spinodal_decomp/compare_phi_norms.py , Line : 68, Func.Name : compare_phis_norm_at_timepoint, Message : snapshot = read_specific_lines(f"{root}/{fname}", line_list)', 'File : /sfs/gpfs/tardis/home/xpz5km/Cahn_Hilliard_Model_HPC/spinodal_decomp/compare_phi_norms.py , Line : 19, Func.Name : read_specific_lines, Message : digits.append(float(i))']
Timepoint not recorded. dt_out:2050 is bigger than timepoint: 1480
Timepoint not recorded. dt_out:200075 is bigger than timepoint: 1480
SAV_Python_2000_dt_5.50e-06_Nx_512_periodic_dtout_1075pphi.csv
Exception type : ValueError 
Exception message : could not convert string to float: '(0.48574772050277815+0j)'
Stack trace : ['File : /sfs/gpfs/tardis/home/xpz5km/Cahn_Hilliard_Model_HPC/spinodal_decomp/compare_phi_norms.py , Line : 68, Func.Name : compare_phis_norm_at_timepoint, Message : snapshot = read_specific_lines(f"{root}/{fname}", line_list)', 'File : /sfs/gpfs/tardis/home/xpz5km/Cahn_Hilliard_Model_HPC/spinodal_decomp/compare_phi_norms.py , Line : 19, Func.Name : read_specific_lines, Message : digits.append(float(i))']
SAV_Python_2000_dt_5.50e-06_Nx_128_periodic_dtout_1075pphi.csv
Exception type : ValueError 
Exception message : could not convert string to float: '(0.09733371598637144+0j)'
Stack trace : ['File : /sfs/gpfs/tardis/home/xpz5km/Cahn_Hilliard_Model_HPC/spinodal_decomp/compare_phi_norms.py , Line : 68, Func.Name : compare_phis_norm_at_timepoint, Message : snapshot = read_specific_lines(f"{root}/{fname}", line_list)', 'File : /sfs/gpfs/tardis/home/xpz5km/Cahn_Hilliard_Model_HPC/spinodal_decomp/compare_phi_norms.py , Line : 19, Func.Name : read_specific_lines, Message : digits.append(float(i))']
Timepoint not recorded. dt_out:200025 is bigger than timepoint: 1480
Timepoint not recorded. dt_out:2075 is bigger than timepoint: 1480
Timepoint not recorded. dt_out:200050 is bigger than timepoint: 1480
Timepoint not recorded. dt_out:200050 is bigger than timepoint: 1480
Timepoint not recorded. dt_out:2075 is bigger than timepoint: 1480
Timepoint not recorded. dt_out:2025 is bigger than timepoint: 1480
Timepoint not recorded. dt_out:2075 is bigger than timepoint: 1480
SAV_Python_2000_dt_5.50e-06_Nx_128_periodic_dtout_1025pphi.csv
Exception type : ValueError 
Exception message : could not convert string to float: '(-0.16209271232515554+0j)'
Stack trace : ['File : /sfs/gpfs/tardis/home/xpz5km/Cahn_Hilliard_Model_HPC/spinodal_decomp/compare_phi_norms.py , Line : 68, Func.Name : compare_phis_norm_at_timepoint, Message : snapshot = read_specific_lines(f"{root}/{fname}", line_list)', 'File : /sfs/gpfs/tardis/home/xpz5km/Cahn_Hilliard_Model_HPC/spinodal_decomp/compare_phi_norms.py , Line : 19, Func.Name : read_specific_lines, Message : digits.append(float(i))']
SAV_Python_2000_dt_5.50e-06_Nx_64_neumann_dtout_1025pphi.csv
Exception type : ValueError 
Exception message : could not convert string to float: '(-0.5557681731456894+0j)'
Stack trace : ['File : /sfs/gpfs/tardis/home/xpz5km/Cahn_Hilliard_Model_HPC/spinodal_decomp/compare_phi_norms.py , Line : 68, Func.Name : compare_phis_norm_at_timepoint, Message : snapshot = read_specific_lines(f"{root}/{fname}", line_list)', 'File : /sfs/gpfs/tardis/home/xpz5km/Cahn_Hilliard_Model_HPC/spinodal_decomp/compare_phi_norms.py , Line : 19, Func.Name : read_specific_lines, Message : digits.append(float(i))']
Timepoint not recorded. dt_out:200050 is bigger than timepoint: 1480
Timepoint not recorded. dt_out:2075 is bigger than timepoint: 1480
Timepoint not recorded. dt_out:2025 is bigger than timepoint: 1480
SAV_Python_2000_dt_5.50e-06_Nx_256_periodic_dtout_1025pphi.csv
Exception type : ValueError 
Exception message : could not convert string to float: '(-0.6258759075187892+0j)'
Stack trace : ['File : /sfs/gpfs/tardis/home/xpz5km/Cahn_Hilliard_Model_HPC/spinodal_decomp/compare_phi_norms.py , Line : 68, Func.Name : compare_phis_norm_at_timepoint, Message : snapshot = read_specific_lines(f"{root}/{fname}", line_list)', 'File : /sfs/gpfs/tardis/home/xpz5km/Cahn_Hilliard_Model_HPC/spinodal_decomp/compare_phi_norms.py , Line : 19, Func.Name : read_specific_lines, Message : digits.append(float(i))']
Timepoint not recorded. dt_out:200075 is bigger than timepoint: 1480
Timepoint not recorded. dt_out:2050 is bigger than timepoint: 1480
Timepoint not recorded. dt_out:2050 is bigger than timepoint: 1480
SAV_Python_2000_dt_5.50e-06_Nx_256_periodic_dtout_1075pphi.csv
Exception type : ValueError 
Exception message : could not convert string to float: '(0.7155954591035625+0j)'
Stack trace : ['File : /sfs/gpfs/tardis/home/xpz5km/Cahn_Hilliard_Model_HPC/spinodal_decomp/compare_phi_norms.py , Line : 68, Func.Name : compare_phis_norm_at_timepoint, Message : snapshot = read_specific_lines(f"{root}/{fname}", line_list)', 'File : /sfs/gpfs/tardis/home/xpz5km/Cahn_Hilliard_Model_HPC/spinodal_decomp/compare_phi_norms.py , Line : 19, Func.Name : read_specific_lines, Message : digits.append(float(i))']
Timepoint not recorded. dt_out:200050 is bigger than timepoint: 1480
Timepoint not recorded. dt_out:2050 is bigger than timepoint: 1480
Timepoint not recorded. dt_out:200025 is bigger than timepoint: 1480
Timepoint not recorded. dt_out:2075 is bigger than timepoint: 1480
Timepoint not recorded. dt_out:2025 is bigger than timepoint: 1480
SAV_Python_2000_dt_5.50e-06_Nx_512_neumann_dtout_1050pphi.csv
Exception type : ValueError 
Exception message : could not convert string to float: '(-0.3695329386903069+0j)'
Stack trace : ['File : /sfs/gpfs/tardis/home/xpz5km/Cahn_Hilliard_Model_HPC/spinodal_decomp/compare_phi_norms.py , Line : 68, Func.Name : compare_phis_norm_at_timepoint, Message : snapshot = read_specific_lines(f"{root}/{fname}", line_list)', 'File : /sfs/gpfs/tardis/home/xpz5km/Cahn_Hilliard_Model_HPC/spinodal_decomp/compare_phi_norms.py , Line : 19, Func.Name : read_specific_lines, Message : digits.append(float(i))']
Timepoint not recorded. dt_out:200075 is bigger than timepoint: 1480
Timepoint not recorded. dt_out:2025 is bigger than timepoint: 1480
SAV_Python_2000_dt_5.50e-06_Nx_256_periodic_dtout_1050pphi.csv
Exception type : ValueError 
Exception message : could not convert string to float: '(0.12156511891563507+0j)'
Stack trace : ['File : /sfs/gpfs/tardis/home/xpz5km/Cahn_Hilliard_Model_HPC/spinodal_decomp/compare_phi_norms.py , Line : 68, Func.Name : compare_phis_norm_at_timepoint, Message : snapshot = read_specific_lines(f"{root}/{fname}", line_list)', 'File : /sfs/gpfs/tardis/home/xpz5km/Cahn_Hilliard_Model_HPC/spinodal_decomp/compare_phi_norms.py , Line : 19, Func.Name : read_specific_lines, Message : digits.append(float(i))']
Timepoint not recorded. dt_out:2075 is bigger than timepoint: 1480
SAV_Python_2000_dt_5.50e-06_Nx_64_neumann_dtout_1075pphi.csv
Exception type : ValueError 
Exception message : could not convert string to float: '(0.5400815077506492+0j)'
Stack trace : ['File : /sfs/gpfs/tardis/home/xpz5km/Cahn_Hilliard_Model_HPC/spinodal_decomp/compare_phi_norms.py , Line : 68, Func.Name : compare_phis_norm_at_timepoint, Message : snapshot = read_specific_lines(f"{root}/{fname}", line_list)', 'File : /sfs/gpfs/tardis/home/xpz5km/Cahn_Hilliard_Model_HPC/spinodal_decomp/compare_phi_norms.py , Line : 19, Func.Name : read_specific_lines, Message : digits.append(float(i))']
SAV_Python_2000_dt_5.50e-06_Nx_128_neumann_dtout_1075pphi.csv
Exception type : ValueError 
Exception message : could not convert string to float: '(0.30661129634295625+0j)'
Stack trace : ['File : /sfs/gpfs/tardis/home/xpz5km/Cahn_Hilliard_Model_HPC/spinodal_decomp/compare_phi_norms.py , Line : 68, Func.Name : compare_phis_norm_at_timepoint, Message : snapshot = read_specific_lines(f"{root}/{fname}", line_list)', 'File : /sfs/gpfs/tardis/home/xpz5km/Cahn_Hilliard_Model_HPC/spinodal_decomp/compare_phi_norms.py , Line : 19, Func.Name : read_specific_lines, Message : digits.append(float(i))']
SAV_Python_2000_dt_5.50e-06_Nx_64_neumann_dtout_1050pphi.csv
Exception type : ValueError 
Exception message : could not convert string to float: '(0.7322999861562081+0j)'
Stack trace : ['File : /sfs/gpfs/tardis/home/xpz5km/Cahn_Hilliard_Model_HPC/spinodal_decomp/compare_phi_norms.py , Line : 68, Func.Name : compare_phis_norm_at_timepoint, Message : snapshot = read_specific_lines(f"{root}/{fname}", line_list)', 'File : /sfs/gpfs/tardis/home/xpz5km/Cahn_Hilliard_Model_HPC/spinodal_decomp/compare_phi_norms.py , Line : 19, Func.Name : read_specific_lines, Message : digits.append(float(i))']
1520
Timepoint not recorded. dt_out:200025 is bigger than timepoint: 1520
Timepoint not recorded. dt_out:200025 is bigger than timepoint: 1520
Timepoint not recorded. dt_out:200025 is bigger than timepoint: 1520
Timepoint not recorded. dt_out:200025 is bigger than timepoint: 1520
Timepoint not recorded. dt_out:200050 is bigger than timepoint: 1520
Timepoint not recorded. dt_out:200025 is bigger than timepoint: 1520
Timepoint not recorded. dt_out:200050 is bigger than timepoint: 1520
Timepoint not recorded. dt_out:200075 is bigger than timepoint: 1520
Timepoint not recorded. dt_out:200075 is bigger than timepoint: 1520
Timepoint not recorded. dt_out:200075 is bigger than timepoint: 1520
Timepoint not recorded. dt_out:200025 is bigger than timepoint: 1520
Timepoint not recorded. dt_out:200050 is bigger than timepoint: 1520
Timepoint not recorded. dt_out:200025 is bigger than timepoint: 1520
Timepoint not recorded. dt_out:200050 is bigger than timepoint: 1520
Timepoint not recorded. dt_out:200075 is bigger than timepoint: 1520
Timepoint not recorded. dt_out:200025 is bigger than timepoint: 1520
Timepoint not recorded. dt_out:200075 is bigger than timepoint: 1520
Timepoint not recorded. dt_out:200075 is bigger than timepoint: 1520
Timepoint not recorded. dt_out:200025 is bigger than timepoint: 1520
Timepoint not recorded. dt_out:200075 is bigger than timepoint: 1520
Timepoint not recorded. dt_out:200025 is bigger than timepoint: 1520
Timepoint not recorded. dt_out:200075 is bigger than timepoint: 1520
Timepoint not recorded. dt_out:200025 is bigger than timepoint: 1520
Timepoint not recorded. dt_out:200050 is bigger than timepoint: 1520
Timepoint not recorded. dt_out:200075 is bigger than timepoint: 1520
Timepoint not recorded. dt_out:200050 is bigger than timepoint: 1520
Timepoint not recorded. dt_out:200075 is bigger than timepoint: 1520
Timepoint not recorded. dt_out:200025 is bigger than timepoint: 1520
Timepoint not recorded. dt_out:200050 is bigger than timepoint: 1520
Timepoint not recorded. dt_out:200050 is bigger than timepoint: 1520
Timepoint not recorded. dt_out:200050 is bigger than timepoint: 1520
Timepoint not recorded. dt_out:200050 is bigger than timepoint: 1520
Timepoint not recorded. dt_out:200025 is bigger than timepoint: 1520
Timepoint not recorded. dt_out:200050 is bigger than timepoint: 1520
Timepoint not recorded. dt_out:200050 is bigger than timepoint: 1520
Timepoint not recorded. dt_out:200050 is bigger than timepoint: 1520
Timepoint not recorded. dt_out:200075 is bigger than timepoint: 1520
Timepoint not recorded. dt_out:200025 is bigger than timepoint: 1520
Timepoint not recorded. dt_out:200075 is bigger than timepoint: 1520
Timepoint not recorded. dt_out:200050 is bigger than timepoint: 1520
Timepoint not recorded. dt_out:200075 is bigger than timepoint: 1520
Timepoint not recorded. dt_out:200075 is bigger than timepoint: 1520
Timepoint not recorded. dt_out:200075 is bigger than timepoint: 1520
Timepoint not recorded. dt_out:200025 is bigger than timepoint: 1520
Timepoint not recorded. dt_out:200025 is bigger than timepoint: 1520
Timepoint not recorded. dt_out:200075 is bigger than timepoint: 1520
Timepoint not recorded. dt_out:200050 is bigger than timepoint: 1520
Timepoint not recorded. dt_out:200050 is bigger than timepoint: 1520
Timepoint not recorded. dt_out:2075 is bigger than timepoint: 1520
SAV_Python_2000_dt_5.50e-06_Nx_128_periodic_dtout_1050pphi.csv
Exception type : ValueError 
Exception message : could not convert string to float: '(0.2045962393673401+0j)'
Stack trace : ['File : /sfs/gpfs/tardis/home/xpz5km/Cahn_Hilliard_Model_HPC/spinodal_decomp/compare_phi_norms.py , Line : 68, Func.Name : compare_phis_norm_at_timepoint, Message : snapshot = read_specific_lines(f"{root}/{fname}", line_list)', 'File : /sfs/gpfs/tardis/home/xpz5km/Cahn_Hilliard_Model_HPC/spinodal_decomp/compare_phi_norms.py , Line : 19, Func.Name : read_specific_lines, Message : digits.append(float(i))']
Timepoint not recorded. dt_out:200025 is bigger than timepoint: 1520
SAV_Python_2000_dt_5.50e-06_Nx_128_neumann_dtout_1050pphi.csv
Exception type : ValueError 
Exception message : could not convert string to float: '(0.49339808143340963+0j)'
Stack trace : ['File : /sfs/gpfs/tardis/home/xpz5km/Cahn_Hilliard_Model_HPC/spinodal_decomp/compare_phi_norms.py , Line : 68, Func.Name : compare_phis_norm_at_timepoint, Message : snapshot = read_specific_lines(f"{root}/{fname}", line_list)', 'File : /sfs/gpfs/tardis/home/xpz5km/Cahn_Hilliard_Model_HPC/spinodal_decomp/compare_phi_norms.py , Line : 19, Func.Name : read_specific_lines, Message : digits.append(float(i))']
Timepoint not recorded. dt_out:2025 is bigger than timepoint: 1520
Timepoint not recorded. dt_out:200050 is bigger than timepoint: 1520
Timepoint not recorded. dt_out:2025 is bigger than timepoint: 1520
Timepoint not recorded. dt_out:2050 is bigger than timepoint: 1520
Timepoint not recorded. dt_out:200025 is bigger than timepoint: 1520
Timepoint not recorded. dt_out:200075 is bigger than timepoint: 1520
Timepoint not recorded. dt_out:200025 is bigger than timepoint: 1520
SAV_Python_2000_dt_5.50e-06_Nx_64_periodic_dtout_1050pphi.csv
Exception type : ValueError 
Exception message : could not convert string to float: '(0.3684165257149645+0j)'
Stack trace : ['File : /sfs/gpfs/tardis/home/xpz5km/Cahn_Hilliard_Model_HPC/spinodal_decomp/compare_phi_norms.py , Line : 68, Func.Name : compare_phis_norm_at_timepoint, Message : snapshot = read_specific_lines(f"{root}/{fname}", line_list)', 'File : /sfs/gpfs/tardis/home/xpz5km/Cahn_Hilliard_Model_HPC/spinodal_decomp/compare_phi_norms.py , Line : 19, Func.Name : read_specific_lines, Message : digits.append(float(i))']
Timepoint not recorded. dt_out:200075 is bigger than timepoint: 1520
Timepoint not recorded. dt_out:200075 is bigger than timepoint: 1520
Timepoint not recorded. dt_out:200075 is bigger than timepoint: 1520
Timepoint not recorded. dt_out:2050 is bigger than timepoint: 1520
SAV_Python_2000_dt_5.50e-06_Nx_64_periodic_dtout_1075pphi.csv
Exception type : ValueError 
Exception message : could not convert string to float: '(1.101980141615137+0j)'
Stack trace : ['File : /sfs/gpfs/tardis/home/xpz5km/Cahn_Hilliard_Model_HPC/spinodal_decomp/compare_phi_norms.py , Line : 68, Func.Name : compare_phis_norm_at_timepoint, Message : snapshot = read_specific_lines(f"{root}/{fname}", line_list)', 'File : /sfs/gpfs/tardis/home/xpz5km/Cahn_Hilliard_Model_HPC/spinodal_decomp/compare_phi_norms.py , Line : 19, Func.Name : read_specific_lines, Message : digits.append(float(i))']
Timepoint not recorded. dt_out:200025 is bigger than timepoint: 1520
SAV_Python_2000_dt_5.50e-06_Nx_256_neumann_dtout_1075pphi.csv
Exception type : ValueError 
Exception message : could not convert string to float: '(0.6095147491860681+0j)'
Stack trace : ['File : /sfs/gpfs/tardis/home/xpz5km/Cahn_Hilliard_Model_HPC/spinodal_decomp/compare_phi_norms.py , Line : 68, Func.Name : compare_phis_norm_at_timepoint, Message : snapshot = read_specific_lines(f"{root}/{fname}", line_list)', 'File : /sfs/gpfs/tardis/home/xpz5km/Cahn_Hilliard_Model_HPC/spinodal_decomp/compare_phi_norms.py , Line : 19, Func.Name : read_specific_lines, Message : digits.append(float(i))']
SAV_Python_2000_dt_5.50e-06_Nx_64_periodic_dtout_1025pphi.csv
Exception type : ValueError 
Exception message : could not convert string to float: '(-0.7124170586501086+0j)'
Stack trace : ['File : /sfs/gpfs/tardis/home/xpz5km/Cahn_Hilliard_Model_HPC/spinodal_decomp/compare_phi_norms.py , Line : 68, Func.Name : compare_phis_norm_at_timepoint, Message : snapshot = read_specific_lines(f"{root}/{fname}", line_list)', 'File : /sfs/gpfs/tardis/home/xpz5km/Cahn_Hilliard_Model_HPC/spinodal_decomp/compare_phi_norms.py , Line : 19, Func.Name : read_specific_lines, Message : digits.append(float(i))']
SAV_Python_2000_dt_5.50e-06_Nx_512_neumann_dtout_1025pphi.csv
Exception type : ValueError 
Exception message : could not convert string to float: '(-0.40354216652613845+0j)'
Stack trace : ['File : /sfs/gpfs/tardis/home/xpz5km/Cahn_Hilliard_Model_HPC/spinodal_decomp/compare_phi_norms.py , Line : 68, Func.Name : compare_phis_norm_at_timepoint, Message : snapshot = read_specific_lines(f"{root}/{fname}", line_list)', 'File : /sfs/gpfs/tardis/home/xpz5km/Cahn_Hilliard_Model_HPC/spinodal_decomp/compare_phi_norms.py , Line : 19, Func.Name : read_specific_lines, Message : digits.append(float(i))']
SAV_Python_2000_dt_5.50e-06_Nx_256_neumann_dtout_1050pphi.csv
Exception type : ValueError 
Exception message : could not convert string to float: '(-0.22306728576755533+0j)'
Stack trace : ['File : /sfs/gpfs/tardis/home/xpz5km/Cahn_Hilliard_Model_HPC/spinodal_decomp/compare_phi_norms.py , Line : 68, Func.Name : compare_phis_norm_at_timepoint, Message : snapshot = read_specific_lines(f"{root}/{fname}", line_list)', 'File : /sfs/gpfs/tardis/home/xpz5km/Cahn_Hilliard_Model_HPC/spinodal_decomp/compare_phi_norms.py , Line : 19, Func.Name : read_specific_lines, Message : digits.append(float(i))']
SAV_Python_2000_dt_5.50e-06_Nx_512_periodic_dtout_1025pphi.csv
Exception type : ValueError 
Exception message : could not convert string to float: '(-0.4262642844294425+0j)'
Stack trace : ['File : /sfs/gpfs/tardis/home/xpz5km/Cahn_Hilliard_Model_HPC/spinodal_decomp/compare_phi_norms.py , Line : 68, Func.Name : compare_phis_norm_at_timepoint, Message : snapshot = read_specific_lines(f"{root}/{fname}", line_list)', 'File : /sfs/gpfs/tardis/home/xpz5km/Cahn_Hilliard_Model_HPC/spinodal_decomp/compare_phi_norms.py , Line : 19, Func.Name : read_specific_lines, Message : digits.append(float(i))']
Timepoint not recorded. dt_out:200050 is bigger than timepoint: 1520
Timepoint not recorded. dt_out:200050 is bigger than timepoint: 1520
SAV_Python_2000_dt_5.50e-06_Nx_512_neumann_dtout_1075pphi.csv
Exception type : ValueError 
Exception message : could not convert string to float: '(0.41284007651573396+0j)'
Stack trace : ['File : /sfs/gpfs/tardis/home/xpz5km/Cahn_Hilliard_Model_HPC/spinodal_decomp/compare_phi_norms.py , Line : 68, Func.Name : compare_phis_norm_at_timepoint, Message : snapshot = read_specific_lines(f"{root}/{fname}", line_list)', 'File : /sfs/gpfs/tardis/home/xpz5km/Cahn_Hilliard_Model_HPC/spinodal_decomp/compare_phi_norms.py , Line : 19, Func.Name : read_specific_lines, Message : digits.append(float(i))']
SAV_Python_2000_dt_5.50e-06_Nx_128_neumann_dtout_1025pphi.csv
Exception type : ValueError 
Exception message : could not convert string to float: '(-0.5028036935571801+0j)'
Stack trace : ['File : /sfs/gpfs/tardis/home/xpz5km/Cahn_Hilliard_Model_HPC/spinodal_decomp/compare_phi_norms.py , Line : 68, Func.Name : compare_phis_norm_at_timepoint, Message : snapshot = read_specific_lines(f"{root}/{fname}", line_list)', 'File : /sfs/gpfs/tardis/home/xpz5km/Cahn_Hilliard_Model_HPC/spinodal_decomp/compare_phi_norms.py , Line : 19, Func.Name : read_specific_lines, Message : digits.append(float(i))']
Timepoint not recorded. dt_out:2050 is bigger than timepoint: 1520
Timepoint not recorded. dt_out:2025 is bigger than timepoint: 1520
Timepoint not recorded. dt_out:200050 is bigger than timepoint: 1520
SAV_Python_2000_dt_5.50e-06_Nx_512_periodic_dtout_1050pphi.csv
Exception type : ValueError 
Exception message : could not convert string to float: '(-0.17351965437514358+0j)'
Stack trace : ['File : /sfs/gpfs/tardis/home/xpz5km/Cahn_Hilliard_Model_HPC/spinodal_decomp/compare_phi_norms.py , Line : 68, Func.Name : compare_phis_norm_at_timepoint, Message : snapshot = read_specific_lines(f"{root}/{fname}", line_list)', 'File : /sfs/gpfs/tardis/home/xpz5km/Cahn_Hilliard_Model_HPC/spinodal_decomp/compare_phi_norms.py , Line : 19, Func.Name : read_specific_lines, Message : digits.append(float(i))']
Timepoint not recorded. dt_out:200075 is bigger than timepoint: 1520
Timepoint not recorded. dt_out:2025 is bigger than timepoint: 1520
Timepoint not recorded. dt_out:2050 is bigger than timepoint: 1520
Timepoint not recorded. dt_out:2075 is bigger than timepoint: 1520
Timepoint not recorded. dt_out:200025 is bigger than timepoint: 1520
Timepoint not recorded. dt_out:200025 is bigger than timepoint: 1520
SAV_Python_2000_dt_5.50e-06_Nx_256_neumann_dtout_1025pphi.csv
Exception type : ValueError 
Exception message : could not convert string to float: '(-0.4611989818451755+0j)'
Stack trace : ['File : /sfs/gpfs/tardis/home/xpz5km/Cahn_Hilliard_Model_HPC/spinodal_decomp/compare_phi_norms.py , Line : 68, Func.Name : compare_phis_norm_at_timepoint, Message : snapshot = read_specific_lines(f"{root}/{fname}", line_list)', 'File : /sfs/gpfs/tardis/home/xpz5km/Cahn_Hilliard_Model_HPC/spinodal_decomp/compare_phi_norms.py , Line : 19, Func.Name : read_specific_lines, Message : digits.append(float(i))']
Timepoint not recorded. dt_out:2050 is bigger than timepoint: 1520
Timepoint not recorded. dt_out:200075 is bigger than timepoint: 1520
SAV_Python_2000_dt_5.50e-06_Nx_512_periodic_dtout_1075pphi.csv
Exception type : ValueError 
Exception message : could not convert string to float: '(0.4145167917739177+0j)'
Stack trace : ['File : /sfs/gpfs/tardis/home/xpz5km/Cahn_Hilliard_Model_HPC/spinodal_decomp/compare_phi_norms.py , Line : 68, Func.Name : compare_phis_norm_at_timepoint, Message : snapshot = read_specific_lines(f"{root}/{fname}", line_list)', 'File : /sfs/gpfs/tardis/home/xpz5km/Cahn_Hilliard_Model_HPC/spinodal_decomp/compare_phi_norms.py , Line : 19, Func.Name : read_specific_lines, Message : digits.append(float(i))']
SAV_Python_2000_dt_5.50e-06_Nx_128_periodic_dtout_1075pphi.csv
Exception type : ValueError 
Exception message : could not convert string to float: '(0.7173846030076462+0j)'
Stack trace : ['File : /sfs/gpfs/tardis/home/xpz5km/Cahn_Hilliard_Model_HPC/spinodal_decomp/compare_phi_norms.py , Line : 68, Func.Name : compare_phis_norm_at_timepoint, Message : snapshot = read_specific_lines(f"{root}/{fname}", line_list)', 'File : /sfs/gpfs/tardis/home/xpz5km/Cahn_Hilliard_Model_HPC/spinodal_decomp/compare_phi_norms.py , Line : 19, Func.Name : read_specific_lines, Message : digits.append(float(i))']
Timepoint not recorded. dt_out:200025 is bigger than timepoint: 1520
Timepoint not recorded. dt_out:2075 is bigger than timepoint: 1520
Timepoint not recorded. dt_out:200050 is bigger than timepoint: 1520
Timepoint not recorded. dt_out:200050 is bigger than timepoint: 1520
Timepoint not recorded. dt_out:2075 is bigger than timepoint: 1520
Timepoint not recorded. dt_out:2025 is bigger than timepoint: 1520
Timepoint not recorded. dt_out:2075 is bigger than timepoint: 1520
SAV_Python_2000_dt_5.50e-06_Nx_128_periodic_dtout_1025pphi.csv
Exception type : ValueError 
Exception message : could not convert string to float: '(-0.4163637254357532+0j)'
Stack trace : ['File : /sfs/gpfs/tardis/home/xpz5km/Cahn_Hilliard_Model_HPC/spinodal_decomp/compare_phi_norms.py , Line : 68, Func.Name : compare_phis_norm_at_timepoint, Message : snapshot = read_specific_lines(f"{root}/{fname}", line_list)', 'File : /sfs/gpfs/tardis/home/xpz5km/Cahn_Hilliard_Model_HPC/spinodal_decomp/compare_phi_norms.py , Line : 19, Func.Name : read_specific_lines, Message : digits.append(float(i))']
SAV_Python_2000_dt_5.50e-06_Nx_64_neumann_dtout_1025pphi.csv
Exception type : ValueError 
Exception message : could not convert string to float: '(-0.5351703189538353+0j)'
Stack trace : ['File : /sfs/gpfs/tardis/home/xpz5km/Cahn_Hilliard_Model_HPC/spinodal_decomp/compare_phi_norms.py , Line : 68, Func.Name : compare_phis_norm_at_timepoint, Message : snapshot = read_specific_lines(f"{root}/{fname}", line_list)', 'File : /sfs/gpfs/tardis/home/xpz5km/Cahn_Hilliard_Model_HPC/spinodal_decomp/compare_phi_norms.py , Line : 19, Func.Name : read_specific_lines, Message : digits.append(float(i))']
Timepoint not recorded. dt_out:200050 is bigger than timepoint: 1520
Timepoint not recorded. dt_out:2075 is bigger than timepoint: 1520
Timepoint not recorded. dt_out:2025 is bigger than timepoint: 1520
SAV_Python_2000_dt_5.50e-06_Nx_256_periodic_dtout_1025pphi.csv
Exception type : ValueError 
Exception message : could not convert string to float: '(-0.4849281356600397+0j)'
Stack trace : ['File : /sfs/gpfs/tardis/home/xpz5km/Cahn_Hilliard_Model_HPC/spinodal_decomp/compare_phi_norms.py , Line : 68, Func.Name : compare_phis_norm_at_timepoint, Message : snapshot = read_specific_lines(f"{root}/{fname}", line_list)', 'File : /sfs/gpfs/tardis/home/xpz5km/Cahn_Hilliard_Model_HPC/spinodal_decomp/compare_phi_norms.py , Line : 19, Func.Name : read_specific_lines, Message : digits.append(float(i))']
Timepoint not recorded. dt_out:200075 is bigger than timepoint: 1520
Timepoint not recorded. dt_out:2050 is bigger than timepoint: 1520
Timepoint not recorded. dt_out:2050 is bigger than timepoint: 1520
SAV_Python_2000_dt_5.50e-06_Nx_256_periodic_dtout_1075pphi.csv
Exception type : ValueError 
Exception message : could not convert string to float: '(0.5938120692486794+0j)'
Stack trace : ['File : /sfs/gpfs/tardis/home/xpz5km/Cahn_Hilliard_Model_HPC/spinodal_decomp/compare_phi_norms.py , Line : 68, Func.Name : compare_phis_norm_at_timepoint, Message : snapshot = read_specific_lines(f"{root}/{fname}", line_list)', 'File : /sfs/gpfs/tardis/home/xpz5km/Cahn_Hilliard_Model_HPC/spinodal_decomp/compare_phi_norms.py , Line : 19, Func.Name : read_specific_lines, Message : digits.append(float(i))']
Timepoint not recorded. dt_out:200050 is bigger than timepoint: 1520
Timepoint not recorded. dt_out:2050 is bigger than timepoint: 1520
Timepoint not recorded. dt_out:200025 is bigger than timepoint: 1520
Timepoint not recorded. dt_out:2075 is bigger than timepoint: 1520
Timepoint not recorded. dt_out:2025 is bigger than timepoint: 1520
SAV_Python_2000_dt_5.50e-06_Nx_512_neumann_dtout_1050pphi.csv
Exception type : ValueError 
Exception message : could not convert string to float: '(-0.32874021564873884+0j)'
Stack trace : ['File : /sfs/gpfs/tardis/home/xpz5km/Cahn_Hilliard_Model_HPC/spinodal_decomp/compare_phi_norms.py , Line : 68, Func.Name : compare_phis_norm_at_timepoint, Message : snapshot = read_specific_lines(f"{root}/{fname}", line_list)', 'File : /sfs/gpfs/tardis/home/xpz5km/Cahn_Hilliard_Model_HPC/spinodal_decomp/compare_phi_norms.py , Line : 19, Func.Name : read_specific_lines, Message : digits.append(float(i))']
Timepoint not recorded. dt_out:200075 is bigger than timepoint: 1520
Timepoint not recorded. dt_out:2025 is bigger than timepoint: 1520
SAV_Python_2000_dt_5.50e-06_Nx_256_periodic_dtout_1050pphi.csv
Exception type : ValueError 
Exception message : could not convert string to float: '(-0.3268140052930339+0j)'
Stack trace : ['File : /sfs/gpfs/tardis/home/xpz5km/Cahn_Hilliard_Model_HPC/spinodal_decomp/compare_phi_norms.py , Line : 68, Func.Name : compare_phis_norm_at_timepoint, Message : snapshot = read_specific_lines(f"{root}/{fname}", line_list)', 'File : /sfs/gpfs/tardis/home/xpz5km/Cahn_Hilliard_Model_HPC/spinodal_decomp/compare_phi_norms.py , Line : 19, Func.Name : read_specific_lines, Message : digits.append(float(i))']
Timepoint not recorded. dt_out:2075 is bigger than timepoint: 1520
SAV_Python_2000_dt_5.50e-06_Nx_64_neumann_dtout_1075pphi.csv
Exception type : ValueError 
Exception message : could not convert string to float: '(1.0855662732043292+0j)'
Stack trace : ['File : /sfs/gpfs/tardis/home/xpz5km/Cahn_Hilliard_Model_HPC/spinodal_decomp/compare_phi_norms.py , Line : 68, Func.Name : compare_phis_norm_at_timepoint, Message : snapshot = read_specific_lines(f"{root}/{fname}", line_list)', 'File : /sfs/gpfs/tardis/home/xpz5km/Cahn_Hilliard_Model_HPC/spinodal_decomp/compare_phi_norms.py , Line : 19, Func.Name : read_specific_lines, Message : digits.append(float(i))']
SAV_Python_2000_dt_5.50e-06_Nx_128_neumann_dtout_1075pphi.csv
Exception type : ValueError 
Exception message : could not convert string to float: '(0.7502635747790106+0j)'
Stack trace : ['File : /sfs/gpfs/tardis/home/xpz5km/Cahn_Hilliard_Model_HPC/spinodal_decomp/compare_phi_norms.py , Line : 68, Func.Name : compare_phis_norm_at_timepoint, Message : snapshot = read_specific_lines(f"{root}/{fname}", line_list)', 'File : /sfs/gpfs/tardis/home/xpz5km/Cahn_Hilliard_Model_HPC/spinodal_decomp/compare_phi_norms.py , Line : 19, Func.Name : read_specific_lines, Message : digits.append(float(i))']
SAV_Python_2000_dt_5.50e-06_Nx_64_neumann_dtout_1050pphi.csv
Exception type : ValueError 
Exception message : could not convert string to float: '(0.41535657598706843+0j)'
Stack trace : ['File : /sfs/gpfs/tardis/home/xpz5km/Cahn_Hilliard_Model_HPC/spinodal_decomp/compare_phi_norms.py , Line : 68, Func.Name : compare_phis_norm_at_timepoint, Message : snapshot = read_specific_lines(f"{root}/{fname}", line_list)', 'File : /sfs/gpfs/tardis/home/xpz5km/Cahn_Hilliard_Model_HPC/spinodal_decomp/compare_phi_norms.py , Line : 19, Func.Name : read_specific_lines, Message : digits.append(float(i))']
1560
Timepoint not recorded. dt_out:200025 is bigger than timepoint: 1560
Timepoint not recorded. dt_out:200025 is bigger than timepoint: 1560
Timepoint not recorded. dt_out:200025 is bigger than timepoint: 1560
Timepoint not recorded. dt_out:200025 is bigger than timepoint: 1560
Timepoint not recorded. dt_out:200050 is bigger than timepoint: 1560
Timepoint not recorded. dt_out:200025 is bigger than timepoint: 1560
Timepoint not recorded. dt_out:200050 is bigger than timepoint: 1560
Timepoint not recorded. dt_out:200075 is bigger than timepoint: 1560
Timepoint not recorded. dt_out:200075 is bigger than timepoint: 1560
Timepoint not recorded. dt_out:200075 is bigger than timepoint: 1560
Timepoint not recorded. dt_out:200025 is bigger than timepoint: 1560
Timepoint not recorded. dt_out:200050 is bigger than timepoint: 1560
Timepoint not recorded. dt_out:200025 is bigger than timepoint: 1560
Timepoint not recorded. dt_out:200050 is bigger than timepoint: 1560
Timepoint not recorded. dt_out:200075 is bigger than timepoint: 1560
Timepoint not recorded. dt_out:200025 is bigger than timepoint: 1560
Timepoint not recorded. dt_out:200075 is bigger than timepoint: 1560
Timepoint not recorded. dt_out:200075 is bigger than timepoint: 1560
Timepoint not recorded. dt_out:200025 is bigger than timepoint: 1560
Timepoint not recorded. dt_out:200075 is bigger than timepoint: 1560
Timepoint not recorded. dt_out:200025 is bigger than timepoint: 1560
Timepoint not recorded. dt_out:200075 is bigger than timepoint: 1560
Timepoint not recorded. dt_out:200025 is bigger than timepoint: 1560
Timepoint not recorded. dt_out:200050 is bigger than timepoint: 1560
Timepoint not recorded. dt_out:200075 is bigger than timepoint: 1560
Timepoint not recorded. dt_out:200050 is bigger than timepoint: 1560
Timepoint not recorded. dt_out:200075 is bigger than timepoint: 1560
Timepoint not recorded. dt_out:200025 is bigger than timepoint: 1560
Timepoint not recorded. dt_out:200050 is bigger than timepoint: 1560
Timepoint not recorded. dt_out:200050 is bigger than timepoint: 1560
Timepoint not recorded. dt_out:200050 is bigger than timepoint: 1560
Timepoint not recorded. dt_out:200050 is bigger than timepoint: 1560
Timepoint not recorded. dt_out:200025 is bigger than timepoint: 1560
Timepoint not recorded. dt_out:200050 is bigger than timepoint: 1560
Timepoint not recorded. dt_out:200050 is bigger than timepoint: 1560
Timepoint not recorded. dt_out:200050 is bigger than timepoint: 1560
Timepoint not recorded. dt_out:200075 is bigger than timepoint: 1560
Timepoint not recorded. dt_out:200025 is bigger than timepoint: 1560
Timepoint not recorded. dt_out:200075 is bigger than timepoint: 1560
Timepoint not recorded. dt_out:200050 is bigger than timepoint: 1560
Timepoint not recorded. dt_out:200075 is bigger than timepoint: 1560
Timepoint not recorded. dt_out:200075 is bigger than timepoint: 1560
Timepoint not recorded. dt_out:200075 is bigger than timepoint: 1560
Timepoint not recorded. dt_out:200025 is bigger than timepoint: 1560
Timepoint not recorded. dt_out:200025 is bigger than timepoint: 1560
Timepoint not recorded. dt_out:200075 is bigger than timepoint: 1560
Timepoint not recorded. dt_out:200050 is bigger than timepoint: 1560
Timepoint not recorded. dt_out:200050 is bigger than timepoint: 1560
Timepoint not recorded. dt_out:2075 is bigger than timepoint: 1560
SAV_Python_2000_dt_5.50e-06_Nx_128_periodic_dtout_1050pphi.csv
Exception type : ValueError 
Exception message : could not convert string to float: '(0.2463318618496503+0j)'
Stack trace : ['File : /sfs/gpfs/tardis/home/xpz5km/Cahn_Hilliard_Model_HPC/spinodal_decomp/compare_phi_norms.py , Line : 68, Func.Name : compare_phis_norm_at_timepoint, Message : snapshot = read_specific_lines(f"{root}/{fname}", line_list)', 'File : /sfs/gpfs/tardis/home/xpz5km/Cahn_Hilliard_Model_HPC/spinodal_decomp/compare_phi_norms.py , Line : 19, Func.Name : read_specific_lines, Message : digits.append(float(i))']
Timepoint not recorded. dt_out:200025 is bigger than timepoint: 1560
SAV_Python_2000_dt_5.50e-06_Nx_128_neumann_dtout_1050pphi.csv
Exception type : ValueError 
Exception message : could not convert string to float: '(0.08707402907279499+0j)'
Stack trace : ['File : /sfs/gpfs/tardis/home/xpz5km/Cahn_Hilliard_Model_HPC/spinodal_decomp/compare_phi_norms.py , Line : 68, Func.Name : compare_phis_norm_at_timepoint, Message : snapshot = read_specific_lines(f"{root}/{fname}", line_list)', 'File : /sfs/gpfs/tardis/home/xpz5km/Cahn_Hilliard_Model_HPC/spinodal_decomp/compare_phi_norms.py , Line : 19, Func.Name : read_specific_lines, Message : digits.append(float(i))']
Timepoint not recorded. dt_out:2025 is bigger than timepoint: 1560
Timepoint not recorded. dt_out:200050 is bigger than timepoint: 1560
Timepoint not recorded. dt_out:2025 is bigger than timepoint: 1560
Timepoint not recorded. dt_out:2050 is bigger than timepoint: 1560
Timepoint not recorded. dt_out:200025 is bigger than timepoint: 1560
Timepoint not recorded. dt_out:200075 is bigger than timepoint: 1560
Timepoint not recorded. dt_out:200025 is bigger than timepoint: 1560
SAV_Python_2000_dt_5.50e-06_Nx_64_periodic_dtout_1050pphi.csv
Exception type : ValueError 
Exception message : could not convert string to float: '(-0.2806511674057378+0j)'
Stack trace : ['File : /sfs/gpfs/tardis/home/xpz5km/Cahn_Hilliard_Model_HPC/spinodal_decomp/compare_phi_norms.py , Line : 68, Func.Name : compare_phis_norm_at_timepoint, Message : snapshot = read_specific_lines(f"{root}/{fname}", line_list)', 'File : /sfs/gpfs/tardis/home/xpz5km/Cahn_Hilliard_Model_HPC/spinodal_decomp/compare_phi_norms.py , Line : 19, Func.Name : read_specific_lines, Message : digits.append(float(i))']
Timepoint not recorded. dt_out:200075 is bigger than timepoint: 1560
Timepoint not recorded. dt_out:200075 is bigger than timepoint: 1560
Timepoint not recorded. dt_out:200075 is bigger than timepoint: 1560
Timepoint not recorded. dt_out:2050 is bigger than timepoint: 1560
SAV_Python_2000_dt_5.50e-06_Nx_64_periodic_dtout_1075pphi.csv
Exception type : ValueError 
Exception message : could not convert string to float: '(0.9051869905037923+0j)'
Stack trace : ['File : /sfs/gpfs/tardis/home/xpz5km/Cahn_Hilliard_Model_HPC/spinodal_decomp/compare_phi_norms.py , Line : 68, Func.Name : compare_phis_norm_at_timepoint, Message : snapshot = read_specific_lines(f"{root}/{fname}", line_list)', 'File : /sfs/gpfs/tardis/home/xpz5km/Cahn_Hilliard_Model_HPC/spinodal_decomp/compare_phi_norms.py , Line : 19, Func.Name : read_specific_lines, Message : digits.append(float(i))']
Timepoint not recorded. dt_out:200025 is bigger than timepoint: 1560
SAV_Python_2000_dt_5.50e-06_Nx_256_neumann_dtout_1075pphi.csv
Exception type : ValueError 
Exception message : could not convert string to float: '(0.4064384288813632+0j)'
Stack trace : ['File : /sfs/gpfs/tardis/home/xpz5km/Cahn_Hilliard_Model_HPC/spinodal_decomp/compare_phi_norms.py , Line : 68, Func.Name : compare_phis_norm_at_timepoint, Message : snapshot = read_specific_lines(f"{root}/{fname}", line_list)', 'File : /sfs/gpfs/tardis/home/xpz5km/Cahn_Hilliard_Model_HPC/spinodal_decomp/compare_phi_norms.py , Line : 19, Func.Name : read_specific_lines, Message : digits.append(float(i))']
SAV_Python_2000_dt_5.50e-06_Nx_64_periodic_dtout_1025pphi.csv
Exception type : ValueError 
Exception message : could not convert string to float: '(-0.0315342113218375+0j)'
Stack trace : ['File : /sfs/gpfs/tardis/home/xpz5km/Cahn_Hilliard_Model_HPC/spinodal_decomp/compare_phi_norms.py , Line : 68, Func.Name : compare_phis_norm_at_timepoint, Message : snapshot = read_specific_lines(f"{root}/{fname}", line_list)', 'File : /sfs/gpfs/tardis/home/xpz5km/Cahn_Hilliard_Model_HPC/spinodal_decomp/compare_phi_norms.py , Line : 19, Func.Name : read_specific_lines, Message : digits.append(float(i))']
SAV_Python_2000_dt_5.50e-06_Nx_512_neumann_dtout_1025pphi.csv
Exception type : ValueError 
Exception message : could not convert string to float: '(-0.5307006115048066+0j)'
Stack trace : ['File : /sfs/gpfs/tardis/home/xpz5km/Cahn_Hilliard_Model_HPC/spinodal_decomp/compare_phi_norms.py , Line : 68, Func.Name : compare_phis_norm_at_timepoint, Message : snapshot = read_specific_lines(f"{root}/{fname}", line_list)', 'File : /sfs/gpfs/tardis/home/xpz5km/Cahn_Hilliard_Model_HPC/spinodal_decomp/compare_phi_norms.py , Line : 19, Func.Name : read_specific_lines, Message : digits.append(float(i))']
SAV_Python_2000_dt_5.50e-06_Nx_256_neumann_dtout_1050pphi.csv
Exception type : ValueError 
Exception message : could not convert string to float: '(0.12508539535895624+0j)'
Stack trace : ['File : /sfs/gpfs/tardis/home/xpz5km/Cahn_Hilliard_Model_HPC/spinodal_decomp/compare_phi_norms.py , Line : 68, Func.Name : compare_phis_norm_at_timepoint, Message : snapshot = read_specific_lines(f"{root}/{fname}", line_list)', 'File : /sfs/gpfs/tardis/home/xpz5km/Cahn_Hilliard_Model_HPC/spinodal_decomp/compare_phi_norms.py , Line : 19, Func.Name : read_specific_lines, Message : digits.append(float(i))']
SAV_Python_2000_dt_5.50e-06_Nx_512_periodic_dtout_1025pphi.csv
Exception type : ValueError 
Exception message : could not convert string to float: '(-0.47907074735817085+0j)'
Stack trace : ['File : /sfs/gpfs/tardis/home/xpz5km/Cahn_Hilliard_Model_HPC/spinodal_decomp/compare_phi_norms.py , Line : 68, Func.Name : compare_phis_norm_at_timepoint, Message : snapshot = read_specific_lines(f"{root}/{fname}", line_list)', 'File : /sfs/gpfs/tardis/home/xpz5km/Cahn_Hilliard_Model_HPC/spinodal_decomp/compare_phi_norms.py , Line : 19, Func.Name : read_specific_lines, Message : digits.append(float(i))']
Timepoint not recorded. dt_out:200050 is bigger than timepoint: 1560
Timepoint not recorded. dt_out:200050 is bigger than timepoint: 1560
SAV_Python_2000_dt_5.50e-06_Nx_512_neumann_dtout_1075pphi.csv
Exception type : ValueError 
Exception message : could not convert string to float: '(0.41107745949438157+0j)'
Stack trace : ['File : /sfs/gpfs/tardis/home/xpz5km/Cahn_Hilliard_Model_HPC/spinodal_decomp/compare_phi_norms.py , Line : 68, Func.Name : compare_phis_norm_at_timepoint, Message : snapshot = read_specific_lines(f"{root}/{fname}", line_list)', 'File : /sfs/gpfs/tardis/home/xpz5km/Cahn_Hilliard_Model_HPC/spinodal_decomp/compare_phi_norms.py , Line : 19, Func.Name : read_specific_lines, Message : digits.append(float(i))']
SAV_Python_2000_dt_5.50e-06_Nx_128_neumann_dtout_1025pphi.csv
Exception type : ValueError 
Exception message : could not convert string to float: '(-0.37304062601386445+0j)'
Stack trace : ['File : /sfs/gpfs/tardis/home/xpz5km/Cahn_Hilliard_Model_HPC/spinodal_decomp/compare_phi_norms.py , Line : 68, Func.Name : compare_phis_norm_at_timepoint, Message : snapshot = read_specific_lines(f"{root}/{fname}", line_list)', 'File : /sfs/gpfs/tardis/home/xpz5km/Cahn_Hilliard_Model_HPC/spinodal_decomp/compare_phi_norms.py , Line : 19, Func.Name : read_specific_lines, Message : digits.append(float(i))']
Timepoint not recorded. dt_out:2050 is bigger than timepoint: 1560
Timepoint not recorded. dt_out:2025 is bigger than timepoint: 1560
Timepoint not recorded. dt_out:200050 is bigger than timepoint: 1560
SAV_Python_2000_dt_5.50e-06_Nx_512_periodic_dtout_1050pphi.csv
Exception type : ValueError 
Exception message : could not convert string to float: '(0.16515501744851405+0j)'
Stack trace : ['File : /sfs/gpfs/tardis/home/xpz5km/Cahn_Hilliard_Model_HPC/spinodal_decomp/compare_phi_norms.py , Line : 68, Func.Name : compare_phis_norm_at_timepoint, Message : snapshot = read_specific_lines(f"{root}/{fname}", line_list)', 'File : /sfs/gpfs/tardis/home/xpz5km/Cahn_Hilliard_Model_HPC/spinodal_decomp/compare_phi_norms.py , Line : 19, Func.Name : read_specific_lines, Message : digits.append(float(i))']
Timepoint not recorded. dt_out:200075 is bigger than timepoint: 1560
Timepoint not recorded. dt_out:2025 is bigger than timepoint: 1560
Timepoint not recorded. dt_out:2050 is bigger than timepoint: 1560
Timepoint not recorded. dt_out:2075 is bigger than timepoint: 1560
Timepoint not recorded. dt_out:200025 is bigger than timepoint: 1560
Timepoint not recorded. dt_out:200025 is bigger than timepoint: 1560
SAV_Python_2000_dt_5.50e-06_Nx_256_neumann_dtout_1025pphi.csv
Exception type : ValueError 
Exception message : could not convert string to float: '(-0.5022809178108083+0j)'
Stack trace : ['File : /sfs/gpfs/tardis/home/xpz5km/Cahn_Hilliard_Model_HPC/spinodal_decomp/compare_phi_norms.py , Line : 68, Func.Name : compare_phis_norm_at_timepoint, Message : snapshot = read_specific_lines(f"{root}/{fname}", line_list)', 'File : /sfs/gpfs/tardis/home/xpz5km/Cahn_Hilliard_Model_HPC/spinodal_decomp/compare_phi_norms.py , Line : 19, Func.Name : read_specific_lines, Message : digits.append(float(i))']
Timepoint not recorded. dt_out:2050 is bigger than timepoint: 1560
Timepoint not recorded. dt_out:200075 is bigger than timepoint: 1560
SAV_Python_2000_dt_5.50e-06_Nx_512_periodic_dtout_1075pphi.csv
Exception type : ValueError 
Exception message : could not convert string to float: '(0.5004904016085293+0j)'
Stack trace : ['File : /sfs/gpfs/tardis/home/xpz5km/Cahn_Hilliard_Model_HPC/spinodal_decomp/compare_phi_norms.py , Line : 68, Func.Name : compare_phis_norm_at_timepoint, Message : snapshot = read_specific_lines(f"{root}/{fname}", line_list)', 'File : /sfs/gpfs/tardis/home/xpz5km/Cahn_Hilliard_Model_HPC/spinodal_decomp/compare_phi_norms.py , Line : 19, Func.Name : read_specific_lines, Message : digits.append(float(i))']
SAV_Python_2000_dt_5.50e-06_Nx_128_periodic_dtout_1075pphi.csv
Exception type : ValueError 
Exception message : could not convert string to float: '(0.5746499292995385+0j)'
Stack trace : ['File : /sfs/gpfs/tardis/home/xpz5km/Cahn_Hilliard_Model_HPC/spinodal_decomp/compare_phi_norms.py , Line : 68, Func.Name : compare_phis_norm_at_timepoint, Message : snapshot = read_specific_lines(f"{root}/{fname}", line_list)', 'File : /sfs/gpfs/tardis/home/xpz5km/Cahn_Hilliard_Model_HPC/spinodal_decomp/compare_phi_norms.py , Line : 19, Func.Name : read_specific_lines, Message : digits.append(float(i))']
Timepoint not recorded. dt_out:200025 is bigger than timepoint: 1560
Timepoint not recorded. dt_out:2075 is bigger than timepoint: 1560
Timepoint not recorded. dt_out:200050 is bigger than timepoint: 1560
Timepoint not recorded. dt_out:200050 is bigger than timepoint: 1560
Timepoint not recorded. dt_out:2075 is bigger than timepoint: 1560
Timepoint not recorded. dt_out:2025 is bigger than timepoint: 1560
Timepoint not recorded. dt_out:2075 is bigger than timepoint: 1560
SAV_Python_2000_dt_5.50e-06_Nx_128_periodic_dtout_1025pphi.csv
Exception type : ValueError 
Exception message : could not convert string to float: '(-0.3825199820835572+0j)'
Stack trace : ['File : /sfs/gpfs/tardis/home/xpz5km/Cahn_Hilliard_Model_HPC/spinodal_decomp/compare_phi_norms.py , Line : 68, Func.Name : compare_phis_norm_at_timepoint, Message : snapshot = read_specific_lines(f"{root}/{fname}", line_list)', 'File : /sfs/gpfs/tardis/home/xpz5km/Cahn_Hilliard_Model_HPC/spinodal_decomp/compare_phi_norms.py , Line : 19, Func.Name : read_specific_lines, Message : digits.append(float(i))']
SAV_Python_2000_dt_5.50e-06_Nx_64_neumann_dtout_1025pphi.csv
Exception type : ValueError 
Exception message : could not convert string to float: '(-0.39655200603575536+0j)'
Stack trace : ['File : /sfs/gpfs/tardis/home/xpz5km/Cahn_Hilliard_Model_HPC/spinodal_decomp/compare_phi_norms.py , Line : 68, Func.Name : compare_phis_norm_at_timepoint, Message : snapshot = read_specific_lines(f"{root}/{fname}", line_list)', 'File : /sfs/gpfs/tardis/home/xpz5km/Cahn_Hilliard_Model_HPC/spinodal_decomp/compare_phi_norms.py , Line : 19, Func.Name : read_specific_lines, Message : digits.append(float(i))']
Timepoint not recorded. dt_out:200050 is bigger than timepoint: 1560
Timepoint not recorded. dt_out:2075 is bigger than timepoint: 1560
Timepoint not recorded. dt_out:2025 is bigger than timepoint: 1560
SAV_Python_2000_dt_5.50e-06_Nx_256_periodic_dtout_1025pphi.csv
Exception type : ValueError 
Exception message : could not convert string to float: '(-0.5438644148321476+0j)'
Stack trace : ['File : /sfs/gpfs/tardis/home/xpz5km/Cahn_Hilliard_Model_HPC/spinodal_decomp/compare_phi_norms.py , Line : 68, Func.Name : compare_phis_norm_at_timepoint, Message : snapshot = read_specific_lines(f"{root}/{fname}", line_list)', 'File : /sfs/gpfs/tardis/home/xpz5km/Cahn_Hilliard_Model_HPC/spinodal_decomp/compare_phi_norms.py , Line : 19, Func.Name : read_specific_lines, Message : digits.append(float(i))']
Timepoint not recorded. dt_out:200075 is bigger than timepoint: 1560
Timepoint not recorded. dt_out:2050 is bigger than timepoint: 1560
Timepoint not recorded. dt_out:2050 is bigger than timepoint: 1560
SAV_Python_2000_dt_5.50e-06_Nx_256_periodic_dtout_1075pphi.csv
Exception type : ValueError 
Exception message : could not convert string to float: '(0.3675804613455127+0j)'
Stack trace : ['File : /sfs/gpfs/tardis/home/xpz5km/Cahn_Hilliard_Model_HPC/spinodal_decomp/compare_phi_norms.py , Line : 68, Func.Name : compare_phis_norm_at_timepoint, Message : snapshot = read_specific_lines(f"{root}/{fname}", line_list)', 'File : /sfs/gpfs/tardis/home/xpz5km/Cahn_Hilliard_Model_HPC/spinodal_decomp/compare_phi_norms.py , Line : 19, Func.Name : read_specific_lines, Message : digits.append(float(i))']
Timepoint not recorded. dt_out:200050 is bigger than timepoint: 1560
Timepoint not recorded. dt_out:2050 is bigger than timepoint: 1560
Timepoint not recorded. dt_out:200025 is bigger than timepoint: 1560
Timepoint not recorded. dt_out:2075 is bigger than timepoint: 1560
Timepoint not recorded. dt_out:2025 is bigger than timepoint: 1560
SAV_Python_2000_dt_5.50e-06_Nx_512_neumann_dtout_1050pphi.csv
Exception type : ValueError 
Exception message : could not convert string to float: '(-0.08041791536416772+0j)'
Stack trace : ['File : /sfs/gpfs/tardis/home/xpz5km/Cahn_Hilliard_Model_HPC/spinodal_decomp/compare_phi_norms.py , Line : 68, Func.Name : compare_phis_norm_at_timepoint, Message : snapshot = read_specific_lines(f"{root}/{fname}", line_list)', 'File : /sfs/gpfs/tardis/home/xpz5km/Cahn_Hilliard_Model_HPC/spinodal_decomp/compare_phi_norms.py , Line : 19, Func.Name : read_specific_lines, Message : digits.append(float(i))']
Timepoint not recorded. dt_out:200075 is bigger than timepoint: 1560
Timepoint not recorded. dt_out:2025 is bigger than timepoint: 1560
SAV_Python_2000_dt_5.50e-06_Nx_256_periodic_dtout_1050pphi.csv
Exception type : ValueError 
Exception message : could not convert string to float: '(0.22064966599462227+0j)'
Stack trace : ['File : /sfs/gpfs/tardis/home/xpz5km/Cahn_Hilliard_Model_HPC/spinodal_decomp/compare_phi_norms.py , Line : 68, Func.Name : compare_phis_norm_at_timepoint, Message : snapshot = read_specific_lines(f"{root}/{fname}", line_list)', 'File : /sfs/gpfs/tardis/home/xpz5km/Cahn_Hilliard_Model_HPC/spinodal_decomp/compare_phi_norms.py , Line : 19, Func.Name : read_specific_lines, Message : digits.append(float(i))']
Timepoint not recorded. dt_out:2075 is bigger than timepoint: 1560
SAV_Python_2000_dt_5.50e-06_Nx_64_neumann_dtout_1075pphi.csv
Exception type : ValueError 
Exception message : could not convert string to float: '(1.0564351772384728+0j)'
Stack trace : ['File : /sfs/gpfs/tardis/home/xpz5km/Cahn_Hilliard_Model_HPC/spinodal_decomp/compare_phi_norms.py , Line : 68, Func.Name : compare_phis_norm_at_timepoint, Message : snapshot = read_specific_lines(f"{root}/{fname}", line_list)', 'File : /sfs/gpfs/tardis/home/xpz5km/Cahn_Hilliard_Model_HPC/spinodal_decomp/compare_phi_norms.py , Line : 19, Func.Name : read_specific_lines, Message : digits.append(float(i))']
SAV_Python_2000_dt_5.50e-06_Nx_128_neumann_dtout_1075pphi.csv
Exception type : ValueError 
Exception message : could not convert string to float: '(0.5093398324098097+0j)'
Stack trace : ['File : /sfs/gpfs/tardis/home/xpz5km/Cahn_Hilliard_Model_HPC/spinodal_decomp/compare_phi_norms.py , Line : 68, Func.Name : compare_phis_norm_at_timepoint, Message : snapshot = read_specific_lines(f"{root}/{fname}", line_list)', 'File : /sfs/gpfs/tardis/home/xpz5km/Cahn_Hilliard_Model_HPC/spinodal_decomp/compare_phi_norms.py , Line : 19, Func.Name : read_specific_lines, Message : digits.append(float(i))']
SAV_Python_2000_dt_5.50e-06_Nx_64_neumann_dtout_1050pphi.csv
Exception type : ValueError 
Exception message : could not convert string to float: '(0.05720329724855005+0j)'
Stack trace : ['File : /sfs/gpfs/tardis/home/xpz5km/Cahn_Hilliard_Model_HPC/spinodal_decomp/compare_phi_norms.py , Line : 68, Func.Name : compare_phis_norm_at_timepoint, Message : snapshot = read_specific_lines(f"{root}/{fname}", line_list)', 'File : /sfs/gpfs/tardis/home/xpz5km/Cahn_Hilliard_Model_HPC/spinodal_decomp/compare_phi_norms.py , Line : 19, Func.Name : read_specific_lines, Message : digits.append(float(i))']
1600
SAV_MATLAB_2000_dt_5.50e-06_Nx_256_neumann_n_relax_475p_phi.csv
Exception type : ValueError 
Exception message : setting an array element with a sequence. The requested array has an inhomogeneous shape after 1 dimensions. The detected shape was (256,) + inhomogeneous part.
Stack trace : ['File : /sfs/gpfs/tardis/home/xpz5km/Cahn_Hilliard_Model_HPC/spinodal_decomp/compare_phi_norms.py , Line : 68, Func.Name : compare_phis_norm_at_timepoint, Message : snapshot = read_specific_lines(f"{root}/{fname}", line_list)', 'File : /sfs/gpfs/tardis/home/xpz5km/Cahn_Hilliard_Model_HPC/spinodal_decomp/compare_phi_norms.py , Line : 23, Func.Name : read_specific_lines, Message : result = np.array(result)']
Timepoint not recorded. dt_out:200025 is bigger than timepoint: 1600
Timepoint not recorded. dt_out:200025 is bigger than timepoint: 1600
Timepoint not recorded. dt_out:200025 is bigger than timepoint: 1600
Timepoint not recorded. dt_out:200025 is bigger than timepoint: 1600
Timepoint not recorded. dt_out:200050 is bigger than timepoint: 1600
Timepoint not recorded. dt_out:200025 is bigger than timepoint: 1600
Timepoint not recorded. dt_out:200050 is bigger than timepoint: 1600
Timepoint not recorded. dt_out:200075 is bigger than timepoint: 1600
Timepoint not recorded. dt_out:200075 is bigger than timepoint: 1600
Timepoint not recorded. dt_out:200075 is bigger than timepoint: 1600
Timepoint not recorded. dt_out:200025 is bigger than timepoint: 1600
Timepoint not recorded. dt_out:200050 is bigger than timepoint: 1600
Timepoint not recorded. dt_out:200025 is bigger than timepoint: 1600
Timepoint not recorded. dt_out:200050 is bigger than timepoint: 1600
Timepoint not recorded. dt_out:200075 is bigger than timepoint: 1600
Timepoint not recorded. dt_out:200025 is bigger than timepoint: 1600
Timepoint not recorded. dt_out:200075 is bigger than timepoint: 1600
Timepoint not recorded. dt_out:200075 is bigger than timepoint: 1600
Timepoint not recorded. dt_out:200025 is bigger than timepoint: 1600
Timepoint not recorded. dt_out:200075 is bigger than timepoint: 1600
Timepoint not recorded. dt_out:200025 is bigger than timepoint: 1600
Timepoint not recorded. dt_out:200075 is bigger than timepoint: 1600
Timepoint not recorded. dt_out:200025 is bigger than timepoint: 1600
Timepoint not recorded. dt_out:200050 is bigger than timepoint: 1600
Timepoint not recorded. dt_out:200075 is bigger than timepoint: 1600
Timepoint not recorded. dt_out:200050 is bigger than timepoint: 1600
Timepoint not recorded. dt_out:200075 is bigger than timepoint: 1600
Timepoint not recorded. dt_out:200025 is bigger than timepoint: 1600
Timepoint not recorded. dt_out:200050 is bigger than timepoint: 1600
Timepoint not recorded. dt_out:200050 is bigger than timepoint: 1600
Timepoint not recorded. dt_out:200050 is bigger than timepoint: 1600
Timepoint not recorded. dt_out:200050 is bigger than timepoint: 1600
Timepoint not recorded. dt_out:200025 is bigger than timepoint: 1600
Timepoint not recorded. dt_out:200050 is bigger than timepoint: 1600
Timepoint not recorded. dt_out:200050 is bigger than timepoint: 1600
Timepoint not recorded. dt_out:200050 is bigger than timepoint: 1600
Timepoint not recorded. dt_out:200075 is bigger than timepoint: 1600
Timepoint not recorded. dt_out:200025 is bigger than timepoint: 1600
Timepoint not recorded. dt_out:200075 is bigger than timepoint: 1600
Timepoint not recorded. dt_out:200050 is bigger than timepoint: 1600
Timepoint not recorded. dt_out:200075 is bigger than timepoint: 1600
Timepoint not recorded. dt_out:200075 is bigger than timepoint: 1600
Timepoint not recorded. dt_out:200075 is bigger than timepoint: 1600
Timepoint not recorded. dt_out:200025 is bigger than timepoint: 1600
Timepoint not recorded. dt_out:200025 is bigger than timepoint: 1600
Timepoint not recorded. dt_out:200075 is bigger than timepoint: 1600
Timepoint not recorded. dt_out:200050 is bigger than timepoint: 1600
Timepoint not recorded. dt_out:200050 is bigger than timepoint: 1600
Timepoint not recorded. dt_out:2075 is bigger than timepoint: 1600
SAV_Python_2000_dt_5.50e-06_Nx_128_periodic_dtout_1050pphi.csv
Exception type : ValueError 
Exception message : could not convert string to float: '(0.08473451545785127+0j)'
Stack trace : ['File : /sfs/gpfs/tardis/home/xpz5km/Cahn_Hilliard_Model_HPC/spinodal_decomp/compare_phi_norms.py , Line : 68, Func.Name : compare_phis_norm_at_timepoint, Message : snapshot = read_specific_lines(f"{root}/{fname}", line_list)', 'File : /sfs/gpfs/tardis/home/xpz5km/Cahn_Hilliard_Model_HPC/spinodal_decomp/compare_phi_norms.py , Line : 19, Func.Name : read_specific_lines, Message : digits.append(float(i))']
Timepoint not recorded. dt_out:200025 is bigger than timepoint: 1600
SAV_Python_2000_dt_5.50e-06_Nx_128_neumann_dtout_1050pphi.csv
Exception type : ValueError 
Exception message : could not convert string to float: '(0.00657858901591415+0j)'
Stack trace : ['File : /sfs/gpfs/tardis/home/xpz5km/Cahn_Hilliard_Model_HPC/spinodal_decomp/compare_phi_norms.py , Line : 68, Func.Name : compare_phis_norm_at_timepoint, Message : snapshot = read_specific_lines(f"{root}/{fname}", line_list)', 'File : /sfs/gpfs/tardis/home/xpz5km/Cahn_Hilliard_Model_HPC/spinodal_decomp/compare_phi_norms.py , Line : 19, Func.Name : read_specific_lines, Message : digits.append(float(i))']
Timepoint not recorded. dt_out:2025 is bigger than timepoint: 1600
Timepoint not recorded. dt_out:200050 is bigger than timepoint: 1600
Timepoint not recorded. dt_out:2025 is bigger than timepoint: 1600
Timepoint not recorded. dt_out:2050 is bigger than timepoint: 1600
Timepoint not recorded. dt_out:200025 is bigger than timepoint: 1600
Timepoint not recorded. dt_out:200075 is bigger than timepoint: 1600
Timepoint not recorded. dt_out:200025 is bigger than timepoint: 1600
SAV_Python_2000_dt_5.50e-06_Nx_64_periodic_dtout_1050pphi.csv
Exception type : ValueError 
Exception message : could not convert string to float: '(0.22747867180564238+0j)'
Stack trace : ['File : /sfs/gpfs/tardis/home/xpz5km/Cahn_Hilliard_Model_HPC/spinodal_decomp/compare_phi_norms.py , Line : 68, Func.Name : compare_phis_norm_at_timepoint, Message : snapshot = read_specific_lines(f"{root}/{fname}", line_list)', 'File : /sfs/gpfs/tardis/home/xpz5km/Cahn_Hilliard_Model_HPC/spinodal_decomp/compare_phi_norms.py , Line : 19, Func.Name : read_specific_lines, Message : digits.append(float(i))']
Timepoint not recorded. dt_out:200075 is bigger than timepoint: 1600
Timepoint not recorded. dt_out:200075 is bigger than timepoint: 1600
Timepoint not recorded. dt_out:200075 is bigger than timepoint: 1600
Timepoint not recorded. dt_out:2050 is bigger than timepoint: 1600
SAV_Python_2000_dt_5.50e-06_Nx_64_periodic_dtout_1075pphi.csv
Exception type : ValueError 
Exception message : could not convert string to float: '(0.5482451480417195+0j)'
Stack trace : ['File : /sfs/gpfs/tardis/home/xpz5km/Cahn_Hilliard_Model_HPC/spinodal_decomp/compare_phi_norms.py , Line : 68, Func.Name : compare_phis_norm_at_timepoint, Message : snapshot = read_specific_lines(f"{root}/{fname}", line_list)', 'File : /sfs/gpfs/tardis/home/xpz5km/Cahn_Hilliard_Model_HPC/spinodal_decomp/compare_phi_norms.py , Line : 19, Func.Name : read_specific_lines, Message : digits.append(float(i))']
Timepoint not recorded. dt_out:200025 is bigger than timepoint: 1600
SAV_Python_2000_dt_5.50e-06_Nx_256_neumann_dtout_1075pphi.csv
Exception type : ValueError 
Exception message : could not convert string to float: '(0.4951624641018995+0j)'
Stack trace : ['File : /sfs/gpfs/tardis/home/xpz5km/Cahn_Hilliard_Model_HPC/spinodal_decomp/compare_phi_norms.py , Line : 68, Func.Name : compare_phis_norm_at_timepoint, Message : snapshot = read_specific_lines(f"{root}/{fname}", line_list)', 'File : /sfs/gpfs/tardis/home/xpz5km/Cahn_Hilliard_Model_HPC/spinodal_decomp/compare_phi_norms.py , Line : 19, Func.Name : read_specific_lines, Message : digits.append(float(i))']
SAV_Python_2000_dt_5.50e-06_Nx_64_periodic_dtout_1025pphi.csv
Exception type : ValueError 
Exception message : could not convert string to float: '(-0.28708250878288344+0j)'
Stack trace : ['File : /sfs/gpfs/tardis/home/xpz5km/Cahn_Hilliard_Model_HPC/spinodal_decomp/compare_phi_norms.py , Line : 68, Func.Name : compare_phis_norm_at_timepoint, Message : snapshot = read_specific_lines(f"{root}/{fname}", line_list)', 'File : /sfs/gpfs/tardis/home/xpz5km/Cahn_Hilliard_Model_HPC/spinodal_decomp/compare_phi_norms.py , Line : 19, Func.Name : read_specific_lines, Message : digits.append(float(i))']
SAV_Python_2000_dt_5.50e-06_Nx_512_neumann_dtout_1025pphi.csv
Exception type : ValueError 
Exception message : could not convert string to float: '(-0.42600560746100546+0j)'
Stack trace : ['File : /sfs/gpfs/tardis/home/xpz5km/Cahn_Hilliard_Model_HPC/spinodal_decomp/compare_phi_norms.py , Line : 68, Func.Name : compare_phis_norm_at_timepoint, Message : snapshot = read_specific_lines(f"{root}/{fname}", line_list)', 'File : /sfs/gpfs/tardis/home/xpz5km/Cahn_Hilliard_Model_HPC/spinodal_decomp/compare_phi_norms.py , Line : 19, Func.Name : read_specific_lines, Message : digits.append(float(i))']
SAV_Python_2000_dt_5.50e-06_Nx_256_neumann_dtout_1050pphi.csv
Exception type : ValueError 
Exception message : could not convert string to float: '(-0.007797777335910898+0j)'
Stack trace : ['File : /sfs/gpfs/tardis/home/xpz5km/Cahn_Hilliard_Model_HPC/spinodal_decomp/compare_phi_norms.py , Line : 68, Func.Name : compare_phis_norm_at_timepoint, Message : snapshot = read_specific_lines(f"{root}/{fname}", line_list)', 'File : /sfs/gpfs/tardis/home/xpz5km/Cahn_Hilliard_Model_HPC/spinodal_decomp/compare_phi_norms.py , Line : 19, Func.Name : read_specific_lines, Message : digits.append(float(i))']
SAV_Python_2000_dt_5.50e-06_Nx_512_periodic_dtout_1025pphi.csv
Exception type : ValueError 
Exception message : could not convert string to float: '(-0.39486183497713706+0j)'
Stack trace : ['File : /sfs/gpfs/tardis/home/xpz5km/Cahn_Hilliard_Model_HPC/spinodal_decomp/compare_phi_norms.py , Line : 68, Func.Name : compare_phis_norm_at_timepoint, Message : snapshot = read_specific_lines(f"{root}/{fname}", line_list)', 'File : /sfs/gpfs/tardis/home/xpz5km/Cahn_Hilliard_Model_HPC/spinodal_decomp/compare_phi_norms.py , Line : 19, Func.Name : read_specific_lines, Message : digits.append(float(i))']
Timepoint not recorded. dt_out:200050 is bigger than timepoint: 1600
Timepoint not recorded. dt_out:200050 is bigger than timepoint: 1600
SAV_Python_2000_dt_5.50e-06_Nx_512_neumann_dtout_1075pphi.csv
Exception type : ValueError 
Exception message : could not convert string to float: '(0.46114548552950846+0j)'
Stack trace : ['File : /sfs/gpfs/tardis/home/xpz5km/Cahn_Hilliard_Model_HPC/spinodal_decomp/compare_phi_norms.py , Line : 68, Func.Name : compare_phis_norm_at_timepoint, Message : snapshot = read_specific_lines(f"{root}/{fname}", line_list)', 'File : /sfs/gpfs/tardis/home/xpz5km/Cahn_Hilliard_Model_HPC/spinodal_decomp/compare_phi_norms.py , Line : 19, Func.Name : read_specific_lines, Message : digits.append(float(i))']
SAV_Python_2000_dt_5.50e-06_Nx_128_neumann_dtout_1025pphi.csv
Exception type : ValueError 
Exception message : could not convert string to float: '(-0.2261283577697307+0j)'
Stack trace : ['File : /sfs/gpfs/tardis/home/xpz5km/Cahn_Hilliard_Model_HPC/spinodal_decomp/compare_phi_norms.py , Line : 68, Func.Name : compare_phis_norm_at_timepoint, Message : snapshot = read_specific_lines(f"{root}/{fname}", line_list)', 'File : /sfs/gpfs/tardis/home/xpz5km/Cahn_Hilliard_Model_HPC/spinodal_decomp/compare_phi_norms.py , Line : 19, Func.Name : read_specific_lines, Message : digits.append(float(i))']
Timepoint not recorded. dt_out:2050 is bigger than timepoint: 1600
Timepoint not recorded. dt_out:2025 is bigger than timepoint: 1600
Timepoint not recorded. dt_out:200050 is bigger than timepoint: 1600
SAV_Python_2000_dt_5.50e-06_Nx_512_periodic_dtout_1050pphi.csv
Exception type : ValueError 
Exception message : could not convert string to float: '(0.23595103766874376+0j)'
Stack trace : ['File : /sfs/gpfs/tardis/home/xpz5km/Cahn_Hilliard_Model_HPC/spinodal_decomp/compare_phi_norms.py , Line : 68, Func.Name : compare_phis_norm_at_timepoint, Message : snapshot = read_specific_lines(f"{root}/{fname}", line_list)', 'File : /sfs/gpfs/tardis/home/xpz5km/Cahn_Hilliard_Model_HPC/spinodal_decomp/compare_phi_norms.py , Line : 19, Func.Name : read_specific_lines, Message : digits.append(float(i))']
Timepoint not recorded. dt_out:200075 is bigger than timepoint: 1600
Timepoint not recorded. dt_out:2025 is bigger than timepoint: 1600
Timepoint not recorded. dt_out:2050 is bigger than timepoint: 1600
Timepoint not recorded. dt_out:2075 is bigger than timepoint: 1600
Timepoint not recorded. dt_out:200025 is bigger than timepoint: 1600
Timepoint not recorded. dt_out:200025 is bigger than timepoint: 1600
SAV_Python_2000_dt_5.50e-06_Nx_256_neumann_dtout_1025pphi.csv
Exception type : ValueError 
Exception message : could not convert string to float: '(-0.4828252465613156+0j)'
Stack trace : ['File : /sfs/gpfs/tardis/home/xpz5km/Cahn_Hilliard_Model_HPC/spinodal_decomp/compare_phi_norms.py , Line : 68, Func.Name : compare_phis_norm_at_timepoint, Message : snapshot = read_specific_lines(f"{root}/{fname}", line_list)', 'File : /sfs/gpfs/tardis/home/xpz5km/Cahn_Hilliard_Model_HPC/spinodal_decomp/compare_phi_norms.py , Line : 19, Func.Name : read_specific_lines, Message : digits.append(float(i))']
Timepoint not recorded. dt_out:2050 is bigger than timepoint: 1600
Timepoint not recorded. dt_out:200075 is bigger than timepoint: 1600
SAV_Python_2000_dt_5.50e-06_Nx_512_periodic_dtout_1075pphi.csv
Exception type : ValueError 
Exception message : could not convert string to float: '(0.5157881434922138+0j)'
Stack trace : ['File : /sfs/gpfs/tardis/home/xpz5km/Cahn_Hilliard_Model_HPC/spinodal_decomp/compare_phi_norms.py , Line : 68, Func.Name : compare_phis_norm_at_timepoint, Message : snapshot = read_specific_lines(f"{root}/{fname}", line_list)', 'File : /sfs/gpfs/tardis/home/xpz5km/Cahn_Hilliard_Model_HPC/spinodal_decomp/compare_phi_norms.py , Line : 19, Func.Name : read_specific_lines, Message : digits.append(float(i))']
SAV_Python_2000_dt_5.50e-06_Nx_128_periodic_dtout_1075pphi.csv
Exception type : ValueError 
Exception message : could not convert string to float: '(0.6764531367644786+0j)'
Stack trace : ['File : /sfs/gpfs/tardis/home/xpz5km/Cahn_Hilliard_Model_HPC/spinodal_decomp/compare_phi_norms.py , Line : 68, Func.Name : compare_phis_norm_at_timepoint, Message : snapshot = read_specific_lines(f"{root}/{fname}", line_list)', 'File : /sfs/gpfs/tardis/home/xpz5km/Cahn_Hilliard_Model_HPC/spinodal_decomp/compare_phi_norms.py , Line : 19, Func.Name : read_specific_lines, Message : digits.append(float(i))']
Timepoint not recorded. dt_out:200025 is bigger than timepoint: 1600
Timepoint not recorded. dt_out:2075 is bigger than timepoint: 1600
Timepoint not recorded. dt_out:200050 is bigger than timepoint: 1600
Timepoint not recorded. dt_out:200050 is bigger than timepoint: 1600
Timepoint not recorded. dt_out:2075 is bigger than timepoint: 1600
Timepoint not recorded. dt_out:2025 is bigger than timepoint: 1600
Timepoint not recorded. dt_out:2075 is bigger than timepoint: 1600
SAV_Python_2000_dt_5.50e-06_Nx_128_periodic_dtout_1025pphi.csv
Exception type : ValueError 
Exception message : could not convert string to float: '(-0.3101595099480316+0j)'
Stack trace : ['File : /sfs/gpfs/tardis/home/xpz5km/Cahn_Hilliard_Model_HPC/spinodal_decomp/compare_phi_norms.py , Line : 68, Func.Name : compare_phis_norm_at_timepoint, Message : snapshot = read_specific_lines(f"{root}/{fname}", line_list)', 'File : /sfs/gpfs/tardis/home/xpz5km/Cahn_Hilliard_Model_HPC/spinodal_decomp/compare_phi_norms.py , Line : 19, Func.Name : read_specific_lines, Message : digits.append(float(i))']
SAV_Python_2000_dt_5.50e-06_Nx_64_neumann_dtout_1025pphi.csv
Exception type : ValueError 
Exception message : could not convert string to float: '(-0.08396407748644531+0j)'
Stack trace : ['File : /sfs/gpfs/tardis/home/xpz5km/Cahn_Hilliard_Model_HPC/spinodal_decomp/compare_phi_norms.py , Line : 68, Func.Name : compare_phis_norm_at_timepoint, Message : snapshot = read_specific_lines(f"{root}/{fname}", line_list)', 'File : /sfs/gpfs/tardis/home/xpz5km/Cahn_Hilliard_Model_HPC/spinodal_decomp/compare_phi_norms.py , Line : 19, Func.Name : read_specific_lines, Message : digits.append(float(i))']
Timepoint not recorded. dt_out:200050 is bigger than timepoint: 1600
Timepoint not recorded. dt_out:2075 is bigger than timepoint: 1600
Timepoint not recorded. dt_out:2025 is bigger than timepoint: 1600
SAV_Python_2000_dt_5.50e-06_Nx_256_periodic_dtout_1025pphi.csv
Exception type : ValueError 
Exception message : could not convert string to float: '(-0.5268153330742946+0j)'
Stack trace : ['File : /sfs/gpfs/tardis/home/xpz5km/Cahn_Hilliard_Model_HPC/spinodal_decomp/compare_phi_norms.py , Line : 68, Func.Name : compare_phis_norm_at_timepoint, Message : snapshot = read_specific_lines(f"{root}/{fname}", line_list)', 'File : /sfs/gpfs/tardis/home/xpz5km/Cahn_Hilliard_Model_HPC/spinodal_decomp/compare_phi_norms.py , Line : 19, Func.Name : read_specific_lines, Message : digits.append(float(i))']
Timepoint not recorded. dt_out:200075 is bigger than timepoint: 1600
Timepoint not recorded. dt_out:2050 is bigger than timepoint: 1600
Timepoint not recorded. dt_out:2050 is bigger than timepoint: 1600
SAV_Python_2000_dt_5.50e-06_Nx_256_periodic_dtout_1075pphi.csv
Exception type : ValueError 
Exception message : could not convert string to float: '(0.6316656500693971+0j)'
Stack trace : ['File : /sfs/gpfs/tardis/home/xpz5km/Cahn_Hilliard_Model_HPC/spinodal_decomp/compare_phi_norms.py , Line : 68, Func.Name : compare_phis_norm_at_timepoint, Message : snapshot = read_specific_lines(f"{root}/{fname}", line_list)', 'File : /sfs/gpfs/tardis/home/xpz5km/Cahn_Hilliard_Model_HPC/spinodal_decomp/compare_phi_norms.py , Line : 19, Func.Name : read_specific_lines, Message : digits.append(float(i))']
Timepoint not recorded. dt_out:200050 is bigger than timepoint: 1600
Timepoint not recorded. dt_out:2050 is bigger than timepoint: 1600
Timepoint not recorded. dt_out:200025 is bigger than timepoint: 1600
Timepoint not recorded. dt_out:2075 is bigger than timepoint: 1600
Timepoint not recorded. dt_out:2025 is bigger than timepoint: 1600
SAV_Python_2000_dt_5.50e-06_Nx_512_neumann_dtout_1050pphi.csv
Exception type : ValueError 
Exception message : could not convert string to float: '(0.24051171925812825+0j)'
Stack trace : ['File : /sfs/gpfs/tardis/home/xpz5km/Cahn_Hilliard_Model_HPC/spinodal_decomp/compare_phi_norms.py , Line : 68, Func.Name : compare_phis_norm_at_timepoint, Message : snapshot = read_specific_lines(f"{root}/{fname}", line_list)', 'File : /sfs/gpfs/tardis/home/xpz5km/Cahn_Hilliard_Model_HPC/spinodal_decomp/compare_phi_norms.py , Line : 19, Func.Name : read_specific_lines, Message : digits.append(float(i))']
Timepoint not recorded. dt_out:200075 is bigger than timepoint: 1600
Timepoint not recorded. dt_out:2025 is bigger than timepoint: 1600
SAV_Python_2000_dt_5.50e-06_Nx_256_periodic_dtout_1050pphi.csv
Exception type : ValueError 
Exception message : could not convert string to float: '(-0.06561396832779176+0j)'
Stack trace : ['File : /sfs/gpfs/tardis/home/xpz5km/Cahn_Hilliard_Model_HPC/spinodal_decomp/compare_phi_norms.py , Line : 68, Func.Name : compare_phis_norm_at_timepoint, Message : snapshot = read_specific_lines(f"{root}/{fname}", line_list)', 'File : /sfs/gpfs/tardis/home/xpz5km/Cahn_Hilliard_Model_HPC/spinodal_decomp/compare_phi_norms.py , Line : 19, Func.Name : read_specific_lines, Message : digits.append(float(i))']
Timepoint not recorded. dt_out:2075 is bigger than timepoint: 1600
SAV_Python_2000_dt_5.50e-06_Nx_64_neumann_dtout_1075pphi.csv
Exception type : ValueError 
Exception message : could not convert string to float: '(0.8584585118314232+0j)'
Stack trace : ['File : /sfs/gpfs/tardis/home/xpz5km/Cahn_Hilliard_Model_HPC/spinodal_decomp/compare_phi_norms.py , Line : 68, Func.Name : compare_phis_norm_at_timepoint, Message : snapshot = read_specific_lines(f"{root}/{fname}", line_list)', 'File : /sfs/gpfs/tardis/home/xpz5km/Cahn_Hilliard_Model_HPC/spinodal_decomp/compare_phi_norms.py , Line : 19, Func.Name : read_specific_lines, Message : digits.append(float(i))']
SAV_Python_2000_dt_5.50e-06_Nx_128_neumann_dtout_1075pphi.csv
Exception type : ValueError 
Exception message : could not convert string to float: '(0.3119182104163507+0j)'
Stack trace : ['File : /sfs/gpfs/tardis/home/xpz5km/Cahn_Hilliard_Model_HPC/spinodal_decomp/compare_phi_norms.py , Line : 68, Func.Name : compare_phis_norm_at_timepoint, Message : snapshot = read_specific_lines(f"{root}/{fname}", line_list)', 'File : /sfs/gpfs/tardis/home/xpz5km/Cahn_Hilliard_Model_HPC/spinodal_decomp/compare_phi_norms.py , Line : 19, Func.Name : read_specific_lines, Message : digits.append(float(i))']
SAV_Python_2000_dt_5.50e-06_Nx_64_neumann_dtout_1050pphi.csv
Exception type : ValueError 
Exception message : could not convert string to float: '(0.5079252709959163+0j)'
Stack trace : ['File : /sfs/gpfs/tardis/home/xpz5km/Cahn_Hilliard_Model_HPC/spinodal_decomp/compare_phi_norms.py , Line : 68, Func.Name : compare_phis_norm_at_timepoint, Message : snapshot = read_specific_lines(f"{root}/{fname}", line_list)', 'File : /sfs/gpfs/tardis/home/xpz5km/Cahn_Hilliard_Model_HPC/spinodal_decomp/compare_phi_norms.py , Line : 19, Func.Name : read_specific_lines, Message : digits.append(float(i))']
1640
Timepoint not recorded. dt_out:200025 is bigger than timepoint: 1640
Timepoint not recorded. dt_out:200025 is bigger than timepoint: 1640
Timepoint not recorded. dt_out:200025 is bigger than timepoint: 1640
Timepoint not recorded. dt_out:200025 is bigger than timepoint: 1640
Timepoint not recorded. dt_out:200050 is bigger than timepoint: 1640
Timepoint not recorded. dt_out:200025 is bigger than timepoint: 1640
Timepoint not recorded. dt_out:200050 is bigger than timepoint: 1640
Timepoint not recorded. dt_out:200075 is bigger than timepoint: 1640
Timepoint not recorded. dt_out:200075 is bigger than timepoint: 1640
Timepoint not recorded. dt_out:200075 is bigger than timepoint: 1640
Timepoint not recorded. dt_out:200025 is bigger than timepoint: 1640
Timepoint not recorded. dt_out:200050 is bigger than timepoint: 1640
Timepoint not recorded. dt_out:200025 is bigger than timepoint: 1640
Timepoint not recorded. dt_out:200050 is bigger than timepoint: 1640
Timepoint not recorded. dt_out:200075 is bigger than timepoint: 1640
Timepoint not recorded. dt_out:200025 is bigger than timepoint: 1640
Timepoint not recorded. dt_out:200075 is bigger than timepoint: 1640
Timepoint not recorded. dt_out:200075 is bigger than timepoint: 1640
Timepoint not recorded. dt_out:200025 is bigger than timepoint: 1640
Timepoint not recorded. dt_out:200075 is bigger than timepoint: 1640
Timepoint not recorded. dt_out:200025 is bigger than timepoint: 1640
Timepoint not recorded. dt_out:200075 is bigger than timepoint: 1640
Timepoint not recorded. dt_out:200025 is bigger than timepoint: 1640
Timepoint not recorded. dt_out:200050 is bigger than timepoint: 1640
Timepoint not recorded. dt_out:200075 is bigger than timepoint: 1640
Timepoint not recorded. dt_out:200050 is bigger than timepoint: 1640
Timepoint not recorded. dt_out:200075 is bigger than timepoint: 1640
Timepoint not recorded. dt_out:200025 is bigger than timepoint: 1640
Timepoint not recorded. dt_out:200050 is bigger than timepoint: 1640
Timepoint not recorded. dt_out:200050 is bigger than timepoint: 1640
Timepoint not recorded. dt_out:200050 is bigger than timepoint: 1640
Timepoint not recorded. dt_out:200050 is bigger than timepoint: 1640
Timepoint not recorded. dt_out:200025 is bigger than timepoint: 1640
Timepoint not recorded. dt_out:200050 is bigger than timepoint: 1640
Timepoint not recorded. dt_out:200050 is bigger than timepoint: 1640
Timepoint not recorded. dt_out:200050 is bigger than timepoint: 1640
Timepoint not recorded. dt_out:200075 is bigger than timepoint: 1640
Timepoint not recorded. dt_out:200025 is bigger than timepoint: 1640
Timepoint not recorded. dt_out:200075 is bigger than timepoint: 1640
Timepoint not recorded. dt_out:200050 is bigger than timepoint: 1640
Timepoint not recorded. dt_out:200075 is bigger than timepoint: 1640
Timepoint not recorded. dt_out:200075 is bigger than timepoint: 1640
Timepoint not recorded. dt_out:200075 is bigger than timepoint: 1640
Timepoint not recorded. dt_out:200025 is bigger than timepoint: 1640
Timepoint not recorded. dt_out:200025 is bigger than timepoint: 1640
Timepoint not recorded. dt_out:200075 is bigger than timepoint: 1640
Timepoint not recorded. dt_out:200050 is bigger than timepoint: 1640
Timepoint not recorded. dt_out:200050 is bigger than timepoint: 1640
Timepoint not recorded. dt_out:2075 is bigger than timepoint: 1640
SAV_Python_2000_dt_5.50e-06_Nx_128_periodic_dtout_1050pphi.csv
Exception type : ValueError 
Exception message : could not convert string to float: '(0.15954031263435414+0j)'
Stack trace : ['File : /sfs/gpfs/tardis/home/xpz5km/Cahn_Hilliard_Model_HPC/spinodal_decomp/compare_phi_norms.py , Line : 68, Func.Name : compare_phis_norm_at_timepoint, Message : snapshot = read_specific_lines(f"{root}/{fname}", line_list)', 'File : /sfs/gpfs/tardis/home/xpz5km/Cahn_Hilliard_Model_HPC/spinodal_decomp/compare_phi_norms.py , Line : 19, Func.Name : read_specific_lines, Message : digits.append(float(i))']
Timepoint not recorded. dt_out:200025 is bigger than timepoint: 1640
SAV_Python_2000_dt_5.50e-06_Nx_128_neumann_dtout_1050pphi.csv
Exception type : ValueError 
Exception message : could not convert string to float: '(0.1880906130119392+0j)'
Stack trace : ['File : /sfs/gpfs/tardis/home/xpz5km/Cahn_Hilliard_Model_HPC/spinodal_decomp/compare_phi_norms.py , Line : 68, Func.Name : compare_phis_norm_at_timepoint, Message : snapshot = read_specific_lines(f"{root}/{fname}", line_list)', 'File : /sfs/gpfs/tardis/home/xpz5km/Cahn_Hilliard_Model_HPC/spinodal_decomp/compare_phi_norms.py , Line : 19, Func.Name : read_specific_lines, Message : digits.append(float(i))']
Timepoint not recorded. dt_out:2025 is bigger than timepoint: 1640
Timepoint not recorded. dt_out:200050 is bigger than timepoint: 1640
Timepoint not recorded. dt_out:2025 is bigger than timepoint: 1640
Timepoint not recorded. dt_out:2050 is bigger than timepoint: 1640
Timepoint not recorded. dt_out:200025 is bigger than timepoint: 1640
Timepoint not recorded. dt_out:200075 is bigger than timepoint: 1640
Timepoint not recorded. dt_out:200025 is bigger than timepoint: 1640
SAV_Python_2000_dt_5.50e-06_Nx_64_periodic_dtout_1050pphi.csv
Exception type : ValueError 
Exception message : could not convert string to float: '(-0.2556678880950069+0j)'
Stack trace : ['File : /sfs/gpfs/tardis/home/xpz5km/Cahn_Hilliard_Model_HPC/spinodal_decomp/compare_phi_norms.py , Line : 68, Func.Name : compare_phis_norm_at_timepoint, Message : snapshot = read_specific_lines(f"{root}/{fname}", line_list)', 'File : /sfs/gpfs/tardis/home/xpz5km/Cahn_Hilliard_Model_HPC/spinodal_decomp/compare_phi_norms.py , Line : 19, Func.Name : read_specific_lines, Message : digits.append(float(i))']
Timepoint not recorded. dt_out:200075 is bigger than timepoint: 1640
Timepoint not recorded. dt_out:200075 is bigger than timepoint: 1640
Timepoint not recorded. dt_out:200075 is bigger than timepoint: 1640
Timepoint not recorded. dt_out:2050 is bigger than timepoint: 1640
SAV_Python_2000_dt_5.50e-06_Nx_64_periodic_dtout_1075pphi.csv
Exception type : ValueError 
Exception message : could not convert string to float: '(0.655202474692069+0j)'
Stack trace : ['File : /sfs/gpfs/tardis/home/xpz5km/Cahn_Hilliard_Model_HPC/spinodal_decomp/compare_phi_norms.py , Line : 68, Func.Name : compare_phis_norm_at_timepoint, Message : snapshot = read_specific_lines(f"{root}/{fname}", line_list)', 'File : /sfs/gpfs/tardis/home/xpz5km/Cahn_Hilliard_Model_HPC/spinodal_decomp/compare_phi_norms.py , Line : 19, Func.Name : read_specific_lines, Message : digits.append(float(i))']
Timepoint not recorded. dt_out:200025 is bigger than timepoint: 1640
SAV_Python_2000_dt_5.50e-06_Nx_256_neumann_dtout_1075pphi.csv
Exception type : ValueError 
Exception message : could not convert string to float: '(0.4081051051776031+0j)'
Stack trace : ['File : /sfs/gpfs/tardis/home/xpz5km/Cahn_Hilliard_Model_HPC/spinodal_decomp/compare_phi_norms.py , Line : 68, Func.Name : compare_phis_norm_at_timepoint, Message : snapshot = read_specific_lines(f"{root}/{fname}", line_list)', 'File : /sfs/gpfs/tardis/home/xpz5km/Cahn_Hilliard_Model_HPC/spinodal_decomp/compare_phi_norms.py , Line : 19, Func.Name : read_specific_lines, Message : digits.append(float(i))']
SAV_Python_2000_dt_5.50e-06_Nx_64_periodic_dtout_1025pphi.csv
Exception type : ValueError 
Exception message : could not convert string to float: '(-0.6523330448724304+0j)'
Stack trace : ['File : /sfs/gpfs/tardis/home/xpz5km/Cahn_Hilliard_Model_HPC/spinodal_decomp/compare_phi_norms.py , Line : 68, Func.Name : compare_phis_norm_at_timepoint, Message : snapshot = read_specific_lines(f"{root}/{fname}", line_list)', 'File : /sfs/gpfs/tardis/home/xpz5km/Cahn_Hilliard_Model_HPC/spinodal_decomp/compare_phi_norms.py , Line : 19, Func.Name : read_specific_lines, Message : digits.append(float(i))']
SAV_Python_2000_dt_5.50e-06_Nx_512_neumann_dtout_1025pphi.csv
Exception type : ValueError 
Exception message : could not convert string to float: '(-0.7135874105375017+0j)'
Stack trace : ['File : /sfs/gpfs/tardis/home/xpz5km/Cahn_Hilliard_Model_HPC/spinodal_decomp/compare_phi_norms.py , Line : 68, Func.Name : compare_phis_norm_at_timepoint, Message : snapshot = read_specific_lines(f"{root}/{fname}", line_list)', 'File : /sfs/gpfs/tardis/home/xpz5km/Cahn_Hilliard_Model_HPC/spinodal_decomp/compare_phi_norms.py , Line : 19, Func.Name : read_specific_lines, Message : digits.append(float(i))']
SAV_Python_2000_dt_5.50e-06_Nx_256_neumann_dtout_1050pphi.csv
Exception type : ValueError 
Exception message : could not convert string to float: '(-0.01534147265272874+0j)'
Stack trace : ['File : /sfs/gpfs/tardis/home/xpz5km/Cahn_Hilliard_Model_HPC/spinodal_decomp/compare_phi_norms.py , Line : 68, Func.Name : compare_phis_norm_at_timepoint, Message : snapshot = read_specific_lines(f"{root}/{fname}", line_list)', 'File : /sfs/gpfs/tardis/home/xpz5km/Cahn_Hilliard_Model_HPC/spinodal_decomp/compare_phi_norms.py , Line : 19, Func.Name : read_specific_lines, Message : digits.append(float(i))']
SAV_Python_2000_dt_5.50e-06_Nx_512_periodic_dtout_1025pphi.csv
Exception type : ValueError 
Exception message : could not convert string to float: '(-0.6931455951966701+0j)'
Stack trace : ['File : /sfs/gpfs/tardis/home/xpz5km/Cahn_Hilliard_Model_HPC/spinodal_decomp/compare_phi_norms.py , Line : 68, Func.Name : compare_phis_norm_at_timepoint, Message : snapshot = read_specific_lines(f"{root}/{fname}", line_list)', 'File : /sfs/gpfs/tardis/home/xpz5km/Cahn_Hilliard_Model_HPC/spinodal_decomp/compare_phi_norms.py , Line : 19, Func.Name : read_specific_lines, Message : digits.append(float(i))']
Timepoint not recorded. dt_out:200050 is bigger than timepoint: 1640
Timepoint not recorded. dt_out:200050 is bigger than timepoint: 1640
SAV_Python_2000_dt_5.50e-06_Nx_512_neumann_dtout_1075pphi.csv
Exception type : ValueError 
Exception message : could not convert string to float: '(0.37097041929336066+0j)'
Stack trace : ['File : /sfs/gpfs/tardis/home/xpz5km/Cahn_Hilliard_Model_HPC/spinodal_decomp/compare_phi_norms.py , Line : 68, Func.Name : compare_phis_norm_at_timepoint, Message : snapshot = read_specific_lines(f"{root}/{fname}", line_list)', 'File : /sfs/gpfs/tardis/home/xpz5km/Cahn_Hilliard_Model_HPC/spinodal_decomp/compare_phi_norms.py , Line : 19, Func.Name : read_specific_lines, Message : digits.append(float(i))']
SAV_Python_2000_dt_5.50e-06_Nx_128_neumann_dtout_1025pphi.csv
Exception type : ValueError 
Exception message : could not convert string to float: '(-0.32776438254085793+0j)'
Stack trace : ['File : /sfs/gpfs/tardis/home/xpz5km/Cahn_Hilliard_Model_HPC/spinodal_decomp/compare_phi_norms.py , Line : 68, Func.Name : compare_phis_norm_at_timepoint, Message : snapshot = read_specific_lines(f"{root}/{fname}", line_list)', 'File : /sfs/gpfs/tardis/home/xpz5km/Cahn_Hilliard_Model_HPC/spinodal_decomp/compare_phi_norms.py , Line : 19, Func.Name : read_specific_lines, Message : digits.append(float(i))']
Timepoint not recorded. dt_out:2050 is bigger than timepoint: 1640
Timepoint not recorded. dt_out:2025 is bigger than timepoint: 1640
Timepoint not recorded. dt_out:200050 is bigger than timepoint: 1640
SAV_Python_2000_dt_5.50e-06_Nx_512_periodic_dtout_1050pphi.csv
Exception type : ValueError 
Exception message : could not convert string to float: '(-0.05001062687537233+0j)'
Stack trace : ['File : /sfs/gpfs/tardis/home/xpz5km/Cahn_Hilliard_Model_HPC/spinodal_decomp/compare_phi_norms.py , Line : 68, Func.Name : compare_phis_norm_at_timepoint, Message : snapshot = read_specific_lines(f"{root}/{fname}", line_list)', 'File : /sfs/gpfs/tardis/home/xpz5km/Cahn_Hilliard_Model_HPC/spinodal_decomp/compare_phi_norms.py , Line : 19, Func.Name : read_specific_lines, Message : digits.append(float(i))']
Timepoint not recorded. dt_out:200075 is bigger than timepoint: 1640
Timepoint not recorded. dt_out:2025 is bigger than timepoint: 1640
Timepoint not recorded. dt_out:2050 is bigger than timepoint: 1640
Timepoint not recorded. dt_out:2075 is bigger than timepoint: 1640
Timepoint not recorded. dt_out:200025 is bigger than timepoint: 1640
Timepoint not recorded. dt_out:200025 is bigger than timepoint: 1640
SAV_Python_2000_dt_5.50e-06_Nx_256_neumann_dtout_1025pphi.csv
Exception type : ValueError 
Exception message : could not convert string to float: '(-0.5819228129459684+0j)'
Stack trace : ['File : /sfs/gpfs/tardis/home/xpz5km/Cahn_Hilliard_Model_HPC/spinodal_decomp/compare_phi_norms.py , Line : 68, Func.Name : compare_phis_norm_at_timepoint, Message : snapshot = read_specific_lines(f"{root}/{fname}", line_list)', 'File : /sfs/gpfs/tardis/home/xpz5km/Cahn_Hilliard_Model_HPC/spinodal_decomp/compare_phi_norms.py , Line : 19, Func.Name : read_specific_lines, Message : digits.append(float(i))']
Timepoint not recorded. dt_out:2050 is bigger than timepoint: 1640
Timepoint not recorded. dt_out:200075 is bigger than timepoint: 1640
SAV_Python_2000_dt_5.50e-06_Nx_512_periodic_dtout_1075pphi.csv
Exception type : ValueError 
Exception message : could not convert string to float: '(0.4780689625512249+0j)'
Stack trace : ['File : /sfs/gpfs/tardis/home/xpz5km/Cahn_Hilliard_Model_HPC/spinodal_decomp/compare_phi_norms.py , Line : 68, Func.Name : compare_phis_norm_at_timepoint, Message : snapshot = read_specific_lines(f"{root}/{fname}", line_list)', 'File : /sfs/gpfs/tardis/home/xpz5km/Cahn_Hilliard_Model_HPC/spinodal_decomp/compare_phi_norms.py , Line : 19, Func.Name : read_specific_lines, Message : digits.append(float(i))']
SAV_Python_2000_dt_5.50e-06_Nx_128_periodic_dtout_1075pphi.csv
Exception type : ValueError 
Exception message : could not convert string to float: '(0.46794446525789446+0j)'
Stack trace : ['File : /sfs/gpfs/tardis/home/xpz5km/Cahn_Hilliard_Model_HPC/spinodal_decomp/compare_phi_norms.py , Line : 68, Func.Name : compare_phis_norm_at_timepoint, Message : snapshot = read_specific_lines(f"{root}/{fname}", line_list)', 'File : /sfs/gpfs/tardis/home/xpz5km/Cahn_Hilliard_Model_HPC/spinodal_decomp/compare_phi_norms.py , Line : 19, Func.Name : read_specific_lines, Message : digits.append(float(i))']
Timepoint not recorded. dt_out:200025 is bigger than timepoint: 1640
Timepoint not recorded. dt_out:2075 is bigger than timepoint: 1640
Timepoint not recorded. dt_out:200050 is bigger than timepoint: 1640
Timepoint not recorded. dt_out:200050 is bigger than timepoint: 1640
Timepoint not recorded. dt_out:2075 is bigger than timepoint: 1640
Timepoint not recorded. dt_out:2025 is bigger than timepoint: 1640
Timepoint not recorded. dt_out:2075 is bigger than timepoint: 1640
SAV_Python_2000_dt_5.50e-06_Nx_128_periodic_dtout_1025pphi.csv
Exception type : ValueError 
Exception message : could not convert string to float: '(-0.30134672822084635+0j)'
Stack trace : ['File : /sfs/gpfs/tardis/home/xpz5km/Cahn_Hilliard_Model_HPC/spinodal_decomp/compare_phi_norms.py , Line : 68, Func.Name : compare_phis_norm_at_timepoint, Message : snapshot = read_specific_lines(f"{root}/{fname}", line_list)', 'File : /sfs/gpfs/tardis/home/xpz5km/Cahn_Hilliard_Model_HPC/spinodal_decomp/compare_phi_norms.py , Line : 19, Func.Name : read_specific_lines, Message : digits.append(float(i))']
SAV_Python_2000_dt_5.50e-06_Nx_64_neumann_dtout_1025pphi.csv
Exception type : ValueError 
Exception message : could not convert string to float: '(-1.0694108560903903+0j)'
Stack trace : ['File : /sfs/gpfs/tardis/home/xpz5km/Cahn_Hilliard_Model_HPC/spinodal_decomp/compare_phi_norms.py , Line : 68, Func.Name : compare_phis_norm_at_timepoint, Message : snapshot = read_specific_lines(f"{root}/{fname}", line_list)', 'File : /sfs/gpfs/tardis/home/xpz5km/Cahn_Hilliard_Model_HPC/spinodal_decomp/compare_phi_norms.py , Line : 19, Func.Name : read_specific_lines, Message : digits.append(float(i))']
Timepoint not recorded. dt_out:200050 is bigger than timepoint: 1640
Timepoint not recorded. dt_out:2075 is bigger than timepoint: 1640
Timepoint not recorded. dt_out:2025 is bigger than timepoint: 1640
SAV_Python_2000_dt_5.50e-06_Nx_256_periodic_dtout_1025pphi.csv
Exception type : ValueError 
Exception message : could not convert string to float: '(-0.6077923170522384+0j)'
Stack trace : ['File : /sfs/gpfs/tardis/home/xpz5km/Cahn_Hilliard_Model_HPC/spinodal_decomp/compare_phi_norms.py , Line : 68, Func.Name : compare_phis_norm_at_timepoint, Message : snapshot = read_specific_lines(f"{root}/{fname}", line_list)', 'File : /sfs/gpfs/tardis/home/xpz5km/Cahn_Hilliard_Model_HPC/spinodal_decomp/compare_phi_norms.py , Line : 19, Func.Name : read_specific_lines, Message : digits.append(float(i))']
Timepoint not recorded. dt_out:200075 is bigger than timepoint: 1640
Timepoint not recorded. dt_out:2050 is bigger than timepoint: 1640
Timepoint not recorded. dt_out:2050 is bigger than timepoint: 1640
SAV_Python_2000_dt_5.50e-06_Nx_256_periodic_dtout_1075pphi.csv
Exception type : ValueError 
Exception message : could not convert string to float: '(0.5978599464985984+0j)'
Stack trace : ['File : /sfs/gpfs/tardis/home/xpz5km/Cahn_Hilliard_Model_HPC/spinodal_decomp/compare_phi_norms.py , Line : 68, Func.Name : compare_phis_norm_at_timepoint, Message : snapshot = read_specific_lines(f"{root}/{fname}", line_list)', 'File : /sfs/gpfs/tardis/home/xpz5km/Cahn_Hilliard_Model_HPC/spinodal_decomp/compare_phi_norms.py , Line : 19, Func.Name : read_specific_lines, Message : digits.append(float(i))']
Timepoint not recorded. dt_out:200050 is bigger than timepoint: 1640
Timepoint not recorded. dt_out:2050 is bigger than timepoint: 1640
Timepoint not recorded. dt_out:200025 is bigger than timepoint: 1640
Timepoint not recorded. dt_out:2075 is bigger than timepoint: 1640
Timepoint not recorded. dt_out:2025 is bigger than timepoint: 1640
SAV_Python_2000_dt_5.50e-06_Nx_512_neumann_dtout_1050pphi.csv
Exception type : ValueError 
Exception message : could not convert string to float: '(0.09316138772704988+0j)'
Stack trace : ['File : /sfs/gpfs/tardis/home/xpz5km/Cahn_Hilliard_Model_HPC/spinodal_decomp/compare_phi_norms.py , Line : 68, Func.Name : compare_phis_norm_at_timepoint, Message : snapshot = read_specific_lines(f"{root}/{fname}", line_list)', 'File : /sfs/gpfs/tardis/home/xpz5km/Cahn_Hilliard_Model_HPC/spinodal_decomp/compare_phi_norms.py , Line : 19, Func.Name : read_specific_lines, Message : digits.append(float(i))']
Timepoint not recorded. dt_out:200075 is bigger than timepoint: 1640
Timepoint not recorded. dt_out:2025 is bigger than timepoint: 1640
SAV_Python_2000_dt_5.50e-06_Nx_256_periodic_dtout_1050pphi.csv
Exception type : ValueError 
Exception message : could not convert string to float: '(-0.11140815407215364+0j)'
Stack trace : ['File : /sfs/gpfs/tardis/home/xpz5km/Cahn_Hilliard_Model_HPC/spinodal_decomp/compare_phi_norms.py , Line : 68, Func.Name : compare_phis_norm_at_timepoint, Message : snapshot = read_specific_lines(f"{root}/{fname}", line_list)', 'File : /sfs/gpfs/tardis/home/xpz5km/Cahn_Hilliard_Model_HPC/spinodal_decomp/compare_phi_norms.py , Line : 19, Func.Name : read_specific_lines, Message : digits.append(float(i))']
Timepoint not recorded. dt_out:2075 is bigger than timepoint: 1640
SAV_Python_2000_dt_5.50e-06_Nx_64_neumann_dtout_1075pphi.csv
Exception type : ValueError 
Exception message : could not convert string to float: '(0.8160559334523297+0j)'
Stack trace : ['File : /sfs/gpfs/tardis/home/xpz5km/Cahn_Hilliard_Model_HPC/spinodal_decomp/compare_phi_norms.py , Line : 68, Func.Name : compare_phis_norm_at_timepoint, Message : snapshot = read_specific_lines(f"{root}/{fname}", line_list)', 'File : /sfs/gpfs/tardis/home/xpz5km/Cahn_Hilliard_Model_HPC/spinodal_decomp/compare_phi_norms.py , Line : 19, Func.Name : read_specific_lines, Message : digits.append(float(i))']
SAV_Python_2000_dt_5.50e-06_Nx_128_neumann_dtout_1075pphi.csv
Exception type : ValueError 
Exception message : could not convert string to float: '(0.5000949271294203+0j)'
Stack trace : ['File : /sfs/gpfs/tardis/home/xpz5km/Cahn_Hilliard_Model_HPC/spinodal_decomp/compare_phi_norms.py , Line : 68, Func.Name : compare_phis_norm_at_timepoint, Message : snapshot = read_specific_lines(f"{root}/{fname}", line_list)', 'File : /sfs/gpfs/tardis/home/xpz5km/Cahn_Hilliard_Model_HPC/spinodal_decomp/compare_phi_norms.py , Line : 19, Func.Name : read_specific_lines, Message : digits.append(float(i))']
SAV_Python_2000_dt_5.50e-06_Nx_64_neumann_dtout_1050pphi.csv
Exception type : ValueError 
Exception message : could not convert string to float: '(-0.0924218788515789+0j)'
Stack trace : ['File : /sfs/gpfs/tardis/home/xpz5km/Cahn_Hilliard_Model_HPC/spinodal_decomp/compare_phi_norms.py , Line : 68, Func.Name : compare_phis_norm_at_timepoint, Message : snapshot = read_specific_lines(f"{root}/{fname}", line_list)', 'File : /sfs/gpfs/tardis/home/xpz5km/Cahn_Hilliard_Model_HPC/spinodal_decomp/compare_phi_norms.py , Line : 19, Func.Name : read_specific_lines, Message : digits.append(float(i))']
1680
Timepoint not recorded. dt_out:200025 is bigger than timepoint: 1680
Timepoint not recorded. dt_out:200025 is bigger than timepoint: 1680
Timepoint not recorded. dt_out:200025 is bigger than timepoint: 1680
Timepoint not recorded. dt_out:200025 is bigger than timepoint: 1680
Timepoint not recorded. dt_out:200050 is bigger than timepoint: 1680
Timepoint not recorded. dt_out:200025 is bigger than timepoint: 1680
Timepoint not recorded. dt_out:200050 is bigger than timepoint: 1680
Timepoint not recorded. dt_out:200075 is bigger than timepoint: 1680
Timepoint not recorded. dt_out:200075 is bigger than timepoint: 1680
Timepoint not recorded. dt_out:200075 is bigger than timepoint: 1680
Timepoint not recorded. dt_out:200025 is bigger than timepoint: 1680
Timepoint not recorded. dt_out:200050 is bigger than timepoint: 1680
Timepoint not recorded. dt_out:200025 is bigger than timepoint: 1680
Timepoint not recorded. dt_out:200050 is bigger than timepoint: 1680
Timepoint not recorded. dt_out:200075 is bigger than timepoint: 1680
Timepoint not recorded. dt_out:200025 is bigger than timepoint: 1680
Timepoint not recorded. dt_out:200075 is bigger than timepoint: 1680
Timepoint not recorded. dt_out:200075 is bigger than timepoint: 1680
Timepoint not recorded. dt_out:200025 is bigger than timepoint: 1680
Timepoint not recorded. dt_out:200075 is bigger than timepoint: 1680
Timepoint not recorded. dt_out:200025 is bigger than timepoint: 1680
Timepoint not recorded. dt_out:200075 is bigger than timepoint: 1680
Timepoint not recorded. dt_out:200025 is bigger than timepoint: 1680
Timepoint not recorded. dt_out:200050 is bigger than timepoint: 1680
Timepoint not recorded. dt_out:200075 is bigger than timepoint: 1680
Timepoint not recorded. dt_out:200050 is bigger than timepoint: 1680
Timepoint not recorded. dt_out:200075 is bigger than timepoint: 1680
Timepoint not recorded. dt_out:200025 is bigger than timepoint: 1680
Timepoint not recorded. dt_out:200050 is bigger than timepoint: 1680
Timepoint not recorded. dt_out:200050 is bigger than timepoint: 1680
Timepoint not recorded. dt_out:200050 is bigger than timepoint: 1680
Timepoint not recorded. dt_out:200050 is bigger than timepoint: 1680
Timepoint not recorded. dt_out:200025 is bigger than timepoint: 1680
Timepoint not recorded. dt_out:200050 is bigger than timepoint: 1680
Timepoint not recorded. dt_out:200050 is bigger than timepoint: 1680
Timepoint not recorded. dt_out:200050 is bigger than timepoint: 1680
Timepoint not recorded. dt_out:200075 is bigger than timepoint: 1680
Timepoint not recorded. dt_out:200025 is bigger than timepoint: 1680
Timepoint not recorded. dt_out:200075 is bigger than timepoint: 1680
Timepoint not recorded. dt_out:200050 is bigger than timepoint: 1680
Timepoint not recorded. dt_out:200075 is bigger than timepoint: 1680
Timepoint not recorded. dt_out:200075 is bigger than timepoint: 1680
Timepoint not recorded. dt_out:200075 is bigger than timepoint: 1680
Timepoint not recorded. dt_out:200025 is bigger than timepoint: 1680
Timepoint not recorded. dt_out:200025 is bigger than timepoint: 1680
Timepoint not recorded. dt_out:200075 is bigger than timepoint: 1680
Timepoint not recorded. dt_out:200050 is bigger than timepoint: 1680
Timepoint not recorded. dt_out:200050 is bigger than timepoint: 1680
Timepoint not recorded. dt_out:2075 is bigger than timepoint: 1680
SAV_Python_2000_dt_5.50e-06_Nx_128_periodic_dtout_1050pphi.csv
Exception type : ValueError 
Exception message : could not convert string to float: '(0.17369969242873784+0j)'
Stack trace : ['File : /sfs/gpfs/tardis/home/xpz5km/Cahn_Hilliard_Model_HPC/spinodal_decomp/compare_phi_norms.py , Line : 68, Func.Name : compare_phis_norm_at_timepoint, Message : snapshot = read_specific_lines(f"{root}/{fname}", line_list)', 'File : /sfs/gpfs/tardis/home/xpz5km/Cahn_Hilliard_Model_HPC/spinodal_decomp/compare_phi_norms.py , Line : 19, Func.Name : read_specific_lines, Message : digits.append(float(i))']
Timepoint not recorded. dt_out:200025 is bigger than timepoint: 1680
SAV_Python_2000_dt_5.50e-06_Nx_128_neumann_dtout_1050pphi.csv
Exception type : ValueError 
Exception message : could not convert string to float: '(0.6803828393419947+0j)'
Stack trace : ['File : /sfs/gpfs/tardis/home/xpz5km/Cahn_Hilliard_Model_HPC/spinodal_decomp/compare_phi_norms.py , Line : 68, Func.Name : compare_phis_norm_at_timepoint, Message : snapshot = read_specific_lines(f"{root}/{fname}", line_list)', 'File : /sfs/gpfs/tardis/home/xpz5km/Cahn_Hilliard_Model_HPC/spinodal_decomp/compare_phi_norms.py , Line : 19, Func.Name : read_specific_lines, Message : digits.append(float(i))']
Timepoint not recorded. dt_out:2025 is bigger than timepoint: 1680
Timepoint not recorded. dt_out:200050 is bigger than timepoint: 1680
Timepoint not recorded. dt_out:2025 is bigger than timepoint: 1680
Timepoint not recorded. dt_out:2050 is bigger than timepoint: 1680
Timepoint not recorded. dt_out:200025 is bigger than timepoint: 1680
Timepoint not recorded. dt_out:200075 is bigger than timepoint: 1680
Timepoint not recorded. dt_out:200025 is bigger than timepoint: 1680
SAV_Python_2000_dt_5.50e-06_Nx_64_periodic_dtout_1050pphi.csv
Exception type : ValueError 
Exception message : could not convert string to float: '(-0.5509078216258203+0j)'
Stack trace : ['File : /sfs/gpfs/tardis/home/xpz5km/Cahn_Hilliard_Model_HPC/spinodal_decomp/compare_phi_norms.py , Line : 68, Func.Name : compare_phis_norm_at_timepoint, Message : snapshot = read_specific_lines(f"{root}/{fname}", line_list)', 'File : /sfs/gpfs/tardis/home/xpz5km/Cahn_Hilliard_Model_HPC/spinodal_decomp/compare_phi_norms.py , Line : 19, Func.Name : read_specific_lines, Message : digits.append(float(i))']
Timepoint not recorded. dt_out:200075 is bigger than timepoint: 1680
Timepoint not recorded. dt_out:200075 is bigger than timepoint: 1680
Timepoint not recorded. dt_out:200075 is bigger than timepoint: 1680
Timepoint not recorded. dt_out:2050 is bigger than timepoint: 1680
SAV_Python_2000_dt_5.50e-06_Nx_64_periodic_dtout_1075pphi.csv
Exception type : ValueError 
Exception message : could not convert string to float: '(0.07388902780610247+0j)'
Stack trace : ['File : /sfs/gpfs/tardis/home/xpz5km/Cahn_Hilliard_Model_HPC/spinodal_decomp/compare_phi_norms.py , Line : 68, Func.Name : compare_phis_norm_at_timepoint, Message : snapshot = read_specific_lines(f"{root}/{fname}", line_list)', 'File : /sfs/gpfs/tardis/home/xpz5km/Cahn_Hilliard_Model_HPC/spinodal_decomp/compare_phi_norms.py , Line : 19, Func.Name : read_specific_lines, Message : digits.append(float(i))']
Timepoint not recorded. dt_out:200025 is bigger than timepoint: 1680
SAV_Python_2000_dt_5.50e-06_Nx_256_neumann_dtout_1075pphi.csv
Exception type : ValueError 
Exception message : could not convert string to float: '(0.4597011752540693+0j)'
Stack trace : ['File : /sfs/gpfs/tardis/home/xpz5km/Cahn_Hilliard_Model_HPC/spinodal_decomp/compare_phi_norms.py , Line : 68, Func.Name : compare_phis_norm_at_timepoint, Message : snapshot = read_specific_lines(f"{root}/{fname}", line_list)', 'File : /sfs/gpfs/tardis/home/xpz5km/Cahn_Hilliard_Model_HPC/spinodal_decomp/compare_phi_norms.py , Line : 19, Func.Name : read_specific_lines, Message : digits.append(float(i))']
SAV_Python_2000_dt_5.50e-06_Nx_64_periodic_dtout_1025pphi.csv
Exception type : ValueError 
Exception message : could not convert string to float: '(-0.46500827693089397+0j)'
Stack trace : ['File : /sfs/gpfs/tardis/home/xpz5km/Cahn_Hilliard_Model_HPC/spinodal_decomp/compare_phi_norms.py , Line : 68, Func.Name : compare_phis_norm_at_timepoint, Message : snapshot = read_specific_lines(f"{root}/{fname}", line_list)', 'File : /sfs/gpfs/tardis/home/xpz5km/Cahn_Hilliard_Model_HPC/spinodal_decomp/compare_phi_norms.py , Line : 19, Func.Name : read_specific_lines, Message : digits.append(float(i))']
SAV_Python_2000_dt_5.50e-06_Nx_512_neumann_dtout_1025pphi.csv
Exception type : ValueError 
Exception message : could not convert string to float: '(-0.5805900387235203+0j)'
Stack trace : ['File : /sfs/gpfs/tardis/home/xpz5km/Cahn_Hilliard_Model_HPC/spinodal_decomp/compare_phi_norms.py , Line : 68, Func.Name : compare_phis_norm_at_timepoint, Message : snapshot = read_specific_lines(f"{root}/{fname}", line_list)', 'File : /sfs/gpfs/tardis/home/xpz5km/Cahn_Hilliard_Model_HPC/spinodal_decomp/compare_phi_norms.py , Line : 19, Func.Name : read_specific_lines, Message : digits.append(float(i))']
SAV_Python_2000_dt_5.50e-06_Nx_256_neumann_dtout_1050pphi.csv
Exception type : ValueError 
Exception message : could not convert string to float: '(-0.15627796989462844+0j)'
Stack trace : ['File : /sfs/gpfs/tardis/home/xpz5km/Cahn_Hilliard_Model_HPC/spinodal_decomp/compare_phi_norms.py , Line : 68, Func.Name : compare_phis_norm_at_timepoint, Message : snapshot = read_specific_lines(f"{root}/{fname}", line_list)', 'File : /sfs/gpfs/tardis/home/xpz5km/Cahn_Hilliard_Model_HPC/spinodal_decomp/compare_phi_norms.py , Line : 19, Func.Name : read_specific_lines, Message : digits.append(float(i))']
SAV_Python_2000_dt_5.50e-06_Nx_512_periodic_dtout_1025pphi.csv
Exception type : ValueError 
Exception message : could not convert string to float: '(-0.4208323258449822+0j)'
Stack trace : ['File : /sfs/gpfs/tardis/home/xpz5km/Cahn_Hilliard_Model_HPC/spinodal_decomp/compare_phi_norms.py , Line : 68, Func.Name : compare_phis_norm_at_timepoint, Message : snapshot = read_specific_lines(f"{root}/{fname}", line_list)', 'File : /sfs/gpfs/tardis/home/xpz5km/Cahn_Hilliard_Model_HPC/spinodal_decomp/compare_phi_norms.py , Line : 19, Func.Name : read_specific_lines, Message : digits.append(float(i))']
Timepoint not recorded. dt_out:200050 is bigger than timepoint: 1680
Timepoint not recorded. dt_out:200050 is bigger than timepoint: 1680
SAV_Python_2000_dt_5.50e-06_Nx_512_neumann_dtout_1075pphi.csv
Exception type : ValueError 
Exception message : could not convert string to float: '(0.5124708688052274+0j)'
Stack trace : ['File : /sfs/gpfs/tardis/home/xpz5km/Cahn_Hilliard_Model_HPC/spinodal_decomp/compare_phi_norms.py , Line : 68, Func.Name : compare_phis_norm_at_timepoint, Message : snapshot = read_specific_lines(f"{root}/{fname}", line_list)', 'File : /sfs/gpfs/tardis/home/xpz5km/Cahn_Hilliard_Model_HPC/spinodal_decomp/compare_phi_norms.py , Line : 19, Func.Name : read_specific_lines, Message : digits.append(float(i))']
SAV_Python_2000_dt_5.50e-06_Nx_128_neumann_dtout_1025pphi.csv
Exception type : ValueError 
Exception message : could not convert string to float: '(-0.8530762393905795+0j)'
Stack trace : ['File : /sfs/gpfs/tardis/home/xpz5km/Cahn_Hilliard_Model_HPC/spinodal_decomp/compare_phi_norms.py , Line : 68, Func.Name : compare_phis_norm_at_timepoint, Message : snapshot = read_specific_lines(f"{root}/{fname}", line_list)', 'File : /sfs/gpfs/tardis/home/xpz5km/Cahn_Hilliard_Model_HPC/spinodal_decomp/compare_phi_norms.py , Line : 19, Func.Name : read_specific_lines, Message : digits.append(float(i))']
Timepoint not recorded. dt_out:2050 is bigger than timepoint: 1680
Timepoint not recorded. dt_out:2025 is bigger than timepoint: 1680
Timepoint not recorded. dt_out:200050 is bigger than timepoint: 1680
SAV_Python_2000_dt_5.50e-06_Nx_512_periodic_dtout_1050pphi.csv
Exception type : ValueError 
Exception message : could not convert string to float: '(-0.03386868726049289+0j)'
Stack trace : ['File : /sfs/gpfs/tardis/home/xpz5km/Cahn_Hilliard_Model_HPC/spinodal_decomp/compare_phi_norms.py , Line : 68, Func.Name : compare_phis_norm_at_timepoint, Message : snapshot = read_specific_lines(f"{root}/{fname}", line_list)', 'File : /sfs/gpfs/tardis/home/xpz5km/Cahn_Hilliard_Model_HPC/spinodal_decomp/compare_phi_norms.py , Line : 19, Func.Name : read_specific_lines, Message : digits.append(float(i))']
Timepoint not recorded. dt_out:200075 is bigger than timepoint: 1680
Timepoint not recorded. dt_out:2025 is bigger than timepoint: 1680
Timepoint not recorded. dt_out:2050 is bigger than timepoint: 1680
Timepoint not recorded. dt_out:2075 is bigger than timepoint: 1680
Timepoint not recorded. dt_out:200025 is bigger than timepoint: 1680
Timepoint not recorded. dt_out:200025 is bigger than timepoint: 1680
SAV_Python_2000_dt_5.50e-06_Nx_256_neumann_dtout_1025pphi.csv
Exception type : ValueError 
Exception message : could not convert string to float: '(-0.46419108114496177+0j)'
Stack trace : ['File : /sfs/gpfs/tardis/home/xpz5km/Cahn_Hilliard_Model_HPC/spinodal_decomp/compare_phi_norms.py , Line : 68, Func.Name : compare_phis_norm_at_timepoint, Message : snapshot = read_specific_lines(f"{root}/{fname}", line_list)', 'File : /sfs/gpfs/tardis/home/xpz5km/Cahn_Hilliard_Model_HPC/spinodal_decomp/compare_phi_norms.py , Line : 19, Func.Name : read_specific_lines, Message : digits.append(float(i))']
Timepoint not recorded. dt_out:2050 is bigger than timepoint: 1680
Timepoint not recorded. dt_out:200075 is bigger than timepoint: 1680
SAV_Python_2000_dt_5.50e-06_Nx_512_periodic_dtout_1075pphi.csv
Exception type : ValueError 
Exception message : could not convert string to float: '(0.5350320638736691+0j)'
Stack trace : ['File : /sfs/gpfs/tardis/home/xpz5km/Cahn_Hilliard_Model_HPC/spinodal_decomp/compare_phi_norms.py , Line : 68, Func.Name : compare_phis_norm_at_timepoint, Message : snapshot = read_specific_lines(f"{root}/{fname}", line_list)', 'File : /sfs/gpfs/tardis/home/xpz5km/Cahn_Hilliard_Model_HPC/spinodal_decomp/compare_phi_norms.py , Line : 19, Func.Name : read_specific_lines, Message : digits.append(float(i))']
SAV_Python_2000_dt_5.50e-06_Nx_128_periodic_dtout_1075pphi.csv
Exception type : ValueError 
Exception message : could not convert string to float: '(0.6042491164640241+0j)'
Stack trace : ['File : /sfs/gpfs/tardis/home/xpz5km/Cahn_Hilliard_Model_HPC/spinodal_decomp/compare_phi_norms.py , Line : 68, Func.Name : compare_phis_norm_at_timepoint, Message : snapshot = read_specific_lines(f"{root}/{fname}", line_list)', 'File : /sfs/gpfs/tardis/home/xpz5km/Cahn_Hilliard_Model_HPC/spinodal_decomp/compare_phi_norms.py , Line : 19, Func.Name : read_specific_lines, Message : digits.append(float(i))']
Timepoint not recorded. dt_out:200025 is bigger than timepoint: 1680
Timepoint not recorded. dt_out:2075 is bigger than timepoint: 1680
Timepoint not recorded. dt_out:200050 is bigger than timepoint: 1680
Timepoint not recorded. dt_out:200050 is bigger than timepoint: 1680
Timepoint not recorded. dt_out:2075 is bigger than timepoint: 1680
Timepoint not recorded. dt_out:2025 is bigger than timepoint: 1680
Timepoint not recorded. dt_out:2075 is bigger than timepoint: 1680
SAV_Python_2000_dt_5.50e-06_Nx_128_periodic_dtout_1025pphi.csv
Exception type : ValueError 
Exception message : could not convert string to float: '(-0.7549613277350316+0j)'
Stack trace : ['File : /sfs/gpfs/tardis/home/xpz5km/Cahn_Hilliard_Model_HPC/spinodal_decomp/compare_phi_norms.py , Line : 68, Func.Name : compare_phis_norm_at_timepoint, Message : snapshot = read_specific_lines(f"{root}/{fname}", line_list)', 'File : /sfs/gpfs/tardis/home/xpz5km/Cahn_Hilliard_Model_HPC/spinodal_decomp/compare_phi_norms.py , Line : 19, Func.Name : read_specific_lines, Message : digits.append(float(i))']
SAV_Python_2000_dt_5.50e-06_Nx_64_neumann_dtout_1025pphi.csv
Exception type : ValueError 
Exception message : could not convert string to float: '(-0.9018814846532438+0j)'
Stack trace : ['File : /sfs/gpfs/tardis/home/xpz5km/Cahn_Hilliard_Model_HPC/spinodal_decomp/compare_phi_norms.py , Line : 68, Func.Name : compare_phis_norm_at_timepoint, Message : snapshot = read_specific_lines(f"{root}/{fname}", line_list)', 'File : /sfs/gpfs/tardis/home/xpz5km/Cahn_Hilliard_Model_HPC/spinodal_decomp/compare_phi_norms.py , Line : 19, Func.Name : read_specific_lines, Message : digits.append(float(i))']
Timepoint not recorded. dt_out:200050 is bigger than timepoint: 1680
Timepoint not recorded. dt_out:2075 is bigger than timepoint: 1680
Timepoint not recorded. dt_out:2025 is bigger than timepoint: 1680
SAV_Python_2000_dt_5.50e-06_Nx_256_periodic_dtout_1025pphi.csv
Exception type : ValueError 
Exception message : could not convert string to float: '(-0.5084277900283075+0j)'
Stack trace : ['File : /sfs/gpfs/tardis/home/xpz5km/Cahn_Hilliard_Model_HPC/spinodal_decomp/compare_phi_norms.py , Line : 68, Func.Name : compare_phis_norm_at_timepoint, Message : snapshot = read_specific_lines(f"{root}/{fname}", line_list)', 'File : /sfs/gpfs/tardis/home/xpz5km/Cahn_Hilliard_Model_HPC/spinodal_decomp/compare_phi_norms.py , Line : 19, Func.Name : read_specific_lines, Message : digits.append(float(i))']
Timepoint not recorded. dt_out:200075 is bigger than timepoint: 1680
Timepoint not recorded. dt_out:2050 is bigger than timepoint: 1680
Timepoint not recorded. dt_out:2050 is bigger than timepoint: 1680
SAV_Python_2000_dt_5.50e-06_Nx_256_periodic_dtout_1075pphi.csv
Exception type : ValueError 
Exception message : could not convert string to float: '(0.5365167652484955+0j)'
Stack trace : ['File : /sfs/gpfs/tardis/home/xpz5km/Cahn_Hilliard_Model_HPC/spinodal_decomp/compare_phi_norms.py , Line : 68, Func.Name : compare_phis_norm_at_timepoint, Message : snapshot = read_specific_lines(f"{root}/{fname}", line_list)', 'File : /sfs/gpfs/tardis/home/xpz5km/Cahn_Hilliard_Model_HPC/spinodal_decomp/compare_phi_norms.py , Line : 19, Func.Name : read_specific_lines, Message : digits.append(float(i))']
Timepoint not recorded. dt_out:200050 is bigger than timepoint: 1680
Timepoint not recorded. dt_out:2050 is bigger than timepoint: 1680
Timepoint not recorded. dt_out:200025 is bigger than timepoint: 1680
Timepoint not recorded. dt_out:2075 is bigger than timepoint: 1680
Timepoint not recorded. dt_out:2025 is bigger than timepoint: 1680
SAV_Python_2000_dt_5.50e-06_Nx_512_neumann_dtout_1050pphi.csv
Exception type : ValueError 
Exception message : could not convert string to float: '(-0.4037803055352858+0j)'
Stack trace : ['File : /sfs/gpfs/tardis/home/xpz5km/Cahn_Hilliard_Model_HPC/spinodal_decomp/compare_phi_norms.py , Line : 68, Func.Name : compare_phis_norm_at_timepoint, Message : snapshot = read_specific_lines(f"{root}/{fname}", line_list)', 'File : /sfs/gpfs/tardis/home/xpz5km/Cahn_Hilliard_Model_HPC/spinodal_decomp/compare_phi_norms.py , Line : 19, Func.Name : read_specific_lines, Message : digits.append(float(i))']
Timepoint not recorded. dt_out:200075 is bigger than timepoint: 1680
Timepoint not recorded. dt_out:2025 is bigger than timepoint: 1680
SAV_Python_2000_dt_5.50e-06_Nx_256_periodic_dtout_1050pphi.csv
Exception type : ValueError 
Exception message : could not convert string to float: '(-0.16026798868335085+0j)'
Stack trace : ['File : /sfs/gpfs/tardis/home/xpz5km/Cahn_Hilliard_Model_HPC/spinodal_decomp/compare_phi_norms.py , Line : 68, Func.Name : compare_phis_norm_at_timepoint, Message : snapshot = read_specific_lines(f"{root}/{fname}", line_list)', 'File : /sfs/gpfs/tardis/home/xpz5km/Cahn_Hilliard_Model_HPC/spinodal_decomp/compare_phi_norms.py , Line : 19, Func.Name : read_specific_lines, Message : digits.append(float(i))']
Timepoint not recorded. dt_out:2075 is bigger than timepoint: 1680
SAV_Python_2000_dt_5.50e-06_Nx_64_neumann_dtout_1075pphi.csv
Exception type : ValueError 
Exception message : could not convert string to float: '(-0.031024707743662894+0j)'
Stack trace : ['File : /sfs/gpfs/tardis/home/xpz5km/Cahn_Hilliard_Model_HPC/spinodal_decomp/compare_phi_norms.py , Line : 68, Func.Name : compare_phis_norm_at_timepoint, Message : snapshot = read_specific_lines(f"{root}/{fname}", line_list)', 'File : /sfs/gpfs/tardis/home/xpz5km/Cahn_Hilliard_Model_HPC/spinodal_decomp/compare_phi_norms.py , Line : 19, Func.Name : read_specific_lines, Message : digits.append(float(i))']
SAV_Python_2000_dt_5.50e-06_Nx_128_neumann_dtout_1075pphi.csv
Exception type : ValueError 
Exception message : could not convert string to float: '(0.6968617018611439+0j)'
Stack trace : ['File : /sfs/gpfs/tardis/home/xpz5km/Cahn_Hilliard_Model_HPC/spinodal_decomp/compare_phi_norms.py , Line : 68, Func.Name : compare_phis_norm_at_timepoint, Message : snapshot = read_specific_lines(f"{root}/{fname}", line_list)', 'File : /sfs/gpfs/tardis/home/xpz5km/Cahn_Hilliard_Model_HPC/spinodal_decomp/compare_phi_norms.py , Line : 19, Func.Name : read_specific_lines, Message : digits.append(float(i))']
SAV_Python_2000_dt_5.50e-06_Nx_64_neumann_dtout_1050pphi.csv
Exception type : ValueError 
Exception message : could not convert string to float: '(-1.0481481118217957+0j)'
Stack trace : ['File : /sfs/gpfs/tardis/home/xpz5km/Cahn_Hilliard_Model_HPC/spinodal_decomp/compare_phi_norms.py , Line : 68, Func.Name : compare_phis_norm_at_timepoint, Message : snapshot = read_specific_lines(f"{root}/{fname}", line_list)', 'File : /sfs/gpfs/tardis/home/xpz5km/Cahn_Hilliard_Model_HPC/spinodal_decomp/compare_phi_norms.py , Line : 19, Func.Name : read_specific_lines, Message : digits.append(float(i))']
1720
Timepoint not recorded. dt_out:200025 is bigger than timepoint: 1720
Timepoint not recorded. dt_out:200025 is bigger than timepoint: 1720
Timepoint not recorded. dt_out:200025 is bigger than timepoint: 1720
Timepoint not recorded. dt_out:200025 is bigger than timepoint: 1720
Timepoint not recorded. dt_out:200050 is bigger than timepoint: 1720
Timepoint not recorded. dt_out:200025 is bigger than timepoint: 1720
Timepoint not recorded. dt_out:200050 is bigger than timepoint: 1720
Timepoint not recorded. dt_out:200075 is bigger than timepoint: 1720
Timepoint not recorded. dt_out:200075 is bigger than timepoint: 1720
Timepoint not recorded. dt_out:200075 is bigger than timepoint: 1720
Timepoint not recorded. dt_out:200025 is bigger than timepoint: 1720
Timepoint not recorded. dt_out:200050 is bigger than timepoint: 1720
Timepoint not recorded. dt_out:200025 is bigger than timepoint: 1720
Timepoint not recorded. dt_out:200050 is bigger than timepoint: 1720
Timepoint not recorded. dt_out:200075 is bigger than timepoint: 1720
Timepoint not recorded. dt_out:200025 is bigger than timepoint: 1720
Timepoint not recorded. dt_out:200075 is bigger than timepoint: 1720
Timepoint not recorded. dt_out:200075 is bigger than timepoint: 1720
Timepoint not recorded. dt_out:200025 is bigger than timepoint: 1720
Timepoint not recorded. dt_out:200075 is bigger than timepoint: 1720
Timepoint not recorded. dt_out:200025 is bigger than timepoint: 1720
Timepoint not recorded. dt_out:200075 is bigger than timepoint: 1720
Timepoint not recorded. dt_out:200025 is bigger than timepoint: 1720
Timepoint not recorded. dt_out:200050 is bigger than timepoint: 1720
Timepoint not recorded. dt_out:200075 is bigger than timepoint: 1720
Timepoint not recorded. dt_out:200050 is bigger than timepoint: 1720
Timepoint not recorded. dt_out:200075 is bigger than timepoint: 1720
Timepoint not recorded. dt_out:200025 is bigger than timepoint: 1720
Timepoint not recorded. dt_out:200050 is bigger than timepoint: 1720
Timepoint not recorded. dt_out:200050 is bigger than timepoint: 1720
Timepoint not recorded. dt_out:200050 is bigger than timepoint: 1720
Timepoint not recorded. dt_out:200050 is bigger than timepoint: 1720
Timepoint not recorded. dt_out:200025 is bigger than timepoint: 1720
Timepoint not recorded. dt_out:200050 is bigger than timepoint: 1720
Timepoint not recorded. dt_out:200050 is bigger than timepoint: 1720
Timepoint not recorded. dt_out:200050 is bigger than timepoint: 1720
Timepoint not recorded. dt_out:200075 is bigger than timepoint: 1720
Timepoint not recorded. dt_out:200025 is bigger than timepoint: 1720
Timepoint not recorded. dt_out:200075 is bigger than timepoint: 1720
Timepoint not recorded. dt_out:200050 is bigger than timepoint: 1720
Timepoint not recorded. dt_out:200075 is bigger than timepoint: 1720
Timepoint not recorded. dt_out:200075 is bigger than timepoint: 1720
Timepoint not recorded. dt_out:200075 is bigger than timepoint: 1720
Timepoint not recorded. dt_out:200025 is bigger than timepoint: 1720
Timepoint not recorded. dt_out:200025 is bigger than timepoint: 1720
Timepoint not recorded. dt_out:200075 is bigger than timepoint: 1720
Timepoint not recorded. dt_out:200050 is bigger than timepoint: 1720
Timepoint not recorded. dt_out:200050 is bigger than timepoint: 1720
Timepoint not recorded. dt_out:2075 is bigger than timepoint: 1720
SAV_Python_2000_dt_5.50e-06_Nx_128_periodic_dtout_1050pphi.csv
Exception type : ValueError 
Exception message : could not convert string to float: '(-0.30096799404850766+0j)'
Stack trace : ['File : /sfs/gpfs/tardis/home/xpz5km/Cahn_Hilliard_Model_HPC/spinodal_decomp/compare_phi_norms.py , Line : 68, Func.Name : compare_phis_norm_at_timepoint, Message : snapshot = read_specific_lines(f"{root}/{fname}", line_list)', 'File : /sfs/gpfs/tardis/home/xpz5km/Cahn_Hilliard_Model_HPC/spinodal_decomp/compare_phi_norms.py , Line : 19, Func.Name : read_specific_lines, Message : digits.append(float(i))']
Timepoint not recorded. dt_out:200025 is bigger than timepoint: 1720
SAV_Python_2000_dt_5.50e-06_Nx_128_neumann_dtout_1050pphi.csv
Exception type : ValueError 
Exception message : could not convert string to float: '(-0.09821488768780877+0j)'
Stack trace : ['File : /sfs/gpfs/tardis/home/xpz5km/Cahn_Hilliard_Model_HPC/spinodal_decomp/compare_phi_norms.py , Line : 68, Func.Name : compare_phis_norm_at_timepoint, Message : snapshot = read_specific_lines(f"{root}/{fname}", line_list)', 'File : /sfs/gpfs/tardis/home/xpz5km/Cahn_Hilliard_Model_HPC/spinodal_decomp/compare_phi_norms.py , Line : 19, Func.Name : read_specific_lines, Message : digits.append(float(i))']
Timepoint not recorded. dt_out:2025 is bigger than timepoint: 1720
Timepoint not recorded. dt_out:200050 is bigger than timepoint: 1720
Timepoint not recorded. dt_out:2025 is bigger than timepoint: 1720
Timepoint not recorded. dt_out:2050 is bigger than timepoint: 1720
Timepoint not recorded. dt_out:200025 is bigger than timepoint: 1720
Timepoint not recorded. dt_out:200075 is bigger than timepoint: 1720
Timepoint not recorded. dt_out:200025 is bigger than timepoint: 1720
SAV_Python_2000_dt_5.50e-06_Nx_64_periodic_dtout_1050pphi.csv
Exception type : ValueError 
Exception message : could not convert string to float: '(-0.6193443018041669+0j)'
Stack trace : ['File : /sfs/gpfs/tardis/home/xpz5km/Cahn_Hilliard_Model_HPC/spinodal_decomp/compare_phi_norms.py , Line : 68, Func.Name : compare_phis_norm_at_timepoint, Message : snapshot = read_specific_lines(f"{root}/{fname}", line_list)', 'File : /sfs/gpfs/tardis/home/xpz5km/Cahn_Hilliard_Model_HPC/spinodal_decomp/compare_phi_norms.py , Line : 19, Func.Name : read_specific_lines, Message : digits.append(float(i))']
Timepoint not recorded. dt_out:200075 is bigger than timepoint: 1720
Timepoint not recorded. dt_out:200075 is bigger than timepoint: 1720
Timepoint not recorded. dt_out:200075 is bigger than timepoint: 1720
Timepoint not recorded. dt_out:2050 is bigger than timepoint: 1720
SAV_Python_2000_dt_5.50e-06_Nx_64_periodic_dtout_1075pphi.csv
Exception type : ValueError 
Exception message : could not convert string to float: '(-0.19411817190171976+0j)'
Stack trace : ['File : /sfs/gpfs/tardis/home/xpz5km/Cahn_Hilliard_Model_HPC/spinodal_decomp/compare_phi_norms.py , Line : 68, Func.Name : compare_phis_norm_at_timepoint, Message : snapshot = read_specific_lines(f"{root}/{fname}", line_list)', 'File : /sfs/gpfs/tardis/home/xpz5km/Cahn_Hilliard_Model_HPC/spinodal_decomp/compare_phi_norms.py , Line : 19, Func.Name : read_specific_lines, Message : digits.append(float(i))']
Timepoint not recorded. dt_out:200025 is bigger than timepoint: 1720
SAV_Python_2000_dt_5.50e-06_Nx_256_neumann_dtout_1075pphi.csv
Exception type : ValueError 
Exception message : could not convert string to float: '(0.40405688903944265+0j)'
Stack trace : ['File : /sfs/gpfs/tardis/home/xpz5km/Cahn_Hilliard_Model_HPC/spinodal_decomp/compare_phi_norms.py , Line : 68, Func.Name : compare_phis_norm_at_timepoint, Message : snapshot = read_specific_lines(f"{root}/{fname}", line_list)', 'File : /sfs/gpfs/tardis/home/xpz5km/Cahn_Hilliard_Model_HPC/spinodal_decomp/compare_phi_norms.py , Line : 19, Func.Name : read_specific_lines, Message : digits.append(float(i))']
SAV_Python_2000_dt_5.50e-06_Nx_64_periodic_dtout_1025pphi.csv
Exception type : ValueError 
Exception message : could not convert string to float: '(-0.6465167909212367+0j)'
Stack trace : ['File : /sfs/gpfs/tardis/home/xpz5km/Cahn_Hilliard_Model_HPC/spinodal_decomp/compare_phi_norms.py , Line : 68, Func.Name : compare_phis_norm_at_timepoint, Message : snapshot = read_specific_lines(f"{root}/{fname}", line_list)', 'File : /sfs/gpfs/tardis/home/xpz5km/Cahn_Hilliard_Model_HPC/spinodal_decomp/compare_phi_norms.py , Line : 19, Func.Name : read_specific_lines, Message : digits.append(float(i))']
SAV_Python_2000_dt_5.50e-06_Nx_512_neumann_dtout_1025pphi.csv
Exception type : ValueError 
Exception message : could not convert string to float: '(-0.4486347091432044+0j)'
Stack trace : ['File : /sfs/gpfs/tardis/home/xpz5km/Cahn_Hilliard_Model_HPC/spinodal_decomp/compare_phi_norms.py , Line : 68, Func.Name : compare_phis_norm_at_timepoint, Message : snapshot = read_specific_lines(f"{root}/{fname}", line_list)', 'File : /sfs/gpfs/tardis/home/xpz5km/Cahn_Hilliard_Model_HPC/spinodal_decomp/compare_phi_norms.py , Line : 19, Func.Name : read_specific_lines, Message : digits.append(float(i))']
SAV_Python_2000_dt_5.50e-06_Nx_256_neumann_dtout_1050pphi.csv
Exception type : ValueError 
Exception message : could not convert string to float: '(-0.029426525500323472+0j)'
Stack trace : ['File : /sfs/gpfs/tardis/home/xpz5km/Cahn_Hilliard_Model_HPC/spinodal_decomp/compare_phi_norms.py , Line : 68, Func.Name : compare_phis_norm_at_timepoint, Message : snapshot = read_specific_lines(f"{root}/{fname}", line_list)', 'File : /sfs/gpfs/tardis/home/xpz5km/Cahn_Hilliard_Model_HPC/spinodal_decomp/compare_phi_norms.py , Line : 19, Func.Name : read_specific_lines, Message : digits.append(float(i))']
SAV_Python_2000_dt_5.50e-06_Nx_512_periodic_dtout_1025pphi.csv
Exception type : ValueError 
Exception message : could not convert string to float: '(-0.47685775621191234+0j)'
Stack trace : ['File : /sfs/gpfs/tardis/home/xpz5km/Cahn_Hilliard_Model_HPC/spinodal_decomp/compare_phi_norms.py , Line : 68, Func.Name : compare_phis_norm_at_timepoint, Message : snapshot = read_specific_lines(f"{root}/{fname}", line_list)', 'File : /sfs/gpfs/tardis/home/xpz5km/Cahn_Hilliard_Model_HPC/spinodal_decomp/compare_phi_norms.py , Line : 19, Func.Name : read_specific_lines, Message : digits.append(float(i))']
Timepoint not recorded. dt_out:200050 is bigger than timepoint: 1720
Timepoint not recorded. dt_out:200050 is bigger than timepoint: 1720
SAV_Python_2000_dt_5.50e-06_Nx_512_neumann_dtout_1075pphi.csv
Exception type : ValueError 
Exception message : could not convert string to float: '(0.2885258346247781+0j)'
Stack trace : ['File : /sfs/gpfs/tardis/home/xpz5km/Cahn_Hilliard_Model_HPC/spinodal_decomp/compare_phi_norms.py , Line : 68, Func.Name : compare_phis_norm_at_timepoint, Message : snapshot = read_specific_lines(f"{root}/{fname}", line_list)', 'File : /sfs/gpfs/tardis/home/xpz5km/Cahn_Hilliard_Model_HPC/spinodal_decomp/compare_phi_norms.py , Line : 19, Func.Name : read_specific_lines, Message : digits.append(float(i))']
SAV_Python_2000_dt_5.50e-06_Nx_128_neumann_dtout_1025pphi.csv
Exception type : ValueError 
Exception message : could not convert string to float: '(-0.7144053696068577+0j)'
Stack trace : ['File : /sfs/gpfs/tardis/home/xpz5km/Cahn_Hilliard_Model_HPC/spinodal_decomp/compare_phi_norms.py , Line : 68, Func.Name : compare_phis_norm_at_timepoint, Message : snapshot = read_specific_lines(f"{root}/{fname}", line_list)', 'File : /sfs/gpfs/tardis/home/xpz5km/Cahn_Hilliard_Model_HPC/spinodal_decomp/compare_phi_norms.py , Line : 19, Func.Name : read_specific_lines, Message : digits.append(float(i))']
Timepoint not recorded. dt_out:2050 is bigger than timepoint: 1720
Timepoint not recorded. dt_out:2025 is bigger than timepoint: 1720
Timepoint not recorded. dt_out:200050 is bigger than timepoint: 1720
SAV_Python_2000_dt_5.50e-06_Nx_512_periodic_dtout_1050pphi.csv
Exception type : ValueError 
Exception message : could not convert string to float: '(-0.1540705201955661+0j)'
Stack trace : ['File : /sfs/gpfs/tardis/home/xpz5km/Cahn_Hilliard_Model_HPC/spinodal_decomp/compare_phi_norms.py , Line : 68, Func.Name : compare_phis_norm_at_timepoint, Message : snapshot = read_specific_lines(f"{root}/{fname}", line_list)', 'File : /sfs/gpfs/tardis/home/xpz5km/Cahn_Hilliard_Model_HPC/spinodal_decomp/compare_phi_norms.py , Line : 19, Func.Name : read_specific_lines, Message : digits.append(float(i))']
Timepoint not recorded. dt_out:200075 is bigger than timepoint: 1720
Timepoint not recorded. dt_out:2025 is bigger than timepoint: 1720
Timepoint not recorded. dt_out:2050 is bigger than timepoint: 1720
Timepoint not recorded. dt_out:2075 is bigger than timepoint: 1720
Timepoint not recorded. dt_out:200025 is bigger than timepoint: 1720
Timepoint not recorded. dt_out:200025 is bigger than timepoint: 1720
SAV_Python_2000_dt_5.50e-06_Nx_256_neumann_dtout_1025pphi.csv
Exception type : ValueError 
Exception message : could not convert string to float: '(-0.50885050093948+0j)'
Stack trace : ['File : /sfs/gpfs/tardis/home/xpz5km/Cahn_Hilliard_Model_HPC/spinodal_decomp/compare_phi_norms.py , Line : 68, Func.Name : compare_phis_norm_at_timepoint, Message : snapshot = read_specific_lines(f"{root}/{fname}", line_list)', 'File : /sfs/gpfs/tardis/home/xpz5km/Cahn_Hilliard_Model_HPC/spinodal_decomp/compare_phi_norms.py , Line : 19, Func.Name : read_specific_lines, Message : digits.append(float(i))']
Timepoint not recorded. dt_out:2050 is bigger than timepoint: 1720
Timepoint not recorded. dt_out:200075 is bigger than timepoint: 1720
SAV_Python_2000_dt_5.50e-06_Nx_512_periodic_dtout_1075pphi.csv
Exception type : ValueError 
Exception message : could not convert string to float: '(0.47331566684684706+0j)'
Stack trace : ['File : /sfs/gpfs/tardis/home/xpz5km/Cahn_Hilliard_Model_HPC/spinodal_decomp/compare_phi_norms.py , Line : 68, Func.Name : compare_phis_norm_at_timepoint, Message : snapshot = read_specific_lines(f"{root}/{fname}", line_list)', 'File : /sfs/gpfs/tardis/home/xpz5km/Cahn_Hilliard_Model_HPC/spinodal_decomp/compare_phi_norms.py , Line : 19, Func.Name : read_specific_lines, Message : digits.append(float(i))']
SAV_Python_2000_dt_5.50e-06_Nx_128_periodic_dtout_1075pphi.csv
Exception type : ValueError 
Exception message : could not convert string to float: '(0.4777711785190227+0j)'
Stack trace : ['File : /sfs/gpfs/tardis/home/xpz5km/Cahn_Hilliard_Model_HPC/spinodal_decomp/compare_phi_norms.py , Line : 68, Func.Name : compare_phis_norm_at_timepoint, Message : snapshot = read_specific_lines(f"{root}/{fname}", line_list)', 'File : /sfs/gpfs/tardis/home/xpz5km/Cahn_Hilliard_Model_HPC/spinodal_decomp/compare_phi_norms.py , Line : 19, Func.Name : read_specific_lines, Message : digits.append(float(i))']
Timepoint not recorded. dt_out:200025 is bigger than timepoint: 1720
Timepoint not recorded. dt_out:2075 is bigger than timepoint: 1720
Timepoint not recorded. dt_out:200050 is bigger than timepoint: 1720
Timepoint not recorded. dt_out:200050 is bigger than timepoint: 1720
Timepoint not recorded. dt_out:2075 is bigger than timepoint: 1720
Timepoint not recorded. dt_out:2025 is bigger than timepoint: 1720
Timepoint not recorded. dt_out:2075 is bigger than timepoint: 1720
SAV_Python_2000_dt_5.50e-06_Nx_128_periodic_dtout_1025pphi.csv
Exception type : ValueError 
Exception message : could not convert string to float: '(-0.6648637483674962+0j)'
Stack trace : ['File : /sfs/gpfs/tardis/home/xpz5km/Cahn_Hilliard_Model_HPC/spinodal_decomp/compare_phi_norms.py , Line : 68, Func.Name : compare_phis_norm_at_timepoint, Message : snapshot = read_specific_lines(f"{root}/{fname}", line_list)', 'File : /sfs/gpfs/tardis/home/xpz5km/Cahn_Hilliard_Model_HPC/spinodal_decomp/compare_phi_norms.py , Line : 19, Func.Name : read_specific_lines, Message : digits.append(float(i))']
SAV_Python_2000_dt_5.50e-06_Nx_64_neumann_dtout_1025pphi.csv
Exception type : ValueError 
Exception message : could not convert string to float: '(-0.6148209027117093+0j)'
Stack trace : ['File : /sfs/gpfs/tardis/home/xpz5km/Cahn_Hilliard_Model_HPC/spinodal_decomp/compare_phi_norms.py , Line : 68, Func.Name : compare_phis_norm_at_timepoint, Message : snapshot = read_specific_lines(f"{root}/{fname}", line_list)', 'File : /sfs/gpfs/tardis/home/xpz5km/Cahn_Hilliard_Model_HPC/spinodal_decomp/compare_phi_norms.py , Line : 19, Func.Name : read_specific_lines, Message : digits.append(float(i))']
Timepoint not recorded. dt_out:200050 is bigger than timepoint: 1720
Timepoint not recorded. dt_out:2075 is bigger than timepoint: 1720
Timepoint not recorded. dt_out:2025 is bigger than timepoint: 1720
SAV_Python_2000_dt_5.50e-06_Nx_256_periodic_dtout_1025pphi.csv
Exception type : ValueError 
Exception message : could not convert string to float: '(-0.5146985966869214+0j)'
Stack trace : ['File : /sfs/gpfs/tardis/home/xpz5km/Cahn_Hilliard_Model_HPC/spinodal_decomp/compare_phi_norms.py , Line : 68, Func.Name : compare_phis_norm_at_timepoint, Message : snapshot = read_specific_lines(f"{root}/{fname}", line_list)', 'File : /sfs/gpfs/tardis/home/xpz5km/Cahn_Hilliard_Model_HPC/spinodal_decomp/compare_phi_norms.py , Line : 19, Func.Name : read_specific_lines, Message : digits.append(float(i))']
Timepoint not recorded. dt_out:200075 is bigger than timepoint: 1720
Timepoint not recorded. dt_out:2050 is bigger than timepoint: 1720
Timepoint not recorded. dt_out:2050 is bigger than timepoint: 1720
SAV_Python_2000_dt_5.50e-06_Nx_256_periodic_dtout_1075pphi.csv
Exception type : ValueError 
Exception message : could not convert string to float: '(0.4563048491953178+0j)'
Stack trace : ['File : /sfs/gpfs/tardis/home/xpz5km/Cahn_Hilliard_Model_HPC/spinodal_decomp/compare_phi_norms.py , Line : 68, Func.Name : compare_phis_norm_at_timepoint, Message : snapshot = read_specific_lines(f"{root}/{fname}", line_list)', 'File : /sfs/gpfs/tardis/home/xpz5km/Cahn_Hilliard_Model_HPC/spinodal_decomp/compare_phi_norms.py , Line : 19, Func.Name : read_specific_lines, Message : digits.append(float(i))']
Timepoint not recorded. dt_out:200050 is bigger than timepoint: 1720
Timepoint not recorded. dt_out:2050 is bigger than timepoint: 1720
Timepoint not recorded. dt_out:200025 is bigger than timepoint: 1720
Timepoint not recorded. dt_out:2075 is bigger than timepoint: 1720
Timepoint not recorded. dt_out:2025 is bigger than timepoint: 1720
SAV_Python_2000_dt_5.50e-06_Nx_512_neumann_dtout_1050pphi.csv
Exception type : ValueError 
Exception message : could not convert string to float: '(-0.17052979249533695+0j)'
Stack trace : ['File : /sfs/gpfs/tardis/home/xpz5km/Cahn_Hilliard_Model_HPC/spinodal_decomp/compare_phi_norms.py , Line : 68, Func.Name : compare_phis_norm_at_timepoint, Message : snapshot = read_specific_lines(f"{root}/{fname}", line_list)', 'File : /sfs/gpfs/tardis/home/xpz5km/Cahn_Hilliard_Model_HPC/spinodal_decomp/compare_phi_norms.py , Line : 19, Func.Name : read_specific_lines, Message : digits.append(float(i))']
Timepoint not recorded. dt_out:200075 is bigger than timepoint: 1720
Timepoint not recorded. dt_out:2025 is bigger than timepoint: 1720
SAV_Python_2000_dt_5.50e-06_Nx_256_periodic_dtout_1050pphi.csv
Exception type : ValueError 
Exception message : could not convert string to float: '(-0.04686258099270931+0j)'
Stack trace : ['File : /sfs/gpfs/tardis/home/xpz5km/Cahn_Hilliard_Model_HPC/spinodal_decomp/compare_phi_norms.py , Line : 68, Func.Name : compare_phis_norm_at_timepoint, Message : snapshot = read_specific_lines(f"{root}/{fname}", line_list)', 'File : /sfs/gpfs/tardis/home/xpz5km/Cahn_Hilliard_Model_HPC/spinodal_decomp/compare_phi_norms.py , Line : 19, Func.Name : read_specific_lines, Message : digits.append(float(i))']
Timepoint not recorded. dt_out:2075 is bigger than timepoint: 1720
SAV_Python_2000_dt_5.50e-06_Nx_64_neumann_dtout_1075pphi.csv
Exception type : ValueError 
Exception message : could not convert string to float: '(-0.15722368597740768+0j)'
Stack trace : ['File : /sfs/gpfs/tardis/home/xpz5km/Cahn_Hilliard_Model_HPC/spinodal_decomp/compare_phi_norms.py , Line : 68, Func.Name : compare_phis_norm_at_timepoint, Message : snapshot = read_specific_lines(f"{root}/{fname}", line_list)', 'File : /sfs/gpfs/tardis/home/xpz5km/Cahn_Hilliard_Model_HPC/spinodal_decomp/compare_phi_norms.py , Line : 19, Func.Name : read_specific_lines, Message : digits.append(float(i))']
SAV_Python_2000_dt_5.50e-06_Nx_128_neumann_dtout_1075pphi.csv
Exception type : ValueError 
Exception message : could not convert string to float: '(0.8004834868298158+0j)'
Stack trace : ['File : /sfs/gpfs/tardis/home/xpz5km/Cahn_Hilliard_Model_HPC/spinodal_decomp/compare_phi_norms.py , Line : 68, Func.Name : compare_phis_norm_at_timepoint, Message : snapshot = read_specific_lines(f"{root}/{fname}", line_list)', 'File : /sfs/gpfs/tardis/home/xpz5km/Cahn_Hilliard_Model_HPC/spinodal_decomp/compare_phi_norms.py , Line : 19, Func.Name : read_specific_lines, Message : digits.append(float(i))']
SAV_Python_2000_dt_5.50e-06_Nx_64_neumann_dtout_1050pphi.csv
Exception type : ValueError 
Exception message : could not convert string to float: '(-0.8999491142708275+0j)'
Stack trace : ['File : /sfs/gpfs/tardis/home/xpz5km/Cahn_Hilliard_Model_HPC/spinodal_decomp/compare_phi_norms.py , Line : 68, Func.Name : compare_phis_norm_at_timepoint, Message : snapshot = read_specific_lines(f"{root}/{fname}", line_list)', 'File : /sfs/gpfs/tardis/home/xpz5km/Cahn_Hilliard_Model_HPC/spinodal_decomp/compare_phi_norms.py , Line : 19, Func.Name : read_specific_lines, Message : digits.append(float(i))']
1760
Timepoint not recorded. dt_out:200025 is bigger than timepoint: 1760
Timepoint not recorded. dt_out:200025 is bigger than timepoint: 1760
Timepoint not recorded. dt_out:200025 is bigger than timepoint: 1760
Timepoint not recorded. dt_out:200025 is bigger than timepoint: 1760
Timepoint not recorded. dt_out:200050 is bigger than timepoint: 1760
Timepoint not recorded. dt_out:200025 is bigger than timepoint: 1760
Timepoint not recorded. dt_out:200050 is bigger than timepoint: 1760
Timepoint not recorded. dt_out:200075 is bigger than timepoint: 1760
Timepoint not recorded. dt_out:200075 is bigger than timepoint: 1760
Timepoint not recorded. dt_out:200075 is bigger than timepoint: 1760
Timepoint not recorded. dt_out:200025 is bigger than timepoint: 1760
Timepoint not recorded. dt_out:200050 is bigger than timepoint: 1760
Timepoint not recorded. dt_out:200025 is bigger than timepoint: 1760
Timepoint not recorded. dt_out:200050 is bigger than timepoint: 1760
Timepoint not recorded. dt_out:200075 is bigger than timepoint: 1760
Timepoint not recorded. dt_out:200025 is bigger than timepoint: 1760
Timepoint not recorded. dt_out:200075 is bigger than timepoint: 1760
Timepoint not recorded. dt_out:200075 is bigger than timepoint: 1760
Timepoint not recorded. dt_out:200025 is bigger than timepoint: 1760
Timepoint not recorded. dt_out:200075 is bigger than timepoint: 1760
Timepoint not recorded. dt_out:200025 is bigger than timepoint: 1760
Timepoint not recorded. dt_out:200075 is bigger than timepoint: 1760
Timepoint not recorded. dt_out:200025 is bigger than timepoint: 1760
Timepoint not recorded. dt_out:200050 is bigger than timepoint: 1760
Timepoint not recorded. dt_out:200075 is bigger than timepoint: 1760
Timepoint not recorded. dt_out:200050 is bigger than timepoint: 1760
Timepoint not recorded. dt_out:200075 is bigger than timepoint: 1760
Timepoint not recorded. dt_out:200025 is bigger than timepoint: 1760
Timepoint not recorded. dt_out:200050 is bigger than timepoint: 1760
Timepoint not recorded. dt_out:200050 is bigger than timepoint: 1760
Timepoint not recorded. dt_out:200050 is bigger than timepoint: 1760
Timepoint not recorded. dt_out:200050 is bigger than timepoint: 1760
Timepoint not recorded. dt_out:200025 is bigger than timepoint: 1760
Timepoint not recorded. dt_out:200050 is bigger than timepoint: 1760
Timepoint not recorded. dt_out:200050 is bigger than timepoint: 1760
Timepoint not recorded. dt_out:200050 is bigger than timepoint: 1760
Timepoint not recorded. dt_out:200075 is bigger than timepoint: 1760
Timepoint not recorded. dt_out:200025 is bigger than timepoint: 1760
Timepoint not recorded. dt_out:200075 is bigger than timepoint: 1760
Timepoint not recorded. dt_out:200050 is bigger than timepoint: 1760
Timepoint not recorded. dt_out:200075 is bigger than timepoint: 1760
Timepoint not recorded. dt_out:200075 is bigger than timepoint: 1760
Timepoint not recorded. dt_out:200075 is bigger than timepoint: 1760
Timepoint not recorded. dt_out:200025 is bigger than timepoint: 1760
Timepoint not recorded. dt_out:200025 is bigger than timepoint: 1760
Timepoint not recorded. dt_out:200075 is bigger than timepoint: 1760
Timepoint not recorded. dt_out:200050 is bigger than timepoint: 1760
Timepoint not recorded. dt_out:200050 is bigger than timepoint: 1760
Timepoint not recorded. dt_out:2075 is bigger than timepoint: 1760
SAV_Python_2000_dt_5.50e-06_Nx_128_periodic_dtout_1050pphi.csv
Exception type : ValueError 
Exception message : could not convert string to float: '(0.2772407100879706+0j)'
Stack trace : ['File : /sfs/gpfs/tardis/home/xpz5km/Cahn_Hilliard_Model_HPC/spinodal_decomp/compare_phi_norms.py , Line : 68, Func.Name : compare_phis_norm_at_timepoint, Message : snapshot = read_specific_lines(f"{root}/{fname}", line_list)', 'File : /sfs/gpfs/tardis/home/xpz5km/Cahn_Hilliard_Model_HPC/spinodal_decomp/compare_phi_norms.py , Line : 19, Func.Name : read_specific_lines, Message : digits.append(float(i))']
Timepoint not recorded. dt_out:200025 is bigger than timepoint: 1760
SAV_Python_2000_dt_5.50e-06_Nx_128_neumann_dtout_1050pphi.csv
Exception type : ValueError 
Exception message : could not convert string to float: '(-0.00699025730050129+0j)'
Stack trace : ['File : /sfs/gpfs/tardis/home/xpz5km/Cahn_Hilliard_Model_HPC/spinodal_decomp/compare_phi_norms.py , Line : 68, Func.Name : compare_phis_norm_at_timepoint, Message : snapshot = read_specific_lines(f"{root}/{fname}", line_list)', 'File : /sfs/gpfs/tardis/home/xpz5km/Cahn_Hilliard_Model_HPC/spinodal_decomp/compare_phi_norms.py , Line : 19, Func.Name : read_specific_lines, Message : digits.append(float(i))']
Timepoint not recorded. dt_out:2025 is bigger than timepoint: 1760
Timepoint not recorded. dt_out:200050 is bigger than timepoint: 1760
Timepoint not recorded. dt_out:2025 is bigger than timepoint: 1760
Timepoint not recorded. dt_out:2050 is bigger than timepoint: 1760
Timepoint not recorded. dt_out:200025 is bigger than timepoint: 1760
Timepoint not recorded. dt_out:200075 is bigger than timepoint: 1760
Timepoint not recorded. dt_out:200025 is bigger than timepoint: 1760
SAV_Python_2000_dt_5.50e-06_Nx_64_periodic_dtout_1050pphi.csv
Exception type : ValueError 
Exception message : could not convert string to float: '(-0.43439955132643265+0j)'
Stack trace : ['File : /sfs/gpfs/tardis/home/xpz5km/Cahn_Hilliard_Model_HPC/spinodal_decomp/compare_phi_norms.py , Line : 68, Func.Name : compare_phis_norm_at_timepoint, Message : snapshot = read_specific_lines(f"{root}/{fname}", line_list)', 'File : /sfs/gpfs/tardis/home/xpz5km/Cahn_Hilliard_Model_HPC/spinodal_decomp/compare_phi_norms.py , Line : 19, Func.Name : read_specific_lines, Message : digits.append(float(i))']
Timepoint not recorded. dt_out:200075 is bigger than timepoint: 1760
Timepoint not recorded. dt_out:200075 is bigger than timepoint: 1760
Timepoint not recorded. dt_out:200075 is bigger than timepoint: 1760
Timepoint not recorded. dt_out:2050 is bigger than timepoint: 1760
SAV_Python_2000_dt_5.50e-06_Nx_64_periodic_dtout_1075pphi.csv
Exception type : ValueError 
Exception message : could not convert string to float: '(-0.16255147680557014+0j)'
Stack trace : ['File : /sfs/gpfs/tardis/home/xpz5km/Cahn_Hilliard_Model_HPC/spinodal_decomp/compare_phi_norms.py , Line : 68, Func.Name : compare_phis_norm_at_timepoint, Message : snapshot = read_specific_lines(f"{root}/{fname}", line_list)', 'File : /sfs/gpfs/tardis/home/xpz5km/Cahn_Hilliard_Model_HPC/spinodal_decomp/compare_phi_norms.py , Line : 19, Func.Name : read_specific_lines, Message : digits.append(float(i))']
Timepoint not recorded. dt_out:200025 is bigger than timepoint: 1760
SAV_Python_2000_dt_5.50e-06_Nx_256_neumann_dtout_1075pphi.csv
Exception type : ValueError 
Exception message : could not convert string to float: '(0.7060429561158684+0j)'
Stack trace : ['File : /sfs/gpfs/tardis/home/xpz5km/Cahn_Hilliard_Model_HPC/spinodal_decomp/compare_phi_norms.py , Line : 68, Func.Name : compare_phis_norm_at_timepoint, Message : snapshot = read_specific_lines(f"{root}/{fname}", line_list)', 'File : /sfs/gpfs/tardis/home/xpz5km/Cahn_Hilliard_Model_HPC/spinodal_decomp/compare_phi_norms.py , Line : 19, Func.Name : read_specific_lines, Message : digits.append(float(i))']
SAV_Python_2000_dt_5.50e-06_Nx_64_periodic_dtout_1025pphi.csv
Exception type : ValueError 
Exception message : could not convert string to float: '(-0.9555961295831937+0j)'
Stack trace : ['File : /sfs/gpfs/tardis/home/xpz5km/Cahn_Hilliard_Model_HPC/spinodal_decomp/compare_phi_norms.py , Line : 68, Func.Name : compare_phis_norm_at_timepoint, Message : snapshot = read_specific_lines(f"{root}/{fname}", line_list)', 'File : /sfs/gpfs/tardis/home/xpz5km/Cahn_Hilliard_Model_HPC/spinodal_decomp/compare_phi_norms.py , Line : 19, Func.Name : read_specific_lines, Message : digits.append(float(i))']
SAV_Python_2000_dt_5.50e-06_Nx_512_neumann_dtout_1025pphi.csv
Exception type : ValueError 
Exception message : could not convert string to float: '(-0.7313183242436424+0j)'
Stack trace : ['File : /sfs/gpfs/tardis/home/xpz5km/Cahn_Hilliard_Model_HPC/spinodal_decomp/compare_phi_norms.py , Line : 68, Func.Name : compare_phis_norm_at_timepoint, Message : snapshot = read_specific_lines(f"{root}/{fname}", line_list)', 'File : /sfs/gpfs/tardis/home/xpz5km/Cahn_Hilliard_Model_HPC/spinodal_decomp/compare_phi_norms.py , Line : 19, Func.Name : read_specific_lines, Message : digits.append(float(i))']
SAV_Python_2000_dt_5.50e-06_Nx_256_neumann_dtout_1050pphi.csv
Exception type : ValueError 
Exception message : could not convert string to float: '(-0.27964871111034284+0j)'
Stack trace : ['File : /sfs/gpfs/tardis/home/xpz5km/Cahn_Hilliard_Model_HPC/spinodal_decomp/compare_phi_norms.py , Line : 68, Func.Name : compare_phis_norm_at_timepoint, Message : snapshot = read_specific_lines(f"{root}/{fname}", line_list)', 'File : /sfs/gpfs/tardis/home/xpz5km/Cahn_Hilliard_Model_HPC/spinodal_decomp/compare_phi_norms.py , Line : 19, Func.Name : read_specific_lines, Message : digits.append(float(i))']
SAV_Python_2000_dt_5.50e-06_Nx_512_periodic_dtout_1025pphi.csv
Exception type : ValueError 
Exception message : could not convert string to float: '(-0.4793090944872247+0j)'
Stack trace : ['File : /sfs/gpfs/tardis/home/xpz5km/Cahn_Hilliard_Model_HPC/spinodal_decomp/compare_phi_norms.py , Line : 68, Func.Name : compare_phis_norm_at_timepoint, Message : snapshot = read_specific_lines(f"{root}/{fname}", line_list)', 'File : /sfs/gpfs/tardis/home/xpz5km/Cahn_Hilliard_Model_HPC/spinodal_decomp/compare_phi_norms.py , Line : 19, Func.Name : read_specific_lines, Message : digits.append(float(i))']
Timepoint not recorded. dt_out:200050 is bigger than timepoint: 1760
Timepoint not recorded. dt_out:200050 is bigger than timepoint: 1760
SAV_Python_2000_dt_5.50e-06_Nx_512_neumann_dtout_1075pphi.csv
Exception type : ValueError 
Exception message : could not convert string to float: '(0.43185509729049226+0j)'
Stack trace : ['File : /sfs/gpfs/tardis/home/xpz5km/Cahn_Hilliard_Model_HPC/spinodal_decomp/compare_phi_norms.py , Line : 68, Func.Name : compare_phis_norm_at_timepoint, Message : snapshot = read_specific_lines(f"{root}/{fname}", line_list)', 'File : /sfs/gpfs/tardis/home/xpz5km/Cahn_Hilliard_Model_HPC/spinodal_decomp/compare_phi_norms.py , Line : 19, Func.Name : read_specific_lines, Message : digits.append(float(i))']
SAV_Python_2000_dt_5.50e-06_Nx_128_neumann_dtout_1025pphi.csv
Exception type : ValueError 
Exception message : could not convert string to float: '(-0.6627916943516338+0j)'
Stack trace : ['File : /sfs/gpfs/tardis/home/xpz5km/Cahn_Hilliard_Model_HPC/spinodal_decomp/compare_phi_norms.py , Line : 68, Func.Name : compare_phis_norm_at_timepoint, Message : snapshot = read_specific_lines(f"{root}/{fname}", line_list)', 'File : /sfs/gpfs/tardis/home/xpz5km/Cahn_Hilliard_Model_HPC/spinodal_decomp/compare_phi_norms.py , Line : 19, Func.Name : read_specific_lines, Message : digits.append(float(i))']
Timepoint not recorded. dt_out:2050 is bigger than timepoint: 1760
Timepoint not recorded. dt_out:2025 is bigger than timepoint: 1760
Timepoint not recorded. dt_out:200050 is bigger than timepoint: 1760
SAV_Python_2000_dt_5.50e-06_Nx_512_periodic_dtout_1050pphi.csv
Exception type : ValueError 
Exception message : could not convert string to float: '(0.0018421152980939983+0j)'
Stack trace : ['File : /sfs/gpfs/tardis/home/xpz5km/Cahn_Hilliard_Model_HPC/spinodal_decomp/compare_phi_norms.py , Line : 68, Func.Name : compare_phis_norm_at_timepoint, Message : snapshot = read_specific_lines(f"{root}/{fname}", line_list)', 'File : /sfs/gpfs/tardis/home/xpz5km/Cahn_Hilliard_Model_HPC/spinodal_decomp/compare_phi_norms.py , Line : 19, Func.Name : read_specific_lines, Message : digits.append(float(i))']
Timepoint not recorded. dt_out:200075 is bigger than timepoint: 1760
Timepoint not recorded. dt_out:2025 is bigger than timepoint: 1760
Timepoint not recorded. dt_out:2050 is bigger than timepoint: 1760
Timepoint not recorded. dt_out:2075 is bigger than timepoint: 1760
Timepoint not recorded. dt_out:200025 is bigger than timepoint: 1760
Timepoint not recorded. dt_out:200025 is bigger than timepoint: 1760
SAV_Python_2000_dt_5.50e-06_Nx_256_neumann_dtout_1025pphi.csv
Exception type : ValueError 
Exception message : could not convert string to float: '(-0.36964534761976847+0j)'
Stack trace : ['File : /sfs/gpfs/tardis/home/xpz5km/Cahn_Hilliard_Model_HPC/spinodal_decomp/compare_phi_norms.py , Line : 68, Func.Name : compare_phis_norm_at_timepoint, Message : snapshot = read_specific_lines(f"{root}/{fname}", line_list)', 'File : /sfs/gpfs/tardis/home/xpz5km/Cahn_Hilliard_Model_HPC/spinodal_decomp/compare_phi_norms.py , Line : 19, Func.Name : read_specific_lines, Message : digits.append(float(i))']
Timepoint not recorded. dt_out:2050 is bigger than timepoint: 1760
Timepoint not recorded. dt_out:200075 is bigger than timepoint: 1760
SAV_Python_2000_dt_5.50e-06_Nx_512_periodic_dtout_1075pphi.csv
Exception type : ValueError 
Exception message : could not convert string to float: '(0.4514492782952591+0j)'
Stack trace : ['File : /sfs/gpfs/tardis/home/xpz5km/Cahn_Hilliard_Model_HPC/spinodal_decomp/compare_phi_norms.py , Line : 68, Func.Name : compare_phis_norm_at_timepoint, Message : snapshot = read_specific_lines(f"{root}/{fname}", line_list)', 'File : /sfs/gpfs/tardis/home/xpz5km/Cahn_Hilliard_Model_HPC/spinodal_decomp/compare_phi_norms.py , Line : 19, Func.Name : read_specific_lines, Message : digits.append(float(i))']
SAV_Python_2000_dt_5.50e-06_Nx_128_periodic_dtout_1075pphi.csv
Exception type : ValueError 
Exception message : could not convert string to float: '(-0.053873083493830666+0j)'
Stack trace : ['File : /sfs/gpfs/tardis/home/xpz5km/Cahn_Hilliard_Model_HPC/spinodal_decomp/compare_phi_norms.py , Line : 68, Func.Name : compare_phis_norm_at_timepoint, Message : snapshot = read_specific_lines(f"{root}/{fname}", line_list)', 'File : /sfs/gpfs/tardis/home/xpz5km/Cahn_Hilliard_Model_HPC/spinodal_decomp/compare_phi_norms.py , Line : 19, Func.Name : read_specific_lines, Message : digits.append(float(i))']
Timepoint not recorded. dt_out:200025 is bigger than timepoint: 1760
Timepoint not recorded. dt_out:2075 is bigger than timepoint: 1760
Timepoint not recorded. dt_out:200050 is bigger than timepoint: 1760
Timepoint not recorded. dt_out:200050 is bigger than timepoint: 1760
Timepoint not recorded. dt_out:2075 is bigger than timepoint: 1760
Timepoint not recorded. dt_out:2025 is bigger than timepoint: 1760
Timepoint not recorded. dt_out:2075 is bigger than timepoint: 1760
SAV_Python_2000_dt_5.50e-06_Nx_128_periodic_dtout_1025pphi.csv
Exception type : ValueError 
Exception message : could not convert string to float: '(-0.5675211127915921+0j)'
Stack trace : ['File : /sfs/gpfs/tardis/home/xpz5km/Cahn_Hilliard_Model_HPC/spinodal_decomp/compare_phi_norms.py , Line : 68, Func.Name : compare_phis_norm_at_timepoint, Message : snapshot = read_specific_lines(f"{root}/{fname}", line_list)', 'File : /sfs/gpfs/tardis/home/xpz5km/Cahn_Hilliard_Model_HPC/spinodal_decomp/compare_phi_norms.py , Line : 19, Func.Name : read_specific_lines, Message : digits.append(float(i))']
SAV_Python_2000_dt_5.50e-06_Nx_64_neumann_dtout_1025pphi.csv
Exception type : ValueError 
Exception message : could not convert string to float: '(-0.9334620888984968+0j)'
Stack trace : ['File : /sfs/gpfs/tardis/home/xpz5km/Cahn_Hilliard_Model_HPC/spinodal_decomp/compare_phi_norms.py , Line : 68, Func.Name : compare_phis_norm_at_timepoint, Message : snapshot = read_specific_lines(f"{root}/{fname}", line_list)', 'File : /sfs/gpfs/tardis/home/xpz5km/Cahn_Hilliard_Model_HPC/spinodal_decomp/compare_phi_norms.py , Line : 19, Func.Name : read_specific_lines, Message : digits.append(float(i))']
Timepoint not recorded. dt_out:200050 is bigger than timepoint: 1760
Timepoint not recorded. dt_out:2075 is bigger than timepoint: 1760
Timepoint not recorded. dt_out:2025 is bigger than timepoint: 1760
SAV_Python_2000_dt_5.50e-06_Nx_256_periodic_dtout_1025pphi.csv
Exception type : ValueError 
Exception message : could not convert string to float: '(-0.38343857855785096+0j)'
Stack trace : ['File : /sfs/gpfs/tardis/home/xpz5km/Cahn_Hilliard_Model_HPC/spinodal_decomp/compare_phi_norms.py , Line : 68, Func.Name : compare_phis_norm_at_timepoint, Message : snapshot = read_specific_lines(f"{root}/{fname}", line_list)', 'File : /sfs/gpfs/tardis/home/xpz5km/Cahn_Hilliard_Model_HPC/spinodal_decomp/compare_phi_norms.py , Line : 19, Func.Name : read_specific_lines, Message : digits.append(float(i))']
Timepoint not recorded. dt_out:200075 is bigger than timepoint: 1760
Timepoint not recorded. dt_out:2050 is bigger than timepoint: 1760
Timepoint not recorded. dt_out:2050 is bigger than timepoint: 1760
SAV_Python_2000_dt_5.50e-06_Nx_256_periodic_dtout_1075pphi.csv
Exception type : ValueError 
Exception message : could not convert string to float: '(0.4862797727904652+0j)'
Stack trace : ['File : /sfs/gpfs/tardis/home/xpz5km/Cahn_Hilliard_Model_HPC/spinodal_decomp/compare_phi_norms.py , Line : 68, Func.Name : compare_phis_norm_at_timepoint, Message : snapshot = read_specific_lines(f"{root}/{fname}", line_list)', 'File : /sfs/gpfs/tardis/home/xpz5km/Cahn_Hilliard_Model_HPC/spinodal_decomp/compare_phi_norms.py , Line : 19, Func.Name : read_specific_lines, Message : digits.append(float(i))']
Timepoint not recorded. dt_out:200050 is bigger than timepoint: 1760
Timepoint not recorded. dt_out:2050 is bigger than timepoint: 1760
Timepoint not recorded. dt_out:200025 is bigger than timepoint: 1760
Timepoint not recorded. dt_out:2075 is bigger than timepoint: 1760
Timepoint not recorded. dt_out:2025 is bigger than timepoint: 1760
SAV_Python_2000_dt_5.50e-06_Nx_512_neumann_dtout_1050pphi.csv
Exception type : ValueError 
Exception message : could not convert string to float: '(0.06102515189845312+0j)'
Stack trace : ['File : /sfs/gpfs/tardis/home/xpz5km/Cahn_Hilliard_Model_HPC/spinodal_decomp/compare_phi_norms.py , Line : 68, Func.Name : compare_phis_norm_at_timepoint, Message : snapshot = read_specific_lines(f"{root}/{fname}", line_list)', 'File : /sfs/gpfs/tardis/home/xpz5km/Cahn_Hilliard_Model_HPC/spinodal_decomp/compare_phi_norms.py , Line : 19, Func.Name : read_specific_lines, Message : digits.append(float(i))']
Timepoint not recorded. dt_out:200075 is bigger than timepoint: 1760
Timepoint not recorded. dt_out:2025 is bigger than timepoint: 1760
SAV_Python_2000_dt_5.50e-06_Nx_256_periodic_dtout_1050pphi.csv
Exception type : ValueError 
Exception message : could not convert string to float: '(-0.16417485193871323+0j)'
Stack trace : ['File : /sfs/gpfs/tardis/home/xpz5km/Cahn_Hilliard_Model_HPC/spinodal_decomp/compare_phi_norms.py , Line : 68, Func.Name : compare_phis_norm_at_timepoint, Message : snapshot = read_specific_lines(f"{root}/{fname}", line_list)', 'File : /sfs/gpfs/tardis/home/xpz5km/Cahn_Hilliard_Model_HPC/spinodal_decomp/compare_phi_norms.py , Line : 19, Func.Name : read_specific_lines, Message : digits.append(float(i))']
Timepoint not recorded. dt_out:2075 is bigger than timepoint: 1760
SAV_Python_2000_dt_5.50e-06_Nx_64_neumann_dtout_1075pphi.csv
Exception type : ValueError 
Exception message : could not convert string to float: '(-0.47489147949581023+0j)'
Stack trace : ['File : /sfs/gpfs/tardis/home/xpz5km/Cahn_Hilliard_Model_HPC/spinodal_decomp/compare_phi_norms.py , Line : 68, Func.Name : compare_phis_norm_at_timepoint, Message : snapshot = read_specific_lines(f"{root}/{fname}", line_list)', 'File : /sfs/gpfs/tardis/home/xpz5km/Cahn_Hilliard_Model_HPC/spinodal_decomp/compare_phi_norms.py , Line : 19, Func.Name : read_specific_lines, Message : digits.append(float(i))']
SAV_Python_2000_dt_5.50e-06_Nx_128_neumann_dtout_1075pphi.csv
Exception type : ValueError 
Exception message : could not convert string to float: '(0.25408404457759126+0j)'
Stack trace : ['File : /sfs/gpfs/tardis/home/xpz5km/Cahn_Hilliard_Model_HPC/spinodal_decomp/compare_phi_norms.py , Line : 68, Func.Name : compare_phis_norm_at_timepoint, Message : snapshot = read_specific_lines(f"{root}/{fname}", line_list)', 'File : /sfs/gpfs/tardis/home/xpz5km/Cahn_Hilliard_Model_HPC/spinodal_decomp/compare_phi_norms.py , Line : 19, Func.Name : read_specific_lines, Message : digits.append(float(i))']
SAV_Python_2000_dt_5.50e-06_Nx_64_neumann_dtout_1050pphi.csv
Exception type : ValueError 
Exception message : could not convert string to float: '(-0.4290190345893687+0j)'
Stack trace : ['File : /sfs/gpfs/tardis/home/xpz5km/Cahn_Hilliard_Model_HPC/spinodal_decomp/compare_phi_norms.py , Line : 68, Func.Name : compare_phis_norm_at_timepoint, Message : snapshot = read_specific_lines(f"{root}/{fname}", line_list)', 'File : /sfs/gpfs/tardis/home/xpz5km/Cahn_Hilliard_Model_HPC/spinodal_decomp/compare_phi_norms.py , Line : 19, Func.Name : read_specific_lines, Message : digits.append(float(i))']
1800
Timepoint not recorded. dt_out:200025 is bigger than timepoint: 1800
Timepoint not recorded. dt_out:200025 is bigger than timepoint: 1800
Timepoint not recorded. dt_out:200025 is bigger than timepoint: 1800
Timepoint not recorded. dt_out:200025 is bigger than timepoint: 1800
Timepoint not recorded. dt_out:200050 is bigger than timepoint: 1800
Timepoint not recorded. dt_out:200025 is bigger than timepoint: 1800
Timepoint not recorded. dt_out:200050 is bigger than timepoint: 1800
Timepoint not recorded. dt_out:200075 is bigger than timepoint: 1800
Timepoint not recorded. dt_out:200075 is bigger than timepoint: 1800
Timepoint not recorded. dt_out:200075 is bigger than timepoint: 1800
Timepoint not recorded. dt_out:200025 is bigger than timepoint: 1800
Timepoint not recorded. dt_out:200050 is bigger than timepoint: 1800
Timepoint not recorded. dt_out:200025 is bigger than timepoint: 1800
Timepoint not recorded. dt_out:200050 is bigger than timepoint: 1800
Timepoint not recorded. dt_out:200075 is bigger than timepoint: 1800
Timepoint not recorded. dt_out:200025 is bigger than timepoint: 1800
Timepoint not recorded. dt_out:200075 is bigger than timepoint: 1800
Timepoint not recorded. dt_out:200075 is bigger than timepoint: 1800
Timepoint not recorded. dt_out:200025 is bigger than timepoint: 1800
Timepoint not recorded. dt_out:200075 is bigger than timepoint: 1800
Timepoint not recorded. dt_out:200025 is bigger than timepoint: 1800
Timepoint not recorded. dt_out:200075 is bigger than timepoint: 1800
Timepoint not recorded. dt_out:200025 is bigger than timepoint: 1800
Timepoint not recorded. dt_out:200050 is bigger than timepoint: 1800
Timepoint not recorded. dt_out:200075 is bigger than timepoint: 1800
Timepoint not recorded. dt_out:200050 is bigger than timepoint: 1800
Timepoint not recorded. dt_out:200075 is bigger than timepoint: 1800
Timepoint not recorded. dt_out:200025 is bigger than timepoint: 1800
Timepoint not recorded. dt_out:200050 is bigger than timepoint: 1800
Timepoint not recorded. dt_out:200050 is bigger than timepoint: 1800
Timepoint not recorded. dt_out:200050 is bigger than timepoint: 1800
Timepoint not recorded. dt_out:200050 is bigger than timepoint: 1800
Timepoint not recorded. dt_out:200025 is bigger than timepoint: 1800
Timepoint not recorded. dt_out:200050 is bigger than timepoint: 1800
Timepoint not recorded. dt_out:200050 is bigger than timepoint: 1800
Timepoint not recorded. dt_out:200050 is bigger than timepoint: 1800
Timepoint not recorded. dt_out:200075 is bigger than timepoint: 1800
Timepoint not recorded. dt_out:200025 is bigger than timepoint: 1800
Timepoint not recorded. dt_out:200075 is bigger than timepoint: 1800
Timepoint not recorded. dt_out:200050 is bigger than timepoint: 1800
Timepoint not recorded. dt_out:200075 is bigger than timepoint: 1800
Timepoint not recorded. dt_out:200075 is bigger than timepoint: 1800
Timepoint not recorded. dt_out:200075 is bigger than timepoint: 1800
Timepoint not recorded. dt_out:200025 is bigger than timepoint: 1800
Timepoint not recorded. dt_out:200025 is bigger than timepoint: 1800
Timepoint not recorded. dt_out:200075 is bigger than timepoint: 1800
Timepoint not recorded. dt_out:200050 is bigger than timepoint: 1800
Timepoint not recorded. dt_out:200050 is bigger than timepoint: 1800
Timepoint not recorded. dt_out:2075 is bigger than timepoint: 1800
SAV_Python_2000_dt_5.50e-06_Nx_128_periodic_dtout_1050pphi.csv
Exception type : ValueError 
Exception message : could not convert string to float: '(0.1326462971182288+0j)'
Stack trace : ['File : /sfs/gpfs/tardis/home/xpz5km/Cahn_Hilliard_Model_HPC/spinodal_decomp/compare_phi_norms.py , Line : 68, Func.Name : compare_phis_norm_at_timepoint, Message : snapshot = read_specific_lines(f"{root}/{fname}", line_list)', 'File : /sfs/gpfs/tardis/home/xpz5km/Cahn_Hilliard_Model_HPC/spinodal_decomp/compare_phi_norms.py , Line : 19, Func.Name : read_specific_lines, Message : digits.append(float(i))']
Timepoint not recorded. dt_out:200025 is bigger than timepoint: 1800
SAV_Python_2000_dt_5.50e-06_Nx_128_neumann_dtout_1050pphi.csv
Exception type : ValueError 
Exception message : could not convert string to float: '(-0.26371667442927343+0j)'
Stack trace : ['File : /sfs/gpfs/tardis/home/xpz5km/Cahn_Hilliard_Model_HPC/spinodal_decomp/compare_phi_norms.py , Line : 68, Func.Name : compare_phis_norm_at_timepoint, Message : snapshot = read_specific_lines(f"{root}/{fname}", line_list)', 'File : /sfs/gpfs/tardis/home/xpz5km/Cahn_Hilliard_Model_HPC/spinodal_decomp/compare_phi_norms.py , Line : 19, Func.Name : read_specific_lines, Message : digits.append(float(i))']
Timepoint not recorded. dt_out:2025 is bigger than timepoint: 1800
Timepoint not recorded. dt_out:200050 is bigger than timepoint: 1800
Timepoint not recorded. dt_out:2025 is bigger than timepoint: 1800
Timepoint not recorded. dt_out:2050 is bigger than timepoint: 1800
Timepoint not recorded. dt_out:200025 is bigger than timepoint: 1800
Timepoint not recorded. dt_out:200075 is bigger than timepoint: 1800
Timepoint not recorded. dt_out:200025 is bigger than timepoint: 1800
SAV_Python_2000_dt_5.50e-06_Nx_64_periodic_dtout_1050pphi.csv
Exception type : ValueError 
Exception message : could not convert string to float: '(-0.7965913983822009+0j)'
Stack trace : ['File : /sfs/gpfs/tardis/home/xpz5km/Cahn_Hilliard_Model_HPC/spinodal_decomp/compare_phi_norms.py , Line : 68, Func.Name : compare_phis_norm_at_timepoint, Message : snapshot = read_specific_lines(f"{root}/{fname}", line_list)', 'File : /sfs/gpfs/tardis/home/xpz5km/Cahn_Hilliard_Model_HPC/spinodal_decomp/compare_phi_norms.py , Line : 19, Func.Name : read_specific_lines, Message : digits.append(float(i))']
Timepoint not recorded. dt_out:200075 is bigger than timepoint: 1800
Timepoint not recorded. dt_out:200075 is bigger than timepoint: 1800
Timepoint not recorded. dt_out:200075 is bigger than timepoint: 1800
Timepoint not recorded. dt_out:2050 is bigger than timepoint: 1800
SAV_Python_2000_dt_5.50e-06_Nx_64_periodic_dtout_1075pphi.csv
Exception type : ValueError 
Exception message : could not convert string to float: '(-0.3118148568088413+0j)'
Stack trace : ['File : /sfs/gpfs/tardis/home/xpz5km/Cahn_Hilliard_Model_HPC/spinodal_decomp/compare_phi_norms.py , Line : 68, Func.Name : compare_phis_norm_at_timepoint, Message : snapshot = read_specific_lines(f"{root}/{fname}", line_list)', 'File : /sfs/gpfs/tardis/home/xpz5km/Cahn_Hilliard_Model_HPC/spinodal_decomp/compare_phi_norms.py , Line : 19, Func.Name : read_specific_lines, Message : digits.append(float(i))']
Timepoint not recorded. dt_out:200025 is bigger than timepoint: 1800
SAV_Python_2000_dt_5.50e-06_Nx_256_neumann_dtout_1075pphi.csv
Exception type : ValueError 
Exception message : could not convert string to float: '(0.3300126790366631+0j)'
Stack trace : ['File : /sfs/gpfs/tardis/home/xpz5km/Cahn_Hilliard_Model_HPC/spinodal_decomp/compare_phi_norms.py , Line : 68, Func.Name : compare_phis_norm_at_timepoint, Message : snapshot = read_specific_lines(f"{root}/{fname}", line_list)', 'File : /sfs/gpfs/tardis/home/xpz5km/Cahn_Hilliard_Model_HPC/spinodal_decomp/compare_phi_norms.py , Line : 19, Func.Name : read_specific_lines, Message : digits.append(float(i))']
SAV_Python_2000_dt_5.50e-06_Nx_64_periodic_dtout_1025pphi.csv
Exception type : ValueError 
Exception message : could not convert string to float: '(-0.9955092140551914+0j)'
Stack trace : ['File : /sfs/gpfs/tardis/home/xpz5km/Cahn_Hilliard_Model_HPC/spinodal_decomp/compare_phi_norms.py , Line : 68, Func.Name : compare_phis_norm_at_timepoint, Message : snapshot = read_specific_lines(f"{root}/{fname}", line_list)', 'File : /sfs/gpfs/tardis/home/xpz5km/Cahn_Hilliard_Model_HPC/spinodal_decomp/compare_phi_norms.py , Line : 19, Func.Name : read_specific_lines, Message : digits.append(float(i))']
SAV_Python_2000_dt_5.50e-06_Nx_512_neumann_dtout_1025pphi.csv
Exception type : ValueError 
Exception message : could not convert string to float: '(-0.5807704024063095+0j)'
Stack trace : ['File : /sfs/gpfs/tardis/home/xpz5km/Cahn_Hilliard_Model_HPC/spinodal_decomp/compare_phi_norms.py , Line : 68, Func.Name : compare_phis_norm_at_timepoint, Message : snapshot = read_specific_lines(f"{root}/{fname}", line_list)', 'File : /sfs/gpfs/tardis/home/xpz5km/Cahn_Hilliard_Model_HPC/spinodal_decomp/compare_phi_norms.py , Line : 19, Func.Name : read_specific_lines, Message : digits.append(float(i))']
SAV_Python_2000_dt_5.50e-06_Nx_256_neumann_dtout_1050pphi.csv
Exception type : ValueError 
Exception message : could not convert string to float: '(0.13136461977744493+0j)'
Stack trace : ['File : /sfs/gpfs/tardis/home/xpz5km/Cahn_Hilliard_Model_HPC/spinodal_decomp/compare_phi_norms.py , Line : 68, Func.Name : compare_phis_norm_at_timepoint, Message : snapshot = read_specific_lines(f"{root}/{fname}", line_list)', 'File : /sfs/gpfs/tardis/home/xpz5km/Cahn_Hilliard_Model_HPC/spinodal_decomp/compare_phi_norms.py , Line : 19, Func.Name : read_specific_lines, Message : digits.append(float(i))']
SAV_Python_2000_dt_5.50e-06_Nx_512_periodic_dtout_1025pphi.csv
Exception type : ValueError 
Exception message : could not convert string to float: '(-0.5908324707424439+0j)'
Stack trace : ['File : /sfs/gpfs/tardis/home/xpz5km/Cahn_Hilliard_Model_HPC/spinodal_decomp/compare_phi_norms.py , Line : 68, Func.Name : compare_phis_norm_at_timepoint, Message : snapshot = read_specific_lines(f"{root}/{fname}", line_list)', 'File : /sfs/gpfs/tardis/home/xpz5km/Cahn_Hilliard_Model_HPC/spinodal_decomp/compare_phi_norms.py , Line : 19, Func.Name : read_specific_lines, Message : digits.append(float(i))']
Timepoint not recorded. dt_out:200050 is bigger than timepoint: 1800
Timepoint not recorded. dt_out:200050 is bigger than timepoint: 1800
SAV_Python_2000_dt_5.50e-06_Nx_512_neumann_dtout_1075pphi.csv
Exception type : ValueError 
Exception message : could not convert string to float: '(0.5596070037049686+0j)'
Stack trace : ['File : /sfs/gpfs/tardis/home/xpz5km/Cahn_Hilliard_Model_HPC/spinodal_decomp/compare_phi_norms.py , Line : 68, Func.Name : compare_phis_norm_at_timepoint, Message : snapshot = read_specific_lines(f"{root}/{fname}", line_list)', 'File : /sfs/gpfs/tardis/home/xpz5km/Cahn_Hilliard_Model_HPC/spinodal_decomp/compare_phi_norms.py , Line : 19, Func.Name : read_specific_lines, Message : digits.append(float(i))']
SAV_Python_2000_dt_5.50e-06_Nx_128_neumann_dtout_1025pphi.csv
Exception type : ValueError 
Exception message : could not convert string to float: '(-0.4117900726961834+0j)'
Stack trace : ['File : /sfs/gpfs/tardis/home/xpz5km/Cahn_Hilliard_Model_HPC/spinodal_decomp/compare_phi_norms.py , Line : 68, Func.Name : compare_phis_norm_at_timepoint, Message : snapshot = read_specific_lines(f"{root}/{fname}", line_list)', 'File : /sfs/gpfs/tardis/home/xpz5km/Cahn_Hilliard_Model_HPC/spinodal_decomp/compare_phi_norms.py , Line : 19, Func.Name : read_specific_lines, Message : digits.append(float(i))']
Timepoint not recorded. dt_out:2050 is bigger than timepoint: 1800
Timepoint not recorded. dt_out:2025 is bigger than timepoint: 1800
Timepoint not recorded. dt_out:200050 is bigger than timepoint: 1800
SAV_Python_2000_dt_5.50e-06_Nx_512_periodic_dtout_1050pphi.csv
Exception type : ValueError 
Exception message : could not convert string to float: '(-0.07330268749398712+0j)'
Stack trace : ['File : /sfs/gpfs/tardis/home/xpz5km/Cahn_Hilliard_Model_HPC/spinodal_decomp/compare_phi_norms.py , Line : 68, Func.Name : compare_phis_norm_at_timepoint, Message : snapshot = read_specific_lines(f"{root}/{fname}", line_list)', 'File : /sfs/gpfs/tardis/home/xpz5km/Cahn_Hilliard_Model_HPC/spinodal_decomp/compare_phi_norms.py , Line : 19, Func.Name : read_specific_lines, Message : digits.append(float(i))']
Timepoint not recorded. dt_out:200075 is bigger than timepoint: 1800
Timepoint not recorded. dt_out:2025 is bigger than timepoint: 1800
Timepoint not recorded. dt_out:2050 is bigger than timepoint: 1800
Timepoint not recorded. dt_out:2075 is bigger than timepoint: 1800
Timepoint not recorded. dt_out:200025 is bigger than timepoint: 1800
Timepoint not recorded. dt_out:200025 is bigger than timepoint: 1800
SAV_Python_2000_dt_5.50e-06_Nx_256_neumann_dtout_1025pphi.csv
Exception type : ValueError 
Exception message : could not convert string to float: '(-0.3345280209636516+0j)'
Stack trace : ['File : /sfs/gpfs/tardis/home/xpz5km/Cahn_Hilliard_Model_HPC/spinodal_decomp/compare_phi_norms.py , Line : 68, Func.Name : compare_phis_norm_at_timepoint, Message : snapshot = read_specific_lines(f"{root}/{fname}", line_list)', 'File : /sfs/gpfs/tardis/home/xpz5km/Cahn_Hilliard_Model_HPC/spinodal_decomp/compare_phi_norms.py , Line : 19, Func.Name : read_specific_lines, Message : digits.append(float(i))']
Timepoint not recorded. dt_out:2050 is bigger than timepoint: 1800
Timepoint not recorded. dt_out:200075 is bigger than timepoint: 1800
SAV_Python_2000_dt_5.50e-06_Nx_512_periodic_dtout_1075pphi.csv
Exception type : ValueError 
Exception message : could not convert string to float: '(0.5271450563863403+0j)'
Stack trace : ['File : /sfs/gpfs/tardis/home/xpz5km/Cahn_Hilliard_Model_HPC/spinodal_decomp/compare_phi_norms.py , Line : 68, Func.Name : compare_phis_norm_at_timepoint, Message : snapshot = read_specific_lines(f"{root}/{fname}", line_list)', 'File : /sfs/gpfs/tardis/home/xpz5km/Cahn_Hilliard_Model_HPC/spinodal_decomp/compare_phi_norms.py , Line : 19, Func.Name : read_specific_lines, Message : digits.append(float(i))']
SAV_Python_2000_dt_5.50e-06_Nx_128_periodic_dtout_1075pphi.csv
Exception type : ValueError 
Exception message : could not convert string to float: '(0.23645759144069028+0j)'
Stack trace : ['File : /sfs/gpfs/tardis/home/xpz5km/Cahn_Hilliard_Model_HPC/spinodal_decomp/compare_phi_norms.py , Line : 68, Func.Name : compare_phis_norm_at_timepoint, Message : snapshot = read_specific_lines(f"{root}/{fname}", line_list)', 'File : /sfs/gpfs/tardis/home/xpz5km/Cahn_Hilliard_Model_HPC/spinodal_decomp/compare_phi_norms.py , Line : 19, Func.Name : read_specific_lines, Message : digits.append(float(i))']
Timepoint not recorded. dt_out:200025 is bigger than timepoint: 1800
Timepoint not recorded. dt_out:2075 is bigger than timepoint: 1800
Timepoint not recorded. dt_out:200050 is bigger than timepoint: 1800
Timepoint not recorded. dt_out:200050 is bigger than timepoint: 1800
Timepoint not recorded. dt_out:2075 is bigger than timepoint: 1800
Timepoint not recorded. dt_out:2025 is bigger than timepoint: 1800
Timepoint not recorded. dt_out:2075 is bigger than timepoint: 1800
SAV_Python_2000_dt_5.50e-06_Nx_128_periodic_dtout_1025pphi.csv
Exception type : ValueError 
Exception message : could not convert string to float: '(-0.5395942706641433+0j)'
Stack trace : ['File : /sfs/gpfs/tardis/home/xpz5km/Cahn_Hilliard_Model_HPC/spinodal_decomp/compare_phi_norms.py , Line : 68, Func.Name : compare_phis_norm_at_timepoint, Message : snapshot = read_specific_lines(f"{root}/{fname}", line_list)', 'File : /sfs/gpfs/tardis/home/xpz5km/Cahn_Hilliard_Model_HPC/spinodal_decomp/compare_phi_norms.py , Line : 19, Func.Name : read_specific_lines, Message : digits.append(float(i))']
SAV_Python_2000_dt_5.50e-06_Nx_64_neumann_dtout_1025pphi.csv
Exception type : ValueError 
Exception message : could not convert string to float: '(-0.5995412918156722+0j)'
Stack trace : ['File : /sfs/gpfs/tardis/home/xpz5km/Cahn_Hilliard_Model_HPC/spinodal_decomp/compare_phi_norms.py , Line : 68, Func.Name : compare_phis_norm_at_timepoint, Message : snapshot = read_specific_lines(f"{root}/{fname}", line_list)', 'File : /sfs/gpfs/tardis/home/xpz5km/Cahn_Hilliard_Model_HPC/spinodal_decomp/compare_phi_norms.py , Line : 19, Func.Name : read_specific_lines, Message : digits.append(float(i))']
Timepoint not recorded. dt_out:200050 is bigger than timepoint: 1800
Timepoint not recorded. dt_out:2075 is bigger than timepoint: 1800
Timepoint not recorded. dt_out:2025 is bigger than timepoint: 1800
SAV_Python_2000_dt_5.50e-06_Nx_256_periodic_dtout_1025pphi.csv
Exception type : ValueError 
Exception message : could not convert string to float: '(-0.34938721662713584+0j)'
Stack trace : ['File : /sfs/gpfs/tardis/home/xpz5km/Cahn_Hilliard_Model_HPC/spinodal_decomp/compare_phi_norms.py , Line : 68, Func.Name : compare_phis_norm_at_timepoint, Message : snapshot = read_specific_lines(f"{root}/{fname}", line_list)', 'File : /sfs/gpfs/tardis/home/xpz5km/Cahn_Hilliard_Model_HPC/spinodal_decomp/compare_phi_norms.py , Line : 19, Func.Name : read_specific_lines, Message : digits.append(float(i))']
Timepoint not recorded. dt_out:200075 is bigger than timepoint: 1800
Timepoint not recorded. dt_out:2050 is bigger than timepoint: 1800
Timepoint not recorded. dt_out:2050 is bigger than timepoint: 1800
SAV_Python_2000_dt_5.50e-06_Nx_256_periodic_dtout_1075pphi.csv
Exception type : ValueError 
Exception message : could not convert string to float: '(0.3201780264822723+0j)'
Stack trace : ['File : /sfs/gpfs/tardis/home/xpz5km/Cahn_Hilliard_Model_HPC/spinodal_decomp/compare_phi_norms.py , Line : 68, Func.Name : compare_phis_norm_at_timepoint, Message : snapshot = read_specific_lines(f"{root}/{fname}", line_list)', 'File : /sfs/gpfs/tardis/home/xpz5km/Cahn_Hilliard_Model_HPC/spinodal_decomp/compare_phi_norms.py , Line : 19, Func.Name : read_specific_lines, Message : digits.append(float(i))']
Timepoint not recorded. dt_out:200050 is bigger than timepoint: 1800
Timepoint not recorded. dt_out:2050 is bigger than timepoint: 1800
Timepoint not recorded. dt_out:200025 is bigger than timepoint: 1800
Timepoint not recorded. dt_out:2075 is bigger than timepoint: 1800
Timepoint not recorded. dt_out:2025 is bigger than timepoint: 1800
SAV_Python_2000_dt_5.50e-06_Nx_512_neumann_dtout_1050pphi.csv
Exception type : ValueError 
Exception message : could not convert string to float: '(-0.107693967675267+0j)'
Stack trace : ['File : /sfs/gpfs/tardis/home/xpz5km/Cahn_Hilliard_Model_HPC/spinodal_decomp/compare_phi_norms.py , Line : 68, Func.Name : compare_phis_norm_at_timepoint, Message : snapshot = read_specific_lines(f"{root}/{fname}", line_list)', 'File : /sfs/gpfs/tardis/home/xpz5km/Cahn_Hilliard_Model_HPC/spinodal_decomp/compare_phi_norms.py , Line : 19, Func.Name : read_specific_lines, Message : digits.append(float(i))']
Timepoint not recorded. dt_out:200075 is bigger than timepoint: 1800
Timepoint not recorded. dt_out:2025 is bigger than timepoint: 1800
SAV_Python_2000_dt_5.50e-06_Nx_256_periodic_dtout_1050pphi.csv
Exception type : ValueError 
Exception message : could not convert string to float: '(0.14127100287473987+0j)'
Stack trace : ['File : /sfs/gpfs/tardis/home/xpz5km/Cahn_Hilliard_Model_HPC/spinodal_decomp/compare_phi_norms.py , Line : 68, Func.Name : compare_phis_norm_at_timepoint, Message : snapshot = read_specific_lines(f"{root}/{fname}", line_list)', 'File : /sfs/gpfs/tardis/home/xpz5km/Cahn_Hilliard_Model_HPC/spinodal_decomp/compare_phi_norms.py , Line : 19, Func.Name : read_specific_lines, Message : digits.append(float(i))']
Timepoint not recorded. dt_out:2075 is bigger than timepoint: 1800
SAV_Python_2000_dt_5.50e-06_Nx_64_neumann_dtout_1075pphi.csv
Exception type : ValueError 
Exception message : could not convert string to float: '(-0.42598858791380595+0j)'
Stack trace : ['File : /sfs/gpfs/tardis/home/xpz5km/Cahn_Hilliard_Model_HPC/spinodal_decomp/compare_phi_norms.py , Line : 68, Func.Name : compare_phis_norm_at_timepoint, Message : snapshot = read_specific_lines(f"{root}/{fname}", line_list)', 'File : /sfs/gpfs/tardis/home/xpz5km/Cahn_Hilliard_Model_HPC/spinodal_decomp/compare_phi_norms.py , Line : 19, Func.Name : read_specific_lines, Message : digits.append(float(i))']
SAV_Python_2000_dt_5.50e-06_Nx_128_neumann_dtout_1075pphi.csv
Exception type : ValueError 
Exception message : could not convert string to float: '(0.3280599760909269+0j)'
Stack trace : ['File : /sfs/gpfs/tardis/home/xpz5km/Cahn_Hilliard_Model_HPC/spinodal_decomp/compare_phi_norms.py , Line : 68, Func.Name : compare_phis_norm_at_timepoint, Message : snapshot = read_specific_lines(f"{root}/{fname}", line_list)', 'File : /sfs/gpfs/tardis/home/xpz5km/Cahn_Hilliard_Model_HPC/spinodal_decomp/compare_phi_norms.py , Line : 19, Func.Name : read_specific_lines, Message : digits.append(float(i))']
SAV_Python_2000_dt_5.50e-06_Nx_64_neumann_dtout_1050pphi.csv
Exception type : ValueError 
Exception message : could not convert string to float: '(-0.9349589062936547+0j)'
Stack trace : ['File : /sfs/gpfs/tardis/home/xpz5km/Cahn_Hilliard_Model_HPC/spinodal_decomp/compare_phi_norms.py , Line : 68, Func.Name : compare_phis_norm_at_timepoint, Message : snapshot = read_specific_lines(f"{root}/{fname}", line_list)', 'File : /sfs/gpfs/tardis/home/xpz5km/Cahn_Hilliard_Model_HPC/spinodal_decomp/compare_phi_norms.py , Line : 19, Func.Name : read_specific_lines, Message : digits.append(float(i))']
1840
Timepoint not recorded. dt_out:200025 is bigger than timepoint: 1840
Timepoint not recorded. dt_out:200025 is bigger than timepoint: 1840
Timepoint not recorded. dt_out:200025 is bigger than timepoint: 1840
Timepoint not recorded. dt_out:200025 is bigger than timepoint: 1840
Timepoint not recorded. dt_out:200050 is bigger than timepoint: 1840
Timepoint not recorded. dt_out:200025 is bigger than timepoint: 1840
Timepoint not recorded. dt_out:200050 is bigger than timepoint: 1840
Timepoint not recorded. dt_out:200075 is bigger than timepoint: 1840
Timepoint not recorded. dt_out:200075 is bigger than timepoint: 1840
Timepoint not recorded. dt_out:200075 is bigger than timepoint: 1840
Timepoint not recorded. dt_out:200025 is bigger than timepoint: 1840
Timepoint not recorded. dt_out:200050 is bigger than timepoint: 1840
Timepoint not recorded. dt_out:200025 is bigger than timepoint: 1840
Timepoint not recorded. dt_out:200050 is bigger than timepoint: 1840
Timepoint not recorded. dt_out:200075 is bigger than timepoint: 1840
Timepoint not recorded. dt_out:200025 is bigger than timepoint: 1840
Timepoint not recorded. dt_out:200075 is bigger than timepoint: 1840
Timepoint not recorded. dt_out:200075 is bigger than timepoint: 1840
Timepoint not recorded. dt_out:200025 is bigger than timepoint: 1840
Timepoint not recorded. dt_out:200075 is bigger than timepoint: 1840
Timepoint not recorded. dt_out:200025 is bigger than timepoint: 1840
Timepoint not recorded. dt_out:200075 is bigger than timepoint: 1840
Timepoint not recorded. dt_out:200025 is bigger than timepoint: 1840
Timepoint not recorded. dt_out:200050 is bigger than timepoint: 1840
Timepoint not recorded. dt_out:200075 is bigger than timepoint: 1840
Timepoint not recorded. dt_out:200050 is bigger than timepoint: 1840
Timepoint not recorded. dt_out:200075 is bigger than timepoint: 1840
Timepoint not recorded. dt_out:200025 is bigger than timepoint: 1840
Timepoint not recorded. dt_out:200050 is bigger than timepoint: 1840
Timepoint not recorded. dt_out:200050 is bigger than timepoint: 1840
Timepoint not recorded. dt_out:200050 is bigger than timepoint: 1840
Timepoint not recorded. dt_out:200050 is bigger than timepoint: 1840
Timepoint not recorded. dt_out:200025 is bigger than timepoint: 1840
Timepoint not recorded. dt_out:200050 is bigger than timepoint: 1840
Timepoint not recorded. dt_out:200050 is bigger than timepoint: 1840
Timepoint not recorded. dt_out:200050 is bigger than timepoint: 1840
Timepoint not recorded. dt_out:200075 is bigger than timepoint: 1840
Timepoint not recorded. dt_out:200025 is bigger than timepoint: 1840
Timepoint not recorded. dt_out:200075 is bigger than timepoint: 1840
Timepoint not recorded. dt_out:200050 is bigger than timepoint: 1840
Timepoint not recorded. dt_out:200075 is bigger than timepoint: 1840
Timepoint not recorded. dt_out:200075 is bigger than timepoint: 1840
Timepoint not recorded. dt_out:200075 is bigger than timepoint: 1840
Timepoint not recorded. dt_out:200025 is bigger than timepoint: 1840
Timepoint not recorded. dt_out:200025 is bigger than timepoint: 1840
Timepoint not recorded. dt_out:200075 is bigger than timepoint: 1840
Timepoint not recorded. dt_out:200050 is bigger than timepoint: 1840
Timepoint not recorded. dt_out:200050 is bigger than timepoint: 1840
Timepoint not recorded. dt_out:2075 is bigger than timepoint: 1840
SAV_Python_2000_dt_5.50e-06_Nx_128_periodic_dtout_1050pphi.csv
Exception type : ValueError 
Exception message : could not convert string to float: '(0.11687035496143615+0j)'
Stack trace : ['File : /sfs/gpfs/tardis/home/xpz5km/Cahn_Hilliard_Model_HPC/spinodal_decomp/compare_phi_norms.py , Line : 68, Func.Name : compare_phis_norm_at_timepoint, Message : snapshot = read_specific_lines(f"{root}/{fname}", line_list)', 'File : /sfs/gpfs/tardis/home/xpz5km/Cahn_Hilliard_Model_HPC/spinodal_decomp/compare_phi_norms.py , Line : 19, Func.Name : read_specific_lines, Message : digits.append(float(i))']
Timepoint not recorded. dt_out:200025 is bigger than timepoint: 1840
SAV_Python_2000_dt_5.50e-06_Nx_128_neumann_dtout_1050pphi.csv
Exception type : ValueError 
Exception message : could not convert string to float: '(0.20485499362053652+0j)'
Stack trace : ['File : /sfs/gpfs/tardis/home/xpz5km/Cahn_Hilliard_Model_HPC/spinodal_decomp/compare_phi_norms.py , Line : 68, Func.Name : compare_phis_norm_at_timepoint, Message : snapshot = read_specific_lines(f"{root}/{fname}", line_list)', 'File : /sfs/gpfs/tardis/home/xpz5km/Cahn_Hilliard_Model_HPC/spinodal_decomp/compare_phi_norms.py , Line : 19, Func.Name : read_specific_lines, Message : digits.append(float(i))']
Timepoint not recorded. dt_out:2025 is bigger than timepoint: 1840
Timepoint not recorded. dt_out:200050 is bigger than timepoint: 1840
Timepoint not recorded. dt_out:2025 is bigger than timepoint: 1840
Timepoint not recorded. dt_out:2050 is bigger than timepoint: 1840
Timepoint not recorded. dt_out:200025 is bigger than timepoint: 1840
Timepoint not recorded. dt_out:200075 is bigger than timepoint: 1840
Timepoint not recorded. dt_out:200025 is bigger than timepoint: 1840
SAV_Python_2000_dt_5.50e-06_Nx_64_periodic_dtout_1050pphi.csv
Exception type : ValueError 
Exception message : could not convert string to float: '(-0.7090198571533309+0j)'
Stack trace : ['File : /sfs/gpfs/tardis/home/xpz5km/Cahn_Hilliard_Model_HPC/spinodal_decomp/compare_phi_norms.py , Line : 68, Func.Name : compare_phis_norm_at_timepoint, Message : snapshot = read_specific_lines(f"{root}/{fname}", line_list)', 'File : /sfs/gpfs/tardis/home/xpz5km/Cahn_Hilliard_Model_HPC/spinodal_decomp/compare_phi_norms.py , Line : 19, Func.Name : read_specific_lines, Message : digits.append(float(i))']
Timepoint not recorded. dt_out:200075 is bigger than timepoint: 1840
Timepoint not recorded. dt_out:200075 is bigger than timepoint: 1840
Timepoint not recorded. dt_out:200075 is bigger than timepoint: 1840
Timepoint not recorded. dt_out:2050 is bigger than timepoint: 1840
SAV_Python_2000_dt_5.50e-06_Nx_64_periodic_dtout_1075pphi.csv
Exception type : ValueError 
Exception message : could not convert string to float: '(-0.8724645533168172+0j)'
Stack trace : ['File : /sfs/gpfs/tardis/home/xpz5km/Cahn_Hilliard_Model_HPC/spinodal_decomp/compare_phi_norms.py , Line : 68, Func.Name : compare_phis_norm_at_timepoint, Message : snapshot = read_specific_lines(f"{root}/{fname}", line_list)', 'File : /sfs/gpfs/tardis/home/xpz5km/Cahn_Hilliard_Model_HPC/spinodal_decomp/compare_phi_norms.py , Line : 19, Func.Name : read_specific_lines, Message : digits.append(float(i))']
Timepoint not recorded. dt_out:200025 is bigger than timepoint: 1840
SAV_Python_2000_dt_5.50e-06_Nx_256_neumann_dtout_1075pphi.csv
Exception type : ValueError 
Exception message : could not convert string to float: '(0.5719673726599859+0j)'
Stack trace : ['File : /sfs/gpfs/tardis/home/xpz5km/Cahn_Hilliard_Model_HPC/spinodal_decomp/compare_phi_norms.py , Line : 68, Func.Name : compare_phis_norm_at_timepoint, Message : snapshot = read_specific_lines(f"{root}/{fname}", line_list)', 'File : /sfs/gpfs/tardis/home/xpz5km/Cahn_Hilliard_Model_HPC/spinodal_decomp/compare_phi_norms.py , Line : 19, Func.Name : read_specific_lines, Message : digits.append(float(i))']
SAV_Python_2000_dt_5.50e-06_Nx_64_periodic_dtout_1025pphi.csv
Exception type : ValueError 
Exception message : could not convert string to float: '(-0.06384402883582661+0j)'
Stack trace : ['File : /sfs/gpfs/tardis/home/xpz5km/Cahn_Hilliard_Model_HPC/spinodal_decomp/compare_phi_norms.py , Line : 68, Func.Name : compare_phis_norm_at_timepoint, Message : snapshot = read_specific_lines(f"{root}/{fname}", line_list)', 'File : /sfs/gpfs/tardis/home/xpz5km/Cahn_Hilliard_Model_HPC/spinodal_decomp/compare_phi_norms.py , Line : 19, Func.Name : read_specific_lines, Message : digits.append(float(i))']
SAV_Python_2000_dt_5.50e-06_Nx_512_neumann_dtout_1025pphi.csv
Exception type : ValueError 
Exception message : could not convert string to float: '(-0.6130502378360905+0j)'
Stack trace : ['File : /sfs/gpfs/tardis/home/xpz5km/Cahn_Hilliard_Model_HPC/spinodal_decomp/compare_phi_norms.py , Line : 68, Func.Name : compare_phis_norm_at_timepoint, Message : snapshot = read_specific_lines(f"{root}/{fname}", line_list)', 'File : /sfs/gpfs/tardis/home/xpz5km/Cahn_Hilliard_Model_HPC/spinodal_decomp/compare_phi_norms.py , Line : 19, Func.Name : read_specific_lines, Message : digits.append(float(i))']
SAV_Python_2000_dt_5.50e-06_Nx_256_neumann_dtout_1050pphi.csv
Exception type : ValueError 
Exception message : could not convert string to float: '(0.09545024292908273+0j)'
Stack trace : ['File : /sfs/gpfs/tardis/home/xpz5km/Cahn_Hilliard_Model_HPC/spinodal_decomp/compare_phi_norms.py , Line : 68, Func.Name : compare_phis_norm_at_timepoint, Message : snapshot = read_specific_lines(f"{root}/{fname}", line_list)', 'File : /sfs/gpfs/tardis/home/xpz5km/Cahn_Hilliard_Model_HPC/spinodal_decomp/compare_phi_norms.py , Line : 19, Func.Name : read_specific_lines, Message : digits.append(float(i))']
SAV_Python_2000_dt_5.50e-06_Nx_512_periodic_dtout_1025pphi.csv
Exception type : ValueError 
Exception message : could not convert string to float: '(-0.43951391854517197+0j)'
Stack trace : ['File : /sfs/gpfs/tardis/home/xpz5km/Cahn_Hilliard_Model_HPC/spinodal_decomp/compare_phi_norms.py , Line : 68, Func.Name : compare_phis_norm_at_timepoint, Message : snapshot = read_specific_lines(f"{root}/{fname}", line_list)', 'File : /sfs/gpfs/tardis/home/xpz5km/Cahn_Hilliard_Model_HPC/spinodal_decomp/compare_phi_norms.py , Line : 19, Func.Name : read_specific_lines, Message : digits.append(float(i))']
Timepoint not recorded. dt_out:200050 is bigger than timepoint: 1840
Timepoint not recorded. dt_out:200050 is bigger than timepoint: 1840
SAV_Python_2000_dt_5.50e-06_Nx_512_neumann_dtout_1075pphi.csv
Exception type : ValueError 
Exception message : could not convert string to float: '(0.4987862998690834+0j)'
Stack trace : ['File : /sfs/gpfs/tardis/home/xpz5km/Cahn_Hilliard_Model_HPC/spinodal_decomp/compare_phi_norms.py , Line : 68, Func.Name : compare_phis_norm_at_timepoint, Message : snapshot = read_specific_lines(f"{root}/{fname}", line_list)', 'File : /sfs/gpfs/tardis/home/xpz5km/Cahn_Hilliard_Model_HPC/spinodal_decomp/compare_phi_norms.py , Line : 19, Func.Name : read_specific_lines, Message : digits.append(float(i))']
SAV_Python_2000_dt_5.50e-06_Nx_128_neumann_dtout_1025pphi.csv
Exception type : ValueError 
Exception message : could not convert string to float: '(-0.4854362460855776+0j)'
Stack trace : ['File : /sfs/gpfs/tardis/home/xpz5km/Cahn_Hilliard_Model_HPC/spinodal_decomp/compare_phi_norms.py , Line : 68, Func.Name : compare_phis_norm_at_timepoint, Message : snapshot = read_specific_lines(f"{root}/{fname}", line_list)', 'File : /sfs/gpfs/tardis/home/xpz5km/Cahn_Hilliard_Model_HPC/spinodal_decomp/compare_phi_norms.py , Line : 19, Func.Name : read_specific_lines, Message : digits.append(float(i))']
Timepoint not recorded. dt_out:2050 is bigger than timepoint: 1840
Timepoint not recorded. dt_out:2025 is bigger than timepoint: 1840
Timepoint not recorded. dt_out:200050 is bigger than timepoint: 1840
SAV_Python_2000_dt_5.50e-06_Nx_512_periodic_dtout_1050pphi.csv
Exception type : ValueError 
Exception message : could not convert string to float: '(-0.02485612492112404+0j)'
Stack trace : ['File : /sfs/gpfs/tardis/home/xpz5km/Cahn_Hilliard_Model_HPC/spinodal_decomp/compare_phi_norms.py , Line : 68, Func.Name : compare_phis_norm_at_timepoint, Message : snapshot = read_specific_lines(f"{root}/{fname}", line_list)', 'File : /sfs/gpfs/tardis/home/xpz5km/Cahn_Hilliard_Model_HPC/spinodal_decomp/compare_phi_norms.py , Line : 19, Func.Name : read_specific_lines, Message : digits.append(float(i))']
Timepoint not recorded. dt_out:200075 is bigger than timepoint: 1840
Timepoint not recorded. dt_out:2025 is bigger than timepoint: 1840
Timepoint not recorded. dt_out:2050 is bigger than timepoint: 1840
Timepoint not recorded. dt_out:2075 is bigger than timepoint: 1840
Timepoint not recorded. dt_out:200025 is bigger than timepoint: 1840
Timepoint not recorded. dt_out:200025 is bigger than timepoint: 1840
SAV_Python_2000_dt_5.50e-06_Nx_256_neumann_dtout_1025pphi.csv
Exception type : ValueError 
Exception message : could not convert string to float: '(-0.2997328308285102+0j)'
Stack trace : ['File : /sfs/gpfs/tardis/home/xpz5km/Cahn_Hilliard_Model_HPC/spinodal_decomp/compare_phi_norms.py , Line : 68, Func.Name : compare_phis_norm_at_timepoint, Message : snapshot = read_specific_lines(f"{root}/{fname}", line_list)', 'File : /sfs/gpfs/tardis/home/xpz5km/Cahn_Hilliard_Model_HPC/spinodal_decomp/compare_phi_norms.py , Line : 19, Func.Name : read_specific_lines, Message : digits.append(float(i))']
Timepoint not recorded. dt_out:2050 is bigger than timepoint: 1840
Timepoint not recorded. dt_out:200075 is bigger than timepoint: 1840
SAV_Python_2000_dt_5.50e-06_Nx_512_periodic_dtout_1075pphi.csv
Exception type : ValueError 
Exception message : could not convert string to float: '(0.5742150857466973+0j)'
Stack trace : ['File : /sfs/gpfs/tardis/home/xpz5km/Cahn_Hilliard_Model_HPC/spinodal_decomp/compare_phi_norms.py , Line : 68, Func.Name : compare_phis_norm_at_timepoint, Message : snapshot = read_specific_lines(f"{root}/{fname}", line_list)', 'File : /sfs/gpfs/tardis/home/xpz5km/Cahn_Hilliard_Model_HPC/spinodal_decomp/compare_phi_norms.py , Line : 19, Func.Name : read_specific_lines, Message : digits.append(float(i))']
SAV_Python_2000_dt_5.50e-06_Nx_128_periodic_dtout_1075pphi.csv
Exception type : ValueError 
Exception message : could not convert string to float: '(0.23826662366327533+0j)'
Stack trace : ['File : /sfs/gpfs/tardis/home/xpz5km/Cahn_Hilliard_Model_HPC/spinodal_decomp/compare_phi_norms.py , Line : 68, Func.Name : compare_phis_norm_at_timepoint, Message : snapshot = read_specific_lines(f"{root}/{fname}", line_list)', 'File : /sfs/gpfs/tardis/home/xpz5km/Cahn_Hilliard_Model_HPC/spinodal_decomp/compare_phi_norms.py , Line : 19, Func.Name : read_specific_lines, Message : digits.append(float(i))']
Timepoint not recorded. dt_out:200025 is bigger than timepoint: 1840
Timepoint not recorded. dt_out:2075 is bigger than timepoint: 1840
Timepoint not recorded. dt_out:200050 is bigger than timepoint: 1840
Timepoint not recorded. dt_out:200050 is bigger than timepoint: 1840
Timepoint not recorded. dt_out:2075 is bigger than timepoint: 1840
Timepoint not recorded. dt_out:2025 is bigger than timepoint: 1840
Timepoint not recorded. dt_out:2075 is bigger than timepoint: 1840
SAV_Python_2000_dt_5.50e-06_Nx_128_periodic_dtout_1025pphi.csv
Exception type : ValueError 
Exception message : could not convert string to float: '(-0.46577885441347655+0j)'
Stack trace : ['File : /sfs/gpfs/tardis/home/xpz5km/Cahn_Hilliard_Model_HPC/spinodal_decomp/compare_phi_norms.py , Line : 68, Func.Name : compare_phis_norm_at_timepoint, Message : snapshot = read_specific_lines(f"{root}/{fname}", line_list)', 'File : /sfs/gpfs/tardis/home/xpz5km/Cahn_Hilliard_Model_HPC/spinodal_decomp/compare_phi_norms.py , Line : 19, Func.Name : read_specific_lines, Message : digits.append(float(i))']
SAV_Python_2000_dt_5.50e-06_Nx_64_neumann_dtout_1025pphi.csv
Exception type : ValueError 
Exception message : could not convert string to float: '(-0.4996485911792258+0j)'
Stack trace : ['File : /sfs/gpfs/tardis/home/xpz5km/Cahn_Hilliard_Model_HPC/spinodal_decomp/compare_phi_norms.py , Line : 68, Func.Name : compare_phis_norm_at_timepoint, Message : snapshot = read_specific_lines(f"{root}/{fname}", line_list)', 'File : /sfs/gpfs/tardis/home/xpz5km/Cahn_Hilliard_Model_HPC/spinodal_decomp/compare_phi_norms.py , Line : 19, Func.Name : read_specific_lines, Message : digits.append(float(i))']
Timepoint not recorded. dt_out:200050 is bigger than timepoint: 1840
Timepoint not recorded. dt_out:2075 is bigger than timepoint: 1840
Timepoint not recorded. dt_out:2025 is bigger than timepoint: 1840
SAV_Python_2000_dt_5.50e-06_Nx_256_periodic_dtout_1025pphi.csv
Exception type : ValueError 
Exception message : could not convert string to float: '(-0.3387462062044061+0j)'
Stack trace : ['File : /sfs/gpfs/tardis/home/xpz5km/Cahn_Hilliard_Model_HPC/spinodal_decomp/compare_phi_norms.py , Line : 68, Func.Name : compare_phis_norm_at_timepoint, Message : snapshot = read_specific_lines(f"{root}/{fname}", line_list)', 'File : /sfs/gpfs/tardis/home/xpz5km/Cahn_Hilliard_Model_HPC/spinodal_decomp/compare_phi_norms.py , Line : 19, Func.Name : read_specific_lines, Message : digits.append(float(i))']
Timepoint not recorded. dt_out:200075 is bigger than timepoint: 1840
Timepoint not recorded. dt_out:2050 is bigger than timepoint: 1840
Timepoint not recorded. dt_out:2050 is bigger than timepoint: 1840
SAV_Python_2000_dt_5.50e-06_Nx_256_periodic_dtout_1075pphi.csv
Exception type : ValueError 
Exception message : could not convert string to float: '(0.6250315863699196+0j)'
Stack trace : ['File : /sfs/gpfs/tardis/home/xpz5km/Cahn_Hilliard_Model_HPC/spinodal_decomp/compare_phi_norms.py , Line : 68, Func.Name : compare_phis_norm_at_timepoint, Message : snapshot = read_specific_lines(f"{root}/{fname}", line_list)', 'File : /sfs/gpfs/tardis/home/xpz5km/Cahn_Hilliard_Model_HPC/spinodal_decomp/compare_phi_norms.py , Line : 19, Func.Name : read_specific_lines, Message : digits.append(float(i))']
Timepoint not recorded. dt_out:200050 is bigger than timepoint: 1840
Timepoint not recorded. dt_out:2050 is bigger than timepoint: 1840
Timepoint not recorded. dt_out:200025 is bigger than timepoint: 1840
Timepoint not recorded. dt_out:2075 is bigger than timepoint: 1840
Timepoint not recorded. dt_out:2025 is bigger than timepoint: 1840
SAV_Python_2000_dt_5.50e-06_Nx_512_neumann_dtout_1050pphi.csv
Exception type : ValueError 
Exception message : could not convert string to float: '(-0.22734509232322378+0j)'
Stack trace : ['File : /sfs/gpfs/tardis/home/xpz5km/Cahn_Hilliard_Model_HPC/spinodal_decomp/compare_phi_norms.py , Line : 68, Func.Name : compare_phis_norm_at_timepoint, Message : snapshot = read_specific_lines(f"{root}/{fname}", line_list)', 'File : /sfs/gpfs/tardis/home/xpz5km/Cahn_Hilliard_Model_HPC/spinodal_decomp/compare_phi_norms.py , Line : 19, Func.Name : read_specific_lines, Message : digits.append(float(i))']
Timepoint not recorded. dt_out:200075 is bigger than timepoint: 1840
Timepoint not recorded. dt_out:2025 is bigger than timepoint: 1840
SAV_Python_2000_dt_5.50e-06_Nx_256_periodic_dtout_1050pphi.csv
Exception type : ValueError 
Exception message : could not convert string to float: '(0.0518656075921998+0j)'
Stack trace : ['File : /sfs/gpfs/tardis/home/xpz5km/Cahn_Hilliard_Model_HPC/spinodal_decomp/compare_phi_norms.py , Line : 68, Func.Name : compare_phis_norm_at_timepoint, Message : snapshot = read_specific_lines(f"{root}/{fname}", line_list)', 'File : /sfs/gpfs/tardis/home/xpz5km/Cahn_Hilliard_Model_HPC/spinodal_decomp/compare_phi_norms.py , Line : 19, Func.Name : read_specific_lines, Message : digits.append(float(i))']
Timepoint not recorded. dt_out:2075 is bigger than timepoint: 1840
SAV_Python_2000_dt_5.50e-06_Nx_64_neumann_dtout_1075pphi.csv
Exception type : ValueError 
Exception message : could not convert string to float: '(-0.9711172308224364+0j)'
Stack trace : ['File : /sfs/gpfs/tardis/home/xpz5km/Cahn_Hilliard_Model_HPC/spinodal_decomp/compare_phi_norms.py , Line : 68, Func.Name : compare_phis_norm_at_timepoint, Message : snapshot = read_specific_lines(f"{root}/{fname}", line_list)', 'File : /sfs/gpfs/tardis/home/xpz5km/Cahn_Hilliard_Model_HPC/spinodal_decomp/compare_phi_norms.py , Line : 19, Func.Name : read_specific_lines, Message : digits.append(float(i))']
SAV_Python_2000_dt_5.50e-06_Nx_128_neumann_dtout_1075pphi.csv
Exception type : ValueError 
Exception message : could not convert string to float: '(0.327877111520236+0j)'
Stack trace : ['File : /sfs/gpfs/tardis/home/xpz5km/Cahn_Hilliard_Model_HPC/spinodal_decomp/compare_phi_norms.py , Line : 68, Func.Name : compare_phis_norm_at_timepoint, Message : snapshot = read_specific_lines(f"{root}/{fname}", line_list)', 'File : /sfs/gpfs/tardis/home/xpz5km/Cahn_Hilliard_Model_HPC/spinodal_decomp/compare_phi_norms.py , Line : 19, Func.Name : read_specific_lines, Message : digits.append(float(i))']
SAV_Python_2000_dt_5.50e-06_Nx_64_neumann_dtout_1050pphi.csv
Exception type : ValueError 
Exception message : could not convert string to float: '(-0.49426061463454074+0j)'
Stack trace : ['File : /sfs/gpfs/tardis/home/xpz5km/Cahn_Hilliard_Model_HPC/spinodal_decomp/compare_phi_norms.py , Line : 68, Func.Name : compare_phis_norm_at_timepoint, Message : snapshot = read_specific_lines(f"{root}/{fname}", line_list)', 'File : /sfs/gpfs/tardis/home/xpz5km/Cahn_Hilliard_Model_HPC/spinodal_decomp/compare_phi_norms.py , Line : 19, Func.Name : read_specific_lines, Message : digits.append(float(i))']
1880
Timepoint not recorded. dt_out:200025 is bigger than timepoint: 1880
Timepoint not recorded. dt_out:200025 is bigger than timepoint: 1880
Timepoint not recorded. dt_out:200025 is bigger than timepoint: 1880
Timepoint not recorded. dt_out:200025 is bigger than timepoint: 1880
Timepoint not recorded. dt_out:200050 is bigger than timepoint: 1880
Timepoint not recorded. dt_out:200025 is bigger than timepoint: 1880
Timepoint not recorded. dt_out:200050 is bigger than timepoint: 1880
Timepoint not recorded. dt_out:200075 is bigger than timepoint: 1880
Timepoint not recorded. dt_out:200075 is bigger than timepoint: 1880
Timepoint not recorded. dt_out:200075 is bigger than timepoint: 1880
Timepoint not recorded. dt_out:200025 is bigger than timepoint: 1880
Timepoint not recorded. dt_out:200050 is bigger than timepoint: 1880
Timepoint not recorded. dt_out:200025 is bigger than timepoint: 1880
Timepoint not recorded. dt_out:200050 is bigger than timepoint: 1880
Timepoint not recorded. dt_out:200075 is bigger than timepoint: 1880
Timepoint not recorded. dt_out:200025 is bigger than timepoint: 1880
Timepoint not recorded. dt_out:200075 is bigger than timepoint: 1880
Timepoint not recorded. dt_out:200075 is bigger than timepoint: 1880
Timepoint not recorded. dt_out:200025 is bigger than timepoint: 1880
Timepoint not recorded. dt_out:200075 is bigger than timepoint: 1880
Timepoint not recorded. dt_out:200025 is bigger than timepoint: 1880
Timepoint not recorded. dt_out:200075 is bigger than timepoint: 1880
Timepoint not recorded. dt_out:200025 is bigger than timepoint: 1880
Timepoint not recorded. dt_out:200050 is bigger than timepoint: 1880
Timepoint not recorded. dt_out:200075 is bigger than timepoint: 1880
Timepoint not recorded. dt_out:200050 is bigger than timepoint: 1880
Timepoint not recorded. dt_out:200075 is bigger than timepoint: 1880
Timepoint not recorded. dt_out:200025 is bigger than timepoint: 1880
Timepoint not recorded. dt_out:200050 is bigger than timepoint: 1880
Timepoint not recorded. dt_out:200050 is bigger than timepoint: 1880
Timepoint not recorded. dt_out:200050 is bigger than timepoint: 1880
Timepoint not recorded. dt_out:200050 is bigger than timepoint: 1880
Timepoint not recorded. dt_out:200025 is bigger than timepoint: 1880
Timepoint not recorded. dt_out:200050 is bigger than timepoint: 1880
Timepoint not recorded. dt_out:200050 is bigger than timepoint: 1880
Timepoint not recorded. dt_out:200050 is bigger than timepoint: 1880
Timepoint not recorded. dt_out:200075 is bigger than timepoint: 1880
Timepoint not recorded. dt_out:200025 is bigger than timepoint: 1880
Timepoint not recorded. dt_out:200075 is bigger than timepoint: 1880
Timepoint not recorded. dt_out:200050 is bigger than timepoint: 1880
Timepoint not recorded. dt_out:200075 is bigger than timepoint: 1880
Timepoint not recorded. dt_out:200075 is bigger than timepoint: 1880
Timepoint not recorded. dt_out:200075 is bigger than timepoint: 1880
Timepoint not recorded. dt_out:200025 is bigger than timepoint: 1880
Timepoint not recorded. dt_out:200025 is bigger than timepoint: 1880
Timepoint not recorded. dt_out:200075 is bigger than timepoint: 1880
Timepoint not recorded. dt_out:200050 is bigger than timepoint: 1880
Timepoint not recorded. dt_out:200050 is bigger than timepoint: 1880
Timepoint not recorded. dt_out:2075 is bigger than timepoint: 1880
SAV_Python_2000_dt_5.50e-06_Nx_128_periodic_dtout_1050pphi.csv
Exception type : ValueError 
Exception message : could not convert string to float: '(-0.2925770438134559+0j)'
Stack trace : ['File : /sfs/gpfs/tardis/home/xpz5km/Cahn_Hilliard_Model_HPC/spinodal_decomp/compare_phi_norms.py , Line : 68, Func.Name : compare_phis_norm_at_timepoint, Message : snapshot = read_specific_lines(f"{root}/{fname}", line_list)', 'File : /sfs/gpfs/tardis/home/xpz5km/Cahn_Hilliard_Model_HPC/spinodal_decomp/compare_phi_norms.py , Line : 19, Func.Name : read_specific_lines, Message : digits.append(float(i))']
Timepoint not recorded. dt_out:200025 is bigger than timepoint: 1880
SAV_Python_2000_dt_5.50e-06_Nx_128_neumann_dtout_1050pphi.csv
Exception type : ValueError 
Exception message : could not convert string to float: '(-0.46212391356884874+0j)'
Stack trace : ['File : /sfs/gpfs/tardis/home/xpz5km/Cahn_Hilliard_Model_HPC/spinodal_decomp/compare_phi_norms.py , Line : 68, Func.Name : compare_phis_norm_at_timepoint, Message : snapshot = read_specific_lines(f"{root}/{fname}", line_list)', 'File : /sfs/gpfs/tardis/home/xpz5km/Cahn_Hilliard_Model_HPC/spinodal_decomp/compare_phi_norms.py , Line : 19, Func.Name : read_specific_lines, Message : digits.append(float(i))']
Timepoint not recorded. dt_out:2025 is bigger than timepoint: 1880
Timepoint not recorded. dt_out:200050 is bigger than timepoint: 1880
Timepoint not recorded. dt_out:2025 is bigger than timepoint: 1880
Timepoint not recorded. dt_out:2050 is bigger than timepoint: 1880
Timepoint not recorded. dt_out:200025 is bigger than timepoint: 1880
Timepoint not recorded. dt_out:200075 is bigger than timepoint: 1880
Timepoint not recorded. dt_out:200025 is bigger than timepoint: 1880
SAV_Python_2000_dt_5.50e-06_Nx_64_periodic_dtout_1050pphi.csv
Exception type : ValueError 
Exception message : could not convert string to float: '(-0.04909913691284053+0j)'
Stack trace : ['File : /sfs/gpfs/tardis/home/xpz5km/Cahn_Hilliard_Model_HPC/spinodal_decomp/compare_phi_norms.py , Line : 68, Func.Name : compare_phis_norm_at_timepoint, Message : snapshot = read_specific_lines(f"{root}/{fname}", line_list)', 'File : /sfs/gpfs/tardis/home/xpz5km/Cahn_Hilliard_Model_HPC/spinodal_decomp/compare_phi_norms.py , Line : 19, Func.Name : read_specific_lines, Message : digits.append(float(i))']
Timepoint not recorded. dt_out:200075 is bigger than timepoint: 1880
Timepoint not recorded. dt_out:200075 is bigger than timepoint: 1880
Timepoint not recorded. dt_out:200075 is bigger than timepoint: 1880
Timepoint not recorded. dt_out:2050 is bigger than timepoint: 1880
SAV_Python_2000_dt_5.50e-06_Nx_64_periodic_dtout_1075pphi.csv
Exception type : ValueError 
Exception message : could not convert string to float: '(0.42962714157530685+0j)'
Stack trace : ['File : /sfs/gpfs/tardis/home/xpz5km/Cahn_Hilliard_Model_HPC/spinodal_decomp/compare_phi_norms.py , Line : 68, Func.Name : compare_phis_norm_at_timepoint, Message : snapshot = read_specific_lines(f"{root}/{fname}", line_list)', 'File : /sfs/gpfs/tardis/home/xpz5km/Cahn_Hilliard_Model_HPC/spinodal_decomp/compare_phi_norms.py , Line : 19, Func.Name : read_specific_lines, Message : digits.append(float(i))']
Timepoint not recorded. dt_out:200025 is bigger than timepoint: 1880
SAV_Python_2000_dt_5.50e-06_Nx_256_neumann_dtout_1075pphi.csv
Exception type : ValueError 
Exception message : could not convert string to float: '(0.3894884706477383+0j)'
Stack trace : ['File : /sfs/gpfs/tardis/home/xpz5km/Cahn_Hilliard_Model_HPC/spinodal_decomp/compare_phi_norms.py , Line : 68, Func.Name : compare_phis_norm_at_timepoint, Message : snapshot = read_specific_lines(f"{root}/{fname}", line_list)', 'File : /sfs/gpfs/tardis/home/xpz5km/Cahn_Hilliard_Model_HPC/spinodal_decomp/compare_phi_norms.py , Line : 19, Func.Name : read_specific_lines, Message : digits.append(float(i))']
SAV_Python_2000_dt_5.50e-06_Nx_64_periodic_dtout_1025pphi.csv
Exception type : ValueError 
Exception message : could not convert string to float: '(-0.05846164489163037+0j)'
Stack trace : ['File : /sfs/gpfs/tardis/home/xpz5km/Cahn_Hilliard_Model_HPC/spinodal_decomp/compare_phi_norms.py , Line : 68, Func.Name : compare_phis_norm_at_timepoint, Message : snapshot = read_specific_lines(f"{root}/{fname}", line_list)', 'File : /sfs/gpfs/tardis/home/xpz5km/Cahn_Hilliard_Model_HPC/spinodal_decomp/compare_phi_norms.py , Line : 19, Func.Name : read_specific_lines, Message : digits.append(float(i))']
SAV_Python_2000_dt_5.50e-06_Nx_512_neumann_dtout_1025pphi.csv
Exception type : ValueError 
Exception message : could not convert string to float: '(-0.4685683768590348+0j)'
Stack trace : ['File : /sfs/gpfs/tardis/home/xpz5km/Cahn_Hilliard_Model_HPC/spinodal_decomp/compare_phi_norms.py , Line : 68, Func.Name : compare_phis_norm_at_timepoint, Message : snapshot = read_specific_lines(f"{root}/{fname}", line_list)', 'File : /sfs/gpfs/tardis/home/xpz5km/Cahn_Hilliard_Model_HPC/spinodal_decomp/compare_phi_norms.py , Line : 19, Func.Name : read_specific_lines, Message : digits.append(float(i))']
SAV_Python_2000_dt_5.50e-06_Nx_256_neumann_dtout_1050pphi.csv
Exception type : ValueError 
Exception message : could not convert string to float: '(0.2519584193252537+0j)'
Stack trace : ['File : /sfs/gpfs/tardis/home/xpz5km/Cahn_Hilliard_Model_HPC/spinodal_decomp/compare_phi_norms.py , Line : 68, Func.Name : compare_phis_norm_at_timepoint, Message : snapshot = read_specific_lines(f"{root}/{fname}", line_list)', 'File : /sfs/gpfs/tardis/home/xpz5km/Cahn_Hilliard_Model_HPC/spinodal_decomp/compare_phi_norms.py , Line : 19, Func.Name : read_specific_lines, Message : digits.append(float(i))']
SAV_Python_2000_dt_5.50e-06_Nx_512_periodic_dtout_1025pphi.csv
Exception type : ValueError 
Exception message : could not convert string to float: '(-0.4629164861639654+0j)'
Stack trace : ['File : /sfs/gpfs/tardis/home/xpz5km/Cahn_Hilliard_Model_HPC/spinodal_decomp/compare_phi_norms.py , Line : 68, Func.Name : compare_phis_norm_at_timepoint, Message : snapshot = read_specific_lines(f"{root}/{fname}", line_list)', 'File : /sfs/gpfs/tardis/home/xpz5km/Cahn_Hilliard_Model_HPC/spinodal_decomp/compare_phi_norms.py , Line : 19, Func.Name : read_specific_lines, Message : digits.append(float(i))']
Timepoint not recorded. dt_out:200050 is bigger than timepoint: 1880
Timepoint not recorded. dt_out:200050 is bigger than timepoint: 1880
SAV_Python_2000_dt_5.50e-06_Nx_512_neumann_dtout_1075pphi.csv
Exception type : ValueError 
Exception message : could not convert string to float: '(0.6101315586897433+0j)'
Stack trace : ['File : /sfs/gpfs/tardis/home/xpz5km/Cahn_Hilliard_Model_HPC/spinodal_decomp/compare_phi_norms.py , Line : 68, Func.Name : compare_phis_norm_at_timepoint, Message : snapshot = read_specific_lines(f"{root}/{fname}", line_list)', 'File : /sfs/gpfs/tardis/home/xpz5km/Cahn_Hilliard_Model_HPC/spinodal_decomp/compare_phi_norms.py , Line : 19, Func.Name : read_specific_lines, Message : digits.append(float(i))']
SAV_Python_2000_dt_5.50e-06_Nx_128_neumann_dtout_1025pphi.csv
Exception type : ValueError 
Exception message : could not convert string to float: '(-0.6877668647049604+0j)'
Stack trace : ['File : /sfs/gpfs/tardis/home/xpz5km/Cahn_Hilliard_Model_HPC/spinodal_decomp/compare_phi_norms.py , Line : 68, Func.Name : compare_phis_norm_at_timepoint, Message : snapshot = read_specific_lines(f"{root}/{fname}", line_list)', 'File : /sfs/gpfs/tardis/home/xpz5km/Cahn_Hilliard_Model_HPC/spinodal_decomp/compare_phi_norms.py , Line : 19, Func.Name : read_specific_lines, Message : digits.append(float(i))']
Timepoint not recorded. dt_out:2050 is bigger than timepoint: 1880
Timepoint not recorded. dt_out:2025 is bigger than timepoint: 1880
Timepoint not recorded. dt_out:200050 is bigger than timepoint: 1880
SAV_Python_2000_dt_5.50e-06_Nx_512_periodic_dtout_1050pphi.csv
Exception type : ValueError 
Exception message : could not convert string to float: '(-0.11431332448670138+0j)'
Stack trace : ['File : /sfs/gpfs/tardis/home/xpz5km/Cahn_Hilliard_Model_HPC/spinodal_decomp/compare_phi_norms.py , Line : 68, Func.Name : compare_phis_norm_at_timepoint, Message : snapshot = read_specific_lines(f"{root}/{fname}", line_list)', 'File : /sfs/gpfs/tardis/home/xpz5km/Cahn_Hilliard_Model_HPC/spinodal_decomp/compare_phi_norms.py , Line : 19, Func.Name : read_specific_lines, Message : digits.append(float(i))']
Timepoint not recorded. dt_out:200075 is bigger than timepoint: 1880
Timepoint not recorded. dt_out:2025 is bigger than timepoint: 1880
Timepoint not recorded. dt_out:2050 is bigger than timepoint: 1880
Timepoint not recorded. dt_out:2075 is bigger than timepoint: 1880
Timepoint not recorded. dt_out:200025 is bigger than timepoint: 1880
Timepoint not recorded. dt_out:200025 is bigger than timepoint: 1880
SAV_Python_2000_dt_5.50e-06_Nx_256_neumann_dtout_1025pphi.csv
Exception type : ValueError 
Exception message : could not convert string to float: '(-0.26011125182020545+0j)'
Stack trace : ['File : /sfs/gpfs/tardis/home/xpz5km/Cahn_Hilliard_Model_HPC/spinodal_decomp/compare_phi_norms.py , Line : 68, Func.Name : compare_phis_norm_at_timepoint, Message : snapshot = read_specific_lines(f"{root}/{fname}", line_list)', 'File : /sfs/gpfs/tardis/home/xpz5km/Cahn_Hilliard_Model_HPC/spinodal_decomp/compare_phi_norms.py , Line : 19, Func.Name : read_specific_lines, Message : digits.append(float(i))']
Timepoint not recorded. dt_out:2050 is bigger than timepoint: 1880
Timepoint not recorded. dt_out:200075 is bigger than timepoint: 1880
SAV_Python_2000_dt_5.50e-06_Nx_512_periodic_dtout_1075pphi.csv
Exception type : ValueError 
Exception message : could not convert string to float: '(0.5205026076999303+0j)'
Stack trace : ['File : /sfs/gpfs/tardis/home/xpz5km/Cahn_Hilliard_Model_HPC/spinodal_decomp/compare_phi_norms.py , Line : 68, Func.Name : compare_phis_norm_at_timepoint, Message : snapshot = read_specific_lines(f"{root}/{fname}", line_list)', 'File : /sfs/gpfs/tardis/home/xpz5km/Cahn_Hilliard_Model_HPC/spinodal_decomp/compare_phi_norms.py , Line : 19, Func.Name : read_specific_lines, Message : digits.append(float(i))']
SAV_Python_2000_dt_5.50e-06_Nx_128_periodic_dtout_1075pphi.csv
Exception type : ValueError 
Exception message : could not convert string to float: '(0.4595749063988357+0j)'
Stack trace : ['File : /sfs/gpfs/tardis/home/xpz5km/Cahn_Hilliard_Model_HPC/spinodal_decomp/compare_phi_norms.py , Line : 68, Func.Name : compare_phis_norm_at_timepoint, Message : snapshot = read_specific_lines(f"{root}/{fname}", line_list)', 'File : /sfs/gpfs/tardis/home/xpz5km/Cahn_Hilliard_Model_HPC/spinodal_decomp/compare_phi_norms.py , Line : 19, Func.Name : read_specific_lines, Message : digits.append(float(i))']
Timepoint not recorded. dt_out:200025 is bigger than timepoint: 1880
Timepoint not recorded. dt_out:2075 is bigger than timepoint: 1880
Timepoint not recorded. dt_out:200050 is bigger than timepoint: 1880
Timepoint not recorded. dt_out:200050 is bigger than timepoint: 1880
Timepoint not recorded. dt_out:2075 is bigger than timepoint: 1880
Timepoint not recorded. dt_out:2025 is bigger than timepoint: 1880
Timepoint not recorded. dt_out:2075 is bigger than timepoint: 1880
SAV_Python_2000_dt_5.50e-06_Nx_128_periodic_dtout_1025pphi.csv
Exception type : ValueError 
Exception message : could not convert string to float: '(-0.6878518041207007+0j)'
Stack trace : ['File : /sfs/gpfs/tardis/home/xpz5km/Cahn_Hilliard_Model_HPC/spinodal_decomp/compare_phi_norms.py , Line : 68, Func.Name : compare_phis_norm_at_timepoint, Message : snapshot = read_specific_lines(f"{root}/{fname}", line_list)', 'File : /sfs/gpfs/tardis/home/xpz5km/Cahn_Hilliard_Model_HPC/spinodal_decomp/compare_phi_norms.py , Line : 19, Func.Name : read_specific_lines, Message : digits.append(float(i))']
SAV_Python_2000_dt_5.50e-06_Nx_64_neumann_dtout_1025pphi.csv
Exception type : ValueError 
Exception message : could not convert string to float: '(-0.5301797615795678+0j)'
Stack trace : ['File : /sfs/gpfs/tardis/home/xpz5km/Cahn_Hilliard_Model_HPC/spinodal_decomp/compare_phi_norms.py , Line : 68, Func.Name : compare_phis_norm_at_timepoint, Message : snapshot = read_specific_lines(f"{root}/{fname}", line_list)', 'File : /sfs/gpfs/tardis/home/xpz5km/Cahn_Hilliard_Model_HPC/spinodal_decomp/compare_phi_norms.py , Line : 19, Func.Name : read_specific_lines, Message : digits.append(float(i))']
Timepoint not recorded. dt_out:200050 is bigger than timepoint: 1880
Timepoint not recorded. dt_out:2075 is bigger than timepoint: 1880
Timepoint not recorded. dt_out:2025 is bigger than timepoint: 1880
SAV_Python_2000_dt_5.50e-06_Nx_256_periodic_dtout_1025pphi.csv
Exception type : ValueError 
Exception message : could not convert string to float: '(-0.37719513238844304+0j)'
Stack trace : ['File : /sfs/gpfs/tardis/home/xpz5km/Cahn_Hilliard_Model_HPC/spinodal_decomp/compare_phi_norms.py , Line : 68, Func.Name : compare_phis_norm_at_timepoint, Message : snapshot = read_specific_lines(f"{root}/{fname}", line_list)', 'File : /sfs/gpfs/tardis/home/xpz5km/Cahn_Hilliard_Model_HPC/spinodal_decomp/compare_phi_norms.py , Line : 19, Func.Name : read_specific_lines, Message : digits.append(float(i))']
Timepoint not recorded. dt_out:200075 is bigger than timepoint: 1880
Timepoint not recorded. dt_out:2050 is bigger than timepoint: 1880
Timepoint not recorded. dt_out:2050 is bigger than timepoint: 1880
SAV_Python_2000_dt_5.50e-06_Nx_256_periodic_dtout_1075pphi.csv
Exception type : ValueError 
Exception message : could not convert string to float: '(0.40950251175843894+0j)'
Stack trace : ['File : /sfs/gpfs/tardis/home/xpz5km/Cahn_Hilliard_Model_HPC/spinodal_decomp/compare_phi_norms.py , Line : 68, Func.Name : compare_phis_norm_at_timepoint, Message : snapshot = read_specific_lines(f"{root}/{fname}", line_list)', 'File : /sfs/gpfs/tardis/home/xpz5km/Cahn_Hilliard_Model_HPC/spinodal_decomp/compare_phi_norms.py , Line : 19, Func.Name : read_specific_lines, Message : digits.append(float(i))']
Timepoint not recorded. dt_out:200050 is bigger than timepoint: 1880
Timepoint not recorded. dt_out:2050 is bigger than timepoint: 1880
Timepoint not recorded. dt_out:200025 is bigger than timepoint: 1880
Timepoint not recorded. dt_out:2075 is bigger than timepoint: 1880
Timepoint not recorded. dt_out:2025 is bigger than timepoint: 1880
SAV_Python_2000_dt_5.50e-06_Nx_512_neumann_dtout_1050pphi.csv
Exception type : ValueError 
Exception message : could not convert string to float: '(-0.28108975251262597+0j)'
Stack trace : ['File : /sfs/gpfs/tardis/home/xpz5km/Cahn_Hilliard_Model_HPC/spinodal_decomp/compare_phi_norms.py , Line : 68, Func.Name : compare_phis_norm_at_timepoint, Message : snapshot = read_specific_lines(f"{root}/{fname}", line_list)', 'File : /sfs/gpfs/tardis/home/xpz5km/Cahn_Hilliard_Model_HPC/spinodal_decomp/compare_phi_norms.py , Line : 19, Func.Name : read_specific_lines, Message : digits.append(float(i))']
Timepoint not recorded. dt_out:200075 is bigger than timepoint: 1880
Timepoint not recorded. dt_out:2025 is bigger than timepoint: 1880
SAV_Python_2000_dt_5.50e-06_Nx_256_periodic_dtout_1050pphi.csv
Exception type : ValueError 
Exception message : could not convert string to float: '(0.22135664790185464+0j)'
Stack trace : ['File : /sfs/gpfs/tardis/home/xpz5km/Cahn_Hilliard_Model_HPC/spinodal_decomp/compare_phi_norms.py , Line : 68, Func.Name : compare_phis_norm_at_timepoint, Message : snapshot = read_specific_lines(f"{root}/{fname}", line_list)', 'File : /sfs/gpfs/tardis/home/xpz5km/Cahn_Hilliard_Model_HPC/spinodal_decomp/compare_phi_norms.py , Line : 19, Func.Name : read_specific_lines, Message : digits.append(float(i))']
Timepoint not recorded. dt_out:2075 is bigger than timepoint: 1880
SAV_Python_2000_dt_5.50e-06_Nx_64_neumann_dtout_1075pphi.csv
Exception type : ValueError 
Exception message : could not convert string to float: '(-0.00682382489313408+0j)'
Stack trace : ['File : /sfs/gpfs/tardis/home/xpz5km/Cahn_Hilliard_Model_HPC/spinodal_decomp/compare_phi_norms.py , Line : 68, Func.Name : compare_phis_norm_at_timepoint, Message : snapshot = read_specific_lines(f"{root}/{fname}", line_list)', 'File : /sfs/gpfs/tardis/home/xpz5km/Cahn_Hilliard_Model_HPC/spinodal_decomp/compare_phi_norms.py , Line : 19, Func.Name : read_specific_lines, Message : digits.append(float(i))']
SAV_Python_2000_dt_5.50e-06_Nx_128_neumann_dtout_1075pphi.csv
Exception type : ValueError 
Exception message : could not convert string to float: '(0.37793327139394356+0j)'
Stack trace : ['File : /sfs/gpfs/tardis/home/xpz5km/Cahn_Hilliard_Model_HPC/spinodal_decomp/compare_phi_norms.py , Line : 68, Func.Name : compare_phis_norm_at_timepoint, Message : snapshot = read_specific_lines(f"{root}/{fname}", line_list)', 'File : /sfs/gpfs/tardis/home/xpz5km/Cahn_Hilliard_Model_HPC/spinodal_decomp/compare_phi_norms.py , Line : 19, Func.Name : read_specific_lines, Message : digits.append(float(i))']
SAV_Python_2000_dt_5.50e-06_Nx_64_neumann_dtout_1050pphi.csv
Exception type : ValueError 
Exception message : could not convert string to float: '(-0.3851942597934432+0j)'
Stack trace : ['File : /sfs/gpfs/tardis/home/xpz5km/Cahn_Hilliard_Model_HPC/spinodal_decomp/compare_phi_norms.py , Line : 68, Func.Name : compare_phis_norm_at_timepoint, Message : snapshot = read_specific_lines(f"{root}/{fname}", line_list)', 'File : /sfs/gpfs/tardis/home/xpz5km/Cahn_Hilliard_Model_HPC/spinodal_decomp/compare_phi_norms.py , Line : 19, Func.Name : read_specific_lines, Message : digits.append(float(i))']
1920
Timepoint not recorded. dt_out:200025 is bigger than timepoint: 1920
Timepoint not recorded. dt_out:200025 is bigger than timepoint: 1920
Timepoint not recorded. dt_out:200025 is bigger than timepoint: 1920
Timepoint not recorded. dt_out:200025 is bigger than timepoint: 1920
Timepoint not recorded. dt_out:200050 is bigger than timepoint: 1920
Timepoint not recorded. dt_out:200025 is bigger than timepoint: 1920
Timepoint not recorded. dt_out:200050 is bigger than timepoint: 1920
Timepoint not recorded. dt_out:200075 is bigger than timepoint: 1920
Timepoint not recorded. dt_out:200075 is bigger than timepoint: 1920
Timepoint not recorded. dt_out:200075 is bigger than timepoint: 1920
Timepoint not recorded. dt_out:200025 is bigger than timepoint: 1920
Timepoint not recorded. dt_out:200050 is bigger than timepoint: 1920
Timepoint not recorded. dt_out:200025 is bigger than timepoint: 1920
Timepoint not recorded. dt_out:200050 is bigger than timepoint: 1920
Timepoint not recorded. dt_out:200075 is bigger than timepoint: 1920
Timepoint not recorded. dt_out:200025 is bigger than timepoint: 1920
Timepoint not recorded. dt_out:200075 is bigger than timepoint: 1920
Timepoint not recorded. dt_out:200075 is bigger than timepoint: 1920
Timepoint not recorded. dt_out:200025 is bigger than timepoint: 1920
Timepoint not recorded. dt_out:200075 is bigger than timepoint: 1920
Timepoint not recorded. dt_out:200025 is bigger than timepoint: 1920
Timepoint not recorded. dt_out:200075 is bigger than timepoint: 1920
Timepoint not recorded. dt_out:200025 is bigger than timepoint: 1920
Timepoint not recorded. dt_out:200050 is bigger than timepoint: 1920
Timepoint not recorded. dt_out:200075 is bigger than timepoint: 1920
Timepoint not recorded. dt_out:200050 is bigger than timepoint: 1920
Timepoint not recorded. dt_out:200075 is bigger than timepoint: 1920
Timepoint not recorded. dt_out:200025 is bigger than timepoint: 1920
Timepoint not recorded. dt_out:200050 is bigger than timepoint: 1920
Timepoint not recorded. dt_out:200050 is bigger than timepoint: 1920
Timepoint not recorded. dt_out:200050 is bigger than timepoint: 1920
Timepoint not recorded. dt_out:200050 is bigger than timepoint: 1920
Timepoint not recorded. dt_out:200025 is bigger than timepoint: 1920
Timepoint not recorded. dt_out:200050 is bigger than timepoint: 1920
Timepoint not recorded. dt_out:200050 is bigger than timepoint: 1920
Timepoint not recorded. dt_out:200050 is bigger than timepoint: 1920
Timepoint not recorded. dt_out:200075 is bigger than timepoint: 1920
Timepoint not recorded. dt_out:200025 is bigger than timepoint: 1920
Timepoint not recorded. dt_out:200075 is bigger than timepoint: 1920
Timepoint not recorded. dt_out:200050 is bigger than timepoint: 1920
Timepoint not recorded. dt_out:200075 is bigger than timepoint: 1920
Timepoint not recorded. dt_out:200075 is bigger than timepoint: 1920
Timepoint not recorded. dt_out:200075 is bigger than timepoint: 1920
Timepoint not recorded. dt_out:200025 is bigger than timepoint: 1920
Timepoint not recorded. dt_out:200025 is bigger than timepoint: 1920
Timepoint not recorded. dt_out:200075 is bigger than timepoint: 1920
Timepoint not recorded. dt_out:200050 is bigger than timepoint: 1920
Timepoint not recorded. dt_out:200050 is bigger than timepoint: 1920
Timepoint not recorded. dt_out:2075 is bigger than timepoint: 1920
SAV_Python_2000_dt_5.50e-06_Nx_128_periodic_dtout_1050pphi.csv
Exception type : ValueError 
Exception message : could not convert string to float: '(-0.12557711568468785+0j)'
Stack trace : ['File : /sfs/gpfs/tardis/home/xpz5km/Cahn_Hilliard_Model_HPC/spinodal_decomp/compare_phi_norms.py , Line : 68, Func.Name : compare_phis_norm_at_timepoint, Message : snapshot = read_specific_lines(f"{root}/{fname}", line_list)', 'File : /sfs/gpfs/tardis/home/xpz5km/Cahn_Hilliard_Model_HPC/spinodal_decomp/compare_phi_norms.py , Line : 19, Func.Name : read_specific_lines, Message : digits.append(float(i))']
Timepoint not recorded. dt_out:200025 is bigger than timepoint: 1920
SAV_Python_2000_dt_5.50e-06_Nx_128_neumann_dtout_1050pphi.csv
Exception type : ValueError 
Exception message : could not convert string to float: '(-0.550437475299818+0j)'
Stack trace : ['File : /sfs/gpfs/tardis/home/xpz5km/Cahn_Hilliard_Model_HPC/spinodal_decomp/compare_phi_norms.py , Line : 68, Func.Name : compare_phis_norm_at_timepoint, Message : snapshot = read_specific_lines(f"{root}/{fname}", line_list)', 'File : /sfs/gpfs/tardis/home/xpz5km/Cahn_Hilliard_Model_HPC/spinodal_decomp/compare_phi_norms.py , Line : 19, Func.Name : read_specific_lines, Message : digits.append(float(i))']
Timepoint not recorded. dt_out:2025 is bigger than timepoint: 1920
Timepoint not recorded. dt_out:200050 is bigger than timepoint: 1920
Timepoint not recorded. dt_out:2025 is bigger than timepoint: 1920
Timepoint not recorded. dt_out:2050 is bigger than timepoint: 1920
Timepoint not recorded. dt_out:200025 is bigger than timepoint: 1920
Timepoint not recorded. dt_out:200075 is bigger than timepoint: 1920
Timepoint not recorded. dt_out:200025 is bigger than timepoint: 1920
SAV_Python_2000_dt_5.50e-06_Nx_64_periodic_dtout_1050pphi.csv
Exception type : ValueError 
Exception message : could not convert string to float: '(0.34519123521018397+0j)'
Stack trace : ['File : /sfs/gpfs/tardis/home/xpz5km/Cahn_Hilliard_Model_HPC/spinodal_decomp/compare_phi_norms.py , Line : 68, Func.Name : compare_phis_norm_at_timepoint, Message : snapshot = read_specific_lines(f"{root}/{fname}", line_list)', 'File : /sfs/gpfs/tardis/home/xpz5km/Cahn_Hilliard_Model_HPC/spinodal_decomp/compare_phi_norms.py , Line : 19, Func.Name : read_specific_lines, Message : digits.append(float(i))']
Timepoint not recorded. dt_out:200075 is bigger than timepoint: 1920
Timepoint not recorded. dt_out:200075 is bigger than timepoint: 1920
Timepoint not recorded. dt_out:200075 is bigger than timepoint: 1920
Timepoint not recorded. dt_out:2050 is bigger than timepoint: 1920
SAV_Python_2000_dt_5.50e-06_Nx_64_periodic_dtout_1075pphi.csv
Exception type : ValueError 
Exception message : could not convert string to float: '(0.7397953990486237+0j)'
Stack trace : ['File : /sfs/gpfs/tardis/home/xpz5km/Cahn_Hilliard_Model_HPC/spinodal_decomp/compare_phi_norms.py , Line : 68, Func.Name : compare_phis_norm_at_timepoint, Message : snapshot = read_specific_lines(f"{root}/{fname}", line_list)', 'File : /sfs/gpfs/tardis/home/xpz5km/Cahn_Hilliard_Model_HPC/spinodal_decomp/compare_phi_norms.py , Line : 19, Func.Name : read_specific_lines, Message : digits.append(float(i))']
Timepoint not recorded. dt_out:200025 is bigger than timepoint: 1920
SAV_Python_2000_dt_5.50e-06_Nx_256_neumann_dtout_1075pphi.csv
Exception type : ValueError 
Exception message : could not convert string to float: '(0.4969558139807719+0j)'
Stack trace : ['File : /sfs/gpfs/tardis/home/xpz5km/Cahn_Hilliard_Model_HPC/spinodal_decomp/compare_phi_norms.py , Line : 68, Func.Name : compare_phis_norm_at_timepoint, Message : snapshot = read_specific_lines(f"{root}/{fname}", line_list)', 'File : /sfs/gpfs/tardis/home/xpz5km/Cahn_Hilliard_Model_HPC/spinodal_decomp/compare_phi_norms.py , Line : 19, Func.Name : read_specific_lines, Message : digits.append(float(i))']
SAV_Python_2000_dt_5.50e-06_Nx_64_periodic_dtout_1025pphi.csv
Exception type : ValueError 
Exception message : could not convert string to float: '(-0.17464152974949837+0j)'
Stack trace : ['File : /sfs/gpfs/tardis/home/xpz5km/Cahn_Hilliard_Model_HPC/spinodal_decomp/compare_phi_norms.py , Line : 68, Func.Name : compare_phis_norm_at_timepoint, Message : snapshot = read_specific_lines(f"{root}/{fname}", line_list)', 'File : /sfs/gpfs/tardis/home/xpz5km/Cahn_Hilliard_Model_HPC/spinodal_decomp/compare_phi_norms.py , Line : 19, Func.Name : read_specific_lines, Message : digits.append(float(i))']
SAV_Python_2000_dt_5.50e-06_Nx_512_neumann_dtout_1025pphi.csv
Exception type : ValueError 
Exception message : could not convert string to float: '(-0.6019762068698242+0j)'
Stack trace : ['File : /sfs/gpfs/tardis/home/xpz5km/Cahn_Hilliard_Model_HPC/spinodal_decomp/compare_phi_norms.py , Line : 68, Func.Name : compare_phis_norm_at_timepoint, Message : snapshot = read_specific_lines(f"{root}/{fname}", line_list)', 'File : /sfs/gpfs/tardis/home/xpz5km/Cahn_Hilliard_Model_HPC/spinodal_decomp/compare_phi_norms.py , Line : 19, Func.Name : read_specific_lines, Message : digits.append(float(i))']
SAV_Python_2000_dt_5.50e-06_Nx_256_neumann_dtout_1050pphi.csv
Exception type : ValueError 
Exception message : could not convert string to float: '(0.15913791850052159+0j)'
Stack trace : ['File : /sfs/gpfs/tardis/home/xpz5km/Cahn_Hilliard_Model_HPC/spinodal_decomp/compare_phi_norms.py , Line : 68, Func.Name : compare_phis_norm_at_timepoint, Message : snapshot = read_specific_lines(f"{root}/{fname}", line_list)', 'File : /sfs/gpfs/tardis/home/xpz5km/Cahn_Hilliard_Model_HPC/spinodal_decomp/compare_phi_norms.py , Line : 19, Func.Name : read_specific_lines, Message : digits.append(float(i))']
SAV_Python_2000_dt_5.50e-06_Nx_512_periodic_dtout_1025pphi.csv
Exception type : ValueError 
Exception message : could not convert string to float: '(-0.5855025195831358+0j)'
Stack trace : ['File : /sfs/gpfs/tardis/home/xpz5km/Cahn_Hilliard_Model_HPC/spinodal_decomp/compare_phi_norms.py , Line : 68, Func.Name : compare_phis_norm_at_timepoint, Message : snapshot = read_specific_lines(f"{root}/{fname}", line_list)', 'File : /sfs/gpfs/tardis/home/xpz5km/Cahn_Hilliard_Model_HPC/spinodal_decomp/compare_phi_norms.py , Line : 19, Func.Name : read_specific_lines, Message : digits.append(float(i))']
Timepoint not recorded. dt_out:200050 is bigger than timepoint: 1920
Timepoint not recorded. dt_out:200050 is bigger than timepoint: 1920
SAV_Python_2000_dt_5.50e-06_Nx_512_neumann_dtout_1075pphi.csv
Exception type : ValueError 
Exception message : could not convert string to float: '(0.5202452287850353+0j)'
Stack trace : ['File : /sfs/gpfs/tardis/home/xpz5km/Cahn_Hilliard_Model_HPC/spinodal_decomp/compare_phi_norms.py , Line : 68, Func.Name : compare_phis_norm_at_timepoint, Message : snapshot = read_specific_lines(f"{root}/{fname}", line_list)', 'File : /sfs/gpfs/tardis/home/xpz5km/Cahn_Hilliard_Model_HPC/spinodal_decomp/compare_phi_norms.py , Line : 19, Func.Name : read_specific_lines, Message : digits.append(float(i))']
SAV_Python_2000_dt_5.50e-06_Nx_128_neumann_dtout_1025pphi.csv
Exception type : ValueError 
Exception message : could not convert string to float: '(-0.6331880937984946+0j)'
Stack trace : ['File : /sfs/gpfs/tardis/home/xpz5km/Cahn_Hilliard_Model_HPC/spinodal_decomp/compare_phi_norms.py , Line : 68, Func.Name : compare_phis_norm_at_timepoint, Message : snapshot = read_specific_lines(f"{root}/{fname}", line_list)', 'File : /sfs/gpfs/tardis/home/xpz5km/Cahn_Hilliard_Model_HPC/spinodal_decomp/compare_phi_norms.py , Line : 19, Func.Name : read_specific_lines, Message : digits.append(float(i))']
Timepoint not recorded. dt_out:2050 is bigger than timepoint: 1920
Timepoint not recorded. dt_out:2025 is bigger than timepoint: 1920
Timepoint not recorded. dt_out:200050 is bigger than timepoint: 1920
SAV_Python_2000_dt_5.50e-06_Nx_512_periodic_dtout_1050pphi.csv
Exception type : ValueError 
Exception message : could not convert string to float: '(-0.14381845857142628+0j)'
Stack trace : ['File : /sfs/gpfs/tardis/home/xpz5km/Cahn_Hilliard_Model_HPC/spinodal_decomp/compare_phi_norms.py , Line : 68, Func.Name : compare_phis_norm_at_timepoint, Message : snapshot = read_specific_lines(f"{root}/{fname}", line_list)', 'File : /sfs/gpfs/tardis/home/xpz5km/Cahn_Hilliard_Model_HPC/spinodal_decomp/compare_phi_norms.py , Line : 19, Func.Name : read_specific_lines, Message : digits.append(float(i))']
Timepoint not recorded. dt_out:200075 is bigger than timepoint: 1920
Timepoint not recorded. dt_out:2025 is bigger than timepoint: 1920
Timepoint not recorded. dt_out:2050 is bigger than timepoint: 1920
Timepoint not recorded. dt_out:2075 is bigger than timepoint: 1920
Timepoint not recorded. dt_out:200025 is bigger than timepoint: 1920
Timepoint not recorded. dt_out:200025 is bigger than timepoint: 1920
SAV_Python_2000_dt_5.50e-06_Nx_256_neumann_dtout_1025pphi.csv
Exception type : ValueError 
Exception message : could not convert string to float: '(-0.46825641518316047+0j)'
Stack trace : ['File : /sfs/gpfs/tardis/home/xpz5km/Cahn_Hilliard_Model_HPC/spinodal_decomp/compare_phi_norms.py , Line : 68, Func.Name : compare_phis_norm_at_timepoint, Message : snapshot = read_specific_lines(f"{root}/{fname}", line_list)', 'File : /sfs/gpfs/tardis/home/xpz5km/Cahn_Hilliard_Model_HPC/spinodal_decomp/compare_phi_norms.py , Line : 19, Func.Name : read_specific_lines, Message : digits.append(float(i))']
Timepoint not recorded. dt_out:2050 is bigger than timepoint: 1920
Timepoint not recorded. dt_out:200075 is bigger than timepoint: 1920
SAV_Python_2000_dt_5.50e-06_Nx_512_periodic_dtout_1075pphi.csv
Exception type : ValueError 
Exception message : could not convert string to float: '(0.464889899380542+0j)'
Stack trace : ['File : /sfs/gpfs/tardis/home/xpz5km/Cahn_Hilliard_Model_HPC/spinodal_decomp/compare_phi_norms.py , Line : 68, Func.Name : compare_phis_norm_at_timepoint, Message : snapshot = read_specific_lines(f"{root}/{fname}", line_list)', 'File : /sfs/gpfs/tardis/home/xpz5km/Cahn_Hilliard_Model_HPC/spinodal_decomp/compare_phi_norms.py , Line : 19, Func.Name : read_specific_lines, Message : digits.append(float(i))']
SAV_Python_2000_dt_5.50e-06_Nx_128_periodic_dtout_1075pphi.csv
Exception type : ValueError 
Exception message : could not convert string to float: '(0.6487881132031232+0j)'
Stack trace : ['File : /sfs/gpfs/tardis/home/xpz5km/Cahn_Hilliard_Model_HPC/spinodal_decomp/compare_phi_norms.py , Line : 68, Func.Name : compare_phis_norm_at_timepoint, Message : snapshot = read_specific_lines(f"{root}/{fname}", line_list)', 'File : /sfs/gpfs/tardis/home/xpz5km/Cahn_Hilliard_Model_HPC/spinodal_decomp/compare_phi_norms.py , Line : 19, Func.Name : read_specific_lines, Message : digits.append(float(i))']
Timepoint not recorded. dt_out:200025 is bigger than timepoint: 1920
Timepoint not recorded. dt_out:2075 is bigger than timepoint: 1920
Timepoint not recorded. dt_out:200050 is bigger than timepoint: 1920
Timepoint not recorded. dt_out:200050 is bigger than timepoint: 1920
Timepoint not recorded. dt_out:2075 is bigger than timepoint: 1920
Timepoint not recorded. dt_out:2025 is bigger than timepoint: 1920
Timepoint not recorded. dt_out:2075 is bigger than timepoint: 1920
SAV_Python_2000_dt_5.50e-06_Nx_128_periodic_dtout_1025pphi.csv
Exception type : ValueError 
Exception message : could not convert string to float: '(-0.4880654292552729+0j)'
Stack trace : ['File : /sfs/gpfs/tardis/home/xpz5km/Cahn_Hilliard_Model_HPC/spinodal_decomp/compare_phi_norms.py , Line : 68, Func.Name : compare_phis_norm_at_timepoint, Message : snapshot = read_specific_lines(f"{root}/{fname}", line_list)', 'File : /sfs/gpfs/tardis/home/xpz5km/Cahn_Hilliard_Model_HPC/spinodal_decomp/compare_phi_norms.py , Line : 19, Func.Name : read_specific_lines, Message : digits.append(float(i))']
SAV_Python_2000_dt_5.50e-06_Nx_64_neumann_dtout_1025pphi.csv
Exception type : ValueError 
Exception message : could not convert string to float: '(-0.7424440506495499+0j)'
Stack trace : ['File : /sfs/gpfs/tardis/home/xpz5km/Cahn_Hilliard_Model_HPC/spinodal_decomp/compare_phi_norms.py , Line : 68, Func.Name : compare_phis_norm_at_timepoint, Message : snapshot = read_specific_lines(f"{root}/{fname}", line_list)', 'File : /sfs/gpfs/tardis/home/xpz5km/Cahn_Hilliard_Model_HPC/spinodal_decomp/compare_phi_norms.py , Line : 19, Func.Name : read_specific_lines, Message : digits.append(float(i))']
Timepoint not recorded. dt_out:200050 is bigger than timepoint: 1920
Timepoint not recorded. dt_out:2075 is bigger than timepoint: 1920
Timepoint not recorded. dt_out:2025 is bigger than timepoint: 1920
SAV_Python_2000_dt_5.50e-06_Nx_256_periodic_dtout_1025pphi.csv
Exception type : ValueError 
Exception message : could not convert string to float: '(-0.43719551704405424+0j)'
Stack trace : ['File : /sfs/gpfs/tardis/home/xpz5km/Cahn_Hilliard_Model_HPC/spinodal_decomp/compare_phi_norms.py , Line : 68, Func.Name : compare_phis_norm_at_timepoint, Message : snapshot = read_specific_lines(f"{root}/{fname}", line_list)', 'File : /sfs/gpfs/tardis/home/xpz5km/Cahn_Hilliard_Model_HPC/spinodal_decomp/compare_phi_norms.py , Line : 19, Func.Name : read_specific_lines, Message : digits.append(float(i))']
Timepoint not recorded. dt_out:200075 is bigger than timepoint: 1920
Timepoint not recorded. dt_out:2050 is bigger than timepoint: 1920
Timepoint not recorded. dt_out:2050 is bigger than timepoint: 1920
SAV_Python_2000_dt_5.50e-06_Nx_256_periodic_dtout_1075pphi.csv
Exception type : ValueError 
Exception message : could not convert string to float: '(0.6943860675869165+0j)'
Stack trace : ['File : /sfs/gpfs/tardis/home/xpz5km/Cahn_Hilliard_Model_HPC/spinodal_decomp/compare_phi_norms.py , Line : 68, Func.Name : compare_phis_norm_at_timepoint, Message : snapshot = read_specific_lines(f"{root}/{fname}", line_list)', 'File : /sfs/gpfs/tardis/home/xpz5km/Cahn_Hilliard_Model_HPC/spinodal_decomp/compare_phi_norms.py , Line : 19, Func.Name : read_specific_lines, Message : digits.append(float(i))']
Timepoint not recorded. dt_out:200050 is bigger than timepoint: 1920
Timepoint not recorded. dt_out:2050 is bigger than timepoint: 1920
Timepoint not recorded. dt_out:200025 is bigger than timepoint: 1920
Timepoint not recorded. dt_out:2075 is bigger than timepoint: 1920
Timepoint not recorded. dt_out:2025 is bigger than timepoint: 1920
SAV_Python_2000_dt_5.50e-06_Nx_512_neumann_dtout_1050pphi.csv
Exception type : ValueError 
Exception message : could not convert string to float: '(-0.13119252037337084+0j)'
Stack trace : ['File : /sfs/gpfs/tardis/home/xpz5km/Cahn_Hilliard_Model_HPC/spinodal_decomp/compare_phi_norms.py , Line : 68, Func.Name : compare_phis_norm_at_timepoint, Message : snapshot = read_specific_lines(f"{root}/{fname}", line_list)', 'File : /sfs/gpfs/tardis/home/xpz5km/Cahn_Hilliard_Model_HPC/spinodal_decomp/compare_phi_norms.py , Line : 19, Func.Name : read_specific_lines, Message : digits.append(float(i))']
Timepoint not recorded. dt_out:200075 is bigger than timepoint: 1920
Timepoint not recorded. dt_out:2025 is bigger than timepoint: 1920
SAV_Python_2000_dt_5.50e-06_Nx_256_periodic_dtout_1050pphi.csv
Exception type : ValueError 
Exception message : could not convert string to float: '(0.0022561382460368406+0j)'
Stack trace : ['File : /sfs/gpfs/tardis/home/xpz5km/Cahn_Hilliard_Model_HPC/spinodal_decomp/compare_phi_norms.py , Line : 68, Func.Name : compare_phis_norm_at_timepoint, Message : snapshot = read_specific_lines(f"{root}/{fname}", line_list)', 'File : /sfs/gpfs/tardis/home/xpz5km/Cahn_Hilliard_Model_HPC/spinodal_decomp/compare_phi_norms.py , Line : 19, Func.Name : read_specific_lines, Message : digits.append(float(i))']
Timepoint not recorded. dt_out:2075 is bigger than timepoint: 1920
SAV_Python_2000_dt_5.50e-06_Nx_64_neumann_dtout_1075pphi.csv
Exception type : ValueError 
Exception message : could not convert string to float: '(0.6425296109536958+0j)'
Stack trace : ['File : /sfs/gpfs/tardis/home/xpz5km/Cahn_Hilliard_Model_HPC/spinodal_decomp/compare_phi_norms.py , Line : 68, Func.Name : compare_phis_norm_at_timepoint, Message : snapshot = read_specific_lines(f"{root}/{fname}", line_list)', 'File : /sfs/gpfs/tardis/home/xpz5km/Cahn_Hilliard_Model_HPC/spinodal_decomp/compare_phi_norms.py , Line : 19, Func.Name : read_specific_lines, Message : digits.append(float(i))']
SAV_Python_2000_dt_5.50e-06_Nx_128_neumann_dtout_1075pphi.csv
Exception type : ValueError 
Exception message : could not convert string to float: '(0.436491444284831+0j)'
Stack trace : ['File : /sfs/gpfs/tardis/home/xpz5km/Cahn_Hilliard_Model_HPC/spinodal_decomp/compare_phi_norms.py , Line : 68, Func.Name : compare_phis_norm_at_timepoint, Message : snapshot = read_specific_lines(f"{root}/{fname}", line_list)', 'File : /sfs/gpfs/tardis/home/xpz5km/Cahn_Hilliard_Model_HPC/spinodal_decomp/compare_phi_norms.py , Line : 19, Func.Name : read_specific_lines, Message : digits.append(float(i))']
SAV_Python_2000_dt_5.50e-06_Nx_64_neumann_dtout_1050pphi.csv
Exception type : ValueError 
Exception message : could not convert string to float: '(-0.039452881596344164+0j)'
Stack trace : ['File : /sfs/gpfs/tardis/home/xpz5km/Cahn_Hilliard_Model_HPC/spinodal_decomp/compare_phi_norms.py , Line : 68, Func.Name : compare_phis_norm_at_timepoint, Message : snapshot = read_specific_lines(f"{root}/{fname}", line_list)', 'File : /sfs/gpfs/tardis/home/xpz5km/Cahn_Hilliard_Model_HPC/spinodal_decomp/compare_phi_norms.py , Line : 19, Func.Name : read_specific_lines, Message : digits.append(float(i))']
1960
Timepoint not recorded. dt_out:200025 is bigger than timepoint: 1960
Timepoint not recorded. dt_out:200025 is bigger than timepoint: 1960
Timepoint not recorded. dt_out:200025 is bigger than timepoint: 1960
Timepoint not recorded. dt_out:200025 is bigger than timepoint: 1960
Timepoint not recorded. dt_out:200050 is bigger than timepoint: 1960
Timepoint not recorded. dt_out:200025 is bigger than timepoint: 1960
Timepoint not recorded. dt_out:200050 is bigger than timepoint: 1960
Timepoint not recorded. dt_out:200075 is bigger than timepoint: 1960
Timepoint not recorded. dt_out:200075 is bigger than timepoint: 1960
Timepoint not recorded. dt_out:200075 is bigger than timepoint: 1960
Timepoint not recorded. dt_out:200025 is bigger than timepoint: 1960
Timepoint not recorded. dt_out:200050 is bigger than timepoint: 1960
Timepoint not recorded. dt_out:200025 is bigger than timepoint: 1960
Timepoint not recorded. dt_out:200050 is bigger than timepoint: 1960
Timepoint not recorded. dt_out:200075 is bigger than timepoint: 1960
Timepoint not recorded. dt_out:200025 is bigger than timepoint: 1960
Timepoint not recorded. dt_out:200075 is bigger than timepoint: 1960
Timepoint not recorded. dt_out:200075 is bigger than timepoint: 1960
Timepoint not recorded. dt_out:200025 is bigger than timepoint: 1960
Timepoint not recorded. dt_out:200075 is bigger than timepoint: 1960
Timepoint not recorded. dt_out:200025 is bigger than timepoint: 1960
Timepoint not recorded. dt_out:200075 is bigger than timepoint: 1960
Timepoint not recorded. dt_out:200025 is bigger than timepoint: 1960
Timepoint not recorded. dt_out:200050 is bigger than timepoint: 1960
Timepoint not recorded. dt_out:200075 is bigger than timepoint: 1960
Timepoint not recorded. dt_out:200050 is bigger than timepoint: 1960
Timepoint not recorded. dt_out:200075 is bigger than timepoint: 1960
Timepoint not recorded. dt_out:200025 is bigger than timepoint: 1960
Timepoint not recorded. dt_out:200050 is bigger than timepoint: 1960
Timepoint not recorded. dt_out:200050 is bigger than timepoint: 1960
Timepoint not recorded. dt_out:200050 is bigger than timepoint: 1960
Timepoint not recorded. dt_out:200050 is bigger than timepoint: 1960
Timepoint not recorded. dt_out:200025 is bigger than timepoint: 1960
Timepoint not recorded. dt_out:200050 is bigger than timepoint: 1960
Timepoint not recorded. dt_out:200050 is bigger than timepoint: 1960
Timepoint not recorded. dt_out:200050 is bigger than timepoint: 1960
Timepoint not recorded. dt_out:200075 is bigger than timepoint: 1960
Timepoint not recorded. dt_out:200025 is bigger than timepoint: 1960
Timepoint not recorded. dt_out:200075 is bigger than timepoint: 1960
Timepoint not recorded. dt_out:200050 is bigger than timepoint: 1960
Timepoint not recorded. dt_out:200075 is bigger than timepoint: 1960
Timepoint not recorded. dt_out:200075 is bigger than timepoint: 1960
Timepoint not recorded. dt_out:200075 is bigger than timepoint: 1960
Timepoint not recorded. dt_out:200025 is bigger than timepoint: 1960
Timepoint not recorded. dt_out:200025 is bigger than timepoint: 1960
Timepoint not recorded. dt_out:200075 is bigger than timepoint: 1960
Timepoint not recorded. dt_out:200050 is bigger than timepoint: 1960
Timepoint not recorded. dt_out:200050 is bigger than timepoint: 1960
Timepoint not recorded. dt_out:2075 is bigger than timepoint: 1960
SAV_Python_2000_dt_5.50e-06_Nx_128_periodic_dtout_1050pphi.csv
Exception type : ValueError 
Exception message : could not convert string to float: '(0.21656804025839427+0j)'
Stack trace : ['File : /sfs/gpfs/tardis/home/xpz5km/Cahn_Hilliard_Model_HPC/spinodal_decomp/compare_phi_norms.py , Line : 68, Func.Name : compare_phis_norm_at_timepoint, Message : snapshot = read_specific_lines(f"{root}/{fname}", line_list)', 'File : /sfs/gpfs/tardis/home/xpz5km/Cahn_Hilliard_Model_HPC/spinodal_decomp/compare_phi_norms.py , Line : 19, Func.Name : read_specific_lines, Message : digits.append(float(i))']
Timepoint not recorded. dt_out:200025 is bigger than timepoint: 1960
SAV_Python_2000_dt_5.50e-06_Nx_128_neumann_dtout_1050pphi.csv
Exception type : ValueError 
Exception message : could not convert string to float: '(0.23108936262498506+0j)'
Stack trace : ['File : /sfs/gpfs/tardis/home/xpz5km/Cahn_Hilliard_Model_HPC/spinodal_decomp/compare_phi_norms.py , Line : 68, Func.Name : compare_phis_norm_at_timepoint, Message : snapshot = read_specific_lines(f"{root}/{fname}", line_list)', 'File : /sfs/gpfs/tardis/home/xpz5km/Cahn_Hilliard_Model_HPC/spinodal_decomp/compare_phi_norms.py , Line : 19, Func.Name : read_specific_lines, Message : digits.append(float(i))']
Timepoint not recorded. dt_out:2025 is bigger than timepoint: 1960
Timepoint not recorded. dt_out:200050 is bigger than timepoint: 1960
Timepoint not recorded. dt_out:2025 is bigger than timepoint: 1960
Timepoint not recorded. dt_out:2050 is bigger than timepoint: 1960
Timepoint not recorded. dt_out:200025 is bigger than timepoint: 1960
Timepoint not recorded. dt_out:200075 is bigger than timepoint: 1960
Timepoint not recorded. dt_out:200025 is bigger than timepoint: 1960
SAV_Python_2000_dt_5.50e-06_Nx_64_periodic_dtout_1050pphi.csv
Exception type : ValueError 
Exception message : could not convert string to float: '(0.36546394621354766+0j)'
Stack trace : ['File : /sfs/gpfs/tardis/home/xpz5km/Cahn_Hilliard_Model_HPC/spinodal_decomp/compare_phi_norms.py , Line : 68, Func.Name : compare_phis_norm_at_timepoint, Message : snapshot = read_specific_lines(f"{root}/{fname}", line_list)', 'File : /sfs/gpfs/tardis/home/xpz5km/Cahn_Hilliard_Model_HPC/spinodal_decomp/compare_phi_norms.py , Line : 19, Func.Name : read_specific_lines, Message : digits.append(float(i))']
Timepoint not recorded. dt_out:200075 is bigger than timepoint: 1960
Timepoint not recorded. dt_out:200075 is bigger than timepoint: 1960
Timepoint not recorded. dt_out:200075 is bigger than timepoint: 1960
Timepoint not recorded. dt_out:2050 is bigger than timepoint: 1960
SAV_Python_2000_dt_5.50e-06_Nx_64_periodic_dtout_1075pphi.csv
Exception type : ValueError 
Exception message : could not convert string to float: '(0.7408559865143403+0j)'
Stack trace : ['File : /sfs/gpfs/tardis/home/xpz5km/Cahn_Hilliard_Model_HPC/spinodal_decomp/compare_phi_norms.py , Line : 68, Func.Name : compare_phis_norm_at_timepoint, Message : snapshot = read_specific_lines(f"{root}/{fname}", line_list)', 'File : /sfs/gpfs/tardis/home/xpz5km/Cahn_Hilliard_Model_HPC/spinodal_decomp/compare_phi_norms.py , Line : 19, Func.Name : read_specific_lines, Message : digits.append(float(i))']
Timepoint not recorded. dt_out:200025 is bigger than timepoint: 1960
SAV_Python_2000_dt_5.50e-06_Nx_256_neumann_dtout_1075pphi.csv
Exception type : ValueError 
Exception message : could not convert string to float: '(0.6710056164444453+0j)'
Stack trace : ['File : /sfs/gpfs/tardis/home/xpz5km/Cahn_Hilliard_Model_HPC/spinodal_decomp/compare_phi_norms.py , Line : 68, Func.Name : compare_phis_norm_at_timepoint, Message : snapshot = read_specific_lines(f"{root}/{fname}", line_list)', 'File : /sfs/gpfs/tardis/home/xpz5km/Cahn_Hilliard_Model_HPC/spinodal_decomp/compare_phi_norms.py , Line : 19, Func.Name : read_specific_lines, Message : digits.append(float(i))']
SAV_Python_2000_dt_5.50e-06_Nx_64_periodic_dtout_1025pphi.csv
Exception type : ValueError 
Exception message : could not convert string to float: '(-0.6086189197287065+0j)'
Stack trace : ['File : /sfs/gpfs/tardis/home/xpz5km/Cahn_Hilliard_Model_HPC/spinodal_decomp/compare_phi_norms.py , Line : 68, Func.Name : compare_phis_norm_at_timepoint, Message : snapshot = read_specific_lines(f"{root}/{fname}", line_list)', 'File : /sfs/gpfs/tardis/home/xpz5km/Cahn_Hilliard_Model_HPC/spinodal_decomp/compare_phi_norms.py , Line : 19, Func.Name : read_specific_lines, Message : digits.append(float(i))']
SAV_Python_2000_dt_5.50e-06_Nx_512_neumann_dtout_1025pphi.csv
Exception type : ValueError 
Exception message : could not convert string to float: '(-0.6061064469604639+0j)'
Stack trace : ['File : /sfs/gpfs/tardis/home/xpz5km/Cahn_Hilliard_Model_HPC/spinodal_decomp/compare_phi_norms.py , Line : 68, Func.Name : compare_phis_norm_at_timepoint, Message : snapshot = read_specific_lines(f"{root}/{fname}", line_list)', 'File : /sfs/gpfs/tardis/home/xpz5km/Cahn_Hilliard_Model_HPC/spinodal_decomp/compare_phi_norms.py , Line : 19, Func.Name : read_specific_lines, Message : digits.append(float(i))']
SAV_Python_2000_dt_5.50e-06_Nx_256_neumann_dtout_1050pphi.csv
Exception type : ValueError 
Exception message : could not convert string to float: '(0.18250761461722514+0j)'
Stack trace : ['File : /sfs/gpfs/tardis/home/xpz5km/Cahn_Hilliard_Model_HPC/spinodal_decomp/compare_phi_norms.py , Line : 68, Func.Name : compare_phis_norm_at_timepoint, Message : snapshot = read_specific_lines(f"{root}/{fname}", line_list)', 'File : /sfs/gpfs/tardis/home/xpz5km/Cahn_Hilliard_Model_HPC/spinodal_decomp/compare_phi_norms.py , Line : 19, Func.Name : read_specific_lines, Message : digits.append(float(i))']
SAV_Python_2000_dt_5.50e-06_Nx_512_periodic_dtout_1025pphi.csv
Exception type : ValueError 
Exception message : could not convert string to float: '(-0.5632951019656408+0j)'
Stack trace : ['File : /sfs/gpfs/tardis/home/xpz5km/Cahn_Hilliard_Model_HPC/spinodal_decomp/compare_phi_norms.py , Line : 68, Func.Name : compare_phis_norm_at_timepoint, Message : snapshot = read_specific_lines(f"{root}/{fname}", line_list)', 'File : /sfs/gpfs/tardis/home/xpz5km/Cahn_Hilliard_Model_HPC/spinodal_decomp/compare_phi_norms.py , Line : 19, Func.Name : read_specific_lines, Message : digits.append(float(i))']
Timepoint not recorded. dt_out:200050 is bigger than timepoint: 1960
Timepoint not recorded. dt_out:200050 is bigger than timepoint: 1960
SAV_Python_2000_dt_5.50e-06_Nx_512_neumann_dtout_1075pphi.csv
Exception type : ValueError 
Exception message : could not convert string to float: '(0.4122627563621977+0j)'
Stack trace : ['File : /sfs/gpfs/tardis/home/xpz5km/Cahn_Hilliard_Model_HPC/spinodal_decomp/compare_phi_norms.py , Line : 68, Func.Name : compare_phis_norm_at_timepoint, Message : snapshot = read_specific_lines(f"{root}/{fname}", line_list)', 'File : /sfs/gpfs/tardis/home/xpz5km/Cahn_Hilliard_Model_HPC/spinodal_decomp/compare_phi_norms.py , Line : 19, Func.Name : read_specific_lines, Message : digits.append(float(i))']
SAV_Python_2000_dt_5.50e-06_Nx_128_neumann_dtout_1025pphi.csv
Exception type : ValueError 
Exception message : could not convert string to float: '(-0.6412089851001279+0j)'
Stack trace : ['File : /sfs/gpfs/tardis/home/xpz5km/Cahn_Hilliard_Model_HPC/spinodal_decomp/compare_phi_norms.py , Line : 68, Func.Name : compare_phis_norm_at_timepoint, Message : snapshot = read_specific_lines(f"{root}/{fname}", line_list)', 'File : /sfs/gpfs/tardis/home/xpz5km/Cahn_Hilliard_Model_HPC/spinodal_decomp/compare_phi_norms.py , Line : 19, Func.Name : read_specific_lines, Message : digits.append(float(i))']
Timepoint not recorded. dt_out:2050 is bigger than timepoint: 1960
Timepoint not recorded. dt_out:2025 is bigger than timepoint: 1960
Timepoint not recorded. dt_out:200050 is bigger than timepoint: 1960
SAV_Python_2000_dt_5.50e-06_Nx_512_periodic_dtout_1050pphi.csv
Exception type : ValueError 
Exception message : could not convert string to float: '(0.002392021760180847+0j)'
Stack trace : ['File : /sfs/gpfs/tardis/home/xpz5km/Cahn_Hilliard_Model_HPC/spinodal_decomp/compare_phi_norms.py , Line : 68, Func.Name : compare_phis_norm_at_timepoint, Message : snapshot = read_specific_lines(f"{root}/{fname}", line_list)', 'File : /sfs/gpfs/tardis/home/xpz5km/Cahn_Hilliard_Model_HPC/spinodal_decomp/compare_phi_norms.py , Line : 19, Func.Name : read_specific_lines, Message : digits.append(float(i))']
Timepoint not recorded. dt_out:200075 is bigger than timepoint: 1960
Timepoint not recorded. dt_out:2025 is bigger than timepoint: 1960
Timepoint not recorded. dt_out:2050 is bigger than timepoint: 1960
Timepoint not recorded. dt_out:2075 is bigger than timepoint: 1960
Timepoint not recorded. dt_out:200025 is bigger than timepoint: 1960
Timepoint not recorded. dt_out:200025 is bigger than timepoint: 1960
SAV_Python_2000_dt_5.50e-06_Nx_256_neumann_dtout_1025pphi.csv
Exception type : ValueError 
Exception message : could not convert string to float: '(-0.6584796688421044+0j)'
Stack trace : ['File : /sfs/gpfs/tardis/home/xpz5km/Cahn_Hilliard_Model_HPC/spinodal_decomp/compare_phi_norms.py , Line : 68, Func.Name : compare_phis_norm_at_timepoint, Message : snapshot = read_specific_lines(f"{root}/{fname}", line_list)', 'File : /sfs/gpfs/tardis/home/xpz5km/Cahn_Hilliard_Model_HPC/spinodal_decomp/compare_phi_norms.py , Line : 19, Func.Name : read_specific_lines, Message : digits.append(float(i))']
Timepoint not recorded. dt_out:2050 is bigger than timepoint: 1960
Timepoint not recorded. dt_out:200075 is bigger than timepoint: 1960
SAV_Python_2000_dt_5.50e-06_Nx_512_periodic_dtout_1075pphi.csv
Exception type : ValueError 
Exception message : could not convert string to float: '(0.31355976828214854+0j)'
Stack trace : ['File : /sfs/gpfs/tardis/home/xpz5km/Cahn_Hilliard_Model_HPC/spinodal_decomp/compare_phi_norms.py , Line : 68, Func.Name : compare_phis_norm_at_timepoint, Message : snapshot = read_specific_lines(f"{root}/{fname}", line_list)', 'File : /sfs/gpfs/tardis/home/xpz5km/Cahn_Hilliard_Model_HPC/spinodal_decomp/compare_phi_norms.py , Line : 19, Func.Name : read_specific_lines, Message : digits.append(float(i))']
SAV_Python_2000_dt_5.50e-06_Nx_128_periodic_dtout_1075pphi.csv
Exception type : ValueError 
Exception message : could not convert string to float: '(0.43507682966606076+0j)'
Stack trace : ['File : /sfs/gpfs/tardis/home/xpz5km/Cahn_Hilliard_Model_HPC/spinodal_decomp/compare_phi_norms.py , Line : 68, Func.Name : compare_phis_norm_at_timepoint, Message : snapshot = read_specific_lines(f"{root}/{fname}", line_list)', 'File : /sfs/gpfs/tardis/home/xpz5km/Cahn_Hilliard_Model_HPC/spinodal_decomp/compare_phi_norms.py , Line : 19, Func.Name : read_specific_lines, Message : digits.append(float(i))']
Timepoint not recorded. dt_out:200025 is bigger than timepoint: 1960
Timepoint not recorded. dt_out:2075 is bigger than timepoint: 1960
Timepoint not recorded. dt_out:200050 is bigger than timepoint: 1960
Timepoint not recorded. dt_out:200050 is bigger than timepoint: 1960
Timepoint not recorded. dt_out:2075 is bigger than timepoint: 1960
Timepoint not recorded. dt_out:2025 is bigger than timepoint: 1960
Timepoint not recorded. dt_out:2075 is bigger than timepoint: 1960
SAV_Python_2000_dt_5.50e-06_Nx_128_periodic_dtout_1025pphi.csv
Exception type : ValueError 
Exception message : could not convert string to float: '(-0.6728498679660192+0j)'
Stack trace : ['File : /sfs/gpfs/tardis/home/xpz5km/Cahn_Hilliard_Model_HPC/spinodal_decomp/compare_phi_norms.py , Line : 68, Func.Name : compare_phis_norm_at_timepoint, Message : snapshot = read_specific_lines(f"{root}/{fname}", line_list)', 'File : /sfs/gpfs/tardis/home/xpz5km/Cahn_Hilliard_Model_HPC/spinodal_decomp/compare_phi_norms.py , Line : 19, Func.Name : read_specific_lines, Message : digits.append(float(i))']
SAV_Python_2000_dt_5.50e-06_Nx_64_neumann_dtout_1025pphi.csv
Exception type : ValueError 
Exception message : could not convert string to float: '(-0.4981444630496506+0j)'
Stack trace : ['File : /sfs/gpfs/tardis/home/xpz5km/Cahn_Hilliard_Model_HPC/spinodal_decomp/compare_phi_norms.py , Line : 68, Func.Name : compare_phis_norm_at_timepoint, Message : snapshot = read_specific_lines(f"{root}/{fname}", line_list)', 'File : /sfs/gpfs/tardis/home/xpz5km/Cahn_Hilliard_Model_HPC/spinodal_decomp/compare_phi_norms.py , Line : 19, Func.Name : read_specific_lines, Message : digits.append(float(i))']
Timepoint not recorded. dt_out:200050 is bigger than timepoint: 1960
Timepoint not recorded. dt_out:2075 is bigger than timepoint: 1960
Timepoint not recorded. dt_out:2025 is bigger than timepoint: 1960
SAV_Python_2000_dt_5.50e-06_Nx_256_periodic_dtout_1025pphi.csv
Exception type : ValueError 
Exception message : could not convert string to float: '(-0.6384604876319783+0j)'
Stack trace : ['File : /sfs/gpfs/tardis/home/xpz5km/Cahn_Hilliard_Model_HPC/spinodal_decomp/compare_phi_norms.py , Line : 68, Func.Name : compare_phis_norm_at_timepoint, Message : snapshot = read_specific_lines(f"{root}/{fname}", line_list)', 'File : /sfs/gpfs/tardis/home/xpz5km/Cahn_Hilliard_Model_HPC/spinodal_decomp/compare_phi_norms.py , Line : 19, Func.Name : read_specific_lines, Message : digits.append(float(i))']
Timepoint not recorded. dt_out:200075 is bigger than timepoint: 1960
Timepoint not recorded. dt_out:2050 is bigger than timepoint: 1960
Timepoint not recorded. dt_out:2050 is bigger than timepoint: 1960
SAV_Python_2000_dt_5.50e-06_Nx_256_periodic_dtout_1075pphi.csv
Exception type : ValueError 
Exception message : could not convert string to float: '(0.5692413004383116+0j)'
Stack trace : ['File : /sfs/gpfs/tardis/home/xpz5km/Cahn_Hilliard_Model_HPC/spinodal_decomp/compare_phi_norms.py , Line : 68, Func.Name : compare_phis_norm_at_timepoint, Message : snapshot = read_specific_lines(f"{root}/{fname}", line_list)', 'File : /sfs/gpfs/tardis/home/xpz5km/Cahn_Hilliard_Model_HPC/spinodal_decomp/compare_phi_norms.py , Line : 19, Func.Name : read_specific_lines, Message : digits.append(float(i))']
Timepoint not recorded. dt_out:200050 is bigger than timepoint: 1960
Timepoint not recorded. dt_out:2050 is bigger than timepoint: 1960
Timepoint not recorded. dt_out:200025 is bigger than timepoint: 1960
Timepoint not recorded. dt_out:2075 is bigger than timepoint: 1960
Timepoint not recorded. dt_out:2025 is bigger than timepoint: 1960
SAV_Python_2000_dt_5.50e-06_Nx_512_neumann_dtout_1050pphi.csv
Exception type : ValueError 
Exception message : could not convert string to float: '(-0.3511879662348149+0j)'
Stack trace : ['File : /sfs/gpfs/tardis/home/xpz5km/Cahn_Hilliard_Model_HPC/spinodal_decomp/compare_phi_norms.py , Line : 68, Func.Name : compare_phis_norm_at_timepoint, Message : snapshot = read_specific_lines(f"{root}/{fname}", line_list)', 'File : /sfs/gpfs/tardis/home/xpz5km/Cahn_Hilliard_Model_HPC/spinodal_decomp/compare_phi_norms.py , Line : 19, Func.Name : read_specific_lines, Message : digits.append(float(i))']
Timepoint not recorded. dt_out:200075 is bigger than timepoint: 1960
Timepoint not recorded. dt_out:2025 is bigger than timepoint: 1960
SAV_Python_2000_dt_5.50e-06_Nx_256_periodic_dtout_1050pphi.csv
Exception type : ValueError 
Exception message : could not convert string to float: '(0.20122998203042525+0j)'
Stack trace : ['File : /sfs/gpfs/tardis/home/xpz5km/Cahn_Hilliard_Model_HPC/spinodal_decomp/compare_phi_norms.py , Line : 68, Func.Name : compare_phis_norm_at_timepoint, Message : snapshot = read_specific_lines(f"{root}/{fname}", line_list)', 'File : /sfs/gpfs/tardis/home/xpz5km/Cahn_Hilliard_Model_HPC/spinodal_decomp/compare_phi_norms.py , Line : 19, Func.Name : read_specific_lines, Message : digits.append(float(i))']
Timepoint not recorded. dt_out:2075 is bigger than timepoint: 1960
SAV_Python_2000_dt_5.50e-06_Nx_64_neumann_dtout_1075pphi.csv
Exception type : ValueError 
Exception message : could not convert string to float: '(0.6028046833669929+0j)'
Stack trace : ['File : /sfs/gpfs/tardis/home/xpz5km/Cahn_Hilliard_Model_HPC/spinodal_decomp/compare_phi_norms.py , Line : 68, Func.Name : compare_phis_norm_at_timepoint, Message : snapshot = read_specific_lines(f"{root}/{fname}", line_list)', 'File : /sfs/gpfs/tardis/home/xpz5km/Cahn_Hilliard_Model_HPC/spinodal_decomp/compare_phi_norms.py , Line : 19, Func.Name : read_specific_lines, Message : digits.append(float(i))']
SAV_Python_2000_dt_5.50e-06_Nx_128_neumann_dtout_1075pphi.csv
Exception type : ValueError 
Exception message : could not convert string to float: '(0.05321036921134841+0j)'
Stack trace : ['File : /sfs/gpfs/tardis/home/xpz5km/Cahn_Hilliard_Model_HPC/spinodal_decomp/compare_phi_norms.py , Line : 68, Func.Name : compare_phis_norm_at_timepoint, Message : snapshot = read_specific_lines(f"{root}/{fname}", line_list)', 'File : /sfs/gpfs/tardis/home/xpz5km/Cahn_Hilliard_Model_HPC/spinodal_decomp/compare_phi_norms.py , Line : 19, Func.Name : read_specific_lines, Message : digits.append(float(i))']
SAV_Python_2000_dt_5.50e-06_Nx_64_neumann_dtout_1050pphi.csv
Exception type : ValueError 
Exception message : could not convert string to float: '(0.3502135544337032+0j)'
Stack trace : ['File : /sfs/gpfs/tardis/home/xpz5km/Cahn_Hilliard_Model_HPC/spinodal_decomp/compare_phi_norms.py , Line : 68, Func.Name : compare_phis_norm_at_timepoint, Message : snapshot = read_specific_lines(f"{root}/{fname}", line_list)', 'File : /sfs/gpfs/tardis/home/xpz5km/Cahn_Hilliard_Model_HPC/spinodal_decomp/compare_phi_norms.py , Line : 19, Func.Name : read_specific_lines, Message : digits.append(float(i))']
DONE
