Wed Jul 2 20:26:53 EDT 2025
MODULES LOADED
0
Python,20,256,neumann,20,20,75p
NMG_Python_20_dt_5.50e-06_Nx_256_neumann_dtout_2075pphi.csv
Exception type : TypeError 
Exception message : float() argument must be a string or a real number, not 'complex'
Stack trace : ['File : /sfs/gpfs/tardis/home/xpz5km/Cahn_Hilliard_Model_HPC/spinodal_decomp/compare_L2_error.py , Line : 86, Func.Name : compare_L2_error_at_timepoint, Message : snapshot_NMG = read_specific_lines(f"{root}/{NMG_fname}", line_list)', 'File : /sfs/gpfs/tardis/home/xpz5km/Cahn_Hilliard_Model_HPC/spinodal_decomp/compare_L2_error.py , Line : 21, Func.Name : read_specific_lines, Message : digits.append(float(i))']
Python,2000,256,neumann,2000,2000,25p not recorded; dt_out too large.
Python,20,128,periodic,20,20,25p
NMG_Python_20_dt_5.50e-06_Nx_128_periodic_dtout_2025pphi.csv
Exception type : TypeError 
Exception message : float() argument must be a string or a real number, not 'complex'
Stack trace : ['File : /sfs/gpfs/tardis/home/xpz5km/Cahn_Hilliard_Model_HPC/spinodal_decomp/compare_L2_error.py , Line : 86, Func.Name : compare_L2_error_at_timepoint, Message : snapshot_NMG = read_specific_lines(f"{root}/{NMG_fname}", line_list)', 'File : /sfs/gpfs/tardis/home/xpz5km/Cahn_Hilliard_Model_HPC/spinodal_decomp/compare_L2_error.py , Line : 21, Func.Name : read_specific_lines, Message : digits.append(float(i))']
Python,2000,256,periodic,2000,2000,50p not recorded; dt_out too large.
Python,20,256,periodic,20,20,25p
NMG_Python_20_dt_5.50e-06_Nx_256_periodic_dtout_2025pphi.csv
Exception type : TypeError 
Exception message : float() argument must be a string or a real number, not 'complex'
Stack trace : ['File : /sfs/gpfs/tardis/home/xpz5km/Cahn_Hilliard_Model_HPC/spinodal_decomp/compare_L2_error.py , Line : 86, Func.Name : compare_L2_error_at_timepoint, Message : snapshot_NMG = read_specific_lines(f"{root}/{NMG_fname}", line_list)', 'File : /sfs/gpfs/tardis/home/xpz5km/Cahn_Hilliard_Model_HPC/spinodal_decomp/compare_L2_error.py , Line : 21, Func.Name : read_specific_lines, Message : digits.append(float(i))']
Python,20,512,neumann,20,20,50p
NMG_Python_20_dt_5.50e-06_Nx_512_neumann_dtout_2050pphi.csv
Exception type : TypeError 
Exception message : float() argument must be a string or a real number, not 'complex'
Stack trace : ['File : /sfs/gpfs/tardis/home/xpz5km/Cahn_Hilliard_Model_HPC/spinodal_decomp/compare_L2_error.py , Line : 86, Func.Name : compare_L2_error_at_timepoint, Message : snapshot_NMG = read_specific_lines(f"{root}/{NMG_fname}", line_list)', 'File : /sfs/gpfs/tardis/home/xpz5km/Cahn_Hilliard_Model_HPC/spinodal_decomp/compare_L2_error.py , Line : 21, Func.Name : read_specific_lines, Message : digits.append(float(i))']
Python,2000,512,periodic,2000,2000,25p not recorded; dt_out too large.
Python,2000,64,periodic,2000,2000,75p not recorded; dt_out too large.
Python,2000,256,periodic,2000,2000,25p not recorded; dt_out too large.
Python,2000,256,neumann,2000,2000,75p not recorded; dt_out too large.
Python,2000,128,periodic,2000,2000,75p not recorded; dt_out too large.
Python,20,128,neumann,1,1,25p
NMG_Python_20_dt_5.50e-06_Nx_128_neumann_dtout_125pphi.csv
Exception type : TypeError 
Exception message : float() argument must be a string or a real number, not 'complex'
Stack trace : ['File : /sfs/gpfs/tardis/home/xpz5km/Cahn_Hilliard_Model_HPC/spinodal_decomp/compare_L2_error.py , Line : 86, Func.Name : compare_L2_error_at_timepoint, Message : snapshot_NMG = read_specific_lines(f"{root}/{NMG_fname}", line_list)', 'File : /sfs/gpfs/tardis/home/xpz5km/Cahn_Hilliard_Model_HPC/spinodal_decomp/compare_L2_error.py , Line : 21, Func.Name : read_specific_lines, Message : digits.append(float(i))']
Python,2000,256,periodic,2000,2000,75p not recorded; dt_out too large.
Python,20,256,neumann,20,20,50p
NMG_Python_20_dt_5.50e-06_Nx_256_neumann_dtout_2050pphi.csv
Exception type : TypeError 
Exception message : float() argument must be a string or a real number, not 'complex'
Stack trace : ['File : /sfs/gpfs/tardis/home/xpz5km/Cahn_Hilliard_Model_HPC/spinodal_decomp/compare_L2_error.py , Line : 86, Func.Name : compare_L2_error_at_timepoint, Message : snapshot_NMG = read_specific_lines(f"{root}/{NMG_fname}", line_list)', 'File : /sfs/gpfs/tardis/home/xpz5km/Cahn_Hilliard_Model_HPC/spinodal_decomp/compare_L2_error.py , Line : 21, Func.Name : read_specific_lines, Message : digits.append(float(i))']
Python,2000,128,neumann,2000,2000,25p not recorded; dt_out too large.
Python,20,64,periodic,1,1,75p
NMG_Python_20_dt_5.50e-06_Nx_64_periodic_dtout_175pphi.csv
Exception type : TypeError 
Exception message : float() argument must be a string or a real number, not 'complex'
Stack trace : ['File : /sfs/gpfs/tardis/home/xpz5km/Cahn_Hilliard_Model_HPC/spinodal_decomp/compare_L2_error.py , Line : 86, Func.Name : compare_L2_error_at_timepoint, Message : snapshot_NMG = read_specific_lines(f"{root}/{NMG_fname}", line_list)', 'File : /sfs/gpfs/tardis/home/xpz5km/Cahn_Hilliard_Model_HPC/spinodal_decomp/compare_L2_error.py , Line : 21, Func.Name : read_specific_lines, Message : digits.append(float(i))']
Python,20,256,periodic,1,1,50p
NMG_Python_20_dt_5.50e-06_Nx_256_periodic_dtout_150pphi.csv
Exception type : TypeError 
Exception message : float() argument must be a string or a real number, not 'complex'
Stack trace : ['File : /sfs/gpfs/tardis/home/xpz5km/Cahn_Hilliard_Model_HPC/spinodal_decomp/compare_L2_error.py , Line : 86, Func.Name : compare_L2_error_at_timepoint, Message : snapshot_NMG = read_specific_lines(f"{root}/{NMG_fname}", line_list)', 'File : /sfs/gpfs/tardis/home/xpz5km/Cahn_Hilliard_Model_HPC/spinodal_decomp/compare_L2_error.py , Line : 21, Func.Name : read_specific_lines, Message : digits.append(float(i))']
Python,20,128,neumann,1,1,75p
NMG_Python_20_dt_5.50e-06_Nx_128_neumann_dtout_175pphi.csv
Exception type : TypeError 
Exception message : float() argument must be a string or a real number, not 'complex'
Stack trace : ['File : /sfs/gpfs/tardis/home/xpz5km/Cahn_Hilliard_Model_HPC/spinodal_decomp/compare_L2_error.py , Line : 86, Func.Name : compare_L2_error_at_timepoint, Message : snapshot_NMG = read_specific_lines(f"{root}/{NMG_fname}", line_list)', 'File : /sfs/gpfs/tardis/home/xpz5km/Cahn_Hilliard_Model_HPC/spinodal_decomp/compare_L2_error.py , Line : 21, Func.Name : read_specific_lines, Message : digits.append(float(i))']
Python,20,64,neumann,1,1,50p
NMG_Python_20_dt_5.50e-06_Nx_64_neumann_dtout_150pphi.csv
Exception type : TypeError 
Exception message : float() argument must be a string or a real number, not 'complex'
Stack trace : ['File : /sfs/gpfs/tardis/home/xpz5km/Cahn_Hilliard_Model_HPC/spinodal_decomp/compare_L2_error.py , Line : 86, Func.Name : compare_L2_error_at_timepoint, Message : snapshot_NMG = read_specific_lines(f"{root}/{NMG_fname}", line_list)', 'File : /sfs/gpfs/tardis/home/xpz5km/Cahn_Hilliard_Model_HPC/spinodal_decomp/compare_L2_error.py , Line : 21, Func.Name : read_specific_lines, Message : digits.append(float(i))']
Python,20,256,neumann,1,1,50p
NMG_Python_20_dt_5.50e-06_Nx_256_neumann_dtout_150pphi.csv
Exception type : TypeError 
Exception message : float() argument must be a string or a real number, not 'complex'
Stack trace : ['File : /sfs/gpfs/tardis/home/xpz5km/Cahn_Hilliard_Model_HPC/spinodal_decomp/compare_L2_error.py , Line : 86, Func.Name : compare_L2_error_at_timepoint, Message : snapshot_NMG = read_specific_lines(f"{root}/{NMG_fname}", line_list)', 'File : /sfs/gpfs/tardis/home/xpz5km/Cahn_Hilliard_Model_HPC/spinodal_decomp/compare_L2_error.py , Line : 21, Func.Name : read_specific_lines, Message : digits.append(float(i))']
Python,20,512,neumann,1,1,25p
NMG_Python_20_dt_5.50e-06_Nx_512_neumann_dtout_125pphi.csv
Exception type : TypeError 
Exception message : float() argument must be a string or a real number, not 'complex'
Stack trace : ['File : /sfs/gpfs/tardis/home/xpz5km/Cahn_Hilliard_Model_HPC/spinodal_decomp/compare_L2_error.py , Line : 86, Func.Name : compare_L2_error_at_timepoint, Message : snapshot_NMG = read_specific_lines(f"{root}/{NMG_fname}", line_list)', 'File : /sfs/gpfs/tardis/home/xpz5km/Cahn_Hilliard_Model_HPC/spinodal_decomp/compare_L2_error.py , Line : 21, Func.Name : read_specific_lines, Message : digits.append(float(i))']
Python,2000,128,neumann,2000,2000,50p not recorded; dt_out too large.
Python,2000,512,periodic,2000,2000,50p not recorded; dt_out too large.
Python,20,256,neumann,1,1,75p
NMG_Python_20_dt_5.50e-06_Nx_256_neumann_dtout_175pphi.csv
Exception type : TypeError 
Exception message : float() argument must be a string or a real number, not 'complex'
Stack trace : ['File : /sfs/gpfs/tardis/home/xpz5km/Cahn_Hilliard_Model_HPC/spinodal_decomp/compare_L2_error.py , Line : 86, Func.Name : compare_L2_error_at_timepoint, Message : snapshot_NMG = read_specific_lines(f"{root}/{NMG_fname}", line_list)', 'File : /sfs/gpfs/tardis/home/xpz5km/Cahn_Hilliard_Model_HPC/spinodal_decomp/compare_L2_error.py , Line : 21, Func.Name : read_specific_lines, Message : digits.append(float(i))']
Python,20,128,neumann,20,20,50p
NMG_Python_20_dt_5.50e-06_Nx_128_neumann_dtout_2050pphi.csv
Exception type : TypeError 
Exception message : float() argument must be a string or a real number, not 'complex'
Stack trace : ['File : /sfs/gpfs/tardis/home/xpz5km/Cahn_Hilliard_Model_HPC/spinodal_decomp/compare_L2_error.py , Line : 86, Func.Name : compare_L2_error_at_timepoint, Message : snapshot_NMG = read_specific_lines(f"{root}/{NMG_fname}", line_list)', 'File : /sfs/gpfs/tardis/home/xpz5km/Cahn_Hilliard_Model_HPC/spinodal_decomp/compare_L2_error.py , Line : 21, Func.Name : read_specific_lines, Message : digits.append(float(i))']
Python,20,128,periodic,1,1,50p
NMG_Python_20_dt_5.50e-06_Nx_128_periodic_dtout_150pphi.csv
Exception type : TypeError 
Exception message : float() argument must be a string or a real number, not 'complex'
Stack trace : ['File : /sfs/gpfs/tardis/home/xpz5km/Cahn_Hilliard_Model_HPC/spinodal_decomp/compare_L2_error.py , Line : 86, Func.Name : compare_L2_error_at_timepoint, Message : snapshot_NMG = read_specific_lines(f"{root}/{NMG_fname}", line_list)', 'File : /sfs/gpfs/tardis/home/xpz5km/Cahn_Hilliard_Model_HPC/spinodal_decomp/compare_L2_error.py , Line : 21, Func.Name : read_specific_lines, Message : digits.append(float(i))']
Python,20,256,neumann,1,1,25p
NMG_Python_20_dt_5.50e-06_Nx_256_neumann_dtout_125pphi.csv
Exception type : TypeError 
Exception message : float() argument must be a string or a real number, not 'complex'
Stack trace : ['File : /sfs/gpfs/tardis/home/xpz5km/Cahn_Hilliard_Model_HPC/spinodal_decomp/compare_L2_error.py , Line : 86, Func.Name : compare_L2_error_at_timepoint, Message : snapshot_NMG = read_specific_lines(f"{root}/{NMG_fname}", line_list)', 'File : /sfs/gpfs/tardis/home/xpz5km/Cahn_Hilliard_Model_HPC/spinodal_decomp/compare_L2_error.py , Line : 21, Func.Name : read_specific_lines, Message : digits.append(float(i))']
Python,20,64,neumann,1,1,75p
NMG_Python_20_dt_5.50e-06_Nx_64_neumann_dtout_175pphi.csv
Exception type : TypeError 
Exception message : float() argument must be a string or a real number, not 'complex'
Stack trace : ['File : /sfs/gpfs/tardis/home/xpz5km/Cahn_Hilliard_Model_HPC/spinodal_decomp/compare_L2_error.py , Line : 86, Func.Name : compare_L2_error_at_timepoint, Message : snapshot_NMG = read_specific_lines(f"{root}/{NMG_fname}", line_list)', 'File : /sfs/gpfs/tardis/home/xpz5km/Cahn_Hilliard_Model_HPC/spinodal_decomp/compare_L2_error.py , Line : 21, Func.Name : read_specific_lines, Message : digits.append(float(i))']
Python,20,256,periodic,1,1,25p
NMG_Python_20_dt_5.50e-06_Nx_256_periodic_dtout_125pphi.csv
Exception type : TypeError 
Exception message : float() argument must be a string or a real number, not 'complex'
Stack trace : ['File : /sfs/gpfs/tardis/home/xpz5km/Cahn_Hilliard_Model_HPC/spinodal_decomp/compare_L2_error.py , Line : 86, Func.Name : compare_L2_error_at_timepoint, Message : snapshot_NMG = read_specific_lines(f"{root}/{NMG_fname}", line_list)', 'File : /sfs/gpfs/tardis/home/xpz5km/Cahn_Hilliard_Model_HPC/spinodal_decomp/compare_L2_error.py , Line : 21, Func.Name : read_specific_lines, Message : digits.append(float(i))']
Python,20,64,periodic,20,20,25p
NMG_Python_20_dt_5.50e-06_Nx_64_periodic_dtout_2025pphi.csv
Exception type : TypeError 
Exception message : float() argument must be a string or a real number, not 'complex'
Stack trace : ['File : /sfs/gpfs/tardis/home/xpz5km/Cahn_Hilliard_Model_HPC/spinodal_decomp/compare_L2_error.py , Line : 86, Func.Name : compare_L2_error_at_timepoint, Message : snapshot_NMG = read_specific_lines(f"{root}/{NMG_fname}", line_list)', 'File : /sfs/gpfs/tardis/home/xpz5km/Cahn_Hilliard_Model_HPC/spinodal_decomp/compare_L2_error.py , Line : 21, Func.Name : read_specific_lines, Message : digits.append(float(i))']
Python,20,512,periodic,1,1,50p
NMG_Python_20_dt_5.50e-06_Nx_512_periodic_dtout_150pphi.csv
Exception type : TypeError 
Exception message : float() argument must be a string or a real number, not 'complex'
Stack trace : ['File : /sfs/gpfs/tardis/home/xpz5km/Cahn_Hilliard_Model_HPC/spinodal_decomp/compare_L2_error.py , Line : 86, Func.Name : compare_L2_error_at_timepoint, Message : snapshot_NMG = read_specific_lines(f"{root}/{NMG_fname}", line_list)', 'File : /sfs/gpfs/tardis/home/xpz5km/Cahn_Hilliard_Model_HPC/spinodal_decomp/compare_L2_error.py , Line : 21, Func.Name : read_specific_lines, Message : digits.append(float(i))']
Python,2000,512,neumann,2000,2000,50p not recorded; dt_out too large.
Python,2000,512,neumann,2000,2000,75p not recorded; dt_out too large.
Python,20,512,periodic,20,20,25p
NMG_Python_20_dt_5.50e-06_Nx_512_periodic_dtout_2025pphi.csv
Exception type : TypeError 
Exception message : float() argument must be a string or a real number, not 'complex'
Stack trace : ['File : /sfs/gpfs/tardis/home/xpz5km/Cahn_Hilliard_Model_HPC/spinodal_decomp/compare_L2_error.py , Line : 86, Func.Name : compare_L2_error_at_timepoint, Message : snapshot_NMG = read_specific_lines(f"{root}/{NMG_fname}", line_list)', 'File : /sfs/gpfs/tardis/home/xpz5km/Cahn_Hilliard_Model_HPC/spinodal_decomp/compare_L2_error.py , Line : 21, Func.Name : read_specific_lines, Message : digits.append(float(i))']
Python,20,64,neumann,20,20,50p
NMG_Python_20_dt_5.50e-06_Nx_64_neumann_dtout_2050pphi.csv
Exception type : TypeError 
Exception message : float() argument must be a string or a real number, not 'complex'
Stack trace : ['File : /sfs/gpfs/tardis/home/xpz5km/Cahn_Hilliard_Model_HPC/spinodal_decomp/compare_L2_error.py , Line : 86, Func.Name : compare_L2_error_at_timepoint, Message : snapshot_NMG = read_specific_lines(f"{root}/{NMG_fname}", line_list)', 'File : /sfs/gpfs/tardis/home/xpz5km/Cahn_Hilliard_Model_HPC/spinodal_decomp/compare_L2_error.py , Line : 21, Func.Name : read_specific_lines, Message : digits.append(float(i))']
Python,20,128,neumann,20,20,75p
NMG_Python_20_dt_5.50e-06_Nx_128_neumann_dtout_2075pphi.csv
Exception type : TypeError 
Exception message : float() argument must be a string or a real number, not 'complex'
Stack trace : ['File : /sfs/gpfs/tardis/home/xpz5km/Cahn_Hilliard_Model_HPC/spinodal_decomp/compare_L2_error.py , Line : 86, Func.Name : compare_L2_error_at_timepoint, Message : snapshot_NMG = read_specific_lines(f"{root}/{NMG_fname}", line_list)', 'File : /sfs/gpfs/tardis/home/xpz5km/Cahn_Hilliard_Model_HPC/spinodal_decomp/compare_L2_error.py , Line : 21, Func.Name : read_specific_lines, Message : digits.append(float(i))']
Python,20,64,neumann,1,1,25p
NMG_Python_20_dt_5.50e-06_Nx_64_neumann_dtout_125pphi.csv
Exception type : TypeError 
Exception message : float() argument must be a string or a real number, not 'complex'
Stack trace : ['File : /sfs/gpfs/tardis/home/xpz5km/Cahn_Hilliard_Model_HPC/spinodal_decomp/compare_L2_error.py , Line : 86, Func.Name : compare_L2_error_at_timepoint, Message : snapshot_NMG = read_specific_lines(f"{root}/{NMG_fname}", line_list)', 'File : /sfs/gpfs/tardis/home/xpz5km/Cahn_Hilliard_Model_HPC/spinodal_decomp/compare_L2_error.py , Line : 21, Func.Name : read_specific_lines, Message : digits.append(float(i))']
Python,2000,64,neumann,2000,2000,25p not recorded; dt_out too large.
Python,20,512,periodic,1,1,25p
NMG_Python_20_dt_5.50e-06_Nx_512_periodic_dtout_125pphi.csv
Exception type : TypeError 
Exception message : float() argument must be a string or a real number, not 'complex'
Stack trace : ['File : /sfs/gpfs/tardis/home/xpz5km/Cahn_Hilliard_Model_HPC/spinodal_decomp/compare_L2_error.py , Line : 86, Func.Name : compare_L2_error_at_timepoint, Message : snapshot_NMG = read_specific_lines(f"{root}/{NMG_fname}", line_list)', 'File : /sfs/gpfs/tardis/home/xpz5km/Cahn_Hilliard_Model_HPC/spinodal_decomp/compare_L2_error.py , Line : 21, Func.Name : read_specific_lines, Message : digits.append(float(i))']
Python,2000,128,periodic,2000,2000,25p not recorded; dt_out too large.
Python,20,512,periodic,20,20,50p
NMG_Python_20_dt_5.50e-06_Nx_512_periodic_dtout_2050pphi.csv
Exception type : TypeError 
Exception message : float() argument must be a string or a real number, not 'complex'
Stack trace : ['File : /sfs/gpfs/tardis/home/xpz5km/Cahn_Hilliard_Model_HPC/spinodal_decomp/compare_L2_error.py , Line : 86, Func.Name : compare_L2_error_at_timepoint, Message : snapshot_NMG = read_specific_lines(f"{root}/{NMG_fname}", line_list)', 'File : /sfs/gpfs/tardis/home/xpz5km/Cahn_Hilliard_Model_HPC/spinodal_decomp/compare_L2_error.py , Line : 21, Func.Name : read_specific_lines, Message : digits.append(float(i))']
Python,2000,512,periodic,2000,2000,75p not recorded; dt_out too large.
Python,20,128,periodic,1,1,75p
NMG_Python_20_dt_5.50e-06_Nx_128_periodic_dtout_175pphi.csv
Exception type : TypeError 
Exception message : float() argument must be a string or a real number, not 'complex'
Stack trace : ['File : /sfs/gpfs/tardis/home/xpz5km/Cahn_Hilliard_Model_HPC/spinodal_decomp/compare_L2_error.py , Line : 86, Func.Name : compare_L2_error_at_timepoint, Message : snapshot_NMG = read_specific_lines(f"{root}/{NMG_fname}", line_list)', 'File : /sfs/gpfs/tardis/home/xpz5km/Cahn_Hilliard_Model_HPC/spinodal_decomp/compare_L2_error.py , Line : 21, Func.Name : read_specific_lines, Message : digits.append(float(i))']
Python,20,512,periodic,1,1,75p
NMG_Python_20_dt_5.50e-06_Nx_512_periodic_dtout_175pphi.csv
Exception type : TypeError 
Exception message : float() argument must be a string or a real number, not 'complex'
Stack trace : ['File : /sfs/gpfs/tardis/home/xpz5km/Cahn_Hilliard_Model_HPC/spinodal_decomp/compare_L2_error.py , Line : 86, Func.Name : compare_L2_error_at_timepoint, Message : snapshot_NMG = read_specific_lines(f"{root}/{NMG_fname}", line_list)', 'File : /sfs/gpfs/tardis/home/xpz5km/Cahn_Hilliard_Model_HPC/spinodal_decomp/compare_L2_error.py , Line : 21, Func.Name : read_specific_lines, Message : digits.append(float(i))']
Python,20,128,neumann,1,1,50p
NMG_Python_20_dt_5.50e-06_Nx_128_neumann_dtout_150pphi.csv
Exception type : TypeError 
Exception message : float() argument must be a string or a real number, not 'complex'
Stack trace : ['File : /sfs/gpfs/tardis/home/xpz5km/Cahn_Hilliard_Model_HPC/spinodal_decomp/compare_L2_error.py , Line : 86, Func.Name : compare_L2_error_at_timepoint, Message : snapshot_NMG = read_specific_lines(f"{root}/{NMG_fname}", line_list)', 'File : /sfs/gpfs/tardis/home/xpz5km/Cahn_Hilliard_Model_HPC/spinodal_decomp/compare_L2_error.py , Line : 21, Func.Name : read_specific_lines, Message : digits.append(float(i))']
Python,2000,64,periodic,2000,2000,25p not recorded; dt_out too large.
Python,20,128,periodic,20,20,75p
NMG_Python_20_dt_5.50e-06_Nx_128_periodic_dtout_2075pphi.csv
Exception type : TypeError 
Exception message : float() argument must be a string or a real number, not 'complex'
Stack trace : ['File : /sfs/gpfs/tardis/home/xpz5km/Cahn_Hilliard_Model_HPC/spinodal_decomp/compare_L2_error.py , Line : 86, Func.Name : compare_L2_error_at_timepoint, Message : snapshot_NMG = read_specific_lines(f"{root}/{NMG_fname}", line_list)', 'File : /sfs/gpfs/tardis/home/xpz5km/Cahn_Hilliard_Model_HPC/spinodal_decomp/compare_L2_error.py , Line : 21, Func.Name : read_specific_lines, Message : digits.append(float(i))']
Python,2000,64,neumann,2000,2000,50p not recorded; dt_out too large.
Python,2000,128,periodic,2000,2000,50p not recorded; dt_out too large.
Python,20,256,periodic,20,20,75p
NMG_Python_20_dt_5.50e-06_Nx_256_periodic_dtout_2075pphi.csv
Exception type : TypeError 
Exception message : float() argument must be a string or a real number, not 'complex'
Stack trace : ['File : /sfs/gpfs/tardis/home/xpz5km/Cahn_Hilliard_Model_HPC/spinodal_decomp/compare_L2_error.py , Line : 86, Func.Name : compare_L2_error_at_timepoint, Message : snapshot_NMG = read_specific_lines(f"{root}/{NMG_fname}", line_list)', 'File : /sfs/gpfs/tardis/home/xpz5km/Cahn_Hilliard_Model_HPC/spinodal_decomp/compare_L2_error.py , Line : 21, Func.Name : read_specific_lines, Message : digits.append(float(i))']
Python,20,512,neumann,1,1,75p
NMG_Python_20_dt_5.50e-06_Nx_512_neumann_dtout_175pphi.csv
Exception type : TypeError 
Exception message : float() argument must be a string or a real number, not 'complex'
Stack trace : ['File : /sfs/gpfs/tardis/home/xpz5km/Cahn_Hilliard_Model_HPC/spinodal_decomp/compare_L2_error.py , Line : 86, Func.Name : compare_L2_error_at_timepoint, Message : snapshot_NMG = read_specific_lines(f"{root}/{NMG_fname}", line_list)', 'File : /sfs/gpfs/tardis/home/xpz5km/Cahn_Hilliard_Model_HPC/spinodal_decomp/compare_L2_error.py , Line : 21, Func.Name : read_specific_lines, Message : digits.append(float(i))']
Python,20,64,neumann,20,20,25p
NMG_Python_20_dt_5.50e-06_Nx_64_neumann_dtout_2025pphi.csv
Exception type : TypeError 
Exception message : float() argument must be a string or a real number, not 'complex'
Stack trace : ['File : /sfs/gpfs/tardis/home/xpz5km/Cahn_Hilliard_Model_HPC/spinodal_decomp/compare_L2_error.py , Line : 86, Func.Name : compare_L2_error_at_timepoint, Message : snapshot_NMG = read_specific_lines(f"{root}/{NMG_fname}", line_list)', 'File : /sfs/gpfs/tardis/home/xpz5km/Cahn_Hilliard_Model_HPC/spinodal_decomp/compare_L2_error.py , Line : 21, Func.Name : read_specific_lines, Message : digits.append(float(i))']
Python,20,64,neumann,20,20,75p
NMG_Python_20_dt_5.50e-06_Nx_64_neumann_dtout_2075pphi.csv
Exception type : TypeError 
Exception message : float() argument must be a string or a real number, not 'complex'
Stack trace : ['File : /sfs/gpfs/tardis/home/xpz5km/Cahn_Hilliard_Model_HPC/spinodal_decomp/compare_L2_error.py , Line : 86, Func.Name : compare_L2_error_at_timepoint, Message : snapshot_NMG = read_specific_lines(f"{root}/{NMG_fname}", line_list)', 'File : /sfs/gpfs/tardis/home/xpz5km/Cahn_Hilliard_Model_HPC/spinodal_decomp/compare_L2_error.py , Line : 21, Func.Name : read_specific_lines, Message : digits.append(float(i))']
Python,2000,64,periodic,2000,2000,50p not recorded; dt_out too large.
Python,20,512,periodic,20,20,75p
NMG_Python_20_dt_5.50e-06_Nx_512_periodic_dtout_2075pphi.csv
Exception type : TypeError 
Exception message : float() argument must be a string or a real number, not 'complex'
Stack trace : ['File : /sfs/gpfs/tardis/home/xpz5km/Cahn_Hilliard_Model_HPC/spinodal_decomp/compare_L2_error.py , Line : 86, Func.Name : compare_L2_error_at_timepoint, Message : snapshot_NMG = read_specific_lines(f"{root}/{NMG_fname}", line_list)', 'File : /sfs/gpfs/tardis/home/xpz5km/Cahn_Hilliard_Model_HPC/spinodal_decomp/compare_L2_error.py , Line : 21, Func.Name : read_specific_lines, Message : digits.append(float(i))']
Python,20,512,neumann,20,20,25p
NMG_Python_20_dt_5.50e-06_Nx_512_neumann_dtout_2025pphi.csv
Exception type : TypeError 
Exception message : float() argument must be a string or a real number, not 'complex'
Stack trace : ['File : /sfs/gpfs/tardis/home/xpz5km/Cahn_Hilliard_Model_HPC/spinodal_decomp/compare_L2_error.py , Line : 86, Func.Name : compare_L2_error_at_timepoint, Message : snapshot_NMG = read_specific_lines(f"{root}/{NMG_fname}", line_list)', 'File : /sfs/gpfs/tardis/home/xpz5km/Cahn_Hilliard_Model_HPC/spinodal_decomp/compare_L2_error.py , Line : 21, Func.Name : read_specific_lines, Message : digits.append(float(i))']
Python,20,512,neumann,1,1,50p
NMG_Python_20_dt_5.50e-06_Nx_512_neumann_dtout_150pphi.csv
Exception type : TypeError 
Exception message : float() argument must be a string or a real number, not 'complex'
Stack trace : ['File : /sfs/gpfs/tardis/home/xpz5km/Cahn_Hilliard_Model_HPC/spinodal_decomp/compare_L2_error.py , Line : 86, Func.Name : compare_L2_error_at_timepoint, Message : snapshot_NMG = read_specific_lines(f"{root}/{NMG_fname}", line_list)', 'File : /sfs/gpfs/tardis/home/xpz5km/Cahn_Hilliard_Model_HPC/spinodal_decomp/compare_L2_error.py , Line : 21, Func.Name : read_specific_lines, Message : digits.append(float(i))']
Python,20,64,periodic,1,1,25p
NMG_Python_20_dt_5.50e-06_Nx_64_periodic_dtout_125pphi.csv
Exception type : TypeError 
Exception message : float() argument must be a string or a real number, not 'complex'
Stack trace : ['File : /sfs/gpfs/tardis/home/xpz5km/Cahn_Hilliard_Model_HPC/spinodal_decomp/compare_L2_error.py , Line : 86, Func.Name : compare_L2_error_at_timepoint, Message : snapshot_NMG = read_specific_lines(f"{root}/{NMG_fname}", line_list)', 'File : /sfs/gpfs/tardis/home/xpz5km/Cahn_Hilliard_Model_HPC/spinodal_decomp/compare_L2_error.py , Line : 21, Func.Name : read_specific_lines, Message : digits.append(float(i))']
Python,2000,128,neumann,2000,2000,75p not recorded; dt_out too large.
Python,20,128,periodic,20,20,50p
NMG_Python_20_dt_5.50e-06_Nx_128_periodic_dtout_2050pphi.csv
Exception type : TypeError 
Exception message : float() argument must be a string or a real number, not 'complex'
Stack trace : ['File : /sfs/gpfs/tardis/home/xpz5km/Cahn_Hilliard_Model_HPC/spinodal_decomp/compare_L2_error.py , Line : 86, Func.Name : compare_L2_error_at_timepoint, Message : snapshot_NMG = read_specific_lines(f"{root}/{NMG_fname}", line_list)', 'File : /sfs/gpfs/tardis/home/xpz5km/Cahn_Hilliard_Model_HPC/spinodal_decomp/compare_L2_error.py , Line : 21, Func.Name : read_specific_lines, Message : digits.append(float(i))']
Python,20,256,periodic,20,20,50p
NMG_Python_20_dt_5.50e-06_Nx_256_periodic_dtout_2050pphi.csv
Exception type : TypeError 
Exception message : float() argument must be a string or a real number, not 'complex'
Stack trace : ['File : /sfs/gpfs/tardis/home/xpz5km/Cahn_Hilliard_Model_HPC/spinodal_decomp/compare_L2_error.py , Line : 86, Func.Name : compare_L2_error_at_timepoint, Message : snapshot_NMG = read_specific_lines(f"{root}/{NMG_fname}", line_list)', 'File : /sfs/gpfs/tardis/home/xpz5km/Cahn_Hilliard_Model_HPC/spinodal_decomp/compare_L2_error.py , Line : 21, Func.Name : read_specific_lines, Message : digits.append(float(i))']
Python,2000,256,neumann,2000,2000,50p not recorded; dt_out too large.
Python,20,64,periodic,20,20,50p
NMG_Python_20_dt_5.50e-06_Nx_64_periodic_dtout_2050pphi.csv
Exception type : TypeError 
Exception message : float() argument must be a string or a real number, not 'complex'
Stack trace : ['File : /sfs/gpfs/tardis/home/xpz5km/Cahn_Hilliard_Model_HPC/spinodal_decomp/compare_L2_error.py , Line : 86, Func.Name : compare_L2_error_at_timepoint, Message : snapshot_NMG = read_specific_lines(f"{root}/{NMG_fname}", line_list)', 'File : /sfs/gpfs/tardis/home/xpz5km/Cahn_Hilliard_Model_HPC/spinodal_decomp/compare_L2_error.py , Line : 21, Func.Name : read_specific_lines, Message : digits.append(float(i))']
Python,2000,512,neumann,2000,2000,25p not recorded; dt_out too large.
Python,20,512,neumann,20,20,75p
NMG_Python_20_dt_5.50e-06_Nx_512_neumann_dtout_2075pphi.csv
Exception type : TypeError 
Exception message : float() argument must be a string or a real number, not 'complex'
Stack trace : ['File : /sfs/gpfs/tardis/home/xpz5km/Cahn_Hilliard_Model_HPC/spinodal_decomp/compare_L2_error.py , Line : 86, Func.Name : compare_L2_error_at_timepoint, Message : snapshot_NMG = read_specific_lines(f"{root}/{NMG_fname}", line_list)', 'File : /sfs/gpfs/tardis/home/xpz5km/Cahn_Hilliard_Model_HPC/spinodal_decomp/compare_L2_error.py , Line : 21, Func.Name : read_specific_lines, Message : digits.append(float(i))']
Python,20,256,neumann,20,20,25p
NMG_Python_20_dt_5.50e-06_Nx_256_neumann_dtout_2025pphi.csv
Exception type : TypeError 
Exception message : float() argument must be a string or a real number, not 'complex'
Stack trace : ['File : /sfs/gpfs/tardis/home/xpz5km/Cahn_Hilliard_Model_HPC/spinodal_decomp/compare_L2_error.py , Line : 86, Func.Name : compare_L2_error_at_timepoint, Message : snapshot_NMG = read_specific_lines(f"{root}/{NMG_fname}", line_list)', 'File : /sfs/gpfs/tardis/home/xpz5km/Cahn_Hilliard_Model_HPC/spinodal_decomp/compare_L2_error.py , Line : 21, Func.Name : read_specific_lines, Message : digits.append(float(i))']
Python,2000,64,neumann,2000,2000,75p not recorded; dt_out too large.
Python,20,128,neumann,20,20,25p
NMG_Python_20_dt_5.50e-06_Nx_128_neumann_dtout_2025pphi.csv
Exception type : TypeError 
Exception message : float() argument must be a string or a real number, not 'complex'
Stack trace : ['File : /sfs/gpfs/tardis/home/xpz5km/Cahn_Hilliard_Model_HPC/spinodal_decomp/compare_L2_error.py , Line : 86, Func.Name : compare_L2_error_at_timepoint, Message : snapshot_NMG = read_specific_lines(f"{root}/{NMG_fname}", line_list)', 'File : /sfs/gpfs/tardis/home/xpz5km/Cahn_Hilliard_Model_HPC/spinodal_decomp/compare_L2_error.py , Line : 21, Func.Name : read_specific_lines, Message : digits.append(float(i))']
Python,20,64,periodic,20,20,75p
NMG_Python_20_dt_5.50e-06_Nx_64_periodic_dtout_2075pphi.csv
Exception type : TypeError 
Exception message : float() argument must be a string or a real number, not 'complex'
Stack trace : ['File : /sfs/gpfs/tardis/home/xpz5km/Cahn_Hilliard_Model_HPC/spinodal_decomp/compare_L2_error.py , Line : 86, Func.Name : compare_L2_error_at_timepoint, Message : snapshot_NMG = read_specific_lines(f"{root}/{NMG_fname}", line_list)', 'File : /sfs/gpfs/tardis/home/xpz5km/Cahn_Hilliard_Model_HPC/spinodal_decomp/compare_L2_error.py , Line : 21, Func.Name : read_specific_lines, Message : digits.append(float(i))']
Python,20,256,periodic,1,1,75p
NMG_Python_20_dt_5.50e-06_Nx_256_periodic_dtout_175pphi.csv
Exception type : TypeError 
Exception message : float() argument must be a string or a real number, not 'complex'
Stack trace : ['File : /sfs/gpfs/tardis/home/xpz5km/Cahn_Hilliard_Model_HPC/spinodal_decomp/compare_L2_error.py , Line : 86, Func.Name : compare_L2_error_at_timepoint, Message : snapshot_NMG = read_specific_lines(f"{root}/{NMG_fname}", line_list)', 'File : /sfs/gpfs/tardis/home/xpz5km/Cahn_Hilliard_Model_HPC/spinodal_decomp/compare_L2_error.py , Line : 21, Func.Name : read_specific_lines, Message : digits.append(float(i))']
Python,20,64,periodic,1,1,50p
NMG_Python_20_dt_5.50e-06_Nx_64_periodic_dtout_150pphi.csv
Exception type : TypeError 
Exception message : float() argument must be a string or a real number, not 'complex'
Stack trace : ['File : /sfs/gpfs/tardis/home/xpz5km/Cahn_Hilliard_Model_HPC/spinodal_decomp/compare_L2_error.py , Line : 86, Func.Name : compare_L2_error_at_timepoint, Message : snapshot_NMG = read_specific_lines(f"{root}/{NMG_fname}", line_list)', 'File : /sfs/gpfs/tardis/home/xpz5km/Cahn_Hilliard_Model_HPC/spinodal_decomp/compare_L2_error.py , Line : 21, Func.Name : read_specific_lines, Message : digits.append(float(i))']
Python,20,128,periodic,1,1,25p
NMG_Python_20_dt_5.50e-06_Nx_128_periodic_dtout_125pphi.csv
Exception type : TypeError 
Exception message : float() argument must be a string or a real number, not 'complex'
Stack trace : ['File : /sfs/gpfs/tardis/home/xpz5km/Cahn_Hilliard_Model_HPC/spinodal_decomp/compare_L2_error.py , Line : 86, Func.Name : compare_L2_error_at_timepoint, Message : snapshot_NMG = read_specific_lines(f"{root}/{NMG_fname}", line_list)', 'File : /sfs/gpfs/tardis/home/xpz5km/Cahn_Hilliard_Model_HPC/spinodal_decomp/compare_L2_error.py , Line : 21, Func.Name : read_specific_lines, Message : digits.append(float(i))']
1
Python,20,256,neumann,20,20,75p
NMG_Python_20_dt_5.50e-06_Nx_256_neumann_dtout_2075pphi.csv
Exception type : TypeError 
Exception message : float() argument must be a string or a real number, not 'complex'
Stack trace : ['File : /sfs/gpfs/tardis/home/xpz5km/Cahn_Hilliard_Model_HPC/spinodal_decomp/compare_L2_error.py , Line : 86, Func.Name : compare_L2_error_at_timepoint, Message : snapshot_NMG = read_specific_lines(f"{root}/{NMG_fname}", line_list)', 'File : /sfs/gpfs/tardis/home/xpz5km/Cahn_Hilliard_Model_HPC/spinodal_decomp/compare_L2_error.py , Line : 21, Func.Name : read_specific_lines, Message : digits.append(float(i))']
Python,2000,256,neumann,2000,2000,25p not recorded; dt_out too large.
Python,20,128,periodic,20,20,25p
NMG_Python_20_dt_5.50e-06_Nx_128_periodic_dtout_2025pphi.csv
Exception type : TypeError 
Exception message : float() argument must be a string or a real number, not 'complex'
Stack trace : ['File : /sfs/gpfs/tardis/home/xpz5km/Cahn_Hilliard_Model_HPC/spinodal_decomp/compare_L2_error.py , Line : 86, Func.Name : compare_L2_error_at_timepoint, Message : snapshot_NMG = read_specific_lines(f"{root}/{NMG_fname}", line_list)', 'File : /sfs/gpfs/tardis/home/xpz5km/Cahn_Hilliard_Model_HPC/spinodal_decomp/compare_L2_error.py , Line : 21, Func.Name : read_specific_lines, Message : digits.append(float(i))']
Python,2000,256,periodic,2000,2000,50p not recorded; dt_out too large.
Python,20,256,periodic,20,20,25p
NMG_Python_20_dt_5.50e-06_Nx_256_periodic_dtout_2025pphi.csv
Exception type : TypeError 
Exception message : float() argument must be a string or a real number, not 'complex'
Stack trace : ['File : /sfs/gpfs/tardis/home/xpz5km/Cahn_Hilliard_Model_HPC/spinodal_decomp/compare_L2_error.py , Line : 86, Func.Name : compare_L2_error_at_timepoint, Message : snapshot_NMG = read_specific_lines(f"{root}/{NMG_fname}", line_list)', 'File : /sfs/gpfs/tardis/home/xpz5km/Cahn_Hilliard_Model_HPC/spinodal_decomp/compare_L2_error.py , Line : 21, Func.Name : read_specific_lines, Message : digits.append(float(i))']
Python,20,512,neumann,20,20,50p
NMG_Python_20_dt_5.50e-06_Nx_512_neumann_dtout_2050pphi.csv
Exception type : TypeError 
Exception message : float() argument must be a string or a real number, not 'complex'
Stack trace : ['File : /sfs/gpfs/tardis/home/xpz5km/Cahn_Hilliard_Model_HPC/spinodal_decomp/compare_L2_error.py , Line : 86, Func.Name : compare_L2_error_at_timepoint, Message : snapshot_NMG = read_specific_lines(f"{root}/{NMG_fname}", line_list)', 'File : /sfs/gpfs/tardis/home/xpz5km/Cahn_Hilliard_Model_HPC/spinodal_decomp/compare_L2_error.py , Line : 21, Func.Name : read_specific_lines, Message : digits.append(float(i))']
Python,2000,512,periodic,2000,2000,25p not recorded; dt_out too large.
Python,2000,64,periodic,2000,2000,75p not recorded; dt_out too large.
Python,2000,256,periodic,2000,2000,25p not recorded; dt_out too large.
Python,2000,256,neumann,2000,2000,75p not recorded; dt_out too large.
Python,2000,128,periodic,2000,2000,75p not recorded; dt_out too large.
Python,20,128,neumann,1,1,25p
NMG_Python_20_dt_5.50e-06_Nx_128_neumann_dtout_125pphi.csv
Exception type : TypeError 
Exception message : float() argument must be a string or a real number, not 'complex'
Stack trace : ['File : /sfs/gpfs/tardis/home/xpz5km/Cahn_Hilliard_Model_HPC/spinodal_decomp/compare_L2_error.py , Line : 86, Func.Name : compare_L2_error_at_timepoint, Message : snapshot_NMG = read_specific_lines(f"{root}/{NMG_fname}", line_list)', 'File : /sfs/gpfs/tardis/home/xpz5km/Cahn_Hilliard_Model_HPC/spinodal_decomp/compare_L2_error.py , Line : 21, Func.Name : read_specific_lines, Message : digits.append(float(i))']
Python,2000,256,periodic,2000,2000,75p not recorded; dt_out too large.
Python,20,256,neumann,20,20,50p
NMG_Python_20_dt_5.50e-06_Nx_256_neumann_dtout_2050pphi.csv
Exception type : TypeError 
Exception message : float() argument must be a string or a real number, not 'complex'
Stack trace : ['File : /sfs/gpfs/tardis/home/xpz5km/Cahn_Hilliard_Model_HPC/spinodal_decomp/compare_L2_error.py , Line : 86, Func.Name : compare_L2_error_at_timepoint, Message : snapshot_NMG = read_specific_lines(f"{root}/{NMG_fname}", line_list)', 'File : /sfs/gpfs/tardis/home/xpz5km/Cahn_Hilliard_Model_HPC/spinodal_decomp/compare_L2_error.py , Line : 21, Func.Name : read_specific_lines, Message : digits.append(float(i))']
Python,2000,128,neumann,2000,2000,25p not recorded; dt_out too large.
Python,20,64,periodic,1,1,75p
NMG_Python_20_dt_5.50e-06_Nx_64_periodic_dtout_175pphi.csv
Exception type : TypeError 
Exception message : float() argument must be a string or a real number, not 'complex'
Stack trace : ['File : /sfs/gpfs/tardis/home/xpz5km/Cahn_Hilliard_Model_HPC/spinodal_decomp/compare_L2_error.py , Line : 86, Func.Name : compare_L2_error_at_timepoint, Message : snapshot_NMG = read_specific_lines(f"{root}/{NMG_fname}", line_list)', 'File : /sfs/gpfs/tardis/home/xpz5km/Cahn_Hilliard_Model_HPC/spinodal_decomp/compare_L2_error.py , Line : 21, Func.Name : read_specific_lines, Message : digits.append(float(i))']
Python,20,256,periodic,1,1,50p
NMG_Python_20_dt_5.50e-06_Nx_256_periodic_dtout_150pphi.csv
Exception type : TypeError 
Exception message : float() argument must be a string or a real number, not 'complex'
Stack trace : ['File : /sfs/gpfs/tardis/home/xpz5km/Cahn_Hilliard_Model_HPC/spinodal_decomp/compare_L2_error.py , Line : 86, Func.Name : compare_L2_error_at_timepoint, Message : snapshot_NMG = read_specific_lines(f"{root}/{NMG_fname}", line_list)', 'File : /sfs/gpfs/tardis/home/xpz5km/Cahn_Hilliard_Model_HPC/spinodal_decomp/compare_L2_error.py , Line : 21, Func.Name : read_specific_lines, Message : digits.append(float(i))']
Python,20,128,neumann,1,1,75p
NMG_Python_20_dt_5.50e-06_Nx_128_neumann_dtout_175pphi.csv
Exception type : TypeError 
Exception message : float() argument must be a string or a real number, not 'complex'
Stack trace : ['File : /sfs/gpfs/tardis/home/xpz5km/Cahn_Hilliard_Model_HPC/spinodal_decomp/compare_L2_error.py , Line : 86, Func.Name : compare_L2_error_at_timepoint, Message : snapshot_NMG = read_specific_lines(f"{root}/{NMG_fname}", line_list)', 'File : /sfs/gpfs/tardis/home/xpz5km/Cahn_Hilliard_Model_HPC/spinodal_decomp/compare_L2_error.py , Line : 21, Func.Name : read_specific_lines, Message : digits.append(float(i))']
Python,20,64,neumann,1,1,50p
NMG_Python_20_dt_5.50e-06_Nx_64_neumann_dtout_150pphi.csv
Exception type : TypeError 
Exception message : float() argument must be a string or a real number, not 'complex'
Stack trace : ['File : /sfs/gpfs/tardis/home/xpz5km/Cahn_Hilliard_Model_HPC/spinodal_decomp/compare_L2_error.py , Line : 86, Func.Name : compare_L2_error_at_timepoint, Message : snapshot_NMG = read_specific_lines(f"{root}/{NMG_fname}", line_list)', 'File : /sfs/gpfs/tardis/home/xpz5km/Cahn_Hilliard_Model_HPC/spinodal_decomp/compare_L2_error.py , Line : 21, Func.Name : read_specific_lines, Message : digits.append(float(i))']
Python,20,256,neumann,1,1,50p
NMG_Python_20_dt_5.50e-06_Nx_256_neumann_dtout_150pphi.csv
Exception type : TypeError 
Exception message : float() argument must be a string or a real number, not 'complex'
Stack trace : ['File : /sfs/gpfs/tardis/home/xpz5km/Cahn_Hilliard_Model_HPC/spinodal_decomp/compare_L2_error.py , Line : 86, Func.Name : compare_L2_error_at_timepoint, Message : snapshot_NMG = read_specific_lines(f"{root}/{NMG_fname}", line_list)', 'File : /sfs/gpfs/tardis/home/xpz5km/Cahn_Hilliard_Model_HPC/spinodal_decomp/compare_L2_error.py , Line : 21, Func.Name : read_specific_lines, Message : digits.append(float(i))']
Python,20,512,neumann,1,1,25p
NMG_Python_20_dt_5.50e-06_Nx_512_neumann_dtout_125pphi.csv
Exception type : TypeError 
Exception message : float() argument must be a string or a real number, not 'complex'
Stack trace : ['File : /sfs/gpfs/tardis/home/xpz5km/Cahn_Hilliard_Model_HPC/spinodal_decomp/compare_L2_error.py , Line : 86, Func.Name : compare_L2_error_at_timepoint, Message : snapshot_NMG = read_specific_lines(f"{root}/{NMG_fname}", line_list)', 'File : /sfs/gpfs/tardis/home/xpz5km/Cahn_Hilliard_Model_HPC/spinodal_decomp/compare_L2_error.py , Line : 21, Func.Name : read_specific_lines, Message : digits.append(float(i))']
Python,2000,128,neumann,2000,2000,50p not recorded; dt_out too large.
Python,2000,512,periodic,2000,2000,50p not recorded; dt_out too large.
Python,20,256,neumann,1,1,75p
NMG_Python_20_dt_5.50e-06_Nx_256_neumann_dtout_175pphi.csv
Exception type : TypeError 
Exception message : float() argument must be a string or a real number, not 'complex'
Stack trace : ['File : /sfs/gpfs/tardis/home/xpz5km/Cahn_Hilliard_Model_HPC/spinodal_decomp/compare_L2_error.py , Line : 86, Func.Name : compare_L2_error_at_timepoint, Message : snapshot_NMG = read_specific_lines(f"{root}/{NMG_fname}", line_list)', 'File : /sfs/gpfs/tardis/home/xpz5km/Cahn_Hilliard_Model_HPC/spinodal_decomp/compare_L2_error.py , Line : 21, Func.Name : read_specific_lines, Message : digits.append(float(i))']
Python,20,128,neumann,20,20,50p
NMG_Python_20_dt_5.50e-06_Nx_128_neumann_dtout_2050pphi.csv
Exception type : TypeError 
Exception message : float() argument must be a string or a real number, not 'complex'
Stack trace : ['File : /sfs/gpfs/tardis/home/xpz5km/Cahn_Hilliard_Model_HPC/spinodal_decomp/compare_L2_error.py , Line : 86, Func.Name : compare_L2_error_at_timepoint, Message : snapshot_NMG = read_specific_lines(f"{root}/{NMG_fname}", line_list)', 'File : /sfs/gpfs/tardis/home/xpz5km/Cahn_Hilliard_Model_HPC/spinodal_decomp/compare_L2_error.py , Line : 21, Func.Name : read_specific_lines, Message : digits.append(float(i))']
Python,20,128,periodic,1,1,50p
NMG_Python_20_dt_5.50e-06_Nx_128_periodic_dtout_150pphi.csv
Exception type : TypeError 
Exception message : float() argument must be a string or a real number, not 'complex'
Stack trace : ['File : /sfs/gpfs/tardis/home/xpz5km/Cahn_Hilliard_Model_HPC/spinodal_decomp/compare_L2_error.py , Line : 86, Func.Name : compare_L2_error_at_timepoint, Message : snapshot_NMG = read_specific_lines(f"{root}/{NMG_fname}", line_list)', 'File : /sfs/gpfs/tardis/home/xpz5km/Cahn_Hilliard_Model_HPC/spinodal_decomp/compare_L2_error.py , Line : 21, Func.Name : read_specific_lines, Message : digits.append(float(i))']
Python,20,256,neumann,1,1,25p
NMG_Python_20_dt_5.50e-06_Nx_256_neumann_dtout_125pphi.csv
Exception type : TypeError 
Exception message : float() argument must be a string or a real number, not 'complex'
Stack trace : ['File : /sfs/gpfs/tardis/home/xpz5km/Cahn_Hilliard_Model_HPC/spinodal_decomp/compare_L2_error.py , Line : 86, Func.Name : compare_L2_error_at_timepoint, Message : snapshot_NMG = read_specific_lines(f"{root}/{NMG_fname}", line_list)', 'File : /sfs/gpfs/tardis/home/xpz5km/Cahn_Hilliard_Model_HPC/spinodal_decomp/compare_L2_error.py , Line : 21, Func.Name : read_specific_lines, Message : digits.append(float(i))']
Python,20,64,neumann,1,1,75p
NMG_Python_20_dt_5.50e-06_Nx_64_neumann_dtout_175pphi.csv
Exception type : TypeError 
Exception message : float() argument must be a string or a real number, not 'complex'
Stack trace : ['File : /sfs/gpfs/tardis/home/xpz5km/Cahn_Hilliard_Model_HPC/spinodal_decomp/compare_L2_error.py , Line : 86, Func.Name : compare_L2_error_at_timepoint, Message : snapshot_NMG = read_specific_lines(f"{root}/{NMG_fname}", line_list)', 'File : /sfs/gpfs/tardis/home/xpz5km/Cahn_Hilliard_Model_HPC/spinodal_decomp/compare_L2_error.py , Line : 21, Func.Name : read_specific_lines, Message : digits.append(float(i))']
Python,20,256,periodic,1,1,25p
NMG_Python_20_dt_5.50e-06_Nx_256_periodic_dtout_125pphi.csv
Exception type : TypeError 
Exception message : float() argument must be a string or a real number, not 'complex'
Stack trace : ['File : /sfs/gpfs/tardis/home/xpz5km/Cahn_Hilliard_Model_HPC/spinodal_decomp/compare_L2_error.py , Line : 86, Func.Name : compare_L2_error_at_timepoint, Message : snapshot_NMG = read_specific_lines(f"{root}/{NMG_fname}", line_list)', 'File : /sfs/gpfs/tardis/home/xpz5km/Cahn_Hilliard_Model_HPC/spinodal_decomp/compare_L2_error.py , Line : 21, Func.Name : read_specific_lines, Message : digits.append(float(i))']
Python,20,64,periodic,20,20,25p
NMG_Python_20_dt_5.50e-06_Nx_64_periodic_dtout_2025pphi.csv
Exception type : TypeError 
Exception message : float() argument must be a string or a real number, not 'complex'
Stack trace : ['File : /sfs/gpfs/tardis/home/xpz5km/Cahn_Hilliard_Model_HPC/spinodal_decomp/compare_L2_error.py , Line : 86, Func.Name : compare_L2_error_at_timepoint, Message : snapshot_NMG = read_specific_lines(f"{root}/{NMG_fname}", line_list)', 'File : /sfs/gpfs/tardis/home/xpz5km/Cahn_Hilliard_Model_HPC/spinodal_decomp/compare_L2_error.py , Line : 21, Func.Name : read_specific_lines, Message : digits.append(float(i))']
Python,20,512,periodic,1,1,50p
NMG_Python_20_dt_5.50e-06_Nx_512_periodic_dtout_150pphi.csv
Exception type : TypeError 
Exception message : float() argument must be a string or a real number, not 'complex'
Stack trace : ['File : /sfs/gpfs/tardis/home/xpz5km/Cahn_Hilliard_Model_HPC/spinodal_decomp/compare_L2_error.py , Line : 86, Func.Name : compare_L2_error_at_timepoint, Message : snapshot_NMG = read_specific_lines(f"{root}/{NMG_fname}", line_list)', 'File : /sfs/gpfs/tardis/home/xpz5km/Cahn_Hilliard_Model_HPC/spinodal_decomp/compare_L2_error.py , Line : 21, Func.Name : read_specific_lines, Message : digits.append(float(i))']
Python,2000,512,neumann,2000,2000,50p not recorded; dt_out too large.
Python,2000,512,neumann,2000,2000,75p not recorded; dt_out too large.
Python,20,512,periodic,20,20,25p
NMG_Python_20_dt_5.50e-06_Nx_512_periodic_dtout_2025pphi.csv
Exception type : TypeError 
Exception message : float() argument must be a string or a real number, not 'complex'
Stack trace : ['File : /sfs/gpfs/tardis/home/xpz5km/Cahn_Hilliard_Model_HPC/spinodal_decomp/compare_L2_error.py , Line : 86, Func.Name : compare_L2_error_at_timepoint, Message : snapshot_NMG = read_specific_lines(f"{root}/{NMG_fname}", line_list)', 'File : /sfs/gpfs/tardis/home/xpz5km/Cahn_Hilliard_Model_HPC/spinodal_decomp/compare_L2_error.py , Line : 21, Func.Name : read_specific_lines, Message : digits.append(float(i))']
Python,20,64,neumann,20,20,50p
NMG_Python_20_dt_5.50e-06_Nx_64_neumann_dtout_2050pphi.csv
Exception type : TypeError 
Exception message : float() argument must be a string or a real number, not 'complex'
Stack trace : ['File : /sfs/gpfs/tardis/home/xpz5km/Cahn_Hilliard_Model_HPC/spinodal_decomp/compare_L2_error.py , Line : 86, Func.Name : compare_L2_error_at_timepoint, Message : snapshot_NMG = read_specific_lines(f"{root}/{NMG_fname}", line_list)', 'File : /sfs/gpfs/tardis/home/xpz5km/Cahn_Hilliard_Model_HPC/spinodal_decomp/compare_L2_error.py , Line : 21, Func.Name : read_specific_lines, Message : digits.append(float(i))']
Python,20,128,neumann,20,20,75p
NMG_Python_20_dt_5.50e-06_Nx_128_neumann_dtout_2075pphi.csv
Exception type : TypeError 
Exception message : float() argument must be a string or a real number, not 'complex'
Stack trace : ['File : /sfs/gpfs/tardis/home/xpz5km/Cahn_Hilliard_Model_HPC/spinodal_decomp/compare_L2_error.py , Line : 86, Func.Name : compare_L2_error_at_timepoint, Message : snapshot_NMG = read_specific_lines(f"{root}/{NMG_fname}", line_list)', 'File : /sfs/gpfs/tardis/home/xpz5km/Cahn_Hilliard_Model_HPC/spinodal_decomp/compare_L2_error.py , Line : 21, Func.Name : read_specific_lines, Message : digits.append(float(i))']
Python,20,64,neumann,1,1,25p
NMG_Python_20_dt_5.50e-06_Nx_64_neumann_dtout_125pphi.csv
Exception type : TypeError 
Exception message : float() argument must be a string or a real number, not 'complex'
Stack trace : ['File : /sfs/gpfs/tardis/home/xpz5km/Cahn_Hilliard_Model_HPC/spinodal_decomp/compare_L2_error.py , Line : 86, Func.Name : compare_L2_error_at_timepoint, Message : snapshot_NMG = read_specific_lines(f"{root}/{NMG_fname}", line_list)', 'File : /sfs/gpfs/tardis/home/xpz5km/Cahn_Hilliard_Model_HPC/spinodal_decomp/compare_L2_error.py , Line : 21, Func.Name : read_specific_lines, Message : digits.append(float(i))']
Python,2000,64,neumann,2000,2000,25p not recorded; dt_out too large.
Python,20,512,periodic,1,1,25p
NMG_Python_20_dt_5.50e-06_Nx_512_periodic_dtout_125pphi.csv
Exception type : TypeError 
Exception message : float() argument must be a string or a real number, not 'complex'
Stack trace : ['File : /sfs/gpfs/tardis/home/xpz5km/Cahn_Hilliard_Model_HPC/spinodal_decomp/compare_L2_error.py , Line : 86, Func.Name : compare_L2_error_at_timepoint, Message : snapshot_NMG = read_specific_lines(f"{root}/{NMG_fname}", line_list)', 'File : /sfs/gpfs/tardis/home/xpz5km/Cahn_Hilliard_Model_HPC/spinodal_decomp/compare_L2_error.py , Line : 21, Func.Name : read_specific_lines, Message : digits.append(float(i))']
Python,2000,128,periodic,2000,2000,25p not recorded; dt_out too large.
Python,20,512,periodic,20,20,50p
NMG_Python_20_dt_5.50e-06_Nx_512_periodic_dtout_2050pphi.csv
Exception type : TypeError 
Exception message : float() argument must be a string or a real number, not 'complex'
Stack trace : ['File : /sfs/gpfs/tardis/home/xpz5km/Cahn_Hilliard_Model_HPC/spinodal_decomp/compare_L2_error.py , Line : 86, Func.Name : compare_L2_error_at_timepoint, Message : snapshot_NMG = read_specific_lines(f"{root}/{NMG_fname}", line_list)', 'File : /sfs/gpfs/tardis/home/xpz5km/Cahn_Hilliard_Model_HPC/spinodal_decomp/compare_L2_error.py , Line : 21, Func.Name : read_specific_lines, Message : digits.append(float(i))']
Python,2000,512,periodic,2000,2000,75p not recorded; dt_out too large.
Python,20,128,periodic,1,1,75p
NMG_Python_20_dt_5.50e-06_Nx_128_periodic_dtout_175pphi.csv
Exception type : TypeError 
Exception message : float() argument must be a string or a real number, not 'complex'
Stack trace : ['File : /sfs/gpfs/tardis/home/xpz5km/Cahn_Hilliard_Model_HPC/spinodal_decomp/compare_L2_error.py , Line : 86, Func.Name : compare_L2_error_at_timepoint, Message : snapshot_NMG = read_specific_lines(f"{root}/{NMG_fname}", line_list)', 'File : /sfs/gpfs/tardis/home/xpz5km/Cahn_Hilliard_Model_HPC/spinodal_decomp/compare_L2_error.py , Line : 21, Func.Name : read_specific_lines, Message : digits.append(float(i))']
Python,20,512,periodic,1,1,75p
NMG_Python_20_dt_5.50e-06_Nx_512_periodic_dtout_175pphi.csv
Exception type : TypeError 
Exception message : float() argument must be a string or a real number, not 'complex'
Stack trace : ['File : /sfs/gpfs/tardis/home/xpz5km/Cahn_Hilliard_Model_HPC/spinodal_decomp/compare_L2_error.py , Line : 86, Func.Name : compare_L2_error_at_timepoint, Message : snapshot_NMG = read_specific_lines(f"{root}/{NMG_fname}", line_list)', 'File : /sfs/gpfs/tardis/home/xpz5km/Cahn_Hilliard_Model_HPC/spinodal_decomp/compare_L2_error.py , Line : 21, Func.Name : read_specific_lines, Message : digits.append(float(i))']
Python,20,128,neumann,1,1,50p
NMG_Python_20_dt_5.50e-06_Nx_128_neumann_dtout_150pphi.csv
Exception type : TypeError 
Exception message : float() argument must be a string or a real number, not 'complex'
Stack trace : ['File : /sfs/gpfs/tardis/home/xpz5km/Cahn_Hilliard_Model_HPC/spinodal_decomp/compare_L2_error.py , Line : 86, Func.Name : compare_L2_error_at_timepoint, Message : snapshot_NMG = read_specific_lines(f"{root}/{NMG_fname}", line_list)', 'File : /sfs/gpfs/tardis/home/xpz5km/Cahn_Hilliard_Model_HPC/spinodal_decomp/compare_L2_error.py , Line : 21, Func.Name : read_specific_lines, Message : digits.append(float(i))']
Python,2000,64,periodic,2000,2000,25p not recorded; dt_out too large.
Python,20,128,periodic,20,20,75p
NMG_Python_20_dt_5.50e-06_Nx_128_periodic_dtout_2075pphi.csv
Exception type : TypeError 
Exception message : float() argument must be a string or a real number, not 'complex'
Stack trace : ['File : /sfs/gpfs/tardis/home/xpz5km/Cahn_Hilliard_Model_HPC/spinodal_decomp/compare_L2_error.py , Line : 86, Func.Name : compare_L2_error_at_timepoint, Message : snapshot_NMG = read_specific_lines(f"{root}/{NMG_fname}", line_list)', 'File : /sfs/gpfs/tardis/home/xpz5km/Cahn_Hilliard_Model_HPC/spinodal_decomp/compare_L2_error.py , Line : 21, Func.Name : read_specific_lines, Message : digits.append(float(i))']
Python,2000,64,neumann,2000,2000,50p not recorded; dt_out too large.
Python,2000,128,periodic,2000,2000,50p not recorded; dt_out too large.
Python,20,256,periodic,20,20,75p
NMG_Python_20_dt_5.50e-06_Nx_256_periodic_dtout_2075pphi.csv
Exception type : TypeError 
Exception message : float() argument must be a string or a real number, not 'complex'
Stack trace : ['File : /sfs/gpfs/tardis/home/xpz5km/Cahn_Hilliard_Model_HPC/spinodal_decomp/compare_L2_error.py , Line : 86, Func.Name : compare_L2_error_at_timepoint, Message : snapshot_NMG = read_specific_lines(f"{root}/{NMG_fname}", line_list)', 'File : /sfs/gpfs/tardis/home/xpz5km/Cahn_Hilliard_Model_HPC/spinodal_decomp/compare_L2_error.py , Line : 21, Func.Name : read_specific_lines, Message : digits.append(float(i))']
Python,20,512,neumann,1,1,75p
NMG_Python_20_dt_5.50e-06_Nx_512_neumann_dtout_175pphi.csv
Exception type : TypeError 
Exception message : float() argument must be a string or a real number, not 'complex'
Stack trace : ['File : /sfs/gpfs/tardis/home/xpz5km/Cahn_Hilliard_Model_HPC/spinodal_decomp/compare_L2_error.py , Line : 86, Func.Name : compare_L2_error_at_timepoint, Message : snapshot_NMG = read_specific_lines(f"{root}/{NMG_fname}", line_list)', 'File : /sfs/gpfs/tardis/home/xpz5km/Cahn_Hilliard_Model_HPC/spinodal_decomp/compare_L2_error.py , Line : 21, Func.Name : read_specific_lines, Message : digits.append(float(i))']
Python,20,64,neumann,20,20,25p
NMG_Python_20_dt_5.50e-06_Nx_64_neumann_dtout_2025pphi.csv
Exception type : TypeError 
Exception message : float() argument must be a string or a real number, not 'complex'
Stack trace : ['File : /sfs/gpfs/tardis/home/xpz5km/Cahn_Hilliard_Model_HPC/spinodal_decomp/compare_L2_error.py , Line : 86, Func.Name : compare_L2_error_at_timepoint, Message : snapshot_NMG = read_specific_lines(f"{root}/{NMG_fname}", line_list)', 'File : /sfs/gpfs/tardis/home/xpz5km/Cahn_Hilliard_Model_HPC/spinodal_decomp/compare_L2_error.py , Line : 21, Func.Name : read_specific_lines, Message : digits.append(float(i))']
Python,20,64,neumann,20,20,75p
NMG_Python_20_dt_5.50e-06_Nx_64_neumann_dtout_2075pphi.csv
Exception type : TypeError 
Exception message : float() argument must be a string or a real number, not 'complex'
Stack trace : ['File : /sfs/gpfs/tardis/home/xpz5km/Cahn_Hilliard_Model_HPC/spinodal_decomp/compare_L2_error.py , Line : 86, Func.Name : compare_L2_error_at_timepoint, Message : snapshot_NMG = read_specific_lines(f"{root}/{NMG_fname}", line_list)', 'File : /sfs/gpfs/tardis/home/xpz5km/Cahn_Hilliard_Model_HPC/spinodal_decomp/compare_L2_error.py , Line : 21, Func.Name : read_specific_lines, Message : digits.append(float(i))']
Python,2000,64,periodic,2000,2000,50p not recorded; dt_out too large.
Python,20,512,periodic,20,20,75p
NMG_Python_20_dt_5.50e-06_Nx_512_periodic_dtout_2075pphi.csv
Exception type : TypeError 
Exception message : float() argument must be a string or a real number, not 'complex'
Stack trace : ['File : /sfs/gpfs/tardis/home/xpz5km/Cahn_Hilliard_Model_HPC/spinodal_decomp/compare_L2_error.py , Line : 86, Func.Name : compare_L2_error_at_timepoint, Message : snapshot_NMG = read_specific_lines(f"{root}/{NMG_fname}", line_list)', 'File : /sfs/gpfs/tardis/home/xpz5km/Cahn_Hilliard_Model_HPC/spinodal_decomp/compare_L2_error.py , Line : 21, Func.Name : read_specific_lines, Message : digits.append(float(i))']
Python,20,512,neumann,20,20,25p
NMG_Python_20_dt_5.50e-06_Nx_512_neumann_dtout_2025pphi.csv
Exception type : TypeError 
Exception message : float() argument must be a string or a real number, not 'complex'
Stack trace : ['File : /sfs/gpfs/tardis/home/xpz5km/Cahn_Hilliard_Model_HPC/spinodal_decomp/compare_L2_error.py , Line : 86, Func.Name : compare_L2_error_at_timepoint, Message : snapshot_NMG = read_specific_lines(f"{root}/{NMG_fname}", line_list)', 'File : /sfs/gpfs/tardis/home/xpz5km/Cahn_Hilliard_Model_HPC/spinodal_decomp/compare_L2_error.py , Line : 21, Func.Name : read_specific_lines, Message : digits.append(float(i))']
Python,20,512,neumann,1,1,50p
NMG_Python_20_dt_5.50e-06_Nx_512_neumann_dtout_150pphi.csv
Exception type : TypeError 
Exception message : float() argument must be a string or a real number, not 'complex'
Stack trace : ['File : /sfs/gpfs/tardis/home/xpz5km/Cahn_Hilliard_Model_HPC/spinodal_decomp/compare_L2_error.py , Line : 86, Func.Name : compare_L2_error_at_timepoint, Message : snapshot_NMG = read_specific_lines(f"{root}/{NMG_fname}", line_list)', 'File : /sfs/gpfs/tardis/home/xpz5km/Cahn_Hilliard_Model_HPC/spinodal_decomp/compare_L2_error.py , Line : 21, Func.Name : read_specific_lines, Message : digits.append(float(i))']
Python,20,64,periodic,1,1,25p
NMG_Python_20_dt_5.50e-06_Nx_64_periodic_dtout_125pphi.csv
Exception type : TypeError 
Exception message : float() argument must be a string or a real number, not 'complex'
Stack trace : ['File : /sfs/gpfs/tardis/home/xpz5km/Cahn_Hilliard_Model_HPC/spinodal_decomp/compare_L2_error.py , Line : 86, Func.Name : compare_L2_error_at_timepoint, Message : snapshot_NMG = read_specific_lines(f"{root}/{NMG_fname}", line_list)', 'File : /sfs/gpfs/tardis/home/xpz5km/Cahn_Hilliard_Model_HPC/spinodal_decomp/compare_L2_error.py , Line : 21, Func.Name : read_specific_lines, Message : digits.append(float(i))']
Python,2000,128,neumann,2000,2000,75p not recorded; dt_out too large.
Python,20,128,periodic,20,20,50p
NMG_Python_20_dt_5.50e-06_Nx_128_periodic_dtout_2050pphi.csv
Exception type : TypeError 
Exception message : float() argument must be a string or a real number, not 'complex'
Stack trace : ['File : /sfs/gpfs/tardis/home/xpz5km/Cahn_Hilliard_Model_HPC/spinodal_decomp/compare_L2_error.py , Line : 86, Func.Name : compare_L2_error_at_timepoint, Message : snapshot_NMG = read_specific_lines(f"{root}/{NMG_fname}", line_list)', 'File : /sfs/gpfs/tardis/home/xpz5km/Cahn_Hilliard_Model_HPC/spinodal_decomp/compare_L2_error.py , Line : 21, Func.Name : read_specific_lines, Message : digits.append(float(i))']
Python,20,256,periodic,20,20,50p
NMG_Python_20_dt_5.50e-06_Nx_256_periodic_dtout_2050pphi.csv
Exception type : TypeError 
Exception message : float() argument must be a string or a real number, not 'complex'
Stack trace : ['File : /sfs/gpfs/tardis/home/xpz5km/Cahn_Hilliard_Model_HPC/spinodal_decomp/compare_L2_error.py , Line : 86, Func.Name : compare_L2_error_at_timepoint, Message : snapshot_NMG = read_specific_lines(f"{root}/{NMG_fname}", line_list)', 'File : /sfs/gpfs/tardis/home/xpz5km/Cahn_Hilliard_Model_HPC/spinodal_decomp/compare_L2_error.py , Line : 21, Func.Name : read_specific_lines, Message : digits.append(float(i))']
Python,2000,256,neumann,2000,2000,50p not recorded; dt_out too large.
Python,20,64,periodic,20,20,50p
NMG_Python_20_dt_5.50e-06_Nx_64_periodic_dtout_2050pphi.csv
Exception type : TypeError 
Exception message : float() argument must be a string or a real number, not 'complex'
Stack trace : ['File : /sfs/gpfs/tardis/home/xpz5km/Cahn_Hilliard_Model_HPC/spinodal_decomp/compare_L2_error.py , Line : 86, Func.Name : compare_L2_error_at_timepoint, Message : snapshot_NMG = read_specific_lines(f"{root}/{NMG_fname}", line_list)', 'File : /sfs/gpfs/tardis/home/xpz5km/Cahn_Hilliard_Model_HPC/spinodal_decomp/compare_L2_error.py , Line : 21, Func.Name : read_specific_lines, Message : digits.append(float(i))']
Python,2000,512,neumann,2000,2000,25p not recorded; dt_out too large.
Python,20,512,neumann,20,20,75p
NMG_Python_20_dt_5.50e-06_Nx_512_neumann_dtout_2075pphi.csv
Exception type : TypeError 
Exception message : float() argument must be a string or a real number, not 'complex'
Stack trace : ['File : /sfs/gpfs/tardis/home/xpz5km/Cahn_Hilliard_Model_HPC/spinodal_decomp/compare_L2_error.py , Line : 86, Func.Name : compare_L2_error_at_timepoint, Message : snapshot_NMG = read_specific_lines(f"{root}/{NMG_fname}", line_list)', 'File : /sfs/gpfs/tardis/home/xpz5km/Cahn_Hilliard_Model_HPC/spinodal_decomp/compare_L2_error.py , Line : 21, Func.Name : read_specific_lines, Message : digits.append(float(i))']
Python,20,256,neumann,20,20,25p
NMG_Python_20_dt_5.50e-06_Nx_256_neumann_dtout_2025pphi.csv
Exception type : TypeError 
Exception message : float() argument must be a string or a real number, not 'complex'
Stack trace : ['File : /sfs/gpfs/tardis/home/xpz5km/Cahn_Hilliard_Model_HPC/spinodal_decomp/compare_L2_error.py , Line : 86, Func.Name : compare_L2_error_at_timepoint, Message : snapshot_NMG = read_specific_lines(f"{root}/{NMG_fname}", line_list)', 'File : /sfs/gpfs/tardis/home/xpz5km/Cahn_Hilliard_Model_HPC/spinodal_decomp/compare_L2_error.py , Line : 21, Func.Name : read_specific_lines, Message : digits.append(float(i))']
Python,2000,64,neumann,2000,2000,75p not recorded; dt_out too large.
Python,20,128,neumann,20,20,25p
NMG_Python_20_dt_5.50e-06_Nx_128_neumann_dtout_2025pphi.csv
Exception type : TypeError 
Exception message : float() argument must be a string or a real number, not 'complex'
Stack trace : ['File : /sfs/gpfs/tardis/home/xpz5km/Cahn_Hilliard_Model_HPC/spinodal_decomp/compare_L2_error.py , Line : 86, Func.Name : compare_L2_error_at_timepoint, Message : snapshot_NMG = read_specific_lines(f"{root}/{NMG_fname}", line_list)', 'File : /sfs/gpfs/tardis/home/xpz5km/Cahn_Hilliard_Model_HPC/spinodal_decomp/compare_L2_error.py , Line : 21, Func.Name : read_specific_lines, Message : digits.append(float(i))']
Python,20,64,periodic,20,20,75p
NMG_Python_20_dt_5.50e-06_Nx_64_periodic_dtout_2075pphi.csv
Exception type : TypeError 
Exception message : float() argument must be a string or a real number, not 'complex'
Stack trace : ['File : /sfs/gpfs/tardis/home/xpz5km/Cahn_Hilliard_Model_HPC/spinodal_decomp/compare_L2_error.py , Line : 86, Func.Name : compare_L2_error_at_timepoint, Message : snapshot_NMG = read_specific_lines(f"{root}/{NMG_fname}", line_list)', 'File : /sfs/gpfs/tardis/home/xpz5km/Cahn_Hilliard_Model_HPC/spinodal_decomp/compare_L2_error.py , Line : 21, Func.Name : read_specific_lines, Message : digits.append(float(i))']
Python,20,256,periodic,1,1,75p
NMG_Python_20_dt_5.50e-06_Nx_256_periodic_dtout_175pphi.csv
Exception type : TypeError 
Exception message : float() argument must be a string or a real number, not 'complex'
Stack trace : ['File : /sfs/gpfs/tardis/home/xpz5km/Cahn_Hilliard_Model_HPC/spinodal_decomp/compare_L2_error.py , Line : 86, Func.Name : compare_L2_error_at_timepoint, Message : snapshot_NMG = read_specific_lines(f"{root}/{NMG_fname}", line_list)', 'File : /sfs/gpfs/tardis/home/xpz5km/Cahn_Hilliard_Model_HPC/spinodal_decomp/compare_L2_error.py , Line : 21, Func.Name : read_specific_lines, Message : digits.append(float(i))']
Python,20,64,periodic,1,1,50p
NMG_Python_20_dt_5.50e-06_Nx_64_periodic_dtout_150pphi.csv
Exception type : TypeError 
Exception message : float() argument must be a string or a real number, not 'complex'
Stack trace : ['File : /sfs/gpfs/tardis/home/xpz5km/Cahn_Hilliard_Model_HPC/spinodal_decomp/compare_L2_error.py , Line : 86, Func.Name : compare_L2_error_at_timepoint, Message : snapshot_NMG = read_specific_lines(f"{root}/{NMG_fname}", line_list)', 'File : /sfs/gpfs/tardis/home/xpz5km/Cahn_Hilliard_Model_HPC/spinodal_decomp/compare_L2_error.py , Line : 21, Func.Name : read_specific_lines, Message : digits.append(float(i))']
Python,20,128,periodic,1,1,25p
NMG_Python_20_dt_5.50e-06_Nx_128_periodic_dtout_125pphi.csv
Exception type : TypeError 
Exception message : float() argument must be a string or a real number, not 'complex'
Stack trace : ['File : /sfs/gpfs/tardis/home/xpz5km/Cahn_Hilliard_Model_HPC/spinodal_decomp/compare_L2_error.py , Line : 86, Func.Name : compare_L2_error_at_timepoint, Message : snapshot_NMG = read_specific_lines(f"{root}/{NMG_fname}", line_list)', 'File : /sfs/gpfs/tardis/home/xpz5km/Cahn_Hilliard_Model_HPC/spinodal_decomp/compare_L2_error.py , Line : 21, Func.Name : read_specific_lines, Message : digits.append(float(i))']
2
Python,20,256,neumann,20,20,75p
NMG_Python_20_dt_5.50e-06_Nx_256_neumann_dtout_2075pphi.csv
Exception type : TypeError 
Exception message : float() argument must be a string or a real number, not 'complex'
Stack trace : ['File : /sfs/gpfs/tardis/home/xpz5km/Cahn_Hilliard_Model_HPC/spinodal_decomp/compare_L2_error.py , Line : 86, Func.Name : compare_L2_error_at_timepoint, Message : snapshot_NMG = read_specific_lines(f"{root}/{NMG_fname}", line_list)', 'File : /sfs/gpfs/tardis/home/xpz5km/Cahn_Hilliard_Model_HPC/spinodal_decomp/compare_L2_error.py , Line : 21, Func.Name : read_specific_lines, Message : digits.append(float(i))']
Python,2000,256,neumann,2000,2000,25p not recorded; dt_out too large.
Python,20,128,periodic,20,20,25p
NMG_Python_20_dt_5.50e-06_Nx_128_periodic_dtout_2025pphi.csv
Exception type : TypeError 
Exception message : float() argument must be a string or a real number, not 'complex'
Stack trace : ['File : /sfs/gpfs/tardis/home/xpz5km/Cahn_Hilliard_Model_HPC/spinodal_decomp/compare_L2_error.py , Line : 86, Func.Name : compare_L2_error_at_timepoint, Message : snapshot_NMG = read_specific_lines(f"{root}/{NMG_fname}", line_list)', 'File : /sfs/gpfs/tardis/home/xpz5km/Cahn_Hilliard_Model_HPC/spinodal_decomp/compare_L2_error.py , Line : 21, Func.Name : read_specific_lines, Message : digits.append(float(i))']
Python,2000,256,periodic,2000,2000,50p not recorded; dt_out too large.
Python,20,256,periodic,20,20,25p
NMG_Python_20_dt_5.50e-06_Nx_256_periodic_dtout_2025pphi.csv
Exception type : TypeError 
Exception message : float() argument must be a string or a real number, not 'complex'
Stack trace : ['File : /sfs/gpfs/tardis/home/xpz5km/Cahn_Hilliard_Model_HPC/spinodal_decomp/compare_L2_error.py , Line : 86, Func.Name : compare_L2_error_at_timepoint, Message : snapshot_NMG = read_specific_lines(f"{root}/{NMG_fname}", line_list)', 'File : /sfs/gpfs/tardis/home/xpz5km/Cahn_Hilliard_Model_HPC/spinodal_decomp/compare_L2_error.py , Line : 21, Func.Name : read_specific_lines, Message : digits.append(float(i))']
Python,20,512,neumann,20,20,50p
NMG_Python_20_dt_5.50e-06_Nx_512_neumann_dtout_2050pphi.csv
Exception type : TypeError 
Exception message : float() argument must be a string or a real number, not 'complex'
Stack trace : ['File : /sfs/gpfs/tardis/home/xpz5km/Cahn_Hilliard_Model_HPC/spinodal_decomp/compare_L2_error.py , Line : 86, Func.Name : compare_L2_error_at_timepoint, Message : snapshot_NMG = read_specific_lines(f"{root}/{NMG_fname}", line_list)', 'File : /sfs/gpfs/tardis/home/xpz5km/Cahn_Hilliard_Model_HPC/spinodal_decomp/compare_L2_error.py , Line : 21, Func.Name : read_specific_lines, Message : digits.append(float(i))']
Python,2000,512,periodic,2000,2000,25p not recorded; dt_out too large.
Python,2000,64,periodic,2000,2000,75p not recorded; dt_out too large.
Python,2000,256,periodic,2000,2000,25p not recorded; dt_out too large.
Python,2000,256,neumann,2000,2000,75p not recorded; dt_out too large.
Python,2000,128,periodic,2000,2000,75p not recorded; dt_out too large.
Python,20,128,neumann,1,1,25p
NMG_Python_20_dt_5.50e-06_Nx_128_neumann_dtout_125pphi.csv
Exception type : TypeError 
Exception message : float() argument must be a string or a real number, not 'complex'
Stack trace : ['File : /sfs/gpfs/tardis/home/xpz5km/Cahn_Hilliard_Model_HPC/spinodal_decomp/compare_L2_error.py , Line : 86, Func.Name : compare_L2_error_at_timepoint, Message : snapshot_NMG = read_specific_lines(f"{root}/{NMG_fname}", line_list)', 'File : /sfs/gpfs/tardis/home/xpz5km/Cahn_Hilliard_Model_HPC/spinodal_decomp/compare_L2_error.py , Line : 21, Func.Name : read_specific_lines, Message : digits.append(float(i))']
Python,2000,256,periodic,2000,2000,75p not recorded; dt_out too large.
Python,20,256,neumann,20,20,50p
NMG_Python_20_dt_5.50e-06_Nx_256_neumann_dtout_2050pphi.csv
Exception type : TypeError 
Exception message : float() argument must be a string or a real number, not 'complex'
Stack trace : ['File : /sfs/gpfs/tardis/home/xpz5km/Cahn_Hilliard_Model_HPC/spinodal_decomp/compare_L2_error.py , Line : 86, Func.Name : compare_L2_error_at_timepoint, Message : snapshot_NMG = read_specific_lines(f"{root}/{NMG_fname}", line_list)', 'File : /sfs/gpfs/tardis/home/xpz5km/Cahn_Hilliard_Model_HPC/spinodal_decomp/compare_L2_error.py , Line : 21, Func.Name : read_specific_lines, Message : digits.append(float(i))']
Python,2000,128,neumann,2000,2000,25p not recorded; dt_out too large.
Python,20,64,periodic,1,1,75p
NMG_Python_20_dt_5.50e-06_Nx_64_periodic_dtout_175pphi.csv
Exception type : TypeError 
Exception message : float() argument must be a string or a real number, not 'complex'
Stack trace : ['File : /sfs/gpfs/tardis/home/xpz5km/Cahn_Hilliard_Model_HPC/spinodal_decomp/compare_L2_error.py , Line : 86, Func.Name : compare_L2_error_at_timepoint, Message : snapshot_NMG = read_specific_lines(f"{root}/{NMG_fname}", line_list)', 'File : /sfs/gpfs/tardis/home/xpz5km/Cahn_Hilliard_Model_HPC/spinodal_decomp/compare_L2_error.py , Line : 21, Func.Name : read_specific_lines, Message : digits.append(float(i))']
Python,20,256,periodic,1,1,50p
NMG_Python_20_dt_5.50e-06_Nx_256_periodic_dtout_150pphi.csv
Exception type : TypeError 
Exception message : float() argument must be a string or a real number, not 'complex'
Stack trace : ['File : /sfs/gpfs/tardis/home/xpz5km/Cahn_Hilliard_Model_HPC/spinodal_decomp/compare_L2_error.py , Line : 86, Func.Name : compare_L2_error_at_timepoint, Message : snapshot_NMG = read_specific_lines(f"{root}/{NMG_fname}", line_list)', 'File : /sfs/gpfs/tardis/home/xpz5km/Cahn_Hilliard_Model_HPC/spinodal_decomp/compare_L2_error.py , Line : 21, Func.Name : read_specific_lines, Message : digits.append(float(i))']
Python,20,128,neumann,1,1,75p
NMG_Python_20_dt_5.50e-06_Nx_128_neumann_dtout_175pphi.csv
Exception type : TypeError 
Exception message : float() argument must be a string or a real number, not 'complex'
Stack trace : ['File : /sfs/gpfs/tardis/home/xpz5km/Cahn_Hilliard_Model_HPC/spinodal_decomp/compare_L2_error.py , Line : 86, Func.Name : compare_L2_error_at_timepoint, Message : snapshot_NMG = read_specific_lines(f"{root}/{NMG_fname}", line_list)', 'File : /sfs/gpfs/tardis/home/xpz5km/Cahn_Hilliard_Model_HPC/spinodal_decomp/compare_L2_error.py , Line : 21, Func.Name : read_specific_lines, Message : digits.append(float(i))']
Python,20,64,neumann,1,1,50p
NMG_Python_20_dt_5.50e-06_Nx_64_neumann_dtout_150pphi.csv
Exception type : TypeError 
Exception message : float() argument must be a string or a real number, not 'complex'
Stack trace : ['File : /sfs/gpfs/tardis/home/xpz5km/Cahn_Hilliard_Model_HPC/spinodal_decomp/compare_L2_error.py , Line : 86, Func.Name : compare_L2_error_at_timepoint, Message : snapshot_NMG = read_specific_lines(f"{root}/{NMG_fname}", line_list)', 'File : /sfs/gpfs/tardis/home/xpz5km/Cahn_Hilliard_Model_HPC/spinodal_decomp/compare_L2_error.py , Line : 21, Func.Name : read_specific_lines, Message : digits.append(float(i))']
Python,20,256,neumann,1,1,50p
NMG_Python_20_dt_5.50e-06_Nx_256_neumann_dtout_150pphi.csv
Exception type : TypeError 
Exception message : float() argument must be a string or a real number, not 'complex'
Stack trace : ['File : /sfs/gpfs/tardis/home/xpz5km/Cahn_Hilliard_Model_HPC/spinodal_decomp/compare_L2_error.py , Line : 86, Func.Name : compare_L2_error_at_timepoint, Message : snapshot_NMG = read_specific_lines(f"{root}/{NMG_fname}", line_list)', 'File : /sfs/gpfs/tardis/home/xpz5km/Cahn_Hilliard_Model_HPC/spinodal_decomp/compare_L2_error.py , Line : 21, Func.Name : read_specific_lines, Message : digits.append(float(i))']
Python,20,512,neumann,1,1,25p
NMG_Python_20_dt_5.50e-06_Nx_512_neumann_dtout_125pphi.csv
Exception type : TypeError 
Exception message : float() argument must be a string or a real number, not 'complex'
Stack trace : ['File : /sfs/gpfs/tardis/home/xpz5km/Cahn_Hilliard_Model_HPC/spinodal_decomp/compare_L2_error.py , Line : 86, Func.Name : compare_L2_error_at_timepoint, Message : snapshot_NMG = read_specific_lines(f"{root}/{NMG_fname}", line_list)', 'File : /sfs/gpfs/tardis/home/xpz5km/Cahn_Hilliard_Model_HPC/spinodal_decomp/compare_L2_error.py , Line : 21, Func.Name : read_specific_lines, Message : digits.append(float(i))']
Python,2000,128,neumann,2000,2000,50p not recorded; dt_out too large.
Python,2000,512,periodic,2000,2000,50p not recorded; dt_out too large.
Python,20,256,neumann,1,1,75p
NMG_Python_20_dt_5.50e-06_Nx_256_neumann_dtout_175pphi.csv
Exception type : TypeError 
Exception message : float() argument must be a string or a real number, not 'complex'
Stack trace : ['File : /sfs/gpfs/tardis/home/xpz5km/Cahn_Hilliard_Model_HPC/spinodal_decomp/compare_L2_error.py , Line : 86, Func.Name : compare_L2_error_at_timepoint, Message : snapshot_NMG = read_specific_lines(f"{root}/{NMG_fname}", line_list)', 'File : /sfs/gpfs/tardis/home/xpz5km/Cahn_Hilliard_Model_HPC/spinodal_decomp/compare_L2_error.py , Line : 21, Func.Name : read_specific_lines, Message : digits.append(float(i))']
Python,20,128,neumann,20,20,50p
NMG_Python_20_dt_5.50e-06_Nx_128_neumann_dtout_2050pphi.csv
Exception type : TypeError 
Exception message : float() argument must be a string or a real number, not 'complex'
Stack trace : ['File : /sfs/gpfs/tardis/home/xpz5km/Cahn_Hilliard_Model_HPC/spinodal_decomp/compare_L2_error.py , Line : 86, Func.Name : compare_L2_error_at_timepoint, Message : snapshot_NMG = read_specific_lines(f"{root}/{NMG_fname}", line_list)', 'File : /sfs/gpfs/tardis/home/xpz5km/Cahn_Hilliard_Model_HPC/spinodal_decomp/compare_L2_error.py , Line : 21, Func.Name : read_specific_lines, Message : digits.append(float(i))']
Python,20,128,periodic,1,1,50p
NMG_Python_20_dt_5.50e-06_Nx_128_periodic_dtout_150pphi.csv
Exception type : TypeError 
Exception message : float() argument must be a string or a real number, not 'complex'
Stack trace : ['File : /sfs/gpfs/tardis/home/xpz5km/Cahn_Hilliard_Model_HPC/spinodal_decomp/compare_L2_error.py , Line : 86, Func.Name : compare_L2_error_at_timepoint, Message : snapshot_NMG = read_specific_lines(f"{root}/{NMG_fname}", line_list)', 'File : /sfs/gpfs/tardis/home/xpz5km/Cahn_Hilliard_Model_HPC/spinodal_decomp/compare_L2_error.py , Line : 21, Func.Name : read_specific_lines, Message : digits.append(float(i))']
Python,20,256,neumann,1,1,25p
NMG_Python_20_dt_5.50e-06_Nx_256_neumann_dtout_125pphi.csv
Exception type : TypeError 
Exception message : float() argument must be a string or a real number, not 'complex'
Stack trace : ['File : /sfs/gpfs/tardis/home/xpz5km/Cahn_Hilliard_Model_HPC/spinodal_decomp/compare_L2_error.py , Line : 86, Func.Name : compare_L2_error_at_timepoint, Message : snapshot_NMG = read_specific_lines(f"{root}/{NMG_fname}", line_list)', 'File : /sfs/gpfs/tardis/home/xpz5km/Cahn_Hilliard_Model_HPC/spinodal_decomp/compare_L2_error.py , Line : 21, Func.Name : read_specific_lines, Message : digits.append(float(i))']
Python,20,64,neumann,1,1,75p
NMG_Python_20_dt_5.50e-06_Nx_64_neumann_dtout_175pphi.csv
Exception type : TypeError 
Exception message : float() argument must be a string or a real number, not 'complex'
Stack trace : ['File : /sfs/gpfs/tardis/home/xpz5km/Cahn_Hilliard_Model_HPC/spinodal_decomp/compare_L2_error.py , Line : 86, Func.Name : compare_L2_error_at_timepoint, Message : snapshot_NMG = read_specific_lines(f"{root}/{NMG_fname}", line_list)', 'File : /sfs/gpfs/tardis/home/xpz5km/Cahn_Hilliard_Model_HPC/spinodal_decomp/compare_L2_error.py , Line : 21, Func.Name : read_specific_lines, Message : digits.append(float(i))']
Python,20,256,periodic,1,1,25p
NMG_Python_20_dt_5.50e-06_Nx_256_periodic_dtout_125pphi.csv
Exception type : TypeError 
Exception message : float() argument must be a string or a real number, not 'complex'
Stack trace : ['File : /sfs/gpfs/tardis/home/xpz5km/Cahn_Hilliard_Model_HPC/spinodal_decomp/compare_L2_error.py , Line : 86, Func.Name : compare_L2_error_at_timepoint, Message : snapshot_NMG = read_specific_lines(f"{root}/{NMG_fname}", line_list)', 'File : /sfs/gpfs/tardis/home/xpz5km/Cahn_Hilliard_Model_HPC/spinodal_decomp/compare_L2_error.py , Line : 21, Func.Name : read_specific_lines, Message : digits.append(float(i))']
Python,20,64,periodic,20,20,25p
NMG_Python_20_dt_5.50e-06_Nx_64_periodic_dtout_2025pphi.csv
Exception type : TypeError 
Exception message : float() argument must be a string or a real number, not 'complex'
Stack trace : ['File : /sfs/gpfs/tardis/home/xpz5km/Cahn_Hilliard_Model_HPC/spinodal_decomp/compare_L2_error.py , Line : 86, Func.Name : compare_L2_error_at_timepoint, Message : snapshot_NMG = read_specific_lines(f"{root}/{NMG_fname}", line_list)', 'File : /sfs/gpfs/tardis/home/xpz5km/Cahn_Hilliard_Model_HPC/spinodal_decomp/compare_L2_error.py , Line : 21, Func.Name : read_specific_lines, Message : digits.append(float(i))']
Python,20,512,periodic,1,1,50p
NMG_Python_20_dt_5.50e-06_Nx_512_periodic_dtout_150pphi.csv
Exception type : TypeError 
Exception message : float() argument must be a string or a real number, not 'complex'
Stack trace : ['File : /sfs/gpfs/tardis/home/xpz5km/Cahn_Hilliard_Model_HPC/spinodal_decomp/compare_L2_error.py , Line : 86, Func.Name : compare_L2_error_at_timepoint, Message : snapshot_NMG = read_specific_lines(f"{root}/{NMG_fname}", line_list)', 'File : /sfs/gpfs/tardis/home/xpz5km/Cahn_Hilliard_Model_HPC/spinodal_decomp/compare_L2_error.py , Line : 21, Func.Name : read_specific_lines, Message : digits.append(float(i))']
Python,2000,512,neumann,2000,2000,50p not recorded; dt_out too large.
Python,2000,512,neumann,2000,2000,75p not recorded; dt_out too large.
Python,20,512,periodic,20,20,25p
NMG_Python_20_dt_5.50e-06_Nx_512_periodic_dtout_2025pphi.csv
Exception type : TypeError 
Exception message : float() argument must be a string or a real number, not 'complex'
Stack trace : ['File : /sfs/gpfs/tardis/home/xpz5km/Cahn_Hilliard_Model_HPC/spinodal_decomp/compare_L2_error.py , Line : 86, Func.Name : compare_L2_error_at_timepoint, Message : snapshot_NMG = read_specific_lines(f"{root}/{NMG_fname}", line_list)', 'File : /sfs/gpfs/tardis/home/xpz5km/Cahn_Hilliard_Model_HPC/spinodal_decomp/compare_L2_error.py , Line : 21, Func.Name : read_specific_lines, Message : digits.append(float(i))']
Python,20,64,neumann,20,20,50p
NMG_Python_20_dt_5.50e-06_Nx_64_neumann_dtout_2050pphi.csv
Exception type : TypeError 
Exception message : float() argument must be a string or a real number, not 'complex'
Stack trace : ['File : /sfs/gpfs/tardis/home/xpz5km/Cahn_Hilliard_Model_HPC/spinodal_decomp/compare_L2_error.py , Line : 86, Func.Name : compare_L2_error_at_timepoint, Message : snapshot_NMG = read_specific_lines(f"{root}/{NMG_fname}", line_list)', 'File : /sfs/gpfs/tardis/home/xpz5km/Cahn_Hilliard_Model_HPC/spinodal_decomp/compare_L2_error.py , Line : 21, Func.Name : read_specific_lines, Message : digits.append(float(i))']
Python,20,128,neumann,20,20,75p
NMG_Python_20_dt_5.50e-06_Nx_128_neumann_dtout_2075pphi.csv
Exception type : TypeError 
Exception message : float() argument must be a string or a real number, not 'complex'
Stack trace : ['File : /sfs/gpfs/tardis/home/xpz5km/Cahn_Hilliard_Model_HPC/spinodal_decomp/compare_L2_error.py , Line : 86, Func.Name : compare_L2_error_at_timepoint, Message : snapshot_NMG = read_specific_lines(f"{root}/{NMG_fname}", line_list)', 'File : /sfs/gpfs/tardis/home/xpz5km/Cahn_Hilliard_Model_HPC/spinodal_decomp/compare_L2_error.py , Line : 21, Func.Name : read_specific_lines, Message : digits.append(float(i))']
Python,20,64,neumann,1,1,25p
NMG_Python_20_dt_5.50e-06_Nx_64_neumann_dtout_125pphi.csv
Exception type : TypeError 
Exception message : float() argument must be a string or a real number, not 'complex'
Stack trace : ['File : /sfs/gpfs/tardis/home/xpz5km/Cahn_Hilliard_Model_HPC/spinodal_decomp/compare_L2_error.py , Line : 86, Func.Name : compare_L2_error_at_timepoint, Message : snapshot_NMG = read_specific_lines(f"{root}/{NMG_fname}", line_list)', 'File : /sfs/gpfs/tardis/home/xpz5km/Cahn_Hilliard_Model_HPC/spinodal_decomp/compare_L2_error.py , Line : 21, Func.Name : read_specific_lines, Message : digits.append(float(i))']
Python,2000,64,neumann,2000,2000,25p not recorded; dt_out too large.
Python,20,512,periodic,1,1,25p
NMG_Python_20_dt_5.50e-06_Nx_512_periodic_dtout_125pphi.csv
Exception type : TypeError 
Exception message : float() argument must be a string or a real number, not 'complex'
Stack trace : ['File : /sfs/gpfs/tardis/home/xpz5km/Cahn_Hilliard_Model_HPC/spinodal_decomp/compare_L2_error.py , Line : 86, Func.Name : compare_L2_error_at_timepoint, Message : snapshot_NMG = read_specific_lines(f"{root}/{NMG_fname}", line_list)', 'File : /sfs/gpfs/tardis/home/xpz5km/Cahn_Hilliard_Model_HPC/spinodal_decomp/compare_L2_error.py , Line : 21, Func.Name : read_specific_lines, Message : digits.append(float(i))']
Python,2000,128,periodic,2000,2000,25p not recorded; dt_out too large.
Python,20,512,periodic,20,20,50p
NMG_Python_20_dt_5.50e-06_Nx_512_periodic_dtout_2050pphi.csv
Exception type : TypeError 
Exception message : float() argument must be a string or a real number, not 'complex'
Stack trace : ['File : /sfs/gpfs/tardis/home/xpz5km/Cahn_Hilliard_Model_HPC/spinodal_decomp/compare_L2_error.py , Line : 86, Func.Name : compare_L2_error_at_timepoint, Message : snapshot_NMG = read_specific_lines(f"{root}/{NMG_fname}", line_list)', 'File : /sfs/gpfs/tardis/home/xpz5km/Cahn_Hilliard_Model_HPC/spinodal_decomp/compare_L2_error.py , Line : 21, Func.Name : read_specific_lines, Message : digits.append(float(i))']
Python,2000,512,periodic,2000,2000,75p not recorded; dt_out too large.
Python,20,128,periodic,1,1,75p
NMG_Python_20_dt_5.50e-06_Nx_128_periodic_dtout_175pphi.csv
Exception type : TypeError 
Exception message : float() argument must be a string or a real number, not 'complex'
Stack trace : ['File : /sfs/gpfs/tardis/home/xpz5km/Cahn_Hilliard_Model_HPC/spinodal_decomp/compare_L2_error.py , Line : 86, Func.Name : compare_L2_error_at_timepoint, Message : snapshot_NMG = read_specific_lines(f"{root}/{NMG_fname}", line_list)', 'File : /sfs/gpfs/tardis/home/xpz5km/Cahn_Hilliard_Model_HPC/spinodal_decomp/compare_L2_error.py , Line : 21, Func.Name : read_specific_lines, Message : digits.append(float(i))']
Python,20,512,periodic,1,1,75p
NMG_Python_20_dt_5.50e-06_Nx_512_periodic_dtout_175pphi.csv
Exception type : TypeError 
Exception message : float() argument must be a string or a real number, not 'complex'
Stack trace : ['File : /sfs/gpfs/tardis/home/xpz5km/Cahn_Hilliard_Model_HPC/spinodal_decomp/compare_L2_error.py , Line : 86, Func.Name : compare_L2_error_at_timepoint, Message : snapshot_NMG = read_specific_lines(f"{root}/{NMG_fname}", line_list)', 'File : /sfs/gpfs/tardis/home/xpz5km/Cahn_Hilliard_Model_HPC/spinodal_decomp/compare_L2_error.py , Line : 21, Func.Name : read_specific_lines, Message : digits.append(float(i))']
Python,20,128,neumann,1,1,50p
NMG_Python_20_dt_5.50e-06_Nx_128_neumann_dtout_150pphi.csv
Exception type : TypeError 
Exception message : float() argument must be a string or a real number, not 'complex'
Stack trace : ['File : /sfs/gpfs/tardis/home/xpz5km/Cahn_Hilliard_Model_HPC/spinodal_decomp/compare_L2_error.py , Line : 86, Func.Name : compare_L2_error_at_timepoint, Message : snapshot_NMG = read_specific_lines(f"{root}/{NMG_fname}", line_list)', 'File : /sfs/gpfs/tardis/home/xpz5km/Cahn_Hilliard_Model_HPC/spinodal_decomp/compare_L2_error.py , Line : 21, Func.Name : read_specific_lines, Message : digits.append(float(i))']
Python,2000,64,periodic,2000,2000,25p not recorded; dt_out too large.
Python,20,128,periodic,20,20,75p
NMG_Python_20_dt_5.50e-06_Nx_128_periodic_dtout_2075pphi.csv
Exception type : TypeError 
Exception message : float() argument must be a string or a real number, not 'complex'
Stack trace : ['File : /sfs/gpfs/tardis/home/xpz5km/Cahn_Hilliard_Model_HPC/spinodal_decomp/compare_L2_error.py , Line : 86, Func.Name : compare_L2_error_at_timepoint, Message : snapshot_NMG = read_specific_lines(f"{root}/{NMG_fname}", line_list)', 'File : /sfs/gpfs/tardis/home/xpz5km/Cahn_Hilliard_Model_HPC/spinodal_decomp/compare_L2_error.py , Line : 21, Func.Name : read_specific_lines, Message : digits.append(float(i))']
Python,2000,64,neumann,2000,2000,50p not recorded; dt_out too large.
Python,2000,128,periodic,2000,2000,50p not recorded; dt_out too large.
Python,20,256,periodic,20,20,75p
NMG_Python_20_dt_5.50e-06_Nx_256_periodic_dtout_2075pphi.csv
Exception type : TypeError 
Exception message : float() argument must be a string or a real number, not 'complex'
Stack trace : ['File : /sfs/gpfs/tardis/home/xpz5km/Cahn_Hilliard_Model_HPC/spinodal_decomp/compare_L2_error.py , Line : 86, Func.Name : compare_L2_error_at_timepoint, Message : snapshot_NMG = read_specific_lines(f"{root}/{NMG_fname}", line_list)', 'File : /sfs/gpfs/tardis/home/xpz5km/Cahn_Hilliard_Model_HPC/spinodal_decomp/compare_L2_error.py , Line : 21, Func.Name : read_specific_lines, Message : digits.append(float(i))']
Python,20,512,neumann,1,1,75p
NMG_Python_20_dt_5.50e-06_Nx_512_neumann_dtout_175pphi.csv
Exception type : TypeError 
Exception message : float() argument must be a string or a real number, not 'complex'
Stack trace : ['File : /sfs/gpfs/tardis/home/xpz5km/Cahn_Hilliard_Model_HPC/spinodal_decomp/compare_L2_error.py , Line : 86, Func.Name : compare_L2_error_at_timepoint, Message : snapshot_NMG = read_specific_lines(f"{root}/{NMG_fname}", line_list)', 'File : /sfs/gpfs/tardis/home/xpz5km/Cahn_Hilliard_Model_HPC/spinodal_decomp/compare_L2_error.py , Line : 21, Func.Name : read_specific_lines, Message : digits.append(float(i))']
Python,20,64,neumann,20,20,25p
NMG_Python_20_dt_5.50e-06_Nx_64_neumann_dtout_2025pphi.csv
Exception type : TypeError 
Exception message : float() argument must be a string or a real number, not 'complex'
Stack trace : ['File : /sfs/gpfs/tardis/home/xpz5km/Cahn_Hilliard_Model_HPC/spinodal_decomp/compare_L2_error.py , Line : 86, Func.Name : compare_L2_error_at_timepoint, Message : snapshot_NMG = read_specific_lines(f"{root}/{NMG_fname}", line_list)', 'File : /sfs/gpfs/tardis/home/xpz5km/Cahn_Hilliard_Model_HPC/spinodal_decomp/compare_L2_error.py , Line : 21, Func.Name : read_specific_lines, Message : digits.append(float(i))']
Python,20,64,neumann,20,20,75p
NMG_Python_20_dt_5.50e-06_Nx_64_neumann_dtout_2075pphi.csv
Exception type : TypeError 
Exception message : float() argument must be a string or a real number, not 'complex'
Stack trace : ['File : /sfs/gpfs/tardis/home/xpz5km/Cahn_Hilliard_Model_HPC/spinodal_decomp/compare_L2_error.py , Line : 86, Func.Name : compare_L2_error_at_timepoint, Message : snapshot_NMG = read_specific_lines(f"{root}/{NMG_fname}", line_list)', 'File : /sfs/gpfs/tardis/home/xpz5km/Cahn_Hilliard_Model_HPC/spinodal_decomp/compare_L2_error.py , Line : 21, Func.Name : read_specific_lines, Message : digits.append(float(i))']
Python,2000,64,periodic,2000,2000,50p not recorded; dt_out too large.
Python,20,512,periodic,20,20,75p
NMG_Python_20_dt_5.50e-06_Nx_512_periodic_dtout_2075pphi.csv
Exception type : TypeError 
Exception message : float() argument must be a string or a real number, not 'complex'
Stack trace : ['File : /sfs/gpfs/tardis/home/xpz5km/Cahn_Hilliard_Model_HPC/spinodal_decomp/compare_L2_error.py , Line : 86, Func.Name : compare_L2_error_at_timepoint, Message : snapshot_NMG = read_specific_lines(f"{root}/{NMG_fname}", line_list)', 'File : /sfs/gpfs/tardis/home/xpz5km/Cahn_Hilliard_Model_HPC/spinodal_decomp/compare_L2_error.py , Line : 21, Func.Name : read_specific_lines, Message : digits.append(float(i))']
Python,20,512,neumann,20,20,25p
NMG_Python_20_dt_5.50e-06_Nx_512_neumann_dtout_2025pphi.csv
Exception type : TypeError 
Exception message : float() argument must be a string or a real number, not 'complex'
Stack trace : ['File : /sfs/gpfs/tardis/home/xpz5km/Cahn_Hilliard_Model_HPC/spinodal_decomp/compare_L2_error.py , Line : 86, Func.Name : compare_L2_error_at_timepoint, Message : snapshot_NMG = read_specific_lines(f"{root}/{NMG_fname}", line_list)', 'File : /sfs/gpfs/tardis/home/xpz5km/Cahn_Hilliard_Model_HPC/spinodal_decomp/compare_L2_error.py , Line : 21, Func.Name : read_specific_lines, Message : digits.append(float(i))']
Python,20,512,neumann,1,1,50p
NMG_Python_20_dt_5.50e-06_Nx_512_neumann_dtout_150pphi.csv
Exception type : TypeError 
Exception message : float() argument must be a string or a real number, not 'complex'
Stack trace : ['File : /sfs/gpfs/tardis/home/xpz5km/Cahn_Hilliard_Model_HPC/spinodal_decomp/compare_L2_error.py , Line : 86, Func.Name : compare_L2_error_at_timepoint, Message : snapshot_NMG = read_specific_lines(f"{root}/{NMG_fname}", line_list)', 'File : /sfs/gpfs/tardis/home/xpz5km/Cahn_Hilliard_Model_HPC/spinodal_decomp/compare_L2_error.py , Line : 21, Func.Name : read_specific_lines, Message : digits.append(float(i))']
Python,20,64,periodic,1,1,25p
NMG_Python_20_dt_5.50e-06_Nx_64_periodic_dtout_125pphi.csv
Exception type : TypeError 
Exception message : float() argument must be a string or a real number, not 'complex'
Stack trace : ['File : /sfs/gpfs/tardis/home/xpz5km/Cahn_Hilliard_Model_HPC/spinodal_decomp/compare_L2_error.py , Line : 86, Func.Name : compare_L2_error_at_timepoint, Message : snapshot_NMG = read_specific_lines(f"{root}/{NMG_fname}", line_list)', 'File : /sfs/gpfs/tardis/home/xpz5km/Cahn_Hilliard_Model_HPC/spinodal_decomp/compare_L2_error.py , Line : 21, Func.Name : read_specific_lines, Message : digits.append(float(i))']
Python,2000,128,neumann,2000,2000,75p not recorded; dt_out too large.
Python,20,128,periodic,20,20,50p
NMG_Python_20_dt_5.50e-06_Nx_128_periodic_dtout_2050pphi.csv
Exception type : TypeError 
Exception message : float() argument must be a string or a real number, not 'complex'
Stack trace : ['File : /sfs/gpfs/tardis/home/xpz5km/Cahn_Hilliard_Model_HPC/spinodal_decomp/compare_L2_error.py , Line : 86, Func.Name : compare_L2_error_at_timepoint, Message : snapshot_NMG = read_specific_lines(f"{root}/{NMG_fname}", line_list)', 'File : /sfs/gpfs/tardis/home/xpz5km/Cahn_Hilliard_Model_HPC/spinodal_decomp/compare_L2_error.py , Line : 21, Func.Name : read_specific_lines, Message : digits.append(float(i))']
Python,20,256,periodic,20,20,50p
NMG_Python_20_dt_5.50e-06_Nx_256_periodic_dtout_2050pphi.csv
Exception type : TypeError 
Exception message : float() argument must be a string or a real number, not 'complex'
Stack trace : ['File : /sfs/gpfs/tardis/home/xpz5km/Cahn_Hilliard_Model_HPC/spinodal_decomp/compare_L2_error.py , Line : 86, Func.Name : compare_L2_error_at_timepoint, Message : snapshot_NMG = read_specific_lines(f"{root}/{NMG_fname}", line_list)', 'File : /sfs/gpfs/tardis/home/xpz5km/Cahn_Hilliard_Model_HPC/spinodal_decomp/compare_L2_error.py , Line : 21, Func.Name : read_specific_lines, Message : digits.append(float(i))']
Python,2000,256,neumann,2000,2000,50p not recorded; dt_out too large.
Python,20,64,periodic,20,20,50p
NMG_Python_20_dt_5.50e-06_Nx_64_periodic_dtout_2050pphi.csv
Exception type : TypeError 
Exception message : float() argument must be a string or a real number, not 'complex'
Stack trace : ['File : /sfs/gpfs/tardis/home/xpz5km/Cahn_Hilliard_Model_HPC/spinodal_decomp/compare_L2_error.py , Line : 86, Func.Name : compare_L2_error_at_timepoint, Message : snapshot_NMG = read_specific_lines(f"{root}/{NMG_fname}", line_list)', 'File : /sfs/gpfs/tardis/home/xpz5km/Cahn_Hilliard_Model_HPC/spinodal_decomp/compare_L2_error.py , Line : 21, Func.Name : read_specific_lines, Message : digits.append(float(i))']
Python,2000,512,neumann,2000,2000,25p not recorded; dt_out too large.
Python,20,512,neumann,20,20,75p
NMG_Python_20_dt_5.50e-06_Nx_512_neumann_dtout_2075pphi.csv
Exception type : TypeError 
Exception message : float() argument must be a string or a real number, not 'complex'
Stack trace : ['File : /sfs/gpfs/tardis/home/xpz5km/Cahn_Hilliard_Model_HPC/spinodal_decomp/compare_L2_error.py , Line : 86, Func.Name : compare_L2_error_at_timepoint, Message : snapshot_NMG = read_specific_lines(f"{root}/{NMG_fname}", line_list)', 'File : /sfs/gpfs/tardis/home/xpz5km/Cahn_Hilliard_Model_HPC/spinodal_decomp/compare_L2_error.py , Line : 21, Func.Name : read_specific_lines, Message : digits.append(float(i))']
Python,20,256,neumann,20,20,25p
NMG_Python_20_dt_5.50e-06_Nx_256_neumann_dtout_2025pphi.csv
Exception type : TypeError 
Exception message : float() argument must be a string or a real number, not 'complex'
Stack trace : ['File : /sfs/gpfs/tardis/home/xpz5km/Cahn_Hilliard_Model_HPC/spinodal_decomp/compare_L2_error.py , Line : 86, Func.Name : compare_L2_error_at_timepoint, Message : snapshot_NMG = read_specific_lines(f"{root}/{NMG_fname}", line_list)', 'File : /sfs/gpfs/tardis/home/xpz5km/Cahn_Hilliard_Model_HPC/spinodal_decomp/compare_L2_error.py , Line : 21, Func.Name : read_specific_lines, Message : digits.append(float(i))']
Python,2000,64,neumann,2000,2000,75p not recorded; dt_out too large.
Python,20,128,neumann,20,20,25p
NMG_Python_20_dt_5.50e-06_Nx_128_neumann_dtout_2025pphi.csv
Exception type : TypeError 
Exception message : float() argument must be a string or a real number, not 'complex'
Stack trace : ['File : /sfs/gpfs/tardis/home/xpz5km/Cahn_Hilliard_Model_HPC/spinodal_decomp/compare_L2_error.py , Line : 86, Func.Name : compare_L2_error_at_timepoint, Message : snapshot_NMG = read_specific_lines(f"{root}/{NMG_fname}", line_list)', 'File : /sfs/gpfs/tardis/home/xpz5km/Cahn_Hilliard_Model_HPC/spinodal_decomp/compare_L2_error.py , Line : 21, Func.Name : read_specific_lines, Message : digits.append(float(i))']
Python,20,64,periodic,20,20,75p
NMG_Python_20_dt_5.50e-06_Nx_64_periodic_dtout_2075pphi.csv
Exception type : TypeError 
Exception message : float() argument must be a string or a real number, not 'complex'
Stack trace : ['File : /sfs/gpfs/tardis/home/xpz5km/Cahn_Hilliard_Model_HPC/spinodal_decomp/compare_L2_error.py , Line : 86, Func.Name : compare_L2_error_at_timepoint, Message : snapshot_NMG = read_specific_lines(f"{root}/{NMG_fname}", line_list)', 'File : /sfs/gpfs/tardis/home/xpz5km/Cahn_Hilliard_Model_HPC/spinodal_decomp/compare_L2_error.py , Line : 21, Func.Name : read_specific_lines, Message : digits.append(float(i))']
Python,20,256,periodic,1,1,75p
NMG_Python_20_dt_5.50e-06_Nx_256_periodic_dtout_175pphi.csv
Exception type : TypeError 
Exception message : float() argument must be a string or a real number, not 'complex'
Stack trace : ['File : /sfs/gpfs/tardis/home/xpz5km/Cahn_Hilliard_Model_HPC/spinodal_decomp/compare_L2_error.py , Line : 86, Func.Name : compare_L2_error_at_timepoint, Message : snapshot_NMG = read_specific_lines(f"{root}/{NMG_fname}", line_list)', 'File : /sfs/gpfs/tardis/home/xpz5km/Cahn_Hilliard_Model_HPC/spinodal_decomp/compare_L2_error.py , Line : 21, Func.Name : read_specific_lines, Message : digits.append(float(i))']
Python,20,64,periodic,1,1,50p
NMG_Python_20_dt_5.50e-06_Nx_64_periodic_dtout_150pphi.csv
Exception type : TypeError 
Exception message : float() argument must be a string or a real number, not 'complex'
Stack trace : ['File : /sfs/gpfs/tardis/home/xpz5km/Cahn_Hilliard_Model_HPC/spinodal_decomp/compare_L2_error.py , Line : 86, Func.Name : compare_L2_error_at_timepoint, Message : snapshot_NMG = read_specific_lines(f"{root}/{NMG_fname}", line_list)', 'File : /sfs/gpfs/tardis/home/xpz5km/Cahn_Hilliard_Model_HPC/spinodal_decomp/compare_L2_error.py , Line : 21, Func.Name : read_specific_lines, Message : digits.append(float(i))']
Python,20,128,periodic,1,1,25p
NMG_Python_20_dt_5.50e-06_Nx_128_periodic_dtout_125pphi.csv
Exception type : TypeError 
Exception message : float() argument must be a string or a real number, not 'complex'
Stack trace : ['File : /sfs/gpfs/tardis/home/xpz5km/Cahn_Hilliard_Model_HPC/spinodal_decomp/compare_L2_error.py , Line : 86, Func.Name : compare_L2_error_at_timepoint, Message : snapshot_NMG = read_specific_lines(f"{root}/{NMG_fname}", line_list)', 'File : /sfs/gpfs/tardis/home/xpz5km/Cahn_Hilliard_Model_HPC/spinodal_decomp/compare_L2_error.py , Line : 21, Func.Name : read_specific_lines, Message : digits.append(float(i))']
3
Python,20,256,neumann,20,20,75p
NMG_Python_20_dt_5.50e-06_Nx_256_neumann_dtout_2075pphi.csv
Exception type : TypeError 
Exception message : float() argument must be a string or a real number, not 'complex'
Stack trace : ['File : /sfs/gpfs/tardis/home/xpz5km/Cahn_Hilliard_Model_HPC/spinodal_decomp/compare_L2_error.py , Line : 86, Func.Name : compare_L2_error_at_timepoint, Message : snapshot_NMG = read_specific_lines(f"{root}/{NMG_fname}", line_list)', 'File : /sfs/gpfs/tardis/home/xpz5km/Cahn_Hilliard_Model_HPC/spinodal_decomp/compare_L2_error.py , Line : 21, Func.Name : read_specific_lines, Message : digits.append(float(i))']
Python,2000,256,neumann,2000,2000,25p not recorded; dt_out too large.
Python,20,128,periodic,20,20,25p
NMG_Python_20_dt_5.50e-06_Nx_128_periodic_dtout_2025pphi.csv
Exception type : TypeError 
Exception message : float() argument must be a string or a real number, not 'complex'
Stack trace : ['File : /sfs/gpfs/tardis/home/xpz5km/Cahn_Hilliard_Model_HPC/spinodal_decomp/compare_L2_error.py , Line : 86, Func.Name : compare_L2_error_at_timepoint, Message : snapshot_NMG = read_specific_lines(f"{root}/{NMG_fname}", line_list)', 'File : /sfs/gpfs/tardis/home/xpz5km/Cahn_Hilliard_Model_HPC/spinodal_decomp/compare_L2_error.py , Line : 21, Func.Name : read_specific_lines, Message : digits.append(float(i))']
Python,2000,256,periodic,2000,2000,50p not recorded; dt_out too large.
Python,20,256,periodic,20,20,25p
NMG_Python_20_dt_5.50e-06_Nx_256_periodic_dtout_2025pphi.csv
Exception type : TypeError 
Exception message : float() argument must be a string or a real number, not 'complex'
Stack trace : ['File : /sfs/gpfs/tardis/home/xpz5km/Cahn_Hilliard_Model_HPC/spinodal_decomp/compare_L2_error.py , Line : 86, Func.Name : compare_L2_error_at_timepoint, Message : snapshot_NMG = read_specific_lines(f"{root}/{NMG_fname}", line_list)', 'File : /sfs/gpfs/tardis/home/xpz5km/Cahn_Hilliard_Model_HPC/spinodal_decomp/compare_L2_error.py , Line : 21, Func.Name : read_specific_lines, Message : digits.append(float(i))']
Python,20,512,neumann,20,20,50p
NMG_Python_20_dt_5.50e-06_Nx_512_neumann_dtout_2050pphi.csv
Exception type : TypeError 
Exception message : float() argument must be a string or a real number, not 'complex'
Stack trace : ['File : /sfs/gpfs/tardis/home/xpz5km/Cahn_Hilliard_Model_HPC/spinodal_decomp/compare_L2_error.py , Line : 86, Func.Name : compare_L2_error_at_timepoint, Message : snapshot_NMG = read_specific_lines(f"{root}/{NMG_fname}", line_list)', 'File : /sfs/gpfs/tardis/home/xpz5km/Cahn_Hilliard_Model_HPC/spinodal_decomp/compare_L2_error.py , Line : 21, Func.Name : read_specific_lines, Message : digits.append(float(i))']
Python,2000,512,periodic,2000,2000,25p not recorded; dt_out too large.
Python,2000,64,periodic,2000,2000,75p not recorded; dt_out too large.
Python,2000,256,periodic,2000,2000,25p not recorded; dt_out too large.
Python,2000,256,neumann,2000,2000,75p not recorded; dt_out too large.
Python,2000,128,periodic,2000,2000,75p not recorded; dt_out too large.
Python,20,128,neumann,1,1,25p
NMG_Python_20_dt_5.50e-06_Nx_128_neumann_dtout_125pphi.csv
Exception type : TypeError 
Exception message : float() argument must be a string or a real number, not 'complex'
Stack trace : ['File : /sfs/gpfs/tardis/home/xpz5km/Cahn_Hilliard_Model_HPC/spinodal_decomp/compare_L2_error.py , Line : 86, Func.Name : compare_L2_error_at_timepoint, Message : snapshot_NMG = read_specific_lines(f"{root}/{NMG_fname}", line_list)', 'File : /sfs/gpfs/tardis/home/xpz5km/Cahn_Hilliard_Model_HPC/spinodal_decomp/compare_L2_error.py , Line : 21, Func.Name : read_specific_lines, Message : digits.append(float(i))']
Python,2000,256,periodic,2000,2000,75p not recorded; dt_out too large.
Python,20,256,neumann,20,20,50p
NMG_Python_20_dt_5.50e-06_Nx_256_neumann_dtout_2050pphi.csv
Exception type : TypeError 
Exception message : float() argument must be a string or a real number, not 'complex'
Stack trace : ['File : /sfs/gpfs/tardis/home/xpz5km/Cahn_Hilliard_Model_HPC/spinodal_decomp/compare_L2_error.py , Line : 86, Func.Name : compare_L2_error_at_timepoint, Message : snapshot_NMG = read_specific_lines(f"{root}/{NMG_fname}", line_list)', 'File : /sfs/gpfs/tardis/home/xpz5km/Cahn_Hilliard_Model_HPC/spinodal_decomp/compare_L2_error.py , Line : 21, Func.Name : read_specific_lines, Message : digits.append(float(i))']
Python,2000,128,neumann,2000,2000,25p not recorded; dt_out too large.
Python,20,64,periodic,1,1,75p
NMG_Python_20_dt_5.50e-06_Nx_64_periodic_dtout_175pphi.csv
Exception type : TypeError 
Exception message : float() argument must be a string or a real number, not 'complex'
Stack trace : ['File : /sfs/gpfs/tardis/home/xpz5km/Cahn_Hilliard_Model_HPC/spinodal_decomp/compare_L2_error.py , Line : 86, Func.Name : compare_L2_error_at_timepoint, Message : snapshot_NMG = read_specific_lines(f"{root}/{NMG_fname}", line_list)', 'File : /sfs/gpfs/tardis/home/xpz5km/Cahn_Hilliard_Model_HPC/spinodal_decomp/compare_L2_error.py , Line : 21, Func.Name : read_specific_lines, Message : digits.append(float(i))']
Python,20,256,periodic,1,1,50p
NMG_Python_20_dt_5.50e-06_Nx_256_periodic_dtout_150pphi.csv
Exception type : TypeError 
Exception message : float() argument must be a string or a real number, not 'complex'
Stack trace : ['File : /sfs/gpfs/tardis/home/xpz5km/Cahn_Hilliard_Model_HPC/spinodal_decomp/compare_L2_error.py , Line : 86, Func.Name : compare_L2_error_at_timepoint, Message : snapshot_NMG = read_specific_lines(f"{root}/{NMG_fname}", line_list)', 'File : /sfs/gpfs/tardis/home/xpz5km/Cahn_Hilliard_Model_HPC/spinodal_decomp/compare_L2_error.py , Line : 21, Func.Name : read_specific_lines, Message : digits.append(float(i))']
Python,20,128,neumann,1,1,75p
NMG_Python_20_dt_5.50e-06_Nx_128_neumann_dtout_175pphi.csv
Exception type : TypeError 
Exception message : float() argument must be a string or a real number, not 'complex'
Stack trace : ['File : /sfs/gpfs/tardis/home/xpz5km/Cahn_Hilliard_Model_HPC/spinodal_decomp/compare_L2_error.py , Line : 86, Func.Name : compare_L2_error_at_timepoint, Message : snapshot_NMG = read_specific_lines(f"{root}/{NMG_fname}", line_list)', 'File : /sfs/gpfs/tardis/home/xpz5km/Cahn_Hilliard_Model_HPC/spinodal_decomp/compare_L2_error.py , Line : 21, Func.Name : read_specific_lines, Message : digits.append(float(i))']
Python,20,64,neumann,1,1,50p
NMG_Python_20_dt_5.50e-06_Nx_64_neumann_dtout_150pphi.csv
Exception type : TypeError 
Exception message : float() argument must be a string or a real number, not 'complex'
Stack trace : ['File : /sfs/gpfs/tardis/home/xpz5km/Cahn_Hilliard_Model_HPC/spinodal_decomp/compare_L2_error.py , Line : 86, Func.Name : compare_L2_error_at_timepoint, Message : snapshot_NMG = read_specific_lines(f"{root}/{NMG_fname}", line_list)', 'File : /sfs/gpfs/tardis/home/xpz5km/Cahn_Hilliard_Model_HPC/spinodal_decomp/compare_L2_error.py , Line : 21, Func.Name : read_specific_lines, Message : digits.append(float(i))']
Python,20,256,neumann,1,1,50p
NMG_Python_20_dt_5.50e-06_Nx_256_neumann_dtout_150pphi.csv
Exception type : TypeError 
Exception message : float() argument must be a string or a real number, not 'complex'
Stack trace : ['File : /sfs/gpfs/tardis/home/xpz5km/Cahn_Hilliard_Model_HPC/spinodal_decomp/compare_L2_error.py , Line : 86, Func.Name : compare_L2_error_at_timepoint, Message : snapshot_NMG = read_specific_lines(f"{root}/{NMG_fname}", line_list)', 'File : /sfs/gpfs/tardis/home/xpz5km/Cahn_Hilliard_Model_HPC/spinodal_decomp/compare_L2_error.py , Line : 21, Func.Name : read_specific_lines, Message : digits.append(float(i))']
Python,20,512,neumann,1,1,25p
NMG_Python_20_dt_5.50e-06_Nx_512_neumann_dtout_125pphi.csv
Exception type : TypeError 
Exception message : float() argument must be a string or a real number, not 'complex'
Stack trace : ['File : /sfs/gpfs/tardis/home/xpz5km/Cahn_Hilliard_Model_HPC/spinodal_decomp/compare_L2_error.py , Line : 86, Func.Name : compare_L2_error_at_timepoint, Message : snapshot_NMG = read_specific_lines(f"{root}/{NMG_fname}", line_list)', 'File : /sfs/gpfs/tardis/home/xpz5km/Cahn_Hilliard_Model_HPC/spinodal_decomp/compare_L2_error.py , Line : 21, Func.Name : read_specific_lines, Message : digits.append(float(i))']
Python,2000,128,neumann,2000,2000,50p not recorded; dt_out too large.
Python,2000,512,periodic,2000,2000,50p not recorded; dt_out too large.
Python,20,256,neumann,1,1,75p
NMG_Python_20_dt_5.50e-06_Nx_256_neumann_dtout_175pphi.csv
Exception type : TypeError 
Exception message : float() argument must be a string or a real number, not 'complex'
Stack trace : ['File : /sfs/gpfs/tardis/home/xpz5km/Cahn_Hilliard_Model_HPC/spinodal_decomp/compare_L2_error.py , Line : 86, Func.Name : compare_L2_error_at_timepoint, Message : snapshot_NMG = read_specific_lines(f"{root}/{NMG_fname}", line_list)', 'File : /sfs/gpfs/tardis/home/xpz5km/Cahn_Hilliard_Model_HPC/spinodal_decomp/compare_L2_error.py , Line : 21, Func.Name : read_specific_lines, Message : digits.append(float(i))']
Python,20,128,neumann,20,20,50p
NMG_Python_20_dt_5.50e-06_Nx_128_neumann_dtout_2050pphi.csv
Exception type : TypeError 
Exception message : float() argument must be a string or a real number, not 'complex'
Stack trace : ['File : /sfs/gpfs/tardis/home/xpz5km/Cahn_Hilliard_Model_HPC/spinodal_decomp/compare_L2_error.py , Line : 86, Func.Name : compare_L2_error_at_timepoint, Message : snapshot_NMG = read_specific_lines(f"{root}/{NMG_fname}", line_list)', 'File : /sfs/gpfs/tardis/home/xpz5km/Cahn_Hilliard_Model_HPC/spinodal_decomp/compare_L2_error.py , Line : 21, Func.Name : read_specific_lines, Message : digits.append(float(i))']
Python,20,128,periodic,1,1,50p
NMG_Python_20_dt_5.50e-06_Nx_128_periodic_dtout_150pphi.csv
Exception type : TypeError 
Exception message : float() argument must be a string or a real number, not 'complex'
Stack trace : ['File : /sfs/gpfs/tardis/home/xpz5km/Cahn_Hilliard_Model_HPC/spinodal_decomp/compare_L2_error.py , Line : 86, Func.Name : compare_L2_error_at_timepoint, Message : snapshot_NMG = read_specific_lines(f"{root}/{NMG_fname}", line_list)', 'File : /sfs/gpfs/tardis/home/xpz5km/Cahn_Hilliard_Model_HPC/spinodal_decomp/compare_L2_error.py , Line : 21, Func.Name : read_specific_lines, Message : digits.append(float(i))']
Python,20,256,neumann,1,1,25p
NMG_Python_20_dt_5.50e-06_Nx_256_neumann_dtout_125pphi.csv
Exception type : TypeError 
Exception message : float() argument must be a string or a real number, not 'complex'
Stack trace : ['File : /sfs/gpfs/tardis/home/xpz5km/Cahn_Hilliard_Model_HPC/spinodal_decomp/compare_L2_error.py , Line : 86, Func.Name : compare_L2_error_at_timepoint, Message : snapshot_NMG = read_specific_lines(f"{root}/{NMG_fname}", line_list)', 'File : /sfs/gpfs/tardis/home/xpz5km/Cahn_Hilliard_Model_HPC/spinodal_decomp/compare_L2_error.py , Line : 21, Func.Name : read_specific_lines, Message : digits.append(float(i))']
Python,20,64,neumann,1,1,75p
NMG_Python_20_dt_5.50e-06_Nx_64_neumann_dtout_175pphi.csv
Exception type : TypeError 
Exception message : float() argument must be a string or a real number, not 'complex'
Stack trace : ['File : /sfs/gpfs/tardis/home/xpz5km/Cahn_Hilliard_Model_HPC/spinodal_decomp/compare_L2_error.py , Line : 86, Func.Name : compare_L2_error_at_timepoint, Message : snapshot_NMG = read_specific_lines(f"{root}/{NMG_fname}", line_list)', 'File : /sfs/gpfs/tardis/home/xpz5km/Cahn_Hilliard_Model_HPC/spinodal_decomp/compare_L2_error.py , Line : 21, Func.Name : read_specific_lines, Message : digits.append(float(i))']
Python,20,256,periodic,1,1,25p
NMG_Python_20_dt_5.50e-06_Nx_256_periodic_dtout_125pphi.csv
Exception type : TypeError 
Exception message : float() argument must be a string or a real number, not 'complex'
Stack trace : ['File : /sfs/gpfs/tardis/home/xpz5km/Cahn_Hilliard_Model_HPC/spinodal_decomp/compare_L2_error.py , Line : 86, Func.Name : compare_L2_error_at_timepoint, Message : snapshot_NMG = read_specific_lines(f"{root}/{NMG_fname}", line_list)', 'File : /sfs/gpfs/tardis/home/xpz5km/Cahn_Hilliard_Model_HPC/spinodal_decomp/compare_L2_error.py , Line : 21, Func.Name : read_specific_lines, Message : digits.append(float(i))']
Python,20,64,periodic,20,20,25p
NMG_Python_20_dt_5.50e-06_Nx_64_periodic_dtout_2025pphi.csv
Exception type : TypeError 
Exception message : float() argument must be a string or a real number, not 'complex'
Stack trace : ['File : /sfs/gpfs/tardis/home/xpz5km/Cahn_Hilliard_Model_HPC/spinodal_decomp/compare_L2_error.py , Line : 86, Func.Name : compare_L2_error_at_timepoint, Message : snapshot_NMG = read_specific_lines(f"{root}/{NMG_fname}", line_list)', 'File : /sfs/gpfs/tardis/home/xpz5km/Cahn_Hilliard_Model_HPC/spinodal_decomp/compare_L2_error.py , Line : 21, Func.Name : read_specific_lines, Message : digits.append(float(i))']
Python,20,512,periodic,1,1,50p
NMG_Python_20_dt_5.50e-06_Nx_512_periodic_dtout_150pphi.csv
Exception type : TypeError 
Exception message : float() argument must be a string or a real number, not 'complex'
Stack trace : ['File : /sfs/gpfs/tardis/home/xpz5km/Cahn_Hilliard_Model_HPC/spinodal_decomp/compare_L2_error.py , Line : 86, Func.Name : compare_L2_error_at_timepoint, Message : snapshot_NMG = read_specific_lines(f"{root}/{NMG_fname}", line_list)', 'File : /sfs/gpfs/tardis/home/xpz5km/Cahn_Hilliard_Model_HPC/spinodal_decomp/compare_L2_error.py , Line : 21, Func.Name : read_specific_lines, Message : digits.append(float(i))']
Python,2000,512,neumann,2000,2000,50p not recorded; dt_out too large.
Python,2000,512,neumann,2000,2000,75p not recorded; dt_out too large.
Python,20,512,periodic,20,20,25p
NMG_Python_20_dt_5.50e-06_Nx_512_periodic_dtout_2025pphi.csv
Exception type : TypeError 
Exception message : float() argument must be a string or a real number, not 'complex'
Stack trace : ['File : /sfs/gpfs/tardis/home/xpz5km/Cahn_Hilliard_Model_HPC/spinodal_decomp/compare_L2_error.py , Line : 86, Func.Name : compare_L2_error_at_timepoint, Message : snapshot_NMG = read_specific_lines(f"{root}/{NMG_fname}", line_list)', 'File : /sfs/gpfs/tardis/home/xpz5km/Cahn_Hilliard_Model_HPC/spinodal_decomp/compare_L2_error.py , Line : 21, Func.Name : read_specific_lines, Message : digits.append(float(i))']
Python,20,64,neumann,20,20,50p
NMG_Python_20_dt_5.50e-06_Nx_64_neumann_dtout_2050pphi.csv
Exception type : TypeError 
Exception message : float() argument must be a string or a real number, not 'complex'
Stack trace : ['File : /sfs/gpfs/tardis/home/xpz5km/Cahn_Hilliard_Model_HPC/spinodal_decomp/compare_L2_error.py , Line : 86, Func.Name : compare_L2_error_at_timepoint, Message : snapshot_NMG = read_specific_lines(f"{root}/{NMG_fname}", line_list)', 'File : /sfs/gpfs/tardis/home/xpz5km/Cahn_Hilliard_Model_HPC/spinodal_decomp/compare_L2_error.py , Line : 21, Func.Name : read_specific_lines, Message : digits.append(float(i))']
Python,20,128,neumann,20,20,75p
NMG_Python_20_dt_5.50e-06_Nx_128_neumann_dtout_2075pphi.csv
Exception type : TypeError 
Exception message : float() argument must be a string or a real number, not 'complex'
Stack trace : ['File : /sfs/gpfs/tardis/home/xpz5km/Cahn_Hilliard_Model_HPC/spinodal_decomp/compare_L2_error.py , Line : 86, Func.Name : compare_L2_error_at_timepoint, Message : snapshot_NMG = read_specific_lines(f"{root}/{NMG_fname}", line_list)', 'File : /sfs/gpfs/tardis/home/xpz5km/Cahn_Hilliard_Model_HPC/spinodal_decomp/compare_L2_error.py , Line : 21, Func.Name : read_specific_lines, Message : digits.append(float(i))']
Python,20,64,neumann,1,1,25p
NMG_Python_20_dt_5.50e-06_Nx_64_neumann_dtout_125pphi.csv
Exception type : TypeError 
Exception message : float() argument must be a string or a real number, not 'complex'
Stack trace : ['File : /sfs/gpfs/tardis/home/xpz5km/Cahn_Hilliard_Model_HPC/spinodal_decomp/compare_L2_error.py , Line : 86, Func.Name : compare_L2_error_at_timepoint, Message : snapshot_NMG = read_specific_lines(f"{root}/{NMG_fname}", line_list)', 'File : /sfs/gpfs/tardis/home/xpz5km/Cahn_Hilliard_Model_HPC/spinodal_decomp/compare_L2_error.py , Line : 21, Func.Name : read_specific_lines, Message : digits.append(float(i))']
Python,2000,64,neumann,2000,2000,25p not recorded; dt_out too large.
Python,20,512,periodic,1,1,25p
NMG_Python_20_dt_5.50e-06_Nx_512_periodic_dtout_125pphi.csv
Exception type : TypeError 
Exception message : float() argument must be a string or a real number, not 'complex'
Stack trace : ['File : /sfs/gpfs/tardis/home/xpz5km/Cahn_Hilliard_Model_HPC/spinodal_decomp/compare_L2_error.py , Line : 86, Func.Name : compare_L2_error_at_timepoint, Message : snapshot_NMG = read_specific_lines(f"{root}/{NMG_fname}", line_list)', 'File : /sfs/gpfs/tardis/home/xpz5km/Cahn_Hilliard_Model_HPC/spinodal_decomp/compare_L2_error.py , Line : 21, Func.Name : read_specific_lines, Message : digits.append(float(i))']
Python,2000,128,periodic,2000,2000,25p not recorded; dt_out too large.
Python,20,512,periodic,20,20,50p
NMG_Python_20_dt_5.50e-06_Nx_512_periodic_dtout_2050pphi.csv
Exception type : TypeError 
Exception message : float() argument must be a string or a real number, not 'complex'
Stack trace : ['File : /sfs/gpfs/tardis/home/xpz5km/Cahn_Hilliard_Model_HPC/spinodal_decomp/compare_L2_error.py , Line : 86, Func.Name : compare_L2_error_at_timepoint, Message : snapshot_NMG = read_specific_lines(f"{root}/{NMG_fname}", line_list)', 'File : /sfs/gpfs/tardis/home/xpz5km/Cahn_Hilliard_Model_HPC/spinodal_decomp/compare_L2_error.py , Line : 21, Func.Name : read_specific_lines, Message : digits.append(float(i))']
Python,2000,512,periodic,2000,2000,75p not recorded; dt_out too large.
Python,20,128,periodic,1,1,75p
NMG_Python_20_dt_5.50e-06_Nx_128_periodic_dtout_175pphi.csv
Exception type : TypeError 
Exception message : float() argument must be a string or a real number, not 'complex'
Stack trace : ['File : /sfs/gpfs/tardis/home/xpz5km/Cahn_Hilliard_Model_HPC/spinodal_decomp/compare_L2_error.py , Line : 86, Func.Name : compare_L2_error_at_timepoint, Message : snapshot_NMG = read_specific_lines(f"{root}/{NMG_fname}", line_list)', 'File : /sfs/gpfs/tardis/home/xpz5km/Cahn_Hilliard_Model_HPC/spinodal_decomp/compare_L2_error.py , Line : 21, Func.Name : read_specific_lines, Message : digits.append(float(i))']
Python,20,512,periodic,1,1,75p
NMG_Python_20_dt_5.50e-06_Nx_512_periodic_dtout_175pphi.csv
Exception type : TypeError 
Exception message : float() argument must be a string or a real number, not 'complex'
Stack trace : ['File : /sfs/gpfs/tardis/home/xpz5km/Cahn_Hilliard_Model_HPC/spinodal_decomp/compare_L2_error.py , Line : 86, Func.Name : compare_L2_error_at_timepoint, Message : snapshot_NMG = read_specific_lines(f"{root}/{NMG_fname}", line_list)', 'File : /sfs/gpfs/tardis/home/xpz5km/Cahn_Hilliard_Model_HPC/spinodal_decomp/compare_L2_error.py , Line : 21, Func.Name : read_specific_lines, Message : digits.append(float(i))']
Python,20,128,neumann,1,1,50p
NMG_Python_20_dt_5.50e-06_Nx_128_neumann_dtout_150pphi.csv
Exception type : TypeError 
Exception message : float() argument must be a string or a real number, not 'complex'
Stack trace : ['File : /sfs/gpfs/tardis/home/xpz5km/Cahn_Hilliard_Model_HPC/spinodal_decomp/compare_L2_error.py , Line : 86, Func.Name : compare_L2_error_at_timepoint, Message : snapshot_NMG = read_specific_lines(f"{root}/{NMG_fname}", line_list)', 'File : /sfs/gpfs/tardis/home/xpz5km/Cahn_Hilliard_Model_HPC/spinodal_decomp/compare_L2_error.py , Line : 21, Func.Name : read_specific_lines, Message : digits.append(float(i))']
Python,2000,64,periodic,2000,2000,25p not recorded; dt_out too large.
Python,20,128,periodic,20,20,75p
NMG_Python_20_dt_5.50e-06_Nx_128_periodic_dtout_2075pphi.csv
Exception type : TypeError 
Exception message : float() argument must be a string or a real number, not 'complex'
Stack trace : ['File : /sfs/gpfs/tardis/home/xpz5km/Cahn_Hilliard_Model_HPC/spinodal_decomp/compare_L2_error.py , Line : 86, Func.Name : compare_L2_error_at_timepoint, Message : snapshot_NMG = read_specific_lines(f"{root}/{NMG_fname}", line_list)', 'File : /sfs/gpfs/tardis/home/xpz5km/Cahn_Hilliard_Model_HPC/spinodal_decomp/compare_L2_error.py , Line : 21, Func.Name : read_specific_lines, Message : digits.append(float(i))']
Python,2000,64,neumann,2000,2000,50p not recorded; dt_out too large.
Python,2000,128,periodic,2000,2000,50p not recorded; dt_out too large.
Python,20,256,periodic,20,20,75p
NMG_Python_20_dt_5.50e-06_Nx_256_periodic_dtout_2075pphi.csv
Exception type : TypeError 
Exception message : float() argument must be a string or a real number, not 'complex'
Stack trace : ['File : /sfs/gpfs/tardis/home/xpz5km/Cahn_Hilliard_Model_HPC/spinodal_decomp/compare_L2_error.py , Line : 86, Func.Name : compare_L2_error_at_timepoint, Message : snapshot_NMG = read_specific_lines(f"{root}/{NMG_fname}", line_list)', 'File : /sfs/gpfs/tardis/home/xpz5km/Cahn_Hilliard_Model_HPC/spinodal_decomp/compare_L2_error.py , Line : 21, Func.Name : read_specific_lines, Message : digits.append(float(i))']
Python,20,512,neumann,1,1,75p
NMG_Python_20_dt_5.50e-06_Nx_512_neumann_dtout_175pphi.csv
Exception type : TypeError 
Exception message : float() argument must be a string or a real number, not 'complex'
Stack trace : ['File : /sfs/gpfs/tardis/home/xpz5km/Cahn_Hilliard_Model_HPC/spinodal_decomp/compare_L2_error.py , Line : 86, Func.Name : compare_L2_error_at_timepoint, Message : snapshot_NMG = read_specific_lines(f"{root}/{NMG_fname}", line_list)', 'File : /sfs/gpfs/tardis/home/xpz5km/Cahn_Hilliard_Model_HPC/spinodal_decomp/compare_L2_error.py , Line : 21, Func.Name : read_specific_lines, Message : digits.append(float(i))']
Python,20,64,neumann,20,20,25p
NMG_Python_20_dt_5.50e-06_Nx_64_neumann_dtout_2025pphi.csv
Exception type : TypeError 
Exception message : float() argument must be a string or a real number, not 'complex'
Stack trace : ['File : /sfs/gpfs/tardis/home/xpz5km/Cahn_Hilliard_Model_HPC/spinodal_decomp/compare_L2_error.py , Line : 86, Func.Name : compare_L2_error_at_timepoint, Message : snapshot_NMG = read_specific_lines(f"{root}/{NMG_fname}", line_list)', 'File : /sfs/gpfs/tardis/home/xpz5km/Cahn_Hilliard_Model_HPC/spinodal_decomp/compare_L2_error.py , Line : 21, Func.Name : read_specific_lines, Message : digits.append(float(i))']
Python,20,64,neumann,20,20,75p
NMG_Python_20_dt_5.50e-06_Nx_64_neumann_dtout_2075pphi.csv
Exception type : TypeError 
Exception message : float() argument must be a string or a real number, not 'complex'
Stack trace : ['File : /sfs/gpfs/tardis/home/xpz5km/Cahn_Hilliard_Model_HPC/spinodal_decomp/compare_L2_error.py , Line : 86, Func.Name : compare_L2_error_at_timepoint, Message : snapshot_NMG = read_specific_lines(f"{root}/{NMG_fname}", line_list)', 'File : /sfs/gpfs/tardis/home/xpz5km/Cahn_Hilliard_Model_HPC/spinodal_decomp/compare_L2_error.py , Line : 21, Func.Name : read_specific_lines, Message : digits.append(float(i))']
Python,2000,64,periodic,2000,2000,50p not recorded; dt_out too large.
Python,20,512,periodic,20,20,75p
NMG_Python_20_dt_5.50e-06_Nx_512_periodic_dtout_2075pphi.csv
Exception type : TypeError 
Exception message : float() argument must be a string or a real number, not 'complex'
Stack trace : ['File : /sfs/gpfs/tardis/home/xpz5km/Cahn_Hilliard_Model_HPC/spinodal_decomp/compare_L2_error.py , Line : 86, Func.Name : compare_L2_error_at_timepoint, Message : snapshot_NMG = read_specific_lines(f"{root}/{NMG_fname}", line_list)', 'File : /sfs/gpfs/tardis/home/xpz5km/Cahn_Hilliard_Model_HPC/spinodal_decomp/compare_L2_error.py , Line : 21, Func.Name : read_specific_lines, Message : digits.append(float(i))']
Python,20,512,neumann,20,20,25p
NMG_Python_20_dt_5.50e-06_Nx_512_neumann_dtout_2025pphi.csv
Exception type : TypeError 
Exception message : float() argument must be a string or a real number, not 'complex'
Stack trace : ['File : /sfs/gpfs/tardis/home/xpz5km/Cahn_Hilliard_Model_HPC/spinodal_decomp/compare_L2_error.py , Line : 86, Func.Name : compare_L2_error_at_timepoint, Message : snapshot_NMG = read_specific_lines(f"{root}/{NMG_fname}", line_list)', 'File : /sfs/gpfs/tardis/home/xpz5km/Cahn_Hilliard_Model_HPC/spinodal_decomp/compare_L2_error.py , Line : 21, Func.Name : read_specific_lines, Message : digits.append(float(i))']
Python,20,512,neumann,1,1,50p
NMG_Python_20_dt_5.50e-06_Nx_512_neumann_dtout_150pphi.csv
Exception type : TypeError 
Exception message : float() argument must be a string or a real number, not 'complex'
Stack trace : ['File : /sfs/gpfs/tardis/home/xpz5km/Cahn_Hilliard_Model_HPC/spinodal_decomp/compare_L2_error.py , Line : 86, Func.Name : compare_L2_error_at_timepoint, Message : snapshot_NMG = read_specific_lines(f"{root}/{NMG_fname}", line_list)', 'File : /sfs/gpfs/tardis/home/xpz5km/Cahn_Hilliard_Model_HPC/spinodal_decomp/compare_L2_error.py , Line : 21, Func.Name : read_specific_lines, Message : digits.append(float(i))']
Python,20,64,periodic,1,1,25p
NMG_Python_20_dt_5.50e-06_Nx_64_periodic_dtout_125pphi.csv
Exception type : TypeError 
Exception message : float() argument must be a string or a real number, not 'complex'
Stack trace : ['File : /sfs/gpfs/tardis/home/xpz5km/Cahn_Hilliard_Model_HPC/spinodal_decomp/compare_L2_error.py , Line : 86, Func.Name : compare_L2_error_at_timepoint, Message : snapshot_NMG = read_specific_lines(f"{root}/{NMG_fname}", line_list)', 'File : /sfs/gpfs/tardis/home/xpz5km/Cahn_Hilliard_Model_HPC/spinodal_decomp/compare_L2_error.py , Line : 21, Func.Name : read_specific_lines, Message : digits.append(float(i))']
Python,2000,128,neumann,2000,2000,75p not recorded; dt_out too large.
Python,20,128,periodic,20,20,50p
NMG_Python_20_dt_5.50e-06_Nx_128_periodic_dtout_2050pphi.csv
Exception type : TypeError 
Exception message : float() argument must be a string or a real number, not 'complex'
Stack trace : ['File : /sfs/gpfs/tardis/home/xpz5km/Cahn_Hilliard_Model_HPC/spinodal_decomp/compare_L2_error.py , Line : 86, Func.Name : compare_L2_error_at_timepoint, Message : snapshot_NMG = read_specific_lines(f"{root}/{NMG_fname}", line_list)', 'File : /sfs/gpfs/tardis/home/xpz5km/Cahn_Hilliard_Model_HPC/spinodal_decomp/compare_L2_error.py , Line : 21, Func.Name : read_specific_lines, Message : digits.append(float(i))']
Python,20,256,periodic,20,20,50p
NMG_Python_20_dt_5.50e-06_Nx_256_periodic_dtout_2050pphi.csv
Exception type : TypeError 
Exception message : float() argument must be a string or a real number, not 'complex'
Stack trace : ['File : /sfs/gpfs/tardis/home/xpz5km/Cahn_Hilliard_Model_HPC/spinodal_decomp/compare_L2_error.py , Line : 86, Func.Name : compare_L2_error_at_timepoint, Message : snapshot_NMG = read_specific_lines(f"{root}/{NMG_fname}", line_list)', 'File : /sfs/gpfs/tardis/home/xpz5km/Cahn_Hilliard_Model_HPC/spinodal_decomp/compare_L2_error.py , Line : 21, Func.Name : read_specific_lines, Message : digits.append(float(i))']
Python,2000,256,neumann,2000,2000,50p not recorded; dt_out too large.
Python,20,64,periodic,20,20,50p
NMG_Python_20_dt_5.50e-06_Nx_64_periodic_dtout_2050pphi.csv
Exception type : TypeError 
Exception message : float() argument must be a string or a real number, not 'complex'
Stack trace : ['File : /sfs/gpfs/tardis/home/xpz5km/Cahn_Hilliard_Model_HPC/spinodal_decomp/compare_L2_error.py , Line : 86, Func.Name : compare_L2_error_at_timepoint, Message : snapshot_NMG = read_specific_lines(f"{root}/{NMG_fname}", line_list)', 'File : /sfs/gpfs/tardis/home/xpz5km/Cahn_Hilliard_Model_HPC/spinodal_decomp/compare_L2_error.py , Line : 21, Func.Name : read_specific_lines, Message : digits.append(float(i))']
Python,2000,512,neumann,2000,2000,25p not recorded; dt_out too large.
Python,20,512,neumann,20,20,75p
NMG_Python_20_dt_5.50e-06_Nx_512_neumann_dtout_2075pphi.csv
Exception type : TypeError 
Exception message : float() argument must be a string or a real number, not 'complex'
Stack trace : ['File : /sfs/gpfs/tardis/home/xpz5km/Cahn_Hilliard_Model_HPC/spinodal_decomp/compare_L2_error.py , Line : 86, Func.Name : compare_L2_error_at_timepoint, Message : snapshot_NMG = read_specific_lines(f"{root}/{NMG_fname}", line_list)', 'File : /sfs/gpfs/tardis/home/xpz5km/Cahn_Hilliard_Model_HPC/spinodal_decomp/compare_L2_error.py , Line : 21, Func.Name : read_specific_lines, Message : digits.append(float(i))']
Python,20,256,neumann,20,20,25p
NMG_Python_20_dt_5.50e-06_Nx_256_neumann_dtout_2025pphi.csv
Exception type : TypeError 
Exception message : float() argument must be a string or a real number, not 'complex'
Stack trace : ['File : /sfs/gpfs/tardis/home/xpz5km/Cahn_Hilliard_Model_HPC/spinodal_decomp/compare_L2_error.py , Line : 86, Func.Name : compare_L2_error_at_timepoint, Message : snapshot_NMG = read_specific_lines(f"{root}/{NMG_fname}", line_list)', 'File : /sfs/gpfs/tardis/home/xpz5km/Cahn_Hilliard_Model_HPC/spinodal_decomp/compare_L2_error.py , Line : 21, Func.Name : read_specific_lines, Message : digits.append(float(i))']
Python,2000,64,neumann,2000,2000,75p not recorded; dt_out too large.
Python,20,128,neumann,20,20,25p
NMG_Python_20_dt_5.50e-06_Nx_128_neumann_dtout_2025pphi.csv
Exception type : TypeError 
Exception message : float() argument must be a string or a real number, not 'complex'
Stack trace : ['File : /sfs/gpfs/tardis/home/xpz5km/Cahn_Hilliard_Model_HPC/spinodal_decomp/compare_L2_error.py , Line : 86, Func.Name : compare_L2_error_at_timepoint, Message : snapshot_NMG = read_specific_lines(f"{root}/{NMG_fname}", line_list)', 'File : /sfs/gpfs/tardis/home/xpz5km/Cahn_Hilliard_Model_HPC/spinodal_decomp/compare_L2_error.py , Line : 21, Func.Name : read_specific_lines, Message : digits.append(float(i))']
Python,20,64,periodic,20,20,75p
NMG_Python_20_dt_5.50e-06_Nx_64_periodic_dtout_2075pphi.csv
Exception type : TypeError 
Exception message : float() argument must be a string or a real number, not 'complex'
Stack trace : ['File : /sfs/gpfs/tardis/home/xpz5km/Cahn_Hilliard_Model_HPC/spinodal_decomp/compare_L2_error.py , Line : 86, Func.Name : compare_L2_error_at_timepoint, Message : snapshot_NMG = read_specific_lines(f"{root}/{NMG_fname}", line_list)', 'File : /sfs/gpfs/tardis/home/xpz5km/Cahn_Hilliard_Model_HPC/spinodal_decomp/compare_L2_error.py , Line : 21, Func.Name : read_specific_lines, Message : digits.append(float(i))']
Python,20,256,periodic,1,1,75p
NMG_Python_20_dt_5.50e-06_Nx_256_periodic_dtout_175pphi.csv
Exception type : TypeError 
Exception message : float() argument must be a string or a real number, not 'complex'
Stack trace : ['File : /sfs/gpfs/tardis/home/xpz5km/Cahn_Hilliard_Model_HPC/spinodal_decomp/compare_L2_error.py , Line : 86, Func.Name : compare_L2_error_at_timepoint, Message : snapshot_NMG = read_specific_lines(f"{root}/{NMG_fname}", line_list)', 'File : /sfs/gpfs/tardis/home/xpz5km/Cahn_Hilliard_Model_HPC/spinodal_decomp/compare_L2_error.py , Line : 21, Func.Name : read_specific_lines, Message : digits.append(float(i))']
Python,20,64,periodic,1,1,50p
NMG_Python_20_dt_5.50e-06_Nx_64_periodic_dtout_150pphi.csv
Exception type : TypeError 
Exception message : float() argument must be a string or a real number, not 'complex'
Stack trace : ['File : /sfs/gpfs/tardis/home/xpz5km/Cahn_Hilliard_Model_HPC/spinodal_decomp/compare_L2_error.py , Line : 86, Func.Name : compare_L2_error_at_timepoint, Message : snapshot_NMG = read_specific_lines(f"{root}/{NMG_fname}", line_list)', 'File : /sfs/gpfs/tardis/home/xpz5km/Cahn_Hilliard_Model_HPC/spinodal_decomp/compare_L2_error.py , Line : 21, Func.Name : read_specific_lines, Message : digits.append(float(i))']
Python,20,128,periodic,1,1,25p
NMG_Python_20_dt_5.50e-06_Nx_128_periodic_dtout_125pphi.csv
Exception type : TypeError 
Exception message : float() argument must be a string or a real number, not 'complex'
Stack trace : ['File : /sfs/gpfs/tardis/home/xpz5km/Cahn_Hilliard_Model_HPC/spinodal_decomp/compare_L2_error.py , Line : 86, Func.Name : compare_L2_error_at_timepoint, Message : snapshot_NMG = read_specific_lines(f"{root}/{NMG_fname}", line_list)', 'File : /sfs/gpfs/tardis/home/xpz5km/Cahn_Hilliard_Model_HPC/spinodal_decomp/compare_L2_error.py , Line : 21, Func.Name : read_specific_lines, Message : digits.append(float(i))']
4
Python,20,256,neumann,20,20,75p
NMG_Python_20_dt_5.50e-06_Nx_256_neumann_dtout_2075pphi.csv
Exception type : TypeError 
Exception message : float() argument must be a string or a real number, not 'complex'
Stack trace : ['File : /sfs/gpfs/tardis/home/xpz5km/Cahn_Hilliard_Model_HPC/spinodal_decomp/compare_L2_error.py , Line : 86, Func.Name : compare_L2_error_at_timepoint, Message : snapshot_NMG = read_specific_lines(f"{root}/{NMG_fname}", line_list)', 'File : /sfs/gpfs/tardis/home/xpz5km/Cahn_Hilliard_Model_HPC/spinodal_decomp/compare_L2_error.py , Line : 21, Func.Name : read_specific_lines, Message : digits.append(float(i))']
Python,2000,256,neumann,2000,2000,25p not recorded; dt_out too large.
Python,20,128,periodic,20,20,25p
NMG_Python_20_dt_5.50e-06_Nx_128_periodic_dtout_2025pphi.csv
Exception type : TypeError 
Exception message : float() argument must be a string or a real number, not 'complex'
Stack trace : ['File : /sfs/gpfs/tardis/home/xpz5km/Cahn_Hilliard_Model_HPC/spinodal_decomp/compare_L2_error.py , Line : 86, Func.Name : compare_L2_error_at_timepoint, Message : snapshot_NMG = read_specific_lines(f"{root}/{NMG_fname}", line_list)', 'File : /sfs/gpfs/tardis/home/xpz5km/Cahn_Hilliard_Model_HPC/spinodal_decomp/compare_L2_error.py , Line : 21, Func.Name : read_specific_lines, Message : digits.append(float(i))']
Python,2000,256,periodic,2000,2000,50p not recorded; dt_out too large.
Python,20,256,periodic,20,20,25p
NMG_Python_20_dt_5.50e-06_Nx_256_periodic_dtout_2025pphi.csv
Exception type : TypeError 
Exception message : float() argument must be a string or a real number, not 'complex'
Stack trace : ['File : /sfs/gpfs/tardis/home/xpz5km/Cahn_Hilliard_Model_HPC/spinodal_decomp/compare_L2_error.py , Line : 86, Func.Name : compare_L2_error_at_timepoint, Message : snapshot_NMG = read_specific_lines(f"{root}/{NMG_fname}", line_list)', 'File : /sfs/gpfs/tardis/home/xpz5km/Cahn_Hilliard_Model_HPC/spinodal_decomp/compare_L2_error.py , Line : 21, Func.Name : read_specific_lines, Message : digits.append(float(i))']
Python,20,512,neumann,20,20,50p
NMG_Python_20_dt_5.50e-06_Nx_512_neumann_dtout_2050pphi.csv
Exception type : TypeError 
Exception message : float() argument must be a string or a real number, not 'complex'
Stack trace : ['File : /sfs/gpfs/tardis/home/xpz5km/Cahn_Hilliard_Model_HPC/spinodal_decomp/compare_L2_error.py , Line : 86, Func.Name : compare_L2_error_at_timepoint, Message : snapshot_NMG = read_specific_lines(f"{root}/{NMG_fname}", line_list)', 'File : /sfs/gpfs/tardis/home/xpz5km/Cahn_Hilliard_Model_HPC/spinodal_decomp/compare_L2_error.py , Line : 21, Func.Name : read_specific_lines, Message : digits.append(float(i))']
Python,2000,512,periodic,2000,2000,25p not recorded; dt_out too large.
Python,2000,64,periodic,2000,2000,75p not recorded; dt_out too large.
Python,2000,256,periodic,2000,2000,25p not recorded; dt_out too large.
Python,2000,256,neumann,2000,2000,75p not recorded; dt_out too large.
Python,2000,128,periodic,2000,2000,75p not recorded; dt_out too large.
Python,20,128,neumann,1,1,25p
NMG_Python_20_dt_5.50e-06_Nx_128_neumann_dtout_125pphi.csv
Exception type : TypeError 
Exception message : float() argument must be a string or a real number, not 'complex'
Stack trace : ['File : /sfs/gpfs/tardis/home/xpz5km/Cahn_Hilliard_Model_HPC/spinodal_decomp/compare_L2_error.py , Line : 86, Func.Name : compare_L2_error_at_timepoint, Message : snapshot_NMG = read_specific_lines(f"{root}/{NMG_fname}", line_list)', 'File : /sfs/gpfs/tardis/home/xpz5km/Cahn_Hilliard_Model_HPC/spinodal_decomp/compare_L2_error.py , Line : 21, Func.Name : read_specific_lines, Message : digits.append(float(i))']
Python,2000,256,periodic,2000,2000,75p not recorded; dt_out too large.
Python,20,256,neumann,20,20,50p
NMG_Python_20_dt_5.50e-06_Nx_256_neumann_dtout_2050pphi.csv
Exception type : TypeError 
Exception message : float() argument must be a string or a real number, not 'complex'
Stack trace : ['File : /sfs/gpfs/tardis/home/xpz5km/Cahn_Hilliard_Model_HPC/spinodal_decomp/compare_L2_error.py , Line : 86, Func.Name : compare_L2_error_at_timepoint, Message : snapshot_NMG = read_specific_lines(f"{root}/{NMG_fname}", line_list)', 'File : /sfs/gpfs/tardis/home/xpz5km/Cahn_Hilliard_Model_HPC/spinodal_decomp/compare_L2_error.py , Line : 21, Func.Name : read_specific_lines, Message : digits.append(float(i))']
Python,2000,128,neumann,2000,2000,25p not recorded; dt_out too large.
Python,20,64,periodic,1,1,75p
NMG_Python_20_dt_5.50e-06_Nx_64_periodic_dtout_175pphi.csv
Exception type : TypeError 
Exception message : float() argument must be a string or a real number, not 'complex'
Stack trace : ['File : /sfs/gpfs/tardis/home/xpz5km/Cahn_Hilliard_Model_HPC/spinodal_decomp/compare_L2_error.py , Line : 86, Func.Name : compare_L2_error_at_timepoint, Message : snapshot_NMG = read_specific_lines(f"{root}/{NMG_fname}", line_list)', 'File : /sfs/gpfs/tardis/home/xpz5km/Cahn_Hilliard_Model_HPC/spinodal_decomp/compare_L2_error.py , Line : 21, Func.Name : read_specific_lines, Message : digits.append(float(i))']
Python,20,256,periodic,1,1,50p
NMG_Python_20_dt_5.50e-06_Nx_256_periodic_dtout_150pphi.csv
Exception type : TypeError 
Exception message : float() argument must be a string or a real number, not 'complex'
Stack trace : ['File : /sfs/gpfs/tardis/home/xpz5km/Cahn_Hilliard_Model_HPC/spinodal_decomp/compare_L2_error.py , Line : 86, Func.Name : compare_L2_error_at_timepoint, Message : snapshot_NMG = read_specific_lines(f"{root}/{NMG_fname}", line_list)', 'File : /sfs/gpfs/tardis/home/xpz5km/Cahn_Hilliard_Model_HPC/spinodal_decomp/compare_L2_error.py , Line : 21, Func.Name : read_specific_lines, Message : digits.append(float(i))']
Python,20,128,neumann,1,1,75p
NMG_Python_20_dt_5.50e-06_Nx_128_neumann_dtout_175pphi.csv
Exception type : TypeError 
Exception message : float() argument must be a string or a real number, not 'complex'
Stack trace : ['File : /sfs/gpfs/tardis/home/xpz5km/Cahn_Hilliard_Model_HPC/spinodal_decomp/compare_L2_error.py , Line : 86, Func.Name : compare_L2_error_at_timepoint, Message : snapshot_NMG = read_specific_lines(f"{root}/{NMG_fname}", line_list)', 'File : /sfs/gpfs/tardis/home/xpz5km/Cahn_Hilliard_Model_HPC/spinodal_decomp/compare_L2_error.py , Line : 21, Func.Name : read_specific_lines, Message : digits.append(float(i))']
Python,20,64,neumann,1,1,50p
NMG_Python_20_dt_5.50e-06_Nx_64_neumann_dtout_150pphi.csv
Exception type : TypeError 
Exception message : float() argument must be a string or a real number, not 'complex'
Stack trace : ['File : /sfs/gpfs/tardis/home/xpz5km/Cahn_Hilliard_Model_HPC/spinodal_decomp/compare_L2_error.py , Line : 86, Func.Name : compare_L2_error_at_timepoint, Message : snapshot_NMG = read_specific_lines(f"{root}/{NMG_fname}", line_list)', 'File : /sfs/gpfs/tardis/home/xpz5km/Cahn_Hilliard_Model_HPC/spinodal_decomp/compare_L2_error.py , Line : 21, Func.Name : read_specific_lines, Message : digits.append(float(i))']
Python,20,256,neumann,1,1,50p
NMG_Python_20_dt_5.50e-06_Nx_256_neumann_dtout_150pphi.csv
Exception type : TypeError 
Exception message : float() argument must be a string or a real number, not 'complex'
Stack trace : ['File : /sfs/gpfs/tardis/home/xpz5km/Cahn_Hilliard_Model_HPC/spinodal_decomp/compare_L2_error.py , Line : 86, Func.Name : compare_L2_error_at_timepoint, Message : snapshot_NMG = read_specific_lines(f"{root}/{NMG_fname}", line_list)', 'File : /sfs/gpfs/tardis/home/xpz5km/Cahn_Hilliard_Model_HPC/spinodal_decomp/compare_L2_error.py , Line : 21, Func.Name : read_specific_lines, Message : digits.append(float(i))']
Python,20,512,neumann,1,1,25p
NMG_Python_20_dt_5.50e-06_Nx_512_neumann_dtout_125pphi.csv
Exception type : TypeError 
Exception message : float() argument must be a string or a real number, not 'complex'
Stack trace : ['File : /sfs/gpfs/tardis/home/xpz5km/Cahn_Hilliard_Model_HPC/spinodal_decomp/compare_L2_error.py , Line : 86, Func.Name : compare_L2_error_at_timepoint, Message : snapshot_NMG = read_specific_lines(f"{root}/{NMG_fname}", line_list)', 'File : /sfs/gpfs/tardis/home/xpz5km/Cahn_Hilliard_Model_HPC/spinodal_decomp/compare_L2_error.py , Line : 21, Func.Name : read_specific_lines, Message : digits.append(float(i))']
Python,2000,128,neumann,2000,2000,50p not recorded; dt_out too large.
Python,2000,512,periodic,2000,2000,50p not recorded; dt_out too large.
Python,20,256,neumann,1,1,75p
NMG_Python_20_dt_5.50e-06_Nx_256_neumann_dtout_175pphi.csv
Exception type : TypeError 
Exception message : float() argument must be a string or a real number, not 'complex'
Stack trace : ['File : /sfs/gpfs/tardis/home/xpz5km/Cahn_Hilliard_Model_HPC/spinodal_decomp/compare_L2_error.py , Line : 86, Func.Name : compare_L2_error_at_timepoint, Message : snapshot_NMG = read_specific_lines(f"{root}/{NMG_fname}", line_list)', 'File : /sfs/gpfs/tardis/home/xpz5km/Cahn_Hilliard_Model_HPC/spinodal_decomp/compare_L2_error.py , Line : 21, Func.Name : read_specific_lines, Message : digits.append(float(i))']
Python,20,128,neumann,20,20,50p
NMG_Python_20_dt_5.50e-06_Nx_128_neumann_dtout_2050pphi.csv
Exception type : TypeError 
Exception message : float() argument must be a string or a real number, not 'complex'
Stack trace : ['File : /sfs/gpfs/tardis/home/xpz5km/Cahn_Hilliard_Model_HPC/spinodal_decomp/compare_L2_error.py , Line : 86, Func.Name : compare_L2_error_at_timepoint, Message : snapshot_NMG = read_specific_lines(f"{root}/{NMG_fname}", line_list)', 'File : /sfs/gpfs/tardis/home/xpz5km/Cahn_Hilliard_Model_HPC/spinodal_decomp/compare_L2_error.py , Line : 21, Func.Name : read_specific_lines, Message : digits.append(float(i))']
Python,20,128,periodic,1,1,50p
NMG_Python_20_dt_5.50e-06_Nx_128_periodic_dtout_150pphi.csv
Exception type : TypeError 
Exception message : float() argument must be a string or a real number, not 'complex'
Stack trace : ['File : /sfs/gpfs/tardis/home/xpz5km/Cahn_Hilliard_Model_HPC/spinodal_decomp/compare_L2_error.py , Line : 86, Func.Name : compare_L2_error_at_timepoint, Message : snapshot_NMG = read_specific_lines(f"{root}/{NMG_fname}", line_list)', 'File : /sfs/gpfs/tardis/home/xpz5km/Cahn_Hilliard_Model_HPC/spinodal_decomp/compare_L2_error.py , Line : 21, Func.Name : read_specific_lines, Message : digits.append(float(i))']
Python,20,256,neumann,1,1,25p
NMG_Python_20_dt_5.50e-06_Nx_256_neumann_dtout_125pphi.csv
Exception type : TypeError 
Exception message : float() argument must be a string or a real number, not 'complex'
Stack trace : ['File : /sfs/gpfs/tardis/home/xpz5km/Cahn_Hilliard_Model_HPC/spinodal_decomp/compare_L2_error.py , Line : 86, Func.Name : compare_L2_error_at_timepoint, Message : snapshot_NMG = read_specific_lines(f"{root}/{NMG_fname}", line_list)', 'File : /sfs/gpfs/tardis/home/xpz5km/Cahn_Hilliard_Model_HPC/spinodal_decomp/compare_L2_error.py , Line : 21, Func.Name : read_specific_lines, Message : digits.append(float(i))']
Python,20,64,neumann,1,1,75p
NMG_Python_20_dt_5.50e-06_Nx_64_neumann_dtout_175pphi.csv
Exception type : TypeError 
Exception message : float() argument must be a string or a real number, not 'complex'
Stack trace : ['File : /sfs/gpfs/tardis/home/xpz5km/Cahn_Hilliard_Model_HPC/spinodal_decomp/compare_L2_error.py , Line : 86, Func.Name : compare_L2_error_at_timepoint, Message : snapshot_NMG = read_specific_lines(f"{root}/{NMG_fname}", line_list)', 'File : /sfs/gpfs/tardis/home/xpz5km/Cahn_Hilliard_Model_HPC/spinodal_decomp/compare_L2_error.py , Line : 21, Func.Name : read_specific_lines, Message : digits.append(float(i))']
Python,20,256,periodic,1,1,25p
NMG_Python_20_dt_5.50e-06_Nx_256_periodic_dtout_125pphi.csv
Exception type : TypeError 
Exception message : float() argument must be a string or a real number, not 'complex'
Stack trace : ['File : /sfs/gpfs/tardis/home/xpz5km/Cahn_Hilliard_Model_HPC/spinodal_decomp/compare_L2_error.py , Line : 86, Func.Name : compare_L2_error_at_timepoint, Message : snapshot_NMG = read_specific_lines(f"{root}/{NMG_fname}", line_list)', 'File : /sfs/gpfs/tardis/home/xpz5km/Cahn_Hilliard_Model_HPC/spinodal_decomp/compare_L2_error.py , Line : 21, Func.Name : read_specific_lines, Message : digits.append(float(i))']
Python,20,64,periodic,20,20,25p
NMG_Python_20_dt_5.50e-06_Nx_64_periodic_dtout_2025pphi.csv
Exception type : TypeError 
Exception message : float() argument must be a string or a real number, not 'complex'
Stack trace : ['File : /sfs/gpfs/tardis/home/xpz5km/Cahn_Hilliard_Model_HPC/spinodal_decomp/compare_L2_error.py , Line : 86, Func.Name : compare_L2_error_at_timepoint, Message : snapshot_NMG = read_specific_lines(f"{root}/{NMG_fname}", line_list)', 'File : /sfs/gpfs/tardis/home/xpz5km/Cahn_Hilliard_Model_HPC/spinodal_decomp/compare_L2_error.py , Line : 21, Func.Name : read_specific_lines, Message : digits.append(float(i))']
Python,20,512,periodic,1,1,50p
NMG_Python_20_dt_5.50e-06_Nx_512_periodic_dtout_150pphi.csv
Exception type : TypeError 
Exception message : float() argument must be a string or a real number, not 'complex'
Stack trace : ['File : /sfs/gpfs/tardis/home/xpz5km/Cahn_Hilliard_Model_HPC/spinodal_decomp/compare_L2_error.py , Line : 86, Func.Name : compare_L2_error_at_timepoint, Message : snapshot_NMG = read_specific_lines(f"{root}/{NMG_fname}", line_list)', 'File : /sfs/gpfs/tardis/home/xpz5km/Cahn_Hilliard_Model_HPC/spinodal_decomp/compare_L2_error.py , Line : 21, Func.Name : read_specific_lines, Message : digits.append(float(i))']
Python,2000,512,neumann,2000,2000,50p not recorded; dt_out too large.
Python,2000,512,neumann,2000,2000,75p not recorded; dt_out too large.
Python,20,512,periodic,20,20,25p
NMG_Python_20_dt_5.50e-06_Nx_512_periodic_dtout_2025pphi.csv
Exception type : TypeError 
Exception message : float() argument must be a string or a real number, not 'complex'
Stack trace : ['File : /sfs/gpfs/tardis/home/xpz5km/Cahn_Hilliard_Model_HPC/spinodal_decomp/compare_L2_error.py , Line : 86, Func.Name : compare_L2_error_at_timepoint, Message : snapshot_NMG = read_specific_lines(f"{root}/{NMG_fname}", line_list)', 'File : /sfs/gpfs/tardis/home/xpz5km/Cahn_Hilliard_Model_HPC/spinodal_decomp/compare_L2_error.py , Line : 21, Func.Name : read_specific_lines, Message : digits.append(float(i))']
Python,20,64,neumann,20,20,50p
NMG_Python_20_dt_5.50e-06_Nx_64_neumann_dtout_2050pphi.csv
Exception type : TypeError 
Exception message : float() argument must be a string or a real number, not 'complex'
Stack trace : ['File : /sfs/gpfs/tardis/home/xpz5km/Cahn_Hilliard_Model_HPC/spinodal_decomp/compare_L2_error.py , Line : 86, Func.Name : compare_L2_error_at_timepoint, Message : snapshot_NMG = read_specific_lines(f"{root}/{NMG_fname}", line_list)', 'File : /sfs/gpfs/tardis/home/xpz5km/Cahn_Hilliard_Model_HPC/spinodal_decomp/compare_L2_error.py , Line : 21, Func.Name : read_specific_lines, Message : digits.append(float(i))']
Python,20,128,neumann,20,20,75p
NMG_Python_20_dt_5.50e-06_Nx_128_neumann_dtout_2075pphi.csv
Exception type : TypeError 
Exception message : float() argument must be a string or a real number, not 'complex'
Stack trace : ['File : /sfs/gpfs/tardis/home/xpz5km/Cahn_Hilliard_Model_HPC/spinodal_decomp/compare_L2_error.py , Line : 86, Func.Name : compare_L2_error_at_timepoint, Message : snapshot_NMG = read_specific_lines(f"{root}/{NMG_fname}", line_list)', 'File : /sfs/gpfs/tardis/home/xpz5km/Cahn_Hilliard_Model_HPC/spinodal_decomp/compare_L2_error.py , Line : 21, Func.Name : read_specific_lines, Message : digits.append(float(i))']
Python,20,64,neumann,1,1,25p
NMG_Python_20_dt_5.50e-06_Nx_64_neumann_dtout_125pphi.csv
Exception type : TypeError 
Exception message : float() argument must be a string or a real number, not 'complex'
Stack trace : ['File : /sfs/gpfs/tardis/home/xpz5km/Cahn_Hilliard_Model_HPC/spinodal_decomp/compare_L2_error.py , Line : 86, Func.Name : compare_L2_error_at_timepoint, Message : snapshot_NMG = read_specific_lines(f"{root}/{NMG_fname}", line_list)', 'File : /sfs/gpfs/tardis/home/xpz5km/Cahn_Hilliard_Model_HPC/spinodal_decomp/compare_L2_error.py , Line : 21, Func.Name : read_specific_lines, Message : digits.append(float(i))']
Python,2000,64,neumann,2000,2000,25p not recorded; dt_out too large.
Python,20,512,periodic,1,1,25p
NMG_Python_20_dt_5.50e-06_Nx_512_periodic_dtout_125pphi.csv
Exception type : TypeError 
Exception message : float() argument must be a string or a real number, not 'complex'
Stack trace : ['File : /sfs/gpfs/tardis/home/xpz5km/Cahn_Hilliard_Model_HPC/spinodal_decomp/compare_L2_error.py , Line : 86, Func.Name : compare_L2_error_at_timepoint, Message : snapshot_NMG = read_specific_lines(f"{root}/{NMG_fname}", line_list)', 'File : /sfs/gpfs/tardis/home/xpz5km/Cahn_Hilliard_Model_HPC/spinodal_decomp/compare_L2_error.py , Line : 21, Func.Name : read_specific_lines, Message : digits.append(float(i))']
Python,2000,128,periodic,2000,2000,25p not recorded; dt_out too large.
Python,20,512,periodic,20,20,50p
NMG_Python_20_dt_5.50e-06_Nx_512_periodic_dtout_2050pphi.csv
Exception type : TypeError 
Exception message : float() argument must be a string or a real number, not 'complex'
Stack trace : ['File : /sfs/gpfs/tardis/home/xpz5km/Cahn_Hilliard_Model_HPC/spinodal_decomp/compare_L2_error.py , Line : 86, Func.Name : compare_L2_error_at_timepoint, Message : snapshot_NMG = read_specific_lines(f"{root}/{NMG_fname}", line_list)', 'File : /sfs/gpfs/tardis/home/xpz5km/Cahn_Hilliard_Model_HPC/spinodal_decomp/compare_L2_error.py , Line : 21, Func.Name : read_specific_lines, Message : digits.append(float(i))']
Python,2000,512,periodic,2000,2000,75p not recorded; dt_out too large.
Python,20,128,periodic,1,1,75p
NMG_Python_20_dt_5.50e-06_Nx_128_periodic_dtout_175pphi.csv
Exception type : TypeError 
Exception message : float() argument must be a string or a real number, not 'complex'
Stack trace : ['File : /sfs/gpfs/tardis/home/xpz5km/Cahn_Hilliard_Model_HPC/spinodal_decomp/compare_L2_error.py , Line : 86, Func.Name : compare_L2_error_at_timepoint, Message : snapshot_NMG = read_specific_lines(f"{root}/{NMG_fname}", line_list)', 'File : /sfs/gpfs/tardis/home/xpz5km/Cahn_Hilliard_Model_HPC/spinodal_decomp/compare_L2_error.py , Line : 21, Func.Name : read_specific_lines, Message : digits.append(float(i))']
Python,20,512,periodic,1,1,75p
NMG_Python_20_dt_5.50e-06_Nx_512_periodic_dtout_175pphi.csv
Exception type : TypeError 
Exception message : float() argument must be a string or a real number, not 'complex'
Stack trace : ['File : /sfs/gpfs/tardis/home/xpz5km/Cahn_Hilliard_Model_HPC/spinodal_decomp/compare_L2_error.py , Line : 86, Func.Name : compare_L2_error_at_timepoint, Message : snapshot_NMG = read_specific_lines(f"{root}/{NMG_fname}", line_list)', 'File : /sfs/gpfs/tardis/home/xpz5km/Cahn_Hilliard_Model_HPC/spinodal_decomp/compare_L2_error.py , Line : 21, Func.Name : read_specific_lines, Message : digits.append(float(i))']
Python,20,128,neumann,1,1,50p
NMG_Python_20_dt_5.50e-06_Nx_128_neumann_dtout_150pphi.csv
Exception type : TypeError 
Exception message : float() argument must be a string or a real number, not 'complex'
Stack trace : ['File : /sfs/gpfs/tardis/home/xpz5km/Cahn_Hilliard_Model_HPC/spinodal_decomp/compare_L2_error.py , Line : 86, Func.Name : compare_L2_error_at_timepoint, Message : snapshot_NMG = read_specific_lines(f"{root}/{NMG_fname}", line_list)', 'File : /sfs/gpfs/tardis/home/xpz5km/Cahn_Hilliard_Model_HPC/spinodal_decomp/compare_L2_error.py , Line : 21, Func.Name : read_specific_lines, Message : digits.append(float(i))']
Python,2000,64,periodic,2000,2000,25p not recorded; dt_out too large.
Python,20,128,periodic,20,20,75p
NMG_Python_20_dt_5.50e-06_Nx_128_periodic_dtout_2075pphi.csv
Exception type : TypeError 
Exception message : float() argument must be a string or a real number, not 'complex'
Stack trace : ['File : /sfs/gpfs/tardis/home/xpz5km/Cahn_Hilliard_Model_HPC/spinodal_decomp/compare_L2_error.py , Line : 86, Func.Name : compare_L2_error_at_timepoint, Message : snapshot_NMG = read_specific_lines(f"{root}/{NMG_fname}", line_list)', 'File : /sfs/gpfs/tardis/home/xpz5km/Cahn_Hilliard_Model_HPC/spinodal_decomp/compare_L2_error.py , Line : 21, Func.Name : read_specific_lines, Message : digits.append(float(i))']
Python,2000,64,neumann,2000,2000,50p not recorded; dt_out too large.
Python,2000,128,periodic,2000,2000,50p not recorded; dt_out too large.
Python,20,256,periodic,20,20,75p
NMG_Python_20_dt_5.50e-06_Nx_256_periodic_dtout_2075pphi.csv
Exception type : TypeError 
Exception message : float() argument must be a string or a real number, not 'complex'
Stack trace : ['File : /sfs/gpfs/tardis/home/xpz5km/Cahn_Hilliard_Model_HPC/spinodal_decomp/compare_L2_error.py , Line : 86, Func.Name : compare_L2_error_at_timepoint, Message : snapshot_NMG = read_specific_lines(f"{root}/{NMG_fname}", line_list)', 'File : /sfs/gpfs/tardis/home/xpz5km/Cahn_Hilliard_Model_HPC/spinodal_decomp/compare_L2_error.py , Line : 21, Func.Name : read_specific_lines, Message : digits.append(float(i))']
Python,20,512,neumann,1,1,75p
NMG_Python_20_dt_5.50e-06_Nx_512_neumann_dtout_175pphi.csv
Exception type : TypeError 
Exception message : float() argument must be a string or a real number, not 'complex'
Stack trace : ['File : /sfs/gpfs/tardis/home/xpz5km/Cahn_Hilliard_Model_HPC/spinodal_decomp/compare_L2_error.py , Line : 86, Func.Name : compare_L2_error_at_timepoint, Message : snapshot_NMG = read_specific_lines(f"{root}/{NMG_fname}", line_list)', 'File : /sfs/gpfs/tardis/home/xpz5km/Cahn_Hilliard_Model_HPC/spinodal_decomp/compare_L2_error.py , Line : 21, Func.Name : read_specific_lines, Message : digits.append(float(i))']
Python,20,64,neumann,20,20,25p
NMG_Python_20_dt_5.50e-06_Nx_64_neumann_dtout_2025pphi.csv
Exception type : TypeError 
Exception message : float() argument must be a string or a real number, not 'complex'
Stack trace : ['File : /sfs/gpfs/tardis/home/xpz5km/Cahn_Hilliard_Model_HPC/spinodal_decomp/compare_L2_error.py , Line : 86, Func.Name : compare_L2_error_at_timepoint, Message : snapshot_NMG = read_specific_lines(f"{root}/{NMG_fname}", line_list)', 'File : /sfs/gpfs/tardis/home/xpz5km/Cahn_Hilliard_Model_HPC/spinodal_decomp/compare_L2_error.py , Line : 21, Func.Name : read_specific_lines, Message : digits.append(float(i))']
Python,20,64,neumann,20,20,75p
NMG_Python_20_dt_5.50e-06_Nx_64_neumann_dtout_2075pphi.csv
Exception type : TypeError 
Exception message : float() argument must be a string or a real number, not 'complex'
Stack trace : ['File : /sfs/gpfs/tardis/home/xpz5km/Cahn_Hilliard_Model_HPC/spinodal_decomp/compare_L2_error.py , Line : 86, Func.Name : compare_L2_error_at_timepoint, Message : snapshot_NMG = read_specific_lines(f"{root}/{NMG_fname}", line_list)', 'File : /sfs/gpfs/tardis/home/xpz5km/Cahn_Hilliard_Model_HPC/spinodal_decomp/compare_L2_error.py , Line : 21, Func.Name : read_specific_lines, Message : digits.append(float(i))']
Python,2000,64,periodic,2000,2000,50p not recorded; dt_out too large.
Python,20,512,periodic,20,20,75p
NMG_Python_20_dt_5.50e-06_Nx_512_periodic_dtout_2075pphi.csv
Exception type : TypeError 
Exception message : float() argument must be a string or a real number, not 'complex'
Stack trace : ['File : /sfs/gpfs/tardis/home/xpz5km/Cahn_Hilliard_Model_HPC/spinodal_decomp/compare_L2_error.py , Line : 86, Func.Name : compare_L2_error_at_timepoint, Message : snapshot_NMG = read_specific_lines(f"{root}/{NMG_fname}", line_list)', 'File : /sfs/gpfs/tardis/home/xpz5km/Cahn_Hilliard_Model_HPC/spinodal_decomp/compare_L2_error.py , Line : 21, Func.Name : read_specific_lines, Message : digits.append(float(i))']
Python,20,512,neumann,20,20,25p
NMG_Python_20_dt_5.50e-06_Nx_512_neumann_dtout_2025pphi.csv
Exception type : TypeError 
Exception message : float() argument must be a string or a real number, not 'complex'
Stack trace : ['File : /sfs/gpfs/tardis/home/xpz5km/Cahn_Hilliard_Model_HPC/spinodal_decomp/compare_L2_error.py , Line : 86, Func.Name : compare_L2_error_at_timepoint, Message : snapshot_NMG = read_specific_lines(f"{root}/{NMG_fname}", line_list)', 'File : /sfs/gpfs/tardis/home/xpz5km/Cahn_Hilliard_Model_HPC/spinodal_decomp/compare_L2_error.py , Line : 21, Func.Name : read_specific_lines, Message : digits.append(float(i))']
Python,20,512,neumann,1,1,50p
NMG_Python_20_dt_5.50e-06_Nx_512_neumann_dtout_150pphi.csv
Exception type : TypeError 
Exception message : float() argument must be a string or a real number, not 'complex'
Stack trace : ['File : /sfs/gpfs/tardis/home/xpz5km/Cahn_Hilliard_Model_HPC/spinodal_decomp/compare_L2_error.py , Line : 86, Func.Name : compare_L2_error_at_timepoint, Message : snapshot_NMG = read_specific_lines(f"{root}/{NMG_fname}", line_list)', 'File : /sfs/gpfs/tardis/home/xpz5km/Cahn_Hilliard_Model_HPC/spinodal_decomp/compare_L2_error.py , Line : 21, Func.Name : read_specific_lines, Message : digits.append(float(i))']
Python,20,64,periodic,1,1,25p
NMG_Python_20_dt_5.50e-06_Nx_64_periodic_dtout_125pphi.csv
Exception type : TypeError 
Exception message : float() argument must be a string or a real number, not 'complex'
Stack trace : ['File : /sfs/gpfs/tardis/home/xpz5km/Cahn_Hilliard_Model_HPC/spinodal_decomp/compare_L2_error.py , Line : 86, Func.Name : compare_L2_error_at_timepoint, Message : snapshot_NMG = read_specific_lines(f"{root}/{NMG_fname}", line_list)', 'File : /sfs/gpfs/tardis/home/xpz5km/Cahn_Hilliard_Model_HPC/spinodal_decomp/compare_L2_error.py , Line : 21, Func.Name : read_specific_lines, Message : digits.append(float(i))']
Python,2000,128,neumann,2000,2000,75p not recorded; dt_out too large.
Python,20,128,periodic,20,20,50p
NMG_Python_20_dt_5.50e-06_Nx_128_periodic_dtout_2050pphi.csv
Exception type : TypeError 
Exception message : float() argument must be a string or a real number, not 'complex'
Stack trace : ['File : /sfs/gpfs/tardis/home/xpz5km/Cahn_Hilliard_Model_HPC/spinodal_decomp/compare_L2_error.py , Line : 86, Func.Name : compare_L2_error_at_timepoint, Message : snapshot_NMG = read_specific_lines(f"{root}/{NMG_fname}", line_list)', 'File : /sfs/gpfs/tardis/home/xpz5km/Cahn_Hilliard_Model_HPC/spinodal_decomp/compare_L2_error.py , Line : 21, Func.Name : read_specific_lines, Message : digits.append(float(i))']
Python,20,256,periodic,20,20,50p
NMG_Python_20_dt_5.50e-06_Nx_256_periodic_dtout_2050pphi.csv
Exception type : TypeError 
Exception message : float() argument must be a string or a real number, not 'complex'
Stack trace : ['File : /sfs/gpfs/tardis/home/xpz5km/Cahn_Hilliard_Model_HPC/spinodal_decomp/compare_L2_error.py , Line : 86, Func.Name : compare_L2_error_at_timepoint, Message : snapshot_NMG = read_specific_lines(f"{root}/{NMG_fname}", line_list)', 'File : /sfs/gpfs/tardis/home/xpz5km/Cahn_Hilliard_Model_HPC/spinodal_decomp/compare_L2_error.py , Line : 21, Func.Name : read_specific_lines, Message : digits.append(float(i))']
Python,2000,256,neumann,2000,2000,50p not recorded; dt_out too large.
Python,20,64,periodic,20,20,50p
NMG_Python_20_dt_5.50e-06_Nx_64_periodic_dtout_2050pphi.csv
Exception type : TypeError 
Exception message : float() argument must be a string or a real number, not 'complex'
Stack trace : ['File : /sfs/gpfs/tardis/home/xpz5km/Cahn_Hilliard_Model_HPC/spinodal_decomp/compare_L2_error.py , Line : 86, Func.Name : compare_L2_error_at_timepoint, Message : snapshot_NMG = read_specific_lines(f"{root}/{NMG_fname}", line_list)', 'File : /sfs/gpfs/tardis/home/xpz5km/Cahn_Hilliard_Model_HPC/spinodal_decomp/compare_L2_error.py , Line : 21, Func.Name : read_specific_lines, Message : digits.append(float(i))']
Python,2000,512,neumann,2000,2000,25p not recorded; dt_out too large.
Python,20,512,neumann,20,20,75p
NMG_Python_20_dt_5.50e-06_Nx_512_neumann_dtout_2075pphi.csv
Exception type : TypeError 
Exception message : float() argument must be a string or a real number, not 'complex'
Stack trace : ['File : /sfs/gpfs/tardis/home/xpz5km/Cahn_Hilliard_Model_HPC/spinodal_decomp/compare_L2_error.py , Line : 86, Func.Name : compare_L2_error_at_timepoint, Message : snapshot_NMG = read_specific_lines(f"{root}/{NMG_fname}", line_list)', 'File : /sfs/gpfs/tardis/home/xpz5km/Cahn_Hilliard_Model_HPC/spinodal_decomp/compare_L2_error.py , Line : 21, Func.Name : read_specific_lines, Message : digits.append(float(i))']
Python,20,256,neumann,20,20,25p
NMG_Python_20_dt_5.50e-06_Nx_256_neumann_dtout_2025pphi.csv
Exception type : TypeError 
Exception message : float() argument must be a string or a real number, not 'complex'
Stack trace : ['File : /sfs/gpfs/tardis/home/xpz5km/Cahn_Hilliard_Model_HPC/spinodal_decomp/compare_L2_error.py , Line : 86, Func.Name : compare_L2_error_at_timepoint, Message : snapshot_NMG = read_specific_lines(f"{root}/{NMG_fname}", line_list)', 'File : /sfs/gpfs/tardis/home/xpz5km/Cahn_Hilliard_Model_HPC/spinodal_decomp/compare_L2_error.py , Line : 21, Func.Name : read_specific_lines, Message : digits.append(float(i))']
Python,2000,64,neumann,2000,2000,75p not recorded; dt_out too large.
Python,20,128,neumann,20,20,25p
NMG_Python_20_dt_5.50e-06_Nx_128_neumann_dtout_2025pphi.csv
Exception type : TypeError 
Exception message : float() argument must be a string or a real number, not 'complex'
Stack trace : ['File : /sfs/gpfs/tardis/home/xpz5km/Cahn_Hilliard_Model_HPC/spinodal_decomp/compare_L2_error.py , Line : 86, Func.Name : compare_L2_error_at_timepoint, Message : snapshot_NMG = read_specific_lines(f"{root}/{NMG_fname}", line_list)', 'File : /sfs/gpfs/tardis/home/xpz5km/Cahn_Hilliard_Model_HPC/spinodal_decomp/compare_L2_error.py , Line : 21, Func.Name : read_specific_lines, Message : digits.append(float(i))']
Python,20,64,periodic,20,20,75p
NMG_Python_20_dt_5.50e-06_Nx_64_periodic_dtout_2075pphi.csv
Exception type : TypeError 
Exception message : float() argument must be a string or a real number, not 'complex'
Stack trace : ['File : /sfs/gpfs/tardis/home/xpz5km/Cahn_Hilliard_Model_HPC/spinodal_decomp/compare_L2_error.py , Line : 86, Func.Name : compare_L2_error_at_timepoint, Message : snapshot_NMG = read_specific_lines(f"{root}/{NMG_fname}", line_list)', 'File : /sfs/gpfs/tardis/home/xpz5km/Cahn_Hilliard_Model_HPC/spinodal_decomp/compare_L2_error.py , Line : 21, Func.Name : read_specific_lines, Message : digits.append(float(i))']
Python,20,256,periodic,1,1,75p
NMG_Python_20_dt_5.50e-06_Nx_256_periodic_dtout_175pphi.csv
Exception type : TypeError 
Exception message : float() argument must be a string or a real number, not 'complex'
Stack trace : ['File : /sfs/gpfs/tardis/home/xpz5km/Cahn_Hilliard_Model_HPC/spinodal_decomp/compare_L2_error.py , Line : 86, Func.Name : compare_L2_error_at_timepoint, Message : snapshot_NMG = read_specific_lines(f"{root}/{NMG_fname}", line_list)', 'File : /sfs/gpfs/tardis/home/xpz5km/Cahn_Hilliard_Model_HPC/spinodal_decomp/compare_L2_error.py , Line : 21, Func.Name : read_specific_lines, Message : digits.append(float(i))']
Python,20,64,periodic,1,1,50p
NMG_Python_20_dt_5.50e-06_Nx_64_periodic_dtout_150pphi.csv
Exception type : TypeError 
Exception message : float() argument must be a string or a real number, not 'complex'
Stack trace : ['File : /sfs/gpfs/tardis/home/xpz5km/Cahn_Hilliard_Model_HPC/spinodal_decomp/compare_L2_error.py , Line : 86, Func.Name : compare_L2_error_at_timepoint, Message : snapshot_NMG = read_specific_lines(f"{root}/{NMG_fname}", line_list)', 'File : /sfs/gpfs/tardis/home/xpz5km/Cahn_Hilliard_Model_HPC/spinodal_decomp/compare_L2_error.py , Line : 21, Func.Name : read_specific_lines, Message : digits.append(float(i))']
Python,20,128,periodic,1,1,25p
NMG_Python_20_dt_5.50e-06_Nx_128_periodic_dtout_125pphi.csv
Exception type : TypeError 
Exception message : float() argument must be a string or a real number, not 'complex'
Stack trace : ['File : /sfs/gpfs/tardis/home/xpz5km/Cahn_Hilliard_Model_HPC/spinodal_decomp/compare_L2_error.py , Line : 86, Func.Name : compare_L2_error_at_timepoint, Message : snapshot_NMG = read_specific_lines(f"{root}/{NMG_fname}", line_list)', 'File : /sfs/gpfs/tardis/home/xpz5km/Cahn_Hilliard_Model_HPC/spinodal_decomp/compare_L2_error.py , Line : 21, Func.Name : read_specific_lines, Message : digits.append(float(i))']
5
Python,20,256,neumann,20,20,75p
NMG_Python_20_dt_5.50e-06_Nx_256_neumann_dtout_2075pphi.csv
Exception type : TypeError 
Exception message : float() argument must be a string or a real number, not 'complex'
Stack trace : ['File : /sfs/gpfs/tardis/home/xpz5km/Cahn_Hilliard_Model_HPC/spinodal_decomp/compare_L2_error.py , Line : 86, Func.Name : compare_L2_error_at_timepoint, Message : snapshot_NMG = read_specific_lines(f"{root}/{NMG_fname}", line_list)', 'File : /sfs/gpfs/tardis/home/xpz5km/Cahn_Hilliard_Model_HPC/spinodal_decomp/compare_L2_error.py , Line : 21, Func.Name : read_specific_lines, Message : digits.append(float(i))']
Python,2000,256,neumann,2000,2000,25p not recorded; dt_out too large.
Python,20,128,periodic,20,20,25p
NMG_Python_20_dt_5.50e-06_Nx_128_periodic_dtout_2025pphi.csv
Exception type : TypeError 
Exception message : float() argument must be a string or a real number, not 'complex'
Stack trace : ['File : /sfs/gpfs/tardis/home/xpz5km/Cahn_Hilliard_Model_HPC/spinodal_decomp/compare_L2_error.py , Line : 86, Func.Name : compare_L2_error_at_timepoint, Message : snapshot_NMG = read_specific_lines(f"{root}/{NMG_fname}", line_list)', 'File : /sfs/gpfs/tardis/home/xpz5km/Cahn_Hilliard_Model_HPC/spinodal_decomp/compare_L2_error.py , Line : 21, Func.Name : read_specific_lines, Message : digits.append(float(i))']
Python,2000,256,periodic,2000,2000,50p not recorded; dt_out too large.
Python,20,256,periodic,20,20,25p
NMG_Python_20_dt_5.50e-06_Nx_256_periodic_dtout_2025pphi.csv
Exception type : TypeError 
Exception message : float() argument must be a string or a real number, not 'complex'
Stack trace : ['File : /sfs/gpfs/tardis/home/xpz5km/Cahn_Hilliard_Model_HPC/spinodal_decomp/compare_L2_error.py , Line : 86, Func.Name : compare_L2_error_at_timepoint, Message : snapshot_NMG = read_specific_lines(f"{root}/{NMG_fname}", line_list)', 'File : /sfs/gpfs/tardis/home/xpz5km/Cahn_Hilliard_Model_HPC/spinodal_decomp/compare_L2_error.py , Line : 21, Func.Name : read_specific_lines, Message : digits.append(float(i))']
Python,20,512,neumann,20,20,50p
NMG_Python_20_dt_5.50e-06_Nx_512_neumann_dtout_2050pphi.csv
Exception type : TypeError 
Exception message : float() argument must be a string or a real number, not 'complex'
Stack trace : ['File : /sfs/gpfs/tardis/home/xpz5km/Cahn_Hilliard_Model_HPC/spinodal_decomp/compare_L2_error.py , Line : 86, Func.Name : compare_L2_error_at_timepoint, Message : snapshot_NMG = read_specific_lines(f"{root}/{NMG_fname}", line_list)', 'File : /sfs/gpfs/tardis/home/xpz5km/Cahn_Hilliard_Model_HPC/spinodal_decomp/compare_L2_error.py , Line : 21, Func.Name : read_specific_lines, Message : digits.append(float(i))']
Python,2000,512,periodic,2000,2000,25p not recorded; dt_out too large.
Python,2000,64,periodic,2000,2000,75p not recorded; dt_out too large.
Python,2000,256,periodic,2000,2000,25p not recorded; dt_out too large.
Python,2000,256,neumann,2000,2000,75p not recorded; dt_out too large.
Python,2000,128,periodic,2000,2000,75p not recorded; dt_out too large.
Python,20,128,neumann,1,1,25p
NMG_Python_20_dt_5.50e-06_Nx_128_neumann_dtout_125pphi.csv
Exception type : TypeError 
Exception message : float() argument must be a string or a real number, not 'complex'
Stack trace : ['File : /sfs/gpfs/tardis/home/xpz5km/Cahn_Hilliard_Model_HPC/spinodal_decomp/compare_L2_error.py , Line : 86, Func.Name : compare_L2_error_at_timepoint, Message : snapshot_NMG = read_specific_lines(f"{root}/{NMG_fname}", line_list)', 'File : /sfs/gpfs/tardis/home/xpz5km/Cahn_Hilliard_Model_HPC/spinodal_decomp/compare_L2_error.py , Line : 21, Func.Name : read_specific_lines, Message : digits.append(float(i))']
Python,2000,256,periodic,2000,2000,75p not recorded; dt_out too large.
Python,20,256,neumann,20,20,50p
NMG_Python_20_dt_5.50e-06_Nx_256_neumann_dtout_2050pphi.csv
Exception type : TypeError 
Exception message : float() argument must be a string or a real number, not 'complex'
Stack trace : ['File : /sfs/gpfs/tardis/home/xpz5km/Cahn_Hilliard_Model_HPC/spinodal_decomp/compare_L2_error.py , Line : 86, Func.Name : compare_L2_error_at_timepoint, Message : snapshot_NMG = read_specific_lines(f"{root}/{NMG_fname}", line_list)', 'File : /sfs/gpfs/tardis/home/xpz5km/Cahn_Hilliard_Model_HPC/spinodal_decomp/compare_L2_error.py , Line : 21, Func.Name : read_specific_lines, Message : digits.append(float(i))']
Python,2000,128,neumann,2000,2000,25p not recorded; dt_out too large.
Python,20,64,periodic,1,1,75p
NMG_Python_20_dt_5.50e-06_Nx_64_periodic_dtout_175pphi.csv
Exception type : TypeError 
Exception message : float() argument must be a string or a real number, not 'complex'
Stack trace : ['File : /sfs/gpfs/tardis/home/xpz5km/Cahn_Hilliard_Model_HPC/spinodal_decomp/compare_L2_error.py , Line : 86, Func.Name : compare_L2_error_at_timepoint, Message : snapshot_NMG = read_specific_lines(f"{root}/{NMG_fname}", line_list)', 'File : /sfs/gpfs/tardis/home/xpz5km/Cahn_Hilliard_Model_HPC/spinodal_decomp/compare_L2_error.py , Line : 21, Func.Name : read_specific_lines, Message : digits.append(float(i))']
Python,20,256,periodic,1,1,50p
NMG_Python_20_dt_5.50e-06_Nx_256_periodic_dtout_150pphi.csv
Exception type : TypeError 
Exception message : float() argument must be a string or a real number, not 'complex'
Stack trace : ['File : /sfs/gpfs/tardis/home/xpz5km/Cahn_Hilliard_Model_HPC/spinodal_decomp/compare_L2_error.py , Line : 86, Func.Name : compare_L2_error_at_timepoint, Message : snapshot_NMG = read_specific_lines(f"{root}/{NMG_fname}", line_list)', 'File : /sfs/gpfs/tardis/home/xpz5km/Cahn_Hilliard_Model_HPC/spinodal_decomp/compare_L2_error.py , Line : 21, Func.Name : read_specific_lines, Message : digits.append(float(i))']
Python,20,128,neumann,1,1,75p
NMG_Python_20_dt_5.50e-06_Nx_128_neumann_dtout_175pphi.csv
Exception type : TypeError 
Exception message : float() argument must be a string or a real number, not 'complex'
Stack trace : ['File : /sfs/gpfs/tardis/home/xpz5km/Cahn_Hilliard_Model_HPC/spinodal_decomp/compare_L2_error.py , Line : 86, Func.Name : compare_L2_error_at_timepoint, Message : snapshot_NMG = read_specific_lines(f"{root}/{NMG_fname}", line_list)', 'File : /sfs/gpfs/tardis/home/xpz5km/Cahn_Hilliard_Model_HPC/spinodal_decomp/compare_L2_error.py , Line : 21, Func.Name : read_specific_lines, Message : digits.append(float(i))']
Python,20,64,neumann,1,1,50p
NMG_Python_20_dt_5.50e-06_Nx_64_neumann_dtout_150pphi.csv
Exception type : TypeError 
Exception message : float() argument must be a string or a real number, not 'complex'
Stack trace : ['File : /sfs/gpfs/tardis/home/xpz5km/Cahn_Hilliard_Model_HPC/spinodal_decomp/compare_L2_error.py , Line : 86, Func.Name : compare_L2_error_at_timepoint, Message : snapshot_NMG = read_specific_lines(f"{root}/{NMG_fname}", line_list)', 'File : /sfs/gpfs/tardis/home/xpz5km/Cahn_Hilliard_Model_HPC/spinodal_decomp/compare_L2_error.py , Line : 21, Func.Name : read_specific_lines, Message : digits.append(float(i))']
Python,20,256,neumann,1,1,50p
NMG_Python_20_dt_5.50e-06_Nx_256_neumann_dtout_150pphi.csv
Exception type : TypeError 
Exception message : float() argument must be a string or a real number, not 'complex'
Stack trace : ['File : /sfs/gpfs/tardis/home/xpz5km/Cahn_Hilliard_Model_HPC/spinodal_decomp/compare_L2_error.py , Line : 86, Func.Name : compare_L2_error_at_timepoint, Message : snapshot_NMG = read_specific_lines(f"{root}/{NMG_fname}", line_list)', 'File : /sfs/gpfs/tardis/home/xpz5km/Cahn_Hilliard_Model_HPC/spinodal_decomp/compare_L2_error.py , Line : 21, Func.Name : read_specific_lines, Message : digits.append(float(i))']
Python,20,512,neumann,1,1,25p
NMG_Python_20_dt_5.50e-06_Nx_512_neumann_dtout_125pphi.csv
Exception type : TypeError 
Exception message : float() argument must be a string or a real number, not 'complex'
Stack trace : ['File : /sfs/gpfs/tardis/home/xpz5km/Cahn_Hilliard_Model_HPC/spinodal_decomp/compare_L2_error.py , Line : 86, Func.Name : compare_L2_error_at_timepoint, Message : snapshot_NMG = read_specific_lines(f"{root}/{NMG_fname}", line_list)', 'File : /sfs/gpfs/tardis/home/xpz5km/Cahn_Hilliard_Model_HPC/spinodal_decomp/compare_L2_error.py , Line : 21, Func.Name : read_specific_lines, Message : digits.append(float(i))']
Python,2000,128,neumann,2000,2000,50p not recorded; dt_out too large.
Python,2000,512,periodic,2000,2000,50p not recorded; dt_out too large.
Python,20,256,neumann,1,1,75p
NMG_Python_20_dt_5.50e-06_Nx_256_neumann_dtout_175pphi.csv
Exception type : TypeError 
Exception message : float() argument must be a string or a real number, not 'complex'
Stack trace : ['File : /sfs/gpfs/tardis/home/xpz5km/Cahn_Hilliard_Model_HPC/spinodal_decomp/compare_L2_error.py , Line : 86, Func.Name : compare_L2_error_at_timepoint, Message : snapshot_NMG = read_specific_lines(f"{root}/{NMG_fname}", line_list)', 'File : /sfs/gpfs/tardis/home/xpz5km/Cahn_Hilliard_Model_HPC/spinodal_decomp/compare_L2_error.py , Line : 21, Func.Name : read_specific_lines, Message : digits.append(float(i))']
Python,20,128,neumann,20,20,50p
NMG_Python_20_dt_5.50e-06_Nx_128_neumann_dtout_2050pphi.csv
Exception type : TypeError 
Exception message : float() argument must be a string or a real number, not 'complex'
Stack trace : ['File : /sfs/gpfs/tardis/home/xpz5km/Cahn_Hilliard_Model_HPC/spinodal_decomp/compare_L2_error.py , Line : 86, Func.Name : compare_L2_error_at_timepoint, Message : snapshot_NMG = read_specific_lines(f"{root}/{NMG_fname}", line_list)', 'File : /sfs/gpfs/tardis/home/xpz5km/Cahn_Hilliard_Model_HPC/spinodal_decomp/compare_L2_error.py , Line : 21, Func.Name : read_specific_lines, Message : digits.append(float(i))']
Python,20,128,periodic,1,1,50p
NMG_Python_20_dt_5.50e-06_Nx_128_periodic_dtout_150pphi.csv
Exception type : TypeError 
Exception message : float() argument must be a string or a real number, not 'complex'
Stack trace : ['File : /sfs/gpfs/tardis/home/xpz5km/Cahn_Hilliard_Model_HPC/spinodal_decomp/compare_L2_error.py , Line : 86, Func.Name : compare_L2_error_at_timepoint, Message : snapshot_NMG = read_specific_lines(f"{root}/{NMG_fname}", line_list)', 'File : /sfs/gpfs/tardis/home/xpz5km/Cahn_Hilliard_Model_HPC/spinodal_decomp/compare_L2_error.py , Line : 21, Func.Name : read_specific_lines, Message : digits.append(float(i))']
Python,20,256,neumann,1,1,25p
NMG_Python_20_dt_5.50e-06_Nx_256_neumann_dtout_125pphi.csv
Exception type : TypeError 
Exception message : float() argument must be a string or a real number, not 'complex'
Stack trace : ['File : /sfs/gpfs/tardis/home/xpz5km/Cahn_Hilliard_Model_HPC/spinodal_decomp/compare_L2_error.py , Line : 86, Func.Name : compare_L2_error_at_timepoint, Message : snapshot_NMG = read_specific_lines(f"{root}/{NMG_fname}", line_list)', 'File : /sfs/gpfs/tardis/home/xpz5km/Cahn_Hilliard_Model_HPC/spinodal_decomp/compare_L2_error.py , Line : 21, Func.Name : read_specific_lines, Message : digits.append(float(i))']
Python,20,64,neumann,1,1,75p
NMG_Python_20_dt_5.50e-06_Nx_64_neumann_dtout_175pphi.csv
Exception type : TypeError 
Exception message : float() argument must be a string or a real number, not 'complex'
Stack trace : ['File : /sfs/gpfs/tardis/home/xpz5km/Cahn_Hilliard_Model_HPC/spinodal_decomp/compare_L2_error.py , Line : 86, Func.Name : compare_L2_error_at_timepoint, Message : snapshot_NMG = read_specific_lines(f"{root}/{NMG_fname}", line_list)', 'File : /sfs/gpfs/tardis/home/xpz5km/Cahn_Hilliard_Model_HPC/spinodal_decomp/compare_L2_error.py , Line : 21, Func.Name : read_specific_lines, Message : digits.append(float(i))']
Python,20,256,periodic,1,1,25p
NMG_Python_20_dt_5.50e-06_Nx_256_periodic_dtout_125pphi.csv
Exception type : TypeError 
Exception message : float() argument must be a string or a real number, not 'complex'
Stack trace : ['File : /sfs/gpfs/tardis/home/xpz5km/Cahn_Hilliard_Model_HPC/spinodal_decomp/compare_L2_error.py , Line : 86, Func.Name : compare_L2_error_at_timepoint, Message : snapshot_NMG = read_specific_lines(f"{root}/{NMG_fname}", line_list)', 'File : /sfs/gpfs/tardis/home/xpz5km/Cahn_Hilliard_Model_HPC/spinodal_decomp/compare_L2_error.py , Line : 21, Func.Name : read_specific_lines, Message : digits.append(float(i))']
Python,20,64,periodic,20,20,25p
NMG_Python_20_dt_5.50e-06_Nx_64_periodic_dtout_2025pphi.csv
Exception type : TypeError 
Exception message : float() argument must be a string or a real number, not 'complex'
Stack trace : ['File : /sfs/gpfs/tardis/home/xpz5km/Cahn_Hilliard_Model_HPC/spinodal_decomp/compare_L2_error.py , Line : 86, Func.Name : compare_L2_error_at_timepoint, Message : snapshot_NMG = read_specific_lines(f"{root}/{NMG_fname}", line_list)', 'File : /sfs/gpfs/tardis/home/xpz5km/Cahn_Hilliard_Model_HPC/spinodal_decomp/compare_L2_error.py , Line : 21, Func.Name : read_specific_lines, Message : digits.append(float(i))']
Python,20,512,periodic,1,1,50p
NMG_Python_20_dt_5.50e-06_Nx_512_periodic_dtout_150pphi.csv
Exception type : TypeError 
Exception message : float() argument must be a string or a real number, not 'complex'
Stack trace : ['File : /sfs/gpfs/tardis/home/xpz5km/Cahn_Hilliard_Model_HPC/spinodal_decomp/compare_L2_error.py , Line : 86, Func.Name : compare_L2_error_at_timepoint, Message : snapshot_NMG = read_specific_lines(f"{root}/{NMG_fname}", line_list)', 'File : /sfs/gpfs/tardis/home/xpz5km/Cahn_Hilliard_Model_HPC/spinodal_decomp/compare_L2_error.py , Line : 21, Func.Name : read_specific_lines, Message : digits.append(float(i))']
Python,2000,512,neumann,2000,2000,50p not recorded; dt_out too large.
Python,2000,512,neumann,2000,2000,75p not recorded; dt_out too large.
Python,20,512,periodic,20,20,25p
NMG_Python_20_dt_5.50e-06_Nx_512_periodic_dtout_2025pphi.csv
Exception type : TypeError 
Exception message : float() argument must be a string or a real number, not 'complex'
Stack trace : ['File : /sfs/gpfs/tardis/home/xpz5km/Cahn_Hilliard_Model_HPC/spinodal_decomp/compare_L2_error.py , Line : 86, Func.Name : compare_L2_error_at_timepoint, Message : snapshot_NMG = read_specific_lines(f"{root}/{NMG_fname}", line_list)', 'File : /sfs/gpfs/tardis/home/xpz5km/Cahn_Hilliard_Model_HPC/spinodal_decomp/compare_L2_error.py , Line : 21, Func.Name : read_specific_lines, Message : digits.append(float(i))']
Python,20,64,neumann,20,20,50p
NMG_Python_20_dt_5.50e-06_Nx_64_neumann_dtout_2050pphi.csv
Exception type : TypeError 
Exception message : float() argument must be a string or a real number, not 'complex'
Stack trace : ['File : /sfs/gpfs/tardis/home/xpz5km/Cahn_Hilliard_Model_HPC/spinodal_decomp/compare_L2_error.py , Line : 86, Func.Name : compare_L2_error_at_timepoint, Message : snapshot_NMG = read_specific_lines(f"{root}/{NMG_fname}", line_list)', 'File : /sfs/gpfs/tardis/home/xpz5km/Cahn_Hilliard_Model_HPC/spinodal_decomp/compare_L2_error.py , Line : 21, Func.Name : read_specific_lines, Message : digits.append(float(i))']
Python,20,128,neumann,20,20,75p
NMG_Python_20_dt_5.50e-06_Nx_128_neumann_dtout_2075pphi.csv
Exception type : TypeError 
Exception message : float() argument must be a string or a real number, not 'complex'
Stack trace : ['File : /sfs/gpfs/tardis/home/xpz5km/Cahn_Hilliard_Model_HPC/spinodal_decomp/compare_L2_error.py , Line : 86, Func.Name : compare_L2_error_at_timepoint, Message : snapshot_NMG = read_specific_lines(f"{root}/{NMG_fname}", line_list)', 'File : /sfs/gpfs/tardis/home/xpz5km/Cahn_Hilliard_Model_HPC/spinodal_decomp/compare_L2_error.py , Line : 21, Func.Name : read_specific_lines, Message : digits.append(float(i))']
Python,20,64,neumann,1,1,25p
NMG_Python_20_dt_5.50e-06_Nx_64_neumann_dtout_125pphi.csv
Exception type : TypeError 
Exception message : float() argument must be a string or a real number, not 'complex'
Stack trace : ['File : /sfs/gpfs/tardis/home/xpz5km/Cahn_Hilliard_Model_HPC/spinodal_decomp/compare_L2_error.py , Line : 86, Func.Name : compare_L2_error_at_timepoint, Message : snapshot_NMG = read_specific_lines(f"{root}/{NMG_fname}", line_list)', 'File : /sfs/gpfs/tardis/home/xpz5km/Cahn_Hilliard_Model_HPC/spinodal_decomp/compare_L2_error.py , Line : 21, Func.Name : read_specific_lines, Message : digits.append(float(i))']
Python,2000,64,neumann,2000,2000,25p not recorded; dt_out too large.
Python,20,512,periodic,1,1,25p
NMG_Python_20_dt_5.50e-06_Nx_512_periodic_dtout_125pphi.csv
Exception type : TypeError 
Exception message : float() argument must be a string or a real number, not 'complex'
Stack trace : ['File : /sfs/gpfs/tardis/home/xpz5km/Cahn_Hilliard_Model_HPC/spinodal_decomp/compare_L2_error.py , Line : 86, Func.Name : compare_L2_error_at_timepoint, Message : snapshot_NMG = read_specific_lines(f"{root}/{NMG_fname}", line_list)', 'File : /sfs/gpfs/tardis/home/xpz5km/Cahn_Hilliard_Model_HPC/spinodal_decomp/compare_L2_error.py , Line : 21, Func.Name : read_specific_lines, Message : digits.append(float(i))']
Python,2000,128,periodic,2000,2000,25p not recorded; dt_out too large.
Python,20,512,periodic,20,20,50p
NMG_Python_20_dt_5.50e-06_Nx_512_periodic_dtout_2050pphi.csv
Exception type : TypeError 
Exception message : float() argument must be a string or a real number, not 'complex'
Stack trace : ['File : /sfs/gpfs/tardis/home/xpz5km/Cahn_Hilliard_Model_HPC/spinodal_decomp/compare_L2_error.py , Line : 86, Func.Name : compare_L2_error_at_timepoint, Message : snapshot_NMG = read_specific_lines(f"{root}/{NMG_fname}", line_list)', 'File : /sfs/gpfs/tardis/home/xpz5km/Cahn_Hilliard_Model_HPC/spinodal_decomp/compare_L2_error.py , Line : 21, Func.Name : read_specific_lines, Message : digits.append(float(i))']
Python,2000,512,periodic,2000,2000,75p not recorded; dt_out too large.
Python,20,128,periodic,1,1,75p
NMG_Python_20_dt_5.50e-06_Nx_128_periodic_dtout_175pphi.csv
Exception type : TypeError 
Exception message : float() argument must be a string or a real number, not 'complex'
Stack trace : ['File : /sfs/gpfs/tardis/home/xpz5km/Cahn_Hilliard_Model_HPC/spinodal_decomp/compare_L2_error.py , Line : 86, Func.Name : compare_L2_error_at_timepoint, Message : snapshot_NMG = read_specific_lines(f"{root}/{NMG_fname}", line_list)', 'File : /sfs/gpfs/tardis/home/xpz5km/Cahn_Hilliard_Model_HPC/spinodal_decomp/compare_L2_error.py , Line : 21, Func.Name : read_specific_lines, Message : digits.append(float(i))']
Python,20,512,periodic,1,1,75p
NMG_Python_20_dt_5.50e-06_Nx_512_periodic_dtout_175pphi.csv
Exception type : TypeError 
Exception message : float() argument must be a string or a real number, not 'complex'
Stack trace : ['File : /sfs/gpfs/tardis/home/xpz5km/Cahn_Hilliard_Model_HPC/spinodal_decomp/compare_L2_error.py , Line : 86, Func.Name : compare_L2_error_at_timepoint, Message : snapshot_NMG = read_specific_lines(f"{root}/{NMG_fname}", line_list)', 'File : /sfs/gpfs/tardis/home/xpz5km/Cahn_Hilliard_Model_HPC/spinodal_decomp/compare_L2_error.py , Line : 21, Func.Name : read_specific_lines, Message : digits.append(float(i))']
Python,20,128,neumann,1,1,50p
NMG_Python_20_dt_5.50e-06_Nx_128_neumann_dtout_150pphi.csv
Exception type : TypeError 
Exception message : float() argument must be a string or a real number, not 'complex'
Stack trace : ['File : /sfs/gpfs/tardis/home/xpz5km/Cahn_Hilliard_Model_HPC/spinodal_decomp/compare_L2_error.py , Line : 86, Func.Name : compare_L2_error_at_timepoint, Message : snapshot_NMG = read_specific_lines(f"{root}/{NMG_fname}", line_list)', 'File : /sfs/gpfs/tardis/home/xpz5km/Cahn_Hilliard_Model_HPC/spinodal_decomp/compare_L2_error.py , Line : 21, Func.Name : read_specific_lines, Message : digits.append(float(i))']
Python,2000,64,periodic,2000,2000,25p not recorded; dt_out too large.
Python,20,128,periodic,20,20,75p
NMG_Python_20_dt_5.50e-06_Nx_128_periodic_dtout_2075pphi.csv
Exception type : TypeError 
Exception message : float() argument must be a string or a real number, not 'complex'
Stack trace : ['File : /sfs/gpfs/tardis/home/xpz5km/Cahn_Hilliard_Model_HPC/spinodal_decomp/compare_L2_error.py , Line : 86, Func.Name : compare_L2_error_at_timepoint, Message : snapshot_NMG = read_specific_lines(f"{root}/{NMG_fname}", line_list)', 'File : /sfs/gpfs/tardis/home/xpz5km/Cahn_Hilliard_Model_HPC/spinodal_decomp/compare_L2_error.py , Line : 21, Func.Name : read_specific_lines, Message : digits.append(float(i))']
Python,2000,64,neumann,2000,2000,50p not recorded; dt_out too large.
Python,2000,128,periodic,2000,2000,50p not recorded; dt_out too large.
Python,20,256,periodic,20,20,75p
NMG_Python_20_dt_5.50e-06_Nx_256_periodic_dtout_2075pphi.csv
Exception type : TypeError 
Exception message : float() argument must be a string or a real number, not 'complex'
Stack trace : ['File : /sfs/gpfs/tardis/home/xpz5km/Cahn_Hilliard_Model_HPC/spinodal_decomp/compare_L2_error.py , Line : 86, Func.Name : compare_L2_error_at_timepoint, Message : snapshot_NMG = read_specific_lines(f"{root}/{NMG_fname}", line_list)', 'File : /sfs/gpfs/tardis/home/xpz5km/Cahn_Hilliard_Model_HPC/spinodal_decomp/compare_L2_error.py , Line : 21, Func.Name : read_specific_lines, Message : digits.append(float(i))']
Python,20,512,neumann,1,1,75p
NMG_Python_20_dt_5.50e-06_Nx_512_neumann_dtout_175pphi.csv
Exception type : TypeError 
Exception message : float() argument must be a string or a real number, not 'complex'
Stack trace : ['File : /sfs/gpfs/tardis/home/xpz5km/Cahn_Hilliard_Model_HPC/spinodal_decomp/compare_L2_error.py , Line : 86, Func.Name : compare_L2_error_at_timepoint, Message : snapshot_NMG = read_specific_lines(f"{root}/{NMG_fname}", line_list)', 'File : /sfs/gpfs/tardis/home/xpz5km/Cahn_Hilliard_Model_HPC/spinodal_decomp/compare_L2_error.py , Line : 21, Func.Name : read_specific_lines, Message : digits.append(float(i))']
Python,20,64,neumann,20,20,25p
NMG_Python_20_dt_5.50e-06_Nx_64_neumann_dtout_2025pphi.csv
Exception type : TypeError 
Exception message : float() argument must be a string or a real number, not 'complex'
Stack trace : ['File : /sfs/gpfs/tardis/home/xpz5km/Cahn_Hilliard_Model_HPC/spinodal_decomp/compare_L2_error.py , Line : 86, Func.Name : compare_L2_error_at_timepoint, Message : snapshot_NMG = read_specific_lines(f"{root}/{NMG_fname}", line_list)', 'File : /sfs/gpfs/tardis/home/xpz5km/Cahn_Hilliard_Model_HPC/spinodal_decomp/compare_L2_error.py , Line : 21, Func.Name : read_specific_lines, Message : digits.append(float(i))']
Python,20,64,neumann,20,20,75p
NMG_Python_20_dt_5.50e-06_Nx_64_neumann_dtout_2075pphi.csv
Exception type : TypeError 
Exception message : float() argument must be a string or a real number, not 'complex'
Stack trace : ['File : /sfs/gpfs/tardis/home/xpz5km/Cahn_Hilliard_Model_HPC/spinodal_decomp/compare_L2_error.py , Line : 86, Func.Name : compare_L2_error_at_timepoint, Message : snapshot_NMG = read_specific_lines(f"{root}/{NMG_fname}", line_list)', 'File : /sfs/gpfs/tardis/home/xpz5km/Cahn_Hilliard_Model_HPC/spinodal_decomp/compare_L2_error.py , Line : 21, Func.Name : read_specific_lines, Message : digits.append(float(i))']
Python,2000,64,periodic,2000,2000,50p not recorded; dt_out too large.
Python,20,512,periodic,20,20,75p
NMG_Python_20_dt_5.50e-06_Nx_512_periodic_dtout_2075pphi.csv
Exception type : TypeError 
Exception message : float() argument must be a string or a real number, not 'complex'
Stack trace : ['File : /sfs/gpfs/tardis/home/xpz5km/Cahn_Hilliard_Model_HPC/spinodal_decomp/compare_L2_error.py , Line : 86, Func.Name : compare_L2_error_at_timepoint, Message : snapshot_NMG = read_specific_lines(f"{root}/{NMG_fname}", line_list)', 'File : /sfs/gpfs/tardis/home/xpz5km/Cahn_Hilliard_Model_HPC/spinodal_decomp/compare_L2_error.py , Line : 21, Func.Name : read_specific_lines, Message : digits.append(float(i))']
Python,20,512,neumann,20,20,25p
NMG_Python_20_dt_5.50e-06_Nx_512_neumann_dtout_2025pphi.csv
Exception type : TypeError 
Exception message : float() argument must be a string or a real number, not 'complex'
Stack trace : ['File : /sfs/gpfs/tardis/home/xpz5km/Cahn_Hilliard_Model_HPC/spinodal_decomp/compare_L2_error.py , Line : 86, Func.Name : compare_L2_error_at_timepoint, Message : snapshot_NMG = read_specific_lines(f"{root}/{NMG_fname}", line_list)', 'File : /sfs/gpfs/tardis/home/xpz5km/Cahn_Hilliard_Model_HPC/spinodal_decomp/compare_L2_error.py , Line : 21, Func.Name : read_specific_lines, Message : digits.append(float(i))']
Python,20,512,neumann,1,1,50p
NMG_Python_20_dt_5.50e-06_Nx_512_neumann_dtout_150pphi.csv
Exception type : TypeError 
Exception message : float() argument must be a string or a real number, not 'complex'
Stack trace : ['File : /sfs/gpfs/tardis/home/xpz5km/Cahn_Hilliard_Model_HPC/spinodal_decomp/compare_L2_error.py , Line : 86, Func.Name : compare_L2_error_at_timepoint, Message : snapshot_NMG = read_specific_lines(f"{root}/{NMG_fname}", line_list)', 'File : /sfs/gpfs/tardis/home/xpz5km/Cahn_Hilliard_Model_HPC/spinodal_decomp/compare_L2_error.py , Line : 21, Func.Name : read_specific_lines, Message : digits.append(float(i))']
Python,20,64,periodic,1,1,25p
NMG_Python_20_dt_5.50e-06_Nx_64_periodic_dtout_125pphi.csv
Exception type : TypeError 
Exception message : float() argument must be a string or a real number, not 'complex'
Stack trace : ['File : /sfs/gpfs/tardis/home/xpz5km/Cahn_Hilliard_Model_HPC/spinodal_decomp/compare_L2_error.py , Line : 86, Func.Name : compare_L2_error_at_timepoint, Message : snapshot_NMG = read_specific_lines(f"{root}/{NMG_fname}", line_list)', 'File : /sfs/gpfs/tardis/home/xpz5km/Cahn_Hilliard_Model_HPC/spinodal_decomp/compare_L2_error.py , Line : 21, Func.Name : read_specific_lines, Message : digits.append(float(i))']
Python,2000,128,neumann,2000,2000,75p not recorded; dt_out too large.
Python,20,128,periodic,20,20,50p
NMG_Python_20_dt_5.50e-06_Nx_128_periodic_dtout_2050pphi.csv
Exception type : TypeError 
Exception message : float() argument must be a string or a real number, not 'complex'
Stack trace : ['File : /sfs/gpfs/tardis/home/xpz5km/Cahn_Hilliard_Model_HPC/spinodal_decomp/compare_L2_error.py , Line : 86, Func.Name : compare_L2_error_at_timepoint, Message : snapshot_NMG = read_specific_lines(f"{root}/{NMG_fname}", line_list)', 'File : /sfs/gpfs/tardis/home/xpz5km/Cahn_Hilliard_Model_HPC/spinodal_decomp/compare_L2_error.py , Line : 21, Func.Name : read_specific_lines, Message : digits.append(float(i))']
Python,20,256,periodic,20,20,50p
NMG_Python_20_dt_5.50e-06_Nx_256_periodic_dtout_2050pphi.csv
Exception type : TypeError 
Exception message : float() argument must be a string or a real number, not 'complex'
Stack trace : ['File : /sfs/gpfs/tardis/home/xpz5km/Cahn_Hilliard_Model_HPC/spinodal_decomp/compare_L2_error.py , Line : 86, Func.Name : compare_L2_error_at_timepoint, Message : snapshot_NMG = read_specific_lines(f"{root}/{NMG_fname}", line_list)', 'File : /sfs/gpfs/tardis/home/xpz5km/Cahn_Hilliard_Model_HPC/spinodal_decomp/compare_L2_error.py , Line : 21, Func.Name : read_specific_lines, Message : digits.append(float(i))']
Python,2000,256,neumann,2000,2000,50p not recorded; dt_out too large.
Python,20,64,periodic,20,20,50p
NMG_Python_20_dt_5.50e-06_Nx_64_periodic_dtout_2050pphi.csv
Exception type : TypeError 
Exception message : float() argument must be a string or a real number, not 'complex'
Stack trace : ['File : /sfs/gpfs/tardis/home/xpz5km/Cahn_Hilliard_Model_HPC/spinodal_decomp/compare_L2_error.py , Line : 86, Func.Name : compare_L2_error_at_timepoint, Message : snapshot_NMG = read_specific_lines(f"{root}/{NMG_fname}", line_list)', 'File : /sfs/gpfs/tardis/home/xpz5km/Cahn_Hilliard_Model_HPC/spinodal_decomp/compare_L2_error.py , Line : 21, Func.Name : read_specific_lines, Message : digits.append(float(i))']
Python,2000,512,neumann,2000,2000,25p not recorded; dt_out too large.
Python,20,512,neumann,20,20,75p
NMG_Python_20_dt_5.50e-06_Nx_512_neumann_dtout_2075pphi.csv
Exception type : TypeError 
Exception message : float() argument must be a string or a real number, not 'complex'
Stack trace : ['File : /sfs/gpfs/tardis/home/xpz5km/Cahn_Hilliard_Model_HPC/spinodal_decomp/compare_L2_error.py , Line : 86, Func.Name : compare_L2_error_at_timepoint, Message : snapshot_NMG = read_specific_lines(f"{root}/{NMG_fname}", line_list)', 'File : /sfs/gpfs/tardis/home/xpz5km/Cahn_Hilliard_Model_HPC/spinodal_decomp/compare_L2_error.py , Line : 21, Func.Name : read_specific_lines, Message : digits.append(float(i))']
Python,20,256,neumann,20,20,25p
NMG_Python_20_dt_5.50e-06_Nx_256_neumann_dtout_2025pphi.csv
Exception type : TypeError 
Exception message : float() argument must be a string or a real number, not 'complex'
Stack trace : ['File : /sfs/gpfs/tardis/home/xpz5km/Cahn_Hilliard_Model_HPC/spinodal_decomp/compare_L2_error.py , Line : 86, Func.Name : compare_L2_error_at_timepoint, Message : snapshot_NMG = read_specific_lines(f"{root}/{NMG_fname}", line_list)', 'File : /sfs/gpfs/tardis/home/xpz5km/Cahn_Hilliard_Model_HPC/spinodal_decomp/compare_L2_error.py , Line : 21, Func.Name : read_specific_lines, Message : digits.append(float(i))']
Python,2000,64,neumann,2000,2000,75p not recorded; dt_out too large.
Python,20,128,neumann,20,20,25p
NMG_Python_20_dt_5.50e-06_Nx_128_neumann_dtout_2025pphi.csv
Exception type : TypeError 
Exception message : float() argument must be a string or a real number, not 'complex'
Stack trace : ['File : /sfs/gpfs/tardis/home/xpz5km/Cahn_Hilliard_Model_HPC/spinodal_decomp/compare_L2_error.py , Line : 86, Func.Name : compare_L2_error_at_timepoint, Message : snapshot_NMG = read_specific_lines(f"{root}/{NMG_fname}", line_list)', 'File : /sfs/gpfs/tardis/home/xpz5km/Cahn_Hilliard_Model_HPC/spinodal_decomp/compare_L2_error.py , Line : 21, Func.Name : read_specific_lines, Message : digits.append(float(i))']
Python,20,64,periodic,20,20,75p
NMG_Python_20_dt_5.50e-06_Nx_64_periodic_dtout_2075pphi.csv
Exception type : TypeError 
Exception message : float() argument must be a string or a real number, not 'complex'
Stack trace : ['File : /sfs/gpfs/tardis/home/xpz5km/Cahn_Hilliard_Model_HPC/spinodal_decomp/compare_L2_error.py , Line : 86, Func.Name : compare_L2_error_at_timepoint, Message : snapshot_NMG = read_specific_lines(f"{root}/{NMG_fname}", line_list)', 'File : /sfs/gpfs/tardis/home/xpz5km/Cahn_Hilliard_Model_HPC/spinodal_decomp/compare_L2_error.py , Line : 21, Func.Name : read_specific_lines, Message : digits.append(float(i))']
Python,20,256,periodic,1,1,75p
NMG_Python_20_dt_5.50e-06_Nx_256_periodic_dtout_175pphi.csv
Exception type : TypeError 
Exception message : float() argument must be a string or a real number, not 'complex'
Stack trace : ['File : /sfs/gpfs/tardis/home/xpz5km/Cahn_Hilliard_Model_HPC/spinodal_decomp/compare_L2_error.py , Line : 86, Func.Name : compare_L2_error_at_timepoint, Message : snapshot_NMG = read_specific_lines(f"{root}/{NMG_fname}", line_list)', 'File : /sfs/gpfs/tardis/home/xpz5km/Cahn_Hilliard_Model_HPC/spinodal_decomp/compare_L2_error.py , Line : 21, Func.Name : read_specific_lines, Message : digits.append(float(i))']
Python,20,64,periodic,1,1,50p
NMG_Python_20_dt_5.50e-06_Nx_64_periodic_dtout_150pphi.csv
Exception type : TypeError 
Exception message : float() argument must be a string or a real number, not 'complex'
Stack trace : ['File : /sfs/gpfs/tardis/home/xpz5km/Cahn_Hilliard_Model_HPC/spinodal_decomp/compare_L2_error.py , Line : 86, Func.Name : compare_L2_error_at_timepoint, Message : snapshot_NMG = read_specific_lines(f"{root}/{NMG_fname}", line_list)', 'File : /sfs/gpfs/tardis/home/xpz5km/Cahn_Hilliard_Model_HPC/spinodal_decomp/compare_L2_error.py , Line : 21, Func.Name : read_specific_lines, Message : digits.append(float(i))']
Python,20,128,periodic,1,1,25p
NMG_Python_20_dt_5.50e-06_Nx_128_periodic_dtout_125pphi.csv
Exception type : TypeError 
Exception message : float() argument must be a string or a real number, not 'complex'
Stack trace : ['File : /sfs/gpfs/tardis/home/xpz5km/Cahn_Hilliard_Model_HPC/spinodal_decomp/compare_L2_error.py , Line : 86, Func.Name : compare_L2_error_at_timepoint, Message : snapshot_NMG = read_specific_lines(f"{root}/{NMG_fname}", line_list)', 'File : /sfs/gpfs/tardis/home/xpz5km/Cahn_Hilliard_Model_HPC/spinodal_decomp/compare_L2_error.py , Line : 21, Func.Name : read_specific_lines, Message : digits.append(float(i))']
6
Python,20,256,neumann,20,20,75p
NMG_Python_20_dt_5.50e-06_Nx_256_neumann_dtout_2075pphi.csv
Exception type : TypeError 
Exception message : float() argument must be a string or a real number, not 'complex'
Stack trace : ['File : /sfs/gpfs/tardis/home/xpz5km/Cahn_Hilliard_Model_HPC/spinodal_decomp/compare_L2_error.py , Line : 86, Func.Name : compare_L2_error_at_timepoint, Message : snapshot_NMG = read_specific_lines(f"{root}/{NMG_fname}", line_list)', 'File : /sfs/gpfs/tardis/home/xpz5km/Cahn_Hilliard_Model_HPC/spinodal_decomp/compare_L2_error.py , Line : 21, Func.Name : read_specific_lines, Message : digits.append(float(i))']
Python,2000,256,neumann,2000,2000,25p not recorded; dt_out too large.
Python,20,128,periodic,20,20,25p
NMG_Python_20_dt_5.50e-06_Nx_128_periodic_dtout_2025pphi.csv
Exception type : TypeError 
Exception message : float() argument must be a string or a real number, not 'complex'
Stack trace : ['File : /sfs/gpfs/tardis/home/xpz5km/Cahn_Hilliard_Model_HPC/spinodal_decomp/compare_L2_error.py , Line : 86, Func.Name : compare_L2_error_at_timepoint, Message : snapshot_NMG = read_specific_lines(f"{root}/{NMG_fname}", line_list)', 'File : /sfs/gpfs/tardis/home/xpz5km/Cahn_Hilliard_Model_HPC/spinodal_decomp/compare_L2_error.py , Line : 21, Func.Name : read_specific_lines, Message : digits.append(float(i))']
Python,2000,256,periodic,2000,2000,50p not recorded; dt_out too large.
Python,20,256,periodic,20,20,25p
NMG_Python_20_dt_5.50e-06_Nx_256_periodic_dtout_2025pphi.csv
Exception type : TypeError 
Exception message : float() argument must be a string or a real number, not 'complex'
Stack trace : ['File : /sfs/gpfs/tardis/home/xpz5km/Cahn_Hilliard_Model_HPC/spinodal_decomp/compare_L2_error.py , Line : 86, Func.Name : compare_L2_error_at_timepoint, Message : snapshot_NMG = read_specific_lines(f"{root}/{NMG_fname}", line_list)', 'File : /sfs/gpfs/tardis/home/xpz5km/Cahn_Hilliard_Model_HPC/spinodal_decomp/compare_L2_error.py , Line : 21, Func.Name : read_specific_lines, Message : digits.append(float(i))']
Python,20,512,neumann,20,20,50p
NMG_Python_20_dt_5.50e-06_Nx_512_neumann_dtout_2050pphi.csv
Exception type : TypeError 
Exception message : float() argument must be a string or a real number, not 'complex'
Stack trace : ['File : /sfs/gpfs/tardis/home/xpz5km/Cahn_Hilliard_Model_HPC/spinodal_decomp/compare_L2_error.py , Line : 86, Func.Name : compare_L2_error_at_timepoint, Message : snapshot_NMG = read_specific_lines(f"{root}/{NMG_fname}", line_list)', 'File : /sfs/gpfs/tardis/home/xpz5km/Cahn_Hilliard_Model_HPC/spinodal_decomp/compare_L2_error.py , Line : 21, Func.Name : read_specific_lines, Message : digits.append(float(i))']
Python,2000,512,periodic,2000,2000,25p not recorded; dt_out too large.
Python,2000,64,periodic,2000,2000,75p not recorded; dt_out too large.
Python,2000,256,periodic,2000,2000,25p not recorded; dt_out too large.
Python,2000,256,neumann,2000,2000,75p not recorded; dt_out too large.
Python,2000,128,periodic,2000,2000,75p not recorded; dt_out too large.
Python,20,128,neumann,1,1,25p
NMG_Python_20_dt_5.50e-06_Nx_128_neumann_dtout_125pphi.csv
Exception type : TypeError 
Exception message : float() argument must be a string or a real number, not 'complex'
Stack trace : ['File : /sfs/gpfs/tardis/home/xpz5km/Cahn_Hilliard_Model_HPC/spinodal_decomp/compare_L2_error.py , Line : 86, Func.Name : compare_L2_error_at_timepoint, Message : snapshot_NMG = read_specific_lines(f"{root}/{NMG_fname}", line_list)', 'File : /sfs/gpfs/tardis/home/xpz5km/Cahn_Hilliard_Model_HPC/spinodal_decomp/compare_L2_error.py , Line : 21, Func.Name : read_specific_lines, Message : digits.append(float(i))']
Python,2000,256,periodic,2000,2000,75p not recorded; dt_out too large.
Python,20,256,neumann,20,20,50p
NMG_Python_20_dt_5.50e-06_Nx_256_neumann_dtout_2050pphi.csv
Exception type : TypeError 
Exception message : float() argument must be a string or a real number, not 'complex'
Stack trace : ['File : /sfs/gpfs/tardis/home/xpz5km/Cahn_Hilliard_Model_HPC/spinodal_decomp/compare_L2_error.py , Line : 86, Func.Name : compare_L2_error_at_timepoint, Message : snapshot_NMG = read_specific_lines(f"{root}/{NMG_fname}", line_list)', 'File : /sfs/gpfs/tardis/home/xpz5km/Cahn_Hilliard_Model_HPC/spinodal_decomp/compare_L2_error.py , Line : 21, Func.Name : read_specific_lines, Message : digits.append(float(i))']
Python,2000,128,neumann,2000,2000,25p not recorded; dt_out too large.
Python,20,64,periodic,1,1,75p
NMG_Python_20_dt_5.50e-06_Nx_64_periodic_dtout_175pphi.csv
Exception type : TypeError 
Exception message : float() argument must be a string or a real number, not 'complex'
Stack trace : ['File : /sfs/gpfs/tardis/home/xpz5km/Cahn_Hilliard_Model_HPC/spinodal_decomp/compare_L2_error.py , Line : 86, Func.Name : compare_L2_error_at_timepoint, Message : snapshot_NMG = read_specific_lines(f"{root}/{NMG_fname}", line_list)', 'File : /sfs/gpfs/tardis/home/xpz5km/Cahn_Hilliard_Model_HPC/spinodal_decomp/compare_L2_error.py , Line : 21, Func.Name : read_specific_lines, Message : digits.append(float(i))']
Python,20,256,periodic,1,1,50p
NMG_Python_20_dt_5.50e-06_Nx_256_periodic_dtout_150pphi.csv
Exception type : TypeError 
Exception message : float() argument must be a string or a real number, not 'complex'
Stack trace : ['File : /sfs/gpfs/tardis/home/xpz5km/Cahn_Hilliard_Model_HPC/spinodal_decomp/compare_L2_error.py , Line : 86, Func.Name : compare_L2_error_at_timepoint, Message : snapshot_NMG = read_specific_lines(f"{root}/{NMG_fname}", line_list)', 'File : /sfs/gpfs/tardis/home/xpz5km/Cahn_Hilliard_Model_HPC/spinodal_decomp/compare_L2_error.py , Line : 21, Func.Name : read_specific_lines, Message : digits.append(float(i))']
Python,20,128,neumann,1,1,75p
NMG_Python_20_dt_5.50e-06_Nx_128_neumann_dtout_175pphi.csv
Exception type : TypeError 
Exception message : float() argument must be a string or a real number, not 'complex'
Stack trace : ['File : /sfs/gpfs/tardis/home/xpz5km/Cahn_Hilliard_Model_HPC/spinodal_decomp/compare_L2_error.py , Line : 86, Func.Name : compare_L2_error_at_timepoint, Message : snapshot_NMG = read_specific_lines(f"{root}/{NMG_fname}", line_list)', 'File : /sfs/gpfs/tardis/home/xpz5km/Cahn_Hilliard_Model_HPC/spinodal_decomp/compare_L2_error.py , Line : 21, Func.Name : read_specific_lines, Message : digits.append(float(i))']
Python,20,64,neumann,1,1,50p
NMG_Python_20_dt_5.50e-06_Nx_64_neumann_dtout_150pphi.csv
Exception type : TypeError 
Exception message : float() argument must be a string or a real number, not 'complex'
Stack trace : ['File : /sfs/gpfs/tardis/home/xpz5km/Cahn_Hilliard_Model_HPC/spinodal_decomp/compare_L2_error.py , Line : 86, Func.Name : compare_L2_error_at_timepoint, Message : snapshot_NMG = read_specific_lines(f"{root}/{NMG_fname}", line_list)', 'File : /sfs/gpfs/tardis/home/xpz5km/Cahn_Hilliard_Model_HPC/spinodal_decomp/compare_L2_error.py , Line : 21, Func.Name : read_specific_lines, Message : digits.append(float(i))']
Python,20,256,neumann,1,1,50p
NMG_Python_20_dt_5.50e-06_Nx_256_neumann_dtout_150pphi.csv
Exception type : TypeError 
Exception message : float() argument must be a string or a real number, not 'complex'
Stack trace : ['File : /sfs/gpfs/tardis/home/xpz5km/Cahn_Hilliard_Model_HPC/spinodal_decomp/compare_L2_error.py , Line : 86, Func.Name : compare_L2_error_at_timepoint, Message : snapshot_NMG = read_specific_lines(f"{root}/{NMG_fname}", line_list)', 'File : /sfs/gpfs/tardis/home/xpz5km/Cahn_Hilliard_Model_HPC/spinodal_decomp/compare_L2_error.py , Line : 21, Func.Name : read_specific_lines, Message : digits.append(float(i))']
Python,20,512,neumann,1,1,25p
NMG_Python_20_dt_5.50e-06_Nx_512_neumann_dtout_125pphi.csv
Exception type : TypeError 
Exception message : float() argument must be a string or a real number, not 'complex'
Stack trace : ['File : /sfs/gpfs/tardis/home/xpz5km/Cahn_Hilliard_Model_HPC/spinodal_decomp/compare_L2_error.py , Line : 86, Func.Name : compare_L2_error_at_timepoint, Message : snapshot_NMG = read_specific_lines(f"{root}/{NMG_fname}", line_list)', 'File : /sfs/gpfs/tardis/home/xpz5km/Cahn_Hilliard_Model_HPC/spinodal_decomp/compare_L2_error.py , Line : 21, Func.Name : read_specific_lines, Message : digits.append(float(i))']
Python,2000,128,neumann,2000,2000,50p not recorded; dt_out too large.
Python,2000,512,periodic,2000,2000,50p not recorded; dt_out too large.
Python,20,256,neumann,1,1,75p
NMG_Python_20_dt_5.50e-06_Nx_256_neumann_dtout_175pphi.csv
Exception type : TypeError 
Exception message : float() argument must be a string or a real number, not 'complex'
Stack trace : ['File : /sfs/gpfs/tardis/home/xpz5km/Cahn_Hilliard_Model_HPC/spinodal_decomp/compare_L2_error.py , Line : 86, Func.Name : compare_L2_error_at_timepoint, Message : snapshot_NMG = read_specific_lines(f"{root}/{NMG_fname}", line_list)', 'File : /sfs/gpfs/tardis/home/xpz5km/Cahn_Hilliard_Model_HPC/spinodal_decomp/compare_L2_error.py , Line : 21, Func.Name : read_specific_lines, Message : digits.append(float(i))']
Python,20,128,neumann,20,20,50p
NMG_Python_20_dt_5.50e-06_Nx_128_neumann_dtout_2050pphi.csv
Exception type : TypeError 
Exception message : float() argument must be a string or a real number, not 'complex'
Stack trace : ['File : /sfs/gpfs/tardis/home/xpz5km/Cahn_Hilliard_Model_HPC/spinodal_decomp/compare_L2_error.py , Line : 86, Func.Name : compare_L2_error_at_timepoint, Message : snapshot_NMG = read_specific_lines(f"{root}/{NMG_fname}", line_list)', 'File : /sfs/gpfs/tardis/home/xpz5km/Cahn_Hilliard_Model_HPC/spinodal_decomp/compare_L2_error.py , Line : 21, Func.Name : read_specific_lines, Message : digits.append(float(i))']
Python,20,128,periodic,1,1,50p
NMG_Python_20_dt_5.50e-06_Nx_128_periodic_dtout_150pphi.csv
Exception type : TypeError 
Exception message : float() argument must be a string or a real number, not 'complex'
Stack trace : ['File : /sfs/gpfs/tardis/home/xpz5km/Cahn_Hilliard_Model_HPC/spinodal_decomp/compare_L2_error.py , Line : 86, Func.Name : compare_L2_error_at_timepoint, Message : snapshot_NMG = read_specific_lines(f"{root}/{NMG_fname}", line_list)', 'File : /sfs/gpfs/tardis/home/xpz5km/Cahn_Hilliard_Model_HPC/spinodal_decomp/compare_L2_error.py , Line : 21, Func.Name : read_specific_lines, Message : digits.append(float(i))']
Python,20,256,neumann,1,1,25p
NMG_Python_20_dt_5.50e-06_Nx_256_neumann_dtout_125pphi.csv
Exception type : TypeError 
Exception message : float() argument must be a string or a real number, not 'complex'
Stack trace : ['File : /sfs/gpfs/tardis/home/xpz5km/Cahn_Hilliard_Model_HPC/spinodal_decomp/compare_L2_error.py , Line : 86, Func.Name : compare_L2_error_at_timepoint, Message : snapshot_NMG = read_specific_lines(f"{root}/{NMG_fname}", line_list)', 'File : /sfs/gpfs/tardis/home/xpz5km/Cahn_Hilliard_Model_HPC/spinodal_decomp/compare_L2_error.py , Line : 21, Func.Name : read_specific_lines, Message : digits.append(float(i))']
Python,20,64,neumann,1,1,75p
NMG_Python_20_dt_5.50e-06_Nx_64_neumann_dtout_175pphi.csv
Exception type : TypeError 
Exception message : float() argument must be a string or a real number, not 'complex'
Stack trace : ['File : /sfs/gpfs/tardis/home/xpz5km/Cahn_Hilliard_Model_HPC/spinodal_decomp/compare_L2_error.py , Line : 86, Func.Name : compare_L2_error_at_timepoint, Message : snapshot_NMG = read_specific_lines(f"{root}/{NMG_fname}", line_list)', 'File : /sfs/gpfs/tardis/home/xpz5km/Cahn_Hilliard_Model_HPC/spinodal_decomp/compare_L2_error.py , Line : 21, Func.Name : read_specific_lines, Message : digits.append(float(i))']
Python,20,256,periodic,1,1,25p
NMG_Python_20_dt_5.50e-06_Nx_256_periodic_dtout_125pphi.csv
Exception type : TypeError 
Exception message : float() argument must be a string or a real number, not 'complex'
Stack trace : ['File : /sfs/gpfs/tardis/home/xpz5km/Cahn_Hilliard_Model_HPC/spinodal_decomp/compare_L2_error.py , Line : 86, Func.Name : compare_L2_error_at_timepoint, Message : snapshot_NMG = read_specific_lines(f"{root}/{NMG_fname}", line_list)', 'File : /sfs/gpfs/tardis/home/xpz5km/Cahn_Hilliard_Model_HPC/spinodal_decomp/compare_L2_error.py , Line : 21, Func.Name : read_specific_lines, Message : digits.append(float(i))']
Python,20,64,periodic,20,20,25p
NMG_Python_20_dt_5.50e-06_Nx_64_periodic_dtout_2025pphi.csv
Exception type : TypeError 
Exception message : float() argument must be a string or a real number, not 'complex'
Stack trace : ['File : /sfs/gpfs/tardis/home/xpz5km/Cahn_Hilliard_Model_HPC/spinodal_decomp/compare_L2_error.py , Line : 86, Func.Name : compare_L2_error_at_timepoint, Message : snapshot_NMG = read_specific_lines(f"{root}/{NMG_fname}", line_list)', 'File : /sfs/gpfs/tardis/home/xpz5km/Cahn_Hilliard_Model_HPC/spinodal_decomp/compare_L2_error.py , Line : 21, Func.Name : read_specific_lines, Message : digits.append(float(i))']
Python,20,512,periodic,1,1,50p
NMG_Python_20_dt_5.50e-06_Nx_512_periodic_dtout_150pphi.csv
Exception type : TypeError 
Exception message : float() argument must be a string or a real number, not 'complex'
Stack trace : ['File : /sfs/gpfs/tardis/home/xpz5km/Cahn_Hilliard_Model_HPC/spinodal_decomp/compare_L2_error.py , Line : 86, Func.Name : compare_L2_error_at_timepoint, Message : snapshot_NMG = read_specific_lines(f"{root}/{NMG_fname}", line_list)', 'File : /sfs/gpfs/tardis/home/xpz5km/Cahn_Hilliard_Model_HPC/spinodal_decomp/compare_L2_error.py , Line : 21, Func.Name : read_specific_lines, Message : digits.append(float(i))']
Python,2000,512,neumann,2000,2000,50p not recorded; dt_out too large.
Python,2000,512,neumann,2000,2000,75p not recorded; dt_out too large.
Python,20,512,periodic,20,20,25p
NMG_Python_20_dt_5.50e-06_Nx_512_periodic_dtout_2025pphi.csv
Exception type : TypeError 
Exception message : float() argument must be a string or a real number, not 'complex'
Stack trace : ['File : /sfs/gpfs/tardis/home/xpz5km/Cahn_Hilliard_Model_HPC/spinodal_decomp/compare_L2_error.py , Line : 86, Func.Name : compare_L2_error_at_timepoint, Message : snapshot_NMG = read_specific_lines(f"{root}/{NMG_fname}", line_list)', 'File : /sfs/gpfs/tardis/home/xpz5km/Cahn_Hilliard_Model_HPC/spinodal_decomp/compare_L2_error.py , Line : 21, Func.Name : read_specific_lines, Message : digits.append(float(i))']
Python,20,64,neumann,20,20,50p
NMG_Python_20_dt_5.50e-06_Nx_64_neumann_dtout_2050pphi.csv
Exception type : TypeError 
Exception message : float() argument must be a string or a real number, not 'complex'
Stack trace : ['File : /sfs/gpfs/tardis/home/xpz5km/Cahn_Hilliard_Model_HPC/spinodal_decomp/compare_L2_error.py , Line : 86, Func.Name : compare_L2_error_at_timepoint, Message : snapshot_NMG = read_specific_lines(f"{root}/{NMG_fname}", line_list)', 'File : /sfs/gpfs/tardis/home/xpz5km/Cahn_Hilliard_Model_HPC/spinodal_decomp/compare_L2_error.py , Line : 21, Func.Name : read_specific_lines, Message : digits.append(float(i))']
Python,20,128,neumann,20,20,75p
NMG_Python_20_dt_5.50e-06_Nx_128_neumann_dtout_2075pphi.csv
Exception type : TypeError 
Exception message : float() argument must be a string or a real number, not 'complex'
Stack trace : ['File : /sfs/gpfs/tardis/home/xpz5km/Cahn_Hilliard_Model_HPC/spinodal_decomp/compare_L2_error.py , Line : 86, Func.Name : compare_L2_error_at_timepoint, Message : snapshot_NMG = read_specific_lines(f"{root}/{NMG_fname}", line_list)', 'File : /sfs/gpfs/tardis/home/xpz5km/Cahn_Hilliard_Model_HPC/spinodal_decomp/compare_L2_error.py , Line : 21, Func.Name : read_specific_lines, Message : digits.append(float(i))']
Python,20,64,neumann,1,1,25p
NMG_Python_20_dt_5.50e-06_Nx_64_neumann_dtout_125pphi.csv
Exception type : TypeError 
Exception message : float() argument must be a string or a real number, not 'complex'
Stack trace : ['File : /sfs/gpfs/tardis/home/xpz5km/Cahn_Hilliard_Model_HPC/spinodal_decomp/compare_L2_error.py , Line : 86, Func.Name : compare_L2_error_at_timepoint, Message : snapshot_NMG = read_specific_lines(f"{root}/{NMG_fname}", line_list)', 'File : /sfs/gpfs/tardis/home/xpz5km/Cahn_Hilliard_Model_HPC/spinodal_decomp/compare_L2_error.py , Line : 21, Func.Name : read_specific_lines, Message : digits.append(float(i))']
Python,2000,64,neumann,2000,2000,25p not recorded; dt_out too large.
Python,20,512,periodic,1,1,25p
NMG_Python_20_dt_5.50e-06_Nx_512_periodic_dtout_125pphi.csv
Exception type : TypeError 
Exception message : float() argument must be a string or a real number, not 'complex'
Stack trace : ['File : /sfs/gpfs/tardis/home/xpz5km/Cahn_Hilliard_Model_HPC/spinodal_decomp/compare_L2_error.py , Line : 86, Func.Name : compare_L2_error_at_timepoint, Message : snapshot_NMG = read_specific_lines(f"{root}/{NMG_fname}", line_list)', 'File : /sfs/gpfs/tardis/home/xpz5km/Cahn_Hilliard_Model_HPC/spinodal_decomp/compare_L2_error.py , Line : 21, Func.Name : read_specific_lines, Message : digits.append(float(i))']
Python,2000,128,periodic,2000,2000,25p not recorded; dt_out too large.
Python,20,512,periodic,20,20,50p
NMG_Python_20_dt_5.50e-06_Nx_512_periodic_dtout_2050pphi.csv
Exception type : TypeError 
Exception message : float() argument must be a string or a real number, not 'complex'
Stack trace : ['File : /sfs/gpfs/tardis/home/xpz5km/Cahn_Hilliard_Model_HPC/spinodal_decomp/compare_L2_error.py , Line : 86, Func.Name : compare_L2_error_at_timepoint, Message : snapshot_NMG = read_specific_lines(f"{root}/{NMG_fname}", line_list)', 'File : /sfs/gpfs/tardis/home/xpz5km/Cahn_Hilliard_Model_HPC/spinodal_decomp/compare_L2_error.py , Line : 21, Func.Name : read_specific_lines, Message : digits.append(float(i))']
Python,2000,512,periodic,2000,2000,75p not recorded; dt_out too large.
Python,20,128,periodic,1,1,75p
NMG_Python_20_dt_5.50e-06_Nx_128_periodic_dtout_175pphi.csv
Exception type : TypeError 
Exception message : float() argument must be a string or a real number, not 'complex'
Stack trace : ['File : /sfs/gpfs/tardis/home/xpz5km/Cahn_Hilliard_Model_HPC/spinodal_decomp/compare_L2_error.py , Line : 86, Func.Name : compare_L2_error_at_timepoint, Message : snapshot_NMG = read_specific_lines(f"{root}/{NMG_fname}", line_list)', 'File : /sfs/gpfs/tardis/home/xpz5km/Cahn_Hilliard_Model_HPC/spinodal_decomp/compare_L2_error.py , Line : 21, Func.Name : read_specific_lines, Message : digits.append(float(i))']
Python,20,512,periodic,1,1,75p
NMG_Python_20_dt_5.50e-06_Nx_512_periodic_dtout_175pphi.csv
Exception type : TypeError 
Exception message : float() argument must be a string or a real number, not 'complex'
Stack trace : ['File : /sfs/gpfs/tardis/home/xpz5km/Cahn_Hilliard_Model_HPC/spinodal_decomp/compare_L2_error.py , Line : 86, Func.Name : compare_L2_error_at_timepoint, Message : snapshot_NMG = read_specific_lines(f"{root}/{NMG_fname}", line_list)', 'File : /sfs/gpfs/tardis/home/xpz5km/Cahn_Hilliard_Model_HPC/spinodal_decomp/compare_L2_error.py , Line : 21, Func.Name : read_specific_lines, Message : digits.append(float(i))']
Python,20,128,neumann,1,1,50p
NMG_Python_20_dt_5.50e-06_Nx_128_neumann_dtout_150pphi.csv
Exception type : TypeError 
Exception message : float() argument must be a string or a real number, not 'complex'
Stack trace : ['File : /sfs/gpfs/tardis/home/xpz5km/Cahn_Hilliard_Model_HPC/spinodal_decomp/compare_L2_error.py , Line : 86, Func.Name : compare_L2_error_at_timepoint, Message : snapshot_NMG = read_specific_lines(f"{root}/{NMG_fname}", line_list)', 'File : /sfs/gpfs/tardis/home/xpz5km/Cahn_Hilliard_Model_HPC/spinodal_decomp/compare_L2_error.py , Line : 21, Func.Name : read_specific_lines, Message : digits.append(float(i))']
Python,2000,64,periodic,2000,2000,25p not recorded; dt_out too large.
Python,20,128,periodic,20,20,75p
NMG_Python_20_dt_5.50e-06_Nx_128_periodic_dtout_2075pphi.csv
Exception type : TypeError 
Exception message : float() argument must be a string or a real number, not 'complex'
Stack trace : ['File : /sfs/gpfs/tardis/home/xpz5km/Cahn_Hilliard_Model_HPC/spinodal_decomp/compare_L2_error.py , Line : 86, Func.Name : compare_L2_error_at_timepoint, Message : snapshot_NMG = read_specific_lines(f"{root}/{NMG_fname}", line_list)', 'File : /sfs/gpfs/tardis/home/xpz5km/Cahn_Hilliard_Model_HPC/spinodal_decomp/compare_L2_error.py , Line : 21, Func.Name : read_specific_lines, Message : digits.append(float(i))']
Python,2000,64,neumann,2000,2000,50p not recorded; dt_out too large.
Python,2000,128,periodic,2000,2000,50p not recorded; dt_out too large.
Python,20,256,periodic,20,20,75p
NMG_Python_20_dt_5.50e-06_Nx_256_periodic_dtout_2075pphi.csv
Exception type : TypeError 
Exception message : float() argument must be a string or a real number, not 'complex'
Stack trace : ['File : /sfs/gpfs/tardis/home/xpz5km/Cahn_Hilliard_Model_HPC/spinodal_decomp/compare_L2_error.py , Line : 86, Func.Name : compare_L2_error_at_timepoint, Message : snapshot_NMG = read_specific_lines(f"{root}/{NMG_fname}", line_list)', 'File : /sfs/gpfs/tardis/home/xpz5km/Cahn_Hilliard_Model_HPC/spinodal_decomp/compare_L2_error.py , Line : 21, Func.Name : read_specific_lines, Message : digits.append(float(i))']
Python,20,512,neumann,1,1,75p
NMG_Python_20_dt_5.50e-06_Nx_512_neumann_dtout_175pphi.csv
Exception type : TypeError 
Exception message : float() argument must be a string or a real number, not 'complex'
Stack trace : ['File : /sfs/gpfs/tardis/home/xpz5km/Cahn_Hilliard_Model_HPC/spinodal_decomp/compare_L2_error.py , Line : 86, Func.Name : compare_L2_error_at_timepoint, Message : snapshot_NMG = read_specific_lines(f"{root}/{NMG_fname}", line_list)', 'File : /sfs/gpfs/tardis/home/xpz5km/Cahn_Hilliard_Model_HPC/spinodal_decomp/compare_L2_error.py , Line : 21, Func.Name : read_specific_lines, Message : digits.append(float(i))']
Python,20,64,neumann,20,20,25p
NMG_Python_20_dt_5.50e-06_Nx_64_neumann_dtout_2025pphi.csv
Exception type : TypeError 
Exception message : float() argument must be a string or a real number, not 'complex'
Stack trace : ['File : /sfs/gpfs/tardis/home/xpz5km/Cahn_Hilliard_Model_HPC/spinodal_decomp/compare_L2_error.py , Line : 86, Func.Name : compare_L2_error_at_timepoint, Message : snapshot_NMG = read_specific_lines(f"{root}/{NMG_fname}", line_list)', 'File : /sfs/gpfs/tardis/home/xpz5km/Cahn_Hilliard_Model_HPC/spinodal_decomp/compare_L2_error.py , Line : 21, Func.Name : read_specific_lines, Message : digits.append(float(i))']
Python,20,64,neumann,20,20,75p
NMG_Python_20_dt_5.50e-06_Nx_64_neumann_dtout_2075pphi.csv
Exception type : TypeError 
Exception message : float() argument must be a string or a real number, not 'complex'
Stack trace : ['File : /sfs/gpfs/tardis/home/xpz5km/Cahn_Hilliard_Model_HPC/spinodal_decomp/compare_L2_error.py , Line : 86, Func.Name : compare_L2_error_at_timepoint, Message : snapshot_NMG = read_specific_lines(f"{root}/{NMG_fname}", line_list)', 'File : /sfs/gpfs/tardis/home/xpz5km/Cahn_Hilliard_Model_HPC/spinodal_decomp/compare_L2_error.py , Line : 21, Func.Name : read_specific_lines, Message : digits.append(float(i))']
Python,2000,64,periodic,2000,2000,50p not recorded; dt_out too large.
Python,20,512,periodic,20,20,75p
NMG_Python_20_dt_5.50e-06_Nx_512_periodic_dtout_2075pphi.csv
Exception type : TypeError 
Exception message : float() argument must be a string or a real number, not 'complex'
Stack trace : ['File : /sfs/gpfs/tardis/home/xpz5km/Cahn_Hilliard_Model_HPC/spinodal_decomp/compare_L2_error.py , Line : 86, Func.Name : compare_L2_error_at_timepoint, Message : snapshot_NMG = read_specific_lines(f"{root}/{NMG_fname}", line_list)', 'File : /sfs/gpfs/tardis/home/xpz5km/Cahn_Hilliard_Model_HPC/spinodal_decomp/compare_L2_error.py , Line : 21, Func.Name : read_specific_lines, Message : digits.append(float(i))']
Python,20,512,neumann,20,20,25p
NMG_Python_20_dt_5.50e-06_Nx_512_neumann_dtout_2025pphi.csv
Exception type : TypeError 
Exception message : float() argument must be a string or a real number, not 'complex'
Stack trace : ['File : /sfs/gpfs/tardis/home/xpz5km/Cahn_Hilliard_Model_HPC/spinodal_decomp/compare_L2_error.py , Line : 86, Func.Name : compare_L2_error_at_timepoint, Message : snapshot_NMG = read_specific_lines(f"{root}/{NMG_fname}", line_list)', 'File : /sfs/gpfs/tardis/home/xpz5km/Cahn_Hilliard_Model_HPC/spinodal_decomp/compare_L2_error.py , Line : 21, Func.Name : read_specific_lines, Message : digits.append(float(i))']
Python,20,512,neumann,1,1,50p
NMG_Python_20_dt_5.50e-06_Nx_512_neumann_dtout_150pphi.csv
Exception type : TypeError 
Exception message : float() argument must be a string or a real number, not 'complex'
Stack trace : ['File : /sfs/gpfs/tardis/home/xpz5km/Cahn_Hilliard_Model_HPC/spinodal_decomp/compare_L2_error.py , Line : 86, Func.Name : compare_L2_error_at_timepoint, Message : snapshot_NMG = read_specific_lines(f"{root}/{NMG_fname}", line_list)', 'File : /sfs/gpfs/tardis/home/xpz5km/Cahn_Hilliard_Model_HPC/spinodal_decomp/compare_L2_error.py , Line : 21, Func.Name : read_specific_lines, Message : digits.append(float(i))']
Python,20,64,periodic,1,1,25p
NMG_Python_20_dt_5.50e-06_Nx_64_periodic_dtout_125pphi.csv
Exception type : TypeError 
Exception message : float() argument must be a string or a real number, not 'complex'
Stack trace : ['File : /sfs/gpfs/tardis/home/xpz5km/Cahn_Hilliard_Model_HPC/spinodal_decomp/compare_L2_error.py , Line : 86, Func.Name : compare_L2_error_at_timepoint, Message : snapshot_NMG = read_specific_lines(f"{root}/{NMG_fname}", line_list)', 'File : /sfs/gpfs/tardis/home/xpz5km/Cahn_Hilliard_Model_HPC/spinodal_decomp/compare_L2_error.py , Line : 21, Func.Name : read_specific_lines, Message : digits.append(float(i))']
Python,2000,128,neumann,2000,2000,75p not recorded; dt_out too large.
Python,20,128,periodic,20,20,50p
NMG_Python_20_dt_5.50e-06_Nx_128_periodic_dtout_2050pphi.csv
Exception type : TypeError 
Exception message : float() argument must be a string or a real number, not 'complex'
Stack trace : ['File : /sfs/gpfs/tardis/home/xpz5km/Cahn_Hilliard_Model_HPC/spinodal_decomp/compare_L2_error.py , Line : 86, Func.Name : compare_L2_error_at_timepoint, Message : snapshot_NMG = read_specific_lines(f"{root}/{NMG_fname}", line_list)', 'File : /sfs/gpfs/tardis/home/xpz5km/Cahn_Hilliard_Model_HPC/spinodal_decomp/compare_L2_error.py , Line : 21, Func.Name : read_specific_lines, Message : digits.append(float(i))']
Python,20,256,periodic,20,20,50p
NMG_Python_20_dt_5.50e-06_Nx_256_periodic_dtout_2050pphi.csv
Exception type : TypeError 
Exception message : float() argument must be a string or a real number, not 'complex'
Stack trace : ['File : /sfs/gpfs/tardis/home/xpz5km/Cahn_Hilliard_Model_HPC/spinodal_decomp/compare_L2_error.py , Line : 86, Func.Name : compare_L2_error_at_timepoint, Message : snapshot_NMG = read_specific_lines(f"{root}/{NMG_fname}", line_list)', 'File : /sfs/gpfs/tardis/home/xpz5km/Cahn_Hilliard_Model_HPC/spinodal_decomp/compare_L2_error.py , Line : 21, Func.Name : read_specific_lines, Message : digits.append(float(i))']
Python,2000,256,neumann,2000,2000,50p not recorded; dt_out too large.
Python,20,64,periodic,20,20,50p
NMG_Python_20_dt_5.50e-06_Nx_64_periodic_dtout_2050pphi.csv
Exception type : TypeError 
Exception message : float() argument must be a string or a real number, not 'complex'
Stack trace : ['File : /sfs/gpfs/tardis/home/xpz5km/Cahn_Hilliard_Model_HPC/spinodal_decomp/compare_L2_error.py , Line : 86, Func.Name : compare_L2_error_at_timepoint, Message : snapshot_NMG = read_specific_lines(f"{root}/{NMG_fname}", line_list)', 'File : /sfs/gpfs/tardis/home/xpz5km/Cahn_Hilliard_Model_HPC/spinodal_decomp/compare_L2_error.py , Line : 21, Func.Name : read_specific_lines, Message : digits.append(float(i))']
Python,2000,512,neumann,2000,2000,25p not recorded; dt_out too large.
Python,20,512,neumann,20,20,75p
NMG_Python_20_dt_5.50e-06_Nx_512_neumann_dtout_2075pphi.csv
Exception type : TypeError 
Exception message : float() argument must be a string or a real number, not 'complex'
Stack trace : ['File : /sfs/gpfs/tardis/home/xpz5km/Cahn_Hilliard_Model_HPC/spinodal_decomp/compare_L2_error.py , Line : 86, Func.Name : compare_L2_error_at_timepoint, Message : snapshot_NMG = read_specific_lines(f"{root}/{NMG_fname}", line_list)', 'File : /sfs/gpfs/tardis/home/xpz5km/Cahn_Hilliard_Model_HPC/spinodal_decomp/compare_L2_error.py , Line : 21, Func.Name : read_specific_lines, Message : digits.append(float(i))']
Python,20,256,neumann,20,20,25p
NMG_Python_20_dt_5.50e-06_Nx_256_neumann_dtout_2025pphi.csv
Exception type : TypeError 
Exception message : float() argument must be a string or a real number, not 'complex'
Stack trace : ['File : /sfs/gpfs/tardis/home/xpz5km/Cahn_Hilliard_Model_HPC/spinodal_decomp/compare_L2_error.py , Line : 86, Func.Name : compare_L2_error_at_timepoint, Message : snapshot_NMG = read_specific_lines(f"{root}/{NMG_fname}", line_list)', 'File : /sfs/gpfs/tardis/home/xpz5km/Cahn_Hilliard_Model_HPC/spinodal_decomp/compare_L2_error.py , Line : 21, Func.Name : read_specific_lines, Message : digits.append(float(i))']
Python,2000,64,neumann,2000,2000,75p not recorded; dt_out too large.
Python,20,128,neumann,20,20,25p
NMG_Python_20_dt_5.50e-06_Nx_128_neumann_dtout_2025pphi.csv
Exception type : TypeError 
Exception message : float() argument must be a string or a real number, not 'complex'
Stack trace : ['File : /sfs/gpfs/tardis/home/xpz5km/Cahn_Hilliard_Model_HPC/spinodal_decomp/compare_L2_error.py , Line : 86, Func.Name : compare_L2_error_at_timepoint, Message : snapshot_NMG = read_specific_lines(f"{root}/{NMG_fname}", line_list)', 'File : /sfs/gpfs/tardis/home/xpz5km/Cahn_Hilliard_Model_HPC/spinodal_decomp/compare_L2_error.py , Line : 21, Func.Name : read_specific_lines, Message : digits.append(float(i))']
Python,20,64,periodic,20,20,75p
NMG_Python_20_dt_5.50e-06_Nx_64_periodic_dtout_2075pphi.csv
Exception type : TypeError 
Exception message : float() argument must be a string or a real number, not 'complex'
Stack trace : ['File : /sfs/gpfs/tardis/home/xpz5km/Cahn_Hilliard_Model_HPC/spinodal_decomp/compare_L2_error.py , Line : 86, Func.Name : compare_L2_error_at_timepoint, Message : snapshot_NMG = read_specific_lines(f"{root}/{NMG_fname}", line_list)', 'File : /sfs/gpfs/tardis/home/xpz5km/Cahn_Hilliard_Model_HPC/spinodal_decomp/compare_L2_error.py , Line : 21, Func.Name : read_specific_lines, Message : digits.append(float(i))']
Python,20,256,periodic,1,1,75p
NMG_Python_20_dt_5.50e-06_Nx_256_periodic_dtout_175pphi.csv
Exception type : TypeError 
Exception message : float() argument must be a string or a real number, not 'complex'
Stack trace : ['File : /sfs/gpfs/tardis/home/xpz5km/Cahn_Hilliard_Model_HPC/spinodal_decomp/compare_L2_error.py , Line : 86, Func.Name : compare_L2_error_at_timepoint, Message : snapshot_NMG = read_specific_lines(f"{root}/{NMG_fname}", line_list)', 'File : /sfs/gpfs/tardis/home/xpz5km/Cahn_Hilliard_Model_HPC/spinodal_decomp/compare_L2_error.py , Line : 21, Func.Name : read_specific_lines, Message : digits.append(float(i))']
Python,20,64,periodic,1,1,50p
NMG_Python_20_dt_5.50e-06_Nx_64_periodic_dtout_150pphi.csv
Exception type : TypeError 
Exception message : float() argument must be a string or a real number, not 'complex'
Stack trace : ['File : /sfs/gpfs/tardis/home/xpz5km/Cahn_Hilliard_Model_HPC/spinodal_decomp/compare_L2_error.py , Line : 86, Func.Name : compare_L2_error_at_timepoint, Message : snapshot_NMG = read_specific_lines(f"{root}/{NMG_fname}", line_list)', 'File : /sfs/gpfs/tardis/home/xpz5km/Cahn_Hilliard_Model_HPC/spinodal_decomp/compare_L2_error.py , Line : 21, Func.Name : read_specific_lines, Message : digits.append(float(i))']
Python,20,128,periodic,1,1,25p
NMG_Python_20_dt_5.50e-06_Nx_128_periodic_dtout_125pphi.csv
Exception type : TypeError 
Exception message : float() argument must be a string or a real number, not 'complex'
Stack trace : ['File : /sfs/gpfs/tardis/home/xpz5km/Cahn_Hilliard_Model_HPC/spinodal_decomp/compare_L2_error.py , Line : 86, Func.Name : compare_L2_error_at_timepoint, Message : snapshot_NMG = read_specific_lines(f"{root}/{NMG_fname}", line_list)', 'File : /sfs/gpfs/tardis/home/xpz5km/Cahn_Hilliard_Model_HPC/spinodal_decomp/compare_L2_error.py , Line : 21, Func.Name : read_specific_lines, Message : digits.append(float(i))']
7
Python,20,256,neumann,20,20,75p
NMG_Python_20_dt_5.50e-06_Nx_256_neumann_dtout_2075pphi.csv
Exception type : TypeError 
Exception message : float() argument must be a string or a real number, not 'complex'
Stack trace : ['File : /sfs/gpfs/tardis/home/xpz5km/Cahn_Hilliard_Model_HPC/spinodal_decomp/compare_L2_error.py , Line : 86, Func.Name : compare_L2_error_at_timepoint, Message : snapshot_NMG = read_specific_lines(f"{root}/{NMG_fname}", line_list)', 'File : /sfs/gpfs/tardis/home/xpz5km/Cahn_Hilliard_Model_HPC/spinodal_decomp/compare_L2_error.py , Line : 21, Func.Name : read_specific_lines, Message : digits.append(float(i))']
Python,2000,256,neumann,2000,2000,25p not recorded; dt_out too large.
Python,20,128,periodic,20,20,25p
NMG_Python_20_dt_5.50e-06_Nx_128_periodic_dtout_2025pphi.csv
Exception type : TypeError 
Exception message : float() argument must be a string or a real number, not 'complex'
Stack trace : ['File : /sfs/gpfs/tardis/home/xpz5km/Cahn_Hilliard_Model_HPC/spinodal_decomp/compare_L2_error.py , Line : 86, Func.Name : compare_L2_error_at_timepoint, Message : snapshot_NMG = read_specific_lines(f"{root}/{NMG_fname}", line_list)', 'File : /sfs/gpfs/tardis/home/xpz5km/Cahn_Hilliard_Model_HPC/spinodal_decomp/compare_L2_error.py , Line : 21, Func.Name : read_specific_lines, Message : digits.append(float(i))']
Python,2000,256,periodic,2000,2000,50p not recorded; dt_out too large.
Python,20,256,periodic,20,20,25p
NMG_Python_20_dt_5.50e-06_Nx_256_periodic_dtout_2025pphi.csv
Exception type : TypeError 
Exception message : float() argument must be a string or a real number, not 'complex'
Stack trace : ['File : /sfs/gpfs/tardis/home/xpz5km/Cahn_Hilliard_Model_HPC/spinodal_decomp/compare_L2_error.py , Line : 86, Func.Name : compare_L2_error_at_timepoint, Message : snapshot_NMG = read_specific_lines(f"{root}/{NMG_fname}", line_list)', 'File : /sfs/gpfs/tardis/home/xpz5km/Cahn_Hilliard_Model_HPC/spinodal_decomp/compare_L2_error.py , Line : 21, Func.Name : read_specific_lines, Message : digits.append(float(i))']
Python,20,512,neumann,20,20,50p
NMG_Python_20_dt_5.50e-06_Nx_512_neumann_dtout_2050pphi.csv
Exception type : TypeError 
Exception message : float() argument must be a string or a real number, not 'complex'
Stack trace : ['File : /sfs/gpfs/tardis/home/xpz5km/Cahn_Hilliard_Model_HPC/spinodal_decomp/compare_L2_error.py , Line : 86, Func.Name : compare_L2_error_at_timepoint, Message : snapshot_NMG = read_specific_lines(f"{root}/{NMG_fname}", line_list)', 'File : /sfs/gpfs/tardis/home/xpz5km/Cahn_Hilliard_Model_HPC/spinodal_decomp/compare_L2_error.py , Line : 21, Func.Name : read_specific_lines, Message : digits.append(float(i))']
Python,2000,512,periodic,2000,2000,25p not recorded; dt_out too large.
Python,2000,64,periodic,2000,2000,75p not recorded; dt_out too large.
Python,2000,256,periodic,2000,2000,25p not recorded; dt_out too large.
Python,2000,256,neumann,2000,2000,75p not recorded; dt_out too large.
Python,2000,128,periodic,2000,2000,75p not recorded; dt_out too large.
Python,20,128,neumann,1,1,25p
NMG_Python_20_dt_5.50e-06_Nx_128_neumann_dtout_125pphi.csv
Exception type : TypeError 
Exception message : float() argument must be a string or a real number, not 'complex'
Stack trace : ['File : /sfs/gpfs/tardis/home/xpz5km/Cahn_Hilliard_Model_HPC/spinodal_decomp/compare_L2_error.py , Line : 86, Func.Name : compare_L2_error_at_timepoint, Message : snapshot_NMG = read_specific_lines(f"{root}/{NMG_fname}", line_list)', 'File : /sfs/gpfs/tardis/home/xpz5km/Cahn_Hilliard_Model_HPC/spinodal_decomp/compare_L2_error.py , Line : 21, Func.Name : read_specific_lines, Message : digits.append(float(i))']
Python,2000,256,periodic,2000,2000,75p not recorded; dt_out too large.
Python,20,256,neumann,20,20,50p
NMG_Python_20_dt_5.50e-06_Nx_256_neumann_dtout_2050pphi.csv
Exception type : TypeError 
Exception message : float() argument must be a string or a real number, not 'complex'
Stack trace : ['File : /sfs/gpfs/tardis/home/xpz5km/Cahn_Hilliard_Model_HPC/spinodal_decomp/compare_L2_error.py , Line : 86, Func.Name : compare_L2_error_at_timepoint, Message : snapshot_NMG = read_specific_lines(f"{root}/{NMG_fname}", line_list)', 'File : /sfs/gpfs/tardis/home/xpz5km/Cahn_Hilliard_Model_HPC/spinodal_decomp/compare_L2_error.py , Line : 21, Func.Name : read_specific_lines, Message : digits.append(float(i))']
Python,2000,128,neumann,2000,2000,25p not recorded; dt_out too large.
Python,20,64,periodic,1,1,75p
NMG_Python_20_dt_5.50e-06_Nx_64_periodic_dtout_175pphi.csv
Exception type : TypeError 
Exception message : float() argument must be a string or a real number, not 'complex'
Stack trace : ['File : /sfs/gpfs/tardis/home/xpz5km/Cahn_Hilliard_Model_HPC/spinodal_decomp/compare_L2_error.py , Line : 86, Func.Name : compare_L2_error_at_timepoint, Message : snapshot_NMG = read_specific_lines(f"{root}/{NMG_fname}", line_list)', 'File : /sfs/gpfs/tardis/home/xpz5km/Cahn_Hilliard_Model_HPC/spinodal_decomp/compare_L2_error.py , Line : 21, Func.Name : read_specific_lines, Message : digits.append(float(i))']
Python,20,256,periodic,1,1,50p
NMG_Python_20_dt_5.50e-06_Nx_256_periodic_dtout_150pphi.csv
Exception type : TypeError 
Exception message : float() argument must be a string or a real number, not 'complex'
Stack trace : ['File : /sfs/gpfs/tardis/home/xpz5km/Cahn_Hilliard_Model_HPC/spinodal_decomp/compare_L2_error.py , Line : 86, Func.Name : compare_L2_error_at_timepoint, Message : snapshot_NMG = read_specific_lines(f"{root}/{NMG_fname}", line_list)', 'File : /sfs/gpfs/tardis/home/xpz5km/Cahn_Hilliard_Model_HPC/spinodal_decomp/compare_L2_error.py , Line : 21, Func.Name : read_specific_lines, Message : digits.append(float(i))']
Python,20,128,neumann,1,1,75p
NMG_Python_20_dt_5.50e-06_Nx_128_neumann_dtout_175pphi.csv
Exception type : TypeError 
Exception message : float() argument must be a string or a real number, not 'complex'
Stack trace : ['File : /sfs/gpfs/tardis/home/xpz5km/Cahn_Hilliard_Model_HPC/spinodal_decomp/compare_L2_error.py , Line : 86, Func.Name : compare_L2_error_at_timepoint, Message : snapshot_NMG = read_specific_lines(f"{root}/{NMG_fname}", line_list)', 'File : /sfs/gpfs/tardis/home/xpz5km/Cahn_Hilliard_Model_HPC/spinodal_decomp/compare_L2_error.py , Line : 21, Func.Name : read_specific_lines, Message : digits.append(float(i))']
Python,20,64,neumann,1,1,50p
NMG_Python_20_dt_5.50e-06_Nx_64_neumann_dtout_150pphi.csv
Exception type : TypeError 
Exception message : float() argument must be a string or a real number, not 'complex'
Stack trace : ['File : /sfs/gpfs/tardis/home/xpz5km/Cahn_Hilliard_Model_HPC/spinodal_decomp/compare_L2_error.py , Line : 86, Func.Name : compare_L2_error_at_timepoint, Message : snapshot_NMG = read_specific_lines(f"{root}/{NMG_fname}", line_list)', 'File : /sfs/gpfs/tardis/home/xpz5km/Cahn_Hilliard_Model_HPC/spinodal_decomp/compare_L2_error.py , Line : 21, Func.Name : read_specific_lines, Message : digits.append(float(i))']
Python,20,256,neumann,1,1,50p
NMG_Python_20_dt_5.50e-06_Nx_256_neumann_dtout_150pphi.csv
Exception type : TypeError 
Exception message : float() argument must be a string or a real number, not 'complex'
Stack trace : ['File : /sfs/gpfs/tardis/home/xpz5km/Cahn_Hilliard_Model_HPC/spinodal_decomp/compare_L2_error.py , Line : 86, Func.Name : compare_L2_error_at_timepoint, Message : snapshot_NMG = read_specific_lines(f"{root}/{NMG_fname}", line_list)', 'File : /sfs/gpfs/tardis/home/xpz5km/Cahn_Hilliard_Model_HPC/spinodal_decomp/compare_L2_error.py , Line : 21, Func.Name : read_specific_lines, Message : digits.append(float(i))']
Python,20,512,neumann,1,1,25p
NMG_Python_20_dt_5.50e-06_Nx_512_neumann_dtout_125pphi.csv
Exception type : TypeError 
Exception message : float() argument must be a string or a real number, not 'complex'
Stack trace : ['File : /sfs/gpfs/tardis/home/xpz5km/Cahn_Hilliard_Model_HPC/spinodal_decomp/compare_L2_error.py , Line : 86, Func.Name : compare_L2_error_at_timepoint, Message : snapshot_NMG = read_specific_lines(f"{root}/{NMG_fname}", line_list)', 'File : /sfs/gpfs/tardis/home/xpz5km/Cahn_Hilliard_Model_HPC/spinodal_decomp/compare_L2_error.py , Line : 21, Func.Name : read_specific_lines, Message : digits.append(float(i))']
Python,2000,128,neumann,2000,2000,50p not recorded; dt_out too large.
Python,2000,512,periodic,2000,2000,50p not recorded; dt_out too large.
Python,20,256,neumann,1,1,75p
NMG_Python_20_dt_5.50e-06_Nx_256_neumann_dtout_175pphi.csv
Exception type : TypeError 
Exception message : float() argument must be a string or a real number, not 'complex'
Stack trace : ['File : /sfs/gpfs/tardis/home/xpz5km/Cahn_Hilliard_Model_HPC/spinodal_decomp/compare_L2_error.py , Line : 86, Func.Name : compare_L2_error_at_timepoint, Message : snapshot_NMG = read_specific_lines(f"{root}/{NMG_fname}", line_list)', 'File : /sfs/gpfs/tardis/home/xpz5km/Cahn_Hilliard_Model_HPC/spinodal_decomp/compare_L2_error.py , Line : 21, Func.Name : read_specific_lines, Message : digits.append(float(i))']
Python,20,128,neumann,20,20,50p
NMG_Python_20_dt_5.50e-06_Nx_128_neumann_dtout_2050pphi.csv
Exception type : TypeError 
Exception message : float() argument must be a string or a real number, not 'complex'
Stack trace : ['File : /sfs/gpfs/tardis/home/xpz5km/Cahn_Hilliard_Model_HPC/spinodal_decomp/compare_L2_error.py , Line : 86, Func.Name : compare_L2_error_at_timepoint, Message : snapshot_NMG = read_specific_lines(f"{root}/{NMG_fname}", line_list)', 'File : /sfs/gpfs/tardis/home/xpz5km/Cahn_Hilliard_Model_HPC/spinodal_decomp/compare_L2_error.py , Line : 21, Func.Name : read_specific_lines, Message : digits.append(float(i))']
Python,20,128,periodic,1,1,50p
NMG_Python_20_dt_5.50e-06_Nx_128_periodic_dtout_150pphi.csv
Exception type : TypeError 
Exception message : float() argument must be a string or a real number, not 'complex'
Stack trace : ['File : /sfs/gpfs/tardis/home/xpz5km/Cahn_Hilliard_Model_HPC/spinodal_decomp/compare_L2_error.py , Line : 86, Func.Name : compare_L2_error_at_timepoint, Message : snapshot_NMG = read_specific_lines(f"{root}/{NMG_fname}", line_list)', 'File : /sfs/gpfs/tardis/home/xpz5km/Cahn_Hilliard_Model_HPC/spinodal_decomp/compare_L2_error.py , Line : 21, Func.Name : read_specific_lines, Message : digits.append(float(i))']
Python,20,256,neumann,1,1,25p
NMG_Python_20_dt_5.50e-06_Nx_256_neumann_dtout_125pphi.csv
Exception type : TypeError 
Exception message : float() argument must be a string or a real number, not 'complex'
Stack trace : ['File : /sfs/gpfs/tardis/home/xpz5km/Cahn_Hilliard_Model_HPC/spinodal_decomp/compare_L2_error.py , Line : 86, Func.Name : compare_L2_error_at_timepoint, Message : snapshot_NMG = read_specific_lines(f"{root}/{NMG_fname}", line_list)', 'File : /sfs/gpfs/tardis/home/xpz5km/Cahn_Hilliard_Model_HPC/spinodal_decomp/compare_L2_error.py , Line : 21, Func.Name : read_specific_lines, Message : digits.append(float(i))']
Python,20,64,neumann,1,1,75p
NMG_Python_20_dt_5.50e-06_Nx_64_neumann_dtout_175pphi.csv
Exception type : TypeError 
Exception message : float() argument must be a string or a real number, not 'complex'
Stack trace : ['File : /sfs/gpfs/tardis/home/xpz5km/Cahn_Hilliard_Model_HPC/spinodal_decomp/compare_L2_error.py , Line : 86, Func.Name : compare_L2_error_at_timepoint, Message : snapshot_NMG = read_specific_lines(f"{root}/{NMG_fname}", line_list)', 'File : /sfs/gpfs/tardis/home/xpz5km/Cahn_Hilliard_Model_HPC/spinodal_decomp/compare_L2_error.py , Line : 21, Func.Name : read_specific_lines, Message : digits.append(float(i))']
Python,20,256,periodic,1,1,25p
NMG_Python_20_dt_5.50e-06_Nx_256_periodic_dtout_125pphi.csv
Exception type : TypeError 
Exception message : float() argument must be a string or a real number, not 'complex'
Stack trace : ['File : /sfs/gpfs/tardis/home/xpz5km/Cahn_Hilliard_Model_HPC/spinodal_decomp/compare_L2_error.py , Line : 86, Func.Name : compare_L2_error_at_timepoint, Message : snapshot_NMG = read_specific_lines(f"{root}/{NMG_fname}", line_list)', 'File : /sfs/gpfs/tardis/home/xpz5km/Cahn_Hilliard_Model_HPC/spinodal_decomp/compare_L2_error.py , Line : 21, Func.Name : read_specific_lines, Message : digits.append(float(i))']
Python,20,64,periodic,20,20,25p
NMG_Python_20_dt_5.50e-06_Nx_64_periodic_dtout_2025pphi.csv
Exception type : TypeError 
Exception message : float() argument must be a string or a real number, not 'complex'
Stack trace : ['File : /sfs/gpfs/tardis/home/xpz5km/Cahn_Hilliard_Model_HPC/spinodal_decomp/compare_L2_error.py , Line : 86, Func.Name : compare_L2_error_at_timepoint, Message : snapshot_NMG = read_specific_lines(f"{root}/{NMG_fname}", line_list)', 'File : /sfs/gpfs/tardis/home/xpz5km/Cahn_Hilliard_Model_HPC/spinodal_decomp/compare_L2_error.py , Line : 21, Func.Name : read_specific_lines, Message : digits.append(float(i))']
Python,20,512,periodic,1,1,50p
NMG_Python_20_dt_5.50e-06_Nx_512_periodic_dtout_150pphi.csv
Exception type : TypeError 
Exception message : float() argument must be a string or a real number, not 'complex'
Stack trace : ['File : /sfs/gpfs/tardis/home/xpz5km/Cahn_Hilliard_Model_HPC/spinodal_decomp/compare_L2_error.py , Line : 86, Func.Name : compare_L2_error_at_timepoint, Message : snapshot_NMG = read_specific_lines(f"{root}/{NMG_fname}", line_list)', 'File : /sfs/gpfs/tardis/home/xpz5km/Cahn_Hilliard_Model_HPC/spinodal_decomp/compare_L2_error.py , Line : 21, Func.Name : read_specific_lines, Message : digits.append(float(i))']
Python,2000,512,neumann,2000,2000,50p not recorded; dt_out too large.
Python,2000,512,neumann,2000,2000,75p not recorded; dt_out too large.
Python,20,512,periodic,20,20,25p
NMG_Python_20_dt_5.50e-06_Nx_512_periodic_dtout_2025pphi.csv
Exception type : TypeError 
Exception message : float() argument must be a string or a real number, not 'complex'
Stack trace : ['File : /sfs/gpfs/tardis/home/xpz5km/Cahn_Hilliard_Model_HPC/spinodal_decomp/compare_L2_error.py , Line : 86, Func.Name : compare_L2_error_at_timepoint, Message : snapshot_NMG = read_specific_lines(f"{root}/{NMG_fname}", line_list)', 'File : /sfs/gpfs/tardis/home/xpz5km/Cahn_Hilliard_Model_HPC/spinodal_decomp/compare_L2_error.py , Line : 21, Func.Name : read_specific_lines, Message : digits.append(float(i))']
Python,20,64,neumann,20,20,50p
NMG_Python_20_dt_5.50e-06_Nx_64_neumann_dtout_2050pphi.csv
Exception type : TypeError 
Exception message : float() argument must be a string or a real number, not 'complex'
Stack trace : ['File : /sfs/gpfs/tardis/home/xpz5km/Cahn_Hilliard_Model_HPC/spinodal_decomp/compare_L2_error.py , Line : 86, Func.Name : compare_L2_error_at_timepoint, Message : snapshot_NMG = read_specific_lines(f"{root}/{NMG_fname}", line_list)', 'File : /sfs/gpfs/tardis/home/xpz5km/Cahn_Hilliard_Model_HPC/spinodal_decomp/compare_L2_error.py , Line : 21, Func.Name : read_specific_lines, Message : digits.append(float(i))']
Python,20,128,neumann,20,20,75p
NMG_Python_20_dt_5.50e-06_Nx_128_neumann_dtout_2075pphi.csv
Exception type : TypeError 
Exception message : float() argument must be a string or a real number, not 'complex'
Stack trace : ['File : /sfs/gpfs/tardis/home/xpz5km/Cahn_Hilliard_Model_HPC/spinodal_decomp/compare_L2_error.py , Line : 86, Func.Name : compare_L2_error_at_timepoint, Message : snapshot_NMG = read_specific_lines(f"{root}/{NMG_fname}", line_list)', 'File : /sfs/gpfs/tardis/home/xpz5km/Cahn_Hilliard_Model_HPC/spinodal_decomp/compare_L2_error.py , Line : 21, Func.Name : read_specific_lines, Message : digits.append(float(i))']
Python,20,64,neumann,1,1,25p
NMG_Python_20_dt_5.50e-06_Nx_64_neumann_dtout_125pphi.csv
Exception type : TypeError 
Exception message : float() argument must be a string or a real number, not 'complex'
Stack trace : ['File : /sfs/gpfs/tardis/home/xpz5km/Cahn_Hilliard_Model_HPC/spinodal_decomp/compare_L2_error.py , Line : 86, Func.Name : compare_L2_error_at_timepoint, Message : snapshot_NMG = read_specific_lines(f"{root}/{NMG_fname}", line_list)', 'File : /sfs/gpfs/tardis/home/xpz5km/Cahn_Hilliard_Model_HPC/spinodal_decomp/compare_L2_error.py , Line : 21, Func.Name : read_specific_lines, Message : digits.append(float(i))']
Python,2000,64,neumann,2000,2000,25p not recorded; dt_out too large.
Python,20,512,periodic,1,1,25p
NMG_Python_20_dt_5.50e-06_Nx_512_periodic_dtout_125pphi.csv
Exception type : TypeError 
Exception message : float() argument must be a string or a real number, not 'complex'
Stack trace : ['File : /sfs/gpfs/tardis/home/xpz5km/Cahn_Hilliard_Model_HPC/spinodal_decomp/compare_L2_error.py , Line : 86, Func.Name : compare_L2_error_at_timepoint, Message : snapshot_NMG = read_specific_lines(f"{root}/{NMG_fname}", line_list)', 'File : /sfs/gpfs/tardis/home/xpz5km/Cahn_Hilliard_Model_HPC/spinodal_decomp/compare_L2_error.py , Line : 21, Func.Name : read_specific_lines, Message : digits.append(float(i))']
Python,2000,128,periodic,2000,2000,25p not recorded; dt_out too large.
Python,20,512,periodic,20,20,50p
NMG_Python_20_dt_5.50e-06_Nx_512_periodic_dtout_2050pphi.csv
Exception type : TypeError 
Exception message : float() argument must be a string or a real number, not 'complex'
Stack trace : ['File : /sfs/gpfs/tardis/home/xpz5km/Cahn_Hilliard_Model_HPC/spinodal_decomp/compare_L2_error.py , Line : 86, Func.Name : compare_L2_error_at_timepoint, Message : snapshot_NMG = read_specific_lines(f"{root}/{NMG_fname}", line_list)', 'File : /sfs/gpfs/tardis/home/xpz5km/Cahn_Hilliard_Model_HPC/spinodal_decomp/compare_L2_error.py , Line : 21, Func.Name : read_specific_lines, Message : digits.append(float(i))']
Python,2000,512,periodic,2000,2000,75p not recorded; dt_out too large.
Python,20,128,periodic,1,1,75p
NMG_Python_20_dt_5.50e-06_Nx_128_periodic_dtout_175pphi.csv
Exception type : TypeError 
Exception message : float() argument must be a string or a real number, not 'complex'
Stack trace : ['File : /sfs/gpfs/tardis/home/xpz5km/Cahn_Hilliard_Model_HPC/spinodal_decomp/compare_L2_error.py , Line : 86, Func.Name : compare_L2_error_at_timepoint, Message : snapshot_NMG = read_specific_lines(f"{root}/{NMG_fname}", line_list)', 'File : /sfs/gpfs/tardis/home/xpz5km/Cahn_Hilliard_Model_HPC/spinodal_decomp/compare_L2_error.py , Line : 21, Func.Name : read_specific_lines, Message : digits.append(float(i))']
Python,20,512,periodic,1,1,75p
NMG_Python_20_dt_5.50e-06_Nx_512_periodic_dtout_175pphi.csv
Exception type : TypeError 
Exception message : float() argument must be a string or a real number, not 'complex'
Stack trace : ['File : /sfs/gpfs/tardis/home/xpz5km/Cahn_Hilliard_Model_HPC/spinodal_decomp/compare_L2_error.py , Line : 86, Func.Name : compare_L2_error_at_timepoint, Message : snapshot_NMG = read_specific_lines(f"{root}/{NMG_fname}", line_list)', 'File : /sfs/gpfs/tardis/home/xpz5km/Cahn_Hilliard_Model_HPC/spinodal_decomp/compare_L2_error.py , Line : 21, Func.Name : read_specific_lines, Message : digits.append(float(i))']
Python,20,128,neumann,1,1,50p
NMG_Python_20_dt_5.50e-06_Nx_128_neumann_dtout_150pphi.csv
Exception type : TypeError 
Exception message : float() argument must be a string or a real number, not 'complex'
Stack trace : ['File : /sfs/gpfs/tardis/home/xpz5km/Cahn_Hilliard_Model_HPC/spinodal_decomp/compare_L2_error.py , Line : 86, Func.Name : compare_L2_error_at_timepoint, Message : snapshot_NMG = read_specific_lines(f"{root}/{NMG_fname}", line_list)', 'File : /sfs/gpfs/tardis/home/xpz5km/Cahn_Hilliard_Model_HPC/spinodal_decomp/compare_L2_error.py , Line : 21, Func.Name : read_specific_lines, Message : digits.append(float(i))']
Python,2000,64,periodic,2000,2000,25p not recorded; dt_out too large.
Python,20,128,periodic,20,20,75p
NMG_Python_20_dt_5.50e-06_Nx_128_periodic_dtout_2075pphi.csv
Exception type : TypeError 
Exception message : float() argument must be a string or a real number, not 'complex'
Stack trace : ['File : /sfs/gpfs/tardis/home/xpz5km/Cahn_Hilliard_Model_HPC/spinodal_decomp/compare_L2_error.py , Line : 86, Func.Name : compare_L2_error_at_timepoint, Message : snapshot_NMG = read_specific_lines(f"{root}/{NMG_fname}", line_list)', 'File : /sfs/gpfs/tardis/home/xpz5km/Cahn_Hilliard_Model_HPC/spinodal_decomp/compare_L2_error.py , Line : 21, Func.Name : read_specific_lines, Message : digits.append(float(i))']
Python,2000,64,neumann,2000,2000,50p not recorded; dt_out too large.
Python,2000,128,periodic,2000,2000,50p not recorded; dt_out too large.
Python,20,256,periodic,20,20,75p
NMG_Python_20_dt_5.50e-06_Nx_256_periodic_dtout_2075pphi.csv
Exception type : TypeError 
Exception message : float() argument must be a string or a real number, not 'complex'
Stack trace : ['File : /sfs/gpfs/tardis/home/xpz5km/Cahn_Hilliard_Model_HPC/spinodal_decomp/compare_L2_error.py , Line : 86, Func.Name : compare_L2_error_at_timepoint, Message : snapshot_NMG = read_specific_lines(f"{root}/{NMG_fname}", line_list)', 'File : /sfs/gpfs/tardis/home/xpz5km/Cahn_Hilliard_Model_HPC/spinodal_decomp/compare_L2_error.py , Line : 21, Func.Name : read_specific_lines, Message : digits.append(float(i))']
Python,20,512,neumann,1,1,75p
NMG_Python_20_dt_5.50e-06_Nx_512_neumann_dtout_175pphi.csv
Exception type : TypeError 
Exception message : float() argument must be a string or a real number, not 'complex'
Stack trace : ['File : /sfs/gpfs/tardis/home/xpz5km/Cahn_Hilliard_Model_HPC/spinodal_decomp/compare_L2_error.py , Line : 86, Func.Name : compare_L2_error_at_timepoint, Message : snapshot_NMG = read_specific_lines(f"{root}/{NMG_fname}", line_list)', 'File : /sfs/gpfs/tardis/home/xpz5km/Cahn_Hilliard_Model_HPC/spinodal_decomp/compare_L2_error.py , Line : 21, Func.Name : read_specific_lines, Message : digits.append(float(i))']
Python,20,64,neumann,20,20,25p
NMG_Python_20_dt_5.50e-06_Nx_64_neumann_dtout_2025pphi.csv
Exception type : TypeError 
Exception message : float() argument must be a string or a real number, not 'complex'
Stack trace : ['File : /sfs/gpfs/tardis/home/xpz5km/Cahn_Hilliard_Model_HPC/spinodal_decomp/compare_L2_error.py , Line : 86, Func.Name : compare_L2_error_at_timepoint, Message : snapshot_NMG = read_specific_lines(f"{root}/{NMG_fname}", line_list)', 'File : /sfs/gpfs/tardis/home/xpz5km/Cahn_Hilliard_Model_HPC/spinodal_decomp/compare_L2_error.py , Line : 21, Func.Name : read_specific_lines, Message : digits.append(float(i))']
Python,20,64,neumann,20,20,75p
NMG_Python_20_dt_5.50e-06_Nx_64_neumann_dtout_2075pphi.csv
Exception type : TypeError 
Exception message : float() argument must be a string or a real number, not 'complex'
Stack trace : ['File : /sfs/gpfs/tardis/home/xpz5km/Cahn_Hilliard_Model_HPC/spinodal_decomp/compare_L2_error.py , Line : 86, Func.Name : compare_L2_error_at_timepoint, Message : snapshot_NMG = read_specific_lines(f"{root}/{NMG_fname}", line_list)', 'File : /sfs/gpfs/tardis/home/xpz5km/Cahn_Hilliard_Model_HPC/spinodal_decomp/compare_L2_error.py , Line : 21, Func.Name : read_specific_lines, Message : digits.append(float(i))']
Python,2000,64,periodic,2000,2000,50p not recorded; dt_out too large.
Python,20,512,periodic,20,20,75p
NMG_Python_20_dt_5.50e-06_Nx_512_periodic_dtout_2075pphi.csv
Exception type : TypeError 
Exception message : float() argument must be a string or a real number, not 'complex'
Stack trace : ['File : /sfs/gpfs/tardis/home/xpz5km/Cahn_Hilliard_Model_HPC/spinodal_decomp/compare_L2_error.py , Line : 86, Func.Name : compare_L2_error_at_timepoint, Message : snapshot_NMG = read_specific_lines(f"{root}/{NMG_fname}", line_list)', 'File : /sfs/gpfs/tardis/home/xpz5km/Cahn_Hilliard_Model_HPC/spinodal_decomp/compare_L2_error.py , Line : 21, Func.Name : read_specific_lines, Message : digits.append(float(i))']
Python,20,512,neumann,20,20,25p
NMG_Python_20_dt_5.50e-06_Nx_512_neumann_dtout_2025pphi.csv
Exception type : TypeError 
Exception message : float() argument must be a string or a real number, not 'complex'
Stack trace : ['File : /sfs/gpfs/tardis/home/xpz5km/Cahn_Hilliard_Model_HPC/spinodal_decomp/compare_L2_error.py , Line : 86, Func.Name : compare_L2_error_at_timepoint, Message : snapshot_NMG = read_specific_lines(f"{root}/{NMG_fname}", line_list)', 'File : /sfs/gpfs/tardis/home/xpz5km/Cahn_Hilliard_Model_HPC/spinodal_decomp/compare_L2_error.py , Line : 21, Func.Name : read_specific_lines, Message : digits.append(float(i))']
Python,20,512,neumann,1,1,50p
NMG_Python_20_dt_5.50e-06_Nx_512_neumann_dtout_150pphi.csv
Exception type : TypeError 
Exception message : float() argument must be a string or a real number, not 'complex'
Stack trace : ['File : /sfs/gpfs/tardis/home/xpz5km/Cahn_Hilliard_Model_HPC/spinodal_decomp/compare_L2_error.py , Line : 86, Func.Name : compare_L2_error_at_timepoint, Message : snapshot_NMG = read_specific_lines(f"{root}/{NMG_fname}", line_list)', 'File : /sfs/gpfs/tardis/home/xpz5km/Cahn_Hilliard_Model_HPC/spinodal_decomp/compare_L2_error.py , Line : 21, Func.Name : read_specific_lines, Message : digits.append(float(i))']
Python,20,64,periodic,1,1,25p
NMG_Python_20_dt_5.50e-06_Nx_64_periodic_dtout_125pphi.csv
Exception type : TypeError 
Exception message : float() argument must be a string or a real number, not 'complex'
Stack trace : ['File : /sfs/gpfs/tardis/home/xpz5km/Cahn_Hilliard_Model_HPC/spinodal_decomp/compare_L2_error.py , Line : 86, Func.Name : compare_L2_error_at_timepoint, Message : snapshot_NMG = read_specific_lines(f"{root}/{NMG_fname}", line_list)', 'File : /sfs/gpfs/tardis/home/xpz5km/Cahn_Hilliard_Model_HPC/spinodal_decomp/compare_L2_error.py , Line : 21, Func.Name : read_specific_lines, Message : digits.append(float(i))']
Python,2000,128,neumann,2000,2000,75p not recorded; dt_out too large.
Python,20,128,periodic,20,20,50p
NMG_Python_20_dt_5.50e-06_Nx_128_periodic_dtout_2050pphi.csv
Exception type : TypeError 
Exception message : float() argument must be a string or a real number, not 'complex'
Stack trace : ['File : /sfs/gpfs/tardis/home/xpz5km/Cahn_Hilliard_Model_HPC/spinodal_decomp/compare_L2_error.py , Line : 86, Func.Name : compare_L2_error_at_timepoint, Message : snapshot_NMG = read_specific_lines(f"{root}/{NMG_fname}", line_list)', 'File : /sfs/gpfs/tardis/home/xpz5km/Cahn_Hilliard_Model_HPC/spinodal_decomp/compare_L2_error.py , Line : 21, Func.Name : read_specific_lines, Message : digits.append(float(i))']
Python,20,256,periodic,20,20,50p
NMG_Python_20_dt_5.50e-06_Nx_256_periodic_dtout_2050pphi.csv
Exception type : TypeError 
Exception message : float() argument must be a string or a real number, not 'complex'
Stack trace : ['File : /sfs/gpfs/tardis/home/xpz5km/Cahn_Hilliard_Model_HPC/spinodal_decomp/compare_L2_error.py , Line : 86, Func.Name : compare_L2_error_at_timepoint, Message : snapshot_NMG = read_specific_lines(f"{root}/{NMG_fname}", line_list)', 'File : /sfs/gpfs/tardis/home/xpz5km/Cahn_Hilliard_Model_HPC/spinodal_decomp/compare_L2_error.py , Line : 21, Func.Name : read_specific_lines, Message : digits.append(float(i))']
Python,2000,256,neumann,2000,2000,50p not recorded; dt_out too large.
Python,20,64,periodic,20,20,50p
NMG_Python_20_dt_5.50e-06_Nx_64_periodic_dtout_2050pphi.csv
Exception type : TypeError 
Exception message : float() argument must be a string or a real number, not 'complex'
Stack trace : ['File : /sfs/gpfs/tardis/home/xpz5km/Cahn_Hilliard_Model_HPC/spinodal_decomp/compare_L2_error.py , Line : 86, Func.Name : compare_L2_error_at_timepoint, Message : snapshot_NMG = read_specific_lines(f"{root}/{NMG_fname}", line_list)', 'File : /sfs/gpfs/tardis/home/xpz5km/Cahn_Hilliard_Model_HPC/spinodal_decomp/compare_L2_error.py , Line : 21, Func.Name : read_specific_lines, Message : digits.append(float(i))']
Python,2000,512,neumann,2000,2000,25p not recorded; dt_out too large.
Python,20,512,neumann,20,20,75p
NMG_Python_20_dt_5.50e-06_Nx_512_neumann_dtout_2075pphi.csv
Exception type : TypeError 
Exception message : float() argument must be a string or a real number, not 'complex'
Stack trace : ['File : /sfs/gpfs/tardis/home/xpz5km/Cahn_Hilliard_Model_HPC/spinodal_decomp/compare_L2_error.py , Line : 86, Func.Name : compare_L2_error_at_timepoint, Message : snapshot_NMG = read_specific_lines(f"{root}/{NMG_fname}", line_list)', 'File : /sfs/gpfs/tardis/home/xpz5km/Cahn_Hilliard_Model_HPC/spinodal_decomp/compare_L2_error.py , Line : 21, Func.Name : read_specific_lines, Message : digits.append(float(i))']
Python,20,256,neumann,20,20,25p
NMG_Python_20_dt_5.50e-06_Nx_256_neumann_dtout_2025pphi.csv
Exception type : TypeError 
Exception message : float() argument must be a string or a real number, not 'complex'
Stack trace : ['File : /sfs/gpfs/tardis/home/xpz5km/Cahn_Hilliard_Model_HPC/spinodal_decomp/compare_L2_error.py , Line : 86, Func.Name : compare_L2_error_at_timepoint, Message : snapshot_NMG = read_specific_lines(f"{root}/{NMG_fname}", line_list)', 'File : /sfs/gpfs/tardis/home/xpz5km/Cahn_Hilliard_Model_HPC/spinodal_decomp/compare_L2_error.py , Line : 21, Func.Name : read_specific_lines, Message : digits.append(float(i))']
Python,2000,64,neumann,2000,2000,75p not recorded; dt_out too large.
Python,20,128,neumann,20,20,25p
NMG_Python_20_dt_5.50e-06_Nx_128_neumann_dtout_2025pphi.csv
Exception type : TypeError 
Exception message : float() argument must be a string or a real number, not 'complex'
Stack trace : ['File : /sfs/gpfs/tardis/home/xpz5km/Cahn_Hilliard_Model_HPC/spinodal_decomp/compare_L2_error.py , Line : 86, Func.Name : compare_L2_error_at_timepoint, Message : snapshot_NMG = read_specific_lines(f"{root}/{NMG_fname}", line_list)', 'File : /sfs/gpfs/tardis/home/xpz5km/Cahn_Hilliard_Model_HPC/spinodal_decomp/compare_L2_error.py , Line : 21, Func.Name : read_specific_lines, Message : digits.append(float(i))']
Python,20,64,periodic,20,20,75p
NMG_Python_20_dt_5.50e-06_Nx_64_periodic_dtout_2075pphi.csv
Exception type : TypeError 
Exception message : float() argument must be a string or a real number, not 'complex'
Stack trace : ['File : /sfs/gpfs/tardis/home/xpz5km/Cahn_Hilliard_Model_HPC/spinodal_decomp/compare_L2_error.py , Line : 86, Func.Name : compare_L2_error_at_timepoint, Message : snapshot_NMG = read_specific_lines(f"{root}/{NMG_fname}", line_list)', 'File : /sfs/gpfs/tardis/home/xpz5km/Cahn_Hilliard_Model_HPC/spinodal_decomp/compare_L2_error.py , Line : 21, Func.Name : read_specific_lines, Message : digits.append(float(i))']
Python,20,256,periodic,1,1,75p
NMG_Python_20_dt_5.50e-06_Nx_256_periodic_dtout_175pphi.csv
Exception type : TypeError 
Exception message : float() argument must be a string or a real number, not 'complex'
Stack trace : ['File : /sfs/gpfs/tardis/home/xpz5km/Cahn_Hilliard_Model_HPC/spinodal_decomp/compare_L2_error.py , Line : 86, Func.Name : compare_L2_error_at_timepoint, Message : snapshot_NMG = read_specific_lines(f"{root}/{NMG_fname}", line_list)', 'File : /sfs/gpfs/tardis/home/xpz5km/Cahn_Hilliard_Model_HPC/spinodal_decomp/compare_L2_error.py , Line : 21, Func.Name : read_specific_lines, Message : digits.append(float(i))']
Python,20,64,periodic,1,1,50p
NMG_Python_20_dt_5.50e-06_Nx_64_periodic_dtout_150pphi.csv
Exception type : TypeError 
Exception message : float() argument must be a string or a real number, not 'complex'
Stack trace : ['File : /sfs/gpfs/tardis/home/xpz5km/Cahn_Hilliard_Model_HPC/spinodal_decomp/compare_L2_error.py , Line : 86, Func.Name : compare_L2_error_at_timepoint, Message : snapshot_NMG = read_specific_lines(f"{root}/{NMG_fname}", line_list)', 'File : /sfs/gpfs/tardis/home/xpz5km/Cahn_Hilliard_Model_HPC/spinodal_decomp/compare_L2_error.py , Line : 21, Func.Name : read_specific_lines, Message : digits.append(float(i))']
Python,20,128,periodic,1,1,25p
NMG_Python_20_dt_5.50e-06_Nx_128_periodic_dtout_125pphi.csv
Exception type : TypeError 
Exception message : float() argument must be a string or a real number, not 'complex'
Stack trace : ['File : /sfs/gpfs/tardis/home/xpz5km/Cahn_Hilliard_Model_HPC/spinodal_decomp/compare_L2_error.py , Line : 86, Func.Name : compare_L2_error_at_timepoint, Message : snapshot_NMG = read_specific_lines(f"{root}/{NMG_fname}", line_list)', 'File : /sfs/gpfs/tardis/home/xpz5km/Cahn_Hilliard_Model_HPC/spinodal_decomp/compare_L2_error.py , Line : 21, Func.Name : read_specific_lines, Message : digits.append(float(i))']
8
Python,20,256,neumann,20,20,75p
NMG_Python_20_dt_5.50e-06_Nx_256_neumann_dtout_2075pphi.csv
Exception type : TypeError 
Exception message : float() argument must be a string or a real number, not 'complex'
Stack trace : ['File : /sfs/gpfs/tardis/home/xpz5km/Cahn_Hilliard_Model_HPC/spinodal_decomp/compare_L2_error.py , Line : 86, Func.Name : compare_L2_error_at_timepoint, Message : snapshot_NMG = read_specific_lines(f"{root}/{NMG_fname}", line_list)', 'File : /sfs/gpfs/tardis/home/xpz5km/Cahn_Hilliard_Model_HPC/spinodal_decomp/compare_L2_error.py , Line : 21, Func.Name : read_specific_lines, Message : digits.append(float(i))']
Python,2000,256,neumann,2000,2000,25p not recorded; dt_out too large.
Python,20,128,periodic,20,20,25p
NMG_Python_20_dt_5.50e-06_Nx_128_periodic_dtout_2025pphi.csv
Exception type : TypeError 
Exception message : float() argument must be a string or a real number, not 'complex'
Stack trace : ['File : /sfs/gpfs/tardis/home/xpz5km/Cahn_Hilliard_Model_HPC/spinodal_decomp/compare_L2_error.py , Line : 86, Func.Name : compare_L2_error_at_timepoint, Message : snapshot_NMG = read_specific_lines(f"{root}/{NMG_fname}", line_list)', 'File : /sfs/gpfs/tardis/home/xpz5km/Cahn_Hilliard_Model_HPC/spinodal_decomp/compare_L2_error.py , Line : 21, Func.Name : read_specific_lines, Message : digits.append(float(i))']
Python,2000,256,periodic,2000,2000,50p not recorded; dt_out too large.
Python,20,256,periodic,20,20,25p
NMG_Python_20_dt_5.50e-06_Nx_256_periodic_dtout_2025pphi.csv
Exception type : TypeError 
Exception message : float() argument must be a string or a real number, not 'complex'
Stack trace : ['File : /sfs/gpfs/tardis/home/xpz5km/Cahn_Hilliard_Model_HPC/spinodal_decomp/compare_L2_error.py , Line : 86, Func.Name : compare_L2_error_at_timepoint, Message : snapshot_NMG = read_specific_lines(f"{root}/{NMG_fname}", line_list)', 'File : /sfs/gpfs/tardis/home/xpz5km/Cahn_Hilliard_Model_HPC/spinodal_decomp/compare_L2_error.py , Line : 21, Func.Name : read_specific_lines, Message : digits.append(float(i))']
Python,20,512,neumann,20,20,50p
NMG_Python_20_dt_5.50e-06_Nx_512_neumann_dtout_2050pphi.csv
Exception type : TypeError 
Exception message : float() argument must be a string or a real number, not 'complex'
Stack trace : ['File : /sfs/gpfs/tardis/home/xpz5km/Cahn_Hilliard_Model_HPC/spinodal_decomp/compare_L2_error.py , Line : 86, Func.Name : compare_L2_error_at_timepoint, Message : snapshot_NMG = read_specific_lines(f"{root}/{NMG_fname}", line_list)', 'File : /sfs/gpfs/tardis/home/xpz5km/Cahn_Hilliard_Model_HPC/spinodal_decomp/compare_L2_error.py , Line : 21, Func.Name : read_specific_lines, Message : digits.append(float(i))']
Python,2000,512,periodic,2000,2000,25p not recorded; dt_out too large.
Python,2000,64,periodic,2000,2000,75p not recorded; dt_out too large.
Python,2000,256,periodic,2000,2000,25p not recorded; dt_out too large.
Python,2000,256,neumann,2000,2000,75p not recorded; dt_out too large.
Python,2000,128,periodic,2000,2000,75p not recorded; dt_out too large.
Python,20,128,neumann,1,1,25p
NMG_Python_20_dt_5.50e-06_Nx_128_neumann_dtout_125pphi.csv
Exception type : TypeError 
Exception message : float() argument must be a string or a real number, not 'complex'
Stack trace : ['File : /sfs/gpfs/tardis/home/xpz5km/Cahn_Hilliard_Model_HPC/spinodal_decomp/compare_L2_error.py , Line : 86, Func.Name : compare_L2_error_at_timepoint, Message : snapshot_NMG = read_specific_lines(f"{root}/{NMG_fname}", line_list)', 'File : /sfs/gpfs/tardis/home/xpz5km/Cahn_Hilliard_Model_HPC/spinodal_decomp/compare_L2_error.py , Line : 21, Func.Name : read_specific_lines, Message : digits.append(float(i))']
Python,2000,256,periodic,2000,2000,75p not recorded; dt_out too large.
Python,20,256,neumann,20,20,50p
NMG_Python_20_dt_5.50e-06_Nx_256_neumann_dtout_2050pphi.csv
Exception type : TypeError 
Exception message : float() argument must be a string or a real number, not 'complex'
Stack trace : ['File : /sfs/gpfs/tardis/home/xpz5km/Cahn_Hilliard_Model_HPC/spinodal_decomp/compare_L2_error.py , Line : 86, Func.Name : compare_L2_error_at_timepoint, Message : snapshot_NMG = read_specific_lines(f"{root}/{NMG_fname}", line_list)', 'File : /sfs/gpfs/tardis/home/xpz5km/Cahn_Hilliard_Model_HPC/spinodal_decomp/compare_L2_error.py , Line : 21, Func.Name : read_specific_lines, Message : digits.append(float(i))']
Python,2000,128,neumann,2000,2000,25p not recorded; dt_out too large.
Python,20,64,periodic,1,1,75p
NMG_Python_20_dt_5.50e-06_Nx_64_periodic_dtout_175pphi.csv
Exception type : TypeError 
Exception message : float() argument must be a string or a real number, not 'complex'
Stack trace : ['File : /sfs/gpfs/tardis/home/xpz5km/Cahn_Hilliard_Model_HPC/spinodal_decomp/compare_L2_error.py , Line : 86, Func.Name : compare_L2_error_at_timepoint, Message : snapshot_NMG = read_specific_lines(f"{root}/{NMG_fname}", line_list)', 'File : /sfs/gpfs/tardis/home/xpz5km/Cahn_Hilliard_Model_HPC/spinodal_decomp/compare_L2_error.py , Line : 21, Func.Name : read_specific_lines, Message : digits.append(float(i))']
Python,20,256,periodic,1,1,50p
NMG_Python_20_dt_5.50e-06_Nx_256_periodic_dtout_150pphi.csv
Exception type : TypeError 
Exception message : float() argument must be a string or a real number, not 'complex'
Stack trace : ['File : /sfs/gpfs/tardis/home/xpz5km/Cahn_Hilliard_Model_HPC/spinodal_decomp/compare_L2_error.py , Line : 86, Func.Name : compare_L2_error_at_timepoint, Message : snapshot_NMG = read_specific_lines(f"{root}/{NMG_fname}", line_list)', 'File : /sfs/gpfs/tardis/home/xpz5km/Cahn_Hilliard_Model_HPC/spinodal_decomp/compare_L2_error.py , Line : 21, Func.Name : read_specific_lines, Message : digits.append(float(i))']
Python,20,128,neumann,1,1,75p
NMG_Python_20_dt_5.50e-06_Nx_128_neumann_dtout_175pphi.csv
Exception type : TypeError 
Exception message : float() argument must be a string or a real number, not 'complex'
Stack trace : ['File : /sfs/gpfs/tardis/home/xpz5km/Cahn_Hilliard_Model_HPC/spinodal_decomp/compare_L2_error.py , Line : 86, Func.Name : compare_L2_error_at_timepoint, Message : snapshot_NMG = read_specific_lines(f"{root}/{NMG_fname}", line_list)', 'File : /sfs/gpfs/tardis/home/xpz5km/Cahn_Hilliard_Model_HPC/spinodal_decomp/compare_L2_error.py , Line : 21, Func.Name : read_specific_lines, Message : digits.append(float(i))']
Python,20,64,neumann,1,1,50p
NMG_Python_20_dt_5.50e-06_Nx_64_neumann_dtout_150pphi.csv
Exception type : TypeError 
Exception message : float() argument must be a string or a real number, not 'complex'
Stack trace : ['File : /sfs/gpfs/tardis/home/xpz5km/Cahn_Hilliard_Model_HPC/spinodal_decomp/compare_L2_error.py , Line : 86, Func.Name : compare_L2_error_at_timepoint, Message : snapshot_NMG = read_specific_lines(f"{root}/{NMG_fname}", line_list)', 'File : /sfs/gpfs/tardis/home/xpz5km/Cahn_Hilliard_Model_HPC/spinodal_decomp/compare_L2_error.py , Line : 21, Func.Name : read_specific_lines, Message : digits.append(float(i))']
Python,20,256,neumann,1,1,50p
NMG_Python_20_dt_5.50e-06_Nx_256_neumann_dtout_150pphi.csv
Exception type : TypeError 
Exception message : float() argument must be a string or a real number, not 'complex'
Stack trace : ['File : /sfs/gpfs/tardis/home/xpz5km/Cahn_Hilliard_Model_HPC/spinodal_decomp/compare_L2_error.py , Line : 86, Func.Name : compare_L2_error_at_timepoint, Message : snapshot_NMG = read_specific_lines(f"{root}/{NMG_fname}", line_list)', 'File : /sfs/gpfs/tardis/home/xpz5km/Cahn_Hilliard_Model_HPC/spinodal_decomp/compare_L2_error.py , Line : 21, Func.Name : read_specific_lines, Message : digits.append(float(i))']
Python,20,512,neumann,1,1,25p
NMG_Python_20_dt_5.50e-06_Nx_512_neumann_dtout_125pphi.csv
Exception type : TypeError 
Exception message : float() argument must be a string or a real number, not 'complex'
Stack trace : ['File : /sfs/gpfs/tardis/home/xpz5km/Cahn_Hilliard_Model_HPC/spinodal_decomp/compare_L2_error.py , Line : 86, Func.Name : compare_L2_error_at_timepoint, Message : snapshot_NMG = read_specific_lines(f"{root}/{NMG_fname}", line_list)', 'File : /sfs/gpfs/tardis/home/xpz5km/Cahn_Hilliard_Model_HPC/spinodal_decomp/compare_L2_error.py , Line : 21, Func.Name : read_specific_lines, Message : digits.append(float(i))']
Python,2000,128,neumann,2000,2000,50p not recorded; dt_out too large.
Python,2000,512,periodic,2000,2000,50p not recorded; dt_out too large.
Python,20,256,neumann,1,1,75p
NMG_Python_20_dt_5.50e-06_Nx_256_neumann_dtout_175pphi.csv
Exception type : TypeError 
Exception message : float() argument must be a string or a real number, not 'complex'
Stack trace : ['File : /sfs/gpfs/tardis/home/xpz5km/Cahn_Hilliard_Model_HPC/spinodal_decomp/compare_L2_error.py , Line : 86, Func.Name : compare_L2_error_at_timepoint, Message : snapshot_NMG = read_specific_lines(f"{root}/{NMG_fname}", line_list)', 'File : /sfs/gpfs/tardis/home/xpz5km/Cahn_Hilliard_Model_HPC/spinodal_decomp/compare_L2_error.py , Line : 21, Func.Name : read_specific_lines, Message : digits.append(float(i))']
Python,20,128,neumann,20,20,50p
NMG_Python_20_dt_5.50e-06_Nx_128_neumann_dtout_2050pphi.csv
Exception type : TypeError 
Exception message : float() argument must be a string or a real number, not 'complex'
Stack trace : ['File : /sfs/gpfs/tardis/home/xpz5km/Cahn_Hilliard_Model_HPC/spinodal_decomp/compare_L2_error.py , Line : 86, Func.Name : compare_L2_error_at_timepoint, Message : snapshot_NMG = read_specific_lines(f"{root}/{NMG_fname}", line_list)', 'File : /sfs/gpfs/tardis/home/xpz5km/Cahn_Hilliard_Model_HPC/spinodal_decomp/compare_L2_error.py , Line : 21, Func.Name : read_specific_lines, Message : digits.append(float(i))']
Python,20,128,periodic,1,1,50p
NMG_Python_20_dt_5.50e-06_Nx_128_periodic_dtout_150pphi.csv
Exception type : TypeError 
Exception message : float() argument must be a string or a real number, not 'complex'
Stack trace : ['File : /sfs/gpfs/tardis/home/xpz5km/Cahn_Hilliard_Model_HPC/spinodal_decomp/compare_L2_error.py , Line : 86, Func.Name : compare_L2_error_at_timepoint, Message : snapshot_NMG = read_specific_lines(f"{root}/{NMG_fname}", line_list)', 'File : /sfs/gpfs/tardis/home/xpz5km/Cahn_Hilliard_Model_HPC/spinodal_decomp/compare_L2_error.py , Line : 21, Func.Name : read_specific_lines, Message : digits.append(float(i))']
Python,20,256,neumann,1,1,25p
NMG_Python_20_dt_5.50e-06_Nx_256_neumann_dtout_125pphi.csv
Exception type : TypeError 
Exception message : float() argument must be a string or a real number, not 'complex'
Stack trace : ['File : /sfs/gpfs/tardis/home/xpz5km/Cahn_Hilliard_Model_HPC/spinodal_decomp/compare_L2_error.py , Line : 86, Func.Name : compare_L2_error_at_timepoint, Message : snapshot_NMG = read_specific_lines(f"{root}/{NMG_fname}", line_list)', 'File : /sfs/gpfs/tardis/home/xpz5km/Cahn_Hilliard_Model_HPC/spinodal_decomp/compare_L2_error.py , Line : 21, Func.Name : read_specific_lines, Message : digits.append(float(i))']
Python,20,64,neumann,1,1,75p
NMG_Python_20_dt_5.50e-06_Nx_64_neumann_dtout_175pphi.csv
Exception type : TypeError 
Exception message : float() argument must be a string or a real number, not 'complex'
Stack trace : ['File : /sfs/gpfs/tardis/home/xpz5km/Cahn_Hilliard_Model_HPC/spinodal_decomp/compare_L2_error.py , Line : 86, Func.Name : compare_L2_error_at_timepoint, Message : snapshot_NMG = read_specific_lines(f"{root}/{NMG_fname}", line_list)', 'File : /sfs/gpfs/tardis/home/xpz5km/Cahn_Hilliard_Model_HPC/spinodal_decomp/compare_L2_error.py , Line : 21, Func.Name : read_specific_lines, Message : digits.append(float(i))']
Python,20,256,periodic,1,1,25p
NMG_Python_20_dt_5.50e-06_Nx_256_periodic_dtout_125pphi.csv
Exception type : TypeError 
Exception message : float() argument must be a string or a real number, not 'complex'
Stack trace : ['File : /sfs/gpfs/tardis/home/xpz5km/Cahn_Hilliard_Model_HPC/spinodal_decomp/compare_L2_error.py , Line : 86, Func.Name : compare_L2_error_at_timepoint, Message : snapshot_NMG = read_specific_lines(f"{root}/{NMG_fname}", line_list)', 'File : /sfs/gpfs/tardis/home/xpz5km/Cahn_Hilliard_Model_HPC/spinodal_decomp/compare_L2_error.py , Line : 21, Func.Name : read_specific_lines, Message : digits.append(float(i))']
Python,20,64,periodic,20,20,25p
NMG_Python_20_dt_5.50e-06_Nx_64_periodic_dtout_2025pphi.csv
Exception type : TypeError 
Exception message : float() argument must be a string or a real number, not 'complex'
Stack trace : ['File : /sfs/gpfs/tardis/home/xpz5km/Cahn_Hilliard_Model_HPC/spinodal_decomp/compare_L2_error.py , Line : 86, Func.Name : compare_L2_error_at_timepoint, Message : snapshot_NMG = read_specific_lines(f"{root}/{NMG_fname}", line_list)', 'File : /sfs/gpfs/tardis/home/xpz5km/Cahn_Hilliard_Model_HPC/spinodal_decomp/compare_L2_error.py , Line : 21, Func.Name : read_specific_lines, Message : digits.append(float(i))']
Python,20,512,periodic,1,1,50p
NMG_Python_20_dt_5.50e-06_Nx_512_periodic_dtout_150pphi.csv
Exception type : TypeError 
Exception message : float() argument must be a string or a real number, not 'complex'
Stack trace : ['File : /sfs/gpfs/tardis/home/xpz5km/Cahn_Hilliard_Model_HPC/spinodal_decomp/compare_L2_error.py , Line : 86, Func.Name : compare_L2_error_at_timepoint, Message : snapshot_NMG = read_specific_lines(f"{root}/{NMG_fname}", line_list)', 'File : /sfs/gpfs/tardis/home/xpz5km/Cahn_Hilliard_Model_HPC/spinodal_decomp/compare_L2_error.py , Line : 21, Func.Name : read_specific_lines, Message : digits.append(float(i))']
Python,2000,512,neumann,2000,2000,50p not recorded; dt_out too large.
Python,2000,512,neumann,2000,2000,75p not recorded; dt_out too large.
Python,20,512,periodic,20,20,25p
NMG_Python_20_dt_5.50e-06_Nx_512_periodic_dtout_2025pphi.csv
Exception type : TypeError 
Exception message : float() argument must be a string or a real number, not 'complex'
Stack trace : ['File : /sfs/gpfs/tardis/home/xpz5km/Cahn_Hilliard_Model_HPC/spinodal_decomp/compare_L2_error.py , Line : 86, Func.Name : compare_L2_error_at_timepoint, Message : snapshot_NMG = read_specific_lines(f"{root}/{NMG_fname}", line_list)', 'File : /sfs/gpfs/tardis/home/xpz5km/Cahn_Hilliard_Model_HPC/spinodal_decomp/compare_L2_error.py , Line : 21, Func.Name : read_specific_lines, Message : digits.append(float(i))']
Python,20,64,neumann,20,20,50p
NMG_Python_20_dt_5.50e-06_Nx_64_neumann_dtout_2050pphi.csv
Exception type : TypeError 
Exception message : float() argument must be a string or a real number, not 'complex'
Stack trace : ['File : /sfs/gpfs/tardis/home/xpz5km/Cahn_Hilliard_Model_HPC/spinodal_decomp/compare_L2_error.py , Line : 86, Func.Name : compare_L2_error_at_timepoint, Message : snapshot_NMG = read_specific_lines(f"{root}/{NMG_fname}", line_list)', 'File : /sfs/gpfs/tardis/home/xpz5km/Cahn_Hilliard_Model_HPC/spinodal_decomp/compare_L2_error.py , Line : 21, Func.Name : read_specific_lines, Message : digits.append(float(i))']
Python,20,128,neumann,20,20,75p
NMG_Python_20_dt_5.50e-06_Nx_128_neumann_dtout_2075pphi.csv
Exception type : TypeError 
Exception message : float() argument must be a string or a real number, not 'complex'
Stack trace : ['File : /sfs/gpfs/tardis/home/xpz5km/Cahn_Hilliard_Model_HPC/spinodal_decomp/compare_L2_error.py , Line : 86, Func.Name : compare_L2_error_at_timepoint, Message : snapshot_NMG = read_specific_lines(f"{root}/{NMG_fname}", line_list)', 'File : /sfs/gpfs/tardis/home/xpz5km/Cahn_Hilliard_Model_HPC/spinodal_decomp/compare_L2_error.py , Line : 21, Func.Name : read_specific_lines, Message : digits.append(float(i))']
Python,20,64,neumann,1,1,25p
NMG_Python_20_dt_5.50e-06_Nx_64_neumann_dtout_125pphi.csv
Exception type : TypeError 
Exception message : float() argument must be a string or a real number, not 'complex'
Stack trace : ['File : /sfs/gpfs/tardis/home/xpz5km/Cahn_Hilliard_Model_HPC/spinodal_decomp/compare_L2_error.py , Line : 86, Func.Name : compare_L2_error_at_timepoint, Message : snapshot_NMG = read_specific_lines(f"{root}/{NMG_fname}", line_list)', 'File : /sfs/gpfs/tardis/home/xpz5km/Cahn_Hilliard_Model_HPC/spinodal_decomp/compare_L2_error.py , Line : 21, Func.Name : read_specific_lines, Message : digits.append(float(i))']
Python,2000,64,neumann,2000,2000,25p not recorded; dt_out too large.
Python,20,512,periodic,1,1,25p
NMG_Python_20_dt_5.50e-06_Nx_512_periodic_dtout_125pphi.csv
Exception type : TypeError 
Exception message : float() argument must be a string or a real number, not 'complex'
Stack trace : ['File : /sfs/gpfs/tardis/home/xpz5km/Cahn_Hilliard_Model_HPC/spinodal_decomp/compare_L2_error.py , Line : 86, Func.Name : compare_L2_error_at_timepoint, Message : snapshot_NMG = read_specific_lines(f"{root}/{NMG_fname}", line_list)', 'File : /sfs/gpfs/tardis/home/xpz5km/Cahn_Hilliard_Model_HPC/spinodal_decomp/compare_L2_error.py , Line : 21, Func.Name : read_specific_lines, Message : digits.append(float(i))']
Python,2000,128,periodic,2000,2000,25p not recorded; dt_out too large.
Python,20,512,periodic,20,20,50p
NMG_Python_20_dt_5.50e-06_Nx_512_periodic_dtout_2050pphi.csv
Exception type : TypeError 
Exception message : float() argument must be a string or a real number, not 'complex'
Stack trace : ['File : /sfs/gpfs/tardis/home/xpz5km/Cahn_Hilliard_Model_HPC/spinodal_decomp/compare_L2_error.py , Line : 86, Func.Name : compare_L2_error_at_timepoint, Message : snapshot_NMG = read_specific_lines(f"{root}/{NMG_fname}", line_list)', 'File : /sfs/gpfs/tardis/home/xpz5km/Cahn_Hilliard_Model_HPC/spinodal_decomp/compare_L2_error.py , Line : 21, Func.Name : read_specific_lines, Message : digits.append(float(i))']
Python,2000,512,periodic,2000,2000,75p not recorded; dt_out too large.
Python,20,128,periodic,1,1,75p
NMG_Python_20_dt_5.50e-06_Nx_128_periodic_dtout_175pphi.csv
Exception type : TypeError 
Exception message : float() argument must be a string or a real number, not 'complex'
Stack trace : ['File : /sfs/gpfs/tardis/home/xpz5km/Cahn_Hilliard_Model_HPC/spinodal_decomp/compare_L2_error.py , Line : 86, Func.Name : compare_L2_error_at_timepoint, Message : snapshot_NMG = read_specific_lines(f"{root}/{NMG_fname}", line_list)', 'File : /sfs/gpfs/tardis/home/xpz5km/Cahn_Hilliard_Model_HPC/spinodal_decomp/compare_L2_error.py , Line : 21, Func.Name : read_specific_lines, Message : digits.append(float(i))']
Python,20,512,periodic,1,1,75p
NMG_Python_20_dt_5.50e-06_Nx_512_periodic_dtout_175pphi.csv
Exception type : TypeError 
Exception message : float() argument must be a string or a real number, not 'complex'
Stack trace : ['File : /sfs/gpfs/tardis/home/xpz5km/Cahn_Hilliard_Model_HPC/spinodal_decomp/compare_L2_error.py , Line : 86, Func.Name : compare_L2_error_at_timepoint, Message : snapshot_NMG = read_specific_lines(f"{root}/{NMG_fname}", line_list)', 'File : /sfs/gpfs/tardis/home/xpz5km/Cahn_Hilliard_Model_HPC/spinodal_decomp/compare_L2_error.py , Line : 21, Func.Name : read_specific_lines, Message : digits.append(float(i))']
Python,20,128,neumann,1,1,50p
NMG_Python_20_dt_5.50e-06_Nx_128_neumann_dtout_150pphi.csv
Exception type : TypeError 
Exception message : float() argument must be a string or a real number, not 'complex'
Stack trace : ['File : /sfs/gpfs/tardis/home/xpz5km/Cahn_Hilliard_Model_HPC/spinodal_decomp/compare_L2_error.py , Line : 86, Func.Name : compare_L2_error_at_timepoint, Message : snapshot_NMG = read_specific_lines(f"{root}/{NMG_fname}", line_list)', 'File : /sfs/gpfs/tardis/home/xpz5km/Cahn_Hilliard_Model_HPC/spinodal_decomp/compare_L2_error.py , Line : 21, Func.Name : read_specific_lines, Message : digits.append(float(i))']
Python,2000,64,periodic,2000,2000,25p not recorded; dt_out too large.
Python,20,128,periodic,20,20,75p
NMG_Python_20_dt_5.50e-06_Nx_128_periodic_dtout_2075pphi.csv
Exception type : TypeError 
Exception message : float() argument must be a string or a real number, not 'complex'
Stack trace : ['File : /sfs/gpfs/tardis/home/xpz5km/Cahn_Hilliard_Model_HPC/spinodal_decomp/compare_L2_error.py , Line : 86, Func.Name : compare_L2_error_at_timepoint, Message : snapshot_NMG = read_specific_lines(f"{root}/{NMG_fname}", line_list)', 'File : /sfs/gpfs/tardis/home/xpz5km/Cahn_Hilliard_Model_HPC/spinodal_decomp/compare_L2_error.py , Line : 21, Func.Name : read_specific_lines, Message : digits.append(float(i))']
Python,2000,64,neumann,2000,2000,50p not recorded; dt_out too large.
Python,2000,128,periodic,2000,2000,50p not recorded; dt_out too large.
Python,20,256,periodic,20,20,75p
NMG_Python_20_dt_5.50e-06_Nx_256_periodic_dtout_2075pphi.csv
Exception type : TypeError 
Exception message : float() argument must be a string or a real number, not 'complex'
Stack trace : ['File : /sfs/gpfs/tardis/home/xpz5km/Cahn_Hilliard_Model_HPC/spinodal_decomp/compare_L2_error.py , Line : 86, Func.Name : compare_L2_error_at_timepoint, Message : snapshot_NMG = read_specific_lines(f"{root}/{NMG_fname}", line_list)', 'File : /sfs/gpfs/tardis/home/xpz5km/Cahn_Hilliard_Model_HPC/spinodal_decomp/compare_L2_error.py , Line : 21, Func.Name : read_specific_lines, Message : digits.append(float(i))']
Python,20,512,neumann,1,1,75p
NMG_Python_20_dt_5.50e-06_Nx_512_neumann_dtout_175pphi.csv
Exception type : TypeError 
Exception message : float() argument must be a string or a real number, not 'complex'
Stack trace : ['File : /sfs/gpfs/tardis/home/xpz5km/Cahn_Hilliard_Model_HPC/spinodal_decomp/compare_L2_error.py , Line : 86, Func.Name : compare_L2_error_at_timepoint, Message : snapshot_NMG = read_specific_lines(f"{root}/{NMG_fname}", line_list)', 'File : /sfs/gpfs/tardis/home/xpz5km/Cahn_Hilliard_Model_HPC/spinodal_decomp/compare_L2_error.py , Line : 21, Func.Name : read_specific_lines, Message : digits.append(float(i))']
Python,20,64,neumann,20,20,25p
NMG_Python_20_dt_5.50e-06_Nx_64_neumann_dtout_2025pphi.csv
Exception type : TypeError 
Exception message : float() argument must be a string or a real number, not 'complex'
Stack trace : ['File : /sfs/gpfs/tardis/home/xpz5km/Cahn_Hilliard_Model_HPC/spinodal_decomp/compare_L2_error.py , Line : 86, Func.Name : compare_L2_error_at_timepoint, Message : snapshot_NMG = read_specific_lines(f"{root}/{NMG_fname}", line_list)', 'File : /sfs/gpfs/tardis/home/xpz5km/Cahn_Hilliard_Model_HPC/spinodal_decomp/compare_L2_error.py , Line : 21, Func.Name : read_specific_lines, Message : digits.append(float(i))']
Python,20,64,neumann,20,20,75p
NMG_Python_20_dt_5.50e-06_Nx_64_neumann_dtout_2075pphi.csv
Exception type : TypeError 
Exception message : float() argument must be a string or a real number, not 'complex'
Stack trace : ['File : /sfs/gpfs/tardis/home/xpz5km/Cahn_Hilliard_Model_HPC/spinodal_decomp/compare_L2_error.py , Line : 86, Func.Name : compare_L2_error_at_timepoint, Message : snapshot_NMG = read_specific_lines(f"{root}/{NMG_fname}", line_list)', 'File : /sfs/gpfs/tardis/home/xpz5km/Cahn_Hilliard_Model_HPC/spinodal_decomp/compare_L2_error.py , Line : 21, Func.Name : read_specific_lines, Message : digits.append(float(i))']
Python,2000,64,periodic,2000,2000,50p not recorded; dt_out too large.
Python,20,512,periodic,20,20,75p
NMG_Python_20_dt_5.50e-06_Nx_512_periodic_dtout_2075pphi.csv
Exception type : TypeError 
Exception message : float() argument must be a string or a real number, not 'complex'
Stack trace : ['File : /sfs/gpfs/tardis/home/xpz5km/Cahn_Hilliard_Model_HPC/spinodal_decomp/compare_L2_error.py , Line : 86, Func.Name : compare_L2_error_at_timepoint, Message : snapshot_NMG = read_specific_lines(f"{root}/{NMG_fname}", line_list)', 'File : /sfs/gpfs/tardis/home/xpz5km/Cahn_Hilliard_Model_HPC/spinodal_decomp/compare_L2_error.py , Line : 21, Func.Name : read_specific_lines, Message : digits.append(float(i))']
Python,20,512,neumann,20,20,25p
NMG_Python_20_dt_5.50e-06_Nx_512_neumann_dtout_2025pphi.csv
Exception type : TypeError 
Exception message : float() argument must be a string or a real number, not 'complex'
Stack trace : ['File : /sfs/gpfs/tardis/home/xpz5km/Cahn_Hilliard_Model_HPC/spinodal_decomp/compare_L2_error.py , Line : 86, Func.Name : compare_L2_error_at_timepoint, Message : snapshot_NMG = read_specific_lines(f"{root}/{NMG_fname}", line_list)', 'File : /sfs/gpfs/tardis/home/xpz5km/Cahn_Hilliard_Model_HPC/spinodal_decomp/compare_L2_error.py , Line : 21, Func.Name : read_specific_lines, Message : digits.append(float(i))']
Python,20,512,neumann,1,1,50p
NMG_Python_20_dt_5.50e-06_Nx_512_neumann_dtout_150pphi.csv
Exception type : TypeError 
Exception message : float() argument must be a string or a real number, not 'complex'
Stack trace : ['File : /sfs/gpfs/tardis/home/xpz5km/Cahn_Hilliard_Model_HPC/spinodal_decomp/compare_L2_error.py , Line : 86, Func.Name : compare_L2_error_at_timepoint, Message : snapshot_NMG = read_specific_lines(f"{root}/{NMG_fname}", line_list)', 'File : /sfs/gpfs/tardis/home/xpz5km/Cahn_Hilliard_Model_HPC/spinodal_decomp/compare_L2_error.py , Line : 21, Func.Name : read_specific_lines, Message : digits.append(float(i))']
Python,20,64,periodic,1,1,25p
NMG_Python_20_dt_5.50e-06_Nx_64_periodic_dtout_125pphi.csv
Exception type : TypeError 
Exception message : float() argument must be a string or a real number, not 'complex'
Stack trace : ['File : /sfs/gpfs/tardis/home/xpz5km/Cahn_Hilliard_Model_HPC/spinodal_decomp/compare_L2_error.py , Line : 86, Func.Name : compare_L2_error_at_timepoint, Message : snapshot_NMG = read_specific_lines(f"{root}/{NMG_fname}", line_list)', 'File : /sfs/gpfs/tardis/home/xpz5km/Cahn_Hilliard_Model_HPC/spinodal_decomp/compare_L2_error.py , Line : 21, Func.Name : read_specific_lines, Message : digits.append(float(i))']
Python,2000,128,neumann,2000,2000,75p not recorded; dt_out too large.
Python,20,128,periodic,20,20,50p
NMG_Python_20_dt_5.50e-06_Nx_128_periodic_dtout_2050pphi.csv
Exception type : TypeError 
Exception message : float() argument must be a string or a real number, not 'complex'
Stack trace : ['File : /sfs/gpfs/tardis/home/xpz5km/Cahn_Hilliard_Model_HPC/spinodal_decomp/compare_L2_error.py , Line : 86, Func.Name : compare_L2_error_at_timepoint, Message : snapshot_NMG = read_specific_lines(f"{root}/{NMG_fname}", line_list)', 'File : /sfs/gpfs/tardis/home/xpz5km/Cahn_Hilliard_Model_HPC/spinodal_decomp/compare_L2_error.py , Line : 21, Func.Name : read_specific_lines, Message : digits.append(float(i))']
Python,20,256,periodic,20,20,50p
NMG_Python_20_dt_5.50e-06_Nx_256_periodic_dtout_2050pphi.csv
Exception type : TypeError 
Exception message : float() argument must be a string or a real number, not 'complex'
Stack trace : ['File : /sfs/gpfs/tardis/home/xpz5km/Cahn_Hilliard_Model_HPC/spinodal_decomp/compare_L2_error.py , Line : 86, Func.Name : compare_L2_error_at_timepoint, Message : snapshot_NMG = read_specific_lines(f"{root}/{NMG_fname}", line_list)', 'File : /sfs/gpfs/tardis/home/xpz5km/Cahn_Hilliard_Model_HPC/spinodal_decomp/compare_L2_error.py , Line : 21, Func.Name : read_specific_lines, Message : digits.append(float(i))']
Python,2000,256,neumann,2000,2000,50p not recorded; dt_out too large.
Python,20,64,periodic,20,20,50p
NMG_Python_20_dt_5.50e-06_Nx_64_periodic_dtout_2050pphi.csv
Exception type : TypeError 
Exception message : float() argument must be a string or a real number, not 'complex'
Stack trace : ['File : /sfs/gpfs/tardis/home/xpz5km/Cahn_Hilliard_Model_HPC/spinodal_decomp/compare_L2_error.py , Line : 86, Func.Name : compare_L2_error_at_timepoint, Message : snapshot_NMG = read_specific_lines(f"{root}/{NMG_fname}", line_list)', 'File : /sfs/gpfs/tardis/home/xpz5km/Cahn_Hilliard_Model_HPC/spinodal_decomp/compare_L2_error.py , Line : 21, Func.Name : read_specific_lines, Message : digits.append(float(i))']
Python,2000,512,neumann,2000,2000,25p not recorded; dt_out too large.
Python,20,512,neumann,20,20,75p
NMG_Python_20_dt_5.50e-06_Nx_512_neumann_dtout_2075pphi.csv
Exception type : TypeError 
Exception message : float() argument must be a string or a real number, not 'complex'
Stack trace : ['File : /sfs/gpfs/tardis/home/xpz5km/Cahn_Hilliard_Model_HPC/spinodal_decomp/compare_L2_error.py , Line : 86, Func.Name : compare_L2_error_at_timepoint, Message : snapshot_NMG = read_specific_lines(f"{root}/{NMG_fname}", line_list)', 'File : /sfs/gpfs/tardis/home/xpz5km/Cahn_Hilliard_Model_HPC/spinodal_decomp/compare_L2_error.py , Line : 21, Func.Name : read_specific_lines, Message : digits.append(float(i))']
Python,20,256,neumann,20,20,25p
NMG_Python_20_dt_5.50e-06_Nx_256_neumann_dtout_2025pphi.csv
Exception type : TypeError 
Exception message : float() argument must be a string or a real number, not 'complex'
Stack trace : ['File : /sfs/gpfs/tardis/home/xpz5km/Cahn_Hilliard_Model_HPC/spinodal_decomp/compare_L2_error.py , Line : 86, Func.Name : compare_L2_error_at_timepoint, Message : snapshot_NMG = read_specific_lines(f"{root}/{NMG_fname}", line_list)', 'File : /sfs/gpfs/tardis/home/xpz5km/Cahn_Hilliard_Model_HPC/spinodal_decomp/compare_L2_error.py , Line : 21, Func.Name : read_specific_lines, Message : digits.append(float(i))']
Python,2000,64,neumann,2000,2000,75p not recorded; dt_out too large.
Python,20,128,neumann,20,20,25p
NMG_Python_20_dt_5.50e-06_Nx_128_neumann_dtout_2025pphi.csv
Exception type : TypeError 
Exception message : float() argument must be a string or a real number, not 'complex'
Stack trace : ['File : /sfs/gpfs/tardis/home/xpz5km/Cahn_Hilliard_Model_HPC/spinodal_decomp/compare_L2_error.py , Line : 86, Func.Name : compare_L2_error_at_timepoint, Message : snapshot_NMG = read_specific_lines(f"{root}/{NMG_fname}", line_list)', 'File : /sfs/gpfs/tardis/home/xpz5km/Cahn_Hilliard_Model_HPC/spinodal_decomp/compare_L2_error.py , Line : 21, Func.Name : read_specific_lines, Message : digits.append(float(i))']
Python,20,64,periodic,20,20,75p
NMG_Python_20_dt_5.50e-06_Nx_64_periodic_dtout_2075pphi.csv
Exception type : TypeError 
Exception message : float() argument must be a string or a real number, not 'complex'
Stack trace : ['File : /sfs/gpfs/tardis/home/xpz5km/Cahn_Hilliard_Model_HPC/spinodal_decomp/compare_L2_error.py , Line : 86, Func.Name : compare_L2_error_at_timepoint, Message : snapshot_NMG = read_specific_lines(f"{root}/{NMG_fname}", line_list)', 'File : /sfs/gpfs/tardis/home/xpz5km/Cahn_Hilliard_Model_HPC/spinodal_decomp/compare_L2_error.py , Line : 21, Func.Name : read_specific_lines, Message : digits.append(float(i))']
Python,20,256,periodic,1,1,75p
NMG_Python_20_dt_5.50e-06_Nx_256_periodic_dtout_175pphi.csv
Exception type : TypeError 
Exception message : float() argument must be a string or a real number, not 'complex'
Stack trace : ['File : /sfs/gpfs/tardis/home/xpz5km/Cahn_Hilliard_Model_HPC/spinodal_decomp/compare_L2_error.py , Line : 86, Func.Name : compare_L2_error_at_timepoint, Message : snapshot_NMG = read_specific_lines(f"{root}/{NMG_fname}", line_list)', 'File : /sfs/gpfs/tardis/home/xpz5km/Cahn_Hilliard_Model_HPC/spinodal_decomp/compare_L2_error.py , Line : 21, Func.Name : read_specific_lines, Message : digits.append(float(i))']
Python,20,64,periodic,1,1,50p
NMG_Python_20_dt_5.50e-06_Nx_64_periodic_dtout_150pphi.csv
Exception type : TypeError 
Exception message : float() argument must be a string or a real number, not 'complex'
Stack trace : ['File : /sfs/gpfs/tardis/home/xpz5km/Cahn_Hilliard_Model_HPC/spinodal_decomp/compare_L2_error.py , Line : 86, Func.Name : compare_L2_error_at_timepoint, Message : snapshot_NMG = read_specific_lines(f"{root}/{NMG_fname}", line_list)', 'File : /sfs/gpfs/tardis/home/xpz5km/Cahn_Hilliard_Model_HPC/spinodal_decomp/compare_L2_error.py , Line : 21, Func.Name : read_specific_lines, Message : digits.append(float(i))']
Python,20,128,periodic,1,1,25p
NMG_Python_20_dt_5.50e-06_Nx_128_periodic_dtout_125pphi.csv
Exception type : TypeError 
Exception message : float() argument must be a string or a real number, not 'complex'
Stack trace : ['File : /sfs/gpfs/tardis/home/xpz5km/Cahn_Hilliard_Model_HPC/spinodal_decomp/compare_L2_error.py , Line : 86, Func.Name : compare_L2_error_at_timepoint, Message : snapshot_NMG = read_specific_lines(f"{root}/{NMG_fname}", line_list)', 'File : /sfs/gpfs/tardis/home/xpz5km/Cahn_Hilliard_Model_HPC/spinodal_decomp/compare_L2_error.py , Line : 21, Func.Name : read_specific_lines, Message : digits.append(float(i))']
9
Python,20,256,neumann,20,20,75p
NMG_Python_20_dt_5.50e-06_Nx_256_neumann_dtout_2075pphi.csv
Exception type : TypeError 
Exception message : float() argument must be a string or a real number, not 'complex'
Stack trace : ['File : /sfs/gpfs/tardis/home/xpz5km/Cahn_Hilliard_Model_HPC/spinodal_decomp/compare_L2_error.py , Line : 86, Func.Name : compare_L2_error_at_timepoint, Message : snapshot_NMG = read_specific_lines(f"{root}/{NMG_fname}", line_list)', 'File : /sfs/gpfs/tardis/home/xpz5km/Cahn_Hilliard_Model_HPC/spinodal_decomp/compare_L2_error.py , Line : 21, Func.Name : read_specific_lines, Message : digits.append(float(i))']
Python,2000,256,neumann,2000,2000,25p not recorded; dt_out too large.
Python,20,128,periodic,20,20,25p
NMG_Python_20_dt_5.50e-06_Nx_128_periodic_dtout_2025pphi.csv
Exception type : TypeError 
Exception message : float() argument must be a string or a real number, not 'complex'
Stack trace : ['File : /sfs/gpfs/tardis/home/xpz5km/Cahn_Hilliard_Model_HPC/spinodal_decomp/compare_L2_error.py , Line : 86, Func.Name : compare_L2_error_at_timepoint, Message : snapshot_NMG = read_specific_lines(f"{root}/{NMG_fname}", line_list)', 'File : /sfs/gpfs/tardis/home/xpz5km/Cahn_Hilliard_Model_HPC/spinodal_decomp/compare_L2_error.py , Line : 21, Func.Name : read_specific_lines, Message : digits.append(float(i))']
Python,2000,256,periodic,2000,2000,50p not recorded; dt_out too large.
Python,20,256,periodic,20,20,25p
NMG_Python_20_dt_5.50e-06_Nx_256_periodic_dtout_2025pphi.csv
Exception type : TypeError 
Exception message : float() argument must be a string or a real number, not 'complex'
Stack trace : ['File : /sfs/gpfs/tardis/home/xpz5km/Cahn_Hilliard_Model_HPC/spinodal_decomp/compare_L2_error.py , Line : 86, Func.Name : compare_L2_error_at_timepoint, Message : snapshot_NMG = read_specific_lines(f"{root}/{NMG_fname}", line_list)', 'File : /sfs/gpfs/tardis/home/xpz5km/Cahn_Hilliard_Model_HPC/spinodal_decomp/compare_L2_error.py , Line : 21, Func.Name : read_specific_lines, Message : digits.append(float(i))']
Python,20,512,neumann,20,20,50p
NMG_Python_20_dt_5.50e-06_Nx_512_neumann_dtout_2050pphi.csv
Exception type : TypeError 
Exception message : float() argument must be a string or a real number, not 'complex'
Stack trace : ['File : /sfs/gpfs/tardis/home/xpz5km/Cahn_Hilliard_Model_HPC/spinodal_decomp/compare_L2_error.py , Line : 86, Func.Name : compare_L2_error_at_timepoint, Message : snapshot_NMG = read_specific_lines(f"{root}/{NMG_fname}", line_list)', 'File : /sfs/gpfs/tardis/home/xpz5km/Cahn_Hilliard_Model_HPC/spinodal_decomp/compare_L2_error.py , Line : 21, Func.Name : read_specific_lines, Message : digits.append(float(i))']
Python,2000,512,periodic,2000,2000,25p not recorded; dt_out too large.
Python,2000,64,periodic,2000,2000,75p not recorded; dt_out too large.
Python,2000,256,periodic,2000,2000,25p not recorded; dt_out too large.
Python,2000,256,neumann,2000,2000,75p not recorded; dt_out too large.
Python,2000,128,periodic,2000,2000,75p not recorded; dt_out too large.
Python,20,128,neumann,1,1,25p
NMG_Python_20_dt_5.50e-06_Nx_128_neumann_dtout_125pphi.csv
Exception type : TypeError 
Exception message : float() argument must be a string or a real number, not 'complex'
Stack trace : ['File : /sfs/gpfs/tardis/home/xpz5km/Cahn_Hilliard_Model_HPC/spinodal_decomp/compare_L2_error.py , Line : 86, Func.Name : compare_L2_error_at_timepoint, Message : snapshot_NMG = read_specific_lines(f"{root}/{NMG_fname}", line_list)', 'File : /sfs/gpfs/tardis/home/xpz5km/Cahn_Hilliard_Model_HPC/spinodal_decomp/compare_L2_error.py , Line : 21, Func.Name : read_specific_lines, Message : digits.append(float(i))']
Python,2000,256,periodic,2000,2000,75p not recorded; dt_out too large.
Python,20,256,neumann,20,20,50p
NMG_Python_20_dt_5.50e-06_Nx_256_neumann_dtout_2050pphi.csv
Exception type : TypeError 
Exception message : float() argument must be a string or a real number, not 'complex'
Stack trace : ['File : /sfs/gpfs/tardis/home/xpz5km/Cahn_Hilliard_Model_HPC/spinodal_decomp/compare_L2_error.py , Line : 86, Func.Name : compare_L2_error_at_timepoint, Message : snapshot_NMG = read_specific_lines(f"{root}/{NMG_fname}", line_list)', 'File : /sfs/gpfs/tardis/home/xpz5km/Cahn_Hilliard_Model_HPC/spinodal_decomp/compare_L2_error.py , Line : 21, Func.Name : read_specific_lines, Message : digits.append(float(i))']
Python,2000,128,neumann,2000,2000,25p not recorded; dt_out too large.
Python,20,64,periodic,1,1,75p
NMG_Python_20_dt_5.50e-06_Nx_64_periodic_dtout_175pphi.csv
Exception type : TypeError 
Exception message : float() argument must be a string or a real number, not 'complex'
Stack trace : ['File : /sfs/gpfs/tardis/home/xpz5km/Cahn_Hilliard_Model_HPC/spinodal_decomp/compare_L2_error.py , Line : 86, Func.Name : compare_L2_error_at_timepoint, Message : snapshot_NMG = read_specific_lines(f"{root}/{NMG_fname}", line_list)', 'File : /sfs/gpfs/tardis/home/xpz5km/Cahn_Hilliard_Model_HPC/spinodal_decomp/compare_L2_error.py , Line : 21, Func.Name : read_specific_lines, Message : digits.append(float(i))']
Python,20,256,periodic,1,1,50p
NMG_Python_20_dt_5.50e-06_Nx_256_periodic_dtout_150pphi.csv
Exception type : TypeError 
Exception message : float() argument must be a string or a real number, not 'complex'
Stack trace : ['File : /sfs/gpfs/tardis/home/xpz5km/Cahn_Hilliard_Model_HPC/spinodal_decomp/compare_L2_error.py , Line : 86, Func.Name : compare_L2_error_at_timepoint, Message : snapshot_NMG = read_specific_lines(f"{root}/{NMG_fname}", line_list)', 'File : /sfs/gpfs/tardis/home/xpz5km/Cahn_Hilliard_Model_HPC/spinodal_decomp/compare_L2_error.py , Line : 21, Func.Name : read_specific_lines, Message : digits.append(float(i))']
Python,20,128,neumann,1,1,75p
NMG_Python_20_dt_5.50e-06_Nx_128_neumann_dtout_175pphi.csv
Exception type : TypeError 
Exception message : float() argument must be a string or a real number, not 'complex'
Stack trace : ['File : /sfs/gpfs/tardis/home/xpz5km/Cahn_Hilliard_Model_HPC/spinodal_decomp/compare_L2_error.py , Line : 86, Func.Name : compare_L2_error_at_timepoint, Message : snapshot_NMG = read_specific_lines(f"{root}/{NMG_fname}", line_list)', 'File : /sfs/gpfs/tardis/home/xpz5km/Cahn_Hilliard_Model_HPC/spinodal_decomp/compare_L2_error.py , Line : 21, Func.Name : read_specific_lines, Message : digits.append(float(i))']
Python,20,64,neumann,1,1,50p
NMG_Python_20_dt_5.50e-06_Nx_64_neumann_dtout_150pphi.csv
Exception type : TypeError 
Exception message : float() argument must be a string or a real number, not 'complex'
Stack trace : ['File : /sfs/gpfs/tardis/home/xpz5km/Cahn_Hilliard_Model_HPC/spinodal_decomp/compare_L2_error.py , Line : 86, Func.Name : compare_L2_error_at_timepoint, Message : snapshot_NMG = read_specific_lines(f"{root}/{NMG_fname}", line_list)', 'File : /sfs/gpfs/tardis/home/xpz5km/Cahn_Hilliard_Model_HPC/spinodal_decomp/compare_L2_error.py , Line : 21, Func.Name : read_specific_lines, Message : digits.append(float(i))']
Python,20,256,neumann,1,1,50p
NMG_Python_20_dt_5.50e-06_Nx_256_neumann_dtout_150pphi.csv
Exception type : TypeError 
Exception message : float() argument must be a string or a real number, not 'complex'
Stack trace : ['File : /sfs/gpfs/tardis/home/xpz5km/Cahn_Hilliard_Model_HPC/spinodal_decomp/compare_L2_error.py , Line : 86, Func.Name : compare_L2_error_at_timepoint, Message : snapshot_NMG = read_specific_lines(f"{root}/{NMG_fname}", line_list)', 'File : /sfs/gpfs/tardis/home/xpz5km/Cahn_Hilliard_Model_HPC/spinodal_decomp/compare_L2_error.py , Line : 21, Func.Name : read_specific_lines, Message : digits.append(float(i))']
Python,20,512,neumann,1,1,25p
NMG_Python_20_dt_5.50e-06_Nx_512_neumann_dtout_125pphi.csv
Exception type : TypeError 
Exception message : float() argument must be a string or a real number, not 'complex'
Stack trace : ['File : /sfs/gpfs/tardis/home/xpz5km/Cahn_Hilliard_Model_HPC/spinodal_decomp/compare_L2_error.py , Line : 86, Func.Name : compare_L2_error_at_timepoint, Message : snapshot_NMG = read_specific_lines(f"{root}/{NMG_fname}", line_list)', 'File : /sfs/gpfs/tardis/home/xpz5km/Cahn_Hilliard_Model_HPC/spinodal_decomp/compare_L2_error.py , Line : 21, Func.Name : read_specific_lines, Message : digits.append(float(i))']
Python,2000,128,neumann,2000,2000,50p not recorded; dt_out too large.
Python,2000,512,periodic,2000,2000,50p not recorded; dt_out too large.
Python,20,256,neumann,1,1,75p
NMG_Python_20_dt_5.50e-06_Nx_256_neumann_dtout_175pphi.csv
Exception type : TypeError 
Exception message : float() argument must be a string or a real number, not 'complex'
Stack trace : ['File : /sfs/gpfs/tardis/home/xpz5km/Cahn_Hilliard_Model_HPC/spinodal_decomp/compare_L2_error.py , Line : 86, Func.Name : compare_L2_error_at_timepoint, Message : snapshot_NMG = read_specific_lines(f"{root}/{NMG_fname}", line_list)', 'File : /sfs/gpfs/tardis/home/xpz5km/Cahn_Hilliard_Model_HPC/spinodal_decomp/compare_L2_error.py , Line : 21, Func.Name : read_specific_lines, Message : digits.append(float(i))']
Python,20,128,neumann,20,20,50p
NMG_Python_20_dt_5.50e-06_Nx_128_neumann_dtout_2050pphi.csv
Exception type : TypeError 
Exception message : float() argument must be a string or a real number, not 'complex'
Stack trace : ['File : /sfs/gpfs/tardis/home/xpz5km/Cahn_Hilliard_Model_HPC/spinodal_decomp/compare_L2_error.py , Line : 86, Func.Name : compare_L2_error_at_timepoint, Message : snapshot_NMG = read_specific_lines(f"{root}/{NMG_fname}", line_list)', 'File : /sfs/gpfs/tardis/home/xpz5km/Cahn_Hilliard_Model_HPC/spinodal_decomp/compare_L2_error.py , Line : 21, Func.Name : read_specific_lines, Message : digits.append(float(i))']
Python,20,128,periodic,1,1,50p
NMG_Python_20_dt_5.50e-06_Nx_128_periodic_dtout_150pphi.csv
Exception type : TypeError 
Exception message : float() argument must be a string or a real number, not 'complex'
Stack trace : ['File : /sfs/gpfs/tardis/home/xpz5km/Cahn_Hilliard_Model_HPC/spinodal_decomp/compare_L2_error.py , Line : 86, Func.Name : compare_L2_error_at_timepoint, Message : snapshot_NMG = read_specific_lines(f"{root}/{NMG_fname}", line_list)', 'File : /sfs/gpfs/tardis/home/xpz5km/Cahn_Hilliard_Model_HPC/spinodal_decomp/compare_L2_error.py , Line : 21, Func.Name : read_specific_lines, Message : digits.append(float(i))']
Python,20,256,neumann,1,1,25p
NMG_Python_20_dt_5.50e-06_Nx_256_neumann_dtout_125pphi.csv
Exception type : TypeError 
Exception message : float() argument must be a string or a real number, not 'complex'
Stack trace : ['File : /sfs/gpfs/tardis/home/xpz5km/Cahn_Hilliard_Model_HPC/spinodal_decomp/compare_L2_error.py , Line : 86, Func.Name : compare_L2_error_at_timepoint, Message : snapshot_NMG = read_specific_lines(f"{root}/{NMG_fname}", line_list)', 'File : /sfs/gpfs/tardis/home/xpz5km/Cahn_Hilliard_Model_HPC/spinodal_decomp/compare_L2_error.py , Line : 21, Func.Name : read_specific_lines, Message : digits.append(float(i))']
Python,20,64,neumann,1,1,75p
NMG_Python_20_dt_5.50e-06_Nx_64_neumann_dtout_175pphi.csv
Exception type : TypeError 
Exception message : float() argument must be a string or a real number, not 'complex'
Stack trace : ['File : /sfs/gpfs/tardis/home/xpz5km/Cahn_Hilliard_Model_HPC/spinodal_decomp/compare_L2_error.py , Line : 86, Func.Name : compare_L2_error_at_timepoint, Message : snapshot_NMG = read_specific_lines(f"{root}/{NMG_fname}", line_list)', 'File : /sfs/gpfs/tardis/home/xpz5km/Cahn_Hilliard_Model_HPC/spinodal_decomp/compare_L2_error.py , Line : 21, Func.Name : read_specific_lines, Message : digits.append(float(i))']
Python,20,256,periodic,1,1,25p
NMG_Python_20_dt_5.50e-06_Nx_256_periodic_dtout_125pphi.csv
Exception type : TypeError 
Exception message : float() argument must be a string or a real number, not 'complex'
Stack trace : ['File : /sfs/gpfs/tardis/home/xpz5km/Cahn_Hilliard_Model_HPC/spinodal_decomp/compare_L2_error.py , Line : 86, Func.Name : compare_L2_error_at_timepoint, Message : snapshot_NMG = read_specific_lines(f"{root}/{NMG_fname}", line_list)', 'File : /sfs/gpfs/tardis/home/xpz5km/Cahn_Hilliard_Model_HPC/spinodal_decomp/compare_L2_error.py , Line : 21, Func.Name : read_specific_lines, Message : digits.append(float(i))']
Python,20,64,periodic,20,20,25p
NMG_Python_20_dt_5.50e-06_Nx_64_periodic_dtout_2025pphi.csv
Exception type : TypeError 
Exception message : float() argument must be a string or a real number, not 'complex'
Stack trace : ['File : /sfs/gpfs/tardis/home/xpz5km/Cahn_Hilliard_Model_HPC/spinodal_decomp/compare_L2_error.py , Line : 86, Func.Name : compare_L2_error_at_timepoint, Message : snapshot_NMG = read_specific_lines(f"{root}/{NMG_fname}", line_list)', 'File : /sfs/gpfs/tardis/home/xpz5km/Cahn_Hilliard_Model_HPC/spinodal_decomp/compare_L2_error.py , Line : 21, Func.Name : read_specific_lines, Message : digits.append(float(i))']
Python,20,512,periodic,1,1,50p
NMG_Python_20_dt_5.50e-06_Nx_512_periodic_dtout_150pphi.csv
Exception type : TypeError 
Exception message : float() argument must be a string or a real number, not 'complex'
Stack trace : ['File : /sfs/gpfs/tardis/home/xpz5km/Cahn_Hilliard_Model_HPC/spinodal_decomp/compare_L2_error.py , Line : 86, Func.Name : compare_L2_error_at_timepoint, Message : snapshot_NMG = read_specific_lines(f"{root}/{NMG_fname}", line_list)', 'File : /sfs/gpfs/tardis/home/xpz5km/Cahn_Hilliard_Model_HPC/spinodal_decomp/compare_L2_error.py , Line : 21, Func.Name : read_specific_lines, Message : digits.append(float(i))']
Python,2000,512,neumann,2000,2000,50p not recorded; dt_out too large.
Python,2000,512,neumann,2000,2000,75p not recorded; dt_out too large.
Python,20,512,periodic,20,20,25p
NMG_Python_20_dt_5.50e-06_Nx_512_periodic_dtout_2025pphi.csv
Exception type : TypeError 
Exception message : float() argument must be a string or a real number, not 'complex'
Stack trace : ['File : /sfs/gpfs/tardis/home/xpz5km/Cahn_Hilliard_Model_HPC/spinodal_decomp/compare_L2_error.py , Line : 86, Func.Name : compare_L2_error_at_timepoint, Message : snapshot_NMG = read_specific_lines(f"{root}/{NMG_fname}", line_list)', 'File : /sfs/gpfs/tardis/home/xpz5km/Cahn_Hilliard_Model_HPC/spinodal_decomp/compare_L2_error.py , Line : 21, Func.Name : read_specific_lines, Message : digits.append(float(i))']
Python,20,64,neumann,20,20,50p
NMG_Python_20_dt_5.50e-06_Nx_64_neumann_dtout_2050pphi.csv
Exception type : TypeError 
Exception message : float() argument must be a string or a real number, not 'complex'
Stack trace : ['File : /sfs/gpfs/tardis/home/xpz5km/Cahn_Hilliard_Model_HPC/spinodal_decomp/compare_L2_error.py , Line : 86, Func.Name : compare_L2_error_at_timepoint, Message : snapshot_NMG = read_specific_lines(f"{root}/{NMG_fname}", line_list)', 'File : /sfs/gpfs/tardis/home/xpz5km/Cahn_Hilliard_Model_HPC/spinodal_decomp/compare_L2_error.py , Line : 21, Func.Name : read_specific_lines, Message : digits.append(float(i))']
Python,20,128,neumann,20,20,75p
NMG_Python_20_dt_5.50e-06_Nx_128_neumann_dtout_2075pphi.csv
Exception type : TypeError 
Exception message : float() argument must be a string or a real number, not 'complex'
Stack trace : ['File : /sfs/gpfs/tardis/home/xpz5km/Cahn_Hilliard_Model_HPC/spinodal_decomp/compare_L2_error.py , Line : 86, Func.Name : compare_L2_error_at_timepoint, Message : snapshot_NMG = read_specific_lines(f"{root}/{NMG_fname}", line_list)', 'File : /sfs/gpfs/tardis/home/xpz5km/Cahn_Hilliard_Model_HPC/spinodal_decomp/compare_L2_error.py , Line : 21, Func.Name : read_specific_lines, Message : digits.append(float(i))']
Python,20,64,neumann,1,1,25p
NMG_Python_20_dt_5.50e-06_Nx_64_neumann_dtout_125pphi.csv
Exception type : TypeError 
Exception message : float() argument must be a string or a real number, not 'complex'
Stack trace : ['File : /sfs/gpfs/tardis/home/xpz5km/Cahn_Hilliard_Model_HPC/spinodal_decomp/compare_L2_error.py , Line : 86, Func.Name : compare_L2_error_at_timepoint, Message : snapshot_NMG = read_specific_lines(f"{root}/{NMG_fname}", line_list)', 'File : /sfs/gpfs/tardis/home/xpz5km/Cahn_Hilliard_Model_HPC/spinodal_decomp/compare_L2_error.py , Line : 21, Func.Name : read_specific_lines, Message : digits.append(float(i))']
Python,2000,64,neumann,2000,2000,25p not recorded; dt_out too large.
Python,20,512,periodic,1,1,25p
NMG_Python_20_dt_5.50e-06_Nx_512_periodic_dtout_125pphi.csv
Exception type : TypeError 
Exception message : float() argument must be a string or a real number, not 'complex'
Stack trace : ['File : /sfs/gpfs/tardis/home/xpz5km/Cahn_Hilliard_Model_HPC/spinodal_decomp/compare_L2_error.py , Line : 86, Func.Name : compare_L2_error_at_timepoint, Message : snapshot_NMG = read_specific_lines(f"{root}/{NMG_fname}", line_list)', 'File : /sfs/gpfs/tardis/home/xpz5km/Cahn_Hilliard_Model_HPC/spinodal_decomp/compare_L2_error.py , Line : 21, Func.Name : read_specific_lines, Message : digits.append(float(i))']
Python,2000,128,periodic,2000,2000,25p not recorded; dt_out too large.
Python,20,512,periodic,20,20,50p
NMG_Python_20_dt_5.50e-06_Nx_512_periodic_dtout_2050pphi.csv
Exception type : TypeError 
Exception message : float() argument must be a string or a real number, not 'complex'
Stack trace : ['File : /sfs/gpfs/tardis/home/xpz5km/Cahn_Hilliard_Model_HPC/spinodal_decomp/compare_L2_error.py , Line : 86, Func.Name : compare_L2_error_at_timepoint, Message : snapshot_NMG = read_specific_lines(f"{root}/{NMG_fname}", line_list)', 'File : /sfs/gpfs/tardis/home/xpz5km/Cahn_Hilliard_Model_HPC/spinodal_decomp/compare_L2_error.py , Line : 21, Func.Name : read_specific_lines, Message : digits.append(float(i))']
Python,2000,512,periodic,2000,2000,75p not recorded; dt_out too large.
Python,20,128,periodic,1,1,75p
NMG_Python_20_dt_5.50e-06_Nx_128_periodic_dtout_175pphi.csv
Exception type : TypeError 
Exception message : float() argument must be a string or a real number, not 'complex'
Stack trace : ['File : /sfs/gpfs/tardis/home/xpz5km/Cahn_Hilliard_Model_HPC/spinodal_decomp/compare_L2_error.py , Line : 86, Func.Name : compare_L2_error_at_timepoint, Message : snapshot_NMG = read_specific_lines(f"{root}/{NMG_fname}", line_list)', 'File : /sfs/gpfs/tardis/home/xpz5km/Cahn_Hilliard_Model_HPC/spinodal_decomp/compare_L2_error.py , Line : 21, Func.Name : read_specific_lines, Message : digits.append(float(i))']
Python,20,512,periodic,1,1,75p
NMG_Python_20_dt_5.50e-06_Nx_512_periodic_dtout_175pphi.csv
Exception type : TypeError 
Exception message : float() argument must be a string or a real number, not 'complex'
Stack trace : ['File : /sfs/gpfs/tardis/home/xpz5km/Cahn_Hilliard_Model_HPC/spinodal_decomp/compare_L2_error.py , Line : 86, Func.Name : compare_L2_error_at_timepoint, Message : snapshot_NMG = read_specific_lines(f"{root}/{NMG_fname}", line_list)', 'File : /sfs/gpfs/tardis/home/xpz5km/Cahn_Hilliard_Model_HPC/spinodal_decomp/compare_L2_error.py , Line : 21, Func.Name : read_specific_lines, Message : digits.append(float(i))']
Python,20,128,neumann,1,1,50p
NMG_Python_20_dt_5.50e-06_Nx_128_neumann_dtout_150pphi.csv
Exception type : TypeError 
Exception message : float() argument must be a string or a real number, not 'complex'
Stack trace : ['File : /sfs/gpfs/tardis/home/xpz5km/Cahn_Hilliard_Model_HPC/spinodal_decomp/compare_L2_error.py , Line : 86, Func.Name : compare_L2_error_at_timepoint, Message : snapshot_NMG = read_specific_lines(f"{root}/{NMG_fname}", line_list)', 'File : /sfs/gpfs/tardis/home/xpz5km/Cahn_Hilliard_Model_HPC/spinodal_decomp/compare_L2_error.py , Line : 21, Func.Name : read_specific_lines, Message : digits.append(float(i))']
Python,2000,64,periodic,2000,2000,25p not recorded; dt_out too large.
Python,20,128,periodic,20,20,75p
NMG_Python_20_dt_5.50e-06_Nx_128_periodic_dtout_2075pphi.csv
Exception type : TypeError 
Exception message : float() argument must be a string or a real number, not 'complex'
Stack trace : ['File : /sfs/gpfs/tardis/home/xpz5km/Cahn_Hilliard_Model_HPC/spinodal_decomp/compare_L2_error.py , Line : 86, Func.Name : compare_L2_error_at_timepoint, Message : snapshot_NMG = read_specific_lines(f"{root}/{NMG_fname}", line_list)', 'File : /sfs/gpfs/tardis/home/xpz5km/Cahn_Hilliard_Model_HPC/spinodal_decomp/compare_L2_error.py , Line : 21, Func.Name : read_specific_lines, Message : digits.append(float(i))']
Python,2000,64,neumann,2000,2000,50p not recorded; dt_out too large.
Python,2000,128,periodic,2000,2000,50p not recorded; dt_out too large.
Python,20,256,periodic,20,20,75p
NMG_Python_20_dt_5.50e-06_Nx_256_periodic_dtout_2075pphi.csv
Exception type : TypeError 
Exception message : float() argument must be a string or a real number, not 'complex'
Stack trace : ['File : /sfs/gpfs/tardis/home/xpz5km/Cahn_Hilliard_Model_HPC/spinodal_decomp/compare_L2_error.py , Line : 86, Func.Name : compare_L2_error_at_timepoint, Message : snapshot_NMG = read_specific_lines(f"{root}/{NMG_fname}", line_list)', 'File : /sfs/gpfs/tardis/home/xpz5km/Cahn_Hilliard_Model_HPC/spinodal_decomp/compare_L2_error.py , Line : 21, Func.Name : read_specific_lines, Message : digits.append(float(i))']
Python,20,512,neumann,1,1,75p
NMG_Python_20_dt_5.50e-06_Nx_512_neumann_dtout_175pphi.csv
Exception type : TypeError 
Exception message : float() argument must be a string or a real number, not 'complex'
Stack trace : ['File : /sfs/gpfs/tardis/home/xpz5km/Cahn_Hilliard_Model_HPC/spinodal_decomp/compare_L2_error.py , Line : 86, Func.Name : compare_L2_error_at_timepoint, Message : snapshot_NMG = read_specific_lines(f"{root}/{NMG_fname}", line_list)', 'File : /sfs/gpfs/tardis/home/xpz5km/Cahn_Hilliard_Model_HPC/spinodal_decomp/compare_L2_error.py , Line : 21, Func.Name : read_specific_lines, Message : digits.append(float(i))']
Python,20,64,neumann,20,20,25p
NMG_Python_20_dt_5.50e-06_Nx_64_neumann_dtout_2025pphi.csv
Exception type : TypeError 
Exception message : float() argument must be a string or a real number, not 'complex'
Stack trace : ['File : /sfs/gpfs/tardis/home/xpz5km/Cahn_Hilliard_Model_HPC/spinodal_decomp/compare_L2_error.py , Line : 86, Func.Name : compare_L2_error_at_timepoint, Message : snapshot_NMG = read_specific_lines(f"{root}/{NMG_fname}", line_list)', 'File : /sfs/gpfs/tardis/home/xpz5km/Cahn_Hilliard_Model_HPC/spinodal_decomp/compare_L2_error.py , Line : 21, Func.Name : read_specific_lines, Message : digits.append(float(i))']
Python,20,64,neumann,20,20,75p
NMG_Python_20_dt_5.50e-06_Nx_64_neumann_dtout_2075pphi.csv
Exception type : TypeError 
Exception message : float() argument must be a string or a real number, not 'complex'
Stack trace : ['File : /sfs/gpfs/tardis/home/xpz5km/Cahn_Hilliard_Model_HPC/spinodal_decomp/compare_L2_error.py , Line : 86, Func.Name : compare_L2_error_at_timepoint, Message : snapshot_NMG = read_specific_lines(f"{root}/{NMG_fname}", line_list)', 'File : /sfs/gpfs/tardis/home/xpz5km/Cahn_Hilliard_Model_HPC/spinodal_decomp/compare_L2_error.py , Line : 21, Func.Name : read_specific_lines, Message : digits.append(float(i))']
Python,2000,64,periodic,2000,2000,50p not recorded; dt_out too large.
Python,20,512,periodic,20,20,75p
NMG_Python_20_dt_5.50e-06_Nx_512_periodic_dtout_2075pphi.csv
Exception type : TypeError 
Exception message : float() argument must be a string or a real number, not 'complex'
Stack trace : ['File : /sfs/gpfs/tardis/home/xpz5km/Cahn_Hilliard_Model_HPC/spinodal_decomp/compare_L2_error.py , Line : 86, Func.Name : compare_L2_error_at_timepoint, Message : snapshot_NMG = read_specific_lines(f"{root}/{NMG_fname}", line_list)', 'File : /sfs/gpfs/tardis/home/xpz5km/Cahn_Hilliard_Model_HPC/spinodal_decomp/compare_L2_error.py , Line : 21, Func.Name : read_specific_lines, Message : digits.append(float(i))']
Python,20,512,neumann,20,20,25p
NMG_Python_20_dt_5.50e-06_Nx_512_neumann_dtout_2025pphi.csv
Exception type : TypeError 
Exception message : float() argument must be a string or a real number, not 'complex'
Stack trace : ['File : /sfs/gpfs/tardis/home/xpz5km/Cahn_Hilliard_Model_HPC/spinodal_decomp/compare_L2_error.py , Line : 86, Func.Name : compare_L2_error_at_timepoint, Message : snapshot_NMG = read_specific_lines(f"{root}/{NMG_fname}", line_list)', 'File : /sfs/gpfs/tardis/home/xpz5km/Cahn_Hilliard_Model_HPC/spinodal_decomp/compare_L2_error.py , Line : 21, Func.Name : read_specific_lines, Message : digits.append(float(i))']
Python,20,512,neumann,1,1,50p
NMG_Python_20_dt_5.50e-06_Nx_512_neumann_dtout_150pphi.csv
Exception type : TypeError 
Exception message : float() argument must be a string or a real number, not 'complex'
Stack trace : ['File : /sfs/gpfs/tardis/home/xpz5km/Cahn_Hilliard_Model_HPC/spinodal_decomp/compare_L2_error.py , Line : 86, Func.Name : compare_L2_error_at_timepoint, Message : snapshot_NMG = read_specific_lines(f"{root}/{NMG_fname}", line_list)', 'File : /sfs/gpfs/tardis/home/xpz5km/Cahn_Hilliard_Model_HPC/spinodal_decomp/compare_L2_error.py , Line : 21, Func.Name : read_specific_lines, Message : digits.append(float(i))']
Python,20,64,periodic,1,1,25p
NMG_Python_20_dt_5.50e-06_Nx_64_periodic_dtout_125pphi.csv
Exception type : TypeError 
Exception message : float() argument must be a string or a real number, not 'complex'
Stack trace : ['File : /sfs/gpfs/tardis/home/xpz5km/Cahn_Hilliard_Model_HPC/spinodal_decomp/compare_L2_error.py , Line : 86, Func.Name : compare_L2_error_at_timepoint, Message : snapshot_NMG = read_specific_lines(f"{root}/{NMG_fname}", line_list)', 'File : /sfs/gpfs/tardis/home/xpz5km/Cahn_Hilliard_Model_HPC/spinodal_decomp/compare_L2_error.py , Line : 21, Func.Name : read_specific_lines, Message : digits.append(float(i))']
Python,2000,128,neumann,2000,2000,75p not recorded; dt_out too large.
Python,20,128,periodic,20,20,50p
NMG_Python_20_dt_5.50e-06_Nx_128_periodic_dtout_2050pphi.csv
Exception type : TypeError 
Exception message : float() argument must be a string or a real number, not 'complex'
Stack trace : ['File : /sfs/gpfs/tardis/home/xpz5km/Cahn_Hilliard_Model_HPC/spinodal_decomp/compare_L2_error.py , Line : 86, Func.Name : compare_L2_error_at_timepoint, Message : snapshot_NMG = read_specific_lines(f"{root}/{NMG_fname}", line_list)', 'File : /sfs/gpfs/tardis/home/xpz5km/Cahn_Hilliard_Model_HPC/spinodal_decomp/compare_L2_error.py , Line : 21, Func.Name : read_specific_lines, Message : digits.append(float(i))']
Python,20,256,periodic,20,20,50p
NMG_Python_20_dt_5.50e-06_Nx_256_periodic_dtout_2050pphi.csv
Exception type : TypeError 
Exception message : float() argument must be a string or a real number, not 'complex'
Stack trace : ['File : /sfs/gpfs/tardis/home/xpz5km/Cahn_Hilliard_Model_HPC/spinodal_decomp/compare_L2_error.py , Line : 86, Func.Name : compare_L2_error_at_timepoint, Message : snapshot_NMG = read_specific_lines(f"{root}/{NMG_fname}", line_list)', 'File : /sfs/gpfs/tardis/home/xpz5km/Cahn_Hilliard_Model_HPC/spinodal_decomp/compare_L2_error.py , Line : 21, Func.Name : read_specific_lines, Message : digits.append(float(i))']
Python,2000,256,neumann,2000,2000,50p not recorded; dt_out too large.
Python,20,64,periodic,20,20,50p
NMG_Python_20_dt_5.50e-06_Nx_64_periodic_dtout_2050pphi.csv
Exception type : TypeError 
Exception message : float() argument must be a string or a real number, not 'complex'
Stack trace : ['File : /sfs/gpfs/tardis/home/xpz5km/Cahn_Hilliard_Model_HPC/spinodal_decomp/compare_L2_error.py , Line : 86, Func.Name : compare_L2_error_at_timepoint, Message : snapshot_NMG = read_specific_lines(f"{root}/{NMG_fname}", line_list)', 'File : /sfs/gpfs/tardis/home/xpz5km/Cahn_Hilliard_Model_HPC/spinodal_decomp/compare_L2_error.py , Line : 21, Func.Name : read_specific_lines, Message : digits.append(float(i))']
Python,2000,512,neumann,2000,2000,25p not recorded; dt_out too large.
Python,20,512,neumann,20,20,75p
NMG_Python_20_dt_5.50e-06_Nx_512_neumann_dtout_2075pphi.csv
Exception type : TypeError 
Exception message : float() argument must be a string or a real number, not 'complex'
Stack trace : ['File : /sfs/gpfs/tardis/home/xpz5km/Cahn_Hilliard_Model_HPC/spinodal_decomp/compare_L2_error.py , Line : 86, Func.Name : compare_L2_error_at_timepoint, Message : snapshot_NMG = read_specific_lines(f"{root}/{NMG_fname}", line_list)', 'File : /sfs/gpfs/tardis/home/xpz5km/Cahn_Hilliard_Model_HPC/spinodal_decomp/compare_L2_error.py , Line : 21, Func.Name : read_specific_lines, Message : digits.append(float(i))']
Python,20,256,neumann,20,20,25p
NMG_Python_20_dt_5.50e-06_Nx_256_neumann_dtout_2025pphi.csv
Exception type : TypeError 
Exception message : float() argument must be a string or a real number, not 'complex'
Stack trace : ['File : /sfs/gpfs/tardis/home/xpz5km/Cahn_Hilliard_Model_HPC/spinodal_decomp/compare_L2_error.py , Line : 86, Func.Name : compare_L2_error_at_timepoint, Message : snapshot_NMG = read_specific_lines(f"{root}/{NMG_fname}", line_list)', 'File : /sfs/gpfs/tardis/home/xpz5km/Cahn_Hilliard_Model_HPC/spinodal_decomp/compare_L2_error.py , Line : 21, Func.Name : read_specific_lines, Message : digits.append(float(i))']
Python,2000,64,neumann,2000,2000,75p not recorded; dt_out too large.
Python,20,128,neumann,20,20,25p
NMG_Python_20_dt_5.50e-06_Nx_128_neumann_dtout_2025pphi.csv
Exception type : TypeError 
Exception message : float() argument must be a string or a real number, not 'complex'
Stack trace : ['File : /sfs/gpfs/tardis/home/xpz5km/Cahn_Hilliard_Model_HPC/spinodal_decomp/compare_L2_error.py , Line : 86, Func.Name : compare_L2_error_at_timepoint, Message : snapshot_NMG = read_specific_lines(f"{root}/{NMG_fname}", line_list)', 'File : /sfs/gpfs/tardis/home/xpz5km/Cahn_Hilliard_Model_HPC/spinodal_decomp/compare_L2_error.py , Line : 21, Func.Name : read_specific_lines, Message : digits.append(float(i))']
Python,20,64,periodic,20,20,75p
NMG_Python_20_dt_5.50e-06_Nx_64_periodic_dtout_2075pphi.csv
Exception type : TypeError 
Exception message : float() argument must be a string or a real number, not 'complex'
Stack trace : ['File : /sfs/gpfs/tardis/home/xpz5km/Cahn_Hilliard_Model_HPC/spinodal_decomp/compare_L2_error.py , Line : 86, Func.Name : compare_L2_error_at_timepoint, Message : snapshot_NMG = read_specific_lines(f"{root}/{NMG_fname}", line_list)', 'File : /sfs/gpfs/tardis/home/xpz5km/Cahn_Hilliard_Model_HPC/spinodal_decomp/compare_L2_error.py , Line : 21, Func.Name : read_specific_lines, Message : digits.append(float(i))']
Python,20,256,periodic,1,1,75p
NMG_Python_20_dt_5.50e-06_Nx_256_periodic_dtout_175pphi.csv
Exception type : TypeError 
Exception message : float() argument must be a string or a real number, not 'complex'
Stack trace : ['File : /sfs/gpfs/tardis/home/xpz5km/Cahn_Hilliard_Model_HPC/spinodal_decomp/compare_L2_error.py , Line : 86, Func.Name : compare_L2_error_at_timepoint, Message : snapshot_NMG = read_specific_lines(f"{root}/{NMG_fname}", line_list)', 'File : /sfs/gpfs/tardis/home/xpz5km/Cahn_Hilliard_Model_HPC/spinodal_decomp/compare_L2_error.py , Line : 21, Func.Name : read_specific_lines, Message : digits.append(float(i))']
Python,20,64,periodic,1,1,50p
NMG_Python_20_dt_5.50e-06_Nx_64_periodic_dtout_150pphi.csv
Exception type : TypeError 
Exception message : float() argument must be a string or a real number, not 'complex'
Stack trace : ['File : /sfs/gpfs/tardis/home/xpz5km/Cahn_Hilliard_Model_HPC/spinodal_decomp/compare_L2_error.py , Line : 86, Func.Name : compare_L2_error_at_timepoint, Message : snapshot_NMG = read_specific_lines(f"{root}/{NMG_fname}", line_list)', 'File : /sfs/gpfs/tardis/home/xpz5km/Cahn_Hilliard_Model_HPC/spinodal_decomp/compare_L2_error.py , Line : 21, Func.Name : read_specific_lines, Message : digits.append(float(i))']
Python,20,128,periodic,1,1,25p
NMG_Python_20_dt_5.50e-06_Nx_128_periodic_dtout_125pphi.csv
Exception type : TypeError 
Exception message : float() argument must be a string or a real number, not 'complex'
Stack trace : ['File : /sfs/gpfs/tardis/home/xpz5km/Cahn_Hilliard_Model_HPC/spinodal_decomp/compare_L2_error.py , Line : 86, Func.Name : compare_L2_error_at_timepoint, Message : snapshot_NMG = read_specific_lines(f"{root}/{NMG_fname}", line_list)', 'File : /sfs/gpfs/tardis/home/xpz5km/Cahn_Hilliard_Model_HPC/spinodal_decomp/compare_L2_error.py , Line : 21, Func.Name : read_specific_lines, Message : digits.append(float(i))']
10
Python,20,256,neumann,20,20,75p
NMG_Python_20_dt_5.50e-06_Nx_256_neumann_dtout_2075pphi.csv
Exception type : TypeError 
Exception message : float() argument must be a string or a real number, not 'complex'
Stack trace : ['File : /sfs/gpfs/tardis/home/xpz5km/Cahn_Hilliard_Model_HPC/spinodal_decomp/compare_L2_error.py , Line : 86, Func.Name : compare_L2_error_at_timepoint, Message : snapshot_NMG = read_specific_lines(f"{root}/{NMG_fname}", line_list)', 'File : /sfs/gpfs/tardis/home/xpz5km/Cahn_Hilliard_Model_HPC/spinodal_decomp/compare_L2_error.py , Line : 21, Func.Name : read_specific_lines, Message : digits.append(float(i))']
Python,2000,256,neumann,2000,2000,25p not recorded; dt_out too large.
Python,20,128,periodic,20,20,25p
NMG_Python_20_dt_5.50e-06_Nx_128_periodic_dtout_2025pphi.csv
Exception type : TypeError 
Exception message : float() argument must be a string or a real number, not 'complex'
Stack trace : ['File : /sfs/gpfs/tardis/home/xpz5km/Cahn_Hilliard_Model_HPC/spinodal_decomp/compare_L2_error.py , Line : 86, Func.Name : compare_L2_error_at_timepoint, Message : snapshot_NMG = read_specific_lines(f"{root}/{NMG_fname}", line_list)', 'File : /sfs/gpfs/tardis/home/xpz5km/Cahn_Hilliard_Model_HPC/spinodal_decomp/compare_L2_error.py , Line : 21, Func.Name : read_specific_lines, Message : digits.append(float(i))']
Python,2000,256,periodic,2000,2000,50p not recorded; dt_out too large.
Python,20,256,periodic,20,20,25p
NMG_Python_20_dt_5.50e-06_Nx_256_periodic_dtout_2025pphi.csv
Exception type : TypeError 
Exception message : float() argument must be a string or a real number, not 'complex'
Stack trace : ['File : /sfs/gpfs/tardis/home/xpz5km/Cahn_Hilliard_Model_HPC/spinodal_decomp/compare_L2_error.py , Line : 86, Func.Name : compare_L2_error_at_timepoint, Message : snapshot_NMG = read_specific_lines(f"{root}/{NMG_fname}", line_list)', 'File : /sfs/gpfs/tardis/home/xpz5km/Cahn_Hilliard_Model_HPC/spinodal_decomp/compare_L2_error.py , Line : 21, Func.Name : read_specific_lines, Message : digits.append(float(i))']
Python,20,512,neumann,20,20,50p
NMG_Python_20_dt_5.50e-06_Nx_512_neumann_dtout_2050pphi.csv
Exception type : TypeError 
Exception message : float() argument must be a string or a real number, not 'complex'
Stack trace : ['File : /sfs/gpfs/tardis/home/xpz5km/Cahn_Hilliard_Model_HPC/spinodal_decomp/compare_L2_error.py , Line : 86, Func.Name : compare_L2_error_at_timepoint, Message : snapshot_NMG = read_specific_lines(f"{root}/{NMG_fname}", line_list)', 'File : /sfs/gpfs/tardis/home/xpz5km/Cahn_Hilliard_Model_HPC/spinodal_decomp/compare_L2_error.py , Line : 21, Func.Name : read_specific_lines, Message : digits.append(float(i))']
Python,2000,512,periodic,2000,2000,25p not recorded; dt_out too large.
Python,2000,64,periodic,2000,2000,75p not recorded; dt_out too large.
Python,2000,256,periodic,2000,2000,25p not recorded; dt_out too large.
Python,2000,256,neumann,2000,2000,75p not recorded; dt_out too large.
Python,2000,128,periodic,2000,2000,75p not recorded; dt_out too large.
Python,20,128,neumann,1,1,25p
NMG_Python_20_dt_5.50e-06_Nx_128_neumann_dtout_125pphi.csv
Exception type : TypeError 
Exception message : float() argument must be a string or a real number, not 'complex'
Stack trace : ['File : /sfs/gpfs/tardis/home/xpz5km/Cahn_Hilliard_Model_HPC/spinodal_decomp/compare_L2_error.py , Line : 86, Func.Name : compare_L2_error_at_timepoint, Message : snapshot_NMG = read_specific_lines(f"{root}/{NMG_fname}", line_list)', 'File : /sfs/gpfs/tardis/home/xpz5km/Cahn_Hilliard_Model_HPC/spinodal_decomp/compare_L2_error.py , Line : 21, Func.Name : read_specific_lines, Message : digits.append(float(i))']
Python,2000,256,periodic,2000,2000,75p not recorded; dt_out too large.
Python,20,256,neumann,20,20,50p
NMG_Python_20_dt_5.50e-06_Nx_256_neumann_dtout_2050pphi.csv
Exception type : TypeError 
Exception message : float() argument must be a string or a real number, not 'complex'
Stack trace : ['File : /sfs/gpfs/tardis/home/xpz5km/Cahn_Hilliard_Model_HPC/spinodal_decomp/compare_L2_error.py , Line : 86, Func.Name : compare_L2_error_at_timepoint, Message : snapshot_NMG = read_specific_lines(f"{root}/{NMG_fname}", line_list)', 'File : /sfs/gpfs/tardis/home/xpz5km/Cahn_Hilliard_Model_HPC/spinodal_decomp/compare_L2_error.py , Line : 21, Func.Name : read_specific_lines, Message : digits.append(float(i))']
Python,2000,128,neumann,2000,2000,25p not recorded; dt_out too large.
Python,20,64,periodic,1,1,75p
NMG_Python_20_dt_5.50e-06_Nx_64_periodic_dtout_175pphi.csv
Exception type : TypeError 
Exception message : float() argument must be a string or a real number, not 'complex'
Stack trace : ['File : /sfs/gpfs/tardis/home/xpz5km/Cahn_Hilliard_Model_HPC/spinodal_decomp/compare_L2_error.py , Line : 86, Func.Name : compare_L2_error_at_timepoint, Message : snapshot_NMG = read_specific_lines(f"{root}/{NMG_fname}", line_list)', 'File : /sfs/gpfs/tardis/home/xpz5km/Cahn_Hilliard_Model_HPC/spinodal_decomp/compare_L2_error.py , Line : 21, Func.Name : read_specific_lines, Message : digits.append(float(i))']
Python,20,256,periodic,1,1,50p
NMG_Python_20_dt_5.50e-06_Nx_256_periodic_dtout_150pphi.csv
Exception type : TypeError 
Exception message : float() argument must be a string or a real number, not 'complex'
Stack trace : ['File : /sfs/gpfs/tardis/home/xpz5km/Cahn_Hilliard_Model_HPC/spinodal_decomp/compare_L2_error.py , Line : 86, Func.Name : compare_L2_error_at_timepoint, Message : snapshot_NMG = read_specific_lines(f"{root}/{NMG_fname}", line_list)', 'File : /sfs/gpfs/tardis/home/xpz5km/Cahn_Hilliard_Model_HPC/spinodal_decomp/compare_L2_error.py , Line : 21, Func.Name : read_specific_lines, Message : digits.append(float(i))']
Python,20,128,neumann,1,1,75p
NMG_Python_20_dt_5.50e-06_Nx_128_neumann_dtout_175pphi.csv
Exception type : TypeError 
Exception message : float() argument must be a string or a real number, not 'complex'
Stack trace : ['File : /sfs/gpfs/tardis/home/xpz5km/Cahn_Hilliard_Model_HPC/spinodal_decomp/compare_L2_error.py , Line : 86, Func.Name : compare_L2_error_at_timepoint, Message : snapshot_NMG = read_specific_lines(f"{root}/{NMG_fname}", line_list)', 'File : /sfs/gpfs/tardis/home/xpz5km/Cahn_Hilliard_Model_HPC/spinodal_decomp/compare_L2_error.py , Line : 21, Func.Name : read_specific_lines, Message : digits.append(float(i))']
Python,20,64,neumann,1,1,50p
NMG_Python_20_dt_5.50e-06_Nx_64_neumann_dtout_150pphi.csv
Exception type : TypeError 
Exception message : float() argument must be a string or a real number, not 'complex'
Stack trace : ['File : /sfs/gpfs/tardis/home/xpz5km/Cahn_Hilliard_Model_HPC/spinodal_decomp/compare_L2_error.py , Line : 86, Func.Name : compare_L2_error_at_timepoint, Message : snapshot_NMG = read_specific_lines(f"{root}/{NMG_fname}", line_list)', 'File : /sfs/gpfs/tardis/home/xpz5km/Cahn_Hilliard_Model_HPC/spinodal_decomp/compare_L2_error.py , Line : 21, Func.Name : read_specific_lines, Message : digits.append(float(i))']
Python,20,256,neumann,1,1,50p
NMG_Python_20_dt_5.50e-06_Nx_256_neumann_dtout_150pphi.csv
Exception type : TypeError 
Exception message : float() argument must be a string or a real number, not 'complex'
Stack trace : ['File : /sfs/gpfs/tardis/home/xpz5km/Cahn_Hilliard_Model_HPC/spinodal_decomp/compare_L2_error.py , Line : 86, Func.Name : compare_L2_error_at_timepoint, Message : snapshot_NMG = read_specific_lines(f"{root}/{NMG_fname}", line_list)', 'File : /sfs/gpfs/tardis/home/xpz5km/Cahn_Hilliard_Model_HPC/spinodal_decomp/compare_L2_error.py , Line : 21, Func.Name : read_specific_lines, Message : digits.append(float(i))']
Python,20,512,neumann,1,1,25p
NMG_Python_20_dt_5.50e-06_Nx_512_neumann_dtout_125pphi.csv
Exception type : TypeError 
Exception message : float() argument must be a string or a real number, not 'complex'
Stack trace : ['File : /sfs/gpfs/tardis/home/xpz5km/Cahn_Hilliard_Model_HPC/spinodal_decomp/compare_L2_error.py , Line : 86, Func.Name : compare_L2_error_at_timepoint, Message : snapshot_NMG = read_specific_lines(f"{root}/{NMG_fname}", line_list)', 'File : /sfs/gpfs/tardis/home/xpz5km/Cahn_Hilliard_Model_HPC/spinodal_decomp/compare_L2_error.py , Line : 21, Func.Name : read_specific_lines, Message : digits.append(float(i))']
Python,2000,128,neumann,2000,2000,50p not recorded; dt_out too large.
Python,2000,512,periodic,2000,2000,50p not recorded; dt_out too large.
Python,20,256,neumann,1,1,75p
NMG_Python_20_dt_5.50e-06_Nx_256_neumann_dtout_175pphi.csv
Exception type : TypeError 
Exception message : float() argument must be a string or a real number, not 'complex'
Stack trace : ['File : /sfs/gpfs/tardis/home/xpz5km/Cahn_Hilliard_Model_HPC/spinodal_decomp/compare_L2_error.py , Line : 86, Func.Name : compare_L2_error_at_timepoint, Message : snapshot_NMG = read_specific_lines(f"{root}/{NMG_fname}", line_list)', 'File : /sfs/gpfs/tardis/home/xpz5km/Cahn_Hilliard_Model_HPC/spinodal_decomp/compare_L2_error.py , Line : 21, Func.Name : read_specific_lines, Message : digits.append(float(i))']
Python,20,128,neumann,20,20,50p
NMG_Python_20_dt_5.50e-06_Nx_128_neumann_dtout_2050pphi.csv
Exception type : TypeError 
Exception message : float() argument must be a string or a real number, not 'complex'
Stack trace : ['File : /sfs/gpfs/tardis/home/xpz5km/Cahn_Hilliard_Model_HPC/spinodal_decomp/compare_L2_error.py , Line : 86, Func.Name : compare_L2_error_at_timepoint, Message : snapshot_NMG = read_specific_lines(f"{root}/{NMG_fname}", line_list)', 'File : /sfs/gpfs/tardis/home/xpz5km/Cahn_Hilliard_Model_HPC/spinodal_decomp/compare_L2_error.py , Line : 21, Func.Name : read_specific_lines, Message : digits.append(float(i))']
Python,20,128,periodic,1,1,50p
NMG_Python_20_dt_5.50e-06_Nx_128_periodic_dtout_150pphi.csv
Exception type : TypeError 
Exception message : float() argument must be a string or a real number, not 'complex'
Stack trace : ['File : /sfs/gpfs/tardis/home/xpz5km/Cahn_Hilliard_Model_HPC/spinodal_decomp/compare_L2_error.py , Line : 86, Func.Name : compare_L2_error_at_timepoint, Message : snapshot_NMG = read_specific_lines(f"{root}/{NMG_fname}", line_list)', 'File : /sfs/gpfs/tardis/home/xpz5km/Cahn_Hilliard_Model_HPC/spinodal_decomp/compare_L2_error.py , Line : 21, Func.Name : read_specific_lines, Message : digits.append(float(i))']
Python,20,256,neumann,1,1,25p
NMG_Python_20_dt_5.50e-06_Nx_256_neumann_dtout_125pphi.csv
Exception type : TypeError 
Exception message : float() argument must be a string or a real number, not 'complex'
Stack trace : ['File : /sfs/gpfs/tardis/home/xpz5km/Cahn_Hilliard_Model_HPC/spinodal_decomp/compare_L2_error.py , Line : 86, Func.Name : compare_L2_error_at_timepoint, Message : snapshot_NMG = read_specific_lines(f"{root}/{NMG_fname}", line_list)', 'File : /sfs/gpfs/tardis/home/xpz5km/Cahn_Hilliard_Model_HPC/spinodal_decomp/compare_L2_error.py , Line : 21, Func.Name : read_specific_lines, Message : digits.append(float(i))']
Python,20,64,neumann,1,1,75p
NMG_Python_20_dt_5.50e-06_Nx_64_neumann_dtout_175pphi.csv
Exception type : TypeError 
Exception message : float() argument must be a string or a real number, not 'complex'
Stack trace : ['File : /sfs/gpfs/tardis/home/xpz5km/Cahn_Hilliard_Model_HPC/spinodal_decomp/compare_L2_error.py , Line : 86, Func.Name : compare_L2_error_at_timepoint, Message : snapshot_NMG = read_specific_lines(f"{root}/{NMG_fname}", line_list)', 'File : /sfs/gpfs/tardis/home/xpz5km/Cahn_Hilliard_Model_HPC/spinodal_decomp/compare_L2_error.py , Line : 21, Func.Name : read_specific_lines, Message : digits.append(float(i))']
Python,20,256,periodic,1,1,25p
NMG_Python_20_dt_5.50e-06_Nx_256_periodic_dtout_125pphi.csv
Exception type : TypeError 
Exception message : float() argument must be a string or a real number, not 'complex'
Stack trace : ['File : /sfs/gpfs/tardis/home/xpz5km/Cahn_Hilliard_Model_HPC/spinodal_decomp/compare_L2_error.py , Line : 86, Func.Name : compare_L2_error_at_timepoint, Message : snapshot_NMG = read_specific_lines(f"{root}/{NMG_fname}", line_list)', 'File : /sfs/gpfs/tardis/home/xpz5km/Cahn_Hilliard_Model_HPC/spinodal_decomp/compare_L2_error.py , Line : 21, Func.Name : read_specific_lines, Message : digits.append(float(i))']
Python,20,64,periodic,20,20,25p
NMG_Python_20_dt_5.50e-06_Nx_64_periodic_dtout_2025pphi.csv
Exception type : TypeError 
Exception message : float() argument must be a string or a real number, not 'complex'
Stack trace : ['File : /sfs/gpfs/tardis/home/xpz5km/Cahn_Hilliard_Model_HPC/spinodal_decomp/compare_L2_error.py , Line : 86, Func.Name : compare_L2_error_at_timepoint, Message : snapshot_NMG = read_specific_lines(f"{root}/{NMG_fname}", line_list)', 'File : /sfs/gpfs/tardis/home/xpz5km/Cahn_Hilliard_Model_HPC/spinodal_decomp/compare_L2_error.py , Line : 21, Func.Name : read_specific_lines, Message : digits.append(float(i))']
Python,20,512,periodic,1,1,50p
NMG_Python_20_dt_5.50e-06_Nx_512_periodic_dtout_150pphi.csv
Exception type : TypeError 
Exception message : float() argument must be a string or a real number, not 'complex'
Stack trace : ['File : /sfs/gpfs/tardis/home/xpz5km/Cahn_Hilliard_Model_HPC/spinodal_decomp/compare_L2_error.py , Line : 86, Func.Name : compare_L2_error_at_timepoint, Message : snapshot_NMG = read_specific_lines(f"{root}/{NMG_fname}", line_list)', 'File : /sfs/gpfs/tardis/home/xpz5km/Cahn_Hilliard_Model_HPC/spinodal_decomp/compare_L2_error.py , Line : 21, Func.Name : read_specific_lines, Message : digits.append(float(i))']
Python,2000,512,neumann,2000,2000,50p not recorded; dt_out too large.
Python,2000,512,neumann,2000,2000,75p not recorded; dt_out too large.
Python,20,512,periodic,20,20,25p
NMG_Python_20_dt_5.50e-06_Nx_512_periodic_dtout_2025pphi.csv
Exception type : TypeError 
Exception message : float() argument must be a string or a real number, not 'complex'
Stack trace : ['File : /sfs/gpfs/tardis/home/xpz5km/Cahn_Hilliard_Model_HPC/spinodal_decomp/compare_L2_error.py , Line : 86, Func.Name : compare_L2_error_at_timepoint, Message : snapshot_NMG = read_specific_lines(f"{root}/{NMG_fname}", line_list)', 'File : /sfs/gpfs/tardis/home/xpz5km/Cahn_Hilliard_Model_HPC/spinodal_decomp/compare_L2_error.py , Line : 21, Func.Name : read_specific_lines, Message : digits.append(float(i))']
Python,20,64,neumann,20,20,50p
NMG_Python_20_dt_5.50e-06_Nx_64_neumann_dtout_2050pphi.csv
Exception type : TypeError 
Exception message : float() argument must be a string or a real number, not 'complex'
Stack trace : ['File : /sfs/gpfs/tardis/home/xpz5km/Cahn_Hilliard_Model_HPC/spinodal_decomp/compare_L2_error.py , Line : 86, Func.Name : compare_L2_error_at_timepoint, Message : snapshot_NMG = read_specific_lines(f"{root}/{NMG_fname}", line_list)', 'File : /sfs/gpfs/tardis/home/xpz5km/Cahn_Hilliard_Model_HPC/spinodal_decomp/compare_L2_error.py , Line : 21, Func.Name : read_specific_lines, Message : digits.append(float(i))']
Python,20,128,neumann,20,20,75p
NMG_Python_20_dt_5.50e-06_Nx_128_neumann_dtout_2075pphi.csv
Exception type : TypeError 
Exception message : float() argument must be a string or a real number, not 'complex'
Stack trace : ['File : /sfs/gpfs/tardis/home/xpz5km/Cahn_Hilliard_Model_HPC/spinodal_decomp/compare_L2_error.py , Line : 86, Func.Name : compare_L2_error_at_timepoint, Message : snapshot_NMG = read_specific_lines(f"{root}/{NMG_fname}", line_list)', 'File : /sfs/gpfs/tardis/home/xpz5km/Cahn_Hilliard_Model_HPC/spinodal_decomp/compare_L2_error.py , Line : 21, Func.Name : read_specific_lines, Message : digits.append(float(i))']
Python,20,64,neumann,1,1,25p
NMG_Python_20_dt_5.50e-06_Nx_64_neumann_dtout_125pphi.csv
Exception type : TypeError 
Exception message : float() argument must be a string or a real number, not 'complex'
Stack trace : ['File : /sfs/gpfs/tardis/home/xpz5km/Cahn_Hilliard_Model_HPC/spinodal_decomp/compare_L2_error.py , Line : 86, Func.Name : compare_L2_error_at_timepoint, Message : snapshot_NMG = read_specific_lines(f"{root}/{NMG_fname}", line_list)', 'File : /sfs/gpfs/tardis/home/xpz5km/Cahn_Hilliard_Model_HPC/spinodal_decomp/compare_L2_error.py , Line : 21, Func.Name : read_specific_lines, Message : digits.append(float(i))']
Python,2000,64,neumann,2000,2000,25p not recorded; dt_out too large.
Python,20,512,periodic,1,1,25p
NMG_Python_20_dt_5.50e-06_Nx_512_periodic_dtout_125pphi.csv
Exception type : TypeError 
Exception message : float() argument must be a string or a real number, not 'complex'
Stack trace : ['File : /sfs/gpfs/tardis/home/xpz5km/Cahn_Hilliard_Model_HPC/spinodal_decomp/compare_L2_error.py , Line : 86, Func.Name : compare_L2_error_at_timepoint, Message : snapshot_NMG = read_specific_lines(f"{root}/{NMG_fname}", line_list)', 'File : /sfs/gpfs/tardis/home/xpz5km/Cahn_Hilliard_Model_HPC/spinodal_decomp/compare_L2_error.py , Line : 21, Func.Name : read_specific_lines, Message : digits.append(float(i))']
Python,2000,128,periodic,2000,2000,25p not recorded; dt_out too large.
Python,20,512,periodic,20,20,50p
NMG_Python_20_dt_5.50e-06_Nx_512_periodic_dtout_2050pphi.csv
Exception type : TypeError 
Exception message : float() argument must be a string or a real number, not 'complex'
Stack trace : ['File : /sfs/gpfs/tardis/home/xpz5km/Cahn_Hilliard_Model_HPC/spinodal_decomp/compare_L2_error.py , Line : 86, Func.Name : compare_L2_error_at_timepoint, Message : snapshot_NMG = read_specific_lines(f"{root}/{NMG_fname}", line_list)', 'File : /sfs/gpfs/tardis/home/xpz5km/Cahn_Hilliard_Model_HPC/spinodal_decomp/compare_L2_error.py , Line : 21, Func.Name : read_specific_lines, Message : digits.append(float(i))']
Python,2000,512,periodic,2000,2000,75p not recorded; dt_out too large.
Python,20,128,periodic,1,1,75p
NMG_Python_20_dt_5.50e-06_Nx_128_periodic_dtout_175pphi.csv
Exception type : TypeError 
Exception message : float() argument must be a string or a real number, not 'complex'
Stack trace : ['File : /sfs/gpfs/tardis/home/xpz5km/Cahn_Hilliard_Model_HPC/spinodal_decomp/compare_L2_error.py , Line : 86, Func.Name : compare_L2_error_at_timepoint, Message : snapshot_NMG = read_specific_lines(f"{root}/{NMG_fname}", line_list)', 'File : /sfs/gpfs/tardis/home/xpz5km/Cahn_Hilliard_Model_HPC/spinodal_decomp/compare_L2_error.py , Line : 21, Func.Name : read_specific_lines, Message : digits.append(float(i))']
Python,20,512,periodic,1,1,75p
NMG_Python_20_dt_5.50e-06_Nx_512_periodic_dtout_175pphi.csv
Exception type : TypeError 
Exception message : float() argument must be a string or a real number, not 'complex'
Stack trace : ['File : /sfs/gpfs/tardis/home/xpz5km/Cahn_Hilliard_Model_HPC/spinodal_decomp/compare_L2_error.py , Line : 86, Func.Name : compare_L2_error_at_timepoint, Message : snapshot_NMG = read_specific_lines(f"{root}/{NMG_fname}", line_list)', 'File : /sfs/gpfs/tardis/home/xpz5km/Cahn_Hilliard_Model_HPC/spinodal_decomp/compare_L2_error.py , Line : 21, Func.Name : read_specific_lines, Message : digits.append(float(i))']
Python,20,128,neumann,1,1,50p
NMG_Python_20_dt_5.50e-06_Nx_128_neumann_dtout_150pphi.csv
Exception type : TypeError 
Exception message : float() argument must be a string or a real number, not 'complex'
Stack trace : ['File : /sfs/gpfs/tardis/home/xpz5km/Cahn_Hilliard_Model_HPC/spinodal_decomp/compare_L2_error.py , Line : 86, Func.Name : compare_L2_error_at_timepoint, Message : snapshot_NMG = read_specific_lines(f"{root}/{NMG_fname}", line_list)', 'File : /sfs/gpfs/tardis/home/xpz5km/Cahn_Hilliard_Model_HPC/spinodal_decomp/compare_L2_error.py , Line : 21, Func.Name : read_specific_lines, Message : digits.append(float(i))']
Python,2000,64,periodic,2000,2000,25p not recorded; dt_out too large.
Python,20,128,periodic,20,20,75p
NMG_Python_20_dt_5.50e-06_Nx_128_periodic_dtout_2075pphi.csv
Exception type : TypeError 
Exception message : float() argument must be a string or a real number, not 'complex'
Stack trace : ['File : /sfs/gpfs/tardis/home/xpz5km/Cahn_Hilliard_Model_HPC/spinodal_decomp/compare_L2_error.py , Line : 86, Func.Name : compare_L2_error_at_timepoint, Message : snapshot_NMG = read_specific_lines(f"{root}/{NMG_fname}", line_list)', 'File : /sfs/gpfs/tardis/home/xpz5km/Cahn_Hilliard_Model_HPC/spinodal_decomp/compare_L2_error.py , Line : 21, Func.Name : read_specific_lines, Message : digits.append(float(i))']
Python,2000,64,neumann,2000,2000,50p not recorded; dt_out too large.
Python,2000,128,periodic,2000,2000,50p not recorded; dt_out too large.
Python,20,256,periodic,20,20,75p
NMG_Python_20_dt_5.50e-06_Nx_256_periodic_dtout_2075pphi.csv
Exception type : TypeError 
Exception message : float() argument must be a string or a real number, not 'complex'
Stack trace : ['File : /sfs/gpfs/tardis/home/xpz5km/Cahn_Hilliard_Model_HPC/spinodal_decomp/compare_L2_error.py , Line : 86, Func.Name : compare_L2_error_at_timepoint, Message : snapshot_NMG = read_specific_lines(f"{root}/{NMG_fname}", line_list)', 'File : /sfs/gpfs/tardis/home/xpz5km/Cahn_Hilliard_Model_HPC/spinodal_decomp/compare_L2_error.py , Line : 21, Func.Name : read_specific_lines, Message : digits.append(float(i))']
Python,20,512,neumann,1,1,75p
NMG_Python_20_dt_5.50e-06_Nx_512_neumann_dtout_175pphi.csv
Exception type : TypeError 
Exception message : float() argument must be a string or a real number, not 'complex'
Stack trace : ['File : /sfs/gpfs/tardis/home/xpz5km/Cahn_Hilliard_Model_HPC/spinodal_decomp/compare_L2_error.py , Line : 86, Func.Name : compare_L2_error_at_timepoint, Message : snapshot_NMG = read_specific_lines(f"{root}/{NMG_fname}", line_list)', 'File : /sfs/gpfs/tardis/home/xpz5km/Cahn_Hilliard_Model_HPC/spinodal_decomp/compare_L2_error.py , Line : 21, Func.Name : read_specific_lines, Message : digits.append(float(i))']
Python,20,64,neumann,20,20,25p
NMG_Python_20_dt_5.50e-06_Nx_64_neumann_dtout_2025pphi.csv
Exception type : TypeError 
Exception message : float() argument must be a string or a real number, not 'complex'
Stack trace : ['File : /sfs/gpfs/tardis/home/xpz5km/Cahn_Hilliard_Model_HPC/spinodal_decomp/compare_L2_error.py , Line : 86, Func.Name : compare_L2_error_at_timepoint, Message : snapshot_NMG = read_specific_lines(f"{root}/{NMG_fname}", line_list)', 'File : /sfs/gpfs/tardis/home/xpz5km/Cahn_Hilliard_Model_HPC/spinodal_decomp/compare_L2_error.py , Line : 21, Func.Name : read_specific_lines, Message : digits.append(float(i))']
Python,20,64,neumann,20,20,75p
NMG_Python_20_dt_5.50e-06_Nx_64_neumann_dtout_2075pphi.csv
Exception type : TypeError 
Exception message : float() argument must be a string or a real number, not 'complex'
Stack trace : ['File : /sfs/gpfs/tardis/home/xpz5km/Cahn_Hilliard_Model_HPC/spinodal_decomp/compare_L2_error.py , Line : 86, Func.Name : compare_L2_error_at_timepoint, Message : snapshot_NMG = read_specific_lines(f"{root}/{NMG_fname}", line_list)', 'File : /sfs/gpfs/tardis/home/xpz5km/Cahn_Hilliard_Model_HPC/spinodal_decomp/compare_L2_error.py , Line : 21, Func.Name : read_specific_lines, Message : digits.append(float(i))']
Python,2000,64,periodic,2000,2000,50p not recorded; dt_out too large.
Python,20,512,periodic,20,20,75p
NMG_Python_20_dt_5.50e-06_Nx_512_periodic_dtout_2075pphi.csv
Exception type : TypeError 
Exception message : float() argument must be a string or a real number, not 'complex'
Stack trace : ['File : /sfs/gpfs/tardis/home/xpz5km/Cahn_Hilliard_Model_HPC/spinodal_decomp/compare_L2_error.py , Line : 86, Func.Name : compare_L2_error_at_timepoint, Message : snapshot_NMG = read_specific_lines(f"{root}/{NMG_fname}", line_list)', 'File : /sfs/gpfs/tardis/home/xpz5km/Cahn_Hilliard_Model_HPC/spinodal_decomp/compare_L2_error.py , Line : 21, Func.Name : read_specific_lines, Message : digits.append(float(i))']
Python,20,512,neumann,20,20,25p
NMG_Python_20_dt_5.50e-06_Nx_512_neumann_dtout_2025pphi.csv
Exception type : TypeError 
Exception message : float() argument must be a string or a real number, not 'complex'
Stack trace : ['File : /sfs/gpfs/tardis/home/xpz5km/Cahn_Hilliard_Model_HPC/spinodal_decomp/compare_L2_error.py , Line : 86, Func.Name : compare_L2_error_at_timepoint, Message : snapshot_NMG = read_specific_lines(f"{root}/{NMG_fname}", line_list)', 'File : /sfs/gpfs/tardis/home/xpz5km/Cahn_Hilliard_Model_HPC/spinodal_decomp/compare_L2_error.py , Line : 21, Func.Name : read_specific_lines, Message : digits.append(float(i))']
Python,20,512,neumann,1,1,50p
NMG_Python_20_dt_5.50e-06_Nx_512_neumann_dtout_150pphi.csv
Exception type : TypeError 
Exception message : float() argument must be a string or a real number, not 'complex'
Stack trace : ['File : /sfs/gpfs/tardis/home/xpz5km/Cahn_Hilliard_Model_HPC/spinodal_decomp/compare_L2_error.py , Line : 86, Func.Name : compare_L2_error_at_timepoint, Message : snapshot_NMG = read_specific_lines(f"{root}/{NMG_fname}", line_list)', 'File : /sfs/gpfs/tardis/home/xpz5km/Cahn_Hilliard_Model_HPC/spinodal_decomp/compare_L2_error.py , Line : 21, Func.Name : read_specific_lines, Message : digits.append(float(i))']
Python,20,64,periodic,1,1,25p
NMG_Python_20_dt_5.50e-06_Nx_64_periodic_dtout_125pphi.csv
Exception type : TypeError 
Exception message : float() argument must be a string or a real number, not 'complex'
Stack trace : ['File : /sfs/gpfs/tardis/home/xpz5km/Cahn_Hilliard_Model_HPC/spinodal_decomp/compare_L2_error.py , Line : 86, Func.Name : compare_L2_error_at_timepoint, Message : snapshot_NMG = read_specific_lines(f"{root}/{NMG_fname}", line_list)', 'File : /sfs/gpfs/tardis/home/xpz5km/Cahn_Hilliard_Model_HPC/spinodal_decomp/compare_L2_error.py , Line : 21, Func.Name : read_specific_lines, Message : digits.append(float(i))']
Python,2000,128,neumann,2000,2000,75p not recorded; dt_out too large.
Python,20,128,periodic,20,20,50p
NMG_Python_20_dt_5.50e-06_Nx_128_periodic_dtout_2050pphi.csv
Exception type : TypeError 
Exception message : float() argument must be a string or a real number, not 'complex'
Stack trace : ['File : /sfs/gpfs/tardis/home/xpz5km/Cahn_Hilliard_Model_HPC/spinodal_decomp/compare_L2_error.py , Line : 86, Func.Name : compare_L2_error_at_timepoint, Message : snapshot_NMG = read_specific_lines(f"{root}/{NMG_fname}", line_list)', 'File : /sfs/gpfs/tardis/home/xpz5km/Cahn_Hilliard_Model_HPC/spinodal_decomp/compare_L2_error.py , Line : 21, Func.Name : read_specific_lines, Message : digits.append(float(i))']
Python,20,256,periodic,20,20,50p
NMG_Python_20_dt_5.50e-06_Nx_256_periodic_dtout_2050pphi.csv
Exception type : TypeError 
Exception message : float() argument must be a string or a real number, not 'complex'
Stack trace : ['File : /sfs/gpfs/tardis/home/xpz5km/Cahn_Hilliard_Model_HPC/spinodal_decomp/compare_L2_error.py , Line : 86, Func.Name : compare_L2_error_at_timepoint, Message : snapshot_NMG = read_specific_lines(f"{root}/{NMG_fname}", line_list)', 'File : /sfs/gpfs/tardis/home/xpz5km/Cahn_Hilliard_Model_HPC/spinodal_decomp/compare_L2_error.py , Line : 21, Func.Name : read_specific_lines, Message : digits.append(float(i))']
Python,2000,256,neumann,2000,2000,50p not recorded; dt_out too large.
Python,20,64,periodic,20,20,50p
NMG_Python_20_dt_5.50e-06_Nx_64_periodic_dtout_2050pphi.csv
Exception type : TypeError 
Exception message : float() argument must be a string or a real number, not 'complex'
Stack trace : ['File : /sfs/gpfs/tardis/home/xpz5km/Cahn_Hilliard_Model_HPC/spinodal_decomp/compare_L2_error.py , Line : 86, Func.Name : compare_L2_error_at_timepoint, Message : snapshot_NMG = read_specific_lines(f"{root}/{NMG_fname}", line_list)', 'File : /sfs/gpfs/tardis/home/xpz5km/Cahn_Hilliard_Model_HPC/spinodal_decomp/compare_L2_error.py , Line : 21, Func.Name : read_specific_lines, Message : digits.append(float(i))']
Python,2000,512,neumann,2000,2000,25p not recorded; dt_out too large.
Python,20,512,neumann,20,20,75p
NMG_Python_20_dt_5.50e-06_Nx_512_neumann_dtout_2075pphi.csv
Exception type : TypeError 
Exception message : float() argument must be a string or a real number, not 'complex'
Stack trace : ['File : /sfs/gpfs/tardis/home/xpz5km/Cahn_Hilliard_Model_HPC/spinodal_decomp/compare_L2_error.py , Line : 86, Func.Name : compare_L2_error_at_timepoint, Message : snapshot_NMG = read_specific_lines(f"{root}/{NMG_fname}", line_list)', 'File : /sfs/gpfs/tardis/home/xpz5km/Cahn_Hilliard_Model_HPC/spinodal_decomp/compare_L2_error.py , Line : 21, Func.Name : read_specific_lines, Message : digits.append(float(i))']
Python,20,256,neumann,20,20,25p
NMG_Python_20_dt_5.50e-06_Nx_256_neumann_dtout_2025pphi.csv
Exception type : TypeError 
Exception message : float() argument must be a string or a real number, not 'complex'
Stack trace : ['File : /sfs/gpfs/tardis/home/xpz5km/Cahn_Hilliard_Model_HPC/spinodal_decomp/compare_L2_error.py , Line : 86, Func.Name : compare_L2_error_at_timepoint, Message : snapshot_NMG = read_specific_lines(f"{root}/{NMG_fname}", line_list)', 'File : /sfs/gpfs/tardis/home/xpz5km/Cahn_Hilliard_Model_HPC/spinodal_decomp/compare_L2_error.py , Line : 21, Func.Name : read_specific_lines, Message : digits.append(float(i))']
Python,2000,64,neumann,2000,2000,75p not recorded; dt_out too large.
Python,20,128,neumann,20,20,25p
NMG_Python_20_dt_5.50e-06_Nx_128_neumann_dtout_2025pphi.csv
Exception type : TypeError 
Exception message : float() argument must be a string or a real number, not 'complex'
Stack trace : ['File : /sfs/gpfs/tardis/home/xpz5km/Cahn_Hilliard_Model_HPC/spinodal_decomp/compare_L2_error.py , Line : 86, Func.Name : compare_L2_error_at_timepoint, Message : snapshot_NMG = read_specific_lines(f"{root}/{NMG_fname}", line_list)', 'File : /sfs/gpfs/tardis/home/xpz5km/Cahn_Hilliard_Model_HPC/spinodal_decomp/compare_L2_error.py , Line : 21, Func.Name : read_specific_lines, Message : digits.append(float(i))']
Python,20,64,periodic,20,20,75p
NMG_Python_20_dt_5.50e-06_Nx_64_periodic_dtout_2075pphi.csv
Exception type : TypeError 
Exception message : float() argument must be a string or a real number, not 'complex'
Stack trace : ['File : /sfs/gpfs/tardis/home/xpz5km/Cahn_Hilliard_Model_HPC/spinodal_decomp/compare_L2_error.py , Line : 86, Func.Name : compare_L2_error_at_timepoint, Message : snapshot_NMG = read_specific_lines(f"{root}/{NMG_fname}", line_list)', 'File : /sfs/gpfs/tardis/home/xpz5km/Cahn_Hilliard_Model_HPC/spinodal_decomp/compare_L2_error.py , Line : 21, Func.Name : read_specific_lines, Message : digits.append(float(i))']
Python,20,256,periodic,1,1,75p
NMG_Python_20_dt_5.50e-06_Nx_256_periodic_dtout_175pphi.csv
Exception type : TypeError 
Exception message : float() argument must be a string or a real number, not 'complex'
Stack trace : ['File : /sfs/gpfs/tardis/home/xpz5km/Cahn_Hilliard_Model_HPC/spinodal_decomp/compare_L2_error.py , Line : 86, Func.Name : compare_L2_error_at_timepoint, Message : snapshot_NMG = read_specific_lines(f"{root}/{NMG_fname}", line_list)', 'File : /sfs/gpfs/tardis/home/xpz5km/Cahn_Hilliard_Model_HPC/spinodal_decomp/compare_L2_error.py , Line : 21, Func.Name : read_specific_lines, Message : digits.append(float(i))']
Python,20,64,periodic,1,1,50p
NMG_Python_20_dt_5.50e-06_Nx_64_periodic_dtout_150pphi.csv
Exception type : TypeError 
Exception message : float() argument must be a string or a real number, not 'complex'
Stack trace : ['File : /sfs/gpfs/tardis/home/xpz5km/Cahn_Hilliard_Model_HPC/spinodal_decomp/compare_L2_error.py , Line : 86, Func.Name : compare_L2_error_at_timepoint, Message : snapshot_NMG = read_specific_lines(f"{root}/{NMG_fname}", line_list)', 'File : /sfs/gpfs/tardis/home/xpz5km/Cahn_Hilliard_Model_HPC/spinodal_decomp/compare_L2_error.py , Line : 21, Func.Name : read_specific_lines, Message : digits.append(float(i))']
Python,20,128,periodic,1,1,25p
NMG_Python_20_dt_5.50e-06_Nx_128_periodic_dtout_125pphi.csv
Exception type : TypeError 
Exception message : float() argument must be a string or a real number, not 'complex'
Stack trace : ['File : /sfs/gpfs/tardis/home/xpz5km/Cahn_Hilliard_Model_HPC/spinodal_decomp/compare_L2_error.py , Line : 86, Func.Name : compare_L2_error_at_timepoint, Message : snapshot_NMG = read_specific_lines(f"{root}/{NMG_fname}", line_list)', 'File : /sfs/gpfs/tardis/home/xpz5km/Cahn_Hilliard_Model_HPC/spinodal_decomp/compare_L2_error.py , Line : 21, Func.Name : read_specific_lines, Message : digits.append(float(i))']
11
Python,20,256,neumann,20,20,75p
NMG_Python_20_dt_5.50e-06_Nx_256_neumann_dtout_2075pphi.csv
Exception type : TypeError 
Exception message : float() argument must be a string or a real number, not 'complex'
Stack trace : ['File : /sfs/gpfs/tardis/home/xpz5km/Cahn_Hilliard_Model_HPC/spinodal_decomp/compare_L2_error.py , Line : 86, Func.Name : compare_L2_error_at_timepoint, Message : snapshot_NMG = read_specific_lines(f"{root}/{NMG_fname}", line_list)', 'File : /sfs/gpfs/tardis/home/xpz5km/Cahn_Hilliard_Model_HPC/spinodal_decomp/compare_L2_error.py , Line : 21, Func.Name : read_specific_lines, Message : digits.append(float(i))']
Python,2000,256,neumann,2000,2000,25p not recorded; dt_out too large.
Python,20,128,periodic,20,20,25p
NMG_Python_20_dt_5.50e-06_Nx_128_periodic_dtout_2025pphi.csv
Exception type : TypeError 
Exception message : float() argument must be a string or a real number, not 'complex'
Stack trace : ['File : /sfs/gpfs/tardis/home/xpz5km/Cahn_Hilliard_Model_HPC/spinodal_decomp/compare_L2_error.py , Line : 86, Func.Name : compare_L2_error_at_timepoint, Message : snapshot_NMG = read_specific_lines(f"{root}/{NMG_fname}", line_list)', 'File : /sfs/gpfs/tardis/home/xpz5km/Cahn_Hilliard_Model_HPC/spinodal_decomp/compare_L2_error.py , Line : 21, Func.Name : read_specific_lines, Message : digits.append(float(i))']
Python,2000,256,periodic,2000,2000,50p not recorded; dt_out too large.
Python,20,256,periodic,20,20,25p
NMG_Python_20_dt_5.50e-06_Nx_256_periodic_dtout_2025pphi.csv
Exception type : TypeError 
Exception message : float() argument must be a string or a real number, not 'complex'
Stack trace : ['File : /sfs/gpfs/tardis/home/xpz5km/Cahn_Hilliard_Model_HPC/spinodal_decomp/compare_L2_error.py , Line : 86, Func.Name : compare_L2_error_at_timepoint, Message : snapshot_NMG = read_specific_lines(f"{root}/{NMG_fname}", line_list)', 'File : /sfs/gpfs/tardis/home/xpz5km/Cahn_Hilliard_Model_HPC/spinodal_decomp/compare_L2_error.py , Line : 21, Func.Name : read_specific_lines, Message : digits.append(float(i))']
Python,20,512,neumann,20,20,50p
NMG_Python_20_dt_5.50e-06_Nx_512_neumann_dtout_2050pphi.csv
Exception type : TypeError 
Exception message : float() argument must be a string or a real number, not 'complex'
Stack trace : ['File : /sfs/gpfs/tardis/home/xpz5km/Cahn_Hilliard_Model_HPC/spinodal_decomp/compare_L2_error.py , Line : 86, Func.Name : compare_L2_error_at_timepoint, Message : snapshot_NMG = read_specific_lines(f"{root}/{NMG_fname}", line_list)', 'File : /sfs/gpfs/tardis/home/xpz5km/Cahn_Hilliard_Model_HPC/spinodal_decomp/compare_L2_error.py , Line : 21, Func.Name : read_specific_lines, Message : digits.append(float(i))']
Python,2000,512,periodic,2000,2000,25p not recorded; dt_out too large.
Python,2000,64,periodic,2000,2000,75p not recorded; dt_out too large.
Python,2000,256,periodic,2000,2000,25p not recorded; dt_out too large.
Python,2000,256,neumann,2000,2000,75p not recorded; dt_out too large.
Python,2000,128,periodic,2000,2000,75p not recorded; dt_out too large.
Python,20,128,neumann,1,1,25p
NMG_Python_20_dt_5.50e-06_Nx_128_neumann_dtout_125pphi.csv
Exception type : TypeError 
Exception message : float() argument must be a string or a real number, not 'complex'
Stack trace : ['File : /sfs/gpfs/tardis/home/xpz5km/Cahn_Hilliard_Model_HPC/spinodal_decomp/compare_L2_error.py , Line : 86, Func.Name : compare_L2_error_at_timepoint, Message : snapshot_NMG = read_specific_lines(f"{root}/{NMG_fname}", line_list)', 'File : /sfs/gpfs/tardis/home/xpz5km/Cahn_Hilliard_Model_HPC/spinodal_decomp/compare_L2_error.py , Line : 21, Func.Name : read_specific_lines, Message : digits.append(float(i))']
Python,2000,256,periodic,2000,2000,75p not recorded; dt_out too large.
Python,20,256,neumann,20,20,50p
NMG_Python_20_dt_5.50e-06_Nx_256_neumann_dtout_2050pphi.csv
Exception type : TypeError 
Exception message : float() argument must be a string or a real number, not 'complex'
Stack trace : ['File : /sfs/gpfs/tardis/home/xpz5km/Cahn_Hilliard_Model_HPC/spinodal_decomp/compare_L2_error.py , Line : 86, Func.Name : compare_L2_error_at_timepoint, Message : snapshot_NMG = read_specific_lines(f"{root}/{NMG_fname}", line_list)', 'File : /sfs/gpfs/tardis/home/xpz5km/Cahn_Hilliard_Model_HPC/spinodal_decomp/compare_L2_error.py , Line : 21, Func.Name : read_specific_lines, Message : digits.append(float(i))']
Python,2000,128,neumann,2000,2000,25p not recorded; dt_out too large.
Python,20,64,periodic,1,1,75p
NMG_Python_20_dt_5.50e-06_Nx_64_periodic_dtout_175pphi.csv
Exception type : TypeError 
Exception message : float() argument must be a string or a real number, not 'complex'
Stack trace : ['File : /sfs/gpfs/tardis/home/xpz5km/Cahn_Hilliard_Model_HPC/spinodal_decomp/compare_L2_error.py , Line : 86, Func.Name : compare_L2_error_at_timepoint, Message : snapshot_NMG = read_specific_lines(f"{root}/{NMG_fname}", line_list)', 'File : /sfs/gpfs/tardis/home/xpz5km/Cahn_Hilliard_Model_HPC/spinodal_decomp/compare_L2_error.py , Line : 21, Func.Name : read_specific_lines, Message : digits.append(float(i))']
Python,20,256,periodic,1,1,50p
NMG_Python_20_dt_5.50e-06_Nx_256_periodic_dtout_150pphi.csv
Exception type : TypeError 
Exception message : float() argument must be a string or a real number, not 'complex'
Stack trace : ['File : /sfs/gpfs/tardis/home/xpz5km/Cahn_Hilliard_Model_HPC/spinodal_decomp/compare_L2_error.py , Line : 86, Func.Name : compare_L2_error_at_timepoint, Message : snapshot_NMG = read_specific_lines(f"{root}/{NMG_fname}", line_list)', 'File : /sfs/gpfs/tardis/home/xpz5km/Cahn_Hilliard_Model_HPC/spinodal_decomp/compare_L2_error.py , Line : 21, Func.Name : read_specific_lines, Message : digits.append(float(i))']
Python,20,128,neumann,1,1,75p
NMG_Python_20_dt_5.50e-06_Nx_128_neumann_dtout_175pphi.csv
Exception type : TypeError 
Exception message : float() argument must be a string or a real number, not 'complex'
Stack trace : ['File : /sfs/gpfs/tardis/home/xpz5km/Cahn_Hilliard_Model_HPC/spinodal_decomp/compare_L2_error.py , Line : 86, Func.Name : compare_L2_error_at_timepoint, Message : snapshot_NMG = read_specific_lines(f"{root}/{NMG_fname}", line_list)', 'File : /sfs/gpfs/tardis/home/xpz5km/Cahn_Hilliard_Model_HPC/spinodal_decomp/compare_L2_error.py , Line : 21, Func.Name : read_specific_lines, Message : digits.append(float(i))']
Python,20,64,neumann,1,1,50p
NMG_Python_20_dt_5.50e-06_Nx_64_neumann_dtout_150pphi.csv
Exception type : TypeError 
Exception message : float() argument must be a string or a real number, not 'complex'
Stack trace : ['File : /sfs/gpfs/tardis/home/xpz5km/Cahn_Hilliard_Model_HPC/spinodal_decomp/compare_L2_error.py , Line : 86, Func.Name : compare_L2_error_at_timepoint, Message : snapshot_NMG = read_specific_lines(f"{root}/{NMG_fname}", line_list)', 'File : /sfs/gpfs/tardis/home/xpz5km/Cahn_Hilliard_Model_HPC/spinodal_decomp/compare_L2_error.py , Line : 21, Func.Name : read_specific_lines, Message : digits.append(float(i))']
Python,20,256,neumann,1,1,50p
NMG_Python_20_dt_5.50e-06_Nx_256_neumann_dtout_150pphi.csv
Exception type : TypeError 
Exception message : float() argument must be a string or a real number, not 'complex'
Stack trace : ['File : /sfs/gpfs/tardis/home/xpz5km/Cahn_Hilliard_Model_HPC/spinodal_decomp/compare_L2_error.py , Line : 86, Func.Name : compare_L2_error_at_timepoint, Message : snapshot_NMG = read_specific_lines(f"{root}/{NMG_fname}", line_list)', 'File : /sfs/gpfs/tardis/home/xpz5km/Cahn_Hilliard_Model_HPC/spinodal_decomp/compare_L2_error.py , Line : 21, Func.Name : read_specific_lines, Message : digits.append(float(i))']
Python,20,512,neumann,1,1,25p
NMG_Python_20_dt_5.50e-06_Nx_512_neumann_dtout_125pphi.csv
Exception type : TypeError 
Exception message : float() argument must be a string or a real number, not 'complex'
Stack trace : ['File : /sfs/gpfs/tardis/home/xpz5km/Cahn_Hilliard_Model_HPC/spinodal_decomp/compare_L2_error.py , Line : 86, Func.Name : compare_L2_error_at_timepoint, Message : snapshot_NMG = read_specific_lines(f"{root}/{NMG_fname}", line_list)', 'File : /sfs/gpfs/tardis/home/xpz5km/Cahn_Hilliard_Model_HPC/spinodal_decomp/compare_L2_error.py , Line : 21, Func.Name : read_specific_lines, Message : digits.append(float(i))']
Python,2000,128,neumann,2000,2000,50p not recorded; dt_out too large.
Python,2000,512,periodic,2000,2000,50p not recorded; dt_out too large.
Python,20,256,neumann,1,1,75p
NMG_Python_20_dt_5.50e-06_Nx_256_neumann_dtout_175pphi.csv
Exception type : TypeError 
Exception message : float() argument must be a string or a real number, not 'complex'
Stack trace : ['File : /sfs/gpfs/tardis/home/xpz5km/Cahn_Hilliard_Model_HPC/spinodal_decomp/compare_L2_error.py , Line : 86, Func.Name : compare_L2_error_at_timepoint, Message : snapshot_NMG = read_specific_lines(f"{root}/{NMG_fname}", line_list)', 'File : /sfs/gpfs/tardis/home/xpz5km/Cahn_Hilliard_Model_HPC/spinodal_decomp/compare_L2_error.py , Line : 21, Func.Name : read_specific_lines, Message : digits.append(float(i))']
Python,20,128,neumann,20,20,50p
NMG_Python_20_dt_5.50e-06_Nx_128_neumann_dtout_2050pphi.csv
Exception type : TypeError 
Exception message : float() argument must be a string or a real number, not 'complex'
Stack trace : ['File : /sfs/gpfs/tardis/home/xpz5km/Cahn_Hilliard_Model_HPC/spinodal_decomp/compare_L2_error.py , Line : 86, Func.Name : compare_L2_error_at_timepoint, Message : snapshot_NMG = read_specific_lines(f"{root}/{NMG_fname}", line_list)', 'File : /sfs/gpfs/tardis/home/xpz5km/Cahn_Hilliard_Model_HPC/spinodal_decomp/compare_L2_error.py , Line : 21, Func.Name : read_specific_lines, Message : digits.append(float(i))']
Python,20,128,periodic,1,1,50p
NMG_Python_20_dt_5.50e-06_Nx_128_periodic_dtout_150pphi.csv
Exception type : TypeError 
Exception message : float() argument must be a string or a real number, not 'complex'
Stack trace : ['File : /sfs/gpfs/tardis/home/xpz5km/Cahn_Hilliard_Model_HPC/spinodal_decomp/compare_L2_error.py , Line : 86, Func.Name : compare_L2_error_at_timepoint, Message : snapshot_NMG = read_specific_lines(f"{root}/{NMG_fname}", line_list)', 'File : /sfs/gpfs/tardis/home/xpz5km/Cahn_Hilliard_Model_HPC/spinodal_decomp/compare_L2_error.py , Line : 21, Func.Name : read_specific_lines, Message : digits.append(float(i))']
Python,20,256,neumann,1,1,25p
NMG_Python_20_dt_5.50e-06_Nx_256_neumann_dtout_125pphi.csv
Exception type : TypeError 
Exception message : float() argument must be a string or a real number, not 'complex'
Stack trace : ['File : /sfs/gpfs/tardis/home/xpz5km/Cahn_Hilliard_Model_HPC/spinodal_decomp/compare_L2_error.py , Line : 86, Func.Name : compare_L2_error_at_timepoint, Message : snapshot_NMG = read_specific_lines(f"{root}/{NMG_fname}", line_list)', 'File : /sfs/gpfs/tardis/home/xpz5km/Cahn_Hilliard_Model_HPC/spinodal_decomp/compare_L2_error.py , Line : 21, Func.Name : read_specific_lines, Message : digits.append(float(i))']
Python,20,64,neumann,1,1,75p
NMG_Python_20_dt_5.50e-06_Nx_64_neumann_dtout_175pphi.csv
Exception type : TypeError 
Exception message : float() argument must be a string or a real number, not 'complex'
Stack trace : ['File : /sfs/gpfs/tardis/home/xpz5km/Cahn_Hilliard_Model_HPC/spinodal_decomp/compare_L2_error.py , Line : 86, Func.Name : compare_L2_error_at_timepoint, Message : snapshot_NMG = read_specific_lines(f"{root}/{NMG_fname}", line_list)', 'File : /sfs/gpfs/tardis/home/xpz5km/Cahn_Hilliard_Model_HPC/spinodal_decomp/compare_L2_error.py , Line : 21, Func.Name : read_specific_lines, Message : digits.append(float(i))']
Python,20,256,periodic,1,1,25p
NMG_Python_20_dt_5.50e-06_Nx_256_periodic_dtout_125pphi.csv
Exception type : TypeError 
Exception message : float() argument must be a string or a real number, not 'complex'
Stack trace : ['File : /sfs/gpfs/tardis/home/xpz5km/Cahn_Hilliard_Model_HPC/spinodal_decomp/compare_L2_error.py , Line : 86, Func.Name : compare_L2_error_at_timepoint, Message : snapshot_NMG = read_specific_lines(f"{root}/{NMG_fname}", line_list)', 'File : /sfs/gpfs/tardis/home/xpz5km/Cahn_Hilliard_Model_HPC/spinodal_decomp/compare_L2_error.py , Line : 21, Func.Name : read_specific_lines, Message : digits.append(float(i))']
Python,20,64,periodic,20,20,25p
NMG_Python_20_dt_5.50e-06_Nx_64_periodic_dtout_2025pphi.csv
Exception type : TypeError 
Exception message : float() argument must be a string or a real number, not 'complex'
Stack trace : ['File : /sfs/gpfs/tardis/home/xpz5km/Cahn_Hilliard_Model_HPC/spinodal_decomp/compare_L2_error.py , Line : 86, Func.Name : compare_L2_error_at_timepoint, Message : snapshot_NMG = read_specific_lines(f"{root}/{NMG_fname}", line_list)', 'File : /sfs/gpfs/tardis/home/xpz5km/Cahn_Hilliard_Model_HPC/spinodal_decomp/compare_L2_error.py , Line : 21, Func.Name : read_specific_lines, Message : digits.append(float(i))']
Python,20,512,periodic,1,1,50p
NMG_Python_20_dt_5.50e-06_Nx_512_periodic_dtout_150pphi.csv
Exception type : TypeError 
Exception message : float() argument must be a string or a real number, not 'complex'
Stack trace : ['File : /sfs/gpfs/tardis/home/xpz5km/Cahn_Hilliard_Model_HPC/spinodal_decomp/compare_L2_error.py , Line : 86, Func.Name : compare_L2_error_at_timepoint, Message : snapshot_NMG = read_specific_lines(f"{root}/{NMG_fname}", line_list)', 'File : /sfs/gpfs/tardis/home/xpz5km/Cahn_Hilliard_Model_HPC/spinodal_decomp/compare_L2_error.py , Line : 21, Func.Name : read_specific_lines, Message : digits.append(float(i))']
Python,2000,512,neumann,2000,2000,50p not recorded; dt_out too large.
Python,2000,512,neumann,2000,2000,75p not recorded; dt_out too large.
Python,20,512,periodic,20,20,25p
NMG_Python_20_dt_5.50e-06_Nx_512_periodic_dtout_2025pphi.csv
Exception type : TypeError 
Exception message : float() argument must be a string or a real number, not 'complex'
Stack trace : ['File : /sfs/gpfs/tardis/home/xpz5km/Cahn_Hilliard_Model_HPC/spinodal_decomp/compare_L2_error.py , Line : 86, Func.Name : compare_L2_error_at_timepoint, Message : snapshot_NMG = read_specific_lines(f"{root}/{NMG_fname}", line_list)', 'File : /sfs/gpfs/tardis/home/xpz5km/Cahn_Hilliard_Model_HPC/spinodal_decomp/compare_L2_error.py , Line : 21, Func.Name : read_specific_lines, Message : digits.append(float(i))']
Python,20,64,neumann,20,20,50p
NMG_Python_20_dt_5.50e-06_Nx_64_neumann_dtout_2050pphi.csv
Exception type : TypeError 
Exception message : float() argument must be a string or a real number, not 'complex'
Stack trace : ['File : /sfs/gpfs/tardis/home/xpz5km/Cahn_Hilliard_Model_HPC/spinodal_decomp/compare_L2_error.py , Line : 86, Func.Name : compare_L2_error_at_timepoint, Message : snapshot_NMG = read_specific_lines(f"{root}/{NMG_fname}", line_list)', 'File : /sfs/gpfs/tardis/home/xpz5km/Cahn_Hilliard_Model_HPC/spinodal_decomp/compare_L2_error.py , Line : 21, Func.Name : read_specific_lines, Message : digits.append(float(i))']
Python,20,128,neumann,20,20,75p
NMG_Python_20_dt_5.50e-06_Nx_128_neumann_dtout_2075pphi.csv
Exception type : TypeError 
Exception message : float() argument must be a string or a real number, not 'complex'
Stack trace : ['File : /sfs/gpfs/tardis/home/xpz5km/Cahn_Hilliard_Model_HPC/spinodal_decomp/compare_L2_error.py , Line : 86, Func.Name : compare_L2_error_at_timepoint, Message : snapshot_NMG = read_specific_lines(f"{root}/{NMG_fname}", line_list)', 'File : /sfs/gpfs/tardis/home/xpz5km/Cahn_Hilliard_Model_HPC/spinodal_decomp/compare_L2_error.py , Line : 21, Func.Name : read_specific_lines, Message : digits.append(float(i))']
Python,20,64,neumann,1,1,25p
NMG_Python_20_dt_5.50e-06_Nx_64_neumann_dtout_125pphi.csv
Exception type : TypeError 
Exception message : float() argument must be a string or a real number, not 'complex'
Stack trace : ['File : /sfs/gpfs/tardis/home/xpz5km/Cahn_Hilliard_Model_HPC/spinodal_decomp/compare_L2_error.py , Line : 86, Func.Name : compare_L2_error_at_timepoint, Message : snapshot_NMG = read_specific_lines(f"{root}/{NMG_fname}", line_list)', 'File : /sfs/gpfs/tardis/home/xpz5km/Cahn_Hilliard_Model_HPC/spinodal_decomp/compare_L2_error.py , Line : 21, Func.Name : read_specific_lines, Message : digits.append(float(i))']
Python,2000,64,neumann,2000,2000,25p not recorded; dt_out too large.
Python,20,512,periodic,1,1,25p
NMG_Python_20_dt_5.50e-06_Nx_512_periodic_dtout_125pphi.csv
Exception type : TypeError 
Exception message : float() argument must be a string or a real number, not 'complex'
Stack trace : ['File : /sfs/gpfs/tardis/home/xpz5km/Cahn_Hilliard_Model_HPC/spinodal_decomp/compare_L2_error.py , Line : 86, Func.Name : compare_L2_error_at_timepoint, Message : snapshot_NMG = read_specific_lines(f"{root}/{NMG_fname}", line_list)', 'File : /sfs/gpfs/tardis/home/xpz5km/Cahn_Hilliard_Model_HPC/spinodal_decomp/compare_L2_error.py , Line : 21, Func.Name : read_specific_lines, Message : digits.append(float(i))']
Python,2000,128,periodic,2000,2000,25p not recorded; dt_out too large.
Python,20,512,periodic,20,20,50p
NMG_Python_20_dt_5.50e-06_Nx_512_periodic_dtout_2050pphi.csv
Exception type : TypeError 
Exception message : float() argument must be a string or a real number, not 'complex'
Stack trace : ['File : /sfs/gpfs/tardis/home/xpz5km/Cahn_Hilliard_Model_HPC/spinodal_decomp/compare_L2_error.py , Line : 86, Func.Name : compare_L2_error_at_timepoint, Message : snapshot_NMG = read_specific_lines(f"{root}/{NMG_fname}", line_list)', 'File : /sfs/gpfs/tardis/home/xpz5km/Cahn_Hilliard_Model_HPC/spinodal_decomp/compare_L2_error.py , Line : 21, Func.Name : read_specific_lines, Message : digits.append(float(i))']
Python,2000,512,periodic,2000,2000,75p not recorded; dt_out too large.
Python,20,128,periodic,1,1,75p
NMG_Python_20_dt_5.50e-06_Nx_128_periodic_dtout_175pphi.csv
Exception type : TypeError 
Exception message : float() argument must be a string or a real number, not 'complex'
Stack trace : ['File : /sfs/gpfs/tardis/home/xpz5km/Cahn_Hilliard_Model_HPC/spinodal_decomp/compare_L2_error.py , Line : 86, Func.Name : compare_L2_error_at_timepoint, Message : snapshot_NMG = read_specific_lines(f"{root}/{NMG_fname}", line_list)', 'File : /sfs/gpfs/tardis/home/xpz5km/Cahn_Hilliard_Model_HPC/spinodal_decomp/compare_L2_error.py , Line : 21, Func.Name : read_specific_lines, Message : digits.append(float(i))']
Python,20,512,periodic,1,1,75p
NMG_Python_20_dt_5.50e-06_Nx_512_periodic_dtout_175pphi.csv
Exception type : TypeError 
Exception message : float() argument must be a string or a real number, not 'complex'
Stack trace : ['File : /sfs/gpfs/tardis/home/xpz5km/Cahn_Hilliard_Model_HPC/spinodal_decomp/compare_L2_error.py , Line : 86, Func.Name : compare_L2_error_at_timepoint, Message : snapshot_NMG = read_specific_lines(f"{root}/{NMG_fname}", line_list)', 'File : /sfs/gpfs/tardis/home/xpz5km/Cahn_Hilliard_Model_HPC/spinodal_decomp/compare_L2_error.py , Line : 21, Func.Name : read_specific_lines, Message : digits.append(float(i))']
Python,20,128,neumann,1,1,50p
NMG_Python_20_dt_5.50e-06_Nx_128_neumann_dtout_150pphi.csv
Exception type : TypeError 
Exception message : float() argument must be a string or a real number, not 'complex'
Stack trace : ['File : /sfs/gpfs/tardis/home/xpz5km/Cahn_Hilliard_Model_HPC/spinodal_decomp/compare_L2_error.py , Line : 86, Func.Name : compare_L2_error_at_timepoint, Message : snapshot_NMG = read_specific_lines(f"{root}/{NMG_fname}", line_list)', 'File : /sfs/gpfs/tardis/home/xpz5km/Cahn_Hilliard_Model_HPC/spinodal_decomp/compare_L2_error.py , Line : 21, Func.Name : read_specific_lines, Message : digits.append(float(i))']
Python,2000,64,periodic,2000,2000,25p not recorded; dt_out too large.
Python,20,128,periodic,20,20,75p
NMG_Python_20_dt_5.50e-06_Nx_128_periodic_dtout_2075pphi.csv
Exception type : TypeError 
Exception message : float() argument must be a string or a real number, not 'complex'
Stack trace : ['File : /sfs/gpfs/tardis/home/xpz5km/Cahn_Hilliard_Model_HPC/spinodal_decomp/compare_L2_error.py , Line : 86, Func.Name : compare_L2_error_at_timepoint, Message : snapshot_NMG = read_specific_lines(f"{root}/{NMG_fname}", line_list)', 'File : /sfs/gpfs/tardis/home/xpz5km/Cahn_Hilliard_Model_HPC/spinodal_decomp/compare_L2_error.py , Line : 21, Func.Name : read_specific_lines, Message : digits.append(float(i))']
Python,2000,64,neumann,2000,2000,50p not recorded; dt_out too large.
Python,2000,128,periodic,2000,2000,50p not recorded; dt_out too large.
Python,20,256,periodic,20,20,75p
NMG_Python_20_dt_5.50e-06_Nx_256_periodic_dtout_2075pphi.csv
Exception type : TypeError 
Exception message : float() argument must be a string or a real number, not 'complex'
Stack trace : ['File : /sfs/gpfs/tardis/home/xpz5km/Cahn_Hilliard_Model_HPC/spinodal_decomp/compare_L2_error.py , Line : 86, Func.Name : compare_L2_error_at_timepoint, Message : snapshot_NMG = read_specific_lines(f"{root}/{NMG_fname}", line_list)', 'File : /sfs/gpfs/tardis/home/xpz5km/Cahn_Hilliard_Model_HPC/spinodal_decomp/compare_L2_error.py , Line : 21, Func.Name : read_specific_lines, Message : digits.append(float(i))']
Python,20,512,neumann,1,1,75p
NMG_Python_20_dt_5.50e-06_Nx_512_neumann_dtout_175pphi.csv
Exception type : TypeError 
Exception message : float() argument must be a string or a real number, not 'complex'
Stack trace : ['File : /sfs/gpfs/tardis/home/xpz5km/Cahn_Hilliard_Model_HPC/spinodal_decomp/compare_L2_error.py , Line : 86, Func.Name : compare_L2_error_at_timepoint, Message : snapshot_NMG = read_specific_lines(f"{root}/{NMG_fname}", line_list)', 'File : /sfs/gpfs/tardis/home/xpz5km/Cahn_Hilliard_Model_HPC/spinodal_decomp/compare_L2_error.py , Line : 21, Func.Name : read_specific_lines, Message : digits.append(float(i))']
Python,20,64,neumann,20,20,25p
NMG_Python_20_dt_5.50e-06_Nx_64_neumann_dtout_2025pphi.csv
Exception type : TypeError 
Exception message : float() argument must be a string or a real number, not 'complex'
Stack trace : ['File : /sfs/gpfs/tardis/home/xpz5km/Cahn_Hilliard_Model_HPC/spinodal_decomp/compare_L2_error.py , Line : 86, Func.Name : compare_L2_error_at_timepoint, Message : snapshot_NMG = read_specific_lines(f"{root}/{NMG_fname}", line_list)', 'File : /sfs/gpfs/tardis/home/xpz5km/Cahn_Hilliard_Model_HPC/spinodal_decomp/compare_L2_error.py , Line : 21, Func.Name : read_specific_lines, Message : digits.append(float(i))']
Python,20,64,neumann,20,20,75p
NMG_Python_20_dt_5.50e-06_Nx_64_neumann_dtout_2075pphi.csv
Exception type : TypeError 
Exception message : float() argument must be a string or a real number, not 'complex'
Stack trace : ['File : /sfs/gpfs/tardis/home/xpz5km/Cahn_Hilliard_Model_HPC/spinodal_decomp/compare_L2_error.py , Line : 86, Func.Name : compare_L2_error_at_timepoint, Message : snapshot_NMG = read_specific_lines(f"{root}/{NMG_fname}", line_list)', 'File : /sfs/gpfs/tardis/home/xpz5km/Cahn_Hilliard_Model_HPC/spinodal_decomp/compare_L2_error.py , Line : 21, Func.Name : read_specific_lines, Message : digits.append(float(i))']
Python,2000,64,periodic,2000,2000,50p not recorded; dt_out too large.
Python,20,512,periodic,20,20,75p
NMG_Python_20_dt_5.50e-06_Nx_512_periodic_dtout_2075pphi.csv
Exception type : TypeError 
Exception message : float() argument must be a string or a real number, not 'complex'
Stack trace : ['File : /sfs/gpfs/tardis/home/xpz5km/Cahn_Hilliard_Model_HPC/spinodal_decomp/compare_L2_error.py , Line : 86, Func.Name : compare_L2_error_at_timepoint, Message : snapshot_NMG = read_specific_lines(f"{root}/{NMG_fname}", line_list)', 'File : /sfs/gpfs/tardis/home/xpz5km/Cahn_Hilliard_Model_HPC/spinodal_decomp/compare_L2_error.py , Line : 21, Func.Name : read_specific_lines, Message : digits.append(float(i))']
Python,20,512,neumann,20,20,25p
NMG_Python_20_dt_5.50e-06_Nx_512_neumann_dtout_2025pphi.csv
Exception type : TypeError 
Exception message : float() argument must be a string or a real number, not 'complex'
Stack trace : ['File : /sfs/gpfs/tardis/home/xpz5km/Cahn_Hilliard_Model_HPC/spinodal_decomp/compare_L2_error.py , Line : 86, Func.Name : compare_L2_error_at_timepoint, Message : snapshot_NMG = read_specific_lines(f"{root}/{NMG_fname}", line_list)', 'File : /sfs/gpfs/tardis/home/xpz5km/Cahn_Hilliard_Model_HPC/spinodal_decomp/compare_L2_error.py , Line : 21, Func.Name : read_specific_lines, Message : digits.append(float(i))']
Python,20,512,neumann,1,1,50p
NMG_Python_20_dt_5.50e-06_Nx_512_neumann_dtout_150pphi.csv
Exception type : TypeError 
Exception message : float() argument must be a string or a real number, not 'complex'
Stack trace : ['File : /sfs/gpfs/tardis/home/xpz5km/Cahn_Hilliard_Model_HPC/spinodal_decomp/compare_L2_error.py , Line : 86, Func.Name : compare_L2_error_at_timepoint, Message : snapshot_NMG = read_specific_lines(f"{root}/{NMG_fname}", line_list)', 'File : /sfs/gpfs/tardis/home/xpz5km/Cahn_Hilliard_Model_HPC/spinodal_decomp/compare_L2_error.py , Line : 21, Func.Name : read_specific_lines, Message : digits.append(float(i))']
Python,20,64,periodic,1,1,25p
NMG_Python_20_dt_5.50e-06_Nx_64_periodic_dtout_125pphi.csv
Exception type : TypeError 
Exception message : float() argument must be a string or a real number, not 'complex'
Stack trace : ['File : /sfs/gpfs/tardis/home/xpz5km/Cahn_Hilliard_Model_HPC/spinodal_decomp/compare_L2_error.py , Line : 86, Func.Name : compare_L2_error_at_timepoint, Message : snapshot_NMG = read_specific_lines(f"{root}/{NMG_fname}", line_list)', 'File : /sfs/gpfs/tardis/home/xpz5km/Cahn_Hilliard_Model_HPC/spinodal_decomp/compare_L2_error.py , Line : 21, Func.Name : read_specific_lines, Message : digits.append(float(i))']
Python,2000,128,neumann,2000,2000,75p not recorded; dt_out too large.
Python,20,128,periodic,20,20,50p
NMG_Python_20_dt_5.50e-06_Nx_128_periodic_dtout_2050pphi.csv
Exception type : TypeError 
Exception message : float() argument must be a string or a real number, not 'complex'
Stack trace : ['File : /sfs/gpfs/tardis/home/xpz5km/Cahn_Hilliard_Model_HPC/spinodal_decomp/compare_L2_error.py , Line : 86, Func.Name : compare_L2_error_at_timepoint, Message : snapshot_NMG = read_specific_lines(f"{root}/{NMG_fname}", line_list)', 'File : /sfs/gpfs/tardis/home/xpz5km/Cahn_Hilliard_Model_HPC/spinodal_decomp/compare_L2_error.py , Line : 21, Func.Name : read_specific_lines, Message : digits.append(float(i))']
Python,20,256,periodic,20,20,50p
NMG_Python_20_dt_5.50e-06_Nx_256_periodic_dtout_2050pphi.csv
Exception type : TypeError 
Exception message : float() argument must be a string or a real number, not 'complex'
Stack trace : ['File : /sfs/gpfs/tardis/home/xpz5km/Cahn_Hilliard_Model_HPC/spinodal_decomp/compare_L2_error.py , Line : 86, Func.Name : compare_L2_error_at_timepoint, Message : snapshot_NMG = read_specific_lines(f"{root}/{NMG_fname}", line_list)', 'File : /sfs/gpfs/tardis/home/xpz5km/Cahn_Hilliard_Model_HPC/spinodal_decomp/compare_L2_error.py , Line : 21, Func.Name : read_specific_lines, Message : digits.append(float(i))']
Python,2000,256,neumann,2000,2000,50p not recorded; dt_out too large.
Python,20,64,periodic,20,20,50p
NMG_Python_20_dt_5.50e-06_Nx_64_periodic_dtout_2050pphi.csv
Exception type : TypeError 
Exception message : float() argument must be a string or a real number, not 'complex'
Stack trace : ['File : /sfs/gpfs/tardis/home/xpz5km/Cahn_Hilliard_Model_HPC/spinodal_decomp/compare_L2_error.py , Line : 86, Func.Name : compare_L2_error_at_timepoint, Message : snapshot_NMG = read_specific_lines(f"{root}/{NMG_fname}", line_list)', 'File : /sfs/gpfs/tardis/home/xpz5km/Cahn_Hilliard_Model_HPC/spinodal_decomp/compare_L2_error.py , Line : 21, Func.Name : read_specific_lines, Message : digits.append(float(i))']
Python,2000,512,neumann,2000,2000,25p not recorded; dt_out too large.
Python,20,512,neumann,20,20,75p
NMG_Python_20_dt_5.50e-06_Nx_512_neumann_dtout_2075pphi.csv
Exception type : TypeError 
Exception message : float() argument must be a string or a real number, not 'complex'
Stack trace : ['File : /sfs/gpfs/tardis/home/xpz5km/Cahn_Hilliard_Model_HPC/spinodal_decomp/compare_L2_error.py , Line : 86, Func.Name : compare_L2_error_at_timepoint, Message : snapshot_NMG = read_specific_lines(f"{root}/{NMG_fname}", line_list)', 'File : /sfs/gpfs/tardis/home/xpz5km/Cahn_Hilliard_Model_HPC/spinodal_decomp/compare_L2_error.py , Line : 21, Func.Name : read_specific_lines, Message : digits.append(float(i))']
Python,20,256,neumann,20,20,25p
NMG_Python_20_dt_5.50e-06_Nx_256_neumann_dtout_2025pphi.csv
Exception type : TypeError 
Exception message : float() argument must be a string or a real number, not 'complex'
Stack trace : ['File : /sfs/gpfs/tardis/home/xpz5km/Cahn_Hilliard_Model_HPC/spinodal_decomp/compare_L2_error.py , Line : 86, Func.Name : compare_L2_error_at_timepoint, Message : snapshot_NMG = read_specific_lines(f"{root}/{NMG_fname}", line_list)', 'File : /sfs/gpfs/tardis/home/xpz5km/Cahn_Hilliard_Model_HPC/spinodal_decomp/compare_L2_error.py , Line : 21, Func.Name : read_specific_lines, Message : digits.append(float(i))']
Python,2000,64,neumann,2000,2000,75p not recorded; dt_out too large.
Python,20,128,neumann,20,20,25p
NMG_Python_20_dt_5.50e-06_Nx_128_neumann_dtout_2025pphi.csv
Exception type : TypeError 
Exception message : float() argument must be a string or a real number, not 'complex'
Stack trace : ['File : /sfs/gpfs/tardis/home/xpz5km/Cahn_Hilliard_Model_HPC/spinodal_decomp/compare_L2_error.py , Line : 86, Func.Name : compare_L2_error_at_timepoint, Message : snapshot_NMG = read_specific_lines(f"{root}/{NMG_fname}", line_list)', 'File : /sfs/gpfs/tardis/home/xpz5km/Cahn_Hilliard_Model_HPC/spinodal_decomp/compare_L2_error.py , Line : 21, Func.Name : read_specific_lines, Message : digits.append(float(i))']
Python,20,64,periodic,20,20,75p
NMG_Python_20_dt_5.50e-06_Nx_64_periodic_dtout_2075pphi.csv
Exception type : TypeError 
Exception message : float() argument must be a string or a real number, not 'complex'
Stack trace : ['File : /sfs/gpfs/tardis/home/xpz5km/Cahn_Hilliard_Model_HPC/spinodal_decomp/compare_L2_error.py , Line : 86, Func.Name : compare_L2_error_at_timepoint, Message : snapshot_NMG = read_specific_lines(f"{root}/{NMG_fname}", line_list)', 'File : /sfs/gpfs/tardis/home/xpz5km/Cahn_Hilliard_Model_HPC/spinodal_decomp/compare_L2_error.py , Line : 21, Func.Name : read_specific_lines, Message : digits.append(float(i))']
Python,20,256,periodic,1,1,75p
NMG_Python_20_dt_5.50e-06_Nx_256_periodic_dtout_175pphi.csv
Exception type : TypeError 
Exception message : float() argument must be a string or a real number, not 'complex'
Stack trace : ['File : /sfs/gpfs/tardis/home/xpz5km/Cahn_Hilliard_Model_HPC/spinodal_decomp/compare_L2_error.py , Line : 86, Func.Name : compare_L2_error_at_timepoint, Message : snapshot_NMG = read_specific_lines(f"{root}/{NMG_fname}", line_list)', 'File : /sfs/gpfs/tardis/home/xpz5km/Cahn_Hilliard_Model_HPC/spinodal_decomp/compare_L2_error.py , Line : 21, Func.Name : read_specific_lines, Message : digits.append(float(i))']
Python,20,64,periodic,1,1,50p
NMG_Python_20_dt_5.50e-06_Nx_64_periodic_dtout_150pphi.csv
Exception type : TypeError 
Exception message : float() argument must be a string or a real number, not 'complex'
Stack trace : ['File : /sfs/gpfs/tardis/home/xpz5km/Cahn_Hilliard_Model_HPC/spinodal_decomp/compare_L2_error.py , Line : 86, Func.Name : compare_L2_error_at_timepoint, Message : snapshot_NMG = read_specific_lines(f"{root}/{NMG_fname}", line_list)', 'File : /sfs/gpfs/tardis/home/xpz5km/Cahn_Hilliard_Model_HPC/spinodal_decomp/compare_L2_error.py , Line : 21, Func.Name : read_specific_lines, Message : digits.append(float(i))']
Python,20,128,periodic,1,1,25p
NMG_Python_20_dt_5.50e-06_Nx_128_periodic_dtout_125pphi.csv
Exception type : TypeError 
Exception message : float() argument must be a string or a real number, not 'complex'
Stack trace : ['File : /sfs/gpfs/tardis/home/xpz5km/Cahn_Hilliard_Model_HPC/spinodal_decomp/compare_L2_error.py , Line : 86, Func.Name : compare_L2_error_at_timepoint, Message : snapshot_NMG = read_specific_lines(f"{root}/{NMG_fname}", line_list)', 'File : /sfs/gpfs/tardis/home/xpz5km/Cahn_Hilliard_Model_HPC/spinodal_decomp/compare_L2_error.py , Line : 21, Func.Name : read_specific_lines, Message : digits.append(float(i))']
12
Python,20,256,neumann,20,20,75p
NMG_Python_20_dt_5.50e-06_Nx_256_neumann_dtout_2075pphi.csv
Exception type : TypeError 
Exception message : float() argument must be a string or a real number, not 'complex'
Stack trace : ['File : /sfs/gpfs/tardis/home/xpz5km/Cahn_Hilliard_Model_HPC/spinodal_decomp/compare_L2_error.py , Line : 86, Func.Name : compare_L2_error_at_timepoint, Message : snapshot_NMG = read_specific_lines(f"{root}/{NMG_fname}", line_list)', 'File : /sfs/gpfs/tardis/home/xpz5km/Cahn_Hilliard_Model_HPC/spinodal_decomp/compare_L2_error.py , Line : 21, Func.Name : read_specific_lines, Message : digits.append(float(i))']
Python,2000,256,neumann,2000,2000,25p not recorded; dt_out too large.
Python,20,128,periodic,20,20,25p
NMG_Python_20_dt_5.50e-06_Nx_128_periodic_dtout_2025pphi.csv
Exception type : TypeError 
Exception message : float() argument must be a string or a real number, not 'complex'
Stack trace : ['File : /sfs/gpfs/tardis/home/xpz5km/Cahn_Hilliard_Model_HPC/spinodal_decomp/compare_L2_error.py , Line : 86, Func.Name : compare_L2_error_at_timepoint, Message : snapshot_NMG = read_specific_lines(f"{root}/{NMG_fname}", line_list)', 'File : /sfs/gpfs/tardis/home/xpz5km/Cahn_Hilliard_Model_HPC/spinodal_decomp/compare_L2_error.py , Line : 21, Func.Name : read_specific_lines, Message : digits.append(float(i))']
Python,2000,256,periodic,2000,2000,50p not recorded; dt_out too large.
Python,20,256,periodic,20,20,25p
NMG_Python_20_dt_5.50e-06_Nx_256_periodic_dtout_2025pphi.csv
Exception type : TypeError 
Exception message : float() argument must be a string or a real number, not 'complex'
Stack trace : ['File : /sfs/gpfs/tardis/home/xpz5km/Cahn_Hilliard_Model_HPC/spinodal_decomp/compare_L2_error.py , Line : 86, Func.Name : compare_L2_error_at_timepoint, Message : snapshot_NMG = read_specific_lines(f"{root}/{NMG_fname}", line_list)', 'File : /sfs/gpfs/tardis/home/xpz5km/Cahn_Hilliard_Model_HPC/spinodal_decomp/compare_L2_error.py , Line : 21, Func.Name : read_specific_lines, Message : digits.append(float(i))']
Python,20,512,neumann,20,20,50p
NMG_Python_20_dt_5.50e-06_Nx_512_neumann_dtout_2050pphi.csv
Exception type : TypeError 
Exception message : float() argument must be a string or a real number, not 'complex'
Stack trace : ['File : /sfs/gpfs/tardis/home/xpz5km/Cahn_Hilliard_Model_HPC/spinodal_decomp/compare_L2_error.py , Line : 86, Func.Name : compare_L2_error_at_timepoint, Message : snapshot_NMG = read_specific_lines(f"{root}/{NMG_fname}", line_list)', 'File : /sfs/gpfs/tardis/home/xpz5km/Cahn_Hilliard_Model_HPC/spinodal_decomp/compare_L2_error.py , Line : 21, Func.Name : read_specific_lines, Message : digits.append(float(i))']
Python,2000,512,periodic,2000,2000,25p not recorded; dt_out too large.
Python,2000,64,periodic,2000,2000,75p not recorded; dt_out too large.
Python,2000,256,periodic,2000,2000,25p not recorded; dt_out too large.
Python,2000,256,neumann,2000,2000,75p not recorded; dt_out too large.
Python,2000,128,periodic,2000,2000,75p not recorded; dt_out too large.
Python,20,128,neumann,1,1,25p
NMG_Python_20_dt_5.50e-06_Nx_128_neumann_dtout_125pphi.csv
Exception type : TypeError 
Exception message : float() argument must be a string or a real number, not 'complex'
Stack trace : ['File : /sfs/gpfs/tardis/home/xpz5km/Cahn_Hilliard_Model_HPC/spinodal_decomp/compare_L2_error.py , Line : 86, Func.Name : compare_L2_error_at_timepoint, Message : snapshot_NMG = read_specific_lines(f"{root}/{NMG_fname}", line_list)', 'File : /sfs/gpfs/tardis/home/xpz5km/Cahn_Hilliard_Model_HPC/spinodal_decomp/compare_L2_error.py , Line : 21, Func.Name : read_specific_lines, Message : digits.append(float(i))']
Python,2000,256,periodic,2000,2000,75p not recorded; dt_out too large.
Python,20,256,neumann,20,20,50p
NMG_Python_20_dt_5.50e-06_Nx_256_neumann_dtout_2050pphi.csv
Exception type : TypeError 
Exception message : float() argument must be a string or a real number, not 'complex'
Stack trace : ['File : /sfs/gpfs/tardis/home/xpz5km/Cahn_Hilliard_Model_HPC/spinodal_decomp/compare_L2_error.py , Line : 86, Func.Name : compare_L2_error_at_timepoint, Message : snapshot_NMG = read_specific_lines(f"{root}/{NMG_fname}", line_list)', 'File : /sfs/gpfs/tardis/home/xpz5km/Cahn_Hilliard_Model_HPC/spinodal_decomp/compare_L2_error.py , Line : 21, Func.Name : read_specific_lines, Message : digits.append(float(i))']
Python,2000,128,neumann,2000,2000,25p not recorded; dt_out too large.
Python,20,64,periodic,1,1,75p
NMG_Python_20_dt_5.50e-06_Nx_64_periodic_dtout_175pphi.csv
Exception type : TypeError 
Exception message : float() argument must be a string or a real number, not 'complex'
Stack trace : ['File : /sfs/gpfs/tardis/home/xpz5km/Cahn_Hilliard_Model_HPC/spinodal_decomp/compare_L2_error.py , Line : 86, Func.Name : compare_L2_error_at_timepoint, Message : snapshot_NMG = read_specific_lines(f"{root}/{NMG_fname}", line_list)', 'File : /sfs/gpfs/tardis/home/xpz5km/Cahn_Hilliard_Model_HPC/spinodal_decomp/compare_L2_error.py , Line : 21, Func.Name : read_specific_lines, Message : digits.append(float(i))']
Python,20,256,periodic,1,1,50p
NMG_Python_20_dt_5.50e-06_Nx_256_periodic_dtout_150pphi.csv
Exception type : TypeError 
Exception message : float() argument must be a string or a real number, not 'complex'
Stack trace : ['File : /sfs/gpfs/tardis/home/xpz5km/Cahn_Hilliard_Model_HPC/spinodal_decomp/compare_L2_error.py , Line : 86, Func.Name : compare_L2_error_at_timepoint, Message : snapshot_NMG = read_specific_lines(f"{root}/{NMG_fname}", line_list)', 'File : /sfs/gpfs/tardis/home/xpz5km/Cahn_Hilliard_Model_HPC/spinodal_decomp/compare_L2_error.py , Line : 21, Func.Name : read_specific_lines, Message : digits.append(float(i))']
Python,20,128,neumann,1,1,75p
NMG_Python_20_dt_5.50e-06_Nx_128_neumann_dtout_175pphi.csv
Exception type : TypeError 
Exception message : float() argument must be a string or a real number, not 'complex'
Stack trace : ['File : /sfs/gpfs/tardis/home/xpz5km/Cahn_Hilliard_Model_HPC/spinodal_decomp/compare_L2_error.py , Line : 86, Func.Name : compare_L2_error_at_timepoint, Message : snapshot_NMG = read_specific_lines(f"{root}/{NMG_fname}", line_list)', 'File : /sfs/gpfs/tardis/home/xpz5km/Cahn_Hilliard_Model_HPC/spinodal_decomp/compare_L2_error.py , Line : 21, Func.Name : read_specific_lines, Message : digits.append(float(i))']
Python,20,64,neumann,1,1,50p
NMG_Python_20_dt_5.50e-06_Nx_64_neumann_dtout_150pphi.csv
Exception type : TypeError 
Exception message : float() argument must be a string or a real number, not 'complex'
Stack trace : ['File : /sfs/gpfs/tardis/home/xpz5km/Cahn_Hilliard_Model_HPC/spinodal_decomp/compare_L2_error.py , Line : 86, Func.Name : compare_L2_error_at_timepoint, Message : snapshot_NMG = read_specific_lines(f"{root}/{NMG_fname}", line_list)', 'File : /sfs/gpfs/tardis/home/xpz5km/Cahn_Hilliard_Model_HPC/spinodal_decomp/compare_L2_error.py , Line : 21, Func.Name : read_specific_lines, Message : digits.append(float(i))']
Python,20,256,neumann,1,1,50p
NMG_Python_20_dt_5.50e-06_Nx_256_neumann_dtout_150pphi.csv
Exception type : TypeError 
Exception message : float() argument must be a string or a real number, not 'complex'
Stack trace : ['File : /sfs/gpfs/tardis/home/xpz5km/Cahn_Hilliard_Model_HPC/spinodal_decomp/compare_L2_error.py , Line : 86, Func.Name : compare_L2_error_at_timepoint, Message : snapshot_NMG = read_specific_lines(f"{root}/{NMG_fname}", line_list)', 'File : /sfs/gpfs/tardis/home/xpz5km/Cahn_Hilliard_Model_HPC/spinodal_decomp/compare_L2_error.py , Line : 21, Func.Name : read_specific_lines, Message : digits.append(float(i))']
Python,20,512,neumann,1,1,25p
NMG_Python_20_dt_5.50e-06_Nx_512_neumann_dtout_125pphi.csv
Exception type : TypeError 
Exception message : float() argument must be a string or a real number, not 'complex'
Stack trace : ['File : /sfs/gpfs/tardis/home/xpz5km/Cahn_Hilliard_Model_HPC/spinodal_decomp/compare_L2_error.py , Line : 86, Func.Name : compare_L2_error_at_timepoint, Message : snapshot_NMG = read_specific_lines(f"{root}/{NMG_fname}", line_list)', 'File : /sfs/gpfs/tardis/home/xpz5km/Cahn_Hilliard_Model_HPC/spinodal_decomp/compare_L2_error.py , Line : 21, Func.Name : read_specific_lines, Message : digits.append(float(i))']
Python,2000,128,neumann,2000,2000,50p not recorded; dt_out too large.
Python,2000,512,periodic,2000,2000,50p not recorded; dt_out too large.
Python,20,256,neumann,1,1,75p
NMG_Python_20_dt_5.50e-06_Nx_256_neumann_dtout_175pphi.csv
Exception type : TypeError 
Exception message : float() argument must be a string or a real number, not 'complex'
Stack trace : ['File : /sfs/gpfs/tardis/home/xpz5km/Cahn_Hilliard_Model_HPC/spinodal_decomp/compare_L2_error.py , Line : 86, Func.Name : compare_L2_error_at_timepoint, Message : snapshot_NMG = read_specific_lines(f"{root}/{NMG_fname}", line_list)', 'File : /sfs/gpfs/tardis/home/xpz5km/Cahn_Hilliard_Model_HPC/spinodal_decomp/compare_L2_error.py , Line : 21, Func.Name : read_specific_lines, Message : digits.append(float(i))']
Python,20,128,neumann,20,20,50p
NMG_Python_20_dt_5.50e-06_Nx_128_neumann_dtout_2050pphi.csv
Exception type : TypeError 
Exception message : float() argument must be a string or a real number, not 'complex'
Stack trace : ['File : /sfs/gpfs/tardis/home/xpz5km/Cahn_Hilliard_Model_HPC/spinodal_decomp/compare_L2_error.py , Line : 86, Func.Name : compare_L2_error_at_timepoint, Message : snapshot_NMG = read_specific_lines(f"{root}/{NMG_fname}", line_list)', 'File : /sfs/gpfs/tardis/home/xpz5km/Cahn_Hilliard_Model_HPC/spinodal_decomp/compare_L2_error.py , Line : 21, Func.Name : read_specific_lines, Message : digits.append(float(i))']
Python,20,128,periodic,1,1,50p
NMG_Python_20_dt_5.50e-06_Nx_128_periodic_dtout_150pphi.csv
Exception type : TypeError 
Exception message : float() argument must be a string or a real number, not 'complex'
Stack trace : ['File : /sfs/gpfs/tardis/home/xpz5km/Cahn_Hilliard_Model_HPC/spinodal_decomp/compare_L2_error.py , Line : 86, Func.Name : compare_L2_error_at_timepoint, Message : snapshot_NMG = read_specific_lines(f"{root}/{NMG_fname}", line_list)', 'File : /sfs/gpfs/tardis/home/xpz5km/Cahn_Hilliard_Model_HPC/spinodal_decomp/compare_L2_error.py , Line : 21, Func.Name : read_specific_lines, Message : digits.append(float(i))']
Python,20,256,neumann,1,1,25p
NMG_Python_20_dt_5.50e-06_Nx_256_neumann_dtout_125pphi.csv
Exception type : TypeError 
Exception message : float() argument must be a string or a real number, not 'complex'
Stack trace : ['File : /sfs/gpfs/tardis/home/xpz5km/Cahn_Hilliard_Model_HPC/spinodal_decomp/compare_L2_error.py , Line : 86, Func.Name : compare_L2_error_at_timepoint, Message : snapshot_NMG = read_specific_lines(f"{root}/{NMG_fname}", line_list)', 'File : /sfs/gpfs/tardis/home/xpz5km/Cahn_Hilliard_Model_HPC/spinodal_decomp/compare_L2_error.py , Line : 21, Func.Name : read_specific_lines, Message : digits.append(float(i))']
Python,20,64,neumann,1,1,75p
NMG_Python_20_dt_5.50e-06_Nx_64_neumann_dtout_175pphi.csv
Exception type : TypeError 
Exception message : float() argument must be a string or a real number, not 'complex'
Stack trace : ['File : /sfs/gpfs/tardis/home/xpz5km/Cahn_Hilliard_Model_HPC/spinodal_decomp/compare_L2_error.py , Line : 86, Func.Name : compare_L2_error_at_timepoint, Message : snapshot_NMG = read_specific_lines(f"{root}/{NMG_fname}", line_list)', 'File : /sfs/gpfs/tardis/home/xpz5km/Cahn_Hilliard_Model_HPC/spinodal_decomp/compare_L2_error.py , Line : 21, Func.Name : read_specific_lines, Message : digits.append(float(i))']
Python,20,256,periodic,1,1,25p
NMG_Python_20_dt_5.50e-06_Nx_256_periodic_dtout_125pphi.csv
Exception type : TypeError 
Exception message : float() argument must be a string or a real number, not 'complex'
Stack trace : ['File : /sfs/gpfs/tardis/home/xpz5km/Cahn_Hilliard_Model_HPC/spinodal_decomp/compare_L2_error.py , Line : 86, Func.Name : compare_L2_error_at_timepoint, Message : snapshot_NMG = read_specific_lines(f"{root}/{NMG_fname}", line_list)', 'File : /sfs/gpfs/tardis/home/xpz5km/Cahn_Hilliard_Model_HPC/spinodal_decomp/compare_L2_error.py , Line : 21, Func.Name : read_specific_lines, Message : digits.append(float(i))']
Python,20,64,periodic,20,20,25p
NMG_Python_20_dt_5.50e-06_Nx_64_periodic_dtout_2025pphi.csv
Exception type : TypeError 
Exception message : float() argument must be a string or a real number, not 'complex'
Stack trace : ['File : /sfs/gpfs/tardis/home/xpz5km/Cahn_Hilliard_Model_HPC/spinodal_decomp/compare_L2_error.py , Line : 86, Func.Name : compare_L2_error_at_timepoint, Message : snapshot_NMG = read_specific_lines(f"{root}/{NMG_fname}", line_list)', 'File : /sfs/gpfs/tardis/home/xpz5km/Cahn_Hilliard_Model_HPC/spinodal_decomp/compare_L2_error.py , Line : 21, Func.Name : read_specific_lines, Message : digits.append(float(i))']
Python,20,512,periodic,1,1,50p
NMG_Python_20_dt_5.50e-06_Nx_512_periodic_dtout_150pphi.csv
Exception type : TypeError 
Exception message : float() argument must be a string or a real number, not 'complex'
Stack trace : ['File : /sfs/gpfs/tardis/home/xpz5km/Cahn_Hilliard_Model_HPC/spinodal_decomp/compare_L2_error.py , Line : 86, Func.Name : compare_L2_error_at_timepoint, Message : snapshot_NMG = read_specific_lines(f"{root}/{NMG_fname}", line_list)', 'File : /sfs/gpfs/tardis/home/xpz5km/Cahn_Hilliard_Model_HPC/spinodal_decomp/compare_L2_error.py , Line : 21, Func.Name : read_specific_lines, Message : digits.append(float(i))']
Python,2000,512,neumann,2000,2000,50p not recorded; dt_out too large.
Python,2000,512,neumann,2000,2000,75p not recorded; dt_out too large.
Python,20,512,periodic,20,20,25p
NMG_Python_20_dt_5.50e-06_Nx_512_periodic_dtout_2025pphi.csv
Exception type : TypeError 
Exception message : float() argument must be a string or a real number, not 'complex'
Stack trace : ['File : /sfs/gpfs/tardis/home/xpz5km/Cahn_Hilliard_Model_HPC/spinodal_decomp/compare_L2_error.py , Line : 86, Func.Name : compare_L2_error_at_timepoint, Message : snapshot_NMG = read_specific_lines(f"{root}/{NMG_fname}", line_list)', 'File : /sfs/gpfs/tardis/home/xpz5km/Cahn_Hilliard_Model_HPC/spinodal_decomp/compare_L2_error.py , Line : 21, Func.Name : read_specific_lines, Message : digits.append(float(i))']
Python,20,64,neumann,20,20,50p
NMG_Python_20_dt_5.50e-06_Nx_64_neumann_dtout_2050pphi.csv
Exception type : TypeError 
Exception message : float() argument must be a string or a real number, not 'complex'
Stack trace : ['File : /sfs/gpfs/tardis/home/xpz5km/Cahn_Hilliard_Model_HPC/spinodal_decomp/compare_L2_error.py , Line : 86, Func.Name : compare_L2_error_at_timepoint, Message : snapshot_NMG = read_specific_lines(f"{root}/{NMG_fname}", line_list)', 'File : /sfs/gpfs/tardis/home/xpz5km/Cahn_Hilliard_Model_HPC/spinodal_decomp/compare_L2_error.py , Line : 21, Func.Name : read_specific_lines, Message : digits.append(float(i))']
Python,20,128,neumann,20,20,75p
NMG_Python_20_dt_5.50e-06_Nx_128_neumann_dtout_2075pphi.csv
Exception type : TypeError 
Exception message : float() argument must be a string or a real number, not 'complex'
Stack trace : ['File : /sfs/gpfs/tardis/home/xpz5km/Cahn_Hilliard_Model_HPC/spinodal_decomp/compare_L2_error.py , Line : 86, Func.Name : compare_L2_error_at_timepoint, Message : snapshot_NMG = read_specific_lines(f"{root}/{NMG_fname}", line_list)', 'File : /sfs/gpfs/tardis/home/xpz5km/Cahn_Hilliard_Model_HPC/spinodal_decomp/compare_L2_error.py , Line : 21, Func.Name : read_specific_lines, Message : digits.append(float(i))']
Python,20,64,neumann,1,1,25p
NMG_Python_20_dt_5.50e-06_Nx_64_neumann_dtout_125pphi.csv
Exception type : TypeError 
Exception message : float() argument must be a string or a real number, not 'complex'
Stack trace : ['File : /sfs/gpfs/tardis/home/xpz5km/Cahn_Hilliard_Model_HPC/spinodal_decomp/compare_L2_error.py , Line : 86, Func.Name : compare_L2_error_at_timepoint, Message : snapshot_NMG = read_specific_lines(f"{root}/{NMG_fname}", line_list)', 'File : /sfs/gpfs/tardis/home/xpz5km/Cahn_Hilliard_Model_HPC/spinodal_decomp/compare_L2_error.py , Line : 21, Func.Name : read_specific_lines, Message : digits.append(float(i))']
Python,2000,64,neumann,2000,2000,25p not recorded; dt_out too large.
Python,20,512,periodic,1,1,25p
NMG_Python_20_dt_5.50e-06_Nx_512_periodic_dtout_125pphi.csv
Exception type : TypeError 
Exception message : float() argument must be a string or a real number, not 'complex'
Stack trace : ['File : /sfs/gpfs/tardis/home/xpz5km/Cahn_Hilliard_Model_HPC/spinodal_decomp/compare_L2_error.py , Line : 86, Func.Name : compare_L2_error_at_timepoint, Message : snapshot_NMG = read_specific_lines(f"{root}/{NMG_fname}", line_list)', 'File : /sfs/gpfs/tardis/home/xpz5km/Cahn_Hilliard_Model_HPC/spinodal_decomp/compare_L2_error.py , Line : 21, Func.Name : read_specific_lines, Message : digits.append(float(i))']
Python,2000,128,periodic,2000,2000,25p not recorded; dt_out too large.
Python,20,512,periodic,20,20,50p
NMG_Python_20_dt_5.50e-06_Nx_512_periodic_dtout_2050pphi.csv
Exception type : TypeError 
Exception message : float() argument must be a string or a real number, not 'complex'
Stack trace : ['File : /sfs/gpfs/tardis/home/xpz5km/Cahn_Hilliard_Model_HPC/spinodal_decomp/compare_L2_error.py , Line : 86, Func.Name : compare_L2_error_at_timepoint, Message : snapshot_NMG = read_specific_lines(f"{root}/{NMG_fname}", line_list)', 'File : /sfs/gpfs/tardis/home/xpz5km/Cahn_Hilliard_Model_HPC/spinodal_decomp/compare_L2_error.py , Line : 21, Func.Name : read_specific_lines, Message : digits.append(float(i))']
Python,2000,512,periodic,2000,2000,75p not recorded; dt_out too large.
Python,20,128,periodic,1,1,75p
NMG_Python_20_dt_5.50e-06_Nx_128_periodic_dtout_175pphi.csv
Exception type : TypeError 
Exception message : float() argument must be a string or a real number, not 'complex'
Stack trace : ['File : /sfs/gpfs/tardis/home/xpz5km/Cahn_Hilliard_Model_HPC/spinodal_decomp/compare_L2_error.py , Line : 86, Func.Name : compare_L2_error_at_timepoint, Message : snapshot_NMG = read_specific_lines(f"{root}/{NMG_fname}", line_list)', 'File : /sfs/gpfs/tardis/home/xpz5km/Cahn_Hilliard_Model_HPC/spinodal_decomp/compare_L2_error.py , Line : 21, Func.Name : read_specific_lines, Message : digits.append(float(i))']
Python,20,512,periodic,1,1,75p
NMG_Python_20_dt_5.50e-06_Nx_512_periodic_dtout_175pphi.csv
Exception type : TypeError 
Exception message : float() argument must be a string or a real number, not 'complex'
Stack trace : ['File : /sfs/gpfs/tardis/home/xpz5km/Cahn_Hilliard_Model_HPC/spinodal_decomp/compare_L2_error.py , Line : 86, Func.Name : compare_L2_error_at_timepoint, Message : snapshot_NMG = read_specific_lines(f"{root}/{NMG_fname}", line_list)', 'File : /sfs/gpfs/tardis/home/xpz5km/Cahn_Hilliard_Model_HPC/spinodal_decomp/compare_L2_error.py , Line : 21, Func.Name : read_specific_lines, Message : digits.append(float(i))']
Python,20,128,neumann,1,1,50p
NMG_Python_20_dt_5.50e-06_Nx_128_neumann_dtout_150pphi.csv
Exception type : TypeError 
Exception message : float() argument must be a string or a real number, not 'complex'
Stack trace : ['File : /sfs/gpfs/tardis/home/xpz5km/Cahn_Hilliard_Model_HPC/spinodal_decomp/compare_L2_error.py , Line : 86, Func.Name : compare_L2_error_at_timepoint, Message : snapshot_NMG = read_specific_lines(f"{root}/{NMG_fname}", line_list)', 'File : /sfs/gpfs/tardis/home/xpz5km/Cahn_Hilliard_Model_HPC/spinodal_decomp/compare_L2_error.py , Line : 21, Func.Name : read_specific_lines, Message : digits.append(float(i))']
Python,2000,64,periodic,2000,2000,25p not recorded; dt_out too large.
Python,20,128,periodic,20,20,75p
NMG_Python_20_dt_5.50e-06_Nx_128_periodic_dtout_2075pphi.csv
Exception type : TypeError 
Exception message : float() argument must be a string or a real number, not 'complex'
Stack trace : ['File : /sfs/gpfs/tardis/home/xpz5km/Cahn_Hilliard_Model_HPC/spinodal_decomp/compare_L2_error.py , Line : 86, Func.Name : compare_L2_error_at_timepoint, Message : snapshot_NMG = read_specific_lines(f"{root}/{NMG_fname}", line_list)', 'File : /sfs/gpfs/tardis/home/xpz5km/Cahn_Hilliard_Model_HPC/spinodal_decomp/compare_L2_error.py , Line : 21, Func.Name : read_specific_lines, Message : digits.append(float(i))']
Python,2000,64,neumann,2000,2000,50p not recorded; dt_out too large.
Python,2000,128,periodic,2000,2000,50p not recorded; dt_out too large.
Python,20,256,periodic,20,20,75p
NMG_Python_20_dt_5.50e-06_Nx_256_periodic_dtout_2075pphi.csv
Exception type : TypeError 
Exception message : float() argument must be a string or a real number, not 'complex'
Stack trace : ['File : /sfs/gpfs/tardis/home/xpz5km/Cahn_Hilliard_Model_HPC/spinodal_decomp/compare_L2_error.py , Line : 86, Func.Name : compare_L2_error_at_timepoint, Message : snapshot_NMG = read_specific_lines(f"{root}/{NMG_fname}", line_list)', 'File : /sfs/gpfs/tardis/home/xpz5km/Cahn_Hilliard_Model_HPC/spinodal_decomp/compare_L2_error.py , Line : 21, Func.Name : read_specific_lines, Message : digits.append(float(i))']
Python,20,512,neumann,1,1,75p
NMG_Python_20_dt_5.50e-06_Nx_512_neumann_dtout_175pphi.csv
Exception type : TypeError 
Exception message : float() argument must be a string or a real number, not 'complex'
Stack trace : ['File : /sfs/gpfs/tardis/home/xpz5km/Cahn_Hilliard_Model_HPC/spinodal_decomp/compare_L2_error.py , Line : 86, Func.Name : compare_L2_error_at_timepoint, Message : snapshot_NMG = read_specific_lines(f"{root}/{NMG_fname}", line_list)', 'File : /sfs/gpfs/tardis/home/xpz5km/Cahn_Hilliard_Model_HPC/spinodal_decomp/compare_L2_error.py , Line : 21, Func.Name : read_specific_lines, Message : digits.append(float(i))']
Python,20,64,neumann,20,20,25p
NMG_Python_20_dt_5.50e-06_Nx_64_neumann_dtout_2025pphi.csv
Exception type : TypeError 
Exception message : float() argument must be a string or a real number, not 'complex'
Stack trace : ['File : /sfs/gpfs/tardis/home/xpz5km/Cahn_Hilliard_Model_HPC/spinodal_decomp/compare_L2_error.py , Line : 86, Func.Name : compare_L2_error_at_timepoint, Message : snapshot_NMG = read_specific_lines(f"{root}/{NMG_fname}", line_list)', 'File : /sfs/gpfs/tardis/home/xpz5km/Cahn_Hilliard_Model_HPC/spinodal_decomp/compare_L2_error.py , Line : 21, Func.Name : read_specific_lines, Message : digits.append(float(i))']
Python,20,64,neumann,20,20,75p
NMG_Python_20_dt_5.50e-06_Nx_64_neumann_dtout_2075pphi.csv
Exception type : TypeError 
Exception message : float() argument must be a string or a real number, not 'complex'
Stack trace : ['File : /sfs/gpfs/tardis/home/xpz5km/Cahn_Hilliard_Model_HPC/spinodal_decomp/compare_L2_error.py , Line : 86, Func.Name : compare_L2_error_at_timepoint, Message : snapshot_NMG = read_specific_lines(f"{root}/{NMG_fname}", line_list)', 'File : /sfs/gpfs/tardis/home/xpz5km/Cahn_Hilliard_Model_HPC/spinodal_decomp/compare_L2_error.py , Line : 21, Func.Name : read_specific_lines, Message : digits.append(float(i))']
Python,2000,64,periodic,2000,2000,50p not recorded; dt_out too large.
Python,20,512,periodic,20,20,75p
NMG_Python_20_dt_5.50e-06_Nx_512_periodic_dtout_2075pphi.csv
Exception type : TypeError 
Exception message : float() argument must be a string or a real number, not 'complex'
Stack trace : ['File : /sfs/gpfs/tardis/home/xpz5km/Cahn_Hilliard_Model_HPC/spinodal_decomp/compare_L2_error.py , Line : 86, Func.Name : compare_L2_error_at_timepoint, Message : snapshot_NMG = read_specific_lines(f"{root}/{NMG_fname}", line_list)', 'File : /sfs/gpfs/tardis/home/xpz5km/Cahn_Hilliard_Model_HPC/spinodal_decomp/compare_L2_error.py , Line : 21, Func.Name : read_specific_lines, Message : digits.append(float(i))']
Python,20,512,neumann,20,20,25p
NMG_Python_20_dt_5.50e-06_Nx_512_neumann_dtout_2025pphi.csv
Exception type : TypeError 
Exception message : float() argument must be a string or a real number, not 'complex'
Stack trace : ['File : /sfs/gpfs/tardis/home/xpz5km/Cahn_Hilliard_Model_HPC/spinodal_decomp/compare_L2_error.py , Line : 86, Func.Name : compare_L2_error_at_timepoint, Message : snapshot_NMG = read_specific_lines(f"{root}/{NMG_fname}", line_list)', 'File : /sfs/gpfs/tardis/home/xpz5km/Cahn_Hilliard_Model_HPC/spinodal_decomp/compare_L2_error.py , Line : 21, Func.Name : read_specific_lines, Message : digits.append(float(i))']
Python,20,512,neumann,1,1,50p
NMG_Python_20_dt_5.50e-06_Nx_512_neumann_dtout_150pphi.csv
Exception type : TypeError 
Exception message : float() argument must be a string or a real number, not 'complex'
Stack trace : ['File : /sfs/gpfs/tardis/home/xpz5km/Cahn_Hilliard_Model_HPC/spinodal_decomp/compare_L2_error.py , Line : 86, Func.Name : compare_L2_error_at_timepoint, Message : snapshot_NMG = read_specific_lines(f"{root}/{NMG_fname}", line_list)', 'File : /sfs/gpfs/tardis/home/xpz5km/Cahn_Hilliard_Model_HPC/spinodal_decomp/compare_L2_error.py , Line : 21, Func.Name : read_specific_lines, Message : digits.append(float(i))']
Python,20,64,periodic,1,1,25p
NMG_Python_20_dt_5.50e-06_Nx_64_periodic_dtout_125pphi.csv
Exception type : TypeError 
Exception message : float() argument must be a string or a real number, not 'complex'
Stack trace : ['File : /sfs/gpfs/tardis/home/xpz5km/Cahn_Hilliard_Model_HPC/spinodal_decomp/compare_L2_error.py , Line : 86, Func.Name : compare_L2_error_at_timepoint, Message : snapshot_NMG = read_specific_lines(f"{root}/{NMG_fname}", line_list)', 'File : /sfs/gpfs/tardis/home/xpz5km/Cahn_Hilliard_Model_HPC/spinodal_decomp/compare_L2_error.py , Line : 21, Func.Name : read_specific_lines, Message : digits.append(float(i))']
Python,2000,128,neumann,2000,2000,75p not recorded; dt_out too large.
Python,20,128,periodic,20,20,50p
NMG_Python_20_dt_5.50e-06_Nx_128_periodic_dtout_2050pphi.csv
Exception type : TypeError 
Exception message : float() argument must be a string or a real number, not 'complex'
Stack trace : ['File : /sfs/gpfs/tardis/home/xpz5km/Cahn_Hilliard_Model_HPC/spinodal_decomp/compare_L2_error.py , Line : 86, Func.Name : compare_L2_error_at_timepoint, Message : snapshot_NMG = read_specific_lines(f"{root}/{NMG_fname}", line_list)', 'File : /sfs/gpfs/tardis/home/xpz5km/Cahn_Hilliard_Model_HPC/spinodal_decomp/compare_L2_error.py , Line : 21, Func.Name : read_specific_lines, Message : digits.append(float(i))']
Python,20,256,periodic,20,20,50p
NMG_Python_20_dt_5.50e-06_Nx_256_periodic_dtout_2050pphi.csv
Exception type : TypeError 
Exception message : float() argument must be a string or a real number, not 'complex'
Stack trace : ['File : /sfs/gpfs/tardis/home/xpz5km/Cahn_Hilliard_Model_HPC/spinodal_decomp/compare_L2_error.py , Line : 86, Func.Name : compare_L2_error_at_timepoint, Message : snapshot_NMG = read_specific_lines(f"{root}/{NMG_fname}", line_list)', 'File : /sfs/gpfs/tardis/home/xpz5km/Cahn_Hilliard_Model_HPC/spinodal_decomp/compare_L2_error.py , Line : 21, Func.Name : read_specific_lines, Message : digits.append(float(i))']
Python,2000,256,neumann,2000,2000,50p not recorded; dt_out too large.
Python,20,64,periodic,20,20,50p
NMG_Python_20_dt_5.50e-06_Nx_64_periodic_dtout_2050pphi.csv
Exception type : TypeError 
Exception message : float() argument must be a string or a real number, not 'complex'
Stack trace : ['File : /sfs/gpfs/tardis/home/xpz5km/Cahn_Hilliard_Model_HPC/spinodal_decomp/compare_L2_error.py , Line : 86, Func.Name : compare_L2_error_at_timepoint, Message : snapshot_NMG = read_specific_lines(f"{root}/{NMG_fname}", line_list)', 'File : /sfs/gpfs/tardis/home/xpz5km/Cahn_Hilliard_Model_HPC/spinodal_decomp/compare_L2_error.py , Line : 21, Func.Name : read_specific_lines, Message : digits.append(float(i))']
Python,2000,512,neumann,2000,2000,25p not recorded; dt_out too large.
Python,20,512,neumann,20,20,75p
NMG_Python_20_dt_5.50e-06_Nx_512_neumann_dtout_2075pphi.csv
Exception type : TypeError 
Exception message : float() argument must be a string or a real number, not 'complex'
Stack trace : ['File : /sfs/gpfs/tardis/home/xpz5km/Cahn_Hilliard_Model_HPC/spinodal_decomp/compare_L2_error.py , Line : 86, Func.Name : compare_L2_error_at_timepoint, Message : snapshot_NMG = read_specific_lines(f"{root}/{NMG_fname}", line_list)', 'File : /sfs/gpfs/tardis/home/xpz5km/Cahn_Hilliard_Model_HPC/spinodal_decomp/compare_L2_error.py , Line : 21, Func.Name : read_specific_lines, Message : digits.append(float(i))']
Python,20,256,neumann,20,20,25p
NMG_Python_20_dt_5.50e-06_Nx_256_neumann_dtout_2025pphi.csv
Exception type : TypeError 
Exception message : float() argument must be a string or a real number, not 'complex'
Stack trace : ['File : /sfs/gpfs/tardis/home/xpz5km/Cahn_Hilliard_Model_HPC/spinodal_decomp/compare_L2_error.py , Line : 86, Func.Name : compare_L2_error_at_timepoint, Message : snapshot_NMG = read_specific_lines(f"{root}/{NMG_fname}", line_list)', 'File : /sfs/gpfs/tardis/home/xpz5km/Cahn_Hilliard_Model_HPC/spinodal_decomp/compare_L2_error.py , Line : 21, Func.Name : read_specific_lines, Message : digits.append(float(i))']
Python,2000,64,neumann,2000,2000,75p not recorded; dt_out too large.
Python,20,128,neumann,20,20,25p
NMG_Python_20_dt_5.50e-06_Nx_128_neumann_dtout_2025pphi.csv
Exception type : TypeError 
Exception message : float() argument must be a string or a real number, not 'complex'
Stack trace : ['File : /sfs/gpfs/tardis/home/xpz5km/Cahn_Hilliard_Model_HPC/spinodal_decomp/compare_L2_error.py , Line : 86, Func.Name : compare_L2_error_at_timepoint, Message : snapshot_NMG = read_specific_lines(f"{root}/{NMG_fname}", line_list)', 'File : /sfs/gpfs/tardis/home/xpz5km/Cahn_Hilliard_Model_HPC/spinodal_decomp/compare_L2_error.py , Line : 21, Func.Name : read_specific_lines, Message : digits.append(float(i))']
Python,20,64,periodic,20,20,75p
NMG_Python_20_dt_5.50e-06_Nx_64_periodic_dtout_2075pphi.csv
Exception type : TypeError 
Exception message : float() argument must be a string or a real number, not 'complex'
Stack trace : ['File : /sfs/gpfs/tardis/home/xpz5km/Cahn_Hilliard_Model_HPC/spinodal_decomp/compare_L2_error.py , Line : 86, Func.Name : compare_L2_error_at_timepoint, Message : snapshot_NMG = read_specific_lines(f"{root}/{NMG_fname}", line_list)', 'File : /sfs/gpfs/tardis/home/xpz5km/Cahn_Hilliard_Model_HPC/spinodal_decomp/compare_L2_error.py , Line : 21, Func.Name : read_specific_lines, Message : digits.append(float(i))']
Python,20,256,periodic,1,1,75p
NMG_Python_20_dt_5.50e-06_Nx_256_periodic_dtout_175pphi.csv
Exception type : TypeError 
Exception message : float() argument must be a string or a real number, not 'complex'
Stack trace : ['File : /sfs/gpfs/tardis/home/xpz5km/Cahn_Hilliard_Model_HPC/spinodal_decomp/compare_L2_error.py , Line : 86, Func.Name : compare_L2_error_at_timepoint, Message : snapshot_NMG = read_specific_lines(f"{root}/{NMG_fname}", line_list)', 'File : /sfs/gpfs/tardis/home/xpz5km/Cahn_Hilliard_Model_HPC/spinodal_decomp/compare_L2_error.py , Line : 21, Func.Name : read_specific_lines, Message : digits.append(float(i))']
Python,20,64,periodic,1,1,50p
NMG_Python_20_dt_5.50e-06_Nx_64_periodic_dtout_150pphi.csv
Exception type : TypeError 
Exception message : float() argument must be a string or a real number, not 'complex'
Stack trace : ['File : /sfs/gpfs/tardis/home/xpz5km/Cahn_Hilliard_Model_HPC/spinodal_decomp/compare_L2_error.py , Line : 86, Func.Name : compare_L2_error_at_timepoint, Message : snapshot_NMG = read_specific_lines(f"{root}/{NMG_fname}", line_list)', 'File : /sfs/gpfs/tardis/home/xpz5km/Cahn_Hilliard_Model_HPC/spinodal_decomp/compare_L2_error.py , Line : 21, Func.Name : read_specific_lines, Message : digits.append(float(i))']
Python,20,128,periodic,1,1,25p
NMG_Python_20_dt_5.50e-06_Nx_128_periodic_dtout_125pphi.csv
Exception type : TypeError 
Exception message : float() argument must be a string or a real number, not 'complex'
Stack trace : ['File : /sfs/gpfs/tardis/home/xpz5km/Cahn_Hilliard_Model_HPC/spinodal_decomp/compare_L2_error.py , Line : 86, Func.Name : compare_L2_error_at_timepoint, Message : snapshot_NMG = read_specific_lines(f"{root}/{NMG_fname}", line_list)', 'File : /sfs/gpfs/tardis/home/xpz5km/Cahn_Hilliard_Model_HPC/spinodal_decomp/compare_L2_error.py , Line : 21, Func.Name : read_specific_lines, Message : digits.append(float(i))']
13
Python,20,256,neumann,20,20,75p
NMG_Python_20_dt_5.50e-06_Nx_256_neumann_dtout_2075pphi.csv
Exception type : TypeError 
Exception message : float() argument must be a string or a real number, not 'complex'
Stack trace : ['File : /sfs/gpfs/tardis/home/xpz5km/Cahn_Hilliard_Model_HPC/spinodal_decomp/compare_L2_error.py , Line : 86, Func.Name : compare_L2_error_at_timepoint, Message : snapshot_NMG = read_specific_lines(f"{root}/{NMG_fname}", line_list)', 'File : /sfs/gpfs/tardis/home/xpz5km/Cahn_Hilliard_Model_HPC/spinodal_decomp/compare_L2_error.py , Line : 21, Func.Name : read_specific_lines, Message : digits.append(float(i))']
Python,2000,256,neumann,2000,2000,25p not recorded; dt_out too large.
Python,20,128,periodic,20,20,25p
NMG_Python_20_dt_5.50e-06_Nx_128_periodic_dtout_2025pphi.csv
Exception type : TypeError 
Exception message : float() argument must be a string or a real number, not 'complex'
Stack trace : ['File : /sfs/gpfs/tardis/home/xpz5km/Cahn_Hilliard_Model_HPC/spinodal_decomp/compare_L2_error.py , Line : 86, Func.Name : compare_L2_error_at_timepoint, Message : snapshot_NMG = read_specific_lines(f"{root}/{NMG_fname}", line_list)', 'File : /sfs/gpfs/tardis/home/xpz5km/Cahn_Hilliard_Model_HPC/spinodal_decomp/compare_L2_error.py , Line : 21, Func.Name : read_specific_lines, Message : digits.append(float(i))']
Python,2000,256,periodic,2000,2000,50p not recorded; dt_out too large.
Python,20,256,periodic,20,20,25p
NMG_Python_20_dt_5.50e-06_Nx_256_periodic_dtout_2025pphi.csv
Exception type : TypeError 
Exception message : float() argument must be a string or a real number, not 'complex'
Stack trace : ['File : /sfs/gpfs/tardis/home/xpz5km/Cahn_Hilliard_Model_HPC/spinodal_decomp/compare_L2_error.py , Line : 86, Func.Name : compare_L2_error_at_timepoint, Message : snapshot_NMG = read_specific_lines(f"{root}/{NMG_fname}", line_list)', 'File : /sfs/gpfs/tardis/home/xpz5km/Cahn_Hilliard_Model_HPC/spinodal_decomp/compare_L2_error.py , Line : 21, Func.Name : read_specific_lines, Message : digits.append(float(i))']
Python,20,512,neumann,20,20,50p
NMG_Python_20_dt_5.50e-06_Nx_512_neumann_dtout_2050pphi.csv
Exception type : TypeError 
Exception message : float() argument must be a string or a real number, not 'complex'
Stack trace : ['File : /sfs/gpfs/tardis/home/xpz5km/Cahn_Hilliard_Model_HPC/spinodal_decomp/compare_L2_error.py , Line : 86, Func.Name : compare_L2_error_at_timepoint, Message : snapshot_NMG = read_specific_lines(f"{root}/{NMG_fname}", line_list)', 'File : /sfs/gpfs/tardis/home/xpz5km/Cahn_Hilliard_Model_HPC/spinodal_decomp/compare_L2_error.py , Line : 21, Func.Name : read_specific_lines, Message : digits.append(float(i))']
Python,2000,512,periodic,2000,2000,25p not recorded; dt_out too large.
Python,2000,64,periodic,2000,2000,75p not recorded; dt_out too large.
Python,2000,256,periodic,2000,2000,25p not recorded; dt_out too large.
Python,2000,256,neumann,2000,2000,75p not recorded; dt_out too large.
Python,2000,128,periodic,2000,2000,75p not recorded; dt_out too large.
Python,20,128,neumann,1,1,25p
NMG_Python_20_dt_5.50e-06_Nx_128_neumann_dtout_125pphi.csv
Exception type : TypeError 
Exception message : float() argument must be a string or a real number, not 'complex'
Stack trace : ['File : /sfs/gpfs/tardis/home/xpz5km/Cahn_Hilliard_Model_HPC/spinodal_decomp/compare_L2_error.py , Line : 86, Func.Name : compare_L2_error_at_timepoint, Message : snapshot_NMG = read_specific_lines(f"{root}/{NMG_fname}", line_list)', 'File : /sfs/gpfs/tardis/home/xpz5km/Cahn_Hilliard_Model_HPC/spinodal_decomp/compare_L2_error.py , Line : 21, Func.Name : read_specific_lines, Message : digits.append(float(i))']
Python,2000,256,periodic,2000,2000,75p not recorded; dt_out too large.
Python,20,256,neumann,20,20,50p
NMG_Python_20_dt_5.50e-06_Nx_256_neumann_dtout_2050pphi.csv
Exception type : TypeError 
Exception message : float() argument must be a string or a real number, not 'complex'
Stack trace : ['File : /sfs/gpfs/tardis/home/xpz5km/Cahn_Hilliard_Model_HPC/spinodal_decomp/compare_L2_error.py , Line : 86, Func.Name : compare_L2_error_at_timepoint, Message : snapshot_NMG = read_specific_lines(f"{root}/{NMG_fname}", line_list)', 'File : /sfs/gpfs/tardis/home/xpz5km/Cahn_Hilliard_Model_HPC/spinodal_decomp/compare_L2_error.py , Line : 21, Func.Name : read_specific_lines, Message : digits.append(float(i))']
Python,2000,128,neumann,2000,2000,25p not recorded; dt_out too large.
Python,20,64,periodic,1,1,75p
NMG_Python_20_dt_5.50e-06_Nx_64_periodic_dtout_175pphi.csv
Exception type : TypeError 
Exception message : float() argument must be a string or a real number, not 'complex'
Stack trace : ['File : /sfs/gpfs/tardis/home/xpz5km/Cahn_Hilliard_Model_HPC/spinodal_decomp/compare_L2_error.py , Line : 86, Func.Name : compare_L2_error_at_timepoint, Message : snapshot_NMG = read_specific_lines(f"{root}/{NMG_fname}", line_list)', 'File : /sfs/gpfs/tardis/home/xpz5km/Cahn_Hilliard_Model_HPC/spinodal_decomp/compare_L2_error.py , Line : 21, Func.Name : read_specific_lines, Message : digits.append(float(i))']
Python,20,256,periodic,1,1,50p
NMG_Python_20_dt_5.50e-06_Nx_256_periodic_dtout_150pphi.csv
Exception type : TypeError 
Exception message : float() argument must be a string or a real number, not 'complex'
Stack trace : ['File : /sfs/gpfs/tardis/home/xpz5km/Cahn_Hilliard_Model_HPC/spinodal_decomp/compare_L2_error.py , Line : 86, Func.Name : compare_L2_error_at_timepoint, Message : snapshot_NMG = read_specific_lines(f"{root}/{NMG_fname}", line_list)', 'File : /sfs/gpfs/tardis/home/xpz5km/Cahn_Hilliard_Model_HPC/spinodal_decomp/compare_L2_error.py , Line : 21, Func.Name : read_specific_lines, Message : digits.append(float(i))']
Python,20,128,neumann,1,1,75p
NMG_Python_20_dt_5.50e-06_Nx_128_neumann_dtout_175pphi.csv
Exception type : TypeError 
Exception message : float() argument must be a string or a real number, not 'complex'
Stack trace : ['File : /sfs/gpfs/tardis/home/xpz5km/Cahn_Hilliard_Model_HPC/spinodal_decomp/compare_L2_error.py , Line : 86, Func.Name : compare_L2_error_at_timepoint, Message : snapshot_NMG = read_specific_lines(f"{root}/{NMG_fname}", line_list)', 'File : /sfs/gpfs/tardis/home/xpz5km/Cahn_Hilliard_Model_HPC/spinodal_decomp/compare_L2_error.py , Line : 21, Func.Name : read_specific_lines, Message : digits.append(float(i))']
Python,20,64,neumann,1,1,50p
NMG_Python_20_dt_5.50e-06_Nx_64_neumann_dtout_150pphi.csv
Exception type : TypeError 
Exception message : float() argument must be a string or a real number, not 'complex'
Stack trace : ['File : /sfs/gpfs/tardis/home/xpz5km/Cahn_Hilliard_Model_HPC/spinodal_decomp/compare_L2_error.py , Line : 86, Func.Name : compare_L2_error_at_timepoint, Message : snapshot_NMG = read_specific_lines(f"{root}/{NMG_fname}", line_list)', 'File : /sfs/gpfs/tardis/home/xpz5km/Cahn_Hilliard_Model_HPC/spinodal_decomp/compare_L2_error.py , Line : 21, Func.Name : read_specific_lines, Message : digits.append(float(i))']
Python,20,256,neumann,1,1,50p
NMG_Python_20_dt_5.50e-06_Nx_256_neumann_dtout_150pphi.csv
Exception type : TypeError 
Exception message : float() argument must be a string or a real number, not 'complex'
Stack trace : ['File : /sfs/gpfs/tardis/home/xpz5km/Cahn_Hilliard_Model_HPC/spinodal_decomp/compare_L2_error.py , Line : 86, Func.Name : compare_L2_error_at_timepoint, Message : snapshot_NMG = read_specific_lines(f"{root}/{NMG_fname}", line_list)', 'File : /sfs/gpfs/tardis/home/xpz5km/Cahn_Hilliard_Model_HPC/spinodal_decomp/compare_L2_error.py , Line : 21, Func.Name : read_specific_lines, Message : digits.append(float(i))']
Python,20,512,neumann,1,1,25p
NMG_Python_20_dt_5.50e-06_Nx_512_neumann_dtout_125pphi.csv
Exception type : TypeError 
Exception message : float() argument must be a string or a real number, not 'complex'
Stack trace : ['File : /sfs/gpfs/tardis/home/xpz5km/Cahn_Hilliard_Model_HPC/spinodal_decomp/compare_L2_error.py , Line : 86, Func.Name : compare_L2_error_at_timepoint, Message : snapshot_NMG = read_specific_lines(f"{root}/{NMG_fname}", line_list)', 'File : /sfs/gpfs/tardis/home/xpz5km/Cahn_Hilliard_Model_HPC/spinodal_decomp/compare_L2_error.py , Line : 21, Func.Name : read_specific_lines, Message : digits.append(float(i))']
Python,2000,128,neumann,2000,2000,50p not recorded; dt_out too large.
Python,2000,512,periodic,2000,2000,50p not recorded; dt_out too large.
Python,20,256,neumann,1,1,75p
NMG_Python_20_dt_5.50e-06_Nx_256_neumann_dtout_175pphi.csv
Exception type : TypeError 
Exception message : float() argument must be a string or a real number, not 'complex'
Stack trace : ['File : /sfs/gpfs/tardis/home/xpz5km/Cahn_Hilliard_Model_HPC/spinodal_decomp/compare_L2_error.py , Line : 86, Func.Name : compare_L2_error_at_timepoint, Message : snapshot_NMG = read_specific_lines(f"{root}/{NMG_fname}", line_list)', 'File : /sfs/gpfs/tardis/home/xpz5km/Cahn_Hilliard_Model_HPC/spinodal_decomp/compare_L2_error.py , Line : 21, Func.Name : read_specific_lines, Message : digits.append(float(i))']
Python,20,128,neumann,20,20,50p
NMG_Python_20_dt_5.50e-06_Nx_128_neumann_dtout_2050pphi.csv
Exception type : TypeError 
Exception message : float() argument must be a string or a real number, not 'complex'
Stack trace : ['File : /sfs/gpfs/tardis/home/xpz5km/Cahn_Hilliard_Model_HPC/spinodal_decomp/compare_L2_error.py , Line : 86, Func.Name : compare_L2_error_at_timepoint, Message : snapshot_NMG = read_specific_lines(f"{root}/{NMG_fname}", line_list)', 'File : /sfs/gpfs/tardis/home/xpz5km/Cahn_Hilliard_Model_HPC/spinodal_decomp/compare_L2_error.py , Line : 21, Func.Name : read_specific_lines, Message : digits.append(float(i))']
Python,20,128,periodic,1,1,50p
NMG_Python_20_dt_5.50e-06_Nx_128_periodic_dtout_150pphi.csv
Exception type : TypeError 
Exception message : float() argument must be a string or a real number, not 'complex'
Stack trace : ['File : /sfs/gpfs/tardis/home/xpz5km/Cahn_Hilliard_Model_HPC/spinodal_decomp/compare_L2_error.py , Line : 86, Func.Name : compare_L2_error_at_timepoint, Message : snapshot_NMG = read_specific_lines(f"{root}/{NMG_fname}", line_list)', 'File : /sfs/gpfs/tardis/home/xpz5km/Cahn_Hilliard_Model_HPC/spinodal_decomp/compare_L2_error.py , Line : 21, Func.Name : read_specific_lines, Message : digits.append(float(i))']
Python,20,256,neumann,1,1,25p
NMG_Python_20_dt_5.50e-06_Nx_256_neumann_dtout_125pphi.csv
Exception type : TypeError 
Exception message : float() argument must be a string or a real number, not 'complex'
Stack trace : ['File : /sfs/gpfs/tardis/home/xpz5km/Cahn_Hilliard_Model_HPC/spinodal_decomp/compare_L2_error.py , Line : 86, Func.Name : compare_L2_error_at_timepoint, Message : snapshot_NMG = read_specific_lines(f"{root}/{NMG_fname}", line_list)', 'File : /sfs/gpfs/tardis/home/xpz5km/Cahn_Hilliard_Model_HPC/spinodal_decomp/compare_L2_error.py , Line : 21, Func.Name : read_specific_lines, Message : digits.append(float(i))']
Python,20,64,neumann,1,1,75p
NMG_Python_20_dt_5.50e-06_Nx_64_neumann_dtout_175pphi.csv
Exception type : TypeError 
Exception message : float() argument must be a string or a real number, not 'complex'
Stack trace : ['File : /sfs/gpfs/tardis/home/xpz5km/Cahn_Hilliard_Model_HPC/spinodal_decomp/compare_L2_error.py , Line : 86, Func.Name : compare_L2_error_at_timepoint, Message : snapshot_NMG = read_specific_lines(f"{root}/{NMG_fname}", line_list)', 'File : /sfs/gpfs/tardis/home/xpz5km/Cahn_Hilliard_Model_HPC/spinodal_decomp/compare_L2_error.py , Line : 21, Func.Name : read_specific_lines, Message : digits.append(float(i))']
Python,20,256,periodic,1,1,25p
NMG_Python_20_dt_5.50e-06_Nx_256_periodic_dtout_125pphi.csv
Exception type : TypeError 
Exception message : float() argument must be a string or a real number, not 'complex'
Stack trace : ['File : /sfs/gpfs/tardis/home/xpz5km/Cahn_Hilliard_Model_HPC/spinodal_decomp/compare_L2_error.py , Line : 86, Func.Name : compare_L2_error_at_timepoint, Message : snapshot_NMG = read_specific_lines(f"{root}/{NMG_fname}", line_list)', 'File : /sfs/gpfs/tardis/home/xpz5km/Cahn_Hilliard_Model_HPC/spinodal_decomp/compare_L2_error.py , Line : 21, Func.Name : read_specific_lines, Message : digits.append(float(i))']
Python,20,64,periodic,20,20,25p
NMG_Python_20_dt_5.50e-06_Nx_64_periodic_dtout_2025pphi.csv
Exception type : TypeError 
Exception message : float() argument must be a string or a real number, not 'complex'
Stack trace : ['File : /sfs/gpfs/tardis/home/xpz5km/Cahn_Hilliard_Model_HPC/spinodal_decomp/compare_L2_error.py , Line : 86, Func.Name : compare_L2_error_at_timepoint, Message : snapshot_NMG = read_specific_lines(f"{root}/{NMG_fname}", line_list)', 'File : /sfs/gpfs/tardis/home/xpz5km/Cahn_Hilliard_Model_HPC/spinodal_decomp/compare_L2_error.py , Line : 21, Func.Name : read_specific_lines, Message : digits.append(float(i))']
Python,20,512,periodic,1,1,50p
NMG_Python_20_dt_5.50e-06_Nx_512_periodic_dtout_150pphi.csv
Exception type : TypeError 
Exception message : float() argument must be a string or a real number, not 'complex'
Stack trace : ['File : /sfs/gpfs/tardis/home/xpz5km/Cahn_Hilliard_Model_HPC/spinodal_decomp/compare_L2_error.py , Line : 86, Func.Name : compare_L2_error_at_timepoint, Message : snapshot_NMG = read_specific_lines(f"{root}/{NMG_fname}", line_list)', 'File : /sfs/gpfs/tardis/home/xpz5km/Cahn_Hilliard_Model_HPC/spinodal_decomp/compare_L2_error.py , Line : 21, Func.Name : read_specific_lines, Message : digits.append(float(i))']
Python,2000,512,neumann,2000,2000,50p not recorded; dt_out too large.
Python,2000,512,neumann,2000,2000,75p not recorded; dt_out too large.
Python,20,512,periodic,20,20,25p
NMG_Python_20_dt_5.50e-06_Nx_512_periodic_dtout_2025pphi.csv
Exception type : TypeError 
Exception message : float() argument must be a string or a real number, not 'complex'
Stack trace : ['File : /sfs/gpfs/tardis/home/xpz5km/Cahn_Hilliard_Model_HPC/spinodal_decomp/compare_L2_error.py , Line : 86, Func.Name : compare_L2_error_at_timepoint, Message : snapshot_NMG = read_specific_lines(f"{root}/{NMG_fname}", line_list)', 'File : /sfs/gpfs/tardis/home/xpz5km/Cahn_Hilliard_Model_HPC/spinodal_decomp/compare_L2_error.py , Line : 21, Func.Name : read_specific_lines, Message : digits.append(float(i))']
Python,20,64,neumann,20,20,50p
NMG_Python_20_dt_5.50e-06_Nx_64_neumann_dtout_2050pphi.csv
Exception type : TypeError 
Exception message : float() argument must be a string or a real number, not 'complex'
Stack trace : ['File : /sfs/gpfs/tardis/home/xpz5km/Cahn_Hilliard_Model_HPC/spinodal_decomp/compare_L2_error.py , Line : 86, Func.Name : compare_L2_error_at_timepoint, Message : snapshot_NMG = read_specific_lines(f"{root}/{NMG_fname}", line_list)', 'File : /sfs/gpfs/tardis/home/xpz5km/Cahn_Hilliard_Model_HPC/spinodal_decomp/compare_L2_error.py , Line : 21, Func.Name : read_specific_lines, Message : digits.append(float(i))']
Python,20,128,neumann,20,20,75p
NMG_Python_20_dt_5.50e-06_Nx_128_neumann_dtout_2075pphi.csv
Exception type : TypeError 
Exception message : float() argument must be a string or a real number, not 'complex'
Stack trace : ['File : /sfs/gpfs/tardis/home/xpz5km/Cahn_Hilliard_Model_HPC/spinodal_decomp/compare_L2_error.py , Line : 86, Func.Name : compare_L2_error_at_timepoint, Message : snapshot_NMG = read_specific_lines(f"{root}/{NMG_fname}", line_list)', 'File : /sfs/gpfs/tardis/home/xpz5km/Cahn_Hilliard_Model_HPC/spinodal_decomp/compare_L2_error.py , Line : 21, Func.Name : read_specific_lines, Message : digits.append(float(i))']
Python,20,64,neumann,1,1,25p
NMG_Python_20_dt_5.50e-06_Nx_64_neumann_dtout_125pphi.csv
Exception type : TypeError 
Exception message : float() argument must be a string or a real number, not 'complex'
Stack trace : ['File : /sfs/gpfs/tardis/home/xpz5km/Cahn_Hilliard_Model_HPC/spinodal_decomp/compare_L2_error.py , Line : 86, Func.Name : compare_L2_error_at_timepoint, Message : snapshot_NMG = read_specific_lines(f"{root}/{NMG_fname}", line_list)', 'File : /sfs/gpfs/tardis/home/xpz5km/Cahn_Hilliard_Model_HPC/spinodal_decomp/compare_L2_error.py , Line : 21, Func.Name : read_specific_lines, Message : digits.append(float(i))']
Python,2000,64,neumann,2000,2000,25p not recorded; dt_out too large.
Python,20,512,periodic,1,1,25p
NMG_Python_20_dt_5.50e-06_Nx_512_periodic_dtout_125pphi.csv
Exception type : TypeError 
Exception message : float() argument must be a string or a real number, not 'complex'
Stack trace : ['File : /sfs/gpfs/tardis/home/xpz5km/Cahn_Hilliard_Model_HPC/spinodal_decomp/compare_L2_error.py , Line : 86, Func.Name : compare_L2_error_at_timepoint, Message : snapshot_NMG = read_specific_lines(f"{root}/{NMG_fname}", line_list)', 'File : /sfs/gpfs/tardis/home/xpz5km/Cahn_Hilliard_Model_HPC/spinodal_decomp/compare_L2_error.py , Line : 21, Func.Name : read_specific_lines, Message : digits.append(float(i))']
Python,2000,128,periodic,2000,2000,25p not recorded; dt_out too large.
Python,20,512,periodic,20,20,50p
NMG_Python_20_dt_5.50e-06_Nx_512_periodic_dtout_2050pphi.csv
Exception type : TypeError 
Exception message : float() argument must be a string or a real number, not 'complex'
Stack trace : ['File : /sfs/gpfs/tardis/home/xpz5km/Cahn_Hilliard_Model_HPC/spinodal_decomp/compare_L2_error.py , Line : 86, Func.Name : compare_L2_error_at_timepoint, Message : snapshot_NMG = read_specific_lines(f"{root}/{NMG_fname}", line_list)', 'File : /sfs/gpfs/tardis/home/xpz5km/Cahn_Hilliard_Model_HPC/spinodal_decomp/compare_L2_error.py , Line : 21, Func.Name : read_specific_lines, Message : digits.append(float(i))']
Python,2000,512,periodic,2000,2000,75p not recorded; dt_out too large.
Python,20,128,periodic,1,1,75p
NMG_Python_20_dt_5.50e-06_Nx_128_periodic_dtout_175pphi.csv
Exception type : TypeError 
Exception message : float() argument must be a string or a real number, not 'complex'
Stack trace : ['File : /sfs/gpfs/tardis/home/xpz5km/Cahn_Hilliard_Model_HPC/spinodal_decomp/compare_L2_error.py , Line : 86, Func.Name : compare_L2_error_at_timepoint, Message : snapshot_NMG = read_specific_lines(f"{root}/{NMG_fname}", line_list)', 'File : /sfs/gpfs/tardis/home/xpz5km/Cahn_Hilliard_Model_HPC/spinodal_decomp/compare_L2_error.py , Line : 21, Func.Name : read_specific_lines, Message : digits.append(float(i))']
Python,20,512,periodic,1,1,75p
NMG_Python_20_dt_5.50e-06_Nx_512_periodic_dtout_175pphi.csv
Exception type : TypeError 
Exception message : float() argument must be a string or a real number, not 'complex'
Stack trace : ['File : /sfs/gpfs/tardis/home/xpz5km/Cahn_Hilliard_Model_HPC/spinodal_decomp/compare_L2_error.py , Line : 86, Func.Name : compare_L2_error_at_timepoint, Message : snapshot_NMG = read_specific_lines(f"{root}/{NMG_fname}", line_list)', 'File : /sfs/gpfs/tardis/home/xpz5km/Cahn_Hilliard_Model_HPC/spinodal_decomp/compare_L2_error.py , Line : 21, Func.Name : read_specific_lines, Message : digits.append(float(i))']
Python,20,128,neumann,1,1,50p
NMG_Python_20_dt_5.50e-06_Nx_128_neumann_dtout_150pphi.csv
Exception type : TypeError 
Exception message : float() argument must be a string or a real number, not 'complex'
Stack trace : ['File : /sfs/gpfs/tardis/home/xpz5km/Cahn_Hilliard_Model_HPC/spinodal_decomp/compare_L2_error.py , Line : 86, Func.Name : compare_L2_error_at_timepoint, Message : snapshot_NMG = read_specific_lines(f"{root}/{NMG_fname}", line_list)', 'File : /sfs/gpfs/tardis/home/xpz5km/Cahn_Hilliard_Model_HPC/spinodal_decomp/compare_L2_error.py , Line : 21, Func.Name : read_specific_lines, Message : digits.append(float(i))']
Python,2000,64,periodic,2000,2000,25p not recorded; dt_out too large.
Python,20,128,periodic,20,20,75p
NMG_Python_20_dt_5.50e-06_Nx_128_periodic_dtout_2075pphi.csv
Exception type : TypeError 
Exception message : float() argument must be a string or a real number, not 'complex'
Stack trace : ['File : /sfs/gpfs/tardis/home/xpz5km/Cahn_Hilliard_Model_HPC/spinodal_decomp/compare_L2_error.py , Line : 86, Func.Name : compare_L2_error_at_timepoint, Message : snapshot_NMG = read_specific_lines(f"{root}/{NMG_fname}", line_list)', 'File : /sfs/gpfs/tardis/home/xpz5km/Cahn_Hilliard_Model_HPC/spinodal_decomp/compare_L2_error.py , Line : 21, Func.Name : read_specific_lines, Message : digits.append(float(i))']
Python,2000,64,neumann,2000,2000,50p not recorded; dt_out too large.
Python,2000,128,periodic,2000,2000,50p not recorded; dt_out too large.
Python,20,256,periodic,20,20,75p
NMG_Python_20_dt_5.50e-06_Nx_256_periodic_dtout_2075pphi.csv
Exception type : TypeError 
Exception message : float() argument must be a string or a real number, not 'complex'
Stack trace : ['File : /sfs/gpfs/tardis/home/xpz5km/Cahn_Hilliard_Model_HPC/spinodal_decomp/compare_L2_error.py , Line : 86, Func.Name : compare_L2_error_at_timepoint, Message : snapshot_NMG = read_specific_lines(f"{root}/{NMG_fname}", line_list)', 'File : /sfs/gpfs/tardis/home/xpz5km/Cahn_Hilliard_Model_HPC/spinodal_decomp/compare_L2_error.py , Line : 21, Func.Name : read_specific_lines, Message : digits.append(float(i))']
Python,20,512,neumann,1,1,75p
NMG_Python_20_dt_5.50e-06_Nx_512_neumann_dtout_175pphi.csv
Exception type : TypeError 
Exception message : float() argument must be a string or a real number, not 'complex'
Stack trace : ['File : /sfs/gpfs/tardis/home/xpz5km/Cahn_Hilliard_Model_HPC/spinodal_decomp/compare_L2_error.py , Line : 86, Func.Name : compare_L2_error_at_timepoint, Message : snapshot_NMG = read_specific_lines(f"{root}/{NMG_fname}", line_list)', 'File : /sfs/gpfs/tardis/home/xpz5km/Cahn_Hilliard_Model_HPC/spinodal_decomp/compare_L2_error.py , Line : 21, Func.Name : read_specific_lines, Message : digits.append(float(i))']
Python,20,64,neumann,20,20,25p
NMG_Python_20_dt_5.50e-06_Nx_64_neumann_dtout_2025pphi.csv
Exception type : TypeError 
Exception message : float() argument must be a string or a real number, not 'complex'
Stack trace : ['File : /sfs/gpfs/tardis/home/xpz5km/Cahn_Hilliard_Model_HPC/spinodal_decomp/compare_L2_error.py , Line : 86, Func.Name : compare_L2_error_at_timepoint, Message : snapshot_NMG = read_specific_lines(f"{root}/{NMG_fname}", line_list)', 'File : /sfs/gpfs/tardis/home/xpz5km/Cahn_Hilliard_Model_HPC/spinodal_decomp/compare_L2_error.py , Line : 21, Func.Name : read_specific_lines, Message : digits.append(float(i))']
Python,20,64,neumann,20,20,75p
NMG_Python_20_dt_5.50e-06_Nx_64_neumann_dtout_2075pphi.csv
Exception type : TypeError 
Exception message : float() argument must be a string or a real number, not 'complex'
Stack trace : ['File : /sfs/gpfs/tardis/home/xpz5km/Cahn_Hilliard_Model_HPC/spinodal_decomp/compare_L2_error.py , Line : 86, Func.Name : compare_L2_error_at_timepoint, Message : snapshot_NMG = read_specific_lines(f"{root}/{NMG_fname}", line_list)', 'File : /sfs/gpfs/tardis/home/xpz5km/Cahn_Hilliard_Model_HPC/spinodal_decomp/compare_L2_error.py , Line : 21, Func.Name : read_specific_lines, Message : digits.append(float(i))']
Python,2000,64,periodic,2000,2000,50p not recorded; dt_out too large.
Python,20,512,periodic,20,20,75p
NMG_Python_20_dt_5.50e-06_Nx_512_periodic_dtout_2075pphi.csv
Exception type : TypeError 
Exception message : float() argument must be a string or a real number, not 'complex'
Stack trace : ['File : /sfs/gpfs/tardis/home/xpz5km/Cahn_Hilliard_Model_HPC/spinodal_decomp/compare_L2_error.py , Line : 86, Func.Name : compare_L2_error_at_timepoint, Message : snapshot_NMG = read_specific_lines(f"{root}/{NMG_fname}", line_list)', 'File : /sfs/gpfs/tardis/home/xpz5km/Cahn_Hilliard_Model_HPC/spinodal_decomp/compare_L2_error.py , Line : 21, Func.Name : read_specific_lines, Message : digits.append(float(i))']
Python,20,512,neumann,20,20,25p
NMG_Python_20_dt_5.50e-06_Nx_512_neumann_dtout_2025pphi.csv
Exception type : TypeError 
Exception message : float() argument must be a string or a real number, not 'complex'
Stack trace : ['File : /sfs/gpfs/tardis/home/xpz5km/Cahn_Hilliard_Model_HPC/spinodal_decomp/compare_L2_error.py , Line : 86, Func.Name : compare_L2_error_at_timepoint, Message : snapshot_NMG = read_specific_lines(f"{root}/{NMG_fname}", line_list)', 'File : /sfs/gpfs/tardis/home/xpz5km/Cahn_Hilliard_Model_HPC/spinodal_decomp/compare_L2_error.py , Line : 21, Func.Name : read_specific_lines, Message : digits.append(float(i))']
Python,20,512,neumann,1,1,50p
NMG_Python_20_dt_5.50e-06_Nx_512_neumann_dtout_150pphi.csv
Exception type : TypeError 
Exception message : float() argument must be a string or a real number, not 'complex'
Stack trace : ['File : /sfs/gpfs/tardis/home/xpz5km/Cahn_Hilliard_Model_HPC/spinodal_decomp/compare_L2_error.py , Line : 86, Func.Name : compare_L2_error_at_timepoint, Message : snapshot_NMG = read_specific_lines(f"{root}/{NMG_fname}", line_list)', 'File : /sfs/gpfs/tardis/home/xpz5km/Cahn_Hilliard_Model_HPC/spinodal_decomp/compare_L2_error.py , Line : 21, Func.Name : read_specific_lines, Message : digits.append(float(i))']
Python,20,64,periodic,1,1,25p
NMG_Python_20_dt_5.50e-06_Nx_64_periodic_dtout_125pphi.csv
Exception type : TypeError 
Exception message : float() argument must be a string or a real number, not 'complex'
Stack trace : ['File : /sfs/gpfs/tardis/home/xpz5km/Cahn_Hilliard_Model_HPC/spinodal_decomp/compare_L2_error.py , Line : 86, Func.Name : compare_L2_error_at_timepoint, Message : snapshot_NMG = read_specific_lines(f"{root}/{NMG_fname}", line_list)', 'File : /sfs/gpfs/tardis/home/xpz5km/Cahn_Hilliard_Model_HPC/spinodal_decomp/compare_L2_error.py , Line : 21, Func.Name : read_specific_lines, Message : digits.append(float(i))']
Python,2000,128,neumann,2000,2000,75p not recorded; dt_out too large.
Python,20,128,periodic,20,20,50p
NMG_Python_20_dt_5.50e-06_Nx_128_periodic_dtout_2050pphi.csv
Exception type : TypeError 
Exception message : float() argument must be a string or a real number, not 'complex'
Stack trace : ['File : /sfs/gpfs/tardis/home/xpz5km/Cahn_Hilliard_Model_HPC/spinodal_decomp/compare_L2_error.py , Line : 86, Func.Name : compare_L2_error_at_timepoint, Message : snapshot_NMG = read_specific_lines(f"{root}/{NMG_fname}", line_list)', 'File : /sfs/gpfs/tardis/home/xpz5km/Cahn_Hilliard_Model_HPC/spinodal_decomp/compare_L2_error.py , Line : 21, Func.Name : read_specific_lines, Message : digits.append(float(i))']
Python,20,256,periodic,20,20,50p
NMG_Python_20_dt_5.50e-06_Nx_256_periodic_dtout_2050pphi.csv
Exception type : TypeError 
Exception message : float() argument must be a string or a real number, not 'complex'
Stack trace : ['File : /sfs/gpfs/tardis/home/xpz5km/Cahn_Hilliard_Model_HPC/spinodal_decomp/compare_L2_error.py , Line : 86, Func.Name : compare_L2_error_at_timepoint, Message : snapshot_NMG = read_specific_lines(f"{root}/{NMG_fname}", line_list)', 'File : /sfs/gpfs/tardis/home/xpz5km/Cahn_Hilliard_Model_HPC/spinodal_decomp/compare_L2_error.py , Line : 21, Func.Name : read_specific_lines, Message : digits.append(float(i))']
Python,2000,256,neumann,2000,2000,50p not recorded; dt_out too large.
Python,20,64,periodic,20,20,50p
NMG_Python_20_dt_5.50e-06_Nx_64_periodic_dtout_2050pphi.csv
Exception type : TypeError 
Exception message : float() argument must be a string or a real number, not 'complex'
Stack trace : ['File : /sfs/gpfs/tardis/home/xpz5km/Cahn_Hilliard_Model_HPC/spinodal_decomp/compare_L2_error.py , Line : 86, Func.Name : compare_L2_error_at_timepoint, Message : snapshot_NMG = read_specific_lines(f"{root}/{NMG_fname}", line_list)', 'File : /sfs/gpfs/tardis/home/xpz5km/Cahn_Hilliard_Model_HPC/spinodal_decomp/compare_L2_error.py , Line : 21, Func.Name : read_specific_lines, Message : digits.append(float(i))']
Python,2000,512,neumann,2000,2000,25p not recorded; dt_out too large.
Python,20,512,neumann,20,20,75p
NMG_Python_20_dt_5.50e-06_Nx_512_neumann_dtout_2075pphi.csv
Exception type : TypeError 
Exception message : float() argument must be a string or a real number, not 'complex'
Stack trace : ['File : /sfs/gpfs/tardis/home/xpz5km/Cahn_Hilliard_Model_HPC/spinodal_decomp/compare_L2_error.py , Line : 86, Func.Name : compare_L2_error_at_timepoint, Message : snapshot_NMG = read_specific_lines(f"{root}/{NMG_fname}", line_list)', 'File : /sfs/gpfs/tardis/home/xpz5km/Cahn_Hilliard_Model_HPC/spinodal_decomp/compare_L2_error.py , Line : 21, Func.Name : read_specific_lines, Message : digits.append(float(i))']
Python,20,256,neumann,20,20,25p
NMG_Python_20_dt_5.50e-06_Nx_256_neumann_dtout_2025pphi.csv
Exception type : TypeError 
Exception message : float() argument must be a string or a real number, not 'complex'
Stack trace : ['File : /sfs/gpfs/tardis/home/xpz5km/Cahn_Hilliard_Model_HPC/spinodal_decomp/compare_L2_error.py , Line : 86, Func.Name : compare_L2_error_at_timepoint, Message : snapshot_NMG = read_specific_lines(f"{root}/{NMG_fname}", line_list)', 'File : /sfs/gpfs/tardis/home/xpz5km/Cahn_Hilliard_Model_HPC/spinodal_decomp/compare_L2_error.py , Line : 21, Func.Name : read_specific_lines, Message : digits.append(float(i))']
Python,2000,64,neumann,2000,2000,75p not recorded; dt_out too large.
Python,20,128,neumann,20,20,25p
NMG_Python_20_dt_5.50e-06_Nx_128_neumann_dtout_2025pphi.csv
Exception type : TypeError 
Exception message : float() argument must be a string or a real number, not 'complex'
Stack trace : ['File : /sfs/gpfs/tardis/home/xpz5km/Cahn_Hilliard_Model_HPC/spinodal_decomp/compare_L2_error.py , Line : 86, Func.Name : compare_L2_error_at_timepoint, Message : snapshot_NMG = read_specific_lines(f"{root}/{NMG_fname}", line_list)', 'File : /sfs/gpfs/tardis/home/xpz5km/Cahn_Hilliard_Model_HPC/spinodal_decomp/compare_L2_error.py , Line : 21, Func.Name : read_specific_lines, Message : digits.append(float(i))']
Python,20,64,periodic,20,20,75p
NMG_Python_20_dt_5.50e-06_Nx_64_periodic_dtout_2075pphi.csv
Exception type : TypeError 
Exception message : float() argument must be a string or a real number, not 'complex'
Stack trace : ['File : /sfs/gpfs/tardis/home/xpz5km/Cahn_Hilliard_Model_HPC/spinodal_decomp/compare_L2_error.py , Line : 86, Func.Name : compare_L2_error_at_timepoint, Message : snapshot_NMG = read_specific_lines(f"{root}/{NMG_fname}", line_list)', 'File : /sfs/gpfs/tardis/home/xpz5km/Cahn_Hilliard_Model_HPC/spinodal_decomp/compare_L2_error.py , Line : 21, Func.Name : read_specific_lines, Message : digits.append(float(i))']
Python,20,256,periodic,1,1,75p
NMG_Python_20_dt_5.50e-06_Nx_256_periodic_dtout_175pphi.csv
Exception type : TypeError 
Exception message : float() argument must be a string or a real number, not 'complex'
Stack trace : ['File : /sfs/gpfs/tardis/home/xpz5km/Cahn_Hilliard_Model_HPC/spinodal_decomp/compare_L2_error.py , Line : 86, Func.Name : compare_L2_error_at_timepoint, Message : snapshot_NMG = read_specific_lines(f"{root}/{NMG_fname}", line_list)', 'File : /sfs/gpfs/tardis/home/xpz5km/Cahn_Hilliard_Model_HPC/spinodal_decomp/compare_L2_error.py , Line : 21, Func.Name : read_specific_lines, Message : digits.append(float(i))']
Python,20,64,periodic,1,1,50p
NMG_Python_20_dt_5.50e-06_Nx_64_periodic_dtout_150pphi.csv
Exception type : TypeError 
Exception message : float() argument must be a string or a real number, not 'complex'
Stack trace : ['File : /sfs/gpfs/tardis/home/xpz5km/Cahn_Hilliard_Model_HPC/spinodal_decomp/compare_L2_error.py , Line : 86, Func.Name : compare_L2_error_at_timepoint, Message : snapshot_NMG = read_specific_lines(f"{root}/{NMG_fname}", line_list)', 'File : /sfs/gpfs/tardis/home/xpz5km/Cahn_Hilliard_Model_HPC/spinodal_decomp/compare_L2_error.py , Line : 21, Func.Name : read_specific_lines, Message : digits.append(float(i))']
Python,20,128,periodic,1,1,25p
NMG_Python_20_dt_5.50e-06_Nx_128_periodic_dtout_125pphi.csv
Exception type : TypeError 
Exception message : float() argument must be a string or a real number, not 'complex'
Stack trace : ['File : /sfs/gpfs/tardis/home/xpz5km/Cahn_Hilliard_Model_HPC/spinodal_decomp/compare_L2_error.py , Line : 86, Func.Name : compare_L2_error_at_timepoint, Message : snapshot_NMG = read_specific_lines(f"{root}/{NMG_fname}", line_list)', 'File : /sfs/gpfs/tardis/home/xpz5km/Cahn_Hilliard_Model_HPC/spinodal_decomp/compare_L2_error.py , Line : 21, Func.Name : read_specific_lines, Message : digits.append(float(i))']
14
Python,20,256,neumann,20,20,75p
NMG_Python_20_dt_5.50e-06_Nx_256_neumann_dtout_2075pphi.csv
Exception type : TypeError 
Exception message : float() argument must be a string or a real number, not 'complex'
Stack trace : ['File : /sfs/gpfs/tardis/home/xpz5km/Cahn_Hilliard_Model_HPC/spinodal_decomp/compare_L2_error.py , Line : 86, Func.Name : compare_L2_error_at_timepoint, Message : snapshot_NMG = read_specific_lines(f"{root}/{NMG_fname}", line_list)', 'File : /sfs/gpfs/tardis/home/xpz5km/Cahn_Hilliard_Model_HPC/spinodal_decomp/compare_L2_error.py , Line : 21, Func.Name : read_specific_lines, Message : digits.append(float(i))']
Python,2000,256,neumann,2000,2000,25p not recorded; dt_out too large.
Python,20,128,periodic,20,20,25p
NMG_Python_20_dt_5.50e-06_Nx_128_periodic_dtout_2025pphi.csv
Exception type : TypeError 
Exception message : float() argument must be a string or a real number, not 'complex'
Stack trace : ['File : /sfs/gpfs/tardis/home/xpz5km/Cahn_Hilliard_Model_HPC/spinodal_decomp/compare_L2_error.py , Line : 86, Func.Name : compare_L2_error_at_timepoint, Message : snapshot_NMG = read_specific_lines(f"{root}/{NMG_fname}", line_list)', 'File : /sfs/gpfs/tardis/home/xpz5km/Cahn_Hilliard_Model_HPC/spinodal_decomp/compare_L2_error.py , Line : 21, Func.Name : read_specific_lines, Message : digits.append(float(i))']
Python,2000,256,periodic,2000,2000,50p not recorded; dt_out too large.
Python,20,256,periodic,20,20,25p
NMG_Python_20_dt_5.50e-06_Nx_256_periodic_dtout_2025pphi.csv
Exception type : TypeError 
Exception message : float() argument must be a string or a real number, not 'complex'
Stack trace : ['File : /sfs/gpfs/tardis/home/xpz5km/Cahn_Hilliard_Model_HPC/spinodal_decomp/compare_L2_error.py , Line : 86, Func.Name : compare_L2_error_at_timepoint, Message : snapshot_NMG = read_specific_lines(f"{root}/{NMG_fname}", line_list)', 'File : /sfs/gpfs/tardis/home/xpz5km/Cahn_Hilliard_Model_HPC/spinodal_decomp/compare_L2_error.py , Line : 21, Func.Name : read_specific_lines, Message : digits.append(float(i))']
Python,20,512,neumann,20,20,50p
NMG_Python_20_dt_5.50e-06_Nx_512_neumann_dtout_2050pphi.csv
Exception type : TypeError 
Exception message : float() argument must be a string or a real number, not 'complex'
Stack trace : ['File : /sfs/gpfs/tardis/home/xpz5km/Cahn_Hilliard_Model_HPC/spinodal_decomp/compare_L2_error.py , Line : 86, Func.Name : compare_L2_error_at_timepoint, Message : snapshot_NMG = read_specific_lines(f"{root}/{NMG_fname}", line_list)', 'File : /sfs/gpfs/tardis/home/xpz5km/Cahn_Hilliard_Model_HPC/spinodal_decomp/compare_L2_error.py , Line : 21, Func.Name : read_specific_lines, Message : digits.append(float(i))']
Python,2000,512,periodic,2000,2000,25p not recorded; dt_out too large.
Python,2000,64,periodic,2000,2000,75p not recorded; dt_out too large.
Python,2000,256,periodic,2000,2000,25p not recorded; dt_out too large.
Python,2000,256,neumann,2000,2000,75p not recorded; dt_out too large.
Python,2000,128,periodic,2000,2000,75p not recorded; dt_out too large.
Python,20,128,neumann,1,1,25p
NMG_Python_20_dt_5.50e-06_Nx_128_neumann_dtout_125pphi.csv
Exception type : TypeError 
Exception message : float() argument must be a string or a real number, not 'complex'
Stack trace : ['File : /sfs/gpfs/tardis/home/xpz5km/Cahn_Hilliard_Model_HPC/spinodal_decomp/compare_L2_error.py , Line : 86, Func.Name : compare_L2_error_at_timepoint, Message : snapshot_NMG = read_specific_lines(f"{root}/{NMG_fname}", line_list)', 'File : /sfs/gpfs/tardis/home/xpz5km/Cahn_Hilliard_Model_HPC/spinodal_decomp/compare_L2_error.py , Line : 21, Func.Name : read_specific_lines, Message : digits.append(float(i))']
Python,2000,256,periodic,2000,2000,75p not recorded; dt_out too large.
Python,20,256,neumann,20,20,50p
NMG_Python_20_dt_5.50e-06_Nx_256_neumann_dtout_2050pphi.csv
Exception type : TypeError 
Exception message : float() argument must be a string or a real number, not 'complex'
Stack trace : ['File : /sfs/gpfs/tardis/home/xpz5km/Cahn_Hilliard_Model_HPC/spinodal_decomp/compare_L2_error.py , Line : 86, Func.Name : compare_L2_error_at_timepoint, Message : snapshot_NMG = read_specific_lines(f"{root}/{NMG_fname}", line_list)', 'File : /sfs/gpfs/tardis/home/xpz5km/Cahn_Hilliard_Model_HPC/spinodal_decomp/compare_L2_error.py , Line : 21, Func.Name : read_specific_lines, Message : digits.append(float(i))']
Python,2000,128,neumann,2000,2000,25p not recorded; dt_out too large.
Python,20,64,periodic,1,1,75p
NMG_Python_20_dt_5.50e-06_Nx_64_periodic_dtout_175pphi.csv
Exception type : TypeError 
Exception message : float() argument must be a string or a real number, not 'complex'
Stack trace : ['File : /sfs/gpfs/tardis/home/xpz5km/Cahn_Hilliard_Model_HPC/spinodal_decomp/compare_L2_error.py , Line : 86, Func.Name : compare_L2_error_at_timepoint, Message : snapshot_NMG = read_specific_lines(f"{root}/{NMG_fname}", line_list)', 'File : /sfs/gpfs/tardis/home/xpz5km/Cahn_Hilliard_Model_HPC/spinodal_decomp/compare_L2_error.py , Line : 21, Func.Name : read_specific_lines, Message : digits.append(float(i))']
Python,20,256,periodic,1,1,50p
NMG_Python_20_dt_5.50e-06_Nx_256_periodic_dtout_150pphi.csv
Exception type : TypeError 
Exception message : float() argument must be a string or a real number, not 'complex'
Stack trace : ['File : /sfs/gpfs/tardis/home/xpz5km/Cahn_Hilliard_Model_HPC/spinodal_decomp/compare_L2_error.py , Line : 86, Func.Name : compare_L2_error_at_timepoint, Message : snapshot_NMG = read_specific_lines(f"{root}/{NMG_fname}", line_list)', 'File : /sfs/gpfs/tardis/home/xpz5km/Cahn_Hilliard_Model_HPC/spinodal_decomp/compare_L2_error.py , Line : 21, Func.Name : read_specific_lines, Message : digits.append(float(i))']
Python,20,128,neumann,1,1,75p
NMG_Python_20_dt_5.50e-06_Nx_128_neumann_dtout_175pphi.csv
Exception type : TypeError 
Exception message : float() argument must be a string or a real number, not 'complex'
Stack trace : ['File : /sfs/gpfs/tardis/home/xpz5km/Cahn_Hilliard_Model_HPC/spinodal_decomp/compare_L2_error.py , Line : 86, Func.Name : compare_L2_error_at_timepoint, Message : snapshot_NMG = read_specific_lines(f"{root}/{NMG_fname}", line_list)', 'File : /sfs/gpfs/tardis/home/xpz5km/Cahn_Hilliard_Model_HPC/spinodal_decomp/compare_L2_error.py , Line : 21, Func.Name : read_specific_lines, Message : digits.append(float(i))']
Python,20,64,neumann,1,1,50p
NMG_Python_20_dt_5.50e-06_Nx_64_neumann_dtout_150pphi.csv
Exception type : TypeError 
Exception message : float() argument must be a string or a real number, not 'complex'
Stack trace : ['File : /sfs/gpfs/tardis/home/xpz5km/Cahn_Hilliard_Model_HPC/spinodal_decomp/compare_L2_error.py , Line : 86, Func.Name : compare_L2_error_at_timepoint, Message : snapshot_NMG = read_specific_lines(f"{root}/{NMG_fname}", line_list)', 'File : /sfs/gpfs/tardis/home/xpz5km/Cahn_Hilliard_Model_HPC/spinodal_decomp/compare_L2_error.py , Line : 21, Func.Name : read_specific_lines, Message : digits.append(float(i))']
Python,20,256,neumann,1,1,50p
NMG_Python_20_dt_5.50e-06_Nx_256_neumann_dtout_150pphi.csv
Exception type : TypeError 
Exception message : float() argument must be a string or a real number, not 'complex'
Stack trace : ['File : /sfs/gpfs/tardis/home/xpz5km/Cahn_Hilliard_Model_HPC/spinodal_decomp/compare_L2_error.py , Line : 86, Func.Name : compare_L2_error_at_timepoint, Message : snapshot_NMG = read_specific_lines(f"{root}/{NMG_fname}", line_list)', 'File : /sfs/gpfs/tardis/home/xpz5km/Cahn_Hilliard_Model_HPC/spinodal_decomp/compare_L2_error.py , Line : 21, Func.Name : read_specific_lines, Message : digits.append(float(i))']
Python,20,512,neumann,1,1,25p
NMG_Python_20_dt_5.50e-06_Nx_512_neumann_dtout_125pphi.csv
Exception type : TypeError 
Exception message : float() argument must be a string or a real number, not 'complex'
Stack trace : ['File : /sfs/gpfs/tardis/home/xpz5km/Cahn_Hilliard_Model_HPC/spinodal_decomp/compare_L2_error.py , Line : 86, Func.Name : compare_L2_error_at_timepoint, Message : snapshot_NMG = read_specific_lines(f"{root}/{NMG_fname}", line_list)', 'File : /sfs/gpfs/tardis/home/xpz5km/Cahn_Hilliard_Model_HPC/spinodal_decomp/compare_L2_error.py , Line : 21, Func.Name : read_specific_lines, Message : digits.append(float(i))']
Python,2000,128,neumann,2000,2000,50p not recorded; dt_out too large.
Python,2000,512,periodic,2000,2000,50p not recorded; dt_out too large.
Python,20,256,neumann,1,1,75p
NMG_Python_20_dt_5.50e-06_Nx_256_neumann_dtout_175pphi.csv
Exception type : TypeError 
Exception message : float() argument must be a string or a real number, not 'complex'
Stack trace : ['File : /sfs/gpfs/tardis/home/xpz5km/Cahn_Hilliard_Model_HPC/spinodal_decomp/compare_L2_error.py , Line : 86, Func.Name : compare_L2_error_at_timepoint, Message : snapshot_NMG = read_specific_lines(f"{root}/{NMG_fname}", line_list)', 'File : /sfs/gpfs/tardis/home/xpz5km/Cahn_Hilliard_Model_HPC/spinodal_decomp/compare_L2_error.py , Line : 21, Func.Name : read_specific_lines, Message : digits.append(float(i))']
Python,20,128,neumann,20,20,50p
NMG_Python_20_dt_5.50e-06_Nx_128_neumann_dtout_2050pphi.csv
Exception type : TypeError 
Exception message : float() argument must be a string or a real number, not 'complex'
Stack trace : ['File : /sfs/gpfs/tardis/home/xpz5km/Cahn_Hilliard_Model_HPC/spinodal_decomp/compare_L2_error.py , Line : 86, Func.Name : compare_L2_error_at_timepoint, Message : snapshot_NMG = read_specific_lines(f"{root}/{NMG_fname}", line_list)', 'File : /sfs/gpfs/tardis/home/xpz5km/Cahn_Hilliard_Model_HPC/spinodal_decomp/compare_L2_error.py , Line : 21, Func.Name : read_specific_lines, Message : digits.append(float(i))']
Python,20,128,periodic,1,1,50p
NMG_Python_20_dt_5.50e-06_Nx_128_periodic_dtout_150pphi.csv
Exception type : TypeError 
Exception message : float() argument must be a string or a real number, not 'complex'
Stack trace : ['File : /sfs/gpfs/tardis/home/xpz5km/Cahn_Hilliard_Model_HPC/spinodal_decomp/compare_L2_error.py , Line : 86, Func.Name : compare_L2_error_at_timepoint, Message : snapshot_NMG = read_specific_lines(f"{root}/{NMG_fname}", line_list)', 'File : /sfs/gpfs/tardis/home/xpz5km/Cahn_Hilliard_Model_HPC/spinodal_decomp/compare_L2_error.py , Line : 21, Func.Name : read_specific_lines, Message : digits.append(float(i))']
Python,20,256,neumann,1,1,25p
NMG_Python_20_dt_5.50e-06_Nx_256_neumann_dtout_125pphi.csv
Exception type : TypeError 
Exception message : float() argument must be a string or a real number, not 'complex'
Stack trace : ['File : /sfs/gpfs/tardis/home/xpz5km/Cahn_Hilliard_Model_HPC/spinodal_decomp/compare_L2_error.py , Line : 86, Func.Name : compare_L2_error_at_timepoint, Message : snapshot_NMG = read_specific_lines(f"{root}/{NMG_fname}", line_list)', 'File : /sfs/gpfs/tardis/home/xpz5km/Cahn_Hilliard_Model_HPC/spinodal_decomp/compare_L2_error.py , Line : 21, Func.Name : read_specific_lines, Message : digits.append(float(i))']
Python,20,64,neumann,1,1,75p
NMG_Python_20_dt_5.50e-06_Nx_64_neumann_dtout_175pphi.csv
Exception type : TypeError 
Exception message : float() argument must be a string or a real number, not 'complex'
Stack trace : ['File : /sfs/gpfs/tardis/home/xpz5km/Cahn_Hilliard_Model_HPC/spinodal_decomp/compare_L2_error.py , Line : 86, Func.Name : compare_L2_error_at_timepoint, Message : snapshot_NMG = read_specific_lines(f"{root}/{NMG_fname}", line_list)', 'File : /sfs/gpfs/tardis/home/xpz5km/Cahn_Hilliard_Model_HPC/spinodal_decomp/compare_L2_error.py , Line : 21, Func.Name : read_specific_lines, Message : digits.append(float(i))']
Python,20,256,periodic,1,1,25p
NMG_Python_20_dt_5.50e-06_Nx_256_periodic_dtout_125pphi.csv
Exception type : TypeError 
Exception message : float() argument must be a string or a real number, not 'complex'
Stack trace : ['File : /sfs/gpfs/tardis/home/xpz5km/Cahn_Hilliard_Model_HPC/spinodal_decomp/compare_L2_error.py , Line : 86, Func.Name : compare_L2_error_at_timepoint, Message : snapshot_NMG = read_specific_lines(f"{root}/{NMG_fname}", line_list)', 'File : /sfs/gpfs/tardis/home/xpz5km/Cahn_Hilliard_Model_HPC/spinodal_decomp/compare_L2_error.py , Line : 21, Func.Name : read_specific_lines, Message : digits.append(float(i))']
Python,20,64,periodic,20,20,25p
NMG_Python_20_dt_5.50e-06_Nx_64_periodic_dtout_2025pphi.csv
Exception type : TypeError 
Exception message : float() argument must be a string or a real number, not 'complex'
Stack trace : ['File : /sfs/gpfs/tardis/home/xpz5km/Cahn_Hilliard_Model_HPC/spinodal_decomp/compare_L2_error.py , Line : 86, Func.Name : compare_L2_error_at_timepoint, Message : snapshot_NMG = read_specific_lines(f"{root}/{NMG_fname}", line_list)', 'File : /sfs/gpfs/tardis/home/xpz5km/Cahn_Hilliard_Model_HPC/spinodal_decomp/compare_L2_error.py , Line : 21, Func.Name : read_specific_lines, Message : digits.append(float(i))']
Python,20,512,periodic,1,1,50p
NMG_Python_20_dt_5.50e-06_Nx_512_periodic_dtout_150pphi.csv
Exception type : TypeError 
Exception message : float() argument must be a string or a real number, not 'complex'
Stack trace : ['File : /sfs/gpfs/tardis/home/xpz5km/Cahn_Hilliard_Model_HPC/spinodal_decomp/compare_L2_error.py , Line : 86, Func.Name : compare_L2_error_at_timepoint, Message : snapshot_NMG = read_specific_lines(f"{root}/{NMG_fname}", line_list)', 'File : /sfs/gpfs/tardis/home/xpz5km/Cahn_Hilliard_Model_HPC/spinodal_decomp/compare_L2_error.py , Line : 21, Func.Name : read_specific_lines, Message : digits.append(float(i))']
Python,2000,512,neumann,2000,2000,50p not recorded; dt_out too large.
Python,2000,512,neumann,2000,2000,75p not recorded; dt_out too large.
Python,20,512,periodic,20,20,25p
NMG_Python_20_dt_5.50e-06_Nx_512_periodic_dtout_2025pphi.csv
Exception type : TypeError 
Exception message : float() argument must be a string or a real number, not 'complex'
Stack trace : ['File : /sfs/gpfs/tardis/home/xpz5km/Cahn_Hilliard_Model_HPC/spinodal_decomp/compare_L2_error.py , Line : 86, Func.Name : compare_L2_error_at_timepoint, Message : snapshot_NMG = read_specific_lines(f"{root}/{NMG_fname}", line_list)', 'File : /sfs/gpfs/tardis/home/xpz5km/Cahn_Hilliard_Model_HPC/spinodal_decomp/compare_L2_error.py , Line : 21, Func.Name : read_specific_lines, Message : digits.append(float(i))']
Python,20,64,neumann,20,20,50p
NMG_Python_20_dt_5.50e-06_Nx_64_neumann_dtout_2050pphi.csv
Exception type : TypeError 
Exception message : float() argument must be a string or a real number, not 'complex'
Stack trace : ['File : /sfs/gpfs/tardis/home/xpz5km/Cahn_Hilliard_Model_HPC/spinodal_decomp/compare_L2_error.py , Line : 86, Func.Name : compare_L2_error_at_timepoint, Message : snapshot_NMG = read_specific_lines(f"{root}/{NMG_fname}", line_list)', 'File : /sfs/gpfs/tardis/home/xpz5km/Cahn_Hilliard_Model_HPC/spinodal_decomp/compare_L2_error.py , Line : 21, Func.Name : read_specific_lines, Message : digits.append(float(i))']
Python,20,128,neumann,20,20,75p
NMG_Python_20_dt_5.50e-06_Nx_128_neumann_dtout_2075pphi.csv
Exception type : TypeError 
Exception message : float() argument must be a string or a real number, not 'complex'
Stack trace : ['File : /sfs/gpfs/tardis/home/xpz5km/Cahn_Hilliard_Model_HPC/spinodal_decomp/compare_L2_error.py , Line : 86, Func.Name : compare_L2_error_at_timepoint, Message : snapshot_NMG = read_specific_lines(f"{root}/{NMG_fname}", line_list)', 'File : /sfs/gpfs/tardis/home/xpz5km/Cahn_Hilliard_Model_HPC/spinodal_decomp/compare_L2_error.py , Line : 21, Func.Name : read_specific_lines, Message : digits.append(float(i))']
Python,20,64,neumann,1,1,25p
NMG_Python_20_dt_5.50e-06_Nx_64_neumann_dtout_125pphi.csv
Exception type : TypeError 
Exception message : float() argument must be a string or a real number, not 'complex'
Stack trace : ['File : /sfs/gpfs/tardis/home/xpz5km/Cahn_Hilliard_Model_HPC/spinodal_decomp/compare_L2_error.py , Line : 86, Func.Name : compare_L2_error_at_timepoint, Message : snapshot_NMG = read_specific_lines(f"{root}/{NMG_fname}", line_list)', 'File : /sfs/gpfs/tardis/home/xpz5km/Cahn_Hilliard_Model_HPC/spinodal_decomp/compare_L2_error.py , Line : 21, Func.Name : read_specific_lines, Message : digits.append(float(i))']
Python,2000,64,neumann,2000,2000,25p not recorded; dt_out too large.
Python,20,512,periodic,1,1,25p
NMG_Python_20_dt_5.50e-06_Nx_512_periodic_dtout_125pphi.csv
Exception type : TypeError 
Exception message : float() argument must be a string or a real number, not 'complex'
Stack trace : ['File : /sfs/gpfs/tardis/home/xpz5km/Cahn_Hilliard_Model_HPC/spinodal_decomp/compare_L2_error.py , Line : 86, Func.Name : compare_L2_error_at_timepoint, Message : snapshot_NMG = read_specific_lines(f"{root}/{NMG_fname}", line_list)', 'File : /sfs/gpfs/tardis/home/xpz5km/Cahn_Hilliard_Model_HPC/spinodal_decomp/compare_L2_error.py , Line : 21, Func.Name : read_specific_lines, Message : digits.append(float(i))']
Python,2000,128,periodic,2000,2000,25p not recorded; dt_out too large.
Python,20,512,periodic,20,20,50p
NMG_Python_20_dt_5.50e-06_Nx_512_periodic_dtout_2050pphi.csv
Exception type : TypeError 
Exception message : float() argument must be a string or a real number, not 'complex'
Stack trace : ['File : /sfs/gpfs/tardis/home/xpz5km/Cahn_Hilliard_Model_HPC/spinodal_decomp/compare_L2_error.py , Line : 86, Func.Name : compare_L2_error_at_timepoint, Message : snapshot_NMG = read_specific_lines(f"{root}/{NMG_fname}", line_list)', 'File : /sfs/gpfs/tardis/home/xpz5km/Cahn_Hilliard_Model_HPC/spinodal_decomp/compare_L2_error.py , Line : 21, Func.Name : read_specific_lines, Message : digits.append(float(i))']
Python,2000,512,periodic,2000,2000,75p not recorded; dt_out too large.
Python,20,128,periodic,1,1,75p
NMG_Python_20_dt_5.50e-06_Nx_128_periodic_dtout_175pphi.csv
Exception type : TypeError 
Exception message : float() argument must be a string or a real number, not 'complex'
Stack trace : ['File : /sfs/gpfs/tardis/home/xpz5km/Cahn_Hilliard_Model_HPC/spinodal_decomp/compare_L2_error.py , Line : 86, Func.Name : compare_L2_error_at_timepoint, Message : snapshot_NMG = read_specific_lines(f"{root}/{NMG_fname}", line_list)', 'File : /sfs/gpfs/tardis/home/xpz5km/Cahn_Hilliard_Model_HPC/spinodal_decomp/compare_L2_error.py , Line : 21, Func.Name : read_specific_lines, Message : digits.append(float(i))']
Python,20,512,periodic,1,1,75p
NMG_Python_20_dt_5.50e-06_Nx_512_periodic_dtout_175pphi.csv
Exception type : TypeError 
Exception message : float() argument must be a string or a real number, not 'complex'
Stack trace : ['File : /sfs/gpfs/tardis/home/xpz5km/Cahn_Hilliard_Model_HPC/spinodal_decomp/compare_L2_error.py , Line : 86, Func.Name : compare_L2_error_at_timepoint, Message : snapshot_NMG = read_specific_lines(f"{root}/{NMG_fname}", line_list)', 'File : /sfs/gpfs/tardis/home/xpz5km/Cahn_Hilliard_Model_HPC/spinodal_decomp/compare_L2_error.py , Line : 21, Func.Name : read_specific_lines, Message : digits.append(float(i))']
Python,20,128,neumann,1,1,50p
NMG_Python_20_dt_5.50e-06_Nx_128_neumann_dtout_150pphi.csv
Exception type : TypeError 
Exception message : float() argument must be a string or a real number, not 'complex'
Stack trace : ['File : /sfs/gpfs/tardis/home/xpz5km/Cahn_Hilliard_Model_HPC/spinodal_decomp/compare_L2_error.py , Line : 86, Func.Name : compare_L2_error_at_timepoint, Message : snapshot_NMG = read_specific_lines(f"{root}/{NMG_fname}", line_list)', 'File : /sfs/gpfs/tardis/home/xpz5km/Cahn_Hilliard_Model_HPC/spinodal_decomp/compare_L2_error.py , Line : 21, Func.Name : read_specific_lines, Message : digits.append(float(i))']
Python,2000,64,periodic,2000,2000,25p not recorded; dt_out too large.
Python,20,128,periodic,20,20,75p
NMG_Python_20_dt_5.50e-06_Nx_128_periodic_dtout_2075pphi.csv
Exception type : TypeError 
Exception message : float() argument must be a string or a real number, not 'complex'
Stack trace : ['File : /sfs/gpfs/tardis/home/xpz5km/Cahn_Hilliard_Model_HPC/spinodal_decomp/compare_L2_error.py , Line : 86, Func.Name : compare_L2_error_at_timepoint, Message : snapshot_NMG = read_specific_lines(f"{root}/{NMG_fname}", line_list)', 'File : /sfs/gpfs/tardis/home/xpz5km/Cahn_Hilliard_Model_HPC/spinodal_decomp/compare_L2_error.py , Line : 21, Func.Name : read_specific_lines, Message : digits.append(float(i))']
Python,2000,64,neumann,2000,2000,50p not recorded; dt_out too large.
Python,2000,128,periodic,2000,2000,50p not recorded; dt_out too large.
Python,20,256,periodic,20,20,75p
NMG_Python_20_dt_5.50e-06_Nx_256_periodic_dtout_2075pphi.csv
Exception type : TypeError 
Exception message : float() argument must be a string or a real number, not 'complex'
Stack trace : ['File : /sfs/gpfs/tardis/home/xpz5km/Cahn_Hilliard_Model_HPC/spinodal_decomp/compare_L2_error.py , Line : 86, Func.Name : compare_L2_error_at_timepoint, Message : snapshot_NMG = read_specific_lines(f"{root}/{NMG_fname}", line_list)', 'File : /sfs/gpfs/tardis/home/xpz5km/Cahn_Hilliard_Model_HPC/spinodal_decomp/compare_L2_error.py , Line : 21, Func.Name : read_specific_lines, Message : digits.append(float(i))']
Python,20,512,neumann,1,1,75p
NMG_Python_20_dt_5.50e-06_Nx_512_neumann_dtout_175pphi.csv
Exception type : TypeError 
Exception message : float() argument must be a string or a real number, not 'complex'
Stack trace : ['File : /sfs/gpfs/tardis/home/xpz5km/Cahn_Hilliard_Model_HPC/spinodal_decomp/compare_L2_error.py , Line : 86, Func.Name : compare_L2_error_at_timepoint, Message : snapshot_NMG = read_specific_lines(f"{root}/{NMG_fname}", line_list)', 'File : /sfs/gpfs/tardis/home/xpz5km/Cahn_Hilliard_Model_HPC/spinodal_decomp/compare_L2_error.py , Line : 21, Func.Name : read_specific_lines, Message : digits.append(float(i))']
Python,20,64,neumann,20,20,25p
NMG_Python_20_dt_5.50e-06_Nx_64_neumann_dtout_2025pphi.csv
Exception type : TypeError 
Exception message : float() argument must be a string or a real number, not 'complex'
Stack trace : ['File : /sfs/gpfs/tardis/home/xpz5km/Cahn_Hilliard_Model_HPC/spinodal_decomp/compare_L2_error.py , Line : 86, Func.Name : compare_L2_error_at_timepoint, Message : snapshot_NMG = read_specific_lines(f"{root}/{NMG_fname}", line_list)', 'File : /sfs/gpfs/tardis/home/xpz5km/Cahn_Hilliard_Model_HPC/spinodal_decomp/compare_L2_error.py , Line : 21, Func.Name : read_specific_lines, Message : digits.append(float(i))']
Python,20,64,neumann,20,20,75p
NMG_Python_20_dt_5.50e-06_Nx_64_neumann_dtout_2075pphi.csv
Exception type : TypeError 
Exception message : float() argument must be a string or a real number, not 'complex'
Stack trace : ['File : /sfs/gpfs/tardis/home/xpz5km/Cahn_Hilliard_Model_HPC/spinodal_decomp/compare_L2_error.py , Line : 86, Func.Name : compare_L2_error_at_timepoint, Message : snapshot_NMG = read_specific_lines(f"{root}/{NMG_fname}", line_list)', 'File : /sfs/gpfs/tardis/home/xpz5km/Cahn_Hilliard_Model_HPC/spinodal_decomp/compare_L2_error.py , Line : 21, Func.Name : read_specific_lines, Message : digits.append(float(i))']
Python,2000,64,periodic,2000,2000,50p not recorded; dt_out too large.
Python,20,512,periodic,20,20,75p
NMG_Python_20_dt_5.50e-06_Nx_512_periodic_dtout_2075pphi.csv
Exception type : TypeError 
Exception message : float() argument must be a string or a real number, not 'complex'
Stack trace : ['File : /sfs/gpfs/tardis/home/xpz5km/Cahn_Hilliard_Model_HPC/spinodal_decomp/compare_L2_error.py , Line : 86, Func.Name : compare_L2_error_at_timepoint, Message : snapshot_NMG = read_specific_lines(f"{root}/{NMG_fname}", line_list)', 'File : /sfs/gpfs/tardis/home/xpz5km/Cahn_Hilliard_Model_HPC/spinodal_decomp/compare_L2_error.py , Line : 21, Func.Name : read_specific_lines, Message : digits.append(float(i))']
Python,20,512,neumann,20,20,25p
NMG_Python_20_dt_5.50e-06_Nx_512_neumann_dtout_2025pphi.csv
Exception type : TypeError 
Exception message : float() argument must be a string or a real number, not 'complex'
Stack trace : ['File : /sfs/gpfs/tardis/home/xpz5km/Cahn_Hilliard_Model_HPC/spinodal_decomp/compare_L2_error.py , Line : 86, Func.Name : compare_L2_error_at_timepoint, Message : snapshot_NMG = read_specific_lines(f"{root}/{NMG_fname}", line_list)', 'File : /sfs/gpfs/tardis/home/xpz5km/Cahn_Hilliard_Model_HPC/spinodal_decomp/compare_L2_error.py , Line : 21, Func.Name : read_specific_lines, Message : digits.append(float(i))']
Python,20,512,neumann,1,1,50p
NMG_Python_20_dt_5.50e-06_Nx_512_neumann_dtout_150pphi.csv
Exception type : TypeError 
Exception message : float() argument must be a string or a real number, not 'complex'
Stack trace : ['File : /sfs/gpfs/tardis/home/xpz5km/Cahn_Hilliard_Model_HPC/spinodal_decomp/compare_L2_error.py , Line : 86, Func.Name : compare_L2_error_at_timepoint, Message : snapshot_NMG = read_specific_lines(f"{root}/{NMG_fname}", line_list)', 'File : /sfs/gpfs/tardis/home/xpz5km/Cahn_Hilliard_Model_HPC/spinodal_decomp/compare_L2_error.py , Line : 21, Func.Name : read_specific_lines, Message : digits.append(float(i))']
Python,20,64,periodic,1,1,25p
NMG_Python_20_dt_5.50e-06_Nx_64_periodic_dtout_125pphi.csv
Exception type : TypeError 
Exception message : float() argument must be a string or a real number, not 'complex'
Stack trace : ['File : /sfs/gpfs/tardis/home/xpz5km/Cahn_Hilliard_Model_HPC/spinodal_decomp/compare_L2_error.py , Line : 86, Func.Name : compare_L2_error_at_timepoint, Message : snapshot_NMG = read_specific_lines(f"{root}/{NMG_fname}", line_list)', 'File : /sfs/gpfs/tardis/home/xpz5km/Cahn_Hilliard_Model_HPC/spinodal_decomp/compare_L2_error.py , Line : 21, Func.Name : read_specific_lines, Message : digits.append(float(i))']
Python,2000,128,neumann,2000,2000,75p not recorded; dt_out too large.
Python,20,128,periodic,20,20,50p
NMG_Python_20_dt_5.50e-06_Nx_128_periodic_dtout_2050pphi.csv
Exception type : TypeError 
Exception message : float() argument must be a string or a real number, not 'complex'
Stack trace : ['File : /sfs/gpfs/tardis/home/xpz5km/Cahn_Hilliard_Model_HPC/spinodal_decomp/compare_L2_error.py , Line : 86, Func.Name : compare_L2_error_at_timepoint, Message : snapshot_NMG = read_specific_lines(f"{root}/{NMG_fname}", line_list)', 'File : /sfs/gpfs/tardis/home/xpz5km/Cahn_Hilliard_Model_HPC/spinodal_decomp/compare_L2_error.py , Line : 21, Func.Name : read_specific_lines, Message : digits.append(float(i))']
Python,20,256,periodic,20,20,50p
NMG_Python_20_dt_5.50e-06_Nx_256_periodic_dtout_2050pphi.csv
Exception type : TypeError 
Exception message : float() argument must be a string or a real number, not 'complex'
Stack trace : ['File : /sfs/gpfs/tardis/home/xpz5km/Cahn_Hilliard_Model_HPC/spinodal_decomp/compare_L2_error.py , Line : 86, Func.Name : compare_L2_error_at_timepoint, Message : snapshot_NMG = read_specific_lines(f"{root}/{NMG_fname}", line_list)', 'File : /sfs/gpfs/tardis/home/xpz5km/Cahn_Hilliard_Model_HPC/spinodal_decomp/compare_L2_error.py , Line : 21, Func.Name : read_specific_lines, Message : digits.append(float(i))']
Python,2000,256,neumann,2000,2000,50p not recorded; dt_out too large.
Python,20,64,periodic,20,20,50p
NMG_Python_20_dt_5.50e-06_Nx_64_periodic_dtout_2050pphi.csv
Exception type : TypeError 
Exception message : float() argument must be a string or a real number, not 'complex'
Stack trace : ['File : /sfs/gpfs/tardis/home/xpz5km/Cahn_Hilliard_Model_HPC/spinodal_decomp/compare_L2_error.py , Line : 86, Func.Name : compare_L2_error_at_timepoint, Message : snapshot_NMG = read_specific_lines(f"{root}/{NMG_fname}", line_list)', 'File : /sfs/gpfs/tardis/home/xpz5km/Cahn_Hilliard_Model_HPC/spinodal_decomp/compare_L2_error.py , Line : 21, Func.Name : read_specific_lines, Message : digits.append(float(i))']
Python,2000,512,neumann,2000,2000,25p not recorded; dt_out too large.
Python,20,512,neumann,20,20,75p
NMG_Python_20_dt_5.50e-06_Nx_512_neumann_dtout_2075pphi.csv
Exception type : TypeError 
Exception message : float() argument must be a string or a real number, not 'complex'
Stack trace : ['File : /sfs/gpfs/tardis/home/xpz5km/Cahn_Hilliard_Model_HPC/spinodal_decomp/compare_L2_error.py , Line : 86, Func.Name : compare_L2_error_at_timepoint, Message : snapshot_NMG = read_specific_lines(f"{root}/{NMG_fname}", line_list)', 'File : /sfs/gpfs/tardis/home/xpz5km/Cahn_Hilliard_Model_HPC/spinodal_decomp/compare_L2_error.py , Line : 21, Func.Name : read_specific_lines, Message : digits.append(float(i))']
Python,20,256,neumann,20,20,25p
NMG_Python_20_dt_5.50e-06_Nx_256_neumann_dtout_2025pphi.csv
Exception type : TypeError 
Exception message : float() argument must be a string or a real number, not 'complex'
Stack trace : ['File : /sfs/gpfs/tardis/home/xpz5km/Cahn_Hilliard_Model_HPC/spinodal_decomp/compare_L2_error.py , Line : 86, Func.Name : compare_L2_error_at_timepoint, Message : snapshot_NMG = read_specific_lines(f"{root}/{NMG_fname}", line_list)', 'File : /sfs/gpfs/tardis/home/xpz5km/Cahn_Hilliard_Model_HPC/spinodal_decomp/compare_L2_error.py , Line : 21, Func.Name : read_specific_lines, Message : digits.append(float(i))']
Python,2000,64,neumann,2000,2000,75p not recorded; dt_out too large.
Python,20,128,neumann,20,20,25p
NMG_Python_20_dt_5.50e-06_Nx_128_neumann_dtout_2025pphi.csv
Exception type : TypeError 
Exception message : float() argument must be a string or a real number, not 'complex'
Stack trace : ['File : /sfs/gpfs/tardis/home/xpz5km/Cahn_Hilliard_Model_HPC/spinodal_decomp/compare_L2_error.py , Line : 86, Func.Name : compare_L2_error_at_timepoint, Message : snapshot_NMG = read_specific_lines(f"{root}/{NMG_fname}", line_list)', 'File : /sfs/gpfs/tardis/home/xpz5km/Cahn_Hilliard_Model_HPC/spinodal_decomp/compare_L2_error.py , Line : 21, Func.Name : read_specific_lines, Message : digits.append(float(i))']
Python,20,64,periodic,20,20,75p
NMG_Python_20_dt_5.50e-06_Nx_64_periodic_dtout_2075pphi.csv
Exception type : TypeError 
Exception message : float() argument must be a string or a real number, not 'complex'
Stack trace : ['File : /sfs/gpfs/tardis/home/xpz5km/Cahn_Hilliard_Model_HPC/spinodal_decomp/compare_L2_error.py , Line : 86, Func.Name : compare_L2_error_at_timepoint, Message : snapshot_NMG = read_specific_lines(f"{root}/{NMG_fname}", line_list)', 'File : /sfs/gpfs/tardis/home/xpz5km/Cahn_Hilliard_Model_HPC/spinodal_decomp/compare_L2_error.py , Line : 21, Func.Name : read_specific_lines, Message : digits.append(float(i))']
Python,20,256,periodic,1,1,75p
NMG_Python_20_dt_5.50e-06_Nx_256_periodic_dtout_175pphi.csv
Exception type : TypeError 
Exception message : float() argument must be a string or a real number, not 'complex'
Stack trace : ['File : /sfs/gpfs/tardis/home/xpz5km/Cahn_Hilliard_Model_HPC/spinodal_decomp/compare_L2_error.py , Line : 86, Func.Name : compare_L2_error_at_timepoint, Message : snapshot_NMG = read_specific_lines(f"{root}/{NMG_fname}", line_list)', 'File : /sfs/gpfs/tardis/home/xpz5km/Cahn_Hilliard_Model_HPC/spinodal_decomp/compare_L2_error.py , Line : 21, Func.Name : read_specific_lines, Message : digits.append(float(i))']
Python,20,64,periodic,1,1,50p
NMG_Python_20_dt_5.50e-06_Nx_64_periodic_dtout_150pphi.csv
Exception type : TypeError 
Exception message : float() argument must be a string or a real number, not 'complex'
Stack trace : ['File : /sfs/gpfs/tardis/home/xpz5km/Cahn_Hilliard_Model_HPC/spinodal_decomp/compare_L2_error.py , Line : 86, Func.Name : compare_L2_error_at_timepoint, Message : snapshot_NMG = read_specific_lines(f"{root}/{NMG_fname}", line_list)', 'File : /sfs/gpfs/tardis/home/xpz5km/Cahn_Hilliard_Model_HPC/spinodal_decomp/compare_L2_error.py , Line : 21, Func.Name : read_specific_lines, Message : digits.append(float(i))']
Python,20,128,periodic,1,1,25p
NMG_Python_20_dt_5.50e-06_Nx_128_periodic_dtout_125pphi.csv
Exception type : TypeError 
Exception message : float() argument must be a string or a real number, not 'complex'
Stack trace : ['File : /sfs/gpfs/tardis/home/xpz5km/Cahn_Hilliard_Model_HPC/spinodal_decomp/compare_L2_error.py , Line : 86, Func.Name : compare_L2_error_at_timepoint, Message : snapshot_NMG = read_specific_lines(f"{root}/{NMG_fname}", line_list)', 'File : /sfs/gpfs/tardis/home/xpz5km/Cahn_Hilliard_Model_HPC/spinodal_decomp/compare_L2_error.py , Line : 21, Func.Name : read_specific_lines, Message : digits.append(float(i))']
15
Python,20,256,neumann,20,20,75p
NMG_Python_20_dt_5.50e-06_Nx_256_neumann_dtout_2075pphi.csv
Exception type : TypeError 
Exception message : float() argument must be a string or a real number, not 'complex'
Stack trace : ['File : /sfs/gpfs/tardis/home/xpz5km/Cahn_Hilliard_Model_HPC/spinodal_decomp/compare_L2_error.py , Line : 86, Func.Name : compare_L2_error_at_timepoint, Message : snapshot_NMG = read_specific_lines(f"{root}/{NMG_fname}", line_list)', 'File : /sfs/gpfs/tardis/home/xpz5km/Cahn_Hilliard_Model_HPC/spinodal_decomp/compare_L2_error.py , Line : 21, Func.Name : read_specific_lines, Message : digits.append(float(i))']
Python,2000,256,neumann,2000,2000,25p not recorded; dt_out too large.
Python,20,128,periodic,20,20,25p
NMG_Python_20_dt_5.50e-06_Nx_128_periodic_dtout_2025pphi.csv
Exception type : TypeError 
Exception message : float() argument must be a string or a real number, not 'complex'
Stack trace : ['File : /sfs/gpfs/tardis/home/xpz5km/Cahn_Hilliard_Model_HPC/spinodal_decomp/compare_L2_error.py , Line : 86, Func.Name : compare_L2_error_at_timepoint, Message : snapshot_NMG = read_specific_lines(f"{root}/{NMG_fname}", line_list)', 'File : /sfs/gpfs/tardis/home/xpz5km/Cahn_Hilliard_Model_HPC/spinodal_decomp/compare_L2_error.py , Line : 21, Func.Name : read_specific_lines, Message : digits.append(float(i))']
Python,2000,256,periodic,2000,2000,50p not recorded; dt_out too large.
Python,20,256,periodic,20,20,25p
NMG_Python_20_dt_5.50e-06_Nx_256_periodic_dtout_2025pphi.csv
Exception type : TypeError 
Exception message : float() argument must be a string or a real number, not 'complex'
Stack trace : ['File : /sfs/gpfs/tardis/home/xpz5km/Cahn_Hilliard_Model_HPC/spinodal_decomp/compare_L2_error.py , Line : 86, Func.Name : compare_L2_error_at_timepoint, Message : snapshot_NMG = read_specific_lines(f"{root}/{NMG_fname}", line_list)', 'File : /sfs/gpfs/tardis/home/xpz5km/Cahn_Hilliard_Model_HPC/spinodal_decomp/compare_L2_error.py , Line : 21, Func.Name : read_specific_lines, Message : digits.append(float(i))']
Python,20,512,neumann,20,20,50p
NMG_Python_20_dt_5.50e-06_Nx_512_neumann_dtout_2050pphi.csv
Exception type : TypeError 
Exception message : float() argument must be a string or a real number, not 'complex'
Stack trace : ['File : /sfs/gpfs/tardis/home/xpz5km/Cahn_Hilliard_Model_HPC/spinodal_decomp/compare_L2_error.py , Line : 86, Func.Name : compare_L2_error_at_timepoint, Message : snapshot_NMG = read_specific_lines(f"{root}/{NMG_fname}", line_list)', 'File : /sfs/gpfs/tardis/home/xpz5km/Cahn_Hilliard_Model_HPC/spinodal_decomp/compare_L2_error.py , Line : 21, Func.Name : read_specific_lines, Message : digits.append(float(i))']
Python,2000,512,periodic,2000,2000,25p not recorded; dt_out too large.
Python,2000,64,periodic,2000,2000,75p not recorded; dt_out too large.
Python,2000,256,periodic,2000,2000,25p not recorded; dt_out too large.
Python,2000,256,neumann,2000,2000,75p not recorded; dt_out too large.
Python,2000,128,periodic,2000,2000,75p not recorded; dt_out too large.
Python,20,128,neumann,1,1,25p
NMG_Python_20_dt_5.50e-06_Nx_128_neumann_dtout_125pphi.csv
Exception type : TypeError 
Exception message : float() argument must be a string or a real number, not 'complex'
Stack trace : ['File : /sfs/gpfs/tardis/home/xpz5km/Cahn_Hilliard_Model_HPC/spinodal_decomp/compare_L2_error.py , Line : 86, Func.Name : compare_L2_error_at_timepoint, Message : snapshot_NMG = read_specific_lines(f"{root}/{NMG_fname}", line_list)', 'File : /sfs/gpfs/tardis/home/xpz5km/Cahn_Hilliard_Model_HPC/spinodal_decomp/compare_L2_error.py , Line : 21, Func.Name : read_specific_lines, Message : digits.append(float(i))']
Python,2000,256,periodic,2000,2000,75p not recorded; dt_out too large.
Python,20,256,neumann,20,20,50p
NMG_Python_20_dt_5.50e-06_Nx_256_neumann_dtout_2050pphi.csv
Exception type : TypeError 
Exception message : float() argument must be a string or a real number, not 'complex'
Stack trace : ['File : /sfs/gpfs/tardis/home/xpz5km/Cahn_Hilliard_Model_HPC/spinodal_decomp/compare_L2_error.py , Line : 86, Func.Name : compare_L2_error_at_timepoint, Message : snapshot_NMG = read_specific_lines(f"{root}/{NMG_fname}", line_list)', 'File : /sfs/gpfs/tardis/home/xpz5km/Cahn_Hilliard_Model_HPC/spinodal_decomp/compare_L2_error.py , Line : 21, Func.Name : read_specific_lines, Message : digits.append(float(i))']
Python,2000,128,neumann,2000,2000,25p not recorded; dt_out too large.
Python,20,64,periodic,1,1,75p
NMG_Python_20_dt_5.50e-06_Nx_64_periodic_dtout_175pphi.csv
Exception type : TypeError 
Exception message : float() argument must be a string or a real number, not 'complex'
Stack trace : ['File : /sfs/gpfs/tardis/home/xpz5km/Cahn_Hilliard_Model_HPC/spinodal_decomp/compare_L2_error.py , Line : 86, Func.Name : compare_L2_error_at_timepoint, Message : snapshot_NMG = read_specific_lines(f"{root}/{NMG_fname}", line_list)', 'File : /sfs/gpfs/tardis/home/xpz5km/Cahn_Hilliard_Model_HPC/spinodal_decomp/compare_L2_error.py , Line : 21, Func.Name : read_specific_lines, Message : digits.append(float(i))']
Python,20,256,periodic,1,1,50p
NMG_Python_20_dt_5.50e-06_Nx_256_periodic_dtout_150pphi.csv
Exception type : TypeError 
Exception message : float() argument must be a string or a real number, not 'complex'
Stack trace : ['File : /sfs/gpfs/tardis/home/xpz5km/Cahn_Hilliard_Model_HPC/spinodal_decomp/compare_L2_error.py , Line : 86, Func.Name : compare_L2_error_at_timepoint, Message : snapshot_NMG = read_specific_lines(f"{root}/{NMG_fname}", line_list)', 'File : /sfs/gpfs/tardis/home/xpz5km/Cahn_Hilliard_Model_HPC/spinodal_decomp/compare_L2_error.py , Line : 21, Func.Name : read_specific_lines, Message : digits.append(float(i))']
Python,20,128,neumann,1,1,75p
NMG_Python_20_dt_5.50e-06_Nx_128_neumann_dtout_175pphi.csv
Exception type : TypeError 
Exception message : float() argument must be a string or a real number, not 'complex'
Stack trace : ['File : /sfs/gpfs/tardis/home/xpz5km/Cahn_Hilliard_Model_HPC/spinodal_decomp/compare_L2_error.py , Line : 86, Func.Name : compare_L2_error_at_timepoint, Message : snapshot_NMG = read_specific_lines(f"{root}/{NMG_fname}", line_list)', 'File : /sfs/gpfs/tardis/home/xpz5km/Cahn_Hilliard_Model_HPC/spinodal_decomp/compare_L2_error.py , Line : 21, Func.Name : read_specific_lines, Message : digits.append(float(i))']
Python,20,64,neumann,1,1,50p
NMG_Python_20_dt_5.50e-06_Nx_64_neumann_dtout_150pphi.csv
Exception type : TypeError 
Exception message : float() argument must be a string or a real number, not 'complex'
Stack trace : ['File : /sfs/gpfs/tardis/home/xpz5km/Cahn_Hilliard_Model_HPC/spinodal_decomp/compare_L2_error.py , Line : 86, Func.Name : compare_L2_error_at_timepoint, Message : snapshot_NMG = read_specific_lines(f"{root}/{NMG_fname}", line_list)', 'File : /sfs/gpfs/tardis/home/xpz5km/Cahn_Hilliard_Model_HPC/spinodal_decomp/compare_L2_error.py , Line : 21, Func.Name : read_specific_lines, Message : digits.append(float(i))']
Python,20,256,neumann,1,1,50p
NMG_Python_20_dt_5.50e-06_Nx_256_neumann_dtout_150pphi.csv
Exception type : TypeError 
Exception message : float() argument must be a string or a real number, not 'complex'
Stack trace : ['File : /sfs/gpfs/tardis/home/xpz5km/Cahn_Hilliard_Model_HPC/spinodal_decomp/compare_L2_error.py , Line : 86, Func.Name : compare_L2_error_at_timepoint, Message : snapshot_NMG = read_specific_lines(f"{root}/{NMG_fname}", line_list)', 'File : /sfs/gpfs/tardis/home/xpz5km/Cahn_Hilliard_Model_HPC/spinodal_decomp/compare_L2_error.py , Line : 21, Func.Name : read_specific_lines, Message : digits.append(float(i))']
Python,20,512,neumann,1,1,25p
NMG_Python_20_dt_5.50e-06_Nx_512_neumann_dtout_125pphi.csv
Exception type : TypeError 
Exception message : float() argument must be a string or a real number, not 'complex'
Stack trace : ['File : /sfs/gpfs/tardis/home/xpz5km/Cahn_Hilliard_Model_HPC/spinodal_decomp/compare_L2_error.py , Line : 86, Func.Name : compare_L2_error_at_timepoint, Message : snapshot_NMG = read_specific_lines(f"{root}/{NMG_fname}", line_list)', 'File : /sfs/gpfs/tardis/home/xpz5km/Cahn_Hilliard_Model_HPC/spinodal_decomp/compare_L2_error.py , Line : 21, Func.Name : read_specific_lines, Message : digits.append(float(i))']
Python,2000,128,neumann,2000,2000,50p not recorded; dt_out too large.
Python,2000,512,periodic,2000,2000,50p not recorded; dt_out too large.
Python,20,256,neumann,1,1,75p
NMG_Python_20_dt_5.50e-06_Nx_256_neumann_dtout_175pphi.csv
Exception type : TypeError 
Exception message : float() argument must be a string or a real number, not 'complex'
Stack trace : ['File : /sfs/gpfs/tardis/home/xpz5km/Cahn_Hilliard_Model_HPC/spinodal_decomp/compare_L2_error.py , Line : 86, Func.Name : compare_L2_error_at_timepoint, Message : snapshot_NMG = read_specific_lines(f"{root}/{NMG_fname}", line_list)', 'File : /sfs/gpfs/tardis/home/xpz5km/Cahn_Hilliard_Model_HPC/spinodal_decomp/compare_L2_error.py , Line : 21, Func.Name : read_specific_lines, Message : digits.append(float(i))']
Python,20,128,neumann,20,20,50p
NMG_Python_20_dt_5.50e-06_Nx_128_neumann_dtout_2050pphi.csv
Exception type : TypeError 
Exception message : float() argument must be a string or a real number, not 'complex'
Stack trace : ['File : /sfs/gpfs/tardis/home/xpz5km/Cahn_Hilliard_Model_HPC/spinodal_decomp/compare_L2_error.py , Line : 86, Func.Name : compare_L2_error_at_timepoint, Message : snapshot_NMG = read_specific_lines(f"{root}/{NMG_fname}", line_list)', 'File : /sfs/gpfs/tardis/home/xpz5km/Cahn_Hilliard_Model_HPC/spinodal_decomp/compare_L2_error.py , Line : 21, Func.Name : read_specific_lines, Message : digits.append(float(i))']
Python,20,128,periodic,1,1,50p
NMG_Python_20_dt_5.50e-06_Nx_128_periodic_dtout_150pphi.csv
Exception type : TypeError 
Exception message : float() argument must be a string or a real number, not 'complex'
Stack trace : ['File : /sfs/gpfs/tardis/home/xpz5km/Cahn_Hilliard_Model_HPC/spinodal_decomp/compare_L2_error.py , Line : 86, Func.Name : compare_L2_error_at_timepoint, Message : snapshot_NMG = read_specific_lines(f"{root}/{NMG_fname}", line_list)', 'File : /sfs/gpfs/tardis/home/xpz5km/Cahn_Hilliard_Model_HPC/spinodal_decomp/compare_L2_error.py , Line : 21, Func.Name : read_specific_lines, Message : digits.append(float(i))']
Python,20,256,neumann,1,1,25p
NMG_Python_20_dt_5.50e-06_Nx_256_neumann_dtout_125pphi.csv
Exception type : TypeError 
Exception message : float() argument must be a string or a real number, not 'complex'
Stack trace : ['File : /sfs/gpfs/tardis/home/xpz5km/Cahn_Hilliard_Model_HPC/spinodal_decomp/compare_L2_error.py , Line : 86, Func.Name : compare_L2_error_at_timepoint, Message : snapshot_NMG = read_specific_lines(f"{root}/{NMG_fname}", line_list)', 'File : /sfs/gpfs/tardis/home/xpz5km/Cahn_Hilliard_Model_HPC/spinodal_decomp/compare_L2_error.py , Line : 21, Func.Name : read_specific_lines, Message : digits.append(float(i))']
Python,20,64,neumann,1,1,75p
NMG_Python_20_dt_5.50e-06_Nx_64_neumann_dtout_175pphi.csv
Exception type : TypeError 
Exception message : float() argument must be a string or a real number, not 'complex'
Stack trace : ['File : /sfs/gpfs/tardis/home/xpz5km/Cahn_Hilliard_Model_HPC/spinodal_decomp/compare_L2_error.py , Line : 86, Func.Name : compare_L2_error_at_timepoint, Message : snapshot_NMG = read_specific_lines(f"{root}/{NMG_fname}", line_list)', 'File : /sfs/gpfs/tardis/home/xpz5km/Cahn_Hilliard_Model_HPC/spinodal_decomp/compare_L2_error.py , Line : 21, Func.Name : read_specific_lines, Message : digits.append(float(i))']
Python,20,256,periodic,1,1,25p
NMG_Python_20_dt_5.50e-06_Nx_256_periodic_dtout_125pphi.csv
Exception type : TypeError 
Exception message : float() argument must be a string or a real number, not 'complex'
Stack trace : ['File : /sfs/gpfs/tardis/home/xpz5km/Cahn_Hilliard_Model_HPC/spinodal_decomp/compare_L2_error.py , Line : 86, Func.Name : compare_L2_error_at_timepoint, Message : snapshot_NMG = read_specific_lines(f"{root}/{NMG_fname}", line_list)', 'File : /sfs/gpfs/tardis/home/xpz5km/Cahn_Hilliard_Model_HPC/spinodal_decomp/compare_L2_error.py , Line : 21, Func.Name : read_specific_lines, Message : digits.append(float(i))']
Python,20,64,periodic,20,20,25p
NMG_Python_20_dt_5.50e-06_Nx_64_periodic_dtout_2025pphi.csv
Exception type : TypeError 
Exception message : float() argument must be a string or a real number, not 'complex'
Stack trace : ['File : /sfs/gpfs/tardis/home/xpz5km/Cahn_Hilliard_Model_HPC/spinodal_decomp/compare_L2_error.py , Line : 86, Func.Name : compare_L2_error_at_timepoint, Message : snapshot_NMG = read_specific_lines(f"{root}/{NMG_fname}", line_list)', 'File : /sfs/gpfs/tardis/home/xpz5km/Cahn_Hilliard_Model_HPC/spinodal_decomp/compare_L2_error.py , Line : 21, Func.Name : read_specific_lines, Message : digits.append(float(i))']
Python,20,512,periodic,1,1,50p
NMG_Python_20_dt_5.50e-06_Nx_512_periodic_dtout_150pphi.csv
Exception type : TypeError 
Exception message : float() argument must be a string or a real number, not 'complex'
Stack trace : ['File : /sfs/gpfs/tardis/home/xpz5km/Cahn_Hilliard_Model_HPC/spinodal_decomp/compare_L2_error.py , Line : 86, Func.Name : compare_L2_error_at_timepoint, Message : snapshot_NMG = read_specific_lines(f"{root}/{NMG_fname}", line_list)', 'File : /sfs/gpfs/tardis/home/xpz5km/Cahn_Hilliard_Model_HPC/spinodal_decomp/compare_L2_error.py , Line : 21, Func.Name : read_specific_lines, Message : digits.append(float(i))']
Python,2000,512,neumann,2000,2000,50p not recorded; dt_out too large.
Python,2000,512,neumann,2000,2000,75p not recorded; dt_out too large.
Python,20,512,periodic,20,20,25p
NMG_Python_20_dt_5.50e-06_Nx_512_periodic_dtout_2025pphi.csv
Exception type : TypeError 
Exception message : float() argument must be a string or a real number, not 'complex'
Stack trace : ['File : /sfs/gpfs/tardis/home/xpz5km/Cahn_Hilliard_Model_HPC/spinodal_decomp/compare_L2_error.py , Line : 86, Func.Name : compare_L2_error_at_timepoint, Message : snapshot_NMG = read_specific_lines(f"{root}/{NMG_fname}", line_list)', 'File : /sfs/gpfs/tardis/home/xpz5km/Cahn_Hilliard_Model_HPC/spinodal_decomp/compare_L2_error.py , Line : 21, Func.Name : read_specific_lines, Message : digits.append(float(i))']
Python,20,64,neumann,20,20,50p
NMG_Python_20_dt_5.50e-06_Nx_64_neumann_dtout_2050pphi.csv
Exception type : TypeError 
Exception message : float() argument must be a string or a real number, not 'complex'
Stack trace : ['File : /sfs/gpfs/tardis/home/xpz5km/Cahn_Hilliard_Model_HPC/spinodal_decomp/compare_L2_error.py , Line : 86, Func.Name : compare_L2_error_at_timepoint, Message : snapshot_NMG = read_specific_lines(f"{root}/{NMG_fname}", line_list)', 'File : /sfs/gpfs/tardis/home/xpz5km/Cahn_Hilliard_Model_HPC/spinodal_decomp/compare_L2_error.py , Line : 21, Func.Name : read_specific_lines, Message : digits.append(float(i))']
Python,20,128,neumann,20,20,75p
NMG_Python_20_dt_5.50e-06_Nx_128_neumann_dtout_2075pphi.csv
Exception type : TypeError 
Exception message : float() argument must be a string or a real number, not 'complex'
Stack trace : ['File : /sfs/gpfs/tardis/home/xpz5km/Cahn_Hilliard_Model_HPC/spinodal_decomp/compare_L2_error.py , Line : 86, Func.Name : compare_L2_error_at_timepoint, Message : snapshot_NMG = read_specific_lines(f"{root}/{NMG_fname}", line_list)', 'File : /sfs/gpfs/tardis/home/xpz5km/Cahn_Hilliard_Model_HPC/spinodal_decomp/compare_L2_error.py , Line : 21, Func.Name : read_specific_lines, Message : digits.append(float(i))']
Python,20,64,neumann,1,1,25p
NMG_Python_20_dt_5.50e-06_Nx_64_neumann_dtout_125pphi.csv
Exception type : TypeError 
Exception message : float() argument must be a string or a real number, not 'complex'
Stack trace : ['File : /sfs/gpfs/tardis/home/xpz5km/Cahn_Hilliard_Model_HPC/spinodal_decomp/compare_L2_error.py , Line : 86, Func.Name : compare_L2_error_at_timepoint, Message : snapshot_NMG = read_specific_lines(f"{root}/{NMG_fname}", line_list)', 'File : /sfs/gpfs/tardis/home/xpz5km/Cahn_Hilliard_Model_HPC/spinodal_decomp/compare_L2_error.py , Line : 21, Func.Name : read_specific_lines, Message : digits.append(float(i))']
Python,2000,64,neumann,2000,2000,25p not recorded; dt_out too large.
Python,20,512,periodic,1,1,25p
NMG_Python_20_dt_5.50e-06_Nx_512_periodic_dtout_125pphi.csv
Exception type : TypeError 
Exception message : float() argument must be a string or a real number, not 'complex'
Stack trace : ['File : /sfs/gpfs/tardis/home/xpz5km/Cahn_Hilliard_Model_HPC/spinodal_decomp/compare_L2_error.py , Line : 86, Func.Name : compare_L2_error_at_timepoint, Message : snapshot_NMG = read_specific_lines(f"{root}/{NMG_fname}", line_list)', 'File : /sfs/gpfs/tardis/home/xpz5km/Cahn_Hilliard_Model_HPC/spinodal_decomp/compare_L2_error.py , Line : 21, Func.Name : read_specific_lines, Message : digits.append(float(i))']
Python,2000,128,periodic,2000,2000,25p not recorded; dt_out too large.
Python,20,512,periodic,20,20,50p
NMG_Python_20_dt_5.50e-06_Nx_512_periodic_dtout_2050pphi.csv
Exception type : TypeError 
Exception message : float() argument must be a string or a real number, not 'complex'
Stack trace : ['File : /sfs/gpfs/tardis/home/xpz5km/Cahn_Hilliard_Model_HPC/spinodal_decomp/compare_L2_error.py , Line : 86, Func.Name : compare_L2_error_at_timepoint, Message : snapshot_NMG = read_specific_lines(f"{root}/{NMG_fname}", line_list)', 'File : /sfs/gpfs/tardis/home/xpz5km/Cahn_Hilliard_Model_HPC/spinodal_decomp/compare_L2_error.py , Line : 21, Func.Name : read_specific_lines, Message : digits.append(float(i))']
Python,2000,512,periodic,2000,2000,75p not recorded; dt_out too large.
Python,20,128,periodic,1,1,75p
NMG_Python_20_dt_5.50e-06_Nx_128_periodic_dtout_175pphi.csv
Exception type : TypeError 
Exception message : float() argument must be a string or a real number, not 'complex'
Stack trace : ['File : /sfs/gpfs/tardis/home/xpz5km/Cahn_Hilliard_Model_HPC/spinodal_decomp/compare_L2_error.py , Line : 86, Func.Name : compare_L2_error_at_timepoint, Message : snapshot_NMG = read_specific_lines(f"{root}/{NMG_fname}", line_list)', 'File : /sfs/gpfs/tardis/home/xpz5km/Cahn_Hilliard_Model_HPC/spinodal_decomp/compare_L2_error.py , Line : 21, Func.Name : read_specific_lines, Message : digits.append(float(i))']
Python,20,512,periodic,1,1,75p
NMG_Python_20_dt_5.50e-06_Nx_512_periodic_dtout_175pphi.csv
Exception type : TypeError 
Exception message : float() argument must be a string or a real number, not 'complex'
Stack trace : ['File : /sfs/gpfs/tardis/home/xpz5km/Cahn_Hilliard_Model_HPC/spinodal_decomp/compare_L2_error.py , Line : 86, Func.Name : compare_L2_error_at_timepoint, Message : snapshot_NMG = read_specific_lines(f"{root}/{NMG_fname}", line_list)', 'File : /sfs/gpfs/tardis/home/xpz5km/Cahn_Hilliard_Model_HPC/spinodal_decomp/compare_L2_error.py , Line : 21, Func.Name : read_specific_lines, Message : digits.append(float(i))']
Python,20,128,neumann,1,1,50p
NMG_Python_20_dt_5.50e-06_Nx_128_neumann_dtout_150pphi.csv
Exception type : TypeError 
Exception message : float() argument must be a string or a real number, not 'complex'
Stack trace : ['File : /sfs/gpfs/tardis/home/xpz5km/Cahn_Hilliard_Model_HPC/spinodal_decomp/compare_L2_error.py , Line : 86, Func.Name : compare_L2_error_at_timepoint, Message : snapshot_NMG = read_specific_lines(f"{root}/{NMG_fname}", line_list)', 'File : /sfs/gpfs/tardis/home/xpz5km/Cahn_Hilliard_Model_HPC/spinodal_decomp/compare_L2_error.py , Line : 21, Func.Name : read_specific_lines, Message : digits.append(float(i))']
Python,2000,64,periodic,2000,2000,25p not recorded; dt_out too large.
Python,20,128,periodic,20,20,75p
NMG_Python_20_dt_5.50e-06_Nx_128_periodic_dtout_2075pphi.csv
Exception type : TypeError 
Exception message : float() argument must be a string or a real number, not 'complex'
Stack trace : ['File : /sfs/gpfs/tardis/home/xpz5km/Cahn_Hilliard_Model_HPC/spinodal_decomp/compare_L2_error.py , Line : 86, Func.Name : compare_L2_error_at_timepoint, Message : snapshot_NMG = read_specific_lines(f"{root}/{NMG_fname}", line_list)', 'File : /sfs/gpfs/tardis/home/xpz5km/Cahn_Hilliard_Model_HPC/spinodal_decomp/compare_L2_error.py , Line : 21, Func.Name : read_specific_lines, Message : digits.append(float(i))']
Python,2000,64,neumann,2000,2000,50p not recorded; dt_out too large.
Python,2000,128,periodic,2000,2000,50p not recorded; dt_out too large.
Python,20,256,periodic,20,20,75p
NMG_Python_20_dt_5.50e-06_Nx_256_periodic_dtout_2075pphi.csv
Exception type : TypeError 
Exception message : float() argument must be a string or a real number, not 'complex'
Stack trace : ['File : /sfs/gpfs/tardis/home/xpz5km/Cahn_Hilliard_Model_HPC/spinodal_decomp/compare_L2_error.py , Line : 86, Func.Name : compare_L2_error_at_timepoint, Message : snapshot_NMG = read_specific_lines(f"{root}/{NMG_fname}", line_list)', 'File : /sfs/gpfs/tardis/home/xpz5km/Cahn_Hilliard_Model_HPC/spinodal_decomp/compare_L2_error.py , Line : 21, Func.Name : read_specific_lines, Message : digits.append(float(i))']
Python,20,512,neumann,1,1,75p
NMG_Python_20_dt_5.50e-06_Nx_512_neumann_dtout_175pphi.csv
Exception type : TypeError 
Exception message : float() argument must be a string or a real number, not 'complex'
Stack trace : ['File : /sfs/gpfs/tardis/home/xpz5km/Cahn_Hilliard_Model_HPC/spinodal_decomp/compare_L2_error.py , Line : 86, Func.Name : compare_L2_error_at_timepoint, Message : snapshot_NMG = read_specific_lines(f"{root}/{NMG_fname}", line_list)', 'File : /sfs/gpfs/tardis/home/xpz5km/Cahn_Hilliard_Model_HPC/spinodal_decomp/compare_L2_error.py , Line : 21, Func.Name : read_specific_lines, Message : digits.append(float(i))']
Python,20,64,neumann,20,20,25p
NMG_Python_20_dt_5.50e-06_Nx_64_neumann_dtout_2025pphi.csv
Exception type : TypeError 
Exception message : float() argument must be a string or a real number, not 'complex'
Stack trace : ['File : /sfs/gpfs/tardis/home/xpz5km/Cahn_Hilliard_Model_HPC/spinodal_decomp/compare_L2_error.py , Line : 86, Func.Name : compare_L2_error_at_timepoint, Message : snapshot_NMG = read_specific_lines(f"{root}/{NMG_fname}", line_list)', 'File : /sfs/gpfs/tardis/home/xpz5km/Cahn_Hilliard_Model_HPC/spinodal_decomp/compare_L2_error.py , Line : 21, Func.Name : read_specific_lines, Message : digits.append(float(i))']
Python,20,64,neumann,20,20,75p
NMG_Python_20_dt_5.50e-06_Nx_64_neumann_dtout_2075pphi.csv
Exception type : TypeError 
Exception message : float() argument must be a string or a real number, not 'complex'
Stack trace : ['File : /sfs/gpfs/tardis/home/xpz5km/Cahn_Hilliard_Model_HPC/spinodal_decomp/compare_L2_error.py , Line : 86, Func.Name : compare_L2_error_at_timepoint, Message : snapshot_NMG = read_specific_lines(f"{root}/{NMG_fname}", line_list)', 'File : /sfs/gpfs/tardis/home/xpz5km/Cahn_Hilliard_Model_HPC/spinodal_decomp/compare_L2_error.py , Line : 21, Func.Name : read_specific_lines, Message : digits.append(float(i))']
Python,2000,64,periodic,2000,2000,50p not recorded; dt_out too large.
Python,20,512,periodic,20,20,75p
NMG_Python_20_dt_5.50e-06_Nx_512_periodic_dtout_2075pphi.csv
Exception type : TypeError 
Exception message : float() argument must be a string or a real number, not 'complex'
Stack trace : ['File : /sfs/gpfs/tardis/home/xpz5km/Cahn_Hilliard_Model_HPC/spinodal_decomp/compare_L2_error.py , Line : 86, Func.Name : compare_L2_error_at_timepoint, Message : snapshot_NMG = read_specific_lines(f"{root}/{NMG_fname}", line_list)', 'File : /sfs/gpfs/tardis/home/xpz5km/Cahn_Hilliard_Model_HPC/spinodal_decomp/compare_L2_error.py , Line : 21, Func.Name : read_specific_lines, Message : digits.append(float(i))']
Python,20,512,neumann,20,20,25p
NMG_Python_20_dt_5.50e-06_Nx_512_neumann_dtout_2025pphi.csv
Exception type : TypeError 
Exception message : float() argument must be a string or a real number, not 'complex'
Stack trace : ['File : /sfs/gpfs/tardis/home/xpz5km/Cahn_Hilliard_Model_HPC/spinodal_decomp/compare_L2_error.py , Line : 86, Func.Name : compare_L2_error_at_timepoint, Message : snapshot_NMG = read_specific_lines(f"{root}/{NMG_fname}", line_list)', 'File : /sfs/gpfs/tardis/home/xpz5km/Cahn_Hilliard_Model_HPC/spinodal_decomp/compare_L2_error.py , Line : 21, Func.Name : read_specific_lines, Message : digits.append(float(i))']
Python,20,512,neumann,1,1,50p
NMG_Python_20_dt_5.50e-06_Nx_512_neumann_dtout_150pphi.csv
Exception type : TypeError 
Exception message : float() argument must be a string or a real number, not 'complex'
Stack trace : ['File : /sfs/gpfs/tardis/home/xpz5km/Cahn_Hilliard_Model_HPC/spinodal_decomp/compare_L2_error.py , Line : 86, Func.Name : compare_L2_error_at_timepoint, Message : snapshot_NMG = read_specific_lines(f"{root}/{NMG_fname}", line_list)', 'File : /sfs/gpfs/tardis/home/xpz5km/Cahn_Hilliard_Model_HPC/spinodal_decomp/compare_L2_error.py , Line : 21, Func.Name : read_specific_lines, Message : digits.append(float(i))']
Python,20,64,periodic,1,1,25p
NMG_Python_20_dt_5.50e-06_Nx_64_periodic_dtout_125pphi.csv
Exception type : TypeError 
Exception message : float() argument must be a string or a real number, not 'complex'
Stack trace : ['File : /sfs/gpfs/tardis/home/xpz5km/Cahn_Hilliard_Model_HPC/spinodal_decomp/compare_L2_error.py , Line : 86, Func.Name : compare_L2_error_at_timepoint, Message : snapshot_NMG = read_specific_lines(f"{root}/{NMG_fname}", line_list)', 'File : /sfs/gpfs/tardis/home/xpz5km/Cahn_Hilliard_Model_HPC/spinodal_decomp/compare_L2_error.py , Line : 21, Func.Name : read_specific_lines, Message : digits.append(float(i))']
Python,2000,128,neumann,2000,2000,75p not recorded; dt_out too large.
Python,20,128,periodic,20,20,50p
NMG_Python_20_dt_5.50e-06_Nx_128_periodic_dtout_2050pphi.csv
Exception type : TypeError 
Exception message : float() argument must be a string or a real number, not 'complex'
Stack trace : ['File : /sfs/gpfs/tardis/home/xpz5km/Cahn_Hilliard_Model_HPC/spinodal_decomp/compare_L2_error.py , Line : 86, Func.Name : compare_L2_error_at_timepoint, Message : snapshot_NMG = read_specific_lines(f"{root}/{NMG_fname}", line_list)', 'File : /sfs/gpfs/tardis/home/xpz5km/Cahn_Hilliard_Model_HPC/spinodal_decomp/compare_L2_error.py , Line : 21, Func.Name : read_specific_lines, Message : digits.append(float(i))']
Python,20,256,periodic,20,20,50p
NMG_Python_20_dt_5.50e-06_Nx_256_periodic_dtout_2050pphi.csv
Exception type : TypeError 
Exception message : float() argument must be a string or a real number, not 'complex'
Stack trace : ['File : /sfs/gpfs/tardis/home/xpz5km/Cahn_Hilliard_Model_HPC/spinodal_decomp/compare_L2_error.py , Line : 86, Func.Name : compare_L2_error_at_timepoint, Message : snapshot_NMG = read_specific_lines(f"{root}/{NMG_fname}", line_list)', 'File : /sfs/gpfs/tardis/home/xpz5km/Cahn_Hilliard_Model_HPC/spinodal_decomp/compare_L2_error.py , Line : 21, Func.Name : read_specific_lines, Message : digits.append(float(i))']
Python,2000,256,neumann,2000,2000,50p not recorded; dt_out too large.
Python,20,64,periodic,20,20,50p
NMG_Python_20_dt_5.50e-06_Nx_64_periodic_dtout_2050pphi.csv
Exception type : TypeError 
Exception message : float() argument must be a string or a real number, not 'complex'
Stack trace : ['File : /sfs/gpfs/tardis/home/xpz5km/Cahn_Hilliard_Model_HPC/spinodal_decomp/compare_L2_error.py , Line : 86, Func.Name : compare_L2_error_at_timepoint, Message : snapshot_NMG = read_specific_lines(f"{root}/{NMG_fname}", line_list)', 'File : /sfs/gpfs/tardis/home/xpz5km/Cahn_Hilliard_Model_HPC/spinodal_decomp/compare_L2_error.py , Line : 21, Func.Name : read_specific_lines, Message : digits.append(float(i))']
Python,2000,512,neumann,2000,2000,25p not recorded; dt_out too large.
Python,20,512,neumann,20,20,75p
NMG_Python_20_dt_5.50e-06_Nx_512_neumann_dtout_2075pphi.csv
Exception type : TypeError 
Exception message : float() argument must be a string or a real number, not 'complex'
Stack trace : ['File : /sfs/gpfs/tardis/home/xpz5km/Cahn_Hilliard_Model_HPC/spinodal_decomp/compare_L2_error.py , Line : 86, Func.Name : compare_L2_error_at_timepoint, Message : snapshot_NMG = read_specific_lines(f"{root}/{NMG_fname}", line_list)', 'File : /sfs/gpfs/tardis/home/xpz5km/Cahn_Hilliard_Model_HPC/spinodal_decomp/compare_L2_error.py , Line : 21, Func.Name : read_specific_lines, Message : digits.append(float(i))']
Python,20,256,neumann,20,20,25p
NMG_Python_20_dt_5.50e-06_Nx_256_neumann_dtout_2025pphi.csv
Exception type : TypeError 
Exception message : float() argument must be a string or a real number, not 'complex'
Stack trace : ['File : /sfs/gpfs/tardis/home/xpz5km/Cahn_Hilliard_Model_HPC/spinodal_decomp/compare_L2_error.py , Line : 86, Func.Name : compare_L2_error_at_timepoint, Message : snapshot_NMG = read_specific_lines(f"{root}/{NMG_fname}", line_list)', 'File : /sfs/gpfs/tardis/home/xpz5km/Cahn_Hilliard_Model_HPC/spinodal_decomp/compare_L2_error.py , Line : 21, Func.Name : read_specific_lines, Message : digits.append(float(i))']
Python,2000,64,neumann,2000,2000,75p not recorded; dt_out too large.
Python,20,128,neumann,20,20,25p
NMG_Python_20_dt_5.50e-06_Nx_128_neumann_dtout_2025pphi.csv
Exception type : TypeError 
Exception message : float() argument must be a string or a real number, not 'complex'
Stack trace : ['File : /sfs/gpfs/tardis/home/xpz5km/Cahn_Hilliard_Model_HPC/spinodal_decomp/compare_L2_error.py , Line : 86, Func.Name : compare_L2_error_at_timepoint, Message : snapshot_NMG = read_specific_lines(f"{root}/{NMG_fname}", line_list)', 'File : /sfs/gpfs/tardis/home/xpz5km/Cahn_Hilliard_Model_HPC/spinodal_decomp/compare_L2_error.py , Line : 21, Func.Name : read_specific_lines, Message : digits.append(float(i))']
Python,20,64,periodic,20,20,75p
NMG_Python_20_dt_5.50e-06_Nx_64_periodic_dtout_2075pphi.csv
Exception type : TypeError 
Exception message : float() argument must be a string or a real number, not 'complex'
Stack trace : ['File : /sfs/gpfs/tardis/home/xpz5km/Cahn_Hilliard_Model_HPC/spinodal_decomp/compare_L2_error.py , Line : 86, Func.Name : compare_L2_error_at_timepoint, Message : snapshot_NMG = read_specific_lines(f"{root}/{NMG_fname}", line_list)', 'File : /sfs/gpfs/tardis/home/xpz5km/Cahn_Hilliard_Model_HPC/spinodal_decomp/compare_L2_error.py , Line : 21, Func.Name : read_specific_lines, Message : digits.append(float(i))']
Python,20,256,periodic,1,1,75p
NMG_Python_20_dt_5.50e-06_Nx_256_periodic_dtout_175pphi.csv
Exception type : TypeError 
Exception message : float() argument must be a string or a real number, not 'complex'
Stack trace : ['File : /sfs/gpfs/tardis/home/xpz5km/Cahn_Hilliard_Model_HPC/spinodal_decomp/compare_L2_error.py , Line : 86, Func.Name : compare_L2_error_at_timepoint, Message : snapshot_NMG = read_specific_lines(f"{root}/{NMG_fname}", line_list)', 'File : /sfs/gpfs/tardis/home/xpz5km/Cahn_Hilliard_Model_HPC/spinodal_decomp/compare_L2_error.py , Line : 21, Func.Name : read_specific_lines, Message : digits.append(float(i))']
Python,20,64,periodic,1,1,50p
NMG_Python_20_dt_5.50e-06_Nx_64_periodic_dtout_150pphi.csv
Exception type : TypeError 
Exception message : float() argument must be a string or a real number, not 'complex'
Stack trace : ['File : /sfs/gpfs/tardis/home/xpz5km/Cahn_Hilliard_Model_HPC/spinodal_decomp/compare_L2_error.py , Line : 86, Func.Name : compare_L2_error_at_timepoint, Message : snapshot_NMG = read_specific_lines(f"{root}/{NMG_fname}", line_list)', 'File : /sfs/gpfs/tardis/home/xpz5km/Cahn_Hilliard_Model_HPC/spinodal_decomp/compare_L2_error.py , Line : 21, Func.Name : read_specific_lines, Message : digits.append(float(i))']
Python,20,128,periodic,1,1,25p
NMG_Python_20_dt_5.50e-06_Nx_128_periodic_dtout_125pphi.csv
Exception type : TypeError 
Exception message : float() argument must be a string or a real number, not 'complex'
Stack trace : ['File : /sfs/gpfs/tardis/home/xpz5km/Cahn_Hilliard_Model_HPC/spinodal_decomp/compare_L2_error.py , Line : 86, Func.Name : compare_L2_error_at_timepoint, Message : snapshot_NMG = read_specific_lines(f"{root}/{NMG_fname}", line_list)', 'File : /sfs/gpfs/tardis/home/xpz5km/Cahn_Hilliard_Model_HPC/spinodal_decomp/compare_L2_error.py , Line : 21, Func.Name : read_specific_lines, Message : digits.append(float(i))']
16
Python,20,256,neumann,20,20,75p
NMG_Python_20_dt_5.50e-06_Nx_256_neumann_dtout_2075pphi.csv
Exception type : TypeError 
Exception message : float() argument must be a string or a real number, not 'complex'
Stack trace : ['File : /sfs/gpfs/tardis/home/xpz5km/Cahn_Hilliard_Model_HPC/spinodal_decomp/compare_L2_error.py , Line : 86, Func.Name : compare_L2_error_at_timepoint, Message : snapshot_NMG = read_specific_lines(f"{root}/{NMG_fname}", line_list)', 'File : /sfs/gpfs/tardis/home/xpz5km/Cahn_Hilliard_Model_HPC/spinodal_decomp/compare_L2_error.py , Line : 21, Func.Name : read_specific_lines, Message : digits.append(float(i))']
Python,2000,256,neumann,2000,2000,25p not recorded; dt_out too large.
Python,20,128,periodic,20,20,25p
NMG_Python_20_dt_5.50e-06_Nx_128_periodic_dtout_2025pphi.csv
Exception type : TypeError 
Exception message : float() argument must be a string or a real number, not 'complex'
Stack trace : ['File : /sfs/gpfs/tardis/home/xpz5km/Cahn_Hilliard_Model_HPC/spinodal_decomp/compare_L2_error.py , Line : 86, Func.Name : compare_L2_error_at_timepoint, Message : snapshot_NMG = read_specific_lines(f"{root}/{NMG_fname}", line_list)', 'File : /sfs/gpfs/tardis/home/xpz5km/Cahn_Hilliard_Model_HPC/spinodal_decomp/compare_L2_error.py , Line : 21, Func.Name : read_specific_lines, Message : digits.append(float(i))']
Python,2000,256,periodic,2000,2000,50p not recorded; dt_out too large.
Python,20,256,periodic,20,20,25p
NMG_Python_20_dt_5.50e-06_Nx_256_periodic_dtout_2025pphi.csv
Exception type : TypeError 
Exception message : float() argument must be a string or a real number, not 'complex'
Stack trace : ['File : /sfs/gpfs/tardis/home/xpz5km/Cahn_Hilliard_Model_HPC/spinodal_decomp/compare_L2_error.py , Line : 86, Func.Name : compare_L2_error_at_timepoint, Message : snapshot_NMG = read_specific_lines(f"{root}/{NMG_fname}", line_list)', 'File : /sfs/gpfs/tardis/home/xpz5km/Cahn_Hilliard_Model_HPC/spinodal_decomp/compare_L2_error.py , Line : 21, Func.Name : read_specific_lines, Message : digits.append(float(i))']
Python,20,512,neumann,20,20,50p
NMG_Python_20_dt_5.50e-06_Nx_512_neumann_dtout_2050pphi.csv
Exception type : TypeError 
Exception message : float() argument must be a string or a real number, not 'complex'
Stack trace : ['File : /sfs/gpfs/tardis/home/xpz5km/Cahn_Hilliard_Model_HPC/spinodal_decomp/compare_L2_error.py , Line : 86, Func.Name : compare_L2_error_at_timepoint, Message : snapshot_NMG = read_specific_lines(f"{root}/{NMG_fname}", line_list)', 'File : /sfs/gpfs/tardis/home/xpz5km/Cahn_Hilliard_Model_HPC/spinodal_decomp/compare_L2_error.py , Line : 21, Func.Name : read_specific_lines, Message : digits.append(float(i))']
Python,2000,512,periodic,2000,2000,25p not recorded; dt_out too large.
Python,2000,64,periodic,2000,2000,75p not recorded; dt_out too large.
Python,2000,256,periodic,2000,2000,25p not recorded; dt_out too large.
Python,2000,256,neumann,2000,2000,75p not recorded; dt_out too large.
Python,2000,128,periodic,2000,2000,75p not recorded; dt_out too large.
Python,20,128,neumann,1,1,25p
NMG_Python_20_dt_5.50e-06_Nx_128_neumann_dtout_125pphi.csv
Exception type : TypeError 
Exception message : float() argument must be a string or a real number, not 'complex'
Stack trace : ['File : /sfs/gpfs/tardis/home/xpz5km/Cahn_Hilliard_Model_HPC/spinodal_decomp/compare_L2_error.py , Line : 86, Func.Name : compare_L2_error_at_timepoint, Message : snapshot_NMG = read_specific_lines(f"{root}/{NMG_fname}", line_list)', 'File : /sfs/gpfs/tardis/home/xpz5km/Cahn_Hilliard_Model_HPC/spinodal_decomp/compare_L2_error.py , Line : 21, Func.Name : read_specific_lines, Message : digits.append(float(i))']
Python,2000,256,periodic,2000,2000,75p not recorded; dt_out too large.
Python,20,256,neumann,20,20,50p
NMG_Python_20_dt_5.50e-06_Nx_256_neumann_dtout_2050pphi.csv
Exception type : TypeError 
Exception message : float() argument must be a string or a real number, not 'complex'
Stack trace : ['File : /sfs/gpfs/tardis/home/xpz5km/Cahn_Hilliard_Model_HPC/spinodal_decomp/compare_L2_error.py , Line : 86, Func.Name : compare_L2_error_at_timepoint, Message : snapshot_NMG = read_specific_lines(f"{root}/{NMG_fname}", line_list)', 'File : /sfs/gpfs/tardis/home/xpz5km/Cahn_Hilliard_Model_HPC/spinodal_decomp/compare_L2_error.py , Line : 21, Func.Name : read_specific_lines, Message : digits.append(float(i))']
Python,2000,128,neumann,2000,2000,25p not recorded; dt_out too large.
Python,20,64,periodic,1,1,75p
NMG_Python_20_dt_5.50e-06_Nx_64_periodic_dtout_175pphi.csv
Exception type : TypeError 
Exception message : float() argument must be a string or a real number, not 'complex'
Stack trace : ['File : /sfs/gpfs/tardis/home/xpz5km/Cahn_Hilliard_Model_HPC/spinodal_decomp/compare_L2_error.py , Line : 86, Func.Name : compare_L2_error_at_timepoint, Message : snapshot_NMG = read_specific_lines(f"{root}/{NMG_fname}", line_list)', 'File : /sfs/gpfs/tardis/home/xpz5km/Cahn_Hilliard_Model_HPC/spinodal_decomp/compare_L2_error.py , Line : 21, Func.Name : read_specific_lines, Message : digits.append(float(i))']
Python,20,256,periodic,1,1,50p
NMG_Python_20_dt_5.50e-06_Nx_256_periodic_dtout_150pphi.csv
Exception type : TypeError 
Exception message : float() argument must be a string or a real number, not 'complex'
Stack trace : ['File : /sfs/gpfs/tardis/home/xpz5km/Cahn_Hilliard_Model_HPC/spinodal_decomp/compare_L2_error.py , Line : 86, Func.Name : compare_L2_error_at_timepoint, Message : snapshot_NMG = read_specific_lines(f"{root}/{NMG_fname}", line_list)', 'File : /sfs/gpfs/tardis/home/xpz5km/Cahn_Hilliard_Model_HPC/spinodal_decomp/compare_L2_error.py , Line : 21, Func.Name : read_specific_lines, Message : digits.append(float(i))']
Python,20,128,neumann,1,1,75p
NMG_Python_20_dt_5.50e-06_Nx_128_neumann_dtout_175pphi.csv
Exception type : TypeError 
Exception message : float() argument must be a string or a real number, not 'complex'
Stack trace : ['File : /sfs/gpfs/tardis/home/xpz5km/Cahn_Hilliard_Model_HPC/spinodal_decomp/compare_L2_error.py , Line : 86, Func.Name : compare_L2_error_at_timepoint, Message : snapshot_NMG = read_specific_lines(f"{root}/{NMG_fname}", line_list)', 'File : /sfs/gpfs/tardis/home/xpz5km/Cahn_Hilliard_Model_HPC/spinodal_decomp/compare_L2_error.py , Line : 21, Func.Name : read_specific_lines, Message : digits.append(float(i))']
Python,20,64,neumann,1,1,50p
NMG_Python_20_dt_5.50e-06_Nx_64_neumann_dtout_150pphi.csv
Exception type : TypeError 
Exception message : float() argument must be a string or a real number, not 'complex'
Stack trace : ['File : /sfs/gpfs/tardis/home/xpz5km/Cahn_Hilliard_Model_HPC/spinodal_decomp/compare_L2_error.py , Line : 86, Func.Name : compare_L2_error_at_timepoint, Message : snapshot_NMG = read_specific_lines(f"{root}/{NMG_fname}", line_list)', 'File : /sfs/gpfs/tardis/home/xpz5km/Cahn_Hilliard_Model_HPC/spinodal_decomp/compare_L2_error.py , Line : 21, Func.Name : read_specific_lines, Message : digits.append(float(i))']
Python,20,256,neumann,1,1,50p
NMG_Python_20_dt_5.50e-06_Nx_256_neumann_dtout_150pphi.csv
Exception type : TypeError 
Exception message : float() argument must be a string or a real number, not 'complex'
Stack trace : ['File : /sfs/gpfs/tardis/home/xpz5km/Cahn_Hilliard_Model_HPC/spinodal_decomp/compare_L2_error.py , Line : 86, Func.Name : compare_L2_error_at_timepoint, Message : snapshot_NMG = read_specific_lines(f"{root}/{NMG_fname}", line_list)', 'File : /sfs/gpfs/tardis/home/xpz5km/Cahn_Hilliard_Model_HPC/spinodal_decomp/compare_L2_error.py , Line : 21, Func.Name : read_specific_lines, Message : digits.append(float(i))']
Python,20,512,neumann,1,1,25p
NMG_Python_20_dt_5.50e-06_Nx_512_neumann_dtout_125pphi.csv
Exception type : TypeError 
Exception message : float() argument must be a string or a real number, not 'complex'
Stack trace : ['File : /sfs/gpfs/tardis/home/xpz5km/Cahn_Hilliard_Model_HPC/spinodal_decomp/compare_L2_error.py , Line : 86, Func.Name : compare_L2_error_at_timepoint, Message : snapshot_NMG = read_specific_lines(f"{root}/{NMG_fname}", line_list)', 'File : /sfs/gpfs/tardis/home/xpz5km/Cahn_Hilliard_Model_HPC/spinodal_decomp/compare_L2_error.py , Line : 21, Func.Name : read_specific_lines, Message : digits.append(float(i))']
Python,2000,128,neumann,2000,2000,50p not recorded; dt_out too large.
Python,2000,512,periodic,2000,2000,50p not recorded; dt_out too large.
Python,20,256,neumann,1,1,75p
NMG_Python_20_dt_5.50e-06_Nx_256_neumann_dtout_175pphi.csv
Exception type : TypeError 
Exception message : float() argument must be a string or a real number, not 'complex'
Stack trace : ['File : /sfs/gpfs/tardis/home/xpz5km/Cahn_Hilliard_Model_HPC/spinodal_decomp/compare_L2_error.py , Line : 86, Func.Name : compare_L2_error_at_timepoint, Message : snapshot_NMG = read_specific_lines(f"{root}/{NMG_fname}", line_list)', 'File : /sfs/gpfs/tardis/home/xpz5km/Cahn_Hilliard_Model_HPC/spinodal_decomp/compare_L2_error.py , Line : 21, Func.Name : read_specific_lines, Message : digits.append(float(i))']
Python,20,128,neumann,20,20,50p
NMG_Python_20_dt_5.50e-06_Nx_128_neumann_dtout_2050pphi.csv
Exception type : TypeError 
Exception message : float() argument must be a string or a real number, not 'complex'
Stack trace : ['File : /sfs/gpfs/tardis/home/xpz5km/Cahn_Hilliard_Model_HPC/spinodal_decomp/compare_L2_error.py , Line : 86, Func.Name : compare_L2_error_at_timepoint, Message : snapshot_NMG = read_specific_lines(f"{root}/{NMG_fname}", line_list)', 'File : /sfs/gpfs/tardis/home/xpz5km/Cahn_Hilliard_Model_HPC/spinodal_decomp/compare_L2_error.py , Line : 21, Func.Name : read_specific_lines, Message : digits.append(float(i))']
Python,20,128,periodic,1,1,50p
NMG_Python_20_dt_5.50e-06_Nx_128_periodic_dtout_150pphi.csv
Exception type : TypeError 
Exception message : float() argument must be a string or a real number, not 'complex'
Stack trace : ['File : /sfs/gpfs/tardis/home/xpz5km/Cahn_Hilliard_Model_HPC/spinodal_decomp/compare_L2_error.py , Line : 86, Func.Name : compare_L2_error_at_timepoint, Message : snapshot_NMG = read_specific_lines(f"{root}/{NMG_fname}", line_list)', 'File : /sfs/gpfs/tardis/home/xpz5km/Cahn_Hilliard_Model_HPC/spinodal_decomp/compare_L2_error.py , Line : 21, Func.Name : read_specific_lines, Message : digits.append(float(i))']
Python,20,256,neumann,1,1,25p
NMG_Python_20_dt_5.50e-06_Nx_256_neumann_dtout_125pphi.csv
Exception type : TypeError 
Exception message : float() argument must be a string or a real number, not 'complex'
Stack trace : ['File : /sfs/gpfs/tardis/home/xpz5km/Cahn_Hilliard_Model_HPC/spinodal_decomp/compare_L2_error.py , Line : 86, Func.Name : compare_L2_error_at_timepoint, Message : snapshot_NMG = read_specific_lines(f"{root}/{NMG_fname}", line_list)', 'File : /sfs/gpfs/tardis/home/xpz5km/Cahn_Hilliard_Model_HPC/spinodal_decomp/compare_L2_error.py , Line : 21, Func.Name : read_specific_lines, Message : digits.append(float(i))']
Python,20,64,neumann,1,1,75p
NMG_Python_20_dt_5.50e-06_Nx_64_neumann_dtout_175pphi.csv
Exception type : TypeError 
Exception message : float() argument must be a string or a real number, not 'complex'
Stack trace : ['File : /sfs/gpfs/tardis/home/xpz5km/Cahn_Hilliard_Model_HPC/spinodal_decomp/compare_L2_error.py , Line : 86, Func.Name : compare_L2_error_at_timepoint, Message : snapshot_NMG = read_specific_lines(f"{root}/{NMG_fname}", line_list)', 'File : /sfs/gpfs/tardis/home/xpz5km/Cahn_Hilliard_Model_HPC/spinodal_decomp/compare_L2_error.py , Line : 21, Func.Name : read_specific_lines, Message : digits.append(float(i))']
Python,20,256,periodic,1,1,25p
NMG_Python_20_dt_5.50e-06_Nx_256_periodic_dtout_125pphi.csv
Exception type : TypeError 
Exception message : float() argument must be a string or a real number, not 'complex'
Stack trace : ['File : /sfs/gpfs/tardis/home/xpz5km/Cahn_Hilliard_Model_HPC/spinodal_decomp/compare_L2_error.py , Line : 86, Func.Name : compare_L2_error_at_timepoint, Message : snapshot_NMG = read_specific_lines(f"{root}/{NMG_fname}", line_list)', 'File : /sfs/gpfs/tardis/home/xpz5km/Cahn_Hilliard_Model_HPC/spinodal_decomp/compare_L2_error.py , Line : 21, Func.Name : read_specific_lines, Message : digits.append(float(i))']
Python,20,64,periodic,20,20,25p
NMG_Python_20_dt_5.50e-06_Nx_64_periodic_dtout_2025pphi.csv
Exception type : TypeError 
Exception message : float() argument must be a string or a real number, not 'complex'
Stack trace : ['File : /sfs/gpfs/tardis/home/xpz5km/Cahn_Hilliard_Model_HPC/spinodal_decomp/compare_L2_error.py , Line : 86, Func.Name : compare_L2_error_at_timepoint, Message : snapshot_NMG = read_specific_lines(f"{root}/{NMG_fname}", line_list)', 'File : /sfs/gpfs/tardis/home/xpz5km/Cahn_Hilliard_Model_HPC/spinodal_decomp/compare_L2_error.py , Line : 21, Func.Name : read_specific_lines, Message : digits.append(float(i))']
Python,20,512,periodic,1,1,50p
NMG_Python_20_dt_5.50e-06_Nx_512_periodic_dtout_150pphi.csv
Exception type : TypeError 
Exception message : float() argument must be a string or a real number, not 'complex'
Stack trace : ['File : /sfs/gpfs/tardis/home/xpz5km/Cahn_Hilliard_Model_HPC/spinodal_decomp/compare_L2_error.py , Line : 86, Func.Name : compare_L2_error_at_timepoint, Message : snapshot_NMG = read_specific_lines(f"{root}/{NMG_fname}", line_list)', 'File : /sfs/gpfs/tardis/home/xpz5km/Cahn_Hilliard_Model_HPC/spinodal_decomp/compare_L2_error.py , Line : 21, Func.Name : read_specific_lines, Message : digits.append(float(i))']
Python,2000,512,neumann,2000,2000,50p not recorded; dt_out too large.
Python,2000,512,neumann,2000,2000,75p not recorded; dt_out too large.
Python,20,512,periodic,20,20,25p
NMG_Python_20_dt_5.50e-06_Nx_512_periodic_dtout_2025pphi.csv
Exception type : TypeError 
Exception message : float() argument must be a string or a real number, not 'complex'
Stack trace : ['File : /sfs/gpfs/tardis/home/xpz5km/Cahn_Hilliard_Model_HPC/spinodal_decomp/compare_L2_error.py , Line : 86, Func.Name : compare_L2_error_at_timepoint, Message : snapshot_NMG = read_specific_lines(f"{root}/{NMG_fname}", line_list)', 'File : /sfs/gpfs/tardis/home/xpz5km/Cahn_Hilliard_Model_HPC/spinodal_decomp/compare_L2_error.py , Line : 21, Func.Name : read_specific_lines, Message : digits.append(float(i))']
Python,20,64,neumann,20,20,50p
NMG_Python_20_dt_5.50e-06_Nx_64_neumann_dtout_2050pphi.csv
Exception type : TypeError 
Exception message : float() argument must be a string or a real number, not 'complex'
Stack trace : ['File : /sfs/gpfs/tardis/home/xpz5km/Cahn_Hilliard_Model_HPC/spinodal_decomp/compare_L2_error.py , Line : 86, Func.Name : compare_L2_error_at_timepoint, Message : snapshot_NMG = read_specific_lines(f"{root}/{NMG_fname}", line_list)', 'File : /sfs/gpfs/tardis/home/xpz5km/Cahn_Hilliard_Model_HPC/spinodal_decomp/compare_L2_error.py , Line : 21, Func.Name : read_specific_lines, Message : digits.append(float(i))']
Python,20,128,neumann,20,20,75p
NMG_Python_20_dt_5.50e-06_Nx_128_neumann_dtout_2075pphi.csv
Exception type : TypeError 
Exception message : float() argument must be a string or a real number, not 'complex'
Stack trace : ['File : /sfs/gpfs/tardis/home/xpz5km/Cahn_Hilliard_Model_HPC/spinodal_decomp/compare_L2_error.py , Line : 86, Func.Name : compare_L2_error_at_timepoint, Message : snapshot_NMG = read_specific_lines(f"{root}/{NMG_fname}", line_list)', 'File : /sfs/gpfs/tardis/home/xpz5km/Cahn_Hilliard_Model_HPC/spinodal_decomp/compare_L2_error.py , Line : 21, Func.Name : read_specific_lines, Message : digits.append(float(i))']
Python,20,64,neumann,1,1,25p
NMG_Python_20_dt_5.50e-06_Nx_64_neumann_dtout_125pphi.csv
Exception type : TypeError 
Exception message : float() argument must be a string or a real number, not 'complex'
Stack trace : ['File : /sfs/gpfs/tardis/home/xpz5km/Cahn_Hilliard_Model_HPC/spinodal_decomp/compare_L2_error.py , Line : 86, Func.Name : compare_L2_error_at_timepoint, Message : snapshot_NMG = read_specific_lines(f"{root}/{NMG_fname}", line_list)', 'File : /sfs/gpfs/tardis/home/xpz5km/Cahn_Hilliard_Model_HPC/spinodal_decomp/compare_L2_error.py , Line : 21, Func.Name : read_specific_lines, Message : digits.append(float(i))']
Python,2000,64,neumann,2000,2000,25p not recorded; dt_out too large.
Python,20,512,periodic,1,1,25p
NMG_Python_20_dt_5.50e-06_Nx_512_periodic_dtout_125pphi.csv
Exception type : TypeError 
Exception message : float() argument must be a string or a real number, not 'complex'
Stack trace : ['File : /sfs/gpfs/tardis/home/xpz5km/Cahn_Hilliard_Model_HPC/spinodal_decomp/compare_L2_error.py , Line : 86, Func.Name : compare_L2_error_at_timepoint, Message : snapshot_NMG = read_specific_lines(f"{root}/{NMG_fname}", line_list)', 'File : /sfs/gpfs/tardis/home/xpz5km/Cahn_Hilliard_Model_HPC/spinodal_decomp/compare_L2_error.py , Line : 21, Func.Name : read_specific_lines, Message : digits.append(float(i))']
Python,2000,128,periodic,2000,2000,25p not recorded; dt_out too large.
Python,20,512,periodic,20,20,50p
NMG_Python_20_dt_5.50e-06_Nx_512_periodic_dtout_2050pphi.csv
Exception type : TypeError 
Exception message : float() argument must be a string or a real number, not 'complex'
Stack trace : ['File : /sfs/gpfs/tardis/home/xpz5km/Cahn_Hilliard_Model_HPC/spinodal_decomp/compare_L2_error.py , Line : 86, Func.Name : compare_L2_error_at_timepoint, Message : snapshot_NMG = read_specific_lines(f"{root}/{NMG_fname}", line_list)', 'File : /sfs/gpfs/tardis/home/xpz5km/Cahn_Hilliard_Model_HPC/spinodal_decomp/compare_L2_error.py , Line : 21, Func.Name : read_specific_lines, Message : digits.append(float(i))']
Python,2000,512,periodic,2000,2000,75p not recorded; dt_out too large.
Python,20,128,periodic,1,1,75p
NMG_Python_20_dt_5.50e-06_Nx_128_periodic_dtout_175pphi.csv
Exception type : TypeError 
Exception message : float() argument must be a string or a real number, not 'complex'
Stack trace : ['File : /sfs/gpfs/tardis/home/xpz5km/Cahn_Hilliard_Model_HPC/spinodal_decomp/compare_L2_error.py , Line : 86, Func.Name : compare_L2_error_at_timepoint, Message : snapshot_NMG = read_specific_lines(f"{root}/{NMG_fname}", line_list)', 'File : /sfs/gpfs/tardis/home/xpz5km/Cahn_Hilliard_Model_HPC/spinodal_decomp/compare_L2_error.py , Line : 21, Func.Name : read_specific_lines, Message : digits.append(float(i))']
Python,20,512,periodic,1,1,75p
NMG_Python_20_dt_5.50e-06_Nx_512_periodic_dtout_175pphi.csv
Exception type : TypeError 
Exception message : float() argument must be a string or a real number, not 'complex'
Stack trace : ['File : /sfs/gpfs/tardis/home/xpz5km/Cahn_Hilliard_Model_HPC/spinodal_decomp/compare_L2_error.py , Line : 86, Func.Name : compare_L2_error_at_timepoint, Message : snapshot_NMG = read_specific_lines(f"{root}/{NMG_fname}", line_list)', 'File : /sfs/gpfs/tardis/home/xpz5km/Cahn_Hilliard_Model_HPC/spinodal_decomp/compare_L2_error.py , Line : 21, Func.Name : read_specific_lines, Message : digits.append(float(i))']
Python,20,128,neumann,1,1,50p
NMG_Python_20_dt_5.50e-06_Nx_128_neumann_dtout_150pphi.csv
Exception type : TypeError 
Exception message : float() argument must be a string or a real number, not 'complex'
Stack trace : ['File : /sfs/gpfs/tardis/home/xpz5km/Cahn_Hilliard_Model_HPC/spinodal_decomp/compare_L2_error.py , Line : 86, Func.Name : compare_L2_error_at_timepoint, Message : snapshot_NMG = read_specific_lines(f"{root}/{NMG_fname}", line_list)', 'File : /sfs/gpfs/tardis/home/xpz5km/Cahn_Hilliard_Model_HPC/spinodal_decomp/compare_L2_error.py , Line : 21, Func.Name : read_specific_lines, Message : digits.append(float(i))']
Python,2000,64,periodic,2000,2000,25p not recorded; dt_out too large.
Python,20,128,periodic,20,20,75p
NMG_Python_20_dt_5.50e-06_Nx_128_periodic_dtout_2075pphi.csv
Exception type : TypeError 
Exception message : float() argument must be a string or a real number, not 'complex'
Stack trace : ['File : /sfs/gpfs/tardis/home/xpz5km/Cahn_Hilliard_Model_HPC/spinodal_decomp/compare_L2_error.py , Line : 86, Func.Name : compare_L2_error_at_timepoint, Message : snapshot_NMG = read_specific_lines(f"{root}/{NMG_fname}", line_list)', 'File : /sfs/gpfs/tardis/home/xpz5km/Cahn_Hilliard_Model_HPC/spinodal_decomp/compare_L2_error.py , Line : 21, Func.Name : read_specific_lines, Message : digits.append(float(i))']
Python,2000,64,neumann,2000,2000,50p not recorded; dt_out too large.
Python,2000,128,periodic,2000,2000,50p not recorded; dt_out too large.
Python,20,256,periodic,20,20,75p
NMG_Python_20_dt_5.50e-06_Nx_256_periodic_dtout_2075pphi.csv
Exception type : TypeError 
Exception message : float() argument must be a string or a real number, not 'complex'
Stack trace : ['File : /sfs/gpfs/tardis/home/xpz5km/Cahn_Hilliard_Model_HPC/spinodal_decomp/compare_L2_error.py , Line : 86, Func.Name : compare_L2_error_at_timepoint, Message : snapshot_NMG = read_specific_lines(f"{root}/{NMG_fname}", line_list)', 'File : /sfs/gpfs/tardis/home/xpz5km/Cahn_Hilliard_Model_HPC/spinodal_decomp/compare_L2_error.py , Line : 21, Func.Name : read_specific_lines, Message : digits.append(float(i))']
Python,20,512,neumann,1,1,75p
NMG_Python_20_dt_5.50e-06_Nx_512_neumann_dtout_175pphi.csv
Exception type : TypeError 
Exception message : float() argument must be a string or a real number, not 'complex'
Stack trace : ['File : /sfs/gpfs/tardis/home/xpz5km/Cahn_Hilliard_Model_HPC/spinodal_decomp/compare_L2_error.py , Line : 86, Func.Name : compare_L2_error_at_timepoint, Message : snapshot_NMG = read_specific_lines(f"{root}/{NMG_fname}", line_list)', 'File : /sfs/gpfs/tardis/home/xpz5km/Cahn_Hilliard_Model_HPC/spinodal_decomp/compare_L2_error.py , Line : 21, Func.Name : read_specific_lines, Message : digits.append(float(i))']
Python,20,64,neumann,20,20,25p
NMG_Python_20_dt_5.50e-06_Nx_64_neumann_dtout_2025pphi.csv
Exception type : TypeError 
Exception message : float() argument must be a string or a real number, not 'complex'
Stack trace : ['File : /sfs/gpfs/tardis/home/xpz5km/Cahn_Hilliard_Model_HPC/spinodal_decomp/compare_L2_error.py , Line : 86, Func.Name : compare_L2_error_at_timepoint, Message : snapshot_NMG = read_specific_lines(f"{root}/{NMG_fname}", line_list)', 'File : /sfs/gpfs/tardis/home/xpz5km/Cahn_Hilliard_Model_HPC/spinodal_decomp/compare_L2_error.py , Line : 21, Func.Name : read_specific_lines, Message : digits.append(float(i))']
Python,20,64,neumann,20,20,75p
NMG_Python_20_dt_5.50e-06_Nx_64_neumann_dtout_2075pphi.csv
Exception type : TypeError 
Exception message : float() argument must be a string or a real number, not 'complex'
Stack trace : ['File : /sfs/gpfs/tardis/home/xpz5km/Cahn_Hilliard_Model_HPC/spinodal_decomp/compare_L2_error.py , Line : 86, Func.Name : compare_L2_error_at_timepoint, Message : snapshot_NMG = read_specific_lines(f"{root}/{NMG_fname}", line_list)', 'File : /sfs/gpfs/tardis/home/xpz5km/Cahn_Hilliard_Model_HPC/spinodal_decomp/compare_L2_error.py , Line : 21, Func.Name : read_specific_lines, Message : digits.append(float(i))']
Python,2000,64,periodic,2000,2000,50p not recorded; dt_out too large.
Python,20,512,periodic,20,20,75p
NMG_Python_20_dt_5.50e-06_Nx_512_periodic_dtout_2075pphi.csv
Exception type : TypeError 
Exception message : float() argument must be a string or a real number, not 'complex'
Stack trace : ['File : /sfs/gpfs/tardis/home/xpz5km/Cahn_Hilliard_Model_HPC/spinodal_decomp/compare_L2_error.py , Line : 86, Func.Name : compare_L2_error_at_timepoint, Message : snapshot_NMG = read_specific_lines(f"{root}/{NMG_fname}", line_list)', 'File : /sfs/gpfs/tardis/home/xpz5km/Cahn_Hilliard_Model_HPC/spinodal_decomp/compare_L2_error.py , Line : 21, Func.Name : read_specific_lines, Message : digits.append(float(i))']
Python,20,512,neumann,20,20,25p
NMG_Python_20_dt_5.50e-06_Nx_512_neumann_dtout_2025pphi.csv
Exception type : TypeError 
Exception message : float() argument must be a string or a real number, not 'complex'
Stack trace : ['File : /sfs/gpfs/tardis/home/xpz5km/Cahn_Hilliard_Model_HPC/spinodal_decomp/compare_L2_error.py , Line : 86, Func.Name : compare_L2_error_at_timepoint, Message : snapshot_NMG = read_specific_lines(f"{root}/{NMG_fname}", line_list)', 'File : /sfs/gpfs/tardis/home/xpz5km/Cahn_Hilliard_Model_HPC/spinodal_decomp/compare_L2_error.py , Line : 21, Func.Name : read_specific_lines, Message : digits.append(float(i))']
Python,20,512,neumann,1,1,50p
NMG_Python_20_dt_5.50e-06_Nx_512_neumann_dtout_150pphi.csv
Exception type : TypeError 
Exception message : float() argument must be a string or a real number, not 'complex'
Stack trace : ['File : /sfs/gpfs/tardis/home/xpz5km/Cahn_Hilliard_Model_HPC/spinodal_decomp/compare_L2_error.py , Line : 86, Func.Name : compare_L2_error_at_timepoint, Message : snapshot_NMG = read_specific_lines(f"{root}/{NMG_fname}", line_list)', 'File : /sfs/gpfs/tardis/home/xpz5km/Cahn_Hilliard_Model_HPC/spinodal_decomp/compare_L2_error.py , Line : 21, Func.Name : read_specific_lines, Message : digits.append(float(i))']
Python,20,64,periodic,1,1,25p
NMG_Python_20_dt_5.50e-06_Nx_64_periodic_dtout_125pphi.csv
Exception type : TypeError 
Exception message : float() argument must be a string or a real number, not 'complex'
Stack trace : ['File : /sfs/gpfs/tardis/home/xpz5km/Cahn_Hilliard_Model_HPC/spinodal_decomp/compare_L2_error.py , Line : 86, Func.Name : compare_L2_error_at_timepoint, Message : snapshot_NMG = read_specific_lines(f"{root}/{NMG_fname}", line_list)', 'File : /sfs/gpfs/tardis/home/xpz5km/Cahn_Hilliard_Model_HPC/spinodal_decomp/compare_L2_error.py , Line : 21, Func.Name : read_specific_lines, Message : digits.append(float(i))']
Python,2000,128,neumann,2000,2000,75p not recorded; dt_out too large.
Python,20,128,periodic,20,20,50p
NMG_Python_20_dt_5.50e-06_Nx_128_periodic_dtout_2050pphi.csv
Exception type : TypeError 
Exception message : float() argument must be a string or a real number, not 'complex'
Stack trace : ['File : /sfs/gpfs/tardis/home/xpz5km/Cahn_Hilliard_Model_HPC/spinodal_decomp/compare_L2_error.py , Line : 86, Func.Name : compare_L2_error_at_timepoint, Message : snapshot_NMG = read_specific_lines(f"{root}/{NMG_fname}", line_list)', 'File : /sfs/gpfs/tardis/home/xpz5km/Cahn_Hilliard_Model_HPC/spinodal_decomp/compare_L2_error.py , Line : 21, Func.Name : read_specific_lines, Message : digits.append(float(i))']
Python,20,256,periodic,20,20,50p
NMG_Python_20_dt_5.50e-06_Nx_256_periodic_dtout_2050pphi.csv
Exception type : TypeError 
Exception message : float() argument must be a string or a real number, not 'complex'
Stack trace : ['File : /sfs/gpfs/tardis/home/xpz5km/Cahn_Hilliard_Model_HPC/spinodal_decomp/compare_L2_error.py , Line : 86, Func.Name : compare_L2_error_at_timepoint, Message : snapshot_NMG = read_specific_lines(f"{root}/{NMG_fname}", line_list)', 'File : /sfs/gpfs/tardis/home/xpz5km/Cahn_Hilliard_Model_HPC/spinodal_decomp/compare_L2_error.py , Line : 21, Func.Name : read_specific_lines, Message : digits.append(float(i))']
Python,2000,256,neumann,2000,2000,50p not recorded; dt_out too large.
Python,20,64,periodic,20,20,50p
NMG_Python_20_dt_5.50e-06_Nx_64_periodic_dtout_2050pphi.csv
Exception type : TypeError 
Exception message : float() argument must be a string or a real number, not 'complex'
Stack trace : ['File : /sfs/gpfs/tardis/home/xpz5km/Cahn_Hilliard_Model_HPC/spinodal_decomp/compare_L2_error.py , Line : 86, Func.Name : compare_L2_error_at_timepoint, Message : snapshot_NMG = read_specific_lines(f"{root}/{NMG_fname}", line_list)', 'File : /sfs/gpfs/tardis/home/xpz5km/Cahn_Hilliard_Model_HPC/spinodal_decomp/compare_L2_error.py , Line : 21, Func.Name : read_specific_lines, Message : digits.append(float(i))']
Python,2000,512,neumann,2000,2000,25p not recorded; dt_out too large.
Python,20,512,neumann,20,20,75p
NMG_Python_20_dt_5.50e-06_Nx_512_neumann_dtout_2075pphi.csv
Exception type : TypeError 
Exception message : float() argument must be a string or a real number, not 'complex'
Stack trace : ['File : /sfs/gpfs/tardis/home/xpz5km/Cahn_Hilliard_Model_HPC/spinodal_decomp/compare_L2_error.py , Line : 86, Func.Name : compare_L2_error_at_timepoint, Message : snapshot_NMG = read_specific_lines(f"{root}/{NMG_fname}", line_list)', 'File : /sfs/gpfs/tardis/home/xpz5km/Cahn_Hilliard_Model_HPC/spinodal_decomp/compare_L2_error.py , Line : 21, Func.Name : read_specific_lines, Message : digits.append(float(i))']
Python,20,256,neumann,20,20,25p
NMG_Python_20_dt_5.50e-06_Nx_256_neumann_dtout_2025pphi.csv
Exception type : TypeError 
Exception message : float() argument must be a string or a real number, not 'complex'
Stack trace : ['File : /sfs/gpfs/tardis/home/xpz5km/Cahn_Hilliard_Model_HPC/spinodal_decomp/compare_L2_error.py , Line : 86, Func.Name : compare_L2_error_at_timepoint, Message : snapshot_NMG = read_specific_lines(f"{root}/{NMG_fname}", line_list)', 'File : /sfs/gpfs/tardis/home/xpz5km/Cahn_Hilliard_Model_HPC/spinodal_decomp/compare_L2_error.py , Line : 21, Func.Name : read_specific_lines, Message : digits.append(float(i))']
Python,2000,64,neumann,2000,2000,75p not recorded; dt_out too large.
Python,20,128,neumann,20,20,25p
NMG_Python_20_dt_5.50e-06_Nx_128_neumann_dtout_2025pphi.csv
Exception type : TypeError 
Exception message : float() argument must be a string or a real number, not 'complex'
Stack trace : ['File : /sfs/gpfs/tardis/home/xpz5km/Cahn_Hilliard_Model_HPC/spinodal_decomp/compare_L2_error.py , Line : 86, Func.Name : compare_L2_error_at_timepoint, Message : snapshot_NMG = read_specific_lines(f"{root}/{NMG_fname}", line_list)', 'File : /sfs/gpfs/tardis/home/xpz5km/Cahn_Hilliard_Model_HPC/spinodal_decomp/compare_L2_error.py , Line : 21, Func.Name : read_specific_lines, Message : digits.append(float(i))']
Python,20,64,periodic,20,20,75p
NMG_Python_20_dt_5.50e-06_Nx_64_periodic_dtout_2075pphi.csv
Exception type : TypeError 
Exception message : float() argument must be a string or a real number, not 'complex'
Stack trace : ['File : /sfs/gpfs/tardis/home/xpz5km/Cahn_Hilliard_Model_HPC/spinodal_decomp/compare_L2_error.py , Line : 86, Func.Name : compare_L2_error_at_timepoint, Message : snapshot_NMG = read_specific_lines(f"{root}/{NMG_fname}", line_list)', 'File : /sfs/gpfs/tardis/home/xpz5km/Cahn_Hilliard_Model_HPC/spinodal_decomp/compare_L2_error.py , Line : 21, Func.Name : read_specific_lines, Message : digits.append(float(i))']
Python,20,256,periodic,1,1,75p
NMG_Python_20_dt_5.50e-06_Nx_256_periodic_dtout_175pphi.csv
Exception type : TypeError 
Exception message : float() argument must be a string or a real number, not 'complex'
Stack trace : ['File : /sfs/gpfs/tardis/home/xpz5km/Cahn_Hilliard_Model_HPC/spinodal_decomp/compare_L2_error.py , Line : 86, Func.Name : compare_L2_error_at_timepoint, Message : snapshot_NMG = read_specific_lines(f"{root}/{NMG_fname}", line_list)', 'File : /sfs/gpfs/tardis/home/xpz5km/Cahn_Hilliard_Model_HPC/spinodal_decomp/compare_L2_error.py , Line : 21, Func.Name : read_specific_lines, Message : digits.append(float(i))']
Python,20,64,periodic,1,1,50p
NMG_Python_20_dt_5.50e-06_Nx_64_periodic_dtout_150pphi.csv
Exception type : TypeError 
Exception message : float() argument must be a string or a real number, not 'complex'
Stack trace : ['File : /sfs/gpfs/tardis/home/xpz5km/Cahn_Hilliard_Model_HPC/spinodal_decomp/compare_L2_error.py , Line : 86, Func.Name : compare_L2_error_at_timepoint, Message : snapshot_NMG = read_specific_lines(f"{root}/{NMG_fname}", line_list)', 'File : /sfs/gpfs/tardis/home/xpz5km/Cahn_Hilliard_Model_HPC/spinodal_decomp/compare_L2_error.py , Line : 21, Func.Name : read_specific_lines, Message : digits.append(float(i))']
Python,20,128,periodic,1,1,25p
NMG_Python_20_dt_5.50e-06_Nx_128_periodic_dtout_125pphi.csv
Exception type : TypeError 
Exception message : float() argument must be a string or a real number, not 'complex'
Stack trace : ['File : /sfs/gpfs/tardis/home/xpz5km/Cahn_Hilliard_Model_HPC/spinodal_decomp/compare_L2_error.py , Line : 86, Func.Name : compare_L2_error_at_timepoint, Message : snapshot_NMG = read_specific_lines(f"{root}/{NMG_fname}", line_list)', 'File : /sfs/gpfs/tardis/home/xpz5km/Cahn_Hilliard_Model_HPC/spinodal_decomp/compare_L2_error.py , Line : 21, Func.Name : read_specific_lines, Message : digits.append(float(i))']
17
Python,20,256,neumann,20,20,75p
NMG_Python_20_dt_5.50e-06_Nx_256_neumann_dtout_2075pphi.csv
Exception type : TypeError 
Exception message : float() argument must be a string or a real number, not 'complex'
Stack trace : ['File : /sfs/gpfs/tardis/home/xpz5km/Cahn_Hilliard_Model_HPC/spinodal_decomp/compare_L2_error.py , Line : 86, Func.Name : compare_L2_error_at_timepoint, Message : snapshot_NMG = read_specific_lines(f"{root}/{NMG_fname}", line_list)', 'File : /sfs/gpfs/tardis/home/xpz5km/Cahn_Hilliard_Model_HPC/spinodal_decomp/compare_L2_error.py , Line : 21, Func.Name : read_specific_lines, Message : digits.append(float(i))']
Python,2000,256,neumann,2000,2000,25p not recorded; dt_out too large.
Python,20,128,periodic,20,20,25p
NMG_Python_20_dt_5.50e-06_Nx_128_periodic_dtout_2025pphi.csv
Exception type : TypeError 
Exception message : float() argument must be a string or a real number, not 'complex'
Stack trace : ['File : /sfs/gpfs/tardis/home/xpz5km/Cahn_Hilliard_Model_HPC/spinodal_decomp/compare_L2_error.py , Line : 86, Func.Name : compare_L2_error_at_timepoint, Message : snapshot_NMG = read_specific_lines(f"{root}/{NMG_fname}", line_list)', 'File : /sfs/gpfs/tardis/home/xpz5km/Cahn_Hilliard_Model_HPC/spinodal_decomp/compare_L2_error.py , Line : 21, Func.Name : read_specific_lines, Message : digits.append(float(i))']
Python,2000,256,periodic,2000,2000,50p not recorded; dt_out too large.
Python,20,256,periodic,20,20,25p
NMG_Python_20_dt_5.50e-06_Nx_256_periodic_dtout_2025pphi.csv
Exception type : TypeError 
Exception message : float() argument must be a string or a real number, not 'complex'
Stack trace : ['File : /sfs/gpfs/tardis/home/xpz5km/Cahn_Hilliard_Model_HPC/spinodal_decomp/compare_L2_error.py , Line : 86, Func.Name : compare_L2_error_at_timepoint, Message : snapshot_NMG = read_specific_lines(f"{root}/{NMG_fname}", line_list)', 'File : /sfs/gpfs/tardis/home/xpz5km/Cahn_Hilliard_Model_HPC/spinodal_decomp/compare_L2_error.py , Line : 21, Func.Name : read_specific_lines, Message : digits.append(float(i))']
Python,20,512,neumann,20,20,50p
NMG_Python_20_dt_5.50e-06_Nx_512_neumann_dtout_2050pphi.csv
Exception type : TypeError 
Exception message : float() argument must be a string or a real number, not 'complex'
Stack trace : ['File : /sfs/gpfs/tardis/home/xpz5km/Cahn_Hilliard_Model_HPC/spinodal_decomp/compare_L2_error.py , Line : 86, Func.Name : compare_L2_error_at_timepoint, Message : snapshot_NMG = read_specific_lines(f"{root}/{NMG_fname}", line_list)', 'File : /sfs/gpfs/tardis/home/xpz5km/Cahn_Hilliard_Model_HPC/spinodal_decomp/compare_L2_error.py , Line : 21, Func.Name : read_specific_lines, Message : digits.append(float(i))']
Python,2000,512,periodic,2000,2000,25p not recorded; dt_out too large.
Python,2000,64,periodic,2000,2000,75p not recorded; dt_out too large.
Python,2000,256,periodic,2000,2000,25p not recorded; dt_out too large.
Python,2000,256,neumann,2000,2000,75p not recorded; dt_out too large.
Python,2000,128,periodic,2000,2000,75p not recorded; dt_out too large.
Python,20,128,neumann,1,1,25p
NMG_Python_20_dt_5.50e-06_Nx_128_neumann_dtout_125pphi.csv
Exception type : TypeError 
Exception message : float() argument must be a string or a real number, not 'complex'
Stack trace : ['File : /sfs/gpfs/tardis/home/xpz5km/Cahn_Hilliard_Model_HPC/spinodal_decomp/compare_L2_error.py , Line : 86, Func.Name : compare_L2_error_at_timepoint, Message : snapshot_NMG = read_specific_lines(f"{root}/{NMG_fname}", line_list)', 'File : /sfs/gpfs/tardis/home/xpz5km/Cahn_Hilliard_Model_HPC/spinodal_decomp/compare_L2_error.py , Line : 21, Func.Name : read_specific_lines, Message : digits.append(float(i))']
Python,2000,256,periodic,2000,2000,75p not recorded; dt_out too large.
Python,20,256,neumann,20,20,50p
NMG_Python_20_dt_5.50e-06_Nx_256_neumann_dtout_2050pphi.csv
Exception type : TypeError 
Exception message : float() argument must be a string or a real number, not 'complex'
Stack trace : ['File : /sfs/gpfs/tardis/home/xpz5km/Cahn_Hilliard_Model_HPC/spinodal_decomp/compare_L2_error.py , Line : 86, Func.Name : compare_L2_error_at_timepoint, Message : snapshot_NMG = read_specific_lines(f"{root}/{NMG_fname}", line_list)', 'File : /sfs/gpfs/tardis/home/xpz5km/Cahn_Hilliard_Model_HPC/spinodal_decomp/compare_L2_error.py , Line : 21, Func.Name : read_specific_lines, Message : digits.append(float(i))']
Python,2000,128,neumann,2000,2000,25p not recorded; dt_out too large.
Python,20,64,periodic,1,1,75p
NMG_Python_20_dt_5.50e-06_Nx_64_periodic_dtout_175pphi.csv
Exception type : TypeError 
Exception message : float() argument must be a string or a real number, not 'complex'
Stack trace : ['File : /sfs/gpfs/tardis/home/xpz5km/Cahn_Hilliard_Model_HPC/spinodal_decomp/compare_L2_error.py , Line : 86, Func.Name : compare_L2_error_at_timepoint, Message : snapshot_NMG = read_specific_lines(f"{root}/{NMG_fname}", line_list)', 'File : /sfs/gpfs/tardis/home/xpz5km/Cahn_Hilliard_Model_HPC/spinodal_decomp/compare_L2_error.py , Line : 21, Func.Name : read_specific_lines, Message : digits.append(float(i))']
Python,20,256,periodic,1,1,50p
NMG_Python_20_dt_5.50e-06_Nx_256_periodic_dtout_150pphi.csv
Exception type : TypeError 
Exception message : float() argument must be a string or a real number, not 'complex'
Stack trace : ['File : /sfs/gpfs/tardis/home/xpz5km/Cahn_Hilliard_Model_HPC/spinodal_decomp/compare_L2_error.py , Line : 86, Func.Name : compare_L2_error_at_timepoint, Message : snapshot_NMG = read_specific_lines(f"{root}/{NMG_fname}", line_list)', 'File : /sfs/gpfs/tardis/home/xpz5km/Cahn_Hilliard_Model_HPC/spinodal_decomp/compare_L2_error.py , Line : 21, Func.Name : read_specific_lines, Message : digits.append(float(i))']
Python,20,128,neumann,1,1,75p
NMG_Python_20_dt_5.50e-06_Nx_128_neumann_dtout_175pphi.csv
Exception type : TypeError 
Exception message : float() argument must be a string or a real number, not 'complex'
Stack trace : ['File : /sfs/gpfs/tardis/home/xpz5km/Cahn_Hilliard_Model_HPC/spinodal_decomp/compare_L2_error.py , Line : 86, Func.Name : compare_L2_error_at_timepoint, Message : snapshot_NMG = read_specific_lines(f"{root}/{NMG_fname}", line_list)', 'File : /sfs/gpfs/tardis/home/xpz5km/Cahn_Hilliard_Model_HPC/spinodal_decomp/compare_L2_error.py , Line : 21, Func.Name : read_specific_lines, Message : digits.append(float(i))']
Python,20,64,neumann,1,1,50p
NMG_Python_20_dt_5.50e-06_Nx_64_neumann_dtout_150pphi.csv
Exception type : TypeError 
Exception message : float() argument must be a string or a real number, not 'complex'
Stack trace : ['File : /sfs/gpfs/tardis/home/xpz5km/Cahn_Hilliard_Model_HPC/spinodal_decomp/compare_L2_error.py , Line : 86, Func.Name : compare_L2_error_at_timepoint, Message : snapshot_NMG = read_specific_lines(f"{root}/{NMG_fname}", line_list)', 'File : /sfs/gpfs/tardis/home/xpz5km/Cahn_Hilliard_Model_HPC/spinodal_decomp/compare_L2_error.py , Line : 21, Func.Name : read_specific_lines, Message : digits.append(float(i))']
Python,20,256,neumann,1,1,50p
NMG_Python_20_dt_5.50e-06_Nx_256_neumann_dtout_150pphi.csv
Exception type : TypeError 
Exception message : float() argument must be a string or a real number, not 'complex'
Stack trace : ['File : /sfs/gpfs/tardis/home/xpz5km/Cahn_Hilliard_Model_HPC/spinodal_decomp/compare_L2_error.py , Line : 86, Func.Name : compare_L2_error_at_timepoint, Message : snapshot_NMG = read_specific_lines(f"{root}/{NMG_fname}", line_list)', 'File : /sfs/gpfs/tardis/home/xpz5km/Cahn_Hilliard_Model_HPC/spinodal_decomp/compare_L2_error.py , Line : 21, Func.Name : read_specific_lines, Message : digits.append(float(i))']
Python,20,512,neumann,1,1,25p
NMG_Python_20_dt_5.50e-06_Nx_512_neumann_dtout_125pphi.csv
Exception type : TypeError 
Exception message : float() argument must be a string or a real number, not 'complex'
Stack trace : ['File : /sfs/gpfs/tardis/home/xpz5km/Cahn_Hilliard_Model_HPC/spinodal_decomp/compare_L2_error.py , Line : 86, Func.Name : compare_L2_error_at_timepoint, Message : snapshot_NMG = read_specific_lines(f"{root}/{NMG_fname}", line_list)', 'File : /sfs/gpfs/tardis/home/xpz5km/Cahn_Hilliard_Model_HPC/spinodal_decomp/compare_L2_error.py , Line : 21, Func.Name : read_specific_lines, Message : digits.append(float(i))']
Python,2000,128,neumann,2000,2000,50p not recorded; dt_out too large.
Python,2000,512,periodic,2000,2000,50p not recorded; dt_out too large.
Python,20,256,neumann,1,1,75p
NMG_Python_20_dt_5.50e-06_Nx_256_neumann_dtout_175pphi.csv
Exception type : TypeError 
Exception message : float() argument must be a string or a real number, not 'complex'
Stack trace : ['File : /sfs/gpfs/tardis/home/xpz5km/Cahn_Hilliard_Model_HPC/spinodal_decomp/compare_L2_error.py , Line : 86, Func.Name : compare_L2_error_at_timepoint, Message : snapshot_NMG = read_specific_lines(f"{root}/{NMG_fname}", line_list)', 'File : /sfs/gpfs/tardis/home/xpz5km/Cahn_Hilliard_Model_HPC/spinodal_decomp/compare_L2_error.py , Line : 21, Func.Name : read_specific_lines, Message : digits.append(float(i))']
Python,20,128,neumann,20,20,50p
NMG_Python_20_dt_5.50e-06_Nx_128_neumann_dtout_2050pphi.csv
Exception type : TypeError 
Exception message : float() argument must be a string or a real number, not 'complex'
Stack trace : ['File : /sfs/gpfs/tardis/home/xpz5km/Cahn_Hilliard_Model_HPC/spinodal_decomp/compare_L2_error.py , Line : 86, Func.Name : compare_L2_error_at_timepoint, Message : snapshot_NMG = read_specific_lines(f"{root}/{NMG_fname}", line_list)', 'File : /sfs/gpfs/tardis/home/xpz5km/Cahn_Hilliard_Model_HPC/spinodal_decomp/compare_L2_error.py , Line : 21, Func.Name : read_specific_lines, Message : digits.append(float(i))']
Python,20,128,periodic,1,1,50p
NMG_Python_20_dt_5.50e-06_Nx_128_periodic_dtout_150pphi.csv
Exception type : TypeError 
Exception message : float() argument must be a string or a real number, not 'complex'
Stack trace : ['File : /sfs/gpfs/tardis/home/xpz5km/Cahn_Hilliard_Model_HPC/spinodal_decomp/compare_L2_error.py , Line : 86, Func.Name : compare_L2_error_at_timepoint, Message : snapshot_NMG = read_specific_lines(f"{root}/{NMG_fname}", line_list)', 'File : /sfs/gpfs/tardis/home/xpz5km/Cahn_Hilliard_Model_HPC/spinodal_decomp/compare_L2_error.py , Line : 21, Func.Name : read_specific_lines, Message : digits.append(float(i))']
Python,20,256,neumann,1,1,25p
NMG_Python_20_dt_5.50e-06_Nx_256_neumann_dtout_125pphi.csv
Exception type : TypeError 
Exception message : float() argument must be a string or a real number, not 'complex'
Stack trace : ['File : /sfs/gpfs/tardis/home/xpz5km/Cahn_Hilliard_Model_HPC/spinodal_decomp/compare_L2_error.py , Line : 86, Func.Name : compare_L2_error_at_timepoint, Message : snapshot_NMG = read_specific_lines(f"{root}/{NMG_fname}", line_list)', 'File : /sfs/gpfs/tardis/home/xpz5km/Cahn_Hilliard_Model_HPC/spinodal_decomp/compare_L2_error.py , Line : 21, Func.Name : read_specific_lines, Message : digits.append(float(i))']
Python,20,64,neumann,1,1,75p
NMG_Python_20_dt_5.50e-06_Nx_64_neumann_dtout_175pphi.csv
Exception type : TypeError 
Exception message : float() argument must be a string or a real number, not 'complex'
Stack trace : ['File : /sfs/gpfs/tardis/home/xpz5km/Cahn_Hilliard_Model_HPC/spinodal_decomp/compare_L2_error.py , Line : 86, Func.Name : compare_L2_error_at_timepoint, Message : snapshot_NMG = read_specific_lines(f"{root}/{NMG_fname}", line_list)', 'File : /sfs/gpfs/tardis/home/xpz5km/Cahn_Hilliard_Model_HPC/spinodal_decomp/compare_L2_error.py , Line : 21, Func.Name : read_specific_lines, Message : digits.append(float(i))']
Python,20,256,periodic,1,1,25p
NMG_Python_20_dt_5.50e-06_Nx_256_periodic_dtout_125pphi.csv
Exception type : TypeError 
Exception message : float() argument must be a string or a real number, not 'complex'
Stack trace : ['File : /sfs/gpfs/tardis/home/xpz5km/Cahn_Hilliard_Model_HPC/spinodal_decomp/compare_L2_error.py , Line : 86, Func.Name : compare_L2_error_at_timepoint, Message : snapshot_NMG = read_specific_lines(f"{root}/{NMG_fname}", line_list)', 'File : /sfs/gpfs/tardis/home/xpz5km/Cahn_Hilliard_Model_HPC/spinodal_decomp/compare_L2_error.py , Line : 21, Func.Name : read_specific_lines, Message : digits.append(float(i))']
Python,20,64,periodic,20,20,25p
NMG_Python_20_dt_5.50e-06_Nx_64_periodic_dtout_2025pphi.csv
Exception type : TypeError 
Exception message : float() argument must be a string or a real number, not 'complex'
Stack trace : ['File : /sfs/gpfs/tardis/home/xpz5km/Cahn_Hilliard_Model_HPC/spinodal_decomp/compare_L2_error.py , Line : 86, Func.Name : compare_L2_error_at_timepoint, Message : snapshot_NMG = read_specific_lines(f"{root}/{NMG_fname}", line_list)', 'File : /sfs/gpfs/tardis/home/xpz5km/Cahn_Hilliard_Model_HPC/spinodal_decomp/compare_L2_error.py , Line : 21, Func.Name : read_specific_lines, Message : digits.append(float(i))']
Python,20,512,periodic,1,1,50p
NMG_Python_20_dt_5.50e-06_Nx_512_periodic_dtout_150pphi.csv
Exception type : TypeError 
Exception message : float() argument must be a string or a real number, not 'complex'
Stack trace : ['File : /sfs/gpfs/tardis/home/xpz5km/Cahn_Hilliard_Model_HPC/spinodal_decomp/compare_L2_error.py , Line : 86, Func.Name : compare_L2_error_at_timepoint, Message : snapshot_NMG = read_specific_lines(f"{root}/{NMG_fname}", line_list)', 'File : /sfs/gpfs/tardis/home/xpz5km/Cahn_Hilliard_Model_HPC/spinodal_decomp/compare_L2_error.py , Line : 21, Func.Name : read_specific_lines, Message : digits.append(float(i))']
Python,2000,512,neumann,2000,2000,50p not recorded; dt_out too large.
Python,2000,512,neumann,2000,2000,75p not recorded; dt_out too large.
Python,20,512,periodic,20,20,25p
NMG_Python_20_dt_5.50e-06_Nx_512_periodic_dtout_2025pphi.csv
Exception type : TypeError 
Exception message : float() argument must be a string or a real number, not 'complex'
Stack trace : ['File : /sfs/gpfs/tardis/home/xpz5km/Cahn_Hilliard_Model_HPC/spinodal_decomp/compare_L2_error.py , Line : 86, Func.Name : compare_L2_error_at_timepoint, Message : snapshot_NMG = read_specific_lines(f"{root}/{NMG_fname}", line_list)', 'File : /sfs/gpfs/tardis/home/xpz5km/Cahn_Hilliard_Model_HPC/spinodal_decomp/compare_L2_error.py , Line : 21, Func.Name : read_specific_lines, Message : digits.append(float(i))']
Python,20,64,neumann,20,20,50p
NMG_Python_20_dt_5.50e-06_Nx_64_neumann_dtout_2050pphi.csv
Exception type : TypeError 
Exception message : float() argument must be a string or a real number, not 'complex'
Stack trace : ['File : /sfs/gpfs/tardis/home/xpz5km/Cahn_Hilliard_Model_HPC/spinodal_decomp/compare_L2_error.py , Line : 86, Func.Name : compare_L2_error_at_timepoint, Message : snapshot_NMG = read_specific_lines(f"{root}/{NMG_fname}", line_list)', 'File : /sfs/gpfs/tardis/home/xpz5km/Cahn_Hilliard_Model_HPC/spinodal_decomp/compare_L2_error.py , Line : 21, Func.Name : read_specific_lines, Message : digits.append(float(i))']
Python,20,128,neumann,20,20,75p
NMG_Python_20_dt_5.50e-06_Nx_128_neumann_dtout_2075pphi.csv
Exception type : TypeError 
Exception message : float() argument must be a string or a real number, not 'complex'
Stack trace : ['File : /sfs/gpfs/tardis/home/xpz5km/Cahn_Hilliard_Model_HPC/spinodal_decomp/compare_L2_error.py , Line : 86, Func.Name : compare_L2_error_at_timepoint, Message : snapshot_NMG = read_specific_lines(f"{root}/{NMG_fname}", line_list)', 'File : /sfs/gpfs/tardis/home/xpz5km/Cahn_Hilliard_Model_HPC/spinodal_decomp/compare_L2_error.py , Line : 21, Func.Name : read_specific_lines, Message : digits.append(float(i))']
Python,20,64,neumann,1,1,25p
NMG_Python_20_dt_5.50e-06_Nx_64_neumann_dtout_125pphi.csv
Exception type : TypeError 
Exception message : float() argument must be a string or a real number, not 'complex'
Stack trace : ['File : /sfs/gpfs/tardis/home/xpz5km/Cahn_Hilliard_Model_HPC/spinodal_decomp/compare_L2_error.py , Line : 86, Func.Name : compare_L2_error_at_timepoint, Message : snapshot_NMG = read_specific_lines(f"{root}/{NMG_fname}", line_list)', 'File : /sfs/gpfs/tardis/home/xpz5km/Cahn_Hilliard_Model_HPC/spinodal_decomp/compare_L2_error.py , Line : 21, Func.Name : read_specific_lines, Message : digits.append(float(i))']
Python,2000,64,neumann,2000,2000,25p not recorded; dt_out too large.
Python,20,512,periodic,1,1,25p
NMG_Python_20_dt_5.50e-06_Nx_512_periodic_dtout_125pphi.csv
Exception type : TypeError 
Exception message : float() argument must be a string or a real number, not 'complex'
Stack trace : ['File : /sfs/gpfs/tardis/home/xpz5km/Cahn_Hilliard_Model_HPC/spinodal_decomp/compare_L2_error.py , Line : 86, Func.Name : compare_L2_error_at_timepoint, Message : snapshot_NMG = read_specific_lines(f"{root}/{NMG_fname}", line_list)', 'File : /sfs/gpfs/tardis/home/xpz5km/Cahn_Hilliard_Model_HPC/spinodal_decomp/compare_L2_error.py , Line : 21, Func.Name : read_specific_lines, Message : digits.append(float(i))']
Python,2000,128,periodic,2000,2000,25p not recorded; dt_out too large.
Python,20,512,periodic,20,20,50p
NMG_Python_20_dt_5.50e-06_Nx_512_periodic_dtout_2050pphi.csv
Exception type : TypeError 
Exception message : float() argument must be a string or a real number, not 'complex'
Stack trace : ['File : /sfs/gpfs/tardis/home/xpz5km/Cahn_Hilliard_Model_HPC/spinodal_decomp/compare_L2_error.py , Line : 86, Func.Name : compare_L2_error_at_timepoint, Message : snapshot_NMG = read_specific_lines(f"{root}/{NMG_fname}", line_list)', 'File : /sfs/gpfs/tardis/home/xpz5km/Cahn_Hilliard_Model_HPC/spinodal_decomp/compare_L2_error.py , Line : 21, Func.Name : read_specific_lines, Message : digits.append(float(i))']
Python,2000,512,periodic,2000,2000,75p not recorded; dt_out too large.
Python,20,128,periodic,1,1,75p
NMG_Python_20_dt_5.50e-06_Nx_128_periodic_dtout_175pphi.csv
Exception type : TypeError 
Exception message : float() argument must be a string or a real number, not 'complex'
Stack trace : ['File : /sfs/gpfs/tardis/home/xpz5km/Cahn_Hilliard_Model_HPC/spinodal_decomp/compare_L2_error.py , Line : 86, Func.Name : compare_L2_error_at_timepoint, Message : snapshot_NMG = read_specific_lines(f"{root}/{NMG_fname}", line_list)', 'File : /sfs/gpfs/tardis/home/xpz5km/Cahn_Hilliard_Model_HPC/spinodal_decomp/compare_L2_error.py , Line : 21, Func.Name : read_specific_lines, Message : digits.append(float(i))']
Python,20,512,periodic,1,1,75p
NMG_Python_20_dt_5.50e-06_Nx_512_periodic_dtout_175pphi.csv
Exception type : TypeError 
Exception message : float() argument must be a string or a real number, not 'complex'
Stack trace : ['File : /sfs/gpfs/tardis/home/xpz5km/Cahn_Hilliard_Model_HPC/spinodal_decomp/compare_L2_error.py , Line : 86, Func.Name : compare_L2_error_at_timepoint, Message : snapshot_NMG = read_specific_lines(f"{root}/{NMG_fname}", line_list)', 'File : /sfs/gpfs/tardis/home/xpz5km/Cahn_Hilliard_Model_HPC/spinodal_decomp/compare_L2_error.py , Line : 21, Func.Name : read_specific_lines, Message : digits.append(float(i))']
Python,20,128,neumann,1,1,50p
NMG_Python_20_dt_5.50e-06_Nx_128_neumann_dtout_150pphi.csv
Exception type : TypeError 
Exception message : float() argument must be a string or a real number, not 'complex'
Stack trace : ['File : /sfs/gpfs/tardis/home/xpz5km/Cahn_Hilliard_Model_HPC/spinodal_decomp/compare_L2_error.py , Line : 86, Func.Name : compare_L2_error_at_timepoint, Message : snapshot_NMG = read_specific_lines(f"{root}/{NMG_fname}", line_list)', 'File : /sfs/gpfs/tardis/home/xpz5km/Cahn_Hilliard_Model_HPC/spinodal_decomp/compare_L2_error.py , Line : 21, Func.Name : read_specific_lines, Message : digits.append(float(i))']
Python,2000,64,periodic,2000,2000,25p not recorded; dt_out too large.
Python,20,128,periodic,20,20,75p
NMG_Python_20_dt_5.50e-06_Nx_128_periodic_dtout_2075pphi.csv
Exception type : TypeError 
Exception message : float() argument must be a string or a real number, not 'complex'
Stack trace : ['File : /sfs/gpfs/tardis/home/xpz5km/Cahn_Hilliard_Model_HPC/spinodal_decomp/compare_L2_error.py , Line : 86, Func.Name : compare_L2_error_at_timepoint, Message : snapshot_NMG = read_specific_lines(f"{root}/{NMG_fname}", line_list)', 'File : /sfs/gpfs/tardis/home/xpz5km/Cahn_Hilliard_Model_HPC/spinodal_decomp/compare_L2_error.py , Line : 21, Func.Name : read_specific_lines, Message : digits.append(float(i))']
Python,2000,64,neumann,2000,2000,50p not recorded; dt_out too large.
Python,2000,128,periodic,2000,2000,50p not recorded; dt_out too large.
Python,20,256,periodic,20,20,75p
NMG_Python_20_dt_5.50e-06_Nx_256_periodic_dtout_2075pphi.csv
Exception type : TypeError 
Exception message : float() argument must be a string or a real number, not 'complex'
Stack trace : ['File : /sfs/gpfs/tardis/home/xpz5km/Cahn_Hilliard_Model_HPC/spinodal_decomp/compare_L2_error.py , Line : 86, Func.Name : compare_L2_error_at_timepoint, Message : snapshot_NMG = read_specific_lines(f"{root}/{NMG_fname}", line_list)', 'File : /sfs/gpfs/tardis/home/xpz5km/Cahn_Hilliard_Model_HPC/spinodal_decomp/compare_L2_error.py , Line : 21, Func.Name : read_specific_lines, Message : digits.append(float(i))']
Python,20,512,neumann,1,1,75p
NMG_Python_20_dt_5.50e-06_Nx_512_neumann_dtout_175pphi.csv
Exception type : TypeError 
Exception message : float() argument must be a string or a real number, not 'complex'
Stack trace : ['File : /sfs/gpfs/tardis/home/xpz5km/Cahn_Hilliard_Model_HPC/spinodal_decomp/compare_L2_error.py , Line : 86, Func.Name : compare_L2_error_at_timepoint, Message : snapshot_NMG = read_specific_lines(f"{root}/{NMG_fname}", line_list)', 'File : /sfs/gpfs/tardis/home/xpz5km/Cahn_Hilliard_Model_HPC/spinodal_decomp/compare_L2_error.py , Line : 21, Func.Name : read_specific_lines, Message : digits.append(float(i))']
Python,20,64,neumann,20,20,25p
NMG_Python_20_dt_5.50e-06_Nx_64_neumann_dtout_2025pphi.csv
Exception type : TypeError 
Exception message : float() argument must be a string or a real number, not 'complex'
Stack trace : ['File : /sfs/gpfs/tardis/home/xpz5km/Cahn_Hilliard_Model_HPC/spinodal_decomp/compare_L2_error.py , Line : 86, Func.Name : compare_L2_error_at_timepoint, Message : snapshot_NMG = read_specific_lines(f"{root}/{NMG_fname}", line_list)', 'File : /sfs/gpfs/tardis/home/xpz5km/Cahn_Hilliard_Model_HPC/spinodal_decomp/compare_L2_error.py , Line : 21, Func.Name : read_specific_lines, Message : digits.append(float(i))']
Python,20,64,neumann,20,20,75p
NMG_Python_20_dt_5.50e-06_Nx_64_neumann_dtout_2075pphi.csv
Exception type : TypeError 
Exception message : float() argument must be a string or a real number, not 'complex'
Stack trace : ['File : /sfs/gpfs/tardis/home/xpz5km/Cahn_Hilliard_Model_HPC/spinodal_decomp/compare_L2_error.py , Line : 86, Func.Name : compare_L2_error_at_timepoint, Message : snapshot_NMG = read_specific_lines(f"{root}/{NMG_fname}", line_list)', 'File : /sfs/gpfs/tardis/home/xpz5km/Cahn_Hilliard_Model_HPC/spinodal_decomp/compare_L2_error.py , Line : 21, Func.Name : read_specific_lines, Message : digits.append(float(i))']
Python,2000,64,periodic,2000,2000,50p not recorded; dt_out too large.
Python,20,512,periodic,20,20,75p
NMG_Python_20_dt_5.50e-06_Nx_512_periodic_dtout_2075pphi.csv
Exception type : TypeError 
Exception message : float() argument must be a string or a real number, not 'complex'
Stack trace : ['File : /sfs/gpfs/tardis/home/xpz5km/Cahn_Hilliard_Model_HPC/spinodal_decomp/compare_L2_error.py , Line : 86, Func.Name : compare_L2_error_at_timepoint, Message : snapshot_NMG = read_specific_lines(f"{root}/{NMG_fname}", line_list)', 'File : /sfs/gpfs/tardis/home/xpz5km/Cahn_Hilliard_Model_HPC/spinodal_decomp/compare_L2_error.py , Line : 21, Func.Name : read_specific_lines, Message : digits.append(float(i))']
Python,20,512,neumann,20,20,25p
NMG_Python_20_dt_5.50e-06_Nx_512_neumann_dtout_2025pphi.csv
Exception type : TypeError 
Exception message : float() argument must be a string or a real number, not 'complex'
Stack trace : ['File : /sfs/gpfs/tardis/home/xpz5km/Cahn_Hilliard_Model_HPC/spinodal_decomp/compare_L2_error.py , Line : 86, Func.Name : compare_L2_error_at_timepoint, Message : snapshot_NMG = read_specific_lines(f"{root}/{NMG_fname}", line_list)', 'File : /sfs/gpfs/tardis/home/xpz5km/Cahn_Hilliard_Model_HPC/spinodal_decomp/compare_L2_error.py , Line : 21, Func.Name : read_specific_lines, Message : digits.append(float(i))']
Python,20,512,neumann,1,1,50p
NMG_Python_20_dt_5.50e-06_Nx_512_neumann_dtout_150pphi.csv
Exception type : TypeError 
Exception message : float() argument must be a string or a real number, not 'complex'
Stack trace : ['File : /sfs/gpfs/tardis/home/xpz5km/Cahn_Hilliard_Model_HPC/spinodal_decomp/compare_L2_error.py , Line : 86, Func.Name : compare_L2_error_at_timepoint, Message : snapshot_NMG = read_specific_lines(f"{root}/{NMG_fname}", line_list)', 'File : /sfs/gpfs/tardis/home/xpz5km/Cahn_Hilliard_Model_HPC/spinodal_decomp/compare_L2_error.py , Line : 21, Func.Name : read_specific_lines, Message : digits.append(float(i))']
Python,20,64,periodic,1,1,25p
NMG_Python_20_dt_5.50e-06_Nx_64_periodic_dtout_125pphi.csv
Exception type : TypeError 
Exception message : float() argument must be a string or a real number, not 'complex'
Stack trace : ['File : /sfs/gpfs/tardis/home/xpz5km/Cahn_Hilliard_Model_HPC/spinodal_decomp/compare_L2_error.py , Line : 86, Func.Name : compare_L2_error_at_timepoint, Message : snapshot_NMG = read_specific_lines(f"{root}/{NMG_fname}", line_list)', 'File : /sfs/gpfs/tardis/home/xpz5km/Cahn_Hilliard_Model_HPC/spinodal_decomp/compare_L2_error.py , Line : 21, Func.Name : read_specific_lines, Message : digits.append(float(i))']
Python,2000,128,neumann,2000,2000,75p not recorded; dt_out too large.
Python,20,128,periodic,20,20,50p
NMG_Python_20_dt_5.50e-06_Nx_128_periodic_dtout_2050pphi.csv
Exception type : TypeError 
Exception message : float() argument must be a string or a real number, not 'complex'
Stack trace : ['File : /sfs/gpfs/tardis/home/xpz5km/Cahn_Hilliard_Model_HPC/spinodal_decomp/compare_L2_error.py , Line : 86, Func.Name : compare_L2_error_at_timepoint, Message : snapshot_NMG = read_specific_lines(f"{root}/{NMG_fname}", line_list)', 'File : /sfs/gpfs/tardis/home/xpz5km/Cahn_Hilliard_Model_HPC/spinodal_decomp/compare_L2_error.py , Line : 21, Func.Name : read_specific_lines, Message : digits.append(float(i))']
Python,20,256,periodic,20,20,50p
NMG_Python_20_dt_5.50e-06_Nx_256_periodic_dtout_2050pphi.csv
Exception type : TypeError 
Exception message : float() argument must be a string or a real number, not 'complex'
Stack trace : ['File : /sfs/gpfs/tardis/home/xpz5km/Cahn_Hilliard_Model_HPC/spinodal_decomp/compare_L2_error.py , Line : 86, Func.Name : compare_L2_error_at_timepoint, Message : snapshot_NMG = read_specific_lines(f"{root}/{NMG_fname}", line_list)', 'File : /sfs/gpfs/tardis/home/xpz5km/Cahn_Hilliard_Model_HPC/spinodal_decomp/compare_L2_error.py , Line : 21, Func.Name : read_specific_lines, Message : digits.append(float(i))']
Python,2000,256,neumann,2000,2000,50p not recorded; dt_out too large.
Python,20,64,periodic,20,20,50p
NMG_Python_20_dt_5.50e-06_Nx_64_periodic_dtout_2050pphi.csv
Exception type : TypeError 
Exception message : float() argument must be a string or a real number, not 'complex'
Stack trace : ['File : /sfs/gpfs/tardis/home/xpz5km/Cahn_Hilliard_Model_HPC/spinodal_decomp/compare_L2_error.py , Line : 86, Func.Name : compare_L2_error_at_timepoint, Message : snapshot_NMG = read_specific_lines(f"{root}/{NMG_fname}", line_list)', 'File : /sfs/gpfs/tardis/home/xpz5km/Cahn_Hilliard_Model_HPC/spinodal_decomp/compare_L2_error.py , Line : 21, Func.Name : read_specific_lines, Message : digits.append(float(i))']
Python,2000,512,neumann,2000,2000,25p not recorded; dt_out too large.
Python,20,512,neumann,20,20,75p
NMG_Python_20_dt_5.50e-06_Nx_512_neumann_dtout_2075pphi.csv
Exception type : TypeError 
Exception message : float() argument must be a string or a real number, not 'complex'
Stack trace : ['File : /sfs/gpfs/tardis/home/xpz5km/Cahn_Hilliard_Model_HPC/spinodal_decomp/compare_L2_error.py , Line : 86, Func.Name : compare_L2_error_at_timepoint, Message : snapshot_NMG = read_specific_lines(f"{root}/{NMG_fname}", line_list)', 'File : /sfs/gpfs/tardis/home/xpz5km/Cahn_Hilliard_Model_HPC/spinodal_decomp/compare_L2_error.py , Line : 21, Func.Name : read_specific_lines, Message : digits.append(float(i))']
Python,20,256,neumann,20,20,25p
NMG_Python_20_dt_5.50e-06_Nx_256_neumann_dtout_2025pphi.csv
Exception type : TypeError 
Exception message : float() argument must be a string or a real number, not 'complex'
Stack trace : ['File : /sfs/gpfs/tardis/home/xpz5km/Cahn_Hilliard_Model_HPC/spinodal_decomp/compare_L2_error.py , Line : 86, Func.Name : compare_L2_error_at_timepoint, Message : snapshot_NMG = read_specific_lines(f"{root}/{NMG_fname}", line_list)', 'File : /sfs/gpfs/tardis/home/xpz5km/Cahn_Hilliard_Model_HPC/spinodal_decomp/compare_L2_error.py , Line : 21, Func.Name : read_specific_lines, Message : digits.append(float(i))']
Python,2000,64,neumann,2000,2000,75p not recorded; dt_out too large.
Python,20,128,neumann,20,20,25p
NMG_Python_20_dt_5.50e-06_Nx_128_neumann_dtout_2025pphi.csv
Exception type : TypeError 
Exception message : float() argument must be a string or a real number, not 'complex'
Stack trace : ['File : /sfs/gpfs/tardis/home/xpz5km/Cahn_Hilliard_Model_HPC/spinodal_decomp/compare_L2_error.py , Line : 86, Func.Name : compare_L2_error_at_timepoint, Message : snapshot_NMG = read_specific_lines(f"{root}/{NMG_fname}", line_list)', 'File : /sfs/gpfs/tardis/home/xpz5km/Cahn_Hilliard_Model_HPC/spinodal_decomp/compare_L2_error.py , Line : 21, Func.Name : read_specific_lines, Message : digits.append(float(i))']
Python,20,64,periodic,20,20,75p
NMG_Python_20_dt_5.50e-06_Nx_64_periodic_dtout_2075pphi.csv
Exception type : TypeError 
Exception message : float() argument must be a string or a real number, not 'complex'
Stack trace : ['File : /sfs/gpfs/tardis/home/xpz5km/Cahn_Hilliard_Model_HPC/spinodal_decomp/compare_L2_error.py , Line : 86, Func.Name : compare_L2_error_at_timepoint, Message : snapshot_NMG = read_specific_lines(f"{root}/{NMG_fname}", line_list)', 'File : /sfs/gpfs/tardis/home/xpz5km/Cahn_Hilliard_Model_HPC/spinodal_decomp/compare_L2_error.py , Line : 21, Func.Name : read_specific_lines, Message : digits.append(float(i))']
Python,20,256,periodic,1,1,75p
NMG_Python_20_dt_5.50e-06_Nx_256_periodic_dtout_175pphi.csv
Exception type : TypeError 
Exception message : float() argument must be a string or a real number, not 'complex'
Stack trace : ['File : /sfs/gpfs/tardis/home/xpz5km/Cahn_Hilliard_Model_HPC/spinodal_decomp/compare_L2_error.py , Line : 86, Func.Name : compare_L2_error_at_timepoint, Message : snapshot_NMG = read_specific_lines(f"{root}/{NMG_fname}", line_list)', 'File : /sfs/gpfs/tardis/home/xpz5km/Cahn_Hilliard_Model_HPC/spinodal_decomp/compare_L2_error.py , Line : 21, Func.Name : read_specific_lines, Message : digits.append(float(i))']
Python,20,64,periodic,1,1,50p
NMG_Python_20_dt_5.50e-06_Nx_64_periodic_dtout_150pphi.csv
Exception type : TypeError 
Exception message : float() argument must be a string or a real number, not 'complex'
Stack trace : ['File : /sfs/gpfs/tardis/home/xpz5km/Cahn_Hilliard_Model_HPC/spinodal_decomp/compare_L2_error.py , Line : 86, Func.Name : compare_L2_error_at_timepoint, Message : snapshot_NMG = read_specific_lines(f"{root}/{NMG_fname}", line_list)', 'File : /sfs/gpfs/tardis/home/xpz5km/Cahn_Hilliard_Model_HPC/spinodal_decomp/compare_L2_error.py , Line : 21, Func.Name : read_specific_lines, Message : digits.append(float(i))']
Python,20,128,periodic,1,1,25p
NMG_Python_20_dt_5.50e-06_Nx_128_periodic_dtout_125pphi.csv
Exception type : TypeError 
Exception message : float() argument must be a string or a real number, not 'complex'
Stack trace : ['File : /sfs/gpfs/tardis/home/xpz5km/Cahn_Hilliard_Model_HPC/spinodal_decomp/compare_L2_error.py , Line : 86, Func.Name : compare_L2_error_at_timepoint, Message : snapshot_NMG = read_specific_lines(f"{root}/{NMG_fname}", line_list)', 'File : /sfs/gpfs/tardis/home/xpz5km/Cahn_Hilliard_Model_HPC/spinodal_decomp/compare_L2_error.py , Line : 21, Func.Name : read_specific_lines, Message : digits.append(float(i))']
18
Python,20,256,neumann,20,20,75p
NMG_Python_20_dt_5.50e-06_Nx_256_neumann_dtout_2075pphi.csv
Exception type : TypeError 
Exception message : float() argument must be a string or a real number, not 'complex'
Stack trace : ['File : /sfs/gpfs/tardis/home/xpz5km/Cahn_Hilliard_Model_HPC/spinodal_decomp/compare_L2_error.py , Line : 86, Func.Name : compare_L2_error_at_timepoint, Message : snapshot_NMG = read_specific_lines(f"{root}/{NMG_fname}", line_list)', 'File : /sfs/gpfs/tardis/home/xpz5km/Cahn_Hilliard_Model_HPC/spinodal_decomp/compare_L2_error.py , Line : 21, Func.Name : read_specific_lines, Message : digits.append(float(i))']
Python,2000,256,neumann,2000,2000,25p not recorded; dt_out too large.
Python,20,128,periodic,20,20,25p
NMG_Python_20_dt_5.50e-06_Nx_128_periodic_dtout_2025pphi.csv
Exception type : TypeError 
Exception message : float() argument must be a string or a real number, not 'complex'
Stack trace : ['File : /sfs/gpfs/tardis/home/xpz5km/Cahn_Hilliard_Model_HPC/spinodal_decomp/compare_L2_error.py , Line : 86, Func.Name : compare_L2_error_at_timepoint, Message : snapshot_NMG = read_specific_lines(f"{root}/{NMG_fname}", line_list)', 'File : /sfs/gpfs/tardis/home/xpz5km/Cahn_Hilliard_Model_HPC/spinodal_decomp/compare_L2_error.py , Line : 21, Func.Name : read_specific_lines, Message : digits.append(float(i))']
Python,2000,256,periodic,2000,2000,50p not recorded; dt_out too large.
Python,20,256,periodic,20,20,25p
NMG_Python_20_dt_5.50e-06_Nx_256_periodic_dtout_2025pphi.csv
Exception type : TypeError 
Exception message : float() argument must be a string or a real number, not 'complex'
Stack trace : ['File : /sfs/gpfs/tardis/home/xpz5km/Cahn_Hilliard_Model_HPC/spinodal_decomp/compare_L2_error.py , Line : 86, Func.Name : compare_L2_error_at_timepoint, Message : snapshot_NMG = read_specific_lines(f"{root}/{NMG_fname}", line_list)', 'File : /sfs/gpfs/tardis/home/xpz5km/Cahn_Hilliard_Model_HPC/spinodal_decomp/compare_L2_error.py , Line : 21, Func.Name : read_specific_lines, Message : digits.append(float(i))']
Python,20,512,neumann,20,20,50p
NMG_Python_20_dt_5.50e-06_Nx_512_neumann_dtout_2050pphi.csv
Exception type : TypeError 
Exception message : float() argument must be a string or a real number, not 'complex'
Stack trace : ['File : /sfs/gpfs/tardis/home/xpz5km/Cahn_Hilliard_Model_HPC/spinodal_decomp/compare_L2_error.py , Line : 86, Func.Name : compare_L2_error_at_timepoint, Message : snapshot_NMG = read_specific_lines(f"{root}/{NMG_fname}", line_list)', 'File : /sfs/gpfs/tardis/home/xpz5km/Cahn_Hilliard_Model_HPC/spinodal_decomp/compare_L2_error.py , Line : 21, Func.Name : read_specific_lines, Message : digits.append(float(i))']
Python,2000,512,periodic,2000,2000,25p not recorded; dt_out too large.
Python,2000,64,periodic,2000,2000,75p not recorded; dt_out too large.
Python,2000,256,periodic,2000,2000,25p not recorded; dt_out too large.
Python,2000,256,neumann,2000,2000,75p not recorded; dt_out too large.
Python,2000,128,periodic,2000,2000,75p not recorded; dt_out too large.
Python,20,128,neumann,1,1,25p
NMG_Python_20_dt_5.50e-06_Nx_128_neumann_dtout_125pphi.csv
Exception type : TypeError 
Exception message : float() argument must be a string or a real number, not 'complex'
Stack trace : ['File : /sfs/gpfs/tardis/home/xpz5km/Cahn_Hilliard_Model_HPC/spinodal_decomp/compare_L2_error.py , Line : 86, Func.Name : compare_L2_error_at_timepoint, Message : snapshot_NMG = read_specific_lines(f"{root}/{NMG_fname}", line_list)', 'File : /sfs/gpfs/tardis/home/xpz5km/Cahn_Hilliard_Model_HPC/spinodal_decomp/compare_L2_error.py , Line : 21, Func.Name : read_specific_lines, Message : digits.append(float(i))']
Python,2000,256,periodic,2000,2000,75p not recorded; dt_out too large.
Python,20,256,neumann,20,20,50p
NMG_Python_20_dt_5.50e-06_Nx_256_neumann_dtout_2050pphi.csv
Exception type : TypeError 
Exception message : float() argument must be a string or a real number, not 'complex'
Stack trace : ['File : /sfs/gpfs/tardis/home/xpz5km/Cahn_Hilliard_Model_HPC/spinodal_decomp/compare_L2_error.py , Line : 86, Func.Name : compare_L2_error_at_timepoint, Message : snapshot_NMG = read_specific_lines(f"{root}/{NMG_fname}", line_list)', 'File : /sfs/gpfs/tardis/home/xpz5km/Cahn_Hilliard_Model_HPC/spinodal_decomp/compare_L2_error.py , Line : 21, Func.Name : read_specific_lines, Message : digits.append(float(i))']
Python,2000,128,neumann,2000,2000,25p not recorded; dt_out too large.
Python,20,64,periodic,1,1,75p
NMG_Python_20_dt_5.50e-06_Nx_64_periodic_dtout_175pphi.csv
Exception type : TypeError 
Exception message : float() argument must be a string or a real number, not 'complex'
Stack trace : ['File : /sfs/gpfs/tardis/home/xpz5km/Cahn_Hilliard_Model_HPC/spinodal_decomp/compare_L2_error.py , Line : 86, Func.Name : compare_L2_error_at_timepoint, Message : snapshot_NMG = read_specific_lines(f"{root}/{NMG_fname}", line_list)', 'File : /sfs/gpfs/tardis/home/xpz5km/Cahn_Hilliard_Model_HPC/spinodal_decomp/compare_L2_error.py , Line : 21, Func.Name : read_specific_lines, Message : digits.append(float(i))']
Python,20,256,periodic,1,1,50p
NMG_Python_20_dt_5.50e-06_Nx_256_periodic_dtout_150pphi.csv
Exception type : TypeError 
Exception message : float() argument must be a string or a real number, not 'complex'
Stack trace : ['File : /sfs/gpfs/tardis/home/xpz5km/Cahn_Hilliard_Model_HPC/spinodal_decomp/compare_L2_error.py , Line : 86, Func.Name : compare_L2_error_at_timepoint, Message : snapshot_NMG = read_specific_lines(f"{root}/{NMG_fname}", line_list)', 'File : /sfs/gpfs/tardis/home/xpz5km/Cahn_Hilliard_Model_HPC/spinodal_decomp/compare_L2_error.py , Line : 21, Func.Name : read_specific_lines, Message : digits.append(float(i))']
Python,20,128,neumann,1,1,75p
NMG_Python_20_dt_5.50e-06_Nx_128_neumann_dtout_175pphi.csv
Exception type : TypeError 
Exception message : float() argument must be a string or a real number, not 'complex'
Stack trace : ['File : /sfs/gpfs/tardis/home/xpz5km/Cahn_Hilliard_Model_HPC/spinodal_decomp/compare_L2_error.py , Line : 86, Func.Name : compare_L2_error_at_timepoint, Message : snapshot_NMG = read_specific_lines(f"{root}/{NMG_fname}", line_list)', 'File : /sfs/gpfs/tardis/home/xpz5km/Cahn_Hilliard_Model_HPC/spinodal_decomp/compare_L2_error.py , Line : 21, Func.Name : read_specific_lines, Message : digits.append(float(i))']
Python,20,64,neumann,1,1,50p
NMG_Python_20_dt_5.50e-06_Nx_64_neumann_dtout_150pphi.csv
Exception type : TypeError 
Exception message : float() argument must be a string or a real number, not 'complex'
Stack trace : ['File : /sfs/gpfs/tardis/home/xpz5km/Cahn_Hilliard_Model_HPC/spinodal_decomp/compare_L2_error.py , Line : 86, Func.Name : compare_L2_error_at_timepoint, Message : snapshot_NMG = read_specific_lines(f"{root}/{NMG_fname}", line_list)', 'File : /sfs/gpfs/tardis/home/xpz5km/Cahn_Hilliard_Model_HPC/spinodal_decomp/compare_L2_error.py , Line : 21, Func.Name : read_specific_lines, Message : digits.append(float(i))']
Python,20,256,neumann,1,1,50p
NMG_Python_20_dt_5.50e-06_Nx_256_neumann_dtout_150pphi.csv
Exception type : TypeError 
Exception message : float() argument must be a string or a real number, not 'complex'
Stack trace : ['File : /sfs/gpfs/tardis/home/xpz5km/Cahn_Hilliard_Model_HPC/spinodal_decomp/compare_L2_error.py , Line : 86, Func.Name : compare_L2_error_at_timepoint, Message : snapshot_NMG = read_specific_lines(f"{root}/{NMG_fname}", line_list)', 'File : /sfs/gpfs/tardis/home/xpz5km/Cahn_Hilliard_Model_HPC/spinodal_decomp/compare_L2_error.py , Line : 21, Func.Name : read_specific_lines, Message : digits.append(float(i))']
Python,20,512,neumann,1,1,25p
NMG_Python_20_dt_5.50e-06_Nx_512_neumann_dtout_125pphi.csv
Exception type : TypeError 
Exception message : float() argument must be a string or a real number, not 'complex'
Stack trace : ['File : /sfs/gpfs/tardis/home/xpz5km/Cahn_Hilliard_Model_HPC/spinodal_decomp/compare_L2_error.py , Line : 86, Func.Name : compare_L2_error_at_timepoint, Message : snapshot_NMG = read_specific_lines(f"{root}/{NMG_fname}", line_list)', 'File : /sfs/gpfs/tardis/home/xpz5km/Cahn_Hilliard_Model_HPC/spinodal_decomp/compare_L2_error.py , Line : 21, Func.Name : read_specific_lines, Message : digits.append(float(i))']
Python,2000,128,neumann,2000,2000,50p not recorded; dt_out too large.
Python,2000,512,periodic,2000,2000,50p not recorded; dt_out too large.
Python,20,256,neumann,1,1,75p
NMG_Python_20_dt_5.50e-06_Nx_256_neumann_dtout_175pphi.csv
Exception type : TypeError 
Exception message : float() argument must be a string or a real number, not 'complex'
Stack trace : ['File : /sfs/gpfs/tardis/home/xpz5km/Cahn_Hilliard_Model_HPC/spinodal_decomp/compare_L2_error.py , Line : 86, Func.Name : compare_L2_error_at_timepoint, Message : snapshot_NMG = read_specific_lines(f"{root}/{NMG_fname}", line_list)', 'File : /sfs/gpfs/tardis/home/xpz5km/Cahn_Hilliard_Model_HPC/spinodal_decomp/compare_L2_error.py , Line : 21, Func.Name : read_specific_lines, Message : digits.append(float(i))']
Python,20,128,neumann,20,20,50p
NMG_Python_20_dt_5.50e-06_Nx_128_neumann_dtout_2050pphi.csv
Exception type : TypeError 
Exception message : float() argument must be a string or a real number, not 'complex'
Stack trace : ['File : /sfs/gpfs/tardis/home/xpz5km/Cahn_Hilliard_Model_HPC/spinodal_decomp/compare_L2_error.py , Line : 86, Func.Name : compare_L2_error_at_timepoint, Message : snapshot_NMG = read_specific_lines(f"{root}/{NMG_fname}", line_list)', 'File : /sfs/gpfs/tardis/home/xpz5km/Cahn_Hilliard_Model_HPC/spinodal_decomp/compare_L2_error.py , Line : 21, Func.Name : read_specific_lines, Message : digits.append(float(i))']
Python,20,128,periodic,1,1,50p
NMG_Python_20_dt_5.50e-06_Nx_128_periodic_dtout_150pphi.csv
Exception type : TypeError 
Exception message : float() argument must be a string or a real number, not 'complex'
Stack trace : ['File : /sfs/gpfs/tardis/home/xpz5km/Cahn_Hilliard_Model_HPC/spinodal_decomp/compare_L2_error.py , Line : 86, Func.Name : compare_L2_error_at_timepoint, Message : snapshot_NMG = read_specific_lines(f"{root}/{NMG_fname}", line_list)', 'File : /sfs/gpfs/tardis/home/xpz5km/Cahn_Hilliard_Model_HPC/spinodal_decomp/compare_L2_error.py , Line : 21, Func.Name : read_specific_lines, Message : digits.append(float(i))']
Python,20,256,neumann,1,1,25p
NMG_Python_20_dt_5.50e-06_Nx_256_neumann_dtout_125pphi.csv
Exception type : TypeError 
Exception message : float() argument must be a string or a real number, not 'complex'
Stack trace : ['File : /sfs/gpfs/tardis/home/xpz5km/Cahn_Hilliard_Model_HPC/spinodal_decomp/compare_L2_error.py , Line : 86, Func.Name : compare_L2_error_at_timepoint, Message : snapshot_NMG = read_specific_lines(f"{root}/{NMG_fname}", line_list)', 'File : /sfs/gpfs/tardis/home/xpz5km/Cahn_Hilliard_Model_HPC/spinodal_decomp/compare_L2_error.py , Line : 21, Func.Name : read_specific_lines, Message : digits.append(float(i))']
Python,20,64,neumann,1,1,75p
NMG_Python_20_dt_5.50e-06_Nx_64_neumann_dtout_175pphi.csv
Exception type : TypeError 
Exception message : float() argument must be a string or a real number, not 'complex'
Stack trace : ['File : /sfs/gpfs/tardis/home/xpz5km/Cahn_Hilliard_Model_HPC/spinodal_decomp/compare_L2_error.py , Line : 86, Func.Name : compare_L2_error_at_timepoint, Message : snapshot_NMG = read_specific_lines(f"{root}/{NMG_fname}", line_list)', 'File : /sfs/gpfs/tardis/home/xpz5km/Cahn_Hilliard_Model_HPC/spinodal_decomp/compare_L2_error.py , Line : 21, Func.Name : read_specific_lines, Message : digits.append(float(i))']
Python,20,256,periodic,1,1,25p
NMG_Python_20_dt_5.50e-06_Nx_256_periodic_dtout_125pphi.csv
Exception type : TypeError 
Exception message : float() argument must be a string or a real number, not 'complex'
Stack trace : ['File : /sfs/gpfs/tardis/home/xpz5km/Cahn_Hilliard_Model_HPC/spinodal_decomp/compare_L2_error.py , Line : 86, Func.Name : compare_L2_error_at_timepoint, Message : snapshot_NMG = read_specific_lines(f"{root}/{NMG_fname}", line_list)', 'File : /sfs/gpfs/tardis/home/xpz5km/Cahn_Hilliard_Model_HPC/spinodal_decomp/compare_L2_error.py , Line : 21, Func.Name : read_specific_lines, Message : digits.append(float(i))']
Python,20,64,periodic,20,20,25p
NMG_Python_20_dt_5.50e-06_Nx_64_periodic_dtout_2025pphi.csv
Exception type : TypeError 
Exception message : float() argument must be a string or a real number, not 'complex'
Stack trace : ['File : /sfs/gpfs/tardis/home/xpz5km/Cahn_Hilliard_Model_HPC/spinodal_decomp/compare_L2_error.py , Line : 86, Func.Name : compare_L2_error_at_timepoint, Message : snapshot_NMG = read_specific_lines(f"{root}/{NMG_fname}", line_list)', 'File : /sfs/gpfs/tardis/home/xpz5km/Cahn_Hilliard_Model_HPC/spinodal_decomp/compare_L2_error.py , Line : 21, Func.Name : read_specific_lines, Message : digits.append(float(i))']
Python,20,512,periodic,1,1,50p
NMG_Python_20_dt_5.50e-06_Nx_512_periodic_dtout_150pphi.csv
Exception type : TypeError 
Exception message : float() argument must be a string or a real number, not 'complex'
Stack trace : ['File : /sfs/gpfs/tardis/home/xpz5km/Cahn_Hilliard_Model_HPC/spinodal_decomp/compare_L2_error.py , Line : 86, Func.Name : compare_L2_error_at_timepoint, Message : snapshot_NMG = read_specific_lines(f"{root}/{NMG_fname}", line_list)', 'File : /sfs/gpfs/tardis/home/xpz5km/Cahn_Hilliard_Model_HPC/spinodal_decomp/compare_L2_error.py , Line : 21, Func.Name : read_specific_lines, Message : digits.append(float(i))']
Python,2000,512,neumann,2000,2000,50p not recorded; dt_out too large.
Python,2000,512,neumann,2000,2000,75p not recorded; dt_out too large.
Python,20,512,periodic,20,20,25p
NMG_Python_20_dt_5.50e-06_Nx_512_periodic_dtout_2025pphi.csv
Exception type : TypeError 
Exception message : float() argument must be a string or a real number, not 'complex'
Stack trace : ['File : /sfs/gpfs/tardis/home/xpz5km/Cahn_Hilliard_Model_HPC/spinodal_decomp/compare_L2_error.py , Line : 86, Func.Name : compare_L2_error_at_timepoint, Message : snapshot_NMG = read_specific_lines(f"{root}/{NMG_fname}", line_list)', 'File : /sfs/gpfs/tardis/home/xpz5km/Cahn_Hilliard_Model_HPC/spinodal_decomp/compare_L2_error.py , Line : 21, Func.Name : read_specific_lines, Message : digits.append(float(i))']
Python,20,64,neumann,20,20,50p
NMG_Python_20_dt_5.50e-06_Nx_64_neumann_dtout_2050pphi.csv
Exception type : TypeError 
Exception message : float() argument must be a string or a real number, not 'complex'
Stack trace : ['File : /sfs/gpfs/tardis/home/xpz5km/Cahn_Hilliard_Model_HPC/spinodal_decomp/compare_L2_error.py , Line : 86, Func.Name : compare_L2_error_at_timepoint, Message : snapshot_NMG = read_specific_lines(f"{root}/{NMG_fname}", line_list)', 'File : /sfs/gpfs/tardis/home/xpz5km/Cahn_Hilliard_Model_HPC/spinodal_decomp/compare_L2_error.py , Line : 21, Func.Name : read_specific_lines, Message : digits.append(float(i))']
Python,20,128,neumann,20,20,75p
NMG_Python_20_dt_5.50e-06_Nx_128_neumann_dtout_2075pphi.csv
Exception type : TypeError 
Exception message : float() argument must be a string or a real number, not 'complex'
Stack trace : ['File : /sfs/gpfs/tardis/home/xpz5km/Cahn_Hilliard_Model_HPC/spinodal_decomp/compare_L2_error.py , Line : 86, Func.Name : compare_L2_error_at_timepoint, Message : snapshot_NMG = read_specific_lines(f"{root}/{NMG_fname}", line_list)', 'File : /sfs/gpfs/tardis/home/xpz5km/Cahn_Hilliard_Model_HPC/spinodal_decomp/compare_L2_error.py , Line : 21, Func.Name : read_specific_lines, Message : digits.append(float(i))']
Python,20,64,neumann,1,1,25p
NMG_Python_20_dt_5.50e-06_Nx_64_neumann_dtout_125pphi.csv
Exception type : TypeError 
Exception message : float() argument must be a string or a real number, not 'complex'
Stack trace : ['File : /sfs/gpfs/tardis/home/xpz5km/Cahn_Hilliard_Model_HPC/spinodal_decomp/compare_L2_error.py , Line : 86, Func.Name : compare_L2_error_at_timepoint, Message : snapshot_NMG = read_specific_lines(f"{root}/{NMG_fname}", line_list)', 'File : /sfs/gpfs/tardis/home/xpz5km/Cahn_Hilliard_Model_HPC/spinodal_decomp/compare_L2_error.py , Line : 21, Func.Name : read_specific_lines, Message : digits.append(float(i))']
Python,2000,64,neumann,2000,2000,25p not recorded; dt_out too large.
Python,20,512,periodic,1,1,25p
NMG_Python_20_dt_5.50e-06_Nx_512_periodic_dtout_125pphi.csv
Exception type : TypeError 
Exception message : float() argument must be a string or a real number, not 'complex'
Stack trace : ['File : /sfs/gpfs/tardis/home/xpz5km/Cahn_Hilliard_Model_HPC/spinodal_decomp/compare_L2_error.py , Line : 86, Func.Name : compare_L2_error_at_timepoint, Message : snapshot_NMG = read_specific_lines(f"{root}/{NMG_fname}", line_list)', 'File : /sfs/gpfs/tardis/home/xpz5km/Cahn_Hilliard_Model_HPC/spinodal_decomp/compare_L2_error.py , Line : 21, Func.Name : read_specific_lines, Message : digits.append(float(i))']
Python,2000,128,periodic,2000,2000,25p not recorded; dt_out too large.
Python,20,512,periodic,20,20,50p
NMG_Python_20_dt_5.50e-06_Nx_512_periodic_dtout_2050pphi.csv
Exception type : TypeError 
Exception message : float() argument must be a string or a real number, not 'complex'
Stack trace : ['File : /sfs/gpfs/tardis/home/xpz5km/Cahn_Hilliard_Model_HPC/spinodal_decomp/compare_L2_error.py , Line : 86, Func.Name : compare_L2_error_at_timepoint, Message : snapshot_NMG = read_specific_lines(f"{root}/{NMG_fname}", line_list)', 'File : /sfs/gpfs/tardis/home/xpz5km/Cahn_Hilliard_Model_HPC/spinodal_decomp/compare_L2_error.py , Line : 21, Func.Name : read_specific_lines, Message : digits.append(float(i))']
Python,2000,512,periodic,2000,2000,75p not recorded; dt_out too large.
Python,20,128,periodic,1,1,75p
NMG_Python_20_dt_5.50e-06_Nx_128_periodic_dtout_175pphi.csv
Exception type : TypeError 
Exception message : float() argument must be a string or a real number, not 'complex'
Stack trace : ['File : /sfs/gpfs/tardis/home/xpz5km/Cahn_Hilliard_Model_HPC/spinodal_decomp/compare_L2_error.py , Line : 86, Func.Name : compare_L2_error_at_timepoint, Message : snapshot_NMG = read_specific_lines(f"{root}/{NMG_fname}", line_list)', 'File : /sfs/gpfs/tardis/home/xpz5km/Cahn_Hilliard_Model_HPC/spinodal_decomp/compare_L2_error.py , Line : 21, Func.Name : read_specific_lines, Message : digits.append(float(i))']
Python,20,512,periodic,1,1,75p
NMG_Python_20_dt_5.50e-06_Nx_512_periodic_dtout_175pphi.csv
Exception type : TypeError 
Exception message : float() argument must be a string or a real number, not 'complex'
Stack trace : ['File : /sfs/gpfs/tardis/home/xpz5km/Cahn_Hilliard_Model_HPC/spinodal_decomp/compare_L2_error.py , Line : 86, Func.Name : compare_L2_error_at_timepoint, Message : snapshot_NMG = read_specific_lines(f"{root}/{NMG_fname}", line_list)', 'File : /sfs/gpfs/tardis/home/xpz5km/Cahn_Hilliard_Model_HPC/spinodal_decomp/compare_L2_error.py , Line : 21, Func.Name : read_specific_lines, Message : digits.append(float(i))']
Python,20,128,neumann,1,1,50p
NMG_Python_20_dt_5.50e-06_Nx_128_neumann_dtout_150pphi.csv
Exception type : TypeError 
Exception message : float() argument must be a string or a real number, not 'complex'
Stack trace : ['File : /sfs/gpfs/tardis/home/xpz5km/Cahn_Hilliard_Model_HPC/spinodal_decomp/compare_L2_error.py , Line : 86, Func.Name : compare_L2_error_at_timepoint, Message : snapshot_NMG = read_specific_lines(f"{root}/{NMG_fname}", line_list)', 'File : /sfs/gpfs/tardis/home/xpz5km/Cahn_Hilliard_Model_HPC/spinodal_decomp/compare_L2_error.py , Line : 21, Func.Name : read_specific_lines, Message : digits.append(float(i))']
Python,2000,64,periodic,2000,2000,25p not recorded; dt_out too large.
Python,20,128,periodic,20,20,75p
NMG_Python_20_dt_5.50e-06_Nx_128_periodic_dtout_2075pphi.csv
Exception type : TypeError 
Exception message : float() argument must be a string or a real number, not 'complex'
Stack trace : ['File : /sfs/gpfs/tardis/home/xpz5km/Cahn_Hilliard_Model_HPC/spinodal_decomp/compare_L2_error.py , Line : 86, Func.Name : compare_L2_error_at_timepoint, Message : snapshot_NMG = read_specific_lines(f"{root}/{NMG_fname}", line_list)', 'File : /sfs/gpfs/tardis/home/xpz5km/Cahn_Hilliard_Model_HPC/spinodal_decomp/compare_L2_error.py , Line : 21, Func.Name : read_specific_lines, Message : digits.append(float(i))']
Python,2000,64,neumann,2000,2000,50p not recorded; dt_out too large.
Python,2000,128,periodic,2000,2000,50p not recorded; dt_out too large.
Python,20,256,periodic,20,20,75p
NMG_Python_20_dt_5.50e-06_Nx_256_periodic_dtout_2075pphi.csv
Exception type : TypeError 
Exception message : float() argument must be a string or a real number, not 'complex'
Stack trace : ['File : /sfs/gpfs/tardis/home/xpz5km/Cahn_Hilliard_Model_HPC/spinodal_decomp/compare_L2_error.py , Line : 86, Func.Name : compare_L2_error_at_timepoint, Message : snapshot_NMG = read_specific_lines(f"{root}/{NMG_fname}", line_list)', 'File : /sfs/gpfs/tardis/home/xpz5km/Cahn_Hilliard_Model_HPC/spinodal_decomp/compare_L2_error.py , Line : 21, Func.Name : read_specific_lines, Message : digits.append(float(i))']
Python,20,512,neumann,1,1,75p
NMG_Python_20_dt_5.50e-06_Nx_512_neumann_dtout_175pphi.csv
Exception type : TypeError 
Exception message : float() argument must be a string or a real number, not 'complex'
Stack trace : ['File : /sfs/gpfs/tardis/home/xpz5km/Cahn_Hilliard_Model_HPC/spinodal_decomp/compare_L2_error.py , Line : 86, Func.Name : compare_L2_error_at_timepoint, Message : snapshot_NMG = read_specific_lines(f"{root}/{NMG_fname}", line_list)', 'File : /sfs/gpfs/tardis/home/xpz5km/Cahn_Hilliard_Model_HPC/spinodal_decomp/compare_L2_error.py , Line : 21, Func.Name : read_specific_lines, Message : digits.append(float(i))']
Python,20,64,neumann,20,20,25p
NMG_Python_20_dt_5.50e-06_Nx_64_neumann_dtout_2025pphi.csv
Exception type : TypeError 
Exception message : float() argument must be a string or a real number, not 'complex'
Stack trace : ['File : /sfs/gpfs/tardis/home/xpz5km/Cahn_Hilliard_Model_HPC/spinodal_decomp/compare_L2_error.py , Line : 86, Func.Name : compare_L2_error_at_timepoint, Message : snapshot_NMG = read_specific_lines(f"{root}/{NMG_fname}", line_list)', 'File : /sfs/gpfs/tardis/home/xpz5km/Cahn_Hilliard_Model_HPC/spinodal_decomp/compare_L2_error.py , Line : 21, Func.Name : read_specific_lines, Message : digits.append(float(i))']
Python,20,64,neumann,20,20,75p
NMG_Python_20_dt_5.50e-06_Nx_64_neumann_dtout_2075pphi.csv
Exception type : TypeError 
Exception message : float() argument must be a string or a real number, not 'complex'
Stack trace : ['File : /sfs/gpfs/tardis/home/xpz5km/Cahn_Hilliard_Model_HPC/spinodal_decomp/compare_L2_error.py , Line : 86, Func.Name : compare_L2_error_at_timepoint, Message : snapshot_NMG = read_specific_lines(f"{root}/{NMG_fname}", line_list)', 'File : /sfs/gpfs/tardis/home/xpz5km/Cahn_Hilliard_Model_HPC/spinodal_decomp/compare_L2_error.py , Line : 21, Func.Name : read_specific_lines, Message : digits.append(float(i))']
Python,2000,64,periodic,2000,2000,50p not recorded; dt_out too large.
Python,20,512,periodic,20,20,75p
NMG_Python_20_dt_5.50e-06_Nx_512_periodic_dtout_2075pphi.csv
Exception type : TypeError 
Exception message : float() argument must be a string or a real number, not 'complex'
Stack trace : ['File : /sfs/gpfs/tardis/home/xpz5km/Cahn_Hilliard_Model_HPC/spinodal_decomp/compare_L2_error.py , Line : 86, Func.Name : compare_L2_error_at_timepoint, Message : snapshot_NMG = read_specific_lines(f"{root}/{NMG_fname}", line_list)', 'File : /sfs/gpfs/tardis/home/xpz5km/Cahn_Hilliard_Model_HPC/spinodal_decomp/compare_L2_error.py , Line : 21, Func.Name : read_specific_lines, Message : digits.append(float(i))']
Python,20,512,neumann,20,20,25p
NMG_Python_20_dt_5.50e-06_Nx_512_neumann_dtout_2025pphi.csv
Exception type : TypeError 
Exception message : float() argument must be a string or a real number, not 'complex'
Stack trace : ['File : /sfs/gpfs/tardis/home/xpz5km/Cahn_Hilliard_Model_HPC/spinodal_decomp/compare_L2_error.py , Line : 86, Func.Name : compare_L2_error_at_timepoint, Message : snapshot_NMG = read_specific_lines(f"{root}/{NMG_fname}", line_list)', 'File : /sfs/gpfs/tardis/home/xpz5km/Cahn_Hilliard_Model_HPC/spinodal_decomp/compare_L2_error.py , Line : 21, Func.Name : read_specific_lines, Message : digits.append(float(i))']
Python,20,512,neumann,1,1,50p
NMG_Python_20_dt_5.50e-06_Nx_512_neumann_dtout_150pphi.csv
Exception type : TypeError 
Exception message : float() argument must be a string or a real number, not 'complex'
Stack trace : ['File : /sfs/gpfs/tardis/home/xpz5km/Cahn_Hilliard_Model_HPC/spinodal_decomp/compare_L2_error.py , Line : 86, Func.Name : compare_L2_error_at_timepoint, Message : snapshot_NMG = read_specific_lines(f"{root}/{NMG_fname}", line_list)', 'File : /sfs/gpfs/tardis/home/xpz5km/Cahn_Hilliard_Model_HPC/spinodal_decomp/compare_L2_error.py , Line : 21, Func.Name : read_specific_lines, Message : digits.append(float(i))']
Python,20,64,periodic,1,1,25p
NMG_Python_20_dt_5.50e-06_Nx_64_periodic_dtout_125pphi.csv
Exception type : TypeError 
Exception message : float() argument must be a string or a real number, not 'complex'
Stack trace : ['File : /sfs/gpfs/tardis/home/xpz5km/Cahn_Hilliard_Model_HPC/spinodal_decomp/compare_L2_error.py , Line : 86, Func.Name : compare_L2_error_at_timepoint, Message : snapshot_NMG = read_specific_lines(f"{root}/{NMG_fname}", line_list)', 'File : /sfs/gpfs/tardis/home/xpz5km/Cahn_Hilliard_Model_HPC/spinodal_decomp/compare_L2_error.py , Line : 21, Func.Name : read_specific_lines, Message : digits.append(float(i))']
Python,2000,128,neumann,2000,2000,75p not recorded; dt_out too large.
Python,20,128,periodic,20,20,50p
NMG_Python_20_dt_5.50e-06_Nx_128_periodic_dtout_2050pphi.csv
Exception type : TypeError 
Exception message : float() argument must be a string or a real number, not 'complex'
Stack trace : ['File : /sfs/gpfs/tardis/home/xpz5km/Cahn_Hilliard_Model_HPC/spinodal_decomp/compare_L2_error.py , Line : 86, Func.Name : compare_L2_error_at_timepoint, Message : snapshot_NMG = read_specific_lines(f"{root}/{NMG_fname}", line_list)', 'File : /sfs/gpfs/tardis/home/xpz5km/Cahn_Hilliard_Model_HPC/spinodal_decomp/compare_L2_error.py , Line : 21, Func.Name : read_specific_lines, Message : digits.append(float(i))']
Python,20,256,periodic,20,20,50p
NMG_Python_20_dt_5.50e-06_Nx_256_periodic_dtout_2050pphi.csv
Exception type : TypeError 
Exception message : float() argument must be a string or a real number, not 'complex'
Stack trace : ['File : /sfs/gpfs/tardis/home/xpz5km/Cahn_Hilliard_Model_HPC/spinodal_decomp/compare_L2_error.py , Line : 86, Func.Name : compare_L2_error_at_timepoint, Message : snapshot_NMG = read_specific_lines(f"{root}/{NMG_fname}", line_list)', 'File : /sfs/gpfs/tardis/home/xpz5km/Cahn_Hilliard_Model_HPC/spinodal_decomp/compare_L2_error.py , Line : 21, Func.Name : read_specific_lines, Message : digits.append(float(i))']
Python,2000,256,neumann,2000,2000,50p not recorded; dt_out too large.
Python,20,64,periodic,20,20,50p
NMG_Python_20_dt_5.50e-06_Nx_64_periodic_dtout_2050pphi.csv
Exception type : TypeError 
Exception message : float() argument must be a string or a real number, not 'complex'
Stack trace : ['File : /sfs/gpfs/tardis/home/xpz5km/Cahn_Hilliard_Model_HPC/spinodal_decomp/compare_L2_error.py , Line : 86, Func.Name : compare_L2_error_at_timepoint, Message : snapshot_NMG = read_specific_lines(f"{root}/{NMG_fname}", line_list)', 'File : /sfs/gpfs/tardis/home/xpz5km/Cahn_Hilliard_Model_HPC/spinodal_decomp/compare_L2_error.py , Line : 21, Func.Name : read_specific_lines, Message : digits.append(float(i))']
Python,2000,512,neumann,2000,2000,25p not recorded; dt_out too large.
Python,20,512,neumann,20,20,75p
NMG_Python_20_dt_5.50e-06_Nx_512_neumann_dtout_2075pphi.csv
Exception type : TypeError 
Exception message : float() argument must be a string or a real number, not 'complex'
Stack trace : ['File : /sfs/gpfs/tardis/home/xpz5km/Cahn_Hilliard_Model_HPC/spinodal_decomp/compare_L2_error.py , Line : 86, Func.Name : compare_L2_error_at_timepoint, Message : snapshot_NMG = read_specific_lines(f"{root}/{NMG_fname}", line_list)', 'File : /sfs/gpfs/tardis/home/xpz5km/Cahn_Hilliard_Model_HPC/spinodal_decomp/compare_L2_error.py , Line : 21, Func.Name : read_specific_lines, Message : digits.append(float(i))']
Python,20,256,neumann,20,20,25p
NMG_Python_20_dt_5.50e-06_Nx_256_neumann_dtout_2025pphi.csv
Exception type : TypeError 
Exception message : float() argument must be a string or a real number, not 'complex'
Stack trace : ['File : /sfs/gpfs/tardis/home/xpz5km/Cahn_Hilliard_Model_HPC/spinodal_decomp/compare_L2_error.py , Line : 86, Func.Name : compare_L2_error_at_timepoint, Message : snapshot_NMG = read_specific_lines(f"{root}/{NMG_fname}", line_list)', 'File : /sfs/gpfs/tardis/home/xpz5km/Cahn_Hilliard_Model_HPC/spinodal_decomp/compare_L2_error.py , Line : 21, Func.Name : read_specific_lines, Message : digits.append(float(i))']
Python,2000,64,neumann,2000,2000,75p not recorded; dt_out too large.
Python,20,128,neumann,20,20,25p
NMG_Python_20_dt_5.50e-06_Nx_128_neumann_dtout_2025pphi.csv
Exception type : TypeError 
Exception message : float() argument must be a string or a real number, not 'complex'
Stack trace : ['File : /sfs/gpfs/tardis/home/xpz5km/Cahn_Hilliard_Model_HPC/spinodal_decomp/compare_L2_error.py , Line : 86, Func.Name : compare_L2_error_at_timepoint, Message : snapshot_NMG = read_specific_lines(f"{root}/{NMG_fname}", line_list)', 'File : /sfs/gpfs/tardis/home/xpz5km/Cahn_Hilliard_Model_HPC/spinodal_decomp/compare_L2_error.py , Line : 21, Func.Name : read_specific_lines, Message : digits.append(float(i))']
Python,20,64,periodic,20,20,75p
NMG_Python_20_dt_5.50e-06_Nx_64_periodic_dtout_2075pphi.csv
Exception type : TypeError 
Exception message : float() argument must be a string or a real number, not 'complex'
Stack trace : ['File : /sfs/gpfs/tardis/home/xpz5km/Cahn_Hilliard_Model_HPC/spinodal_decomp/compare_L2_error.py , Line : 86, Func.Name : compare_L2_error_at_timepoint, Message : snapshot_NMG = read_specific_lines(f"{root}/{NMG_fname}", line_list)', 'File : /sfs/gpfs/tardis/home/xpz5km/Cahn_Hilliard_Model_HPC/spinodal_decomp/compare_L2_error.py , Line : 21, Func.Name : read_specific_lines, Message : digits.append(float(i))']
Python,20,256,periodic,1,1,75p
NMG_Python_20_dt_5.50e-06_Nx_256_periodic_dtout_175pphi.csv
Exception type : TypeError 
Exception message : float() argument must be a string or a real number, not 'complex'
Stack trace : ['File : /sfs/gpfs/tardis/home/xpz5km/Cahn_Hilliard_Model_HPC/spinodal_decomp/compare_L2_error.py , Line : 86, Func.Name : compare_L2_error_at_timepoint, Message : snapshot_NMG = read_specific_lines(f"{root}/{NMG_fname}", line_list)', 'File : /sfs/gpfs/tardis/home/xpz5km/Cahn_Hilliard_Model_HPC/spinodal_decomp/compare_L2_error.py , Line : 21, Func.Name : read_specific_lines, Message : digits.append(float(i))']
Python,20,64,periodic,1,1,50p
NMG_Python_20_dt_5.50e-06_Nx_64_periodic_dtout_150pphi.csv
Exception type : TypeError 
Exception message : float() argument must be a string or a real number, not 'complex'
Stack trace : ['File : /sfs/gpfs/tardis/home/xpz5km/Cahn_Hilliard_Model_HPC/spinodal_decomp/compare_L2_error.py , Line : 86, Func.Name : compare_L2_error_at_timepoint, Message : snapshot_NMG = read_specific_lines(f"{root}/{NMG_fname}", line_list)', 'File : /sfs/gpfs/tardis/home/xpz5km/Cahn_Hilliard_Model_HPC/spinodal_decomp/compare_L2_error.py , Line : 21, Func.Name : read_specific_lines, Message : digits.append(float(i))']
Python,20,128,periodic,1,1,25p
NMG_Python_20_dt_5.50e-06_Nx_128_periodic_dtout_125pphi.csv
Exception type : TypeError 
Exception message : float() argument must be a string or a real number, not 'complex'
Stack trace : ['File : /sfs/gpfs/tardis/home/xpz5km/Cahn_Hilliard_Model_HPC/spinodal_decomp/compare_L2_error.py , Line : 86, Func.Name : compare_L2_error_at_timepoint, Message : snapshot_NMG = read_specific_lines(f"{root}/{NMG_fname}", line_list)', 'File : /sfs/gpfs/tardis/home/xpz5km/Cahn_Hilliard_Model_HPC/spinodal_decomp/compare_L2_error.py , Line : 21, Func.Name : read_specific_lines, Message : digits.append(float(i))']
19
Python,20,256,neumann,20,20,75p
NMG_Python_20_dt_5.50e-06_Nx_256_neumann_dtout_2075pphi.csv
Exception type : TypeError 
Exception message : float() argument must be a string or a real number, not 'complex'
Stack trace : ['File : /sfs/gpfs/tardis/home/xpz5km/Cahn_Hilliard_Model_HPC/spinodal_decomp/compare_L2_error.py , Line : 86, Func.Name : compare_L2_error_at_timepoint, Message : snapshot_NMG = read_specific_lines(f"{root}/{NMG_fname}", line_list)', 'File : /sfs/gpfs/tardis/home/xpz5km/Cahn_Hilliard_Model_HPC/spinodal_decomp/compare_L2_error.py , Line : 21, Func.Name : read_specific_lines, Message : digits.append(float(i))']
Python,2000,256,neumann,2000,2000,25p not recorded; dt_out too large.
Python,20,128,periodic,20,20,25p
NMG_Python_20_dt_5.50e-06_Nx_128_periodic_dtout_2025pphi.csv
Exception type : TypeError 
Exception message : float() argument must be a string or a real number, not 'complex'
Stack trace : ['File : /sfs/gpfs/tardis/home/xpz5km/Cahn_Hilliard_Model_HPC/spinodal_decomp/compare_L2_error.py , Line : 86, Func.Name : compare_L2_error_at_timepoint, Message : snapshot_NMG = read_specific_lines(f"{root}/{NMG_fname}", line_list)', 'File : /sfs/gpfs/tardis/home/xpz5km/Cahn_Hilliard_Model_HPC/spinodal_decomp/compare_L2_error.py , Line : 21, Func.Name : read_specific_lines, Message : digits.append(float(i))']
Python,2000,256,periodic,2000,2000,50p not recorded; dt_out too large.
Python,20,256,periodic,20,20,25p
NMG_Python_20_dt_5.50e-06_Nx_256_periodic_dtout_2025pphi.csv
Exception type : TypeError 
Exception message : float() argument must be a string or a real number, not 'complex'
Stack trace : ['File : /sfs/gpfs/tardis/home/xpz5km/Cahn_Hilliard_Model_HPC/spinodal_decomp/compare_L2_error.py , Line : 86, Func.Name : compare_L2_error_at_timepoint, Message : snapshot_NMG = read_specific_lines(f"{root}/{NMG_fname}", line_list)', 'File : /sfs/gpfs/tardis/home/xpz5km/Cahn_Hilliard_Model_HPC/spinodal_decomp/compare_L2_error.py , Line : 21, Func.Name : read_specific_lines, Message : digits.append(float(i))']
Python,20,512,neumann,20,20,50p
NMG_Python_20_dt_5.50e-06_Nx_512_neumann_dtout_2050pphi.csv
Exception type : TypeError 
Exception message : float() argument must be a string or a real number, not 'complex'
Stack trace : ['File : /sfs/gpfs/tardis/home/xpz5km/Cahn_Hilliard_Model_HPC/spinodal_decomp/compare_L2_error.py , Line : 86, Func.Name : compare_L2_error_at_timepoint, Message : snapshot_NMG = read_specific_lines(f"{root}/{NMG_fname}", line_list)', 'File : /sfs/gpfs/tardis/home/xpz5km/Cahn_Hilliard_Model_HPC/spinodal_decomp/compare_L2_error.py , Line : 21, Func.Name : read_specific_lines, Message : digits.append(float(i))']
Python,2000,512,periodic,2000,2000,25p not recorded; dt_out too large.
Python,2000,64,periodic,2000,2000,75p not recorded; dt_out too large.
Python,2000,256,periodic,2000,2000,25p not recorded; dt_out too large.
Python,2000,256,neumann,2000,2000,75p not recorded; dt_out too large.
Python,2000,128,periodic,2000,2000,75p not recorded; dt_out too large.
Python,20,128,neumann,1,1,25p
NMG_Python_20_dt_5.50e-06_Nx_128_neumann_dtout_125pphi.csv
Exception type : TypeError 
Exception message : float() argument must be a string or a real number, not 'complex'
Stack trace : ['File : /sfs/gpfs/tardis/home/xpz5km/Cahn_Hilliard_Model_HPC/spinodal_decomp/compare_L2_error.py , Line : 86, Func.Name : compare_L2_error_at_timepoint, Message : snapshot_NMG = read_specific_lines(f"{root}/{NMG_fname}", line_list)', 'File : /sfs/gpfs/tardis/home/xpz5km/Cahn_Hilliard_Model_HPC/spinodal_decomp/compare_L2_error.py , Line : 21, Func.Name : read_specific_lines, Message : digits.append(float(i))']
Python,2000,256,periodic,2000,2000,75p not recorded; dt_out too large.
Python,20,256,neumann,20,20,50p
NMG_Python_20_dt_5.50e-06_Nx_256_neumann_dtout_2050pphi.csv
Exception type : TypeError 
Exception message : float() argument must be a string or a real number, not 'complex'
Stack trace : ['File : /sfs/gpfs/tardis/home/xpz5km/Cahn_Hilliard_Model_HPC/spinodal_decomp/compare_L2_error.py , Line : 86, Func.Name : compare_L2_error_at_timepoint, Message : snapshot_NMG = read_specific_lines(f"{root}/{NMG_fname}", line_list)', 'File : /sfs/gpfs/tardis/home/xpz5km/Cahn_Hilliard_Model_HPC/spinodal_decomp/compare_L2_error.py , Line : 21, Func.Name : read_specific_lines, Message : digits.append(float(i))']
Python,2000,128,neumann,2000,2000,25p not recorded; dt_out too large.
Python,20,64,periodic,1,1,75p
NMG_Python_20_dt_5.50e-06_Nx_64_periodic_dtout_175pphi.csv
Exception type : TypeError 
Exception message : float() argument must be a string or a real number, not 'complex'
Stack trace : ['File : /sfs/gpfs/tardis/home/xpz5km/Cahn_Hilliard_Model_HPC/spinodal_decomp/compare_L2_error.py , Line : 86, Func.Name : compare_L2_error_at_timepoint, Message : snapshot_NMG = read_specific_lines(f"{root}/{NMG_fname}", line_list)', 'File : /sfs/gpfs/tardis/home/xpz5km/Cahn_Hilliard_Model_HPC/spinodal_decomp/compare_L2_error.py , Line : 21, Func.Name : read_specific_lines, Message : digits.append(float(i))']
Python,20,256,periodic,1,1,50p
NMG_Python_20_dt_5.50e-06_Nx_256_periodic_dtout_150pphi.csv
Exception type : TypeError 
Exception message : float() argument must be a string or a real number, not 'complex'
Stack trace : ['File : /sfs/gpfs/tardis/home/xpz5km/Cahn_Hilliard_Model_HPC/spinodal_decomp/compare_L2_error.py , Line : 86, Func.Name : compare_L2_error_at_timepoint, Message : snapshot_NMG = read_specific_lines(f"{root}/{NMG_fname}", line_list)', 'File : /sfs/gpfs/tardis/home/xpz5km/Cahn_Hilliard_Model_HPC/spinodal_decomp/compare_L2_error.py , Line : 21, Func.Name : read_specific_lines, Message : digits.append(float(i))']
Python,20,128,neumann,1,1,75p
NMG_Python_20_dt_5.50e-06_Nx_128_neumann_dtout_175pphi.csv
Exception type : TypeError 
Exception message : float() argument must be a string or a real number, not 'complex'
Stack trace : ['File : /sfs/gpfs/tardis/home/xpz5km/Cahn_Hilliard_Model_HPC/spinodal_decomp/compare_L2_error.py , Line : 86, Func.Name : compare_L2_error_at_timepoint, Message : snapshot_NMG = read_specific_lines(f"{root}/{NMG_fname}", line_list)', 'File : /sfs/gpfs/tardis/home/xpz5km/Cahn_Hilliard_Model_HPC/spinodal_decomp/compare_L2_error.py , Line : 21, Func.Name : read_specific_lines, Message : digits.append(float(i))']
Python,20,64,neumann,1,1,50p
NMG_Python_20_dt_5.50e-06_Nx_64_neumann_dtout_150pphi.csv
Exception type : TypeError 
Exception message : float() argument must be a string or a real number, not 'complex'
Stack trace : ['File : /sfs/gpfs/tardis/home/xpz5km/Cahn_Hilliard_Model_HPC/spinodal_decomp/compare_L2_error.py , Line : 86, Func.Name : compare_L2_error_at_timepoint, Message : snapshot_NMG = read_specific_lines(f"{root}/{NMG_fname}", line_list)', 'File : /sfs/gpfs/tardis/home/xpz5km/Cahn_Hilliard_Model_HPC/spinodal_decomp/compare_L2_error.py , Line : 21, Func.Name : read_specific_lines, Message : digits.append(float(i))']
Python,20,256,neumann,1,1,50p
NMG_Python_20_dt_5.50e-06_Nx_256_neumann_dtout_150pphi.csv
Exception type : TypeError 
Exception message : float() argument must be a string or a real number, not 'complex'
Stack trace : ['File : /sfs/gpfs/tardis/home/xpz5km/Cahn_Hilliard_Model_HPC/spinodal_decomp/compare_L2_error.py , Line : 86, Func.Name : compare_L2_error_at_timepoint, Message : snapshot_NMG = read_specific_lines(f"{root}/{NMG_fname}", line_list)', 'File : /sfs/gpfs/tardis/home/xpz5km/Cahn_Hilliard_Model_HPC/spinodal_decomp/compare_L2_error.py , Line : 21, Func.Name : read_specific_lines, Message : digits.append(float(i))']
Python,20,512,neumann,1,1,25p
NMG_Python_20_dt_5.50e-06_Nx_512_neumann_dtout_125pphi.csv
Exception type : TypeError 
Exception message : float() argument must be a string or a real number, not 'complex'
Stack trace : ['File : /sfs/gpfs/tardis/home/xpz5km/Cahn_Hilliard_Model_HPC/spinodal_decomp/compare_L2_error.py , Line : 86, Func.Name : compare_L2_error_at_timepoint, Message : snapshot_NMG = read_specific_lines(f"{root}/{NMG_fname}", line_list)', 'File : /sfs/gpfs/tardis/home/xpz5km/Cahn_Hilliard_Model_HPC/spinodal_decomp/compare_L2_error.py , Line : 21, Func.Name : read_specific_lines, Message : digits.append(float(i))']
Python,2000,128,neumann,2000,2000,50p not recorded; dt_out too large.
Python,2000,512,periodic,2000,2000,50p not recorded; dt_out too large.
Python,20,256,neumann,1,1,75p
NMG_Python_20_dt_5.50e-06_Nx_256_neumann_dtout_175pphi.csv
Exception type : TypeError 
Exception message : float() argument must be a string or a real number, not 'complex'
Stack trace : ['File : /sfs/gpfs/tardis/home/xpz5km/Cahn_Hilliard_Model_HPC/spinodal_decomp/compare_L2_error.py , Line : 86, Func.Name : compare_L2_error_at_timepoint, Message : snapshot_NMG = read_specific_lines(f"{root}/{NMG_fname}", line_list)', 'File : /sfs/gpfs/tardis/home/xpz5km/Cahn_Hilliard_Model_HPC/spinodal_decomp/compare_L2_error.py , Line : 21, Func.Name : read_specific_lines, Message : digits.append(float(i))']
Python,20,128,neumann,20,20,50p
NMG_Python_20_dt_5.50e-06_Nx_128_neumann_dtout_2050pphi.csv
Exception type : TypeError 
Exception message : float() argument must be a string or a real number, not 'complex'
Stack trace : ['File : /sfs/gpfs/tardis/home/xpz5km/Cahn_Hilliard_Model_HPC/spinodal_decomp/compare_L2_error.py , Line : 86, Func.Name : compare_L2_error_at_timepoint, Message : snapshot_NMG = read_specific_lines(f"{root}/{NMG_fname}", line_list)', 'File : /sfs/gpfs/tardis/home/xpz5km/Cahn_Hilliard_Model_HPC/spinodal_decomp/compare_L2_error.py , Line : 21, Func.Name : read_specific_lines, Message : digits.append(float(i))']
Python,20,128,periodic,1,1,50p
NMG_Python_20_dt_5.50e-06_Nx_128_periodic_dtout_150pphi.csv
Exception type : TypeError 
Exception message : float() argument must be a string or a real number, not 'complex'
Stack trace : ['File : /sfs/gpfs/tardis/home/xpz5km/Cahn_Hilliard_Model_HPC/spinodal_decomp/compare_L2_error.py , Line : 86, Func.Name : compare_L2_error_at_timepoint, Message : snapshot_NMG = read_specific_lines(f"{root}/{NMG_fname}", line_list)', 'File : /sfs/gpfs/tardis/home/xpz5km/Cahn_Hilliard_Model_HPC/spinodal_decomp/compare_L2_error.py , Line : 21, Func.Name : read_specific_lines, Message : digits.append(float(i))']
Python,20,256,neumann,1,1,25p
NMG_Python_20_dt_5.50e-06_Nx_256_neumann_dtout_125pphi.csv
Exception type : TypeError 
Exception message : float() argument must be a string or a real number, not 'complex'
Stack trace : ['File : /sfs/gpfs/tardis/home/xpz5km/Cahn_Hilliard_Model_HPC/spinodal_decomp/compare_L2_error.py , Line : 86, Func.Name : compare_L2_error_at_timepoint, Message : snapshot_NMG = read_specific_lines(f"{root}/{NMG_fname}", line_list)', 'File : /sfs/gpfs/tardis/home/xpz5km/Cahn_Hilliard_Model_HPC/spinodal_decomp/compare_L2_error.py , Line : 21, Func.Name : read_specific_lines, Message : digits.append(float(i))']
Python,20,64,neumann,1,1,75p
NMG_Python_20_dt_5.50e-06_Nx_64_neumann_dtout_175pphi.csv
Exception type : TypeError 
Exception message : float() argument must be a string or a real number, not 'complex'
Stack trace : ['File : /sfs/gpfs/tardis/home/xpz5km/Cahn_Hilliard_Model_HPC/spinodal_decomp/compare_L2_error.py , Line : 86, Func.Name : compare_L2_error_at_timepoint, Message : snapshot_NMG = read_specific_lines(f"{root}/{NMG_fname}", line_list)', 'File : /sfs/gpfs/tardis/home/xpz5km/Cahn_Hilliard_Model_HPC/spinodal_decomp/compare_L2_error.py , Line : 21, Func.Name : read_specific_lines, Message : digits.append(float(i))']
Python,20,256,periodic,1,1,25p
NMG_Python_20_dt_5.50e-06_Nx_256_periodic_dtout_125pphi.csv
Exception type : TypeError 
Exception message : float() argument must be a string or a real number, not 'complex'
Stack trace : ['File : /sfs/gpfs/tardis/home/xpz5km/Cahn_Hilliard_Model_HPC/spinodal_decomp/compare_L2_error.py , Line : 86, Func.Name : compare_L2_error_at_timepoint, Message : snapshot_NMG = read_specific_lines(f"{root}/{NMG_fname}", line_list)', 'File : /sfs/gpfs/tardis/home/xpz5km/Cahn_Hilliard_Model_HPC/spinodal_decomp/compare_L2_error.py , Line : 21, Func.Name : read_specific_lines, Message : digits.append(float(i))']
Python,20,64,periodic,20,20,25p
NMG_Python_20_dt_5.50e-06_Nx_64_periodic_dtout_2025pphi.csv
Exception type : TypeError 
Exception message : float() argument must be a string or a real number, not 'complex'
Stack trace : ['File : /sfs/gpfs/tardis/home/xpz5km/Cahn_Hilliard_Model_HPC/spinodal_decomp/compare_L2_error.py , Line : 86, Func.Name : compare_L2_error_at_timepoint, Message : snapshot_NMG = read_specific_lines(f"{root}/{NMG_fname}", line_list)', 'File : /sfs/gpfs/tardis/home/xpz5km/Cahn_Hilliard_Model_HPC/spinodal_decomp/compare_L2_error.py , Line : 21, Func.Name : read_specific_lines, Message : digits.append(float(i))']
Python,20,512,periodic,1,1,50p
NMG_Python_20_dt_5.50e-06_Nx_512_periodic_dtout_150pphi.csv
Exception type : TypeError 
Exception message : float() argument must be a string or a real number, not 'complex'
Stack trace : ['File : /sfs/gpfs/tardis/home/xpz5km/Cahn_Hilliard_Model_HPC/spinodal_decomp/compare_L2_error.py , Line : 86, Func.Name : compare_L2_error_at_timepoint, Message : snapshot_NMG = read_specific_lines(f"{root}/{NMG_fname}", line_list)', 'File : /sfs/gpfs/tardis/home/xpz5km/Cahn_Hilliard_Model_HPC/spinodal_decomp/compare_L2_error.py , Line : 21, Func.Name : read_specific_lines, Message : digits.append(float(i))']
Python,2000,512,neumann,2000,2000,50p not recorded; dt_out too large.
Python,2000,512,neumann,2000,2000,75p not recorded; dt_out too large.
Python,20,512,periodic,20,20,25p
NMG_Python_20_dt_5.50e-06_Nx_512_periodic_dtout_2025pphi.csv
Exception type : TypeError 
Exception message : float() argument must be a string or a real number, not 'complex'
Stack trace : ['File : /sfs/gpfs/tardis/home/xpz5km/Cahn_Hilliard_Model_HPC/spinodal_decomp/compare_L2_error.py , Line : 86, Func.Name : compare_L2_error_at_timepoint, Message : snapshot_NMG = read_specific_lines(f"{root}/{NMG_fname}", line_list)', 'File : /sfs/gpfs/tardis/home/xpz5km/Cahn_Hilliard_Model_HPC/spinodal_decomp/compare_L2_error.py , Line : 21, Func.Name : read_specific_lines, Message : digits.append(float(i))']
Python,20,64,neumann,20,20,50p
NMG_Python_20_dt_5.50e-06_Nx_64_neumann_dtout_2050pphi.csv
Exception type : TypeError 
Exception message : float() argument must be a string or a real number, not 'complex'
Stack trace : ['File : /sfs/gpfs/tardis/home/xpz5km/Cahn_Hilliard_Model_HPC/spinodal_decomp/compare_L2_error.py , Line : 86, Func.Name : compare_L2_error_at_timepoint, Message : snapshot_NMG = read_specific_lines(f"{root}/{NMG_fname}", line_list)', 'File : /sfs/gpfs/tardis/home/xpz5km/Cahn_Hilliard_Model_HPC/spinodal_decomp/compare_L2_error.py , Line : 21, Func.Name : read_specific_lines, Message : digits.append(float(i))']
Python,20,128,neumann,20,20,75p
NMG_Python_20_dt_5.50e-06_Nx_128_neumann_dtout_2075pphi.csv
Exception type : TypeError 
Exception message : float() argument must be a string or a real number, not 'complex'
Stack trace : ['File : /sfs/gpfs/tardis/home/xpz5km/Cahn_Hilliard_Model_HPC/spinodal_decomp/compare_L2_error.py , Line : 86, Func.Name : compare_L2_error_at_timepoint, Message : snapshot_NMG = read_specific_lines(f"{root}/{NMG_fname}", line_list)', 'File : /sfs/gpfs/tardis/home/xpz5km/Cahn_Hilliard_Model_HPC/spinodal_decomp/compare_L2_error.py , Line : 21, Func.Name : read_specific_lines, Message : digits.append(float(i))']
Python,20,64,neumann,1,1,25p
NMG_Python_20_dt_5.50e-06_Nx_64_neumann_dtout_125pphi.csv
Exception type : TypeError 
Exception message : float() argument must be a string or a real number, not 'complex'
Stack trace : ['File : /sfs/gpfs/tardis/home/xpz5km/Cahn_Hilliard_Model_HPC/spinodal_decomp/compare_L2_error.py , Line : 86, Func.Name : compare_L2_error_at_timepoint, Message : snapshot_NMG = read_specific_lines(f"{root}/{NMG_fname}", line_list)', 'File : /sfs/gpfs/tardis/home/xpz5km/Cahn_Hilliard_Model_HPC/spinodal_decomp/compare_L2_error.py , Line : 21, Func.Name : read_specific_lines, Message : digits.append(float(i))']
Python,2000,64,neumann,2000,2000,25p not recorded; dt_out too large.
Python,20,512,periodic,1,1,25p
NMG_Python_20_dt_5.50e-06_Nx_512_periodic_dtout_125pphi.csv
Exception type : TypeError 
Exception message : float() argument must be a string or a real number, not 'complex'
Stack trace : ['File : /sfs/gpfs/tardis/home/xpz5km/Cahn_Hilliard_Model_HPC/spinodal_decomp/compare_L2_error.py , Line : 86, Func.Name : compare_L2_error_at_timepoint, Message : snapshot_NMG = read_specific_lines(f"{root}/{NMG_fname}", line_list)', 'File : /sfs/gpfs/tardis/home/xpz5km/Cahn_Hilliard_Model_HPC/spinodal_decomp/compare_L2_error.py , Line : 21, Func.Name : read_specific_lines, Message : digits.append(float(i))']
Python,2000,128,periodic,2000,2000,25p not recorded; dt_out too large.
Python,20,512,periodic,20,20,50p
NMG_Python_20_dt_5.50e-06_Nx_512_periodic_dtout_2050pphi.csv
Exception type : TypeError 
Exception message : float() argument must be a string or a real number, not 'complex'
Stack trace : ['File : /sfs/gpfs/tardis/home/xpz5km/Cahn_Hilliard_Model_HPC/spinodal_decomp/compare_L2_error.py , Line : 86, Func.Name : compare_L2_error_at_timepoint, Message : snapshot_NMG = read_specific_lines(f"{root}/{NMG_fname}", line_list)', 'File : /sfs/gpfs/tardis/home/xpz5km/Cahn_Hilliard_Model_HPC/spinodal_decomp/compare_L2_error.py , Line : 21, Func.Name : read_specific_lines, Message : digits.append(float(i))']
Python,2000,512,periodic,2000,2000,75p not recorded; dt_out too large.
Python,20,128,periodic,1,1,75p
NMG_Python_20_dt_5.50e-06_Nx_128_periodic_dtout_175pphi.csv
Exception type : TypeError 
Exception message : float() argument must be a string or a real number, not 'complex'
Stack trace : ['File : /sfs/gpfs/tardis/home/xpz5km/Cahn_Hilliard_Model_HPC/spinodal_decomp/compare_L2_error.py , Line : 86, Func.Name : compare_L2_error_at_timepoint, Message : snapshot_NMG = read_specific_lines(f"{root}/{NMG_fname}", line_list)', 'File : /sfs/gpfs/tardis/home/xpz5km/Cahn_Hilliard_Model_HPC/spinodal_decomp/compare_L2_error.py , Line : 21, Func.Name : read_specific_lines, Message : digits.append(float(i))']
Python,20,512,periodic,1,1,75p
NMG_Python_20_dt_5.50e-06_Nx_512_periodic_dtout_175pphi.csv
Exception type : TypeError 
Exception message : float() argument must be a string or a real number, not 'complex'
Stack trace : ['File : /sfs/gpfs/tardis/home/xpz5km/Cahn_Hilliard_Model_HPC/spinodal_decomp/compare_L2_error.py , Line : 86, Func.Name : compare_L2_error_at_timepoint, Message : snapshot_NMG = read_specific_lines(f"{root}/{NMG_fname}", line_list)', 'File : /sfs/gpfs/tardis/home/xpz5km/Cahn_Hilliard_Model_HPC/spinodal_decomp/compare_L2_error.py , Line : 21, Func.Name : read_specific_lines, Message : digits.append(float(i))']
Python,20,128,neumann,1,1,50p
NMG_Python_20_dt_5.50e-06_Nx_128_neumann_dtout_150pphi.csv
Exception type : TypeError 
Exception message : float() argument must be a string or a real number, not 'complex'
Stack trace : ['File : /sfs/gpfs/tardis/home/xpz5km/Cahn_Hilliard_Model_HPC/spinodal_decomp/compare_L2_error.py , Line : 86, Func.Name : compare_L2_error_at_timepoint, Message : snapshot_NMG = read_specific_lines(f"{root}/{NMG_fname}", line_list)', 'File : /sfs/gpfs/tardis/home/xpz5km/Cahn_Hilliard_Model_HPC/spinodal_decomp/compare_L2_error.py , Line : 21, Func.Name : read_specific_lines, Message : digits.append(float(i))']
Python,2000,64,periodic,2000,2000,25p not recorded; dt_out too large.
Python,20,128,periodic,20,20,75p
NMG_Python_20_dt_5.50e-06_Nx_128_periodic_dtout_2075pphi.csv
Exception type : TypeError 
Exception message : float() argument must be a string or a real number, not 'complex'
Stack trace : ['File : /sfs/gpfs/tardis/home/xpz5km/Cahn_Hilliard_Model_HPC/spinodal_decomp/compare_L2_error.py , Line : 86, Func.Name : compare_L2_error_at_timepoint, Message : snapshot_NMG = read_specific_lines(f"{root}/{NMG_fname}", line_list)', 'File : /sfs/gpfs/tardis/home/xpz5km/Cahn_Hilliard_Model_HPC/spinodal_decomp/compare_L2_error.py , Line : 21, Func.Name : read_specific_lines, Message : digits.append(float(i))']
Python,2000,64,neumann,2000,2000,50p not recorded; dt_out too large.
Python,2000,128,periodic,2000,2000,50p not recorded; dt_out too large.
Python,20,256,periodic,20,20,75p
NMG_Python_20_dt_5.50e-06_Nx_256_periodic_dtout_2075pphi.csv
Exception type : TypeError 
Exception message : float() argument must be a string or a real number, not 'complex'
Stack trace : ['File : /sfs/gpfs/tardis/home/xpz5km/Cahn_Hilliard_Model_HPC/spinodal_decomp/compare_L2_error.py , Line : 86, Func.Name : compare_L2_error_at_timepoint, Message : snapshot_NMG = read_specific_lines(f"{root}/{NMG_fname}", line_list)', 'File : /sfs/gpfs/tardis/home/xpz5km/Cahn_Hilliard_Model_HPC/spinodal_decomp/compare_L2_error.py , Line : 21, Func.Name : read_specific_lines, Message : digits.append(float(i))']
Python,20,512,neumann,1,1,75p
NMG_Python_20_dt_5.50e-06_Nx_512_neumann_dtout_175pphi.csv
Exception type : TypeError 
Exception message : float() argument must be a string or a real number, not 'complex'
Stack trace : ['File : /sfs/gpfs/tardis/home/xpz5km/Cahn_Hilliard_Model_HPC/spinodal_decomp/compare_L2_error.py , Line : 86, Func.Name : compare_L2_error_at_timepoint, Message : snapshot_NMG = read_specific_lines(f"{root}/{NMG_fname}", line_list)', 'File : /sfs/gpfs/tardis/home/xpz5km/Cahn_Hilliard_Model_HPC/spinodal_decomp/compare_L2_error.py , Line : 21, Func.Name : read_specific_lines, Message : digits.append(float(i))']
Python,20,64,neumann,20,20,25p
NMG_Python_20_dt_5.50e-06_Nx_64_neumann_dtout_2025pphi.csv
Exception type : TypeError 
Exception message : float() argument must be a string or a real number, not 'complex'
Stack trace : ['File : /sfs/gpfs/tardis/home/xpz5km/Cahn_Hilliard_Model_HPC/spinodal_decomp/compare_L2_error.py , Line : 86, Func.Name : compare_L2_error_at_timepoint, Message : snapshot_NMG = read_specific_lines(f"{root}/{NMG_fname}", line_list)', 'File : /sfs/gpfs/tardis/home/xpz5km/Cahn_Hilliard_Model_HPC/spinodal_decomp/compare_L2_error.py , Line : 21, Func.Name : read_specific_lines, Message : digits.append(float(i))']
Python,20,64,neumann,20,20,75p
NMG_Python_20_dt_5.50e-06_Nx_64_neumann_dtout_2075pphi.csv
Exception type : TypeError 
Exception message : float() argument must be a string or a real number, not 'complex'
Stack trace : ['File : /sfs/gpfs/tardis/home/xpz5km/Cahn_Hilliard_Model_HPC/spinodal_decomp/compare_L2_error.py , Line : 86, Func.Name : compare_L2_error_at_timepoint, Message : snapshot_NMG = read_specific_lines(f"{root}/{NMG_fname}", line_list)', 'File : /sfs/gpfs/tardis/home/xpz5km/Cahn_Hilliard_Model_HPC/spinodal_decomp/compare_L2_error.py , Line : 21, Func.Name : read_specific_lines, Message : digits.append(float(i))']
Python,2000,64,periodic,2000,2000,50p not recorded; dt_out too large.
Python,20,512,periodic,20,20,75p
NMG_Python_20_dt_5.50e-06_Nx_512_periodic_dtout_2075pphi.csv
Exception type : TypeError 
Exception message : float() argument must be a string or a real number, not 'complex'
Stack trace : ['File : /sfs/gpfs/tardis/home/xpz5km/Cahn_Hilliard_Model_HPC/spinodal_decomp/compare_L2_error.py , Line : 86, Func.Name : compare_L2_error_at_timepoint, Message : snapshot_NMG = read_specific_lines(f"{root}/{NMG_fname}", line_list)', 'File : /sfs/gpfs/tardis/home/xpz5km/Cahn_Hilliard_Model_HPC/spinodal_decomp/compare_L2_error.py , Line : 21, Func.Name : read_specific_lines, Message : digits.append(float(i))']
Python,20,512,neumann,20,20,25p
NMG_Python_20_dt_5.50e-06_Nx_512_neumann_dtout_2025pphi.csv
Exception type : TypeError 
Exception message : float() argument must be a string or a real number, not 'complex'
Stack trace : ['File : /sfs/gpfs/tardis/home/xpz5km/Cahn_Hilliard_Model_HPC/spinodal_decomp/compare_L2_error.py , Line : 86, Func.Name : compare_L2_error_at_timepoint, Message : snapshot_NMG = read_specific_lines(f"{root}/{NMG_fname}", line_list)', 'File : /sfs/gpfs/tardis/home/xpz5km/Cahn_Hilliard_Model_HPC/spinodal_decomp/compare_L2_error.py , Line : 21, Func.Name : read_specific_lines, Message : digits.append(float(i))']
Python,20,512,neumann,1,1,50p
NMG_Python_20_dt_5.50e-06_Nx_512_neumann_dtout_150pphi.csv
Exception type : TypeError 
Exception message : float() argument must be a string or a real number, not 'complex'
Stack trace : ['File : /sfs/gpfs/tardis/home/xpz5km/Cahn_Hilliard_Model_HPC/spinodal_decomp/compare_L2_error.py , Line : 86, Func.Name : compare_L2_error_at_timepoint, Message : snapshot_NMG = read_specific_lines(f"{root}/{NMG_fname}", line_list)', 'File : /sfs/gpfs/tardis/home/xpz5km/Cahn_Hilliard_Model_HPC/spinodal_decomp/compare_L2_error.py , Line : 21, Func.Name : read_specific_lines, Message : digits.append(float(i))']
Python,20,64,periodic,1,1,25p
NMG_Python_20_dt_5.50e-06_Nx_64_periodic_dtout_125pphi.csv
Exception type : TypeError 
Exception message : float() argument must be a string or a real number, not 'complex'
Stack trace : ['File : /sfs/gpfs/tardis/home/xpz5km/Cahn_Hilliard_Model_HPC/spinodal_decomp/compare_L2_error.py , Line : 86, Func.Name : compare_L2_error_at_timepoint, Message : snapshot_NMG = read_specific_lines(f"{root}/{NMG_fname}", line_list)', 'File : /sfs/gpfs/tardis/home/xpz5km/Cahn_Hilliard_Model_HPC/spinodal_decomp/compare_L2_error.py , Line : 21, Func.Name : read_specific_lines, Message : digits.append(float(i))']
Python,2000,128,neumann,2000,2000,75p not recorded; dt_out too large.
Python,20,128,periodic,20,20,50p
NMG_Python_20_dt_5.50e-06_Nx_128_periodic_dtout_2050pphi.csv
Exception type : TypeError 
Exception message : float() argument must be a string or a real number, not 'complex'
Stack trace : ['File : /sfs/gpfs/tardis/home/xpz5km/Cahn_Hilliard_Model_HPC/spinodal_decomp/compare_L2_error.py , Line : 86, Func.Name : compare_L2_error_at_timepoint, Message : snapshot_NMG = read_specific_lines(f"{root}/{NMG_fname}", line_list)', 'File : /sfs/gpfs/tardis/home/xpz5km/Cahn_Hilliard_Model_HPC/spinodal_decomp/compare_L2_error.py , Line : 21, Func.Name : read_specific_lines, Message : digits.append(float(i))']
Python,20,256,periodic,20,20,50p
NMG_Python_20_dt_5.50e-06_Nx_256_periodic_dtout_2050pphi.csv
Exception type : TypeError 
Exception message : float() argument must be a string or a real number, not 'complex'
Stack trace : ['File : /sfs/gpfs/tardis/home/xpz5km/Cahn_Hilliard_Model_HPC/spinodal_decomp/compare_L2_error.py , Line : 86, Func.Name : compare_L2_error_at_timepoint, Message : snapshot_NMG = read_specific_lines(f"{root}/{NMG_fname}", line_list)', 'File : /sfs/gpfs/tardis/home/xpz5km/Cahn_Hilliard_Model_HPC/spinodal_decomp/compare_L2_error.py , Line : 21, Func.Name : read_specific_lines, Message : digits.append(float(i))']
Python,2000,256,neumann,2000,2000,50p not recorded; dt_out too large.
Python,20,64,periodic,20,20,50p
NMG_Python_20_dt_5.50e-06_Nx_64_periodic_dtout_2050pphi.csv
Exception type : TypeError 
Exception message : float() argument must be a string or a real number, not 'complex'
Stack trace : ['File : /sfs/gpfs/tardis/home/xpz5km/Cahn_Hilliard_Model_HPC/spinodal_decomp/compare_L2_error.py , Line : 86, Func.Name : compare_L2_error_at_timepoint, Message : snapshot_NMG = read_specific_lines(f"{root}/{NMG_fname}", line_list)', 'File : /sfs/gpfs/tardis/home/xpz5km/Cahn_Hilliard_Model_HPC/spinodal_decomp/compare_L2_error.py , Line : 21, Func.Name : read_specific_lines, Message : digits.append(float(i))']
Python,2000,512,neumann,2000,2000,25p not recorded; dt_out too large.
Python,20,512,neumann,20,20,75p
NMG_Python_20_dt_5.50e-06_Nx_512_neumann_dtout_2075pphi.csv
Exception type : TypeError 
Exception message : float() argument must be a string or a real number, not 'complex'
Stack trace : ['File : /sfs/gpfs/tardis/home/xpz5km/Cahn_Hilliard_Model_HPC/spinodal_decomp/compare_L2_error.py , Line : 86, Func.Name : compare_L2_error_at_timepoint, Message : snapshot_NMG = read_specific_lines(f"{root}/{NMG_fname}", line_list)', 'File : /sfs/gpfs/tardis/home/xpz5km/Cahn_Hilliard_Model_HPC/spinodal_decomp/compare_L2_error.py , Line : 21, Func.Name : read_specific_lines, Message : digits.append(float(i))']
Python,20,256,neumann,20,20,25p
NMG_Python_20_dt_5.50e-06_Nx_256_neumann_dtout_2025pphi.csv
Exception type : TypeError 
Exception message : float() argument must be a string or a real number, not 'complex'
Stack trace : ['File : /sfs/gpfs/tardis/home/xpz5km/Cahn_Hilliard_Model_HPC/spinodal_decomp/compare_L2_error.py , Line : 86, Func.Name : compare_L2_error_at_timepoint, Message : snapshot_NMG = read_specific_lines(f"{root}/{NMG_fname}", line_list)', 'File : /sfs/gpfs/tardis/home/xpz5km/Cahn_Hilliard_Model_HPC/spinodal_decomp/compare_L2_error.py , Line : 21, Func.Name : read_specific_lines, Message : digits.append(float(i))']
Python,2000,64,neumann,2000,2000,75p not recorded; dt_out too large.
Python,20,128,neumann,20,20,25p
NMG_Python_20_dt_5.50e-06_Nx_128_neumann_dtout_2025pphi.csv
Exception type : TypeError 
Exception message : float() argument must be a string or a real number, not 'complex'
Stack trace : ['File : /sfs/gpfs/tardis/home/xpz5km/Cahn_Hilliard_Model_HPC/spinodal_decomp/compare_L2_error.py , Line : 86, Func.Name : compare_L2_error_at_timepoint, Message : snapshot_NMG = read_specific_lines(f"{root}/{NMG_fname}", line_list)', 'File : /sfs/gpfs/tardis/home/xpz5km/Cahn_Hilliard_Model_HPC/spinodal_decomp/compare_L2_error.py , Line : 21, Func.Name : read_specific_lines, Message : digits.append(float(i))']
Python,20,64,periodic,20,20,75p
NMG_Python_20_dt_5.50e-06_Nx_64_periodic_dtout_2075pphi.csv
Exception type : TypeError 
Exception message : float() argument must be a string or a real number, not 'complex'
Stack trace : ['File : /sfs/gpfs/tardis/home/xpz5km/Cahn_Hilliard_Model_HPC/spinodal_decomp/compare_L2_error.py , Line : 86, Func.Name : compare_L2_error_at_timepoint, Message : snapshot_NMG = read_specific_lines(f"{root}/{NMG_fname}", line_list)', 'File : /sfs/gpfs/tardis/home/xpz5km/Cahn_Hilliard_Model_HPC/spinodal_decomp/compare_L2_error.py , Line : 21, Func.Name : read_specific_lines, Message : digits.append(float(i))']
Python,20,256,periodic,1,1,75p
NMG_Python_20_dt_5.50e-06_Nx_256_periodic_dtout_175pphi.csv
Exception type : TypeError 
Exception message : float() argument must be a string or a real number, not 'complex'
Stack trace : ['File : /sfs/gpfs/tardis/home/xpz5km/Cahn_Hilliard_Model_HPC/spinodal_decomp/compare_L2_error.py , Line : 86, Func.Name : compare_L2_error_at_timepoint, Message : snapshot_NMG = read_specific_lines(f"{root}/{NMG_fname}", line_list)', 'File : /sfs/gpfs/tardis/home/xpz5km/Cahn_Hilliard_Model_HPC/spinodal_decomp/compare_L2_error.py , Line : 21, Func.Name : read_specific_lines, Message : digits.append(float(i))']
Python,20,64,periodic,1,1,50p
NMG_Python_20_dt_5.50e-06_Nx_64_periodic_dtout_150pphi.csv
Exception type : TypeError 
Exception message : float() argument must be a string or a real number, not 'complex'
Stack trace : ['File : /sfs/gpfs/tardis/home/xpz5km/Cahn_Hilliard_Model_HPC/spinodal_decomp/compare_L2_error.py , Line : 86, Func.Name : compare_L2_error_at_timepoint, Message : snapshot_NMG = read_specific_lines(f"{root}/{NMG_fname}", line_list)', 'File : /sfs/gpfs/tardis/home/xpz5km/Cahn_Hilliard_Model_HPC/spinodal_decomp/compare_L2_error.py , Line : 21, Func.Name : read_specific_lines, Message : digits.append(float(i))']
Python,20,128,periodic,1,1,25p
NMG_Python_20_dt_5.50e-06_Nx_128_periodic_dtout_125pphi.csv
Exception type : TypeError 
Exception message : float() argument must be a string or a real number, not 'complex'
Stack trace : ['File : /sfs/gpfs/tardis/home/xpz5km/Cahn_Hilliard_Model_HPC/spinodal_decomp/compare_L2_error.py , Line : 86, Func.Name : compare_L2_error_at_timepoint, Message : snapshot_NMG = read_specific_lines(f"{root}/{NMG_fname}", line_list)', 'File : /sfs/gpfs/tardis/home/xpz5km/Cahn_Hilliard_Model_HPC/spinodal_decomp/compare_L2_error.py , Line : 21, Func.Name : read_specific_lines, Message : digits.append(float(i))']
DONE
