0.9844156247969048,1.000724449421525,1.0112101886570366,0.9201192803446085,0.6886807606107717,0.641576113366085,0.8301626896061165,0.9748271779918198,0.9835969210958053,0.994527188606662,1.0224755807212669,0.9361845251733202,0.6949628257083569,0.16260184347811785,0.2791349454897078,-0.32236069282747515,-0.3790464194514203,0.5314417850346169,0.8484656910366983,0.6277641799233477,-0.2387522240155982,-0.4264701754956105,0.48039233590871244,0.8261102349385174,0.6935576729028314,0.22301152496344084,0.687204695421683,0.9236026783117242,0.9820151349247764,0.9552798481084291,0.9789925950846584,0.9949963865393463,0.9332706647497979,0.6604170454772712,-0.08420633989456668,-0.32233246015029526,-0.026458709679874185,0.0008568173902122034,0.6799311468543867,0.9296494164084662,1.0166032627718888,0.9902428398552308,0.9142901483843537,0.6965021538145711,0.14557161695561394,0.4686038569689124,0.7364192328323824,0.7418445624849419,0.9180246690972818,0.9248628936682091,0.5786135493113488,-0.036638366229307724,0.6065116773987564,0.8255458537309265,0.6999643656813812,0.527147290946477,0.34993329796558414,0.12165182332780004,0.5942087376593078,0.5937895314166557,0.571376500240406,0.5765338733407582,0.5020433897426286,-0.12019391593388633,-0.1610310735545713,0.19873830908747442,-0.32632417708248296,-0.4794803397568702,-0.29867995850238843,0.36763927929593465,0.7623130478434041,0.6918802784418345,0.13772782124017718,0.3825694846957355,0.4908675335837925,0.18991107097810053,0.7023371023564896,0.9308951723109038,1.0122060000005462,0.8567788286027599,0.41488627356711877,-0.28757250656884215,-0.6296475835209322,-0.7625735178699732,-0.38809381899112133,0.2703612876796482,0.04894498253240431,0.3311958117116403,0.5770192147619974,0.8570315629909139,0.9016925080508891,0.7932679667265344,0.8513832001102467,0.6119964407353746,-0.06377986014011457,0.5540579999416784,0.9107176312346533,0.9349863303589405,0.792727799965557,0.847274372658641,0.7019928458562257,0.07686624123368348,0.1079268470454506,-0.032352334033229,0.6189792242107188,0.9197095011417704,0.999470538401382,1.0130478160283758,0.9513727388699057,0.6117219582116434,-0.07364789835875334,0.5869302360346689,0.8234320250164688,0.5922982076182409,-0.022192809968525202,0.5879518688480286,0.8713342515323317,0.6428950086829588,-0.09594549536997551,0.339635180724182,0.7426615661941509,0.6901868440106835,0.16306389659684023,0.4235653344676802,0.4948847008350489,-0.28597444158705493,-0.8825998123342365,-1.0591964247052326
0.9330655064237253,0.9720872583309798,0.9707550104131268,0.7929975825471574,0.2442522799019959,0.1542446164397844,0.5535401104720973,0.7564770364034827,0.689615893749733,0.7268256466112812,0.8167262315517976,0.712322276908631,0.6249918101825875,0.5601193013838778,0.4877882357538419,0.2898924406107178,0.00394094537716639,0.5650708658593855,0.668828726692078,0.49432372712719264,0.03567138621964012,-0.29446889990166064,0.5282708017330734,0.8741317923290289,0.8755579760206151,0.7357666293887759,0.8386896469991992,0.9391531078305436,0.9206712173826976,0.8175484749438715,0.9057324000918783,0.9432196644563952,0.9528271411376176,0.8610763705644193,0.5182335717441607,0.07911285253489583,-0.17193005170800876,0.3745202717339579,0.7302867345438425,0.783755210322618,0.8339042183844634,0.7361230399325575,0.7138270959065788,0.752122492398807,0.5348350630936676,0.2503433647014227,0.5326646784291751,0.3890890435965179,0.8082993926560794,0.8492638558192217,0.5021202939962491,0.08186050834317342,0.5670484458234339,0.5181130164147479,0.13130101936075422,-0.04773880225343962,-0.0028404337340380394,0.3709105437304876,0.3731680497342612,-0.09559573616427737,-0.10580769458832695,0.12530865051023954,0.5915388047949292,0.5402997954156106,0.5160376638607909,0.4520071804782834,0.2744321144657408,0.3355379148171426,0.370271624772593,0.2962765483912007,0.7319611340820708,0.8051048215732401,0.558029065908308,0.2817672077556437,0.6068500568698404,0.6601189652880792,0.7784687450929929,0.7975302096256052,0.8507700446497329,0.5761498719453795,0.17582066228846147,0.3055549052483152,0.17239272787083046,-0.14942108751116237,0.29201849531530416,0.48999792458356256,0.3478790444433201,-0.1006674655021206,0.10640040978407232,0.7037559422647,0.7655984451785415,0.43537031836871876,0.7461765973537101,0.5749802040301605,-0.1589171109119487,0.347815369064325,0.7757953849280524,0.7728177812850675,0.45786307993177117,0.7976631895115136,0.8200509581309786,0.42338769131750803,-0.10366073578446065,0.12674887143232316,0.49758412645382033,0.8448928301904417,0.974708699187844,1.0074885975958554,0.9457184884260946,0.6204957301329609,-0.04014806567230426,0.5256450519819778,0.6101582067609331,0.3694035782211392,-0.06201343411374721,0.4584101723424585,0.7686928177531278,0.6141616358175189,-0.04325186321928926,0.07352095931376859,0.688285776011159,0.7866202528272997,0.556701568202057,0.2959137022459576,0.6013686125792861,0.2156756754469633,-0.5850410673710572,-0.7151012845932431
0.6960333930980994,0.8472474931439626,0.9392904586668522,0.8922374474207496,0.6772335144766333,0.513517997306689,0.2087225052172822,0.24382527935029802,-0.11987510640699163,-0.001958554176965519,0.26847437698631194,0.044963921509180715,0.13560433136965913,0.49615122262016526,0.29250511621973607,0.5947772675963046,0.5674760784491358,0.4892405842240286,0.1237921275977198,-0.09460242302566604,-0.22998458038217634,-0.15063871407217733,0.5872950453624731,0.9047770972701922,0.9558636392004596,0.8701495434461528,0.7825507597134133,0.8713127734212176,0.7969059652156826,0.4510684071533637,0.7326408029047969,0.7651624727220137,0.9016336461808028,0.9161639485546892,0.6168104176093063,-0.14994029284735666,-0.1905744615436776,0.44786157754601735,0.525146872365539,0.2594941134784533,0.3809505133969817,0.1091386398123625,0.17655412768176793,0.6921169004235093,0.7205620227986133,0.4511429237308552,0.5205016611179539,0.6630548149133834,0.8361172103025973,0.7643649580634643,0.30633901365599714,0.48478119966933536,0.5274565930884758,0.06804415893016137,0.3103399315185472,0.25622214653246755,0.2825686458719043,0.47043116623533887,0.06697263484619619,-0.1981415714788693,0.15152671360171474,0.523513003786912,0.7301508198020079,0.6676965719042202,0.6215810459608967,0.1851404748698925,0.1495365101368889,0.6308545403195802,0.7784175012343861,0.7148917795086037,0.7049689556003434,0.8448182380312081,0.8243884005624597,0.6956698181712054,0.6785100065205778,0.7310557130894113,0.5781237022439845,0.30561497037504914,0.5064929646491065,0.04597094563608312,0.2675905363087927,0.5327911637790921,0.49578977579808575,0.5143481048463455,0.6163321282599319,0.352168742491909,0.46123419263343707,0.0664129325667557,0.4924134007834158,0.814162893632505,0.7890710458226806,0.6159454133313406,0.7782148248062815,0.5342824758176757,-0.3573557862781009,-0.23123766830274944,0.4849805438558714,0.6407527017372385,0.7192092953946627,0.8689441265351441,0.8308807825562731,0.4143524774207195,-0.18703266284515455,-0.2839826724020666,-0.09642789608387803,0.6448186605219184,0.924880386627603,0.9950461341080592,0.9471428755570919,0.7012829829401924,0.1355558868401816,0.4289002089939202,0.0666956836153679,-0.20963371779807088,-0.02172953139625496,0.06423267448772933,0.4422375888570734,0.528220358680964,0.4674449715766561,0.464271107901723,0.695497157992581,0.6888885143462276,0.6989524735866095,0.5811514053529873,0.6987093039938032,0.4018335611378176,-0.08393378988263772,0.2278462795880006
0.1257574526511884,0.5474195640070192,0.8543092722594804,0.9381306884135991,0.8832365258772098,0.7895115129126719,0.4224057118139885,-0.1881226536150842,-0.2553307928452514,0.07007561244554039,-0.15849075374699118,0.16604571167650317,0.51117717480302,0.7035032058227744,0.5883670567268153,0.7373515372206773,0.6974847693105894,0.33390010397127634,0.4391095014357762,0.3175651235607902,0.396310881253201,0.5044433238213882,0.6796683894712828,0.8990359668582026,0.9442150081106988,0.8085507535493329,0.46287091777892436,0.7864566924503846,0.8283030095725366,0.7108432758884063,0.694813046630591,0.42816601249676195,0.811554730064537,0.9123199321050133,0.6635496610889146,0.02390564839190359,0.19575493168302377,0.4782051880385427,0.25741563324529004,0.39969856466743153,0.18414134239411212,0.36420807097008384,0.4440173414727252,0.7457566702815646,0.6342939540318737,-0.0065195385994413655,0.07630806161115297,0.5737660162358884,0.705807308934182,0.7541734460100487,0.5754418517836024,0.6414611578168735,0.38742972149612653,-0.1237159121147916,0.27225196105926097,-0.038002088809938744,-0.07484507725626832,0.5207412344178628,0.46306636943543117,0.17492057291273103,0.10752375781736495,0.5774139655697138,0.5541816413343451,0.3138032811384014,0.6580733466714431,0.6300572119027741,0.6894681284475002,0.878378462332743,0.890512222016311,0.698684003139905,0.24867231899371411,0.7080255305446096,0.8614307146844349,0.7520515357764938,0.40367511472477235,0.5848200137962808,0.19894521410704083,0.29796828320644664,0.4332670939939511,-0.05331276188298905,-0.03788143116055237,0.22113956077070826,-0.014584326584502712,0.4278520206538069,0.7488262995703028,0.7687436396571887,0.7962429068887152,0.703669460364425,0.8352680876867035,0.8444483297971682,0.5711197908035673,0.31146272360192706,0.7085943517585203,0.5239100925774142,-0.3485318013971259,-0.3258478466636325,0.19982426873909312,0.21751533695677477,0.6449496541068069,0.6854138872442678,0.6338911073479176,0.08550227195427103,0.18174131044042272,0.07472382122057993,-0.00979270045492126,0.6582343352208788,0.9268715072153383,0.9939263216749976,0.9899214107206341,0.8823977796754774,0.6370007579788237,0.5478140952504703,0.3322181919963346,-0.15431160954040682,-0.09761238480778334,0.18996002620577032,-0.11378756131391739,0.01719248735908568,0.4369820004185775,0.19795910991329385,0.28098008746146125,0.055076915961467895,0.4713742551859283,0.31828783608612726,0.584805013757345,0.26737344461388335,0.5238620353721648,0.7814693937538052
0.4401406807769737,0.2832241115388573,0.7511899262526918,0.8846135462090717,0.814569405722728,0.7778505051788787,0.4138938546931203,-0.025426571407493204,0.24855796617113024,0.18698703078787235,-0.18454823663535114,0.01134277580548214,0.5889238559251253,0.6967937712516332,0.30406124901599013,0.570020035985664,0.7733929487959681,0.7310567876840542,0.5847141916793046,0.013077404022161945,0.3213195985878293,0.5547973988368213,0.4077475840859212,0.8167049886589063,0.9468182209361168,0.9108005542573533,0.768860820479817,0.7858242224580091,0.6765663010839083,0.6506851166170013,0.7785348674077786,0.7734730055635725,0.888208321559432,0.8942085016496306,0.6904167421819005,0.44278976664524583,0.12116002296094056,0.4463443619318445,0.6315992825858865,0.7444609440128183,0.594680262351427,0.42081893619307,0.2201813211349691,0.6850956030593195,0.6563205289685976,0.11958582303103311,0.3496077085952197,0.4191267981210976,0.25016672185553707,0.5623888138734577,0.3182228052367325,0.49532423878725707,0.06719087653953837,-0.06376775687940477,0.44039583429649315,0.4001928073676132,0.1233942726433428,0.5565617252746623,0.35010918042810385,-0.056645424570479934,0.39467690374995407,0.5827974396189677,0.25129172536856,0.4027698730752064,0.6811870728530286,0.6943884777295042,0.8442705287255546,0.8962196609019119,0.7425796985442594,0.6274764580359165,0.21637774697100162,0.7042681512243374,0.9061738656015227,0.9020151553755195,0.8016706692566368,0.7172389899892277,0.26250141677824046,-0.041385515755011745,0.49907350607779577,0.5463810965548718,0.42572764580680866,-0.04408506725472354,-0.26121534260640106,0.06005021309196968,0.709160187983452,0.904597820482653,0.9477419102265167,0.9435317410330392,0.9322721002878562,0.6987339604544938,0.14431775099714095,0.5140682569105581,0.7963369069106906,0.6297681600960415,-0.030020802843398142,0.14252184541580584,0.06703845255553693,0.3336553644633281,0.5161675216986258,0.166423782910803,0.42675862093265554,-0.013100203461449566,0.12385703473553326,0.0070066105186332925,0.44838605079498156,0.7927907965212564,0.9493452901958396,1.0021564938799652,0.9929458662273922,0.8579549056862921,0.5573320695250854,0.17795429212597857,0.35268515710622184,0.478327261313562,0.5735383680114402,0.5080208873547485,0.018157851409006574,0.28277464004815633,0.6218224449133977,0.4246786552892636,-0.18361650973245058,-0.13844235259919688,0.49860862796095173,0.656651599550505,0.7366634700536933,0.5896168132434908,0.8017766862409651,0.9755258020432431
0.7251682037968704,0.5698602487226875,0.7516595275021758,0.7656850537115467,0.3905926729638021,0.4890327869228567,0.06928107159731282,0.37921069391468,0.44039932066957216,0.022398765510771152,0.33584494423458144,0.5309644781654769,0.6303725422625092,0.6905128230694796,0.3958167900208802,0.26226242540678246,0.7480096438929735,0.8559374853261479,0.5470040328467506,-0.31277997413264597,-0.22901826896564437,0.46239262387979424,0.6709755101824323,0.8945053031763772,0.9791216589623009,0.9149313344187372,0.680231094654649,0.4742489441630198,0.08759987570789707,0.1797293206017989,0.6763895780814951,0.7901834252021457,0.7508530339986228,0.7182558205412206,0.3854166587620939,0.5165517811919047,0.31081909553339815,0.22904445411763963,0.7154631806141767,0.8104099464533919,0.5115464463620738,0.13366695238299023,0.35489794912345884,0.75025823953223,0.8347450686835545,0.6308459421352443,0.42432967201010285,0.09559232974356463,0.33466133897397393,0.6789542883008344,0.6745547614256492,0.6170423542853252,0.5446826339235333,0.5450650557069497,0.6304470297377169,0.7388341658200634,0.6881194562432453,0.5867016663595921,-0.08049864776023065,-0.12155893932571288,0.48726632779943546,0.5874579541794012,0.4901461848694611,0.2499941780309866,0.5506748613284448,0.3517807361142176,0.741018902948186,0.7089229404908185,0.25258370567695604,0.5976194512717817,0.6388060039959865,0.8586488220742128,0.9621154125427313,0.9631423779772468,0.9146589795143477,0.6264359247297528,-0.11665829640637164,-0.12519297083765807,0.56648890541404,0.8260501599190813,0.7605713684656219,0.3873135086770221,0.23362506110038286,0.5277409577516944,0.8522919845926084,0.971700964795755,0.999363366232193,0.9978168390168622,0.8951986588985943,0.5358049216993991,0.0886524319965746,0.6166358384264871,0.8001951661157652,0.6188710929798378,0.32344935583274265,0.34338006201249344,0.3738341780999687,0.2149646861812183,0.4885017681684192,0.17330122429350353,0.486143893841324,0.18060325892832582,-0.18390724871422215,0.19083315063133033,0.6058954310409904,0.7357764636042808,0.9068054992681462,0.9789171261712891,0.9086076116231974,0.6231892013608964,0.1455470347801606,0.050959928418626683,-0.063064225788755,0.532777120178981,0.7282297494911829,0.6296297942397038,0.44764991056028475,0.23454359399642857,0.6738949696453471,0.5298779050092585,-0.1585605826018252,0.2341280411236411,0.4999197760258927,0.5997646976550575,0.6316616653055084,0.36829964572298834,0.803550574630734,0.9936889643870588
0.7257013245903271,0.32363120332300294,0.5733168383970103,0.7001544065593923,0.43540353388871306,0.32313135791548997,0.03069853280651935,0.4892676137709874,0.43009443842845124,0.10962938272504731,0.5763208180665571,0.6025594828003394,0.15735199115167894,0.4671769657006999,0.22583490448990204,0.5677207853928282,0.8622037411885828,0.8574966271324639,0.38892000772337987,-0.42635180965879965,-0.33748115049259586,0.2864533527950535,0.5935352519760729,0.8668332991676025,0.9193161866725403,0.750224314139026,0.2232878904557624,0.03881971324857353,0.20406737224853305,0.44860476940827193,0.5137636943389721,0.4458040034325078,0.23985613913161802,0.5143573108019139,0.5774082091529626,0.46541730673846693,0.18610209856805518,0.5182062554560005,0.7753215196563549,0.6905572466205323,0.11293855815328432,0.26932852886180264,0.21994016796990873,0.7391916704242636,0.8665057012237553,0.7223390328258152,0.217195255619832,0.15647261553488184,0.11131702304969411,0.6509557372683105,0.6779126452079854,0.3167863430014747,0.47194883882877786,0.5884627477253854,0.36503111461319193,0.7726833203563316,0.8675992123111668,0.6928515537056723,0.12623712547925978,0.4023436847522251,0.5797207092016808,0.3589798571723378,0.6596167625618533,0.6971008169540969,0.7334958531181184,0.5986581100767164,0.7690515763862105,0.6676646963715589,0.21450425631404849,0.5698678840209951,0.6661097837261695,0.8680189876702894,0.8778728412738582,0.7819550570324383,0.7956626290068551,0.5055062423045261,0.00836524669749089,0.3035428910996414,0.5865965094251048,0.8400602455046093,0.721293143198322,0.09760779646478533,-0.06582370987260995,0.5771823492326057,0.8694195297643801,0.9759093012606543,1.0099045639351163,0.9799313956972506,0.7747823724189358,0.24077904768874536,0.2928376639569502,0.6168549362217098,0.49601514127083657,-0.025954289927614477,-0.3956376688122956,-0.333632626187049,0.2618234157703369,0.5853570740361695,0.7763907972071462,0.7087373011710255,0.6367639637834088,0.02612762240586749,-0.28521207283485567,-0.04165286383992365,0.49130725784228685,0.3910006540784316,0.8063320628332664,0.9206848991054549,0.7762443610882287,0.31355638143311965,0.2458255866212944,-0.269947369846165,-0.23929097659471735,0.27389336402327497,0.43473546902868276,0.2872472373608401,0.5700708293064685,0.5456530318189972,0.7697382624529854,0.5899907000668797,-0.08770824160563197,0.2974875873889807,0.11286896542708989,0.12899767859801323,0.4666576032421924,0.6592336725500986,0.8914305639600639,0.9639151113210308
0.8459033406863152,0.605176806377798,0.319054609804422,0.4564575249113306,-0.1239397329903572,-0.11815971813421522,0.17422301499431034,0.4657304013071517,0.26166418701572125,0.5555098527290072,0.7878234381335244,0.6306322656206294,0.03452419987818329,0.5148894824967447,0.6299077929454303,0.8256092826804965,0.9395606622953376,0.7808152406281516,0.08817941676606222,-0.22838789099582532,0.10227334740224263,0.028130733114409574,0.1932021145431634,0.6605659539158474,0.6676411859556742,0.5880359463451682,0.5421262941237592,0.374888102908988,-0.003095420337915412,0.294964395088524,-0.16672480677122403,-0.25400221863407435,0.1657336965552981,0.16835411869326966,0.5117275903996881,0.2527617328286415,0.47496349504264584,0.5568027608571486,0.6349093845706905,0.6122076166559574,0.16885566467537363,0.5506140355749561,0.6882043660345543,0.8379940073594958,0.7963990311382237,0.8067464642640977,0.5429773163805492,0.0874996511980099,0.31375334091194085,0.6698643216291157,0.6421618643726816,0.44934291435150586,0.06962351375802713,0.4944737628747566,0.5108444665322625,0.8073070499961749,0.909709979210057,0.8791575685917137,0.7264631283698628,0.749058676409722,0.6795661251932422,0.7071753845496936,0.8605974769527,0.8831922220139679,0.7761134386618433,0.4048311016456368,0.6716672464379917,0.632593464512339,0.5137784621071547,0.45587776803915375,0.3139466410328501,0.6619875700912624,0.4757699128325375,0.10974422550019236,0.4496296369305563,0.19924036472230072,0.33765643744653734,0.30325272367357353,0.10505911945498374,0.6074620974408597,0.6178983504020369,0.4033477227889912,0.08521860643824727,0.5718373971524033,0.7389934275343377,0.9208899947678634,0.990705422834297,0.9360448026963248,0.7001021117259906,0.41842641453788415,0.01608932866428489,0.36653597316377134,-0.051295067671744334,-0.14649107731298533,-0.671451003888902,-0.6668679385695244,-0.11813889771924035,0.6083950730336951,0.8951808601079607,0.9426487728439009,0.8896630612068664,0.6052475818921689,0.3329415093927061,0.5262045970703547,0.766009277615335,0.784954496076631,0.9109015240736749,0.908089226954497,0.7318358301474114,0.6190334432054267,0.5161763481212331,0.002275546777231424,0.1171917292166792,-0.17572943384117062,0.011178985189626303,0.4869105176797054,0.6316429370471286,0.35786625328021776,0.7229563897079908,0.6287995499116801,0.14986402233489432,0.5601874454422635,0.569930164549729,0.4883058719770956,0.30423035951287475,0.7231445482848903,0.855990914376914,0.7644964291965876
0.9460227568180617,0.8698846996552279,0.7252396057190442,0.5016831421987775,-0.17005782047106527,0.06170978789970822,-0.12665676591761837,0.347343518477548,0.6147967928242327,0.8356218159459599,0.8828858759757935,0.7026977858080065,0.1931889237981245,0.582620501117492,0.647304091392519,0.8673479544544238,0.9724903758607885,0.8517823584326637,0.47496681072070146,0.5009798599998864,0.6614303761489435,0.6206820636273034,0.5978448937074037,0.47891732853878594,0.060479947116406724,-0.015757638762702437,0.5231247691942178,0.5302376389684977,0.12358871740584246,0.34853651479508513,-0.22329328299684803,-0.43369552190292293,0.06629659009445667,0.31156413798847443,0.6031077889022067,0.4866849475052318,0.5384724666782743,0.18544523515293784,0.2157023417365147,0.6458994400760966,0.6819431749338758,0.8052674842514842,0.8451377593731954,0.7870286615435976,0.44243570485916855,0.7672727356570628,0.712933785073047,0.35306379391917286,0.165436972815084,0.5454607772845079,0.3310975158173906,0.39619669518497114,-0.12586657486255098,0.28682543104224595,0.08813927054143711,0.6202379821782207,0.7510232433155162,0.8938357846922448,0.9049584551326472,0.7853559036242133,0.4040048780225674,0.7480306005949625,0.9180883077248438,0.9325411855806212,0.8964965067460663,0.7007434389837864,0.498913673930734,0.18859754929083822,0.3048583675640946,0.17790241444810836,0.5214718087114928,0.5455244964047743,-0.08169261416289167,-0.17843538735208664,0.25616790417531915,0.2996962644386574,0.28245995677924457,-0.07354471581405425,-0.16449816886961166,0.21601612687210067,0.12875890704280374,0.39789539252182776,0.44271457403126185,0.4287229798746208,0.32646613918625,0.7549642627736243,0.8904525169613987,0.8075199134732642,0.39349071628210075,0.4674300206654231,0.09939098434454381,0.37863948112631013,-0.11866081514359653,-0.3530706849686107,-0.5214999689646547,-0.3606892631949121,0.2996854032091866,0.6447459252692006,0.9009227301961771,0.9630925476102576,0.9184973682323068,0.6677295702527909,0.11913478578415793,0.6206307995456316,0.8786287092251264,0.9145955901377485,0.9431618212156478,0.8081560299029864,0.3415774399540853,0.5272975182563274,0.6802489733838158,0.5883395221883085,0.5064239384092758,0.07719341219087157,0.4711709027298005,0.7637372787878581,0.795626552083681,0.6110013965523351,0.7132361046847837,0.6601953345145468,0.6481113062699926,0.7441094934956095,0.6883757847586655,0.7471673083166177,0.7481303124884726,0.8540623858420177,0.7390040754169579,0.271988360491462
1.011262679636601,0.9798368885557379,0.8418559517753363,0.48856084003877587,-0.008320059893480615,0.2572088863334084,-0.10809015642610631,0.09474063365253978,0.6876378183595953,0.862573694638423,0.7761418816619792,0.8053053548762331,0.69396471232801,0.6300470391989306,0.2263967533483709,0.6905009967114999,0.8680977330423687,0.708934462635597,0.15696764326969803,0.6028536971025429,0.767972392506962,0.6947600523738479,0.6567252438967354,0.2669920240120095,0.30569736148591103,0.0857379757442947,0.5738784225997463,0.5962468589035073,0.6330988843545584,0.7196173701469463,0.37682912147531183,-0.3083047219873357,-0.45816440067599745,-0.29935421269685186,0.26483009473781494,0.08462772879984656,0.5712823978918928,0.6438311917435052,0.7039768426049294,0.8614433746373693,0.856666865107895,0.7200779369893211,0.6723317089625456,0.7202687688986696,0.5711712246616142,0.7764821453111362,0.695134117587739,0.2902237881470744,0.548272383835086,0.750620128236248,0.7043485973303487,0.49539489084063243,-0.12202169221208774,0.2731409765195021,0.04881614496014533,0.4832875108978079,0.3643108353353652,0.7956779012604162,0.9007139218348846,0.7998015413847662,0.6002227275587142,0.8055954709543603,0.884034225283579,0.8216227331736583,0.8637912632874788,0.6309022602161926,0.03985640285248548,0.21601185175567764,0.134165797145296,0.526333997323895,0.7587322575561337,0.6608729634193774,0.07373753502534497,0.15804416762109266,-0.07242685971433208,-0.1002540632218236,-0.054721759734323305,0.06389601929341586,-0.02291849859437033,-0.27609170576687214,0.013119911938731143,0.028826441237587343,0.19504488941552078,-0.06011574836109195,0.3749607953453005,0.5490863784428065,0.6664266105137601,0.7814971004655386,0.7415770406928153,0.7598338888846081,0.695569057352773,0.7311215273219216,0.5437297856175022,0.34130269898281884,0.40148705275001595,0.5109868906333852,0.5865353757182175,0.36785850722368063,0.7367759905760546,0.7237608125102086,0.6605237484973568,0.5269875056940619,-0.04447050309739068,0.5483369717214384,0.8201056703757789,0.8151280616107011,0.9051614053692103,0.8036918300795101,0.422807271480596,0.17841048769789802,0.47075896743122453,0.6013606398731508,0.741367942674868,0.6966177395955676,0.8329194769631345,0.9137441857546394,0.7975505991058991,0.3105982573279608,0.37388796505545663,0.26897253273817195,0.6238504052886521,0.5623074757409036,0.35029257666142694,0.7530990426824992,0.898078307439514,0.8925410132621899,0.6810246080974518,0.5450300555166532
1.0198804516573317,0.9581032972156975,0.7908171209519428,0.3379480620855918,0.5133222732523977,0.6796050967869349,0.5860601544426873,0.6693294025665285,0.812415398975102,0.6937875665094969,0.24917774500244683,0.6688477463568964,0.8166465492108682,0.6558387130862169,0.11223010209330495,0.44361766438785727,0.6102136158034034,0.5431629242041933,0.004666221258036323,0.5029834977739113,0.54115211350988,0.3548702074409365,0.7007474725083431,0.6881203594862697,0.7402553802190903,0.6783009051215964,0.5930055182294848,0.16636012602782851,0.6625073014865536,0.8758930351775583,0.6905748171991654,0.17215862660394257,-0.388318521737762,-0.523488462160393,0.008893566144324036,0.010077526595148363,0.6169528334881424,0.8430880298348734,0.89384078286629,0.940312739530231,0.7755541374480265,0.1618322316871015,-0.019317017341697544,0.36777291484970304,0.1209708267508946,0.5946766199816348,0.6198611644399161,0.6560346569573462,0.768240408050371,0.7610732766509717,0.7545694878295881,0.4730609295180661,0.051491281497493685,0.45938670853716296,0.41688788061283333,0.6227128079471445,0.5665361706675404,0.7345820902612608,0.6636852463015034,0.511559812776699,0.28737974816059697,0.716468906001142,0.7670183488373955,0.47157600596949206,0.700366067059472,0.4024845978927631,-0.19629480754616155,0.2222796906610763,0.5450958001346232,0.8152509544337876,0.9379353600676801,0.8871357271388496,0.6123971826755206,0.4385674158721688,0.34520950259769595,0.44758428724324095,0.3410140395654621,-0.21339167380025373,-0.39139067494376817,-0.5512014988898513,-0.2139745357110828,0.19701498902587014,-0.13830163723600372,-0.31006604287991757,0.1957855328924985,-0.09079364789868798,0.05590952677518889,0.5158068606010597,0.741849427076566,0.7448079778099257,0.7867451489209384,0.697808991510641,0.6361754264166839,0.30878022658170207,0.6900791771887568,0.7914695955520225,0.6357845819884388,0.5092546605807491,0.5872471249092741,0.1144797217408631,-0.03295871149484498,0.2619078319559182,-0.18614166035429022,0.3498824856277369,0.6453494751330974,0.44332229857513683,0.7578827509637527,0.7320400968325721,0.2714886547612197,0.3080774988668158,0.04498135987048185,0.18440260626965868,0.7270066083887983,0.8933423273653076,0.9744547770676826,0.9925690192156006,0.8571674000180649,0.4831254222605755,0.03670583773668647,0.4086744908874583,0.5711016993139154,0.2791367793933109,0.5846174909856526,0.8628468134689132,0.9375227991248986,0.7463677605738025,0.13171090585445624,0.2724302000499015
0.870125608324464,0.7941293307771093,0.8298408415166738,0.7597566329014172,0.841352698313644,0.8583454965187681,0.7385150806121749,0.7877534824067873,0.6653927548074141,0.44949815841410534,0.0537512891352393,0.45633280006784166,0.7314418775298179,0.5614857944669182,0.19856844888768244,-0.009806239011349464,0.09249461331068634,0.4287266988713921,0.0881427183858015,0.44310162229809036,0.2804776108809001,0.5661362585014351,0.7364203846784413,0.6865036826082329,0.8178733848365561,0.7871317014983397,0.40503713465538166,-0.07115938989386461,0.5999342477908358,0.8213540177049886,0.5642941061840673,0.12175370265297138,0.06270603022449407,-0.44089611757701325,-0.16032068859950788,0.36291635644428993,0.6446642799352791,0.8140975896704064,0.7741212618200752,0.8986443531959305,0.7893068252805511,0.34109587842595945,-0.014213809980103083,0.3210005596098068,0.04759347417083423,0.4072436198450351,0.14454885644638404,0.5802206916166949,0.7087983705265141,0.41298911499437174,0.5698261244589343,0.28023154367116343,0.4830529088508443,0.5176410248922645,0.10407794625115475,0.42666296278375143,0.17331884496515892,0.3350484438722915,0.05033365675335591,0.092928462312105,0.5265582673948839,0.792830780276713,0.8431143760117894,0.7684845127199236,0.649482920480647,0.024212582913576346,-0.27850143005238154,0.0006274935054184982,0.6545485597270361,0.9151394985134276,0.9621919207296802,0.8795769790700959,0.5388040838209398,0.10131863501225731,0.1244702665496152,0.5880305801738447,0.571885419066242,0.016418953200962608,0.13249908393207432,-0.10288047299297322,0.3942392586303901,0.5783117083216083,0.24020686653744855,-0.1079318404937424,0.2905572319564084,-0.02255931842424982,0.27328159288235265,0.20579961888322915,0.5674287073010329,0.3738544339098676,0.5574372318008548,0.19674353241488718,0.5202373562952451,0.5223562072927039,0.7522076903831345,0.7313384963478868,0.25315699215068266,0.19118807253339035,0.5209214236547167,0.23157569230708075,-0.04722982367842363,0.264514061533962,-0.13250975811663895,0.04995122316785482,0.5911225937512308,0.6477149347540533,0.7002944517339807,0.7670059830328472,0.6136720780701488,0.4560816086965035,0.3296557205649161,0.5778331756678793,0.8611966308476563,0.9495575413127635,1.0016742176869116,0.9514460942143159,0.7080229544820463,0.3840799914064497,-0.05270773475128932,0.30547672983144875,0.4526459768821929,0.4543381448995676,0.7168003024462278,0.9216131180138453,0.9481935388138943,0.7021259341717367,-0.020211000405026217,-0.16840605690262728
0.39942637405918807,0.29594751460902313,0.748636096156211,0.9011045767529745,0.9333930776030196,0.7825733538203001,0.3852501783204924,0.5705669069091659,0.16268559232886587,0.06392105651847867,0.22065374228365867,0.04333467246853379,0.4602350061286653,0.062498473634974766,-0.19793994426809522,0.2342113341523029,0.39590242633262945,0.6393473125505336,0.5966736225453407,0.558019351173234,0.5463342677571921,0.5250977491512473,0.40167008819244515,0.05732746648611413,0.469998006245757,0.5265538815117455,-0.1432525877359411,-0.1555613921257727,0.5782757935289266,0.6644545424137015,0.14638297101840905,0.42757046897512724,0.45495890002051204,0.01937175089961344,0.39858959427471063,0.5666067373691186,0.35672694330446914,0.5111317043315664,0.17943758313535435,0.6676538152351916,0.6892560394424972,0.2619786649209441,0.3850965057070425,0.43064825525930683,0.36860735299066366,0.4784755689401119,0.10191081973569856,0.4890676146698622,0.7462649358889483,0.6598120846724036,0.6218373959414201,0.6626783478843424,0.7187824390191048,0.49026432509640283,0.04988110450730954,0.2898533913780831,0.1797631588487105,0.013970386387919961,0.2479945117067293,0.5293089562771724,0.7361226985644473,0.6916813339079877,0.6729540095632165,0.7593631855334979,0.5944266597217556,0.345390094337687,0.40462995730610846,0.579459743119134,0.8482760409802304,0.918596595133829,0.8073131608680367,0.730820348848581,0.32491183144139607,0.4975245304591058,0.5917739230041121,0.6699814181224241,0.6853467803893925,0.491801472732128,0.6235725237017952,0.6225747725557595,0.7897104531621574,0.7293806969363513,0.2249335528853544,0.2971826413439186,0.519787663039247,0.4428561983220888,0.5799809378152864,0.4931623504082759,0.726766586159678,0.7274044737865564,0.6215033308993186,0.10370133407464924,0.2534240464847881,0.148964579714421,0.5494406901329573,0.7753157262675692,0.6996946782386128,0.6414177595606357,0.5763357299785438,0.058059419865309235,0.34220816797456266,0.4484353811558498,0.39520200048541804,0.3294459437451949,0.45949396515320295,0.43674231286755566,0.23502749817940824,0.4623104870628701,0.38536542861346856,-0.02642130350500285,-0.12410454566270189,0.5611778163629333,0.7965430459882356,0.7814222138201363,0.8869592836324928,0.7647519531850279,0.22602333938841343,-0.04049896289400631,0.012434487720591145,-0.09136276786704786,-0.07094376894339308,0.0014819327419598883,0.46737841698120325,0.8360190137781529,0.9599314897462252,0.8768982517435087,0.6139782119592061,0.5484441062780488
-0.3286078667614096,0.3250213022100784,0.7921286989238915,0.9584888705697066,0.9214189862988246,0.6852946463314904,0.5297101615939149,0.6413835990728765,0.4459647667611398,0.48508656885623885,0.4685106480258407,0.12044241137809858,0.5569739401703248,0.36567565992205026,-0.19102348688455598,0.280392127330898,0.19139816449987426,0.519052727507017,0.5439030907214809,0.0686055455340257,0.2268963108918235,-0.007565959842728413,-0.1375544709288658,-0.23135388071432925,0.0009119775723081968,0.3315113457152615,-0.1619422663572043,0.3344656891361326,0.735779887832647,0.5911564048036616,-0.01560872988887706,0.5291598882295769,0.7316199885404872,0.6904418410922007,0.758163491834409,0.69424419694043,0.5909144756403807,0.3152990115113105,-0.10624098290972214,0.5143091380904736,0.6246635050892513,0.5411360253179831,0.3909510965223159,0.07534667438273013,0.124565568231337,0.5742262229782491,0.5047516115091225,0.3208551007068316,0.6541487633119908,0.5273270697283025,0.3021554631440695,0.6627447111350402,0.7051186214088793,0.2618720977423502,0.2655002872598676,-0.053568227219981814,-0.201008492882981,0.16026497069819384,0.16646311255884372,0.6293552142677173,0.6824510232188603,0.17918992877125997,0.015412860449496787,0.38428436752392475,0.012729339311761827,-0.0951756183090752,0.46963274914817404,0.6548488800607389,0.8586928232848886,0.8055924654618505,0.4263300581026696,0.7086857069757654,0.7312109106679009,0.7992916320239974,0.6948210665407628,0.3114090050978638,0.4010417672163406,0.24627621807591732,0.6496445929865282,0.7139235957296158,0.8799559805161243,0.8685338794141837,0.5966421829441317,0.18538163039450528,0.3075970056305765,0.18139372806035695,0.4501174771406465,0.10800466172464662,0.6212322998531709,0.7533685241954593,0.601591512086886,0.3668425977829825,-0.029796197750460832,0.2681267135238855,0.24835875126531048,0.7358381456531863,0.8314492088974528,0.7053382175895934,0.5827550488284364,0.10484101748392968,0.35946787516135437,-0.025722219846857398,0.09801216643503682,-0.2442543197600999,-0.15109752599527876,0.01498913842234554,0.305820033298857,0.08737243670585165,0.052210739955302204,0.156699417056476,-0.18459223611891604,0.43817853271636564,0.42485441621445597,0.14087352398775038,0.5939126812600163,0.6385644352953103,0.5160601066112579,0.246159474902079,0.050723719552889526,0.3935033869126859,0.4027438373177142,0.1755199451698713,0.012638613316517944,0.6686973860847559,0.9251066232130103,0.9088928910046016,0.7510844295591003,0.819100870919537
-0.5897206968732026,0.21143238569035672,0.7761400730535454,0.939372250039146,0.7643037168449397,0.20446364323069607,0.09571677539861637,0.38635095578561773,0.025372480204616743,0.33783645909528076,0.4278840137342575,0.40287054784403037,0.6885152811661389,0.5312381357447103,-0.07110317380953779,0.44414160905052863,0.5109016846829445,0.29972165530799005,0.4384383173528295,-0.05071467243306747,0.018311638342221635,0.41065372483337936,0.4784245801051053,0.415401105433852,0.3660865806676624,0.46600315496015965,0.10663657781077379,0.6284611496806043,0.7867402064033211,0.4396098965975186,-0.1162257231213709,0.48187895389134694,0.6859410537748953,0.8192123544170961,0.7826347477483472,0.404392808234567,0.41313632108445286,-0.1850808037056098,-0.23078666929714803,0.37962778531328856,0.19986556827752625,0.32701088545434676,0.16950021000759297,0.4632240068157384,0.6177877733295257,0.825991960414041,0.8322877968829518,0.7200877622819911,0.6919721716836874,0.32435179981776713,0.5217875653657634,0.653411357673118,0.7181853789352438,0.4436152603965462,0.42040657302451667,0.3329893640626305,-0.06314845269541175,0.2753192937431979,0.5216080284065708,0.6791499300491177,0.7697201489478878,0.516760225040406,0.045050047558319914,0.22533904008757658,0.10458833383602387,-0.054690532501294284,0.43863771182903316,0.34140908026546574,0.7670174616367342,0.8130970155683735,0.6141711043534305,0.7670669207564669,0.8511240275472882,0.8626208007230999,0.689729671382455,0.5104478961387855,0.2388148722764444,0.5305331223696612,0.6727935769367078,0.4383925875215682,0.8175455174137626,0.9326659147596317,0.8318235789743491,0.4992847903186434,0.05843716084334986,0.4191791231920379,0.47738485488325466,-0.07179234731178959,0.31144289497299127,0.330387775316183,0.04152344978613219,0.3404469395771838,0.05397028867093834,0.46072925410688803,0.48631437487909407,0.7803429637303706,0.7740808008937211,0.33577832884164127,0.42381101293196227,0.3202757484461634,0.3250954429746129,-0.2988117749224579,-0.29577030822499484,-0.2133215810711036,0.3359606038056498,0.5818377668601502,0.7051381005652712,0.658927209254468,0.5991094433037965,0.45318192799492674,-0.10104704404658912,0.26074853745415516,-0.1903864924100177,-0.20771210249059882,0.23563360497334976,0.18736670157769905,0.4823575793364544,0.21913283185358126,0.49741339685278035,0.6716781406296942,0.44964807472358265,-0.027785707913265456,-0.03457226924514406,0.6450558270697253,0.8679400436987308,0.8043020020503919,0.47464340179973613,0.7933843069477133
-0.4840811035175778,-0.05091835315440115,0.6954334580027686,0.8743330651049852,0.6569657557981738,0.35681933622148176,0.22539306535343906,0.23170293232054415,-0.16345504731538363,-0.18229895422199768,-0.16705658108648275,-0.08261151649262904,0.580040637224703,0.6209659142845582,0.163278874880488,0.6168857342878418,0.7824129050741024,0.706869605525774,0.6014400611182608,0.525506138772757,0.6192568420154801,0.7011550153697956,0.5362155506122636,0.3420360619765458,0.02604480651523775,0.5129457567147163,0.6597740500103272,0.8463921499725988,0.7213856128258066,0.12212900634792863,-0.08956982882100555,0.42121912149681684,0.3621578418420618,0.7773527592821912,0.8722715407196083,0.6938803746634714,0.4032982011319826,-0.10104020746630203,0.16926752460592437,0.5105395057971317,0.30165331215817737,0.143825086171938,0.509471462797577,0.6874494421266675,0.7030948103170319,0.8469814235001891,0.8739969966494812,0.7598955811649476,0.8093080960254999,0.7216792410287514,0.6741158610184523,0.36790433385502946,0.47970343791487347,-0.05255335493289335,0.04485756999659578,0.4075835066865155,0.16370679424857898,-0.09119448433769345,0.41403954198251763,0.37360061930628374,0.7465326670718365,0.7628380528654184,0.42446444585284177,-0.134031353742677,-0.07181521523307136,0.4038886630604049,0.6295744513265548,0.5708365827894358,0.7974870696406449,0.7483812674111708,0.28895515605090183,0.4954927887682206,0.6314906816968475,0.6978354366384807,0.39660157136983754,0.6643447375302093,0.7028830620564074,0.7933496255625452,0.8125019680982261,0.7485499664963378,0.8965489999340645,0.9774898862415791,0.9269550998212244,0.684730960241258,0.19762073813228304,0.5758679953702204,0.5596451391825437,-0.0941681628702647,-0.23210895426975767,-0.3697106417430799,-0.18294513276718471,0.39094567095992494,0.3757641251742823,0.4808062128226179,0.16819649993549482,0.6854988077134275,0.7316246052902949,0.3692525916526119,-0.04038186284530111,-0.20204412758565657,0.09080698192487273,-0.15763750621394598,0.2937300099266429,0.5476769413617996,0.779704742570599,0.8118794891514721,0.7484223517666115,0.7606408498962316,0.6686007485190844,0.5661148248770276,0.0892375585945205,0.27073654281694925,-0.22368835129241427,0.062492210708309445,-0.0047616821017282835,0.3235412610025011,0.6662060908785672,0.6647982729935911,0.6530442793883658,0.6423404442172319,0.2568994382663035,0.45253967042472576,0.5856936588856343,0.7605480558206452,0.7563152240327403,0.8110016254682403,0.7892110721084761,0.8754180099223972
0.39145963422933727,0.4527176103694312,0.7806670399458644,0.7586983522788753,0.1747616339993952,-0.16423145561852354,-0.36993245475379966,-0.1626071387610526,0.2103760592703636,0.25474695529881297,0.28354495061729884,0.08622050380464544,0.6738614939373648,0.8224929096835002,0.6885291390427665,0.705135295408617,0.8205482646163679,0.733380191746363,0.3035547527413489,0.5143862679394183,0.6854916330693916,0.466836103395724,-0.10348992392226462,-0.1998856434320889,-0.18826729299556655,0.41177177416111727,0.7884950015683302,0.8834737628863424,0.7255044899489654,0.6028819833436166,0.5916296500611233,0.7513338027241468,0.7679013119195053,0.904139171958785,0.9292313033094446,0.7528464115641422,0.27594083835253425,0.3021949803976803,0.12487912038113574,0.41737785235996616,0.042790848348010536,0.45322248880478877,0.6861905978504156,0.5681266473641533,0.28621576509471647,0.5772413975338732,0.6878078737533345,0.38971104713279503,0.7309244979551068,0.8612575438441203,0.8729542362917946,0.7500171546350382,0.6151355818050642,0.10548040872996568,0.37874153754198164,0.35988361937794666,-0.12130257522236126,-0.3095613716910047,0.4120217537817659,0.6284926794329168,0.7007089299869362,0.8163951562738612,0.6341202263544315,0.10501162726064472,0.41710596730689486,0.6521499919968371,0.5450280499727789,0.3210067236599314,0.7388487338176324,0.7205278766669704,0.34573456586009654,0.04738630924583465,0.1638056815699099,0.6282205118628997,0.7291247675895868,0.8687528692507628,0.8581517709549366,0.708663704231565,0.6218688557732587,0.6443285432748718,0.8619177741967328,0.9685727198297577,0.9483102176565633,0.8705347291346122,0.6956824647615676,0.6869654911380927,0.6701857818929536,0.3368632574664988,0.1493183678726622,-0.2624075307562889,0.2026343299671668,0.3103953463736304,0.009176782445117118,0.34366791379278966,0.11359988696508172,0.6035902523034508,0.5406929826496224,0.17938021933492893,0.22810318670156893,-0.19622342311283741,-0.11849841543517395,0.229129451883291,0.6646529571805488,0.8708508571082303,0.8788484211809872,0.6403201747901847,0.2741871329221542,0.3614071084184038,0.15625584339334847,0.414843818090798,0.47371507960255144,0.36099130550911157,-0.06671889864466414,0.18482607236202317,0.178436129265872,0.16378951484090762,0.6460773800836977,0.6720086929665587,0.32879982259381785,0.45503288452559965,0.4538957801464561,0.7108497648074917,0.776010299092378,0.5943531190419907,0.3015646172288878,0.5694175612081247,0.7130955152710476,0.6815832912030746
0.6576299515506168,0.3891258323358095,0.7904693687375517,0.8066371179086774,0.4453379456550552,0.20611120606281297,-0.3252860654654682,0.014111387907196632,0.23848374723915425,0.17421824583194453,0.580829691096761,0.6524172356631156,0.8658073667338183,0.9057424663004283,0.7578272243178152,0.34890652433080055,0.5921643964086901,0.6779965797154388,0.38798269036607913,0.21989418725934481,0.5171912360697694,0.09244566334565335,-0.1362356945165348,0.185949029694522,0.12134990083777335,0.18521778884374385,0.7188507846435582,0.7486435246424229,0.4247498251228966,0.7263174363960624,0.8595449758449365,0.9281882655003229,0.942234614414686,0.9753466734375217,0.9790294447479853,0.9085188915339854,0.7546247984642661,0.6944573509914126,0.5092493234776815,0.5228403326465156,0.13584910245974122,0.5994962717915527,0.6754239525282068,0.3062696298725044,0.38915898299175583,0.2775560031202099,0.5795298550937388,0.471979535943857,0.613985266345491,0.8512509853790505,0.9440944991849589,0.9303857474557355,0.8639161277175346,0.6912609890241397,0.6370941841649108,0.2501361934761366,0.17323279349392187,-0.2977209246123949,0.26650303947316767,0.47182454150966785,0.20227259867007527,0.7018137951307077,0.8188736075268622,0.6494889582874592,0.5823696672526489,0.6350295745754198,0.32628458838219143,0.5915529069932833,0.7571872888834458,0.5580607413679466,0.18003260948615263,0.4010373925379598,0.5543031719080118,0.6621496442060553,0.814743335008,0.9109195913515367,0.7802498966093291,0.22688925158696446,0.02742042334152112,0.16204745763963718,0.7266235131985932,0.8691720640624854,0.7780903573727237,0.8474421577406155,0.7508993298656282,0.33640097872063796,0.30089143604343677,-0.120207040704617,0.04791243810891053,-0.09438446580527723,0.35552782267667254,0.07153592906022095,-0.0774720059544087,0.24618264462209966,0.32252753296628545,0.5613661588091302,0.3027711674156597,0.5461062656152056,0.581472279744661,0.32180644481005954,0.35062892717053096,0.24470828756148194,0.7258486558303158,0.9139196699726975,0.8232647966143362,0.3565015220724005,0.32584321808267014,-0.1156156383250228,-0.018852916780034916,-0.08988730349019872,0.3942018284987215,0.2045401207317879,0.2634526139049416,0.005631778568074337,0.04034297081043196,0.444418095374307,0.5801498298395651,0.5863914308886258,0.46186542340845743,0.07326403632199953,0.1384976560200113,0.686190754915527,0.7316104591527198,0.30076276371611627,0.38235010410912995,0.144080336939329,0.32140362611514683,0.08091988830427652
0.8302230082882123,0.7864246342037254,0.8498018890433595,0.6756869579262974,0.11801458131343998,0.2757652720165034,-0.23550740808816795,-0.21215026151597272,0.019569276719815554,0.519443552257364,0.7545774697810412,0.7012269698569991,0.8262135361540757,0.7812195435872465,0.6926584404835914,0.35434514679699375,0.20868143318437204,0.520702776052625,0.2556920932966052,0.5539390472001352,0.7183197872590166,0.5802021422019031,0.3959810292430009,0.3961490045052959,-0.03185291684424639,0.44651046993677623,0.7594111631840873,0.7156419876515501,0.7240432392975364,0.8825667309833992,0.9571384786340784,0.9564352369094664,0.970829326795435,0.9923764088156527,0.9899157030167435,0.9461870177404307,0.9028660966206616,0.7643611178379008,0.34366640553246186,0.592430990822403,0.4983460854705201,0.6791831804262558,0.6668748642234578,0.6090885461745582,0.5333972843353564,0.5453338956034883,0.43910156403418626,0.07347227605392397,0.18266411411356745,0.7311256846965989,0.9044594740190299,0.9609297421264372,0.9627247354699254,0.9230556473143888,0.8868788078743456,0.7239864456376345,0.45437953437579415,-0.2963435250434129,-0.1753309529538465,0.17998888316503187,0.08292453235491089,0.6898912454680233,0.8754120415807358,0.6900180668241563,0.21072262884305293,0.6083720988976793,0.7007094168961205,0.81297514708754,0.7541140864742044,0.34702682279034414,0.47654448305291436,0.5158031367792791,0.5871778365539969,0.2809965498006152,0.5496058936496184,0.8032384835765309,0.8552024967234315,0.6880629328701549,0.6017442247741787,0.6666978275948677,0.8312100311877768,0.722178920323724,0.2594817824533826,0.6617550896316455,0.7612431704912297,0.4783432622192502,-0.21127418025055725,-0.4640460515661136,-0.33418636936054447,0.3353219473564076,0.7199131834923028,0.6221496048564017,0.3207792601754833,-0.24683652567664488,-0.23802986154343875,0.3940679433337863,0.4968371947362033,0.6703880953977274,0.45859744719966944,0.017479804512233924,0.5078831424533514,0.6344264612529076,0.7002992793998263,0.8908405068210221,0.9055661469915448,0.7171070253906595,0.5300938828674344,-0.10796257725890258,-0.24655287537642914,-0.1526495934189256,0.49000235285747107,0.6088200832234968,0.5694201946271488,0.5788403484022381,0.6280181220430114,0.6183894287008553,0.1844476369994287,0.1799584103980889,0.5217380091802207,0.41909908589749806,0.5584498182579803,0.8263256313176685,0.8245626409521382,0.5811250211614909,0.5829134214865552,0.32675219682184337,0.12951244701704923,0.37391274109709394
0.690389814103571,0.77394785664044,0.6621204290612043,0.4453183181514049,0.056332701426788284,0.4445489450347533,0.34718873574618175,0.4709966640498099,0.6348464764465687,0.8036117751490727,0.706918020585585,0.2268977107799046,0.5268149227924578,0.2357460179715296,0.27013606782373,-0.05911204570669404,0.4216336383336352,0.7323110166545863,0.7392983944132777,0.7945916498043589,0.7265012787777309,0.6617048772500647,0.29313221932501293,0.39797414786188556,-0.07043401163748435,0.49004728954699917,0.6830040421191982,0.38616889032869967,0.7069704464442578,0.8734311159361257,0.9029332735577794,0.8151588133656517,0.9130884462127277,0.9662847916818216,0.9327663564744902,0.8236173639204852,0.8898808364109898,0.8265298216988343,0.5824131254301069,0.6141823138662617,0.25619533126278354,0.3956250774719128,0.2254233677695795,0.4431470753681508,0.06446200495680647,0.38556629150788824,0.2122006307697796,0.4741503156569921,0.641791311715962,0.8044559742255167,0.7869157081796216,0.9037971195686355,0.9666277241221669,0.9869317387183284,0.989512823103793,0.9216005164787638,0.6669266551800769,-0.02268558327249723,0.036571485992536144,0.011366118623180564,0.4625525085829956,0.8022199889552716,0.9053246507915867,0.7211758389594033,0.2353745641077791,0.6739534365405678,0.8631171655588514,0.9318380349765623,0.8995611636482053,0.7399964615512987,0.5936638695137103,0.16312699385132645,0.4863542690559794,0.2464064366176761,-0.036035806985602714,0.4639260935118863,0.8064449354946652,0.8850194537055915,0.8886111705174596,0.9132594374614085,0.9210424523588892,0.7198709598272776,0.16581622635406285,0.4470309825111219,0.5874282086157745,0.46955776232693636,-0.3103828232763058,-0.3103182711760017,-0.39192885303040925,0.44963119663968604,0.7971255434621587,0.6132635954453824,0.23351199180625035,-0.5051794420358141,-0.5513824883572837,0.07342422537973457,0.1670354503349762,0.5093152694016753,0.032066595838565075,-0.2380265728003759,0.44418609407861287,0.5716571423839752,0.2008633691230509,0.707214490169842,0.8546687247771441,0.7517704693814535,0.7633487830195933,0.595465135589172,0.47181891743870874,0.34443945880465876,0.4968047331135519,0.6251852442989221,0.38588345519841144,0.7146543028268157,0.8573954719473496,0.7983382412944054,0.5295393083662138,0.5843825913951579,0.628720325087257,0.2610527057378364,0.5385064004392422,0.8008644870066586,0.740783726156195,0.3660056566175689,0.5461885014784059,0.21429869438415003,0.44915827626041915,0.5075766184325244
0.19548751846024626,0.528664487236219,0.17346257788161812,0.04287193321181069,0.26214271904207054,0.5207394190535178,0.30886216672438127,0.7026269983754833,0.8813505269413248,0.9195374041465122,0.7367022111921523,0.23252624507029412,0.5172661070608993,0.2832172626633776,-0.08548340891328055,-0.12428964420277722,0.5622955912542933,0.8692781667701553,0.8750375691640243,0.7520487898020789,0.42286173571257624,0.717140818353708,0.7013626299245714,0.5974618072173437,0.09004692172499221,0.4622738294708492,0.6777642894652742,0.5091358257621634,0.5559984511212206,0.6460558705196652,0.7023741488027713,0.4371239873015816,0.7970853663782377,0.8879141659261491,0.7924963400604584,0.42648786633917934,0.7600891976617266,0.7505726969737833,0.3578971536750758,0.6158338679907698,0.48894214309132633,0.1728064609615735,0.32861923547961364,0.4022703825577978,-0.12028627569233766,0.2943787898097533,0.542326170710596,0.779493694887732,0.8621416351282919,0.7871008658624902,0.4590905856828468,0.804586832369867,0.9547248472330724,0.9973506044033373,0.9849471004133485,0.949338026964441,0.8232006159014121,0.5046454498039448,0.10228363700681739,0.31072137871120714,0.635315442844595,0.7451033047883978,0.8884800180454187,0.8667435169743131,0.7418236629505687,0.8692336918917095,0.952907919804677,0.9840231558091173,0.9757953995142659,0.8966392972295592,0.6926322326104821,0.1957217484707374,0.42392385127128573,-0.06570674374254609,-0.25791815549640434,0.05765764991622127,0.714607161276713,0.9226746314944213,0.945504951652455,0.9790089118003811,0.970825307870465,0.8247374947143,0.5090940286316508,0.12380052083168991,0.12654433065314635,0.3045728848340266,-0.4974043531944517,-0.7009704433813115,-0.5686183410175829,0.26374941593003676,0.5455034185596509,-0.006484292854503282,-0.23329933442525944,-0.48591606953296795,-0.4696233056365375,-0.08584344462534754,0.49096913897431654,0.686470703654812,0.3787308750035747,-0.19999941111284963,0.3044166516021596,0.44545354949131344,0.006887723988471316,0.5825401859443433,0.6922271145930943,0.4234160709364614,0.7721167975448819,0.8396509757483742,0.6731908194267218,0.09168623946592773,-0.05145052852664861,0.5136085299188484,0.6435737470998196,0.726810301194108,0.8701099604497589,0.7817889517839225,0.39477475383059424,0.7199179026448955,0.7960911147249503,0.5981338548710284,0.34492836693413503,0.6657922152282908,0.6728970580376438,0.6868138137933004,0.6929678001075901,0.4666806729301322,0.49198339355175663,0.16271428551684655
0.70232383046718,0.7889706944260457,0.6176311763791535,0.44390808278440685,0.22673725011494364,0.6237278774830656,0.7237362240504135,0.891028573970076,0.976701607755389,0.9848247042923358,0.9030731334093046,0.7266413206842405,0.663144719442182,0.24232831204265112,0.3629873440104683,0.37610333167329135,0.713250599034278,0.8580536681922369,0.7269365033364359,0.6440568447215058,0.6983916787097553,0.8623190944250657,0.8814644075072329,0.824052432162243,0.5478910122566389,0.2630665827586797,0.5221362906569567,0.1136799275754476,-0.03217505567345058,0.10746460729690868,0.6338518370802185,0.7398376201506993,0.8359491551802859,0.7402356037319616,0.739702542293395,0.5963999213152563,0.7984804380652077,0.7590616791893108,0.4756007952897834,0.503249025554644,0.4959889968646748,0.41687073729933954,0.20071162564165945,0.4100385383750252,-0.09962298066655421,-0.0445794661285195,0.45284366126029846,0.8096115685392136,0.9085445415645687,0.9012439046888863,0.8062303067385448,0.8817109187170299,0.924223196531924,0.8868842510493311,0.746351374869617,0.6687310474569151,0.6497087973502497,0.6910728889585043,0.491785925366391,0.23457041429621606,0.5568123768724489,0.4032343662474961,0.8015433072337937,0.9266060911480709,0.934575025213791,0.9713445282850547,0.9959345920122622,1.00314906017836,1.0008875598329137,0.9696601013866066,0.8878609589061672,0.7362526173853116,0.7029639735945082,0.4339566210140351,0.4409131652415054,0.5909928849815992,0.8526801874634448,0.9108943283642064,0.8294795796637443,0.922060863928426,0.9158486658216981,0.7778034002652633,0.7460589076655316,0.5982147631225674,0.4685116507643229,0.3761780793405864,-0.447075502145737,-0.6050473900110158,-0.4697680652900741,-0.03185012975331387,0.4098719724547767,0.07983762878507679,0.35366604586551975,0.39279707689908955,0.4632260457490435,0.6209447145864923,0.7822117383949895,0.71473301467937,0.5286567376885248,-0.06994682710017709,0.03209673812470043,0.3736135837670832,0.0981077456290123,0.5829795052335508,0.6466532009275486,0.7057549297103438,0.884757590043289,0.9549292943251243,0.8558108437390873,0.44236538638929884,-0.14023169973584215,0.3286361021336053,0.5568374628666907,0.3981820794139177,0.7591802397348676,0.8272230982170711,0.7798778770140623,0.8936445912348565,0.9066371189775272,0.8458273369379397,0.6846949612238755,0.5275125949370182,0.28110954574547437,0.6032036987869006,0.444038603026665,-0.006755202354584504,0.3540367843804613,0.5405788851832737
0.8744114170057098,0.8624347925254857,0.6621027655388989,0.5554114081283358,0.544251691841164,0.6474396394965208,0.8332081699330741,0.9544718620769507,0.9958883447147885,0.9661214224914102,0.9297504865754032,0.9075836754700706,0.8800750024287617,0.7309395288874889,0.6317536318239668,0.2650194723523142,0.5482652018641118,0.646504261241945,0.22720717569660576,0.219414147534502,0.6922099520861401,0.8212978864713123,0.7904362904526792,0.8687659667089506,0.7801518991765144,0.5807233167675473,0.6781993453431929,0.5174160849979778,0.3103124879305485,0.3839921920187891,0.739161157169628,0.8334204682552118,0.7034947354316099,0.17414963888284604,0.4794038439783272,0.32076614834611766,0.658551445379324,0.44207801173394384,-0.15262599867957646,-0.17270512409781308,-0.004065251350866152,0.3944863582886731,0.6133363373623105,0.741736428224075,0.5225178249329544,0.2806478711202767,0.21251273249509045,0.6873238021195173,0.765993052513072,0.8522222318837982,0.8159578253488772,0.7039918347550186,0.6249190738575714,0.4819310771594146,0.06080364117337416,-0.07823122277948538,-0.03407237910599395,0.5310527438479669,0.5866000197628409,0.6541540290505328,0.785033070539046,0.7504615211935456,0.8955459079704783,0.9395487085164625,0.9423097546232194,0.9471553144822866,0.9448951060677169,0.9478674188238432,0.9766914666704468,0.9854073829143345,0.9756726994273782,0.9102342068695247,0.7380301534690726,0.34357331104807665,0.6200727426221275,0.6807185820849885,0.8141759573982918,0.7411827035540606,0.4064760346151341,0.7574397068146673,0.7696596580584476,0.45428383217018586,0.737131370196714,0.6757346589405874,0.31764709598831137,0.4244338668765054,-0.043646429004987164,0.25580383511830546,0.44373332465612497,0.5662473689720752,0.6056809995981719,0.6280178185931441,0.7252240080849088,0.6805044408778833,0.8043214094789836,0.8801267288896347,0.8019578751893298,0.41646834696651197,0.6579055544120426,0.5924369057253441,0.5810279920030293,0.5782104663326815,0.5952800719854384,0.666301612039063,0.4023619042701452,0.7425055444296953,0.8949780646971209,0.9769083493163905,0.937178826903061,0.6330303124557807,-0.08594786475311329,-0.04539295311292787,0.39742035304624673,0.5429679906933975,0.6103869617998875,0.681671941796831,0.8447948415272194,0.8877957636072314,0.7790456425825987,0.8457387866494351,0.72039391887221,0.2663023520813555,0.3651680990298544,0.5165790989303579,0.050120167408508914,-0.20530042166292534,0.06418871366702972,0.6355584808257662
0.6829246543661491,0.6701178800029075,0.17928007995341663,0.07330991100992677,0.2969362274910136,0.26354865713129333,0.7550913595402684,0.9405316176895162,0.9235286452252314,0.7500884079914756,0.7248991540602335,0.8797950649020764,0.946933375039032,0.9023446463347747,0.8339647764830596,0.6034342711309243,0.3383693500061312,0.6390913204113868,0.6370470880806233,0.6877085103390631,0.7692911252781341,0.5718904980731229,0.35581354844208757,0.7512024800154282,0.7355886204998744,0.29035725644987675,0.44756522054012754,0.34485816139076664,-0.03037532015392993,0.0900520964286908,0.6432101829288414,0.7018169587530533,0.5570941843888142,-0.04827250181429408,0.49453026176476417,0.6613396024788739,0.6666720364669484,0.11445535089053521,-0.18947801657153882,0.08814235187848854,0.3091262014361626,0.2638745254686196,0.7292860435135888,0.851292457905699,0.7032625618078259,0.28012141550057557,0.5404313324304466,0.664080674569073,0.321550068385133,0.4931113197990354,0.44828407221210714,0.0982251891826826,-0.041714463155597535,-0.020437628994456242,0.1769737804479435,0.2506817251253788,0.03410454124566883,0.46988945691589945,0.34419069471545366,0.7361482293681699,0.8361219205831533,0.7271075135539645,0.8013739543357161,0.6807338811989593,0.632946370150285,0.620913265011302,0.6224610784337128,0.691961081855908,0.8792696275122044,0.9677993453749838,0.9931246668045771,0.9101886392620613,0.6962832439108252,0.6555600222147255,0.6782899105680459,0.34664948149623914,0.5158206516231146,0.5077131629097411,0.484974604462733,0.7626128656891442,0.8285188287356424,0.7853585032204726,0.8213147710400901,0.670669551459643,0.6107077046704974,0.5865332712592551,0.6012396547909632,0.7720600925660095,0.8416508725121453,0.7546205508534903,0.4214807722813052,0.6898193500237504,0.7239252934330557,0.4372122182647005,0.8020776872884001,0.9313824542227087,0.8531690408059724,0.6276476299796355,0.7933930011785068,0.8429778441080222,0.7338726993881458,0.3687687553947207,0.6752581117217766,0.8165239838121899,0.7761163484404614,0.8279030368502164,0.7982487725498068,0.9193904852204776,0.9392559180447969,0.7865635051032551,0.35117468988064376,0.17432217168014794,0.05755451908592041,0.27377743450905945,0.06713209763156396,0.1713034682556936,0.6913611536060414,0.6929344989187948,0.26685006066022476,0.6970081546285515,0.7646185136226705,0.5609201172245005,0.28425320913294205,0.6432402060852345,0.6105121300477917,0.5600787328771426,0.6420492256243062,0.8219367469945735
0.23396951150062842,0.5780871423262757,0.39092971648045954,0.36209411577355843,0.17989006033011212,0.5541051318403354,0.850908156845657,0.9370670876301984,0.7815380851823833,0.26257463772348605,0.23360721650928692,0.7142028260820189,0.8672131700709451,0.8091336895315205,0.8817212497767299,0.8415314531740713,0.7046181278448603,0.6839878560392129,0.8168970613508775,0.8605570574260337,0.6694291561846635,0.14510384698503534,0.5138202805374202,0.8222541935857322,0.7831390315088036,0.3881843766458189,0.03472208625855341,-0.023258239760099643,0.21244736646334564,0.5004695604082894,0.6718814856563055,0.3834478756052046,0.41977960083021926,-0.11917794375258584,0.5265880214413096,0.803441058130157,0.8570829859830287,0.6597310282467922,0.4362156212509862,0.2028904247213349,0.5940938467783397,0.6912130214520654,0.8189592857763379,0.7551142980252654,0.8049178069800993,0.7490957108702839,0.8321045506790476,0.7748460097393871,0.38453318312183304,0.005305913580933762,0.024810473328035404,0.3310002881228365,0.2890468510708792,0.3371530911382318,0.1583740126373515,0.5610192979360772,0.6487613985520087,0.7906086622004914,0.7843269838993803,0.871782175448204,0.7348727097279065,0.21675651013629418,0.4109710163365413,-0.07183419639184191,-0.12539805268934504,-0.1005146865641997,-0.05268123586729116,0.16374091451902736,0.7259384989168486,0.9060271846657911,0.9411190545813537,0.744944078221309,0.24202611748454564,0.645014771519164,0.7856229720475514,0.570252822598828,0.11226574086559012,-0.024189142467928085,0.10540953082787076,0.6312960911130764,0.733115654118534,0.8190399936018239,0.6673519993740588,0.17801380234010017,0.4646085904475852,0.3299939747961891,0.7319733149245279,0.9234433781135994,0.9745093830086872,0.9216147599523169,0.7509881596414519,0.7119138331190082,0.8021413173627474,0.7776101036152909,0.9099199760658826,0.946297252642491,0.7997455079441878,0.41460432048171264,0.7810238988039947,0.9197139159693472,0.8311081574991654,0.5463147193081694,0.6198582490928193,0.8366536272047702,0.8831181358924278,0.7939501870757322,0.4493182833550939,0.7213406045210154,0.7269611283582693,0.6330745628307893,0.11049036753269634,0.01716187684183582,0.30045821390174976,0.15581461967338123,0.36191982279064194,0.43618484069053926,0.6997796743545159,0.6615297007106395,0.23883510077363704,0.6328211992217719,0.6639678086194067,0.7406998560761393,0.7413011577358324,0.8683188055142084,0.8667806894721949,0.8194260058459059,0.6725718740244556,0.6311737320332605
0.6892260174788667,0.6146565206331945,0.13204535520484215,0.5259287321175325,0.6671707887405756,0.8323318943627853,0.9222013827310331,0.9603885826731985,0.8962209522350901,0.6994720178696183,0.6021031950901639,0.646262406221265,0.668743593870172,0.39163863595318343,0.7802702005688811,0.8834864576256076,0.7519808991663094,0.43217841335022195,0.786604664623243,0.7968320278931488,0.4629501457190959,0.051732891561077965,0.6097009965392595,0.8594824400888553,0.7411510417997185,0.2871652219696446,0.4416775622208468,0.4262055781105993,0.23842388258426572,0.6901860003106235,0.8587857738466667,0.7488488667656311,0.503209338340091,-0.0866527809494536,0.5024237664720734,0.7163299377734103,0.8545730681566521,0.8545462349264025,0.819159936879934,0.752356332053112,0.8150605504759058,0.7131260596476227,0.6125610813233371,0.21580495932068816,0.6827522059070396,0.8736369986990064,0.9310337690179759,0.7753040808564908,0.17667243729400797,0.15015257533585433,0.2590362324411692,0.38334938322136586,0.05176501993519912,0.46700126260143854,0.4975383513414925,0.7488143262005081,0.8910504300073927,0.9576614268334857,0.9291364313910934,0.8978847489575809,0.7125414019149571,0.157513541775499,0.3810541010164372,0.026497327962992735,0.35778729575030555,0.4902165166486151,0.5237040657930266,0.6392312445408792,0.8002356581397456,0.7944080870991479,0.8567608010338597,0.67164707760784,0.21112378426431938,0.6581852338846333,0.8713758890020549,0.8402413070942432,0.6736126224858896,0.5912679705192376,0.5908693414773126,0.6709032614720682,0.42103217836193274,0.6793587328991284,0.4878182792508198,0.10365586427694568,0.5366458253124218,0.6948746763706753,0.8890656707630764,0.9881106503265366,1.0161841362282396,0.9634658916979001,0.7523391786108922,0.4173768408928679,0.7654862065307595,0.8976338379686639,0.9657532985921833,0.9425476508983573,0.8644984333240836,0.774015697832099,0.9113431446107432,0.9449669706510174,0.7358887903063398,0.1903064922736904,0.2124684505246978,0.733390836775283,0.8829019307838225,0.8802024015782106,0.7060457480257591,0.5314918685407869,0.21697164369246397,0.4568874825678975,0.5532745212761955,0.6231616267398163,0.7068497630183731,0.6106264348602616,0.43790529210556506,0.1809147774490275,0.5330169321172221,0.7450470551933733,0.6863234035094435,0.6292016925588981,0.21709686163061293,0.6779419624349803,0.8742647547298877,0.902953057535998,0.7904439254340443,0.6894177198945328,0.15898386542154644,-0.01499767537675219
0.8888311637677756,0.6770167807551363,0.2082846894292075,0.6700016125527913,0.8598268296256448,0.8606684730176172,0.7986827544150127,0.9100551775177224,0.9453401725763944,0.8235365802796396,0.5038895562178717,0.17688300659859266,0.39351367950575616,0.4640439654877099,0.7897244537338067,0.9232295083599646,0.8992900308724554,0.805772935905759,0.8188890385374342,0.5130309220729982,-0.05295611937127078,0.20002693844142097,0.6915134081588326,0.8549680694537708,0.7267388576038915,0.6514632080267604,0.7484468697339085,0.7869863803951178,0.7361937084827611,0.8881277402906277,0.9392505597240266,0.8350625542175201,0.4942460693051886,0.03163701475716229,0.4299971954936585,0.28178283330979853,0.5080867234553067,0.6570416842238076,0.8561957133810134,0.9069624514849991,0.8068323544123791,0.3396211310158939,0.3298608159757438,0.08591567141952296,0.6609469200166522,0.9122703145453974,0.9751571886235566,0.8179995965586428,0.28433862967787027,-0.23795009592950672,-0.12354061462465178,0.18681096554654028,-0.008280494169311136,0.4302821642429425,0.21385921376142922,0.5319273965498907,0.8093390607848664,0.8892722821288813,0.7575456068157972,0.7178214781985731,0.7198012249680183,0.5190200452238866,0.6722009976845859,0.6671939250635667,0.7897722149178542,0.7954696868412652,0.7070483091084626,0.7950445877058545,0.7655378473412486,0.4512063409559781,0.7157753629061344,0.6465022387078089,0.5736155200763057,0.6292610537328006,0.8261927351336963,0.9257944165841133,0.9111489455207824,0.8327387887302284,0.7177296771109237,0.7897213955702592,0.7134335457377865,0.6849818372775959,0.2984419374172581,0.45244738868794876,0.6105162226876698,0.8197908412155013,0.9174935682005783,0.9542432526197251,0.9660326942772459,0.9037766091559103,0.6899945393734761,0.689667009503001,0.8672769922149279,0.955240186204672,0.9261533901817288,0.7557417696097101,0.700928593346693,0.8139114155853455,0.9301782307051103,0.8843138604205629,0.7015099765253255,0.610301638446637,0.6697743061948294,0.8094539041555134,0.7914062183280799,0.8554233803777742,0.6889744494738964,0.20057180267963107,0.17702160107472809,0.1707844243171714,0.6571669744912713,0.7692475354179253,0.7143185672537179,0.6549574150183222,0.26498296855814835,0.38707109355589914,0.2935026917151504,0.7160943295591505,0.835250139347746,0.6926023442516764,0.2063471131042035,0.693763350445532,0.8862314791464042,0.794630706490785,0.4372604420325417,0.603223581262628,0.4418173811340925,0.49193184547088276
0.9057168518758758,0.7192034705199752,0.6647036409619582,0.8217275740657571,0.8497317462650689,0.6249317955972257,0.36875567148292976,0.7826484407232435,0.9136290694154963,0.7017296667352876,-0.0009616593353460002,0.0164431908271417,-0.11015584384887313,0.091187277482131,0.7139346212384979,0.9363430798862512,0.9731827111768063,0.8957599054766977,0.7051166063183638,0.09016030456162163,-0.24001662633396345,-0.011668274650385118,0.6455699280810585,0.7522216373916195,0.36420234039751365,0.5010470311914303,0.6439461839504697,0.7862025339525562,0.707686612199774,0.7904175301068902,0.7588956003522069,0.7277801787368967,0.3178246164627674,0.4187752785689896,0.5027424190384108,0.38387480912466687,-0.07430615046396165,0.08113253609347619,0.7196578214510452,0.9302714656187833,0.8586651462096655,0.5585848242827844,0.21139268468555866,0.5031978518392795,0.8182789423694231,0.9651737650596907,0.976448680289946,0.7291737794616145,0.0356808746911424,-0.20722724786785965,0.17910782789550828,0.07379734879109952,0.3002083781741905,0.5489592333219625,0.2706046041101274,-0.025690536406976765,0.4420034326338457,0.6221828088774662,0.24145817381998488,0.208998986945459,0.5093991316028886,0.3132147006905054,0.7053986689183774,0.8725149515027948,0.9262811427554426,0.8109572511079376,0.4502549243890889,0.7442468928535001,0.8418094942476028,0.764191219481809,0.727091485608468,0.37049855740236437,0.4708508951450116,0.09744523870073366,0.506212730238457,0.8389652545231564,0.9241023709461149,0.8047698825834895,0.4446917175023384,0.7118595503738006,0.7048061749889564,0.7885036015759154,0.7074262969424132,0.6510720678003328,0.39569756653947524,0.7112769887306069,0.6573055623532907,0.6423866734508342,0.6710721736282624,0.6359671193495579,0.20132802576471817,0.64962484520879,0.8985534852186868,0.9517811161573329,0.7552902842881374,0.20440514967511555,0.14473248494504098,0.5361789612841228,0.7199988117290994,0.5851193857066054,0.32623833024851023,0.6645474846370034,0.8177671011826441,0.7828971475440026,0.460097911417695,0.7256991899626949,0.6341825017237346,0.4538429984335644,0.16059475180245042,0.5196409850080999,0.7364775709847748,0.5946901222970228,0.35140779743999445,0.6880352197716127,0.7121249999653314,0.7559654736828043,0.6489054733866835,0.6723327206312529,0.8463711442917454,0.7944258544544353,0.525166739552574,0.7436782267246008,0.8491855555020053,0.7318713475560159,0.616100966637576,0.45167990339721986,0.23957022435192882,0.660418592945453
0.790244048700997,0.4017692422479273,0.6671072188347588,0.7125689706112966,0.7000151768840182,0.3049484698718807,0.5746923933220314,0.8534433524576744,0.9167065088158035,0.6251874019527519,-0.22903311125073433,-0.2744205927989379,0.11802804272351028,0.5209996970947494,0.8515082233274532,0.9456939214421943,0.923401742503599,0.7401180095150592,0.6227217492452247,0.5438038287948463,0.5047676755413332,0.6267750132496586,0.8571333906117269,0.8677510869976413,0.5494942016874096,0.10861300822517997,0.16457736323636227,0.48787623335412844,0.09710665482162456,0.32325233255578306,0.2518705784612789,0.6700431455595548,0.5911457246525448,0.4173626871817085,0.22087889213706657,0.4188817943336298,-0.02112536075327975,0.2536679669651201,0.7265557114711356,0.8454565427312635,0.7035214293983274,0.5795986600836115,0.5917365692200355,0.7871953985056972,0.936729341579266,1.001564445927997,0.931476036893555,0.6182570605251251,0.29856256604156656,0.24852043395378026,0.5487310586019621,0.5120362792092562,0.2700330370884003,0.500091209965011,0.013652456724548104,-0.21249679656386714,0.05399503508106311,0.5843635603432714,0.6402727955926953,0.6147136544245396,0.5714794736431025,0.5866187352846122,0.6547426855236911,0.8716983406790663,0.9550625161652064,0.882835834033949,0.7258224925386958,0.7178990389575823,0.8695797398109396,0.910840536537018,0.8642927163900596,0.6981728363217717,0.5341325039347593,-0.02986520510390623,0.0859037353571547,0.7052147589474682,0.9186177557647075,0.9103994288877185,0.7737859623346824,0.6915270699016289,0.405577950094323,0.7750491539534975,0.8742958230968018,0.8405618363948527,0.740501164276983,0.6136780129393034,-0.007125111820255215,-0.07086641199057075,0.06686734744764919,0.42461568831263347,0.1259310073061463,0.6667295968838668,0.9245338064203297,0.9085652393291174,0.6145325855211781,0.3735015053202121,0.3763413567062674,0.18482212029150064,0.3708148839634882,0.20903918425121315,0.4841433052035441,0.6165204620687139,0.8383025479449164,0.878630521483466,0.7476674427533521,0.713819461416123,0.38591391179094237,0.6392267413099604,0.6785502074968705,0.8040567939678155,0.7450315812532788,0.3287502451828668,0.5842132609885134,0.8397427929302113,0.9149046660246516,0.8429040585017264,0.5040074122979965,0.13563959382693982,0.6104739508746783,0.6189355432536849,0.10089592042066146,0.45205271232508076,0.6507912438552195,0.3670510594564059,0.4790394460661935,0.07938866429666351,0.4730649225875492,0.8207613835747909
0.8141795818857337,0.586595840586448,0.6299410399465165,0.3504000166985924,0.621000751701908,0.5302136176545648,0.7555657910335334,0.9286566056975912,0.944779084661115,0.6939494910407936,-0.04323065510772319,-0.03052640679825387,0.052844745003092344,0.6629414842472039,0.8622472507639275,0.7656773412799086,0.698687975766518,0.2420700823678599,0.2138191394353355,0.6566349990445708,0.8236952849243397,0.9008617969040905,0.9454191228027792,0.877174236176361,0.5639658133189102,0.3843777647641793,0.5027364962329914,0.5069116710042901,-0.0270439518670248,-0.03950197524239101,0.2855528688159583,0.6170829307452405,0.4319854395387917,0.03016401106181066,0.4195563495283867,0.6239294319633395,0.40116114955929194,0.05720056143167249,0.5556191043247466,0.5191913522079454,0.14509305055202712,0.09210798713437353,0.4448196124237082,0.7958754797425959,0.9586238112797947,0.9775434746189556,0.7404440690220535,0.0033920420968543185,-0.226709859605867,-0.18633114576959267,0.5494676715389708,0.792073630757747,0.7676956282273925,0.7864374918500543,0.6309870078323905,0.5157710869421901,0.5685837267621298,0.6594778069932461,0.7534253081088131,0.6278400234755046,0.11607716215909042,0.3648352618832978,0.14646799324116483,0.6966098856014844,0.8670413100229645,0.7578721691446926,0.6846048298729527,0.41017691120251887,0.7533739552958117,0.8243877351604274,0.6976618739423089,0.5883162868725218,0.5344309295421571,0.44582883090679937,0.4426697950250516,0.7811405195778502,0.9396966252159741,0.9400227294284439,0.8465012163247743,0.6641394238784925,0.691881572353646,0.8751141846205697,0.9008575537502009,0.7979002019128808,0.823974878209117,0.6654912658755623,0.11310088380084145,0.319574968164038,0.3581380696258384,0.569473964375511,0.4863185709921799,0.7542746516584642,0.9081061161293515,0.7183135970988203,0.04235364596522403,0.034433656362997694,0.48146423770065,0.4870221137766118,0.23902555996162184,0.47662100381933153,0.5237536777233335,0.19555628991476645,0.6931325787052618,0.8078850555136609,0.7309281827580347,0.8008006133907138,0.7654068815124335,0.8655317480402244,0.9157153151149512,0.9424632524361896,0.8425077887114607,0.5872475340522878,0.7409150485265946,0.9078704361025413,0.9216233085085257,0.7520024719195766,0.1447416009634316,-0.058697827637741076,0.4054301065179809,0.5083638125983507,-0.012180918118581614,0.11961346981183607,0.638232565197732,0.669223721617818,0.5984898146738471,0.11922862010382464,0.4443846117209652,0.7495185381072815
0.6794007890577233,0.34913081323612405,0.6051570455300361,0.48727654471815235,0.5735956643178642,0.3069353965309683,0.7454723129425531,0.9455648016120435,0.9890543976552307,0.8643367528749811,0.4491147226864911,-0.036853011565241796,0.4000868267459711,0.7469570585153849,0.7205769131472752,0.2610719207405364,0.5897483042065395,0.6251490014524957,0.6863777214725321,0.865734974029605,0.9472914139109025,0.9269268712136484,0.7942084356558841,0.6345236938437726,-0.014929260716501615,-0.060937973548987834,0.3392064176104448,0.47220784185133774,0.4774783508381081,0.3609420903464873,0.04183462061377034,0.4277157618873057,0.0676479846423838,-0.0844625572679169,0.3437939116408158,0.5489293073754903,0.5372561857300936,0.14407269716889365,0.4921762776389716,0.27127216784080266,0.4485734898015185,0.3698324478944033,0.10043150307536022,0.673150855023856,0.9068665554103152,0.9453597373242152,0.6993191321926865,0.037458343424211095,0.0831382050216565,-0.1769513329440705,0.5761651651597934,0.8821088111714507,0.862531808481832,0.772424535119734,0.7710799904433446,0.6595852038188449,0.6400827482833075,0.3405635764781398,0.550267406460256,0.5122686950227278,-0.06099122987136129,0.30344353805908353,0.12735971150869674,0.6689400354424837,0.7505810429650759,0.4042459791942862,0.6867985347528448,0.6722987728708076,0.6113140733003157,0.4743807113122541,0.09668182638240548,-0.003328489073411531,0.10337555039243078,0.4524432525829126,0.3003393289940106,0.7535802268374935,0.8816337616033516,0.7742148400655928,0.6460375786996239,0.19048142657051997,0.6110657996217844,0.8177415646124926,0.7867796826236515,0.4704526255728056,0.7848397241507469,0.8089922712413954,0.6606694500819122,0.5415267991821953,0.0973831012683344,0.44629830492815675,0.22340201529511156,0.5461344213243579,0.7978908671437909,0.6584463339564472,0.116091775153981,0.36706816254556923,0.5807656289421587,0.7304102496670447,0.6370612873408257,0.5991596411978654,0.5764155041254564,0.20419790665896295,0.5980983954298817,0.5217780127623287,0.3171944043095314,0.7136487710401994,0.8746687981712893,0.9585050481037988,0.9873264333918568,0.9732430936363096,0.7969547145277647,0.2991099043527401,0.5580900188705582,0.7874466376592409,0.7786532539642209,0.8099367372301575,0.6286094894548293,0.46511401935552876,0.28485004528017177,0.6116004564166863,0.6001509072829965,0.6676212664749276,0.7721821887129836,0.7116681585318654,0.7089777044885618,0.4397725050573924,0.025196340323892827,0.34144435494338593
0.5851894679276215,0.6196858894596705,0.5964943188549624,0.1370231948936064,0.4818342198510825,0.4939040881686878,0.770075152129894,0.9511379231056598,1.0076840282619883,0.9193319641572181,0.6193278706770365,0.04915630867758923,0.3752330688196911,0.5902000579835838,0.5860061129425442,0.13631515421825868,0.44319416212484597,0.7080871460013143,0.8647768483025591,0.9630553453879528,0.9688891419212247,0.8365824515248647,0.43403373536406187,0.5146725481324822,-0.0320815248741871,-0.009803236619416508,-0.14034041937153727,-0.054990673838893646,0.5256529274516618,0.547497110523501,0.17511249335310738,0.5666100062983824,0.548732370816212,0.39804207704283545,0.06940973418100906,0.1767425944644972,0.6390004684569541,0.6880994533144225,0.7995998998858163,0.7562959776496597,0.7900641714419965,0.6232172416899608,0.16334148533658582,0.627086663842286,0.761520450126408,0.847364195013624,0.6312605177605753,0.3554182917007082,0.3799354763199303,0.08677057872579765,0.6806316870306007,0.8356746146159381,0.6048410689999237,0.32858876363366585,0.5881530584561153,0.3770591849426403,0.6743589272890812,0.5718685042562656,0.2761050765597785,0.45542357360126046,0.06399057714128163,0.5279623484076735,0.6265773896154517,0.8057096425502038,0.80715300618762,0.6044384939406467,0.7282869642734241,0.6641585036735203,0.20414925355364646,0.1284415823640082,0.42796125321005557,0.5227453485113113,0.6322169057717544,0.7724093384997934,0.7667885697148198,0.8757898271649047,0.8060480046590491,0.4140573184938542,0.5140602582149629,0.0929451530095886,0.40351374583869304,0.5811521678622601,0.7744180484907446,0.7781718082442481,0.8382685907206501,0.7420801457853896,0.7858829471218557,0.6642747903898514,0.20744846270649964,0.571438899329382,0.4588106310297544,0.14449001726291003,0.6063466839792353,0.6304651988295512,0.5157789511854042,0.393071372768511,0.2855755155668709,0.642468301690688,0.4993042154823735,0.29179745991688205,0.6633871609327229,0.6700256471444075,0.6166996449612591,0.1311876993644642,0.43295793358550816,0.6331651009026225,0.8344437567345043,0.9449910250418809,0.9690771424795979,0.9781117226123628,0.8135477280928198,0.3803051987380476,0.20046014527294626,0.5604258259338131,0.41109825680763057,0.7709276065882689,0.8367696824022202,0.808793518950403,0.6704396605859498,0.6425641450795497,0.7583708410781549,0.7878628205337092,0.5988795030597243,0.2895546836228548,0.5169033584873841,0.4852575533529802,-0.07412653021795715,-0.1373043068624234
0.1875983625796764,0.6400249012313007,0.6228604505907825,0.0647841632951931,0.2458989395562199,0.09959535492992098,0.5355795172854637,0.8702437918823653,0.9281973937301139,0.7046596970901197,0.458272832123829,0.17977800680303876,-0.0020623538608052876,0.09588344981420607,0.3761306412264336,0.3125628397324044,0.002056218471442635,0.46521693137532183,0.8303210420781341,0.9690258475731306,0.9623838444536633,0.925392552822842,0.8008571355842568,0.7416573124713214,0.41329230347169343,-0.09779285491390864,0.11484832842031131,0.03921338546409434,0.5828766300264802,0.5918897865547551,0.5369674244894636,0.5816717908731817,0.6031485067764364,0.6039429542934598,0.45829552055021044,0.6164132643695999,0.8183231902114393,0.881532962329183,0.9490980874874473,0.9686802206838855,0.9595995387413886,0.7843343893228771,0.4866525330401267,0.6001961072374391,0.356098269364821,0.5407203842853711,0.06449835526189777,-0.08228072196457593,0.48815874190629804,0.6570016965355173,0.8468264636750885,0.6933245985152257,0.16210369484257783,0.4993144348058975,0.758363894912138,0.775127504971023,0.8405435179219332,0.7767269325924169,0.569939963487857,0.6370177661330111,0.49426238090873076,0.6825383365232286,0.6377272005899494,0.6640705520659637,0.6746837974705775,0.3043400313010704,0.5620127473498256,0.7472379083647996,0.6754320660730357,0.63460336628033,0.6902489539880058,0.6652136740738294,0.7956894051460746,0.9205099034995426,0.94977048235989,0.9429705643899998,0.911398682021104,0.7885502730207723,0.7636820824378787,0.4826764794560505,0.030003036367088794,-0.01254593927297753,0.6212687549039498,0.7989009221568394,0.697655674166349,0.2509581860123979,0.6906977885576163,0.8118169133414035,0.7145252282979183,0.8034980189511954,0.649921052656425,0.19111073042907872,0.5268990624295131,0.3227492150388656,0.42013619316149164,0.06232537162755191,0.4518134406149509,0.5330588061084739,0.11100288606947245,0.5059597124014792,0.8251255429827786,0.8446898599421468,0.6524906366594962,0.12510414434252784,0.4325361574145088,0.2716781983543083,0.5876780057561262,0.7963725386382178,0.7948064317880205,0.8446143183373345,0.636222262515642,0.0793715828461393,0.45081111209891533,0.7461447580803999,0.7699468228985298,0.8201074454879668,0.7646185513882825,0.7426620038050726,0.4571506770351405,0.0497609153363693,0.4455701808846314,0.6246422316932393,0.30088802912972795,0.4129957065090424,0.25112871686940863,0.5851052591848402,0.5746091511275142,0.5864419731828446
0.6987216204510404,0.8455521643387405,0.7588367197533347,0.3341446336803145,0.0019755553868888646,0.0723608526789039,0.1379383542807818,0.7116057570920201,0.6795662517858084,-0.04136852406870716,-0.31711420978709015,-0.1652346066162522,0.32731052205397676,0.3670108306742047,0.004309854285594789,0.2743886657499643,-0.09006339353604065,0.11716491690872011,0.6954425795647023,0.8311421445429847,0.7728357843788312,0.8766221249902325,0.8446091256878984,0.719040637883042,0.5309517314640924,0.000810067856807547,0.3098308024727233,0.5336147528892985,0.599597500529949,0.10315117728217496,0.2345985893119722,0.05569897694468841,0.08703720376152023,0.3338475252701032,0.2243843043916218,0.6017223219195043,0.6194864346116875,0.6722934952676052,0.8881460259749707,0.9509518566276619,0.8665305118773553,0.5353358600407541,0.08555128286153721,0.46855318942023005,0.3951204273934627,0.39260218870582875,0.16784546526704167,-0.015687437341412713,0.6185484161298203,0.8770913438549005,0.8704142942576751,0.5080615384598142,0.0793306237758802,0.6028709142702112,0.8471539190557705,0.8646391527981976,0.7392465365946402,0.6860634090890219,0.3055754348130297,0.5451176517652373,0.29842809965589534,0.5476309057789764,0.20125802704862597,0.22114018189357906,0.6270113217321894,0.5428634831308523,0.3466720157068389,0.7433993328392007,0.7717966268293022,0.6115192179920115,0.48326322630558743,0.24831613036203878,0.5835897206334761,0.8314861382392056,0.8576229814221578,0.7721604592224961,0.8768804306240531,0.8945945034328919,0.9124727514387279,0.787937983023455,0.482045425033317,0.11795724112140622,0.6058278664811177,0.6790746674645489,0.6186909200632129,0.21977940096968987,0.685892967808595,0.8031949675207192,0.7381621613367304,0.8286839641820243,0.8164053301065676,0.7194296000715406,0.7808722391627775,0.6493127214950313,0.39788493194417157,0.07729313105356155,0.5173595306053738,0.4300425479081235,0.0675367953144805,0.5912088259287215,0.8206711947502482,0.6803048385217352,0.5365008322997642,0.4220002612619509,0.6341023536979908,0.5521698713508477,0.31864375929157046,0.5893711923797529,0.3362974903102803,0.4809440098648508,0.33951831188029735,0.04031218017996629,0.5725519196076962,0.8265602567729939,0.8312297203308517,0.613571095150872,0.2617060704538214,0.33548822223167557,-0.04790897414513954,-0.2312271808923665,0.05401657629058894,0.629577960860452,0.7062224194924199,0.7035079592491192,0.4948759077380764,0.5695284906947772,0.7888888695148125,0.9093623161548822
0.9244305310335593,0.9338296057734146,0.7750804340797199,0.2582506240904658,0.24060453122734515,-0.15863741072673615,0.2117631538691564,0.6870315851748997,0.6080099980769469,-0.09751842132590552,-0.2778261048851467,0.16619057459623182,0.5994479043398786,0.5324287056261748,-0.011778138422965037,0.46124014241978656,0.5153870550135645,0.5810264766883496,0.5908417973995508,0.4494381494824467,0.1265235596417884,0.5530205137493811,0.5353876037869449,0.2610873508055013,0.3726292064114477,0.19751180020292727,0.13323024366589986,0.6316805993736354,0.6319469829625778,0.01603736818937817,-0.014840083648869719,0.37680234850713207,0.4324717245347522,0.19342685165696274,0.4485679200995575,0.34713890809294407,-0.18912352041906935,-0.10205193624932535,0.5644842814757431,0.6217710464900512,0.47464535542446035,0.003996127859015103,-0.14709152048748572,0.1096260351613503,-0.2644664956377492,-0.19735985768459396,-0.04369474275794792,0.44621784302500456,0.8351519941239544,0.9457180129190702,0.713480750889946,0.060387582566109176,0.2279423828313789,0.6051193921680438,0.7042787630007925,0.6660516760950139,0.2315880158133506,0.5577127052991815,0.518597507536153,0.709474857489607,0.7046339008213935,0.778668708738049,0.6621557581887978,0.6972063263693179,0.8349478115181825,0.8010879815025495,0.7536466017577299,0.7995661639294548,0.5625246491760668,0.12979072836212652,0.07212270350877113,0.2943022285427383,0.16446403685550567,0.4556945153948222,0.4106579762319992,0.1280381956936273,0.613311693026906,0.7342182955720269,0.89214310119175,0.9263921390592117,0.8248648496341981,0.6590839951015571,0.6805327411249104,0.40081839635019684,0.6846094417529419,0.6912884235194794,0.7711744886231543,0.5911980512014168,0.2792147124539584,0.5164602631127576,0.6558777016045714,0.7698746037862129,0.6850081336807297,0.5425507246447191,0.06921716147740256,0.41815101174583436,0.595506526127033,0.18385969663983662,0.25263021770872857,0.5115249187477746,0.5763983130355849,0.0017520719518478967,-0.08066621597760137,0.05486094948017538,0.6184967093338658,0.7860606761243077,0.7553558270887817,0.7965138176371657,0.5618142217081478,0.05632835381413026,-0.1278952824783338,0.30053020893707016,0.5268086722662015,0.6245390494819382,0.6747008526314435,0.30739213422099926,0.3889181448086061,0.18663671448102057,0.40771700977987924,0.4566244895300352,0.6252492463909113,0.8522085040822068,0.8603890797135799,0.6819521478790894,0.10288815090913613,0.016914235919193502,0.6730681009833576,0.9483295449863582
0.9895125350746684,0.9826218868423139,0.9131741103456299,0.7362130342849761,0.5288404628628652,-0.1733202062435695,-0.18971988573993664,0.514780290543829,0.6100198342916686,0.4997229210409057,0.3800433927248629,0.24131067427421665,0.6938700348844415,0.6620442919400893,0.1892974419821032,0.5974506557497836,0.6314590090571305,0.5841475222261016,0.14010313052159043,-0.072623955596461,-0.14644989136289974,0.22723012897662687,0.11289358736460654,0.3277470990210845,0.05525063946554976,-0.019761762745930958,0.32982289499991013,0.7511909283895081,0.83295987147904,0.6002387395087458,0.46471736297776084,0.6628979472129578,0.7037702365783762,0.5389176383937764,0.5274135161311356,-0.0812641590475699,-0.5162093304766273,-0.28453940716570114,0.30401541095585993,-0.0419107066719703,-0.05302773459773585,0.1332926568263553,0.22580274603497244,-0.1283665679721163,-0.34400427478512524,0.23896808812630377,0.5629196659546886,0.8231790402457748,0.9330147148634154,0.8617165190183974,0.5026067061045005,-0.09461211366201012,-0.08186102488505943,0.25727937034412834,0.18373932293654915,0.44795580288438236,0.13511712050111682,0.48845586664974794,0.31783243850217324,0.6839104948664934,0.7058307615457036,0.7591431456291049,0.7057476854841507,0.8358891180667136,0.8767342504437757,0.7846319307947549,0.8349299375386879,0.7608866733868644,0.3455147654871081,0.4977366087871179,0.5317101652790531,0.43323850200154973,0.23484147566829242,-0.03372240041565424,-0.15681204282636793,-0.1023900000180948,0.44294564722637797,0.369210992390199,0.8036635955657533,0.9398394472672722,0.8651305267070974,0.7230255185460986,0.7995531769313154,0.7739666996232514,0.8793314907787083,0.8894392342534587,0.7762101895336131,0.33300825826416164,0.36804390757174044,0.0719626430840298,0.14971015592442002,0.4473874684191795,0.05591152321411924,0.19540556535346626,-0.006455380317233449,0.5756456892957914,0.7144326204011645,0.3409476088001077,-0.03694540342530338,0.10210514685542199,0.44783155727841834,0.03965364144705161,0.30238169131557824,0.356874073893573,0.5967888350586703,0.8437775227270469,0.903695316265896,0.9294760423517157,0.7854050441868023,0.47980656714134867,0.05716515256981296,0.34007492170644044,0.015743621603818758,-0.010575702082760322,0.5701394968963944,0.6824616837513107,0.7602537279054784,0.7136492115049982,0.7102242172823187,0.6646328072799164,0.8249234415258723,0.885913528955216,0.7363589578279237,0.5815297928498163,0.3584304350293297,0.08462271308414906,0.6643098915563072,0.9377246793363306
0.9922920690585268,0.9940618335203285,0.992996076319644,0.9399963892271971,0.7067056888164734,0.12020150193627632,-0.25794243754444424,0.36476402420503823,0.3364143898628525,0.7050270767428549,0.7852670223099354,0.7346107358110673,0.8558458802693982,0.8602960189132725,0.7009489431573739,0.6998552370279165,0.34115776168407097,0.4744946452028218,0.5407492705702669,0.519001836958219,0.3749615302656751,0.10460473291409922,0.2862378307511652,0.5629011251227769,0.5366192501802795,0.42314267437507985,0.2614646805255719,0.7292525052411848,0.8834314343383398,0.7347114778572403,0.31012586934589437,0.5409027061636802,0.6533088775510688,0.3588062477955126,0.5390072850351821,0.19070286165979838,-0.20044187967014318,0.2453926678457793,0.4507403788668254,0.052382548297025114,0.19531062823340806,-0.05603182180327627,0.4347909380181198,0.34179572217198434,-0.0027963240764058445,0.568457164528313,0.8244717082915705,0.8860687634865517,0.7027871417449946,0.523902224919152,0.20588386275571224,0.3715360532365331,0.3145984239949978,-0.07624948400481414,0.18351061099574675,0.4305207953854474,0.5543268799930251,0.7491467238016707,0.7341089319523398,0.7228522691933393,0.32323398687874016,0.3687391623525648,0.24070999074100347,0.7097374108190792,0.7691365157342711,0.4624699609676166,0.7602779538290636,0.849499101982287,0.7694206217993937,0.808255268579041,0.6823024913622837,0.13838009397152376,0.014256928170323924,0.30066881130994316,0.28084734398125333,0.48476638452099374,0.7387741307750394,0.7795026749229357,0.9153252785174437,0.8951750735906452,0.6290658995632498,0.3220105970850686,0.7319287443363464,0.8584685717774052,0.917982955448707,0.9627874942683747,0.9146196923022163,0.7441937974883499,0.670007482331364,0.4309653027584131,0.47172427402584705,0.3601776282374247,-0.11549486362097708,-0.09832996143857464,0.25291715286725214,0.7028889376992116,0.7186331564029844,0.18044894440008735,0.26606052104858446,0.5319147352940208,0.6439022126942135,0.4184114873605496,0.4444365725999426,0.10856592991223145,0.18344952087776886,0.6781459007219592,0.735302391526988,0.8318750672705126,0.7593101567125571,0.7484426759163977,0.5796868110507506,0.44510752581272717,0.18677045473813822,0.007751288913963879,0.6327326171868348,0.8683198113506724,0.9334179457580887,0.8462725222207353,0.599670153369098,0.3506760603684843,0.7462177517720885,0.7465087640678142,0.26195637110408176,0.12794470808065547,0.37518139435425735,0.5019656153478356,0.6798168187023247,0.9015946307276518
0.9218323767753437,0.9715894439587004,0.9935034730536929,0.8752815834394061,0.46699419787773505,-0.23274627237824116,-0.21531364144371246,0.480374026484636,0.720441847825199,0.9022615025891301,0.8956013428755201,0.7251846490118105,0.717105315025423,0.780711811151994,0.7149690346346923,0.7410580740505328,0.5069924298969085,0.1361909053738303,0.616371654286901,0.7530721145806595,0.6009249531315504,0.3938651973704166,-0.013191316299380305,0.35155311191947025,0.475719117858793,0.514310526403333,0.5833941218090021,0.706589529572157,0.8854558748178606,0.8594072306150747,0.6149274984881049,0.34879852076182716,0.6973272937634705,0.6591853427580512,0.48978365546589503,0.07829433134462425,0.1713906496948398,0.3861121336058718,0.532731790294562,0.5645634333091422,0.4611083290914101,-0.06089589653799171,0.4649508176953562,0.44858830984557874,0.4127729740438555,0.7061203726203725,0.7450496732071535,0.6479700494987903,0.03733845576999446,0.050401566780397145,0.4855238985224361,0.7123887120044601,0.5656166874259493,-0.09261530631442863,-0.1644283831150161,-0.013935851034216903,0.45350660502840084,0.7717711280213957,0.8923660211479957,0.8594227883946881,0.5217448399232766,-0.0263386137382154,0.2751812578198015,0.7213572782867693,0.8349845248815643,0.727586700946489,0.7009011731025275,0.8589761356864595,0.9280139370451598,0.9605440854005335,0.8199945973996392,0.42095709168970435,0.3337106501992696,0.4221539575110752,0.08178602768156375,0.5751935240336061,0.8275677194720175,0.8922750578402404,0.9109870508069166,0.7883713244091187,0.2966185885421143,0.40040706973204454,0.6923834931896964,0.6768591658176144,0.6927352194844367,0.8697356368346776,0.862946919567337,0.7211786875124219,0.6096042160103167,0.11734551773103376,0.3966540422802349,0.2071273682289787,0.40003754899036803,0.4132639440762159,0.2675586831568932,0.7449866686085349,0.7703169175113879,0.387495239492174,0.1809599664819698,0.5761493141624278,0.4542895887331197,-0.00471570438265373,0.3130307930495657,0.4456390780590932,0.4226103794260098,0.5385011410100393,0.19135361957055433,0.5387202084093901,0.385958002756001,0.6759185537084124,0.4816179355742121,0.04084680117022535,0.0008591373862694037,0.41425562615627953,0.803310694290948,0.9586478886566696,0.9739537269250829,0.8083538187167999,0.3301738577537816,0.5546484278955558,0.8259710729036458,0.8732917429586686,0.6872778092013594,0.46995067577542726,0.19637290690207532,0.5006245944300377,0.39044037059084147,0.7983733552396105
0.7075734672223808,0.8759759538139285,0.8914108471361759,0.5949986224442007,0.00891283727413513,-0.20026418064559978,0.2674765317465812,0.556909061542158,0.7976945003670968,0.893816622040852,0.7877537610631219,0.2767243640731001,0.14731982839066934,0.33163850266106265,0.2050419430718797,0.5054865400196279,0.5422369827652102,0.1868717939765913,0.6356971897637305,0.700929704438743,0.3640305151648399,0.4411437504054108,-0.0825903434290545,-0.1257864754161798,-0.06717036343525044,0.09752847541520819,0.505084929267405,0.3888112539847802,0.7704269095540516,0.8733372460183025,0.8443937597616852,0.7823186823640054,0.8596477856903915,0.7132277144301341,0.2983358946313692,0.3383934070518998,0.004762985759933834,-0.02142113430692729,0.1778365888446843,0.6460374172860253,0.5604464446797366,-0.05041762576103312,0.2876403704845087,-0.11677757772756664,0.020665583253498297,0.4996702028225451,0.35333392782543455,0.5232531433103321,0.10128535729483566,0.46679710601089036,0.7824232202262462,0.9106554750238488,0.801030184351956,0.44644895368992654,0.382738931865275,0.24206168055711877,0.1444581479358596,0.5616496345409557,0.8604585157520819,0.9129519708972637,0.6345199302334542,-0.05296734771317491,0.0436720211001643,0.5948643013875151,0.6422536682451396,0.5611153909663653,0.18725510995021594,0.6702141113637391,0.9201978751260254,0.9573211247264463,0.675138942767678,-0.026615741131706488,0.011441588840527496,0.40012782194980717,0.08539358888280443,0.43027867464660563,0.5834398032158518,0.637280157325328,0.7056705398634074,0.7728051998268552,0.5364994120806731,0.2507274663987093,0.5180651440132907,0.12068412632871775,0.030602281270495153,0.5516115860509356,0.5189378065470563,0.2782625055730847,0.46442246843174706,0.07278200248462184,0.37158350856706374,0.5628833104719799,0.7384810674879311,0.7942106756629839,0.7459521430057592,0.8745403539514163,0.7622310616435481,0.27707134621449575,0.5187855769479339,0.6157320824367799,0.09197371460747494,-0.30199299205629804,-0.2556378503500774,0.22678206155420702,0.016710279681710877,0.3655053234536754,0.13111222492018446,0.5860877428239044,0.698147944084691,0.703788660565144,0.253018033149833,0.29202598984064027,0.43669814862078776,0.561389892109741,0.8357714794695222,0.9458004453858635,0.9791627122026024,0.8391084714332235,0.48093214366796144,0.5530561639106794,0.8341192364300432,0.9407041779808317,0.8469093447162369,0.5903274258711803,0.4648135740316637,0.6571510965054901,0.7256569983138633,0.9068827138171685
0.2289808229470728,0.6958986875592172,0.7323581860606522,0.22588276484741432,0.1888888274634204,0.2214139104544023,0.3697811392068249,0.07870042090803199,0.4467263617923367,0.6294750093233461,0.7837824574751778,0.6321223313523371,0.41382849994987375,-0.004944700041304578,0.283498536296168,0.26282531676409393,0.6528934108355939,0.6094900752232649,0.6046649743560946,0.6021100942553725,0.677780459244899,0.7650850542767333,0.6220306202082592,0.5702819723383462,0.5877143405958108,0.664771193092507,0.7549337108231947,0.664188463366777,0.6418546970341341,0.702020385164449,0.8565400495879585,0.8948642902688528,0.8785087847921006,0.7004571736773355,0.6798538685436564,0.7110758967358662,0.6044149418954462,0.6141486141971817,0.7088925108218628,0.8209429065707029,0.6858071290852269,0.1497578258874779,0.31973840329388614,-0.180114515542147,0.29034831543055034,0.5447168898930659,0.6474131993868307,0.7306117077120031,0.6538277222825521,0.8093155827221957,0.943529478009924,0.9720601537202154,0.8080418498015831,0.315144554367182,0.48056252179869663,0.18653284735319786,0.3600024946802549,0.2749869118071759,0.7728001545025254,0.935185907351629,0.8047545615355727,0.4633568385188979,0.481468890646041,0.3977901978807616,-0.03051649772215143,0.15371500885349404,-0.07124824487331058,0.45820782527934545,0.8443716655730946,0.8706446066165324,0.492349454816663,-0.006094237449130733,0.42802136152458553,0.6960763658043804,0.515943736957931,0.07202258530174564,-0.06082442352190823,-0.03017846657695854,0.14888788293714636,0.6311759730982739,0.6227525784545448,0.6273885819470607,0.6918449997755854,0.4720513499912343,0.08843986427336534,0.40116744873424753,0.06630864869775425,0.37256815834877205,0.4728251655093295,0.31269110803277766,-0.0179122201793693,0.35820383156721736,0.5789759543281257,0.767341797010166,0.7536371759090774,0.8823013666403375,0.8221316083336827,0.5917090948305708,0.7578058094689051,0.8005471006707509,0.5484624187303737,0.08367971848384537,-0.3642123543791383,0.002098659781489712,-0.10311722035469677,0.3139689468457638,0.49911586453203494,0.647494296947982,0.8005383499368316,0.8313486659447601,0.5936693263399562,0.2427635993258178,0.43307733291236805,0.148629211343427,0.6294091922729582,0.7573092367750184,0.8727632742370365,0.6664416880698109,-0.021175551194788842,0.09356731940174043,0.7087116161871823,0.8771348326916484,0.7572195698646991,0.22710093631366618,0.09798332564425527,0.4043113006807059,0.617172773900377,0.8698977768575447
0.6195926194691644,0.6835122640156048,0.702452574184223,0.33465859001427134,-0.048571009049578194,-0.08214773540399697,0.16120961629844868,-0.16535616710483234,-0.1608418258391017,-0.07474867946780836,0.5534794576836426,0.6295742649654844,0.5516307205175324,0.10361199564362736,0.5031055750435248,0.6556836406412625,0.7627564892729447,0.4860159424180158,0.010874375261300962,-0.06850963262125237,0.5603896295179468,0.8598527726322814,0.9069396963888205,0.9077249485541128,0.9145032818783757,0.8611040661227188,0.6440016905064152,0.4331556176403655,0.11016939622429962,0.1995834977613657,0.679087086762271,0.7255310671992579,0.6557816104819608,0.1790941230624953,0.5406392278909432,0.5692798438376484,0.5942433602658711,0.7944070503932732,0.8579869264001497,0.7604220785940075,0.7876488815019589,0.6683994586772468,0.47427541377839727,-0.15635408109486032,0.3146063294959036,0.23954421739207407,0.47895946860954636,0.530793313244473,0.6202358878623047,0.8576675182126549,0.9820974171560566,1.001479198875444,0.8629981999193819,0.5716056645864822,0.7023177093851216,0.6674401916079736,0.681631488910172,0.5646886214768957,0.7983114921901313,0.9149241054471842,0.7590309719899586,0.2951242773813611,0.4334553596521381,-0.04828044701767807,-0.4316817755656901,-0.26759379961897584,0.005582382484429277,0.16491554783732862,0.7235284014891384,0.6956379027089863,0.061026137248016595,0.19023810304396488,0.6229342341634386,0.8482834383908813,0.7676640935979097,0.40072501180099895,0.2880619893552489,0.370169625488096,0.41208013834401075,0.5654742731053563,0.29385689195561515,0.49135169292255526,0.6189391249047945,0.7244867502405894,0.6533743813117894,0.5919742926698528,0.08368037420748176,0.24585642219727494,0.05672775832716386,0.1602627002286941,-0.20222352717826383,-0.18804025719390086,-0.08331733323092391,0.4594848920968799,0.3781366964160391,0.7625273872875039,0.7571226484972641,0.39949111687678224,0.7164697515241933,0.7206022830624199,0.6072129355519147,-0.013205050921210437,-0.37851037525955994,-0.32716385604974574,0.073521880868929,-0.03425164210497222,0.38380592419223986,0.2597053637220298,0.5661809076677382,0.825300373443407,0.8472134367239152,0.7335477049367581,0.617972599704309,0.13971887340511785,0.4941170439262442,0.38268998983843494,0.7505800584738185,0.6524051966542437,0.11568438917128626,0.47902408248079653,0.7597079380163926,0.7398977593589444,0.8021898590409144,0.6554646511926947,0.39378125056208807,-0.11896719799751729,0.09939906632863145,0.6992247028001759
0.6338598132652951,0.36438303174647296,0.5744833107900572,0.2316760808214227,0.3530308156327997,0.21702989041276974,0.04246668446948399,0.2911497443951252,0.23694484285584075,-0.17756152039071887,0.39117273624508825,0.3227695977845558,0.5683070064207493,0.40502678177349194,0.5010530158256512,0.5953860243086406,0.567329436313939,-0.019313220140295344,-0.08969099456049062,-0.3332756617730124,0.34512275272172704,0.8105778134624986,0.9688211474766436,1.003856151199551,0.9370824598461701,0.6779564033578063,0.020236562531276932,0.014879835637698112,0.4039124231711991,0.5662361967259517,0.6755079745364135,0.38215749746808064,0.4486001427373489,-0.16780126355979116,0.061704460062795424,-0.23499357169394533,-0.10752077693311664,0.570620333060745,0.6583146012015073,0.20031873666427036,0.5176592986873917,0.6427846789623513,0.3655493569621935,-0.15624703113397284,0.4440411502175221,0.4774245250649665,-0.001795510690296001,-0.2439423501135941,0.054000640378886015,0.6810576768710958,0.9093091810342046,0.9494083882575768,0.7412236653684887,0.2083739526477547,0.6058462387742142,0.6526299291505079,0.6283482180662617,0.2882746276866104,0.5902722374199627,0.7855679495960477,0.6358658116146925,0.4371960895777657,0.4560817442896259,0.29706015381150536,-0.10042517252255662,0.17373595861840846,0.0653243238191494,0.5195216005548263,0.7975318374303901,0.6569612496801553,-0.10287032352357153,-0.23180633553267502,0.3401712378063111,0.5786330907820485,0.5409223211503645,-0.06006155328819425,-0.07211265764537698,0.23361960383225852,0.12639899209019279,0.39524214712897277,0.3720240332739045,0.06440045195198589,0.1932517473709017,0.7208793172296555,0.8429860656200816,0.8210404343543288,0.5388222225210756,0.12819143267146071,0.14962008906593677,0.052954915315827064,0.30177145467809197,0.32117745920760515,0.08024519151792406,0.5978576163877791,0.7328119900818915,0.8597419500967393,0.8714773249322372,0.7349121011516007,0.7118883675705794,0.39676892743638226,0.6863792865514071,0.5764300871485023,0.31271050474534884,-0.015166382227613072,0.3187403415861966,0.039450280038232866,0.3654353825450937,0.369300846557739,0.08574404486503998,0.6334625394658274,0.8609923406699732,0.9097464985887168,0.8063622103125555,0.543320620933385,0.7027456329284001,0.7578907862968954,0.8838755277851912,0.8291638356809812,0.7076546051836746,0.7902514249091576,0.6990151529262403,0.26550867908716247,0.6966147548410924,0.7822832828562416,0.5275089668439649,-0.13851671665213725,0.38651611545063924,0.8029202942248027
0.5920804674633847,0.6707804849712751,0.7980604818879242,0.7199687051032603,0.6293706169590149,0.1829235160775552,0.2789890726737584,0.4405358253138559,0.4015738604359304,-0.12881660299792963,0.4808356144487729,0.6066321817822361,0.4699467958923035,0.046567800997641504,-0.013099943414466143,0.05718956180812855,0.19051675224694387,-0.26678717681091474,-0.3560309591970904,-0.37979643942344954,-0.01332246535423287,0.6706406700198609,0.9370036196523043,0.9365783666107346,0.6861785349366902,0.4163647032207634,0.008514759792516697,0.4181386955877394,0.6738272806401812,0.6896242419356683,0.8073283915392668,0.7367559608852858,0.5105687659192197,-0.34481277394729737,-0.41474571896305684,-0.43028935318899847,-0.21911519755032074,0.3917842244179799,0.5088268840931836,0.00821906577894785,0.04523032269790859,0.2931174705343462,-0.02882523129796041,-0.09856581621070946,0.5797743157536837,0.6413902194400016,0.19163594606933493,-0.2759601121439646,0.2685938253151723,0.5481400463116552,0.705838312382784,0.857767338325326,0.7092595961850336,0.16263330589668654,0.45526765378975576,0.2611836521852851,0.4661486649256754,0.46340818258182503,0.2988039586910313,0.5550918318122329,0.10922291064646518,-0.0829035870913094,0.018351581349329252,0.37749133873232643,0.5254971641669234,0.6014685259729937,0.5090289245694841,0.7145652134119466,0.7473235492362957,0.6667937639560282,0.18270107394580995,-0.28197461684254366,-0.22530218264767335,-0.19615893400306383,0.13829235986242117,-0.12329525246623163,0.1861591207478601,0.11176640998524125,0.28601677531320996,-0.01672957716597642,0.2451733003129904,0.32197805585818356,0.5837878160168586,0.7989424370616355,0.7652295516450293,0.8680610671750363,0.819495924620298,0.5557267399789082,0.18126187935930538,0.4355899532951564,0.5347741675980868,0.6797235418755878,0.6626995407774187,0.8424135412703494,0.8597296992299446,0.7587485966707121,0.8095786169779304,0.7200636367726918,0.7363144911152072,0.5894453835751591,0.7646468913557808,0.7859676112513823,0.6242520242898969,0.6215083939763097,0.7192602511289472,0.5428547439211547,0.25934849380191927,0.36116147015367756,-0.12853348637457562,0.3222860364378891,0.5976547534005514,0.8319318589656618,0.7763967638018595,0.39330722013817543,0.7201437995401253,0.8819402880757364,0.8968065272107869,0.761464314698688,0.837602253592997,0.8596006638669763,0.7094229823968852,0.2380269888932648,0.613247639565549,0.6610754314894057,0.5047314828086324,-0.08383827113108346,0.5390528001431014,0.8858482080879923
0.12021036732487995,0.6378051276835439,0.8817757231972625,0.9298862887423552,0.8614641727268193,0.5657148207582933,0.12431985649340788,0.10509740640499216,0.3465060178081549,-0.08597196383619515,0.5450704021871733,0.6686165868160993,0.28020561539982924,0.4345633053277319,0.51622021655605,0.3946382320115325,-0.07916513795778182,0.09703824010642272,0.34405909141193886,0.39370916537958134,0.38089074893250413,0.6134406374195178,0.843600167556538,0.7035501985178991,0.037086164192346005,0.0049010431210210394,0.42097655248731103,0.7230230351615113,0.7501839202073789,0.45020627475679603,0.7655893228281051,0.819454994210692,0.5726352379356475,-0.23498442062591832,-0.03138964627070642,0.23084610646983755,0.31367036547044896,0.1619067873687009,0.4571423680893654,0.5013735257663543,0.43083150380252727,0.16414995738850258,0.37373622178735866,0.40679156106487646,0.6417837751895427,0.4587349446213143,-0.050672464472843556,-0.1925878100978278,0.30293245604834046,0.0998092869413042,0.22651074213811442,0.7420082888684979,0.7728940144125909,0.4654873428410646,0.48041956272114866,0.45363323903600433,0.24562169607985535,0.620171093082389,0.7112433355055074,0.7267588996427596,0.40248776374773865,0.2759405656749193,0.3565618283185782,0.23361605578350778,0.6035222811800692,0.5365896709948925,0.27220044811743316,0.5431183453381268,0.2996418631507825,0.3665809974765487,-0.00021100469190726587,0.09462942182662543,0.08384859912633214,-0.3711275357286556,-0.19600131424128142,0.1269724981997268,0.39432607355417754,0.5330256245619999,0.5134036060114564,-0.05718216975195426,-0.1428946084328728,0.05592827147569928,0.5995933983316087,0.6634475334402553,0.259691383985811,0.6993154963536738,0.8736164656415835,0.762338837753333,0.5110905960502875,0.47492751438701025,0.15238464685414274,0.5990516600634993,0.6966108396933408,0.846267774671502,0.7262144433807752,0.22749321229249056,0.5232298079417081,0.3312591994876335,0.5644499977098455,0.2743853222842105,0.5505481902318672,0.6569113205237197,0.36557967962334814,0.7272226293423504,0.8612815039011661,0.8479690316083188,0.7292266578491283,0.5687613179061746,-0.0998099551678171,-0.21737008849806036,-0.06547468634808463,0.641896092726587,0.8434295631581529,0.7197106481304413,0.6877654816908301,0.8341172450123885,0.7167482844403438,0.21573111517171373,0.6203463200714223,0.7170113790066664,0.7858758021014747,0.62560527152913,0.5089864387877792,0.27519250561497366,0.45472646521379734,0.10396374409808876,0.6683058859756069,0.943840288500051
0.2867379735257666,0.5489993901460865,0.8263320112032209,0.9560609680107762,0.9377703440049646,0.8205703067945438,0.6207262304663158,0.4373601759042586,0.445241624990391,0.08293109962673731,0.6497370668642254,0.7703181240507335,0.5233818379085933,0.5705591698728403,0.7423464363323422,0.6057503937120786,-0.0064027359819015086,0.06113975234294221,0.5904757895669674,0.5849898080952666,0.15803962893877793,0.2273198936424386,0.7129514757595732,0.6595230120897717,0.1245429289815319,0.45566794460353516,0.7627431319666039,0.8822625361582396,0.8660104531951426,0.7316408029233389,0.6712165254908664,0.668545210299754,0.5545131058902202,-0.1600865525341739,-0.27233045698204555,0.2201943472318148,0.34747166270218544,0.2343124297287057,0.19258434974939675,0.5667525857426378,0.5167994833252164,0.40192387283579756,0.5228872097739538,0.22183275970512456,0.31699791678760547,-0.008909022175337171,0.2712072380451127,0.33530326188491083,0.5698542749057643,0.4607219299866566,0.5821065064295361,0.7849273735025954,0.7138119038378538,0.19029308729163083,0.16342495627871356,0.5323892960536788,0.5138715560479881,0.7446541719553232,0.8542462257714754,0.7298529262731932,0.17667329305417961,0.11519082566756537,0.5101390201997154,0.47192613015138385,0.6060087482178076,0.32708723232848536,0.5228640830590296,0.5694727125264785,0.48804624902420085,0.13022314530202253,0.131595404983577,-0.02088241088519187,0.13801105213825787,-0.12858978166438254,0.1775230119290084,-0.0341108624069891,0.06866196144721873,0.4968939264549977,0.7182458146570702,0.5477858237979336,0.34687020921958533,0.4543104936884617,0.5971256260586941,0.607796947931792,0.14754571394068852,0.4820005046838255,0.7257394757221022,0.5702300644401458,0.18415808143070955,0.2712046871282309,0.04795178252285115,0.490114614815033,0.3746279389049008,0.7213184914337832,0.6616066286035546,0.1759304200117348,0.5915325907231698,0.6949823152732679,0.7624903815630086,0.5785234261950236,0.3265850847362865,0.6195928989780476,0.5538831230478906,0.7439371919355772,0.7711163316598775,0.8944363098465159,0.9281090691606567,0.8578846556189188,0.5280985340528218,0.14259995846643672,-0.060325087570158004,0.6000173313570588,0.8477651951932332,0.6899846888745356,0.24445533577363412,0.6543687147414501,0.5792802399536813,-0.0158574077616979,0.40986953588563035,0.3461662700990218,0.7286374298631991,0.6969526686562199,0.3339546869772321,0.5727442255452596,0.7334463252749416,0.701578611637813,0.8951291604805818,1.0165130335960528
-0.13189354190066735,0.06088280309684431,0.5488224432696399,0.8015212312119387,0.7316631379923163,0.6333604989346443,0.5173194062686439,0.03637106806140705,0.2897773592493654,0.38848830790792377,0.7420316064839481,0.7337342235559517,0.22185921847145168,0.19854718065502483,0.6896999779194316,0.779249113136025,0.6235662805441743,0.6801891509109168,0.804119704896244,0.6576730270833683,0.6119145914996731,0.694180672053918,0.8718672459821986,0.865519840955735,0.7259420712208018,0.8345138033027947,0.8787092270146873,0.7220676739017307,0.6765498646759153,0.6357035046809079,0.23179339300248566,0.23301289297526662,0.5729136269024488,0.3521071427153435,-0.14420301079625727,-0.1488525023426985,-0.167598208700937,-0.17501925854784908,0.3191528868218348,0.3550794392757141,-0.03322631534160747,-0.07755289884901398,0.5027222825930824,0.44535484012551574,0.0388607909516249,-0.0670968478214389,0.3806763291020095,0.24883221882670867,0.5458246022264948,0.24937023185326349,0.46322562718956256,0.6352285472368054,0.7721378920651598,0.6861786649676026,0.6614980788974987,0.6296322666327311,0.28209371990461046,0.5828781106713181,0.8383240108838087,0.867770730375525,0.7072843678950104,0.6233778811933005,0.5472463574592316,0.09984414577480856,0.5481897929494265,0.6707293161151267,0.6693045237491096,0.3529318658485927,0.6191994334679306,0.5101274773267785,0.16727912684340593,0.2911242050279041,0.12330262996573353,0.45691102700061315,0.6228778525784151,0.4426695344765731,0.44005570552494444,0.3304633409863732,0.7373652225351355,0.6250167750155408,0.03967689879644434,0.2413109735004809,0.2378513037144217,0.6152515041159736,0.4333476798580372,0.08894744952570069,0.48314154661522685,0.2575672125097993,0.33242311350537745,0.12426494297551988,0.4707577185432275,0.7344071574245427,0.7088595472001721,0.7037011097854388,0.7079088187934264,0.5180649119245869,0.7553386925853393,0.8856574035977142,0.9211949639585255,0.8589281963355969,0.7413966623983699,0.692903451525089,0.3500201020583285,0.5827393858487271,0.3743165954802481,0.794563237460255,0.9599668588903181,0.9207352083388626,0.6389864430657308,-0.041310791288095526,0.12776722638559077,0.5182664998117482,0.797573616197993,0.6971356637363052,0.23832931178604125,0.6176059639639265,0.6001688672570744,0.13409818162093867,0.5836566721957388,0.7208267587635058,0.8554978940248004,0.8635736700753566,0.7431583894874454,0.8361175241704087,0.9162515450334738,0.9395456779963222,0.9994951786696304,0.9984106355014927
0.547677519820437,0.4957919240431411,0.317517041723757,0.5710307481774652,0.14216602508711476,-0.09186810433849947,0.1261754794583515,-0.21159206678628698,-0.17093451658905634,0.0769723197947107,0.686592503148576,0.8350743927840532,0.6062856173913587,0.39330949135572524,0.4907225658433072,0.5649265646328429,0.6017541048028818,0.7887271278824701,0.7079489682855997,0.20774985219844744,0.6261964111470305,0.8241586367154112,0.9541410720101412,0.9732184958490429,0.9258396167648858,0.8979145091642737,0.6688386409810921,0.01838149950054708,0.1189228478693005,0.6182604987017828,0.6169982097224812,0.6023490856875268,0.6469485553904751,0.6822609612186588,0.5940880199040083,0.5457566227744404,0.40044044834173276,0.05251718256118051,0.34878207787239335,-0.07645478329186704,-0.011548899027273017,-0.0495321493442916,0.5450008835444904,0.5923308740001758,0.5796114546096939,0.6166255962772188,0.7628390527796821,0.7241586177902949,0.7756742768910205,0.5465385869553544,0.14847821010013956,0.20858548799473026,0.6925501927501915,0.8587153117654094,0.8425400177992085,0.6700911004590938,0.5137373735210882,0.3314237955022352,0.7770224774286392,0.9234781111138103,0.8626437452191273,0.6289236079634256,0.32955885412657054,-0.18529418137953008,0.36830780962418075,0.7447595643872075,0.7624317682283631,0.6001190190156421,0.7948633026272601,0.8229854314065138,0.6376851602154373,0.5030085330439664,0.46283261018933153,0.6847468716872106,0.6824888616419381,0.3244823942762183,0.6414330236533053,0.7203392749843699,0.8534894948060705,0.6455365183921475,-0.0044955667822934794,0.03318658235012502,0.5232454297570599,0.7801957919080675,0.6494496000459192,0.2005483863855422,0.5890653074037522,0.6120780468533276,0.4992155796415335,0.4437641967096287,0.7233962544077672,0.8704599584942873,0.7674000717773336,0.40358843948851114,0.5827190580148662,0.3316911185812093,0.7591555053022477,0.927262423999082,0.9515180413018921,0.9470097010359588,0.8927022421187821,0.8727430053908936,0.7576031955546615,0.7178952930631636,0.5736252224972561,0.7935890136134035,0.8919817304859031,0.7529415090549861,0.5864350506872067,-0.07719623947769189,-0.1519796274183467,0.12712291805756568,0.7185832777663124,0.8308029251567344,0.6792469359151436,0.6734351262736185,0.7604381193681732,0.7096395311362856,0.8488051384395489,0.8305463830532851,0.7427413270221659,0.8041847099384745,0.7380881747149781,0.8804221725822792,0.964898036292143,0.9686676548481532,0.92112327293773,0.7143035585732197
0.8308315828344703,0.8056246441978199,0.7594112248236512,0.7524676569858353,0.46610838599743454,-0.08703422039340927,-0.07557649426013813,0.2545479202148606,0.30648448403414896,0.47064406335322534,0.6638422495608851,0.769219189730426,0.41972638989139105,-0.2355938617795397,-0.37687793309455714,-0.27008523834199133,-0.07563958126335975,0.5941321520245685,0.5882719914203076,0.03204527569096132,0.5294011386463007,0.6819598079118089,0.8874371788229697,0.8930590222605258,0.7406736801942531,0.5805212549926786,0.314375264641684,-0.1921487407952241,0.36953438472793226,0.7031333148437015,0.5800048375396566,0.4390196168533012,0.1967547485802013,0.5436993215196954,0.7858233866851694,0.8373103320671449,0.8095853929328486,0.6878455881824275,0.5703765329323076,-0.07605773862665544,-0.05928528296121425,0.4039422061102658,0.6067539090768923,0.3900478767129848,0.7306472477202652,0.8397856442044797,0.8679980775227658,0.7732174154163013,0.865837115266258,0.8291633051846448,0.6857154982586096,0.6301999124993938,0.6686661675503137,0.8334125527106011,0.7460667216727602,0.3607056905537597,0.6361955151197395,0.7211291940988579,0.8883512627234877,0.9134350756336954,0.7696238212067771,0.19340320878300393,-0.12845559003870732,-0.303391659648831,0.040826630211654655,0.6070403561725227,0.5116816110911497,0.263484836294075,0.744000620263341,0.8250853825750185,0.5148576303030558,0.10488473628562389,0.08404341860038705,0.41162184638885385,0.49652909455360283,0.4841177586974581,0.7032269166000522,0.7000489134732957,0.8029052676395539,0.6790582969625265,0.571342242358857,0.5999215100976217,0.7891340594488162,0.9291651101575299,0.8842339041295825,0.6628609089684268,0.6040110820601097,0.5656635956910409,0.1519150553597689,0.17155281468974232,0.7297774970596655,0.91843568501719,0.8762736812823799,0.778986469434725,0.8059396552275232,0.7329639408549439,0.8748148358207353,0.9042580155217022,0.8110235884844192,0.8401223663917274,0.7799691232108081,0.8755588897100909,0.8294608352682362,0.5683732102417501,0.19169024560460513,0.4764815760619475,0.596364574361368,0.22463493909650514,0.5920066792899744,0.5615873514145197,0.5682577023065702,0.68106836339988,0.8901829959940921,0.9223446826253264,0.7624693430433734,0.42942796614512757,0.7731316482351296,0.8575017732229154,0.8177218138425696,0.5319899730398563,0.12656664617929186,0.48385912149176097,0.3284910908258111,0.7732033862463138,0.886940352203819,0.7499572888301528,0.5903956764686089,-0.07503345573540639
0.5418957851397355,0.6493197504370022,0.772621021628959,0.7121555713829029,0.7257438336878183,0.5354460974768219,0.38129632506973526,0.4886934092685811,0.18183623570236365,0.3353652483968988,0.2611082140810222,0.5372561874793638,0.047802338924365105,-0.3365801363426512,-0.429980324562288,-0.13258591121641675,-0.05926871038874584,0.6024751321297336,0.6346028358745582,0.1484013055845501,0.4130173280690549,0.14091442452233202,0.5902295910026006,0.49273950930380295,0.03721495736614401,-0.2480214575249348,-0.2672192429443428,-0.20390629605812208,0.5047709677638023,0.6027263147851625,0.013291656928041117,-0.07008787322097336,0.11768476158407894,0.19112294483742728,0.6780240425585443,0.7588413530131454,0.889239119269189,0.9161548611326576,0.7882130258636256,0.4313415288708106,0.5430807355987589,0.7093517545099836,0.6571109452000904,0.701255564685195,0.8163675131581075,0.7608838368882089,0.73022597885875,0.40562941852955187,0.7887924578578795,0.9166719751045148,0.8527947738651012,0.661676417257048,0.22572190238847697,0.6176463804559654,0.5812675554108435,0.49540700234249363,0.7533120957189949,0.8818523947542268,0.9014481240619262,0.8103564171661024,0.8174805238568469,0.6430536854399143,0.5396427033796829,0.4785620968817711,0.5679115975361829,0.5850354959941679,0.053273566737068886,0.3044906543742189,0.7133429403744195,0.6525285779658865,0.1346482484495225,0.37431631670935905,0.3288078215436145,-0.12661143276622755,-0.10838330428803372,0.06327815623726199,0.45843050615578373,0.15517933489467034,0.4890314132437193,0.3416301731919712,0.6335425738813948,0.5833755682041198,0.6891181976668507,0.8898813517066638,0.8397963587631829,0.49350977916357264,0.049476540678280626,0.3690001966945636,0.49905906712580406,0.6537836986658978,0.8714253577345675,0.8778983308666317,0.7883531339631746,0.848617944539759,0.8237242946380523,0.7356220846691197,0.8469573297526054,0.7847911430357041,0.4160252289503163,0.6070034967749454,0.4018843611706471,0.7687759827266046,0.7422496184017133,0.2037950991302841,0.08321225235536138,-0.1094232823208185,0.343780261938128,0.1590837709077052,0.6756819217084635,0.814576054898721,0.8442213318033273,0.8886132373554596,0.9632755646901717,0.9480950034507737,0.892378940003364,0.8020322708879493,0.8343953755453997,0.6581723187510283,0.4650458548640109,0.03356057246021817,-0.044400711305410054,0.47252189101576486,0.5281666952708475,0.7722558726416717,0.6806978982107721,0.18434409103157487,0.352081823651543,-0.165350662468742
-0.35189749893848854,-0.011574045968521988,0.41088732221296326,0.1782586350221225,0.6356260752781827,0.5938424671047986,0.1500253565125007,0.551977050646399,0.5056158622643292,0.24802261843631135,0.5660105361504508,0.7617125912291443,0.6450550837937827,0.41868730101269,0.10876555090803505,-0.015549248523568036,0.4636011765338042,0.8125678021901599,0.8428172655473565,0.6757049788028601,0.503671095614016,-0.05383575299954441,0.28911623872819936,-0.01632315380057239,0.17826250223590226,-0.07440469769106023,0.25135642957716475,0.3702469235959665,0.7078292111371949,0.6393614891937123,0.10048265192668224,0.2502714589698744,0.08476924092411725,0.48243033291839754,0.6630472316604124,0.43690616504001667,0.8150161347325205,0.9245624822868489,0.725220618405031,0.19071959075355127,0.5993265718952819,0.6066572734974286,0.208988747253837,0.6359791848607776,0.7329024863157679,0.4324114028134344,0.6460911863050806,0.5323177337107177,0.7960410781175931,0.8889824490895907,0.7619227909718759,0.6353216550468036,0.18099147711528032,0.466394709973625,0.14138396789863394,0.15956161823656598,0.7095634536467976,0.8940687178370966,0.8131815061444775,0.4615334008815196,0.7174774440059077,0.6876876828981103,0.7265819310472091,0.6137251661089974,0.6039872885449477,0.5547499727925855,-0.017804857867215727,0.08432230209300352,0.5845809293441226,0.4472112376296776,0.09926223940394793,0.5270282721877569,0.5410194228477402,0.08467220967869638,0.3905556970929132,0.5387863521621898,0.5754577718984114,0.11941448463125978,0.42826576088343143,0.6106024578140951,0.5704937698073901,-0.011661925384315363,0.12369737027647058,0.6100419580959654,0.5036860893624588,-0.018197855260638014,-0.23821609925897838,-0.03425288959248965,0.4509422079173979,0.7776163386911884,0.8473572411785226,0.6333434507374233,0.36304291895366453,0.6677981023347102,0.5601528365155574,0.34063957917359117,0.7502272029696828,0.8503644508855077,0.7681435013112173,0.815205921960462,0.7810311267499106,0.8653010256824188,0.7859077418770227,0.3310296511394761,-0.18424442081129688,-0.31779083758254184,0.378338145307814,0.6238472912993708,0.7994039662243171,0.684081641811272,0.6434914562013722,0.7042061952012274,0.8345349851330535,0.7972482296747133,0.894624422768491,0.8887053547676789,0.6580983523658662,0.014489012627498412,0.012456553623235478,0.38338903135725255,0.5362788233980094,0.6291254479222707,0.324483326021226,0.6110804104901901,0.4647446075058599,0.1177258399461223,0.5486461578606141,0.5669493111927092
-0.24210031128547094,0.2722208061989823,0.3414463709659793,0.11816137432446755,0.6352497554788836,0.6505973820161657,0.22211894034148605,0.6378660643340968,0.7737427545236933,0.7448641589207982,0.8596877551969972,0.9461422608698126,0.8997328564537262,0.6422185338352232,0.05211026918330085,0.3976863186073304,0.7554293743289882,0.8886077023277723,0.8058468114684394,0.7587442004594369,0.4640814044041275,-0.04534873691145311,0.16560778244230775,0.007984788675487242,0.5033514490661052,0.5523387543550851,0.5635459598244735,0.33591662663876787,0.707922795842463,0.675260563741947,0.5945127048565009,0.6327637498818652,0.5216887867769063,0.7428236553291325,0.8475276419262197,0.797382479171246,0.8927779778112489,0.9196761917736034,0.7007303245171285,0.22405763605746926,0.5714293644453563,0.4197266498241413,0.11157915985695051,0.6560538776158288,0.835166272884143,0.7233432289541781,0.6072595579258736,0.17254389752856403,0.6510171906840281,0.7123504253960392,0.38258272711367286,0.6723720679249731,0.6755758855897538,0.7634324228075984,0.6596373917713311,0.6512009006820253,0.8603110315454252,0.945669359105176,0.8815970924238683,0.7558958265176438,0.7152963235281912,0.3950867919895597,0.5675883153049275,0.1693225141649739,0.2044876829255408,0.6264268668869449,0.6131431774721516,0.6369763107037312,0.5806869343241639,0.09517994506796008,0.3851558570310148,0.602814967980127,0.7621909193499253,0.701105927977309,0.7507143652007032,0.7053303194780102,0.73737415073053,0.49708578401228026,0.29927485761011924,0.6761655160412774,0.5362180876341968,-0.09289625601944076,0.2987463991280217,0.41568262396927014,0.13948445744473909,0.2303270378298147,0.3252320812544088,0.3657775257602227,0.28781044110324294,0.7407233946515371,0.7594154889483813,0.3697021034382804,0.5764266136304983,0.6439786919879039,0.28132174459495785,0.5640481992665922,0.836920144440409,0.9369855954398387,0.9383500342270892,0.911744789676977,0.8321401073048471,0.7199315296147238,0.6813406102004601,0.22665217060694354,0.22321521296795224,-0.08558816832477761,0.4135700288086409,0.746766348362096,0.6679695521422803,-0.012584852063916453,-0.11218686860768746,0.06965095941702877,0.5316957056124485,0.3999633960258488,0.7938073444752007,0.8306664606795503,0.5120749314719388,0.0347726502373841,0.42690486077529244,0.7394014036728246,0.8559002219849547,0.8048053024951602,0.5078800037063579,0.40826297292443164,0.1570142578734521,0.4905758323933311,0.7868443035657505,0.9073865897169159
0.570143758305299,0.5945184846512508,0.2498662817355624,0.5324208612957975,0.8233947379701319,0.8626221168507934,0.6958234789125928,0.7083609328360082,0.8618222974632496,0.9316443332575863,0.980748491549872,0.9783997929750012,0.9238883852455647,0.7071978573151598,0.13729201476548208,0.45949927133772644,0.7899828708306231,0.7958912923243494,0.4194531643421242,0.5883437295729728,0.2176367997638961,0.30094394653160017,0.1491694133493569,0.47494215273974777,0.720767031672756,0.600712155664162,0.5624465714275225,0.6480377812068275,0.7164098937892411,0.35898840588571823,0.4874174966766763,0.5698095808885014,0.3425383343160125,0.7654463281521243,0.9240332980984096,0.8847149340146987,0.7703615848267994,0.8117282970804662,0.6867861072361371,0.625593138454518,0.5783848692107172,0.0918344796310695,0.4427486048771943,0.7971221065225887,0.877631204308994,0.7219908329727548,0.6181410881903338,0.19314235805363603,0.5750030285183501,0.5677610855423332,0.5023969666941904,0.7632112613480366,0.8844399554137323,0.9293702106337299,0.8537331185360655,0.73582116503786,0.8440768201390423,0.8825889804163447,0.7876468329034998,0.8457355487590067,0.8765747948779425,0.7865253895085398,0.7121613531403406,0.46048817426208394,0.59765869141317,0.8001221206130675,0.8488057042751135,0.805797832884784,0.5111130635131105,0.05991702712956567,0.4232620893811034,0.3272466789823685,0.76873809897665,0.8773360113673019,0.7990451508130714,0.45749577427862875,0.7049466307639569,0.6272151942258682,0.6565809743019013,0.7459433441794605,0.4471547243599893,0.00932266234118801,0.38773231490423393,0.215514670919986,0.36529471247300266,0.12916200403578007,0.33006006422517203,0.4673232647488227,0.6586884229648303,0.8729245868284612,0.8619661264038944,0.7419072753952656,0.8187791847038847,0.7810415402615617,0.5703375429869589,0.7569547563511992,0.9192593627064715,0.9846292474923475,0.9254603269690568,0.6801428516588086,0.4448503960428141,0.12257069143839754,0.6033537355483078,0.6827101576542,0.6933175016159334,0.4991531489485424,0.33697429114023736,0.7357634094819228,0.5735969247995045,-0.17478187066145703,0.013253470967622775,0.2811557717686198,0.6627397495633639,0.7504908274428223,0.8816972047164893,0.7879680289916788,0.3330018681282416,0.47817111377044724,0.7492323068746719,0.921406811384356,0.9495062507541279,0.7792984369276703,0.19698859633855922,0.04908050829544038,0.30126342104935216,0.6056914763086982,0.7471261128424278,0.9363632576234777
0.9235834728818048,0.8217069824295542,0.5498109367446414,0.7210925018540155,0.9136212249954531,0.9412458488171099,0.7441315387390898,0.38699627673730247,0.7559621843514559,0.9317493095867833,0.8949067443898775,0.7251243546158974,0.7107010845473071,0.7583747971567222,0.5292762825602286,0.29526749130690605,0.7474905815914957,0.8166688117358334,0.620483810366221,0.6817032657306584,0.4944684178944528,0.6127682453806059,0.6210534134537761,0.6337183077929911,0.5829969626651907,-0.045272436538328145,-0.08479564902332672,0.549712976098075,0.7774982598162312,0.5386329007866792,0.06382914092163583,0.39648569645283854,0.6195457369052696,0.8448123353510858,0.9251315857660205,0.7477288279942327,0.2378312436216796,0.5246396352811428,0.3568162821708369,0.6879090214636134,0.6404148060877105,0.19699901577292048,0.6418469506622949,0.8429181513545827,0.7984414027346503,0.4519821702256841,0.6884648209484958,0.5689926014928253,0.44008445639397104,0.09640697107467555,0.15325823045811296,0.7160525854461023,0.9318277290792562,0.9619740578965369,0.8132137956121116,0.3830498139780633,0.5817353330128407,0.6767054436431483,0.4309656551211791,0.7958807689720975,0.9010422148964282,0.8055507579631613,0.49920552077501573,0.07429884449833042,0.5361909744710269,0.6422586215777338,0.6891408722447628,0.687818850964294,0.21545502674837985,0.26982355365581295,0.5329843882546322,0.5505781736801383,0.7977136958778217,0.9084876667426404,0.9124803089937289,0.8004637878943324,0.7432448045314491,0.3482721513776553,0.5076103612986279,0.5591328178241075,0.10148075745491898,0.41193983947929924,0.6721931570507689,0.7082660730879559,0.7309749519074961,0.4502589566371939,-0.0818847050045981,0.08467127803863943,0.6718615483389854,0.826777016332016,0.7095826441207309,0.6811896358743322,0.8235724367098984,0.7572942466306876,0.3885597704714547,0.7227093348238052,0.8924106323835018,0.9440100204120154,0.7309441668967773,0.008573508850695443,-0.20237130820862917,-0.13675769283665112,0.5645102428775112,0.8485112684663101,0.9222296173655125,0.8658138042348372,0.7666926850595445,0.7690047738452634,0.45959705538072015,-0.18829791823569203,-0.25404067881892034,0.03441065249257812,0.67466036840669,0.8708603704017293,0.9489400771497591,0.8786736852326366,0.7014051773107352,0.6562194414998768,0.856573388605461,0.966775163651202,0.9684040509087447,0.8942411896136634,0.6479498280679569,0.47907889065920306,0.16057578965354788,0.3243999294194948,0.2832104723867045,0.7634461882207985
0.9783119930199251,0.7378835671270474,0.13507837041427556,0.4822702053068154,0.8068445801671698,0.867347107629782,0.6135897995499754,0.4325881437071271,0.6066542816622291,0.7593110974387244,0.4624741098366959,-0.05341354822148484,0.1210214218182799,0.6745889323435167,0.7319059351071135,0.5893913881667497,0.7590109113578666,0.7251037965246582,0.3685914747258131,0.4992249069969483,0.035514632098202444,0.4074949811536222,0.6063691776921308,0.3556565637789845,0.44982086046181513,-0.13866046875155305,-0.21408818925966114,0.4138649265175644,0.7575238968239286,0.5882161248332293,-0.00872029128253666,0.0908075932430961,0.604838642569015,0.7378902091367808,0.8222564748372962,0.6638328532091187,0.19730706825222763,0.5747076633120084,0.7126867259058164,0.8610971781284535,0.8337233010664096,0.7321025832633444,0.8118386287711372,0.7429553683040745,0.7971869396151738,0.7639924164208033,0.7567241628522483,0.5108937233519969,0.17251801180772744,0.451389459435315,0.6340722463894541,0.8396975739431508,0.9284415771952892,0.9415268133103712,0.8731279851797056,0.6298518068828406,0.34259609276130215,0.6639144028499936,0.7383806819406409,0.8060862804490557,0.6522225028508869,0.4294427634648494,0.015361245440004365,-0.06261889316762194,0.40949990464472225,0.17508719410626397,0.23196818626848353,0.5648700754333618,0.21431639932638782,-0.19906430529035943,0.1472115478817068,0.11810885671458098,0.4646696920186277,0.6732767442439739,0.8511249611881779,0.893977593605706,0.8200923193874621,0.5062910606822336,0.08984820808535511,0.40310867088963903,0.1292231526970846,0.5604212167853927,0.6934213726900849,0.8541611649010951,0.8887402534360546,0.6592320313404316,0.13247164233543446,0.49049481178771087,0.7067124281416064,0.5458615175639475,0.12625523410125294,0.19471860720966502,0.7273255266287159,0.8501763906067,0.7118759781897978,0.6482280753829033,0.7032570096721308,0.811793041261055,0.6410931638089586,0.012965464598159948,0.06558828860487838,0.1830248844095414,0.5230427747870681,0.8197861105649756,0.9566933207230951,0.9139676974461115,0.6554716353459644,0.4698933837525721,0.1890622846016685,0.31020183965650167,0.27635884764562413,0.5412499315021849,0.7943899369150853,0.7963911994358429,0.81900416893274,0.7053773773787573,0.6530274003189372,0.3678082789752258,0.7777057320960244,0.8988396185586386,0.8200814341031748,0.7977423888228323,0.666804998416548,0.6940327406117536,0.42235568985781846,-0.033211135770401634,0.2955008596221297,0.685500885122681
0.9696583554648397,0.7082694049558664,0.025872939828087946,0.05462085477903176,0.5034252432179988,0.565869287153475,-0.0424704523463449,-0.12510084308834202,0.09274464853949858,0.4133131038594416,-0.17371311141888224,-0.21694685854022952,0.4038557560913103,0.7901709724967253,0.7612325031931325,0.3004875106919371,0.47150884382443664,0.5802737418628655,0.5941975978345124,0.44879312180558084,-0.22582621855321403,0.018671866783736592,0.6226367543336289,0.6791562759075854,0.5994252950317202,0.41370123489569,0.20587045480861743,0.19337817424867426,0.6295788154853796,0.6115947953364256,0.5539263524169549,0.6150373897563363,0.6811601089881654,0.3593018180930437,0.5266133709398463,0.5586852721494837,0.5372374555365357,0.600010330883953,0.805403570029181,0.8803304485443093,0.7913286302109412,0.7913756337143589,0.6459563675550816,0.1570789094262056,0.4940050007471471,0.699673908700478,0.5544653787366802,0.1682317275979772,0.30227160321794316,0.6640056136528758,0.795583316991583,0.7160082901059648,0.6616664731951074,0.6694186241220015,0.807509823404731,0.8152267171824494,0.666948933930468,0.6471092394442228,0.7306239915870245,0.4851000118577866,-0.13065643059766882,-0.24005793318183113,0.28061250662651094,0.5462008180467611,0.7381966034415314,0.6606154352160641,0.6671888396457075,0.5565222548463495,-0.2517852283607724,-0.6284668811839009,-0.40698846058166305,0.05670521062516787,-0.17231543110927725,0.02611161138900706,0.447436953314043,0.5873055151661584,0.5365658214000899,0.35224956625599624,0.03274455786424253,0.541002995144197,0.6333578796157697,0.680856478419325,0.4334330331239278,0.8066163504254446,0.9029850458040474,0.8341192428490118,0.7153491287004619,0.7424339812216796,0.5309683162594906,0.15673298760244384,0.2688187723950819,0.5176283326847902,0.8335483573059866,0.9143444091974309,0.7376624180894936,0.23305513760270946,0.1603709884252002,0.46817903187995974,0.5123044366375216,0.352741039652773,-0.05026874873201251,-0.12226538362951454,0.05818883322800844,0.5528527557525758,0.8397864522114292,0.6946477341391263,-0.07821997571933254,-0.21147418357059372,0.3312084079767499,0.46822093255029396,0.11343996435433276,0.606901542907523,0.7008393099138608,0.3356080936999758,0.3677033826716066,0.08256671086779543,0.4763943423497555,0.5161808891019313,0.784762037090802,0.781084771831283,0.35770974855966414,0.34735337525262255,0.05627321066024238,0.5089115922943507,0.36351230961699854,-0.11802898204083376,-0.024528774721841833,0.3952739453361565
0.9960560987891103,0.8906573919833274,0.6237567256351317,0.4612314964903934,0.2568310594547424,0.4438872457955234,0.04272146978887782,0.37903478565587345,0.5757996750303607,0.4974811763614527,-0.17123845846815766,0.2810614358503844,0.732833214094874,0.9279184323155478,0.7867812185266089,0.2721646768972559,-0.1666758451618955,-0.003467964383469835,0.3606913105957648,0.30343335330530063,-0.08806546485456324,0.4247475040076961,0.7528402960795463,0.7135841975270866,0.37698545787095467,0.5173742102246751,0.21905151094654574,0.4616323676710435,0.4795224334968197,0.3046743243000748,0.6883388805276773,0.8205075531356599,0.8301636243535429,0.5820298739140114,0.15965094784311443,0.1408944208133945,0.4084783408329082,0.14991820338420417,0.6556061464843302,0.7459626136481988,0.38081417828362946,0.4869406942364776,0.34650306038922685,-0.11182329436444649,0.022597026166583725,0.48733605375908834,0.25066226220673304,0.285153135460047,-0.004858262092392448,0.5864436295616059,0.6911495747223071,0.2152268268214805,-0.03762746859385845,-0.09373828294381513,0.4426231885322362,0.6981369974675801,0.46575018515901867,0.06427592942699835,0.38912645826990444,-0.03038377694950934,-0.3955657719190222,-0.423853123378077,0.42552151213817296,0.8050177598105441,0.8754057388101575,0.7611478529842983,0.81470667386613,0.6352337267699967,-0.16059551293448818,-0.4834790209941028,-0.3070229044461983,0.14078876605852358,-0.23290613419078807,0.046275750718127846,-0.23462898648808658,-0.21418362494607276,-0.2720876230476096,-0.122594856902674,0.24416855359517722,0.6737671002265142,0.8505971980179342,0.8789633387950215,0.8034199640630695,0.8531664618953033,0.7271160056709718,0.6771731759367063,0.7879969408833916,0.6846688632849952,0.12883514053732972,0.27856113190928977,0.10303942427549154,0.45470956129129364,0.8120114624137973,0.9159334468145485,0.8759001484004784,0.6750691521268013,0.4782586835779048,0.12332426474327493,0.16164422271831605,0.5676788294561202,0.5800208937323765,0.5393780162828512,0.47790291391572254,0.3419789260243887,0.7444130607474041,0.5611401325690831,-0.35320478287789603,-0.42122490436836274,0.3967669515896067,0.577532502360986,0.18555713670610668,0.6105299331728484,0.6036604992054545,0.46989498255130563,0.03374267850306306,-0.1650144998942588,0.16059741950214274,0.15671554995161283,0.7102595855722605,0.8355129818110857,0.5624945246514459,-0.008324812162832634,-0.2477798971793568,0.3110738979504182,0.18754645630836447,0.36008048489656597,0.355385751349715,0.10052939591424775
0.9683711608335824,0.9625870002831998,0.8511724829301278,0.6553112495924832,0.5665163259363877,0.5637703258498318,0.6001664324928028,0.794037478944089,0.8546923793997627,0.6089999320168228,-0.047137643055983745,0.5234295131057856,0.83680308237907,0.8552784369387926,0.4835170270248812,-0.2526690471870321,-0.32305219731188495,0.15086083094024053,0.0304251122083734,-0.008109481304199277,0.21558927296225477,0.6039513951670018,0.6576518796108607,0.6251598179662778,0.6791430010200418,0.768783253994567,0.7087307099930579,0.6608952255632823,0.3300311697862154,0.5908394953403047,0.7874262087883604,0.78005499705034,0.8832737821693333,0.8285086617539936,0.6575911747388558,0.6252979341396047,0.5867213395976355,0.2013415687685833,0.6545200352193022,0.7996634907004221,0.5797740689460888,0.13832199587459326,0.05557429672727478,0.29786490676150895,0.39211325290782933,0.688920558052079,0.6757944849548587,0.4970809280456158,-0.02092553364588719,0.5904619172928801,0.8175788616287605,0.6556580093541962,0.34755868323709455,-0.11756104304992342,0.07261914510782329,0.47517990005307614,-0.022275679433351694,-0.3005078577331826,0.16803815733573693,0.18591972804419651,0.08614517951505031,-0.2635018598382342,0.523477694697956,0.8687245668743566,0.8186081819078911,0.4436319697460517,0.7869520685575496,0.8387276348447751,0.5488625262079408,0.28627675338645636,0.369324110563102,0.28399267033079356,-0.1484005108193668,-0.0004795241732292701,-0.3654605670969383,-0.0071464573419836065,-0.12445799297689626,0.22572425025569984,0.14195583662017833,0.5578185025354069,0.8501981163124366,0.9483282542947697,0.926264968761203,0.7657816168029925,0.19606609194873775,0.04013304100783891,0.5858677310590096,0.6319223181843893,0.16311123504830205,0.5029637849967812,0.412695493458871,0.11842174192854753,0.61145237670784,0.709045473334563,0.8620565326811,0.8839355690780453,0.8171465153379307,0.6817616273092008,0.6958214063114587,0.8476006386187028,0.8903101818075452,0.8767347282394337,0.8359134595200199,0.7854885345936151,0.8326859576925628,0.5843098535270896,-0.17205645436101386,-0.1790946287619217,0.5712551554469553,0.7414683037385609,0.5009666677710131,0.5385085718282705,0.187515975886504,0.5568930181787975,0.4553133198081912,0.11999011519020676,-0.19802683776098925,0.22536298296315835,0.7429355673593234,0.9219681244675173,0.7848621568958707,0.4183539018634446,-0.029530038523820346,0.3628523066543601,0.4945473205533989,0.4771672851060873,0.5133691006471715,0.5803432518514035
0.6624953220268532,0.8159487336566676,0.7724749561633951,0.3177262385361164,0.3340992167139594,0.2287249551470717,0.6709732924208646,0.905334238783694,0.9071474270052848,0.6725062983385857,0.16638048201165795,0.6082255391720048,0.664327330175741,0.4959178842486274,-0.09094753032068023,-0.45244824182899007,0.02009074237347458,0.5318010219220161,0.5900230397027668,0.4208436661933816,0.03898049163389854,0.39128287640777176,0.04864669601051407,-0.05191178223282581,0.4961658371814845,0.679719268703062,0.8071392786252503,0.8595266312788473,0.7743899063303413,0.8070401948531034,0.7557054553334854,0.4303575054477827,0.7824394622016286,0.8190152389547193,0.7182093212591851,0.8124088547684224,0.8342923238745689,0.6722995947605648,0.6717363881843809,0.8378876255869805,0.82642595361045,0.6834274323063535,0.6278100099890205,0.5995619482619386,0.339165441941389,0.7523300172615495,0.8111958431344624,0.6192314212831994,0.1516576304754446,0.6572613538543256,0.888239040070003,0.8087441962636743,0.6039042732977904,0.5337009402385829,0.6131838635092313,0.6577729893102316,0.2018778786560482,-0.2860700777021615,-0.2561011324543319,-0.21101209270922144,0.15786384341059284,-0.16273954647071406,0.5482103925194345,0.8829318929088537,0.8534473165805028,0.6501325353846258,0.8487917388504714,0.8829126016094311,0.6357435826809011,0.11270618642451398,0.3523552811908037,-0.06367171063579821,-0.02004729697228993,-0.2560391523004487,-0.4331090337438823,0.1256450889893815,0.472439496468334,0.6375099365639789,0.5096347324842521,0.33977603806064,0.788205913401986,0.9525466627994192,0.9402983624480118,0.8233991161543354,0.4949912555285008,0.032521354169898535,0.4441675694440579,0.6268317394434628,0.5108972314196707,0.7116421611660843,0.621047661015306,0.1703461166661982,0.438603163670103,0.17511344171899074,0.6988470754004453,0.9073520486000546,0.9100666488734579,0.8714414984952399,0.9037141542488998,0.9616815155804268,0.9834760453458403,0.9815522743154581,0.9632565590059519,0.8911571486117805,0.7282427752254688,0.5935832136581312,0.4685716768140749,0.5441149866916916,0.8022601873814451,0.7154777980886484,0.16145721498105195,0.3781628454496273,0.09885015918309252,0.5152251523059841,0.40581732204227433,-0.09650940627760914,-0.32599904764507254,-0.006831341777040564,0.7042577294180071,0.8783444162342705,0.6752837258788001,0.5181384725893745,0.3949138981874274,0.12079535017579679,0.20259160445682914,-0.1392521861260281,0.08193030738625467,0.6356129555847124
-0.269019648877189,0.3896940513880282,0.7134761328837688,0.5009036946441121,0.04675998653002356,0.3980655603089885,0.6352679424698477,0.8266528564901723,0.7243517781651597,0.5878541557343583,0.5595345651813434,0.6364462356862538,0.2271996561781228,0.03440904619492896,-0.027175117937045145,-0.37081742219264613,-0.04648230921248555,0.6607033370080638,0.8084690016853822,0.6536672137609203,0.13102334360284815,0.2955827007748627,0.06550185431417513,-0.32173756519423435,0.14433763733211238,0.16424065633013005,0.5430557532703912,0.8213703644134435,0.8299520483769884,0.7520529250274176,0.7544672171830457,0.592493622142874,0.7194152819555893,0.575161851351435,0.34702300638130334,0.7719961612104501,0.8807962568969228,0.6607988022807987,0.21250417372326724,0.6687046834912087,0.8785414343116927,0.9139818251202346,0.9054742291670743,0.8751675793173762,0.7911989022323195,0.8465911380898682,0.7085217707105556,0.6061693160710377,0.5636948332132415,0.6789826472448136,0.8012539204253973,0.616847647516614,0.32218121137418326,0.6068443776539366,0.6500396009343447,0.5950132783726345,0.044187808257241605,0.2686719820982373,0.31440388451036977,0.028712360991442677,0.31600581012113826,0.0036141914961830145,0.49778089237876755,0.8184663287348269,0.7560775505055619,0.41096493185052435,0.695932100089163,0.6076977206245281,0.3961900110075192,0.050735295850260514,0.32990376882091293,-0.07878217783665298,-0.07453199939320883,0.10943901865740367,-0.28364512592122315,-0.15462238804554387,0.508830719224416,0.6128956077100018,0.5826896197000162,0.6785795084718351,0.8829164804595153,0.9112300679782115,0.7595433597527113,0.6905132550182108,0.6203382635857138,0.26544218996075664,0.08853162800383663,0.33259937690732955,0.25681490420215325,0.7255763254608816,0.8055094086239692,0.6824261385186013,0.6002048303173357,0.20446501231900588,0.6941372326591996,0.8490270681654705,0.7329617487689949,0.7134116298437223,0.8789720765043425,0.9690472275748906,0.997574970482434,1.0005510043839545,0.9713736492154498,0.7919309962024902,0.22868481706119234,0.07972230914026308,0.37486090315113896,0.589738247333322,0.8276901832506127,0.7229977165805589,0.1534966980015548,0.3228946928530516,0.28049635068797946,0.36556086477025296,0.17953096448827288,0.34614974536459764,0.2968899554986989,0.5474519417975166,0.7970031775865206,0.694248096631349,0.06448001904922344,0.09566435133357869,0.4750323135084024,0.27371806337338056,-0.07616436001751739,-0.1277191485382027,0.4568258857072561,0.8336256489972108
-0.7764502295071727,-0.13289214570657856,0.6117177719689745,0.5869865642852233,0.13381723752354163,0.45659525944001067,0.3329284145016343,0.5808387201579378,0.09346632466174164,-0.12368933017164055,0.3647215228551983,0.7104852152252764,0.6630583587407464,0.4840189723260183,0.0467348800217279,0.1349553964761782,0.5032412553453269,0.795096174450843,0.7577813399192412,0.7801048372597686,0.5200002363319958,0.02209253762904591,-0.227105281582355,-0.3548330639483049,-0.11017109564250165,0.23321275753305876,0.09109266387910965,0.5832095919975842,0.5552410802525332,0.32189201147430124,0.5638056669846541,0.2767779937166633,0.5376445506176075,0.2963482903218222,0.5852313690897991,0.8261156033900521,0.844629474798297,0.5136167091183472,0.027095431746610922,0.4649031916063387,0.8314982043059981,0.9559525515248438,0.9567113284458993,0.9639281730340701,0.9286951397663159,0.7689314307942656,0.23029157188463975,0.15521144007250848,0.4703863623914775,0.32652094077178284,0.563237278626631,0.26979939387629337,0.47674722167501116,0.4751144658269106,0.24011248811708352,0.4510179039577055,0.13746516538037257,0.6106064779125118,0.7577296071835813,0.6131186221400091,0.5448134607243434,0.44914902644668725,0.3210904618925297,0.6734332477380482,0.6422841237480762,0.5833695399133608,0.3607728537224588,-0.18230423347134503,-0.2175187008716224,0.2812320788130271,0.5049935404919035,0.5463497424726199,0.5397823209024292,0.4796135627362527,0.2948413296314939,0.012027821553037775,0.4534966526013913,0.1818709272401257,0.17825989394251976,0.6863419527008093,0.8870667181636835,0.7868977082756922,0.2728381497580039,0.16869934748197404,0.4201885690155357,-0.02282385113419027,0.2049626055451357,0.1595938949451949,0.5532703540459255,0.7674454370314885,0.7653286179869694,0.8423947917886225,0.8386067629848112,0.7366140011323494,0.8461076806081983,0.7613031451629951,0.25306203514335024,0.21279796921900407,0.7261418206230025,0.9074526059604037,0.9751659098815901,1.0058673423165572,0.9949039979709771,0.8452812489276423,0.4197869705299119,0.13866048475766213,-0.028181070088509678,0.17450295240696656,0.7185606110033598,0.814402234836331,0.5370900292144312,0.06707936820610957,-0.10812029729750335,0.0399709887864901,0.48002396541892295,0.5844770650450494,0.2753065362105806,0.6403072234122731,0.7058816555823059,0.6184428862133396,0.09553945578587625,0.4449619268914414,0.6098483150064992,0.26936289202646774,0.45726940973672103,0.5515471846341159,0.815025016872147,0.9907515523096689
-0.7373218101645463,0.19645893078371254,0.6947191720853292,0.6451976178726051,0.6369051360735565,0.7737621422435471,0.7356171103970155,0.6918927989757843,0.18305730738560508,-0.3930924821225625,-0.07355257652490388,0.6575962507274757,0.8731294304353612,0.803426389629436,0.4433255256078442,0.03917289473104638,0.5818093245957481,0.6643950580331267,0.23817408334563694,0.6857452355964017,0.7185957673959725,0.4447299010846322,0.45974205629149656,0.500873149935031,0.5826257827735202,0.5567564842109809,0.12333897819566415,0.4450535903080836,0.27417998072674066,0.5672436704280523,0.7003263531335386,0.5541150987043514,0.7181083618510056,0.7109849228894536,0.7473500683659406,0.7284373374472571,0.7004003989417822,0.20122020960289114,0.12897743985611404,0.17505608998252006,0.7364690013752705,0.8458934714302264,0.7669624053357442,0.9004025639031606,0.9507153769767549,0.8369005104609307,0.5183008719249967,0.491408140436481,0.5451108503579066,0.5513114609063753,0.5210877698800082,0.44049554856086515,0.5401721607889834,0.2120835528745137,0.3075556939097225,0.4642788799707782,0.5839355742665802,0.8465120353717523,0.8600732495022335,0.5655619806278745,0.29107952282096106,0.6031522048610707,0.6179264889328909,0.4612028272309754,0.0871243841086471,0.3190735405333834,-0.21232565089443994,-0.42157903646948847,-0.28382162089217644,0.3424305814233472,0.31739538695227487,0.6050204982142171,0.47407238679715896,0.16352700700253214,0.3392813596791156,0.3947392683756824,0.677484158298755,0.6108051180015783,0.5126564358931562,0.7592858876820326,0.922055924746173,0.8839609394075026,0.618489095574164,0.4546345291685287,0.48727193389134205,0.012836957179324667,0.3272993794390361,0.5876633493029503,0.7326877906346495,0.5577382098716638,0.32322170702150493,0.757716455741645,0.9165259135692686,0.9378653806362257,0.9725422418595638,0.8963344595354807,0.6262523229202523,0.4873048159397262,0.6848512333065192,0.7366795784011093,0.87553808508434,0.9682947561744715,0.9415461927267127,0.7203128376617958,0.0692441926976028,-0.17772617464117005,0.26232141971915474,0.5015707619659558,0.6797094486410099,0.8339434292010205,0.8172016215021525,0.6066866072055974,0.4068029048752029,0.5397600001231112,0.7763947874910047,0.788111258176281,0.5699809400780144,0.6389212016203745,0.3912009071585061,0.620087531911919,0.4883253348264072,0.6902020334655293,0.7919107492462455,0.7214397340850128,0.7498799994112372,0.6838981853107181,0.8919621554437853,1.0190388765288307
-0.5812308732125441,0.35813718641680903,0.6192635999397196,0.2354949157015088,0.6331484063773054,0.8145447321649284,0.7374040649613729,0.641813469574943,0.024255216422735548,-0.26285875926803237,0.1621989895309777,0.7273526054870086,0.9460217728376236,0.870789747399848,0.4852429647573754,0.07852194469357433,0.6002910847963675,0.5856517216359282,0.05876863193478971,0.5894820411617787,0.6103455305921027,0.16173632225732706,0.5826606483120014,0.7908323838503363,0.88590100555504,0.7996250885963742,0.483051717557756,0.5215073569410471,0.6357002378928037,0.7643659125527285,0.7272167017528114,0.3921969511683067,0.74873652900386,0.7927945567869478,0.5912169257958185,0.3534728657167433,0.661090607638024,0.4676566936563436,0.12325205389548079,0.512291321478255,0.745760222649854,0.534660087304868,0.1621545149711155,0.691456326245984,0.8953145280549152,0.7804235468243789,0.2759836251198142,0.3243086696909513,0.13038660637962254,0.28506247586175204,0.04259829370500255,0.0909152568821854,0.5713380313544887,0.49345713709758193,0.08573457155781687,0.04914404492648812,0.44480055588602885,0.7599617133981752,0.7016762148450169,0.17073966186159756,0.4466452157348231,0.5937819577990592,0.5591021048160334,0.06454902361979667,-0.05375333883731125,0.33844062430916466,-0.010708240361815329,0.21996449644553975,0.32056707130315804,0.6658704584102211,0.6555577044033128,0.4184342182780718,-0.08333981364398983,0.006080165919755461,-0.07637345962184175,0.08956663219596984,0.6686515701174895,0.6915782477511905,0.30816904901476616,0.5920361527166257,0.8536936845512807,0.8443541200718558,0.553897473153458,0.25222839251461204,0.5246081050175485,0.27571366139405734,0.15654666298259412,0.6454176765307712,0.6078873795489768,0.024234947901962196,0.28964187566638555,0.7471772937164244,0.9431572856577037,0.968868558863337,0.9591581916524076,0.8437702866997082,0.5386332968741145,0.16673928973715313,0.34367638947594553,0.22544361842387917,0.5753541490287567,0.7663117048310926,0.6986069714783021,0.5914943571627029,0.3819000812160946,-0.023419088587127497,0.2860966354477201,0.37457523303934426,0.22872694113940414,0.5642279425211036,0.7939449236025169,0.681701757509052,0.2699478451650856,0.5399372198565564,0.8038160250763046,0.7707952123636259,0.3969407701529321,0.7016053898067808,0.719273067348552,0.6948567185122473,0.28998659032392843,0.4608361940766439,0.5634869138379675,0.60789333125217,0.6002546628332923,0.23026059875753405,0.729145530412498,0.9154358756304709
-0.2123379972279106,0.542541538013591,0.6490213858799795,0.1362515197376361,0.43340483145658243,0.6401633957831411,0.41248463440640964,0.7041126952646567,0.5844402590068914,0.2897372238239101,-0.020791716804936584,0.649318136042411,0.9129150845351195,0.8018921628644498,0.270694192659101,0.351712198284913,0.6957178198942408,0.648956895003773,0.149424949178704,0.5303212689364466,0.43656195554526644,0.018479286589647797,0.3983255882315983,0.6552876338906507,0.8538755167383536,0.7217893853314371,0.1815824396512395,0.14673849172518683,0.6104725028212679,0.7020709992081218,0.7726681711327881,0.7570886499490259,0.8696599948822389,0.7730296273912673,0.33729798268920097,0.590328517118464,0.7490830241922988,0.5699522071716305,0.44752685658583097,0.6783285926813344,0.6876446316927738,0.1475408895461593,-0.015188995443676648,0.6380817032164675,0.8941223641683483,0.8382878743887039,0.5680307089037736,0.20385791175095888,0.34960846077716706,0.15696861107055174,0.3482773640675944,0.42483044155690236,0.7503756357451988,0.8055404233607042,0.5793178201520441,0.23356367273195527,-0.04727088276121097,0.4271282275788389,0.5715142312857676,0.16443180849304556,0.4733255891534456,0.27064087318086344,0.4165122264996606,0.35950745761607256,0.5223744339459476,0.7301066104576048,0.6607105566213824,0.6131896678366098,0.34973214035741107,0.7255372339946287,0.5873631496767169,-0.12061665872351529,-0.3998481380322726,-0.3405264687703204,0.17071890010543775,0.4069377478216245,0.7745237795314659,0.8045882946487878,0.5896310294247886,0.35732195523268717,0.7502731191741905,0.7463341103180583,0.34645120883623637,0.5492660203894946,0.610422600770255,0.18440946393365665,0.365305513919496,0.6492022521419497,0.36195083989373833,-0.3391574610781787,-0.06726563696603008,0.6696934836922037,0.874854704086353,0.7240325568333187,0.5891204846212672,0.44666583319370146,0.17090505249937568,0.3347627498453334,0.165484473507194,0.35820715296232186,0.15740878245978096,0.3387575206909325,0.11129483139845922,0.16604352208926262,0.5179094898307577,0.4193935748118925,0.09001430745180436,0.0662398567102162,0.2843962367793103,0.09946197458478054,0.5662694340693049,0.600896818146479,0.5074968367863604,0.33326848125587855,0.7364909021122336,0.8548137151029083,0.7940419239617299,0.8851653447602094,0.8862909642015501,0.838385224590888,0.4949157630385326,-0.09126785376450741,-0.09336405017883102,0.09046328765016984,0.45156135406301234,0.17623573798688602,0.6336612436349455,0.6821987521229276
0.6320588452978498,0.848291986499196,0.7784279075752121,0.30178442385317267,0.012172289283272367,0.566042305564156,0.7297693412516446,0.886059817278248,0.7851220272274028,0.3183874241819381,-0.1714149355583021,0.5647786570704857,0.900046058999896,0.8823049771510074,0.6036606224614466,0.30987156131564675,0.7373806256093661,0.7725513881787698,0.4560719630230752,0.3461755686396449,0.019508152602363132,0.053013476882471454,-0.021699192844042883,0.19056356473291927,0.6867992587910399,0.6701188068142534,0.5438883685867342,0.45402287110447864,0.5923037122684114,0.3214937038139165,0.5847030272931597,0.8136646850692852,0.902570675674428,0.8209349972963874,0.5635665693403132,0.7319924713785871,0.7133395643271595,0.2115379775197183,0.08359131446206228,0.5057008670562562,0.7134982012661596,0.5735009803331936,0.4563234706359086,0.767957146337904,0.8781986359424669,0.7765320253675155,0.7701968626325721,0.7085448670718516,0.7473921171898502,0.6145076633347938,0.4392715097801345,0.26249291907033506,0.7555934053137654,0.8664951878729198,0.6557650317798277,0.021912974656454743,-0.25082943030147625,0.038295641942112414,0.5703812511764733,0.6277102464727333,0.7473586451720474,0.5581992358717263,0.10102870399731205,0.08765297712030753,0.6231639692135051,0.8905315198702854,0.9306304322648297,0.9039420990320777,0.8132849016395706,0.8229860328676493,0.514177683225145,-0.022181949376928058,0.10381061387320786,-0.1359642394436724,0.17587234042160654,0.16345899026431226,0.667696731039624,0.7273090687106739,0.777693288624139,0.7643543496519117,0.8917264950944231,0.8910171343175827,0.7819626010332923,0.8418184039222107,0.8206452208626827,0.5732270598475347,0.28390957234617514,0.5163745916162645,-0.05778499134801397,-0.3759548613307155,0.2957285921817206,0.7309801791124161,0.6786185576678753,-0.04693284453684034,-0.3513469019188519,-0.24802360490310352,0.3708988381147886,0.6808291871456114,0.6675767412056476,0.6207887787587182,0.33567014918096666,0.14487368634364406,0.4671291373795799,0.5879640585185252,0.6131515332161742,0.6874582370246652,0.643174010802731,0.5992802996235579,0.5450625121981355,0.0748799384206156,0.2771895003069058,0.21782676016706048,0.5890198827875236,0.6408489946603998,0.6759788193190747,0.8569562551035991,0.9238766562237042,0.9075550756874329,0.780171332784923,0.833333753871275,0.6355182588554946,0.09501170009681133,0.3958114281768596,0.6034645642599284,0.7596463190893051,0.7011274395662069,0.668426110435912,0.2025248200375271
0.9425643580013056,0.9652213854389098,0.7550425694468758,0.06796383042370766,-0.039870807220876776,0.6114375597576621,0.8772381949546955,0.9454880927345305,0.6845406850974095,-0.16855586133666528,-0.3637284570523632,0.5119015960451546,0.8961032470113232,0.938483200969846,0.8619090883501812,0.7549115248747138,0.8695426365125865,0.756094090471626,0.10797017814431682,-0.23706991810193118,-0.0344736288239113,-0.019149556437355265,0.4106921946504805,0.5962053883542962,0.6975052314362276,0.38040553338143174,0.5119261878367493,0.2935959809593219,0.6376177590131045,0.5561236342544756,0.34465209834924665,0.7061891815549276,0.6857634198870308,0.5765139618952432,0.15827383987146273,0.657125868845253,0.7910128296614926,0.5846568298147059,0.2733092461992636,0.15598076219737214,0.5059673008355908,0.5724653929566313,0.33078072699753447,0.7413715921293671,0.7723493518114977,0.44853306263747783,0.7666686354413279,0.8844221693845319,0.9023502448312914,0.740224127964996,0.3248000923175758,0.5480959294526295,0.7492021034359606,0.7051656914553327,0.6171734426711474,0.4790539259236811,0.329541685896114,0.47967095252477154,0.5794358562443778,0.659018278055501,0.8404303322935149,0.7263166261075114,0.369657245413159,0.31087735982864784,0.538516557306258,0.8218407508557514,0.9377276879805475,0.9734752876092136,0.9215974831139355,0.7858644947842518,0.32391314245455854,0.49444604201849157,0.6329037439843407,0.4692683520663966,0.14397973416534446,0.33990091670057915,0.5814876545046141,0.3721814917689241,0.752726121803621,0.870066409745727,0.9176153372503947,0.9219463489857651,0.9296103815941307,0.9601112449928072,0.9541394995917537,0.8661268400098908,0.7416750686054968,0.6877056139060264,0.2242502370117816,-0.08326395886486775,0.49689419943522944,0.6473872242709157,0.578810670251645,-0.17466331019435666,-0.45955313366989015,-0.22282741907565817,0.5467093703602052,0.7729658496814695,0.6449527816471201,0.4716609462211801,0.14817924449196201,0.4669800990153244,0.7020392127981425,0.638577746409498,0.16002659679236847,0.4929614242488007,0.7169950429113112,0.7043525958515812,0.738570579053009,0.4480027139531755,0.02525685228074084,0.3922923415610029,0.5735155345159394,0.5608678171591795,0.1642254741134074,0.6856277610359939,0.8858344033915108,0.7400782011759155,0.23739025016257922,0.6838628704099079,0.8078063404471304,0.7083988971684432,0.7727949086780771,0.8489261441280697,0.9396037782264096,0.929191576260208,0.7797980106600663,0.4444155467494441
1.0279611778909037,1.0095407594681953,0.8454619852575712,0.4984570412447097,0.543718820513456,0.7926346015217629,0.9478458226230556,0.9591832208614853,0.6825807317694225,-0.10038792382445334,-0.16001983578004503,0.5971037444522806,0.8318873679932172,0.776017194375944,0.8170227568972092,0.7222031294595284,0.8462401424996024,0.834792120096358,0.41365642371670386,-0.32039949544255564,-0.20070731768353609,0.359549851742458,0.6817523501339681,0.7045264231911675,0.7810035269910334,0.6813530248628697,0.5881096038301633,0.6607974955014027,0.8362337009097885,0.837806787728925,0.7447703645707985,0.6529216724226319,0.10190253686166185,0.21114600063357067,0.038442427297256325,0.5988609760789151,0.6819672854547052,0.5177824647220262,-0.03435478980444934,0.24784998297226477,0.14333058516675315,0.4254179788038017,0.6090011536206832,0.8506497107791418,0.8892756307677143,0.79910183193724,0.8996430130327744,0.9640764029714476,0.9779552546405861,0.904825344074605,0.7120839742781697,0.5655786782883987,0.42527076341186537,0.12059964493639926,0.15867060906545236,0.4827403280727274,0.2460539745339686,0.4607097087982379,0.16135829617615877,0.20385912472458376,0.6421469250103411,0.44043062375138503,-0.17333703373181134,-0.264506052224656,-0.20186294832050078,0.3666767683516623,0.6588856188342044,0.8418928853991489,0.7889814828238693,0.7420561334358782,0.5596493265174626,0.7313332328523754,0.871581773580546,0.8212049871195434,0.5828349253737172,0.29104740763690695,0.6107054932639697,0.557194777839769,0.7100049174201614,0.6771558070040317,0.6527239658707951,0.7033026796108637,0.8793942018766465,0.9737054405111315,0.9905566190087554,0.9234883502202604,0.7550079809369638,0.6022431300817975,0.012503277121971842,0.34793019955008603,0.5471589247919978,0.22142499042799577,0.5324185519550928,0.2670942024771265,0.15266852551902088,0.44636896994674563,0.7302328237231508,0.5777728269039268,0.11729309859187663,0.024119141631087814,0.2217261471234271,0.40743479425589346,0.5832519927580583,0.5683540103233297,-0.008351190081931689,0.09570477281714879,0.5336511446155316,0.36826825710424227,0.7199741372163654,0.6234813307885563,0.15244434206751348,0.4678239732748622,0.29290606594714524,0.42002819231925864,-0.023960601129044024,0.6107486500207375,0.8556860582010007,0.6569376177168176,0.058570761761252456,0.6177206643425545,0.8456494204063406,0.8417916975351095,0.7177704710594999,0.7234078964296939,0.8648978336835517,0.8268042516343409,0.5162654560647646,0.053797006880957156
0.9603358487810579,0.931094633964202,0.7905321580202935,0.3646930388509948,0.6072633942317702,0.710899529736931,0.9013896859568175,0.966027986397331,0.8779294620116215,0.6300758663894335,0.5819938412749324,0.7042240741063469,0.482111673894747,0.07830218969788183,0.40527246496550795,0.09081759770832722,0.4841588761603521,0.767617121499253,0.6077949120747412,-0.02854055662257469,0.15425929726158463,0.45708068604469143,0.6399347725915006,0.3572501611843966,0.5677812593538646,0.554349676990275,0.13458121353828983,0.6376403117837219,0.8894432180235637,0.9264593437717275,0.8950655819174105,0.6709831118412427,-0.029714456930616046,-0.021580907894327483,0.4149233120339825,0.6376794107410015,0.2962599852431109,0.23227306853282148,-0.18150010630394334,0.3098510584142117,0.15195222183161738,-0.11972135548330878,0.40125283024811126,0.8150799242411434,0.9439976652196005,0.9524540698991776,0.970589135963169,0.964004018398702,0.988217172614206,0.9527626652889603,0.7409944135172728,0.14165452807455392,-0.0869218230815745,0.32152548856740254,0.5929877500905789,0.7806733641207604,0.6906038530720773,0.5685475166562383,0.4816379256699295,0.4504970157887902,0.5747152936110357,0.09656587399223525,-0.19313443193346944,-0.010795845320966072,-0.426160003606946,-0.24353538655065934,0.08371440735209629,0.5305923516133768,0.2822991785048789,0.3483694934123516,0.1628684985239406,0.5449202182211165,0.829279481077832,0.9165977808444037,0.8379884631360603,0.7319165294017949,0.7018294523323403,0.2805935456113447,0.3264338408774368,0.055858905354027884,-0.005625402522044626,0.1429804537819545,0.7262266481943525,0.9385472299182859,0.9344501587523878,0.7796797617233603,0.35468473335177897,0.42490831758528214,-0.05376281333305355,0.4916741531735456,0.575919666398341,0.161523309149092,0.44835997036413633,-0.0038622006049589424,-0.138961728592485,0.5236467951670135,0.7032152220402345,0.28765173317923787,0.28896372313136937,0.3019445406867557,-0.09052140622469214,-0.27870963253023706,-0.000653961387976439,0.5083509948062487,0.40644169029585187,0.5303265642584302,0.6946659032526982,0.5972798022258543,0.7784143515403731,0.8008611605006116,0.7214442530513149,0.798726275076353,0.6942002128620642,0.5876837526025169,0.14924678818147327,0.6468823700756117,0.8271428913923525,0.6427726099591463,0.13043628417091238,0.598885680152165,0.7060349174232957,0.6942611952326494,0.23454709248023364,0.1384423284365388,0.4428336749614796,0.3876647798054265,0.005596240694498962,0.31165087572474703
0.6372388068329484,0.6912099811710313,0.7966396225723192,0.6610179757663392,0.5088643690182985,0.32547840784392834,0.7727862794591979,0.95035708044464,0.9604742752109965,0.8213083010038539,0.6204335502550514,0.37967973780078307,-0.24343512427088598,-0.3634273515270968,0.19228422713221707,-0.16461619860615995,-0.0739302340238156,0.6342116846445337,0.7732571503705357,0.4558660867017662,0.060387736985072944,0.16574641890772257,0.6363619477846191,0.5726331796759989,0.26469884455149423,0.39406475533744073,-0.040312238273707654,0.5912314742801555,0.837106845015832,0.8224878441901701,0.8984394558520724,0.7922488628191142,0.46204986932089,0.5599796725691442,0.7830929720700779,0.8411113511457393,0.5695452724765674,0.04255773840504569,-0.10748783820863016,0.2624217689816773,-0.3169710691137095,-0.574347917719591,-0.11205068212929786,0.6757097296471385,0.94888742304162,0.9891978639707879,0.8976040545869839,0.7739517889687558,0.8934598093087153,0.9326772877345632,0.8471992869061311,0.48079026950878273,0.007276813910237594,0.36945209206069524,0.7484878976491525,0.8950838652636386,0.7082593267544904,0.11166605011441186,0.2505609696607208,0.2016256335075684,0.6465583066270135,0.5774148660234721,0.387837765418062,0.38654056074697746,-0.10812115569801357,0.11659484183044841,0.4328685920106278,0.5463934974503766,0.4092502323584578,-0.007911150365387497,0.2532343715675574,0.19679784083011032,0.5819201471524322,0.8005095620317941,0.7621465693725591,0.8275803842332599,0.8246464308026418,0.47962835866423204,-0.007789656294126945,0.3265932479109874,0.4092785006115889,0.448329368390928,0.7799709229790568,0.8821852377036292,0.7287661153721259,0.5768510110960275,0.44375881425619773,0.4869820031129276,0.1270023166614291,0.5850418617043752,0.5715689935886799,0.4695382339710135,0.6442241588596488,0.3850608754516502,-0.08844343524075556,0.5435102853818158,0.7807054901541072,0.595145398572,0.2798652014598668,0.5574693035253713,0.3188544857224513,-0.26290963353893304,0.1337992019123447,0.4936840785346928,0.23889468996364416,0.500761465578547,0.6231498699493626,0.26854028145038256,0.498530084500586,0.6189112105715316,0.8147319586837757,0.8731178876497084,0.7572080314094096,0.7765537788593643,0.6409459028176439,0.6288029507896045,0.6047567373715749,0.47459296914265553,0.38130323051126574,0.5780949019878158,0.36382503419051254,0.6886465123870246,0.5681605021971903,0.28198395985865354,-0.02060083299578345,-0.12956428870855188,-0.11394775211445222,0.49058686794879264
-0.03731526990526122,0.1318149059191133,0.6676250786951824,0.6810043356151094,0.31917253383262767,0.5813923760517132,0.8493306958707877,0.963802265185912,0.8981924733200924,0.5630494164677561,0.09603935247980681,-0.15116914032501508,-0.40388192875378087,-0.24570635226459342,0.4100271656997117,0.3329929961637447,0.09813116400549593,0.6891520141174757,0.8031048476551775,0.6035384702922636,0.5788177174819913,0.6865382172898074,0.8527343501391818,0.7885131835408395,0.5438338068267712,0.4953191235555052,0.08737379479480871,0.6154237533290543,0.7116670518655744,0.4456145780684673,0.7512295880179956,0.7301832431685009,0.3252861788287933,0.6705546120364598,0.8742032838502395,0.9493234619994646,0.8619342055691467,0.6855804979665528,0.6096527133484855,0.49782761322852664,-0.25557896835502786,-0.5677660496389929,0.05596033142889276,0.6767236958535481,0.9408304143828504,0.904114980446008,0.5666480277382694,0.15098697178043544,0.6150962495664104,0.744279193433206,0.7996133648314341,0.5649045698091193,0.3451524322478395,0.07928882567051787,0.6479118140491462,0.8853407064320568,0.7011857626810576,-0.006441385684213941,-0.02728193491485344,0.45721772373965996,0.7771133212634173,0.6965085003991117,0.3526777963117449,0.6154309169323452,0.4028376171886057,0.0012998947187333012,0.38356415372288916,0.26694290806571347,0.46093253701011033,0.11329735958377236,0.4745359697118019,0.4893939216471214,0.30861043192261983,0.5906690582500131,0.3447438737151325,0.602435780873814,0.6935156458145969,0.3623413614245776,-0.13451533479359085,0.3799303634722299,0.4006395030625031,0.24848312150941532,0.7108818575521122,0.730258863971382,0.21445455830847815,0.018901110528053874,0.1007883143483796,0.5556560959956771,0.6057512851892136,0.636330127957132,0.18372128373054378,0.1857859512691415,0.6595815089301191,0.5606927993355636,0.07501820437784014,0.4880897135056381,0.7772403112070456,0.8264314795592937,0.7759348621205844,0.8276787890722845,0.5946140241162664,-0.07801419110043092,-0.0026590270907338896,0.5556124774990034,0.5469222131427809,0.33474119796272095,0.5938086371505749,0.3259411794054826,-0.031177963224610843,-0.06488520426083494,0.5618007264274678,0.7249277737550257,0.448967275518578,0.7527811617420438,0.6887645992904415,0.19587437342746167,-0.08086909644567489,-0.28886085619412455,-0.029835286537718605,0.5251921053428016,0.5319339545753468,0.7526000965229438,0.6591658145274221,0.25300854531062944,0.4416169177159556,0.45625267691804294,0.4376553589424607,0.7421423176048647
0.47487927364240456,0.4761786559247145,0.7618511337928235,0.8130802869013752,0.7436551669580258,0.8403108642229447,0.9429028592800903,0.9587905109615744,0.7354609472364749,0.12000390950837737,0.3732478545575426,0.40898080074010307,0.2531549204701582,0.44419517682067694,0.7048250770111172,0.6203374481918035,0.6167679725543139,0.7657661513824409,0.5317734644423037,0.09365073526395555,0.6020876543623211,0.8528517929210372,0.90476807538291,0.7860713945127288,0.3799844488615567,0.5906027545607155,0.4871733262070147,0.6932850174327565,0.6392488210634508,0.6331620942916772,0.6895259686464867,0.7221687573682231,0.461887857213957,0.5307246552400859,0.6828818966441593,0.858488623653637,0.9109101038664552,0.9207180665517474,0.8559370978107337,0.6048472841119393,0.21412960009851661,-0.4367885720866487,-0.21548364087113306,0.4265919441685336,0.812569118386217,0.7488591919096942,0.15943511685439266,-0.02651928136977999,0.45834537662748054,0.3322503956739951,0.5108578826041786,0.0976836923454161,0.3095098084162132,0.03048366442818514,0.48019017710591383,0.8202394713541348,0.7555206493809734,0.3688957279575998,0.28572387196016047,0.5231215187637039,0.7531056839315943,0.669128924400756,0.7060742662556274,0.8306032018671957,0.6482302692317534,0.08323271324715117,0.4067534578692133,0.6170616063640327,0.7310373826452514,0.639194255038673,0.6484783730756725,0.7544898602991135,0.7441636584213777,0.7952440913757971,0.5944712098109965,0.22658380546812915,0.31741103723084635,-0.03787720459442078,-0.12259604427604058,0.3856029751382057,0.240501539430605,0.5689416624071303,0.8415552515973428,0.8623831027947637,0.6603187499907759,0.5910768916399645,0.586646934047806,0.6054546656183051,0.626455251818201,0.6660522419870161,0.4760547472329733,0.5809266391546344,0.767170399069847,0.6469198467243495,0.46645844097432176,0.24953028559299892,0.5866671450614555,0.8457202684727422,0.92807424274298,0.9339491624146956,0.8462116700669037,0.5841284290676225,0.4748379362291122,0.7263577882883485,0.8199826356042654,0.7575819350355856,0.6718612761533456,0.2215718173216435,0.18787185182492053,-0.21385547707209746,0.3613011637625449,0.7280485289551955,0.7520045467748828,0.8914919286697874,0.8817758913125711,0.6414302685339851,0.310608150939189,-0.25069076437544124,0.25089451173664784,0.5076159200789351,0.1707471500087852,0.5818880505267222,0.6361973020143903,0.6737570566924712,0.7750212984969279,0.7019672852492119,0.37870854489689404,0.7091406138671953
0.6581382059484764,0.3628930180297124,0.7059326082727422,0.7398144201846271,0.8481800934059628,0.9343571212949994,0.9852654478644002,0.9490580199985509,0.657925696244276,0.00998000543874516,0.4959167415935114,0.5251843201097596,0.00807230480932174,0.38775000746315136,0.6377766634946741,0.333239246623548,0.5128011753113066,0.6001038500295447,0.055730794080991596,-0.18963927691106858,0.5499266238215447,0.8309595473869692,0.8018684809065088,0.8407004962505722,0.7470831253439087,0.6871575653474852,0.2928112341067874,0.48545204600517,0.13188045114041794,0.4647756807122012,0.31399139617085264,0.4695115156912867,-0.10596711829887448,-0.14678914695699297,0.05111742674104632,0.4785445105923434,0.6771025539720857,0.8585071366160267,0.7399061093559716,0.2045107312597741,0.3269142795632256,-0.161416836932787,-0.05081158919315112,-0.02941738108952812,0.6512180085645538,0.8270303023707704,0.6831965300204684,0.6300252321304591,0.7244183963541504,0.61052739014921,0.4127402579312751,-0.02100929012128223,0.28836708475913236,0.2964948031470959,0.09691197220988328,0.5895628454453457,0.4980705388247901,0.025264875214638716,-0.08336943460042334,0.10170853779699231,0.47737819997225295,0.18699520371328787,0.6713956080440021,0.8630704862178618,0.7644483977957729,0.370460007081507,0.2098949257182843,0.5992723227266349,0.6752565647477593,0.6634951183590744,0.3830584141527795,0.760383883732734,0.8818210401823101,0.9237868823870848,0.7769323835106839,0.38570973880922454,0.10092136884674567,0.3970724910912415,0.5550164985826598,0.7464206502334144,0.7397470402025536,0.8562510900413416,0.9449656316072514,0.9021508929269294,0.7464169256434687,0.7838594959769679,0.6524982410075236,0.21082727196179368,0.1270662931959971,0.33181015212993614,0.14926094991803746,0.47201604169232486,0.6172149423670372,0.32764859299894433,0.5742411710778391,0.5142643236196881,0.312590010240697,0.7577401246462981,0.8787087882733977,0.8171083352636623,0.8666362821140796,0.7096708975829835,0.2774203687888247,0.5683562534349423,0.8134755289124566,0.8418667314354864,0.6870215416104011,0.6226851881508876,0.4902391402670139,-0.08492273563428344,0.055100953513038065,0.6132482602751761,0.6822293550370897,0.8451485166969654,0.88647165071391,0.7034006787869704,0.4590156209743509,-0.1869648238684987,0.27442810423410663,0.49953867204622954,0.05191683999180449,0.2675212452292155,0.24673556220997897,0.7270381024866376,0.910621198203352,0.9000826580182693,0.7313924218610304,0.6471760853747439
0.902435632021078,0.775422240847896,0.6972121495708326,0.3822069285452977,0.767428755773837,0.9390315589697548,0.9922011016878575,0.9502125377343007,0.7060405734634235,0.18953475594473104,0.6202646236553939,0.5284650282061588,-0.23046459473040493,-0.02743994702664211,0.5654784134656221,0.4632252095813156,0.12951547803883004,0.5569277114160839,0.4173119936921682,0.0366384014015933,0.6070424451708909,0.7049680432284677,0.4059132765671219,0.772107135857236,0.8816615376748798,0.8158419852789357,0.5523543394458552,0.5422835629456653,0.15948386102450265,0.5692152446228739,0.6653829954592301,0.5989273652706136,0.01093350826109332,0.14753974000331524,0.2942196032719939,0.07948479474342056,0.18137518489769572,0.6897082845480358,0.6607388493334486,0.21243614869532645,0.517256376442018,0.37009518479559667,-0.047422712913278466,-0.0365819621366408,0.6208336699618145,0.8882811813450878,0.9142137188560197,0.8489634439634407,0.6710740394234456,0.45790298888249165,0.0825456299531471,0.10243447552404489,0.07828147297756693,0.38968640815944555,0.11479494691577209,0.4620957787075388,0.25536199097423773,0.45270380639480495,0.5119466387268112,0.6051535497841846,0.5987875828914664,0.1736833619918123,0.618662227931178,0.7107440297568329,0.6867308366866753,0.27627061648306256,0.4613454058549538,0.47802360873653627,0.30670728208887277,0.5840520775587593,0.5041863360269878,0.7020691683888218,0.7569758096603246,0.8528545512636875,0.7477506976508748,0.23390914753431713,0.3462940916803862,0.677847243745253,0.8510402479918409,0.9353549082382949,0.9418744151323912,0.970841670329419,0.9662863508556334,0.8212061684355212,0.42239868483987186,0.690648921699769,0.6242537599995279,0.5744934818764241,0.4791220022555112,0.19910791489566282,0.35967607425864484,0.19489597967877162,0.41150009485613015,0.389164518383424,0.5396178087193967,0.6435280125424367,0.5545590900371635,0.7770701170474409,0.775389383064789,0.4687461393965455,0.7936051544357011,0.7653440348930555,0.3959113527450559,0.1609582196352783,0.5149583208395726,0.5608774267693405,0.16018230957358526,0.6275127900938557,0.765118827186754,0.5611867540415365,0.4144285295770116,0.5145362059537425,0.11764412805026543,0.4556691505858582,0.6608873781631391,0.37572983161918805,0.45447134762484975,-0.07555433370374597,0.0715604399435337,0.46865619477399884,0.19714410268175284,-0.08198321078834668,0.41602389625795777,0.8105039790435743,0.9395446115082638,0.9365602361589349,0.7427782581860175,0.2523690592828114
0.9354762770357746,0.8255480857924838,0.6203552207699943,0.5084798967122186,0.7916923174147822,0.939831562041162,0.9657324897248647,0.9664398761848202,0.8919914570767012,0.7547827607215372,0.8079094094418201,0.5719397223147702,-0.1905010586205612,0.17126016500052837,0.5850105226307558,0.43313741883939383,0.09630023406496382,0.6306175833481574,0.6972119775001056,0.49006203992930436,0.6881260997698327,0.6072390363060883,0.5228762586316774,0.7994516061135674,0.9123773545513975,0.8001265766598848,0.4022504329052876,0.663230226434585,0.587515619179463,0.6541506212332827,0.8279478710932373,0.8142480853872327,0.4999180848195954,0.2165073759754807,0.571485713381549,0.5527215249930761,0.503054501765619,0.7137756918013765,0.6612500872059501,0.596530783370801,0.6436499575418781,0.7172850775946804,0.6290408739196505,0.5816090660908609,0.6536199286490579,0.8782555529784295,0.9407128328406938,0.7912874674617968,0.2513781786063198,0.07145036031062828,0.2781204979542919,0.12550169762030303,0.5093855228292848,0.727197637481356,0.6372779752011805,0.6130085621074928,0.6567672239737156,0.7349520612726882,0.6967908368227728,0.8096069464214214,0.7695054567124335,0.5169802068004887,0.6064656822661293,0.3922812532215588,0.7029030008791297,0.6588314235460272,0.631557586238093,0.3165566428992869,0.4927911336725427,0.38366535455302925,-0.03603825395308011,0.27437079214821786,0.21020697936735858,0.5497934006561038,0.7260262012556171,0.5180229272518024,0.2735777936405675,0.7352624863015053,0.9334125604348632,0.9859209993379671,0.9639911328135626,0.9867887347520587,0.9836196011580786,0.8519518687966663,0.5525626853893513,0.551862486083949,0.1776194194499212,0.594907014512898,0.7558953470023755,0.7291170462704252,0.7396421311566498,0.5314355316712497,0.08767056988147812,-0.04599731028397247,0.10190407066485749,0.5063479320982249,0.33290366371888314,0.7567140447319766,0.8553456079280266,0.7775172324819638,0.8645694960481307,0.7188549095213005,0.18567987411662223,0.1712294853889194,0.06514200375125534,0.18004792957764457,-0.12611696812475476,0.5765861289632834,0.8397854369179835,0.6691581056456654,0.14047470828143196,0.35542531732635624,-0.16146363363912206,-0.11219533065599892,0.5533372308221824,0.676660854179469,0.7288643323898131,0.6181100496904034,0.5761091577770912,0.4019291934110342,-0.052077412335906736,-0.15089625672959334,0.35474548645380644,0.7321174645037122,0.7846004182641807,0.8700732781607451,0.8629732039415365,0.7398729001808372
0.59216272839288,0.4632567071145285,0.08552591313535608,0.1057746161712369,0.6860219202915373,0.863213561791992,0.8138025284023326,0.8769858022682487,0.902856649108963,0.8719137547028488,0.7547793402581757,0.5873106136557543,-0.07782224650914808,-0.014883925504850778,0.4680182469746708,0.18955576170544136,0.3146604414077589,0.6657397903871626,0.6486103826556644,0.16996121777297823,0.4695244285654455,0.15789217156771324,0.18056241554648808,0.6932681721242084,0.8831563475060459,0.8959536564699213,0.7664056169651574,0.7693378778526279,0.5499642903465843,0.3391699882512138,0.7372668496017322,0.8004525616294703,0.6503096301675523,0.6732860305215186,0.8092086828681857,0.718991261358839,0.34375019853670347,0.5509355080834555,0.31946019783943536,0.5517730901839865,0.3725254870873444,0.7366457583824991,0.8373943376103127,0.664747772111273,0.20951435554390288,0.7024705693268253,0.8902036799499121,0.8859860064252051,0.6468650029141398,0.4419799056352393,0.6281120882054175,0.6887959890647883,0.8495042547780319,0.906395744125628,0.767106481888945,0.42068285324908633,0.7239475522637847,0.7397802817267877,0.4439698771939201,0.7643131678790562,0.7396385395845226,0.36524165088893396,0.685822004473254,0.7430636867742167,0.8194324956541272,0.7351242383692533,0.807765279970414,0.7357649604894916,0.6025441564040908,0.020634623406895976,-0.27215029318061057,-0.08992277363001618,0.2059860190606705,0.07545748982124373,0.5742679340988889,0.6017834625486094,0.6729872699079841,0.8845438155996844,0.9786835399642151,0.935233385790083,0.7939640897472916,0.9044812401813657,0.9427631488436373,0.7362227145660363,0.1612710546719984,0.3550980733012918,0.027572491261168508,0.4647226995657737,0.7811020242616462,0.9013418498262523,0.9074892337248293,0.8397761962251739,0.6716998552206076,0.6039814718423085,0.6602564479832695,0.7776356194230521,0.7384322388761037,0.8702348394468408,0.8503437552933988,0.7515876904910065,0.8159720006065232,0.6787764618972857,0.47340480493219234,0.10930715388538413,0.2608397705096912,-0.05040312623435092,-0.08839311340932565,0.5949464956855816,0.8618858690146929,0.7242747305322839,0.18949295327133095,0.45306107594933515,0.1661226353426459,-0.05494209199306105,0.5339154581013668,0.6152360996359412,0.674376779184635,0.780689783311557,0.6467136964225039,0.11380135377631055,0.2953573878426127,0.2778233247250413,0.04272839108975745,0.4852301456640429,0.31764130351971703,0.6140230540280845,0.8640797601358013,0.9392590681764997
-0.049580518007617015,0.0382416710314778,0.3411587844900777,0.4224605375743049,0.7387869744698365,0.763696916744538,0.3721800620470571,0.5087545507750971,0.6269943999563731,0.696431756745454,0.399744738461668,0.6543344095205935,0.4913914805561347,0.4404139370961405,0.6638308595064721,0.46876041151436865,0.022401341896097274,0.3852978136883185,0.5219810279546182,0.17406558351917614,0.5722516216684113,0.6277021292312889,0.6094467840425724,0.5971747037134673,0.6886195945521675,0.7997458571509802,0.6860627350866035,0.6762957307698573,0.31699924482612457,0.48951875349241464,0.5595985462659304,0.497816401904177,0.31012609646997447,0.7291091498374381,0.9150615362095071,0.8970760753769962,0.7187695509361439,0.6394932124292557,0.6695835725959562,0.7800781719905523,0.7189231971816369,0.7372972498754454,0.8064347138275633,0.5819236304975026,0.010483054608367733,0.5438122741692781,0.7283034780655455,0.8403858651695061,0.6221623873173917,0.15161490921213228,0.6367348195552949,0.838532137864382,0.9488344766212511,0.9547819440908365,0.9046228972782437,0.7828476482849955,0.8763887924757338,0.8610238507661946,0.7957234261433096,0.8932473160613302,0.889002205123661,0.7894427761242743,0.8798411096883773,0.864581943578566,0.7440360613667328,0.3969531311813701,0.7317202599758983,0.7805107839826159,0.5966433365854438,0.30163299743060296,0.19695401632439016,0.3670708804331446,0.32243486868802373,0.06073564895420239,0.4495192578018692,0.2877691456626866,0.6922485812203987,0.911095249787143,0.9241653223391477,0.7413674007986818,0.2552513850204088,0.6856113652414214,0.8652559224218932,0.6901569677580285,0.11528764036193005,0.23499672551641074,0.14919226597238963,0.11713256514575385,0.5565765976577972,0.8039257684181039,0.811084079751244,0.8967226660006032,0.8804796482759363,0.8906009981498374,0.9098740080551638,0.8831061424074818,0.7605272087514424,0.7864482838932979,0.6006003308752933,0.3225635152876294,0.558714630827314,0.31633946607165125,0.5693646201009742,0.49062495028545966,0.6421724716102641,0.5942359122272237,0.5609422022535591,0.6745952232014409,0.8374962870156413,0.7991602499412759,0.5365515361648595,0.5546464966315776,0.13214251560253068,0.2638569484222341,0.5045527327106982,0.18603361396016485,0.23773247741182346,0.7047373039409831,0.670923290792837,0.13806174246769315,0.34674017786101646,0.4607883748782243,0.15445699202307703,0.587428362899322,0.5474090460302251,0.3285013926203346,0.7472025634621251,0.8921931893995512
0.5722738630645029,0.6034803897238403,0.6041610838345702,0.3437650080175627,0.7547463539581121,0.8243351871467118,0.5039830627943311,-0.05691473066933443,0.04651757398958332,0.5485176747054751,0.5509224274821568,0.6853302710731726,0.49530747429229854,0.28032925209987947,0.6843725672121622,0.5572177849081822,-0.09138933384257923,-0.15888824668139168,0.326346457264526,0.4829974916060537,0.6410116035899878,0.7752342776629654,0.5828448048252299,0.010778517374389902,0.09064939608418146,0.42666331523742707,0.15293467999111798,0.6048334914271244,0.6032820895720696,0.44048999560475394,0.0828608482623315,0.07104914385845215,0.509147302183755,0.8104878428751117,0.9490655161556453,0.9167285524594271,0.763781742415218,0.40864191464479155,0.7151989924813541,0.8606099376453581,0.7559728189770413,0.34384671344796824,0.4760530048629068,0.35991619175014855,0.010100261222075625,0.455838907472142,0.3723782701188824,0.6791663791788093,0.48045999416167146,0.11959617931858038,0.6047355963007631,0.7361834598848025,0.8441363587789761,0.7692551706990269,0.8123151519432006,0.7192615110565583,0.7993569156065339,0.7334263219645537,0.8509580243469004,0.9494701288866879,0.9658826401167379,0.9187785137975192,0.8924776699992134,0.716067933969561,0.5598175609846859,0.41602223604149813,0.4985883314066129,0.4522476757302307,0.06098254228412714,-0.18483768094624964,-0.18775054007391434,0.34617935846816067,0.18610761111611682,0.4339841800556418,0.4886183850176668,0.41241712491146715,0.5959547751490534,0.8004596187068198,0.746484392266738,0.63257798336465,0.1329884492555755,0.46596424990457375,0.7372119964867743,0.6410771368165118,0.35099724755510214,-0.19846221479711074,-0.12313372047248827,0.27490697081806004,0.22190464250937486,0.5504966052896939,0.3619319865581922,0.6930385165833199,0.7503794682017726,0.8977268619910715,0.9373411144036408,0.8174317104828304,0.4247302934889383,0.6028096003848733,0.30548904125058995,0.45290896969654804,0.4533727342369637,0.42879816145102817,0.5776674858492197,0.35278151777401534,0.7444412273534896,0.8370745608025445,0.7230843512392859,0.36341450260553876,0.5834253229136704,0.6633492746493901,0.35863113518444106,0.6445717711916366,0.5197840852786776,0.2630117877459361,0.6374266611407617,0.6530974388063977,0.7085211283022745,0.875634194277535,0.846700838059064,0.498951797744561,0.07311666977128475,0.5425815162497126,0.6485381980381936,0.8328202452748703,0.7752474610166981,0.5255513515481139,0.5518008428644838,0.585136696976682
0.919769647152211,0.9022517431161561,0.8474873644347367,0.7730686004089429,0.8745127403826799,0.8949369830798988,0.6494477918622411,0.025400990972879053,0.20011813175709037,0.5013910018028203,0.30297153285357625,0.5608076320884869,0.30014341111578796,0.5877279933701561,0.7890276863423814,0.6325251693591298,0.31193176835614694,-0.17701364482507148,-0.08917297684347725,0.26688187317752526,0.28384756365838504,0.6572931842532815,0.46738219679794357,0.03486329395669829,0.3436823689875141,0.3489549915748628,0.10719020422388971,0.6245335012297895,0.6449482171394884,0.2784368305975374,0.41010593145932034,0.41763404369476115,0.6584949018998746,0.7394402997900588,0.8396584025253547,0.7512037877772998,0.8027430732862516,0.7101763217443204,0.7171197470413454,0.8353904868234433,0.7744657863587137,0.37957393481128393,0.00032084158366405853,0.033576551057633165,0.44183881463778407,0.736930676116663,0.7489099716945837,0.6741045490744385,0.2630762329376661,0.4865460348604382,0.6478424617229048,0.39634188806325016,0.5516449392319899,0.13294081561333806,0.42241074801349027,0.11414007230752846,0.390540708280957,0.15217257062768028,0.6827897704852094,0.8848564500631487,0.9076458146363033,0.7817766954731036,0.701027734928447,0.19356735267842862,-0.03612439580908206,-0.11776877361584968,-0.08101022872950213,0.02022903632239834,0.3020697074502817,0.14113196433999167,-0.0551182442241178,0.47136767875760277,0.4566006656766692,0.536441845149314,0.12516962222424258,-0.058392671710329594,0.10666033328626356,0.549122040588034,0.38448994752408155,0.6401105400183222,0.4238656925817061,0.08072014634262621,0.4898258635665639,0.26706729300199544,0.3465891205987061,-0.1601268144429635,0.32309933396798207,0.5956005816126207,0.46338760076432906,0.42304343185481963,0.3132721317176962,0.38859163220440535,0.3162198924513715,0.7787638498557151,0.9055142955024248,0.9014445747926941,0.7926268414439946,0.8185905018450145,0.6469343891363865,0.3594559138233804,-0.1350987123883669,-0.015041760849442054,0.5511389340371284,0.7137073791234153,0.8967867380185643,0.9511553267472982,0.8747032819602235,0.6148915317426457,0.30845661981052946,0.6736534260684369,0.7307465011710799,0.8247312205939622,0.8197017819627178,0.7590301371991415,0.8731227441928353,0.9015856380009273,0.8930224341511326,0.933638524325401,0.9133400943434347,0.61135644238619,-0.03327631953280269,0.46145015691473806,0.6611143529534669,0.8467050751038753,0.7100686779249555,0.15020233837031588,-0.03317485176854264,-0.0677080714983203
1.0004551284459329,0.9081591697816435,0.7789782090466681,0.8000117910787782,0.7798745215675279,0.8901545149651969,0.8224645515160283,0.4523088833494942,0.043040213240152086,0.5545396677441656,0.6959821933815703,0.8076732219755113,0.7552259124895828,0.8141185654665171,0.7669146075349523,0.3174839987629984,0.33447849041285355,0.13495439098394005,0.07290174128577179,0.0880541809165352,0.524662819717031,0.6401460829724467,0.30486916049467255,0.49217424269946053,0.57153288482854,0.23246769685049687,0.48364256309457637,0.7318055025097957,0.6847790859792017,0.6485177652899927,0.6204343583886158,0.30106649100052374,0.5711645358477743,0.3656131713284921,0.5368030781297707,0.16861968720443307,0.6231608443147502,0.6487157843919746,0.3343836731923858,0.5773116824902417,0.6351003978746359,0.18329705007227134,0.2560031954797854,0.4821632104967357,0.7737171786249137,0.9315943256960331,0.8744485408108641,0.6121792583746976,0.48162709679787086,0.7146978003039582,0.8144273958428475,0.7382463226255345,0.570909301842214,-0.040182944164790374,0.30778320797032477,-0.013093811935429592,0.1901019094934647,0.04273550671056855,0.593915454464921,0.7096491759233122,0.7214878695796839,0.3888261650529063,0.6798637115710015,0.6403923568616245,0.581877519155512,0.5558381760428641,0.5166473024726903,0.43596351049854537,0.4795289878323004,0.13276675303355662,0.28193271246940643,0.4523688967910812,0.13659469675447306,0.5531873537876196,0.5401163797628288,0.40598917479196284,0.5718007980063028,0.7774959737468397,0.7749201579216096,0.7994542436902553,0.6259623873825679,0.18742224423064693,0.5514815976588942,0.46099252724669526,0.48470288806286815,0.10441320836160152,0.591749126908989,0.6581405853454806,0.08147338515721052,-0.33350330536385725,-0.4508055995085509,-0.10190207396323281,0.49794669113798307,0.7854338278736763,0.7637761052902085,0.8779279542081221,0.8981019907640734,0.9081206518986276,0.7185029175281129,0.09605096791361244,-0.21820762613841285,0.12034331858557122,0.5020705799204541,0.8016408607879892,0.9496636546696665,0.9948580814025078,0.9626826445432858,0.8004940130181416,0.5882057324738899,0.7824423147534446,0.8342987973203011,0.7791673950824809,0.8759334987916267,0.9265324936556768,0.9664451914364413,0.9154032044125721,0.7507213748323609,0.7382175716955454,0.8112200920329132,0.5853603404447375,-0.1507842791524513,0.15155004504484196,0.2219104096662031,0.6588176848736627,0.6563929546067415,0.6046849502675837,0.5839531229479874,0.5452470016981904
0.9103808392005363,0.645595973512657,0.2988132564347201,0.5623870068922745,0.3986845277596541,0.8064589864350666,0.8806523130302497,0.6295025058812923,0.18088385561956963,0.6728024074943169,0.8733972289163474,0.9121228649880747,0.8758555249464616,0.7723435917719982,0.7096102544870235,0.3451471949539988,-0.13840884979059778,-0.4343497400109568,-0.3126877704724416,0.3642424090894833,0.6767641823756703,0.6824738200455807,0.6960273676986162,0.7848972498826964,0.7657510697280209,0.5029171026585729,0.5432403611601084,0.6596007389413981,0.4067777324219383,0.7403807581736677,0.8260256962251838,0.731450613907168,0.8069771562015811,0.7271946580853699,0.5613190324560434,0.00518832519132943,0.5092421059141052,0.579473286219597,0.5061529768446782,0.3182915318920737,0.6482348225723262,0.5138402994945128,0.1774631921538596,0.46239357501323697,0.7786371419896772,0.891564761986859,0.7040992858019809,0.043019187038647204,0.08558399926549745,0.5841442548185131,0.6862037252853803,0.7965869588576848,0.6625966451805584,0.16185301310904163,0.5258267747703659,0.41075700965391365,0.16687195135640043,0.46997250780640754,0.6393458924541271,0.3647888799445816,0.6261460020142455,0.5555985098539146,0.7891143202716812,0.8699759492720989,0.8715123381972785,0.8543176420229293,0.6966021805633926,0.28588327815239395,0.42286687161629977,0.3868778836205772,0.09142443852343245,0.22693089771758237,-0.005980390458518018,0.40115042546641994,0.5666470760457641,0.32724609547615185,0.7215369523015812,0.8711456770471605,0.8676424432458755,0.7781583181500027,0.7946234685955338,0.6575828349142959,0.5554053782032303,0.10102883836633668,0.5500712984532418,0.6699062635046714,0.8587708815660582,0.8226209644850127,0.45454812368746605,-0.278736682741915,-0.4825194553519082,0.25533239224807697,0.717930116970733,0.7046142015810241,0.23459034013125707,0.639856870727933,0.7464393193929709,0.8999765682539962,0.8660833269859581,0.5462769453122521,0.17087730544548843,-0.07244253129890402,0.13873466168292942,0.7307489356062408,0.9448972003196716,1.0040132847667813,0.967883081711238,0.7602205239595414,0.385915768920904,0.7392973003043026,0.7469028369848678,0.409883709923854,0.7841990434368764,0.9358492084558916,0.9292385506255008,0.7760285252867007,0.2576205736547342,0.1809459382369826,0.5195051776132806,0.5092843647126721,-0.16558056780896124,-0.21663897431872825,0.31461612469433736,0.442720952836488,0.27807925900519714,0.7003495422651235,0.7816153192669857,0.6085281682495832
0.7797363196009454,0.3070302881891591,0.3901126903124799,0.6731879177772676,0.7490642029369633,0.8719920680904889,0.8484992695972804,0.6827225697731243,0.6522188116983728,0.8220690367879171,0.8845840170078704,0.7859677783128323,0.7344079148320481,0.34199004115603354,0.38530820565760854,0.042128952388634414,-0.031007555084642875,-0.3911009585543963,-0.21338251041774803,0.4251220357461514,0.47894503177210773,0.3196261663096152,0.6740040413328641,0.7157122225911123,0.6599369460292095,0.14635210017476938,0.1730787625109647,0.651007308240853,0.7212459444208941,0.8733624810359639,0.8877513565865832,0.7625109598588665,0.8439640846286044,0.8568532003598474,0.673119022577452,0.13418214692970307,0.4447067353773502,0.3036259919417481,0.6497523228119408,0.7280785323788633,0.860375252800349,0.8027373492726385,0.4998078377887714,0.06246507040554244,0.43270646683128383,0.6267828587927947,0.6042822814929053,0.08312445158443882,0.3585339109628244,0.3777927777311616,0.12359784252476573,0.628594774642622,0.7972344863673959,0.7324298310977672,0.7705185981526386,0.6040411000970182,0.6394785840516218,0.7990682228742587,0.7979446228977416,0.5795722331528345,0.6118855253552826,0.3596910082843414,0.7625988014136271,0.8526759089499261,0.7873483360185465,0.8020448875961451,0.6678931339435414,0.4432697087476636,-0.014172294984747681,0.22117568856287673,0.11498165065134662,-0.13768210207657383,0.1405048837415483,0.030613361271102278,0.5504908173242362,0.7061447982864193,0.8235586177091416,0.7319745004548319,0.7140083962160055,0.43005771703955564,0.7160108726654792,0.5826831413705081,0.28854104302989286,-0.13071868243985968,0.5516489672838484,0.8464969340141371,0.9103347347055953,0.8003215846599453,0.7133112571917106,0.30200187965675096,-0.24657545062347339,0.4525774287065091,0.8072226536094624,0.6227193148235921,-0.03720561828533286,0.3700070429728141,0.3391305170390688,0.793338254954032,0.8495958487104228,0.535853352499716,0.11905145820284646,0.4087738216883954,0.6383102816906148,0.8756673764818326,0.9442201573946908,0.9572177902075255,0.9002057559325208,0.6891642175771274,0.691047138784141,0.8514718065745184,0.8139873074115419,0.6136921028606507,0.8189837791036902,0.8943930237781512,0.8145195510603735,0.8131345165368673,0.621544503253872,0.4997472238553217,0.30396017529749786,0.5741853345789435,0.36993330176569317,0.034288092697108,0.40109283441121296,0.14438252365733872,0.37741514520511105,0.7188002822184474,0.6090765298977128,-0.04936227008737857
0.8192152205671006,0.548880262049941,0.28148778196830504,0.7258598067630625,0.8207821232393024,0.6593969043468847,0.5186736945586177,0.30265161192964685,0.6456291844333985,0.7126209391338453,0.7257949348106266,0.39505742723801385,0.6795724838702358,0.5516095308384354,0.1903235545128576,0.30022613269263976,0.00808860712984772,0.15353771458987722,0.35686939180132,0.3164996062201821,0.02038747034988362,0.45569108369576233,0.6576754992728658,0.41374924878281766,0.635254966765901,0.4648653523859199,0.5629783940642229,0.7539164341271233,0.7422988185188613,0.8680958994574239,0.7851329154254625,0.34604302858427505,0.5955743965154203,0.8330020919598274,0.8459147791073618,0.6568433539266589,0.5980088254930574,0.6448911794134456,0.827959529784958,0.8881492411699303,0.9623664178392054,0.9240833983075799,0.6142097172915236,-0.08255966054391763,-0.11964903829254425,0.12598394006194266,0.5603098250747851,0.42036322676935134,0.4834668592782046,0.07153302592034834,-0.060946634812433176,0.45858667683145676,0.8155358117295497,0.8774793604641324,0.6873460412984012,0.2067863931945297,0.6640019716962199,0.8631865040160238,0.7629386436016514,0.382216531295812,0.6493678166367335,0.686590349492542,0.7867795465857276,0.6075178040411072,0.23730239338714706,0.40275041306156983,0.24305844348769487,0.34867238815308915,-0.28575290886148424,-0.30706146398451256,-0.27979775565173803,-0.17972944844707045,0.25946348235770905,0.03896552152757646,0.4922349861000177,0.7724563789232738,0.7102216813657587,0.2449653924710338,0.6294450681702738,0.7054398301240419,0.6831939164908537,0.09576266441010337,-0.305174521115133,-0.206108441635902,0.587013497017238,0.8763661783306835,0.8238759655245076,0.48224557275226365,0.7299791462153952,0.5040992150658214,-0.14546541555764786,0.38458032948464665,0.6674592143894128,0.3607457612773258,-0.2338137557959142,0.2566562029962956,0.6065319814333885,0.8579017126579235,0.7508010537346714,0.2344983032395015,0.3441693979936682,0.6853928596892364,0.8717549157791051,0.9010413458794081,0.7576058803318831,0.7031503540862534,0.6227439941109998,0.15514525067274004,0.628364836253087,0.8570042138630006,0.772125569061342,0.37195587095211724,0.6952515586693323,0.7208135076793718,0.4375976680290413,0.7118283289184977,0.6765713211557465,0.7370439620403353,0.6829311103473723,0.6650777684666673,0.6910043232557426,0.6604419085041294,0.6731369521948743,0.3635686105099381,0.20355992926138156,0.6177459465907735,0.4213154492774632,-0.2272519333945096
0.5800765145339364,0.5238197583633968,0.6465732513933004,0.8333446510096645,0.6548658186294163,0.01464104103501584,0.04048197840348533,0.4669316221222038,0.6179115952901268,0.38872807874176496,0.6443025085363658,0.5402175464418532,0.7580009343004123,0.7480463573317262,0.5496444450996497,0.6375186298032874,0.5024464413590126,0.22691315109251514,0.3811165403692649,-0.167736475981619,-0.12371653453249741,0.5560073686395048,0.7798770647728858,0.7514125403203711,0.7020130931990954,0.28628900073887853,0.4600726620719918,0.5935067290356357,0.4039665159814063,0.7822547733976596,0.7692379823361035,0.411600915150192,0.26177727643334586,0.748355381432429,0.8977277895331331,0.7457382417405285,0.30529495162219866,0.5378980328322217,0.765156858352631,0.785276276347246,0.9282845677818332,0.9110675502508666,0.6210083162402128,0.28139235293771464,0.2636698424753482,0.48844132447568506,0.5647609455749202,0.11353126975948337,0.5201048694162438,0.5567583349313466,0.45104161499097495,0.31547515488335914,0.7808820726566091,0.8387174195563698,0.5395895335425662,0.1545500479317873,0.6763843658352875,0.819172808521889,0.7133301699994538,0.6371849910809974,0.6086993356688141,0.6141959812100459,0.6340914821004469,0.20855568060886512,0.15770490524136155,0.10452107651154853,0.4663345718012094,0.5211718733364391,-0.04116240834118053,0.081256696413107,0.19877522694003058,0.3795328233162699,0.47331158105528953,0.41248970020095865,0.3030347108534431,0.6990087688519752,0.6728478773863832,0.2449268525915758,0.6829936118302863,0.8393894282074792,0.8307122763948486,0.49459632803991244,-0.04123270411808395,0.3383496264222475,0.7756972772819637,0.9404490664421195,0.9209658173391927,0.8286827437220923,0.860718964677521,0.6063850395626595,-0.0481321798932994,0.010269655622845974,0.22473269615508684,-0.25956717463741763,-0.39088992526988625,-0.00879338860016478,0.6698940738454207,0.8486426639877653,0.5992736769361041,0.29282169035856837,0.16941493733593935,0.6856981885842611,0.8912623683552653,0.7829239048316929,0.2779035997450867,0.18906808206321682,0.3790439952512788,-0.054016426441454206,0.5816499156396661,0.8747827012647176,0.8334182619115288,0.5358404315395856,0.49657737163208054,0.5300126655434294,0.6320969785381049,0.6952924928531842,0.41953889434097313,0.741777015748716,0.7218901574896854,0.3586278935285934,0.5905264420658913,0.7847662238012343,0.7278957079092484,0.30648150383821177,0.5470338133878357,0.6583097595268851,0.19256288454770118,0.04108639571374854
-0.207959547565788,-0.09477709845981647,0.595955172644331,0.7982206607208399,0.5184203897307957,0.04548866892664372,0.43117786078118986,0.6860125639741239,0.6681431216782413,0.6353742549779172,0.5958761731576637,0.1694365276732699,0.6118592760222318,0.6937394024321804,0.39084116923165996,0.739633988028979,0.8278880831324433,0.726361780865767,0.5038938454116606,-0.1301053675086049,0.32848532142221637,0.7040053371930777,0.7640373165075678,0.8554510249293501,0.8117678081343165,0.5089608395310223,0.047443882451916594,0.3981185292992499,0.6366928680983319,0.8140970971352033,0.7374163695527607,0.3059885644013195,0.566388009872998,0.8315279356424065,0.9361749940715086,0.7800290674111731,0.40510916979604644,0.22233983933890397,0.5650065071532138,0.37342496441820927,0.7311309800355682,0.7034121101360752,0.17671296486959906,-0.06457478208529578,0.006868629705901109,0.41284944022730985,0.4408142429937056,-0.09546685574005294,0.3919023007146365,0.7282212524063544,0.7630925130782973,0.732357082030207,0.8625437929966391,0.7523808361936909,0.3198200150551514,0.5066404081390675,0.7158982106205947,0.55023719961425,0.25238421617457124,0.4844852187075859,0.1639467013220173,0.13828139916637802,0.4278277489943116,0.30822278803240183,-0.1104878715054008,0.29134156180449317,0.5580154109949549,0.717459015148389,0.4850696081290874,0.04355361856830928,-0.03009745264059667,0.25586219098466206,0.1599435192207249,0.4307860746236274,0.537766632585421,0.6246212662807991,0.7697769036059692,0.7191293564855675,0.7873466372144916,0.7706611001295439,0.8396000224232243,0.728494588412294,0.41963484744700996,0.5288944440897337,0.8298435272678825,0.9626689618947132,0.9829661100623333,0.9618362310539245,0.9088020702927786,0.6913230532635952,0.502920014624969,0.37085975294948953,-0.04565165250392067,-0.21860647690878177,0.2170073294839343,0.5697448363049519,0.8126141810507658,0.7009576275158449,0.029596135125045782,-0.04442585235029817,0.3972792208357323,0.6649735177958366,0.8752290769075193,0.8539753586039588,0.7039600856781947,0.6461370478955807,0.5628741554257385,0.13502497790961643,0.6750708851468691,0.8911646864278262,0.7315389131382891,0.07493597501553474,-0.2913653365629018,-0.16482935454742326,0.5478557444409404,0.7682071584262785,0.750326443660156,0.8834949895311934,0.8619791399900677,0.5897143556532265,0.3209443409314994,0.7491542312654529,0.8621501399708593,0.7739186173064535,0.8167883942053817,0.7856389538231456,0.43464535776084906,-0.2561624848554174
-0.0006381365812270612,-0.08199865325411744,0.5725590154662442,0.7195907833911491,0.3468954349321024,0.5282020465074634,0.750306788953679,0.7472764604424886,0.35662337975594893,0.48447260835695277,0.5347454239691267,0.11142538154758044,0.4898986242742802,0.7532472316431815,0.7673297321883751,0.8778030285464569,0.9478090633639313,0.8460914083576507,0.49494352249638907,0.054135960563481335,0.5545925034923416,0.7161726538772101,0.44923864562750815,0.7152586588855984,0.6829123001865409,0.5112264222259734,-0.048551549674139556,0.05010417583787713,0.5904859108433161,0.7215090910285912,0.8127883136654459,0.7044038457958129,0.7328966182639853,0.7571637291093608,0.8120463429398374,0.5375099779455701,0.16639293379164538,0.5121578667863328,0.6835090064275754,0.47644000902561173,0.5356196833611393,0.5717534938672213,0.5388452117455624,0.5289189123454491,0.4634357717531635,0.1565442882100283,0.21843545958734106,-0.1826236147300757,0.035807665897438015,0.6148150554557056,0.6558727165253937,0.6723093770593037,0.7956257312784569,0.6962340680834624,0.6154733428424217,0.5997477138111947,0.5750033783679889,0.04924668730447074,0.2752288044183042,0.6246622190509094,0.6104491424924372,0.47275564726274977,0.1609837543188577,0.13695317062690657,-0.3132694063041461,0.10891181341020709,0.21691208918544225,0.7079941896359767,0.7816626236672763,0.5445930770733192,0.2742773327827031,0.10023024382963214,0.3446666095288423,0.1536779375983052,0.25873348968889853,0.07956675258446584,0.6499724575626119,0.7787951525711478,0.5976132219242873,0.3022354184238457,0.565823118203142,0.6116683887352946,0.1514517585682476,0.19715512232471244,0.750743424110171,0.9473446231300019,0.9584520445353545,0.9222504697239744,0.8006358230834799,0.360779990713661,0.4498711486194707,0.41360496017671444,0.25414315244674124,0.21815166699566055,0.4620508533194462,0.7258703750985119,0.708735967288882,0.5956936864662795,0.03805479303765049,0.18233959095761634,0.44794003810397004,0.35780476334035016,0.738294523067983,0.7507073168793796,0.8064148062192823,0.8586339072911655,0.8408065147077295,0.7341029996562453,0.8494953693973212,0.8599499982497661,0.6769814829523602,0.3657184360129578,-0.20635577898656005,-0.1352097865788422,0.5283493670430636,0.606298900899225,0.6589205035657449,0.8432937456511586,0.8524926784982048,0.5694971210818133,0.4489394360739584,0.772784779234876,0.9244561291385824,0.8796836143059188,0.7269129526349887,0.659461310978512,0.49920647874318497,-0.18426577384843265
-0.09287260673193086,0.18830459613503472,0.5042781662565854,0.7419132196140011,0.7455565294442446,0.8270341837340739,0.916033793998182,0.8431624424082255,0.5375741088154229,0.12875217386415325,0.5204607306853035,0.43846945639381363,0.28806358866969156,0.7112085968334008,0.8159299548439201,0.7638773591818362,0.8765182041282079,0.7788978294549146,0.34314412673777756,0.5300824949503694,0.7756400806741308,0.8590821310297608,0.7189277617054465,0.5516126175122489,0.2560952870103504,0.4425367532626569,0.4280502630822064,0.4146842297058412,0.5909031214553293,0.3695535548756163,0.6909050573527538,0.6043523072027261,0.49859923900198827,0.2953659874073179,0.4675321043985589,0.008980767291245183,0.26577945907112704,0.6549343677398267,0.6119188425602325,-0.04346457377432867,-0.09954184372184843,0.04262529716638926,0.46434819649106307,0.7354629134845001,0.7144866652304352,0.37907547046651713,0.11253719404245639,0.31484954219201233,0.3900586799658104,0.5603830089167801,0.20676853695004782,0.20278890956585838,0.5629438997513517,0.34211147607341863,0.5528140507830288,0.3172106957508739,0.4605339428723604,-0.050318630634579635,0.06425782294542955,0.6638052947136663,0.7825495515778482,0.626517862598556,0.4386944425260864,-0.04555744008423044,-0.3063112763915424,-0.06847996452692111,0.4409256716220696,0.671692835787693,0.7683277826721395,0.5201853585060591,0.18691262742633516,0.5050768919621711,0.6825190010262154,0.5083696621569777,0.03882401028894413,-0.048311787660653936,0.5733004007717197,0.696160433603286,0.2859010749626735,0.40483762193346146,0.2920772738927788,0.6227347050367579,0.5956722658068586,0.6774658347105457,0.8841492226789256,0.9151125051135204,0.7594370345706066,0.7189089909899262,0.7733972183076303,0.5577328828227982,0.09815024538196405,-0.1053750767688578,-0.173505452105589,-0.12830782421290568,0.10058112411291187,0.4948727831531805,0.13304385265715482,0.3502377109658,0.27275687619665595,-0.1092029116132338,0.3366498439414101,0.6040076152324814,0.7018711451128039,0.3703730645024004,0.611765744280112,0.851444153049525,0.9416761508923309,0.8746739948045406,0.6659086772821072,0.49751447375361435,0.29500278385622836,0.5967875555188998,0.553129492143476,0.5511476518612745,0.5471462652786405,-0.024494847787489258,0.04784352102321807,0.5060415926760166,0.5590873908028333,-0.09172486152479505,-0.1307574730303746,0.6061043805380933,0.8783652078184929,0.77439183349763,0.2747536883673768,0.22751954892421655,0.5285094593865953,0.2958485948921663
0.4135108829277347,-0.035707482977003185,-0.1409419996956928,0.38300010426840697,0.7033134790427135,0.7600232071441748,0.8480608329928162,0.7369873197790963,0.5948112382558928,0.1792372207341461,0.5763129323527636,0.5776591342526586,0.6034055766199434,0.654564955388413,0.6309892788042368,0.24179515987061537,0.7114816941332729,0.8534497211422456,0.7713073467269487,0.7954317886812226,0.7681737304340053,0.8359417664134927,0.719065931034414,0.2778609659919457,0.39374607077004004,0.23287886252773338,0.467663392781068,0.2777646479524076,0.6110960309239116,0.5367542824187911,0.5985302148027243,0.18328731626223682,0.13442090212582128,0.4252754964916978,0.2966256275754662,-0.1869311805655226,-0.006436495855488544,0.6297130601199692,0.6481729007160207,0.11471657015270867,0.3554372505126608,0.41879570758293466,0.30556197146512054,0.7403123859614165,0.7263672009123208,0.2811978429129486,0.49804669728256407,0.5820795780944459,0.3277723477469382,0.6728483588462019,0.6629474056090485,0.6476532630173668,0.7456233572406393,0.7329354731520388,0.8125376833492776,0.7569905250131214,0.7425624269026784,0.612880507799497,0.6693748215799872,0.84912286825365,0.7994434992854991,0.4256245491112474,0.6266247442273154,0.5760244033994462,0.4992157195066367,0.5780744903414143,0.6480357758467584,0.3920057340454556,0.6038030541899005,0.30146804191817195,0.5549381343257934,0.7990786426534912,0.9116346191122313,0.8356513690621723,0.5586138070148,0.3702282859629959,0.5637928151849647,0.7017767732342538,0.5176357743300668,0.6636354000018064,0.6529114486513489,0.6170273483060524,0.6238396710424535,0.778898317327985,0.8724723231884116,0.7735960436049929,0.27251308781632955,0.2496627926088251,0.7164589382431596,0.7879214906211776,0.5939845863311143,0.3901947251445781,0.4641536093647335,0.5504526203180569,0.6039076375554642,0.5372674228508506,-0.1088982794524147,-0.20929622009017448,0.13905062250433237,-0.31077036551095094,-0.006010747434753656,0.6105786986043682,0.7588850588568731,0.6035757812052914,0.3674780103886368,0.7630854572536299,0.9115612718217729,0.7172059420291605,-0.03259706719003059,-0.18207969630678913,0.4093009565509538,0.7576268640077091,0.816787925482947,0.6995276231174189,0.5331533839033893,-0.1210354696340838,0.21070388274127805,0.20790083006078391,0.39596952412552167,-0.18390997613025614,-0.13291202002394642,0.6188286762337293,0.9081495026475668,0.8971548683026959,0.7339297037211507,0.6765662851644054,0.6060050430529255,0.1366117924818531
0.7291872782923039,0.19699683638732216,-0.4389100207037204,-0.2582219407473858,0.4060031941747636,0.3323988152845915,0.5860235319453926,0.3724661552060351,0.6765239546959722,0.6642633588291424,0.6822034357211149,0.3629755786188576,0.5622167126545201,0.29490346392382544,0.45106441813674086,0.13885951910858607,0.6804040635253835,0.874676438965253,0.8691843780082654,0.7738214032323216,0.39782316557187597,0.5990471262033052,0.6737577591367025,0.5223424264332454,0.641882423882317,0.6365540063800135,0.6116326318658084,0.6193290179855432,0.6602768429600914,0.33034359686123743,0.6585065038081049,0.6532630130028608,0.6524314131276372,0.5557414910987142,-0.06279510978115636,0.03814914191402765,0.2941590889868709,0.7100838092288494,0.8314347237208762,0.7220653501414728,0.7922221855322779,0.8088055304780386,0.7860611239166392,0.8953583048938295,0.804804994264608,0.571190181494301,0.7127694117654509,0.8139623413289188,0.7831483946453115,0.8828415934457639,0.8393369546022681,0.6674988754165564,0.6722436927868185,0.8288156902190708,0.9291322795748023,0.8757956729598074,0.7396503344864692,0.8119833400533022,0.8679118476195645,0.9181415330888091,0.9058855703243232,0.7423031786337874,0.6661759415202344,0.7287335861347529,0.6908564945518987,0.818458887137733,0.8708970922234133,0.7923249987346822,0.8257100284590991,0.7571771983374801,0.8487926294165472,0.9531602088442853,0.9946848002223255,0.8853617603107128,0.5290257767152772,0.0722933714478761,0.1040533151408972,0.4402632924528563,0.13734657078224266,0.6196392422371566,0.6623887325280373,0.22287615767740604,0.16031346936611202,0.4856659017656008,0.632788616291827,0.7726423691556034,0.6583777743529663,0.6965450134490572,0.8781602889205818,0.911354530201605,0.7394328797685178,0.3534033637619452,0.6933012943357925,0.791083322806089,0.657616772808661,0.46806988352242557,0.0665436424035931,-0.2864955457330506,0.20571932892180717,-0.028136015026158145,0.4007287689122012,0.5817614660836533,0.6426892377251036,0.7461149726165515,0.659251858112195,0.6913379396321283,0.8587552641787342,0.6683363965638244,-0.17370914185013464,-0.3766936370371975,0.38317766219210914,0.6136588963228067,0.6792489201133026,0.3701908507074898,0.46911987156237867,0.08052321440828585,0.5311931563435229,0.5871046728624505,0.49445670328251423,0.31974145417796523,0.4995501040104904,0.8071631321847108,0.9548886687926114,0.9526809921023464,0.9284442917510778,0.8599030602298069,0.7041078312639563,0.6287659365821466
0.7400286897979705,0.02420048260094055,-0.368391803545755,-0.19190355240484963,0.5210997172484514,0.6412489937098902,0.6367113816510259,0.7014378798058734,0.8582926052259473,0.8754796929123542,0.8799463993187744,0.7855866354776132,0.7576290719656218,0.4992319792778551,0.44102050141646437,0.4028290282180477,0.6612503795014915,0.672934860406249,0.6675879587391019,0.7597359312707679,0.5880216900503265,0.25333529754254736,0.36098635657699424,0.12170855432018375,0.4337073921891709,0.587576998535302,0.3075337729488478,0.5431286237342263,0.679605265142589,0.5333863718426989,0.7685630262554974,0.8861453089087962,0.8765520080009077,0.5531589410734822,-0.30423808481504616,-0.29705017032430875,-0.03575652269482478,0.5260152092552537,0.8452333031675318,0.9261015582125908,0.9623727655489221,0.9361993384863412,0.9107796703635896,0.8704565183871681,0.6025176776624471,0.23338400166574544,0.5452228860098121,0.826671245806446,0.916450122271171,0.9112634069408759,0.7571708284546526,0.24868278980132813,0.22999537055607383,0.7111736884282605,0.8899257366441751,0.7470802596620415,0.2567397130096817,0.5956353338770316,0.6504766766869821,0.7196517501583931,0.8421778050430397,0.6858306259731922,0.1905178864545185,0.47740825395229863,0.3479338709784164,0.7544497786217773,0.9128707042067669,0.9097659306025032,0.9415950643132823,0.9312161979190167,0.9388299563502838,0.9825582935764585,0.9458645308020679,0.7696370005331503,0.3189193946531088,0.42374849364196643,0.39719877895166755,0.47123480790414085,0.15733356388864153,0.6556387698936891,0.8069634970480634,0.6540671031120906,0.47363038794397305,0.02259977124730232,-0.040817931048126886,0.5397305209481033,0.6273242656735447,0.8120524671793676,0.9199571853425712,0.9595740022427722,0.9020974631155375,0.7967017464527287,0.8707895879745032,0.7672744649986251,0.23060568135189113,-0.037877287780033575,-0.19721859394755034,-0.15085729240030638,0.4687897263176179,0.566039953292129,0.5753679022491294,0.13638127252787682,0.0015116008903970617,0.4732189344139714,0.36776730781354156,0.1252678278991265,0.6497818185665064,0.6591848110379087,0.13610123637742738,-0.30718113840752126,0.2446451479882566,0.057202385782018715,0.43069240048872753,0.5683548349096145,0.5758831359980858,0.5870048494049873,0.714978580630782,0.4772534864526923,0.04898707856735459,0.052563501594248746,0.5763142681359296,0.7301554410642778,0.8134414417685327,0.7600350676261125,0.8637557222428643,0.7600605272189059,0.3965330101335524,0.696909641441891
0.8596475829471915,0.46914373981951796,0.39679138837611255,0.5601861331887538,0.8092061997405281,0.7492094444344177,0.39077036474545257,0.7045817754677063,0.8136712466693932,0.7897877539338418,0.9004287666045883,0.874261024248823,0.7035768222286429,0.14072101174542206,-0.0692261756295891,-0.02327469213196108,0.2741407868545725,0.013619052359740662,0.00039075500407457413,0.6152891085395803,0.7565870842872213,0.5604920406309983,0.135347495962569,0.08076675630117286,-0.03905723137972026,0.51624327530524,0.5317908057568222,0.3022155009566311,0.4905096134381112,0.143722288260535,0.6781730269782624,0.917893268867568,0.8743437076169557,0.4290940445373923,-0.23470407580545327,0.18959216580059307,0.35869955562429934,0.3211152065704181,0.7951133394480453,0.9274996231669288,0.9222115730074776,0.7623459331822081,0.7090231267337938,0.6970085168773978,0.2973909186700622,0.38117622102488774,0.28679197391928596,0.7547163921272816,0.8793028408737199,0.804576314393255,0.8199382690721706,0.6924667579077788,0.6340404174480999,0.6710471978169803,0.8321434605488821,0.71173448470901,0.13342060151366697,0.239557013359992,0.058646329913030724,0.2070477018905497,0.7073308644065828,0.66807321202566,0.14232060938801888,0.41790363410554754,0.5698573912944275,0.6896916857897356,0.8213198246797541,0.7933642399636287,0.8938061856072163,0.8682680986960459,0.7938727940034773,0.8460023988548228,0.7232490944234014,0.6422069299321805,0.6366935334512931,0.6171168769095448,0.2571180388671338,0.4482113660479834,0.5024260980168977,0.6415785026705128,0.7712634829229147,0.7000127526003674,0.5949198506025142,0.14011909623752988,-0.2373748468170679,0.27620616530280484,0.08903070945879878,0.6020039785318725,0.7453081732301721,0.9072592324589679,0.9645093629306726,0.9535929805229268,0.9448913111890315,0.8960898085179628,0.7233582945034889,0.6139679820835934,0.5287290718046758,0.5148281269736853,0.5721596190159473,0.5452314361030022,0.5385504903283155,0.34308361240648233,-0.18890927061642973,0.05069326490820094,-0.3057851214629126,-0.2223512469310329,0.29568014912096263,0.35939657144229376,-0.07314687670601035,-0.19480743549312735,0.27936767354480674,-0.04721914113868235,0.08787603737173721,0.48494708130783265,0.2743370740716382,0.5136652738474112,0.5653778900978164,0.02030902220206805,0.12238671197034551,0.28950175297736414,0.5625198225393918,0.3014613829540503,0.34675372942875904,0.07236617132338166,0.5711366281944125,0.5809594180183002,0.5210840333274324,0.7748186041748908
0.7128355830023315,0.08626500977842641,0.3611510879050857,0.7480392095789599,0.9283481359307441,0.8207992420321529,0.5432159348400944,0.5183319881412374,0.4574552041526022,0.32547661889864166,0.716955477847191,0.6993368954062446,0.6230239501439773,0.5087074584469149,0.3474928358063785,0.3599902481378762,0.1333187273119694,0.22769116094953745,0.05287298405482182,0.6678745352438927,0.8796594612787353,0.7944206415971903,0.5006188911681456,-0.012358712046344566,-0.03852042235017207,0.6044876745709534,0.7941948774738847,0.7231677576709237,0.5905641150369896,0.18471153558142978,0.6964869588546984,0.9094788816859404,0.7665272140990761,0.11109587053907928,-0.09662840275801057,0.41270643545616054,0.512394096566704,0.6375978779570389,0.8102399430795217,0.7477229908527577,0.6920630536136194,0.212924096290411,0.22022823492677004,0.6615772629903993,0.7005129723362467,0.7494991769184941,0.7457193791119135,0.8715353353955219,0.8059311212626517,0.43056822150903684,0.7444473478589058,0.8322376500219305,0.6673856167060411,0.19799548855510415,0.6486128399340046,0.7713963284119474,0.4634313789159228,0.012574613872072163,0.3712286009487618,0.6010187067152301,0.8515487427476004,0.8350464851746219,0.5311998037607285,0.25009691627889086,0.4974209683956085,0.32681538176890285,0.6061288022213592,0.40412608328614935,0.694743880886474,0.5735726003274987,0.3236438193483081,0.5634786229446566,0.2013611255281193,0.17901028181314177,0.6660927817586212,0.7922958316319055,0.5866535974904389,0.2189971426458663,0.32397324112256964,0.1728501174577717,0.38240674074926395,0.15719897940003877,0.203228159469578,-0.29029075881759614,-0.26121975672674375,0.22564926259880339,-0.1049750904879717,0.3748968537403507,0.34758881263101027,0.7942658409242853,0.9156143440979747,0.8854063008658871,0.798642552071065,0.8737530774822405,0.9050290981805954,0.810665290179144,0.5866416574813186,0.41086385549266746,-0.02977331361712666,-0.23659555194208948,0.009045122537782432,0.33930285252774045,-0.1896305265419925,-0.3217810019581941,-0.4501692972677301,-0.04161312255252942,-0.20350801931875565,-0.014405267113323166,0.3248488996811804,0.33462799553362116,0.6005223501790476,0.6095322445077488,0.6758738854613351,0.769870871625778,0.5979878966734453,0.31181854880657855,0.46979576492361474,-0.07556682699836373,-0.1628454859463262,0.022721448369569183,0.581485090459215,0.4988627506469547,-0.025349092229003417,-0.25322052874140244,0.3097994556700722,0.11310633642741413,0.18748030788646336,0.7086472782971144
0.5731309011121122,-0.24819256167097348,-0.21225380904025118,0.5960571556195279,0.8247673011143388,0.5613642907193813,0.059843674623250714,-0.15090251792424098,-0.15617353079980237,0.3604143453556012,0.5680554298454739,0.20606364534375737,0.15019528326942533,0.4690700267307172,0.2738249686868951,0.6205321616730137,0.6070477671546839,0.5393736342872295,0.6189149433687029,0.8528167791416631,0.884096024284118,0.7785247665426183,0.7586155346843563,0.606470915884429,0.6262612026201154,0.8290616015194602,0.9368599052426765,0.8617743571479319,0.6465626106704473,0.630386533625204,0.860118404908609,0.9579836843283855,0.840762586782228,0.5098454335856729,0.43825604428102555,0.3179999867402314,-0.00462922250228341,0.40144613758094466,0.574247407717889,0.2061697237355612,0.4933063611489261,0.3896033267073727,0.5723625453827395,0.7968682669605462,0.8958415839274237,0.9389319794518064,0.9480823169117077,0.9340089200350863,0.7917413260480107,0.5000911835982131,0.6113696949207276,0.7728761866166304,0.6024070450285407,-0.04902815318460925,0.38245095520331424,0.7342352247513306,0.6303538449486836,0.13908074767986342,0.49754870594069994,0.6203491973900772,0.8634457073427761,0.8745531005625824,0.6427354735241452,0.5946576406026078,0.5959802075501405,0.6397000195292224,0.781760661899356,0.7455590363709563,0.6957488799384447,0.30610064440194096,0.5561127283300791,0.7161321483940258,0.5865422543813334,0.4736254489845695,0.7746860118506527,0.9146971707617225,0.8456805336788601,0.5848065902588796,0.22290436959947857,0.35886839436849854,0.10017008694025749,0.0738133747739424,-0.18906651991372517,-0.199299094192051,0.3041747297521658,0.46173061842228896,0.039856871365868046,0.40321485844093874,0.6349366371928191,0.7816611183155818,0.6805496985046433,0.5316832410773826,0.2795449996956598,0.5905721602337279,0.7272366361101372,0.4405443328004833,-0.1215066138521382,-0.13695872849880505,-0.07623449240007855,-0.32033653467887774,0.2864946832912075,0.5594269161799882,0.3526432145100654,0.2692307250651064,-0.06537904151927908,0.24138522090889256,0.016229489637967717,0.4279588073150296,0.4703305078583494,0.02012345520667701,0.44850565709127516,0.7456325764270978,0.9051264559524165,0.9438963868213066,0.851105510232814,0.7693133535867361,0.7897888346571511,0.5804688249629665,0.45310694362425746,0.4560384736973297,0.7617547188310849,0.7782982555529664,0.4747677162441135,0.059897200710630066,0.5467226671166109,0.630254471841958,0.67190822084219,0.8207827276650232
0.6050724148050731,-0.1833094649638645,-0.30253111062942906,0.5093104333544278,0.6185344032459608,0.130627911232754,0.2799380923319765,0.1149767950174875,-0.12135982348114543,0.3110845928908132,0.49982456726137914,0.4785462317401963,0.4516000853229249,0.6897525290794913,0.746358519697133,0.8473181271449274,0.7144876979086968,0.3934256766513277,0.7422696888932778,0.8143564768268595,0.6261744034771409,0.345306390441229,0.6756565933603775,0.6553873631388231,0.7521760697115828,0.7797857234847617,0.8893963329566172,0.7301015471848415,0.22850046582017522,0.6509476092336275,0.8964811573682108,0.925048796677752,0.7940802681634029,0.3416657671945595,0.36767401558839485,-0.1959358317317203,-0.3084552215530309,-0.008387793142636074,0.42673230125427525,0.05574080913263161,0.1922435887400787,-0.02409107864738407,0.5070103684170612,0.668760676249791,0.869767535164585,0.9409399869594588,0.920531194941573,0.7175293989270056,0.4113677157213448,-0.14494852229071678,-0.03220791632487954,0.45307304624614014,0.5019072991231392,-0.13376928164009985,-0.09392139280502763,0.6031467029453597,0.7051402765874717,0.4172023978511169,0.32146214993866984,0.09872683811594737,0.6645825743330409,0.6831285415807202,0.17231633731051973,0.4528319874514406,0.22777542461516387,0.5357602960610132,0.822885001977312,0.8976487028117717,0.8196656831869578,0.5735216346751816,0.664910596733123,0.6504397495470384,0.5269187087240039,0.12672385295734367,0.6435089430570389,0.8872960703009454,0.939457815385779,0.8425265839708365,0.7386021587867042,0.7358148612653884,0.4544626686526108,-0.10734800584964278,0.12026754216546641,0.4358620096378178,0.6609504744870461,0.604633764842899,0.43146684728344964,0.27553632519662785,0.6335360715293029,0.5251181489018332,0.09857491805215678,0.06539184441665878,0.3293057692310882,0.15356508775258199,0.23774216865944775,-0.2937940820188357,-0.45082581525056203,0.02527879881226584,-0.16275793853519868,-0.21113877396310413,0.2680548925499693,0.4029783616661409,0.22990080019938594,0.5897892909492115,0.5748471547481004,0.5710861197868705,0.622968503735391,0.7115397374684916,0.37840319577736825,-0.31747144577530845,-0.1242897574654586,0.4589236184912726,0.8349320168111276,0.87944715768752,0.7941623552675976,0.8656844993848094,0.8339347217669966,0.610804021261823,0.4325282021593365,0.25812904867133313,0.7287143704636228,0.8968100836815587,0.8039145877156594,0.6789153410908931,0.8356140794952357,0.8368590472828733,0.6716277353342005,0.6075978587569999
0.7745058223857053,0.3866306883138017,0.002297260521444891,0.5210324188273391,0.4321028845858253,0.0726240227109625,0.39103796035030186,0.1310012593328576,0.26455302336590636,0.050775833472225064,0.05723278312264288,0.28312634621423843,0.20856171049572647,0.6862614448559433,0.8872890783078043,0.8939753419142956,0.697550296155071,0.6714035503704194,0.7707591303119496,0.5625308069376986,0.19074930487281747,0.3172650743781799,0.5010494337788093,0.1593132238707512,0.4798975070383985,0.3438431394942847,0.7438091251368881,0.6894577457399151,0.23205543409303894,0.6584136274021472,0.8422178591156936,0.7990363464657707,0.8323735458073862,0.6631206009324018,0.4009324836872783,-0.03462232614151187,0.3135116622579041,0.5778159831423705,0.7285462345723707,0.4827417398017879,0.0164601217181434,-0.08089514696019293,0.3597968445435987,0.15628647284813738,0.641025192067218,0.7206551024135941,0.6725869527756168,0.17829435670535548,-0.09949826350508863,-0.2731589557512013,0.011554518115260225,0.14460338802074943,0.5773542572644453,0.3911902887683733,0.05931319246718211,0.56227767234778,0.4878914609867787,0.0004423158143913035,-0.14618924484477464,-0.07438539894710484,0.5897554454569515,0.554994816368049,-0.04051168354196288,0.35350137863208847,0.25097819650944003,0.22754918416819392,0.7572900064776755,0.9145476779933103,0.7886011037701014,0.3005252472331573,0.38056545881912307,0.165629340419768,0.26115072193441147,-0.013813277226462483,0.40416926408370807,0.6115966652926415,0.7658453161769335,0.7571161164261465,0.8692692511502065,0.8958396304241005,0.6443326735210068,-0.01910944127981654,0.041092283547956826,0.5501681516630663,0.5396464931485109,0.20914649755098788,0.40376348782933785,0.5875089890546787,0.6349780192302152,0.2305852931997873,0.29750649999792533,0.5092798070500467,0.6109901061604245,0.3097320828349999,-0.1396924154040837,-0.38539223793211125,-0.25641998144596473,0.42278433738900895,0.5281784809135236,0.4062440091578566,0.08713222290484961,0.11939700287103787,0.5399737916325482,0.7930559592643865,0.7371252509602665,0.4171992725522382,0.7040392974061083,0.6891983590894835,0.03642561525458469,-0.45361911616251266,-0.17243322064436614,-0.07310168927388692,0.5590025008537153,0.571345148270544,0.36591040175882533,0.6889304872828966,0.5506693438885262,0.1339032424978251,0.10824721346781356,0.463901541624184,0.6463283637229971,0.7974144039284032,0.6640341362044009,0.6612121544617078,0.837260054865176,0.7541103006933085,0.20928105861276966,0.0038294310262578734
0.5981199589162882,0.45629628571254455,0.33075360095050804,0.4671519723773271,0.09102047435533307,0.4386934020091659,0.6789918063937914,0.6640666646912493,0.7254871806980041,0.6355792283635651,0.4964171144599241,0.22675705460089127,0.4824369949656725,0.6354936836039217,0.8345995843882777,0.7227520634550658,0.1612316221256309,0.40084737207269383,0.5325074002515661,0.07659548055661891,0.16880519975807967,-0.09561086641360263,0.3018374892348287,0.036253414472372965,0.32899887504124176,0.4200333723501015,0.7534625326626252,0.8024078504198703,0.6627853778567855,0.6640537848353887,0.7049996331313486,0.4390011179395481,0.7603233345613623,0.6985579961122484,0.26597659187573314,0.4832294629514427,0.7504750892340567,0.8938194560451489,0.9452216815990716,0.8390336494065705,0.6302953952093298,0.5732486474715908,0.5736879612121824,0.17339459817192288,0.4746340240724993,0.2421997707558267,0.48610770610685855,0.5524242427234757,0.5208243618692747,0.36820159540691344,0.10751598363482555,0.5287097081114258,0.806034194282826,0.7421923503488052,0.5106087542387039,0.5937563697192245,0.22721385095911606,0.26530777225002306,0.3649908312574605,0.41161034196689683,0.6479497720271287,0.3556257630632802,-0.25536806878421403,0.02705892453246597,-0.15335317620123007,0.4200328068453104,0.8084500522216436,0.9530594056664459,0.8900071659621693,0.606478792832446,0.23739885855284917,0.3518920564395439,0.09984481320695142,0.24208110867832835,-0.026667104301818977,-0.1196016525921766,0.26293022121346366,0.280662227197017,0.7454458106805575,0.8985520219173648,0.8605697428636675,0.6687605455794381,0.6473741639465375,0.6465718937734095,0.22172371972383997,0.12886997328027888,-0.029360793053310564,0.5207517537484504,0.5948083977539517,0.48254610808424386,0.25550851207769104,0.6612287740138997,0.6644105638332315,0.20242951737241555,0.24028783653842437,0.3871065632727797,0.5685220386837192,0.8272475811490846,0.8671535044456019,0.8169228060496823,0.6857112901576538,0.6869994268905522,0.8412049721124009,0.9368497612663603,0.9071206337991058,0.7443726950260704,0.6928904272028827,0.7534630723439538,0.4428331388145918,-0.22006033712073478,-0.3344788172852235,-0.19050110453169114,0.4178230082432594,0.2951312535757821,0.5823578740606029,0.6750825688888868,0.29167287135604525,0.45770886625129026,0.5751173878494112,0.5759556821626336,0.16883467528210827,0.3745872708474004,-0.044119681710585584,0.12320757458297318,0.6879001497334751,0.8338497712591137,0.7082121816762548,0.631856034646044
-0.06320674350571437,-0.1380915588595223,-0.15061169587255901,0.3339701731738681,0.12655081690525705,0.5730541447857168,0.6357480478412303,0.6672309455452899,0.8509582053393919,0.8883646953008059,0.8170686099396598,0.7066164329208194,0.599081647679822,0.2195294231464248,0.6693426403941978,0.6205459072824211,-0.048666675302251425,-0.13849454485468418,0.2957244153207338,-0.029490643566342477,0.05444071097351316,-0.2878685377658322,0.2145286314209771,0.3157656375568705,-0.010090865316629427,-0.05131466728657084,0.5656997755065093,0.6793951473038817,0.6645256078170317,0.3503774150735197,0.6565870819514766,0.7374544425034015,0.8742910355357507,0.814143036332351,0.5765866020076439,0.7252607541675197,0.8966472671246372,0.9579142431064449,0.9857814556853435,0.9080166155634779,0.7491702018273767,0.8151845213931055,0.8360802482126859,0.6598630886972098,0.5100777998137973,0.29490023680373645,0.20224211229620415,0.6511821820030965,0.8126917231367435,0.7469654408603031,0.554301969887749,0.7385559311761487,0.8552912796405719,0.7657540869219515,0.38628191897169484,0.6650400463758351,0.5377201776942939,0.19045188837085036,0.4346389126474385,0.2596271226010495,0.46001314698112156,-0.16329222805949006,-0.4528436013355707,-0.401820857481812,-0.38327918835303254,0.40916890001042294,0.7012384549825916,0.880831074568516,0.9142189687774411,0.8535479913314773,0.7107309897900466,0.6857776951396479,0.5200761139524963,0.6108261767746724,0.4028559384517766,-0.1115040655506963,-0.03291419696002027,0.42236533700752593,0.5585381205054774,0.6587995227671946,0.8556806526797102,0.9000674532577452,0.8531512079232723,0.6896807775459785,0.44872379208717417,-0.057227174871436456,-0.09260323987465387,0.4450817344771778,0.3344415106176495,0.6596299877899932,0.7300682503175143,0.8198068382871098,0.6500902477036814,0.44869172689660697,0.20070195664651513,0.6531297188244145,0.8373648815567688,0.9039090256840331,0.8262852113562383,0.8933743302614497,0.9083350783419882,0.920403515779389,0.9645308024263536,0.992567298917469,0.9446149798744529,0.7129289738923403,0.2422998568027488,0.6491725717533116,0.7429320720757694,0.5174940529691961,0.28226571826931807,0.3169441114958635,0.6304420259111149,0.6875043926467896,0.8025390920437511,0.7943090201829002,0.5159273397768309,0.5338786268037156,0.7336847749545488,0.6633212949407428,0.1099785440762781,0.20099633768444025,-0.04921004200676303,0.3850068356554482,0.6087571470320794,0.8242332213383554,0.8994622165662659,0.8867742992438515
0.5319226410291653,0.3898889382768758,0.07373964804114774,0.5268144248773874,0.5958513648794656,0.6400857438333369,0.23333350140588116,0.25907907059160434,0.7539217107002075,0.845369638867601,0.7826606385720536,0.8118758484718311,0.6520766971190379,0.2321256751234792,0.6992326913303979,0.775946844470158,0.45256023877513846,0.009218471088260774,0.33647709059780667,0.3202577348242206,-0.11670771486024836,-0.30222983558593286,0.015867973686917097,0.5233373837491729,0.4034325313060196,0.08358194803382225,0.49701819221733917,0.33253642540320116,0.6117832763766847,0.4826624141384929,0.5986185701968567,0.8157807914530125,0.9125743413825588,0.7857537028463687,0.3252618259729892,0.5366285866053497,0.7680584090327693,0.7895509077337386,0.8856087635925203,0.8008162698630542,0.4459093891728973,0.7635829922147085,0.8844931263009602,0.7325110021388114,0.19471545879435495,0.05037876849749062,0.4325526123738939,0.6503132526798865,0.8167117345065379,0.7525843041815248,0.32817669091224405,0.522305859371984,0.658443736906326,0.7958507066005625,0.7713925714094445,0.8689756455727092,0.7777660634589423,0.49474603597114725,0.5340702633475252,0.626917945161855,0.5952604974909161,0.006844691786342346,0.06779665577138805,0.08522855511711577,-0.2793453460701859,0.32856666399670015,0.24025030106223838,0.5375785945651941,0.6906203968728549,0.7980576960406098,0.6802705386347072,0.6716856628123954,0.37784456819060447,0.7373906429729731,0.7663233844940013,0.5567744628064708,0.42796824678797046,0.4322186414980316,-0.13851875865714067,-0.08585037467998798,0.6371547361555934,0.8834543547490468,0.8170725636650673,0.42924872374031503,0.5438463751168265,0.3950479529595202,0.5229496530482116,0.7139362256302445,0.7214941626195995,0.870788979777195,0.9048969627004845,0.7013982968409035,0.0915258660290543,0.27882758131910956,0.40221716007879643,0.7019874847757478,0.706321293120322,0.7255848958412349,0.44822309327226467,0.8074849884260817,0.9342827786085999,0.9441088260416768,0.974689334894828,0.994319837237728,0.9480453617421539,0.7198970914903915,0.16345196971986978,0.4784189011375149,0.7646509452810445,0.6666488546164163,0.10634841070962102,0.017867969154212873,0.4102162596762021,0.5503093015045964,0.6480003193704471,0.6069317607773642,0.05470798503325164,-0.016278970350062375,0.6308521947431717,0.7868861184563936,0.5417108342741073,0.20393344875186956,0.4122193895377317,0.49465140111973294,0.12338518541083865,0.5178851384111266,0.7739283752943833,0.7194157286338702
0.8892668884889643,0.8222735474158198,0.6612109569548803,0.6116477844794711,0.6040994775287456,0.7544678748516864,0.6995990989842368,0.7142656036078615,0.7663238489730744,0.6044001621433424,0.3622545614559195,0.663749714357525,0.6367967961622731,0.6323950083729467,0.8560918006900455,0.9318972420283392,0.8026448612525922,0.509878778067736,0.2755061112343956,0.5513007069785378,0.4008049347389465,0.42702202447997245,0.5873121117761656,0.7214318960417822,0.5959416484833633,0.6131601914299006,0.7218967851470421,0.5606805153978788,0.548121693494813,0.14059852561446637,0.21161051522319052,0.7504085203062857,0.935378970024015,0.8715510437257247,0.5341660499482578,0.10756863497954178,0.4863598521163339,0.37386214748686075,0.7747308704052884,0.858833646969869,0.7323670375562424,0.730300011789653,0.8512420397125758,0.8173538458878374,0.5854596944507802,0.4210379727410256,0.5103328252766897,0.30085909563538826,0.6039081455925779,0.7597272848366184,0.5510503085648452,0.15205344459785466,0.20946929363203476,0.7217951343384923,0.9021565244874845,0.9382837292071367,0.7241344593164193,0.15577828911644723,0.18514635469755858,0.6934028541484193,0.7979523521823287,0.5449300598704625,0.190948643381153,0.31067644829589963,-0.13329309745195825,0.3754094513108385,0.24401294951637373,0.048921700541436124,0.1601783954962854,0.46432342834005463,0.1709292474152222,0.6137479116220003,0.701941530566475,0.8817894934968156,0.9190054052949885,0.7488326781782052,0.29209209478387277,0.3062525376958347,-0.3596916420673379,-0.20347836313187154,0.6060900812148777,0.9056868528241477,0.9183138011700492,0.7116788185260055,0.46877808741734245,0.23038067178341554,0.6125797982808473,0.6476438272906201,0.6708995386282346,0.8414483145637508,0.8425425108061355,0.43297876695427817,-0.30800481189055684,-0.2381194925097248,0.022134064719232027,0.45321320936831594,0.18037219399347873,0.6169958109808164,0.7314657461333511,0.8878545406170961,0.904074155889213,0.8111648183972298,0.9073840852842445,0.970251445863108,0.9740392033493755,0.8468191733168278,0.4833904401275437,0.1308387877968139,0.6650185241164829,0.746070288747177,0.39635308299839506,0.17190416500823955,-0.03321840595627778,-0.01742912727929424,0.08987830998569635,0.30306000232853564,0.12152908353694902,-0.04624094984485258,0.634199694823821,0.8886329926978623,0.8541985657738358,0.6926166340927914,0.5732155627753254,0.48982818487514784,-0.022035194563627396,0.10274845001827106,0.5021283178072907,0.1489304939340483
1.022363661811314,0.9620887685557273,0.7183737146323833,0.1514215332661743,0.0010154637904288034,0.6187964714927123,0.8225494364393074,0.815026019293635,0.5933372498076528,0.27172724593176995,0.4790617474695973,0.4300810729907124,0.1650524079170541,0.4709097468007892,0.8264114631408216,0.9667421214582546,0.892699049888835,0.646712880790124,0.618404661949007,0.658195774700902,0.28390141826598075,0.45256903734234194,0.5101761797866814,0.41305326128539255,0.06704527623214929,0.5527949026973065,0.6882100856629919,0.31480364398526656,0.45039654161907006,0.5096958250543088,0.6204649679527102,0.8427306157598758,0.9642794625281044,0.9327220223581961,0.678990618586784,0.19353679968759652,0.6007953023591146,0.7254624626037344,0.8949985569402792,0.9175876645039501,0.7336962262969926,0.34945828820491465,0.5368496216146098,0.5526186741891852,0.4210237219267548,0.15227618159701237,0.4155226937518766,0.42621841834100704,0.2872019543790073,0.7287534574216006,0.7957559294168015,0.6798275259618389,0.7003444269646508,0.8880125726977861,0.9707650852282714,0.8900621552679363,0.6333015946491874,0.4162067705772153,0.5497679948533746,0.8117050676749709,0.9353924850816441,0.8737323281782692,0.7077367975222386,0.5981887771635699,0.12818849461730125,0.3773548151194488,-0.022957722214393284,0.3541514497680043,0.4672995463606336,0.3455215731136843,0.04726497447729287,0.5628402783962517,0.6894672910462112,0.8955319438872222,0.95979227157891,0.8181445179278116,0.480323347167592,0.2815203998784767,-0.14976225373367266,0.3132151343071725,0.7773908324872868,0.9688257054963347,0.9626068187827314,0.695443508197866,0.10503522975012737,0.43705808272445396,0.6056088176339309,0.2191644403377363,0.17288985045070668,0.543447318900659,0.6308337700379487,0.0927867718892706,-0.1722087182092276,0.26496016812230716,0.52934680017359,0.589148045670482,0.2108251071131255,0.6803998056608509,0.8649745674959297,0.8955462700001944,0.7912525018495019,0.4527340380255344,0.796748683495296,0.9475280739087677,0.9800121594005403,0.8871084470585121,0.6420065219364853,0.20487765782345088,0.6745066278202089,0.6941150597002287,0.16294472393951828,0.05306401035000087,0.4019291510609817,0.48563099537152654,0.3633444855516004,-0.14204574397462533,-0.16363504700489778,0.21544825242757287,0.7282715221683,0.9385043415364074,0.9145054931370148,0.6914848654188253,0.13632009705970893,0.37704927898551727,0.4965402139230789,0.6274601519899621,0.6950650443797836,0.43030422055246736
0.9831230564479094,0.8933240109571184,0.6338262629855551,0.34369930441745733,-0.10635545517557396,0.4818774755669714,0.6574043468747349,0.6591331091749671,0.3228655349773077,0.5402832762976119,0.5264800217804283,-0.0631680489269549,-0.016521807727473466,-0.04657964588599576,0.660322364224163,0.90673329895416,0.7515791794709377,0.16525387275871936,0.41579306276529443,0.6526924080143867,0.5295036064617005,0.12056610155368198,-0.07155040299960408,-0.208179303229162,-0.32552387111430914,0.33808549265773297,0.6955676113022473,0.5043020845205172,0.008232250789587826,0.2701320752808946,0.43633170828245016,0.6469955478010277,0.8946662174221298,0.9567814895122703,0.8557811254176881,0.7260620598997083,0.8259230133226156,0.9051432994766244,0.9422532186707818,0.9035881464054706,0.6981392824120956,0.49956374430957984,0.10481515405386653,-0.009886359948797364,0.03876574453164147,0.32581530924881263,0.1624576643628901,0.32558781090287386,0.4281607310848089,0.7839946726145377,0.9163937785487841,0.8875129051392677,0.8781728268893639,0.9205228371234093,0.8874841686602962,0.6032025676068533,0.13498184648996842,0.040868058560831616,0.36277452574891,0.6352395795411105,0.8820244777849224,0.8818515988692385,0.7518378833755605,0.7719756683414941,0.6680679369381214,0.5350358114249555,-0.027372299398514554,0.4252058261776097,0.34103186665103685,-0.09880373849979825,0.16636824477032225,0.5146271545864941,0.386212005714794,0.8033235615105249,0.8672531531892332,0.5868369172234139,0.09377913505066378,-0.031857541408435365,0.14920670866010538,0.4688505891736291,0.8383217895306015,0.9880536521566445,0.9421226634447787,0.6546630076693651,0.012787885204262736,0.5161274655145016,0.7644834094885834,0.6772310201511925,0.5301804275625729,0.30002283298574434,0.6651040965441699,0.6274558032953998,0.5373708928135732,0.5934414696008505,0.7900379505595762,0.8414956390060331,0.7518958265928325,0.8788671442208441,0.9006105768505205,0.790828686021404,0.7902201258761704,0.7549835718419228,0.8931393261459718,0.9692138997632282,0.9353826269219931,0.8018657766941638,0.796002056106228,0.7333291771724566,0.8725245543511156,0.8524347991134549,0.6909681139412903,0.6377066146331233,0.7285548238605656,0.6503022614114413,0.5425214843890995,0.03610741864232417,0.2330647246133974,0.19445361071250272,0.7353108470536244,0.8939834402981279,0.771921867842793,0.5786568356381918,-0.0035680253591189952,0.10541056137852567,0.6492419377326711,0.8065651670051361,0.7183897091536922,0.21613157078200426
0.6295605353057129,0.4630684046409316,0.0670267464806675,0.3106967463934819,-0.0424228640401107,0.2661712090677095,0.18674160736696788,0.4842992494479726,0.6434981995455301,0.7809251202743157,0.5608912779503893,-0.29691640281916337,-0.36106195560626003,-0.1634491664528533,0.633538832283965,0.8952892847364392,0.707596096129141,-0.032052674102661285,-0.15071440399147246,0.3907975114319932,0.6480790509672634,0.5689331013613314,0.375273182719952,0.23465818586436732,-0.21622428489934886,0.062429687514039614,0.6552573307864553,0.5198540344645622,-0.3180308138030494,-0.5116177873529779,-0.4032873311775745,0.041087336794514866,0.7249808048437204,0.8821864844444717,0.7629074842013559,0.7766435237277719,0.7275221916893543,0.8280894622722267,0.7693908247081072,0.7066357641229354,0.35323960632262336,0.5909587719195422,0.5669470527384185,0.581687596709486,0.6473468041606811,0.7145975326265679,0.4114216296566707,-0.15146552875056402,0.03585435381352928,0.7009649516735391,0.8759261364458755,0.7397902445494885,0.6594643923542161,0.6777491866225489,0.693123063392637,0.32952044204243935,0.46281846552962075,0.3278577175204576,-0.1493164839059434,0.04895329266035317,0.6216715122092225,0.5730258560678757,0.26035660740407973,0.5661322360358106,0.7615427193794546,0.6559554048765098,0.15049549785400482,0.4320376137879886,0.017383043318247228,-0.23850027243309638,-0.013728206256023702,0.5859408336802845,0.7093046262599693,0.8643270860876118,0.7902029964309433,0.36225987552184946,0.46049904703252553,0.3537567397194209,0.026710404992608027,0.1755748431788412,0.7217145938104575,0.8654777770926569,0.7663136885545909,0.5924984392407145,0.06692292509046284,0.42854960077095944,0.7689434455693774,0.8605141135840141,0.7492647655429127,0.5826570356218255,0.8087409410214632,0.8559235669431492,0.7051325210123416,0.4132365601762043,0.79344235223916,0.8946733766102897,0.8961674217200731,0.9281861793089293,0.8138722173201645,0.38304343167033184,0.5404583472932877,0.7460473586586576,0.9174090685766635,0.9511519330406801,0.8046727885889764,0.4541036391284945,0.7526089022298812,0.8538166806718981,0.8967882907498836,0.7996498993664469,0.7910592610445171,0.7014428799273504,0.7046794502006761,0.4089426818243145,0.684369097366618,0.653926095797347,0.7246500407938355,0.7380489535077842,0.8753053636497927,0.8116607322679354,0.38989679719950804,0.49054090070130896,0.4818939524347037,0.6035808714311248,0.7943359675610702,0.744911011527908,0.7911756028081957,0.7174156769069867
-0.06500398175418626,-0.13341851606592967,-0.0835483777737101,0.44332883115359006,0.42428061286411006,0.18030640230047812,0.3688304816403817,0.2808173761656031,0.7227494714139527,0.844119119303132,0.5953566094445919,-0.2013036473631545,0.09830471929367515,0.3112574269063292,0.7366775628762051,0.9072702286368167,0.8401933693456266,0.43763972577070603,-0.10386913567321969,0.02805584917153385,0.4660592546554161,0.5785307225025103,0.28942273926699474,0.47590009551477036,0.35337381877133145,0.5872221627794227,0.8177441527209106,0.6095809535760996,-0.1951728181394449,-0.48300565100807935,-0.30922780028829744,0.40499448291250656,0.8079768412558925,0.7386737154748177,0.18922007545585035,0.39113706577775076,0.12398532234135329,0.5052771757929547,0.2621240370670599,0.42783843279476175,0.3860549007128423,0.49254458997501155,0.5948846510581307,0.7908987967275786,0.8718634390228669,0.8218957812119542,0.38940696850532663,-0.19233750381953907,0.3659433734564014,0.7861528416731071,0.7297642930432177,0.18392800781362711,0.02488941582041396,0.16699790527316055,0.6582548775738497,0.7249456764924079,0.7526336707697984,0.5111524890502402,-0.1884591830088462,0.15889979902896356,0.5058839591607017,0.15572013030970672,0.1833014530139597,0.20807205728693068,0.7257705460492576,0.8410468208639378,0.7366567950944231,0.7855942514540148,0.6500466174471075,0.5530577611676571,0.6009629330373487,0.7668333596445562,0.7389587736963669,0.8495640609592944,0.8790810617770578,0.782929917540744,0.7676388047747043,0.6116987734117388,0.5560219096498481,0.595975563898362,0.569297135063893,0.4769598934143275,0.2374940320740406,0.4310535579122502,0.31692084364263734,0.014500002821740288,0.47636028593798835,0.6999072905120941,0.5507963442012922,0.27777990680666853,0.7127743747907849,0.8147081678610312,0.7085653362895971,0.7243916568913148,0.8229758348187772,0.6952420762621893,0.7113285521338605,0.8759367058187066,0.8554568779296302,0.5300349103460286,0.0560278683318438,0.46921866869855483,0.8179466422132984,0.8548913939300068,0.6785867107831748,0.6034015402383998,0.6128780902570031,0.6406756208412755,0.7014563199433872,0.3732952855323504,0.5708509638642255,0.3727394065823387,0.7171624052479156,0.7676891613362457,0.8774821916424482,0.8798508083715946,0.9252723009717496,0.9409086542376746,0.9374171402928693,0.8829096480793671,0.6231544666592322,0.21171588992953594,0.3812784695289979,0.5474215163074847,0.6119906185326573,0.1888086280875496,0.5346676497463999,0.7446315394236018
0.419050868558557,0.3486662864592443,0.46522336678825815,0.6165868387377459,0.7339010076784662,0.6798930833600728,0.7463943858928959,0.7435361482894511,0.838866812104886,0.753970551268619,0.538916920296493,-0.1987604524015818,0.0661836991790355,0.03530919158133664,0.4606480771066672,0.6556899315464348,0.8410097095209017,0.7935391425173967,0.6031985862595072,0.48379653594136174,0.21007751748719483,0.4762304991504154,0.5447366521724243,0.4593080403026357,0.24612957208823646,0.712045060033355,0.8722640185638674,0.691480300442235,0.42276158632122063,0.2503731556950467,0.433923452680009,0.7766379208391214,0.8793881870292155,0.6214177171734874,-0.10636518020670176,0.11106169160236283,0.0019389100284925116,0.4770670296201129,0.2969817474411872,-0.05121775306208002,-0.1231697620040938,-0.06450302687170796,0.11969733824468877,0.6531749315791447,0.7403066465462733,0.6804757189283475,0.06493019342990507,-0.1346093952441884,0.5208478146236273,0.7913355808480363,0.6040744235340159,0.3954406458592002,0.49024527926310724,0.6427811179270867,0.8160539779937865,0.8187560379984757,0.7243799673948351,0.5619783414835734,-0.07551699931267586,0.028516317040309713,0.48942060251213426,0.26022155741006414,0.06949876471247313,0.5168486100413124,0.8439119614893597,0.914211993287784,0.8981857998260051,0.940155162378409,0.9156638151464075,0.837165306968967,0.711742610646056,0.7010705100936263,0.36261121870277685,0.6139965313195367,0.8231350659125263,0.8876087235027561,0.7537414188689787,0.30922613291151824,0.49615565160851827,0.5020997043918927,-0.09422741158010454,-0.20676921635012846,0.1832755574045644,0.1568369595485226,0.37337584773656957,-0.05685282204663217,0.02249326878125491,0.32709621005868633,0.11897216724983826,0.24955039587089542,0.4587327546099963,0.4847989639382627,0.3280483213475867,0.7118291965365049,0.6451488583084254,0.012928254149827414,0.1329384935261919,0.7258649855193495,0.8696053758640906,0.6269881198847408,-0.006764361480865997,0.1132127002489992,0.6188658037179962,0.48508559615726304,-0.019439312375751548,0.13200572863414403,-0.08891362950374507,-0.043841029619944856,0.5017208188475403,0.45622264095389764,0.49749058398759705,0.6191290304799022,0.8455426378474075,0.9247037701565024,0.9129776487097564,0.8127244826441352,0.9111219439176641,0.9057685340525848,0.7871384658294228,0.8690307587806128,0.7380900395657338,0.23731532410665235,-0.23095358420855064,-0.02714004693397642,0.39976583153156126,-0.005296395846695829,0.020635192528440337,0.3316882037371021
0.29036912853113744,0.14670169916948533,0.469547296188251,0.35746782798879967,0.7044539243031975,0.7168481994809262,0.8504753908360204,0.8897559292106052,0.8043061974807381,0.42025217538696186,0.4735508885648555,-0.1168048048563147,-0.13374508895457116,0.05130464966079467,-0.08313440312299299,-0.005730772839479807,0.666604713846165,0.8926880063138739,0.8633605632006485,0.7310274654656431,0.393152543850835,0.20379626135578321,0.5002967512367602,0.26747136720603076,0.5464851355303588,0.8217978319418079,0.7983194358263525,0.3120717662015611,0.31520837754965375,0.09860697228952574,0.4503226609539911,0.7563623217608172,0.6852535451012913,0.4010663501872651,-0.1650115484329216,-0.06650225117637165,0.3785765714328145,0.574151192400639,0.1374565176364541,0.20431993334539147,0.40612539447707585,0.47753325126207335,0.4577360158246344,0.624217079266783,0.4115796307017466,0.632781192795404,0.35915724775970354,0.26111282982556805,0.5033788550444039,0.5641587187103306,-0.0012872220524206123,0.05081495771179907,0.6101505262992354,0.7860426687285204,0.6757565926183174,0.5033490667951825,0.3120846346933749,0.6457333497267991,0.5992508356782607,0.6248751943953984,0.5793082207923129,0.06578424353896857,0.4323865847508614,0.7684925591906535,0.874095294133745,0.7467927872070754,0.7319036384218318,0.8844759093677106,0.9062493393597576,0.7937688458991692,0.4464854510028954,0.6900130909476634,0.5386805775513954,0.2713365408248979,0.5641725003640223,0.7746721860737771,0.6049407948246529,0.307875940584434,0.17373723957077125,0.4164931789906035,-0.1316234513424354,-0.22047840001387056,0.2800787980313682,0.5729477237960071,0.741226736464359,0.6011020129388002,0.45097047088732606,0.18221936577235276,0.23318479844892095,-0.24577156171845765,-0.20824766268961506,-0.005082957804826172,0.5316830780362958,0.8067190265679977,0.5748661830091415,-0.12222353205688488,0.3768518888167252,0.8111637540635231,0.9462101534555507,0.8643084158410447,0.6572504690094142,0.6447842910907157,0.608419924005598,0.0032596158355610843,-0.5117154964197022,-0.5187684559136722,-0.15963671910568733,-0.11297927378346222,0.36214724689242284,0.011746130275381851,-0.14121816973135803,0.37853238426077257,0.7689710105668649,0.9129435914636704,0.8107200781592119,0.43420046270565305,0.7515474455052183,0.6933032244879619,0.2612435297872759,0.6797690232717575,0.5959456074529734,-0.22539298675082634,-0.5239522058623385,0.06656975068010619,0.5481814949976909,0.48481751065020895,0.1516067112724428,-0.30886500416375584
-0.3150225615410891,0.277421020801564,0.538644493856172,0.6628559410037022,0.7157108677184403,0.43887998029121406,0.8059986372753117,0.9304184229839753,0.8854562158042447,0.7838556104004852,0.787406626819818,0.5989786411918673,0.4436567506938438,0.07918717130467125,0.19224241139144818,0.05369219361863086,0.676247086830215,0.8622656584811376,0.7411491937884279,0.6687522312568673,0.28127112216158817,0.5519695800449729,0.7492279407360026,0.6794788690893214,0.6751234211831348,0.8278930944075094,0.7870630436646905,0.41105545430055185,0.11248880288963632,0.26119011844196255,0.04643971854324059,0.43826005800371715,0.1597108380832545,0.09374273699832887,0.36800305686322604,0.5101070304595564,0.610023327720402,0.6671297941901616,0.2861539004072542,-0.0364909930709582,0.49191651728776875,0.626399727933601,0.34943370424426107,0.6684573786719799,0.713041989154302,0.6636184464170423,0.11153942810512092,-0.05687689707036305,0.09949824549548833,0.44229805284753543,0.07762963136884381,0.4724559981763606,0.7856619972983918,0.7419104884212812,0.1577719887615983,-0.09264401673679512,0.42815128869929425,0.7951205475551288,0.8927920727473708,0.8851471237985657,0.7058368088892961,0.20073629399524795,0.6118136978158308,0.8493225076788801,0.7690358918816161,0.2702064326626933,0.24214329920894195,0.6872340856143678,0.7389924651328104,0.7964865916574342,0.7634095828554951,0.7688338721802044,0.57390669864079,0.40655654212967557,0.06783137165894872,0.4092207453241847,0.013612849563156436,-0.14034990269350012,0.3756766368514244,0.684358965914841,0.571724240127422,0.42885303718558293,0.26524302927162213,0.6976958261806654,0.8840961752410824,0.8073353114080463,0.650942391639517,0.6211401146806885,0.4608599506020412,-0.22650496536965392,-0.013616910721150064,0.2434414142084342,0.7052175598249069,0.8088660076059012,0.3919218761994181,-0.17215360001201546,0.4927638624746614,0.8345091477218483,0.9385837118109266,0.9618692912138471,0.9201613749395624,0.8537747138981,0.6617205762550746,0.3431303159234842,-0.3774399459158349,-0.6173817544970044,-0.2521514510688284,0.30703787483862877,0.4468061872840432,0.25113894951322424,-0.32578959638042443,-0.08774599385274592,0.5063626552149273,0.8337924345324742,0.8200947321279258,0.6151959656362389,0.7635616919039798,0.6755911420287583,0.2352298165991691,0.6354302410001749,0.5775195018067117,-0.23899975583618258,-0.6242103490114893,-0.22541465419766019,0.4204447536539306,0.5365136491794905,-0.045775732768431915,-0.3659363280156114
-0.5040329503817752,0.23801212748240935,0.2597147273800258,0.6874361382702568,0.8399171760783339,0.8092249588503088,0.923565268524216,0.9188128286291128,0.7731168462245253,0.8607560582434218,0.9282951854099085,0.8765564956364348,0.7602657760688294,0.46406929156593385,0.45128783256560306,0.584599774149728,0.8157404608599538,0.7279210987481637,0.24882114801937769,0.6200050440344512,0.6945944010384201,0.8437758588400602,0.8948999731729498,0.7236617758054349,0.3458958786035255,0.576682652272562,0.6482608680136299,0.27937453939609014,0.4965783091395466,0.509157988552632,0.05361309274309827,0.3834175649741139,0.5418898636518104,0.6375673577362793,0.757677835445731,0.7160077526230471,0.38971873062031076,0.5179717723288253,0.03754708148891231,-0.09302112477573025,0.42923705360312775,0.7039094040815306,0.679947483834485,0.7052642250427303,0.840625075769804,0.8526311392461473,0.6499272666614221,0.5950091783664243,0.6702772641617464,0.7707950093017968,0.6714264014187361,0.8189909675102502,0.9384905974245799,0.8635898348007507,0.4498343003935358,-0.1071841717379972,0.49146988922410856,0.8567324661858922,0.9845380532770414,0.9852113371842454,0.8645429624667785,0.6693490276235149,0.696571859753246,0.8685826514743237,0.8460469748447829,0.6953569415471337,0.6718407041126586,0.6910775105682316,0.354505894195799,0.5907061757133997,0.7176288937763159,0.5031737050053051,0.023210494350958476,0.21986628662913527,-0.18445256906850974,0.18419861985023103,0.10712193234518634,-0.1176307072426985,0.36682909172974437,0.7802348751915947,0.8718932129867306,0.8013136583391263,0.6970383969157388,0.7225887097420979,0.8069449870816345,0.6007677395218878,0.3120575188300723,0.6718203574621033,0.597993584787238,-0.11007779514376914,-0.30358030466408276,-0.16262257669213853,0.5807879620023242,0.6164549281607231,-0.08252958770546343,-0.16070123069369888,0.49719989080583027,0.6179520918953726,0.71266124899707,0.8874394255239999,0.9070363855605723,0.7995578500036407,0.4299771514715387,0.5835995885246186,0.2924903980059229,-0.09569898211231644,0.36145225339263154,0.5200618988846495,0.129575963561352,0.3295061787873213,-0.07170801585177233,0.20917397437737753,0.2537032869940546,0.7345037396021967,0.7455633723805791,0.40136062404715833,0.755052679011035,0.8249108291514441,0.6804250673670235,0.6944687960082755,0.7321047817370969,0.3160685194853769,-0.3478371460903129,0.08431208348703795,0.2235171198713729,0.6015053111862017,0.4066826938734925,0.4183600812806243
-0.29071743859482896,0.39147144437019565,0.4470566127264135,0.5877531498774335,0.8003772578796525,0.8811886265651142,0.9026637736648793,0.7330058030939665,0.2285091517406564,0.6947772751351798,0.8669960324589229,0.7859411005581206,0.6904344169084161,0.18595110978208032,0.1820578874533503,0.687335807274947,0.8687179780149064,0.7226372153975519,0.24975096246221204,0.6775330719578977,0.8441503821948945,0.9413955039138447,0.9072443963133491,0.6988689152827197,0.5206799879480541,0.2789869298588227,0.6586104182395778,0.7147711505481441,0.8179873646900633,0.7320207257277728,0.34744987162032603,0.19931092784902354,0.6683498705535089,0.8635852920573159,0.938530858068772,0.9098677177984376,0.7462603839209758,0.6309885274021397,0.5069917443805865,0.38043796305220723,0.21198126049211646,0.5290587716421226,0.6350368787225545,0.4027830392188979,0.7590646333915431,0.842760896067597,0.6994697855356795,0.8134354193171998,0.8976291966084005,0.8472123838471504,0.7068561715245326,0.8698380461566246,0.9765918345283063,0.9377842432258903,0.658045307377325,0.06921773111422397,0.42256032600915544,0.7866897884929361,0.9557193927434169,0.9413044427030777,0.7801948217495164,0.6749937707158726,0.37626077116069023,0.7156146008140778,0.7468427191634779,0.8390419803805318,0.8798910920719534,0.8129766562136728,0.595768581094801,0.3157334684180538,0.5032944639214987,0.005918188653614701,-0.3585373350211508,-0.02684318363851555,-0.3082573676925181,-0.19255627504997702,-0.06941496088125608,0.16504226220716237,0.017781846012914677,0.6623414866236004,0.8578655538605678,0.7640859575793709,0.6991687954333567,0.3991127119929665,0.6021578392156447,0.25580089619838925,0.407543712235256,0.7344734968205515,0.819068294025654,0.5308950489390312,0.17618246142732574,-0.0020654421683319667,0.6128750770000285,0.6393352292553357,0.10853780028022109,0.390618505278757,0.5047439980990938,0.01455315847711423,0.14072424583381848,0.6600410161580722,0.7403257459821341,0.8278459258287377,0.7823985541149897,0.8003757105903746,0.6136542209092936,0.5751722101340647,0.7522295697442437,0.6889227071851972,0.2426940486864526,0.5901610667104736,0.5588998111717953,0.5382657536519037,0.6309862934573386,0.8482096489612534,0.8845081959377482,0.7941024273278877,0.8643810767538816,0.8664845417790082,0.7415984095860536,0.4517495228648215,0.7386583396053669,0.48064186559071426,-0.24432434528744307,0.21924662521304802,0.5701960328851936,0.6201328010140321,0.14650672263808345,0.5622566969888204
0.26993592945858,0.48943123521168425,0.07436701826779032,-0.06382992777187292,0.3872336922960645,0.5679542562071376,0.6052605365018676,0.5236272418989509,0.010873976384337921,0.5821115059349744,0.7051078774209562,0.40048903667271385,0.6562283162027568,0.6080558446882477,0.6732434061464171,0.87292416864395,0.9534396543057829,0.8900869601700707,0.7123995190087947,0.7605032352346858,0.7622581943854654,0.8787341646221603,0.8051828397886911,0.41449069061395877,0.5927965710915029,0.5250486963899177,0.7719670310204098,0.8937955281340023,0.9256951654296892,0.7655204582738716,0.29939205283712284,0.5581747904129155,0.8401060355455651,0.9639942710660167,1.0055952649057525,0.9697889045824702,0.756268098347974,0.293081655761904,0.4281208607021784,0.46783909925263134,0.466253482210159,0.31306438963993743,0.6768274035236514,0.682597720983986,0.685732564417121,0.6273559884528206,0.1830551093483657,0.6785585405934469,0.8175985329276969,0.5457261379868583,0.16387759244230973,0.6897381716363359,0.9075433816902029,0.9688531749088721,0.8423608764955149,0.4293517856327359,0.0205634271862583,0.4745928266623117,0.7774568558164814,0.7869319323388243,0.4362599055630588,0.6114336338355104,0.5056707197946977,0.5927883758309708,0.38483629048134027,0.7464536243264414,0.8527119964227966,0.7666118000865927,0.7761335609446564,0.6883006523774672,0.5787411765651491,0.24561655591461543,-0.4359225418693773,-0.29408524107128786,0.09477143730964373,0.4376500262565573,0.5694035270833702,0.4703451728364399,-0.010846118542151038,0.584840166359302,0.710221696297912,0.4282041452409577,0.6867923405313205,0.7001315689898688,0.776160155405884,0.5697538869175152,0.20602406624907046,0.5368244481062054,0.8059812335056036,0.7076476092570207,0.26646528250541135,0.5290201869647807,0.8281369313120184,0.8605155752632292,0.7055951549446838,0.7612727838805448,0.6161496742193193,0.11542162446138257,0.45469946198579736,0.6443342467036801,0.41616483844802205,0.7828811441706114,0.8892780521900654,0.7866960380748008,0.3317946725753583,0.5531247709025182,0.8295126633427079,0.8820967777869634,0.7742478638171384,0.8183747786674753,0.7196072026008421,0.3204903654648663,0.5258144268844077,0.8230947223438848,0.936835079207751,0.882740231417836,0.7340314616721295,0.7103112822982978,0.8082806764296354,0.7897487273377403,0.7676242319680466,0.36143235666674595,-0.3431958104049939,-0.030426854460993535,0.6189565227184124,0.6081223069584696,0.06204959163844464,0.5707828436162069
0.13815321610119205,0.595400880138802,0.42919174441691865,-0.1028074925599064,-0.13187722827902237,-0.1232317716128393,-0.0856906839351382,0.3323183137572143,0.04793869575802275,0.5268241298201801,0.5686043832203415,0.44513490564391256,0.5175024402877145,0.6009606145970323,0.8080342571749088,0.9462241352509088,0.9862764194064723,0.9119274540258847,0.6502071843034689,0.46784033717676504,0.31335942781493975,0.7619706854105841,0.8642791362230765,0.7246980334103363,0.6682691661072145,0.36043239285427675,0.7620458893455844,0.9335647742759156,0.970805428682793,0.9084452118253064,0.7648410968163821,0.8248328546986968,0.9366542168547642,0.9693792065200774,0.9708983708535077,0.9179544569620219,0.6283653973828525,0.26023033707365667,-0.008842904405397164,0.0882486311324771,0.5864029864068392,0.7162786126078492,0.8398670110759184,0.7531466501354364,0.37701618544414245,0.4413455179097154,-0.02212040540454126,0.5765188818703482,0.6636833126459353,0.1194741365681738,-0.011721901899942426,0.5433640953912698,0.7292167237569673,0.9055788845212809,0.8423793396762457,0.43451171769798264,-0.11011668391241884,0.01762364740206635,0.5166866432134365,0.7743735688698106,0.6759265829399399,0.4667047553005076,0.16627222408879774,0.44770152965536875,0.5745619970730643,0.6565512929952474,0.7066618563210917,0.43745650314846896,0.7644351142857854,0.7370226558838587,0.2571827646377394,0.08412026330147428,-0.4762651027069405,-0.14268792485024168,0.020279349364568357,0.650471457442086,0.8333566414095301,0.67851130134266,0.19467936980002717,0.6045250276193451,0.6280212920764692,0.6236933132634499,0.6158317164979754,0.6713762554033228,0.8428490586550919,0.707960686190329,0.267484658417667,0.004372763661123216,0.6170367138978629,0.8164716256299922,0.7354733697341643,0.8523730698818415,0.9574809806652953,0.9229800819293025,0.7790682230605788,0.8052477103898901,0.6774034439615851,0.6334125321386228,0.7947249220844869,0.8492445275792332,0.7684060421292144,0.8964770798614824,0.9211235521129564,0.7758876582787282,0.4045683736280446,0.2316719707650264,0.7449532502017785,0.9038026075921308,0.8746018392399412,0.7585547391018657,0.7718436795771625,0.5145812453869625,0.14380072720221576,0.6895910590369044,0.8944907361883123,0.7357376117234805,0.2146942622160335,0.21687497785730425,0.6906113617165941,0.7959692235783298,0.5640410532766551,0.02462884743518883,-0.19350695917600055,0.37221027593673894,0.7401341539013134,0.6947037252692281,0.22036035207389942,0.6140140492705902
0.6816005625545972,0.8468756057516749,0.7904157497787981,0.6224740482750676,0.5364750184034607,0.36302621849078126,0.0684861410566844,0.48332548661896607,0.3588737640233693,0.3278401715959695,0.023911764146085174,-0.11676635806639575,-0.06575138564915994,0.15711884396416873,0.7354607845245439,0.9437971866019877,0.9728462591033599,0.7802661456500533,0.11892165668691872,-0.09495687256205776,0.4388719119740974,0.8191631512623966,0.8734346214433775,0.7134991489104783,0.7760415038174089,0.7525491543334909,0.8976938889432616,0.9746239994866348,0.9968561056101951,0.9804777876991685,0.8839132810507968,0.7480669741771026,0.7920847010772026,0.7096939704470674,0.6748712876189433,0.6635219481096447,0.12184841322763441,-0.153288490926814,0.20173949629617613,0.3830515003842012,0.7461690933831922,0.902781340479481,0.9608754039499371,0.909711394243912,0.7237145078047719,0.5869600665842316,0.15882000483942701,0.6616465915835247,0.7587836862568123,0.4770213932807568,0.40848336243637706,0.425031805056127,0.3220202432348222,0.7614553087447754,0.756593281361746,0.30638814857964275,0.4037511326153427,0.43168472030962546,0.3195540348227071,0.6988424702923937,0.6251603414092978,0.08857539449371685,0.2786709319878552,0.1981160787931484,0.5228674065647713,0.3577017056465143,0.6776199255563246,0.7218433263019817,0.8470494645609322,0.7574609115026556,0.2746497961028838,-0.3924247304214228,-0.6652765231188927,-0.3611807570274384,0.22776844964034898,0.7605171427658421,0.9393110704912644,0.9033638752668122,0.7176048199753723,0.6002929259787582,0.1519333260568609,0.39000323824327604,0.09535935522357726,0.1710918127974486,0.5966748224301822,0.3664848523113298,-0.31122296774898495,-0.4051264441839794,0.32376629138240204,0.6888603402042711,0.730322761958038,0.8929193731242459,0.9254552904783043,0.7886737824302965,0.42130868761324847,0.6280067279204592,0.38209867790785546,0.7123629425310707,0.8870970431783144,0.8598774647722165,0.7508408537270399,0.8291751532449155,0.6919304790351427,0.45761951145908636,0.09249823462241329,0.3412965052658786,0.6956547818392556,0.7024073034582224,0.6448001646677439,0.23829125326232906,0.6432917785522448,0.5903706354720117,0.16112602897847175,0.6857127926556104,0.8346458051398461,0.5981511806461219,0.39796663009622063,0.5090106826818604,0.6401990872517099,0.6922044679079455,0.2906947729050615,0.3490482565164582,0.23219093942634275,0.39847114840445963,0.6338154117618806,0.7854367323604385,0.6329242813570524,0.601693669901274
0.6802090343294173,0.7950446724751729,0.7711332049342862,0.8537437940290096,0.8077422944915247,0.609330640998726,0.5975725862322149,0.6199363751031052,0.08162712460084924,-0.14929009029393686,0.20289107389964536,0.27492464008342055,0.43464425847711996,0.604175630798416,0.8654507781122844,0.982338587131183,0.992309217193854,0.8151570149179158,0.3097377783502893,-0.040152604350133375,0.5744373933711181,0.8553024380660155,0.7365245988698506,0.2596182382856175,0.6778305378246241,0.8449215394293292,0.94162804872989,0.9650002348552811,0.9965585852376124,0.9640891131057775,0.7100125112017955,0.1270806123211969,0.2722351197087604,-0.0003696710234193693,-0.009412780989152535,0.526805140992251,0.42872050473860635,-0.033397574578222976,0.19084434498517172,0.18588731316259818,0.7427935882726796,0.9433419573106303,0.9655571620970554,0.9169703522401335,0.7480780114394042,0.7458566464726825,0.6983511156998422,0.8173849477106834,0.7534009624819051,0.26748143334389096,0.30735440130076547,0.15681263776711646,0.5286991928210146,0.8243585346486451,0.8546510943642822,0.7638242486522412,0.8070943349633415,0.7787304845651025,0.6594236774348442,0.632250359493313,0.5962832317943249,0.17266725030252497,0.5591331939721708,0.6862584303632552,0.7966472383711818,0.6706621568245271,0.5688157235435113,0.5267033979671133,0.5618791427520119,0.45002442930462894,-0.05699283760438282,-0.3841164750074232,-0.4392467566616601,-0.07069765410818932,0.10956029976742519,0.7387058711899472,0.9578922362661232,0.9785587392190175,0.8433943761765403,0.5144921742881933,0.0411489841886715,0.2805542405518086,0.2548551826940054,0.26454248437597777,0.228351365556845,-0.28645248040135274,-0.5307716667300417,-0.465101283527102,-0.09887035196052181,0.33476959871246864,0.3084187420790182,0.6914449956432148,0.6810152928217182,0.6105784235786949,0.6796135618015965,0.7935585960320498,0.6823375216601887,0.6986482095708956,0.7862051714551868,0.6014038818901555,0.3311558342512211,0.5504443803657598,0.0746094137315366,-0.13953120143933703,0.19994616790035014,0.15218198189189153,0.44506929301334,0.12669097806667715,0.41661865707331525,0.16543981228798793,0.6612019668307071,0.7269017503721119,0.5395887567084179,0.7560846656348014,0.6566836530373718,0.01335380476610555,0.014049165684002036,0.45043337540842626,0.35401493340043094,0.638553467137405,0.401758804834527,0.20649511871758205,-0.32410325591950717,-0.345377059123692,0.050753527425152774,0.597795681938895,0.4878970019394637,0.12300297326286523
0.053161347022965315,0.3209866717049777,0.2757714272828996,0.7283435151454332,0.6711868036718065,0.21604327043215052,0.6277379846380748,0.7700008818938624,0.4300948869729612,-0.20089672361675942,0.09825197762736347,0.05728719045174711,0.38580665222313937,0.5606035874641718,0.8480381895787239,0.9885018942519264,0.9851894511607534,0.7480172350715525,0.1479986612455259,0.274168483377244,0.7235001473710614,0.8861577309749271,0.7060972030683808,0.22372693472456356,0.6017934293574093,0.7069532584024371,0.7981873633667503,0.7814126124756056,0.8828172031707323,0.8561881225855821,0.5034662855396745,-0.07651368087443923,-0.060900704673578186,0.1747441939251774,0.045769446138215084,0.6025094768082038,0.7248258942500228,0.508879708221218,0.209461758529191,0.5300432934192026,0.8378755759892036,0.8796502485742127,0.7898942842974277,0.7295200508688867,0.3234703656117507,0.5644253866868851,0.7381427799736745,0.725240543420785,0.7861135572623846,0.5705547428593544,0.23534373534701564,0.4735128257040461,0.6068720133133767,0.7581560135467539,0.755134997863924,0.8637242978109902,0.8830161484721566,0.6757591902163446,0.38643426922573043,0.07029993783954244,0.5375631457672415,0.6482671595802595,0.8141261814288219,0.9049429740653401,0.8568597350178828,0.4673064842505274,-0.19329897678119673,-0.3495408227510056,-0.15849603636699064,0.038489717332761506,0.3735307773728698,0.42000095667732773,0.30944151815680954,0.11826251043494879,0.5348630814154227,0.8598439771081432,0.9804860540612013,0.9780286982696206,0.795653524353813,0.27261589940481057,0.2888059405715703,-0.005277399409197479,-0.1345241177218664,-0.2339880876267386,-0.378670872031917,-0.3813993629696953,-0.045052083837370846,0.2872018105174498,0.4040657688027186,0.21557903922054225,0.4792562589347541,0.4307716591135928,0.03755770795145117,-0.043667765925124134,0.5803539605576765,0.7419850090569733,0.5546245502803069,0.30624896728043666,0.5722374150237329,0.32006440140461967,0.5702842624179455,0.6158502622368908,0.25623807957179257,-0.027945960006380673,0.4880790577323443,0.5626518184252092,0.42067935243358007,0.09409112194101185,0.5543929146361969,0.6645673924358444,0.8289491450357156,0.753197583455419,0.3910997783017036,0.7253043856605269,0.6568233934582902,0.1258674366295614,0.4189099029313197,0.6819786919907114,0.7160232557265355,0.6079892214777644,-0.07194752339394413,-0.2628937366541062,-0.4208143886361171,-0.2677302276951429,0.376012499465279,0.6337578543425465,0.3099169463944208,0.4268101820564751
0.017777557095544655,-0.17989227634389152,0.26068912095610536,0.6398095435322506,0.4490680560064699,0.022347818765051174,0.48584123062635737,0.7754398276425372,0.5698047069592742,-0.08057821828017672,-0.03569254964620373,0.2571940883172407,-0.044503965105213615,-0.06130022575160187,0.648154390785782,0.9307007716696793,0.8930187933010196,0.6099789445971404,0.26688568112565897,0.15419086267208718,0.7096976345583008,0.8308028726899281,0.6880480654668968,0.5602929943625211,0.48026101581883907,0.21158180338114163,0.3426313503197931,0.21348643951837645,0.552989006364957,0.6671234626077996,0.302356057609595,0.44795483337450254,0.5068102957390224,0.46772144660196585,0.480995186971361,0.6145390640288698,0.8312579747761714,0.8222676079901519,0.6543973737869099,0.6556457548258204,0.7650946864882504,0.577261921913171,0.32991372180341266,0.5908089777550517,0.3601003526662633,0.17796440174421338,0.4801004342510865,0.21489929681468625,0.6822060452081445,0.7682890067499605,0.698717670682142,0.6606759783325452,0.298976505275095,0.4114912708292189,0.2792301439316715,0.7304402007905784,0.7391150044902184,0.12370895750067865,-0.3190247075383043,-0.24394122883387004,0.37254635569599887,0.6653019559203612,0.7438240598245959,0.8811744520231943,0.7577763587750709,0.10537908793097985,-0.3054205949457486,-0.2727354557812342,0.25911056426840606,0.48204339994274253,0.601420658839872,0.7085470299621899,0.6155612575781501,0.6538085060794516,0.8332426720310351,0.9544127589160504,1.001084202693556,0.9900375595290678,0.8558205072095615,0.5846405807608351,0.6633929722121975,0.6243890862187769,0.5551057590689508,0.37928644305146264,-0.05927752324292049,0.06884039116246465,-0.06848273943298502,0.545461172318114,0.6798475448335073,0.49456090656002594,0.46934276952922666,0.02430493189943631,0.13033340785467804,-0.16419593867383203,0.42967807657390067,0.49197086036094945,0.24557189817490097,0.5259073534080398,0.7482154162178626,0.7453148942035024,0.7585590216658219,0.5328616049908478,0.16917095241353167,0.47387200487415765,0.7632633918609749,0.7060907555860562,0.27948528694008257,0.5154371105341664,0.7970743798526396,0.9016316082894809,0.950074534508848,0.9055703605736145,0.8020970784900805,0.888671731470471,0.8637973189569904,0.6550552784426343,0.5643563196314018,0.6185656224714026,0.7788060577192216,0.6734209979625042,0.12122915974383225,0.3572859288593762,0.44670558807569655,0.5710908525432123,0.8042282061837378,0.8756679183923062,0.7113263361260326,0.5732313680015243
-0.36025188187209023,-0.3390428087021916,-0.01658876497822288,0.42621326217782385,-0.041254299983360596,0.007516017027240004,0.14382389372294388,0.6649894050406148,0.6410734983868728,0.572662010892763,0.6217769678231316,0.5852659117290492,0.17227050353119658,-0.18918886068310733,0.5257247352278444,0.7948304568031722,0.592174062476267,0.1185205319125534,0.042581434713837685,0.4838915572059728,0.7430826712064388,0.6014311852896026,0.26474294290691014,0.46110002693041074,0.20983988153246347,0.28445449254124944,-0.043668745359316405,0.25874475839491806,0.21767451345522437,0.6227412698530093,0.6777732479576265,0.7792348590983206,0.6458896674800734,0.0778563388957614,0.18071160592310473,0.06285123094336438,0.6767669581989203,0.8073955606679102,0.5756107361910074,0.30127288207624453,0.4972957039436232,0.11062138557209003,0.4694667305279586,0.6014801295079892,0.15775785768220116,0.2647843884362372,0.4255355815165143,0.13477219787343742,0.6240609915373304,0.7167375714186812,0.8108652333918162,0.8143063997214535,0.554741873776555,0.16716491169022182,0.3422621793173213,0.7461294616769919,0.8176418022149922,0.42334368267774775,-0.23998294881763707,0.0928047558238989,0.09065066781707265,0.3647745484561229,0.3215287363546819,0.7696427457501633,0.8242443871969442,0.6546410330875033,0.5163086301428966,0.4573078424962916,0.4647601398696394,0.4325981058556737,0.2863306686527513,0.5915288396063582,0.38932675656609916,0.750635424375368,0.9271590264830509,0.9896323584485531,1.0118991974025906,0.9766734294340127,0.7728201348417074,0.3533484352662192,0.7030667021791409,0.8715123511552262,0.8985499655015657,0.7995015394011453,0.5737392438578354,0.34652185280826103,0.08847372003249293,0.5754124299961026,0.43661592737432653,-0.06933119949095587,0.12410579427858633,-0.03882924675866054,0.2894869794242982,-0.07365924538672824,0.2418273300090886,0.17428433256405676,0.47858805041268876,0.611587745996911,0.8048147832878271,0.8735870317135769,0.7729111747592285,0.35920713244697683,0.5562838007684785,0.7655963943737395,0.9048864075226906,0.8327798082700613,0.5925811733759155,0.7654681934769071,0.9165347455570133,0.9523869847621196,0.9806035364192155,0.9798264207185805,0.9527969068388584,0.9515250092708044,0.9249595838161693,0.6866737477133337,0.12887577084011412,0.026044430116991826,0.6449626679816883,0.8129507356967071,0.6983018124208266,0.7941898167950143,0.845607873076849,0.9059474658977051,0.9463525342448342,0.915993269063937,0.7358251970951966,0.2537176011659601
0.23266207615098214,0.37986595496216685,0.5441897950182444,0.5630564220875413,-0.11044394070908377,-0.2662054142880425,0.35276909379782756,0.6378857277933548,0.3783934300301334,0.7234519163071343,0.7903904185834094,0.5195317375644661,-0.03719612051064003,-0.17847992680259117,0.38879028325574194,0.63110086965343,0.3206214674130304,0.49335285678960805,0.6104274306476867,0.7835402743687833,0.7517733037423955,0.28740978726286526,0.3128294969043907,0.475042443622878,0.5759676193979314,0.5445588837789624,0.13140289569021749,0.4758471117473409,0.41920153615231076,0.48210193537906737,0.626169503530875,0.8204505794583841,0.6410613676159932,-0.06423501012936882,-0.19207073701880512,-0.05689559876923698,0.6298257641810167,0.7358341547344011,0.37227370903900714,0.5542757377343981,0.5455464793655551,0.17359751810008542,0.6394361584836641,0.7062760176109585,0.26139173988722025,-0.13469999972495908,0.19840347753929624,0.3259001521433256,0.5715731440479647,0.33725633094005575,0.605885146178518,0.7729205929287467,0.6040034489379497,0.35313550414900946,0.048710873604235046,0.6613284508576011,0.8591835063274855,0.6490732702024359,0.11226426440318807,0.4806127368563555,0.44618660991820946,0.23304165510459013,0.5753052125804562,0.7938184146077589,0.7698544509676646,0.8294495557537,0.7737640625118183,0.49633215565955174,0.0636202452580551,0.06394715131307621,0.522996957571491,0.7860803675268836,0.7856566336002809,0.885269625967894,0.9608761846382968,0.9715457364803781,0.998181742353926,0.9178163083460523,0.6255491274582158,0.4240535027715115,0.5640785135048907,0.8185853384925684,0.8985355504330692,0.776574267455823,0.6648773246027013,0.2973752875644892,0.5143273048706835,0.5160603917571589,-0.2082488453429309,-0.6249229118605935,-0.3929658181172327,0.29676111151929496,0.5750005179420896,0.29621290283638657,0.09018246349511315,0.4370785056765384,0.58852997111149,0.32252241618377936,0.6063294797352748,0.818818596426287,0.8734428654612535,0.7809531323354548,0.7931145630775897,0.7706237251053397,0.8812435417540218,0.7789821391953033,0.36530531335404576,0.7131416772905467,0.8566883175305936,0.8090221122516765,0.8831984189568307,0.9246963297444629,0.9088101323016594,0.8228207854481641,0.8437093973525799,0.6555412544323731,0.42262299099600853,0.12229594377438983,0.6745799531937925,0.8028847467025233,0.7029414966810411,0.8057763148071946,0.7833985157028793,0.825757002925935,0.7279736194612552,0.6932011128015044,0.7984568043053845,0.7312855690761381
0.03586705224204179,0.36196178476957735,0.5880075349047239,0.7123431539684291,0.33377709151140633,-0.14150920688971808,0.512796254546156,0.7312611692835387,0.5779286641317333,0.783534421991994,0.7632558700277504,0.3432263823797968,0.43019039770513406,0.3917477746633509,0.26798149395510895,0.652956522089902,0.7139656264016414,0.8234882631271783,0.8977913323513452,0.9513890137492285,0.8736081799237198,0.5292794323906921,0.08047408922461576,0.15569506542958592,0.6372006270090258,0.7900278901970887,0.6985423027793235,0.6337629638497843,0.052090619640456075,-0.22927136668693382,0.06278722858037517,0.6103284044545457,0.5690664052121557,0.35239623199819564,0.4092334518118592,0.5501998712104744,0.8006041326219885,0.8858464716599621,0.7915389326783984,0.7434143794573672,0.6076157827147024,0.6318918835571106,0.7885868050812676,0.6358638609901349,-0.13784705083166945,-0.4446385693092298,-0.43899717404102123,-0.0583688072158559,0.5614172869378508,0.5579614094673995,0.3378893795397504,0.5901525838330102,0.20749413620302604,0.22811994586230971,0.03381079515199431,0.6402017338975129,0.9001524703206838,0.8766591099960643,0.7101719998451609,0.749784695230213,0.6075675695651658,0.647204666999955,0.7938235744242843,0.7662444692001279,0.45188947386174305,0.7671388375038055,0.743444863640281,0.2589981222206641,0.22756268047777803,0.3071286968235885,0.6678745614520477,0.8574488009307467,0.8770164598043012,0.8009505184447947,0.8117411698066713,0.7527599897857248,0.8639010913185341,0.6961654200473876,-0.005805652288529471,-0.206572932736989,-0.18630668617994547,0.41344696272040615,0.6716277817473294,0.43319846368724585,0.7215857849679204,0.735396446543945,0.7494689802973994,0.4404111027639947,-0.3240135489990767,-0.6860155623121293,-0.34006037863191757,0.49386353866806215,0.6694545923795403,0.2167269935001627,0.2848562535108612,0.5019056650089823,0.7117504324373505,0.5821089316737467,0.29653015547633826,0.5560303223797445,0.8013723676888684,0.8692175916284954,0.7568825693655187,0.4482928924755714,0.792313521119213,0.7940537156852742,0.5244453743179762,0.5869660924524571,0.6728339911504606,0.3477042223287779,0.545258039927379,0.6381586999829927,0.668626857593659,0.3879363654762128,0.5817216501016305,0.311443999940512,0.611292659703498,0.6731773149636829,0.7733829672154131,0.5343874448162061,0.11487082141478219,0.45708760342103416,0.2648014716554378,0.3704455635838421,0.005516744036538666,0.001977047128524106,0.6512571525311128,0.8398438093875382
0.3284709143673304,-0.06992363156863442,0.1276551259859209,0.5556026992851669,0.3403583583488205,0.029788949087191437,0.6102004110636753,0.6461099636514362,0.17096237172621612,0.6641907448499829,0.8392545007341231,0.7731282168244858,0.822033176114544,0.7993872296245256,0.6700059358445112,0.6836102236975704,0.7981439276409452,0.8879589216998367,0.9641894687960916,0.9920866281795947,0.9073233653980511,0.6573796393741432,0.5461141897348959,0.5729037405913584,0.6458680940903436,0.8499555515599074,0.9187585923023348,0.848950143127897,0.42699027179453986,-0.21597861706332966,0.2150275970931109,0.37760622669589405,0.10688552377698772,0.048697928134329965,0.3391564838630621,0.4874826432433146,0.6361680488320061,0.8597294576611433,0.8330432268728128,0.5297986722186834,0.11961996326841971,0.5687570817378832,0.6807982529069451,0.630490667635676,0.03341385668962985,0.002954930585305952,-0.30879174481703037,0.33943081628602145,0.7729069541229233,0.8366795468416081,0.737729978592434,0.7086863824117295,0.3678181718495384,0.1034261743350638,0.368324777265875,0.6277196788634617,0.8758754062980431,0.8954832721200151,0.736256444707641,0.631825686364049,0.19892302839235373,0.6535525622987641,0.8729114316121162,0.888117587546327,0.8014285865549567,0.8967270391367155,0.8568539971388218,0.5182318774345888,-0.0249808288307901,-0.1618111194708512,0.34656922310445404,0.5779226341467129,0.6818112264527885,0.32093926170193704,0.34632237108134745,0.10787613643541268,0.645327644727907,0.6485296828547246,0.03737647965622207,0.012839472678389958,-0.4173888643851332,-0.03887905818717862,0.5915112750407877,0.7390102688632589,0.8870760711938586,0.9068090786722995,0.7843785291400605,0.29084609092407304,0.19569722467652234,-0.14796769764688655,0.3659048377840775,0.7945833910867612,0.860115851147816,0.5695368699534381,0.10032191053224188,0.1490134691857741,0.6842266508662722,0.7456459799916586,0.48689843360917534,0.04045219771153595,0.47108709654286435,0.7508806969599747,0.6963077834304451,0.6901252878780081,0.8374863324007409,0.7278907346574395,0.1952198031467842,0.19220438879455443,0.6071867115464238,0.4809099841451804,0.1163850792343555,0.11648993277250003,0.46006008960907974,0.5678054700329381,0.5281052646283505,0.43857748899950394,0.7030143001186043,0.8404501982331329,0.7414798614456598,0.1594702000649494,-0.07534156853785341,0.3299755841999212,0.4095112262283,0.0933522249775657,0.06365340282375803,-0.06974509694534667,0.5208969727659738,0.6373881792553665
0.5857630535999439,0.12546710113708126,0.4096029671632012,0.36895816886510496,-0.008351498552584753,0.416093845243636,0.7584209500635916,0.6231063342035581,0.03535972125592391,0.6067584020255037,0.8821722842203241,0.9457609770169413,0.9674930922279276,0.8791697130164023,0.5852210372513755,0.26226229589075134,0.5007671785537816,0.663613014216915,0.8812684057920691,0.9480653555837837,0.8101589136532569,0.3502789485275431,0.48529364243415507,0.5202277562204344,0.19257472508898799,0.7228969613013417,0.9424935478806253,0.9062989423897582,0.5712927584381123,-0.18147503211073523,0.10530282140405378,0.07981764171505816,0.416842734973981,0.347923934681395,-0.13304561307140533,-0.1740655471807168,-0.03946370532649179,0.6324028507710102,0.7012386238440333,0.14987949286809005,-0.04779287238052077,0.4352301193737782,0.32977458397101217,0.6729588613981758,0.5256086254822765,0.2799111381362748,-0.05162754358611257,0.5807299876234624,0.889442952856034,0.9019496316130482,0.7432183826518445,0.6719898995413689,0.2695817289338365,0.4144438114722912,0.3590948870340196,0.2759833109533901,0.738292672666051,0.7769297424411391,0.39620658728899394,0.4896149884641613,0.1625821585851133,0.6844064762700653,0.9114734884902964,0.9558395257682604,0.9460783124830435,0.9665969401247284,0.8978559386766293,0.6265565056769566,0.30544963920957213,-0.21928053880036216,-0.20683183958928297,-0.06417153748010415,0.5393904959466262,0.4862890606301283,0.040103051267883646,-0.03582755341010516,0.620990853585474,0.7125236289129501,0.34847805913633484,0.10682462775462574,-0.3655999782953688,0.20111881088707964,0.5810749484942171,0.8382243458689137,0.9619231184168496,0.9869172873036233,0.927202729983768,0.7805918863651581,0.7357631536884545,0.6256681550313272,0.7817579160900983,0.9476199345673284,0.9813290681718235,0.8613711450689637,0.6255059715842681,0.5114921401523175,0.7352828465170069,0.6953314208928907,0.4742657337165415,-0.2276051174881108,-0.03978940380610687,0.49158077432107344,0.3003659855834663,0.5683716395934234,0.829957552096781,0.8543344162305946,0.6998609989160258,0.6918612179709511,0.7743672051672321,0.6227447005279725,0.5226776053382794,0.4502102386360099,0.22405713053233905,0.46820861040043954,0.05226924581450444,-0.12357254879363229,0.4287213446268304,0.8051759832783294,0.8648473440015974,0.6599857298871908,0.4615161364036118,0.2549093126663243,0.5609639240238311,0.46070775341973513,0.06805050109080434,0.16449501498417363,0.3005842964901416,0.08954190970724517
0.8704401637029855,0.6849308113053009,0.5977357736737167,0.10737647466910145,-0.02011228796848151,0.5673451975749843,0.8303346743639962,0.6927468207364457,0.17911553254104778,0.6488274759548249,0.9010509764958081,0.9525291165646365,0.9364564560237549,0.7883777651042155,0.28965439248576097,0.34139612163693256,0.08539475161452886,0.1965944221667349,0.7462079441937126,0.9282289385616738,0.8763198573809847,0.6145482214785252,0.29097548130788126,0.47997545602683317,0.14726074904407369,0.6543066458695284,0.8321838296547094,0.760131740601363,0.5872878827139598,-0.07253396067636333,-0.08503983039761977,0.2602002417643857,0.6273522313489801,0.5586268575511021,0.03756101195927777,0.14912786658773194,0.006811061716125839,0.653416127114314,0.8200399201847763,0.5866483922993843,0.418484361247043,0.6059186907524479,0.5567942957075517,0.7050365259337825,0.5011175256571555,0.11545409644062711,0.29446735174035493,0.7317382814166596,0.9131615141215492,0.8211466499254703,0.44347504630983237,0.7084177826126141,0.6778330607871957,0.5557857814706048,0.08462093152798589,0.48415330883970004,0.8174104819680597,0.8844981562487271,0.7226201844891872,0.6079849113188517,0.5972680668953142,0.8340223913357738,0.9559939602045404,0.9834414483180237,0.9830873661366035,0.9639291375437096,0.8160877106469544,0.3320188256489865,0.3448585472784275,0.21105129797940148,0.20882456091960858,0.058905072267358284,0.6426323302651553,0.7431780850121269,0.5630039040886594,0.4185618777030138,0.6563649949438805,0.4567734156094529,-0.16381831702140234,-0.35359159647603816,-0.5316446921125595,0.037113433098190866,0.21278147952860255,0.7381005159695566,0.950870090747591,0.9976053466408298,0.9683255113797734,0.9356582703616599,0.8452086938429015,0.6729802204959162,0.7006089102975511,0.8763519192851527,0.9757714432509142,0.9540769575504939,0.7513952909334033,0.32696542463885375,0.5920116559227269,0.35150163863922657,0.43139329936465914,-0.07059694927513746,0.19566372145098748,0.5583539616538167,0.5011385327256331,0.33649323803197634,0.7726609952014885,0.8903785317917525,0.9000336724131579,0.8941049049865787,0.7863037690949711,0.356489134152131,0.5182840649043502,0.6313007617409504,0.5316334271820129,0.6592072210734923,0.4126973856673744,-0.0973227291600167,0.09089515613492061,0.6888861850802629,0.9066884111182778,0.9080642488251602,0.8392149952916799,0.7069820424062483,0.6825630942032032,0.7136998011802964,0.48640519660201165,0.056596728918415225,0.07895746040119761,0.43071419078376716
0.9228476944339983,0.7640851224842731,0.754698993321157,0.6388829103440664,0.5744561790580125,0.6745154762861706,0.8679079174800406,0.8577492000438052,0.6776922946903216,0.6886640373372729,0.7863128475214659,0.7215829331502889,0.7157459897741445,0.7394375392582554,0.5459787678329323,0.6510149604440602,0.6195252544786183,0.6558659843787045,0.8682876155226193,0.967794064683127,0.9652545875682439,0.8712287509705068,0.7290246636091839,0.6977884537800226,0.4168805267651524,0.48044636114270617,0.49465494566949714,0.32844583833809166,0.6202711502945121,0.5058173663119857,0.359813094116886,0.06500028980695448,0.5754551021961963,0.6227745873734513,0.5321409698703077,0.4293436138831797,0.40211791564068566,0.7332362405726313,0.8146034503631226,0.548170829193074,0.23208912102145818,0.5278003788186261,0.3168519678658947,0.579958220880253,0.27093737725327416,0.3668435440383804,0.23891500503452776,0.7470445364632297,0.9311789644485673,0.9101710190788862,0.7998305004747089,0.8819579565988434,0.8720120659434292,0.6805353237331069,0.19701274773119237,0.6502464079047791,0.9059838603350499,0.9385578512575736,0.7486922372982778,0.31695515751377284,0.5092539599616336,0.8140500653313091,0.9519051968713333,0.9858819282927128,0.990542540266969,0.9786787038381445,0.8839251387178142,0.5807111524103865,0.10909873645008573,0.017455155051990506,0.3413758159657929,0.5354630034957807,0.7737782646030303,0.7273914641890631,0.5924739023139395,0.114620096047527,0.4122268962242272,0.057349745250207314,-0.1564995654469244,-0.0056219665470654155,-0.468453881220445,-0.18719799281700267,0.3928404198210354,0.6299912603384354,0.8446430576991227,0.9053472463744179,0.8216873023948396,0.8233407716268636,0.5699688754524814,0.1109654717346683,0.12987359739616633,0.5652320090996706,0.8526803018100493,0.9466970775724243,0.8185686299480315,0.5816174034923656,0.704365536988004,0.6651919876743235,0.5650238047895836,0.3228455679362144,-0.08870622643581315,0.31916689884320626,0.4990195487988624,0.6596377936500105,0.8206408850171304,0.7973644254162304,0.9117285635966376,0.9578819578005148,0.8514374694108288,0.5789750440655176,0.29405629201498734,0.5559205987142699,0.3500557346699752,0.7298639590450353,0.763518201284279,0.6110323715773597,0.6040421898437722,0.6985323510387431,0.8555394927168243,0.9271606369576979,0.9190570741556598,0.7436349806007476,0.423444025728657,0.7579140622000599,0.8004377843538524,0.6845151885305183,0.6627533113509363,0.759885067769926
0.7883477213586365,0.39002963968406984,0.5977437206728682,0.7492402132039393,0.6685589443005695,0.4070669960763121,0.7950093705031036,0.902722155502408,0.7488501657975746,0.2937296515831287,0.3678706028196281,0.11306473032336428,0.17430256424828536,0.5382075151255857,0.33029312875186567,0.6914136284369232,0.7801211897896587,0.7275796369139418,0.8480666661427643,0.926902287219024,0.9715410780878769,0.9043574522537263,0.6961975608407066,0.5521620195861517,-0.09182646019153494,-0.12494900529179917,0.04899753877411026,0.45740783742155644,0.5672291353973706,0.5593555896616488,0.5236673580983838,0.14122211349352728,0.5105313225314377,0.32910830515250494,0.5084795121948056,0.13020563247212424,0.08959224987567917,0.5124422054490234,0.6588148690350353,0.33060261029562565,0.5679236984943873,0.7759109008276698,0.7649995976812938,0.7958833914398077,0.7046585839622844,0.7527303216160515,0.7495306279757663,0.9051916725903976,0.977686928700231,0.9766102672690237,0.9473211159270498,0.9754558947524997,0.9616602165292489,0.8498992736069559,0.7298416127274215,0.8715258639592368,0.9384604209855368,0.8875787353158248,0.6794913168440707,0.41469473426978654,0.10548211401158611,0.6765883742195704,0.9174817580841438,0.9817367648984592,0.9911360159645,0.9947634018711031,0.9641896152097367,0.8561312981580659,0.6609722130701964,0.49203199717670215,0.22213230914078796,0.4947630211361655,0.6339054244880699,0.37871210226182145,0.5149991031582413,0.05877765595570623,0.37856439017175797,0.5235085661899945,0.5495693042861413,0.47309604868032257,-0.06547914613547781,0.19140331198007485,0.4217226863420629,0.10301711538909843,0.48844161816184667,0.6716372111605503,0.4152885685127156,0.6056170054135318,0.22338178324672875,0.26885324579321207,0.3583515076653785,0.18893139330448824,0.544323931621651,0.7573008289266923,0.5854083089921571,0.24253596391721083,0.5247379724477581,0.6354871207112309,0.33323841337330834,0.34665299562005697,-0.29313152494610895,-0.19715634025687834,0.057873329916798874,0.5963623167017922,0.6872628442173817,0.4408247518635123,0.8091028493174249,0.8494981963899357,0.6600758443454761,0.5640039832395242,0.6087010673932716,0.7716263720500282,0.7712669541537575,0.905178147583707,0.944676962234085,0.8865449617806094,0.747773273715554,0.35650192809184694,0.5137009243263166,0.664234693180849,0.7970445097970585,0.6987554792736334,0.7176217853043648,0.8835906103396794,0.9146436226514904,0.8527592587714474,0.6755564914686848,0.6118201385811772
0.7915328481471368,0.5907207746298214,0.35105406567091924,0.6791656749595846,0.659940391561429,0.7015714888744243,0.8911637979727325,0.9520347996180445,0.7754764087275782,0.3402568192270362,0.08401420439720081,0.42671111318660526,0.6299836809746943,0.7811530524638169,0.7065486667024283,0.6803588667199842,0.6564064914913119,0.32128723036824147,0.5293322160383553,0.6780804906744023,0.8482083985045986,0.725273254869868,0.20037121207122052,0.39891096236970724,0.018714917062343593,0.36351833884100215,0.5568950969263011,0.5975363871890259,0.20195332735865618,0.19876824487707442,0.6225830753724253,0.6691924444666631,0.7911644861897768,0.7602904732780897,0.8028904696769958,0.6493148009686166,0.4814096614031294,0.307821230981911,0.699498492409089,0.7347460024391405,0.8330645812145986,0.9262454086207549,0.852502019696565,0.6713654186997657,0.6669082285416129,0.8399873752289234,0.8878387702978482,0.9341141249792485,0.9828211114868218,0.9888275336227463,0.9652380057674427,0.9789154574215136,0.9291186601898979,0.7994977020041654,0.8470391838041396,0.8495332563938836,0.7012772433805885,0.5059501396961603,0.1332232567523834,0.17970845087117396,0.03344434289825379,0.6675352334296208,0.9264286172406119,0.9797751650130418,0.9649904315344096,0.9790022347562045,0.9599051095151017,0.9206575022173125,0.8631592818195277,0.7938573729072793,0.5871291990682469,0.2628678223134557,0.48257453749344087,0.6404557017575825,0.6738194218000575,0.33510597378854357,0.20217042704540641,0.6770079792769935,0.8512550485488879,0.8168602114284716,0.5328488443555902,0.2323937788256787,0.42761201683915023,-0.0584123108460818,0.054317661205091614,0.5938119784714839,0.7142473598878699,0.755053556654063,0.5609301383508343,0.25486875472468556,0.4622629858664689,0.20469829370662843,-0.012893594399384641,0.43161235816186017,0.2332795476677507,0.36447594483709544,0.2784589711810965,0.6723748242050008,0.6990559328039821,0.5596763342572121,0.025143907826040576,0.29074051989785976,0.34588676371982735,0.4987931843085506,0.585148368201848,0.6892915471116051,0.7869293710288721,0.5032651685344,-0.058829834120354085,0.0007461315961174827,0.4693987601545833,0.8022387346409466,0.8930425864975031,0.9642427714521947,0.9608633330655623,0.9335181075689047,0.8579979081575069,0.501552330704698,-0.08589303851490716,0.05810237583432861,0.5178352223481185,0.36807874838291005,0.7453194015534441,0.8620722922933409,0.7461559841628368,0.6728618567678788,0.18775582809757216,0.007074821769081014
0.6597192672297348,0.7451489272186265,0.7115135275618901,0.6740698842122153,0.38126211686616074,0.7412115619530952,0.9253375184441107,0.8894208231970094,0.5160125301489915,-0.07671546841915339,0.1987794982589438,0.6194286505981759,0.8430461751868799,0.8818539529473494,0.75088615478278,0.34809828371277324,0.48267474716606146,0.42574002733907085,0.11433400567772842,0.20758229207784337,0.6996624046801962,0.6778071883917361,0.21505650877743981,0.5833089373381557,0.634394356156801,0.787878730957585,0.8712051891573721,0.8549164819654458,0.7054975067278095,0.6997009767962329,0.8507134831181221,0.9047073325157499,0.9432120191343291,0.9520833422687778,0.9516163390294559,0.8117821404130038,0.5997188385340231,0.6383283888060799,0.8404619036987928,0.8304462403492043,0.7403029149218251,0.7686867419527335,0.477779947993791,-0.07566794867518181,0.09238916467934852,0.6124926552252877,0.6713923331207947,0.7163314577549448,0.8568839621171984,0.8945111057155979,0.8129008632805133,0.8535750055707264,0.7850340773654318,0.44844199633019777,0.6982179811084334,0.5407665433162456,0.06833233669824725,-0.2047059954136262,-0.11360193236533683,-0.2488384796765009,0.3088452802362975,0.7851740798789124,0.9567929641634784,0.9338061814655013,0.8194717787856252,0.8476429072814698,0.7249171725239183,0.6594113872202927,0.6972264380501405,0.8492467458072729,0.8051266140657445,0.48079786581043726,0.08268592980541759,0.5927605713971345,0.6763113793521572,0.28381767861028595,0.5667591708300275,0.852476697293964,0.9714651967133212,0.9764477394460936,0.8839958221986415,0.7709195339511258,0.7190315785181306,0.36045992943256894,0.27207251131653243,0.5296747035209357,0.747029484531421,0.7408622105889983,0.7479371479849475,0.5977861917878463,0.3500095532159043,-0.2320809230392812,-0.21186846054315955,0.3353393349646563,0.49149031447421127,0.5065918118613333,0.5883571486363759,0.6541232799625029,0.7312672258759999,0.649710688343602,0.589999927885041,0.5659598463826873,0.11444370528286227,-0.0016849718621802295,0.12352067254251206,0.6535025736159447,0.6950111322722046,0.14412727514363086,-0.11479169392585697,0.19488959188594462,0.1955830940056146,0.6781683928710286,0.7608549378078345,0.8405441919355211,0.7337196826465598,0.7360337491762438,0.8228227126791863,0.5621245452365272,-0.09559054252318244,0.36888822227728596,0.7134683321573277,0.7570674765796886,0.8313392588220218,0.7113451008597188,0.2403823772570547,0.6174577158010189,0.6258571179351128,0.5589003361674834
0.22828692099769768,0.6822963119816005,0.7870908163185941,0.6874790903567485,0.6989716783389667,0.8695634924642264,0.940275466984415,0.7809973971156443,0.11898903584510186,-0.27243209027489584,-0.09195101050113087,0.4726670401179928,0.7779678294700456,0.7774200959810178,0.7977627276099443,0.5851664099265068,0.2722090706713748,0.5948196399825187,0.6173350682592628,0.6581824431441825,0.8505270347382,0.8603683821531045,0.7131788536227083,0.8377517345789682,0.900511735948016,0.9580499232367986,0.9805459439720288,0.9687014566144003,0.9269822398976638,0.9211071733215944,0.962124087514713,0.9842656589656726,0.9945818780219654,0.996110469855546,0.9026489271188292,0.5432102976219969,0.047881359471883135,0.43421925872271516,0.7113902905333221,0.5178327556463563,0.06613368017586718,0.2441004902789026,-0.14946653275810223,-0.3483759118385743,0.2257109833375005,0.38755776478459725,0.1184230681790463,0.14595003717194083,0.5215344832373552,0.6346774129734758,0.33008251323206284,0.5514630326847603,0.7575026723967253,0.7370564170057498,0.7120477860414048,0.3034373785064742,0.2654752293208258,-0.3235869171945579,-0.5801227692062944,-0.5390150023551108,0.1989690532047879,0.7579233847407879,0.9276198013270133,0.8294472143493451,0.4335256711348335,0.5464171967862614,0.11409123738398688,0.0062048632323730615,0.19033043945592912,0.7459489748597105,0.8083618225322631,0.40095505265019343,-0.12240541082125377,0.5478987828375271,0.8020979699518632,0.7642782549931734,0.8606489653523246,0.9297576534295511,0.9680138197021209,0.9969508112375226,0.9640300350115432,0.9279045131597047,0.7447857213402899,0.056473952109493145,-0.2526042697363977,0.009371425370995634,0.489208897751462,0.3110016483994796,0.4880003482705938,0.36447655625446657,-0.028170197557052246,-0.21535953556894388,0.12435003643483386,0.05963744728722487,0.23107718382660117,-0.02863535030163123,0.30985683310453077,0.03160013319076243,0.31361789067524615,0.27262554230980474,0.7081115375652914,0.8199461120399071,0.6465850106967276,0.5357703466685199,0.5015396795793363,0.7905149152939234,0.8310692943645812,0.6510394726739827,0.5315212678828868,0.44773967699441025,0.3938781209682249,0.5927137167293802,0.3758531521854288,0.5773276265938945,0.21057086815234533,0.23997729681663477,0.6614053857797987,0.5769558985356634,0.12237431677591273,0.61210981191893,0.8369713564963732,0.8579228856029086,0.7448594903170083,0.6334578414873303,0.22219459538629419,0.6710307612906432,0.7490198782464182,0.6287005218610531
0.6228018888684702,0.6708759919981767,0.6938552107784361,0.4068537570194,0.7417825981339391,0.8912242656058326,0.9648562880298331,0.893740154332656,0.5687025787362087,0.299432345840308,0.33929070023980157,0.22373299513131098,0.5830319571593223,0.4179869046544121,0.7604073244838871,0.7501193498359917,0.5794180700679832,0.7780041935841789,0.8053498903055193,0.7087357086448651,0.8656875909135179,0.8746522631442097,0.7253492677338792,0.8677330191886351,0.9623107408134035,0.9899207386430845,0.9708982086258068,0.9837909467435135,0.978667094501901,0.9540705001113751,0.9816520931697569,0.9921078958050706,0.9719029102460442,0.9586521904915449,0.7760139541066348,0.12220564284751342,-0.23999790356327474,-0.02563417054726489,0.4588719170862964,0.06316517660360445,-0.23458742474425037,-0.1643074579556297,-0.03629435826377917,-0.2004041110967012,0.2978392114824592,0.20804108984177933,0.4618944730876322,0.46701817331273604,0.2435058830779074,0.4559139105995694,0.3886969973592355,0.11230231776405353,0.6510972342019686,0.8307657458974413,0.8714835291492318,0.7377493365199547,0.6321051797685441,0.15582605180078624,-0.3869279998244797,-0.5057865511183122,-0.20812982789094964,0.6181652468549299,0.9148853673280521,0.9122309721072803,0.6928679086879824,0.5359236734145457,0.3693736832346417,0.4538493190000262,0.6489440053634641,0.8703507469812393,0.7526863833025238,0.014690098083966333,-0.3023529919755785,0.5034462312398577,0.8692772170642488,0.9361936009083764,0.8728935153765142,0.6966217489328885,0.6881699537669959,0.8174008339997608,0.7760130053120832,0.9039818779194111,0.8509120249850876,0.46994464701293215,0.0007188432780478913,0.34043542904805996,0.502882380147259,0.42965436989230704,0.025965757719047553,-0.1406527590000849,0.2293685014991122,0.21717929080031617,0.30053630570435963,0.18803168510660917,-0.14695763979336354,-0.366474249263517,-0.025609492037375982,-0.2523885706165552,-0.018687250127317995,0.5285702279898568,0.8575970448573816,0.8961119706591347,0.6962292111623356,0.6331643331426434,0.32883855683575913,0.6621601751900053,0.6418826922963579,0.6137400187273259,0.5447632582179426,0.037897257824589095,-0.06642487280407927,0.5503902243729666,0.7067849681756024,0.7918887166773012,0.681908533512179,0.6368485900701125,0.5998361041743792,0.5421901493680072,0.5923423256015602,0.7771824304664585,0.7562068817976397,0.7334409428276749,0.4141288387660292,0.6883466891150856,0.6895476580845692,0.7386803344886436,0.5415245528964946,0.14656490619940107
0.6431297858661374,0.38152024944332724,0.6833006755739995,0.7309544130691499,0.8210478125206901,0.7955476923640069,0.9146330294192612,0.8559192467167299,0.5117019912895092,0.20721491107881965,0.5233418118110154,0.48138314943720073,0.7216692502067658,0.769155455559497,0.8812604530670577,0.7752271299172184,0.3748458688898216,0.6989018970163766,0.6688295929010232,0.24539635157511888,0.684615784458857,0.6721608271074908,0.20399362729345746,0.6978017861272647,0.9252142783078645,0.9307328494755257,0.8285114515741461,0.9182062831558891,0.9097055037628915,0.7777222699291348,0.8575119706458033,0.8875223779590482,0.8179829774585841,0.9069151303963888,0.8750217502972581,0.5942274686991925,0.2839458468510416,0.35352996082764965,0.6556365888685713,0.5317511185636138,0.31246100797973486,0.2782807130420677,0.013262424202250501,0.17358445823505445,0.44712209199701397,0.6392842591978173,0.7671767398931283,0.7555144917627379,0.5694159723418203,0.24272910579017992,0.4275543707599241,0.14647005831191626,0.6182035676852166,0.7030714263654305,0.8116496840099641,0.692145690467927,0.6197646983821785,0.18125753814857445,0.3150748985381328,0.2618248254140351,0.06522852935836275,0.6876028704124222,0.9402528425534432,0.8816444356619411,0.5283240212678005,0.08772450661222536,0.001509569099429488,0.4021410161989729,0.7768701514245465,0.9258457376692178,0.7901522233788066,0.1831238969207102,-0.2640242695418628,0.5213304707197044,0.8895100417383888,0.889481435949329,0.5260400596551879,-0.1145885491641265,-0.13494266454012782,0.3183987084848516,0.12015935156084627,0.6941703451829887,0.8391701060351169,0.651618806502395,0.519345523457242,0.4224045287091914,0.2018997799158245,0.3832115004068538,0.24106854841227732,-0.19893248888144663,0.16232636261175143,-0.20657299035685203,-0.18331886235677186,-0.06051158577040519,0.12643372494634467,-0.3021263815521977,-0.35215143742261257,0.05411747920831706,0.4907379427641081,0.8200008473345958,0.9169543726131916,0.763154653858651,0.22318411517122957,0.5369841256137027,0.38372662840909016,0.2713367348426826,-0.1103754839884668,0.01577612125810058,0.31113731945945555,0.15218464448269206,-0.04333862074966804,0.614801838196923,0.8697802433345309,0.9428081276653827,0.8937619562908805,0.708859165039525,0.1510646256832228,-0.009792169278460414,0.5277345900493153,0.6877391803917405,0.3929788755290296,0.7027471480341871,0.7451937128687378,0.8673695600253004,0.8175754382462999,0.5439758411669469,0.19477509332587303,0.4289237855077973
0.5008769842773205,0.5893729934220213,0.6731931251190846,0.7734890036913502,0.7524787947740241,0.4604228166358164,0.7818158004858357,0.6884647545825702,0.1576902164158459,0.4526992220939255,0.49758099716191195,0.1062340766909079,0.6451814857324464,0.860798461672888,0.9512776238030737,0.8072635453489838,0.49111033627172346,0.5650826543673957,0.5952440879636023,0.23695500153690144,0.6665667099863813,0.5390195961004688,-0.044666382781825754,0.598020807483493,0.8789329643650885,0.7734633866228431,0.4107672699004928,0.7541409950990156,0.696604620937689,0.17817007804340923,0.48076936269467013,0.6560762437036128,0.42071077009307867,0.7647653748091008,0.8876850953234519,0.6988901443195408,0.09844111076545187,0.08755256600890253,0.5886815233553789,0.49939029697568693,0.17141765894285635,0.3894112298264368,0.3680569892180751,0.0145906581538594,0.1611745322559673,0.6377403950190061,0.6474635820857486,0.659409550618879,0.6582131472277424,0.538901917293922,0.6941941751932683,0.6303839168287656,0.6145815074236995,0.21026500301784357,0.4588329727598947,0.05038571734748918,0.33068204852150873,0.4202182975232831,0.7017510554088112,0.7632849093770914,0.6878754060187866,0.8902599035879236,0.9542810838349836,0.7220362894022008,0.13165788488044136,0.24826627399162043,0.0722059250322812,-0.06093306207200748,0.5829061747289842,0.6995068107823181,0.5869180647046401,-0.14967600831030478,-0.18381910740289523,0.5939754555089161,0.893949818816604,0.7860790503933087,0.11804238549132422,-0.3309307355159818,-0.3151284745840324,0.02612604345963871,-0.1521031697649082,0.5632114688087552,0.6884886317588846,0.33347447098681193,0.5241105965794783,0.25497855857425344,0.3985165483390666,0.15655604464552558,0.2112022909268763,-0.12055614727934857,0.12647443658193008,-0.13365620036205803,0.1758658432703299,0.4383373097916353,0.47188223123590073,0.28725292817927045,-0.19607004501758635,-0.040116855140131545,0.5987937691585675,0.8119880055286124,0.7378746840454956,0.5852631092142612,-0.04246610474602898,0.27846969796039267,-0.23283174069850232,-0.4189465547808178,-0.2828235063016206,0.1773042114650336,-0.016637978459112485,-0.07291705490578808,0.21401427671856543,0.7147724984405373,0.9478495954258978,0.9982052888842899,0.9484780451724092,0.8446865683711651,0.5119101075774097,0.06105225533734343,0.45531935473271357,0.6773771147959232,0.5786538036510911,0.791623994700098,0.9025121898108829,0.9354117334995937,0.7231165177095066,0.08869723644692734,0.286183195924894,0.642259432034159
-0.2397413323486832,0.35792598610251347,0.2572199308966983,0.5426147386347441,0.7678089860580902,0.7915173781435529,0.8792589662953236,0.7263420354737912,0.23817970833038443,0.5285904652362745,0.29578288948848563,-0.1684616804086285,0.4832907940420513,0.6965835846642124,0.7916204623593759,0.4234991097897991,-0.17465290745565942,0.03815587196556472,0.6247835204514128,0.7340212998467623,0.767965497708843,0.3402809949547555,-0.20363762818246556,0.5483646343708688,0.8079099384985555,0.596065467936484,0.46542337603943557,0.7379365198365881,0.6519669811647504,0.03332482140993156,0.12171334187076459,0.6348848047388526,0.6611977299601436,0.690933612344114,0.8749849010604384,0.7865094769170525,0.37362923025147665,0.3175764071826912,0.5616353387676802,0.2912602011134112,0.42645443718920745,0.28356341600125484,0.5465127935140488,0.42121526256912856,0.5795526154296391,0.5849741576469081,-0.00669916042106563,-0.006342930618552021,0.27468078178033783,0.22832156249583374,0.6544791389066059,0.632530844265758,0.6182395596347122,0.18115401668297018,0.31429188213180326,-0.3343089989056003,-0.22647898678626374,0.09657167134132146,0.7322192011923002,0.8520686554601128,0.7432594906894059,0.8997270185647996,0.8784967866442251,0.5208944806021256,-0.015907943764626318,-5.4050742780014354e-5,-0.4820121756122162,-0.46537584609458227,0.2461586459100211,0.08728798948046658,0.40879556484495455,0.03745197327816719,0.42986639824386613,0.829608024065247,0.9890935504664388,0.9297661648293262,0.6087516962784384,0.2688048107649548,0.22759027509179808,-0.06275063989657108,-0.05870287035719459,0.5466470252785101,0.5321291162432844,0.44227017573802924,0.694992617673678,0.7386049109906808,0.773396745359534,0.5777079690771373,0.21171070445132156,0.31813405273531986,0.1359787151156327,0.313092679882724,0.1996586074085308,0.550763451627688,0.3719814733508015,0.5576486604267717,0.27178066947699414,0.2319434976668055,0.39407930081938425,0.3589306188045139,0.03250293596781279,0.2908835969789539,-0.17775034892334457,0.23842932371860043,-0.19012756043286694,-0.2039734982057743,0.3503435190687135,0.6033457926859429,0.398225280504214,0.2735583048421747,-0.01764867955644301,0.6559378478045037,0.9422756122577207,0.9365567934043483,0.7954887092078746,0.8669747427656075,0.7930491860204308,0.5439780711298396,0.29388900172265786,0.5667241265187165,0.349637535455194,0.7712576530782956,0.9509770840422567,0.9640862903149954,0.7112266748496298,0.0229228949809231,0.09150286281629604,0.6671992447908422
-0.489498587916588,0.330047442549324,0.38648801366026947,0.13922712422117897,0.6918736889741137,0.908756450609261,0.9768114863798003,0.909092110225808,0.6954757448933095,0.5303012845197418,-0.22953298361218522,-0.45709633615232376,0.22764781149884744,0.13122517553048926,0.39123096077949626,-0.2600646966308494,-0.4841180770779341,0.253673463877916,0.7964623648172939,0.9155910789007446,0.6694309112392733,-0.19665999444126947,-0.4066254818176351,0.45892396289397697,0.5860931967165461,-0.06962840990911678,-0.10699321804167719,0.6122817258038966,0.7821473209143459,0.5959950741640963,0.6264719071058824,0.79192488974053,0.6621456441726348,0.26276995920071267,0.7003923258592097,0.6067086377160412,-0.13298946070089693,-0.1601549262018754,0.5295871741872241,0.6788678204675584,0.7754698099652537,0.7030592503852339,0.6238782242679493,0.19356069679709226,0.6177194395648634,0.5445775808308445,-0.17950541922394822,0.028101563781638444,-0.09298219634728841,0.38565660685879555,0.5772736282741078,0.23322672741546693,0.6326620362958162,0.6031774180451651,0.44035815855047233,-0.25922008969057364,0.1904113870770607,0.5664980890720518,0.8517668433218605,0.757447602352115,0.30530023318401156,0.7211636706100328,0.6913554253268991,0.09489313593221413,0.05152821110037714,-0.48791481076321885,-0.816761881377938,-0.6608591569176505,0.08467605836062293,-0.11076457447428203,0.4905379615181588,0.6049213832302338,0.8206870699713763,0.9940382696825838,1.0558675617897155,0.9850638161161711,0.6929953872281363,0.13610506863129831,0.5039721140686869,0.5497321348788792,0.5588032120446368,0.5436951791643859,-0.08187338610270013,-0.10948033477152684,0.6233259427152614,0.9049131383237412,0.9705920928988011,0.8877240219355976,0.7421046364006281,0.7635726975978965,0.709632607760982,0.7662322494382116,0.7407127985520172,0.8496311822061958,0.7654433905547227,0.5957697117202062,-0.17756602667392635,-0.47536259009465076,-0.5134750804631552,-0.5309642953548266,-0.4684250607102921,0.1034368760816808,-0.19189117222685478,0.4342186437328473,0.5031572920484789,0.5768976754008435,0.7874260064345433,0.7157874374718455,0.1404674313266802,0.24959785875430257,-0.11764969711189882,0.6196505904722909,0.8977085235955624,0.7607902213405597,0.29422635473580533,0.7401217536276965,0.8989475329683121,0.8440125111047119,0.7327357966810121,0.7905323653487991,0.7371481456961767,0.9038811928823279,1.0097865714570335,1.0157918146199703,0.8806432637868076,0.6093030153813812,0.6381089403024083,0.8729302988472444
