0.3473235748473338,0.6812685028337534,0.7767920321398206,0.7210220474696204,0.6412166014656343,0.6452707390484641,0.7500314033313407,0.8250145344959721,0.8156930934090592,0.7806802274173973,0.6856986939930164,0.5739556787419546,0.4977236064409432,0.35543131741401723,0.2445086693699315,-0.04462570380667012,-0.09374461801392042,0.3091643677876118,0.5961845613615003,0.5280838325266687,0.15112484082655223,-0.07101762847818847,0.210420801092309,0.5526147621699184,0.6100826396289901,0.4687744480543453,0.5606580873169563,0.7493216941714982,0.8302701323356642,0.8100301513345842,0.8257136507036063,0.8537675803048307,0.7958259608520792,0.6037136830867488,0.3137460523892941,0.06310402430984643,-0.023700274923272154,0.1317280044776597,0.514112903211846,0.7453626606994571,0.837987607564987,0.8237401310774698,0.7450974126428548,0.5969332487761113,0.4527746765533152,0.44919649804304024,0.46713171064868325,0.5124738673502366,0.6192208423901513,0.662165478990081,0.5168990402380014,0.3352430978699151,0.5070644936259285,0.5901713965195937,0.4852310098489919,0.28809619451878365,0.23055564879152682,0.31573784786222747,0.4916585298936098,0.48967359330627663,0.4527178105826921,0.49906538821950797,0.46128024038258847,0.21684200226817807,0.07465763847760025,-0.030342670198031718,-0.2587670916233932,-0.2893757404163636,-0.07519570344756826,0.24412563671192333,0.5316339761221001,0.5795930733972589,0.4808503791940103,0.5171167953038124,0.5814646407377354,0.5779506107546759,0.6623915960843374,0.7064215462666759,0.74137047550771,0.6275730450549053,0.3769536247335055,0.06464243894049154,-0.2243519092991478,-0.30003435971137393,-0.027624351201928857,0.2881060001112438,0.35323904516309845,0.39670597668459195,0.5146870583190758,0.6853255366902845,0.7463560473643613,0.7273976414251168,0.7179659239731725,0.5835897107915657,0.3561675695681218,0.4620161605731911,0.5656197300794772,0.5609266319807007,0.5083336981545319,0.5014584555084362,0.41632555072230365,0.2064155999490979,0.07041371423235976,0.1532879051579903,0.44422334427536264,0.700313116276426,0.8518889036564832,0.874994735368765,0.744735743208058,0.4835496924019244,0.22864494819219708,0.4691964181986118,0.6388217642739912,0.5306850776328189,0.34120607442089934,0.5352183392196822,0.6932353414283109,0.5864118995132227,0.33606027193967075,0.41069437348574434,0.5989878871184986,0.6534017273453302,0.5611424615308698,0.5512749308623146,0.4541649079525042,0.054274279843937734,-0.28948104017390414,-0.2094446086657706
0.46068186592815386,0.789005834205273,0.8701421663333714,0.7626091869306044,0.5456791388554274,0.46434682085224904,0.5517070758224405,0.6255686521506088,0.616420519922395,0.6385626043928825,0.6457389846279172,0.5800434642990564,0.5249467726668732,0.46415276829972246,0.3662356396508515,0.21487314149681888,0.16741774108654411,0.40396177298661123,0.5080064091234275,0.3614871877146246,0.0506176593685543,-0.047007407863101126,0.3508339141604904,0.6933212582605569,0.7754443198633296,0.7104083582033707,0.7437063484501859,0.8338255379867149,0.8518481208640647,0.8116374201533109,0.8411058883047322,0.871971477119536,0.8620330905539082,0.735052232582587,0.4341490405018837,0.07743866346041095,-0.031318823044729396,0.23641724890279656,0.5442979279560027,0.6869713463785403,0.7315257316792623,0.6906898295387908,0.6594863404868867,0.637261202537371,0.5305164742943879,0.4343348132418899,0.4844981921150124,0.5567450091919506,0.7140950692754526,0.7177943911794228,0.5152852475091716,0.3523446994837143,0.46089585753622636,0.447055318408875,0.3116100015112954,0.1670045110555997,0.1604336478497173,0.2865368316716673,0.301514597695958,0.15893205123007054,0.15855644185244427,0.3223846028388785,0.48014688434923275,0.4421772715162006,0.37815712052818223,0.268699260509685,0.1393854482293412,0.16808551647492692,0.2855651715543797,0.42923212490887774,0.6259398333082032,0.6782524090542542,0.5769430502849866,0.5018926092413964,0.5649181203976501,0.6157366592680741,0.6762118942310826,0.7059181573575913,0.7054666039552081,0.5332318507702994,0.3232579490391269,0.19588070348336073,0.03408339852423009,-0.035319072579443354,0.16814307468220052,0.33038009709346483,0.30138089901696247,0.20504408035879645,0.35758371904043673,0.6295599014239399,0.713541296776365,0.6623051013524562,0.6772881922429892,0.49172854965238777,0.16402870563845318,0.29580598825914667,0.5630765938193509,0.6584937864694005,0.6456631559309368,0.7131015628750292,0.64787722607733,0.35818199951842294,0.06662236619427128,0.09485253934277989,0.3713802696791822,0.7023814721966892,0.8987460470101788,0.9523046513137473,0.8555358418399922,0.5831466360889491,0.28584254917154484,0.41793136867912956,0.45999811802232343,0.2991126968093339,0.15826528262475628,0.370118504220411,0.5633548559533604,0.49478864708343573,0.2659289250375264,0.3176937805080854,0.5604915158533315,0.6411216144219696,0.5646836791213093,0.49208454340290364,0.44916093401631163,0.11048842388815054,-0.26982690469647613,-0.15826277756816304
0.5063572388670906,0.74543580928934,0.8592060585867345,0.8211839032964242,0.6664472637512349,0.523527937319177,0.3843521236516994,0.2738290658260508,0.1692377007982094,0.21327850775899035,0.2737489960871132,0.2769589448881476,0.35955609242545516,0.46305476421508657,0.4395006135669531,0.4632016236415654,0.44990658895954333,0.44297439483176576,0.33776730313985487,0.15282134298794434,0.0028262473043787375,0.07656721150176822,0.47099474164600247,0.7772347426622794,0.8678526307867077,0.8180905578396495,0.7778313117738144,0.8153711560135106,0.7908533052425214,0.7057434584878812,0.7437036732304116,0.7806719912983853,0.8445879204721187,0.7973027272109425,0.5187258982429973,0.1003886553239188,0.01570547718387932,0.28050700293562464,0.4509288914771561,0.4681059368523299,0.45681495787501813,0.39740465394245283,0.444970162245912,0.5987225087300524,0.5767146600764194,0.43062206982643697,0.4528746965125732,0.5867036526123445,0.7206490295735494,0.6989119188746088,0.5147642674987548,0.44560525186101985,0.4063737944496044,0.2584424735609483,0.231448890308498,0.1672203752257926,0.18952723483545952,0.30096897624797164,0.20336352891852763,0.04929160447560325,0.14352757834657626,0.389565989310047,0.5525922264306546,0.5576719591563156,0.5225560086814488,0.39296192176875255,0.3658497004244577,0.514845429438116,0.6186414733475032,0.6365334709149015,0.6608840790416948,0.7284459181440033,0.7120265774774247,0.6414728463333449,0.6174967889900969,0.6198436235723102,0.5575192737535187,0.49373493719328415,0.47839496575005175,0.2991859407813202,0.25440794545708845,0.288489195564849,0.2577636505634885,0.3043916344656892,0.438582443760854,0.4611444656219088,0.42404801087519234,0.3267126896754657,0.48781606099819635,0.679293184357384,0.693608144865034,0.6392260742854844,0.6487268521805831,0.41479060653935407,-0.021723410760916568,0.011320452319208722,0.35361652098160545,0.5614246263726309,0.6823572727740645,0.7628493045408675,0.6848244878287925,0.363751680468885,0.023874867714802465,-0.05517022274916036,0.15946538261379511,0.5881347819855204,0.8622414614730858,0.9565160452429984,0.8986653017583377,0.6811731582765872,0.40094716819354004,0.3761794393238746,0.23742126863266874,0.03932049941229632,0.01638715716696487,0.16943455727915985,0.33828258806990935,0.38418611286341375,0.35355941893067877,0.3864910060669968,0.5127883633172162,0.5556305245428844,0.5670092948567225,0.5409539960480797,0.5224410430524616,0.2880048092646988,0.05945938361060701,0.19005145605228088
0.46355446985721893,0.6053411475162944,0.7843773258892084,0.8458513018720883,0.7825928865649021,0.6445120623065751,0.37182849272276713,0.07531119296423926,-0.0252353871469179,0.016087332007239392,0.01605970723190855,0.16159529446815776,0.39802968049661286,0.5500863341674972,0.5467654936031966,0.5968613075566687,0.5990063518251206,0.5074628641968677,0.4031641028088605,0.23921670052251084,0.21739474008511597,0.3465698601533196,0.586421892333362,0.8113920521338582,0.8868540866123574,0.8250118136503986,0.7268803788733632,0.7630759076037625,0.7473159248746062,0.6879861032846305,0.6879293362247233,0.689486019715231,0.806150956224757,0.8120125031774542,0.587557748351522,0.23458583237842118,0.1661363562844111,0.32825997893838044,0.4067361870252983,0.43777999364306674,0.3742129735736767,0.3546814908636257,0.42370436355436286,0.5893543790349738,0.5405669149437629,0.3034867429987303,0.30796788164737915,0.4883581244618374,0.615762333431033,0.6491490684570508,0.55390568945615,0.4912703921406648,0.327394918433927,0.13776566914035515,0.18312223617976653,0.1305885524814414,0.16108360727360926,0.3456856594474546,0.2845327046905572,0.131862893847331,0.2054453255859238,0.430916135272326,0.5035435316055502,0.4965393164242981,0.5734167951424939,0.5736787125562541,0.6311078964733051,0.7437540406155057,0.7571223919874003,0.6599400623369792,0.5493550267487475,0.6820115021336579,0.7640058313722587,0.7226045582286088,0.6239026756276436,0.5670731589289346,0.387274150783082,0.31748662480627476,0.3402332196405379,0.21064951097155693,0.16770515909211617,0.17150528427555928,0.1450928849554416,0.33919192814846194,0.5837567646447328,0.6797154642261277,0.6875428129989084,0.6539680205809612,0.7156776673632531,0.7163029101494579,0.5887547752034726,0.5405529975515531,0.6113958408153234,0.4046585160945096,-0.04088105384953259,-0.08826854228210118,0.1665956279902606,0.3750263952552719,0.5733448185022286,0.6255136020447389,0.5488317885127394,0.2575280385902871,0.06855895824250564,0.009770238876215115,0.1814655663880779,0.5849072987128774,0.855443443446613,0.9594856206201787,0.9393785903492317,0.7944652107641229,0.5687642988490316,0.4189108754537245,0.2476283541732599,0.0659105692730855,0.06719164300628028,0.15001921168570795,0.13487632774917552,0.21326493063538665,0.34245544527455174,0.3151986536820506,0.27836024330124104,0.27358727885513834,0.42802187812920495,0.4894083241005684,0.5374391120521957,0.42167276028059575,0.4180877899724189,0.49452611334506674
0.5537760854982245,0.5331049926441963,0.7071431745465115,0.7993875863428427,0.7541962371880704,0.632214960752615,0.3630447107438999,0.13914012720343194,0.1057591342728644,0.05415592437784513,0.015072571204020422,0.1809455788969628,0.4535937426203077,0.5698143674584262,0.4987716804167341,0.563514873763511,0.6674984576174707,0.6453966241889634,0.47032576776222657,0.1783149467658207,0.2009079003940783,0.39787167358577247,0.5751895863564158,0.798597342095222,0.8973365706174314,0.860880322196476,0.752912967535027,0.690904425509673,0.6142304215671862,0.6012338235055538,0.6773407912651884,0.7329843634690159,0.8077810321038006,0.7961143366887707,0.6243474155799257,0.39072913018108224,0.2582507159303568,0.37780387300642276,0.5305537484069178,0.5892576304365411,0.48329035117055835,0.36931624783962824,0.3841478518224024,0.5765676716761795,0.5703443119710015,0.3606984826677382,0.3223264225471744,0.3642266816864271,0.4235788597775054,0.537554871620976,0.5038837100881368,0.4585854329073361,0.2839612936088219,0.1922142786152241,0.30824944704122625,0.3302562949041676,0.3231202342728393,0.4094888383466702,0.26205351287262585,0.12239614763247382,0.28823406708999166,0.4458875240298188,0.42973826993535513,0.4557445348937552,0.5717568072165679,0.629512886999762,0.7332739134761196,0.78044975302226,0.7011593476382216,0.6040484954135428,0.5141247914555899,0.6862294606454493,0.8205239419671545,0.8322365603979389,0.754797077427589,0.5940455228545455,0.29232486312044037,0.17629522079507795,0.35603024082093326,0.4161200125452754,0.3434539316678679,0.1469444790617132,0.05282997420735027,0.2782299759359111,0.6292393385198021,0.8132113064518086,0.8693494453215218,0.8660527948529346,0.8263157153947274,0.6575811286241932,0.4410210423173822,0.5238360201882348,0.6400370648589585,0.48369696808190604,0.1263081556020647,0.06252105261582276,0.15929445476781082,0.3216853815034466,0.4538462450712067,0.4158486654296979,0.38906213515523175,0.15598208529890983,0.03760737257952355,0.06873930185994466,0.3379782988925804,0.6576806136084027,0.869998635440798,0.9582926074966048,0.9339891350909143,0.7789508976547378,0.5242383686108905,0.30314607390110515,0.24808132055783985,0.3004800757143557,0.37377820234259007,0.3523438294278141,0.22122844664196373,0.2847623546721525,0.4310538414293618,0.3312995954450566,0.0889971604039085,0.11161699510598512,0.3740413230054103,0.5341458116832868,0.5999852901880885,0.5695637523476874,0.6577950730987825,0.7076736871207913
0.6732180941194879,0.5815549658376727,0.661376060390237,0.6958992674432471,0.5743309161150649,0.45835434875395564,0.2707749323389487,0.2686111918232818,0.2567678415997329,0.1602245512504589,0.2454642785977166,0.3865850365258154,0.4949273793076534,0.5400733698116409,0.4518197463662843,0.49848043196160935,0.6897862636200448,0.7090765232648825,0.4311864069679497,-0.009054260161290857,-0.01901370080250931,0.3056616313950466,0.5796279462124295,0.8067881416030267,0.8984340078189085,0.836588722620988,0.6557950865665289,0.47819700160271594,0.3415121963290888,0.3973819875846983,0.5703278161005985,0.657793410615074,0.6865573495674664,0.6738351183195133,0.5525240107928685,0.4359175115598943,0.32426869653583995,0.3994538490299998,0.6062638490789666,0.6466635469796093,0.46477052343530745,0.3099615949597989,0.383713125541782,0.6161192567755949,0.6841242154366125,0.544889265771773,0.37217339730072574,0.25627585703376804,0.33955394561814883,0.5354082052475786,0.5783413536395366,0.5237411445886316,0.44031299553730097,0.4275989187096372,0.5008379693387103,0.5850012330513803,0.5885338422600608,0.4943940978133921,0.21187764389141925,0.1467789124789655,0.3576272369665437,0.4743739574457046,0.4767957544445412,0.46034450971921026,0.5435301466824082,0.5670877286271329,0.6881565732612627,0.676987535005385,0.5334496498361777,0.5535826696394658,0.5977981386898565,0.7576579573216593,0.8640978741473886,0.8739897049315734,0.7968059387563547,0.5492544486900679,0.1807170396599926,0.13752511867703227,0.42734097999973514,0.6191493140837188,0.5668861357118206,0.31534816260759385,0.20033959250155667,0.42218454201346617,0.723765724405534,0.8947984070134846,0.9547684716195495,0.9410817454642109,0.8207518338640232,0.5609364847699055,0.36514825445911825,0.5178224846539916,0.6085603281938011,0.45032753837998984,0.18179450000943007,0.12326589457762317,0.22169922167023576,0.3388331661744383,0.4617148424969415,0.41893008315590735,0.3936641518922,0.15417376794009213,-0.023661636701519783,0.11396528597141616,0.4203141242865214,0.6587303986192218,0.8444342004779501,0.9223310961633628,0.8579726202257847,0.6390238190062779,0.3347521864362803,0.10821065260186168,0.09316016625718568,0.32916639747756354,0.48817791333859106,0.4807116680406356,0.40073175075442624,0.3980528813771926,0.5266307253767482,0.3983741206296125,0.09508355644855516,0.1585619659186899,0.3484314921015987,0.48011810706604424,0.5502387061768628,0.5752358271098965,0.7410972799736556,0.8125383768506678
0.7091148284111429,0.558926573694234,0.5731066405442133,0.5709450245715734,0.39794370319264133,0.26877373641451324,0.1934170799924661,0.31981627231400794,0.337456602415114,0.3117244771951273,0.455291942249836,0.48721077896898357,0.3878925269787956,0.43831477752226927,0.4302640932525362,0.5803036876526962,0.7600351037306156,0.7194647488702676,0.3469423612506235,-0.1097960180289332,-0.11958670893473997,0.1924886160850455,0.5004141413310828,0.743953947840416,0.8115459428806526,0.7053310921770616,0.47124920221543165,0.28228070997333043,0.22162941532144104,0.31212995860672166,0.36796883336672803,0.37464454105671235,0.39811998726324305,0.48582665394908253,0.5049812796452139,0.4276106364809864,0.3595974848120007,0.47436871058992597,0.6249385828081261,0.5938034712441788,0.36690878210224603,0.3210455520742177,0.41711819393246147,0.6589514710254819,0.7465557855106058,0.64160594126538,0.3910224511839722,0.22621828402579458,0.27738646864976946,0.5177006583197887,0.5770259909656827,0.4731555622882048,0.42723783880264454,0.4742917239117647,0.5219439680474804,0.6882324924833482,0.7456527579312765,0.6319639292165968,0.3887868323698358,0.38018909798441275,0.4793742806111834,0.521006497623427,0.6048525934793854,0.6347106599561154,0.6467026444891412,0.6148437909942764,0.6690783148363768,0.6112766085167584,0.46084985152880814,0.5067777063707846,0.5954505161479486,0.7366428553569057,0.7695616871354763,0.7272800954764241,0.672539999875451,0.46005517216460523,0.2055868773915976,0.2334176860978693,0.4501480817184385,0.6515662717954237,0.597763348784259,0.3199528165178727,0.21328694198269946,0.4794921714257546,0.750797690557546,0.9114991503438348,0.9719216508247306,0.9331796054324774,0.751728846332841,0.4552216174501451,0.32585843895543637,0.4340480187278533,0.3816230388225415,0.10927015893454618,-0.17777633445137406,-0.1781151221997361,0.12417500511252426,0.43703316928964353,0.6335262844864744,0.6457568007105808,0.5472284782972038,0.23407194323651312,0.015825420695173523,0.14540720864211368,0.44039532438257273,0.6129550861173215,0.8033487503049044,0.8683169086502721,0.7633422025397039,0.5210746007635164,0.26682016407400255,-0.01078831299938308,-0.03090792819433246,0.1709570148651485,0.34693683159615735,0.42346871972947925,0.491841826220271,0.5233270362512383,0.6128845036498378,0.47621874993936103,0.18683905480709773,0.23659865299624563,0.29063625930442516,0.3548547477966558,0.4761030224422381,0.6254034776087125,0.7886368754397416,0.8309770519480648
0.7462536258941798,0.6359645224572471,0.5284665129422733,0.41843437450582827,0.13590748781746964,0.04504309878802457,0.1112198679001359,0.29945496147846623,0.39212583544456303,0.5246300035941569,0.6393863998557059,0.5608532056977954,0.36116048274128115,0.45124866150909787,0.5483126240739745,0.717070874798405,0.8327006076779032,0.7167156281653005,0.3234865368794406,0.0255388531184658,0.06513700008851278,0.20625833580258998,0.4029148416083233,0.5902528516439551,0.6009758202761837,0.5272615833832359,0.44547495492260575,0.31184039999758073,0.17854849187072536,0.19385090938368185,0.04628260596243634,-0.0194197418628535,0.12252146656204137,0.2805698131731252,0.42884057901373024,0.4026321007983626,0.42810962774944267,0.4831665458927279,0.5568829747907917,0.5510023219366159,0.42084994697713746,0.48926484769382744,0.6067125181268177,0.7342794333813061,0.753449745069564,0.7046839385383729,0.5018293166821677,0.2743425492697079,0.3123732133031877,0.5116748471629192,0.5416775166614605,0.41943277159264525,0.27894734335690213,0.3804289857934921,0.4780651790293664,0.685454957013058,0.7942194625052693,0.77830525524747,0.6739804814716719,0.6324588100999003,0.6151572624045277,0.6639723762559099,0.7576652567981049,0.7849962399782032,0.73593297065836,0.6205165843052536,0.608378169600821,0.536345250916598,0.4373845558784636,0.42609103011470734,0.4829030439421266,0.577604832034237,0.48035724814343495,0.36422899052899377,0.39753142273431563,0.307923906612645,0.23029499601362924,0.20291623095300027,0.27049237399230275,0.47674801145533874,0.4932267358404516,0.3583944454654523,0.28022483725191233,0.474928262500978,0.6793217261871396,0.854024538341073,0.9313254183074599,0.8803816685778081,0.6833566255871285,0.4294192527797817,0.24602595048472978,0.28024287235308853,0.1025092240668842,-0.16270211568888307,-0.43760726917334763,-0.39274778753969775,0.010523942892959234,0.47582390357661386,0.7577615744505456,0.8338902127470369,0.7567805069757191,0.5053985188915653,0.2913186033826586,0.40288592773295057,0.6230761354681016,0.7493611095020155,0.8510943011749242,0.8433353693634964,0.7072288354839892,0.5535274374034689,0.39066440364808147,0.15444087586631958,0.08280147541223978,0.0705873769303012,0.23467130368883038,0.45358310141208924,0.5610036950998316,0.5524934414895345,0.6304688799087097,0.5460031367087794,0.37038509920107876,0.438530244342668,0.4660011520624238,0.4720896584404803,0.5137383317074236,0.6785577180050052,0.7784446504168255,0.7756619866376866
0.785525615916192,0.7804888809396119,0.6584233606761416,0.41983740327973895,0.07708550986646186,0.011469112297476864,0.02679966674662759,0.2666798417845517,0.5145490665041897,0.6994597591242246,0.7518427680747358,0.6489177573376453,0.4635782489022895,0.5152196817644088,0.5833588058670963,0.7531594665949243,0.8531630952946279,0.7423843036430717,0.46075146899235797,0.3662755908234057,0.4332069741795004,0.48093591620068954,0.5114955853690482,0.467583482462213,0.33541715249755766,0.28937931435373593,0.4097388385311738,0.39807757702080154,0.2930897686534727,0.2586854059056919,-0.002985466580127113,-0.1869179029158046,-0.06979884513662321,0.14042253983471797,0.3614337997772681,0.4002003826414129,0.44903640665466593,0.428315728620195,0.4846128264238166,0.6031246725963167,0.6215417880495984,0.6677365826023849,0.7110083618033353,0.7241252827893617,0.6674647695116788,0.7007877910610744,0.5902080390402744,0.3825386361785363,0.35732588631640055,0.5035574314862532,0.48620070594426334,0.3586110428974602,0.1406540655240745,0.22324705460197808,0.30053688300805215,0.553885615310317,0.7101658360524948,0.8093139014915699,0.8066840592171217,0.7289320760916226,0.6284374561649833,0.720431940604325,0.8255471906548545,0.8504457389648798,0.804723504929669,0.6513575178863884,0.47708319065825144,0.3419489160495102,0.3116490449025172,0.3554539351190248,0.48317648170414357,0.47380076328723586,0.2245881928460758,0.1046050288127342,0.17612816765358383,0.18845631135941876,0.1501352963100506,0.0474491842508008,0.029689253400446747,0.1587120545943101,0.22586528947845513,0.2807950572021614,0.2959809648171703,0.3585389272603068,0.49277379208588534,0.6990641404875024,0.8081719673735598,0.7798309451427542,0.6138059781022428,0.47601561801774017,0.32902110330952206,0.31468046886013623,0.09004608947442418,-0.15980654781859369,-0.308142553536573,-0.18931915376512623,0.18662188249416764,0.5375536079655275,0.7858303804878144,0.8604728751966592,0.7921793981832361,0.5729592994505999,0.3396200828639947,0.5093891372515466,0.7286044968937809,0.8313360960321893,0.8711832232491156,0.7853208820302929,0.5792140889928303,0.5046287041166878,0.49282820854220843,0.4218402616994515,0.36163752865491977,0.2882907645858738,0.4478441269092307,0.6348630714701847,0.6813742299956269,0.6058774663009335,0.6037186197000132,0.5716226960935492,0.5523215575829225,0.5875181721470488,0.5930494799811136,0.6405469867045483,0.6954833410555727,0.7622865545875892,0.7313711938064806,0.6737738898802141
0.8273871806433126,0.8728982671187774,0.7487546303908231,0.47637130531008703,0.20538898557317903,0.16989225212979048,0.12907211099242996,0.3111368234482814,0.5970637096125043,0.7362795514922923,0.7238707431656929,0.7021191074816318,0.6279019515526336,0.5635846957648432,0.4770353130374968,0.6347301928731738,0.7417366314343341,0.6398572488796173,0.40807643562196416,0.47839397825419305,0.577356301737041,0.5946052659866892,0.580855659589135,0.4593712913689615,0.3733167359162278,0.3342968427879528,0.4555904712898342,0.47774504146099334,0.5157574323896066,0.517867945858504,0.2577952121539854,-0.1178270961717609,-0.2598087086112976,-0.15842397048910828,0.11338306343110216,0.24567243026267788,0.46696621443692155,0.57882957881787,0.6642797590880407,0.7571555670708597,0.7445838664830237,0.6536623506560675,0.6007092716948546,0.6048866817360323,0.5749612385390337,0.6512409563457161,0.6013307228161472,0.47290864462791565,0.5225822304882259,0.6242835655354929,0.5911181584101785,0.3976858856232526,0.13540617462946417,0.19524501850066497,0.24277137442888558,0.4528325707617715,0.574840327724468,0.7424765740846285,0.7837425089018503,0.707437610310307,0.6281981078310624,0.7275645480886745,0.8085552677689221,0.8075264513520529,0.7656824337358277,0.554081540509966,0.2582271219205776,0.20828431767505592,0.280936699838575,0.47759999424972477,0.6285492251178972,0.5706723212720305,0.29297221755613795,0.14667415196288353,0.08503794944953816,0.08668559588124186,0.0655184207881706,-0.025737445569454613,-0.12064193062184696,-0.1483856679956339,-0.016904866822488478,0.09569164989488514,0.12207271720961378,0.11419073788803867,0.29947978959601385,0.4618232712527353,0.5929498312340107,0.6773735613211426,0.6709870375849654,0.6401690761620028,0.5897990153830708,0.5508361606843258,0.39776025788749647,0.22945389252561033,0.21495071506937605,0.31268532904223656,0.44283145703570814,0.5339361273509274,0.6810137748699644,0.6782736177029246,0.590142094052154,0.42905920243933915,0.22792135250960965,0.44797169551461635,0.6869111605405376,0.7833551392198055,0.8295068397637113,0.7354835209725541,0.5053841397166745,0.37858929780318595,0.4128747943982487,0.48664553382744835,0.5786040499362989,0.6187145509380485,0.7298178219309188,0.8089350890480529,0.7417321605271839,0.5297750699305115,0.43197256576947585,0.43809924385870297,0.5300014297719166,0.5416200890679157,0.5621671148302679,0.711408952589992,0.8060457559418258,0.7887006608520535,0.661130972950774,0.6474721597677581
0.7645813052978782,0.8487059500228257,0.7613585535664467,0.5627067760630818,0.48892679281817447,0.5032723346231928,0.48221690151576596,0.5680528990672443,0.6685523781295354,0.6340536790469293,0.5197640726959594,0.6088057805122988,0.6607958848895019,0.5525745577576776,0.35411832704603485,0.42333751891215887,0.5189843001695097,0.4748394127606344,0.30599133931615324,0.4268178393578985,0.5095755318491636,0.544520209743183,0.6249807420090315,0.6072734716234202,0.6005609464940358,0.5595091373318374,0.48443661092714074,0.3914772710974487,0.572345184986688,0.6765635740898005,0.4860880718368114,0.09420012255957046,-0.2269628178934791,-0.3072496231302717,-0.06818229945156172,0.1715108978250972,0.5024890968543038,0.701435642941393,0.7897502663558453,0.8334847584008789,0.7242799357788642,0.45034566496949524,0.299250038378429,0.34916079427608065,0.3485854902003393,0.49930116683605474,0.5328249822091196,0.5656510076500004,0.6436348375020386,0.6748020467736987,0.626051770965469,0.43592219574032687,0.25263437568696756,0.30852387002303955,0.3294792001455182,0.4578004469379006,0.5186023807084665,0.6084984465745369,0.5888298548389092,0.5215864684523045,0.5146432108815426,0.6731440453526963,0.7464371282463093,0.7049103290770443,0.6482373185048493,0.37761273562259623,0.07706833343092317,0.16314043963181815,0.41803256510867626,0.6730415812728407,0.803284618331434,0.7462610110618179,0.5104671211487234,0.31520875216395156,0.2465742860369203,0.28418695228112645,0.21118957728616986,-0.037483877533682944,-0.20862342381237176,-0.264225996342306,-0.0741349885305854,0.09478413380858595,0.015403049969238206,-0.04780544477765578,0.11164583939260425,0.15680615433325942,0.294967792421597,0.4917854335316514,0.6300355594992706,0.6659394959710068,0.6645271415012237,0.6007256692154508,0.523219196783903,0.4365065162599938,0.5370772639880266,0.6020243362073245,0.5578922548814367,0.517667383556808,0.5263526115962726,0.36687528062636815,0.24286284680907883,0.20168379321562915,0.07902650649280185,0.3046410051718103,0.5596683711459965,0.6470173852723038,0.7305260215278708,0.6773176932693383,0.46392146623572,0.32831521221560483,0.27290240388767645,0.41038816038269366,0.6574145041930766,0.803250176545175,0.8958171254688692,0.906117883986145,0.7645954110045344,0.4827404153617759,0.2709721916444789,0.3426288855830459,0.44527685722406624,0.45423228187249054,0.5901318851576092,0.7768194057668695,0.845189364458878,0.7169956830857445,0.45600900004655254,0.4847332921589873
0.599639834881233,0.7122741410723151,0.7571991920877068,0.731684496622112,0.7373828212408402,0.7214375021719448,0.6589729394637388,0.657886332600518,0.5882661235909193,0.45022645464583405,0.32275583721853024,0.43382324132066624,0.5552826738505139,0.4372611469523678,0.21449310158356047,0.18841078113307744,0.28584570468452775,0.3764470161317776,0.3126763983753435,0.4005343698540765,0.4414036129407766,0.526323283588811,0.5908094248666591,0.5877649295859358,0.6404857474576061,0.5892181989341311,0.3632300689576684,0.23892780865167637,0.5151076716250407,0.6594819520431081,0.49741944394884613,0.22096343370368685,-0.01384981040621397,-0.19386132084470936,-0.020477701978022286,0.2771543385032449,0.5341729992740809,0.6823626466046994,0.7236504502562306,0.7852934371405195,0.6864616792365102,0.40684155333249655,0.22164041871283327,0.2504885329499435,0.23751912796390084,0.3542442366135449,0.3640696109394992,0.5131191647293888,0.6262456130335496,0.6003410598452196,0.5699566966063929,0.4628683350971645,0.4268905787135619,0.39195505561686056,0.2835360466794268,0.3390022752423231,0.3101470556358331,0.3287502554882542,0.2917654617541332,0.34466693495363243,0.5132804875392883,0.6744360648987755,0.7373425763047254,0.7082701077346667,0.5678402745680081,0.2411278671081256,0.03824424600667828,0.1954058869380313,0.5479763354610323,0.7914600369392794,0.8633922359538162,0.7800563376149803,0.5422188028104393,0.3387837959547987,0.32608392718503,0.44540412392861717,0.4049982606815345,0.16956172330591376,0.072505730045357,0.05130308214704843,0.2577821490257853,0.3546999267008422,0.19140101938509724,0.0601305005994142,0.15505738439676625,0.14993311711491142,0.26880482632017283,0.38234238299740336,0.5487917350110778,0.5779964971941897,0.5684357423600277,0.44297329780152495,0.44779473635868194,0.4733498685413768,0.6083185857353385,0.6486883713767627,0.5239119766735535,0.4539441570968705,0.4417927131806637,0.2594206159599778,0.14505275011363697,0.15557223221808553,0.07338239187132338,0.21176709393484466,0.463477891776724,0.5720959975501858,0.628373249124084,0.6230800306970877,0.48489509651097845,0.3252980373520104,0.2730386177732645,0.47668841026225167,0.7244720686118349,0.8596101464845385,0.9267932623664933,0.8785672899700885,0.6640968229236721,0.3596409024246148,0.13614299674986508,0.2052030943800695,0.3114392165132178,0.39099141034998997,0.5901036841109688,0.7985030630324722,0.8568252806284581,0.6916271379598522,0.375174084218385,0.3320885745452061
0.39041724151145935,0.477118712624865,0.6941895363874173,0.8180692898940213,0.8389999180667587,0.7448377245620778,0.6007187417281923,0.560532575630207,0.40517481758645874,0.2903608711871443,0.248054355171972,0.2679533604963458,0.3927825433901267,0.24299858468883914,0.04948689785526349,0.14662882052238185,0.2981077503746579,0.4469229451208029,0.45209436312621304,0.42701752357402,0.41802429520500367,0.40705396983067643,0.3556626793415452,0.2944704568008709,0.4074647660004825,0.390114290876542,0.13305712813753842,0.14434151046932575,0.46854547983765243,0.5602005082143792,0.3831161823561263,0.3481573099084184,0.2905334671798969,0.17530937332806273,0.30529031810222135,0.4523727052860685,0.4947752153818442,0.49444704382597215,0.4447488682175357,0.6003702301364219,0.5996029364090455,0.41247831318976064,0.30869095330102825,0.28574634476659144,0.28777191394251445,0.36266689935187296,0.33591458502525956,0.474814012599922,0.614063781004146,0.5999250665335052,0.5716078418500092,0.5769430568832645,0.5655252931752585,0.42755792415254057,0.24390054635096975,0.20928059497603688,0.14220186208245508,0.14098558060240057,0.2386936479876853,0.42517818148995695,0.5820989554832281,0.61206735373411,0.6085802212567407,0.6062988207905629,0.46508489787341245,0.2686240666209651,0.263734980836187,0.4439162489460403,0.6997190932864426,0.8245211398290414,0.7996478946911919,0.7201125744229037,0.5540603872937168,0.5018866896503613,0.5176892855531331,0.5508992188360325,0.5196060893208668,0.41080066514100966,0.4296378378397724,0.47938694859928066,0.6080862066068403,0.599535173410852,0.38500054874447104,0.2659023661822897,0.30350051436655107,0.31253082844250357,0.3893189396219343,0.43110031704554613,0.5846072478307115,0.6309922209381073,0.5474322412371457,0.338145056571176,0.2806713114481606,0.32614086033162687,0.5150654218490359,0.663732392615874,0.6495862378920353,0.5794713487433689,0.47267021567272827,0.2547409948440592,0.2340605266194242,0.22930939418177992,0.18312884305617025,0.1935932834871047,0.31272666084416306,0.38411553021390077,0.4062537184758339,0.42492900196296746,0.32745567414854304,0.1502580969015047,0.11773493939569066,0.4170240434190706,0.6357387088798695,0.7241306200055804,0.798130634225723,0.7274271338247886,0.46730712760791104,0.18919269700158844,0.05467247010590924,0.07338786093366272,0.12784370661852712,0.19881126471275717,0.43060397127534067,0.7216020086296533,0.8563059557121208,0.7795019716590913,0.5624555865108117,0.42777722130340984
0.13428632285068007,0.30710428585112615,0.6492920765527341,0.8409617587489423,0.8308713619841063,0.6688679456760996,0.5312494892853,0.49805601490243295,0.38042736964439194,0.33868449896017355,0.3147274622418196,0.28934148460701326,0.41254037188958725,0.28373926791179915,0.05560872053445842,0.18162814305761932,0.3052076820121812,0.4375239486217979,0.4282697292030794,0.27119213575001994,0.2386464277338543,0.19533037240287834,0.13145119801478333,0.0942643685281177,0.19054899784649512,0.2467845571531358,0.11217421174413701,0.29191792468345734,0.5372608683305884,0.48977278921464745,0.28028481974541014,0.41045310570071036,0.5283746690481385,0.556402694889629,0.6070417735025795,0.5914050423823758,0.48755013809117864,0.2899562262060601,0.18208159391599102,0.40972482053884557,0.49358227575855107,0.42394705156306195,0.3252038770533641,0.26497681756294417,0.32114168010607563,0.4730229929459621,0.49058321499398655,0.510124158635559,0.5904828846092938,0.5393546135711109,0.5056273089898048,0.5908514029081969,0.5905417651699282,0.4043931799608188,0.2496712419536442,0.10571445506024672,0.009424701227774135,0.10782778658607099,0.2699362436774348,0.5031355656716245,0.5855472023721489,0.4462493518873495,0.3284912632231719,0.3283508367213978,0.18904508002147086,0.13019918818404003,0.32957579127349623,0.5389111479317306,0.7385849472264223,0.7774418029398587,0.6836588697129035,0.6947610288999991,0.6815441749874607,0.679004905868784,0.6179462420909926,0.5018126544784394,0.448991782953718,0.43448704507623753,0.5575025250406086,0.6471884210675042,0.7677709143609266,0.7649888338058329,0.5839244017183707,0.3655180939249187,0.2970455604409352,0.3016200584510087,0.3599098272672728,0.3175940665915985,0.48884857527441755,0.5599256860165764,0.47085697209073235,0.3105447601961043,0.18082923611047688,0.27399986910566604,0.4272795463122253,0.6560515217401878,0.7175529567015922,0.6253609228411718,0.4810322783779582,0.2709275907354004,0.22562616938576913,0.08076719911707354,0.018321962878992515,-0.03133594038679916,0.08411599602737535,0.22840516924542353,0.3361314877837636,0.3188623318552876,0.2504252292853897,0.14516352143797717,0.0559267433427441,0.27742528797842025,0.3528454271234948,0.3693590005537531,0.5225026836437643,0.5503032339201058,0.4367572339314827,0.24741204881930953,0.17689537803277425,0.25764314880167666,0.24448485065702377,0.16579532526293725,0.2576558092034442,0.6071159460673962,0.8183787118826266,0.8109720149531776,0.651103146483762,0.44908114655155734
-0.015989125788033482,0.18505013553299493,0.5996064747643156,0.8037593556012974,0.7225076022264486,0.4638030560167027,0.31262964713685737,0.29883084415822336,0.1903435820393786,0.22191234973966023,0.26008208690125384,0.3156520974546626,0.47436615086953277,0.3966674146853815,0.18774917302290756,0.32962750302507493,0.4446139482294071,0.458171228631855,0.40904960846172883,0.23662709645773522,0.23657360621236112,0.3197390639078082,0.3106239800948567,0.2552895587857241,0.25234268204055027,0.31542932700930326,0.30293002476418157,0.5116321446463618,0.6065161446839163,0.4135460156671597,0.19675907879468907,0.3878338165192753,0.5759422312124607,0.6996532697870002,0.7173455264670798,0.5823332193956801,0.3827284556163034,0.07751190152323913,0.02768513032393374,0.26790064290512006,0.31767544223296523,0.322599994063703,0.32252209081762,0.40996891090969495,0.5260910663399149,0.667474079196346,0.7009194477149053,0.6666178585338014,0.6419408752200572,0.5408373315848756,0.5428570023317754,0.5869990647167828,0.5679442087215237,0.38821634465659843,0.28430264132790395,0.19117528275416334,0.05650219508917404,0.14917028030703627,0.36634142847834744,0.5629269482705944,0.6413254641902485,0.5050177245707885,0.27440206664030153,0.16576248803366633,0.07996066278724204,0.12008803451873006,0.3533904924304942,0.5094204656810455,0.7076349315075254,0.7397762466230562,0.64424173229791,0.670238561172587,0.7187133866787501,0.7285786187225471,0.6393889217649309,0.5330308077429483,0.46405733972285956,0.5296804135299121,0.6212014323712113,0.6592330478406874,0.8019335637964938,0.8545123921077419,0.7431461942958957,0.5055053348079851,0.3140549390158621,0.3608443951013675,0.35649378609068333,0.18570818334703415,0.23843255635084373,0.24778420786992233,0.20587480938051786,0.24281708699510662,0.20291597391931576,0.33109009210887164,0.45005966839095457,0.6553264366829359,0.6880142747708503,0.5150836352354963,0.3687801234523688,0.21897364191854737,0.13465245165307116,-0.06998676818106633,-0.08555307693521419,0.013655252543165927,0.26443244507818464,0.4541359554403679,0.5483361164680383,0.540087561770157,0.46501131670845924,0.3172828269607073,0.11622173456737289,0.15223617074156034,0.03857651855397577,0.04822592023688522,0.22191622583958442,0.33340092324604476,0.41757965662642793,0.3683416330694287,0.413622647612659,0.4631186350598457,0.3470066037533181,0.1923081691193352,0.2585676753901598,0.5776395003080245,0.7655105730109453,0.7664865249657927,0.6186454540876686,0.41635978201455365
0.05220970212964957,0.17745355720833386,0.5746502190065974,0.7407680555034962,0.5960966018989897,0.3252273120441095,0.1455960570119778,0.10330839280646582,0.019644082891888202,0.020858613237362326,0.06360918555371116,0.1852331053345029,0.46815393163481267,0.517085459684125,0.39725189648449477,0.5225485907355552,0.6332214061534817,0.6151294376523705,0.5165350095147345,0.43848359326420894,0.4714396168198797,0.47973410725456794,0.3588756761934171,0.22609197050676622,0.17481742862924032,0.37102773608588385,0.5432573835737675,0.6914721247837397,0.638192354658739,0.3780588361093283,0.23236114239565345,0.40762458640994753,0.5610770451711786,0.7414232304856282,0.7888396764458284,0.6492665377972899,0.38439278245899655,0.10836874485091211,0.11728977638130855,0.28278727399710085,0.2708625476313904,0.30161082926536004,0.4359020645653855,0.5406550879461377,0.6098900792607526,0.7168793442143722,0.7543428878840736,0.7129489985223341,0.712738399954439,0.6747245302098137,0.6421960374542683,0.5650024593533495,0.47667397944514867,0.25143020686995515,0.2140784336574697,0.22215548948514896,0.0790404020323147,0.055539250305623865,0.31843611171555225,0.5161248230120505,0.66205600490087,0.6241271794865919,0.38862143547161737,0.12749226605279404,0.10869613471633234,0.28776016211984584,0.4598295743786606,0.5527612338068462,0.6956464375850552,0.6761510980144895,0.5031815842664183,0.49448850421429635,0.5723712809764822,0.6386361012289816,0.6038583642635713,0.634148582363746,0.6438900595604036,0.6701736591412448,0.6886172030787917,0.7123182923949251,0.8308808868797937,0.9017391705272706,0.8417879564865808,0.6556733625761351,0.4565829761399946,0.4834812670809184,0.41638830679052485,0.13547336056894563,-0.013311226177137227,-0.08621910335643553,0.016750770342492265,0.2082888556077916,0.2514660385565327,0.3352764054606053,0.3773059361065628,0.5910081436307568,0.6114500617185474,0.4063981523359741,0.17741101733335718,0.014548887377384693,0.0094936306164368,-0.01460783258979556,0.1773730332365365,0.39868091899375346,0.5922995338732592,0.658327758969637,0.6413375449312597,0.6052362732007317,0.524653701638372,0.4139583076818614,0.23230414815537465,0.16044606373076667,-0.02667735188964421,-0.0028067536549417097,0.09463612535806988,0.28713828028451877,0.49510006399298345,0.547486216191257,0.5483966718815202,0.5201548514780285,0.39861866155906006,0.39976279520965297,0.4904387977145457,0.6293422962601773,0.693302302566653,0.7159654770724475,0.6544616802684785,0.46658025029863975
0.33196042398053466,0.4021078181313487,0.6446335446847123,0.6803141845463144,0.4100166849545939,0.09120293061992457,-0.11902142914471384,-0.07592614111430473,0.04437866507382708,0.1241143974709792,0.20690148875230707,0.30632813028213024,0.5823118443440902,0.6895277831820584,0.6340277387838885,0.6387223014193169,0.6914159365594387,0.64451504447956,0.487372480744745,0.47312013947683196,0.5162072342159798,0.39385047191545397,0.1451138998877094,0.025596506166154703,0.046730723820559206,0.3392925178607959,0.6313924881147723,0.7517308326355208,0.6791769055942658,0.5615934096892543,0.5298205820402978,0.636409211552073,0.7336638563203544,0.8417649182977408,0.8596911028064611,0.7267949943039602,0.4765122427453532,0.3077275862738571,0.24453212170230262,0.30818049377489415,0.2536986806377092,0.39476763102043844,0.5315870240278041,0.5304391878660085,0.49862063215059377,0.5831906721503594,0.6376076010992962,0.5939307092187289,0.6785901672211426,0.7568166167433836,0.7762296994446087,0.708852031567162,0.5774828782476396,0.3622390804111808,0.33327638019846556,0.25262047604073035,0.02981678731635762,-0.05373908687397592,0.2509079274860006,0.4924180799607647,0.6198572689122311,0.6766436400728143,0.5479892543855659,0.32308123566320074,0.3407163563616831,0.46103531561872135,0.49756858695827344,0.5309207973355107,0.6604775316700164,0.6076356209708198,0.39862359520953117,0.30738597013481817,0.3989410298989737,0.576381440023095,0.6784498299422622,0.7607378922135071,0.7492933846011569,0.652740920567692,0.5819968172508669,0.619632450655951,0.7813138917671831,0.8831999377561095,0.8656397843240913,0.7774289994240811,0.6528302323943599,0.5866716603943305,0.46712726644780533,0.20060836658166842,0.010948720182805486,-0.08869930853532876,0.07928211084942331,0.18678859415441237,0.16477996829537175,0.2523105616179103,0.3035282203207321,0.5048364005065855,0.5097626545180263,0.3627750917909737,0.2128766891799169,0.020778595633706678,0.03042216853422926,0.18251427220506822,0.47364343323888664,0.6926856180485155,0.7555750573590124,0.6481465766638809,0.48385077278513144,0.37423067862439197,0.28881073390680617,0.3088711120888153,0.31591160117834366,0.23914525415826104,0.06880561758207458,0.06627850207007882,0.1269653889693984,0.28736795118919595,0.511245212464422,0.5670018229947867,0.4874318633867415,0.43762204470801896,0.43008559819214315,0.5551306744594374,0.6235626261750319,0.5803587023153403,0.5178835670801446,0.5478909502533981,0.5647743148724254,0.4823947672726656
0.47866728795443575,0.5466992056925812,0.7096202257135765,0.6794729225256199,0.4045338139851937,0.11507972618490193,-0.1466637927867102,-0.08497948427853544,0.09114043252425849,0.24906370575483425,0.4386247916391224,0.5595194575057253,0.7297636341517891,0.7802361652263675,0.689488175183118,0.5528373013109951,0.5727893538319349,0.5707760443499149,0.44593395018363485,0.4218059963493303,0.4698108381959268,0.3086478405209867,0.11647372916181521,0.08366354012463002,0.08682720470242615,0.3113891861750461,0.6159237936767904,0.7070622547746872,0.6549019763641679,0.6958200401916648,0.7579850505538956,0.8269677002854043,0.8786672411729111,0.9264359506184021,0.9270490756886691,0.8460870611155829,0.702802756178105,0.5727169618061535,0.4496135197498354,0.41818759070312544,0.3450069513704713,0.49220911398321876,0.5656004802103118,0.4870608966873938,0.4455557944835146,0.45771350360547636,0.507456381833056,0.47810347886103854,0.5786271200441596,0.7489988932095549,0.8444961093217782,0.8442276047636404,0.7722981606987807,0.6457603784640773,0.5605920400985219,0.37860242690913004,0.13935499603678767,-0.07274856059281068,0.12386915620585658,0.32814111862051837,0.4286169976546639,0.6367821069058635,0.6837520074758022,0.5637631258097553,0.4931746715719043,0.5301343709749713,0.5192627936960166,0.5993215113648797,0.6596131807735998,0.5432187701111897,0.36711288943534104,0.35729820139169105,0.4537123806337922,0.567845462282182,0.6927693138064865,0.7850896513313901,0.7338776804314766,0.5250925230011066,0.3967329749505129,0.467487576222166,0.6930425216160085,0.7919341538814014,0.7605793631246964,0.7546242454883655,0.6825761939904261,0.4993126595560858,0.27297775715831196,0.0053827290315341695,-0.057354462374905234,0.013116644891525728,0.2300431817695351,0.23146414838956353,0.13977903864233449,0.14931935522273793,0.22150939487548083,0.4109333333114268,0.4482176339049169,0.4676963570956669,0.3811732372129899,0.21638807711008742,0.24448132291582084,0.36692909618081354,0.6236410577225534,0.7995542711753706,0.7891916159116825,0.59284812982097,0.3830662003310269,0.12715233810088267,0.035557158337966015,0.0881476941760579,0.28082146593916246,0.2978552320178931,0.23596088890888844,0.17895140958030692,0.22966504389898862,0.3852943458034616,0.48590155172288896,0.5024293280513219,0.4342562800876159,0.32096794953944185,0.3778095440268091,0.5950502475204343,0.6493349414917556,0.5138716471830007,0.4296561701122831,0.3493136494447422,0.36201510841933726,0.37611402510106406
0.6001918079166585,0.6909359466693157,0.7287657987910988,0.5974346752788356,0.3184227078924015,0.1646164917593526,-0.04709288985070915,-0.014757714226675702,0.1876186609885016,0.4444711953328675,0.600477978097763,0.632154022594155,0.7101806680439122,0.6886012761661845,0.5697105633682102,0.39609190231716374,0.40034271373265956,0.4951497399672673,0.46792546390176637,0.5350671607407097,0.5811697608302008,0.4790468134817171,0.3194887558708832,0.228323567016846,0.1333730134247245,0.36566985383624545,0.6137802322202955,0.6747596081862804,0.7066138996611057,0.7952254944043958,0.8621160651243871,0.8910978402304495,0.9238338775074717,0.9528845891746722,0.9463074416992322,0.8933984112211291,0.8209371257778955,0.7005741978883405,0.5311804255453817,0.5077776680466157,0.45985238750035334,0.5318264752820954,0.5532194814300487,0.5073462007592513,0.4370791845361996,0.429052900205277,0.3942704690665001,0.3375585375998814,0.45223726821559124,0.6912710810162832,0.830114371231591,0.8893686330098304,0.8908280412472809,0.8514365148625755,0.7937763268536048,0.637682560972153,0.3504022526449458,-0.017314256143787222,-0.020466510705406775,0.1443728415306241,0.31726549027495876,0.6209567779581353,0.746190088193409,0.6404030815619616,0.47855455021689747,0.5646049332797155,0.6486154373448695,0.7249831918309955,0.7083476588111275,0.5540202899965754,0.45222348157852216,0.41402267470941967,0.44987715600307826,0.4226217255562078,0.5146015859082708,0.6749595700148062,0.7361079483046169,0.6532569008884443,0.586766636829157,0.6353459601158365,0.7379193480127444,0.7008573385700662,0.5589719125513741,0.6149524403840227,0.6174870038541783,0.40749415170122183,0.0070020495860078896,-0.24811208480299152,-0.19096037222354525,0.17005495782534155,0.4731664077017397,0.4509424944659966,0.21037736727003023,-0.06467929203846244,-0.06469918656580557,0.22144173262243352,0.4019663956095116,0.4935180927032456,0.36384305787791604,0.19560401958098925,0.34895121934559226,0.5010976583933611,0.6353545227005473,0.7916769538349154,0.8149755895385435,0.6748541972502258,0.4653797533338909,0.15331314451784891,0.0076821527967327816,0.06543185244308729,0.32821329719854236,0.4554940309230431,0.46114769160112506,0.47743593613934754,0.5232871949456285,0.5323248956462956,0.43119042278569836,0.4129004713700834,0.44179266027177855,0.3927209402893197,0.48839441530519445,0.6734108041940773,0.7006225383652709,0.570573021152804,0.47479118149691873,0.339127596382765,0.31050751835320706,0.42361989650900467
0.5762064097392878,0.6586506018762206,0.6013153686532556,0.43785781409449515,0.26437579948293444,0.2849911249047351,0.2449559302990061,0.34464260640805117,0.5211991680092853,0.6671427450676994,0.6532608327262623,0.5167129611167793,0.5303898436801864,0.41704781329448254,0.28432978965466815,0.18092538858210871,0.37682308058454766,0.5914792334747127,0.6561171200056489,0.6827816416096426,0.6565051430606499,0.5912420604854935,0.4433520887757024,0.33509158771633846,0.1901245339117915,0.39139237667342824,0.5709954899868683,0.5746732233502956,0.6599901049024084,0.7645656897196683,0.8193076236316676,0.8221279981392272,0.8788565238963572,0.9163435974648559,0.8933527431714495,0.8315035823123118,0.819143350573755,0.7429605138011729,0.5934378910565193,0.5395443476808455,0.4303135390030842,0.41468091527784456,0.39060008521894646,0.37791032924859824,0.2560312099174951,0.3097803830976899,0.3439669629136535,0.4468074748514591,0.5858618573839357,0.7212458109176307,0.7821041951936921,0.8646956076186767,0.9225359069515218,0.9421794401486057,0.9241442657410626,0.8200253538886804,0.5663814112157829,0.18577839492422324,0.06014404167798568,0.14020074663555915,0.39757299409804786,0.6696451185388239,0.7851415142234568,0.6961398908486057,0.5425831099390945,0.6532081327347788,0.7780957338510854,0.8473291664405129,0.826173265678712,0.7027338513799875,0.5473789181072642,0.3808234493498615,0.3745165521796238,0.24778311068165434,0.2115350466141704,0.44496675478047704,0.6857945141692319,0.7750986526520057,0.7929775629168395,0.8236467478020141,0.8272093763042181,0.6935322050370029,0.4666967338418497,0.4594102849941867,0.4726464556216724,0.29387845441805754,-0.16260360943424207,-0.38230372867916945,-0.2822832179060692,0.209549157769342,0.532721833585562,0.4483253860329438,0.12312010953409351,-0.26228156870918296,-0.3044947983188798,0.011874928908602181,0.28270548597185635,0.422286651658237,0.23879180872174857,0.07722518741174389,0.2922195475155001,0.43315911337910656,0.4521037273235978,0.6596458072709231,0.7560700939014467,0.704585645183009,0.6342869646072744,0.4812857818689375,0.3388691502284203,0.2587459264249352,0.354875394714815,0.49056647433495515,0.5325998876376172,0.6416954958246119,0.7211131942091078,0.6830699167191374,0.5510085310028712,0.5386407682280173,0.5385824925886283,0.4508397764800943,0.5270403400043393,0.6722994485327115,0.6760948478484757,0.5623329054883847,0.5014644071643916,0.3664266384369555,0.3777130580172997,0.4499972066462807
0.4570656682487286,0.5457685048416144,0.43291411470556357,0.3008052648102021,0.2847997171787394,0.39648764448222434,0.4448041266972321,0.6166379050664348,0.768583345305288,0.8224055142229039,0.7233364365580193,0.5286572449978459,0.4816515957713774,0.3118218867372286,0.13966377106349298,0.13641838946069115,0.44643349309994534,0.6948973886185527,0.7470495912833413,0.7029846025904375,0.6394645849898065,0.6754017517920731,0.6313480653114588,0.5160667982816439,0.3316617122162155,0.4196048937501572,0.5332897014705021,0.49020822379119405,0.5033885956907631,0.5855441001093097,0.6721003070090631,0.6893606147167035,0.79340792820201,0.8274512785393094,0.7797506808341106,0.6881456324289933,0.7397905361272142,0.698382701446521,0.5439426755017387,0.5164715224198428,0.43120284274478043,0.3386354718135959,0.3247943015969754,0.2952878903233698,0.12722502131749117,0.22305522243566497,0.40833596558233726,0.612103844635727,0.7346093714447745,0.7612010809709688,0.727581304329749,0.8243369723854471,0.9104205543809933,0.9424594743936396,0.9206242671387129,0.8464840527048808,0.6852271701677174,0.4337162737363927,0.24221089992080416,0.2844926820195446,0.4947507847778752,0.6740421051889508,0.7985571236075694,0.7948130368358207,0.7407881214604891,0.8078086258588634,0.8895306241953025,0.9328955804848,0.9195806121901047,0.8302333025944881,0.6664047804649302,0.45524448012578483,0.3751490372536849,0.1571154361214582,0.08260977121470577,0.3072467337441581,0.648155584925151,0.8231918919903092,0.8738222732305448,0.9055776231903475,0.8831053957674019,0.7446356788959281,0.5313234415102427,0.3799366045122767,0.3205409682762581,0.16734919758930647,-0.3036207879170301,-0.5293762791726748,-0.3894704588424353,0.09966230613939683,0.38382193503528306,0.2400270405242991,0.0011790275331655634,-0.22891872235342692,-0.2171975786384075,0.07307908905963496,0.3992950424778545,0.5090708263294899,0.3167025312864566,0.07574287200447144,0.20994970492723145,0.3198752236665027,0.3032142106447426,0.529485108876014,0.6446167075732027,0.6444582597495334,0.7215901616319386,0.7107982653439542,0.5664905744424455,0.30560147360312856,0.21331001124581336,0.40345558457074415,0.5518187844770216,0.6698321865132381,0.7662199443254523,0.7359165796171402,0.6281014476146023,0.6748133657744664,0.6864492334791362,0.5999559130323802,0.5495973884861386,0.6124444616336543,0.616757972887312,0.5988497186789163,0.5312564682186769,0.38624143123644017,0.37106435755178985,0.37553706696793226
0.5962355699948344,0.6553210505547653,0.5434132647570628,0.40814687343677225,0.3687327007688965,0.5155348747608215,0.6487339679402793,0.8021711040710028,0.9032213695322548,0.9164030649727477,0.8379444846209659,0.7069079541441902,0.6053411990218673,0.41602980008932866,0.31729931235542685,0.32456469890113143,0.5429952867579898,0.6973703780613252,0.6738546944522225,0.6337684985139196,0.6725337572614101,0.7553378723256371,0.7642670808164089,0.6970701090842109,0.5371292682572081,0.45265861023393833,0.4752498986260671,0.3400787511335482,0.2588532749221623,0.3527446836599269,0.5782635063461884,0.695645835627613,0.7460431208851444,0.6940147964884174,0.6623387050423698,0.6233397549516847,0.6872905324021097,0.6205375789622466,0.4333391382586392,0.3755507879474984,0.3575023868372953,0.3442792317519068,0.33851792435221106,0.3357025687991778,0.15397638874795644,0.16381538367529466,0.39262295476599307,0.6567676129878669,0.7885066301903619,0.8162599236716689,0.7884055102547985,0.8134192167645996,0.833961800371419,0.8019761415998596,0.7101532717708458,0.6250614545357938,0.5639198312917566,0.5187107377514415,0.41916636901493665,0.39944726205457354,0.5382718107860756,0.6302654448759493,0.7871561963593915,0.8581475995551322,0.8707642441544471,0.9064145934633248,0.9430106301144922,0.9632651518999887,0.9610431080303959,0.9177712356760274,0.8249005298454172,0.6897441015874799,0.5657278319749498,0.37554701040903266,0.34506962185132656,0.49350430887125646,0.7147915213930041,0.8135257775349913,0.8200136541916218,0.8650991813365275,0.8511818980683804,0.74915007019141,0.6481903741066654,0.5268780938226966,0.4049801907535147,0.2070943042244694,-0.2293592891776974,-0.39763559901575896,-0.25818456821667396,0.09706505380341354,0.34102235103305045,0.29403194456556125,0.2683435696807855,0.22651435710820786,0.2949724844633148,0.47647712359767,0.6289454798729857,0.6092276250259212,0.4429894302582393,0.20169307137918013,0.21962136983707983,0.3121018241260077,0.32316500375572954,0.5101345782249002,0.6069500561193037,0.6885537151525487,0.8048335992872699,0.8484169696902316,0.7361770699357115,0.4338172767001414,0.1572360598749749,0.26913229204834394,0.4492415602749393,0.5576429397208286,0.6947221040398998,0.7418485357761428,0.7480158166182874,0.7979468608609497,0.7966772588640254,0.741270298645992,0.638916451442445,0.5392217750267709,0.4756467593395857,0.5046206209909218,0.38468854773436095,0.21184695777780255,0.30282803850564444,0.46973890304342997
0.6929179640372514,0.7113157297304937,0.5726081820063097,0.45153434211877175,0.4372091916405548,0.5534027769214735,0.7316776114185665,0.8758954069247877,0.9344472214817338,0.9101679533062255,0.8616947132226606,0.8240908165522082,0.7779052765498268,0.6622098958722688,0.5497594598212987,0.44598279378551287,0.5271614587753856,0.593166678661823,0.5126063072872407,0.516027615102161,0.6496329369028706,0.7229035357880126,0.7406457557405304,0.7576669309601128,0.6741561440423188,0.5502849955771344,0.5108153118381691,0.3756269792280954,0.25318839854781416,0.3384875293253196,0.5819796413500498,0.6929235295777645,0.6299706989073378,0.4423518822046542,0.48151799215905555,0.5153230541311182,0.5809098443749631,0.41770790426446025,0.13541729009904108,0.0718692389058492,0.16701371476789514,0.3379986840663302,0.4978913761537362,0.5556298736546662,0.41906034142653686,0.30650522853503853,0.39573554181846976,0.6154173899938582,0.7075779001555079,0.7411841279781286,0.7085029476910659,0.6448675262724837,0.5754084951643336,0.47448176969557826,0.3187079990168643,0.2348830918478951,0.26120379857131676,0.43253126385750795,0.49641695279112513,0.5735445565581213,0.6723675398605331,0.7166442532528381,0.8073494524164327,0.8436238546785608,0.8476351094464992,0.8556575673675839,0.8675252924784458,0.8916293717290236,0.929753675773924,0.943879607834092,0.9172714062522955,0.8267598065487602,0.6739925409067331,0.5089165221103252,0.5255367284320279,0.5879295701455838,0.6810208294652605,0.6824549177446845,0.639211591733206,0.7393657954918674,0.7617794678611701,0.6920389650222465,0.6885083017892885,0.6045326670154403,0.46152505183277387,0.33500004335608435,0.10539365561295905,0.12067222883505968,0.2638046727012795,0.42909602666640095,0.5152522003458829,0.5371265546666777,0.5612930297634304,0.5596094981617997,0.6498860890015875,0.7464950431478878,0.7459936222248386,0.6291457966691122,0.5890829075014044,0.5080455752704629,0.4798321976727813,0.47531092354865945,0.5070091926228191,0.5917529746540503,0.6111735260831821,0.722879780246836,0.8312913110164715,0.8957865726000419,0.8293919534967509,0.5598883468145853,0.1906390873223033,0.1439228168212929,0.3069166612991264,0.44099185469020047,0.5367484788931108,0.6279991137582558,0.7414302213276983,0.7868863328614146,0.7491465902342724,0.7452079702093404,0.6555257861242798,0.48163030352464903,0.4236398610058514,0.43901701933642406,0.28060728153748316,0.15506413968557922,0.29256877249600854,0.5598649360005634
0.6490759115004104,0.6130713806062742,0.4131300630993241,0.2982828388048332,0.3297427842183605,0.46545863193985304,0.7163515016834499,0.8689169023110868,0.8717987116173586,0.7718133956122243,0.7358887229846841,0.802447243741555,0.8433702743215061,0.8031827904125712,0.7293408933823222,0.6105444542246768,0.5475767680925611,0.5944413866247945,0.6032992053946504,0.6339892740367118,0.6542124594595088,0.5864471423042734,0.5894923840946167,0.706504645523803,0.6713931489372489,0.4838114995047098,0.3908735183473927,0.2644908332209721,0.15573136995106196,0.28062477996496843,0.543108396321134,0.6133145012702113,0.4895956399787083,0.261785857369863,0.4157755912161588,0.5647976990345309,0.5842204964640723,0.3494767044250701,0.10341683426868192,0.09803528230577563,0.2456667376879515,0.40976603099410897,0.6250336780185669,0.6974633582205033,0.6101438334517707,0.47824857141772276,0.5360327351309127,0.6054410293832264,0.5250925742114558,0.4873698622301575,0.4324741911509335,0.32847199570361724,0.2373369123079476,0.19592341989503415,0.1841714838194067,0.21558926358258057,0.26181989422455576,0.4483403449182169,0.5383867833580515,0.6768450801012608,0.7282666125041125,0.6832808519874015,0.6857087517119973,0.6190730295825169,0.5756944336999102,0.5668841551428553,0.589780766172274,0.6765357915929936,0.8196279444653329,0.9115214458091901,0.9267676027809321,0.8347288024833757,0.672876729804451,0.6046537723276963,0.6032457231850138,0.5337766861303296,0.5108571038438587,0.47547850405415654,0.4970699360993412,0.6558656360475053,0.7378078832169662,0.7404740566604298,0.7114221445113904,0.6017755277146435,0.5289436139984777,0.48828704065150746,0.48838844301585344,0.5894023742020369,0.6788118833193567,0.6886547309329606,0.624737333676816,0.6485569403540171,0.6675515931534486,0.6518597912460664,0.772576253786027,0.8479270683043646,0.7985263577169328,0.6844375223995588,0.711331075354907,0.7198458004862389,0.6543683853926904,0.5441906580371421,0.6005512581093618,0.697331062745297,0.7309122478588664,0.7694978215851986,0.7948829555678882,0.8540049539420981,0.8266500700117888,0.635945282654878,0.31027485801144716,0.16139883135759683,0.18669175554608936,0.2668459718991671,0.3003234502488266,0.41527587040900904,0.6190473865030264,0.6569100687957308,0.5694688767937689,0.6528109163342682,0.6489913974179208,0.5502820731272987,0.4897188010082399,0.560411803512782,0.5220196195030269,0.4724808158514774,0.5243744755555094,0.6379330349075264
0.5194995882553576,0.5256953676850383,0.3803261740523984,0.32836766444121285,0.36091500409529065,0.551308122135907,0.7670606062248885,0.8641098394490555,0.7920272489517629,0.6003304416309875,0.5511542462845131,0.6847025227939231,0.7739386808896553,0.7744184605284199,0.7910196057077254,0.7506343094187471,0.673632744686625,0.6565181994846109,0.7111959355981146,0.7161547109533445,0.5883585810835749,0.41682821754814375,0.5340099635644636,0.7045256210127044,0.6724726892681422,0.4477630319148649,0.2705813901465124,0.1819638708671409,0.21731787815296613,0.4116807996939652,0.5893148466545195,0.5537435127215875,0.3994643007014674,0.18249333197491951,0.4110736124781847,0.636068600811398,0.7034439647092057,0.5759476203028688,0.4068986756916838,0.3517221096944321,0.4852138231745888,0.5944745007349012,0.685016259320805,0.6858095536787884,0.6978640427627458,0.6903013838479684,0.723488812383464,0.6630722448184261,0.42739603219012506,0.2368229464723072,0.20086084696850562,0.23621846391910364,0.21023862078461011,0.23929145624892917,0.26622684772380323,0.4205642914668047,0.5456686858373592,0.6775662592477208,0.7368385843019543,0.7781413843354776,0.694809639906615,0.4916563599513223,0.41857453897329855,0.2451523331043905,0.19222654449807575,0.20888503062744435,0.27426419355077436,0.4451198137140988,0.6981560192902704,0.8394695415382611,0.8635014925906322,0.7331462788530244,0.5415203840972216,0.6035123697895872,0.666621178149078,0.5745417534595211,0.4007898384024705,0.3054720683090868,0.3661433717136313,0.571328454055908,0.6768176252360223,0.7106361340193655,0.6104069187356007,0.4352927165737048,0.4618188441278253,0.5142533519324223,0.6752077249345724,0.8214845841024073,0.8878530528669688,0.8548101363110864,0.7461074850043865,0.6974483032522379,0.7333643346114449,0.7697625720439814,0.8564583286958678,0.881984798648239,0.7990425450552923,0.6866047975075276,0.769512437311465,0.819482011512925,0.7326994701846806,0.5701662534225982,0.5886528700763121,0.7240371301024343,0.7899171568577769,0.7734685867267266,0.6959815639890816,0.7102864266896264,0.6692013122599628,0.5474751630955429,0.3171776679340053,0.2256398683625129,0.2780760282522651,0.28782981394142715,0.31819989710273927,0.39624417259878325,0.5604852633568754,0.599779833114021,0.5191515419289134,0.5901127917542992,0.5985519341970018,0.6333322846773346,0.6766858661149507,0.7453753277458608,0.7321511273253068,0.6679101796211,0.5775384715662908,0.547836017393779
0.5412292777425266,0.5233696213540721,0.36851162825785044,0.44939344425042155,0.5724840890373629,0.7153693820887485,0.8287682265192777,0.8840835030099867,0.8322136444777068,0.6809302327621862,0.5678478788909054,0.5697836899802323,0.6024420581858576,0.6067962962091833,0.7416579717847889,0.7977844078232798,0.7433493154054351,0.6758688270055678,0.7301295314902728,0.659671082049674,0.43161940687356043,0.29864592446394833,0.5258882464160077,0.7152192418707198,0.6731186532808127,0.4850873942251799,0.4144680160266804,0.3829201988966555,0.40471598209088383,0.6044844019961347,0.7348784392515055,0.6659222796095393,0.43610665463649834,0.19685871278678396,0.39797067297646116,0.5993114258129205,0.7077230460503258,0.710532014319416,0.6837480085673278,0.6690560461546321,0.6918379773891052,0.6421582920383346,0.5698964357142758,0.4923421149589066,0.6473823256477675,0.7824841410840674,0.829562561760617,0.6964949390439273,0.3545847401078916,0.13840212201845117,0.13258510593998546,0.19246789994529587,0.1762511130090341,0.31410751767595146,0.40186263261538513,0.5758683135751894,0.7346262881410476,0.8310354013935761,0.8376962535700004,0.8003344327614501,0.6633590050143574,0.4268592439774282,0.3677699195709591,0.2613643054697372,0.3175617105252135,0.3826920613908965,0.4397668279634035,0.563719395100555,0.707005035200055,0.7667361697270797,0.7772499781964813,0.6507959007152024,0.49276037479260054,0.6028168303857124,0.730519928654854,0.7266812594849087,0.6205204380769461,0.5333875443888446,0.5292059471776727,0.605006701026352,0.6120297152771484,0.629858081526209,0.5001488369356858,0.36548925621877526,0.47848458033595775,0.6304910251587547,0.7986592654892398,0.9154847699586729,0.9556056455960008,0.8994639545293942,0.7543707130157764,0.6593916371807879,0.7513554170782368,0.8424677869172011,0.8964421455618352,0.8726838702592663,0.8038057669154096,0.766763742049989,0.8374212880885687,0.8465831677677272,0.7040634427115265,0.4932217617327757,0.5026219306569801,0.6916395077230197,0.7937646226807856,0.7926324079428482,0.6810033498064886,0.5451557695786565,0.4221279225735697,0.4275620515467889,0.45370707308547326,0.49124733398559606,0.526681485823648,0.48130020746763563,0.3906133026073644,0.3614053138784432,0.4984819055967418,0.6218749453181106,0.6245124697286584,0.5854834679071343,0.4926081043340204,0.6349882786775252,0.7680795899710233,0.8089939005821019,0.745973249662102,0.6335079271031244,0.4424410215391396,0.41067530786259915
0.6568710561527646,0.5963386977304822,0.46648681820222804,0.595642786001452,0.7192991824954911,0.7596482197157729,0.7810624160042468,0.8525396602203886,0.8551271668564229,0.7127987361020939,0.4688468559631742,0.3199395611443665,0.34842807751946686,0.4618880403854017,0.6952529845439464,0.8316816388691153,0.8398498118237876,0.786228281537791,0.7190146474637608,0.48690282771038307,0.19708494999249965,0.22709900823948387,0.5310260854530526,0.7106275811816605,0.6691357953713863,0.5866107084201753,0.5951497430185041,0.6233562781846889,0.6463588368939278,0.7579558722358809,0.8133568485746815,0.7234581495859523,0.47606488497902727,0.2641689402113095,0.36656518528534165,0.43036570898930476,0.49609387230205415,0.5948426856821442,0.7364891649879779,0.8028687992904304,0.7514292120333863,0.5564999809875949,0.41789866825110944,0.3875402019067015,0.6306309478783656,0.8298584689594797,0.8814849106534854,0.7089828641022253,0.3074220219028517,0.0025870939795228005,0.009301701540052679,0.11238296933493178,0.15791777414438415,0.32007529472072216,0.34468870709831984,0.4763430898835412,0.6682353926050195,0.7685905886438278,0.7326492782237185,0.6836516824610888,0.6188104371749859,0.5034344063970675,0.5327239865340557,0.5603093455577507,0.6286572310218443,0.6442064648438443,0.6257183054112937,0.6832820839327829,0.7219291232234263,0.6868101255701127,0.6979260257568903,0.6088201809987227,0.5222912845181092,0.5549002017507315,0.6972261365948421,0.7979261919367402,0.794852854867887,0.7270720061543134,0.6633605298896462,0.6830073750677681,0.6646486033807354,0.631964140350332,0.49773535298540705,0.4589244257349619,0.5463829550208894,0.6979266158771963,0.8053208712062854,0.8667197657615296,0.882658491989614,0.8180285856114935,0.6806797818017815,0.6759711422853959,0.7953711912465216,0.8782934079464452,0.8565723111033162,0.742367498668739,0.6792363240278192,0.7260727804371261,0.805390951698008,0.782180912440284,0.6625986866662976,0.5801777554993003,0.6227324922990984,0.7254236728217689,0.7614664671231248,0.7628328250600255,0.6304712195641651,0.40524244891137917,0.28934582030973754,0.3544748621526088,0.5361567618712089,0.6145010651863376,0.6137181609901516,0.5732641409584637,0.45665580443834,0.4389477037448257,0.4866112874544235,0.635524494879777,0.7034024927731148,0.6305172701395924,0.4904568280755778,0.6429461582316196,0.7771556186234317,0.7636935770073988,0.6420142205130147,0.5543188989365584,0.4562619266425934,0.5243578554685963
0.7219554357605563,0.660801992903855,0.6213266657911657,0.6974981932323897,0.7304683333896456,0.6547037651045019,0.6354015139915823,0.7772602317038394,0.8226265796694403,0.6290145738362136,0.23146960692441823,0.04974672521466639,0.07605828646350278,0.3062744474052438,0.6550505361557032,0.8513853831184937,0.8906143963978618,0.8142304317723995,0.6470115182481713,0.34083378298949607,0.11805084429917767,0.22787400386331585,0.552308327726849,0.6829642547951565,0.5734246104319353,0.5126739525464784,0.5615570605547584,0.6324441367052934,0.6246774549099731,0.6759373981088886,0.7005987504059342,0.6659686253231801,0.4821303985722038,0.37074977496939154,0.37764998476582273,0.3364517919097822,0.22975280306173584,0.3466931269859072,0.6482885789562947,0.8050372711267004,0.7544008551382888,0.5602603919337722,0.4177694904653004,0.5053114475212857,0.7297699137448866,0.8889679716905524,0.891948261217292,0.6618155250783878,0.24558757625968358,0.013797265599926938,0.10046736820447635,0.17789318319432462,0.26915056708326585,0.3672166953863944,0.2666519032474217,0.2252588807150334,0.420229739155024,0.5660066830782464,0.5212794225067581,0.4905848649717711,0.5083099535664047,0.48833550972051815,0.6144081735924444,0.7406841562052843,0.8066799961882886,0.763934699080669,0.6671997062303302,0.7131387671003081,0.7655515587248842,0.7502203162338223,0.7045836786706455,0.5626390346296416,0.45614911602369396,0.35307046296210054,0.5104528883902,0.7344644207144074,0.829560454966077,0.7840037062325503,0.6758630995348875,0.6819876318252815,0.6720797787469349,0.6946721637787602,0.6502584084963232,0.6052384756585766,0.5814661139856923,0.6443281913273022,0.6152064616053511,0.6056887982051695,0.6200019638458057,0.5882086872641712,0.4797861812510573,0.6277610386639773,0.8089325933286048,0.8608658115132872,0.7273171062385647,0.4921983693650431,0.4208801981673644,0.5216961773587547,0.6130361118245105,0.5830166245244521,0.5275556944121921,0.5977964107138999,0.7014240134592064,0.7415584658188129,0.6931282071124054,0.6978039433880919,0.592589797870938,0.44739977666460823,0.36191956754241406,0.48247055996210436,0.6054675479123867,0.5870917970631571,0.5661656390901764,0.6441009568094153,0.6521533080860037,0.6356806781515236,0.5798381970377678,0.6038966072205144,0.6914817069159037,0.64936893906709,0.5196356870678459,0.6191069466350929,0.7217944259957191,0.6852313948003789,0.5752231839893257,0.4476932639129479,0.428968096432946,0.6129753515135311
0.7130016156802219,0.6186522521232766,0.6316382016903213,0.6537654352640732,0.6430491562262044,0.5434409753352049,0.6209757179360822,0.7846330313474752,0.8157370130792442,0.5699496366323886,0.09049443727208227,-0.09337543167093793,0.05900248136827124,0.400732996722426,0.7149043317924955,0.8481970289965667,0.8412230093436438,0.71671494689012,0.5835087994822308,0.46931944786410135,0.4237126864549691,0.5365783669902934,0.720899583921171,0.7443787726417447,0.5541171083814239,0.37249022216219807,0.3864561755299599,0.45044149564845776,0.3526755979106844,0.3806909552722369,0.4461746618238631,0.56285417499855,0.4858779370615991,0.36297364113325015,0.33199819191896734,0.3296341639890494,0.19723432529237364,0.2884302357570257,0.5747852194170757,0.7024794418769209,0.6326461749270692,0.5137928118174468,0.501994772545723,0.6542090291371675,0.835272030437918,0.9269948250889654,0.8479632032458816,0.5567880120546437,0.23152285008179002,0.1301033287036348,0.3069136937973396,0.4119431326745255,0.4276393719224876,0.44163692279572536,0.25391333841855374,0.14411755603496337,0.2879195872234086,0.5020968716164301,0.5626659234042812,0.536440895691794,0.4834129166562343,0.48982726033401935,0.5818524742275841,0.7564360355465158,0.8478582120166113,0.8070820874956537,0.7171525421776637,0.7089157603190595,0.781735809880991,0.8045332210924948,0.7487735672982547,0.6098323840790366,0.44475042292028744,0.25694504684196373,0.3517562334429266,0.652521806502737,0.8297345519326267,0.8410295012993245,0.752477346402969,0.674681802665181,0.6306666294417249,0.7325528913282773,0.7729354399873569,0.7435997060225696,0.6837279435530215,0.572984643689758,0.3333682288927436,0.255725577020343,0.30083996155709203,0.3896668228588037,0.38247445143658143,0.6140475552538849,0.8089618959351254,0.7990796998192332,0.5811675978472385,0.37956936230168015,0.3450678590743713,0.3587214672711435,0.40713362199630393,0.40805585091187824,0.4656230932800311,0.5554954431411013,0.7079385004976665,0.7673905128223477,0.7242992446106408,0.6891468168744778,0.5962019569283256,0.5954038407297122,0.6149702304215969,0.6871702183800311,0.6780884827072551,0.5625323063189481,0.6123065531861221,0.7450549375174752,0.7946684306199658,0.7191857845920818,0.5160789685546898,0.3992189981375554,0.520812546769412,0.5134401993793755,0.3549008586460044,0.45305740677862233,0.5878811307501088,0.5557284113146198,0.47885519011827943,0.33451326381194485,0.4430785167115611,0.6593332620446577
0.675289124380083,0.6044780656831196,0.5899831683312364,0.5367375975295822,0.5610111220440852,0.5404626785001219,0.6784354905817873,0.8365359339664971,0.8560257913872628,0.6299927714392828,0.18461435687525835,-0.0061822391673759915,0.1461783750461711,0.5086412425576315,0.724067669183767,0.7347618865705968,0.6831906677005715,0.5388805639330431,0.49897952942152035,0.5994533650520957,0.693032787035743,0.7783520353789481,0.8263208674048115,0.7452904537403829,0.4989264306480987,0.3358309035470088,0.36274054940210554,0.37210211836338086,0.2281843168630807,0.2000981378785027,0.3000520292247691,0.4467279473257694,0.3695779088466866,0.2417999353484129,0.33107803808911035,0.4078659329017133,0.3195555612758577,0.27421242133902535,0.46677356319243263,0.5058392616013477,0.40086744067442154,0.332709052816609,0.426957263670882,0.6686186225538139,0.8590763595219385,0.9042457841530994,0.7221526766666136,0.3131418374270715,0.03567043774293653,0.03617449266212712,0.3877682403729346,0.6230421956981977,0.6756279797375162,0.6518696925794142,0.5257289156523857,0.42702048122644265,0.4672815700451806,0.5542953284454903,0.5980174083213208,0.5131117821846486,0.32384278603106914,0.3370624002780773,0.39651139712761363,0.6491574700833638,0.7778170392554576,0.7377524066002711,0.6787819473148544,0.6319169165921397,0.7013466222462544,0.7084718668178746,0.6206497144515482,0.5071818767079854,0.41654356970207185,0.3526264560560978,0.4242504304161168,0.674805922138012,0.8374542685116886,0.8478385127546471,0.7541447826552453,0.6344129967777116,0.6511058631280212,0.765438735050152,0.807636036457753,0.7709858871281439,0.7389123786328528,0.6081417140150541,0.3634861525186607,0.293262444625226,0.2932961919968116,0.390457866746205,0.43320016095966346,0.6243052796529013,0.7675382356591546,0.6693520504930975,0.36832879544728114,0.26317232110647953,0.36578505685350343,0.4192246816030526,0.40206091055163634,0.433501834193479,0.4523099006424871,0.44348446117418233,0.6205549957074743,0.6937272190265722,0.6825143091411798,0.7133720028837229,0.7256575862658105,0.7788761645500328,0.8250611987064804,0.8441296152624254,0.7617194828745077,0.6138252921305372,0.6590048208650024,0.783031152022786,0.814717125593062,0.7003476973103044,0.42873351572096563,0.2839516787006105,0.38675326313694397,0.4211971198950147,0.2963774737307377,0.37899366261855494,0.5662408531015906,0.5930788793280486,0.5128186552599792,0.3389651489164693,0.4029805448281476,0.5935227476619795
0.5390777475640309,0.5240567436952472,0.5407459015229914,0.47296877328092013,0.4873939932656212,0.48956288510242224,0.6894184591227296,0.8689630128833137,0.9134613409398633,0.758055840414121,0.40628409700998874,0.14757245004523523,0.2950974735630626,0.5560547685422021,0.63408081321528,0.5283132370610454,0.5529984883861164,0.5735436782060932,0.6429080081538827,0.7688341314955036,0.8499092162222451,0.8558249235894531,0.7756031638642465,0.6015785745904367,0.26925013815574955,0.129305378804232,0.21426465745854598,0.30265348112773993,0.3258589894164557,0.2881321789977781,0.2532274230628468,0.36070764899018437,0.2718314378302966,0.18471567092188965,0.2883803923390784,0.4076237844555096,0.42588699370182165,0.3728712829430524,0.4817585765866022,0.47372073610730353,0.44683656243921993,0.3677821457603411,0.35126193357044216,0.6109833994899164,0.8130866655663035,0.8508332187551333,0.6461447625125841,0.2621609897581491,0.07354805559441478,0.07596121117060035,0.46170415484883526,0.7208421992045507,0.7524072971794474,0.7019658276155604,0.6472290008104067,0.575416634038709,0.5640006255480936,0.5214717082020566,0.5184752098268273,0.42712345818322855,0.21616516612839906,0.27746255420223287,0.36284809798492595,0.6088954183018762,0.703262186094752,0.6316507613925973,0.6472352607965696,0.6225457546856445,0.5709227292458668,0.48505038580421356,0.36204670718948245,0.29832126039042967,0.32759748729206406,0.4207267859678358,0.4975720513121714,0.7060676824726189,0.807381072352817,0.7535020592722962,0.62557802683812,0.45785282236805946,0.5480630535317556,0.6860492672938077,0.7415352525730218,0.7099078596899617,0.7493798077458858,0.6977371701279349,0.566488498053136,0.44180448477177653,0.30815908304272066,0.3806776754219931,0.3885105343375274,0.5210683249311144,0.6635737941773588,0.5869608040044282,0.35091330844821866,0.32392295069205945,0.4410330582447666,0.5426877842063262,0.5208608289163661,0.5015996361469438,0.49991802961523546,0.4506828221335092,0.5426815658074643,0.5238153298085514,0.5222164454173435,0.658580572174328,0.7807692263098943,0.873560694104341,0.9209048802012134,0.9061281802641861,0.7641831003505908,0.5380515015020706,0.5601669166562783,0.6920361683613221,0.7393760329288641,0.7198338937017792,0.5827392339325355,0.4653172019017347,0.44159006972158427,0.5017692301019246,0.5074738438153378,0.5706630729172825,0.6372912805894081,0.6155049566829438,0.5519398456128564,0.3847568657522322,0.2608709591715607,0.3825427686050629
0.4389386543704746,0.5285480817562143,0.5088152265001599,0.3524263985196223,0.3820063869973712,0.4417484568242975,0.6584185380391909,0.8614346813485886,0.9259819922456196,0.7993845857841678,0.5048522068587868,0.22349082216300464,0.29460007485335893,0.4567808637391867,0.48713857568014185,0.36551013258944764,0.41201901133220703,0.5674654033455303,0.7393726807117874,0.8684836313802259,0.907802446959612,0.8488242841112357,0.6923048427444426,0.5261476916737308,0.20046750752190307,0.022677735954298225,0.02185080420571825,0.14978766724394502,0.37109679748202856,0.4083578328888996,0.3502148700966538,0.4395928012961561,0.41561459040720844,0.3289814446255101,0.2807765349369871,0.38523602452492944,0.5495648750203552,0.6177143641582792,0.6979871600781838,0.7053861270239336,0.6737101304664088,0.5414686927966099,0.4077419857386103,0.5728266115099383,0.7069947928698246,0.732367823151052,0.5426042159666035,0.29326948644998846,0.23493116285604032,0.2773768084351255,0.5769968944449237,0.7095049749892892,0.6271163814837205,0.5624720122656692,0.6030977835537201,0.5862420022655667,0.6278832040577255,0.5735191660199975,0.4711865842749276,0.41322989190331155,0.28227888244303995,0.40397738253167675,0.5159721022170588,0.6580890342930513,0.6918529472523266,0.6127461767295465,0.6269979873509323,0.5974087870098543,0.4622308323180066,0.3858610712032467,0.40345951592256674,0.4404856151035348,0.5317375001320943,0.6454347677984087,0.7164387938367278,0.8030264910335327,0.7953358753579831,0.6638808158413666,0.5482089515747071,0.3627192446675307,0.38680791174553675,0.5055868652259294,0.6612577734121377,0.7264681250099705,0.7460392120164577,0.6873931320469755,0.6603187330835405,0.5781955452868317,0.44061717528760413,0.48899260177492104,0.44446212209038466,0.4096228992837828,0.5468540427286286,0.5378908534406482,0.4156447896552154,0.34210197140937504,0.4058008195499666,0.5147230329665194,0.4696313338595568,0.4698977652109854,0.5844115838962344,0.5972716874515229,0.5431439484555894,0.3863265755474542,0.43770667885877007,0.5741355987635772,0.733906186142386,0.8547162798000499,0.9053632284807543,0.8863094098348541,0.7185460703870509,0.45491078717288175,0.4204789951820712,0.5716043059898364,0.6404800035521715,0.7271148988051157,0.7157119513128517,0.6529374967769481,0.5595501696912314,0.5269504315373559,0.5838277208230772,0.6313050322836875,0.5806992066566568,0.49503343590561644,0.47541036771329154,0.3917225524659259,0.2212252162614131,0.24997279369241152
0.47001771281141286,0.5801788925338738,0.5301644881904437,0.2907118425878597,0.2278225686057471,0.2500523788510122,0.49560883527822264,0.7626303451499438,0.821640678647425,0.6302780512831989,0.351749500037357,0.15198158243244722,0.16646661401955037,0.2632000015752759,0.3056287535364582,0.25274079735374716,0.21939899913406252,0.43764922234734277,0.7094681988151346,0.8637463146725578,0.896090376735082,0.8684918933490168,0.7692013490839666,0.6195677287202155,0.33332397398146596,0.06187857308480914,0.0713237723772909,0.20254800964622113,0.4302109629827939,0.4513176113907128,0.4181043091515887,0.44402080960515206,0.45086065651706503,0.4264469498693482,0.4028121157175632,0.5179639055474712,0.6588941924215526,0.7511122970364215,0.8417245585618555,0.8742437147045314,0.8266156156347727,0.6535902342648431,0.47077347482552584,0.5095238387028214,0.5102286233747958,0.49133028448204635,0.28383783481238206,0.17467115735796807,0.36272200806602867,0.5477070609870859,0.6994233890449278,0.6329847832990124,0.4513922201840512,0.5204568782431358,0.661208133001744,0.7141800388593011,0.7278344551559887,0.6645348686925129,0.5438025360281932,0.5038375764316619,0.4411904948582505,0.5177292183909998,0.5461721104628159,0.5964843581429268,0.6136820326663822,0.525151570295943,0.5672185863484451,0.6338136347805159,0.5925453012241674,0.5347675901027068,0.5257194434486758,0.5454940522883626,0.6556594597547385,0.78151817389356,0.8420431857497349,0.8600008392432497,0.8428593710569489,0.7634406921081044,0.6680630669393731,0.47084530431705424,0.29082634082332404,0.300196280159788,0.5470510390941099,0.6752650357826336,0.6504134322138668,0.5424689870479031,0.6406022971395906,0.6836197395348053,0.6434842523701217,0.6571004729430303,0.5797170111908347,0.46454000767961906,0.52929670929658,0.4785952283952136,0.3787343676280375,0.2753877960617435,0.38769790843335405,0.4298334979161832,0.3488470520438168,0.49177993080305393,0.6747952744439331,0.6872129165404733,0.5544800139058554,0.3587454656156889,0.40718955590336325,0.4635410584148329,0.6001173986208702,0.7304777374859247,0.7645461087268316,0.7353997786148367,0.5555444963759076,0.3278717378453224,0.42680697622971936,0.622377543204906,0.7091827955620642,0.7314065524469276,0.682228283860661,0.5941014484477837,0.41279836717537843,0.28325249344906583,0.4106105924608546,0.541851489025014,0.5072446943676499,0.47281673211626485,0.42699363307964167,0.46124705071646943,0.4502720073089351,0.46506710132423024
0.6951385614516689,0.7360079717962522,0.632524604778473,0.35003651776672745,0.1456725680377416,0.10182178548164358,0.2916486817405895,0.6013588988294745,0.6076212282919992,0.27208340705185213,0.007591080782534149,0.01056696569858055,0.20414819345992605,0.27129378895929956,0.18678312124432442,0.2022473398905704,0.1692425629650959,0.3423416959003963,0.6074295072648251,0.7225877094178643,0.7327185663432878,0.7704531310039705,0.7332135720169605,0.6101463614003156,0.39670898401366783,0.15034887790466775,0.20521824784588574,0.3824628202779408,0.4689461533990767,0.32076326681349826,0.2641235866589584,0.2622500304595884,0.29397081255004226,0.3387095340543997,0.3703075488856569,0.4722288087933593,0.5074851421141797,0.5961563818353547,0.7640637591443735,0.8274755503597742,0.7435086813165851,0.5096977980211889,0.2995941812835874,0.33151702000525035,0.29542147023027576,0.2588034666841741,0.16242593819139392,0.2027445192330667,0.5130418104861488,0.7276917542833714,0.7325187310027075,0.5111709104912204,0.3415341098474063,0.5123005789868427,0.6920647976679228,0.7410412852080979,0.6847262101459843,0.6208622696295863,0.5022355630301542,0.5151613419444798,0.4802675643269201,0.5253432839168363,0.46887713590882935,0.4968019919134638,0.5911717350827379,0.5663583300933666,0.5661715849115411,0.6645710315475191,0.6370211791280506,0.5235018938927278,0.44160873920257315,0.4189727474781627,0.5461696778856627,0.6940435313326027,0.7381856443655737,0.7303596339908375,0.7836112995189213,0.8022155652188478,0.7886922566351157,0.6702605339698369,0.47864934499489914,0.3781802450613675,0.5376683479157833,0.6122879490790017,0.5923524741304332,0.5131228648208084,0.6364164498438023,0.6880720984153331,0.6661125607012764,0.6906771142241342,0.6807202176204,0.6427999368156548,0.6386497831539497,0.5336746020153955,0.36081229232317574,0.28224572623256267,0.39845897147192205,0.3655024194779014,0.2916304645860925,0.4881674915831821,0.6432058654806418,0.5794312879435262,0.4509412766498184,0.374725378492574,0.47568446718019675,0.5238608768605949,0.5467007730048586,0.620048729077896,0.5621601993997579,0.4765449633266647,0.32144443780780435,0.24259048716796033,0.4470219901083278,0.6472478852677161,0.7051587431228278,0.619274320066064,0.4820427732160362,0.37357207510597323,0.19886253638353177,0.12017287968491239,0.2972557360440229,0.5535429820396823,0.6247082368199032,0.5796313930592631,0.4595450603143893,0.4758312100097635,0.6094246570351979,0.710462372792297
0.8485885035414552,0.8533427100526436,0.7279616679641902,0.4505643024851221,0.22183514853561231,0.029675350321670586,0.1786229508887683,0.4866817821099183,0.49187888878799924,0.1844839810549177,0.002560794434136245,0.12922743829262506,0.3743041048082029,0.3972023228584735,0.24879176500007172,0.33745431469923287,0.3853603209214151,0.45826039478298686,0.49746732060588306,0.4471788910020251,0.38351863102793415,0.4875689158921004,0.49854958767463,0.4180386994293928,0.3121334854755738,0.18436185375102246,0.2560920286477819,0.4917630704591963,0.5317979883590143,0.3147279225633954,0.23108487157421317,0.3205839939017252,0.37176409115755726,0.3515395087144189,0.3707150264613815,0.26805338113151805,0.08648358837090109,0.17419848842165558,0.46336100258308943,0.5384046704831366,0.4397004480262161,0.22112441021752913,0.08362230254679953,0.06114400253154267,-0.03986758959847246,0.013023810535186585,0.14548650988212583,0.4049354210715581,0.693092087662456,0.8014277281626062,0.6465261989705463,0.3211734278898702,0.2479366810966097,0.42779285870185085,0.5700497757800055,0.5929455265497098,0.48951334345748887,0.5202901498542053,0.513411156754679,0.5923567718069351,0.6177429229033501,0.6436718069658434,0.6098042226978854,0.6475119005743734,0.7168487474029346,0.7079637479346846,0.7008860798265991,0.6994626172613593,0.5671261582346531,0.39050543657486214,0.30833172116926516,0.3083619600715368,0.32653158812344363,0.4057553468164511,0.3994149599219584,0.39116208280505904,0.5743088958142772,0.7017149030327412,0.80749502928977,0.8102739626928636,0.7055436339273288,0.6003606385237085,0.6191451036642243,0.6051014184341938,0.6543814453052208,0.6589272537204091,0.6806395771713044,0.6004160280049105,0.4998843461412,0.517898364937881,0.5786945250107826,0.619007237332537,0.5589703908548089,0.4291612768114744,0.27004531707987006,0.3591512716605317,0.45004605077621596,0.3201193432798586,0.2616212062702646,0.3991480971861243,0.4698981069841556,0.29490188666690126,0.20688209089230586,0.2645504567112099,0.49687096153293375,0.6498942709804857,0.6991103728813308,0.7080214736884476,0.5650366806535807,0.31948657900404553,0.15383991056385418,0.22702950052223972,0.37726283606982314,0.5115216000565338,0.5925127784354968,0.520787674861336,0.4601969775313167,0.3778492832606494,0.3482597166142641,0.36563238700061623,0.5250577501804345,0.7036939563437958,0.7212906579389095,0.5852370210159658,0.3481436570923046,0.32415436729139874,0.599637017605522,0.8148890709574158
0.9128027461299104,0.928308611519248,0.8566083599832581,0.6760835202106911,0.4048112551738185,0.043488944690108895,0.03447742186716859,0.359461408319498,0.4780953133227204,0.4038661017116137,0.3274145673960047,0.37669834672964936,0.5636816779576864,0.5699778762429928,0.4334612359256928,0.5016072618473729,0.511072724,0.47812560303180135,0.35406825005649156,0.2271527017632218,0.15815649611853783,0.23750942245809858,0.2709469284297862,0.31164343117268956,0.23787875230051242,0.18930486189060614,0.33600717566317534,0.5980073217016492,0.6789686254400613,0.5401285747324305,0.43149980171225644,0.4914862059430101,0.5317351283438967,0.47519475508882947,0.3886492894217463,0.0888702125772934,-0.1645359688772263,-0.05084469496869722,0.21610359229212528,0.2082845303768068,0.15450046228452438,0.10403207481579754,0.09765585012619607,-0.0029103371522790056,-0.07447364400098416,0.15599415740196998,0.42485625951081696,0.6605615371179582,0.7840701050733674,0.7397195738291082,0.5014598340175784,0.19939292140659742,0.11950510156345626,0.2147767793790807,0.30760595244386174,0.3987924072108488,0.378462685994235,0.4817706735488211,0.5172707876703273,0.6213378220549608,0.6316472566419843,0.6288534198835009,0.626816400337314,0.7170121786267821,0.7721468489833105,0.7508782979990833,0.7575629826235997,0.7182136824828135,0.5740168206098414,0.5041120263517305,0.4385750557440635,0.3273769593074833,0.21864452322902583,0.1536158224651365,0.11099716331664475,0.19190200685425438,0.4455413087617277,0.6024534663720671,0.7880999933794273,0.8489320160600281,0.7681633655288629,0.6725137317301755,0.700953544709468,0.7291127365474664,0.7866644754286878,0.8006451291335115,0.7388757964594685,0.5646821217811305,0.4403517283914664,0.3381388411661525,0.3653267602039552,0.40055165299050816,0.26626585244316814,0.2019126414084036,0.19990628335008107,0.4382682717558902,0.5248945309418028,0.3350215152468603,0.1949182728785063,0.2862898884970136,0.3777291417545362,0.24497959022821097,0.24083963998368968,0.3022753952331187,0.4982786897888215,0.700196268889871,0.787385746487344,0.7994123581869123,0.6763254508718628,0.45683878875398176,0.2532176162725912,0.23953496663775456,0.1939433906734653,0.2639546612266904,0.5055489713792791,0.6194083429528611,0.6560714462348893,0.6167167109116619,0.566071308632501,0.5637293538867685,0.6873402811311657,0.7616298931759089,0.6772300096709704,0.5127367442987875,0.3398528407610185,0.32033305377142735,0.6003441918790303,0.8446798015538627
0.9144767347360114,0.9545864447816793,0.9381501667869899,0.8171346645079843,0.5199573695894328,0.09518853599533966,-0.02413697873600218,0.28265459784212177,0.4800531949936017,0.6138344356921587,0.6469603864448373,0.6537199284744093,0.7234189860258559,0.7233736070183946,0.6396760090077163,0.6113549548432197,0.5022658079882467,0.45239337200938445,0.44539694626481346,0.40239946475001837,0.30502509694301766,0.2270308381058074,0.24241837949595407,0.3484332990155007,0.36029051301395504,0.3411957857139427,0.41742162395723664,0.6472900562332835,0.7606734991837211,0.6761500345808481,0.5184333996417133,0.5317596932137009,0.5798958640508819,0.5113254874084311,0.41584652131642036,0.13972117436254586,-0.05780399452507883,0.08452298540145607,0.2578416295933164,0.2148601643593579,0.1693280721914011,0.09832396395458218,0.21597478688919605,0.18558225932663117,0.1492474283655101,0.4112914436735448,0.640666237752278,0.7320883344268798,0.6539971015067583,0.5323476585039458,0.3935773977079777,0.3162120764670208,0.22255052758428936,0.09990596237177277,0.1535238944314741,0.2946746588083515,0.43154370606873665,0.5947209887580316,0.6647896173985551,0.6691103855325159,0.5246395440852389,0.42222499651196305,0.4394772750625538,0.6385217784045991,0.7274421650875663,0.6915828341567585,0.739139674102337,0.7709785099689845,0.7381792070806132,0.7091813990729882,0.5850074342403401,0.3289547087342956,0.18730151525201474,0.19052973950795124,0.193901968566941,0.3530727444935899,0.5825682188889083,0.7247016634222827,0.8357947950471855,0.82154817549008,0.66617600958376,0.5598967070065061,0.6687625164908728,0.7520946183429245,0.8162439535517432,0.8594450395633764,0.8181785293122588,0.6828540704494743,0.5436159068526535,0.38617727311825734,0.3603372568234636,0.29975602942422863,0.14580810919987275,0.12304446102443475,0.26578312675681653,0.5356746849157528,0.581092607952831,0.35779751042330826,0.28098514859482565,0.3957595776550703,0.4377111771561437,0.31354805174911726,0.286486617064251,0.2723988083597799,0.3909515293774538,0.6006049815242456,0.6837019337672483,0.7362117586559394,0.6921313753392192,0.605369855587472,0.4417569937596155,0.2936259249053884,0.17346593783415112,0.23419474919597233,0.5477205332290651,0.7542874174787131,0.8205756346387266,0.7508158097502626,0.6060298921676848,0.5604671954455526,0.6959017676783863,0.7185956766690711,0.5468965481542366,0.3837463088124606,0.3370799783632242,0.41512730578165097,0.6165105469948412,0.8341827761993417
0.8578439635072551,0.9220747865378051,0.9230439761803063,0.7703007262979711,0.41312514735848105,0.013522080447636415,0.0002666702280643228,0.3426155698956118,0.6133205678693119,0.7724507087164941,0.7844317651989723,0.6985379502630163,0.6670068498068484,0.6606934635495837,0.6241944855036693,0.6058634649131701,0.4935628556423821,0.39458749135848376,0.5174291682859559,0.5688046677213043,0.4730471438276831,0.32458731391021867,0.17999855249928115,0.25081786974486847,0.32178073250860145,0.38505598002475055,0.4979389341688376,0.6531110108871486,0.7812332033277922,0.7645362426739672,0.6442360914934137,0.5847433275486736,0.6506608439417024,0.5993375250082336,0.44389916219889447,0.20902008398728747,0.10825423539944527,0.21267110650262444,0.3624771356239097,0.41030078497631234,0.32681293947842033,0.15921371291117592,0.26836778079474066,0.2651599298807559,0.30919091131778315,0.5248255483757326,0.6421217346536412,0.60415703630013,0.3902360502389717,0.34898259149882527,0.4625300318967979,0.5386006641447552,0.42638690806346546,0.15251822104659163,0.07204670004265289,0.1599795279468998,0.3787559846661851,0.6194996896703066,0.7604768506538698,0.7465161879038845,0.5217760244866234,0.25848989492860835,0.3194371480258351,0.5741127781936234,0.6931631881159411,0.6718184691442486,0.6697934194756778,0.7662832009071268,0.8412319242185948,0.8452958592785198,0.6860139363147815,0.38969926871901733,0.2566792630221706,0.2639766678608587,0.23740676456826917,0.4378913678055685,0.6458550488183925,0.761702819706435,0.8118138015614195,0.7462100785377231,0.5451196669222423,0.48309833183348927,0.5843278945992274,0.6132274102043039,0.6537067438833759,0.7514403635876694,0.7469122839970653,0.6468042019301061,0.5168604756670861,0.32210391752157574,0.328557403177571,0.3181802571144595,0.3340363846968383,0.36078621885652495,0.4396318243140312,0.6459545477832119,0.6463527785717048,0.4331598174870669,0.3566797515727111,0.44783469331985304,0.3678151066398187,0.1683175139168485,0.1845206311597318,0.26719744109544424,0.34017677027988036,0.45015149633875257,0.4516802723667541,0.5658709153327978,0.5931979153625332,0.6040965356070693,0.4409638024606957,0.2344688918749315,0.18319362008547105,0.35861625737413944,0.6588271648613272,0.8497212472258708,0.8931453445124938,0.7747428376441249,0.5616838721228393,0.5701394164465903,0.7240095804399779,0.7742729374268386,0.6481844377574875,0.4622650967903947,0.35608180127344796,0.45263957101956875,0.58214922005466,0.7841543024448829
0.7494157817315149,0.8228201017347401,0.8098577577819004,0.5877606616980959,0.23157933801487346,0.013569766582545084,0.13720337829233825,0.387749562022958,0.6285952596896427,0.7608510762335026,0.741074121965517,0.5614624291710696,0.43265464235107415,0.3916112472027142,0.3943609218710686,0.47378668603182783,0.48496942387422287,0.42545928279209744,0.5480570682826874,0.5953169494890712,0.5126376535905399,0.41306074875075066,0.2093957871679221,0.16314547839262128,0.2124961756726181,0.32950080407490934,0.494617072070786,0.5861721535793438,0.7203431185521574,0.7733897006299664,0.7616017037510396,0.7459397135936902,0.7580572715317118,0.6595411946540727,0.48298158485055304,0.34428815100257665,0.21538908856257122,0.2455477912559843,0.3961303830275433,0.5378137102253435,0.4570242383564445,0.21928838991964708,0.20960234243383966,0.10434583811755238,0.20692809959316155,0.4439426301359395,0.5283026530484154,0.5248249279439051,0.38944324467461416,0.48036060347383236,0.6649982155393255,0.7581207338324304,0.6534698474510584,0.39815621997375994,0.2699262364176708,0.22405153790215743,0.3123642559909686,0.5413616506879827,0.7567801506263048,0.7944961806472761,0.583269306456859,0.262598402861821,0.26510430219106224,0.46059741206444127,0.5096637667607338,0.4673574003128946,0.41905791590671565,0.6239130593857835,0.8179585274098187,0.8421416700713561,0.6171836958483768,0.2716025135614814,0.218109009360083,0.31875720083771353,0.2881415052760736,0.3828686728843269,0.49026064384594786,0.5724135597280442,0.6458887922169078,0.6645063266316865,0.5401991304077735,0.45154952534258386,0.4855584607102053,0.3883679770051975,0.36085715707247057,0.5004285210242403,0.5016835775675782,0.4446631651620141,0.40421743614964767,0.26068906223137206,0.2936350704951108,0.4050744318034833,0.5290233985431041,0.6142207217440734,0.6697230088493876,0.7618218680011342,0.6992777429083396,0.5016519275134361,0.4981312960559426,0.5091767730629753,0.28476731729703314,-0.004899682075724412,-0.06974776734339815,0.07308491656392448,0.14181102074961272,0.29028601793752834,0.3496025604821327,0.5310783978504849,0.6361289230620999,0.6349521721413461,0.4483909511138286,0.31457081087597205,0.3247626880057419,0.4473412014088757,0.6884878662713789,0.8474830035033553,0.8856319803728327,0.7474927695515436,0.5060688135953659,0.5160458672806519,0.7120436548433232,0.8124542462091481,0.7307322056448456,0.5326873252112949,0.4202967643356894,0.4985235266508572,0.6209331094251963,0.7554472727413799
0.5970312832020291,0.6872659487691466,0.6652470157733033,0.4115442428378938,0.17845469276936263,0.09032784235091416,0.1640864032397335,0.22043552612389206,0.3960055191585624,0.5475430458878359,0.6458820724177003,0.5641020943383911,0.4030834938767833,0.24656940503297933,0.3125946674250072,0.42427127185149305,0.5441672068422759,0.5151314355793983,0.497498688255255,0.5101877494326904,0.5760851037164473,0.6157104563243012,0.5425080735942228,0.5028293866280739,0.521891082982679,0.5750261147435387,0.6113981092890538,0.5874717348961641,0.5973378794014129,0.6592519361336665,0.7530756927566854,0.7902647875457833,0.7650646333527092,0.6465245976583945,0.5784927627711608,0.5316828960025317,0.4802239421476837,0.5277978997328394,0.630821764579313,0.6895574533065646,0.597537579039099,0.3642901871711341,0.24438001461799216,0.058391068255362576,0.21396586899657472,0.42447356511059575,0.5390903734974876,0.5748903407757214,0.5662649975037185,0.6898377963618073,0.836702348914484,0.8837946010734047,0.7589280003608859,0.5094950417308882,0.4218383512763781,0.3391779138048376,0.38180110673727075,0.49054003565817234,0.7248969789102768,0.8213497601913251,0.6882891022332802,0.4386651315401024,0.3614610882949494,0.30013569446644855,0.1506467030193249,0.124082401210859,0.14523384719551616,0.43434138304249365,0.7207827420978983,0.7472292323713903,0.4847814413632774,0.23510612036626866,0.34820304084995785,0.5056729285550021,0.4511442006668456,0.2961275691970796,0.22495674245070174,0.26381987799895573,0.38775765931921036,0.5422438049113815,0.5385261825973583,0.5262963971225924,0.5371125817153425,0.4456804559505647,0.3435998053389966,0.38210231871942746,0.2985297951813171,0.31826231694643037,0.31218985933063026,0.21096983167736685,0.1392423883176914,0.2684187956467213,0.4423485496881093,0.6106305065070019,0.6971779597828367,0.7842227207768723,0.7414017256849817,0.6157195979982741,0.6445147547822808,0.633068278613949,0.41840713128766854,0.057036824559599304,-0.17712467416470074,-0.1028652226183932,-0.0002953571107960606,0.19632350798342746,0.3690315965655972,0.5328597922151881,0.6652079131352114,0.7061351194589958,0.5868907244759352,0.43619860963912704,0.40020009960893627,0.3785105157896339,0.5789851553723337,0.7255506967212152,0.7859628047392787,0.6282586158358545,0.33385774264709495,0.37320329532691493,0.6386166107449474,0.7660232093054744,0.7039962721119086,0.4791598090346373,0.33011889774073117,0.3578541117752359,0.5042638064702779,0.6541143460468719
0.594776213696079,0.6238509481965112,0.5866284216111228,0.3562478631284805,0.13631966936413206,0.04928321426059975,0.07939777825804747,0.05255349985970594,0.0962311472417952,0.20100271688705862,0.4527932658843127,0.5185226514841502,0.4421675152865107,0.2924662715337908,0.39057888793915196,0.5190863047069422,0.5701156623392125,0.4065533127832812,0.20639327824494555,0.18753110074383636,0.460492305968445,0.7005951548964555,0.7864856684569222,0.8033763783805379,0.7906877577669201,0.7179087027812241,0.5601531459145814,0.42553687970427534,0.3698669063268172,0.45960076488380136,0.6361061286537779,0.6795487292884255,0.6044885197305606,0.40700831743028126,0.41073969742905747,0.41196158309126174,0.46494723867923454,0.6225381485108877,0.7139536861864607,0.6925753465401623,0.656790262595147,0.5305272258337294,0.324417751140091,0.07586964058676798,0.22670621386252102,0.35018039463003187,0.4113287214893,0.42761478180456414,0.5244407922478717,0.7303380149427208,0.8885055047224831,0.9238612458750408,0.7977265620747656,0.589658600080931,0.5624730831127123,0.5391615147808522,0.5381602745236655,0.5515436082813996,0.7064992895946114,0.7943985054763004,0.6817345436375989,0.4518773966967866,0.3406077327269654,0.12264307868996957,-0.09772081612023122,-0.09187201477531409,0.037704517547775464,0.3248479929804964,0.6299895458983112,0.6152664599473312,0.30076558038269685,0.1952616024273264,0.4121890237580543,0.6035810260535263,0.5620116268165519,0.3357435976244556,0.21769732351591034,0.24984496698455866,0.336890079138949,0.44362012516425336,0.42318552615110083,0.4482910064967731,0.5214488266026635,0.5800274018941443,0.5582930273887676,0.5008484236858513,0.3118837404541317,0.2400318192672351,0.16370942144864356,0.10520630587623857,0.017607808367609674,0.062033603750214765,0.19939517393691514,0.4589242801653624,0.5970080554971195,0.7377430163911406,0.7347776995648793,0.6336919445876261,0.6726575873698877,0.6477861185436112,0.5016460967060726,0.15898997877964346,-0.12051677103297591,-0.1440568974529665,-0.0005687287524290498,0.11034144709855666,0.2984626565147588,0.39919487274965093,0.5371215517578282,0.69195986326957,0.7255497080033462,0.6591555895074224,0.551431000375087,0.4066725266207191,0.514983640886098,0.611973334962898,0.7153701399449967,0.6156639388921081,0.40410108584505716,0.48080569814266644,0.6425802166696545,0.6894891871899457,0.6977658641572073,0.5729173548725809,0.35573767549686264,0.16635005100033937,0.31109588393654686,0.5689808364287653
0.5910626550820475,0.5554186446682702,0.5575583264466243,0.4120564618961744,0.29702216544772747,0.17364986693311862,0.12574727187748544,0.15369226230216576,0.12582823615619443,0.07725811772022019,0.3283263049827505,0.4413656421821784,0.4499242693599773,0.346648897966374,0.38237193060896674,0.4529058155882262,0.40750265518982887,0.13376051560911972,-0.06246474763997311,-0.08162355621466201,0.27863095694110623,0.6637187045545802,0.8646460629934524,0.9108246856579203,0.8275235055287248,0.6169678387159695,0.32714850879487894,0.26298942031883343,0.3731993511433246,0.5030415513293358,0.6156848191000187,0.572302970979748,0.42995543027378574,0.10437992116532063,0.025492801157133874,-0.012158664719968154,0.13697816837945995,0.4524630290894826,0.5655894533848477,0.468623425835436,0.49410041975008545,0.4667945727125862,0.2730453436200512,0.0928014087407055,0.2981251769572153,0.3648376266079753,0.2002280392552725,0.08689455446789125,0.2706299134200605,0.5973692247926127,0.8111996368313659,0.8674408232868981,0.7292003760903483,0.4981379577405542,0.5283955600294811,0.5427417632067871,0.5286705616257562,0.4838325986898338,0.5929445144245982,0.6761995856457803,0.5638002213859626,0.39142757412052864,0.3107608081427842,0.18910426520603146,0.050057845793570095,0.09250865031628662,0.181480781134934,0.44607295597199625,0.6456793974757782,0.548559870383242,0.16673473184567492,0.014932330308965281,0.22040484460774237,0.39792309470648035,0.38236562722212925,0.15821174354965037,0.0990748833096348,0.17919689727732543,0.2364052745314981,0.30369688707165926,0.29930426142172717,0.28338445201845003,0.419620921163116,0.6313578822717754,0.7071399007019162,0.6792543104885715,0.5075094072067021,0.30487580233505535,0.18802160887420818,0.15521398688520183,0.18968092901438208,0.2371512889235741,0.29785599598062157,0.5363968985470606,0.6832325586934661,0.7696388320776077,0.7742573254291857,0.7035809003413243,0.6741162036894104,0.601323105259132,0.5932978631289464,0.443179953930551,0.231023670190708,0.13147115665793674,0.2158037741225089,0.21669708122884032,0.304255256151946,0.32301747038902956,0.317253719314501,0.5372988124589749,0.7100585375141764,0.7673000740204202,0.693308715834434,0.5579182322988686,0.618319337375376,0.7117667105976584,0.7819281985203397,0.7256493430408951,0.6417702903120749,0.6617469389825396,0.6448415118716636,0.5535614423930125,0.6368903072023602,0.612829518087659,0.39924683895864416,0.14099237908342716,0.33526282581173494,0.5899138692448682
0.582315586694392,0.6109670616426349,0.6789073191943751,0.6416505364393955,0.5358897641450406,0.33870624972852775,0.25646142002891736,0.26615926206393,0.21610905468479097,0.1038450125448481,0.35496299634565764,0.48667663744121115,0.4236196895404529,0.27637978953501807,0.24721801166924856,0.24977643243679465,0.16163971728148663,-0.0619262021484647,-0.16660245261145248,-0.1278574581668514,0.16904388388346042,0.580976305181945,0.826097492563849,0.8399609003119198,0.6512762273427815,0.4223649980158217,0.2594749008575438,0.36729292595097757,0.521780971154286,0.6093219898209963,0.6942576165291309,0.6462743458968015,0.40284045112505423,-0.061601658544444195,-0.22818468910965622,-0.20601190322362142,-0.008671305066578816,0.29708394408299466,0.4148408865258134,0.3099539554421701,0.2936000887519825,0.28899845508706196,0.1732919461865792,0.1534698769946308,0.3964401731796549,0.41287148637104143,0.15753328537847663,-0.020630669044971496,0.19136297678304529,0.4501644218412921,0.6531780355934506,0.7669925455878606,0.6704885942985718,0.4379966423445052,0.4332213845951429,0.4161946522821989,0.4405172596089173,0.4654268063189693,0.5059281418125838,0.5400468118740688,0.3518485406625687,0.1934451258430302,0.19600997558881156,0.27541181161086664,0.34205104315334234,0.38769571893538196,0.41781901343376693,0.5646918973173133,0.6265094654151602,0.4988224565566017,0.15293349769760822,-0.0790064993920521,-0.05473479064808797,0.0023432711341994494,0.07851316274510113,0.03220515231880115,0.1182008161529957,0.19884273796155716,0.24042864142384135,0.1626188591853589,0.178251633048521,0.2652409149690346,0.479336272027908,0.660538630271941,0.7052794596756814,0.74759253873087,0.6889848626376185,0.5116919631212199,0.3356178963001868,0.3308433719650629,0.3741417450012929,0.47533671847979436,0.5559411862941339,0.7003732897151788,0.7487944804111667,0.7157387970159791,0.7131928166989464,0.668208725636728,0.6473385974083921,0.5939349329552959,0.6379310188794796,0.6138547885318743,0.5096791143366006,0.49724553109027275,0.5441565492183408,0.49391555020540173,0.41313025804687137,0.32437264931358123,0.15548830274040865,0.28537055207030326,0.501975859987638,0.6976271213398302,0.7158075337358273,0.6115691617256994,0.6761363783165558,0.7740580694949032,0.7895452315953357,0.7114035176540981,0.7133768979143433,0.7255966551795429,0.6584312543849793,0.5182994851427538,0.5659769721909692,0.5486264606932362,0.39584462674900883,0.19616532077728782,0.42802353352722544,0.6361242378973645
0.48702397037226186,0.5867424181964979,0.7459372874966644,0.8074158754102742,0.7444773345092887,0.5518422471026788,0.35395267905214306,0.27634953982503335,0.24960996400391747,0.16818422411257528,0.4280314523516068,0.5485757591462468,0.4438087937399936,0.398783632196294,0.40711200290737826,0.32384302865909337,0.11626593171240715,0.055827519796396025,0.1351119475410464,0.19984455380820995,0.3081176898507378,0.543241057974723,0.7331339532683373,0.6707674731611212,0.3885216969586316,0.2829450133868709,0.3878538806308749,0.5663607977697959,0.6559853025835138,0.6458502380852873,0.7101087193656418,0.6791342953895375,0.43290612236585546,-0.025205882141471566,-0.14370128000839216,-0.028137667604195747,0.12138468978649658,0.2388025776714493,0.3670173629135897,0.3928685837808304,0.355971691495622,0.2877263079841957,0.29436038776724344,0.32343092155713316,0.42946500273413035,0.3369227689887219,0.1099709288440014,0.017599248875075267,0.19950897305955415,0.30873821994523404,0.4770969426953958,0.6748762979002054,0.6563052832981662,0.46621595967160007,0.4112232967877133,0.40706515576081675,0.41160142358520124,0.5394654402424977,0.6229314169133823,0.5954471453924675,0.3831038108246457,0.24987270609358217,0.2801849246909373,0.3400297140906565,0.4663672791046554,0.47603701756655514,0.45139871238196666,0.5199792474387172,0.4774787824516916,0.3538049163683449,0.11133435907812125,-0.015357198383559126,-0.06269275731246923,-0.14347215871685529,-0.06062045486385209,0.04907079975420531,0.21716344019481718,0.3570687430608123,0.37260541821603593,0.1855546180271416,0.10774868682020844,0.2269404042687961,0.4754861335944599,0.5825318333853252,0.5339883049836507,0.6526873546109901,0.7204898983628402,0.6209153966078399,0.44680424692862764,0.3678321219931899,0.33348455843040187,0.49892982196270685,0.6185450114970458,0.724517278073294,0.6792786946408272,0.5224476008091249,0.5518327928637514,0.5444988207946393,0.5696797579330465,0.5070091425206021,0.5554730629783425,0.5912735788638359,0.5465000009479235,0.6435908148109908,0.724534320011849,0.7295754578425948,0.6551789854563325,0.4869232197441481,0.17173987905772076,0.06123207997079286,0.2050494712597802,0.5529794010055092,0.7174876801019695,0.6786759811161815,0.6600207641508659,0.7216375225150086,0.6604922728666799,0.4934915969924306,0.5723454458239505,0.6486149969384987,0.6743355222717343,0.5883040288024747,0.5194484552220417,0.46208976850581013,0.4267012294948917,0.352503185324081,0.5630456930876593,0.6655892317653451
0.4511037861499113,0.5014172753719863,0.6980690482277561,0.8290651212128619,0.8158971411560254,0.6876203786081153,0.5099015800514212,0.3548701833945488,0.299531937022716,0.2711060026592912,0.5248081388714035,0.6250223943069748,0.5163199873048654,0.498133165529058,0.563276803707927,0.48643650557573104,0.26530979292692614,0.26265925580083743,0.4202344863787655,0.43575067835630404,0.3816611619592766,0.49182353696065184,0.6738813717049158,0.634077822269925,0.4285327513156486,0.46277441790904883,0.6146564799533227,0.7190415647242943,0.7387505192573324,0.6889750671376036,0.647515689426998,0.6023721455652662,0.43604367522039045,0.05940634621394311,-0.09443383910191319,0.030917088689132254,0.13504532419097942,0.1800345515025123,0.2887189071741379,0.39302956354624813,0.3578592119915403,0.313799982209166,0.37169298364426157,0.3353797204934322,0.30345306198020666,0.19136743949999435,0.1894580148480723,0.22688600432988665,0.3621491746033972,0.3982904234251194,0.5078491797078297,0.6473320683822875,0.6323230951285554,0.4523946262842533,0.3984493949317188,0.45381668704131445,0.47833756754288864,0.6142226127094674,0.7153581830581112,0.6582758787285982,0.4320021471629857,0.3281111592579985,0.3822864021325528,0.39942009319552363,0.49523088240073165,0.4956949688718109,0.5181962320920912,0.5221711655828909,0.4678144581740392,0.3084859727861704,0.15195973953443034,0.05633997407821485,0.037148053646798566,0.009095921836450322,0.10212986307387459,0.12577362898838412,0.24323238805799619,0.4341746626641006,0.5401853089930837,0.42044374336921164,0.27035300146487806,0.3178426089026871,0.4616787193473331,0.5184786205273223,0.4154123956943522,0.489220553997938,0.5973445429420028,0.5258245179992713,0.3567239538636281,0.28311891974461195,0.2860830766599316,0.47346761938955256,0.5693201039184068,0.6677223264345036,0.6142017375571929,0.45883210937488433,0.5524506371962473,0.6347474606229616,0.6684285386186614,0.5986920286951508,0.5472715071752772,0.5841016419956945,0.5701296671363035,0.6568558781130768,0.7255708654034918,0.810585184153184,0.8270614631956229,0.7120248588356894,0.41537959905270067,0.13149319452633046,0.1330660293904134,0.4730626157725736,0.6891168110292137,0.6513094796888925,0.5319950394580484,0.5978634237090023,0.5242792660579028,0.32666338402594597,0.43613913538913496,0.5464688910988952,0.6710073066496438,0.6505884694511825,0.5530785081467777,0.576216760974843,0.62674960726129,0.6489113723513502,0.753084365387211,0.7239489613622425
0.36964988725712117,0.3590760086921727,0.5528731792404957,0.7034871423622081,0.6691216713026109,0.5430740501221339,0.39020164831865856,0.19624217921364312,0.20635595389946587,0.32486489404533103,0.5822119206279012,0.6471867018113987,0.4834568934478382,0.4340828902955168,0.5609442627931237,0.5915378494327836,0.5256819098868136,0.5688624215127441,0.6295843641995145,0.5629072271861568,0.5499460913416765,0.6458819215910538,0.7762025360472309,0.7786000417244057,0.6948816080920085,0.7122633996369263,0.7241723994750997,0.6515549107520132,0.6215479493094659,0.599725721325664,0.5055397514573694,0.4798756773338492,0.46798680679971605,0.27885758955653445,0.08254758244784545,0.060422168595300134,0.057455040558481475,0.07706613317646248,0.22752102203409572,0.2405178709520118,0.13647743170876514,0.15449359882919048,0.36076903752551576,0.37629895680339687,0.2694837071316601,0.2177789433178204,0.32892518501845747,0.3817805973741774,0.4726990986976243,0.42237469177216896,0.45898398118568845,0.5675449515848724,0.6502275964069401,0.6227744308742533,0.589531921067655,0.5468166890952398,0.4764788136851131,0.5843401517699628,0.7388016321606042,0.7645215623141687,0.6479647465447597,0.5223050950288899,0.4105195729832071,0.28654911508732583,0.44230189717925633,0.5681385372833174,0.5952061489465439,0.5372356224818461,0.5569877547591889,0.4717025372527181,0.3131126186697527,0.24225026953850487,0.22166774390738017,0.3244474370270866,0.4071154210686186,0.37155968411701834,0.4180897222447307,0.5136207869245646,0.637140322701352,0.5204788588982968,0.2597655530582206,0.2585710964115167,0.3868363103148774,0.5169605589126594,0.4386852109707056,0.36298579195281894,0.4645309776746168,0.4243023777389664,0.3420729277551327,0.29059283118645446,0.42354590196879893,0.6039451067020466,0.6580706098308393,0.6579182782657534,0.6131323910196822,0.5315417643081369,0.6512943658468058,0.7698157168100901,0.8127243725429115,0.7733864944135835,0.7058719916747098,0.6606631970556291,0.5748118145029333,0.6015786814442617,0.6158477633199597,0.7727182068657432,0.8653826552287324,0.7913076652537042,0.5215969911598963,0.15285856023910682,0.1266775637048258,0.4030164956370246,0.6472364927734461,0.64948420150604,0.5208550227141056,0.5654924172160786,0.5271225463919638,0.40002835954503446,0.5324477838186955,0.6526658860216392,0.7391689383443867,0.7464783792323167,0.7001785824606833,0.7466625125192807,0.8133617836768992,0.8488759929942585,0.8581792208000097,0.7170570958362739
0.5041582882523441,0.48190622693830204,0.5210554198207289,0.5734379174537879,0.41264807118645225,0.2144752328722631,0.12672677599969925,0.016609313232405273,0.0589537022441228,0.26387527293950747,0.5732480264790704,0.6760156008582685,0.5179335412548189,0.34691709137978055,0.35173639885391356,0.408642902046719,0.48253265705128895,0.6203399596471247,0.6143708509598442,0.4657045552470743,0.5612502119384633,0.7099997391731311,0.8443440632350449,0.8745318611109026,0.8218479877984767,0.7491611633221025,0.5795105995878406,0.33721296729199585,0.373563894810699,0.529538766042328,0.5356497608130638,0.5157538652350341,0.5153205228858967,0.49777277199611564,0.4528742333961355,0.41901918254406595,0.3464795524438754,0.2562351423320522,0.2660882175541817,0.10229747262550454,0.038911477661959244,0.13986038633503783,0.4023703032994583,0.4860904872106603,0.49785604498412506,0.5280458867204113,0.6102879050279616,0.6334170663452205,0.6515394885230947,0.5477314100369607,0.43416207956960673,0.47472794515857775,0.6335626145471613,0.7258864581276904,0.7081802170379996,0.6037738473340085,0.5294461731613187,0.5658350241353555,0.7463652123478484,0.8261948758340105,0.749207869282102,0.5400126880054288,0.28505027349128237,0.09868820836920246,0.3154448361827305,0.5629047929541464,0.6169395246412651,0.5869079171663721,0.6711753584877821,0.6648279455396352,0.5213899972174236,0.3966601433034025,0.37655630611718727,0.48004825031280196,0.5190569532662701,0.4661082756672939,0.5593363302112391,0.6493538166368108,0.7141480151033831,0.5707907649167113,0.29865871784340087,0.2848849873004939,0.4875057997723176,0.6427303302564082,0.5874586623976706,0.4483270695675326,0.5027595393789105,0.4884308160545014,0.40468825317764584,0.4030211647431681,0.5857308878437505,0.7339404439927464,0.7287637927541325,0.6354743990209697,0.6061416625604384,0.5629907809426423,0.7143881573641754,0.8354271654081471,0.869004663746628,0.8540017219760768,0.8092574742707362,0.7763931782381036,0.7006627089466617,0.6293494432937676,0.5766194384782467,0.6903262763750032,0.7713328071245902,0.6928387585875054,0.5090200953247197,0.1988612847622234,0.14168145593125395,0.36090004669087394,0.6503674187326588,0.7302566910369043,0.6544845835336706,0.6303983637181317,0.649510439093792,0.6376794683488527,0.6991620621844079,0.7000974260946844,0.6727142433773389,0.6924127121001138,0.6966297270392051,0.7952163849022738,0.8741163698620564,0.8787774436932141,0.8134797735923642,0.6436849512017102
0.5277628114552562,0.6109684354103456,0.6516928276105832,0.628554269378588,0.4488840362416575,0.19027897236059213,0.0988107010101069,0.13746487795904375,0.19620034813324716,0.35091619074014324,0.5460525215512471,0.605737297771238,0.3702468666860132,0.02708693926379696,-0.10725740641772287,-0.03855644245852066,0.16909565719321631,0.4833137373389428,0.5210971277463913,0.360377904710724,0.4750108393614999,0.6086289573331233,0.759324650962558,0.7750859544248762,0.662193763523427,0.4902659280953283,0.27231114247257254,0.1019745127158727,0.3131309790772468,0.5085778627407498,0.4664485133007982,0.38387242015714607,0.3541318558427242,0.47985057996819125,0.6209777962901847,0.6764658042711619,0.6659820455160671,0.5918188438302471,0.4588087951145799,0.17901884017989575,0.13909859312832248,0.3189318697325558,0.493234141805553,0.5511723811212126,0.6552492366751175,0.7163153470198406,0.7457620437625014,0.7271554304178758,0.7623298394969237,0.7276276784384857,0.6347149410118413,0.5870631432704009,0.6170139805159031,0.7000781277595362,0.6634206870396261,0.549268199729314,0.5924615914990332,0.6838787478034591,0.8059482379659089,0.8346163450649604,0.7270983354191657,0.44466343367248545,0.17099242222948,0.04394927611673398,0.23669807295123732,0.4766518609402389,0.4754279324581603,0.4696732454071176,0.6476237191340074,0.6730511724405567,0.4913504467318889,0.3217927900215343,0.2803074802342595,0.341235919955275,0.3916892704733128,0.4352401549583722,0.5595361561773003,0.616721501326663,0.6707385657517677,0.59813818733054,0.494217323231703,0.5007176412738115,0.6492052094669263,0.7797388508460266,0.7454383724403749,0.5860154198124138,0.4966671638998297,0.4468862135511453,0.35509340594591576,0.4187678621016605,0.6626942223534632,0.8036061816360075,0.7990211857791024,0.7446165770878499,0.7158253803216772,0.6937629715131355,0.7818422742037513,0.8288880107710191,0.8010970647386453,0.7880999753009617,0.765679013857508,0.7892249095410454,0.7258133803656693,0.5432213969584787,0.37665308795768004,0.42892090482383766,0.5180558621783664,0.47661923945194273,0.5216671904942426,0.4683920420966626,0.4789222233002815,0.613735719198012,0.7864066036514579,0.8294824925169058,0.7502884162372198,0.6675642489257066,0.720408674216585,0.7234365221861268,0.6700240530538571,0.5193056985531348,0.397716078628278,0.48435261364003585,0.5457357412484652,0.7230290392200339,0.7920807548833033,0.7164720196702526,0.5899441357164961,0.39989309499727044
0.3496666320016234,0.4921683990101614,0.6033028029506478,0.605570735378047,0.5619648583029048,0.4115920968017778,0.2944311920048852,0.31732659442527245,0.2899654201722147,0.3497795847375642,0.44873312550108196,0.5077671106650117,0.2725896109540503,-0.050771109117121294,-0.22006077855732786,-0.13148463124308593,0.12303274394464342,0.48192415905938596,0.5526748885989535,0.40067178221405964,0.3954158301388478,0.3690282509092431,0.4958797051223828,0.4557359799950849,0.27721352599270105,0.08130306074186121,-0.008320632134753411,0.04355475826728931,0.35375260372214035,0.4643898733821382,0.2799109128370211,0.17280593767500455,0.20029827325950972,0.36835197771713724,0.6018280057704272,0.7131812531535929,0.795793034492836,0.7920848097327366,0.6493953276821505,0.4104942275969897,0.4123891954214685,0.512304588503625,0.5594887940075527,0.6349409431807863,0.7172329976358081,0.7207087437212008,0.7001556320212825,0.6422961555066112,0.7529466236982962,0.8068441377106698,0.742023337708523,0.6151936994200435,0.4900971711529385,0.557019646376904,0.5282776643140885,0.5040225774867195,0.6448183907120801,0.7736937052662605,0.8273867739805107,0.7962275762086249,0.7358763202520644,0.5766576793802313,0.42767087129152254,0.3522697694157863,0.4197054951447576,0.4526972884121527,0.30475992699841875,0.3633263249238348,0.5642759988405373,0.5533490606265186,0.3679039127301286,0.333029165014422,0.277292341461987,0.15568795052917048,0.17605518297734996,0.28612451948040857,0.42355683651785125,0.40547213922842756,0.49273429695520116,0.509554310482573,0.528595194442243,0.5005018181702174,0.604539155235357,0.741813740232023,0.6941817809155743,0.46417284636173556,0.269635021138634,0.30730180395957635,0.40430050183929755,0.569010642518034,0.7457303077779972,0.7911613396393555,0.7597975598511871,0.7531596269151493,0.71893543617808,0.6942652880401938,0.7636070109868464,0.7676388484646779,0.6818434511483034,0.6800191821263639,0.6665432130375512,0.7433029676616965,0.6739003835522483,0.38705879518555875,0.1481823395994208,0.09600893033976615,0.28422683170894125,0.39096335930417847,0.5846997660516278,0.6522786134370991,0.6866899762172253,0.763938239608811,0.8559979307752402,0.8708622095654591,0.834228793028294,0.7778329154733441,0.7299050240176355,0.5913394863622248,0.4449948169770545,0.2879895375892692,0.2560177088465692,0.41479970060227694,0.5110854285475659,0.6445562242737077,0.6183040378635933,0.45392816930815205,0.38402619657180087,0.23368795951282506
0.11577505081301441,0.2109337824526205,0.36619631304982747,0.4063324052434465,0.5358960054861702,0.49590769389120765,0.36359845237394994,0.4421214432746177,0.4550720169155368,0.4524499637943759,0.5719645535415757,0.6551733562432563,0.5369443126129078,0.27869764709161726,0.03760403782655852,0.06674787853349959,0.36057656774808555,0.6453432703953125,0.7018203504819178,0.5821402404197555,0.41380895561915,0.20663594488309323,0.23713831125400214,0.18265858642295948,0.17573578699685685,0.10471455823604237,0.15968010347255576,0.28096809923933075,0.5089890564296002,0.522713055379636,0.32495155195233705,0.2537054661850017,0.25376155012440577,0.4435198693131991,0.6184185034179478,0.6799428788168513,0.8064281386250042,0.8358488682509456,0.6831194033456837,0.45134655258714773,0.49123116844997233,0.49465284803528026,0.44443660723298345,0.595250158859012,0.6889848377051121,0.6436611668281236,0.6217929840746921,0.5744512034821051,0.7048748120460238,0.7749359401393667,0.7080345451446666,0.6010723121649769,0.4586094197881835,0.4791621281143018,0.40819542533271663,0.43875814801204566,0.6597982908913113,0.8038943226269265,0.8029907304062875,0.7139743242948009,0.7013629178608412,0.632176425396976,0.5732631441600032,0.49205641911583164,0.486696907448649,0.4586440068089464,0.292096315714734,0.33118106872166125,0.478117395976688,0.41672114669429194,0.3193432213303618,0.4080142487510356,0.41579985861669017,0.30139895303793984,0.35554286356661613,0.43885108028129344,0.47170659718815616,0.365808413508697,0.4345293327512887,0.5204215799636731,0.47000809667788407,0.2839302368187578,0.3569237700517934,0.5205646086537196,0.4572312681914232,0.2182136584329143,0.07399378792515317,0.16459095429902176,0.39654032087179086,0.6388934566036055,0.7417595984506024,0.6786749373909894,0.61202766775598,0.6363062057004315,0.5814292279809196,0.5734357904760958,0.7180124019787295,0.7876452763798758,0.7646835182306421,0.760481730929105,0.7483450058935307,0.7607100965458707,0.6587803790147865,0.3445857658169955,0.03648972926864834,-0.03954703371355179,0.24789241507900855,0.4954956476282379,0.6350854915809404,0.5898573397361426,0.5642066228815535,0.6332234933002816,0.7443821097274567,0.784518777278484,0.8279003002476546,0.7919672187202634,0.6148377850246162,0.33541608444406984,0.2659955493060259,0.3491338166331338,0.4450850022925127,0.5210479135758577,0.4840883422785197,0.5192888742799179,0.44706448808338456,0.357900783057494,0.4134543829291491,0.3124433320858999
0.22156787086652308,0.25137469401803403,0.30273414089859596,0.3578341316463519,0.5583349786802241,0.584849726559241,0.477856857370128,0.5706162997963357,0.6534358518633936,0.6975854774376827,0.7858618894022509,0.8409710695001511,0.765874806403075,0.5301677353307904,0.24484562543738592,0.31949849354571425,0.581465830571774,0.7522287055173101,0.7422014553553988,0.6384893085095676,0.4120410294788026,0.17365319846190821,0.16060017103591412,0.19089944920196114,0.3443166216110591,0.3759645164908857,0.4031432779733711,0.4548884150556922,0.6056877463168342,0.5907312471772631,0.493323103882302,0.4570419091823426,0.45693129876752975,0.6150522234378197,0.7441622477114821,0.7816535654511062,0.8298030060976098,0.8234034686002771,0.6749361317624026,0.4816803962971133,0.4820402320710978,0.3975399439136169,0.37290316122726236,0.5948600198299416,0.7230727282027444,0.6763924358083431,0.5748339616010363,0.4534875733620886,0.5888352047063766,0.6428995795166021,0.5825026338600555,0.6202093911384229,0.6249569218443726,0.649931239243409,0.6028006117247882,0.6121400422634513,0.750519883011856,0.8397347531265135,0.8185831222834983,0.7547732220180817,0.7120613194784204,0.6147820896330863,0.5563567871939602,0.41915452747270815,0.43420754498062564,0.5395471866007923,0.5336499211698624,0.5356823576643285,0.4820804468102054,0.31789713947728276,0.35548699141751017,0.49128273753433105,0.6047540689886782,0.6083712501740044,0.6240538348691556,0.6158725125638524,0.5991618970814597,0.4884058478617575,0.4743383739052875,0.553741055902003,0.42947044219099473,0.1905120096847017,0.27016868091921414,0.3587952020195384,0.2958377932777952,0.20246546405349997,0.1800322687549746,0.26411382843010106,0.4329957612869107,0.6675913664102354,0.7220592528324857,0.621940489188091,0.6130320635553161,0.601830098274463,0.5084974774582218,0.5893579889288729,0.7594297334876008,0.8577280117454747,0.8589847218443698,0.8040648263286919,0.7221160498373642,0.654664789552063,0.5969938763828622,0.3891234063419993,0.21319452180503773,0.12226015880392083,0.34376701664424925,0.5733628713426817,0.5556721176512748,0.2807490686917797,0.1823799029146707,0.3047559141593081,0.5329979395136164,0.6407463653083407,0.7717875531540392,0.7482550049031821,0.5323328586684906,0.31549506914929876,0.40129807861318406,0.5856459420341804,0.6938678953848694,0.6680249804577755,0.49989964661517994,0.3916041054866227,0.32809735025581954,0.4246045576714445,0.5588927316418572,0.5176550669631208
0.5457053687942857,0.48630167795640544,0.4040654582042633,0.5061955037048806,0.694442227451793,0.7444253469840837,0.663193284582778,0.6647601599023228,0.7607118561656823,0.8436482864224951,0.8934156258393795,0.8887186838771493,0.818034740107074,0.6362421476652416,0.3854896755506433,0.444711198761266,0.6597247524632829,0.74262267379628,0.6537860527850641,0.5818725704349501,0.3909963621960329,0.29104395436205704,0.2817650789331578,0.39231626332765135,0.5030465988493861,0.4501727109015614,0.4398590753745936,0.5431040036180865,0.6331349029504403,0.5401618119091306,0.46081517018739737,0.4663340746279205,0.5045475404282623,0.6972228601057282,0.8204409487893034,0.8111757185038355,0.7496829045596569,0.7280092334695472,0.6449893610402292,0.5697712708436161,0.4967182131424823,0.3460131271336559,0.44838151553114786,0.6682967845611819,0.7597962482083827,0.6878232991970904,0.5806852622433043,0.43665396707831966,0.4935136520820364,0.49879716093527854,0.5106503136655185,0.6596110390444999,0.7721139197716745,0.8137948859964754,0.7599113839294107,0.6978746650385431,0.7491792319258257,0.7921619172922502,0.7730204550259302,0.7890532493810197,0.7920057345744643,0.7175159081880792,0.5943787350637891,0.44870899122674635,0.5111508474124052,0.6378540671309322,0.6872687714397294,0.6492040868239493,0.46777182062654366,0.2821003191167626,0.3666422983610766,0.4855491314894347,0.6842395719570705,0.7713552824223215,0.7597610362445161,0.6782667141545567,0.6622841890959364,0.5798576117265114,0.567671310393144,0.5694285303990779,0.3907835169106946,0.22457553816273862,0.321640191414966,0.3638231952993809,0.3582084655352109,0.25180414874361146,0.2270047568064136,0.33813468078649933,0.5518844398700312,0.7365556954946839,0.758935910321186,0.7036037310536207,0.7113605719243667,0.6738152751560679,0.5854748172549934,0.674449597367789,0.8197335185409371,0.8952937194369329,0.8350614452028802,0.6374637631992485,0.4464742037470068,0.3664051813561645,0.5180601704798773,0.5716051522329209,0.5427543765368473,0.4687618452019441,0.5066707509495778,0.6194265183084277,0.4718616700354414,0.09923705506676224,0.022726557306595237,0.21369450921522093,0.5193204843259219,0.6991618670796428,0.8054103355454751,0.7493411553595682,0.5492515627218277,0.4845210040182787,0.6236093554344201,0.7857537340497306,0.8400328033424077,0.7334215486643175,0.4690753564473836,0.30833923569962757,0.3080470454695485,0.44722726035981214,0.5992677114768933,0.6848379020831745
0.7474073190959674,0.6737106632998972,0.5267275314770461,0.603496940654713,0.7687728209869257,0.8119395101515334,0.6949915021186043,0.5956750763390253,0.7093310247541819,0.8146139141345424,0.7900680927232036,0.6952381302016983,0.6665720413534657,0.6441224747202697,0.5240105994620048,0.5008220901566338,0.6713924898662317,0.7282373583324449,0.6416533328154517,0.5734598841779713,0.43198845250429263,0.43306624529263077,0.47858763512139824,0.5147948927938839,0.467200426849216,0.23035307888154224,0.1965362409402994,0.4513183623158471,0.6170803909713909,0.5131236303985457,0.323901518606839,0.38104963793016094,0.5451562518936957,0.7302395994069493,0.8108546748463327,0.7203072995436194,0.5440278913617561,0.561424361395989,0.5663588449258405,0.6265003905473154,0.579787907998242,0.458504011905112,0.5825524988660155,0.7200287549202887,0.7490143186689215,0.6646461928752242,0.6227455397656032,0.4963350812933563,0.40248327352205077,0.3392049730234205,0.4214034119919699,0.667609495783912,0.8341689405074978,0.8754666633111189,0.7904623907055665,0.6373294781246351,0.6295138519921835,0.6708559394265257,0.6719491497549763,0.7625287264260469,0.7771888827081042,0.6674032238043016,0.4642392157610659,0.3121060435616176,0.446071485738575,0.5576543039121357,0.6181372040350966,0.5857918798521866,0.3565662534009793,0.22859685823452178,0.3322028934990995,0.4661374653600608,0.6630558523128867,0.7904741285788341,0.8282755585542971,0.7833025838282336,0.7073678067499163,0.5437547284508787,0.48721604199723756,0.46271864454027795,0.31858441794938824,0.3610324205923274,0.5060582173138604,0.5902553270536107,0.5813875484950171,0.40447565260073265,0.21075674590940924,0.3097191341896248,0.5688309952562761,0.6891928517053124,0.6544455361340128,0.6449036071152143,0.7177618830999599,0.7035075417572498,0.6076533106270422,0.6824512274531852,0.7962411297044066,0.8380193089304694,0.6841728555705804,0.322754296499481,0.0987357140457235,0.12857856530378556,0.4468182976881772,0.685131848039935,0.775869027395989,0.7486847524456514,0.6859356701175586,0.6227552524295786,0.3958338944676156,0.05853200400109363,-0.023757749385582946,0.2015061676863639,0.56076344857812,0.7613801347886575,0.8372615801002954,0.7790653042346279,0.6505459321481025,0.6118618836120949,0.7467058876157967,0.8691030852726107,0.8870171099241144,0.7946903740700676,0.5957579379357791,0.43454627588394146,0.3057599893174565,0.3236724905728845,0.455999177977496,0.6939913664643065
0.7833780898247831,0.6772383655820131,0.42851511182014046,0.4878555381683804,0.672831622517472,0.7145114187139762,0.552908243661364,0.4439008897882486,0.5370668465355333,0.6077610781225745,0.4495186119917324,0.282097847814219,0.38672274514978894,0.5931942425722175,0.6218240453418313,0.5733896386722476,0.6410266835341106,0.6515555438197734,0.5488901346954487,0.45201265800017015,0.26013585082985713,0.34949671739890453,0.4975274007158316,0.5022139206285049,0.41416915431299794,0.14432207384544932,0.08179936852687764,0.35097526992123507,0.5689128734978323,0.49867010874432827,0.2959950226893484,0.33770384085231925,0.5409067808829834,0.6691157995732837,0.7109155578018193,0.6132261300703474,0.4576168382565614,0.5309953614592302,0.6430994152973994,0.7374949385484219,0.722562586812943,0.6638885679721597,0.6778596348100916,0.6693768356171117,0.6968384857520166,0.6888357981432793,0.6281224071223515,0.4610863213424537,0.33571053531482775,0.4095925448901234,0.5565248458015086,0.7221639943348825,0.8194056134032902,0.8414495418726013,0.7911570665356705,0.6636078436506094,0.5738124931072673,0.6292875655002443,0.678150228960071,0.6828013963177321,0.5596646548936075,0.3847676193974932,0.23413358898224873,0.2201863468382919,0.3875674489239842,0.4313455596396021,0.48012554883739234,0.46762805087619863,0.18195171155669773,-0.04722172679859979,0.048378657783420535,0.20581992370819144,0.4065452975927288,0.5918900922319151,0.727616195120834,0.7611450436300427,0.6810731267339701,0.4820757879198093,0.3263165754669758,0.3713662017080802,0.3501512880589539,0.48318895430532827,0.6143656343750097,0.736311517228117,0.7480198461484622,0.5906496871369924,0.39178852058446206,0.4623892874688619,0.5627137087102677,0.5134318139105625,0.39946503360150243,0.4608983988107111,0.6726201221842149,0.7512372024281285,0.6813214060065028,0.6311920044186647,0.6592698081076145,0.6883252725786551,0.5459016190428032,0.21956628827308097,0.05024117599962392,0.10443706897528651,0.3838574392279849,0.6707218659966251,0.8250614489798604,0.7876836021416155,0.5901758623228366,0.4247699251728717,0.29722635990337254,0.2044149259997611,0.18692550651555973,0.40093087617906437,0.638109440718609,0.7217871858311321,0.7213283447804578,0.6419142860221658,0.5844869189057099,0.5627732712592937,0.730833150044852,0.8295944694310146,0.7935390948748211,0.7010058414785638,0.569301303609965,0.4983649849151454,0.3319535091537193,0.18755236116544646,0.33063454817978344,0.6257732184846018
0.7507287668692385,0.6692501201897644,0.38686742658407414,0.34456616224189446,0.47891141123499986,0.48538904735717087,0.2634959979207822,0.19975721783206712,0.31083046003713233,0.3508040594351084,0.11162419279420693,0.08456384942677901,0.37821291650061845,0.6478390293274279,0.6593031927734436,0.4794349862829101,0.4415237917415817,0.4793332855237798,0.46485676982953766,0.3286674660668042,0.09757938026311513,0.23728093306926362,0.5140797431573015,0.5879588222125133,0.5030112875130948,0.3232203904074179,0.21518964847953684,0.32941304021438167,0.5083230618925176,0.515020796518498,0.4817526715081151,0.5334139900384189,0.6067507382995758,0.5647981287176457,0.5399104391692094,0.4956091335825336,0.45682589152444913,0.5139549876095627,0.670536701102919,0.7618880508103847,0.7294669998668278,0.6682228648672948,0.5579243019229195,0.40586553605754055,0.47707651620275404,0.5712019442858611,0.507020870583626,0.3404553226608642,0.3066763725026249,0.49087006834275554,0.6323258149293255,0.6481285196189289,0.6200466349940565,0.6195577664743279,0.679842494729746,0.6772003096343678,0.5905870647357343,0.5577380707101132,0.5685369165847962,0.4206976471559058,0.13551285208737807,0.019013468031337077,0.1986213726224319,0.41436363680527705,0.578038321167122,0.5990910338981088,0.593480884776633,0.4401122915032756,-0.011971395688179896,-0.31621142878586456,-0.24279284885028513,-0.034643729051802914,0.04833042773322389,0.21232832837503593,0.38394163785772056,0.4636616047812759,0.4161419209921166,0.29757451130067414,0.23807531616641547,0.4231348146600468,0.538398716345573,0.6226635413643214,0.6566661072690226,0.7744633153371905,0.7970429954801136,0.7180929905242083,0.6303589562707917,0.6006295273138117,0.4873567708680213,0.3400000331106499,0.30282399852946446,0.4532884749762866,0.6956684646329973,0.7946187717344572,0.7090255344315378,0.5262231165931068,0.4494511450841197,0.4682188814286474,0.4246540521762507,0.28126632580414507,0.11906812821960804,0.10750385454320181,0.2794223251073642,0.5520668523900132,0.7319080535433148,0.6169820296728517,0.22858447170508386,0.07094219041922696,0.22271504513047022,0.30545482799960705,0.28708927908801585,0.48915703600508714,0.6016557154308658,0.5337986715472576,0.43532226815968156,0.32050709873648114,0.3848437068681198,0.48056504272928935,0.6808539500389711,0.7414422939667614,0.5946207436027281,0.4242948084624095,0.2893902474459338,0.36063896533323775,0.27667033430162946,0.13284609651006163,0.22319080246230866,0.5067713590648004
0.7614164143849984,0.7729874836700299,0.5942644011869956,0.462140799707122,0.4158741689298846,0.3991756692388934,0.27814756438720106,0.35389377155491086,0.455020475618781,0.37026637620691955,0.09840289165381465,0.2286925957071206,0.5515502631610253,0.7388219360911117,0.627192425515686,0.2920127941389864,0.10073186522544292,0.1750847968739192,0.2688506791863045,0.20780164352599995,0.10752918514742281,0.3349086453600284,0.574927526479569,0.6224131469806758,0.5408299881647964,0.47583477250156275,0.383780899962139,0.4330770347096746,0.4757341448660791,0.49632733229839754,0.6069465369045637,0.6905749584850513,0.7144504500497842,0.6020420703770138,0.4443104602259042,0.3845895987429267,0.39631089701348676,0.39802023275960585,0.5970495316697416,0.6896932754909403,0.5943244357570261,0.4911873215433621,0.3403870050299275,0.18417123514442202,0.2589037873140258,0.4391944200458084,0.4122363769125685,0.3039831190202578,0.23226500717998133,0.4730181300568801,0.5987048702296227,0.4732366372556529,0.3024731687590325,0.24635586905877652,0.42093340483431796,0.533698301120527,0.4117925637213287,0.26646244343455805,0.2851990739567452,0.11170200732658084,-0.12763109900141587,-0.14571528119245655,0.2588922449372264,0.6016569380303253,0.7336152975850334,0.7158290371882341,0.7057301343030035,0.5310135297240024,0.08270849257855555,-0.21791507960541234,-0.18076402379317563,-0.04180300052465944,-0.08276766995717669,-0.024378732880649907,-0.03772496478894888,0.0015388508560276793,0.00970246111435534,0.0748434187185302,0.22935781221420126,0.5038915955816772,0.696803458593486,0.781439405361802,0.7883821800466969,0.788770974391149,0.7015581248698667,0.6334369313412442,0.6500136880562639,0.5863869673617644,0.3744678826346806,0.2973054918470334,0.26290742642986326,0.4119039524306148,0.6631978522582745,0.7863679523875063,0.7715020024321241,0.6458475043524242,0.5104016352405019,0.4000545307929784,0.3991520301226733,0.46768312520518684,0.4565173055317927,0.4411934588498836,0.4729367563027614,0.5602333348164531,0.6712220170639935,0.4781327425093713,0.008446236559435666,-0.09186130569810662,0.23777628030065037,0.41389882717715526,0.38146683231940215,0.5058733427619847,0.5250366873102627,0.4470192258287129,0.2537212042539636,0.08788717987552143,0.13390942272666742,0.3008409059378207,0.6124733210359433,0.7284562120671986,0.5659065823407237,0.2639498506761121,0.09515948652024654,0.2326706111531099,0.2598103225362497,0.2619310494388732,0.32283235021036055,0.4839429277752754
0.7671699340739249,0.8252686568779435,0.7346852098511961,0.5768810058070728,0.475254197483826,0.45487185273336167,0.4984766920682789,0.6307372873280553,0.6757804049046573,0.5049701063221097,0.24045033246920558,0.4139948860580413,0.6470385916178795,0.6787393119386761,0.40632766715168833,-0.004867008904306423,-0.09935583191787199,0.09619643642898892,0.18291939003616597,0.16331893722341034,0.18963729651299197,0.39539047669868954,0.50827695241384,0.53324086157528,0.5787593280354539,0.6213586491732267,0.6111890854463199,0.5992711245525602,0.5454550067109101,0.6014263243157113,0.6920088585894998,0.7315464405638686,0.7761243306319067,0.7191013470461856,0.6033025807120549,0.553037612526663,0.5182229427199595,0.45206593874015805,0.5981957948210349,0.6898599200411619,0.5960180277500597,0.4120806394571436,0.29063634494684093,0.2729019570366435,0.3552386934993791,0.5364067488965377,0.5499667109574455,0.41194585719298116,0.2705113277444458,0.5083246352660588,0.6679168659486342,0.5731868962692155,0.3506346586869676,0.19167200955354086,0.29256399496328295,0.3906538978003269,0.17811716891715942,-0.01046079698382188,0.04659993457116164,0.012990646661581852,-0.07636021956868548,-0.07981452609083278,0.3548988848579444,0.6964407756402777,0.7702046437509189,0.7000783891127335,0.754745457709367,0.6937332086765384,0.41784301605198504,0.16642964521171022,0.13279069971568977,0.07743063467074811,-0.0743597582319898,-0.13035818763485357,-0.2195318149835851,-0.10247657213663686,0.004462893741813214,0.16667899270259354,0.2851490620311843,0.5206137164961642,0.7493128290547281,0.8625078795477927,0.8576120661430524,0.743601993767384,0.5003587079533595,0.3786925233851098,0.5055142415873406,0.5251167493159984,0.3834346692538044,0.4010787211414884,0.3606726875664425,0.3479438685337333,0.5390988624399896,0.6548225856190006,0.7565220665394735,0.7701672546751135,0.7088246094102545,0.6330893889833377,0.6464978959081891,0.727313303136719,0.7622488827936722,0.7579824619834249,0.7460201660192433,0.7412613258157167,0.7114439643226126,0.4794785955082129,0.09480056610716363,0.06991556203274235,0.40576265607693884,0.5524563439820035,0.46692313837467536,0.4548848770126587,0.39050598183688223,0.4269355970368506,0.29754286388687,0.06313677042631873,-0.029160990541194576,0.2101648395534793,0.5959134493421008,0.7656854055094304,0.6449245276336669,0.37066273108685477,0.17004347902767944,0.2458813288540119,0.3010693398035367,0.3049094387689037,0.3918801230089828,0.57082202590352
0.5820236141931513,0.6824116127740671,0.6778107058371082,0.4991184073175219,0.3763503514829421,0.39221167779720484,0.5773896545231771,0.7508500025785951,0.7592496621801148,0.5880402517168567,0.39321270903945243,0.5110648567011616,0.5728046065342687,0.4475662778291959,0.10016200253914645,-0.18892673173772373,-0.0534625746808724,0.28318241768910696,0.41948433751853986,0.3539984832508512,0.23531034065707468,0.29350252097744306,0.22151432081514041,0.19524221270218112,0.3875327820911171,0.5509245975072719,0.6653535553772554,0.7279445415395399,0.7123847446295096,0.7154918621485264,0.7070383354762775,0.6572054391925197,0.7282981865431767,0.7148740787098918,0.662225073018028,0.693369633537117,0.6940377945667292,0.6111124188562297,0.6147161050609408,0.708767946543351,0.7151291394544259,0.6317982893104886,0.5598103606196114,0.524609102830508,0.5223459280097901,0.6596490761553777,0.6616473069458708,0.5227880898519384,0.3904692950955315,0.5808059746335202,0.7311138804010926,0.6697898890598284,0.5079551687725261,0.4318978746603615,0.4740277053171018,0.45263920722065043,0.1767046010392897,-0.052100663695006794,-0.06847059725211026,-0.05643812099870734,0.0034474790849105194,0.03170664465060795,0.4208131893535534,0.726679147098904,0.7784527741390526,0.7149147759973077,0.7664473240861458,0.7261130640143282,0.5140032088689668,0.2684710643685228,0.22182051589105226,0.06493012501824584,-0.05383523567353881,-0.16637303819506818,-0.24251352532601644,-0.03312297193882478,0.23653773072833778,0.4039554009295867,0.4462780871830368,0.5430865380780946,0.759996760832747,0.8776986791339372,0.8579547595577388,0.7285717605384735,0.4889462318953041,0.2846218961707151,0.37311466398263965,0.4626066463387945,0.4615788595247242,0.5472359912534192,0.5188264253747196,0.408621441050823,0.4524855709039401,0.4673376218773135,0.6693363673944052,0.794787196454838,0.7947901634181849,0.769853681582351,0.8096209421267458,0.8784080971968298,0.9162633332038157,0.9196889025963078,0.8951964606726325,0.8220489549476897,0.6744481654322434,0.48484063671363226,0.33252577062784405,0.39690362375455185,0.606653395926404,0.6150653166623913,0.40849048995361914,0.3506014247752995,0.28668111780892847,0.3661793454940316,0.2800784258446324,0.05464580216103957,-0.04528653367675151,0.1972311800633551,0.5914830186808144,0.7329955338133655,0.5941439687495126,0.4163880711968471,0.297253530964292,0.2128586533676313,0.16360512197825774,0.11225122921127531,0.27792913422967636,0.5113017271039353
0.2041875248734806,0.36404453778050366,0.5448062335029668,0.46054547339786295,0.29913175133387565,0.38640666409284524,0.562852156180241,0.6990133286259278,0.6384784695009216,0.4998335092949617,0.4590127923690041,0.5323568817868141,0.45586730793595037,0.2726237380126651,0.011329864258534106,-0.15728031943828516,0.07303684326508515,0.47047161510617214,0.6228502932303549,0.5488801118977182,0.33389454039019006,0.22113939369241054,0.040491433425999375,-0.07185766332447178,0.11680422988455876,0.3051642032869806,0.5059884251461749,0.679182224747918,0.7139233423851329,0.6902242960387177,0.6683485657706906,0.6052833190268303,0.6332771949858379,0.5909431765945474,0.5795971909261791,0.7135194924917709,0.7485438804325086,0.6063582927169157,0.46786324854430344,0.6127309316445171,0.7605647357603458,0.8077481445843377,0.7991711706207741,0.7771818226397011,0.7517361215302265,0.7514344261702947,0.648098469841338,0.532662826632125,0.49536926890115884,0.5951963423863822,0.6798238466875017,0.6007366459055983,0.49307849690585864,0.5061441870262627,0.5192252586351312,0.45650220469885666,0.2305947247283267,0.19337078903557242,0.20973537077698384,0.1633428440222164,0.19645404747392298,0.1942624584605431,0.4549995852052397,0.6894787601027914,0.7093821776973523,0.6216170839034559,0.6154322184688559,0.5032693535958681,0.3372900969655608,0.22204779793152565,0.247609138860685,0.13704843733194583,0.07195162375182851,0.015184185945001458,-0.10016482955198262,0.021805239043383044,0.33244205575063607,0.46792009759869796,0.510728063305368,0.6318110491179224,0.7962511297080757,0.8414132831871716,0.7480867293109003,0.6271522429653401,0.4694745263824621,0.2518052470774993,0.22299197283674935,0.326379769910854,0.43365649446700644,0.6191975195626267,0.6675367831851966,0.6116605353689446,0.5595906652461329,0.4984805817440201,0.6674133696011203,0.75870864943326,0.7097270529089085,0.6981953913319858,0.8023183034255048,0.9022915435636472,0.9565748366911802,0.9709200440576113,0.9333754982872565,0.7849458770060386,0.4975968091597619,0.2982406355601634,0.3038353278190261,0.4673301128010949,0.6684729836105154,0.6493241790560834,0.41019603470423915,0.2947026401116615,0.22883336539609186,0.27935049794339106,0.2790889070411828,0.2476172408378575,0.22652138686180226,0.42034621823420215,0.6368728042101128,0.6248285461022679,0.38953858349281056,0.32157296831226156,0.3554683219558607,0.25386414256555384,0.13740813689321132,0.14280756991545668,0.3644057387753659,0.4489946885937747
-0.07381917931061012,0.08730651978795105,0.4348229128104719,0.4736764660982565,0.36417149141822996,0.4498256416116737,0.5208321995975672,0.5548966393781791,0.33417975273491174,0.15870954874009546,0.30270605787934113,0.5405779531413443,0.5803808729107267,0.43427796324128165,0.16834073141244343,0.08761020188155924,0.3341627024854677,0.6016662880624436,0.665866253755443,0.6492549277162987,0.4725970309666278,0.21206416750898968,0.004824905972878793,-0.07124804380950253,0.07089838129688855,0.23590375426094576,0.3241000122131622,0.5099339099500231,0.5531190436005681,0.5390304432383101,0.563332155866538,0.4979157400071051,0.5398195610907062,0.5194157888808377,0.5996711858679553,0.7202452415989583,0.7144665377535027,0.5015609304272237,0.30643178200405913,0.46711276655320927,0.7202419293731878,0.8462944346024938,0.8705433175585204,0.8815600428590749,0.8565845870835264,0.7463433570107368,0.5156542739140074,0.40446382136608455,0.44331577126439653,0.4830821496803488,0.533586320245723,0.4626827896484231,0.45718537202303133,0.4386006996397691,0.39503615450923946,0.39847285624349593,0.3423344883475251,0.48325543618599115,0.5568268409824515,0.48051496173160724,0.4194862850613034,0.4021204205564952,0.4769696702366379,0.592288195201955,0.5698098700776039,0.48696271014866577,0.3094876285091446,0.07233283962430093,0.020549482368430346,0.19462275223065317,0.35422800588818737,0.3959800603283512,0.36138532542923946,0.2757100366791499,0.1688729757241554,0.1746250495966183,0.3784811820244137,0.40624976583123495,0.4434107143665666,0.6420503542406152,0.7958577964268628,0.7702155172234734,0.5719441719502235,0.4317568713310017,0.35492048662947423,0.16121640106985677,0.18519072180546348,0.3088749954242784,0.5040614075264739,0.6427001913896534,0.6885623706763271,0.7307392312382479,0.7360312128774854,0.7151402495813198,0.7736749691249584,0.7364686872785727,0.559407234479395,0.5181714853197555,0.6902414375546541,0.8332313621765217,0.9236454508914339,0.9667898052182291,0.9346356690747593,0.7596429327890271,0.42117503117876026,0.16893908536994118,0.16034510332600832,0.3619217290678243,0.6285084564798625,0.6932260292865071,0.5278753080034911,0.2979001572105047,0.16817706787714695,0.24446433857918393,0.407622810487349,0.45929486032908257,0.41499267457822603,0.5427769258363745,0.6214987403253549,0.5625746570575066,0.36941752855715504,0.41436243326563316,0.4852072524075431,0.4103047402651996,0.39657849346702856,0.4445794369885367,0.5692859582032079,0.4481752246822198
-0.10378767120074932,0.10831511599084116,0.4478655867717819,0.5199736158782342,0.5441691042012087,0.6307720315850455,0.6442719798920202,0.549742336551129,0.20945981134650246,-0.06105371353930713,0.11996034383114598,0.5265575010022683,0.7211654242688612,0.6501452372132633,0.38609378089351304,0.23215790287447527,0.4429611082330203,0.5658626515463305,0.5113534998550978,0.6081854776941874,0.5627561568517637,0.3792768086368653,0.3149616440028949,0.3440940144220038,0.4292750465424301,0.4411248609748855,0.34682138531091106,0.42469368514263467,0.4646778751781657,0.5527366291381882,0.5978019579403359,0.556371488199196,0.6169909053673552,0.6344599306791207,0.6513203339602567,0.6696959295402142,0.6263321542135267,0.38918913589073684,0.23858294847647912,0.3697289965348959,0.6456086086011764,0.7459822973866632,0.747350755159943,0.827855482374267,0.8627959916831173,0.758311563377464,0.5323318288640966,0.4209845443932947,0.41783861172437337,0.43048900648987726,0.42122225855866874,0.39950177375670654,0.4388207332575559,0.37139872233118076,0.32846394854891015,0.3691715951228066,0.4726455061552258,0.657325573079894,0.6926755750080437,0.545162450327055,0.45485937362139306,0.502185342282733,0.5122695824259851,0.4352330241982879,0.31246969932757834,0.2639182839725506,0.03129151584275829,-0.1277457902876615,-0.05456117086260325,0.24428240689002365,0.40841567235824816,0.4631692304036596,0.36227096214757626,0.23660238081549712,0.2244235239096862,0.31013355168874196,0.5048420552701066,0.5334650532168641,0.5225967708364285,0.6679515078598592,0.8046990641803127,0.779747181264997,0.5931299348056595,0.4391618818416574,0.3590036184982408,0.18229051813689895,0.25289346200388024,0.443334239062127,0.5599542048785142,0.5227812339411004,0.5275557224351449,0.7047140346325504,0.8264253934921199,0.8671890854372492,0.8818267472320576,0.79609842660979,0.5978449913766808,0.4899147441491676,0.5763657078739978,0.6803772311950628,0.8025265940515559,0.8827866775303108,0.8502826664921727,0.6563998205423064,0.29808684007435227,0.07206870674697465,0.16916316752044333,0.37162682240006206,0.5727219172954137,0.6937370638876007,0.6677713559729722,0.5094692631222418,0.3724972996290989,0.44364997333653583,0.6042727468934973,0.6414107045914492,0.5675941762412443,0.5995605778918671,0.5854497231273394,0.5714700902398666,0.472751111539752,0.5275629238304544,0.599409239010534,0.5910422427157004,0.5866297655829877,0.5855702053778872,0.6540905345048099,0.4654303027930947
-0.011048475245260472,0.22190315771415112,0.45296423071169606,0.43866754620722065,0.5492635687931267,0.6677416176711126,0.6657280410291766,0.5567213004992468,0.2254850126186066,-0.017547685414554204,0.14059005492735913,0.5564338557317188,0.7955093014144726,0.7459896913748524,0.48114360151428237,0.3182923282951917,0.48532066861525197,0.5169078331328096,0.39289834478310537,0.513935656786062,0.49902921082937507,0.3547410270123467,0.4489738748381663,0.596646084144779,0.6949267248160278,0.6394021804842517,0.4643325646426418,0.4505432894604748,0.5382202779225347,0.6300485213470698,0.6482031486548963,0.6025945644328031,0.6898781510420131,0.6945406342002214,0.6101329203188179,0.571422659428627,0.587958873730636,0.4291477924532027,0.2980535538496052,0.4471158903389571,0.60353625299505,0.54667452958931,0.4761713301087087,0.6735383765105445,0.8047338376868611,0.7304923280290573,0.4901016485957608,0.3540010466855632,0.28830436772176604,0.28035042484681966,0.24481777094997542,0.29750107737679243,0.4631715577846306,0.45002596607126916,0.309367823522007,0.2558256055147373,0.38248503115477855,0.5859483160906838,0.6081735828944581,0.4412043660148858,0.44885404595381795,0.49159722276720796,0.4499096853177669,0.28615104308194333,0.22126855881262086,0.2775344602509842,0.1613485165694153,0.14171887481857695,0.2343392345213381,0.4636021200885306,0.5088990115398873,0.3467624471851574,0.10146555153772166,0.017575954828374235,0.07359238605902697,0.26436418640867915,0.5473865508933082,0.6073398098420512,0.5299598023015708,0.6188457512109204,0.7603854592685294,0.7467948334678278,0.5715306398362764,0.43581819664857535,0.40526610195924817,0.2683295882588656,0.2949837657463072,0.48415728058582996,0.4612724504994534,0.2552389029910941,0.3402320861834994,0.6398159884449489,0.8349789685771777,0.8774494765983694,0.8428404932331994,0.7190122235568419,0.512350228729622,0.3603899301231828,0.37850930727394816,0.43346525053313106,0.5657839657146411,0.6647770056603538,0.6398101463346896,0.5254015869818863,0.3309453994714317,0.14964149573817542,0.1970712472216277,0.29985897283256746,0.39460876986597915,0.537026256899369,0.6376786873356995,0.5721918599785574,0.4451227059726792,0.5196958998990999,0.6777442864300403,0.7104685106849313,0.6328167452201364,0.6830721150408102,0.6875282036066467,0.6352441319309502,0.46744566539770566,0.42042974314111237,0.4592766569786156,0.503624986779664,0.5191429863090773,0.47514496503894865,0.5818572072857398,0.44563006141290495
0.19930107874923622,0.41822133366669945,0.5158836323795484,0.3719545398369455,0.42083750344921433,0.5666202520046414,0.6097161544085993,0.6355588069693191,0.4575262928323133,0.19271633175235486,0.15156377251356498,0.5294987708470199,0.7886132353248099,0.7542251613708998,0.5095206848215593,0.4244563139034223,0.5621298026253435,0.5571772035854312,0.39131314083500446,0.41761174671508655,0.3450563811321451,0.22052297610368216,0.351500553377731,0.5613401556579845,0.7122015978439892,0.6471497122307367,0.43299531345254616,0.38596297589228157,0.5263356764609965,0.6125796251966834,0.6701147715025018,0.7091024579437832,0.7699905746389397,0.7173547413887447,0.5717787321755212,0.5949027286816753,0.6189879681011462,0.48411954566803694,0.39577599032899796,0.5129945398305937,0.5665264579663162,0.4061931778039559,0.34615253865038026,0.6031159441077413,0.7791294546284675,0.7441263376769676,0.5689552707927964,0.40678692571144365,0.36235832726745426,0.30431999547448707,0.30285321002188637,0.38580832957345995,0.5888667880430698,0.6344329634807557,0.4734048427883651,0.24625596046265838,0.17682114242758756,0.3711786665692928,0.48424022910651093,0.4135533214573311,0.46514685539715206,0.4328378497692701,0.37704116093163736,0.320713174321547,0.41256565292706127,0.5478750041642851,0.544080322886367,0.5181896010180501,0.5095367824301062,0.6123352556804714,0.4943123044139459,0.148379660224233,-0.10262109982999341,-0.13785423270383662,0.05681039273112554,0.3109780459734418,0.5965342695065606,0.6725793286194458,0.6094958223043974,0.6051981509186016,0.7297679898307853,0.7246213351737354,0.5873078309513954,0.5546383743043158,0.5193230448244338,0.36698473452211267,0.3779019014776312,0.46466618013032757,0.2764639498953212,-0.0056852335383136944,0.15931827119195535,0.5573705816151799,0.7407153646493259,0.6627763821720885,0.5227527117023968,0.4072733872710243,0.333839809773917,0.3434563764539728,0.33978791550520127,0.367908673643527,0.3505835754062119,0.38667739630915815,0.3779922002974131,0.38924600970490775,0.40537080280512133,0.336414576714302,0.26945936760763417,0.2738478795775854,0.3206780305156508,0.33832845075208884,0.4717349912357811,0.501968428844238,0.4852530708520711,0.5212849149906852,0.6755165405452204,0.7670900994794715,0.774444035790953,0.8055894144216237,0.7895037767306532,0.7153485278629023,0.4878928288518461,0.23619924157131883,0.2166373634439392,0.32635019386988,0.4471728349718248,0.4435985857252931,0.5370409831014686,0.4414058008918205
0.5203022132464682,0.6724450095599168,0.6265743366434554,0.3573994895606445,0.2726610794532766,0.5031778059501001,0.6807465816165482,0.7607659634240342,0.6029257453522376,0.23941268342810676,0.08116392435633663,0.46145560134785496,0.7691449065533151,0.7995640397789341,0.642466739242417,0.5469857025870779,0.6606302230407586,0.6391484170987918,0.4201098549861227,0.25689975503859364,0.11594991307280061,0.08072086336700295,0.19721672387252898,0.4187708283460699,0.6273302572222126,0.6125687705257299,0.4956588245983649,0.4424402093878249,0.5170708697846277,0.5204348831222189,0.6021418421310415,0.7205478721731604,0.7710128227993428,0.6999497502331606,0.5708675672229737,0.6244333853945385,0.6210760968207363,0.4319532130998891,0.3195939970701739,0.44042044400139124,0.5433062445161386,0.4838913647969183,0.46119571255518976,0.6554627312180079,0.7733285249100966,0.7410536179015452,0.6893103725016616,0.6383501170227972,0.6133049402122075,0.5193298067004506,0.41983300413002095,0.4443335186171829,0.6474142467426761,0.7047833378199864,0.5420752294615592,0.23464035053055463,0.0818754408611323,0.23587475654024437,0.4542280466395583,0.5371857017174345,0.60340194374494,0.5083243375489179,0.3158249143397817,0.28468556588649263,0.4992017419512015,0.7164490588483361,0.799486864651635,0.8036144433437372,0.7688975650564905,0.721908782930543,0.5018187716827639,0.20687704119945777,0.07651860765482824,0.00796154482162393,0.1181804379434983,0.2922654956404993,0.5564909248201693,0.6550436558983689,0.6954884298233741,0.7319374961043658,0.8089900962835844,0.8144229337349254,0.7610631109804946,0.7555801304042591,0.713495946540642,0.5768378250859586,0.48011838254096506,0.43776430973402336,0.1352000454331742,-0.06405597824799654,0.21131320375054907,0.5371865991459681,0.5681708072627608,0.2526211619874986,0.004549737976246825,0.029344075094325562,0.2917824691182803,0.48891941828256386,0.5143737883218804,0.4544713126104213,0.33123756760518763,0.3182589390606334,0.4236616598774806,0.4874172429546475,0.4902540246801423,0.5079270109703778,0.5080180525282341,0.4899040695431017,0.44355890456225044,0.30026042813727155,0.3050074807797412,0.36580853121266627,0.4867849306600791,0.5507596170806638,0.6196523931307563,0.755286023152585,0.8313349211741471,0.823073853376757,0.7485287517859893,0.7183160264539036,0.5704091571775127,0.35303240342590114,0.3849019345663977,0.5159644279179827,0.6343632096645226,0.6429801238362617,0.6111009729687595,0.4906996702749198
0.7364929274900806,0.8300160848461138,0.6903355855077576,0.35574358587974503,0.2751647825003617,0.5447366333992566,0.7706383506206603,0.8279549236965817,0.5995335743775247,0.12804622387785697,-0.005922963309587644,0.4154462622435055,0.7501139692676587,0.8293240861549451,0.7728872950059945,0.7152403798740335,0.7578363720845745,0.6682009591497584,0.327924990823739,0.018671172793987886,-0.03928814710316526,0.06940109655250426,0.31253084204050285,0.5126988617700297,0.6275659402431877,0.5644248451059455,0.5045022139589622,0.47372448149512436,0.5717323735235491,0.5757758220264972,0.5747093919381128,0.6527455370599066,0.6104279514046401,0.5068763397831253,0.4049517091997795,0.5692875131285998,0.6303964819336226,0.47810219400573745,0.2876067466299802,0.30237620649186503,0.42164932451539633,0.4662940745957287,0.49652309135790357,0.6812830007216344,0.753101103123366,0.7043653285896548,0.7567560960806877,0.8010008619940234,0.7967306017179552,0.6887339265319631,0.5279291288869798,0.527803172466769,0.6114196264854516,0.6077026902585586,0.5183355555417788,0.3726989922523832,0.27101742395586054,0.35308349678821305,0.464585814450897,0.5661735405962283,0.6610593759471123,0.5506158856353431,0.30303228726639375,0.23051427527636667,0.3948115509974166,0.6483344352743303,0.8116468226873486,0.876605897888556,0.8462966690299133,0.7375149419117638,0.5276725808852226,0.44796754655389853,0.4427505061041434,0.36807485605361084,0.29507767893756653,0.3620234949149103,0.518453929591455,0.5681938820874171,0.6878071651501144,0.7623509675373704,0.8104946236296859,0.832593557726633,0.8553017783895805,0.8842682131753345,0.8702417188502996,0.7859277660610473,0.6723995607559837,0.5239679282402407,0.20658618852446387,0.08632141284310281,0.3311014036416579,0.5026696286218013,0.4519902742166021,0.07970755588614259,-0.15153171894711218,-0.004092010552497961,0.38123381251721544,0.569992342151009,0.522868941564294,0.3989130022739418,0.28556793089631294,0.368306460697711,0.5061401869163485,0.5128427204180683,0.38785516191177005,0.4576634707579325,0.5705700402634711,0.5983982390160801,0.5810729054987099,0.41469719996033944,0.2693027679183024,0.35887242150206505,0.46017161716400995,0.4701789588520357,0.42584891496066624,0.6392021107229873,0.7784530683829294,0.7138065077879321,0.5506589201238711,0.6407081148512083,0.6784309988491898,0.6211764430594641,0.6350689397472575,0.7105818212421755,0.7960251105919902,0.7876251721128843,0.6811387695797576,0.5893555934041496
0.7805154678410762,0.8826471889928047,0.7613161396331103,0.5147331342971615,0.48151005235086924,0.6607491197219734,0.8361798898540987,0.8639450745659784,0.6413844035317299,0.22684586175520327,0.1395812851944796,0.46738047581860553,0.6735506121021265,0.6964882403440187,0.6941888976118995,0.6591126768006962,0.7172769844015142,0.68136951180152,0.37772228386549744,-0.014450920414846717,-0.04414754036713647,0.20653745114061628,0.47093046555124696,0.5952191514582642,0.6536033940551006,0.5954784815355119,0.5234700280157484,0.5822932584916795,0.705959531206365,0.7379414200226021,0.7005861455689362,0.6025714748227333,0.3586991345311521,0.2632465137387379,0.2817919243052897,0.5066364539985402,0.5565676056270119,0.3966597323542505,0.1597186419741013,0.1973452103494742,0.2395622868357262,0.33485964714497074,0.5046985539982956,0.7235271476556419,0.8165576555154692,0.8134647101718161,0.8581531246617224,0.9010425252383711,0.906338632499275,0.8288953270259233,0.6673966736600366,0.5120511136129217,0.41090059261497097,0.3576317881030617,0.387805283478335,0.4411568869659716,0.38967770200248913,0.4014207599677076,0.37204293675997324,0.43278964348571686,0.5449568159986153,0.3884185028927795,0.0737621058317728,-0.04955786462467732,0.017698557929019143,0.30799441260138366,0.5783423947371916,0.7394573836148111,0.7325927413640535,0.648873123696974,0.5405492441650446,0.5940829032037179,0.685048062889464,0.6680459446895227,0.5578202259921969,0.49032437057347594,0.557393098694543,0.5500818608021715,0.5932969464538819,0.5993441547897806,0.6095674557464319,0.6741806590587388,0.8085393282538594,0.9066057909509081,0.9214895252501277,0.8460962553403998,0.6963484275211947,0.5017796735077896,0.2173478113243665,0.2561542966182133,0.4016676736288465,0.40760880724391646,0.40282311779715,0.16408393521938583,0.04067980206199175,0.2512681806680962,0.5137461563966572,0.5209993923277043,0.3533901444719837,0.23142026758683204,0.19045100226865913,0.2644265961787454,0.40728474558919486,0.439307330008402,0.28942347629371384,0.34373835855595164,0.5092344439656535,0.5560835138247635,0.629390765956841,0.5472019676406453,0.39959569393826566,0.4516132934915913,0.4467735746212397,0.40684577744610634,0.31584772407613865,0.5608123685343495,0.7184919431088744,0.6172506287458029,0.41805189282748373,0.5741282582967535,0.7061987148998812,0.7136075285005186,0.658586618386025,0.664963749909801,0.7260646579437358,0.6829910713128969,0.5335640146853119,0.5054994792841419
0.7193951736410377,0.8173890743017399,0.745538987572533,0.5621189997932161,0.5490097669928488,0.6535870662761126,0.8202946095981622,0.8880810507218938,0.785190769863296,0.5589838616062681,0.45917993317092015,0.49682764650887373,0.41308083397228457,0.3038773817798561,0.36081862554434235,0.3278986518188956,0.4713911862035961,0.6125355297098102,0.4839230822118852,0.1642911981542611,0.120049858952172,0.3142750382667188,0.5139033829015334,0.5377962966611282,0.5498009348567278,0.4851732133684336,0.3781908106966106,0.5675008633599924,0.7593778672794621,0.8245573679409454,0.7929391735192427,0.6151191953019324,0.29147152452889613,0.2254950507201672,0.38278128915308446,0.5403063459936707,0.45711362924758897,0.2592554622867376,0.06172586601912569,0.12789558852253163,0.05832134356418358,0.03746125174325648,0.3216743297539827,0.6738919914439251,0.8573149307849247,0.9043266209516472,0.9135315810415058,0.9126974240290752,0.9247215244735985,0.8772472372765149,0.7026208391756292,0.40116700172588965,0.21467145569656687,0.3017953820778392,0.4908455112557333,0.6247306938328901,0.581560159830731,0.4652433545238942,0.39165180076655476,0.4153340110755781,0.48024860240196093,0.2970290880751801,0.047232747366527106,-0.06189184449780453,-0.16378885817693725,-0.003509924018076386,0.2804017455689972,0.49847332483171386,0.47157973624684757,0.3943677059133739,0.3599773365408159,0.5099591328116324,0.6964463254598218,0.7750898796457207,0.7327860418476468,0.675697231735911,0.6307866953302628,0.46586598425383186,0.36204539683562786,0.2930765801286209,0.2952768190041859,0.42273064749078076,0.6932647837240524,0.8558904722295181,0.8591620046444145,0.7428202557437992,0.5480312043136852,0.4045753705930253,0.22228087153476103,0.36262409442246807,0.4457067993184393,0.38022445042387937,0.37883483479511426,0.16782894268061774,0.08161885725324233,0.36472600028774227,0.5621156747659913,0.4770208988124526,0.3464842989472719,0.25074631961803856,0.08259854274314764,-0.001333816388203965,0.15809643329383488,0.35643852557211536,0.35586361355273355,0.4369075528992773,0.5529805366644366,0.5712696554949622,0.6431890554045885,0.6532267143026933,0.6353508980472542,0.665341309315385,0.6141312421351967,0.521953114060004,0.4066284418995873,0.5677470867739838,0.6606515222360664,0.544936997239356,0.3781036226436267,0.5253320852466127,0.6340403868505594,0.6426769446792258,0.4991141669351695,0.4107139387536709,0.4258072767919172,0.3627657218509645,0.26827442256645473,0.43230577584929564
0.5479271325052782,0.6404953278491822,0.68858034408241,0.6058510978374809,0.5259883203427927,0.5617430369616342,0.763123030438303,0.8879425793294398,0.8596696462713952,0.6914236238634266,0.4988154470831238,0.2972114361599613,0.020949415237080608,-0.05394817301382566,0.11304395758241986,0.1039814530912261,0.23814687183292269,0.5411221264362193,0.592954146533499,0.39160734035820816,0.26655625820256335,0.3761481695213392,0.5684591207892832,0.5705523109447234,0.46239196014190465,0.3773892004024225,0.2709743670955573,0.5204468863140133,0.7241624246738635,0.7881508567107418,0.8027939260134537,0.6808592705770083,0.4598514886644754,0.468842854920628,0.6222090550189584,0.7013151265670322,0.564026644817247,0.30698039224269824,0.1490624588153084,0.12395421735554293,-0.14229009737174908,-0.2669194128534226,0.05577844651738689,0.559727713530707,0.847373504603908,0.9117080051520996,0.8425891194656108,0.7713729740237989,0.8206318707044622,0.8378802133689631,0.7301530967236273,0.4565653697773281,0.2267107734948089,0.3184166829805084,0.5793585723912306,0.7319949060932897,0.6300272852795917,0.3546323027928161,0.2781379563659796,0.3576354891068992,0.5249411488329264,0.4701773943454996,0.3100618650277444,0.20427857764928017,0.022906127157051398,0.06837422918622406,0.2843410542188972,0.42061757428180474,0.3754385330410599,0.23746169476077006,0.27738841104993556,0.38474528232207433,0.5739635274235833,0.7069382796896839,0.7149095762380767,0.7195776075300436,0.6643729694417779,0.43078781259688026,0.20452558206482402,0.2364809903725475,0.2966590293670112,0.41860001332966257,0.6636005379845296,0.776737521222671,0.697598462454367,0.5561429003146002,0.43736503963354856,0.3981093467570891,0.32715106297445473,0.4559280439191167,0.4708972586080256,0.44331395193357814,0.4745625347416499,0.31483461372201466,0.17554491699354954,0.4269307960148575,0.621128777532526,0.5845133348522689,0.47663733321142004,0.4377413449115267,0.23521448437648368,-0.00501010563394252,0.11283200342239731,0.33953885686526647,0.3789881942123013,0.4643718866120115,0.5276058081290035,0.4491221714978303,0.4668205476460872,0.5300308148044576,0.6609933603844809,0.7368914098955605,0.7013038545661225,0.6637258940173884,0.5791829310192368,0.549801715758416,0.4914397247938734,0.36513207927083385,0.3242333909707051,0.46734194563325493,0.5325815101412555,0.6114942289256223,0.5138632526266468,0.339098840619648,0.21989569646413157,0.14299669925697625,0.15626274510994556,0.38918984527330136
0.36617455660476855,0.4276527581437107,0.6017407280375943,0.6170876472397236,0.5405088303587018,0.6233652763109082,0.795936264069654,0.8900307387030431,0.8147900872936048,0.5695059287936005,0.3160571968463768,0.0894193012400975,-0.10890144575987017,-0.044648534616981275,0.21228551827629658,0.2587206042839958,0.32475166577515135,0.5803312554931566,0.6296086377034588,0.4986716772463359,0.4866212207600914,0.6040603626296963,0.7234363574940045,0.6871900741946207,0.5345371595789363,0.4235813344842872,0.3214403716221399,0.5202081832158232,0.6442099186306253,0.6597160580975844,0.7184435706980233,0.6603777101946199,0.49825808476897654,0.5689061899928288,0.7234336019415815,0.8123407260637516,0.7584974113500532,0.6234729052882528,0.4988258567894357,0.3131286267780129,-0.09615267696561108,-0.3208840816797908,-0.02430511731525357,0.47836515255461814,0.7923489010230014,0.8177304214738693,0.6270816485088593,0.4742839665991241,0.5988597042128033,0.6854576749836999,0.6585399958465945,0.45643268285093064,0.28079170465382286,0.2712605192705124,0.5466425821256785,0.7321778755307545,0.6216709503067358,0.28917664505161583,0.2006534619612134,0.3901019903334887,0.5970878487063229,0.5940814683624167,0.49805036556962057,0.4759591965946365,0.31391476461011486,0.1767933682548629,0.30199587294739066,0.3879859624379536,0.41275410748758756,0.32018437696067525,0.3879023284064937,0.46019328307246904,0.5235443566377936,0.616186621520669,0.5827374524925061,0.5895648036664922,0.5366556445477907,0.3056549909487105,0.10646921387351042,0.22987028965047368,0.31252892271653027,0.4194778895265491,0.644055402101192,0.6904208534641106,0.5115766878980521,0.3629198737475825,0.3438771944710363,0.4452521715772485,0.48509629361374035,0.5125169687773299,0.4112525837764963,0.4215429322575293,0.5381189483171492,0.45240041738602876,0.30248169183750884,0.45071857013082967,0.6432549568827574,0.7188810889023416,0.7145379663892338,0.6823235946572234,0.4846010386041033,0.18688456105054943,0.1978465830101441,0.4258515688816124,0.5087734367134045,0.5166519302291654,0.5240899870688365,0.36194795530817453,0.21245220872987483,0.2133296422321002,0.47261002635145066,0.6483907216560679,0.6622871648081792,0.7145227356944608,0.6478531258912295,0.44249122161911913,0.20888211805354617,0.03167741123383217,0.1390724310524715,0.3889420827729623,0.49180490294357937,0.6025533289524976,0.5590583657645349,0.422852367601218,0.39104522161550515,0.3571373468625519,0.3507895220192934,0.444776680103073
0.4706043300164274,0.48704679822706676,0.6362628699649933,0.6924444092871038,0.6953707197808146,0.7718714276050713,0.8726869865213339,0.8855164350837846,0.7121933093971382,0.40567469104823706,0.3240428843530437,0.23990811174266474,0.12404064273904182,0.24114385966013052,0.445697355479725,0.47750023477197373,0.5159598079235315,0.602690583087853,0.4932860711631634,0.34431046179114827,0.516321151239367,0.7132854014258245,0.7948673911472981,0.7418235320517604,0.5872764913888299,0.5231522462660773,0.45160927687979485,0.5362335032775053,0.5584814611718545,0.5883547389161495,0.6257336338621164,0.5884095500320622,0.42764544415156297,0.4427552191023268,0.5858752841708254,0.7338909076629656,0.7972834183262485,0.7963951824852518,0.7038038958272524,0.46005830104636625,0.09349861404565922,-0.22553971085011465,-0.09432044411929581,0.31917776883416915,0.6631486351383594,0.6982698420226668,0.474586040846597,0.3471187950105295,0.47086428031478295,0.5076664653691315,0.4733841804525032,0.28440188687509405,0.22753768844981642,0.2165678650910192,0.4392903168386437,0.6534281981256943,0.5924763227092652,0.3283883817604828,0.2367224878729953,0.3946120385380256,0.5757297666690241,0.5978363188210871,0.637051850920324,0.6723920447788307,0.5320790016534057,0.3036380355113349,0.36042306402618646,0.49296041034585764,0.5633544082573088,0.5354797272339191,0.5517903503964597,0.6306154249370722,0.6840928421459003,0.7103140993248345,0.6050404875851134,0.43920103890637874,0.32851359051924683,0.17351570523076293,0.132115698748403,0.31040769052940775,0.40081587428572346,0.5648707275280722,0.7406540728309403,0.7607825837653215,0.6287535156398297,0.532891644731697,0.4966581160695123,0.4991765346252336,0.5070676399839961,0.5046139597123395,0.4368400599949297,0.49501493976473976,0.5936009535896674,0.5334591325430607,0.43523386628566446,0.4373699225117581,0.5851441743419625,0.7508991608901785,0.8292261445944764,0.8221198359858636,0.7104282522093507,0.5063665359235647,0.4305886417200612,0.5682225247548485,0.6747189410419975,0.6770871311180897,0.5925816703725488,0.38170477876289005,0.20106559692297274,0.07765710399789781,0.31629775700494267,0.5836627837396595,0.6953708364448316,0.7856504465667543,0.760652275243633,0.5616180470504228,0.2591573421878677,-0.010962453118572114,0.1375337322106316,0.3401098157918339,0.35763582498267593,0.4833753044395754,0.5437918638661086,0.5900124992226702,0.6382857418534368,0.6072215242664305,0.5234315684243862,0.545599311540463
0.5881926660014825,0.5564972535075347,0.6491005970970631,0.6916357496843006,0.7680348400237815,0.8608018087360574,0.9233625681938032,0.8810587752119645,0.6577370695997243,0.35984824082144806,0.39207769867046094,0.34122384940641276,0.15450647304764858,0.2798741112738701,0.47669151013883476,0.470039107744381,0.4850575309137293,0.5029603484973713,0.30727170692304495,0.19420905005302133,0.47578869331790385,0.6982622829239945,0.7573751976048168,0.771297013295307,0.7108330750571384,0.6251534794996859,0.47671417237152225,0.45802795032504434,0.3840133519944933,0.4662215983293109,0.4909126497280355,0.4401773502188991,0.19053171755328496,0.13703762193805755,0.2730649941851241,0.47210356832671574,0.6329093231007358,0.7468424154601567,0.6777708777772472,0.4269207289185171,0.22917090994037587,-0.032824171350389064,-0.04595168857272437,0.17204952927259656,0.5541280328423944,0.7106726953345839,0.6435193073624481,0.574678711994181,0.5781553542898414,0.502733426771816,0.3521395475018535,0.16570523480453173,0.18399725129636232,0.22529975676670913,0.30604356751881495,0.49548716431168743,0.45213989410194005,0.25247857746982166,0.18461558979775405,0.3075623572476905,0.4535151920992908,0.45313635131801094,0.617407440435524,0.7169199375341379,0.6295007843781736,0.4134600277291717,0.3790794004765929,0.5025136557501823,0.5718044878562646,0.5775496136655891,0.5532967610269094,0.6793242857355422,0.7719184295307531,0.7973387294335609,0.6747329544214017,0.4296117062414913,0.2848562909748597,0.32936791092011286,0.4406050093507434,0.5936424482310352,0.6739047347172973,0.7772446687772648,0.856625217996995,0.8246414635336858,0.7084435160769185,0.652978111410505,0.56300832277774,0.4333175748985469,0.3700791140030652,0.36151383631721384,0.3349385940305441,0.42621242977744267,0.5055544717825885,0.45816794098616553,0.47303474679178986,0.4786878948193835,0.523908868619649,0.7114220025771141,0.8090016222306863,0.804828924679554,0.7764676028151429,0.6372528858402485,0.46906203136850216,0.5334283214778676,0.6663441215012537,0.690895644844667,0.5999443524761694,0.5109848069898629,0.37497313116090064,0.1759806528064064,0.2582032800732584,0.49624304638689193,0.6033825676550132,0.7187163341988672,0.7520031503827986,0.6078329034515576,0.34674952735598163,0.05437405165940031,0.16912255764103312,0.31228562982383357,0.23285293473779067,0.2816467394058255,0.4161488675028519,0.649412811367764,0.7888746258135537,0.791801650541567,0.6937928569227497,0.625643987793473
0.7045462933687382,0.6851750728051017,0.6441065663509632,0.6006416676078429,0.7414891850529991,0.8762727067179775,0.9366249821028613,0.8911901095484295,0.7063667456757551,0.48421619079965905,0.5143540356009336,0.3872517411719678,0.07897213786162556,0.16072738529929279,0.41398593658989324,0.4226413283047007,0.36733345435941805,0.46127436824067325,0.3777933849129395,0.28069179571113584,0.49882244849211116,0.6235295444282203,0.6283643999270864,0.7414969731953518,0.7878905944807293,0.7213441847805383,0.5633753082335077,0.49137855127732033,0.39493306077378443,0.5026384146492915,0.5745208083029598,0.5019902928269365,0.2353414579253684,0.16515614279015292,0.2490004211568955,0.31270674680653854,0.43934057384681796,0.6257172879405116,0.6122338701599549,0.4485921481462967,0.3970270498931911,0.2618249311891199,0.14216132037705556,0.23320287385049387,0.5505031168054821,0.7641341354166457,0.801534485239952,0.7347811979703401,0.5954802624524512,0.41729201889562056,0.2342104706699856,0.14435904491250137,0.19998451727518454,0.31369454562030846,0.33221018364028215,0.4401494613681833,0.4233881799332505,0.4077462553049069,0.42026790469450653,0.49628952019220846,0.5165982523557175,0.43526678685824477,0.5708622795541733,0.6517862753937729,0.6238134832652857,0.4704736773588945,0.4504627309495687,0.4691029030002425,0.4745078314802251,0.496441467784036,0.4677009932857388,0.5752199845276917,0.671925943040076,0.7348850143724541,0.6605286940475971,0.435355021305145,0.37920943151104974,0.5371943712628451,0.7049042210112471,0.8191564234133982,0.8668112683725857,0.9091441901284665,0.9133959145712516,0.8160538208970963,0.6485166752669703,0.6173414434720911,0.5445752556892706,0.4985445769873878,0.45580894868327904,0.394103678093246,0.38938970253407373,0.3698391314264852,0.379007897318542,0.35964196033974766,0.4264052233461445,0.5013408181931194,0.5466524891383491,0.6969881398898096,0.7589530002985204,0.7263196258570935,0.7632474713631788,0.6656392290091956,0.4436692751075902,0.36175798961482064,0.45226792368406815,0.46442065619617057,0.38650898407448697,0.5218483917155846,0.5719666198782787,0.4478647024524241,0.36288955793260697,0.39704097061074367,0.3334513861387826,0.4474624058933385,0.5863440081068829,0.5373486528653195,0.4145332043509316,0.1980838849424895,0.2315976401340233,0.30187522903145786,0.1678684855960921,0.12456032024178815,0.36312963374483614,0.6648465297706312,0.8242178276909354,0.846272244870773,0.7562314607714044,0.6511299391440387
0.7501541666388319,0.6744295692519636,0.5534165282424167,0.5237645830141427,0.7023766771120297,0.854286612262165,0.9091550078686365,0.897424822815581,0.8156773563614564,0.7105639660874266,0.6606867981139054,0.4507961339200128,0.09477900848250086,0.15691979915781742,0.38064907472595205,0.3740043446658503,0.32776890875884634,0.4967416239563623,0.5176402108327643,0.43719062922556534,0.5263280460770898,0.5389440748816233,0.5546618003936583,0.7129408801119826,0.8098806430038011,0.7650414913113973,0.6207103479198908,0.5909189114790867,0.528119973555631,0.5785308757835352,0.6791171153142834,0.6479318759122162,0.45647681692171505,0.36085288914962454,0.44740498976650783,0.47154724088549865,0.49476193790798,0.5954661680168912,0.5881702307670734,0.5424276080677992,0.5426989390468652,0.5460661887166223,0.5032403944203958,0.49533994835406536,0.5916604917958551,0.7674436713338012,0.8401781782967067,0.7554699629104877,0.515808289780147,0.32487841084041297,0.2801334662426468,0.2850555101577913,0.44055542388016833,0.5685813371464572,0.5625645207144122,0.5599616185558792,0.5825047098747977,0.6054510848817954,0.6115864285727789,0.6679109445124415,0.6400120974168846,0.5308060829184483,0.5742855385087859,0.5986624700634852,0.6526714718485067,0.6047536334890208,0.5723017572036819,0.5033921803798604,0.4663788697110273,0.3417021145621609,0.19247346484914352,0.27846726849550774,0.38111256731533116,0.5188062132077264,0.588475169650769,0.49548287992257983,0.4735970367510388,0.6729871600007454,0.8405310862082391,0.9106796149475379,0.91558664702864,0.9365655794638751,0.9223155264289647,0.7945527231975604,0.5830010117110515,0.48854702431557745,0.38898242086519086,0.4981282830968478,0.6045237428810477,0.6326306745661708,0.6189606168845085,0.5113538184267898,0.3481490556027879,0.2708638462698247,0.3452303977384136,0.4870741368053573,0.545615961414306,0.7082656087674604,0.7772182141464433,0.7640738386934938,0.7722746729570084,0.6468425182197257,0.3860739570543668,0.24529787002259526,0.2154715183654491,0.19105207885575584,0.17864044627589032,0.4813381089137519,0.6626744435243079,0.5752690831017212,0.3611469478708577,0.2941253363333854,0.11594845135335255,0.17044395788337868,0.4513965125070308,0.56670800039843,0.5733482565611385,0.5024089507110063,0.44683442225019476,0.3150075637376412,0.1186211325464533,0.07275766970428749,0.294158292278775,0.58303829332744,0.7232503538348498,0.7941782086246783,0.8029287790843659,0.7636902271486368
0.6029630744292174,0.4602388484733612,0.32671506613636675,0.36278490695667737,0.6201411924416224,0.7779583375847159,0.7953449206771325,0.8006595629223893,0.7958104484373593,0.7650393503461749,0.6803591312948832,0.49888694677238554,0.18975277075958244,0.18618940898441771,0.36592445566284265,0.3325585185222854,0.3249719655694733,0.4788428424033673,0.5073230770726675,0.3924399483006002,0.44763352237972964,0.4141722978265391,0.451379795866287,0.637138045400643,0.7709268197496497,0.7907326993664673,0.7114233710724784,0.6552966124530675,0.5467837181412781,0.5285017964396472,0.6413837102646626,0.6529502803693044,0.573728024109754,0.5896530207328108,0.6685941917809688,0.6456003684886648,0.5480552284860253,0.5547911732905467,0.5249376078105232,0.5608279416400523,0.5720586305772296,0.6614505344677154,0.6795844421472683,0.5775277902555915,0.47299588733812387,0.6547674056969895,0.7903532141629964,0.776642003664811,0.5922984936423001,0.4245906160559481,0.4744454362940551,0.5739643735860483,0.7136978261187027,0.7808463061032609,0.7282318109375979,0.6433802128027056,0.6892210750326108,0.6989356638375185,0.6643809533559583,0.7311649332093291,0.7051887634574947,0.6000479919883904,0.6597121867127871,0.7011697411679909,0.7205100495213974,0.6795488347678613,0.6890579037957619,0.6401120173587692,0.49889001047013076,0.21203909352744574,0.018254483438662535,0.08227651980737061,0.2027165933841513,0.29375179221949654,0.47176139787131166,0.5189503090477399,0.6111749147767309,0.7865500047949342,0.8911876668125417,0.8779939808295779,0.8110759200372818,0.8515132209308379,0.8610901365128673,0.7062551955594202,0.42111106263152587,0.31200053756846063,0.22988368819796742,0.40491603865907516,0.6282851883432129,0.7586011310542168,0.7836804981014686,0.7266563192786736,0.6133159317166872,0.5563467594277608,0.5944283809991224,0.6651633315683284,0.6887760082894211,0.7594146492865796,0.7575425623925269,0.7165522674323074,0.7113217940389688,0.6055952086437733,0.4350931060856672,0.2723670783620128,0.2373973309848066,0.15982246344849652,0.19759398011763082,0.5065750380129324,0.705866623130561,0.6452652611101042,0.4201233646863454,0.3360313039291664,0.1542808484789081,0.14154493069299076,0.3965145871355963,0.5191471739715109,0.5885018925243543,0.6329411338240196,0.5459846734880891,0.3127281169055329,0.21143467123966134,0.1858032606176258,0.23971050995434037,0.4590410765139927,0.5420695759719787,0.6503158046590446,0.7609689598310877,0.7541557813369771
0.41174754552202975,0.32093723266904967,0.3327773857341848,0.41243083187408147,0.6253020852062285,0.7060411808286535,0.5996040713574884,0.5422766393792217,0.5753218410254746,0.628737781210987,0.581287287569937,0.5477625938944943,0.39788556832204286,0.3758514118388186,0.4826273308340146,0.39572700751892315,0.23529824195913865,0.3106581636137065,0.39375037923013106,0.3691288340982237,0.48834115736065703,0.5350168638538519,0.5258507429156788,0.5358302442446187,0.6114614693465762,0.6682890507342565,0.6251473925885738,0.6032794732039175,0.5000361441871257,0.4794454184303442,0.49210828339956286,0.4824710295547222,0.5039532667376354,0.6703385774370583,0.7993730999389222,0.7931783834400006,0.6865066098080852,0.6165684992696042,0.6245488250282856,0.6792127734472176,0.6787642325785785,0.6794018440871423,0.655606296846223,0.49763822109779293,0.32410018310255323,0.5083269177283688,0.6703670767888961,0.7162396133504729,0.5616624253595369,0.3950145364383185,0.5425009584111444,0.7068498894590206,0.8273421316536403,0.8556297963239459,0.8180195891878687,0.7545262381097002,0.7749999458772853,0.772934294101912,0.7742302109213474,0.8266626350810812,0.82329021178914,0.7729682491009537,0.78782549097367,0.7606954546185514,0.6817089940664115,0.5830087958935608,0.6354589683454297,0.6197654515199468,0.4577829986842758,0.2059473959077917,0.08343321266950043,0.1684231792290129,0.22144320716887508,0.2529959483250427,0.39114621232841507,0.44310868414120624,0.618163840631861,0.7926126695603507,0.8357318585657135,0.7351357818222122,0.5739039978501591,0.6668868783562477,0.7473034889778242,0.6210401393315667,0.3240029453378139,0.16521767537604237,0.11801634075030927,0.25701082463831504,0.5068231766841101,0.693848405652982,0.7554294790541165,0.7884375238909542,0.7743322393663836,0.7813096716525612,0.8013772535918534,0.788946528798516,0.7305827317438515,0.7110585324874064,0.6221433632146668,0.5351632550463881,0.5364440383588206,0.4763440667248808,0.47510454943159275,0.4350893715524695,0.47940212901810986,0.47005479045725435,0.47849536466830495,0.5914707739258532,0.7057575026457036,0.6794699797489064,0.5267131361490821,0.4418993525561311,0.2698447977963504,0.2597685914293095,0.40499726418153403,0.4321845545153243,0.5133504938434679,0.6548153324451743,0.6073832822807818,0.3672738015636643,0.2833759000105802,0.31674772381317934,0.3448299679631502,0.518534826704606,0.5544941027343435,0.5458217318243987,0.6452286812297974,0.629417057998256
0.519643869027031,0.5257907388094308,0.5252811683789967,0.531817755698812,0.6880867321931273,0.7195516798155769,0.5270245736734553,0.2785373885783153,0.2870022758996496,0.4627905892554441,0.5217579887754523,0.5536858900302615,0.4665501977207427,0.4549899986452882,0.5637613036810014,0.4515705197604428,0.1701830281730538,0.08973652617481306,0.231047125196702,0.36445891056898005,0.5181577784360523,0.6006018811106787,0.4958493648146597,0.31194311459695473,0.33016576072832676,0.4089589500959687,0.399736446080895,0.5270274765258,0.5193270706961902,0.4228026958751864,0.31788364104425276,0.320894357959114,0.4942527460514874,0.7038904092684557,0.8324874058419307,0.8234978571515983,0.7322195340333884,0.6276783118535887,0.6776271401033844,0.7433277217189946,0.6958365829833116,0.5419816802548506,0.4482679471600035,0.32986265178798085,0.25898460092297704,0.44890604625763997,0.5663945380057158,0.6191873933889088,0.48320300186013815,0.37935995057435906,0.5446969814623541,0.6774950875870237,0.7523578800950773,0.7242874902675557,0.7085408323256998,0.6578633229459288,0.6756147077980554,0.6796786366790488,0.769169742151753,0.8614064615978287,0.8848547823652999,0.8462484269765893,0.7957782837331603,0.6638753381729501,0.5130492117355803,0.40532722855005093,0.4173558120429065,0.3915621126033464,0.23541561963085095,0.043475873581077615,0.012586092541056,0.20555847255206341,0.2729520193184738,0.34950634307005346,0.3790415431404438,0.3804382892373688,0.5210049460186938,0.6861794879814908,0.7042586976358378,0.6082465444802179,0.4216319815090777,0.4768321738954017,0.5997602330326404,0.5279132843501999,0.2869335817005239,0.027319993159145697,0.04514617918569239,0.23746950974312658,0.3769283445484787,0.5091389109504035,0.5343115910611402,0.633855564008264,0.7096625140757304,0.8126374073339265,0.8560903789934713,0.8061040438483023,0.6837620066682065,0.6431330541902223,0.5188179129027627,0.4304579180427129,0.3660664559253385,0.3683970382301255,0.46899385959164985,0.5175669022539315,0.6587584052829791,0.7098087406149285,0.6626801319720644,0.580718516388492,0.6048106166195983,0.6254174254701992,0.5563839733995626,0.5651515963294373,0.4853130055499289,0.4419705197836863,0.5606655571010389,0.6140329994999618,0.6820749035608148,0.7749990843653309,0.7279183653707604,0.48715050649086206,0.28652323591210194,0.40118181799872826,0.5322745887641835,0.6711741655657549,0.6487531514458345,0.5221092640617531,0.49633984057212643,0.5119960539485556
0.6507112130630803,0.7376465852801728,0.7263469788863518,0.7168699908341353,0.7790026939060717,0.778038303619544,0.5867160985289571,0.2756453831121469,0.22919144933781307,0.3963478666900414,0.4723133718434791,0.5491520675407794,0.5158774069788085,0.5873206389694237,0.654815873565703,0.514443999971369,0.24096192498441757,0.01830831134349085,0.05427034468046,0.2403372999501151,0.42710268602045687,0.5560697358791518,0.44932187463375994,0.2866624140677823,0.31146815592164273,0.3203736945566973,0.33819583873607945,0.5235891933692715,0.5500488027007938,0.4418948942402049,0.39018290783163107,0.3945912737773936,0.539644283370988,0.6663987707771818,0.7404254488260124,0.708694657056139,0.703122563479137,0.6622506631594378,0.6688719863227445,0.7157984433670836,0.6533664517479527,0.4260854386576124,0.24565545138120667,0.2378137403199796,0.39719075749162525,0.6062298192166337,0.6733075663552889,0.6075000944193063,0.45341688301688216,0.47298504303606137,0.5823833388948253,0.5945809070085382,0.5702733087091452,0.41802789000433405,0.41597547453411504,0.339580231247516,0.3773821971883152,0.4064338618605885,0.6312433115797963,0.787718334001432,0.8253249507886179,0.7624700453940513,0.6795101364454024,0.4753122146881458,0.29556490274498415,0.1993737443401627,0.1979223439638681,0.22041818503144275,0.21716436386141577,0.10704548963342973,0.09565675775453517,0.29164579354271786,0.3588374850365519,0.4082364208576537,0.31455631460357464,0.24390880073789992,0.36189597425273173,0.5584641618133369,0.5957843056541389,0.5848957056524536,0.4345322142052632,0.3454424276611022,0.4520220646904392,0.3984609321093656,0.2754621941691446,0.08666836572223999,0.22758011277056697,0.3907297432146854,0.36924775053960995,0.30140441137305,0.24991495409651815,0.3525438705115926,0.514231037007254,0.7346147884103592,0.8304594739011761,0.8361195522341371,0.7800950883387996,0.735965529123805,0.5823481049710831,0.3370230130627916,0.11540191761285434,0.1667233289846996,0.42711180339080107,0.6308269108790476,0.7984598973692688,0.859444105331846,0.8013221335574484,0.6529544889132245,0.5556961434632108,0.6346949540009983,0.6748738348827802,0.7095303730934129,0.7074877949943562,0.707491304154244,0.7736012268487032,0.8009260529587686,0.8073170381971974,0.831517128639667,0.7783999938921132,0.5334690979784382,0.2354449294035743,0.3437545833230733,0.5308977808351578,0.6825757474251747,0.6289223856349293,0.42427300378764665,0.3302747988805704,0.4079522818756535
0.7666690957157135,0.791672636374967,0.7315320102998204,0.725630120157132,0.7531516387684444,0.7977239056592317,0.6958905371345174,0.4314823895009505,0.27886792763035245,0.46359394586676345,0.6143104061114747,0.7021380559936691,0.7042204016283767,0.7198791259018811,0.675845552483719,0.4515274819177617,0.2107568082778365,-0.0054158512082299135,-0.010795152868754434,0.18742845711728917,0.448889917702531,0.5592834398001294,0.48801847411345806,0.4632864736154974,0.4575554573773745,0.37501934343221255,0.4361138613876226,0.5804529985480087,0.6043980124522934,0.5822570969215318,0.5467337316471739,0.48712817919612994,0.5631547797011278,0.5716168308340107,0.5589432179123766,0.45378728864683476,0.552172116829885,0.5763964095994908,0.5368193473854866,0.5816646276074364,0.5655691677407129,0.37173542094270523,0.27299591129215395,0.3707985894414184,0.5941673747895534,0.7613826926111257,0.7405874821295462,0.5645894486670103,0.4639019405230626,0.5615370304438934,0.6602995068732234,0.6550408637653369,0.5283136261742336,0.28624090041589806,0.2820901821571618,0.19284735307265796,0.21280834696745046,0.2849886246627919,0.5300655707419784,0.6575689138500609,0.6873238071611119,0.6186786344873877,0.6458412346076404,0.5930500517355757,0.5165676887831351,0.46158834637968116,0.41503948387378886,0.3598937310533725,0.3239066067089936,0.21434939777782488,0.21118287618741688,0.29597290630932815,0.2965989887044896,0.41591129970390156,0.41979640446439154,0.38577296489298385,0.5068991143663553,0.6635430334602188,0.7094131743094007,0.684249849707603,0.5600646751264918,0.416294719730246,0.45185575951436,0.39330658368690863,0.3638710003266681,0.30213047967688916,0.47129805332532837,0.5178251699293714,0.27408800709197595,-0.035885179446484845,-0.15199435269278883,0.08442013674574401,0.44619600060572434,0.6770010799813225,0.7297973000810452,0.7906499509192237,0.8148012003848358,0.8061973504418087,0.6487193733141358,0.3068008037402506,0.039476800197354174,0.10215780879153812,0.3837271692012474,0.6754467732717967,0.8644719560796914,0.9338265804807311,0.8898681591445305,0.7446268440720532,0.6243497557123656,0.6909354660684174,0.7347286412668208,0.738393490533447,0.7941977129789319,0.847249212533287,0.8794250794227658,0.8399098875077374,0.7443036013218033,0.7118428672305963,0.6851173908237964,0.47486124142796426,0.12361949355644446,0.1518167781821627,0.3430476805886458,0.5483590749520606,0.5767184288014513,0.5399245928278867,0.5251208882227321,0.5892236533013245
0.7317649176087994,0.6635446539614003,0.5547184426571998,0.6007045395237948,0.6482400675735007,0.7718408173808896,0.7547424455817178,0.5682519981085703,0.42622356975455195,0.5971677849454781,0.7493045268142609,0.8028627908894684,0.7833243814982872,0.7128817764390828,0.5966566287274988,0.32764640555290914,0.008365341647482623,-0.21402776243196747,-0.13201036255334528,0.2189821564688782,0.48762838059377533,0.5881272438507206,0.6212024167847533,0.6424743066845064,0.5996494488125327,0.46247564253840695,0.47258744782839046,0.5782329824639624,0.6021417471574524,0.688643833896963,0.714018785757143,0.6754171776472777,0.6992269442741681,0.6611699082239723,0.5301874504980153,0.3326370091821193,0.4369652756049976,0.49716482423225644,0.5114567811921753,0.5312706647008844,0.5910801849556967,0.4871278021747623,0.34528672401944005,0.4015468625877171,0.6050532089424329,0.7311974287611004,0.639594573156906,0.36985160841677456,0.3260680816847436,0.4767000448601012,0.581562249703809,0.6530997573325058,0.5854844951009303,0.40775419728340945,0.4163527177978029,0.33962250129028654,0.3110533135687817,0.4294070167831834,0.5599513078040538,0.5585000127446731,0.5958975934718346,0.5889143331882546,0.6932675152493376,0.7425498156030873,0.7315460293310492,0.6929312966108859,0.586292471445497,0.4186188720194485,0.3292663949031306,0.2518469212598082,0.16456669712970162,0.16654235822501764,0.17337693814409968,0.32530182269409147,0.44872277718270726,0.4882522470526271,0.6417980126663538,0.7467268947857999,0.7660926535841169,0.7239037087384915,0.6721541402523346,0.5486454126597977,0.42579185797824265,0.2909022984212172,0.4331123743588142,0.5685695942147881,0.7063691708809,0.6753247501930061,0.39428079182438736,-0.0369199290191293,-0.20549175453680743,0.13623359637270321,0.5120575135438078,0.6073649208007752,0.502337070686453,0.6039086723519993,0.7102803415190287,0.8039422174953547,0.7336659899344253,0.4497989490315568,0.160382369749064,0.12221985521653464,0.35030107570581387,0.6812126797155524,0.8795202609714377,0.9472866693240555,0.8991401336601327,0.7443210812720102,0.6213686206295775,0.6991426115703991,0.7133160126587705,0.6595812528947634,0.7709224573318795,0.8627587098446511,0.865953181443682,0.7669359192988551,0.5686371509712044,0.4887151355399301,0.5110592631755385,0.40080281913596355,0.092808856402141,0.04059168534459833,0.24854680354107286,0.389496924934025,0.45317264493367493,0.5916957592981344,0.6322126399264063,0.6212203578076362
0.5884455330080443,0.5165264069477822,0.48522114519425436,0.6060591628770654,0.6992990781857525,0.7613538992617014,0.7248668107470163,0.6146550600773292,0.5897870317641608,0.6990279139777552,0.775504396148839,0.7558414155662849,0.7098499010913869,0.5642745204241537,0.42113610930774903,0.19205300281144116,-0.04011924500202538,-0.19870532808908906,-0.07169080065693281,0.22874398872652865,0.38917437205246463,0.4863346670712635,0.6163111932587522,0.6489550420318969,0.5871680873988929,0.4033756064245274,0.41137401102015253,0.5831031433954172,0.6792051613397779,0.777204916378335,0.7871869109523969,0.7219056236538935,0.7384957044115434,0.7344774487771293,0.6094987010477425,0.39794241292618177,0.42578686930119464,0.46827559070713376,0.590674140382266,0.678240139909187,0.7487659018262318,0.6785119928797988,0.46748606702252393,0.29312330289394595,0.3989414380437385,0.5356480252103641,0.5196159350630078,0.3196084282932708,0.31390741404817185,0.3354970251219757,0.3563760420296797,0.5501248451928172,0.664018490649049,0.644637569769255,0.6065805192768514,0.5057537090819622,0.5355456748874349,0.6437503111585211,0.6713565704836205,0.5902115326410099,0.5792226358744875,0.569336406993232,0.6995029102096662,0.7449596409635645,0.7105125810081602,0.6769553563934435,0.5738458571271173,0.39106537379469825,0.1616195666484245,0.09713587222150119,0.029526027273633113,0.004021817500076636,0.10128072020556925,0.21122333222686712,0.44987657165371026,0.6104993865822933,0.7038278516685562,0.6923365367963401,0.6905674262502673,0.6480193520337348,0.6461150009677264,0.4803902873054919,0.2429349225260223,0.13765808982214672,0.4434691119641841,0.7017610592840332,0.805507288086164,0.7470738654567559,0.5657445054675111,0.20840778715381122,-0.034068527072516994,0.26575706989101405,0.5516917902790034,0.49513106040263855,0.25975866315324186,0.36703083904555156,0.5380818824498839,0.7422515722757955,0.7318590150514857,0.4893939316883451,0.2704719539117617,0.3437732895306097,0.5568700638264289,0.7718621578154445,0.8698861009838085,0.8836503576173097,0.8104304279095828,0.6643871812155293,0.6518752736887202,0.7401303350357451,0.7320816598032096,0.6605367011087927,0.746162891734552,0.8112176784742626,0.7916689021968598,0.7370524273154619,0.6019994185149192,0.5191861534089256,0.4814827278543131,0.46042011631108176,0.30602498819933527,0.2171998933167321,0.315878596746078,0.3121236834624707,0.4035133539418858,0.5685700023191583,0.5429630627999295,0.4184157871738846
0.4937084767945477,0.49305923279647823,0.49180021269502566,0.6494721745156392,0.6948475325324358,0.6057203358199641,0.5217536941686836,0.4896713051834808,0.5810203433560377,0.655455639012792,0.6853276389867536,0.6212894888492095,0.6440196669388492,0.5520640477811649,0.38640947661655733,0.2733008105514601,0.11652255477209945,0.07064457699956,0.1474862647370743,0.18458255576977883,0.21772709442286126,0.4295694839780231,0.596415164394104,0.6071286518712253,0.5884365615960399,0.4653666915786731,0.48443112835287977,0.6098690011859054,0.6896271095337636,0.7784094893423285,0.7407543857877003,0.591593154028605,0.6241906131428151,0.7310368012044077,0.725438060960093,0.5950053418349922,0.5271237768647978,0.5665836323911944,0.6950102532485465,0.7899036994204147,0.8588320956935768,0.7973780521949555,0.5375550310572843,0.20525240585746776,0.16618758472707987,0.320583775886356,0.44063659945300077,0.3582417693186731,0.3503114553009171,0.2678968655273716,0.2538103084651924,0.4689984546729135,0.692831804542614,0.7413362693904393,0.6233374762590377,0.4696887768092759,0.6005542364863353,0.7238876743664361,0.6981631790741973,0.5830143608312667,0.5925159350741526,0.6164204110941526,0.6651566483020558,0.5869373481572431,0.45496407298414276,0.4413094075278276,0.4056745153431341,0.2994653756873672,0.0074463988998059675,-0.10216306174306308,-0.10642312940304664,-0.021838244421176805,0.14311964804937827,0.22249301041404812,0.4477637223294295,0.6379915287262229,0.6551255687257763,0.5455862740605646,0.6235343846931067,0.6694117056858078,0.6199282234671188,0.33019624838643763,0.03890267470277675,0.07736702255799235,0.47833325218200556,0.7562279884891044,0.8156077176276488,0.73476652546699,0.6587036006289483,0.39270643103402103,0.10429392698835024,0.27230527507936864,0.4262525549137074,0.26053330895736027,0.0307451941525267,0.21676629032281264,0.5222266074626349,0.729154784599049,0.6674354841918143,0.42138256480866354,0.35435626238071566,0.5333512970270077,0.7251629541311568,0.8036642376634257,0.7540483177518922,0.6878191067112446,0.5827846885511913,0.42814654769048743,0.5765869254878796,0.7359230828425367,0.7217444794818263,0.5945006391605917,0.634004649055356,0.6640568009341765,0.6439209842460881,0.6747980944430316,0.6346312205701204,0.6343390430138396,0.6109881978265876,0.5718280159210878,0.5366389948527817,0.5234680854124675,0.5115342254908025,0.39597926864233945,0.40300922996785,0.5206974436383391,0.4201018792201084,0.26512035522899624
0.3266736152308625,0.40658694787247585,0.5517446236724858,0.6824083097715671,0.5899132889634181,0.3465827490910299,0.3158836780451154,0.44676242031325614,0.5503853055918567,0.5642710441776152,0.5965894972413652,0.5553270166442222,0.630472460551182,0.6197585685739442,0.5225881005352423,0.5009430633592611,0.4271615926293251,0.33316210965145365,0.26426953766775296,0.0769580869859058,0.13902062708032872,0.45161613293945774,0.6521980492326007,0.6952278160653182,0.6402754670801011,0.46547218134857543,0.4275140285191932,0.5125973236070049,0.5917048196133112,0.7244136035720291,0.690992453417649,0.5196757858771094,0.5187128067205233,0.7051828118893252,0.7848080428572277,0.6770284396630358,0.5034036922213574,0.5294699484938398,0.6615514067709402,0.7469879387751402,0.8360929946199079,0.7881078640306418,0.5357593404898343,0.2508321528351726,0.20218542175482498,0.33818899407747466,0.3985076484696964,0.28500394150636044,0.3777294136481058,0.42557684005493784,0.42846403767149255,0.5158717040686382,0.712336115701885,0.7333088383962533,0.5670703579375126,0.44499824399570487,0.6026919030287533,0.6864161713708932,0.6419878002385282,0.5776629154876791,0.5413992759835317,0.5386777198681958,0.5301703858285945,0.3671769731943653,0.231640428689802,0.26109125884311857,0.3853552347888395,0.3782045254661036,0.1372989200522672,0.02972801667877715,0.05000739702354431,0.1653091633508863,0.2762316760363281,0.33601904642109054,0.44263581857825723,0.6053887364494484,0.6265140704614703,0.5382481594901669,0.6483522811134065,0.7285653402203915,0.6934740422682324,0.4494628496058311,0.17542441645084467,0.2794803513801742,0.6118965453719054,0.8306964947749926,0.8807411414574995,0.8393935449594914,0.7663384624718902,0.5265784295949968,0.2184696771606837,0.18708435609635626,0.1742788748831264,-0.03049995746900335,-0.09586400055670484,0.17615569926229424,0.5538022120086625,0.6969601945999836,0.5403234674830011,0.3319927603707427,0.33930018186577937,0.5853705910521204,0.7681447423389538,0.7584758917927068,0.5923307727810699,0.48037986789933784,0.40155109930144783,0.2858498729070608,0.5327846682652427,0.7408858030549209,0.7195034933947716,0.5231215294016681,0.4202566992707555,0.4436417129178978,0.5542981141275003,0.6355852657562665,0.6250444756901707,0.6970826051182403,0.6794015729916204,0.5695395588271992,0.5800253261448811,0.6577098721279655,0.6453102579025017,0.5232675296021219,0.5447297544109486,0.5589831359036345,0.3531884623151337,0.17345153422770815
0.015375083786829035,0.15181037961586033,0.48425826183994203,0.6462489591166936,0.5210139187836544,0.3358537371737708,0.41449051105186124,0.5468744562171143,0.5765408122695991,0.5584587042016659,0.5193103535335082,0.4174444655656541,0.5425174967598151,0.6173913408040862,0.5915458316302623,0.6740479131829296,0.7005211028906365,0.6099985815397592,0.39998225790112835,0.1416367724893532,0.28053301843634837,0.5471954482953044,0.6870796917148255,0.7452195906104258,0.6813763128620617,0.47460659495736607,0.28601164575207333,0.3764605802118771,0.5589743131922694,0.6982634773247359,0.6771887321706211,0.5342977633100159,0.5804248607081426,0.7332405619330252,0.798474550898321,0.6682331459263228,0.4609282236566857,0.4346819864824446,0.5521713926154166,0.5800780319383454,0.6748674144585003,0.6351104089977698,0.4042914117506186,0.20975539582275105,0.19547889908410696,0.29978262342484074,0.29312715347275115,0.15330291931392523,0.3196149801195939,0.5250377630697213,0.601012026440562,0.6556729248181745,0.7471883205164895,0.697132597994671,0.5319625322236459,0.5027615259012417,0.5709726103383328,0.5125567680181548,0.4374142914602181,0.46158995044445034,0.4017871522544538,0.3726684840781686,0.3663806827195716,0.22014118443801958,0.05107239350431888,0.18394283727271743,0.4000630982975306,0.5190607044887037,0.3988791216949324,0.2012854645535993,0.12068883442839165,0.1932196659784094,0.26312463565774297,0.3498891906748765,0.43011947618997387,0.5290107371782642,0.6365466761018015,0.6535035941875874,0.6879099235002493,0.7035906326376437,0.701635202751254,0.5680992357624851,0.3693844417085802,0.4375748259498569,0.6982361536232187,0.8773012388131142,0.9293320576021563,0.9070770487121455,0.8218839012252723,0.6182109949877127,0.40269226644592965,0.2615977667519066,0.0861415331503372,-0.03443517756213897,0.10655872550909402,0.4023468999764116,0.6331769163805326,0.6082519359507774,0.32396990995405117,0.1922484226392429,0.3402551509776073,0.5768921206021869,0.7587831212820282,0.7686239602091407,0.676120387843593,0.5963996989274104,0.5061351886176404,0.40788820728413366,0.6130264345365539,0.7558561667480417,0.6532430493729671,0.32293065565500384,0.06850052498819978,0.12313383165392383,0.43172297903372786,0.615547218656751,0.6848978260750843,0.7714010469204385,0.7499778609269839,0.5975344018490917,0.5330261236952376,0.6820089772085812,0.7604221328861713,0.7246895253346423,0.7037293857100243,0.6303977105950141,0.36372024121036295,0.015006898539730617
-0.02415845045958658,0.08626435315617004,0.42924358154785053,0.6066821017138115,0.5439497821406802,0.5350451371276694,0.6272300059436293,0.6513159928681028,0.5361760643366649,0.4722527369972521,0.4449890686651973,0.34875178223841974,0.47513415203503356,0.637761150605117,0.7091108084128893,0.7856378949571822,0.8279098927862809,0.7325241336718604,0.48946832347462127,0.3024149353528849,0.46127732250503567,0.6273942212061078,0.6493386658999183,0.6755666472255545,0.6017732332413196,0.4311417882830231,0.22008635591585776,0.27164465527168397,0.5041852524875615,0.6435262221853887,0.6905992049000784,0.6254130493305473,0.6245174897116936,0.6744135388446064,0.6769406281157535,0.5048060983701068,0.3619185384069057,0.4565650423763578,0.5351945401711586,0.4582924498798978,0.4635932394751222,0.47310333139519567,0.4391434533004255,0.4120349266734447,0.3757781105684851,0.281662112984455,0.19543890991479243,0.08321960850817972,0.22848692795650016,0.48476992135620267,0.5687793118932589,0.6177644516569075,0.687929532034566,0.6448096326143582,0.567357562449338,0.5229854706130616,0.4745547848357049,0.2962761486274998,0.3173817400577901,0.47824516088249125,0.50884679749976,0.43323175880874204,0.28800160016157716,0.09647074788553402,-0.0907328779616605,0.07047553315293312,0.3298881076863333,0.574970444526533,0.5976616743989619,0.4275887416590677,0.2656053061548367,0.25186699844467153,0.32598459078102526,0.30812620442238264,0.2865703147676031,0.3191985632978366,0.5505321809726715,0.6483622737642686,0.5952145150071748,0.5334622877928288,0.5652590122454946,0.5317525103098405,0.3873908595812855,0.4531014898712274,0.7141983930270681,0.8750310217492477,0.9000624301108069,0.863722239686365,0.7685288270674947,0.5608638733055482,0.400117995373969,0.26043254288859613,0.1226375497573568,0.09556577675691416,0.27732553446545344,0.5128872012149891,0.5822117124521623,0.4912181082434175,0.23322232537736276,0.15744944467900787,0.3181433150055718,0.5018469593637706,0.6853575173849443,0.7152696813301627,0.7208282922029328,0.7379413246275788,0.7208136699708044,0.6735596783597371,0.7186564860436977,0.7209757198676382,0.5924018400769007,0.345201802615507,0.08936061902885006,0.1264333084834522,0.389321991397863,0.49462712982263474,0.5807010154144338,0.7038770912743607,0.6913456677933504,0.5026216384633481,0.4446297270750373,0.6512232139544877,0.8008037497422917,0.7910370440818808,0.6938685851863056,0.5858831510944147,0.3760987314445783,0.029842613734929267
0.07101416024759374,0.1289671514045405,0.34502668608284387,0.5562251122928562,0.644306373753711,0.7116086788789031,0.7741270931675142,0.7243300870729317,0.5457941354635933,0.38404638443306044,0.4261331089705906,0.4045653774810991,0.45791440662931776,0.6245670077891525,0.7060588104786905,0.7294708537719315,0.7941627727517967,0.7431280481732321,0.5687724287543959,0.5333586862868719,0.6461256941262996,0.729684870386129,0.6809734670396052,0.5735378538896565,0.45472098782997716,0.393592808600822,0.33218756851737713,0.3606937689071052,0.49904349631558614,0.5458859094432503,0.6139151866482809,0.5504651846471952,0.4955692797768622,0.46844443367074046,0.4204340963838862,0.23407959476023527,0.27135939567148615,0.4754661508231313,0.49136714312855945,0.2669009887183782,0.20557357376855223,0.2736374382476336,0.423594268857744,0.5635977692018966,0.5500500335757934,0.3796609390765896,0.2596972891138359,0.2557666403941648,0.33953527819695506,0.4776146574033207,0.46214588149065255,0.4826143765422051,0.5762279497318666,0.5593009833952957,0.5673640527957231,0.5073316510546214,0.4440160505201384,0.2670373454997643,0.3238910306359117,0.5615588510115478,0.6412813070100012,0.5488013562416998,0.38495582821814667,0.13999297029250218,-0.01813241956871024,0.11879509176408505,0.3923723845147704,0.5880923558209739,0.6338622890349016,0.4927687350776289,0.3774008612556002,0.45948494004762336,0.5439863516755542,0.46179043914879137,0.27695525593768494,0.2423095540819953,0.4762784211670781,0.5838646064519679,0.4893035585843832,0.4727946253358785,0.48682972608525116,0.5369970013237222,0.5234249308133222,0.612928135847661,0.7778311746497477,0.8364812322639291,0.7684165473150465,0.722918513315372,0.7040700360424703,0.5634960657004767,0.33558567648382526,0.148936496549557,0.06335958313212951,0.10504350589612023,0.2741625251984736,0.4252210747336824,0.33667138699470833,0.2714686637213741,0.1492959324142264,0.04161842249302432,0.24430094076435996,0.49685775483376066,0.6346931971724571,0.6050496539556491,0.6540229158581814,0.7691046792948972,0.8262256961010164,0.7598873935086834,0.6052143380236978,0.48808062004856484,0.4534261875586748,0.47804226467872357,0.4271994745907312,0.4170223267501991,0.40909665011003593,0.25291680936270944,0.3008172321498095,0.46661927224657457,0.4555970658774828,0.1960121954377941,0.18654437164436222,0.5346086237012,0.7677826243941592,0.7592954103474592,0.5939630519644561,0.4961481448660344,0.41661514356150453,0.1908242151000583
0.26649819201707636,0.09871300333581084,0.06947607529562613,0.29856446027020705,0.5457629937446032,0.6749477123636088,0.7408009505343882,0.684074773050597,0.5661272578876398,0.43079405574171964,0.491040573225793,0.49487818592125665,0.5287198031391792,0.575351347024509,0.5750980254509231,0.5266620465277414,0.68734335486109,0.7668948973881277,0.725745399700043,0.7051873077283017,0.7083731475628495,0.7280434317979693,0.6523766334741816,0.4877334422926987,0.43044083839765895,0.3931983612419589,0.41097622792825855,0.4214825923302994,0.5248611131403556,0.5303945996360986,0.5482940790024804,0.4431243899218261,0.3946098370493178,0.3826981120838165,0.22836283080417588,0.046272033876507655,0.16912194025664481,0.4758349926537108,0.5396160275313007,0.36595558745491413,0.3548184413855424,0.4081991019549842,0.49882655154497363,0.6598094817252191,0.6417496908063547,0.470307532837515,0.4477974645451144,0.4791538153259643,0.49463918331055656,0.6045432928734229,0.6088293514890849,0.5943231688930667,0.6387865405429405,0.673440319149283,0.7160254963348794,0.6855031032051719,0.6204850805927403,0.5416383808644188,0.5942356362578209,0.7265862800094143,0.7414145460178028,0.6191716155920545,0.5435873884278171,0.43994318802036647,0.37325359312666606,0.45320543138040953,0.5704725351031257,0.600501741861594,0.6243809526914708,0.5355091188260325,0.5691750297346428,0.6982456666579635,0.7757642343546916,0.69221532471961,0.4736964336404477,0.34131275278244383,0.44116769518283816,0.5309008886795957,0.4831653572897958,0.5383482132815617,0.5617006787414053,0.5430501911748227,0.5460878509198466,0.6434336509321227,0.7440297085888395,0.7345553807641216,0.5913007870197562,0.5719460740894584,0.6863087008929196,0.6787436303727191,0.5236583518951713,0.3628186604922672,0.355179304917792,0.41816285565394007,0.46730536842870213,0.4017897385345704,0.12946025838535496,-0.004489406923711827,0.012576882908141915,-0.04988492910603207,0.171776934334503,0.48279907681870665,0.6244815264689092,0.6104513227100884,0.5993044552873024,0.7316749412521991,0.8085453445643455,0.6597767939040552,0.28755873660860776,0.13449838577128334,0.34279967044718734,0.5576827509687671,0.6243182212590742,0.5679853962663127,0.4271654574464192,0.18263740548754218,0.24730522683995607,0.3398095689744587,0.3166631229859504,0.09316824134566373,0.15589622428503966,0.5394912964685202,0.7939706445410928,0.8263148945587029,0.7333072535231052,0.6461319358947426,0.5401781161401278,0.3564410110592828
0.47747179671065926,0.14291942149018433,-0.13170284933638574,-0.0011637633977033307,0.3494838708604861,0.5134693539360734,0.6065354483370244,0.596094314858917,0.6334825828558313,0.616746592318508,0.6217571033415992,0.5578929119900955,0.5527820778476467,0.4729363535507922,0.4353390282300904,0.3990706481582556,0.6090089393485892,0.7427593857295981,0.7564954091404729,0.7182540526595876,0.6211283403982794,0.6030494047092105,0.5621744634838923,0.46701048570721515,0.4835244146975606,0.5051782271347272,0.5084962204236053,0.5289230570744534,0.5624797171289495,0.5130402834238005,0.5902779330952695,0.6001959736460175,0.5695001646100076,0.4196238498682445,0.09044479191800675,-0.007840051016590178,0.1842027260746891,0.5150491419335292,0.6751022415156525,0.6572577387615016,0.6721462932486141,0.6951073736635563,0.7296510165299515,0.7806908568347222,0.7007826500766721,0.5575895274158907,0.5846234531523907,0.6702452675125724,0.7188423692713936,0.7709223564198959,0.7282848918805811,0.6270581497084762,0.6275585171690856,0.7273927186329501,0.8082567003989727,0.7751847844017146,0.6805063712081147,0.6741762003809774,0.7261363731285446,0.7984728739950817,0.8072706729449884,0.7029334873070932,0.5997873904340705,0.5733186075999741,0.5759635707885348,0.6749512578114876,0.7556867014836331,0.7609234500951876,0.7640649640925518,0.7342828274077725,0.7793462935049734,0.8666097048137615,0.8946136511607515,0.7784432992313456,0.5212204109117767,0.3106058311515743,0.3071456946113616,0.3896396636764186,0.3709117841837808,0.5321197412230211,0.5830013730849356,0.47274110379304074,0.41507849376639366,0.46817082007478833,0.5543890738062627,0.6373030857913653,0.6153904604692385,0.6658898332349128,0.7809900319364175,0.8042535280797936,0.6954073369295399,0.5589697154059723,0.6089934008561585,0.638797778603382,0.545522397433895,0.34696693842960014,0.05739921298651456,-0.07827273845613728,0.06289959318113522,0.1130727903641056,0.3108032883807518,0.46607590353858286,0.5397608808997009,0.5884242039916233,0.5754304270445496,0.6350929137106758,0.7228907816928541,0.560126299036547,0.11364968643314029,-0.0649673320019958,0.22360956276420016,0.4564967149311782,0.5640161659058873,0.515563227123304,0.43397923396347177,0.2986709860794439,0.4024129320024437,0.4291786270005605,0.3402115353396979,0.23709488574006748,0.3767281618029628,0.6517951425523064,0.8286805620100388,0.8630681823858931,0.8364255303043918,0.7637220681987179,0.6580921621008607,0.5825447112076201
0.5755873434134909,0.20085602397455385,-0.06796570284277789,0.05181375313018042,0.4077151184655308,0.5684807582563455,0.609694917572954,0.6604289415923128,0.7387856432579023,0.7664534256863398,0.7784326531227191,0.7279700759911457,0.6457502573398458,0.4672444646568011,0.3551676691487693,0.3445546298195433,0.49353606955127866,0.565414078390217,0.5976630842862448,0.6504129329496278,0.5933547025290726,0.4732681585461244,0.3816522340286991,0.2805502898873511,0.3520301224547408,0.4632947978602066,0.46697005633861083,0.5148924590080057,0.5516610115886825,0.5216275775320014,0.6542423397127008,0.7549517073363474,0.7164518153676542,0.4304129995236582,-0.017199579312297382,-0.09123602871351855,0.12214566413260942,0.4730133687883392,0.7325957559583764,0.8282196262657265,0.8558982586090544,0.8368180308443177,0.816171251180358,0.77321671899399,0.6145763490702131,0.4675711255520044,0.5456967411996038,0.7177368209918328,0.8147129187591535,0.8225626115245085,0.7281690651934509,0.5489869697647732,0.5241104399878725,0.6750454664163568,0.7831248760439243,0.7143801164314424,0.5275680751527747,0.5343246734044184,0.5815400207758183,0.6714334482400467,0.7439270348917767,0.6507632316926456,0.46220476054242177,0.47533367160664197,0.5263406474318889,0.6914988243711889,0.8081266204083992,0.8377285260774259,0.8570551235778683,0.8507176812279393,0.8649172592485713,0.9002398256254897,0.8680848062698169,0.7314003198198537,0.5169443326176933,0.4053567638793537,0.3550427727044617,0.3733071102413419,0.36523007106515293,0.5548830660472857,0.6528460233385168,0.5745883871777383,0.4281209495057589,0.24303150606607582,0.2218575878142234,0.4213844142733257,0.5277723736309322,0.6800512832164195,0.8104421365811914,0.8702959453814059,0.8394530762124031,0.7807302692511073,0.78701236019525,0.7225272529176797,0.5026133364670783,0.2647231435713102,0.07127987209838746,0.05984954438000917,0.2721142952524108,0.37552920802905176,0.42330440294826954,0.3326776733339101,0.2608752757097899,0.3325789868863783,0.2975431790952755,0.3247862552099247,0.5075442858696969,0.44706674253863105,0.10060796406806027,-0.09242098243198961,0.11849704448573928,0.23843788650242015,0.4026017472825421,0.4867663187549513,0.48264175110739843,0.47437484214792497,0.509929231829948,0.38406846830324676,0.21596000343912455,0.21580114061630665,0.443517817975738,0.6221970076860621,0.7043759490392922,0.7086103390441996,0.7477673876227665,0.7009663684173494,0.6145063481132501,0.6597440588641642
0.6492037737814406,0.3736906557509289,0.25093337048636105,0.4027181469018244,0.6318767440391586,0.6719996356607797,0.5903906570154692,0.6352246256738444,0.6926712291042874,0.7327949179088977,0.796276400668825,0.7671893153596797,0.6295734587852307,0.36944845269192605,0.19585794717562924,0.18016934982421215,0.2601290616419592,0.2496316343661027,0.30988510357412247,0.5499809154176953,0.6395493266043093,0.5320686371794918,0.31774723859883797,0.1588511322431501,0.18072113353788963,0.4140439191757848,0.5056997008147293,0.49361099780274914,0.4822107476450164,0.42407328531991917,0.6366910885784504,0.8007924424794732,0.740811774826354,0.3969334692450587,0.020937329101188694,0.06778345388153434,0.2504669441692501,0.4754289795184531,0.7331405753164308,0.8397927590744798,0.8354212274312139,0.7443573224788529,0.6952377391097099,0.6646911477766705,0.5289961239407828,0.472005926722085,0.5247331417699764,0.7172459405613804,0.807528156219413,0.7835723603951096,0.746951249230182,0.6582085222124835,0.6017142533711605,0.6258306711482683,0.7134742734462216,0.6491424283010115,0.40397294859291233,0.3065436746069084,0.3182861565246821,0.4667053655608889,0.657430436880061,0.6239238399598904,0.42068813120653165,0.42201383370718853,0.5112825805638938,0.6328834150963196,0.7411029360168342,0.773612183259479,0.8134475227096303,0.794677270470525,0.7696606345503074,0.776720053681846,0.7036101427422353,0.6196021579624692,0.5752208519809254,0.5299364405652831,0.41613721662411407,0.39391032630159145,0.4130447462914769,0.5244694842796622,0.6090305849696976,0.5523473545242389,0.38696521417888746,0.10590913018952625,-0.004131033594644611,0.18380381978460453,0.27797074503432806,0.5190237932816634,0.6997696223547388,0.840352064933899,0.8922668974035318,0.8834898467099651,0.866452042839022,0.8175695353386019,0.6884601827869811,0.5335687411908204,0.3937549046100136,0.3451302903422504,0.37392120783990024,0.37851734307557583,0.38305785081823024,0.2708548843671117,0.05254405037655486,0.00028226769634140885,-0.09724947140017912,-0.015428672767357276,0.19499563642180254,0.23887574670179082,0.06936673656851987,-0.007833115196205965,0.1650650804280194,0.21267108533366355,0.3378354411269115,0.4727642460535993,0.46205831576101297,0.4826462630098576,0.45371995994582964,0.22465457580605783,0.12573070375743123,0.216904414515598,0.42726959630901645,0.4587591308934048,0.4045280034442066,0.3411669419932552,0.4850604408720128,0.5233040353001576,0.5529687216391209,0.6848786784724831
0.5800025465906457,0.28076616823428674,0.28027566195226244,0.5477021935645403,0.7432167925485146,0.7002644879938854,0.529054672135905,0.4463343135640528,0.43419236165097214,0.5046779879038987,0.6474243971847816,0.6406481505390783,0.550784455072103,0.42052559676019663,0.3032635678887572,0.2906517855318275,0.26171609061968426,0.249306527168281,0.31157858427487106,0.5920280052347234,0.7342330533263788,0.667086222198436,0.46001074642387907,0.2323110666608928,0.24373883637809032,0.5135780715783989,0.6649082079024882,0.6450687710367111,0.5414947348617731,0.4586169597026227,0.6662287874821846,0.8138421924695105,0.7155451384039309,0.36915498544183073,0.13659407846940513,0.21415849667660145,0.3316327446026168,0.5112359457434762,0.6789437392035452,0.697327932010626,0.6460441303847959,0.49577472882160706,0.4981561042455425,0.6196282271717443,0.6494965989572457,0.6699950773661727,0.7127553505154548,0.7930414822056417,0.771196093465014,0.6605097607573138,0.6931287931069667,0.6995579719695085,0.5942924801365921,0.45158281496422775,0.5678691219867669,0.6156916209045401,0.43824396166402835,0.250887032029421,0.3327907930014724,0.5191174483926003,0.7120109106002235,0.7085301922164366,0.5285935624859949,0.4302821783483443,0.4790637752217714,0.52788804141562,0.6326602140578156,0.6451084175149996,0.683176884885891,0.6183219833446675,0.5672387856156045,0.5873310288754651,0.4837323287099939,0.45669707124589776,0.5980922178287202,0.6628088104891815,0.5653657530598464,0.41552693059748985,0.35907325238161497,0.3571585206316641,0.38101449978135493,0.28225341678966265,0.13528769376901298,-0.07911051699781924,-0.06825865259028914,0.10965594980762539,0.13754266018033748,0.3597226131380487,0.5476807094960165,0.7521111738855819,0.8266570214380395,0.8077462977721387,0.773669274149405,0.7892312111613529,0.7638473888151702,0.6325750992196848,0.43612079321821395,0.28607634516919067,0.1272841348566442,0.05228589872093562,0.1659151886629985,0.21927206964345886,0.0124679335871602,-0.12855218631394347,-0.2158490465696482,-0.10040143646842146,0.00023513302036840225,0.13553814624832353,0.19726949926287457,0.20390814584393968,0.3664126385879136,0.48044709868246194,0.5932309495775591,0.6624527167109839,0.6038436121062996,0.5217440872811174,0.45442361866269804,0.2055085277032084,0.09608838005193504,0.20868161658789225,0.45449510583549596,0.4548639337805208,0.24621562337771616,0.1219397354234626,0.29320342866345445,0.35795698257050634,0.4614941822276721,0.6410741860741787
0.4897731126562187,0.09671117512717631,0.07823538335293441,0.46049127902773596,0.6580414752956875,0.537092813782681,0.29293474698362404,0.12040172037046112,0.10852524412781298,0.30846653345156966,0.46392326763118585,0.4240323886755446,0.38886087335376396,0.4346318302606108,0.4306075562462887,0.5079770210544762,0.49109821439667245,0.4588851874356049,0.5435920616759893,0.7133215332900041,0.7667634246367295,0.705546246366937,0.620495172457241,0.5076254358113503,0.5345736785761467,0.6948476874128108,0.799005170011191,0.7438218306890806,0.6003690777234254,0.5945503144732943,0.7592096551787051,0.8535339881191958,0.7564928370193397,0.49549015614901865,0.30485612260338685,0.18929407078804153,0.15370066280846303,0.3381866707494185,0.48455907936344267,0.42845878666039455,0.41788990780054813,0.3655332202672427,0.48212038035184485,0.6549151262479326,0.7713738584196234,0.8332102650080012,0.8546321881541042,0.8224436407503245,0.6852384414335386,0.5041331546408486,0.5256571148660432,0.5975190065199119,0.4944063497650228,0.2588732360045269,0.36781819670943516,0.5530847032446606,0.5037792685078128,0.31984127208800034,0.37271835377244944,0.5117602749469369,0.7098265784371489,0.729395613497483,0.5758328492937276,0.5027251680326346,0.5035308992155934,0.5699767347186286,0.6824813305335283,0.7083617240807242,0.6668472409970764,0.5368210888137036,0.547408803446249,0.5779622239152385,0.5006083503826125,0.4657193875938056,0.6421413200309953,0.7703426962900193,0.7377369363082388,0.5839026409884649,0.43634758651861855,0.38640034628332126,0.26462869198118805,0.10098186859549631,-0.027077675667583824,-0.025054506859266995,0.15613276542836074,0.26928210608215963,0.22045018634743435,0.3696078985137947,0.5550935635044238,0.663138041536113,0.6283764680925673,0.5545266382139845,0.5111159664606864,0.5719755935030642,0.5661252934621184,0.3590286374821104,0.0958921273009842,0.002642333116140938,-0.07188495662274715,-0.09350902257581867,0.1480271390554242,0.30110159663034003,0.22315239616646795,0.14415846548466804,0.052305248305175904,0.1223417427632742,0.17389291071524426,0.31591600341776366,0.30003727827963944,0.16810649265983313,0.3284090648819439,0.5651940925245605,0.7509682311271056,0.8158655926816093,0.7706027567337395,0.714697645677367,0.6461433412877637,0.45955815025519625,0.33606170863118195,0.38810060877676916,0.5904083963687948,0.6225394318872742,0.44766815330807785,0.30255357930489096,0.44906202340457113,0.5400425379678311,0.5978965725884408,0.646795335766779
0.4547363499279232,0.0879336658122577,0.022895667708885854,0.3713678015903675,0.49828226672270043,0.34724799376358967,0.23582490645177331,0.09724161707169299,0.057105005827185876,0.21925723234398733,0.35271428279114975,0.3764881439130022,0.40881716137818414,0.5519445080022506,0.6524967503947963,0.7095981727583526,0.6418225215174006,0.5681501327314297,0.6569893466094274,0.698709756885378,0.6270462393585461,0.5465673649217007,0.5799620826374405,0.557761931233346,0.6160422669463885,0.7062211275352461,0.7857600402240734,0.6981958484587544,0.5219457811683805,0.6204664638566102,0.7862171617045178,0.8422995324523381,0.7553890082258793,0.5197553043239794,0.304907730333982,0.04758992729882272,0.007126376489131332,0.20068640162708015,0.377200244824194,0.28665888040905557,0.21601138311593132,0.18226818425181482,0.3885543230142167,0.5710432972694293,0.7465675600252388,0.8323200913067319,0.8175926440585678,0.6656417032156573,0.4098612425550296,0.14973851828514395,0.1818678763039163,0.36743722845215765,0.3810435260657865,0.16381780304843238,0.19798704678161502,0.4682075049763946,0.5083978911850688,0.3378302102267793,0.26380840955345614,0.31824913406305605,0.5704768824045391,0.5950047650290902,0.40416554278765343,0.3916333557914538,0.37540487057057675,0.512056789471742,0.709945429588887,0.7908219063662871,0.7301047168269679,0.5771191151521489,0.5436740851671045,0.5119187516629661,0.4182558902576361,0.34034528228875094,0.5516189491299753,0.7399100162812086,0.7975831144702485,0.7400721221018952,0.6704540875891892,0.604140922084011,0.3940058312331631,0.10648784371589043,0.0817672883538134,0.2470306163710616,0.4084547784302353,0.4217631680316506,0.3653261794173813,0.4135197668670973,0.5374325264232481,0.5008839227582325,0.36253817352320744,0.3242058448436788,0.3602890716768799,0.31731940027448086,0.2108695228975295,-0.04705261094971186,-0.16946833459984195,-0.05057017033910067,-0.03786375973556573,-0.015326949663473692,0.16950981388718023,0.3048167577510993,0.3489329405023996,0.4417407157137364,0.4381756944694771,0.44683551433638347,0.4950435553694182,0.5119543578956843,0.2858109278171569,-0.028445999802733428,0.04945460350723123,0.36991019510616896,0.6715631544291644,0.7725090770010249,0.7613731934940804,0.7647898350186774,0.6921252581630278,0.5134424743415407,0.39044153775174684,0.4220598357638784,0.6309680568631443,0.7302093011610694,0.6549313689189707,0.5878423418210984,0.6734739385717328,0.6966895484946622,0.6278904936653031,0.5716967006478343
0.4752367805636655,0.26161863797882073,0.1534044378382353,0.35081057922727876,0.3721260265565932,0.290519221480974,0.3120317114081381,0.24205569619945932,0.23707715001845012,0.23900378553979418,0.26224449636762215,0.3042425283633655,0.3790639126635376,0.5922202398922575,0.7511560273555389,0.766939795255598,0.6452000326706206,0.5958902311300058,0.6218445580517219,0.5257068715822341,0.37800427007527404,0.3348550513727529,0.3957797258160178,0.36032720566187226,0.4526520867644614,0.5333805841240873,0.6829433411682987,0.6555143828474592,0.5192030413039913,0.6221634004261473,0.7468721354045448,0.7750600024051121,0.754810765605754,0.5982336095749718,0.3634190315069624,0.17140021357059976,0.2623117244127731,0.4605041814508802,0.5728610764585329,0.4495455196249117,0.24894261204687282,0.18458284453006008,0.32294022354651514,0.3957374116920185,0.5839216042339018,0.6580527695423122,0.625596288319132,0.42972976755580217,0.19393172273752166,0.0130368848092067,0.07213384100006988,0.27515704645514566,0.43533097538497734,0.34560218878876375,0.28394195822221846,0.44649437315346907,0.4107650816683907,0.20404374207001083,0.11073035156947436,0.2013899446902543,0.4633161849173915,0.4354238073277253,0.1946927561531529,0.20608483206517844,0.218579489508318,0.3936016256395633,0.6866394209108542,0.8219089127308429,0.7528900252857287,0.5389871468294485,0.4295171392368675,0.3341957216841833,0.25886276924068125,0.20085156583249913,0.35203040745758646,0.5098915361687251,0.6330989632296371,0.6902057925715126,0.759240215771635,0.7551392501120977,0.5714729169031355,0.2771028258907563,0.2503090918976037,0.4104190106643022,0.4382983584800403,0.3413521323636031,0.34522521315465904,0.46135545505278464,0.51867668265979,0.4082257130487368,0.3469717700391851,0.41345230056522514,0.43829620325473534,0.27823145137461097,0.05283947207924336,-0.10611129632680577,-0.03919616234888802,0.2379741189980435,0.3475334471517078,0.32803563815870773,0.2979801796926122,0.3634017055060905,0.5273205399406591,0.6678700137361834,0.669314968351144,0.6024455309301066,0.6319568143518673,0.5702586126294256,0.22583434784641845,-0.14737380158285926,-0.1474336217083815,0.0897325046920444,0.45038005719259755,0.5796830053353397,0.6045250308363501,0.6584814132131896,0.558280407299533,0.3881853109217643,0.34444555052805564,0.4453050811188818,0.5661597009704669,0.6381811386177948,0.5760672823485078,0.5877564389968544,0.7037203456110829,0.7012860378833918,0.5424872056541752,0.4560006187613227
0.4645478444507126,0.29912818803510305,0.2172971982314483,0.3076936357800743,0.28747691076258,0.3865619642578845,0.49502211469967583,0.5206430353575907,0.5562224842872646,0.533656893691861,0.46911715243939933,0.40640536454859943,0.4595987954394286,0.575449096959684,0.7102519679054037,0.6586466259354159,0.4264751342865196,0.3841982533637391,0.4081365570328466,0.2586320408020371,0.14806679949813958,0.06999571335830589,0.19021235089418934,0.20252003191755963,0.2866145610964106,0.39852951033291656,0.6075280771282311,0.6664786288837531,0.6096119857231391,0.6154094531785828,0.6692638128335151,0.673961247994912,0.7318684512241236,0.6458203563034628,0.45117903796995235,0.43854044978148793,0.5912867444937221,0.7463725094477236,0.8078650100224828,0.7148138659063344,0.5519892479901264,0.4816487708172866,0.4818732162422098,0.41064452841555454,0.45909149671380034,0.4317640569828168,0.46775984999208825,0.4701199660001468,0.40376091151414145,0.28824948326741057,0.2551383500727463,0.4507121986381584,0.6190616373252652,0.5872833307512331,0.4875942485034219,0.5047631343472925,0.38455347401184997,0.2597934847927846,0.24965142876384905,0.3250811979242297,0.43687327672123455,0.2544287320042317,-0.04522801195481078,-0.0656193422780321,-0.009137629326019628,0.33268618155762236,0.6738080296787058,0.8402905667370701,0.8103428035511246,0.6336744289409162,0.4547202038986652,0.366273861476897,0.25728886315498634,0.22478143757318628,0.17708888251872,0.1678382174377425,0.3087724775731553,0.466516710405461,0.6664587011500881,0.765203117343627,0.7337062222010099,0.6099420882443335,0.5654042249557649,0.542401440238945,0.37900039277210085,0.2092149154326008,0.19024840662479628,0.40241720806625253,0.4940244517516504,0.46906812995722375,0.44828009133569163,0.5546261658577061,0.5293395344760111,0.3312728369895909,0.21057753321593306,0.2504349280589255,0.4112975094967715,0.6206550202675335,0.6950898734504661,0.6770001078387929,0.6284824505292367,0.6514882471153431,0.7584288332552315,0.843279686168758,0.8260669366626844,0.72340963416895,0.6551727537814039,0.6122901324052803,0.37026174301057724,0.002279387419830937,-0.12697119076023225,0.017606887114513955,0.3450592714394016,0.48443856976617156,0.5964816557152439,0.6251358761245652,0.4883439114380852,0.4383951926035531,0.4755740608760416,0.487535000069495,0.3907514804666218,0.3619405199906325,0.2594022487497632,0.36955214539741527,0.6095320561096658,0.7209374619055445,0.6708402302088345,0.578024260243736
0.349711547509691,0.16104228455156092,0.1100894680381739,0.26496505697095885,0.3190062713633095,0.47261581264280444,0.5443698406987502,0.6040072335706137,0.7140096464730493,0.7447063715280319,0.695085875451316,0.6193057302956444,0.5452683059524245,0.4887436059972326,0.6203240369889789,0.5670319286409584,0.2785752823557176,0.15384539833241417,0.21745296385667573,0.1126750109881803,0.0012351568222688674,-0.08797435181998663,0.09505149698383053,0.20486287578725773,0.18244012094868461,0.2350454463496048,0.48653690764708407,0.5937217547140431,0.5919377883219809,0.5350292130220933,0.6161518653135687,0.7052768365120592,0.7821109402800391,0.7214152452590592,0.5733152875324672,0.6025466917043205,0.7424958561956488,0.8495636940090098,0.8912224474493297,0.8244747909103025,0.7086724425703765,0.694924791581604,0.6899780047726796,0.581965176559675,0.4495095938808187,0.33605266970022996,0.3756215417329162,0.5389225594639743,0.6229552825212948,0.5770953366527304,0.5013994042663049,0.5966390190846923,0.6989804670598743,0.6849882378818815,0.5919658183554655,0.6109847240332915,0.5078844900218119,0.35001785708843497,0.3579799039592854,0.3803670148500053,0.37625807964300806,0.07293693713336266,-0.19656640801526448,-0.2505062361639675,-0.16308752860998416,0.25357783734080497,0.5782176605863842,0.7641020781656453,0.8078292222883926,0.7449635075346901,0.6283599110676691,0.5499986109270194,0.45835794143059416,0.4458364187084284,0.33630129458404046,0.16705432442927765,0.19476601957127837,0.35613041437439347,0.46332889648180925,0.5801428741779069,0.7260799292989447,0.7765506309303587,0.7446542342605925,0.6230110300578167,0.414644053593827,0.17896523562917308,0.1740290806369528,0.39467741348359003,0.49857444722267635,0.6071692092686566,0.6620375188765809,0.6736813040145465,0.5382823685024213,0.37854478810589887,0.32366211030973424,0.49632267511136025,0.6607334471220959,0.7697069145943757,0.7864842081830932,0.8151931213834751,0.8259726408061606,0.8469316951835194,0.8988840007314134,0.9321589648701081,0.8822536709517482,0.7174357301415151,0.5338647199811773,0.5760420980899369,0.5518033645150212,0.3548284190640204,0.16949042530761724,0.1998132039118033,0.4196258657768,0.5609447554109708,0.6582225058838707,0.6407284534635348,0.4790059837491911,0.4478445459760771,0.5583557302540484,0.5519451553485373,0.3540580150156671,0.2462403816085318,0.18225084271419317,0.33630081849746163,0.5172545266610875,0.6815633676329946,0.7319300773094317,0.6266585975285343
0.49841804500026266,0.3727043332839291,0.2848537768354005,0.40429061528393834,0.4780543787344046,0.5452992433024176,0.5028234829532249,0.5502284031667856,0.7051123072316877,0.7506199830676688,0.7206820930618762,0.6879689126486855,0.591405933042103,0.5051663775543749,0.6481740566154413,0.6561065574761606,0.4425676196777025,0.23863131328663878,0.2554152041838654,0.20547794822354531,0.034441874200140644,-0.034611180342099014,0.1523041972618733,0.347441147976363,0.3307128489308868,0.30962834400492467,0.4689558229299265,0.5058278600484039,0.5345685594400187,0.48153647525177634,0.560637683160907,0.7237238062944635,0.8182017692447787,0.7452580122836167,0.550293520329308,0.5363592423642108,0.6637564192259217,0.7569543066880862,0.8298243698038837,0.7953599278480593,0.6920987345437588,0.7343638817377123,0.7673939444327138,0.6572897726649692,0.42016513240412423,0.29049739367028216,0.39127173535918125,0.550340451489917,0.6721822130885341,0.658368529334104,0.526212295954655,0.5311448486998753,0.6144368955047895,0.7075050977046944,0.7379052003202597,0.7617007930176775,0.6538867382166393,0.4666748975209989,0.4513553850983567,0.519954791242004,0.4841953454876293,0.20302184324817382,0.01051705297980789,-0.07272862061406854,-0.10468498706988429,0.19399154666412272,0.3693569993552698,0.528393450354627,0.6357689970284679,0.6715669858359705,0.6102411937176377,0.5936126298332477,0.5566286605870272,0.6389954073292681,0.6140989858694068,0.4666300444360089,0.3521475665635539,0.2864559645580714,0.12079982232989983,0.2164757166140702,0.5719238334793741,0.7818685963832709,0.7845525636762823,0.6253870575700581,0.4723880939468939,0.33889736981858987,0.3989456882343791,0.5449052266455808,0.636679184439683,0.7467701830197591,0.7677382600670131,0.6100405228914226,0.30814011872238,0.23088515177067856,0.3193558286542847,0.5220658731992377,0.6215623462928369,0.6933868643001393,0.7019410947175634,0.8080156660697047,0.8711939312509339,0.8912571417630559,0.9279430103869498,0.9501507175701538,0.8964317189510586,0.7139591536346099,0.4678473939210824,0.4896753260437186,0.5991803664692531,0.5182892510484709,0.2699481250702117,0.1854240013677153,0.31887183412277614,0.4472806286872724,0.5293636617374273,0.47871789156886474,0.2674405436006842,0.25581094478546984,0.5253398973096411,0.6435223140351722,0.5264731416971703,0.37340984168194324,0.33742057174935547,0.36190281551622366,0.342252041274066,0.5029973021317402,0.6392361897794557,0.6082873393791631
0.6655956782287956,0.6664490066113925,0.568306172640603,0.5075926139960522,0.5067744429493474,0.6065225055938306,0.638520207455069,0.6657782362106411,0.6827069808461875,0.6251439788847275,0.5710419648875367,0.5857712102020116,0.5468567651187748,0.572004863132843,0.7346796111317498,0.798919931372724,0.6788739677315752,0.48041087028808965,0.3996678777200886,0.4040961311958125,0.3008594153351765,0.2870898348452244,0.4010315017389446,0.4875890679477044,0.4519573564505572,0.48921939601939696,0.5724293207953067,0.52866286732055,0.4763753511553825,0.3807323348971586,0.4677870945926584,0.7094227577768977,0.8464740666037247,0.7925321482573212,0.5731073543971692,0.4090115781999641,0.515250539630078,0.613862244157614,0.7650480549673073,0.8002086225060647,0.7298107374609833,0.7087062641154186,0.7334691942115912,0.6650142542049924,0.48634999297161935,0.36210497410755144,0.40071530269835126,0.45380325466949656,0.5812957126252395,0.655554342101383,0.5664290956211103,0.45710978894276355,0.5109332157032789,0.7060280808436401,0.8258245694917645,0.8291245269325975,0.6613987489359073,0.4169411376258771,0.420638244433521,0.6070074915523646,0.663906724103597,0.50567075342982,0.308391572676023,0.19787908003001595,0.06969087222887306,0.2157316102705476,0.23386761707449505,0.2810194116559333,0.3750379774331897,0.4378688539624129,0.4035972370624557,0.5431086968078361,0.6473871325412007,0.7752701599133003,0.7963447118489368,0.6587715485220006,0.4172471133184166,0.21044892927527176,-0.0568326900702857,0.07606235336478677,0.5216084858754423,0.8018917214928539,0.8398337905819766,0.6780213582209593,0.46382589947329605,0.37855982817489053,0.4899156834496919,0.5563371223403468,0.615040596681208,0.7184406154498538,0.6997986266207198,0.42269575396909065,0.053339007334499006,0.023429259702932734,0.2009690330047838,0.4072902886016849,0.44783541904950014,0.6085170523679395,0.720893186881866,0.8213355783454012,0.8464172829780733,0.8269618708777742,0.8810153388915386,0.9323346271193683,0.9126957366974224,0.7667590359553076,0.5220608643492561,0.41654583991611044,0.580592870662216,0.5833998186942029,0.35576439742358634,0.1909798673456424,0.17950796913828998,0.23852565142253337,0.280358215607195,0.232835921196028,0.10860650302247153,0.16580677079193867,0.5267500040120273,0.7450899648520005,0.7318190905854476,0.5940458215937637,0.4519062828801473,0.36566136681866784,0.26080248080424323,0.36095883490266734,0.5156061618350236,0.5333403794863307
0.7821641475482448,0.8046193109334718,0.6400169446843191,0.39200122936836457,0.30483476393389336,0.5204211121703807,0.6665497471751295,0.6868925300426875,0.5985184485964485,0.4986196384810882,0.4673290726865248,0.37989828341095794,0.30486617353385054,0.4316173415858322,0.7011012167436866,0.8444984529948022,0.7756673618539162,0.5847378506231775,0.5163418930039593,0.5178950975307395,0.4118267055707175,0.3802484326826068,0.37694588544685603,0.3250778800758808,0.25511742899410345,0.4331230133623405,0.5611750610724493,0.4741282806789951,0.398653753595667,0.38852763956433334,0.5038040228442762,0.7156786486207121,0.862195189165992,0.8446878752825717,0.6634292172570877,0.48013607903637395,0.5756069334961667,0.6979475745258581,0.8173724269477246,0.8295407613595852,0.7142767185028849,0.574919170253606,0.5390612761094846,0.48126260955460104,0.3755331576242779,0.2968858108775717,0.34038395126148285,0.37983602919415804,0.4645230687477679,0.6487641720680082,0.6934865011770527,0.6481849192876499,0.6793208642048525,0.8037481305193301,0.8692060254595558,0.7924668349687635,0.585274963094084,0.407799422531307,0.46293456469663635,0.6642016407924364,0.7918662752028285,0.7502063220632172,0.615516386258789,0.48685854188426453,0.3130492131848589,0.2924971900125646,0.1779042857958218,0.26697562164331223,0.3173021990402535,0.26725731646796563,0.24727724510457413,0.46605158821652026,0.636374378410711,0.805617736244906,0.8497974065759626,0.7087378065139874,0.43561953437992085,0.18741099163772948,0.005042376840011156,0.22262206445287655,0.6193054015819016,0.8606783287495688,0.8737960538364374,0.6649337834070166,0.37908484622200667,0.40584835819530324,0.5098927734272419,0.4698437570536817,0.46433033265984913,0.5596938488406192,0.5694487453920214,0.33059324613520596,0.11210734311505455,0.198279084326014,0.39053590310593866,0.5032687164150609,0.4904456798203199,0.6566819442525297,0.7794777062716789,0.8172864388277765,0.7806758476941235,0.7214257873604434,0.8209889894952851,0.9112032458275636,0.9159148669887883,0.8048875912098068,0.6185454322128726,0.49252713741148485,0.6257390059286173,0.6209880597090368,0.4046862513460954,0.28384613576460443,0.3387449480881944,0.3691485297115639,0.2920090301529803,0.08933848253424684,0.02857746220780022,0.21125375666731405,0.5838567391943705,0.8048455630085312,0.7980314661919239,0.6200616001483434,0.3661343794112387,0.34056091639496744,0.4091452029518814,0.5260723954212437,0.6029705308530865,0.6122521527296813
0.7529297183960503,0.734951305886817,0.5457864245497293,0.3192307993168961,0.1746839335734205,0.37992509607836633,0.5377517001624533,0.5820145521527317,0.5257731148738702,0.5222416030021699,0.4177445243086509,0.1257422827526396,0.024533792739035883,0.17004569245066237,0.576415203579702,0.7954447398767541,0.7105944684352234,0.4350613974758787,0.3900023312343315,0.47907605789478375,0.4560090551248418,0.32784876033636745,0.18901388595420274,0.05527340203703924,0.0036877320511360828,0.28330751366216483,0.5180884012877741,0.4355221758545593,0.19260286861067744,0.15794653177065465,0.2883098929108064,0.5455201015968898,0.7885984633295731,0.8576683660335794,0.76792842828741,0.6726105849768426,0.7123677671144668,0.7950930222233757,0.8440370844919323,0.8079058152504618,0.6645956171380939,0.5138913097750184,0.3689180842387844,0.29519731024445894,0.28760219402708304,0.32432727564338665,0.2821192272253445,0.2717012971155734,0.3952260298019203,0.6546255105846176,0.7839372604832691,0.7775422236106931,0.7733694451020044,0.8120852423504079,0.7969186267344914,0.6343228086499642,0.4026466028152732,0.2638066550608521,0.3195963738248339,0.5321447202761447,0.7378400272294534,0.7620698777009843,0.6799732639175081,0.6352636088806459,0.5559160059873193,0.43662515986001443,0.23469248920496008,0.291131057056134,0.2291297471872485,0.08425460159311672,0.16274205314061582,0.41273981274693783,0.5754325300776533,0.7674420893470917,0.7958273734853067,0.6142119602937204,0.3412421926849629,0.1489104309534976,0.11380314477776793,0.34415975848716857,0.6842363015879448,0.8729562614676472,0.8471144445870443,0.6187200883365835,0.3278940560058045,0.4284782965865798,0.5920264189489337,0.601998837068325,0.5422282005196668,0.5179381961542373,0.5988171538216033,0.5395496335983021,0.441869814263055,0.4803778906128509,0.6282694966428325,0.7074382275052528,0.7131496803279406,0.7914084909734976,0.8186619655767124,0.7626700320682965,0.7234497410996894,0.7312697264222224,0.834664733891646,0.9081572381629454,0.8857735974958805,0.7881796350377536,0.7202328351256573,0.6929925177476297,0.7637170228281376,0.7440058835954089,0.6262750553365994,0.5532441340064251,0.5688380824260159,0.533504256252192,0.43764331388800987,0.2417437197274495,0.23484811528721597,0.36507555712335715,0.6584268990745357,0.8012060570091497,0.7323875828353833,0.5446841123180102,0.30507245229353536,0.336554572962749,0.540452661906401,0.660926303433395,0.6735642958051903,0.6226809202569137
0.5731657159787052,0.45282278400673887,0.2875740587485037,0.2429549309701987,0.15563553669617836,0.26104549990278486,0.35768469295627153,0.4789873919264658,0.5841193399334784,0.6255774676148627,0.42491026322972547,-0.017125862761938362,-0.13988433050543042,0.06360315214216292,0.5253406606969837,0.765182010831387,0.6636842114349257,0.31277960782969044,0.16960744351936635,0.32759734544406527,0.46284462959375994,0.43596314202867353,0.30005933137474033,0.15207687391085037,0.03853396150271054,0.25552338856473406,0.5164746542868414,0.40176447560440753,-0.022124080059792193,-0.22545625609411515,-0.11488432502329304,0.2641326037531686,0.6596767801035986,0.7864205764578059,0.7079940597539233,0.6551320818323062,0.6494493655303534,0.7162570661160009,0.7127136792280787,0.6535208481965864,0.5239941009843164,0.4967060233043422,0.4704841486034918,0.49317605752966337,0.5403714543384709,0.5320813202193385,0.329778333483962,0.11606121531750536,0.26353795217281356,0.6090638689515495,0.7527383689748538,0.6906967974096487,0.6297086753871394,0.6454140413741205,0.6606343960117316,0.5484417612866309,0.4440817287836044,0.27450710642309817,0.11149253646363909,0.257058423538635,0.5196669530474345,0.5450281472205435,0.4728793534052715,0.5469553299217069,0.6307519106911501,0.5738664110704975,0.3975760877492603,0.38547997927928923,0.22787064266878332,0.08809995232307467,0.19639164324988798,0.476364139334002,0.6468035842732165,0.7770353042332209,0.7650859057907299,0.5977656311789705,0.45633652147496545,0.30625278293667524,0.2220167954776727,0.3675301328471357,0.6287148444024686,0.7482434154055749,0.6966247442334644,0.5243262812170462,0.2954316546728084,0.3762987848134584,0.5860649750319332,0.6767775788363432,0.6259964282729291,0.5782060207908364,0.6809422291241843,0.7034647112908547,0.6315884491821232,0.6029774742817757,0.7259603563595992,0.7828855588771929,0.8023312879408236,0.8390509485866318,0.7868143833183708,0.6176833377367524,0.5590706106333585,0.653753050640031,0.8056158881350696,0.863926939060431,0.7923276750537533,0.6791015586149937,0.7007310158268624,0.7441555347548016,0.7867255525767503,0.7456709044266627,0.6925983151896621,0.6422225934804638,0.6479172538399024,0.6045925865963235,0.6186659947089205,0.5716206918958835,0.5944532937391938,0.6665959273409137,0.7850993799107387,0.7877916619894112,0.6258522012079861,0.483371380398988,0.3972534674562815,0.478263746991128,0.6224301690647177,0.6561189669887915,0.6743299387994397,0.6365960867441518
0.30819955444291247,0.18821016553267705,0.17905165788694324,0.31194562480127097,0.3361644260451652,0.3349069981531206,0.40495916989325026,0.4906638673891359,0.6564153670905252,0.6895681905225476,0.45475564611835917,0.010654932599520314,-0.038869487315109225,0.1661568254721499,0.5346438366416353,0.7446058302499505,0.7096940142473875,0.4462239500847008,0.21086261382895982,0.25167075550636425,0.3971455641885162,0.45441961023597727,0.3800986630200019,0.3249698380794244,0.2872153770706124,0.4778138815694056,0.6425116048036783,0.48005087705937677,0.0336182313745642,-0.2166465425694628,-0.088315843576425,0.33818667849466744,0.6641574444923254,0.6674585426513368,0.4413885102434996,0.37914813730691305,0.3564833656779026,0.4761068488514879,0.44156995946178335,0.4010433950430223,0.34910160654620703,0.3865167037342683,0.47809801644343547,0.6249601752117463,0.7060432727150195,0.638317336871652,0.3349616286575929,0.08606819439603519,0.3117881001845544,0.6126819073586691,0.6416085972684282,0.4555422507102984,0.3698042782662363,0.45125622238569557,0.6142836266523781,0.6461983897766963,0.5872184087268918,0.3738121711977016,0.07997515849264475,0.16598156961125682,0.3628035065942017,0.3121543711170177,0.28499354438385155,0.41881983652512345,0.6498661017036149,0.7247969630384746,0.6764685610453102,0.6593450064318479,0.5601000256226318,0.46757433147015237,0.49629833713743643,0.6182034666040137,0.6785861098968063,0.7613112632870247,0.7930688483420055,0.7359801625772294,0.6434391835750153,0.5015200997395337,0.43849216593315177,0.46686819684607417,0.4727949384376616,0.44484499237738206,0.3988232957671121,0.36880334315423124,0.26956706888071613,0.22941707877234252,0.4131259596897445,0.5414252086810322,0.49983197647704514,0.45600808959303163,0.6002697463548458,0.6715765164352546,0.6568358613555042,0.6846225299588022,0.7180131503517048,0.6569544129556578,0.6800520871655681,0.7827675070609981,0.7636784526984483,0.5568267873760973,0.3567751870453921,0.47628558754838096,0.6852787132510149,0.7241311459613793,0.6076745552981655,0.5181821331583439,0.5117440540967472,0.5609600742173176,0.6273498938588027,0.571399883188396,0.5713041915457562,0.5733258563984425,0.6857210892063881,0.7433327805139068,0.7864585501449273,0.7834744853548806,0.8136722034113671,0.8428875593539654,0.8545043942416171,0.8092139635733742,0.6258783266154123,0.3799315330818135,0.300992362634808,0.3977158487280624,0.49574309662964244,0.4330303436161005,0.4818265089307772,0.4823791059186243
0.2626415073110006,0.2536190365616738,0.3395087334493767,0.4717542342092097,0.5610149306540799,0.5773664569540403,0.6304594152657285,0.6852821253728126,0.7461470102321606,0.6825073870307958,0.4425655988573773,0.034986067531250005,-0.01931737100630885,0.09778521680777019,0.3604984927346417,0.5703708781785021,0.7015349060678299,0.655720312399528,0.5197684146536871,0.43582662755348134,0.3774590353031396,0.4242768621614898,0.44020144711467674,0.4007664454075675,0.41133240621630474,0.6233696653634224,0.7305330369721436,0.5736329250313096,0.28180751595045467,0.11380500436762808,0.25029877392463457,0.5554004619316701,0.6945382825747104,0.5364155949606951,0.1967630630271245,0.13976472360568956,0.19717763845114503,0.3579297093728878,0.2861759308086203,0.15977213539313856,0.12831705557951648,0.19427254265527338,0.34372469111739684,0.5774289089849193,0.6694054452402334,0.5909117355306001,0.2760115116519038,0.11888106214841976,0.3702803128477499,0.5777197995845359,0.5103319711967226,0.38848308235456896,0.4293825469942201,0.5571421865239508,0.6699792595344659,0.6772431560400975,0.6110423392853038,0.456750530607017,0.20260186255641927,0.22449109779271995,0.3462206826468843,0.2545477136383749,0.25633577343662417,0.4865226605299263,0.7206941093050351,0.8013507167277452,0.8056939111894633,0.824939620239453,0.7915918809770333,0.7169556831718982,0.6534398036551221,0.6471649421442655,0.5846362066618506,0.6381050533657011,0.7342441952183332,0.7658439658401789,0.6639543643230601,0.4732904007729467,0.4317516154440827,0.38688739633738384,0.17413707580787702,0.08258476907918592,0.1853987226773729,0.2735375574724337,0.30801395529661046,0.214822312607514,0.2571892141496184,0.3307193500912344,0.2752982431219284,0.2440974865287529,0.34449441553361765,0.4405564216651782,0.5248679893090406,0.6497119752763336,0.5822131311765948,0.35318640357028064,0.42152882390671087,0.6768902760626117,0.760487742037713,0.5970281358992391,0.34501699314376855,0.3800584735766733,0.5308288900029394,0.4361230445482413,0.1798281715220829,0.0849445999687545,0.07418470789412968,0.18812810344526887,0.3958710630578395,0.4055228194835291,0.4174654602431944,0.5317758903088002,0.7194947721545819,0.8270611990656094,0.8412461852595293,0.8035494157749702,0.8345478064010748,0.8274196719676845,0.77556933481952,0.7634468096076876,0.5949391787562369,0.22756835226259262,-0.005997012699184913,0.11472239781996431,0.31194519681817506,0.2596191630360683,0.23140438303723154,0.25175946778813785
0.0941957228655234,0.20340381469114352,0.38372143490773136,0.5051837658955831,0.63466543378189,0.6759317149048972,0.7576535116719458,0.8063209524617752,0.7804806463383572,0.6438338796412831,0.47012610871744687,0.1503312752318697,0.03552806048638881,0.05043006388598261,0.12447296486677625,0.29480800074105434,0.6076887582915323,0.7493133447771897,0.7100004946270122,0.5931317768087581,0.4318740227265203,0.4016559130634051,0.46910472569904255,0.45088994469126353,0.5395702839450364,0.7055152310996978,0.7201893879451451,0.5016740674896057,0.30514364007166256,0.20570713700715018,0.33979064040945417,0.5587397094553855,0.5739141899687972,0.38143022806946486,0.119942000940013,0.1229201739736098,0.2887751161647618,0.39748002424652834,0.25012372761685364,0.16790041924441165,0.24928548398205724,0.3452441063331605,0.4270268423184431,0.5683806366333577,0.5990723654208586,0.5607482940923701,0.3258806827179617,0.21221752387257314,0.3553852410133339,0.440321985315779,0.2923948187776409,0.3031704795214932,0.5098177043081377,0.632867909058411,0.5921488426700179,0.49876423056957553,0.4850811047668231,0.5510760704377984,0.5199353748475815,0.5216244493759802,0.47210519065493944,0.29914195392163045,0.3985904562592008,0.6260139367436396,0.752740342980124,0.7292403989570335,0.7270678997948393,0.7993141660747873,0.8124360251938293,0.7558784420415231,0.661169050795414,0.6473956791635278,0.5473873764315975,0.48110136803919207,0.5497471044019755,0.6227905625868516,0.5097671317212137,0.3375167580302554,0.3192199971313232,0.34024387698589176,0.13963947101648017,0.057893337418079234,0.2248131710105305,0.43489533774382166,0.5505666965127728,0.49165502264610594,0.40992568747525593,0.3269226390367198,0.20739469183930098,-0.004570850354859449,0.005304211653224021,0.18724380091872658,0.4823605237115988,0.6401474802766359,0.4752140285154831,0.19266768595444594,0.3692915414160488,0.6784703550607706,0.8197634360501823,0.7639369109177019,0.6226835596288331,0.5773016005600138,0.5087549312594477,0.19887658207514708,-0.1887158637464209,-0.32206546138393405,-0.19325540326305757,0.01780175638948509,0.23459719303434995,0.1741214665004509,0.11395743914571947,0.3278571892487784,0.6248387650190705,0.796783967231121,0.7901877147437727,0.6943320921570052,0.7341925742627329,0.6903891218654242,0.5747412718868496,0.627012925030966,0.4722141483790247,0.005076362603116684,-0.2542938083566585,-0.028629365892636836,0.29010372526318234,0.3200847832327529,0.14352016780717364,-0.011367515731697277
-0.10552064444064413,0.15493023752926718,0.40440231153183387,0.5797896557562516,0.6774886588974,0.6859925773014361,0.8002765800782529,0.8591597367688125,0.8255362886887232,0.7567690692101443,0.6786821930414021,0.5063337581162669,0.3491471462817806,0.19285417530335844,0.18176578942815808,0.29315533004340666,0.6020551991649622,0.7406420156321245,0.6841772100098156,0.6051763886372363,0.4916394988439178,0.5472871009717969,0.6305139989784092,0.6122588641273544,0.6221300716261396,0.7046732680993367,0.6760101355742391,0.4659180307989618,0.299928473855472,0.25045987335141445,0.2448692596306324,0.3901128408311112,0.3828097728582797,0.32611387070930414,0.32527196818681614,0.389216682872802,0.4697332829472862,0.4738116178507656,0.2668617985894521,0.1518246934397619,0.3317493163803229,0.4737077062391616,0.5044487464789736,0.6167296946687136,0.6650581285747895,0.6005883096526611,0.3528182750024421,0.23172702531378164,0.3164534249096815,0.41206259332699563,0.3387974722095357,0.4651883254195194,0.652739994227716,0.6572571062944028,0.4199099275977143,0.24983860817254647,0.41621806538469697,0.6530745888067583,0.7630784059622401,0.7662502828276193,0.6441977450195405,0.4555366527621985,0.5524569722421377,0.7143048150839694,0.7255143569443905,0.5881969656515635,0.5648711703432324,0.67648872461616,0.7095534170266323,0.7210857579917571,0.6966980846381097,0.6328218343829123,0.47416933384610693,0.34912703701410386,0.2669424503081801,0.3232554149904146,0.19826764586526052,0.11881293083832462,0.29869262009853953,0.4815535105141659,0.44998334855185457,0.3795087077793265,0.41396842425735947,0.5975097956902657,0.7130516747364429,0.6611785209288075,0.5603780217387728,0.4951261008166484,0.32003042202132215,-0.016513803867376498,-0.06420523531403342,0.1405098902906588,0.4927082437069228,0.5980591443860672,0.3449383394443459,0.11416617196807777,0.3727992654297472,0.6649133103508948,0.8187468201385698,0.8567624243843538,0.8141125055275664,0.74006052209435,0.5778384640041552,0.2714274311157632,-0.15994940563159452,-0.34335619411367657,-0.15261897443371505,0.1358823006677848,0.2530012252872857,0.15054044671624411,-0.02814954345878436,0.12575317751241488,0.46364205303623823,0.7150237176565969,0.7475180091067556,0.6692015973641895,0.6983973055254612,0.6508987021871524,0.5296477993397358,0.5800043876909712,0.4462855700837429,-0.022428061342822388,-0.3243743976923546,-0.11491757929131938,0.25601917143592906,0.3575867636032966,0.11483890735942281,-0.11404439293823512
-0.10315302351692712,0.14331941624474887,0.3604388210734964,0.5870181242343435,0.729711814560045,0.7847093583000845,0.8523916192282904,0.8420172045578989,0.7638383508029397,0.7851721353865344,0.8074253615242047,0.7377448852248025,0.5996841111980111,0.39993138212967505,0.3585666488189775,0.49093497886487775,0.6811319130273205,0.687672482316573,0.5493530247504324,0.5953046600484418,0.6443896090066733,0.7364359731682215,0.7701475251757279,0.676682773733253,0.5607199479546787,0.5836791596760471,0.5965818054659573,0.4860713133018943,0.45868956180878384,0.3996149907872688,0.2641741586037001,0.34830017446485,0.4627219959128992,0.5482295176634122,0.6181070697808279,0.6295525800573982,0.5604632589395007,0.48167490709532185,0.2578779427925122,0.1670706505746375,0.35089613129315983,0.5337220940167495,0.5990593529988393,0.6595369752125189,0.736976421862146,0.7196510395838841,0.5771364138795007,0.5244481294861315,0.580537023906144,0.6246933210540337,0.5960369922104907,0.6999229643201307,0.8113574574830938,0.7535880243208801,0.4708865903637578,0.21683310521102472,0.41207128705840296,0.7040610590994654,0.87021145013807,0.8883848736403765,0.778699590341047,0.6371162148525685,0.6438367667242739,0.7467914693170342,0.7518758539086449,0.6802812368044624,0.6560242954801383,0.658113513221529,0.5874154802422923,0.6039946621377974,0.60264055338661,0.44242075538035197,0.19536351374569577,0.11090540133668074,0.004483043641826119,0.07896520832406215,0.056587133167771406,0.05126720249171824,0.2818658257451316,0.5797187561016754,0.6890053696490285,0.6608356366666828,0.6307417296262026,0.6684788627389623,0.7029169812613342,0.6029748983208318,0.5157332403946141,0.5694643457050165,0.46260826639457253,0.10966784304923057,-0.07197855540198572,0.06076141742191456,0.4324136971904245,0.4956616445582065,0.21215260499541846,0.11738748321246134,0.357567936440626,0.5231127906779331,0.6614478446676386,0.7887546253568213,0.8177843006909369,0.7661931958012467,0.6236709375314607,0.473680247814872,0.1949275985096289,0.039623889773320556,0.21351550255100674,0.35726785780891784,0.3007095276031185,0.2528465346103282,0.11500770038482,0.2076763780004922,0.41826991583195183,0.6685109558535174,0.7226276712571023,0.6562005031771433,0.7196699772970653,0.7238742327075738,0.6523702720181225,0.6392406059015047,0.5551082181521797,0.18981274370879236,-0.16651014085682542,-0.0075560648823384475,0.2845916873298556,0.43237188253096787,0.26727679603557075,0.08021217286400423
0.048358197476902065,0.23493278901090436,0.3548930528945954,0.4881406144030058,0.6499570348545632,0.7481970860783458,0.777476925058584,0.6867353046655836,0.53392200441736,0.6633198189422584,0.765289929070898,0.7309236624817719,0.6269050443600653,0.4336148088049832,0.4270676299086174,0.6233685846155756,0.7602478638147383,0.7077208827210866,0.555835152212017,0.6368648616425071,0.7399383621100106,0.8280743402617147,0.8140104753646542,0.6773899979424775,0.5476480600305604,0.49784884767092386,0.6040938532181451,0.6533752748135782,0.6796559221803012,0.5867794985685223,0.39099295801285405,0.3938404226267565,0.5919629317985178,0.7511165833569953,0.8333357582898305,0.8218717772428188,0.7060151960382747,0.5541827603703818,0.3960366667245516,0.3109715969899048,0.35286150990811815,0.4940041506788754,0.5888418285950812,0.6131416904840716,0.7094778325046125,0.7179928440695518,0.6332048566658229,0.6794203031452839,0.7412564016003936,0.7087029012682897,0.6524217873496463,0.764906865213774,0.8738402477383627,0.8389521355591241,0.6038792909173935,0.3094950150971784,0.38046219952767146,0.6421774212950322,0.8341150338173886,0.8647000310286193,0.7605164093571315,0.6466678784644845,0.5763454963597441,0.6641523907144936,0.7033347927316693,0.7432652375417474,0.7611799073463865,0.7181049855159237,0.6172146073509032,0.5323024395859803,0.4684170778349509,0.19470284222675907,-0.09709268536941823,-0.1234171940713961,-0.13958554028589915,-0.021554438568192454,0.06774821017885739,0.1273926116477442,0.22541383612654634,0.5513668016285961,0.7199923742532234,0.7087426908139294,0.6704605284480278,0.6191603454592426,0.6221382603202026,0.5001492535263424,0.47568442101279973,0.6016994719664792,0.6254797448738522,0.4107841982089463,0.18359542891318498,0.2150490868169459,0.503048854126935,0.5511279608856583,0.353435545738062,0.34156940554772613,0.38753492977358256,0.31624795734200745,0.4218985849172806,0.6290325017664259,0.7190446909192035,0.7705110568535602,0.7471430268495775,0.6699422332999194,0.49618958617372505,0.4427177598122257,0.5604849502628628,0.5932517028534083,0.4869737071779096,0.49596876283496355,0.4371745808572571,0.4293223955107538,0.5420887290678037,0.7263898619130196,0.798678636545904,0.7724502546180974,0.7766078134434266,0.7622568444494251,0.7122593820267804,0.6590220643009468,0.6196209499478993,0.31702996895861874,-0.04981437896859717,0.10407183895957801,0.40114111565953237,0.48420857607933904,0.30202536530545426,0.23341790350966282
0.26023613981812804,0.33771532861148357,0.265600019873856,0.22511513560424207,0.36103971115295036,0.47275194323062986,0.5080468176982618,0.45530013980849393,0.32982837158104594,0.5170598197180835,0.6259861001248037,0.5822430902972623,0.5816478029602665,0.5455580724450295,0.6162422402078421,0.7748489109963218,0.8614324292788402,0.8082455014727635,0.6721769410449758,0.6518824689453818,0.7018678336998285,0.7966189069461515,0.7796714018236616,0.6354203155495084,0.5685521218203378,0.541799458839989,0.6775335917874167,0.7900831055190352,0.8210020033326709,0.7160700134582821,0.5319864570627001,0.573031523374835,0.7463720838696922,0.8781454788405308,0.9337749029643917,0.8924212402396962,0.7140781881312395,0.46596580402398385,0.35754066280633234,0.3476400427823953,0.4154604473330065,0.498767361249623,0.6292660121095102,0.6571954070384112,0.6476360316394436,0.5789671521988099,0.45440244330638924,0.6064448065749238,0.6815633466486162,0.5536355126640904,0.4514816751262521,0.6446884105162584,0.8183298833991305,0.8644577938469972,0.7140252761881801,0.4075925533634755,0.25323943862591364,0.4421597606902369,0.6709148551654623,0.7454365035236714,0.6478436795492117,0.5705845703160747,0.49689222006712946,0.5394590202671058,0.5736496134158922,0.6907336559171179,0.7509677629813446,0.7238989558601495,0.6982351036825392,0.6244766486299225,0.4604625618550863,0.12894494403517104,-0.23589161508309095,-0.23143256762790917,-0.033083513679371325,0.24380050787461224,0.38777975587280566,0.3583295420256284,0.2828874939737662,0.5165255118931699,0.641878902669648,0.6213238538262971,0.6473714828768663,0.6587960115744279,0.6727399382653991,0.5461767520467165,0.4040518103226587,0.49417627496166616,0.6397138624254374,0.593283102798141,0.4434509677455728,0.5176047300682881,0.7041769746759304,0.7398887425818154,0.6389619747385884,0.601206406732541,0.5121101832978557,0.37209209763195766,0.47150093659677833,0.608678222870117,0.6512997951170805,0.7704646276580934,0.8105772088240017,0.7201072177106709,0.5250129157366816,0.535242820155337,0.6967702105051559,0.7686954723647265,0.7270535950614837,0.6986975523545013,0.6180242363216347,0.4883887585506716,0.5280921977626087,0.7185260557674751,0.8288890057371548,0.7966878391580937,0.7053656328269006,0.6791392199020742,0.7217793182754261,0.7250987958233266,0.6251914038147605,0.2934777173832673,-0.03876540765913676,0.130823200857568,0.4655885916062501,0.5190485481317035,0.3372341516285469,0.3589416119466823
0.3964431291361288,0.48843648720885824,0.39440600625276717,0.20594910779735826,0.163726089229117,0.16544923425149066,0.1927093623208575,0.2819327959732565,0.24685076754565172,0.3956559986614587,0.448778371346479,0.4099584083029899,0.4374329846288572,0.5237702947509724,0.700050697396838,0.8579110926958807,0.913997862686845,0.8249551575021294,0.6075962656492367,0.4743565275590053,0.5222664586513096,0.7169230830225296,0.7772523382608995,0.6904250454163828,0.6247905180351352,0.5830754165699581,0.7351598566738641,0.8651079033554541,0.9069882940751748,0.8496870621630163,0.7414954405154732,0.7398826076057836,0.8230347680517381,0.8787297035978622,0.8895848488185288,0.8193907350228158,0.582970246366999,0.3000849615176222,0.18230125239725065,0.26231666944706133,0.4907656665529567,0.6503001156403324,0.750346948804323,0.7226302412735348,0.587908050612097,0.4671064904585756,0.32878003249835214,0.5205631462450983,0.5788972851601536,0.38473494908312694,0.29829141800378633,0.49150738671927235,0.6803117047982656,0.8049920235152275,0.7226902221927045,0.43058515708179684,0.1953619626038526,0.27257945380615606,0.5082295001133696,0.6637132799563006,0.6099500220797919,0.45407793812261477,0.34880412867682165,0.4174323149138264,0.5182880716446594,0.6105745507363856,0.6717391831815742,0.6594489194915425,0.719284420001088,0.6508098056660322,0.3640314345624798,-0.009178101279773638,-0.33964602378124203,-0.2518028750724364,0.051674049239925454,0.463056584104572,0.6549527632186635,0.6023624953097056,0.455322987335134,0.5349215069717959,0.5543058422407473,0.5489283163857944,0.5499031582309284,0.600786978185545,0.663467428721819,0.5234756845093541,0.25801131977431013,0.21760105981726977,0.4891290331707385,0.6468813679275883,0.6629069242741737,0.7529160445791506,0.8481001010037564,0.8333240977976706,0.7409908166277472,0.6966489520914926,0.6114210857811035,0.5779074160104093,0.6664902982318225,0.7312860315031305,0.7413658343713809,0.8097963994120315,0.8023793516804225,0.6626377803690771,0.4541748192882081,0.4456663111826813,0.6650549844755599,0.7821323721695685,0.769787547964538,0.7011039863614955,0.65171869687915,0.5100334817498902,0.43122660298727544,0.6467329978115899,0.7768781365511748,0.6862332854551848,0.4954011982980558,0.48654315016503175,0.6347241894293268,0.6847301847037317,0.529600307936707,0.22274849689947065,0.03606577767918795,0.2544358020688634,0.5392094545851186,0.5905094630290986,0.4443935325311018,0.4642390033992386
0.5741895839603115,0.6709679518824408,0.6376736382710737,0.5271135473488993,0.430526050622708,0.32059740759057165,0.2645532560244069,0.34596462825620167,0.2761168766185174,0.23805969178657216,0.18116279104515595,0.13927271254935222,0.20784958585237404,0.39940709191580254,0.6941839594751656,0.88174015979559,0.9163984774075348,0.7533526467050261,0.40181446831992224,0.23472369745982116,0.43954826230189825,0.6973032938004985,0.7616633890037625,0.6800064890589437,0.6802183803347456,0.7122757637312329,0.8273100296583307,0.9191450592393355,0.9548832245268374,0.919382637386643,0.8058701831846353,0.6931219678059944,0.6774833558853541,0.6511678477151613,0.6383474524288066,0.6015719168578456,0.3575450552518208,0.1203416095398319,0.13999008703758295,0.30838081197564954,0.5978649355896288,0.7903636464727176,0.8682325769928205,0.8272183249775612,0.6839340560340553,0.5417137128411711,0.4242686331272329,0.581173464657153,0.6164489174428818,0.44004005846997163,0.33554980037789756,0.38804035245602053,0.5213395659100303,0.7132250256824672,0.7041706152100704,0.5059936255815227,0.4022559962097243,0.4150226757192232,0.4891217448817878,0.6056673727894544,0.5453935256452764,0.3413854720727855,0.3217955114687138,0.3834343563386406,0.509163500458715,0.5442691645246888,0.6149005443497644,0.6482237068709233,0.6960810816601964,0.5936308796614005,0.24127128132014355,-0.1970280825482042,-0.4354394355207742,-0.2770872341785059,0.13396520115255467,0.589257230924449,0.8107990129060632,0.8063853419993898,0.6711482692766639,0.5414467389001754,0.3734360730342719,0.3509832359053275,0.3011203679064081,0.35464021014848107,0.43226289354038777,0.23690850815298903,-0.09001066442298149,-0.11755367904551803,0.23350374109647673,0.5244293356847417,0.6577294582184907,0.7835357334596237,0.8253166284630807,0.761521933195001,0.6600480041227407,0.6548826018492259,0.5975091490652727,0.6605387659991551,0.7493604806975922,0.7519249388606153,0.7171451021056445,0.7259979633619984,0.6166963414645792,0.4275745517900045,0.2804379091903635,0.35599527270159254,0.5553341491517382,0.619237705578362,0.5999433918870115,0.5122920767781188,0.5808218991989124,0.5278792686142573,0.4353555386524434,0.620964509292929,0.6942619921812739,0.5388717025380639,0.3963136980636517,0.4475822023564746,0.5685461715545417,0.6078800903616652,0.4326950638336218,0.23807067015427538,0.09444156729304681,0.21926828693189926,0.4701510047157392,0.6111422565565325,0.5559055283339754,0.5404399943097925
0.5177571369576384,0.6275346748078956,0.6708926940406131,0.7003255277550275,0.6375818197979178,0.5080341901896687,0.48519718994545363,0.477558698865516,0.25892473205339483,0.07488704113983351,0.09561781113019538,0.15232525839911865,0.2892453058287671,0.49471441298456903,0.7543654501948384,0.9157466201714798,0.9270396393213359,0.7331668123791755,0.3666212991181054,0.21157007147476045,0.4772474840227264,0.7082584352029583,0.6949698784754854,0.5521375140863696,0.636292968258287,0.742515899669097,0.8427687814466458,0.9037715932493993,0.9369382551298503,0.8854906530208281,0.6823107772577579,0.4060364747790727,0.3218909712064628,0.2575156461411639,0.2920961317252731,0.4454768173018154,0.376440868976699,0.1800756147529413,0.1862794966641631,0.3437790433558783,0.6552991426822217,0.8408024902400242,0.886719340422562,0.8343592468351833,0.7016068631082137,0.6316175180982934,0.6140390157800906,0.6834637000190926,0.6561487472052236,0.45051964910664466,0.3319083905033398,0.33777268961627543,0.5097898365184982,0.7018590201588168,0.7493351443196111,0.7016257640234291,0.670723093739107,0.6201140108111319,0.5516725900458995,0.5295496794491197,0.5018795893737028,0.3980236306267454,0.49082875795523173,0.5973969884339837,0.6586393009008505,0.5763236755736799,0.4654607349274025,0.41833929383040885,0.44395553059841397,0.3779664850511657,0.12643856444182075,-0.1517513156739125,-0.2716960671969923,-0.11000354469682111,0.23390236993790567,0.6573677576399198,0.8789475890565134,0.9015567834373517,0.7621746972119418,0.5132483381290791,0.27253452163317626,0.217252436082552,0.17254902933260963,0.16026868710235265,0.10069899090739151,-0.12943604366982495,-0.3067094657182028,-0.23141039435351157,0.06336858157866208,0.3390182192657286,0.4924401706766545,0.6238009810824959,0.6189224778094363,0.5783908747727085,0.6211427506442029,0.6733152782665099,0.6338117045091821,0.6441653226376727,0.6850160362061624,0.6261562778638545,0.5603546900375658,0.5326726960318264,0.31759223642824286,0.1514247143401963,0.20067913873529178,0.2871712441783609,0.3929154103263239,0.3666240114122261,0.43027009145165307,0.4399161977833289,0.5917339799388047,0.6092475926280578,0.5484052067135612,0.6401052581590506,0.5874144163640118,0.33061655882934604,0.26556283324928676,0.4125578847679792,0.5114556192278127,0.5455120803269643,0.3400556947359057,0.09573301404349616,-0.13218154437853266,-0.07197199495877152,0.2374357272480556,0.49980004437089776,0.49075413758504244,0.43231051901455503
0.2768728441666983,0.32728370128834816,0.44372349508428854,0.616744270380103,0.5785674475450476,0.43589450642225536,0.5314422274902856,0.5822902475432793,0.36186472187188945,0.056477891403576536,0.05342439473982424,0.1236538576444636,0.2605190414500194,0.4472241145011112,0.7260152040878193,0.9050142251862474,0.9022516160427312,0.6814050203061051,0.3368672273259092,0.29047841862313717,0.5598391970248088,0.7292115607120779,0.6609921794805239,0.4979759451077075,0.556060524320897,0.6271881652650413,0.69407217488284,0.7385232186112755,0.7994490126457421,0.7599696842578602,0.5296837456783837,0.2505599856787659,0.16576386049281758,0.17738233059958705,0.24071921452611814,0.4670052704180668,0.5466026041310493,0.44589276588491616,0.36946167450432643,0.49606680415781873,0.7038390223509782,0.7826810154030492,0.7630014594535619,0.698093828507317,0.5430982343374696,0.5403523549008752,0.6077543871318086,0.6474463581081319,0.6695483935722161,0.5517479729473352,0.4251030589420294,0.44796906890052574,0.5313119838071821,0.6382741071371658,0.6930760871981491,0.7582425905405152,0.7466177672721491,0.5783931067501401,0.3566476120053459,0.2680940070199091,0.416445693931534,0.5297493960334583,0.6669213255371851,0.7631646091640191,0.7187960860060489,0.4479152287606657,0.10553047722938695,-0.01693719155191152,0.08875420047320086,0.2120435667474528,0.2709806939601879,0.2320536570179259,0.1669491500053771,0.22177774006174203,0.48853030515086465,0.7760876261601626,0.9268795463287575,0.9298111900559217,0.7740878003444776,0.49519843895127486,0.3232495401988999,0.1951912022625057,0.0973830036417165,-0.0031561511365622635,-0.1329506060015604,-0.22343124985198398,-0.1656175408491379,0.05891810857116492,0.2603383021524947,0.3453427112053427,0.426451343965025,0.3978646750731727,0.2773859640589958,0.25101676427385744,0.4693136607278896,0.5842050259817919,0.5420640723007308,0.5178929181083769,0.5828307127819535,0.5518083765750087,0.5614189966761944,0.49126328495711985,0.2777168052746409,0.18706759660483152,0.35136713886952475,0.4268977635836808,0.3859529889960096,0.3396682079904266,0.4921639657980373,0.6078672115475912,0.7198263360494698,0.7064358995844231,0.6235223605685947,0.6817786766655874,0.6096217286581316,0.3861364786327943,0.382955109032338,0.5172914795579528,0.5993138606213153,0.5228601577635382,0.20606953324037544,-0.02084973134695033,-0.1429379665498494,-0.01671090416618942,0.3264536749151675,0.5397670964616298,0.48111563554184095,0.3791223044415961
0.1029591679018425,0.031179088506105204,0.24077736797261182,0.4578920442951398,0.38526844102508806,0.2597242139027171,0.433553989497178,0.5908799322381896,0.46049213363159003,0.18715626562580664,0.1472277727580159,0.18716897730863344,0.12801373227486182,0.20642905994151628,0.5701427303385269,0.8093774922835055,0.7903529823781793,0.5590236006957715,0.30949859734993984,0.32510705120338496,0.5871760930043365,0.6943377043261215,0.6139903134610228,0.5023490455806875,0.4462870955053839,0.388202975544672,0.38559314635869607,0.4247831058811408,0.5504904935850548,0.6052059677304296,0.49073546931959344,0.418438569488436,0.37015520012474096,0.30716451831340413,0.3285802239005271,0.4775420718589434,0.6475603646436149,0.6586645171278068,0.5744674910887787,0.5791818677026649,0.6394555543057282,0.5891593265918725,0.5471492835134385,0.54492624185338,0.40605785125063143,0.3551281750292471,0.4360378157094611,0.4582910314478623,0.6120089370032463,0.6490677723078173,0.6152975300084266,0.5812346467116197,0.4855526123701545,0.4645458500862007,0.49973214049475434,0.6702290127860646,0.6659475729511611,0.364008878170516,0.03621119390422146,0.019372571516415728,0.2740190382458455,0.5001224370965462,0.6577076298845143,0.7717940266540108,0.6932640724334883,0.3647564181334957,0.043741833203997785,-0.027690993311045384,0.14881879635098197,0.3218691746550506,0.44256731262836446,0.5069682085704357,0.4926707127804977,0.5629074615491714,0.7331496655347499,0.8889656173730226,0.9667002874476424,0.9463970757441682,0.8013970186354088,0.5938488152671053,0.5358807427570604,0.5043950794687668,0.4401677973425342,0.2979886158027611,0.08712692974533259,-0.0013084744695113727,0.04006697934086518,0.31563475324339,0.4345512161488275,0.37409817771795933,0.3249001144169878,0.19263392788096942,0.12874579695646773,0.08274376226324559,0.3030088490043152,0.4188837617257614,0.4289153121768224,0.5175589970827109,0.6400276610883604,0.675855770870911,0.6514661884695659,0.5089942940117536,0.3591930826836398,0.42449877255542656,0.5857825356051842,0.5927100643306287,0.46918161640937717,0.510579054498122,0.67498852989251,0.7928263043499473,0.8583139887344386,0.8451174681155655,0.7993343670603655,0.8134914620426476,0.7547536982987713,0.5816922417877464,0.475151479452555,0.5154001723715226,0.6278828902038087,0.5837461712232369,0.356075366314276,0.29555687247894435,0.31301207871387954,0.44220176871068134,0.6442336791995998,0.7313268941210969,0.6183382672237151,0.37998778794864035
0.003760959515565172,-0.06028709067958248,0.14314217326479184,0.3169993351498743,0.1544512615827561,0.08339286396010998,0.28509248985000346,0.5399073933587449,0.5479571391082534,0.4855140814755998,0.4698466165162633,0.37713202482697605,0.14646249803694195,0.08299920103540992,0.42218281066209895,0.6543955541209756,0.5966145667667576,0.39372518663306594,0.3036984352157482,0.4490959558893588,0.613803773377107,0.5814067420977788,0.4542514999619565,0.4195199982416433,0.35754148645118616,0.3000559563403677,0.20819440714230597,0.2860139463297234,0.3778444226383574,0.5176051306148767,0.5760361118435601,0.6105159636800964,0.5046151342474028,0.2542133971046144,0.18810074913078131,0.2885967129703571,0.5809515928056976,0.681873285280698,0.5876652510993192,0.5067497406042084,0.49304445167752503,0.3970466181429166,0.4744349432674359,0.49384319452330616,0.304312929111364,0.22756539626903718,0.2871430113182352,0.3301344401293061,0.5390936755670058,0.6371547550054804,0.6876067084822656,0.6728773907717015,0.5201802243213925,0.35953697511370464,0.39289108245415233,0.6194014912942509,0.6696982726423221,0.4025231226911113,0.05448346710240108,0.07296498522569686,0.20524763139106583,0.3774549558071092,0.533298676228278,0.7180237233609003,0.726195834246899,0.5745486770667242,0.39543019664386153,0.29090609923154914,0.289777828662172,0.34494244032677196,0.43897383414753854,0.5699019271982277,0.5977688859370118,0.7234879210176528,0.8571071512660702,0.9449075438781847,0.9801952276769036,0.9271751169566578,0.7507179845284621,0.5586622620349732,0.6099526515739657,0.7106336821048205,0.7326851603360341,0.6325202927534089,0.4439438929498047,0.2827500125752102,0.25682096048826836,0.4018537934648524,0.3069392174684821,0.08063867418707531,0.059421331110516694,0.08753196842835362,0.16146322780085456,0.09343095763606399,0.20293352798165867,0.3099513538757708,0.4359008056820598,0.5435227824378549,0.6787868424385654,0.7520123634266945,0.717151712808388,0.5774666198989539,0.5545328493635381,0.6473858151605184,0.7546317896871184,0.7214814462673956,0.6027475916331164,0.6653029166610395,0.792419437834381,0.8664592199470394,0.90920214328889,0.9143961339463313,0.895329158723272,0.87987552514339,0.8170133734511953,0.6237358379155284,0.3856837173559994,0.3531250144520167,0.5784420678501715,0.6711912420359508,0.6109090467189052,0.628362920071561,0.6736060791875134,0.747216679803578,0.8078901612559234,0.7983342499548777,0.6616349219591027,0.34684711665511425
0.22623443529226553,0.2062629297140586,0.3474206989926228,0.38448447956359927,0.11468431885315519,0.003301083072080892,0.28021326153210807,0.5250653610970083,0.5533168772355913,0.6365511674309885,0.6385295811191852,0.4551134706657043,0.1778691590347497,0.09722493425458564,0.3432269422248699,0.5439730588461319,0.5227334540647365,0.5079240725832769,0.5524292199095241,0.6620401680970299,0.6737828512691802,0.4963641295831386,0.3694277794515563,0.3924366150411943,0.44968237659698007,0.43796324931469227,0.3347307398371403,0.3747547807188658,0.3492698249450831,0.38271005353871346,0.5091887653578488,0.6296419730076638,0.5162433476317032,0.20173020424097438,0.08940533436883856,0.22483067501146697,0.5541423711207758,0.6813337313670962,0.5990758171634963,0.5534981343149837,0.49222566671597284,0.41784917648439557,0.5421371662370787,0.5203249919988223,0.23089388861778867,0.013061787359409468,0.06790305208350146,0.228791428606902,0.45833219821656535,0.5285734824378523,0.6115114701949174,0.6451529490500068,0.49983595531512737,0.3168785290805528,0.285215213160084,0.5691100317783063,0.7128755285176058,0.5739208259543894,0.3249224929641808,0.34218273330241,0.36318794363352386,0.4114773969522568,0.5753332650455787,0.7153918937678759,0.7326488040558204,0.7140273466270134,0.6145744372503021,0.41968437484334753,0.24809524395985566,0.2667216197278269,0.4795109490829618,0.6728953271621199,0.7467523236236613,0.8185321743001066,0.8829530367335796,0.9176085308220998,0.9339570225293162,0.8384627035820429,0.5958111360752609,0.41200956840727326,0.46637596820111454,0.6572901968209292,0.7625445290430557,0.7146636762971851,0.6089757232929067,0.47599004455492117,0.4630458768725978,0.37596610635882877,0.003358710144092926,-0.2984370739586425,-0.20045979142474948,0.1379023023182917,0.3284619252970326,0.2446780088295406,0.2211975467550095,0.35494432263766496,0.48300426973640026,0.5069190671687777,0.6054251668510423,0.7160592188593278,0.7645782401133155,0.7290107245615681,0.7097480245010573,0.7282768947867482,0.7910264046626931,0.7330481889790594,0.5881849332102815,0.656123985936579,0.7538000322985676,0.7779095686863648,0.8152210529628335,0.8409376765835693,0.8363220309286362,0.7997608684288667,0.7515935244937006,0.5954733149273216,0.4359920688256937,0.39583577046795804,0.5960860581876769,0.6660164876843582,0.6225859584078315,0.6630456475099127,0.6875702525693199,0.7034049411489793,0.6639271992414322,0.6466734412402795,0.6547613362167042,0.5044669562032192
0.29759802358228415,0.2847721592545402,0.4195202867388045,0.46894918938620933,0.24280021691010273,0.09954629372823269,0.37504676024955114,0.5638809791606981,0.569179087671609,0.6750035689573306,0.690526214344172,0.5372226522121493,0.41657958985586513,0.36279151813965715,0.4222170334360983,0.574689436483911,0.6436840528139505,0.7115110732343973,0.7870805509022609,0.8412631075717281,0.7742568600973436,0.5441180646803616,0.34149404343611,0.3636277214437108,0.5278619277629064,0.6298788172377746,0.609223851917092,0.5292652413474299,0.27261382865582606,0.10694644637817154,0.25217421866083023,0.46933605106627285,0.44431039108441067,0.2843345032874247,0.2636737947443986,0.4010814424985287,0.6329685096762371,0.7604780543726058,0.7258597597375986,0.628010241671857,0.5229448604936904,0.537503627095405,0.6185074836106212,0.5069671370904758,0.10728647620118778,-0.17819506008115177,-0.19026903105241535,0.09175525324446236,0.44297002454803214,0.5569694370815923,0.5614230834257311,0.5644351385154764,0.3780232543900791,0.24037374092696218,0.2502492741651363,0.5508325579467908,0.7617467130116014,0.7526718349901349,0.6250166547961763,0.5726642729690589,0.5082097383100795,0.5646846941431471,0.6876355338426605,0.737208257316692,0.7020180048370077,0.7468622406771691,0.6774795040572889,0.4299666259124952,0.2391084947710839,0.2469880458046923,0.47976048522656983,0.6832059606268382,0.7639023094732063,0.7544324473653587,0.7389459377812052,0.7303356133432933,0.7770233190972797,0.6529735630616862,0.2991824273298437,0.06801728358416993,0.07099156535838977,0.363744959746912,0.6027180627110748,0.6499447955128581,0.702031511959451,0.6874389465694799,0.6262851484488485,0.37352540297835674,-0.07932329807168055,-0.35149518385324674,-0.1455950691662613,0.30891168666132895,0.5015022877943459,0.3712176287461702,0.29987956801759913,0.40156534215113754,0.5501743401520847,0.553313467878365,0.5018493415561045,0.5529524783241239,0.6788896848435101,0.7442812053302243,0.7171442055760602,0.6794336612709245,0.7575205965356685,0.7125512732716585,0.5568682107669684,0.5578819417528994,0.6157725519551711,0.5643580921524508,0.573147146792718,0.6075440650129569,0.6333634879115314,0.5953615372366975,0.5788770302888112,0.4877419485335931,0.5244121847433612,0.5856589347995289,0.6444744788832275,0.530861624761962,0.3819586869749894,0.44059908499524447,0.44005251239260046,0.4021320985700071,0.2809124090554679,0.3015993787909943,0.5162937546353387,0.5297714629387311
0.3322389346558236,0.21526659806657877,0.31300872084975434,0.3984572971932882,0.2615144737758274,0.22036612001862896,0.47012922834600196,0.5438674441532173,0.4485807580532033,0.6166537086862507,0.7417014899653387,0.733400054159064,0.7102059625349523,0.6608758957762957,0.596400278371117,0.6065819254190723,0.6749228451332207,0.7691308125104788,0.867820020110435,0.9086989312495003,0.822872356555101,0.6141574912748733,0.4714833398900455,0.47000560830999355,0.5599266487614132,0.720429421408102,0.7909345340557734,0.7030407786152807,0.38347854801767356,0.05319363892888164,0.13574895634838818,0.28159463350122166,0.28089118808640146,0.22068763744599937,0.23784603536949975,0.34249399384874485,0.5268661297207275,0.7164115766113287,0.7155388079945061,0.5302127470085762,0.37119502872085053,0.48657603042616016,0.5790658453136186,0.5181877429633382,0.1965296570670251,-0.04866329224669449,-0.11267007327713319,0.23535642733317005,0.5915240637067525,0.7122983677851282,0.6802215813482768,0.6002383610871164,0.3884135171231109,0.2506954887368883,0.30862788049180306,0.5330070051893188,0.7516781668470645,0.7922440897619037,0.6852699328359203,0.5716586106471713,0.4531136272641653,0.6045675841151624,0.7656638393852042,0.8209080153149363,0.8112736491552244,0.835188378956674,0.7577335651794992,0.493133806972226,0.1810251095131544,0.06809783702287875,0.258798351386176,0.46942644857514165,0.5960299753774606,0.5256472005372786,0.43779639037119567,0.40784720613657244,0.5834929692255335,0.5456548104912518,0.21516867559846664,-0.03743502338884952,-0.1635770064761924,0.11520693020421478,0.4901075867294226,0.6933470412158662,0.8142060436517621,0.8351766311805452,0.7411040615292864,0.47865545312436547,0.19657958251007732,0.02777273974141975,0.26126963778964335,0.6026732151970251,0.7169835672086206,0.5670521688775592,0.3719921237855162,0.3892135229377716,0.5762244632062425,0.6012133654040203,0.45378287397159056,0.30033314708209496,0.4393025527498636,0.6120666568032008,0.6423582221740669,0.6702145910250275,0.7467031848558205,0.6871231192052571,0.49640148260905653,0.46859392860195953,0.5516190887046214,0.4840045983607523,0.3769875980562352,0.37027634134528026,0.44934318981352134,0.48818147411916896,0.44242111319881877,0.3973960215762219,0.5392089735591689,0.6772745978797512,0.663135867451815,0.4364383570325866,0.26449716053493993,0.32185747903832446,0.3543087567946233,0.24981737073127214,0.12837657120443705,0.13656081815003615,0.3694497523632342,0.44476639438159743
0.4215075454423203,0.3325830617950179,0.3668677077993606,0.31776149938056947,0.20778284234434655,0.35856425139272,0.5765201036540124,0.5504985798328217,0.38735524000597077,0.5811257713476342,0.7808554701300733,0.8598174879149669,0.864119424470726,0.7743738687187073,0.5919905968310053,0.47042825219788154,0.5077629935094098,0.634011784160577,0.8060957449714439,0.8816055815171316,0.7957636469588705,0.5799669861160006,0.4762112774780725,0.45085501199556083,0.44486510645047056,0.671801201470794,0.8204301771928683,0.7664082010449886,0.4728191535353028,0.07755243799143197,0.06645474850945424,0.17755937026405544,0.31082337394657894,0.2682880187744324,0.10663445881980396,0.09141040815541958,0.24820286027157432,0.5618327784035745,0.627777871897835,0.4127532732124525,0.2729585331159301,0.4090487723287112,0.49316454010521527,0.5522377955288958,0.38161920091625007,0.16077394115101706,0.10351171300943245,0.4394042531653126,0.7295571827120378,0.7979919287246974,0.7183998478849953,0.624647485551791,0.44559318179586005,0.35337153524722,0.31952137357571414,0.44856930093271596,0.6859049627933254,0.7469271701897455,0.6202141747948715,0.5180891892191352,0.4423778819476651,0.6437731298974841,0.823316089875189,0.8945382156542819,0.9066494635767391,0.9047718278017202,0.8074312036826287,0.549776433947431,0.23762933045727605,-0.005400479560151677,0.0209972526069425,0.19565941365581035,0.45566827633294427,0.46043448644690366,0.3064272245608813,0.2809760068071869,0.5045033690281947,0.5054286143095065,0.21501721461788412,-0.0699871618168898,-0.23538723221087005,0.051120059007301676,0.43350126755125795,0.7211321721125705,0.8821311376693618,0.9274197086029157,0.8727124063715904,0.7328834850453757,0.5860186062354829,0.49089899272398146,0.6127048956093514,0.8041100564589679,0.8744040393569326,0.7765698403101007,0.5965882872035227,0.5188616264884661,0.6097876455771483,0.5824931654671388,0.3898239018817987,0.10920061843682848,0.1836746173952066,0.4190157422447466,0.4841269190403183,0.5915464071909005,0.7360392394757266,0.7560285813904645,0.6740461669395053,0.651257416365149,0.6533280534605931,0.5460443836984382,0.4484670408677348,0.4067836242433201,0.38544212117578436,0.4093493011983249,0.2645117557066892,0.17793939176613904,0.3983889976512963,0.6592887125835766,0.7376667781007489,0.6178386685421497,0.4730982280592235,0.4193059779109362,0.4541324254006752,0.37245405131072146,0.19923014011692772,0.1538865387376689,0.262305866625758,0.34898256879112116
0.6238918709637724,0.5822233513641046,0.5077283877102964,0.33599314451093293,0.27057283262832427,0.48263895077654345,0.6704867828134213,0.6285189167654203,0.4712713564109821,0.6122862445127847,0.7855682503117174,0.8565385702553272,0.8477358925805343,0.7370244900876839,0.5135255814320795,0.40761332999715594,0.36630436582452564,0.4829342875440515,0.7299863332027394,0.8622061675017396,0.8256528527854953,0.6578516522840849,0.5036087857712426,0.45697687937312115,0.3912377779960079,0.5753642515753447,0.7096078959368307,0.6824686137430175,0.4973369017551741,0.1711224034061848,0.09251027962545075,0.21492907671059602,0.41214701118240815,0.39777681241253854,0.2046460208673639,0.14494739104042134,0.22582955127630622,0.54199635156691,0.6581561751681434,0.5124452837279776,0.3906608114301873,0.4679251240804789,0.5198481355723867,0.5699904876038961,0.4351411516122651,0.2598590380997481,0.298080270505312,0.5915438134148855,0.7997739411152076,0.8091431225468997,0.7020897548234101,0.6892676681209307,0.6101849439795002,0.4756804503133867,0.3308767392385929,0.4893665750739037,0.7206006933999899,0.7938006657147749,0.6898679084211594,0.5645895288078497,0.5489608226453974,0.7221590985424967,0.8723898769325458,0.9371025346757105,0.9506167835639631,0.9258947056376674,0.8003069702369818,0.5283222835985234,0.2865063158935386,0.11043284984881581,0.11153827742019082,0.23540810483109884,0.510999236191697,0.5751636155555174,0.46015225416792793,0.3764140058268961,0.4667005894340599,0.35901103627523945,0.03905600373065504,-0.21100937577534762,-0.3359280454845246,-0.06052470227724776,0.3072410008081365,0.6556128829138752,0.8633935607156317,0.9359531757005822,0.9142118895317338,0.8422491689342357,0.7149362480774136,0.5899257866540826,0.629707367366242,0.7828473351783124,0.8890324916616015,0.8658344676658557,0.7130026846242508,0.5511952335193918,0.5790615532845513,0.5143961524630891,0.37467909931033744,0.1253636672635735,0.14678148013401665,0.3478119281753028,0.44239391786560456,0.5362226628520824,0.7214781999963236,0.802516483907462,0.8152889511485725,0.8049962187639378,0.7276024196010528,0.5515743922667696,0.48921684894550765,0.49769379144215764,0.48362090323782503,0.5090397874127067,0.3739672303262298,0.21217307129959817,0.3407972953730191,0.6232441265115353,0.7855871986576212,0.7932013000125644,0.7254965083569538,0.6402606543516278,0.6024218983049114,0.5673576799187219,0.4280137543453363,0.28333175905877783,0.3176479396524514,0.487790572543024
0.7427312130954065,0.6918951003220181,0.6357068281417184,0.5476530512608463,0.5054491998423306,0.6027299809083666,0.7468944982058878,0.7510529029185492,0.6433065699417923,0.6275060295632613,0.6751642257395915,0.6781291360184092,0.6789197311919685,0.6513041853349576,0.5397307829510934,0.5291884208274318,0.5342021158460455,0.6082157375230339,0.7756748731211572,0.8864490202226574,0.8914908299293237,0.7948288225081507,0.6548926491524464,0.5360457195928153,0.36879408920133094,0.39414441708885584,0.47066397898561757,0.5007206207133927,0.5040777237651581,0.3730580570008693,0.27388865398324863,0.2577683189147632,0.44895503436784584,0.4882495755206758,0.3990493102899826,0.30523434146482326,0.33976441659410794,0.5640983194773983,0.6550201567519581,0.5306587439038678,0.42987022862396906,0.5063141199233754,0.5248483760864793,0.5681309253342909,0.4643092767192739,0.4070359281735369,0.448881566082454,0.694870067399669,0.8564130885644899,0.8713885416166416,0.8188069143873046,0.8205711497867272,0.7717564427639126,0.6263962193445072,0.4715613739487643,0.6208276128858565,0.8002589951127845,0.835175922582961,0.6997290455003141,0.5058757894785099,0.5088395615160596,0.7099097558302887,0.8748164126456461,0.9478889063646853,0.966049072973204,0.9447795951695732,0.8407304679234124,0.6118652482339749,0.34654818153260525,0.20509259150421788,0.25402352450497206,0.40664158116283333,0.5957060594833956,0.6157903204698966,0.502769017714555,0.324393857256638,0.34911401657092833,0.2434879588991085,0.06372416267090235,-0.08061781194038779,-0.25006418005816616,-0.06822196989772199,0.2778453089869709,0.5364969367878147,0.7369628828886495,0.8296031527826915,0.8133130062862107,0.7549823439152062,0.5764650217338559,0.3856034520645552,0.3969588305883701,0.57586146404385,0.7605427864834937,0.8261426430981802,0.7254528202360091,0.5846835666839144,0.5972500671825228,0.572008701506419,0.44872498470152816,0.22881622364502782,0.0667463343568776,0.20178115492326498,0.3744498870308531,0.5589308032894172,0.7124641431646577,0.7746551897269095,0.8442103542077107,0.8531197625858153,0.749022993334864,0.5760607512885518,0.48403953046807435,0.5361459448111163,0.5513328706639335,0.6517942323047313,0.6329394683739242,0.5408868095312334,0.5492914266819978,0.6406676485251079,0.7472054440673219,0.8060922297244728,0.7971115614448574,0.7079907547625923,0.6388120359888849,0.696402728947494,0.6771536714757785,0.59783941897502,0.5807419225220918,0.6653798184749024
0.6851417791913063,0.6112347177227903,0.6096184977543114,0.6293137377601673,0.6017731643397626,0.6159712624260908,0.7661479510327543,0.8123728545311373,0.690757895539847,0.4903395089275343,0.4181949025145214,0.3908900285326855,0.4540701927020264,0.5509825583533228,0.531925279632169,0.601523797289135,0.6369944466965171,0.6516295417743447,0.7453549455905428,0.8387516906052754,0.8805389744705909,0.8076358537964509,0.6325606924067532,0.4525765293616744,0.1860414054282755,0.16011639740103695,0.2822852436027072,0.430091721345637,0.4730787574975842,0.4433797344287636,0.413671765312604,0.3673473153807186,0.4955341636292334,0.5109525618110295,0.48555471624113167,0.3505113327660353,0.3280959198096539,0.4910903149685208,0.59916380857122,0.5436728672775373,0.5776604905026289,0.6749717123297198,0.6943769231374394,0.6807569541527932,0.6288217929944442,0.6399388654330123,0.6924040738411608,0.8262684917651775,0.9184853285655796,0.9344905359105476,0.9154054467159476,0.9160902583761952,0.876696996758642,0.7721537789643087,0.6967595619790675,0.7651206019046417,0.8202799430553893,0.7674846848726429,0.5913098774593778,0.3950949432849347,0.3553139008108369,0.6293344785794924,0.848613181012259,0.9428597627903254,0.9669032606109509,0.9610478094472625,0.9044746742085534,0.7741856764896203,0.5990675873996687,0.4573983726668536,0.3823250273176133,0.45170778245929244,0.5512372063025339,0.5427354900233524,0.48180069215340493,0.29806208329980555,0.33821846575011116,0.4086894912990395,0.40366159937111146,0.2989845912494375,0.08907052631708574,0.1378450197801492,0.2873856369999327,0.31938600587725874,0.4851719940584803,0.6332123001597554,0.6422694871027823,0.6240711494739997,0.4504044683480787,0.3288631101049227,0.3260760084797756,0.3559985671800258,0.5083330767195787,0.6318920667208339,0.5691944535838915,0.46148957625394627,0.5165322105579487,0.5670740130758093,0.4691822593713826,0.2856780246547367,0.012625695515317592,0.043653782817067076,0.227126747875289,0.47897262268412727,0.616535987987473,0.6640231742227783,0.7714270572705227,0.7461946060631168,0.5944165297261906,0.4919750464672936,0.5228980252284914,0.645825937844245,0.7236407980306687,0.8158139409445545,0.8332749964022137,0.7776496144517824,0.6897033223563556,0.5589959729166422,0.5313916914862516,0.6056613124911444,0.6853503931471367,0.6729134156655368,0.7042574281037239,0.7867555588200583,0.7909528369598814,0.7253064603351851,0.6275210981141414,0.6209389585440465
0.6008037382910205,0.5951722772893775,0.569927564774471,0.622678803676618,0.6217447888350486,0.6864903720436223,0.8179033555786224,0.8408866272588444,0.6610834298532745,0.3663783324603715,0.25654007530597656,0.38203086210379855,0.5493124560582502,0.660833870727076,0.6479924534878676,0.6187288662201471,0.5834792387514504,0.5088613804046617,0.5506867365453944,0.6577134225478923,0.7599181290616938,0.6918393537468052,0.47566654611898196,0.38657914332587,0.24877315170013076,0.32911779985443207,0.461868152049795,0.5235923546882635,0.4533332566212821,0.45006072121989005,0.5553115278611154,0.6113907188917443,0.6968543064434044,0.7170805746370694,0.6975061681119546,0.5743638540202437,0.46814142685294763,0.49508252175874984,0.6395074841044623,0.6815725806723979,0.7281927907170497,0.7760488722363151,0.7143285241587032,0.5998507869300188,0.5938593944057736,0.6949103506069327,0.7703386558714499,0.8481720944774496,0.9144197505569859,0.9347464293195071,0.9218844899587445,0.9163009902325987,0.8709241377017648,0.7847858614454404,0.7597748094785861,0.737117017430419,0.6372346151399778,0.46532588502336963,0.2538380830776725,0.15207370728792802,0.23724054736571326,0.5953970941693515,0.8443758691823002,0.9316542845461366,0.9366859631614024,0.9297797391136473,0.8871628673789623,0.8167711137609411,0.740170003211075,0.6685443477165928,0.5567141407475031,0.4468352033054154,0.46786401068779515,0.5471858976607826,0.5342261549787108,0.3782923672182131,0.3949233501141527,0.5869730742513835,0.6993314995081412,0.6630997635931698,0.49687059940708544,0.3909940140785919,0.3702974068535472,0.22140013740378725,0.2790547590766317,0.5055330077274806,0.6332467128883918,0.6507605012222424,0.5345641337345461,0.3891966779102002,0.31769630081480954,0.18676077943766206,0.19669102577570452,0.3724852745772211,0.39066786743105353,0.3981932513060253,0.45860262307772953,0.5865669137348765,0.585822992818829,0.44424981594737833,0.21559601539476692,0.21757321222874113,0.27301967305163344,0.3924189115309977,0.5110980528652314,0.6321441200153802,0.6834759275584551,0.5172691902360701,0.26674742409466107,0.2418413795640177,0.4263328287942113,0.6609344554465718,0.7921769731604765,0.8700518336670965,0.8743713123288985,0.8374950092463067,0.7433463325492511,0.5038382366313329,0.2570980935917642,0.3220191491335975,0.515448920258474,0.5887346917742855,0.711593862321148,0.7662320499196654,0.7086094345874775,0.6389491205543867,0.48996521635205986,0.4558847408773534
0.5779368825955751,0.6404602110857686,0.6487423022733149,0.632088325303678,0.6013452302486175,0.7262712859093287,0.8432899718331492,0.7957182962567826,0.5077449004253644,0.16800738537807403,0.17832644100609799,0.43222054337530175,0.6602817800742985,0.7471483098397766,0.6967834850527516,0.5563727256891942,0.48846554202716386,0.4349980516329829,0.3953226941846077,0.4886795089425618,0.6631390608261081,0.6514217912715087,0.4957557778855569,0.5255380270617193,0.5520820270940755,0.6502591685593265,0.7351198146861343,0.7452793137237917,0.6818217174230435,0.6786078895967443,0.7594044068834086,0.8206010311144293,0.8701999948491652,0.884217044579862,0.8408606554684356,0.6836339189646345,0.5217357139593822,0.550391389285775,0.6827615191054436,0.6984962118961463,0.6535093881424591,0.6140546788220607,0.43033262424190083,0.22436889125625856,0.3072475578221475,0.5151894599220482,0.6084365955096752,0.6820394568051192,0.7765041592125983,0.8162183517618596,0.7916152101944587,0.7921241732793489,0.7673766143568452,0.6865448453222559,0.6783938712478315,0.5574536588010861,0.31561313287503506,0.04310541212917262,-0.12477539232135738,-0.13555045805896224,0.18208057345495188,0.6089493600731906,0.8489537756596098,0.891070353399742,0.8352365186559111,0.7914063493114317,0.6964655978296349,0.6337258408723915,0.655434212748412,0.7244770124227892,0.6675949169129259,0.45816634771528375,0.32306738145744635,0.4937251405389051,0.5729601337664838,0.49437146449389263,0.5807669664942904,0.7579041300968099,0.8716977726424928,0.8816727183805674,0.800591824359141,0.7022099506986851,0.5733715199180476,0.3155743785571888,0.22932010632612249,0.40046459539794654,0.5856952157566073,0.6348166136881347,0.5923613210359691,0.44977634935982436,0.24281124858637732,-0.00011087776719847085,0.013712892291572677,0.22575109998823156,0.33456782211834635,0.37055702418818165,0.45049090986462775,0.5265170273231814,0.5714625636927986,0.5350185756396029,0.48313807058127883,0.448179839184861,0.3240932713072771,0.28690205627559523,0.38197525992880266,0.5911603680074962,0.624809975011384,0.4024823535358875,0.19371369745655176,0.2064827562641699,0.336377460133596,0.5845565033753263,0.710462257073591,0.7670903528630605,0.7297348713609062,0.7155577091548725,0.6916652059647449,0.4827711444130808,0.21806405507005167,0.3539434096668741,0.5809516452274018,0.6869214942848753,0.7332330704821235,0.6760049822285533,0.5374739263831584,0.5789264910959939,0.5544144945418126,0.523615142715662
0.5047002642980217,0.6255734671922735,0.676425743523408,0.6511477988829777,0.6798117909719943,0.7943600432255833,0.862118469148886,0.7449526293146671,0.38041992425396803,0.06584904475872748,0.10528162649444892,0.3857387186469632,0.6359817410568076,0.7200820323086188,0.7162980330483657,0.5956077996289687,0.480970783423269,0.5208464177338896,0.5446797660070106,0.6070696495239514,0.7336831567850058,0.74789899552291,0.6731514670777288,0.7236727257718546,0.7927327852438766,0.8622985344266495,0.9002469103542553,0.8982870697697933,0.8657559764623936,0.858806186433342,0.8966249830971764,0.9308995393959341,0.950234588548321,0.9388346382892206,0.8274199370090429,0.5551514474762684,0.30636692106309354,0.39066386091067146,0.5465230875286772,0.48200670471348306,0.30854974289114506,0.23169874079968156,0.045109801857730364,-0.05848789735344047,0.14939359421032922,0.32513113067356103,0.36590934464642966,0.4239953384571375,0.5390214546273392,0.591648334970582,0.5381832167070731,0.5726653001099044,0.6718904531460791,0.6991974297110607,0.6759260414087325,0.5048091738162324,0.2716137154854855,-0.10703641639124044,-0.36337712811145184,-0.34301944720809385,0.06727528576507724,0.5650401669347571,0.8210352278392825,0.8285726630916378,0.6852169640468235,0.575356717014892,0.3949104660294581,0.34429192160092265,0.4766827802322192,0.689079938245993,0.6700416727849047,0.3791707808544603,0.17215626699392247,0.43804424876258424,0.6564534905955312,0.7083250594729688,0.7661253862339816,0.8285908487400779,0.8830297350414474,0.9135252281828566,0.8889844677598577,0.8369169757408081,0.6653625572709008,0.2999407260146147,0.08612041725745376,0.21064036904423247,0.4252614561642784,0.46053203607319126,0.4289753815570576,0.29225493268813796,0.108125036567845,-0.03189266293309049,0.034367278852753515,0.11477433895718969,0.15209263454656413,0.11201166531332056,0.19425445642624167,0.20660250873521563,0.3311478016021984,0.45718183946588004,0.6242663389289532,0.6686627174687907,0.5577157039826426,0.4725838914650331,0.4889297899282973,0.6439524022694582,0.673405468495107,0.5445348365738617,0.39500988108430984,0.30105420022918894,0.3247586548910845,0.5038436811182175,0.5776650917910624,0.6205261932231536,0.5352524970158478,0.5309962790420721,0.5828713406168533,0.47709033980124455,0.33790999911911834,0.5098040232260755,0.684717103868812,0.7431183549673614,0.702185554295306,0.623731358496279,0.5109123452437234,0.5918429959736338,0.5902660851843472,0.5216525415990048
0.5165425250309068,0.5998273813084811,0.6452020039550521,0.6235871914438896,0.7174812998577972,0.8215760001105489,0.8797545293972875,0.782870599717721,0.4929926309015509,0.24866286583778,0.25045496695046365,0.36399044993099655,0.5667648850942594,0.6457516555721893,0.7272326649075082,0.6776898318071507,0.5852460717858654,0.6404037541055316,0.6601490461465351,0.6536026056835316,0.7472908447990142,0.7545205897531237,0.6873258000118104,0.7736030085803751,0.8767861886263019,0.9274396370490078,0.9325011027452852,0.9376179576041408,0.9221270250428961,0.8994522004260691,0.9177789781313235,0.9366650763396503,0.9342536896187471,0.9090771824332946,0.7570312634265831,0.4065747702796861,0.130710039373617,0.1961335326170811,0.3799962897373015,0.2774442602150906,0.08752814252772351,0.011116701200643559,-0.05736663883651886,-0.06663851985230759,0.16315139226840641,0.31801047267481175,0.42732098028294996,0.45768449822884866,0.43669016458044413,0.44120590215511013,0.3969495655329538,0.3817021084062729,0.5835625894335446,0.7122381340357186,0.7449429064228091,0.6388271546996005,0.4426019053563206,0.07810873173410633,-0.22533070411467643,-0.2766178878613549,0.010266490135950315,0.5205461393004186,0.8100795112657961,0.8288188153325332,0.6588809615523297,0.472323169477132,0.3283785273273953,0.37358196533546384,0.5715128041409712,0.7458343545657187,0.6487955057399564,0.24301230799506132,0.038711142063208456,0.39331003034425743,0.7133882699308567,0.8130668806770139,0.7615023496500658,0.6506223773471284,0.6374731262775806,0.7060195326222427,0.7351991172861413,0.8012626746770761,0.7269116513009327,0.4487256589897691,0.21571198852950027,0.2715448375140689,0.3751560046231734,0.35946871929940966,0.21132402004594875,0.07373830123941967,0.0787626499618608,0.041143449103116465,0.0772145000287057,0.07443033246088855,-0.016654063949487805,-0.1343208398642022,-0.09115450161163219,-0.04122420915121676,0.19274615682619187,0.5113293690425676,0.7407612838094763,0.7697367042424323,0.6331934506927717,0.5437939462806849,0.4694048170479805,0.535654742437169,0.5261927554581102,0.4797184096439361,0.3817767253760164,0.19606342751939362,0.1861618264687757,0.4634125933392527,0.6413196801520394,0.7091744266316317,0.6575019661929785,0.5968263436750878,0.5230350175893204,0.44634739473786633,0.4761679648313375,0.6157178684255957,0.683582455670107,0.7015918980129671,0.6448076047765883,0.664088836724449,0.6353869697405355,0.6086383339444114,0.5119300282700142,0.4338367621058193
0.5040406237599213,0.5346303677477213,0.6294036440273071,0.6816952589010674,0.7450520538549796,0.7862706974573629,0.8401519540173742,0.7513270375509913,0.4988543886956047,0.33660373450760367,0.3707726428110592,0.41919538121260635,0.6029762454686759,0.726285874964123,0.7984190861899625,0.7240772226561583,0.5762068909671643,0.6143496332200614,0.6042362603877593,0.5292739416613572,0.6394555042289172,0.610026591319288,0.4837306015226629,0.6659478783211229,0.8390998871141276,0.8763187212157847,0.8453017842305529,0.8700052175249005,0.8446315424561618,0.7667498139796596,0.7852555102370162,0.819832505834215,0.8209901574309896,0.8485452061767415,0.7775790200379505,0.5251834137055016,0.2629670901799464,0.277508994437186,0.44084364757463496,0.3869852777200798,0.23025702564428302,0.14864235752650196,0.06483208173977528,0.09091589635895828,0.28960786200650784,0.486730802949974,0.5917332381557555,0.5959910211855738,0.5154425649100668,0.4155684927951383,0.4053716253478278,0.38319259132382033,0.545590952645908,0.6322453952980519,0.6753865154367957,0.5864087813586035,0.4665485616135814,0.2579282420205106,0.1729003537201945,0.15285910135603917,0.26551061224237305,0.624579819577545,0.836926309001405,0.7891357288055175,0.5357752224236726,0.28354686001307056,0.16828964388570913,0.3124058988542369,0.6006593662560218,0.7561662905227327,0.622765089815983,0.20200696957253675,0.01786611771973561,0.4032718320683142,0.7354171945557989,0.7775736847282595,0.5420214810141081,0.2212911744084353,0.14865452911867494,0.2781862461120555,0.3652575632674617,0.6205013805776551,0.6977870084841553,0.5572120669402729,0.41814530804563144,0.35942115943104536,0.33145445089585795,0.3008243340520229,0.16026410400347751,-0.011320218846796749,0.01304069836413233,-0.05773681433742163,-0.018987453568680982,0.05348263914590037,0.04162832265383621,-0.12485503463821461,-0.17756764742961348,-0.004870915413002836,0.3420054570116917,0.6540376394843187,0.7852591853006423,0.7051164696650623,0.4744572776057127,0.42606676324987225,0.2983180551041339,0.20663414390822415,0.13487745518866903,0.18867401229017686,0.21183359887802172,0.12027071066323337,0.155937746918083,0.5020378927559883,0.7514556117572088,0.8436022104093049,0.8025003583467724,0.6610160257570589,0.4158098345268756,0.29151339191263753,0.4393485259804297,0.5801374280200813,0.5929405316552322,0.6816270494762158,0.7275740902393557,0.7696485610554437,0.6993558676540831,0.5194791608311875,0.38494086961748225,0.42549676521829777
0.41851749104249275,0.491924079702873,0.5836863953541261,0.6655591021538713,0.7111377413394853,0.7059907171623322,0.7687146264678923,0.6726106288917916,0.4375489673594339,0.3965334157789779,0.36308080578053964,0.30849760946982224,0.5458870716547695,0.7374398935935446,0.8068739142172641,0.675251061225501,0.471317576513905,0.4812953341361804,0.5356451719021624,0.5080594680732802,0.5835743774230183,0.45512442785708057,0.27700552019357805,0.5382031037805812,0.7506120165051386,0.7392020446477745,0.6574316283083372,0.7231108541811173,0.669225319817145,0.4877388473509064,0.5274555055483824,0.6303578423494948,0.6542098272745399,0.7510527759070807,0.7729321546106876,0.5965764437504473,0.3014508008600939,0.26729242010051785,0.4419242504145728,0.4257022795643318,0.3161638910242174,0.29831741171906295,0.2593039443260738,0.19854092115941677,0.3285458724771319,0.5163340960880644,0.5442103217975042,0.536152166277167,0.5118011632606546,0.47974510102557344,0.5320059578927693,0.5243127515535483,0.5353014916889985,0.45385986720414445,0.4356886924941483,0.27397361983292273,0.2751806851433514,0.3361672682920616,0.489042411352032,0.5653562850382466,0.6163843145925033,0.7872209551331604,0.85048732107282,0.6770802054231847,0.3452085106082169,0.14076817346951218,-0.013195245091433749,0.061426122478408,0.41045000346500504,0.5705382953653731,0.4761245355083751,0.1287412038639949,0.09396209877467729,0.4883793013316902,0.7672017500772567,0.7319742450464166,0.3865020257402787,0.02449050050634714,-0.07595452797656721,0.010343477430349518,0.120408926482894,0.45354803670437677,0.571469242098983,0.4851901279957067,0.4734267710653327,0.42524510822992556,0.41088385140554073,0.3120123440539245,0.1890317310852278,0.04801621560578977,0.05301061494722781,0.01997836468924166,0.12881046022280818,0.27495818319950843,0.28728995923312917,0.15288285900750026,-0.016974156163358217,0.0861133652795779,0.4096467377109767,0.6213182450036869,0.6343333551192718,0.5062333646095794,0.23743858118010774,0.19067948815346675,-0.011892953693516489,-0.11894393139407168,-0.03816871392277096,0.1345932085792734,0.12770347931028214,0.07982031659903664,0.19380500158993538,0.5586007572668638,0.8267019894139841,0.9135050358206888,0.8685022489851165,0.7492740153031349,0.5234759636321755,0.33340089741828205,0.4201615396731787,0.5496018208388955,0.5875818014301779,0.716850533234494,0.8155405703371438,0.8333876718097121,0.6712462187121538,0.3653579153218115,0.301926031152913,0.40688444722798894
0.19233952857819894,0.3536832124970674,0.4477593017277965,0.5641946259552445,0.6884729908250261,0.7552949372693479,0.8039297604291046,0.7142153949916616,0.5152728678188234,0.45608571066742404,0.28878549660899644,0.15958217467465774,0.40415528373780923,0.5871687657212551,0.6161137331740095,0.36448604949288915,0.10819670542451983,0.24735993541794668,0.5327450448868486,0.6333957022611628,0.5684000800410492,0.2797173552938867,0.1124742747648506,0.43731132819778973,0.633710686250573,0.5570086233080528,0.5108602963543569,0.6300426319115163,0.5965625464359414,0.39378689194427274,0.41614427330414394,0.5870055075194898,0.6425050197579758,0.676954671194938,0.7137834180519591,0.5802844768165442,0.31059705675878313,0.2650882898420478,0.43591693457580205,0.46335563227961074,0.47028352065105716,0.45334908150332126,0.4562853165135779,0.39251534052637604,0.4540356886249351,0.46939462774666746,0.2992827956618337,0.25761770146866614,0.3230807663489764,0.4045075760981092,0.5323888144578178,0.5316732995161026,0.5310296680102301,0.4104085729403532,0.29920968323373826,0.027749261516521757,0.04564077576591126,0.27553984416768024,0.596466943014892,0.7194541448326911,0.7262495445612079,0.809212397056016,0.7687907006900255,0.4966717980770559,0.1439956299925522,-0.10174324954832883,-0.34138001773236465,-0.28539713262638067,0.08182099765448846,0.25809988467148276,0.35458990886962094,0.2441846591284422,0.36303801757056314,0.6605395370961681,0.8421267997079308,0.7953755805475029,0.5366594243966388,0.24729449394115463,0.14474631334942528,0.0997309829223213,0.15570874712101923,0.36544477954986393,0.378431616322852,0.3536806574024657,0.4925071525617544,0.5912982284905041,0.6126929282956026,0.5123130986822482,0.3664319046477354,0.30778236571381495,0.2745211297808665,0.29840657932315645,0.3547352276885955,0.4745480392900239,0.4532640864339052,0.3909117511909758,0.20736933587203904,0.16843545440294427,0.2769575646488714,0.3241346384238073,0.26033752748403627,0.2195974053314082,0.04786935490194606,0.09778064431112563,0.0062377594386971175,0.03047398260939825,0.25074804570168246,0.399523283037613,0.3160682351833045,0.194701683307139,0.18085888941270076,0.5489159671852682,0.8241693072156328,0.8693636362585823,0.7926058874790889,0.7731959446735116,0.6860269919844009,0.5278010104261569,0.45257901206240636,0.5280161287032354,0.5685337726645754,0.7346054943417434,0.848852066138436,0.8513174250935851,0.6571549991551044,0.30513062102452476,0.20813558319833617,0.2915213704084598
0.15062372961049622,0.4099029609341671,0.5171396347614026,0.5362615863835031,0.6617339118887686,0.7693109053674714,0.8501113781097065,0.8363281384796482,0.7220843896005599,0.5870759267756348,0.31648272837354025,0.17005092693452994,0.3132605698615679,0.34672068525245203,0.30513069066418624,-0.02014680584403844,-0.1469520460373341,0.22327331514908122,0.6051342103919094,0.6702954187674939,0.41261679810922813,0.030694683733195425,0.02743095486086646,0.3993560729963104,0.5167217487727819,0.3405912580087338,0.36352540850475556,0.6107435074660197,0.6974130840426976,0.6228869050978564,0.6411079728375791,0.7224829386549915,0.6877081049916192,0.5689158170133237,0.5182429200590675,0.34167940925178203,0.08379164670124932,0.11994792597808218,0.4528378062562313,0.6423620583557971,0.7221686002395423,0.702073309413641,0.6265459711719312,0.4805552806669871,0.4804958124525959,0.4358955118750578,0.24971083870169383,0.24078976029846497,0.3128600319904231,0.45864467708705514,0.4975470028003918,0.4195662914614971,0.5380511375930114,0.5368728156491825,0.38423501988089104,0.09731314629700873,0.1424378257620891,0.37426378524916826,0.6326015903969122,0.6754924949723177,0.6051676569476825,0.66979297573664,0.5916828173071531,0.27527900451913206,0.009607141719755519,-0.26968349179469125,-0.517558749228692,-0.46949822343881276,-0.12155483557600047,0.12991927942723275,0.40596908962405504,0.47935528619879714,0.5585681083315767,0.7166117792541251,0.8138570274067345,0.7730348388750115,0.6408461018637666,0.473877587188875,0.4867060502579241,0.4486839086312182,0.3637904842832441,0.24529780649076127,0.006187166667493942,-0.021139943650527186,0.2914862474282991,0.5631130559828511,0.6452324759806459,0.6231418303377768,0.5913359325511417,0.6218529390206305,0.6274561935545313,0.6396011957002168,0.6546398452432599,0.6539826675464828,0.5535613910899768,0.48002903634242683,0.2736014528591547,0.13151222894325526,0.08776340992741209,0.07724385764081411,0.055618726808964035,0.06865556094525996,-0.0014635092698981561,0.1694246462179978,0.31977800432665476,0.47729825799918096,0.6485998756940087,0.6712575663769731,0.4762100475364166,0.2915067200320099,0.17470768336985357,0.5176427973154452,0.7580768618843324,0.7173216411390402,0.5671587462410734,0.6864505128299019,0.7586139672377572,0.664108196104697,0.5272780761617132,0.5684417337500445,0.6537445097167596,0.7613903137420387,0.8017302712875638,0.796239995595524,0.6464409687400484,0.32240323949976135,0.13586483004957095,0.1511223439733031
