-0.2793136300808583,-0.1733372846365324,-0.4398090539919799,-0.6896922150377223,-0.7203450732126848,-0.6382891275948634,-0.5889989680956298,-0.5298454571273002,-0.5589738880767775,-0.49201250215053377,-0.4935306864989413,-0.6965285399523754,-0.8597969567656815,-0.9383050477575543,-0.9405528235013718,-0.819218508890827,-0.47304174101887464,0.047345903578903364,0.08282277813740463,-0.33411387880712845,-0.5790436285846721,-0.5422894205544154,-0.36002062545561486,-0.4683000857838646,-0.653736296835878,-0.7014443181630504,-0.4648141059710156,0.015951476994419105,0.12684974777740043,-0.08693163644863593,-0.27278063864368507,-0.18375132143673556,-0.2597292749995139,-0.46891742504978395,-0.7251838985266741,-0.8405993668927589,-0.7561786979974747,-0.542773752515147,-0.4878418057490799,-0.623091206753141,-0.6144585689371724,-0.5016717715223085,-0.46072177243153023,-0.40509868713879155,-0.36194472515560905,-0.32601482339252236,-0.34022828490132806,-0.23374924179879747,-0.27789091330390253,-0.44381674252147274,-0.4708992339738306,-0.5088623421255534,-0.4973506512844757,-0.6342297024853164,-0.6797363894171782,-0.6432050407915444,-0.7417434339428487,-0.7859817272068382,-0.7606775104675284,-0.7355121197144727,-0.5484074093123608,-0.2888353480059964,-0.37062383773361673,-0.5420916111717733,-0.6217443005149198,-0.7639223806878004,-0.8727526043514534,-0.8603184235929836,-0.7922306959203428,-0.8292752624774712,-0.8693420320469348,-0.8396038450103424,-0.739644855157734,-0.688883776404571,-0.6236580276564896,-0.49010610016422135,-0.2986053312008432,-0.06130035690143378,-0.0023421978845150682,-0.2660662286029878,-0.42268714153589704,-0.5493044843127993,-0.6108100078084931,-0.6874987475781277,-0.7377084606135742,-0.764420107455485,-0.7615052843433591,-0.7749911419510881,-0.6876078988713311,-0.5793777446467652,-0.6451767008779549,-0.541267437869922,-0.22404618906341547,-0.07022137116800337,-0.2081506046262871,-0.3089966373095307,-0.5728832567559785,-0.6913260264526094,-0.61871615496441,-0.4054762011129356,-0.3088190585697336,-0.33244779895176896,-0.2759558091974005,-0.2843465119857348,-0.39341991760631334,-0.6046603081475682,-0.6436388805327748,-0.5387687615092465,-0.46726746931209007,-0.6284981679031622,-0.6426477560595903,-0.37426978249530546,-0.09376624448918162,-0.1312824320561586,-0.3273941766230344,-0.3690030897401054,-0.39426979086743436,-0.4309831155652405,-0.5012303527791193,-0.4735713826670657,-0.42895210730835204,-0.5006441074979852,-0.5919702391110991,-0.7150670487165484,-0.8010751477372553,-0.8782128854968109,-0.901108930214244,-0.8637205830755349
-0.11196604986062952,-0.0033400114764712656,-0.2965867547603294,-0.625629252519288,-0.7088177573188766,-0.6446000165608707,-0.6635126575408614,-0.6648198416632833,-0.6370225085750258,-0.5420987379028201,-0.6068666426572763,-0.7734971616069515,-0.894951743921873,-0.9371426084491905,-0.9009513384698482,-0.7574908406158749,-0.49013659307060575,-0.10686267257109343,-0.1126078793104207,-0.4804114440363792,-0.6751951238770714,-0.6078354666040631,-0.44388795263221015,-0.5061409556429817,-0.5612798118926763,-0.5592957259768216,-0.4378316228932431,-0.16695875851915892,-0.1993356334827644,-0.3512931980903294,-0.3972690799669527,-0.2543745640920138,-0.2291687673892973,-0.4145570088106984,-0.7064346729217665,-0.8206696623041623,-0.696367602232221,-0.45705087244336295,-0.49773728068275874,-0.607631939544296,-0.5552233846276672,-0.447519409737328,-0.3993007131116005,-0.22867566693297361,-0.18111273787450083,-0.1983788038342765,-0.23524699744732522,-0.24912151978309086,-0.4195838668011691,-0.6100513544082445,-0.662987096861759,-0.6447013506483619,-0.5986818390297027,-0.7019197724746878,-0.7662775536339209,-0.7669067349254461,-0.8054520811346966,-0.7857164798399224,-0.701933839590884,-0.6710937808872495,-0.48643892032957975,-0.2832878619603084,-0.30711755982653954,-0.42793990439188534,-0.4399465465038792,-0.6378300558870919,-0.790319315812024,-0.781295205342358,-0.734059244544279,-0.8056431926326196,-0.8568504202389513,-0.7965970173305266,-0.6390058478077998,-0.6054164513597885,-0.5925461284261809,-0.4675401152012052,-0.2957084688004909,-0.15526767638534245,-0.0849682895006829,-0.3449070995786065,-0.4703527473336679,-0.44922264415515745,-0.4398138798550105,-0.5634930371813858,-0.6935454877480783,-0.7253365500975159,-0.7010375161397517,-0.6859520844668139,-0.5665580014500152,-0.48175878049535376,-0.5476694851595371,-0.4388016576565536,-0.18935936763716762,-0.11151466283016274,-0.26433980350346614,-0.34872319257783946,-0.541773084585535,-0.6285658831803519,-0.6212859057021122,-0.5324114175318452,-0.5061303040626617,-0.5342222374932875,-0.46253128206676275,-0.3877618345182008,-0.513663994127059,-0.6795394829042378,-0.722290934797156,-0.6259901654650853,-0.5565614020507484,-0.6550407290847241,-0.6050497773476846,-0.3366686195556443,-0.22807913875026975,-0.2836970045659141,-0.47031233733521793,-0.46704138244050397,-0.3124858210798784,-0.21157449416518068,-0.30496971773979487,-0.40438691582633174,-0.5063799924861291,-0.5781281262690542,-0.5904059352548591,-0.6807799592605936,-0.738824875631765,-0.8330178354631605,-0.8709812099587785,-0.8252571218439876
-0.17168951137106256,0.007519189377295409,-0.19337712169308685,-0.49596750171182463,-0.5557694224734184,-0.4854569261297653,-0.6384680358277252,-0.7438186966599726,-0.7448370071397782,-0.7135310140700885,-0.7683818403167881,-0.8607877766920523,-0.9095737652377869,-0.8944120061071371,-0.8260375049704838,-0.674127406876196,-0.5483931740174705,-0.4079028964263408,-0.47732098073739304,-0.6957851755235048,-0.7731799550436745,-0.6826722639365557,-0.5790896945896467,-0.4965039112511833,-0.3299460571177352,-0.2625715540467838,-0.3280809464323541,-0.3221978487314143,-0.4215978552777359,-0.4362788600356503,-0.3411621771431976,-0.22210310153473545,-0.3141385825879072,-0.5459499172422474,-0.7816689215100581,-0.8470686565356952,-0.7166987904121469,-0.5033642335250491,-0.5450749290441222,-0.5888095079359315,-0.49109155657352077,-0.46555975480114115,-0.3856119569061916,-0.0909055238030498,0.0686831517468579,0.03561096761031148,-0.026460650050469218,-0.1387203992143465,-0.4590254886102928,-0.6942550828800363,-0.7586919244704978,-0.6952859157253625,-0.6195557657287737,-0.7396980842841725,-0.8244203770960111,-0.8336445588349444,-0.853535621979548,-0.8425502717707822,-0.7772246776128449,-0.6745940791403015,-0.4302038525389284,-0.2850486816140034,-0.3622458831776469,-0.3955580731730185,-0.3188963809057875,-0.4722404856091698,-0.6087592598641667,-0.5660480249069124,-0.5639167886743375,-0.7377032203382571,-0.8431536095209772,-0.7965401589895145,-0.6307765300547572,-0.5415235613074386,-0.5631934128897472,-0.47439959268501064,-0.4244734199540941,-0.37293956737087414,-0.32236027069450646,-0.49966799601404766,-0.5124976974576207,-0.3536451891011759,-0.37113203321810245,-0.46166180952650404,-0.596214048850922,-0.5892044215260953,-0.5302273589287734,-0.4966403352915948,-0.32669262976220176,-0.24233336655262702,-0.34902815850483115,-0.20719017945382495,0.034689082691578645,0.01010341668193546,-0.2774848186813269,-0.4017943257522464,-0.45479804578798333,-0.44958061094555696,-0.46261465294116705,-0.4598639704499013,-0.529862260773557,-0.6435559378613106,-0.6264203490049707,-0.5387711176649815,-0.5796928863296686,-0.6292305738083063,-0.6576797960493135,-0.5694477628556268,-0.5274725542351884,-0.6515449655321813,-0.6287318903640736,-0.4554755195732297,-0.4875294204974137,-0.5771844620486405,-0.6618429935950545,-0.6036506305220093,-0.3942825447661745,-0.15172021251754206,-0.1468798897866787,-0.29823097475943244,-0.5572193841063113,-0.7019883829079446,-0.7171621299734272,-0.7075547094522094,-0.6844218725841136,-0.8003672121989429,-0.860989653606926,-0.8183525839170771
-0.3547292308640809,-0.21968957383881707,-0.31325999247646796,-0.37793744839842947,-0.3504955867287883,-0.3393718984092766,-0.5844230205682516,-0.7310964006602931,-0.7468020482871713,-0.7731403083790322,-0.8040111543248218,-0.8224290324258505,-0.8043371365396383,-0.7715004112941967,-0.7596543929990588,-0.6481206348953708,-0.5064962299844933,-0.47040156708117536,-0.6066180796869526,-0.7720609785092206,-0.7933062573900537,-0.6820749504493538,-0.6067506051646536,-0.4208879630263981,-0.17996146563003643,-0.09103874836862719,-0.21132286433372205,-0.32209586877688484,-0.4386707122370352,-0.31744247366452033,-0.1320232289199793,-0.11135556447916865,-0.289547301984435,-0.5989006753130696,-0.81673421840313,-0.8619882859753227,-0.7913272105910235,-0.6529437187799444,-0.5855408444767711,-0.5285937224733067,-0.40711080614643774,-0.40554313542446413,-0.3656434288651465,-0.1349951312972793,-0.007931865128892327,-0.12216524288907936,-0.1883793013741522,-0.23846355783866918,-0.47238150429908327,-0.6253137055562588,-0.6683887388815937,-0.6265094317429214,-0.6390683463976784,-0.7581101308599778,-0.7951550229184273,-0.7405576926415135,-0.778242430124947,-0.8463305659397422,-0.8568022552323752,-0.763094591477498,-0.5443137238264488,-0.40022687928896633,-0.4122291747820727,-0.3552181735166473,-0.261545927606669,-0.3279128010077859,-0.4277185463164321,-0.37321470628399533,-0.515576426797193,-0.7278423164264588,-0.8213295938030566,-0.765632844410041,-0.6169175717722774,-0.5997855723856528,-0.6398926461861416,-0.5746602914465581,-0.5462493869474164,-0.594382169101373,-0.6313525399407771,-0.7038302691367881,-0.6394482508954322,-0.4675202038648452,-0.5009444062195949,-0.5376621010580698,-0.564327988309726,-0.5118103440903339,-0.50400987529927,-0.46174804388661,-0.35158116433576925,-0.2708698461802289,-0.39231726193263233,-0.29044533668965666,-0.03414675580469428,-0.05028256736878004,-0.2738038664901349,-0.3306476684056221,-0.3392092352644521,-0.37289676829535806,-0.3237930195036326,-0.3131668773668857,-0.4419227326268058,-0.6526062078352576,-0.684736346257028,-0.551937363348259,-0.48060842564215295,-0.41065773231695857,-0.4907173659392337,-0.4821215458067957,-0.5638329640267771,-0.7146302722730998,-0.7571720659835578,-0.7107626810301848,-0.739118459870293,-0.7392656789687102,-0.6621238884989803,-0.544681292536592,-0.4207862153372848,-0.2786728942411837,-0.29066655814399806,-0.41340541001178605,-0.660899917960759,-0.8156948951616976,-0.834991745742973,-0.7934407814162402,-0.7777849101942561,-0.8406618938875589,-0.8369330695382774,-0.728602318439197
-0.4847496314251184,-0.4675849061240249,-0.405958063015182,-0.19072641461661352,-0.1407064358118097,-0.2786689918458417,-0.5490835648210898,-0.6618752981952064,-0.6486128540288374,-0.6880476607710628,-0.6448124861764545,-0.5835214461950482,-0.5456821776392918,-0.5628502865386015,-0.6388555635600353,-0.5154122316876296,-0.2789903605011664,-0.2828147101568462,-0.5077827579447067,-0.7449548909062509,-0.8283642561550361,-0.7581764023512301,-0.5820616968427856,-0.250244839409818,-0.031280024264164936,-0.1109609271802622,-0.2743160116245633,-0.4736263671288436,-0.5563242922072708,-0.40771034251601035,-0.13808730969319974,-0.03401877971672867,-0.16876919838869808,-0.5371783169784551,-0.7431532880055458,-0.7584573525821401,-0.7575247507690136,-0.6614568795366471,-0.4533169499000759,-0.2780362300192619,-0.1171162079134697,-0.16177453576475212,-0.209394762022234,-0.1180801506176158,-0.16465870285088274,-0.33534790559223904,-0.38342124847936776,-0.38083804621530964,-0.41489700912452826,-0.3999328260496476,-0.3816450249731137,-0.38310192698003886,-0.51974188824064,-0.6841339868680996,-0.6558730847276639,-0.47893902542622974,-0.558070405644738,-0.7494966564007358,-0.8335489259027785,-0.7225872862829267,-0.47528192990396684,-0.3096138950553926,-0.2905833724999745,-0.22509966344730978,-0.21810704027506522,-0.3779887487092944,-0.47232955499139057,-0.4354960490358624,-0.591077302941596,-0.7264910932031211,-0.7268194137017394,-0.6299388105056266,-0.46259370076680656,-0.5362261244956892,-0.5916942699210166,-0.50269497612955,-0.5017728698061236,-0.6725373130954412,-0.7829294998420785,-0.8169867168411942,-0.7838448515526601,-0.6946582458036499,-0.6398718368478907,-0.5337946381460621,-0.5127810156604801,-0.5371750162157962,-0.5400729359559899,-0.4863086910686615,-0.46835125462453103,-0.43404282774192937,-0.5267900442695266,-0.4759146554138785,-0.2824034678682088,-0.2536408212551141,-0.2575767328495417,-0.21227075862530084,-0.3454409153011196,-0.4954186352102368,-0.5205514105485853,-0.5191577236595378,-0.6199784006807079,-0.7709804521247456,-0.7874041839765439,-0.626182140719975,-0.41757436183465774,-0.31455339995343384,-0.44061481519622964,-0.5236603048915107,-0.6126921734577921,-0.7666453241294562,-0.855003073191992,-0.8691638146182706,-0.8437031688156673,-0.7101911113928195,-0.44944732407572496,-0.24378806646233409,-0.23636449234805945,-0.2528408338124955,-0.3553698850768996,-0.4750388863687329,-0.7231866336089762,-0.8665624801091275,-0.8577631464036316,-0.7883510493930574,-0.7995893804339316,-0.8123148977323068,-0.7043584510601669,-0.4667585896021181
-0.4304223287034741,-0.5009185390403607,-0.4061440998277751,-0.12205314278464965,-0.15067711512225512,-0.30693186658394267,-0.5460168793169692,-0.6295074648148393,-0.6517959107435146,-0.6152286426387187,-0.4285045315824271,-0.3175893494229836,-0.36138859765204995,-0.5259821945453266,-0.6022949278262865,-0.45272986080154193,-0.25561767022839804,-0.3076456557200297,-0.481101958776204,-0.7365799333466391,-0.8537042605133766,-0.7858832484058422,-0.5215095216004036,-0.17376801602302538,-0.051672525640470535,-0.2982941974949815,-0.530962437470346,-0.6678126665198175,-0.661546258953844,-0.570160034442555,-0.42351773266737275,-0.3183352553557281,-0.3324728385590348,-0.567114849394211,-0.641939465708533,-0.5504638286572916,-0.611805669793238,-0.5883192211372862,-0.35699623361980826,-0.12088410496287368,-0.05630630645146723,-0.17337986630979718,-0.1853888387412855,-0.17063505349065125,-0.24177509590354093,-0.38988245448989894,-0.37589782609601347,-0.35710851310147357,-0.32965142414918913,-0.28029786592124256,-0.16526988822803665,-0.2693533535691603,-0.4451182069556297,-0.642115622369114,-0.5843635515667039,-0.3406133409775385,-0.3808676335351644,-0.6131095094239056,-0.695310615578088,-0.5254910899322465,-0.2854306878514635,-0.26922767577426837,-0.293084139536537,-0.33924665520650127,-0.3900062453992673,-0.5608633658977394,-0.6667499193426054,-0.6664610344098596,-0.696666108760417,-0.6884265756770808,-0.6041145462823408,-0.5349575154504429,-0.3882774656810706,-0.43742249003919687,-0.46392715961939524,-0.3680927005742178,-0.5054987383254634,-0.7147056975850891,-0.7912548117028262,-0.7652944544356971,-0.7951592292148557,-0.7742984845266081,-0.6276675296094221,-0.36948380819263865,-0.36364060949005145,-0.5084746957016103,-0.5621705674892606,-0.5682667601688423,-0.519890763881584,-0.41873971326129217,-0.4754145131686922,-0.4632090061667548,-0.31114664235053774,-0.3238477424350708,-0.245819285665691,-0.19717547554231632,-0.3589526310785955,-0.5562329725694272,-0.6352508782017883,-0.6276327419872015,-0.7076211509781531,-0.8123365047993952,-0.7980869797342433,-0.6181032823234034,-0.35265818724521486,-0.31804478438149736,-0.3948203751920015,-0.504615493894507,-0.5868968904144315,-0.7735852845045739,-0.8930747718346235,-0.9089648662456128,-0.8211827786829681,-0.6374453473138362,-0.3875052841701958,-0.14957830125268765,-0.1774939727493649,-0.314213645697132,-0.4179179099157479,-0.5881153434890615,-0.7925317841506658,-0.8693125889572049,-0.7754339788772865,-0.6416274874679937,-0.6854146808900456,-0.6750106468537725,-0.5280714714852263,-0.23405076259954677
-0.21860453812027103,-0.32713142819274077,-0.3188076283507613,-0.15310087562355676,-0.31908530207349084,-0.511901500533421,-0.6383678441576413,-0.6444958561224543,-0.7012555482829242,-0.6521174445744227,-0.4697522255757864,-0.4076373724969806,-0.508751882911828,-0.6428424292771887,-0.6367599298923947,-0.4931771309690563,-0.4455575271587888,-0.5146602299512706,-0.6363484086633655,-0.7661905988650912,-0.8152192764073537,-0.7122544007649134,-0.3758768566467151,-0.0638037072364213,-0.12325078320856978,-0.46892533377731366,-0.7089189147833308,-0.7527059346590426,-0.6260605975225765,-0.565727278699764,-0.5956264248421537,-0.6205632405897292,-0.6339957489896835,-0.688792746812836,-0.6301817892646443,-0.44467631938422564,-0.453759222996499,-0.4799544037003048,-0.3014596015284412,-0.19081090717131016,-0.2774309140354087,-0.3886870644420508,-0.366205020660684,-0.3265587165287494,-0.40667791571032536,-0.45263004398525253,-0.41644327914494644,-0.39376353721357615,-0.43694973102717566,-0.3581469811974288,-0.19337931795240104,-0.37130297886940056,-0.5964745087135032,-0.7412328180644858,-0.6691118535715478,-0.46163920502263717,-0.4508607874105382,-0.5361813155012036,-0.5399306953532297,-0.36661739479937583,-0.2656258261188899,-0.4080689659292253,-0.5152412356217692,-0.5529994277711798,-0.5344650186372906,-0.6479971087161499,-0.7358157864438356,-0.7322262259942954,-0.6616273291560989,-0.6179262578562419,-0.6214519903097501,-0.6180532871010637,-0.5251364229475338,-0.46731903167051386,-0.474322235995482,-0.42207573259452813,-0.5987289828984435,-0.7446764925569686,-0.711607986247156,-0.5910568626407207,-0.7063294531647129,-0.7699515664299413,-0.6375596383139907,-0.38841711982634114,-0.4267510275781888,-0.532602383805686,-0.511558469931283,-0.5175767107234777,-0.4366857651305263,-0.33474342241388416,-0.3526114735658426,-0.4090612579551553,-0.37178957415790354,-0.4839606113289112,-0.490214684871006,-0.42559648094463964,-0.39580058880510616,-0.4787565420270979,-0.5441089101347791,-0.4911230606777411,-0.5607674339323975,-0.6613374951040287,-0.6660359019586924,-0.5756488011629167,-0.37621039575029513,-0.3178116579661316,-0.2600258842604546,-0.4364473675345553,-0.6299479037229422,-0.8158570526604276,-0.9025940250091864,-0.8611733545164346,-0.7011806260486403,-0.5180065162399944,-0.3874454951545743,-0.2651490666920349,-0.31875127212362236,-0.3731701255319376,-0.3481772418142873,-0.5692373971576153,-0.7634048184376574,-0.7771469049591733,-0.589909265038566,-0.45766207585492935,-0.5335592123212022,-0.5311369287836396,-0.44253974524579553,-0.19233288124925635
-0.13165623235515367,-0.15346352396654467,-0.2704337537761866,-0.2932311096994099,-0.5351905702238903,-0.7223435397655151,-0.7985010351318355,-0.7967611938813776,-0.7880097295507172,-0.6688723625893904,-0.45474195232012243,-0.43099060972232245,-0.5932027523340697,-0.7016184091378044,-0.6553708186490504,-0.5680344596898562,-0.5286171368991649,-0.5310497937507279,-0.5938399943202965,-0.5904220654916132,-0.6093378776841337,-0.6201646367342307,-0.42328439651949806,-0.1544437894931128,-0.20382204606433194,-0.5411110293247905,-0.7592330643465512,-0.7836513592706119,-0.6156541094786169,-0.4568415937679304,-0.5833758489653827,-0.7264728995136552,-0.763580608637062,-0.7339888868270814,-0.6637137877899998,-0.47840906852596105,-0.3637751343429586,-0.42795866844353714,-0.32064516465897613,-0.21477914764065073,-0.3664233626600476,-0.43801923540874427,-0.43385457726057397,-0.49059485918973417,-0.5395852754217481,-0.459457970516302,-0.4319566511384407,-0.5212748521158961,-0.5942830754422281,-0.48561612352116557,-0.315080432363234,-0.48516395879860325,-0.7018972509445978,-0.7918414802292123,-0.7206789106498623,-0.5445102044628669,-0.5130085221780832,-0.4673595743678793,-0.4751936434605353,-0.45961115444878087,-0.4685385279682505,-0.5856959450414461,-0.6853290823038292,-0.7216853195629314,-0.6487697641960134,-0.5794914452193917,-0.5998791212762468,-0.6151196177549486,-0.5123991939583863,-0.4892731094350266,-0.5977599887077494,-0.6844483990817105,-0.7014625106056451,-0.6829776055800736,-0.6844013884576506,-0.6778070914885561,-0.759766887471759,-0.7827838695687096,-0.6884131349635273,-0.5593734590785915,-0.6974334156877825,-0.7931262114277683,-0.7066281472328485,-0.5251094619428089,-0.5421999568691351,-0.576833943533086,-0.47129676318672475,-0.376507838115827,-0.26585077598065526,-0.23612138881991157,-0.35490455689903655,-0.44230574581811805,-0.5050135442858007,-0.6383575545428495,-0.7112536408473609,-0.664833887186586,-0.5176331283641437,-0.39183261952635023,-0.429021714602977,-0.3628510657296669,-0.3451078618718076,-0.4233390681271792,-0.49530224896322883,-0.5925927957486176,-0.5411575456829882,-0.40172460017374656,-0.19532252527449248,-0.3554636807142691,-0.6332207637327177,-0.8176535411694328,-0.8609997965034751,-0.7908725816591503,-0.617660074174749,-0.4864795589884132,-0.3194274085264302,-0.2084842608151888,-0.29863305501472137,-0.32949363163350515,-0.23319029409286163,-0.4487458497358722,-0.6020133105496075,-0.5509610819170508,-0.25071279701759996,-0.1708754445695657,-0.43064905670974335,-0.5791003165616745,-0.5593006354934305,-0.42057103672887575
-0.1759765384116032,-0.19720223791957073,-0.38909315258468063,-0.5471365424196301,-0.7270149818214059,-0.8230099268486778,-0.8561253246872241,-0.8476921063889494,-0.7727153707061295,-0.6147893759726284,-0.43173859987282104,-0.35692831755608556,-0.562453029975471,-0.6625829777930063,-0.5557760748851792,-0.44091109601849415,-0.3194977395009513,-0.22294710840634094,-0.27455076338018997,-0.17921120275536745,-0.2480962796676622,-0.5083886427562733,-0.5678667846299783,-0.4312572360181113,-0.359752513392263,-0.5011911604320356,-0.6360121762581782,-0.7200856282067204,-0.6002776804984034,-0.3902798572096705,-0.5001635266734309,-0.6984095435179174,-0.7581837021046947,-0.7038647162017814,-0.6958418053974361,-0.5800387949369527,-0.4414973822232705,-0.46186557018507746,-0.344852018931836,-0.2379351226884587,-0.34707364251646877,-0.3169533896661999,-0.31808600493769035,-0.5290158043784383,-0.6341185187092935,-0.5256820253894767,-0.41050235696223936,-0.542537609547398,-0.5850940173537772,-0.4340257715792093,-0.2988084664022833,-0.41385394444033824,-0.6273374140257055,-0.7256703117106965,-0.7570726671977961,-0.7100750372594844,-0.6625086986859421,-0.552041433484553,-0.4894189980646528,-0.5247798341672697,-0.5075565468300568,-0.5396161262915407,-0.6310848207013716,-0.7061150460916557,-0.5784444579373084,-0.33336464824102124,-0.37220909125695917,-0.5518220030020187,-0.5758184982844766,-0.5336000934594322,-0.5456028767824873,-0.6277331415819168,-0.7288133340561629,-0.7642354319736612,-0.7863295840387398,-0.8104214434311494,-0.8193012905389759,-0.7708816495001249,-0.7315917409116629,-0.7028457075642426,-0.7966261761606844,-0.8452080404180261,-0.7448720875617787,-0.5483571046920793,-0.5322472669674048,-0.5375214953049284,-0.380481829177934,-0.280288619905027,-0.29603999400720665,-0.3278499387929417,-0.4230128146994411,-0.4221155821397313,-0.4673620044614594,-0.6036342480847682,-0.7573087944579886,-0.7833716371665466,-0.6525103413544602,-0.46651483950538003,-0.45698272680969976,-0.3810321780913324,-0.3809339584059617,-0.4151225093601567,-0.565947318370838,-0.7034765726038812,-0.6860200817797044,-0.5246772872537097,-0.27674947492004615,-0.3536079356809064,-0.6153303508168211,-0.7407112136899097,-0.7512886132469354,-0.7580122239995554,-0.680361761273953,-0.5037494052603452,-0.18677853847535317,-0.07814264019840343,-0.1826425111910545,-0.2649162357717517,-0.15787913799647976,-0.30245231932246813,-0.3888999648758068,-0.374772694506702,-0.11431012656213697,-0.1061883383617956,-0.4427688321252872,-0.6381333684849736,-0.6317099126207031,-0.578798036664815
-0.4776539545343385,-0.4477549276081246,-0.532937212835457,-0.6671504342543498,-0.727151251522539,-0.7098633708081796,-0.7093124016063239,-0.6972398968354829,-0.5792505117093154,-0.46390421866687903,-0.42670899649079463,-0.40833627004887385,-0.6160967736849585,-0.7121100936035566,-0.588518921289594,-0.33947958573525017,-0.11939594917118357,-0.013866618287168564,-0.121371015522654,-0.07450146836882977,-0.19309682673181758,-0.533017681203334,-0.6847289646453705,-0.5513265833952895,-0.26460037575050804,-0.20048914450922892,-0.30092951447657584,-0.5544393949596951,-0.5515156266152976,-0.36239647979334405,-0.4194727477262145,-0.6645715036542131,-0.79261932126436,-0.8032357905083016,-0.8010787583988628,-0.7296661344777969,-0.6285580856519574,-0.5404963802358767,-0.3727654801929605,-0.31833355291561366,-0.41215075482381675,-0.40699941132278017,-0.3992117430217229,-0.6232806255557778,-0.7401639961666071,-0.6473475355483079,-0.47989551228673977,-0.4893259916576607,-0.37202876442485716,-0.12794869999875763,-0.032352340305130886,-0.1492117339950594,-0.4402697955467902,-0.5954409514008709,-0.7557957112833603,-0.8096458975938713,-0.7590372847835046,-0.6423885972922656,-0.6021817658924022,-0.5730647789196899,-0.43624393736686656,-0.3863358555108551,-0.486237515362459,-0.6305609590175056,-0.5174590138254112,-0.2669457632889375,-0.39721186649513485,-0.6225026743963181,-0.6523219934592779,-0.5157484940638841,-0.41040662418325075,-0.4603402425906922,-0.5859915746762536,-0.6239797097545473,-0.6794997609198218,-0.7691973285341334,-0.7733310728388044,-0.706909457425507,-0.7571944314980058,-0.8113219441770487,-0.8816810296697039,-0.8994687252993651,-0.8167301062457505,-0.6556076502815759,-0.5668121003236307,-0.5771572723020759,-0.4658951262913621,-0.380626850724636,-0.4183989886889719,-0.4269932496588541,-0.505365904862108,-0.46266950088269887,-0.3672256935578493,-0.45861177393618663,-0.6858920678889833,-0.8184723010731848,-0.8004765091991998,-0.6949045721715285,-0.6525219647196263,-0.6254782882464786,-0.6389519076032383,-0.6693711984248361,-0.7543316488226792,-0.7968484930067428,-0.7403627273861884,-0.6685852918943658,-0.5657057347203122,-0.5928316138298005,-0.6640553577422488,-0.6120298196932424,-0.5695838561884208,-0.697331954025266,-0.7296852387662065,-0.5371455891256882,-0.12210237704438245,0.02392246360564192,-0.208928288676777,-0.3477298752429538,-0.21872846618435565,-0.21322358834567112,-0.2697450324984747,-0.33090500534296746,-0.20550465191370731,-0.2561971836877522,-0.5394450048572453,-0.6862442880197177,-0.6641594098020178,-0.7032307979644216
-0.6464345364025247,-0.5442110256993228,-0.5226154132654282,-0.5882191561765093,-0.523447897943209,-0.4380963714081524,-0.42896639245706614,-0.42996692319652857,-0.34634485259947584,-0.4484867159044355,-0.5761301194824476,-0.6508006083055354,-0.7818815863687596,-0.8408904843609799,-0.7472696602859203,-0.5284767037367428,-0.32825491326223316,-0.22398437397719567,-0.35903450363278544,-0.39949591005293744,-0.4731067917625946,-0.667332411173432,-0.7682541825570105,-0.6049174422697989,-0.1816355434205564,0.05898156588329158,-0.09652956479263296,-0.4325598596506565,-0.4396680722447776,-0.2581360975805728,-0.4097700541499841,-0.6661292347287678,-0.8289977499625071,-0.8730740416173541,-0.8411445132892741,-0.7498583943215479,-0.660063546009386,-0.5294302882382332,-0.40497048504919203,-0.31760762751865085,-0.4261823875346849,-0.5339892891403811,-0.5952980945691518,-0.7620708454741183,-0.858058378239114,-0.7999768927781621,-0.6272967087274929,-0.44398895052479787,-0.20984595406612017,-0.0652994736524262,-0.10948001237957707,-0.2169697065788123,-0.48371426308507165,-0.653791530459829,-0.8040285513671815,-0.8438999269236761,-0.7563176509392955,-0.6409375270479885,-0.6729038066644462,-0.6722274381849227,-0.5993401641692278,-0.564046959508383,-0.6124161389280519,-0.6753036811585054,-0.5573171776928009,-0.37352865357022363,-0.5134244682737431,-0.6802218020081937,-0.6401544416554507,-0.45753389795086263,-0.4206780317738629,-0.45966213926322297,-0.4607419012152596,-0.42563158736823903,-0.5078313338619088,-0.6899879806422129,-0.756950163835993,-0.7635440987192482,-0.8134126743542606,-0.8525608884748863,-0.8922673517996467,-0.8966816152232437,-0.8686272436118482,-0.7969413154783439,-0.715503980097013,-0.6305833931598374,-0.48768144425762616,-0.42948019290336914,-0.5285149452683312,-0.5452725682508525,-0.5500472583899886,-0.5053703014476475,-0.3923389456643157,-0.4608835586922232,-0.6330294541005725,-0.804034712573512,-0.8403086653329767,-0.7417454854646656,-0.661719164784393,-0.707525867651031,-0.7719153231968946,-0.829510657721918,-0.8574377444622308,-0.8015401994040398,-0.6832113819949346,-0.7201942614383171,-0.755922468311817,-0.7741112815454209,-0.7113034150591905,-0.5314706211041228,-0.5042780512246807,-0.6654705834108685,-0.7162488289965304,-0.5300719446796632,-0.1483542736145365,-0.012291341742729615,-0.3323804877832714,-0.5193655642582784,-0.35885767191432255,-0.0934011050895369,-0.06619032162768367,-0.22030598770812565,-0.1966007033688988,-0.3188413500244012,-0.6123729318430468,-0.7587547860161441,-0.7696971091037565,-0.8097598671157331
-0.6819830330643885,-0.5760542376731845,-0.5581926155604772,-0.4942290321555092,-0.3471221207760734,-0.36740833465274675,-0.3576928489095857,-0.2879449822942341,-0.2844432537220175,-0.5237653954512124,-0.7253052039882505,-0.8194970493224923,-0.8769103170239145,-0.8991315057644435,-0.8089040262403127,-0.6328637506793175,-0.568491664058158,-0.5785782394558898,-0.6706874056939948,-0.6633813466463991,-0.6083824277165217,-0.676541649752054,-0.7835986443725313,-0.688840575552367,-0.3374925834125735,-0.0567442231036843,-0.23805923364085987,-0.4381530505764143,-0.3041208548168091,-0.1312970106036252,-0.35521632727904967,-0.6098737233272679,-0.8052320123257921,-0.8590355628058556,-0.7784528178560906,-0.6193330702004033,-0.5070331022311316,-0.359974864399105,-0.3568711163168607,-0.3160973603965451,-0.3952109139183583,-0.5471581450271752,-0.6192687055390836,-0.7786363254117527,-0.8738355092160417,-0.8194613929471091,-0.6424838528191011,-0.41332351688556185,-0.29665419479878546,-0.3415087357981725,-0.44800521410513316,-0.4935470262683067,-0.580243401381295,-0.6657925592924581,-0.7930673564385753,-0.814488897382636,-0.7293923292384887,-0.6911703722050343,-0.7146753000789721,-0.6914245330393314,-0.6747873396123487,-0.6630139918030449,-0.6442416553849233,-0.6417030078501426,-0.5622993320436507,-0.5014587834599493,-0.5527413897270765,-0.5880382884967374,-0.450934107500663,-0.3032115420359539,-0.353360457986826,-0.458788659826718,-0.4564680632187923,-0.4962287430753077,-0.5736389566626742,-0.6886010781798023,-0.7310584814059471,-0.7825235540244037,-0.8078195067940006,-0.7853144848451192,-0.7921361191431835,-0.792829800791136,-0.8437230657921031,-0.8527039557639158,-0.7677161270212655,-0.5982560277516696,-0.473993979343659,-0.531679843646895,-0.6019496255942051,-0.5282120817601296,-0.43738840205539187,-0.40933813496016336,-0.3026151752650383,-0.4123797175489273,-0.5346881184465249,-0.6918971581967159,-0.674949596270219,-0.47125342538207493,-0.340615309569773,-0.5140433644696318,-0.6754383546448949,-0.8104188418414157,-0.8430641495793625,-0.7754620585897288,-0.6753486750113209,-0.7532708693534452,-0.848879627929028,-0.8814495340210527,-0.806759458149092,-0.6332215136481838,-0.5343201381664292,-0.6058909999786277,-0.5440769210582813,-0.34851344051805494,-0.09014107250633693,-0.11798469532309858,-0.48739362910970313,-0.6824458610500358,-0.5238493210626153,-0.17825542325780064,-0.11753856187855054,-0.2962803943167584,-0.3597322350187663,-0.5066021285782334,-0.6770001772295684,-0.7206756045640664,-0.6838089006264938,-0.7185244088414414
-0.7279326595158232,-0.6965708275108967,-0.622330246374459,-0.43762778589100465,-0.3025646031203503,-0.3596203041462585,-0.28905270686100343,-0.18914397001334637,-0.3463138625745296,-0.5964684700556977,-0.7634033267908054,-0.8230413395928393,-0.8187817039931657,-0.8259524499897205,-0.7201234719086664,-0.5454560941312664,-0.6339695440455789,-0.7560829953091331,-0.8245124261798922,-0.7446224768457009,-0.5723960002867767,-0.585855401899212,-0.737933439376079,-0.7105126827896465,-0.4930056819682718,-0.31172199836512404,-0.4454683890099129,-0.43574154530848797,-0.12751907455267092,-0.028912985600821867,-0.3027856036390289,-0.5370367764855063,-0.7581323627465875,-0.8100073379397488,-0.7072297941249736,-0.562079593180651,-0.41398398340309955,-0.30587747367122475,-0.35838451880628236,-0.3473531156984524,-0.4649952590282359,-0.5302060626093632,-0.48253024589936644,-0.6240579777610573,-0.6889592167171138,-0.5911113475457384,-0.4713117166296367,-0.4104027504070329,-0.4140157865900372,-0.5668408042345865,-0.6263533356297473,-0.5080296960665166,-0.4361574536190648,-0.506365452234771,-0.6998969335359266,-0.7496255145298981,-0.679152138702276,-0.7084018832677486,-0.6973137890071452,-0.5941473049650741,-0.5697296151804584,-0.5576320309975625,-0.4807582611570271,-0.4637699524406245,-0.4494666027339852,-0.4923469816137383,-0.4337576584750755,-0.3038779744000302,-0.03754892158681642,0.05530703645534961,-0.15288323217627914,-0.4212868695958827,-0.5173503859794275,-0.5445653026491463,-0.5505260250231105,-0.6204268747964515,-0.6511357887689959,-0.7548909907469408,-0.7634277344382367,-0.6590196392401851,-0.6379309570436732,-0.644706597828665,-0.7830642347878322,-0.8450490232795003,-0.7560396534901183,-0.5707125361333454,-0.5704050232787733,-0.6645814182331011,-0.6628671775872778,-0.49953790312251956,-0.4109557185210493,-0.408343731237423,-0.34663176122840084,-0.45013121582164417,-0.5060071807751675,-0.4941996909832915,-0.32896884366898654,-0.02817576013894665,0.04484164292905423,-0.22282272254716726,-0.4346768052337987,-0.6522327068450736,-0.7142945812211645,-0.6942376362957737,-0.6340945211664142,-0.7570751917369646,-0.8781875071609224,-0.927090494652331,-0.8933486960701944,-0.7981253332297328,-0.6951121030310505,-0.5792745363585624,-0.3210421169220303,-0.165395791366686,-0.15499433387136177,-0.34739416698907105,-0.6461598984154812,-0.7993294558036917,-0.6916663050224453,-0.44849501522628804,-0.41795720378650014,-0.5019620677863478,-0.5011219790517386,-0.5811399969288331,-0.5714708118534892,-0.4587683926665492,-0.3376706952884851,-0.41756766875118334
-0.7679393294561063,-0.7693641046799382,-0.6290601587960959,-0.36569746321322055,-0.32387278843977996,-0.35801299832921224,-0.24399928656554684,-0.18966763181850252,-0.3844229713080049,-0.5428193568745884,-0.6434919243633406,-0.684274695246077,-0.6302839419218406,-0.6741106867075118,-0.6350300206576266,-0.528527181238713,-0.6667283391534576,-0.8005477187915577,-0.8592137340715992,-0.7831092893316157,-0.6563944737757244,-0.6605140627180695,-0.7075188568160461,-0.6128285636088339,-0.5161889930394241,-0.5189885943725121,-0.571554949111091,-0.4089818122626758,-0.06467488509060323,-0.09216364308331587,-0.4131659070543501,-0.6572862604093906,-0.804937033396881,-0.7901961280877267,-0.6320768070405863,-0.5210661225835175,-0.42090310649272483,-0.43931533726467953,-0.4755598348759997,-0.47384031967060125,-0.5758524412210831,-0.5527898727007774,-0.37322690952954973,-0.36321198511839375,-0.30206454039734865,-0.12973120602493707,-0.14076395693917457,-0.38843615871374654,-0.5769533860194854,-0.6830974187403338,-0.5931045634864368,-0.2766142754867443,-0.172401452652613,-0.4182363645009006,-0.6928300305816949,-0.7948939933889527,-0.7870805873340293,-0.7932313113260882,-0.7347175081247563,-0.6026825683136448,-0.4787220265784253,-0.45819535521029253,-0.4402468690823149,-0.43417647294006745,-0.5331591771555519,-0.6122965703182371,-0.5109681689902847,-0.24422520911663934,0.02863084823303136,0.06715624377760074,-0.1650902551684481,-0.3155817702989375,-0.3340614520679463,-0.30753035357245034,-0.3012764383936046,-0.49349101573740184,-0.662840931959927,-0.7954606072133358,-0.7901942252840285,-0.6576405702101206,-0.5971560013283708,-0.6633856253601856,-0.7892348729067702,-0.8227149016353751,-0.7428141134994687,-0.6188846929795596,-0.6800294388830098,-0.7824471753703898,-0.7722995319191366,-0.6231985945901987,-0.48769456005792683,-0.5007201791589473,-0.482005790304255,-0.4531728150216367,-0.3714287338038658,-0.22359307451285274,-0.04422377896214213,0.15449737629322452,0.14451441347913985,-0.08541663947934933,-0.2876211777010492,-0.5104249597048618,-0.5961193088238851,-0.6860246174535335,-0.712051706886384,-0.7716409691805698,-0.8306326853163916,-0.8615160280170071,-0.8691224003907794,-0.8628294527838014,-0.8090906414513298,-0.6494655592685453,-0.363805689248502,-0.2522384880387451,-0.26575854385629255,-0.4513732933176156,-0.6486429881919523,-0.7907954395110699,-0.7479024550175055,-0.5992462921866285,-0.6461881277451781,-0.7032672556617285,-0.6543276811586443,-0.5842397626661716,-0.410007294964639,-0.23278050469187547,-0.14562995036892507,-0.2432514581830094
-0.8534765413051357,-0.8199291962116133,-0.6179361996246031,-0.3148032160957886,-0.278243504582133,-0.340883957452977,-0.34983351682725383,-0.34099934230872264,-0.43970252494690454,-0.45299167429787934,-0.4949169522315105,-0.5476541368758033,-0.47596864203303807,-0.5301070341450153,-0.6116069071366093,-0.6166652451645959,-0.6824233660659329,-0.7080084210818371,-0.7303247081744413,-0.6393625436993813,-0.5529422663899896,-0.5867850776258303,-0.558637898134906,-0.37472424893475664,-0.3781641930032555,-0.5129727335700076,-0.493359219600332,-0.28434406836416276,-0.06112123593366211,-0.18163190353001807,-0.5443878371838652,-0.7830667328423864,-0.8813047842353589,-0.8501032281039237,-0.710134635133664,-0.5950017104519363,-0.5679283846263373,-0.5747833081519782,-0.5076587318474656,-0.4695764943507714,-0.5929970656078155,-0.5494018791139229,-0.3161263710973625,-0.1427087145919471,-0.04029533919423303,0.03248511075902613,-0.10836969659100514,-0.4626105506061829,-0.6525557443541835,-0.6470440611736185,-0.5177890522672897,-0.21093394581647118,-0.14618125038727975,-0.4631524245256363,-0.7376278910070911,-0.8381220391358171,-0.8547190193450283,-0.8250080588154098,-0.7384859486130593,-0.6631098580208753,-0.5575405261266858,-0.47666043602854247,-0.5217939284481303,-0.5856530242108643,-0.6826777108904931,-0.7668471855296082,-0.7275670573228767,-0.5524735253102467,-0.34000319184080185,-0.22994622682987226,-0.24237470130597388,-0.08537801753932263,0.04655231028699522,0.04963663021466733,-0.0546651348986201,-0.3183994741103018,-0.5822831043839217,-0.7275746664010789,-0.6859216751589268,-0.5225848640647502,-0.48613467661793425,-0.6352927863644737,-0.7087950049075953,-0.6588896071849791,-0.5987194937403173,-0.5426446678224103,-0.6764869184638425,-0.8215840246785082,-0.86121144650998,-0.7810376236366661,-0.6432505522233294,-0.5524860648393093,-0.5118779547532806,-0.39067099752705087,-0.28088499977696946,-0.22380107464481594,-0.18195182833224788,-0.09121491302538724,-0.08710388719817233,-0.08826540809087191,-0.15952380822588685,-0.4293846957177291,-0.6170871921812208,-0.7204609562816499,-0.7104905319508087,-0.6212287364678976,-0.5802812344979722,-0.593302322839581,-0.658862036398678,-0.7637112815715039,-0.8084413621686444,-0.728295550251507,-0.5561595560442616,-0.44719962120616613,-0.4302320211486809,-0.4518707444582221,-0.5249282050469555,-0.7128211122615976,-0.7757313231938411,-0.7409079346229455,-0.7849731105845603,-0.7749613989118924,-0.6559208791431362,-0.5697044244508032,-0.5149715383097154,-0.46816367902737144,-0.46916523343271577,-0.5512757720300953
-0.861129940043453,-0.7886256660207085,-0.5502776092812101,-0.27251156563365087,-0.17832501645547919,-0.2507212755599688,-0.3939955059541783,-0.4377056085477799,-0.5472227730317961,-0.5772601072792971,-0.5590493126845684,-0.4779521785470191,-0.2861239054979768,-0.35349100400980565,-0.5409178109742016,-0.5859215086115066,-0.5727247580051817,-0.45702815071991404,-0.44987369225959917,-0.32033831459007966,-0.23461151415049536,-0.35852429072880626,-0.43964682924512266,-0.3668752064292983,-0.46314757416660296,-0.527885357354673,-0.36076344967210994,-0.1742474177904169,-0.21757638630833703,-0.4213331241831334,-0.6905841263101488,-0.833048296553177,-0.8826251928170652,-0.8674214031418122,-0.7611105202195215,-0.6266330311795437,-0.6266100136681985,-0.6081462240839741,-0.48243001632926913,-0.4665179524853284,-0.5543171845091559,-0.47757186793155704,-0.28690491078776403,-0.2171393931913498,-0.2576300583799905,-0.3042624342845178,-0.41437934540881904,-0.5757805582615984,-0.572439219128347,-0.42582449235876185,-0.41529912938456043,-0.32280930316040535,-0.3109457034810452,-0.5636045627864574,-0.7485499425021614,-0.7897641074809104,-0.820404637788291,-0.7866658785746472,-0.6983276956585759,-0.7198893718356004,-0.6850338597305685,-0.5930044904218714,-0.576527189886211,-0.6204457014760398,-0.6657828187831051,-0.7891674948471286,-0.8454370266135594,-0.7663916218953929,-0.5755290388936265,-0.3937210849623204,-0.3296475061100769,-0.07720518380877947,0.11713106614198447,0.09342344518179942,-0.031266362608025934,-0.13511347977697286,-0.3374967933286119,-0.4458019270199343,-0.3857910081332534,-0.2664232330798141,-0.3847982325313706,-0.5397665117238027,-0.48751044089009393,-0.3367790730553309,-0.3736162147493629,-0.4735232653379382,-0.6232273438486216,-0.8015049301630339,-0.88906016125582,-0.8448843515320497,-0.6776059084531524,-0.48990365319636586,-0.5351893568660434,-0.5330144154678494,-0.46626019996434637,-0.39000835510085335,-0.3911447959816143,-0.31191158588383044,-0.31923484046009615,-0.2411945398331013,-0.17355629660048164,-0.37763066052904576,-0.5886589082708787,-0.6451600510188331,-0.5529909056203536,-0.3113989574859743,-0.22433294669377699,-0.2547707632031268,-0.3653840773022844,-0.5366489434258263,-0.6485637999226286,-0.646482043417037,-0.5957021388309897,-0.5090506412720128,-0.4962978024725662,-0.42357315847244476,-0.46503459439150946,-0.6378784174548289,-0.737178721272615,-0.7409013698043219,-0.7654934955548325,-0.6729328811369343,-0.4850327106922169,-0.464493906443025,-0.6055231631319572,-0.7133201013463997,-0.7772425815239721,-0.8243810300416222
-0.7304488676534872,-0.6640003295523846,-0.44737435674225545,-0.2870618755012002,-0.2982996352378539,-0.3783551480237287,-0.5336706334168283,-0.5874205193616386,-0.6018618536493948,-0.5830464310236914,-0.4968311874216778,-0.3979444461199746,-0.26406513115608965,-0.4031227033145601,-0.5439110258991632,-0.5118380641885775,-0.4684948683189902,-0.3062908401728558,-0.2996249167797188,-0.2550542140527017,-0.15707568649439263,-0.2602489897316077,-0.4808734964815276,-0.5832650021525468,-0.6758114130450562,-0.6419584900947232,-0.4306023509074179,-0.2495600887884773,-0.36994615864305463,-0.5328611141634183,-0.6879699727646307,-0.7133596835544787,-0.7394963500574452,-0.8096430013472566,-0.8024860920843105,-0.6961024647383025,-0.6058307103135375,-0.5863942204495896,-0.5222421087549476,-0.46883286618584313,-0.5076472222353501,-0.43857294486092036,-0.3905903704385876,-0.37083317524278914,-0.4683658147004298,-0.5116193141562251,-0.4988547849531294,-0.46313848517642486,-0.3193991532108955,-0.1238186482602559,-0.1974715290673212,-0.2778698853245134,-0.3061537634573687,-0.5614905445699182,-0.6904120535734145,-0.669482398758143,-0.7579485832563523,-0.8026334797961074,-0.7946078463694536,-0.8133614855359153,-0.7460159034790078,-0.5916616000705563,-0.5003512968759327,-0.5110620202726905,-0.4983766684874125,-0.7056144894195869,-0.8451578073302642,-0.7916618351925901,-0.5815823118524688,-0.44321065462671816,-0.41654248111038106,-0.22254157730197005,0.02696567613741382,0.07663001595332043,-0.0863217127221488,-0.09514148028101996,-0.12969856639884386,-0.16525922460273978,-0.13618320628313396,-0.10754706915631355,-0.24657024832407642,-0.3770651356681417,-0.285259851048734,-0.17070432185345083,-0.2523598810897516,-0.4372068051266788,-0.5679914550352592,-0.7708146466354219,-0.8753245831523339,-0.8356232101554381,-0.669242774941615,-0.46063189377469776,-0.5521569761718415,-0.6751506625826125,-0.7108905998112465,-0.6774650469853383,-0.6165474808780981,-0.46150409718165997,-0.3732129438390694,-0.2680009879328464,-0.19660724117801207,-0.32455194949376226,-0.5299843250601819,-0.5388445393581093,-0.4624903395461219,-0.2981857503905947,-0.3287564136413177,-0.39431552704568057,-0.42755069572842797,-0.4191574661924507,-0.45708721165434923,-0.4853117048279867,-0.564990873856689,-0.57900097050381,-0.5763653307427955,-0.5020873843876863,-0.43620335732718896,-0.5371285200891575,-0.6408743200443349,-0.6258674341203956,-0.609441828294377,-0.468711306301203,-0.36733386435107157,-0.457686711725232,-0.6593828807379423,-0.8215767648436502,-0.8830356506356152,-0.8732039168982683
-0.5574761741662817,-0.6020920489502057,-0.5714858333584877,-0.5367473006686785,-0.5326021734855978,-0.5149844912483158,-0.5970133965828298,-0.571728358834085,-0.42693210274161303,-0.2957503047403941,-0.142107062278809,-0.17843456165038565,-0.2785898860067102,-0.49718718525040584,-0.5866953020446863,-0.5146629896399258,-0.434466301099092,-0.2834038948622953,-0.27099751784085174,-0.37986066002389623,-0.386578866000434,-0.43658788964521555,-0.6115661835664205,-0.7191421047514889,-0.7503509936524833,-0.6282814467187786,-0.4350839167364172,-0.33771432743996116,-0.4326698873134411,-0.47772790628459744,-0.5409986640140146,-0.45109994447843915,-0.4640219037100238,-0.6533321272853991,-0.7517842673824578,-0.6277994246013253,-0.38756744017040756,-0.40480837342004733,-0.4995328956395472,-0.5383301932398074,-0.5406225437100561,-0.5480300033269302,-0.5860889761953432,-0.5662199587331415,-0.5236988393797778,-0.4480252968023113,-0.31720477642031436,-0.19121403457369268,-0.06120777284793167,0.06346505317865647,-0.018131239162349037,-0.24228830736821008,-0.36068889328793424,-0.6073283838741503,-0.695887439646116,-0.6578632974029637,-0.7528120671029676,-0.8408791738794701,-0.8782459429907841,-0.8605585502045161,-0.7405696343691562,-0.5755859730163865,-0.5496608190539953,-0.5413094173209301,-0.5035904068558702,-0.6991119463260036,-0.817557151102763,-0.6978039364660302,-0.3893544897890571,-0.2695748612755871,-0.28233503588695785,-0.14100457528020716,0.08467121577095628,0.024985183415217993,-0.27217576280747885,-0.3574522527668421,-0.3203378763050274,-0.3153806542008778,-0.2677074603815475,-0.15530858138346124,-0.08956049123616291,-0.24665073917480987,-0.37034600993063493,-0.42911302855417993,-0.527410501129486,-0.6501568451328317,-0.7318972696396668,-0.8331128105520565,-0.8556606898844245,-0.7677114229812201,-0.6113103566600884,-0.39408753176443545,-0.4494549108618478,-0.6750008729492917,-0.8205959759181303,-0.8318791727053318,-0.6989814821700081,-0.41435971894427753,-0.2429092201628535,-0.1633398494852123,-0.19482834817564817,-0.4289458102976911,-0.6269557991622156,-0.6096602898091935,-0.5111551802564767,-0.4969798330175693,-0.5869456688923166,-0.642557424462992,-0.6366358914194208,-0.5507457736558145,-0.4667457536526613,-0.48085471776788086,-0.49126220045560776,-0.47944332518055033,-0.49633800772481196,-0.5288117723093492,-0.4884530427996605,-0.5077323234446066,-0.6294627075581715,-0.5958493864486785,-0.39361265844183696,-0.11661115364690532,-0.09994480144174174,-0.2917096720637401,-0.5450863351957363,-0.7656196803053136,-0.8204971156241934,-0.7515416827515032
-0.5468752864471417,-0.6044486532771454,-0.6942296210435688,-0.7485891693176353,-0.7523035675256028,-0.6791171678954525,-0.5858699368659731,-0.4397729171221488,-0.21789257249182903,0.025923090137277664,0.17491295520787206,0.03786182386452538,-0.22533049350058046,-0.49716487706619333,-0.5223327591283808,-0.3982086591631355,-0.31351449948919985,-0.22934486620643885,-0.3277488226758512,-0.527957463826314,-0.5834413169716304,-0.5429533893616746,-0.5968486892152285,-0.6187187944529317,-0.6230455078536593,-0.47153119160361157,-0.33580197027932623,-0.33842269506901856,-0.4548728232965674,-0.44041520903831566,-0.42483136519058845,-0.29431689657520343,-0.26722529614755597,-0.4652909047370876,-0.6405167320616449,-0.5187109352587643,-0.1775941204543396,-0.14659244473788816,-0.3372717974624486,-0.4661356502606815,-0.43886477058605294,-0.5178431813139576,-0.6320549629123398,-0.6016342937103372,-0.4625853524689405,-0.36270063585405027,-0.2907702453010513,-0.20473159930667523,-0.19273997223779418,-0.15601265035389092,-0.20260499296846052,-0.42580003185685755,-0.5657384327724719,-0.7157394484545023,-0.717892601775526,-0.6225137573103338,-0.7218450924019295,-0.819090816414073,-0.8631150082275902,-0.8061704337255322,-0.6763794561494401,-0.5971826660947689,-0.6072843364962782,-0.6130945178036107,-0.6135051934160302,-0.7362310554862427,-0.8110738990633767,-0.6898091698018828,-0.39743543576874113,-0.269568440634021,-0.1876060252247215,-0.06158493553674773,0.054719301246665075,-0.12841901130778607,-0.46534068515491334,-0.5481081393647499,-0.4054009702156416,-0.3277963219437638,-0.2210361424542431,-0.054693408010917356,0.0869697306337299,-0.10988858441359207,-0.4563052084657536,-0.6722031003886265,-0.7863718445340667,-0.8487376487072039,-0.8793345464727806,-0.8913263023526511,-0.8268928538590864,-0.6570653099551823,-0.4612553579028372,-0.14839405699653577,-0.1750147516469179,-0.5486066129653866,-0.8202443459375082,-0.8866782333939139,-0.7477388092107724,-0.4678668771856429,-0.34500741293532056,-0.33063589132024,-0.39182712431499295,-0.6072655346004643,-0.7228073625866746,-0.6118142229069162,-0.4519310985894541,-0.557768712649182,-0.6839766955850894,-0.7258059680267223,-0.7621653138573556,-0.7341919275193433,-0.6470240374586275,-0.5382397935154698,-0.3673365555091462,-0.24973037439347986,-0.2584949850919969,-0.4355117878720943,-0.49833758614643414,-0.575702501441986,-0.6856036133031749,-0.6031311802838817,-0.257369633207142,0.05427015650604448,0.00023531493784725637,-0.12150888663922547,-0.35261799100278407,-0.6468283331055293,-0.734762896335575,-0.6465587799612845
-0.5985809438573922,-0.6081272246643091,-0.7374707544526447,-0.815193541698519,-0.8268152153210299,-0.7179742856254623,-0.4834895029022418,-0.25742507991545943,-0.08112826198325357,0.03957684075035762,0.0724197574428722,-0.15348221064225712,-0.4299218766756818,-0.5946944363471505,-0.5196675856980502,-0.3890047557108782,-0.2517348343326934,-0.25438908298137974,-0.38938018568730515,-0.6453744024984995,-0.7325880499380611,-0.6237991856965633,-0.4431046083566039,-0.34101671348226514,-0.46721596809251204,-0.5233647931840099,-0.5348432409362015,-0.5525152246629967,-0.505796771579826,-0.30051365072033726,-0.20536032373022747,-0.046744042517673494,0.01521212023207274,-0.2146803698136977,-0.5234901012106561,-0.506016950091209,-0.20594958017820547,-0.11362358980554078,-0.2184886794189517,-0.36642503983116714,-0.3369068137244366,-0.4127611822015642,-0.5850874033156164,-0.6094194078903507,-0.5646562665223545,-0.4611864926677655,-0.27624950482574384,-0.11866501222537915,-0.2283169631396198,-0.3362941828316573,-0.45150998071683024,-0.559231413825086,-0.6106041301867942,-0.7288476781360653,-0.7307467231202267,-0.6372322463542203,-0.665574656785284,-0.6802786882080237,-0.6955450848720288,-0.5853127527022469,-0.42439376221144176,-0.38091909942038776,-0.3736955700187395,-0.38619722979404963,-0.44761943385435743,-0.587055732513893,-0.7294973014700125,-0.733144504196485,-0.5638457366139383,-0.4066917645432792,-0.3434219524380465,-0.24850766077870926,-0.10870988413820747,-0.2239459549863686,-0.5283406201537659,-0.5628207562947939,-0.3446021466869365,-0.14291652224512488,0.010624095013992444,0.07960807810929693,0.07998213106146494,-0.18203139586465986,-0.5676414178497052,-0.8066884876443771,-0.8980445734072238,-0.9121162852869491,-0.9280695559335924,-0.9298931552517413,-0.8764366165464886,-0.7394915136045481,-0.5155124038852986,-0.17177703487652643,-0.15305219178325483,-0.5259227563905788,-0.8179077103622848,-0.883401576678691,-0.7052427067202656,-0.3837749727645824,-0.3383432014601875,-0.42054468901493114,-0.49830165403107024,-0.6937409600111883,-0.7366742337834637,-0.5651433261778356,-0.4193438715700975,-0.5484090151820983,-0.665861915120265,-0.6879631305178474,-0.7923458083239187,-0.8326780356015757,-0.7649861543717283,-0.6127315036870395,-0.4539306206588644,-0.31925267044054134,-0.24895453434647707,-0.3982505147524474,-0.44614030340229516,-0.5634275944411409,-0.7138581615585053,-0.6795297491953586,-0.3793710919119786,-0.06209436420965108,-0.11610106383088478,-0.1868382110708309,-0.3668607497958152,-0.6485819443889662,-0.7668160553726424,-0.7242648971211403
-0.6640866684126865,-0.6946528375034097,-0.7447677770582322,-0.732226025198619,-0.7523636345283979,-0.7084231426945076,-0.5491471807949043,-0.3459486738896765,-0.22384149418530438,-0.1487371640575435,-0.18215901576071655,-0.3308430867563782,-0.5678915962594234,-0.7123163597925685,-0.637161263077713,-0.42358898017586977,-0.22426877613010893,-0.2502918851052782,-0.48856654642009645,-0.7370036352551144,-0.7815643311553615,-0.5885489830964961,-0.22629770854284498,-0.09626196484873283,-0.3015258226020963,-0.5243394430636172,-0.6574810650294751,-0.6929349088670025,-0.5613587930802278,-0.2958099390597254,-0.18674238076469946,-0.13025894177228442,-0.06148916019520153,-0.2589986397948378,-0.5685750927054881,-0.6381658477099643,-0.4489781366081322,-0.26637242286079366,-0.2752381921933698,-0.33065591397473426,-0.26470412245827735,-0.41958581794255995,-0.5837982988314235,-0.6108197059607823,-0.6398015965452338,-0.5094574408648006,-0.20331597801635615,0.015593898946015124,-0.11724241294563757,-0.2912591195953726,-0.4274475317387853,-0.4043555166246459,-0.3705030726377246,-0.5817144313019689,-0.6646197311501747,-0.576226653834496,-0.5403515838424839,-0.43306443765842006,-0.4432924834593867,-0.3353376101190819,-0.20333280704052759,-0.06200009328840436,0.06879580476249711,0.07012411923409659,-0.06865149636275415,-0.2608657320165272,-0.5224670917064982,-0.6777616334670482,-0.582762009393266,-0.3572444511403832,-0.3290992247623247,-0.2747747080081937,-0.08704808049722834,-0.19082935202369966,-0.39483643024358756,-0.34292233773660774,-0.16201944561652698,-0.1322670769664874,-0.10405607803599763,-0.193503588615701,-0.260622433523705,-0.39885726726301685,-0.6739232476727399,-0.8224667736017012,-0.8386247924296538,-0.7992659673409539,-0.8596122581984232,-0.9192946831554415,-0.9227935415985311,-0.864068017935631,-0.7171835994897834,-0.4686570092211301,-0.3794277264291717,-0.6027613909943873,-0.8306781831001854,-0.880913838665877,-0.7034983565392321,-0.3895129694522624,-0.3408351457280519,-0.48267935757546243,-0.597765030431376,-0.7168025168124699,-0.6965669144364347,-0.5175058601329475,-0.4693626962329578,-0.5562488329380287,-0.6898305682094504,-0.7644684131816493,-0.855330536285225,-0.8793967589954592,-0.78670456252617,-0.586316958680998,-0.4677850512243148,-0.38520870761477416,-0.3370790955672392,-0.47489613898898386,-0.5296172074159372,-0.5676095867234751,-0.7084384657088,-0.7261210241104826,-0.5244530337439468,-0.26720213787538377,-0.2593595952238377,-0.2483313562440642,-0.38602220020171946,-0.6605654727803023,-0.7738551743788373,-0.7317526039863539
-0.6202679154779782,-0.6824787481515964,-0.6371544712296162,-0.4660125015947961,-0.4815289696589125,-0.5179601343782563,-0.46378110821806257,-0.29542706826142484,-0.25961758500716414,-0.2630316178246834,-0.19263088948929627,-0.19442873803599614,-0.4480279557200404,-0.6732153077320607,-0.615759825891112,-0.2696784544623765,0.03898594618455123,-0.007586748738335206,-0.40990517757618566,-0.6982268770169398,-0.7217041183741272,-0.5579950598866386,-0.21580674430469404,-0.07991283972474823,-0.18267626594869685,-0.3975124033218658,-0.5753837319624715,-0.6721371265559531,-0.6110390932848038,-0.5213011591249826,-0.5048410680564116,-0.48796079476834486,-0.41248192212570195,-0.45626098243899355,-0.6855533182227557,-0.7846955533412919,-0.702619896473198,-0.5417685037872572,-0.4299607486584032,-0.41551824723109065,-0.34231524408132363,-0.5105109493972118,-0.6631007023828004,-0.7243131151659776,-0.7260093986441023,-0.5769065677646725,-0.3281580291596625,-0.10084238418315969,-0.16668673374224413,-0.316886252436071,-0.30060764041966626,-0.16131829271517997,-0.14202121857200004,-0.45067031176189914,-0.6257302762898824,-0.6135797781319131,-0.5430327965572483,-0.37806928787004224,-0.37089540595443393,-0.3423127239336638,-0.22124195260430463,-0.08221613308517366,0.10434884083845385,0.08427315099878076,-0.0794375640238807,-0.18831488446904426,-0.3994162321376565,-0.6291803989319351,-0.573859396975232,-0.30481673626518146,-0.22291845943496522,-0.19977033548200931,0.013824724509989374,0.0028839478998828358,-0.09661614861743129,-0.0408075806763893,-0.07313005382631717,-0.2650151076268469,-0.4087833370271013,-0.5629490384785121,-0.6487200712587,-0.6994577200142825,-0.7482762507459955,-0.6836348805064466,-0.585085578631456,-0.5116452494074321,-0.6956629541775655,-0.8510151034619721,-0.9075425217926942,-0.9126843103583924,-0.8190584206932165,-0.5914586828901482,-0.4050438807791117,-0.5453527421020504,-0.7798354933631029,-0.8769808440149169,-0.7873498882208022,-0.5893587210391011,-0.5009791960673498,-0.4926400356550688,-0.5209662101662816,-0.5758830147685309,-0.5753214420783694,-0.49048912585373167,-0.49043130590318224,-0.5193720141854424,-0.6945905373382729,-0.8205311628765579,-0.8913135454038622,-0.8859855878623931,-0.7961469185852922,-0.5922683300390271,-0.38316553987877494,-0.264484986728241,-0.23778981287313955,-0.49202615255316545,-0.6449785580131329,-0.6735400584080037,-0.7037822647281156,-0.7135487498095032,-0.5980455825347254,-0.4779556075388935,-0.4472779284027073,-0.46661186831149065,-0.5520185172284596,-0.6956583102525583,-0.7316450419535895,-0.635575011996357
-0.552981625904597,-0.6084017885242858,-0.5041604959432892,-0.2500634661066833,-0.1918466733834684,-0.2158853773118309,-0.21615621349095723,-0.09972574567096587,-0.07680440691180376,-0.1535928078427947,-0.027554980885822037,-0.02429752469371962,-0.25756966478845844,-0.541450212433089,-0.5367797547222565,-0.22437471674062534,0.09686234142933905,0.08241175351377165,-0.32714460092855074,-0.5999608158180272,-0.6117492295947697,-0.5873191804924088,-0.41673570751787853,-0.26824813495581135,-0.2888291759242347,-0.3352008967933538,-0.44688207891355775,-0.586378806658058,-0.6028515717392682,-0.6828711228733284,-0.7600407461689247,-0.783209086458588,-0.7444835307037782,-0.7414181499072,-0.8273407058404827,-0.8658845172890699,-0.84991619766062,-0.7833616460890552,-0.6978644170151826,-0.6159267830441144,-0.4985513165418204,-0.5499850908388956,-0.6422480972623578,-0.7449384453304726,-0.7511640963301656,-0.629157133368712,-0.5526294746571943,-0.479208548800639,-0.4913190168936064,-0.4569152314503115,-0.260522750209206,-0.1638293266445894,-0.13756040271459735,-0.37038131685189163,-0.5109273873934956,-0.5683208480272947,-0.5997609449462799,-0.5203860843483606,-0.45786452032279906,-0.46353962248586306,-0.3791813443620848,-0.2302126566566303,-0.11694888598455681,-0.20298861740258944,-0.2729531960450554,-0.24679002161023358,-0.46751160999808594,-0.6733539947417304,-0.6058945009771322,-0.35409425225233104,-0.24467149008901126,-0.24567914017510356,-0.07441394016499725,-0.021879352051842105,-0.023498189123936784,-0.05681851889099081,-0.22141229506457333,-0.38143163736931335,-0.5383551063755653,-0.7314846884352809,-0.8386208497073174,-0.8204079036133081,-0.659559556528542,-0.36399527580706614,-0.22929875974171748,-0.26163564298501657,-0.5392030329157148,-0.7410600495090659,-0.8106864803317712,-0.8466538090178709,-0.7337682543256095,-0.45882447735133763,-0.26286026463794765,-0.36899880824312264,-0.6391862342259702,-0.774443463013962,-0.7386153980297174,-0.6010248990824788,-0.4805479554568082,-0.3292567963378189,-0.2606193749747972,-0.2504390489194489,-0.29388009579439694,-0.35020474769558724,-0.4794446117831473,-0.5471690217433782,-0.7070539795040678,-0.8101590149902681,-0.839190319030533,-0.7924496767126169,-0.7292450377809956,-0.5600360824867282,-0.36401693228224435,-0.1918154811821551,-0.20867761117320588,-0.5243917996199388,-0.7208981811332079,-0.7322232196239793,-0.6599865039866935,-0.658964741761913,-0.581186343480646,-0.5595568794444552,-0.5051900071322863,-0.5221426089170916,-0.5345184431647102,-0.6113974214723705,-0.6791076100252127,-0.6343619127334106
-0.5457050350463584,-0.48241042226506164,-0.3535846475384096,-0.19586175574882275,-0.1654638507453276,-0.09586516683830798,0.005789262243895384,0.09852084424480939,-0.0016986961220338882,-0.17761689906619152,-0.11987090214296017,-0.16596970997946364,-0.26522998546274007,-0.3943799979160337,-0.3912897424302687,-0.23755516313724548,-0.11785853449977807,-0.09452927321756613,-0.35404011250277856,-0.5668834296497091,-0.6077766162736838,-0.6761321300367474,-0.6668966914887964,-0.6034436316392193,-0.5747718490714392,-0.5572889609698666,-0.5716714697592276,-0.6420745769294969,-0.6963600150699377,-0.7786444926717202,-0.866192544931942,-0.9139777400577078,-0.9123091495528665,-0.8898299423853768,-0.8503417461257985,-0.7935207688289319,-0.8335799031005424,-0.8658793843406437,-0.8259308357240736,-0.6838983271537684,-0.4543390275457518,-0.37790033952219915,-0.4474742221372468,-0.6741789376074777,-0.7886594479501029,-0.7680740895371686,-0.7507559345210805,-0.7548788760524697,-0.7461415817484494,-0.6221862554998758,-0.37486910045520033,-0.3068632507624033,-0.23753389686247792,-0.2865720402946551,-0.3356117388129621,-0.4523818587105464,-0.6346480629626101,-0.6796450914199529,-0.6029182436724765,-0.47053840248241985,-0.3245797917624464,-0.16470597146836555,-0.14103427892025172,-0.3493201597657226,-0.40624996037851197,-0.337219572834774,-0.5105820882838925,-0.6245927276449437,-0.4754529297337324,-0.22683944472423906,-0.16693181727199352,-0.33632815348392,-0.3373443920028155,-0.2677450336804764,-0.28756359511370777,-0.3359778210259043,-0.39962250683649053,-0.38226010589937753,-0.4974117811176372,-0.7425228060045931,-0.8588754266301708,-0.7726463915717772,-0.4934299116600184,-0.11566763092544473,0.03899743150706323,-0.13402923855841284,-0.3921658276742818,-0.5994422979560674,-0.6544880986448005,-0.6805134533096863,-0.4691707976078566,-0.1120921482273276,0.0006581529079713582,-0.2280613823827421,-0.44740909820908287,-0.531791183519043,-0.5008027263012333,-0.4018959885687253,-0.3489430186396614,-0.26991545712552867,-0.20615599848534888,-0.11092039641080195,-0.11142564786579896,-0.33477547487364406,-0.517214049089088,-0.5560540152045333,-0.6710483791916606,-0.7103842772106196,-0.7004417269986438,-0.6091309349656471,-0.5928311332537634,-0.4676327752782497,-0.3804495992644154,-0.3282295578628531,-0.3744772253179349,-0.6175145998899517,-0.7706708441084156,-0.7883376222926304,-0.7344673689591245,-0.7384493867680848,-0.724588029299206,-0.6996439975816596,-0.5763026759815584,-0.43830062116046026,-0.32608344201083894,-0.39221979361494247,-0.5642828766306035,-0.5931196483924395
-0.405749763441222,-0.21582791814008384,-0.0803055120310931,-0.014974341190874199,-0.08066832398647325,-0.038085524759167974,-0.0748666098235012,-0.0938670580953802,-0.28655640887771333,-0.4334937724730781,-0.38440284451268253,-0.34584239576369274,-0.22733359225181693,-0.18938441429662406,-0.2310807842089235,-0.3354267624392077,-0.4029464849327205,-0.38593201282180994,-0.4454041165758559,-0.5708340215715353,-0.5883679892140496,-0.7024045209373908,-0.7796962413396644,-0.7626082590028925,-0.6944257329743824,-0.6284541549614895,-0.5206164682449073,-0.5168250641176114,-0.5948309594091126,-0.6541072969568059,-0.7770614366357246,-0.8926646670419033,-0.9392551805911771,-0.8858115137278927,-0.7188113317528445,-0.5425174515038821,-0.646778719257634,-0.7715410862121806,-0.782001768960979,-0.6203986172432452,-0.35492703292993383,-0.16294708754576345,-0.30149407031475517,-0.6179268988393423,-0.8016157475754616,-0.8200157981542157,-0.7956766479087751,-0.8431494763951826,-0.8566190790513031,-0.7427833681582524,-0.5344324349073796,-0.44164359982971824,-0.31054922671387436,-0.3092362092370354,-0.42191519488261625,-0.5446913684675496,-0.6808762683996769,-0.7136955503736282,-0.58490856530053,-0.325440819026841,-0.2229468804601618,-0.23459081439772309,-0.2770919284136204,-0.4568438705139951,-0.4451586527249932,-0.3454017106375623,-0.38377999951830916,-0.4120001964588974,-0.26836870615039093,-0.22029347909019073,-0.27064608029400333,-0.5244714434149628,-0.6285341140187177,-0.570497240987174,-0.4706847192835861,-0.4145312574890031,-0.43461458106031153,-0.439559071291024,-0.5885903798607612,-0.7812713313560182,-0.815985525652376,-0.6557754333667372,-0.3914188419537584,-0.1330401811945926,0.061617732569242314,-0.06092439461479171,-0.22564365683629894,-0.4965795936653024,-0.6133443465662097,-0.5938735464760718,-0.32988513346573073,-0.04591436575073933,-0.02120569921551042,-0.2428429484068801,-0.32086758947164873,-0.32603140225213856,-0.3136069432719322,-0.29414104342510516,-0.232109084046443,-0.19017873477450536,-0.158541940446784,-0.06397795331879305,-0.11927383934514788,-0.4359556772217529,-0.6414037840327487,-0.6674570497788174,-0.6799554734118145,-0.6281928890282519,-0.6260122627031554,-0.5730594983213525,-0.5986230121700837,-0.5368378132653768,-0.45417798613236215,-0.4676884392700325,-0.4890025988244673,-0.6438604934134655,-0.6993183287323852,-0.6992940382871393,-0.6735219247869517,-0.7328152509083067,-0.7872606815084014,-0.7305532180193397,-0.5099561135528696,-0.2918014207200309,-0.20781409848765398,-0.2912381322395159,-0.44295348024873193,-0.4450778668745646
-0.37489887167386676,-0.21032377422014087,-0.12494134912605896,-0.05777029215541007,-0.12031325405390093,-0.17513683320777304,-0.36763817670066723,-0.5033757651482991,-0.6390329818904891,-0.6701084955328206,-0.5486746558740782,-0.4552051148039493,-0.2716288928459647,-0.16305144101195787,-0.18193355127441516,-0.3290652248458849,-0.49784913135587905,-0.5503340334022382,-0.6213978822277826,-0.6944995494861352,-0.6858496801476829,-0.7156004858874065,-0.7889107870847173,-0.7717968739999471,-0.6410960527269207,-0.502092373592962,-0.2302597612219519,-0.14865102163018412,-0.25283389830153385,-0.2935573356300483,-0.5160476061032557,-0.7663295535878036,-0.8690851378446027,-0.7727663664809221,-0.5164799316260008,-0.2850502045138235,-0.37221345059129174,-0.5284589265575173,-0.5808382989678387,-0.4152200441202104,-0.19227643171093678,-0.05486136931009441,-0.21813786133122448,-0.5506318516677124,-0.7414291541380571,-0.7673161815408585,-0.7262192582912335,-0.8205939341230805,-0.8683370749923959,-0.7841493088100636,-0.6223220264498334,-0.6110593874411782,-0.5778827623081848,-0.5766273579937613,-0.5980305602392114,-0.5695627289027966,-0.5739360889737628,-0.5835698578685384,-0.5273275838195987,-0.3599653536340934,-0.38353574537448604,-0.4938411355353032,-0.5676347055459835,-0.5936939341366512,-0.4149709225131946,-0.2017726634870207,-0.09874275429219376,-0.15287730900020935,-0.18346970533198612,-0.350173571404781,-0.530214280087969,-0.7423558023867884,-0.818887954595023,-0.6992024194096785,-0.3996178661859574,-0.16360431472269296,-0.2134505905311067,-0.3574667249828585,-0.6242234111322389,-0.7886483000963376,-0.7551413446407753,-0.5962463479625951,-0.49865112800853767,-0.3531508022421438,-0.13064115266504983,-0.12747274953766866,-0.21034596770394456,-0.4388887690088767,-0.5610674967953895,-0.6071345531411124,-0.521381998796485,-0.40269067924927454,-0.4033257480575843,-0.5356578696048174,-0.5757935822801926,-0.5542011019998541,-0.4842140156998499,-0.387447349732281,-0.35645085152570444,-0.35100962623004034,-0.2879568858663682,-0.2513585437104566,-0.31847288345623953,-0.5789506529699876,-0.7254209501553618,-0.7225868448369811,-0.7385501332046636,-0.7117996462465778,-0.6751477440650319,-0.6047520542725453,-0.6652764425585274,-0.6755136393202816,-0.6677813938613804,-0.6945340266431287,-0.6954371143310923,-0.6731161150366926,-0.525010928118222,-0.45827098627051743,-0.44792218331650413,-0.5884454460882703,-0.7225251555979986,-0.6457562646904643,-0.3578320508396593,-0.19494502670299038,-0.10316439418150934,-0.17448442124817076,-0.3111575123694644,-0.3482108823302971
-0.3935334682420785,-0.3483381090851416,-0.28465215635002505,-0.2763945038516605,-0.3137027444997123,-0.4677902958752656,-0.6717944276998581,-0.8020394238277598,-0.8721088475855026,-0.8462625777322342,-0.6891709072184505,-0.45771925446223255,-0.18991037635945415,-0.04176126891425923,0.003249286122606516,-0.0986242771211177,-0.3507026718368499,-0.4923619887562329,-0.6421181364468388,-0.7186594188860704,-0.7115168330088093,-0.685606280374683,-0.7803203127316055,-0.8009107266614394,-0.6946499814678111,-0.5109604927225841,-0.18544879500011863,-0.035099650397705365,-0.07625424856130313,-0.11440886815109454,-0.35060753995431926,-0.6657878504569753,-0.7641517325336804,-0.6078624898309105,-0.3293680319313345,-0.14543146403492774,-0.1560769417849266,-0.28674749101985475,-0.3939890901201,-0.32056796683736477,-0.155374884016444,-0.19506440964954175,-0.3286870748862146,-0.48722780892827056,-0.6008153174359405,-0.6673926038208587,-0.6917934981930329,-0.7869559867713214,-0.8645080650122956,-0.8514743270764522,-0.7899362229755333,-0.7996444636404312,-0.7904802351722214,-0.7485698722378427,-0.6640985778770895,-0.4812081458136277,-0.3741076405237863,-0.3792067240277239,-0.4701060365685,-0.4833808228367731,-0.528572224975422,-0.6501827324955606,-0.75991609126723,-0.7759398537241672,-0.6214277452842901,-0.3656370184216575,-0.10398282903529303,-0.09750265237657484,-0.26112143466953314,-0.45630916085580603,-0.6604714568871484,-0.8399236765690576,-0.9046883848190818,-0.7855125398781215,-0.4243247501989536,-0.03209286862014347,-0.09268435764071431,-0.3912335934306399,-0.6576508935686844,-0.7587815756583361,-0.6973863296287093,-0.6415569735759764,-0.6665026566432155,-0.6257078031938373,-0.4644741093458433,-0.3481754717006476,-0.3649312944747501,-0.4108484961879924,-0.4390104548328458,-0.5470383892463695,-0.6219989574097108,-0.5866320750243477,-0.5634612766965531,-0.6735969417485194,-0.7402836143747898,-0.7287490552727253,-0.5789635224554327,-0.3545612951070711,-0.384386034349187,-0.49680239775601187,-0.48065253060318486,-0.3874144309143256,-0.39130279349644087,-0.6161431465332038,-0.7214609984142052,-0.6963590120270439,-0.7746967663073926,-0.813783680002498,-0.8000264266219869,-0.7368340562629756,-0.7101507113097796,-0.7021157387935327,-0.7516241576885324,-0.8002445110602631,-0.8076783354504472,-0.688408682465207,-0.43454915068367583,-0.3217741297596309,-0.38486340038562133,-0.5086917266194878,-0.6647776744342428,-0.5719468782675909,-0.27483189519908596,-0.16910700984257623,-0.1723906458483764,-0.25948403250325236,-0.2813889605451882,-0.28283839217654794
-0.325733004662991,-0.3077186843907055,-0.24140424223098483,-0.39120555020733505,-0.5187176452006255,-0.671637794958934,-0.8309009055866979,-0.9261320762388191,-0.9640082039183083,-0.9174830286709362,-0.7352456287107549,-0.4314783411018767,-0.24174702114304225,-0.167236098940839,-0.06038389892638263,-0.027096033592553744,-0.22419648726826868,-0.4225521102571487,-0.5217279510938981,-0.5871177175681742,-0.6825453539416885,-0.7303585993421372,-0.7902792253976927,-0.7912854671768131,-0.6975394599607314,-0.5774205566796465,-0.37470360248201157,-0.2424903802162207,-0.22449021370974487,-0.34126000782836485,-0.5465432655419157,-0.7405484273818013,-0.750075492249094,-0.5669137690051474,-0.39749702300759426,-0.2548741051583206,-0.28322663686866195,-0.3680290724899918,-0.3852560950955358,-0.3629030753626055,-0.28131344236461964,-0.3623522507363508,-0.3760602433919457,-0.3371930715745739,-0.33128847440418285,-0.40417286361029225,-0.4818972011343344,-0.6270705992904131,-0.7979930332871265,-0.8793397445842901,-0.8907738424708638,-0.8972008843271461,-0.8587693602390017,-0.7813128512250573,-0.7315685326650994,-0.6171943271236985,-0.48431770089954057,-0.37583240272988616,-0.39592880760772325,-0.4685885088219325,-0.47048228988698404,-0.5739057247388577,-0.761226488522034,-0.8490895677195668,-0.7710800828037805,-0.574317613584238,-0.30950000769091973,-0.23559889933341938,-0.33091528722242086,-0.4168908163452032,-0.5852602676270287,-0.7617086247774578,-0.8570328862775008,-0.8022326736058687,-0.5053115026620469,-0.14458366069858433,-0.2568708166821359,-0.504924709387059,-0.6291985041619913,-0.6351458910462819,-0.5428803480151191,-0.5829160156950225,-0.728137602451088,-0.7993598553817711,-0.7512957128763295,-0.6583384501090739,-0.5781507933697377,-0.4762778295768189,-0.4739619397512082,-0.5121161220720666,-0.5858615205620531,-0.4875954696311109,-0.38105218365299853,-0.5227477722895223,-0.6566824537117785,-0.7155843740094634,-0.576541448164758,-0.3414154941793049,-0.35978783440318185,-0.5104883432858289,-0.516243631964785,-0.4046056493800666,-0.4404676015172095,-0.6331700252524562,-0.7201738392529704,-0.7267935449666401,-0.8015062339258097,-0.8334781598229183,-0.7988562565423133,-0.6831232518562644,-0.5475331867604312,-0.5131920125133277,-0.6009658527576838,-0.668901797916689,-0.7192195660162837,-0.579871256670957,-0.34094654425798976,-0.3731234741237284,-0.49217362406437576,-0.5956927573503003,-0.6601241042564762,-0.49119096145134833,-0.20818761414374476,-0.12342347457323587,-0.241060413195879,-0.45401385927745747,-0.5133475671927566,-0.46808089644837403
-0.22397525168630003,-0.16338019687535132,-0.1243295567364584,-0.35832041324060016,-0.5015365692990348,-0.64287537385307,-0.805714115428439,-0.8945106458862471,-0.9343076069123395,-0.8903433667103126,-0.7267935665719603,-0.4415890479305418,-0.27597085248073944,-0.27941306050993414,-0.1500130738443995,-0.04634339531170892,-0.09368835535007336,-0.26506092161009626,-0.25475938153286537,-0.30895853559343367,-0.545587011680144,-0.6604019970745664,-0.6764094546878462,-0.6476448439491099,-0.5318273317536719,-0.442757280014882,-0.3372829020547182,-0.3412948044258496,-0.4502201052310144,-0.5978768739579886,-0.7550884761252269,-0.860579944873274,-0.8484419766949003,-0.7445338822047909,-0.6509590109202468,-0.5304959237671982,-0.4775913346337201,-0.5432412104668005,-0.5503596166817458,-0.5169089867350077,-0.5197626634879743,-0.5513154748724671,-0.4713598657307584,-0.3688286901288366,-0.19691387887846137,-0.11022113587022454,-0.17217099744192146,-0.4026184222334604,-0.7061539272832207,-0.8593137762839252,-0.8882516396729627,-0.8842609581021079,-0.8248397122439339,-0.7320308590319253,-0.7675153500333347,-0.7447304089461547,-0.5905915078786033,-0.322804062767222,-0.22428366534306465,-0.3832863246969388,-0.4016687148188187,-0.38704029731731254,-0.6295863964980644,-0.758929112835929,-0.7002084430812426,-0.5869773301399289,-0.3651620880975126,-0.2687848536702537,-0.328084383702999,-0.37944627447316076,-0.4255856995849275,-0.5437337119673907,-0.67061027138011,-0.7401164396042935,-0.6046794391859147,-0.38709880360317306,-0.49408936674775017,-0.6046701611854575,-0.5582250305743984,-0.520678547876419,-0.4872338453360567,-0.5301909329680431,-0.7339865791913668,-0.8740180177315134,-0.9029097493697501,-0.8533537538035323,-0.7680727098510924,-0.6914255164008045,-0.6685988686146331,-0.6356987012425674,-0.5857885310879277,-0.3660415709274634,-0.19385718899769283,-0.2964931530094322,-0.4609177628731655,-0.6170216566248191,-0.5829437524998577,-0.5029064916740342,-0.4814815066695247,-0.46923156087273393,-0.45902980070749616,-0.4424636584977901,-0.4535023524776013,-0.5661643823741576,-0.5736671887749012,-0.5700992767835066,-0.6556749742781365,-0.6497686245801676,-0.5577460649297917,-0.37913767626661954,-0.20449123499673783,-0.2504312795251305,-0.2853397250563659,-0.33114204551773196,-0.468088195693538,-0.3942298337068045,-0.2971181526844728,-0.41171314853613233,-0.4764601999842416,-0.5233226412476935,-0.5434505319274502,-0.30864490533007716,-0.06974259344363824,-0.16583465657942867,-0.3909558472970402,-0.6034630431422439,-0.6413741474652349,-0.5281954477984636
-0.04060686456972055,-0.02311391241597026,-0.10153506184881107,-0.32146965469626937,-0.36797830072524434,-0.4793277231648617,-0.6530777608684979,-0.7151992043896362,-0.7705803573440739,-0.7398287745023151,-0.6375640489277214,-0.42155598232044167,-0.3524218499860604,-0.4126696587612169,-0.3439881276782472,-0.18356841734299872,-0.15805715842314286,-0.25534379276788466,-0.21298490694799768,-0.25132769209970723,-0.4654887345066381,-0.5150113658136136,-0.47671482886013933,-0.48195090977207367,-0.421504999239762,-0.24416169788425438,-0.11405830621375294,-0.23729910261157186,-0.4823136472315333,-0.6530594277920787,-0.8146156385283773,-0.8947953412946273,-0.8690681722427533,-0.8148169567128775,-0.7686914333402488,-0.6349320203825265,-0.4903183657551108,-0.5874996772074322,-0.613116774687828,-0.5608941722415596,-0.6425678825484883,-0.6895225766032902,-0.6151414924380945,-0.39423953333347606,-0.060700734728291086,0.01109795167090327,-0.14100389610236372,-0.45348098246035484,-0.7304551215291201,-0.8131784673809687,-0.7615044461502446,-0.7716239193464404,-0.7940061574409079,-0.7945652995364311,-0.8462005385743832,-0.8423617163811327,-0.6942986142680622,-0.4158718810424673,-0.22603715814646605,-0.38387776042676786,-0.3808037484444022,-0.2622048237223843,-0.46690329107978845,-0.5303074529516474,-0.43849611311406106,-0.5221323114943398,-0.5027075811862743,-0.41679105547715817,-0.3517332835245719,-0.3656570690434684,-0.36478128860525305,-0.3312582005538426,-0.4369469508880916,-0.6551989712974434,-0.7228617839041396,-0.689643969788112,-0.7486992250119001,-0.7612651247412315,-0.650538199878951,-0.5287100395775938,-0.5297239710092353,-0.5854711121915948,-0.7362832184922192,-0.8752365102337698,-0.9278013168257918,-0.8891104512481504,-0.8065850664594632,-0.7824988765565815,-0.742455936251924,-0.6407459185323043,-0.5852975296095007,-0.4318093109734645,-0.25524211282423664,-0.2849005943052593,-0.4821364210702726,-0.6195458066228919,-0.6036775505087423,-0.6153352897329605,-0.5224773704639045,-0.3307573794641114,-0.3434026046540383,-0.4849817288788685,-0.5218520583863553,-0.4588004817457044,-0.29674579564749065,-0.22655912636571554,-0.37796639755065925,-0.370988729294749,-0.2612481213947886,-0.08531563793355271,0.05480543295314006,-0.005669838048763834,0.013319493130441814,-0.09973313597411579,-0.28621822013215104,-0.26842403445927016,-0.34337910884748774,-0.3856411486407963,-0.28120367711857375,-0.2852438263264067,-0.4039542197772143,-0.22419954397754419,0.04734344569484558,-0.05095036938722291,-0.2548162626984876,-0.4382957593831305,-0.4803091418097847,-0.3078960310481542
-0.21189829729358042,-0.23952334881346557,-0.37044516872923694,-0.4739317811845864,-0.4359184710373735,-0.5030069075637078,-0.5526736469378924,-0.4868735127244571,-0.5504993251561933,-0.5310117325017789,-0.5477443110196303,-0.4716037355536853,-0.40206896029871525,-0.4836693202907819,-0.5358689131266465,-0.47171185019795314,-0.41307412626642925,-0.3623896131445955,-0.31053287451058736,-0.41457956298953796,-0.5157891382772892,-0.4511437557456434,-0.44544489077717014,-0.45762575916711756,-0.49718726178876943,-0.36895103060034745,-0.21564188581929303,-0.34295011984798307,-0.5089496920351467,-0.6117577544473823,-0.7767616491370919,-0.8059174123334474,-0.6842478861869035,-0.6339428509863396,-0.6962089851255254,-0.6522960158826386,-0.536243959555109,-0.6251226669150445,-0.633863056627957,-0.5839362802219709,-0.6346247805186187,-0.6146025972498038,-0.5122080527699392,-0.2125298785115052,0.13998536613922744,0.14402359829450556,-0.1369537802980004,-0.5408613986751378,-0.7615659953374193,-0.7103266452426856,-0.5066674212855578,-0.5521678190786259,-0.7134620457545459,-0.8156821376515887,-0.8597533648742808,-0.8325496756739915,-0.6900505706221817,-0.4964189862315736,-0.3428090327002409,-0.47234763650374684,-0.41964854676139585,-0.21167566345765848,-0.3015296536650948,-0.2347435747975999,-0.1529227259183125,-0.4217326711871865,-0.573609003758202,-0.534581967590172,-0.4529147892835899,-0.36875908995927964,-0.3531969986617212,-0.29054775113758463,-0.36780675873255664,-0.6071836152367541,-0.7803609364498255,-0.8542816374259828,-0.8993010846706366,-0.8935057959193687,-0.8039252335718942,-0.6582509499358907,-0.534424991583407,-0.48660984718586475,-0.5584140948209476,-0.7127203565141935,-0.803744785993674,-0.7980714997315593,-0.7121249623757667,-0.7115244182679333,-0.6142887920027819,-0.39764064884917383,-0.41101186274391593,-0.4347426314752239,-0.3823659698854779,-0.4953329684745173,-0.6667913343014786,-0.7663020592526998,-0.770851795595744,-0.7596786996927497,-0.6338072875381142,-0.4178120603235538,-0.4396623349359997,-0.5514011473440436,-0.5516970476509303,-0.4138658997722943,-0.2560809954281362,-0.14857127887100888,-0.3675093389362761,-0.4839143030711845,-0.44963081963817153,-0.29143171091593884,-0.07942909915988185,-0.033141516053454764,-0.024663493335617997,-0.22770884600776087,-0.38988871521931656,-0.3757824162226408,-0.42565678140306556,-0.3153147383663724,-0.15548309450889108,-0.1829890886697824,-0.3205084536577352,-0.11444627698947742,0.2117163141129114,0.24057014252451128,0.14056702723166128,-0.053875076027946875,-0.240579281213616,-0.18400052967836228
-0.35063601916989146,-0.3723645353202317,-0.5121726711632107,-0.5112595226288088,-0.4076516227358789,-0.5228718081965732,-0.5595548122461206,-0.4619913526969715,-0.49618334589261004,-0.462687485680133,-0.5046551477566548,-0.5551926572652368,-0.5354761557872681,-0.5425371188734647,-0.621832821184061,-0.5986219783841416,-0.553884342026843,-0.4678962461255945,-0.4971012063899463,-0.5915562388398639,-0.584384172592359,-0.4839808684313877,-0.5267210162709058,-0.5987713279767051,-0.6712985687620611,-0.5971460755176095,-0.46240502841309306,-0.5057929494258686,-0.5722854787290159,-0.6753946297436052,-0.7693416279543297,-0.652127456266527,-0.3194799127314304,-0.24411168404591135,-0.5131748447207091,-0.6630922715237916,-0.6528748980765158,-0.6595695658965977,-0.5751985286610843,-0.48101327637667296,-0.45767057012895346,-0.2774246585648478,-0.14479518586882845,0.10851000138990889,0.2417796522930668,0.04583220770795127,-0.3434136486746087,-0.6927357830585,-0.8204876345817579,-0.688798831736872,-0.41943102151420975,-0.4321317316121613,-0.6491358663693385,-0.7644670508814126,-0.7497520287512535,-0.6803272789376796,-0.532537074032631,-0.4652041565202465,-0.4454481737465855,-0.5681845060357442,-0.4862231856910004,-0.22210864362974803,-0.17075996328374435,0.0314391898130509,0.037447659249651044,-0.35503547050776985,-0.5886906434734525,-0.5564375446711205,-0.48504109512785354,-0.35973984684277105,-0.2787459939970806,-0.18286525091002617,-0.22110938012118814,-0.4593724735717868,-0.6995355173809263,-0.8453834826634016,-0.9033261605089189,-0.9280458909231384,-0.875955722430732,-0.6939062038902256,-0.4031154435907,-0.20928104227368483,-0.17886498129213496,-0.3526453780296381,-0.5204176714093657,-0.6484070019741117,-0.6398574842702508,-0.5936002139043329,-0.4498307497729872,-0.18140644197514202,-0.24106455454186337,-0.45098087010472143,-0.5858149035399441,-0.7146363073622269,-0.8081579202638169,-0.8530475935047152,-0.8418426383294533,-0.8222825126117492,-0.7500392742467702,-0.5960355282549057,-0.49996333166854023,-0.4966659219480157,-0.5168179938329607,-0.506229603011803,-0.4248643780040535,-0.34334633107990775,-0.5522830910136123,-0.7098042898795565,-0.7333442761799881,-0.6345492431716288,-0.4311317803540107,-0.25643436480172366,-0.26518297739425467,-0.46502215236916083,-0.597442494248397,-0.59265002496969,-0.47658007706715294,-0.1571276108564268,-0.02410034467645554,-0.20897857881892778,-0.3072197017165457,-0.03028693688167018,0.23706873473096526,0.25370280281865226,0.1869847144419511,0.021759960820015987,-0.17471421516045896,-0.21405289042632833
-0.31024422691554204,-0.37976046133131186,-0.48472048431839176,-0.44461266357578383,-0.39952754615890024,-0.5728831096382586,-0.6403526471446794,-0.5838251869920459,-0.5392989520123659,-0.42843216839510445,-0.4630404486013395,-0.6154255693059298,-0.6700431068877325,-0.6830766161312699,-0.6950528924740992,-0.6266896753499162,-0.6242237740578296,-0.5902826952899839,-0.573896612008882,-0.5668017683218123,-0.44084846344503076,-0.30477028616794977,-0.42568544994087054,-0.5735834635385065,-0.7147229927310205,-0.6986361985579305,-0.5727521585698735,-0.5811521754399259,-0.5917841834878751,-0.7293527973338703,-0.7897941527579379,-0.5861383513644692,-0.14824912452048097,-0.051237957803533976,-0.4137917897925811,-0.6492539222019481,-0.6696299536039083,-0.6482330638149133,-0.5373764234281189,-0.48179675757411117,-0.3688731046144445,-0.06375442591923622,0.08810610698410659,0.2059716392178431,0.14800090447955777,-0.11680497782761966,-0.5145462192237492,-0.7795795709471008,-0.8729694644458725,-0.797127626852015,-0.6415690849869794,-0.617685845791296,-0.6843240275322573,-0.6742200979221293,-0.5519667447778526,-0.4482427946336368,-0.31922240606860974,-0.26583726703048877,-0.33677675935511436,-0.5471307950296946,-0.528805869324209,-0.3189155755562591,-0.22378856997401408,-0.035771675429165574,-0.09360573787224517,-0.47376383970200586,-0.6890811670890221,-0.6229837082925755,-0.43375854401563185,-0.271758026226684,-0.2358830129641858,-0.24688855155855796,-0.2244987358136091,-0.3058961488463179,-0.49469476408305885,-0.6646300573962107,-0.7336865034836296,-0.8430138495824354,-0.8587771025169227,-0.6947303812074469,-0.4122595097540973,-0.19402050281736055,-0.040524288584660416,-0.055490344619522125,-0.16530994066907154,-0.4039180435762559,-0.45998190655883836,-0.41896276850549,-0.3662358061241592,-0.20234546729981778,-0.3130483121027272,-0.5088253980222752,-0.6932165869631376,-0.7805671082151411,-0.7703628050744115,-0.7443124010421387,-0.6896979747940777,-0.6792764196669279,-0.691876070170376,-0.596679501943983,-0.3967529074856277,-0.33199917551794605,-0.4201997312540897,-0.575280534828624,-0.6173909676299146,-0.6341793913405426,-0.765994488424278,-0.8575303006781552,-0.872677012070478,-0.8373866660968775,-0.7177743652121115,-0.5548450828717771,-0.4795147329067306,-0.60018177096654,-0.6775243763844977,-0.7004482708531222,-0.5564192485435283,-0.22830673182079333,-0.1388005045677147,-0.34771915381564056,-0.4148079927863875,-0.14491544361746456,0.06395444820578297,0.03000824739694304,-0.15120166315184244,-0.2655885383947457,-0.25167192788399184,-0.19462062178846937
-0.12192396554212936,-0.20446889408437124,-0.30826862317713843,-0.31768764560735324,-0.4273407919402014,-0.58632982590904,-0.6074220364956815,-0.5795289042069346,-0.5901348658659231,-0.569537810373974,-0.5954144204393801,-0.6831170163951039,-0.7028072337025937,-0.7344030541702379,-0.7540676752918216,-0.6955459328575705,-0.6456478919919059,-0.604568796595392,-0.4920293623395582,-0.4030697218035791,-0.2466476351132191,-0.14880673035661762,-0.2506285471893357,-0.4140217573543064,-0.6714600981929486,-0.778287369537396,-0.7531129002829234,-0.7404158466412052,-0.727322796881731,-0.7991569282642264,-0.7873940947117546,-0.5518810254653238,-0.17191642593703968,-0.12099366551533723,-0.463524206391888,-0.6642829772829948,-0.6600731027006574,-0.6823878736484796,-0.6278294750599018,-0.5520703770302785,-0.431600742691347,-0.1732505321829604,-0.09390423259922466,-0.030331832891155597,-0.11099154171210622,-0.3748318340577165,-0.6133237946918167,-0.7495929626738403,-0.854065261741661,-0.8714085836242882,-0.8152543565004772,-0.740432187747236,-0.6498779604012264,-0.5648730946439945,-0.4399696851868061,-0.22720718643342774,-0.03822162097666501,0.04048367953857043,-0.15033824700130397,-0.4114678060517938,-0.456633055820763,-0.39588569252058475,-0.3746850113168302,-0.3776418101599073,-0.4940826862569424,-0.7183126032667141,-0.791389042918603,-0.6198671244658498,-0.36492448881106077,-0.3499127647546933,-0.40486287176553326,-0.41407430780532917,-0.2983530342528049,-0.2780658990328224,-0.2767345480578027,-0.3856795996148535,-0.4150697236682659,-0.6440727834975615,-0.7217251077040819,-0.5562409483027955,-0.3423967767016005,-0.2544160903535719,-0.19729112937442309,-0.13590951276516858,-0.07917407806818053,-0.24927204698042432,-0.3043692796576058,-0.3455092474276759,-0.37808938013767995,-0.334283416124019,-0.4164583535844871,-0.4991536502143175,-0.6676710834411442,-0.6922745091411701,-0.5682973694345013,-0.4754935517931538,-0.38018276565989884,-0.37832272850719556,-0.4927810277204728,-0.5405588804540021,-0.45384742131932065,-0.47637483856361923,-0.5833387672890178,-0.6860429439475955,-0.7100138654483881,-0.7732645946548686,-0.8414283027281386,-0.8316417199398797,-0.8087008032738694,-0.8520059882893409,-0.8483069543008794,-0.7833755948376395,-0.7165698975662742,-0.709493391013464,-0.6896777388368791,-0.7589311107136094,-0.7195466973790084,-0.556071225872327,-0.4821507817491187,-0.5504615590341633,-0.5788279098267922,-0.35654125917572005,-0.12736907467091735,-0.2852723656714115,-0.5259435139731662,-0.5991245463988732,-0.4536166278142488,-0.24045677426090553
-0.06729103703429273,-0.1717178745004882,-0.21684489605417093,-0.2589086799742176,-0.3751695315815845,-0.4803270039683843,-0.4397056870560921,-0.426619173734897,-0.5123832920610099,-0.5697074682330359,-0.5664554552719034,-0.6096471259070932,-0.5789136635425303,-0.6186546720539917,-0.6714790782183867,-0.6458223143817075,-0.5979045660687148,-0.6289439903996671,-0.5544516414868953,-0.4406083574261207,-0.3834701065508492,-0.2950720657190281,-0.23407427981835927,-0.37012788125449775,-0.6551275009103363,-0.8307761366960114,-0.8618697157501806,-0.8182392417223074,-0.7310946987377892,-0.6987057421135681,-0.5659632048222851,-0.29002389323957956,-0.050017260476238584,-0.24364093605142023,-0.6003357927566856,-0.781263770624562,-0.7840239207843245,-0.7571549031274347,-0.6954165657594918,-0.5906931925345626,-0.5314531641592797,-0.3937727328579851,-0.365900288771975,-0.3316945627624986,-0.4422617541329294,-0.5666220901314388,-0.5950525246491097,-0.6309084156767774,-0.7892991071592538,-0.8836057989412891,-0.8593744119242139,-0.7177936601288399,-0.5299373296659693,-0.4546714631031732,-0.42322133032911813,-0.23934368648783153,-0.0445635484092976,0.1524964822780272,0.07247042251683886,-0.10259926948238375,-0.1212643251375042,-0.19250271337891012,-0.3344564179694683,-0.5684360589556946,-0.7536923747144932,-0.865997040714941,-0.8173751796352619,-0.5845976251570165,-0.3770364660809233,-0.4465614767125814,-0.5215180961941848,-0.5460705862985472,-0.4452759640160634,-0.3774814693775077,-0.25604023135825604,-0.2514089872570361,-0.20606000463929927,-0.4703001387660644,-0.5555184805161313,-0.39027619494533106,-0.3281237836881567,-0.2930183306111075,-0.3066238655439732,-0.2663209318879518,-0.14724442641980087,-0.20037456135779882,-0.25311624088752555,-0.26764551271905773,-0.3257052701261449,-0.3599573306224573,-0.4650766235355202,-0.4964929223622384,-0.6043119137406604,-0.5837705062939886,-0.4573910203302775,-0.32399738738060335,-0.2936163638938099,-0.26733709265082695,-0.3304899351854566,-0.4663176859502522,-0.49236988486880573,-0.629002169350385,-0.7333322316038406,-0.7489790704854875,-0.7078049071036081,-0.7813225251700486,-0.7701886463198019,-0.6252305769603997,-0.5652434414285175,-0.7144682905495219,-0.8250361815742329,-0.8689055566978484,-0.861506742477202,-0.8368108505417163,-0.8153631402817083,-0.858240799593538,-0.8577227937407464,-0.7872433605913359,-0.7053335728016116,-0.6529106958557385,-0.6668849215934735,-0.4926984164678378,-0.2815982150038799,-0.47860846802148144,-0.6754589880082028,-0.6548841560089826,-0.38521394088866934,-0.05407815492437445
-0.03575963490632054,-0.194210648599171,-0.26611078149355105,-0.218217664932222,-0.2715775253605404,-0.4049280474450579,-0.4752701320588602,-0.483698002540517,-0.4570395286884311,-0.42167624333070514,-0.32622004339263366,-0.44103503363081026,-0.4748791522306636,-0.4253230774766432,-0.4655525043884007,-0.528537046525172,-0.6265115211341178,-0.7172676433955099,-0.7020029254194861,-0.6494756378160385,-0.5923645012821427,-0.4603577155310907,-0.29534305788901344,-0.32026662127268324,-0.5955959821766722,-0.8031825967432935,-0.8461657371585717,-0.7561092984003378,-0.5453349638039376,-0.3919712069423276,-0.13428528409433846,0.12370292600342125,0.13684525129734895,-0.2744268597523187,-0.6825697108575064,-0.8559988467297562,-0.830710539918893,-0.7414934662935231,-0.7286858701084414,-0.6858757295787564,-0.6168200575608828,-0.5247457240710104,-0.5876011139234459,-0.6259644946779634,-0.6571527511962065,-0.6350883952040668,-0.5703789517681949,-0.6526454738638302,-0.8104276070586939,-0.894037385440247,-0.8319363088540727,-0.6677883110369799,-0.585040073898494,-0.5691809617202556,-0.49802029027500416,-0.28324972281147165,-0.17412691022495522,0.037055158917881394,0.10686239382326486,0.1129936282903456,0.11121021546889708,-0.0055165862508343745,-0.3285866297038277,-0.6655297851583641,-0.8494674612687145,-0.8797549697536358,-0.783865951931993,-0.5695698702984385,-0.48293690788192534,-0.5369964822945246,-0.5520000735210638,-0.5927908241378707,-0.5228721269952624,-0.49757774477582517,-0.3763314742330514,-0.2660709590707934,-0.1370597808636067,-0.3814969733668569,-0.48345774816734277,-0.40904676140014273,-0.4680998681485356,-0.4658495160191258,-0.3999291932962464,-0.35702810399881035,-0.2460322844912873,-0.12410057461284199,-0.17803493238531348,-0.28918030255717786,-0.37343526947843453,-0.4829660418629026,-0.5030663236528105,-0.41025770707195286,-0.48254022480260184,-0.42921231738679716,-0.3318744850092551,-0.24471271088085308,-0.26158269859859073,-0.23897933271305838,-0.3233950741925613,-0.4872105917141566,-0.5992513682760868,-0.7378219277246617,-0.7971814936830942,-0.7897144677214416,-0.7802302372424073,-0.797317895951417,-0.664090210707421,-0.38070710123875473,-0.34296668297996197,-0.5125926760612634,-0.6766573731685598,-0.8223678406475355,-0.8837648099687725,-0.8812500715310421,-0.8850694814580125,-0.9053295588863948,-0.902173019755523,-0.885191667671025,-0.8340162878845504,-0.7515410355840026,-0.6959587145863894,-0.5576130359332735,-0.41439698670572594,-0.54333978055628,-0.5763290021128558,-0.4231287976555411,-0.11915965976825739,0.16486239048522078
-0.26595350323183675,-0.3379066319132377,-0.4202569360188352,-0.3697670045680845,-0.38701350176343996,-0.4590932363116346,-0.5951497791341516,-0.6212267003813406,-0.5055721393384766,-0.2652227450513487,-0.0808002070525165,-0.24663781388057057,-0.36299549319164603,-0.2822159167345131,-0.2679915453543225,-0.4022889759719241,-0.6317031702969109,-0.7451044037843345,-0.7225891854794078,-0.6859381044465898,-0.5771483779325659,-0.4126606659649946,-0.24000407549698904,-0.2655815067181219,-0.48351030509964427,-0.6844212229899286,-0.7270336462979393,-0.6558480139781416,-0.4273815193957367,-0.18533823444563863,0.05498706484686264,0.21132959006760937,0.10127692892736212,-0.3120103124332949,-0.687333876888081,-0.8114388840031368,-0.7315391239176073,-0.5843713095664771,-0.6648045719443642,-0.7044264223750576,-0.6624227600752428,-0.6527800383423839,-0.7054004004554207,-0.7188741891094118,-0.6530875833270791,-0.6019663711275791,-0.6346663171900337,-0.7537622380999296,-0.8680679293845437,-0.8733320435427546,-0.7063756055509444,-0.5055525955712683,-0.5910579192954576,-0.6816321551234678,-0.6277927416613885,-0.45696544684845875,-0.40576792968329,-0.1921804559795661,0.05173319092688216,0.08185942413523574,-0.0023656114531374326,-0.09649760079941298,-0.38229459833393137,-0.6907825179941728,-0.8120462105541384,-0.775823206720336,-0.738546650671844,-0.638800037413145,-0.5894595697987723,-0.6551195246428233,-0.7044475831373356,-0.7436755461750509,-0.6935762924999062,-0.6026532272285208,-0.4232720049741234,-0.25845811518408346,-0.08780899365735949,-0.30268757482759645,-0.4434181409905092,-0.5485721984639668,-0.6753091541948679,-0.6919555486864339,-0.5997751383897549,-0.47297826119608294,-0.35862828766503907,-0.1351148944748868,-0.12618655067023246,-0.37631837886951663,-0.5708036515149836,-0.6579790055617527,-0.5902150009439805,-0.4476685120805282,-0.4863798420351349,-0.40822694745312516,-0.18396689930427595,-0.06127492851655779,-0.1800145824844617,-0.27966905847597995,-0.3182094928124894,-0.4278217431349674,-0.5441634264547899,-0.6644751471545938,-0.6746218016597524,-0.6869761157475157,-0.7713060731409961,-0.8060258687556229,-0.6481167468125106,-0.31975625567406374,-0.18648146704081356,-0.26458233140378534,-0.4351686979413689,-0.6697232920409699,-0.784604518136418,-0.8022329603604867,-0.8458283122138621,-0.8537563901279484,-0.8309440452106834,-0.849875600199625,-0.791705870593856,-0.6131900483963915,-0.489095019918904,-0.4653531684821889,-0.4931126005511373,-0.520275944401257,-0.3627294431400513,-0.15856556852576284,-0.08506446602229802,0.012813661738458172
-0.6079723965630116,-0.5992513335620487,-0.5923812052108656,-0.5024110166995268,-0.5471070419558632,-0.6327475526493165,-0.7047562876214708,-0.6541683427492873,-0.4676746491471362,-0.11715418960609368,0.026155683653638125,-0.11343934822316797,-0.23574986791136676,-0.18811087455709055,-0.3312587483823674,-0.5443413870682271,-0.7275252160354214,-0.7473047759939094,-0.6308931104939987,-0.5891593931102931,-0.45071684909328874,-0.3211387417108478,-0.23817580989310572,-0.21969519934606033,-0.35400292879565404,-0.5303740522644903,-0.5728620322559601,-0.5793060178942132,-0.41063306141233763,-0.2108381552502505,0.03907990031786117,0.019297110563323325,-0.14289091319786335,-0.3528993690754817,-0.5745454166252248,-0.6070120986657025,-0.5516724529200026,-0.46375336708992854,-0.5930239639027203,-0.6697293331358631,-0.629340239499665,-0.6461620659212408,-0.6344484043945461,-0.6164942348366639,-0.48600650364893466,-0.46315451207295827,-0.6389939477719913,-0.7978804354412383,-0.86026287298854,-0.7755102874532857,-0.512350001636617,-0.35493081668464393,-0.5719819739910805,-0.7495443326429694,-0.760448830379262,-0.691635830188898,-0.6090654532535262,-0.33849685454834066,-0.0048510233755924255,0.062021069515294,-0.1730983971159367,-0.32129993550663977,-0.4526081587424663,-0.6673099863238794,-0.6949920317801969,-0.5805300890876499,-0.6398031281294068,-0.6468951071905864,-0.6034672030223313,-0.696822890432603,-0.79914114960625,-0.8467772809316855,-0.7775341303035037,-0.6200236748145641,-0.44988906557940544,-0.22648675791479797,-0.03872760815217443,-0.19685765664986093,-0.3222775563106346,-0.5817254831009283,-0.7727384562229314,-0.8146542135813124,-0.7700383525786386,-0.6783340452521297,-0.5745858995946777,-0.3687596484367255,-0.29064466203696443,-0.5110441143473599,-0.6934574034022719,-0.712837784760055,-0.6219488454761636,-0.5472283013535009,-0.5373043166987063,-0.45838433960677905,-0.2213950527489937,-0.07637863652171803,-0.19289487431280009,-0.37340035166809177,-0.40862138419721894,-0.36244792002081183,-0.3760808816204784,-0.46162624106788946,-0.4317245857578123,-0.4806589866605362,-0.6922126442463165,-0.8198528322899034,-0.7652072494988463,-0.546504470475857,-0.31477204762570876,-0.16917703273312074,-0.3254985088738488,-0.5101992324174397,-0.6189562276029391,-0.6507404639937877,-0.7447904000350153,-0.7392371611164663,-0.677766396886673,-0.7069777657046712,-0.5869326740527016,-0.2295642281453965,-0.04423054172484778,-0.18041598764601777,-0.40001026029560915,-0.45308684313639497,-0.3280282545071529,-0.1656978628176345,-0.3081552179058326,-0.42239886013109357
-0.7507291252216773,-0.6803007213783084,-0.664120053964027,-0.5960816991011464,-0.6064468725699366,-0.6885225081513523,-0.6990230736662297,-0.6024521983905833,-0.4873294017279171,-0.2667797263806449,-0.23858168531806512,-0.2623206600756191,-0.2323792562974959,-0.23642441301423694,-0.48408195714537905,-0.7150053634531527,-0.8317848495737518,-0.7882547649801134,-0.6583293061190078,-0.646640588091896,-0.5917038390179866,-0.48866032480814336,-0.3912422385342013,-0.4094012323952174,-0.4803514338468659,-0.5540479566945916,-0.6388412243507382,-0.6993064194349532,-0.6087533612712042,-0.36404753219381686,-0.0137325010678215,-0.04821101815933071,-0.23022309889256012,-0.31059320910131966,-0.30441795416774914,-0.21038505628680665,-0.2752210505149501,-0.36455192780726464,-0.5283534620890007,-0.6774893360882076,-0.6919073922619909,-0.6268223923232149,-0.5011293285500985,-0.5293496467570749,-0.46393754083016886,-0.46440082164494567,-0.6378678248384413,-0.7431294859128567,-0.7245832256257848,-0.5617799654884116,-0.22121145835179526,-0.1988049793243179,-0.5154103823727109,-0.7308745972978853,-0.7659193338602953,-0.7775760811446988,-0.7037068723332567,-0.43062869153556377,-0.1514931669724601,-0.05609556540149722,-0.341628351808158,-0.5139163428110346,-0.5714412103629147,-0.6919718403048909,-0.6736961704241903,-0.5430426603387738,-0.6275913213666402,-0.7020742009948726,-0.6862181681363663,-0.7112676454371669,-0.8178950173164035,-0.8574513698627881,-0.730256916991823,-0.47226141912278935,-0.35260227949887063,-0.1888646837012741,-0.1000680569873675,-0.22478554051555025,-0.3296186225185889,-0.5805243755075237,-0.7290912966691419,-0.7339325713543905,-0.7375991212980835,-0.6954105606353518,-0.6555675415975943,-0.5326475509166261,-0.4913798557308361,-0.5795790366928951,-0.6503510577754006,-0.5706931825125772,-0.4976836761382546,-0.5327308377217899,-0.5113282085503433,-0.47560200517072065,-0.3408477526204527,-0.346670722656745,-0.4405865697897804,-0.5207478979245134,-0.5422879035416914,-0.47574249139147246,-0.3901759804856623,-0.39651649675772765,-0.4131776058017699,-0.46312374218423513,-0.6608026421472654,-0.8292081983538737,-0.8646688053646462,-0.7443826063570155,-0.48625578059780344,-0.20824194625601422,-0.2767083879128303,-0.34457580773364865,-0.48097934633279926,-0.6158392176831158,-0.7017674106578993,-0.6548334627579852,-0.5898467819320137,-0.5777393674133142,-0.4571747886151601,-0.08619917616907832,0.08815030292261301,-0.12033614030650287,-0.29993629475558686,-0.34032737884537173,-0.36345751887608274,-0.3473758705375187,-0.5814098294389433,-0.7591485662969213
-0.6827532173780171,-0.542792717069179,-0.554065665749672,-0.4892452742989535,-0.4738328594019051,-0.6030411792535064,-0.6483426273085979,-0.6495649442655164,-0.6248146720838461,-0.5632568810900321,-0.510301114755844,-0.3542302089121049,-0.21847608034283744,-0.3528284799430106,-0.5942987523907223,-0.7737145894909554,-0.8474326118773311,-0.7889454055522667,-0.6720291931269381,-0.7256532498644791,-0.7275832483031514,-0.5983780901470983,-0.43104936530566945,-0.4932140515454358,-0.5255431573154078,-0.5241103519999882,-0.6840928922697698,-0.8106023685294849,-0.7653206355199315,-0.46624511325483503,0.013099221822532404,0.10956238877046386,-0.056934484911687025,-0.09091137115119567,0.017210768486611662,0.12979711504044933,0.020872671329403694,-0.1620881010744296,-0.3929500546405798,-0.6650487097976535,-0.7579346365527915,-0.678638008117595,-0.5154640771754007,-0.49654094065416915,-0.38034536748002107,-0.3547433741669217,-0.5253984067884668,-0.5771338718459161,-0.5107398040749169,-0.34147365192693857,0.01689986554479898,-0.008009357768305452,-0.40929716154191803,-0.6414824306658472,-0.661139825944902,-0.7646321555544306,-0.7742154638621829,-0.5855947596875466,-0.33745692318847825,-0.25835027641873143,-0.48573597993190154,-0.5792015117557534,-0.565925005488672,-0.6931188784976209,-0.7122516045317598,-0.611705949761076,-0.6303498920992663,-0.7151833831200363,-0.6957697297138035,-0.644624134027728,-0.7771545271842734,-0.838671039685288,-0.6963206571214745,-0.40405596646090336,-0.34300774804573547,-0.36444960709440377,-0.36052334461328334,-0.3744646017581165,-0.4401537165005937,-0.528626636670458,-0.5372903317021817,-0.4601778562285174,-0.5252172262419562,-0.5232576934510416,-0.5812604381191626,-0.5380999045754493,-0.558701892318128,-0.546752529127215,-0.5329869651465782,-0.4076286076077207,-0.48382064422388693,-0.6106673133210199,-0.6158112150700431,-0.5585966445105887,-0.5298046658103768,-0.5918974243516091,-0.6131839660823162,-0.5508264970336099,-0.5462967235860119,-0.5091387114287471,-0.36470453716954904,-0.3213953427576313,-0.3954851105494291,-0.4144878679563866,-0.5824062324193487,-0.7922883902902721,-0.8976960076153433,-0.8527617111446819,-0.6332646115021293,-0.3258063441962735,-0.29645350096836964,-0.28861018608658,-0.3816575789969708,-0.5556440667740833,-0.6013558821685352,-0.48065285220234183,-0.4074777034281104,-0.43610265897220496,-0.4672852584556466,-0.275316858464734,-0.13803257326055976,-0.25018656008537304,-0.24682431294465698,-0.2775806433043236,-0.4315769431546468,-0.589364549378618,-0.7990337619454211,-0.92288937574436
-0.5969414393620713,-0.4715160831858482,-0.467492091000199,-0.35468572023147094,-0.36851675660723776,-0.514086509125548,-0.568341098817704,-0.6272789678056782,-0.6255781695226029,-0.6683961250228663,-0.6173034963746651,-0.39631685097082714,-0.2874205928349406,-0.4333962417300004,-0.5605408749946177,-0.6633810748103648,-0.7599535750945142,-0.7936686456084167,-0.7796363066425787,-0.8289490308655061,-0.8105691052527941,-0.6592839202755442,-0.4694129170460738,-0.47678492350886387,-0.4456585171257373,-0.45627997655875907,-0.676572405155239,-0.8554863038500105,-0.8357809943799156,-0.5358251623984558,-0.060373255940116846,0.09827895774146364,-0.016620022240163897,-0.1358310994029464,-0.05771557772589369,0.03827238751014736,-0.04132155702650948,-0.13764959879740749,-0.4360041371484012,-0.720055289882028,-0.8245166148194052,-0.775134123595223,-0.6573050723107764,-0.5157127286525975,-0.2678642384237325,-0.268488052818367,-0.4424068491937491,-0.48326249301127144,-0.47214031412168506,-0.3271899136363021,-0.050874289849299065,-0.08762883772539569,-0.41860592387135986,-0.5959933718956056,-0.6038660196502554,-0.7363229425464676,-0.7889839436530396,-0.6553846221170683,-0.4772337447183971,-0.49729340920609105,-0.6062066145454881,-0.5764350146533666,-0.5374715099242663,-0.6262793604498555,-0.6110241727408696,-0.46950169768667144,-0.44836797857957367,-0.5852049487164703,-0.5997217089557473,-0.564387229187624,-0.7255515542770707,-0.8201997631741139,-0.7031043701768627,-0.4291491407753807,-0.3452092887580393,-0.4680051748609643,-0.47815839422106604,-0.37934492317567753,-0.4263894597622767,-0.38179434172811233,-0.31346757267342423,-0.26417190393348366,-0.36750638965264615,-0.4267123882902991,-0.5820323132257341,-0.6638955327242297,-0.7195023325162118,-0.692247058082205,-0.6010969094463748,-0.4550985061742311,-0.5593242728718023,-0.6942542888684289,-0.682342375774665,-0.5617551747363762,-0.5737567002605849,-0.6803832882649005,-0.6989379888595647,-0.6278249396700022,-0.5721805190459883,-0.5994719284759878,-0.505240239429605,-0.41984303949947144,-0.47396324562107967,-0.46910382662020805,-0.5428563281521356,-0.761907246092055,-0.9007991087741091,-0.9007842426934233,-0.7136062560870616,-0.3928088638846979,-0.25086002821653985,-0.20254872669381016,-0.31735215280405893,-0.41849501979013276,-0.42209605897316765,-0.3450753795301613,-0.2742689151342739,-0.44088185431496757,-0.5619906988617773,-0.5105861340305146,-0.47732905551573623,-0.43198944890125074,-0.19247969832635048,-0.06372796970701461,-0.31099654302217516,-0.6259013637860413,-0.8182659061261758,-0.8854748728483827
-0.5281386811282115,-0.5355710747376835,-0.518733275661348,-0.36164370796261436,-0.3297034203262131,-0.5260549781344828,-0.6221205232428808,-0.5861052376477804,-0.4721798827839256,-0.6173218879071133,-0.6866924677114469,-0.5936599670789913,-0.53841897977279,-0.5459012975571472,-0.4735220132729775,-0.4723938479490563,-0.5991681914262441,-0.7339108455745458,-0.7824883917149247,-0.8041999124345146,-0.7579454583677285,-0.6287960211746498,-0.4807287544087124,-0.34472915045372216,-0.21246369496625958,-0.242088743342736,-0.5793299851225973,-0.8272955856706589,-0.8264782752314287,-0.5743659984999278,-0.2682257530492705,-0.17065218237276486,-0.207989778653847,-0.31817377262430946,-0.2802294446071089,-0.27709645923609233,-0.32198664207888195,-0.34791723701985705,-0.576322119916836,-0.7407116614995168,-0.7753623702425968,-0.7426969218539643,-0.713056639171604,-0.5702570534405995,-0.2859061300089335,-0.25964073505598545,-0.474332692393022,-0.5520617925106283,-0.5036541870238694,-0.4168486237655683,-0.34646157771263203,-0.3708481868423674,-0.4587205268584503,-0.499347126861725,-0.4563282143170002,-0.6426156862478398,-0.7248571810619432,-0.6364453560979053,-0.5943896125625762,-0.635775476093362,-0.6423477705768397,-0.49463803335145506,-0.3943790732390092,-0.39919581839917373,-0.2879278497142739,-0.09330753472560008,-0.14293544818793388,-0.2865941842883695,-0.290572101163115,-0.2790858288289109,-0.5597650594677884,-0.7332798321243078,-0.6761947415459586,-0.44428869203851473,-0.39427701287639283,-0.5190622286806152,-0.5507621374788699,-0.464342286443757,-0.5092104637201266,-0.4136505415530369,-0.23916565362397776,-0.2284679343809509,-0.24047902861277587,-0.27398510834618744,-0.536923589270342,-0.723803726931446,-0.8266053406528074,-0.8196433843682746,-0.7273145473527363,-0.615143614398098,-0.638675978051522,-0.748136424628445,-0.7581922843852402,-0.6529739533816739,-0.5900811629075204,-0.6731069845905957,-0.690665282269356,-0.6936182915869898,-0.6787987956475579,-0.6787185496028153,-0.5421756915217127,-0.3774531197384568,-0.44539842891730586,-0.4742312015059926,-0.5992548719514843,-0.7805643527001445,-0.8796427126448938,-0.8726468678206412,-0.6610999661126539,-0.2800819006164284,-0.10600211008814284,-0.07474750122057076,-0.11857695550792895,-0.08655937692136431,-0.06599428345412792,-0.15834672531710586,-0.22531138889993063,-0.47254515657650636,-0.5939673596524863,-0.5872914091731138,-0.6117232425082547,-0.4334203172821946,-0.01014973008094163,0.1646410908945989,-0.11782459696094867,-0.48401104869250683,-0.5941081172111112,-0.6025930983650687
-0.39032383655336966,-0.5270133572630854,-0.5509494140483421,-0.3971342707318472,-0.40486373604703585,-0.6090937533349153,-0.6935245444085392,-0.5592233499527653,-0.3453815206512846,-0.5274031369843836,-0.6775121324727106,-0.6792088952822378,-0.6948636526423955,-0.6821180169093006,-0.6067694820553976,-0.546732422213162,-0.549604881377348,-0.6249897926336072,-0.5863144337488366,-0.5477550944021945,-0.507990149265643,-0.4330855129100734,-0.35200394057821993,-0.19150855436016237,-0.1589651584460326,-0.19988540244846967,-0.5274145071001752,-0.7749255153746948,-0.7640469898580189,-0.5321453454271189,-0.34928247788416283,-0.31592061633926805,-0.29426650053495684,-0.4602160225071759,-0.4996036269340483,-0.4906667219803999,-0.5676574411263317,-0.6201339120649917,-0.672806495797932,-0.6118290871776461,-0.5571015204531512,-0.5764027587138576,-0.6971047216930053,-0.6693019300441585,-0.47972457117561956,-0.4275641243240341,-0.578477307135896,-0.6128208733717675,-0.4788473839895964,-0.41783931365154525,-0.4960598127979122,-0.48910517943046,-0.3926820289717899,-0.42369223225915165,-0.4246507801731282,-0.598738816590603,-0.625352341634269,-0.49845988806576164,-0.5556255783550371,-0.6286777414043087,-0.6812410958977844,-0.5958400220065034,-0.43820420111185976,-0.23701590823963758,0.017804089364833353,0.23003915746936887,0.17650206209575814,0.04967401489639753,0.04155382618426667,-0.028349511043999735,-0.39195926965761063,-0.6206740931109676,-0.6719121036891634,-0.5387821935834002,-0.43117560895014845,-0.5216145193913114,-0.636687850592652,-0.6693865605449192,-0.696375433711021,-0.5831299907422267,-0.36407793605059535,-0.2930348379132656,-0.21310745521240246,-0.25277325045589993,-0.509112426981174,-0.6865890438677137,-0.7979423568590405,-0.7849283734813317,-0.6999864863426188,-0.6387996195573852,-0.6099352575207361,-0.7255177324418254,-0.7975446331427083,-0.7628479451915475,-0.6869584359559265,-0.6661228269274425,-0.6020396016485581,-0.6320495993080044,-0.6046061414928234,-0.5736364450920265,-0.4219898921383887,-0.2731899297178412,-0.3385457095604945,-0.3650970021946633,-0.5787685520001591,-0.7304534026836471,-0.7581348744756348,-0.7690505276954047,-0.6126381294371673,-0.31494518866593973,-0.1478029796532541,0.037153552842939704,0.11187872241937202,0.17569439509083712,0.19335829440715832,-0.01740384679339405,-0.23741879360807436,-0.48082081724282927,-0.5719389177479725,-0.6428377823827753,-0.6524040786880763,-0.4203787520384585,-0.05184323775286602,0.045643261285879796,-0.19608709940665844,-0.3573489304248691,-0.22259094686847622,-0.15433338098829746
-0.4376866343519875,-0.5490142894424064,-0.6191800300132217,-0.5400610557367365,-0.5174439084460689,-0.6827996022119234,-0.719647030896019,-0.5422729247886439,-0.28997046118665637,-0.4497207507335117,-0.617331782616159,-0.6381021803799852,-0.6963402479331775,-0.7060553945747471,-0.7223803337010669,-0.7106732933538319,-0.6521798859118147,-0.5201749087257116,-0.28289484093392664,-0.22616522325861416,-0.29093472869761083,-0.36447520507525766,-0.31678548870135675,-0.22672728556250407,-0.26001930435247206,-0.2608922341594388,-0.4721643941181707,-0.7101326790430539,-0.7603430642863132,-0.67406946576942,-0.588091019352208,-0.5321665676326098,-0.4640457544870696,-0.5833023499871851,-0.5742690040672284,-0.4885728079013407,-0.6337760822933981,-0.7217261062197404,-0.63225851676631,-0.3844693030949496,-0.3487898112278434,-0.5212136054080763,-0.6882136073382583,-0.6880207131372124,-0.5338195498794447,-0.4731819177209957,-0.6177389188680958,-0.6882610661787618,-0.6083976712295377,-0.5467680249429081,-0.6067324731823993,-0.5612002709619502,-0.4479474159727652,-0.5324613524054842,-0.5982461862094332,-0.6701719766170652,-0.6258169026824766,-0.4848850620449124,-0.5222052213004382,-0.5394390359510955,-0.6457704475958365,-0.6547288258648011,-0.5350426997848182,-0.35135924118505096,-0.07691451608822772,0.1349346264652697,0.08799392743278134,-0.040410818494002805,-0.03615477908668547,-0.10106722223609152,-0.3970099181770105,-0.5722459012842734,-0.6913993474367451,-0.6458846001884718,-0.5567585552794918,-0.5587171276944242,-0.7079781324294426,-0.8146631609990171,-0.856030199061544,-0.7779900788754217,-0.5938917606391836,-0.45245457909803893,-0.4108256996204697,-0.43411654832578456,-0.5341771922215106,-0.5814737407149827,-0.643065945194937,-0.6031155440350386,-0.5600554926279032,-0.6121330865282966,-0.6072775098380665,-0.6549259995617926,-0.7364043032282308,-0.7362438877786707,-0.6507375991677337,-0.6187384102897706,-0.5363584932521575,-0.4880794664409129,-0.33987287464736404,-0.2920369537476945,-0.20349334720719994,-0.22014424333244142,-0.34615326000374785,-0.40343590883546926,-0.5889029135709242,-0.6161391815084714,-0.5022515105868105,-0.57911657378531,-0.5701818431770135,-0.4969129595975876,-0.3620667586848945,-0.06555978982974904,0.13509619002521375,0.28844716639755275,0.254213436609839,0.026346399188296947,-0.22249100288363058,-0.4219018920496033,-0.44884323054274294,-0.6023878748773345,-0.6531327716968911,-0.5011633961690299,-0.373241149973111,-0.3419675982054025,-0.37619371049873007,-0.3068747103131061,-0.04896560517525395,-0.014692029861361899
-0.5022433702679369,-0.5634794108990101,-0.6801227815650421,-0.6830791627004574,-0.6930420011596302,-0.7529386751275453,-0.7059536412937345,-0.5536794520204262,-0.336096619781941,-0.43903043547431514,-0.6266686667895462,-0.6781398831436097,-0.6694579628149699,-0.6488312818095653,-0.7408789030612932,-0.7706844307466746,-0.6906551680938425,-0.47809875969074306,-0.2728377672607997,-0.33439150523371136,-0.45739223532066026,-0.49876375946457446,-0.4119061901185081,-0.40801002578861467,-0.3617640164182623,-0.19629552285586657,-0.30105813206071086,-0.5682654193317346,-0.6895147732191641,-0.7342279846413888,-0.7338780098545409,-0.7332599002985687,-0.716501941298586,-0.7461837238237533,-0.6685896713309604,-0.5545003496137041,-0.6937255694577542,-0.7599800906860845,-0.6250184579008019,-0.38626026753927745,-0.4066707548157326,-0.5585040271491498,-0.6354196477319766,-0.6160458470620636,-0.5040069983684784,-0.4951905383599308,-0.5516328644120669,-0.6398059720647202,-0.6434274961032094,-0.587845739259686,-0.6414473355047774,-0.6165484734807299,-0.6157193125706071,-0.7035062504785643,-0.7351125629842179,-0.7031962793149039,-0.6658463504410557,-0.6163897766163122,-0.5915760085858885,-0.5161639623836572,-0.5607022751147933,-0.6171430765608616,-0.5514650963058265,-0.478998387000744,-0.27970919887224754,-0.13771387785738537,-0.08263438642736656,-0.20410883093490362,-0.2205901500423775,-0.37572546845354565,-0.6072486909446297,-0.7265673450917456,-0.7644009676501603,-0.7039208192363139,-0.683376193601864,-0.6984335957739529,-0.782075159621478,-0.8772668057652879,-0.9107185933313795,-0.8284048274020754,-0.6437927384768093,-0.44306671728508346,-0.4642207858403747,-0.47212044319104945,-0.5015905048793547,-0.521899887212483,-0.4980136356058881,-0.45181285364383844,-0.5152568748878578,-0.5869805236992035,-0.5304530557051399,-0.48665666272736263,-0.5441615029478235,-0.5496604827788939,-0.44498042577534136,-0.47429085641120206,-0.40050927981155293,-0.3508760801921853,-0.18688768535036357,-0.12254147067716023,-0.13540535539872858,-0.2521214982193922,-0.4852726007952184,-0.6056226116769933,-0.6481113811678223,-0.4972457516372432,-0.2615948997664301,-0.37457677548268054,-0.4638781878324459,-0.5898467644935969,-0.5494829094017598,-0.27360450451888924,-0.006755453192134174,0.11041591855280124,-0.049139052809304064,-0.31531007421944857,-0.5073709459941255,-0.5674898793560207,-0.5049820205774963,-0.6313552602450193,-0.7297578630908071,-0.7114498386757774,-0.683905221854284,-0.6024213140782757,-0.4129664469468983,-0.23175210243370925,-0.019164904720360542,-0.03866075916439772
-0.6920931783705271,-0.7182752964042152,-0.7371430588559938,-0.6871500927828187,-0.7225809950143773,-0.747979944401838,-0.6712491937936214,-0.6186291466220791,-0.4939826766426397,-0.48105718760110444,-0.6314425040572814,-0.6494124533868026,-0.5965001636122187,-0.6365795230178113,-0.7225464577779324,-0.7229445751034257,-0.663387148601925,-0.5128993563036699,-0.4957706026567876,-0.6134492006877107,-0.7051830026758571,-0.6856354985778939,-0.5818820022136455,-0.5698034626600227,-0.4647668417512719,-0.25290808959790756,-0.29940876765960633,-0.5008177748584676,-0.5734078175324246,-0.6268480554020688,-0.650804714864811,-0.7564707419760518,-0.834267786204976,-0.8532482037754732,-0.7851034844593242,-0.7293443749180675,-0.7800862795866385,-0.7494251816342705,-0.6153304848648226,-0.49428911139533815,-0.49269489187071946,-0.5597527355463893,-0.5333430386668476,-0.540812958064042,-0.5205331091666668,-0.42120706309426514,-0.27550268661536115,-0.38890474821600446,-0.564979440189856,-0.6221723817813511,-0.6597709403500446,-0.6330884801144454,-0.7203211781844767,-0.7975191145090417,-0.7625888534681725,-0.6159842479266668,-0.5764285444058985,-0.610996589090488,-0.5450347233251228,-0.38906661014510946,-0.4310541282334056,-0.6140495885628867,-0.6924038669812207,-0.7065239705157199,-0.6128236808900929,-0.4888337546400701,-0.3614338604042556,-0.40091912523293516,-0.3892467609568034,-0.5413404261140293,-0.7456945408306653,-0.8330428823952977,-0.7877455591305065,-0.6677598023101764,-0.705409102757923,-0.723451468274931,-0.7270692228915417,-0.8133170809164303,-0.8245411649035183,-0.7137053223050489,-0.5891517435339619,-0.4405249578686863,-0.46565894721189116,-0.3933437102303274,-0.3644559922924371,-0.417850767891935,-0.39883764302606767,-0.4221660619982104,-0.489869866076138,-0.559868183583811,-0.4898462633665461,-0.4545804912449782,-0.40860097715526145,-0.42036883319837803,-0.3757327015388213,-0.4462954694609737,-0.3743353014736588,-0.30864826534111156,-0.25704231864630056,-0.24103238089147777,-0.2741836226962742,-0.45536884765167035,-0.6466078233563052,-0.7056821874894688,-0.5791251830720385,-0.30210807064389494,-0.053113691696927555,-0.2259056639363731,-0.3835483356698728,-0.5760039277739114,-0.620695844025925,-0.42872134448569293,-0.22852998357652732,-0.09671919395180732,-0.23604946863880405,-0.5426726317701752,-0.7366914268562306,-0.7606304695769871,-0.6752833310988593,-0.6863149011283483,-0.7721202045124771,-0.8079807430486563,-0.8133348830910014,-0.6876505993711031,-0.40349513436874396,-0.20552374376214186,-0.1810506603313731,-0.32273511584335285
-0.7707347286923345,-0.7516538112724855,-0.6524242178617685,-0.48261969360380397,-0.5860751050097347,-0.7071569375914043,-0.7096182215942828,-0.6902378255625027,-0.6210699058326029,-0.5647603510929149,-0.595362244269345,-0.4897077453603005,-0.39281485672437216,-0.5514552321092663,-0.6712479283295355,-0.6623308500262558,-0.6965846350597377,-0.6906651907344589,-0.7380774236357254,-0.8112813697887807,-0.8214691386036487,-0.7367566292185737,-0.5742516827927566,-0.5546653456232474,-0.4892144597303694,-0.3964383563795129,-0.40404349487473495,-0.5639282834837249,-0.5576762760077995,-0.4265616232639892,-0.38844924751338034,-0.6354737930559184,-0.8187991549583544,-0.8480728211680498,-0.7913656693592107,-0.7853990031164004,-0.7515289140864764,-0.6048517009754208,-0.4913850444078513,-0.5038290295120404,-0.5025669745681421,-0.5651731503457859,-0.5566446578852482,-0.5264190380442388,-0.5040074717569113,-0.2729587422248108,0.02218880418055253,-0.05808658047217503,-0.36934409693395653,-0.5266699759040935,-0.6641898901455056,-0.7371760625409486,-0.8176802194951832,-0.8424024664800192,-0.7819069057396769,-0.5975355151518629,-0.44634418913494545,-0.4893240401746138,-0.41152793499755064,-0.3351758269909786,-0.4580375411225362,-0.6841339607279692,-0.8180413078071944,-0.8695821287298341,-0.8485490074720642,-0.778461151711087,-0.6454985136472032,-0.49077182732422175,-0.299803080835619,-0.42191157439169363,-0.6960174274117177,-0.8357405560393117,-0.79678820009246,-0.6820580572816404,-0.6939299176660353,-0.6481375897871071,-0.5505093048074701,-0.6436413929159174,-0.6156738470380163,-0.46535888263888475,-0.4901225195782786,-0.5245675284236695,-0.5737524307743744,-0.4744877325769041,-0.3736154728708671,-0.3955369093623561,-0.4211147953894701,-0.3995693216175693,-0.41769594338433075,-0.5558480211507493,-0.5775574268889938,-0.5463191113583945,-0.4393235570323726,-0.42806243170892333,-0.47820037533239573,-0.49634212065552685,-0.30158084816292313,-0.14872962012341187,-0.19911516121184025,-0.3181294332532785,-0.4558689934299858,-0.5826342089492942,-0.6537587143540818,-0.6324870413095577,-0.3820457544534629,-0.06990221944058338,0.12509238879645854,-0.05807543942796772,-0.16327642364410216,-0.39694788686140814,-0.5894338902397658,-0.5083653576492716,-0.2173672039065915,0.05522783046153486,-0.04514017049364684,-0.4722239807040286,-0.7321590505739161,-0.7703721956455821,-0.6869050852859141,-0.6292290436675964,-0.6912079385161678,-0.6946747865014524,-0.6920291506045063,-0.5338559320250867,-0.2441665911530588,-0.20780429333914877,-0.2872600990386237,-0.5085034943744805
-0.6462551382071245,-0.6070167585654163,-0.48018388141016705,-0.2448704001611927,-0.34693458463788235,-0.5392431869847254,-0.5695640538133246,-0.542728286239984,-0.5311706170894224,-0.5046807811251185,-0.5267575774160631,-0.38772673149062453,-0.34711293108175356,-0.5730671855010829,-0.7338070501470676,-0.7560331811231077,-0.7759023543950352,-0.8027473867774307,-0.8270042704296718,-0.8313817862491458,-0.7758603378613261,-0.6828063526777007,-0.503899773349011,-0.43457301512258417,-0.4342758691746438,-0.5232269798432747,-0.5958351081984841,-0.6734115167464277,-0.5383298664499844,-0.244388173684851,-0.24601400627693998,-0.571222900894792,-0.7696005535379532,-0.7641673911289151,-0.6995679213110582,-0.7374759513142599,-0.6557560294972893,-0.45926004273864346,-0.49588967156699015,-0.6010918416627191,-0.600537993154303,-0.5866138410890843,-0.6329301048429538,-0.6323815757547477,-0.5307050939189718,-0.22749221102499378,0.03135406959003398,-0.02464949416128694,-0.25452627421329627,-0.3410533216368151,-0.5914192479259335,-0.7618641380619152,-0.8093067200430797,-0.7643548965878173,-0.7458301464273767,-0.6245187841518105,-0.44285542014165796,-0.39110714816136244,-0.2119266469793392,-0.1978344491397501,-0.41238392706810945,-0.6783664787994019,-0.8127797172761821,-0.876339511614948,-0.9163152354302734,-0.8996745843996052,-0.75866654477889,-0.4681500532739904,-0.15226373938771082,-0.16926937082650667,-0.5203083446584703,-0.7371949028250898,-0.7482953981381152,-0.6438785455575237,-0.6577913798381744,-0.616758587633549,-0.5022373971820834,-0.5396326908985886,-0.4304694552410386,-0.2503930125813717,-0.320628677626092,-0.4596986413063495,-0.5378446377428835,-0.4080570686305587,-0.2870323680418299,-0.32813880180001764,-0.4160813884021328,-0.34951811585775766,-0.34409941349011636,-0.4585143220901671,-0.504134866113718,-0.5148118966879984,-0.3902695228839932,-0.3748076423797646,-0.5261083574222302,-0.5836249427613999,-0.39680335533752115,-0.16561006595740302,-0.16293917891610443,-0.2969823899935222,-0.449972923344192,-0.49256019708646703,-0.4989116710127193,-0.5362008602608428,-0.36666714470301526,-0.11904761219571641,0.09881069572903273,-0.036398940907615716,-0.06221502009254358,-0.21738223764493902,-0.49690160268033506,-0.4637972457270021,-0.0974020802639991,0.17050687886571955,0.09025047194578631,-0.3311141040077486,-0.552173389039784,-0.5867026505171513,-0.5778767074857208,-0.5995618773617722,-0.5763101772030574,-0.42296771032063474,-0.3729174812064429,-0.2405380522044443,-0.07910956231990253,-0.22344626613449645,-0.3805479694266934,-0.5733763399640115
-0.4165357813585897,-0.3932081308141077,-0.3527014764157522,-0.1312581235523725,-0.11691106772559821,-0.28815868705283726,-0.2659413295214813,-0.19687073684599857,-0.3113250863414389,-0.5001370144893522,-0.624967909590529,-0.5827126296632513,-0.5548948417084163,-0.6845086733291638,-0.7850572038073576,-0.7511586868551327,-0.694258138711114,-0.7189043223404294,-0.7102595682636546,-0.6871340585585537,-0.6179147108803268,-0.5732834812573102,-0.40989643533070796,-0.37411739825651574,-0.5028304686623105,-0.62975025689763,-0.6779794205412738,-0.7085591950008777,-0.544674197044119,-0.2905951729020071,-0.38955577151281284,-0.6361141024027648,-0.7100392474141123,-0.6459808523821788,-0.6660807959573151,-0.7351325385161362,-0.6656884299455214,-0.5101105785306017,-0.6015646446138916,-0.6778231448736425,-0.59005592609234,-0.4789535832752291,-0.5961580223613869,-0.640123759924621,-0.5566468445618465,-0.40140437640512927,-0.3023127345352791,-0.34339475843651596,-0.3751566244275521,-0.3165856258767608,-0.5512078787519137,-0.7071866638082001,-0.6727606657074412,-0.5283115684968996,-0.6137540972641032,-0.6322397740324781,-0.5559054788855008,-0.4788553826483869,-0.29867247387453594,-0.3139090838355173,-0.43411724291163106,-0.6089385454040463,-0.6367955391459996,-0.6972048291751985,-0.8303839519992606,-0.8870392982637445,-0.7605799423993158,-0.4430114865261959,-0.17633975959310258,-0.08174289222360902,-0.36089911986146916,-0.5956311700936188,-0.7097225790426367,-0.683637797818127,-0.6616148361323567,-0.6606012344150781,-0.5859517457741921,-0.5110769107602497,-0.3010075236252673,-0.12322581890360801,-0.155042868482129,-0.3139795028063473,-0.4215999870400725,-0.320074016462662,-0.3623169649716284,-0.4546695886389922,-0.4901004575415172,-0.34199958074671644,-0.15964842961598408,-0.1840008131053712,-0.2539298342627807,-0.44908539821938437,-0.46204736511511535,-0.42072516988478803,-0.5201422324893482,-0.6014277578040997,-0.5021532217918612,-0.4021195546057148,-0.4202161381387025,-0.44805390185257365,-0.4014330698410517,-0.3440841783111087,-0.39337024868270004,-0.47605544534746286,-0.3578848363483639,-0.2011000297913278,-0.01765630507084532,-0.19471131985269588,-0.2773450022520758,-0.3520015279725404,-0.5698040129107527,-0.5470617098621885,-0.2620728551769394,-0.1052961288636232,-0.11688315911082948,-0.35309176866916747,-0.39611929672658797,-0.37539219428896287,-0.43804739666684056,-0.5789231309994245,-0.5465363370526062,-0.31382047617119235,-0.17751833092400762,-0.09367378654659533,-0.09508373024741332,-0.28710760191542206,-0.37496494293754157,-0.49559712135503203
-0.4100685180430289,-0.39278225726382804,-0.4335375629629326,-0.30734950190897864,-0.17030273488163322,-0.23715867850128655,-0.20593545546376094,-0.04532696773149308,-0.12893624061521902,-0.4572146289076946,-0.6437815965210286,-0.6174499717691045,-0.5288138104101451,-0.5879308879022082,-0.649125079548777,-0.5370501688855903,-0.4146150989047459,-0.4919228786045541,-0.4950646547336153,-0.541457150149649,-0.615367441727571,-0.6625552546596353,-0.5999772667420298,-0.5789264384909306,-0.659996618074735,-0.6897339114689829,-0.629697610083174,-0.6374794701902263,-0.5050488138677081,-0.3933799569558733,-0.5367371185801355,-0.6477388503502338,-0.5235529739604006,-0.3595380311292908,-0.5158711161338745,-0.713992481077393,-0.7615461270767312,-0.7062925266483102,-0.7106816707018612,-0.6621298211524572,-0.5084429339367498,-0.40946035743023146,-0.5247918486241919,-0.5235648751669744,-0.43498617635022063,-0.4007650413221398,-0.44428798387773477,-0.5551100814554626,-0.5554269952250406,-0.456410879636332,-0.5837739871349313,-0.623072305368632,-0.5066000559176287,-0.27414456808939236,-0.3611431368986442,-0.4192569545667732,-0.4646007497426618,-0.544675604183161,-0.5342482408178889,-0.5857731202106538,-0.6193159275770538,-0.5681473967797357,-0.3675299320854439,-0.3947690881521597,-0.6404274678777899,-0.7879913105173236,-0.7154990698072015,-0.4789412510940306,-0.27402695026002016,-0.11229903889939417,-0.22480721143982207,-0.42900790650098763,-0.6438182744680366,-0.6733195820144567,-0.6001873310658189,-0.6147970164900743,-0.5255188470870629,-0.4084523889520108,-0.25511086737683536,-0.1195080678562806,-0.2766808683518772,-0.46594016851955805,-0.5227306839182855,-0.4266852754438984,-0.47803958213360215,-0.488517984662147,-0.4316484964469509,-0.2657045256094171,-0.06452923736989374,-0.03336004229803858,-0.15647818716884884,-0.45093912856822727,-0.5127081175322284,-0.38485079825612456,-0.40002673790338983,-0.4673129460847206,-0.40026272801403634,-0.43151214662219406,-0.5178036678994022,-0.49265357197306625,-0.3308952127986994,-0.32993965629131916,-0.387930471022172,-0.5005285080660704,-0.4112017555910934,-0.2606377934644736,-0.1300203358373774,-0.3816139181755243,-0.5710500632949014,-0.665326369041742,-0.7646521961450219,-0.7337741950860527,-0.6103960148386439,-0.5557162880480622,-0.5641906301606735,-0.6393957057466648,-0.6049680650677954,-0.5372293324567134,-0.570122094097963,-0.6788960727797815,-0.6702396933659536,-0.5540322513586805,-0.47663110777605194,-0.4498554195380119,-0.47412133342399243,-0.5246342102304654,-0.45225804853464135,-0.41758894367612565
-0.29349577239715396,-0.25371192916803337,-0.4216362600625585,-0.4454350451520035,-0.30313739458394673,-0.25825992811751086,-0.27390936936341836,-0.15608728904513405,-0.17725273171466094,-0.3942057801821213,-0.4419680804137393,-0.32008531400095935,-0.16292045385385046,-0.26604116206951295,-0.4049431105467722,-0.332868092946269,-0.29009368438592675,-0.42291988683607606,-0.46449479189665055,-0.47908319904320945,-0.6480277103811402,-0.7596646823146208,-0.7437164045283456,-0.7032360784468832,-0.749286692302477,-0.7296619184941909,-0.6239320642122642,-0.5691823487473675,-0.4084289685895316,-0.3700511101314613,-0.5641974342624569,-0.597760538826876,-0.3271310635925883,-0.10606077947095686,-0.32718708734826774,-0.653193803185721,-0.8056386789850801,-0.7798032251557624,-0.6588101481717789,-0.5204851173319295,-0.4209844218856294,-0.4743908128023906,-0.5398739672233664,-0.4587637803082841,-0.4057700417905824,-0.3318908423865963,-0.38039964148835415,-0.5813990619301979,-0.6944828206927727,-0.6760082547345924,-0.6627464938245552,-0.5370780909967086,-0.3564472344253675,-0.024420216399542925,0.015016751853399665,0.02349817207796003,-0.12624497251356437,-0.42716323302390524,-0.5894116915402124,-0.7138477920569949,-0.7202942563157051,-0.5700822662767079,-0.2722293883727827,-0.25132999921682925,-0.44661555073185455,-0.5923330810655623,-0.541543917969942,-0.38822843732122997,-0.29903487103950593,-0.2042822223967001,-0.18931881192805197,-0.4237367199606475,-0.6380897268755803,-0.6796941192179587,-0.5924080797367661,-0.5253341364347875,-0.3133553010106903,-0.1685377009294597,-0.1884250348291764,-0.2302932571954634,-0.49196614119259613,-0.6798936334390505,-0.7053933652691404,-0.6300122266497271,-0.5561639092239473,-0.41996573219931166,-0.32144586879185405,-0.2664933875051464,-0.26022610949830177,-0.25679726304924727,-0.34536743651702145,-0.5737113017398554,-0.6083813193185197,-0.45531344578353145,-0.39895620676439175,-0.33458269627704773,-0.26552255988356616,-0.3081688279769739,-0.44991005234612264,-0.4973725159790622,-0.4025759615111153,-0.4753839218316202,-0.5433586895602572,-0.5566099604511784,-0.35727797699930264,-0.19853022114454857,-0.1868260934423503,-0.4906693252342057,-0.7373559209028918,-0.8389922991801081,-0.851146133413887,-0.7910851542374081,-0.7839225581265264,-0.8089460769786934,-0.8197518702119164,-0.8068746956290042,-0.727411635875151,-0.6010863377984587,-0.5874309165197592,-0.6731130814735021,-0.6953744217234389,-0.7148656084879247,-0.7380878778259184,-0.7629158547549287,-0.7655309587164174,-0.6747916514382077,-0.4026582688442426,-0.1953487192188748
-0.1638202606189433,-0.07143929127310747,-0.2843582361436088,-0.41811817262010803,-0.29266845054829954,-0.24744808644786867,-0.3075381602696026,-0.28355880382889426,-0.3184480098115364,-0.2885096014025745,-0.11870775735206084,0.020187595864357664,0.0680891163295553,-0.1691650153465354,-0.37362843507007426,-0.44920085957341116,-0.46713016608948665,-0.5053152794542684,-0.5147376161081816,-0.4956892112777927,-0.6567107762280077,-0.7664205414670272,-0.7598233167929778,-0.6951910781273654,-0.7536054368874496,-0.7311164244250149,-0.6248451105534325,-0.615832903303578,-0.5261587707804689,-0.4975301732011275,-0.6523198502363786,-0.6714662681979651,-0.4174572550358417,-0.13688786861349403,-0.2781589003291961,-0.6295051591071927,-0.8072058801855215,-0.7562734211413853,-0.5282777521977937,-0.38160624541881444,-0.44458851601337157,-0.5797017032427009,-0.6046366928997108,-0.536365857293698,-0.5167402844444079,-0.4016778551966398,-0.3209050396862985,-0.46381011278737555,-0.6743705746761203,-0.7289635617543403,-0.6724069403986443,-0.5194712434003653,-0.3058482447940356,0.08981517136381019,0.2202570584193823,0.17729978625599574,-0.04707803196994648,-0.388301690811386,-0.5554422489786277,-0.6760367946499479,-0.6330013680133896,-0.49169930297287656,-0.2431073288108674,-0.15730710503016027,-0.2492701194582945,-0.371753729127723,-0.3869577060125203,-0.38126811878056893,-0.32249323237105504,-0.3081088518927428,-0.2700278690019642,-0.461420156274733,-0.602889654382413,-0.6472867274611533,-0.5638684223613286,-0.4955144359810742,-0.27899118118361044,-0.1369219037059346,-0.25062781336021034,-0.4561930990214608,-0.6870179570971457,-0.7720156194729922,-0.7152276102675647,-0.6530115111982111,-0.5618132211996567,-0.5210344237283334,-0.5125743188543667,-0.5097146214891249,-0.5028599078544276,-0.4330197979175683,-0.45148362747952614,-0.6245224852377125,-0.6088964636170003,-0.392641764526473,-0.2979367144475611,-0.14463711780988414,-0.15525385517538892,-0.3113189758834879,-0.4501531056435667,-0.5779329363227047,-0.5668423726230025,-0.5884583792254595,-0.5971283277932331,-0.5449377459563166,-0.2791533398450355,-0.07702539581205584,-0.22116793000768553,-0.5112034083916538,-0.7525656122879404,-0.8357422315129738,-0.7973865077677511,-0.6996944119951306,-0.7670277850190211,-0.8107203357108759,-0.7724415934478277,-0.6939735494338075,-0.6295985122823008,-0.49235673778698336,-0.4795022021406544,-0.5887747417427215,-0.6147401152604429,-0.7038098817594582,-0.7899714030823313,-0.869849068675478,-0.8951894197788922,-0.7809938209848757,-0.46100094848668466,-0.1358279982988083
-0.10137179444383698,0.043393280474488594,-0.15428107567243785,-0.3584633893033522,-0.24234854580460424,-0.12678712560928707,-0.27236123001573354,-0.4225280274095588,-0.44441307822442083,-0.26803747485410545,-0.11008175410831639,-0.08354797565298962,-0.07673888970324878,-0.2650584182549425,-0.42640942384085495,-0.5857941034675455,-0.6038895390421386,-0.5066486370572458,-0.4413350396835702,-0.3363758928873359,-0.5186484600862771,-0.6588155319237392,-0.7335203359482907,-0.7337139652406915,-0.7822811517461188,-0.7763684209714532,-0.7437631558248061,-0.7405178420773355,-0.6651892773884741,-0.6015214469053097,-0.7352262787750123,-0.7728917050923314,-0.6060892075759656,-0.4019923808816215,-0.49977778730000844,-0.7267626962934491,-0.8340348473773489,-0.7753474656668106,-0.5505942151513614,-0.382294534552623,-0.43858573335719625,-0.5434245528506,-0.5055977798754,-0.471446508601682,-0.47697792219847374,-0.24036482024175854,0.015497108379241746,-0.094418872049608,-0.41624002445852215,-0.48944427539660335,-0.43928275936701694,-0.38752915630926493,-0.3144620977279551,-0.01787187694886754,0.047137943144959775,-0.12675889834139023,-0.36922340622398186,-0.582384387300053,-0.6483209148284534,-0.580513947917489,-0.37324323725386294,-0.27058275495883555,-0.18306789472309262,-0.255875317855336,-0.32490621374205614,-0.3823737100921521,-0.4928435702698012,-0.536693878069377,-0.4818183543978019,-0.4705464504481117,-0.42929700854341624,-0.5240062958704581,-0.5824152851256914,-0.6791084745896426,-0.6603723857344463,-0.559819291237083,-0.3676781340800047,-0.31325231043909024,-0.3923171453231109,-0.6087904894873851,-0.7228958523039692,-0.6616219868453682,-0.4955274628002628,-0.4626565608736576,-0.3876629664702314,-0.5017778559539943,-0.6012801705896377,-0.6109585310739132,-0.6019567696266899,-0.5147608349033778,-0.5498162429555542,-0.6509953244465851,-0.6240414993707878,-0.42701933198066533,-0.34035339396464453,-0.24397643548665796,-0.3656170593505807,-0.5495741937004803,-0.6586475217179124,-0.6891459039611265,-0.5874303222570535,-0.5124783855289569,-0.47455930060204304,-0.42697762153702445,-0.16615165589952807,-0.009859742277722561,-0.23196008460835976,-0.4513950398761719,-0.6396007636333746,-0.7009075696184573,-0.6943023367502897,-0.625894609275797,-0.6583740717464147,-0.5926437983329568,-0.4456859180628939,-0.37011595832940614,-0.5117229262857445,-0.576966951116833,-0.6292482637673166,-0.69391201260295,-0.6654064151318344,-0.6350580475034328,-0.6894456897478629,-0.8273567312304154,-0.9010966851809843,-0.8042395416096892,-0.4977563380270909,-0.185286474410711
-0.11953855878900518,-0.01192410516224438,-0.2527078871147632,-0.42089617524788797,-0.2692276367125275,-0.1441931938125748,-0.27492123215483455,-0.48595223495821266,-0.5269771610653178,-0.42173575179332745,-0.39439397691531813,-0.417108248654469,-0.4020855983206228,-0.44412407771284296,-0.5856838888076004,-0.7269025867474267,-0.7138406740731073,-0.5488632411416247,-0.3837222744915198,-0.18918773297767225,-0.3491432494628507,-0.47070178950173686,-0.6049802915526634,-0.6325548940777087,-0.6960238166725216,-0.7205029041010398,-0.7848292209327413,-0.8335393459171337,-0.8144810726945503,-0.7850368660689834,-0.8330284435406303,-0.8055434357073613,-0.6631860650066465,-0.5255313178667912,-0.6432170451186907,-0.7729897116054557,-0.7864223211487225,-0.6953486539914119,-0.43388841303467324,-0.23946124554190895,-0.27729821218074435,-0.3477164374185015,-0.28790843162251806,-0.39775985214279563,-0.3760714827475165,-0.011325169262136246,0.26113085631530425,0.13912228655646733,-0.14718340724300674,-0.10822314822785865,-0.10130667595360816,-0.30656786170041905,-0.3824111285241634,-0.1758639313735661,-0.10218665057429194,-0.3636368987094201,-0.5911102628373663,-0.6801415959915782,-0.6562186474963407,-0.46985311647537553,-0.2216317057091437,-0.13751345380402333,-0.1844448452757786,-0.33271778164434374,-0.3975954916518217,-0.501654092412947,-0.6418697032154344,-0.6684613223346033,-0.5721432592348469,-0.5644854879621527,-0.5291300090538359,-0.638357103626113,-0.7182165963553558,-0.7840691735476145,-0.7533960069855697,-0.6503144565685476,-0.5826585742439515,-0.5878776779654239,-0.6159512040675784,-0.6628857097134191,-0.580970126056605,-0.44910085458955024,-0.33619727178074443,-0.3520563855388018,-0.2811322483421059,-0.4137304067755848,-0.5498107991057091,-0.5634911502633412,-0.6376365043598022,-0.6037426044383576,-0.5434093162707809,-0.564239914299742,-0.6195987449559512,-0.5580279945129625,-0.5022842271470123,-0.5077198153946214,-0.6212314901022127,-0.7587842590384973,-0.8130427038053295,-0.7404956824710482,-0.5364369729559763,-0.436785957911904,-0.465324024842999,-0.441500960141976,-0.3004410607741338,-0.1925941064465878,-0.39528777113865804,-0.5085039732036992,-0.5068569224617037,-0.5056294162756143,-0.5484371197477168,-0.47510171947147417,-0.4561826288405097,-0.27118874707628443,-0.09136146091676128,-0.17529005977133635,-0.5005523098738399,-0.6918297619965819,-0.7659025985827622,-0.7890949843517521,-0.6934546178885033,-0.5362086662400529,-0.5522858754945115,-0.7469173812487789,-0.8616714685613988,-0.7822532247016405,-0.49549274638350255,-0.27003442395308397
-0.0711435754804676,-0.0721749363095085,-0.3767028139177575,-0.5973451733119144,-0.5710016429531535,-0.5005112380386924,-0.5036700130725815,-0.5107656662146206,-0.4748217132109745,-0.4419648180094955,-0.5291979175554683,-0.5454314892161242,-0.4942017484925808,-0.4359849473568493,-0.6265060568680078,-0.7797940749152984,-0.7381113508956709,-0.5153316007990074,-0.34469660305144484,-0.14735105727380224,-0.28403720480317796,-0.3655881715171244,-0.44256091042680307,-0.40689054694992893,-0.5008158205513714,-0.555941569459423,-0.7325926509087118,-0.8564431475833362,-0.8975930373682011,-0.8901526243347069,-0.8485518761970844,-0.7209566485970764,-0.5989723479530906,-0.5819943505796455,-0.7057414248641446,-0.7602821850320004,-0.6745599525943047,-0.5425514442924546,-0.25750435476059996,-0.18587096578922963,-0.2567313488620644,-0.23136925087402138,-0.17256145176427343,-0.3722938415900959,-0.37531962577076106,-0.06241138271202613,0.1489047223661216,0.049117721957223345,-0.13737342854415122,-0.02121699583401122,-0.0014478839180645674,-0.2925341653279156,-0.4317063804986284,-0.2882405475726511,-0.25517384021680833,-0.48813254657227534,-0.6476916278155042,-0.6321656203290714,-0.5737336201982939,-0.4104777587491136,-0.32859855882791206,-0.2572621396009926,-0.1717634025832065,-0.22810774787751492,-0.22804781944458408,-0.4245279921902463,-0.674209931915181,-0.7646277586098814,-0.7170688516781042,-0.7185887149555744,-0.7229007466101791,-0.7957413547614338,-0.8387870639766777,-0.8318659551367954,-0.765573930893581,-0.6642654764243039,-0.6983035414458665,-0.7147821356876985,-0.6395816980989435,-0.5134049614134188,-0.2793381637184924,-0.220788577293368,-0.3244319021682802,-0.37993563852897494,-0.3128705508628406,-0.37286077291985087,-0.5174835472566863,-0.5661185644135913,-0.6623922433617728,-0.599887228126409,-0.37579356353628446,-0.304166541076201,-0.4573799471255502,-0.5272890629288727,-0.5259406909906081,-0.6038746833435521,-0.6906186837056058,-0.8178286852201546,-0.8840471234059949,-0.8386561256887541,-0.6873867698021706,-0.5653974769657625,-0.5268042695277481,-0.4789359427717118,-0.46440332389596317,-0.4385477445818123,-0.5658407253144988,-0.5543392517771899,-0.42042604595880434,-0.4828070846439192,-0.5391958998516169,-0.44417347245408073,-0.36948009844462265,-0.23706424867967407,-0.1477358065517362,-0.3532003157080877,-0.6294231037634509,-0.7388339501548147,-0.7556934850253386,-0.7889878468945188,-0.7408362457144237,-0.6574566966679924,-0.6647440875262074,-0.7743415967482045,-0.861277193556707,-0.798347435062413,-0.546976392714339,-0.29653725965163746
0.05720273198938932,-0.03328945437085277,-0.35742316113444783,-0.6561985907180224,-0.7432760500863578,-0.714688788294585,-0.6135155860287199,-0.46657894368501934,-0.42693950780048434,-0.5163799686698012,-0.5863086483178185,-0.5050998768968832,-0.4610694826551407,-0.44248093704687785,-0.665902621461378,-0.8147621036500113,-0.7534929174951508,-0.5307004184651926,-0.38167075052037497,-0.20675703149522218,-0.26985987482280727,-0.26304607683093884,-0.3596398963554322,-0.3397258481617982,-0.4253166004805863,-0.5048877475820973,-0.6950537385428108,-0.8298072051299775,-0.899423223674325,-0.8977319257734072,-0.7930047860917635,-0.5624413834153418,-0.420800352428163,-0.47742878463549393,-0.6599408981937512,-0.7234803199574781,-0.6393301081076465,-0.46536284052358295,-0.1962026141626223,-0.16866643422482774,-0.264217974896714,-0.21576890701831977,-0.2157884721017148,-0.4054069379870381,-0.4353612690737259,-0.2830543822877409,-0.10271531208304575,-0.060300585530100155,-0.24775419230388482,-0.21376271810981598,-0.15810785723871046,-0.35861116339285953,-0.528046567149789,-0.531280927904883,-0.5189698540353693,-0.5857516969253959,-0.6649370131083963,-0.6322730523040426,-0.5254102057227317,-0.4517666380757323,-0.500032615911523,-0.45368667029049636,-0.24616464991924356,-0.1302784979205039,-0.07994691901001494,-0.28636761895375085,-0.6217641133731785,-0.7475474810377905,-0.7086810260906176,-0.7466873365260986,-0.793139438898002,-0.8525927635508389,-0.8522251125481176,-0.7975324793753015,-0.7785296532931433,-0.7631168810310962,-0.7907200849397904,-0.7224272796993045,-0.5042957137374176,-0.31663927651437906,-0.11384967792426272,-0.13199359177273873,-0.29297363774008384,-0.3562144413011019,-0.35380505482015573,-0.45948670251570334,-0.5249250798565213,-0.5265284903340951,-0.6546438552340605,-0.6093562809357593,-0.35226639126485826,-0.18095446615146885,-0.26540211414539655,-0.41472091914589454,-0.5386149740304726,-0.6058201479642408,-0.6289088321223242,-0.7651043867758456,-0.8758079354901065,-0.8690684850115211,-0.7117454106977712,-0.5041991409076179,-0.4266890862022212,-0.45297677150178983,-0.4871598035695373,-0.48794282582034193,-0.6264620832633659,-0.6144399502418257,-0.49436323849133146,-0.5742016497694737,-0.5680985428795552,-0.37010430356242935,-0.2532306068395883,-0.23469757572869776,-0.33537390901695563,-0.5634202676417251,-0.7034266026075207,-0.6529183028303148,-0.5832786298137472,-0.6559808150354378,-0.6846151966862718,-0.7175611250679147,-0.7345534477716913,-0.7616704207570254,-0.8280341510732758,-0.775216162893287,-0.5568314354854028,-0.35808718183783755
0.12917356720179207,0.11799050923302704,-0.1954937107694956,-0.562052150526457,-0.6854092232450826,-0.6797166412853669,-0.6109950858090747,-0.5758302703195287,-0.6002361159713774,-0.6554095566430015,-0.6240956884046457,-0.4580483872324756,-0.42655684560699486,-0.5437866062545338,-0.7545589473138834,-0.8445175098002028,-0.7197189290171381,-0.4570684345478866,-0.38518432508266603,-0.29296956370366306,-0.34946014908367734,-0.35787977062257387,-0.48725185626543627,-0.4847430250458233,-0.4466423339153612,-0.46320195096390787,-0.6252683103855932,-0.7139450299062319,-0.7907100658356896,-0.8274324365095681,-0.7770090762061413,-0.5953325631273594,-0.41731691835501966,-0.35162712453043493,-0.5019275501948333,-0.5017990300330092,-0.4096002142055366,-0.3117066038288529,-0.22233813249045387,-0.2711239273813146,-0.35586309123041515,-0.39019038104448595,-0.40813970733413873,-0.4198495796486798,-0.3462017791233945,-0.25478733009386056,-0.10655836186449162,-0.03603805611371291,-0.27875325878213036,-0.3645975104977854,-0.3651460816719408,-0.41034999682981316,-0.5502811769113187,-0.6506461169969302,-0.6262822193570149,-0.5237021970227617,-0.5456027469140451,-0.5277859809422116,-0.3987917661550475,-0.42257989384921074,-0.6100834223243866,-0.6344361397283146,-0.4025336778505701,-0.1100733257180378,-0.1040901937067586,-0.3099607745035772,-0.5959923317473526,-0.6557675345597909,-0.5451767304511147,-0.6239142911871808,-0.7052376014473566,-0.790034452176148,-0.7818693346700729,-0.7135931863064785,-0.7776054577536279,-0.8380678294311913,-0.841800793191396,-0.7022522049352652,-0.44479751967608205,-0.23592529066645196,-0.09089937303656515,-0.01916406510971399,-0.16792145358351018,-0.3139168368557878,-0.4808788856213701,-0.5748730046787903,-0.5319158105728852,-0.5236029637053224,-0.6570405725015465,-0.6437024541343607,-0.4172390368737748,-0.23114320869620553,-0.13233047544098617,-0.2745710977082825,-0.491942272335069,-0.5709198366110674,-0.6135528184701373,-0.701637396134548,-0.8171156765489581,-0.780602821209975,-0.4918381045555991,-0.10594342526820352,0.011002991283198118,-0.1270815582737375,-0.2931890770647619,-0.44204812770669466,-0.6433795984493905,-0.7047512426874073,-0.6962950138767097,-0.7406228332393897,-0.6613224131993942,-0.4167016869472328,-0.2537934513993284,-0.15835187040900323,-0.3230857007131823,-0.5691807632400254,-0.6617627995850344,-0.5362458044218728,-0.4618995306022963,-0.5166897233271592,-0.5706700495534219,-0.697785533431745,-0.7317612866647321,-0.7048197787160962,-0.7726317565614182,-0.7158328640256715,-0.5034624331709538,-0.39477647670961474
-0.10535666981986924,-0.02101843902089925,-0.2875367176899323,-0.5375218522352427,-0.52385624698772,-0.46787845189852456,-0.47662256716742263,-0.6152227399968688,-0.6913602067469053,-0.6488346799348417,-0.4909032057333197,-0.2281017903358187,-0.25453670755881597,-0.5502053576976638,-0.803603935283988,-0.8711309766049797,-0.7177712033790518,-0.43501883274062975,-0.3393737133605367,-0.24397951191863024,-0.4264680534414881,-0.5740042945652325,-0.6862291183356108,-0.6533686636942613,-0.5420651618511785,-0.5645974399508749,-0.6033537662350597,-0.5254802333517345,-0.5499192270452534,-0.6296510431938793,-0.6784245160180683,-0.5727610984061611,-0.43315686123717917,-0.3240677576996079,-0.3377604643171327,-0.13805704293540125,0.015065741461134487,0.014209596583715546,-0.04916092871088546,-0.14716009704121846,-0.2290381539484121,-0.3543382958620874,-0.41944201699442846,-0.3441899149059576,-0.23143083566843722,-0.08701894404778841,0.03383858754794145,0.045363604405249655,-0.2337612373272424,-0.3885548544272947,-0.48918277437724017,-0.5218041006459255,-0.5766373571007596,-0.6997278211881476,-0.6502800300093025,-0.4524683723047506,-0.39539755006067256,-0.43132803890110033,-0.4192303404150867,-0.5531842092193904,-0.7349371278599749,-0.7349752595141078,-0.46998189349921954,-0.0690421790049111,-0.06171492324806688,-0.26321946343607644,-0.544669980728905,-0.6106687690591633,-0.5014460561264816,-0.5546525530276922,-0.5913088086009709,-0.6907713356506974,-0.7304586045024445,-0.7482246830790682,-0.8311690804648268,-0.883041499475719,-0.8223851363642177,-0.6264136039503365,-0.4236290027700718,-0.3253825710452995,-0.18121858267593327,-0.06892573718236941,-0.1956866625629478,-0.45234130015755375,-0.6399865741693033,-0.6365420089758071,-0.4649677022146007,-0.4613063121444984,-0.6582079043962606,-0.7403717061730037,-0.6435199702075722,-0.47381723796641523,-0.2977093773048701,-0.36840968792415146,-0.47321988987473657,-0.47227753617786744,-0.5528994882628995,-0.6234445075868664,-0.7543603340132912,-0.6759748318870602,-0.2737313999110983,0.18616396106649571,0.3438957383729648,0.23357838873913586,-0.028403166115934072,-0.31276923404840684,-0.5850111992149816,-0.6940357886471593,-0.7815080733309889,-0.8167264226248517,-0.6796403094158141,-0.3915592000509991,-0.2716096091023618,-0.13345308793522825,-0.19136492884728754,-0.4161264354584669,-0.5918695815097176,-0.5431919018734442,-0.4286746304561285,-0.476256886257979,-0.6045453541619397,-0.7490186285867123,-0.8024897497393076,-0.8006572402526928,-0.8226182947644405,-0.7473447236509303,-0.5847391674899696,-0.5445832859080519
-0.43070246383189725,-0.337196113580906,-0.5232605508183704,-0.6496364775392743,-0.5332512949309839,-0.369440714942868,-0.4828557636388921,-0.6667093558401093,-0.706819702216945,-0.5507396804853416,-0.34800795922033745,-0.12479943903596437,-0.21054689511749783,-0.5616880391197945,-0.8261238368409591,-0.882209816127269,-0.7314281348898231,-0.4864949614341949,-0.34777208511927615,-0.2309544182229047,-0.46775627320464197,-0.6702858688224685,-0.7774069377638447,-0.778089125472938,-0.7138334672890342,-0.712303696252831,-0.6487010945196716,-0.45046312546462797,-0.3476140641593348,-0.42071115280385596,-0.5429594570617807,-0.4677760614723014,-0.41287088133391886,-0.42846048820150484,-0.39845430382647096,-0.13913949704521297,0.0316888999973591,0.011563326730165939,-0.029102443792834245,0.004378703458309135,-0.06780369616503559,-0.18113367138821318,-0.31665960008818045,-0.3179661080489371,-0.1923513333118984,-0.08648062487915054,-0.0468483409806998,-0.0540803772260858,-0.2860301733233233,-0.4718840632196296,-0.557447831922242,-0.6218409480063163,-0.7009321836911336,-0.764758511894544,-0.6272348685537317,-0.33278995130519323,-0.2886877695950837,-0.30425655929204826,-0.38001477364781466,-0.6185042830043385,-0.7670183104469497,-0.7068999117400826,-0.44374296869627666,-0.05138882394517983,-0.05033497125859268,-0.2774089787556776,-0.5203284861399746,-0.6616135915803479,-0.6541120692446777,-0.6525111603849866,-0.6208601931857456,-0.5976762879349914,-0.6303976976658718,-0.743536440710831,-0.8582020237805762,-0.8769389423929688,-0.7429089695066547,-0.5401946290342232,-0.5020842976995112,-0.471707176733944,-0.34402159973387203,-0.3447356273764935,-0.46727014629367436,-0.6581190692744885,-0.7573897810139197,-0.7040563646666983,-0.5494028893116338,-0.5649754763675974,-0.6939923158542229,-0.7851795667097543,-0.7809132853335108,-0.6672409541579891,-0.49812078165753876,-0.41902535925657475,-0.39172295059798407,-0.39203206014336384,-0.5545646912519538,-0.7028791453540547,-0.8037959056238935,-0.6990093638136167,-0.335836059543373,0.10155105425588523,0.23359898713296973,0.10789583491174973,-0.21903569099350398,-0.4731280693959236,-0.5875063859932834,-0.6090390873746554,-0.7581258438947006,-0.8282758522096334,-0.7190443279716016,-0.47817563747677994,-0.40004168407240964,-0.2675790559895672,-0.16870481993719144,-0.24468444938904751,-0.50873032038056,-0.5826741447553949,-0.5253891410113012,-0.5052038682981836,-0.6259888161317378,-0.7415384205190927,-0.8071041287589783,-0.8510625970950875,-0.8636419957190533,-0.7818908131244934,-0.6459804091964119,-0.6696869343444586
-0.695636694006455,-0.6362439979849495,-0.709070778279971,-0.7583498700397256,-0.6364201650904615,-0.47514265553118346,-0.5940333695282212,-0.7337439232917095,-0.7544820600517919,-0.6077047912423925,-0.38432272284647756,-0.2246786795398657,-0.21976345737902864,-0.5402876690757784,-0.7732164134052856,-0.8014880693947135,-0.645316221781594,-0.46281455292462376,-0.3855260226759212,-0.27099089483533095,-0.42811965511242,-0.5621700523085482,-0.656168667245257,-0.7129696108020697,-0.6947886493201343,-0.7152483767480706,-0.6627356334368971,-0.47757597139282193,-0.4166094002707752,-0.4903876503094748,-0.5868390013577188,-0.500165832883635,-0.39313052873498566,-0.5257943651800202,-0.601545364592465,-0.4671298768239469,-0.26405061946908465,-0.09978793557737393,-0.032541643182028124,0.05902883432808622,0.009334407535261992,-0.11117666143827662,-0.22405145317677524,-0.27763825450209534,-0.17093874277530755,-0.006577697932868029,-0.06878011854516705,-0.1891462360582338,-0.35120076830184765,-0.5099541310420352,-0.5190404165615806,-0.6038992602422572,-0.7467412920468439,-0.7946057495801142,-0.6110040094250815,-0.25341903565643464,-0.17110688299557703,-0.15602648924675047,-0.3661317003363661,-0.6303403147253809,-0.7170215566492867,-0.6087418073898955,-0.44155882296928567,-0.2042528710603642,-0.21400668334734288,-0.2886757630317216,-0.4497059158488343,-0.6718818589254266,-0.7314359053517392,-0.6775840013195359,-0.5992958949150431,-0.47817938659817083,-0.5092522602315155,-0.7115442308321328,-0.8472853653796891,-0.8015429855581063,-0.5830752801005703,-0.4443520233152335,-0.5294873978567023,-0.5583993564133329,-0.4970035625846717,-0.5352224195947112,-0.6002135483088837,-0.7017858888182658,-0.7234141816579734,-0.6844045633376353,-0.5679699703887379,-0.5739796890903287,-0.5759282818850805,-0.6396551825151823,-0.693203510077974,-0.5889759187076921,-0.40094302237154184,-0.2166006449320846,-0.11718687711746532,-0.13513381559443674,-0.44511860388434915,-0.7115764786231955,-0.7951180822534902,-0.6441717377277011,-0.3520234919242055,-0.05982492966262298,-0.0035416214739882623,-0.2337856201642141,-0.49984092723784507,-0.602406738074094,-0.536906138362355,-0.5345261653967255,-0.7028105736721963,-0.8075536836737565,-0.7669587911710225,-0.5853856949343986,-0.43396512321803127,-0.27779910575688754,-0.13733948438541357,-0.18284074761760255,-0.43744473514865095,-0.5297103471501062,-0.5621022944561357,-0.5614116109877848,-0.5589235021602593,-0.5811106313041,-0.6619992307628665,-0.796529205742928,-0.8681144166301941,-0.8405962189998191,-0.7593383752648418,-0.756429401764753
-0.6934061670161786,-0.6139275019948596,-0.6314958554544242,-0.7277516940291897,-0.7178628676811339,-0.6690234364658025,-0.7101184174514782,-0.7326496261217202,-0.7386288865582095,-0.6795176915221562,-0.5779635268721883,-0.4471501535635918,-0.33059737300218467,-0.493897376453245,-0.6161576416432767,-0.6396362833551524,-0.5603315870407264,-0.5489730626333993,-0.49470513912184033,-0.317165663127451,-0.29894582147660986,-0.3189016374827409,-0.38239963087871326,-0.47388739894917226,-0.4651961687063835,-0.5678167627812973,-0.6503637446471033,-0.5573810928213238,-0.42375715379357826,-0.4549744432549696,-0.5965574438490763,-0.5789724987462385,-0.4777421650330435,-0.6123502776833178,-0.7371559393138674,-0.672085350784558,-0.4262742250442188,-0.15561078658144553,-0.01855475397921943,-0.0396976884671927,-0.16538523642224168,-0.25000649687162635,-0.33631431109075144,-0.2693838524800656,-0.10149362724169908,0.09568482247043246,-0.009732912952435537,-0.26496646483548963,-0.5073849703581181,-0.631796008728137,-0.5841299017528978,-0.5892095992286378,-0.7374468928271165,-0.7773120900089084,-0.6090115447431581,-0.2547544403214371,-0.12604260102931575,-0.10014951085039667,-0.3030276431676469,-0.5562767136073787,-0.6353236074356393,-0.5979233170537989,-0.5218843982418925,-0.44890920871771844,-0.3724841132141953,-0.24723822577124238,-0.41895773634150935,-0.6626154690581862,-0.723489577069179,-0.6327006755400376,-0.6335261407500536,-0.61129905629057,-0.6615761602271352,-0.7952816414967325,-0.8295349372412516,-0.6263576404709095,-0.2506197161921248,-0.15293373145568917,-0.37400783355061595,-0.4646532150705819,-0.47154771022729663,-0.556244396317937,-0.5588945945018216,-0.6087870648565544,-0.6141235620263269,-0.6849629154014312,-0.6578747184374545,-0.5518525756589877,-0.36276607559062046,-0.39755291326702125,-0.49429881463477693,-0.3486481213417403,-0.16799106233373842,-0.07672354145521428,-0.04004360359530342,-0.015816940368285088,-0.32914792648503616,-0.6443552762148125,-0.6988333260513165,-0.4764558725796955,-0.2472038859703008,-0.12200027366903411,-0.20631411376935804,-0.4348199017859579,-0.5543904562286253,-0.49443784775284716,-0.29367844076390615,-0.3242558087988311,-0.5397602514390444,-0.6656729594077854,-0.6542258553887422,-0.4517964951002124,-0.2657973423244085,-0.22496501026489216,-0.2643976578083035,-0.30657919822467544,-0.39402590959132533,-0.33861083619395255,-0.420882936539808,-0.48525139659499134,-0.40639407395595795,-0.3714859723321171,-0.4812090767475466,-0.7026866935860684,-0.8132585488818393,-0.8001560941553346,-0.6852884054138143,-0.6185966502333169
-0.4827254723722643,-0.33458818772323545,-0.3223489611713047,-0.537449052186365,-0.6578268058238584,-0.7292360398508464,-0.7275052867200769,-0.6159270214954491,-0.558765216530956,-0.5615576329069804,-0.6267498377933416,-0.5799563336920376,-0.41825666356908736,-0.37352198381648455,-0.3622687427766371,-0.46620553639775847,-0.5843506265202564,-0.653403917560006,-0.5413592595814273,-0.2580742535213065,-0.206540410374588,-0.2852026367557554,-0.2983613699635459,-0.2995912965697,-0.29757965316874785,-0.42768947429857257,-0.6025865631390328,-0.492413185568999,-0.17414561887632984,-0.17981086147792766,-0.5001858656085165,-0.6540406443946386,-0.6180194791196383,-0.6377032970315244,-0.7380127095883292,-0.6728480885340142,-0.36025687637927434,-0.04854995089191863,0.013867260435191568,-0.10869697703016086,-0.39102085286588495,-0.5585458831667952,-0.5981826406670631,-0.44456006861746433,-0.19438757987490748,-0.03917688651612343,-0.14474242998708547,-0.33734101211411,-0.5784867705721958,-0.6738261958328264,-0.6105262874409673,-0.6217174648153962,-0.6698963673193762,-0.6449058332996542,-0.5528470940842064,-0.3126729704470701,-0.18623812563730774,-0.1755502383504746,-0.2091829170848031,-0.40307550142293397,-0.478075639417012,-0.5265863397741807,-0.5311001485669552,-0.5744609185718172,-0.43048808572369995,-0.15621947512997547,-0.2985095752374823,-0.567943682278858,-0.6791686850420826,-0.6459852841052323,-0.7113587208227472,-0.770272168107763,-0.8292712361467623,-0.8814351114951164,-0.8020504974687713,-0.4820744498969721,-0.07602872374530635,-0.01965049848167273,-0.2734464564954835,-0.39822599895606725,-0.5471455143133622,-0.649534065428286,-0.6075157284927815,-0.566246754130027,-0.6058721250796831,-0.7329376657051156,-0.7614502454925043,-0.6385544262958655,-0.43466311459455537,-0.4790475229402432,-0.4925477289694829,-0.24362523173891357,-0.006313246722543022,0.05326850130355838,-0.06713377873763836,-0.0885453007812151,-0.307121009674416,-0.5952104098803739,-0.6642480769806751,-0.5194176871464038,-0.4209378838675171,-0.3694254775774996,-0.3717068648255433,-0.47425867493773916,-0.4393386747490194,-0.3263852266635726,-0.17753413579638427,-0.2747638533570093,-0.4088109215448531,-0.46027677230948527,-0.4199023686622334,-0.19138028716524708,-0.14830289038995575,-0.30639493675848933,-0.44284209444528483,-0.4401666125740379,-0.4194972036668869,-0.2609045742787238,-0.3364042765491739,-0.5223676067382389,-0.5572685293714517,-0.5623725643116374,-0.6281480547765556,-0.7242005367020382,-0.7331190489101388,-0.6712824962819268,-0.46394674029043165,-0.32056985113965075
-0.42505981802721765,-0.2572242635572001,-0.19492939661772504,-0.41270259048004887,-0.5686295545390013,-0.7400502377742515,-0.7632918019700552,-0.591019773802619,-0.34826584276666633,-0.3117892130060817,-0.5150298937256479,-0.5445941939116474,-0.3621073407313489,-0.21648258291011854,-0.18233191175009578,-0.3352721660755393,-0.5954205296197491,-0.70707920345845,-0.6151633918397088,-0.3779998693574153,-0.35813683053670814,-0.38872573876878935,-0.27204349282666274,-0.1781889587528471,-0.23851385819144785,-0.4860678948841432,-0.6510645972696619,-0.45823410824098443,-0.013243061690604864,-0.027277764192797847,-0.44880672307448827,-0.6872645256299394,-0.6458744528168975,-0.541712338557695,-0.6574714161802717,-0.656057996005821,-0.43837496857634756,-0.14028823109887112,-0.0732658735161778,-0.25218105003899116,-0.5751473982051173,-0.7648286854366362,-0.7694115217556197,-0.625587588136046,-0.4819433645441786,-0.3718796692816761,-0.3368998905589409,-0.3967013945563492,-0.49000610139325496,-0.539023265800792,-0.4504665704594862,-0.4691328560113493,-0.3808917968249037,-0.2867784910680514,-0.36022909658989216,-0.3204066518825758,-0.3729169736087533,-0.36342075694179166,-0.25459241196764315,-0.35364533841805984,-0.4642152983184172,-0.5424151463199424,-0.6370542567167053,-0.6651562327006733,-0.41769058725089536,-0.025649027197945425,-0.07544190043174084,-0.33994921391283844,-0.5423145794123589,-0.5932527678865946,-0.7469382947814962,-0.8597562939137399,-0.9172110421941095,-0.921277351139854,-0.7813197831446451,-0.420375683379133,-0.09872159257126778,-0.08109154189168798,-0.2912352201599783,-0.44574012004865654,-0.6376778925908445,-0.6962457378123768,-0.5497901536454215,-0.39112614429481496,-0.46032287992633975,-0.6873314949039123,-0.810865692883936,-0.7738418770068254,-0.6647339364103291,-0.6499650355324739,-0.47985455711181196,-0.03606362851296248,0.19334401762669948,0.058766001540524734,-0.269968860390621,-0.40295869311875004,-0.48425402064230816,-0.5919083627639251,-0.6396147116209685,-0.5708601499115088,-0.6157190927716647,-0.6386032183990631,-0.6005521676888118,-0.5553802864632602,-0.46545378577727753,-0.30719506110062,-0.24719002919048147,-0.3552942203117221,-0.41306010720298214,-0.4426935925725593,-0.3107122978588572,-0.0614649454747364,-0.04629759167006293,-0.3470850925562116,-0.6039473044576036,-0.6643127918107633,-0.5831185393943773,-0.40643472418477805,-0.4912047416868109,-0.6655733646586062,-0.7291234012301265,-0.7639804113143075,-0.7882695774095678,-0.7698556165948277,-0.6881336235470333,-0.6604476480097632,-0.5139307441773578,-0.3540299648263325
-0.4730226964454722,-0.2826350606556755,-0.22663782275742053,-0.41367350287628923,-0.5964905051398486,-0.7629121135421515,-0.7836045736998156,-0.6268702903788962,-0.363761312951895,-0.2932943097977057,-0.479833462776172,-0.5193348622342894,-0.40815128164756137,-0.23602456488068238,-0.14252417949196552,-0.37661950165095404,-0.6286048123780528,-0.7114270760989344,-0.7000234780256867,-0.5834166211955893,-0.5267090460348269,-0.5328096362666835,-0.4477981164719554,-0.34941663672326934,-0.4330325959775807,-0.652050895143921,-0.7445519729507065,-0.4875260210324325,-0.012494076563671392,-0.07122384227284158,-0.48899387232023633,-0.7310018389717361,-0.6930538347498979,-0.5528804487624712,-0.6275678658178236,-0.6527984296561116,-0.6053975961762148,-0.4700614507475198,-0.3835607537128347,-0.41829117606109056,-0.6717211278461682,-0.8195744644280272,-0.7775235276426188,-0.6357071525146009,-0.5860453337889993,-0.4761755931901225,-0.2581885513339506,-0.1761569338951378,-0.17077119785714226,-0.3311433433990831,-0.3207815254986335,-0.2732379268495487,-0.042230415256587196,0.012108464441747135,-0.2358565803717296,-0.3897667285504848,-0.5503673206839734,-0.5444011586957407,-0.378419051366107,-0.3612793205412843,-0.4772323346027089,-0.5555574929597887,-0.7005401949957207,-0.6799333216024958,-0.3670633739515221,0.01160234915040185,-0.0034936973021693707,-0.14393987762447924,-0.4421490926130906,-0.6202611589833062,-0.7937353426791416,-0.8887434719179845,-0.9170839479698706,-0.9216839528359659,-0.8059620280300077,-0.47407566040766624,-0.07805489430484291,-0.0002837354543415335,-0.1673793387113058,-0.3569635579705135,-0.6267387555184496,-0.6778921264837138,-0.4482511773616533,-0.23400666772986256,-0.2486114783667869,-0.5613357433744437,-0.7572207489571563,-0.7836054618483509,-0.7302790427827612,-0.6951466672194233,-0.4414861885827571,0.015615091106852568,0.11800724871136596,-0.17177691888533997,-0.5028587152605866,-0.5643986118435905,-0.48408351911707664,-0.5070654928137447,-0.6495669536446068,-0.7183252039798965,-0.7966490261014545,-0.8164876719116871,-0.7427103699816108,-0.6262248199035925,-0.5859875991135168,-0.4711672035819466,-0.38870246276745,-0.5220214215307358,-0.5991567836589274,-0.5834714563635331,-0.41131507458585465,-0.24101749200599148,-0.15176770512221135,-0.36764761174797006,-0.6617819871472337,-0.7662997065135047,-0.6328088420743815,-0.3988430000375751,-0.5299256430305161,-0.6786736986055922,-0.7092222555883008,-0.7954965585704855,-0.8598131863737699,-0.8568009783933872,-0.8054210251779481,-0.7801558387482688,-0.6930169413658139,-0.6044332651994133
-0.49080317067047313,-0.33202940759942057,-0.1621050297524856,-0.26810284629101155,-0.4280322400416891,-0.5840323551664359,-0.617029527081792,-0.5733535429182329,-0.43872616537495945,-0.45149030358108244,-0.49771817112225875,-0.4068127555114148,-0.3171906612084197,-0.19911074052231834,-0.1701268686413453,-0.4478607820235501,-0.6363220043064295,-0.646962228462701,-0.7023522661411462,-0.6397073515470689,-0.5032734369096531,-0.5053623624528407,-0.49618323202620096,-0.4104216619154105,-0.49516230532054417,-0.6866749138585936,-0.7607058496866945,-0.5136656332848025,-0.07876098147918453,-0.1459879071639103,-0.5471575542881777,-0.7921914472165283,-0.8094129142876308,-0.7221667906114698,-0.6979907174370754,-0.6590208413237976,-0.7047165771522612,-0.6823077370568289,-0.6166771953043141,-0.5665765371211662,-0.6938695141689074,-0.7733951167428931,-0.6988623655006282,-0.5978659549647152,-0.5592692324159291,-0.475803220379135,-0.18581430211664718,0.046922070625449445,0.06340662576122408,-0.2571116422927386,-0.3811333148595175,-0.2723681883549501,-0.038609011067866635,-0.031187428405925775,-0.2760684205092247,-0.42525276073193413,-0.6224345847886452,-0.6280257863250053,-0.4706642480569662,-0.4963580960635361,-0.600105799787019,-0.6900227167802409,-0.766466982563534,-0.6625635940418755,-0.3536646829400232,-0.10563636505599583,-0.10655879355017296,-0.12135452193214175,-0.376399173983071,-0.557922775926428,-0.7301203792334232,-0.77444401340703,-0.7641789445830424,-0.8334492737312278,-0.8098291961940218,-0.564803705636601,-0.16145391813026175,-0.008228946359057025,-0.06745126085322112,-0.3113176563956615,-0.625891107882209,-0.7016395148145489,-0.48897628403558807,-0.2372605741220175,-0.23644064068889958,-0.5007842979170957,-0.6361223299601132,-0.6619946577419762,-0.6264261855032927,-0.6223351409890093,-0.41699724891992324,-0.12630535265724294,-0.13645656594907074,-0.3653063061935685,-0.5607263458358089,-0.46344726897722954,-0.2905670449587516,-0.4458683414277521,-0.6938742693755396,-0.8384149811283276,-0.9101708685189845,-0.9208261260623715,-0.8681316640490924,-0.7977677246095907,-0.7631498758140026,-0.6628053331490599,-0.5750376267839775,-0.6697755590927286,-0.740497150818295,-0.7542516231131612,-0.67383535001728,-0.5402036411098762,-0.3527505207929504,-0.35035191082091294,-0.631755565643176,-0.7627255713527973,-0.6069804823818338,-0.33718454395429237,-0.4670886053075939,-0.54844914493242,-0.49667099857937363,-0.6805321611278516,-0.8392369795854083,-0.8882965352840604,-0.857007230476401,-0.8125239911038914,-0.728544856261092,-0.6856689366777472
-0.40660336798001184,-0.33197260833367254,-0.10485243725334009,-0.046613573431398235,-0.07461783072278298,-0.19978073223600418,-0.274970290383066,-0.4562483260493501,-0.5601345823100028,-0.596863306646822,-0.5002023872738788,-0.3268797295974034,-0.1970296508860176,-0.13437777010135177,-0.21547036203014158,-0.5018587504719986,-0.6592132193039366,-0.6615145309053548,-0.7205235255167087,-0.6652821779768543,-0.4940412805209752,-0.43869889302208354,-0.4871853118727708,-0.44301768769906774,-0.4237075793582534,-0.5538766191346313,-0.6881987916773381,-0.5780331731931917,-0.31426088879882463,-0.40658454025922275,-0.6685549042252188,-0.853978870663424,-0.9034594680316489,-0.8670408766099625,-0.8113906765646216,-0.730462928576377,-0.7025955937519652,-0.6645338802734349,-0.6078432101598272,-0.4859243945379413,-0.5546245842351943,-0.6227439566585541,-0.5206103134033387,-0.4548565166417725,-0.4708397995727941,-0.5265162142003061,-0.3271049523454934,-0.006235675645497573,0.062111965020635415,-0.3012744774661733,-0.49353081525403075,-0.4305640672301625,-0.37863518554607634,-0.41811902946013985,-0.5212883419005205,-0.5705694736021351,-0.6989791949115075,-0.698677865048153,-0.5805893395014466,-0.5924249092094411,-0.6349154103608662,-0.712663095304667,-0.7551590292083563,-0.6708677182562183,-0.5500912978390873,-0.456286017674242,-0.38415501343667285,-0.24025956912625737,-0.3013747887318134,-0.3579486047258316,-0.5178758432682011,-0.4988381532734853,-0.4627057792923767,-0.6583776912744893,-0.7526010691050504,-0.6194005157969841,-0.27003107306890484,-0.02664095281947269,-0.039360034282375715,-0.23395923957295223,-0.5441430807705071,-0.631555490835346,-0.5097909797374046,-0.4387755785734814,-0.4839520884614566,-0.5787301605991195,-0.5465504711405204,-0.5591468117271123,-0.5932143658332845,-0.5831003348343691,-0.4396343696802756,-0.3127159542277209,-0.2690175655720666,-0.3779999170892873,-0.48703707660295803,-0.28169943656533436,-0.09935190164270871,-0.365597117681943,-0.6962528567226015,-0.872101464393001,-0.9208762964319863,-0.9257517615880774,-0.8961283478674958,-0.8742301118833554,-0.8386561206939402,-0.7234761467006419,-0.6088992942765463,-0.6560548325444282,-0.6723593680353673,-0.7263877620959365,-0.7374842202707227,-0.6377929777471016,-0.4103104576723587,-0.34042404900992224,-0.5696486935550074,-0.6928965318205871,-0.5593011525601588,-0.3042705412630327,-0.40392494032491594,-0.43618886033726467,-0.3482804623402911,-0.5754908010141282,-0.7678504150808693,-0.826041691614706,-0.7752838219720636,-0.7261162935195536,-0.6151860582146151,-0.5771038031935186
-0.4045548360128075,-0.3944363058868886,-0.2267125324412284,-0.14380045109190698,-0.048719323279623306,-0.05286134069277249,-0.11277725186690256,-0.3417571121677998,-0.5737435292230305,-0.629320046861456,-0.47588803085430403,-0.35083436273268026,-0.32953384639901356,-0.25533370862581234,-0.20041115967600037,-0.4455582759484945,-0.6145023581673532,-0.6359713168700526,-0.7295224975907467,-0.692678190862118,-0.5089304884543523,-0.4402502191334396,-0.4341006573778862,-0.4026839694007898,-0.3511549611563712,-0.351816754336725,-0.5826077889692652,-0.6606745886210823,-0.5832539278244346,-0.6207235917917996,-0.7216296833408817,-0.85191698012745,-0.907111433321215,-0.8680924441473546,-0.7610141758844975,-0.5922238704390428,-0.4668572519666149,-0.4261826927898609,-0.4558994153764484,-0.3632779793278679,-0.4148147131944256,-0.5596443890030546,-0.5357842106824796,-0.4770791500358383,-0.5741529019296306,-0.6466909524866236,-0.4572966130457274,-0.08984990942908942,-0.05298338200011236,-0.38683969911495314,-0.6109918982469986,-0.6695538082945125,-0.7054197012822071,-0.7283286565657737,-0.7077681305919526,-0.6474468548029739,-0.7319675454889086,-0.7216047513316444,-0.5974130151296899,-0.5870045651565055,-0.5421981274812917,-0.5909358583430618,-0.6519805284464943,-0.6273100875559676,-0.689161014039099,-0.6990614363342974,-0.5720621399452485,-0.32657681440802744,-0.22044045331190443,-0.2434466054551701,-0.3902637247855146,-0.33844281254236114,-0.3353605949226946,-0.5517084042612107,-0.6554931515937686,-0.5760328592560378,-0.2522417476314197,-0.028137720287701225,-0.011207660314238664,-0.16382431399870148,-0.3452560293465774,-0.36942698593445006,-0.33088535248385287,-0.5091194138859246,-0.6740267719551423,-0.7254136333500502,-0.6373821145208344,-0.5586080108521133,-0.5996409221312146,-0.5979919490159801,-0.5518373483286688,-0.42502457807535027,-0.2782079366573712,-0.42980340380915727,-0.5433100127811338,-0.3447918895590367,-0.08228503339231467,-0.27888259898912665,-0.5998180338601291,-0.7657109687630064,-0.770643868819572,-0.784707146578862,-0.7705583299160744,-0.7948878539263278,-0.787556832841548,-0.6968935261556988,-0.6172214229248175,-0.5316422135140106,-0.39224098253581857,-0.4555188063627229,-0.5439714985284417,-0.5102804178951147,-0.30313274487554165,-0.2851861879983492,-0.4043403458623176,-0.5161095596034968,-0.4939736478169005,-0.33539231962804406,-0.39364777457385297,-0.4190008727029543,-0.34167709777132615,-0.5187494551462715,-0.6471340617453766,-0.6861959023326081,-0.6276943564321608,-0.6600425628345633,-0.5864679705377064,-0.4739622262545661
-0.3052639280146533,-0.3448899265373475,-0.23722965538691185,-0.33508751555452565,-0.3789789809111854,-0.34662998982021764,-0.25759885473295746,-0.27580110856000595,-0.5271916466168535,-0.6840356957007792,-0.6641220125264478,-0.6112689355237034,-0.5607313577622715,-0.4002671588269843,-0.19239538194380068,-0.36350873364019326,-0.5994314016936415,-0.7218840997219501,-0.8190160171655944,-0.7793834304492161,-0.5655423025550327,-0.37078302764135707,-0.2908101999059063,-0.29721629590271836,-0.3015341726477434,-0.2657635105015406,-0.529446828930145,-0.6761017964172046,-0.656816206429453,-0.660266369171572,-0.6572945255635906,-0.7412690856350346,-0.7564670468645419,-0.6619427416810453,-0.4977791749329934,-0.2631730833511414,-0.1192218295763731,-0.19444742404547066,-0.3024426651469491,-0.2675226595939895,-0.4480690470555185,-0.6519170883388727,-0.7086824732059551,-0.7045675027534989,-0.7581210123108622,-0.7590314975193736,-0.5904233451418455,-0.2905259808001061,-0.2562385481546403,-0.4163328361444094,-0.5958077844494246,-0.7532083203838777,-0.854188145173576,-0.8854441274274352,-0.8408117574866183,-0.7655775941615923,-0.7973144701707237,-0.7915440005929101,-0.7130704029089169,-0.6790342577575613,-0.5878742080615804,-0.5269949414515994,-0.6188642985426012,-0.6787253158381781,-0.7688991852524828,-0.7380472818349083,-0.4847087704729071,-0.15805345510576946,-0.06993233502515171,-0.2963849275968702,-0.5237128288737326,-0.5432487851965098,-0.5217870090802444,-0.5988575993415892,-0.600076811461216,-0.5363328545498914,-0.24683712407478414,-0.021412595140598296,-0.05383095728564689,-0.08517944646324488,-0.12729104059122362,-0.12936355742253972,-0.23483086327612213,-0.5553840200182663,-0.7852340319437757,-0.8543162232830552,-0.8019988935480449,-0.722716020882287,-0.6866248519479923,-0.6290228280884816,-0.6151831651961767,-0.44956099331103255,-0.25831173222214804,-0.45305464485880836,-0.6210090548359771,-0.4803086914552151,-0.15184572224825993,-0.138210588275394,-0.35408368397462747,-0.5068767182474312,-0.4801444211969813,-0.5534525834830372,-0.5492535621056692,-0.6074226404289469,-0.6340657878429645,-0.5430921616506718,-0.4978050893227697,-0.3652011430260469,-0.1961616420182383,-0.22535688058611572,-0.3369585518195384,-0.3751994164754302,-0.20612813389443235,-0.12238765216532742,-0.09536765588857611,-0.22879216326514654,-0.4049720253177843,-0.43546364692223044,-0.4340157463152015,-0.4521493206591601,-0.397210379009551,-0.45711279594248727,-0.4677347911233957,-0.5218959147634926,-0.5450308135216185,-0.6283744300702983,-0.5414521623328795,-0.3206313076492619
-0.37922113624794246,-0.3660705951804433,-0.2740170960299802,-0.4895579518304471,-0.6260695731319785,-0.5595365359864046,-0.3666275014845035,-0.27108101790898137,-0.47636342941797066,-0.7091211822967385,-0.7776440499253974,-0.727039728652026,-0.6331118222617441,-0.4837745835382754,-0.2627053767975225,-0.33761707006411545,-0.5742145269107757,-0.7380630260562644,-0.8338851703982887,-0.7472696002648684,-0.4442327851851607,-0.22729106015026737,-0.323621649494657,-0.44596874338634424,-0.46374072580716297,-0.4035768063584627,-0.5784179007527596,-0.6557055779275894,-0.6104059361172678,-0.6317002885825812,-0.5998840098797533,-0.5354389423258595,-0.47382158060373325,-0.3776085158734324,-0.2853031330938294,-0.17479675943974976,-0.0482386128863657,-0.11201633889849893,-0.2865184602666664,-0.34803560473662165,-0.5845976898000984,-0.7823583596812808,-0.858302078505639,-0.8628139981102037,-0.8417949261635763,-0.7620273830445086,-0.6368044053492864,-0.4343676598950648,-0.31577106514824466,-0.32222600950939395,-0.4815878704123977,-0.7345500553648868,-0.8910271608185707,-0.9285598647731427,-0.8498897772238707,-0.7217308301321733,-0.7326541348991884,-0.7550648358306092,-0.7245453134076444,-0.7354473481693852,-0.6711762846029683,-0.5808233637115509,-0.6221781591525464,-0.6515885702649815,-0.7076306132950189,-0.6127738238470462,-0.2748745955121513,-0.04267452058667231,-0.06443338378031492,-0.41998878335788903,-0.6787809708583381,-0.7008084189129269,-0.6281651784409774,-0.675397559577153,-0.6869789364773293,-0.5949495180122779,-0.3218015473172557,-0.15926857366438316,-0.21741054113590794,-0.23707403087952447,-0.27040199249876573,-0.2844448004481815,-0.4289292691895768,-0.6698189444665376,-0.8544201200642845,-0.9276855726419837,-0.9152642955992,-0.8662755434108921,-0.8244423581476316,-0.7670831062245166,-0.6643317759000855,-0.4131879286616625,-0.23753336385727086,-0.4273936794415145,-0.649850929415952,-0.5934791702662308,-0.2696184768659986,-0.05690177461340479,-0.09364865387489082,-0.3106204378890966,-0.38102951446361755,-0.5281761144068523,-0.5502721744441288,-0.5194403540146608,-0.5114878822463794,-0.41253488492917073,-0.35801527480188594,-0.3094903836592918,-0.35247547935679846,-0.4333927140114451,-0.468078415812852,-0.39346981503680495,-0.23079680543043515,-0.05173104303274055,0.026051737143926855,-0.07415457836005684,-0.29342135725471774,-0.47638055316182965,-0.49480221142934133,-0.4307246643106028,-0.3347922401472887,-0.3267722542658161,-0.28036712912030537,-0.2993937839978675,-0.41029563389216134,-0.6069069808588443,-0.5862452033151067,-0.39491398584072396
-0.3901415975597237,-0.3839547370259955,-0.3640344360847668,-0.5973496897617576,-0.704809219982351,-0.5856852266376319,-0.4009479269739371,-0.3663913706724523,-0.48011244268660463,-0.6832086866889326,-0.7023094496002258,-0.5919243096151849,-0.536715178253682,-0.5720555170675555,-0.5222772816373704,-0.517872409069749,-0.542969293170794,-0.5954097116129623,-0.6734803225209156,-0.5526855453549143,-0.20700869468283695,-0.14500161090800973,-0.40958606665925174,-0.6105648450644494,-0.6688885147709502,-0.6319063938142454,-0.6740453481543265,-0.6514799067112853,-0.5900196745698163,-0.513405090671035,-0.4023034378659032,-0.2328628966438231,-0.26062160431582365,-0.3832590696529824,-0.4154717571784253,-0.35624986758659005,-0.27591402154681144,-0.25982299257217384,-0.4166548359476154,-0.5689309316085066,-0.7617019848379762,-0.8935254641514239,-0.9390831428690068,-0.914365194459922,-0.8196454167115822,-0.6370640999130398,-0.5015241207933697,-0.35462944042895717,-0.2634866833613106,-0.3676800203160067,-0.5774887518119622,-0.8022196337141664,-0.9261021616995694,-0.9155335381323396,-0.7477394989685389,-0.49612609594828144,-0.5120725489182975,-0.6088646780811856,-0.6333961208538915,-0.7228059901382093,-0.6973873781457779,-0.5846489412851781,-0.5706040868853626,-0.5002238830915166,-0.5352485205713272,-0.485568792854374,-0.22008776923626136,-0.08077082912665118,-0.20573166538790827,-0.5403136091193235,-0.7236863267652442,-0.6787341027895896,-0.5419703488598184,-0.662719370464003,-0.7686355630540478,-0.7558111926082133,-0.6083093274405671,-0.45733814896392483,-0.36447173297405033,-0.3106497605697127,-0.3900070115167601,-0.42109329830283204,-0.5532595262050621,-0.6855729817091287,-0.8380292723696966,-0.929255356968242,-0.9381547777147088,-0.8914669056345276,-0.853224744726344,-0.7925847879762135,-0.608196111108739,-0.3193246659854459,-0.2599503813112692,-0.3771574198322236,-0.596861883839091,-0.5785541267572712,-0.24262480362926894,0.05020376127863817,0.004766766992915461,-0.3189118027599764,-0.5154995192152972,-0.6623575087073248,-0.6689197848463835,-0.5653052198077597,-0.404212662305689,-0.26869062913380837,-0.27943388761287535,-0.40990195256155454,-0.56624862829712,-0.6105564370832242,-0.5028205913162868,-0.27553744065257796,-0.18175628376498598,-0.11220204416494993,-0.03957781102504718,0.05493597616038774,-0.08248466218056003,-0.363681254180981,-0.4273260508840712,-0.3779287087570077,-0.3454063569883888,-0.21715305236923962,-0.06240320794495181,-0.08577417544973365,-0.3882157904242145,-0.6568784263730703,-0.6823787438839326,-0.5665139782332547
-0.18485626468288574,-0.29779896557060115,-0.45361728511786925,-0.6731396290930391,-0.7312009393337999,-0.6110747900640857,-0.5513850509584193,-0.547958233713264,-0.573512212358573,-0.5765562925396268,-0.431070126148664,-0.31625613823014564,-0.47828313983853327,-0.6730593828805198,-0.7199629793595433,-0.6313907631671137,-0.4192925225517685,-0.3049244492357246,-0.3949664243027231,-0.3634371066867223,-0.14734659999908134,-0.25458512215264156,-0.48871876566071615,-0.6331542148459929,-0.6998881799794155,-0.6728518305866694,-0.6652285289278843,-0.5566725313197156,-0.43772408271454016,-0.24379544062776237,-0.16157083943746403,-0.1216452378404394,-0.33293187581123135,-0.5379197692620545,-0.5669241428218325,-0.46615232279716073,-0.35612544869439405,-0.20157337690111346,-0.3690403613733845,-0.6344984313482638,-0.8422220395795458,-0.9448192866344055,-0.9592659896866809,-0.9111336345527806,-0.8177983819684123,-0.6299924384335979,-0.40145253380317575,-0.24759660339918618,-0.23010358110959603,-0.3908327153498754,-0.6512528644946808,-0.8531277195858411,-0.9288326698829281,-0.8688388660509068,-0.6780335679635512,-0.40219079540558694,-0.3940325260211553,-0.5627803229743069,-0.6652358567670933,-0.7610336620242261,-0.7613508977137896,-0.6991628034240005,-0.6200897138416549,-0.4696417486713314,-0.4366981064312185,-0.49184903119107426,-0.43377559932667814,-0.35547227293344374,-0.36416026856107697,-0.5766287527427099,-0.6675815083927878,-0.6291023010858637,-0.530958491245385,-0.6879138667439818,-0.8317876159865681,-0.873499836378292,-0.7922310965833826,-0.6164699938179364,-0.42426452518697555,-0.40115399402211244,-0.5380403352397265,-0.5991415052254186,-0.6022591906996247,-0.5815105926607307,-0.725135917883371,-0.8514593519896333,-0.8562499390190952,-0.7626160693340539,-0.7123674121568432,-0.6719988434936046,-0.500502408467951,-0.31380731236508336,-0.3439584998059057,-0.3987997114463411,-0.5245301196081588,-0.5623873979706244,-0.36910923589277556,-0.09844426783138145,-0.12167652270905817,-0.393563857991068,-0.5705676952107895,-0.6905164882479599,-0.663420748329758,-0.5355777902585004,-0.3340326502668259,-0.34262753742487323,-0.40884395982457594,-0.48373903662779466,-0.5829767632689725,-0.5196070405422378,-0.3430094908530367,-0.1176966342880449,-0.09534418418045312,-0.16199062107916287,-0.1932437857040913,-0.06991551152338815,-0.13734872306092985,-0.3753915848133096,-0.43717227065715714,-0.4963370107304975,-0.5295825249940489,-0.3789164014652566,-0.12864686224438218,-0.11393405308656038,-0.4499293592325971,-0.6627232138125215,-0.6059564294436827,-0.4867846717839542
-0.059044339214935515,-0.19482433669851607,-0.44221323646497873,-0.7008414780018688,-0.800456194473179,-0.7559309813919277,-0.6895195172129802,-0.5777960476197967,-0.442836343818946,-0.25432734983010574,-0.05725289722003465,-0.13180149720332013,-0.4859263164339989,-0.7449513726667457,-0.8142024034292192,-0.7334412805873433,-0.5026954712536785,-0.27643999867804137,-0.29268837299760825,-0.3610919523015475,-0.2875229863297293,-0.39566490406983656,-0.4815322724579383,-0.5341505499939685,-0.6253654465781884,-0.6224726235646103,-0.6464737602219883,-0.5109420903586702,-0.2958620332092817,-0.09392181569497456,-0.06502808944833907,-0.18425387312902367,-0.45041216828520697,-0.6370172066966917,-0.6518506394506909,-0.5909379799545932,-0.4144689906505516,-0.13973642194260463,-0.2551065421140348,-0.5811393928875327,-0.8296268541152789,-0.928826115648474,-0.912383979467085,-0.8454887199812108,-0.8194188386572662,-0.7224834761282036,-0.5213226418939642,-0.31276202780354456,-0.17952763190529147,-0.2897408032058678,-0.5770871851558285,-0.762556034655694,-0.7901694648441839,-0.7225629418232297,-0.6689157626532974,-0.5613618451410264,-0.5301774399280721,-0.5839382864470841,-0.6361233713183927,-0.7151082073533844,-0.7274759132800646,-0.7394164937759363,-0.6758579993606464,-0.5159648195665735,-0.4839897397377462,-0.5206959654543497,-0.5873263472486933,-0.5551927591655986,-0.48219700327146925,-0.5668251756711706,-0.6037396909536787,-0.6663615307707691,-0.6825302825234455,-0.7843044148184823,-0.8670798403721943,-0.9023061361550068,-0.8332521197973642,-0.662519967837879,-0.5185186228566211,-0.4910650601137009,-0.6473188430410513,-0.6849553257887199,-0.5698810954204472,-0.47206296798009656,-0.5716026185280864,-0.7255063496255689,-0.7290008119271711,-0.5805822548892552,-0.5069408460771554,-0.4912290515049781,-0.3792196052495377,-0.3592783972576003,-0.38806448856745474,-0.33172185774444013,-0.35439248281082975,-0.4729150146403711,-0.4865874087128138,-0.32564473799180427,-0.2236399040890442,-0.3905367654115733,-0.48155429561016827,-0.6030594597931958,-0.5792934290703846,-0.5355989893862487,-0.42251079287008303,-0.4880042163598946,-0.4718737481798837,-0.35274586223057774,-0.3654618185454341,-0.2233117959707454,-0.1410264317998226,-0.15950352082441352,-0.3202334668788345,-0.46841753678347764,-0.5214585166078086,-0.48164010744487223,-0.5212738153078118,-0.6263545360307138,-0.6312696856901725,-0.6347808453445025,-0.6386959289419749,-0.44115549131378,-0.14191590861952014,-0.1934439353915469,-0.49291924384765823,-0.5802230460235623,-0.373441121337929,-0.25089681522657625
-0.29211832589168896,-0.3783182986956285,-0.5070649197719518,-0.7410147651127001,-0.8633228940114486,-0.8490911352839949,-0.7308823282366044,-0.4757787719972281,-0.20166899230348767,0.030353169597572942,0.03208179205208903,-0.2623055765002513,-0.5994336313106433,-0.7514112331255424,-0.7624204948845095,-0.7426679423970586,-0.6465828249085734,-0.5059350383424281,-0.49733367697495373,-0.5730760086837601,-0.5643571574956882,-0.5537545288868436,-0.5221404565922125,-0.6063212644279824,-0.7100699687470363,-0.7128433681310339,-0.614395153976459,-0.3580580020865965,-0.14566371194330183,-0.16034400480271543,-0.20721401054949481,-0.27305791605870033,-0.46948052104041194,-0.6234438556545394,-0.6363830995642937,-0.6631289500797911,-0.5272035227104949,-0.26723742071656403,-0.32230265078964654,-0.5229751994231785,-0.7512597306416198,-0.8428173173036108,-0.8150020938701805,-0.7429515092114731,-0.7893471532260139,-0.7275957039285621,-0.4866319245249802,-0.24930190498271113,-0.1319147258462068,-0.2013311534625626,-0.3814303790958031,-0.4717103896737234,-0.43994450598817136,-0.4100787636044809,-0.5718501242798363,-0.6137175748397032,-0.5167943483313717,-0.4391240851243395,-0.4588626243052805,-0.5715615402332923,-0.5986403913823718,-0.7173670616096086,-0.756738920431272,-0.6575615607780666,-0.5212602639069873,-0.4289681882039721,-0.5420068293093789,-0.5093856018799527,-0.3876662319458389,-0.5171804091266105,-0.6555527972198034,-0.7555174001253361,-0.7818972848294624,-0.8032077306531314,-0.8043694753321411,-0.8404677233929946,-0.7929725166293367,-0.657030394891775,-0.6386580103885584,-0.6776128444468825,-0.7649167367179259,-0.7066157898730987,-0.4730983286226438,-0.3311967360340578,-0.414898259137504,-0.62646375926716,-0.7207917237098089,-0.6630721673708241,-0.5517436411882986,-0.40604169509233035,-0.29499794068358703,-0.3096067154551536,-0.3751282018023718,-0.3726341589105732,-0.3389858930311089,-0.4300184332976764,-0.5764066510301805,-0.5354090277757559,-0.41184283104563896,-0.46900805490331415,-0.48142086620339075,-0.5919180217517425,-0.6373304956172772,-0.6771875737058962,-0.6557342742806376,-0.6304511704888325,-0.47491362287328,-0.22910081421356382,-0.20618322772970132,-0.10552081878764712,-0.15532029120196617,-0.2861061492619558,-0.5391675682336552,-0.6786268129118402,-0.7009710943722783,-0.7339633315454506,-0.7864669242791854,-0.8167248792334013,-0.754999906868638,-0.6482255119871131,-0.5761522943529666,-0.3408698281896867,-0.10066226940674015,-0.17993306448607552,-0.4706708509383604,-0.5332141073853963,-0.3087012013330687,-0.1835363629043548
-0.6061068050864985,-0.645896049975062,-0.6913008961470932,-0.8259432189462588,-0.9067160959611357,-0.8924140843384604,-0.8127644016559619,-0.6273522434724083,-0.3836940637400396,-0.18086619913119367,-0.29146494908065385,-0.5427637434782263,-0.6946068251530202,-0.6552014634083997,-0.5727427449312648,-0.6054078209294133,-0.6230769143162861,-0.52773381261178,-0.5035079100990925,-0.6099979504036569,-0.6601091905973662,-0.6340196869766199,-0.6563629732636109,-0.7527719153644213,-0.8185130411828382,-0.7434261786923385,-0.47639444038796364,-0.14438756970285538,-0.0883366222090216,-0.27716850147656763,-0.37089463838950976,-0.4290368244143535,-0.5131263022458395,-0.6588132089738604,-0.7138614496229237,-0.7568608348422567,-0.6570146028840576,-0.43117695011416696,-0.34839618441826364,-0.3601373889311333,-0.5716783481154907,-0.6763699254550201,-0.7258607838525322,-0.756900939488901,-0.7899632537620856,-0.626379962908011,-0.2186908234287157,0.044379872161975024,0.05905190189552968,-0.04159684331990528,-0.1357637339401332,-0.1305528308778811,-0.10952638647457509,-0.22828307599938572,-0.5210316228708948,-0.5886402302304652,-0.3870467398479235,-0.26171021233851866,-0.402467313750984,-0.5434186042038472,-0.5738016914331332,-0.6946689625206509,-0.7857919481631057,-0.7142320317973344,-0.5061885829435614,-0.3557506920696766,-0.4312065928056791,-0.35436194464489484,-0.2574369845823112,-0.42761893310548965,-0.6426622989460425,-0.7312047467220653,-0.7176990162874246,-0.6938034265308669,-0.6492719812319881,-0.7561216889118697,-0.8031964467811832,-0.7561293483939436,-0.745100642056834,-0.7799827111340302,-0.8253639777990877,-0.7530754476671606,-0.5909391650056804,-0.5074502220385765,-0.5361221564667726,-0.6397437041897575,-0.7538454615119409,-0.7476804518591954,-0.5656846561857284,-0.24625541288305183,-0.09918128014285102,-0.12227575258955266,-0.2678697741486517,-0.38955568390103645,-0.3858461191103152,-0.5395695758444211,-0.7153206206069063,-0.7487440497542499,-0.6617603710253509,-0.5407939802032127,-0.3584850615462089,-0.4351615273191658,-0.5411740140955146,-0.6939441012517776,-0.7277815298225394,-0.6144636818537799,-0.40585490282129116,-0.17988977681424928,-0.13605977307086625,-0.09857919604604375,-0.23734897115260467,-0.4832992995407992,-0.7062197369528221,-0.7658615490469963,-0.7290362107723635,-0.8121876311840562,-0.8865421680037978,-0.8975786042906347,-0.8153262484796573,-0.6584672006585619,-0.442104207183505,-0.177112837833072,-0.11245450966876522,-0.21315475556526006,-0.43022159048603026,-0.5353369851439007,-0.44726149768440354,-0.3802421410659762
-0.7187040337322533,-0.7009688157311483,-0.6751277351946124,-0.7799630768389746,-0.843520386982967,-0.8327263022304793,-0.841468176356764,-0.7922559969105921,-0.6736118011439153,-0.5606373369395341,-0.6199154571109174,-0.7207509978820916,-0.7280299828639912,-0.5929251250529145,-0.524480509064285,-0.5134631809372221,-0.5301830120329896,-0.3558863474394872,-0.25755211854333254,-0.4132835322087782,-0.5513443569716892,-0.5654544643239455,-0.6966527921741797,-0.8129400042994182,-0.8364776843489212,-0.714723730919271,-0.4124398670831241,-0.20379332181541635,-0.29723139288478906,-0.4424976464338402,-0.44806755470771237,-0.5392820780757607,-0.6418889633814779,-0.7249951720382797,-0.7386618038650784,-0.7629297713476628,-0.6531517980044973,-0.4178330897875026,-0.277540919655437,-0.21180019421617197,-0.3547611299888459,-0.4186378595198908,-0.56490893882733,-0.7350702453224147,-0.7856132611193455,-0.5744608310080082,-0.16580129178067537,-0.01819603520842964,-0.17325170439582638,-0.33039847777286135,-0.3462183320928392,-0.2266165395273161,-0.20772937749961265,-0.40226847576543434,-0.6544655395384573,-0.6866773847921295,-0.48710791260218467,-0.34590579369093843,-0.4742898652677994,-0.5368750217697186,-0.4784338277786657,-0.5605893688902832,-0.7069295123370223,-0.6795913348739843,-0.4714433898765546,-0.3571857334946697,-0.3537971924203035,-0.20772861340092114,-0.19171093890404478,-0.31548067508116967,-0.5313571834310534,-0.5815850039169126,-0.5460523808820223,-0.5568017077561832,-0.5668404448231427,-0.7164055943089771,-0.801388157641418,-0.7467995224605087,-0.6641677611415711,-0.6737110044538498,-0.7211289632256022,-0.6571177513298306,-0.5958156569615692,-0.622590916951345,-0.6353103114482828,-0.6323447568110909,-0.7376727765973993,-0.7562046076898183,-0.575668818921157,-0.27481672211077735,-0.19239726305247687,-0.22115538648895294,-0.4028395875661437,-0.5234248566302067,-0.5173656597179758,-0.6199590146949697,-0.7493767418267232,-0.8084798979282183,-0.7498482105885032,-0.5165039531724513,-0.17370120745550413,-0.1448868226729294,-0.2641893518613346,-0.5598244968273683,-0.6609569283999138,-0.5245492402805078,-0.36881180901504734,-0.2540269187382075,-0.10289960275591033,-0.016017480892942085,-0.21923787975038841,-0.5765083750231899,-0.787012096781691,-0.8173600133026507,-0.8035413348634438,-0.8565294722489493,-0.8866190339635258,-0.8607902413808078,-0.7391409309814048,-0.562231277457382,-0.2921022634576247,-0.06878286472665872,-0.06522157740371835,-0.11733012189314905,-0.23265189600764868,-0.3613055923131005,-0.4011403544419406,-0.4122893269274834
-0.6155301777898625,-0.4874757915359358,-0.3684486367874711,-0.521829430747073,-0.6420036428848176,-0.6821305857359681,-0.8049506844385875,-0.8523626651885042,-0.7941095616923723,-0.6837342556399453,-0.6723247571517862,-0.704013087918612,-0.7453505260825397,-0.6932900843396518,-0.652783398775202,-0.6541594180872786,-0.6270040484714647,-0.42105154232663244,-0.23167219718853088,-0.312335920571538,-0.4918601327186277,-0.5627636158387319,-0.6955942972799591,-0.7578063385957666,-0.757543995682568,-0.7316311225133443,-0.6158048780049352,-0.5530496021278539,-0.6003480386530656,-0.5709074453629975,-0.44833573999075826,-0.5060265610167698,-0.6603924125231942,-0.7276492294342078,-0.6865583336835018,-0.6885204563888213,-0.5740715328559358,-0.4230892847013914,-0.23939198914714718,-0.1347978446569671,-0.17494197418015794,-0.23764973883521706,-0.4211703266097436,-0.6836651712380899,-0.7475168487813413,-0.5571359501553892,-0.31981355458177657,-0.3346267186593559,-0.5096455979873559,-0.6335425782526106,-0.5594670461873685,-0.3278722544554602,-0.3202140828382345,-0.5734513386146599,-0.7799809737824634,-0.7795308384142281,-0.6241623002261703,-0.5443206332465705,-0.5649422888930653,-0.5218994599875811,-0.42400433752259314,-0.39525451403232686,-0.5937326667955565,-0.6545466752033514,-0.548985733248984,-0.43117757280888863,-0.40296206952716634,-0.23886854625333198,-0.21087416590307792,-0.28647197862335805,-0.43554275231944056,-0.4659873014768737,-0.4872063511337063,-0.46532706896576487,-0.4764637435690235,-0.6442364937585635,-0.7099418492066705,-0.5698795608375251,-0.40302685531401666,-0.43112878140652566,-0.5372198219150078,-0.48367288629562344,-0.5001763274279488,-0.6428793217246219,-0.6956216149031988,-0.6790432917277223,-0.6795886174542424,-0.6547604001683365,-0.5066548852298066,-0.3338961121021464,-0.2861750875126824,-0.2663971768116033,-0.4692514143933724,-0.5476274526348546,-0.45902536162630486,-0.4556607623923882,-0.536988416787198,-0.6383508521794874,-0.6531442835312761,-0.429323656920706,-0.08819048518509472,0.004396390545632237,-0.15119639755081035,-0.4841753780673109,-0.6501241544539614,-0.6290474572068426,-0.5505365713146263,-0.4777509596592424,-0.3465422855214108,-0.22850486407044776,-0.4059481990794938,-0.6660818506560489,-0.7509443232950258,-0.7081194081646252,-0.7291635062149139,-0.782524155724156,-0.7759944461469398,-0.7321529674954889,-0.5662154131262349,-0.43660773683377196,-0.31111212734054544,-0.171913479127892,-0.14322073248084827,-0.1630983031907323,-0.12861276745125788,-0.1587166152653092,-0.2825764745054831,-0.41417212655829355
-0.35295994396361136,-0.16784312985505473,-0.006979078909303538,-0.16023993700072464,-0.40145978584719194,-0.6221189808179227,-0.7946706315859176,-0.8386289108395233,-0.7626060433593469,-0.5830541835625908,-0.5180336453922935,-0.550085623563521,-0.6803225453376164,-0.6750165151995774,-0.6190693484285796,-0.6609263407843122,-0.6699600349457915,-0.5471773506116326,-0.45903916231549247,-0.48752628025314465,-0.5662363884196518,-0.5635716352874321,-0.6112134263772812,-0.5624737426442312,-0.5738639964588179,-0.7116076550380546,-0.7777419976866342,-0.7909134011977907,-0.7289949646511973,-0.4886625919517128,-0.21569188678692922,-0.29004380645532096,-0.5880895483890121,-0.7516194422465708,-0.7413432902394054,-0.6451553872572191,-0.46213318002706644,-0.4358517369804611,-0.2901576710033917,-0.04086797955899342,0.0193777309692258,-0.102480990713952,-0.4081967004327748,-0.6448570426627314,-0.6509989286013985,-0.44961707134648843,-0.3267375858780942,-0.46231201722513715,-0.6299912071773549,-0.7518869824057929,-0.6743718466691627,-0.46989939619368365,-0.5152874019578093,-0.7238136829019576,-0.8545255066090368,-0.8140688346786938,-0.6594544423618619,-0.6052205167472023,-0.5365228816162178,-0.45309714712916266,-0.41092390602029805,-0.3570383632617535,-0.5325047173960553,-0.6283291045291941,-0.6637851919580425,-0.6530838161413879,-0.6259169340496269,-0.4648070788315456,-0.28139962331160134,-0.22197377757392237,-0.34185458391645196,-0.4583858054110223,-0.5179057482036288,-0.4776108643750457,-0.5154087457262936,-0.5955121608441769,-0.5920677528780536,-0.38158390751595855,-0.284318944171495,-0.4293005524566399,-0.580265110990668,-0.5740396847711534,-0.590076165037726,-0.672513076885467,-0.6782664786951567,-0.641963688423696,-0.5237732125858795,-0.4389501229075673,-0.33302931651299433,-0.302909295588082,-0.35464387211529036,-0.3329676736248093,-0.47508973341130367,-0.4775963182863219,-0.35717158085157513,-0.194784871770139,-0.236774932178456,-0.3967530168527039,-0.5283312836463565,-0.407548136933379,-0.24406152004743017,-0.183957091436623,-0.27676814209870926,-0.40052700144815734,-0.4906781850197203,-0.5221055208531351,-0.46906438060460004,-0.4681596225015177,-0.497130479332725,-0.46304544589116825,-0.5303931419990924,-0.6279678552264667,-0.52842772899216,-0.37668420791775425,-0.4651190835705138,-0.607552435991876,-0.6304203207305219,-0.6345138861313387,-0.47299530917653493,-0.3096479041559237,-0.3344963358192768,-0.3111022438233165,-0.3158663077624172,-0.2034180548806583,-0.03994501959810911,-0.10973155903422169,-0.27930833992419324,-0.35149229174268803
-0.21033796366374385,-0.11073763298175769,0.14094309532348828,0.15030060234515105,-0.1586142500361273,-0.5522816749812366,-0.7562993365878306,-0.7786223234616877,-0.7407592124404119,-0.6043959393247854,-0.4891284201637285,-0.5369938993283268,-0.5969113080493409,-0.46279084909305024,-0.2930949816355732,-0.39539458361355034,-0.5156350214727504,-0.5132750268651729,-0.5625676780805743,-0.6022131753425966,-0.676904382956637,-0.6497541702031447,-0.5202571845738885,-0.34058523998365087,-0.4771499779812682,-0.7208564319541343,-0.8643064173362371,-0.8855728137158161,-0.7481404881900995,-0.3937565556394334,-0.11279569123296326,-0.23573726951026708,-0.5836614413043844,-0.7994502328586728,-0.8175926701138526,-0.6826141906072604,-0.48660025369342313,-0.5247181074291113,-0.4410548287051363,-0.1702696179467855,-0.054885344275969215,-0.14463639393878971,-0.40921371766161035,-0.5499739180171791,-0.5473748083775986,-0.44596807044417575,-0.36618469685003074,-0.4875521624629091,-0.6053780608109841,-0.7317482456839067,-0.6338954999784228,-0.4110194323446035,-0.5345088311035852,-0.7427880017537819,-0.869032426797241,-0.8678960427704739,-0.7735336038624658,-0.6809169119378994,-0.5653886536392022,-0.5568686197173143,-0.5382891774189814,-0.467128097536716,-0.5464152304080242,-0.6030364723889958,-0.7341381064651291,-0.8115779435172761,-0.824487174245991,-0.7154550645286015,-0.4901655609441716,-0.25401395876102356,-0.2164947506895594,-0.3732667576934066,-0.5321942734731012,-0.5825326289590094,-0.5840500856910789,-0.5559682639551402,-0.5123860067966557,-0.28477392801533274,-0.19394909836278548,-0.4448956318485953,-0.6117809946566543,-0.5873068611562545,-0.5793311331057002,-0.6338642752971096,-0.6191299692470674,-0.6291591575649295,-0.5060201549355567,-0.382658175717137,-0.42682795151086766,-0.5100758453141326,-0.5439170701577472,-0.44893658158443145,-0.40996707362070206,-0.31202949313065315,-0.310377114269422,-0.24394810285788793,-0.35471177474441884,-0.4906630744832038,-0.567456190873909,-0.48509021707808686,-0.3593638953787687,-0.27481073256107896,-0.24023404724581401,-0.09706284108778997,-0.05685599535912002,-0.09104949368033284,-0.03686611754058223,-0.14374562727423443,-0.3768884393345582,-0.42864131663433247,-0.441915111883497,-0.4807260120488812,-0.2892162645677959,-0.14662349153341178,-0.2656545744322045,-0.5230983276225932,-0.6155793158606517,-0.585513680041376,-0.41714162467349886,-0.302681686778651,-0.4306578134493363,-0.5140126615839558,-0.4712384981569756,-0.2541973654499997,-0.06719086146113662,-0.10048857974677967,-0.2344289596607299,-0.19309861671859962
-0.43912562395196436,-0.3352428227933097,-0.022926426743740517,0.11683313383899563,-0.19526921348508267,-0.5770436010810867,-0.7346900467149988,-0.7133796937440956,-0.7479814678041317,-0.7144367692672935,-0.6254579426840283,-0.5638021590501441,-0.47609463677028674,-0.20412909701867973,0.012800713631136268,-0.10877117538659307,-0.34039620249849895,-0.4915804629987082,-0.5944605326619553,-0.6248602552075301,-0.7256687924651594,-0.6686280965192039,-0.4074422702387839,-0.18655510474569614,-0.41099293888529453,-0.7174549476867018,-0.8793363086012298,-0.898347681643907,-0.780444220744739,-0.4799556324978119,-0.22483597679434256,-0.29821190865093594,-0.6314206032280805,-0.8496136968062866,-0.8766073149687452,-0.7539595474492196,-0.6081405087588417,-0.6628994244104612,-0.6392659577944625,-0.42175354696761036,-0.17059203118829153,-0.12630554579588366,-0.3316251937261389,-0.40003997896859794,-0.41219410616947144,-0.3951147475456711,-0.325902183513336,-0.5139291597928118,-0.6785275271891628,-0.7570476894998759,-0.6062800079441335,-0.33334125350451815,-0.42581690764259617,-0.6062823584243224,-0.7762936664694878,-0.8640800769565506,-0.8479110975412946,-0.7817269142999985,-0.7262529167417063,-0.7223203250572549,-0.6547387447907238,-0.5314125802371792,-0.6129266229094799,-0.7089053839142007,-0.8175911824232276,-0.8741364259207878,-0.8866414484145887,-0.7953484631216476,-0.5514490395861964,-0.19813029873791457,-0.10846597078786821,-0.20500488971079003,-0.40035876422070615,-0.5569636956738312,-0.6001962910179055,-0.6006733648678794,-0.5082681474294044,-0.28518193419820587,-0.25435049583968233,-0.4911319938521168,-0.5781878034940932,-0.4958010945668023,-0.5050138117348223,-0.6257149847067103,-0.6589728599446739,-0.6461262039390478,-0.5134035278949839,-0.4484687763394138,-0.5829107444593662,-0.6992579259718434,-0.6540172175447062,-0.4050033056204511,-0.23995209872033216,-0.19877177840750565,-0.39679844272838893,-0.5119234742406485,-0.577498901478473,-0.5281836374722945,-0.442045848057672,-0.3740669322140777,-0.34428664845198775,-0.34032565803658893,-0.1867286798190123,0.05453671018493273,0.1482981388143457,0.16469095399433595,0.16106944882180824,-0.018284673949139397,-0.2856882971951013,-0.3484215735698851,-0.4075397046977284,-0.45048289369477185,-0.30727485840867874,-0.25541949218992416,-0.3396947193947983,-0.5184718941605141,-0.5370088203612009,-0.44673379160899385,-0.30413964458623305,-0.30017676625149425,-0.4202292077344139,-0.564666736109856,-0.5734648702993983,-0.491540289545823,-0.38345688385256566,-0.3468838787815202,-0.39542631538221135,-0.3277125089428656
-0.698883336659931,-0.565117351852108,-0.23229217611392305,-0.07396233760309115,-0.3089651655793281,-0.6387767957165412,-0.7780550723225229,-0.7593085679313876,-0.7780121603329306,-0.784492591882636,-0.6994023120464157,-0.5206187427292112,-0.36758170018072783,-0.18664048542976522,-0.0575667445190534,-0.18133164285276754,-0.31146861862448694,-0.47559679898125073,-0.6455830189641523,-0.7395800378418854,-0.7994918838848291,-0.6712071110080083,-0.3306350711994332,-0.14751905481076616,-0.3636082048995272,-0.6608188916387244,-0.7857618870965911,-0.781936754000785,-0.7048448561382482,-0.4819367135676279,-0.3313408482243932,-0.482403302867014,-0.741142273520649,-0.8846854204618961,-0.8587734611309382,-0.72845821765115,-0.6189426757635834,-0.7176917224458994,-0.7555269179273867,-0.6556576978658603,-0.4559118640578644,-0.32804878313585284,-0.4576299834615198,-0.5511265665133458,-0.5779151099740781,-0.5363202085458691,-0.4518188785933446,-0.6103912636356078,-0.7455823023660024,-0.7922631351608442,-0.6376428350218218,-0.32625575935144613,-0.26468372201343543,-0.3558061206850444,-0.5785603571916511,-0.7707817126306153,-0.8129817386797082,-0.7760287901440438,-0.7964493284587724,-0.7984290226730396,-0.7001889701863624,-0.579087293287012,-0.6513757370320719,-0.765429446255529,-0.8193009230465779,-0.7880471950549734,-0.7656989077062961,-0.692518710982887,-0.5282345535368282,-0.23365326972060071,-0.12226938018919534,-0.1576526050670969,-0.23494272064678567,-0.44789636588469944,-0.5374323545961722,-0.6068411852787435,-0.5632566355635875,-0.49733668093783934,-0.5084029073238131,-0.5720278560844141,-0.5493938001826969,-0.5530902438696199,-0.6012479573443148,-0.6267772243305776,-0.5733862299488705,-0.525105066924586,-0.4064674701032406,-0.4304853582266057,-0.6599055813643203,-0.7978517652071698,-0.6963731114455033,-0.3299229662195838,-0.03339869152649982,-0.14031784308505882,-0.4892983087693196,-0.6859314788259002,-0.6425967380023337,-0.34242216068132636,-0.09148301107336175,-0.13424561812006178,-0.3400735879088848,-0.38168895838990446,-0.16578504252754175,-0.04957710546806557,-0.05647260339831566,-0.029505211028361695,-0.06043963478780385,-0.22720766963628133,-0.36346772961834095,-0.39645456778084615,-0.3947558372197231,-0.396354179648538,-0.23982170324364355,-0.2810089730274626,-0.3197581654775192,-0.42157446381422564,-0.37341161744066687,-0.2808384930079003,-0.19061621764969697,-0.13875642794942933,-0.17547652676370826,-0.41875875301867055,-0.5379040725345622,-0.6298988240269117,-0.6138852141048219,-0.5525440225619866,-0.6163402916485422,-0.6165962824050937
-0.838812293219815,-0.7521201916878898,-0.5273808494015334,-0.3775919457778371,-0.42691029026351424,-0.6644061504977319,-0.7531623149440233,-0.6904447019893033,-0.695253251541659,-0.7728559142200351,-0.7449423660150875,-0.5365278060126625,-0.27207571789277346,-0.23851316565802397,-0.3367197607279094,-0.47367599887599376,-0.4979558052123256,-0.5072881562424976,-0.686009441710743,-0.8260023220919123,-0.8697280413753168,-0.734645202902898,-0.45218409812503213,-0.3033872391164192,-0.36024117416723356,-0.5589302905118856,-0.6059638650081621,-0.5827492368456847,-0.567776720601993,-0.42917662143776447,-0.451725397088341,-0.628767463200778,-0.7832294173339803,-0.8237381449399647,-0.720810100280876,-0.6308874358022365,-0.6443355463432715,-0.7306744080290063,-0.7587956977660517,-0.7709128308212823,-0.6982628601757458,-0.5959883190609149,-0.6111925588318459,-0.710515534689085,-0.7672922987607853,-0.7550527890942551,-0.6995848181314469,-0.7148699704612768,-0.722462596031889,-0.779849689843236,-0.7023047323671041,-0.42941365183281155,-0.19555238102908745,-0.245483342046224,-0.4344623202999356,-0.6645186272310828,-0.7134663927912386,-0.6809072558381563,-0.7477852358805174,-0.716476655490282,-0.5716438825214931,-0.45478488645658344,-0.5587027571133468,-0.7161963142394594,-0.7213973266612027,-0.5612412630780405,-0.5070079145218662,-0.49902279767901536,-0.5302970471353871,-0.46777484162304195,-0.38534453613448255,-0.29536680057135484,-0.29247554485193994,-0.512571927334303,-0.6257697711586079,-0.6359424666778484,-0.5694331324820882,-0.5812261823857606,-0.5540007916608322,-0.43180426640982106,-0.3111960230956017,-0.4499382121237665,-0.5365959632101148,-0.4196491462930459,-0.27341092893072333,-0.3399632467708139,-0.4356930372726367,-0.5584820931651473,-0.7548270118504413,-0.8486544108519425,-0.6955112203476727,-0.25427211690531615,0.07102369023071325,-0.1071496371726804,-0.5267464869415138,-0.7150066333411316,-0.6014522483882473,-0.22291555222120332,0.0734767153880993,-0.08373460187165457,-0.4063787422483242,-0.47753264528533296,-0.2609205983955085,-0.16630963850271632,-0.22215631691751406,-0.15236000709783237,-0.17908644615487945,-0.3308206823125207,-0.34770560448315946,-0.3953690401053078,-0.4395148684738954,-0.4031839208443117,-0.2356606773241305,-0.3108710460577592,-0.32103493492925006,-0.36686067236361336,-0.4133838287012095,-0.3618102089147158,-0.16855457516166655,0.008990375206490986,-0.009536349863103049,-0.3456762066546941,-0.5690036492767934,-0.7076104619170769,-0.7531253156336285,-0.7266485503677076,-0.7452951735813304,-0.7316686588471146
-0.8472029165294497,-0.7841337828598025,-0.6142977409251842,-0.5245243575707831,-0.5080073388284795,-0.6218273173455643,-0.6289673336003888,-0.5195474593812376,-0.55177225271209,-0.7310189486280302,-0.7727211238405368,-0.583036531232169,-0.28437465305533416,-0.2990938597040927,-0.5421404810734379,-0.696377108994413,-0.6633037661370165,-0.5810430331676633,-0.7154400909226308,-0.8544893337562254,-0.8810648038943826,-0.7432212608239356,-0.5095063085802827,-0.41803697065999884,-0.41989527033113927,-0.5258114655304201,-0.5336944538166699,-0.5688008212906988,-0.5379116677768374,-0.4234221880323061,-0.46376284918558824,-0.6027903723423564,-0.65218363658229,-0.6319870809703391,-0.4809824193231475,-0.47201219872238254,-0.6183054809719153,-0.6856103507732567,-0.6577270793300185,-0.7435208605298829,-0.7403553975782821,-0.6428389005966799,-0.5808759853518988,-0.7142033223052647,-0.8157153220084725,-0.857724427642514,-0.817855467538435,-0.7053832127071926,-0.5810984726001656,-0.7002357704123348,-0.7242585018270348,-0.5234234072223541,-0.2521584109788236,-0.2646941578868784,-0.47152853531038785,-0.6501372985998141,-0.6752395388516944,-0.6875272514469548,-0.6849288813204489,-0.5475670218880012,-0.4092568719021241,-0.4133229978408006,-0.510851323780128,-0.6861835029315215,-0.6563043829198834,-0.4339397375344434,-0.3504273734952398,-0.430166251063624,-0.5134084961183115,-0.6015461360392155,-0.581781547848105,-0.45973760098590843,-0.49285080217828603,-0.6605749464007207,-0.724716870825179,-0.6707017609441386,-0.6006087260331275,-0.5270559182874077,-0.397718797037308,-0.16996058182411541,-0.043360321639960134,-0.24071867973909808,-0.34108343764998833,-0.146328368234178,-0.06325750011670483,-0.22492808088388963,-0.4569731463586932,-0.598103898851804,-0.761789703501571,-0.861841347308116,-0.7700618184412974,-0.44678470464817766,-0.16795902431635987,-0.33362499157974623,-0.5800757783689975,-0.588255250355995,-0.4211003321664364,-0.1219319496669802,0.039529523343891024,-0.16502496728037563,-0.5326676195439012,-0.656379275308348,-0.5150526326347937,-0.37799015768571775,-0.3846842337678648,-0.3082159367279337,-0.3195703811342762,-0.39526595182007224,-0.31755289347470195,-0.30753973924932826,-0.40184166488444145,-0.43603917148005655,-0.3384401886792809,-0.370871061400363,-0.267952004818656,-0.2630306358646229,-0.4706349509109172,-0.5548528835246556,-0.4083978968234708,-0.17713558606578098,-0.12286975386204091,-0.3443788008483643,-0.47492998347698623,-0.5748194768515247,-0.6754457994802567,-0.6775215014311157,-0.6799543032381449,-0.6505726160420069
-0.8296593189174627,-0.7151224067382281,-0.497816549443704,-0.45141063634922785,-0.37609068138228674,-0.4332991554639635,-0.48804084303048806,-0.5429051981457605,-0.6537688684880996,-0.792736660934077,-0.7921674728023121,-0.6250487065577953,-0.41145159308496754,-0.46945140440380767,-0.6808900567728413,-0.7661552762143913,-0.6654895575959341,-0.5080674712309183,-0.6516114977389953,-0.7888057321471241,-0.8122146082938257,-0.6950650340567855,-0.5499756793784635,-0.44590012293448356,-0.4394420041933147,-0.5898822657287027,-0.6551547496452232,-0.6420905897020033,-0.5021138432201736,-0.3449767682553391,-0.36276618168303276,-0.46451928616654387,-0.43345119653927705,-0.47720969857474493,-0.44230073428180894,-0.5415609033592251,-0.6756051015265586,-0.6596287839443195,-0.5749377176372676,-0.6286755237289198,-0.5917328571546626,-0.4898475084820053,-0.4528924380264571,-0.6051660370523982,-0.7305579107208757,-0.8369863380783943,-0.8227035803288457,-0.679228240617245,-0.5452455408724547,-0.6792175950133476,-0.7292478744009654,-0.5706322062117336,-0.34574480117387685,-0.26498083833002584,-0.4908073456513675,-0.644235868532116,-0.6460355698967685,-0.6907951243347422,-0.6150539707736885,-0.3968472339659283,-0.3979133175657368,-0.5360871076110397,-0.6717995101047817,-0.760072852418904,-0.6331326603004788,-0.3514998599648599,-0.3282183845371763,-0.3793868455736241,-0.38480053247391793,-0.5938459278029518,-0.6849915940815451,-0.6112165201817207,-0.6052852860524937,-0.7188820857885544,-0.7423351660193918,-0.6448042025671588,-0.5797481296858815,-0.431672864174121,-0.29111674141534977,-0.1553223653544992,-0.05539995289029458,-0.19920347014737586,-0.3191432276208417,-0.20035685666720168,-0.26604590359501956,-0.42396923166585443,-0.5302626146237824,-0.5419581674828003,-0.6645947338309135,-0.8138441671319772,-0.8236006125635005,-0.6545852314299215,-0.47307463481013445,-0.5426990574502876,-0.5607548982632091,-0.3813907166763737,-0.30075905490038846,-0.3053617474637259,-0.35096664453442805,-0.5269605564392701,-0.7485675500948336,-0.8004787255524166,-0.6355478260955977,-0.408475793975759,-0.4019859712408266,-0.3240622606120659,-0.3272470709392643,-0.37114807998214594,-0.2564252727230677,-0.3116242965903755,-0.4012526697826289,-0.5260486115245969,-0.5726389090361217,-0.5928323443892859,-0.4767126538251525,-0.4107848309197616,-0.6128326978703784,-0.7270817972521232,-0.6285957709142393,-0.4169614969477027,-0.3475792786897947,-0.31558467569659254,-0.21737704687413764,-0.25045074757843067,-0.4482830188632471,-0.49931504937330873,-0.572510175975827,-0.6507482575647451
-0.8385064884040297,-0.7141662313369805,-0.5010604178830882,-0.4291471384680468,-0.27423361746981606,-0.22668656863912326,-0.32987212225842194,-0.5706530353833064,-0.7429657276401943,-0.7787787338956408,-0.6404002215219017,-0.44579049127355347,-0.29376852872233594,-0.42464729425130743,-0.6361104372550495,-0.6922615250991508,-0.6268956350350205,-0.4964762545927612,-0.5857168785357862,-0.63798175232379,-0.6515039125890734,-0.5506344156629224,-0.516917872744777,-0.47373583943734804,-0.5733490460985109,-0.7249516790233833,-0.7827850060514587,-0.7231262973347262,-0.5605247558380879,-0.5085004903059626,-0.5320324179954911,-0.5409385758489356,-0.44231204559647275,-0.4599799541801793,-0.4439500931694673,-0.596926197641578,-0.6660872781512663,-0.5231399698102386,-0.3599879909014805,-0.40325350450970177,-0.2999553518105375,-0.18473767565891006,-0.19264163140089374,-0.43284855838461644,-0.59665980033216,-0.7551299784356166,-0.7470659712391432,-0.6486512134044169,-0.6356266918841857,-0.7426669177939106,-0.744915501782004,-0.5616285993769224,-0.3930245306312483,-0.31349906757959506,-0.5502041175140948,-0.7253090305983195,-0.7679976178946282,-0.7774521601797756,-0.633305768912706,-0.36200659331519847,-0.3996394181093077,-0.6235265662924264,-0.7990321462739609,-0.8283200046856,-0.6306755658773315,-0.3193390394601074,-0.2892705056191949,-0.3193795766706528,-0.2935622209220557,-0.5497916870031612,-0.6741703615141706,-0.576427502438854,-0.5098379774596021,-0.6339984049883407,-0.7204806003110079,-0.7148821079129708,-0.66398148991844,-0.5364362688543732,-0.4169925085963071,-0.3480525734926407,-0.37718300196521976,-0.4903988676930926,-0.5227952870851311,-0.4224352147480077,-0.4919746671191501,-0.560828154731581,-0.5599221539441969,-0.5468466830749734,-0.5783204875062667,-0.7213163946303992,-0.7780417394009721,-0.6940400891673427,-0.541514254511231,-0.569942786692785,-0.5237807356264084,-0.38366959586782284,-0.45893202400637884,-0.598885846859994,-0.7057381144474494,-0.8111859869479678,-0.9009652557988322,-0.8857420381512978,-0.7249926468590425,-0.5158012683419628,-0.5314608325456787,-0.5048965962358862,-0.496143487553281,-0.4889115882510767,-0.395634183775658,-0.48587182199075013,-0.5375034375581506,-0.5840931991283489,-0.6944341112291594,-0.7696095582239768,-0.7394548468446343,-0.7126829610075451,-0.8109579176644761,-0.8573348799041509,-0.787727160371396,-0.6682471035033255,-0.5514476062340002,-0.3255225424716226,-0.13632948138539294,-0.1618002328771793,-0.4148420265751809,-0.5249560388109321,-0.5791588600286333,-0.7087509937275275
-0.8577285220866958,-0.777174703326681,-0.6427138055012918,-0.49447408751703503,-0.2574306908457998,-0.2500369000853836,-0.3721726153463388,-0.6161856294650445,-0.7220242841119453,-0.6118917347543154,-0.3261585593477052,-0.1476798497059934,-0.10305007382922857,-0.25746080099833074,-0.4883513315751423,-0.5734623765422387,-0.6488864200480418,-0.6216848378561884,-0.5760100504634378,-0.46845568364684603,-0.5081476521061662,-0.49441557906894534,-0.556532388624293,-0.6278973162430196,-0.7331506100458771,-0.8070290825836917,-0.8292761600749219,-0.8057695378821823,-0.7425172592679194,-0.7280743631988645,-0.7308648833815987,-0.7219484893405762,-0.6426130825807173,-0.5730314367726038,-0.517271053181468,-0.6115281987711164,-0.6206643963777839,-0.4274598673697348,-0.29289646575438216,-0.3194628056496678,-0.21715350881541917,-0.16204140777295434,-0.2213762383099146,-0.5000400913688456,-0.6704665387409436,-0.7134530458224169,-0.5946503991090711,-0.5358013607850224,-0.6699407560519047,-0.8104364282291029,-0.8045760347485832,-0.6205848290927231,-0.43225945533578003,-0.40027306435798815,-0.6226730279214137,-0.7889835213583196,-0.842868277436188,-0.8368438425770282,-0.6616181306207687,-0.35628206495650416,-0.31901063207052355,-0.5795033686897446,-0.7984680028685827,-0.8015481218322433,-0.5546169393888044,-0.24884630611558053,-0.17294017679816345,-0.2435531778742743,-0.26400159755843383,-0.5031499156810982,-0.5991122492211209,-0.43601289212290184,-0.33281544724217393,-0.3973912192745473,-0.5399672241875891,-0.6308261058334352,-0.5655433906561745,-0.4243370795678928,-0.35285641927795375,-0.3942129663123152,-0.5822650922115902,-0.6962949516387659,-0.624163374663017,-0.4256543212108389,-0.43430140857064436,-0.4150301567406674,-0.41374445832749024,-0.514419883060686,-0.5508213858857754,-0.5919762700843024,-0.6363405519810379,-0.6254668345240689,-0.501248155937994,-0.44784498289386904,-0.41284895202277566,-0.4540805041500592,-0.6326886747056253,-0.7977992851556095,-0.8899829634012606,-0.9408631689299287,-0.9669120048636457,-0.9413759520689656,-0.8458504031198515,-0.721289151082239,-0.672566669962904,-0.5841699833707465,-0.5669928269541913,-0.627416292331595,-0.6421109299226898,-0.6683076976022214,-0.5756072642437349,-0.4707846756826693,-0.6284876781980013,-0.7956767868233925,-0.8639676157027715,-0.8831399486991689,-0.9011403656446075,-0.8548621005315052,-0.7841224103645543,-0.7714069171595397,-0.6996478236778068,-0.45217665757576986,-0.19120510809083732,-0.2706552470709918,-0.5127755784697864,-0.668547903160616,-0.7422614466784022,-0.8082569952093597
-0.7705112283242648,-0.7362971268675309,-0.7089611052270974,-0.5945596815664698,-0.36732672450802123,-0.3298207715771992,-0.372665238382704,-0.5579842070566556,-0.5730101057313373,-0.4295778378336826,-0.2073937599854486,-0.09471433695619984,-0.02264388223780994,-0.2283187355677252,-0.44016635439875124,-0.5910932959743675,-0.7248013111532793,-0.7360397962859015,-0.6181332074127206,-0.4343197286706683,-0.4229237348412302,-0.4055996589963389,-0.5258333572981428,-0.6808876918640179,-0.7555580689492098,-0.7236986833279345,-0.7088232928087612,-0.7519458486277505,-0.7753214742151344,-0.7569586848991087,-0.7279608064221035,-0.7384418889239187,-0.6886246506012152,-0.5546943830764148,-0.45191431472452975,-0.5354009941948195,-0.6142444695058547,-0.5398154615271648,-0.4218237328035426,-0.25691655189673696,-0.03667045690358218,-0.10503030172275829,-0.36158709998394617,-0.6446580898881658,-0.7391442495673122,-0.6332766448875491,-0.4098841398502646,-0.4788695550343396,-0.6768142813801393,-0.8270234173127511,-0.7954321818965712,-0.5737388298142176,-0.36702980924816014,-0.3885702606958171,-0.6191283610329321,-0.7415709376807657,-0.7708885757096312,-0.7627224885956276,-0.5571067833164318,-0.21389664474615153,-0.1796694781256537,-0.41247541689190353,-0.6661730304175514,-0.6549362988296086,-0.35689679972542604,-0.061343901320959175,-0.04945216188405771,-0.14618541990652345,-0.21697385136123765,-0.38807516016116606,-0.4873765504161904,-0.3046509270633058,-0.07061398251199523,-0.03898581183539052,-0.22943791668011446,-0.39465471083752773,-0.2925907307215964,-0.1464461919671324,-0.2211437895460846,-0.4766637893054833,-0.7256345692368577,-0.7998575585875061,-0.648264725900389,-0.3681836433665908,-0.23671462428592002,-0.1348068655165506,-0.23031395158783743,-0.38531566251226534,-0.4068366926630676,-0.38682425181147934,-0.4455704680152471,-0.504077603269436,-0.35921220798464754,-0.205232767916273,-0.14938579198532748,-0.35123485777107716,-0.6527935003694978,-0.8573196949704502,-0.9464210427551986,-0.9754486309996618,-0.9813837990347793,-0.9643138745861579,-0.9043959846213152,-0.8007889382410383,-0.6927600391793174,-0.5306130048319163,-0.5223838039446699,-0.6676413046365105,-0.7407531990962442,-0.7149438611325925,-0.5315029407168796,-0.3715524717204244,-0.4988017209281126,-0.6908497993283343,-0.8048705846498262,-0.8438216656396278,-0.8164341173725275,-0.7057319752752423,-0.6537385261132718,-0.7579599953491236,-0.7559947520704897,-0.5508731219910308,-0.28707488775761253,-0.3130289910982219,-0.493664156093318,-0.6741087537415239,-0.7492546040604751,-0.7330608609533062
-0.6129595031614335,-0.6238618574821463,-0.7251742052716007,-0.7191341938345199,-0.5663913641356106,-0.4341081436484931,-0.4063243826975323,-0.49434846485919476,-0.43862445054418936,-0.36962533297646044,-0.3245003739106665,-0.2159455923679851,-0.08329761309667337,-0.25285629698089784,-0.38062789962434485,-0.5393402720170569,-0.7008576621731045,-0.7450642259748925,-0.6429984425071031,-0.5029004027937065,-0.41314099258460174,-0.4122264733464806,-0.4864409102241118,-0.644453346225742,-0.6796901893540206,-0.5509494584912594,-0.49093573055650136,-0.5575638211921727,-0.6087258278340779,-0.568026828782296,-0.5216655118449396,-0.5777584834266946,-0.604568888375667,-0.5062352071154333,-0.45532130195161413,-0.4462197848760362,-0.534098332562908,-0.5215473095343918,-0.40787585152101474,-0.09207568021627842,0.2136547191853472,0.09999080217214443,-0.32840097907430005,-0.6381952676122084,-0.6658415740197341,-0.49632315177981406,-0.2628245421529631,-0.3847638976983927,-0.5675450601703436,-0.749875084189469,-0.7508792603268688,-0.5817690094411692,-0.5206923601224505,-0.5744667989977356,-0.6620079116364275,-0.6365027288867013,-0.5921996257464119,-0.5812688236856931,-0.3882909313779981,-0.10119514207795231,-0.026593551723872885,-0.1804210904889885,-0.4846509542705075,-0.5364458256081698,-0.34330931880318766,-0.050574663154929395,0.02710506783112444,0.012175609754964577,-0.012421613303609587,-0.11939946331578336,-0.3105706437907055,-0.1975580209086196,-0.016955956824036045,0.0010874576623820548,-0.19965210624479748,-0.3409099505258638,-0.32121315525541455,-0.2426626757823712,-0.4062403057176967,-0.6636234925873168,-0.838144242260094,-0.8206643509689957,-0.6158661512412911,-0.3895952546918801,-0.17704097941698138,-0.046497211011119324,-0.09318689302644488,-0.21125041350136295,-0.28460698908231374,-0.40399235614318185,-0.532207357797802,-0.5993039061121451,-0.5013415730324094,-0.30380029751167537,-0.15574349575592258,-0.2966113951393614,-0.6128800446797185,-0.8411067031376267,-0.9421562399350719,-0.9720136534100723,-0.975334321644811,-0.9519482145253115,-0.8665944656397395,-0.7396786887515456,-0.6971071942903981,-0.6435527781624004,-0.646963750283444,-0.6917374320393218,-0.6930051453539989,-0.6577292144698917,-0.4955312240550809,-0.4003186719078813,-0.38062793361344127,-0.4462054472026171,-0.5092280826327282,-0.551724351272687,-0.5797324291573998,-0.5483511118857871,-0.6424256366230086,-0.7659250964440742,-0.7444603557210946,-0.579462020190913,-0.40139624586565825,-0.30902674663209323,-0.3706139016365502,-0.5235452720442563,-0.5816162627409804,-0.4870192353794415
-0.6450772094181649,-0.7093146745949312,-0.8118494830393268,-0.8206629827023282,-0.6796616194985199,-0.4689651668786095,-0.4269050095870544,-0.5625781990475655,-0.6012180514496012,-0.5793431499827633,-0.5072649902718139,-0.35574526989394806,-0.23876061181295183,-0.35635961614254014,-0.4156980149138671,-0.45157887305802397,-0.5787978904445318,-0.6554939738223559,-0.5741363499817541,-0.46056322689383716,-0.2940663932210997,-0.38183242762558084,-0.5116264688411022,-0.6223507004128805,-0.6848913722294181,-0.6209441905976352,-0.5288805884218631,-0.44220256411557146,-0.4199919021700866,-0.38785300292742947,-0.4176545910770598,-0.44800448205666926,-0.5632247090085325,-0.6017794452190244,-0.5651376368631057,-0.44861814299987146,-0.4109429967284443,-0.37568674284166076,-0.31448289877229424,-0.0572419385646363,0.2494424219907288,0.1467553082769079,-0.24211554167113256,-0.5005481980097191,-0.4715088852205993,-0.32213168654177965,-0.1459995649876147,-0.21272237993518156,-0.30688479456758055,-0.5995277452340138,-0.74533330223663,-0.7323209187491878,-0.7440351964357964,-0.7688006427838734,-0.7334914224648225,-0.5976633042783585,-0.532886015273939,-0.445923427115962,-0.3033232018809419,-0.24700410450187738,-0.21873053566696019,-0.23473586129522808,-0.4469737213033979,-0.5045801169330651,-0.4658578994302446,-0.30127142230274906,-0.2266523748693748,-0.1437351709484542,-0.0738214208278766,-0.07920864255821951,-0.3106002675780799,-0.28752266044270397,-0.11732574843678621,-0.15825670521250582,-0.2525125541571165,-0.3304858161218043,-0.46866287091746606,-0.5351639981579144,-0.6608831846037905,-0.8185726334048088,-0.8776424686691053,-0.7375140479892365,-0.4750756839447536,-0.44857056749916213,-0.41174238514097966,-0.32417266573229203,-0.25452020716253987,-0.19706131340709215,-0.31759167971238406,-0.44367216492744627,-0.5624344758180694,-0.6195584904537758,-0.6028406542455435,-0.4836383324511169,-0.40194119868809686,-0.43636063810431136,-0.6003819746925187,-0.800978024776156,-0.9165901932626603,-0.9590298567981027,-0.9628103012366126,-0.9116014013061138,-0.7580238224415976,-0.5690620137555379,-0.6313035677936247,-0.6855903459549509,-0.6829793173600375,-0.5985535743371755,-0.5180256055106516,-0.5628682555915674,-0.5427755393704888,-0.4929816929769159,-0.36271314072945204,-0.15902075200766663,-0.07093639776177521,-0.10778754320059353,-0.316980497734489,-0.5226058741945108,-0.7004921237317802,-0.7592015893414817,-0.6583568389390736,-0.5373048428560228,-0.5353102589348108,-0.5017417630979629,-0.46731538223058444,-0.4799530182650641,-0.5290449269705854,-0.4494113860961221
-0.777267749337659,-0.8380011910080779,-0.9033327274448553,-0.9045765001922809,-0.819010789696891,-0.6908732865166309,-0.6653007541980976,-0.753681237139982,-0.7763321300693374,-0.6878682119317432,-0.5360201067093362,-0.4018456419438039,-0.3712488141925829,-0.3740183935589592,-0.38699138474026173,-0.41119169642888503,-0.4799639324853309,-0.6133296720777892,-0.6159754735875486,-0.4690642661042659,-0.21676927727831963,-0.3027687982137113,-0.4621600313223349,-0.5217876997771641,-0.6357833845345885,-0.6815813003815354,-0.6575625920283359,-0.5365064397541797,-0.4039566220499682,-0.400696842240023,-0.42011529295548505,-0.39352651841060166,-0.4835882868371044,-0.6240257443872388,-0.6178768570115231,-0.4425958196690559,-0.362868250872249,-0.3729304783891201,-0.2860687379038517,-0.12551169119638098,0.05040943199877084,-0.0399198728449847,-0.21815709259182547,-0.37338323127203293,-0.37517573648938995,-0.20912878153491643,-0.08058534268342181,-0.04001927243421385,-0.07408390918886827,-0.4464338687249399,-0.6932274771153196,-0.7841093694534181,-0.8486948383455509,-0.8829911028437879,-0.8326825136208078,-0.6832199092547837,-0.5397789960980851,-0.3649458294843272,-0.2975086053805587,-0.38303499293112686,-0.4167086477355429,-0.38477337731356553,-0.5213676334952848,-0.6162096904456189,-0.6169761793928227,-0.4780736636670684,-0.3815019371039047,-0.20893099303853255,-0.14085742651516295,-0.19327855933739593,-0.4460614531491445,-0.4800997688318652,-0.3458528331996452,-0.35941702863626,-0.31531047269283824,-0.3616386047230688,-0.5621801155395427,-0.6795619572651687,-0.7491486715226333,-0.8565592267425115,-0.8475698704904104,-0.6280608864934545,-0.36592282787916663,-0.4835006805316911,-0.5619848025558869,-0.4906915850964099,-0.407532292110944,-0.28870523584300706,-0.3512526525628174,-0.3462034676446536,-0.41450095418617044,-0.48835608416326953,-0.5794449997756216,-0.5340925641935083,-0.49695155489659115,-0.4278186261705016,-0.5007484087829145,-0.7327891974458731,-0.8865832976907452,-0.9499461069762258,-0.959122131380139,-0.8993880213608157,-0.736713678346073,-0.5452127236141378,-0.6020437591995434,-0.6393185177111557,-0.6167070856756179,-0.4456034284518721,-0.3267035988639823,-0.3576493985648921,-0.39248763967470146,-0.38798968328806294,-0.31150957735089974,-0.09424469342526288,0.025956873933063646,0.01807224665514233,-0.21405222759759457,-0.5296391030114099,-0.7347099999305892,-0.7490101016581555,-0.6148265073512237,-0.5962183925678917,-0.67170805126008,-0.6652305816651493,-0.6039791332100443,-0.6314574184947819,-0.6858009240185274,-0.65566196515849
-0.8207628170769377,-0.8868975966469267,-0.9291519732968393,-0.9197645586581374,-0.8906751675576684,-0.8377409129032825,-0.8150748785802164,-0.8478341338226866,-0.7860047045960951,-0.5828506138214108,-0.406153488356104,-0.3736644078139927,-0.3097381949285842,-0.148574734128796,-0.16159440838793004,-0.2682809223809811,-0.4030861456286264,-0.5388533998897707,-0.6110266369887455,-0.5154753357080406,-0.2794958640856482,-0.301411092891898,-0.44631136489100104,-0.4515799887647421,-0.4983756597853659,-0.5971822131193153,-0.6761396715180773,-0.5874220194141306,-0.4009953440688518,-0.2940621214335509,-0.2301105284125212,-0.1401848522028316,-0.23772830102083709,-0.5499457119137184,-0.7019989184983014,-0.6634388087400797,-0.6256929235412175,-0.6141834724990504,-0.513097620939676,-0.3597197210708016,-0.29790110682752136,-0.302615790182473,-0.314401668232078,-0.28898882270044207,-0.3172948876278231,-0.1675631411506702,-0.015461087897768174,0.07379659269431087,0.03309539440227336,-0.3263873452847929,-0.5442361253548621,-0.6560170632156779,-0.773864757064479,-0.8570109476575235,-0.8209176333078,-0.6558685140739297,-0.4949448036355972,-0.3303596647242702,-0.19574062892122887,-0.29224892379274825,-0.3326731899451912,-0.25837044720918506,-0.41651908655717207,-0.613210648676609,-0.7126366293302046,-0.6345592568083557,-0.46381424582400954,-0.2798710918657807,-0.25473720315537723,-0.4360187631295554,-0.6526431288299464,-0.699917449865496,-0.651370285878478,-0.6130150142506922,-0.45211356331013436,-0.3205029434658021,-0.5055058883599085,-0.6268998202297262,-0.6758337257892254,-0.8048113458670745,-0.777132983430958,-0.5362059431345609,-0.3392233333992973,-0.49499711587463874,-0.5588915343706778,-0.45121766507057987,-0.4546560041120241,-0.3868926876312135,-0.36539116577142694,-0.27913935040383353,-0.32864199567722346,-0.5190172575327757,-0.6745851875772984,-0.6578748872709311,-0.5193537303476475,-0.35444806718559585,-0.49583927642204245,-0.7379478591481143,-0.8861067060922764,-0.9473504776573277,-0.9654485183529464,-0.9345225714267171,-0.8370603336527597,-0.707114117400881,-0.6528626409089416,-0.5673919553084277,-0.544629897666002,-0.37413408522939673,-0.13161650994358148,-0.0894926853532929,-0.09909845939532776,-0.11083827572328538,-0.2019424552411998,-0.19333851161452817,-0.11955430399931852,-0.19847037439566687,-0.38547190611334864,-0.5917443505747946,-0.7681215493468566,-0.7958483908440848,-0.6936546841378174,-0.6508859202687637,-0.7058600783078299,-0.6636308499987578,-0.5842156292243809,-0.6851359591286191,-0.7499436151110108,-0.7041037811824671
-0.7241549260972504,-0.8277682595247492,-0.8640426451695341,-0.8347032228663087,-0.8504454477976439,-0.819986563304648,-0.7590520892405358,-0.7555242167950919,-0.61300930259238,-0.3182205043168926,-0.18761934608637584,-0.16330869027150524,-0.07817633339509054,0.08378654000060495,0.002019372999084095,-0.05336076129444148,-0.18639425524924755,-0.30152427203823357,-0.4849470992972263,-0.5892235629043603,-0.5387226423553442,-0.524237625101027,-0.5230157929182815,-0.371064908282889,-0.3012003013555164,-0.40551781369115175,-0.5367868037171493,-0.4179787767648599,-0.15455298837576403,0.049512552420839365,0.0830740174107381,0.04381035056709349,-0.10613782243105656,-0.48784854580293047,-0.7558824260475352,-0.8391426630047676,-0.8511558158742518,-0.8417063422710546,-0.7762707892237994,-0.6790868050117305,-0.5982308759426527,-0.4816244037002942,-0.42175879253784654,-0.33136774000778135,-0.32886154473126866,-0.19730658262010592,-0.20475169834340784,-0.1914203863607108,-0.1827630663705214,-0.37311590744697004,-0.4155100495697156,-0.43779294045824313,-0.5463878654819627,-0.6853930488787395,-0.6961817329912898,-0.5352939918677324,-0.41964914439466705,-0.35137900598539196,-0.19931301277175117,-0.19118552727186394,-0.19685663308650728,-0.12769790288973604,-0.23722660799479067,-0.4622518229937013,-0.665127965117937,-0.6515808041734059,-0.45913069569471404,-0.35861989869179384,-0.47714261526392915,-0.6642564701958963,-0.7774451481586778,-0.7794919269412989,-0.7949795482862044,-0.7562913987716288,-0.5322873310907712,-0.24733024830654604,-0.3387828747213099,-0.4547563232680915,-0.6019452263561602,-0.7607180553192718,-0.7252524750680585,-0.4906395703835736,-0.38587225017885696,-0.500953295505692,-0.5342113768329472,-0.4466446269725502,-0.4555151798337901,-0.3151913575590514,-0.21428953914491633,-0.15163694124158106,-0.3579448743942253,-0.6096535029330624,-0.765708579657314,-0.7220476877462306,-0.5157561783073351,-0.37837782963105837,-0.5695514757567545,-0.775794155390751,-0.8620015286095709,-0.89257806593105,-0.9305728470385772,-0.9452802047316062,-0.8990549554216158,-0.7861202820724326,-0.6558471373763836,-0.5092361704807403,-0.47673293692995417,-0.41322233527697927,-0.25753867564499955,-0.27057714171839503,-0.24627581549760214,-0.15018204204770969,-0.20232712777433895,-0.3125129651928381,-0.2982152568446835,-0.3635582962655776,-0.4993969080244877,-0.6057041840138394,-0.776214115835886,-0.812346633501275,-0.693769776596249,-0.5742242717494442,-0.5951912557757734,-0.5139327850760235,-0.4792872372204211,-0.6029516614632889,-0.6406366284174559,-0.5150609416376992
-0.5717231582300091,-0.7199575609358699,-0.7525695702021027,-0.6805762478422155,-0.7292886972238075,-0.6778915922001022,-0.5264604021852953,-0.5162383857832208,-0.376960694936601,-0.10221241072122368,0.07182532472456148,0.14920641397946502,0.18642869819372582,0.21790086490019026,0.0183260608465597,-0.034808796987367455,-0.07927404068207926,-0.15594269751309744,-0.3566329076332711,-0.6128072237942127,-0.6847703713306212,-0.6671141993763243,-0.6543607597749276,-0.5233908221734541,-0.4009283575239481,-0.42218481688797904,-0.419307196305931,-0.21302305496890983,-0.01145644088686476,0.19531759505370902,0.16958941496734245,0.10283002964214615,-0.042634681982933166,-0.3611293802041195,-0.7010884569148405,-0.8664749015134847,-0.9087102361224662,-0.9088215345414697,-0.8761497380823415,-0.8497569553858708,-0.797144836366727,-0.6759995220949407,-0.5759225463055949,-0.5320481347140426,-0.501566653298481,-0.401660400146015,-0.5040090022802437,-0.5779739954454862,-0.5939753752485171,-0.6466426572301083,-0.5869203215842962,-0.4465944505551033,-0.33308634653265984,-0.47512412924677405,-0.6347904073924211,-0.6496953731368439,-0.6319646529332994,-0.6141506159021889,-0.5183472068166777,-0.4316066157476903,-0.32813539441194073,-0.281518363676073,-0.27250943562464114,-0.3128240568614205,-0.5603846736799781,-0.6488201828521726,-0.5903582633865082,-0.5916069645028822,-0.6914170095944724,-0.7720573989435864,-0.7867521801919737,-0.7436581145972666,-0.8182286922705401,-0.8038737501642598,-0.5490926688855263,-0.13069277719116298,-0.03638082082014253,-0.09084862026830232,-0.3778264092715422,-0.6576496218011731,-0.6837780436341757,-0.5131345074759421,-0.36897889059098554,-0.41450155882693335,-0.4913395517743874,-0.5454334890473138,-0.5202238319067495,-0.2799643431433463,-0.09308967300475368,-0.12308984148636919,-0.4046173203610384,-0.631691467654921,-0.7736865313531675,-0.7176977317359611,-0.519160081296018,-0.5166128603425845,-0.6844393338787912,-0.7768295845062329,-0.7206424316359802,-0.6723220000096977,-0.7400576166993238,-0.8009367713876094,-0.7539614533996923,-0.5911932902239773,-0.42341421278393254,-0.29104403948244667,-0.3628686720479547,-0.5214811283651349,-0.5696426777263315,-0.6228020896349332,-0.5997816203646776,-0.48254239376112457,-0.4177874645322264,-0.4379110998155723,-0.3695572509450015,-0.41995659164306304,-0.5958453431193188,-0.720303771820892,-0.8296392616065309,-0.8048200272167717,-0.6322299511483354,-0.48329155460744444,-0.4177549517047295,-0.21974187324740993,-0.1777759034435654,-0.34143505076378644,-0.4435656824673222,-0.32806384098314595
-0.4645954167971409,-0.6545281612399628,-0.6950224591313287,-0.6094884084699786,-0.6363821500000172,-0.5625944065658437,-0.37607547335821156,-0.3397199175773787,-0.2809485358389042,-0.19116382510465926,-0.051042517414243836,0.043174789638928644,0.04458125561630536,0.06357842163458764,-0.18593874247903272,-0.3166552754589989,-0.28121502617254085,-0.19659062297345498,-0.3842490644145225,-0.6245234179182987,-0.6910949840831485,-0.6661427945669081,-0.712563847105284,-0.6302847011986672,-0.4487767418939103,-0.38183637738247045,-0.3074553524063872,-0.13136053140659693,-0.01349571180030227,0.09856514624403975,0.06128725441660816,0.0417072497618907,0.10855108381185342,-0.07739303925723559,-0.4983463166199769,-0.7168094194573995,-0.7563607068417135,-0.7513515895768036,-0.7342464813766392,-0.792016627564163,-0.7890677984816087,-0.695712955760357,-0.6078161556465441,-0.6691274344620641,-0.6969069845395729,-0.6648681247750656,-0.743157465550977,-0.8032730435691703,-0.8005245883688389,-0.781595777008528,-0.6806452910931234,-0.4610734504127029,-0.2147277574752552,-0.3038330136777836,-0.5899687267830869,-0.7428592911710609,-0.7910778469147148,-0.8179973212954154,-0.7931292945838937,-0.7235609626199639,-0.5983918390785383,-0.4713421120848475,-0.35392976667520226,-0.2549532650472586,-0.45321047849596197,-0.5443377364102835,-0.5659864963580169,-0.6261545092247913,-0.6688959000077971,-0.6738717323845759,-0.7380848763978414,-0.7872586446414654,-0.8665351554975833,-0.8316879033327625,-0.556250931633249,-0.07781866702363636,0.18893740597067485,0.1664964372359921,-0.13807425151264593,-0.47403798114358514,-0.5162088531948539,-0.4243282328047394,-0.3202845392066785,-0.27505966809196913,-0.39236227337669244,-0.5687648177862473,-0.5216365193721347,-0.22809928529732626,-0.1345996923848453,-0.26703194814373504,-0.4937585725641679,-0.6262442539477046,-0.7620339571799964,-0.7282892898708438,-0.5840616719365119,-0.6188622540321078,-0.7374909303467603,-0.7070245843261839,-0.4514387093194782,-0.23274301288298682,-0.29204019731377606,-0.39169080879042534,-0.34679799101028735,-0.18231694564922285,-0.13807780386140572,-0.22185256801756026,-0.45311781381592464,-0.6671417623762552,-0.7512079191289094,-0.7970288782118838,-0.7950833018835236,-0.6946958328415849,-0.5613941675153363,-0.5742141608980375,-0.5818618294492635,-0.6284829264187546,-0.7135930701380756,-0.7872124187681496,-0.8414534463701073,-0.7604062972146661,-0.5216495783506856,-0.36833242533386323,-0.3320648199737503,-0.11227178870987199,0.0068490415375782486,-0.06900344238183104,-0.2607092146227905,-0.23053142758299727
-0.5506411305802172,-0.6777749526477211,-0.6416785548292371,-0.46519652072471424,-0.48802750850187343,-0.4716536889969825,-0.40698136778180444,-0.37722702594742247,-0.427850075090686,-0.40538885147303394,-0.295134468894687,-0.25938194272302306,-0.22715370700255214,-0.15707912294820062,-0.33720163167614176,-0.5278560438890673,-0.5047085369843726,-0.3257890334599397,-0.3748881534824023,-0.5355033851700993,-0.6229844782499181,-0.7035567080924123,-0.773520019545751,-0.7008653623866139,-0.5075666294169627,-0.3458700868023041,-0.2887288946653257,-0.2550374812466228,-0.20150403573562561,-0.2563160708690996,-0.28564064191768507,-0.1505968065541481,0.07741898118689237,0.0343995786996975,-0.31231882601243904,-0.4482947808601606,-0.42461484150266426,-0.3931091732638332,-0.36237550209706326,-0.5039513818978922,-0.5649007668871617,-0.5673437710400112,-0.6140310894940401,-0.7344312042535935,-0.7725706984894106,-0.7291049647821944,-0.7516565634032092,-0.7481791978022427,-0.6824372690122763,-0.6157249025722165,-0.515112270425668,-0.3303048260884331,-0.14871473464703144,-0.24751799945478486,-0.5191769479818826,-0.6825757864333202,-0.754061335569542,-0.8500106312883559,-0.896325993989162,-0.8496831270157923,-0.7064928121637547,-0.5218354914435296,-0.4107184535267312,-0.3128919842952796,-0.4229897148466059,-0.40791262099123793,-0.3923403745736188,-0.4158672005850685,-0.3708139320293953,-0.3411664658032659,-0.5809569651477489,-0.783211481470478,-0.8741702887074163,-0.8030146793025155,-0.5573664651948667,-0.21159468709373783,0.06046274230955887,0.059079004272865006,-0.1463495878741569,-0.33680114040626874,-0.2618364109479129,-0.2190948517986715,-0.2271389258670846,-0.2622947835628441,-0.4261649339175249,-0.5787176799476426,-0.509293990516947,-0.2415675677377058,-0.17706289294671496,-0.35788062958456424,-0.597684850025486,-0.7381843546640833,-0.8157054146149681,-0.7420681918860063,-0.5699038628224097,-0.6012109800680774,-0.7193244522152518,-0.6629963577452357,-0.349732540231199,0.06308804762261426,0.14451180599118577,0.036054358633930424,-0.00790919875862373,-0.037175716875846115,-0.1632069298978277,-0.28961412392623664,-0.5434173454665334,-0.6763827030750652,-0.6789454534965617,-0.7200892528608591,-0.8029444617488298,-0.7777741881382564,-0.6631500510244436,-0.6394942950190693,-0.6989189448327507,-0.7168747297358433,-0.676934155388766,-0.7022326787065878,-0.7921295906476484,-0.776890938166317,-0.616905735196583,-0.48885970763693837,-0.46160170651706794,-0.24801701966826775,0.024787232617734984,0.017033791633718768,-0.1814694661768456,-0.1762828490179507
-0.6643123939706587,-0.7111941734071859,-0.6267756408927443,-0.40120650263402324,-0.3657810001750877,-0.3997061893788799,-0.5010956110102266,-0.5539295424332704,-0.6027617330099447,-0.567308508050577,-0.48293290452620813,-0.36419385888582373,-0.2672899364237824,-0.20499029458727736,-0.29242435144582707,-0.5711832448551539,-0.6298703532735389,-0.41777293682405126,-0.23611827891049733,-0.3124845970221925,-0.45893267989464115,-0.6558099311782679,-0.7137979358680011,-0.6003422109661835,-0.4523411591481024,-0.4191456520614652,-0.46632314710472156,-0.47234209698794216,-0.45838294488167713,-0.5577537602774378,-0.5661503643677126,-0.37578712197040043,-0.18399080994189085,-0.12636881792824117,-0.2774802132455288,-0.24972015991883,-0.23147412712644697,-0.14596346797684662,-0.0755414330186915,-0.16496476787787878,-0.24038532160247872,-0.33280794406464925,-0.5097313433019534,-0.6988496478935695,-0.728132147834426,-0.6072873807719152,-0.5452971648625629,-0.47399286626136866,-0.37476567679943246,-0.3096110012245393,-0.2299039874007676,-0.07858834175594633,0.05747068598071332,-0.04925463567877731,-0.2687649805153556,-0.43380580815726066,-0.5686903272316421,-0.7763442318475142,-0.8747218861171893,-0.8237480478337252,-0.69279497954304,-0.5811297703821715,-0.5133885608253415,-0.526447716585792,-0.5957812321488165,-0.5467209115562269,-0.4503296378788492,-0.28486520215339295,-0.12512681008009913,-0.11961086728327171,-0.48048264765192195,-0.7563254102364553,-0.8109847314332594,-0.6718993732325759,-0.4591823110447616,-0.3065241006912733,-0.1893437289725954,-0.13873719447786367,-0.24363373831693066,-0.37330292276830734,-0.2906810879011939,-0.26964351253526436,-0.20369150197391164,-0.18929287336044145,-0.32353325364145163,-0.4453051222120215,-0.44772703227460314,-0.3558448188783422,-0.32894909885175144,-0.4203789885365781,-0.6385826463361036,-0.8056403149563248,-0.8756618599319209,-0.8098360151990355,-0.6585453419016064,-0.5961898768348483,-0.6611997147078649,-0.5800745990964083,-0.34636241375119764,0.017043528979077138,0.08550328456999748,-0.05678605342747487,-0.1372453071626021,-0.28680209961830105,-0.4259462891666211,-0.4830920676638958,-0.5884719587057308,-0.544073214568433,-0.43555280366335863,-0.5044523213654863,-0.6892238936026195,-0.703198439747974,-0.5907885241809859,-0.5637885330279774,-0.6847147422841938,-0.6724804273264849,-0.515653147205599,-0.5162713219164649,-0.6776120071536853,-0.7431618917349987,-0.6565662616741684,-0.5666867150399643,-0.6054457357895521,-0.4692132523573873,-0.1954676953757393,-0.17480267188873921,-0.32758348344869914,-0.3401162883182421
-0.6613091352136142,-0.6449733334711578,-0.6276894034347786,-0.5052516393859884,-0.43294675065814575,-0.5061910354089794,-0.5813635448138221,-0.604177212364228,-0.6341776155770501,-0.5611182652450807,-0.44427753095332967,-0.15650535855329173,0.026205900667421782,0.011897484204736719,-0.14855653379122694,-0.49748819909457076,-0.5985446184093772,-0.3767750343541877,-0.14652441749818854,-0.19488234048294542,-0.42754374591556593,-0.5765766303710076,-0.5051192785861169,-0.27516155156023336,-0.13436881979984702,-0.2529440845961402,-0.44226642605750327,-0.49142743630443914,-0.5237460828020867,-0.6898428219918916,-0.7475327506357987,-0.6271710043336058,-0.45950244892352815,-0.3870477761506593,-0.376353075273441,-0.24412963388953351,-0.21645846711595215,-0.1798610881561973,-0.0601134884211562,-0.04837140985520944,-0.23314189102498703,-0.3851012721179553,-0.5125446033005897,-0.6938539444939853,-0.717491674593256,-0.5860305862421896,-0.4022934761236806,-0.31574342111903975,-0.38504286892824696,-0.4520580352694111,-0.43320766885021184,-0.2804091745269049,-0.0728413093208842,-0.06656423776768909,-0.07859166728934289,-0.2515770734734782,-0.5211933289017493,-0.7330369686429368,-0.7850687786398843,-0.6765054505084859,-0.5592317331360308,-0.5437136819529113,-0.5159385952130853,-0.6299371032274785,-0.7041928793676017,-0.6633241384688293,-0.604671399712744,-0.4545833664857862,-0.29940362727967096,-0.2702646804968723,-0.5666439943051954,-0.7661902232234572,-0.7412362054605397,-0.5767376962212419,-0.4740109134137008,-0.40682363899471946,-0.4440551572340241,-0.4928433905727715,-0.5752862038918604,-0.6282942409302306,-0.559721494442535,-0.5087306076756517,-0.4024862050390697,-0.26172756041585504,-0.22146464923172335,-0.253905008537341,-0.28620257237628954,-0.3250845585887049,-0.3801056968288211,-0.470835098836934,-0.5917063750930439,-0.7743630566467073,-0.8742649075564229,-0.850657810066428,-0.773023562236104,-0.7008583702580427,-0.6324776245376097,-0.46548554055981634,-0.3907031478669273,-0.25555281627490456,-0.2708696669753708,-0.2915337064086492,-0.2380613148779836,-0.43608007149223266,-0.5604791578116238,-0.5293700937192146,-0.5557587906991975,-0.44021004958855176,-0.37575801407892034,-0.47654541165619674,-0.608253383286612,-0.5691806036017395,-0.4821420638716398,-0.5554916533468461,-0.701071733751383,-0.6895081767415556,-0.5393303355474138,-0.5211926823416605,-0.5917609628167634,-0.639882527619458,-0.6167613060105926,-0.6588264941333292,-0.7537903647076436,-0.7045085593296446,-0.5044133211989384,-0.40318175058043776,-0.5411291823682779,-0.608049083152805
-0.43741562667977246,-0.4101145437602285,-0.572450686640715,-0.6496162907751968,-0.6516554521391967,-0.6443970127164548,-0.5799850319634484,-0.5517533254239686,-0.6559542909577936,-0.6609981148234577,-0.5164476106751991,-0.13807051575826657,0.15891579411390766,0.20243257668055198,-0.023395740221150357,-0.3325899115618991,-0.4271346794042527,-0.262957280483392,-0.22226879240304914,-0.3022263472264432,-0.46886558790642824,-0.4764714422929102,-0.3121664107761715,-0.09246062362510446,0.07259368761720116,-0.00964774702796715,-0.3067593462822123,-0.455990054885702,-0.6066653400206019,-0.7455815774819138,-0.7855417525993446,-0.6806720697435454,-0.4664517312307894,-0.39164152068926683,-0.3549524503218227,-0.24090990859726044,-0.1500021027086828,-0.18452531128217745,-0.12060080124411746,-0.17385104883694466,-0.435275610195469,-0.6148948814655433,-0.7013289516474112,-0.7587392778097669,-0.7284756318147594,-0.6605506085791196,-0.5109685258058364,-0.4138995361447539,-0.5472967432426441,-0.6894617272632192,-0.7017006937968152,-0.5359501104712736,-0.290937194711698,-0.19188717987032045,-0.1276097472608678,-0.3213610549624596,-0.5617316203289094,-0.6598272895705474,-0.6372793670443151,-0.5109567161927564,-0.5100725519841611,-0.5552873538879676,-0.5518616834349117,-0.6500509728033078,-0.7063740788614311,-0.6559235278548761,-0.63706343826876,-0.5250963075440621,-0.4837633552863334,-0.5472637147854208,-0.7280383431334309,-0.7998774317344713,-0.7222222944651475,-0.639510180622753,-0.5965080416515385,-0.5750415138702071,-0.6095284455901446,-0.7086231136864328,-0.7714736129078258,-0.7325321187766427,-0.6155237145575668,-0.5531035080323675,-0.4958095149255494,-0.3667370601510341,-0.3767113752365332,-0.38200755305195844,-0.34689215515463034,-0.3042917052011828,-0.3396868318993866,-0.3980511100508723,-0.40040167248141184,-0.6324574443608056,-0.7779183563433817,-0.7744888815397467,-0.754144048785667,-0.7161772847733147,-0.6306197681445321,-0.47360130168696885,-0.47418326888025797,-0.44973394843887726,-0.5062611214658547,-0.4007856942935241,-0.21617837618068486,-0.3964705052158272,-0.5178657470298836,-0.4969189917958621,-0.5360216934682761,-0.4776432973412883,-0.3875108858772977,-0.4378451777815724,-0.4969095435186955,-0.43288620164731995,-0.4374340683627582,-0.5179263570199754,-0.678799531132647,-0.6939555696837072,-0.5632019303388921,-0.5300813526309259,-0.46792601900105296,-0.4441497298960901,-0.43918295739568125,-0.6107733464000232,-0.7941573388046307,-0.8188460236420553,-0.6736213865334181,-0.5488302698050855,-0.6226581409275969,-0.6788116455026285
-0.224970702450447,-0.2945174810259307,-0.5791847015098102,-0.7641009244095263,-0.8010079042289151,-0.7329009574372989,-0.5895946302850008,-0.5999229067672504,-0.7350391326167532,-0.8008932167078522,-0.7114972470473592,-0.4157627840974294,-0.07246131244232731,0.09955903975105893,0.022071533700049016,-0.1392272637762214,-0.24865598633744737,-0.23971759558939562,-0.34543649228180745,-0.4109365994766486,-0.5033987938231856,-0.42942778108557206,-0.328139709374421,-0.13774769891494995,-0.0223367126036409,-0.009235958959661037,-0.31394125772808024,-0.5552868680109788,-0.679987706231566,-0.6922549408325946,-0.6754252811419434,-0.5894605596552861,-0.36550074831941776,-0.24144897416682007,-0.19308321276284862,-0.13606209262433402,-0.10891513429268598,-0.24651492835692076,-0.3771698107545433,-0.5151681716764333,-0.695159632138898,-0.7894163748771156,-0.8019749559552739,-0.7506906971915119,-0.6741668076706993,-0.6780924818846673,-0.5587680579903388,-0.4235258899632258,-0.6079783411337479,-0.78089028669029,-0.7619098652867463,-0.5163383576113847,-0.2114382212927814,-0.1283595860124909,-0.1222276658561463,-0.30881388649535796,-0.4925019340138417,-0.46782720160274277,-0.42256233673819643,-0.3579568587787677,-0.401836050927686,-0.4706018708497241,-0.4599181249033865,-0.5722917878458735,-0.6994147727475429,-0.7050980699394269,-0.6071893513253859,-0.4027574106008747,-0.4513865935462016,-0.6431280056665266,-0.7976477801260125,-0.7879173417663716,-0.6454400731391616,-0.6001487573351973,-0.5560018338241628,-0.5806368459707848,-0.6168142179213093,-0.7537406969733065,-0.776560417677224,-0.6281609263051728,-0.4439454441150868,-0.4064958913374295,-0.48394904828753493,-0.4702548803755925,-0.5096480669121901,-0.47390854995956166,-0.44031795518894223,-0.47303560532404326,-0.5103343852979502,-0.4540078215500596,-0.33521728599312045,-0.5381844032285755,-0.660563835307746,-0.6003712596548824,-0.5769531158842376,-0.5868343465290665,-0.6131229896035354,-0.6029131296167923,-0.6404931078372204,-0.6664397850538063,-0.6309238399958886,-0.35967753669341046,-0.04350422404004615,-0.1117065588779676,-0.1726847899452003,-0.18204706262656292,-0.3585065136916705,-0.4735221549826149,-0.4508078097161328,-0.3696385551323968,-0.36504287420261344,-0.3320383423359253,-0.3335665621837153,-0.36822071235467324,-0.6135395691261409,-0.738141017703889,-0.7057102899917584,-0.6417074621699781,-0.5231300536391625,-0.37042594290782355,-0.32798251235119874,-0.4758861381913877,-0.7085174952051625,-0.7660063533185671,-0.6003648918376407,-0.4263707956354556,-0.4772148790121114,-0.5529244832378635
-0.33358289055314294,-0.4727089090019615,-0.7081727644649258,-0.8522650308106092,-0.8706121541091361,-0.812086632473208,-0.6910238343399318,-0.6593983772654104,-0.783178779535612,-0.8650847673917279,-0.812470974146225,-0.6290001397115736,-0.3625357915360484,-0.23663854630245565,-0.19818429643490434,-0.1947772906148861,-0.267992605326638,-0.4347771410010596,-0.6003344214237565,-0.6424979994963337,-0.616311435088042,-0.5187803187672834,-0.4665582243769396,-0.3290560841194053,-0.20335292630066165,-0.0904318643452325,-0.2970981090960879,-0.5750918852290583,-0.6692425756377591,-0.5711570674662528,-0.5026615453100537,-0.45070088184500784,-0.2764676707089961,-0.2838974413633346,-0.25092547851501323,-0.13399911844752196,-0.1886481872318523,-0.31919911503988996,-0.5473812594133897,-0.6993413267686778,-0.7847710214841263,-0.7693214127312529,-0.7243763498571528,-0.6526457257552435,-0.6504653085867388,-0.6895490466177957,-0.5935764512589612,-0.4664074920778301,-0.609791903233787,-0.7260875736403548,-0.6545370193142463,-0.38065732336621255,-0.10428599878628078,0.020169436744935678,0.04991529450909013,-0.1224305414055202,-0.30494397576376525,-0.2567433415797982,-0.1708039386267325,-0.1147378405799529,-0.16852504989814268,-0.30664413825557896,-0.3897187125509299,-0.5041796381447524,-0.7025219025432887,-0.7567566620183988,-0.6282574417336768,-0.3842651152083837,-0.4182650824579018,-0.6647687291532394,-0.8185677867479213,-0.7846319409324596,-0.6012838773059417,-0.45677200383549416,-0.3439859461773308,-0.5122514616847664,-0.6782197402871667,-0.8000713566994373,-0.7519046835581072,-0.5251737987646685,-0.3895501689660127,-0.3766806838986913,-0.45973884341789983,-0.4511278777089869,-0.5025418836609916,-0.41883807331284756,-0.39512318911115013,-0.5396124008017937,-0.6445014489534572,-0.5858136296828244,-0.43597494887491284,-0.5485666326647648,-0.6246101835954775,-0.5540062560764444,-0.4310203507628434,-0.40996686413628236,-0.5092123300495347,-0.6119285712902243,-0.6761870805999575,-0.7365055101307992,-0.6459846247935436,-0.26400657022840024,0.14654052137810364,0.25611139718587805,0.25876525677257284,0.12530223619968006,-0.1332464009622032,-0.3582683070528424,-0.4363315970785107,-0.3324349868863619,-0.24067431916133009,-0.20327438235545978,-0.22899524357700674,-0.3149169390646075,-0.5997558290626026,-0.7536471749555694,-0.7427414298570244,-0.6499313975866304,-0.5906737591600478,-0.4400780906371803,-0.24967423630935254,-0.2648952692360242,-0.5284468213678231,-0.6298082016175207,-0.4596617748883799,-0.31884313904930567,-0.3480412328668073,-0.47378040863326565
-0.4526598097374661,-0.6183357720764379,-0.7687265193453989,-0.8377535903375177,-0.8212862204532484,-0.8013502098125448,-0.7086442057944774,-0.6206637381150165,-0.7455721453897292,-0.8086566294146172,-0.7507329738786539,-0.7036554124318978,-0.5765027102176289,-0.4057628709181095,-0.24928287171333102,-0.1991467633324711,-0.3777613771482878,-0.6262813974529187,-0.7639829839976864,-0.7145496470166235,-0.5811644144686081,-0.4898621001935716,-0.5065801837138387,-0.38599063835797653,-0.24374788775228218,-0.07397754721068506,-0.14459141600249145,-0.5087373493830677,-0.7073979182643316,-0.6817943853568088,-0.6010031170483925,-0.5242396422159121,-0.40395253564561223,-0.47682803299415694,-0.44873219855565477,-0.2987568445657125,-0.3546712483351647,-0.44762466845431037,-0.6126612482937861,-0.6872747335875209,-0.7034138377349155,-0.5825884239003356,-0.4767670418754697,-0.39012382327178813,-0.48578684334540284,-0.607565979171443,-0.5852747712647813,-0.5301553109075557,-0.5358464073449201,-0.5368064902767011,-0.49423433106461184,-0.42726166317878356,-0.31403808834285574,-0.20490802764850946,-0.07786892072033645,-0.09137086483902707,-0.10501937026090137,-0.06106385615672414,-0.11914259870666456,-0.08440387548495966,-0.07560046177650609,-0.17702616144424033,-0.3600650395049289,-0.5744945104336009,-0.7643200727556135,-0.8146979309061685,-0.746159664957615,-0.6211560168238037,-0.6257182888684537,-0.7309016114939654,-0.7950364593815493,-0.723353517989202,-0.4755624762632037,-0.26589304610548237,-0.17087570861449955,-0.46536140186039043,-0.7319913770298256,-0.8438222468656981,-0.7558711280848696,-0.5023164206377967,-0.3472249698750175,-0.32551921734234146,-0.42649712941585965,-0.4796271527244413,-0.5747410025412092,-0.5260766970166464,-0.4522289417757248,-0.5528439650320124,-0.7067049253354958,-0.7083875143009827,-0.5726181216287762,-0.5340755394562948,-0.5698184471563278,-0.6012386360436612,-0.5606184515145383,-0.513397621820822,-0.502969288668727,-0.5889808128572268,-0.618519364643204,-0.7199100928980583,-0.700282712017291,-0.4052105840805348,0.050240922659949186,0.28582808536612736,0.3167217509192872,0.0667871080383308,-0.16338670866185012,-0.2530228392551507,-0.34937501180914865,-0.2983547686272966,-0.31623005030244594,-0.3199193263633352,-0.3047125976150316,-0.44714062836815854,-0.6421963473275506,-0.6903189320934237,-0.6134902483677706,-0.46492062081548075,-0.5404440608039325,-0.5050780916226427,-0.322277632368839,-0.21370603752729367,-0.41071249292458245,-0.5587859964391176,-0.4714961534471125,-0.3695640865503214,-0.4420526361178605,-0.524024612961227
-0.5755827465479126,-0.6520810133988899,-0.672852433251025,-0.7051896524691561,-0.676413627583662,-0.7172021832528515,-0.6735209742205519,-0.5851291730049676,-0.672381413477551,-0.6595399506345019,-0.5294965700659928,-0.6104362060441965,-0.5868413057143981,-0.3469716395440564,-0.11515211581100446,-0.13596467830094158,-0.3811597638078963,-0.66719921299238,-0.7425869161898906,-0.5830731782868491,-0.4444954857981268,-0.519888773092437,-0.6121656887500848,-0.5174488618824629,-0.2537653967205497,0.011566328313436326,-0.01872583440996069,-0.45253345667146533,-0.7406499658809405,-0.7733883283018888,-0.6964757172700691,-0.672333160385634,-0.6626805613742033,-0.7173286423992729,-0.6607793793844704,-0.48908566203431975,-0.46000751098609016,-0.4744826192799786,-0.5801596225058515,-0.5849696018186964,-0.6191290858312001,-0.5006259138315549,-0.3043895180929607,-0.20424531533209656,-0.2909537847313002,-0.4573095298720583,-0.49153696420319626,-0.5023047203300897,-0.3885442522517315,-0.2762449162907755,-0.251956007273023,-0.3791697252706854,-0.4053885475555669,-0.40898791968398124,-0.30897938324687574,-0.11945973623897722,0.02774435891067992,0.0024399256868129484,-0.11111074639221874,-0.0229396307952298,0.009456130901590526,-0.18305265611755117,-0.3884281356780157,-0.6449121087811287,-0.7813601969768322,-0.7799200299202181,-0.7703699470806128,-0.7534749621468907,-0.7124047525988743,-0.6426947980553321,-0.6349131247985568,-0.6065022223868186,-0.4279324808741729,-0.21249105319865955,-0.19134366495967786,-0.496224956540853,-0.7540851140743245,-0.8283831028869383,-0.7210168968723374,-0.46537640355601606,-0.3412767138010628,-0.35495061385118665,-0.3664447703956514,-0.43120111682780404,-0.6014873358742463,-0.592761393036539,-0.4612016009021986,-0.5151721249128502,-0.704673218421673,-0.7232637473889597,-0.551488863841723,-0.41546803519966724,-0.4492481890669608,-0.5986753392301647,-0.6886710207302582,-0.6980934639314703,-0.669621352261278,-0.6814650345303983,-0.6494422644781754,-0.6860257167480084,-0.731232820375343,-0.5475407487231938,-0.12302890555737654,0.20377866479965723,0.19193606344927472,-0.07695069248013517,-0.261959191468636,-0.2507457907540172,-0.2826241870243784,-0.28427656585165506,-0.3707403338214074,-0.4519367841255753,-0.4564027987360957,-0.5622445412859165,-0.6540533885352543,-0.5931875670509352,-0.4863269274164086,-0.32112891866700893,-0.4394372388335769,-0.434625906388689,-0.3015219328651897,-0.21291471151751565,-0.3207692924071851,-0.46804017390785885,-0.46421560522153205,-0.49033197344871216,-0.5419320527711464,-0.5510034295543577
-0.500557952295484,-0.5023089649653341,-0.42330593883059964,-0.5340478270799445,-0.573696144390976,-0.5896971173908315,-0.5292296817658597,-0.4042853976187098,-0.5320291477119534,-0.5212819379306106,-0.36688292018086005,-0.5138160357202304,-0.6033805616978271,-0.44165560100574364,-0.17462549911078895,-0.14100424754060398,-0.3546487130553034,-0.632487799517201,-0.6305399219704813,-0.37997654084212257,-0.348682547546001,-0.552870302436624,-0.7079838379551519,-0.6886542112065503,-0.44441272024256573,-0.1052897234856691,-0.056992788385563445,-0.4423952523721625,-0.7415526359438651,-0.7883038639204647,-0.6947966588822236,-0.7240666388264573,-0.7891235859744632,-0.8289154650203259,-0.7296046796130422,-0.5037413852632685,-0.47496949525584303,-0.5518281946347446,-0.6210101709933176,-0.5785540765867523,-0.5687380012841204,-0.467770111672971,-0.3038739671343719,-0.15517643187907923,-0.26504598009070307,-0.40957103510941667,-0.5507682865224122,-0.633660930484085,-0.5645993606422347,-0.4244260192368902,-0.30611539498191465,-0.3464655001186022,-0.3028345222031075,-0.4104555267037053,-0.47485567109194626,-0.3513078779040329,-0.1693728160533312,-0.20152756024066615,-0.2180535222687634,-0.1083342492887719,-0.0868676297250461,-0.34038414960350716,-0.558061412242946,-0.7350375683966099,-0.7594690220337784,-0.6575666599324487,-0.6692455197041471,-0.7196599746771867,-0.6228192481834446,-0.3842516572724406,-0.3347968464860465,-0.3857627998818532,-0.37213435109504384,-0.34079959554867223,-0.3933883948682166,-0.5598638416318985,-0.7218231816778001,-0.7594479374594386,-0.7348665547924156,-0.6322337656381339,-0.5579512842044774,-0.46870054220215124,-0.3236945743494191,-0.42023682962689074,-0.6007138635066147,-0.6438372003546593,-0.5988508346426998,-0.658221309898482,-0.7728408738168127,-0.7498919845410332,-0.5843154717428377,-0.5245300195341176,-0.5276571000492056,-0.57204208762956,-0.6755910633844535,-0.7284667796892528,-0.6978798465608381,-0.6648655134981116,-0.5622499706889597,-0.5442710906719654,-0.660337977129153,-0.5629320321488407,-0.23282745055072163,-0.007737236251210234,-0.08756135517496676,-0.23055489746438654,-0.33068462667505627,-0.27701400981618923,-0.1656676110464694,-0.14965760075139975,-0.2930791453142984,-0.4556237180943637,-0.4635783598390437,-0.5630019545986191,-0.6825439625175899,-0.6712902966153416,-0.5644261496072905,-0.3943728666403112,-0.41760507042388656,-0.30879044792684945,-0.21061980178170328,-0.2193183785106686,-0.3338036936258557,-0.34401554300697307,-0.30388437407876234,-0.42524630237292893,-0.45463658721691586,-0.41935120199479353
-0.39930544692915154,-0.35390832612939804,-0.23613042751838567,-0.3630228674033964,-0.38612737446092793,-0.3702751808921516,-0.33318907208474324,-0.2312467425267265,-0.4141947241441577,-0.45313331332053314,-0.2895225929110753,-0.3811308900067532,-0.5507721165552324,-0.5719360784624921,-0.4941452795362006,-0.4966578756144021,-0.6136894343991249,-0.7336214640833328,-0.6357715648054784,-0.33592667544677485,-0.2837858285976407,-0.5177714157194815,-0.6883491543665252,-0.7333416248774876,-0.5055465714741793,-0.08153490103175602,-0.022526229639529143,-0.35102535962196024,-0.6926143627464925,-0.8081630719202956,-0.7505986125735005,-0.7162763406818323,-0.7607002767782887,-0.7876850919256029,-0.7004341733163204,-0.4936505330717347,-0.4385219434413986,-0.5612435479222991,-0.6123739879649258,-0.49816205295002475,-0.4471918289595867,-0.3894283421958379,-0.34377091747090727,-0.2200028334725117,-0.28173605611713093,-0.3415386644208007,-0.5814208283891893,-0.7527875209755889,-0.7775245536713001,-0.6929469734870943,-0.5462092302468533,-0.4290778632587671,-0.28628258756641783,-0.3729155139083059,-0.5444695781907236,-0.5444386685151349,-0.4106861362930818,-0.36117598690550984,-0.2558799203652897,-0.1498063053635343,-0.1953711128606729,-0.44096294406312786,-0.6239786915065321,-0.7614878068075439,-0.7522977749484792,-0.6461819552679654,-0.6055930952953407,-0.6873881477587566,-0.5988306681424781,-0.34009333162371425,-0.26627036257018066,-0.2208462379116061,-0.23507419319339837,-0.318345588164109,-0.44918909968129933,-0.5364199340842294,-0.6507753031069604,-0.654544641433151,-0.7032237258545172,-0.7220184033861877,-0.7120063075488089,-0.5744748360158638,-0.30613283309517386,-0.28033939544726577,-0.37584658902462265,-0.4362872174625565,-0.5068599351229188,-0.6495695677811179,-0.7758423061633003,-0.8067942483418813,-0.7491607926419076,-0.702021914197661,-0.582024503252141,-0.4156803406209253,-0.49443986945741086,-0.6069959454508004,-0.5807558873907741,-0.5509568906050691,-0.43720237975029136,-0.4562986418379069,-0.5773000298444482,-0.5271271351354487,-0.39116847894223333,-0.295306281259601,-0.3805364618637748,-0.42325659061410376,-0.3252359385295672,-0.21314372218268487,-0.1387648042313734,-0.20892543477051662,-0.41214585089758016,-0.5506167821823628,-0.5575660590710289,-0.5831497331173032,-0.7291292916080333,-0.7871308397683541,-0.7503527329588309,-0.6546364121395744,-0.5887457602341648,-0.4624470283821026,-0.4447778694226715,-0.4828487235382095,-0.46859542787244796,-0.2999668787293479,-0.25053349830202587,-0.3956399179638285,-0.4224770035250568,-0.4526524126903589
-0.5044455455618408,-0.37537521086141296,-0.24059306913740106,-0.27775124944960006,-0.1883761188309888,-0.20997164606091173,-0.175045766495732,-0.11623075032429663,-0.3164487657608518,-0.40503950694005914,-0.21089859364984406,-0.10613981716474696,-0.28680642049147886,-0.49302762741064904,-0.6517320468116534,-0.7399362040848423,-0.7886828119177122,-0.8133318496170692,-0.7166250524308098,-0.46327540880470297,-0.33904249315594104,-0.4881982698037584,-0.6167574008815124,-0.705725069689972,-0.4811640864105692,0.020812498981522837,0.1690256207678694,-0.11485377535285166,-0.541093948915904,-0.7618607277896012,-0.7411974762676063,-0.6049713135454916,-0.5639121766565565,-0.5674076875731034,-0.5624263834410584,-0.44193385629874316,-0.4493938107065549,-0.551082371152815,-0.6191722111364293,-0.5272179980438491,-0.43629114109597433,-0.44340255516821764,-0.4336594168678561,-0.36422454854085895,-0.3977413143099638,-0.4224258366745644,-0.6451559646658661,-0.8073027242333547,-0.8606753435687856,-0.7912379653143132,-0.6193097914130828,-0.48200323603450446,-0.4190619588055503,-0.48964154740051785,-0.5881854838645801,-0.6039921814324681,-0.4617030807058013,-0.38606510556060675,-0.3210594863499176,-0.22141433573061964,-0.19310006145143288,-0.4192463124226476,-0.5637731827449213,-0.6983833464548165,-0.688730464562829,-0.6458201198039744,-0.6544844466726863,-0.7332284851705972,-0.6709507370386814,-0.46919254806098976,-0.36972001693879614,-0.2819422852102866,-0.26213188642807983,-0.28164812749509893,-0.4988910865541266,-0.6452489102325731,-0.7218224293429342,-0.6805990962030567,-0.6382536645019627,-0.6685152248968401,-0.7320801538492081,-0.616426055094142,-0.27395310105412163,-0.0052919969150069706,0.054505058443643485,0.019416615520733767,-0.14413951775067502,-0.39318500187002675,-0.5869535217431266,-0.7178718811863742,-0.7795492536521823,-0.7791539795620597,-0.6128593148244303,-0.34646340057349234,-0.37594425240255747,-0.5450079339719157,-0.556541961877026,-0.5101178929458712,-0.43472882345714076,-0.3817897673952177,-0.427930842101661,-0.3194398438790061,-0.3124885953234858,-0.2970407767543396,-0.42801935999528806,-0.47398528919845967,-0.2718638507547129,-0.03865332789357571,-0.0297581376459515,-0.2127773593935399,-0.46410613575300413,-0.5684317519631591,-0.6454373935740358,-0.7143064520518085,-0.8104914546506194,-0.838384166029952,-0.8236926335225669,-0.7730637163569419,-0.6684387120966293,-0.5564015660540619,-0.6274437381252523,-0.6769772332530973,-0.6079984357581772,-0.42953102464450094,-0.44693847551542143,-0.5899187625858806,-0.6562061184578818,-0.6938106835333311
-0.6295600879696187,-0.49827205319680984,-0.4359383888425125,-0.35072010783343427,-0.11129161587793253,-0.06431572359853704,0.00013416458814124123,-0.0199965392979193,-0.21671157240528577,-0.3481470147725675,-0.11819939604913933,0.113209189964266,0.007028123982559322,-0.30928516542377277,-0.6427130486156659,-0.764610901364068,-0.7326458664486883,-0.7099713953849196,-0.6395345469326523,-0.3876793130010648,-0.2221113920895796,-0.4508138825910038,-0.6708046930985834,-0.7607588184697862,-0.553445049884619,-0.08057535204050101,0.1291812191102572,-0.018982416919344897,-0.36503619694983885,-0.6739849023534784,-0.745969061568597,-0.600228840045108,-0.3876385269724743,-0.30307658220214373,-0.4009347823806945,-0.3982322140717646,-0.40066281202127946,-0.4729618593759428,-0.5913656807882338,-0.559788223603236,-0.49808861008921546,-0.4239402402379252,-0.3604920012719607,-0.3722143974207608,-0.5293085449417511,-0.6233575466970207,-0.733067206623418,-0.7712673023227254,-0.7746687410356631,-0.6861745993998215,-0.4950825932359548,-0.3898030816056323,-0.4281590836999524,-0.5292041829282588,-0.580419371993173,-0.632244742929417,-0.49512045739263666,-0.2839789365790565,-0.2279793979119519,-0.1968555821662849,-0.2338055156426884,-0.4791288149672231,-0.6119583144034556,-0.6556790926354537,-0.558587966180146,-0.5233364703096984,-0.5834448630265215,-0.6954820581796312,-0.6448352676778352,-0.4524371929438243,-0.34347916352254043,-0.26877808574005707,-0.32913128092510746,-0.37622662686759806,-0.5969153718508348,-0.7224469776568511,-0.7318945738782807,-0.6252169631142537,-0.4983684942783399,-0.5404248650032839,-0.6920063367383653,-0.6274364292369722,-0.26851080818984446,0.07534580185753181,0.1910002410606069,0.17399469697218148,0.018766981320942754,-0.1402471876610242,-0.2589278781685117,-0.4139785817372233,-0.5920786984052724,-0.7136075777847347,-0.6281925541082423,-0.4537531340279703,-0.4739694955519196,-0.5241797325806848,-0.4546195228843805,-0.4008735641808724,-0.396656563024743,-0.333690267385022,-0.3026832630111257,-0.12749620189913824,-0.14899514316681278,-0.2126856616014221,-0.3550287692015236,-0.4531271332413562,-0.2628655514075088,-0.08700095974837542,-0.1951307498558441,-0.400114463522507,-0.5132925402115559,-0.4902977378166354,-0.6444888077048369,-0.772943065710125,-0.8070445235568051,-0.7433871913230863,-0.7086061652002612,-0.6908504498528497,-0.5961797240675473,-0.5748093383901174,-0.6627478706512332,-0.6721599323452823,-0.5805277146873286,-0.4196660905060636,-0.5598857785620667,-0.7494664770707646,-0.836734338761155,-0.8545996166391646
-0.7539116963848652,-0.7011324564372776,-0.6451068976808265,-0.5017393780674512,-0.20867399095229494,-0.05506466585686275,0.033515999116354805,0.0006647723801312008,-0.3070265874621203,-0.4987058191940375,-0.34489305868561093,-0.0639738359402117,-0.09164777537369267,-0.3981998619176626,-0.665696708415204,-0.6781139572930919,-0.5293929043750193,-0.4980037920037837,-0.48813358419994185,-0.2513989132470401,-0.13551675288887063,-0.448368620219798,-0.725563858438028,-0.8080585289442669,-0.667573367553314,-0.3329137631614792,-0.07874386024666276,0.05271554816770631,-0.14527984408084113,-0.5615621678916421,-0.7683980547650658,-0.7145048256907761,-0.502898272138081,-0.29779215592117164,-0.278736917001429,-0.26075921202757435,-0.31711535280664443,-0.4978129335595518,-0.6126173064677992,-0.5454312556496111,-0.4547141590532128,-0.27854733786894126,-0.21557526616859526,-0.41811444624163746,-0.6492158982956312,-0.7393166754805538,-0.7392680282155897,-0.611562776295432,-0.5329641875031411,-0.5163339240408803,-0.505546673589535,-0.4814681088947797,-0.4792104520863111,-0.5714620713244788,-0.6271926717882113,-0.6653092644110005,-0.5485440654762934,-0.2888680311312447,-0.1855635161681247,-0.21707550263709086,-0.37390020985699113,-0.5700536564058851,-0.6328880915572535,-0.6388142214184329,-0.5412785660915789,-0.43205948704716,-0.47229420340408906,-0.5973055338797603,-0.5526809492796597,-0.44085450939911924,-0.3098852936687298,-0.30620277234798826,-0.47274989063504747,-0.5964018988275531,-0.698612816689165,-0.6667688497249816,-0.5712104004569986,-0.48971997744759166,-0.5159820979915588,-0.6388761326839612,-0.7829392975546993,-0.7378155476520651,-0.41292770247655713,-0.010892857511819625,0.17563052478747593,0.0892430075932253,-0.03284833125474007,-0.14109834758007275,-0.07781491919731366,-0.07902289236443076,-0.30982201236057433,-0.5444596207110857,-0.5339142618746344,-0.4402501738560994,-0.44974971492215227,-0.37605609034481124,-0.2606751704591739,-0.2980885826243461,-0.2502753516565456,-0.11771738894780442,-0.12111384723088726,0.02048824427001298,0.01722570505342981,-0.12130433575302665,-0.3906874129345691,-0.5650910434444688,-0.4687560199861753,-0.31426783270565883,-0.38524977789036485,-0.5597986179877745,-0.6006842233410575,-0.5349834459998423,-0.6866667851347844,-0.799348943705013,-0.7561742350218297,-0.5872616164423592,-0.5080731903571326,-0.4838807744125167,-0.3310388885826607,-0.37396595506809205,-0.5331131304756859,-0.5631903741542215,-0.5459159974154079,-0.4669361044471465,-0.6504875468274814,-0.829305051204204,-0.8795572505331136,-0.8476132307692804
-0.7351961628377217,-0.7340872004330232,-0.6890991500037785,-0.6257217774889449,-0.48614568489148446,-0.3270485732968136,-0.14929630168987493,-0.1845065894809415,-0.5065782415971943,-0.7102937783865826,-0.6339715571846077,-0.3783575788919052,-0.2503035128388978,-0.47585239603337576,-0.6242930816395635,-0.5579242387843228,-0.4645414427809949,-0.5335642028491797,-0.5821567407983874,-0.4340270084122631,-0.3086888693722495,-0.5169337978552827,-0.6939061286506387,-0.6934070108442146,-0.6053487166411137,-0.40132644600533773,-0.2364263250007409,-0.06775964283634422,-0.19513102651808126,-0.5836444824256362,-0.8077999005946354,-0.813659618725133,-0.6841017394836866,-0.466021162810216,-0.24656539161794125,-0.16690580266618202,-0.36955960170599683,-0.624101606196449,-0.7356454274748897,-0.6483364123413385,-0.4786492106364517,-0.3376302801741687,-0.30631350379755196,-0.5354035300542159,-0.69642336694598,-0.702686986211868,-0.6633205194081783,-0.44721847077540283,-0.2167709704830795,-0.29802723906749806,-0.5130348848470349,-0.6031211279910099,-0.5719452602152915,-0.483624729161654,-0.45366686463824635,-0.54475242172806,-0.6152951566325996,-0.5534258223529518,-0.5012268765508245,-0.48737645205599245,-0.529149805819067,-0.5999311758100091,-0.5596768764532793,-0.5848062640137427,-0.6095811317978027,-0.5805355189750451,-0.5683473707415251,-0.5320309773527114,-0.367421407698557,-0.34317602788636464,-0.27691172559162924,-0.2742005662356996,-0.5410028564271725,-0.7179784795087067,-0.717818330209422,-0.49666212181436525,-0.2696980903260374,-0.22759235537267522,-0.46327953553799484,-0.6918827620930255,-0.8354791227488045,-0.7618137994786661,-0.4022120630755628,0.013193584750612518,0.12477022201727665,-0.021746398750289643,-0.1639014611333367,-0.2026265868578062,-0.022122089816920553,-0.04099361680466232,-0.3137231066373384,-0.4954489636397519,-0.482360792462242,-0.466209576788657,-0.39540011386505025,-0.26090723918009906,-0.21499711553470796,-0.28499836001725515,-0.12479907278436342,0.08772695272665747,0.05813615659658462,0.07976453235811001,0.02151629201776644,-0.14428292113809557,-0.41698225164191477,-0.6195731915348625,-0.5639967851794934,-0.3996384297882105,-0.44528211853252414,-0.6512933721776704,-0.7382925216142284,-0.7333157751414264,-0.8116057495697909,-0.8568627147109393,-0.7944877561597413,-0.6703223155272795,-0.5737403445425585,-0.4637880627294723,-0.2163109795673113,-0.19648441979048678,-0.45850351776632736,-0.6041106159432837,-0.6305386133496486,-0.6090371251727732,-0.7224573302015502,-0.8281492827656272,-0.8036679097549301,-0.703575119031672
-0.5520497126744983,-0.568868467309311,-0.5332978767383231,-0.5820983286787937,-0.644923337704032,-0.6158709320126171,-0.5167276106215937,-0.5539145476848251,-0.742285303156883,-0.8564908675375398,-0.788879377004288,-0.5790760301497638,-0.3725124244776911,-0.44523436240306435,-0.43714804142884556,-0.30762299537791843,-0.32371888782737446,-0.5651639083585341,-0.7246079743431574,-0.6763542661082729,-0.5274288633652621,-0.49042156050755437,-0.4796455485457813,-0.3574073917497689,-0.3479786526460253,-0.3385801098658679,-0.3176694951000786,-0.3317609960494165,-0.4493522712176933,-0.6548303999960939,-0.7563103962196956,-0.7524580473651729,-0.7295868108631227,-0.6368735205000142,-0.4568765714999409,-0.33281740748440286,-0.5091294575600581,-0.7373839126883166,-0.815394573815924,-0.679016553222758,-0.43775665695169963,-0.4249589986148549,-0.5058505704652326,-0.6191619109416593,-0.5866473577201621,-0.426788635884247,-0.3950373254943046,-0.20444906539241942,-0.021017323411016375,-0.24813729992736022,-0.5051451298955394,-0.5749048514294296,-0.44964112612992396,-0.11140256732379906,0.0014962245984289175,-0.24844213258328124,-0.586912616238383,-0.7320835761406213,-0.735949087186405,-0.6592099969943922,-0.5924766257151785,-0.6202491712551458,-0.5584025393166477,-0.535135738927706,-0.6117321916320083,-0.6150019562844661,-0.545279629914891,-0.39920728642013364,-0.1387145083882315,-0.1147501554700795,-0.15036135239666396,-0.26298411598061533,-0.5883916216293295,-0.7778993044001772,-0.7629520317375389,-0.5124501671150664,-0.22224201474642308,-0.14236063026886653,-0.3882566034216862,-0.6290230630014518,-0.7922564258184922,-0.7100761277799565,-0.36180434784158333,-0.09569974189685208,-0.0978957934827169,-0.1679791576136905,-0.27561719636755316,-0.3456116217309969,-0.22979083180527707,-0.29819577873862974,-0.46097339504491985,-0.5078190679660337,-0.5233575580311508,-0.5320434939930183,-0.43833259171065503,-0.41136565470169334,-0.47193020837284194,-0.5080088209488851,-0.2620947571141978,0.13402470173132064,0.2503593650975841,0.2773556280949785,0.13495194519467618,-0.08614257008237368,-0.3583164957830316,-0.5901937409357574,-0.6051217584500947,-0.577823995780735,-0.6466016170125114,-0.7918191031353711,-0.8671392606992265,-0.869901100400705,-0.8660387577291333,-0.8356596524674557,-0.7512437158574151,-0.6915302162916566,-0.6272364550611271,-0.5703345418694741,-0.3867027093227068,-0.27741449390317713,-0.4626395070768498,-0.5769523094194207,-0.5593284070331953,-0.5340098523997122,-0.6116660281987594,-0.7090543010111258,-0.6758376969010018,-0.6133661850538346
-0.2425448299446483,-0.34504060300867156,-0.4203575252549744,-0.48965085802868097,-0.6657052159280843,-0.723114654865974,-0.681578087735798,-0.7302094646571515,-0.8192135415640988,-0.8527737633231298,-0.7710566501598013,-0.6274165189800529,-0.4227609828510108,-0.3442356933662737,-0.23094892318696789,-0.14920449890267093,-0.2615693894637727,-0.5617171380713449,-0.7733153431925506,-0.7391497712686875,-0.4853916361941868,-0.24206686098145824,-0.1640915829822529,-0.026342289817415848,0.03377394969777054,-0.022172334794667556,-0.10576502069481804,-0.305945674026474,-0.42464276432651904,-0.4779176892816164,-0.46991029597949585,-0.478376237268682,-0.5933821272906317,-0.6937675695562716,-0.6687272092936419,-0.5705611846647015,-0.5921934121652791,-0.7606411448712366,-0.8327791853110594,-0.6962964275970553,-0.4464168152702343,-0.4550106532895969,-0.5538765260532361,-0.52204358351104,-0.30914403386933403,-0.023831346205681943,0.006384080119570628,0.07670138406997809,0.08193603915810281,-0.22250422498721933,-0.4036159955909598,-0.4046705989039728,-0.2696670698413265,0.12149845824362708,0.19333951109602393,-0.18931895105730195,-0.5787246059069447,-0.764640757060174,-0.7860528749303858,-0.7089372240168126,-0.6625257946373931,-0.6184143194392592,-0.5215185021562795,-0.4990207909395252,-0.48265817911057185,-0.41793478729428823,-0.32492654659754233,-0.20190963852059218,0.038354170242916624,0.1232640086127206,-0.008014108007428276,-0.2970390634831857,-0.6065786486073214,-0.7334759349746318,-0.6934808526064216,-0.4149977900623239,-0.13151114394035443,-0.09163521549957644,-0.26684491466788685,-0.49135665826025415,-0.7221185415463885,-0.7104912941760171,-0.5116231989733271,-0.4366598102887657,-0.49970161751113057,-0.558289320896758,-0.6171424971286911,-0.6401186914578881,-0.5530002252713202,-0.5060500469975159,-0.48756893807604385,-0.3739017896168766,-0.4470486622301522,-0.5563514495221612,-0.5175994285849761,-0.5063907806919766,-0.639670018878705,-0.6915196437524392,-0.45541491789455546,-0.014556603341473455,0.14960998746875587,0.18203613981261074,-0.09174160996009326,-0.3543525657535465,-0.5169561735867694,-0.6035403173933329,-0.5971553183260317,-0.6717007070067202,-0.7622691682666409,-0.869449722462895,-0.915444631491819,-0.878737924103438,-0.7787969619541157,-0.678095618484251,-0.5653866121406733,-0.576749664233744,-0.5579100774789004,-0.6231880716729754,-0.5512341314213834,-0.40147493994557865,-0.40039131343492657,-0.39994724189170267,-0.3275028333932415,-0.29913900197575577,-0.37507493467681213,-0.5220628236415276,-0.510690923211786,-0.49998421217542
-0.17047590354569342,-0.2746880961259542,-0.42765307102304756,-0.5173957255458268,-0.6799740418996323,-0.7315306144196756,-0.6728559781814981,-0.7112148489261204,-0.7336327746805534,-0.7410500379184654,-0.6539788725823215,-0.5750581885771306,-0.389478968672193,-0.26894399997575047,-0.14386424064491976,0.00956328931570718,-0.09748117312925021,-0.412887444843607,-0.6880607770307698,-0.6712293428843069,-0.36533910205701936,-0.12336363660332392,-0.0851460632174361,-0.03454142705109769,0.14542281149959432,0.20224896724538732,0.07190826789553349,-0.15052424939622286,-0.2020775394179724,-0.14571225742742389,-0.1308632725929102,-0.2905093133230554,-0.46034890569095466,-0.6686774514062965,-0.7359406625025845,-0.6157429501377348,-0.4838387630480725,-0.6702741714624135,-0.7980482121662924,-0.7130452759191876,-0.5205045993303005,-0.4620714566902939,-0.5149236151174794,-0.3444329205712409,-0.009601190530628237,0.2917494121115125,0.26150696300053644,0.06735856597901241,-0.07075443131924807,-0.3050283754113808,-0.339030361063645,-0.3466147835955547,-0.28073535133321154,-0.006052239570812896,0.027619996201374983,-0.25819343747771056,-0.495856301465791,-0.6317960436570349,-0.6877967902914459,-0.6347647822253578,-0.6084304637761738,-0.46297937543705114,-0.29753617187064724,-0.3053379059553052,-0.23205436493079734,-0.17290193129201506,-0.23850434803500822,-0.20946321530661044,-0.10397832845616942,0.0447781185135343,-0.03531894531688118,-0.2717739762065906,-0.5190466031839721,-0.5550089447285633,-0.48187281739472965,-0.16778148184541156,-0.007975851661739293,-0.009717041560998164,-0.16853404888245094,-0.45978054314819977,-0.6912872436957403,-0.6926802704462848,-0.5897435871657922,-0.6586920854670422,-0.7695895292381694,-0.8314503288237618,-0.8462425568742197,-0.8030253444468437,-0.6831486376672675,-0.5277483044499072,-0.4581900189079846,-0.3154521244086166,-0.37080632423783105,-0.49664712408637407,-0.4228479161769731,-0.3824235173518832,-0.6212413948052496,-0.755005233477264,-0.6077334823816005,-0.23289995089970444,-0.05335449299903187,-0.054162719018822664,-0.3681053912493832,-0.575603493543168,-0.5927469366628252,-0.5902538760295751,-0.6244218327903289,-0.6746100658517915,-0.7224233223580475,-0.8188156376253884,-0.8532683037283427,-0.7883975756659715,-0.605192960486428,-0.4823611000886157,-0.4344325392187359,-0.5021007634778588,-0.5313924175330721,-0.6220482712405085,-0.5905750942203108,-0.39831916916634486,-0.30753825151003183,-0.3092371221955096,-0.345789816198721,-0.3514916403098269,-0.3651296725605461,-0.49548666360721505,-0.5463433458888295,-0.5354733798269453
-0.4466227927253919,-0.5150717126442057,-0.5773147083617782,-0.586598025539897,-0.7281994789151905,-0.7943408807823991,-0.7443733033009902,-0.6844416668140884,-0.6397363059329869,-0.7097070804027956,-0.710745921597494,-0.6740865652165317,-0.5840460466361506,-0.4569505508637697,-0.24172611025942928,-0.026156056207723932,-0.06896452146091067,-0.2601964077180205,-0.5884271929098315,-0.6557309208420914,-0.46656529460328816,-0.35725055128758026,-0.36947551556269176,-0.29285653270165646,-0.055754593596586514,0.06389851334851536,-0.090553509633537,-0.23528436374873837,-0.2870768281734397,-0.19096901259395282,-0.17377686372770926,-0.36370319142080343,-0.4976377425884341,-0.6363879241447569,-0.7178708809534998,-0.5895274652596252,-0.39692841451871064,-0.5824750494117964,-0.7154970479417132,-0.6412785076162144,-0.5438221394234489,-0.5806473897315898,-0.637212488687093,-0.4687870972825788,-0.10000501108779253,0.19518261895147412,0.10151519970482945,-0.2371117966211102,-0.44422848358734507,-0.528520485839132,-0.43550330749412114,-0.4044722578347468,-0.4701746767333681,-0.40598186507511363,-0.35458993242258724,-0.36473374199591596,-0.38217140081705153,-0.4846451849592772,-0.6503250872899703,-0.6871814383862972,-0.5988643572048021,-0.3413526397795955,-0.1848817342623576,-0.24011186410088886,-0.269044313032738,-0.26877639702455125,-0.42170689148565466,-0.46623397609343736,-0.3715848207639443,-0.13036048584737495,-0.030053615818166013,-0.13698461602388373,-0.384497198921177,-0.41237217285563493,-0.3218333245586741,-0.03926386970494718,-0.011399633745443595,-0.12042323966335505,-0.21102822810320518,-0.42370765366104945,-0.6058225701704059,-0.6134985425767114,-0.6397252119454931,-0.7477383529227969,-0.8689348780897301,-0.9250494985939234,-0.8929665610999256,-0.778799125758879,-0.653062483415557,-0.5280408166308346,-0.5150181573669241,-0.4867819126457133,-0.5153668516795641,-0.5295397517517383,-0.38026968582271353,-0.3626417543513294,-0.6201736393957379,-0.7749682321517948,-0.7132949876956325,-0.4557939678877984,-0.25316785417325116,-0.29332013704121856,-0.548130796523859,-0.6510252861278615,-0.5291838979992644,-0.46945539689879834,-0.5376506214154606,-0.5222046427153727,-0.5023087012029821,-0.615120044664614,-0.690222157012203,-0.7055801500857022,-0.5546642465957385,-0.3493157971397898,-0.30586186555008804,-0.3986967414132828,-0.42861305192972343,-0.5487245348608586,-0.6188118101212574,-0.5513609121128182,-0.50740984694928,-0.47218827825699494,-0.40278451343499383,-0.32220313447826265,-0.22555888280556294,-0.3586429072374241,-0.49211919970372103,-0.5249355996906884
-0.6499040522148822,-0.729600686569598,-0.7711676079509037,-0.7706195618183848,-0.8381550256629077,-0.8650668895122098,-0.7772664022547018,-0.6542166583321067,-0.6627672122823296,-0.7477434692387828,-0.7446431836088752,-0.6891256811777339,-0.6829386481767452,-0.5758715370004445,-0.30707807890884814,-0.11711189189257565,-0.11044262739083129,-0.2572801176523122,-0.5706717360040124,-0.6536581704502558,-0.5118614273245997,-0.4837629021758008,-0.517905680861589,-0.3899224722077627,-0.15025670510748845,-0.1201179492890322,-0.33148162683020826,-0.4748041403892125,-0.5060787745986366,-0.4143743467588905,-0.43430587839427953,-0.47535387980446603,-0.44728165155063737,-0.5138006845844175,-0.6579939236256527,-0.5895485712767061,-0.4102309099349422,-0.538265292506953,-0.6220773114226468,-0.5209678686585455,-0.5009099828002358,-0.6566245705667096,-0.7540649651829233,-0.6269630841437587,-0.3105829027864388,-0.1562857771428248,-0.3173744468844631,-0.5842972450897398,-0.7007272551659385,-0.6808194705936439,-0.5569409272464105,-0.5814797837523902,-0.6681750039764297,-0.6880130338307545,-0.624136310316868,-0.5153648312808804,-0.5295354426649986,-0.629394426642238,-0.7693999007707661,-0.793907374645677,-0.6548022916323138,-0.42023722316324746,-0.32808902074450214,-0.36376104236947976,-0.4972822718375925,-0.5748890673242387,-0.6495737709714731,-0.6152697569933369,-0.4790586033141699,-0.21304130460586576,-0.14528613103496327,-0.15300876972016683,-0.28896205932119784,-0.2407285118424468,-0.2525422440849307,-0.1410514820750622,-0.21212372903099813,-0.21089652216439128,-0.10450836979657212,-0.2243793556714537,-0.3610209959575635,-0.3386925490314597,-0.47713801042423587,-0.6212605569781103,-0.8006059767109457,-0.8897973733203337,-0.8278022590006144,-0.6275173542576479,-0.48160084108329015,-0.3881257110376837,-0.443526073650592,-0.5122482246061317,-0.5709355390173468,-0.6341886893883664,-0.5959955537416404,-0.5989896692447371,-0.7042531262369418,-0.7327413951745828,-0.6782904872242834,-0.5255787719675401,-0.40501111697154196,-0.3953826624694358,-0.6021927143565481,-0.6906581868075825,-0.5736282685247864,-0.4791876878459336,-0.47595536244750153,-0.349025744072884,-0.29707882328273516,-0.37314145461653175,-0.4921651246535057,-0.6467482897582927,-0.6093085595881393,-0.4515650405749387,-0.41131868871852884,-0.4354925353598299,-0.46367801861204827,-0.49671224370174943,-0.5579705120285203,-0.5301210872532495,-0.5297563282623231,-0.44183870014613547,-0.2413300223852841,-0.1529501464610089,-0.06357089402037558,-0.11998650138319411,-0.24203630492477385,-0.30401596475901577
-0.7463833282335745,-0.8359171382806134,-0.8715411452527502,-0.8489283836952366,-0.8576340649621024,-0.8342222158432098,-0.6776181130285374,-0.5054449965027639,-0.6078930226410517,-0.6868112881937625,-0.6171638606155968,-0.5156419214032046,-0.6113930237917862,-0.5640913065049927,-0.33572636658754024,-0.1444649162894643,-0.14493616344920968,-0.3511283882047499,-0.5985442924924155,-0.6747052146527431,-0.599017225206185,-0.5393727902892406,-0.5511061435659498,-0.3691261136419762,-0.1499841980829453,-0.09116929282072654,-0.3196750939747915,-0.4938150406071526,-0.6307452614857909,-0.6570445069112981,-0.6194630461878613,-0.4580955424723337,-0.3033373370796467,-0.43974416830816515,-0.6230246633917966,-0.5900266028637873,-0.4430989151385641,-0.5087880419601293,-0.6311406690801102,-0.6444614605973217,-0.6675834729846274,-0.7594664214899368,-0.8198930286434647,-0.7376820116972272,-0.5500369443587669,-0.45158244748312787,-0.6059678859075365,-0.7261741273642969,-0.7068723010411003,-0.7011810193619787,-0.6874740810725684,-0.7115122072812083,-0.7417358265588071,-0.7992268945172195,-0.790278304320106,-0.7187974070730816,-0.7008718383898567,-0.7543604436646439,-0.8308801312452027,-0.7773854761030968,-0.5589592715831865,-0.3905789728795364,-0.47976508207793944,-0.6127682545358386,-0.7414693676732276,-0.77925723833423,-0.7343072937287077,-0.606491804362302,-0.5010598627043521,-0.3358611515032806,-0.32174709937005547,-0.27116175189657843,-0.28742890986756725,-0.1977565914621551,-0.30475023186970723,-0.3161983105053516,-0.32448391796626314,-0.17516743148339814,-0.02449708370765651,-0.1534874451279051,-0.18676692414194665,-0.0989159000648968,-0.22127017187385123,-0.33812251315154623,-0.618460849827929,-0.8097285155097459,-0.8087687505262331,-0.6462904938237187,-0.4677813306061371,-0.4041493220468896,-0.3687329243085227,-0.41302809473105667,-0.5016138976020952,-0.6778333711269118,-0.7485724851178134,-0.7466877003324834,-0.7197857724378137,-0.5938887493257191,-0.5059586084311524,-0.4244976920831027,-0.4117289452235195,-0.4060905418005199,-0.5321230812209996,-0.5957586749643611,-0.48126045687223235,-0.41508689775597507,-0.4411458479846234,-0.3031720832947347,-0.19811895575384308,-0.26568134800289417,-0.4728645811305035,-0.6677961253213648,-0.6734212554996284,-0.5377532140986675,-0.5135365538075655,-0.5020523263231899,-0.5726193893983321,-0.5500361787029959,-0.42550129228802236,-0.27143396443234485,-0.28916670765810315,-0.2531744058484681,-0.13209076233461622,-0.13150470936010392,-0.14928577283405098,-0.08286525752887884,-0.045208527961950504,-0.15309609199426874
-0.78486682946498,-0.8638668288650894,-0.852691051353481,-0.7532845950737117,-0.715636220517331,-0.6861809735229022,-0.5301427618399898,-0.4140057736438125,-0.5308666651243884,-0.5217383351727924,-0.4023431820521974,-0.355796129162687,-0.48636451224327015,-0.4390753567392577,-0.3044997509137213,-0.2373869726610044,-0.22290050165742717,-0.33425717499781155,-0.4834254380465983,-0.5904213922439239,-0.6624760137338987,-0.698452909460206,-0.6975676361010864,-0.5103756331539363,-0.2136440567989976,-0.047581535130486165,-0.13489709000226138,-0.268598068076514,-0.551621083508223,-0.7170964221593548,-0.670715397137032,-0.4201902202187925,-0.25354600377804254,-0.3684486049768125,-0.5034224695169289,-0.4356435320588943,-0.2950099076522701,-0.3756180832681815,-0.6007076481688003,-0.7310853120340658,-0.7461966912426234,-0.7049287700119327,-0.7060432470019106,-0.6793484284569721,-0.676695427024683,-0.7001830585357853,-0.7502511208628241,-0.6369031797867916,-0.4176924190876119,-0.4835337570292439,-0.6465993570347315,-0.7200094742355341,-0.7129856905448886,-0.7943204551080613,-0.7976483184608344,-0.7177252945661271,-0.640923368288114,-0.6554550995190671,-0.6980905568439302,-0.5786487351407101,-0.3203687600234197,-0.3232681972520252,-0.5642740742025877,-0.750925510844492,-0.8195782964826474,-0.7834662383689774,-0.6971957457068585,-0.6194538029988038,-0.5536849123321762,-0.49375769654404056,-0.39720803549430383,-0.23166749401287431,-0.2806772409676865,-0.2713589124831842,-0.3936216519808236,-0.347895827793836,-0.22911738749288038,-0.018769841177916823,-0.007516712246677615,-0.19352232045946685,-0.1719325790884682,-0.06862517066421245,-0.1140097204789775,-0.19109595316167882,-0.4710829957976966,-0.7268467635142997,-0.8045206628597885,-0.7609556902851459,-0.6820752190552973,-0.6261218870618729,-0.537107574712785,-0.47763916831989456,-0.5773839796856718,-0.7191579383273857,-0.7785492055443605,-0.7540548931141676,-0.724740394423296,-0.5913584235846355,-0.4380591881050106,-0.4067437614535215,-0.36134266016800765,-0.3096463372082211,-0.3641136772915085,-0.39983342743918016,-0.31064773559121867,-0.4142342133060993,-0.5005950378211479,-0.41818929144498146,-0.40817590638428025,-0.45272029300670447,-0.5669013497268259,-0.7316467112442969,-0.7835083189647446,-0.7211868353724666,-0.687081544926462,-0.6912428154581153,-0.7257915522266335,-0.6291887016916685,-0.36436119033659337,-0.14676017744262893,-0.13710533047941392,-0.21433446149151472,-0.33267232256630525,-0.42927608618819246,-0.4092367357379588,-0.21186426007173714,-0.09544104902683509,-0.17665339828705462
-0.8698549128035973,-0.8825717846990864,-0.7749380965504759,-0.5612154869223871,-0.4876270304246704,-0.4844509014257499,-0.3849305075055091,-0.41619691242135615,-0.4875104595705725,-0.3483447037331211,-0.2263480589607502,-0.3287591910512072,-0.40932387125006625,-0.2877732877828928,-0.2803419990105494,-0.22764813146725232,-0.14074955071056064,-0.17266471319615947,-0.27980011570989377,-0.43351790379455724,-0.6366469513772295,-0.7792754538806899,-0.819231611534944,-0.6935391871721437,-0.44005603751656824,-0.16205543836507663,-0.04160301418987679,-0.12811475498252586,-0.43628156521897604,-0.6913976141644116,-0.7243875499901278,-0.5857635712843505,-0.43801818973645773,-0.36790249352532606,-0.36680005713058095,-0.2785167554639637,-0.2451002509888109,-0.3579294647199218,-0.5512706612481204,-0.7044443375780264,-0.6597802321435869,-0.4503078440844753,-0.39926724467096797,-0.4255064925914092,-0.6113557308140688,-0.7574505548214048,-0.7185338098261975,-0.38701035702730413,-0.037346479209141824,-0.16830943531421824,-0.5418027385669882,-0.7495304878989221,-0.790457588065795,-0.784670519335003,-0.6704271124212154,-0.5200171212318501,-0.39823935183924175,-0.38960601937865746,-0.4261529909464241,-0.33347997775456745,-0.17836140163638547,-0.28748558727215023,-0.5766444036336109,-0.6993818090222852,-0.640938074317747,-0.5368911296050894,-0.4913880710838983,-0.5313401848956989,-0.49564866481756675,-0.49436832194655006,-0.3412052180659111,-0.1798378637151099,-0.3460707891194891,-0.47767021676999394,-0.5835927140502368,-0.4768153420577473,-0.21381604874373164,-0.050621248190811534,-0.18721237628046117,-0.40397539191290255,-0.4338021125983181,-0.3197470837871704,-0.23554873537751714,-0.2758545204844079,-0.4299573025457978,-0.644584698769939,-0.7189882412843678,-0.7633329235804749,-0.7920122297301648,-0.7794528533559213,-0.7223929109658317,-0.6349539231645223,-0.631281031430316,-0.6663172161460379,-0.7041396251968711,-0.6810626953250063,-0.7258665952436896,-0.6576513744038359,-0.5162868937118763,-0.48102140288540135,-0.4277492587169738,-0.45265846602554566,-0.45252670466545997,-0.36109465516232886,-0.2873227655530807,-0.49567454354918755,-0.6575605595537076,-0.6764304071241769,-0.6651832813669099,-0.6163179986494496,-0.6091039216435108,-0.7569504562229267,-0.839971137080892,-0.8062649818784622,-0.7523965316049138,-0.7937708165418784,-0.8430549347513302,-0.7827480589438917,-0.5988749659989946,-0.4428813671335714,-0.44494028011300124,-0.5388462791851012,-0.6663214008953275,-0.7496032009657503,-0.725870046957814,-0.5985073148493266,-0.5272556460777345,-0.5709250323342002
-0.8985478253431265,-0.8507391618421216,-0.7037176549123777,-0.5140849365351645,-0.43359945698956964,-0.32986367329223915,-0.25334181958743607,-0.36624653802960305,-0.4995406591352955,-0.4153583520746271,-0.30972333860320295,-0.40346914867930395,-0.3865452003360673,-0.19564128664794242,-0.23897293182487017,-0.19629065013999705,-0.21425752349890756,-0.3410041534794119,-0.4598087792301183,-0.527329218525859,-0.5956547184638942,-0.7220573037389624,-0.7888646841421278,-0.7132062310674273,-0.5360435169686011,-0.24951266128602104,-0.14529054358654567,-0.22366741945797675,-0.3882444777963471,-0.6149022687356395,-0.6812581752131711,-0.6751531565069848,-0.6315686727079378,-0.5334451183923863,-0.40028807688503343,-0.30224884112868233,-0.2269232250187926,-0.27964251266575935,-0.39411268876406697,-0.5829086860533323,-0.5707528572511328,-0.32980862298342317,-0.19902437462807454,-0.22932407276299108,-0.4609850163487319,-0.6707637691377855,-0.5737611919074674,-0.11193397441074286,0.19520525350984674,-0.04321776223698335,-0.5108963397524239,-0.7888266011856198,-0.8524212535728846,-0.767520909317805,-0.550715335832307,-0.4112333260326021,-0.39041691434096026,-0.35854918503263294,-0.30251302400055496,-0.2889281733592767,-0.3574602617162233,-0.492225152286397,-0.5802032381322745,-0.4657539318991943,-0.2522639264333927,-0.1768873636739206,-0.33671018735576513,-0.47966477327130597,-0.4676427932759372,-0.4629865657514531,-0.3111382327098666,-0.245644958432721,-0.4449382564530511,-0.5948050911324793,-0.6903089604644254,-0.5748308529656254,-0.31005342633806027,-0.16694952135175709,-0.2685169672151261,-0.4546758148484125,-0.5412164209386049,-0.4663066914805856,-0.4241875095414876,-0.44438262744434165,-0.5361885530151015,-0.5800449926770013,-0.5019407428657151,-0.5430960750893025,-0.6484783749830854,-0.6730810644636164,-0.6541071872959195,-0.5247612661839067,-0.4716080526167191,-0.5154271775831903,-0.6638840830953905,-0.737419483944688,-0.7825885589374169,-0.7080497971573441,-0.5574930091333263,-0.5929046159493387,-0.6378957210227861,-0.6777195039474674,-0.6079916362726036,-0.4166499898601284,-0.38750099928358916,-0.5957425629288866,-0.7568609028413924,-0.8115458000756073,-0.7818208056528294,-0.6955065135186932,-0.6886172681504987,-0.7743986397899083,-0.8410376108470872,-0.8036592078655073,-0.7237562119858086,-0.8102776241961314,-0.876914064274277,-0.8252836229479167,-0.6960780917907652,-0.6110150578074215,-0.6758931343518942,-0.7655624174889964,-0.8383173681961318,-0.8838717044295481,-0.8707246548551625,-0.8367901859411639,-0.8196384737600254,-0.8257113529716038
-0.7352335596470662,-0.6179525923066155,-0.4403695475707779,-0.3060246229557692,-0.24055476540807055,0.004384590094156612,0.08193210806838805,-0.14105725097203867,-0.43585592960184094,-0.4866744278057499,-0.4515099531072892,-0.4167077075023827,-0.3194885484397512,-0.1411987382292397,-0.24060601029894757,-0.25401219611816706,-0.32789472854970536,-0.5431505504244506,-0.6393581551829342,-0.5459800995299533,-0.3980885956816944,-0.49248325146828303,-0.6227708302832388,-0.6110744738952394,-0.5485219667970083,-0.3509742637073268,-0.2753065032198211,-0.37277647894350746,-0.4311371881638519,-0.5195181505146124,-0.5232310679657385,-0.6053929023460626,-0.7097334812910707,-0.7086388140047198,-0.58137478734881,-0.42490786793028307,-0.33184230879453946,-0.2426745999472216,-0.2677820806582081,-0.45228001633484033,-0.5784623892323129,-0.48927470691482355,-0.2991502933032709,-0.13752041871671727,-0.30033764236193883,-0.5512912795902057,-0.5023305543588404,-0.1008130456069296,0.16240111814015007,-0.01887479865943646,-0.46279870888176333,-0.7602834501327749,-0.8738520085853871,-0.8378433124881276,-0.6924547108875316,-0.561123914263502,-0.47851411410236505,-0.3945660830058985,-0.40049415259127885,-0.48873978778479793,-0.5913067702974648,-0.6225388510831462,-0.46575618848010386,-0.1542941849895347,0.028738766909318567,0.0074993418773952065,-0.23500141367390295,-0.4005734741462588,-0.38382251848873344,-0.49830909187997124,-0.5241879905853822,-0.5387831819770927,-0.610808018793604,-0.6312342967721115,-0.6696010205777477,-0.5191653514048123,-0.26928969890277393,-0.14181632219198081,-0.18502573413702256,-0.31648186331471767,-0.43360992630694384,-0.3762470731567431,-0.4429453720519002,-0.49049171753902365,-0.5597315519636517,-0.4437264957189065,-0.21107956527866603,-0.122414498515751,-0.2661096664891091,-0.3146168947786396,-0.34873005216326564,-0.19627265193110757,-0.2528931204536938,-0.48528825023196237,-0.6996369055032493,-0.7831635937612855,-0.7975591649747339,-0.7280442009663589,-0.6084538090385584,-0.6644668510488233,-0.7725460766728122,-0.8325105506256331,-0.7554750363089449,-0.5555519911918029,-0.46848998246431983,-0.6153358126558996,-0.713559204608702,-0.7676307124894536,-0.7441175101252795,-0.651099176706131,-0.6573900877897291,-0.6799330946949371,-0.7742299509154431,-0.8014317281286263,-0.7715916146309878,-0.8282080771469329,-0.8151660621386473,-0.6603817375289746,-0.5277756780412847,-0.521528692498348,-0.6790453378440013,-0.7540559258637348,-0.772949616154312,-0.805726489341661,-0.8115504655252279,-0.8558199083734562,-0.8559874321952811,-0.8068520232990728
-0.42398504881986027,-0.2410577507346774,-0.05811548419846042,-0.07419654723271125,-0.06954917827299967,0.1576727922584667,0.16332717712538547,-0.11757104063425149,-0.42555539077746224,-0.4703132339691209,-0.40642667524930826,-0.23101203609874513,-0.15487540127244948,-0.10908647679322449,-0.28718805267204695,-0.36863861455615754,-0.5426991004059997,-0.7250401051287588,-0.7236333431946764,-0.5050331498710051,-0.261484801990804,-0.29187441735642294,-0.5060974709950348,-0.6215233160747694,-0.6151323430637583,-0.48789761472520116,-0.49641531929421356,-0.5154074316668272,-0.41297719360116547,-0.4075140480909268,-0.4253038455776732,-0.5158212506773452,-0.7137914940348763,-0.7787102314063096,-0.6468351148703175,-0.4370892800626059,-0.3970488851878062,-0.23887066713891886,-0.08272358745377907,-0.2577520685934828,-0.5427553251273437,-0.6308570431254675,-0.49525970708563166,-0.2813261326425404,-0.37577576685748626,-0.5320847174146709,-0.5509083598783051,-0.3375616970930598,-0.08864782853766615,-0.08316128558767683,-0.3369376014719545,-0.61081830651131,-0.8156432346411521,-0.8694481955377505,-0.7675120204314266,-0.5450988091271134,-0.3047097533132175,-0.1445197162399807,-0.2630122354863435,-0.48990842825325565,-0.613709935287068,-0.6017864156497844,-0.3404182413329417,-0.013067200705966245,0.11092832799193048,-0.06064403155210849,-0.27466232374546384,-0.4381730849964487,-0.432909557030094,-0.5860264245881244,-0.7092148011146789,-0.7606044235355734,-0.7635629907315413,-0.7426260215090899,-0.7038376599657802,-0.5560696892593755,-0.47346273307782716,-0.4352669855415397,-0.41722845473106857,-0.41681088123277993,-0.46477984754439744,-0.41525134117400425,-0.5218954475943555,-0.594056257515089,-0.5282382861539431,-0.20552132013367339,0.1437004215187442,0.2412062295302345,0.03411116877066034,-0.11717422628424536,-0.2113982331359433,-0.11737892323270793,-0.3005459640944341,-0.5528555535907349,-0.7008379427096829,-0.6964350119075446,-0.6720091834800932,-0.6299837385757053,-0.5216514544545318,-0.6033061107037442,-0.780772177345019,-0.8729880075173305,-0.7902723425734638,-0.5906193208136632,-0.5268005900101034,-0.5863545013572762,-0.5774481889550986,-0.6222026106835346,-0.6714065366173365,-0.6565747172405634,-0.5808800436737234,-0.45267979255168916,-0.5765778385956167,-0.6725903326960022,-0.6813869492986522,-0.7411110671476668,-0.6457709661895182,-0.3631344437083522,-0.2703790525896048,-0.41747765504825485,-0.5765906955327369,-0.5640375606863662,-0.534179833991151,-0.5973561499801324,-0.6409820643752899,-0.7641145090095063,-0.7671567758654237,-0.6534116390901479
-0.3472407820689169,-0.17195946113562924,0.09610761887761778,0.09889433428101656,0.00510963870168233,0.04502139387012452,-0.05391896042984008,-0.26711002071042433,-0.5397446529186009,-0.5638261557853553,-0.39421069273924675,-0.16453838076489877,-0.10985183724325369,-0.21234779820673497,-0.4406642234149909,-0.5790823488795634,-0.7337661306474839,-0.8233657177145781,-0.7376033510794006,-0.5092944412838402,-0.3517703435104666,-0.3180368341474001,-0.4756139627978156,-0.6656413702269999,-0.7471749923027623,-0.7295743091238809,-0.730526312584424,-0.655220568346047,-0.44705651293482523,-0.3310463194148388,-0.38959006265035334,-0.5516682561218846,-0.732280004705446,-0.790869972348012,-0.6654830859775196,-0.47778454682150706,-0.43844859241749595,-0.2304958574236784,-0.03699315147110989,-0.24219672266386968,-0.5241092385204769,-0.6920853427357794,-0.644124323414119,-0.48239736061834604,-0.48567597996493833,-0.4920179497546172,-0.520713163136881,-0.4259328592018283,-0.13105978069520127,0.05811288398529226,-0.08690379820090328,-0.39403515426823793,-0.7231718688005458,-0.8526659839162465,-0.739071005718986,-0.38141485590897634,-0.021878080155165267,0.11914207769008339,-0.027577152120113083,-0.36611255829313766,-0.5265488569891025,-0.5799947021333057,-0.43371817416221947,-0.22216851679780175,-0.150724609417463,-0.3676647842996898,-0.5576297834886351,-0.6378035827621442,-0.5838752444456234,-0.6210755536422914,-0.7199140354144044,-0.7616799340640847,-0.7338178909759683,-0.7694774890290474,-0.7866379212500583,-0.7457248980605081,-0.7347611012115752,-0.7023282806151045,-0.5959387470872023,-0.48842138421166464,-0.5548060529347526,-0.5477639218332085,-0.5668107575457364,-0.6032547222785355,-0.4619877470343247,-0.14741700759004328,0.15482794218993504,0.20098897976960295,-0.02492124043423495,-0.28474111600208923,-0.38085915449716173,-0.3127030937504729,-0.4547789827498062,-0.5825402219594809,-0.628946718400089,-0.534588499998356,-0.4969314622581666,-0.5269383979327926,-0.4857995877196722,-0.5362219508727804,-0.7463694852120586,-0.8275386514648304,-0.6719629623446933,-0.40413467054972113,-0.40423062848408003,-0.5161647337982596,-0.5334894003856471,-0.506128952226922,-0.5810505287146183,-0.6381751055210237,-0.5135207491368754,-0.2466470792299796,-0.2806834475830787,-0.37863569016394005,-0.41375104549126124,-0.5726139398043801,-0.5182962170819767,-0.262595440592545,-0.2027744414327459,-0.33576083831774955,-0.433412443480503,-0.33551749496239264,-0.3604142058235643,-0.45001026308141673,-0.581670374226621,-0.7390535182329795,-0.7772570914808035,-0.7052652632150755
-0.5782030142220722,-0.3505849248001142,0.006453194933964735,0.0738540549966412,-0.06273570044136796,-0.21929142616756353,-0.33492206022679255,-0.5040056012788481,-0.6849457447920654,-0.660996806391321,-0.4636810621322846,-0.36600417342239233,-0.34824354289835907,-0.375606093013822,-0.5178453199332587,-0.6105163668335571,-0.7352496087025613,-0.7921810277056555,-0.7193242846764925,-0.6154437606737542,-0.49937871230348196,-0.37027114115576454,-0.4560352005020526,-0.6949388529628854,-0.8347636667697534,-0.8601236482053678,-0.8264965412054127,-0.7180625460392502,-0.505392791947245,-0.4217649852899954,-0.4341946913980475,-0.5816932778081118,-0.6841030666915587,-0.7253144547281257,-0.6340955479028128,-0.549381721847327,-0.49519051797368197,-0.27716429178548635,-0.15821170872631446,-0.33976158107103593,-0.5094544097390838,-0.6697709708502101,-0.6773180663008939,-0.574261337806063,-0.5978252911481962,-0.5610186402057673,-0.5117668905947789,-0.5051784230366263,-0.28245244978853207,-0.02720549262231159,-0.15836897598873695,-0.45001332002337124,-0.7457472456652519,-0.8793849426411582,-0.7880095094279198,-0.4738974630199366,-0.14970496946179113,-0.08184571420776922,-0.18194396991674694,-0.4692668661003268,-0.5687211242820914,-0.5030071297150734,-0.4050108564805857,-0.3654397258520451,-0.44748847390740226,-0.6131754219423093,-0.701949833471084,-0.6540514923695491,-0.495271641479856,-0.42624915147276,-0.49059019223726985,-0.5410207326524625,-0.5113343857972464,-0.6637212740386514,-0.7799411679889301,-0.8295288678233493,-0.8322485236917733,-0.7638436105682553,-0.5925901410378106,-0.48339707274947896,-0.5543947762102948,-0.514095358860103,-0.4216638761008163,-0.46301249899908375,-0.3351424439770221,-0.19347108748637645,-0.1608070286512357,-0.2570250311258638,-0.45300542437125746,-0.6208386504472567,-0.6558211399336952,-0.6135873072592672,-0.6284255505590793,-0.6030114628005663,-0.6298563727979635,-0.5821827778248256,-0.5061858000595878,-0.45985757170782704,-0.44972807836183776,-0.5549358565901275,-0.7369303241653137,-0.7603468021210743,-0.5401408520226157,-0.2635000338016565,-0.2581347963359874,-0.4282279888912007,-0.5563965189617354,-0.5639964165438928,-0.5791328825506553,-0.6570499826638853,-0.5283947536003969,-0.1769984056569382,-0.0277811163684465,-0.12103686797222911,-0.2534047138161511,-0.480565175930702,-0.4849684963318377,-0.3501514689160015,-0.2495404509873764,-0.3099239902164853,-0.368763146595861,-0.2176024719191099,-0.1944451274258592,-0.24156861429800577,-0.43786897295719845,-0.670399232881454,-0.8079460238190839,-0.8349505959339012
-0.7099122051913974,-0.4242825413171284,-0.029357859894780045,0.08513486344423206,-0.18851566579178694,-0.3972216893435216,-0.41737267398723105,-0.5433843915080873,-0.7167167453585348,-0.7200255798645492,-0.5955979967225524,-0.6026476741128203,-0.6273378866076135,-0.57987039797559,-0.4959250725556039,-0.4360318120173799,-0.5441755867735116,-0.6461782627729398,-0.6401329708609894,-0.6942877793009845,-0.6740139356392868,-0.595526225095092,-0.6501832226944049,-0.7892776549352692,-0.8372386060897362,-0.7909908834965985,-0.7272572013238684,-0.7257446882892383,-0.6790104693956139,-0.6629266230323431,-0.6538248561943775,-0.6564404338961989,-0.594202478950489,-0.5883200690330813,-0.48211195045265676,-0.5015431893595499,-0.5645357632142148,-0.5074097533233244,-0.4986324866714311,-0.5981572410476875,-0.6468502509290516,-0.6853821184170238,-0.7310511548880984,-0.7291834086733506,-0.7339364942594112,-0.6529835171860832,-0.5784956354197168,-0.5915743474897435,-0.43481776366451014,-0.18869617939554664,-0.23592786898274956,-0.44812697646493954,-0.7046428912636972,-0.8553824840520243,-0.8125049307257272,-0.6148033110747262,-0.48451524838219656,-0.4968836946233576,-0.5753833925255115,-0.6802744702017741,-0.5730754577931332,-0.2791581292294662,-0.19978127662425582,-0.31262715274568614,-0.5063964828715446,-0.5836776100834566,-0.5473203012380625,-0.4014726033823142,-0.22094645614633765,-0.21545506383955365,-0.2149877542044403,-0.3222142202567393,-0.36002261897280996,-0.5352284582149622,-0.6650957880534455,-0.7508606337661539,-0.7245673598000638,-0.6098840838024339,-0.3853745255577111,-0.28515524900873523,-0.39419272704498176,-0.3406905600417541,-0.27675915872237944,-0.3938393594028391,-0.38867244086785213,-0.39455755125806785,-0.450269739275991,-0.6035336917063211,-0.7460103585754474,-0.7969492117887633,-0.7601845188322792,-0.7631377423811366,-0.766537783104399,-0.7053741601813319,-0.650620158390811,-0.5764509682960115,-0.41076288045134485,-0.29144625827874776,-0.3054955771240886,-0.4663182799224745,-0.6530707224001367,-0.6870065752778182,-0.511962444482978,-0.37754901515738354,-0.36315023448559697,-0.42508715350350057,-0.5948880108892065,-0.6685789420494221,-0.7044458397771701,-0.7493781014216184,-0.6664081794094376,-0.38600141125351867,-0.14093689102612228,-0.17988772044245566,-0.3821180075836079,-0.5366425791467879,-0.5090796056844618,-0.5280775713521435,-0.5343239125003976,-0.5490243912749894,-0.4804535407871656,-0.267097676119321,-0.13507604196268078,-0.13993278999948,-0.2803041097444173,-0.5461889086728826,-0.7850015192277529,-0.894433899638588
-0.642543137976429,-0.290303285631671,0.1041928212717987,0.12658504420427732,-0.26950075085854497,-0.49473118797256616,-0.44727430785101024,-0.4733744075858472,-0.6609702967341091,-0.6942647226120882,-0.6053257437667724,-0.7002703499066323,-0.761427512947492,-0.6596238754168919,-0.4114019123105194,-0.2966006796403061,-0.3706681258824385,-0.545068075284812,-0.6481532839541504,-0.7425222763108632,-0.7277940104735738,-0.675663586642994,-0.7384822160758366,-0.7573147315029902,-0.6054038172175312,-0.42520036624196,-0.38368922206455913,-0.6060545509891039,-0.7609356195312608,-0.8303113411554948,-0.823498658104644,-0.7492167845506146,-0.6112475449124396,-0.5438475816052336,-0.42246072738626145,-0.4330490353877197,-0.5670308884310228,-0.611849407838031,-0.6937472993640644,-0.7622176777136085,-0.7371822593859718,-0.6833884415840646,-0.7647450189675696,-0.8097087151697583,-0.7683960682676318,-0.6243449847673208,-0.5385999301258244,-0.5903022466412693,-0.4900746244499278,-0.2984154827396885,-0.19558425157175838,-0.2885358334118921,-0.5164014009899913,-0.7282554003949064,-0.7437435698174363,-0.614534082940909,-0.6362670313407655,-0.7167516926134677,-0.8037257041498042,-0.8143144743258243,-0.6055033032819389,-0.26190513617506506,-0.28923902322089134,-0.4493142649053624,-0.5348594446822865,-0.4452628688015474,-0.30279296613688045,-0.1576773599791415,-0.11216252187101389,-0.1908056567827732,-0.1521797589323878,-0.2645509555536059,-0.3652239753530234,-0.43907881013439004,-0.5060885589144059,-0.6041612743449037,-0.5321839160307625,-0.43847983960808556,-0.33716768483034976,-0.2393585077236291,-0.23848387167078341,-0.09649168532437287,-0.14550493518233357,-0.3292900072344394,-0.4036743775099874,-0.5040372181023012,-0.5670336580165951,-0.7407044732360567,-0.8427938949573679,-0.8065430184295023,-0.6993034074664191,-0.7648120770390654,-0.8114492453308957,-0.7514346016911658,-0.6173108309384742,-0.50816918924609,-0.3188734831811491,-0.32761547714591727,-0.37240330352209305,-0.401227208809343,-0.5227855546138326,-0.6367810788381109,-0.6014073263043543,-0.5238413933870975,-0.4855069225953545,-0.44722668513121056,-0.5419045531327001,-0.6025275961468142,-0.6541286079640739,-0.7086282931202434,-0.7329495021087035,-0.6195991151862408,-0.5076238254941701,-0.5477484680830619,-0.6622750687612183,-0.6894906020262813,-0.6295622147439941,-0.6941334884441894,-0.747121253689706,-0.7085043259107062,-0.5440318075768341,-0.3438437592859396,-0.25892932421113773,-0.2008873789956201,-0.31887848579555184,-0.5068080462229149,-0.762747967540526,-0.8909493961633824
-0.582805135422537,-0.34132158951941766,-0.034524464598466253,-0.049944248115353716,-0.3897669731844403,-0.5528857318329367,-0.455254974128881,-0.4801251187942039,-0.6541258291160111,-0.6961548904881582,-0.6442885864962361,-0.737497444077285,-0.785553996269385,-0.6756913601431389,-0.41573994802694664,-0.2920484209725714,-0.3784122146103594,-0.473884362890252,-0.5653092139072835,-0.652578547195207,-0.5981243418858088,-0.5450883200698263,-0.6363548482520794,-0.5195958137693768,-0.127520525441993,0.09110002109349888,-0.07706797212526362,-0.49826263719375813,-0.7610087568862692,-0.8687311930926696,-0.8517194037741715,-0.7390103997928577,-0.5606749677503385,-0.5220491116603246,-0.4527986048811078,-0.5256347707327395,-0.6174309385599934,-0.6355215035746449,-0.7618798039232776,-0.8453795315491257,-0.8392951708275381,-0.8053389737798715,-0.8352587525696125,-0.8295351071637663,-0.7507735245870397,-0.6038269945412891,-0.5962427830465704,-0.6132086695928103,-0.4707296396295784,-0.32204355972791454,-0.22524135333380704,-0.25297275444322015,-0.34999987442000274,-0.6059904924821421,-0.6862768565135354,-0.6007375571602679,-0.6124242226755869,-0.6917174173056702,-0.8202383306684703,-0.8452015061281875,-0.6650175311558374,-0.37873634272115886,-0.43713762296010417,-0.5757144363463186,-0.6050489603252425,-0.5509977577270383,-0.4416586346507197,-0.33778075381422945,-0.36565458092708264,-0.3823010241916368,-0.2580590639324625,-0.2823484885472754,-0.39140258880605827,-0.3938310123667118,-0.4988920236873875,-0.6010394542567188,-0.5137912915633371,-0.36865168261687736,-0.39386854269357763,-0.32124442327502384,-0.15443975527311807,0.06647945457214918,-0.020287337204767632,-0.2941063409490553,-0.5165232732013535,-0.6735636556376986,-0.7553873418306626,-0.8591934745719543,-0.8938943631033139,-0.8086612045652826,-0.6886375790417101,-0.7622545499834954,-0.8410221603026506,-0.8319871057874102,-0.7346350817565221,-0.6010654409498773,-0.4434971115710515,-0.5214082848263406,-0.5487164378008859,-0.43919756915032393,-0.3705065621815996,-0.5268451110666639,-0.6000840805593713,-0.5187074733934174,-0.418719041925586,-0.25115158328032106,-0.2850871495826303,-0.31326017992847943,-0.38280826761728814,-0.49536210419267984,-0.631057965345739,-0.6178496689148276,-0.6481816631118793,-0.744916491351532,-0.8014808807040759,-0.7433597351508623,-0.658890269186576,-0.7615917983012078,-0.8295348529853083,-0.772439949618473,-0.6100733266768786,-0.5343974834992775,-0.4701597518060133,-0.37142704968564016,-0.4622553666535224,-0.633396093230181,-0.8105851248370884,-0.8835772400542691
-0.5047702668670618,-0.4585137281699057,-0.36879742158608203,-0.37771912587205014,-0.5292858000800201,-0.6192264691462257,-0.5323349061308197,-0.5082456153237103,-0.6494456498073752,-0.6656446070951368,-0.6055222652803637,-0.6858688925024233,-0.7015076689816501,-0.6213807913194547,-0.4326572452982165,-0.4265010922735333,-0.451659972458775,-0.36493459868555866,-0.3783316424442393,-0.4899056008712507,-0.43029097775276387,-0.41880600736756496,-0.48316604277430714,-0.25571426967249905,0.1860039349214564,0.2802552617833605,-0.09578481204870441,-0.5145537308159629,-0.7153561054574562,-0.7962569370991528,-0.7460875355181465,-0.6444208362888401,-0.5429407878174244,-0.5978616719887752,-0.6470417028190714,-0.7223360778403989,-0.7721555893388578,-0.7843481350333918,-0.8558862446793932,-0.9091934556170718,-0.9116681486262471,-0.886963042715093,-0.8511175377638787,-0.7925179759978347,-0.7679300311937016,-0.7316562331859026,-0.7540521256730753,-0.7371308814494149,-0.5722334775991735,-0.34677094469854447,-0.23792352517449422,-0.3012376321189149,-0.3758917338706329,-0.6045799216427974,-0.6555762339533117,-0.49268710499121743,-0.42062036596578667,-0.48727599445086817,-0.682977148232277,-0.772498489793144,-0.6738005177111221,-0.4451128142955267,-0.43369864250400253,-0.5507275985287272,-0.5748467612112396,-0.6068247746600494,-0.5788159609935908,-0.5145085210755683,-0.5712369604242781,-0.5158750147885247,-0.33311654736007423,-0.4061479519572752,-0.4733714106009997,-0.39926914105875916,-0.47761254927924673,-0.6180499404425691,-0.591506154236627,-0.45701472266005505,-0.4615893159978886,-0.32444920587913845,-0.12326385813600324,0.0041416572204918236,-0.12174814301691456,-0.333771071876172,-0.593325534929546,-0.7768180901913605,-0.8730546686642265,-0.9315023584748416,-0.9154880170848971,-0.7866089060115384,-0.6301648428119736,-0.7178691738408786,-0.8184138280676516,-0.8643970496759106,-0.8333504150923118,-0.7504890937498496,-0.6878109672873745,-0.7122479888540055,-0.6303707811178748,-0.4088155256832609,-0.251096992476926,-0.415708405691558,-0.5961361583258725,-0.5654902443100133,-0.38855466355114004,-0.17939978895244116,-0.15486477866545514,-0.17403673431382874,-0.192319735735794,-0.3917186010442581,-0.5007543122945027,-0.4186379074608865,-0.5053452681096182,-0.6581182449076808,-0.7196388604594192,-0.6924015540192701,-0.7084248453739111,-0.8043397447689776,-0.8558725848069563,-0.8406869310969246,-0.7579041287622242,-0.6671305621098806,-0.5016928206966117,-0.2950950042041472,-0.4095437695362475,-0.6550137126099913,-0.8177536568080315,-0.8473670783567906
-0.44385594367830583,-0.44133240141447705,-0.47372300146114754,-0.4678637981008779,-0.4962141414467125,-0.5462478182648421,-0.4936949494249242,-0.5321215609353945,-0.6427158114496265,-0.6501302660438151,-0.6482142557199974,-0.6755052762128106,-0.6275828572762281,-0.603410140665174,-0.5289618508605356,-0.5869341277455208,-0.5692764379800032,-0.38999231782205007,-0.33923448531757444,-0.45647552127103674,-0.41714557695027416,-0.32398986582877803,-0.34904395676588285,-0.09413782844283099,0.19372555157371943,0.11621944516166477,-0.3037005553540949,-0.5921951597743993,-0.6497463861548114,-0.6737067719242897,-0.5343758648172421,-0.3963567549325146,-0.36321640976920033,-0.5605358320430912,-0.7279389272274869,-0.8166689422548977,-0.8668073328882773,-0.8890617854430366,-0.9208056652740731,-0.933802398593204,-0.9128650660431554,-0.867280849369839,-0.7755489789259657,-0.6950755476206909,-0.7634748545315029,-0.8288241389735239,-0.8763029212039078,-0.8523409346752938,-0.7149335689174768,-0.5305916454654663,-0.41048231864412726,-0.47111829248508746,-0.5839852258248588,-0.7379436122457497,-0.7341910032957933,-0.5202335504013547,-0.31178472481634667,-0.38042196472401163,-0.5143410092038879,-0.6003087448595695,-0.5422932283768054,-0.2850181077349682,-0.22803233690354552,-0.4338372847031399,-0.5482886086342881,-0.5918685506221157,-0.6649292091365621,-0.6932664124446549,-0.704565139197838,-0.6085726390478403,-0.4361792406581665,-0.510023475785583,-0.4669269267488767,-0.24699825772416473,-0.31744690494784744,-0.562804760403515,-0.6704689826829208,-0.6111462560847504,-0.5227172629378354,-0.3294651689669309,-0.2812684075984661,-0.2617841123233834,-0.3355254358664234,-0.4734303091715107,-0.6132055345069816,-0.7640857029948529,-0.8803875359772204,-0.9445238584811557,-0.9232215636273644,-0.7925188581103092,-0.6373060660368138,-0.6678723100489884,-0.7129506367295003,-0.771946542363072,-0.7902235592925139,-0.754974750383587,-0.7541438948426081,-0.6947751309273328,-0.49831847384070216,-0.26239823197514023,-0.1795987723296749,-0.33717358967236993,-0.578121227414466,-0.5927208456677653,-0.4583759280953087,-0.3968441623103928,-0.3528669457264705,-0.2490710151397475,-0.19685859054665963,-0.3919167595210071,-0.4705933679594944,-0.3116030471813005,-0.25281720140008584,-0.31818987471993654,-0.3862696752084434,-0.4637029322873316,-0.6138116433827794,-0.7168009960292986,-0.7650596170725704,-0.8149853865901632,-0.7736025234964387,-0.6097244111896404,-0.36728451360196007,-0.13888257355771724,-0.25922907770620635,-0.5991096715289687,-0.7979696871611968,-0.8278942270399396
-0.27357568720414654,-0.2524786532552996,-0.40149255300617775,-0.4355881622676668,-0.42676590569284684,-0.31909936995978194,-0.20918684766815643,-0.346850261050859,-0.5373667457105032,-0.5908164120944617,-0.6887198781418142,-0.7511943576051177,-0.7267808890016677,-0.6778751762321664,-0.6081426170411948,-0.6824842872416822,-0.5982369593678097,-0.2885915792804751,-0.1904407443324558,-0.4041987661638269,-0.4634829352283752,-0.3901407711456836,-0.3807145259918224,-0.17865616551096064,-0.08539916717861017,-0.2930814287190387,-0.5943461621686476,-0.7109222872728231,-0.6944551848033956,-0.6619834572817641,-0.44920475420274436,-0.15166098795576818,-0.16641834691866308,-0.4200631089691988,-0.657030483557498,-0.7645854031203497,-0.8591598661418216,-0.9107947122477476,-0.9232517327005483,-0.8912302529647074,-0.8067892689095814,-0.7231778331781807,-0.6354098540371778,-0.6568363857504472,-0.7613435694255147,-0.8601355382503909,-0.905736101916882,-0.8496321439156673,-0.7064521614091712,-0.572380590488835,-0.43518728968740467,-0.5030137933559263,-0.6768844850317538,-0.8252848959752851,-0.8177196289917265,-0.6257612209053889,-0.39668735478138,-0.4060967760352605,-0.4125689304491553,-0.46241621545432166,-0.44700096291794794,-0.21068527951022303,-0.1332201523236532,-0.3255963285301092,-0.4528443368490781,-0.46448657669965915,-0.6394256899236027,-0.719615743454576,-0.6812358192214103,-0.6261153894896114,-0.5485832562325,-0.606450328298779,-0.4972193846653122,-0.21773568943197655,-0.2682118577731154,-0.4630527462095469,-0.6211774228430791,-0.6076993586120364,-0.5422554585000717,-0.4034772419401439,-0.4168340554951915,-0.3953469046609658,-0.4131941485394693,-0.5002979794882931,-0.5000151131329872,-0.6110877916777583,-0.7732432283904356,-0.8931824844082857,-0.8991246028777637,-0.7777028585101067,-0.6107353980374784,-0.5907948365275708,-0.514891290351741,-0.532528060253265,-0.6091193783981315,-0.6151008218356175,-0.645818964972597,-0.5049386091369044,-0.2751409501815682,-0.20625369786788397,-0.21510346774293887,-0.40883745153188356,-0.597409731768133,-0.621704940815203,-0.6186843345032469,-0.6288441162228487,-0.522315434832598,-0.2932731763827603,-0.22757881150275835,-0.40413922141920394,-0.5476003975379996,-0.40577106942036034,-0.10138159427104051,0.10234458335954157,0.022649611324175232,-0.24817524575791053,-0.4311308159567064,-0.5146138435453912,-0.5749836306039807,-0.6909776079228964,-0.6621695999976269,-0.43744534494163306,-0.22301688585789634,-0.12218630432970694,-0.2785908679392396,-0.6121638137459742,-0.8035138924648774,-0.8206251052184628
-0.37143693369115016,-0.3045820197223713,-0.48078604847014156,-0.5190409881907175,-0.346602618952785,-0.060607506468725196,0.02890333361366345,-0.17464921706381,-0.49898961512052503,-0.6547372960958773,-0.7617338740910461,-0.8398904546382873,-0.8547992912289789,-0.833071530023903,-0.8080031314000198,-0.8179895952815294,-0.6396069383572156,-0.2596336580722001,-0.13466790608983437,-0.3891265339457849,-0.5270667900953001,-0.5265741603550651,-0.40494348011073117,-0.16310125815086143,-0.22356758914674107,-0.5314564225689974,-0.691598209144903,-0.6102324327692019,-0.5444024853001693,-0.5518701420686021,-0.3517409926391382,0.027961260220696,0.024609734295402544,-0.24927004593577343,-0.5452191428736519,-0.6670497934901954,-0.8138231712877179,-0.8825933725777171,-0.8751873390939338,-0.7966318383134801,-0.5996619505133604,-0.43794316433848335,-0.34895688832683863,-0.5018003265214129,-0.6485110301610327,-0.7837748143621021,-0.8307657458559262,-0.7349369242103223,-0.5777213489934665,-0.5438207716970973,-0.4641716645068147,-0.4751497766482156,-0.6713156008787676,-0.841289251494486,-0.8668845951530391,-0.7626524391965998,-0.6532650574116682,-0.6515350762405605,-0.6438150657460517,-0.6246309000239065,-0.48155321484042624,-0.18004064656664612,-0.18176285348462118,-0.3192730779316724,-0.4564791754325098,-0.4818045136157909,-0.6474987114078066,-0.6619651418042541,-0.5239032592063773,-0.5424235519808167,-0.5602982177624763,-0.6727385825514409,-0.5841361488563607,-0.2894747522895175,-0.20312851212620778,-0.2506368519893702,-0.43172363872945796,-0.4602815232293746,-0.5266359065332656,-0.5344053880581495,-0.5357490487866295,-0.4982825962105122,-0.5635278800773071,-0.583939987127801,-0.46529978109884357,-0.44675967122028726,-0.6141142657503108,-0.8077388733671672,-0.8724405562490369,-0.8161616541640098,-0.7289092249959309,-0.6414843102183072,-0.42993507905616857,-0.28962802276500005,-0.4547264666451294,-0.5712455268350731,-0.5898840519815548,-0.4004022072850883,-0.24226244067885344,-0.292328768166828,-0.35245342353407877,-0.45003790882720546,-0.5416512406366993,-0.5514031365927311,-0.6541757410595782,-0.6967542799810449,-0.5331275582776436,-0.263339772820985,-0.1544401527961028,-0.35386226049635305,-0.5834435495464751,-0.42053453600218554,0.08346964464430529,0.3520041445890549,0.19081349532819028,-0.1475691171622664,-0.2925555537455086,-0.3871894531046885,-0.5188105203568635,-0.5982294464594131,-0.5796072066274495,-0.4263697104908747,-0.29599120561841746,-0.20254026264582464,-0.3435115703505191,-0.6712348363576149,-0.8602847786861025,-0.8861188206753453
-0.5330246214532697,-0.4758450468960805,-0.6040983409335524,-0.5819092401160152,-0.2923842578009276,-0.018185771670559448,-0.04471646322082997,-0.26655204114198666,-0.5681261114276124,-0.7148746820032841,-0.7897687456650069,-0.8792312783264792,-0.9286225496965966,-0.9432119220783871,-0.9404220886150622,-0.8839080277399995,-0.6117074129340131,-0.16965020742780462,-0.11665991311742907,-0.3758454060387146,-0.5073899157746826,-0.5506681727186425,-0.395349283741935,-0.21461613300341076,-0.39729926158982565,-0.6517595168729969,-0.6218856588266586,-0.31112716020965375,-0.20350036257442836,-0.33175756524889777,-0.2537793286931238,0.04253123796765063,-0.060977086989432286,-0.3585978376777797,-0.6303731546918439,-0.7514531397285558,-0.8440745839834904,-0.8639539275080221,-0.8297938028795798,-0.7512966574645351,-0.5188667795360629,-0.23966672940535366,-0.15603274873739278,-0.3452640739658959,-0.47571402478670466,-0.6465065347468408,-0.7221919917490945,-0.6343963208062596,-0.5305182457357117,-0.5432746092500332,-0.5103777612299022,-0.536282358549774,-0.6787571821339327,-0.8337400623385897,-0.8707754627173122,-0.8170551549468121,-0.8020814297117347,-0.8298428172131065,-0.8300253362344722,-0.7652623268041627,-0.5363137222412446,-0.212162477473882,-0.30172539016417493,-0.4820920981959683,-0.6158820080939698,-0.6660026176048578,-0.7441794955159807,-0.6730696016897422,-0.4919903326614465,-0.571969499173008,-0.6794592545644191,-0.7849581834679408,-0.7053783737060827,-0.42630311300592455,-0.18311087687318472,-0.14932999102271197,-0.333553168759128,-0.4025348807815903,-0.5023171074853452,-0.5952255792332654,-0.6275111689299933,-0.6495867365214647,-0.6998189569757174,-0.6465733604416961,-0.45132396076089465,-0.41225876820601826,-0.5120186566720932,-0.7420118693682337,-0.844094752037906,-0.8291467251203709,-0.7963797214767108,-0.6677983716014579,-0.3656923141593685,-0.1488272209574973,-0.3663086821320694,-0.5584571490050384,-0.6412728764664787,-0.5391347188823352,-0.4214451340566768,-0.39615020476,-0.37762433556133634,-0.36942351042649213,-0.4586379496275623,-0.5325725523512566,-0.6355537815005831,-0.643526196626432,-0.40754017089851463,-0.17576245302709742,-0.20100803704548476,-0.46876358755604974,-0.6562723424448208,-0.42192666871443746,0.1449361686540317,0.3429994905387058,0.06985287157510765,-0.26038803589162596,-0.4216879016455915,-0.5024492519905486,-0.5492429880299422,-0.4924292456009295,-0.4596292014317172,-0.3793977829558949,-0.4115748524601223,-0.4402902444609441,-0.5767425617134212,-0.8066004165203666,-0.9372963098799552,-0.9490446177952574
