-0.48088892142800266,-0.031596605790085566,-0.5825884460397653,-0.8185535410092264,-0.6999614420252249,-0.5672270871322291,-0.5754032667358825,-0.3372752172366463,-0.6477321712883075,-0.5427638920199823,-0.34127656945371987,-0.7526975563169774,-0.9160977125542272,-0.9639588583444375,-0.9709804414956714,-0.9152720021546016,-0.5998667703031575,0.29655846991124596,0.2550281595824818,-0.4867930275080602,-0.6598847784006012,-0.629520858010422,-0.14745163445111784,-0.41896615455924185,-0.7252102574384995,-0.8502571801405723,-0.6132584773740979,0.28110887316555794,0.38012156221825766,-0.00026622832035666467,-0.4091545756006769,0.020644047787435216,-0.30529306868938966,-0.5539789554679785,-0.8207594474399943,-0.9078100223017183,-0.8502989178494844,-0.5690155578970207,-0.34716447010256307,-0.730377330853293,-0.7099981314960835,-0.45385701753497754,-0.46644840301817647,-0.4968932292337576,-0.4243322884946606,-0.25227357224330493,-0.48872945583769783,-0.12352525780154,-0.12286316066800719,-0.5077774849760168,-0.31675393219221615,-0.5231922346103893,-0.33285968712818204,-0.7166033399451445,-0.7398883822895308,-0.4433216703654819,-0.7716021304300853,-0.8545614985910908,-0.7880177325560797,-0.8519335401625084,-0.6461998492300945,-0.05116916137073946,-0.4284842548949296,-0.6958951904656184,-0.6970741992667301,-0.8294348525411054,-0.9412689287063833,-0.8977497251840575,-0.7167808578060965,-0.8395254689532772,-0.9005184855368862,-0.8984557137480031,-0.7763835510419831,-0.7474208177075722,-0.6253562808297644,-0.4979636084644267,-0.39403347916510234,0.016315943049958197,0.1057154513003832,-0.4147613233732365,-0.3347622879488909,-0.6363112694617379,-0.7062869711071089,-0.7854390607219146,-0.7283333591417681,-0.7698234636656316,-0.716162428005151,-0.8422127978858625,-0.7477795374592286,-0.41210835388184036,-0.7375763287900704,-0.6725722138362581,-0.08542986378272953,0.14203177687126456,-0.32156296001880735,-0.16390012606262758,-0.6724262381585934,-0.787681625180324,-0.6663100001017247,-0.2150856759832192,-0.12280299872357385,-0.32837579491939395,-0.16328830343971143,-0.31324970548906306,-0.2742164299310249,-0.6868834673133601,-0.6451528111821485,-0.4692982080125995,-0.22660572782168953,-0.6816920395139326,-0.8072970024769546,-0.47568659920647205,0.10773587295252575,-0.09746507728812513,-0.4342172447102363,-0.2716173231085444,-0.4591387646086774,-0.5520883139780686,-0.6790286651015176,-0.5151694552855979,-0.2687869684686609,-0.4865049724177106,-0.6315439599929782,-0.7887972990776959,-0.84963707245388,-0.9352609476752771,-0.9606962106669721,-0.8496408118558405
-0.05054870271879508,0.32114229223699,-0.3378433993699612,-0.8004006055878731,-0.8450120887863967,-0.6927540346058263,-0.7735780551384395,-0.7384903141282413,-0.6969659682497159,-0.32738538161810643,-0.5855872775908162,-0.838809824888228,-0.9535102907464617,-0.9798482624741001,-0.9350460987453543,-0.7807330578819203,-0.5680008823520685,0.1567009327291721,0.13012422073536822,-0.605644873393047,-0.8177466324424877,-0.6732113557597793,-0.2097698524573565,-0.5724889708333322,-0.6435173042373316,-0.6593657588760802,-0.581556599782308,0.0034848712571503883,-0.30909701404286827,-0.5554169559866627,-0.6262308043773293,-0.2835942542016557,-0.01662474985386308,-0.17782942395390414,-0.7460324684509991,-0.9001875359701458,-0.7119893902254263,-0.152977339076095,-0.49649910263836056,-0.7342638916019593,-0.5805319071835157,-0.2539443714879804,-0.444495460939949,-0.046671415470570445,-0.2449643859393973,-0.31042173874198026,-0.39392103667760514,-0.3309404275098902,-0.5441813931981674,-0.7638062262232128,-0.7544796131964676,-0.7425676748964185,-0.5903171773729564,-0.7898673910209447,-0.8537870913746523,-0.7914229026324064,-0.8667233543988702,-0.7881495023915607,-0.45415963653865304,-0.7142269743388892,-0.5498556125853142,-0.2467823908214602,-0.1554282932300816,-0.48056607663374945,-0.18872204520126729,-0.6778963268660471,-0.911474551987767,-0.873228425931812,-0.742126606515977,-0.8707090233614783,-0.9229451216832237,-0.8089977899627427,-0.3976633529691452,-0.5989363016339081,-0.6941276750112643,-0.49606961368002034,-0.15961280356971694,-0.18442612400921743,0.15663625208826545,-0.47571968009109944,-0.5911032861188236,-0.4689753882814417,-0.24051094610728285,-0.573867383309414,-0.8014422687608187,-0.824078822017953,-0.7376160073012998,-0.79621643901575,-0.6245542417594823,-0.4866904553746113,-0.6993203133379446,-0.5833555514138759,-0.2868577273331775,-0.2141104059123132,-0.4343270381167137,-0.17796172254963016,-0.6181889959871597,-0.7086704424696064,-0.7577181263216232,-0.647102300851422,-0.6286382649744406,-0.697863983760789,-0.5296800509779913,-0.20639864206457736,-0.5595729634522224,-0.8238094411706375,-0.8714594116996665,-0.7311324984070547,-0.5647659456782573,-0.7729005879699974,-0.6941032307010563,-0.11259383821704536,-0.22140498735097563,-0.146643658515694,-0.6032642121633945,-0.5288128225052715,-0.0824904133474478,0.06854580162143688,-0.35477167983184654,-0.5042288799221027,-0.6122854235689182,-0.6409997306693989,-0.39043813536353517,-0.706689716140429,-0.7446168681663687,-0.8851287697844684,-0.9212861803873885,-0.7119773651891229
-0.3505293036420687,0.3418637126763724,0.013106894218782892,-0.6341365159391,-0.6523204934861799,-0.23313190348395002,-0.6997379522245325,-0.866170400285375,-0.8428595464455648,-0.7504851141752306,-0.8438951026116522,-0.9473302188703748,-0.9838103267864533,-0.9387034873095665,-0.8179523779568802,-0.4534767654174493,-0.6335356997224387,-0.5199542205153648,-0.6000508501086457,-0.8573104524107158,-0.8886062283379704,-0.7201618139325955,-0.6394158412594192,-0.5967463684377611,-0.11211522127491683,-0.007045689614191264,-0.4501779982034111,-0.42147098957215057,-0.6346823961343836,-0.6016653399889498,-0.44267116728203404,-0.10882501029702434,-0.39236627320936246,-0.6317658855010779,-0.8864392940721884,-0.9325337499773405,-0.7283555810374696,-0.2064258926062877,-0.5898664868115706,-0.6931440072484911,-0.32308893790440657,-0.5203454620404718,-0.5252445316938732,0.14486472976910544,0.357739106210739,0.25053386636950087,0.19809249660350306,0.11527329930728024,-0.5681772651515953,-0.8525379925996822,-0.8920093792298865,-0.7476216343551189,-0.390626117570293,-0.7722980352248341,-0.9130329220186031,-0.9098399114344504,-0.9379306812889479,-0.90273443509621,-0.7755333734813822,-0.6991117110468993,-0.18296151399194616,-0.04879513607972977,-0.4477424990340316,-0.5213072642187367,-0.08358977759896731,-0.4970951890969325,-0.7395964176687051,-0.5615874606851807,-0.32920533557301773,-0.767210806511269,-0.9277399777248313,-0.8739338216176058,-0.594341292227441,-0.3189275257620347,-0.5781627770657563,-0.2979430779788035,-0.4767368291363052,-0.47725605371390417,-0.11047501636323752,-0.6083981975918565,-0.5997334841591514,-0.0836241876063893,-0.30097893513145196,-0.27462808995626364,-0.6658641588613002,-0.58555084009989,-0.32067803581991167,-0.5095515928318594,-0.07543546000442801,0.06846559111070497,-0.3992287848380005,-0.024133002597162504,0.3391694479590104,0.2299317570400601,-0.4688058911523794,-0.5381225159632688,-0.497779848120359,-0.2651779164033666,-0.4890335086451147,-0.5345637108141305,-0.6244909184212277,-0.8081083732925816,-0.7573314734129248,-0.56010424232116,-0.7030428871057622,-0.7256630753296035,-0.7872336896409169,-0.5780757310138319,-0.3123071954270352,-0.7143861320255812,-0.67867320194895,-0.19659193122335328,-0.5552500069603902,-0.6867023003943918,-0.828802774314933,-0.7695106474235844,-0.4514585095030755,0.13018018261197276,0.11726127202552603,-0.08799474672470278,-0.6530546443394029,-0.8188907397623907,-0.7540044874305213,-0.7174647758786074,-0.4254582155524504,-0.8001404058151795,-0.9315402862434662,-0.8002005197378003
-0.536804332848692,-0.03279213484557715,-0.39603692250223665,-0.5085962199970429,-0.4023758188853299,-0.09006668125677712,-0.6645551160585825,-0.8464595258936921,-0.7870999039143175,-0.8559000326963426,-0.9081837321912045,-0.9299462994106084,-0.8833314698451452,-0.7855056424961366,-0.8333878083468864,-0.7076424719080507,-0.5889495117675873,-0.5879365439856428,-0.7675381097374087,-0.9043207645728377,-0.8195069517172412,-0.4506854496089899,-0.6756303740642252,-0.531168151245798,-0.18017739340098618,0.11211235496211859,-0.23148264111942737,-0.1839167954312823,-0.5177542582229716,-0.11247203439528072,0.13695284564668622,-0.12841522353860862,-0.4175719237216198,-0.765885907882331,-0.946150811405456,-0.9526164499206803,-0.8764944900370406,-0.6883344946789637,-0.6743091354888047,-0.6881881466339663,-0.4644538964123372,-0.5476113681258404,-0.5957358749427292,-0.1989049016573003,0.14135790563391948,-0.25902690753667423,-0.29400909049412377,-0.06295164183457226,-0.5785304662740826,-0.730300931036838,-0.7963385193113846,-0.6903421303972291,-0.673955509314077,-0.8621049878586676,-0.895476543200825,-0.7687860565240544,-0.8552154423515875,-0.9304632898907645,-0.94004091564429,-0.8750544385961914,-0.6127806663354756,-0.4665371171738316,-0.614883364173717,-0.506317621792777,-0.2539653601297007,-0.17206188636305902,-0.46620148883392076,-0.09272995416885207,-0.48829824004632394,-0.8251818766718125,-0.929338072037357,-0.8717426906922261,-0.6473441961965603,-0.6669407823889392,-0.7882604776196604,-0.6631148236087144,-0.6355227532451176,-0.7386760444786221,-0.7122731922520465,-0.8333052362839583,-0.6970114936696883,-0.19776418726424255,-0.5632962932330676,-0.6337653374030128,-0.6496229722483587,-0.3283088313473308,-0.514939870434073,-0.5344482979978468,-0.3785031834037222,-0.04604772487169795,-0.5248149755186173,-0.38161637462923564,0.2153797578898915,0.14922866467578605,-0.45490980160211375,-0.42480717179010224,-0.18475176456532577,-0.345076645577331,-0.06469551715223903,0.006863392515072938,-0.1767695209931795,-0.7048048033493945,-0.738963181512263,-0.354221505644399,-0.48333340030255795,-0.15878413615510667,-0.5063141379858528,-0.2846082299578141,-0.5528729081914205,-0.8191500439731664,-0.8551897528564738,-0.7422129678144248,-0.8525149612005735,-0.8631616810598429,-0.7428272204728241,-0.653647609789504,-0.6039620765143938,-0.3740693269822286,-0.4114324271231185,-0.46036156796185124,-0.7828989014133316,-0.9287898929874588,-0.9222598564735383,-0.8528055926405084,-0.7816062401263257,-0.9116334026217998,-0.9356086546262382,-0.7452162046880385
-0.5576321028176426,-0.6054709820283022,-0.5521293724787686,0.04435378520702165,0.07362226738349927,-0.2656171872009539,-0.69435058389134,-0.7272779751324392,-0.43141056036863024,-0.7235745305396271,-0.6882557288427806,-0.6157885526989952,-0.5116805334529487,-0.3360593095021084,-0.7101931994270645,-0.5762787757426189,0.015508576360963157,-0.03550897629014653,-0.5219278769751202,-0.8375372177213308,-0.8966567265300937,-0.7850983694901271,-0.6540958072013537,-0.05905781712866113,0.2042681603079794,-0.14134618504714944,-0.14285539899911623,-0.5385553305505084,-0.7025396848434007,-0.45216930638845126,0.13261126772930915,0.23928905421041102,0.1005960443873472,-0.6294913881621231,-0.8555788438441854,-0.784641638381386,-0.8533890266067725,-0.7374788441956022,-0.2851797236804556,-0.26691168688686195,0.15701545026294442,0.021120826686179844,-0.27726274089183506,-0.0066307844073177115,-0.24050451120574717,-0.5788096449632645,-0.5702707413746223,-0.5018897242077186,-0.4742393405577345,-0.23317263833372573,-0.3557530682761794,-0.1899896058819875,-0.5250751594314577,-0.797839361182681,-0.7074041551618073,-0.17525632016476758,-0.5162193014608102,-0.8408713334786974,-0.9578196451653236,-0.8458877688742095,-0.5052784329470797,-0.15256730543826258,-0.3160151194691586,-0.038053092789102835,-0.005927873323632832,-0.4382301946640094,-0.5528682260889252,-0.17779457784009403,-0.6416459855435804,-0.838699272185433,-0.7742996674120929,-0.6599238906720272,-0.1953296118931228,-0.6143585840953892,-0.7588560766215834,-0.5241711372653487,-0.3070748758325717,-0.7432431591757388,-0.8939499412622495,-0.9232012751717945,-0.8799530533953621,-0.7493779382680005,-0.7795066230789368,-0.6154001463166507,-0.5962627895372969,-0.6256770690088624,-0.6159432412187755,-0.3391426148880541,-0.5651963750010028,-0.48930769215128683,-0.7255489202513379,-0.6942393842836923,-0.37944289302955264,-0.41205766663175347,-0.36530887451242455,-0.017647885485700836,-0.40711586010209194,-0.6687097321103396,-0.6313288030199655,-0.579511329520616,-0.6727540677154199,-0.8763475745618837,-0.8992079001339669,-0.6834589414748771,-0.41006025940038926,-0.08404057967164899,-0.5413833379748628,-0.6152327195197168,-0.66116933693354,-0.8592542257169377,-0.9366685809924037,-0.9431954012433815,-0.9403474894544167,-0.7531663825742755,-0.18377553407435754,0.06945242769369031,-0.23618566754454276,-0.14067733100866867,-0.4371467243394201,-0.304596405144472,-0.7729385890009731,-0.9481576497092935,-0.9221023156976932,-0.8002330584760973,-0.8688964846337909,-0.9141785172377661,-0.7814093427612594,-0.27863921309942097
-0.4071645155096915,-0.6918840593469481,-0.5718870610245288,0.13778440201870762,-0.1535889910911371,-0.1699566787068506,-0.6450872774985053,-0.6705590867785565,-0.6784445580822817,-0.6587862763841903,-0.1569671513407311,0.009934950177357417,-0.07975288716632717,-0.5332741027080343,-0.7294812350189793,-0.4751145976039913,0.0028066507498650814,-0.26188745483832815,-0.274055598529398,-0.7765545011788618,-0.9403724611920717,-0.8851884075644342,-0.6000125576854676,-0.17212161311122712,0.1112408437116002,-0.46383792774196,-0.667391783923473,-0.7976581057088264,-0.7511372251821573,-0.7144842173290549,-0.5440021947141994,-0.3653388499467987,-0.10162733391567601,-0.6441052001615731,-0.6862690500054982,-0.2628824845084508,-0.6649934052759513,-0.7302604385211305,-0.354137337410116,0.09850834037560295,0.18711953132901724,-0.21598724523960508,-0.06430522340666361,-0.14339271973408418,-0.10963229160556426,-0.4950101092575497,-0.24869285703281657,-0.3488679830244758,-0.16444324757183817,-0.2741197839821363,0.07926679917466001,-0.24054400325716901,-0.25715358974800423,-0.7183974579551071,-0.6337704029402104,0.011010787769945744,-0.10205188233360084,-0.6857324772686327,-0.8279992563267985,-0.536785366753058,-0.021507054669782803,-0.2529734396789713,-0.14831289450967036,-0.3850809075506939,-0.42584519186144804,-0.7147308219936104,-0.8217022767511555,-0.7425956523263251,-0.8124822246671259,-0.7444424383696755,-0.3919871177891578,-0.5147381694550727,-0.1074155202668983,-0.4540794767992804,-0.5481103565688368,-0.10556729304508203,-0.489248087554811,-0.825545293069996,-0.8911733677079646,-0.7826761847622025,-0.8787477104942464,-0.8830206589917825,-0.6848385653222371,-0.04150501399135787,-0.11194929039529655,-0.5883379817245362,-0.6465797140028843,-0.6693416474626656,-0.6337445496198137,-0.25853212858617,-0.5419213911643149,-0.5800208872831593,-0.11395089956577378,-0.3920086838949079,-0.04645283365672786,0.08806094050179904,-0.4037789259189103,-0.7405477032651576,-0.8116138234112822,-0.7167320373793926,-0.820948199134846,-0.9424765103636661,-0.9183644642914731,-0.6757920386394419,-0.10703953026306784,-0.35874115804618867,-0.5218299842296649,-0.6139707455544049,-0.39550282394090686,-0.791714462076724,-0.9517295601680755,-0.9809962892986804,-0.8918613943750517,-0.6805023430301681,-0.39164471248208194,0.13936251610124883,0.009820440182811582,-0.4119007159397567,-0.525807414512803,-0.6663092990119779,-0.8921424932004336,-0.9573125614159486,-0.7971554926611556,-0.41222818393324956,-0.724778122982965,-0.7354487577701363,-0.6083149986539055,-0.022734578587118793
0.0004528755170760712,-0.41911377474620426,-0.46153495253119825,0.0980692246553225,-0.4282344591315177,-0.6252075202912817,-0.6992728215212234,-0.4183988881046245,-0.7373312404820636,-0.7614512679104073,-0.48687760192362084,-0.4728964352707391,-0.6112665895176295,-0.788550128790673,-0.7214020837066245,-0.32038509293617123,-0.4950856479765723,-0.6620715646741576,-0.7350377171246846,-0.8798041915547105,-0.9214233296230158,-0.7782068352778354,-0.13979895862324151,0.22204834672141566,-0.14042248824810202,-0.6736235674367799,-0.8687840367817177,-0.8116377402816037,-0.4011508845391729,-0.5657556019879219,-0.7485412715118223,-0.7837162942485174,-0.721921767350188,-0.8084479493499451,-0.6880709740040841,-0.1635688023136239,-0.44857325325689407,-0.6006105946470488,-0.17022480205423457,-0.21458849974639546,-0.44707025940836226,-0.6238591071055769,-0.47671643355174,-0.18857903297308273,-0.4716406652013311,-0.5567145382482472,-0.454912842873237,-0.2250371992593414,-0.49961446649485985,-0.4571772322659756,0.06699784793031986,-0.4576742993269569,-0.6927469040420106,-0.877745310803352,-0.7892236744437741,-0.45185766492728474,-0.5096613268115093,-0.6282097548478084,-0.6190649629673312,-0.11786879644093885,0.030706804386840838,-0.5061535073681822,-0.6365071919597484,-0.6419902231623942,-0.36175243404785873,-0.7349915107529406,-0.879967343371277,-0.8582127432674739,-0.7098784893187707,-0.6448815740994991,-0.6767596237904063,-0.736292409022042,-0.5322072120321769,-0.27253444155236545,-0.47911462494168927,-0.14456847865693964,-0.6406142619267486,-0.8610977917085675,-0.7357266052079316,-0.26480387507356873,-0.7125967790012697,-0.8735751379013121,-0.6902508701004864,-0.10646311561345688,-0.44101036339817706,-0.633156882850497,-0.36235897585045396,-0.6201053096669346,-0.5351854045481379,-0.31532994679843557,-0.19112623610358476,-0.4505573075391078,-0.15486484986375193,-0.588646817806289,-0.5886289021327752,-0.4535890307819209,-0.22355353138321754,-0.5182016796292054,-0.6440404807019089,-0.31140462075481534,-0.5814635250051026,-0.7695597797674016,-0.7306822866001463,-0.6274320421798858,-0.14492771424238385,-0.36829806165280493,-0.07258396691810534,-0.5364134905490672,-0.6982887942645468,-0.8954923995487125,-0.9745820797054997,-0.9087198961788802,-0.6494884796726813,-0.31957005704277675,-0.49393833234273865,-0.3559885563638063,-0.48635239337091296,-0.5316778172187856,-0.14764958542411155,-0.6479777345016832,-0.8892587334939593,-0.8986523181915687,-0.6284288489157496,-0.44085202347612507,-0.5961147635442121,-0.3635466526068635,-0.4856964620658087,0.06270275393656917
-0.2026067412527388,0.03205336453477564,-0.34387687327798283,-0.08077603847844343,-0.6371056775629835,-0.8584758320266536,-0.8884803735367635,-0.8168083285977625,-0.8757025518433673,-0.7409791807208419,-0.27718934239023446,-0.46601135261301907,-0.7531913206582719,-0.8512184416420816,-0.7248204413464205,-0.6561931744783003,-0.7013202531297271,-0.6790017575560456,-0.7718902975944536,-0.6788127293071348,-0.6757318365073133,-0.7515273139057435,-0.4545116381797963,0.1232723489772449,-0.0019690503172450405,-0.68291068316092,-0.9061009131112795,-0.882287920054844,-0.57459756427163,-0.1649046715672333,-0.6484292970354388,-0.873283141277816,-0.8709154603300249,-0.783215980284502,-0.7637011804602247,-0.46183808212618205,-0.11264789505674201,-0.5416641808271995,-0.39266377244791995,-0.0357798147514639,-0.5316401872458909,-0.6030911216900536,-0.5443044837413711,-0.6018118088577641,-0.6474457514291616,-0.3004930705289259,-0.43533393050715924,-0.6152838541661539,-0.7795008698809817,-0.6242817567362258,-0.12079463682354677,-0.607025176018993,-0.8623793669877926,-0.9129703048315339,-0.7759961428286123,-0.33207370193975083,-0.5262395027297869,-0.2824178556789618,-0.49424747148758746,-0.5421524567521174,-0.5755325672109737,-0.7705982895024568,-0.8508155804606047,-0.8670153648097295,-0.7232485108003472,-0.6294673766630907,-0.6641231042324575,-0.6666679349674445,-0.23544532163898568,-0.21891057757207744,-0.6614275601525632,-0.82494607614359,-0.8262974899997599,-0.7560421491939967,-0.7911827494317025,-0.72547935663996,-0.8682465623787419,-0.8861956468288471,-0.705009533629835,-0.23331167393028474,-0.7034579712413634,-0.8948202208723692,-0.8066190071084788,-0.5281514664264383,-0.6842259863443699,-0.7448039747780257,-0.5018782352243968,-0.4046964752202795,-0.06505152634957656,-0.02037999551489216,-0.41283027977964815,-0.5474131919387016,-0.5994978481263593,-0.7952918601611327,-0.8706231110749957,-0.7991110021570884,-0.5221999664197965,-0.13489977415050958,-0.4931466656467029,-0.3280459875052647,-0.13446293291204292,-0.36717955424877685,-0.2808500063527249,-0.6615277102761244,-0.638178681054521,-0.5083454431879075,0.08888700376096452,-0.3742494125428966,-0.7605712178594268,-0.9329502058560286,-0.9344203302042762,-0.7979982157036742,-0.37242924589288434,-0.4908673743201477,-0.3881175422597152,-0.1078857535200461,-0.4364046361986715,-0.4769000906608076,0.038038601830476276,-0.531860243365022,-0.7009266802946491,-0.6279574633359533,0.061056234510626715,0.1421246640406178,-0.5248757766471573,-0.6969965403867011,-0.7194158727658639,-0.46128078796147004
-0.0636511888113585,0.04178911612710432,-0.4914848670590307,-0.6474472135198535,-0.8708780170726389,-0.937209360340967,-0.9440810709835841,-0.9413277434315712,-0.8747664790144868,-0.6784029597775102,-0.43321131943870356,-0.10457530118307161,-0.6360210500073763,-0.7332295756433211,-0.35455159972068445,-0.4541737140959828,-0.367737093958674,-0.03457254517310837,-0.3500160546482719,0.11194134097098792,0.07083197232246716,-0.5997999769358526,-0.7389366543901955,-0.5449442626773014,-0.4353221594592899,-0.6783998895288,-0.7370358200304068,-0.8477091189798228,-0.6600074671576794,-0.11084212451662649,-0.498014471231283,-0.8063173574211797,-0.7887361199212136,-0.4618837078021335,-0.7304561983008203,-0.6157681484800138,-0.19957253582514137,-0.5636236550258669,-0.4001500566250616,-0.03503473018778337,-0.42986500433225466,-0.10349248592548727,-0.011398063925007184,-0.6011534075511606,-0.7753514607210391,-0.5232829024568126,-0.1367503803065527,-0.6404211856969138,-0.7818249009385796,-0.574080397539543,-0.36784808421075216,-0.5367900167459327,-0.7771785341690495,-0.7807826421810112,-0.8306063090721697,-0.7559566676301114,-0.7675926829586205,-0.5526775907461517,-0.3042150614661912,-0.6203091600545405,-0.601713948812956,-0.6144430816645545,-0.6966681299642565,-0.8389225517084465,-0.6421965582427414,0.0026061156761001594,-0.1052269401945361,-0.6209859029807593,-0.6428403454088243,-0.5876739992765024,-0.6014787790571419,-0.6938415030493269,-0.8606440380258923,-0.8879998541930294,-0.9025736356871137,-0.9148328703505054,-0.9067318944966665,-0.7952538498882868,-0.7943358192124645,-0.7119147206755968,-0.8679967799488656,-0.9294916896306823,-0.7808984548112035,-0.3176072091962091,-0.5353451365774841,-0.6183169286306314,-0.1580077827462303,-0.0613605294166351,-0.34546558595466836,-0.38420695822780304,-0.5390639709731452,-0.2815563130691834,-0.48197005556327327,-0.665941859653095,-0.8808681111783667,-0.9041993511063735,-0.6834106341145042,-0.18713878701269349,-0.4682346893719061,-0.1885246732000262,-0.3377880479217047,-0.1914178268479685,-0.5592708088910996,-0.8244990030442249,-0.8283233138624552,-0.6181629857549652,0.03922152028411662,-0.09871490654189873,-0.6958288515785638,-0.8406170680460079,-0.7820367519725511,-0.8277816587836427,-0.7272843922277169,-0.5839466548882791,0.013145507895397746,-0.05075885061827596,-0.09616084080101049,-0.3648327562471869,0.10871812478599868,-0.36038586090042174,-0.2683095572204731,-0.45160345395286994,0.16248177997081759,0.1687451759377748,-0.5703775098112291,-0.7904771647730932,-0.6979599704874054,-0.5499696350518857
-0.6104818276764036,-0.5274870423179215,-0.629138241131766,-0.8197173932769928,-0.8572305620731878,-0.7439891748320305,-0.7420914938075829,-0.7963474506321758,-0.5796296554563845,-0.2711296445901959,-0.4312528492187766,-0.14410751488542292,-0.6698500685888573,-0.8085307849071163,-0.5776745183335256,-0.08775217449000007,0.16967707804380763,0.304697159766874,-0.18794728452024692,0.19526648616265785,0.10690751176459642,-0.627828809706262,-0.8533322284199022,-0.6620113674657815,-0.058222275207265944,-0.18294933894438362,-0.07202513144101709,-0.666898101373864,-0.7112603089019587,-0.319530059739965,-0.22570857576917405,-0.7338201350043616,-0.8649487727618812,-0.8098636196876866,-0.8803229807120045,-0.8294979355708753,-0.7034686376413083,-0.6429471188124447,-0.22600982952807755,-0.3287809175732621,-0.5817557402713696,-0.4524524452886182,-0.136242875628634,-0.6845253193795338,-0.8576190223471761,-0.6785093046306172,-0.21447365381937047,-0.5681333188083882,-0.4326468849110377,0.12493942508985809,0.23387765648520423,0.12246105505310757,-0.45510830045864803,-0.37755620108463334,-0.7800587851081261,-0.8992767179303989,-0.8629017084082355,-0.6759680514447578,-0.6556906364335796,-0.6464352668261065,-0.17912745889954867,-0.039460336019494925,-0.20068732251356508,-0.7015792781237972,-0.5792486189825347,0.06928659796313426,-0.39600178589371643,-0.7792723688156689,-0.7973730345728569,-0.5257835604034232,-0.1475857542615839,-0.21522103283165325,-0.6455118933834068,-0.6683789832105002,-0.7107418700065127,-0.8525223351846116,-0.7932955953287826,-0.4535573099399134,-0.768884687931336,-0.8771649647576611,-0.9574993885886408,-0.9740131052249472,-0.8785798492402267,-0.6069809900513052,-0.34670584169221186,-0.663914866536094,-0.5474268530083811,-0.42238974723313216,-0.5304198991301843,-0.30012756245305783,-0.6163966636171088,-0.5079177954831566,-0.11325366887333481,-0.20397133250648114,-0.7272340294812891,-0.9126574097916309,-0.8886323717998321,-0.7425493951136407,-0.7683180725101335,-0.7177522306842938,-0.7555754100988099,-0.7281744047345087,-0.845668424198392,-0.8933963393071581,-0.7925491255997952,-0.7817263959925295,-0.6220262003838622,-0.6604656643626434,-0.7763755899022257,-0.5977451813698977,-0.3215245935455433,-0.7405313100376427,-0.8576884173622396,-0.6563949558762023,0.12583151437398332,0.27117163578112874,-0.3257008431644555,-0.5150252949901156,-0.046361309080748515,-0.2856583519861744,-0.3740611735936495,-0.5649125441631806,-0.3034398202440731,-0.3224578646147276,-0.7053066500721549,-0.7623312009502075,-0.4427169063887916,-0.6977489448268056
-0.7937375758482115,-0.542866927132164,-0.3318894125351337,-0.6682177573656158,-0.5149626066412117,-0.1602602596124609,-0.1832511705644619,-0.44271651700558345,-0.0895815013825615,-0.4654861773452403,-0.7019876796972997,-0.7077607893850791,-0.8764333301019467,-0.9429507789336523,-0.8540361175271127,-0.6036584574122906,-0.37033496746937966,-0.02274333400339164,-0.5050964909130563,-0.5343264092135595,-0.5742368253785233,-0.8130618406346017,-0.9128589576481263,-0.6933006620874971,0.10443350130406218,0.4177412321900479,0.17659451501413673,-0.5813848678232522,-0.5830092492741212,-0.03893667716653087,-0.4533255749854468,-0.790389955282622,-0.9279635920029514,-0.9447565913492417,-0.9105537951318348,-0.7972491056723109,-0.7798113136066042,-0.6236136433050146,-0.46882652438706013,-0.16122068468996012,-0.5042333970391429,-0.6910238357719708,-0.6683556050022574,-0.8702326508715141,-0.960466998654497,-0.8941480211106155,-0.6740609464706762,-0.47203091948797793,0.010950396775412494,0.189782400235333,-0.1136910735723443,-0.01954218373813286,-0.5779543384402456,-0.702686966029035,-0.8909023904720098,-0.9337699051555197,-0.7764908818206044,-0.4163088106905396,-0.7262543381638007,-0.7910371432313849,-0.6669322676002667,-0.6090205879578963,-0.6686837912252362,-0.820035066155419,-0.6450969202244369,-0.13080901174062873,-0.5959917314413197,-0.855630768351844,-0.7584142212565156,-0.29851027998382135,-0.45690176767823787,-0.5388515654065156,-0.4631692959768263,-0.13605907912545234,-0.22194318812231498,-0.729696231249093,-0.8237896616269993,-0.7773173712595776,-0.8830050480241495,-0.9250936336231244,-0.9664824109452576,-0.9596087779819327,-0.9393407596927954,-0.862799976831204,-0.7678465886738194,-0.7451955480474524,-0.5102892336021926,-0.2583517417135665,-0.6402801756408989,-0.6402137224850852,-0.667276342905599,-0.6689036239906042,-0.42923441507964477,-0.5193296953044101,-0.6792928597096008,-0.8984394360238952,-0.9610347218657095,-0.8545749587814464,-0.7396157423754508,-0.8419019328199164,-0.894908386804421,-0.9277236199119833,-0.9432235896099771,-0.8206998102949185,-0.433979690540421,-0.7558931717320772,-0.8572853741507097,-0.8791904444865389,-0.7627044606439111,-0.2785020311343811,-0.3977086125271546,-0.7682933579653998,-0.889320457057469,-0.7242542957974133,-0.16539521535153306,0.2302426213521253,-0.48961086682238686,-0.7377438687042897,-0.43117686154974316,0.1732214240304067,0.1768782103206297,-0.33938667753409535,-0.024674635432238134,-0.11619158594128416,-0.7097074475051173,-0.8695314912467981,-0.7969723901891905,-0.8811308297483137
-0.7537825036353929,-0.36299948554386563,-0.5691872150590154,-0.5577572816595912,-0.10322158657175438,-0.406113429504336,-0.47189663278509336,-0.33688442906283594,-0.06388949171548082,-0.6156131155004066,-0.8723899699548217,-0.9256016636769571,-0.9506741135197173,-0.9845007267955421,-0.9073282415927285,-0.6935120870232052,-0.705250392401032,-0.6810773977828737,-0.8390394397339546,-0.8170968395891902,-0.6661664587553632,-0.7116503616577058,-0.8903334396226465,-0.8333958994133245,-0.37270027901934366,0.2245081201790344,-0.3145638135821842,-0.6660538758515634,-0.3890684644738303,0.11954206682407795,-0.45863601523350506,-0.6910391688920144,-0.8968602193083841,-0.9341575069268976,-0.7916627022329322,-0.40500538481755416,-0.5052455382405149,-0.13673443266517876,-0.4494345820705144,-0.30822180243980524,-0.23839539281758887,-0.6484993101092141,-0.6727283671414253,-0.8806717872312664,-0.9856642381626924,-0.9353910087721031,-0.7210912027398754,-0.2420038088924363,-0.27765254326382194,-0.4599982761893363,-0.6608709110383516,-0.6491716923493108,-0.7453664574471287,-0.7345068762663147,-0.8902182861596065,-0.8930607132964911,-0.7297287111699772,-0.7037154030991322,-0.8055969149792758,-0.7572600903217699,-0.796590736768951,-0.80325518871077,-0.7346407954741172,-0.7768241092783577,-0.653816326154133,-0.5749836027394422,-0.6627825687895277,-0.7698343319428106,-0.5792658715729001,-0.36677562796847285,-0.48155645680601317,-0.5873631139932676,-0.29834697936797594,-0.5095969885627777,-0.6299333417924685,-0.7948516389485012,-0.7671166502807577,-0.8509506465060235,-0.8767557860843489,-0.7986122023638734,-0.8430963998763769,-0.7939343400445221,-0.8996069950247026,-0.9368815396649427,-0.8495390872123819,-0.5856158134756058,-0.2533834183122782,-0.5514246479694119,-0.730756292654128,-0.5508908687567589,-0.2617874015929973,-0.4599975898722624,-0.07211050582922438,-0.434098521267928,-0.3558619764141176,-0.7703357362641567,-0.8141202404913876,-0.49638092330683936,-0.1032244146037806,-0.599049840632536,-0.7471339461572295,-0.9101435155108762,-0.933436678275071,-0.8346345836731867,-0.613274390254316,-0.8087257903666366,-0.9328852533767196,-0.963693787971627,-0.8736127115976994,-0.5854611206699414,-0.2947754641441355,-0.6758769672536908,-0.6327316612253027,-0.4273287710940852,0.10094757189147768,0.1205922835847038,-0.6186488196861776,-0.8665551634090227,-0.6227394868845665,0.11621266443089194,0.1382733825859355,-0.4305317889280558,-0.41789398805845773,-0.5999447163619608,-0.8300851158686248,-0.8519603059082286,-0.735222029873606,-0.8262779964866129
-0.7599335512304184,-0.753388937492207,-0.7412176201998242,-0.4566773911615058,-0.09315026355122959,-0.4993176461098228,-0.37744566345816655,0.008979996792261762,-0.40919267659861047,-0.7623891210977513,-0.9036656462806485,-0.910587322816346,-0.8308900916392757,-0.8956795711352482,-0.7390335215827029,-0.2473786348173933,-0.6765331227594602,-0.8685190386799083,-0.9395553641622154,-0.7849259882270436,-0.2641274901807224,-0.2674981307617822,-0.7774806442295675,-0.8499525251485003,-0.5887280407193244,-0.1099034131878178,-0.5930579122744654,-0.6051081001521312,0.11158457533741455,0.22944258264196288,-0.37078838296300953,-0.3559093545339424,-0.7919092985116385,-0.8728213185062836,-0.7257535848261967,-0.5952663225432758,-0.4110745717680367,-0.07493694844294137,-0.4241504546362667,-0.18735080182019176,-0.51077079332059,-0.6003154667651805,-0.22587410062904517,-0.6879448381082844,-0.8304127319256751,-0.6829163456444297,-0.553758093919352,-0.45185053883832715,-0.24813131905756847,-0.6904288870779505,-0.8241943812823599,-0.61696317872189,-0.46220420317381883,-0.31199491796911716,-0.7423256252858836,-0.7624810321673673,-0.42419973620137486,-0.7177023960629557,-0.732892437777925,-0.374541140484341,-0.5676771817409773,-0.6253705939526232,-0.291659900342055,-0.4095200852700921,-0.24640238154049884,-0.5165346286264394,-0.26455529995636246,-0.29011185942789275,0.24134575695112784,0.36691989449380785,0.0044885790709453515,-0.5828636185053372,-0.6718698067528317,-0.7186796608640055,-0.6467646661863005,-0.6861259488991226,-0.43108308032489134,-0.7625681781437934,-0.7722862790958468,-0.41374599820686825,-0.5818675946379173,-0.38299782210899314,-0.7884295811134905,-0.9192578640699283,-0.7896340790909478,-0.32698048789090123,-0.555156702207333,-0.7710556814318693,-0.7378537213081758,-0.2801861196824276,-0.3529299064142617,-0.48353722411621486,-0.14822311579493777,-0.555388702763632,-0.6125167631451394,-0.6013850802148952,-0.3884922861611058,0.2455834421603245,0.3580985344047621,-0.29226778787552915,-0.28849340310463223,-0.7161075737434264,-0.7416710244924927,-0.7004878955761156,-0.3752784680083232,-0.7682529700629732,-0.9460689289500214,-0.9966890489751415,-0.9653162180436323,-0.8642269078171926,-0.7329105491900968,-0.6188294520211657,-0.01817807454161562,0.061292341194502865,-0.17873172681552155,-0.476687219881258,-0.8153392130622155,-0.9528802239471706,-0.812466145472161,-0.4520102098894607,-0.49940234470569794,-0.6186429800998063,-0.34668313700192005,-0.6688238754853978,-0.6510988366519793,-0.46144376250276176,-0.07780740207938623,-0.503771098761606
-0.6806062690211546,-0.8508903676426859,-0.6989559013629347,-0.13510571026910007,-0.3821496651715899,-0.5180730873546985,-0.07900787300559968,0.06062473110785943,-0.4975853933766291,-0.635851980956954,-0.6900239116913356,-0.7186064776510231,-0.4070088888591247,-0.7118430272708207,-0.6645010918400642,-0.2344499721447565,-0.7014780558229553,-0.8985104801117044,-0.9690524660341462,-0.875660193594126,-0.6801839604681329,-0.7057281290050269,-0.8276717132387741,-0.6807181263685705,-0.5929961893010549,-0.6308965228621446,-0.7814317124771927,-0.5663778745974379,0.18094003526139207,-0.10488307031169403,-0.5893231537246868,-0.7356518173098386,-0.8757981924913651,-0.8031421184850843,-0.39870470264340785,-0.5025478734562002,-0.2381735152743237,-0.4948550919542642,-0.6322634085828187,-0.5283611361462854,-0.7268076220253441,-0.657805290692319,-0.13192500990850567,-0.39866818253425784,-0.3499594298069313,0.15751947778583597,0.14245241939205103,-0.4812557766760795,-0.6863020564921992,-0.8348302221866811,-0.6911390712791541,0.03350317558419052,0.15859334415591161,-0.42384158059126625,-0.8063449456581535,-0.875494724358849,-0.8002536586028264,-0.8748005513532684,-0.8196271681346263,-0.5890114914449369,-0.2588598122665946,-0.4595998639363515,-0.4443208216479697,-0.22971376312011918,-0.5491945114444278,-0.7322252748415796,-0.5365215475361125,-0.0043693644746268315,0.3491028201858094,0.30488115759027284,-0.29865055548135805,-0.4999731224029126,-0.49106045654558556,-0.39464893750759705,-0.10258181764034023,-0.570483623950037,-0.7238942104377194,-0.8972079969548896,-0.8975581818484843,-0.6920470294606197,-0.6155369627457611,-0.6875208816088836,-0.8816435658686768,-0.9298089178567509,-0.8329599661955377,-0.5964078684564265,-0.7677418360056171,-0.9044280648437567,-0.8657400534057266,-0.5992887700733686,-0.2819946343825688,-0.6016155775113919,-0.596498300937904,-0.5650717468518969,-0.42207672115166234,-0.02837164549193992,0.1793619305776533,0.427031397971824,0.3411427714389801,-0.20361208607920148,-0.35744610405269156,-0.5934785488482822,-0.39742134732181195,-0.7107674752420698,-0.743236062117652,-0.8608469766028317,-0.9296399666658819,-0.9480212633596999,-0.9489220102350489,-0.9538335728766607,-0.9051781267501567,-0.7037273198388853,-0.105295486459483,-0.2355866528345966,-0.1498750631230626,-0.5752234996242587,-0.7345698359458075,-0.8900823496134656,-0.7898619580297916,-0.3801898928513166,-0.7097051020106657,-0.8355584939760956,-0.7258893144522853,-0.6484516502515115,-0.16670132338237395,0.09400005675275777,0.21997597558341314,-0.11538086447624296
-0.8650792098819386,-0.9203939745629142,-0.6873337894970221,-0.08601429650453563,-0.34759662688765036,-0.5027628720938785,-0.48801799627249387,-0.3991755371783749,-0.5372457651732824,-0.21025114576962453,-0.23469884397498372,-0.5967550341985366,-0.45800502830198564,-0.5900037069242118,-0.7428470802652101,-0.6825552549454793,-0.7939478631224475,-0.7610580992026795,-0.8389228878081701,-0.7074029303896711,-0.6194973604127728,-0.7354439902745464,-0.6479303808276574,-0.048604239592970624,-0.11608867652708278,-0.6092635203841597,-0.6193324631308798,-0.3432655422737196,0.1880463008117758,0.004147428751869044,-0.6641536227060394,-0.8956220732037692,-0.9649997444972467,-0.9162282194917227,-0.7201669887062778,-0.6209159422829384,-0.648013576453967,-0.7222245508231961,-0.5494800963732364,-0.28020383157671086,-0.7122169367814456,-0.706611858361949,-0.30691312014725736,0.06386525251132305,0.20261189517810343,0.3602395289284512,0.16566583668946236,-0.5902124641602501,-0.8160377131808862,-0.7386928477686459,-0.6033272407211397,0.08044397147726746,0.15410669102928756,-0.5568070190522121,-0.87663973001338,-0.9299318103486783,-0.9314804220057273,-0.9009893966979153,-0.7697096756557017,-0.7372456703890904,-0.5604674503338793,-0.29311346265908494,-0.5968382976195006,-0.6789402733314298,-0.8092363803295155,-0.9062066608444536,-0.8487446345098331,-0.6463723215502192,-0.45612983395501644,-0.34292955511491424,-0.41565038545392186,0.1261443860724189,0.32768964117363014,0.2730810335196239,0.16761403500195765,-0.3873973666928445,-0.7430429018081686,-0.8977669930954331,-0.8276084209498968,-0.5256968167776755,-0.29358466530035215,-0.7156887720965132,-0.8329124345469247,-0.7237406203865275,-0.6590438588252596,-0.34839789296342605,-0.7279657883664408,-0.9198107676704745,-0.9498875212683338,-0.8630382223593664,-0.6961175434161944,-0.6227294855313231,-0.6017958754107569,-0.17933631515466428,-0.04674305240754068,-0.2243677455707115,-0.33217692837954715,-0.2290538926937661,-0.242717403629757,0.03127736098522224,0.07031031846281224,-0.5241263394431032,-0.7025055474341162,-0.8419761070842446,-0.8358525174550354,-0.6812130853494953,-0.6299843156569739,-0.6319134326173329,-0.6947921014061799,-0.8609477434700058,-0.9363853847033926,-0.8542556184259088,-0.6341897227098098,-0.5437845676313974,-0.5437650652557222,-0.48728333038119037,-0.31483239639082855,-0.7641523004184614,-0.863716038325625,-0.7631787738062534,-0.8846707636863771,-0.8941702273123042,-0.7034648307830482,-0.6204236892933167,-0.5844112392708697,-0.5462991296986321,-0.5406943013058236,-0.6837997470763281
-0.9302281335479425,-0.8949624243593671,-0.6054329513336463,-0.23124629592402063,0.02073827640918582,-0.07037337656456918,-0.46397204598249125,-0.2895033894764345,-0.6380060911144573,-0.6575549042712958,-0.6435101876013771,-0.568797840743774,0.021176532061726188,-0.10766428417118024,-0.6285114575606652,-0.6603926164217689,-0.6350546825178053,-0.20309645357804298,-0.45897948322729426,-0.08121832218280356,0.06324962445285218,-0.39976204658421455,-0.5316566824032827,-0.10509630013476456,-0.4633556175555112,-0.6159500405162768,-0.1432468844170367,0.09483716383616417,-0.2804650617748163,-0.549638955469009,-0.8500523269658697,-0.939271719312573,-0.9563724222220107,-0.9355483557738117,-0.7696333141318332,-0.40687142493082307,-0.6871994320498761,-0.7037005350473104,-0.28146095046006603,-0.41099190485587045,-0.6784719579486876,-0.5366143023952394,-0.11421722093446485,-0.22957468798710043,-0.4083621569144917,-0.468991142926916,-0.5672760197502922,-0.7793052480447903,-0.686975964046599,-0.2103482056588927,-0.5448790645705088,-0.4664000574205048,-0.3755119109159471,-0.7320146418687169,-0.8753640401952519,-0.8148395710170968,-0.8781941901738143,-0.7928063059442502,-0.4453463866589016,-0.7532177269075727,-0.7940566507539393,-0.6566658110962734,-0.6616408353519673,-0.752791970905454,-0.7263880120011759,-0.8856387363080871,-0.9519840678273317,-0.8959791840266877,-0.6844625987558266,-0.273881649513011,-0.4379592642824161,0.12441661683540943,0.31447380130219277,-0.00018172009056541168,-0.1698745080628024,0.01867084788573005,-0.4094379353920628,-0.5531205835956275,-0.42024430594468387,-0.025548328035083674,-0.43427238625548314,-0.7117949171507264,-0.5248738512294636,-0.07307299274927559,-0.3856621489743411,-0.5400603919862302,-0.6725596935324839,-0.8792565319315142,-0.9687554016075629,-0.9316763871151417,-0.7043530991883626,-0.22376827287448187,-0.604583893934348,-0.6098038292335761,-0.4842778779347481,-0.22071718503988583,-0.478031850825081,-0.2298168898735411,-0.5195720435312501,-0.3740657801857599,0.01029039664741913,-0.44255839536755304,-0.7242293339611587,-0.7289860410213878,-0.61251658887533,0.010715992225439874,0.10797505866189473,0.06606398993469188,-0.09368766096937141,-0.541149954922924,-0.7540782912890802,-0.7186019041723016,-0.6658334420647218,-0.35141582987166453,-0.5389465223618626,-0.22519319369880472,-0.4006400038938398,-0.7352553422165241,-0.8407833328420979,-0.7689216289743813,-0.8698608430166025,-0.735062673510657,-0.21668670264945813,-0.20959677590623116,-0.6787218409354454,-0.8440917425244996,-0.8922656747909617,-0.928438112560647
-0.7794442876098229,-0.7066513775126725,-0.19855048037035716,-0.049303460832612576,-0.33584578902765605,-0.4247869888000506,-0.6886750328527197,-0.6900927266186624,-0.7034833007664691,-0.744589517850558,-0.6381471597907892,-0.5375048391265302,-0.05124335264798485,-0.4448303033657314,-0.6424177981596473,-0.34620552224181844,-0.5028859899337934,-0.06984232465195168,-0.3442242890863732,-0.3060429157066985,0.11481719054556916,-0.04129843935210783,-0.5842686470600421,-0.6680964325323282,-0.8212511043585142,-0.7970292998262178,-0.4710088004228771,-0.04487782328802452,-0.5034270054291251,-0.6578811211274066,-0.821082362082642,-0.744889383014068,-0.7492626565891887,-0.8869809203647848,-0.8878678104355946,-0.7376533163369534,-0.6695408843889011,-0.7231392401633792,-0.5587553309886861,-0.274324562201262,-0.5323586254639375,-0.2551715856732419,-0.36617250045243166,-0.22240000400147697,-0.6273653432413271,-0.7218314181296039,-0.6458560141154146,-0.5913841741750638,-0.36450003568717043,0.15018323565250255,-0.2866469134419946,-0.4390408493200522,-0.11440600002629814,-0.648404093668176,-0.742745489196866,-0.4218485025561292,-0.7680557014327615,-0.8534614998427392,-0.7916559602653965,-0.8923795078095591,-0.8429238899642078,-0.5753731183028151,-0.2938789266787752,-0.5017806292667222,-0.1959183828156277,-0.7118544545504232,-0.9357493788483516,-0.9005946355864196,-0.6329707260836849,-0.49528163810903975,-0.6436411890809715,-0.43078665037964625,-0.07412232670920464,0.16337195544453803,-0.24507775748859967,0.11703760511034685,0.13914522353149114,0.09976644729750861,0.12710349553930073,0.13859940964686943,-0.33220441524747446,-0.5291075802665647,-0.0734590987881685,0.19509194312375733,-0.0027752970541204663,-0.45107657936674644,-0.3492523678451888,-0.7866984120387623,-0.944585216395631,-0.9126896328311513,-0.7090632538909981,-0.20092509661192443,-0.6369184507055164,-0.8266848775279546,-0.8342782488456809,-0.7527157009037049,-0.7478123592594426,-0.5177953439120101,-0.5163337894845291,-0.41559421790124323,-0.21331278214048738,-0.16655109845786284,-0.5643507937236801,-0.3567317962426113,-0.47228164359435765,-0.05114955685971135,-0.3602486692597038,-0.4853573741043577,-0.4615158022421391,-0.2139520368042662,-0.3940074875856911,-0.2854618877796084,-0.6454610978944616,-0.6834358773985304,-0.7269504547398716,-0.5471888060553958,-0.23033430052949627,-0.5337457425776163,-0.6768068999284402,-0.42561744708311244,-0.6827230996060977,-0.5485686758181422,-0.4022612255520566,-0.5492057202935364,-0.8018990809424157,-0.9439034590942217,-0.9661442600685557,-0.896788283337829
-0.3744340474852007,-0.6561541931663205,-0.6355772599280602,-0.6161637893649202,-0.6165275391852504,-0.34712676103561246,-0.6914363845583165,-0.6698446273925215,-0.2805444866854652,-0.31912196942798565,0.03606584611779221,-0.26880913435830844,-0.36036388670250785,-0.6877064679009244,-0.7514651817076246,-0.5700308702499028,-0.5814665469414078,-0.2937753583325652,-0.14348565230385898,-0.537020239853046,-0.49495342331727094,-0.47446963055093594,-0.765172779097741,-0.8701960097897149,-0.8962921136601459,-0.7136715308338174,-0.5010926057185559,-0.378655599417337,-0.5562330373228346,-0.3337435322790729,-0.5728900132827419,-0.1888058197670916,-0.19229435145686796,-0.7072843363692755,-0.8793845491773951,-0.6886610567836645,-0.1307124561370615,-0.4547185805319345,-0.6626613679252796,-0.6522293965210915,-0.6265351273991508,-0.6311036363697662,-0.7336715487485496,-0.6754413000747735,-0.6129841371272253,-0.48734363904801226,-0.10652878644860007,0.06560514346278648,0.18673370539406137,0.37484003676585315,0.22043170676335097,-0.3162655368965064,-0.14445822185224427,-0.6817255499245202,-0.7830141476891994,-0.6091873144535543,-0.8129592277626969,-0.91887787691098,-0.9484328112244805,-0.9434412598635546,-0.7699395761099198,-0.35177410059043585,-0.5496055234684999,-0.5849936176504509,-0.21683680573432873,-0.717939750661304,-0.906527138134214,-0.7190526974715369,-0.04465117634929424,-0.02351881162186555,-0.3835367614884007,-0.2677924429994538,0.269362478695629,0.19771650474115582,-0.4721139598016815,-0.5071997671724007,-0.3911578840829755,-0.4612885898945988,-0.46137368921483524,-0.29517109239756967,0.04706740784600611,-0.3581116766727493,-0.5049471996418018,-0.5246000456825144,-0.6185712943589579,-0.7635465511064784,-0.7632109871417465,-0.8950854713668187,-0.9121161843801049,-0.7976401102575299,-0.7250987211654302,-0.41492742007993433,-0.5396194495470381,-0.8260338441188645,-0.9400655313601196,-0.9245941611533128,-0.7527442955779646,-0.15331637343021778,0.026003592763869366,0.07803179149534563,0.02153595229074246,-0.4758526127019109,-0.7662669706456139,-0.6924305935531074,-0.5758683957957453,-0.5938869774887795,-0.7658432354338917,-0.8172936191965727,-0.7791317920751019,-0.5612360560463835,-0.25387743084109526,-0.49352057919032166,-0.576237368834427,-0.5725104662442799,-0.6098198486097971,-0.6909707813311681,-0.5218706307242527,-0.31500333060372443,-0.6894425558450529,-0.6570539686935628,-0.4150123740506622,0.14908533210037583,0.07829358878060097,-0.368318618430481,-0.6393243789402379,-0.8772443117227089,-0.8800471841164338,-0.6374875475717123
-0.5167143444686465,-0.6401068176210263,-0.8057232140155302,-0.8768392866000723,-0.8734317272783975,-0.7328840117067821,-0.6466358909560896,-0.521207920920326,-0.23783420647825762,0.21732679730167195,0.5060417893443411,0.26734244480197755,-0.05582550990167067,-0.6090302468393357,-0.5552576659031248,-0.20954842668605295,-0.3264184082996051,-0.0721242341135053,-0.34072290100212,-0.6926204183389542,-0.6857678265157954,-0.3758941980440247,-0.6772781776805523,-0.6939034288432573,-0.6916987287459072,-0.21098997559622268,-0.012696331370466938,-0.10110884196927696,-0.5603201397853026,-0.5019964772668708,-0.5957297096539489,-0.36437708779270717,-0.29725551642878145,-0.568489512285375,-0.8084792211185509,-0.599671715940498,0.18279051703126475,0.08668449322178766,-0.42634591899921936,-0.601707080013697,-0.27951871197768485,-0.5484200635672591,-0.7812992864746007,-0.6766229422580902,-0.21768127534965093,-0.13245735202277517,-0.340598080064996,-0.30075387599354825,-0.3872102168805694,-0.26750606316762565,-0.04497144942603951,-0.5609275360408137,-0.6578223307825348,-0.8439004142053805,-0.7683272122359988,-0.3741718272054957,-0.7528621470569453,-0.9063130397081114,-0.9631350324651199,-0.8943847481312154,-0.7194654182919622,-0.6665417106732651,-0.7731127729304805,-0.7913680112438413,-0.6955668923099726,-0.8501902790276961,-0.9216221336113172,-0.7263728909009955,-0.11681002526957016,-0.23325834989070848,-0.01439741029994776,0.1323329269257816,0.27241727836475077,-0.17360220089591039,-0.6846777458583951,-0.7044963282338575,-0.27765942421964773,-0.441114132586047,-0.4169195624101841,-0.19458228828631854,0.340871519675837,0.060073690038685845,-0.5993190787426798,-0.8274762614125831,-0.906144015593928,-0.9433963942279414,-0.9438683455755137,-0.9416645857690513,-0.8178955193308757,-0.4199097128126725,-0.463892583276574,0.16394776171700629,0.12437293973262376,-0.6210903103797059,-0.9225489344395725,-0.978792965703153,-0.8414424786477126,-0.47411695317175107,-0.4501772704933377,-0.46115365263605274,-0.4439188357513025,-0.7496717713762415,-0.8783240003290006,-0.6634434603091108,-0.19649796476271242,-0.6373454349384499,-0.8253265260275667,-0.7922017446280997,-0.8661578587759667,-0.8366316511901678,-0.7114248959679236,-0.6011978495826451,-0.14115938226522057,0.049769597970565446,0.027066619905011528,-0.5410945415390652,-0.5889517429823902,-0.643158118706714,-0.8167016136120944,-0.694532041428806,-0.032463170014521175,0.37403339768013155,-0.05226266273796673,0.03532276946274378,-0.14240425409767313,-0.7071845142323998,-0.7683880034962998,-0.38830353785495786
-0.6533164338522204,-0.4024167509745325,-0.7839838895441358,-0.9117174514190659,-0.9329963659035164,-0.7585622531553216,-0.2191977714412225,0.02765719579162068,0.11205833470133691,0.03543349344550758,0.2156761241984013,-0.28007933576954697,-0.5764623706739967,-0.6955497172577121,-0.32657002137196034,-0.3612059331442231,-0.10937563703663065,-0.28204724241657936,-0.23432090553837073,-0.7414400843275665,-0.862906227657017,-0.6927759915541459,-0.4424784689594498,-0.10682634743019052,-0.5569307673300525,-0.6147492105959544,-0.6094400632402731,-0.6467307298427122,-0.6083841324532727,-0.07667826749779778,-0.22211667580617828,0.13465731164913902,0.3144458102028091,-0.009457695177051924,-0.6503126168178053,-0.618362237747912,0.035026156866792994,-0.051662984812467935,-0.10447134332123875,-0.5157113579303814,-0.319897579637653,-0.23235604281822292,-0.6687485070785704,-0.6630606324867624,-0.6233221508367467,-0.5606063044735489,-0.3566556618839196,0.02129318236110294,-0.4298541052877248,-0.5284059540724322,-0.619786977817099,-0.7486979120187499,-0.7052804751826292,-0.8628711987041318,-0.8246635832184597,-0.6082511026776716,-0.7448732883716807,-0.7327024734022656,-0.8014629824200051,-0.5993985131660251,-0.23160525135813212,-0.4414380871996037,-0.5186985039096178,-0.531932712290367,-0.5594523831882208,-0.6795949258923102,-0.852279893314153,-0.862971492820725,-0.6472341344717595,-0.5106587438244923,-0.5068877430319043,-0.43941799743365006,-0.16677315064945752,-0.12084867879174925,-0.7173136981519428,-0.7505795123254301,-0.35018581447207114,0.056205185632486825,0.2776157448032675,0.28263096003388677,0.3110507871850048,-0.19205126944082923,-0.71936094930194,-0.9350376306497777,-0.9899106810713773,-0.9724900973712013,-0.9810078654668898,-0.9754374809300046,-0.9158842815635869,-0.7562679743120394,-0.5673343114523084,0.13076714567175454,0.1521782413149819,-0.6012663053067242,-0.9221405629392307,-0.9660771902138717,-0.7320743007597339,-0.10429873541709601,-0.3736280538984699,-0.5406813885509618,-0.3437360670614176,-0.7790955937874485,-0.8493855389160132,-0.5436118739895782,-0.1420572538842242,-0.6070946143716315,-0.7230019402461949,-0.4513365919193979,-0.8021791308017323,-0.9166866533612191,-0.8609809790117282,-0.6793069434308996,-0.5350152431104191,-0.372432386500273,-0.03811392396819388,-0.4613083973956322,-0.26913138537638526,-0.5578974817141991,-0.8332843513573556,-0.8280275124877685,-0.4197126782666693,0.17378192088842648,-0.30132678708766025,-0.29464115854498346,-0.4022091188497059,-0.7735227970334305,-0.8793021792007402,-0.736294068030148
-0.7628994994370093,-0.75114588631739,-0.837207359014419,-0.7731594949991938,-0.8584255147587876,-0.8328667283084374,-0.6298376851467362,-0.39611177537218073,-0.3261463096769726,-0.1021946805034959,-0.3447084146748884,-0.5181292557109451,-0.7619944954374684,-0.8657867530636321,-0.7207708390362584,-0.5223269317098336,-0.3197372573372366,-0.39392190233987834,-0.6230393404820518,-0.8845650195916066,-0.9075434343290301,-0.6523024597725134,0.07821056384913018,0.20061377728731625,-0.37966711624042954,-0.7086172457393156,-0.8330945632810695,-0.8596028275570318,-0.6425182751631807,-0.0014917652450880323,0.025924408836284878,-0.16464737964830603,0.14107692278829626,-0.2505651575682931,-0.7240551938894669,-0.8001285222878054,-0.49525126413678683,-0.09695875653269659,-0.29540626040158485,-0.4523304443959272,-0.0411306737818199,-0.4434649308885906,-0.6488302639130344,-0.41305273584260577,-0.7073457551047596,-0.6101487208200024,-0.00983883869689176,0.32605306961873176,-0.14387010562488883,-0.20921850655513888,-0.5813709885433211,-0.4671453839990415,-0.11917045021385059,-0.6491440859803529,-0.7312314017846785,-0.3638588479608413,-0.5275895160561639,-0.1646440663512706,-0.4557899593676173,-0.15259407210624482,-0.13887995346036272,0.1309710946235346,0.351860600880505,0.3671121109616738,0.17090990483224808,-0.038098904552567016,-0.5443836741746751,-0.8070397608232521,-0.6621138087966054,-0.1335385132993595,-0.4181515350703792,-0.4642196255812291,0.06781492486233671,-0.2599632288739083,-0.6223131259296313,-0.44056605232061147,0.04125473841386323,-0.1572267287707986,0.06026372651413178,-0.29909095953241777,-0.338503054113046,-0.23651846793418727,-0.7516004168398482,-0.9271835499057985,-0.9234486372907765,-0.7982846501499508,-0.9034263409590549,-0.9707385091422124,-0.9751167626230768,-0.9361089447138413,-0.8386820510381368,-0.5529024574219229,-0.4193115373709787,-0.734922025295795,-0.9410299655774518,-0.9573360909279597,-0.7087009457801254,-0.03793063374595599,-0.1009689079477559,-0.5871403569024096,-0.689027164096673,-0.8424203799577384,-0.7751790136715552,-0.3117329895991875,-0.4659692259865826,-0.6228443293580537,-0.786680025359305,-0.7769591681861311,-0.907386236527216,-0.9445067854084298,-0.8115876540184394,-0.3743438130482884,-0.5189279771467891,-0.5673651286697322,-0.4254749055611156,-0.6442929131765157,-0.5592125031589564,-0.34826307151276786,-0.7581959881295252,-0.8626742165852928,-0.6165970913802148,-0.08448746901506143,-0.36053116782531053,-0.06447578639594984,-0.15690976973347884,-0.7381105325878548,-0.8828478512041947,-0.7584874216410747
-0.5799033583861317,-0.7785804864349655,-0.7010348225172739,-0.18767594160909704,-0.47060135747023524,-0.6114592946360555,-0.600468416611988,-0.19683918517434212,-0.39047001774703743,-0.4782303699942817,-0.3199241003580071,-0.01626767006655371,-0.4969328248664406,-0.8220504294714813,-0.7232876217469536,-0.07017038715025835,0.33857967930602245,0.22582084848418377,-0.5477544949993838,-0.848468182795755,-0.7851545145729066,-0.6243917973439167,0.024238134774253486,-0.012500349424800753,-0.04830658501581605,-0.46024397751355206,-0.6633175831591461,-0.8016606477428754,-0.6751372569918627,-0.5731638617827434,-0.6123035061069212,-0.6627454005106114,-0.4657669616046326,-0.26358043562467093,-0.753980079126153,-0.9093351282037173,-0.8164579630448647,-0.5592494383570124,-0.24850563614377344,-0.4558953472686272,-0.11347206258382894,-0.6060113285781948,-0.7913848581448938,-0.7832673341864337,-0.8295437605768504,-0.6513822040415346,-0.35777902812774437,0.17594118706761833,0.02416282617652365,-0.4055579251738156,-0.3745910937381146,0.06142254892537956,0.2056377974666603,-0.5501260412770194,-0.7830756139272006,-0.6950984700668568,-0.6090493488550397,-0.11982102346538884,-0.37812737104433347,-0.40277700548830114,-0.1149245046477594,-0.15568819247089508,0.3039116285353751,0.26572093973254113,-0.19030360196360657,-0.1872100707323894,-0.21740322523452102,-0.717439718649825,-0.6463422344612244,-0.012371022994526994,-0.035360792853961674,-0.3119412377272616,0.27335958979187897,0.16719021523783342,-0.15479540896206603,0.2048732883889031,0.15629057445833636,-0.4200948420634089,-0.5724299244232969,-0.7626982514211057,-0.8026461304711509,-0.7727525161127858,-0.8547736907333446,-0.7424469860119264,-0.6193097822160786,-0.22292882356128368,-0.7135895403218078,-0.9243196581919461,-0.9566912103745724,-0.982039834602779,-0.9403202537443041,-0.6974124086266686,-0.24310703599804473,-0.571391814941682,-0.8755934725691668,-0.9751868571494281,-0.8858537279873987,-0.6394258309977733,-0.5961668355184891,-0.597154193275129,-0.6047802891261476,-0.6780786710135656,-0.7104811270337515,-0.5255405047331138,-0.5641571833201835,-0.3341860502545009,-0.7463538057394862,-0.8972243003486867,-0.9641654153122025,-0.9543526654675771,-0.87198921600003,-0.5870480404183887,-0.21371601685051342,-0.2743999418886303,-0.02862431069979655,-0.6135442790705882,-0.7792373576466346,-0.7094749831966997,-0.7290263813776156,-0.8122388359433208,-0.67248298008813,-0.5615205718568234,-0.5636059767822917,-0.5791174067678861,-0.6449367525798883,-0.8210447279523453,-0.78758323694429,-0.4030783403583167
-0.3634177247675825,-0.7015015663918275,-0.5960315257603523,0.04698641464088462,0.08134197922312442,-0.038898430601056515,-0.3216474913155316,-0.1385751481305261,0.06257028729881163,-0.28685685804046007,0.19206044232898536,0.29240278096466954,-0.04271300932001661,-0.6700296209592892,-0.7097719089245158,-0.24259441043330468,0.3547480867158772,0.36899262767717045,-0.4564873455687736,-0.7060355964188642,-0.413838236754452,-0.6517668910081498,-0.45365433228189633,-0.1122418010684577,-0.29078709734530633,-0.09360292275389223,-0.18872772292758708,-0.5742267598870477,-0.38611082072111236,-0.7258552696837273,-0.8763130835918567,-0.915537250536517,-0.8422526978958578,-0.7717552338240697,-0.9063671178663288,-0.9493733797941865,-0.9443834769277032,-0.8696609855751171,-0.7586816227073442,-0.7326979000612234,-0.5320904869106352,-0.6884165476132751,-0.7338569365229264,-0.841628086528024,-0.7877197806074169,-0.42157362695193185,-0.6203954648763381,-0.5699337245135506,-0.6075126442830048,-0.568597361411511,-0.05864505300700628,-0.17272203619569948,0.04914762296039472,-0.5147413745274414,-0.6281421524964359,-0.6499554610689176,-0.7263464025193854,-0.5318016925352265,-0.2945444635258385,-0.5965237725985046,-0.564021347181975,-0.4260985957151462,-0.25442536995919035,-0.4219263348518728,-0.4724128643901537,-0.05113972257103128,-0.5009568024137117,-0.8345168309950654,-0.7653489556207536,-0.39585191569309935,-0.3182505142044379,-0.42672055232274425,0.08268949422715922,-0.007825988924935547,0.14513575661112277,0.16161054169687014,-0.31119258948008194,-0.521960968757929,-0.6420296561092986,-0.8613392322580917,-0.9575016494937212,-0.9264514101705111,-0.7154204710332028,-0.11520445810864428,-0.18300137250698562,-0.03523942501950132,-0.6258483913496002,-0.8409746843730281,-0.8189464958365568,-0.9242171722789376,-0.8654697082753708,-0.5551021487551733,-0.2502777116740813,-0.2069709205788179,-0.7272639695320432,-0.900207513944998,-0.8614851278431788,-0.6927848927033747,-0.5807454221507233,-0.1238601312746111,-0.006587835589805574,-0.03745017088033938,-0.28870763658752363,-0.20001281697110632,-0.568843824042304,-0.5495889228149398,-0.8026836834400127,-0.9042257844604799,-0.913545330953436,-0.8142459941774569,-0.820036932666567,-0.6241181205689733,-0.405016109363024,0.013329187495645723,0.0684015053675341,-0.6229728952804763,-0.8533949961354681,-0.7661238360881992,-0.41551670032407445,-0.6205083294448476,-0.3505981020139205,-0.5572632216810939,-0.3459029897369085,-0.6201209998463665,-0.6197561862632925,-0.6850916425744591,-0.7707735122570211,-0.5824739997559709
-0.6316926356281614,-0.5899447860823688,-0.48629406684552945,-0.2895100117346813,-0.34280235166221784,-0.17822351520633672,0.14799105721179942,0.37715867591312724,0.21422398358691105,-0.29997028132381637,0.03526623994522287,-0.24557050904263444,-0.34456698552462284,-0.5137884349291102,-0.4739847135725643,-0.11870166084243752,-0.166988103823567,0.08532392030011839,-0.432958001044604,-0.690334684042191,-0.5983478970664043,-0.7834010589070545,-0.8083495962587257,-0.7146126338568544,-0.715200352201614,-0.6535677191143103,-0.6530746672683502,-0.7634087664990741,-0.7650281668900671,-0.8749184180165778,-0.9632736440529068,-0.9925351063945589,-0.9743368151083663,-0.9532671861815798,-0.9145150053717425,-0.7958281741852853,-0.9045936555658995,-0.9611877073735108,-0.9229079198529788,-0.7531651807272224,-0.2772250658439591,-0.3546367575337736,-0.25570372504682404,-0.7348500747544721,-0.8701472963880442,-0.7969077645524562,-0.8424278222162789,-0.877565112321978,-0.8782618643857462,-0.7022795163379117,-0.1572072310790961,-0.4356621727607158,-0.3245054888125071,-0.3480430954493212,-0.10504739813136812,-0.20622748762412815,-0.7128943877685495,-0.812048444535344,-0.7009546847099299,-0.5688923033307282,-0.40428657801251044,0.008337690300196278,0.08154894579209737,-0.5231783937598482,-0.5719493802356994,-0.1460369158446975,-0.624343806490489,-0.8092097424598812,-0.5348838571136653,-0.0001444442504256461,0.08704259019515982,-0.4772461351530101,-0.4325972520048182,-0.1499450199847994,-0.38935296937980407,-0.5002599505872037,-0.5655944511947611,-0.17620344263999513,-0.230629280829758,-0.7705709618438369,-0.9508340688383742,-0.8610958940121493,-0.4971456305363246,0.17251273080082402,0.27944170226477766,-0.2427558355272423,-0.5270432598086585,-0.6788079389437913,-0.4409496283103784,-0.7186496254996897,-0.4748697366966808,0.1804420916914815,0.26883460614863586,-0.3011954135054266,-0.5529054977326592,-0.5968109698815117,-0.5157536742403127,-0.23478549792362516,-0.4060421060805941,-0.34822763248600597,-0.3432052945499313,-0.1454271571295744,0.08601628754201378,-0.39951460146502066,-0.6152386645500763,-0.3635852753905356,-0.7085085297533726,-0.7340945847525688,-0.7188671617345012,-0.3702602774147197,-0.5863438045476159,-0.2800346641624731,-0.4235254489547442,-0.4288767494462842,-0.4124303729574691,-0.7593138242880805,-0.9028564496339251,-0.8899522244245673,-0.7633468976207604,-0.8128411107349391,-0.7681958826173766,-0.8111763239866208,-0.6506075142877642,-0.47332991066542035,-0.09161396147399231,-0.16285504658489952,-0.6520438611133291,-0.6644818548195928
-0.44269811910742357,0.05822063199498519,0.16725348772085752,0.18060303852754703,-0.22153399398506235,0.08609116924854834,-0.13222916373950358,0.08002481119442212,-0.38135734051041503,-0.628758118102827,-0.47044479675201933,-0.49207449771554745,-0.05999784204207908,0.04851106005727953,-0.04466988981315935,-0.44705487039425723,-0.6259556250441072,-0.46659096100728326,-0.27802499550748805,-0.5766327952281557,-0.3583159971552166,-0.7400973274306833,-0.8963683312215591,-0.86900978817384,-0.7679602730119475,-0.7683589422297431,-0.6115789157387612,-0.6232190537775504,-0.7511920696472889,-0.7340067208732899,-0.8666555903724984,-0.9624251806933871,-1.0020162596437232,-0.9579438684134562,-0.7277571390470674,-0.2480846587193607,-0.6815962535618426,-0.8847726188223626,-0.9017749837815195,-0.7031260047265109,-0.3916967277989208,0.06964907843033386,-0.2688006072055956,-0.743661587081433,-0.9228138034100922,-0.8888586412124734,-0.8014519115895059,-0.9102009982648903,-0.9530565020866809,-0.8310175922854464,-0.5301629755075664,-0.535295864866579,-0.10621537867380382,-0.08585835795066789,-0.44328138632705555,-0.6161878145532376,-0.8246620572565323,-0.8667296083452662,-0.6582165354429456,-0.02691223303945113,0.012295641471684837,-0.22330926754668953,-0.06715174666873625,-0.583407692157207,-0.562418524088626,-0.39255119256310644,-0.5124715939504471,-0.5504679756334613,-0.07035391598743583,-0.19942900969206404,-0.04878589841795116,-0.6369189440354559,-0.784504647913847,-0.6766219723298351,-0.5885175709235746,-0.5741939649994671,-0.6408496666833793,-0.4809106605137525,-0.6253134673025501,-0.8744624627958504,-0.8923051422278998,-0.63185222595414,-0.19380469083415175,-0.13461632242517127,0.26082586649688927,-0.17706212716913905,-0.07341479278932816,-0.5986804870731031,-0.6834230644449819,-0.6642769749293339,-0.0832785155166796,0.3027392096088452,0.23424699130389517,-0.3192499651118536,-0.1022971311007848,-0.013428443004193902,-0.05642400697502678,-0.27209232111449505,-0.04390105651563022,-0.01430448140355288,-0.20608934751939204,0.10614311777834375,0.1148651614670552,-0.5611972126154061,-0.7998407701561986,-0.7186014267137578,-0.7093153335199527,-0.40644294548632354,-0.6379879859889809,-0.5389771643213959,-0.6864954360120661,-0.5542086893726962,-0.27205812647827027,-0.497171780483125,-0.3007072571117383,-0.705456692112504,-0.7592109248470384,-0.7973917000949903,-0.7247926643765511,-0.8311076731146364,-0.9053857193961915,-0.8545751796009505,-0.5332646356463063,-0.13260653456784896,-0.20330332434795845,-0.3463947443230518,-0.5822113586107036,-0.33935609618634144
-0.472303715520241,-0.02350360749579465,-0.15668424875705333,0.09604172360190151,-0.16870893380099725,-0.008320401786061507,-0.5004871487506355,-0.6251039364876066,-0.785260367726051,-0.7610482582103619,-0.38571645958063594,-0.5729529188958857,-0.35315070312216684,-0.24408237160560495,-0.2800555610939021,-0.49582004286246856,-0.7208675159254083,-0.6584800938775884,-0.6953193061047984,-0.8031038465734688,-0.7133235840719798,-0.7261031076000278,-0.8572987592822943,-0.7966889952167208,-0.4249558881525998,-0.5005934040194175,0.08202578218033274,0.12606781964664035,-0.31013193799656164,-0.061528416324338905,-0.4992287194725278,-0.84595387028977,-0.9622721188955421,-0.8585698513460337,-0.5102296353209812,-0.013078600927808404,-0.3911111093985056,-0.6111688406811767,-0.6713805763320424,-0.27030321771228927,-0.18089518791438663,0.1990423695182211,-0.02325328050440027,-0.6604788449197473,-0.8625111755154946,-0.7971910792575331,-0.471414136609669,-0.8200989523898807,-0.927874304763326,-0.796786522431131,-0.3861420159441961,-0.6627595751839014,-0.6432659057920853,-0.6620707768418791,-0.738861641713244,-0.6447876918772173,-0.6368688622405884,-0.6605179070657136,-0.607965180030842,-0.12333210081576707,-0.4217495068517827,-0.6561770881020731,-0.6688156773078685,-0.6741151852415413,-0.17735684799454282,0.09596573997237716,0.1706807809562531,-0.16428913773443354,-0.0075587707340799065,-0.471731642694691,-0.6359674671436143,-0.8739284230969891,-0.9320432089086699,-0.7525669433298307,-0.16329906965599497,0.11816368982221459,-0.21857935058511607,-0.19476089378545752,-0.7017609260035478,-0.895874567901112,-0.7806361851329521,-0.36531327711703077,-0.5219924469414445,-0.4787346287330716,0.03339912807753899,-0.1624098100046608,-0.03143365836059105,-0.5500887382794961,-0.6627204437523787,-0.746172324714566,-0.6311346112993592,-0.52473206829264,-0.5460551841391973,-0.7310717141831549,-0.6743692529421752,-0.6258816645793853,-0.5819205988657802,-0.500308703238693,-0.4847776993241963,-0.4470747359948582,-0.18730374778781303,-0.3336570794706439,-0.38288896408267187,-0.7510975687624213,-0.8624415479835527,-0.7548907874589255,-0.8067939788915381,-0.734171548882894,-0.689544724591625,-0.37768243990788536,-0.7297435557663134,-0.7795344776020363,-0.7370246494336132,-0.8013249266208385,-0.7471965434095837,-0.724963692238727,-0.30573546323641393,-0.3966142544952311,-0.22020349990041999,-0.5773830774898951,-0.8255626788603355,-0.7146707238761804,-0.12502371195805798,-0.20488474226230194,0.06571370533529222,-0.019819353810283182,-0.39958181334659465,-0.4363361344890388
-0.41485867593719866,-0.4867554447294476,-0.44262765846646784,-0.38592035491228566,-0.19228957857388754,-0.5216880293212405,-0.8124183614146732,-0.9159304746615974,-0.9634380753669867,-0.9218082294886836,-0.7246726477865103,-0.4820312090960363,0.005573188894566737,0.16283820948866848,0.22094374026361524,0.11488550994851081,-0.4291726261825254,-0.3496664917035115,-0.7236219155089165,-0.8400909446543294,-0.7471729737451583,-0.44249083674556217,-0.7942412629802537,-0.8731843474193494,-0.732100688970854,-0.5746477732901029,0.09156023854425618,0.22152575796383267,-0.08696597219208155,0.17073081362619225,-0.08960521906984058,-0.7161220569267887,-0.8488469458952438,-0.5986291337895746,-0.1168848386200904,-0.05927087812532529,0.057439207796527884,-0.08120418813613636,-0.4368037549068711,-0.36934968478707697,0.03247529748552849,-0.2925970727412611,-0.4716886911935335,-0.5999298940186226,-0.6877630391161361,-0.7781791438933305,-0.7362281264115154,-0.8637215418298153,-0.9436105122418493,-0.9057751874715535,-0.7907387616036786,-0.8781280880950125,-0.896627466137009,-0.8570936979366741,-0.72760345027859,-0.2082334444379848,-0.042066085911913034,-0.13457506577071504,-0.5748350110772525,-0.5899050356582983,-0.6338076031077318,-0.8051292840838611,-0.8968749635452525,-0.8898415180991479,-0.6807799989087694,-0.3899612196762254,0.1557495971373586,0.07614406162548806,-0.36151308191163156,-0.5950781565096718,-0.7988052049850509,-0.9540829530252313,-0.9983805848742011,-0.8867681676261311,-0.42485144405635705,0.32905685934386447,0.1198208555203163,-0.4617857323930131,-0.8020596987689618,-0.8812904778234693,-0.732371690253033,-0.6715096733910432,-0.7978562137806061,-0.7896026587838516,-0.5170868275027668,-0.19606052714606606,-0.40645621023739065,-0.4438144993065659,-0.2425669809571094,-0.5676457974441124,-0.7806622000575757,-0.7610318159678625,-0.6840068256734957,-0.8471088848713721,-0.884911739816681,-0.8740757365907929,-0.6704391471597766,-0.12490156702223586,-0.4294683476432511,-0.6828172642276745,-0.6274483057309022,-0.4498358687349363,-0.22255838546299908,-0.7059029221237977,-0.7705297004957428,-0.45623362547967855,-0.7896291056443882,-0.8865767295641613,-0.887340756401645,-0.7910606651170907,-0.8075154902408718,-0.764398068330352,-0.8611502852265235,-0.9141127192755027,-0.9307696020099337,-0.8024530585723065,-0.3742384697245893,-0.10957978468851545,-0.34012959193017145,-0.3046506747021444,-0.7397824231844787,-0.654585264723397,-0.06978416988845425,-0.2500113642917186,-0.27131614782992647,-0.3457037817476811,-0.09947425236118801,-0.11251282904836592
-0.23890818344746614,-0.4127919128797163,-0.08318285715298121,-0.5378416973156459,-0.6498140295468442,-0.80265218075382,-0.9422162141075552,-0.9954432511423031,-1.0144481583017637,-0.9764743567322441,-0.7694502570197401,-0.23256991646397146,-0.2559916505525476,-0.3290450316206842,-0.1397136368798625,0.1284255987442304,-0.3169262427709641,-0.5546947846976701,-0.6225732099881663,-0.6568232175752122,-0.7898960861392644,-0.77571297112579,-0.8755323212129185,-0.8887515853507806,-0.7589584192333376,-0.7391906975433183,-0.5238275235979519,-0.3529379551429595,-0.13042958057307855,-0.4008504720363379,-0.6216079959576915,-0.8413561570598032,-0.7817233956400048,-0.3285357048005266,-0.3509048082088102,-0.09767555260393414,-0.3533721507364517,-0.43552525510624307,-0.24535944188952577,-0.407720663567376,-0.09716281942298725,-0.493112812453722,-0.43939647950129646,-0.12069715133998207,-0.10539468494707425,-0.44802579371389795,-0.5484807607918257,-0.6771144712990137,-0.8778469615440688,-0.9473963043492517,-0.9444305043144385,-0.9682860868598107,-0.9240021852401545,-0.7989946478836122,-0.8107877087897354,-0.6659506800380365,-0.5377468910213474,-0.4069499903400686,-0.5050996854130617,-0.5992845590709471,-0.31933868468273885,-0.5796145806890716,-0.8618006198863604,-0.9635774736955058,-0.8980272931766512,-0.7295197694420543,-0.36480754274806565,-0.31978046389031034,-0.4791668878287267,-0.2877592701942908,-0.6072769829834378,-0.8483922470779212,-0.9491587590117836,-0.92295111008557,-0.5704747865995469,0.15704995279699896,-0.3177078976567646,-0.6776301072783614,-0.7253974437769576,-0.6890886016519087,-0.32330275605212405,-0.5553948281128185,-0.830012879103731,-0.9212944352385659,-0.8532427321195863,-0.7236911943764692,-0.6443614614149765,-0.27406390989131807,-0.4012622789971802,-0.30475202389832173,-0.6620469542921196,-0.5058064295182788,-0.143189648712594,-0.5930997694643463,-0.7371670115097603,-0.8510061519934136,-0.6380915611247535,-0.020405491862309545,-0.12730956843755326,-0.6368514745177725,-0.6442487784899479,-0.23451679806433878,-0.3988166097542029,-0.7583508264112659,-0.8357999089684522,-0.7633844071421895,-0.8949608433823846,-0.9375545253252026,-0.9251057284146249,-0.8040726144183078,-0.5628960994485657,-0.34288506295540594,-0.6759202837555602,-0.7358735605673458,-0.8601022443758176,-0.6624509114209448,-0.09340663882652872,-0.42436917482782854,-0.6503605035403088,-0.7022357982100297,-0.813236959176195,-0.5913262346564515,-0.1997380356161011,0.04238986572552832,-0.09012084923343142,-0.5855848286465323,-0.6152045223334687,-0.47689305415421795
-0.37893997723696937,-0.2512582819585484,0.11291908959205287,-0.490263410987543,-0.6012538335821825,-0.7018247470872159,-0.8945566575614117,-0.9596134362370563,-0.9963756798233804,-0.9612191894496132,-0.809227551288204,-0.3944578193555883,-0.11740763334951025,-0.420958655229634,-0.0725396318552972,-0.024688238568838523,0.08097721549735347,-0.36521053393443437,-0.04189160841575669,-0.011117278833923465,-0.6242018897681268,-0.776415864710133,-0.7364876999183543,-0.6926354706601491,-0.3466561016473634,-0.5002740602395287,-0.4663363953438969,-0.49848684745922783,-0.611631286704222,-0.762386222825675,-0.8826383598391226,-0.954916426049436,-0.9171590943357056,-0.776728323859145,-0.7683925399967674,-0.6413773701116047,-0.5850757591004778,-0.7102404520932745,-0.6599889031327861,-0.6017408487080143,-0.6093971466097052,-0.6557444009905594,-0.3187854960732767,-0.41265945885378735,-0.20138212127773442,0.07548242177010288,0.08852630414525284,-0.15127510504392655,-0.7403033195639526,-0.9331875244132628,-0.9528522022812503,-0.9509354444694291,-0.8230130215542428,-0.46398257173616664,-0.7780036958707001,-0.8434648505237481,-0.6737756893383153,-0.08904859703622703,0.05379567356274805,-0.5010763351755176,-0.449328985779085,-0.1175662338690851,-0.690590531903241,-0.8771799253721961,-0.760387311885776,-0.6670562584560886,-0.15148121789782834,-0.06774679247522346,-0.3957368112539132,-0.4227262811147988,-0.24071852252779719,-0.5309074418259847,-0.7012008381832976,-0.8495319586429604,-0.670265307815809,-0.13651089642947614,-0.5794992770413068,-0.6994905659976872,-0.3550077437191662,-0.49266246994350793,-0.4618491781065887,-0.3123768244022256,-0.7745515114090145,-0.9502242182548019,-0.9782263054833733,-0.9363659340640463,-0.8527139757340053,-0.742410695538065,-0.7670669591940931,-0.701305867648825,-0.6683064939005385,-0.1353069976027451,0.12542197748664732,-0.2457631921538058,-0.2741964421031915,-0.6874436378575741,-0.6394835701451428,-0.5627458193516359,-0.5798292080474523,-0.5712584467394097,-0.5531277796040519,-0.47470034876928163,-0.2760915418295317,-0.6528890167551306,-0.6542687773321695,-0.6333485785790182,-0.7852154390977549,-0.7204744614939901,-0.6258913636358382,-0.4079908118060367,0.008489823816342737,-0.333917192337205,-0.3391429370960428,-0.11930034412228738,-0.5705302633701105,-0.4227114110887726,-0.07874067844429739,-0.5423618903493131,-0.6139432349850391,-0.6158828493613464,-0.6547913210354739,-0.1217700632035924,0.17327383116979989,-0.2794184554999671,-0.5704426798627271,-0.817023147134676,-0.8245915739222269,-0.5714775796142304
0.14615936622755019,0.2113082462228996,0.1474823749627034,-0.39023771352558917,-0.13449946244508912,-0.2239314324283913,-0.6887893896645433,-0.73138420012971,-0.835271931793598,-0.7732247037708605,-0.6935792894715461,-0.22307059405811627,-0.3488426566869169,-0.5974694154857004,-0.45466210197991763,0.00623543040580207,0.056168434961627135,-0.3909976711985842,-0.21239677992912254,-0.016324456944909586,-0.5528554898845396,-0.5393029312304952,-0.2666823055465206,-0.47318701169398886,-0.43047470342577787,-0.00601957741319777,0.2186876667890385,-0.04126499898717079,-0.5937087447158723,-0.726965726734947,-0.9008489326142256,-0.9781990329312318,-0.9496695766186939,-0.9107506918726848,-0.9020819948801644,-0.6934149576131579,-0.22632553446241827,-0.6562965523336116,-0.6914246608215897,-0.3760104270593429,-0.718594771084709,-0.8268369754829524,-0.7447895440292055,-0.5429045623261524,0.0850391933222341,-0.05165949424996696,-0.22282164442669544,-0.5502985483052653,-0.8514517310125251,-0.9041302048420131,-0.7798958489511585,-0.8458330502252616,-0.8646376715328707,-0.7945269022384553,-0.9078421356651615,-0.9506393597080594,-0.8168899000010074,-0.42564723555730527,0.07150544573467207,-0.51302774591134,-0.4964310664995809,0.03194596980278774,-0.5677575551496685,-0.632466833829356,-0.2006487153574113,-0.609725689909014,-0.6044264073585713,-0.4612418290081831,-0.20128547478996647,-0.41556435833319416,-0.41148342712109176,-0.08633406442120599,-0.1780573570489326,-0.7215259976610036,-0.8336478284320116,-0.7345492822034626,-0.8564817203566045,-0.8539325743407802,-0.6195727389410197,-0.31156879527960885,-0.5903888395606673,-0.6618561650979635,-0.8448309781124083,-0.9696041408913854,-1.002596269706864,-0.9403438696687112,-0.8106703189436856,-0.8647808806063814,-0.86759714880745,-0.7201709372981122,-0.7441753438184224,-0.5431008506204441,-0.2296466562791435,-0.09903045098569224,-0.502146655198625,-0.6647081050188581,-0.3980088507681705,-0.6813769310252249,-0.5869382511694938,-0.01734762025902219,-0.10005929377871273,-0.5833756228235812,-0.6182671804283878,-0.4911167441951116,-0.053673393582711254,0.07797720419856856,-0.4020294564301786,-0.1337446222483146,0.035699518416641096,0.2032080738187205,0.3399953513464995,-0.11183193064295743,0.2205882011837069,0.1414571378004692,-0.34303275319233456,-0.046703839481936626,-0.40348822574399107,-0.5407035265895337,-0.09172678989788907,-0.018341955768776497,-0.5364104098239884,-0.3240974497789506,0.24171059810844367,-0.2119905887992464,-0.4531495816201719,-0.6050842903856353,-0.6118499657697182,-0.010598399217565623
-0.28790641798448563,-0.3212367563917681,-0.5210482617501438,-0.6691474471964646,-0.4688652173398701,-0.5692353618006721,-0.6044737478182163,-0.19829550041866315,-0.5256244418168008,-0.3292733205612414,-0.6162887744535535,-0.5038725337561775,-0.21545791479733792,-0.5378505859444832,-0.70220548260755,-0.5985912342015948,-0.5311551886937771,-0.4388461481814566,-0.15254026424851563,-0.466629898592723,-0.6278498369362221,-0.2674306315419408,-0.3967900278313748,-0.2691680968731064,-0.5881136013105462,-0.4116886399903574,0.014549475041053568,-0.4033963851280828,-0.5972749540447494,-0.40670388313080585,-0.8048576831997784,-0.8862729876792423,-0.7098551026987919,-0.6788305853248919,-0.8239833105147117,-0.7023818596106187,-0.2561890448664334,-0.6882006143186951,-0.7402589616002198,-0.5884739362325841,-0.7539322179252843,-0.7316643976144035,-0.7072321893421711,-0.33257178223625866,0.3729878499856559,0.32938335059589424,0.007964612607845244,-0.6531939133071065,-0.8853109281728636,-0.7380602525561736,-0.1837895788111188,-0.5031977193712504,-0.8021264164163694,-0.9030218068170194,-0.9405870104731358,-0.9234435514744529,-0.7588828130857229,-0.5694017434012028,-0.11589978297566161,-0.6079023893734625,-0.5416930624830235,0.061789870228989574,-0.4467784780469673,-0.31357808170608653,0.12381558131691989,-0.5451378564026125,-0.7476401835485174,-0.6238503654117951,-0.5015039030524389,-0.24781018139761704,-0.489496212634781,-0.34775396363410516,-0.39998674377155174,-0.7418050586683259,-0.9097524600132616,-0.9445289967842858,-0.9788088005833677,-0.9674623316251362,-0.8690998185292602,-0.7021043123093094,-0.6071943276823886,-0.5695833135808845,-0.6405056204385963,-0.8383374949119705,-0.9022948710613202,-0.8195389949260768,-0.4708727558874157,-0.7482681484202099,-0.6790982249863656,-0.13713838636750195,-0.4495499858430589,-0.5548046347115939,-0.22664760728254016,-0.5314912475590907,-0.7818767973067963,-0.8638253598351908,-0.8066931466279926,-0.8592761610127113,-0.6889419654689117,-0.1459854107606521,-0.46078540534862916,-0.7229699284898934,-0.6720650052418067,-0.2629865777922818,-0.22107785211386713,0.1519281175558976,-0.4608258530518735,-0.5873383405076055,-0.5428157451173472,-0.35452245726864007,0.09153501402925136,-0.10398987723015936,0.1270211363577154,-0.3316729195986089,-0.5198914784791545,-0.18139739845224484,-0.5631499606298228,-0.4650683628045011,-0.16004592729888553,-0.003284749228469214,-0.5057966074189225,-0.24135023894984187,0.4261633521075204,0.3932736633695029,0.3725177285226998,0.15828207268289304,-0.3495659342781408,-0.052901919434752254
-0.47254210293180887,-0.2695584852021026,-0.6704236337116427,-0.6275512235502363,-0.1702718984149578,-0.5955226972472369,-0.6325002112403261,-0.20931998097780613,-0.5464932296844818,-0.4647466598240791,-0.5759590573254757,-0.6882882528160384,-0.5562105110322972,-0.3494160262286492,-0.69129528250437,-0.6702026761792842,-0.6386768245867083,-0.3023972407015138,-0.538239793889018,-0.771083775555642,-0.7575490831948862,-0.5317365762118291,-0.6662733544304111,-0.702333258358612,-0.8353823880278739,-0.7444361455504466,-0.5035878539039627,-0.647917588784889,-0.6452086281904916,-0.7067303182241753,-0.8550305929767498,-0.6938191574920917,0.027144019955693082,0.09556481362367591,-0.6000208286921945,-0.8015701615980956,-0.7105191172261298,-0.7667606217489243,-0.5781588614554152,-0.2776905590545262,-0.49589682623032866,-0.05750790195182955,-0.17917041436269443,0.2802996983363105,0.41224986075509534,-0.04219070853668188,-0.49989133355719667,-0.851349688261634,-0.9342062791464385,-0.6998852280111075,-0.031005589850107283,-0.12165108240863354,-0.7019125125057553,-0.8630580185942294,-0.7840175022598795,-0.7176469039972116,-0.36474723236871326,-0.5625068926575219,-0.49679190461486805,-0.7466700726163154,-0.5985831975412814,0.04586769455310594,-0.261581415844711,0.26611069353003924,0.3630965019377783,-0.4688708376405977,-0.7011566597623143,-0.40215555689009813,-0.571138766734709,-0.41850139219385646,-0.3550597067135908,-0.006595604347186787,-0.012760862880187617,-0.5055222768946335,-0.8201579828258645,-0.9527688819679662,-0.9716377263946304,-0.9888926519197319,-0.9500576753179305,-0.7361055788954269,-0.15870152985297917,0.07815566656777931,0.10732290276114104,-0.3818534993767752,-0.6026908997342215,-0.777647359585426,-0.6938289596470778,-0.6623823393913288,-0.5143857629766994,0.18410600394468185,-0.012581606516013456,-0.5598384222095879,-0.6869668920623755,-0.8367543366202979,-0.918239981797805,-0.9576993999157322,-0.9270237404018252,-0.9263284297139961,-0.8708460937871911,-0.666423319996904,-0.5810524493631293,-0.5925947879558431,-0.6068516358586445,-0.6124080959679968,-0.5210881889829277,-0.1154604087468883,-0.6396302653966431,-0.8497946124826504,-0.8789445390550668,-0.7863312113945732,-0.49894924663128265,-0.11589950542720472,-0.28717511190508677,-0.6556400135670384,-0.7783177393490424,-0.701200451500138,-0.5897038123125091,0.1050964789655919,0.24501938458298572,-0.30858837024758284,-0.4944136419313824,0.13808285934432715,0.4105094343318859,0.1918414743736571,0.36287494714251095,0.2204112394258911,-0.29158398517030965,-0.3659591270761477
-0.3562068360067408,-0.459275228331778,-0.6585179453172709,-0.4888239691238912,-0.15152217424794523,-0.6662588709249485,-0.7858080389996795,-0.6642925443963144,-0.6217234738573023,-0.17380228531467765,-0.2134132644360844,-0.6966597193018852,-0.7785538724550506,-0.732059345766248,-0.732574906915228,-0.4223412872498415,-0.6738085576305235,-0.6551311183689945,-0.6615198851839689,-0.7249053467954679,-0.4938930408553364,-0.08342889984302537,-0.5280906935545613,-0.6731533369910832,-0.8484419583417065,-0.7661622567049459,-0.3582155605590639,-0.5749450540890672,-0.3682012989832988,-0.7527452786999389,-0.8985416989210989,-0.6676979160108517,0.1729841061431682,0.31025542105379417,-0.516508626684579,-0.7982927520439836,-0.7181721046051188,-0.6918677461254499,-0.33309533171500805,-0.5008215924261952,-0.45774369150425687,0.2473895007799,0.29735438200474806,0.37679777869496156,0.10976626220793169,-0.046966078143789586,-0.6643747002048526,-0.9068370988616352,-0.9696936492251284,-0.872971096404238,-0.6520535422710165,-0.6645638273040153,-0.8027993189474255,-0.7393305594971653,-0.35140636525616376,-0.45607787430592145,-0.36234104619160046,-0.3343362229581278,-0.21300517081319784,-0.6959369443463687,-0.6477110811874279,-0.1307202744094414,-0.31175508939477176,0.2007291319975448,0.1768830545884735,-0.5800073645085075,-0.8365937454124737,-0.6994961239344535,-0.4482047192111025,-0.05552136821198575,-0.05769765818101779,-0.3206562747713145,-0.23441364753338953,-0.14396057463755316,-0.5291501825290637,-0.7786028760297874,-0.7614348931666024,-0.9158941173006767,-0.9635767625707815,-0.8055388985348174,-0.4499367703856662,-0.24465650726973678,0.1899422856170604,0.19142470137055645,0.09361155312755595,-0.5114843149946309,-0.5016548685426931,-0.2570054767002905,-0.4343868887504984,0.01608667489398274,-0.3664624007270712,-0.6136361006845568,-0.8299876809420141,-0.8933078445123632,-0.8157344463934371,-0.8205833976501553,-0.7221221399097155,-0.7238019789396409,-0.8158495665246227,-0.6869314478615383,-0.1493854021187,-0.012624103331244568,-0.16744404719588554,-0.6637541020307222,-0.7575731010010429,-0.7007638977785654,-0.8771735634368929,-0.9644308018417405,-0.9650196950535891,-0.948942449077392,-0.8250610385625503,-0.567201728835554,-0.28732306891196063,-0.675150588961463,-0.7429507309738623,-0.8166776477915462,-0.6342680483151883,0.07651990392613457,0.13427547517975436,-0.48523794161311873,-0.5901206475961563,0.004651553931929287,0.046984923697107266,0.07133605574878715,-0.3023848673999871,-0.3716504715779691,-0.10770585371201603,-0.06739811668812108
0.0033051655423296713,-0.0490091795300003,-0.33805976881100563,-0.15677142242722666,-0.47596130831151856,-0.7474093713860929,-0.7026980099590128,-0.6572096862046636,-0.7280097039699195,-0.6565150612218839,-0.6664872853848999,-0.8079238500783231,-0.7653682710765499,-0.8254271968678714,-0.8624696725278725,-0.7371810298590944,-0.6830180181167775,-0.6565737202903972,-0.2979084528480952,-0.36105296157698574,0.002182359404258418,0.13585889818775787,-0.23781599867173978,-0.2361204715401494,-0.7438578631385404,-0.8651981844433174,-0.7809144538807835,-0.8117883943613986,-0.7495550082352045,-0.8951145874822597,-0.9377788830092134,-0.730454935343113,-0.18070647249050245,0.07490835729930537,-0.5867056493947909,-0.7353384207219019,-0.4365548044477633,-0.7113289848679878,-0.6702288107284172,-0.6217126966079711,-0.5478333553478484,0.005799462631727466,-0.21136038989088685,-0.10776964709436782,-0.024439181422734112,-0.4926440988504857,-0.7531127693997648,-0.7892300905213393,-0.9155019323937837,-0.9457108025453206,-0.9070241142277995,-0.8471406538771579,-0.7048226658789014,-0.6091510992419744,-0.4615800880825641,-0.02798269737546486,0.18242045826458242,0.26858735053073995,-0.20851937217957628,-0.632042818877836,-0.6218233680696564,-0.5351671048374322,-0.532916319547003,-0.5078097216320793,-0.5913586262202564,-0.8589968659843218,-0.925326855839157,-0.6654950116460104,-0.11030343104144781,-0.3882611785247285,-0.5370011891460594,-0.5727460846974746,-0.16931561573476023,-0.2779231862670139,-0.05343227033404981,-0.41145401576562646,-0.1450324391097194,-0.699135099604351,-0.8375410068176831,-0.5704412375391188,-0.18101718387159782,-0.3612350616093609,-0.37663133333778925,-0.25513080297955526,0.14395362379723692,-0.3371481645868722,-0.17846947042640618,-0.3707683821876253,-0.5511746218821245,-0.4179671501158723,-0.5347497821141691,-0.3476032654429084,-0.7463715343193392,-0.7438153094904407,-0.34475226827947847,-0.3992968043881112,-0.10743203109447996,-0.1140732896291219,-0.5261791237936915,-0.6797222181185493,-0.47105520049463556,-0.5209793845930587,-0.6503081411121634,-0.7982716029439354,-0.7590691931618725,-0.8564880939116687,-0.9450835753555664,-0.904469003244703,-0.8200815635788045,-0.9253174221105693,-0.9427927727747188,-0.8646395501267857,-0.743425787476778,-0.7221871419488675,-0.44513349789337925,-0.7846490701514868,-0.823195956450432,-0.6208631520440301,-0.5534852707879927,-0.6529583868214293,-0.7534651082569197,-0.4324443909612581,0.06794450911328481,-0.3987315365677687,-0.7499593344539252,-0.8138134344102277,-0.5824262597865042,-0.2415479368591438
-0.12665991907268506,-0.2917204360204235,-0.11333000134341976,-0.27845527390875324,-0.4866058255806228,-0.5893654358269286,-0.20759986165869593,-0.15956092134705438,-0.5346944039424294,-0.7142139000226024,-0.6590308734091767,-0.6913837152875044,-0.375632827904996,-0.6171988463608261,-0.7839378975395885,-0.7003017784857317,-0.3961733878269131,-0.6742773269294751,-0.5491348231247877,-0.23866055404944986,-0.42797469755750767,-0.3695040842525754,-0.08554276949066526,-0.35434092530009487,-0.7680046321720438,-0.9373909601305263,-0.9432252071107219,-0.8997562057769203,-0.7641745912445007,-0.8110393701717877,-0.6853840421962101,-0.3786557900204257,0.11587947645116864,-0.351626903313908,-0.7793643948895137,-0.8899146479024266,-0.8097306182958902,-0.8304406273983618,-0.7367820327557983,-0.4054192238222903,-0.615978265891878,-0.44563962038912047,-0.49945241073730845,-0.21472302185576173,-0.5315983254972901,-0.7161426740637931,-0.5938754990749181,-0.3719390099861722,-0.7822050105412935,-0.9419648089060781,-0.9431473863232049,-0.74558990457095,-0.24680076130780587,-0.20273055356508154,-0.5203633990032537,-0.328756752816136,-0.15388629976467155,0.3807874056837876,0.20121848824899988,-0.19993497210939631,0.036437006725108224,-0.21056422244023335,-0.21372421051200785,-0.6811502276378508,-0.8774485795290998,-0.9762929585563377,-0.9015732636694124,-0.5500848318613023,-0.11199860229382454,-0.537171682399341,-0.6441771732722061,-0.7097431876836187,-0.5050564608431368,-0.47902269403196795,-0.06917778431709257,-0.30553940605649255,0.0842546833413108,-0.5624915322586596,-0.6452108415548384,-0.1291925360895581,-0.2947842042016098,-0.16305376960541537,-0.42618038514071804,-0.4385130341792021,-0.008521120119023095,-0.3098831729185065,-0.3645029975499733,-0.14412818699385438,-0.34256890852160143,-0.21610704205070672,-0.5746496810154712,-0.5207106853230796,-0.7264752678740921,-0.658016387521417,-0.4756326360825748,-0.16523913977250668,-0.35027154540213234,-0.25443936285370244,-0.1600189780808839,-0.522898466757441,-0.3151638845175673,-0.7009874887289373,-0.8456402095848299,-0.7872434302258936,-0.46149147406034013,-0.8009987621849712,-0.8512932696299486,-0.5852761411720164,-0.32208279521221334,-0.7618400641155235,-0.9132368546743738,-0.9521671149516288,-0.9323785643183284,-0.8913723287369568,-0.8046759126873146,-0.9100633505441456,-0.9456472850939087,-0.8803486800566112,-0.7410143359275333,-0.44788012015149736,-0.7510244059464445,-0.5660805475465996,0.011577652107037999,-0.5739198563857122,-0.8647741106106468,-0.8451071682022506,-0.4878555100921358,0.08683034408174402
0.1681060897573448,-0.3062711815325824,-0.37050865137148287,-0.025660782528336267,-0.07151267981940004,-0.4406912001203838,-0.5339920715801378,-0.49169499659837,-0.29311589721058834,-0.4757662131022397,-0.11917879401272682,-0.5367231410343656,-0.5250904177350042,-0.2424727132471244,-0.48686607660254255,-0.5762186316640819,-0.68181640409965,-0.8368585958534381,-0.8082920632005014,-0.7411822935979437,-0.7722397964715351,-0.6544152846078067,-0.3284424787219126,-0.1543497759398707,-0.6866890155943588,-0.9199415031206797,-0.9335581734606317,-0.796871652163553,-0.3205506630735526,-0.37017515151212055,0.06279893865490623,0.40143973710799963,0.4041764631654609,-0.41821243189687896,-0.8562584622295025,-0.9732735763250076,-0.9031332273256955,-0.7560411304966578,-0.8108068220979043,-0.7415852501695944,-0.6702467432216613,-0.34189354617038326,-0.6764175264444724,-0.728241940673874,-0.7972687738601186,-0.7135866171899206,-0.3434511369288272,-0.5958584550680437,-0.8538768129264322,-0.9680625437684445,-0.9138821762149263,-0.6874271586157973,-0.6161990710539592,-0.6388392012316436,-0.5930930497253407,-0.0905895726088322,-0.29270935375285406,0.14956308563427542,0.05009208090771391,0.22044016344202555,0.3506885385195419,0.23662148744487785,-0.3803871494308307,-0.8075766494269262,-0.9643972978996141,-0.9540645090722621,-0.8085210527591977,-0.3424467249082552,-0.47079249598281486,-0.6148440633331783,-0.37115901365317294,-0.5978093170533688,-0.33426935260379464,-0.5903092358686381,-0.4499961016124823,-0.40122638127446625,0.10812497355611043,-0.5233290041977735,-0.5988846375069701,-0.17985750867935882,-0.5348452519330796,-0.5108908586901798,-0.24485224070403683,-0.42945124946603597,-0.32765718077838074,0.031193591242185112,-0.26560201825055774,-0.3741030611037669,-0.21923299735569454,-0.5286478066774807,-0.5793042756720547,-0.15227785491095883,-0.4994551240729024,-0.27101974963386477,-0.386274270796102,-0.33873535280452055,-0.43575806361580516,-0.13126819707091109,-0.34442640758968507,-0.6358534630504183,-0.6933456406452191,-0.8746106008692748,-0.9174174814799075,-0.8667930050515534,-0.7943330916394803,-0.8751939762957553,-0.7007189072418344,-0.07909962559073543,-0.28295593058772633,-0.6301822845908887,-0.7442335508313916,-0.9102096284372421,-0.965699074456674,-0.9393347087277691,-0.9354776022009573,-0.9658870036099895,-0.9591559274520053,-0.9581014106560367,-0.9094174924875849,-0.7952156014738301,-0.8272969842966922,-0.6425971693749284,-0.1749838361008505,-0.6288797033520136,-0.6726809791689007,-0.476673384803525,0.05119449182723287,0.4202709193823011
-0.22072408951903644,-0.21311424062128453,-0.5448115959641424,-0.4117629977831314,-0.41040974786134277,-0.2884112109176732,-0.6846601969506472,-0.7653438558888066,-0.6302595631078634,-0.31329865409494856,0.18854047382730552,-0.34024828606099317,-0.5658424319218878,-0.28808192622805806,-0.025966014653668875,-0.15667057762000794,-0.6856460818300456,-0.848212671095169,-0.7767638813192245,-0.7981588246279493,-0.6662972595269651,-0.4766938940379056,-0.09371910844876949,-0.2605511808975489,-0.5661519250818225,-0.8018008380410573,-0.7811069709335374,-0.7363328238640071,-0.3836082552925752,-0.028526389589797384,0.05501764730257449,0.39355649080403143,0.295827695745377,-0.4044521322738645,-0.8455757909257566,-0.9293158970935194,-0.7529190490348675,-0.2777673434747955,-0.6991886543477229,-0.8019976802900374,-0.7013890053490776,-0.7024097537606773,-0.8325084842933891,-0.8503952464054485,-0.7163384810677507,-0.6394500300945394,-0.6671394761101456,-0.8261016789371094,-0.9501453506093339,-0.960289237867264,-0.7267247055065912,-0.22287573737098926,-0.6420565263670812,-0.8121659291727081,-0.6951092901902998,-0.22610283808326637,-0.5462380710880318,-0.32658592168234457,0.154998891363406,-0.03454368723483268,-0.15442785818298788,0.055352782146385296,-0.4317120952704115,-0.825876135087612,-0.910014412360801,-0.7873099053593589,-0.8139556950402045,-0.6815074671041348,-0.6398983532817936,-0.7701905522618072,-0.757093375184436,-0.827103800745213,-0.7435647113717305,-0.6788257700713897,-0.30300160373063095,-0.350194883873528,0.1419456063198879,-0.463106484361463,-0.5706887972896117,-0.6339508471132246,-0.8194947648556461,-0.8105605532439956,-0.6078055422651623,-0.29492441718254947,-0.4101167137280087,0.12727198460888006,0.12935178516871565,-0.4848204180751087,-0.6876217440493048,-0.8050262261235337,-0.6651587796868288,-0.20053276668970582,-0.5588301156824669,-0.47656210395441184,0.009135489536545012,0.17097392608044598,-0.28199487632113274,-0.3869013511496779,-0.18197237646919345,-0.4728700596745747,-0.6247786810970495,-0.7983520505244764,-0.727386635300917,-0.7101051321579759,-0.8484644890706414,-0.9050913221474086,-0.6810899699877618,0.0038287642612305915,0.0581421029193739,-0.2547358283301151,-0.2632398910079305,-0.7363653012410679,-0.8693825767173977,-0.8100544089235233,-0.9019505339918227,-0.904387664299246,-0.823357249289232,-0.9169819196318206,-0.8962348956827584,-0.6736974544275669,-0.573301793391412,-0.577370506024329,-0.6031614305618556,-0.6288197729353944,-0.14687260017226622,0.12186637948052766,-0.12780053898638685,0.09822756637709289
-0.7215391462164299,-0.687660462781778,-0.6900818453723534,-0.3408983685107355,-0.6154019990235579,-0.7128010160735775,-0.8266244389573393,-0.7425478431916196,-0.5562366727937337,0.16434902601124968,0.3492490547258713,0.02855245046179305,-0.36072153196613926,3.498322204773383e-5,-0.3663846626244345,-0.6165675108187086,-0.8361474938679668,-0.7879815097315755,-0.3921735239590858,-0.5650388993416783,-0.18959528296627778,-0.09041977249956537,-0.23180410159750772,-0.007529479469631992,-0.1340300764981579,-0.5298919009932457,-0.3547397198645932,-0.5727607039200706,-0.22001653532759413,-0.24468085400442324,0.16384014116659676,-0.16532007691542971,-0.31835448697367585,-0.2655093654119362,-0.6920667701189512,-0.6906675041868593,-0.6071268113270606,-0.20884553579172357,-0.6427035755999728,-0.7231296050598505,-0.4206252238227647,-0.6834183632951362,-0.6789820312498637,-0.6733713281562501,-0.22720627507449226,-0.18335467015246518,-0.685005975252622,-0.9031393881940646,-0.9582728162504345,-0.8813080701696419,-0.5032595277004841,-0.08892080407109469,-0.6585532295617001,-0.890195862086675,-0.8615582840685624,-0.7490823858078077,-0.7582417241093713,-0.42041839816605897,0.20176111150725795,0.24176738744337847,-0.37963294401285136,-0.43113296011349334,-0.2880019220339433,-0.7352805898778543,-0.7091103496532731,-0.2629618557912255,-0.6580287400321494,-0.6905712857747721,-0.3989373153182453,-0.7349728685588757,-0.8833472678640102,-0.944967921971071,-0.8690507070037693,-0.6863481294674411,-0.566657573195663,-0.30611828780759365,0.1971836659391379,-0.28068257900921423,-0.12204696198535764,-0.6560489921466102,-0.9066223920653378,-0.9300387780381075,-0.8684470263414314,-0.7491075305281227,-0.7281334166745475,-0.40957740462554354,-0.07653021389450722,-0.6177513640156067,-0.8607513150152019,-0.8559586327669402,-0.6951835894386437,-0.6012860501215217,-0.642509021033429,-0.627137533613377,-0.22716014237735085,0.18491111379514705,-0.027223106021786465,-0.5081877021074116,-0.47388091491838846,-0.14043491371275452,-0.14064890980792297,-0.48094740434695804,-0.17349880572289056,-0.1947408596323379,-0.729869394343487,-0.9194047230384165,-0.8681295422012382,-0.6154229381522707,-0.3651490354960507,0.04462843884331702,-0.3798383846817523,-0.6034156484665424,-0.6654980510454497,-0.42306466332557036,-0.7606435068978837,-0.7427327993155456,-0.43905040352553265,-0.7434324990809444,-0.65286413772487,0.08055407409574775,0.3074634783586052,-0.0011927115617694315,-0.5438736323285931,-0.5879440217830431,-0.36263043184311244,0.11381996043803465,-0.4359407323383337,-0.6166277048761148
-0.8649455156592656,-0.7306777068205462,-0.7893197541508047,-0.667058046416203,-0.68261810415953,-0.8108132307269483,-0.7548965239054503,-0.4043328212867578,-0.5014500303379164,-0.044080076126638154,-0.3229671745848833,-0.4376077314906686,-0.33296136819810374,-0.052579520871420406,-0.5949907818314326,-0.8554205028389225,-0.9485730772898469,-0.8550383026745252,-0.6083106344576134,-0.7173990332138727,-0.6597594622851373,-0.5819373323031222,-0.4934517154727822,-0.5348235619327987,-0.5854713656703212,-0.6176308072737882,-0.6850480664375842,-0.8003124101843632,-0.7029845987051804,-0.4918973188728983,0.1713419181080996,-0.23211517852042896,-0.5180992049316563,-0.44567025117689274,-0.37464323101827623,-0.0030019886827759414,-0.35122192368331223,-0.4740172135032571,-0.6313829013829905,-0.7955112379356268,-0.7405969828547498,-0.6467328864565663,-0.22290217627625936,-0.5960948706637791,-0.5312730696558137,-0.48601350642497865,-0.7748930020369015,-0.8560998696719972,-0.7808641365235918,-0.6403694695990452,0.014130205392578333,-0.17669372553402368,-0.6868450378319432,-0.8697357701029744,-0.8036108067522935,-0.850487905253209,-0.7744360251477587,-0.2769192301181208,-0.14166168733929407,0.17961212219905728,-0.5160005086319644,-0.69684924386695,-0.5960683290211884,-0.7857255726639033,-0.7021549223290168,-0.2435190289982987,-0.6591191879650382,-0.8097043815938679,-0.7193630398891359,-0.7231209377657739,-0.8893384286010321,-0.9369415545738062,-0.7529431481924889,-0.20856738641334358,-0.38512731197850747,-0.010944984653860122,0.12796311973097108,-0.29969669944685584,-0.12727970851914264,-0.6658793114514636,-0.8574383198077642,-0.7825844533741972,-0.8293510532512465,-0.7566214960771875,-0.7921659900372425,-0.6208661525829611,-0.5626632129201407,-0.6714152898660141,-0.7819724902034209,-0.5739330741254972,-0.28800471879513373,-0.5394410777686841,-0.3374828344525481,-0.5234753316861362,-0.1915770684965394,-0.407406678371139,-0.5573194714651192,-0.647019595932712,-0.7036604557054063,-0.5782590462560299,-0.42230759720736744,-0.4905187636478192,-0.49781742632913056,-0.47402076150822325,-0.7578233340457008,-0.9305954285966747,-0.9656150287650641,-0.8668467485391472,-0.5655920859528958,0.05949645233200088,-0.34774749919386627,-0.19969309782223615,-0.4948561096712548,-0.6655130609160161,-0.8058220718146057,-0.7041059289353633,-0.6205806817143692,-0.6477392666401895,-0.557307969075115,0.191988239321002,0.41183308203038643,-0.20328407199087367,-0.4086114019996816,-0.22615272422405266,-0.4237601908066618,-0.11599870354477533,-0.6689798282025504,-0.8873421110644429
-0.75214024953017,-0.2614749132965822,-0.599796921779376,-0.5025831086901299,-0.2897134064630471,-0.6733111591253734,-0.6890995480556138,-0.6996027657901878,-0.7477861369228214,-0.6819366840850052,-0.6995948557716359,-0.43069057892965906,-0.008326608054602823,-0.41135555066181634,-0.7569073076366001,-0.9103954072984884,-0.9483991043280671,-0.8037343149257297,-0.4081960635644263,-0.7527928715279956,-0.8399877860411381,-0.6622372656022297,-0.20097279739896365,-0.600957423517557,-0.6387985297709312,-0.3511513673103245,-0.7357393538174053,-0.9153846726316711,-0.8964243219719591,-0.5777397059929217,0.3093827385193287,0.3142397495296998,-0.15442738519106097,0.03551848043111055,0.2532734710055703,0.4718500223139885,0.1861282254938958,-0.19114485039555043,-0.23709630051298286,-0.7415364858425028,-0.8560260251262665,-0.7048080305404849,-0.2412942956534647,-0.5739749010962639,-0.42597704881743653,-0.2017864862464897,-0.622693911696942,-0.5821720580254995,-0.32184444373980997,-0.3841637474066896,0.3487656127024578,0.26305988568650845,-0.5398978544317125,-0.7331907815504034,-0.4321663287777041,-0.7879085868837746,-0.8755197103303075,-0.661354434742958,-0.35680496899011843,-0.0414362556591779,-0.6173598519238496,-0.6823319567110266,-0.36278129550471044,-0.7620868268164428,-0.8385105745148049,-0.6567936654605987,-0.6913417125343302,-0.841006054197717,-0.7507933877780251,-0.4101694070345864,-0.7956823224144223,-0.9164905936831459,-0.727200559436953,-0.1253049357088059,-0.3770959910175849,-0.5105361305937989,-0.5175379832573693,-0.5132912671761524,-0.5520457333757014,-0.6383104480576439,-0.6059879311730192,-0.20027931651532976,-0.5273415212220474,-0.32280535344005723,-0.5937669179520977,-0.33802977280704394,-0.5524044327913783,-0.344430832537256,-0.5191813687126279,-0.11389188616076217,-0.4769103186792819,-0.7339124955074604,-0.6902087445540759,-0.625072269474719,-0.6164955696794369,-0.7526760629820308,-0.7151996282677083,-0.3647508153753549,-0.5565218064598019,-0.5775105422350367,-0.1406505065097021,-0.10580475211007055,-0.4531495887950378,-0.23324264968825928,-0.5754894590633638,-0.8615217084606841,-0.9715449786393803,-0.9425392417682331,-0.7027004666264878,-0.11690439676044712,-0.42442269911576364,-0.3112278422162908,-0.22929482360796566,-0.6534868184856196,-0.7002058915332305,-0.3026211334042839,-0.3431084941531768,-0.2632144083624975,-0.5953207339737645,-0.337070368690387,0.04042989003212807,-0.3745082912130542,-0.15439278308729104,-0.32381863694323443,-0.6086323591724987,-0.6894458324077086,-0.905744949594285,-0.9589991704091767
-0.6936613771885626,-0.20993376683565818,-0.4869600631670089,-0.16505566395715038,-0.33301126562060623,-0.5755751040507963,-0.3816174257204792,-0.6787388330371776,-0.6910099690601369,-0.8066150411730512,-0.7199718071790336,-0.15187123550498405,0.008983673486542635,-0.5162941954345793,-0.6429573945659598,-0.7161399645787352,-0.8465306617520505,-0.8698339261232919,-0.7906668923336971,-0.9142527361939852,-0.9234363405478263,-0.7032470531355728,-0.23011725833119773,-0.582946815830224,-0.5559296420181296,-0.46949643097119553,-0.7784297509054375,-0.9605169020232657,-0.9554396899955664,-0.6267956779866689,0.20582358946420815,0.357284815778122,0.10307300973289772,-0.27266330206553013,-0.1146670649975136,0.19253422937204498,-0.10820565410141238,0.057724695837363324,-0.46368307918489404,-0.842460505682127,-0.944359067800096,-0.8680856140762182,-0.7118598745024683,-0.597177427878837,-0.0334988904575761,-0.24501453754951105,-0.5367490680493463,-0.3145953955822284,-0.5137779953976389,-0.4462715023192506,0.19502284210329393,0.14856034497295784,-0.5647745564053088,-0.7501970408146216,-0.5810681497705454,-0.8171320774444206,-0.9081512208456097,-0.7164901530542623,-0.29581024335878475,-0.5342367080929562,-0.7551183869601094,-0.636017607128547,-0.5272325195331747,-0.7636688763517098,-0.78348207754611,-0.515668183117589,-0.2941570577268211,-0.7107162094568105,-0.741281234437259,-0.5598322708781195,-0.8196033054246058,-0.938624575749051,-0.8014912778470705,-0.3626098134771634,-0.1718437806400076,-0.617999169444707,-0.6067562886824674,-0.1640588727524787,-0.46453428566841154,-0.22384259426118133,-0.2790211541468746,-0.047461218606471144,-0.46951305628760215,-0.4649585064941932,-0.7080252197859113,-0.7353547476355684,-0.8134389793977369,-0.7368485501760623,-0.6345546881838381,-0.18621208293836863,-0.6097331575839053,-0.829635511740071,-0.7442605483413569,-0.34022696762388843,-0.5617786255658342,-0.8099924165812386,-0.8116508853221943,-0.6116689740169172,-0.3521959078669968,-0.6768034072449706,-0.5849595864500743,-0.45967934111813574,-0.6441862281708848,-0.5115034346319088,-0.3303158347601107,-0.7808502656254457,-0.9582346785328548,-0.9854283035515514,-0.8257778554187852,-0.4186375941790516,-0.34604760628066095,-0.10398113339084294,-0.4249448814331737,-0.5666232406690354,-0.5524835324867453,-0.40341188249161836,-0.036240230892403386,-0.4852402694013884,-0.7295964070105515,-0.6199396393614307,-0.6152306534507033,-0.6600077028515391,-0.25002992640922495,0.12862387267835848,-0.4010681266242116,-0.7911135512384883,-0.9364248101472086,-0.9131697312369248
-0.6185457812275788,-0.6310399763807316,-0.6730593059433329,-0.3521757042401572,-0.14033923163690853,-0.6171093204318925,-0.7006333909072768,-0.6398798537270273,-0.1994661964877275,-0.6878579449674982,-0.8250174933831629,-0.6550905450221468,-0.605832403062433,-0.6289193019185993,-0.22037032225093714,-0.17099983470542185,-0.5596725041023689,-0.8268978608742358,-0.8890845842537674,-0.9275514370638442,-0.871329942975531,-0.7013431008583428,-0.5656968876232408,-0.40667500154772235,-0.0037594582360212054,0.05490739324238646,-0.6391550438327128,-0.9343776307051332,-0.9266541203342956,-0.6356976454636172,-0.3233496552802794,-0.33093458055724995,-0.33826065891085727,-0.49837135727450915,-0.20486352161632557,-0.3962760906337235,-0.4724224238986156,-0.1486619482013853,-0.6577502751112089,-0.8759899838736563,-0.8800255206129296,-0.7870937280214193,-0.8141545741329959,-0.6470408454892018,0.005839467677686534,-0.02309268048541183,-0.5863270174166959,-0.6477239315482183,-0.5874894183167365,-0.5395367872013604,-0.492077720693792,-0.5214276519968725,-0.5956827978709541,-0.5903687681184764,-0.1781638180417621,-0.6904016917961918,-0.8401772800377316,-0.6840711321625818,-0.6663262706875661,-0.7652988551554629,-0.7224966748703651,-0.23421336590428044,-0.12230780997462389,-0.4417349691877697,-0.36722596196163343,0.09561988414358302,-0.1796085399073835,-0.4448482059323469,-0.3733226846308991,-0.043656832010512826,-0.6480931866954122,-0.8620868323806478,-0.7500137788822433,-0.2292315673712332,-0.36620136484722615,-0.6726132093875784,-0.6502463845256362,-0.22029419725158703,-0.5785155061493714,-0.4412434816452564,-0.014146606928152389,-0.29549537571301343,-0.3131450757471456,-0.05530543661134403,-0.6314491300152574,-0.8378898479502733,-0.9397135353285774,-0.9298639609147695,-0.8360200460984235,-0.6570930668309548,-0.6880711305662331,-0.8628595274000723,-0.8509827564426247,-0.6168910161893495,-0.35407315284166807,-0.7149539212120352,-0.7377896500020801,-0.7794784927440694,-0.742356235841786,-0.8307008437361034,-0.6341961562908985,-0.1696806089395821,-0.5706857783801044,-0.5607853093651191,-0.6610805606129131,-0.8725826866595202,-0.951445684352738,-0.9608084745443719,-0.7069017364192309,0.015614138645199253,0.08194579475279472,-0.1351289245948177,-0.2593159822093214,0.030925612341032607,0.11689075076054048,-0.25665064961942535,-0.052007055570434405,-0.5946736839195906,-0.6917242980237455,-0.4209686179118667,-0.7234524902346458,-0.5748436257757815,0.24508740074491522,0.529863023124856,0.059939658866445714,-0.6234168636284013,-0.6664376323946073,-0.6405624313732862
-0.1366298698265479,-0.6267957033657255,-0.6756829317514683,-0.21275308255201375,-0.35740367342925455,-0.7388362175874702,-0.847282242546841,-0.6244906685906737,-0.007094932643162842,-0.595634903845853,-0.8134606014057713,-0.7415450423571164,-0.8175619574074893,-0.8114827984218431,-0.6535518062729996,-0.5103396699227554,-0.3314331824759508,-0.6938011957011666,-0.6510086822331586,-0.6027395333372911,-0.5186865589840409,-0.27030587947450463,-0.40415308876810374,0.0019492489360051722,-0.17478969694161825,0.007411494736815673,-0.6189552347966111,-0.8937908575164626,-0.7952738156311513,-0.2529853681088323,-0.1129887783631849,-0.3747545499211442,-0.09373442343208943,-0.5835401286521159,-0.6302549590041087,-0.6041457933375541,-0.7347090665390164,-0.7187834059260807,-0.8087179251022956,-0.6616786813914477,-0.5269282214449602,-0.3468519145537679,-0.7630893967822073,-0.815534047326967,-0.5471297347163501,-0.4592120397904912,-0.7292562807568849,-0.6977051445313844,-0.2280857231394008,-0.17597406671428092,-0.61390469568023,-0.6070741296484399,-0.17204158581762857,-0.4198667918372895,-0.15478381224808646,-0.6548437590805775,-0.6756763746576329,-0.22301304605685363,-0.5940334049105171,-0.7020913321288645,-0.8054525154982837,-0.6615696246361005,-0.45336744628155246,-0.047267174364360946,0.25147098351861163,0.5433558138053712,0.3658949788142269,0.19676579620938495,0.26261817712915303,0.28763104271076523,-0.4757821978751557,-0.7012072324613927,-0.7822844478795887,-0.5531615721235242,-0.22530075292783974,-0.5431167595412607,-0.7472816489625329,-0.7238577744403993,-0.8114925790264071,-0.64923241203116,-0.1468666782528979,-0.3522830508702294,-0.02232560959432189,0.015531990946303907,-0.5798570993508017,-0.7470953410791433,-0.9035935113964861,-0.8801903425223749,-0.7425375705620478,-0.674482468282566,-0.4037136602721937,-0.7676959417309984,-0.9030138016749,-0.8564704288254935,-0.7243656909184593,-0.7102587732529355,-0.39636753581576,-0.6961492296968766,-0.6828701392339264,-0.7294996441287094,-0.48389951133976067,-0.061415445596599116,-0.3910119159926464,-0.13295785061266496,-0.6411531357264522,-0.8357539817105669,-0.7894419081841182,-0.8668603103783831,-0.6700448719642557,-0.07821163926706956,-0.1623306297612965,0.21825977187683057,0.2030732112106829,0.1228056062682811,0.36056725761117714,-0.14793229949148987,-0.34979105877920325,-0.6683922201481103,-0.6528793881383714,-0.7095764437355492,-0.7862586348563874,-0.4634005872418553,0.21814378579419524,0.2911235001204712,-0.30943843913665836,-0.5135283443579541,0.040751696787255695,0.0817216713857895
-0.4580297702998761,-0.6452759415676771,-0.7605431279443772,-0.5544621685075499,-0.30247209283246645,-0.7570030757825521,-0.852890881104366,-0.6088880349009228,0.03291367162074009,-0.5139517305738625,-0.6954580944585056,-0.4360254764125503,-0.732857670456915,-0.7485454679024031,-0.8194589518038468,-0.8189040016085357,-0.7298030935953846,-0.580845710777483,0.030535268324241166,0.09131342451471566,-0.05174110164405775,-0.40433347724313834,-0.3615815141807564,-0.053315090509515994,-0.4155169501630032,-0.33495126934770886,-0.5807979247310927,-0.8536098903100588,-0.8557629618852136,-0.7107372923703855,-0.650425677344286,-0.6006665259003481,-0.2130410600425589,-0.6534083307223648,-0.6333435183683233,-0.22073586166532505,-0.6871381336274163,-0.8462031122721856,-0.6897823312883503,-0.04177292639305453,-0.05121800166208132,-0.5197458897403453,-0.8148869935035767,-0.8284616809536708,-0.5480066968583496,-0.28395079688478325,-0.7131030788716702,-0.8295187118467485,-0.6507036547314172,-0.5350232598716229,-0.7422619249551416,-0.6432620322198799,-0.19723992163195517,-0.5882318272001089,-0.6656563366856231,-0.791548792203703,-0.6827850969735885,-0.20510231342132487,-0.5111859811831582,-0.3431955353485417,-0.7238957209071734,-0.7894441424451929,-0.6327449035392596,-0.4705207693460242,-0.13228472022389928,0.26285184374481046,-0.035329232465078395,-0.27008968546979156,-0.11480318999664926,0.09183565266644368,-0.43931906445344937,-0.38001615962102514,-0.7550950412020068,-0.7450092643850711,-0.5542500790076105,-0.34113806445072153,-0.7522177637584135,-0.896620925758416,-0.952234703103518,-0.8888847849309973,-0.6698116870042861,-0.5516817842985646,-0.5434163589867644,-0.5477743833715977,-0.6302368835895541,-0.40840656969744554,-0.6785863298288187,-0.5764844086429052,-0.3441640321416618,-0.6734728142708686,-0.6490677072460508,-0.6990449984536686,-0.8489615463878514,-0.8635133635303174,-0.7094488024818364,-0.7265825937198609,-0.5537242800755229,-0.5590074092126353,-0.11013161359267608,-0.2923861919279366,-0.054483300841442296,-0.2347769700465734,-0.4445915812020751,-0.1729701893784521,-0.6624823965753726,-0.6814230845705304,-0.22963236014317642,-0.6317006595702366,-0.6437084344504141,-0.597753436400165,-0.5145652432147156,0.07423337013389138,0.09525342880780363,0.44900642082104836,0.468412718990329,0.21061312432701937,-0.04968634510774136,-0.45590717670127273,-0.1815420852377794,-0.6398223568154802,-0.7193899080106914,-0.3162926702155804,-0.4103479451090626,-0.4760093774745507,-0.5547612165653585,-0.472607029977877,0.17297706257943626,-0.12331212996571937
-0.4350803431016294,-0.364279862398453,-0.7547260397239264,-0.7837923412817265,-0.7504983501753583,-0.8453510777022408,-0.7549174672653655,-0.6053369628816432,-0.07205512202172781,-0.45373399856811736,-0.7509417045390842,-0.7425670123018038,-0.6998538858909352,-0.42950219223515756,-0.7861271315799675,-0.8854458956572896,-0.8123367270687512,-0.48929807624704136,-0.010019787314003423,-0.3538017289094783,-0.5600203091772373,-0.6056752995726838,-0.2519366075647492,-0.47989674873678095,-0.5043047235585368,0.05647339787358921,-0.07543597454762274,-0.6405540252336039,-0.7432699013414941,-0.8441806356350803,-0.8616513247743791,-0.8532193630583864,-0.7571340834009764,-0.8444860536050374,-0.698554532175345,-0.24345322900630154,-0.7206748756357154,-0.8782414908620139,-0.6816953931643744,-0.12239217407005121,-0.4190449041266283,-0.6954983050695449,-0.7238722982521318,-0.6759277102417725,-0.3147799874556185,-0.5188508524232242,-0.643784314797115,-0.7905506623536503,-0.7224748375356284,-0.39167025384829884,-0.7011210528657503,-0.6595360207297901,-0.6516444356896525,-0.8227568601681652,-0.8469545226826115,-0.7684191987230193,-0.7711413205165945,-0.6961234155688664,-0.7212985222263132,-0.5240958968271398,-0.6076914093478051,-0.6818204519008525,-0.3676982623712519,-0.5205310423326269,-0.15103762636931473,-0.18577939712485153,0.05756168630033771,-0.35380172758975514,-0.13615653110816603,-0.46546678354723114,-0.7485560955324511,-0.7796833978247419,-0.8456966015249329,-0.7479011087274772,-0.7701875050883544,-0.7487929766962848,-0.8622922717122911,-0.9584350107330665,-0.9965845483451127,-0.9232406605653588,-0.6911356301976498,-0.2065160894250927,-0.5592304883565228,-0.5773971152824587,-0.5988208182818978,-0.5944965507772118,-0.5054800172229407,-0.24472321883326326,-0.5328964867545274,-0.7140875478507288,-0.5338282908762447,-0.2659438137362736,-0.5516779187301489,-0.6061880878574143,-0.18872163049576526,-0.49526999464951293,-0.23743597651672427,-0.40609836585134695,0.05750755450180506,0.08091270405791888,-0.09108604329543232,-0.10484316069268458,-0.605517214603105,-0.7008314324196981,-0.8032365773765732,-0.5865790246121547,0.04314867398435742,-0.4058260137208397,-0.3109071077127679,-0.7122745292507003,-0.7276140813584703,-0.3019713908276611,0.1329490837387695,0.24789253047227283,-0.2094733041300613,-0.49885505240578476,-0.627743615559036,-0.6264650795152723,-0.2248702911820283,-0.6596218414803892,-0.8292469733129182,-0.7670575952444825,-0.8075871437837168,-0.7192748428372155,-0.2828275438889654,-0.2630632142275009,0.20498632465451885,0.017861659539041327
-0.7508865896242954,-0.7772399657463394,-0.8428197535157766,-0.7415079770024952,-0.8206202350927905,-0.7905086984440403,-0.45191562584020145,-0.667645421272456,-0.4970014846612314,-0.28864360011527795,-0.7334787997708941,-0.7787163409079404,-0.6499090654400231,-0.6849597157763616,-0.8148157487063963,-0.7606873318226597,-0.7017170957227901,-0.30168721731813714,-0.4975672555890945,-0.7509878059276743,-0.8626513152463275,-0.8111378058669882,-0.604077116444924,-0.7291522047514761,-0.6039732621834554,-0.03321477046683505,-0.2569387659361579,-0.5626637995530661,-0.39805677693865377,-0.6892157947443052,-0.7098291240994207,-0.8630162346344665,-0.9283125831498417,-0.9505133946332511,-0.8541080721122184,-0.743107306440771,-0.8813524489769676,-0.8637486702497185,-0.6863235142922552,-0.5600471899235079,-0.5796351235608781,-0.6572066323950145,-0.34058388680596663,-0.5314720412505477,-0.6043848145581411,-0.5299682439958641,-0.07067124961827635,-0.44143156566320946,-0.7267525284715561,-0.7031354341758388,-0.7108867113458617,-0.40955411330293057,-0.7435420152874463,-0.8885861308179127,-0.804010410877979,-0.3844126684662208,-0.5622602714077204,-0.7552177957836766,-0.6612067854955844,-0.15144007020725264,-0.18566032426898282,-0.6633502122206689,-0.7369200087379489,-0.8104480358926129,-0.697294044412613,-0.569912697494216,-0.16889229162692843,-0.5318401991285088,-0.4746178179171113,-0.7074898851225695,-0.8991936502607591,-0.9267428090914285,-0.8061287087938022,-0.42027730072206054,-0.7516016780746512,-0.8181906390984092,-0.7507969620166304,-0.8965329445538491,-0.9147094236356249,-0.7483598846418582,-0.631907871706678,-0.18488702839074894,-0.4834495746706538,-0.1728036100925684,-0.14029560072990835,-0.4556902528432967,-0.24216337921300454,-0.45211422570755017,-0.5691031947016593,-0.6532363100404759,-0.29716588051875586,-0.4073120922745112,-0.21557966079651417,-0.43994468320732,-0.14325880990934253,-0.5357263465569883,-0.4380992073494194,-0.4511998904872094,-0.4247344615849397,-0.35508276525823596,-0.1521252398706886,-0.530417221372461,-0.8011633047793703,-0.8542269554640665,-0.6822315953259025,-0.34843336500978433,0.20055125734061127,-0.3745207555479403,-0.4723744638171921,-0.7387482102335788,-0.7451224801217565,-0.30246447230687373,-0.35028496553396604,-0.24958484980493947,-0.4431979766087878,-0.770085230800433,-0.9050460740584976,-0.8849767348363213,-0.7013612293306785,-0.7130442801363185,-0.8678085599014801,-0.904731126513449,-0.9508954989487928,-0.8301652561990598,-0.3947353622192219,-0.05938723485175814,-0.2115683574708455,-0.5341793431498205
-0.8553977959968351,-0.8645455569320128,-0.7148920675461293,-0.21655887333062362,-0.6470057292957216,-0.8313047040866761,-0.7721884289913824,-0.8259749653250886,-0.7537970828013975,-0.5917279524687789,-0.718401950642097,-0.49662011493312747,-0.117746696889683,-0.5950377641645955,-0.7140081757698507,-0.430890358718207,-0.7122261249091262,-0.7247730217537198,-0.8370647112403157,-0.9351211315598934,-0.9270043032437932,-0.792849347282537,-0.3775177129514293,-0.6472351307467602,-0.5952581687751399,-0.43333900676191606,-0.23120793095091136,-0.6598632678329356,-0.6396024090018653,-0.4181212351396342,-0.1129656147785788,-0.6779610330186813,-0.916681990529691,-0.9215468764447834,-0.7999712800263693,-0.8598658545868939,-0.8509228406698766,-0.5883723742417224,-0.28164930847157305,-0.5196461259993893,-0.33813932795529605,-0.6336546901800728,-0.5531624381324188,-0.333844828787193,-0.608245047889936,-0.3301433714744897,0.3623372722959735,0.20600881629980503,-0.5059807906733371,-0.6302163970167882,-0.7794888355113713,-0.7762038852880035,-0.8985758268243972,-0.9327165033306706,-0.8670072369680645,-0.5514469332180898,-0.16280269185394436,-0.5850013348699217,-0.5206079996183478,-0.37833488598344095,-0.5397143148222555,-0.8172305442847175,-0.9227349672174333,-0.9645931027310991,-0.9370045972399432,-0.8804462303833926,-0.7179445332029036,-0.5830773366660817,-0.08204323520060314,-0.45175449623689456,-0.832610803599574,-0.951476183996077,-0.8552495251421853,-0.6295242308696728,-0.7781026519164675,-0.6863088278762496,-0.2543442869814906,-0.675998912547112,-0.6574060715345235,-0.21668043925398706,-0.5657273265891485,-0.6248929078808882,-0.7537496921281949,-0.5832047717831698,-0.4150245376302519,-0.49910609794703326,-0.5332403898552179,-0.44334889163455843,-0.26061709404073424,-0.6718254426946345,-0.6868674749859511,-0.6885287153854986,-0.47561051827299905,-0.5107310653749617,-0.5808372222600086,-0.6193994887241352,-0.0972625928209172,0.09787669808097157,-0.28101993762685484,-0.46997209350964664,-0.6122628152658859,-0.7412006069149132,-0.745425447350337,-0.7084456632341092,-0.15991650041520555,0.18211127560338286,0.3993951124997767,-0.19732819434917204,-0.002792316822337155,-0.44762272279222726,-0.7544446127232711,-0.6485493546784475,-0.3128960097566571,0.26054308761622036,0.16893251761066302,-0.616478764090362,-0.8949707147158724,-0.8989969808978923,-0.725206133026299,-0.4171708132454536,-0.7287356881225759,-0.7408265778294829,-0.8330920222360911,-0.64879664606472,-0.029722876184615308,-0.23319284031422124,-0.1593468742644544,-0.6820451423534197
-0.7047173111071067,-0.6753658706220663,-0.5476689694101767,0.06908757144206425,-0.3701247452072589,-0.7090900997421626,-0.6700505054126695,-0.6360384385680659,-0.629880194606963,-0.3346203826393445,-0.5407189709712048,-0.1042079967991248,-0.007878845526168325,-0.6231876170179341,-0.8360355712823432,-0.7925876206188122,-0.8605330184088751,-0.9064898846769396,-0.9306524346558703,-0.9218964317014444,-0.8121545423355603,-0.7652937074351375,-0.48621637863718686,-0.43002059871238607,-0.2681435340458539,-0.6124984110355451,-0.6792799946773729,-0.8267176055636252,-0.626833085834551,0.07527055007366007,0.09280154119150104,-0.6289673092417215,-0.8830375883763802,-0.7847451294152862,-0.45655228383003743,-0.7653316013199741,-0.6814013414405812,-0.15217591473445993,-0.4757607022970496,-0.7324099504993428,-0.6901064393790957,-0.6511741073296002,-0.7501925888431733,-0.7238052566438059,-0.6355911158000352,-0.035838054305777065,0.3509844669993922,0.21455237377048486,-0.3338311825191632,-0.11325258322982289,-0.6604544012981838,-0.8750331351506818,-0.9052162231479756,-0.7907364679924452,-0.839989525025466,-0.6655735789072669,-0.18685079708363048,-0.40988526712504386,0.06483678871358556,0.038380452537591966,-0.44572769388051714,-0.8165932311848928,-0.9243242291242773,-0.9546227102595961,-0.9863387434878388,-0.9814895461176704,-0.8512276591650035,-0.4828316237262442,0.15416539286874556,0.12779502652412372,-0.6192797704297606,-0.8597169180990716,-0.7845129182461789,-0.4072235943587661,-0.693351279530322,-0.6541760656789456,-0.2292707877703426,-0.5970537863644156,-0.4613792999038218,-0.01477719665237904,-0.371533690877198,-0.5856433949791267,-0.7283391588092566,-0.4575017625841562,-0.06125862482951862,-0.126182406250864,-0.48592019849427465,-0.2047328067232179,-0.35448101486984546,-0.6345925524374859,-0.630373527041418,-0.6279594892209617,-0.1696052954232071,-0.14956706117767316,-0.6337770285743799,-0.7639368101458519,-0.4413541137440639,0.11925162259407346,0.10246242706422146,-0.12021055537552298,-0.5632890410533195,-0.5395592484086617,-0.31499765616340636,-0.6174928382311317,-0.4215025664995549,-0.21078039516521652,0.28365491359546813,-0.18958946129511403,0.16606240732509697,0.07326186407919659,-0.5952263694640011,-0.5799539612466608,0.14688433766625042,0.47976163007295064,0.3873548011096557,-0.4556616601781558,-0.6505567558023524,-0.6376144422530664,-0.6153002216403752,-0.6509224811271075,-0.6253923371249702,-0.16047423785141138,-0.3950777609459613,-0.28487576884245414,0.1642089837833295,-0.3515234311798649,-0.45360030852032174,-0.7156378538927833
-0.2127434025117092,-0.17051011336155633,-0.39691784953130277,0.15654936513171894,0.14892036406787051,-0.3588693783621529,-0.07554385874202156,0.07358393771164616,-0.3385427166761495,-0.6004063569942055,-0.7739427852926948,-0.6720185844803173,-0.622905147960608,-0.8207815611808569,-0.9299636459342203,-0.8535554703591038,-0.7416513210410414,-0.8201839188055514,-0.756840470542802,-0.7058684314995883,-0.39122005843040986,-0.5529325756291702,-0.1268304758038979,-0.1043955283218524,-0.520734413254041,-0.7501331182854476,-0.7458988712445493,-0.8512193066551754,-0.6410561554628279,-0.04815722874871703,-0.4145448324606071,-0.7970408146973059,-0.8458678137541641,-0.6855858900614682,-0.7067660672892622,-0.8387777964729793,-0.6963464440771683,-0.20970792257475404,-0.6523443227256692,-0.8380476318546252,-0.6562884258150049,-0.22168615429412844,-0.6721076293417823,-0.7767996840802908,-0.6721349930125158,-0.5315439846015093,-0.4518246994784629,-0.5167036446966426,-0.49682106840202134,-0.008326938626178091,-0.60683481640455,-0.8324284052155959,-0.7218687508061816,-0.24245523457562354,-0.6906843299223212,-0.7902986909639217,-0.6581678761834955,-0.5859219539889304,-0.07181342399790924,-0.2782073238937176,-0.26080515366018253,-0.687992820907263,-0.6681458251521251,-0.7154954772924864,-0.9002894616241147,-0.9680463272706326,-0.8120295111136157,-0.2599388158370965,-0.15772131051734176,0.16979479204499526,-0.4717733961862567,-0.6928146287523276,-0.8119960870926543,-0.7143677304844841,-0.7015481275271666,-0.7778944370005842,-0.6650709200905046,-0.6305437067934005,-0.17398294006776482,-0.05978835632140107,0.05164257362807924,-0.12478518287225193,-0.4650428515896121,-0.07775945102833202,-0.39182682355596715,-0.5807898865451034,-0.6926071646080285,-0.43441886422231396,0.03864507688191587,-0.19222162436858964,-0.05329219300468514,-0.5684497603834985,-0.5591546449387667,-0.4359789644573465,-0.6093134066364416,-0.7766888143073635,-0.6235531425177622,-0.5090657768783209,-0.5556748076888326,-0.5784362543240367,-0.4543687204397296,-0.15614656191625717,-0.3517138144969857,-0.5641745286621872,-0.24206761838066895,-0.3180354385924268,0.17231155992184358,-0.3864791758210739,-0.3565047525215383,-0.11063030091155807,-0.6476168315906815,-0.6420368355823131,-0.05074108993392306,-0.10595471591560532,0.07912848656666846,-0.40950644709225076,-0.14530106957128594,-0.035507550070899334,-0.16637302349160646,-0.646616489794479,-0.6124616494900246,0.005848626280047825,0.1296277223750276,0.18472747983960852,0.16537268623120394,-0.3666318388266048,-0.2113870142660442,-0.49102308835860586
-0.5203699154419937,-0.4611249431756165,-0.6366499054423301,-0.4036992443909579,0.018416355315678923,-0.33330229185934573,-0.30323851247271716,0.21949020280348755,0.1377943935317428,-0.5823359174274217,-0.8462051466885823,-0.8031287466617469,-0.6265780290644529,-0.6913862251754294,-0.7895656738569303,-0.533902223740887,-0.12916644157652468,-0.49197859779247377,-0.28923787175825433,-0.5174955715192786,-0.650624573763786,-0.7711999388897942,-0.6607025795370224,-0.6345810594705208,-0.7805359999790057,-0.7575238217632613,-0.420709532794259,-0.7044732160937986,-0.5783372758262016,-0.4210469295272608,-0.7018517672719161,-0.8200589665998009,-0.5452670973020989,-0.09432975781720031,-0.5843224912700224,-0.8549688818738395,-0.8679334712483029,-0.7469980674863935,-0.8369690068905122,-0.8018864423834591,-0.5115330832256344,-0.13815867649634503,-0.584231389631731,-0.5476149398672961,-0.25608324331824567,-0.4430121571759959,-0.572626087411434,-0.7523443841278896,-0.6604695996060826,-0.1864060039164711,-0.6287857399093474,-0.6959833576989879,-0.5678643873022037,0.018379769792359054,-0.4869496390289029,-0.572951840485167,-0.5986730413544044,-0.7368132920795726,-0.6455508429150394,-0.7290739342559341,-0.712734630995558,-0.628074263236712,-0.03737529802259971,-0.10514118167813549,-0.6946361941250838,-0.9140606462732962,-0.8283700257232497,-0.5261474398758063,-0.4076653039075251,0.04435348904499408,-0.23340343976982067,-0.26311516381251693,-0.7198077275867204,-0.7203520412772458,-0.390677189013737,-0.6927325389847082,-0.6236692075726447,-0.5368437073974645,-0.35540787916133193,0.06618802494611127,-0.34477068851904186,-0.5761682823193557,-0.6027803981730692,-0.19219078942639145,-0.5663738805605445,-0.6051840176497983,-0.5551595787355738,-0.32487730307837365,0.17763309802903843,0.2153530744157124,0.10523307816058498,-0.5738753693662272,-0.6246617027740806,-0.14346117439438608,-0.17995500322579494,-0.525210899562186,-0.25422780545880946,-0.5067022406328768,-0.7048875241168696,-0.6177298239799144,-0.09320458357278184,-0.28750208612895545,-0.20770430789748331,-0.6047758571142601,-0.49712594493825135,-0.3992450346759118,0.08571553293649233,-0.5410488062715746,-0.7419921425245061,-0.733402868593234,-0.8776032485255413,-0.8474058091030969,-0.6934330937355767,-0.7051071477009275,-0.6727187291768831,-0.7843757514818752,-0.6818608926450294,-0.5843990984562433,-0.6384420527756591,-0.8317747117249553,-0.8125696792421114,-0.6273972680381065,-0.5607931701508585,-0.5504128610418165,-0.5887179796604185,-0.6914157283392907,-0.5071022703952887,-0.525889632476132
-0.32108469624448166,-0.06817812125781038,-0.59340412868215,-0.6588233557143001,-0.3396850555088618,-0.16743465844638383,-0.45549413175600995,-0.18456611439130124,0.0059199357942834275,-0.5425588764068582,-0.5909082905279053,-0.38993217918965956,0.11131540776494121,-0.06163253530501816,-0.450618429567867,-0.08386612232739742,0.01851118348492215,-0.4903304423904493,-0.49891557131875974,-0.27939944457858207,-0.714634917174365,-0.8906406535812509,-0.8479052807784714,-0.7439950227325642,-0.8552263220390426,-0.8172625605198752,-0.5886902210278516,-0.6036152728744643,-0.16527186571551133,-0.12061219420151392,-0.6634019407620562,-0.6974292593323822,-0.07241205491957606,0.2772789846827026,-0.3383241351562277,-0.7911929974060398,-0.9290158540525584,-0.8729655576259501,-0.6999316935938759,-0.518305231276336,-0.21889879203904264,-0.492831476293984,-0.6281363625073523,-0.26547249931886024,-0.35953496112948746,-0.09628432054358164,-0.17454350837512045,-0.691641174612841,-0.8330141692300435,-0.72852265408707,-0.7216345294469736,-0.3631002838780428,-0.40575681586692597,0.23057796938955583,-0.0361984886064388,0.24199598237616948,0.11662154670983724,-0.5368836450573412,-0.6788629339704499,-0.8548983922436169,-0.8654772051975016,-0.6767082462706315,-0.02507978275011369,-0.20909014236517068,-0.5414647833084327,-0.7312945568969322,-0.5711168447456142,-0.2190608409798147,-0.3924358677842632,-0.29366831910427327,0.0071991488294267224,-0.4739088384015126,-0.7815779085347517,-0.7923198128843826,-0.5842405477033921,-0.5921815931161231,-0.0927449027500394,0.07435404548760938,-0.2627186916946586,-0.05604869470748838,-0.6095454304427846,-0.8399123072657969,-0.8394121323778042,-0.709671452435236,-0.6355550196698501,-0.18517814101815416,-0.026470487020698243,-0.05522443135010928,-0.350862150000454,-0.38859301723605577,-0.40729408505972264,-0.7544581779079049,-0.7733285066478557,-0.484658851894005,-0.509834468531277,-0.44781218879856655,-0.2697513190441265,-0.1495920187055545,-0.505517310740267,-0.5780217281108806,-0.17537318927654671,-0.5583686220821095,-0.6430561963110358,-0.6819601895114459,-0.22574977411857394,-0.22599298330737902,-0.0039051824295550605,-0.6138537164093802,-0.8867299345559649,-0.9424934809713351,-0.9280782471204283,-0.8085557759073786,-0.863704706933329,-0.9300811633563062,-0.9455693273432046,-0.9393178061456423,-0.8536718232962612,-0.6584959608937049,-0.6468792909608374,-0.7906384488852012,-0.7617218193330669,-0.8314015322690264,-0.8748307824479334,-0.8963975824302414,-0.8892432361657192,-0.7610398693736887,-0.19163395257493748,-0.008512675823443887
-0.21664943322418076,0.18158973875533285,-0.3721822425711546,-0.5906770374326145,-0.17342577334005813,-0.29122000696623435,-0.4751852898997708,-0.1936051187738202,-0.40797444110091713,-0.36015499529890604,0.12727839432627638,0.28067624404526953,0.375364982392995,-0.2412939753591191,-0.5042604822846095,-0.5543296463064159,-0.5547031183923945,-0.6239527443449205,-0.6672964740350641,-0.5272324368301323,-0.7898577994219077,-0.885638933019619,-0.7952428043119024,-0.4555934209734753,-0.7745835985304651,-0.7528832223605233,-0.3905830313071251,-0.6650756569994662,-0.5711071451372179,-0.48916355971270664,-0.7745786608630026,-0.8168204194965842,-0.4437049897414076,0.17928593299624815,-0.04115407429621412,-0.7062274372960229,-0.9063071384051523,-0.7873111482171178,-0.2517131807561966,-0.10871992404691423,-0.47368241055401966,-0.7527307766924864,-0.7588211688880028,-0.5723743642661547,-0.671789800990244,-0.5394531198986637,-0.38679771152451137,-0.5722959636131397,-0.8469172754114653,-0.8833747343491721,-0.8040924794550075,-0.5622563844925994,-0.42237801058582575,0.34509723605408105,0.4061303890551246,0.42511112085890995,0.19771091763573118,-0.42923324459913426,-0.3764978725475508,-0.7448276555797102,-0.7237162543658942,-0.6520794315200843,-0.25407437185411574,0.04055962996412745,-0.048357581535090365,-0.3454007982345682,-0.1857044401501504,-0.362422201406886,-0.18225309940790302,-0.39404487984973036,-0.078085666756473,-0.5563721778240297,-0.6818675840733237,-0.6973377244177288,-0.3670785988184327,-0.5702179994218571,-0.25774963187807537,0.07944778797247724,-0.3182647464452198,-0.5662504222878388,-0.8494521645805936,-0.9077870856392487,-0.7818102579603579,-0.7749126766548724,-0.6419766440552473,-0.6005109202603857,-0.599515306830701,-0.6240322783938593,-0.682517526422866,-0.4933501818435129,-0.282344430101815,-0.7261826084243571,-0.6870388374953642,-0.1526830784417215,-0.3365513576073731,0.10682263668729385,0.06878319966167917,-0.2947254996322029,-0.2721501213324009,-0.665145182217659,-0.6550033919914234,-0.7357830256820924,-0.7106117097531282,-0.7118309567647453,-0.2958246160434549,0.11847761214408184,-0.29521034555996417,-0.6225634657563828,-0.8826101117682762,-0.9278769973105422,-0.8123583865517864,-0.43819570825198856,-0.7915680759576558,-0.9201629445809281,-0.8860766350913816,-0.7510976675207862,-0.6811919612894443,-0.22042658974152307,-0.19051090338172388,-0.5616807166442158,-0.3948035283157216,-0.7468560658704849,-0.8876872023378586,-0.9633359578341564,-0.9901771344943124,-0.8954922285428315,-0.5023535981187174,0.03910259943227055
-0.21294392564684358,0.34314569445550946,0.01637581135139675,-0.5108240040306621,-0.2558406371634345,0.09422672531900701,-0.3479429313865405,-0.5757820717224827,-0.5925318414019449,-0.0749267667244554,0.14681140267508894,-0.10977850459800083,0.08248489247653248,-0.3575737258426362,-0.30309916605924203,-0.6842666642339471,-0.6894223422101867,-0.34430679618596394,-0.48810735797267896,-0.10042067453548274,-0.5995155352018688,-0.7304851967968973,-0.8254331938768749,-0.7643473205772802,-0.8752031846879054,-0.8560273728951703,-0.7754174834576212,-0.8360949081601154,-0.7067789887356001,-0.36753982086215603,-0.7777395465787416,-0.9069702675215553,-0.744136769450265,-0.42093212762404036,-0.5743956076036587,-0.8498474514457189,-0.9352482340613621,-0.8849532029003114,-0.6074119847131904,-0.4015593171711568,-0.5517170278541336,-0.7323341000725685,-0.5527764636262501,-0.30887486152388227,-0.62766076472289,-0.3378586323307235,0.2626141660003061,0.13596762027128362,-0.5640468503682468,-0.6062856760199502,-0.4760803035697628,-0.2425919081462128,-0.4339424720934426,0.12095615691474425,-0.046981507674327974,-0.3296767727634159,-0.5422260180405769,-0.7445953898476868,-0.735338809155322,-0.6358266982594307,-0.12677595855383653,-0.2729535927566638,-0.06295622139910186,-0.3731620930606871,-0.4044049875542988,-0.22463503634381185,-0.5358771274254115,-0.6607357395997828,-0.5337361151257946,-0.6205053763810673,-0.4680891183074174,-0.593194777476663,-0.3816145379397316,-0.7140784746060714,-0.7122134561839695,-0.6357248257879042,-0.19639354224816674,-0.29831558164645694,-0.23381596092122775,-0.7170368973418272,-0.869254358564637,-0.7181797890275639,-0.22298852441127542,-0.45706132763720947,-0.15398554716158702,-0.5931781802436767,-0.7600780835875607,-0.7031911089651728,-0.687389981667001,-0.33063613011664345,-0.56541331497346,-0.777287213344343,-0.7023054791013014,-0.1883843264081325,-0.36529599151031794,-0.03161395629409902,-0.4221489640876214,-0.6907599873646773,-0.7431206260773949,-0.8099426386055334,-0.6369351051730483,-0.5132673146491472,-0.29971150397792207,-0.48405154854332655,0.046430859997294065,0.2998629875771228,-0.2935433157220777,-0.3165293133626413,-0.7031966955803666,-0.7473246121754008,-0.7624137123269055,-0.5976083329710873,-0.7592201082391354,-0.6708783891940537,-0.43786489456978095,-0.10954816743834786,-0.5732739468978606,-0.6323292630160693,-0.676344929065744,-0.7914443505473171,-0.7032262318012067,-0.6481832887915853,-0.6990496110002569,-0.8915573494767787,-0.9822549702807687,-0.9033661798983565,-0.5485300757788503,-0.05187536670554373
-0.3156237080594321,0.20080028684135562,-0.34673637569199134,-0.5668036659719238,-0.04226957263233881,0.21480600692249832,-0.058910945012825386,-0.6232148379561799,-0.7048234676418588,-0.4812023317277537,-0.5207995218252671,-0.6375148603853494,-0.5729236800046182,-0.5596274811010682,-0.6768439601900198,-0.8580963015277431,-0.8265992254477983,-0.5703060024095079,-0.46262852988258524,0.09606051306573893,-0.3917046909091337,-0.3149994298325842,-0.6865227812435098,-0.6830907587098113,-0.7985475334900415,-0.7643224570024526,-0.8622607290848063,-0.9273199846441342,-0.88434519908812,-0.7899670782835025,-0.9078511656247934,-0.9077935158347784,-0.7311340043636136,-0.34366368154020815,-0.7153521749916799,-0.864984194776175,-0.8188045709033641,-0.800345792118323,-0.45557391826521204,-0.020763912111585955,-0.11452479458708892,-0.422143988974694,-0.05592457235010608,-0.45462357477710824,-0.5260977177177131,0.21742250940209812,0.6015164503463466,0.344883828712556,-0.2808009474921875,0.13069176115799067,0.18572194516289553,-0.3949338151950857,-0.6071965360709087,-0.2210084243062824,0.060974289427158025,-0.5429619017357381,-0.7774378398552112,-0.7762501544586738,-0.770392245248706,-0.4773859836911909,0.07453682957246127,0.07236888594932268,-0.23874811131361295,-0.5752020435014392,-0.5610568241264382,-0.6202325627801135,-0.7855565224477933,-0.7483709618094694,-0.3697831507229783,-0.5723191754286937,-0.3225490072027493,-0.6765101366225194,-0.7478544821820134,-0.876496544439209,-0.8490220783271647,-0.6985328672538029,-0.6545846453235544,-0.7220321329279213,-0.7165288596897795,-0.8172667678119051,-0.6602160447019462,-0.44641273701034084,-0.0901157742209142,-0.39105387800313196,-0.04750709612298953,-0.44802935959933776,-0.6395949973865674,-0.3768702911754347,-0.6985910473826944,-0.670208156325052,-0.6020581881648704,-0.6432003289072944,-0.7735973958351172,-0.6511381641208565,-0.5933353564847184,-0.6069139260287177,-0.7668848470322286,-0.8997725761943881,-0.9139464604515545,-0.7678727152417145,-0.2394840285571262,-0.1522383232305177,-0.474874532057471,-0.5353598024931575,-0.3591588613826796,0.011157034321586842,-0.5337560019975975,-0.6149322961267627,-0.5006408276766756,-0.29275416006990157,-0.5582296120093171,-0.27546674658456044,-0.49701103608866,-0.04705431606217071,0.277713993764633,0.14496252802465986,-0.5896321858359971,-0.8331886034897263,-0.8804407449928817,-0.9044655378749527,-0.7270856341647908,-0.2296879043290811,-0.23305550610002101,-0.7502784957861217,-0.9261237027421538,-0.8276737035876389,-0.33059836421930433,-0.30779476523434623
-0.18047750265207194,0.07615827175991467,-0.5398748901128,-0.7923193476462481,-0.6664824531480713,-0.5737285021857125,-0.5991195447369446,-0.5974400190959783,-0.49807855409491264,-0.2623950846933185,-0.6321989644047074,-0.6763689122978841,-0.5956600014208742,-0.19613466307728553,-0.6686569132006788,-0.8826021921420084,-0.7956761063799033,-0.3233233985832564,-0.38732096676052186,0.11035574533246795,-0.4101370968627395,-0.43360384496609605,-0.5267578687044937,-0.16482686961258658,-0.5045125125686658,-0.3393801759198291,-0.7684229463305826,-0.9338056749664893,-0.9636369850608814,-0.947458610871002,-0.9120518499792322,-0.738063739910088,-0.6335744278908427,-0.6409987347584757,-0.8239963924149287,-0.8024576132383591,-0.4525903869834975,-0.5463345593684805,-0.010863288083187574,-0.19020353997050019,-0.4079978572058392,-0.2999873761175788,0.10085500886936574,-0.4984854623467912,-0.5358726999301535,0.13553267144322842,0.3425565552714482,-0.05250800130144812,-0.3589350669701734,0.19589277541049652,0.31168408154333094,-0.4280336271666579,-0.6028527524274893,-0.08782083054253309,0.014140585062942681,-0.5829134259131186,-0.7357787737938166,-0.439695159194817,-0.5775187955551128,-0.22830082548430822,-0.37730833178793066,-0.33128941647778004,-0.011652463479396195,-0.3388761051970988,-0.05228692812742662,-0.46328767057514736,-0.8125376947270551,-0.8838431196926325,-0.7571022167114749,-0.8098465634793511,-0.7650277208256582,-0.8820735898283099,-0.9234139330886421,-0.9078105106101764,-0.786465745062519,-0.42993720340633257,-0.7358523588740687,-0.8350660153602493,-0.7226381789501273,-0.588380493766808,0.004357213960540201,0.0009106548088845,-0.4261382250481461,-0.5737949998617144,-0.31248391404061077,-0.20932915864585466,-0.5982201694687421,-0.5664329108928052,-0.7768321237181727,-0.6823999012746711,-0.11558301974410702,-0.013669173529956433,-0.5651293606570886,-0.6367998688705436,-0.37724757379242885,-0.6718385483460485,-0.7440637942039477,-0.9051905718843185,-0.9630458841657051,-0.9074115314762681,-0.7200150082234107,-0.6274937754562969,-0.6192572670715072,-0.3572497115296766,-0.5750300599611033,-0.4914945620057061,-0.7363082635996128,-0.6409877395520498,-0.14365256190674638,-0.48116723193871846,-0.6675633231440918,-0.4860801959644374,-0.4847600100411196,-0.31681220894006556,0.04860848018677816,-0.40773726581710734,-0.7935709424949366,-0.8588458602868934,-0.8028756372967567,-0.8941420317191964,-0.8368549753462823,-0.6876497320839252,-0.6882165307885318,-0.8449934564435786,-0.9499900042745891,-0.896835989655248,-0.580622991744724,-0.14793679518149191
0.0894383746321705,-0.0910514289424503,-0.5074872757026334,-0.8346869461371562,-0.8879992060262666,-0.862960931565926,-0.6902417113817357,-0.2110499709085201,-0.14797456408374376,-0.5126286596357909,-0.6713738941156487,-0.3473105198959861,-0.47697609832107435,-0.1728234645545347,-0.6982652505326101,-0.9152140325899436,-0.8438189753441839,-0.5314017910163763,-0.49111678798653446,-0.03540840009003643,-0.36451228160902766,-0.06116976996926523,-0.39606986501032454,-0.1217217450340742,-0.48745519679519145,-0.5109946050700815,-0.7912717917934843,-0.9155823776659178,-0.9748987685607021,-0.9617224772735117,-0.7979051757735076,-0.2637646805628765,-0.1381568753805696,-0.47257046159661353,-0.7994775030300549,-0.8587161330746365,-0.7282606540527998,-0.5568743669788695,0.059620245052454064,0.0014502292323724283,-0.3725749900431791,-0.036654250828815724,0.045848151867609016,-0.5277511834511543,-0.6040132834375682,-0.46936098111630575,-0.2596706021731322,0.030264522150966203,-0.48036225452819387,-0.3306642381013009,0.03110260594819669,-0.4433264453597295,-0.7031596395266194,-0.6382572002103541,-0.5943515072300537,-0.6716586135680872,-0.7855088138077422,-0.701299067224387,-0.572745437996331,-0.4755780101579456,-0.6637722958958887,-0.5947545314393933,-0.06989583409775471,-0.14914465188588083,0.16277981666885755,-0.06779304308288171,-0.7153863897320684,-0.8599595897375867,-0.7386898598040532,-0.8476153767136196,-0.8853376376466896,-0.9461493659545263,-0.9201835324379778,-0.801136333640973,-0.8221919282407077,-0.7690300200107633,-0.8686298135266327,-0.7858408763583066,-0.3040042287228322,-0.2953123948289041,0.09335722812775152,-0.1876321736939139,-0.5222222519201615,-0.47524157434888514,-0.19707919482130337,-0.5103286463763823,-0.6064810818121268,-0.33244493703963496,-0.7423656954686165,-0.735868620441265,-0.3103618881451285,0.05213179625070643,-0.3232474366553032,-0.5286191783441128,-0.636825392307901,-0.6678226082520384,-0.41604362806044165,-0.7739671501861645,-0.9427296340533061,-0.9661725480140722,-0.8334170014648952,-0.6067366861515618,-0.5596450640207686,-0.6068578749207441,-0.6267167135568061,-0.33449446933794696,-0.7235780729152701,-0.6722574969741348,-0.21505013350905122,-0.6227591112077488,-0.6610471263723809,-0.15302309024031907,-0.07913346777478965,-0.32859304067672285,-0.48980312597438364,-0.7667323854240816,-0.856215996872245,-0.6389168484178996,-0.3443615306221149,-0.6980456698475589,-0.7352781929798091,-0.8200056986808165,-0.823249444509704,-0.7811030853103111,-0.9020647002510269,-0.875767516100056,-0.6151476599064728,-0.3345324039506894
0.20019712805579454,0.39501417254818955,-0.003611969728200962,-0.6550579086859019,-0.7636258211623451,-0.7975987320420994,-0.6784456235241507,-0.6240782441408594,-0.66096436819889,-0.7917067843627862,-0.7843628334276976,-0.4933056664877167,-0.5042867410930227,-0.61198612311177,-0.8603292006983053,-0.9361079570575453,-0.7420934959091442,-0.19348955620010067,-0.4996829384920637,-0.3809309953344811,-0.48319135424299836,-0.15809485834213818,-0.583432300470278,-0.565939483416271,-0.4630086382587273,-0.25995463386365,-0.6784842720054116,-0.7563675632730325,-0.8737695073389992,-0.9217771359491788,-0.878253005484778,-0.6416695628767048,-0.41669122586105645,-0.11410707860229756,-0.6084520023421366,-0.6185364252979652,-0.5330870104553959,-0.4645262567942004,-0.3315458887412115,-0.44827507739341094,-0.5416259703305941,-0.5431231163256411,-0.5314552582407426,-0.49427817723707446,-0.22371523349409425,-0.37916662240036386,-0.22942147103776708,0.15389142619260254,-0.46805338601164426,-0.5290840414917182,-0.43433838611023395,-0.2444018727553971,-0.5747789979892654,-0.7723703923003016,-0.710690618482459,-0.3257088197401845,-0.5633068304584041,-0.5990782697295137,-0.1511605080712758,-0.16564079063068138,-0.7029544760840606,-0.7996607807127418,-0.4780234586429529,0.054179649378851835,-0.19103672214039963,-0.3933203008610143,-0.7540767885603105,-0.7144684164166608,-0.25116818004865676,-0.636202510427922,-0.7345080654342548,-0.8684163730754716,-0.7981068536557381,-0.45465970761628083,-0.7728737684945137,-0.8981522498842022,-0.9410554771824127,-0.7857960023382204,-0.3973433342876057,-0.08449943603063856,-0.13897358369908128,0.13563825538971136,-0.2191987109214054,-0.17276488591799213,-0.5354579904590248,-0.7208759655985808,-0.6024163552828397,-0.514980404408911,-0.7676663559178485,-0.7303358675039918,-0.2365905960440293,-0.1997132193049228,0.14941437118241765,-0.07172328233208142,-0.5964548455289175,-0.6490552039368233,-0.6427498093319068,-0.7087648036718113,-0.8884494976660426,-0.8800500465341069,-0.506450819915496,0.16771264994877982,0.21786629861315868,-0.24935965682765754,-0.43780775266601824,-0.48908186814995247,-0.780726033595274,-0.8182062592391457,-0.7371637505994744,-0.8611636604604911,-0.7980916842745994,-0.4444639960173763,-0.3104099156019687,0.017984119904381528,-0.4167961295446209,-0.7544379873719669,-0.7609651797613209,-0.30919549418824793,-0.3743208387682997,-0.5429472956240423,-0.3703085209112205,-0.7401663360079359,-0.7495731267045382,-0.44616410781946036,-0.7747002908100717,-0.7478664058915307,-0.2986334719947059,-0.32865537210948387
-0.29005654983603674,0.23174679996005648,-0.32556148580931327,-0.6293468815463221,-0.3254316982151558,-0.39040236564043845,-0.26712730815124064,-0.6860236866018983,-0.8121459042459032,-0.7375064586400846,-0.5705056009401375,0.05174500078160624,-0.03426095267764081,-0.6397098447577878,-0.9131919009030146,-0.9555788321729005,-0.7400822893575161,-0.17159230932715883,-0.39131217119979084,-0.04624005246822999,-0.5461710720305751,-0.6774554551519031,-0.8290593644494633,-0.7256871477214474,-0.33131887775573066,-0.556983620784634,-0.6607309461172878,-0.3099699993726803,-0.5240772715203716,-0.668560999562946,-0.7964236780737746,-0.6626860833335103,-0.5177998924376439,-0.12455444727226148,-0.39100332357201695,0.13692805909661615,0.3320727357731803,0.2214037995067719,0.06842053270458948,-0.2281084487443919,-0.1406023678757851,-0.4657672371614488,-0.5611868960983519,-0.2064682791195737,-0.18643279685952,0.08277825261835443,0.2302073107228553,0.32518620700679635,-0.32240637632847735,-0.287774221431832,-0.5881061032001833,-0.5367220327141339,-0.36203772686427454,-0.7654533789608504,-0.7586717997096319,-0.3934023929306728,-0.2303326801279761,-0.5384887126709142,-0.44174317784083095,-0.6089697179230731,-0.866242356045,-0.8887769840408386,-0.5862957276831666,0.17653230488172691,-0.10072134968567968,-0.16517806228712992,-0.6669576238100607,-0.6672636897133543,-0.20312830897292464,-0.5168353411299835,-0.37722053723653587,-0.7364209587950384,-0.8101089190132746,-0.7652656172135791,-0.8888681544352811,-0.9589801909210629,-0.8982457443606632,-0.6069682690365182,-0.22010606393590346,-0.39808034272461923,-0.2643372802620902,0.15658293919183996,0.004245152578835514,-0.501169280777281,-0.7794294712605896,-0.7244397239932312,-0.19318732781291234,-0.1763306430947392,-0.7160654107840547,-0.8578720581529427,-0.7238591353941566,-0.5582930461609512,-0.08813089920143442,-0.4251246334364228,-0.5947529147216924,-0.3129909497249611,-0.5482283429267165,-0.3851752293272384,-0.7741287768830596,-0.7278992924069598,-0.03982421452464568,0.5330505098501986,0.6004320518146482,0.46851119636321853,0.19626594940958636,-0.09864823005068146,-0.6575775373595483,-0.742025753606649,-0.8645208672184319,-0.922381043687392,-0.7274271248937152,-0.13464878012404174,-0.31625891627130265,0.08926427920879915,-0.00287905371575815,-0.4782610508379854,-0.7332087118208411,-0.5653257992736064,-0.21101130683149508,-0.46872963035227816,-0.6518310327308341,-0.8575680035278955,-0.8843829254461879,-0.8063745610509139,-0.8872336047798971,-0.8203199583658962,-0.5764572528341888,-0.6026037691903008
-0.5675200821720899,-0.1144842904594433,-0.6148577612707995,-0.7914636014279587,-0.5251181534216354,-0.0623014853890405,-0.47082938624226894,-0.7845444617420047,-0.77705750786837,-0.34569279725568663,-0.3082448442263568,0.11276630791452784,-0.19686365186732196,-0.7077274298424102,-0.9513162780996754,-0.9837317490851163,-0.8139862804751976,-0.49536237573598296,-0.43090529192706084,0.03337082100567748,-0.5843460148227084,-0.8278813291772362,-0.9146504934250791,-0.8886610418525658,-0.7597290958698434,-0.8299258230558024,-0.765698280933842,-0.3765564458186073,-0.055677957647942575,-0.15856992983498244,-0.5619720837253215,-0.2910957940123802,-0.4430760295398385,-0.537887517284675,-0.5222897894829709,0.11915164469441333,0.27740710719414474,-0.06772733601881303,-0.188401284809503,0.12852876226934584,-0.07130734921524161,-0.06476583102941193,-0.4132231140940761,-0.40585215360714094,-0.09082482081155684,-0.16768334129182985,-0.18937261777230327,0.0840474611913539,-0.3753704815161059,-0.5811912146416522,-0.6530665226334265,-0.7245784520379416,-0.7511281933807057,-0.872715903457675,-0.6906338353421183,-0.07820548331005134,-0.3478546832320149,-0.3787600444136394,-0.22883687327666472,-0.7062913908736452,-0.8799658443081441,-0.7800535642302635,-0.5201969192032173,0.2679791693452598,0.11903046178063593,-0.3721947606086301,-0.6317733134541024,-0.7867842798335248,-0.7100187384505918,-0.7555725394904442,-0.6815204160595607,-0.6363108149104466,-0.6661409625630047,-0.819149743309176,-0.9383542405334392,-0.9597683284256251,-0.777435677996271,-0.32062475101714044,-0.5342675445784607,-0.5946965059767566,-0.2258812309344098,-0.41491143421901955,-0.575184294325011,-0.8117056823246792,-0.9026721783079154,-0.8137709798341153,-0.5226392862036591,-0.6087242241735379,-0.8192912137630114,-0.9150181104621844,-0.9216968956061706,-0.8251776896563516,-0.6126136666478615,-0.5514688954154233,-0.5203224060021281,-0.44474676693638315,-0.6864106876187354,-0.7613682556661986,-0.9037604109883725,-0.8292209349323879,-0.42116773233712346,0.23728078512589487,0.17637885024331734,0.21523192506981986,-0.33260620873286767,-0.5984256716550953,-0.6675884617287198,-0.3936022211078358,-0.7921017055287551,-0.9114390113293753,-0.7450881380970669,-0.2286388043620829,-0.5310503420942327,-0.4182672990347586,-0.1862805691044824,-0.03194861558680047,-0.6319624566316558,-0.7303971979440905,-0.5584710422373034,-0.3221209340053142,-0.6967025858951613,-0.8660283652269354,-0.9089501317234299,-0.9278026751146555,-0.9331523938240743,-0.797260817713559,-0.4099740691994387,-0.7003387424460413
-0.8398885987547696,-0.7118532437077096,-0.8439914436703355,-0.9019432503224826,-0.680867977492081,-0.19781554871331755,-0.6418145400933534,-0.8548978106383704,-0.8633809832438872,-0.6117832233153627,-0.19903435841356037,-0.20774845099463218,-0.00030414917262738865,-0.6450886653400065,-0.903395803340793,-0.8961899261118864,-0.6236461767757177,-0.25488215028461414,-0.4399030957356916,-0.07231071930371556,-0.5487583847067632,-0.6577566849175656,-0.7230611968623927,-0.8237655106391428,-0.7553851430202199,-0.8283030857840233,-0.742689421692549,-0.2870428846999814,-0.43987844985563684,-0.5883530250500221,-0.7419017766072594,-0.515181457001386,-0.1335682642660452,-0.6145536090307381,-0.7796964826297201,-0.5939434433443801,-0.3716171706430149,-0.05024723386698987,-0.1532031147638332,0.22458582898611354,0.1650894608808912,-0.09221940567450265,-0.09380223437194617,-0.38418845299706894,-0.2973864473124512,0.10840373513313176,-0.23042711238902505,-0.31316022446548264,-0.22974890738071946,-0.5476586073067109,-0.3142649251980758,-0.5823211492637121,-0.8290363966492118,-0.907259910126554,-0.6679233280046366,0.032138249289456876,-0.2328877523142041,0.009286983695227622,-0.4357381517757079,-0.7834752530273781,-0.7803272683350577,-0.41215063953085934,-0.4588895378887093,0.0006669005086509142,-0.3111208084202362,-0.3615878698251475,-0.2974980998370537,-0.755526957334469,-0.8349309429030477,-0.7331366484191548,-0.6384047737200473,-0.19745639245923677,-0.21142454578706532,-0.7264307313523309,-0.9353818836631715,-0.9076038094975872,-0.6240052304208202,-0.45858820923598953,-0.7048993288631248,-0.7362038143360431,-0.5582783830256991,-0.6743150302793895,-0.6946647021187428,-0.819597601803902,-0.770597514116968,-0.7141663884381425,-0.35896358609965684,-0.6401689066840881,-0.6322237380632918,-0.6995721241163173,-0.8176043691175973,-0.6798273811748797,-0.4544183590198882,-0.03971478433580068,0.10745723570844344,0.12393625079536504,-0.5513244539966451,-0.8514072075062876,-0.9135620768917522,-0.7228787229951559,-0.467634329475533,-0.14268882346273334,0.04396282061233384,-0.4023153678573043,-0.7325447337938132,-0.8047986111594532,-0.608472387524382,-0.523859464801542,-0.8031348778450592,-0.9172075560195794,-0.8831707050873263,-0.6626862472452886,-0.5634735351584087,-0.37601973684069395,0.05181772070222037,0.0721400253365731,-0.5600396078567073,-0.6550916803224225,-0.7152670867840488,-0.6632409283115619,-0.6300442266819184,-0.6256386830157118,-0.6911698242686491,-0.8752490059438017,-0.9522404025226412,-0.9126393051224864,-0.7855070426296487,-0.8722798420712059
-0.8032731898679877,-0.6796057328225638,-0.6959951737509772,-0.863348988551151,-0.8330275818336117,-0.7208914041272334,-0.8076466309251742,-0.7867802481723231,-0.8488891512556395,-0.8037168568233717,-0.6878579500711823,-0.5566666578710362,-0.12755968206192914,-0.5883330700322774,-0.7036557958475256,-0.6878515219476335,-0.3400346813180506,-0.5706665142427214,-0.6601555657121735,-0.3713836423296685,-0.3521435519809582,-0.1045273033130057,-0.15036217630409662,-0.5051583073124472,-0.2705505936036701,-0.5772455984279075,-0.7744686139667522,-0.6664659918017877,-0.5291961264515476,-0.5776998251950064,-0.7754616096383553,-0.6531747538434179,-0.21561439169782687,-0.6698471519818753,-0.8908130731168555,-0.8396339291934853,-0.5581667459559017,-0.2252046203829568,0.039915795026689835,-0.13647986648180901,-0.2894869002722407,-0.12034289288667724,-0.35830678628227547,-0.14792052161623045,-0.12981336842489324,0.3639681430111565,0.13328758041991817,-0.36265226888720764,-0.6288576932481641,-0.7694251613347258,-0.5696300954631758,-0.35677265428411675,-0.7850729384798376,-0.891173622928043,-0.6974284417262934,-0.027076522236929728,-0.15261006612954095,0.06759591128604014,-0.38284172584969967,-0.7241682175365393,-0.7131959295826411,-0.6474871392365193,-0.5951871773751534,-0.5689854775579117,-0.5242061937561686,-0.05489892131546118,-0.4591263032563971,-0.8025910138673396,-0.7897884367466971,-0.4136467354442418,-0.6720992461677651,-0.640038036797125,-0.677676667565185,-0.8743927257969439,-0.9330786202597195,-0.6748798220066955,0.06486036544214022,0.1321811475425878,-0.49846923255364484,-0.5217039730433366,-0.27454307480603846,-0.5715537765986968,-0.35837654402142444,-0.5909459043157468,-0.3888239900200058,-0.7148981610560776,-0.706844204935214,-0.5935788869378009,-0.017726519497410484,-0.11017108132081874,-0.5138282264081109,-0.1473541276591093,0.005152312820989035,-0.1415774837439415,-0.15264329770328391,0.22711141326926065,-0.37651939173509874,-0.7878225324388437,-0.766254286651256,-0.20761820827347321,0.029177826361618687,0.07143720623722793,-0.2610083655105137,-0.638018641435004,-0.7101109300008006,-0.5916065751152821,-0.002012822680085592,-0.07840351076717832,-0.6066020376882019,-0.7431972688341145,-0.7910550061126322,-0.4937112868407841,-0.07327661942320905,-0.061662340806447925,-0.33947726145383617,-0.3628630455730854,-0.5058308704706957,-0.12193072265472965,-0.45413666433897243,-0.5669985169087398,-0.15430984007647325,-0.0201615117585299,-0.1788042298718931,-0.7317508718874517,-0.8992336773317232,-0.8932501356638195,-0.7298050368745231,-0.7241350787660047
-0.4297487441961287,-0.05967289960303688,-0.01160015565000539,-0.5956234197258429,-0.718415097319049,-0.8178285281438887,-0.7673741973332321,-0.38958387776939024,-0.5419091761378867,-0.6227560487209339,-0.7960294997467013,-0.7590103615265276,-0.45620560123657444,-0.41730018485604,-0.19108516666543768,-0.47893203573958787,-0.646362306495149,-0.7941320978550662,-0.6420504123769225,0.02913808464389578,0.007636593891642553,-0.34474069130816504,-0.3583980455135065,-0.39475197636167647,-0.26633913862545083,-0.231851905790693,-0.7028453680372878,-0.5968933096277844,0.10494674896223133,0.09240050979101587,-0.6151427933445351,-0.8056266072286296,-0.6709593315297802,-0.6733584282426581,-0.8535723530497124,-0.7612034534073547,-0.1449641295618273,0.21738377104375117,0.01812432027331037,-0.023115208387624552,-0.5573680806176672,-0.6882536326843941,-0.7471061927391349,-0.4950310117552085,0.005082188731504084,0.2024680074172633,-0.18055821830944424,-0.23141794791734926,-0.7068558992199779,-0.8269333284138578,-0.6551179143894725,-0.6852659366114147,-0.7969960790201681,-0.7420134228581998,-0.7043349182172659,-0.3201332759173523,-0.05994923347336418,-0.2114533747957745,-0.017655178317550195,-0.45640686440810974,-0.3118249228481489,-0.524492446726627,-0.3452688730053884,-0.6875593227529005,-0.5645533220974636,0.10783642989552517,-0.35713399148601344,-0.7487305731201502,-0.8075414472687478,-0.621206549219243,-0.7914108409590676,-0.8635400955306848,-0.9061070887667151,-0.9626177924537445,-0.889319999427704,-0.48629218714444783,0.2175855405432874,0.2173218799892235,-0.3825005350139344,-0.24344331687410364,-0.5693676553124024,-0.7678164001441351,-0.6676211789098904,-0.619681301136445,-0.6578927856766017,-0.8512778987189742,-0.8762629691553669,-0.6854096850541884,-0.1410802016258902,-0.4843277565242413,-0.6662293567287613,-0.33671544122787217,-0.061852567742665475,0.16146115714753764,-0.21072356775842604,0.13963187014041523,-0.10053327717144299,-0.6892455396507842,-0.7777378292608209,-0.5111171833199573,-0.4815198749591491,-0.42654244939156405,-0.22658618930996763,-0.5332844360462872,-0.2787751087032587,-0.30426092320800135,0.0558821085509795,-0.319245457143504,-0.4459227550653729,-0.29399558316281543,-0.4687894794781806,0.020105551009313882,-0.15465583333581867,-0.45760850988945284,-0.5888875742276208,-0.30128390759053153,-0.458928652525535,0.04869391884686882,-0.09716703855272132,-0.6119231395902818,-0.6263038203169548,-0.6016513319004707,-0.6677392315787923,-0.80619779041524,-0.7595155680112281,-0.7004389849480981,-0.20971547889924605,-0.08505704312016205
-0.46115809489713216,-0.22099977782409552,0.04860117134398518,-0.4515778809831766,-0.37790040647040535,-0.7840842339956438,-0.8503947360692797,-0.5783152936198009,-0.04795381537963853,0.007174662684389673,-0.6066128254291728,-0.6529817028103306,-0.16295975854090103,-0.006396584504223131,-0.10246927302547991,-0.15871644399620977,-0.6910205688600336,-0.8426989943855695,-0.6919821555790934,-0.13004741508652007,-0.39921834033735976,-0.5246823383107103,-0.09422840356934757,0.07997651839410602,-0.002164697461000975,-0.5142724879065047,-0.8056285235911378,-0.5733990256978427,0.32063221828708943,0.245923384478554,-0.5816789422744106,-0.8504965088152019,-0.6850207602279266,-0.24452868968181865,-0.7006569980867416,-0.7742040070211761,-0.4633353237322301,0.1291267002510977,0.12888952866469183,-0.2738643764607774,-0.7356668891708872,-0.9113003645066029,-0.8896434770354609,-0.6866031960898255,-0.5862190948347155,-0.5175510315971035,-0.4924953341368297,-0.5502691537322653,-0.6206377883919864,-0.6315029830467677,-0.21934426970198584,-0.5598718432783449,-0.4279982217009871,-0.06963256855413338,-0.4373090552737096,-0.1819186174354352,-0.4713772554917512,-0.5032637347963895,-0.05506865870139249,-0.39814471175271954,-0.547531954599038,-0.5936145545405278,-0.6967008533538958,-0.8297566755015724,-0.5386840146480516,0.2875532673688002,0.10068935314966884,-0.42540722692094224,-0.6356881719362585,-0.37965819673637285,-0.7726358339768116,-0.929405793295292,-0.9778048816412525,-0.9764355368747956,-0.8150232230311739,-0.23368228489973392,-0.10414263672122696,-0.2172310861058379,-0.5305565741032712,-0.5282000081939492,-0.7720402905025123,-0.8284506535163683,-0.5672250942673286,-0.19708485865497205,-0.47390152904962707,-0.8161018191335708,-0.9408680726942302,-0.8817138140392267,-0.704539187205593,-0.7960194180151102,-0.6317306981804981,0.19809285645058522,0.4644444083694556,0.2352668981870686,-0.47279457689712184,-0.5650977851415852,-0.5885777750775495,-0.6689157026387818,-0.6933680071665485,-0.35891229179839007,-0.6842267883656791,-0.7739619031965776,-0.6778034966040435,-0.6099703259032322,-0.4837267988306821,-0.13143430814982568,-0.2454881273644507,-0.4703474905484147,-0.2691650153385956,-0.4765216525368629,-0.34148990860556827,0.20974916869820676,0.1955751654869279,-0.49588234018302774,-0.7906270947465042,-0.772677887496942,-0.7208436951522932,-0.41385627083243637,-0.5757652272124704,-0.8266073684298731,-0.8637229507823051,-0.8843934728404248,-0.8833024098223987,-0.7889880180730775,-0.44311865148654705,-0.688502350757825,-0.5276372256601837,-0.17424653206890994
-0.6052029040737754,-0.14516787496471112,-0.24520872831390486,-0.5908367135689931,-0.7052177013882102,-0.8999665625169843,-0.9231836387922354,-0.7430789324137475,-0.2968703384706915,-0.029500616662855087,-0.5795854538347329,-0.6453951711625322,-0.5407249638721143,-0.3232517954979374,0.055259355083050306,-0.43762919662355987,-0.7645949508732744,-0.7781680835263503,-0.8068172396826112,-0.6516563347404525,-0.6300403123844707,-0.7181755877455346,-0.5774457885382812,-0.39878977701855267,-0.5240191501677658,-0.8027744138210607,-0.9165955055973944,-0.6093840625959638,0.26607236609752577,-0.0773615738441855,-0.6802432452853482,-0.8860086080037892,-0.721935182195871,-0.242712387077452,-0.6409183096560593,-0.7060554742660528,-0.7323719827813188,-0.5737417998856094,-0.4420793047367724,-0.2416557000780888,-0.7546411087734918,-0.9240871618358502,-0.8067880119501506,-0.4338375611335076,-0.6746233668858654,-0.6007903004171823,-0.07980301953510022,-0.19521681688049924,0.020597908356309026,-0.3944774152358523,-0.12730148710395137,-0.3354009986342032,0.2245981262346474,0.32896333249274673,-0.3584159763639527,-0.4730508434230226,-0.7353017587803149,-0.72292395233512,-0.3557900862582229,-0.18358268760226132,-0.5033938659266393,-0.35381495038162886,-0.759465101663833,-0.8227321260083933,-0.41581276502723397,0.26952482904042024,-0.046371385494043856,0.02464085938155522,-0.5605978121036602,-0.6866568366245668,-0.8879831648795489,-0.973087662388408,-0.973733656528357,-0.9850133814518677,-0.8857737008813933,-0.48858293198325187,0.16470787597001274,0.1373821096502278,-0.24969219727388423,-0.21133447810692052,-0.7151695245707528,-0.7559364611057214,-0.24762824246635246,-0.11604098464662545,0.01629385167136443,-0.6446039613636174,-0.8851692862199961,-0.8870872737099046,-0.7757663568782676,-0.8430071111672439,-0.553133628814223,0.3154113618526776,0.3362336985405097,-0.30162946975951754,-0.7602663677417476,-0.766812117093549,-0.5225121451786728,-0.3190298828137479,-0.6932229726201946,-0.7432849804035895,-0.8818331622994219,-0.911593762730095,-0.767538648716188,-0.40375097042007957,-0.6298173943736469,-0.5007440447326122,-0.21607424276157464,-0.630204384202113,-0.6907522483709454,-0.6600429296780727,-0.2416794330404318,-0.23346549873809433,0.046134231080388236,-0.42725364337805205,-0.8133878353277042,-0.9025385772446654,-0.7069994763332338,-0.13795588926208358,-0.620369138921885,-0.8305613109902852,-0.7675381903755677,-0.8899111703566783,-0.9459121670003187,-0.9121795532829367,-0.8135857848407828,-0.8798327459054259,-0.8136264925246145,-0.6857860920256715
-0.6336180842336894,-0.401545777170301,0.026204240145093812,-0.3614858377533858,-0.5601705073747835,-0.7519419252263563,-0.7170745194809893,-0.6662743717324181,-0.26060041876856765,-0.48657103149736963,-0.6079506067774723,-0.27571287353190704,-0.400466178260506,-0.2895288570266729,0.0025362836721443036,-0.5749791723183189,-0.7249369448874814,-0.42541463961317855,-0.7465725367416433,-0.7026530649256726,-0.31030067892019675,-0.5417005009047331,-0.6020992416292216,-0.256800507737568,-0.5313267838163209,-0.8201988877197043,-0.9196067968201193,-0.6024970552788399,0.27134191913279015,0.0726959980641661,-0.666123573318163,-0.9178666418849617,-0.8869390192421558,-0.7192290105624266,-0.7027320524437749,-0.43647579818215465,-0.7745664447374508,-0.8274112548136177,-0.7580176127384137,-0.5869201969774316,-0.7991716649031059,-0.8818796038732439,-0.7342129422772874,-0.6270674242664495,-0.6342512225121857,-0.5770338805751776,0.04833004661775992,0.2914267859713184,0.34459276700155095,-0.41569119612682176,-0.5341772059542185,-0.34468635771857653,0.22580642771668455,0.22382191903323603,-0.36149835266875346,-0.27268536928405157,-0.7241777818603414,-0.7213154401165298,-0.27263787640481657,-0.5286947577398977,-0.7188388659369107,-0.7575990325436812,-0.877832645920796,-0.7264299296610877,-0.11968864979384207,0.1454055907283813,-0.19061549686610466,0.09670105428112444,-0.5003620208244413,-0.6492749366765258,-0.8647224646997789,-0.8727862163967963,-0.7742236120402826,-0.9046177756654703,-0.9209258728908672,-0.6536311378103367,0.03381231244904693,-0.02330857350333291,0.038406445573147166,-0.3305771940188128,-0.7747733700882617,-0.8540373191772366,-0.5179358574520501,0.015116028979858842,0.05506443828145027,-0.573848220464572,-0.6994589606307658,-0.6907691916990943,-0.42281896704157584,-0.6913497008153132,-0.45938482225361793,0.058500368626693736,-0.24591097370240012,-0.5447019168039003,-0.7682131453413346,-0.5204099526414141,-0.03445264825974002,-0.4651493192932121,-0.8085003964030112,-0.9216052290372371,-0.9764915732013514,-0.9838681564529467,-0.9161443260029518,-0.8069475908498372,-0.8632336200297207,-0.7667857523066749,-0.5801534293330487,-0.7931844720008426,-0.8694435905167506,-0.880072214236943,-0.7702876256053894,-0.7096265865875276,-0.40276053945452844,-0.11479686513176841,-0.7068438114343932,-0.8982511214018973,-0.659410488223982,-0.004176750267057295,-0.555971578361244,-0.6433849881173809,-0.21593018338586162,-0.7039936497518722,-0.9236768068617093,-0.9653442155858417,-0.9223149268729475,-0.8949771440742219,-0.7742096827012812,-0.7642442825358222
-0.29617295639420105,-0.41465860884250827,0.12979814160708358,0.18315133992371938,0.17323871185780268,-0.1856148218455218,-0.05730959319739894,-0.5534093714972298,-0.6800260118385033,-0.7552146271392813,-0.585444159335983,-0.2910215497370069,0.0036363245655733267,0.036913338645443695,-0.2412211270339863,-0.6973467214101566,-0.7966876293196303,-0.632054096721112,-0.806480050347727,-0.7590865745075595,-0.42214975546679717,-0.2501381935139972,-0.5941197255755104,-0.49581637009638224,-0.25057389344750036,-0.5711470839803251,-0.819063613287717,-0.6654289566815241,-0.07088969497614629,-0.4460868563439761,-0.794937806041388,-0.9507280411045078,-0.9737990651207975,-0.9348566769769111,-0.894095951683419,-0.7739293020670572,-0.8081665431712997,-0.7505818792241055,-0.700266428685124,-0.2868046497539131,-0.5563798522097272,-0.675575392637675,-0.3009745564504208,-0.36791363094491775,-0.26748402823675854,-0.6459118426578749,-0.47153915897385634,-0.03349492180807708,0.2863110788262349,-0.480151339965448,-0.6507580380565796,-0.291404318863208,-0.42361440347379425,-0.5377409811201798,-0.6775168880842095,-0.5842476885183232,-0.8070655622924204,-0.8039749334157306,-0.5771523363714652,-0.6964705269828867,-0.716303246379222,-0.8228878050915803,-0.8680180501208405,-0.714333974403794,-0.6051259208759757,-0.5658492884299287,-0.5396749706601072,-0.07543151267595166,-0.37040187679745784,-0.1536586785668679,-0.5968299537360173,-0.4814669622375871,-0.15410291618008476,-0.6922554518920473,-0.8749226843698894,-0.77095204188467,-0.3112438406253451,0.07033224304667296,-0.06850666374729011,-0.11295571465266432,-0.6930425241329534,-0.808429582277507,-0.6098907189603678,-0.5419733064322114,-0.578621474433903,-0.6641909132819821,-0.33444841367477024,-0.5264391941689262,-0.6318881142526638,-0.6477223191700888,-0.28811842215782424,-0.3891135511550886,-0.34874661912770094,-0.25761924658535834,-0.5543235417317474,-0.04323473282801571,0.2589475105444901,-0.4501269058856406,-0.851352091232828,-0.9760092361868494,-0.9822923420871649,-0.985851963893295,-0.9500466059982522,-0.9445796358312487,-0.9337314835422996,-0.7563186292082461,-0.39530907842312246,-0.7160686006539252,-0.7335707111862338,-0.8489499459777415,-0.8902712635236067,-0.8135086589227859,-0.4430669130735148,-0.11185329431813205,-0.6653877778135554,-0.846065749536904,-0.6289654888605415,0.011318016082312352,-0.4996558963780792,-0.5329018768069782,-0.02342730379142548,-0.6146883851845513,-0.8696006648697582,-0.9081349993945176,-0.7827739991206755,-0.7323291173829374,-0.38178148250369554,-0.5352208248255995
-0.47815981577278927,-0.6024915920253139,-0.3327386096555297,-0.24235653163061194,0.18436071818050834,0.20058114186395934,0.15066182661651156,-0.3949263608010927,-0.7405400284651769,-0.7281392400062231,-0.22115398883879808,-0.08830115410386262,-0.3842434640222246,-0.33932402363103226,-0.013950152205858258,-0.5714310906552967,-0.7012792576506871,-0.40678246662865497,-0.751043064677867,-0.7324287283662652,-0.30454544990266025,-0.4706245614156749,-0.5473642379012787,-0.5170180104542104,-0.39185800625065353,-0.09513033851564688,-0.6623477018602081,-0.8085027883555895,-0.6700532936381405,-0.743396708521997,-0.7679723154359112,-0.9204976947680408,-0.9875571731006778,-0.9590480724104045,-0.8685189404147482,-0.6533911414668626,-0.4822052139238906,-0.272252174474209,-0.5633918822666879,-0.32213958689209404,-0.2189902040883537,-0.6280478501493119,-0.5296770950689672,-0.23709288455099395,-0.5712737046311804,-0.7987958907857394,-0.5830106030884041,0.15972921153364214,0.17743001941055556,-0.5499177616071529,-0.7851647398662891,-0.7571558192479857,-0.8294141747149177,-0.8568478705450198,-0.764867979889234,-0.4131113634621094,-0.7562517658932763,-0.7515010811688685,-0.3663109333148761,-0.5772011383790996,-0.3229249008765366,-0.5696594719153619,-0.6821774468541898,-0.40657831998256,-0.7402671868547412,-0.8565509573357211,-0.7649617182226163,-0.415613392881693,-0.2853552363733591,-0.044819918787075405,-0.4296930626250041,-0.07420168781981513,0.0029941592875957906,-0.586427553327748,-0.7171007394106297,-0.6834394092960956,-0.1257559891564908,-0.04815181357195509,0.06780125042675779,-0.2330575589588956,-0.47870973554052554,-0.4211755690828033,-0.10329409173504138,-0.6042945852223864,-0.8248638320853355,-0.8392751445759179,-0.6086984621395544,-0.3268988518631078,-0.6371935161863297,-0.647803484012205,-0.6444825541778243,-0.5422844160053848,-0.06992085322151355,-0.4861853736313779,-0.712094597643213,-0.39206997767936524,0.20852420185723458,-0.3488543854780838,-0.778530526189683,-0.8956894405925369,-0.7924320897079473,-0.8422157837422322,-0.7887334613776522,-0.8685650613954565,-0.8778994911568252,-0.7351785826693559,-0.678734021702267,-0.6005354886245454,-0.13724327210840626,-0.4496453615581665,-0.623369493141399,-0.6127906942596194,-0.10269011038827516,-0.33620492174348515,-0.51925468256035,-0.6378360167325722,-0.5968459696970675,-0.09430241375101574,-0.44120610771488816,-0.5280134296647586,-0.10957657600170517,-0.5944364244208872,-0.7168544101965526,-0.7302814822420638,-0.3983256617028601,-0.697026411238857,-0.6430067222165489,-0.5242185736519829
-0.07027352609756635,-0.4258459352411898,-0.05824861088934711,-0.4834068199649956,-0.5416139485383094,-0.507244455993283,-0.32637313688919384,-0.07865763274393524,-0.6284504944844708,-0.8128924324138288,-0.713245183945658,-0.6851487768363095,-0.7339202594570309,-0.5311615784593691,0.08414950175621849,-0.39398597190622453,-0.7283629664401694,-0.7679065968896341,-0.9036542867272989,-0.8939768159784238,-0.640827142105886,-0.3978500522846717,-0.08920821406530786,-0.11073943130529523,-0.3270974752304723,0.052846285419327906,-0.597854412703141,-0.8136860208922585,-0.7172981250158754,-0.7037393844497357,-0.44417111508321666,-0.7791000292620445,-0.8485173940564967,-0.7039230350239277,-0.5032706774700435,-0.025339841351705222,0.16752524339735292,-0.20083427289310998,-0.430172083940855,-0.04012734846874383,-0.46587466295528457,-0.7829764324508866,-0.8132702764638036,-0.7451466575024519,-0.8520068129414557,-0.8830543954780699,-0.6913365074197664,-0.10007669100177723,-0.3272635419811409,-0.5405415979824564,-0.6784827380082487,-0.8484588991278621,-0.9456503467473387,-0.9693574147135271,-0.9104175233094363,-0.7752477512948104,-0.884445171742303,-0.8875545341586856,-0.7479367081095168,-0.7709894711912547,-0.5797519410141786,-0.30295047102724526,-0.6632205437223763,-0.7145886413918324,-0.8831252049350229,-0.8822053508563079,-0.542625783321842,0.042851207435270745,0.16353172309491695,-0.3683430874412276,-0.6977449979946665,-0.644009186151169,-0.5811197547323085,-0.6645972107274176,-0.4170962372151953,-0.6120204779396696,-0.23996095914777002,0.15738928588269585,-0.14067025239522152,0.05935454345815526,0.09110965799763905,0.15685963342080286,0.06401009660224151,-0.6302995028730699,-0.9064816545430916,-0.9481354170754753,-0.8628430766488301,-0.737547797951478,-0.7015131243427133,-0.41539242335962406,-0.6978807737542155,-0.5431442859448977,0.018242064051563,-0.5404875130344968,-0.8106007186878947,-0.6036950233273883,0.09627949252098067,0.03487463495113206,-0.44145383066783556,-0.5907931553620516,-0.20106536706656403,-0.5164513642978458,-0.3041313837447386,-0.5750035959222635,-0.6799092208238442,-0.36883115548913953,-0.5850452188510581,-0.40008484692049917,0.12035116897287364,0.0911587124660914,-0.10859242089941944,-0.42842195833517543,-0.024489012154247234,-0.13733370192884592,0.1414896477283373,-0.05642235866387569,-0.5383145998091661,-0.49904701394544193,-0.30281430758150873,-0.5657619364455214,-0.44775340440211076,-0.5638112261552288,-0.33164533207070496,-0.594451755508376,-0.5498065127289387,-0.7495383188735714,-0.6215743401905603,-0.038214433260164375
-0.39838705598909835,-0.4635703880225788,0.0068154357991787335,-0.5939957047614907,-0.8265621880788282,-0.748870402161042,-0.4259916699189286,-0.032535148830450285,-0.48485643336437945,-0.8275095352118077,-0.9058225609542273,-0.847312135332067,-0.7311047695887731,-0.5696822960555312,0.043173540962049985,-0.098123904099705,-0.6588638799565119,-0.8514233595005029,-0.9628133394959087,-0.886221922252402,-0.46418823386894226,0.002972668060541668,-0.37937447675662006,-0.569581614133969,-0.5631921530792025,-0.15845951400846756,-0.647498857725765,-0.7158541524702022,-0.412989998561298,-0.6893002748628134,-0.6735181550394094,-0.5895382103125918,-0.4723938623046746,-0.12519100856444562,-0.056536981962107546,-0.16291808080964817,0.19155474302319891,0.05476440024142442,-0.38377429464036855,-0.13282055984131647,-0.643487040122134,-0.8898171707567543,-0.9459110987008965,-0.9344918483523588,-0.9123337449359187,-0.807128123316719,-0.7707180077768052,-0.5532444877493079,-0.38895887177557226,-0.10628751174956455,-0.21827667299740905,-0.7488863774018225,-0.9442644526426465,-0.9882450681824446,-0.9138750530072066,-0.735831607487177,-0.8321073288730708,-0.86211668653103,-0.7612131979926944,-0.8433530498075359,-0.765792938325187,-0.5714742646917784,-0.720806169820925,-0.7160412608736783,-0.8297698103541843,-0.703613387539106,-0.04182058052160744,0.02129616071606038,0.12719192681306718,-0.5648626444302557,-0.8705723609984323,-0.8501410017422939,-0.691791106308117,-0.7842872086716679,-0.7457772668789109,-0.6535765617101782,-0.08070188464598789,0.0752490625325737,-0.377504395329514,-0.36871938454163755,-0.41368144165492277,-0.34732765518502967,-0.5210478013102126,-0.7999790668174916,-0.9528387378023573,-0.989977045655074,-0.97126846539972,-0.9284083416429062,-0.8904682953710576,-0.8107886970604015,-0.791045840558083,-0.4473227762542126,0.008034624541640103,-0.46890618348819846,-0.824168552433791,-0.783692122390016,-0.3425819432830378,-0.07776804326073848,0.07610406992356362,-0.3743906808926989,-0.14288376022891006,-0.5736194789418996,-0.5433117832981816,-0.3271816951607913,-0.5860444501209343,-0.43992197052510057,-0.4002402242808452,-0.16199755581570874,-0.39921051557315135,-0.5396977813773434,-0.5942520361823231,-0.533410936245992,-0.3408141691719955,0.08167638871488764,0.21737401417925853,-0.11964374778305721,-0.4598627639430125,-0.6934832431848035,-0.6211254960275472,-0.4889528238314705,-0.18066812408242067,-0.3953913705015676,-0.34123503045477616,-0.34325427489283195,-0.24133043409587185,-0.7071025619277644,-0.6818191017948998,-0.18343733013106725
-0.5510703893261005,-0.5113926746320604,-0.1408083989554164,-0.6868511852277213,-0.8366148431362708,-0.6029858765070202,-0.20106893710591012,-0.3171347243549442,-0.2864065583904906,-0.7779275824288443,-0.8277676299761842,-0.5935098163904221,-0.3420618891832879,-0.6512955522926043,-0.5928173811636751,-0.5967753946492323,-0.6170509632792918,-0.6621826692734226,-0.8179533898013585,-0.6581339917900328,0.09707672744149888,0.13025764887406446,-0.5433962570438008,-0.798020280974532,-0.8352803912129346,-0.7059531505033295,-0.7889126654353628,-0.7078720314866875,-0.6522838123501249,-0.6118767160539152,-0.5030230288063592,0.03848240960232047,-0.021768726107532815,-0.4261210827129835,-0.53168401973703,-0.49951346300445887,-0.4372872976723432,-0.38239535573369615,-0.6208854538414862,-0.6786264721041932,-0.8688170345175114,-0.9659372123050658,-0.991621971830616,-0.9619178880921548,-0.821632588801994,-0.39250801830446275,-0.49531884372216534,-0.40172950317510675,-0.1319504566842935,-0.4148652534086132,-0.6343895602657715,-0.8745727156940172,-0.9820168458559417,-0.9718584931043431,-0.7508249260794779,-0.17706370645160927,-0.47425724777552136,-0.6466550962964801,-0.4156612450245268,-0.7609610804610543,-0.7359554395428132,-0.363943212744572,-0.5738096564017351,-0.284102846808719,-0.5463652730923282,-0.5600800212773444,0.0453020514069067,0.13433863513764696,-0.22416317654657802,-0.723153308417578,-0.8829963560019289,-0.7324078783061263,-0.24888067548005355,-0.6894938911828038,-0.864372925939271,-0.8602798530143682,-0.6778049680175462,-0.5496290762602432,-0.4499742108071729,-0.18280537470151748,-0.47043932636901975,-0.2812917811170898,-0.6391378516925765,-0.7438140273258956,-0.9103830927701506,-0.9866079796730224,-0.995112913687374,-0.950220917403779,-0.9335603213798348,-0.9025972855196013,-0.6773961771088939,-0.07867345595950195,-0.23399798348503212,-0.21500119466555004,-0.7048473951269885,-0.7036197897385476,-0.047892619334491376,0.35165752179591714,0.22812750331908982,-0.47643729311832567,-0.6323286751806172,-0.8191025009898424,-0.8053766125477982,-0.6545338552182688,-0.42954917275592835,-0.04337298484547495,-0.07184523052222448,-0.46978419246774883,-0.7581677415795202,-0.8130753210897333,-0.6390029287838699,-0.10688468172316207,-0.27738361448543103,-0.25123470051659214,-0.17618094688047722,0.2673354051989876,0.13810677481197503,-0.4976870123556157,-0.48343883419119366,-0.20193042361711264,-0.33745356674864146,-0.027287289253217106,0.18719483513445126,0.1761034960511548,-0.4345141751094172,-0.8174521542901515,-0.8343105557621527,-0.6361062292881633
-0.10461629839085478,-0.3885127541602098,-0.5490473660542582,-0.8104210489047082,-0.7829565587379257,-0.37891468395650674,-0.5551259213796119,-0.6731410882041049,-0.6982293260679011,-0.7535852787064686,-0.47479850595994727,-0.053429591392704444,-0.480146286775232,-0.8044042302510492,-0.8566848022118742,-0.7064045242790404,-0.15332063932973058,0.03250027036251352,-0.41868664425408386,-0.45951528504476347,0.13044164106879783,-0.31588046844311674,-0.6724476613703112,-0.7470770257861645,-0.8209322406115662,-0.7126715409783178,-0.711713052421593,-0.3783672369651274,-0.46575217278752945,-0.04077809260385478,-0.17420882745176486,0.08439738473812235,-0.4144844139558365,-0.7214355066337337,-0.6816108239166421,-0.3437452848545175,-0.44151540672532663,-0.0012068129033523407,-0.4366425011068315,-0.7754309367290411,-0.942059056777301,-0.9993690081224152,-1.000423741809993,-0.9531974659879693,-0.86691772900149,-0.5858382005989798,-0.13685090731683358,-0.02879346151418292,-0.2380509900136444,-0.49663522444769287,-0.7909690384750725,-0.9582321274422659,-1.0084815544679193,-0.9391603599838267,-0.6892425197898833,-0.0352803813100957,-0.1145352910461404,-0.6250911848663836,-0.7171231246876587,-0.8667749731355932,-0.8559851685043606,-0.7562164043117683,-0.7099745128265987,-0.3979081674296521,-0.2389155935878903,-0.5954379864766813,-0.5476444827036837,-0.4341858987181326,-0.2213684942854538,-0.6803601625975833,-0.7295730032307514,-0.6431268321089247,-0.21633524724070266,-0.6988261452202984,-0.9123823625714098,-0.9661054402506968,-0.8994531140135443,-0.6916527504151715,-0.24361806088384416,-0.36963394460208027,-0.6716099607194101,-0.7008161571289941,-0.675430775819286,-0.3777959271399997,-0.7527919226257941,-0.9304005801740788,-0.9195620826021116,-0.7526675480001557,-0.7281979609558125,-0.7759981555212501,-0.5183900723278441,-0.09939290398904682,-0.45382603921787057,-0.4515538021239326,-0.6225836829305931,-0.7244944416464579,-0.4524175333006999,0.0847287187561195,-0.15760539883907743,-0.6036252973295503,-0.6967250991125316,-0.8249230797400434,-0.7406292819428916,-0.5946534854896108,-0.08792668891028585,-0.37781597170570036,-0.5248045455014939,-0.6057651454892458,-0.7779009281042264,-0.6470632811561001,-0.39948864950554386,0.15081314089445932,0.14121615940584237,-0.018816076418979685,-0.309078074656383,0.16929205168615125,0.13454716749410284,-0.42429003018408945,-0.26601019777414503,-0.521146072038512,-0.6965425450902676,-0.5333917673576347,-0.153468779165276,0.07637481670209458,-0.5847980883921104,-0.8299026941505231,-0.6836948951854191,-0.49196938811138463
0.13120292279664814,-0.00307293255880494,-0.47368040836292885,-0.8152155683970858,-0.8840751136277208,-0.7828879083860415,-0.7833073875708206,-0.6696203178332861,-0.5564008448668101,-0.3234572034633459,0.20986228996206643,0.15434421442440702,-0.5703576784678367,-0.8872837948084906,-0.9395325510649928,-0.8503615456126362,-0.49050879359571986,0.055404392092631226,-0.05813532520199775,-0.41132359728432083,-0.08316321408103436,-0.5032576556982591,-0.5231786944885896,-0.3234741248645516,-0.59669877437266,-0.39290998621237,-0.712769779479293,-0.6050629087101416,-0.3465920955228906,0.13655863924428852,0.10558983822568688,-0.2253889797315817,-0.6419689250949187,-0.8151088494723954,-0.7264053746857381,-0.6718504814872056,-0.4983606427345538,0.20810516073314844,-0.023704890850389904,-0.662374405266563,-0.928478408993668,-0.9918360310018629,-0.943152346644754,-0.822604338056583,-0.8783414046316801,-0.8252691397495309,-0.6167370718511537,-0.3965010891163422,-0.01103980018031029,-0.11717055417833866,-0.6882570397554196,-0.9000151357782722,-0.8941146386487094,-0.7640253708082543,-0.7752906207715887,-0.6290945957754003,-0.6246183156000418,-0.7338542634378826,-0.7178536314047957,-0.8190677866727616,-0.7734665476648156,-0.8298091677147568,-0.7311775665825231,-0.30322895582231785,-0.4957930232137517,-0.60889656894063,-0.7752087876557516,-0.7378024580076814,-0.5232284833537433,-0.6327468379084725,-0.40138729663320755,-0.6912571532986893,-0.7005936617356269,-0.865915941308178,-0.9394414505160689,-0.9797139722541428,-0.9129890996074231,-0.6886713879356597,-0.4959188018861141,-0.2752501256814825,-0.7271407050332469,-0.8117571308841199,-0.6251402712591388,-0.4421806079688794,-0.6042425811720457,-0.826061676656911,-0.7530683764487935,-0.2627650253075399,-0.21399005531126247,-0.5069435538084149,-0.226694251235798,-0.4373390348210135,-0.5328007465097765,-0.14165712373075823,-0.11742200456175562,-0.5186925018641234,-0.6579744225280078,-0.3979384893467898,-0.017781325559049377,-0.4569472109396505,-0.3056093266079921,-0.6112506854737333,-0.3708160608404691,-0.5173646028062197,-0.16140617263130505,-0.5875152362910975,-0.5941310705206149,-0.14991906164005392,-0.4173510420916642,0.025759734470672375,0.062014757419527285,-0.1623147094842744,-0.44333130273803345,-0.6218260907302977,-0.7116392707777233,-0.5947091320592738,-0.6136899528219012,-0.7643837894587248,-0.6860344394331291,-0.6877221530592598,-0.8148634006378462,-0.592838371260003,0.040000554305403585,-0.2162999706465526,-0.6836907332094263,-0.6878503216727861,-0.11185785726972196,-0.15276883516235823
-0.3096300272840542,-0.4150580006342867,-0.31425351471070767,-0.778143066703835,-0.9348054919191,-0.9146810849445292,-0.7613543680461612,-0.21494878345272123,0.0988858321113582,0.3625806294408614,0.2978743232650736,-0.32889399410109627,-0.7723260714903842,-0.8721519500589622,-0.8098083323915959,-0.8525223459440164,-0.7883228213803702,-0.5964392501692619,-0.6099967898297723,-0.7555144193155705,-0.6828838947375045,-0.6445301054702567,-0.3233699312002025,-0.5805217873218185,-0.7785762894984254,-0.7727282903046621,-0.7516093782247556,-0.4097889187326772,0.03241973978480028,-0.2679971500139276,-0.32606399404444697,-0.15259293451567918,-0.5202035739805544,-0.6817420881496538,-0.4267253266456955,-0.7207047716604223,-0.6141781361899888,-0.036577135548247104,-0.3700448791167171,-0.6087476722756082,-0.8674859163393411,-0.9199589681562965,-0.8096786443489357,-0.46732411824994363,-0.8030868558514143,-0.8525982502897702,-0.6096667822526574,-0.40797512079936077,-0.2531289058732695,-0.29556090340316143,-0.5098071520814192,-0.5774811640700305,-0.447996255230145,-0.14239221309169248,-0.6529303550495302,-0.7713645683559108,-0.6147176194459334,-0.4629426634494376,-0.27329822094033857,-0.5763226719280469,-0.3728802780142168,-0.75933055161853,-0.8609094894963568,-0.7255599746113236,-0.567700206178329,-0.19675034322839385,-0.6583777512599331,-0.6242546600399256,-0.16426905080467696,-0.5748202066969661,-0.7196478702394676,-0.8669945501860415,-0.8806606554323158,-0.888502017176401,-0.8156543258695629,-0.8917504500417106,-0.7992132131203661,-0.41692539583815164,-0.6592237422791588,-0.7194914275112609,-0.8673164400084588,-0.7624502309954595,-0.19768322948444386,0.01541357134394418,-0.14775124726953667,-0.6803801683925723,-0.818252077799613,-0.7031447718495214,-0.613871678894305,-0.4919311706776603,-0.3695860433399435,-0.4529422368317218,-0.5370337167252036,-0.48411635783171103,-0.2996712786729309,-0.24171349946531853,-0.6785531174719868,-0.615454123855242,-0.18412535529962576,-0.5440995897510343,-0.5052149284373083,-0.7239665106071679,-0.7173407064626194,-0.7917223516222346,-0.7344937733239884,-0.790149626539534,-0.5814151314766998,0.032282493217381865,-0.28190511568767623,0.052746480757312905,-0.19900695320877287,-0.166534199417884,-0.6678816377099255,-0.8161906491701593,-0.7688517625686723,-0.835505044857761,-0.8948373645173942,-0.9172935875621596,-0.7792523904586639,-0.4470580208421707,-0.6602710422127875,-0.39920967985358274,0.12954947915666465,-0.005816882616800441,-0.6138820692181272,-0.6415701003969708,-0.036232774156746306,0.000774854470164006
-0.7056791508016987,-0.7905541220018455,-0.747658174056494,-0.9071888741563097,-0.980385185879713,-0.9537291855068475,-0.8885862120040648,-0.6668551543554213,-0.3946866569407378,0.03919230014254006,-0.366314758896005,-0.7340305799295886,-0.8430374674002756,-0.6342448814009656,-0.31153670510501213,-0.5897651494058171,-0.7538220823313277,-0.6293860843607686,-0.608315690945197,-0.7908649475367983,-0.8225806664752164,-0.7028039523121001,-0.6932808576097029,-0.8371388940696973,-0.9282879004174195,-0.8522301601357367,-0.48552182646920894,0.1612596257458792,0.15896265705341087,-0.44134005190497,-0.5254848583564588,-0.48454740864267354,-0.3289652648973514,-0.6995144460193862,-0.7351743111227461,-0.8661617050372955,-0.7984199290941371,-0.4848470100977145,-0.44600632100258214,-0.1555669746044932,-0.6485938747287743,-0.7379937730414232,-0.792502231030106,-0.7698709809303879,-0.8741584541026788,-0.6943055448823314,0.0689716534325859,0.3481764465452877,0.2797618761569518,0.18011582098206796,0.09813971635580382,0.12818574800577823,0.1845228307081215,0.07328538166988341,-0.6031949447939344,-0.6877393002448791,-0.14140025065563655,0.0632939452147733,-0.42280717919774236,-0.6679366357369492,-0.5791081535745779,-0.7887741614187309,-0.9176887917355204,-0.8316566257299616,-0.5060387012041803,-0.10746219146494501,-0.5460881255997548,-0.4141068964620766,-0.031240681204002547,-0.46831041744941504,-0.7858731223851826,-0.8482127518435473,-0.7637654385946068,-0.7234515559329372,-0.4059737529958931,-0.769139021594928,-0.8676086089443902,-0.787787082083243,-0.8385573434530676,-0.882972513956461,-0.9474215487103083,-0.8645677901595573,-0.6471897656488734,-0.5716989472175843,-0.5940494051473436,-0.6891211458808647,-0.8602046895144686,-0.8719504915033434,-0.6407044399099121,0.032221088710690786,0.16344871120551407,0.11739520502850745,-0.09512865406740917,-0.4556020832832726,-0.19562003274949624,-0.5586525673214456,-0.8441062140156457,-0.8726713751455313,-0.7315733898590486,-0.623672298571841,-0.1398148258997397,-0.5431512422265863,-0.6384603450099741,-0.8410985129496038,-0.8592891725689707,-0.6852977903799483,-0.4248056508961515,0.025249061335768305,-0.2510650145274088,-0.21614095025004135,-0.39542367686845215,-0.6182796876120594,-0.843539903107482,-0.8028285061180882,-0.4741346205699613,-0.8101609714825246,-0.9523622501570749,-0.9753979406278241,-0.8892705216240274,-0.7011432926920492,-0.46413724122884886,0.008358499774026884,-0.20347040062518268,-0.317836163435997,-0.5872288972225745,-0.7331669222945567,-0.5615666531008642,-0.505008913362791
-0.7341209597731364,-0.8178212800297137,-0.726453988052859,-0.8855037227378868,-0.9221457134992148,-0.831405922808456,-0.8995285019638325,-0.8921654302559929,-0.8001504420407382,-0.6580529869039318,-0.7939388273187761,-0.8784226370537335,-0.7888852952848434,-0.3428038628852184,-0.4134736803718325,-0.276331144907219,-0.5454298327882358,-0.1079902782988433,0.05641078794928017,-0.4335292384688788,-0.635919434166386,-0.36330691778422575,-0.7368984566259079,-0.9145537881763461,-0.9308135118324193,-0.7600720179915832,-0.13643261866879156,0.11641600860113396,-0.3426997408498721,-0.5985739786810876,-0.33435844993651304,-0.628606903442739,-0.7177497743757599,-0.8123353287469954,-0.7583768028439306,-0.8613144728230763,-0.7373511042310525,-0.25495104796834445,-0.2813637579719851,-0.009327774323559005,-0.4277554189804849,-0.24844600804988898,-0.562001099215983,-0.8200307787069872,-0.9088728923275501,-0.6467537087798085,0.12799822069061256,0.2318258894766737,-0.28000458046141025,-0.4971593347362289,-0.49487325706971735,-0.29550323062022077,-0.2598118794054056,-0.500382467656913,-0.8182231856178978,-0.8302662035442253,-0.4798470415320194,-0.09575580632173812,-0.5775764002040039,-0.6532597819251776,-0.29290286733345894,-0.555220416572325,-0.8218769143543784,-0.7585260166145117,-0.26715097509037533,-0.31395246010409156,-0.46137594398480825,-0.022948793654346083,-0.19253571804918243,-0.18574782502733558,-0.6372071464007464,-0.5902391167416755,-0.3408761715142841,-0.5864883103856462,-0.5386528088713899,-0.8042438874513295,-0.9200554506485161,-0.8439300554613344,-0.708718514692857,-0.719859909692673,-0.8240366776425823,-0.7037525823912203,-0.6463243490251152,-0.7527514714325423,-0.7078703970675413,-0.4224115952697647,-0.7790381433136009,-0.8879660856456063,-0.6679286328967962,-0.07147730333389445,-0.2722210364001932,-0.29711968808956557,-0.5463117185346248,-0.6949649558772162,-0.5625855457337682,-0.7477724516468606,-0.8920605635943367,-0.9401389314865967,-0.8905187411696114,-0.6017559620635595,0.10722483339779693,-0.12490680376218717,-0.04370334512359327,-0.648856916054326,-0.7252639185650076,-0.255867371872493,-0.11014174515227008,-0.25284286016897184,0.07732434308316265,0.28122675298848143,-0.01906938437972695,-0.6776646962855822,-0.9148603311050028,-0.8919434344983038,-0.8104318697900078,-0.9152389316267663,-0.9489624961849558,-0.9243914688973958,-0.7710714256213194,-0.6161137739524258,-0.08938214349265747,0.17621111758931293,-0.11398810759148915,0.02160031623932523,-0.0794958631551082,-0.4376995857967043,-0.4630445640800655,-0.35173991938591537
-0.7158815166351988,-0.5147775338307214,-0.12554933998838944,-0.6091405360511103,-0.7028802554344248,-0.4412509262987224,-0.8100608432624685,-0.9342991349606471,-0.8966304466808139,-0.749388163802661,-0.7854077836558172,-0.764036586933146,-0.8359669453228854,-0.7453801303821925,-0.7432914979768601,-0.7369335027128512,-0.7675584966815565,-0.4309096557603036,0.08303289860335374,-0.08142407950123189,-0.5599431984371006,-0.5544674247582857,-0.7990886272950761,-0.8588118862117367,-0.7974901302858762,-0.8160214507818914,-0.6591748674635719,-0.6197317694254003,-0.7778748189772974,-0.7514602313873113,-0.489330038337684,-0.5926180034769172,-0.7873063739719777,-0.7711113051523277,-0.4541814122970484,-0.7221803340305407,-0.6204493641049148,-0.47213384175398626,-0.11583902463579356,-0.1771867439453852,-0.32368773548567237,-0.24904876977898463,-0.2352949773811716,-0.7607474905522286,-0.8737878350150603,-0.6286157899428253,-0.35340267250585033,-0.477816500764772,-0.721418354742999,-0.8359571424792924,-0.688220952316178,-0.11567227059775291,-0.10545449241642717,-0.662034137553998,-0.9136071618273246,-0.8864796518493606,-0.6641476749961328,-0.6216363923146981,-0.7264527936880202,-0.6296302508643324,-0.431912198078334,-0.13177612652008244,-0.670183713969961,-0.7751057981631208,-0.5628832137606243,-0.24019103058495878,-0.4560526534932265,-0.03815952657498708,-0.2674541088499374,-0.3657470644630967,-0.5518279554344406,-0.3046630930268886,-0.4909934885784689,-0.4557817326852949,-0.26370917462553606,-0.7080376340837841,-0.8294389029373924,-0.5760434131270087,-0.12687364773582196,-0.16865839276926892,-0.5269111105342634,-0.19891594934698925,-0.22926274956319975,-0.7171564759587609,-0.8068970512555885,-0.7171741508474543,-0.7258476644921502,-0.7776268467592622,-0.6005881563966645,-0.39432771938859923,-0.42171389509541557,-0.0928361460007622,-0.599203055577243,-0.6766078817803521,-0.3056155611374637,-0.4794673117257561,-0.5961535670392164,-0.7055356860153313,-0.778300128810742,-0.4675345230276064,0.18300904928732384,0.26440338896861565,0.09256105638599223,-0.5999476276201751,-0.7994863051594613,-0.7158109370596442,-0.6579892218708457,-0.6609432245017363,-0.44251751894648683,-0.021964544242981318,-0.44798310806640607,-0.8213982293878878,-0.8765422825686991,-0.755159349973454,-0.817069024491099,-0.8716077878459687,-0.7842293563547866,-0.7463684131802144,-0.35568853519805793,-0.4616220280391475,-0.4203674344749554,-0.20360446609117377,-0.065030303427731,-0.29478990573213626,-0.1725363999359689,0.0238874929356754,-0.11037480361360605,-0.5368151832351686
-0.4346852915629273,0.029412564879011262,0.29180393423261014,-0.22883833076273224,-0.5085411187467888,-0.6813829992963083,-0.8820326550789093,-0.9145086004750536,-0.795263571351106,-0.3422949729512994,-0.42078453044566794,-0.3161785851124183,-0.7501691146317109,-0.7986227266160949,-0.7089279194373198,-0.8139016858608463,-0.8394853653649622,-0.6410245539793801,-0.5441439248049135,-0.5785771373198905,-0.6464562635824727,-0.3744275798309527,-0.6745029504935182,-0.5473801100766319,-0.34784676264474546,-0.752837207640788,-0.8697626121128851,-0.9052153007132188,-0.8595728833186603,-0.506382351307907,0.09730333230461134,-0.053166271010225676,-0.675773565130156,-0.8507346156255812,-0.7652266464206767,-0.6597718463272227,-0.19785789446264898,-0.5251455541608769,-0.37480899289474445,0.18230617374952635,0.21848345675386746,0.06598909966581093,-0.48908100128019677,-0.7906554876885542,-0.7257844568930709,-0.21734410250039218,-0.10870996190941318,-0.5765081427280844,-0.7307529967115172,-0.893566908763892,-0.8110081931487889,-0.4776184548683998,-0.588486328767029,-0.8532229047037694,-0.9500563868275217,-0.8268894917929175,-0.42748864390385743,-0.6410063302455432,-0.5462030289244212,-0.27152625377514505,-0.4294400651129537,-0.10932009569996344,-0.6025256010871148,-0.699689791459365,-0.7633701590601929,-0.7248547545923103,-0.7522011167841436,-0.49750459654544865,-0.08143861158304307,-0.02871166153201867,-0.42064765128370285,-0.5710722642983321,-0.6161712275507881,-0.30200876622851425,-0.512879476411552,-0.6491236094569601,-0.6822305050009017,-0.20271702271338365,-0.24313473740525243,-0.5209621075534699,-0.73780846366912,-0.6459318298966613,-0.65152333998976,-0.7920245102336255,-0.7327276201940871,-0.6783180944857053,-0.31187347524366427,-0.3815375514771559,-0.0858262359457379,-0.08907901102289723,-0.41442178842648464,-0.1294352687694019,-0.5985669323011443,-0.5940296026676257,-0.3939011473225035,0.1164632604116186,0.08734274825740054,-0.13564262210129555,-0.5586632878128046,-0.26768099013641816,-0.30928769374946363,-0.2875294135969235,-0.44215896756165,-0.5543692520797237,-0.6359793811761278,-0.7157297270579386,-0.6083033273465976,-0.6192075560478366,-0.7070906358722132,-0.5878576745910111,-0.6376551322303238,-0.778315849552582,-0.5396136303048885,-0.09436238243613872,-0.4547155091273201,-0.6522673698114623,-0.42357849480163673,-0.6846205666073064,-0.46733327622588466,-0.07395190219966538,-0.3981443035703584,-0.19730512207119488,-0.4304826768108705,-0.30996574317783415,0.13421050128222956,-0.15478973643994273,-0.44536336889682343,-0.4981377097871461
-0.006557680744879135,-0.16299510464255876,0.3555438727721428,0.41179109418086274,0.009748434497781282,-0.6557699765693172,-0.8550081894242697,-0.7970964440500112,-0.7991203380035415,-0.5745137493552916,-0.24858007898315884,-0.534828413558751,-0.7368534370701184,-0.5062193073273054,-0.049281395464121025,-0.4387787886504401,-0.6185872345878213,-0.3701486761055114,-0.6496570765809898,-0.6736235399998004,-0.7935717189823583,-0.7334500694542836,-0.5909981061272659,-0.07919283601648991,-0.4758788600181079,-0.8219507414975177,-0.956192561134517,-0.9652601319556956,-0.7932811714269037,-0.14256648995985638,0.20305938796054016,-0.20649562386094764,-0.718352819846287,-0.9165451632469623,-0.9020706804531947,-0.7058604882329192,-0.20233733957789846,-0.6125400864756106,-0.570679389107188,0.0021915741833583185,-0.09270714958310014,-0.2512595205309927,-0.6166889535212912,-0.6664720290030405,-0.6266333670536584,-0.526009075419331,-0.39965962948242056,-0.5726637728507646,-0.41471087989265376,-0.7833601376494076,-0.6815936364052144,-0.14262459891563334,-0.6125789468309646,-0.873243796442309,-0.9645882308100012,-0.9242021975803689,-0.7790521848696236,-0.7012186535899922,-0.341839297359188,-0.564082150939006,-0.6613534449940703,-0.48259560077572555,-0.6026344840047703,-0.39622771380875527,-0.7693792077269983,-0.8969460745230206,-0.9380787656803156,-0.8459271999261665,-0.5903721663401743,-0.25829907123442325,-0.08252718660727638,-0.46791472980165405,-0.7094392900473453,-0.6956337755047555,-0.6443359164817684,-0.38581218061603806,-0.598717892323167,-0.2543968293257799,0.04713807405852635,-0.5695896925776661,-0.791827253596309,-0.6637941552022397,-0.6236402294241277,-0.6814409356820387,-0.4153501886560119,-0.6824608281840987,-0.5140159535901146,-0.1838374420140628,-0.4559793484981388,-0.609645394364404,-0.7013035468353346,-0.5045886479001356,-0.5198696383964015,-0.13019054976114905,-0.35912538658996823,-0.02085157268790997,-0.3810969911032141,-0.5896543112041083,-0.7438216071198643,-0.6109888254724548,-0.43765578866328214,-0.18765948323566647,-0.3592976806691264,0.12167257294796684,0.17704253742981038,-0.12615188945408354,0.20933306651476252,0.09588343355644321,-0.5122099830980993,-0.49014739504119353,-0.2732645762875564,-0.5298418309131492,-0.04292063850866021,0.2123660801614807,-0.020603102121985937,-0.6148922321855351,-0.7056023878717282,-0.7224341850292311,-0.451034297788183,-0.09442309929567191,-0.5554907918696936,-0.6611150787304545,-0.5945240119059494,-0.0610027544704099,0.2337686672096177,0.07639266107518301,-0.3386929878002626,0.03192376070581762
-0.45302743061365996,-0.5396990440796582,-0.08705267788521918,0.33041944953657704,-0.29006357654947207,-0.7445239358019,-0.7846812100708442,-0.468207221199009,-0.7732269974466647,-0.8031483588205544,-0.6760275951694381,-0.6334343824453165,-0.5924909413667464,0.0020809518252925376,0.4011166815618644,0.11220456441340676,-0.40095109895123504,-0.5786725854468528,-0.6670072702734628,-0.41799347883729543,-0.7796950387444597,-0.7882369091509036,-0.42432607030213315,0.11364690591964946,-0.4837362102200669,-0.8577082620673561,-0.9789725890277068,-0.9775777240996163,-0.8911946864818633,-0.5477140035766931,-0.2000495214413156,-0.1271053011122178,-0.7115728858481436,-0.944140634582759,-0.9680954643487859,-0.82800144987203,-0.5725136375001627,-0.7816231958434413,-0.8037190263658451,-0.48731821752210774,0.03376690442198059,0.12241805490232481,-0.3901023878804577,-0.17303233775512383,-0.17169750734310257,-0.40968345652056753,-0.08128606781148738,-0.576425110341716,-0.734680239770838,-0.8593227629891244,-0.6448868822048982,-0.012892209585323227,-0.4946700562292499,-0.6967784615482706,-0.8695189038281927,-0.9495660822670251,-0.9272853134431734,-0.8534527923553079,-0.7575098777495057,-0.8231541536787391,-0.7372490384571792,-0.3378262512151335,-0.6683977573871029,-0.7476997189136024,-0.8921745496412772,-0.9476274589312442,-0.9835390415166679,-0.917117685622235,-0.6477581475039784,0.03279704244831271,-0.06189210354042953,-0.0812394755075579,-0.4907234106867143,-0.7103043652733395,-0.6780683327828052,-0.6758122662462043,-0.5947640697016084,-0.04286587918185029,0.03064505850373279,-0.6026201257716477,-0.674173560960479,-0.23567562463082578,-0.22796318808088686,-0.6696663488741955,-0.7255324693712751,-0.788287577881738,-0.5842705114417543,-0.46369314694956343,-0.7142644869282583,-0.8473310015739193,-0.7621718799958609,-0.2466771858832653,-0.24885056600631272,-0.010440031111114807,-0.5323716140279813,-0.63522853053997,-0.7426770256169631,-0.6507064091781477,-0.5575367394840571,-0.4410973449730997,-0.22188540833222703,-0.4480647766054306,-0.2861526471232661,0.27409105264310174,0.38992522007617064,0.35532371954268477,0.4269522357083697,0.20489457100175887,-0.3767089485310865,-0.19446809235470727,-0.3950764485070223,-0.6094941834145544,-0.38411712373599405,-0.3701475311791866,-0.42563326721244865,-0.6974888563958126,-0.6371669432858335,-0.4952030017360943,-0.1646895963618288,-0.3864366291059596,-0.5726975046517899,-0.7477650451426533,-0.6801050000872463,-0.58778535867179,-0.4763677103056131,-0.4130031176545363,-0.5219723427344695,-0.1664919910320466
-0.7962730659007679,-0.6912714520820362,-0.05141142886637354,0.16884685757076026,-0.37287656622964666,-0.7941456330995096,-0.8865804711286431,-0.7781627181269717,-0.856900615430489,-0.8911683850473581,-0.7552451530508631,-0.34296312642983634,-0.4221735312023901,-0.26645215134725364,0.12315659205207308,-0.2127747673976509,-0.1640062465103473,-0.5075994864260467,-0.7503622110950249,-0.7729185400410005,-0.8832820647572067,-0.735563597188861,-0.08026114594136351,0.15236737845076118,-0.40960053772229704,-0.8121713044074232,-0.8809614747826668,-0.8111910300276255,-0.8015676016961216,-0.5110886946434503,-0.1578402163253287,-0.5213060969578865,-0.8513962440231753,-0.9815930912683487,-0.9382779059540959,-0.7504519950556655,-0.3863533272500539,-0.7719136442232545,-0.8817048790768276,-0.7882159441279804,-0.4853232063117367,-0.1016096486344802,-0.5425297682365287,-0.627864512717024,-0.6444863408777183,-0.5918546121519557,-0.1905237034752686,-0.6693222430495532,-0.8517010494140681,-0.9082509964484795,-0.7001671402022364,-0.06682949895905223,-0.23881373843902212,-0.1771173955313563,-0.5805933437719056,-0.8617002856353035,-0.893799423496493,-0.7889626445090089,-0.8711018370093258,-0.9225831807640299,-0.8097499596607924,-0.5836236865200407,-0.7559393489349318,-0.8764145875943504,-0.9063842354578004,-0.814230480674697,-0.8344753063327042,-0.7497027447722064,-0.5968196189095644,0.03414792718175613,0.07530234199482841,-0.17526366839331814,-0.023341450298056933,-0.4776663651756798,-0.3576521590168697,-0.6691836532501113,-0.6363273452488579,-0.5832196387431506,-0.6265604957292077,-0.7513346901053586,-0.6480910840995626,-0.6232744948237681,-0.6884776317778264,-0.7717686472631267,-0.6697919854810948,-0.6184283604081645,-0.17765480254856655,-0.17109894188048802,-0.7209621419022575,-0.9208851123194705,-0.820162087414726,-0.31259577930574284,0.18917158644227305,-0.1620695548703683,-0.6820486978149424,-0.8653018464406094,-0.7625045378259454,-0.12478740107196902,0.2343225313000005,0.0694346637595605,-0.44158827952771346,-0.5266838817251336,0.005013763545579597,-0.10561804708557275,-0.2692137193527781,-0.20638191663981723,-0.20375158321611633,-0.4137494023453052,-0.5231883483254869,-0.4570332562892408,-0.24698267675429622,-0.4721830196806943,-0.04362601182398368,-0.37806035147272427,-0.21446003407854247,-0.4990039930493657,-0.16793758694154146,-0.05943339005983653,-0.20666663184539144,-0.22333638750308113,0.003216255748540072,-0.47644822476906323,-0.37229579382928146,-0.7048369172356613,-0.6892028117056556,-0.37596946791437513,-0.7031167837632312,-0.7115011663082277
-0.8965532986591719,-0.8798893399401184,-0.6241015331039143,-0.42928549428568613,-0.267058992550862,-0.7616452246125038,-0.8672168969517495,-0.7060394714547307,-0.7088235219647963,-0.8647157047178052,-0.8479421192182114,-0.5424210778100718,-0.03756802693600722,-0.3076455410677748,-0.49329191763182706,-0.6656019133385038,-0.5537796690843305,-0.3082405101166828,-0.7380034088705575,-0.9034289152750883,-0.9618307716591219,-0.8292962908136866,-0.4628639705131736,-0.3404484657134291,-0.22489251794597204,-0.6481931466544124,-0.5819148387815871,-0.3424360651427968,-0.5772348446913598,-0.24840563913478456,-0.49636897348429604,-0.7779671065251733,-0.9141805871926637,-0.9254209995834436,-0.7440559026973604,-0.6423494764599716,-0.6750089944379289,-0.8164920943301304,-0.7972871219288123,-0.8782548519757087,-0.8246309637545436,-0.6656745326171207,-0.6817323226127361,-0.8310135414136228,-0.8887680092568107,-0.8614665793307893,-0.7440452432953589,-0.810140030308591,-0.7559865768967724,-0.880911870011306,-0.8309828426216344,-0.458929328722118,0.023692707125104216,-0.22587413912296073,-0.2581973467988976,-0.7296031207119059,-0.7322165984365855,-0.43798718831094224,-0.7890443467298263,-0.8175658375418009,-0.5803947522048511,-0.23043658328917824,-0.553583153908298,-0.814755373031853,-0.777222118250229,-0.3188785907279193,-0.42139112506720977,-0.2976740806867964,-0.6212938134775762,-0.5854258030621033,-0.5162840025920599,-0.34921824406901725,-0.06937200822790487,-0.591242395845755,-0.6937502038271318,-0.682465201594967,-0.3906140183732736,-0.6834186023779695,-0.7270650060809457,-0.5006370741988619,-0.09240601062930953,-0.5715469045434811,-0.7317846815155538,-0.47962326276984724,-0.04433896355048497,-0.3802759488653616,-0.5264876037422175,-0.6285284728829228,-0.8667102610478234,-0.9539220762874865,-0.7574539326167415,0.005947459462096314,0.462627043456359,0.10283893148334165,-0.6711081460182892,-0.8956734861004347,-0.7675945902830056,-0.22061393867841309,0.3511168860144632,-0.11097324552427737,-0.6117736727462663,-0.6131113850868507,-0.00396195247884833,0.013016585217402243,-0.374795134150853,-0.03522577536850798,-0.04158441062810328,-0.45600194983267445,-0.23443760681775713,-0.46005742103051944,-0.5589378548557488,-0.5164734889453262,0.02203725616352593,-0.4346915537255564,-0.4097236135117674,-0.47805419552269207,-0.5259784824128518,-0.4323241150904686,0.003046450754584022,0.25097048201570543,0.29189833450324093,-0.4604680192755612,-0.6778122180437232,-0.8455792577961164,-0.8797469637884076,-0.7824818959250024,-0.8479544638695246,-0.8045449835327148
-0.8010884482042503,-0.8679915762882827,-0.6864141113551508,-0.6643033076549599,-0.5606529243580088,-0.7599536028712697,-0.6990461912781533,-0.23079260858151904,-0.2377884662795589,-0.7503483497299085,-0.8827645138425952,-0.6423606751260212,0.02177749864521764,-0.07877284702341526,-0.6626588283181895,-0.8760894313803111,-0.7904057539396507,-0.5624254191231515,-0.7980016737610516,-0.9494536755493935,-0.9648195813038222,-0.7816549525796537,-0.33701502183023274,-0.5129298414831571,-0.47005859946600825,-0.5960398715199899,-0.32219325517929154,-0.5728874010571625,-0.6560390303400341,-0.45705856260379,-0.5564194322959752,-0.7580577010896098,-0.7252202641290663,-0.6822709442972561,-0.19483090371828263,-0.18911088379979066,-0.6602754886143484,-0.7334310164529804,-0.42949094973547686,-0.7961327309668669,-0.8640218242763794,-0.7114346967663279,-0.38922577093061184,-0.7781684267266783,-0.9095768486151213,-0.9519852019035253,-0.9075629299754497,-0.7262971647653409,-0.26394221521694505,-0.7231936408180785,-0.8559278421673855,-0.6185662617687329,-0.056702973237669076,-0.31002193498250213,-0.5853845855871606,-0.7797735523162095,-0.7021231941932627,-0.711500220918921,-0.7803476152436285,-0.5507851846986689,-0.20335622880824664,-0.35702539717785464,-0.29117257340567293,-0.7505247789231246,-0.7567332856722278,-0.36210833527099573,-0.14585250000261915,-0.4707285759019464,-0.6093784764446494,-0.7647518680503097,-0.701587102744695,-0.2992150215209394,-0.5093063248939633,-0.7981612412958792,-0.8395917201146281,-0.7100611317581805,-0.6420675675683535,-0.5948284313360973,-0.44968859721950444,0.04854680070104324,0.29060111731579247,-0.3090014840318914,-0.487035195107515,0.12327991144734515,0.2882698494766254,-0.016181883154450485,-0.5661263700146879,-0.6769090020654259,-0.8554033782695298,-0.9571346280632248,-0.8737774242485847,-0.46549553688067036,0.07434743624625885,-0.40878498869005647,-0.7591097794986884,-0.6774236576766801,-0.4629156636700881,0.0887564098135957,0.3433200447950309,0.029025094315687318,-0.6643764690900458,-0.8185840956744617,-0.5969778182755527,-0.439394950637504,-0.5904709877629144,-0.3937068529461114,-0.40162150353665127,-0.5864748544072982,-0.3312807641641331,-0.1469675255489365,-0.4633363062808109,-0.5400355488197239,-0.12067290591128835,-0.42732152848054605,-0.04080224076572373,0.027162496806558425,-0.5679593029243385,-0.7393694838213976,-0.5358400353259826,-0.182245450926175,0.06522721252976059,-0.4988480514786637,-0.6018662739839428,-0.6665539719766387,-0.8042185838803309,-0.7311320449019997,-0.7173605318436079,-0.4880055932569066
-0.8433055674786403,-0.7213148862286266,-0.2149025614071231,-0.4805203744595498,-0.21236622638756583,-0.4823886295610661,-0.5640266513728345,-0.5866176403375821,-0.6800209900660119,-0.8919560672527226,-0.9237756303980098,-0.7653661899861922,-0.44403871286516267,-0.5603378432491872,-0.8449122915080897,-0.9082015811311458,-0.7126860222191361,-0.20605965407227034,-0.6862840374999856,-0.8889459042731135,-0.905901602247169,-0.7349553300443928,-0.6035130679405317,-0.4697174753155641,-0.2525125401249189,-0.6548404344659736,-0.7168845587625599,-0.7467653181556366,-0.5133826080793915,-0.08367641611458883,-0.1283403626005012,-0.4770474000177076,-0.17600819686434044,-0.5260372278465827,-0.43430952721447974,-0.6000689775179981,-0.8259263290748111,-0.7780381870443354,-0.5650194089805592,-0.7424593622882951,-0.6859061002727969,-0.5603972212028882,-0.46316534420273703,-0.7119180913684593,-0.7668852869541092,-0.9164830391210236,-0.9208269449325622,-0.6933003823384903,-0.23157179984326032,-0.7032841743308007,-0.8410107548020088,-0.6524473935556934,-0.3797753415072071,-0.06050318232687878,-0.5898110945216894,-0.712545784997995,-0.4217971339457782,-0.7168928233284975,-0.6620428975480022,-0.13648725403023157,-0.4174872347058255,-0.6651599948330342,-0.7391362129762392,-0.8673338900107221,-0.6957820010289963,-0.0981561934553344,-0.3817169980092128,-0.49708461156963774,-0.16021363535634883,-0.6822699811615573,-0.8306487353232835,-0.6751404583152825,-0.6614448208670759,-0.8412850340504848,-0.7946021971826688,-0.4172892172088043,-0.549241589491375,-0.1849150806945924,-0.08101035374583222,-0.15252252528479343,0.2103596456093787,-0.019962339489912807,-0.4101093339695569,0.004977926022911538,-0.3246335814314982,-0.5613307924260016,-0.6415396189807913,-0.3391289480986349,-0.6234432976107349,-0.8849509649671781,-0.9391808812711557,-0.7715207780380982,-0.5078574588185225,-0.7104982045902362,-0.6645269458728541,-0.06557838786237259,-0.044820466279484,-0.3618594246896807,-0.4608754705035287,-0.6275045197715446,-0.8783873557958115,-0.9219933368042812,-0.681451822848153,-0.1486660840982217,-0.4364130600521976,-0.11032508434071915,-0.12535748167086935,-0.43337498597756235,-0.013948724672526438,-0.27999952803821215,-0.2451144984903477,-0.6256232055733669,-0.6703040947185439,-0.7386453236148114,-0.48378857796932084,-0.12855015512644613,-0.6699335531499896,-0.8656723642509615,-0.7208818621138048,-0.25553086852856016,-0.4061782492059959,-0.39836369710238273,-0.0038272901021607613,0.03694927227550029,-0.4682958542212242,-0.29214873494282245,-0.5404394416659158,-0.7036308491951191
-0.8707097970723308,-0.7203673930857798,-0.22862461451079094,-0.5010959449379747,-0.25728290666440984,-0.009302639609413976,-0.11126880868699614,-0.6494630152420791,-0.870884727091841,-0.9043895437599745,-0.7011597504534799,-0.49140224390468584,-0.13675069833103332,-0.4913875030565395,-0.7799255923303435,-0.7555251897006393,-0.6471262268721507,-0.20813129802412064,-0.6226514706187292,-0.6816712105923967,-0.7018116737457393,-0.34810165101178453,-0.52615475870854,-0.27275920615057986,-0.5708669572564613,-0.8317956761783553,-0.8898815402471025,-0.7738375131648021,-0.3370006292984791,-0.49582941477336734,-0.5946784976344331,-0.5988888947648886,-0.1842032373005001,-0.47455303470048354,-0.2604853830992754,-0.6964056080736866,-0.8130926253468472,-0.5230538464474446,-0.08005482752394846,-0.4389403583883689,-0.09579679728300032,0.08816193810574928,0.11130294258279991,-0.4295246689818923,-0.3749233278449423,-0.7963746348846633,-0.8372922680173229,-0.6819785182533072,-0.6547625383824586,-0.8268839461924146,-0.7944547118405546,-0.3814970057441033,-0.42100211192775255,-0.09357808153376611,-0.6423989292815281,-0.8348619596153048,-0.796169232366646,-0.863378281914951,-0.6935076824394872,-0.10327524947485972,-0.4305486832697841,-0.7763113034016034,-0.9231405157187418,-0.9430223017242951,-0.6933205036793745,-0.09100642619668824,-0.37740234694666647,-0.4539466026589865,-0.012342893054068037,-0.6262457838495641,-0.8092937305156068,-0.5800849372635876,-0.3147720548889072,-0.7181029958731321,-0.8330336563478182,-0.7762177083334248,-0.7837692031117491,-0.6440028602036324,-0.5475015023146105,-0.4887803396910195,-0.5044936112479091,-0.63111933160458,-0.6960051381388339,-0.48232353742867196,-0.6948903586249335,-0.7673093903663534,-0.6608288944836974,-0.5398960720960903,-0.35241589340040735,-0.758371891638673,-0.8788513925423548,-0.7659227462845059,-0.3637900886873378,-0.682663953010214,-0.6218061587134414,-0.1350633639266763,-0.4772756133284946,-0.7469293229389748,-0.8504008967703118,-0.9141733473983279,-0.9801588911522509,-0.9540203457942499,-0.7283506648473006,-0.2254155043718598,-0.5974664346969869,-0.597071527538841,-0.5965483411685566,-0.5848164372725757,-0.16297778480748026,-0.5645480175524006,-0.6314671932142295,-0.6624783391171049,-0.8271837653094827,-0.9107394907248447,-0.836905763680632,-0.7306617928916208,-0.8931861902665387,-0.9599649107329526,-0.8810107905859587,-0.7333792509253616,-0.6494378209393503,-0.17895212530763058,-0.05822312413431737,0.05321817251094182,-0.5230018777991698,-0.5371093261868308,-0.3471350553904113,-0.7565047909566721
-0.9368942730952585,-0.8660877315660868,-0.7044803077803496,-0.5842920950635173,-0.042246937417211264,-0.2943392836552294,-0.42199550409304476,-0.7768610942234844,-0.8787782087380276,-0.6769502183323749,-0.028048482753860644,0.07805497461237919,-0.06214664736841514,-0.1228963692843472,-0.5338037523634779,-0.3769862382421151,-0.6908385483500459,-0.6663692802028491,-0.6226519651171398,-0.20937536359635053,-0.5578085594476173,-0.5167866031554692,-0.671328025657233,-0.7076352510451988,-0.8453027791939305,-0.9165212620594078,-0.9284053219856403,-0.8924011594402118,-0.7853845869822156,-0.8366549662162645,-0.8568978035576046,-0.8556517214232878,-0.7252129000740216,-0.6948174381711476,-0.5489970296882069,-0.7413790335837023,-0.7097165136238788,-0.16541876577390596,0.0011578424825517213,-0.44306068950576694,-0.32633016581142904,-0.2528412115000835,-0.03444519415873934,-0.5824968587140857,-0.7338698168771746,-0.811003492945842,-0.5758993682854133,-0.318081868116931,-0.7133637797055075,-0.9124957491877638,-0.9077777662909653,-0.6818392996934876,-0.504477631492413,-0.4215288834871002,-0.7619220888726306,-0.9171233902428476,-0.9242022087499372,-0.9515212304898145,-0.7886487879356977,-0.3242126134117714,-0.1612900707080458,-0.6906491520695801,-0.9351338455576106,-0.9241858322348815,-0.6209530662583891,-0.23689320875247186,-0.0836929289140569,-0.37316519330378184,-0.07547349785412194,-0.6156448848825771,-0.715285731390492,-0.25614209859813547,-0.31033608189874423,-0.4756853257476283,-0.6435281893160927,-0.7790440366772189,-0.6791451061261832,-0.5194371276232621,-0.41347830785510653,-0.2565912836784334,-0.6901504188298161,-0.844262719083266,-0.7075368166408582,-0.2011112184315255,-0.5508326399628053,-0.4896051415620813,-0.27071871984175977,-0.6221031968837717,-0.6271805088103193,-0.6404600934932517,-0.691998465666182,-0.734706077396385,-0.519374309701621,-0.5422913901590716,-0.5264468269348598,-0.5565074792729763,-0.7819700678033316,-0.9267575543472607,-0.9747216065866331,-0.990384491563842,-1.0014346805110814,-0.9799360691942169,-0.8949298263236518,-0.7482749602488807,-0.7907535309452907,-0.6529855316386313,-0.6339120556027119,-0.7557313741088783,-0.7245120994938831,-0.8178987381033679,-0.6448975913738069,-0.21180358502048244,-0.6733749464642105,-0.9096488930277176,-0.9609454849105254,-0.9575451205785084,-0.9830428167261724,-0.9130193843540014,-0.795133181127824,-0.8562266460839415,-0.8324039779896234,-0.49560981783834684,0.0250725919833261,-0.34865746339035186,-0.7108413479414568,-0.8135140436070301,-0.7955460381888464,-0.9070574963147149
-0.8464383172114661,-0.7846211392475415,-0.814360868656289,-0.6752384011199718,-0.15119462769259975,-0.38315220883665296,-0.23485433893434637,-0.6753567594997495,-0.6521576170483693,-0.432172734774077,0.016331297513920023,-0.13415755051351846,0.1428310779439866,-0.32938223785768306,-0.5470784199963964,-0.6561483324000841,-0.8521716769937022,-0.8653045970663894,-0.6740826464661858,-0.1829652931907046,-0.4477187956246643,-0.22700081851724188,-0.5519312130225703,-0.8024781621934863,-0.8701081612085705,-0.7491975888118084,-0.7244666195662245,-0.8443859503696797,-0.8987256540534379,-0.8699789497358926,-0.7890385949783851,-0.8554844626049297,-0.8112591605095315,-0.5701667009255524,-0.23562842401691864,-0.5607930786435518,-0.7557477055133051,-0.6377514119546113,-0.5398702865833774,-0.38127429732192386,0.09268766702530754,-0.23686755292099335,-0.5298698866566645,-0.8279621327662348,-0.8786023788353656,-0.701208252373856,-0.12863949694035984,-0.4810262778126687,-0.7932268543412817,-0.9478897040207398,-0.8879439178560274,-0.547164894576572,-0.0932986960131049,-0.13612206451233072,-0.7013783972171008,-0.8339027628638097,-0.8050441138589005,-0.8791828941066083,-0.6531698928673538,0.00576037353182014,-0.17607165257213642,-0.5136418005244932,-0.8214823836767594,-0.736365638189775,-0.130348059950097,0.20476972016270376,-0.11213450322956854,-0.33700356989845814,-0.3299504534951447,-0.5363673235593746,-0.6769614973779463,-0.33049429063947805,0.15121562580743686,0.2626202834312662,-0.03525565875468053,-0.4613095645110451,-0.0706139020328481,0.2069759594234723,0.02949347963934219,-0.4990828977164043,-0.8450291826539165,-0.9231094547201443,-0.704911077752075,-0.12426508618920006,-0.2184050770919925,0.08852495665360152,-0.25437561496857597,-0.5724484424122019,-0.4671596591737253,-0.13470358811684793,-0.18604031208151614,-0.5111704665991853,-0.11412553772594555,0.07997615267770454,0.13705531940751117,-0.3839500426256121,-0.7921436137097303,-0.9573324783384793,-0.9955495966948313,-0.9970915849091949,-0.9945658053809987,-0.9913997314132756,-0.9660766243991363,-0.8782713370919837,-0.7400058310915162,-0.2437793128606605,-0.238406246225467,-0.7255849575450469,-0.861754392429731,-0.8446007034029489,-0.5248652070630323,-0.07507698046467126,-0.49283457414091736,-0.8066473777776964,-0.9244944893750673,-0.9524374509151224,-0.900042641831944,-0.6475053415437002,-0.37551952337554023,-0.7847858868510967,-0.8809544062489054,-0.6344318678422086,-0.07790838235764888,-0.3647166790263385,-0.6116491654422289,-0.8247080295163138,-0.8763017579749742,-0.800328524584554
-0.5294065530890187,-0.3818922682477559,-0.7672424417686816,-0.8357785730060973,-0.6450765654614006,-0.5142245476309047,-0.4386329020884346,-0.5710653576577943,-0.18796120819944173,-0.1256291839442425,-0.4038095302022938,-0.3668360407759833,0.124421833291472,-0.34160264576420496,-0.24187504668454315,-0.5585029517814736,-0.8165741213034184,-0.8668994138160916,-0.7063142347868397,-0.5756604052298603,-0.508095585142762,-0.4627361325715278,-0.3185868647561389,-0.708932591347291,-0.7211667442583685,-0.25027399510014064,-0.17806146419218338,-0.5469465795723898,-0.7124912695014002,-0.5730077623788892,-0.2948409522854216,-0.569812638071391,-0.6608168303367321,-0.3013484542482717,-0.4000927508794058,-0.257924052242483,-0.6341106790868497,-0.6414731936010617,-0.5636747762081267,0.03733843761149128,0.5251899236906836,0.29236455380689935,-0.5017671088078365,-0.8294823407525512,-0.7648419672144521,-0.5495972021798471,0.026802926206351038,-0.4785563143352678,-0.6667955664015435,-0.8662427839353146,-0.7912629480971584,-0.34220369696560304,-0.4922809715964607,-0.6287793800640422,-0.7633222152733339,-0.6087480108855808,-0.3654160751537135,-0.6426323565077734,-0.4271186379519886,0.15833650895771548,0.23893319172737973,0.08238114197963463,-0.5745515770298645,-0.6223875185407729,-0.3773764721008927,0.20192120125363944,0.2298520233229964,0.18526777911798792,0.19154072578546022,0.11472117865606164,-0.4151831077987395,-0.0885925927806534,0.003414202995258847,0.1632339372436302,-0.310306433508533,-0.4887038908220496,-0.37803162002787033,-0.00622789242637757,-0.4318232141798891,-0.779644786586901,-0.9514012901998423,-0.9223975607375857,-0.6622173314886435,-0.41013872967158027,0.038782455054614806,0.2529540859111082,0.09494377491156676,-0.24881657816967703,-0.146218520707221,-0.44407506100479943,-0.6256970121515156,-0.7509654983423203,-0.6137331859992571,-0.33533394297603164,0.12233201061453432,-0.07818620362449283,-0.6853941194997072,-0.9251437179235497,-0.9848521634324434,-0.9894400433067573,-0.9888554901400118,-0.9879760033793067,-0.9213181222029113,-0.7573405474392308,-0.7870547031009979,-0.6881310038474722,-0.6956819400174062,-0.7896829120624439,-0.75108036440671,-0.7198048645314877,-0.2963606309337812,-0.35339164497796244,-0.19989983760477867,-0.4767894673115932,-0.5954812722152105,-0.6356547743905353,-0.6449323410702724,-0.31822767891301934,-0.6016971882560219,-0.8560774172874732,-0.8546383385927869,-0.6488424543692795,-0.42075164430839573,-0.08520231563536573,-0.13429047557580176,-0.5416655163965004,-0.6460714337998698,-0.26031864709804464
-0.5954169220602845,-0.7156122210591315,-0.8864947318675599,-0.9160915620683101,-0.7190655029758011,-0.19976966489881492,-0.15856098800037288,-0.6155396698721607,-0.6557737941351804,-0.6726925110522259,-0.6765575563400772,-0.43990038130740183,-0.060628483585892436,-0.49774607080737726,-0.4847517624383525,-0.26399509332292004,-0.5752669914110461,-0.6947451605243635,-0.38235424473819546,-0.48385722524971925,-0.08587244027857516,-0.4914583059644973,-0.6164977973567062,-0.6974526883014583,-0.7973095219498794,-0.6631640371246177,-0.5113540194358145,-0.22450418709582778,-0.37097257802484024,-0.182575475042355,-0.38015692633467174,-0.2593491221832676,-0.6431949258692393,-0.695980051354265,-0.6901526637336096,-0.46198970331082395,-0.4253993638041936,-0.22545750237777715,-0.42316924535801814,-0.17357771878487854,0.4952638554359376,0.3349477197013419,-0.36443681562755464,-0.6286882616902871,-0.3140351642099122,-0.31019033512146427,0.04753275192652185,-0.31150348638321906,-0.1094631641459269,-0.6824878908827391,-0.8518667989168806,-0.7718915139137608,-0.8342040541690499,-0.8677971176790122,-0.771722541236447,-0.3628156720558653,-0.5115342549263041,-0.4675357009518326,-0.1604654431804986,-0.34541394109934836,-0.31515422664217585,-0.03368792658659545,-0.4924774744215089,-0.3504196772651262,-0.5586397000948956,-0.3688262134170574,-0.39553546819062374,-0.2984861663788937,-0.18066345893791547,0.14392878332119732,-0.4588105558171167,-0.3911203600332393,0.05575284174998542,-0.2607256545165905,-0.36168203543400484,-0.22062851114750343,-0.5978036622565103,-0.6423048834167595,-0.7837881157370836,-0.927848115474229,-0.9697558532079315,-0.764560155521504,-0.19880658146823324,-0.535817219147311,-0.5616854944216566,-0.4684699678828727,-0.35396710902616174,-0.011403413430328543,-0.3884921751566486,-0.5705633237181079,-0.7199375574719701,-0.7346332795085759,-0.7531893714021081,-0.593232607010765,-0.5200948756465705,-0.5409718086032076,-0.6735845110466964,-0.8822079658186875,-0.9652717580204491,-0.9819757595785075,-0.9863214259287008,-0.9512324602946169,-0.7415934120836565,-0.25105119439909035,-0.671294829932812,-0.8078234859230461,-0.8008795524705677,-0.6060687510975301,-0.32030220076165494,-0.6519360139259954,-0.6630888542712309,-0.6716718898311891,-0.44519921827441356,0.09767488208404153,0.20075964634979648,0.16252666767559734,-0.3474173979761663,-0.5992849028837929,-0.8168676326108028,-0.8549692726693614,-0.6317958762874658,-0.3234296381367026,-0.6141423854226468,-0.5881056260372911,-0.47679810058723815,-0.28765639144598976,-0.5409235375163997,-0.23389402510348764
-0.8389143679303928,-0.9149854661010229,-0.9754989919983996,-0.9775769856266818,-0.8888485098484576,-0.7071904772873043,-0.6909549250457857,-0.8584536101339962,-0.9031222998425074,-0.8099454710480329,-0.5770390708551212,-0.2554568258481136,-0.45633594695203333,-0.5202028578729451,-0.5160843770383935,-0.4592958332849445,-0.30800226171689427,-0.6800451277763272,-0.7002645153267316,-0.5474446835622592,0.07878493748410789,-0.34146873264230465,-0.5703659015043709,-0.36117137849105424,-0.7226239030453497,-0.8147416893974797,-0.7889563505594374,-0.5670916388931198,-0.22937981811974972,-0.4779680590317928,-0.6020574369475855,-0.46584530349283454,-0.5762411869741587,-0.775501254792765,-0.7061939006448812,-0.17821869351396274,-0.08839074014150101,-0.3425008472500028,-0.14240125898728,-0.1772997441126091,0.18773748717181934,-0.12459053922320219,-0.13291318349568554,-0.4409823233974072,-0.44720324438048287,-0.09297379632974276,-0.15490941510052048,-0.15337968262828452,0.1671220350272381,-0.5642909757307008,-0.8424338410148082,-0.8912964903812948,-0.9481180875583578,-0.9743628938351002,-0.9170321480826003,-0.7232004369446908,-0.6091636708180322,-0.21290234014337803,-0.32072892584774665,-0.6159408149840336,-0.6714195033635835,-0.47670758913165967,-0.6769553587229942,-0.7148679254209414,-0.7026133250825485,-0.3286805721472502,-0.4788952429762969,-0.11753213455724439,-0.18377792767447715,-0.001392084456795379,-0.5845669522953985,-0.5974711294438318,-0.14355263400088267,-0.42890665525622346,-0.1756955756328262,-0.35217634890256755,-0.7275668478180822,-0.8236826456041969,-0.7917815245844901,-0.9300508844307077,-0.9372723716934944,-0.6383324563752983,-0.022370695270939187,-0.5785842678123443,-0.7581951446100667,-0.630803434202661,-0.5368465026810293,-0.10240469558402811,-0.43784123151041227,-0.20742107905209453,-0.39312873186944725,-0.2850571313871023,-0.5851074223985506,-0.3681017411067904,-0.60244328888697,-0.45825330597872893,-0.30243260928676047,-0.7628477143990163,-0.9347172538182825,-0.9790445572836315,-0.9884345368990964,-0.9387321777927305,-0.7176163038361719,-0.22329092336221548,-0.6248681052681384,-0.6996892544337128,-0.6959273379071006,-0.2633491674909363,-0.2891488294481354,-0.4656459457655126,-0.5404160204053371,-0.5590384582727681,-0.48339405913637723,0.05977334146161886,0.057757904719582066,0.2594987804794562,-0.0323059001813846,-0.6276004901488307,-0.8601208295836293,-0.7897179673209659,-0.36722705122015853,-0.5658800044685381,-0.8040345707325642,-0.8107567641643693,-0.6656189663593101,-0.692375686315851,-0.8031673161756269,-0.7354753236679582
-0.8837576978634323,-0.9718943441150963,-0.9957367732391179,-0.968261221251506,-0.9582423992499397,-0.9167928012139656,-0.8928234363794525,-0.9594264940053586,-0.9002837473322487,-0.5903574043051697,-0.23353408118236538,-0.4733992613743936,-0.46934654208323434,0.05388290775987315,-0.0071935453885735474,-0.35170087620577895,-0.5198256172385488,-0.6583489101245464,-0.7686221207643638,-0.6124691579867434,0.02436921088984728,-0.08042399237421019,-0.5478398717998443,-0.47739147231258117,-0.5534112760827831,-0.6776370955548633,-0.8396948712406831,-0.744698113151483,-0.47896608132064755,-0.44089676617372714,-0.37091664450273903,0.040714199906341016,0.02273955497920854,-0.644605449671349,-0.8293416193113698,-0.7021457663081748,-0.6682557488278494,-0.7191819298229082,-0.5468299356027869,-0.2103882587976351,-0.38734757212604787,-0.45158599482153733,-0.3927693445907654,-0.09954197585365519,-0.4432147075232426,-0.21790350092409652,0.11742331730379058,0.26751367926755376,0.3265226951562914,-0.44289355041492023,-0.6339335814401936,-0.7053613524142043,-0.8642032227681722,-0.9623564144610551,-0.9159312898852711,-0.6937814989601457,-0.5655653531059899,-0.376551988761247,0.009096314187225995,-0.4056359238582422,-0.49817877328195886,-0.06886437556150796,-0.4717103718661637,-0.7567472625251215,-0.8588705773928131,-0.7193212118217744,-0.5403318184450175,-0.27090159281914244,-0.09378925654188999,-0.4888484051063012,-0.8101803299328258,-0.8314553234115045,-0.726333625854599,-0.7575171169994769,-0.489281595774853,-0.07655932515303208,-0.6195624228066424,-0.7128167304449111,-0.4578340815656516,-0.8251830751893218,-0.8532664941435503,-0.5059417040336166,-0.05531731008165342,-0.602850800977662,-0.6694407531811901,-0.22978827887224243,-0.5440547258019267,-0.47056478726225653,-0.5595230304342079,-0.2988127104364126,-0.14994786704421012,-0.5376823646897353,-0.7828853570779529,-0.74009332619282,-0.5910067201770245,-0.09929651433463575,-0.482611215384213,-0.8223384455681773,-0.9536144516141143,-0.9882878967022356,-0.9976976771280229,-0.9735965038326279,-0.8838726910490452,-0.719049983007674,-0.701512781394916,-0.3849374736630408,-0.6309698210302025,-0.41135274309729536,0.16035183431372124,0.16940215232608508,0.1484877360082009,0.13219404960116854,-0.30045848141179055,-0.33132990038478466,-0.05152666016556422,-0.32106992146043867,-0.5208989848361294,-0.677008249588841,-0.8723160877741489,-0.8841027962974091,-0.7121917611197174,-0.6799838948590284,-0.8379771856358389,-0.7447552453957249,-0.39026285861063836,-0.7525192880539397,-0.8751003704464883,-0.7776372643151969
-0.6890233748506942,-0.9088282104872795,-0.9242520634696939,-0.824456921657476,-0.911302839984141,-0.8932808714981831,-0.7845938187728916,-0.8696190876359395,-0.685810838026864,-0.07923814985981029,-0.20463855570565406,-0.3429195343431782,-0.23950164523370368,0.27108227681124064,-0.07172498633105628,0.09646670718966394,-0.22134347849573835,-0.15514578874994583,-0.5444184328879175,-0.7385700773147221,-0.6238830262168699,-0.6085780922648948,-0.6233886115166023,-0.1284697934387709,0.02371201232260709,-0.17094917884571606,-0.6422453793086228,-0.4868830418877584,0.021427880392352747,0.2887873583587009,0.21137295415850535,0.025243337670426833,0.0689540092377307,-0.6120826418654949,-0.8949988849525342,-0.9326152788447423,-0.932216361330002,-0.9385962565354699,-0.8681779991662485,-0.736172998537975,-0.6730193388196664,-0.32988563435673146,-0.44568563248610144,-0.11377279046244466,-0.38540633508792466,-0.005332529127617296,-0.3004933053042767,-0.2877151404587943,0.01413124788043326,-0.4190765884290788,-0.1709040740143785,-0.16122875028063108,-0.5290778622703577,-0.7843223442319825,-0.7434729881957041,-0.2516121325706814,-0.1586693645584505,-0.367649150912858,0.07339010295729655,0.015047487549823282,-0.20081318414922827,0.139627112650276,-0.022928695076453422,-0.4969479543472769,-0.8029375348400924,-0.7255577157812836,-0.21079494152619135,-0.09189729243962907,-0.49954665525538444,-0.7938818716489201,-0.8888169544902912,-0.8051150339872218,-0.872932691078458,-0.8865519339213259,-0.6024801009966021,0.029915284345787125,-0.4686233060103708,-0.5767036931294517,-0.6668076599221944,-0.8616045062433979,-0.781624899928846,-0.27292841083742364,-0.3453186210457799,-0.6610060487823857,-0.6323187493019823,-0.20142710933511204,-0.4986056271149252,-0.18020373312718782,-0.24990268738099405,0.05218525674764402,-0.4193236940037387,-0.7463923039914222,-0.9082279198491298,-0.8378159864933054,-0.5110113904641089,-0.10461192002931652,-0.6202323351236885,-0.8863928477627127,-0.9412292892741738,-0.9496837529235238,-0.9852106444260378,-1.0044174185241617,-0.986709059875937,-0.8988027758108962,-0.7816362874578283,-0.5313576110503728,-0.5666569692355158,-0.5172102879514856,-0.05043160660458805,-0.32708017804240697,-0.3020082899933765,0.10931215225912197,-0.02634884136728031,-0.476160487033002,-0.4066990968197733,-0.4942401404808611,-0.6010004710899015,-0.403875508727266,-0.8043671495710274,-0.8985314655156308,-0.7224489211149435,-0.3773268656854758,-0.6852932437153358,-0.579942865060713,-0.504885492329073,-0.7479785986211032,-0.7409472728366749,-0.317530959246273
-0.5011372832911651,-0.8110311428872111,-0.7857127467519149,-0.42873959835597736,-0.7553577788426464,-0.705465302363142,-0.254478372578461,-0.5696204440131136,-0.4130477358172755,0.15081022724289117,0.3033144712239199,0.37121130866999397,0.35247640001491276,0.443117421748502,-0.12410843083358732,0.1331259110493312,0.10024484198945509,-0.08877233471923018,-0.1847228179452411,-0.7249181190871749,-0.8146315547488701,-0.7374144620723702,-0.7835409122338047,-0.5923720307561492,-0.4155649551548073,-0.5215869581812069,-0.5516238705557577,-0.05342949413996484,-0.062209122817183715,0.38529202420067005,0.1050719466411699,0.12726132289118727,-0.13640637467325128,-0.4989204014495483,-0.8555770737171574,-0.9716773326063085,-0.9808654882227146,-0.990359953737088,-0.9534139206294919,-0.9388420370533803,-0.9024453100675306,-0.7294199928896399,-0.6271793121800393,-0.5993070069186432,-0.5842824238749935,-0.17921573647213507,-0.6092399201702726,-0.7466685644580886,-0.6974499983365707,-0.7892513891057179,-0.6660641436996025,-0.4507604904820529,-0.06820883813769561,-0.48525877942723494,-0.7436022670620891,-0.6940187725988536,-0.686802647477272,-0.7483853723974149,-0.5971912452874857,-0.4707676274230103,-0.1825171889576058,-0.34615582948252677,-0.33299515091032617,-0.08618890570130978,-0.6629899840544521,-0.7908917812846173,-0.6563813975739722,-0.6668535013455142,-0.8326341400643609,-0.8955212868790747,-0.8145201286194378,-0.47595750666826636,-0.8148074309462103,-0.9023002574940265,-0.6275411335670821,0.13984860475659672,-0.0637262563269904,0.07946469242368624,-0.43427828164846133,-0.8183350714863634,-0.8237483455767293,-0.5471147175284249,-0.20769165969851788,-0.47341780772488173,-0.5726021198783336,-0.632914230874365,-0.6834676945641078,-0.2938328510035657,0.1042793536339288,0.09951342599728467,-0.5131045802850714,-0.7108216779108798,-0.8774133287803596,-0.7714989410973311,-0.2986116073580634,-0.5146476844546407,-0.8085046080935344,-0.8884880948042218,-0.7484260349724545,-0.6974844275086683,-0.8471249152828119,-0.9315073844556572,-0.884118016274168,-0.6683532867763099,-0.45754019768291215,-0.04868116404039949,-0.14600287837240414,-0.6180610583008835,-0.6696997642241169,-0.7927741892321973,-0.7749923992376041,-0.5679995287541019,-0.45733902220681383,-0.5462341584497983,-0.1531731600672794,-0.18785217865384946,-0.651993811840911,-0.75325146826296,-0.9091798140505135,-0.8904340892620907,-0.6545522084799794,-0.48016698218396814,-0.5008299749236498,0.03447518057512072,0.03262505468456656,-0.42719628754672156,-0.5765363044074959,-0.1526020329779116
-0.24894617355592644,-0.7466830801855553,-0.7954955566372542,-0.5871645276694243,-0.7526871008549222,-0.6407324472814884,-0.11427522718042188,-0.29762381634697427,-0.1391733934333785,-0.2780245010432016,-0.1067696190080303,0.16482573740325265,-0.05148240069720698,0.23339531782534936,-0.39328520957337315,-0.5097703737362574,-0.3715872397870291,0.025655282225172958,-0.43218495542328367,-0.7870474551366718,-0.7587558172239685,-0.4476070514862349,-0.757188489886342,-0.6981268701672866,-0.27817854161199623,-0.42365890791018146,-0.3660477525619073,0.04233968524445842,-0.06670032063218855,0.2694382761344826,0.1418821752104014,-0.0916425323830118,0.2960752184654897,0.15763801087997859,-0.6163651788921667,-0.8380262661433812,-0.8078069945913391,-0.8253654408451292,-0.7644192971259949,-0.8991822685234282,-0.9040350152315929,-0.7392961257981697,-0.4056086005643227,-0.7324781184152902,-0.8172681612201741,-0.7138916621953968,-0.8686648688624852,-0.9469374675414675,-0.9252883176268378,-0.9246631654724549,-0.8414353133694029,-0.5739363856185187,0.05422603925189094,-0.0759404167930465,-0.6924197567453646,-0.8751370894098309,-0.898366462391866,-0.9334503474602107,-0.9039537732008288,-0.8411459854015022,-0.688585162432096,-0.5882116833785518,-0.46125531570972866,0.020383807478269882,-0.5358011804396117,-0.6313974531583537,-0.6458376460903309,-0.7805012020439629,-0.829535329952154,-0.7488164402088019,-0.8193452347328603,-0.7870748005369519,-0.9219252613525745,-0.9350837825593781,-0.6418994467582305,0.17232521683012564,0.45585780523127917,0.4310983144341342,0.02049392771827475,-0.6223052800620127,-0.6276478478489083,-0.5330685632708311,-0.3870060375967439,-0.06471505095578489,-0.1807083396879772,-0.6752851446519814,-0.6439875750229136,-0.014668738518793613,-0.15146745658702482,-0.39900960241770167,-0.6127874234955621,-0.43013582745370876,-0.794559016389183,-0.802529371376981,-0.5688466993151663,-0.7152284629304413,-0.8727936079394235,-0.7737137883738079,-0.18794078368326414,0.08353346697557087,-0.32970672848412935,-0.515406241762105,-0.39916116384267997,0.08848127589939563,0.08152085725283853,-0.20406862522835323,-0.547381468343975,-0.8303874213760093,-0.8899663340352888,-0.927604990239853,-0.9191584064085826,-0.7558359506505523,-0.3753565552458032,-0.6453301219815086,-0.6461152293738173,-0.6936021130952927,-0.8258345594366527,-0.8812847233571456,-0.9287241213476969,-0.7839338634124774,-0.23573280073087843,-0.10156233262076145,-0.3985850804342023,0.0692320626688057,0.04351428730315375,0.0797717298830571,-0.4276642537110927,-0.2670803529960727
-0.4823432635500207,-0.7991463354048122,-0.7084679917728812,-0.20266884541774496,-0.5623056039211429,-0.5673089422482227,-0.4325925893653927,-0.21088020947026417,-0.5003773874769543,-0.539861857929316,-0.21089330239429782,-0.4053500143216435,-0.43846753669572536,-0.03622586014697787,-0.4473170204686252,-0.7277986150875082,-0.6325585276408059,-0.11815354178465345,-0.42674463639076693,-0.6939323967189789,-0.684722361782328,-0.7327931330441929,-0.8817638889992284,-0.8269354090574128,-0.5344682763916497,-0.12154123777518323,-0.08184617018233464,-0.27688118455632255,-0.09254308011049654,-0.38257511185070586,-0.48081870194139537,-0.28719540994671916,0.3007679176565028,0.32670048339113417,-0.43210991360508094,-0.49716178458040244,-0.2313478634487305,-0.3352867876678372,-0.10854655262333844,-0.585621504465285,-0.6525684491521568,-0.624420305970025,-0.6619988421914689,-0.8520056288719817,-0.8806858517898324,-0.7688787575472903,-0.8595710146411734,-0.8654273789983218,-0.7371881653810016,-0.6716905144485394,-0.6196683611785933,-0.47316186923447023,-0.21897192473802052,-0.34204306895328623,-0.7185309187044041,-0.833058583672672,-0.7964530706092756,-0.9150371876091707,-0.9779083443908547,-0.9421075220329816,-0.7552646021724939,-0.3560406631099547,-0.4449089756756526,-0.07374737597877212,-0.44795889597829525,-0.1687006133961522,-0.1469708347032673,-0.4455476534787481,-0.3952215455463683,-0.08369069341606804,-0.6362922355932348,-0.8733484485445356,-0.9646712275033357,-0.8986552753463445,-0.6503183886639151,-0.2977393390560109,0.18129186117493298,-0.010493977094478753,-0.2618356939978339,-0.4695392025996538,0.0010669748689974372,-0.011231910247331221,-0.29483809658060384,-0.33099020951919317,-0.5531230273673787,-0.7690575672989268,-0.6281174253027852,0.01260129212523508,0.023862177753479347,-0.43365383310689715,-0.7387999321717734,-0.7828269079930378,-0.8831791349788783,-0.7684744325686479,-0.31974559318285667,-0.5784602521682286,-0.8394293211917155,-0.805247007312154,-0.3902285381243532,0.3991953339134748,0.4436471818173812,0.24199443780078492,0.21706125021839587,0.20243149498600155,-0.18518673442394656,-0.14685271134207412,-0.6692509922435796,-0.8211781298019647,-0.7291355549069509,-0.743257755148757,-0.8978853752905012,-0.8871817242037863,-0.7016286215131888,-0.6884084275512825,-0.8156622114857517,-0.8345964268840494,-0.716516634942894,-0.7252845171479001,-0.8803272497842761,-0.876968953654033,-0.6480863190139977,-0.49604911612557384,-0.6364692017934264,-0.34690944063977547,0.2545265673282766,0.22140840469761416,-0.3147566092645622,-0.07444441119248399
-0.6455746180031898,-0.8301706659767594,-0.6993960889670314,-0.12712836805717703,-0.30615587043623205,-0.23230026402448212,-0.6064264954393361,-0.6636866283955906,-0.7531865937117357,-0.6784582325905355,-0.6141825706493339,-0.5281521434840184,-0.47052816896326827,-0.320260131984379,-0.11530746378001688,-0.6958050625537054,-0.8059403875682739,-0.4611458121751436,-0.010873540086827572,-0.2870037927445658,-0.27326178726970646,-0.7274837384868993,-0.8423062556136447,-0.6979701020239725,-0.5460615798138355,-0.5423435782298158,-0.6237082738613011,-0.643991336676892,-0.5273898519640101,-0.7183325213627046,-0.7029112151571807,-0.2530644801865288,-0.1943730774049025,0.05113111346564037,-0.3710253696866588,-0.05153777472140207,-0.22403318775620376,0.04548798162693776,0.17530305051813178,-0.16733534476841858,-0.03730287241667919,-0.09498098418327855,-0.5016734740345565,-0.8015836551824305,-0.7795235822321901,-0.37999838944564435,-0.5182363703329239,-0.4557923283923491,-0.100855987254771,0.013533431559350459,0.0635280682168384,0.18003524562926493,0.338430435496954,0.10152818168873168,-0.3544773790972407,-0.45787882870459545,-0.3402624284088484,-0.7946544783877961,-0.9527386098753792,-0.89400405832522,-0.7226358565723163,-0.6324347489809748,-0.585159298010042,-0.6154092948610086,-0.749168405213799,-0.6190305838642477,-0.4701828026391617,-0.06423169702944113,0.17337869621346166,0.2571744840611454,-0.5355217148141708,-0.8781411285340013,-0.895251636409201,-0.6439491354186412,-0.2573488795375696,-0.37437926492830753,-0.3009210840529443,0.0077532990474779686,-0.07057478697055544,-0.42846270868105235,-0.05615668704322917,-0.2620084077632783,-0.027104753858888355,-0.006134368086739383,-0.39448412910064334,-0.5651179878726795,-0.5769395496448251,-0.4749439820762469,-0.4049338264870666,-0.2866434135583066,-0.7220924776493002,-0.8975947171749777,-0.9599480569026909,-0.8742783878546752,-0.6069809519440539,-0.35762821770291703,-0.7141360133552757,-0.6703954114610594,-0.47677679489058394,0.24371062914911742,0.275670886858979,-0.20000190609735058,-0.26289952434007174,-0.4640032633406444,-0.6258369389464814,-0.549296388565467,-0.7241682736173121,-0.5568550087253351,-0.13526668120559004,-0.2188515374551108,-0.747234072942543,-0.8010729536073777,-0.5658065564326237,-0.33804679755179706,-0.7413090789732176,-0.7204434231620952,-0.21886563608129286,-0.2206341173586261,-0.7202463479134212,-0.8665569618262075,-0.7080868929255045,-0.3712725677917632,-0.7072159538432321,-0.584450671522268,0.0011803940168844062,-0.1935685706452906,-0.479168492846778,-0.2368702375968503
-0.7729531935912197,-0.7232829018842964,-0.7529514079581139,-0.5118462764933118,-0.23024064446349155,-0.5437650900472877,-0.7179308964262342,-0.6831923522039238,-0.6999668283400077,-0.3806440051979282,-0.46548639262977953,0.09912838758146374,0.23436597785462981,-0.044619029884114765,0.015799033109305617,-0.6451990865997528,-0.794614490392095,-0.42523188145431207,0.12216446244462778,0.026819209455773443,-0.4868192338065488,-0.718235550537572,-0.5501848569867013,-0.04601184426136769,0.11617038450801342,-0.3421241945596639,-0.6439914521125824,-0.5468255515497941,-0.3202042309718351,-0.7596571040260373,-0.8716754900413175,-0.7133319664748414,-0.5682159680291219,-0.532018804081209,-0.5388819296690263,-0.08645460063343856,-0.3182142966307308,-0.36842275614001835,-0.11684417092928723,0.12637713981720122,-0.3014293005319408,-0.41510482216280403,-0.31256429165644894,-0.7529310661006203,-0.8021722252749438,-0.5660262790004634,-0.13365656968301876,-0.06141766380251117,-0.4093253616585939,-0.5335669116983631,-0.5367119917816793,-0.36395556379936195,0.08223760399971508,-0.1308264844877956,0.15184302743271405,-0.02397708332975718,-0.5270550365191226,-0.8260861498377869,-0.8709424084132876,-0.6423738278233108,-0.32835357492614203,-0.5413407464216959,-0.3247714561868471,-0.7144590345502014,-0.8365726953137748,-0.7328680575909619,-0.744048965490489,-0.5728368788765604,-0.35699517401270975,-0.03624217619024115,-0.6488822312333138,-0.8834684937298782,-0.7682013527248284,-0.32943585477606524,-0.40954410878196457,-0.24970053551068144,-0.565975930924982,-0.607231386448152,-0.6783929100346854,-0.7838088085447626,-0.6680876735549762,-0.6849660562925695,-0.5388210224559113,-0.2621514743591962,0.0011757327989012193,0.007604795393831881,-0.08506486790734008,-0.3873824297541444,-0.4975348291245144,-0.5810995606417501,-0.6595793435171242,-0.8769733118810153,-0.9672887981821034,-0.9289292082856129,-0.8510975939337511,-0.7438967828261293,-0.668584631411644,-0.22158371446284716,-0.49301310040381613,-0.34071403186879934,-0.4535044723790934,-0.4897600195490867,-0.08991962498715325,-0.5920250501728168,-0.7052124453778036,-0.36121836520735184,-0.586877721422765,-0.235362141532959,-0.30326852561576706,-0.5303732345021438,-0.7455597192220003,-0.5881721167108823,-0.2653180890331259,-0.5506271337359984,-0.8255881545306919,-0.7995270288614607,-0.5108387254647944,-0.5460805092389113,-0.6630075400535521,-0.7624094880653167,-0.6792775762218758,-0.7109655191583272,-0.8755472495084461,-0.8404461552219524,-0.5386136154176426,-0.2417027952079842,-0.6649364661259554,-0.7188885022014325
-0.5246811868520603,-0.15902144231652016,-0.6430733832556833,-0.768264529210047,-0.728374008683014,-0.7493287785525505,-0.5805164523612739,-0.334002351435323,-0.6974362882513421,-0.7099675778396137,-0.5838620866524237,0.1258938389727101,0.4386108921544815,0.3989140748684619,-0.0819929823366717,-0.5005516435609623,-0.5709357948378408,-0.07487794636308563,-0.2698440881120728,-0.3734061548827978,-0.6334001300497897,-0.5422892401800737,-0.14566160458024152,-0.03970097922829562,0.31763976115819015,0.21397506805093416,-0.3941688514682348,-0.28487505224789517,-0.6021961345784095,-0.837314802575999,-0.8949383717472467,-0.7598194337378795,-0.3049540675007888,-0.46219312449123745,-0.5080305666955449,-0.33677970905204446,-0.017887818907493722,-0.31693821081557466,0.03517800981658782,0.06276298191259272,-0.5509650914620635,-0.755895014419349,-0.7669195616632082,-0.845093028442572,-0.7697773340811176,-0.7631538880986997,-0.5835570434218114,-0.43431175478751866,-0.6928620497053125,-0.8557050903006349,-0.8819533863481924,-0.7240455459399057,-0.4114043297964161,-0.38746209875893434,0.0007375321242561756,-0.4084104472184957,-0.7163682286289835,-0.7441663323261898,-0.6933177291654624,-0.30357263460200884,-0.5288177384000624,-0.6820499094260668,-0.5767084159184888,-0.754532548422422,-0.7621157879937452,-0.44955045173120606,-0.7108586073945398,-0.6322752209962694,-0.6551616494363195,-0.6593017006054658,-0.8630725098719964,-0.8974012253741666,-0.7386678321788518,-0.6823961326023649,-0.7166383998004899,-0.66682910324152,-0.6853503451688874,-0.8309519939482156,-0.9055381830951135,-0.8575149445916519,-0.6858679332677077,-0.6541887801830546,-0.6179201327931496,-0.2182188652517634,-0.44617694358967164,-0.49317167629714437,-0.40044678648046445,-0.09664712369593988,-0.14031708634366566,-0.426930495306302,-0.13470349160292094,-0.6791685788614947,-0.8655790703477295,-0.8071018756253217,-0.8498600635523343,-0.8318283409655385,-0.6890605896249477,-0.20985037486835137,-0.48958053231153686,-0.30163042811264745,-0.6582516154127068,-0.5430267897273537,0.023056117465751046,-0.5550100386772922,-0.7236528501252573,-0.557662227251865,-0.6752447706882653,-0.527363571925827,-0.20842916784395898,-0.48424009809184604,-0.6010900171633834,-0.2772999781375471,-0.47597596088951466,-0.5872713305668431,-0.8108831218924594,-0.7579265845350468,-0.34478203432340154,-0.5289105845325146,-0.2683680927130753,-0.39875651732122513,-0.24121534106599832,-0.6737954953320534,-0.9199927682254787,-0.9510248021628881,-0.7802341615178422,-0.5763611507291649,-0.7574599548936974,-0.759080381953349
-0.08841221115904316,0.006268561958568939,-0.6315388362091788,-0.8815870153595343,-0.90067362922175,-0.7766084784798262,-0.35536605645462677,-0.5615211092071621,-0.821454905566399,-0.9093636788823992,-0.8528366757883877,-0.5203610788769268,-0.0932817963404238,0.294520574179104,0.19926796868755675,0.01758294253647449,-0.25804113030299947,-0.022420433690554995,-0.39391115029078055,-0.26191742120853656,-0.5578033422892772,-0.254457755830496,-0.3416514462257517,-0.02295687718616197,-0.08839425462632097,0.18763049029125367,-0.45699751568035607,-0.6777895388213254,-0.7898536949190083,-0.7223976626615604,-0.7192292754407811,-0.7044077016795296,-0.32854715767074144,-0.033725263563132386,-0.029432286252383776,-0.16441041151741217,0.05274544340292549,-0.35055248187508,-0.5129226678818509,-0.6258117935213019,-0.8457869403272704,-0.9186713762931294,-0.9051427826938856,-0.7783419514833412,-0.45120969245321624,-0.7406977643420152,-0.6196998936856627,-0.1635567969295115,-0.6763557284175172,-0.9236850814431595,-0.8997895872520872,-0.5513715846866922,-0.016596083972396865,-0.25337312557402575,-0.2394317884507067,-0.4759979343350742,-0.6538407836072523,-0.32239369129477047,-0.4474516614302015,-0.38621941365907675,-0.511521158265361,-0.5992357910450938,-0.289733404370036,-0.576426608380888,-0.7826102488979396,-0.747301811087764,-0.6506500393767206,-0.13979189641974787,-0.46561456549723435,-0.7689205867810783,-0.9126651096283223,-0.8150301218780105,-0.4144762467610746,-0.6633733035570121,-0.6438419109005638,-0.65240808200396,-0.4129371985027237,-0.7922462688852258,-0.8564828302753118,-0.6052285077181433,-0.17201017853481237,-0.16990239072113025,-0.5757629170675069,-0.5251476962469442,-0.6734304389137491,-0.5974136913474096,-0.5438801692487684,-0.581768475240287,-0.6258883078278443,-0.5253092783893134,-0.005381210694324427,-0.5821880600773017,-0.7228158007947724,-0.37777816082284826,-0.5512340977525058,-0.6429478411693623,-0.7386195971131843,-0.685066493430713,-0.758325668965851,-0.757669297010612,-0.7903096918246088,-0.4166286498725811,0.21584877590679882,-0.24242550953377695,-0.30138265170281064,-9.15462835790536e-5,-0.4410266840537933,-0.6450032817292116,-0.5335025461274417,-0.21631783772860896,-0.4171127931882201,-0.39647457774451295,-0.4324217856989799,-0.14732741509309644,-0.6822207451153234,-0.8464256796995728,-0.7688300801818632,-0.7514760414621164,-0.5533221698692846,-0.17788227724166927,-0.28601706889339273,-0.5357328564720896,-0.8467935398240518,-0.8866277637667195,-0.6050676840088764,-0.20552800238700458,-0.48386686037869786,-0.5301059886628557
-0.4109588442281937,-0.5419970161792639,-0.8312268238998105,-0.9596089686120902,-0.9505941134392281,-0.8907459489796357,-0.7095709000396893,-0.6682963867622476,-0.867344210680153,-0.9665667779385586,-0.9211095177994921,-0.7218598187024464,-0.23849153696581518,-0.3597274093655857,-0.37780548748288206,-0.2533221863184073,-0.12978776253099505,-0.48607626827594624,-0.7480362502331289,-0.7475101131184779,-0.7366033983299597,-0.5527300999270761,-0.6167535120268068,-0.4497932984385383,-0.39227630301260225,0.034365314889857036,-0.40524482970210884,-0.7470344148908431,-0.733080237647478,-0.2737884268458977,-0.21722029519118757,-0.4542617951586524,-0.028334919348583825,-0.3346284506099234,-0.3307686751859002,0.04859084865911669,-0.21374622580099292,-0.19456176548941856,-0.6751428134822158,-0.8396123574854782,-0.9001049521203921,-0.8166190339757574,-0.8102029042618217,-0.6939453574812147,-0.6946946039206765,-0.8203646475964878,-0.6591242313388082,-0.2086328787327061,-0.673198724990841,-0.8629072575882976,-0.7309833668675304,-0.13518224608275528,0.22463247629154742,0.2608954751412344,0.32279099361364644,0.012018105595739528,-0.4760980381449622,-0.28205388001978393,0.020007147337584654,0.11477359338194494,-0.00414633216957634,-0.39311192139905854,-0.42166279972446813,-0.3044226139970465,-0.7555495160025565,-0.8550703351117886,-0.6653801982972989,-0.027934942358900473,-0.12571297774267762,-0.7191431268460702,-0.9232205665391756,-0.8598023345877437,-0.5893722487472343,-0.5183770985720787,-0.11983365977363097,-0.5821175240088129,-0.725544145879086,-0.8781803105209832,-0.7926661908850623,-0.3107740625187158,-0.3845134948747601,-0.40883943692754676,-0.5718537995977119,-0.29122585190459627,-0.5412307126243845,-0.18910451975537848,-0.16198679057288928,-0.633512819409992,-0.8019641714590555,-0.6700724701871059,-0.1831129845261313,-0.6301161831213984,-0.7551551686885357,-0.5538213443167508,-0.14834192665463036,-0.1330644606942385,-0.5183000258841713,-0.7190666617782231,-0.7406417030361326,-0.8441589625498215,-0.7320612514511085,-0.03551828980087134,0.4847168953375656,0.4263533696925595,0.47571134343761745,0.374741869495754,0.02793465649515713,-0.45574262335159416,-0.6117745915114735,-0.34038533572476076,-0.036010752565386724,-0.009098162983955506,-0.21992323133765238,-0.0733053401422758,-0.6720492372200199,-0.8763834313613209,-0.8611396768153223,-0.725046030064715,-0.7295678369611709,-0.4986289540460076,-0.0169669348195406,0.018664593710398063,-0.6022080953398234,-0.7187438376839819,-0.2506968654046013,-0.1931197786411809,-0.13858695050606284,-0.5043730826380135
-0.33093511889290583,-0.7184713410722848,-0.8902659164184324,-0.918348152386247,-0.8285243880297702,-0.8701377171251655,-0.7399189752464596,-0.3874639519567722,-0.7841792301393067,-0.8931987332253707,-0.781272474779436,-0.8158497598285103,-0.6869785772627225,-0.5421493359495818,-0.3624573377967397,-0.09801236784311362,-0.46518866723026625,-0.7857404549305811,-0.926635859105591,-0.8331696347771116,-0.5901400170740588,-0.28476137651807926,-0.5490359428717239,-0.2495835834815927,-0.34694001086052845,-0.11199849504961666,0.03961587216282865,-0.6286686880856585,-0.8326805641947863,-0.7171031031750422,-0.6337905875006558,-0.5825664301300865,-0.16811086626293992,-0.5775060112860789,-0.5699380693360204,-0.1142979451650427,-0.46754577247666185,-0.5073162891812233,-0.7414315268027077,-0.7445871173093519,-0.7397245030856361,-0.35572379925373615,-0.41679166609284174,-0.17907690758991893,-0.5159541592393388,-0.7520019295393048,-0.6718339365360586,-0.5890424595974576,-0.6108031434991623,-0.6159512262199028,-0.5749347553870521,-0.5486838652635269,-0.4567454300958837,-0.3264164853200182,0.07119356002788009,-0.1546789347018903,-0.21337193661311651,0.08397864033934711,-0.25695266769747577,-0.2140339890524137,-0.13790339624479395,-0.07159415080497546,-0.40749607840259305,-0.6375347480200826,-0.8714862416178324,-0.9203740388476411,-0.8508914899797848,-0.6547490327937119,-0.678289245200982,-0.8443315859064852,-0.9050810715336756,-0.7909534586460425,-0.2843741394696814,-0.2209444918193835,0.1352113211266798,-0.544886188160166,-0.8548279203984891,-0.9537858168550585,-0.8480731073012104,-0.4857989478691823,-0.35714038270515686,-0.19469521905853013,-0.5447504400513467,-0.5249692725157903,-0.7124572259936528,-0.6000005440945312,-0.4415870499949577,-0.6043504475332058,-0.8426736537332329,-0.8516428666522134,-0.6375698802845781,-0.6059875642626386,-0.6557173569076863,-0.7300550750500463,-0.6245920889756048,-0.5061890703079321,-0.28837372909615466,-0.5836137764029254,-0.40257450658302757,-0.7614079657981766,-0.8217713147662058,-0.478039792127688,0.19821719610366448,0.22324436371413542,0.4364287158615111,-0.10462193525616821,-0.3024569343645318,-0.08820780285543287,-0.4339019170242637,-0.16969592014002835,-0.39553512538924385,-0.4041801588191581,-0.15891882200740207,-0.4928607312967449,-0.7684583491268562,-0.7564867971196733,-0.654231452928937,-0.20050515470925817,-0.6489619713279097,-0.699846750902845,-0.4097007646717614,0.004622389062243974,-0.46587733934578607,-0.7207810761059282,-0.5112417216465401,-0.18029883715770267,-0.4702635087291522,-0.5728296674858138
-0.6620027277570691,-0.7954565435460065,-0.72912126528313,-0.7336271090120936,-0.448191994970543,-0.7585900032700421,-0.7725410191480329,-0.569519996240528,-0.7776693795226988,-0.7063733241458511,-0.23215017026195742,-0.660760580701795,-0.674448579642409,-0.13544690344518123,0.15546488536729744,-0.13288632019441357,-0.4852337333697328,-0.8311293547324105,-0.8796608117700301,-0.5823517666601558,-0.22240375278946795,-0.5394165146107625,-0.7378803878038933,-0.5612681488959114,-0.06783999057348088,0.2645392212817469,0.28576246279187456,-0.5596935423276593,-0.8852721632128984,-0.8654928582741074,-0.7328240373188492,-0.7725585857790103,-0.723524221651855,-0.8520837026685762,-0.8021826425423835,-0.5218924349089175,-0.5498457632787557,-0.3081829135276192,-0.5905053552482268,-0.3722072257144051,-0.6717822730530275,-0.5191481341738842,-0.11722385989395348,-0.12399912532880238,-0.1330512507305819,-0.5144145770377108,-0.32395786745769894,-0.5151009922029935,-0.13477630171653032,0.05271490357560982,0.04802287605522082,-0.5028253671047036,-0.5759194945064227,-0.6346092253461679,-0.4355945790344985,0.05150517146332069,0.31533223709221625,0.20424022763052743,-0.26810655627894997,0.086042455064826,0.21474986979484237,-0.21411015799973973,-0.23611262978371156,-0.7155423999475202,-0.8715705159471453,-0.808038899671898,-0.8539022038598795,-0.875750087832882,-0.8375100826409213,-0.6940072419421057,-0.7018135081512333,-0.7421291688205425,-0.4790970267774788,0.0008567677697929907,0.08351249165088061,-0.5856720545419873,-0.8892356565121936,-0.9261982216685952,-0.7561200693761804,-0.18373191720251003,-0.0996513666470133,-0.40280676514425107,-0.40552286107041113,-0.2645565029392122,-0.7066634235894839,-0.670283735663205,-0.18552149115161978,-0.22867061774729439,-0.7516578844784291,-0.8267149127856139,-0.529577157605951,-0.13371719252612818,-0.19793815740347495,-0.6791995847817613,-0.8379500029301622,-0.8270403659748375,-0.7328584073651551,-0.7924021205733107,-0.6855517615318443,-0.7205029007125288,-0.86759408010129,-0.725738303930805,-0.18250417001757036,0.3747144359722354,0.3260075327842556,-0.25928127868742823,-0.4487316986064138,-0.09405148766885461,-0.35711144546646656,-0.359996631763418,-0.5128950290012515,-0.6387176376624696,-0.5265830212789353,-0.6926479763895165,-0.7376587712706238,-0.39505168326109197,-0.4534312208859533,0.01988067069727017,-0.5291358501996504,-0.5894685009483344,-0.43019767108952334,-0.21738546234992012,-0.19551467314318258,-0.604432613507944,-0.5718506544337889,-0.6192511751735927,-0.7050251269591025,-0.6595513662715858
-0.49313961622437413,-0.5716692298331445,-0.17495584523430377,-0.6009454622218996,-0.6343089428201067,-0.6700571255376585,-0.6074994695434979,-0.15276117431169184,-0.6204345631509427,-0.5884039129214631,-0.037807695923477824,-0.5814618696683241,-0.7702146739201475,-0.48452892896897193,0.12007835950827755,0.1593299356357959,-0.12060140770771668,-0.7100292831961863,-0.6860810508489223,-0.08539497256307749,-0.2850419640974374,-0.689421287568403,-0.8627293524508952,-0.840865967127208,-0.57034276328208,-0.13964670879026367,0.10941547525525087,-0.5867421388788335,-0.8816214859013084,-0.8191238506077675,-0.451673525926433,-0.7453615165320223,-0.8829795883266764,-0.9449759653655456,-0.8009784189964292,-0.2898387558024888,-0.48704369011272247,-0.6310863376778149,-0.7362815558368941,-0.5900759532391334,-0.6902628254233437,-0.5731546270222246,-0.3667815148625807,0.04048430012881638,-0.3476267491678001,-0.5151905064774925,-0.6470513926231811,-0.7692183153901933,-0.630507316530471,-0.4173583731392562,-0.06965681414990024,-0.40230145878321144,-0.09518549137698443,-0.47884843797492466,-0.6648811571339709,-0.44267547357959103,0.016380548548135615,-0.3174193731471611,-0.4077584790563243,-0.17589479891578555,0.06730965817353328,-0.4929599814955865,-0.6658391779033862,-0.8511618552466543,-0.7956240031652883,-0.39687016256343716,-0.6220147857310613,-0.8154270120577432,-0.6749274188836715,-0.048792674430980724,-0.07235032968928101,-0.4345363759831835,-0.5019282042439442,-0.4902702834179037,-0.5205290347757574,-0.6605361345477598,-0.8232467456801128,-0.7903027557474883,-0.814262168666868,-0.683654357583036,-0.6394464824714998,-0.5610577304883825,-0.10473391728221511,-0.46534741151365283,-0.7843467075843698,-0.8139366659432486,-0.6649012008126385,-0.7060350282835612,-0.8688188914806815,-0.7882225790018342,-0.3452231516034573,-0.5007256390230315,-0.5796631016049032,-0.6478658542654159,-0.8187500446070352,-0.8602338881776791,-0.7599532564988574,-0.7751822703572648,-0.550429078821486,-0.3180654198290157,-0.7399998558449677,-0.6743124406429717,-0.057361993032862976,0.2032578729662448,-0.16041200292118254,-0.1576897561816178,-0.44590244504581494,-0.3687802628681092,-0.0005850019265994216,0.09652462994606827,-0.10212551889666542,-0.5184376360924876,-0.2778408088937775,-0.5668955434849068,-0.777219465190455,-0.7210880535268822,-0.59918955226713,-0.12329471823723702,-0.44732571589709214,-0.09357842043218156,0.05211684698528646,-0.008112889395092028,-0.3992818628936407,-0.39063261319100057,-0.09417452420000394,-0.5279475810874199,-0.5099701070441626,-0.27027916188405005
-0.23703461880408913,-0.37464153603631095,0.05280326115562692,-0.4619745156587545,-0.4483116103170667,-0.24750200184128093,-0.389920162330635,0.03996168812509869,-0.5281179292222173,-0.587136653671942,-0.06602445691761943,-0.44429464567713906,-0.7545413985951972,-0.7589043690035673,-0.5989633418150154,-0.5743476861505882,-0.6838621681096175,-0.8500134345784378,-0.6872113456428761,-0.014887314458008257,-0.035636066612399875,-0.610910305915265,-0.759353297104374,-0.8662875666694425,-0.6374407539531298,0.08372650047637949,-0.06936543801215111,-0.5054889683262416,-0.8535337696422788,-0.9039379040921438,-0.7515399453358078,-0.7256855802560188,-0.8545930647438612,-0.9134835768568601,-0.805112692923818,-0.4266326924528071,-0.23901812582507764,-0.6417003542420511,-0.7033859155428571,-0.2922414528328477,-0.40110452820158576,-0.22969236480802954,-0.4235491858006476,-0.04643818452978598,-0.3479553082777542,-0.12055895453145003,-0.648165862897756,-0.8805902039702835,-0.9007313732431425,-0.8240939754075376,-0.6418806074324817,-0.523952512978991,-0.002020067050390417,-0.1461166490853737,-0.6603198264636176,-0.7101348298312773,-0.4800946514689424,-0.49667037620543986,-0.13269220270890253,0.006394618100536705,-0.23370496610987407,-0.6250166397647361,-0.7189997083389876,-0.8761817769445458,-0.8332633707039873,-0.6047900668861286,-0.3638055207211898,-0.7391398270620751,-0.6550188658404332,-0.07262851887550269,-0.24145195544992337,-0.026363684873580158,-0.06851817874773536,-0.3966903342203263,-0.5641644849077241,-0.3554598971942406,-0.6220040457132601,-0.41600005576251475,-0.7391097875846676,-0.8319201657657588,-0.856157819903333,-0.6825131739207679,-0.09005994699795261,-0.34229982991897806,-0.5318994378086059,-0.5722683311843386,-0.6228204437588826,-0.790864467236478,-0.9003192053798706,-0.9024986680930696,-0.7893661288710758,-0.8065871007588289,-0.6477467758319077,-0.15095657491782694,-0.4826037483750858,-0.6640657770467057,-0.3913422872855012,-0.5584452235493909,-0.21819874040292367,-0.3997887967438707,-0.706625289708782,-0.6402038560833885,-0.5225436080161754,-0.40165550753704465,-0.5863058528134468,-0.5431574665965277,-0.2189917883507246,-0.31068372940850286,-0.23314063954496436,-0.286091592442638,-0.5505365589930395,-0.7103418141205893,-0.572455602871303,-0.35426552128637984,-0.7642132892289659,-0.881860910106807,-0.8586110667937651,-0.7245669866308476,-0.7168644630076995,-0.48324825136442334,-0.519621232835151,-0.5996364727423469,-0.5910182430505354,-0.0783492937995389,0.03816534626367008,-0.42475646465150807,-0.2276646198820744,-0.3821101657227722
-0.6205817532408243,-0.39890133534702443,-0.015413961466843349,-0.3582946423801609,-0.013960564637522373,-0.3136259169906508,-0.30008094898901544,0.05661901309717502,-0.43018578485960907,-0.6184729606170271,-0.23693054713184442,0.09023342014993482,-0.37199045402888203,-0.617725899879397,-0.8052653041287604,-0.8812857940979526,-0.9004718116641341,-0.9306650837968322,-0.8592346384388345,-0.5496257611398909,-0.3861402958293468,-0.5804310023091178,-0.42410428415851054,-0.7689049786398344,-0.5706479644303701,0.3318921065214191,0.45131739777046226,0.03551126318986459,-0.6708494507477527,-0.8881316977127308,-0.768976900379435,-0.3666296094413693,-0.5377854177492807,-0.6123691937004163,-0.6535835572532896,-0.2754724852049673,-0.47149910114360605,-0.6383446667626939,-0.7556434505966757,-0.5389873510229126,-0.24932994264872174,-0.5127978533840573,-0.6232177605787013,-0.45311872898313205,-0.49862327971168924,-0.18270661194195645,-0.6921013064417391,-0.8997590387567784,-0.9700279097048649,-0.91037378962688,-0.6918226331351397,-0.5757875580977032,-0.5051732133464663,-0.5776138364254367,-0.6664648378410922,-0.6895898233586557,-0.2969529293985685,-0.45501850566106433,-0.478078464803122,-0.3271343204730044,-0.006199932369903379,-0.471707515888968,-0.37850386220042154,-0.7409191100110419,-0.737078024855483,-0.7321904017343561,-0.7080377884770849,-0.8605046369937077,-0.8049930317363196,-0.5149992552466237,-0.5369114956696501,-0.3809293442825566,-0.330811241574424,-0.07445393409005463,-0.582872113952808,-0.7142615285152408,-0.8199619705575911,-0.7188262527899258,-0.6580591853101109,-0.7039417431200372,-0.8609131058781188,-0.7587019415800914,-0.25408304010952515,0.23117295046720346,0.2651417655271386,0.2804503977583628,0.04868809692337115,-0.44344202240260666,-0.6728164383660856,-0.8432634704875406,-0.893578874797692,-0.9133655570548239,-0.6790483110348545,-0.004575051364470796,-0.11363120058438882,-0.6350528626647538,-0.6358661690911278,-0.5868090454646361,-0.47263103797377487,-0.21494843938690283,-0.4891769462157692,-0.11801077978742831,-0.3934042805469233,-0.1787238753359186,-0.5280590555694717,-0.6433546985635603,-0.27607796198753914,0.2167145801158968,0.19880426617682706,-0.052151324385398386,-0.595178206285836,-0.6669279489724157,-0.7501707399931886,-0.7553911519677682,-0.8971783884477628,-0.9288361531230527,-0.9266649836306122,-0.892307945334564,-0.7403974657955318,-0.3724419219241785,-0.7166187165417021,-0.8382272579598001,-0.7740838861224976,-0.45759757025511294,-0.5268947259026344,-0.7335783301095934,-0.7308189013748216,-0.7589660571529347
-0.72427236253681,-0.3173029590561041,-0.4810430886713743,-0.47139392489590104,0.13037190800572873,-0.12674613677739904,0.06250651365789454,-0.028742526275453286,-0.12077757322646032,-0.4704504634715231,0.07454912480161865,0.47226367679954623,0.27240517915627,-0.10640346735411157,-0.7323488855719781,-0.8774342061328023,-0.7587361657024326,-0.7463470454606927,-0.774466459711834,-0.43770616811304586,-0.0021492506224479284,-0.5420199658787834,-0.7344949262402691,-0.8745553221435984,-0.647239317292766,0.17587241724599992,0.3331367188270848,-0.07763802558689624,-0.4958561212583856,-0.8280914400650657,-0.8516483405829076,-0.5739191724278454,-0.085464019960201,0.008537736496557258,-0.5123192916669961,-0.5284046463836091,-0.4478935096141798,-0.3075258935326659,-0.6706883630110904,-0.6241383500527952,-0.5931695513370733,-0.5371978691403188,-0.42752239106068635,-0.22895689644227735,-0.6335377691723276,-0.6892617263052944,-0.8201024356162345,-0.8059438259187792,-0.8619257029132463,-0.7359872316522745,-0.23764031810150524,-0.13497152352593966,-0.4434345579607525,-0.5993685954015859,-0.40271656571830866,-0.697133094309591,-0.5062476592044654,-0.056257301250341736,-0.2954927194237638,-0.27634289788147776,-0.050274893787296784,-0.5826376778891895,-0.6785897467655992,-0.7104411856739873,-0.35232276014285313,-0.5038475561851545,-0.6228879591133731,-0.8252818991174627,-0.7333927210804062,-0.2796658962194452,-0.3587258483023868,-0.13651781096054857,-0.3951179372669193,-0.1505547592012614,-0.6739747492831939,-0.8481282811866715,-0.8686585230850157,-0.6834877248824012,-0.21819673567046302,-0.24364215620381705,-0.7262591299439785,-0.7022567472266582,-0.07429801148793064,0.2803515308307216,0.15072753025806795,0.2896265176566196,0.005049395786538628,0.023031096201562157,-0.07117315523270103,-0.4406006893500588,-0.6662758746815384,-0.8635425375095099,-0.7551302624448863,-0.4589462179356311,-0.579488145074339,-0.6999085053891243,-0.5071573347095056,-0.2722477262517804,-0.5262256887708037,-0.42873071475165425,-0.44801702036160196,0.09643255556165842,-0.2183801824153103,-0.23278112837228807,-0.21176156420009343,-0.518814190114092,-0.05000930092437313,0.16827958911442503,-0.27715685259221284,-0.5517651594424561,-0.6136315845113642,-0.2278384872558991,-0.6792806597685406,-0.8672136092236431,-0.8909743504681246,-0.7485890354558544,-0.7317558893778381,-0.8027373063705588,-0.666792293086175,-0.6520001656578616,-0.8010037602047799,-0.7552970834584778,-0.6384681755357934,-0.15479122754144245,-0.618141537093492,-0.8765059263675322,-0.9361097017206896,-0.9014779435508627
-0.8360891499231277,-0.7648314295498596,-0.7803259877646525,-0.6163476785590782,0.04208099751857412,0.11583952725537618,0.029494420137494638,0.18233905333835362,-0.4061665901472159,-0.6930078427885533,-0.4367728831901283,0.1307606593516055,-0.09559195924423239,-0.5169084625576268,-0.8288944454893789,-0.7400792920041236,-0.2312917250059129,-0.21294135089127628,-0.5050595746602247,0.00016173336319643826,0.2260744805226003,-0.5277583653270332,-0.8626950359309201,-0.939319494903689,-0.8117067034348197,-0.4102621651104658,-0.19335157159963468,0.2719923221158961,0.12276795683626597,-0.6363844090711481,-0.8918579347171692,-0.8134164578775294,-0.4951079566818462,-0.05274780657201367,-0.3430901858182901,-0.3297465159409678,-0.16939268584470515,-0.5261604603092259,-0.671305417682652,-0.3655186455217662,-0.4867154687772933,-0.059971915701640864,0.08289045256390609,-0.44001724523252383,-0.7973477270157582,-0.8539376780668162,-0.793776929312592,-0.3987318019209606,-0.5160523940071421,-0.5700905669449468,-0.5661807864486645,-0.49376295843649226,-0.3051202629034426,-0.6580408184250535,-0.7173567537811633,-0.8066955411485945,-0.6221603603878011,0.01976768114580887,0.10238816391017198,-0.015569308017154995,-0.43127509948889053,-0.7274586891833965,-0.7172498303059864,-0.7435578474132553,-0.5343774809674825,-0.14564455647488894,-0.20889005372542324,-0.667960525124726,-0.6216295314347788,-0.4927205932186307,-0.16645674383278142,-0.31558063696211014,-0.6313118533760844,-0.690683483609556,-0.8146469811863635,-0.7296487697147628,-0.6393769169810152,-0.5565177038383906,-0.577043261466124,-0.6827551675366835,-0.8850520777909829,-0.8813723005285223,-0.5413049061033379,-0.08273381973259532,0.2507560056659695,-0.06606095523688113,-0.015058684977349138,-0.30319680999294574,-0.10238013041014463,0.19985896382115825,-0.09076353418817822,-0.6280228361287831,-0.5554904546057334,-0.2706716927482798,-0.562204205021341,-0.43522514923747896,-0.038872210767646596,-0.3627266658865616,-0.34639068022117603,0.02734059875320987,-0.27152445852546175,0.19209046388799694,0.19491922273738163,0.04096553994002601,-0.46727146976651807,-0.7427771113413938,-0.5873903475660766,-0.36236530025515307,-0.5081595349796114,-0.738514098494828,-0.6741187813126159,-0.2367738771599701,-0.6991863072765131,-0.8836578925619872,-0.7691265541631735,-0.2693613127223243,-0.2114509091604159,-0.48480620547181047,-0.08414195272261682,-0.3828526108684452,-0.617023641712161,-0.3773360876585792,-0.5296276848504917,-0.18391232710017533,-0.6926683582190986,-0.9323852940814147,-0.9518431911202144,-0.8506977488117804
-0.7400995189553873,-0.8289360684123055,-0.7687942186292737,-0.7624199730526597,-0.5906687990251408,-0.40712864993164544,0.045037790863843026,0.07252519213090096,-0.5998763612409976,-0.877075111308166,-0.7974488194632416,-0.430654717252984,-0.046543944879867134,-0.6117149161002333,-0.8002806807140073,-0.6335250111238556,-0.44650759631858583,-0.5929341742671154,-0.7193716842676533,-0.46117100998860744,-0.06666296554942766,-0.6228687960410138,-0.8496881915647533,-0.7657688905415297,-0.6946870606588182,-0.2993410305109672,-0.3480197585344765,0.16930476297478225,0.09329796164262165,-0.6554264900860202,-0.9301858242933352,-0.9293547352006336,-0.8044880630998092,-0.49975634383744605,-0.021652036227606263,0.11539322101557482,-0.4081878041708833,-0.7620032760992443,-0.8638971582791171,-0.71585446652779,-0.5482293583643554,-0.3700223708292191,-0.0770610138234811,-0.6302377916924873,-0.8414939075478369,-0.7763259336811957,-0.7990599878897277,-0.4709793067072398,0.09584220745072894,-0.07994048763959649,-0.6308242671815857,-0.757854384819376,-0.6896399556823535,-0.5953798427411139,-0.553149502484284,-0.6565840884537818,-0.7626055937643373,-0.6279050862399855,-0.585104102981668,-0.5811953738251217,-0.6108061790612456,-0.681128524554785,-0.35788540936588004,-0.5836143309804186,-0.718314331357641,-0.6569370743008214,-0.6458175736127529,-0.6248921486268151,-0.17023936567674192,-0.48214272235483635,-0.3689473293979824,-0.0649850689984288,-0.6424927014746875,-0.8417604957187349,-0.7733628106903075,-0.22941811547752267,0.06245808457623971,0.06207281569373109,-0.5633083649655821,-0.8215181104542741,-0.9556616853660682,-0.8884304052349893,-0.44476218196823697,0.23927025903438015,0.28385140912534995,-0.18226902268341,-0.33433148588602685,-0.3941953625378219,0.2021683146898875,0.21753778849608674,-0.37950871083395327,-0.6017573029520932,-0.31908047120563077,-0.4916655641053849,-0.42600369481483463,-0.02633396398800912,0.06282769540517472,-0.3545430852657004,0.03627756826400794,0.3377148881175801,-0.12418253611054936,-0.11703372894654022,-0.15272978225616915,-0.2591662081958359,-0.5440257082484671,-0.8001274514181886,-0.6599372026116671,-0.1565689226967067,-0.20142476744100493,-0.7199355948817706,-0.8296626454474358,-0.7424402083701189,-0.884010039557416,-0.9489364566821725,-0.869796319944152,-0.6989715978707294,-0.6233882705012572,-0.5440945486613252,0.08456960992216454,0.10691072172301645,-0.5495180759446968,-0.7090662102219972,-0.7637313345714704,-0.676386933276777,-0.8381278282618345,-0.9375974308792819,-0.828778011174217,-0.4964641155919234
-0.6180068015741798,-0.6365508570593043,-0.33957110108582056,-0.5924034245515419,-0.7864378156336769,-0.7867363532120853,-0.6143260800492577,-0.6298041445386705,-0.8663532147029511,-0.9785742343167745,-0.9091574518217667,-0.6601014953528097,-0.15991797121579612,-0.5533107615427622,-0.5079368287799368,-0.08831523690744161,-0.09384822531645025,-0.658467983249118,-0.8824714615289115,-0.8260032391491043,-0.6223474057165119,-0.6087195533387644,-0.5896713532981489,-0.13974967095676388,-0.4065655556642416,-0.5028436468313283,-0.5078214965432394,-0.5027339872844313,-0.5828568698917058,-0.8208839943362534,-0.8831203190544406,-0.813703219036732,-0.8492649151064302,-0.7732731263971564,-0.48327853769902285,-0.09636342408255795,-0.5883868016024812,-0.8792307342572089,-0.9323952193961863,-0.7165192686900175,-0.1878426308815926,-0.5038804773328629,-0.6269712301086718,-0.7925411900038338,-0.6886711938434339,-0.22000982710849684,-0.5384375284854418,-0.2964152172550615,0.2339022907162568,-0.33635994999787294,-0.6961014453804277,-0.7152423015010209,-0.5773265323805674,0.14637795345498972,0.33576019307630606,-0.037996542135646134,-0.6945082139001114,-0.8753683052733314,-0.8726891790138912,-0.7168873339341272,-0.40409349518277954,-0.6803018575611987,-0.5484453382331805,-0.34272088301326137,-0.7110035008919322,-0.7732739817231494,-0.6731085371861649,-0.5148132858204806,0.09424466848039048,-0.21472962228630285,-0.25545543947142885,-0.07590972400128507,-0.6828701156152918,-0.8980502575482032,-0.8876152212667323,-0.5791407711581091,-0.2077028044665246,0.046067673547897,-0.5151378271074508,-0.7149596549401113,-0.8929927425199996,-0.7658549025976252,-0.10771675446723616,0.16906386794610898,-0.12935275832973195,-0.00853169284102271,-0.1004921149707062,-0.4237135181247561,-0.03535186718150575,-0.371703792061605,-0.661665260090742,-0.6310335529195689,-0.6135022535798101,-0.6310145279572211,-0.2904513355514775,-0.4489284244165378,-0.5807394919755793,-0.7095719212668347,-0.3567474327316278,0.3986823168270222,0.3878124723381275,0.45493169523010996,0.2969207533980111,0.13305243537187547,-0.15780789002856538,-0.6768835076405697,-0.6645229412125863,-0.6166919713757569,-0.68685610973635,-0.8794323163234792,-0.9488260412583445,-0.9354665227565362,-0.9391963726847478,-0.9163340288715754,-0.791195917937803,-0.7854681182854422,-0.7044150601032978,-0.7230629275385438,-0.4286080220849836,-0.06109005911227054,-0.5959241978977204,-0.7542206180146112,-0.6659529268477904,-0.5979890069442051,-0.6814062526176802,-0.81652012655936,-0.7110656477404279,-0.627064202940475
-0.07916360372351183,-0.3771475972211756,-0.43482951001058995,-0.28723200530726706,-0.7455291094555442,-0.8452822220746231,-0.7376351634704955,-0.8335651683077986,-0.9208124904018178,-0.9318275553957636,-0.8090969640270428,-0.7338568620414462,-0.43642838591295835,-0.4011198360618532,-0.10948477283985233,-0.15847353941683331,-0.32642928019262885,-0.7274555102530201,-0.9355987391977114,-0.8783928917320832,-0.5066442071419334,-0.014277383487841052,-0.15882086381366478,0.21968486601416456,0.25016678593880803,-0.07713755451014866,0.009091833462970718,-0.4835667274215887,-0.5829079580108775,-0.5940300252213448,-0.4897245664111854,-0.2655496440870561,-0.5947247101004447,-0.8201027589471898,-0.8098485707458608,-0.6492098591045096,-0.6547826232251037,-0.87409013089912,-0.9366770200028413,-0.731885706634036,-0.168404671221976,-0.47788297751465725,-0.7111284391226929,-0.6472600539131378,-0.3674731475379633,0.2191350902008193,-0.0704361994190604,0.1961709253168055,0.33525747321078897,-0.37201887704912956,-0.5000844033402307,-0.27708627507917416,-0.3566800410288004,0.43351073213323355,0.5077089110701489,-0.2802257818348458,-0.7648794640506523,-0.9159948612956552,-0.8967926610426311,-0.7389465986724358,-0.7163917887906854,-0.7479906464300405,-0.6035426240226118,-0.6020396359860887,-0.5908199696622448,-0.4719520379471168,-0.18658239376983493,-0.22493960214966252,0.28218858278830583,0.3708823657257642,0.1252073053405917,-0.39888390955984937,-0.7609425836890477,-0.8076420253743802,-0.8232922410298439,-0.48377726384139064,-0.01945889551877796,-0.14558895684139664,-0.34057096951952637,-0.318758851722896,-0.7853192178260942,-0.8025309653102161,-0.5054825526426103,-0.5216478917108848,-0.6713955547544994,-0.6568638366060428,-0.6957434792034057,-0.7792023433229008,-0.6465190481814602,-0.6136255834988188,-0.6013167628715124,-0.13650440590886845,-0.4624436884552045,-0.7214972153777086,-0.631608769241129,-0.5967364042175405,-0.8016628708307433,-0.8785264886832341,-0.5809960605080866,0.20273209510700108,0.06478007121068606,0.33128411019467263,-0.2357793377319302,-0.5124047088735216,-0.6194135841016079,-0.6672373872992522,-0.4046159305464359,-0.7255345334544288,-0.8493329853965391,-0.9553621556178092,-0.9871162486702224,-0.9349767270084806,-0.789880040004375,-0.6972489185124218,-0.35038922411253126,-0.5801236806529823,-0.36522783861132746,-0.7318650272455249,-0.7095390700224047,-0.44820558518056736,-0.494374881234293,-0.4429014106593304,-0.09137557964322451,-0.002334566400556574,-0.12056071227428507,-0.5326505067203742,-0.294728857183611,-0.403878346055905
0.0006188203365059765,-0.08281498755279201,-0.5035051467108124,-0.5199403082153755,-0.7719141310555978,-0.7688887684248138,-0.4426143676348879,-0.7290115803283383,-0.7427941488628627,-0.7373519163187184,-0.41148497463921874,-0.5570243775788141,-0.1366353698579234,-0.06180180388601008,-0.16359378479438916,0.22625076026376073,0.06720674371881488,-0.47717004305304367,-0.8278760037333112,-0.7498717860592383,-0.09938308749805565,0.22174552267118391,0.09426763748910431,-0.10713204346114365,0.33300975970387386,0.4417956283686502,0.2791004174570823,-0.19566203167255325,-0.027003181442561447,0.12347275366252955,0.17506215151782611,-0.24375939102260347,-0.2700693252545558,-0.7407302700086237,-0.8743361511116022,-0.6758727881037772,-0.19621821460530697,-0.7058925151631986,-0.9155602281588621,-0.8201471428557924,-0.5125143903265462,-0.27102745885416074,-0.5519937115343931,-0.14210424559177642,0.24105257604721145,0.6123973110256723,0.43365333143645174,-0.034068118464014634,0.06687680526536512,-0.4183532915874374,-0.18478467676409674,-0.3437255204904168,-0.40648854086067504,0.21803545660089194,0.23266261196256582,-0.42028013735759795,-0.6198172553728515,-0.6898699808996926,-0.7160186487996429,-0.4142865639761329,-0.6522806073283705,-0.47779503134893275,-0.07505885434406893,-0.36388150134913133,-0.03581864134733648,0.11231498443170254,-0.23407790167422546,-0.09535950596411248,-0.17609146766663425,0.17428574173641878,-0.12470204300738244,-0.42444539300671164,-0.6481912424806296,-0.38982918916382125,-0.5287789606285358,0.04656818461052659,0.005561873245167797,0.12898914376721757,-0.005901421749487332,-0.5053474751036015,-0.819921524179957,-0.7476259191222178,-0.3802806588845471,-0.721967613022458,-0.8931621387490934,-0.9310980834272843,-0.9366593923772959,-0.9061184139245805,-0.7521803919457535,-0.3542209691421343,-0.47619815766680557,0.005121304906156156,-0.12748360664105365,-0.5993053938435197,-0.4395337922044751,-0.11591552628561622,-0.685961738572675,-0.8897265297218341,-0.7068334159698726,-0.04080805242220932,-0.10607931779078106,0.08619105012071944,-0.5539266209163607,-0.7693587503187902,-0.6687476693460856,-0.6361705236799007,-0.686545420295698,-0.7770281074198955,-0.774639874445523,-0.9095782759220506,-0.9272871786055441,-0.8079057527637643,-0.3694155197257071,-0.4515519853746889,-0.44118689039476755,-0.627864071043699,-0.5628061585137429,-0.7500651107830381,-0.693961935154182,-0.15588325331417344,-0.0076457063842814,-0.07611498629088216,-0.3983658162923997,-0.47050623357256005,-0.4240164718773253,-0.6495341755418359,-0.6374666111041528,-0.4964571789796257
-0.5705618509564084,-0.6214029256843407,-0.6541443391538043,-0.3696689352275412,-0.7567039493265285,-0.8625820058659014,-0.7640319415090226,-0.695337923621015,-0.402737985194411,-0.7186761260961791,-0.7421074852322089,-0.7708420225406332,-0.6656557051847665,-0.5681116334484144,-0.33862446723257766,0.11283991788597565,-0.11459694977920969,-0.05700834360326765,-0.6783736157826795,-0.7793176357356726,-0.48062156796960126,-0.4445177413310684,-0.5621266859282071,-0.553833853513395,-0.16682528416436998,0.1900921246580808,-0.17017656274347687,-0.1456683303975127,-0.361599631708294,-0.16589010404761664,0.038800248116847916,-0.49202518858089267,-0.5968706177332833,-0.7107537406018505,-0.8439058990428028,-0.6309563232797204,-0.040682428107249674,-0.6226596371358878,-0.8401131605709152,-0.6981286932838412,-0.5776416326351037,-0.6473958150610095,-0.7779598850231558,-0.5757371894160062,-0.12550505964936667,0.4093667193840179,0.2599614620369153,-0.43585442786062434,-0.6196402870123392,-0.6939047879674587,-0.3944897657397905,-0.2085543365624256,-0.5995766749405145,-0.5523121444359889,-0.4946704231750902,-0.427235641300856,-0.13083937503640258,-0.20356098948403498,-0.6640228424740734,-0.7208459251591719,-0.6587725387704207,-0.09613195900916441,0.09613233648101314,-0.2951470971704581,-0.32210489077687554,-0.05574715069703332,-0.5321426248856004,-0.6273098226851272,-0.6027474539078244,-0.20428346304685807,0.12588827412565134,0.07118646786872458,-0.5081886072382619,-0.4726617619402283,-0.4274210856556053,0.2577013418141431,0.1419884278832876,-0.27554792415420126,-0.31402714713676927,-0.5533372654349769,-0.7733269395245844,-0.68354456454199,-0.7010897402815552,-0.8522911422501023,-0.964846608574822,-0.9948779815706701,-0.9479491738355003,-0.8049369442219558,-0.7375092307846361,-0.555029129185331,-0.6604137187310504,-0.5946150929000239,-0.6148446801053024,-0.6281499778587476,-0.11664047353140258,-0.015868546353068832,-0.6576815697763743,-0.8921542918123735,-0.8525277030242603,-0.5063979440270425,-0.11462479174932798,-0.3131443396777881,-0.7187458514561855,-0.7485694699251074,-0.26635379904477396,-0.1969354224319756,-0.5950857478901082,-0.5444837256233509,-0.3108062958265504,-0.6677892657337388,-0.734986656351917,-0.7933891025673852,-0.5467869252843467,-0.08561675846944762,-0.08275778047154243,-0.45128746916517776,-0.2436031773502514,-0.5736185353417602,-0.7583348398506699,-0.6404602447350668,-0.608116648566139,-0.602320883136726,-0.5559884563585501,-0.47767405369572197,-0.05026848417645915,-0.4509748672221576,-0.6694563397725237,-0.6313316286277859
-0.6775977185572075,-0.8528715685523196,-0.8749784021636878,-0.7940284569165731,-0.9055748049062002,-0.9592159204900732,-0.8655216444538159,-0.67294609950219,-0.6906967170209142,-0.8592830865241924,-0.8561123924165949,-0.7445288546095503,-0.8136421480287968,-0.7052660749560443,-0.19295959644288802,-0.1687403176178418,-0.19719165423052687,-0.06551236768744456,-0.6657213765395009,-0.7369057636922078,-0.3121898159121504,-0.5147942448999234,-0.694222072091453,-0.520161064020151,-0.05612756565635805,-0.2053518051303702,-0.5804336773746567,-0.6511222982631398,-0.6296073849900425,-0.25473573012681144,-0.5055905860772764,-0.6569064284021643,-0.4900062423904243,-0.32858412013168375,-0.7395249757096537,-0.6587942616060266,-0.1440591728299667,-0.6038586870160093,-0.6908786555002274,-0.24013170241546966,-0.20903534833873227,-0.6960538857082067,-0.8815133190922491,-0.7276484457775872,-0.16418388609878182,-0.17578844312177117,-0.46277609190407154,-0.7983118243276784,-0.8679614326413395,-0.7645909279985013,-0.3353284114769381,-0.5781118981527186,-0.7977321703725058,-0.8432267188915556,-0.7156338829635127,-0.3230137686481206,-0.5120325393474849,-0.6562540093042045,-0.8656639951757743,-0.9137587084067698,-0.780789741849022,-0.44993283406837403,-0.3634111349402545,-0.22643112046950115,-0.5980806431351409,-0.665984982118426,-0.7911906639358856,-0.7207953516889314,-0.601886038377314,-0.023680964753130394,-0.17362929280992476,0.016082665255948266,-0.38344077769341095,-0.05157078782910207,-0.3365188281007025,0.03091077661572911,-0.3734926858834823,-0.4192103848770003,0.10038005754517594,-0.05931658850667064,-0.4275293212606986,-0.1252968126723151,-0.5642244402900265,-0.6922945956648656,-0.8938368890958588,-0.957650787406051,-0.8286832232873373,-0.36443714972288044,-0.39455105119324196,-0.17884048532761831,-0.5074950082958386,-0.6692098825437026,-0.6790464366082968,-0.7711977018112282,-0.6605588380113083,-0.6434707357440479,-0.8057652873375852,-0.7925645679748358,-0.7886932684090312,-0.61272592684632,-0.4676021209385976,-0.24134945633562505,-0.7128071227366806,-0.8406121252993932,-0.6240588969250659,-0.4848446510531229,-0.5763320618246195,-0.1875566353406444,-0.2610760203955622,-0.3749876956384481,-0.3015324642927272,-0.7299595648484024,-0.7251912757127689,-0.4714487312436241,-0.498491106564322,-0.5282580124042296,-0.48331321039514025,-0.3219865898359618,-0.6523215780966117,-0.6448682983513117,-0.7290362326360014,-0.5978048667416708,-0.07039015828607009,-0.17150730541311215,0.1630555172751168,0.04976941436797608,-0.29436439609574827,-0.27052816372307664
-0.7426563358118256,-0.9330643560871388,-0.9673413584227041,-0.9167101392860396,-0.9382317580101436,-0.9378243904290773,-0.7049625761468988,-0.21621351491045823,-0.6579313956336291,-0.8298747007043978,-0.6802069319690739,-0.2529382145878769,-0.6957359472606801,-0.7133894540386454,-0.35035919877028504,0.02959500176936155,0.0062591349403675785,-0.4380736165419399,-0.7747385109551898,-0.810017170997848,-0.5970060182541028,-0.32518771817828146,-0.5782498169281833,-0.19702588901682525,-0.09601679183961544,0.07370746792864401,-0.5027243890770483,-0.6397490404923747,-0.7887993076820143,-0.7577949664433111,-0.7592886135211488,-0.49526641838666796,-0.04371018055698334,-0.45844712151111705,-0.7962462106321672,-0.7539329956024747,-0.466171111040502,-0.5918509831412238,-0.7618760352396612,-0.6899720803800286,-0.6989705704509191,-0.8572541001477149,-0.9489054452388829,-0.8530686967593143,-0.5703199749710293,-0.2659713231510164,-0.7033004388422553,-0.8738365388399615,-0.7798385444488951,-0.8043442698076665,-0.747731943584667,-0.7943672413175957,-0.7775082969366973,-0.8895105747358155,-0.8923160160380635,-0.7815536361070059,-0.8058701100159956,-0.8624579991007018,-0.9571451170930185,-0.9021461453775207,-0.5809772324659199,-0.2170339761992837,-0.5812602088182057,-0.7054015604046606,-0.8740817252600653,-0.8978670436665545,-0.787565000477049,-0.40762069604952245,-0.5044028420494814,-0.13113179075632056,-0.4647116598877998,-0.3802228532407287,-0.4298737669477059,0.04038459961907369,-0.42685825372595176,-0.4360472496343981,-0.5759248032238004,-0.31402707835045557,0.1899650783407777,-0.251412414243873,-0.2672202475574735,0.15123919107964812,-0.2706705604834674,-0.11921409503110542,-0.6680006607522212,-0.9062193819874792,-0.8781265333802517,-0.6039921715099016,-0.22286155255470735,-0.3540262238562511,-0.1720239525560582,-0.3671979000476158,-0.29535018532952545,-0.7488680657599948,-0.8694851101926168,-0.8509481182258501,-0.7710731671611314,-0.3590375729833792,-0.4347224612416198,-0.2587489956959566,-0.5162164244633061,-0.44346914996220554,-0.6274529620617795,-0.7514828754634904,-0.5080622862704213,-0.25181746993324056,-0.5495130848654072,-0.28817211416194666,0.03879522669691101,-0.04113643259840628,-0.49194157835374097,-0.7922020690482183,-0.744241850101096,-0.337777881946717,-0.5275425875036549,-0.32627547487310393,-0.6443642819865947,-0.6229831295940326,-0.44071134576591864,-0.04306316170206639,-0.35376873662778785,-0.3188354067881135,0.1191727318599044,0.0420704011334196,-0.24739902823180837,-0.12508673678007887,0.13042332983858446,-0.29880430086512827
-0.6804877940361305,-0.9235351795618882,-0.922191834800148,-0.7514095251444854,-0.7344093977726521,-0.7825328757557088,-0.519013832374003,-0.14252553510936353,-0.6118567027450574,-0.6143770300315413,-0.3993319020824075,-0.10855551670303114,-0.5789537932649353,-0.4960344561000319,-0.17476186579861594,-0.33830149256842806,-0.3326106697449752,-0.4716122132909413,-0.5917595364011277,-0.6691517122098749,-0.761738620493623,-0.752114581272359,-0.799216907449634,-0.5353882943592759,0.004309769681604889,0.1897539077895629,-0.16466220248534577,-0.0687908197962551,-0.6401500888322267,-0.8513220737985339,-0.7461368559978323,-0.15663294282279266,0.07185869384186705,-0.3982834924691971,-0.6738396806302298,-0.5047058034681012,-0.06284324535038108,-0.1624923019293794,-0.6852657670686443,-0.8582860004876101,-0.8568465954469502,-0.7581565844890998,-0.8065988408548386,-0.7521031157052209,-0.780515744639461,-0.7643609360759607,-0.8779173403375199,-0.7102136497993147,-0.15443642545865738,-0.4963913301349375,-0.7632424628856613,-0.7594151089102209,-0.4613098711979297,-0.8100434648177448,-0.8965100971245644,-0.8240557507136824,-0.6960789908649296,-0.7152968913058332,-0.8305659822538032,-0.6647310576689288,-0.06380161202046282,-0.2777132176944933,-0.7077595712736156,-0.8976925324832336,-0.9495507997135222,-0.8866459805726541,-0.7354352331770634,-0.6506984529615073,-0.6129190903034036,-0.6072487576865917,-0.5443046411114713,-0.057855157216225216,-0.36331192550340163,-0.07056205937171099,-0.4632767338219434,-0.22042641185250106,-0.2619969848851349,0.2168228915923085,0.21037756612013378,-0.3113754500633213,-0.020946359256192763,0.17675655448906846,-0.12746653988248688,0.03329681520340901,-0.4850197880896211,-0.8355734535717294,-0.9056068435155221,-0.8473015070588429,-0.7400056355434479,-0.7317084682193887,-0.5478417001774525,-0.2624778583148022,-0.5796478306845428,-0.8260237542301488,-0.8827115605340783,-0.7898514595152725,-0.8002729265596985,-0.5754513244611795,-0.22158810007676588,-0.43945727858782463,-0.395398811104457,-0.07331418046824852,-0.14854565625998925,-0.43253346673456966,-0.07292849830163817,-0.4488763037020028,-0.6051712618112594,-0.24956715979225425,-0.4487683959878035,-0.5385234353325237,-0.6351308019672145,-0.8452668096614354,-0.8844072801376048,-0.7686352917619927,-0.7747281711866139,-0.748655766414198,-0.837523390972616,-0.689093389462471,-0.09913676910244663,0.22353639973964506,0.1479431825807912,-0.0049686367558660245,-0.3788657608713312,-0.5577909841576867,-0.5518530591299334,-0.01539299860538252,0.2147523434727447,-0.07711899097392698
-0.865648543353132,-0.9502301517638978,-0.7905050397364819,-0.2454561725641637,-0.20722004284589304,-0.5114605887898299,-0.22226336371300767,-0.45799729004289025,-0.6018222953422432,-0.12376366041878736,0.08248657360653866,-0.3640002957335673,-0.535671932215851,-0.08753794310321193,-0.3627288610932232,-0.3367456186155415,0.0276605990471705,0.0790960599678417,0.02015014411532399,-0.17615396150503837,-0.6904770719098425,-0.8910086163311625,-0.9457505108927838,-0.820057739295944,-0.5523051735587093,-0.1919464642750618,0.13798138265943408,0.12836803843353736,-0.4667616817418461,-0.8272479837617663,-0.8484934556077259,-0.6493045557955697,-0.45236037523848777,-0.19134065997303823,-0.36333821138182576,-0.11755627461365732,-0.25006996287994937,-0.4485791453119482,-0.6545521613995445,-0.8470452074288057,-0.7225469973499847,-0.15872750644477018,-0.3308276269823874,-0.23651625058993567,-0.693886838739713,-0.8931190496805161,-0.8672400724451264,-0.40375174332847746,0.32074030236888595,0.05337208053035403,-0.6503680826193379,-0.8488280283041242,-0.8029615555598655,-0.8448560618985181,-0.6910100621321124,-0.48885107142933854,-0.1280130454766347,-0.13905247576175075,-0.4458232796284637,-0.34521025130419314,0.13206871521253583,-0.045371637704404534,-0.6880401535576982,-0.8474489585187812,-0.7121912674311375,-0.527142592339726,-0.28954342637399505,-0.546620757121695,-0.33007987155383145,-0.6089208802043539,-0.3887648267539832,0.09374974225375099,-0.465974170835497,-0.5957795626515253,-0.7511741418641791,-0.5468898519042041,-0.01511479889028491,0.17359387958201508,-0.3064260261234287,-0.6475891561250179,-0.6087251854634161,-0.41012288312981077,-0.12463116023082821,-0.27301994811963726,-0.2542048892031202,-0.7075263399708586,-0.7682300802658267,-0.8630702009912471,-0.9161526076206399,-0.9086307839137268,-0.8530271861386849,-0.722047453567304,-0.7487188166359757,-0.7263373777030792,-0.7260312237040702,-0.4406059877886965,-0.7598197413718377,-0.7451763488311153,-0.5232563994705819,-0.554961141979825,-0.26225615697148624,-0.481153463559849,-0.5358529782839537,-0.3919338519157972,-0.04822671514517533,-0.5924050491460884,-0.8036548449972675,-0.7614051656840692,-0.7961340868566839,-0.6806185767922436,-0.4011222393404587,-0.7926586379105581,-0.9281661647088878,-0.874349102526448,-0.7683915610903355,-0.8582489718007383,-0.9364943419608524,-0.8908630136155036,-0.6747059279482476,-0.5160287872353542,-0.5404230676942365,-0.6389000604140745,-0.8066152213976621,-0.8965704694117139,-0.8696793477945444,-0.674540287035062,-0.5814732987348271,-0.6911336706865535
-0.9642503435042014,-0.9541408041876955,-0.802391269139047,-0.5206126166859698,-0.5379975340944284,-0.46751553070205476,-0.33976291357033556,-0.5176806691772339,-0.7035989540033067,-0.460691094300376,-0.0948941639462835,-0.5432880798114484,-0.5383658557721805,0.05136571450278552,-0.3362267038002115,-0.09799237126780692,-0.242974693113918,-0.4461467600927575,-0.5610122882277497,-0.6094426063280884,-0.6637736424055337,-0.8398013274491953,-0.8996035787414874,-0.7771965617094675,-0.6408092380034792,-0.11763958832809814,-0.1819594595424149,-0.29106596477794433,-0.23983277460395658,-0.7013077255480396,-0.7537608559427273,-0.7967434644746716,-0.7643412998607181,-0.5644363621019495,-0.22275791379313076,-0.30662148524586486,-0.08504969249949025,-0.29766776529929717,-0.24448182752981357,-0.6856938502046881,-0.6391312878772692,-0.017778113225914455,0.05299235260235269,-0.1937314440096005,-0.5478904653614414,-0.8307524359794568,-0.6823039088273359,0.16406056750992393,0.5250033865549051,-0.07224616166353191,-0.6997034080910768,-0.9269044732353885,-0.9278741551660219,-0.77285345954598,-0.2418685005726601,-0.12799450618540698,-0.4106275953651163,-0.3947625904577125,-0.09228756979015808,-0.07277584884758928,-0.39011370827621605,-0.607599699961931,-0.7475179174103542,-0.5248812519504653,-0.025275656803537265,0.10063013026973372,-0.3915481992842171,-0.6460579929861856,-0.5131356961382676,-0.5590807894756905,-0.08579891670444947,0.05127306923576345,-0.5305720749504629,-0.6846817347383843,-0.8516011415378156,-0.7341494162502896,-0.3810127290957684,-0.24873953516735745,-0.42660485038316864,-0.6308548626135545,-0.7455248861492015,-0.5993299137881425,-0.5542298417784832,-0.5454831943837283,-0.6311988718736158,-0.6673573219662845,-0.3187555003637632,-0.572313936940139,-0.787424204937198,-0.7649912177887526,-0.8083633734985223,-0.6093422302405475,-0.49139251964298625,-0.31189112129028074,-0.6912453390525432,-0.7569300584756138,-0.8698552374542973,-0.7633955059870235,-0.34949564177630604,-0.6606107988258305,-0.7139796429860648,-0.8007501041053392,-0.6979293118272111,-0.22705017666005708,-0.34183631042062507,-0.7284042958696025,-0.8918158839608112,-0.9303869499934797,-0.8880889501783117,-0.7240501880540126,-0.7116912458251432,-0.8543910487437224,-0.9250788990942391,-0.81043623145579,-0.45563338855072877,-0.8033796871764041,-0.9550484321916172,-0.936183419154157,-0.8163037664656154,-0.693278703534585,-0.81452099447318,-0.8979579900190949,-0.9452735525902343,-0.9820264377617649,-0.9558462897343901,-0.9242828185358427,-0.9156409865916939,-0.9366786706986046
-0.8234719553502077,-0.6850823842881353,-0.47162629327217975,-0.18225850445472586,-0.37107102911306833,0.2122169026824841,0.35996475032293707,0.016994048731065168,-0.5878117181656686,-0.601705314210983,-0.572530986985873,-0.5777389158466625,-0.47227223068329255,0.079686061450331,-0.3825990172913161,-0.28366330023007985,-0.16697253452012878,-0.660690587620897,-0.8098830766009112,-0.628254791699116,-0.14056040975033507,-0.48669154028600103,-0.6744954595715003,-0.4229489728375429,-0.6109038088478418,-0.3305114199086057,-0.13232485383690332,-0.5048323765099567,-0.4891319826403938,-0.5989773965621897,-0.3331478025332652,-0.6046802213976274,-0.8239028361899575,-0.8359852339639162,-0.6710949633494048,-0.5099133944475533,-0.4221501846144276,-0.12719040975674645,-0.27098771479483663,-0.5589417073081455,-0.7461257118359624,-0.5944398622557279,-0.3440927879848391,0.14871021141439372,-0.0833413347827708,-0.6575618209907231,-0.618510887156861,0.14392653327245344,0.4353163073475195,0.10797386816080042,-0.6310014535599423,-0.8986082920409111,-0.9637606175062637,-0.9029601137553424,-0.7157237489049363,-0.6435300107360402,-0.6725988767065401,-0.5538843555167792,-0.5430243062205308,-0.6321468807939192,-0.7696589830760271,-0.793456488737248,-0.523389428191491,0.06307053399385579,0.07629837068896322,0.17964872050166805,-0.33871276099991005,-0.5249461039312663,-0.15745160027640848,-0.5803689064423055,-0.6085919107195072,-0.6048279393285695,-0.6762237203381845,-0.4335865394401332,-0.7152031609226113,-0.5250078926084559,-0.030173181075024466,0.12465071171507675,0.06845042259786052,-0.10719975220528781,-0.4722227491239259,-0.1403578836008761,-0.46331073311223997,-0.33307554186274313,-0.6672062239836409,-0.5559700922706206,-0.20924784229214413,0.067886939640734,-0.34150064900231814,-0.1252004056251623,-0.40015885963448905,0.09117467132109196,-0.007716749563892849,-0.5079388921152335,-0.8210474231681355,-0.8889406879726057,-0.9070178992984195,-0.8258724860601091,-0.5985673694547595,-0.760892517436453,-0.8844846943701343,-0.9472834376214311,-0.8659176802366064,-0.5596183441481949,-0.2760542797737345,-0.6884553511192845,-0.7658944636709888,-0.8505570560924096,-0.7824655682348828,-0.43278367535942786,-0.6849472180716025,-0.7132797063625047,-0.8742582533732637,-0.8902212039388552,-0.7773194326222678,-0.9003325492914857,-0.9079343736203116,-0.6898234605047323,-0.5178130016604876,-0.33253417379654876,-0.7662040494451855,-0.8546227571133511,-0.8088045841582655,-0.8635790830008058,-0.8140890711081364,-0.9174047203397476,-0.9305696119677654,-0.8292722036927328
-0.3759833814197367,0.00887053554415704,0.20898261455740355,-0.1517545606037019,-0.2780055671397834,0.38063764203725675,0.3818107455479035,-0.1538543992728612,-0.5528485821391735,-0.3383109077215185,-0.45451343951252293,-0.03890381920130094,-0.18072143137613927,0.07547454865354947,-0.39190337546702403,-0.21777107149239067,-0.5656680049722893,-0.8552552478925016,-0.8551921648409502,-0.5036239592369184,0.06081425374696967,-0.04720832253606148,-0.5837508147059042,-0.6937437936391799,-0.6765794249311635,-0.28082665029811915,-0.525694683809761,-0.6245694704264655,-0.24998480551631128,-0.4400804912330159,-0.4272395120412365,-0.310312386713114,-0.7723558388820776,-0.89584217268494,-0.6969008111510019,-0.20213829349767273,-0.5249939992118815,-0.3343667942853907,0.174670981480592,-0.06417397225554097,-0.6633976503414717,-0.8079657371164113,-0.6143244002213641,-0.05697017102397206,-0.40798706716756333,-0.6375792506660886,-0.7302149703935441,-0.5025810190744857,-0.22495502031225764,-0.22109718124586938,-0.48557422978762044,-0.6885820808537533,-0.8987627148307569,-0.9524194270666921,-0.8645580107318541,-0.6319991157500574,-0.3779807690783837,0.01471714748790009,-0.36237020430807576,-0.678380013038972,-0.725422358644128,-0.6898912753435535,-0.12002262263296677,0.3017078875677925,0.3522330786731541,-0.11151621372907768,-0.16280158730773556,-0.4868546921264795,-0.18381334432226554,-0.651642285485003,-0.8483832737096332,-0.8968399760708643,-0.8652689341768166,-0.77246397574682,-0.7256638158713478,-0.3311254739625008,-0.4764930380502267,-0.5269231017898153,-0.5146456451854456,-0.45142385366391713,-0.536546328291534,-0.17934501233989816,-0.5865447343583824,-0.6948312026453679,-0.6471162359866286,-0.028926817332015235,0.4296930068065666,0.5135857759001943,-0.012208969381259373,0.03896254156819187,-0.2829655460019433,0.15829176953929283,-0.34768682935257883,-0.7129805980269572,-0.8456194393226868,-0.7361236938142904,-0.7003306807846849,-0.6837381501250747,-0.30439972512192137,-0.5833753687563547,-0.8572523646181471,-0.9719803159429569,-0.8999773683160626,-0.6445460567579306,-0.6032333000040784,-0.6716829042152783,-0.37129480624145456,-0.6012550900149574,-0.74909472712209,-0.7165858543322098,-0.631760613908238,-0.18865175936086478,-0.6562205079597221,-0.8161690151896627,-0.7301826966150737,-0.8490074543843327,-0.6982829616144437,-0.038475293291645916,-0.004214059948499155,-0.46343105064002477,-0.7230704404558309,-0.5745260983191515,-0.3175961050108766,-0.5697102076886758,-0.40079792479380266,-0.7798228418610056,-0.7812013693289416,-0.36944091347465047
-0.21246294877459593,-0.16418850098224888,0.3699863548823687,0.22011638123307145,-0.1295318423701064,0.15804576879800997,-0.12200167248537783,-0.16175772192752547,-0.6636485012850156,-0.6505909164334789,-0.4109240912146141,0.10848213626641585,0.09683657169753755,-0.2364790427760272,-0.6283530550509768,-0.6875676510062867,-0.8554269582708379,-0.9397504321899725,-0.7841241193371083,-0.31159957415435885,-0.3624860126025444,-0.3413262316568806,-0.5599693250727846,-0.7929052091767048,-0.8521301756777159,-0.7730727900824307,-0.84345612224488,-0.7780168292252257,-0.40564072420701885,-0.13477869048003996,-0.40722106681318154,-0.617428259776735,-0.8465950570972374,-0.9095183697561289,-0.7025136710933708,-0.23405786843851847,-0.5589787128342072,-0.30495882833789206,0.22229855212624766,-0.28710372099843234,-0.6278649098583905,-0.8535921117157166,-0.7916072364301826,-0.5016998851574948,-0.5544520105494445,-0.31560356698497716,-0.5598217800215204,-0.5639060329914843,0.013886044139240127,0.33924411925192133,0.16558588995906848,-0.15338459406534682,-0.7548059857843352,-0.9233958110758933,-0.7769342693076384,-0.12577028559218414,0.3165857948217535,0.43515273634873664,0.22384759911688468,-0.42093030841989837,-0.36888227402516277,-0.6780815338461988,-0.5562052336267542,-0.29803003882848195,0.0010963155443141242,-0.5146908022303264,-0.69706011914485,-0.7982390576236688,-0.6510727335096413,-0.6955139629848445,-0.8549332130914976,-0.8895787047657224,-0.7716293225284084,-0.8496902037341116,-0.8708574742666081,-0.7793134026683274,-0.8409658779930721,-0.8518763059656186,-0.693142847240498,-0.31935866898022197,-0.6584197055470071,-0.6324748532315793,-0.6522640416338449,-0.7605337876003924,-0.5783253690933067,-0.16877803385497567,0.3689986440635572,0.44545950551038127,0.11580490016685668,-0.39153693162856396,-0.5144341624546513,-0.10993357299892602,-0.5463154928994496,-0.6734094626604619,-0.6801524293482555,-0.2512857012934056,-0.230955107118318,-0.5898133086309219,-0.49320391538706077,-0.31968575048467385,-0.7862707242368165,-0.9239793837929366,-0.7095974612079122,-0.13930024590444645,-0.4325734593665159,-0.6594258944726895,-0.5558493913755855,-0.275825247124707,-0.5688660755179196,-0.7548730278760254,-0.5906648832265492,0.05467952787473394,-0.3265835503212926,-0.4902566706716532,-0.19257232098580254,-0.6578549991143615,-0.6059060299072219,-0.02485237670389101,-0.18105299213333187,-0.44791753492172176,-0.5598400349686417,-0.11859360458697983,-0.3858102476195773,-0.5330040961537388,-0.6479909374492321,-0.8505774683808567,-0.8495295420638193,-0.5895160481010511
-0.7013933124843789,-0.49126444391425916,0.1409272940251773,0.023206522763545914,-0.027069628096516456,-0.37334791763460246,-0.4914929351664958,-0.6260742271120043,-0.8372030564201213,-0.7417038698585302,-0.2761375868749469,-0.3924870390404191,-0.4045875800807654,-0.23814010432083904,-0.6314897124803117,-0.7000040821773611,-0.8556562280153708,-0.8932897167400936,-0.7426379434143116,-0.6586701154128036,-0.5743667315917061,-0.13062510212624898,-0.19728406063697854,-0.7342210126487347,-0.9243715840411338,-0.9521094799125982,-0.9237514909716273,-0.7751629447460608,-0.2812110850982316,-0.36456384258480407,-0.2408593144897846,-0.6416165616985549,-0.7400270924567717,-0.8293665818228628,-0.6913452592926606,-0.6107610291482197,-0.6121807154029539,-0.0827338916773908,0.11458475539982062,-0.3776621432181092,-0.34231172096315715,-0.7304639793337189,-0.7344937009152858,-0.36698473053514713,-0.6528449662014338,-0.5620472646138246,-0.31788277021385475,-0.6255449846740071,-0.3645600314256408,0.206992798263913,-0.23094449552377286,-0.5564617744075476,-0.8630737199175696,-0.9768684736059087,-0.8799825084721994,-0.4756165279328357,0.06982261927844928,-0.0904573885369592,0.011621956395057283,-0.5757335532894334,-0.6672491721968904,-0.5992464678610134,-0.5281086887908245,-0.5024850244391594,-0.5937102073397925,-0.8050250843120226,-0.8841299885070327,-0.817172513083128,-0.5273164135433787,-0.250642145672386,-0.5216086841707287,-0.5988179690212223,-0.24060398069513633,-0.7030636893279633,-0.8780353398577443,-0.9242149169794127,-0.9398335239280078,-0.8958956693514978,-0.6564465653798889,-0.49447765076138445,-0.7223981258908614,-0.6177255334683504,-0.19806135169646538,-0.49684781742310524,-0.12753384695187814,-0.018431812068085016,-0.2747312568945964,-0.427437081655406,-0.6145817465768177,-0.8031649399561562,-0.8113927840140768,-0.6888507212719815,-0.6952091084855289,-0.40966098952603247,-0.6729042063296164,-0.6469150002512829,-0.586570291858336,-0.5680343520522493,-0.5383076055988689,-0.6265630754936684,-0.8628681715652307,-0.8681960945320684,-0.5148972870453449,0.06914020714986542,-0.01799071655039226,-0.47996663494254144,-0.6834940372128366,-0.5614450948498511,-0.3592625511914157,-0.7266173837414209,-0.611006633961017,0.11411495962460962,0.24476284663238593,-0.11608082821841419,-0.036722454622437437,-0.5833500302921362,-0.5891894418489874,-0.38857833937441805,-0.030498459800644338,-0.11873743271651224,-0.4418474261347829,-0.012795962512902347,-0.21148382985720537,-0.10536886469681893,-0.4922034155792462,-0.7940937156399354,-0.9140154965444207,-0.8730707899747739
-0.8574024614309302,-0.5600332356582395,-0.08547438925663173,0.21665587974329045,-0.3507709000394559,-0.5771895545723152,-0.27815866412460405,-0.564544922027323,-0.8405338511088741,-0.8257328483905336,-0.5932626549350265,-0.7275829718792951,-0.7826532663334195,-0.6724986960713433,-0.5235921770102479,-0.23314454894898148,-0.5471735725103153,-0.6843750893088602,-0.41899877732165763,-0.7468870979373652,-0.8074338641640334,-0.6524422016240111,-0.6898419500749383,-0.886765544633419,-0.9482293375571053,-0.8944358362211289,-0.7726703512010263,-0.8196864659826483,-0.7332310137335023,-0.7572727721636224,-0.7121401424926874,-0.7017941531296054,-0.3752437527252105,-0.5910110382257007,-0.2719922438052421,-0.5231152133112074,-0.7238757143795677,-0.6145605517991495,-0.6005216733193224,-0.7484511395093062,-0.7049656747085905,-0.7117297730125909,-0.8023396586356267,-0.7714145573919702,-0.8535895252790926,-0.7459859496665252,-0.5853561529796051,-0.7461616802860256,-0.5727562129960264,-0.025762157034804216,-0.32774457520839195,-0.5716861035269093,-0.8362224434313573,-0.9666907114475527,-0.9088209348558732,-0.6649559404971469,-0.5873434130260676,-0.6750132891367385,-0.6885165335063543,-0.8322923439858861,-0.6481542738331509,0.03870702474656509,0.09612463191269557,-0.11534654223416284,-0.6151275011812134,-0.6799216014052121,-0.6282081236157807,-0.43276894213265876,0.010175112620733055,-0.20658927421002635,-0.009088637057547873,-0.36175246916325776,-0.1333085040448522,-0.5910267272966869,-0.7206016514371519,-0.8368645433763602,-0.7737106717897443,-0.6644552471698675,-0.12800936675620003,0.012547418671527592,-0.5198379030720363,-0.4136229371330328,-0.07782939013917405,-0.5072288204603282,-0.445960316000467,-0.5042634466496769,-0.5790255013023036,-0.7774344386444432,-0.8962029121525042,-0.9090730754557101,-0.8014251420339965,-0.8517815754093411,-0.8653400914359888,-0.7317708719042977,-0.6992873429963585,-0.7085933587307801,-0.44948632451802817,-0.08198629083620526,-0.08527684964586663,-0.49319381745435786,-0.7757642550183024,-0.7645254740155776,-0.3190923986398498,-0.3812466630952395,-0.4064035369666445,-0.27838386231073314,-0.7110151457569964,-0.7897169775774573,-0.7696357699423092,-0.8656965766014009,-0.8116391385294635,-0.41800782143758247,0.13096074905792715,0.034555952341062283,-0.4244687946946861,-0.6325305144009479,-0.344081312572878,-0.6109154490396336,-0.6261067986495683,-0.6651781743213527,-0.6441720618116167,-0.28731391704486886,0.001508243521486981,-0.11259992943267709,-0.10811489061248263,-0.557834525813957,-0.871250411090125,-0.9638195452106372
-0.7323958965157695,-0.07596940226136407,0.42444268554367104,0.4048650665910307,-0.45034149480678076,-0.6959769880396257,-0.41488955016514817,-0.24330920183051774,-0.7192143781641865,-0.7426357569740586,-0.3703268150836512,-0.754807763375532,-0.8914013212498467,-0.7451167929326956,-0.20361042101416352,-0.18606196838340397,-0.18070376643319017,-0.6169822386817538,-0.7067250023348175,-0.8698093714596029,-0.8494364692347414,-0.7284149821080195,-0.8480451899828635,-0.8950648007263381,-0.6853705592204955,-0.42967351487964833,-0.12461521279927283,-0.6680302086377184,-0.8685991433731662,-0.9395531745202516,-0.924292051435651,-0.8358172458251549,-0.601400888599645,-0.6325140997970773,-0.36535115110895205,-0.23361341482248218,-0.6508165811306467,-0.6820285326287506,-0.8160188007756645,-0.8849298177610058,-0.7608956270090902,-0.4287833777879287,-0.7756569360190358,-0.8952395546167261,-0.862562353603204,-0.5990086976972117,-0.3109767672301944,-0.672828492024877,-0.6056836430105933,-0.3701884598096564,-0.02739036514137129,-0.09474987305125943,-0.5275761814274528,-0.8271208135567943,-0.7864880290989356,-0.40215651518155576,-0.7172942324367809,-0.8590695768036702,-0.9287843051844247,-0.9362989667642124,-0.6509571364407705,0.07252134994639038,-0.3089681820232409,-0.5684125020963617,-0.6242168994432962,-0.20093422295073082,0.007428140384813613,0.15154282634265706,0.14556671031818338,-0.28031294672683454,0.016696803248260176,-0.34960102554616,-0.47183354801816974,-0.4719372302424136,-0.3041699992109234,-0.6033294227071411,-0.32448680597029184,-0.43173380124227406,-0.35790426274808435,-0.05487007376377384,-0.3464384832051554,0.07129237855310079,-0.17802775209953645,-0.4709410062423072,-0.26886189989592413,-0.5320346153787125,-0.36880515457976043,-0.7835264546049959,-0.9217887582449404,-0.8167934749968438,-0.4345759146869489,-0.7797268526308072,-0.888181900535563,-0.765989330577877,-0.39510670290956973,-0.5069271526775833,-0.06636354684883614,-0.3479128661982395,-0.4186888287116966,-0.2303130029824899,-0.546318711850076,-0.765059615578713,-0.6828882386160905,-0.621635804114522,-0.6546326675833245,-0.5179304012460428,-0.6990578146108408,-0.7206263603046819,-0.7681729505402807,-0.77737729022732,-0.8729767998116716,-0.7717250062640915,-0.6104476066484275,-0.6502162018334637,-0.8103789742686057,-0.8069245630611149,-0.6140362692201538,-0.7911456978811808,-0.8780210977608129,-0.8291538835584777,-0.5669149983564205,-0.16537003117896845,-0.2919530853313049,-0.06168358355719759,-0.32013381003907776,-0.30342476735068663,-0.790395127679326,-0.9213322491149115
-0.6825710006390333,-0.36813771141287865,0.22736978832843946,0.18454371111590617,-0.5384065185381346,-0.6873228236341472,-0.24477525653161092,-0.40117625034985066,-0.7579662182741502,-0.7939016828611623,-0.6120727986401315,-0.8230172783497057,-0.9079697229180079,-0.7934811745998492,-0.3742525484596012,-0.10003376468464262,-0.43300407208214303,-0.5628923935097663,-0.6452999071058304,-0.777287485773914,-0.6018722714859179,-0.32968260384301007,-0.7308764189356844,-0.6319652033925195,0.13745730901147296,0.42865867267288404,0.19253348733531098,-0.5976023695852276,-0.8785877169576707,-0.9665094266920806,-0.9355249942311198,-0.7851355107547991,-0.34216197234946266,-0.5327282058537512,-0.24042268978261214,-0.5227460234943692,-0.657805671181583,-0.41083693933430526,-0.7858026516782929,-0.9210082152901917,-0.8910332412354535,-0.7972478765647784,-0.8954903823560496,-0.903846650024719,-0.776652340930559,-0.3540703874552199,-0.559046819883043,-0.6662879573330882,-0.3046492142101233,-0.3699584459700437,-0.2954570091783078,-0.3029854065797839,-0.10711902869915221,-0.666423148586446,-0.7804156007861883,-0.5980415522066796,-0.7106179998500572,-0.7564610888089894,-0.9184287156698908,-0.9508621060147009,-0.7180142621764114,-0.12974965654485152,-0.5538165819145162,-0.7550052557164058,-0.6958205974078983,-0.6208456020870109,-0.5127591127136354,-0.37011044354695727,-0.5031673149980808,-0.6004833465275525,-0.28119578466645273,-0.15282347245388245,-0.47882015902239483,-0.2378525824337235,-0.5303188516644757,-0.7263797842156698,-0.5144533630627286,-0.11370605525348423,-0.5159435250032987,-0.48828187113509786,-0.26447559108484675,0.3343841822610188,0.15140219144760877,-0.3871483132693559,-0.6226855062983618,-0.7869400571824278,-0.7811543740441921,-0.9146448795899825,-0.9587041763918063,-0.848278298227647,-0.6170071025294029,-0.8194327979538492,-0.9281631219505095,-0.9022980355215371,-0.7592858001547643,-0.6291248137273358,-0.18004982225374996,-0.6118041861458247,-0.7205947460519709,-0.4796041568858242,-0.13553648896700685,-0.605348693972555,-0.6878600042434325,-0.3687568915907331,-0.46729484502833746,-0.018866145294063313,-0.2842383630043364,-0.1572570325155609,-0.3466196963361495,-0.30199188877600885,-0.7104247903538614,-0.6983982245541732,-0.7816574253619835,-0.8967596937663334,-0.9376689503376925,-0.7792952062117565,-0.4063943642569727,-0.7841790366114445,-0.9136883726386791,-0.7983503203746216,-0.3751918241465163,-0.5605074518620552,-0.643981585239756,-0.46686220820427904,-0.6204174896948028,-0.7168332736204377,-0.8881832290611231,-0.8902733300895409
-0.38997936037658765,-0.5783202666226467,-0.5223902354443631,-0.5052107601039155,-0.6586983566954704,-0.7756140176987046,-0.5486062342658499,-0.3066739369552572,-0.7237620990051344,-0.7123489111096124,-0.37791619336063403,-0.7115067551238377,-0.7394068080870936,-0.6808223330181175,-0.23600331745159633,-0.477057585914391,-0.5615993960860318,-0.15348220976936305,-0.1456860298561323,-0.5284047495107171,-0.22979913080350423,-0.368046488529761,-0.6460633722000331,-0.3549928072699449,0.4742201775473238,0.5557830182772361,-0.20388560310252907,-0.6940022422358104,-0.7773437314960774,-0.8641946951021358,-0.7844844964603996,-0.731754872204991,-0.5589323199202146,-0.7184434039717073,-0.7266041721681462,-0.8304344591057805,-0.8616444820450411,-0.7911687168923217,-0.9009088705459016,-0.9636422075945457,-0.9638729016592315,-0.9427604372187988,-0.9107805544507807,-0.800891737475786,-0.822259080765423,-0.7502984621510055,-0.8302513797057779,-0.834451659520361,-0.5757324816456103,-0.11780814618535049,-0.038164733007217747,-0.35723372538163434,-0.14194718311282006,-0.6604124231925745,-0.7204463071834909,-0.27825111657473356,-0.35323821014196866,-0.2836134064813871,-0.7439596776817056,-0.8913848427957587,-0.8057958696601182,-0.47452128354012146,-0.5331026177955676,-0.6637292212391637,-0.41689655376060675,-0.6787799488915728,-0.658490526809296,-0.347184359381748,-0.6835934688813399,-0.6347820301012685,-0.10025269308538069,-0.46729155563008273,-0.6586768687632992,-0.4491700848881458,-0.5684689564098827,-0.7779503959320493,-0.6604747026454094,-0.2196103234669787,-0.574263434228428,-0.40560373567654595,0.03298533631081009,0.21877732495069496,-0.16430212892854387,-0.21559257595221795,-0.6867909073778496,-0.8916105998619914,-0.9421974306383882,-0.981830512608731,-0.9644841495275764,-0.786174606112488,-0.3659923718699967,-0.7462809775362057,-0.8999834087509754,-0.9565258843916701,-0.9272897172273727,-0.8348248042679351,-0.7367296377540468,-0.8659687024821031,-0.8053291454292361,-0.46270975617598914,-0.009708118980206511,-0.4510424418211799,-0.7452444126410284,-0.6594692933183862,-0.40336678131303316,0.1077999591991237,0.04546136150792525,-0.1807421915100467,0.027329738307368838,-0.43888008134093065,-0.5817138635842436,-0.1578102600460705,-0.5195578245106129,-0.8123578490437551,-0.8573796276147723,-0.7295181418266792,-0.7271587989815002,-0.8905078387582032,-0.9352996709572757,-0.9063536922606292,-0.7933091519940787,-0.7927498638748808,-0.6238972865500063,-0.09255431233522543,-0.45910561408627015,-0.7799453237117185,-0.8975497746378999,-0.777480913953145
-0.5296018481954833,-0.550721497785251,-0.6548122523245685,-0.524796390794878,-0.34822307775017636,-0.6596794362549684,-0.5892689079695008,-0.6305599595390448,-0.7804396080162367,-0.6999481876049072,-0.6691328037916153,-0.6986101931558508,-0.4089028913686662,-0.6324808388971851,-0.525674612555554,-0.7280151808928149,-0.7465722249520202,-0.4317673209787259,-0.37438596343660907,-0.6296274788336775,-0.46303964406485787,-0.07867021761908355,-0.4317495511148855,0.048400220966686794,0.4463236764021757,0.3005340181389058,-0.4767457491041278,-0.7073295780355852,-0.4334115694445455,-0.6393450825558809,-0.309874499069042,-0.35234524856146016,-0.18899335028607903,-0.6726423932480858,-0.8682959047338171,-0.9222012095955376,-0.9472009280510031,-0.9387129461779966,-0.9680604127865073,-0.9785450129634437,-0.9624526033848144,-0.9402645994615176,-0.786807793206327,-0.4498258970774698,-0.7789390723618416,-0.8933718398492232,-0.957179458653375,-0.9514074599332001,-0.8152194978011863,-0.6058201122373372,-0.4617378373434376,-0.62819078887841,-0.6748452331898996,-0.8603053157755881,-0.8481533621922489,-0.5102670229135342,-0.03615363057268773,-0.3863387954241784,-0.5701502123819334,-0.6672571385465726,-0.6397049983719514,-0.059535940307085686,0.03290011473966239,-0.536074318603803,-0.6452956532646356,-0.6588321225611742,-0.782266202632934,-0.7701357561909784,-0.8349610042245222,-0.6919318753506595,-0.18633158850516499,-0.6100790959930988,-0.585627804353377,0.046730429307875423,-0.09736451703123482,-0.6763495490273643,-0.824706016657629,-0.6911904377614224,-0.6091427363622671,-0.11705264006827289,-0.3658880343451936,-0.41758064116299354,-0.4877413382859716,-0.5904734222259774,-0.6915511200226356,-0.8607675631885241,-0.9576409803643114,-0.9995731198438785,-0.9806085274403077,-0.8386497607595889,-0.5882267975591986,-0.736489390995714,-0.759045616700223,-0.8660043975870425,-0.8846040828271448,-0.7905113084013243,-0.8597992849159629,-0.8303158339265194,-0.5515701263746685,-0.10009102757141063,-0.1030755090435301,-0.17282576628137944,-0.6917993597418798,-0.6734386916976431,-0.2803051503868007,-0.43671287152485555,-0.48648562194729006,-0.3391653774709345,-0.02488265365337767,-0.5259694696326125,-0.5812174213875058,-0.02494660296978141,-0.03267954052830154,-0.38536639735190953,-0.4357081298069794,-0.29991220794782514,-0.6891096582732507,-0.8159509832104023,-0.7948386728359357,-0.8961824758979778,-0.8720530814225826,-0.6826177235668045,-0.404429008307417,0.13711214583162076,-0.038909135371534356,-0.6841458130298992,-0.890365625420605,-0.8049200253945958
-0.13182319522366365,0.03777707187840157,-0.4323466405937457,-0.27691070875999013,-0.471958876482718,-0.3716938669472637,-0.006313158967030306,-0.3876705056142478,-0.6221114352770054,-0.3933074588604976,-0.7184907930257776,-0.8296710982146946,-0.7479331027159557,-0.6919162932741761,-0.37070307511713774,-0.7404096040877599,-0.697434245432477,-0.0577455458004124,0.07146226044783992,-0.5475882356603688,-0.5721081387968374,-0.1881192068089644,-0.5194579896082752,-0.2896919094543358,-0.19693148212811876,-0.46851237162708,-0.8108739500264096,-0.8629975694373079,-0.7566797475980923,-0.7807662380313903,-0.49059468361597536,0.07862029551882248,-0.16911158199230567,-0.5363364071028558,-0.7868382037361831,-0.7910869062314001,-0.9092301723105128,-0.9627086202334646,-0.9692548787213632,-0.9279719479397227,-0.8196661090812364,-0.8063753739278999,-0.6775860815100068,-0.7053700273768433,-0.8537951706457646,-0.9454746009091699,-0.9834191753886525,-0.9191016434233604,-0.7429841297196786,-0.6363803894467166,-0.25496852581050733,-0.532444936671451,-0.7837326966509679,-0.9369979596240411,-0.9195928284824857,-0.6576596642922616,-0.13106756094534266,-0.40316550170551546,-0.15006820395868103,-0.21725387703607066,-0.5383401901198486,-0.20198940237500623,0.07314463797219292,-0.40117660984426795,-0.5355305826953458,-0.20422694055996615,-0.688919345432881,-0.8268058190768056,-0.7484466018002559,-0.731097156866414,-0.5494698754867688,-0.7449512233707163,-0.5934545457802054,0.07389423185019671,-0.30374164371812784,-0.5903102233730231,-0.790714906775043,-0.6938266707123023,-0.6118943214796472,-0.18154180882243467,-0.5126398996294748,-0.4553740465013293,-0.2618781590341053,-0.5371219298395163,-0.2932844063167207,-0.5975241170289592,-0.8416893609678526,-0.9643476950211163,-0.9569502695357085,-0.7783985758938987,-0.3549636988781435,-0.5725735056905789,-0.29953879233109354,-0.5219397402914155,-0.6568612277488309,-0.41231316803979906,-0.6923194555052391,-0.5004272224509457,-0.020247871050650245,-0.20587421797351638,-0.07487284443740252,-0.4843828745932992,-0.7506809568523669,-0.6915132897348388,-0.6816565733025084,-0.7817521480713487,-0.6706124206393761,-0.18129784503510496,-0.24288290370237567,-0.5270874943175932,-0.7375892476042203,-0.5370335139019401,-0.1372585198014318,0.315935146744599,0.2368832821568137,-0.32718537959196675,-0.5229541158001871,-0.510380782852443,-0.3508799683240019,-0.7325426896715261,-0.720188224963846,-0.20576667745053015,-0.012121004613708616,-0.10618141613058395,-0.314188324774971,-0.7425765644669122,-0.8866438637790135,-0.707584848599963
-0.47636228887736404,-0.04510687336916546,-0.5634093180867563,-0.6271932459960111,-0.40970744431959844,0.17897906621050141,0.3321767609868227,0.040297879856502836,-0.5889157539658981,-0.7006173724171175,-0.8209765748435677,-0.9132552955211144,-0.9165792069058594,-0.8795856196275494,-0.8004986743852422,-0.9076374458353647,-0.7755227278499992,-0.23816796395853948,0.07216899418864502,-0.540917095699447,-0.6560278123678556,-0.6297698070084518,-0.514270378591467,0.06907894685018014,-0.04129484610297153,-0.6697357654561595,-0.8639112887427857,-0.6840629461582209,-0.6080830242473491,-0.7172839488037555,-0.4917332771447487,0.3101025627384171,0.25344667140980187,-0.06544831782583245,-0.5513377455437555,-0.41768935609630425,-0.8070564096321942,-0.9214206809701255,-0.8963587902394028,-0.7971220143463242,-0.37493203631269284,-0.39354220730704026,-0.13351732640928465,-0.5965123811181374,-0.7292227991138365,-0.8643066900007624,-0.9067702843103796,-0.7353940629359862,-0.33884598922994,-0.5974653196244049,-0.46069856642824825,-0.26554434759670936,-0.6968770650744299,-0.9165523246564329,-0.9393203363980964,-0.819172332647499,-0.6919032495283617,-0.7577843769388075,-0.6865981478340137,-0.6823884704258849,-0.5867068575357091,0.023941026887321908,-0.20352643321080394,-0.1976496112071304,-0.48419955870962544,-0.20011984351796494,-0.6785578128805858,-0.7006270638147136,-0.24997951288995512,-0.5209444096041325,-0.34249270157182216,-0.7334746835169108,-0.6587550610770696,-0.06461990092537337,-0.218055571250061,-0.07686724819134293,-0.4922042362726855,-0.2816164561936383,-0.5900635233538705,-0.6045359053907073,-0.6037384521000915,-0.3101851892041379,-0.5855581054770518,-0.697394811109019,-0.4248299850916067,-0.22576653154038606,-0.6050981425222239,-0.8795154117577495,-0.9368584458398308,-0.85119595804802,-0.7496993170762103,-0.7454367303057416,-0.4343963152308369,-0.049351197951825146,-0.5422535274244505,-0.6279628987958105,-0.6441752613652484,-0.14057374636735648,0.05216611890390186,-0.39157845558669546,-0.4855519362069574,-0.5759652892548263,-0.6267785518906388,-0.3540306064739392,-0.6912125964060302,-0.8369042291744552,-0.648014367070133,-0.27693667458470206,0.07673567347693457,-0.1469670645040793,-0.7042040990102023,-0.5703446684340874,0.28062445079191595,0.6199182238773469,0.3557468014835476,-0.25216501561474763,-0.09658272186870678,-0.1394107581704992,-0.5173640369873931,-0.6693718083151622,-0.6973390992301887,-0.4721507028185182,-0.355507157675063,-0.006784690081662473,-0.11809252372786558,-0.7233862627199504,-0.9241810268075004,-0.8413032408155752
-0.6836281866135906,-0.4233683128306916,-0.7187141475058206,-0.7264571295422786,-0.21274012005593138,0.07217261927374818,-0.21400528008240852,-0.36341059064640746,-0.7072572501652513,-0.7540844882318464,-0.7205535057590265,-0.8832358951607454,-0.9581101589771437,-0.9752832363383536,-0.977274925935222,-0.9634024664691598,-0.6752028620884473,0.10428188762135955,-0.06670143936300969,-0.5103134216124007,-0.4131201979538101,-0.6368732717507634,-0.4015262832521011,-0.047566877091845906,-0.5050881886130834,-0.8309538026848067,-0.6887403427980459,0.08582536426021942,0.19127844446150116,-0.33975675771511615,-0.4296186462690827,0.18831309109010325,-0.21191142472266455,-0.522277760529426,-0.7761584054105749,-0.8007955433459713,-0.8897848403359044,-0.8378756966203772,-0.7485222305666643,-0.8083458445485736,-0.5726680057205019,-0.0984726784918412,-0.009045394894412317,-0.44439371270623756,-0.31085345537560166,-0.5842767407007559,-0.7393252970569989,-0.5611560243552969,-0.4372227977441688,-0.6291650627171782,-0.5493027491862424,-0.5589796357460088,-0.645990553746423,-0.854032696300775,-0.8729156076388956,-0.7547877253445997,-0.8443959438848333,-0.9105791658846343,-0.898148787343334,-0.8808014615723665,-0.6339661942347862,0.030546829058818246,-0.4349743112413225,-0.642821029744059,-0.7522062152942344,-0.7333287090024757,-0.8689567548545112,-0.7555422922649297,-0.2843210672164012,-0.6483546773776488,-0.7474441017224833,-0.8897358825400963,-0.827878811535067,-0.5338964241737003,-0.11487903991210671,-0.016741730574668563,-0.4381787719271061,-0.3571869527757075,-0.4607615450055707,-0.6597106411784119,-0.6437000374730292,-0.687424376090683,-0.8000694588915448,-0.7528074328864793,-0.33914587619486525,-0.44346208804735715,-0.3635624867089227,-0.788861272553481,-0.8673083349611085,-0.7659504053494487,-0.8492296038472233,-0.7853121154970827,-0.35868978668072116,0.1335620419352734,-0.4396111122458731,-0.580664435635237,-0.7591104121101905,-0.6520635419180735,-0.5339346473440011,-0.47415412269335916,-0.39270764157503024,-0.20834608910923366,-0.4294581728466451,-0.5052889863824508,-0.6146478710126398,-0.7038546155197806,-0.2638684151155674,-0.035896819053405755,-0.2050084716837761,-0.5739384185399096,-0.8267533469769347,-0.557292582488749,0.3329510420837495,0.3982281575589292,-0.18311305843068892,-0.45044463481079083,-0.5365350663405098,-0.5990245374728588,-0.6525852679128397,-0.33517122884232425,-0.41504247034868375,-0.24833598906175122,-0.5648580766224649,-0.6029642096204091,-0.6842188947859491,-0.9002590916355452,-0.9885760162421295,-0.9303458393115508
