language,method,GridSize,boundary,ic,dt_out,timepoint,norm,pathname
MATLAB,SAV,64,periodic,450p,None (10),0,41.946197852817455,/project/g_bme-janeslab/SarahG/spinodal_decomp_06_2025/out_MATLAB/SAV_MATLAB_2000_dt_5.50e-06_Nx_64_periodic_n_relax_450p_phi.csv
MATLAB,NMG,512,periodic,475p,None (10),0,253.84338861514155,/project/g_bme-janeslab/SarahG/spinodal_decomp_06_2025/out_MATLAB/NMG_MATLAB_2000_dt_5.50e-06_Nx_512_periodic_n_relax_475p_phi.csv
MATLAB,NMG,512,neumann,450p,None (10),0,79.22281022788745,/project/g_bme-janeslab/SarahG/spinodal_decomp_06_2025/out_MATLAB/NMG_MATLAB_2000_dt_5.50e-06_Nx_512_neumann_n_relax_450p_phi.csv
MATLAB,SAV,256,neumann,450p,None (10),0,29.482434048313717,/project/g_bme-janeslab/SarahG/spinodal_decomp_06_2025/out_MATLAB/SAV_MATLAB_2000_dt_5.50e-06_Nx_256_neumann_n_relax_450p_phi.csv
MATLAB,SAV,64,neumann,475p,None (10),0,48.36333527428656,/project/g_bme-janeslab/SarahG/spinodal_decomp_06_2025/out_MATLAB/SAV_MATLAB_2000_dt_5.50e-06_Nx_64_neumann_n_relax_475p_phi.csv
MATLAB,NMG,256,periodic,475p,None (10),0,127.73591934273881,/project/g_bme-janeslab/SarahG/spinodal_decomp_06_2025/out_MATLAB/NMG_MATLAB_2000_dt_5.50e-06_Nx_256_periodic_n_relax_475p_phi.csv
MATLAB,NMG,128,neumann,425p,None (10),0,69.2704536949737,/project/g_bme-janeslab/SarahG/spinodal_decomp_06_2025/out_MATLAB/NMG_MATLAB_2000_dt_5.50e-06_Nx_128_neumann_n_relax_425p_phi.csv
MATLAB,SAV,256,periodic,425p,None (10),0,121.46479242732823,/project/g_bme-janeslab/SarahG/spinodal_decomp_06_2025/out_MATLAB/SAV_MATLAB_2000_dt_5.50e-06_Nx_256_periodic_n_relax_425p_phi.csv
MATLAB,NMG,128,periodic,475p,None (10),0,76.0783785592713,/project/g_bme-janeslab/SarahG/spinodal_decomp_06_2025/out_MATLAB/NMG_MATLAB_2000_dt_5.50e-06_Nx_128_periodic_n_relax_475p_phi.csv
MATLAB,SAV,128,periodic,450p,None (10),0,48.80505080162443,/project/g_bme-janeslab/SarahG/spinodal_decomp_06_2025/out_MATLAB/SAV_MATLAB_2000_dt_5.50e-06_Nx_128_periodic_n_relax_450p_phi.csv
MATLAB,NMG,128,neumann,450p,None (10),0,48.80505080162443,/project/g_bme-janeslab/SarahG/spinodal_decomp_06_2025/out_MATLAB/NMG_MATLAB_2000_dt_5.50e-06_Nx_128_neumann_n_relax_450p_phi.csv
MATLAB,SAV,256,neumann,425p,None (10),0,121.46479242732823,/project/g_bme-janeslab/SarahG/spinodal_decomp_06_2025/out_MATLAB/SAV_MATLAB_2000_dt_5.50e-06_Nx_256_neumann_n_relax_425p_phi.csv
MATLAB,SAV,512,periodic,450p,None (10),0,79.22281022788745,/project/g_bme-janeslab/SarahG/spinodal_decomp_06_2025/out_MATLAB/SAV_MATLAB_2000_dt_5.50e-06_Nx_512_periodic_n_relax_450p_phi.csv
MATLAB,SAV,128,periodic,425p,None (10),0,69.2704536949737,/project/g_bme-janeslab/SarahG/spinodal_decomp_06_2025/out_MATLAB/SAV_MATLAB_2000_dt_5.50e-06_Nx_128_periodic_n_relax_425p_phi.csv
MATLAB,NMG,512,neumann,425p,None (10),0,261.2082170284267,/project/g_bme-janeslab/SarahG/spinodal_decomp_06_2025/out_MATLAB/NMG_MATLAB_2000_dt_5.50e-06_Nx_512_neumann_n_relax_425p_phi.csv
MATLAB,NMG,64,neumann,450p,None (10),0,41.946197852817455,/project/g_bme-janeslab/SarahG/spinodal_decomp_06_2025/out_MATLAB/NMG_MATLAB_2000_dt_5.50e-06_Nx_64_neumann_n_relax_450p_phi.csv
MATLAB,NMG,64,periodic,450p,None (10),0,41.946197852817455,/project/g_bme-janeslab/SarahG/spinodal_decomp_06_2025/out_MATLAB/NMG_MATLAB_2000_dt_5.50e-06_Nx_64_periodic_n_relax_450p_phi.csv
MATLAB,NMG,256,neumann,425p,None (10),0,121.46479242732823,/project/g_bme-janeslab/SarahG/spinodal_decomp_06_2025/out_MATLAB/NMG_MATLAB_2000_dt_5.50e-06_Nx_256_neumann_n_relax_425p_phi.csv
MATLAB,SAV,64,neumann,425p,None (10),0,53.923453314113104,/project/g_bme-janeslab/SarahG/spinodal_decomp_06_2025/out_MATLAB/SAV_MATLAB_2000_dt_5.50e-06_Nx_64_neumann_n_relax_425p_phi.csv
MATLAB,SAV,128,neumann,425p,None (10),0,69.2704536949737,/project/g_bme-janeslab/SarahG/spinodal_decomp_06_2025/out_MATLAB/SAV_MATLAB_2000_dt_5.50e-06_Nx_128_neumann_n_relax_425p_phi.csv
MATLAB,NMG,128,periodic,425p,None (10),0,69.2704536949737,/project/g_bme-janeslab/SarahG/spinodal_decomp_06_2025/out_MATLAB/NMG_MATLAB_2000_dt_5.50e-06_Nx_128_periodic_n_relax_425p_phi.csv
MATLAB,SAV,512,periodic,475p,None (10),0,253.84338861514155,/project/g_bme-janeslab/SarahG/spinodal_decomp_06_2025/out_MATLAB/SAV_MATLAB_2000_dt_5.50e-06_Nx_512_periodic_n_relax_475p_phi.csv
MATLAB,SAV,512,neumann,475p,None (10),0,253.84338861514155,/project/g_bme-janeslab/SarahG/spinodal_decomp_06_2025/out_MATLAB/SAV_MATLAB_2000_dt_5.50e-06_Nx_512_neumann_n_relax_475p_phi.csv
MATLAB,NMG,256,neumann,475p,None (10),0,127.73591934273881,/project/g_bme-janeslab/SarahG/spinodal_decomp_06_2025/out_MATLAB/NMG_MATLAB_2000_dt_5.50e-06_Nx_256_neumann_n_relax_475p_phi.csv
MATLAB,NMG,256,neumann,450p,None (10),0,29.482434048313717,/project/g_bme-janeslab/SarahG/spinodal_decomp_06_2025/out_MATLAB/NMG_MATLAB_2000_dt_5.50e-06_Nx_256_neumann_n_relax_450p_phi.csv
MATLAB,SAV,512,periodic,425p,None (10),0,261.2082170284267,/project/g_bme-janeslab/SarahG/spinodal_decomp_06_2025/out_MATLAB/SAV_MATLAB_2000_dt_5.50e-06_Nx_512_periodic_n_relax_425p_phi.csv
MATLAB,NMG,64,neumann,475p,None (10),0,48.36333527428656,/project/g_bme-janeslab/SarahG/spinodal_decomp_06_2025/out_MATLAB/NMG_MATLAB_2000_dt_5.50e-06_Nx_64_neumann_n_relax_475p_phi.csv
MATLAB,SAV,128,periodic,475p,None (10),0,76.0783785592713,/project/g_bme-janeslab/SarahG/spinodal_decomp_06_2025/out_MATLAB/SAV_MATLAB_2000_dt_5.50e-06_Nx_128_periodic_n_relax_475p_phi.csv
MATLAB,SAV,256,neumann,475p,None (10),0,127.73591934273881,/project/g_bme-janeslab/SarahG/spinodal_decomp_06_2025/out_MATLAB/SAV_MATLAB_2000_dt_5.50e-06_Nx_256_neumann_n_relax_475p_phi.csv
MATLAB,NMG,512,periodic,450p,None (10),0,79.22281022788745,/project/g_bme-janeslab/SarahG/spinodal_decomp_06_2025/out_MATLAB/NMG_MATLAB_2000_dt_5.50e-06_Nx_512_periodic_n_relax_450p_phi.csv
MATLAB,SAV,64,periodic,425p,None (10),0,53.923453314113104,/project/g_bme-janeslab/SarahG/spinodal_decomp_06_2025/out_MATLAB/SAV_MATLAB_2000_dt_5.50e-06_Nx_64_periodic_n_relax_425p_phi.csv
MATLAB,SAV,512,neumann,425p,None (10),0,261.2082170284267,/project/g_bme-janeslab/SarahG/spinodal_decomp_06_2025/out_MATLAB/SAV_MATLAB_2000_dt_5.50e-06_Nx_512_neumann_n_relax_425p_phi.csv
MATLAB,SAV,128,neumann,475p,None (10),0,76.0783785592713,/project/g_bme-janeslab/SarahG/spinodal_decomp_06_2025/out_MATLAB/SAV_MATLAB_2000_dt_5.50e-06_Nx_128_neumann_n_relax_475p_phi.csv
MATLAB,SAV,512,neumann,450p,None (10),0,79.22281022788745,/project/g_bme-janeslab/SarahG/spinodal_decomp_06_2025/out_MATLAB/SAV_MATLAB_2000_dt_5.50e-06_Nx_512_neumann_n_relax_450p_phi.csv
MATLAB,SAV,256,periodic,475p,None (10),0,127.73591934273881,/project/g_bme-janeslab/SarahG/spinodal_decomp_06_2025/out_MATLAB/SAV_MATLAB_2000_dt_5.50e-06_Nx_256_periodic_n_relax_475p_phi.csv
MATLAB,NMG,256,periodic,450p,None (10),0,29.482434048313717,/project/g_bme-janeslab/SarahG/spinodal_decomp_06_2025/out_MATLAB/NMG_MATLAB_2000_dt_5.50e-06_Nx_256_periodic_n_relax_450p_phi.csv
MATLAB,SAV,128,neumann,450p,None (10),0,48.80505080162443,/project/g_bme-janeslab/SarahG/spinodal_decomp_06_2025/out_MATLAB/SAV_MATLAB_2000_dt_5.50e-06_Nx_128_neumann_n_relax_450p_phi.csv
MATLAB,NMG,64,periodic,475p,None (10),0,48.36333527428656,/project/g_bme-janeslab/SarahG/spinodal_decomp_06_2025/out_MATLAB/NMG_MATLAB_2000_dt_5.50e-06_Nx_64_periodic_n_relax_475p_phi.csv
MATLAB,NMG,512,periodic,425p,None (10),0,261.2082170284267,/project/g_bme-janeslab/SarahG/spinodal_decomp_06_2025/out_MATLAB/NMG_MATLAB_2000_dt_5.50e-06_Nx_512_periodic_n_relax_425p_phi.csv
MATLAB,NMG,128,periodic,450p,None (10),0,48.80505080162443,/project/g_bme-janeslab/SarahG/spinodal_decomp_06_2025/out_MATLAB/NMG_MATLAB_2000_dt_5.50e-06_Nx_128_periodic_n_relax_450p_phi.csv
MATLAB,NMG,128,neumann,475p,None (10),0,76.0783785592713,/project/g_bme-janeslab/SarahG/spinodal_decomp_06_2025/out_MATLAB/NMG_MATLAB_2000_dt_5.50e-06_Nx_128_neumann_n_relax_475p_phi.csv
MATLAB,NMG,256,periodic,425p,None (10),0,121.46479242732823,/project/g_bme-janeslab/SarahG/spinodal_decomp_06_2025/out_MATLAB/NMG_MATLAB_2000_dt_5.50e-06_Nx_256_periodic_n_relax_425p_phi.csv
MATLAB,SAV,64,periodic,475p,None (10),0,48.36333527428656,/project/g_bme-janeslab/SarahG/spinodal_decomp_06_2025/out_MATLAB/SAV_MATLAB_2000_dt_5.50e-06_Nx_64_periodic_n_relax_475p_phi.csv
MATLAB,NMG,512,neumann,475p,None (10),0,253.84338861514155,/project/g_bme-janeslab/SarahG/spinodal_decomp_06_2025/out_MATLAB/NMG_MATLAB_2000_dt_5.50e-06_Nx_512_neumann_n_relax_475p_phi.csv
MATLAB,NMG,64,periodic,425p,None (10),0,53.923453314113104,/project/g_bme-janeslab/SarahG/spinodal_decomp_06_2025/out_MATLAB/NMG_MATLAB_2000_dt_5.50e-06_Nx_64_periodic_n_relax_425p_phi.csv
MATLAB,SAV,64,neumann,450p,None (10),0,41.946197852817455,/project/g_bme-janeslab/SarahG/spinodal_decomp_06_2025/out_MATLAB/SAV_MATLAB_2000_dt_5.50e-06_Nx_64_neumann_n_relax_450p_phi.csv
MATLAB,NMG,64,neumann,425p,None (10),0,53.923453314113104,/project/g_bme-janeslab/SarahG/spinodal_decomp_06_2025/out_MATLAB/NMG_MATLAB_2000_dt_5.50e-06_Nx_64_neumann_n_relax_425p_phi.csv
MATLAB,SAV,256,periodic,450p,None (10),0,29.482434048313717,/project/g_bme-janeslab/SarahG/spinodal_decomp_06_2025/out_MATLAB/SAV_MATLAB_2000_dt_5.50e-06_Nx_256_periodic_n_relax_450p_phi.csv
Julia,NMG,512,periodic,50p,200025,0,261.2082170284267,/project/g_bme-janeslab/SarahG/spinodal_decomp_06_2025/out_julia/NMG_Julia_2000_dt_5.50e-06_Nx_512_periodic_dtout_200025p_phi.csv
Julia,SAV,512,periodic,50p,200025,0,261.2082170284267,/project/g_bme-janeslab/SarahG/spinodal_decomp_06_2025/out_julia/SAV_Julia_2000_dt_5.50e-06_Nx_512_periodic_dtout_200025p_phi.csv
Julia,SAV,256,neumann,50p,200025,0,121.46479242732823,/project/g_bme-janeslab/SarahG/spinodal_decomp_06_2025/out_julia/SAV_Julia_2000_dt_5.50e-06_Nx_256_neumann_dtout_200025p_phi.csv
Julia,SAV,64,periodic,50p,200025,0,53.923453314113104,/project/g_bme-janeslab/SarahG/spinodal_decomp_06_2025/out_julia/SAV_Julia_2000_dt_5.50e-06_Nx_64_periodic_dtout_200025p_phi.csv
Julia,NMG,64,neumann,50p,200050,0,41.946197852817455,/project/g_bme-janeslab/SarahG/spinodal_decomp_06_2025/out_julia/NMG_Julia_2000_dt_5.50e-06_Nx_64_neumann_dtout_200050p_phi.csv
Julia,NMG,256,periodic,50p,200025,0,121.46479242732823,/project/g_bme-janeslab/SarahG/spinodal_decomp_06_2025/out_julia/NMG_Julia_2000_dt_5.50e-06_Nx_256_periodic_dtout_200025p_phi.csv
Julia,SAV,64,neumann,50p,200050,0,41.946197852817455,/project/g_bme-janeslab/SarahG/spinodal_decomp_06_2025/out_julia/SAV_Julia_2000_dt_5.50e-06_Nx_64_neumann_dtout_200050p_phi.csv
Julia,NMG,512,periodic,50p,200075,0,253.84338861514155,/project/g_bme-janeslab/SarahG/spinodal_decomp_06_2025/out_julia/NMG_Julia_2000_dt_5.50e-06_Nx_512_periodic_dtout_200075p_phi.csv
Julia,SAV,64,neumann,50p,200075,0,48.36333527428656,/project/g_bme-janeslab/SarahG/spinodal_decomp_06_2025/out_julia/SAV_Julia_2000_dt_5.50e-06_Nx_64_neumann_dtout_200075p_phi.csv
Julia,SAV,512,periodic,50p,1050,0,79.22281022788745,/project/g_bme-janeslab/SarahG/spinodal_decomp_06_2025/out_julia/SAV_Julia_2000_dt_5.50e-06_Nx_512_periodic_dtout_1050p_phi.csv
Julia,SAV,128,neumann,50p,200075,0,76.0783785592713,/project/g_bme-janeslab/SarahG/spinodal_decomp_06_2025/out_julia/SAV_Julia_2000_dt_5.50e-06_Nx_128_neumann_dtout_200075p_phi.csv
Julia,NMG,64,neumann,50p,1075,0,48.36333527428656,/project/g_bme-janeslab/SarahG/spinodal_decomp_06_2025/out_julia/NMG_Julia_2000_dt_5.50e-06_Nx_64_neumann_dtout_1075p_phi.csv
Julia,NMG,512,periodic,50p,1050,0,79.22281022788745,/project/g_bme-janeslab/SarahG/spinodal_decomp_06_2025/out_julia/NMG_Julia_2000_dt_5.50e-06_Nx_512_periodic_dtout_1050p_phi.csv
Julia,NMG,64,neumann,50p,1050,0,41.946197852817455,/project/g_bme-janeslab/SarahG/spinodal_decomp_06_2025/out_julia/NMG_Julia_2000_dt_5.50e-06_Nx_64_neumann_dtout_1050p_phi.csv
Julia,NMG,512,periodic,50p,1075,0,253.84338861514155,/project/g_bme-janeslab/SarahG/spinodal_decomp_06_2025/out_julia/NMG_Julia_2000_dt_5.50e-06_Nx_512_periodic_dtout_1075p_phi.csv
Julia,SAV,64,periodic,50p,1025,0,53.923453314113104,/project/g_bme-janeslab/SarahG/spinodal_decomp_06_2025/out_julia/SAV_Julia_2000_dt_5.50e-06_Nx_64_periodic_dtout_1025p_phi.csv
Julia,SAV,256,periodic,50p,1075,0,127.73591934273881,/project/g_bme-janeslab/SarahG/spinodal_decomp_06_2025/out_julia/SAV_Julia_2000_dt_5.50e-06_Nx_256_periodic_dtout_1075p_phi.csv
Julia,SAV,128,neumann,50p,1050,0,48.80505080162444,/project/g_bme-janeslab/SarahG/spinodal_decomp_06_2025/out_julia/SAV_Julia_2000_dt_5.50e-06_Nx_128_neumann_dtout_1050p_phi.csv
Julia,NMG,256,periodic,50p,1025,0,121.46479242732823,/project/g_bme-janeslab/SarahG/spinodal_decomp_06_2025/out_julia/NMG_Julia_2000_dt_5.50e-06_Nx_256_periodic_dtout_1025p_phi.csv
Julia,NMG,128,periodic,50p,200025,0,69.2704536949737,/project/g_bme-janeslab/SarahG/spinodal_decomp_06_2025/out_julia/NMG_Julia_2000_dt_5.50e-06_Nx_128_periodic_dtout_200025p_phi.csv
Julia,NMG,256,periodic,50p,200050,0,29.482434048313717,/project/g_bme-janeslab/SarahG/spinodal_decomp_06_2025/out_julia/NMG_Julia_2000_dt_5.50e-06_Nx_256_periodic_dtout_200050p_phi.csv
Julia,NMG,128,neumann,50p,200025,0,69.2704536949737,/project/g_bme-janeslab/SarahG/spinodal_decomp_06_2025/out_julia/NMG_Julia_2000_dt_5.50e-06_Nx_128_neumann_dtout_200025p_phi.csv
Julia,NMG,256,periodic,50p,1050,0,29.482434048313717,/project/g_bme-janeslab/SarahG/spinodal_decomp_06_2025/out_julia/NMG_Julia_2000_dt_5.50e-06_Nx_256_periodic_dtout_1050p_phi.csv
Julia,SAV,256,neumann,50p,200050,0,29.482434048313717,/project/g_bme-janeslab/SarahG/spinodal_decomp_06_2025/out_julia/SAV_Julia_2000_dt_5.50e-06_Nx_256_neumann_dtout_200050p_phi.csv
Julia,NMG,128,neumann,50p,200075,0,76.0783785592713,/project/g_bme-janeslab/SarahG/spinodal_decomp_06_2025/out_julia/NMG_Julia_2000_dt_5.50e-06_Nx_128_neumann_dtout_200075p_phi.csv
Julia,SAV,512,periodic,50p,1025,0,261.2082170284267,/project/g_bme-janeslab/SarahG/spinodal_decomp_06_2025/out_julia/SAV_Julia_2000_dt_5.50e-06_Nx_512_periodic_dtout_1025p_phi.csv
Julia,SAV,128,neumann,50p,200025,0,69.2704536949737,/project/g_bme-janeslab/SarahG/spinodal_decomp_06_2025/out_julia/SAV_Julia_2000_dt_5.50e-06_Nx_128_neumann_dtout_200025p_phi.csv
Julia,NMG,128,periodic,50p,200075,0,76.0783785592713,/project/g_bme-janeslab/SarahG/spinodal_decomp_06_2025/out_julia/NMG_Julia_2000_dt_5.50e-06_Nx_128_periodic_dtout_200075p_phi.csv
Julia,NMG,128,periodic,50p,1050,0,48.80505080162444,/project/g_bme-janeslab/SarahG/spinodal_decomp_06_2025/out_julia/NMG_Julia_2000_dt_5.50e-06_Nx_128_periodic_dtout_1050p_phi.csv
Julia,SAV,512,neumann,50p,200075,0,253.84338861514155,/project/g_bme-janeslab/SarahG/spinodal_decomp_06_2025/out_julia/SAV_Julia_2000_dt_5.50e-06_Nx_512_neumann_dtout_200075p_phi.csv
Julia,NMG,64,neumann,50p,200025,0,53.923453314113104,/project/g_bme-janeslab/SarahG/spinodal_decomp_06_2025/out_julia/NMG_Julia_2000_dt_5.50e-06_Nx_64_neumann_dtout_200025p_phi.csv
Julia,SAV,128,periodic,50p,200075,0,76.0783785592713,/project/g_bme-janeslab/SarahG/spinodal_decomp_06_2025/out_julia/SAV_Julia_2000_dt_5.50e-06_Nx_128_periodic_dtout_200075p_phi.csv
Julia,NMG,512,neumann,50p,200025,0,261.2082170284267,/project/g_bme-janeslab/SarahG/spinodal_decomp_06_2025/out_julia/NMG_Julia_2000_dt_5.50e-06_Nx_512_neumann_dtout_200025p_phi.csv
Julia,NMG,512,neumann,50p,1025,0,261.2082170284267,/project/g_bme-janeslab/SarahG/spinodal_decomp_06_2025/out_julia/NMG_Julia_2000_dt_5.50e-06_Nx_512_neumann_dtout_1025p_phi.csv
Julia,SAV,512,neumann,50p,1050,0,79.22281022788745,/project/g_bme-janeslab/SarahG/spinodal_decomp_06_2025/out_julia/SAV_Julia_2000_dt_5.50e-06_Nx_512_neumann_dtout_1050p_phi.csv
Julia,NMG,512,neumann,50p,200075,0,253.84338861514155,/project/g_bme-janeslab/SarahG/spinodal_decomp_06_2025/out_julia/NMG_Julia_2000_dt_5.50e-06_Nx_512_neumann_dtout_200075p_phi.csv
Julia,SAV,64,neumann,50p,200025,0,53.923453314113104,/project/g_bme-janeslab/SarahG/spinodal_decomp_06_2025/out_julia/SAV_Julia_2000_dt_5.50e-06_Nx_64_neumann_dtout_200025p_phi.csv
Julia,SAV,64,neumann,50p,1075,0,48.36333527428656,/project/g_bme-janeslab/SarahG/spinodal_decomp_06_2025/out_julia/SAV_Julia_2000_dt_5.50e-06_Nx_64_neumann_dtout_1075p_phi.csv
Julia,SAV,256,periodic,50p,200050,0,29.482434048313717,/project/g_bme-janeslab/SarahG/spinodal_decomp_06_2025/out_julia/SAV_Julia_2000_dt_5.50e-06_Nx_256_periodic_dtout_200050p_phi.csv
Julia,NMG,64,periodic,50p,200075,0,48.36333527428656,/project/g_bme-janeslab/SarahG/spinodal_decomp_06_2025/out_julia/NMG_Julia_2000_dt_5.50e-06_Nx_64_periodic_dtout_200075p_phi.csv
Julia,SAV,512,neumann,50p,200050,0,79.22281022788745,/project/g_bme-janeslab/SarahG/spinodal_decomp_06_2025/out_julia/SAV_Julia_2000_dt_5.50e-06_Nx_512_neumann_dtout_200050p_phi.csv
Julia,NMG,128,neumann,50p,1025,0,69.2704536949737,/project/g_bme-janeslab/SarahG/spinodal_decomp_06_2025/out_julia/NMG_Julia_2000_dt_5.50e-06_Nx_128_neumann_dtout_1025p_phi.csv
Julia,SAV,512,periodic,50p,200075,0,253.84338861514155,/project/g_bme-janeslab/SarahG/spinodal_decomp_06_2025/out_julia/SAV_Julia_2000_dt_5.50e-06_Nx_512_periodic_dtout_200075p_phi.csv
Julia,NMG,512,neumann,50p,1075,0,253.84338861514155,/project/g_bme-janeslab/SarahG/spinodal_decomp_06_2025/out_julia/NMG_Julia_2000_dt_5.50e-06_Nx_512_neumann_dtout_1075p_phi.csv
Julia,NMG,256,neumann,50p,200025,0,121.46479242732823,/project/g_bme-janeslab/SarahG/spinodal_decomp_06_2025/out_julia/NMG_Julia_2000_dt_5.50e-06_Nx_256_neumann_dtout_200025p_phi.csv
Julia,SAV,64,neumann,50p,1050,0,41.946197852817455,/project/g_bme-janeslab/SarahG/spinodal_decomp_06_2025/out_julia/SAV_Julia_2000_dt_5.50e-06_Nx_64_neumann_dtout_1050p_phi.csv
Julia,NMG,64,periodic,50p,200050,0,41.946197852817455,/project/g_bme-janeslab/SarahG/spinodal_decomp_06_2025/out_julia/NMG_Julia_2000_dt_5.50e-06_Nx_64_periodic_dtout_200050p_phi.csv
Julia,SAV,512,periodic,50p,200050,0,79.22281022788745,/project/g_bme-janeslab/SarahG/spinodal_decomp_06_2025/out_julia/SAV_Julia_2000_dt_5.50e-06_Nx_512_periodic_dtout_200050p_phi.csv
Julia,NMG,64,periodic,50p,1050,0,41.946197852817455,/project/g_bme-janeslab/SarahG/spinodal_decomp_06_2025/out_julia/NMG_Julia_2000_dt_5.50e-06_Nx_64_periodic_dtout_1050p_phi.csv
Julia,NMG,512,periodic,50p,200050,0,79.22281022788745,/project/g_bme-janeslab/SarahG/spinodal_decomp_06_2025/out_julia/NMG_Julia_2000_dt_5.50e-06_Nx_512_periodic_dtout_200050p_phi.csv
Julia,NMG,128,neumann,50p,200050,0,48.80505080162444,/project/g_bme-janeslab/SarahG/spinodal_decomp_06_2025/out_julia/NMG_Julia_2000_dt_5.50e-06_Nx_128_neumann_dtout_200050p_phi.csv
Julia,SAV,64,neumann,50p,1025,0,53.923453314113104,/project/g_bme-janeslab/SarahG/spinodal_decomp_06_2025/out_julia/SAV_Julia_2000_dt_5.50e-06_Nx_64_neumann_dtout_1025p_phi.csv
Julia,SAV,64,periodic,50p,1050,0,41.946197852817455,/project/g_bme-janeslab/SarahG/spinodal_decomp_06_2025/out_julia/SAV_Julia_2000_dt_5.50e-06_Nx_64_periodic_dtout_1050p_phi.csv
Julia,NMG,128,neumann,50p,1050,0,48.80505080162444,/project/g_bme-janeslab/SarahG/spinodal_decomp_06_2025/out_julia/NMG_Julia_2000_dt_5.50e-06_Nx_128_neumann_dtout_1050p_phi.csv
Julia,NMG,512,periodic,50p,1025,0,261.2082170284267,/project/g_bme-janeslab/SarahG/spinodal_decomp_06_2025/out_julia/NMG_Julia_2000_dt_5.50e-06_Nx_512_periodic_dtout_1025p_phi.csv
Julia,SAV,128,neumann,50p,1075,0,76.0783785592713,/project/g_bme-janeslab/SarahG/spinodal_decomp_06_2025/out_julia/SAV_Julia_2000_dt_5.50e-06_Nx_128_neumann_dtout_1075p_phi.csv
Julia,NMG,64,periodic,50p,1025,0,53.923453314113104,/project/g_bme-janeslab/SarahG/spinodal_decomp_06_2025/out_julia/NMG_Julia_2000_dt_5.50e-06_Nx_64_periodic_dtout_1025p_phi.csv
Julia,NMG,256,neumann,50p,1025,0,121.46479242732823,/project/g_bme-janeslab/SarahG/spinodal_decomp_06_2025/out_julia/NMG_Julia_2000_dt_5.50e-06_Nx_256_neumann_dtout_1025p_phi.csv
Julia,NMG,128,periodic,50p,1025,0,69.2704536949737,/project/g_bme-janeslab/SarahG/spinodal_decomp_06_2025/out_julia/NMG_Julia_2000_dt_5.50e-06_Nx_128_periodic_dtout_1025p_phi.csv
Julia,SAV,128,periodic,50p,200025,0,69.2704536949737,/project/g_bme-janeslab/SarahG/spinodal_decomp_06_2025/out_julia/SAV_Julia_2000_dt_5.50e-06_Nx_128_periodic_dtout_200025p_phi.csv
Julia,NMG,64,periodic,50p,1075,0,48.36333527428656,/project/g_bme-janeslab/SarahG/spinodal_decomp_06_2025/out_julia/NMG_Julia_2000_dt_5.50e-06_Nx_64_periodic_dtout_1075p_phi.csv
Julia,SAV,512,periodic,50p,1075,0,253.84338861514155,/project/g_bme-janeslab/SarahG/spinodal_decomp_06_2025/out_julia/SAV_Julia_2000_dt_5.50e-06_Nx_512_periodic_dtout_1075p_phi.csv
Julia,NMG,256,neumann,50p,1075,0,127.73591934273881,/project/g_bme-janeslab/SarahG/spinodal_decomp_06_2025/out_julia/NMG_Julia_2000_dt_5.50e-06_Nx_256_neumann_dtout_1075p_phi.csv
Julia,SAV,256,periodic,50p,1050,0,29.482434048313717,/project/g_bme-janeslab/SarahG/spinodal_decomp_06_2025/out_julia/SAV_Julia_2000_dt_5.50e-06_Nx_256_periodic_dtout_1050p_phi.csv
Julia,SAV,128,periodic,50p,200050,0,48.80505080162444,/project/g_bme-janeslab/SarahG/spinodal_decomp_06_2025/out_julia/SAV_Julia_2000_dt_5.50e-06_Nx_128_periodic_dtout_200050p_phi.csv
Julia,SAV,64,periodic,50p,200050,0,41.946197852817455,/project/g_bme-janeslab/SarahG/spinodal_decomp_06_2025/out_julia/SAV_Julia_2000_dt_5.50e-06_Nx_64_periodic_dtout_200050p_phi.csv
Julia,SAV,128,neumann,50p,200050,0,48.80505080162444,/project/g_bme-janeslab/SarahG/spinodal_decomp_06_2025/out_julia/SAV_Julia_2000_dt_5.50e-06_Nx_128_neumann_dtout_200050p_phi.csv
Julia,NMG,256,neumann,50p,1050,0,29.482434048313717,/project/g_bme-janeslab/SarahG/spinodal_decomp_06_2025/out_julia/NMG_Julia_2000_dt_5.50e-06_Nx_256_neumann_dtout_1050p_phi.csv
Julia,SAV,256,neumann,50p,200075,0,127.73591934273881,/project/g_bme-janeslab/SarahG/spinodal_decomp_06_2025/out_julia/SAV_Julia_2000_dt_5.50e-06_Nx_256_neumann_dtout_200075p_phi.csv
Julia,SAV,128,periodic,50p,1050,0,48.80505080162444,/project/g_bme-janeslab/SarahG/spinodal_decomp_06_2025/out_julia/SAV_Julia_2000_dt_5.50e-06_Nx_128_periodic_dtout_1050p_phi.csv
Julia,SAV,512,neumann,50p,200025,0,261.2082170284267,/project/g_bme-janeslab/SarahG/spinodal_decomp_06_2025/out_julia/SAV_Julia_2000_dt_5.50e-06_Nx_512_neumann_dtout_200025p_phi.csv
Julia,NMG,64,neumann,50p,1025,0,53.923453314113104,/project/g_bme-janeslab/SarahG/spinodal_decomp_06_2025/out_julia/NMG_Julia_2000_dt_5.50e-06_Nx_64_neumann_dtout_1025p_phi.csv
Julia,SAV,256,neumann,50p,1025,0,121.46479242732823,/project/g_bme-janeslab/SarahG/spinodal_decomp_06_2025/out_julia/SAV_Julia_2000_dt_5.50e-06_Nx_256_neumann_dtout_1025p_phi.csv
Julia,NMG,64,neumann,50p,200075,0,48.36333527428656,/project/g_bme-janeslab/SarahG/spinodal_decomp_06_2025/out_julia/NMG_Julia_2000_dt_5.50e-06_Nx_64_neumann_dtout_200075p_phi.csv
Julia,NMG,128,periodic,50p,200050,0,48.80505080162444,/project/g_bme-janeslab/SarahG/spinodal_decomp_06_2025/out_julia/NMG_Julia_2000_dt_5.50e-06_Nx_128_periodic_dtout_200050p_phi.csv
Julia,SAV,256,periodic,50p,1025,0,121.46479242732823,/project/g_bme-janeslab/SarahG/spinodal_decomp_06_2025/out_julia/SAV_Julia_2000_dt_5.50e-06_Nx_256_periodic_dtout_1025p_phi.csv
Julia,SAV,128,periodic,50p,1075,0,76.0783785592713,/project/g_bme-janeslab/SarahG/spinodal_decomp_06_2025/out_julia/SAV_Julia_2000_dt_5.50e-06_Nx_128_periodic_dtout_1075p_phi.csv
Julia,SAV,512,neumann,50p,1025,0,261.2082170284267,/project/g_bme-janeslab/SarahG/spinodal_decomp_06_2025/out_julia/SAV_Julia_2000_dt_5.50e-06_Nx_512_neumann_dtout_1025p_phi.csv
Julia,NMG,256,neumann,50p,200075,0,127.73591934273881,/project/g_bme-janeslab/SarahG/spinodal_decomp_06_2025/out_julia/NMG_Julia_2000_dt_5.50e-06_Nx_256_neumann_dtout_200075p_phi.csv
Julia,NMG,256,periodic,50p,200075,0,127.73591934273881,/project/g_bme-janeslab/SarahG/spinodal_decomp_06_2025/out_julia/NMG_Julia_2000_dt_5.50e-06_Nx_256_periodic_dtout_200075p_phi.csv
Julia,SAV,256,periodic,50p,200075,0,127.73591934273881,/project/g_bme-janeslab/SarahG/spinodal_decomp_06_2025/out_julia/SAV_Julia_2000_dt_5.50e-06_Nx_256_periodic_dtout_200075p_phi.csv
Julia,NMG,256,periodic,50p,1075,0,127.73591934273881,/project/g_bme-janeslab/SarahG/spinodal_decomp_06_2025/out_julia/NMG_Julia_2000_dt_5.50e-06_Nx_256_periodic_dtout_1075p_phi.csv
Julia,NMG,64,periodic,50p,200025,0,53.923453314113104,/project/g_bme-janeslab/SarahG/spinodal_decomp_06_2025/out_julia/NMG_Julia_2000_dt_5.50e-06_Nx_64_periodic_dtout_200025p_phi.csv
Julia,SAV,512,neumann,50p,1075,0,253.84338861514155,/project/g_bme-janeslab/SarahG/spinodal_decomp_06_2025/out_julia/SAV_Julia_2000_dt_5.50e-06_Nx_512_neumann_dtout_1075p_phi.csv
Julia,SAV,256,periodic,50p,200025,0,121.46479242732823,/project/g_bme-janeslab/SarahG/spinodal_decomp_06_2025/out_julia/SAV_Julia_2000_dt_5.50e-06_Nx_256_periodic_dtout_200025p_phi.csv
Julia,SAV,64,periodic,50p,200075,0,48.36333527428656,/project/g_bme-janeslab/SarahG/spinodal_decomp_06_2025/out_julia/SAV_Julia_2000_dt_5.50e-06_Nx_64_periodic_dtout_200075p_phi.csv
Julia,NMG,256,neumann,50p,200050,0,29.482434048313717,/project/g_bme-janeslab/SarahG/spinodal_decomp_06_2025/out_julia/NMG_Julia_2000_dt_5.50e-06_Nx_256_neumann_dtout_200050p_phi.csv
Julia,SAV,256,neumann,50p,1075,0,127.73591934273881,/project/g_bme-janeslab/SarahG/spinodal_decomp_06_2025/out_julia/SAV_Julia_2000_dt_5.50e-06_Nx_256_neumann_dtout_1075p_phi.csv
Julia,SAV,128,neumann,50p,1025,0,69.2704536949737,/project/g_bme-janeslab/SarahG/spinodal_decomp_06_2025/out_julia/SAV_Julia_2000_dt_5.50e-06_Nx_128_neumann_dtout_1025p_phi.csv
Julia,NMG,128,neumann,50p,1075,0,76.0783785592713,/project/g_bme-janeslab/SarahG/spinodal_decomp_06_2025/out_julia/NMG_Julia_2000_dt_5.50e-06_Nx_128_neumann_dtout_1075p_phi.csv
Julia,SAV,64,periodic,50p,1075,0,48.36333527428656,/project/g_bme-janeslab/SarahG/spinodal_decomp_06_2025/out_julia/SAV_Julia_2000_dt_5.50e-06_Nx_64_periodic_dtout_1075p_phi.csv
Julia,NMG,512,neumann,50p,1050,0,79.22281022788745,/project/g_bme-janeslab/SarahG/spinodal_decomp_06_2025/out_julia/NMG_Julia_2000_dt_5.50e-06_Nx_512_neumann_dtout_1050p_phi.csv
Julia,SAV,256,neumann,50p,1050,0,29.482434048313717,/project/g_bme-janeslab/SarahG/spinodal_decomp_06_2025/out_julia/SAV_Julia_2000_dt_5.50e-06_Nx_256_neumann_dtout_1050p_phi.csv
Julia,NMG,128,periodic,50p,1075,0,76.0783785592713,/project/g_bme-janeslab/SarahG/spinodal_decomp_06_2025/out_julia/NMG_Julia_2000_dt_5.50e-06_Nx_128_periodic_dtout_1075p_phi.csv
Julia,NMG,512,neumann,50p,200050,0,79.22281022788745,/project/g_bme-janeslab/SarahG/spinodal_decomp_06_2025/out_julia/NMG_Julia_2000_dt_5.50e-06_Nx_512_neumann_dtout_200050p_phi.csv
Julia,SAV,128,periodic,50p,1025,0,69.2704536949737,/project/g_bme-janeslab/SarahG/spinodal_decomp_06_2025/out_julia/SAV_Julia_2000_dt_5.50e-06_Nx_128_periodic_dtout_1025p_phi.csv
Python,NMG,256,neumann,50p,2075,0,127.73591934273881,/project/g_bme-janeslab/SarahG/spinodal_decomp_06_2025/out_python/NMG_Python_20_dt_5.50e-06_Nx_256_neumann_dtout_2075pphi.csv
Python,SAV,128,periodic,50p,1050,0,48.80505080162444,/project/g_bme-janeslab/SarahG/spinodal_decomp_06_2025/out_python/SAV_Python_2000_dt_5.50e-06_Nx_128_periodic_dtout_1050pphi.csv
Python,SAV,256,neumann,50p,200025,0,121.46479242732823,/project/g_bme-janeslab/SarahG/spinodal_decomp_06_2025/out_python/SAV_Python_2000_dt_5.50e-06_Nx_256_neumann_dtout_200025pphi.csv
Python,SAV,128,neumann,50p,1050,0,48.80505080162444,/project/g_bme-janeslab/SarahG/spinodal_decomp_06_2025/out_python/SAV_Python_2000_dt_5.50e-06_Nx_128_neumann_dtout_1050pphi.csv
Python,NMG,128,periodic,50p,2025,0,69.2704536949737,/project/g_bme-janeslab/SarahG/spinodal_decomp_06_2025/out_python/NMG_Python_20_dt_5.50e-06_Nx_128_periodic_dtout_2025pphi.csv
Python,SAV,256,periodic,50p,200050,0,29.482434048313717,/project/g_bme-janeslab/SarahG/spinodal_decomp_06_2025/out_python/SAV_Python_2000_dt_5.50e-06_Nx_256_periodic_dtout_200050pphi.csv
Python,NMG,256,periodic,50p,2025,0,121.46479242732823,/project/g_bme-janeslab/SarahG/spinodal_decomp_06_2025/out_python/NMG_Python_20_dt_5.50e-06_Nx_256_periodic_dtout_2025pphi.csv
Python,NMG,512,neumann,50p,2050,0,79.22281022788745,/project/g_bme-janeslab/SarahG/spinodal_decomp_06_2025/out_python/NMG_Python_20_dt_5.50e-06_Nx_512_neumann_dtout_2050pphi.csv
Python,SAV,512,periodic,50p,200025,0,261.2082170284267,/project/g_bme-janeslab/SarahG/spinodal_decomp_06_2025/out_python/SAV_Python_2000_dt_5.50e-06_Nx_512_periodic_dtout_200025pphi.csv
Python,SAV,64,periodic,50p,200075,0,48.36333527428656,/project/g_bme-janeslab/SarahG/spinodal_decomp_06_2025/out_python/SAV_Python_2000_dt_5.50e-06_Nx_64_periodic_dtout_200075pphi.csv
Python,SAV,256,periodic,50p,200025,0,121.46479242732823,/project/g_bme-janeslab/SarahG/spinodal_decomp_06_2025/out_python/SAV_Python_2000_dt_5.50e-06_Nx_256_periodic_dtout_200025pphi.csv
Python,SAV,64,periodic,50p,1050,0,41.946197852817455,/project/g_bme-janeslab/SarahG/spinodal_decomp_06_2025/out_python/SAV_Python_2000_dt_5.50e-06_Nx_64_periodic_dtout_1050pphi.csv
Python,SAV,256,neumann,50p,200075,0,127.73591934273881,/project/g_bme-janeslab/SarahG/spinodal_decomp_06_2025/out_python/SAV_Python_2000_dt_5.50e-06_Nx_256_neumann_dtout_200075pphi.csv
Python,SAV,128,periodic,50p,200075,0,76.0783785592713,/project/g_bme-janeslab/SarahG/spinodal_decomp_06_2025/out_python/SAV_Python_2000_dt_5.50e-06_Nx_128_periodic_dtout_200075pphi.csv
Python,NMG,128,neumann,50p,125,0,69.2704536949737,/project/g_bme-janeslab/SarahG/spinodal_decomp_06_2025/out_python/NMG_Python_20_dt_5.50e-06_Nx_128_neumann_dtout_125pphi.csv
Python,SAV,256,periodic,50p,200075,0,127.73591934273881,/project/g_bme-janeslab/SarahG/spinodal_decomp_06_2025/out_python/SAV_Python_2000_dt_5.50e-06_Nx_256_periodic_dtout_200075pphi.csv
Python,NMG,256,neumann,50p,2050,0,29.482434048313717,/project/g_bme-janeslab/SarahG/spinodal_decomp_06_2025/out_python/NMG_Python_20_dt_5.50e-06_Nx_256_neumann_dtout_2050pphi.csv
Python,SAV,64,periodic,50p,1075,0,48.36333527428656,/project/g_bme-janeslab/SarahG/spinodal_decomp_06_2025/out_python/SAV_Python_2000_dt_5.50e-06_Nx_64_periodic_dtout_1075pphi.csv
Python,SAV,128,neumann,50p,200025,0,69.2704536949737,/project/g_bme-janeslab/SarahG/spinodal_decomp_06_2025/out_python/SAV_Python_2000_dt_5.50e-06_Nx_128_neumann_dtout_200025pphi.csv
Python,NMG,64,periodic,50p,175,0,48.36333527428656,/project/g_bme-janeslab/SarahG/spinodal_decomp_06_2025/out_python/NMG_Python_20_dt_5.50e-06_Nx_64_periodic_dtout_175pphi.csv
Python,SAV,256,neumann,50p,1075,0,127.73591934273881,/project/g_bme-janeslab/SarahG/spinodal_decomp_06_2025/out_python/SAV_Python_2000_dt_5.50e-06_Nx_256_neumann_dtout_1075pphi.csv
Python,NMG,256,periodic,50p,150,0,29.482434048313717,/project/g_bme-janeslab/SarahG/spinodal_decomp_06_2025/out_python/NMG_Python_20_dt_5.50e-06_Nx_256_periodic_dtout_150pphi.csv
Python,SAV,64,periodic,50p,1025,0,53.923453314113104,/project/g_bme-janeslab/SarahG/spinodal_decomp_06_2025/out_python/SAV_Python_2000_dt_5.50e-06_Nx_64_periodic_dtout_1025pphi.csv
Python,NMG,128,neumann,50p,175,0,76.0783785592713,/project/g_bme-janeslab/SarahG/spinodal_decomp_06_2025/out_python/NMG_Python_20_dt_5.50e-06_Nx_128_neumann_dtout_175pphi.csv
Python,SAV,512,neumann,50p,1025,0,261.2082170284267,/project/g_bme-janeslab/SarahG/spinodal_decomp_06_2025/out_python/SAV_Python_2000_dt_5.50e-06_Nx_512_neumann_dtout_1025pphi.csv
Python,SAV,256,neumann,50p,1050,0,29.482434048313717,/project/g_bme-janeslab/SarahG/spinodal_decomp_06_2025/out_python/SAV_Python_2000_dt_5.50e-06_Nx_256_neumann_dtout_1050pphi.csv
Python,NMG,64,neumann,50p,150,0,41.946197852817455,/project/g_bme-janeslab/SarahG/spinodal_decomp_06_2025/out_python/NMG_Python_20_dt_5.50e-06_Nx_64_neumann_dtout_150pphi.csv
Python,NMG,256,neumann,50p,150,0,29.482434048313717,/project/g_bme-janeslab/SarahG/spinodal_decomp_06_2025/out_python/NMG_Python_20_dt_5.50e-06_Nx_256_neumann_dtout_150pphi.csv
Python,NMG,512,neumann,50p,125,0,261.2082170284267,/project/g_bme-janeslab/SarahG/spinodal_decomp_06_2025/out_python/NMG_Python_20_dt_5.50e-06_Nx_512_neumann_dtout_125pphi.csv
Python,SAV,512,periodic,50p,1025,0,261.2082170284267,/project/g_bme-janeslab/SarahG/spinodal_decomp_06_2025/out_python/SAV_Python_2000_dt_5.50e-06_Nx_512_periodic_dtout_1025pphi.csv
Python,SAV,128,neumann,50p,200050,0,48.80505080162444,/project/g_bme-janeslab/SarahG/spinodal_decomp_06_2025/out_python/SAV_Python_2000_dt_5.50e-06_Nx_128_neumann_dtout_200050pphi.csv
Python,SAV,512,periodic,50p,200050,0,79.22281022788745,/project/g_bme-janeslab/SarahG/spinodal_decomp_06_2025/out_python/SAV_Python_2000_dt_5.50e-06_Nx_512_periodic_dtout_200050pphi.csv
Python,SAV,512,neumann,50p,1075,0,253.84338861514155,/project/g_bme-janeslab/SarahG/spinodal_decomp_06_2025/out_python/SAV_Python_2000_dt_5.50e-06_Nx_512_neumann_dtout_1075pphi.csv
Python,NMG,256,neumann,50p,175,0,127.73591934273881,/project/g_bme-janeslab/SarahG/spinodal_decomp_06_2025/out_python/NMG_Python_20_dt_5.50e-06_Nx_256_neumann_dtout_175pphi.csv
Python,SAV,128,neumann,50p,1025,0,69.2704536949737,/project/g_bme-janeslab/SarahG/spinodal_decomp_06_2025/out_python/SAV_Python_2000_dt_5.50e-06_Nx_128_neumann_dtout_1025pphi.csv
Python,NMG,128,neumann,50p,2050,0,48.80505080162444,/project/g_bme-janeslab/SarahG/spinodal_decomp_06_2025/out_python/NMG_Python_20_dt_5.50e-06_Nx_128_neumann_dtout_2050pphi.csv
Python,NMG,128,periodic,50p,150,0,48.80505080162444,/project/g_bme-janeslab/SarahG/spinodal_decomp_06_2025/out_python/NMG_Python_20_dt_5.50e-06_Nx_128_periodic_dtout_150pphi.csv
Python,NMG,256,neumann,50p,125,0,121.46479242732823,/project/g_bme-janeslab/SarahG/spinodal_decomp_06_2025/out_python/NMG_Python_20_dt_5.50e-06_Nx_256_neumann_dtout_125pphi.csv
Python,NMG,64,neumann,50p,175,0,48.36333527428656,/project/g_bme-janeslab/SarahG/spinodal_decomp_06_2025/out_python/NMG_Python_20_dt_5.50e-06_Nx_64_neumann_dtout_175pphi.csv
Python,NMG,256,periodic,50p,125,0,121.46479242732823,/project/g_bme-janeslab/SarahG/spinodal_decomp_06_2025/out_python/NMG_Python_20_dt_5.50e-06_Nx_256_periodic_dtout_125pphi.csv
Python,NMG,64,periodic,50p,2025,0,53.923453314113104,/project/g_bme-janeslab/SarahG/spinodal_decomp_06_2025/out_python/NMG_Python_20_dt_5.50e-06_Nx_64_periodic_dtout_2025pphi.csv
Python,NMG,512,periodic,50p,150,0,79.22281022788745,/project/g_bme-janeslab/SarahG/spinodal_decomp_06_2025/out_python/NMG_Python_20_dt_5.50e-06_Nx_512_periodic_dtout_150pphi.csv
Python,SAV,512,neumann,50p,200050,0,79.22281022788745,/project/g_bme-janeslab/SarahG/spinodal_decomp_06_2025/out_python/SAV_Python_2000_dt_5.50e-06_Nx_512_neumann_dtout_200050pphi.csv
Python,SAV,512,periodic,50p,1050,0,79.22281022788745,/project/g_bme-janeslab/SarahG/spinodal_decomp_06_2025/out_python/SAV_Python_2000_dt_5.50e-06_Nx_512_periodic_dtout_1050pphi.csv
Python,SAV,512,neumann,50p,200075,0,253.84338861514155,/project/g_bme-janeslab/SarahG/spinodal_decomp_06_2025/out_python/SAV_Python_2000_dt_5.50e-06_Nx_512_neumann_dtout_200075pphi.csv
Python,NMG,512,periodic,50p,2025,0,261.2082170284267,/project/g_bme-janeslab/SarahG/spinodal_decomp_06_2025/out_python/NMG_Python_20_dt_5.50e-06_Nx_512_periodic_dtout_2025pphi.csv
Python,NMG,64,neumann,50p,2050,0,41.946197852817455,/project/g_bme-janeslab/SarahG/spinodal_decomp_06_2025/out_python/NMG_Python_20_dt_5.50e-06_Nx_64_neumann_dtout_2050pphi.csv
Python,NMG,128,neumann,50p,2075,0,76.0783785592713,/project/g_bme-janeslab/SarahG/spinodal_decomp_06_2025/out_python/NMG_Python_20_dt_5.50e-06_Nx_128_neumann_dtout_2075pphi.csv
Python,NMG,64,neumann,50p,125,0,53.923453314113104,/project/g_bme-janeslab/SarahG/spinodal_decomp_06_2025/out_python/NMG_Python_20_dt_5.50e-06_Nx_64_neumann_dtout_125pphi.csv
Python,SAV,64,neumann,50p,200025,0,53.923453314113104,/project/g_bme-janeslab/SarahG/spinodal_decomp_06_2025/out_python/SAV_Python_2000_dt_5.50e-06_Nx_64_neumann_dtout_200025pphi.csv
Python,NMG,512,periodic,50p,125,0,261.2082170284267,/project/g_bme-janeslab/SarahG/spinodal_decomp_06_2025/out_python/NMG_Python_20_dt_5.50e-06_Nx_512_periodic_dtout_125pphi.csv
Python,SAV,128,periodic,50p,200025,0,69.2704536949737,/project/g_bme-janeslab/SarahG/spinodal_decomp_06_2025/out_python/SAV_Python_2000_dt_5.50e-06_Nx_128_periodic_dtout_200025pphi.csv
Python,SAV,256,neumann,50p,1025,0,121.46479242732823,/project/g_bme-janeslab/SarahG/spinodal_decomp_06_2025/out_python/SAV_Python_2000_dt_5.50e-06_Nx_256_neumann_dtout_1025pphi.csv
Python,NMG,512,periodic,50p,2050,0,79.22281022788745,/project/g_bme-janeslab/SarahG/spinodal_decomp_06_2025/out_python/NMG_Python_20_dt_5.50e-06_Nx_512_periodic_dtout_2050pphi.csv
Python,SAV,512,periodic,50p,200075,0,253.84338861514155,/project/g_bme-janeslab/SarahG/spinodal_decomp_06_2025/out_python/SAV_Python_2000_dt_5.50e-06_Nx_512_periodic_dtout_200075pphi.csv
Python,NMG,128,periodic,50p,175,0,76.0783785592713,/project/g_bme-janeslab/SarahG/spinodal_decomp_06_2025/out_python/NMG_Python_20_dt_5.50e-06_Nx_128_periodic_dtout_175pphi.csv
Python,NMG,512,periodic,50p,175,0,253.84338861514155,/project/g_bme-janeslab/SarahG/spinodal_decomp_06_2025/out_python/NMG_Python_20_dt_5.50e-06_Nx_512_periodic_dtout_175pphi.csv
Python,SAV,512,periodic,50p,1075,0,253.84338861514155,/project/g_bme-janeslab/SarahG/spinodal_decomp_06_2025/out_python/SAV_Python_2000_dt_5.50e-06_Nx_512_periodic_dtout_1075pphi.csv
Python,SAV,128,periodic,50p,1075,0,76.0783785592713,/project/g_bme-janeslab/SarahG/spinodal_decomp_06_2025/out_python/SAV_Python_2000_dt_5.50e-06_Nx_128_periodic_dtout_1075pphi.csv
Python,NMG,128,neumann,50p,150,0,48.80505080162444,/project/g_bme-janeslab/SarahG/spinodal_decomp_06_2025/out_python/NMG_Python_20_dt_5.50e-06_Nx_128_neumann_dtout_150pphi.csv
Python,SAV,64,periodic,50p,200025,0,53.923453314113104,/project/g_bme-janeslab/SarahG/spinodal_decomp_06_2025/out_python/SAV_Python_2000_dt_5.50e-06_Nx_64_periodic_dtout_200025pphi.csv
Python,NMG,128,periodic,50p,2075,0,76.0783785592713,/project/g_bme-janeslab/SarahG/spinodal_decomp_06_2025/out_python/NMG_Python_20_dt_5.50e-06_Nx_128_periodic_dtout_2075pphi.csv
Python,SAV,64,neumann,50p,200050,0,41.946197852817455,/project/g_bme-janeslab/SarahG/spinodal_decomp_06_2025/out_python/SAV_Python_2000_dt_5.50e-06_Nx_64_neumann_dtout_200050pphi.csv
Python,SAV,128,periodic,50p,200050,0,48.80505080162444,/project/g_bme-janeslab/SarahG/spinodal_decomp_06_2025/out_python/SAV_Python_2000_dt_5.50e-06_Nx_128_periodic_dtout_200050pphi.csv
Python,NMG,256,periodic,50p,2075,0,127.73591934273881,/project/g_bme-janeslab/SarahG/spinodal_decomp_06_2025/out_python/NMG_Python_20_dt_5.50e-06_Nx_256_periodic_dtout_2075pphi.csv
Python,NMG,512,neumann,50p,175,0,253.84338861514155,/project/g_bme-janeslab/SarahG/spinodal_decomp_06_2025/out_python/NMG_Python_20_dt_5.50e-06_Nx_512_neumann_dtout_175pphi.csv
Python,NMG,64,neumann,50p,2025,0,53.923453314113104,/project/g_bme-janeslab/SarahG/spinodal_decomp_06_2025/out_python/NMG_Python_20_dt_5.50e-06_Nx_64_neumann_dtout_2025pphi.csv
Python,NMG,64,neumann,50p,2075,0,48.36333527428656,/project/g_bme-janeslab/SarahG/spinodal_decomp_06_2025/out_python/NMG_Python_20_dt_5.50e-06_Nx_64_neumann_dtout_2075pphi.csv
Python,SAV,128,periodic,50p,1025,0,69.2704536949737,/project/g_bme-janeslab/SarahG/spinodal_decomp_06_2025/out_python/SAV_Python_2000_dt_5.50e-06_Nx_128_periodic_dtout_1025pphi.csv
Python,SAV,64,neumann,50p,1025,0,53.923453314113104,/project/g_bme-janeslab/SarahG/spinodal_decomp_06_2025/out_python/SAV_Python_2000_dt_5.50e-06_Nx_64_neumann_dtout_1025pphi.csv
Python,SAV,64,periodic,50p,200050,0,41.946197852817455,/project/g_bme-janeslab/SarahG/spinodal_decomp_06_2025/out_python/SAV_Python_2000_dt_5.50e-06_Nx_64_periodic_dtout_200050pphi.csv
Python,NMG,512,periodic,50p,2075,0,253.84338861514155,/project/g_bme-janeslab/SarahG/spinodal_decomp_06_2025/out_python/NMG_Python_20_dt_5.50e-06_Nx_512_periodic_dtout_2075pphi.csv
Python,NMG,512,neumann,50p,2025,0,261.2082170284267,/project/g_bme-janeslab/SarahG/spinodal_decomp_06_2025/out_python/NMG_Python_20_dt_5.50e-06_Nx_512_neumann_dtout_2025pphi.csv
Python,NMG,512,neumann,50p,150,0,79.22281022788745,/project/g_bme-janeslab/SarahG/spinodal_decomp_06_2025/out_python/NMG_Python_20_dt_5.50e-06_Nx_512_neumann_dtout_150pphi.csv
Python,NMG,64,periodic,50p,125,0,53.923453314113104,/project/g_bme-janeslab/SarahG/spinodal_decomp_06_2025/out_python/NMG_Python_20_dt_5.50e-06_Nx_64_periodic_dtout_125pphi.csv
Python,SAV,256,periodic,50p,1025,0,121.46479242732823,/project/g_bme-janeslab/SarahG/spinodal_decomp_06_2025/out_python/SAV_Python_2000_dt_5.50e-06_Nx_256_periodic_dtout_1025pphi.csv
Python,SAV,128,neumann,50p,200075,0,76.0783785592713,/project/g_bme-janeslab/SarahG/spinodal_decomp_06_2025/out_python/SAV_Python_2000_dt_5.50e-06_Nx_128_neumann_dtout_200075pphi.csv
Python,NMG,128,periodic,50p,2050,0,48.80505080162444,/project/g_bme-janeslab/SarahG/spinodal_decomp_06_2025/out_python/NMG_Python_20_dt_5.50e-06_Nx_128_periodic_dtout_2050pphi.csv
Python,NMG,256,periodic,50p,2050,0,29.482434048313717,/project/g_bme-janeslab/SarahG/spinodal_decomp_06_2025/out_python/NMG_Python_20_dt_5.50e-06_Nx_256_periodic_dtout_2050pphi.csv
Python,SAV,256,periodic,50p,1075,0,127.73591934273881,/project/g_bme-janeslab/SarahG/spinodal_decomp_06_2025/out_python/SAV_Python_2000_dt_5.50e-06_Nx_256_periodic_dtout_1075pphi.csv
Python,SAV,256,neumann,50p,200050,0,29.482434048313717,/project/g_bme-janeslab/SarahG/spinodal_decomp_06_2025/out_python/SAV_Python_2000_dt_5.50e-06_Nx_256_neumann_dtout_200050pphi.csv
Python,NMG,64,periodic,50p,2050,0,41.946197852817455,/project/g_bme-janeslab/SarahG/spinodal_decomp_06_2025/out_python/NMG_Python_20_dt_5.50e-06_Nx_64_periodic_dtout_2050pphi.csv
Python,SAV,512,neumann,50p,200025,0,261.2082170284267,/project/g_bme-janeslab/SarahG/spinodal_decomp_06_2025/out_python/SAV_Python_2000_dt_5.50e-06_Nx_512_neumann_dtout_200025pphi.csv
Python,NMG,512,neumann,50p,2075,0,253.84338861514155,/project/g_bme-janeslab/SarahG/spinodal_decomp_06_2025/out_python/NMG_Python_20_dt_5.50e-06_Nx_512_neumann_dtout_2075pphi.csv
Python,NMG,256,neumann,50p,2025,0,121.46479242732823,/project/g_bme-janeslab/SarahG/spinodal_decomp_06_2025/out_python/NMG_Python_20_dt_5.50e-06_Nx_256_neumann_dtout_2025pphi.csv
Python,SAV,512,neumann,50p,1050,0,79.22281022788745,/project/g_bme-janeslab/SarahG/spinodal_decomp_06_2025/out_python/SAV_Python_2000_dt_5.50e-06_Nx_512_neumann_dtout_1050pphi.csv
Python,SAV,64,neumann,50p,200075,0,48.36333527428656,/project/g_bme-janeslab/SarahG/spinodal_decomp_06_2025/out_python/SAV_Python_2000_dt_5.50e-06_Nx_64_neumann_dtout_200075pphi.csv
Python,NMG,128,neumann,50p,2025,0,69.2704536949737,/project/g_bme-janeslab/SarahG/spinodal_decomp_06_2025/out_python/NMG_Python_20_dt_5.50e-06_Nx_128_neumann_dtout_2025pphi.csv
Python,SAV,256,periodic,50p,1050,0,29.482434048313717,/project/g_bme-janeslab/SarahG/spinodal_decomp_06_2025/out_python/SAV_Python_2000_dt_5.50e-06_Nx_256_periodic_dtout_1050pphi.csv
Python,NMG,64,periodic,50p,2075,0,48.36333527428656,/project/g_bme-janeslab/SarahG/spinodal_decomp_06_2025/out_python/NMG_Python_20_dt_5.50e-06_Nx_64_periodic_dtout_2075pphi.csv
Python,NMG,256,periodic,50p,175,0,127.73591934273881,/project/g_bme-janeslab/SarahG/spinodal_decomp_06_2025/out_python/NMG_Python_20_dt_5.50e-06_Nx_256_periodic_dtout_175pphi.csv
Python,NMG,64,periodic,50p,150,0,41.946197852817455,/project/g_bme-janeslab/SarahG/spinodal_decomp_06_2025/out_python/NMG_Python_20_dt_5.50e-06_Nx_64_periodic_dtout_150pphi.csv
Python,SAV,64,neumann,50p,1075,0,48.36333527428656,/project/g_bme-janeslab/SarahG/spinodal_decomp_06_2025/out_python/SAV_Python_2000_dt_5.50e-06_Nx_64_neumann_dtout_1075pphi.csv
Python,NMG,128,periodic,50p,125,0,69.2704536949737,/project/g_bme-janeslab/SarahG/spinodal_decomp_06_2025/out_python/NMG_Python_20_dt_5.50e-06_Nx_128_periodic_dtout_125pphi.csv
Python,SAV,128,neumann,50p,1075,0,76.0783785592713,/project/g_bme-janeslab/SarahG/spinodal_decomp_06_2025/out_python/SAV_Python_2000_dt_5.50e-06_Nx_128_neumann_dtout_1075pphi.csv
Python,SAV,64,neumann,50p,1050,0,41.946197852817455,/project/g_bme-janeslab/SarahG/spinodal_decomp_06_2025/out_python/SAV_Python_2000_dt_5.50e-06_Nx_64_neumann_dtout_1050pphi.csv
MATLAB,SAV,64,periodic,450p,None (10),40,19.139213403278678,/project/g_bme-janeslab/SarahG/spinodal_decomp_06_2025/out_MATLAB/SAV_MATLAB_2000_dt_5.50e-06_Nx_64_periodic_n_relax_450p_phi.csv
MATLAB,NMG,512,periodic,475p,None (10),40,255.0223222392231,/project/g_bme-janeslab/SarahG/spinodal_decomp_06_2025/out_MATLAB/NMG_MATLAB_2000_dt_5.50e-06_Nx_512_periodic_n_relax_475p_phi.csv
MATLAB,NMG,512,neumann,450p,None (10),40,272.53659450871413,/project/g_bme-janeslab/SarahG/spinodal_decomp_06_2025/out_MATLAB/NMG_MATLAB_2000_dt_5.50e-06_Nx_512_neumann_n_relax_450p_phi.csv
MATLAB,SAV,256,neumann,450p,None (10),40,48.30099477187435,/project/g_bme-janeslab/SarahG/spinodal_decomp_06_2025/out_MATLAB/SAV_MATLAB_2000_dt_5.50e-06_Nx_256_neumann_n_relax_450p_phi.csv
MATLAB,SAV,64,neumann,475p,None (10),40,34.01723207286898,/project/g_bme-janeslab/SarahG/spinodal_decomp_06_2025/out_MATLAB/SAV_MATLAB_2000_dt_5.50e-06_Nx_64_neumann_n_relax_475p_phi.csv
MATLAB,NMG,256,periodic,475p,None (10),40,124.39288857365197,/project/g_bme-janeslab/SarahG/spinodal_decomp_06_2025/out_MATLAB/NMG_MATLAB_2000_dt_5.50e-06_Nx_256_periodic_n_relax_475p_phi.csv
MATLAB,NMG,128,neumann,425p,None (10),40,70.67041772984895,/project/g_bme-janeslab/SarahG/spinodal_decomp_06_2025/out_MATLAB/NMG_MATLAB_2000_dt_5.50e-06_Nx_128_neumann_n_relax_425p_phi.csv
MATLAB,SAV,256,periodic,425p,None (10),40,0.0,/project/g_bme-janeslab/SarahG/spinodal_decomp_06_2025/out_MATLAB/SAV_MATLAB_2000_dt_5.50e-06_Nx_256_periodic_n_relax_425p_phi.csv
MATLAB,NMG,128,periodic,475p,None (10),40,65.5257778048391,/project/g_bme-janeslab/SarahG/spinodal_decomp_06_2025/out_MATLAB/NMG_MATLAB_2000_dt_5.50e-06_Nx_128_periodic_n_relax_475p_phi.csv
MATLAB,SAV,128,periodic,450p,None (10),40,39.52508112391426,/project/g_bme-janeslab/SarahG/spinodal_decomp_06_2025/out_MATLAB/SAV_MATLAB_2000_dt_5.50e-06_Nx_128_periodic_n_relax_450p_phi.csv
MATLAB,NMG,128,neumann,450p,None (10),40,23.783360005123065,/project/g_bme-janeslab/SarahG/spinodal_decomp_06_2025/out_MATLAB/NMG_MATLAB_2000_dt_5.50e-06_Nx_128_neumann_n_relax_450p_phi.csv
MATLAB,SAV,256,neumann,425p,None (10),40,120.818091720489,/project/g_bme-janeslab/SarahG/spinodal_decomp_06_2025/out_MATLAB/SAV_MATLAB_2000_dt_5.50e-06_Nx_256_neumann_n_relax_425p_phi.csv
MATLAB,SAV,512,periodic,450p,None (10),40,440.53696172220947,/project/g_bme-janeslab/SarahG/spinodal_decomp_06_2025/out_MATLAB/SAV_MATLAB_2000_dt_5.50e-06_Nx_512_periodic_n_relax_450p_phi.csv
MATLAB,SAV,128,periodic,425p,None (10),40,70.78274779130223,/project/g_bme-janeslab/SarahG/spinodal_decomp_06_2025/out_MATLAB/SAV_MATLAB_2000_dt_5.50e-06_Nx_128_periodic_n_relax_425p_phi.csv
MATLAB,NMG,512,neumann,425p,None (10),40,275.14038693080875,/project/g_bme-janeslab/SarahG/spinodal_decomp_06_2025/out_MATLAB/NMG_MATLAB_2000_dt_5.50e-06_Nx_512_neumann_n_relax_425p_phi.csv
MATLAB,NMG,64,neumann,450p,None (10),40,33.4162248961593,/project/g_bme-janeslab/SarahG/spinodal_decomp_06_2025/out_MATLAB/NMG_MATLAB_2000_dt_5.50e-06_Nx_64_neumann_n_relax_450p_phi.csv
MATLAB,NMG,64,periodic,450p,None (10),40,14.190308695207143,/project/g_bme-janeslab/SarahG/spinodal_decomp_06_2025/out_MATLAB/NMG_MATLAB_2000_dt_5.50e-06_Nx_64_periodic_n_relax_450p_phi.csv
MATLAB,NMG,256,neumann,425p,None (10),40,121.78577624620766,/project/g_bme-janeslab/SarahG/spinodal_decomp_06_2025/out_MATLAB/NMG_MATLAB_2000_dt_5.50e-06_Nx_256_neumann_n_relax_425p_phi.csv
MATLAB,SAV,64,neumann,425p,None (10),40,0.0,/project/g_bme-janeslab/SarahG/spinodal_decomp_06_2025/out_MATLAB/SAV_MATLAB_2000_dt_5.50e-06_Nx_64_neumann_n_relax_425p_phi.csv
MATLAB,SAV,128,neumann,425p,None (10),40,0.0,/project/g_bme-janeslab/SarahG/spinodal_decomp_06_2025/out_MATLAB/SAV_MATLAB_2000_dt_5.50e-06_Nx_128_neumann_n_relax_425p_phi.csv
MATLAB,NMG,128,periodic,425p,None (10),40,64.29765594797068,/project/g_bme-janeslab/SarahG/spinodal_decomp_06_2025/out_MATLAB/NMG_MATLAB_2000_dt_5.50e-06_Nx_128_periodic_n_relax_425p_phi.csv
MATLAB,SAV,512,periodic,475p,None (10),40,423.6723103421903,/project/g_bme-janeslab/SarahG/spinodal_decomp_06_2025/out_MATLAB/SAV_MATLAB_2000_dt_5.50e-06_Nx_512_periodic_n_relax_475p_phi.csv
MATLAB,SAV,512,neumann,475p,None (10),40,430.25514497620566,/project/g_bme-janeslab/SarahG/spinodal_decomp_06_2025/out_MATLAB/SAV_MATLAB_2000_dt_5.50e-06_Nx_512_neumann_n_relax_475p_phi.csv
MATLAB,NMG,256,neumann,475p,None (10),40,124.48872390831583,/project/g_bme-janeslab/SarahG/spinodal_decomp_06_2025/out_MATLAB/NMG_MATLAB_2000_dt_5.50e-06_Nx_256_neumann_n_relax_475p_phi.csv
MATLAB,NMG,256,neumann,450p,None (10),40,47.561813083404985,/project/g_bme-janeslab/SarahG/spinodal_decomp_06_2025/out_MATLAB/NMG_MATLAB_2000_dt_5.50e-06_Nx_256_neumann_n_relax_450p_phi.csv
MATLAB,SAV,512,periodic,425p,None (10),40,425.92343176268446,/project/g_bme-janeslab/SarahG/spinodal_decomp_06_2025/out_MATLAB/SAV_MATLAB_2000_dt_5.50e-06_Nx_512_periodic_n_relax_425p_phi.csv
MATLAB,NMG,64,neumann,475p,None (10),40,34.0814652905321,/project/g_bme-janeslab/SarahG/spinodal_decomp_06_2025/out_MATLAB/NMG_MATLAB_2000_dt_5.50e-06_Nx_64_neumann_n_relax_475p_phi.csv
MATLAB,SAV,128,periodic,475p,None (10),40,65.23635632006025,/project/g_bme-janeslab/SarahG/spinodal_decomp_06_2025/out_MATLAB/SAV_MATLAB_2000_dt_5.50e-06_Nx_128_periodic_n_relax_475p_phi.csv
MATLAB,SAV,256,neumann,475p,None (10),40,124.45627415455648,/project/g_bme-janeslab/SarahG/spinodal_decomp_06_2025/out_MATLAB/SAV_MATLAB_2000_dt_5.50e-06_Nx_256_neumann_n_relax_475p_phi.csv
MATLAB,NMG,512,periodic,450p,None (10),40,301.24419483428744,/project/g_bme-janeslab/SarahG/spinodal_decomp_06_2025/out_MATLAB/NMG_MATLAB_2000_dt_5.50e-06_Nx_512_periodic_n_relax_450p_phi.csv
MATLAB,SAV,64,periodic,425p,None (10),40,0.0,/project/g_bme-janeslab/SarahG/spinodal_decomp_06_2025/out_MATLAB/SAV_MATLAB_2000_dt_5.50e-06_Nx_64_periodic_n_relax_425p_phi.csv
MATLAB,SAV,512,neumann,425p,None (10),40,421.50388847347136,/project/g_bme-janeslab/SarahG/spinodal_decomp_06_2025/out_MATLAB/SAV_MATLAB_2000_dt_5.50e-06_Nx_512_neumann_n_relax_425p_phi.csv
MATLAB,SAV,128,neumann,475p,None (10),40,65.46100038467394,/project/g_bme-janeslab/SarahG/spinodal_decomp_06_2025/out_MATLAB/SAV_MATLAB_2000_dt_5.50e-06_Nx_128_neumann_n_relax_475p_phi.csv
MATLAB,SAV,512,neumann,450p,None (10),40,285.0168942531177,/project/g_bme-janeslab/SarahG/spinodal_decomp_06_2025/out_MATLAB/SAV_MATLAB_2000_dt_5.50e-06_Nx_512_neumann_n_relax_450p_phi.csv
MATLAB,SAV,256,periodic,475p,None (10),40,124.3601224664902,/project/g_bme-janeslab/SarahG/spinodal_decomp_06_2025/out_MATLAB/SAV_MATLAB_2000_dt_5.50e-06_Nx_256_periodic_n_relax_475p_phi.csv
MATLAB,NMG,256,periodic,450p,None (10),40,63.765079785279724,/project/g_bme-janeslab/SarahG/spinodal_decomp_06_2025/out_MATLAB/NMG_MATLAB_2000_dt_5.50e-06_Nx_256_periodic_n_relax_450p_phi.csv
MATLAB,SAV,128,neumann,450p,None (10),40,33.469988857895366,/project/g_bme-janeslab/SarahG/spinodal_decomp_06_2025/out_MATLAB/SAV_MATLAB_2000_dt_5.50e-06_Nx_128_neumann_n_relax_450p_phi.csv
MATLAB,NMG,64,periodic,475p,None (10),40,33.84197449515395,/project/g_bme-janeslab/SarahG/spinodal_decomp_06_2025/out_MATLAB/NMG_MATLAB_2000_dt_5.50e-06_Nx_64_periodic_n_relax_475p_phi.csv
MATLAB,NMG,512,periodic,425p,None (10),40,262.4726640772245,/project/g_bme-janeslab/SarahG/spinodal_decomp_06_2025/out_MATLAB/NMG_MATLAB_2000_dt_5.50e-06_Nx_512_periodic_n_relax_425p_phi.csv
MATLAB,NMG,128,periodic,450p,None (10),40,43.87998762022955,/project/g_bme-janeslab/SarahG/spinodal_decomp_06_2025/out_MATLAB/NMG_MATLAB_2000_dt_5.50e-06_Nx_128_periodic_n_relax_450p_phi.csv
MATLAB,NMG,128,neumann,475p,None (10),40,65.18387386131573,/project/g_bme-janeslab/SarahG/spinodal_decomp_06_2025/out_MATLAB/NMG_MATLAB_2000_dt_5.50e-06_Nx_128_neumann_n_relax_475p_phi.csv
MATLAB,NMG,256,periodic,425p,None (10),40,120.79205699753103,/project/g_bme-janeslab/SarahG/spinodal_decomp_06_2025/out_MATLAB/NMG_MATLAB_2000_dt_5.50e-06_Nx_256_periodic_n_relax_425p_phi.csv
MATLAB,SAV,64,periodic,475p,None (10),40,33.63567067589241,/project/g_bme-janeslab/SarahG/spinodal_decomp_06_2025/out_MATLAB/SAV_MATLAB_2000_dt_5.50e-06_Nx_64_periodic_n_relax_475p_phi.csv
MATLAB,NMG,512,neumann,475p,None (10),40,276.9007342853619,/project/g_bme-janeslab/SarahG/spinodal_decomp_06_2025/out_MATLAB/NMG_MATLAB_2000_dt_5.50e-06_Nx_512_neumann_n_relax_475p_phi.csv
MATLAB,NMG,64,periodic,425p,None (10),40,33.25354597659635,/project/g_bme-janeslab/SarahG/spinodal_decomp_06_2025/out_MATLAB/NMG_MATLAB_2000_dt_5.50e-06_Nx_64_periodic_n_relax_425p_phi.csv
MATLAB,SAV,64,neumann,450p,None (10),40,0.0,/project/g_bme-janeslab/SarahG/spinodal_decomp_06_2025/out_MATLAB/SAV_MATLAB_2000_dt_5.50e-06_Nx_64_neumann_n_relax_450p_phi.csv
MATLAB,NMG,64,neumann,425p,None (10),40,0.0,/project/g_bme-janeslab/SarahG/spinodal_decomp_06_2025/out_MATLAB/NMG_MATLAB_2000_dt_5.50e-06_Nx_64_neumann_n_relax_425p_phi.csv
MATLAB,SAV,256,periodic,450p,None (10),40,196.85120550504604,/project/g_bme-janeslab/SarahG/spinodal_decomp_06_2025/out_MATLAB/SAV_MATLAB_2000_dt_5.50e-06_Nx_256_periodic_n_relax_450p_phi.csv
MATLAB,SAV,64,periodic,450p,None (10),80,19.69725399798237,/project/g_bme-janeslab/SarahG/spinodal_decomp_06_2025/out_MATLAB/SAV_MATLAB_2000_dt_5.50e-06_Nx_64_periodic_n_relax_450p_phi.csv
MATLAB,NMG,512,periodic,475p,None (10),80,276.4193150947993,/project/g_bme-janeslab/SarahG/spinodal_decomp_06_2025/out_MATLAB/NMG_MATLAB_2000_dt_5.50e-06_Nx_512_periodic_n_relax_475p_phi.csv
MATLAB,NMG,512,neumann,450p,None (10),80,338.24071458083984,/project/g_bme-janeslab/SarahG/spinodal_decomp_06_2025/out_MATLAB/NMG_MATLAB_2000_dt_5.50e-06_Nx_512_neumann_n_relax_450p_phi.csv
MATLAB,SAV,256,neumann,450p,None (10),80,83.99101493072006,/project/g_bme-janeslab/SarahG/spinodal_decomp_06_2025/out_MATLAB/SAV_MATLAB_2000_dt_5.50e-06_Nx_256_neumann_n_relax_450p_phi.csv
MATLAB,SAV,64,neumann,475p,None (10),80,33.62813631285239,/project/g_bme-janeslab/SarahG/spinodal_decomp_06_2025/out_MATLAB/SAV_MATLAB_2000_dt_5.50e-06_Nx_64_neumann_n_relax_475p_phi.csv
MATLAB,NMG,256,periodic,475p,None (10),80,124.68615425979503,/project/g_bme-janeslab/SarahG/spinodal_decomp_06_2025/out_MATLAB/NMG_MATLAB_2000_dt_5.50e-06_Nx_256_periodic_n_relax_475p_phi.csv
MATLAB,NMG,128,neumann,425p,None (10),80,71.31547964716614,/project/g_bme-janeslab/SarahG/spinodal_decomp_06_2025/out_MATLAB/NMG_MATLAB_2000_dt_5.50e-06_Nx_128_neumann_n_relax_425p_phi.csv
MATLAB,SAV,256,periodic,425p,None (10),80,0.0,/project/g_bme-janeslab/SarahG/spinodal_decomp_06_2025/out_MATLAB/SAV_MATLAB_2000_dt_5.50e-06_Nx_256_periodic_n_relax_425p_phi.csv
MATLAB,NMG,128,periodic,475p,None (10),80,65.21869910591835,/project/g_bme-janeslab/SarahG/spinodal_decomp_06_2025/out_MATLAB/NMG_MATLAB_2000_dt_5.50e-06_Nx_128_periodic_n_relax_475p_phi.csv
MATLAB,SAV,128,periodic,450p,None (10),80,43.96858844577945,/project/g_bme-janeslab/SarahG/spinodal_decomp_06_2025/out_MATLAB/SAV_MATLAB_2000_dt_5.50e-06_Nx_128_periodic_n_relax_450p_phi.csv
MATLAB,NMG,128,neumann,450p,None (10),80,25.41464050149235,/project/g_bme-janeslab/SarahG/spinodal_decomp_06_2025/out_MATLAB/NMG_MATLAB_2000_dt_5.50e-06_Nx_128_neumann_n_relax_450p_phi.csv
MATLAB,SAV,256,neumann,425p,None (10),80,121.21109834037576,/project/g_bme-janeslab/SarahG/spinodal_decomp_06_2025/out_MATLAB/SAV_MATLAB_2000_dt_5.50e-06_Nx_256_neumann_n_relax_425p_phi.csv
MATLAB,SAV,512,periodic,450p,None (10),80,441.4676309446426,/project/g_bme-janeslab/SarahG/spinodal_decomp_06_2025/out_MATLAB/SAV_MATLAB_2000_dt_5.50e-06_Nx_512_periodic_n_relax_450p_phi.csv
MATLAB,SAV,128,periodic,425p,None (10),80,71.34115825561373,/project/g_bme-janeslab/SarahG/spinodal_decomp_06_2025/out_MATLAB/SAV_MATLAB_2000_dt_5.50e-06_Nx_128_periodic_n_relax_425p_phi.csv
MATLAB,NMG,512,neumann,425p,None (10),80,315.9830277100593,/project/g_bme-janeslab/SarahG/spinodal_decomp_06_2025/out_MATLAB/NMG_MATLAB_2000_dt_5.50e-06_Nx_512_neumann_n_relax_425p_phi.csv
MATLAB,NMG,64,neumann,450p,None (10),80,33.76018095419101,/project/g_bme-janeslab/SarahG/spinodal_decomp_06_2025/out_MATLAB/NMG_MATLAB_2000_dt_5.50e-06_Nx_64_neumann_n_relax_450p_phi.csv
MATLAB,NMG,64,periodic,450p,None (10),80,13.217447529436338,/project/g_bme-janeslab/SarahG/spinodal_decomp_06_2025/out_MATLAB/NMG_MATLAB_2000_dt_5.50e-06_Nx_64_periodic_n_relax_450p_phi.csv
MATLAB,NMG,256,neumann,425p,None (10),80,123.25918560606891,/project/g_bme-janeslab/SarahG/spinodal_decomp_06_2025/out_MATLAB/NMG_MATLAB_2000_dt_5.50e-06_Nx_256_neumann_n_relax_425p_phi.csv
MATLAB,SAV,64,neumann,425p,None (10),80,0.0,/project/g_bme-janeslab/SarahG/spinodal_decomp_06_2025/out_MATLAB/SAV_MATLAB_2000_dt_5.50e-06_Nx_64_neumann_n_relax_425p_phi.csv
MATLAB,SAV,128,neumann,425p,None (10),80,0.0,/project/g_bme-janeslab/SarahG/spinodal_decomp_06_2025/out_MATLAB/SAV_MATLAB_2000_dt_5.50e-06_Nx_128_neumann_n_relax_425p_phi.csv
MATLAB,NMG,128,periodic,425p,None (10),80,64.31544594867228,/project/g_bme-janeslab/SarahG/spinodal_decomp_06_2025/out_MATLAB/NMG_MATLAB_2000_dt_5.50e-06_Nx_128_periodic_n_relax_425p_phi.csv
MATLAB,SAV,512,periodic,475p,None (10),80,424.98556156396575,/project/g_bme-janeslab/SarahG/spinodal_decomp_06_2025/out_MATLAB/SAV_MATLAB_2000_dt_5.50e-06_Nx_512_periodic_n_relax_475p_phi.csv
MATLAB,SAV,512,neumann,475p,None (10),80,430.9950896575007,/project/g_bme-janeslab/SarahG/spinodal_decomp_06_2025/out_MATLAB/SAV_MATLAB_2000_dt_5.50e-06_Nx_512_neumann_n_relax_475p_phi.csv
MATLAB,NMG,256,neumann,475p,None (10),80,124.83234490564246,/project/g_bme-janeslab/SarahG/spinodal_decomp_06_2025/out_MATLAB/NMG_MATLAB_2000_dt_5.50e-06_Nx_256_neumann_n_relax_475p_phi.csv
MATLAB,NMG,256,neumann,450p,None (10),80,81.69452805206787,/project/g_bme-janeslab/SarahG/spinodal_decomp_06_2025/out_MATLAB/NMG_MATLAB_2000_dt_5.50e-06_Nx_256_neumann_n_relax_450p_phi.csv
MATLAB,SAV,512,periodic,425p,None (10),80,427.259461406129,/project/g_bme-janeslab/SarahG/spinodal_decomp_06_2025/out_MATLAB/SAV_MATLAB_2000_dt_5.50e-06_Nx_512_periodic_n_relax_425p_phi.csv
MATLAB,NMG,64,neumann,475p,None (10),80,33.66371208975487,/project/g_bme-janeslab/SarahG/spinodal_decomp_06_2025/out_MATLAB/NMG_MATLAB_2000_dt_5.50e-06_Nx_64_neumann_n_relax_475p_phi.csv
MATLAB,SAV,128,periodic,475p,None (10),80,65.10450683779109,/project/g_bme-janeslab/SarahG/spinodal_decomp_06_2025/out_MATLAB/SAV_MATLAB_2000_dt_5.50e-06_Nx_128_periodic_n_relax_475p_phi.csv
MATLAB,SAV,256,neumann,475p,None (10),80,124.82625701118936,/project/g_bme-janeslab/SarahG/spinodal_decomp_06_2025/out_MATLAB/SAV_MATLAB_2000_dt_5.50e-06_Nx_256_neumann_n_relax_475p_phi.csv
MATLAB,NMG,512,periodic,450p,None (10),80,345.3272464560895,/project/g_bme-janeslab/SarahG/spinodal_decomp_06_2025/out_MATLAB/NMG_MATLAB_2000_dt_5.50e-06_Nx_512_periodic_n_relax_450p_phi.csv
MATLAB,SAV,64,periodic,425p,None (10),80,0.0,/project/g_bme-janeslab/SarahG/spinodal_decomp_06_2025/out_MATLAB/SAV_MATLAB_2000_dt_5.50e-06_Nx_64_periodic_n_relax_425p_phi.csv
MATLAB,SAV,512,neumann,425p,None (10),80,423.28472908752843,/project/g_bme-janeslab/SarahG/spinodal_decomp_06_2025/out_MATLAB/SAV_MATLAB_2000_dt_5.50e-06_Nx_512_neumann_n_relax_425p_phi.csv
MATLAB,SAV,128,neumann,475p,None (10),80,65.58710378583726,/project/g_bme-janeslab/SarahG/spinodal_decomp_06_2025/out_MATLAB/SAV_MATLAB_2000_dt_5.50e-06_Nx_128_neumann_n_relax_475p_phi.csv
MATLAB,SAV,512,neumann,450p,None (10),80,339.92963945144345,/project/g_bme-janeslab/SarahG/spinodal_decomp_06_2025/out_MATLAB/SAV_MATLAB_2000_dt_5.50e-06_Nx_512_neumann_n_relax_450p_phi.csv
MATLAB,SAV,256,periodic,475p,None (10),80,124.67667739241755,/project/g_bme-janeslab/SarahG/spinodal_decomp_06_2025/out_MATLAB/SAV_MATLAB_2000_dt_5.50e-06_Nx_256_periodic_n_relax_475p_phi.csv
MATLAB,NMG,256,periodic,450p,None (10),80,100.99133615551331,/project/g_bme-janeslab/SarahG/spinodal_decomp_06_2025/out_MATLAB/NMG_MATLAB_2000_dt_5.50e-06_Nx_256_periodic_n_relax_450p_phi.csv
MATLAB,SAV,128,neumann,450p,None (10),80,37.58455350885028,/project/g_bme-janeslab/SarahG/spinodal_decomp_06_2025/out_MATLAB/SAV_MATLAB_2000_dt_5.50e-06_Nx_128_neumann_n_relax_450p_phi.csv
MATLAB,NMG,64,periodic,475p,None (10),80,33.41429597278148,/project/g_bme-janeslab/SarahG/spinodal_decomp_06_2025/out_MATLAB/NMG_MATLAB_2000_dt_5.50e-06_Nx_64_periodic_n_relax_475p_phi.csv
MATLAB,NMG,512,periodic,425p,None (10),80,294.048391541575,/project/g_bme-janeslab/SarahG/spinodal_decomp_06_2025/out_MATLAB/NMG_MATLAB_2000_dt_5.50e-06_Nx_512_periodic_n_relax_425p_phi.csv
MATLAB,NMG,128,periodic,450p,None (10),80,48.2528807603238,/project/g_bme-janeslab/SarahG/spinodal_decomp_06_2025/out_MATLAB/NMG_MATLAB_2000_dt_5.50e-06_Nx_128_periodic_n_relax_450p_phi.csv
MATLAB,NMG,128,neumann,475p,None (10),80,65.21262585814208,/project/g_bme-janeslab/SarahG/spinodal_decomp_06_2025/out_MATLAB/NMG_MATLAB_2000_dt_5.50e-06_Nx_128_neumann_n_relax_475p_phi.csv
MATLAB,NMG,256,periodic,425p,None (10),80,121.11848688949611,/project/g_bme-janeslab/SarahG/spinodal_decomp_06_2025/out_MATLAB/NMG_MATLAB_2000_dt_5.50e-06_Nx_256_periodic_n_relax_425p_phi.csv
MATLAB,SAV,64,periodic,475p,None (10),80,33.32288742824754,/project/g_bme-janeslab/SarahG/spinodal_decomp_06_2025/out_MATLAB/SAV_MATLAB_2000_dt_5.50e-06_Nx_64_periodic_n_relax_475p_phi.csv
MATLAB,NMG,512,neumann,475p,None (10),80,320.01886842391593,/project/g_bme-janeslab/SarahG/spinodal_decomp_06_2025/out_MATLAB/NMG_MATLAB_2000_dt_5.50e-06_Nx_512_neumann_n_relax_475p_phi.csv
MATLAB,NMG,64,periodic,425p,None (10),80,33.05968202061748,/project/g_bme-janeslab/SarahG/spinodal_decomp_06_2025/out_MATLAB/NMG_MATLAB_2000_dt_5.50e-06_Nx_64_periodic_n_relax_425p_phi.csv
MATLAB,SAV,64,neumann,450p,None (10),80,0.0,/project/g_bme-janeslab/SarahG/spinodal_decomp_06_2025/out_MATLAB/SAV_MATLAB_2000_dt_5.50e-06_Nx_64_neumann_n_relax_450p_phi.csv
MATLAB,NMG,64,neumann,425p,None (10),80,0.0,/project/g_bme-janeslab/SarahG/spinodal_decomp_06_2025/out_MATLAB/NMG_MATLAB_2000_dt_5.50e-06_Nx_64_neumann_n_relax_425p_phi.csv
MATLAB,SAV,256,periodic,450p,None (10),80,197.57263712118746,/project/g_bme-janeslab/SarahG/spinodal_decomp_06_2025/out_MATLAB/SAV_MATLAB_2000_dt_5.50e-06_Nx_256_periodic_n_relax_450p_phi.csv
MATLAB,SAV,64,periodic,450p,None (10),120,20.2605166182675,/project/g_bme-janeslab/SarahG/spinodal_decomp_06_2025/out_MATLAB/SAV_MATLAB_2000_dt_5.50e-06_Nx_64_periodic_n_relax_450p_phi.csv
MATLAB,NMG,512,periodic,475p,None (10),120,319.894769939053,/project/g_bme-janeslab/SarahG/spinodal_decomp_06_2025/out_MATLAB/NMG_MATLAB_2000_dt_5.50e-06_Nx_512_periodic_n_relax_475p_phi.csv
MATLAB,NMG,512,neumann,450p,None (10),120,361.4542611559881,/project/g_bme-janeslab/SarahG/spinodal_decomp_06_2025/out_MATLAB/NMG_MATLAB_2000_dt_5.50e-06_Nx_512_neumann_n_relax_450p_phi.csv
MATLAB,SAV,256,neumann,450p,None (10),120,119.63604609544227,/project/g_bme-janeslab/SarahG/spinodal_decomp_06_2025/out_MATLAB/SAV_MATLAB_2000_dt_5.50e-06_Nx_256_neumann_n_relax_450p_phi.csv
MATLAB,SAV,64,neumann,475p,None (10),120,33.46613255246171,/project/g_bme-janeslab/SarahG/spinodal_decomp_06_2025/out_MATLAB/SAV_MATLAB_2000_dt_5.50e-06_Nx_64_neumann_n_relax_475p_phi.csv
MATLAB,NMG,256,periodic,475p,None (10),120,125.51082664511198,/project/g_bme-janeslab/SarahG/spinodal_decomp_06_2025/out_MATLAB/NMG_MATLAB_2000_dt_5.50e-06_Nx_256_periodic_n_relax_475p_phi.csv
MATLAB,NMG,128,neumann,425p,None (10),120,71.99303921570359,/project/g_bme-janeslab/SarahG/spinodal_decomp_06_2025/out_MATLAB/NMG_MATLAB_2000_dt_5.50e-06_Nx_128_neumann_n_relax_425p_phi.csv
MATLAB,SAV,256,periodic,425p,None (10),120,0.0,/project/g_bme-janeslab/SarahG/spinodal_decomp_06_2025/out_MATLAB/SAV_MATLAB_2000_dt_5.50e-06_Nx_256_periodic_n_relax_425p_phi.csv
MATLAB,NMG,128,periodic,475p,None (10),120,65.10691697950413,/project/g_bme-janeslab/SarahG/spinodal_decomp_06_2025/out_MATLAB/NMG_MATLAB_2000_dt_5.50e-06_Nx_128_periodic_n_relax_475p_phi.csv
MATLAB,SAV,128,periodic,450p,None (10),120,48.37612303960891,/project/g_bme-janeslab/SarahG/spinodal_decomp_06_2025/out_MATLAB/SAV_MATLAB_2000_dt_5.50e-06_Nx_128_periodic_n_relax_450p_phi.csv
MATLAB,NMG,128,neumann,450p,None (10),120,28.202823243225584,/project/g_bme-janeslab/SarahG/spinodal_decomp_06_2025/out_MATLAB/NMG_MATLAB_2000_dt_5.50e-06_Nx_128_neumann_n_relax_450p_phi.csv
MATLAB,SAV,256,neumann,425p,None (10),120,122.11549922813012,/project/g_bme-janeslab/SarahG/spinodal_decomp_06_2025/out_MATLAB/SAV_MATLAB_2000_dt_5.50e-06_Nx_256_neumann_n_relax_425p_phi.csv
MATLAB,SAV,512,periodic,450p,None (10),120,442.3160593290565,/project/g_bme-janeslab/SarahG/spinodal_decomp_06_2025/out_MATLAB/SAV_MATLAB_2000_dt_5.50e-06_Nx_512_periodic_n_relax_450p_phi.csv
MATLAB,SAV,128,periodic,425p,None (10),120,71.91533652643045,/project/g_bme-janeslab/SarahG/spinodal_decomp_06_2025/out_MATLAB/SAV_MATLAB_2000_dt_5.50e-06_Nx_128_periodic_n_relax_425p_phi.csv
MATLAB,NMG,512,neumann,425p,None (10),120,355.69439847127035,/project/g_bme-janeslab/SarahG/spinodal_decomp_06_2025/out_MATLAB/NMG_MATLAB_2000_dt_5.50e-06_Nx_512_neumann_n_relax_425p_phi.csv
MATLAB,NMG,64,neumann,450p,None (10),120,34.09016597253169,/project/g_bme-janeslab/SarahG/spinodal_decomp_06_2025/out_MATLAB/NMG_MATLAB_2000_dt_5.50e-06_Nx_64_neumann_n_relax_450p_phi.csv
MATLAB,NMG,64,periodic,450p,None (10),120,12.950975802331266,/project/g_bme-janeslab/SarahG/spinodal_decomp_06_2025/out_MATLAB/NMG_MATLAB_2000_dt_5.50e-06_Nx_64_periodic_n_relax_450p_phi.csv
MATLAB,NMG,256,neumann,425p,None (10),120,126.02337977952315,/project/g_bme-janeslab/SarahG/spinodal_decomp_06_2025/out_MATLAB/NMG_MATLAB_2000_dt_5.50e-06_Nx_256_neumann_n_relax_425p_phi.csv
MATLAB,SAV,64,neumann,425p,None (10),120,0.0,/project/g_bme-janeslab/SarahG/spinodal_decomp_06_2025/out_MATLAB/SAV_MATLAB_2000_dt_5.50e-06_Nx_64_neumann_n_relax_425p_phi.csv
MATLAB,SAV,128,neumann,425p,None (10),120,0.0,/project/g_bme-janeslab/SarahG/spinodal_decomp_06_2025/out_MATLAB/SAV_MATLAB_2000_dt_5.50e-06_Nx_128_neumann_n_relax_425p_phi.csv
MATLAB,NMG,128,periodic,425p,None (10),120,64.3585882460505,/project/g_bme-janeslab/SarahG/spinodal_decomp_06_2025/out_MATLAB/NMG_MATLAB_2000_dt_5.50e-06_Nx_128_periodic_n_relax_425p_phi.csv
MATLAB,SAV,512,periodic,475p,None (10),120,425.9553129639944,/project/g_bme-janeslab/SarahG/spinodal_decomp_06_2025/out_MATLAB/SAV_MATLAB_2000_dt_5.50e-06_Nx_512_periodic_n_relax_475p_phi.csv
MATLAB,SAV,512,neumann,475p,None (10),120,431.62308908283717,/project/g_bme-janeslab/SarahG/spinodal_decomp_06_2025/out_MATLAB/SAV_MATLAB_2000_dt_5.50e-06_Nx_512_neumann_n_relax_475p_phi.csv
MATLAB,NMG,256,neumann,475p,None (10),120,125.74360212372568,/project/g_bme-janeslab/SarahG/spinodal_decomp_06_2025/out_MATLAB/NMG_MATLAB_2000_dt_5.50e-06_Nx_256_neumann_n_relax_475p_phi.csv
MATLAB,NMG,256,neumann,450p,None (10),120,117.07361847277737,/project/g_bme-janeslab/SarahG/spinodal_decomp_06_2025/out_MATLAB/NMG_MATLAB_2000_dt_5.50e-06_Nx_256_neumann_n_relax_450p_phi.csv
MATLAB,SAV,512,periodic,425p,None (10),120,428.19156171912374,/project/g_bme-janeslab/SarahG/spinodal_decomp_06_2025/out_MATLAB/SAV_MATLAB_2000_dt_5.50e-06_Nx_512_periodic_n_relax_425p_phi.csv
MATLAB,NMG,64,neumann,475p,None (10),120,33.491508306621796,/project/g_bme-janeslab/SarahG/spinodal_decomp_06_2025/out_MATLAB/NMG_MATLAB_2000_dt_5.50e-06_Nx_64_neumann_n_relax_475p_phi.csv
MATLAB,SAV,128,periodic,475p,None (10),120,65.04959323518098,/project/g_bme-janeslab/SarahG/spinodal_decomp_06_2025/out_MATLAB/SAV_MATLAB_2000_dt_5.50e-06_Nx_128_periodic_n_relax_475p_phi.csv
MATLAB,SAV,256,neumann,475p,None (10),120,125.7790006600264,/project/g_bme-janeslab/SarahG/spinodal_decomp_06_2025/out_MATLAB/SAV_MATLAB_2000_dt_5.50e-06_Nx_256_neumann_n_relax_475p_phi.csv
MATLAB,NMG,512,periodic,450p,None (10),120,365.5848922177685,/project/g_bme-janeslab/SarahG/spinodal_decomp_06_2025/out_MATLAB/NMG_MATLAB_2000_dt_5.50e-06_Nx_512_periodic_n_relax_450p_phi.csv
MATLAB,SAV,64,periodic,425p,None (10),120,0.0,/project/g_bme-janeslab/SarahG/spinodal_decomp_06_2025/out_MATLAB/SAV_MATLAB_2000_dt_5.50e-06_Nx_64_periodic_n_relax_425p_phi.csv
MATLAB,SAV,512,neumann,425p,None (10),120,425.0261406092663,/project/g_bme-janeslab/SarahG/spinodal_decomp_06_2025/out_MATLAB/SAV_MATLAB_2000_dt_5.50e-06_Nx_512_neumann_n_relax_425p_phi.csv
MATLAB,SAV,128,neumann,475p,None (10),120,65.73791908488845,/project/g_bme-janeslab/SarahG/spinodal_decomp_06_2025/out_MATLAB/SAV_MATLAB_2000_dt_5.50e-06_Nx_128_neumann_n_relax_475p_phi.csv
MATLAB,SAV,512,neumann,450p,None (10),120,362.5938055095144,/project/g_bme-janeslab/SarahG/spinodal_decomp_06_2025/out_MATLAB/SAV_MATLAB_2000_dt_5.50e-06_Nx_512_neumann_n_relax_450p_phi.csv
MATLAB,SAV,256,periodic,475p,None (10),120,125.53957741024627,/project/g_bme-janeslab/SarahG/spinodal_decomp_06_2025/out_MATLAB/SAV_MATLAB_2000_dt_5.50e-06_Nx_256_periodic_n_relax_475p_phi.csv
MATLAB,NMG,256,periodic,450p,None (10),120,130.79775755859657,/project/g_bme-janeslab/SarahG/spinodal_decomp_06_2025/out_MATLAB/NMG_MATLAB_2000_dt_5.50e-06_Nx_256_periodic_n_relax_450p_phi.csv
MATLAB,SAV,128,neumann,450p,None (10),120,41.92906193191326,/project/g_bme-janeslab/SarahG/spinodal_decomp_06_2025/out_MATLAB/SAV_MATLAB_2000_dt_5.50e-06_Nx_128_neumann_n_relax_450p_phi.csv
MATLAB,NMG,64,periodic,475p,None (10),120,33.22959716199591,/project/g_bme-janeslab/SarahG/spinodal_decomp_06_2025/out_MATLAB/NMG_MATLAB_2000_dt_5.50e-06_Nx_64_periodic_n_relax_475p_phi.csv
MATLAB,NMG,512,periodic,425p,None (10),120,337.3533906832353,/project/g_bme-janeslab/SarahG/spinodal_decomp_06_2025/out_MATLAB/NMG_MATLAB_2000_dt_5.50e-06_Nx_512_periodic_n_relax_425p_phi.csv
MATLAB,NMG,128,periodic,450p,None (10),120,52.46215775152831,/project/g_bme-janeslab/SarahG/spinodal_decomp_06_2025/out_MATLAB/NMG_MATLAB_2000_dt_5.50e-06_Nx_128_periodic_n_relax_450p_phi.csv
MATLAB,NMG,128,neumann,475p,None (10),120,65.263244695014,/project/g_bme-janeslab/SarahG/spinodal_decomp_06_2025/out_MATLAB/NMG_MATLAB_2000_dt_5.50e-06_Nx_128_neumann_n_relax_475p_phi.csv
MATLAB,NMG,256,periodic,425p,None (10),120,121.87890655935142,/project/g_bme-janeslab/SarahG/spinodal_decomp_06_2025/out_MATLAB/NMG_MATLAB_2000_dt_5.50e-06_Nx_256_periodic_n_relax_425p_phi.csv
MATLAB,SAV,64,periodic,475p,None (10),120,33.17502912419984,/project/g_bme-janeslab/SarahG/spinodal_decomp_06_2025/out_MATLAB/SAV_MATLAB_2000_dt_5.50e-06_Nx_64_periodic_n_relax_475p_phi.csv
MATLAB,NMG,512,neumann,475p,None (10),120,359.53487479412195,/project/g_bme-janeslab/SarahG/spinodal_decomp_06_2025/out_MATLAB/NMG_MATLAB_2000_dt_5.50e-06_Nx_512_neumann_n_relax_475p_phi.csv
MATLAB,NMG,64,periodic,425p,None (10),120,32.95858846140007,/project/g_bme-janeslab/SarahG/spinodal_decomp_06_2025/out_MATLAB/NMG_MATLAB_2000_dt_5.50e-06_Nx_64_periodic_n_relax_425p_phi.csv
MATLAB,SAV,64,neumann,450p,None (10),120,0.0,/project/g_bme-janeslab/SarahG/spinodal_decomp_06_2025/out_MATLAB/SAV_MATLAB_2000_dt_5.50e-06_Nx_64_neumann_n_relax_450p_phi.csv
MATLAB,NMG,64,neumann,425p,None (10),120,0.0,/project/g_bme-janeslab/SarahG/spinodal_decomp_06_2025/out_MATLAB/NMG_MATLAB_2000_dt_5.50e-06_Nx_64_neumann_n_relax_425p_phi.csv
MATLAB,SAV,256,periodic,450p,None (10),120,198.25137082745584,/project/g_bme-janeslab/SarahG/spinodal_decomp_06_2025/out_MATLAB/SAV_MATLAB_2000_dt_5.50e-06_Nx_256_periodic_n_relax_450p_phi.csv
MATLAB,SAV,64,periodic,450p,None (10),160,20.827598204700184,/project/g_bme-janeslab/SarahG/spinodal_decomp_06_2025/out_MATLAB/SAV_MATLAB_2000_dt_5.50e-06_Nx_64_periodic_n_relax_450p_phi.csv
MATLAB,NMG,512,periodic,475p,None (10),160,359.9022764016224,/project/g_bme-janeslab/SarahG/spinodal_decomp_06_2025/out_MATLAB/NMG_MATLAB_2000_dt_5.50e-06_Nx_512_periodic_n_relax_475p_phi.csv
MATLAB,NMG,512,neumann,450p,None (10),160,375.62258715016986,/project/g_bme-janeslab/SarahG/spinodal_decomp_06_2025/out_MATLAB/NMG_MATLAB_2000_dt_5.50e-06_Nx_512_neumann_n_relax_450p_phi.csv
MATLAB,SAV,256,neumann,450p,None (10),160,142.0900502534496,/project/g_bme-janeslab/SarahG/spinodal_decomp_06_2025/out_MATLAB/SAV_MATLAB_2000_dt_5.50e-06_Nx_256_neumann_n_relax_450p_phi.csv
MATLAB,SAV,64,neumann,475p,None (10),160,33.3807010416537,/project/g_bme-janeslab/SarahG/spinodal_decomp_06_2025/out_MATLAB/SAV_MATLAB_2000_dt_5.50e-06_Nx_64_neumann_n_relax_475p_phi.csv
MATLAB,NMG,256,periodic,475p,None (10),160,127.16822528415867,/project/g_bme-janeslab/SarahG/spinodal_decomp_06_2025/out_MATLAB/NMG_MATLAB_2000_dt_5.50e-06_Nx_256_periodic_n_relax_475p_phi.csv
MATLAB,NMG,128,neumann,425p,None (10),160,72.70130906703727,/project/g_bme-janeslab/SarahG/spinodal_decomp_06_2025/out_MATLAB/NMG_MATLAB_2000_dt_5.50e-06_Nx_128_neumann_n_relax_425p_phi.csv
MATLAB,SAV,256,periodic,425p,None (10),160,0.0,/project/g_bme-janeslab/SarahG/spinodal_decomp_06_2025/out_MATLAB/SAV_MATLAB_2000_dt_5.50e-06_Nx_256_periodic_n_relax_425p_phi.csv
MATLAB,NMG,128,periodic,475p,None (10),160,65.06068121865313,/project/g_bme-janeslab/SarahG/spinodal_decomp_06_2025/out_MATLAB/NMG_MATLAB_2000_dt_5.50e-06_Nx_128_periodic_n_relax_475p_phi.csv
MATLAB,SAV,128,periodic,450p,None (10),160,52.60714843537933,/project/g_bme-janeslab/SarahG/spinodal_decomp_06_2025/out_MATLAB/SAV_MATLAB_2000_dt_5.50e-06_Nx_128_periodic_n_relax_450p_phi.csv
MATLAB,NMG,128,neumann,450p,None (10),160,31.627340733031694,/project/g_bme-janeslab/SarahG/spinodal_decomp_06_2025/out_MATLAB/NMG_MATLAB_2000_dt_5.50e-06_Nx_128_neumann_n_relax_450p_phi.csv
MATLAB,SAV,256,neumann,425p,None (10),160,123.97336830733329,/project/g_bme-janeslab/SarahG/spinodal_decomp_06_2025/out_MATLAB/SAV_MATLAB_2000_dt_5.50e-06_Nx_256_neumann_n_relax_425p_phi.csv
MATLAB,SAV,512,periodic,450p,None (10),160,443.1189571590935,/project/g_bme-janeslab/SarahG/spinodal_decomp_06_2025/out_MATLAB/SAV_MATLAB_2000_dt_5.50e-06_Nx_512_periodic_n_relax_450p_phi.csv
MATLAB,SAV,128,periodic,425p,None (10),160,72.50465281072678,/project/g_bme-janeslab/SarahG/spinodal_decomp_06_2025/out_MATLAB/SAV_MATLAB_2000_dt_5.50e-06_Nx_128_periodic_n_relax_425p_phi.csv
MATLAB,NMG,512,neumann,425p,None (10),160,382.90775365898,/project/g_bme-janeslab/SarahG/spinodal_decomp_06_2025/out_MATLAB/NMG_MATLAB_2000_dt_5.50e-06_Nx_512_neumann_n_relax_425p_phi.csv
MATLAB,NMG,64,neumann,450p,None (10),160,0.0,/project/g_bme-janeslab/SarahG/spinodal_decomp_06_2025/out_MATLAB/NMG_MATLAB_2000_dt_5.50e-06_Nx_64_neumann_n_relax_450p_phi.csv
MATLAB,NMG,64,periodic,450p,None (10),160,12.955648151631939,/project/g_bme-janeslab/SarahG/spinodal_decomp_06_2025/out_MATLAB/NMG_MATLAB_2000_dt_5.50e-06_Nx_64_periodic_n_relax_450p_phi.csv
MATLAB,NMG,256,neumann,425p,None (10),160,130.34814266697754,/project/g_bme-janeslab/SarahG/spinodal_decomp_06_2025/out_MATLAB/NMG_MATLAB_2000_dt_5.50e-06_Nx_256_neumann_n_relax_425p_phi.csv
MATLAB,SAV,64,neumann,425p,None (10),160,0.0,/project/g_bme-janeslab/SarahG/spinodal_decomp_06_2025/out_MATLAB/SAV_MATLAB_2000_dt_5.50e-06_Nx_64_neumann_n_relax_425p_phi.csv
MATLAB,SAV,128,neumann,425p,None (10),160,0.0,/project/g_bme-janeslab/SarahG/spinodal_decomp_06_2025/out_MATLAB/SAV_MATLAB_2000_dt_5.50e-06_Nx_128_neumann_n_relax_425p_phi.csv
MATLAB,NMG,128,periodic,425p,None (10),160,64.4246840227779,/project/g_bme-janeslab/SarahG/spinodal_decomp_06_2025/out_MATLAB/NMG_MATLAB_2000_dt_5.50e-06_Nx_128_periodic_n_relax_425p_phi.csv
MATLAB,SAV,512,periodic,475p,None (10),160,426.8038866810325,/project/g_bme-janeslab/SarahG/spinodal_decomp_06_2025/out_MATLAB/SAV_MATLAB_2000_dt_5.50e-06_Nx_512_periodic_n_relax_475p_phi.csv
MATLAB,SAV,512,neumann,475p,None (10),160,432.54479064120807,/project/g_bme-janeslab/SarahG/spinodal_decomp_06_2025/out_MATLAB/SAV_MATLAB_2000_dt_5.50e-06_Nx_512_neumann_n_relax_475p_phi.csv
MATLAB,NMG,256,neumann,475p,None (10),160,127.48554704689094,/project/g_bme-janeslab/SarahG/spinodal_decomp_06_2025/out_MATLAB/NMG_MATLAB_2000_dt_5.50e-06_Nx_256_neumann_n_relax_475p_phi.csv
MATLAB,NMG,256,neumann,450p,None (10),160,140.6416586793102,/project/g_bme-janeslab/SarahG/spinodal_decomp_06_2025/out_MATLAB/NMG_MATLAB_2000_dt_5.50e-06_Nx_256_neumann_n_relax_450p_phi.csv
MATLAB,SAV,512,periodic,425p,None (10),160,428.96487582628896,/project/g_bme-janeslab/SarahG/spinodal_decomp_06_2025/out_MATLAB/SAV_MATLAB_2000_dt_5.50e-06_Nx_512_periodic_n_relax_425p_phi.csv
MATLAB,NMG,64,neumann,475p,None (10),160,33.40110093394439,/project/g_bme-janeslab/SarahG/spinodal_decomp_06_2025/out_MATLAB/NMG_MATLAB_2000_dt_5.50e-06_Nx_64_neumann_n_relax_475p_phi.csv
MATLAB,SAV,128,periodic,475p,None (10),160,65.03172182363802,/project/g_bme-janeslab/SarahG/spinodal_decomp_06_2025/out_MATLAB/SAV_MATLAB_2000_dt_5.50e-06_Nx_128_periodic_n_relax_475p_phi.csv
MATLAB,SAV,256,neumann,475p,None (10),160,127.60223235793981,/project/g_bme-janeslab/SarahG/spinodal_decomp_06_2025/out_MATLAB/SAV_MATLAB_2000_dt_5.50e-06_Nx_256_neumann_n_relax_475p_phi.csv
MATLAB,NMG,512,periodic,450p,None (10),160,378.06506379732,/project/g_bme-janeslab/SarahG/spinodal_decomp_06_2025/out_MATLAB/NMG_MATLAB_2000_dt_5.50e-06_Nx_512_periodic_n_relax_450p_phi.csv
MATLAB,SAV,64,periodic,425p,None (10),160,0.0,/project/g_bme-janeslab/SarahG/spinodal_decomp_06_2025/out_MATLAB/SAV_MATLAB_2000_dt_5.50e-06_Nx_64_periodic_n_relax_425p_phi.csv
MATLAB,SAV,512,neumann,425p,None (10),160,426.5052054793046,/project/g_bme-janeslab/SarahG/spinodal_decomp_06_2025/out_MATLAB/SAV_MATLAB_2000_dt_5.50e-06_Nx_512_neumann_n_relax_425p_phi.csv
MATLAB,SAV,128,neumann,475p,None (10),160,65.91549491843989,/project/g_bme-janeslab/SarahG/spinodal_decomp_06_2025/out_MATLAB/SAV_MATLAB_2000_dt_5.50e-06_Nx_128_neumann_n_relax_475p_phi.csv
MATLAB,SAV,512,neumann,450p,None (10),160,376.54809458812906,/project/g_bme-janeslab/SarahG/spinodal_decomp_06_2025/out_MATLAB/SAV_MATLAB_2000_dt_5.50e-06_Nx_512_neumann_n_relax_450p_phi.csv
MATLAB,SAV,256,periodic,475p,None (10),160,127.27948814361675,/project/g_bme-janeslab/SarahG/spinodal_decomp_06_2025/out_MATLAB/SAV_MATLAB_2000_dt_5.50e-06_Nx_256_periodic_n_relax_475p_phi.csv
MATLAB,NMG,256,periodic,450p,None (10),160,148.09534450072505,/project/g_bme-janeslab/SarahG/spinodal_decomp_06_2025/out_MATLAB/NMG_MATLAB_2000_dt_5.50e-06_Nx_256_periodic_n_relax_450p_phi.csv
MATLAB,SAV,128,neumann,450p,None (10),160,46.33519277711634,/project/g_bme-janeslab/SarahG/spinodal_decomp_06_2025/out_MATLAB/SAV_MATLAB_2000_dt_5.50e-06_Nx_128_neumann_n_relax_450p_phi.csv
MATLAB,NMG,64,periodic,475p,None (10),160,33.1276499003503,/project/g_bme-janeslab/SarahG/spinodal_decomp_06_2025/out_MATLAB/NMG_MATLAB_2000_dt_5.50e-06_Nx_64_periodic_n_relax_475p_phi.csv
MATLAB,NMG,512,periodic,425p,None (10),160,370.9612515521362,/project/g_bme-janeslab/SarahG/spinodal_decomp_06_2025/out_MATLAB/NMG_MATLAB_2000_dt_5.50e-06_Nx_512_periodic_n_relax_425p_phi.csv
MATLAB,NMG,128,periodic,450p,None (10),160,56.4049649805396,/project/g_bme-janeslab/SarahG/spinodal_decomp_06_2025/out_MATLAB/NMG_MATLAB_2000_dt_5.50e-06_Nx_128_periodic_n_relax_450p_phi.csv
MATLAB,NMG,128,neumann,475p,None (10),160,65.33497958002725,/project/g_bme-janeslab/SarahG/spinodal_decomp_06_2025/out_MATLAB/NMG_MATLAB_2000_dt_5.50e-06_Nx_128_neumann_n_relax_475p_phi.csv
MATLAB,NMG,256,periodic,425p,None (10),160,123.4802774133643,/project/g_bme-janeslab/SarahG/spinodal_decomp_06_2025/out_MATLAB/NMG_MATLAB_2000_dt_5.50e-06_Nx_256_periodic_n_relax_425p_phi.csv
MATLAB,SAV,64,periodic,475p,None (10),160,33.09008777672455,/project/g_bme-janeslab/SarahG/spinodal_decomp_06_2025/out_MATLAB/SAV_MATLAB_2000_dt_5.50e-06_Nx_64_periodic_n_relax_475p_phi.csv
MATLAB,NMG,512,neumann,475p,None (10),160,387.332892974841,/project/g_bme-janeslab/SarahG/spinodal_decomp_06_2025/out_MATLAB/NMG_MATLAB_2000_dt_5.50e-06_Nx_512_neumann_n_relax_475p_phi.csv
MATLAB,NMG,64,periodic,425p,None (10),160,32.892540341841,/project/g_bme-janeslab/SarahG/spinodal_decomp_06_2025/out_MATLAB/NMG_MATLAB_2000_dt_5.50e-06_Nx_64_periodic_n_relax_425p_phi.csv
MATLAB,SAV,64,neumann,450p,None (10),160,0.0,/project/g_bme-janeslab/SarahG/spinodal_decomp_06_2025/out_MATLAB/SAV_MATLAB_2000_dt_5.50e-06_Nx_64_neumann_n_relax_450p_phi.csv
MATLAB,NMG,64,neumann,425p,None (10),160,0.0,/project/g_bme-janeslab/SarahG/spinodal_decomp_06_2025/out_MATLAB/NMG_MATLAB_2000_dt_5.50e-06_Nx_64_neumann_n_relax_425p_phi.csv
MATLAB,SAV,256,periodic,450p,None (10),160,198.89331241871125,/project/g_bme-janeslab/SarahG/spinodal_decomp_06_2025/out_MATLAB/SAV_MATLAB_2000_dt_5.50e-06_Nx_256_periodic_n_relax_450p_phi.csv
Python,NMG,128,neumann,50p,125,160,67.74592525596836,/project/g_bme-janeslab/SarahG/spinodal_decomp_06_2025/out_python/NMG_Python_20_dt_5.50e-06_Nx_128_neumann_dtout_125pphi.csv
Python,NMG,256,periodic,50p,150,160,29.185832800640043,/project/g_bme-janeslab/SarahG/spinodal_decomp_06_2025/out_python/NMG_Python_20_dt_5.50e-06_Nx_256_periodic_dtout_150pphi.csv
Python,NMG,64,neumann,50p,150,160,30.310305230008286,/project/g_bme-janeslab/SarahG/spinodal_decomp_06_2025/out_python/NMG_Python_20_dt_5.50e-06_Nx_64_neumann_dtout_150pphi.csv
Python,NMG,256,neumann,50p,150,160,29.221649952761428,/project/g_bme-janeslab/SarahG/spinodal_decomp_06_2025/out_python/NMG_Python_20_dt_5.50e-06_Nx_256_neumann_dtout_150pphi.csv
Python,NMG,512,neumann,50p,125,160,258.10788036851153,/project/g_bme-janeslab/SarahG/spinodal_decomp_06_2025/out_python/NMG_Python_20_dt_5.50e-06_Nx_512_neumann_dtout_125pphi.csv
Python,NMG,128,periodic,50p,150,160,36.49019699440946,/project/g_bme-janeslab/SarahG/spinodal_decomp_06_2025/out_python/NMG_Python_20_dt_5.50e-06_Nx_128_periodic_dtout_150pphi.csv
Python,NMG,256,neumann,50p,125,160,121.28532234998134,/project/g_bme-janeslab/SarahG/spinodal_decomp_06_2025/out_python/NMG_Python_20_dt_5.50e-06_Nx_256_neumann_dtout_125pphi.csv
Python,NMG,256,periodic,50p,125,160,121.27894211365924,/project/g_bme-janeslab/SarahG/spinodal_decomp_06_2025/out_python/NMG_Python_20_dt_5.50e-06_Nx_256_periodic_dtout_125pphi.csv
Python,NMG,512,periodic,50p,150,160,72.32005357781021,/project/g_bme-janeslab/SarahG/spinodal_decomp_06_2025/out_python/NMG_Python_20_dt_5.50e-06_Nx_512_periodic_dtout_150pphi.csv
Python,NMG,64,neumann,50p,125,160,41.73480207672495,/project/g_bme-janeslab/SarahG/spinodal_decomp_06_2025/out_python/NMG_Python_20_dt_5.50e-06_Nx_64_neumann_dtout_125pphi.csv
Python,NMG,512,periodic,50p,125,160,258.0526933811439,/project/g_bme-janeslab/SarahG/spinodal_decomp_06_2025/out_python/NMG_Python_20_dt_5.50e-06_Nx_512_periodic_dtout_125pphi.csv
Python,NMG,128,neumann,50p,150,160,36.90932423696941,/project/g_bme-janeslab/SarahG/spinodal_decomp_06_2025/out_python/NMG_Python_20_dt_5.50e-06_Nx_128_neumann_dtout_150pphi.csv
Python,NMG,512,neumann,50p,150,160,72.62640192970113,/project/g_bme-janeslab/SarahG/spinodal_decomp_06_2025/out_python/NMG_Python_20_dt_5.50e-06_Nx_512_neumann_dtout_150pphi.csv
Python,NMG,64,periodic,50p,125,160,41.499582041804956,/project/g_bme-janeslab/SarahG/spinodal_decomp_06_2025/out_python/NMG_Python_20_dt_5.50e-06_Nx_64_periodic_dtout_125pphi.csv
Python,NMG,64,periodic,50p,150,160,30.034538192221827,/project/g_bme-janeslab/SarahG/spinodal_decomp_06_2025/out_python/NMG_Python_20_dt_5.50e-06_Nx_64_periodic_dtout_150pphi.csv
Python,NMG,128,periodic,50p,125,160,67.70849590547452,/project/g_bme-janeslab/SarahG/spinodal_decomp_06_2025/out_python/NMG_Python_20_dt_5.50e-06_Nx_128_periodic_dtout_125pphi.csv
MATLAB,SAV,64,periodic,450p,None (10),200,21.397149717227126,/project/g_bme-janeslab/SarahG/spinodal_decomp_06_2025/out_MATLAB/SAV_MATLAB_2000_dt_5.50e-06_Nx_64_periodic_n_relax_450p_phi.csv
MATLAB,NMG,512,periodic,475p,None (10),200,387.7194199840138,/project/g_bme-janeslab/SarahG/spinodal_decomp_06_2025/out_MATLAB/NMG_MATLAB_2000_dt_5.50e-06_Nx_512_periodic_n_relax_475p_phi.csv
MATLAB,NMG,512,neumann,450p,None (10),200,385.2964589335289,/project/g_bme-janeslab/SarahG/spinodal_decomp_06_2025/out_MATLAB/NMG_MATLAB_2000_dt_5.50e-06_Nx_512_neumann_n_relax_450p_phi.csv
MATLAB,SAV,256,neumann,450p,None (10),200,154.35424622267075,/project/g_bme-janeslab/SarahG/spinodal_decomp_06_2025/out_MATLAB/SAV_MATLAB_2000_dt_5.50e-06_Nx_256_neumann_n_relax_450p_phi.csv
MATLAB,SAV,64,neumann,475p,None (10),200,33.331625547724826,/project/g_bme-janeslab/SarahG/spinodal_decomp_06_2025/out_MATLAB/SAV_MATLAB_2000_dt_5.50e-06_Nx_64_neumann_n_relax_475p_phi.csv
MATLAB,NMG,256,periodic,475p,None (10),200,129.97083809955217,/project/g_bme-janeslab/SarahG/spinodal_decomp_06_2025/out_MATLAB/NMG_MATLAB_2000_dt_5.50e-06_Nx_256_periodic_n_relax_475p_phi.csv
MATLAB,NMG,128,neumann,425p,None (10),200,73.43781528452139,/project/g_bme-janeslab/SarahG/spinodal_decomp_06_2025/out_MATLAB/NMG_MATLAB_2000_dt_5.50e-06_Nx_128_neumann_n_relax_425p_phi.csv
MATLAB,SAV,256,periodic,425p,None (10),200,0.0,/project/g_bme-janeslab/SarahG/spinodal_decomp_06_2025/out_MATLAB/SAV_MATLAB_2000_dt_5.50e-06_Nx_256_periodic_n_relax_425p_phi.csv
MATLAB,NMG,128,periodic,475p,None (10),200,65.04823543319546,/project/g_bme-janeslab/SarahG/spinodal_decomp_06_2025/out_MATLAB/NMG_MATLAB_2000_dt_5.50e-06_Nx_128_periodic_n_relax_475p_phi.csv
MATLAB,SAV,128,periodic,450p,None (10),200,56.560381867932556,/project/g_bme-janeslab/SarahG/spinodal_decomp_06_2025/out_MATLAB/SAV_MATLAB_2000_dt_5.50e-06_Nx_128_periodic_n_relax_450p_phi.csv
MATLAB,NMG,128,neumann,450p,None (10),200,35.506962843257355,/project/g_bme-janeslab/SarahG/spinodal_decomp_06_2025/out_MATLAB/NMG_MATLAB_2000_dt_5.50e-06_Nx_128_neumann_n_relax_450p_phi.csv
MATLAB,SAV,256,neumann,425p,None (10),200,127.3088575760485,/project/g_bme-janeslab/SarahG/spinodal_decomp_06_2025/out_MATLAB/SAV_MATLAB_2000_dt_5.50e-06_Nx_256_neumann_n_relax_425p_phi.csv
MATLAB,SAV,512,periodic,450p,None (10),200,443.8336301014608,/project/g_bme-janeslab/SarahG/spinodal_decomp_06_2025/out_MATLAB/SAV_MATLAB_2000_dt_5.50e-06_Nx_512_periodic_n_relax_450p_phi.csv
MATLAB,SAV,128,periodic,425p,None (10),200,73.10847469253311,/project/g_bme-janeslab/SarahG/spinodal_decomp_06_2025/out_MATLAB/SAV_MATLAB_2000_dt_5.50e-06_Nx_128_periodic_n_relax_425p_phi.csv
MATLAB,NMG,512,neumann,425p,None (10),200,400.01589302157265,/project/g_bme-janeslab/SarahG/spinodal_decomp_06_2025/out_MATLAB/NMG_MATLAB_2000_dt_5.50e-06_Nx_512_neumann_n_relax_425p_phi.csv
MATLAB,NMG,64,neumann,450p,None (10),200,0.0,/project/g_bme-janeslab/SarahG/spinodal_decomp_06_2025/out_MATLAB/NMG_MATLAB_2000_dt_5.50e-06_Nx_64_neumann_n_relax_450p_phi.csv
MATLAB,NMG,64,periodic,450p,None (10),200,13.103740854634871,/project/g_bme-janeslab/SarahG/spinodal_decomp_06_2025/out_MATLAB/NMG_MATLAB_2000_dt_5.50e-06_Nx_64_periodic_n_relax_450p_phi.csv
MATLAB,NMG,256,neumann,425p,None (10),200,136.07854595940512,/project/g_bme-janeslab/SarahG/spinodal_decomp_06_2025/out_MATLAB/NMG_MATLAB_2000_dt_5.50e-06_Nx_256_neumann_n_relax_425p_phi.csv
MATLAB,SAV,64,neumann,425p,None (10),200,0.0,/project/g_bme-janeslab/SarahG/spinodal_decomp_06_2025/out_MATLAB/SAV_MATLAB_2000_dt_5.50e-06_Nx_64_neumann_n_relax_425p_phi.csv
MATLAB,SAV,128,neumann,425p,None (10),200,0.0,/project/g_bme-janeslab/SarahG/spinodal_decomp_06_2025/out_MATLAB/SAV_MATLAB_2000_dt_5.50e-06_Nx_128_neumann_n_relax_425p_phi.csv
MATLAB,NMG,128,periodic,425p,None (10),200,64.5141169195083,/project/g_bme-janeslab/SarahG/spinodal_decomp_06_2025/out_MATLAB/NMG_MATLAB_2000_dt_5.50e-06_Nx_128_periodic_n_relax_425p_phi.csv
MATLAB,SAV,512,periodic,475p,None (10),200,427.6401825721732,/project/g_bme-janeslab/SarahG/spinodal_decomp_06_2025/out_MATLAB/SAV_MATLAB_2000_dt_5.50e-06_Nx_512_periodic_n_relax_475p_phi.csv
MATLAB,SAV,512,neumann,475p,None (10),200,433.5049721367234,/project/g_bme-janeslab/SarahG/spinodal_decomp_06_2025/out_MATLAB/SAV_MATLAB_2000_dt_5.50e-06_Nx_512_neumann_n_relax_475p_phi.csv
MATLAB,NMG,256,neumann,475p,None (10),200,130.34680413804261,/project/g_bme-janeslab/SarahG/spinodal_decomp_06_2025/out_MATLAB/NMG_MATLAB_2000_dt_5.50e-06_Nx_256_neumann_n_relax_475p_phi.csv
MATLAB,NMG,256,neumann,450p,None (10),200,153.7763861591287,/project/g_bme-janeslab/SarahG/spinodal_decomp_06_2025/out_MATLAB/NMG_MATLAB_2000_dt_5.50e-06_Nx_256_neumann_n_relax_450p_phi.csv
MATLAB,SAV,512,periodic,425p,None (10),200,429.9072834022339,/project/g_bme-janeslab/SarahG/spinodal_decomp_06_2025/out_MATLAB/SAV_MATLAB_2000_dt_5.50e-06_Nx_512_periodic_n_relax_425p_phi.csv
MATLAB,NMG,64,neumann,475p,None (10),200,33.34923490085207,/project/g_bme-janeslab/SarahG/spinodal_decomp_06_2025/out_MATLAB/NMG_MATLAB_2000_dt_5.50e-06_Nx_64_neumann_n_relax_475p_phi.csv
MATLAB,SAV,128,periodic,475p,None (10),200,65.0373464115878,/project/g_bme-janeslab/SarahG/spinodal_decomp_06_2025/out_MATLAB/SAV_MATLAB_2000_dt_5.50e-06_Nx_128_periodic_n_relax_475p_phi.csv
MATLAB,SAV,256,neumann,475p,None (10),200,130.58711096461704,/project/g_bme-janeslab/SarahG/spinodal_decomp_06_2025/out_MATLAB/SAV_MATLAB_2000_dt_5.50e-06_Nx_256_neumann_n_relax_475p_phi.csv
MATLAB,NMG,512,periodic,450p,None (10),200,386.45685924639895,/project/g_bme-janeslab/SarahG/spinodal_decomp_06_2025/out_MATLAB/NMG_MATLAB_2000_dt_5.50e-06_Nx_512_periodic_n_relax_450p_phi.csv
MATLAB,SAV,64,periodic,425p,None (10),200,0.0,/project/g_bme-janeslab/SarahG/spinodal_decomp_06_2025/out_MATLAB/SAV_MATLAB_2000_dt_5.50e-06_Nx_64_periodic_n_relax_425p_phi.csv
MATLAB,SAV,512,neumann,425p,None (10),200,427.74728498784077,/project/g_bme-janeslab/SarahG/spinodal_decomp_06_2025/out_MATLAB/SAV_MATLAB_2000_dt_5.50e-06_Nx_512_neumann_n_relax_425p_phi.csv
MATLAB,SAV,128,neumann,475p,None (10),200,66.12211448476765,/project/g_bme-janeslab/SarahG/spinodal_decomp_06_2025/out_MATLAB/SAV_MATLAB_2000_dt_5.50e-06_Nx_128_neumann_n_relax_475p_phi.csv
MATLAB,SAV,512,neumann,450p,None (10),200,385.7929072091077,/project/g_bme-janeslab/SarahG/spinodal_decomp_06_2025/out_MATLAB/SAV_MATLAB_2000_dt_5.50e-06_Nx_512_neumann_n_relax_450p_phi.csv
MATLAB,SAV,256,periodic,475p,None (10),200,130.21059396693713,/project/g_bme-janeslab/SarahG/spinodal_decomp_06_2025/out_MATLAB/SAV_MATLAB_2000_dt_5.50e-06_Nx_256_periodic_n_relax_475p_phi.csv
MATLAB,NMG,256,periodic,450p,None (10),200,158.00429516426064,/project/g_bme-janeslab/SarahG/spinodal_decomp_06_2025/out_MATLAB/NMG_MATLAB_2000_dt_5.50e-06_Nx_256_periodic_n_relax_450p_phi.csv
MATLAB,SAV,128,neumann,450p,None (10),200,50.63820843448024,/project/g_bme-janeslab/SarahG/spinodal_decomp_06_2025/out_MATLAB/SAV_MATLAB_2000_dt_5.50e-06_Nx_128_neumann_n_relax_450p_phi.csv
MATLAB,NMG,64,periodic,475p,None (10),200,33.06427560274644,/project/g_bme-janeslab/SarahG/spinodal_decomp_06_2025/out_MATLAB/NMG_MATLAB_2000_dt_5.50e-06_Nx_64_periodic_n_relax_475p_phi.csv
MATLAB,NMG,512,periodic,425p,None (10),200,392.8155983613842,/project/g_bme-janeslab/SarahG/spinodal_decomp_06_2025/out_MATLAB/NMG_MATLAB_2000_dt_5.50e-06_Nx_512_periodic_n_relax_425p_phi.csv
MATLAB,NMG,128,periodic,450p,None (10),200,60.02156140145699,/project/g_bme-janeslab/SarahG/spinodal_decomp_06_2025/out_MATLAB/NMG_MATLAB_2000_dt_5.50e-06_Nx_128_periodic_n_relax_450p_phi.csv
MATLAB,NMG,128,neumann,475p,None (10),200,65.42835353955476,/project/g_bme-janeslab/SarahG/spinodal_decomp_06_2025/out_MATLAB/NMG_MATLAB_2000_dt_5.50e-06_Nx_128_neumann_n_relax_475p_phi.csv
MATLAB,NMG,256,periodic,425p,None (10),200,126.50383106966217,/project/g_bme-janeslab/SarahG/spinodal_decomp_06_2025/out_MATLAB/NMG_MATLAB_2000_dt_5.50e-06_Nx_256_periodic_n_relax_425p_phi.csv
MATLAB,SAV,64,periodic,475p,None (10),200,33.03585493345816,/project/g_bme-janeslab/SarahG/spinodal_decomp_06_2025/out_MATLAB/SAV_MATLAB_2000_dt_5.50e-06_Nx_64_periodic_n_relax_475p_phi.csv
MATLAB,NMG,512,neumann,475p,None (10),200,404.2980630021108,/project/g_bme-janeslab/SarahG/spinodal_decomp_06_2025/out_MATLAB/NMG_MATLAB_2000_dt_5.50e-06_Nx_512_neumann_n_relax_475p_phi.csv
MATLAB,NMG,64,periodic,425p,None (10),200,32.84457889953447,/project/g_bme-janeslab/SarahG/spinodal_decomp_06_2025/out_MATLAB/NMG_MATLAB_2000_dt_5.50e-06_Nx_64_periodic_n_relax_425p_phi.csv
MATLAB,SAV,64,neumann,450p,None (10),200,0.0,/project/g_bme-janeslab/SarahG/spinodal_decomp_06_2025/out_MATLAB/SAV_MATLAB_2000_dt_5.50e-06_Nx_64_neumann_n_relax_450p_phi.csv
MATLAB,NMG,64,neumann,425p,None (10),200,0.0,/project/g_bme-janeslab/SarahG/spinodal_decomp_06_2025/out_MATLAB/NMG_MATLAB_2000_dt_5.50e-06_Nx_64_neumann_n_relax_425p_phi.csv
MATLAB,SAV,256,periodic,450p,None (10),200,199.52555224899814,/project/g_bme-janeslab/SarahG/spinodal_decomp_06_2025/out_MATLAB/SAV_MATLAB_2000_dt_5.50e-06_Nx_256_periodic_n_relax_450p_phi.csv
Python,NMG,128,neumann,50p,125,200,67.53695713004487,/project/g_bme-janeslab/SarahG/spinodal_decomp_06_2025/out_python/NMG_Python_20_dt_5.50e-06_Nx_128_neumann_dtout_125pphi.csv
Python,NMG,64,periodic,50p,175,200,40.96313920001563,/project/g_bme-janeslab/SarahG/spinodal_decomp_06_2025/out_python/NMG_Python_20_dt_5.50e-06_Nx_64_periodic_dtout_175pphi.csv
Python,NMG,256,periodic,50p,150,200,29.17259840027027,/project/g_bme-janeslab/SarahG/spinodal_decomp_06_2025/out_python/NMG_Python_20_dt_5.50e-06_Nx_256_periodic_dtout_150pphi.csv
Python,NMG,128,neumann,50p,175,200,70.65923189142434,/project/g_bme-janeslab/SarahG/spinodal_decomp_06_2025/out_python/NMG_Python_20_dt_5.50e-06_Nx_128_neumann_dtout_175pphi.csv
Python,NMG,64,neumann,50p,150,200,29.085049113795726,/project/g_bme-janeslab/SarahG/spinodal_decomp_06_2025/out_python/NMG_Python_20_dt_5.50e-06_Nx_64_neumann_dtout_150pphi.csv
Python,NMG,256,neumann,50p,150,200,29.20917792670185,/project/g_bme-janeslab/SarahG/spinodal_decomp_06_2025/out_python/NMG_Python_20_dt_5.50e-06_Nx_256_neumann_dtout_150pphi.csv
Python,NMG,512,neumann,50p,125,200,257.8010972671624,/project/g_bme-janeslab/SarahG/spinodal_decomp_06_2025/out_python/NMG_Python_20_dt_5.50e-06_Nx_512_neumann_dtout_125pphi.csv
Python,NMG,256,neumann,50p,175,200,126.42400269596031,/project/g_bme-janeslab/SarahG/spinodal_decomp_06_2025/out_python/NMG_Python_20_dt_5.50e-06_Nx_256_neumann_dtout_175pphi.csv
Python,NMG,128,periodic,50p,150,200,35.5290588078857,/project/g_bme-janeslab/SarahG/spinodal_decomp_06_2025/out_python/NMG_Python_20_dt_5.50e-06_Nx_128_periodic_dtout_150pphi.csv
Python,NMG,256,neumann,50p,125,200,121.25319656328188,/project/g_bme-janeslab/SarahG/spinodal_decomp_06_2025/out_python/NMG_Python_20_dt_5.50e-06_Nx_256_neumann_dtout_125pphi.csv
Python,NMG,64,neumann,50p,175,200,41.16467639931049,/project/g_bme-janeslab/SarahG/spinodal_decomp_06_2025/out_python/NMG_Python_20_dt_5.50e-06_Nx_64_neumann_dtout_175pphi.csv
Python,NMG,256,periodic,50p,125,200,121.24654975063653,/project/g_bme-janeslab/SarahG/spinodal_decomp_06_2025/out_python/NMG_Python_20_dt_5.50e-06_Nx_256_periodic_dtout_125pphi.csv
Python,NMG,512,periodic,50p,150,200,72.24378306992716,/project/g_bme-janeslab/SarahG/spinodal_decomp_06_2025/out_python/NMG_Python_20_dt_5.50e-06_Nx_512_periodic_dtout_150pphi.csv
Python,NMG,64,neumann,50p,125,200,40.57691574461097,/project/g_bme-janeslab/SarahG/spinodal_decomp_06_2025/out_python/NMG_Python_20_dt_5.50e-06_Nx_64_neumann_dtout_125pphi.csv
Python,NMG,512,periodic,50p,125,200,257.7460830997408,/project/g_bme-janeslab/SarahG/spinodal_decomp_06_2025/out_python/NMG_Python_20_dt_5.50e-06_Nx_512_periodic_dtout_125pphi.csv
Python,NMG,128,periodic,50p,175,200,70.47248172165855,/project/g_bme-janeslab/SarahG/spinodal_decomp_06_2025/out_python/NMG_Python_20_dt_5.50e-06_Nx_128_periodic_dtout_175pphi.csv
Python,NMG,512,periodic,50p,175,200,253.33188975123858,/project/g_bme-janeslab/SarahG/spinodal_decomp_06_2025/out_python/NMG_Python_20_dt_5.50e-06_Nx_512_periodic_dtout_175pphi.csv
Python,NMG,128,neumann,50p,150,200,35.960007022456374,/project/g_bme-janeslab/SarahG/spinodal_decomp_06_2025/out_python/NMG_Python_20_dt_5.50e-06_Nx_128_neumann_dtout_150pphi.csv
Python,NMG,512,neumann,50p,175,200,253.3451513586272,/project/g_bme-janeslab/SarahG/spinodal_decomp_06_2025/out_python/NMG_Python_20_dt_5.50e-06_Nx_512_neumann_dtout_175pphi.csv
Python,NMG,512,neumann,50p,150,200,72.56118585779477,/project/g_bme-janeslab/SarahG/spinodal_decomp_06_2025/out_python/NMG_Python_20_dt_5.50e-06_Nx_512_neumann_dtout_150pphi.csv
Python,NMG,64,periodic,50p,125,200,40.33728178659941,/project/g_bme-janeslab/SarahG/spinodal_decomp_06_2025/out_python/NMG_Python_20_dt_5.50e-06_Nx_64_periodic_dtout_125pphi.csv
Python,NMG,256,periodic,50p,175,200,126.35000110509587,/project/g_bme-janeslab/SarahG/spinodal_decomp_06_2025/out_python/NMG_Python_20_dt_5.50e-06_Nx_256_periodic_dtout_175pphi.csv
Python,NMG,64,periodic,50p,150,200,28.792704881782537,/project/g_bme-janeslab/SarahG/spinodal_decomp_06_2025/out_python/NMG_Python_20_dt_5.50e-06_Nx_64_periodic_dtout_150pphi.csv
Python,NMG,128,periodic,50p,125,200,67.49799325046925,/project/g_bme-janeslab/SarahG/spinodal_decomp_06_2025/out_python/NMG_Python_20_dt_5.50e-06_Nx_128_periodic_dtout_125pphi.csv
MATLAB,SAV,64,periodic,450p,None (10),240,21.96788212997796,/project/g_bme-janeslab/SarahG/spinodal_decomp_06_2025/out_MATLAB/SAV_MATLAB_2000_dt_5.50e-06_Nx_64_periodic_n_relax_450p_phi.csv
MATLAB,NMG,512,periodic,475p,None (10),240,404.4741351436208,/project/g_bme-janeslab/SarahG/spinodal_decomp_06_2025/out_MATLAB/NMG_MATLAB_2000_dt_5.50e-06_Nx_512_periodic_n_relax_475p_phi.csv
MATLAB,NMG,512,neumann,450p,None (10),240,391.80031746707186,/project/g_bme-janeslab/SarahG/spinodal_decomp_06_2025/out_MATLAB/NMG_MATLAB_2000_dt_5.50e-06_Nx_512_neumann_n_relax_450p_phi.csv
MATLAB,SAV,256,neumann,450p,None (10),240,161.6753384443821,/project/g_bme-janeslab/SarahG/spinodal_decomp_06_2025/out_MATLAB/SAV_MATLAB_2000_dt_5.50e-06_Nx_256_neumann_n_relax_450p_phi.csv
MATLAB,SAV,64,neumann,475p,None (10),240,33.30316170111315,/project/g_bme-janeslab/SarahG/spinodal_decomp_06_2025/out_MATLAB/SAV_MATLAB_2000_dt_5.50e-06_Nx_64_neumann_n_relax_475p_phi.csv
MATLAB,NMG,256,periodic,475p,None (10),240,134.0101541420148,/project/g_bme-janeslab/SarahG/spinodal_decomp_06_2025/out_MATLAB/NMG_MATLAB_2000_dt_5.50e-06_Nx_256_periodic_n_relax_475p_phi.csv
MATLAB,NMG,128,neumann,425p,None (10),240,74.19937186351515,/project/g_bme-janeslab/SarahG/spinodal_decomp_06_2025/out_MATLAB/NMG_MATLAB_2000_dt_5.50e-06_Nx_128_neumann_n_relax_425p_phi.csv
MATLAB,SAV,256,periodic,425p,None (10),240,0.0,/project/g_bme-janeslab/SarahG/spinodal_decomp_06_2025/out_MATLAB/SAV_MATLAB_2000_dt_5.50e-06_Nx_256_periodic_n_relax_425p_phi.csv
MATLAB,NMG,128,periodic,475p,None (10),240,65.05823134779372,/project/g_bme-janeslab/SarahG/spinodal_decomp_06_2025/out_MATLAB/NMG_MATLAB_2000_dt_5.50e-06_Nx_128_periodic_n_relax_475p_phi.csv
MATLAB,SAV,128,periodic,450p,None (10),240,60.17878748515214,/project/g_bme-janeslab/SarahG/spinodal_decomp_06_2025/out_MATLAB/SAV_MATLAB_2000_dt_5.50e-06_Nx_128_periodic_n_relax_450p_phi.csv
MATLAB,NMG,128,neumann,450p,None (10),240,39.69830854315717,/project/g_bme-janeslab/SarahG/spinodal_decomp_06_2025/out_MATLAB/NMG_MATLAB_2000_dt_5.50e-06_Nx_128_neumann_n_relax_450p_phi.csv
MATLAB,SAV,256,neumann,425p,None (10),240,132.2305642558609,/project/g_bme-janeslab/SarahG/spinodal_decomp_06_2025/out_MATLAB/SAV_MATLAB_2000_dt_5.50e-06_Nx_256_neumann_n_relax_425p_phi.csv
MATLAB,SAV,512,periodic,450p,None (10),240,444.7005711171637,/project/g_bme-janeslab/SarahG/spinodal_decomp_06_2025/out_MATLAB/SAV_MATLAB_2000_dt_5.50e-06_Nx_512_periodic_n_relax_450p_phi.csv
MATLAB,SAV,128,periodic,425p,None (10),240,73.72584075482487,/project/g_bme-janeslab/SarahG/spinodal_decomp_06_2025/out_MATLAB/SAV_MATLAB_2000_dt_5.50e-06_Nx_128_periodic_n_relax_425p_phi.csv
MATLAB,NMG,512,neumann,425p,None (10),240,410.3230910318278,/project/g_bme-janeslab/SarahG/spinodal_decomp_06_2025/out_MATLAB/NMG_MATLAB_2000_dt_5.50e-06_Nx_512_neumann_n_relax_425p_phi.csv
MATLAB,NMG,64,neumann,450p,None (10),240,0.0,/project/g_bme-janeslab/SarahG/spinodal_decomp_06_2025/out_MATLAB/NMG_MATLAB_2000_dt_5.50e-06_Nx_64_neumann_n_relax_450p_phi.csv
MATLAB,NMG,64,periodic,450p,None (10),240,13.340728979581877,/project/g_bme-janeslab/SarahG/spinodal_decomp_06_2025/out_MATLAB/NMG_MATLAB_2000_dt_5.50e-06_Nx_64_periodic_n_relax_450p_phi.csv
MATLAB,NMG,256,neumann,425p,None (10),240,142.7945503653391,/project/g_bme-janeslab/SarahG/spinodal_decomp_06_2025/out_MATLAB/NMG_MATLAB_2000_dt_5.50e-06_Nx_256_neumann_n_relax_425p_phi.csv
MATLAB,SAV,64,neumann,425p,None (10),240,0.0,/project/g_bme-janeslab/SarahG/spinodal_decomp_06_2025/out_MATLAB/SAV_MATLAB_2000_dt_5.50e-06_Nx_64_neumann_n_relax_425p_phi.csv
MATLAB,SAV,128,neumann,425p,None (10),240,0.0,/project/g_bme-janeslab/SarahG/spinodal_decomp_06_2025/out_MATLAB/SAV_MATLAB_2000_dt_5.50e-06_Nx_128_neumann_n_relax_425p_phi.csv
MATLAB,NMG,128,periodic,425p,None (10),240,64.62865668061356,/project/g_bme-janeslab/SarahG/spinodal_decomp_06_2025/out_MATLAB/NMG_MATLAB_2000_dt_5.50e-06_Nx_128_periodic_n_relax_425p_phi.csv
MATLAB,SAV,512,periodic,475p,None (10),240,428.83258899926193,/project/g_bme-janeslab/SarahG/spinodal_decomp_06_2025/out_MATLAB/SAV_MATLAB_2000_dt_5.50e-06_Nx_512_periodic_n_relax_475p_phi.csv
MATLAB,SAV,512,neumann,475p,None (10),240,434.2357011995138,/project/g_bme-janeslab/SarahG/spinodal_decomp_06_2025/out_MATLAB/SAV_MATLAB_2000_dt_5.50e-06_Nx_512_neumann_n_relax_475p_phi.csv
MATLAB,NMG,256,neumann,475p,None (10),240,134.43523280881084,/project/g_bme-janeslab/SarahG/spinodal_decomp_06_2025/out_MATLAB/NMG_MATLAB_2000_dt_5.50e-06_Nx_256_neumann_n_relax_475p_phi.csv
MATLAB,NMG,256,neumann,450p,None (10),240,161.52188069072702,/project/g_bme-janeslab/SarahG/spinodal_decomp_06_2025/out_MATLAB/NMG_MATLAB_2000_dt_5.50e-06_Nx_256_neumann_n_relax_450p_phi.csv
MATLAB,SAV,512,periodic,425p,None (10),240,430.96960181306906,/project/g_bme-janeslab/SarahG/spinodal_decomp_06_2025/out_MATLAB/SAV_MATLAB_2000_dt_5.50e-06_Nx_512_periodic_n_relax_425p_phi.csv
MATLAB,NMG,64,neumann,475p,None (10),240,33.31908333328132,/project/g_bme-janeslab/SarahG/spinodal_decomp_06_2025/out_MATLAB/NMG_MATLAB_2000_dt_5.50e-06_Nx_64_neumann_n_relax_475p_phi.csv
MATLAB,SAV,128,periodic,475p,None (10),240,65.06109654640628,/project/g_bme-janeslab/SarahG/spinodal_decomp_06_2025/out_MATLAB/SAV_MATLAB_2000_dt_5.50e-06_Nx_128_periodic_n_relax_475p_phi.csv
MATLAB,SAV,256,neumann,475p,None (10),240,134.8321501096766,/project/g_bme-janeslab/SarahG/spinodal_decomp_06_2025/out_MATLAB/SAV_MATLAB_2000_dt_5.50e-06_Nx_256_neumann_n_relax_475p_phi.csv
MATLAB,NMG,512,periodic,450p,None (10),240,392.5457144161113,/project/g_bme-janeslab/SarahG/spinodal_decomp_06_2025/out_MATLAB/NMG_MATLAB_2000_dt_5.50e-06_Nx_512_periodic_n_relax_450p_phi.csv
MATLAB,SAV,64,periodic,425p,None (10),240,0.0,/project/g_bme-janeslab/SarahG/spinodal_decomp_06_2025/out_MATLAB/SAV_MATLAB_2000_dt_5.50e-06_Nx_64_periodic_n_relax_425p_phi.csv
MATLAB,SAV,512,neumann,425p,None (10),240,428.68586871138524,/project/g_bme-janeslab/SarahG/spinodal_decomp_06_2025/out_MATLAB/SAV_MATLAB_2000_dt_5.50e-06_Nx_512_neumann_n_relax_425p_phi.csv
MATLAB,SAV,128,neumann,475p,None (10),240,66.35986555501103,/project/g_bme-janeslab/SarahG/spinodal_decomp_06_2025/out_MATLAB/SAV_MATLAB_2000_dt_5.50e-06_Nx_128_neumann_n_relax_475p_phi.csv
MATLAB,SAV,512,neumann,450p,None (10),240,392.25082064021404,/project/g_bme-janeslab/SarahG/spinodal_decomp_06_2025/out_MATLAB/SAV_MATLAB_2000_dt_5.50e-06_Nx_512_neumann_n_relax_450p_phi.csv
MATLAB,SAV,256,periodic,475p,None (10),240,134.41184042497864,/project/g_bme-janeslab/SarahG/spinodal_decomp_06_2025/out_MATLAB/SAV_MATLAB_2000_dt_5.50e-06_Nx_256_periodic_n_relax_475p_phi.csv
MATLAB,NMG,256,periodic,450p,None (10),240,164.35581070759005,/project/g_bme-janeslab/SarahG/spinodal_decomp_06_2025/out_MATLAB/NMG_MATLAB_2000_dt_5.50e-06_Nx_256_periodic_n_relax_450p_phi.csv
MATLAB,SAV,128,neumann,450p,None (10),240,54.70459891582181,/project/g_bme-janeslab/SarahG/spinodal_decomp_06_2025/out_MATLAB/SAV_MATLAB_2000_dt_5.50e-06_Nx_128_neumann_n_relax_450p_phi.csv
MATLAB,NMG,64,periodic,475p,None (10),240,33.02197038211855,/project/g_bme-janeslab/SarahG/spinodal_decomp_06_2025/out_MATLAB/NMG_MATLAB_2000_dt_5.50e-06_Nx_64_periodic_n_relax_475p_phi.csv
MATLAB,NMG,512,periodic,425p,None (10),240,406.26633221159943,/project/g_bme-janeslab/SarahG/spinodal_decomp_06_2025/out_MATLAB/NMG_MATLAB_2000_dt_5.50e-06_Nx_512_periodic_n_relax_425p_phi.csv
MATLAB,NMG,128,periodic,450p,None (10),240,63.28887921301566,/project/g_bme-janeslab/SarahG/spinodal_decomp_06_2025/out_MATLAB/NMG_MATLAB_2000_dt_5.50e-06_Nx_128_periodic_n_relax_450p_phi.csv
MATLAB,NMG,128,neumann,475p,None (10),240,65.544454278568,/project/g_bme-janeslab/SarahG/spinodal_decomp_06_2025/out_MATLAB/NMG_MATLAB_2000_dt_5.50e-06_Nx_128_neumann_n_relax_475p_phi.csv
MATLAB,NMG,256,periodic,425p,None (10),240,131.16987305861068,/project/g_bme-janeslab/SarahG/spinodal_decomp_06_2025/out_MATLAB/NMG_MATLAB_2000_dt_5.50e-06_Nx_256_periodic_n_relax_425p_phi.csv
MATLAB,SAV,64,periodic,475p,None (10),240,32.99894113216986,/project/g_bme-janeslab/SarahG/spinodal_decomp_06_2025/out_MATLAB/SAV_MATLAB_2000_dt_5.50e-06_Nx_64_periodic_n_relax_475p_phi.csv
MATLAB,NMG,512,neumann,475p,None (10),240,413.75494096885797,/project/g_bme-janeslab/SarahG/spinodal_decomp_06_2025/out_MATLAB/NMG_MATLAB_2000_dt_5.50e-06_Nx_512_neumann_n_relax_475p_phi.csv
MATLAB,NMG,64,periodic,425p,None (10),240,32.80767687101153,/project/g_bme-janeslab/SarahG/spinodal_decomp_06_2025/out_MATLAB/NMG_MATLAB_2000_dt_5.50e-06_Nx_64_periodic_n_relax_425p_phi.csv
MATLAB,SAV,64,neumann,450p,None (10),240,0.0,/project/g_bme-janeslab/SarahG/spinodal_decomp_06_2025/out_MATLAB/SAV_MATLAB_2000_dt_5.50e-06_Nx_64_neumann_n_relax_450p_phi.csv
MATLAB,NMG,64,neumann,425p,None (10),240,0.0,/project/g_bme-janeslab/SarahG/spinodal_decomp_06_2025/out_MATLAB/NMG_MATLAB_2000_dt_5.50e-06_Nx_64_neumann_n_relax_425p_phi.csv
MATLAB,SAV,256,periodic,450p,None (10),240,200.20267019005894,/project/g_bme-janeslab/SarahG/spinodal_decomp_06_2025/out_MATLAB/SAV_MATLAB_2000_dt_5.50e-06_Nx_256_periodic_n_relax_450p_phi.csv
Python,NMG,128,neumann,50p,125,240,67.31644266456155,/project/g_bme-janeslab/SarahG/spinodal_decomp_06_2025/out_python/NMG_Python_20_dt_5.50e-06_Nx_128_neumann_dtout_125pphi.csv
Python,NMG,64,periodic,50p,175,240,40.415113685910136,/project/g_bme-janeslab/SarahG/spinodal_decomp_06_2025/out_python/NMG_Python_20_dt_5.50e-06_Nx_64_periodic_dtout_175pphi.csv
Python,NMG,256,periodic,50p,150,240,29.167922416739007,/project/g_bme-janeslab/SarahG/spinodal_decomp_06_2025/out_python/NMG_Python_20_dt_5.50e-06_Nx_256_periodic_dtout_150pphi.csv
Python,NMG,128,neumann,50p,175,240,70.33641457372126,/project/g_bme-janeslab/SarahG/spinodal_decomp_06_2025/out_python/NMG_Python_20_dt_5.50e-06_Nx_128_neumann_dtout_175pphi.csv
Python,NMG,64,neumann,50p,150,240,27.92869344339417,/project/g_bme-janeslab/SarahG/spinodal_decomp_06_2025/out_python/NMG_Python_20_dt_5.50e-06_Nx_64_neumann_dtout_150pphi.csv
Python,NMG,256,neumann,50p,150,240,29.206739273629537,/project/g_bme-janeslab/SarahG/spinodal_decomp_06_2025/out_python/NMG_Python_20_dt_5.50e-06_Nx_256_neumann_dtout_150pphi.csv
Python,NMG,512,neumann,50p,125,240,257.49344055229517,/project/g_bme-janeslab/SarahG/spinodal_decomp_06_2025/out_python/NMG_Python_20_dt_5.50e-06_Nx_512_neumann_dtout_125pphi.csv
Python,NMG,256,neumann,50p,175,240,126.308738255392,/project/g_bme-janeslab/SarahG/spinodal_decomp_06_2025/out_python/NMG_Python_20_dt_5.50e-06_Nx_256_neumann_dtout_175pphi.csv
Python,NMG,128,periodic,50p,150,240,34.43113345101995,/project/g_bme-janeslab/SarahG/spinodal_decomp_06_2025/out_python/NMG_Python_20_dt_5.50e-06_Nx_128_periodic_dtout_150pphi.csv
Python,NMG,256,neumann,50p,125,240,121.22122450383543,/project/g_bme-janeslab/SarahG/spinodal_decomp_06_2025/out_python/NMG_Python_20_dt_5.50e-06_Nx_256_neumann_dtout_125pphi.csv
Python,NMG,64,neumann,50p,175,240,40.61929850595996,/project/g_bme-janeslab/SarahG/spinodal_decomp_06_2025/out_python/NMG_Python_20_dt_5.50e-06_Nx_64_neumann_dtout_175pphi.csv
Python,NMG,256,periodic,50p,125,240,121.21373900639018,/project/g_bme-janeslab/SarahG/spinodal_decomp_06_2025/out_python/NMG_Python_20_dt_5.50e-06_Nx_256_periodic_dtout_125pphi.csv
Python,NMG,512,periodic,50p,150,240,72.20882823220877,/project/g_bme-janeslab/SarahG/spinodal_decomp_06_2025/out_python/NMG_Python_20_dt_5.50e-06_Nx_512_periodic_dtout_150pphi.csv
Python,NMG,64,neumann,50p,125,240,39.46038786083413,/project/g_bme-janeslab/SarahG/spinodal_decomp_06_2025/out_python/NMG_Python_20_dt_5.50e-06_Nx_64_neumann_dtout_125pphi.csv
Python,NMG,512,periodic,50p,125,240,257.4378127312662,/project/g_bme-janeslab/SarahG/spinodal_decomp_06_2025/out_python/NMG_Python_20_dt_5.50e-06_Nx_512_periodic_dtout_125pphi.csv
Python,NMG,128,periodic,50p,175,240,70.14973596089932,/project/g_bme-janeslab/SarahG/spinodal_decomp_06_2025/out_python/NMG_Python_20_dt_5.50e-06_Nx_128_periodic_dtout_175pphi.csv
Python,NMG,512,periodic,50p,175,240,253.27671237078965,/project/g_bme-janeslab/SarahG/spinodal_decomp_06_2025/out_python/NMG_Python_20_dt_5.50e-06_Nx_512_periodic_dtout_175pphi.csv
Python,NMG,128,neumann,50p,150,240,34.86973812053846,/project/g_bme-janeslab/SarahG/spinodal_decomp_06_2025/out_python/NMG_Python_20_dt_5.50e-06_Nx_128_neumann_dtout_150pphi.csv
Python,NMG,512,neumann,50p,175,240,253.29023074184383,/project/g_bme-janeslab/SarahG/spinodal_decomp_06_2025/out_python/NMG_Python_20_dt_5.50e-06_Nx_512_neumann_dtout_175pphi.csv
Python,NMG,512,neumann,50p,150,240,72.53521323291577,/project/g_bme-janeslab/SarahG/spinodal_decomp_06_2025/out_python/NMG_Python_20_dt_5.50e-06_Nx_512_neumann_dtout_150pphi.csv
Python,NMG,64,periodic,50p,125,240,39.21116069420866,/project/g_bme-janeslab/SarahG/spinodal_decomp_06_2025/out_python/NMG_Python_20_dt_5.50e-06_Nx_64_periodic_dtout_125pphi.csv
Python,NMG,256,periodic,50p,175,240,126.23253723745373,/project/g_bme-janeslab/SarahG/spinodal_decomp_06_2025/out_python/NMG_Python_20_dt_5.50e-06_Nx_256_periodic_dtout_175pphi.csv
Python,NMG,64,periodic,50p,150,240,27.620944626727113,/project/g_bme-janeslab/SarahG/spinodal_decomp_06_2025/out_python/NMG_Python_20_dt_5.50e-06_Nx_64_periodic_dtout_150pphi.csv
Python,NMG,128,periodic,50p,125,240,67.27626698243701,/project/g_bme-janeslab/SarahG/spinodal_decomp_06_2025/out_python/NMG_Python_20_dt_5.50e-06_Nx_128_periodic_dtout_125pphi.csv
MATLAB,SAV,64,periodic,450p,None (10),280,22.538573076620203,/project/g_bme-janeslab/SarahG/spinodal_decomp_06_2025/out_MATLAB/SAV_MATLAB_2000_dt_5.50e-06_Nx_64_periodic_n_relax_450p_phi.csv
MATLAB,NMG,512,periodic,475p,None (10),280,413.75789667350796,/project/g_bme-janeslab/SarahG/spinodal_decomp_06_2025/out_MATLAB/NMG_MATLAB_2000_dt_5.50e-06_Nx_512_periodic_n_relax_475p_phi.csv
MATLAB,NMG,512,neumann,450p,None (10),280,396.9508676739228,/project/g_bme-janeslab/SarahG/spinodal_decomp_06_2025/out_MATLAB/NMG_MATLAB_2000_dt_5.50e-06_Nx_512_neumann_n_relax_450p_phi.csv
MATLAB,SAV,256,neumann,450p,None (10),280,166.74553124679616,/project/g_bme-janeslab/SarahG/spinodal_decomp_06_2025/out_MATLAB/SAV_MATLAB_2000_dt_5.50e-06_Nx_256_neumann_n_relax_450p_phi.csv
MATLAB,SAV,64,neumann,475p,None (10),280,33.28778734524493,/project/g_bme-janeslab/SarahG/spinodal_decomp_06_2025/out_MATLAB/SAV_MATLAB_2000_dt_5.50e-06_Nx_64_neumann_n_relax_475p_phi.csv
MATLAB,NMG,256,periodic,475p,None (10),280,139.23266420086006,/project/g_bme-janeslab/SarahG/spinodal_decomp_06_2025/out_MATLAB/NMG_MATLAB_2000_dt_5.50e-06_Nx_256_periodic_n_relax_475p_phi.csv
MATLAB,NMG,128,neumann,425p,None (10),280,74.98206975791537,/project/g_bme-janeslab/SarahG/spinodal_decomp_06_2025/out_MATLAB/NMG_MATLAB_2000_dt_5.50e-06_Nx_128_neumann_n_relax_425p_phi.csv
MATLAB,SAV,256,periodic,425p,None (10),280,0.0,/project/g_bme-janeslab/SarahG/spinodal_decomp_06_2025/out_MATLAB/SAV_MATLAB_2000_dt_5.50e-06_Nx_256_periodic_n_relax_425p_phi.csv
MATLAB,NMG,128,periodic,475p,None (10),280,65.08617503651787,/project/g_bme-janeslab/SarahG/spinodal_decomp_06_2025/out_MATLAB/NMG_MATLAB_2000_dt_5.50e-06_Nx_128_periodic_n_relax_475p_phi.csv
MATLAB,SAV,128,periodic,450p,None (10),280,63.44148640086447,/project/g_bme-janeslab/SarahG/spinodal_decomp_06_2025/out_MATLAB/SAV_MATLAB_2000_dt_5.50e-06_Nx_128_periodic_n_relax_450p_phi.csv
MATLAB,NMG,128,neumann,450p,None (10),280,44.04572164567634,/project/g_bme-janeslab/SarahG/spinodal_decomp_06_2025/out_MATLAB/NMG_MATLAB_2000_dt_5.50e-06_Nx_128_neumann_n_relax_450p_phi.csv
MATLAB,SAV,256,neumann,425p,None (10),280,138.46533913740166,/project/g_bme-janeslab/SarahG/spinodal_decomp_06_2025/out_MATLAB/SAV_MATLAB_2000_dt_5.50e-06_Nx_256_neumann_n_relax_425p_phi.csv
MATLAB,SAV,512,periodic,450p,None (10),280,445.4747114824607,/project/g_bme-janeslab/SarahG/spinodal_decomp_06_2025/out_MATLAB/SAV_MATLAB_2000_dt_5.50e-06_Nx_512_periodic_n_relax_450p_phi.csv
MATLAB,SAV,128,periodic,425p,None (10),280,74.35522245474942,/project/g_bme-janeslab/SarahG/spinodal_decomp_06_2025/out_MATLAB/SAV_MATLAB_2000_dt_5.50e-06_Nx_128_periodic_n_relax_425p_phi.csv
MATLAB,NMG,512,neumann,425p,None (10),280,416.9319993267568,/project/g_bme-janeslab/SarahG/spinodal_decomp_06_2025/out_MATLAB/NMG_MATLAB_2000_dt_5.50e-06_Nx_512_neumann_n_relax_425p_phi.csv
MATLAB,NMG,64,neumann,450p,None (10),280,0.0,/project/g_bme-janeslab/SarahG/spinodal_decomp_06_2025/out_MATLAB/NMG_MATLAB_2000_dt_5.50e-06_Nx_64_neumann_n_relax_450p_phi.csv
MATLAB,NMG,64,periodic,450p,None (10),280,13.63900523971471,/project/g_bme-janeslab/SarahG/spinodal_decomp_06_2025/out_MATLAB/NMG_MATLAB_2000_dt_5.50e-06_Nx_64_periodic_n_relax_450p_phi.csv
MATLAB,NMG,256,neumann,425p,None (10),280,149.950993737677,/project/g_bme-janeslab/SarahG/spinodal_decomp_06_2025/out_MATLAB/NMG_MATLAB_2000_dt_5.50e-06_Nx_256_neumann_n_relax_425p_phi.csv
MATLAB,SAV,64,neumann,425p,None (10),280,0.0,/project/g_bme-janeslab/SarahG/spinodal_decomp_06_2025/out_MATLAB/SAV_MATLAB_2000_dt_5.50e-06_Nx_64_neumann_n_relax_425p_phi.csv
MATLAB,SAV,128,neumann,425p,None (10),280,0.0,/project/g_bme-janeslab/SarahG/spinodal_decomp_06_2025/out_MATLAB/SAV_MATLAB_2000_dt_5.50e-06_Nx_128_neumann_n_relax_425p_phi.csv
MATLAB,NMG,128,periodic,425p,None (10),280,64.77063248549031,/project/g_bme-janeslab/SarahG/spinodal_decomp_06_2025/out_MATLAB/NMG_MATLAB_2000_dt_5.50e-06_Nx_128_periodic_n_relax_425p_phi.csv
MATLAB,SAV,512,periodic,475p,None (10),280,429.9243729194041,/project/g_bme-janeslab/SarahG/spinodal_decomp_06_2025/out_MATLAB/SAV_MATLAB_2000_dt_5.50e-06_Nx_512_periodic_n_relax_475p_phi.csv
MATLAB,SAV,512,neumann,475p,None (10),280,435.14286113847106,/project/g_bme-janeslab/SarahG/spinodal_decomp_06_2025/out_MATLAB/SAV_MATLAB_2000_dt_5.50e-06_Nx_512_neumann_n_relax_475p_phi.csv
MATLAB,NMG,256,neumann,475p,None (10),280,139.71522640395168,/project/g_bme-janeslab/SarahG/spinodal_decomp_06_2025/out_MATLAB/NMG_MATLAB_2000_dt_5.50e-06_Nx_256_neumann_n_relax_475p_phi.csv
MATLAB,NMG,256,neumann,450p,None (10),280,166.7487794237704,/project/g_bme-janeslab/SarahG/spinodal_decomp_06_2025/out_MATLAB/NMG_MATLAB_2000_dt_5.50e-06_Nx_256_neumann_n_relax_450p_phi.csv
MATLAB,SAV,512,periodic,425p,None (10),280,431.8803040289322,/project/g_bme-janeslab/SarahG/spinodal_decomp_06_2025/out_MATLAB/SAV_MATLAB_2000_dt_5.50e-06_Nx_512_periodic_n_relax_425p_phi.csv
MATLAB,NMG,64,neumann,475p,None (10),280,33.30265509506206,/project/g_bme-janeslab/SarahG/spinodal_decomp_06_2025/out_MATLAB/NMG_MATLAB_2000_dt_5.50e-06_Nx_64_neumann_n_relax_475p_phi.csv
MATLAB,SAV,128,periodic,475p,None (10),280,65.10109040757543,/project/g_bme-janeslab/SarahG/spinodal_decomp_06_2025/out_MATLAB/SAV_MATLAB_2000_dt_5.50e-06_Nx_128_periodic_n_relax_475p_phi.csv
MATLAB,SAV,256,neumann,475p,None (10),280,140.2922407351398,/project/g_bme-janeslab/SarahG/spinodal_decomp_06_2025/out_MATLAB/SAV_MATLAB_2000_dt_5.50e-06_Nx_256_neumann_n_relax_475p_phi.csv
MATLAB,NMG,512,periodic,450p,None (10),280,397.4889006198729,/project/g_bme-janeslab/SarahG/spinodal_decomp_06_2025/out_MATLAB/NMG_MATLAB_2000_dt_5.50e-06_Nx_512_periodic_n_relax_450p_phi.csv
MATLAB,SAV,64,periodic,425p,None (10),280,0.0,/project/g_bme-janeslab/SarahG/spinodal_decomp_06_2025/out_MATLAB/SAV_MATLAB_2000_dt_5.50e-06_Nx_64_periodic_n_relax_425p_phi.csv
MATLAB,SAV,512,neumann,425p,None (10),280,429.6486476425252,/project/g_bme-janeslab/SarahG/spinodal_decomp_06_2025/out_MATLAB/SAV_MATLAB_2000_dt_5.50e-06_Nx_512_neumann_n_relax_425p_phi.csv
MATLAB,SAV,128,neumann,475p,None (10),280,66.63006962117569,/project/g_bme-janeslab/SarahG/spinodal_decomp_06_2025/out_MATLAB/SAV_MATLAB_2000_dt_5.50e-06_Nx_128_neumann_n_relax_475p_phi.csv
MATLAB,SAV,512,neumann,450p,None (10),280,397.3843556325367,/project/g_bme-janeslab/SarahG/spinodal_decomp_06_2025/out_MATLAB/SAV_MATLAB_2000_dt_5.50e-06_Nx_512_neumann_n_relax_450p_phi.csv
MATLAB,SAV,256,periodic,475p,None (10),280,139.8248054679663,/project/g_bme-janeslab/SarahG/spinodal_decomp_06_2025/out_MATLAB/SAV_MATLAB_2000_dt_5.50e-06_Nx_256_periodic_n_relax_475p_phi.csv
MATLAB,NMG,256,periodic,450p,None (10),280,169.0372831487475,/project/g_bme-janeslab/SarahG/spinodal_decomp_06_2025/out_MATLAB/NMG_MATLAB_2000_dt_5.50e-06_Nx_256_periodic_n_relax_450p_phi.csv
MATLAB,SAV,128,neumann,450p,None (10),280,58.45006880284253,/project/g_bme-janeslab/SarahG/spinodal_decomp_06_2025/out_MATLAB/SAV_MATLAB_2000_dt_5.50e-06_Nx_128_neumann_n_relax_450p_phi.csv
MATLAB,NMG,64,periodic,475p,None (10),280,32.99248948168597,/project/g_bme-janeslab/SarahG/spinodal_decomp_06_2025/out_MATLAB/NMG_MATLAB_2000_dt_5.50e-06_Nx_64_periodic_n_relax_475p_phi.csv
MATLAB,NMG,512,periodic,425p,None (10),280,414.6073829487145,/project/g_bme-janeslab/SarahG/spinodal_decomp_06_2025/out_MATLAB/NMG_MATLAB_2000_dt_5.50e-06_Nx_512_periodic_n_relax_425p_phi.csv
MATLAB,NMG,128,periodic,450p,None (10),280,66.20765620334083,/project/g_bme-janeslab/SarahG/spinodal_decomp_06_2025/out_MATLAB/NMG_MATLAB_2000_dt_5.50e-06_Nx_128_periodic_n_relax_450p_phi.csv
MATLAB,NMG,128,neumann,475p,None (10),280,65.68473799667146,/project/g_bme-janeslab/SarahG/spinodal_decomp_06_2025/out_MATLAB/NMG_MATLAB_2000_dt_5.50e-06_Nx_128_neumann_n_relax_475p_phi.csv
MATLAB,NMG,256,periodic,425p,None (10),280,137.2171091894469,/project/g_bme-janeslab/SarahG/spinodal_decomp_06_2025/out_MATLAB/NMG_MATLAB_2000_dt_5.50e-06_Nx_256_periodic_n_relax_425p_phi.csv
MATLAB,SAV,64,periodic,475p,None (10),280,32.97284727042746,/project/g_bme-janeslab/SarahG/spinodal_decomp_06_2025/out_MATLAB/SAV_MATLAB_2000_dt_5.50e-06_Nx_64_periodic_n_relax_475p_phi.csv
MATLAB,NMG,512,neumann,475p,None (10),280,419.3424850379663,/project/g_bme-janeslab/SarahG/spinodal_decomp_06_2025/out_MATLAB/NMG_MATLAB_2000_dt_5.50e-06_Nx_512_neumann_n_relax_475p_phi.csv
MATLAB,NMG,64,periodic,425p,None (10),280,32.77827396739444,/project/g_bme-janeslab/SarahG/spinodal_decomp_06_2025/out_MATLAB/NMG_MATLAB_2000_dt_5.50e-06_Nx_64_periodic_n_relax_425p_phi.csv
MATLAB,SAV,64,neumann,450p,None (10),280,0.0,/project/g_bme-janeslab/SarahG/spinodal_decomp_06_2025/out_MATLAB/SAV_MATLAB_2000_dt_5.50e-06_Nx_64_neumann_n_relax_450p_phi.csv
MATLAB,NMG,64,neumann,425p,None (10),280,0.0,/project/g_bme-janeslab/SarahG/spinodal_decomp_06_2025/out_MATLAB/NMG_MATLAB_2000_dt_5.50e-06_Nx_64_neumann_n_relax_425p_phi.csv
MATLAB,SAV,256,periodic,450p,None (10),280,200.87066374291334,/project/g_bme-janeslab/SarahG/spinodal_decomp_06_2025/out_MATLAB/SAV_MATLAB_2000_dt_5.50e-06_Nx_256_periodic_n_relax_450p_phi.csv
Python,NMG,128,neumann,50p,125,280,67.16303636270908,/project/g_bme-janeslab/SarahG/spinodal_decomp_06_2025/out_python/NMG_Python_20_dt_5.50e-06_Nx_128_neumann_dtout_125pphi.csv
Python,NMG,64,periodic,50p,175,280,39.859091483000846,/project/g_bme-janeslab/SarahG/spinodal_decomp_06_2025/out_python/NMG_Python_20_dt_5.50e-06_Nx_64_periodic_dtout_175pphi.csv
Python,NMG,256,periodic,50p,150,280,29.149450773971505,/project/g_bme-janeslab/SarahG/spinodal_decomp_06_2025/out_python/NMG_Python_20_dt_5.50e-06_Nx_256_periodic_dtout_150pphi.csv
Python,NMG,128,neumann,50p,175,280,69.98397775156657,/project/g_bme-janeslab/SarahG/spinodal_decomp_06_2025/out_python/NMG_Python_20_dt_5.50e-06_Nx_128_neumann_dtout_175pphi.csv
Python,NMG,64,neumann,50p,150,280,26.624846287557144,/project/g_bme-janeslab/SarahG/spinodal_decomp_06_2025/out_python/NMG_Python_20_dt_5.50e-06_Nx_64_neumann_dtout_150pphi.csv
Python,NMG,256,neumann,50p,150,280,29.190265865040192,/project/g_bme-janeslab/SarahG/spinodal_decomp_06_2025/out_python/NMG_Python_20_dt_5.50e-06_Nx_256_neumann_dtout_150pphi.csv
Python,NMG,512,neumann,50p,125,280,257.2934071892295,/project/g_bme-janeslab/SarahG/spinodal_decomp_06_2025/out_python/NMG_Python_20_dt_5.50e-06_Nx_512_neumann_dtout_125pphi.csv
Python,NMG,256,neumann,50p,175,280,126.1921487538411,/project/g_bme-janeslab/SarahG/spinodal_decomp_06_2025/out_python/NMG_Python_20_dt_5.50e-06_Nx_256_neumann_dtout_175pphi.csv
Python,NMG,128,periodic,50p,150,280,33.35822768258347,/project/g_bme-janeslab/SarahG/spinodal_decomp_06_2025/out_python/NMG_Python_20_dt_5.50e-06_Nx_128_periodic_dtout_150pphi.csv
Python,NMG,256,neumann,50p,125,280,121.19597209437208,/project/g_bme-janeslab/SarahG/spinodal_decomp_06_2025/out_python/NMG_Python_20_dt_5.50e-06_Nx_256_neumann_dtout_125pphi.csv
Python,NMG,64,neumann,50p,175,280,40.0678715266088,/project/g_bme-janeslab/SarahG/spinodal_decomp_06_2025/out_python/NMG_Python_20_dt_5.50e-06_Nx_64_neumann_dtout_175pphi.csv
Python,NMG,256,periodic,50p,125,280,121.18632650084825,/project/g_bme-janeslab/SarahG/spinodal_decomp_06_2025/out_python/NMG_Python_20_dt_5.50e-06_Nx_256_periodic_dtout_125pphi.csv
Python,NMG,512,periodic,50p,150,280,72.10268942806097,/project/g_bme-janeslab/SarahG/spinodal_decomp_06_2025/out_python/NMG_Python_20_dt_5.50e-06_Nx_512_periodic_dtout_150pphi.csv
Python,NMG,64,neumann,50p,125,280,38.75978577126068,/project/g_bme-janeslab/SarahG/spinodal_decomp_06_2025/out_python/NMG_Python_20_dt_5.50e-06_Nx_64_neumann_dtout_125pphi.csv
Python,NMG,512,periodic,50p,125,280,257.2324996295067,/project/g_bme-janeslab/SarahG/spinodal_decomp_06_2025/out_python/NMG_Python_20_dt_5.50e-06_Nx_512_periodic_dtout_125pphi.csv
Python,NMG,128,periodic,50p,175,280,69.79955122221054,/project/g_bme-janeslab/SarahG/spinodal_decomp_06_2025/out_python/NMG_Python_20_dt_5.50e-06_Nx_128_periodic_dtout_175pphi.csv
Python,NMG,512,periodic,50p,175,280,253.21895077863545,/project/g_bme-janeslab/SarahG/spinodal_decomp_06_2025/out_python/NMG_Python_20_dt_5.50e-06_Nx_512_periodic_dtout_175pphi.csv
Python,NMG,128,neumann,50p,150,280,33.818043348880394,/project/g_bme-janeslab/SarahG/spinodal_decomp_06_2025/out_python/NMG_Python_20_dt_5.50e-06_Nx_128_neumann_dtout_150pphi.csv
Python,NMG,512,neumann,50p,175,280,253.23284633197346,/project/g_bme-janeslab/SarahG/spinodal_decomp_06_2025/out_python/NMG_Python_20_dt_5.50e-06_Nx_512_neumann_dtout_175pphi.csv
Python,NMG,512,neumann,50p,150,280,72.44145984037571,/project/g_bme-janeslab/SarahG/spinodal_decomp_06_2025/out_python/NMG_Python_20_dt_5.50e-06_Nx_512_neumann_dtout_150pphi.csv
Python,NMG,64,periodic,50p,125,280,38.51918913242906,/project/g_bme-janeslab/SarahG/spinodal_decomp_06_2025/out_python/NMG_Python_20_dt_5.50e-06_Nx_64_periodic_dtout_125pphi.csv
Python,NMG,256,periodic,50p,175,280,126.11539879256456,/project/g_bme-janeslab/SarahG/spinodal_decomp_06_2025/out_python/NMG_Python_20_dt_5.50e-06_Nx_256_periodic_dtout_175pphi.csv
Python,NMG,64,periodic,50p,150,280,26.295618945647984,/project/g_bme-janeslab/SarahG/spinodal_decomp_06_2025/out_python/NMG_Python_20_dt_5.50e-06_Nx_64_periodic_dtout_150pphi.csv
Python,NMG,128,periodic,50p,125,280,67.11854587490465,/project/g_bme-janeslab/SarahG/spinodal_decomp_06_2025/out_python/NMG_Python_20_dt_5.50e-06_Nx_128_periodic_dtout_125pphi.csv
MATLAB,SAV,64,periodic,450p,None (10),320,23.10807328815604,/project/g_bme-janeslab/SarahG/spinodal_decomp_06_2025/out_MATLAB/SAV_MATLAB_2000_dt_5.50e-06_Nx_64_periodic_n_relax_450p_phi.csv
MATLAB,NMG,512,periodic,475p,None (10),320,419.1584201725634,/project/g_bme-janeslab/SarahG/spinodal_decomp_06_2025/out_MATLAB/NMG_MATLAB_2000_dt_5.50e-06_Nx_512_periodic_n_relax_475p_phi.csv
MATLAB,NMG,512,neumann,450p,None (10),320,401.5001238935615,/project/g_bme-janeslab/SarahG/spinodal_decomp_06_2025/out_MATLAB/NMG_MATLAB_2000_dt_5.50e-06_Nx_512_neumann_n_relax_450p_phi.csv
MATLAB,SAV,256,neumann,450p,None (10),320,170.76524701503095,/project/g_bme-janeslab/SarahG/spinodal_decomp_06_2025/out_MATLAB/SAV_MATLAB_2000_dt_5.50e-06_Nx_256_neumann_n_relax_450p_phi.csv
MATLAB,SAV,64,neumann,475p,None (10),320,33.281422836885056,/project/g_bme-janeslab/SarahG/spinodal_decomp_06_2025/out_MATLAB/SAV_MATLAB_2000_dt_5.50e-06_Nx_64_neumann_n_relax_475p_phi.csv
MATLAB,NMG,256,periodic,475p,None (10),320,145.38090478453364,/project/g_bme-janeslab/SarahG/spinodal_decomp_06_2025/out_MATLAB/NMG_MATLAB_2000_dt_5.50e-06_Nx_256_periodic_n_relax_475p_phi.csv
MATLAB,NMG,128,neumann,425p,None (10),320,75.7813383759267,/project/g_bme-janeslab/SarahG/spinodal_decomp_06_2025/out_MATLAB/NMG_MATLAB_2000_dt_5.50e-06_Nx_128_neumann_n_relax_425p_phi.csv
MATLAB,SAV,256,periodic,425p,None (10),320,0.0,/project/g_bme-janeslab/SarahG/spinodal_decomp_06_2025/out_MATLAB/SAV_MATLAB_2000_dt_5.50e-06_Nx_256_periodic_n_relax_425p_phi.csv
MATLAB,NMG,128,periodic,475p,None (10),320,65.13065490981872,/project/g_bme-janeslab/SarahG/spinodal_decomp_06_2025/out_MATLAB/NMG_MATLAB_2000_dt_5.50e-06_Nx_128_periodic_n_relax_475p_phi.csv
MATLAB,SAV,128,periodic,450p,None (10),320,66.35006295981447,/project/g_bme-janeslab/SarahG/spinodal_decomp_06_2025/out_MATLAB/SAV_MATLAB_2000_dt_5.50e-06_Nx_128_periodic_n_relax_450p_phi.csv
MATLAB,NMG,128,neumann,450p,None (10),320,48.38424216569551,/project/g_bme-janeslab/SarahG/spinodal_decomp_06_2025/out_MATLAB/NMG_MATLAB_2000_dt_5.50e-06_Nx_128_neumann_n_relax_450p_phi.csv
MATLAB,SAV,256,neumann,425p,None (10),320,145.51268641326473,/project/g_bme-janeslab/SarahG/spinodal_decomp_06_2025/out_MATLAB/SAV_MATLAB_2000_dt_5.50e-06_Nx_256_neumann_n_relax_425p_phi.csv
MATLAB,SAV,512,periodic,450p,None (10),320,446.09451289678407,/project/g_bme-janeslab/SarahG/spinodal_decomp_06_2025/out_MATLAB/SAV_MATLAB_2000_dt_5.50e-06_Nx_512_periodic_n_relax_450p_phi.csv
MATLAB,SAV,128,periodic,425p,None (10),320,74.99448813196072,/project/g_bme-janeslab/SarahG/spinodal_decomp_06_2025/out_MATLAB/SAV_MATLAB_2000_dt_5.50e-06_Nx_128_periodic_n_relax_425p_phi.csv
MATLAB,NMG,512,neumann,425p,None (10),320,420.8087517592485,/project/g_bme-janeslab/SarahG/spinodal_decomp_06_2025/out_MATLAB/NMG_MATLAB_2000_dt_5.50e-06_Nx_512_neumann_n_relax_425p_phi.csv
MATLAB,NMG,64,neumann,450p,None (10),320,0.0,/project/g_bme-janeslab/SarahG/spinodal_decomp_06_2025/out_MATLAB/NMG_MATLAB_2000_dt_5.50e-06_Nx_64_neumann_n_relax_450p_phi.csv
MATLAB,NMG,64,periodic,450p,None (10),320,13.982954520630212,/project/g_bme-janeslab/SarahG/spinodal_decomp_06_2025/out_MATLAB/NMG_MATLAB_2000_dt_5.50e-06_Nx_64_periodic_n_relax_450p_phi.csv
MATLAB,NMG,256,neumann,425p,None (10),320,157.09920160012214,/project/g_bme-janeslab/SarahG/spinodal_decomp_06_2025/out_MATLAB/NMG_MATLAB_2000_dt_5.50e-06_Nx_256_neumann_n_relax_425p_phi.csv
MATLAB,SAV,64,neumann,425p,None (10),320,0.0,/project/g_bme-janeslab/SarahG/spinodal_decomp_06_2025/out_MATLAB/SAV_MATLAB_2000_dt_5.50e-06_Nx_64_neumann_n_relax_425p_phi.csv
MATLAB,SAV,128,neumann,425p,None (10),320,0.0,/project/g_bme-janeslab/SarahG/spinodal_decomp_06_2025/out_MATLAB/SAV_MATLAB_2000_dt_5.50e-06_Nx_128_neumann_n_relax_425p_phi.csv
MATLAB,NMG,128,periodic,425p,None (10),320,64.94226961807571,/project/g_bme-janeslab/SarahG/spinodal_decomp_06_2025/out_MATLAB/NMG_MATLAB_2000_dt_5.50e-06_Nx_128_periodic_n_relax_425p_phi.csv
MATLAB,SAV,512,periodic,475p,None (10),320,430.83114185427434,/project/g_bme-janeslab/SarahG/spinodal_decomp_06_2025/out_MATLAB/SAV_MATLAB_2000_dt_5.50e-06_Nx_512_periodic_n_relax_475p_phi.csv
MATLAB,SAV,512,neumann,475p,None (10),320,436.0161604076127,/project/g_bme-janeslab/SarahG/spinodal_decomp_06_2025/out_MATLAB/SAV_MATLAB_2000_dt_5.50e-06_Nx_512_neumann_n_relax_475p_phi.csv
MATLAB,NMG,256,neumann,475p,None (10),320,145.87682966521498,/project/g_bme-janeslab/SarahG/spinodal_decomp_06_2025/out_MATLAB/NMG_MATLAB_2000_dt_5.50e-06_Nx_256_neumann_n_relax_475p_phi.csv
MATLAB,NMG,256,neumann,450p,None (10),320,170.8054663917676,/project/g_bme-janeslab/SarahG/spinodal_decomp_06_2025/out_MATLAB/NMG_MATLAB_2000_dt_5.50e-06_Nx_256_neumann_n_relax_450p_phi.csv
MATLAB,SAV,512,periodic,425p,None (10),320,432.68619098913945,/project/g_bme-janeslab/SarahG/spinodal_decomp_06_2025/out_MATLAB/SAV_MATLAB_2000_dt_5.50e-06_Nx_512_periodic_n_relax_425p_phi.csv
MATLAB,NMG,64,neumann,475p,None (10),320,33.29564174441338,/project/g_bme-janeslab/SarahG/spinodal_decomp_06_2025/out_MATLAB/NMG_MATLAB_2000_dt_5.50e-06_Nx_64_neumann_n_relax_475p_phi.csv
MATLAB,SAV,128,periodic,475p,None (10),320,65.15734391922913,/project/g_bme-janeslab/SarahG/spinodal_decomp_06_2025/out_MATLAB/SAV_MATLAB_2000_dt_5.50e-06_Nx_128_periodic_n_relax_475p_phi.csv
MATLAB,SAV,256,neumann,475p,None (10),320,146.61519558170656,/project/g_bme-janeslab/SarahG/spinodal_decomp_06_2025/out_MATLAB/SAV_MATLAB_2000_dt_5.50e-06_Nx_256_neumann_n_relax_475p_phi.csv
MATLAB,NMG,512,periodic,450p,None (10),320,402.026747351169,/project/g_bme-janeslab/SarahG/spinodal_decomp_06_2025/out_MATLAB/NMG_MATLAB_2000_dt_5.50e-06_Nx_512_periodic_n_relax_450p_phi.csv
MATLAB,SAV,64,periodic,425p,None (10),320,0.0,/project/g_bme-janeslab/SarahG/spinodal_decomp_06_2025/out_MATLAB/SAV_MATLAB_2000_dt_5.50e-06_Nx_64_periodic_n_relax_425p_phi.csv
MATLAB,SAV,512,neumann,425p,None (10),320,430.6468938223318,/project/g_bme-janeslab/SarahG/spinodal_decomp_06_2025/out_MATLAB/SAV_MATLAB_2000_dt_5.50e-06_Nx_512_neumann_n_relax_425p_phi.csv
MATLAB,SAV,128,neumann,475p,None (10),320,66.93281345741816,/project/g_bme-janeslab/SarahG/spinodal_decomp_06_2025/out_MATLAB/SAV_MATLAB_2000_dt_5.50e-06_Nx_128_neumann_n_relax_475p_phi.csv
MATLAB,SAV,512,neumann,450p,None (10),320,401.8634881679498,/project/g_bme-janeslab/SarahG/spinodal_decomp_06_2025/out_MATLAB/SAV_MATLAB_2000_dt_5.50e-06_Nx_512_neumann_n_relax_450p_phi.csv
MATLAB,SAV,256,periodic,475p,None (10),320,146.15970478506964,/project/g_bme-janeslab/SarahG/spinodal_decomp_06_2025/out_MATLAB/SAV_MATLAB_2000_dt_5.50e-06_Nx_256_periodic_n_relax_475p_phi.csv
MATLAB,NMG,256,periodic,450p,None (10),320,172.8211419805645,/project/g_bme-janeslab/SarahG/spinodal_decomp_06_2025/out_MATLAB/NMG_MATLAB_2000_dt_5.50e-06_Nx_256_periodic_n_relax_450p_phi.csv
MATLAB,SAV,128,neumann,450p,None (10),320,61.83882167674705,/project/g_bme-janeslab/SarahG/spinodal_decomp_06_2025/out_MATLAB/SAV_MATLAB_2000_dt_5.50e-06_Nx_128_neumann_n_relax_450p_phi.csv
MATLAB,NMG,64,periodic,475p,None (10),320,32.97147310228846,/project/g_bme-janeslab/SarahG/spinodal_decomp_06_2025/out_MATLAB/NMG_MATLAB_2000_dt_5.50e-06_Nx_64_periodic_n_relax_475p_phi.csv
MATLAB,NMG,512,periodic,425p,None (10),320,419.70692163007226,/project/g_bme-janeslab/SarahG/spinodal_decomp_06_2025/out_MATLAB/NMG_MATLAB_2000_dt_5.50e-06_Nx_512_periodic_n_relax_425p_phi.csv
MATLAB,NMG,128,periodic,450p,None (10),320,68.7914223923475,/project/g_bme-janeslab/SarahG/spinodal_decomp_06_2025/out_MATLAB/NMG_MATLAB_2000_dt_5.50e-06_Nx_128_periodic_n_relax_450p_phi.csv
MATLAB,NMG,128,neumann,475p,None (10),320,65.85104202806423,/project/g_bme-janeslab/SarahG/spinodal_decomp_06_2025/out_MATLAB/NMG_MATLAB_2000_dt_5.50e-06_Nx_128_neumann_n_relax_475p_phi.csv
MATLAB,NMG,256,periodic,425p,None (10),320,144.09619964349167,/project/g_bme-janeslab/SarahG/spinodal_decomp_06_2025/out_MATLAB/NMG_MATLAB_2000_dt_5.50e-06_Nx_256_periodic_n_relax_425p_phi.csv
MATLAB,SAV,64,periodic,475p,None (10),320,32.9540505618581,/project/g_bme-janeslab/SarahG/spinodal_decomp_06_2025/out_MATLAB/SAV_MATLAB_2000_dt_5.50e-06_Nx_64_periodic_n_relax_475p_phi.csv
MATLAB,NMG,512,neumann,475p,None (10),320,422.5582256234101,/project/g_bme-janeslab/SarahG/spinodal_decomp_06_2025/out_MATLAB/NMG_MATLAB_2000_dt_5.50e-06_Nx_512_neumann_n_relax_475p_phi.csv
MATLAB,NMG,64,periodic,425p,None (10),320,32.75431653241442,/project/g_bme-janeslab/SarahG/spinodal_decomp_06_2025/out_MATLAB/NMG_MATLAB_2000_dt_5.50e-06_Nx_64_periodic_n_relax_425p_phi.csv
MATLAB,SAV,64,neumann,450p,None (10),320,0.0,/project/g_bme-janeslab/SarahG/spinodal_decomp_06_2025/out_MATLAB/SAV_MATLAB_2000_dt_5.50e-06_Nx_64_neumann_n_relax_450p_phi.csv
MATLAB,NMG,64,neumann,425p,None (10),320,0.0,/project/g_bme-janeslab/SarahG/spinodal_decomp_06_2025/out_MATLAB/NMG_MATLAB_2000_dt_5.50e-06_Nx_64_neumann_n_relax_425p_phi.csv
MATLAB,SAV,256,periodic,450p,None (10),320,201.47815050200802,/project/g_bme-janeslab/SarahG/spinodal_decomp_06_2025/out_MATLAB/SAV_MATLAB_2000_dt_5.50e-06_Nx_256_periodic_n_relax_450p_phi.csv
Python,NMG,128,neumann,50p,125,320,67.03189831633554,/project/g_bme-janeslab/SarahG/spinodal_decomp_06_2025/out_python/NMG_Python_20_dt_5.50e-06_Nx_128_neumann_dtout_125pphi.csv
Python,NMG,64,periodic,50p,175,320,39.25065056313141,/project/g_bme-janeslab/SarahG/spinodal_decomp_06_2025/out_python/NMG_Python_20_dt_5.50e-06_Nx_64_periodic_dtout_175pphi.csv
Python,NMG,256,periodic,50p,150,320,29.157695055572557,/project/g_bme-janeslab/SarahG/spinodal_decomp_06_2025/out_python/NMG_Python_20_dt_5.50e-06_Nx_256_periodic_dtout_150pphi.csv
Python,NMG,128,neumann,50p,175,320,69.62054006910381,/project/g_bme-janeslab/SarahG/spinodal_decomp_06_2025/out_python/NMG_Python_20_dt_5.50e-06_Nx_128_neumann_dtout_175pphi.csv
Python,NMG,64,neumann,50p,150,320,25.655160666605433,/project/g_bme-janeslab/SarahG/spinodal_decomp_06_2025/out_python/NMG_Python_20_dt_5.50e-06_Nx_64_neumann_dtout_150pphi.csv
Python,NMG,256,neumann,50p,150,320,29.199243449484015,/project/g_bme-janeslab/SarahG/spinodal_decomp_06_2025/out_python/NMG_Python_20_dt_5.50e-06_Nx_256_neumann_dtout_150pphi.csv
Python,NMG,512,neumann,50p,125,320,257.1325525991812,/project/g_bme-janeslab/SarahG/spinodal_decomp_06_2025/out_python/NMG_Python_20_dt_5.50e-06_Nx_512_neumann_dtout_125pphi.csv
Python,NMG,256,neumann,50p,175,320,126.07057739442668,/project/g_bme-janeslab/SarahG/spinodal_decomp_06_2025/out_python/NMG_Python_20_dt_5.50e-06_Nx_256_neumann_dtout_175pphi.csv
Python,NMG,128,periodic,50p,150,320,32.45229043314987,/project/g_bme-janeslab/SarahG/spinodal_decomp_06_2025/out_python/NMG_Python_20_dt_5.50e-06_Nx_128_periodic_dtout_150pphi.csv
Python,NMG,256,neumann,50p,125,320,121.17287453946842,/project/g_bme-janeslab/SarahG/spinodal_decomp_06_2025/out_python/NMG_Python_20_dt_5.50e-06_Nx_256_neumann_dtout_125pphi.csv
Python,NMG,64,neumann,50p,175,320,39.47042915224898,/project/g_bme-janeslab/SarahG/spinodal_decomp_06_2025/out_python/NMG_Python_20_dt_5.50e-06_Nx_64_neumann_dtout_175pphi.csv
Python,NMG,256,periodic,50p,125,320,121.16314316689135,/project/g_bme-janeslab/SarahG/spinodal_decomp_06_2025/out_python/NMG_Python_20_dt_5.50e-06_Nx_256_periodic_dtout_125pphi.csv
Python,NMG,512,periodic,50p,150,320,72.23063938999694,/project/g_bme-janeslab/SarahG/spinodal_decomp_06_2025/out_python/NMG_Python_20_dt_5.50e-06_Nx_512_periodic_dtout_150pphi.csv
Python,NMG,64,neumann,50p,125,320,38.26853206467243,/project/g_bme-janeslab/SarahG/spinodal_decomp_06_2025/out_python/NMG_Python_20_dt_5.50e-06_Nx_64_neumann_dtout_125pphi.csv
Python,NMG,512,periodic,50p,125,320,257.07211281984036,/project/g_bme-janeslab/SarahG/spinodal_decomp_06_2025/out_python/NMG_Python_20_dt_5.50e-06_Nx_512_periodic_dtout_125pphi.csv
Python,NMG,128,periodic,50p,175,320,69.43845527181249,/project/g_bme-janeslab/SarahG/spinodal_decomp_06_2025/out_python/NMG_Python_20_dt_5.50e-06_Nx_128_periodic_dtout_175pphi.csv
Python,NMG,512,periodic,50p,175,320,253.1619012417331,/project/g_bme-janeslab/SarahG/spinodal_decomp_06_2025/out_python/NMG_Python_20_dt_5.50e-06_Nx_512_periodic_dtout_175pphi.csv
Python,NMG,128,neumann,50p,150,320,32.93162184561803,/project/g_bme-janeslab/SarahG/spinodal_decomp_06_2025/out_python/NMG_Python_20_dt_5.50e-06_Nx_128_neumann_dtout_150pphi.csv
Python,NMG,512,neumann,50p,175,320,253.17615402845163,/project/g_bme-janeslab/SarahG/spinodal_decomp_06_2025/out_python/NMG_Python_20_dt_5.50e-06_Nx_512_neumann_dtout_175pphi.csv
Python,NMG,512,neumann,50p,150,320,72.6016746129236,/project/g_bme-janeslab/SarahG/spinodal_decomp_06_2025/out_python/NMG_Python_20_dt_5.50e-06_Nx_512_neumann_dtout_150pphi.csv
Python,NMG,64,periodic,50p,125,320,38.03336062589563,/project/g_bme-janeslab/SarahG/spinodal_decomp_06_2025/out_python/NMG_Python_20_dt_5.50e-06_Nx_64_periodic_dtout_125pphi.csv
Python,NMG,256,periodic,50p,175,320,125.99311957343285,/project/g_bme-janeslab/SarahG/spinodal_decomp_06_2025/out_python/NMG_Python_20_dt_5.50e-06_Nx_256_periodic_dtout_175pphi.csv
Python,NMG,64,periodic,50p,150,320,25.29039585363442,/project/g_bme-janeslab/SarahG/spinodal_decomp_06_2025/out_python/NMG_Python_20_dt_5.50e-06_Nx_64_periodic_dtout_150pphi.csv
Python,NMG,128,periodic,50p,125,320,66.9864404461499,/project/g_bme-janeslab/SarahG/spinodal_decomp_06_2025/out_python/NMG_Python_20_dt_5.50e-06_Nx_128_periodic_dtout_125pphi.csv
MATLAB,SAV,64,periodic,450p,None (10),360,23.675312116627946,/project/g_bme-janeslab/SarahG/spinodal_decomp_06_2025/out_MATLAB/SAV_MATLAB_2000_dt_5.50e-06_Nx_64_periodic_n_relax_450p_phi.csv
MATLAB,NMG,512,periodic,475p,None (10),360,422.3583287930867,/project/g_bme-janeslab/SarahG/spinodal_decomp_06_2025/out_MATLAB/NMG_MATLAB_2000_dt_5.50e-06_Nx_512_periodic_n_relax_475p_phi.csv
MATLAB,NMG,512,neumann,450p,None (10),360,405.2604879312555,/project/g_bme-janeslab/SarahG/spinodal_decomp_06_2025/out_MATLAB/NMG_MATLAB_2000_dt_5.50e-06_Nx_512_neumann_n_relax_450p_phi.csv
MATLAB,SAV,256,neumann,450p,None (10),360,174.16011348318568,/project/g_bme-janeslab/SarahG/spinodal_decomp_06_2025/out_MATLAB/SAV_MATLAB_2000_dt_5.50e-06_Nx_256_neumann_n_relax_450p_phi.csv
MATLAB,SAV,64,neumann,475p,None (10),360,33.2816510919165,/project/g_bme-janeslab/SarahG/spinodal_decomp_06_2025/out_MATLAB/SAV_MATLAB_2000_dt_5.50e-06_Nx_64_neumann_n_relax_475p_phi.csv
MATLAB,NMG,256,periodic,475p,None (10),360,152.02929784261116,/project/g_bme-janeslab/SarahG/spinodal_decomp_06_2025/out_MATLAB/NMG_MATLAB_2000_dt_5.50e-06_Nx_256_periodic_n_relax_475p_phi.csv
MATLAB,NMG,128,neumann,425p,None (10),360,76.59211012135732,/project/g_bme-janeslab/SarahG/spinodal_decomp_06_2025/out_MATLAB/NMG_MATLAB_2000_dt_5.50e-06_Nx_128_neumann_n_relax_425p_phi.csv
MATLAB,SAV,256,periodic,425p,None (10),360,0.0,/project/g_bme-janeslab/SarahG/spinodal_decomp_06_2025/out_MATLAB/SAV_MATLAB_2000_dt_5.50e-06_Nx_256_periodic_n_relax_425p_phi.csv
MATLAB,NMG,128,periodic,475p,None (10),360,65.19200497892076,/project/g_bme-janeslab/SarahG/spinodal_decomp_06_2025/out_MATLAB/NMG_MATLAB_2000_dt_5.50e-06_Nx_128_periodic_n_relax_475p_phi.csv
MATLAB,SAV,128,periodic,450p,None (10),360,68.91809122407447,/project/g_bme-janeslab/SarahG/spinodal_decomp_06_2025/out_MATLAB/SAV_MATLAB_2000_dt_5.50e-06_Nx_128_periodic_n_relax_450p_phi.csv
MATLAB,NMG,128,neumann,450p,None (10),360,52.5628974349985,/project/g_bme-janeslab/SarahG/spinodal_decomp_06_2025/out_MATLAB/NMG_MATLAB_2000_dt_5.50e-06_Nx_128_neumann_n_relax_450p_phi.csv
MATLAB,SAV,256,neumann,425p,None (10),360,152.8086848995752,/project/g_bme-janeslab/SarahG/spinodal_decomp_06_2025/out_MATLAB/SAV_MATLAB_2000_dt_5.50e-06_Nx_256_neumann_n_relax_425p_phi.csv
MATLAB,SAV,512,periodic,450p,None (10),360,446.6347350246551,/project/g_bme-janeslab/SarahG/spinodal_decomp_06_2025/out_MATLAB/SAV_MATLAB_2000_dt_5.50e-06_Nx_512_periodic_n_relax_450p_phi.csv
MATLAB,SAV,128,periodic,425p,None (10),360,75.6410799938511,/project/g_bme-janeslab/SarahG/spinodal_decomp_06_2025/out_MATLAB/SAV_MATLAB_2000_dt_5.50e-06_Nx_128_periodic_n_relax_425p_phi.csv
MATLAB,NMG,512,neumann,425p,None (10),360,423.0843360274851,/project/g_bme-janeslab/SarahG/spinodal_decomp_06_2025/out_MATLAB/NMG_MATLAB_2000_dt_5.50e-06_Nx_512_neumann_n_relax_425p_phi.csv
MATLAB,NMG,64,neumann,450p,None (10),360,0.0,/project/g_bme-janeslab/SarahG/spinodal_decomp_06_2025/out_MATLAB/NMG_MATLAB_2000_dt_5.50e-06_Nx_64_neumann_n_relax_450p_phi.csv
MATLAB,NMG,64,periodic,450p,None (10),360,14.36295955123525,/project/g_bme-janeslab/SarahG/spinodal_decomp_06_2025/out_MATLAB/NMG_MATLAB_2000_dt_5.50e-06_Nx_64_periodic_n_relax_450p_phi.csv
MATLAB,NMG,256,neumann,425p,None (10),360,163.9203646199866,/project/g_bme-janeslab/SarahG/spinodal_decomp_06_2025/out_MATLAB/NMG_MATLAB_2000_dt_5.50e-06_Nx_256_neumann_n_relax_425p_phi.csv
MATLAB,SAV,64,neumann,425p,None (10),360,0.0,/project/g_bme-janeslab/SarahG/spinodal_decomp_06_2025/out_MATLAB/SAV_MATLAB_2000_dt_5.50e-06_Nx_64_neumann_n_relax_425p_phi.csv
MATLAB,SAV,128,neumann,425p,None (10),360,0.0,/project/g_bme-janeslab/SarahG/spinodal_decomp_06_2025/out_MATLAB/SAV_MATLAB_2000_dt_5.50e-06_Nx_128_neumann_n_relax_425p_phi.csv
MATLAB,NMG,128,periodic,425p,None (10),360,65.145141534232,/project/g_bme-janeslab/SarahG/spinodal_decomp_06_2025/out_MATLAB/NMG_MATLAB_2000_dt_5.50e-06_Nx_128_periodic_n_relax_425p_phi.csv
MATLAB,SAV,512,periodic,475p,None (10),360,431.7724674062315,/project/g_bme-janeslab/SarahG/spinodal_decomp_06_2025/out_MATLAB/SAV_MATLAB_2000_dt_5.50e-06_Nx_512_periodic_n_relax_475p_phi.csv
MATLAB,SAV,512,neumann,475p,None (10),360,436.74369131692583,/project/g_bme-janeslab/SarahG/spinodal_decomp_06_2025/out_MATLAB/SAV_MATLAB_2000_dt_5.50e-06_Nx_512_neumann_n_relax_475p_phi.csv
MATLAB,NMG,256,neumann,475p,None (10),360,152.42563485844397,/project/g_bme-janeslab/SarahG/spinodal_decomp_06_2025/out_MATLAB/NMG_MATLAB_2000_dt_5.50e-06_Nx_256_neumann_n_relax_475p_phi.csv
MATLAB,NMG,256,neumann,450p,None (10),360,174.2043498177222,/project/g_bme-janeslab/SarahG/spinodal_decomp_06_2025/out_MATLAB/NMG_MATLAB_2000_dt_5.50e-06_Nx_256_neumann_n_relax_450p_phi.csv
MATLAB,SAV,512,periodic,425p,None (10),360,433.404243487697,/project/g_bme-janeslab/SarahG/spinodal_decomp_06_2025/out_MATLAB/SAV_MATLAB_2000_dt_5.50e-06_Nx_512_periodic_n_relax_425p_phi.csv
MATLAB,NMG,64,neumann,475p,None (10),360,33.295504554322726,/project/g_bme-janeslab/SarahG/spinodal_decomp_06_2025/out_MATLAB/NMG_MATLAB_2000_dt_5.50e-06_Nx_64_neumann_n_relax_475p_phi.csv
MATLAB,SAV,128,periodic,475p,None (10),360,65.23112789338434,/project/g_bme-janeslab/SarahG/spinodal_decomp_06_2025/out_MATLAB/SAV_MATLAB_2000_dt_5.50e-06_Nx_128_periodic_n_relax_475p_phi.csv
MATLAB,SAV,256,neumann,475p,None (10),360,153.26505206036973,/project/g_bme-janeslab/SarahG/spinodal_decomp_06_2025/out_MATLAB/SAV_MATLAB_2000_dt_5.50e-06_Nx_256_neumann_n_relax_475p_phi.csv
MATLAB,NMG,512,periodic,450p,None (10),360,405.8915522062936,/project/g_bme-janeslab/SarahG/spinodal_decomp_06_2025/out_MATLAB/NMG_MATLAB_2000_dt_5.50e-06_Nx_512_periodic_n_relax_450p_phi.csv
MATLAB,SAV,64,periodic,425p,None (10),360,0.0,/project/g_bme-janeslab/SarahG/spinodal_decomp_06_2025/out_MATLAB/SAV_MATLAB_2000_dt_5.50e-06_Nx_64_periodic_n_relax_425p_phi.csv
MATLAB,SAV,512,neumann,425p,None (10),360,431.63547746729915,/project/g_bme-janeslab/SarahG/spinodal_decomp_06_2025/out_MATLAB/SAV_MATLAB_2000_dt_5.50e-06_Nx_512_neumann_n_relax_425p_phi.csv
MATLAB,SAV,128,neumann,475p,None (10),360,67.26681055862058,/project/g_bme-janeslab/SarahG/spinodal_decomp_06_2025/out_MATLAB/SAV_MATLAB_2000_dt_5.50e-06_Nx_128_neumann_n_relax_475p_phi.csv
MATLAB,SAV,512,neumann,450p,None (10),360,405.6281026506901,/project/g_bme-janeslab/SarahG/spinodal_decomp_06_2025/out_MATLAB/SAV_MATLAB_2000_dt_5.50e-06_Nx_512_neumann_n_relax_450p_phi.csv
MATLAB,SAV,256,periodic,475p,None (10),360,152.94271916811903,/project/g_bme-janeslab/SarahG/spinodal_decomp_06_2025/out_MATLAB/SAV_MATLAB_2000_dt_5.50e-06_Nx_256_periodic_n_relax_475p_phi.csv
MATLAB,NMG,256,periodic,450p,None (10),360,175.91639757982946,/project/g_bme-janeslab/SarahG/spinodal_decomp_06_2025/out_MATLAB/NMG_MATLAB_2000_dt_5.50e-06_Nx_256_periodic_n_relax_450p_phi.csv
MATLAB,SAV,128,neumann,450p,None (10),360,64.86901639662918,/project/g_bme-janeslab/SarahG/spinodal_decomp_06_2025/out_MATLAB/SAV_MATLAB_2000_dt_5.50e-06_Nx_128_neumann_n_relax_450p_phi.csv
MATLAB,NMG,64,periodic,475p,None (10),360,32.95640555583972,/project/g_bme-janeslab/SarahG/spinodal_decomp_06_2025/out_MATLAB/NMG_MATLAB_2000_dt_5.50e-06_Nx_64_periodic_n_relax_475p_phi.csv
MATLAB,NMG,512,periodic,425p,None (10),360,422.5634738513181,/project/g_bme-janeslab/SarahG/spinodal_decomp_06_2025/out_MATLAB/NMG_MATLAB_2000_dt_5.50e-06_Nx_512_periodic_n_relax_425p_phi.csv
MATLAB,NMG,128,periodic,450p,None (10),360,71.06084668424906,/project/g_bme-janeslab/SarahG/spinodal_decomp_06_2025/out_MATLAB/NMG_MATLAB_2000_dt_5.50e-06_Nx_128_periodic_n_relax_450p_phi.csv
MATLAB,NMG,128,neumann,475p,None (10),360,66.0455091984904,/project/g_bme-janeslab/SarahG/spinodal_decomp_06_2025/out_MATLAB/NMG_MATLAB_2000_dt_5.50e-06_Nx_128_neumann_n_relax_475p_phi.csv
MATLAB,NMG,256,periodic,425p,None (10),360,151.341911609989,/project/g_bme-janeslab/SarahG/spinodal_decomp_06_2025/out_MATLAB/NMG_MATLAB_2000_dt_5.50e-06_Nx_256_periodic_n_relax_425p_phi.csv
MATLAB,SAV,64,periodic,475p,None (10),360,32.94047401103919,/project/g_bme-janeslab/SarahG/spinodal_decomp_06_2025/out_MATLAB/SAV_MATLAB_2000_dt_5.50e-06_Nx_64_periodic_n_relax_475p_phi.csv
MATLAB,NMG,512,neumann,475p,None (10),360,424.88907830436113,/project/g_bme-janeslab/SarahG/spinodal_decomp_06_2025/out_MATLAB/NMG_MATLAB_2000_dt_5.50e-06_Nx_512_neumann_n_relax_475p_phi.csv
MATLAB,NMG,64,periodic,425p,None (10),360,32.73451046767629,/project/g_bme-janeslab/SarahG/spinodal_decomp_06_2025/out_MATLAB/NMG_MATLAB_2000_dt_5.50e-06_Nx_64_periodic_n_relax_425p_phi.csv
MATLAB,SAV,64,neumann,450p,None (10),360,0.0,/project/g_bme-janeslab/SarahG/spinodal_decomp_06_2025/out_MATLAB/SAV_MATLAB_2000_dt_5.50e-06_Nx_64_neumann_n_relax_450p_phi.csv
MATLAB,NMG,64,neumann,425p,None (10),360,0.0,/project/g_bme-janeslab/SarahG/spinodal_decomp_06_2025/out_MATLAB/NMG_MATLAB_2000_dt_5.50e-06_Nx_64_neumann_n_relax_425p_phi.csv
MATLAB,SAV,256,periodic,450p,None (10),360,202.0215162595151,/project/g_bme-janeslab/SarahG/spinodal_decomp_06_2025/out_MATLAB/SAV_MATLAB_2000_dt_5.50e-06_Nx_256_periodic_n_relax_450p_phi.csv
Python,NMG,128,neumann,50p,125,360,66.89536456599286,/project/g_bme-janeslab/SarahG/spinodal_decomp_06_2025/out_python/NMG_Python_20_dt_5.50e-06_Nx_128_neumann_dtout_125pphi.csv
Python,NMG,64,periodic,50p,175,360,38.73225762330933,/project/g_bme-janeslab/SarahG/spinodal_decomp_06_2025/out_python/NMG_Python_20_dt_5.50e-06_Nx_64_periodic_dtout_175pphi.csv
Python,NMG,256,periodic,50p,150,360,29.174540707116133,/project/g_bme-janeslab/SarahG/spinodal_decomp_06_2025/out_python/NMG_Python_20_dt_5.50e-06_Nx_256_periodic_dtout_150pphi.csv
Python,NMG,128,neumann,50p,175,360,69.277951334231,/project/g_bme-janeslab/SarahG/spinodal_decomp_06_2025/out_python/NMG_Python_20_dt_5.50e-06_Nx_128_neumann_dtout_175pphi.csv
Python,NMG,64,neumann,50p,150,360,24.98947750421152,/project/g_bme-janeslab/SarahG/spinodal_decomp_06_2025/out_python/NMG_Python_20_dt_5.50e-06_Nx_64_neumann_dtout_150pphi.csv
Python,NMG,256,neumann,50p,150,360,29.216973902786236,/project/g_bme-janeslab/SarahG/spinodal_decomp_06_2025/out_python/NMG_Python_20_dt_5.50e-06_Nx_256_neumann_dtout_150pphi.csv
Python,NMG,512,neumann,50p,125,360,256.9766623305318,/project/g_bme-janeslab/SarahG/spinodal_decomp_06_2025/out_python/NMG_Python_20_dt_5.50e-06_Nx_512_neumann_dtout_125pphi.csv
Python,NMG,256,neumann,50p,175,360,125.96975514971689,/project/g_bme-janeslab/SarahG/spinodal_decomp_06_2025/out_python/NMG_Python_20_dt_5.50e-06_Nx_256_neumann_dtout_175pphi.csv
Python,NMG,128,periodic,50p,150,360,31.916988084855525,/project/g_bme-janeslab/SarahG/spinodal_decomp_06_2025/out_python/NMG_Python_20_dt_5.50e-06_Nx_128_periodic_dtout_150pphi.csv
Python,NMG,256,neumann,50p,125,360,121.14844961382515,/project/g_bme-janeslab/SarahG/spinodal_decomp_06_2025/out_python/NMG_Python_20_dt_5.50e-06_Nx_256_neumann_dtout_125pphi.csv
Python,NMG,64,neumann,50p,175,360,38.967209325492234,/project/g_bme-janeslab/SarahG/spinodal_decomp_06_2025/out_python/NMG_Python_20_dt_5.50e-06_Nx_64_neumann_dtout_175pphi.csv
Python,NMG,256,periodic,50p,125,360,121.13803233586172,/project/g_bme-janeslab/SarahG/spinodal_decomp_06_2025/out_python/NMG_Python_20_dt_5.50e-06_Nx_256_periodic_dtout_125pphi.csv
Python,NMG,512,periodic,50p,150,360,72.68730784468087,/project/g_bme-janeslab/SarahG/spinodal_decomp_06_2025/out_python/NMG_Python_20_dt_5.50e-06_Nx_512_periodic_dtout_150pphi.csv
Python,NMG,64,neumann,50p,125,360,37.79237658737805,/project/g_bme-janeslab/SarahG/spinodal_decomp_06_2025/out_python/NMG_Python_20_dt_5.50e-06_Nx_64_neumann_dtout_125pphi.csv
Python,NMG,512,periodic,50p,125,360,256.91650685620215,/project/g_bme-janeslab/SarahG/spinodal_decomp_06_2025/out_python/NMG_Python_20_dt_5.50e-06_Nx_512_periodic_dtout_125pphi.csv
Python,NMG,128,periodic,50p,175,360,69.0956482875435,/project/g_bme-janeslab/SarahG/spinodal_decomp_06_2025/out_python/NMG_Python_20_dt_5.50e-06_Nx_128_periodic_dtout_175pphi.csv
Python,NMG,512,periodic,50p,175,360,253.1074392222326,/project/g_bme-janeslab/SarahG/spinodal_decomp_06_2025/out_python/NMG_Python_20_dt_5.50e-06_Nx_512_periodic_dtout_175pphi.csv
Python,NMG,128,neumann,50p,150,360,32.39979208377812,/project/g_bme-janeslab/SarahG/spinodal_decomp_06_2025/out_python/NMG_Python_20_dt_5.50e-06_Nx_128_neumann_dtout_150pphi.csv
Python,NMG,512,neumann,50p,175,360,253.12356155573988,/project/g_bme-janeslab/SarahG/spinodal_decomp_06_2025/out_python/NMG_Python_20_dt_5.50e-06_Nx_512_neumann_dtout_175pphi.csv
Python,NMG,512,neumann,50p,150,360,73.06071522557636,/project/g_bme-janeslab/SarahG/spinodal_decomp_06_2025/out_python/NMG_Python_20_dt_5.50e-06_Nx_512_neumann_dtout_150pphi.csv
Python,NMG,64,periodic,50p,125,360,37.55419296287464,/project/g_bme-janeslab/SarahG/spinodal_decomp_06_2025/out_python/NMG_Python_20_dt_5.50e-06_Nx_64_periodic_dtout_125pphi.csv
Python,NMG,256,periodic,50p,175,360,125.88992341935042,/project/g_bme-janeslab/SarahG/spinodal_decomp_06_2025/out_python/NMG_Python_20_dt_5.50e-06_Nx_256_periodic_dtout_175pphi.csv
Python,NMG,64,periodic,50p,150,360,24.619435196143606,/project/g_bme-janeslab/SarahG/spinodal_decomp_06_2025/out_python/NMG_Python_20_dt_5.50e-06_Nx_64_periodic_dtout_150pphi.csv
Python,NMG,128,periodic,50p,125,360,66.84969486470418,/project/g_bme-janeslab/SarahG/spinodal_decomp_06_2025/out_python/NMG_Python_20_dt_5.50e-06_Nx_128_periodic_dtout_125pphi.csv
MATLAB,SAV,64,periodic,450p,None (10),400,24.2393015303115,/project/g_bme-janeslab/SarahG/spinodal_decomp_06_2025/out_MATLAB/SAV_MATLAB_2000_dt_5.50e-06_Nx_64_periodic_n_relax_450p_phi.csv
MATLAB,NMG,512,periodic,475p,None (10),400,424.2979971155669,/project/g_bme-janeslab/SarahG/spinodal_decomp_06_2025/out_MATLAB/NMG_MATLAB_2000_dt_5.50e-06_Nx_512_periodic_n_relax_475p_phi.csv
MATLAB,NMG,512,neumann,450p,None (10),400,408.74400867752996,/project/g_bme-janeslab/SarahG/spinodal_decomp_06_2025/out_MATLAB/NMG_MATLAB_2000_dt_5.50e-06_Nx_512_neumann_n_relax_450p_phi.csv
MATLAB,SAV,256,neumann,450p,None (10),400,177.03770330206706,/project/g_bme-janeslab/SarahG/spinodal_decomp_06_2025/out_MATLAB/SAV_MATLAB_2000_dt_5.50e-06_Nx_256_neumann_n_relax_450p_phi.csv
MATLAB,SAV,64,neumann,475p,None (10),400,33.28694636394633,/project/g_bme-janeslab/SarahG/spinodal_decomp_06_2025/out_MATLAB/SAV_MATLAB_2000_dt_5.50e-06_Nx_64_neumann_n_relax_475p_phi.csv
MATLAB,NMG,256,periodic,475p,None (10),400,158.724511293738,/project/g_bme-janeslab/SarahG/spinodal_decomp_06_2025/out_MATLAB/NMG_MATLAB_2000_dt_5.50e-06_Nx_256_periodic_n_relax_475p_phi.csv
MATLAB,NMG,128,neumann,425p,None (10),400,77.40909648758792,/project/g_bme-janeslab/SarahG/spinodal_decomp_06_2025/out_MATLAB/NMG_MATLAB_2000_dt_5.50e-06_Nx_128_neumann_n_relax_425p_phi.csv
MATLAB,SAV,256,periodic,425p,None (10),400,0.0,/project/g_bme-janeslab/SarahG/spinodal_decomp_06_2025/out_MATLAB/SAV_MATLAB_2000_dt_5.50e-06_Nx_256_periodic_n_relax_425p_phi.csv
MATLAB,NMG,128,periodic,475p,None (10),400,65.27174015891708,/project/g_bme-janeslab/SarahG/spinodal_decomp_06_2025/out_MATLAB/NMG_MATLAB_2000_dt_5.50e-06_Nx_128_periodic_n_relax_475p_phi.csv
MATLAB,SAV,128,periodic,450p,None (10),400,71.16660011186484,/project/g_bme-janeslab/SarahG/spinodal_decomp_06_2025/out_MATLAB/SAV_MATLAB_2000_dt_5.50e-06_Nx_128_periodic_n_relax_450p_phi.csv
MATLAB,NMG,128,neumann,450p,None (10),400,56.4691427409492,/project/g_bme-janeslab/SarahG/spinodal_decomp_06_2025/out_MATLAB/NMG_MATLAB_2000_dt_5.50e-06_Nx_128_neumann_n_relax_450p_phi.csv
MATLAB,SAV,256,neumann,425p,None (10),400,159.94402472332027,/project/g_bme-janeslab/SarahG/spinodal_decomp_06_2025/out_MATLAB/SAV_MATLAB_2000_dt_5.50e-06_Nx_256_neumann_n_relax_425p_phi.csv
MATLAB,SAV,512,periodic,450p,None (10),400,447.12691310197175,/project/g_bme-janeslab/SarahG/spinodal_decomp_06_2025/out_MATLAB/SAV_MATLAB_2000_dt_5.50e-06_Nx_512_periodic_n_relax_450p_phi.csv
MATLAB,SAV,128,periodic,425p,None (10),400,76.29232467142408,/project/g_bme-janeslab/SarahG/spinodal_decomp_06_2025/out_MATLAB/SAV_MATLAB_2000_dt_5.50e-06_Nx_128_periodic_n_relax_425p_phi.csv
MATLAB,NMG,512,neumann,425p,None (10),400,424.99651352480777,/project/g_bme-janeslab/SarahG/spinodal_decomp_06_2025/out_MATLAB/NMG_MATLAB_2000_dt_5.50e-06_Nx_512_neumann_n_relax_425p_phi.csv
MATLAB,NMG,64,neumann,450p,None (10),400,0.0,/project/g_bme-janeslab/SarahG/spinodal_decomp_06_2025/out_MATLAB/NMG_MATLAB_2000_dt_5.50e-06_Nx_64_neumann_n_relax_450p_phi.csv
MATLAB,NMG,64,periodic,450p,None (10),400,14.772649141488882,/project/g_bme-janeslab/SarahG/spinodal_decomp_06_2025/out_MATLAB/NMG_MATLAB_2000_dt_5.50e-06_Nx_64_periodic_n_relax_450p_phi.csv
MATLAB,NMG,256,neumann,425p,None (10),400,170.173374056533,/project/g_bme-janeslab/SarahG/spinodal_decomp_06_2025/out_MATLAB/NMG_MATLAB_2000_dt_5.50e-06_Nx_256_neumann_n_relax_425p_phi.csv
MATLAB,SAV,64,neumann,425p,None (10),400,0.0,/project/g_bme-janeslab/SarahG/spinodal_decomp_06_2025/out_MATLAB/SAV_MATLAB_2000_dt_5.50e-06_Nx_64_neumann_n_relax_425p_phi.csv
MATLAB,SAV,128,neumann,425p,None (10),400,0.0,/project/g_bme-janeslab/SarahG/spinodal_decomp_06_2025/out_MATLAB/SAV_MATLAB_2000_dt_5.50e-06_Nx_128_neumann_n_relax_425p_phi.csv
MATLAB,NMG,128,periodic,425p,None (10),400,65.37982212449386,/project/g_bme-janeslab/SarahG/spinodal_decomp_06_2025/out_MATLAB/NMG_MATLAB_2000_dt_5.50e-06_Nx_128_periodic_n_relax_425p_phi.csv
MATLAB,SAV,512,periodic,475p,None (10),400,432.9161101476639,/project/g_bme-janeslab/SarahG/spinodal_decomp_06_2025/out_MATLAB/SAV_MATLAB_2000_dt_5.50e-06_Nx_512_periodic_n_relax_475p_phi.csv
MATLAB,SAV,512,neumann,475p,None (10),400,437.582831481701,/project/g_bme-janeslab/SarahG/spinodal_decomp_06_2025/out_MATLAB/SAV_MATLAB_2000_dt_5.50e-06_Nx_512_neumann_n_relax_475p_phi.csv
MATLAB,NMG,256,neumann,475p,None (10),400,158.92517509239337,/project/g_bme-janeslab/SarahG/spinodal_decomp_06_2025/out_MATLAB/NMG_MATLAB_2000_dt_5.50e-06_Nx_256_neumann_n_relax_475p_phi.csv
MATLAB,NMG,256,neumann,450p,None (10),400,177.087117284473,/project/g_bme-janeslab/SarahG/spinodal_decomp_06_2025/out_MATLAB/NMG_MATLAB_2000_dt_5.50e-06_Nx_256_neumann_n_relax_450p_phi.csv
MATLAB,SAV,512,periodic,425p,None (10),400,433.94909992755686,/project/g_bme-janeslab/SarahG/spinodal_decomp_06_2025/out_MATLAB/SAV_MATLAB_2000_dt_5.50e-06_Nx_512_periodic_n_relax_425p_phi.csv
MATLAB,NMG,64,neumann,475p,None (10),400,33.300647559801156,/project/g_bme-janeslab/SarahG/spinodal_decomp_06_2025/out_MATLAB/NMG_MATLAB_2000_dt_5.50e-06_Nx_64_neumann_n_relax_475p_phi.csv
MATLAB,SAV,128,periodic,475p,None (10),400,65.32464716189224,/project/g_bme-janeslab/SarahG/spinodal_decomp_06_2025/out_MATLAB/SAV_MATLAB_2000_dt_5.50e-06_Nx_128_periodic_n_relax_475p_phi.csv
MATLAB,SAV,256,neumann,475p,None (10),400,159.81222133849215,/project/g_bme-janeslab/SarahG/spinodal_decomp_06_2025/out_MATLAB/SAV_MATLAB_2000_dt_5.50e-06_Nx_256_neumann_n_relax_475p_phi.csv
MATLAB,NMG,512,periodic,450p,None (10),400,409.57231181894207,/project/g_bme-janeslab/SarahG/spinodal_decomp_06_2025/out_MATLAB/NMG_MATLAB_2000_dt_5.50e-06_Nx_512_periodic_n_relax_450p_phi.csv
MATLAB,SAV,64,periodic,425p,None (10),400,0.0,/project/g_bme-janeslab/SarahG/spinodal_decomp_06_2025/out_MATLAB/SAV_MATLAB_2000_dt_5.50e-06_Nx_64_periodic_n_relax_425p_phi.csv
MATLAB,SAV,512,neumann,425p,None (10),400,432.3917899222867,/project/g_bme-janeslab/SarahG/spinodal_decomp_06_2025/out_MATLAB/SAV_MATLAB_2000_dt_5.50e-06_Nx_512_neumann_n_relax_425p_phi.csv
MATLAB,SAV,128,neumann,475p,None (10),400,67.6296680234978,/project/g_bme-janeslab/SarahG/spinodal_decomp_06_2025/out_MATLAB/SAV_MATLAB_2000_dt_5.50e-06_Nx_128_neumann_n_relax_475p_phi.csv
MATLAB,SAV,512,neumann,450p,None (10),400,409.1989636536352,/project/g_bme-janeslab/SarahG/spinodal_decomp_06_2025/out_MATLAB/SAV_MATLAB_2000_dt_5.50e-06_Nx_512_neumann_n_relax_450p_phi.csv
MATLAB,SAV,256,periodic,475p,None (10),400,159.70532033359277,/project/g_bme-janeslab/SarahG/spinodal_decomp_06_2025/out_MATLAB/SAV_MATLAB_2000_dt_5.50e-06_Nx_256_periodic_n_relax_475p_phi.csv
MATLAB,NMG,256,periodic,450p,None (10),400,178.4950462247931,/project/g_bme-janeslab/SarahG/spinodal_decomp_06_2025/out_MATLAB/NMG_MATLAB_2000_dt_5.50e-06_Nx_256_periodic_n_relax_450p_phi.csv
MATLAB,SAV,128,neumann,450p,None (10),400,67.55623513631335,/project/g_bme-janeslab/SarahG/spinodal_decomp_06_2025/out_MATLAB/SAV_MATLAB_2000_dt_5.50e-06_Nx_128_neumann_n_relax_450p_phi.csv
MATLAB,NMG,64,periodic,475p,None (10),400,32.94573326911381,/project/g_bme-janeslab/SarahG/spinodal_decomp_06_2025/out_MATLAB/NMG_MATLAB_2000_dt_5.50e-06_Nx_64_periodic_n_relax_475p_phi.csv
MATLAB,NMG,512,periodic,425p,None (10),400,424.45543241798185,/project/g_bme-janeslab/SarahG/spinodal_decomp_06_2025/out_MATLAB/NMG_MATLAB_2000_dt_5.50e-06_Nx_512_periodic_n_relax_425p_phi.csv
MATLAB,NMG,128,periodic,450p,None (10),400,73.04189865689007,/project/g_bme-janeslab/SarahG/spinodal_decomp_06_2025/out_MATLAB/NMG_MATLAB_2000_dt_5.50e-06_Nx_128_periodic_n_relax_450p_phi.csv
MATLAB,NMG,128,neumann,475p,None (10),400,66.2702683216367,/project/g_bme-janeslab/SarahG/spinodal_decomp_06_2025/out_MATLAB/NMG_MATLAB_2000_dt_5.50e-06_Nx_128_neumann_n_relax_475p_phi.csv
MATLAB,NMG,256,periodic,425p,None (10),400,158.64500010124053,/project/g_bme-janeslab/SarahG/spinodal_decomp_06_2025/out_MATLAB/NMG_MATLAB_2000_dt_5.50e-06_Nx_256_periodic_n_relax_425p_phi.csv
MATLAB,SAV,64,periodic,475p,None (10),400,32.930811330237304,/project/g_bme-janeslab/SarahG/spinodal_decomp_06_2025/out_MATLAB/SAV_MATLAB_2000_dt_5.50e-06_Nx_64_periodic_n_relax_475p_phi.csv
MATLAB,NMG,512,neumann,475p,None (10),400,426.54494266699845,/project/g_bme-janeslab/SarahG/spinodal_decomp_06_2025/out_MATLAB/NMG_MATLAB_2000_dt_5.50e-06_Nx_512_neumann_n_relax_475p_phi.csv
MATLAB,NMG,64,periodic,425p,None (10),400,32.71798720793951,/project/g_bme-janeslab/SarahG/spinodal_decomp_06_2025/out_MATLAB/NMG_MATLAB_2000_dt_5.50e-06_Nx_64_periodic_n_relax_425p_phi.csv
MATLAB,SAV,64,neumann,450p,None (10),400,0.0,/project/g_bme-janeslab/SarahG/spinodal_decomp_06_2025/out_MATLAB/SAV_MATLAB_2000_dt_5.50e-06_Nx_64_neumann_n_relax_450p_phi.csv
MATLAB,NMG,64,neumann,425p,None (10),400,0.0,/project/g_bme-janeslab/SarahG/spinodal_decomp_06_2025/out_MATLAB/NMG_MATLAB_2000_dt_5.50e-06_Nx_64_neumann_n_relax_425p_phi.csv
MATLAB,SAV,256,periodic,450p,None (10),400,202.51355132388593,/project/g_bme-janeslab/SarahG/spinodal_decomp_06_2025/out_MATLAB/SAV_MATLAB_2000_dt_5.50e-06_Nx_256_periodic_n_relax_450p_phi.csv
Python,NMG,128,neumann,50p,125,400,66.78512149234456,/project/g_bme-janeslab/SarahG/spinodal_decomp_06_2025/out_python/NMG_Python_20_dt_5.50e-06_Nx_128_neumann_dtout_125pphi.csv
Python,NMG,64,periodic,50p,175,400,38.4525628738354,/project/g_bme-janeslab/SarahG/spinodal_decomp_06_2025/out_python/NMG_Python_20_dt_5.50e-06_Nx_64_periodic_dtout_175pphi.csv
Python,NMG,256,periodic,50p,150,400,29.198281107498715,/project/g_bme-janeslab/SarahG/spinodal_decomp_06_2025/out_python/NMG_Python_20_dt_5.50e-06_Nx_256_periodic_dtout_150pphi.csv
Python,NMG,128,neumann,50p,175,400,69.11537422118398,/project/g_bme-janeslab/SarahG/spinodal_decomp_06_2025/out_python/NMG_Python_20_dt_5.50e-06_Nx_128_neumann_dtout_175pphi.csv
Python,NMG,64,neumann,50p,150,400,24.38246305839403,/project/g_bme-janeslab/SarahG/spinodal_decomp_06_2025/out_python/NMG_Python_20_dt_5.50e-06_Nx_64_neumann_dtout_150pphi.csv
Python,NMG,256,neumann,50p,150,400,29.24188975046862,/project/g_bme-janeslab/SarahG/spinodal_decomp_06_2025/out_python/NMG_Python_20_dt_5.50e-06_Nx_256_neumann_dtout_150pphi.csv
Python,NMG,512,neumann,50p,125,400,256.8530311791441,/project/g_bme-janeslab/SarahG/spinodal_decomp_06_2025/out_python/NMG_Python_20_dt_5.50e-06_Nx_512_neumann_dtout_125pphi.csv
Python,NMG,256,neumann,50p,175,400,125.89276415167387,/project/g_bme-janeslab/SarahG/spinodal_decomp_06_2025/out_python/NMG_Python_20_dt_5.50e-06_Nx_256_neumann_dtout_175pphi.csv
Python,NMG,128,periodic,50p,150,400,31.327853213785218,/project/g_bme-janeslab/SarahG/spinodal_decomp_06_2025/out_python/NMG_Python_20_dt_5.50e-06_Nx_128_periodic_dtout_150pphi.csv
Python,NMG,256,neumann,50p,125,400,121.12881137522245,/project/g_bme-janeslab/SarahG/spinodal_decomp_06_2025/out_python/NMG_Python_20_dt_5.50e-06_Nx_256_neumann_dtout_125pphi.csv
Python,NMG,64,neumann,50p,175,400,38.687347210403615,/project/g_bme-janeslab/SarahG/spinodal_decomp_06_2025/out_python/NMG_Python_20_dt_5.50e-06_Nx_64_neumann_dtout_175pphi.csv
Python,NMG,256,periodic,50p,125,400,121.11711644580309,/project/g_bme-janeslab/SarahG/spinodal_decomp_06_2025/out_python/NMG_Python_20_dt_5.50e-06_Nx_256_periodic_dtout_125pphi.csv
Python,NMG,512,periodic,50p,150,400,73.11166036828395,/project/g_bme-janeslab/SarahG/spinodal_decomp_06_2025/out_python/NMG_Python_20_dt_5.50e-06_Nx_512_periodic_dtout_150pphi.csv
Python,NMG,64,neumann,50p,125,400,37.438385186883934,/project/g_bme-janeslab/SarahG/spinodal_decomp_06_2025/out_python/NMG_Python_20_dt_5.50e-06_Nx_64_neumann_dtout_125pphi.csv
Python,NMG,512,periodic,50p,125,400,256.7911524230798,/project/g_bme-janeslab/SarahG/spinodal_decomp_06_2025/out_python/NMG_Python_20_dt_5.50e-06_Nx_512_periodic_dtout_125pphi.csv
Python,NMG,128,periodic,50p,175,400,68.93492396423879,/project/g_bme-janeslab/SarahG/spinodal_decomp_06_2025/out_python/NMG_Python_20_dt_5.50e-06_Nx_128_periodic_dtout_175pphi.csv
Python,NMG,512,periodic,50p,175,400,253.07341319668572,/project/g_bme-janeslab/SarahG/spinodal_decomp_06_2025/out_python/NMG_Python_20_dt_5.50e-06_Nx_512_periodic_dtout_175pphi.csv
Python,NMG,128,neumann,50p,150,400,31.81817639112313,/project/g_bme-janeslab/SarahG/spinodal_decomp_06_2025/out_python/NMG_Python_20_dt_5.50e-06_Nx_128_neumann_dtout_150pphi.csv
Python,NMG,512,neumann,50p,175,400,253.0897974084041,/project/g_bme-janeslab/SarahG/spinodal_decomp_06_2025/out_python/NMG_Python_20_dt_5.50e-06_Nx_512_neumann_dtout_175pphi.csv
Python,NMG,512,neumann,50p,150,400,73.49292442459664,/project/g_bme-janeslab/SarahG/spinodal_decomp_06_2025/out_python/NMG_Python_20_dt_5.50e-06_Nx_512_neumann_dtout_150pphi.csv
Python,NMG,64,periodic,50p,125,400,37.20781921231407,/project/g_bme-janeslab/SarahG/spinodal_decomp_06_2025/out_python/NMG_Python_20_dt_5.50e-06_Nx_64_periodic_dtout_125pphi.csv
Python,NMG,256,periodic,50p,175,400,125.81259770224808,/project/g_bme-janeslab/SarahG/spinodal_decomp_06_2025/out_python/NMG_Python_20_dt_5.50e-06_Nx_256_periodic_dtout_175pphi.csv
Python,NMG,64,periodic,50p,150,400,24.001060804046027,/project/g_bme-janeslab/SarahG/spinodal_decomp_06_2025/out_python/NMG_Python_20_dt_5.50e-06_Nx_64_periodic_dtout_150pphi.csv
Python,NMG,128,periodic,50p,125,400,66.73793284143964,/project/g_bme-janeslab/SarahG/spinodal_decomp_06_2025/out_python/NMG_Python_20_dt_5.50e-06_Nx_128_periodic_dtout_125pphi.csv
MATLAB,SAV,64,periodic,450p,None (10),440,24.79913801854295,/project/g_bme-janeslab/SarahG/spinodal_decomp_06_2025/out_MATLAB/SAV_MATLAB_2000_dt_5.50e-06_Nx_64_periodic_n_relax_450p_phi.csv
MATLAB,NMG,512,periodic,475p,None (10),440,425.51905506404097,/project/g_bme-janeslab/SarahG/spinodal_decomp_06_2025/out_MATLAB/NMG_MATLAB_2000_dt_5.50e-06_Nx_512_periodic_n_relax_475p_phi.csv
MATLAB,NMG,512,neumann,450p,None (10),440,411.745036956612,/project/g_bme-janeslab/SarahG/spinodal_decomp_06_2025/out_MATLAB/NMG_MATLAB_2000_dt_5.50e-06_Nx_512_neumann_n_relax_450p_phi.csv
MATLAB,SAV,256,neumann,450p,None (10),440,179.49640498270614,/project/g_bme-janeslab/SarahG/spinodal_decomp_06_2025/out_MATLAB/SAV_MATLAB_2000_dt_5.50e-06_Nx_256_neumann_n_relax_450p_phi.csv
MATLAB,SAV,64,neumann,475p,None (10),440,33.29630081242345,/project/g_bme-janeslab/SarahG/spinodal_decomp_06_2025/out_MATLAB/SAV_MATLAB_2000_dt_5.50e-06_Nx_64_neumann_n_relax_475p_phi.csv
MATLAB,NMG,256,periodic,475p,None (10),440,165.16296400342128,/project/g_bme-janeslab/SarahG/spinodal_decomp_06_2025/out_MATLAB/NMG_MATLAB_2000_dt_5.50e-06_Nx_256_periodic_n_relax_475p_phi.csv
MATLAB,NMG,128,neumann,425p,None (10),440,78.22714216393419,/project/g_bme-janeslab/SarahG/spinodal_decomp_06_2025/out_MATLAB/NMG_MATLAB_2000_dt_5.50e-06_Nx_128_neumann_n_relax_425p_phi.csv
MATLAB,SAV,256,periodic,425p,None (10),440,0.0,/project/g_bme-janeslab/SarahG/spinodal_decomp_06_2025/out_MATLAB/SAV_MATLAB_2000_dt_5.50e-06_Nx_256_periodic_n_relax_425p_phi.csv
MATLAB,NMG,128,periodic,475p,None (10),440,65.37224542028363,/project/g_bme-janeslab/SarahG/spinodal_decomp_06_2025/out_MATLAB/NMG_MATLAB_2000_dt_5.50e-06_Nx_128_periodic_n_relax_475p_phi.csv
MATLAB,SAV,128,periodic,450p,None (10),440,73.12291027396783,/project/g_bme-janeslab/SarahG/spinodal_decomp_06_2025/out_MATLAB/SAV_MATLAB_2000_dt_5.50e-06_Nx_128_periodic_n_relax_450p_phi.csv
MATLAB,NMG,128,neumann,450p,None (10),440,60.03978978554213,/project/g_bme-janeslab/SarahG/spinodal_decomp_06_2025/out_MATLAB/NMG_MATLAB_2000_dt_5.50e-06_Nx_128_neumann_n_relax_450p_phi.csv
MATLAB,SAV,256,neumann,425p,None (10),440,166.6139076289099,/project/g_bme-janeslab/SarahG/spinodal_decomp_06_2025/out_MATLAB/SAV_MATLAB_2000_dt_5.50e-06_Nx_256_neumann_n_relax_425p_phi.csv
MATLAB,SAV,512,periodic,450p,None (10),440,447.6246455803488,/project/g_bme-janeslab/SarahG/spinodal_decomp_06_2025/out_MATLAB/SAV_MATLAB_2000_dt_5.50e-06_Nx_512_periodic_n_relax_450p_phi.csv
MATLAB,SAV,128,periodic,425p,None (10),440,76.94576347610793,/project/g_bme-janeslab/SarahG/spinodal_decomp_06_2025/out_MATLAB/SAV_MATLAB_2000_dt_5.50e-06_Nx_128_periodic_n_relax_425p_phi.csv
MATLAB,NMG,512,neumann,425p,None (10),440,426.6561238753719,/project/g_bme-janeslab/SarahG/spinodal_decomp_06_2025/out_MATLAB/NMG_MATLAB_2000_dt_5.50e-06_Nx_512_neumann_n_relax_425p_phi.csv
MATLAB,NMG,64,neumann,450p,None (10),440,0.0,/project/g_bme-janeslab/SarahG/spinodal_decomp_06_2025/out_MATLAB/NMG_MATLAB_2000_dt_5.50e-06_Nx_64_neumann_n_relax_450p_phi.csv
MATLAB,NMG,64,periodic,450p,None (10),440,15.207511915223408,/project/g_bme-janeslab/SarahG/spinodal_decomp_06_2025/out_MATLAB/NMG_MATLAB_2000_dt_5.50e-06_Nx_64_periodic_n_relax_450p_phi.csv
MATLAB,NMG,256,neumann,425p,None (10),440,175.72534415843333,/project/g_bme-janeslab/SarahG/spinodal_decomp_06_2025/out_MATLAB/NMG_MATLAB_2000_dt_5.50e-06_Nx_256_neumann_n_relax_425p_phi.csv
MATLAB,SAV,64,neumann,425p,None (10),440,0.0,/project/g_bme-janeslab/SarahG/spinodal_decomp_06_2025/out_MATLAB/SAV_MATLAB_2000_dt_5.50e-06_Nx_64_neumann_n_relax_425p_phi.csv
MATLAB,SAV,128,neumann,425p,None (10),440,0.0,/project/g_bme-janeslab/SarahG/spinodal_decomp_06_2025/out_MATLAB/SAV_MATLAB_2000_dt_5.50e-06_Nx_128_neumann_n_relax_425p_phi.csv
MATLAB,NMG,128,periodic,425p,None (10),440,65.64581817805386,/project/g_bme-janeslab/SarahG/spinodal_decomp_06_2025/out_MATLAB/NMG_MATLAB_2000_dt_5.50e-06_Nx_128_periodic_n_relax_425p_phi.csv
MATLAB,SAV,512,periodic,475p,None (10),440,433.7521837624274,/project/g_bme-janeslab/SarahG/spinodal_decomp_06_2025/out_MATLAB/SAV_MATLAB_2000_dt_5.50e-06_Nx_512_periodic_n_relax_475p_phi.csv
MATLAB,SAV,512,neumann,475p,None (10),440,438.23486912991643,/project/g_bme-janeslab/SarahG/spinodal_decomp_06_2025/out_MATLAB/SAV_MATLAB_2000_dt_5.50e-06_Nx_512_neumann_n_relax_475p_phi.csv
MATLAB,NMG,256,neumann,475p,None (10),440,165.16821735459644,/project/g_bme-janeslab/SarahG/spinodal_decomp_06_2025/out_MATLAB/NMG_MATLAB_2000_dt_5.50e-06_Nx_256_neumann_n_relax_475p_phi.csv
MATLAB,NMG,256,neumann,450p,None (10),440,179.55369620884844,/project/g_bme-janeslab/SarahG/spinodal_decomp_06_2025/out_MATLAB/NMG_MATLAB_2000_dt_5.50e-06_Nx_256_neumann_n_relax_450p_phi.csv
MATLAB,SAV,512,periodic,425p,None (10),440,434.49462266258894,/project/g_bme-janeslab/SarahG/spinodal_decomp_06_2025/out_MATLAB/SAV_MATLAB_2000_dt_5.50e-06_Nx_512_periodic_n_relax_425p_phi.csv
MATLAB,NMG,64,neumann,475p,None (10),440,33.310018762279945,/project/g_bme-janeslab/SarahG/spinodal_decomp_06_2025/out_MATLAB/NMG_MATLAB_2000_dt_5.50e-06_Nx_64_neumann_n_relax_475p_phi.csv
MATLAB,SAV,128,periodic,475p,None (10),440,65.44079306807258,/project/g_bme-janeslab/SarahG/spinodal_decomp_06_2025/out_MATLAB/SAV_MATLAB_2000_dt_5.50e-06_Nx_128_periodic_n_relax_475p_phi.csv
MATLAB,SAV,256,neumann,475p,None (10),440,166.0738539660559,/project/g_bme-janeslab/SarahG/spinodal_decomp_06_2025/out_MATLAB/SAV_MATLAB_2000_dt_5.50e-06_Nx_256_neumann_n_relax_475p_phi.csv
MATLAB,NMG,512,periodic,450p,None (10),440,412.5342262930438,/project/g_bme-janeslab/SarahG/spinodal_decomp_06_2025/out_MATLAB/NMG_MATLAB_2000_dt_5.50e-06_Nx_512_periodic_n_relax_450p_phi.csv
MATLAB,SAV,64,periodic,425p,None (10),440,0.0,/project/g_bme-janeslab/SarahG/spinodal_decomp_06_2025/out_MATLAB/SAV_MATLAB_2000_dt_5.50e-06_Nx_64_periodic_n_relax_425p_phi.csv
MATLAB,SAV,512,neumann,425p,None (10),440,433.1282689930101,/project/g_bme-janeslab/SarahG/spinodal_decomp_06_2025/out_MATLAB/SAV_MATLAB_2000_dt_5.50e-06_Nx_512_neumann_n_relax_425p_phi.csv
MATLAB,SAV,128,neumann,475p,None (10),440,68.01843682429543,/project/g_bme-janeslab/SarahG/spinodal_decomp_06_2025/out_MATLAB/SAV_MATLAB_2000_dt_5.50e-06_Nx_128_neumann_n_relax_475p_phi.csv
MATLAB,SAV,512,neumann,450p,None (10),440,412.04907521609897,/project/g_bme-janeslab/SarahG/spinodal_decomp_06_2025/out_MATLAB/SAV_MATLAB_2000_dt_5.50e-06_Nx_512_neumann_n_relax_450p_phi.csv
MATLAB,SAV,256,periodic,475p,None (10),440,166.16684482400896,/project/g_bme-janeslab/SarahG/spinodal_decomp_06_2025/out_MATLAB/SAV_MATLAB_2000_dt_5.50e-06_Nx_256_periodic_n_relax_475p_phi.csv
MATLAB,NMG,256,periodic,450p,None (10),440,180.73054228929354,/project/g_bme-janeslab/SarahG/spinodal_decomp_06_2025/out_MATLAB/NMG_MATLAB_2000_dt_5.50e-06_Nx_256_periodic_n_relax_450p_phi.csv
MATLAB,SAV,128,neumann,450p,None (10),440,69.92278894217002,/project/g_bme-janeslab/SarahG/spinodal_decomp_06_2025/out_MATLAB/SAV_MATLAB_2000_dt_5.50e-06_Nx_128_neumann_n_relax_450p_phi.csv
MATLAB,NMG,64,periodic,475p,None (10),440,32.93844470308707,/project/g_bme-janeslab/SarahG/spinodal_decomp_06_2025/out_MATLAB/NMG_MATLAB_2000_dt_5.50e-06_Nx_64_periodic_n_relax_475p_phi.csv
MATLAB,NMG,512,periodic,425p,None (10),440,426.00343248392915,/project/g_bme-janeslab/SarahG/spinodal_decomp_06_2025/out_MATLAB/NMG_MATLAB_2000_dt_5.50e-06_Nx_512_periodic_n_relax_425p_phi.csv
MATLAB,NMG,128,periodic,450p,None (10),440,74.7649749580408,/project/g_bme-janeslab/SarahG/spinodal_decomp_06_2025/out_MATLAB/NMG_MATLAB_2000_dt_5.50e-06_Nx_128_periodic_n_relax_450p_phi.csv
MATLAB,NMG,128,neumann,475p,None (10),440,66.5269201110917,/project/g_bme-janeslab/SarahG/spinodal_decomp_06_2025/out_MATLAB/NMG_MATLAB_2000_dt_5.50e-06_Nx_128_neumann_n_relax_475p_phi.csv
MATLAB,NMG,256,periodic,425p,None (10),440,165.67840278515507,/project/g_bme-janeslab/SarahG/spinodal_decomp_06_2025/out_MATLAB/NMG_MATLAB_2000_dt_5.50e-06_Nx_256_periodic_n_relax_425p_phi.csv
MATLAB,SAV,64,periodic,475p,None (10),440,32.92419917263558,/project/g_bme-janeslab/SarahG/spinodal_decomp_06_2025/out_MATLAB/SAV_MATLAB_2000_dt_5.50e-06_Nx_64_periodic_n_relax_475p_phi.csv
MATLAB,NMG,512,neumann,475p,None (10),440,427.74165326753405,/project/g_bme-janeslab/SarahG/spinodal_decomp_06_2025/out_MATLAB/NMG_MATLAB_2000_dt_5.50e-06_Nx_512_neumann_n_relax_475p_phi.csv
MATLAB,NMG,64,periodic,425p,None (10),440,32.704135748411204,/project/g_bme-janeslab/SarahG/spinodal_decomp_06_2025/out_MATLAB/NMG_MATLAB_2000_dt_5.50e-06_Nx_64_periodic_n_relax_425p_phi.csv
MATLAB,SAV,64,neumann,450p,None (10),440,0.0,/project/g_bme-janeslab/SarahG/spinodal_decomp_06_2025/out_MATLAB/SAV_MATLAB_2000_dt_5.50e-06_Nx_64_neumann_n_relax_450p_phi.csv
MATLAB,NMG,64,neumann,425p,None (10),440,0.0,/project/g_bme-janeslab/SarahG/spinodal_decomp_06_2025/out_MATLAB/NMG_MATLAB_2000_dt_5.50e-06_Nx_64_neumann_n_relax_425p_phi.csv
MATLAB,SAV,256,periodic,450p,None (10),440,202.96787361386816,/project/g_bme-janeslab/SarahG/spinodal_decomp_06_2025/out_MATLAB/SAV_MATLAB_2000_dt_5.50e-06_Nx_256_periodic_n_relax_450p_phi.csv
Python,NMG,128,neumann,50p,125,440,66.684820712595,/project/g_bme-janeslab/SarahG/spinodal_decomp_06_2025/out_python/NMG_Python_20_dt_5.50e-06_Nx_128_neumann_dtout_125pphi.csv
Python,NMG,64,periodic,50p,175,440,38.191582061706285,/project/g_bme-janeslab/SarahG/spinodal_decomp_06_2025/out_python/NMG_Python_20_dt_5.50e-06_Nx_64_periodic_dtout_175pphi.csv
Python,NMG,256,periodic,50p,150,440,29.21741234259488,/project/g_bme-janeslab/SarahG/spinodal_decomp_06_2025/out_python/NMG_Python_20_dt_5.50e-06_Nx_256_periodic_dtout_150pphi.csv
Python,NMG,128,neumann,50p,175,440,68.93466102363095,/project/g_bme-janeslab/SarahG/spinodal_decomp_06_2025/out_python/NMG_Python_20_dt_5.50e-06_Nx_128_neumann_dtout_175pphi.csv
Python,NMG,64,neumann,50p,150,440,23.736346103333865,/project/g_bme-janeslab/SarahG/spinodal_decomp_06_2025/out_python/NMG_Python_20_dt_5.50e-06_Nx_64_neumann_dtout_150pphi.csv
Python,NMG,256,neumann,50p,150,440,29.26217838714545,/project/g_bme-janeslab/SarahG/spinodal_decomp_06_2025/out_python/NMG_Python_20_dt_5.50e-06_Nx_256_neumann_dtout_150pphi.csv
Python,NMG,512,neumann,50p,125,440,256.7578988085273,/project/g_bme-janeslab/SarahG/spinodal_decomp_06_2025/out_python/NMG_Python_20_dt_5.50e-06_Nx_512_neumann_dtout_125pphi.csv
Python,NMG,256,neumann,50p,175,440,125.82587943720753,/project/g_bme-janeslab/SarahG/spinodal_decomp_06_2025/out_python/NMG_Python_20_dt_5.50e-06_Nx_256_neumann_dtout_175pphi.csv
Python,NMG,128,periodic,50p,150,440,30.75109460667929,/project/g_bme-janeslab/SarahG/spinodal_decomp_06_2025/out_python/NMG_Python_20_dt_5.50e-06_Nx_128_periodic_dtout_150pphi.csv
Python,NMG,256,neumann,50p,125,440,121.11150279916644,/project/g_bme-janeslab/SarahG/spinodal_decomp_06_2025/out_python/NMG_Python_20_dt_5.50e-06_Nx_256_neumann_dtout_125pphi.csv
Python,NMG,64,neumann,50p,175,440,38.42634532958455,/project/g_bme-janeslab/SarahG/spinodal_decomp_06_2025/out_python/NMG_Python_20_dt_5.50e-06_Nx_64_neumann_dtout_175pphi.csv
Python,NMG,256,periodic,50p,125,440,121.09973495627396,/project/g_bme-janeslab/SarahG/spinodal_decomp_06_2025/out_python/NMG_Python_20_dt_5.50e-06_Nx_256_periodic_dtout_125pphi.csv
Python,NMG,512,periodic,50p,150,440,73.53332293355894,/project/g_bme-janeslab/SarahG/spinodal_decomp_06_2025/out_python/NMG_Python_20_dt_5.50e-06_Nx_512_periodic_dtout_150pphi.csv
Python,NMG,64,neumann,50p,125,440,37.16398514012918,/project/g_bme-janeslab/SarahG/spinodal_decomp_06_2025/out_python/NMG_Python_20_dt_5.50e-06_Nx_64_neumann_dtout_125pphi.csv
Python,NMG,512,periodic,50p,125,440,256.696727792725,/project/g_bme-janeslab/SarahG/spinodal_decomp_06_2025/out_python/NMG_Python_20_dt_5.50e-06_Nx_512_periodic_dtout_125pphi.csv
Python,NMG,128,periodic,50p,175,440,68.75853864792415,/project/g_bme-janeslab/SarahG/spinodal_decomp_06_2025/out_python/NMG_Python_20_dt_5.50e-06_Nx_128_periodic_dtout_175pphi.csv
Python,NMG,512,periodic,50p,175,440,253.0385984065722,/project/g_bme-janeslab/SarahG/spinodal_decomp_06_2025/out_python/NMG_Python_20_dt_5.50e-06_Nx_512_periodic_dtout_175pphi.csv
Python,NMG,128,neumann,50p,150,440,31.25516695484779,/project/g_bme-janeslab/SarahG/spinodal_decomp_06_2025/out_python/NMG_Python_20_dt_5.50e-06_Nx_128_neumann_dtout_150pphi.csv
Python,NMG,512,neumann,50p,175,440,253.05501711260484,/project/g_bme-janeslab/SarahG/spinodal_decomp_06_2025/out_python/NMG_Python_20_dt_5.50e-06_Nx_512_neumann_dtout_175pphi.csv
Python,NMG,512,neumann,50p,150,440,73.91501399759342,/project/g_bme-janeslab/SarahG/spinodal_decomp_06_2025/out_python/NMG_Python_20_dt_5.50e-06_Nx_512_neumann_dtout_150pphi.csv
Python,NMG,64,periodic,50p,125,440,36.93753752860467,/project/g_bme-janeslab/SarahG/spinodal_decomp_06_2025/out_python/NMG_Python_20_dt_5.50e-06_Nx_64_periodic_dtout_125pphi.csv
Python,NMG,256,periodic,50p,175,440,125.74495579174933,/project/g_bme-janeslab/SarahG/spinodal_decomp_06_2025/out_python/NMG_Python_20_dt_5.50e-06_Nx_256_periodic_dtout_175pphi.csv
Python,NMG,64,periodic,50p,150,440,23.3438850369525,/project/g_bme-janeslab/SarahG/spinodal_decomp_06_2025/out_python/NMG_Python_20_dt_5.50e-06_Nx_64_periodic_dtout_150pphi.csv
Python,NMG,128,periodic,50p,125,440,66.63692474454241,/project/g_bme-janeslab/SarahG/spinodal_decomp_06_2025/out_python/NMG_Python_20_dt_5.50e-06_Nx_128_periodic_dtout_125pphi.csv
MATLAB,SAV,64,periodic,450p,None (10),480,25.35400188435918,/project/g_bme-janeslab/SarahG/spinodal_decomp_06_2025/out_MATLAB/SAV_MATLAB_2000_dt_5.50e-06_Nx_64_periodic_n_relax_450p_phi.csv
MATLAB,NMG,512,periodic,475p,None (10),480,426.5267655176878,/project/g_bme-janeslab/SarahG/spinodal_decomp_06_2025/out_MATLAB/NMG_MATLAB_2000_dt_5.50e-06_Nx_512_periodic_n_relax_475p_phi.csv
MATLAB,NMG,512,neumann,450p,None (10),480,414.3356236529862,/project/g_bme-janeslab/SarahG/spinodal_decomp_06_2025/out_MATLAB/NMG_MATLAB_2000_dt_5.50e-06_Nx_512_neumann_n_relax_450p_phi.csv
MATLAB,SAV,256,neumann,450p,None (10),480,181.64853706337442,/project/g_bme-janeslab/SarahG/spinodal_decomp_06_2025/out_MATLAB/SAV_MATLAB_2000_dt_5.50e-06_Nx_256_neumann_n_relax_450p_phi.csv
MATLAB,SAV,64,neumann,475p,None (10),480,33.30902691113347,/project/g_bme-janeslab/SarahG/spinodal_decomp_06_2025/out_MATLAB/SAV_MATLAB_2000_dt_5.50e-06_Nx_64_neumann_n_relax_475p_phi.csv
MATLAB,NMG,256,periodic,475p,None (10),480,171.2127761455706,/project/g_bme-janeslab/SarahG/spinodal_decomp_06_2025/out_MATLAB/NMG_MATLAB_2000_dt_5.50e-06_Nx_256_periodic_n_relax_475p_phi.csv
MATLAB,NMG,128,neumann,425p,None (10),480,79.04157232704914,/project/g_bme-janeslab/SarahG/spinodal_decomp_06_2025/out_MATLAB/NMG_MATLAB_2000_dt_5.50e-06_Nx_128_neumann_n_relax_425p_phi.csv
MATLAB,SAV,256,periodic,425p,None (10),480,0.0,/project/g_bme-janeslab/SarahG/spinodal_decomp_06_2025/out_MATLAB/SAV_MATLAB_2000_dt_5.50e-06_Nx_256_periodic_n_relax_425p_phi.csv
MATLAB,NMG,128,periodic,475p,None (10),480,65.49650141310433,/project/g_bme-janeslab/SarahG/spinodal_decomp_06_2025/out_MATLAB/NMG_MATLAB_2000_dt_5.50e-06_Nx_128_periodic_n_relax_475p_phi.csv
MATLAB,SAV,128,periodic,450p,None (10),480,74.81955708582387,/project/g_bme-janeslab/SarahG/spinodal_decomp_06_2025/out_MATLAB/SAV_MATLAB_2000_dt_5.50e-06_Nx_128_periodic_n_relax_450p_phi.csv
MATLAB,NMG,128,neumann,450p,None (10),480,63.25472467304698,/project/g_bme-janeslab/SarahG/spinodal_decomp_06_2025/out_MATLAB/NMG_MATLAB_2000_dt_5.50e-06_Nx_128_neumann_n_relax_450p_phi.csv
MATLAB,SAV,256,neumann,425p,None (10),480,172.61738135977754,/project/g_bme-janeslab/SarahG/spinodal_decomp_06_2025/out_MATLAB/SAV_MATLAB_2000_dt_5.50e-06_Nx_256_neumann_n_relax_425p_phi.csv
MATLAB,SAV,512,periodic,450p,None (10),480,448.3540688542203,/project/g_bme-janeslab/SarahG/spinodal_decomp_06_2025/out_MATLAB/SAV_MATLAB_2000_dt_5.50e-06_Nx_512_periodic_n_relax_450p_phi.csv
MATLAB,SAV,128,periodic,425p,None (10),480,77.59941131418442,/project/g_bme-janeslab/SarahG/spinodal_decomp_06_2025/out_MATLAB/SAV_MATLAB_2000_dt_5.50e-06_Nx_128_periodic_n_relax_425p_phi.csv
MATLAB,NMG,512,neumann,425p,None (10),480,428.0337994415564,/project/g_bme-janeslab/SarahG/spinodal_decomp_06_2025/out_MATLAB/NMG_MATLAB_2000_dt_5.50e-06_Nx_512_neumann_n_relax_425p_phi.csv
MATLAB,NMG,64,neumann,450p,None (10),480,0.0,/project/g_bme-janeslab/SarahG/spinodal_decomp_06_2025/out_MATLAB/NMG_MATLAB_2000_dt_5.50e-06_Nx_64_neumann_n_relax_450p_phi.csv
MATLAB,NMG,64,periodic,450p,None (10),480,15.664148304994752,/project/g_bme-janeslab/SarahG/spinodal_decomp_06_2025/out_MATLAB/NMG_MATLAB_2000_dt_5.50e-06_Nx_64_periodic_n_relax_450p_phi.csv
MATLAB,NMG,256,neumann,425p,None (10),480,180.5075640757326,/project/g_bme-janeslab/SarahG/spinodal_decomp_06_2025/out_MATLAB/NMG_MATLAB_2000_dt_5.50e-06_Nx_256_neumann_n_relax_425p_phi.csv
MATLAB,SAV,64,neumann,425p,None (10),480,0.0,/project/g_bme-janeslab/SarahG/spinodal_decomp_06_2025/out_MATLAB/SAV_MATLAB_2000_dt_5.50e-06_Nx_64_neumann_n_relax_425p_phi.csv
MATLAB,SAV,128,neumann,425p,None (10),480,0.0,/project/g_bme-janeslab/SarahG/spinodal_decomp_06_2025/out_MATLAB/SAV_MATLAB_2000_dt_5.50e-06_Nx_128_neumann_n_relax_425p_phi.csv
MATLAB,NMG,128,periodic,425p,None (10),480,65.94177655552768,/project/g_bme-janeslab/SarahG/spinodal_decomp_06_2025/out_MATLAB/NMG_MATLAB_2000_dt_5.50e-06_Nx_128_periodic_n_relax_425p_phi.csv
MATLAB,SAV,512,periodic,475p,None (10),480,434.4603868360061,/project/g_bme-janeslab/SarahG/spinodal_decomp_06_2025/out_MATLAB/SAV_MATLAB_2000_dt_5.50e-06_Nx_512_periodic_n_relax_475p_phi.csv
MATLAB,SAV,512,neumann,475p,None (10),480,438.61029762789946,/project/g_bme-janeslab/SarahG/spinodal_decomp_06_2025/out_MATLAB/SAV_MATLAB_2000_dt_5.50e-06_Nx_512_neumann_n_relax_475p_phi.csv
MATLAB,NMG,256,neumann,475p,None (10),480,171.0683436533514,/project/g_bme-janeslab/SarahG/spinodal_decomp_06_2025/out_MATLAB/NMG_MATLAB_2000_dt_5.50e-06_Nx_256_neumann_n_relax_475p_phi.csv
MATLAB,NMG,256,neumann,450p,None (10),480,181.71195183464184,/project/g_bme-janeslab/SarahG/spinodal_decomp_06_2025/out_MATLAB/NMG_MATLAB_2000_dt_5.50e-06_Nx_256_neumann_n_relax_450p_phi.csv
MATLAB,SAV,512,periodic,425p,None (10),480,435.15724228710894,/project/g_bme-janeslab/SarahG/spinodal_decomp_06_2025/out_MATLAB/SAV_MATLAB_2000_dt_5.50e-06_Nx_512_periodic_n_relax_425p_phi.csv
MATLAB,NMG,64,neumann,475p,None (10),480,33.322900505216104,/project/g_bme-janeslab/SarahG/spinodal_decomp_06_2025/out_MATLAB/NMG_MATLAB_2000_dt_5.50e-06_Nx_64_neumann_n_relax_475p_phi.csv
MATLAB,SAV,128,periodic,475p,None (10),480,65.58283850294885,/project/g_bme-janeslab/SarahG/spinodal_decomp_06_2025/out_MATLAB/SAV_MATLAB_2000_dt_5.50e-06_Nx_128_periodic_n_relax_475p_phi.csv
MATLAB,SAV,256,neumann,475p,None (10),480,171.95638143681583,/project/g_bme-janeslab/SarahG/spinodal_decomp_06_2025/out_MATLAB/SAV_MATLAB_2000_dt_5.50e-06_Nx_256_neumann_n_relax_475p_phi.csv
MATLAB,NMG,512,periodic,450p,None (10),480,415.11921185301105,/project/g_bme-janeslab/SarahG/spinodal_decomp_06_2025/out_MATLAB/NMG_MATLAB_2000_dt_5.50e-06_Nx_512_periodic_n_relax_450p_phi.csv
MATLAB,SAV,64,periodic,425p,None (10),480,0.0,/project/g_bme-janeslab/SarahG/spinodal_decomp_06_2025/out_MATLAB/SAV_MATLAB_2000_dt_5.50e-06_Nx_64_periodic_n_relax_425p_phi.csv
MATLAB,SAV,512,neumann,425p,None (10),480,433.6198249048638,/project/g_bme-janeslab/SarahG/spinodal_decomp_06_2025/out_MATLAB/SAV_MATLAB_2000_dt_5.50e-06_Nx_512_neumann_n_relax_425p_phi.csv
MATLAB,SAV,128,neumann,475p,None (10),480,68.43022456463261,/project/g_bme-janeslab/SarahG/spinodal_decomp_06_2025/out_MATLAB/SAV_MATLAB_2000_dt_5.50e-06_Nx_128_neumann_n_relax_475p_phi.csv
MATLAB,SAV,512,neumann,450p,None (10),480,414.6707617885493,/project/g_bme-janeslab/SarahG/spinodal_decomp_06_2025/out_MATLAB/SAV_MATLAB_2000_dt_5.50e-06_Nx_512_neumann_n_relax_450p_phi.csv
MATLAB,SAV,256,periodic,475p,None (10),480,172.20631397036456,/project/g_bme-janeslab/SarahG/spinodal_decomp_06_2025/out_MATLAB/SAV_MATLAB_2000_dt_5.50e-06_Nx_256_periodic_n_relax_475p_phi.csv
MATLAB,NMG,256,periodic,450p,None (10),480,182.7514323878437,/project/g_bme-janeslab/SarahG/spinodal_decomp_06_2025/out_MATLAB/NMG_MATLAB_2000_dt_5.50e-06_Nx_256_periodic_n_relax_450p_phi.csv
MATLAB,SAV,128,neumann,450p,None (10),480,71.99357136117766,/project/g_bme-janeslab/SarahG/spinodal_decomp_06_2025/out_MATLAB/SAV_MATLAB_2000_dt_5.50e-06_Nx_128_neumann_n_relax_450p_phi.csv
MATLAB,NMG,64,periodic,475p,None (10),480,32.93385356553349,/project/g_bme-janeslab/SarahG/spinodal_decomp_06_2025/out_MATLAB/NMG_MATLAB_2000_dt_5.50e-06_Nx_64_periodic_n_relax_475p_phi.csv
MATLAB,NMG,512,periodic,425p,None (10),480,427.4966082545787,/project/g_bme-janeslab/SarahG/spinodal_decomp_06_2025/out_MATLAB/NMG_MATLAB_2000_dt_5.50e-06_Nx_512_periodic_n_relax_425p_phi.csv
MATLAB,NMG,128,periodic,450p,None (10),480,76.26328421657698,/project/g_bme-janeslab/SarahG/spinodal_decomp_06_2025/out_MATLAB/NMG_MATLAB_2000_dt_5.50e-06_Nx_128_periodic_n_relax_450p_phi.csv
MATLAB,NMG,128,neumann,475p,None (10),480,66.8160291295364,/project/g_bme-janeslab/SarahG/spinodal_decomp_06_2025/out_MATLAB/NMG_MATLAB_2000_dt_5.50e-06_Nx_128_neumann_n_relax_475p_phi.csv
MATLAB,NMG,256,periodic,425p,None (10),480,172.12113498482879,/project/g_bme-janeslab/SarahG/spinodal_decomp_06_2025/out_MATLAB/NMG_MATLAB_2000_dt_5.50e-06_Nx_256_periodic_n_relax_425p_phi.csv
MATLAB,SAV,64,periodic,475p,None (10),480,32.92004469441433,/project/g_bme-janeslab/SarahG/spinodal_decomp_06_2025/out_MATLAB/SAV_MATLAB_2000_dt_5.50e-06_Nx_64_periodic_n_relax_475p_phi.csv
MATLAB,NMG,512,neumann,475p,None (10),480,428.755940233654,/project/g_bme-janeslab/SarahG/spinodal_decomp_06_2025/out_MATLAB/NMG_MATLAB_2000_dt_5.50e-06_Nx_512_neumann_n_relax_475p_phi.csv
MATLAB,NMG,64,periodic,425p,None (10),480,32.692510403297305,/project/g_bme-janeslab/SarahG/spinodal_decomp_06_2025/out_MATLAB/NMG_MATLAB_2000_dt_5.50e-06_Nx_64_periodic_n_relax_425p_phi.csv
MATLAB,SAV,64,neumann,450p,None (10),480,0.0,/project/g_bme-janeslab/SarahG/spinodal_decomp_06_2025/out_MATLAB/SAV_MATLAB_2000_dt_5.50e-06_Nx_64_neumann_n_relax_450p_phi.csv
MATLAB,NMG,64,neumann,425p,None (10),480,0.0,/project/g_bme-janeslab/SarahG/spinodal_decomp_06_2025/out_MATLAB/NMG_MATLAB_2000_dt_5.50e-06_Nx_64_neumann_n_relax_425p_phi.csv
MATLAB,SAV,256,periodic,450p,None (10),480,203.39493399212853,/project/g_bme-janeslab/SarahG/spinodal_decomp_06_2025/out_MATLAB/SAV_MATLAB_2000_dt_5.50e-06_Nx_256_periodic_n_relax_450p_phi.csv
Python,NMG,128,neumann,50p,125,480,66.59167470751736,/project/g_bme-janeslab/SarahG/spinodal_decomp_06_2025/out_python/NMG_Python_20_dt_5.50e-06_Nx_128_neumann_dtout_125pphi.csv
Python,NMG,64,periodic,50p,175,480,37.91824645900585,/project/g_bme-janeslab/SarahG/spinodal_decomp_06_2025/out_python/NMG_Python_20_dt_5.50e-06_Nx_64_periodic_dtout_175pphi.csv
Python,NMG,256,periodic,50p,150,480,29.25667100838445,/project/g_bme-janeslab/SarahG/spinodal_decomp_06_2025/out_python/NMG_Python_20_dt_5.50e-06_Nx_256_periodic_dtout_150pphi.csv
Python,NMG,128,neumann,50p,175,480,68.76775488561677,/project/g_bme-janeslab/SarahG/spinodal_decomp_06_2025/out_python/NMG_Python_20_dt_5.50e-06_Nx_128_neumann_dtout_175pphi.csv
Python,NMG,64,neumann,50p,150,480,23.236835253970217,/project/g_bme-janeslab/SarahG/spinodal_decomp_06_2025/out_python/NMG_Python_20_dt_5.50e-06_Nx_64_neumann_dtout_150pphi.csv
Python,NMG,256,neumann,50p,150,480,29.3000904494948,/project/g_bme-janeslab/SarahG/spinodal_decomp_06_2025/out_python/NMG_Python_20_dt_5.50e-06_Nx_256_neumann_dtout_150pphi.csv
Python,NMG,512,neumann,50p,125,480,256.6600718284854,/project/g_bme-janeslab/SarahG/spinodal_decomp_06_2025/out_python/NMG_Python_20_dt_5.50e-06_Nx_512_neumann_dtout_125pphi.csv
Python,NMG,256,neumann,50p,175,480,125.75586683263704,/project/g_bme-janeslab/SarahG/spinodal_decomp_06_2025/out_python/NMG_Python_20_dt_5.50e-06_Nx_256_neumann_dtout_175pphi.csv
Python,NMG,128,periodic,50p,150,480,30.30861350565864,/project/g_bme-janeslab/SarahG/spinodal_decomp_06_2025/out_python/NMG_Python_20_dt_5.50e-06_Nx_128_periodic_dtout_150pphi.csv
Python,NMG,256,neumann,50p,125,480,121.0939633859263,/project/g_bme-janeslab/SarahG/spinodal_decomp_06_2025/out_python/NMG_Python_20_dt_5.50e-06_Nx_256_neumann_dtout_125pphi.csv
Python,NMG,64,neumann,50p,175,480,38.15901336050253,/project/g_bme-janeslab/SarahG/spinodal_decomp_06_2025/out_python/NMG_Python_20_dt_5.50e-06_Nx_64_neumann_dtout_175pphi.csv
Python,NMG,256,periodic,50p,125,480,121.08161902320343,/project/g_bme-janeslab/SarahG/spinodal_decomp_06_2025/out_python/NMG_Python_20_dt_5.50e-06_Nx_256_periodic_dtout_125pphi.csv
Python,NMG,512,periodic,50p,150,480,74.11257083128706,/project/g_bme-janeslab/SarahG/spinodal_decomp_06_2025/out_python/NMG_Python_20_dt_5.50e-06_Nx_512_periodic_dtout_150pphi.csv
Python,NMG,64,neumann,50p,125,480,36.91182241819333,/project/g_bme-janeslab/SarahG/spinodal_decomp_06_2025/out_python/NMG_Python_20_dt_5.50e-06_Nx_64_neumann_dtout_125pphi.csv
Python,NMG,512,periodic,50p,125,480,256.59890379039507,/project/g_bme-janeslab/SarahG/spinodal_decomp_06_2025/out_python/NMG_Python_20_dt_5.50e-06_Nx_512_periodic_dtout_125pphi.csv
Python,NMG,128,periodic,50p,175,480,68.59152803275542,/project/g_bme-janeslab/SarahG/spinodal_decomp_06_2025/out_python/NMG_Python_20_dt_5.50e-06_Nx_128_periodic_dtout_175pphi.csv
Python,NMG,512,periodic,50p,175,480,253.00387480485432,/project/g_bme-janeslab/SarahG/spinodal_decomp_06_2025/out_python/NMG_Python_20_dt_5.50e-06_Nx_512_periodic_dtout_175pphi.csv
Python,NMG,128,neumann,50p,150,480,30.81281507361966,/project/g_bme-janeslab/SarahG/spinodal_decomp_06_2025/out_python/NMG_Python_20_dt_5.50e-06_Nx_128_neumann_dtout_150pphi.csv
Python,NMG,512,neumann,50p,175,480,253.02059300087095,/project/g_bme-janeslab/SarahG/spinodal_decomp_06_2025/out_python/NMG_Python_20_dt_5.50e-06_Nx_512_neumann_dtout_175pphi.csv
Python,NMG,512,neumann,50p,150,480,74.51762677849499,/project/g_bme-janeslab/SarahG/spinodal_decomp_06_2025/out_python/NMG_Python_20_dt_5.50e-06_Nx_512_neumann_dtout_150pphi.csv
Python,NMG,64,periodic,50p,125,480,36.685165864807175,/project/g_bme-janeslab/SarahG/spinodal_decomp_06_2025/out_python/NMG_Python_20_dt_5.50e-06_Nx_64_periodic_dtout_125pphi.csv
Python,NMG,256,periodic,50p,175,480,125.67489971288569,/project/g_bme-janeslab/SarahG/spinodal_decomp_06_2025/out_python/NMG_Python_20_dt_5.50e-06_Nx_256_periodic_dtout_175pphi.csv
Python,NMG,64,periodic,50p,150,480,22.827866066962944,/project/g_bme-janeslab/SarahG/spinodal_decomp_06_2025/out_python/NMG_Python_20_dt_5.50e-06_Nx_64_periodic_dtout_150pphi.csv
Python,NMG,128,periodic,50p,125,480,66.54347611870956,/project/g_bme-janeslab/SarahG/spinodal_decomp_06_2025/out_python/NMG_Python_20_dt_5.50e-06_Nx_128_periodic_dtout_125pphi.csv
MATLAB,SAV,64,periodic,450p,None (10),520,25.903153465546882,/project/g_bme-janeslab/SarahG/spinodal_decomp_06_2025/out_MATLAB/SAV_MATLAB_2000_dt_5.50e-06_Nx_64_periodic_n_relax_450p_phi.csv
MATLAB,NMG,512,periodic,475p,None (10),520,427.4290493811462,/project/g_bme-janeslab/SarahG/spinodal_decomp_06_2025/out_MATLAB/NMG_MATLAB_2000_dt_5.50e-06_Nx_512_periodic_n_relax_475p_phi.csv
MATLAB,NMG,512,neumann,450p,None (10),520,416.80168715172584,/project/g_bme-janeslab/SarahG/spinodal_decomp_06_2025/out_MATLAB/NMG_MATLAB_2000_dt_5.50e-06_Nx_512_neumann_n_relax_450p_phi.csv
MATLAB,SAV,256,neumann,450p,None (10),520,183.58496175658914,/project/g_bme-janeslab/SarahG/spinodal_decomp_06_2025/out_MATLAB/SAV_MATLAB_2000_dt_5.50e-06_Nx_256_neumann_n_relax_450p_phi.csv
MATLAB,SAV,64,neumann,475p,None (10),520,33.32464501827229,/project/g_bme-janeslab/SarahG/spinodal_decomp_06_2025/out_MATLAB/SAV_MATLAB_2000_dt_5.50e-06_Nx_64_neumann_n_relax_475p_phi.csv
MATLAB,NMG,256,periodic,475p,None (10),520,176.77045113831002,/project/g_bme-janeslab/SarahG/spinodal_decomp_06_2025/out_MATLAB/NMG_MATLAB_2000_dt_5.50e-06_Nx_256_periodic_n_relax_475p_phi.csv
MATLAB,NMG,128,neumann,425p,None (10),520,79.84844151998442,/project/g_bme-janeslab/SarahG/spinodal_decomp_06_2025/out_MATLAB/NMG_MATLAB_2000_dt_5.50e-06_Nx_128_neumann_n_relax_425p_phi.csv
MATLAB,SAV,256,periodic,425p,None (10),520,0.0,/project/g_bme-janeslab/SarahG/spinodal_decomp_06_2025/out_MATLAB/SAV_MATLAB_2000_dt_5.50e-06_Nx_256_periodic_n_relax_425p_phi.csv
MATLAB,NMG,128,periodic,475p,None (10),520,65.64773397753005,/project/g_bme-janeslab/SarahG/spinodal_decomp_06_2025/out_MATLAB/NMG_MATLAB_2000_dt_5.50e-06_Nx_128_periodic_n_relax_475p_phi.csv
MATLAB,SAV,128,periodic,450p,None (10),520,76.29191647645283,/project/g_bme-janeslab/SarahG/spinodal_decomp_06_2025/out_MATLAB/SAV_MATLAB_2000_dt_5.50e-06_Nx_128_periodic_n_relax_450p_phi.csv
MATLAB,NMG,128,neumann,450p,None (10),520,66.12125603849559,/project/g_bme-janeslab/SarahG/spinodal_decomp_06_2025/out_MATLAB/NMG_MATLAB_2000_dt_5.50e-06_Nx_128_neumann_n_relax_450p_phi.csv
MATLAB,SAV,256,neumann,425p,None (10),520,177.86321789962315,/project/g_bme-janeslab/SarahG/spinodal_decomp_06_2025/out_MATLAB/SAV_MATLAB_2000_dt_5.50e-06_Nx_256_neumann_n_relax_425p_phi.csv
MATLAB,SAV,512,periodic,450p,None (10),520,448.94159442574323,/project/g_bme-janeslab/SarahG/spinodal_decomp_06_2025/out_MATLAB/SAV_MATLAB_2000_dt_5.50e-06_Nx_512_periodic_n_relax_450p_phi.csv
MATLAB,SAV,128,periodic,425p,None (10),520,78.25190198052962,/project/g_bme-janeslab/SarahG/spinodal_decomp_06_2025/out_MATLAB/SAV_MATLAB_2000_dt_5.50e-06_Nx_128_periodic_n_relax_425p_phi.csv
MATLAB,NMG,512,neumann,425p,None (10),520,429.10681433235396,/project/g_bme-janeslab/SarahG/spinodal_decomp_06_2025/out_MATLAB/NMG_MATLAB_2000_dt_5.50e-06_Nx_512_neumann_n_relax_425p_phi.csv
MATLAB,NMG,64,neumann,450p,None (10),520,0.0,/project/g_bme-janeslab/SarahG/spinodal_decomp_06_2025/out_MATLAB/NMG_MATLAB_2000_dt_5.50e-06_Nx_64_neumann_n_relax_450p_phi.csv
MATLAB,NMG,64,periodic,450p,None (10),520,16.139844816604132,/project/g_bme-janeslab/SarahG/spinodal_decomp_06_2025/out_MATLAB/NMG_MATLAB_2000_dt_5.50e-06_Nx_64_periodic_n_relax_450p_phi.csv
MATLAB,NMG,256,neumann,425p,None (10),520,184.51904006404618,/project/g_bme-janeslab/SarahG/spinodal_decomp_06_2025/out_MATLAB/NMG_MATLAB_2000_dt_5.50e-06_Nx_256_neumann_n_relax_425p_phi.csv
MATLAB,SAV,64,neumann,425p,None (10),520,0.0,/project/g_bme-janeslab/SarahG/spinodal_decomp_06_2025/out_MATLAB/SAV_MATLAB_2000_dt_5.50e-06_Nx_64_neumann_n_relax_425p_phi.csv
MATLAB,SAV,128,neumann,425p,None (10),520,0.0,/project/g_bme-janeslab/SarahG/spinodal_decomp_06_2025/out_MATLAB/SAV_MATLAB_2000_dt_5.50e-06_Nx_128_neumann_n_relax_425p_phi.csv
MATLAB,NMG,128,periodic,425p,None (10),520,66.26586474079383,/project/g_bme-janeslab/SarahG/spinodal_decomp_06_2025/out_MATLAB/NMG_MATLAB_2000_dt_5.50e-06_Nx_128_periodic_n_relax_425p_phi.csv
MATLAB,SAV,512,periodic,475p,None (10),520,435.36820699484764,/project/g_bme-janeslab/SarahG/spinodal_decomp_06_2025/out_MATLAB/SAV_MATLAB_2000_dt_5.50e-06_Nx_512_periodic_n_relax_475p_phi.csv
MATLAB,SAV,512,neumann,475p,None (10),520,439.0286986708736,/project/g_bme-janeslab/SarahG/spinodal_decomp_06_2025/out_MATLAB/SAV_MATLAB_2000_dt_5.50e-06_Nx_512_neumann_n_relax_475p_phi.csv
MATLAB,NMG,256,neumann,475p,None (10),520,176.49778289228522,/project/g_bme-janeslab/SarahG/spinodal_decomp_06_2025/out_MATLAB/NMG_MATLAB_2000_dt_5.50e-06_Nx_256_neumann_n_relax_475p_phi.csv
MATLAB,NMG,256,neumann,450p,None (10),520,183.6557827358909,/project/g_bme-janeslab/SarahG/spinodal_decomp_06_2025/out_MATLAB/NMG_MATLAB_2000_dt_5.50e-06_Nx_256_neumann_n_relax_450p_phi.csv
MATLAB,SAV,512,periodic,425p,None (10),520,435.7261548562207,/project/g_bme-janeslab/SarahG/spinodal_decomp_06_2025/out_MATLAB/SAV_MATLAB_2000_dt_5.50e-06_Nx_512_periodic_n_relax_425p_phi.csv
MATLAB,NMG,64,neumann,475p,None (10),520,33.3387911549179,/project/g_bme-janeslab/SarahG/spinodal_decomp_06_2025/out_MATLAB/NMG_MATLAB_2000_dt_5.50e-06_Nx_64_neumann_n_relax_475p_phi.csv
MATLAB,SAV,128,periodic,475p,None (10),520,65.75400910690898,/project/g_bme-janeslab/SarahG/spinodal_decomp_06_2025/out_MATLAB/SAV_MATLAB_2000_dt_5.50e-06_Nx_128_periodic_n_relax_475p_phi.csv
MATLAB,SAV,256,neumann,475p,None (10),520,177.31652814966128,/project/g_bme-janeslab/SarahG/spinodal_decomp_06_2025/out_MATLAB/SAV_MATLAB_2000_dt_5.50e-06_Nx_256_neumann_n_relax_475p_phi.csv
MATLAB,NMG,512,periodic,450p,None (10),520,417.5610087074802,/project/g_bme-janeslab/SarahG/spinodal_decomp_06_2025/out_MATLAB/NMG_MATLAB_2000_dt_5.50e-06_Nx_512_periodic_n_relax_450p_phi.csv
MATLAB,SAV,64,periodic,425p,None (10),520,0.0,/project/g_bme-janeslab/SarahG/spinodal_decomp_06_2025/out_MATLAB/SAV_MATLAB_2000_dt_5.50e-06_Nx_64_periodic_n_relax_425p_phi.csv
MATLAB,SAV,512,neumann,425p,None (10),520,434.0557725501559,/project/g_bme-janeslab/SarahG/spinodal_decomp_06_2025/out_MATLAB/SAV_MATLAB_2000_dt_5.50e-06_Nx_512_neumann_n_relax_425p_phi.csv
MATLAB,SAV,128,neumann,475p,None (10),520,68.86269514820782,/project/g_bme-janeslab/SarahG/spinodal_decomp_06_2025/out_MATLAB/SAV_MATLAB_2000_dt_5.50e-06_Nx_128_neumann_n_relax_475p_phi.csv
MATLAB,SAV,512,neumann,450p,None (10),520,417.23380527350804,/project/g_bme-janeslab/SarahG/spinodal_decomp_06_2025/out_MATLAB/SAV_MATLAB_2000_dt_5.50e-06_Nx_512_neumann_n_relax_450p_phi.csv
MATLAB,SAV,256,periodic,475p,None (10),520,177.70145888244934,/project/g_bme-janeslab/SarahG/spinodal_decomp_06_2025/out_MATLAB/SAV_MATLAB_2000_dt_5.50e-06_Nx_256_periodic_n_relax_475p_phi.csv
MATLAB,NMG,256,periodic,450p,None (10),520,184.6594552555561,/project/g_bme-janeslab/SarahG/spinodal_decomp_06_2025/out_MATLAB/NMG_MATLAB_2000_dt_5.50e-06_Nx_256_periodic_n_relax_450p_phi.csv
MATLAB,SAV,128,neumann,450p,None (10),520,73.79580990919492,/project/g_bme-janeslab/SarahG/spinodal_decomp_06_2025/out_MATLAB/SAV_MATLAB_2000_dt_5.50e-06_Nx_128_neumann_n_relax_450p_phi.csv
MATLAB,NMG,64,periodic,475p,None (10),520,32.931479058546834,/project/g_bme-janeslab/SarahG/spinodal_decomp_06_2025/out_MATLAB/NMG_MATLAB_2000_dt_5.50e-06_Nx_64_periodic_n_relax_475p_phi.csv
MATLAB,NMG,512,periodic,425p,None (10),520,428.7366199100788,/project/g_bme-janeslab/SarahG/spinodal_decomp_06_2025/out_MATLAB/NMG_MATLAB_2000_dt_5.50e-06_Nx_512_periodic_n_relax_425p_phi.csv
MATLAB,NMG,128,periodic,450p,None (10),520,77.57037149468464,/project/g_bme-janeslab/SarahG/spinodal_decomp_06_2025/out_MATLAB/NMG_MATLAB_2000_dt_5.50e-06_Nx_128_periodic_n_relax_450p_phi.csv
MATLAB,NMG,128,neumann,475p,None (10),520,67.13685848306585,/project/g_bme-janeslab/SarahG/spinodal_decomp_06_2025/out_MATLAB/NMG_MATLAB_2000_dt_5.50e-06_Nx_128_neumann_n_relax_475p_phi.csv
MATLAB,NMG,256,periodic,425p,None (10),520,177.7705972558255,/project/g_bme-janeslab/SarahG/spinodal_decomp_06_2025/out_MATLAB/NMG_MATLAB_2000_dt_5.50e-06_Nx_256_periodic_n_relax_425p_phi.csv
MATLAB,SAV,64,periodic,475p,None (10),520,32.91792851988073,/project/g_bme-janeslab/SarahG/spinodal_decomp_06_2025/out_MATLAB/SAV_MATLAB_2000_dt_5.50e-06_Nx_64_periodic_n_relax_475p_phi.csv
MATLAB,NMG,512,neumann,475p,None (10),520,429.6215428366365,/project/g_bme-janeslab/SarahG/spinodal_decomp_06_2025/out_MATLAB/NMG_MATLAB_2000_dt_5.50e-06_Nx_512_neumann_n_relax_475p_phi.csv
MATLAB,NMG,64,periodic,425p,None (10),520,32.68277663042551,/project/g_bme-janeslab/SarahG/spinodal_decomp_06_2025/out_MATLAB/NMG_MATLAB_2000_dt_5.50e-06_Nx_64_periodic_n_relax_425p_phi.csv
MATLAB,SAV,64,neumann,450p,None (10),520,0.0,/project/g_bme-janeslab/SarahG/spinodal_decomp_06_2025/out_MATLAB/SAV_MATLAB_2000_dt_5.50e-06_Nx_64_neumann_n_relax_450p_phi.csv
MATLAB,NMG,64,neumann,425p,None (10),520,0.0,/project/g_bme-janeslab/SarahG/spinodal_decomp_06_2025/out_MATLAB/NMG_MATLAB_2000_dt_5.50e-06_Nx_64_neumann_n_relax_425p_phi.csv
MATLAB,SAV,256,periodic,450p,None (10),520,203.80210143852239,/project/g_bme-janeslab/SarahG/spinodal_decomp_06_2025/out_MATLAB/SAV_MATLAB_2000_dt_5.50e-06_Nx_256_periodic_n_relax_450p_phi.csv
Python,NMG,128,neumann,50p,125,520,66.50941254220851,/project/g_bme-janeslab/SarahG/spinodal_decomp_06_2025/out_python/NMG_Python_20_dt_5.50e-06_Nx_128_neumann_dtout_125pphi.csv
Python,NMG,64,periodic,50p,175,520,37.63656819769411,/project/g_bme-janeslab/SarahG/spinodal_decomp_06_2025/out_python/NMG_Python_20_dt_5.50e-06_Nx_64_periodic_dtout_175pphi.csv
Python,NMG,256,periodic,50p,150,520,29.298469238722248,/project/g_bme-janeslab/SarahG/spinodal_decomp_06_2025/out_python/NMG_Python_20_dt_5.50e-06_Nx_256_periodic_dtout_150pphi.csv
Python,NMG,128,neumann,50p,175,520,68.5713011145505,/project/g_bme-janeslab/SarahG/spinodal_decomp_06_2025/out_python/NMG_Python_20_dt_5.50e-06_Nx_128_neumann_dtout_175pphi.csv
Python,NMG,64,neumann,50p,150,520,22.843103653592063,/project/g_bme-janeslab/SarahG/spinodal_decomp_06_2025/out_python/NMG_Python_20_dt_5.50e-06_Nx_64_neumann_dtout_150pphi.csv
Python,NMG,256,neumann,50p,150,520,29.342686104076606,/project/g_bme-janeslab/SarahG/spinodal_decomp_06_2025/out_python/NMG_Python_20_dt_5.50e-06_Nx_256_neumann_dtout_150pphi.csv
Python,NMG,512,neumann,50p,125,520,256.57981768646505,/project/g_bme-janeslab/SarahG/spinodal_decomp_06_2025/out_python/NMG_Python_20_dt_5.50e-06_Nx_512_neumann_dtout_125pphi.csv
Python,NMG,256,neumann,50p,175,520,125.68043469569177,/project/g_bme-janeslab/SarahG/spinodal_decomp_06_2025/out_python/NMG_Python_20_dt_5.50e-06_Nx_256_neumann_dtout_175pphi.csv
Python,NMG,128,periodic,50p,150,520,29.948466158459425,/project/g_bme-janeslab/SarahG/spinodal_decomp_06_2025/out_python/NMG_Python_20_dt_5.50e-06_Nx_128_periodic_dtout_150pphi.csv
Python,NMG,256,neumann,50p,125,520,121.07737268593684,/project/g_bme-janeslab/SarahG/spinodal_decomp_06_2025/out_python/NMG_Python_20_dt_5.50e-06_Nx_256_neumann_dtout_125pphi.csv
Python,NMG,64,neumann,50p,175,520,37.87913022553388,/project/g_bme-janeslab/SarahG/spinodal_decomp_06_2025/out_python/NMG_Python_20_dt_5.50e-06_Nx_64_neumann_dtout_175pphi.csv
Python,NMG,256,periodic,50p,125,520,121.0642309628974,/project/g_bme-janeslab/SarahG/spinodal_decomp_06_2025/out_python/NMG_Python_20_dt_5.50e-06_Nx_256_periodic_dtout_125pphi.csv
Python,NMG,512,periodic,50p,150,520,74.82207257892279,/project/g_bme-janeslab/SarahG/spinodal_decomp_06_2025/out_python/NMG_Python_20_dt_5.50e-06_Nx_512_periodic_dtout_150pphi.csv
Python,NMG,64,neumann,50p,125,520,36.691243217327354,/project/g_bme-janeslab/SarahG/spinodal_decomp_06_2025/out_python/NMG_Python_20_dt_5.50e-06_Nx_64_neumann_dtout_125pphi.csv
Python,NMG,512,periodic,50p,125,520,256.51829798018457,/project/g_bme-janeslab/SarahG/spinodal_decomp_06_2025/out_python/NMG_Python_20_dt_5.50e-06_Nx_512_periodic_dtout_125pphi.csv
Python,NMG,128,periodic,50p,175,520,68.39435208020932,/project/g_bme-janeslab/SarahG/spinodal_decomp_06_2025/out_python/NMG_Python_20_dt_5.50e-06_Nx_128_periodic_dtout_175pphi.csv
Python,NMG,512,periodic,50p,175,520,252.9692774895383,/project/g_bme-janeslab/SarahG/spinodal_decomp_06_2025/out_python/NMG_Python_20_dt_5.50e-06_Nx_512_periodic_dtout_175pphi.csv
Python,NMG,128,neumann,50p,150,520,30.454715781099424,/project/g_bme-janeslab/SarahG/spinodal_decomp_06_2025/out_python/NMG_Python_20_dt_5.50e-06_Nx_128_neumann_dtout_150pphi.csv
Python,NMG,512,neumann,50p,175,520,252.98614580628137,/project/g_bme-janeslab/SarahG/spinodal_decomp_06_2025/out_python/NMG_Python_20_dt_5.50e-06_Nx_512_neumann_dtout_175pphi.csv
Python,NMG,512,neumann,50p,150,520,75.22526788377945,/project/g_bme-janeslab/SarahG/spinodal_decomp_06_2025/out_python/NMG_Python_20_dt_5.50e-06_Nx_512_neumann_dtout_150pphi.csv
Python,NMG,64,periodic,50p,125,520,36.46793103359039,/project/g_bme-janeslab/SarahG/spinodal_decomp_06_2025/out_python/NMG_Python_20_dt_5.50e-06_Nx_64_periodic_dtout_125pphi.csv
Python,NMG,256,periodic,50p,175,520,125.59959370578157,/project/g_bme-janeslab/SarahG/spinodal_decomp_06_2025/out_python/NMG_Python_20_dt_5.50e-06_Nx_256_periodic_dtout_175pphi.csv
Python,NMG,64,periodic,50p,150,520,22.429557968546458,/project/g_bme-janeslab/SarahG/spinodal_decomp_06_2025/out_python/NMG_Python_20_dt_5.50e-06_Nx_64_periodic_dtout_150pphi.csv
Python,NMG,128,periodic,50p,125,520,66.46084481624652,/project/g_bme-janeslab/SarahG/spinodal_decomp_06_2025/out_python/NMG_Python_20_dt_5.50e-06_Nx_128_periodic_dtout_125pphi.csv
MATLAB,SAV,64,periodic,450p,None (10),560,26.445925949739284,/project/g_bme-janeslab/SarahG/spinodal_decomp_06_2025/out_MATLAB/SAV_MATLAB_2000_dt_5.50e-06_Nx_64_periodic_n_relax_450p_phi.csv
MATLAB,NMG,512,periodic,475p,None (10),560,428.4199451951117,/project/g_bme-janeslab/SarahG/spinodal_decomp_06_2025/out_MATLAB/NMG_MATLAB_2000_dt_5.50e-06_Nx_512_periodic_n_relax_475p_phi.csv
MATLAB,NMG,512,neumann,450p,None (10),560,419.15117046036005,/project/g_bme-janeslab/SarahG/spinodal_decomp_06_2025/out_MATLAB/NMG_MATLAB_2000_dt_5.50e-06_Nx_512_neumann_n_relax_450p_phi.csv
MATLAB,SAV,256,neumann,450p,None (10),560,185.39069492398963,/project/g_bme-janeslab/SarahG/spinodal_decomp_06_2025/out_MATLAB/SAV_MATLAB_2000_dt_5.50e-06_Nx_256_neumann_n_relax_450p_phi.csv
MATLAB,SAV,64,neumann,475p,None (10),560,33.34281550803797,/project/g_bme-janeslab/SarahG/spinodal_decomp_06_2025/out_MATLAB/SAV_MATLAB_2000_dt_5.50e-06_Nx_64_neumann_n_relax_475p_phi.csv
MATLAB,NMG,256,periodic,475p,None (10),560,181.70233624074604,/project/g_bme-janeslab/SarahG/spinodal_decomp_06_2025/out_MATLAB/NMG_MATLAB_2000_dt_5.50e-06_Nx_256_periodic_n_relax_475p_phi.csv
MATLAB,NMG,128,neumann,425p,None (10),560,80.64464230718184,/project/g_bme-janeslab/SarahG/spinodal_decomp_06_2025/out_MATLAB/NMG_MATLAB_2000_dt_5.50e-06_Nx_128_neumann_n_relax_425p_phi.csv
MATLAB,SAV,256,periodic,425p,None (10),560,0.0,/project/g_bme-janeslab/SarahG/spinodal_decomp_06_2025/out_MATLAB/SAV_MATLAB_2000_dt_5.50e-06_Nx_256_periodic_n_relax_425p_phi.csv
MATLAB,NMG,128,periodic,475p,None (10),560,65.82894589958062,/project/g_bme-janeslab/SarahG/spinodal_decomp_06_2025/out_MATLAB/NMG_MATLAB_2000_dt_5.50e-06_Nx_128_periodic_n_relax_475p_phi.csv
MATLAB,SAV,128,periodic,450p,None (10),560,77.57502473651573,/project/g_bme-janeslab/SarahG/spinodal_decomp_06_2025/out_MATLAB/SAV_MATLAB_2000_dt_5.50e-06_Nx_128_periodic_n_relax_450p_phi.csv
MATLAB,NMG,128,neumann,450p,None (10),560,68.65956685368809,/project/g_bme-janeslab/SarahG/spinodal_decomp_06_2025/out_MATLAB/NMG_MATLAB_2000_dt_5.50e-06_Nx_128_neumann_n_relax_450p_phi.csv
MATLAB,SAV,256,neumann,425p,None (10),560,182.30534260754538,/project/g_bme-janeslab/SarahG/spinodal_decomp_06_2025/out_MATLAB/SAV_MATLAB_2000_dt_5.50e-06_Nx_256_neumann_n_relax_425p_phi.csv
MATLAB,SAV,512,periodic,450p,None (10),560,449.42059808735803,/project/g_bme-janeslab/SarahG/spinodal_decomp_06_2025/out_MATLAB/SAV_MATLAB_2000_dt_5.50e-06_Nx_512_periodic_n_relax_450p_phi.csv
MATLAB,SAV,128,periodic,425p,None (10),560,78.90251878944628,/project/g_bme-janeslab/SarahG/spinodal_decomp_06_2025/out_MATLAB/SAV_MATLAB_2000_dt_5.50e-06_Nx_128_periodic_n_relax_425p_phi.csv
MATLAB,NMG,512,neumann,425p,None (10),560,429.92571728413645,/project/g_bme-janeslab/SarahG/spinodal_decomp_06_2025/out_MATLAB/NMG_MATLAB_2000_dt_5.50e-06_Nx_512_neumann_n_relax_425p_phi.csv
MATLAB,NMG,64,neumann,450p,None (10),560,0.0,/project/g_bme-janeslab/SarahG/spinodal_decomp_06_2025/out_MATLAB/NMG_MATLAB_2000_dt_5.50e-06_Nx_64_neumann_n_relax_450p_phi.csv
MATLAB,NMG,64,periodic,450p,None (10),560,16.63232123302335,/project/g_bme-janeslab/SarahG/spinodal_decomp_06_2025/out_MATLAB/NMG_MATLAB_2000_dt_5.50e-06_Nx_64_periodic_n_relax_450p_phi.csv
MATLAB,NMG,256,neumann,425p,None (10),560,187.86218757770865,/project/g_bme-janeslab/SarahG/spinodal_decomp_06_2025/out_MATLAB/NMG_MATLAB_2000_dt_5.50e-06_Nx_256_neumann_n_relax_425p_phi.csv
MATLAB,SAV,64,neumann,425p,None (10),560,0.0,/project/g_bme-janeslab/SarahG/spinodal_decomp_06_2025/out_MATLAB/SAV_MATLAB_2000_dt_5.50e-06_Nx_64_neumann_n_relax_425p_phi.csv
MATLAB,SAV,128,neumann,425p,None (10),560,0.0,/project/g_bme-janeslab/SarahG/spinodal_decomp_06_2025/out_MATLAB/SAV_MATLAB_2000_dt_5.50e-06_Nx_128_neumann_n_relax_425p_phi.csv
MATLAB,NMG,128,periodic,425p,None (10),560,66.6161748712641,/project/g_bme-janeslab/SarahG/spinodal_decomp_06_2025/out_MATLAB/NMG_MATLAB_2000_dt_5.50e-06_Nx_128_periodic_n_relax_425p_phi.csv
MATLAB,SAV,512,periodic,475p,None (10),560,436.3292117596851,/project/g_bme-janeslab/SarahG/spinodal_decomp_06_2025/out_MATLAB/SAV_MATLAB_2000_dt_5.50e-06_Nx_512_periodic_n_relax_475p_phi.csv
MATLAB,SAV,512,neumann,475p,None (10),560,439.74312757326084,/project/g_bme-janeslab/SarahG/spinodal_decomp_06_2025/out_MATLAB/SAV_MATLAB_2000_dt_5.50e-06_Nx_512_neumann_n_relax_475p_phi.csv
MATLAB,NMG,256,neumann,475p,None (10),560,181.30598453343273,/project/g_bme-janeslab/SarahG/spinodal_decomp_06_2025/out_MATLAB/NMG_MATLAB_2000_dt_5.50e-06_Nx_256_neumann_n_relax_475p_phi.csv
MATLAB,NMG,256,neumann,450p,None (10),560,185.46995355830924,/project/g_bme-janeslab/SarahG/spinodal_decomp_06_2025/out_MATLAB/NMG_MATLAB_2000_dt_5.50e-06_Nx_256_neumann_n_relax_450p_phi.csv
MATLAB,SAV,512,periodic,425p,None (10),560,436.22237963252405,/project/g_bme-janeslab/SarahG/spinodal_decomp_06_2025/out_MATLAB/SAV_MATLAB_2000_dt_5.50e-06_Nx_512_periodic_n_relax_425p_phi.csv
MATLAB,NMG,64,neumann,475p,None (10),560,33.3573342384319,/project/g_bme-janeslab/SarahG/spinodal_decomp_06_2025/out_MATLAB/NMG_MATLAB_2000_dt_5.50e-06_Nx_64_neumann_n_relax_475p_phi.csv
MATLAB,SAV,128,periodic,475p,None (10),560,65.95694132321411,/project/g_bme-janeslab/SarahG/spinodal_decomp_06_2025/out_MATLAB/SAV_MATLAB_2000_dt_5.50e-06_Nx_128_periodic_n_relax_475p_phi.csv
MATLAB,SAV,256,neumann,475p,None (10),560,182.0166504673768,/project/g_bme-janeslab/SarahG/spinodal_decomp_06_2025/out_MATLAB/SAV_MATLAB_2000_dt_5.50e-06_Nx_256_neumann_n_relax_475p_phi.csv
MATLAB,NMG,512,periodic,450p,None (10),560,419.86645305795344,/project/g_bme-janeslab/SarahG/spinodal_decomp_06_2025/out_MATLAB/NMG_MATLAB_2000_dt_5.50e-06_Nx_512_periodic_n_relax_450p_phi.csv
MATLAB,SAV,64,periodic,425p,None (10),560,0.0,/project/g_bme-janeslab/SarahG/spinodal_decomp_06_2025/out_MATLAB/SAV_MATLAB_2000_dt_5.50e-06_Nx_64_periodic_n_relax_425p_phi.csv
MATLAB,SAV,512,neumann,425p,None (10),560,434.66732116209056,/project/g_bme-janeslab/SarahG/spinodal_decomp_06_2025/out_MATLAB/SAV_MATLAB_2000_dt_5.50e-06_Nx_512_neumann_n_relax_425p_phi.csv
MATLAB,SAV,128,neumann,475p,None (10),560,69.31438236906601,/project/g_bme-janeslab/SarahG/spinodal_decomp_06_2025/out_MATLAB/SAV_MATLAB_2000_dt_5.50e-06_Nx_128_neumann_n_relax_475p_phi.csv
MATLAB,SAV,512,neumann,450p,None (10),560,419.43608138985394,/project/g_bme-janeslab/SarahG/spinodal_decomp_06_2025/out_MATLAB/SAV_MATLAB_2000_dt_5.50e-06_Nx_512_neumann_n_relax_450p_phi.csv
MATLAB,SAV,256,periodic,475p,None (10),560,182.52271965375076,/project/g_bme-janeslab/SarahG/spinodal_decomp_06_2025/out_MATLAB/SAV_MATLAB_2000_dt_5.50e-06_Nx_256_periodic_n_relax_475p_phi.csv
MATLAB,NMG,256,periodic,450p,None (10),560,186.46439499279484,/project/g_bme-janeslab/SarahG/spinodal_decomp_06_2025/out_MATLAB/NMG_MATLAB_2000_dt_5.50e-06_Nx_256_periodic_n_relax_450p_phi.csv
MATLAB,SAV,128,neumann,450p,None (10),560,75.35963423789408,/project/g_bme-janeslab/SarahG/spinodal_decomp_06_2025/out_MATLAB/SAV_MATLAB_2000_dt_5.50e-06_Nx_128_neumann_n_relax_450p_phi.csv
MATLAB,NMG,64,periodic,475p,None (10),560,32.9309758056075,/project/g_bme-janeslab/SarahG/spinodal_decomp_06_2025/out_MATLAB/NMG_MATLAB_2000_dt_5.50e-06_Nx_64_periodic_n_relax_475p_phi.csv
MATLAB,NMG,512,periodic,425p,None (10),560,429.6185995721427,/project/g_bme-janeslab/SarahG/spinodal_decomp_06_2025/out_MATLAB/NMG_MATLAB_2000_dt_5.50e-06_Nx_512_periodic_n_relax_425p_phi.csv
MATLAB,NMG,128,periodic,450p,None (10),560,78.71750556321537,/project/g_bme-janeslab/SarahG/spinodal_decomp_06_2025/out_MATLAB/NMG_MATLAB_2000_dt_5.50e-06_Nx_128_periodic_n_relax_450p_phi.csv
MATLAB,NMG,128,neumann,475p,None (10),560,67.48748304585018,/project/g_bme-janeslab/SarahG/spinodal_decomp_06_2025/out_MATLAB/NMG_MATLAB_2000_dt_5.50e-06_Nx_128_neumann_n_relax_475p_phi.csv
MATLAB,NMG,256,periodic,425p,None (10),560,182.5305323247905,/project/g_bme-janeslab/SarahG/spinodal_decomp_06_2025/out_MATLAB/NMG_MATLAB_2000_dt_5.50e-06_Nx_256_periodic_n_relax_425p_phi.csv
MATLAB,SAV,64,periodic,475p,None (10),560,32.917546998488206,/project/g_bme-janeslab/SarahG/spinodal_decomp_06_2025/out_MATLAB/SAV_MATLAB_2000_dt_5.50e-06_Nx_64_periodic_n_relax_475p_phi.csv
MATLAB,NMG,512,neumann,475p,None (10),560,430.4667047628829,/project/g_bme-janeslab/SarahG/spinodal_decomp_06_2025/out_MATLAB/NMG_MATLAB_2000_dt_5.50e-06_Nx_512_neumann_n_relax_475p_phi.csv
MATLAB,NMG,64,periodic,425p,None (10),560,32.67467748490498,/project/g_bme-janeslab/SarahG/spinodal_decomp_06_2025/out_MATLAB/NMG_MATLAB_2000_dt_5.50e-06_Nx_64_periodic_n_relax_425p_phi.csv
MATLAB,SAV,64,neumann,450p,None (10),560,0.0,/project/g_bme-janeslab/SarahG/spinodal_decomp_06_2025/out_MATLAB/SAV_MATLAB_2000_dt_5.50e-06_Nx_64_neumann_n_relax_450p_phi.csv
MATLAB,NMG,64,neumann,425p,None (10),560,0.0,/project/g_bme-janeslab/SarahG/spinodal_decomp_06_2025/out_MATLAB/NMG_MATLAB_2000_dt_5.50e-06_Nx_64_neumann_n_relax_425p_phi.csv
MATLAB,SAV,256,periodic,450p,None (10),560,204.19522578700304,/project/g_bme-janeslab/SarahG/spinodal_decomp_06_2025/out_MATLAB/SAV_MATLAB_2000_dt_5.50e-06_Nx_256_periodic_n_relax_450p_phi.csv
Python,NMG,128,neumann,50p,125,560,66.43108080706796,/project/g_bme-janeslab/SarahG/spinodal_decomp_06_2025/out_python/NMG_Python_20_dt_5.50e-06_Nx_128_neumann_dtout_125pphi.csv
Python,NMG,64,periodic,50p,175,560,37.45624173901828,/project/g_bme-janeslab/SarahG/spinodal_decomp_06_2025/out_python/NMG_Python_20_dt_5.50e-06_Nx_64_periodic_dtout_175pphi.csv
Python,NMG,256,periodic,50p,150,560,29.337328369374944,/project/g_bme-janeslab/SarahG/spinodal_decomp_06_2025/out_python/NMG_Python_20_dt_5.50e-06_Nx_256_periodic_dtout_150pphi.csv
Python,NMG,128,neumann,50p,175,560,68.43380727603433,/project/g_bme-janeslab/SarahG/spinodal_decomp_06_2025/out_python/NMG_Python_20_dt_5.50e-06_Nx_128_neumann_dtout_175pphi.csv
Python,NMG,64,neumann,50p,150,560,22.4648567272541,/project/g_bme-janeslab/SarahG/spinodal_decomp_06_2025/out_python/NMG_Python_20_dt_5.50e-06_Nx_64_neumann_dtout_150pphi.csv
Python,NMG,256,neumann,50p,150,560,29.381957312187108,/project/g_bme-janeslab/SarahG/spinodal_decomp_06_2025/out_python/NMG_Python_20_dt_5.50e-06_Nx_256_neumann_dtout_150pphi.csv
Python,NMG,512,neumann,50p,125,560,256.5184767307591,/project/g_bme-janeslab/SarahG/spinodal_decomp_06_2025/out_python/NMG_Python_20_dt_5.50e-06_Nx_512_neumann_dtout_125pphi.csv
Python,NMG,256,neumann,50p,175,560,125.62362063313518,/project/g_bme-janeslab/SarahG/spinodal_decomp_06_2025/out_python/NMG_Python_20_dt_5.50e-06_Nx_256_neumann_dtout_175pphi.csv
Python,NMG,128,periodic,50p,150,560,29.581614127012198,/project/g_bme-janeslab/SarahG/spinodal_decomp_06_2025/out_python/NMG_Python_20_dt_5.50e-06_Nx_128_periodic_dtout_150pphi.csv
Python,NMG,256,neumann,50p,125,560,121.06444198059143,/project/g_bme-janeslab/SarahG/spinodal_decomp_06_2025/out_python/NMG_Python_20_dt_5.50e-06_Nx_256_neumann_dtout_125pphi.csv
Python,NMG,64,neumann,50p,175,560,37.69992625785859,/project/g_bme-janeslab/SarahG/spinodal_decomp_06_2025/out_python/NMG_Python_20_dt_5.50e-06_Nx_64_neumann_dtout_175pphi.csv
Python,NMG,256,periodic,50p,125,560,121.0511016707862,/project/g_bme-janeslab/SarahG/spinodal_decomp_06_2025/out_python/NMG_Python_20_dt_5.50e-06_Nx_256_periodic_dtout_125pphi.csv
Python,NMG,512,periodic,50p,150,560,75.5021373527603,/project/g_bme-janeslab/SarahG/spinodal_decomp_06_2025/out_python/NMG_Python_20_dt_5.50e-06_Nx_512_periodic_dtout_150pphi.csv
Python,NMG,64,neumann,50p,125,560,36.50596969619951,/project/g_bme-janeslab/SarahG/spinodal_decomp_06_2025/out_python/NMG_Python_20_dt_5.50e-06_Nx_64_neumann_dtout_125pphi.csv
Python,NMG,512,periodic,50p,125,560,256.4574800138943,/project/g_bme-janeslab/SarahG/spinodal_decomp_06_2025/out_python/NMG_Python_20_dt_5.50e-06_Nx_512_periodic_dtout_125pphi.csv
Python,NMG,128,periodic,50p,175,560,68.26413659188596,/project/g_bme-janeslab/SarahG/spinodal_decomp_06_2025/out_python/NMG_Python_20_dt_5.50e-06_Nx_128_periodic_dtout_175pphi.csv
Python,NMG,512,periodic,50p,175,560,252.94597603734476,/project/g_bme-janeslab/SarahG/spinodal_decomp_06_2025/out_python/NMG_Python_20_dt_5.50e-06_Nx_512_periodic_dtout_175pphi.csv
Python,NMG,128,neumann,50p,150,560,30.09748536234507,/project/g_bme-janeslab/SarahG/spinodal_decomp_06_2025/out_python/NMG_Python_20_dt_5.50e-06_Nx_128_neumann_dtout_150pphi.csv
Python,NMG,512,neumann,50p,175,560,252.9644782101236,/project/g_bme-janeslab/SarahG/spinodal_decomp_06_2025/out_python/NMG_Python_20_dt_5.50e-06_Nx_512_neumann_dtout_175pphi.csv
Python,NMG,512,neumann,50p,150,560,75.9106195108563,/project/g_bme-janeslab/SarahG/spinodal_decomp_06_2025/out_python/NMG_Python_20_dt_5.50e-06_Nx_512_neumann_dtout_150pphi.csv
Python,NMG,64,periodic,50p,125,560,36.28624538461636,/project/g_bme-janeslab/SarahG/spinodal_decomp_06_2025/out_python/NMG_Python_20_dt_5.50e-06_Nx_64_periodic_dtout_125pphi.csv
Python,NMG,256,periodic,50p,175,560,125.5418394514213,/project/g_bme-janeslab/SarahG/spinodal_decomp_06_2025/out_python/NMG_Python_20_dt_5.50e-06_Nx_256_periodic_dtout_175pphi.csv
Python,NMG,64,periodic,50p,150,560,22.04394185077354,/project/g_bme-janeslab/SarahG/spinodal_decomp_06_2025/out_python/NMG_Python_20_dt_5.50e-06_Nx_64_periodic_dtout_150pphi.csv
Python,NMG,128,periodic,50p,125,560,66.38200010505169,/project/g_bme-janeslab/SarahG/spinodal_decomp_06_2025/out_python/NMG_Python_20_dt_5.50e-06_Nx_128_periodic_dtout_125pphi.csv
MATLAB,SAV,64,periodic,450p,None (10),600,26.98171467525674,/project/g_bme-janeslab/SarahG/spinodal_decomp_06_2025/out_MATLAB/SAV_MATLAB_2000_dt_5.50e-06_Nx_64_periodic_n_relax_450p_phi.csv
MATLAB,NMG,512,periodic,475p,None (10),600,429.52201090031156,/project/g_bme-janeslab/SarahG/spinodal_decomp_06_2025/out_MATLAB/NMG_MATLAB_2000_dt_5.50e-06_Nx_512_periodic_n_relax_475p_phi.csv
MATLAB,NMG,512,neumann,450p,None (10),600,421.25433398649534,/project/g_bme-janeslab/SarahG/spinodal_decomp_06_2025/out_MATLAB/NMG_MATLAB_2000_dt_5.50e-06_Nx_512_neumann_n_relax_450p_phi.csv
MATLAB,SAV,256,neumann,450p,None (10),600,187.0084581437448,/project/g_bme-janeslab/SarahG/spinodal_decomp_06_2025/out_MATLAB/SAV_MATLAB_2000_dt_5.50e-06_Nx_256_neumann_n_relax_450p_phi.csv
MATLAB,SAV,64,neumann,475p,None (10),600,33.36329581518091,/project/g_bme-janeslab/SarahG/spinodal_decomp_06_2025/out_MATLAB/SAV_MATLAB_2000_dt_5.50e-06_Nx_64_neumann_n_relax_475p_phi.csv
MATLAB,NMG,256,periodic,475p,None (10),600,185.93926939728846,/project/g_bme-janeslab/SarahG/spinodal_decomp_06_2025/out_MATLAB/NMG_MATLAB_2000_dt_5.50e-06_Nx_256_periodic_n_relax_475p_phi.csv
MATLAB,NMG,128,neumann,425p,None (10),600,81.42789407762027,/project/g_bme-janeslab/SarahG/spinodal_decomp_06_2025/out_MATLAB/NMG_MATLAB_2000_dt_5.50e-06_Nx_128_neumann_n_relax_425p_phi.csv
MATLAB,SAV,256,periodic,425p,None (10),600,0.0,/project/g_bme-janeslab/SarahG/spinodal_decomp_06_2025/out_MATLAB/SAV_MATLAB_2000_dt_5.50e-06_Nx_256_periodic_n_relax_425p_phi.csv
MATLAB,NMG,128,periodic,475p,None (10),600,66.042374766053,/project/g_bme-janeslab/SarahG/spinodal_decomp_06_2025/out_MATLAB/NMG_MATLAB_2000_dt_5.50e-06_Nx_128_periodic_n_relax_475p_phi.csv
MATLAB,SAV,128,periodic,450p,None (10),600,78.70069325401727,/project/g_bme-janeslab/SarahG/spinodal_decomp_06_2025/out_MATLAB/SAV_MATLAB_2000_dt_5.50e-06_Nx_128_periodic_n_relax_450p_phi.csv
MATLAB,NMG,128,neumann,450p,None (10),600,70.8941811937024,/project/g_bme-janeslab/SarahG/spinodal_decomp_06_2025/out_MATLAB/NMG_MATLAB_2000_dt_5.50e-06_Nx_128_neumann_n_relax_450p_phi.csv
MATLAB,SAV,256,neumann,425p,None (10),600,186.00268317977716,/project/g_bme-janeslab/SarahG/spinodal_decomp_06_2025/out_MATLAB/SAV_MATLAB_2000_dt_5.50e-06_Nx_256_neumann_n_relax_425p_phi.csv
MATLAB,SAV,512,periodic,450p,None (10),600,449.8509358855327,/project/g_bme-janeslab/SarahG/spinodal_decomp_06_2025/out_MATLAB/SAV_MATLAB_2000_dt_5.50e-06_Nx_512_periodic_n_relax_450p_phi.csv
MATLAB,SAV,128,periodic,425p,None (10),600,79.55113014182014,/project/g_bme-janeslab/SarahG/spinodal_decomp_06_2025/out_MATLAB/SAV_MATLAB_2000_dt_5.50e-06_Nx_128_periodic_n_relax_425p_phi.csv
MATLAB,NMG,512,neumann,425p,None (10),600,430.86684004629365,/project/g_bme-janeslab/SarahG/spinodal_decomp_06_2025/out_MATLAB/NMG_MATLAB_2000_dt_5.50e-06_Nx_512_neumann_n_relax_425p_phi.csv
MATLAB,NMG,64,neumann,450p,None (10),600,0.0,/project/g_bme-janeslab/SarahG/spinodal_decomp_06_2025/out_MATLAB/NMG_MATLAB_2000_dt_5.50e-06_Nx_64_neumann_n_relax_450p_phi.csv
MATLAB,NMG,64,periodic,450p,None (10),600,17.139575647785918,/project/g_bme-janeslab/SarahG/spinodal_decomp_06_2025/out_MATLAB/NMG_MATLAB_2000_dt_5.50e-06_Nx_64_periodic_n_relax_450p_phi.csv
MATLAB,NMG,256,neumann,425p,None (10),600,190.63761908501644,/project/g_bme-janeslab/SarahG/spinodal_decomp_06_2025/out_MATLAB/NMG_MATLAB_2000_dt_5.50e-06_Nx_256_neumann_n_relax_425p_phi.csv
MATLAB,SAV,64,neumann,425p,None (10),600,0.0,/project/g_bme-janeslab/SarahG/spinodal_decomp_06_2025/out_MATLAB/SAV_MATLAB_2000_dt_5.50e-06_Nx_64_neumann_n_relax_425p_phi.csv
MATLAB,SAV,128,neumann,425p,None (10),600,0.0,/project/g_bme-janeslab/SarahG/spinodal_decomp_06_2025/out_MATLAB/SAV_MATLAB_2000_dt_5.50e-06_Nx_128_neumann_n_relax_425p_phi.csv
MATLAB,NMG,128,periodic,425p,None (10),600,66.99102624113961,/project/g_bme-janeslab/SarahG/spinodal_decomp_06_2025/out_MATLAB/NMG_MATLAB_2000_dt_5.50e-06_Nx_128_periodic_n_relax_425p_phi.csv
MATLAB,SAV,512,periodic,475p,None (10),600,437.3344997181817,/project/g_bme-janeslab/SarahG/spinodal_decomp_06_2025/out_MATLAB/SAV_MATLAB_2000_dt_5.50e-06_Nx_512_periodic_n_relax_475p_phi.csv
MATLAB,SAV,512,neumann,475p,None (10),600,440.3771237121234,/project/g_bme-janeslab/SarahG/spinodal_decomp_06_2025/out_MATLAB/SAV_MATLAB_2000_dt_5.50e-06_Nx_512_neumann_n_relax_475p_phi.csv
MATLAB,NMG,256,neumann,475p,None (10),600,185.42269239051097,/project/g_bme-janeslab/SarahG/spinodal_decomp_06_2025/out_MATLAB/NMG_MATLAB_2000_dt_5.50e-06_Nx_256_neumann_n_relax_475p_phi.csv
MATLAB,NMG,256,neumann,450p,None (10),600,187.10104590170616,/project/g_bme-janeslab/SarahG/spinodal_decomp_06_2025/out_MATLAB/NMG_MATLAB_2000_dt_5.50e-06_Nx_256_neumann_n_relax_450p_phi.csv
MATLAB,SAV,512,periodic,425p,None (10),600,437.0477437550071,/project/g_bme-janeslab/SarahG/spinodal_decomp_06_2025/out_MATLAB/SAV_MATLAB_2000_dt_5.50e-06_Nx_512_periodic_n_relax_425p_phi.csv
MATLAB,NMG,64,neumann,475p,None (10),600,33.37827388222644,/project/g_bme-janeslab/SarahG/spinodal_decomp_06_2025/out_MATLAB/NMG_MATLAB_2000_dt_5.50e-06_Nx_64_neumann_n_relax_475p_phi.csv
MATLAB,SAV,128,periodic,475p,None (10),600,66.19313792921855,/project/g_bme-janeslab/SarahG/spinodal_decomp_06_2025/out_MATLAB/SAV_MATLAB_2000_dt_5.50e-06_Nx_128_periodic_n_relax_475p_phi.csv
MATLAB,SAV,256,neumann,475p,None (10),600,186.00361790172556,/project/g_bme-janeslab/SarahG/spinodal_decomp_06_2025/out_MATLAB/SAV_MATLAB_2000_dt_5.50e-06_Nx_256_neumann_n_relax_475p_phi.csv
MATLAB,NMG,512,periodic,450p,None (10),600,421.9459668995372,/project/g_bme-janeslab/SarahG/spinodal_decomp_06_2025/out_MATLAB/NMG_MATLAB_2000_dt_5.50e-06_Nx_512_periodic_n_relax_450p_phi.csv
MATLAB,SAV,64,periodic,425p,None (10),600,0.0,/project/g_bme-janeslab/SarahG/spinodal_decomp_06_2025/out_MATLAB/SAV_MATLAB_2000_dt_5.50e-06_Nx_64_periodic_n_relax_425p_phi.csv
MATLAB,SAV,512,neumann,425p,None (10),600,435.2454580202928,/project/g_bme-janeslab/SarahG/spinodal_decomp_06_2025/out_MATLAB/SAV_MATLAB_2000_dt_5.50e-06_Nx_512_neumann_n_relax_425p_phi.csv
MATLAB,SAV,128,neumann,475p,None (10),600,69.78481374476104,/project/g_bme-janeslab/SarahG/spinodal_decomp_06_2025/out_MATLAB/SAV_MATLAB_2000_dt_5.50e-06_Nx_128_neumann_n_relax_475p_phi.csv
MATLAB,SAV,512,neumann,450p,None (10),600,421.49102711667314,/project/g_bme-janeslab/SarahG/spinodal_decomp_06_2025/out_MATLAB/SAV_MATLAB_2000_dt_5.50e-06_Nx_512_neumann_n_relax_450p_phi.csv
MATLAB,SAV,256,periodic,475p,None (10),600,186.6216475631878,/project/g_bme-janeslab/SarahG/spinodal_decomp_06_2025/out_MATLAB/SAV_MATLAB_2000_dt_5.50e-06_Nx_256_periodic_n_relax_475p_phi.csv
MATLAB,NMG,256,periodic,450p,None (10),600,188.07357859412184,/project/g_bme-janeslab/SarahG/spinodal_decomp_06_2025/out_MATLAB/NMG_MATLAB_2000_dt_5.50e-06_Nx_256_periodic_n_relax_450p_phi.csv
MATLAB,SAV,128,neumann,450p,None (10),600,76.71703756230217,/project/g_bme-janeslab/SarahG/spinodal_decomp_06_2025/out_MATLAB/SAV_MATLAB_2000_dt_5.50e-06_Nx_128_neumann_n_relax_450p_phi.csv
MATLAB,NMG,64,periodic,475p,None (10),600,32.93209081876659,/project/g_bme-janeslab/SarahG/spinodal_decomp_06_2025/out_MATLAB/NMG_MATLAB_2000_dt_5.50e-06_Nx_64_periodic_n_relax_475p_phi.csv
MATLAB,NMG,512,periodic,425p,None (10),600,430.4292878959949,/project/g_bme-janeslab/SarahG/spinodal_decomp_06_2025/out_MATLAB/NMG_MATLAB_2000_dt_5.50e-06_Nx_512_periodic_n_relax_425p_phi.csv
MATLAB,NMG,128,periodic,450p,None (10),600,79.73174321253926,/project/g_bme-janeslab/SarahG/spinodal_decomp_06_2025/out_MATLAB/NMG_MATLAB_2000_dt_5.50e-06_Nx_128_periodic_n_relax_450p_phi.csv
MATLAB,NMG,128,neumann,475p,None (10),600,67.86523225625062,/project/g_bme-janeslab/SarahG/spinodal_decomp_06_2025/out_MATLAB/NMG_MATLAB_2000_dt_5.50e-06_Nx_128_neumann_n_relax_475p_phi.csv
MATLAB,NMG,256,periodic,425p,None (10),600,186.4340544782181,/project/g_bme-janeslab/SarahG/spinodal_decomp_06_2025/out_MATLAB/NMG_MATLAB_2000_dt_5.50e-06_Nx_256_periodic_n_relax_425p_phi.csv
MATLAB,SAV,64,periodic,475p,None (10),600,32.91867622483286,/project/g_bme-janeslab/SarahG/spinodal_decomp_06_2025/out_MATLAB/SAV_MATLAB_2000_dt_5.50e-06_Nx_64_periodic_n_relax_475p_phi.csv
MATLAB,NMG,512,neumann,475p,None (10),600,431.31434697938664,/project/g_bme-janeslab/SarahG/spinodal_decomp_06_2025/out_MATLAB/NMG_MATLAB_2000_dt_5.50e-06_Nx_512_neumann_n_relax_475p_phi.csv
MATLAB,NMG,64,periodic,425p,None (10),600,32.66801193393374,/project/g_bme-janeslab/SarahG/spinodal_decomp_06_2025/out_MATLAB/NMG_MATLAB_2000_dt_5.50e-06_Nx_64_periodic_n_relax_425p_phi.csv
MATLAB,SAV,64,neumann,450p,None (10),600,0.0,/project/g_bme-janeslab/SarahG/spinodal_decomp_06_2025/out_MATLAB/SAV_MATLAB_2000_dt_5.50e-06_Nx_64_neumann_n_relax_450p_phi.csv
MATLAB,NMG,64,neumann,425p,None (10),600,0.0,/project/g_bme-janeslab/SarahG/spinodal_decomp_06_2025/out_MATLAB/NMG_MATLAB_2000_dt_5.50e-06_Nx_64_neumann_n_relax_425p_phi.csv
MATLAB,SAV,256,periodic,450p,None (10),600,204.57910177391702,/project/g_bme-janeslab/SarahG/spinodal_decomp_06_2025/out_MATLAB/SAV_MATLAB_2000_dt_5.50e-06_Nx_256_periodic_n_relax_450p_phi.csv
Python,NMG,128,neumann,50p,125,600,66.35961176718624,/project/g_bme-janeslab/SarahG/spinodal_decomp_06_2025/out_python/NMG_Python_20_dt_5.50e-06_Nx_128_neumann_dtout_125pphi.csv
Python,NMG,64,periodic,50p,175,600,37.28547113238193,/project/g_bme-janeslab/SarahG/spinodal_decomp_06_2025/out_python/NMG_Python_20_dt_5.50e-06_Nx_64_periodic_dtout_175pphi.csv
Python,NMG,256,periodic,50p,150,600,29.379773763715278,/project/g_bme-janeslab/SarahG/spinodal_decomp_06_2025/out_python/NMG_Python_20_dt_5.50e-06_Nx_256_periodic_dtout_150pphi.csv
Python,NMG,128,neumann,50p,175,600,68.32663324261704,/project/g_bme-janeslab/SarahG/spinodal_decomp_06_2025/out_python/NMG_Python_20_dt_5.50e-06_Nx_128_neumann_dtout_175pphi.csv
Python,NMG,64,neumann,50p,150,600,22.025140941246775,/project/g_bme-janeslab/SarahG/spinodal_decomp_06_2025/out_python/NMG_Python_20_dt_5.50e-06_Nx_64_neumann_dtout_150pphi.csv
Python,NMG,256,neumann,50p,150,600,29.424196805236434,/project/g_bme-janeslab/SarahG/spinodal_decomp_06_2025/out_python/NMG_Python_20_dt_5.50e-06_Nx_256_neumann_dtout_150pphi.csv
Python,NMG,512,neumann,50p,125,600,256.452224722883,/project/g_bme-janeslab/SarahG/spinodal_decomp_06_2025/out_python/NMG_Python_20_dt_5.50e-06_Nx_512_neumann_dtout_125pphi.csv
Python,NMG,256,neumann,50p,175,600,125.57724169553121,/project/g_bme-janeslab/SarahG/spinodal_decomp_06_2025/out_python/NMG_Python_20_dt_5.50e-06_Nx_256_neumann_dtout_175pphi.csv
Python,NMG,128,periodic,50p,150,600,29.166143967997716,/project/g_bme-janeslab/SarahG/spinodal_decomp_06_2025/out_python/NMG_Python_20_dt_5.50e-06_Nx_128_periodic_dtout_150pphi.csv
Python,NMG,256,neumann,50p,125,600,121.05013107649224,/project/g_bme-janeslab/SarahG/spinodal_decomp_06_2025/out_python/NMG_Python_20_dt_5.50e-06_Nx_256_neumann_dtout_125pphi.csv
Python,NMG,64,neumann,50p,175,600,37.52822895845222,/project/g_bme-janeslab/SarahG/spinodal_decomp_06_2025/out_python/NMG_Python_20_dt_5.50e-06_Nx_64_neumann_dtout_175pphi.csv
Python,NMG,256,periodic,50p,125,600,121.03677927106742,/project/g_bme-janeslab/SarahG/spinodal_decomp_06_2025/out_python/NMG_Python_20_dt_5.50e-06_Nx_256_periodic_dtout_125pphi.csv
Python,NMG,512,periodic,50p,150,600,76.14863852294202,/project/g_bme-janeslab/SarahG/spinodal_decomp_06_2025/out_python/NMG_Python_20_dt_5.50e-06_Nx_512_periodic_dtout_150pphi.csv
Python,NMG,64,neumann,50p,125,600,36.33646196183737,/project/g_bme-janeslab/SarahG/spinodal_decomp_06_2025/out_python/NMG_Python_20_dt_5.50e-06_Nx_64_neumann_dtout_125pphi.csv
Python,NMG,512,periodic,50p,125,600,256.3913644657828,/project/g_bme-janeslab/SarahG/spinodal_decomp_06_2025/out_python/NMG_Python_20_dt_5.50e-06_Nx_512_periodic_dtout_125pphi.csv
Python,NMG,128,periodic,50p,175,600,68.15758380001348,/project/g_bme-janeslab/SarahG/spinodal_decomp_06_2025/out_python/NMG_Python_20_dt_5.50e-06_Nx_128_periodic_dtout_175pphi.csv
Python,NMG,512,periodic,50p,175,600,252.91961889767526,/project/g_bme-janeslab/SarahG/spinodal_decomp_06_2025/out_python/NMG_Python_20_dt_5.50e-06_Nx_512_periodic_dtout_175pphi.csv
Python,NMG,128,neumann,50p,150,600,29.691930657542834,/project/g_bme-janeslab/SarahG/spinodal_decomp_06_2025/out_python/NMG_Python_20_dt_5.50e-06_Nx_128_neumann_dtout_150pphi.csv
Python,NMG,512,neumann,50p,175,600,252.9380728996774,/project/g_bme-janeslab/SarahG/spinodal_decomp_06_2025/out_python/NMG_Python_20_dt_5.50e-06_Nx_512_neumann_dtout_175pphi.csv
Python,NMG,512,neumann,50p,150,600,76.56711318366646,/project/g_bme-janeslab/SarahG/spinodal_decomp_06_2025/out_python/NMG_Python_20_dt_5.50e-06_Nx_512_neumann_dtout_150pphi.csv
Python,NMG,64,periodic,50p,125,600,36.11649289352466,/project/g_bme-janeslab/SarahG/spinodal_decomp_06_2025/out_python/NMG_Python_20_dt_5.50e-06_Nx_64_periodic_dtout_125pphi.csv
Python,NMG,256,periodic,50p,175,600,125.49503496923812,/project/g_bme-janeslab/SarahG/spinodal_decomp_06_2025/out_python/NMG_Python_20_dt_5.50e-06_Nx_256_periodic_dtout_175pphi.csv
Python,NMG,64,periodic,50p,150,600,21.59480125869732,/project/g_bme-janeslab/SarahG/spinodal_decomp_06_2025/out_python/NMG_Python_20_dt_5.50e-06_Nx_64_periodic_dtout_150pphi.csv
Python,NMG,128,periodic,50p,125,600,66.3101207281118,/project/g_bme-janeslab/SarahG/spinodal_decomp_06_2025/out_python/NMG_Python_20_dt_5.50e-06_Nx_128_periodic_dtout_125pphi.csv
MATLAB,SAV,64,periodic,450p,None (10),640,27.50996316085172,/project/g_bme-janeslab/SarahG/spinodal_decomp_06_2025/out_MATLAB/SAV_MATLAB_2000_dt_5.50e-06_Nx_64_periodic_n_relax_450p_phi.csv
MATLAB,NMG,512,periodic,475p,None (10),640,430.74356776477816,/project/g_bme-janeslab/SarahG/spinodal_decomp_06_2025/out_MATLAB/NMG_MATLAB_2000_dt_5.50e-06_Nx_512_periodic_n_relax_475p_phi.csv
MATLAB,NMG,512,neumann,450p,None (10),640,423.2819807080491,/project/g_bme-janeslab/SarahG/spinodal_decomp_06_2025/out_MATLAB/NMG_MATLAB_2000_dt_5.50e-06_Nx_512_neumann_n_relax_450p_phi.csv
MATLAB,SAV,256,neumann,450p,None (10),640,188.41658199658073,/project/g_bme-janeslab/SarahG/spinodal_decomp_06_2025/out_MATLAB/SAV_MATLAB_2000_dt_5.50e-06_Nx_256_neumann_n_relax_450p_phi.csv
MATLAB,SAV,64,neumann,475p,None (10),640,33.385912207960935,/project/g_bme-janeslab/SarahG/spinodal_decomp_06_2025/out_MATLAB/SAV_MATLAB_2000_dt_5.50e-06_Nx_64_neumann_n_relax_475p_phi.csv
MATLAB,NMG,256,periodic,475p,None (10),640,189.49476844438843,/project/g_bme-janeslab/SarahG/spinodal_decomp_06_2025/out_MATLAB/NMG_MATLAB_2000_dt_5.50e-06_Nx_256_periodic_n_relax_475p_phi.csv
MATLAB,NMG,128,neumann,425p,None (10),640,82.19666364772098,/project/g_bme-janeslab/SarahG/spinodal_decomp_06_2025/out_MATLAB/NMG_MATLAB_2000_dt_5.50e-06_Nx_128_neumann_n_relax_425p_phi.csv
MATLAB,SAV,256,periodic,425p,None (10),640,0.0,/project/g_bme-janeslab/SarahG/spinodal_decomp_06_2025/out_MATLAB/SAV_MATLAB_2000_dt_5.50e-06_Nx_256_periodic_n_relax_425p_phi.csv
MATLAB,NMG,128,periodic,475p,None (10),640,66.28901385220654,/project/g_bme-janeslab/SarahG/spinodal_decomp_06_2025/out_MATLAB/NMG_MATLAB_2000_dt_5.50e-06_Nx_128_periodic_n_relax_475p_phi.csv
MATLAB,SAV,128,periodic,450p,None (10),640,79.69581486106208,/project/g_bme-janeslab/SarahG/spinodal_decomp_06_2025/out_MATLAB/SAV_MATLAB_2000_dt_5.50e-06_Nx_128_periodic_n_relax_450p_phi.csv
MATLAB,NMG,128,neumann,450p,None (10),640,72.85087189270061,/project/g_bme-janeslab/SarahG/spinodal_decomp_06_2025/out_MATLAB/NMG_MATLAB_2000_dt_5.50e-06_Nx_128_neumann_n_relax_450p_phi.csv
MATLAB,SAV,256,neumann,425p,None (10),640,189.0741445769274,/project/g_bme-janeslab/SarahG/spinodal_decomp_06_2025/out_MATLAB/SAV_MATLAB_2000_dt_5.50e-06_Nx_256_neumann_n_relax_425p_phi.csv
MATLAB,SAV,512,periodic,450p,None (10),640,450.25768897782916,/project/g_bme-janeslab/SarahG/spinodal_decomp_06_2025/out_MATLAB/SAV_MATLAB_2000_dt_5.50e-06_Nx_512_periodic_n_relax_450p_phi.csv
MATLAB,SAV,128,periodic,425p,None (10),640,80.19805552305455,/project/g_bme-janeslab/SarahG/spinodal_decomp_06_2025/out_MATLAB/SAV_MATLAB_2000_dt_5.50e-06_Nx_128_periodic_n_relax_425p_phi.csv
MATLAB,NMG,512,neumann,425p,None (10),640,431.8501749140304,/project/g_bme-janeslab/SarahG/spinodal_decomp_06_2025/out_MATLAB/NMG_MATLAB_2000_dt_5.50e-06_Nx_512_neumann_n_relax_425p_phi.csv
MATLAB,NMG,64,neumann,450p,None (10),640,0.0,/project/g_bme-janeslab/SarahG/spinodal_decomp_06_2025/out_MATLAB/NMG_MATLAB_2000_dt_5.50e-06_Nx_64_neumann_n_relax_450p_phi.csv
MATLAB,NMG,64,periodic,450p,None (10),640,17.659787629022432,/project/g_bme-janeslab/SarahG/spinodal_decomp_06_2025/out_MATLAB/NMG_MATLAB_2000_dt_5.50e-06_Nx_64_periodic_n_relax_450p_phi.csv
MATLAB,NMG,256,neumann,425p,None (10),640,192.92113569561792,/project/g_bme-janeslab/SarahG/spinodal_decomp_06_2025/out_MATLAB/NMG_MATLAB_2000_dt_5.50e-06_Nx_256_neumann_n_relax_425p_phi.csv
MATLAB,SAV,64,neumann,425p,None (10),640,0.0,/project/g_bme-janeslab/SarahG/spinodal_decomp_06_2025/out_MATLAB/SAV_MATLAB_2000_dt_5.50e-06_Nx_64_neumann_n_relax_425p_phi.csv
MATLAB,SAV,128,neumann,425p,None (10),640,0.0,/project/g_bme-janeslab/SarahG/spinodal_decomp_06_2025/out_MATLAB/SAV_MATLAB_2000_dt_5.50e-06_Nx_128_neumann_n_relax_425p_phi.csv
MATLAB,NMG,128,periodic,425p,None (10),640,67.38911714073367,/project/g_bme-janeslab/SarahG/spinodal_decomp_06_2025/out_MATLAB/NMG_MATLAB_2000_dt_5.50e-06_Nx_128_periodic_n_relax_425p_phi.csv
MATLAB,SAV,512,periodic,475p,None (10),640,438.12289556736846,/project/g_bme-janeslab/SarahG/spinodal_decomp_06_2025/out_MATLAB/SAV_MATLAB_2000_dt_5.50e-06_Nx_512_periodic_n_relax_475p_phi.csv
MATLAB,SAV,512,neumann,475p,None (10),640,440.790848194212,/project/g_bme-janeslab/SarahG/spinodal_decomp_06_2025/out_MATLAB/SAV_MATLAB_2000_dt_5.50e-06_Nx_512_neumann_n_relax_475p_phi.csv
MATLAB,NMG,256,neumann,475p,None (10),640,188.86566423148173,/project/g_bme-janeslab/SarahG/spinodal_decomp_06_2025/out_MATLAB/NMG_MATLAB_2000_dt_5.50e-06_Nx_256_neumann_n_relax_475p_phi.csv
MATLAB,NMG,256,neumann,450p,None (10),640,188.51946647767966,/project/g_bme-janeslab/SarahG/spinodal_decomp_06_2025/out_MATLAB/NMG_MATLAB_2000_dt_5.50e-06_Nx_256_neumann_n_relax_450p_phi.csv
MATLAB,SAV,512,periodic,425p,None (10),640,437.9020438964375,/project/g_bme-janeslab/SarahG/spinodal_decomp_06_2025/out_MATLAB/SAV_MATLAB_2000_dt_5.50e-06_Nx_512_periodic_n_relax_425p_phi.csv
MATLAB,NMG,64,neumann,475p,None (10),640,33.401425659534254,/project/g_bme-janeslab/SarahG/spinodal_decomp_06_2025/out_MATLAB/NMG_MATLAB_2000_dt_5.50e-06_Nx_64_neumann_n_relax_475p_phi.csv
MATLAB,SAV,128,periodic,475p,None (10),640,66.46261044742099,/project/g_bme-janeslab/SarahG/spinodal_decomp_06_2025/out_MATLAB/SAV_MATLAB_2000_dt_5.50e-06_Nx_128_periodic_n_relax_475p_phi.csv
MATLAB,SAV,256,neumann,475p,None (10),640,189.31320703272718,/project/g_bme-janeslab/SarahG/spinodal_decomp_06_2025/out_MATLAB/SAV_MATLAB_2000_dt_5.50e-06_Nx_256_neumann_n_relax_475p_phi.csv
MATLAB,NMG,512,periodic,450p,None (10),640,423.8734993488745,/project/g_bme-janeslab/SarahG/spinodal_decomp_06_2025/out_MATLAB/NMG_MATLAB_2000_dt_5.50e-06_Nx_512_periodic_n_relax_450p_phi.csv
MATLAB,SAV,64,periodic,425p,None (10),640,0.0,/project/g_bme-janeslab/SarahG/spinodal_decomp_06_2025/out_MATLAB/SAV_MATLAB_2000_dt_5.50e-06_Nx_64_periodic_n_relax_425p_phi.csv
MATLAB,SAV,512,neumann,425p,None (10),640,435.64855008944176,/project/g_bme-janeslab/SarahG/spinodal_decomp_06_2025/out_MATLAB/SAV_MATLAB_2000_dt_5.50e-06_Nx_512_neumann_n_relax_425p_phi.csv
MATLAB,SAV,128,neumann,475p,None (10),640,70.27446069539243,/project/g_bme-janeslab/SarahG/spinodal_decomp_06_2025/out_MATLAB/SAV_MATLAB_2000_dt_5.50e-06_Nx_128_neumann_n_relax_475p_phi.csv
MATLAB,SAV,512,neumann,450p,None (10),640,423.37631900729485,/project/g_bme-janeslab/SarahG/spinodal_decomp_06_2025/out_MATLAB/SAV_MATLAB_2000_dt_5.50e-06_Nx_512_neumann_n_relax_450p_phi.csv
MATLAB,SAV,256,periodic,475p,None (10),640,190.02752811075507,/project/g_bme-janeslab/SarahG/spinodal_decomp_06_2025/out_MATLAB/SAV_MATLAB_2000_dt_5.50e-06_Nx_256_periodic_n_relax_475p_phi.csv
MATLAB,NMG,256,periodic,450p,None (10),640,189.4933754465564,/project/g_bme-janeslab/SarahG/spinodal_decomp_06_2025/out_MATLAB/NMG_MATLAB_2000_dt_5.50e-06_Nx_256_periodic_n_relax_450p_phi.csv
MATLAB,SAV,128,neumann,450p,None (10),640,77.89930652215921,/project/g_bme-janeslab/SarahG/spinodal_decomp_06_2025/out_MATLAB/SAV_MATLAB_2000_dt_5.50e-06_Nx_128_neumann_n_relax_450p_phi.csv
MATLAB,NMG,64,periodic,475p,None (10),640,32.9346359860896,/project/g_bme-janeslab/SarahG/spinodal_decomp_06_2025/out_MATLAB/NMG_MATLAB_2000_dt_5.50e-06_Nx_64_periodic_n_relax_475p_phi.csv
MATLAB,NMG,512,periodic,425p,None (10),640,431.24102633129826,/project/g_bme-janeslab/SarahG/spinodal_decomp_06_2025/out_MATLAB/NMG_MATLAB_2000_dt_5.50e-06_Nx_512_periodic_n_relax_425p_phi.csv
MATLAB,NMG,128,periodic,450p,None (10),640,80.63521813596465,/project/g_bme-janeslab/SarahG/spinodal_decomp_06_2025/out_MATLAB/NMG_MATLAB_2000_dt_5.50e-06_Nx_128_periodic_n_relax_450p_phi.csv
MATLAB,NMG,128,neumann,475p,None (10),640,68.26727488683993,/project/g_bme-janeslab/SarahG/spinodal_decomp_06_2025/out_MATLAB/NMG_MATLAB_2000_dt_5.50e-06_Nx_128_neumann_n_relax_475p_phi.csv
MATLAB,NMG,256,periodic,425p,None (10),640,189.59909380137532,/project/g_bme-janeslab/SarahG/spinodal_decomp_06_2025/out_MATLAB/NMG_MATLAB_2000_dt_5.50e-06_Nx_256_periodic_n_relax_425p_phi.csv
MATLAB,SAV,64,periodic,475p,None (10),640,32.921148756032316,/project/g_bme-janeslab/SarahG/spinodal_decomp_06_2025/out_MATLAB/SAV_MATLAB_2000_dt_5.50e-06_Nx_64_periodic_n_relax_475p_phi.csv
MATLAB,NMG,512,neumann,475p,None (10),640,432.05166313607367,/project/g_bme-janeslab/SarahG/spinodal_decomp_06_2025/out_MATLAB/NMG_MATLAB_2000_dt_5.50e-06_Nx_512_neumann_n_relax_475p_phi.csv
MATLAB,NMG,64,periodic,425p,None (10),640,32.66262032648873,/project/g_bme-janeslab/SarahG/spinodal_decomp_06_2025/out_MATLAB/NMG_MATLAB_2000_dt_5.50e-06_Nx_64_periodic_n_relax_425p_phi.csv
MATLAB,SAV,64,neumann,450p,None (10),640,0.0,/project/g_bme-janeslab/SarahG/spinodal_decomp_06_2025/out_MATLAB/SAV_MATLAB_2000_dt_5.50e-06_Nx_64_neumann_n_relax_450p_phi.csv
MATLAB,NMG,64,neumann,425p,None (10),640,0.0,/project/g_bme-janeslab/SarahG/spinodal_decomp_06_2025/out_MATLAB/NMG_MATLAB_2000_dt_5.50e-06_Nx_64_neumann_n_relax_425p_phi.csv
MATLAB,SAV,256,periodic,450p,None (10),640,204.95542017351062,/project/g_bme-janeslab/SarahG/spinodal_decomp_06_2025/out_MATLAB/SAV_MATLAB_2000_dt_5.50e-06_Nx_256_periodic_n_relax_450p_phi.csv
Python,NMG,128,neumann,50p,125,640,66.29312970080167,/project/g_bme-janeslab/SarahG/spinodal_decomp_06_2025/out_python/NMG_Python_20_dt_5.50e-06_Nx_128_neumann_dtout_125pphi.csv
Python,NMG,64,periodic,50p,175,640,37.123846725478856,/project/g_bme-janeslab/SarahG/spinodal_decomp_06_2025/out_python/NMG_Python_20_dt_5.50e-06_Nx_64_periodic_dtout_175pphi.csv
Python,NMG,256,periodic,50p,150,640,29.43735832229619,/project/g_bme-janeslab/SarahG/spinodal_decomp_06_2025/out_python/NMG_Python_20_dt_5.50e-06_Nx_256_periodic_dtout_150pphi.csv
Python,NMG,128,neumann,50p,175,640,68.22698458612895,/project/g_bme-janeslab/SarahG/spinodal_decomp_06_2025/out_python/NMG_Python_20_dt_5.50e-06_Nx_128_neumann_dtout_175pphi.csv
Python,NMG,64,neumann,50p,150,640,21.74576475834046,/project/g_bme-janeslab/SarahG/spinodal_decomp_06_2025/out_python/NMG_Python_20_dt_5.50e-06_Nx_64_neumann_dtout_150pphi.csv
Python,NMG,256,neumann,50p,150,640,29.480454633258766,/project/g_bme-janeslab/SarahG/spinodal_decomp_06_2025/out_python/NMG_Python_20_dt_5.50e-06_Nx_256_neumann_dtout_150pphi.csv
Python,NMG,512,neumann,50p,125,640,256.3954205776477,/project/g_bme-janeslab/SarahG/spinodal_decomp_06_2025/out_python/NMG_Python_20_dt_5.50e-06_Nx_512_neumann_dtout_125pphi.csv
Python,NMG,256,neumann,50p,175,640,125.5306411690364,/project/g_bme-janeslab/SarahG/spinodal_decomp_06_2025/out_python/NMG_Python_20_dt_5.50e-06_Nx_256_neumann_dtout_175pphi.csv
Python,NMG,128,periodic,50p,150,640,28.902191748338012,/project/g_bme-janeslab/SarahG/spinodal_decomp_06_2025/out_python/NMG_Python_20_dt_5.50e-06_Nx_128_periodic_dtout_150pphi.csv
Python,NMG,256,neumann,50p,125,640,121.0354288360297,/project/g_bme-janeslab/SarahG/spinodal_decomp_06_2025/out_python/NMG_Python_20_dt_5.50e-06_Nx_256_neumann_dtout_125pphi.csv
Python,NMG,64,neumann,50p,175,640,37.36936256362983,/project/g_bme-janeslab/SarahG/spinodal_decomp_06_2025/out_python/NMG_Python_20_dt_5.50e-06_Nx_64_neumann_dtout_175pphi.csv
Python,NMG,256,periodic,50p,125,640,121.02101265841216,/project/g_bme-janeslab/SarahG/spinodal_decomp_06_2025/out_python/NMG_Python_20_dt_5.50e-06_Nx_256_periodic_dtout_125pphi.csv
Python,NMG,512,periodic,50p,150,640,77.00343171032503,/project/g_bme-janeslab/SarahG/spinodal_decomp_06_2025/out_python/NMG_Python_20_dt_5.50e-06_Nx_512_periodic_dtout_150pphi.csv
Python,NMG,64,neumann,50p,125,640,36.19070926954358,/project/g_bme-janeslab/SarahG/spinodal_decomp_06_2025/out_python/NMG_Python_20_dt_5.50e-06_Nx_64_neumann_dtout_125pphi.csv
Python,NMG,512,periodic,50p,125,640,256.3344035335458,/project/g_bme-janeslab/SarahG/spinodal_decomp_06_2025/out_python/NMG_Python_20_dt_5.50e-06_Nx_512_periodic_dtout_125pphi.csv
Python,NMG,128,periodic,50p,175,640,68.06020910668586,/project/g_bme-janeslab/SarahG/spinodal_decomp_06_2025/out_python/NMG_Python_20_dt_5.50e-06_Nx_128_periodic_dtout_175pphi.csv
Python,NMG,512,periodic,50p,175,640,252.90112284710685,/project/g_bme-janeslab/SarahG/spinodal_decomp_06_2025/out_python/NMG_Python_20_dt_5.50e-06_Nx_512_periodic_dtout_175pphi.csv
Python,NMG,128,neumann,50p,150,640,29.42074889962404,/project/g_bme-janeslab/SarahG/spinodal_decomp_06_2025/out_python/NMG_Python_20_dt_5.50e-06_Nx_128_neumann_dtout_150pphi.csv
Python,NMG,512,neumann,50p,175,640,252.91982928906828,/project/g_bme-janeslab/SarahG/spinodal_decomp_06_2025/out_python/NMG_Python_20_dt_5.50e-06_Nx_512_neumann_dtout_175pphi.csv
Python,NMG,512,neumann,50p,150,640,77.42681343217563,/project/g_bme-janeslab/SarahG/spinodal_decomp_06_2025/out_python/NMG_Python_20_dt_5.50e-06_Nx_512_neumann_dtout_150pphi.csv
Python,NMG,64,periodic,50p,125,640,35.97351293220838,/project/g_bme-janeslab/SarahG/spinodal_decomp_06_2025/out_python/NMG_Python_20_dt_5.50e-06_Nx_64_periodic_dtout_125pphi.csv
Python,NMG,256,periodic,50p,175,640,125.44846752339433,/project/g_bme-janeslab/SarahG/spinodal_decomp_06_2025/out_python/NMG_Python_20_dt_5.50e-06_Nx_256_periodic_dtout_175pphi.csv
Python,NMG,64,periodic,50p,150,640,21.30801626806647,/project/g_bme-janeslab/SarahG/spinodal_decomp_06_2025/out_python/NMG_Python_20_dt_5.50e-06_Nx_64_periodic_dtout_150pphi.csv
Python,NMG,128,periodic,50p,125,640,66.24348202626592,/project/g_bme-janeslab/SarahG/spinodal_decomp_06_2025/out_python/NMG_Python_20_dt_5.50e-06_Nx_128_periodic_dtout_125pphi.csv
MATLAB,SAV,64,periodic,450p,None (10),680,28.030146579163286,/project/g_bme-janeslab/SarahG/spinodal_decomp_06_2025/out_MATLAB/SAV_MATLAB_2000_dt_5.50e-06_Nx_64_periodic_n_relax_450p_phi.csv
MATLAB,NMG,512,periodic,475p,None (10),680,431.73074606238185,/project/g_bme-janeslab/SarahG/spinodal_decomp_06_2025/out_MATLAB/NMG_MATLAB_2000_dt_5.50e-06_Nx_512_periodic_n_relax_475p_phi.csv
MATLAB,NMG,512,neumann,450p,None (10),680,425.08450393937034,/project/g_bme-janeslab/SarahG/spinodal_decomp_06_2025/out_MATLAB/NMG_MATLAB_2000_dt_5.50e-06_Nx_512_neumann_n_relax_450p_phi.csv
MATLAB,SAV,256,neumann,450p,None (10),680,189.68437327936533,/project/g_bme-janeslab/SarahG/spinodal_decomp_06_2025/out_MATLAB/SAV_MATLAB_2000_dt_5.50e-06_Nx_256_neumann_n_relax_450p_phi.csv
MATLAB,SAV,64,neumann,475p,None (10),680,33.410540680655785,/project/g_bme-janeslab/SarahG/spinodal_decomp_06_2025/out_MATLAB/SAV_MATLAB_2000_dt_5.50e-06_Nx_64_neumann_n_relax_475p_phi.csv
MATLAB,NMG,256,periodic,475p,None (10),680,192.4264379783639,/project/g_bme-janeslab/SarahG/spinodal_decomp_06_2025/out_MATLAB/NMG_MATLAB_2000_dt_5.50e-06_Nx_256_periodic_n_relax_475p_phi.csv
MATLAB,NMG,128,neumann,425p,None (10),680,82.95006251883046,/project/g_bme-janeslab/SarahG/spinodal_decomp_06_2025/out_MATLAB/NMG_MATLAB_2000_dt_5.50e-06_Nx_128_neumann_n_relax_425p_phi.csv
MATLAB,SAV,256,periodic,425p,None (10),680,0.0,/project/g_bme-janeslab/SarahG/spinodal_decomp_06_2025/out_MATLAB/SAV_MATLAB_2000_dt_5.50e-06_Nx_256_periodic_n_relax_425p_phi.csv
MATLAB,NMG,128,periodic,475p,None (10),680,66.56837780161614,/project/g_bme-janeslab/SarahG/spinodal_decomp_06_2025/out_MATLAB/NMG_MATLAB_2000_dt_5.50e-06_Nx_128_periodic_n_relax_475p_phi.csv
MATLAB,SAV,128,periodic,450p,None (10),680,80.58214471496233,/project/g_bme-janeslab/SarahG/spinodal_decomp_06_2025/out_MATLAB/SAV_MATLAB_2000_dt_5.50e-06_Nx_128_periodic_n_relax_450p_phi.csv
MATLAB,NMG,128,neumann,450p,None (10),680,74.55669341988849,/project/g_bme-janeslab/SarahG/spinodal_decomp_06_2025/out_MATLAB/NMG_MATLAB_2000_dt_5.50e-06_Nx_128_neumann_n_relax_450p_phi.csv
MATLAB,SAV,256,neumann,425p,None (10),680,191.60364436355943,/project/g_bme-janeslab/SarahG/spinodal_decomp_06_2025/out_MATLAB/SAV_MATLAB_2000_dt_5.50e-06_Nx_256_neumann_n_relax_425p_phi.csv
MATLAB,SAV,512,periodic,450p,None (10),680,450.6499354517499,/project/g_bme-janeslab/SarahG/spinodal_decomp_06_2025/out_MATLAB/SAV_MATLAB_2000_dt_5.50e-06_Nx_512_periodic_n_relax_450p_phi.csv
MATLAB,SAV,128,periodic,425p,None (10),680,80.84388933852226,/project/g_bme-janeslab/SarahG/spinodal_decomp_06_2025/out_MATLAB/SAV_MATLAB_2000_dt_5.50e-06_Nx_128_periodic_n_relax_425p_phi.csv
MATLAB,NMG,512,neumann,425p,None (10),680,432.7734892892406,/project/g_bme-janeslab/SarahG/spinodal_decomp_06_2025/out_MATLAB/NMG_MATLAB_2000_dt_5.50e-06_Nx_512_neumann_n_relax_425p_phi.csv
MATLAB,NMG,64,neumann,450p,None (10),680,0.0,/project/g_bme-janeslab/SarahG/spinodal_decomp_06_2025/out_MATLAB/NMG_MATLAB_2000_dt_5.50e-06_Nx_64_neumann_n_relax_450p_phi.csv
MATLAB,NMG,64,periodic,450p,None (10),680,18.191257572017054,/project/g_bme-janeslab/SarahG/spinodal_decomp_06_2025/out_MATLAB/NMG_MATLAB_2000_dt_5.50e-06_Nx_64_periodic_n_relax_450p_phi.csv
MATLAB,NMG,256,neumann,425p,None (10),680,194.78657532358702,/project/g_bme-janeslab/SarahG/spinodal_decomp_06_2025/out_MATLAB/NMG_MATLAB_2000_dt_5.50e-06_Nx_256_neumann_n_relax_425p_phi.csv
MATLAB,SAV,64,neumann,425p,None (10),680,0.0,/project/g_bme-janeslab/SarahG/spinodal_decomp_06_2025/out_MATLAB/SAV_MATLAB_2000_dt_5.50e-06_Nx_64_neumann_n_relax_425p_phi.csv
MATLAB,SAV,128,neumann,425p,None (10),680,0.0,/project/g_bme-janeslab/SarahG/spinodal_decomp_06_2025/out_MATLAB/SAV_MATLAB_2000_dt_5.50e-06_Nx_128_neumann_n_relax_425p_phi.csv
MATLAB,NMG,128,periodic,425p,None (10),680,67.80954507955444,/project/g_bme-janeslab/SarahG/spinodal_decomp_06_2025/out_MATLAB/NMG_MATLAB_2000_dt_5.50e-06_Nx_128_periodic_n_relax_425p_phi.csv
MATLAB,SAV,512,periodic,475p,None (10),680,438.61157541300236,/project/g_bme-janeslab/SarahG/spinodal_decomp_06_2025/out_MATLAB/SAV_MATLAB_2000_dt_5.50e-06_Nx_512_periodic_n_relax_475p_phi.csv
MATLAB,SAV,512,neumann,475p,None (10),680,441.1900816698373,/project/g_bme-janeslab/SarahG/spinodal_decomp_06_2025/out_MATLAB/SAV_MATLAB_2000_dt_5.50e-06_Nx_512_neumann_n_relax_475p_phi.csv
MATLAB,NMG,256,neumann,475p,None (10),680,191.71606876166894,/project/g_bme-janeslab/SarahG/spinodal_decomp_06_2025/out_MATLAB/NMG_MATLAB_2000_dt_5.50e-06_Nx_256_neumann_n_relax_475p_phi.csv
MATLAB,NMG,256,neumann,450p,None (10),680,189.78066671756167,/project/g_bme-janeslab/SarahG/spinodal_decomp_06_2025/out_MATLAB/NMG_MATLAB_2000_dt_5.50e-06_Nx_256_neumann_n_relax_450p_phi.csv
MATLAB,SAV,512,periodic,425p,None (10),680,438.7214444533668,/project/g_bme-janeslab/SarahG/spinodal_decomp_06_2025/out_MATLAB/SAV_MATLAB_2000_dt_5.50e-06_Nx_512_periodic_n_relax_425p_phi.csv
MATLAB,NMG,64,neumann,475p,None (10),680,33.426656902272526,/project/g_bme-janeslab/SarahG/spinodal_decomp_06_2025/out_MATLAB/NMG_MATLAB_2000_dt_5.50e-06_Nx_64_neumann_n_relax_475p_phi.csv
MATLAB,SAV,128,periodic,475p,None (10),680,66.76387398437086,/project/g_bme-janeslab/SarahG/spinodal_decomp_06_2025/out_MATLAB/SAV_MATLAB_2000_dt_5.50e-06_Nx_128_periodic_n_relax_475p_phi.csv
MATLAB,SAV,256,neumann,475p,None (10),680,192.04379980825087,/project/g_bme-janeslab/SarahG/spinodal_decomp_06_2025/out_MATLAB/SAV_MATLAB_2000_dt_5.50e-06_Nx_256_neumann_n_relax_475p_phi.csv
MATLAB,NMG,512,periodic,450p,None (10),680,425.78369862462256,/project/g_bme-janeslab/SarahG/spinodal_decomp_06_2025/out_MATLAB/NMG_MATLAB_2000_dt_5.50e-06_Nx_512_periodic_n_relax_450p_phi.csv
MATLAB,SAV,64,periodic,425p,None (10),680,0.0,/project/g_bme-janeslab/SarahG/spinodal_decomp_06_2025/out_MATLAB/SAV_MATLAB_2000_dt_5.50e-06_Nx_64_periodic_n_relax_425p_phi.csv
MATLAB,SAV,512,neumann,425p,None (10),680,435.9783723222786,/project/g_bme-janeslab/SarahG/spinodal_decomp_06_2025/out_MATLAB/SAV_MATLAB_2000_dt_5.50e-06_Nx_512_neumann_n_relax_425p_phi.csv
MATLAB,SAV,128,neumann,475p,None (10),680,70.78452721613503,/project/g_bme-janeslab/SarahG/spinodal_decomp_06_2025/out_MATLAB/SAV_MATLAB_2000_dt_5.50e-06_Nx_128_neumann_n_relax_475p_phi.csv
MATLAB,SAV,512,neumann,450p,None (10),680,425.2957653564462,/project/g_bme-janeslab/SarahG/spinodal_decomp_06_2025/out_MATLAB/SAV_MATLAB_2000_dt_5.50e-06_Nx_512_neumann_n_relax_450p_phi.csv
MATLAB,SAV,256,periodic,475p,None (10),680,192.81561527493872,/project/g_bme-janeslab/SarahG/spinodal_decomp_06_2025/out_MATLAB/SAV_MATLAB_2000_dt_5.50e-06_Nx_256_periodic_n_relax_475p_phi.csv
MATLAB,NMG,256,periodic,450p,None (10),680,190.76539265544574,/project/g_bme-janeslab/SarahG/spinodal_decomp_06_2025/out_MATLAB/NMG_MATLAB_2000_dt_5.50e-06_Nx_256_periodic_n_relax_450p_phi.csv
MATLAB,SAV,128,neumann,450p,None (10),680,78.93466217583715,/project/g_bme-janeslab/SarahG/spinodal_decomp_06_2025/out_MATLAB/SAV_MATLAB_2000_dt_5.50e-06_Nx_128_neumann_n_relax_450p_phi.csv
MATLAB,NMG,64,periodic,475p,None (10),680,32.93846988246798,/project/g_bme-janeslab/SarahG/spinodal_decomp_06_2025/out_MATLAB/NMG_MATLAB_2000_dt_5.50e-06_Nx_64_periodic_n_relax_475p_phi.csv
MATLAB,NMG,512,periodic,425p,None (10),680,432.26200785854223,/project/g_bme-janeslab/SarahG/spinodal_decomp_06_2025/out_MATLAB/NMG_MATLAB_2000_dt_5.50e-06_Nx_512_periodic_n_relax_425p_phi.csv
MATLAB,NMG,128,periodic,450p,None (10),680,81.44555520019195,/project/g_bme-janeslab/SarahG/spinodal_decomp_06_2025/out_MATLAB/NMG_MATLAB_2000_dt_5.50e-06_Nx_128_periodic_n_relax_450p_phi.csv
MATLAB,NMG,128,neumann,475p,None (10),680,68.69115265657531,/project/g_bme-janeslab/SarahG/spinodal_decomp_06_2025/out_MATLAB/NMG_MATLAB_2000_dt_5.50e-06_Nx_128_neumann_n_relax_475p_phi.csv
MATLAB,NMG,256,periodic,425p,None (10),680,192.15975983629195,/project/g_bme-janeslab/SarahG/spinodal_decomp_06_2025/out_MATLAB/NMG_MATLAB_2000_dt_5.50e-06_Nx_256_periodic_n_relax_425p_phi.csv
MATLAB,SAV,64,periodic,475p,None (10),680,32.92483806904174,/project/g_bme-janeslab/SarahG/spinodal_decomp_06_2025/out_MATLAB/SAV_MATLAB_2000_dt_5.50e-06_Nx_64_periodic_n_relax_475p_phi.csv
MATLAB,NMG,512,neumann,475p,None (10),680,432.7838104682148,/project/g_bme-janeslab/SarahG/spinodal_decomp_06_2025/out_MATLAB/NMG_MATLAB_2000_dt_5.50e-06_Nx_512_neumann_n_relax_475p_phi.csv
MATLAB,NMG,64,periodic,425p,None (10),680,32.65837435576418,/project/g_bme-janeslab/SarahG/spinodal_decomp_06_2025/out_MATLAB/NMG_MATLAB_2000_dt_5.50e-06_Nx_64_periodic_n_relax_425p_phi.csv
MATLAB,SAV,64,neumann,450p,None (10),680,0.0,/project/g_bme-janeslab/SarahG/spinodal_decomp_06_2025/out_MATLAB/SAV_MATLAB_2000_dt_5.50e-06_Nx_64_neumann_n_relax_450p_phi.csv
MATLAB,NMG,64,neumann,425p,None (10),680,0.0,/project/g_bme-janeslab/SarahG/spinodal_decomp_06_2025/out_MATLAB/NMG_MATLAB_2000_dt_5.50e-06_Nx_64_neumann_n_relax_425p_phi.csv
MATLAB,SAV,256,periodic,450p,None (10),680,205.32319652713542,/project/g_bme-janeslab/SarahG/spinodal_decomp_06_2025/out_MATLAB/SAV_MATLAB_2000_dt_5.50e-06_Nx_256_periodic_n_relax_450p_phi.csv
Python,NMG,128,neumann,50p,125,680,66.23227333579425,/project/g_bme-janeslab/SarahG/spinodal_decomp_06_2025/out_python/NMG_Python_20_dt_5.50e-06_Nx_128_neumann_dtout_125pphi.csv
Python,NMG,64,periodic,50p,175,680,36.97873575374064,/project/g_bme-janeslab/SarahG/spinodal_decomp_06_2025/out_python/NMG_Python_20_dt_5.50e-06_Nx_64_periodic_dtout_175pphi.csv
Python,NMG,256,periodic,50p,150,680,29.49627181713956,/project/g_bme-janeslab/SarahG/spinodal_decomp_06_2025/out_python/NMG_Python_20_dt_5.50e-06_Nx_256_periodic_dtout_150pphi.csv
Python,NMG,128,neumann,50p,175,680,68.10913877800256,/project/g_bme-janeslab/SarahG/spinodal_decomp_06_2025/out_python/NMG_Python_20_dt_5.50e-06_Nx_128_neumann_dtout_175pphi.csv
Python,NMG,64,neumann,50p,150,680,21.4663316511325,/project/g_bme-janeslab/SarahG/spinodal_decomp_06_2025/out_python/NMG_Python_20_dt_5.50e-06_Nx_64_neumann_dtout_150pphi.csv
Python,NMG,256,neumann,50p,150,680,29.540843886117266,/project/g_bme-janeslab/SarahG/spinodal_decomp_06_2025/out_python/NMG_Python_20_dt_5.50e-06_Nx_256_neumann_dtout_150pphi.csv
Python,NMG,512,neumann,50p,125,680,256.3519341324708,/project/g_bme-janeslab/SarahG/spinodal_decomp_06_2025/out_python/NMG_Python_20_dt_5.50e-06_Nx_512_neumann_dtout_125pphi.csv
Python,NMG,256,neumann,50p,175,680,125.48418349194301,/project/g_bme-janeslab/SarahG/spinodal_decomp_06_2025/out_python/NMG_Python_20_dt_5.50e-06_Nx_256_neumann_dtout_175pphi.csv
Python,NMG,128,periodic,50p,150,680,28.640048393462862,/project/g_bme-janeslab/SarahG/spinodal_decomp_06_2025/out_python/NMG_Python_20_dt_5.50e-06_Nx_128_periodic_dtout_150pphi.csv
Python,NMG,256,neumann,50p,125,680,121.02523091463725,/project/g_bme-janeslab/SarahG/spinodal_decomp_06_2025/out_python/NMG_Python_20_dt_5.50e-06_Nx_256_neumann_dtout_125pphi.csv
Python,NMG,64,neumann,50p,175,680,37.22570630032617,/project/g_bme-janeslab/SarahG/spinodal_decomp_06_2025/out_python/NMG_Python_20_dt_5.50e-06_Nx_64_neumann_dtout_175pphi.csv
Python,NMG,256,periodic,50p,125,680,121.01062071698868,/project/g_bme-janeslab/SarahG/spinodal_decomp_06_2025/out_python/NMG_Python_20_dt_5.50e-06_Nx_256_periodic_dtout_125pphi.csv
Python,NMG,512,periodic,50p,150,680,77.849506267858,/project/g_bme-janeslab/SarahG/spinodal_decomp_06_2025/out_python/NMG_Python_20_dt_5.50e-06_Nx_512_periodic_dtout_150pphi.csv
Python,NMG,64,neumann,50p,125,680,36.059284975615434,/project/g_bme-janeslab/SarahG/spinodal_decomp_06_2025/out_python/NMG_Python_20_dt_5.50e-06_Nx_64_neumann_dtout_125pphi.csv
Python,NMG,512,periodic,50p,125,680,256.2912421223709,/project/g_bme-janeslab/SarahG/spinodal_decomp_06_2025/out_python/NMG_Python_20_dt_5.50e-06_Nx_512_periodic_dtout_125pphi.csv
Python,NMG,128,periodic,50p,175,680,67.9417931270557,/project/g_bme-janeslab/SarahG/spinodal_decomp_06_2025/out_python/NMG_Python_20_dt_5.50e-06_Nx_128_periodic_dtout_175pphi.csv
Python,NMG,512,periodic,50p,175,680,252.87545128295747,/project/g_bme-janeslab/SarahG/spinodal_decomp_06_2025/out_python/NMG_Python_20_dt_5.50e-06_Nx_512_periodic_dtout_175pphi.csv
Python,NMG,128,neumann,50p,150,680,29.160871511299952,/project/g_bme-janeslab/SarahG/spinodal_decomp_06_2025/out_python/NMG_Python_20_dt_5.50e-06_Nx_128_neumann_dtout_150pphi.csv
Python,NMG,512,neumann,50p,175,680,252.8942669816124,/project/g_bme-janeslab/SarahG/spinodal_decomp_06_2025/out_python/NMG_Python_20_dt_5.50e-06_Nx_512_neumann_dtout_175pphi.csv
Python,NMG,512,neumann,50p,150,680,78.27102118102096,/project/g_bme-janeslab/SarahG/spinodal_decomp_06_2025/out_python/NMG_Python_20_dt_5.50e-06_Nx_512_neumann_dtout_150pphi.csv
Python,NMG,64,periodic,50p,125,680,35.843658611580096,/project/g_bme-janeslab/SarahG/spinodal_decomp_06_2025/out_python/NMG_Python_20_dt_5.50e-06_Nx_64_periodic_dtout_125pphi.csv
Python,NMG,256,periodic,50p,175,680,125.40194691395139,/project/g_bme-janeslab/SarahG/spinodal_decomp_06_2025/out_python/NMG_Python_20_dt_5.50e-06_Nx_256_periodic_dtout_175pphi.csv
Python,NMG,64,periodic,50p,150,680,21.0228332034162,/project/g_bme-janeslab/SarahG/spinodal_decomp_06_2025/out_python/NMG_Python_20_dt_5.50e-06_Nx_64_periodic_dtout_150pphi.csv
Python,NMG,128,periodic,50p,125,680,66.18233769472413,/project/g_bme-janeslab/SarahG/spinodal_decomp_06_2025/out_python/NMG_Python_20_dt_5.50e-06_Nx_128_periodic_dtout_125pphi.csv
MATLAB,SAV,64,periodic,450p,None (10),720,28.541753931589234,/project/g_bme-janeslab/SarahG/spinodal_decomp_06_2025/out_MATLAB/SAV_MATLAB_2000_dt_5.50e-06_Nx_64_periodic_n_relax_450p_phi.csv
MATLAB,NMG,512,periodic,475p,None (10),720,432.6889582801422,/project/g_bme-janeslab/SarahG/spinodal_decomp_06_2025/out_MATLAB/NMG_MATLAB_2000_dt_5.50e-06_Nx_512_periodic_n_relax_475p_phi.csv
MATLAB,NMG,512,neumann,450p,None (10),720,426.76137572439166,/project/g_bme-janeslab/SarahG/spinodal_decomp_06_2025/out_MATLAB/NMG_MATLAB_2000_dt_5.50e-06_Nx_512_neumann_n_relax_450p_phi.csv
MATLAB,SAV,256,neumann,450p,None (10),720,190.84426573992454,/project/g_bme-janeslab/SarahG/spinodal_decomp_06_2025/out_MATLAB/SAV_MATLAB_2000_dt_5.50e-06_Nx_256_neumann_n_relax_450p_phi.csv
MATLAB,SAV,64,neumann,475p,None (10),720,33.437093709869124,/project/g_bme-janeslab/SarahG/spinodal_decomp_06_2025/out_MATLAB/SAV_MATLAB_2000_dt_5.50e-06_Nx_64_neumann_n_relax_475p_phi.csv
MATLAB,NMG,256,periodic,475p,None (10),720,194.83351083841964,/project/g_bme-janeslab/SarahG/spinodal_decomp_06_2025/out_MATLAB/NMG_MATLAB_2000_dt_5.50e-06_Nx_256_periodic_n_relax_475p_phi.csv
MATLAB,NMG,128,neumann,425p,None (10),720,83.68774019729678,/project/g_bme-janeslab/SarahG/spinodal_decomp_06_2025/out_MATLAB/NMG_MATLAB_2000_dt_5.50e-06_Nx_128_neumann_n_relax_425p_phi.csv
MATLAB,SAV,256,periodic,425p,None (10),720,0.0,/project/g_bme-janeslab/SarahG/spinodal_decomp_06_2025/out_MATLAB/SAV_MATLAB_2000_dt_5.50e-06_Nx_256_periodic_n_relax_425p_phi.csv
MATLAB,NMG,128,periodic,475p,None (10),720,66.87862541323905,/project/g_bme-janeslab/SarahG/spinodal_decomp_06_2025/out_MATLAB/NMG_MATLAB_2000_dt_5.50e-06_Nx_128_periodic_n_relax_475p_phi.csv
MATLAB,SAV,128,periodic,450p,None (10),720,81.37703363331447,/project/g_bme-janeslab/SarahG/spinodal_decomp_06_2025/out_MATLAB/SAV_MATLAB_2000_dt_5.50e-06_Nx_128_periodic_n_relax_450p_phi.csv
MATLAB,NMG,128,neumann,450p,None (10),720,76.040630775019,/project/g_bme-janeslab/SarahG/spinodal_decomp_06_2025/out_MATLAB/NMG_MATLAB_2000_dt_5.50e-06_Nx_128_neumann_n_relax_450p_phi.csv
MATLAB,SAV,256,neumann,425p,None (10),720,193.6730243416951,/project/g_bme-janeslab/SarahG/spinodal_decomp_06_2025/out_MATLAB/SAV_MATLAB_2000_dt_5.50e-06_Nx_256_neumann_n_relax_425p_phi.csv
MATLAB,SAV,512,periodic,450p,None (10),720,451.03091842820737,/project/g_bme-janeslab/SarahG/spinodal_decomp_06_2025/out_MATLAB/SAV_MATLAB_2000_dt_5.50e-06_Nx_512_periodic_n_relax_450p_phi.csv
MATLAB,SAV,128,periodic,425p,None (10),720,81.4893121588702,/project/g_bme-janeslab/SarahG/spinodal_decomp_06_2025/out_MATLAB/SAV_MATLAB_2000_dt_5.50e-06_Nx_128_periodic_n_relax_425p_phi.csv
MATLAB,NMG,512,neumann,425p,None (10),720,433.4744042832841,/project/g_bme-janeslab/SarahG/spinodal_decomp_06_2025/out_MATLAB/NMG_MATLAB_2000_dt_5.50e-06_Nx_512_neumann_n_relax_425p_phi.csv
MATLAB,NMG,64,neumann,450p,None (10),720,0.0,/project/g_bme-janeslab/SarahG/spinodal_decomp_06_2025/out_MATLAB/NMG_MATLAB_2000_dt_5.50e-06_Nx_64_neumann_n_relax_450p_phi.csv
MATLAB,NMG,64,periodic,450p,None (10),720,18.732369538680576,/project/g_bme-janeslab/SarahG/spinodal_decomp_06_2025/out_MATLAB/NMG_MATLAB_2000_dt_5.50e-06_Nx_64_periodic_n_relax_450p_phi.csv
MATLAB,NMG,256,neumann,425p,None (10),720,196.30189377450847,/project/g_bme-janeslab/SarahG/spinodal_decomp_06_2025/out_MATLAB/NMG_MATLAB_2000_dt_5.50e-06_Nx_256_neumann_n_relax_425p_phi.csv
MATLAB,SAV,64,neumann,425p,None (10),720,0.0,/project/g_bme-janeslab/SarahG/spinodal_decomp_06_2025/out_MATLAB/SAV_MATLAB_2000_dt_5.50e-06_Nx_64_neumann_n_relax_425p_phi.csv
MATLAB,SAV,128,neumann,425p,None (10),720,0.0,/project/g_bme-janeslab/SarahG/spinodal_decomp_06_2025/out_MATLAB/SAV_MATLAB_2000_dt_5.50e-06_Nx_128_neumann_n_relax_425p_phi.csv
MATLAB,NMG,128,periodic,425p,None (10),720,68.25173192680849,/project/g_bme-janeslab/SarahG/spinodal_decomp_06_2025/out_MATLAB/NMG_MATLAB_2000_dt_5.50e-06_Nx_128_periodic_n_relax_425p_phi.csv
MATLAB,SAV,512,periodic,475p,None (10),720,439.0773767105875,/project/g_bme-janeslab/SarahG/spinodal_decomp_06_2025/out_MATLAB/SAV_MATLAB_2000_dt_5.50e-06_Nx_512_periodic_n_relax_475p_phi.csv
MATLAB,SAV,512,neumann,475p,None (10),720,441.7037031243153,/project/g_bme-janeslab/SarahG/spinodal_decomp_06_2025/out_MATLAB/SAV_MATLAB_2000_dt_5.50e-06_Nx_512_neumann_n_relax_475p_phi.csv
MATLAB,NMG,256,neumann,475p,None (10),720,194.0706950760191,/project/g_bme-janeslab/SarahG/spinodal_decomp_06_2025/out_MATLAB/NMG_MATLAB_2000_dt_5.50e-06_Nx_256_neumann_n_relax_475p_phi.csv
MATLAB,NMG,256,neumann,450p,None (10),720,190.94278293373938,/project/g_bme-janeslab/SarahG/spinodal_decomp_06_2025/out_MATLAB/NMG_MATLAB_2000_dt_5.50e-06_Nx_256_neumann_n_relax_450p_phi.csv
MATLAB,SAV,512,periodic,425p,None (10),720,439.74145449688643,/project/g_bme-janeslab/SarahG/spinodal_decomp_06_2025/out_MATLAB/SAV_MATLAB_2000_dt_5.50e-06_Nx_512_periodic_n_relax_425p_phi.csv
MATLAB,NMG,64,neumann,475p,None (10),720,33.45387306068709,/project/g_bme-janeslab/SarahG/spinodal_decomp_06_2025/out_MATLAB/NMG_MATLAB_2000_dt_5.50e-06_Nx_64_neumann_n_relax_475p_phi.csv
MATLAB,SAV,128,periodic,475p,None (10),720,67.09430596110677,/project/g_bme-janeslab/SarahG/spinodal_decomp_06_2025/out_MATLAB/SAV_MATLAB_2000_dt_5.50e-06_Nx_128_periodic_n_relax_475p_phi.csv
MATLAB,SAV,256,neumann,475p,None (10),720,194.29366500042153,/project/g_bme-janeslab/SarahG/spinodal_decomp_06_2025/out_MATLAB/SAV_MATLAB_2000_dt_5.50e-06_Nx_256_neumann_n_relax_475p_phi.csv
MATLAB,NMG,512,periodic,450p,None (10),720,427.51651185966466,/project/g_bme-janeslab/SarahG/spinodal_decomp_06_2025/out_MATLAB/NMG_MATLAB_2000_dt_5.50e-06_Nx_512_periodic_n_relax_450p_phi.csv
MATLAB,SAV,64,periodic,425p,None (10),720,0.0,/project/g_bme-janeslab/SarahG/spinodal_decomp_06_2025/out_MATLAB/SAV_MATLAB_2000_dt_5.50e-06_Nx_64_periodic_n_relax_425p_phi.csv
MATLAB,SAV,512,neumann,425p,None (10),720,436.3684613275834,/project/g_bme-janeslab/SarahG/spinodal_decomp_06_2025/out_MATLAB/SAV_MATLAB_2000_dt_5.50e-06_Nx_512_neumann_n_relax_425p_phi.csv
MATLAB,SAV,128,neumann,475p,None (10),720,71.31658906605468,/project/g_bme-janeslab/SarahG/spinodal_decomp_06_2025/out_MATLAB/SAV_MATLAB_2000_dt_5.50e-06_Nx_128_neumann_n_relax_475p_phi.csv
MATLAB,SAV,512,neumann,450p,None (10),720,426.8812795465767,/project/g_bme-janeslab/SarahG/spinodal_decomp_06_2025/out_MATLAB/SAV_MATLAB_2000_dt_5.50e-06_Nx_512_neumann_n_relax_450p_phi.csv
MATLAB,SAV,256,periodic,475p,None (10),720,195.09844154916158,/project/g_bme-janeslab/SarahG/spinodal_decomp_06_2025/out_MATLAB/SAV_MATLAB_2000_dt_5.50e-06_Nx_256_periodic_n_relax_475p_phi.csv
MATLAB,NMG,256,periodic,450p,None (10),720,191.91993016610016,/project/g_bme-janeslab/SarahG/spinodal_decomp_06_2025/out_MATLAB/NMG_MATLAB_2000_dt_5.50e-06_Nx_256_periodic_n_relax_450p_phi.csv
MATLAB,SAV,128,neumann,450p,None (10),720,79.84701730283227,/project/g_bme-janeslab/SarahG/spinodal_decomp_06_2025/out_MATLAB/SAV_MATLAB_2000_dt_5.50e-06_Nx_128_neumann_n_relax_450p_phi.csv
MATLAB,NMG,64,periodic,475p,None (10),720,32.943485402189566,/project/g_bme-janeslab/SarahG/spinodal_decomp_06_2025/out_MATLAB/NMG_MATLAB_2000_dt_5.50e-06_Nx_64_periodic_n_relax_475p_phi.csv
MATLAB,NMG,512,periodic,425p,None (10),720,433.0718852460315,/project/g_bme-janeslab/SarahG/spinodal_decomp_06_2025/out_MATLAB/NMG_MATLAB_2000_dt_5.50e-06_Nx_512_periodic_n_relax_425p_phi.csv
MATLAB,NMG,128,periodic,450p,None (10),720,82.17678842265647,/project/g_bme-janeslab/SarahG/spinodal_decomp_06_2025/out_MATLAB/NMG_MATLAB_2000_dt_5.50e-06_Nx_128_periodic_n_relax_450p_phi.csv
MATLAB,NMG,128,neumann,475p,None (10),720,69.13515419218028,/project/g_bme-janeslab/SarahG/spinodal_decomp_06_2025/out_MATLAB/NMG_MATLAB_2000_dt_5.50e-06_Nx_128_neumann_n_relax_475p_phi.csv
MATLAB,NMG,256,periodic,425p,None (10),720,194.23227005553997,/project/g_bme-janeslab/SarahG/spinodal_decomp_06_2025/out_MATLAB/NMG_MATLAB_2000_dt_5.50e-06_Nx_256_periodic_n_relax_425p_phi.csv
MATLAB,SAV,64,periodic,475p,None (10),720,32.92964791186516,/project/g_bme-janeslab/SarahG/spinodal_decomp_06_2025/out_MATLAB/SAV_MATLAB_2000_dt_5.50e-06_Nx_64_periodic_n_relax_475p_phi.csv
MATLAB,NMG,512,neumann,475p,None (10),720,433.530543934863,/project/g_bme-janeslab/SarahG/spinodal_decomp_06_2025/out_MATLAB/NMG_MATLAB_2000_dt_5.50e-06_Nx_512_neumann_n_relax_475p_phi.csv
MATLAB,NMG,64,periodic,425p,None (10),720,32.6551699415918,/project/g_bme-janeslab/SarahG/spinodal_decomp_06_2025/out_MATLAB/NMG_MATLAB_2000_dt_5.50e-06_Nx_64_periodic_n_relax_425p_phi.csv
MATLAB,SAV,64,neumann,450p,None (10),720,0.0,/project/g_bme-janeslab/SarahG/spinodal_decomp_06_2025/out_MATLAB/SAV_MATLAB_2000_dt_5.50e-06_Nx_64_neumann_n_relax_450p_phi.csv
MATLAB,NMG,64,neumann,425p,None (10),720,0.0,/project/g_bme-janeslab/SarahG/spinodal_decomp_06_2025/out_MATLAB/NMG_MATLAB_2000_dt_5.50e-06_Nx_64_neumann_n_relax_425p_phi.csv
MATLAB,SAV,256,periodic,450p,None (10),720,205.6833523027769,/project/g_bme-janeslab/SarahG/spinodal_decomp_06_2025/out_MATLAB/SAV_MATLAB_2000_dt_5.50e-06_Nx_256_periodic_n_relax_450p_phi.csv
Python,NMG,128,neumann,50p,125,720,66.17387199535754,/project/g_bme-janeslab/SarahG/spinodal_decomp_06_2025/out_python/NMG_Python_20_dt_5.50e-06_Nx_128_neumann_dtout_125pphi.csv
Python,NMG,64,periodic,50p,175,720,36.82344463865785,/project/g_bme-janeslab/SarahG/spinodal_decomp_06_2025/out_python/NMG_Python_20_dt_5.50e-06_Nx_64_periodic_dtout_175pphi.csv
Python,NMG,256,periodic,50p,150,720,29.552374774788955,/project/g_bme-janeslab/SarahG/spinodal_decomp_06_2025/out_python/NMG_Python_20_dt_5.50e-06_Nx_256_periodic_dtout_150pphi.csv
Python,NMG,128,neumann,50p,175,720,67.99257255734958,/project/g_bme-janeslab/SarahG/spinodal_decomp_06_2025/out_python/NMG_Python_20_dt_5.50e-06_Nx_128_neumann_dtout_175pphi.csv
Python,NMG,64,neumann,50p,150,720,21.197553342818324,/project/g_bme-janeslab/SarahG/spinodal_decomp_06_2025/out_python/NMG_Python_20_dt_5.50e-06_Nx_64_neumann_dtout_150pphi.csv
Python,NMG,256,neumann,50p,150,720,29.596015873142083,/project/g_bme-janeslab/SarahG/spinodal_decomp_06_2025/out_python/NMG_Python_20_dt_5.50e-06_Nx_256_neumann_dtout_150pphi.csv
Python,NMG,512,neumann,50p,125,720,256.3038986864413,/project/g_bme-janeslab/SarahG/spinodal_decomp_06_2025/out_python/NMG_Python_20_dt_5.50e-06_Nx_512_neumann_dtout_125pphi.csv
Python,NMG,256,neumann,50p,175,720,125.44067764551886,/project/g_bme-janeslab/SarahG/spinodal_decomp_06_2025/out_python/NMG_Python_20_dt_5.50e-06_Nx_256_neumann_dtout_175pphi.csv
Python,NMG,128,periodic,50p,150,720,28.378835772088074,/project/g_bme-janeslab/SarahG/spinodal_decomp_06_2025/out_python/NMG_Python_20_dt_5.50e-06_Nx_128_periodic_dtout_150pphi.csv
Python,NMG,256,neumann,50p,125,720,121.0133518361477,/project/g_bme-janeslab/SarahG/spinodal_decomp_06_2025/out_python/NMG_Python_20_dt_5.50e-06_Nx_256_neumann_dtout_125pphi.csv
Python,NMG,64,neumann,50p,175,720,37.06836010198169,/project/g_bme-janeslab/SarahG/spinodal_decomp_06_2025/out_python/NMG_Python_20_dt_5.50e-06_Nx_64_neumann_dtout_175pphi.csv
Python,NMG,256,periodic,50p,125,720,120.9987553304421,/project/g_bme-janeslab/SarahG/spinodal_decomp_06_2025/out_python/NMG_Python_20_dt_5.50e-06_Nx_256_periodic_dtout_125pphi.csv
Python,NMG,512,periodic,50p,150,720,78.69449131210561,/project/g_bme-janeslab/SarahG/spinodal_decomp_06_2025/out_python/NMG_Python_20_dt_5.50e-06_Nx_512_periodic_dtout_150pphi.csv
Python,NMG,64,neumann,50p,125,720,35.94145512230249,/project/g_bme-janeslab/SarahG/spinodal_decomp_06_2025/out_python/NMG_Python_20_dt_5.50e-06_Nx_64_neumann_dtout_125pphi.csv
Python,NMG,512,periodic,50p,125,720,256.2435601219494,/project/g_bme-janeslab/SarahG/spinodal_decomp_06_2025/out_python/NMG_Python_20_dt_5.50e-06_Nx_512_periodic_dtout_125pphi.csv
Python,NMG,128,periodic,50p,175,720,67.83016406064256,/project/g_bme-janeslab/SarahG/spinodal_decomp_06_2025/out_python/NMG_Python_20_dt_5.50e-06_Nx_128_periodic_dtout_175pphi.csv
Python,NMG,512,periodic,50p,175,720,252.85826392331902,/project/g_bme-janeslab/SarahG/spinodal_decomp_06_2025/out_python/NMG_Python_20_dt_5.50e-06_Nx_512_periodic_dtout_175pphi.csv
Python,NMG,128,neumann,50p,150,720,28.906652397213318,/project/g_bme-janeslab/SarahG/spinodal_decomp_06_2025/out_python/NMG_Python_20_dt_5.50e-06_Nx_128_neumann_dtout_150pphi.csv
Python,NMG,512,neumann,50p,175,720,252.87838674405765,/project/g_bme-janeslab/SarahG/spinodal_decomp_06_2025/out_python/NMG_Python_20_dt_5.50e-06_Nx_512_neumann_dtout_175pphi.csv
Python,NMG,512,neumann,50p,150,720,79.12136007482427,/project/g_bme-janeslab/SarahG/spinodal_decomp_06_2025/out_python/NMG_Python_20_dt_5.50e-06_Nx_512_neumann_dtout_150pphi.csv
Python,NMG,64,periodic,50p,125,720,35.72581083096684,/project/g_bme-janeslab/SarahG/spinodal_decomp_06_2025/out_python/NMG_Python_20_dt_5.50e-06_Nx_64_periodic_dtout_125pphi.csv
Python,NMG,256,periodic,50p,175,720,125.35829349861132,/project/g_bme-janeslab/SarahG/spinodal_decomp_06_2025/out_python/NMG_Python_20_dt_5.50e-06_Nx_256_periodic_dtout_175pphi.csv
Python,NMG,64,periodic,50p,150,720,20.747860013312124,/project/g_bme-janeslab/SarahG/spinodal_decomp_06_2025/out_python/NMG_Python_20_dt_5.50e-06_Nx_64_periodic_dtout_150pphi.csv
Python,NMG,128,periodic,50p,125,720,66.12337246731092,/project/g_bme-janeslab/SarahG/spinodal_decomp_06_2025/out_python/NMG_Python_20_dt_5.50e-06_Nx_128_periodic_dtout_125pphi.csv
MATLAB,SAV,64,periodic,450p,None (10),760,29.044270699245516,/project/g_bme-janeslab/SarahG/spinodal_decomp_06_2025/out_MATLAB/SAV_MATLAB_2000_dt_5.50e-06_Nx_64_periodic_n_relax_450p_phi.csv
MATLAB,NMG,512,periodic,475p,None (10),760,433.52309223674627,/project/g_bme-janeslab/SarahG/spinodal_decomp_06_2025/out_MATLAB/NMG_MATLAB_2000_dt_5.50e-06_Nx_512_periodic_n_relax_475p_phi.csv
MATLAB,NMG,512,neumann,450p,None (10),760,428.20509607626104,/project/g_bme-janeslab/SarahG/spinodal_decomp_06_2025/out_MATLAB/NMG_MATLAB_2000_dt_5.50e-06_Nx_512_neumann_n_relax_450p_phi.csv
MATLAB,SAV,256,neumann,450p,None (10),760,191.89092929609737,/project/g_bme-janeslab/SarahG/spinodal_decomp_06_2025/out_MATLAB/SAV_MATLAB_2000_dt_5.50e-06_Nx_256_neumann_n_relax_450p_phi.csv
MATLAB,SAV,64,neumann,475p,None (10),760,33.46551089824738,/project/g_bme-janeslab/SarahG/spinodal_decomp_06_2025/out_MATLAB/SAV_MATLAB_2000_dt_5.50e-06_Nx_64_neumann_n_relax_475p_phi.csv
MATLAB,NMG,256,periodic,475p,None (10),760,196.82652168591014,/project/g_bme-janeslab/SarahG/spinodal_decomp_06_2025/out_MATLAB/NMG_MATLAB_2000_dt_5.50e-06_Nx_256_periodic_n_relax_475p_phi.csv
MATLAB,NMG,128,neumann,425p,None (10),760,84.40977103948588,/project/g_bme-janeslab/SarahG/spinodal_decomp_06_2025/out_MATLAB/NMG_MATLAB_2000_dt_5.50e-06_Nx_128_neumann_n_relax_425p_phi.csv
MATLAB,SAV,256,periodic,425p,None (10),760,0.0,/project/g_bme-janeslab/SarahG/spinodal_decomp_06_2025/out_MATLAB/SAV_MATLAB_2000_dt_5.50e-06_Nx_256_periodic_n_relax_425p_phi.csv
MATLAB,NMG,128,periodic,475p,None (10),760,67.2169874028261,/project/g_bme-janeslab/SarahG/spinodal_decomp_06_2025/out_MATLAB/NMG_MATLAB_2000_dt_5.50e-06_Nx_128_periodic_n_relax_475p_phi.csv
MATLAB,SAV,128,periodic,450p,None (10),760,82.09442896654238,/project/g_bme-janeslab/SarahG/spinodal_decomp_06_2025/out_MATLAB/SAV_MATLAB_2000_dt_5.50e-06_Nx_128_periodic_n_relax_450p_phi.csv
MATLAB,NMG,128,neumann,450p,None (10),760,77.33276275568075,/project/g_bme-janeslab/SarahG/spinodal_decomp_06_2025/out_MATLAB/NMG_MATLAB_2000_dt_5.50e-06_Nx_128_neumann_n_relax_450p_phi.csv
MATLAB,SAV,256,neumann,425p,None (10),760,195.3534042569444,/project/g_bme-janeslab/SarahG/spinodal_decomp_06_2025/out_MATLAB/SAV_MATLAB_2000_dt_5.50e-06_Nx_256_neumann_n_relax_425p_phi.csv
MATLAB,SAV,512,periodic,450p,None (10),760,451.4016000853072,/project/g_bme-janeslab/SarahG/spinodal_decomp_06_2025/out_MATLAB/SAV_MATLAB_2000_dt_5.50e-06_Nx_512_periodic_n_relax_450p_phi.csv
MATLAB,SAV,128,periodic,425p,None (10),760,82.134917854645,/project/g_bme-janeslab/SarahG/spinodal_decomp_06_2025/out_MATLAB/SAV_MATLAB_2000_dt_5.50e-06_Nx_128_periodic_n_relax_425p_phi.csv
MATLAB,NMG,512,neumann,425p,None (10),760,433.93867485233505,/project/g_bme-janeslab/SarahG/spinodal_decomp_06_2025/out_MATLAB/NMG_MATLAB_2000_dt_5.50e-06_Nx_512_neumann_n_relax_425p_phi.csv
MATLAB,NMG,64,neumann,450p,None (10),760,0.0,/project/g_bme-janeslab/SarahG/spinodal_decomp_06_2025/out_MATLAB/NMG_MATLAB_2000_dt_5.50e-06_Nx_64_neumann_n_relax_450p_phi.csv
MATLAB,NMG,64,periodic,450p,None (10),760,19.281569841359712,/project/g_bme-janeslab/SarahG/spinodal_decomp_06_2025/out_MATLAB/NMG_MATLAB_2000_dt_5.50e-06_Nx_64_periodic_n_relax_450p_phi.csv
MATLAB,NMG,256,neumann,425p,None (10),760,197.5606734648314,/project/g_bme-janeslab/SarahG/spinodal_decomp_06_2025/out_MATLAB/NMG_MATLAB_2000_dt_5.50e-06_Nx_256_neumann_n_relax_425p_phi.csv
MATLAB,SAV,64,neumann,425p,None (10),760,0.0,/project/g_bme-janeslab/SarahG/spinodal_decomp_06_2025/out_MATLAB/SAV_MATLAB_2000_dt_5.50e-06_Nx_64_neumann_n_relax_425p_phi.csv
MATLAB,SAV,128,neumann,425p,None (10),760,0.0,/project/g_bme-janeslab/SarahG/spinodal_decomp_06_2025/out_MATLAB/SAV_MATLAB_2000_dt_5.50e-06_Nx_128_neumann_n_relax_425p_phi.csv
MATLAB,NMG,128,periodic,425p,None (10),760,68.71527079867401,/project/g_bme-janeslab/SarahG/spinodal_decomp_06_2025/out_MATLAB/NMG_MATLAB_2000_dt_5.50e-06_Nx_128_periodic_n_relax_425p_phi.csv
MATLAB,SAV,512,periodic,475p,None (10),760,439.4375452544684,/project/g_bme-janeslab/SarahG/spinodal_decomp_06_2025/out_MATLAB/SAV_MATLAB_2000_dt_5.50e-06_Nx_512_periodic_n_relax_475p_phi.csv
MATLAB,SAV,512,neumann,475p,None (10),760,442.0718936217431,/project/g_bme-janeslab/SarahG/spinodal_decomp_06_2025/out_MATLAB/SAV_MATLAB_2000_dt_5.50e-06_Nx_512_neumann_n_relax_475p_phi.csv
MATLAB,NMG,256,neumann,475p,None (10),760,196.01329286776632,/project/g_bme-janeslab/SarahG/spinodal_decomp_06_2025/out_MATLAB/NMG_MATLAB_2000_dt_5.50e-06_Nx_256_neumann_n_relax_475p_phi.csv
MATLAB,NMG,256,neumann,450p,None (10),760,191.99575574966127,/project/g_bme-janeslab/SarahG/spinodal_decomp_06_2025/out_MATLAB/NMG_MATLAB_2000_dt_5.50e-06_Nx_256_neumann_n_relax_450p_phi.csv
MATLAB,SAV,512,periodic,425p,None (10),760,440.84399821095786,/project/g_bme-janeslab/SarahG/spinodal_decomp_06_2025/out_MATLAB/SAV_MATLAB_2000_dt_5.50e-06_Nx_512_periodic_n_relax_425p_phi.csv
MATLAB,NMG,64,neumann,475p,None (10),760,33.483008054918095,/project/g_bme-janeslab/SarahG/spinodal_decomp_06_2025/out_MATLAB/NMG_MATLAB_2000_dt_5.50e-06_Nx_64_neumann_n_relax_475p_phi.csv
MATLAB,SAV,128,periodic,475p,None (10),760,67.45070823731244,/project/g_bme-janeslab/SarahG/spinodal_decomp_06_2025/out_MATLAB/SAV_MATLAB_2000_dt_5.50e-06_Nx_128_periodic_n_relax_475p_phi.csv
MATLAB,SAV,256,neumann,475p,None (10),760,196.1494942378758,/project/g_bme-janeslab/SarahG/spinodal_decomp_06_2025/out_MATLAB/SAV_MATLAB_2000_dt_5.50e-06_Nx_256_neumann_n_relax_475p_phi.csv
MATLAB,NMG,512,periodic,450p,None (10),760,428.9440178053568,/project/g_bme-janeslab/SarahG/spinodal_decomp_06_2025/out_MATLAB/NMG_MATLAB_2000_dt_5.50e-06_Nx_512_periodic_n_relax_450p_phi.csv
MATLAB,SAV,64,periodic,425p,None (10),760,0.0,/project/g_bme-janeslab/SarahG/spinodal_decomp_06_2025/out_MATLAB/SAV_MATLAB_2000_dt_5.50e-06_Nx_64_periodic_n_relax_425p_phi.csv
MATLAB,SAV,512,neumann,425p,None (10),760,436.9789234746088,/project/g_bme-janeslab/SarahG/spinodal_decomp_06_2025/out_MATLAB/SAV_MATLAB_2000_dt_5.50e-06_Nx_512_neumann_n_relax_425p_phi.csv
MATLAB,SAV,128,neumann,475p,None (10),760,71.87211804500693,/project/g_bme-janeslab/SarahG/spinodal_decomp_06_2025/out_MATLAB/SAV_MATLAB_2000_dt_5.50e-06_Nx_128_neumann_n_relax_475p_phi.csv
MATLAB,SAV,512,neumann,450p,None (10),760,428.38414680045685,/project/g_bme-janeslab/SarahG/spinodal_decomp_06_2025/out_MATLAB/SAV_MATLAB_2000_dt_5.50e-06_Nx_512_neumann_n_relax_450p_phi.csv
MATLAB,SAV,256,periodic,475p,None (10),760,196.9881843150874,/project/g_bme-janeslab/SarahG/spinodal_decomp_06_2025/out_MATLAB/SAV_MATLAB_2000_dt_5.50e-06_Nx_256_periodic_n_relax_475p_phi.csv
MATLAB,NMG,256,periodic,450p,None (10),760,192.98028515558104,/project/g_bme-janeslab/SarahG/spinodal_decomp_06_2025/out_MATLAB/NMG_MATLAB_2000_dt_5.50e-06_Nx_256_periodic_n_relax_450p_phi.csv
MATLAB,SAV,128,neumann,450p,None (10),760,80.65590042004311,/project/g_bme-janeslab/SarahG/spinodal_decomp_06_2025/out_MATLAB/SAV_MATLAB_2000_dt_5.50e-06_Nx_128_neumann_n_relax_450p_phi.csv
MATLAB,NMG,64,periodic,475p,None (10),760,32.94960114729743,/project/g_bme-janeslab/SarahG/spinodal_decomp_06_2025/out_MATLAB/NMG_MATLAB_2000_dt_5.50e-06_Nx_64_periodic_n_relax_475p_phi.csv
MATLAB,NMG,512,periodic,425p,None (10),760,433.6756703936031,/project/g_bme-janeslab/SarahG/spinodal_decomp_06_2025/out_MATLAB/NMG_MATLAB_2000_dt_5.50e-06_Nx_512_periodic_n_relax_425p_phi.csv
MATLAB,NMG,128,periodic,450p,None (10),760,82.84027360337758,/project/g_bme-janeslab/SarahG/spinodal_decomp_06_2025/out_MATLAB/NMG_MATLAB_2000_dt_5.50e-06_Nx_128_periodic_n_relax_450p_phi.csv
MATLAB,NMG,128,neumann,475p,None (10),760,69.59850191706573,/project/g_bme-janeslab/SarahG/spinodal_decomp_06_2025/out_MATLAB/NMG_MATLAB_2000_dt_5.50e-06_Nx_128_neumann_n_relax_475p_phi.csv
MATLAB,NMG,256,periodic,425p,None (10),760,195.90378673591883,/project/g_bme-janeslab/SarahG/spinodal_decomp_06_2025/out_MATLAB/NMG_MATLAB_2000_dt_5.50e-06_Nx_256_periodic_n_relax_425p_phi.csv
MATLAB,SAV,64,periodic,475p,None (10),760,32.93550484471701,/project/g_bme-janeslab/SarahG/spinodal_decomp_06_2025/out_MATLAB/SAV_MATLAB_2000_dt_5.50e-06_Nx_64_periodic_n_relax_475p_phi.csv
MATLAB,NMG,512,neumann,475p,None (10),760,434.42473443767096,/project/g_bme-janeslab/SarahG/spinodal_decomp_06_2025/out_MATLAB/NMG_MATLAB_2000_dt_5.50e-06_Nx_512_neumann_n_relax_475p_phi.csv
MATLAB,NMG,64,periodic,425p,None (10),760,32.65292206851744,/project/g_bme-janeslab/SarahG/spinodal_decomp_06_2025/out_MATLAB/NMG_MATLAB_2000_dt_5.50e-06_Nx_64_periodic_n_relax_425p_phi.csv
MATLAB,SAV,64,neumann,450p,None (10),760,0.0,/project/g_bme-janeslab/SarahG/spinodal_decomp_06_2025/out_MATLAB/SAV_MATLAB_2000_dt_5.50e-06_Nx_64_neumann_n_relax_450p_phi.csv
MATLAB,NMG,64,neumann,425p,None (10),760,0.0,/project/g_bme-janeslab/SarahG/spinodal_decomp_06_2025/out_MATLAB/NMG_MATLAB_2000_dt_5.50e-06_Nx_64_neumann_n_relax_425p_phi.csv
MATLAB,SAV,256,periodic,450p,None (10),760,206.04029523555,/project/g_bme-janeslab/SarahG/spinodal_decomp_06_2025/out_MATLAB/SAV_MATLAB_2000_dt_5.50e-06_Nx_256_periodic_n_relax_450p_phi.csv
Python,NMG,128,neumann,50p,125,760,66.12165457900528,/project/g_bme-janeslab/SarahG/spinodal_decomp_06_2025/out_python/NMG_Python_20_dt_5.50e-06_Nx_128_neumann_dtout_125pphi.csv
Python,NMG,64,periodic,50p,175,760,36.721374125795776,/project/g_bme-janeslab/SarahG/spinodal_decomp_06_2025/out_python/NMG_Python_20_dt_5.50e-06_Nx_64_periodic_dtout_175pphi.csv
Python,NMG,256,periodic,50p,150,760,29.610286386436,/project/g_bme-janeslab/SarahG/spinodal_decomp_06_2025/out_python/NMG_Python_20_dt_5.50e-06_Nx_256_periodic_dtout_150pphi.csv
Python,NMG,128,neumann,50p,175,760,67.91918113666047,/project/g_bme-janeslab/SarahG/spinodal_decomp_06_2025/out_python/NMG_Python_20_dt_5.50e-06_Nx_128_neumann_dtout_175pphi.csv
Python,NMG,64,neumann,50p,150,760,20.933408455520308,/project/g_bme-janeslab/SarahG/spinodal_decomp_06_2025/out_python/NMG_Python_20_dt_5.50e-06_Nx_64_neumann_dtout_150pphi.csv
Python,NMG,256,neumann,50p,150,760,29.652225908882652,/project/g_bme-janeslab/SarahG/spinodal_decomp_06_2025/out_python/NMG_Python_20_dt_5.50e-06_Nx_256_neumann_dtout_150pphi.csv
Python,NMG,512,neumann,50p,125,760,256.26624077410446,/project/g_bme-janeslab/SarahG/spinodal_decomp_06_2025/out_python/NMG_Python_20_dt_5.50e-06_Nx_512_neumann_dtout_125pphi.csv
Python,NMG,256,neumann,50p,175,760,125.40404431594682,/project/g_bme-janeslab/SarahG/spinodal_decomp_06_2025/out_python/NMG_Python_20_dt_5.50e-06_Nx_256_neumann_dtout_175pphi.csv
Python,NMG,128,periodic,50p,150,760,28.103631118114766,/project/g_bme-janeslab/SarahG/spinodal_decomp_06_2025/out_python/NMG_Python_20_dt_5.50e-06_Nx_128_periodic_dtout_150pphi.csv
Python,NMG,256,neumann,50p,125,760,121.00076651596352,/project/g_bme-janeslab/SarahG/spinodal_decomp_06_2025/out_python/NMG_Python_20_dt_5.50e-06_Nx_256_neumann_dtout_125pphi.csv
Python,NMG,64,neumann,50p,175,760,36.96628108759765,/project/g_bme-janeslab/SarahG/spinodal_decomp_06_2025/out_python/NMG_Python_20_dt_5.50e-06_Nx_64_neumann_dtout_175pphi.csv
Python,NMG,256,periodic,50p,125,760,120.98519961894453,/project/g_bme-janeslab/SarahG/spinodal_decomp_06_2025/out_python/NMG_Python_20_dt_5.50e-06_Nx_256_periodic_dtout_125pphi.csv
Python,NMG,512,periodic,50p,150,760,79.53156419531045,/project/g_bme-janeslab/SarahG/spinodal_decomp_06_2025/out_python/NMG_Python_20_dt_5.50e-06_Nx_512_periodic_dtout_150pphi.csv
Python,NMG,64,neumann,50p,125,760,35.82415663032097,/project/g_bme-janeslab/SarahG/spinodal_decomp_06_2025/out_python/NMG_Python_20_dt_5.50e-06_Nx_64_neumann_dtout_125pphi.csv
Python,NMG,512,periodic,50p,125,760,256.20577027067594,/project/g_bme-janeslab/SarahG/spinodal_decomp_06_2025/out_python/NMG_Python_20_dt_5.50e-06_Nx_512_periodic_dtout_125pphi.csv
Python,NMG,128,periodic,50p,175,760,67.7571012928625,/project/g_bme-janeslab/SarahG/spinodal_decomp_06_2025/out_python/NMG_Python_20_dt_5.50e-06_Nx_128_periodic_dtout_175pphi.csv
Python,NMG,512,periodic,50p,175,760,252.84030026299575,/project/g_bme-janeslab/SarahG/spinodal_decomp_06_2025/out_python/NMG_Python_20_dt_5.50e-06_Nx_512_periodic_dtout_175pphi.csv
Python,NMG,128,neumann,50p,150,760,28.629710429621316,/project/g_bme-janeslab/SarahG/spinodal_decomp_06_2025/out_python/NMG_Python_20_dt_5.50e-06_Nx_128_neumann_dtout_150pphi.csv
Python,NMG,512,neumann,50p,175,760,252.86043499774647,/project/g_bme-janeslab/SarahG/spinodal_decomp_06_2025/out_python/NMG_Python_20_dt_5.50e-06_Nx_512_neumann_dtout_175pphi.csv
Python,NMG,512,neumann,50p,150,760,79.9694997994893,/project/g_bme-janeslab/SarahG/spinodal_decomp_06_2025/out_python/NMG_Python_20_dt_5.50e-06_Nx_512_neumann_dtout_150pphi.csv
Python,NMG,64,periodic,50p,125,760,35.61084907498773,/project/g_bme-janeslab/SarahG/spinodal_decomp_06_2025/out_python/NMG_Python_20_dt_5.50e-06_Nx_64_periodic_dtout_125pphi.csv
Python,NMG,256,periodic,50p,175,760,125.32157552844417,/project/g_bme-janeslab/SarahG/spinodal_decomp_06_2025/out_python/NMG_Python_20_dt_5.50e-06_Nx_256_periodic_dtout_175pphi.csv
Python,NMG,64,periodic,50p,150,760,20.477337695660875,/project/g_bme-janeslab/SarahG/spinodal_decomp_06_2025/out_python/NMG_Python_20_dt_5.50e-06_Nx_64_periodic_dtout_150pphi.csv
Python,NMG,128,periodic,50p,125,760,66.07091069264106,/project/g_bme-janeslab/SarahG/spinodal_decomp_06_2025/out_python/NMG_Python_20_dt_5.50e-06_Nx_128_periodic_dtout_125pphi.csv
MATLAB,SAV,64,periodic,450p,None (10),800,29.537164103020608,/project/g_bme-janeslab/SarahG/spinodal_decomp_06_2025/out_MATLAB/SAV_MATLAB_2000_dt_5.50e-06_Nx_64_periodic_n_relax_450p_phi.csv
MATLAB,NMG,512,periodic,475p,None (10),800,434.4000636726496,/project/g_bme-janeslab/SarahG/spinodal_decomp_06_2025/out_MATLAB/NMG_MATLAB_2000_dt_5.50e-06_Nx_512_periodic_n_relax_475p_phi.csv
MATLAB,NMG,512,neumann,450p,None (10),800,429.71512473756354,/project/g_bme-janeslab/SarahG/spinodal_decomp_06_2025/out_MATLAB/NMG_MATLAB_2000_dt_5.50e-06_Nx_512_neumann_n_relax_450p_phi.csv
MATLAB,SAV,256,neumann,450p,None (10),800,192.85554520569227,/project/g_bme-janeslab/SarahG/spinodal_decomp_06_2025/out_MATLAB/SAV_MATLAB_2000_dt_5.50e-06_Nx_256_neumann_n_relax_450p_phi.csv
MATLAB,SAV,64,neumann,475p,None (10),800,33.49575225980761,/project/g_bme-janeslab/SarahG/spinodal_decomp_06_2025/out_MATLAB/SAV_MATLAB_2000_dt_5.50e-06_Nx_64_neumann_n_relax_475p_phi.csv
MATLAB,NMG,256,periodic,475p,None (10),800,198.48854752735565,/project/g_bme-janeslab/SarahG/spinodal_decomp_06_2025/out_MATLAB/NMG_MATLAB_2000_dt_5.50e-06_Nx_256_periodic_n_relax_475p_phi.csv
MATLAB,NMG,128,neumann,425p,None (10),800,85.11652457181131,/project/g_bme-janeslab/SarahG/spinodal_decomp_06_2025/out_MATLAB/NMG_MATLAB_2000_dt_5.50e-06_Nx_128_neumann_n_relax_425p_phi.csv
MATLAB,SAV,256,periodic,425p,None (10),800,0.0,/project/g_bme-janeslab/SarahG/spinodal_decomp_06_2025/out_MATLAB/SAV_MATLAB_2000_dt_5.50e-06_Nx_256_periodic_n_relax_425p_phi.csv
MATLAB,NMG,128,periodic,475p,None (10),800,67.58032117731526,/project/g_bme-janeslab/SarahG/spinodal_decomp_06_2025/out_MATLAB/NMG_MATLAB_2000_dt_5.50e-06_Nx_128_periodic_n_relax_475p_phi.csv
MATLAB,SAV,128,periodic,450p,None (10),800,82.7456846702638,/project/g_bme-janeslab/SarahG/spinodal_decomp_06_2025/out_MATLAB/SAV_MATLAB_2000_dt_5.50e-06_Nx_128_periodic_n_relax_450p_phi.csv
MATLAB,NMG,128,neumann,450p,None (10),800,78.46207971929947,/project/g_bme-janeslab/SarahG/spinodal_decomp_06_2025/out_MATLAB/NMG_MATLAB_2000_dt_5.50e-06_Nx_128_neumann_n_relax_450p_phi.csv
MATLAB,SAV,256,neumann,425p,None (10),800,196.71294665250485,/project/g_bme-janeslab/SarahG/spinodal_decomp_06_2025/out_MATLAB/SAV_MATLAB_2000_dt_5.50e-06_Nx_256_neumann_n_relax_425p_phi.csv
MATLAB,SAV,512,periodic,450p,None (10),800,451.76071623746384,/project/g_bme-janeslab/SarahG/spinodal_decomp_06_2025/out_MATLAB/SAV_MATLAB_2000_dt_5.50e-06_Nx_512_periodic_n_relax_450p_phi.csv
MATLAB,SAV,128,periodic,425p,None (10),800,82.78107836206514,/project/g_bme-janeslab/SarahG/spinodal_decomp_06_2025/out_MATLAB/SAV_MATLAB_2000_dt_5.50e-06_Nx_128_periodic_n_relax_425p_phi.csv
MATLAB,NMG,512,neumann,425p,None (10),800,434.4935150054431,/project/g_bme-janeslab/SarahG/spinodal_decomp_06_2025/out_MATLAB/NMG_MATLAB_2000_dt_5.50e-06_Nx_512_neumann_n_relax_425p_phi.csv
MATLAB,NMG,64,neumann,450p,None (10),800,0.0,/project/g_bme-janeslab/SarahG/spinodal_decomp_06_2025/out_MATLAB/NMG_MATLAB_2000_dt_5.50e-06_Nx_64_neumann_n_relax_450p_phi.csv
MATLAB,NMG,64,periodic,450p,None (10),800,19.837356373270627,/project/g_bme-janeslab/SarahG/spinodal_decomp_06_2025/out_MATLAB/NMG_MATLAB_2000_dt_5.50e-06_Nx_64_periodic_n_relax_450p_phi.csv
MATLAB,NMG,256,neumann,425p,None (10),800,198.67463202045604,/project/g_bme-janeslab/SarahG/spinodal_decomp_06_2025/out_MATLAB/NMG_MATLAB_2000_dt_5.50e-06_Nx_256_neumann_n_relax_425p_phi.csv
MATLAB,SAV,64,neumann,425p,None (10),800,0.0,/project/g_bme-janeslab/SarahG/spinodal_decomp_06_2025/out_MATLAB/SAV_MATLAB_2000_dt_5.50e-06_Nx_64_neumann_n_relax_425p_phi.csv
MATLAB,SAV,128,neumann,425p,None (10),800,0.0,/project/g_bme-janeslab/SarahG/spinodal_decomp_06_2025/out_MATLAB/SAV_MATLAB_2000_dt_5.50e-06_Nx_128_neumann_n_relax_425p_phi.csv
MATLAB,NMG,128,periodic,425p,None (10),800,69.19971274853889,/project/g_bme-janeslab/SarahG/spinodal_decomp_06_2025/out_MATLAB/NMG_MATLAB_2000_dt_5.50e-06_Nx_128_periodic_n_relax_425p_phi.csv
MATLAB,SAV,512,periodic,475p,None (10),800,439.97422383461134,/project/g_bme-janeslab/SarahG/spinodal_decomp_06_2025/out_MATLAB/SAV_MATLAB_2000_dt_5.50e-06_Nx_512_periodic_n_relax_475p_phi.csv
MATLAB,SAV,512,neumann,475p,None (10),800,442.5282420594406,/project/g_bme-janeslab/SarahG/spinodal_decomp_06_2025/out_MATLAB/SAV_MATLAB_2000_dt_5.50e-06_Nx_512_neumann_n_relax_475p_phi.csv
MATLAB,NMG,256,neumann,475p,None (10),800,197.63665757109476,/project/g_bme-janeslab/SarahG/spinodal_decomp_06_2025/out_MATLAB/NMG_MATLAB_2000_dt_5.50e-06_Nx_256_neumann_n_relax_475p_phi.csv
MATLAB,NMG,256,neumann,450p,None (10),800,192.95856774373138,/project/g_bme-janeslab/SarahG/spinodal_decomp_06_2025/out_MATLAB/NMG_MATLAB_2000_dt_5.50e-06_Nx_256_neumann_n_relax_450p_phi.csv
MATLAB,SAV,512,periodic,425p,None (10),800,441.74307167894295,/project/g_bme-janeslab/SarahG/spinodal_decomp_06_2025/out_MATLAB/SAV_MATLAB_2000_dt_5.50e-06_Nx_512_periodic_n_relax_425p_phi.csv
MATLAB,NMG,64,neumann,475p,None (10),800,33.51401733189652,/project/g_bme-janeslab/SarahG/spinodal_decomp_06_2025/out_MATLAB/NMG_MATLAB_2000_dt_5.50e-06_Nx_64_neumann_n_relax_475p_phi.csv
MATLAB,SAV,128,periodic,475p,None (10),800,67.82987231056316,/project/g_bme-janeslab/SarahG/spinodal_decomp_06_2025/out_MATLAB/SAV_MATLAB_2000_dt_5.50e-06_Nx_128_periodic_n_relax_475p_phi.csv
MATLAB,SAV,256,neumann,475p,None (10),800,197.6998895556551,/project/g_bme-janeslab/SarahG/spinodal_decomp_06_2025/out_MATLAB/SAV_MATLAB_2000_dt_5.50e-06_Nx_256_neumann_n_relax_475p_phi.csv
MATLAB,NMG,512,periodic,450p,None (10),800,430.3630688814231,/project/g_bme-janeslab/SarahG/spinodal_decomp_06_2025/out_MATLAB/NMG_MATLAB_2000_dt_5.50e-06_Nx_512_periodic_n_relax_450p_phi.csv
MATLAB,SAV,64,periodic,425p,None (10),800,0.0,/project/g_bme-janeslab/SarahG/spinodal_decomp_06_2025/out_MATLAB/SAV_MATLAB_2000_dt_5.50e-06_Nx_64_periodic_n_relax_425p_phi.csv
MATLAB,SAV,512,neumann,425p,None (10),800,437.88063012664446,/project/g_bme-janeslab/SarahG/spinodal_decomp_06_2025/out_MATLAB/SAV_MATLAB_2000_dt_5.50e-06_Nx_512_neumann_n_relax_425p_phi.csv
MATLAB,SAV,128,neumann,475p,None (10),800,72.45197528962113,/project/g_bme-janeslab/SarahG/spinodal_decomp_06_2025/out_MATLAB/SAV_MATLAB_2000_dt_5.50e-06_Nx_128_neumann_n_relax_475p_phi.csv
MATLAB,SAV,512,neumann,450p,None (10),800,429.9152544284589,/project/g_bme-janeslab/SarahG/spinodal_decomp_06_2025/out_MATLAB/SAV_MATLAB_2000_dt_5.50e-06_Nx_512_neumann_n_relax_450p_phi.csv
MATLAB,SAV,256,periodic,475p,None (10),800,198.56113342860547,/project/g_bme-janeslab/SarahG/spinodal_decomp_06_2025/out_MATLAB/SAV_MATLAB_2000_dt_5.50e-06_Nx_256_periodic_n_relax_475p_phi.csv
MATLAB,NMG,256,periodic,450p,None (10),800,193.96911482553784,/project/g_bme-janeslab/SarahG/spinodal_decomp_06_2025/out_MATLAB/NMG_MATLAB_2000_dt_5.50e-06_Nx_256_periodic_n_relax_450p_phi.csv
MATLAB,SAV,128,neumann,450p,None (10),800,81.37729428041816,/project/g_bme-janeslab/SarahG/spinodal_decomp_06_2025/out_MATLAB/SAV_MATLAB_2000_dt_5.50e-06_Nx_128_neumann_n_relax_450p_phi.csv
MATLAB,NMG,64,periodic,475p,None (10),800,32.95675530622842,/project/g_bme-janeslab/SarahG/spinodal_decomp_06_2025/out_MATLAB/NMG_MATLAB_2000_dt_5.50e-06_Nx_64_periodic_n_relax_475p_phi.csv
MATLAB,NMG,512,periodic,425p,None (10),800,434.22234593688233,/project/g_bme-janeslab/SarahG/spinodal_decomp_06_2025/out_MATLAB/NMG_MATLAB_2000_dt_5.50e-06_Nx_512_periodic_n_relax_425p_phi.csv
MATLAB,NMG,128,periodic,450p,None (10),800,83.44540321609836,/project/g_bme-janeslab/SarahG/spinodal_decomp_06_2025/out_MATLAB/NMG_MATLAB_2000_dt_5.50e-06_Nx_128_periodic_n_relax_450p_phi.csv
MATLAB,NMG,128,neumann,475p,None (10),800,70.08136109479923,/project/g_bme-janeslab/SarahG/spinodal_decomp_06_2025/out_MATLAB/NMG_MATLAB_2000_dt_5.50e-06_Nx_128_neumann_n_relax_475p_phi.csv
MATLAB,NMG,256,periodic,425p,None (10),800,197.25424514201185,/project/g_bme-janeslab/SarahG/spinodal_decomp_06_2025/out_MATLAB/NMG_MATLAB_2000_dt_5.50e-06_Nx_256_periodic_n_relax_425p_phi.csv
MATLAB,SAV,64,periodic,475p,None (10),800,32.94235291368134,/project/g_bme-janeslab/SarahG/spinodal_decomp_06_2025/out_MATLAB/SAV_MATLAB_2000_dt_5.50e-06_Nx_64_periodic_n_relax_475p_phi.csv
MATLAB,NMG,512,neumann,475p,None (10),800,435.1847719848242,/project/g_bme-janeslab/SarahG/spinodal_decomp_06_2025/out_MATLAB/NMG_MATLAB_2000_dt_5.50e-06_Nx_512_neumann_n_relax_475p_phi.csv
MATLAB,NMG,64,periodic,425p,None (10),800,32.65156096870538,/project/g_bme-janeslab/SarahG/spinodal_decomp_06_2025/out_MATLAB/NMG_MATLAB_2000_dt_5.50e-06_Nx_64_periodic_n_relax_425p_phi.csv
MATLAB,SAV,64,neumann,450p,None (10),800,0.0,/project/g_bme-janeslab/SarahG/spinodal_decomp_06_2025/out_MATLAB/SAV_MATLAB_2000_dt_5.50e-06_Nx_64_neumann_n_relax_450p_phi.csv
MATLAB,NMG,64,neumann,425p,None (10),800,0.0,/project/g_bme-janeslab/SarahG/spinodal_decomp_06_2025/out_MATLAB/NMG_MATLAB_2000_dt_5.50e-06_Nx_64_neumann_n_relax_425p_phi.csv
MATLAB,SAV,256,periodic,450p,None (10),800,206.39528270503362,/project/g_bme-janeslab/SarahG/spinodal_decomp_06_2025/out_MATLAB/SAV_MATLAB_2000_dt_5.50e-06_Nx_256_periodic_n_relax_450p_phi.csv
Python,NMG,128,neumann,50p,125,800,66.07190944013578,/project/g_bme-janeslab/SarahG/spinodal_decomp_06_2025/out_python/NMG_Python_20_dt_5.50e-06_Nx_128_neumann_dtout_125pphi.csv
Python,NMG,64,periodic,50p,175,800,36.61725305026063,/project/g_bme-janeslab/SarahG/spinodal_decomp_06_2025/out_python/NMG_Python_20_dt_5.50e-06_Nx_64_periodic_dtout_175pphi.csv
Python,NMG,256,periodic,50p,150,800,29.679936661632787,/project/g_bme-janeslab/SarahG/spinodal_decomp_06_2025/out_python/NMG_Python_20_dt_5.50e-06_Nx_256_periodic_dtout_150pphi.csv
Python,NMG,128,neumann,50p,175,800,67.84345399734639,/project/g_bme-janeslab/SarahG/spinodal_decomp_06_2025/out_python/NMG_Python_20_dt_5.50e-06_Nx_128_neumann_dtout_175pphi.csv
Python,NMG,64,neumann,50p,150,800,20.708284216552805,/project/g_bme-janeslab/SarahG/spinodal_decomp_06_2025/out_python/NMG_Python_20_dt_5.50e-06_Nx_64_neumann_dtout_150pphi.csv
Python,NMG,256,neumann,50p,150,800,29.72185764417281,/project/g_bme-janeslab/SarahG/spinodal_decomp_06_2025/out_python/NMG_Python_20_dt_5.50e-06_Nx_256_neumann_dtout_150pphi.csv
Python,NMG,512,neumann,50p,125,800,256.23303125655,/project/g_bme-janeslab/SarahG/spinodal_decomp_06_2025/out_python/NMG_Python_20_dt_5.50e-06_Nx_512_neumann_dtout_125pphi.csv
Python,NMG,256,neumann,50p,175,800,125.36702164176691,/project/g_bme-janeslab/SarahG/spinodal_decomp_06_2025/out_python/NMG_Python_20_dt_5.50e-06_Nx_256_neumann_dtout_175pphi.csv
Python,NMG,128,periodic,50p,150,800,27.893855164264618,/project/g_bme-janeslab/SarahG/spinodal_decomp_06_2025/out_python/NMG_Python_20_dt_5.50e-06_Nx_128_periodic_dtout_150pphi.csv
Python,NMG,256,neumann,50p,125,800,120.99248260540985,/project/g_bme-janeslab/SarahG/spinodal_decomp_06_2025/out_python/NMG_Python_20_dt_5.50e-06_Nx_256_neumann_dtout_125pphi.csv
Python,NMG,64,neumann,50p,175,800,36.86187462829383,/project/g_bme-janeslab/SarahG/spinodal_decomp_06_2025/out_python/NMG_Python_20_dt_5.50e-06_Nx_64_neumann_dtout_175pphi.csv
Python,NMG,256,periodic,50p,125,800,120.97676491432844,/project/g_bme-janeslab/SarahG/spinodal_decomp_06_2025/out_python/NMG_Python_20_dt_5.50e-06_Nx_256_periodic_dtout_125pphi.csv
Python,NMG,512,periodic,50p,150,800,80.50301919911342,/project/g_bme-janeslab/SarahG/spinodal_decomp_06_2025/out_python/NMG_Python_20_dt_5.50e-06_Nx_512_periodic_dtout_150pphi.csv
Python,NMG,64,neumann,50p,125,800,35.725238200378506,/project/g_bme-janeslab/SarahG/spinodal_decomp_06_2025/out_python/NMG_Python_20_dt_5.50e-06_Nx_64_neumann_dtout_125pphi.csv
Python,NMG,512,periodic,50p,125,800,256.1727973909859,/project/g_bme-janeslab/SarahG/spinodal_decomp_06_2025/out_python/NMG_Python_20_dt_5.50e-06_Nx_512_periodic_dtout_125pphi.csv
Python,NMG,128,periodic,50p,175,800,67.68369178952827,/project/g_bme-janeslab/SarahG/spinodal_decomp_06_2025/out_python/NMG_Python_20_dt_5.50e-06_Nx_128_periodic_dtout_175pphi.csv
Python,NMG,512,periodic,50p,175,800,252.82547172786502,/project/g_bme-janeslab/SarahG/spinodal_decomp_06_2025/out_python/NMG_Python_20_dt_5.50e-06_Nx_512_periodic_dtout_175pphi.csv
Python,NMG,128,neumann,50p,150,800,28.423102962368738,/project/g_bme-janeslab/SarahG/spinodal_decomp_06_2025/out_python/NMG_Python_20_dt_5.50e-06_Nx_128_neumann_dtout_150pphi.csv
Python,NMG,512,neumann,50p,175,800,252.845637867016,/project/g_bme-janeslab/SarahG/spinodal_decomp_06_2025/out_python/NMG_Python_20_dt_5.50e-06_Nx_512_neumann_dtout_175pphi.csv
Python,NMG,512,neumann,50p,150,800,80.94064891837183,/project/g_bme-janeslab/SarahG/spinodal_decomp_06_2025/out_python/NMG_Python_20_dt_5.50e-06_Nx_512_neumann_dtout_150pphi.csv
Python,NMG,64,periodic,50p,125,800,35.512460443506434,/project/g_bme-janeslab/SarahG/spinodal_decomp_06_2025/out_python/NMG_Python_20_dt_5.50e-06_Nx_64_periodic_dtout_125pphi.csv
Python,NMG,256,periodic,50p,175,800,125.28458231677716,/project/g_bme-janeslab/SarahG/spinodal_decomp_06_2025/out_python/NMG_Python_20_dt_5.50e-06_Nx_256_periodic_dtout_175pphi.csv
Python,NMG,64,periodic,50p,150,800,20.249115818081734,/project/g_bme-janeslab/SarahG/spinodal_decomp_06_2025/out_python/NMG_Python_20_dt_5.50e-06_Nx_64_periodic_dtout_150pphi.csv
Python,NMG,128,periodic,50p,125,800,66.02144289860618,/project/g_bme-janeslab/SarahG/spinodal_decomp_06_2025/out_python/NMG_Python_20_dt_5.50e-06_Nx_128_periodic_dtout_125pphi.csv
MATLAB,SAV,64,periodic,450p,None (10),840,30.01987316980512,/project/g_bme-janeslab/SarahG/spinodal_decomp_06_2025/out_MATLAB/SAV_MATLAB_2000_dt_5.50e-06_Nx_64_periodic_n_relax_450p_phi.csv
MATLAB,NMG,512,periodic,475p,None (10),840,435.1358177684383,/project/g_bme-janeslab/SarahG/spinodal_decomp_06_2025/out_MATLAB/NMG_MATLAB_2000_dt_5.50e-06_Nx_512_periodic_n_relax_475p_phi.csv
MATLAB,NMG,512,neumann,450p,None (10),840,431.13776735159456,/project/g_bme-janeslab/SarahG/spinodal_decomp_06_2025/out_MATLAB/NMG_MATLAB_2000_dt_5.50e-06_Nx_512_neumann_n_relax_450p_phi.csv
MATLAB,SAV,256,neumann,450p,None (10),840,193.75387175828158,/project/g_bme-janeslab/SarahG/spinodal_decomp_06_2025/out_MATLAB/SAV_MATLAB_2000_dt_5.50e-06_Nx_256_neumann_n_relax_450p_phi.csv
MATLAB,SAV,64,neumann,475p,None (10),840,33.527793336334895,/project/g_bme-janeslab/SarahG/spinodal_decomp_06_2025/out_MATLAB/SAV_MATLAB_2000_dt_5.50e-06_Nx_64_neumann_n_relax_475p_phi.csv
MATLAB,NMG,256,periodic,475p,None (10),840,199.89483533332475,/project/g_bme-janeslab/SarahG/spinodal_decomp_06_2025/out_MATLAB/NMG_MATLAB_2000_dt_5.50e-06_Nx_256_periodic_n_relax_475p_phi.csv
MATLAB,NMG,128,neumann,425p,None (10),840,85.80851644647758,/project/g_bme-janeslab/SarahG/spinodal_decomp_06_2025/out_MATLAB/NMG_MATLAB_2000_dt_5.50e-06_Nx_128_neumann_n_relax_425p_phi.csv
MATLAB,SAV,256,periodic,425p,None (10),840,0.0,/project/g_bme-janeslab/SarahG/spinodal_decomp_06_2025/out_MATLAB/SAV_MATLAB_2000_dt_5.50e-06_Nx_256_periodic_n_relax_425p_phi.csv
MATLAB,NMG,128,periodic,475p,None (10),840,67.9656271737912,/project/g_bme-janeslab/SarahG/spinodal_decomp_06_2025/out_MATLAB/NMG_MATLAB_2000_dt_5.50e-06_Nx_128_periodic_n_relax_475p_phi.csv
MATLAB,SAV,128,periodic,450p,None (10),840,83.34018299637562,/project/g_bme-janeslab/SarahG/spinodal_decomp_06_2025/out_MATLAB/SAV_MATLAB_2000_dt_5.50e-06_Nx_128_periodic_n_relax_450p_phi.csv
MATLAB,NMG,128,neumann,450p,None (10),840,79.45451085847503,/project/g_bme-janeslab/SarahG/spinodal_decomp_06_2025/out_MATLAB/NMG_MATLAB_2000_dt_5.50e-06_Nx_128_neumann_n_relax_450p_phi.csv
MATLAB,SAV,256,neumann,425p,None (10),840,197.85324912173587,/project/g_bme-janeslab/SarahG/spinodal_decomp_06_2025/out_MATLAB/SAV_MATLAB_2000_dt_5.50e-06_Nx_256_neumann_n_relax_425p_phi.csv
MATLAB,SAV,512,periodic,450p,None (10),840,0.0,/project/g_bme-janeslab/SarahG/spinodal_decomp_06_2025/out_MATLAB/SAV_MATLAB_2000_dt_5.50e-06_Nx_512_periodic_n_relax_450p_phi.csv
MATLAB,SAV,128,periodic,425p,None (10),840,83.42786042463263,/project/g_bme-janeslab/SarahG/spinodal_decomp_06_2025/out_MATLAB/SAV_MATLAB_2000_dt_5.50e-06_Nx_128_periodic_n_relax_425p_phi.csv
MATLAB,NMG,512,neumann,425p,None (10),840,435.0768832214885,/project/g_bme-janeslab/SarahG/spinodal_decomp_06_2025/out_MATLAB/NMG_MATLAB_2000_dt_5.50e-06_Nx_512_neumann_n_relax_425p_phi.csv
MATLAB,NMG,64,neumann,450p,None (10),840,0.0,/project/g_bme-janeslab/SarahG/spinodal_decomp_06_2025/out_MATLAB/NMG_MATLAB_2000_dt_5.50e-06_Nx_64_neumann_n_relax_450p_phi.csv
MATLAB,NMG,64,periodic,450p,None (10),840,20.398275267799633,/project/g_bme-janeslab/SarahG/spinodal_decomp_06_2025/out_MATLAB/NMG_MATLAB_2000_dt_5.50e-06_Nx_64_periodic_n_relax_450p_phi.csv
MATLAB,NMG,256,neumann,425p,None (10),840,199.71554245010128,/project/g_bme-janeslab/SarahG/spinodal_decomp_06_2025/out_MATLAB/NMG_MATLAB_2000_dt_5.50e-06_Nx_256_neumann_n_relax_425p_phi.csv
MATLAB,SAV,64,neumann,425p,None (10),840,0.0,/project/g_bme-janeslab/SarahG/spinodal_decomp_06_2025/out_MATLAB/SAV_MATLAB_2000_dt_5.50e-06_Nx_64_neumann_n_relax_425p_phi.csv
MATLAB,SAV,128,neumann,425p,None (10),840,0.0,/project/g_bme-janeslab/SarahG/spinodal_decomp_06_2025/out_MATLAB/SAV_MATLAB_2000_dt_5.50e-06_Nx_128_neumann_n_relax_425p_phi.csv
MATLAB,NMG,128,periodic,425p,None (10),840,69.70436701769744,/project/g_bme-janeslab/SarahG/spinodal_decomp_06_2025/out_MATLAB/NMG_MATLAB_2000_dt_5.50e-06_Nx_128_periodic_n_relax_425p_phi.csv
MATLAB,SAV,512,periodic,475p,None (10),840,440.51410911916616,/project/g_bme-janeslab/SarahG/spinodal_decomp_06_2025/out_MATLAB/SAV_MATLAB_2000_dt_5.50e-06_Nx_512_periodic_n_relax_475p_phi.csv
MATLAB,SAV,512,neumann,475p,None (10),840,443.1897339151012,/project/g_bme-janeslab/SarahG/spinodal_decomp_06_2025/out_MATLAB/SAV_MATLAB_2000_dt_5.50e-06_Nx_512_neumann_n_relax_475p_phi.csv
MATLAB,NMG,256,neumann,475p,None (10),840,199.03238620760968,/project/g_bme-janeslab/SarahG/spinodal_decomp_06_2025/out_MATLAB/NMG_MATLAB_2000_dt_5.50e-06_Nx_256_neumann_n_relax_475p_phi.csv
MATLAB,NMG,256,neumann,450p,None (10),840,193.85694670228017,/project/g_bme-janeslab/SarahG/spinodal_decomp_06_2025/out_MATLAB/NMG_MATLAB_2000_dt_5.50e-06_Nx_256_neumann_n_relax_450p_phi.csv
MATLAB,SAV,512,periodic,425p,None (10),840,442.2367924933271,/project/g_bme-janeslab/SarahG/spinodal_decomp_06_2025/out_MATLAB/SAV_MATLAB_2000_dt_5.50e-06_Nx_512_periodic_n_relax_425p_phi.csv
MATLAB,NMG,64,neumann,475p,None (10),840,33.54687279481983,/project/g_bme-janeslab/SarahG/spinodal_decomp_06_2025/out_MATLAB/NMG_MATLAB_2000_dt_5.50e-06_Nx_64_neumann_n_relax_475p_phi.csv
MATLAB,SAV,128,periodic,475p,None (10),840,68.22903572887728,/project/g_bme-janeslab/SarahG/spinodal_decomp_06_2025/out_MATLAB/SAV_MATLAB_2000_dt_5.50e-06_Nx_128_periodic_n_relax_475p_phi.csv
MATLAB,SAV,256,neumann,475p,None (10),840,199.0316868356532,/project/g_bme-janeslab/SarahG/spinodal_decomp_06_2025/out_MATLAB/SAV_MATLAB_2000_dt_5.50e-06_Nx_256_neumann_n_relax_475p_phi.csv
MATLAB,NMG,512,periodic,450p,None (10),840,431.60607646646395,/project/g_bme-janeslab/SarahG/spinodal_decomp_06_2025/out_MATLAB/NMG_MATLAB_2000_dt_5.50e-06_Nx_512_periodic_n_relax_450p_phi.csv
MATLAB,SAV,64,periodic,425p,None (10),840,0.0,/project/g_bme-janeslab/SarahG/spinodal_decomp_06_2025/out_MATLAB/SAV_MATLAB_2000_dt_5.50e-06_Nx_64_periodic_n_relax_425p_phi.csv
MATLAB,SAV,512,neumann,425p,None (10),840,438.98727817019835,/project/g_bme-janeslab/SarahG/spinodal_decomp_06_2025/out_MATLAB/SAV_MATLAB_2000_dt_5.50e-06_Nx_512_neumann_n_relax_425p_phi.csv
MATLAB,SAV,128,neumann,475p,None (10),840,73.05600983785905,/project/g_bme-janeslab/SarahG/spinodal_decomp_06_2025/out_MATLAB/SAV_MATLAB_2000_dt_5.50e-06_Nx_128_neumann_n_relax_475p_phi.csv
MATLAB,SAV,512,neumann,450p,None (10),840,431.3523126881643,/project/g_bme-janeslab/SarahG/spinodal_decomp_06_2025/out_MATLAB/SAV_MATLAB_2000_dt_5.50e-06_Nx_512_neumann_n_relax_450p_phi.csv
MATLAB,SAV,256,periodic,475p,None (10),840,199.88963598066258,/project/g_bme-janeslab/SarahG/spinodal_decomp_06_2025/out_MATLAB/SAV_MATLAB_2000_dt_5.50e-06_Nx_256_periodic_n_relax_475p_phi.csv
MATLAB,NMG,256,periodic,450p,None (10),840,194.89466216879387,/project/g_bme-janeslab/SarahG/spinodal_decomp_06_2025/out_MATLAB/NMG_MATLAB_2000_dt_5.50e-06_Nx_256_periodic_n_relax_450p_phi.csv
MATLAB,SAV,128,neumann,450p,None (10),840,82.02464125915664,/project/g_bme-janeslab/SarahG/spinodal_decomp_06_2025/out_MATLAB/SAV_MATLAB_2000_dt_5.50e-06_Nx_128_neumann_n_relax_450p_phi.csv
MATLAB,NMG,64,periodic,475p,None (10),840,32.96490122203576,/project/g_bme-janeslab/SarahG/spinodal_decomp_06_2025/out_MATLAB/NMG_MATLAB_2000_dt_5.50e-06_Nx_64_periodic_n_relax_475p_phi.csv
MATLAB,NMG,512,periodic,425p,None (10),840,435.0406599268825,/project/g_bme-janeslab/SarahG/spinodal_decomp_06_2025/out_MATLAB/NMG_MATLAB_2000_dt_5.50e-06_Nx_512_periodic_n_relax_425p_phi.csv
MATLAB,NMG,128,periodic,450p,None (10),840,84.0000957685442,/project/g_bme-janeslab/SarahG/spinodal_decomp_06_2025/out_MATLAB/NMG_MATLAB_2000_dt_5.50e-06_Nx_128_periodic_n_relax_450p_phi.csv
MATLAB,NMG,128,neumann,475p,None (10),840,70.58468512363456,/project/g_bme-janeslab/SarahG/spinodal_decomp_06_2025/out_MATLAB/NMG_MATLAB_2000_dt_5.50e-06_Nx_128_neumann_n_relax_475p_phi.csv
MATLAB,NMG,256,periodic,425p,None (10),840,198.3985465358466,/project/g_bme-janeslab/SarahG/spinodal_decomp_06_2025/out_MATLAB/NMG_MATLAB_2000_dt_5.50e-06_Nx_256_periodic_n_relax_425p_phi.csv
MATLAB,SAV,64,periodic,475p,None (10),840,32.950149780298474,/project/g_bme-janeslab/SarahG/spinodal_decomp_06_2025/out_MATLAB/SAV_MATLAB_2000_dt_5.50e-06_Nx_64_periodic_n_relax_475p_phi.csv
MATLAB,NMG,512,neumann,475p,None (10),840,436.01841921904355,/project/g_bme-janeslab/SarahG/spinodal_decomp_06_2025/out_MATLAB/NMG_MATLAB_2000_dt_5.50e-06_Nx_512_neumann_n_relax_475p_phi.csv
MATLAB,NMG,64,periodic,425p,None (10),840,32.65102925129513,/project/g_bme-janeslab/SarahG/spinodal_decomp_06_2025/out_MATLAB/NMG_MATLAB_2000_dt_5.50e-06_Nx_64_periodic_n_relax_425p_phi.csv
MATLAB,SAV,64,neumann,450p,None (10),840,0.0,/project/g_bme-janeslab/SarahG/spinodal_decomp_06_2025/out_MATLAB/SAV_MATLAB_2000_dt_5.50e-06_Nx_64_neumann_n_relax_450p_phi.csv
MATLAB,NMG,64,neumann,425p,None (10),840,0.0,/project/g_bme-janeslab/SarahG/spinodal_decomp_06_2025/out_MATLAB/NMG_MATLAB_2000_dt_5.50e-06_Nx_64_neumann_n_relax_425p_phi.csv
MATLAB,SAV,256,periodic,450p,None (10),840,206.74451738442335,/project/g_bme-janeslab/SarahG/spinodal_decomp_06_2025/out_MATLAB/SAV_MATLAB_2000_dt_5.50e-06_Nx_256_periodic_n_relax_450p_phi.csv
Python,NMG,128,neumann,50p,125,840,66.02135432313959,/project/g_bme-janeslab/SarahG/spinodal_decomp_06_2025/out_python/NMG_Python_20_dt_5.50e-06_Nx_128_neumann_dtout_125pphi.csv
Python,NMG,64,periodic,50p,175,840,36.501501908834356,/project/g_bme-janeslab/SarahG/spinodal_decomp_06_2025/out_python/NMG_Python_20_dt_5.50e-06_Nx_64_periodic_dtout_175pphi.csv
Python,NMG,256,periodic,50p,150,840,29.752692897998685,/project/g_bme-janeslab/SarahG/spinodal_decomp_06_2025/out_python/NMG_Python_20_dt_5.50e-06_Nx_256_periodic_dtout_150pphi.csv
Python,NMG,128,neumann,50p,175,840,67.77130072816996,/project/g_bme-janeslab/SarahG/spinodal_decomp_06_2025/out_python/NMG_Python_20_dt_5.50e-06_Nx_128_neumann_dtout_175pphi.csv
Python,NMG,64,neumann,50p,150,840,20.50783311156772,/project/g_bme-janeslab/SarahG/spinodal_decomp_06_2025/out_python/NMG_Python_20_dt_5.50e-06_Nx_64_neumann_dtout_150pphi.csv
Python,NMG,256,neumann,50p,150,840,29.79535035278436,/project/g_bme-janeslab/SarahG/spinodal_decomp_06_2025/out_python/NMG_Python_20_dt_5.50e-06_Nx_256_neumann_dtout_150pphi.csv
Python,NMG,512,neumann,50p,125,840,256.2019166517819,/project/g_bme-janeslab/SarahG/spinodal_decomp_06_2025/out_python/NMG_Python_20_dt_5.50e-06_Nx_512_neumann_dtout_125pphi.csv
Python,NMG,256,neumann,50p,175,840,125.33451672113627,/project/g_bme-janeslab/SarahG/spinodal_decomp_06_2025/out_python/NMG_Python_20_dt_5.50e-06_Nx_256_neumann_dtout_175pphi.csv
Python,NMG,128,periodic,50p,150,840,27.702653925532235,/project/g_bme-janeslab/SarahG/spinodal_decomp_06_2025/out_python/NMG_Python_20_dt_5.50e-06_Nx_128_periodic_dtout_150pphi.csv
Python,NMG,256,neumann,50p,125,840,120.98310956255955,/project/g_bme-janeslab/SarahG/spinodal_decomp_06_2025/out_python/NMG_Python_20_dt_5.50e-06_Nx_256_neumann_dtout_125pphi.csv
Python,NMG,64,neumann,50p,175,840,36.750187759310634,/project/g_bme-janeslab/SarahG/spinodal_decomp_06_2025/out_python/NMG_Python_20_dt_5.50e-06_Nx_64_neumann_dtout_175pphi.csv
Python,NMG,256,periodic,50p,125,840,120.9674014161335,/project/g_bme-janeslab/SarahG/spinodal_decomp_06_2025/out_python/NMG_Python_20_dt_5.50e-06_Nx_256_periodic_dtout_125pphi.csv
Python,NMG,512,periodic,50p,150,840,81.48357785204838,/project/g_bme-janeslab/SarahG/spinodal_decomp_06_2025/out_python/NMG_Python_20_dt_5.50e-06_Nx_512_periodic_dtout_150pphi.csv
Python,NMG,64,neumann,50p,125,840,35.639751166027665,/project/g_bme-janeslab/SarahG/spinodal_decomp_06_2025/out_python/NMG_Python_20_dt_5.50e-06_Nx_64_neumann_dtout_125pphi.csv
Python,NMG,512,periodic,50p,125,840,256.1420812547869,/project/g_bme-janeslab/SarahG/spinodal_decomp_06_2025/out_python/NMG_Python_20_dt_5.50e-06_Nx_512_periodic_dtout_125pphi.csv
Python,NMG,128,periodic,50p,175,840,67.61113163611324,/project/g_bme-janeslab/SarahG/spinodal_decomp_06_2025/out_python/NMG_Python_20_dt_5.50e-06_Nx_128_periodic_dtout_175pphi.csv
Python,NMG,512,periodic,50p,175,840,252.810259380654,/project/g_bme-janeslab/SarahG/spinodal_decomp_06_2025/out_python/NMG_Python_20_dt_5.50e-06_Nx_512_periodic_dtout_175pphi.csv
Python,NMG,128,neumann,50p,150,840,28.233465511190392,/project/g_bme-janeslab/SarahG/spinodal_decomp_06_2025/out_python/NMG_Python_20_dt_5.50e-06_Nx_128_neumann_dtout_150pphi.csv
Python,NMG,512,neumann,50p,175,840,252.83054508546616,/project/g_bme-janeslab/SarahG/spinodal_decomp_06_2025/out_python/NMG_Python_20_dt_5.50e-06_Nx_512_neumann_dtout_175pphi.csv
Python,NMG,512,neumann,50p,150,840,81.92081753328854,/project/g_bme-janeslab/SarahG/spinodal_decomp_06_2025/out_python/NMG_Python_20_dt_5.50e-06_Nx_512_neumann_dtout_150pphi.csv
Python,NMG,64,periodic,50p,125,840,35.42735989868712,/project/g_bme-janeslab/SarahG/spinodal_decomp_06_2025/out_python/NMG_Python_20_dt_5.50e-06_Nx_64_periodic_dtout_125pphi.csv
Python,NMG,256,periodic,50p,175,840,125.25188312404275,/project/g_bme-janeslab/SarahG/spinodal_decomp_06_2025/out_python/NMG_Python_20_dt_5.50e-06_Nx_256_periodic_dtout_175pphi.csv
Python,NMG,64,periodic,50p,150,840,20.0447211671896,/project/g_bme-janeslab/SarahG/spinodal_decomp_06_2025/out_python/NMG_Python_20_dt_5.50e-06_Nx_64_periodic_dtout_150pphi.csv
Python,NMG,128,periodic,50p,125,840,65.9699558980642,/project/g_bme-janeslab/SarahG/spinodal_decomp_06_2025/out_python/NMG_Python_20_dt_5.50e-06_Nx_128_periodic_dtout_125pphi.csv
MATLAB,SAV,64,periodic,450p,None (10),880,30.491805478128814,/project/g_bme-janeslab/SarahG/spinodal_decomp_06_2025/out_MATLAB/SAV_MATLAB_2000_dt_5.50e-06_Nx_64_periodic_n_relax_450p_phi.csv
MATLAB,NMG,512,periodic,475p,None (10),880,435.9386745048442,/project/g_bme-janeslab/SarahG/spinodal_decomp_06_2025/out_MATLAB/NMG_MATLAB_2000_dt_5.50e-06_Nx_512_periodic_n_relax_475p_phi.csv
MATLAB,NMG,512,neumann,450p,None (10),880,432.42865989366896,/project/g_bme-janeslab/SarahG/spinodal_decomp_06_2025/out_MATLAB/NMG_MATLAB_2000_dt_5.50e-06_Nx_512_neumann_n_relax_450p_phi.csv
MATLAB,SAV,256,neumann,450p,None (10),880,194.5926386804392,/project/g_bme-janeslab/SarahG/spinodal_decomp_06_2025/out_MATLAB/SAV_MATLAB_2000_dt_5.50e-06_Nx_256_neumann_n_relax_450p_phi.csv
MATLAB,SAV,64,neumann,475p,None (10),880,33.56162160309238,/project/g_bme-janeslab/SarahG/spinodal_decomp_06_2025/out_MATLAB/SAV_MATLAB_2000_dt_5.50e-06_Nx_64_neumann_n_relax_475p_phi.csv
MATLAB,NMG,256,periodic,475p,None (10),880,201.09647369474726,/project/g_bme-janeslab/SarahG/spinodal_decomp_06_2025/out_MATLAB/NMG_MATLAB_2000_dt_5.50e-06_Nx_256_periodic_n_relax_475p_phi.csv
MATLAB,NMG,128,neumann,425p,None (10),880,86.48625442979368,/project/g_bme-janeslab/SarahG/spinodal_decomp_06_2025/out_MATLAB/NMG_MATLAB_2000_dt_5.50e-06_Nx_128_neumann_n_relax_425p_phi.csv
MATLAB,SAV,256,periodic,425p,None (10),880,0.0,/project/g_bme-janeslab/SarahG/spinodal_decomp_06_2025/out_MATLAB/SAV_MATLAB_2000_dt_5.50e-06_Nx_256_periodic_n_relax_425p_phi.csv
MATLAB,NMG,128,periodic,475p,None (10),880,68.37045323053019,/project/g_bme-janeslab/SarahG/spinodal_decomp_06_2025/out_MATLAB/NMG_MATLAB_2000_dt_5.50e-06_Nx_128_periodic_n_relax_475p_phi.csv
MATLAB,SAV,128,periodic,450p,None (10),880,83.88576382252691,/project/g_bme-janeslab/SarahG/spinodal_decomp_06_2025/out_MATLAB/SAV_MATLAB_2000_dt_5.50e-06_Nx_128_periodic_n_relax_450p_phi.csv
MATLAB,NMG,128,neumann,450p,None (10),880,80.3319330534489,/project/g_bme-janeslab/SarahG/spinodal_decomp_06_2025/out_MATLAB/NMG_MATLAB_2000_dt_5.50e-06_Nx_128_neumann_n_relax_450p_phi.csv
MATLAB,SAV,256,neumann,425p,None (10),880,198.897144283493,/project/g_bme-janeslab/SarahG/spinodal_decomp_06_2025/out_MATLAB/SAV_MATLAB_2000_dt_5.50e-06_Nx_256_neumann_n_relax_425p_phi.csv
MATLAB,SAV,512,periodic,450p,None (10),880,0.0,/project/g_bme-janeslab/SarahG/spinodal_decomp_06_2025/out_MATLAB/SAV_MATLAB_2000_dt_5.50e-06_Nx_512_periodic_n_relax_450p_phi.csv
MATLAB,SAV,128,periodic,425p,None (10),880,84.07500355677153,/project/g_bme-janeslab/SarahG/spinodal_decomp_06_2025/out_MATLAB/SAV_MATLAB_2000_dt_5.50e-06_Nx_128_periodic_n_relax_425p_phi.csv
MATLAB,NMG,512,neumann,425p,None (10),880,435.6863943131176,/project/g_bme-janeslab/SarahG/spinodal_decomp_06_2025/out_MATLAB/NMG_MATLAB_2000_dt_5.50e-06_Nx_512_neumann_n_relax_425p_phi.csv
MATLAB,NMG,64,neumann,450p,None (10),880,0.0,/project/g_bme-janeslab/SarahG/spinodal_decomp_06_2025/out_MATLAB/NMG_MATLAB_2000_dt_5.50e-06_Nx_64_neumann_n_relax_450p_phi.csv
MATLAB,NMG,64,periodic,450p,None (10),880,20.962922429308648,/project/g_bme-janeslab/SarahG/spinodal_decomp_06_2025/out_MATLAB/NMG_MATLAB_2000_dt_5.50e-06_Nx_64_periodic_n_relax_450p_phi.csv
MATLAB,NMG,256,neumann,425p,None (10),880,200.71504324190678,/project/g_bme-janeslab/SarahG/spinodal_decomp_06_2025/out_MATLAB/NMG_MATLAB_2000_dt_5.50e-06_Nx_256_neumann_n_relax_425p_phi.csv
MATLAB,SAV,64,neumann,425p,None (10),880,0.0,/project/g_bme-janeslab/SarahG/spinodal_decomp_06_2025/out_MATLAB/SAV_MATLAB_2000_dt_5.50e-06_Nx_64_neumann_n_relax_425p_phi.csv
MATLAB,SAV,128,neumann,425p,None (10),880,0.0,/project/g_bme-janeslab/SarahG/spinodal_decomp_06_2025/out_MATLAB/SAV_MATLAB_2000_dt_5.50e-06_Nx_128_neumann_n_relax_425p_phi.csv
MATLAB,NMG,128,periodic,425p,None (10),880,70.22823841852261,/project/g_bme-janeslab/SarahG/spinodal_decomp_06_2025/out_MATLAB/NMG_MATLAB_2000_dt_5.50e-06_Nx_128_periodic_n_relax_425p_phi.csv
MATLAB,SAV,512,periodic,475p,None (10),880,440.8299386186094,/project/g_bme-janeslab/SarahG/spinodal_decomp_06_2025/out_MATLAB/SAV_MATLAB_2000_dt_5.50e-06_Nx_512_periodic_n_relax_475p_phi.csv
MATLAB,SAV,512,neumann,475p,None (10),880,443.8293665251708,/project/g_bme-janeslab/SarahG/spinodal_decomp_06_2025/out_MATLAB/SAV_MATLAB_2000_dt_5.50e-06_Nx_512_neumann_n_relax_475p_phi.csv
MATLAB,NMG,256,neumann,475p,None (10),880,200.24522775534655,/project/g_bme-janeslab/SarahG/spinodal_decomp_06_2025/out_MATLAB/NMG_MATLAB_2000_dt_5.50e-06_Nx_256_neumann_n_relax_475p_phi.csv
MATLAB,NMG,256,neumann,450p,None (10),880,194.69847388123776,/project/g_bme-janeslab/SarahG/spinodal_decomp_06_2025/out_MATLAB/NMG_MATLAB_2000_dt_5.50e-06_Nx_256_neumann_n_relax_450p_phi.csv
MATLAB,SAV,512,periodic,425p,None (10),880,442.5019858753794,/project/g_bme-janeslab/SarahG/spinodal_decomp_06_2025/out_MATLAB/SAV_MATLAB_2000_dt_5.50e-06_Nx_512_periodic_n_relax_425p_phi.csv
MATLAB,NMG,64,neumann,475p,None (10),880,33.58155905050307,/project/g_bme-janeslab/SarahG/spinodal_decomp_06_2025/out_MATLAB/NMG_MATLAB_2000_dt_5.50e-06_Nx_64_neumann_n_relax_475p_phi.csv
MATLAB,SAV,128,periodic,475p,None (10),880,68.6462063352201,/project/g_bme-janeslab/SarahG/spinodal_decomp_06_2025/out_MATLAB/SAV_MATLAB_2000_dt_5.50e-06_Nx_128_periodic_n_relax_475p_phi.csv
MATLAB,SAV,256,neumann,475p,None (10),880,200.18563066794934,/project/g_bme-janeslab/SarahG/spinodal_decomp_06_2025/out_MATLAB/SAV_MATLAB_2000_dt_5.50e-06_Nx_256_neumann_n_relax_475p_phi.csv
MATLAB,NMG,512,periodic,450p,None (10),880,432.6889502203352,/project/g_bme-janeslab/SarahG/spinodal_decomp_06_2025/out_MATLAB/NMG_MATLAB_2000_dt_5.50e-06_Nx_512_periodic_n_relax_450p_phi.csv
MATLAB,SAV,64,periodic,425p,None (10),880,0.0,/project/g_bme-janeslab/SarahG/spinodal_decomp_06_2025/out_MATLAB/SAV_MATLAB_2000_dt_5.50e-06_Nx_64_periodic_n_relax_425p_phi.csv
MATLAB,SAV,512,neumann,425p,None (10),880,439.9020768690795,/project/g_bme-janeslab/SarahG/spinodal_decomp_06_2025/out_MATLAB/SAV_MATLAB_2000_dt_5.50e-06_Nx_512_neumann_n_relax_425p_phi.csv
MATLAB,SAV,128,neumann,475p,None (10),880,73.68289845349875,/project/g_bme-janeslab/SarahG/spinodal_decomp_06_2025/out_MATLAB/SAV_MATLAB_2000_dt_5.50e-06_Nx_128_neumann_n_relax_475p_phi.csv
MATLAB,SAV,512,neumann,450p,None (10),880,432.6372971922789,/project/g_bme-janeslab/SarahG/spinodal_decomp_06_2025/out_MATLAB/SAV_MATLAB_2000_dt_5.50e-06_Nx_512_neumann_n_relax_450p_phi.csv
MATLAB,SAV,256,periodic,475p,None (10),880,201.02684523646295,/project/g_bme-janeslab/SarahG/spinodal_decomp_06_2025/out_MATLAB/SAV_MATLAB_2000_dt_5.50e-06_Nx_256_periodic_n_relax_475p_phi.csv
MATLAB,NMG,256,periodic,450p,None (10),880,195.75889111725928,/project/g_bme-janeslab/SarahG/spinodal_decomp_06_2025/out_MATLAB/NMG_MATLAB_2000_dt_5.50e-06_Nx_256_periodic_n_relax_450p_phi.csv
MATLAB,SAV,128,neumann,450p,None (10),880,82.60947767491584,/project/g_bme-janeslab/SarahG/spinodal_decomp_06_2025/out_MATLAB/SAV_MATLAB_2000_dt_5.50e-06_Nx_128_neumann_n_relax_450p_phi.csv
MATLAB,NMG,64,periodic,475p,None (10),880,32.97400412925121,/project/g_bme-janeslab/SarahG/spinodal_decomp_06_2025/out_MATLAB/NMG_MATLAB_2000_dt_5.50e-06_Nx_64_periodic_n_relax_475p_phi.csv
MATLAB,NMG,512,periodic,425p,None (10),880,435.78460300799134,/project/g_bme-janeslab/SarahG/spinodal_decomp_06_2025/out_MATLAB/NMG_MATLAB_2000_dt_5.50e-06_Nx_512_periodic_n_relax_425p_phi.csv
MATLAB,NMG,128,periodic,450p,None (10),880,84.51110606727156,/project/g_bme-janeslab/SarahG/spinodal_decomp_06_2025/out_MATLAB/NMG_MATLAB_2000_dt_5.50e-06_Nx_128_periodic_n_relax_450p_phi.csv
MATLAB,NMG,128,neumann,475p,None (10),880,71.10990964534597,/project/g_bme-janeslab/SarahG/spinodal_decomp_06_2025/out_MATLAB/NMG_MATLAB_2000_dt_5.50e-06_Nx_128_neumann_n_relax_475p_phi.csv
MATLAB,NMG,256,periodic,425p,None (10),880,199.45439558926182,/project/g_bme-janeslab/SarahG/spinodal_decomp_06_2025/out_MATLAB/NMG_MATLAB_2000_dt_5.50e-06_Nx_256_periodic_n_relax_425p_phi.csv
MATLAB,SAV,64,periodic,475p,None (10),880,32.958863862866494,/project/g_bme-janeslab/SarahG/spinodal_decomp_06_2025/out_MATLAB/SAV_MATLAB_2000_dt_5.50e-06_Nx_64_periodic_n_relax_475p_phi.csv
MATLAB,NMG,512,neumann,475p,None (10),880,436.8970732982528,/project/g_bme-janeslab/SarahG/spinodal_decomp_06_2025/out_MATLAB/NMG_MATLAB_2000_dt_5.50e-06_Nx_512_neumann_n_relax_475p_phi.csv
MATLAB,NMG,64,periodic,425p,None (10),880,32.6512797115827,/project/g_bme-janeslab/SarahG/spinodal_decomp_06_2025/out_MATLAB/NMG_MATLAB_2000_dt_5.50e-06_Nx_64_periodic_n_relax_425p_phi.csv
MATLAB,SAV,64,neumann,450p,None (10),880,0.0,/project/g_bme-janeslab/SarahG/spinodal_decomp_06_2025/out_MATLAB/SAV_MATLAB_2000_dt_5.50e-06_Nx_64_neumann_n_relax_450p_phi.csv
MATLAB,NMG,64,neumann,425p,None (10),880,0.0,/project/g_bme-janeslab/SarahG/spinodal_decomp_06_2025/out_MATLAB/NMG_MATLAB_2000_dt_5.50e-06_Nx_64_neumann_n_relax_425p_phi.csv
MATLAB,SAV,256,periodic,450p,None (10),880,207.08661038330328,/project/g_bme-janeslab/SarahG/spinodal_decomp_06_2025/out_MATLAB/SAV_MATLAB_2000_dt_5.50e-06_Nx_256_periodic_n_relax_450p_phi.csv
Python,NMG,128,neumann,50p,125,880,65.97500122069722,/project/g_bme-janeslab/SarahG/spinodal_decomp_06_2025/out_python/NMG_Python_20_dt_5.50e-06_Nx_128_neumann_dtout_125pphi.csv
Python,NMG,64,periodic,50p,175,880,36.39767010397642,/project/g_bme-janeslab/SarahG/spinodal_decomp_06_2025/out_python/NMG_Python_20_dt_5.50e-06_Nx_64_periodic_dtout_175pphi.csv
Python,NMG,256,periodic,50p,150,880,29.811725324188934,/project/g_bme-janeslab/SarahG/spinodal_decomp_06_2025/out_python/NMG_Python_20_dt_5.50e-06_Nx_256_periodic_dtout_150pphi.csv
Python,NMG,128,neumann,50p,175,880,67.67656601121539,/project/g_bme-janeslab/SarahG/spinodal_decomp_06_2025/out_python/NMG_Python_20_dt_5.50e-06_Nx_128_neumann_dtout_175pphi.csv
Python,NMG,64,neumann,50p,150,880,20.297885068918564,/project/g_bme-janeslab/SarahG/spinodal_decomp_06_2025/out_python/NMG_Python_20_dt_5.50e-06_Nx_64_neumann_dtout_150pphi.csv
Python,NMG,256,neumann,50p,150,880,29.854263554669892,/project/g_bme-janeslab/SarahG/spinodal_decomp_06_2025/out_python/NMG_Python_20_dt_5.50e-06_Nx_256_neumann_dtout_150pphi.csv
Python,NMG,512,neumann,50p,125,880,256.1726651438898,/project/g_bme-janeslab/SarahG/spinodal_decomp_06_2025/out_python/NMG_Python_20_dt_5.50e-06_Nx_512_neumann_dtout_125pphi.csv
Python,NMG,256,neumann,50p,175,880,125.29956147204976,/project/g_bme-janeslab/SarahG/spinodal_decomp_06_2025/out_python/NMG_Python_20_dt_5.50e-06_Nx_256_neumann_dtout_175pphi.csv
Python,NMG,128,periodic,50p,150,880,27.506809917294394,/project/g_bme-janeslab/SarahG/spinodal_decomp_06_2025/out_python/NMG_Python_20_dt_5.50e-06_Nx_128_periodic_dtout_150pphi.csv
Python,NMG,256,neumann,50p,125,880,120.97325815524015,/project/g_bme-janeslab/SarahG/spinodal_decomp_06_2025/out_python/NMG_Python_20_dt_5.50e-06_Nx_256_neumann_dtout_125pphi.csv
Python,NMG,64,neumann,50p,175,880,36.637459725457376,/project/g_bme-janeslab/SarahG/spinodal_decomp_06_2025/out_python/NMG_Python_20_dt_5.50e-06_Nx_64_neumann_dtout_175pphi.csv
Python,NMG,256,periodic,50p,125,880,120.95659185783082,/project/g_bme-janeslab/SarahG/spinodal_decomp_06_2025/out_python/NMG_Python_20_dt_5.50e-06_Nx_256_periodic_dtout_125pphi.csv
Python,NMG,512,periodic,50p,150,880,82.44091406462309,/project/g_bme-janeslab/SarahG/spinodal_decomp_06_2025/out_python/NMG_Python_20_dt_5.50e-06_Nx_512_periodic_dtout_150pphi.csv
Python,NMG,64,neumann,50p,125,880,35.54438778991469,/project/g_bme-janeslab/SarahG/spinodal_decomp_06_2025/out_python/NMG_Python_20_dt_5.50e-06_Nx_64_neumann_dtout_125pphi.csv
Python,NMG,512,periodic,50p,125,880,256.11283062683856,/project/g_bme-janeslab/SarahG/spinodal_decomp_06_2025/out_python/NMG_Python_20_dt_5.50e-06_Nx_512_periodic_dtout_125pphi.csv
Python,NMG,128,periodic,50p,175,880,67.52051445923621,/project/g_bme-janeslab/SarahG/spinodal_decomp_06_2025/out_python/NMG_Python_20_dt_5.50e-06_Nx_128_periodic_dtout_175pphi.csv
Python,NMG,512,periodic,50p,175,880,252.79508299344988,/project/g_bme-janeslab/SarahG/spinodal_decomp_06_2025/out_python/NMG_Python_20_dt_5.50e-06_Nx_512_periodic_dtout_175pphi.csv
Python,NMG,128,neumann,50p,150,880,28.04108980026605,/project/g_bme-janeslab/SarahG/spinodal_decomp_06_2025/out_python/NMG_Python_20_dt_5.50e-06_Nx_128_neumann_dtout_150pphi.csv
Python,NMG,512,neumann,50p,175,880,252.81656055469966,/project/g_bme-janeslab/SarahG/spinodal_decomp_06_2025/out_python/NMG_Python_20_dt_5.50e-06_Nx_512_neumann_dtout_175pphi.csv
Python,NMG,512,neumann,50p,150,880,82.87940736021389,/project/g_bme-janeslab/SarahG/spinodal_decomp_06_2025/out_python/NMG_Python_20_dt_5.50e-06_Nx_512_neumann_dtout_150pphi.csv
Python,NMG,64,periodic,50p,125,880,35.334270432447774,/project/g_bme-janeslab/SarahG/spinodal_decomp_06_2025/out_python/NMG_Python_20_dt_5.50e-06_Nx_64_periodic_dtout_125pphi.csv
Python,NMG,256,periodic,50p,175,880,125.2164824312858,/project/g_bme-janeslab/SarahG/spinodal_decomp_06_2025/out_python/NMG_Python_20_dt_5.50e-06_Nx_256_periodic_dtout_175pphi.csv
Python,NMG,64,periodic,50p,150,880,19.830116425421142,/project/g_bme-janeslab/SarahG/spinodal_decomp_06_2025/out_python/NMG_Python_20_dt_5.50e-06_Nx_64_periodic_dtout_150pphi.csv
Python,NMG,128,periodic,50p,125,880,65.92317386298521,/project/g_bme-janeslab/SarahG/spinodal_decomp_06_2025/out_python/NMG_Python_20_dt_5.50e-06_Nx_128_periodic_dtout_125pphi.csv
MATLAB,SAV,64,periodic,450p,None (10),920,30.952341734278836,/project/g_bme-janeslab/SarahG/spinodal_decomp_06_2025/out_MATLAB/SAV_MATLAB_2000_dt_5.50e-06_Nx_64_periodic_n_relax_450p_phi.csv
MATLAB,NMG,512,periodic,475p,None (10),920,436.9072791517791,/project/g_bme-janeslab/SarahG/spinodal_decomp_06_2025/out_MATLAB/NMG_MATLAB_2000_dt_5.50e-06_Nx_512_periodic_n_relax_475p_phi.csv
MATLAB,NMG,512,neumann,450p,None (10),920,433.614072361038,/project/g_bme-janeslab/SarahG/spinodal_decomp_06_2025/out_MATLAB/NMG_MATLAB_2000_dt_5.50e-06_Nx_512_neumann_n_relax_450p_phi.csv
MATLAB,SAV,256,neumann,450p,None (10),920,195.37813805551363,/project/g_bme-janeslab/SarahG/spinodal_decomp_06_2025/out_MATLAB/SAV_MATLAB_2000_dt_5.50e-06_Nx_256_neumann_n_relax_450p_phi.csv
MATLAB,SAV,64,neumann,475p,None (10),920,33.59723379317776,/project/g_bme-janeslab/SarahG/spinodal_decomp_06_2025/out_MATLAB/SAV_MATLAB_2000_dt_5.50e-06_Nx_64_neumann_n_relax_475p_phi.csv
MATLAB,NMG,256,periodic,475p,None (10),920,202.1422181021997,/project/g_bme-janeslab/SarahG/spinodal_decomp_06_2025/out_MATLAB/NMG_MATLAB_2000_dt_5.50e-06_Nx_256_periodic_n_relax_475p_phi.csv
MATLAB,NMG,128,neumann,425p,None (10),920,87.15011177148895,/project/g_bme-janeslab/SarahG/spinodal_decomp_06_2025/out_MATLAB/NMG_MATLAB_2000_dt_5.50e-06_Nx_128_neumann_n_relax_425p_phi.csv
MATLAB,SAV,256,periodic,425p,None (10),920,0.0,/project/g_bme-janeslab/SarahG/spinodal_decomp_06_2025/out_MATLAB/SAV_MATLAB_2000_dt_5.50e-06_Nx_256_periodic_n_relax_425p_phi.csv
MATLAB,NMG,128,periodic,475p,None (10),920,68.79317213258109,/project/g_bme-janeslab/SarahG/spinodal_decomp_06_2025/out_MATLAB/NMG_MATLAB_2000_dt_5.50e-06_Nx_128_periodic_n_relax_475p_phi.csv
MATLAB,SAV,128,periodic,450p,None (10),920,84.38903488446716,/project/g_bme-janeslab/SarahG/spinodal_decomp_06_2025/out_MATLAB/SAV_MATLAB_2000_dt_5.50e-06_Nx_128_periodic_n_relax_450p_phi.csv
MATLAB,NMG,128,neumann,450p,None (10),920,81.11221765875774,/project/g_bme-janeslab/SarahG/spinodal_decomp_06_2025/out_MATLAB/NMG_MATLAB_2000_dt_5.50e-06_Nx_128_neumann_n_relax_450p_phi.csv
MATLAB,SAV,256,neumann,425p,None (10),920,199.89889456043133,/project/g_bme-janeslab/SarahG/spinodal_decomp_06_2025/out_MATLAB/SAV_MATLAB_2000_dt_5.50e-06_Nx_256_neumann_n_relax_425p_phi.csv
MATLAB,SAV,512,periodic,450p,None (10),920,0.0,/project/g_bme-janeslab/SarahG/spinodal_decomp_06_2025/out_MATLAB/SAV_MATLAB_2000_dt_5.50e-06_Nx_512_periodic_n_relax_450p_phi.csv
MATLAB,SAV,128,periodic,425p,None (10),920,84.72196161654037,/project/g_bme-janeslab/SarahG/spinodal_decomp_06_2025/out_MATLAB/SAV_MATLAB_2000_dt_5.50e-06_Nx_128_periodic_n_relax_425p_phi.csv
MATLAB,NMG,512,neumann,425p,None (10),920,436.2078557800518,/project/g_bme-janeslab/SarahG/spinodal_decomp_06_2025/out_MATLAB/NMG_MATLAB_2000_dt_5.50e-06_Nx_512_neumann_n_relax_425p_phi.csv
MATLAB,NMG,64,neumann,450p,None (10),920,0.0,/project/g_bme-janeslab/SarahG/spinodal_decomp_06_2025/out_MATLAB/NMG_MATLAB_2000_dt_5.50e-06_Nx_64_neumann_n_relax_450p_phi.csv
MATLAB,NMG,64,periodic,450p,None (10),920,21.529948103802585,/project/g_bme-janeslab/SarahG/spinodal_decomp_06_2025/out_MATLAB/NMG_MATLAB_2000_dt_5.50e-06_Nx_64_periodic_n_relax_450p_phi.csv
MATLAB,NMG,256,neumann,425p,None (10),920,201.65246501375293,/project/g_bme-janeslab/SarahG/spinodal_decomp_06_2025/out_MATLAB/NMG_MATLAB_2000_dt_5.50e-06_Nx_256_neumann_n_relax_425p_phi.csv
MATLAB,SAV,64,neumann,425p,None (10),920,0.0,/project/g_bme-janeslab/SarahG/spinodal_decomp_06_2025/out_MATLAB/SAV_MATLAB_2000_dt_5.50e-06_Nx_64_neumann_n_relax_425p_phi.csv
MATLAB,SAV,128,neumann,425p,None (10),920,0.0,/project/g_bme-janeslab/SarahG/spinodal_decomp_06_2025/out_MATLAB/SAV_MATLAB_2000_dt_5.50e-06_Nx_128_neumann_n_relax_425p_phi.csv
MATLAB,NMG,128,periodic,425p,None (10),920,70.7701637180538,/project/g_bme-janeslab/SarahG/spinodal_decomp_06_2025/out_MATLAB/NMG_MATLAB_2000_dt_5.50e-06_Nx_128_periodic_n_relax_425p_phi.csv
MATLAB,SAV,512,periodic,475p,None (10),920,441.2245113122051,/project/g_bme-janeslab/SarahG/spinodal_decomp_06_2025/out_MATLAB/SAV_MATLAB_2000_dt_5.50e-06_Nx_512_periodic_n_relax_475p_phi.csv
MATLAB,SAV,512,neumann,475p,None (10),920,444.2297765059126,/project/g_bme-janeslab/SarahG/spinodal_decomp_06_2025/out_MATLAB/SAV_MATLAB_2000_dt_5.50e-06_Nx_512_neumann_n_relax_475p_phi.csv
MATLAB,NMG,256,neumann,475p,None (10),920,201.28522217396528,/project/g_bme-janeslab/SarahG/spinodal_decomp_06_2025/out_MATLAB/NMG_MATLAB_2000_dt_5.50e-06_Nx_256_neumann_n_relax_475p_phi.csv
MATLAB,NMG,256,neumann,450p,None (10),920,195.48795926017095,/project/g_bme-janeslab/SarahG/spinodal_decomp_06_2025/out_MATLAB/NMG_MATLAB_2000_dt_5.50e-06_Nx_256_neumann_n_relax_450p_phi.csv
MATLAB,SAV,512,periodic,425p,None (10),920,442.69459160770407,/project/g_bme-janeslab/SarahG/spinodal_decomp_06_2025/out_MATLAB/SAV_MATLAB_2000_dt_5.50e-06_Nx_512_periodic_n_relax_425p_phi.csv
MATLAB,NMG,64,neumann,475p,None (10),920,33.61807059586882,/project/g_bme-janeslab/SarahG/spinodal_decomp_06_2025/out_MATLAB/NMG_MATLAB_2000_dt_5.50e-06_Nx_64_neumann_n_relax_475p_phi.csv
MATLAB,SAV,128,periodic,475p,None (10),920,69.08035261432751,/project/g_bme-janeslab/SarahG/spinodal_decomp_06_2025/out_MATLAB/SAV_MATLAB_2000_dt_5.50e-06_Nx_128_periodic_n_relax_475p_phi.csv
MATLAB,SAV,256,neumann,475p,None (10),920,201.1668085046431,/project/g_bme-janeslab/SarahG/spinodal_decomp_06_2025/out_MATLAB/SAV_MATLAB_2000_dt_5.50e-06_Nx_256_neumann_n_relax_475p_phi.csv
MATLAB,NMG,512,periodic,450p,None (10),920,433.6874110922809,/project/g_bme-janeslab/SarahG/spinodal_decomp_06_2025/out_MATLAB/NMG_MATLAB_2000_dt_5.50e-06_Nx_512_periodic_n_relax_450p_phi.csv
MATLAB,SAV,64,periodic,425p,None (10),920,0.0,/project/g_bme-janeslab/SarahG/spinodal_decomp_06_2025/out_MATLAB/SAV_MATLAB_2000_dt_5.50e-06_Nx_64_periodic_n_relax_425p_phi.csv
MATLAB,SAV,512,neumann,425p,None (10),920,440.65877066893825,/project/g_bme-janeslab/SarahG/spinodal_decomp_06_2025/out_MATLAB/SAV_MATLAB_2000_dt_5.50e-06_Nx_512_neumann_n_relax_425p_phi.csv
MATLAB,SAV,128,neumann,475p,None (10),920,74.33026958224698,/project/g_bme-janeslab/SarahG/spinodal_decomp_06_2025/out_MATLAB/SAV_MATLAB_2000_dt_5.50e-06_Nx_128_neumann_n_relax_475p_phi.csv
MATLAB,SAV,512,neumann,450p,None (10),920,433.82698986142475,/project/g_bme-janeslab/SarahG/spinodal_decomp_06_2025/out_MATLAB/SAV_MATLAB_2000_dt_5.50e-06_Nx_512_neumann_n_relax_450p_phi.csv
MATLAB,SAV,256,periodic,475p,None (10),920,202.0139521110168,/project/g_bme-janeslab/SarahG/spinodal_decomp_06_2025/out_MATLAB/SAV_MATLAB_2000_dt_5.50e-06_Nx_256_periodic_n_relax_475p_phi.csv
MATLAB,NMG,256,periodic,450p,None (10),920,196.56456850287873,/project/g_bme-janeslab/SarahG/spinodal_decomp_06_2025/out_MATLAB/NMG_MATLAB_2000_dt_5.50e-06_Nx_256_periodic_n_relax_450p_phi.csv
MATLAB,SAV,128,neumann,450p,None (10),920,83.14174808125613,/project/g_bme-janeslab/SarahG/spinodal_decomp_06_2025/out_MATLAB/SAV_MATLAB_2000_dt_5.50e-06_Nx_128_neumann_n_relax_450p_phi.csv
MATLAB,NMG,64,periodic,475p,None (10),920,32.98403871240131,/project/g_bme-janeslab/SarahG/spinodal_decomp_06_2025/out_MATLAB/NMG_MATLAB_2000_dt_5.50e-06_Nx_64_periodic_n_relax_475p_phi.csv
MATLAB,NMG,512,periodic,425p,None (10),920,436.46900089500696,/project/g_bme-janeslab/SarahG/spinodal_decomp_06_2025/out_MATLAB/NMG_MATLAB_2000_dt_5.50e-06_Nx_512_periodic_n_relax_425p_phi.csv
MATLAB,NMG,128,periodic,450p,None (10),920,84.9842332804412,/project/g_bme-janeslab/SarahG/spinodal_decomp_06_2025/out_MATLAB/NMG_MATLAB_2000_dt_5.50e-06_Nx_128_periodic_n_relax_450p_phi.csv
MATLAB,NMG,128,neumann,475p,None (10),920,71.65852059670304,/project/g_bme-janeslab/SarahG/spinodal_decomp_06_2025/out_MATLAB/NMG_MATLAB_2000_dt_5.50e-06_Nx_128_neumann_n_relax_475p_phi.csv
MATLAB,NMG,256,periodic,425p,None (10),920,200.49212466611192,/project/g_bme-janeslab/SarahG/spinodal_decomp_06_2025/out_MATLAB/NMG_MATLAB_2000_dt_5.50e-06_Nx_256_periodic_n_relax_425p_phi.csv
MATLAB,SAV,64,periodic,475p,None (10),920,32.968472191341796,/project/g_bme-janeslab/SarahG/spinodal_decomp_06_2025/out_MATLAB/SAV_MATLAB_2000_dt_5.50e-06_Nx_64_periodic_n_relax_475p_phi.csv
MATLAB,NMG,512,neumann,475p,None (10),920,437.6577288476211,/project/g_bme-janeslab/SarahG/spinodal_decomp_06_2025/out_MATLAB/NMG_MATLAB_2000_dt_5.50e-06_Nx_512_neumann_n_relax_475p_phi.csv
MATLAB,NMG,64,periodic,425p,None (10),920,32.65227363737002,/project/g_bme-janeslab/SarahG/spinodal_decomp_06_2025/out_MATLAB/NMG_MATLAB_2000_dt_5.50e-06_Nx_64_periodic_n_relax_425p_phi.csv
MATLAB,SAV,64,neumann,450p,None (10),920,0.0,/project/g_bme-janeslab/SarahG/spinodal_decomp_06_2025/out_MATLAB/SAV_MATLAB_2000_dt_5.50e-06_Nx_64_neumann_n_relax_450p_phi.csv
MATLAB,NMG,64,neumann,425p,None (10),920,0.0,/project/g_bme-janeslab/SarahG/spinodal_decomp_06_2025/out_MATLAB/NMG_MATLAB_2000_dt_5.50e-06_Nx_64_neumann_n_relax_425p_phi.csv
MATLAB,SAV,256,periodic,450p,None (10),920,207.42263050820134,/project/g_bme-janeslab/SarahG/spinodal_decomp_06_2025/out_MATLAB/SAV_MATLAB_2000_dt_5.50e-06_Nx_256_periodic_n_relax_450p_phi.csv
Python,NMG,128,neumann,50p,125,920,65.93473975160023,/project/g_bme-janeslab/SarahG/spinodal_decomp_06_2025/out_python/NMG_Python_20_dt_5.50e-06_Nx_128_neumann_dtout_125pphi.csv
Python,NMG,64,periodic,50p,175,920,36.31442149907733,/project/g_bme-janeslab/SarahG/spinodal_decomp_06_2025/out_python/NMG_Python_20_dt_5.50e-06_Nx_64_periodic_dtout_175pphi.csv
Python,NMG,256,periodic,50p,150,920,29.892185509494567,/project/g_bme-janeslab/SarahG/spinodal_decomp_06_2025/out_python/NMG_Python_20_dt_5.50e-06_Nx_256_periodic_dtout_150pphi.csv
Python,NMG,128,neumann,50p,175,920,67.61506556721626,/project/g_bme-janeslab/SarahG/spinodal_decomp_06_2025/out_python/NMG_Python_20_dt_5.50e-06_Nx_128_neumann_dtout_175pphi.csv
Python,NMG,64,neumann,50p,150,920,20.10916533433466,/project/g_bme-janeslab/SarahG/spinodal_decomp_06_2025/out_python/NMG_Python_20_dt_5.50e-06_Nx_64_neumann_dtout_150pphi.csv
Python,NMG,256,neumann,50p,150,920,29.9314414748978,/project/g_bme-janeslab/SarahG/spinodal_decomp_06_2025/out_python/NMG_Python_20_dt_5.50e-06_Nx_256_neumann_dtout_150pphi.csv
Python,NMG,512,neumann,50p,125,920,256.15193273368556,/project/g_bme-janeslab/SarahG/spinodal_decomp_06_2025/out_python/NMG_Python_20_dt_5.50e-06_Nx_512_neumann_dtout_125pphi.csv
Python,NMG,256,neumann,50p,175,920,125.27016330118263,/project/g_bme-janeslab/SarahG/spinodal_decomp_06_2025/out_python/NMG_Python_20_dt_5.50e-06_Nx_256_neumann_dtout_175pphi.csv
Python,NMG,128,periodic,50p,150,920,27.28899934174798,/project/g_bme-janeslab/SarahG/spinodal_decomp_06_2025/out_python/NMG_Python_20_dt_5.50e-06_Nx_128_periodic_dtout_150pphi.csv
Python,NMG,256,neumann,50p,125,920,120.96458173598941,/project/g_bme-janeslab/SarahG/spinodal_decomp_06_2025/out_python/NMG_Python_20_dt_5.50e-06_Nx_256_neumann_dtout_125pphi.csv
Python,NMG,64,neumann,50p,175,920,36.55892951974534,/project/g_bme-janeslab/SarahG/spinodal_decomp_06_2025/out_python/NMG_Python_20_dt_5.50e-06_Nx_64_neumann_dtout_175pphi.csv
Python,NMG,256,periodic,50p,125,920,120.94785573047612,/project/g_bme-janeslab/SarahG/spinodal_decomp_06_2025/out_python/NMG_Python_20_dt_5.50e-06_Nx_256_periodic_dtout_125pphi.csv
Python,NMG,512,periodic,50p,150,920,83.41946811537115,/project/g_bme-janeslab/SarahG/spinodal_decomp_06_2025/out_python/NMG_Python_20_dt_5.50e-06_Nx_512_periodic_dtout_150pphi.csv
Python,NMG,64,neumann,50p,125,920,35.46947203316333,/project/g_bme-janeslab/SarahG/spinodal_decomp_06_2025/out_python/NMG_Python_20_dt_5.50e-06_Nx_64_neumann_dtout_125pphi.csv
Python,NMG,512,periodic,50p,125,920,256.09230909440856,/project/g_bme-janeslab/SarahG/spinodal_decomp_06_2025/out_python/NMG_Python_20_dt_5.50e-06_Nx_512_periodic_dtout_125pphi.csv
Python,NMG,128,periodic,50p,175,920,67.46014358033644,/project/g_bme-janeslab/SarahG/spinodal_decomp_06_2025/out_python/NMG_Python_20_dt_5.50e-06_Nx_128_periodic_dtout_175pphi.csv
Python,NMG,512,periodic,50p,175,920,252.78459951647608,/project/g_bme-janeslab/SarahG/spinodal_decomp_06_2025/out_python/NMG_Python_20_dt_5.50e-06_Nx_512_periodic_dtout_175pphi.csv
Python,NMG,128,neumann,50p,150,920,27.82140295251875,/project/g_bme-janeslab/SarahG/spinodal_decomp_06_2025/out_python/NMG_Python_20_dt_5.50e-06_Nx_128_neumann_dtout_150pphi.csv
Python,NMG,512,neumann,50p,175,920,252.8061312919445,/project/g_bme-janeslab/SarahG/spinodal_decomp_06_2025/out_python/NMG_Python_20_dt_5.50e-06_Nx_512_neumann_dtout_175pphi.csv
Python,NMG,512,neumann,50p,150,920,83.86996169955529,/project/g_bme-janeslab/SarahG/spinodal_decomp_06_2025/out_python/NMG_Python_20_dt_5.50e-06_Nx_512_neumann_dtout_150pphi.csv
Python,NMG,64,periodic,50p,125,920,35.259455725537414,/project/g_bme-janeslab/SarahG/spinodal_decomp_06_2025/out_python/NMG_Python_20_dt_5.50e-06_Nx_64_periodic_dtout_125pphi.csv
Python,NMG,256,periodic,50p,175,920,125.18734461584049,/project/g_bme-janeslab/SarahG/spinodal_decomp_06_2025/out_python/NMG_Python_20_dt_5.50e-06_Nx_256_periodic_dtout_175pphi.csv
Python,NMG,64,periodic,50p,150,920,19.636427052519167,/project/g_bme-janeslab/SarahG/spinodal_decomp_06_2025/out_python/NMG_Python_20_dt_5.50e-06_Nx_64_periodic_dtout_150pphi.csv
Python,NMG,128,periodic,50p,125,920,65.88335598570855,/project/g_bme-janeslab/SarahG/spinodal_decomp_06_2025/out_python/NMG_Python_20_dt_5.50e-06_Nx_128_periodic_dtout_125pphi.csv
MATLAB,SAV,64,periodic,450p,None (10),960,31.400848302147207,/project/g_bme-janeslab/SarahG/spinodal_decomp_06_2025/out_MATLAB/SAV_MATLAB_2000_dt_5.50e-06_Nx_64_periodic_n_relax_450p_phi.csv
MATLAB,NMG,512,periodic,475p,None (10),960,437.8517687848018,/project/g_bme-janeslab/SarahG/spinodal_decomp_06_2025/out_MATLAB/NMG_MATLAB_2000_dt_5.50e-06_Nx_512_periodic_n_relax_475p_phi.csv
MATLAB,NMG,512,neumann,450p,None (10),960,434.69174351814064,/project/g_bme-janeslab/SarahG/spinodal_decomp_06_2025/out_MATLAB/NMG_MATLAB_2000_dt_5.50e-06_Nx_512_neumann_n_relax_450p_phi.csv
MATLAB,SAV,256,neumann,450p,None (10),960,196.1175506340042,/project/g_bme-janeslab/SarahG/spinodal_decomp_06_2025/out_MATLAB/SAV_MATLAB_2000_dt_5.50e-06_Nx_256_neumann_n_relax_450p_phi.csv
MATLAB,SAV,64,neumann,475p,None (10),960,33.63463388161706,/project/g_bme-janeslab/SarahG/spinodal_decomp_06_2025/out_MATLAB/SAV_MATLAB_2000_dt_5.50e-06_Nx_64_neumann_n_relax_475p_phi.csv
MATLAB,NMG,256,periodic,475p,None (10),960,203.05470717380436,/project/g_bme-janeslab/SarahG/spinodal_decomp_06_2025/out_MATLAB/NMG_MATLAB_2000_dt_5.50e-06_Nx_256_periodic_n_relax_475p_phi.csv
MATLAB,NMG,128,neumann,425p,None (10),960,87.80026379942657,/project/g_bme-janeslab/SarahG/spinodal_decomp_06_2025/out_MATLAB/NMG_MATLAB_2000_dt_5.50e-06_Nx_128_neumann_n_relax_425p_phi.csv
MATLAB,SAV,256,periodic,425p,None (10),960,0.0,/project/g_bme-janeslab/SarahG/spinodal_decomp_06_2025/out_MATLAB/SAV_MATLAB_2000_dt_5.50e-06_Nx_256_periodic_n_relax_425p_phi.csv
MATLAB,NMG,128,periodic,475p,None (10),960,69.23312121771183,/project/g_bme-janeslab/SarahG/spinodal_decomp_06_2025/out_MATLAB/NMG_MATLAB_2000_dt_5.50e-06_Nx_128_periodic_n_relax_475p_phi.csv
MATLAB,SAV,128,periodic,450p,None (10),960,84.85562104753643,/project/g_bme-janeslab/SarahG/spinodal_decomp_06_2025/out_MATLAB/SAV_MATLAB_2000_dt_5.50e-06_Nx_128_periodic_n_relax_450p_phi.csv
MATLAB,NMG,128,neumann,450p,None (10),960,81.81002879815514,/project/g_bme-janeslab/SarahG/spinodal_decomp_06_2025/out_MATLAB/NMG_MATLAB_2000_dt_5.50e-06_Nx_128_neumann_n_relax_450p_phi.csv
MATLAB,SAV,256,neumann,425p,None (10),960,200.85029275472658,/project/g_bme-janeslab/SarahG/spinodal_decomp_06_2025/out_MATLAB/SAV_MATLAB_2000_dt_5.50e-06_Nx_256_neumann_n_relax_425p_phi.csv
MATLAB,SAV,512,periodic,450p,None (10),960,0.0,/project/g_bme-janeslab/SarahG/spinodal_decomp_06_2025/out_MATLAB/SAV_MATLAB_2000_dt_5.50e-06_Nx_512_periodic_n_relax_450p_phi.csv
MATLAB,SAV,128,periodic,425p,None (10),960,85.36798679533149,/project/g_bme-janeslab/SarahG/spinodal_decomp_06_2025/out_MATLAB/SAV_MATLAB_2000_dt_5.50e-06_Nx_128_periodic_n_relax_425p_phi.csv
MATLAB,NMG,512,neumann,425p,None (10),960,436.61754310537225,/project/g_bme-janeslab/SarahG/spinodal_decomp_06_2025/out_MATLAB/NMG_MATLAB_2000_dt_5.50e-06_Nx_512_neumann_n_relax_425p_phi.csv
MATLAB,NMG,64,neumann,450p,None (10),960,0.0,/project/g_bme-janeslab/SarahG/spinodal_decomp_06_2025/out_MATLAB/NMG_MATLAB_2000_dt_5.50e-06_Nx_64_neumann_n_relax_450p_phi.csv
MATLAB,NMG,64,periodic,450p,None (10),960,22.098063095277503,/project/g_bme-janeslab/SarahG/spinodal_decomp_06_2025/out_MATLAB/NMG_MATLAB_2000_dt_5.50e-06_Nx_64_periodic_n_relax_450p_phi.csv
MATLAB,NMG,256,neumann,425p,None (10),960,202.49854379445492,/project/g_bme-janeslab/SarahG/spinodal_decomp_06_2025/out_MATLAB/NMG_MATLAB_2000_dt_5.50e-06_Nx_256_neumann_n_relax_425p_phi.csv
MATLAB,SAV,64,neumann,425p,None (10),960,0.0,/project/g_bme-janeslab/SarahG/spinodal_decomp_06_2025/out_MATLAB/SAV_MATLAB_2000_dt_5.50e-06_Nx_64_neumann_n_relax_425p_phi.csv
MATLAB,SAV,128,neumann,425p,None (10),960,0.0,/project/g_bme-janeslab/SarahG/spinodal_decomp_06_2025/out_MATLAB/SAV_MATLAB_2000_dt_5.50e-06_Nx_128_neumann_n_relax_425p_phi.csv
MATLAB,NMG,128,periodic,425p,None (10),960,71.32905179037908,/project/g_bme-janeslab/SarahG/spinodal_decomp_06_2025/out_MATLAB/NMG_MATLAB_2000_dt_5.50e-06_Nx_128_periodic_n_relax_425p_phi.csv
MATLAB,SAV,512,periodic,475p,None (10),960,441.6711691096899,/project/g_bme-janeslab/SarahG/spinodal_decomp_06_2025/out_MATLAB/SAV_MATLAB_2000_dt_5.50e-06_Nx_512_periodic_n_relax_475p_phi.csv
MATLAB,SAV,512,neumann,475p,None (10),960,444.4896540894482,/project/g_bme-janeslab/SarahG/spinodal_decomp_06_2025/out_MATLAB/SAV_MATLAB_2000_dt_5.50e-06_Nx_512_neumann_n_relax_475p_phi.csv
MATLAB,NMG,256,neumann,475p,None (10),960,202.15840894365866,/project/g_bme-janeslab/SarahG/spinodal_decomp_06_2025/out_MATLAB/NMG_MATLAB_2000_dt_5.50e-06_Nx_256_neumann_n_relax_475p_phi.csv
MATLAB,NMG,256,neumann,450p,None (10),960,196.22892257051313,/project/g_bme-janeslab/SarahG/spinodal_decomp_06_2025/out_MATLAB/NMG_MATLAB_2000_dt_5.50e-06_Nx_256_neumann_n_relax_450p_phi.csv
MATLAB,SAV,512,periodic,425p,None (10),960,443.07757147712573,/project/g_bme-janeslab/SarahG/spinodal_decomp_06_2025/out_MATLAB/SAV_MATLAB_2000_dt_5.50e-06_Nx_512_periodic_n_relax_425p_phi.csv
MATLAB,NMG,64,neumann,475p,None (10),960,33.65640967931831,/project/g_bme-janeslab/SarahG/spinodal_decomp_06_2025/out_MATLAB/NMG_MATLAB_2000_dt_5.50e-06_Nx_64_neumann_n_relax_475p_phi.csv
MATLAB,SAV,128,periodic,475p,None (10),960,69.53144797908702,/project/g_bme-janeslab/SarahG/spinodal_decomp_06_2025/out_MATLAB/SAV_MATLAB_2000_dt_5.50e-06_Nx_128_periodic_n_relax_475p_phi.csv
MATLAB,SAV,256,neumann,475p,None (10),960,201.98524843718235,/project/g_bme-janeslab/SarahG/spinodal_decomp_06_2025/out_MATLAB/SAV_MATLAB_2000_dt_5.50e-06_Nx_256_neumann_n_relax_475p_phi.csv
MATLAB,NMG,512,periodic,450p,None (10),960,434.6272432250411,/project/g_bme-janeslab/SarahG/spinodal_decomp_06_2025/out_MATLAB/NMG_MATLAB_2000_dt_5.50e-06_Nx_512_periodic_n_relax_450p_phi.csv
MATLAB,SAV,64,periodic,425p,None (10),960,0.0,/project/g_bme-janeslab/SarahG/spinodal_decomp_06_2025/out_MATLAB/SAV_MATLAB_2000_dt_5.50e-06_Nx_64_periodic_n_relax_425p_phi.csv
MATLAB,SAV,512,neumann,425p,None (10),960,441.09928936020856,/project/g_bme-janeslab/SarahG/spinodal_decomp_06_2025/out_MATLAB/SAV_MATLAB_2000_dt_5.50e-06_Nx_512_neumann_n_relax_425p_phi.csv
MATLAB,SAV,128,neumann,475p,None (10),960,74.99502141761806,/project/g_bme-janeslab/SarahG/spinodal_decomp_06_2025/out_MATLAB/SAV_MATLAB_2000_dt_5.50e-06_Nx_128_neumann_n_relax_475p_phi.csv
MATLAB,SAV,512,neumann,450p,None (10),960,434.91523317470796,/project/g_bme-janeslab/SarahG/spinodal_decomp_06_2025/out_MATLAB/SAV_MATLAB_2000_dt_5.50e-06_Nx_512_neumann_n_relax_450p_phi.csv
MATLAB,SAV,256,periodic,475p,None (10),960,202.86765693148627,/project/g_bme-janeslab/SarahG/spinodal_decomp_06_2025/out_MATLAB/SAV_MATLAB_2000_dt_5.50e-06_Nx_256_periodic_n_relax_475p_phi.csv
MATLAB,NMG,256,periodic,450p,None (10),960,197.3144254072013,/project/g_bme-janeslab/SarahG/spinodal_decomp_06_2025/out_MATLAB/NMG_MATLAB_2000_dt_5.50e-06_Nx_256_periodic_n_relax_450p_phi.csv
MATLAB,SAV,128,neumann,450p,None (10),960,83.62998796274393,/project/g_bme-janeslab/SarahG/spinodal_decomp_06_2025/out_MATLAB/SAV_MATLAB_2000_dt_5.50e-06_Nx_128_neumann_n_relax_450p_phi.csv
MATLAB,NMG,64,periodic,475p,None (10),960,32.99498725023868,/project/g_bme-janeslab/SarahG/spinodal_decomp_06_2025/out_MATLAB/NMG_MATLAB_2000_dt_5.50e-06_Nx_64_periodic_n_relax_475p_phi.csv
MATLAB,NMG,512,periodic,425p,None (10),960,437.0493184191395,/project/g_bme-janeslab/SarahG/spinodal_decomp_06_2025/out_MATLAB/NMG_MATLAB_2000_dt_5.50e-06_Nx_512_periodic_n_relax_425p_phi.csv
MATLAB,NMG,128,periodic,450p,None (10),960,85.42449316096486,/project/g_bme-janeslab/SarahG/spinodal_decomp_06_2025/out_MATLAB/NMG_MATLAB_2000_dt_5.50e-06_Nx_128_periodic_n_relax_450p_phi.csv
MATLAB,NMG,128,neumann,475p,None (10),960,72.23155883823007,/project/g_bme-janeslab/SarahG/spinodal_decomp_06_2025/out_MATLAB/NMG_MATLAB_2000_dt_5.50e-06_Nx_128_neumann_n_relax_475p_phi.csv
MATLAB,NMG,256,periodic,425p,None (10),960,201.484975614427,/project/g_bme-janeslab/SarahG/spinodal_decomp_06_2025/out_MATLAB/NMG_MATLAB_2000_dt_5.50e-06_Nx_256_periodic_n_relax_425p_phi.csv
MATLAB,SAV,64,periodic,475p,None (10),960,32.97895877200357,/project/g_bme-janeslab/SarahG/spinodal_decomp_06_2025/out_MATLAB/SAV_MATLAB_2000_dt_5.50e-06_Nx_64_periodic_n_relax_475p_phi.csv
MATLAB,NMG,512,neumann,475p,None (10),960,438.36430599971203,/project/g_bme-janeslab/SarahG/spinodal_decomp_06_2025/out_MATLAB/NMG_MATLAB_2000_dt_5.50e-06_Nx_512_neumann_n_relax_475p_phi.csv
MATLAB,NMG,64,periodic,425p,None (10),960,32.65397948462553,/project/g_bme-janeslab/SarahG/spinodal_decomp_06_2025/out_MATLAB/NMG_MATLAB_2000_dt_5.50e-06_Nx_64_periodic_n_relax_425p_phi.csv
MATLAB,SAV,64,neumann,450p,None (10),960,0.0,/project/g_bme-janeslab/SarahG/spinodal_decomp_06_2025/out_MATLAB/SAV_MATLAB_2000_dt_5.50e-06_Nx_64_neumann_n_relax_450p_phi.csv
MATLAB,NMG,64,neumann,425p,None (10),960,0.0,/project/g_bme-janeslab/SarahG/spinodal_decomp_06_2025/out_MATLAB/NMG_MATLAB_2000_dt_5.50e-06_Nx_64_neumann_n_relax_425p_phi.csv
MATLAB,SAV,256,periodic,450p,None (10),960,207.75170571112446,/project/g_bme-janeslab/SarahG/spinodal_decomp_06_2025/out_MATLAB/SAV_MATLAB_2000_dt_5.50e-06_Nx_256_periodic_n_relax_450p_phi.csv
Python,NMG,128,neumann,50p,125,960,65.89752674748438,/project/g_bme-janeslab/SarahG/spinodal_decomp_06_2025/out_python/NMG_Python_20_dt_5.50e-06_Nx_128_neumann_dtout_125pphi.csv
Python,NMG,64,periodic,50p,175,960,36.23994067332163,/project/g_bme-janeslab/SarahG/spinodal_decomp_06_2025/out_python/NMG_Python_20_dt_5.50e-06_Nx_64_periodic_dtout_175pphi.csv
Python,NMG,256,periodic,50p,150,960,29.967130491087925,/project/g_bme-janeslab/SarahG/spinodal_decomp_06_2025/out_python/NMG_Python_20_dt_5.50e-06_Nx_256_periodic_dtout_150pphi.csv
Python,NMG,128,neumann,50p,175,960,67.5595895926831,/project/g_bme-janeslab/SarahG/spinodal_decomp_06_2025/out_python/NMG_Python_20_dt_5.50e-06_Nx_128_neumann_dtout_175pphi.csv
Python,NMG,64,neumann,50p,150,960,19.934680109148353,/project/g_bme-janeslab/SarahG/spinodal_decomp_06_2025/out_python/NMG_Python_20_dt_5.50e-06_Nx_64_neumann_dtout_150pphi.csv
Python,NMG,256,neumann,50p,150,960,30.006930311924567,/project/g_bme-janeslab/SarahG/spinodal_decomp_06_2025/out_python/NMG_Python_20_dt_5.50e-06_Nx_256_neumann_dtout_150pphi.csv
Python,NMG,512,neumann,50p,125,960,256.1297348522636,/project/g_bme-janeslab/SarahG/spinodal_decomp_06_2025/out_python/NMG_Python_20_dt_5.50e-06_Nx_512_neumann_dtout_125pphi.csv
Python,NMG,256,neumann,50p,175,960,125.24213040287356,/project/g_bme-janeslab/SarahG/spinodal_decomp_06_2025/out_python/NMG_Python_20_dt_5.50e-06_Nx_256_neumann_dtout_175pphi.csv
Python,NMG,128,periodic,50p,150,960,27.129105136222424,/project/g_bme-janeslab/SarahG/spinodal_decomp_06_2025/out_python/NMG_Python_20_dt_5.50e-06_Nx_128_periodic_dtout_150pphi.csv
Python,NMG,256,neumann,50p,125,960,120.95690519787141,/project/g_bme-janeslab/SarahG/spinodal_decomp_06_2025/out_python/NMG_Python_20_dt_5.50e-06_Nx_256_neumann_dtout_125pphi.csv
Python,NMG,64,neumann,50p,175,960,36.484632894380916,/project/g_bme-janeslab/SarahG/spinodal_decomp_06_2025/out_python/NMG_Python_20_dt_5.50e-06_Nx_64_neumann_dtout_175pphi.csv
Python,NMG,256,periodic,50p,125,960,120.94018146572466,/project/g_bme-janeslab/SarahG/spinodal_decomp_06_2025/out_python/NMG_Python_20_dt_5.50e-06_Nx_256_periodic_dtout_125pphi.csv
Python,NMG,512,periodic,50p,150,960,84.5091263439245,/project/g_bme-janeslab/SarahG/spinodal_decomp_06_2025/out_python/NMG_Python_20_dt_5.50e-06_Nx_512_periodic_dtout_150pphi.csv
Python,NMG,64,neumann,50p,125,960,35.40083981104431,/project/g_bme-janeslab/SarahG/spinodal_decomp_06_2025/out_python/NMG_Python_20_dt_5.50e-06_Nx_64_neumann_dtout_125pphi.csv
Python,NMG,512,periodic,50p,125,960,256.07047882345597,/project/g_bme-janeslab/SarahG/spinodal_decomp_06_2025/out_python/NMG_Python_20_dt_5.50e-06_Nx_512_periodic_dtout_125pphi.csv
Python,NMG,128,periodic,50p,175,960,67.4060407398527,/project/g_bme-janeslab/SarahG/spinodal_decomp_06_2025/out_python/NMG_Python_20_dt_5.50e-06_Nx_128_periodic_dtout_175pphi.csv
Python,NMG,512,periodic,50p,175,960,252.77205643332377,/project/g_bme-janeslab/SarahG/spinodal_decomp_06_2025/out_python/NMG_Python_20_dt_5.50e-06_Nx_512_periodic_dtout_175pphi.csv
Python,NMG,128,neumann,50p,150,960,27.664268382506414,/project/g_bme-janeslab/SarahG/spinodal_decomp_06_2025/out_python/NMG_Python_20_dt_5.50e-06_Nx_128_neumann_dtout_150pphi.csv
Python,NMG,512,neumann,50p,175,960,252.79352348029596,/project/g_bme-janeslab/SarahG/spinodal_decomp_06_2025/out_python/NMG_Python_20_dt_5.50e-06_Nx_512_neumann_dtout_175pphi.csv
Python,NMG,512,neumann,50p,150,960,84.95780225246368,/project/g_bme-janeslab/SarahG/spinodal_decomp_06_2025/out_python/NMG_Python_20_dt_5.50e-06_Nx_512_neumann_dtout_150pphi.csv
Python,NMG,64,periodic,50p,125,960,35.19095782473394,/project/g_bme-janeslab/SarahG/spinodal_decomp_06_2025/out_python/NMG_Python_20_dt_5.50e-06_Nx_64_periodic_dtout_125pphi.csv
Python,NMG,256,periodic,50p,175,960,125.15920679172791,/project/g_bme-janeslab/SarahG/spinodal_decomp_06_2025/out_python/NMG_Python_20_dt_5.50e-06_Nx_256_periodic_dtout_175pphi.csv
Python,NMG,64,periodic,50p,150,960,19.460650587560945,/project/g_bme-janeslab/SarahG/spinodal_decomp_06_2025/out_python/NMG_Python_20_dt_5.50e-06_Nx_64_periodic_dtout_150pphi.csv
Python,NMG,128,periodic,50p,125,960,65.84526899569526,/project/g_bme-janeslab/SarahG/spinodal_decomp_06_2025/out_python/NMG_Python_20_dt_5.50e-06_Nx_128_periodic_dtout_125pphi.csv
MATLAB,SAV,64,periodic,450p,None (10),1000,31.83669665969522,/project/g_bme-janeslab/SarahG/spinodal_decomp_06_2025/out_MATLAB/SAV_MATLAB_2000_dt_5.50e-06_Nx_64_periodic_n_relax_450p_phi.csv
MATLAB,NMG,512,periodic,475p,None (10),1000,438.6274660190091,/project/g_bme-janeslab/SarahG/spinodal_decomp_06_2025/out_MATLAB/NMG_MATLAB_2000_dt_5.50e-06_Nx_512_periodic_n_relax_475p_phi.csv
MATLAB,NMG,512,neumann,450p,None (10),1000,435.68979538421416,/project/g_bme-janeslab/SarahG/spinodal_decomp_06_2025/out_MATLAB/NMG_MATLAB_2000_dt_5.50e-06_Nx_512_neumann_n_relax_450p_phi.csv
MATLAB,SAV,256,neumann,450p,None (10),1000,196.82006486222932,/project/g_bme-janeslab/SarahG/spinodal_decomp_06_2025/out_MATLAB/SAV_MATLAB_2000_dt_5.50e-06_Nx_256_neumann_n_relax_450p_phi.csv
MATLAB,SAV,64,neumann,475p,None (10),1000,33.673831544961764,/project/g_bme-janeslab/SarahG/spinodal_decomp_06_2025/out_MATLAB/SAV_MATLAB_2000_dt_5.50e-06_Nx_64_neumann_n_relax_475p_phi.csv
MATLAB,NMG,256,periodic,475p,None (10),1000,203.83473963800833,/project/g_bme-janeslab/SarahG/spinodal_decomp_06_2025/out_MATLAB/NMG_MATLAB_2000_dt_5.50e-06_Nx_256_periodic_n_relax_475p_phi.csv
MATLAB,NMG,128,neumann,425p,None (10),1000,88.43670205048434,/project/g_bme-janeslab/SarahG/spinodal_decomp_06_2025/out_MATLAB/NMG_MATLAB_2000_dt_5.50e-06_Nx_128_neumann_n_relax_425p_phi.csv
MATLAB,SAV,256,periodic,425p,None (10),1000,0.0,/project/g_bme-janeslab/SarahG/spinodal_decomp_06_2025/out_MATLAB/SAV_MATLAB_2000_dt_5.50e-06_Nx_256_periodic_n_relax_425p_phi.csv
MATLAB,NMG,128,periodic,475p,None (10),1000,69.69058578183314,/project/g_bme-janeslab/SarahG/spinodal_decomp_06_2025/out_MATLAB/NMG_MATLAB_2000_dt_5.50e-06_Nx_128_periodic_n_relax_475p_phi.csv
MATLAB,SAV,128,periodic,450p,None (10),1000,85.29039011916332,/project/g_bme-janeslab/SarahG/spinodal_decomp_06_2025/out_MATLAB/SAV_MATLAB_2000_dt_5.50e-06_Nx_128_periodic_n_relax_450p_phi.csv
MATLAB,NMG,128,neumann,450p,None (10),1000,82.4377430161734,/project/g_bme-janeslab/SarahG/spinodal_decomp_06_2025/out_MATLAB/NMG_MATLAB_2000_dt_5.50e-06_Nx_128_neumann_n_relax_450p_phi.csv
MATLAB,SAV,256,neumann,425p,None (10),1000,201.71927777556746,/project/g_bme-janeslab/SarahG/spinodal_decomp_06_2025/out_MATLAB/SAV_MATLAB_2000_dt_5.50e-06_Nx_256_neumann_n_relax_425p_phi.csv
MATLAB,SAV,512,periodic,450p,None (10),1000,0.0,/project/g_bme-janeslab/SarahG/spinodal_decomp_06_2025/out_MATLAB/SAV_MATLAB_2000_dt_5.50e-06_Nx_512_periodic_n_relax_450p_phi.csv
MATLAB,SAV,128,periodic,425p,None (10),1000,85.94665016742367,/project/g_bme-janeslab/SarahG/spinodal_decomp_06_2025/out_MATLAB/SAV_MATLAB_2000_dt_5.50e-06_Nx_128_periodic_n_relax_425p_phi.csv
MATLAB,NMG,512,neumann,425p,None (10),1000,437.20146259568537,/project/g_bme-janeslab/SarahG/spinodal_decomp_06_2025/out_MATLAB/NMG_MATLAB_2000_dt_5.50e-06_Nx_512_neumann_n_relax_425p_phi.csv
MATLAB,NMG,64,neumann,450p,None (10),1000,0.0,/project/g_bme-janeslab/SarahG/spinodal_decomp_06_2025/out_MATLAB/NMG_MATLAB_2000_dt_5.50e-06_Nx_64_neumann_n_relax_450p_phi.csv
MATLAB,NMG,64,periodic,450p,None (10),1000,22.666045554655092,/project/g_bme-janeslab/SarahG/spinodal_decomp_06_2025/out_MATLAB/NMG_MATLAB_2000_dt_5.50e-06_Nx_64_periodic_n_relax_450p_phi.csv
MATLAB,NMG,256,neumann,425p,None (10),1000,203.246364289028,/project/g_bme-janeslab/SarahG/spinodal_decomp_06_2025/out_MATLAB/NMG_MATLAB_2000_dt_5.50e-06_Nx_256_neumann_n_relax_425p_phi.csv
MATLAB,SAV,64,neumann,425p,None (10),1000,0.0,/project/g_bme-janeslab/SarahG/spinodal_decomp_06_2025/out_MATLAB/SAV_MATLAB_2000_dt_5.50e-06_Nx_64_neumann_n_relax_425p_phi.csv
MATLAB,SAV,128,neumann,425p,None (10),1000,0.0,/project/g_bme-janeslab/SarahG/spinodal_decomp_06_2025/out_MATLAB/SAV_MATLAB_2000_dt_5.50e-06_Nx_128_neumann_n_relax_425p_phi.csv
MATLAB,NMG,128,periodic,425p,None (10),1000,71.9040384728035,/project/g_bme-janeslab/SarahG/spinodal_decomp_06_2025/out_MATLAB/NMG_MATLAB_2000_dt_5.50e-06_Nx_128_periodic_n_relax_425p_phi.csv
MATLAB,SAV,512,periodic,475p,None (10),1000,442.0152533954949,/project/g_bme-janeslab/SarahG/spinodal_decomp_06_2025/out_MATLAB/SAV_MATLAB_2000_dt_5.50e-06_Nx_512_periodic_n_relax_475p_phi.csv
MATLAB,SAV,512,neumann,475p,None (10),1000,444.82649891030155,/project/g_bme-janeslab/SarahG/spinodal_decomp_06_2025/out_MATLAB/SAV_MATLAB_2000_dt_5.50e-06_Nx_512_neumann_n_relax_475p_phi.csv
MATLAB,NMG,256,neumann,475p,None (10),1000,202.87647295814662,/project/g_bme-janeslab/SarahG/spinodal_decomp_06_2025/out_MATLAB/NMG_MATLAB_2000_dt_5.50e-06_Nx_256_neumann_n_relax_475p_phi.csv
MATLAB,NMG,256,neumann,450p,None (10),1000,196.92453433664983,/project/g_bme-janeslab/SarahG/spinodal_decomp_06_2025/out_MATLAB/NMG_MATLAB_2000_dt_5.50e-06_Nx_256_neumann_n_relax_450p_phi.csv
MATLAB,SAV,512,periodic,425p,None (10),1000,443.5815112695441,/project/g_bme-janeslab/SarahG/spinodal_decomp_06_2025/out_MATLAB/SAV_MATLAB_2000_dt_5.50e-06_Nx_512_periodic_n_relax_425p_phi.csv
MATLAB,NMG,64,neumann,475p,None (10),1000,33.6965846491955,/project/g_bme-janeslab/SarahG/spinodal_decomp_06_2025/out_MATLAB/NMG_MATLAB_2000_dt_5.50e-06_Nx_64_neumann_n_relax_475p_phi.csv
MATLAB,SAV,128,periodic,475p,None (10),1000,70.00035529253502,/project/g_bme-janeslab/SarahG/spinodal_decomp_06_2025/out_MATLAB/SAV_MATLAB_2000_dt_5.50e-06_Nx_128_periodic_n_relax_475p_phi.csv
MATLAB,SAV,256,neumann,475p,None (10),1000,202.65702700644272,/project/g_bme-janeslab/SarahG/spinodal_decomp_06_2025/out_MATLAB/SAV_MATLAB_2000_dt_5.50e-06_Nx_256_neumann_n_relax_475p_phi.csv
MATLAB,NMG,512,periodic,450p,None (10),1000,435.5202250039712,/project/g_bme-janeslab/SarahG/spinodal_decomp_06_2025/out_MATLAB/NMG_MATLAB_2000_dt_5.50e-06_Nx_512_periodic_n_relax_450p_phi.csv
MATLAB,SAV,64,periodic,425p,None (10),1000,0.0,/project/g_bme-janeslab/SarahG/spinodal_decomp_06_2025/out_MATLAB/SAV_MATLAB_2000_dt_5.50e-06_Nx_64_periodic_n_relax_425p_phi.csv
MATLAB,SAV,512,neumann,425p,None (10),1000,441.39893882261384,/project/g_bme-janeslab/SarahG/spinodal_decomp_06_2025/out_MATLAB/SAV_MATLAB_2000_dt_5.50e-06_Nx_512_neumann_n_relax_425p_phi.csv
MATLAB,SAV,128,neumann,475p,None (10),1000,75.6736889737051,/project/g_bme-janeslab/SarahG/spinodal_decomp_06_2025/out_MATLAB/SAV_MATLAB_2000_dt_5.50e-06_Nx_128_neumann_n_relax_475p_phi.csv
MATLAB,SAV,512,neumann,450p,None (10),1000,435.9499353125654,/project/g_bme-janeslab/SarahG/spinodal_decomp_06_2025/out_MATLAB/SAV_MATLAB_2000_dt_5.50e-06_Nx_512_neumann_n_relax_450p_phi.csv
MATLAB,SAV,256,periodic,475p,None (10),1000,203.59828216830272,/project/g_bme-janeslab/SarahG/spinodal_decomp_06_2025/out_MATLAB/SAV_MATLAB_2000_dt_5.50e-06_Nx_256_periodic_n_relax_475p_phi.csv
MATLAB,NMG,256,periodic,450p,None (10),1000,198.01378833483835,/project/g_bme-janeslab/SarahG/spinodal_decomp_06_2025/out_MATLAB/NMG_MATLAB_2000_dt_5.50e-06_Nx_256_periodic_n_relax_450p_phi.csv
MATLAB,SAV,128,neumann,450p,None (10),1000,84.08146686830032,/project/g_bme-janeslab/SarahG/spinodal_decomp_06_2025/out_MATLAB/SAV_MATLAB_2000_dt_5.50e-06_Nx_128_neumann_n_relax_450p_phi.csv
MATLAB,NMG,64,periodic,475p,None (10),1000,33.00683818250383,/project/g_bme-janeslab/SarahG/spinodal_decomp_06_2025/out_MATLAB/NMG_MATLAB_2000_dt_5.50e-06_Nx_64_periodic_n_relax_475p_phi.csv
MATLAB,NMG,512,periodic,425p,None (10),1000,437.5607146027508,/project/g_bme-janeslab/SarahG/spinodal_decomp_06_2025/out_MATLAB/NMG_MATLAB_2000_dt_5.50e-06_Nx_512_periodic_n_relax_425p_phi.csv
MATLAB,NMG,128,periodic,450p,None (10),1000,85.83629310589708,/project/g_bme-janeslab/SarahG/spinodal_decomp_06_2025/out_MATLAB/NMG_MATLAB_2000_dt_5.50e-06_Nx_128_periodic_n_relax_450p_phi.csv
MATLAB,NMG,128,neumann,475p,None (10),1000,72.82917691594497,/project/g_bme-janeslab/SarahG/spinodal_decomp_06_2025/out_MATLAB/NMG_MATLAB_2000_dt_5.50e-06_Nx_128_neumann_n_relax_475p_phi.csv
MATLAB,NMG,256,periodic,425p,None (10),1000,202.3663280187076,/project/g_bme-janeslab/SarahG/spinodal_decomp_06_2025/out_MATLAB/NMG_MATLAB_2000_dt_5.50e-06_Nx_256_periodic_n_relax_425p_phi.csv
MATLAB,SAV,64,periodic,475p,None (10),1000,32.99031332027505,/project/g_bme-janeslab/SarahG/spinodal_decomp_06_2025/out_MATLAB/SAV_MATLAB_2000_dt_5.50e-06_Nx_64_periodic_n_relax_475p_phi.csv
MATLAB,NMG,512,neumann,475p,None (10),1000,438.9409189773999,/project/g_bme-janeslab/SarahG/spinodal_decomp_06_2025/out_MATLAB/NMG_MATLAB_2000_dt_5.50e-06_Nx_512_neumann_n_relax_475p_phi.csv
MATLAB,NMG,64,periodic,425p,None (10),1000,32.65637183138798,/project/g_bme-janeslab/SarahG/spinodal_decomp_06_2025/out_MATLAB/NMG_MATLAB_2000_dt_5.50e-06_Nx_64_periodic_n_relax_425p_phi.csv
MATLAB,SAV,64,neumann,450p,None (10),1000,0.0,/project/g_bme-janeslab/SarahG/spinodal_decomp_06_2025/out_MATLAB/SAV_MATLAB_2000_dt_5.50e-06_Nx_64_neumann_n_relax_450p_phi.csv
MATLAB,NMG,64,neumann,425p,None (10),1000,0.0,/project/g_bme-janeslab/SarahG/spinodal_decomp_06_2025/out_MATLAB/NMG_MATLAB_2000_dt_5.50e-06_Nx_64_neumann_n_relax_425p_phi.csv
MATLAB,SAV,256,periodic,450p,None (10),1000,208.07127691213606,/project/g_bme-janeslab/SarahG/spinodal_decomp_06_2025/out_MATLAB/SAV_MATLAB_2000_dt_5.50e-06_Nx_256_periodic_n_relax_450p_phi.csv
Python,NMG,128,neumann,50p,125,1000,65.85479069226376,/project/g_bme-janeslab/SarahG/spinodal_decomp_06_2025/out_python/NMG_Python_20_dt_5.50e-06_Nx_128_neumann_dtout_125pphi.csv
Python,NMG,64,periodic,50p,175,1000,36.15794923569015,/project/g_bme-janeslab/SarahG/spinodal_decomp_06_2025/out_python/NMG_Python_20_dt_5.50e-06_Nx_64_periodic_dtout_175pphi.csv
Python,NMG,256,periodic,50p,150,1000,30.042472912962673,/project/g_bme-janeslab/SarahG/spinodal_decomp_06_2025/out_python/NMG_Python_20_dt_5.50e-06_Nx_256_periodic_dtout_150pphi.csv
Python,NMG,128,neumann,50p,175,1000,67.50838409294865,/project/g_bme-janeslab/SarahG/spinodal_decomp_06_2025/out_python/NMG_Python_20_dt_5.50e-06_Nx_128_neumann_dtout_175pphi.csv
Python,NMG,64,neumann,50p,150,1000,19.777583895813063,/project/g_bme-janeslab/SarahG/spinodal_decomp_06_2025/out_python/NMG_Python_20_dt_5.50e-06_Nx_64_neumann_dtout_150pphi.csv
Python,NMG,256,neumann,50p,150,1000,30.082500917296407,/project/g_bme-janeslab/SarahG/spinodal_decomp_06_2025/out_python/NMG_Python_20_dt_5.50e-06_Nx_256_neumann_dtout_150pphi.csv
Python,NMG,512,neumann,50p,125,1000,256.107551946451,/project/g_bme-janeslab/SarahG/spinodal_decomp_06_2025/out_python/NMG_Python_20_dt_5.50e-06_Nx_512_neumann_dtout_125pphi.csv
Python,NMG,256,neumann,50p,175,1000,125.21649394631615,/project/g_bme-janeslab/SarahG/spinodal_decomp_06_2025/out_python/NMG_Python_20_dt_5.50e-06_Nx_256_neumann_dtout_175pphi.csv
Python,NMG,128,periodic,50p,150,1000,26.97597470278366,/project/g_bme-janeslab/SarahG/spinodal_decomp_06_2025/out_python/NMG_Python_20_dt_5.50e-06_Nx_128_periodic_dtout_150pphi.csv
Python,NMG,256,neumann,50p,125,1000,120.94846639252475,/project/g_bme-janeslab/SarahG/spinodal_decomp_06_2025/out_python/NMG_Python_20_dt_5.50e-06_Nx_256_neumann_dtout_125pphi.csv
Python,NMG,64,neumann,50p,175,1000,36.40490428046108,/project/g_bme-janeslab/SarahG/spinodal_decomp_06_2025/out_python/NMG_Python_20_dt_5.50e-06_Nx_64_neumann_dtout_175pphi.csv
Python,NMG,256,periodic,50p,125,1000,120.93020950055711,/project/g_bme-janeslab/SarahG/spinodal_decomp_06_2025/out_python/NMG_Python_20_dt_5.50e-06_Nx_256_periodic_dtout_125pphi.csv
Python,NMG,512,periodic,50p,150,1000,85.56958756396342,/project/g_bme-janeslab/SarahG/spinodal_decomp_06_2025/out_python/NMG_Python_20_dt_5.50e-06_Nx_512_periodic_dtout_150pphi.csv
Python,NMG,64,neumann,50p,125,1000,35.32363474566702,/project/g_bme-janeslab/SarahG/spinodal_decomp_06_2025/out_python/NMG_Python_20_dt_5.50e-06_Nx_64_neumann_dtout_125pphi.csv
Python,NMG,512,periodic,50p,125,1000,256.04772696842207,/project/g_bme-janeslab/SarahG/spinodal_decomp_06_2025/out_python/NMG_Python_20_dt_5.50e-06_Nx_512_periodic_dtout_125pphi.csv
Python,NMG,128,periodic,50p,175,1000,67.35446387484686,/project/g_bme-janeslab/SarahG/spinodal_decomp_06_2025/out_python/NMG_Python_20_dt_5.50e-06_Nx_128_periodic_dtout_175pphi.csv
Python,NMG,512,periodic,50p,175,1000,252.76344379611487,/project/g_bme-janeslab/SarahG/spinodal_decomp_06_2025/out_python/NMG_Python_20_dt_5.50e-06_Nx_512_periodic_dtout_175pphi.csv
Python,NMG,128,neumann,50p,150,1000,27.5141077033339,/project/g_bme-janeslab/SarahG/spinodal_decomp_06_2025/out_python/NMG_Python_20_dt_5.50e-06_Nx_128_neumann_dtout_150pphi.csv
Python,NMG,512,neumann,50p,175,1000,252.78507010514545,/project/g_bme-janeslab/SarahG/spinodal_decomp_06_2025/out_python/NMG_Python_20_dt_5.50e-06_Nx_512_neumann_dtout_175pphi.csv
Python,NMG,512,neumann,50p,150,1000,86.02308386817587,/project/g_bme-janeslab/SarahG/spinodal_decomp_06_2025/out_python/NMG_Python_20_dt_5.50e-06_Nx_512_neumann_dtout_150pphi.csv
Python,NMG,64,periodic,50p,125,1000,35.11801805148525,/project/g_bme-janeslab/SarahG/spinodal_decomp_06_2025/out_python/NMG_Python_20_dt_5.50e-06_Nx_64_periodic_dtout_125pphi.csv
Python,NMG,256,periodic,50p,175,1000,125.1334729814703,/project/g_bme-janeslab/SarahG/spinodal_decomp_06_2025/out_python/NMG_Python_20_dt_5.50e-06_Nx_256_periodic_dtout_175pphi.csv
Python,NMG,64,periodic,50p,150,1000,19.30172583281227,/project/g_bme-janeslab/SarahG/spinodal_decomp_06_2025/out_python/NMG_Python_20_dt_5.50e-06_Nx_64_periodic_dtout_150pphi.csv
Python,NMG,128,periodic,50p,125,1000,65.80352329167421,/project/g_bme-janeslab/SarahG/spinodal_decomp_06_2025/out_python/NMG_Python_20_dt_5.50e-06_Nx_128_periodic_dtout_125pphi.csv
MATLAB,SAV,64,periodic,450p,None (10),1040,32.259287712274585,/project/g_bme-janeslab/SarahG/spinodal_decomp_06_2025/out_MATLAB/SAV_MATLAB_2000_dt_5.50e-06_Nx_64_periodic_n_relax_450p_phi.csv
MATLAB,NMG,512,periodic,475p,None (10),1040,439.25056434920714,/project/g_bme-janeslab/SarahG/spinodal_decomp_06_2025/out_MATLAB/NMG_MATLAB_2000_dt_5.50e-06_Nx_512_periodic_n_relax_475p_phi.csv
MATLAB,NMG,512,neumann,450p,None (10),1040,436.6334011393478,/project/g_bme-janeslab/SarahG/spinodal_decomp_06_2025/out_MATLAB/NMG_MATLAB_2000_dt_5.50e-06_Nx_512_neumann_n_relax_450p_phi.csv
MATLAB,SAV,256,neumann,450p,None (10),1040,197.49074117920486,/project/g_bme-janeslab/SarahG/spinodal_decomp_06_2025/out_MATLAB/SAV_MATLAB_2000_dt_5.50e-06_Nx_256_neumann_n_relax_450p_phi.csv
MATLAB,SAV,64,neumann,475p,None (10),1040,33.71484096309892,/project/g_bme-janeslab/SarahG/spinodal_decomp_06_2025/out_MATLAB/SAV_MATLAB_2000_dt_5.50e-06_Nx_64_neumann_n_relax_475p_phi.csv
MATLAB,NMG,256,periodic,475p,None (10),1040,204.4873726810898,/project/g_bme-janeslab/SarahG/spinodal_decomp_06_2025/out_MATLAB/NMG_MATLAB_2000_dt_5.50e-06_Nx_256_periodic_n_relax_475p_phi.csv
MATLAB,NMG,128,neumann,425p,None (10),1040,89.05930458438735,/project/g_bme-janeslab/SarahG/spinodal_decomp_06_2025/out_MATLAB/NMG_MATLAB_2000_dt_5.50e-06_Nx_128_neumann_n_relax_425p_phi.csv
MATLAB,SAV,256,periodic,425p,None (10),1040,0.0,/project/g_bme-janeslab/SarahG/spinodal_decomp_06_2025/out_MATLAB/SAV_MATLAB_2000_dt_5.50e-06_Nx_256_periodic_n_relax_425p_phi.csv
MATLAB,NMG,128,periodic,475p,None (10),1040,70.16661663287148,/project/g_bme-janeslab/SarahG/spinodal_decomp_06_2025/out_MATLAB/NMG_MATLAB_2000_dt_5.50e-06_Nx_128_periodic_n_relax_475p_phi.csv
MATLAB,SAV,128,periodic,450p,None (10),1040,85.69768058809743,/project/g_bme-janeslab/SarahG/spinodal_decomp_06_2025/out_MATLAB/SAV_MATLAB_2000_dt_5.50e-06_Nx_128_periodic_n_relax_450p_phi.csv
MATLAB,NMG,128,neumann,450p,None (10),1040,83.00604739491676,/project/g_bme-janeslab/SarahG/spinodal_decomp_06_2025/out_MATLAB/NMG_MATLAB_2000_dt_5.50e-06_Nx_128_neumann_n_relax_450p_phi.csv
MATLAB,SAV,256,neumann,425p,None (10),1040,202.49654493031503,/project/g_bme-janeslab/SarahG/spinodal_decomp_06_2025/out_MATLAB/SAV_MATLAB_2000_dt_5.50e-06_Nx_256_neumann_n_relax_425p_phi.csv
MATLAB,SAV,512,periodic,450p,None (10),1040,0.0,/project/g_bme-janeslab/SarahG/spinodal_decomp_06_2025/out_MATLAB/SAV_MATLAB_2000_dt_5.50e-06_Nx_512_periodic_n_relax_450p_phi.csv
MATLAB,SAV,128,periodic,425p,None (10),1040,0.0,/project/g_bme-janeslab/SarahG/spinodal_decomp_06_2025/out_MATLAB/SAV_MATLAB_2000_dt_5.50e-06_Nx_128_periodic_n_relax_425p_phi.csv
MATLAB,NMG,512,neumann,425p,None (10),1040,437.80329894519474,/project/g_bme-janeslab/SarahG/spinodal_decomp_06_2025/out_MATLAB/NMG_MATLAB_2000_dt_5.50e-06_Nx_512_neumann_n_relax_425p_phi.csv
MATLAB,NMG,64,neumann,450p,None (10),1040,0.0,/project/g_bme-janeslab/SarahG/spinodal_decomp_06_2025/out_MATLAB/NMG_MATLAB_2000_dt_5.50e-06_Nx_64_neumann_n_relax_450p_phi.csv
MATLAB,NMG,64,periodic,450p,None (10),1040,23.23274750561642,/project/g_bme-janeslab/SarahG/spinodal_decomp_06_2025/out_MATLAB/NMG_MATLAB_2000_dt_5.50e-06_Nx_64_periodic_n_relax_450p_phi.csv
MATLAB,NMG,256,neumann,425p,None (10),1040,203.90870567662947,/project/g_bme-janeslab/SarahG/spinodal_decomp_06_2025/out_MATLAB/NMG_MATLAB_2000_dt_5.50e-06_Nx_256_neumann_n_relax_425p_phi.csv
MATLAB,SAV,64,neumann,425p,None (10),1040,0.0,/project/g_bme-janeslab/SarahG/spinodal_decomp_06_2025/out_MATLAB/SAV_MATLAB_2000_dt_5.50e-06_Nx_64_neumann_n_relax_425p_phi.csv
MATLAB,SAV,128,neumann,425p,None (10),1040,0.0,/project/g_bme-janeslab/SarahG/spinodal_decomp_06_2025/out_MATLAB/SAV_MATLAB_2000_dt_5.50e-06_Nx_128_neumann_n_relax_425p_phi.csv
MATLAB,NMG,128,periodic,425p,None (10),1040,72.49442989131144,/project/g_bme-janeslab/SarahG/spinodal_decomp_06_2025/out_MATLAB/NMG_MATLAB_2000_dt_5.50e-06_Nx_128_periodic_n_relax_425p_phi.csv
MATLAB,SAV,512,periodic,475p,None (10),1040,442.29689042626586,/project/g_bme-janeslab/SarahG/spinodal_decomp_06_2025/out_MATLAB/SAV_MATLAB_2000_dt_5.50e-06_Nx_512_periodic_n_relax_475p_phi.csv
MATLAB,SAV,512,neumann,475p,None (10),1040,445.0596686885567,/project/g_bme-janeslab/SarahG/spinodal_decomp_06_2025/out_MATLAB/SAV_MATLAB_2000_dt_5.50e-06_Nx_512_neumann_n_relax_475p_phi.csv
MATLAB,NMG,256,neumann,475p,None (10),1040,203.45978213591778,/project/g_bme-janeslab/SarahG/spinodal_decomp_06_2025/out_MATLAB/NMG_MATLAB_2000_dt_5.50e-06_Nx_256_neumann_n_relax_475p_phi.csv
MATLAB,NMG,256,neumann,450p,None (10),1040,197.5812212495989,/project/g_bme-janeslab/SarahG/spinodal_decomp_06_2025/out_MATLAB/NMG_MATLAB_2000_dt_5.50e-06_Nx_256_neumann_n_relax_450p_phi.csv
MATLAB,SAV,512,periodic,425p,None (10),1040,444.2296384473466,/project/g_bme-janeslab/SarahG/spinodal_decomp_06_2025/out_MATLAB/SAV_MATLAB_2000_dt_5.50e-06_Nx_512_periodic_n_relax_425p_phi.csv
MATLAB,NMG,64,neumann,475p,None (10),1040,33.738608653583015,/project/g_bme-janeslab/SarahG/spinodal_decomp_06_2025/out_MATLAB/NMG_MATLAB_2000_dt_5.50e-06_Nx_64_neumann_n_relax_475p_phi.csv
MATLAB,SAV,128,periodic,475p,None (10),1040,70.48855266175549,/project/g_bme-janeslab/SarahG/spinodal_decomp_06_2025/out_MATLAB/SAV_MATLAB_2000_dt_5.50e-06_Nx_128_periodic_n_relax_475p_phi.csv
MATLAB,SAV,256,neumann,475p,None (10),1040,203.1986161630851,/project/g_bme-janeslab/SarahG/spinodal_decomp_06_2025/out_MATLAB/SAV_MATLAB_2000_dt_5.50e-06_Nx_256_neumann_n_relax_475p_phi.csv
MATLAB,NMG,512,periodic,450p,None (10),1040,436.381728459619,/project/g_bme-janeslab/SarahG/spinodal_decomp_06_2025/out_MATLAB/NMG_MATLAB_2000_dt_5.50e-06_Nx_512_periodic_n_relax_450p_phi.csv
MATLAB,SAV,64,periodic,425p,None (10),1040,0.0,/project/g_bme-janeslab/SarahG/spinodal_decomp_06_2025/out_MATLAB/SAV_MATLAB_2000_dt_5.50e-06_Nx_64_periodic_n_relax_425p_phi.csv
MATLAB,SAV,512,neumann,425p,None (10),1040,441.8177346541595,/project/g_bme-janeslab/SarahG/spinodal_decomp_06_2025/out_MATLAB/SAV_MATLAB_2000_dt_5.50e-06_Nx_512_neumann_n_relax_425p_phi.csv
MATLAB,SAV,128,neumann,475p,None (10),1040,76.36277057133121,/project/g_bme-janeslab/SarahG/spinodal_decomp_06_2025/out_MATLAB/SAV_MATLAB_2000_dt_5.50e-06_Nx_128_neumann_n_relax_475p_phi.csv
MATLAB,SAV,512,neumann,450p,None (10),1040,436.8479945237152,/project/g_bme-janeslab/SarahG/spinodal_decomp_06_2025/out_MATLAB/SAV_MATLAB_2000_dt_5.50e-06_Nx_512_neumann_n_relax_450p_phi.csv
MATLAB,SAV,256,periodic,475p,None (10),1040,204.2139040568676,/project/g_bme-janeslab/SarahG/spinodal_decomp_06_2025/out_MATLAB/SAV_MATLAB_2000_dt_5.50e-06_Nx_256_periodic_n_relax_475p_phi.csv
MATLAB,NMG,256,periodic,450p,None (10),1040,198.67043109676155,/project/g_bme-janeslab/SarahG/spinodal_decomp_06_2025/out_MATLAB/NMG_MATLAB_2000_dt_5.50e-06_Nx_256_periodic_n_relax_450p_phi.csv
MATLAB,SAV,128,neumann,450p,None (10),1040,84.50236417243235,/project/g_bme-janeslab/SarahG/spinodal_decomp_06_2025/out_MATLAB/SAV_MATLAB_2000_dt_5.50e-06_Nx_128_neumann_n_relax_450p_phi.csv
MATLAB,NMG,64,periodic,475p,None (10),1040,33.0195849846799,/project/g_bme-janeslab/SarahG/spinodal_decomp_06_2025/out_MATLAB/NMG_MATLAB_2000_dt_5.50e-06_Nx_64_periodic_n_relax_475p_phi.csv
MATLAB,NMG,512,periodic,425p,None (10),1040,438.13236401798116,/project/g_bme-janeslab/SarahG/spinodal_decomp_06_2025/out_MATLAB/NMG_MATLAB_2000_dt_5.50e-06_Nx_512_periodic_n_relax_425p_phi.csv
MATLAB,NMG,128,periodic,450p,None (10),1040,86.2236282343031,/project/g_bme-janeslab/SarahG/spinodal_decomp_06_2025/out_MATLAB/NMG_MATLAB_2000_dt_5.50e-06_Nx_128_periodic_n_relax_450p_phi.csv
MATLAB,NMG,128,neumann,475p,None (10),1040,73.45038740621901,/project/g_bme-janeslab/SarahG/spinodal_decomp_06_2025/out_MATLAB/NMG_MATLAB_2000_dt_5.50e-06_Nx_128_neumann_n_relax_475p_phi.csv
MATLAB,NMG,256,periodic,425p,None (10),1040,203.1133406118378,/project/g_bme-janeslab/SarahG/spinodal_decomp_06_2025/out_MATLAB/NMG_MATLAB_2000_dt_5.50e-06_Nx_256_periodic_n_relax_425p_phi.csv
MATLAB,SAV,64,periodic,475p,None (10),1040,33.00253026198146,/project/g_bme-janeslab/SarahG/spinodal_decomp_06_2025/out_MATLAB/SAV_MATLAB_2000_dt_5.50e-06_Nx_64_periodic_n_relax_475p_phi.csv
MATLAB,NMG,512,neumann,475p,None (10),1040,439.4122485510952,/project/g_bme-janeslab/SarahG/spinodal_decomp_06_2025/out_MATLAB/NMG_MATLAB_2000_dt_5.50e-06_Nx_512_neumann_n_relax_475p_phi.csv
MATLAB,NMG,64,periodic,425p,None (10),1040,32.65943054377472,/project/g_bme-janeslab/SarahG/spinodal_decomp_06_2025/out_MATLAB/NMG_MATLAB_2000_dt_5.50e-06_Nx_64_periodic_n_relax_425p_phi.csv
MATLAB,SAV,64,neumann,450p,None (10),1040,0.0,/project/g_bme-janeslab/SarahG/spinodal_decomp_06_2025/out_MATLAB/SAV_MATLAB_2000_dt_5.50e-06_Nx_64_neumann_n_relax_450p_phi.csv
MATLAB,NMG,64,neumann,425p,None (10),1040,0.0,/project/g_bme-janeslab/SarahG/spinodal_decomp_06_2025/out_MATLAB/NMG_MATLAB_2000_dt_5.50e-06_Nx_64_neumann_n_relax_425p_phi.csv
MATLAB,SAV,256,periodic,450p,None (10),1040,208.37991340339264,/project/g_bme-janeslab/SarahG/spinodal_decomp_06_2025/out_MATLAB/SAV_MATLAB_2000_dt_5.50e-06_Nx_256_periodic_n_relax_450p_phi.csv
Julia,SAV,64,periodic,50p,1025,1040,34.52025076195982,/project/g_bme-janeslab/SarahG/spinodal_decomp_06_2025/out_julia/SAV_Julia_2000_dt_5.50e-06_Nx_64_periodic_dtout_1025p_phi.csv
Julia,NMG,256,periodic,50p,1025,1040,120.88864933836557,/project/g_bme-janeslab/SarahG/spinodal_decomp_06_2025/out_julia/NMG_Julia_2000_dt_5.50e-06_Nx_256_periodic_dtout_1025p_phi.csv
Julia,SAV,512,periodic,50p,1025,1040,255.8102190514212,/project/g_bme-janeslab/SarahG/spinodal_decomp_06_2025/out_julia/SAV_Julia_2000_dt_5.50e-06_Nx_512_periodic_dtout_1025p_phi.csv
Julia,NMG,512,neumann,50p,1025,1040,256.02831174803106,/project/g_bme-janeslab/SarahG/spinodal_decomp_06_2025/out_julia/NMG_Julia_2000_dt_5.50e-06_Nx_512_neumann_dtout_1025p_phi.csv
Julia,NMG,128,neumann,50p,1025,1040,65.64821992860882,/project/g_bme-janeslab/SarahG/spinodal_decomp_06_2025/out_julia/NMG_Julia_2000_dt_5.50e-06_Nx_128_neumann_dtout_1025p_phi.csv
Julia,SAV,64,neumann,50p,1025,1040,34.720163965323444,/project/g_bme-janeslab/SarahG/spinodal_decomp_06_2025/out_julia/SAV_Julia_2000_dt_5.50e-06_Nx_64_neumann_dtout_1025p_phi.csv
Julia,NMG,512,periodic,50p,1025,1040,255.9830197723297,/project/g_bme-janeslab/SarahG/spinodal_decomp_06_2025/out_julia/NMG_Julia_2000_dt_5.50e-06_Nx_512_periodic_dtout_1025p_phi.csv
Julia,NMG,64,periodic,50p,1025,1040,34.77711539999623,/project/g_bme-janeslab/SarahG/spinodal_decomp_06_2025/out_julia/NMG_Julia_2000_dt_5.50e-06_Nx_64_periodic_dtout_1025p_phi.csv
Julia,NMG,256,neumann,50p,1025,1040,120.90506316650037,/project/g_bme-janeslab/SarahG/spinodal_decomp_06_2025/out_julia/NMG_Julia_2000_dt_5.50e-06_Nx_256_neumann_dtout_1025p_phi.csv
Julia,NMG,128,periodic,50p,1025,1040,65.59696674093102,/project/g_bme-janeslab/SarahG/spinodal_decomp_06_2025/out_julia/NMG_Julia_2000_dt_5.50e-06_Nx_128_periodic_dtout_1025p_phi.csv
Julia,NMG,64,neumann,50p,1025,1040,34.97872844088834,/project/g_bme-janeslab/SarahG/spinodal_decomp_06_2025/out_julia/NMG_Julia_2000_dt_5.50e-06_Nx_64_neumann_dtout_1025p_phi.csv
Julia,SAV,256,neumann,50p,1025,1040,120.87006851943194,/project/g_bme-janeslab/SarahG/spinodal_decomp_06_2025/out_julia/SAV_Julia_2000_dt_5.50e-06_Nx_256_neumann_dtout_1025p_phi.csv
Julia,SAV,256,periodic,50p,1025,1040,120.85214156549081,/project/g_bme-janeslab/SarahG/spinodal_decomp_06_2025/out_julia/SAV_Julia_2000_dt_5.50e-06_Nx_256_periodic_dtout_1025p_phi.csv
Julia,SAV,512,neumann,50p,1025,1040,255.85847727584536,/project/g_bme-janeslab/SarahG/spinodal_decomp_06_2025/out_julia/SAV_Julia_2000_dt_5.50e-06_Nx_512_neumann_dtout_1025p_phi.csv
Julia,SAV,128,neumann,50p,1025,1040,65.52919149601709,/project/g_bme-janeslab/SarahG/spinodal_decomp_06_2025/out_julia/SAV_Julia_2000_dt_5.50e-06_Nx_128_neumann_dtout_1025p_phi.csv
Julia,SAV,128,periodic,50p,1025,1040,65.47890529761908,/project/g_bme-janeslab/SarahG/spinodal_decomp_06_2025/out_julia/SAV_Julia_2000_dt_5.50e-06_Nx_128_periodic_dtout_1025p_phi.csv
Python,NMG,128,neumann,50p,125,1040,65.82136689226263,/project/g_bme-janeslab/SarahG/spinodal_decomp_06_2025/out_python/NMG_Python_20_dt_5.50e-06_Nx_128_neumann_dtout_125pphi.csv
Python,NMG,64,periodic,50p,175,1040,36.08791057892526,/project/g_bme-janeslab/SarahG/spinodal_decomp_06_2025/out_python/NMG_Python_20_dt_5.50e-06_Nx_64_periodic_dtout_175pphi.csv
Python,NMG,256,periodic,50p,150,1040,30.116539347027643,/project/g_bme-janeslab/SarahG/spinodal_decomp_06_2025/out_python/NMG_Python_20_dt_5.50e-06_Nx_256_periodic_dtout_150pphi.csv
Python,NMG,128,neumann,50p,175,1040,67.44239403245463,/project/g_bme-janeslab/SarahG/spinodal_decomp_06_2025/out_python/NMG_Python_20_dt_5.50e-06_Nx_128_neumann_dtout_175pphi.csv
Python,NMG,64,neumann,50p,150,1040,19.61579909969616,/project/g_bme-janeslab/SarahG/spinodal_decomp_06_2025/out_python/NMG_Python_20_dt_5.50e-06_Nx_64_neumann_dtout_150pphi.csv
Python,NMG,256,neumann,50p,150,1040,30.156241236709167,/project/g_bme-janeslab/SarahG/spinodal_decomp_06_2025/out_python/NMG_Python_20_dt_5.50e-06_Nx_256_neumann_dtout_150pphi.csv
Python,NMG,512,neumann,50p,125,1040,256.0899463203581,/project/g_bme-janeslab/SarahG/spinodal_decomp_06_2025/out_python/NMG_Python_20_dt_5.50e-06_Nx_512_neumann_dtout_125pphi.csv
Python,NMG,256,neumann,50p,175,1040,125.18774901384937,/project/g_bme-janeslab/SarahG/spinodal_decomp_06_2025/out_python/NMG_Python_20_dt_5.50e-06_Nx_256_neumann_dtout_175pphi.csv
Python,NMG,128,periodic,50p,150,1040,26.81357269844526,/project/g_bme-janeslab/SarahG/spinodal_decomp_06_2025/out_python/NMG_Python_20_dt_5.50e-06_Nx_128_periodic_dtout_150pphi.csv
Python,NMG,256,neumann,50p,125,1040,120.9413701200669,/project/g_bme-janeslab/SarahG/spinodal_decomp_06_2025/out_python/NMG_Python_20_dt_5.50e-06_Nx_256_neumann_dtout_125pphi.csv
Python,NMG,64,neumann,50p,175,1040,36.334312166885994,/project/g_bme-janeslab/SarahG/spinodal_decomp_06_2025/out_python/NMG_Python_20_dt_5.50e-06_Nx_64_neumann_dtout_175pphi.csv
Python,NMG,256,periodic,50p,125,1040,120.92371133884987,/project/g_bme-janeslab/SarahG/spinodal_decomp_06_2025/out_python/NMG_Python_20_dt_5.50e-06_Nx_256_periodic_dtout_125pphi.csv
Python,NMG,512,periodic,50p,150,1040,86.62164643551077,/project/g_bme-janeslab/SarahG/spinodal_decomp_06_2025/out_python/NMG_Python_20_dt_5.50e-06_Nx_512_periodic_dtout_150pphi.csv
Python,NMG,64,neumann,50p,125,1040,35.26005140378302,/project/g_bme-janeslab/SarahG/spinodal_decomp_06_2025/out_python/NMG_Python_20_dt_5.50e-06_Nx_64_neumann_dtout_125pphi.csv
Python,NMG,512,periodic,50p,125,1040,256.0307606283054,/project/g_bme-janeslab/SarahG/spinodal_decomp_06_2025/out_python/NMG_Python_20_dt_5.50e-06_Nx_512_periodic_dtout_125pphi.csv
Python,NMG,128,periodic,50p,175,1040,67.2886544999575,/project/g_bme-janeslab/SarahG/spinodal_decomp_06_2025/out_python/NMG_Python_20_dt_5.50e-06_Nx_128_periodic_dtout_175pphi.csv
Python,NMG,512,periodic,50p,175,1040,252.75209467453553,/project/g_bme-janeslab/SarahG/spinodal_decomp_06_2025/out_python/NMG_Python_20_dt_5.50e-06_Nx_512_periodic_dtout_175pphi.csv
Python,NMG,128,neumann,50p,150,1040,27.353982105463228,/project/g_bme-janeslab/SarahG/spinodal_decomp_06_2025/out_python/NMG_Python_20_dt_5.50e-06_Nx_128_neumann_dtout_150pphi.csv
Python,NMG,512,neumann,50p,175,1040,252.77387443987695,/project/g_bme-janeslab/SarahG/spinodal_decomp_06_2025/out_python/NMG_Python_20_dt_5.50e-06_Nx_512_neumann_dtout_175pphi.csv
Python,NMG,512,neumann,50p,150,1040,87.07098151291106,/project/g_bme-janeslab/SarahG/spinodal_decomp_06_2025/out_python/NMG_Python_20_dt_5.50e-06_Nx_512_neumann_dtout_150pphi.csv
Python,NMG,64,periodic,50p,125,1040,35.051806784255916,/project/g_bme-janeslab/SarahG/spinodal_decomp_06_2025/out_python/NMG_Python_20_dt_5.50e-06_Nx_64_periodic_dtout_125pphi.csv
Python,NMG,256,periodic,50p,175,1040,125.10491968595446,/project/g_bme-janeslab/SarahG/spinodal_decomp_06_2025/out_python/NMG_Python_20_dt_5.50e-06_Nx_256_periodic_dtout_175pphi.csv
Python,NMG,64,periodic,50p,150,1040,19.134558179348396,/project/g_bme-janeslab/SarahG/spinodal_decomp_06_2025/out_python/NMG_Python_20_dt_5.50e-06_Nx_64_periodic_dtout_150pphi.csv
Python,NMG,128,periodic,50p,125,1040,65.76877027032238,/project/g_bme-janeslab/SarahG/spinodal_decomp_06_2025/out_python/NMG_Python_20_dt_5.50e-06_Nx_128_periodic_dtout_125pphi.csv
MATLAB,SAV,64,periodic,450p,None (10),1080,32.66807817428794,/project/g_bme-janeslab/SarahG/spinodal_decomp_06_2025/out_MATLAB/SAV_MATLAB_2000_dt_5.50e-06_Nx_64_periodic_n_relax_450p_phi.csv
MATLAB,NMG,512,periodic,475p,None (10),1080,439.68486998824676,/project/g_bme-janeslab/SarahG/spinodal_decomp_06_2025/out_MATLAB/NMG_MATLAB_2000_dt_5.50e-06_Nx_512_periodic_n_relax_475p_phi.csv
MATLAB,NMG,512,neumann,450p,None (10),1080,437.49712325407074,/project/g_bme-janeslab/SarahG/spinodal_decomp_06_2025/out_MATLAB/NMG_MATLAB_2000_dt_5.50e-06_Nx_512_neumann_n_relax_450p_phi.csv
MATLAB,SAV,256,neumann,450p,None (10),1080,197.97334788598073,/project/g_bme-janeslab/SarahG/spinodal_decomp_06_2025/out_MATLAB/SAV_MATLAB_2000_dt_5.50e-06_Nx_256_neumann_n_relax_450p_phi.csv
MATLAB,SAV,64,neumann,475p,None (10),1080,33.75767986543935,/project/g_bme-janeslab/SarahG/spinodal_decomp_06_2025/out_MATLAB/SAV_MATLAB_2000_dt_5.50e-06_Nx_64_neumann_n_relax_475p_phi.csv
MATLAB,NMG,256,periodic,475p,None (10),1080,205.0270839559783,/project/g_bme-janeslab/SarahG/spinodal_decomp_06_2025/out_MATLAB/NMG_MATLAB_2000_dt_5.50e-06_Nx_256_periodic_n_relax_475p_phi.csv
MATLAB,NMG,128,neumann,425p,None (10),1080,0.0,/project/g_bme-janeslab/SarahG/spinodal_decomp_06_2025/out_MATLAB/NMG_MATLAB_2000_dt_5.50e-06_Nx_128_neumann_n_relax_425p_phi.csv
MATLAB,SAV,256,periodic,425p,None (10),1080,0.0,/project/g_bme-janeslab/SarahG/spinodal_decomp_06_2025/out_MATLAB/SAV_MATLAB_2000_dt_5.50e-06_Nx_256_periodic_n_relax_425p_phi.csv
MATLAB,NMG,128,periodic,475p,None (10),1080,70.66269918203415,/project/g_bme-janeslab/SarahG/spinodal_decomp_06_2025/out_MATLAB/NMG_MATLAB_2000_dt_5.50e-06_Nx_128_periodic_n_relax_475p_phi.csv
MATLAB,SAV,128,periodic,450p,None (10),1080,86.08154136389405,/project/g_bme-janeslab/SarahG/spinodal_decomp_06_2025/out_MATLAB/SAV_MATLAB_2000_dt_5.50e-06_Nx_128_periodic_n_relax_450p_phi.csv
MATLAB,NMG,128,neumann,450p,None (10),1080,83.52421855956261,/project/g_bme-janeslab/SarahG/spinodal_decomp_06_2025/out_MATLAB/NMG_MATLAB_2000_dt_5.50e-06_Nx_128_neumann_n_relax_450p_phi.csv
MATLAB,SAV,256,neumann,425p,None (10),1080,203.19244867267562,/project/g_bme-janeslab/SarahG/spinodal_decomp_06_2025/out_MATLAB/SAV_MATLAB_2000_dt_5.50e-06_Nx_256_neumann_n_relax_425p_phi.csv
MATLAB,SAV,512,periodic,450p,None (10),1080,0.0,/project/g_bme-janeslab/SarahG/spinodal_decomp_06_2025/out_MATLAB/SAV_MATLAB_2000_dt_5.50e-06_Nx_512_periodic_n_relax_450p_phi.csv
MATLAB,SAV,128,periodic,425p,None (10),1080,0.0,/project/g_bme-janeslab/SarahG/spinodal_decomp_06_2025/out_MATLAB/SAV_MATLAB_2000_dt_5.50e-06_Nx_128_periodic_n_relax_425p_phi.csv
MATLAB,NMG,512,neumann,425p,None (10),1080,438.078283112543,/project/g_bme-janeslab/SarahG/spinodal_decomp_06_2025/out_MATLAB/NMG_MATLAB_2000_dt_5.50e-06_Nx_512_neumann_n_relax_425p_phi.csv
MATLAB,NMG,64,neumann,450p,None (10),1080,0.0,/project/g_bme-janeslab/SarahG/spinodal_decomp_06_2025/out_MATLAB/NMG_MATLAB_2000_dt_5.50e-06_Nx_64_neumann_n_relax_450p_phi.csv
MATLAB,NMG,64,periodic,450p,None (10),1080,23.797100440947876,/project/g_bme-janeslab/SarahG/spinodal_decomp_06_2025/out_MATLAB/NMG_MATLAB_2000_dt_5.50e-06_Nx_64_periodic_n_relax_450p_phi.csv
MATLAB,NMG,256,neumann,425p,None (10),1080,204.48541280899047,/project/g_bme-janeslab/SarahG/spinodal_decomp_06_2025/out_MATLAB/NMG_MATLAB_2000_dt_5.50e-06_Nx_256_neumann_n_relax_425p_phi.csv
MATLAB,SAV,64,neumann,425p,None (10),1080,0.0,/project/g_bme-janeslab/SarahG/spinodal_decomp_06_2025/out_MATLAB/SAV_MATLAB_2000_dt_5.50e-06_Nx_64_neumann_n_relax_425p_phi.csv
MATLAB,SAV,128,neumann,425p,None (10),1080,0.0,/project/g_bme-janeslab/SarahG/spinodal_decomp_06_2025/out_MATLAB/SAV_MATLAB_2000_dt_5.50e-06_Nx_128_neumann_n_relax_425p_phi.csv
MATLAB,NMG,128,periodic,425p,None (10),1080,73.09945678832523,/project/g_bme-janeslab/SarahG/spinodal_decomp_06_2025/out_MATLAB/NMG_MATLAB_2000_dt_5.50e-06_Nx_128_periodic_n_relax_425p_phi.csv
MATLAB,SAV,512,periodic,475p,None (10),1080,442.8572770667705,/project/g_bme-janeslab/SarahG/spinodal_decomp_06_2025/out_MATLAB/SAV_MATLAB_2000_dt_5.50e-06_Nx_512_periodic_n_relax_475p_phi.csv
MATLAB,SAV,512,neumann,475p,None (10),1080,445.43290086103804,/project/g_bme-janeslab/SarahG/spinodal_decomp_06_2025/out_MATLAB/SAV_MATLAB_2000_dt_5.50e-06_Nx_512_neumann_n_relax_475p_phi.csv
MATLAB,NMG,256,neumann,475p,None (10),1080,203.94092919259347,/project/g_bme-janeslab/SarahG/spinodal_decomp_06_2025/out_MATLAB/NMG_MATLAB_2000_dt_5.50e-06_Nx_256_neumann_n_relax_475p_phi.csv
MATLAB,NMG,256,neumann,450p,None (10),1080,198.20826075994327,/project/g_bme-janeslab/SarahG/spinodal_decomp_06_2025/out_MATLAB/NMG_MATLAB_2000_dt_5.50e-06_Nx_256_neumann_n_relax_450p_phi.csv
MATLAB,SAV,512,periodic,425p,None (10),1080,444.88134112686475,/project/g_bme-janeslab/SarahG/spinodal_decomp_06_2025/out_MATLAB/SAV_MATLAB_2000_dt_5.50e-06_Nx_512_periodic_n_relax_425p_phi.csv
MATLAB,NMG,64,neumann,475p,None (10),1080,33.78249859208787,/project/g_bme-janeslab/SarahG/spinodal_decomp_06_2025/out_MATLAB/NMG_MATLAB_2000_dt_5.50e-06_Nx_64_neumann_n_relax_475p_phi.csv
MATLAB,SAV,128,periodic,475p,None (10),1080,70.9977345010026,/project/g_bme-janeslab/SarahG/spinodal_decomp_06_2025/out_MATLAB/SAV_MATLAB_2000_dt_5.50e-06_Nx_128_periodic_n_relax_475p_phi.csv
MATLAB,SAV,256,neumann,475p,None (10),1080,203.63916080544786,/project/g_bme-janeslab/SarahG/spinodal_decomp_06_2025/out_MATLAB/SAV_MATLAB_2000_dt_5.50e-06_Nx_256_neumann_n_relax_475p_phi.csv
MATLAB,NMG,512,periodic,450p,None (10),1080,437.24707882226693,/project/g_bme-janeslab/SarahG/spinodal_decomp_06_2025/out_MATLAB/NMG_MATLAB_2000_dt_5.50e-06_Nx_512_periodic_n_relax_450p_phi.csv
MATLAB,SAV,64,periodic,425p,None (10),1080,0.0,/project/g_bme-janeslab/SarahG/spinodal_decomp_06_2025/out_MATLAB/SAV_MATLAB_2000_dt_5.50e-06_Nx_64_periodic_n_relax_425p_phi.csv
MATLAB,SAV,512,neumann,425p,None (10),1080,442.4869218334955,/project/g_bme-janeslab/SarahG/spinodal_decomp_06_2025/out_MATLAB/SAV_MATLAB_2000_dt_5.50e-06_Nx_512_neumann_n_relax_425p_phi.csv
MATLAB,SAV,128,neumann,475p,None (10),1080,77.05899793791717,/project/g_bme-janeslab/SarahG/spinodal_decomp_06_2025/out_MATLAB/SAV_MATLAB_2000_dt_5.50e-06_Nx_128_neumann_n_relax_475p_phi.csv
MATLAB,SAV,512,neumann,450p,None (10),1080,437.6907345667962,/project/g_bme-janeslab/SarahG/spinodal_decomp_06_2025/out_MATLAB/SAV_MATLAB_2000_dt_5.50e-06_Nx_512_neumann_n_relax_450p_phi.csv
MATLAB,SAV,256,periodic,475p,None (10),1080,204.7337338274425,/project/g_bme-janeslab/SarahG/spinodal_decomp_06_2025/out_MATLAB/SAV_MATLAB_2000_dt_5.50e-06_Nx_256_periodic_n_relax_475p_phi.csv
MATLAB,NMG,256,periodic,450p,None (10),1080,199.29247453536567,/project/g_bme-janeslab/SarahG/spinodal_decomp_06_2025/out_MATLAB/NMG_MATLAB_2000_dt_5.50e-06_Nx_256_periodic_n_relax_450p_phi.csv
MATLAB,SAV,128,neumann,450p,None (10),1080,84.89792375329736,/project/g_bme-janeslab/SarahG/spinodal_decomp_06_2025/out_MATLAB/SAV_MATLAB_2000_dt_5.50e-06_Nx_128_neumann_n_relax_450p_phi.csv
MATLAB,NMG,64,periodic,475p,None (10),1080,33.033225269376956,/project/g_bme-janeslab/SarahG/spinodal_decomp_06_2025/out_MATLAB/NMG_MATLAB_2000_dt_5.50e-06_Nx_64_periodic_n_relax_475p_phi.csv
MATLAB,NMG,512,periodic,425p,None (10),1080,438.7959184282915,/project/g_bme-janeslab/SarahG/spinodal_decomp_06_2025/out_MATLAB/NMG_MATLAB_2000_dt_5.50e-06_Nx_512_periodic_n_relax_425p_phi.csv
MATLAB,NMG,128,periodic,450p,None (10),1080,86.5903058249549,/project/g_bme-janeslab/SarahG/spinodal_decomp_06_2025/out_MATLAB/NMG_MATLAB_2000_dt_5.50e-06_Nx_128_periodic_n_relax_450p_phi.csv
MATLAB,NMG,128,neumann,475p,None (10),1080,74.09308332806225,/project/g_bme-janeslab/SarahG/spinodal_decomp_06_2025/out_MATLAB/NMG_MATLAB_2000_dt_5.50e-06_Nx_128_neumann_n_relax_475p_phi.csv
MATLAB,NMG,256,periodic,425p,None (10),1080,203.74644152715948,/project/g_bme-janeslab/SarahG/spinodal_decomp_06_2025/out_MATLAB/NMG_MATLAB_2000_dt_5.50e-06_Nx_256_periodic_n_relax_425p_phi.csv
MATLAB,SAV,64,periodic,475p,None (10),1080,33.01560793201321,/project/g_bme-janeslab/SarahG/spinodal_decomp_06_2025/out_MATLAB/SAV_MATLAB_2000_dt_5.50e-06_Nx_64_periodic_n_relax_475p_phi.csv
MATLAB,NMG,512,neumann,475p,None (10),1080,439.78121403470243,/project/g_bme-janeslab/SarahG/spinodal_decomp_06_2025/out_MATLAB/NMG_MATLAB_2000_dt_5.50e-06_Nx_512_neumann_n_relax_475p_phi.csv
MATLAB,NMG,64,periodic,425p,None (10),1080,32.663140105448335,/project/g_bme-janeslab/SarahG/spinodal_decomp_06_2025/out_MATLAB/NMG_MATLAB_2000_dt_5.50e-06_Nx_64_periodic_n_relax_425p_phi.csv
MATLAB,SAV,64,neumann,450p,None (10),1080,0.0,/project/g_bme-janeslab/SarahG/spinodal_decomp_06_2025/out_MATLAB/SAV_MATLAB_2000_dt_5.50e-06_Nx_64_neumann_n_relax_450p_phi.csv
MATLAB,NMG,64,neumann,425p,None (10),1080,0.0,/project/g_bme-janeslab/SarahG/spinodal_decomp_06_2025/out_MATLAB/NMG_MATLAB_2000_dt_5.50e-06_Nx_64_neumann_n_relax_425p_phi.csv
MATLAB,SAV,256,periodic,450p,None (10),1080,208.6775487440991,/project/g_bme-janeslab/SarahG/spinodal_decomp_06_2025/out_MATLAB/SAV_MATLAB_2000_dt_5.50e-06_Nx_256_periodic_n_relax_450p_phi.csv
Julia,SAV,512,periodic,50p,1050,1080,108.39603674667181,/project/g_bme-janeslab/SarahG/spinodal_decomp_06_2025/out_julia/SAV_Julia_2000_dt_5.50e-06_Nx_512_periodic_dtout_1050p_phi.csv
Julia,NMG,64,neumann,50p,1075,1080,35.48359580834631,/project/g_bme-janeslab/SarahG/spinodal_decomp_06_2025/out_julia/NMG_Julia_2000_dt_5.50e-06_Nx_64_neumann_dtout_1075p_phi.csv
Julia,NMG,512,periodic,50p,1050,1080,102.71862454719717,/project/g_bme-janeslab/SarahG/spinodal_decomp_06_2025/out_julia/NMG_Julia_2000_dt_5.50e-06_Nx_512_periodic_dtout_1050p_phi.csv
Julia,NMG,64,neumann,50p,1050,1080,18.202045766143847,/project/g_bme-janeslab/SarahG/spinodal_decomp_06_2025/out_julia/NMG_Julia_2000_dt_5.50e-06_Nx_64_neumann_dtout_1050p_phi.csv
Julia,NMG,512,periodic,50p,1075,1080,252.6929193590312,/project/g_bme-janeslab/SarahG/spinodal_decomp_06_2025/out_julia/NMG_Julia_2000_dt_5.50e-06_Nx_512_periodic_dtout_1075p_phi.csv
Julia,SAV,64,periodic,50p,1025,1080,34.44994710631459,/project/g_bme-janeslab/SarahG/spinodal_decomp_06_2025/out_julia/SAV_Julia_2000_dt_5.50e-06_Nx_64_periodic_dtout_1025p_phi.csv
Julia,SAV,256,periodic,50p,1075,1080,124.70133237139052,/project/g_bme-janeslab/SarahG/spinodal_decomp_06_2025/out_julia/SAV_Julia_2000_dt_5.50e-06_Nx_256_periodic_dtout_1075p_phi.csv
Julia,SAV,128,neumann,50p,1050,1080,25.234081860430205,/project/g_bme-janeslab/SarahG/spinodal_decomp_06_2025/out_julia/SAV_Julia_2000_dt_5.50e-06_Nx_128_neumann_dtout_1050p_phi.csv
Julia,NMG,256,periodic,50p,1025,1080,120.88803246205528,/project/g_bme-janeslab/SarahG/spinodal_decomp_06_2025/out_julia/NMG_Julia_2000_dt_5.50e-06_Nx_256_periodic_dtout_1025p_phi.csv
Julia,NMG,256,periodic,50p,1050,1080,31.261888126697354,/project/g_bme-janeslab/SarahG/spinodal_decomp_06_2025/out_julia/NMG_Julia_2000_dt_5.50e-06_Nx_256_periodic_dtout_1050p_phi.csv
Julia,SAV,512,periodic,50p,1025,1080,255.81614854771487,/project/g_bme-janeslab/SarahG/spinodal_decomp_06_2025/out_julia/SAV_Julia_2000_dt_5.50e-06_Nx_512_periodic_dtout_1025p_phi.csv
Julia,NMG,128,periodic,50p,1050,1080,25.427530484264114,/project/g_bme-janeslab/SarahG/spinodal_decomp_06_2025/out_julia/NMG_Julia_2000_dt_5.50e-06_Nx_128_periodic_dtout_1050p_phi.csv
Julia,NMG,512,neumann,50p,1025,1080,256.04664474964835,/project/g_bme-janeslab/SarahG/spinodal_decomp_06_2025/out_julia/NMG_Julia_2000_dt_5.50e-06_Nx_512_neumann_dtout_1025p_phi.csv
Julia,SAV,512,neumann,50p,1050,1080,108.89925512800374,/project/g_bme-janeslab/SarahG/spinodal_decomp_06_2025/out_julia/SAV_Julia_2000_dt_5.50e-06_Nx_512_neumann_dtout_1050p_phi.csv
Julia,SAV,64,neumann,50p,1075,1080,35.2387872890378,/project/g_bme-janeslab/SarahG/spinodal_decomp_06_2025/out_julia/SAV_Julia_2000_dt_5.50e-06_Nx_64_neumann_dtout_1075p_phi.csv
Julia,NMG,128,neumann,50p,1025,1080,65.63618047221985,/project/g_bme-janeslab/SarahG/spinodal_decomp_06_2025/out_julia/NMG_Julia_2000_dt_5.50e-06_Nx_128_neumann_dtout_1025p_phi.csv
Julia,NMG,512,neumann,50p,1075,1080,252.718177116496,/project/g_bme-janeslab/SarahG/spinodal_decomp_06_2025/out_julia/NMG_Julia_2000_dt_5.50e-06_Nx_512_neumann_dtout_1075p_phi.csv
Julia,SAV,64,neumann,50p,1050,1080,17.4746528756546,/project/g_bme-janeslab/SarahG/spinodal_decomp_06_2025/out_julia/SAV_Julia_2000_dt_5.50e-06_Nx_64_neumann_dtout_1050p_phi.csv
Julia,NMG,64,periodic,50p,1050,1080,17.729246901884384,/project/g_bme-janeslab/SarahG/spinodal_decomp_06_2025/out_julia/NMG_Julia_2000_dt_5.50e-06_Nx_64_periodic_dtout_1050p_phi.csv
Julia,SAV,64,neumann,50p,1025,1080,34.66361362211445,/project/g_bme-janeslab/SarahG/spinodal_decomp_06_2025/out_julia/SAV_Julia_2000_dt_5.50e-06_Nx_64_neumann_dtout_1025p_phi.csv
Julia,SAV,64,periodic,50p,1050,1080,16.990456544750547,/project/g_bme-janeslab/SarahG/spinodal_decomp_06_2025/out_julia/SAV_Julia_2000_dt_5.50e-06_Nx_64_periodic_dtout_1050p_phi.csv
Julia,NMG,128,neumann,50p,1050,1080,25.98673826363363,/project/g_bme-janeslab/SarahG/spinodal_decomp_06_2025/out_julia/NMG_Julia_2000_dt_5.50e-06_Nx_128_neumann_dtout_1050p_phi.csv
Julia,NMG,512,periodic,50p,1025,1080,255.98233685984567,/project/g_bme-janeslab/SarahG/spinodal_decomp_06_2025/out_julia/NMG_Julia_2000_dt_5.50e-06_Nx_512_periodic_dtout_1025p_phi.csv
Julia,SAV,128,neumann,50p,1075,1080,66.61053906360723,/project/g_bme-janeslab/SarahG/spinodal_decomp_06_2025/out_julia/SAV_Julia_2000_dt_5.50e-06_Nx_128_neumann_dtout_1075p_phi.csv
Julia,NMG,64,periodic,50p,1025,1080,34.704440842695746,/project/g_bme-janeslab/SarahG/spinodal_decomp_06_2025/out_julia/NMG_Julia_2000_dt_5.50e-06_Nx_64_periodic_dtout_1025p_phi.csv
Julia,NMG,256,neumann,50p,1025,1080,120.90394718765931,/project/g_bme-janeslab/SarahG/spinodal_decomp_06_2025/out_julia/NMG_Julia_2000_dt_5.50e-06_Nx_256_neumann_dtout_1025p_phi.csv
Julia,NMG,128,periodic,50p,1025,1080,65.5718029414172,/project/g_bme-janeslab/SarahG/spinodal_decomp_06_2025/out_julia/NMG_Julia_2000_dt_5.50e-06_Nx_128_periodic_dtout_1025p_phi.csv
Julia,NMG,64,periodic,50p,1075,1080,35.24228377276047,/project/g_bme-janeslab/SarahG/spinodal_decomp_06_2025/out_julia/NMG_Julia_2000_dt_5.50e-06_Nx_64_periodic_dtout_1075p_phi.csv
Julia,SAV,512,periodic,50p,1075,1080,252.62541376670987,/project/g_bme-janeslab/SarahG/spinodal_decomp_06_2025/out_julia/SAV_Julia_2000_dt_5.50e-06_Nx_512_periodic_dtout_1075p_phi.csv
Julia,NMG,256,neumann,50p,1075,1080,124.87876837077036,/project/g_bme-janeslab/SarahG/spinodal_decomp_06_2025/out_julia/NMG_Julia_2000_dt_5.50e-06_Nx_256_neumann_dtout_1075p_phi.csv
Julia,SAV,256,periodic,50p,1050,1080,31.195442321065524,/project/g_bme-janeslab/SarahG/spinodal_decomp_06_2025/out_julia/SAV_Julia_2000_dt_5.50e-06_Nx_256_periodic_dtout_1050p_phi.csv
Julia,NMG,256,neumann,50p,1050,1080,31.26536830416734,/project/g_bme-janeslab/SarahG/spinodal_decomp_06_2025/out_julia/NMG_Julia_2000_dt_5.50e-06_Nx_256_neumann_dtout_1050p_phi.csv
Julia,SAV,128,periodic,50p,1050,1080,24.647448941622002,/project/g_bme-janeslab/SarahG/spinodal_decomp_06_2025/out_julia/SAV_Julia_2000_dt_5.50e-06_Nx_128_periodic_dtout_1050p_phi.csv
Julia,NMG,64,neumann,50p,1025,1080,34.91921511223573,/project/g_bme-janeslab/SarahG/spinodal_decomp_06_2025/out_julia/NMG_Julia_2000_dt_5.50e-06_Nx_64_neumann_dtout_1025p_phi.csv
Julia,SAV,256,neumann,50p,1025,1080,120.86922015412071,/project/g_bme-janeslab/SarahG/spinodal_decomp_06_2025/out_julia/SAV_Julia_2000_dt_5.50e-06_Nx_256_neumann_dtout_1025p_phi.csv
Julia,SAV,256,periodic,50p,1025,1080,120.85204291635385,/project/g_bme-janeslab/SarahG/spinodal_decomp_06_2025/out_julia/SAV_Julia_2000_dt_5.50e-06_Nx_256_periodic_dtout_1025p_phi.csv
Julia,SAV,128,periodic,50p,1075,1080,66.48107616839845,/project/g_bme-janeslab/SarahG/spinodal_decomp_06_2025/out_julia/SAV_Julia_2000_dt_5.50e-06_Nx_128_periodic_dtout_1075p_phi.csv
Julia,SAV,512,neumann,50p,1025,1080,255.88426451361477,/project/g_bme-janeslab/SarahG/spinodal_decomp_06_2025/out_julia/SAV_Julia_2000_dt_5.50e-06_Nx_512_neumann_dtout_1025p_phi.csv
Julia,NMG,256,periodic,50p,1075,1080,124.79703266436776,/project/g_bme-janeslab/SarahG/spinodal_decomp_06_2025/out_julia/NMG_Julia_2000_dt_5.50e-06_Nx_256_periodic_dtout_1075p_phi.csv
Julia,SAV,512,neumann,50p,1075,1080,252.6515110679863,/project/g_bme-janeslab/SarahG/spinodal_decomp_06_2025/out_julia/SAV_Julia_2000_dt_5.50e-06_Nx_512_neumann_dtout_1075p_phi.csv
Julia,SAV,256,neumann,50p,1075,1080,124.78344157553428,/project/g_bme-janeslab/SarahG/spinodal_decomp_06_2025/out_julia/SAV_Julia_2000_dt_5.50e-06_Nx_256_neumann_dtout_1075p_phi.csv
Julia,SAV,128,neumann,50p,1025,1080,65.51953894078152,/project/g_bme-janeslab/SarahG/spinodal_decomp_06_2025/out_julia/SAV_Julia_2000_dt_5.50e-06_Nx_128_neumann_dtout_1025p_phi.csv
Julia,NMG,128,neumann,50p,1075,1080,66.77537198107271,/project/g_bme-janeslab/SarahG/spinodal_decomp_06_2025/out_julia/NMG_Julia_2000_dt_5.50e-06_Nx_128_neumann_dtout_1075p_phi.csv
Julia,SAV,64,periodic,50p,1075,1080,34.996308996100915,/project/g_bme-janeslab/SarahG/spinodal_decomp_06_2025/out_julia/SAV_Julia_2000_dt_5.50e-06_Nx_64_periodic_dtout_1075p_phi.csv
Julia,NMG,512,neumann,50p,1050,1080,103.17085479027006,/project/g_bme-janeslab/SarahG/spinodal_decomp_06_2025/out_julia/NMG_Julia_2000_dt_5.50e-06_Nx_512_neumann_dtout_1050p_phi.csv
Julia,SAV,256,neumann,50p,1050,1080,31.196475834502934,/project/g_bme-janeslab/SarahG/spinodal_decomp_06_2025/out_julia/SAV_Julia_2000_dt_5.50e-06_Nx_256_neumann_dtout_1050p_phi.csv
Julia,NMG,128,periodic,50p,1075,1080,66.64146539753979,/project/g_bme-janeslab/SarahG/spinodal_decomp_06_2025/out_julia/NMG_Julia_2000_dt_5.50e-06_Nx_128_periodic_dtout_1075p_phi.csv
Julia,SAV,128,periodic,50p,1025,1080,65.45506517695229,/project/g_bme-janeslab/SarahG/spinodal_decomp_06_2025/out_julia/SAV_Julia_2000_dt_5.50e-06_Nx_128_periodic_dtout_1025p_phi.csv
Python,NMG,128,neumann,50p,125,1080,65.790472303884,/project/g_bme-janeslab/SarahG/spinodal_decomp_06_2025/out_python/NMG_Python_20_dt_5.50e-06_Nx_128_neumann_dtout_125pphi.csv
Python,NMG,64,periodic,50p,175,1080,36.01491596883411,/project/g_bme-janeslab/SarahG/spinodal_decomp_06_2025/out_python/NMG_Python_20_dt_5.50e-06_Nx_64_periodic_dtout_175pphi.csv
Python,NMG,256,periodic,50p,150,1080,30.205207409013262,/project/g_bme-janeslab/SarahG/spinodal_decomp_06_2025/out_python/NMG_Python_20_dt_5.50e-06_Nx_256_periodic_dtout_150pphi.csv
Python,NMG,128,neumann,50p,175,1080,67.37773577336081,/project/g_bme-janeslab/SarahG/spinodal_decomp_06_2025/out_python/NMG_Python_20_dt_5.50e-06_Nx_128_neumann_dtout_175pphi.csv
Python,NMG,64,neumann,50p,150,1080,19.45861073158587,/project/g_bme-janeslab/SarahG/spinodal_decomp_06_2025/out_python/NMG_Python_20_dt_5.50e-06_Nx_64_neumann_dtout_150pphi.csv
Python,NMG,256,neumann,50p,150,1080,30.241358809433283,/project/g_bme-janeslab/SarahG/spinodal_decomp_06_2025/out_python/NMG_Python_20_dt_5.50e-06_Nx_256_neumann_dtout_150pphi.csv
Python,NMG,512,neumann,50p,125,1080,256.07705337896147,/project/g_bme-janeslab/SarahG/spinodal_decomp_06_2025/out_python/NMG_Python_20_dt_5.50e-06_Nx_512_neumann_dtout_125pphi.csv
Python,NMG,256,neumann,50p,175,1080,125.16290339370451,/project/g_bme-janeslab/SarahG/spinodal_decomp_06_2025/out_python/NMG_Python_20_dt_5.50e-06_Nx_256_neumann_dtout_175pphi.csv
Python,NMG,128,periodic,50p,150,1080,26.658147799810454,/project/g_bme-janeslab/SarahG/spinodal_decomp_06_2025/out_python/NMG_Python_20_dt_5.50e-06_Nx_128_periodic_dtout_150pphi.csv
Python,NMG,256,neumann,50p,125,1080,120.93419431443074,/project/g_bme-janeslab/SarahG/spinodal_decomp_06_2025/out_python/NMG_Python_20_dt_5.50e-06_Nx_256_neumann_dtout_125pphi.csv
Python,NMG,64,neumann,50p,175,1080,36.25879470083232,/project/g_bme-janeslab/SarahG/spinodal_decomp_06_2025/out_python/NMG_Python_20_dt_5.50e-06_Nx_64_neumann_dtout_175pphi.csv
Python,NMG,256,periodic,50p,125,1080,120.9165194299713,/project/g_bme-janeslab/SarahG/spinodal_decomp_06_2025/out_python/NMG_Python_20_dt_5.50e-06_Nx_256_periodic_dtout_125pphi.csv
Python,NMG,512,periodic,50p,150,1080,87.7152374623462,/project/g_bme-janeslab/SarahG/spinodal_decomp_06_2025/out_python/NMG_Python_20_dt_5.50e-06_Nx_512_periodic_dtout_150pphi.csv
Python,NMG,64,neumann,50p,125,1080,35.20945749711469,/project/g_bme-janeslab/SarahG/spinodal_decomp_06_2025/out_python/NMG_Python_20_dt_5.50e-06_Nx_64_neumann_dtout_125pphi.csv
Python,NMG,512,periodic,50p,125,1080,256.0181041789303,/project/g_bme-janeslab/SarahG/spinodal_decomp_06_2025/out_python/NMG_Python_20_dt_5.50e-06_Nx_512_periodic_dtout_125pphi.csv
Python,NMG,128,periodic,50p,175,1080,67.22831886056356,/project/g_bme-janeslab/SarahG/spinodal_decomp_06_2025/out_python/NMG_Python_20_dt_5.50e-06_Nx_128_periodic_dtout_175pphi.csv
Python,NMG,512,periodic,50p,175,1080,252.74564301522116,/project/g_bme-janeslab/SarahG/spinodal_decomp_06_2025/out_python/NMG_Python_20_dt_5.50e-06_Nx_512_periodic_dtout_175pphi.csv
Python,NMG,128,neumann,50p,150,1080,27.195607509287743,/project/g_bme-janeslab/SarahG/spinodal_decomp_06_2025/out_python/NMG_Python_20_dt_5.50e-06_Nx_128_neumann_dtout_150pphi.csv
Python,NMG,512,neumann,50p,175,1080,252.76838373575708,/project/g_bme-janeslab/SarahG/spinodal_decomp_06_2025/out_python/NMG_Python_20_dt_5.50e-06_Nx_512_neumann_dtout_175pphi.csv
Python,NMG,512,neumann,50p,150,1080,88.17913841915932,/project/g_bme-janeslab/SarahG/spinodal_decomp_06_2025/out_python/NMG_Python_20_dt_5.50e-06_Nx_512_neumann_dtout_150pphi.csv
Python,NMG,64,periodic,50p,125,1080,35.00179933754647,/project/g_bme-janeslab/SarahG/spinodal_decomp_06_2025/out_python/NMG_Python_20_dt_5.50e-06_Nx_64_periodic_dtout_125pphi.csv
Python,NMG,256,periodic,50p,175,1080,125.0798994354703,/project/g_bme-janeslab/SarahG/spinodal_decomp_06_2025/out_python/NMG_Python_20_dt_5.50e-06_Nx_256_periodic_dtout_175pphi.csv
Python,NMG,64,periodic,50p,150,1080,18.97719726448594,/project/g_bme-janeslab/SarahG/spinodal_decomp_06_2025/out_python/NMG_Python_20_dt_5.50e-06_Nx_64_periodic_dtout_150pphi.csv
Python,NMG,128,periodic,50p,125,1080,65.73706256971944,/project/g_bme-janeslab/SarahG/spinodal_decomp_06_2025/out_python/NMG_Python_20_dt_5.50e-06_Nx_128_periodic_dtout_125pphi.csv
MATLAB,SAV,64,periodic,450p,None (10),1120,33.062605978667875,/project/g_bme-janeslab/SarahG/spinodal_decomp_06_2025/out_MATLAB/SAV_MATLAB_2000_dt_5.50e-06_Nx_64_periodic_n_relax_450p_phi.csv
MATLAB,NMG,512,periodic,475p,None (10),1120,440.0418937361183,/project/g_bme-janeslab/SarahG/spinodal_decomp_06_2025/out_MATLAB/NMG_MATLAB_2000_dt_5.50e-06_Nx_512_periodic_n_relax_475p_phi.csv
MATLAB,NMG,512,neumann,450p,None (10),1120,438.30293086738715,/project/g_bme-janeslab/SarahG/spinodal_decomp_06_2025/out_MATLAB/NMG_MATLAB_2000_dt_5.50e-06_Nx_512_neumann_n_relax_450p_phi.csv
MATLAB,SAV,256,neumann,450p,None (10),1120,198.60276382543015,/project/g_bme-janeslab/SarahG/spinodal_decomp_06_2025/out_MATLAB/SAV_MATLAB_2000_dt_5.50e-06_Nx_256_neumann_n_relax_450p_phi.csv
MATLAB,SAV,64,neumann,475p,None (10),1120,33.802368748830105,/project/g_bme-janeslab/SarahG/spinodal_decomp_06_2025/out_MATLAB/SAV_MATLAB_2000_dt_5.50e-06_Nx_64_neumann_n_relax_475p_phi.csv
MATLAB,NMG,256,periodic,475p,None (10),1120,205.4881740370111,/project/g_bme-janeslab/SarahG/spinodal_decomp_06_2025/out_MATLAB/NMG_MATLAB_2000_dt_5.50e-06_Nx_256_periodic_n_relax_475p_phi.csv
MATLAB,NMG,128,neumann,425p,None (10),1120,0.0,/project/g_bme-janeslab/SarahG/spinodal_decomp_06_2025/out_MATLAB/NMG_MATLAB_2000_dt_5.50e-06_Nx_128_neumann_n_relax_425p_phi.csv
MATLAB,SAV,256,periodic,425p,None (10),1120,0.0,/project/g_bme-janeslab/SarahG/spinodal_decomp_06_2025/out_MATLAB/SAV_MATLAB_2000_dt_5.50e-06_Nx_256_periodic_n_relax_425p_phi.csv
MATLAB,NMG,128,periodic,475p,None (10),1120,71.18033682898684,/project/g_bme-janeslab/SarahG/spinodal_decomp_06_2025/out_MATLAB/NMG_MATLAB_2000_dt_5.50e-06_Nx_128_periodic_n_relax_475p_phi.csv
MATLAB,SAV,128,periodic,450p,None (10),1120,86.44596391983124,/project/g_bme-janeslab/SarahG/spinodal_decomp_06_2025/out_MATLAB/SAV_MATLAB_2000_dt_5.50e-06_Nx_128_periodic_n_relax_450p_phi.csv
MATLAB,NMG,128,neumann,450p,None (10),1120,84.00025968935948,/project/g_bme-janeslab/SarahG/spinodal_decomp_06_2025/out_MATLAB/NMG_MATLAB_2000_dt_5.50e-06_Nx_128_neumann_n_relax_450p_phi.csv
MATLAB,SAV,256,neumann,425p,None (10),1120,203.80836445944342,/project/g_bme-janeslab/SarahG/spinodal_decomp_06_2025/out_MATLAB/SAV_MATLAB_2000_dt_5.50e-06_Nx_256_neumann_n_relax_425p_phi.csv
MATLAB,SAV,512,periodic,450p,None (10),1120,0.0,/project/g_bme-janeslab/SarahG/spinodal_decomp_06_2025/out_MATLAB/SAV_MATLAB_2000_dt_5.50e-06_Nx_512_periodic_n_relax_450p_phi.csv
MATLAB,SAV,128,periodic,425p,None (10),1120,0.0,/project/g_bme-janeslab/SarahG/spinodal_decomp_06_2025/out_MATLAB/SAV_MATLAB_2000_dt_5.50e-06_Nx_128_periodic_n_relax_425p_phi.csv
MATLAB,NMG,512,neumann,425p,None (10),1120,438.4378736763328,/project/g_bme-janeslab/SarahG/spinodal_decomp_06_2025/out_MATLAB/NMG_MATLAB_2000_dt_5.50e-06_Nx_512_neumann_n_relax_425p_phi.csv
MATLAB,NMG,64,neumann,450p,None (10),1120,0.0,/project/g_bme-janeslab/SarahG/spinodal_decomp_06_2025/out_MATLAB/NMG_MATLAB_2000_dt_5.50e-06_Nx_64_neumann_n_relax_450p_phi.csv
MATLAB,NMG,64,periodic,450p,None (10),1120,24.358119434399768,/project/g_bme-janeslab/SarahG/spinodal_decomp_06_2025/out_MATLAB/NMG_MATLAB_2000_dt_5.50e-06_Nx_64_periodic_n_relax_450p_phi.csv
MATLAB,NMG,256,neumann,425p,None (10),1120,204.97727576474048,/project/g_bme-janeslab/SarahG/spinodal_decomp_06_2025/out_MATLAB/NMG_MATLAB_2000_dt_5.50e-06_Nx_256_neumann_n_relax_425p_phi.csv
MATLAB,SAV,64,neumann,425p,None (10),1120,0.0,/project/g_bme-janeslab/SarahG/spinodal_decomp_06_2025/out_MATLAB/SAV_MATLAB_2000_dt_5.50e-06_Nx_64_neumann_n_relax_425p_phi.csv
MATLAB,SAV,128,neumann,425p,None (10),1120,0.0,/project/g_bme-janeslab/SarahG/spinodal_decomp_06_2025/out_MATLAB/SAV_MATLAB_2000_dt_5.50e-06_Nx_128_neumann_n_relax_425p_phi.csv
MATLAB,NMG,128,periodic,425p,None (10),1120,73.71797916713224,/project/g_bme-janeslab/SarahG/spinodal_decomp_06_2025/out_MATLAB/NMG_MATLAB_2000_dt_5.50e-06_Nx_128_periodic_n_relax_425p_phi.csv
MATLAB,SAV,512,periodic,475p,None (10),1120,443.52148954281677,/project/g_bme-janeslab/SarahG/spinodal_decomp_06_2025/out_MATLAB/SAV_MATLAB_2000_dt_5.50e-06_Nx_512_periodic_n_relax_475p_phi.csv
MATLAB,SAV,512,neumann,475p,None (10),1120,445.84448742074693,/project/g_bme-janeslab/SarahG/spinodal_decomp_06_2025/out_MATLAB/SAV_MATLAB_2000_dt_5.50e-06_Nx_512_neumann_n_relax_475p_phi.csv
MATLAB,NMG,256,neumann,475p,None (10),1120,204.3947520593601,/project/g_bme-janeslab/SarahG/spinodal_decomp_06_2025/out_MATLAB/NMG_MATLAB_2000_dt_5.50e-06_Nx_256_neumann_n_relax_475p_phi.csv
MATLAB,NMG,256,neumann,450p,None (10),1120,198.8188377904064,/project/g_bme-janeslab/SarahG/spinodal_decomp_06_2025/out_MATLAB/NMG_MATLAB_2000_dt_5.50e-06_Nx_256_neumann_n_relax_450p_phi.csv
MATLAB,SAV,512,periodic,425p,None (10),1120,445.35821751676417,/project/g_bme-janeslab/SarahG/spinodal_decomp_06_2025/out_MATLAB/SAV_MATLAB_2000_dt_5.50e-06_Nx_512_periodic_n_relax_425p_phi.csv
MATLAB,NMG,64,neumann,475p,None (10),1120,33.82827424602475,/project/g_bme-janeslab/SarahG/spinodal_decomp_06_2025/out_MATLAB/NMG_MATLAB_2000_dt_5.50e-06_Nx_64_neumann_n_relax_475p_phi.csv
MATLAB,SAV,128,periodic,475p,None (10),1120,71.52937169604729,/project/g_bme-janeslab/SarahG/spinodal_decomp_06_2025/out_MATLAB/SAV_MATLAB_2000_dt_5.50e-06_Nx_128_periodic_n_relax_475p_phi.csv
MATLAB,SAV,256,neumann,475p,None (10),1120,204.05484999463005,/project/g_bme-janeslab/SarahG/spinodal_decomp_06_2025/out_MATLAB/SAV_MATLAB_2000_dt_5.50e-06_Nx_256_neumann_n_relax_475p_phi.csv
MATLAB,NMG,512,periodic,450p,None (10),1120,438.0832218415903,/project/g_bme-janeslab/SarahG/spinodal_decomp_06_2025/out_MATLAB/NMG_MATLAB_2000_dt_5.50e-06_Nx_512_periodic_n_relax_450p_phi.csv
MATLAB,SAV,64,periodic,425p,None (10),1120,0.0,/project/g_bme-janeslab/SarahG/spinodal_decomp_06_2025/out_MATLAB/SAV_MATLAB_2000_dt_5.50e-06_Nx_64_periodic_n_relax_425p_phi.csv
MATLAB,SAV,512,neumann,425p,None (10),1120,443.2143085069675,/project/g_bme-janeslab/SarahG/spinodal_decomp_06_2025/out_MATLAB/SAV_MATLAB_2000_dt_5.50e-06_Nx_512_neumann_n_relax_425p_phi.csv
MATLAB,SAV,128,neumann,475p,None (10),1120,77.75954625509934,/project/g_bme-janeslab/SarahG/spinodal_decomp_06_2025/out_MATLAB/SAV_MATLAB_2000_dt_5.50e-06_Nx_128_neumann_n_relax_475p_phi.csv
MATLAB,SAV,512,neumann,450p,None (10),1120,438.48969729933606,/project/g_bme-janeslab/SarahG/spinodal_decomp_06_2025/out_MATLAB/SAV_MATLAB_2000_dt_5.50e-06_Nx_512_neumann_n_relax_450p_phi.csv
MATLAB,SAV,256,periodic,475p,None (10),1120,205.20336729480607,/project/g_bme-janeslab/SarahG/spinodal_decomp_06_2025/out_MATLAB/SAV_MATLAB_2000_dt_5.50e-06_Nx_256_periodic_n_relax_475p_phi.csv
MATLAB,NMG,256,periodic,450p,None (10),1120,199.9040028010469,/project/g_bme-janeslab/SarahG/spinodal_decomp_06_2025/out_MATLAB/NMG_MATLAB_2000_dt_5.50e-06_Nx_256_periodic_n_relax_450p_phi.csv
MATLAB,SAV,128,neumann,450p,None (10),1120,85.27265327463091,/project/g_bme-janeslab/SarahG/spinodal_decomp_06_2025/out_MATLAB/SAV_MATLAB_2000_dt_5.50e-06_Nx_128_neumann_n_relax_450p_phi.csv
MATLAB,NMG,64,periodic,475p,None (10),1120,33.04776005598019,/project/g_bme-janeslab/SarahG/spinodal_decomp_06_2025/out_MATLAB/NMG_MATLAB_2000_dt_5.50e-06_Nx_64_periodic_n_relax_475p_phi.csv
MATLAB,NMG,512,periodic,425p,None (10),1120,439.40291648695325,/project/g_bme-janeslab/SarahG/spinodal_decomp_06_2025/out_MATLAB/NMG_MATLAB_2000_dt_5.50e-06_Nx_512_periodic_n_relax_425p_phi.csv
MATLAB,NMG,128,periodic,450p,None (10),1120,86.94017299389078,/project/g_bme-janeslab/SarahG/spinodal_decomp_06_2025/out_MATLAB/NMG_MATLAB_2000_dt_5.50e-06_Nx_128_periodic_n_relax_450p_phi.csv
MATLAB,NMG,128,neumann,475p,None (10),1120,74.75428720728299,/project/g_bme-janeslab/SarahG/spinodal_decomp_06_2025/out_MATLAB/NMG_MATLAB_2000_dt_5.50e-06_Nx_128_neumann_n_relax_475p_phi.csv
MATLAB,NMG,256,periodic,425p,None (10),1120,204.30296395228473,/project/g_bme-janeslab/SarahG/spinodal_decomp_06_2025/out_MATLAB/NMG_MATLAB_2000_dt_5.50e-06_Nx_256_periodic_n_relax_425p_phi.csv
MATLAB,SAV,64,periodic,475p,None (10),1120,33.029547919324756,/project/g_bme-janeslab/SarahG/spinodal_decomp_06_2025/out_MATLAB/SAV_MATLAB_2000_dt_5.50e-06_Nx_64_periodic_n_relax_475p_phi.csv
MATLAB,NMG,512,neumann,475p,None (10),1120,440.33823629856835,/project/g_bme-janeslab/SarahG/spinodal_decomp_06_2025/out_MATLAB/NMG_MATLAB_2000_dt_5.50e-06_Nx_512_neumann_n_relax_475p_phi.csv
MATLAB,NMG,64,periodic,425p,None (10),1120,32.6674890741663,/project/g_bme-janeslab/SarahG/spinodal_decomp_06_2025/out_MATLAB/NMG_MATLAB_2000_dt_5.50e-06_Nx_64_periodic_n_relax_425p_phi.csv
MATLAB,SAV,64,neumann,450p,None (10),1120,0.0,/project/g_bme-janeslab/SarahG/spinodal_decomp_06_2025/out_MATLAB/SAV_MATLAB_2000_dt_5.50e-06_Nx_64_neumann_n_relax_450p_phi.csv
MATLAB,NMG,64,neumann,425p,None (10),1120,0.0,/project/g_bme-janeslab/SarahG/spinodal_decomp_06_2025/out_MATLAB/NMG_MATLAB_2000_dt_5.50e-06_Nx_64_neumann_n_relax_425p_phi.csv
MATLAB,SAV,256,periodic,450p,None (10),1120,0.0,/project/g_bme-janeslab/SarahG/spinodal_decomp_06_2025/out_MATLAB/SAV_MATLAB_2000_dt_5.50e-06_Nx_256_periodic_n_relax_450p_phi.csv
Julia,SAV,512,periodic,50p,1050,1120,112.12619444018763,/project/g_bme-janeslab/SarahG/spinodal_decomp_06_2025/out_julia/SAV_Julia_2000_dt_5.50e-06_Nx_512_periodic_dtout_1050p_phi.csv
Julia,NMG,64,neumann,50p,1075,1120,35.44285908050524,/project/g_bme-janeslab/SarahG/spinodal_decomp_06_2025/out_julia/NMG_Julia_2000_dt_5.50e-06_Nx_64_neumann_dtout_1075p_phi.csv
Julia,NMG,512,periodic,50p,1050,1120,105.86182584287221,/project/g_bme-janeslab/SarahG/spinodal_decomp_06_2025/out_julia/NMG_Julia_2000_dt_5.50e-06_Nx_512_periodic_dtout_1050p_phi.csv
Julia,NMG,64,neumann,50p,1050,1120,18.11630690163745,/project/g_bme-janeslab/SarahG/spinodal_decomp_06_2025/out_julia/NMG_Julia_2000_dt_5.50e-06_Nx_64_neumann_dtout_1050p_phi.csv
Julia,NMG,512,periodic,50p,1075,1120,252.6894893523515,/project/g_bme-janeslab/SarahG/spinodal_decomp_06_2025/out_julia/NMG_Julia_2000_dt_5.50e-06_Nx_512_periodic_dtout_1075p_phi.csv
Julia,SAV,64,periodic,50p,1025,1120,34.4509927921275,/project/g_bme-janeslab/SarahG/spinodal_decomp_06_2025/out_julia/SAV_Julia_2000_dt_5.50e-06_Nx_64_periodic_dtout_1025p_phi.csv
Julia,SAV,256,periodic,50p,1075,1120,124.68924419070957,/project/g_bme-janeslab/SarahG/spinodal_decomp_06_2025/out_julia/SAV_Julia_2000_dt_5.50e-06_Nx_256_periodic_dtout_1075p_phi.csv
Julia,SAV,128,neumann,50p,1050,1120,25.189850469706943,/project/g_bme-janeslab/SarahG/spinodal_decomp_06_2025/out_julia/SAV_Julia_2000_dt_5.50e-06_Nx_128_neumann_dtout_1050p_phi.csv
Julia,NMG,256,periodic,50p,1025,1120,120.88302317681317,/project/g_bme-janeslab/SarahG/spinodal_decomp_06_2025/out_julia/NMG_Julia_2000_dt_5.50e-06_Nx_256_periodic_dtout_1025p_phi.csv
Julia,NMG,256,periodic,50p,1050,1120,31.49127052256349,/project/g_bme-janeslab/SarahG/spinodal_decomp_06_2025/out_julia/NMG_Julia_2000_dt_5.50e-06_Nx_256_periodic_dtout_1050p_phi.csv
Julia,SAV,512,periodic,50p,1025,1120,255.8193684565877,/project/g_bme-janeslab/SarahG/spinodal_decomp_06_2025/out_julia/SAV_Julia_2000_dt_5.50e-06_Nx_512_periodic_dtout_1025p_phi.csv
Julia,NMG,128,periodic,50p,1050,1120,25.367044565337252,/project/g_bme-janeslab/SarahG/spinodal_decomp_06_2025/out_julia/NMG_Julia_2000_dt_5.50e-06_Nx_128_periodic_dtout_1050p_phi.csv
Julia,NMG,512,neumann,50p,1025,1120,256.04685372818454,/project/g_bme-janeslab/SarahG/spinodal_decomp_06_2025/out_julia/NMG_Julia_2000_dt_5.50e-06_Nx_512_neumann_dtout_1025p_phi.csv
Julia,SAV,512,neumann,50p,1050,1120,112.60987143866605,/project/g_bme-janeslab/SarahG/spinodal_decomp_06_2025/out_julia/SAV_Julia_2000_dt_5.50e-06_Nx_512_neumann_dtout_1050p_phi.csv
Julia,SAV,64,neumann,50p,1075,1120,35.20277921779809,/project/g_bme-janeslab/SarahG/spinodal_decomp_06_2025/out_julia/SAV_Julia_2000_dt_5.50e-06_Nx_64_neumann_dtout_1075p_phi.csv
Julia,NMG,128,neumann,50p,1025,1120,65.62719598336173,/project/g_bme-janeslab/SarahG/spinodal_decomp_06_2025/out_julia/NMG_Julia_2000_dt_5.50e-06_Nx_128_neumann_dtout_1025p_phi.csv
Julia,NMG,512,neumann,50p,1075,1120,252.7220752422064,/project/g_bme-janeslab/SarahG/spinodal_decomp_06_2025/out_julia/NMG_Julia_2000_dt_5.50e-06_Nx_512_neumann_dtout_1075p_phi.csv
Julia,SAV,64,neumann,50p,1050,1120,17.399368219124813,/project/g_bme-janeslab/SarahG/spinodal_decomp_06_2025/out_julia/SAV_Julia_2000_dt_5.50e-06_Nx_64_neumann_dtout_1050p_phi.csv
Julia,NMG,64,periodic,50p,1050,1120,17.64645517084933,/project/g_bme-janeslab/SarahG/spinodal_decomp_06_2025/out_julia/NMG_Julia_2000_dt_5.50e-06_Nx_64_periodic_dtout_1050p_phi.csv
Julia,SAV,64,neumann,50p,1025,1120,34.661168160820104,/project/g_bme-janeslab/SarahG/spinodal_decomp_06_2025/out_julia/SAV_Julia_2000_dt_5.50e-06_Nx_64_neumann_dtout_1025p_phi.csv
Julia,SAV,64,periodic,50p,1050,1120,16.920247832225737,/project/g_bme-janeslab/SarahG/spinodal_decomp_06_2025/out_julia/SAV_Julia_2000_dt_5.50e-06_Nx_64_periodic_dtout_1050p_phi.csv
Julia,NMG,128,neumann,50p,1050,1120,25.933169761507585,/project/g_bme-janeslab/SarahG/spinodal_decomp_06_2025/out_julia/NMG_Julia_2000_dt_5.50e-06_Nx_128_neumann_dtout_1050p_phi.csv
Julia,NMG,512,periodic,50p,1025,1120,255.97971564428903,/project/g_bme-janeslab/SarahG/spinodal_decomp_06_2025/out_julia/NMG_Julia_2000_dt_5.50e-06_Nx_512_periodic_dtout_1025p_phi.csv
Julia,SAV,128,neumann,50p,1075,1120,66.570018742499,/project/g_bme-janeslab/SarahG/spinodal_decomp_06_2025/out_julia/SAV_Julia_2000_dt_5.50e-06_Nx_128_neumann_dtout_1075p_phi.csv
Julia,NMG,64,periodic,50p,1025,1120,34.700031915617515,/project/g_bme-janeslab/SarahG/spinodal_decomp_06_2025/out_julia/NMG_Julia_2000_dt_5.50e-06_Nx_64_periodic_dtout_1025p_phi.csv
Julia,NMG,256,neumann,50p,1025,1120,120.89853552575136,/project/g_bme-janeslab/SarahG/spinodal_decomp_06_2025/out_julia/NMG_Julia_2000_dt_5.50e-06_Nx_256_neumann_dtout_1025p_phi.csv
Julia,NMG,128,periodic,50p,1025,1120,65.56356287753427,/project/g_bme-janeslab/SarahG/spinodal_decomp_06_2025/out_julia/NMG_Julia_2000_dt_5.50e-06_Nx_128_periodic_dtout_1025p_phi.csv
Julia,NMG,64,periodic,50p,1075,1120,35.21937320913618,/project/g_bme-janeslab/SarahG/spinodal_decomp_06_2025/out_julia/NMG_Julia_2000_dt_5.50e-06_Nx_64_periodic_dtout_1075p_phi.csv
Julia,SAV,512,periodic,50p,1075,1120,252.62431014367155,/project/g_bme-janeslab/SarahG/spinodal_decomp_06_2025/out_julia/SAV_Julia_2000_dt_5.50e-06_Nx_512_periodic_dtout_1075p_phi.csv
Julia,NMG,256,neumann,50p,1075,1120,124.8641548706675,/project/g_bme-janeslab/SarahG/spinodal_decomp_06_2025/out_julia/NMG_Julia_2000_dt_5.50e-06_Nx_256_neumann_dtout_1075p_phi.csv
Julia,SAV,256,periodic,50p,1050,1120,31.43780781570379,/project/g_bme-janeslab/SarahG/spinodal_decomp_06_2025/out_julia/SAV_Julia_2000_dt_5.50e-06_Nx_256_periodic_dtout_1050p_phi.csv
Julia,NMG,256,neumann,50p,1050,1120,31.492687061147205,/project/g_bme-janeslab/SarahG/spinodal_decomp_06_2025/out_julia/NMG_Julia_2000_dt_5.50e-06_Nx_256_neumann_dtout_1050p_phi.csv
Julia,SAV,128,periodic,50p,1050,1120,24.592914386293547,/project/g_bme-janeslab/SarahG/spinodal_decomp_06_2025/out_julia/SAV_Julia_2000_dt_5.50e-06_Nx_128_periodic_dtout_1050p_phi.csv
Julia,NMG,64,neumann,50p,1025,1120,34.911741194500884,/project/g_bme-janeslab/SarahG/spinodal_decomp_06_2025/out_julia/NMG_Julia_2000_dt_5.50e-06_Nx_64_neumann_dtout_1025p_phi.csv
Julia,SAV,256,neumann,50p,1025,1120,120.86359720124537,/project/g_bme-janeslab/SarahG/spinodal_decomp_06_2025/out_julia/SAV_Julia_2000_dt_5.50e-06_Nx_256_neumann_dtout_1025p_phi.csv
Julia,SAV,256,periodic,50p,1025,1120,120.8469820743767,/project/g_bme-janeslab/SarahG/spinodal_decomp_06_2025/out_julia/SAV_Julia_2000_dt_5.50e-06_Nx_256_periodic_dtout_1025p_phi.csv
Julia,SAV,128,periodic,50p,1075,1120,66.4388720943988,/project/g_bme-janeslab/SarahG/spinodal_decomp_06_2025/out_julia/SAV_Julia_2000_dt_5.50e-06_Nx_128_periodic_dtout_1075p_phi.csv
Julia,SAV,512,neumann,50p,1025,1120,255.89067322141094,/project/g_bme-janeslab/SarahG/spinodal_decomp_06_2025/out_julia/SAV_Julia_2000_dt_5.50e-06_Nx_512_neumann_dtout_1025p_phi.csv
Julia,NMG,256,periodic,50p,1075,1120,124.78396665872555,/project/g_bme-janeslab/SarahG/spinodal_decomp_06_2025/out_julia/NMG_Julia_2000_dt_5.50e-06_Nx_256_periodic_dtout_1075p_phi.csv
Julia,SAV,512,neumann,50p,1075,1120,252.6588006457011,/project/g_bme-janeslab/SarahG/spinodal_decomp_06_2025/out_julia/SAV_Julia_2000_dt_5.50e-06_Nx_512_neumann_dtout_1075p_phi.csv
Julia,SAV,256,neumann,50p,1075,1120,124.7700129540916,/project/g_bme-janeslab/SarahG/spinodal_decomp_06_2025/out_julia/SAV_Julia_2000_dt_5.50e-06_Nx_256_neumann_dtout_1075p_phi.csv
Julia,SAV,128,neumann,50p,1025,1120,65.51138721676118,/project/g_bme-janeslab/SarahG/spinodal_decomp_06_2025/out_julia/SAV_Julia_2000_dt_5.50e-06_Nx_128_neumann_dtout_1025p_phi.csv
Julia,NMG,128,neumann,50p,1075,1120,66.72959867483641,/project/g_bme-janeslab/SarahG/spinodal_decomp_06_2025/out_julia/NMG_Julia_2000_dt_5.50e-06_Nx_128_neumann_dtout_1075p_phi.csv
Julia,SAV,64,periodic,50p,1075,1120,34.98306883587804,/project/g_bme-janeslab/SarahG/spinodal_decomp_06_2025/out_julia/SAV_Julia_2000_dt_5.50e-06_Nx_64_periodic_dtout_1075p_phi.csv
Julia,NMG,512,neumann,50p,1050,1120,106.29994895751612,/project/g_bme-janeslab/SarahG/spinodal_decomp_06_2025/out_julia/NMG_Julia_2000_dt_5.50e-06_Nx_512_neumann_dtout_1050p_phi.csv
Julia,SAV,256,neumann,50p,1050,1120,31.43680424236254,/project/g_bme-janeslab/SarahG/spinodal_decomp_06_2025/out_julia/SAV_Julia_2000_dt_5.50e-06_Nx_256_neumann_dtout_1050p_phi.csv
Julia,NMG,128,periodic,50p,1075,1120,66.59492371260139,/project/g_bme-janeslab/SarahG/spinodal_decomp_06_2025/out_julia/NMG_Julia_2000_dt_5.50e-06_Nx_128_periodic_dtout_1075p_phi.csv
Julia,SAV,128,periodic,50p,1025,1120,65.44827282172253,/project/g_bme-janeslab/SarahG/spinodal_decomp_06_2025/out_julia/SAV_Julia_2000_dt_5.50e-06_Nx_128_periodic_dtout_1025p_phi.csv
Python,NMG,128,neumann,50p,125,1120,65.75488252475158,/project/g_bme-janeslab/SarahG/spinodal_decomp_06_2025/out_python/NMG_Python_20_dt_5.50e-06_Nx_128_neumann_dtout_125pphi.csv
Python,NMG,64,periodic,50p,175,1120,35.95387142918983,/project/g_bme-janeslab/SarahG/spinodal_decomp_06_2025/out_python/NMG_Python_20_dt_5.50e-06_Nx_64_periodic_dtout_175pphi.csv
Python,NMG,256,periodic,50p,150,1120,30.287738646289707,/project/g_bme-janeslab/SarahG/spinodal_decomp_06_2025/out_python/NMG_Python_20_dt_5.50e-06_Nx_256_periodic_dtout_150pphi.csv
Python,NMG,128,neumann,50p,175,1120,67.34005179682866,/project/g_bme-janeslab/SarahG/spinodal_decomp_06_2025/out_python/NMG_Python_20_dt_5.50e-06_Nx_128_neumann_dtout_175pphi.csv
Python,NMG,64,neumann,50p,150,1120,19.32605549266666,/project/g_bme-janeslab/SarahG/spinodal_decomp_06_2025/out_python/NMG_Python_20_dt_5.50e-06_Nx_64_neumann_dtout_150pphi.csv
Python,NMG,256,neumann,50p,150,1120,30.324235291335228,/project/g_bme-janeslab/SarahG/spinodal_decomp_06_2025/out_python/NMG_Python_20_dt_5.50e-06_Nx_256_neumann_dtout_150pphi.csv
Python,NMG,512,neumann,50p,125,1120,256.0641347529747,/project/g_bme-janeslab/SarahG/spinodal_decomp_06_2025/out_python/NMG_Python_20_dt_5.50e-06_Nx_512_neumann_dtout_125pphi.csv
Python,NMG,256,neumann,50p,175,1120,125.14154530528205,/project/g_bme-janeslab/SarahG/spinodal_decomp_06_2025/out_python/NMG_Python_20_dt_5.50e-06_Nx_256_neumann_dtout_175pphi.csv
Python,NMG,128,periodic,50p,150,1120,26.530714812389164,/project/g_bme-janeslab/SarahG/spinodal_decomp_06_2025/out_python/NMG_Python_20_dt_5.50e-06_Nx_128_periodic_dtout_150pphi.csv
Python,NMG,256,neumann,50p,125,1120,120.92698242674834,/project/g_bme-janeslab/SarahG/spinodal_decomp_06_2025/out_python/NMG_Python_20_dt_5.50e-06_Nx_256_neumann_dtout_125pphi.csv
Python,NMG,64,neumann,50p,175,1120,36.19793178507177,/project/g_bme-janeslab/SarahG/spinodal_decomp_06_2025/out_python/NMG_Python_20_dt_5.50e-06_Nx_64_neumann_dtout_175pphi.csv
Python,NMG,256,periodic,50p,125,1120,120.90885752331637,/project/g_bme-janeslab/SarahG/spinodal_decomp_06_2025/out_python/NMG_Python_20_dt_5.50e-06_Nx_256_periodic_dtout_125pphi.csv
Python,NMG,512,periodic,50p,150,1120,88.90867299857318,/project/g_bme-janeslab/SarahG/spinodal_decomp_06_2025/out_python/NMG_Python_20_dt_5.50e-06_Nx_512_periodic_dtout_150pphi.csv
Python,NMG,64,neumann,50p,125,1120,35.143046202862415,/project/g_bme-janeslab/SarahG/spinodal_decomp_06_2025/out_python/NMG_Python_20_dt_5.50e-06_Nx_64_neumann_dtout_125pphi.csv
Python,NMG,512,periodic,50p,125,1120,256.00535860993585,/project/g_bme-janeslab/SarahG/spinodal_decomp_06_2025/out_python/NMG_Python_20_dt_5.50e-06_Nx_512_periodic_dtout_125pphi.csv
Python,NMG,128,periodic,50p,175,1120,67.1904077104076,/project/g_bme-janeslab/SarahG/spinodal_decomp_06_2025/out_python/NMG_Python_20_dt_5.50e-06_Nx_128_periodic_dtout_175pphi.csv
Python,NMG,512,periodic,50p,175,1120,252.73737994789758,/project/g_bme-janeslab/SarahG/spinodal_decomp_06_2025/out_python/NMG_Python_20_dt_5.50e-06_Nx_512_periodic_dtout_175pphi.csv
Python,NMG,128,neumann,50p,150,1120,27.070540086150636,/project/g_bme-janeslab/SarahG/spinodal_decomp_06_2025/out_python/NMG_Python_20_dt_5.50e-06_Nx_128_neumann_dtout_150pphi.csv
Python,NMG,512,neumann,50p,175,1120,252.7600505101779,/project/g_bme-janeslab/SarahG/spinodal_decomp_06_2025/out_python/NMG_Python_20_dt_5.50e-06_Nx_512_neumann_dtout_175pphi.csv
Python,NMG,512,neumann,50p,150,1120,89.36817119529265,/project/g_bme-janeslab/SarahG/spinodal_decomp_06_2025/out_python/NMG_Python_20_dt_5.50e-06_Nx_512_neumann_dtout_150pphi.csv
Python,NMG,64,periodic,50p,125,1120,34.93502283395872,/project/g_bme-janeslab/SarahG/spinodal_decomp_06_2025/out_python/NMG_Python_20_dt_5.50e-06_Nx_64_periodic_dtout_125pphi.csv
Python,NMG,256,periodic,50p,175,1120,125.05853431290527,/project/g_bme-janeslab/SarahG/spinodal_decomp_06_2025/out_python/NMG_Python_20_dt_5.50e-06_Nx_256_periodic_dtout_175pphi.csv
Python,NMG,64,periodic,50p,150,1120,18.842022398881987,/project/g_bme-janeslab/SarahG/spinodal_decomp_06_2025/out_python/NMG_Python_20_dt_5.50e-06_Nx_64_periodic_dtout_150pphi.csv
Python,NMG,128,periodic,50p,125,1120,65.70096589484275,/project/g_bme-janeslab/SarahG/spinodal_decomp_06_2025/out_python/NMG_Python_20_dt_5.50e-06_Nx_128_periodic_dtout_125pphi.csv
MATLAB,SAV,64,periodic,450p,None (10),1160,33.442511920506405,/project/g_bme-janeslab/SarahG/spinodal_decomp_06_2025/out_MATLAB/SAV_MATLAB_2000_dt_5.50e-06_Nx_64_periodic_n_relax_450p_phi.csv
MATLAB,NMG,512,periodic,475p,None (10),1160,440.47313356980203,/project/g_bme-janeslab/SarahG/spinodal_decomp_06_2025/out_MATLAB/NMG_MATLAB_2000_dt_5.50e-06_Nx_512_periodic_n_relax_475p_phi.csv
MATLAB,NMG,512,neumann,450p,None (10),1160,439.08840230512016,/project/g_bme-janeslab/SarahG/spinodal_decomp_06_2025/out_MATLAB/NMG_MATLAB_2000_dt_5.50e-06_Nx_512_neumann_n_relax_450p_phi.csv
MATLAB,SAV,256,neumann,450p,None (10),1160,199.27352637275857,/project/g_bme-janeslab/SarahG/spinodal_decomp_06_2025/out_MATLAB/SAV_MATLAB_2000_dt_5.50e-06_Nx_256_neumann_n_relax_450p_phi.csv
MATLAB,SAV,64,neumann,475p,None (10),1160,33.84893021280546,/project/g_bme-janeslab/SarahG/spinodal_decomp_06_2025/out_MATLAB/SAV_MATLAB_2000_dt_5.50e-06_Nx_64_neumann_n_relax_475p_phi.csv
MATLAB,NMG,256,periodic,475p,None (10),1160,205.91233778306804,/project/g_bme-janeslab/SarahG/spinodal_decomp_06_2025/out_MATLAB/NMG_MATLAB_2000_dt_5.50e-06_Nx_256_periodic_n_relax_475p_phi.csv
MATLAB,NMG,128,neumann,425p,None (10),1160,0.0,/project/g_bme-janeslab/SarahG/spinodal_decomp_06_2025/out_MATLAB/NMG_MATLAB_2000_dt_5.50e-06_Nx_128_neumann_n_relax_425p_phi.csv
MATLAB,SAV,256,periodic,425p,None (10),1160,0.0,/project/g_bme-janeslab/SarahG/spinodal_decomp_06_2025/out_MATLAB/SAV_MATLAB_2000_dt_5.50e-06_Nx_256_periodic_n_relax_425p_phi.csv
MATLAB,NMG,128,periodic,475p,None (10),1160,71.72065629437985,/project/g_bme-janeslab/SarahG/spinodal_decomp_06_2025/out_MATLAB/NMG_MATLAB_2000_dt_5.50e-06_Nx_128_periodic_n_relax_475p_phi.csv
MATLAB,SAV,128,periodic,450p,None (10),1160,86.79503859636931,/project/g_bme-janeslab/SarahG/spinodal_decomp_06_2025/out_MATLAB/SAV_MATLAB_2000_dt_5.50e-06_Nx_128_periodic_n_relax_450p_phi.csv
MATLAB,NMG,128,neumann,450p,None (10),1160,84.44101842466084,/project/g_bme-janeslab/SarahG/spinodal_decomp_06_2025/out_MATLAB/NMG_MATLAB_2000_dt_5.50e-06_Nx_128_neumann_n_relax_450p_phi.csv
MATLAB,SAV,256,neumann,425p,None (10),1160,204.33717031195616,/project/g_bme-janeslab/SarahG/spinodal_decomp_06_2025/out_MATLAB/SAV_MATLAB_2000_dt_5.50e-06_Nx_256_neumann_n_relax_425p_phi.csv
MATLAB,SAV,512,periodic,450p,None (10),1160,0.0,/project/g_bme-janeslab/SarahG/spinodal_decomp_06_2025/out_MATLAB/SAV_MATLAB_2000_dt_5.50e-06_Nx_512_periodic_n_relax_450p_phi.csv
MATLAB,SAV,128,periodic,425p,None (10),1160,0.0,/project/g_bme-janeslab/SarahG/spinodal_decomp_06_2025/out_MATLAB/SAV_MATLAB_2000_dt_5.50e-06_Nx_128_periodic_n_relax_425p_phi.csv
MATLAB,NMG,512,neumann,425p,None (10),1160,439.2672322297182,/project/g_bme-janeslab/SarahG/spinodal_decomp_06_2025/out_MATLAB/NMG_MATLAB_2000_dt_5.50e-06_Nx_512_neumann_n_relax_425p_phi.csv
MATLAB,NMG,64,neumann,450p,None (10),1160,0.0,/project/g_bme-janeslab/SarahG/spinodal_decomp_06_2025/out_MATLAB/NMG_MATLAB_2000_dt_5.50e-06_Nx_64_neumann_n_relax_450p_phi.csv
MATLAB,NMG,64,periodic,450p,None (10),1160,24.914905279941653,/project/g_bme-janeslab/SarahG/spinodal_decomp_06_2025/out_MATLAB/NMG_MATLAB_2000_dt_5.50e-06_Nx_64_periodic_n_relax_450p_phi.csv
MATLAB,NMG,256,neumann,425p,None (10),1160,205.39054538804007,/project/g_bme-janeslab/SarahG/spinodal_decomp_06_2025/out_MATLAB/NMG_MATLAB_2000_dt_5.50e-06_Nx_256_neumann_n_relax_425p_phi.csv
MATLAB,SAV,64,neumann,425p,None (10),1160,0.0,/project/g_bme-janeslab/SarahG/spinodal_decomp_06_2025/out_MATLAB/SAV_MATLAB_2000_dt_5.50e-06_Nx_64_neumann_n_relax_425p_phi.csv
MATLAB,SAV,128,neumann,425p,None (10),1160,0.0,/project/g_bme-janeslab/SarahG/spinodal_decomp_06_2025/out_MATLAB/SAV_MATLAB_2000_dt_5.50e-06_Nx_128_neumann_n_relax_425p_phi.csv
MATLAB,NMG,128,periodic,425p,None (10),1160,74.34830158969963,/project/g_bme-janeslab/SarahG/spinodal_decomp_06_2025/out_MATLAB/NMG_MATLAB_2000_dt_5.50e-06_Nx_128_periodic_n_relax_425p_phi.csv
MATLAB,SAV,512,periodic,475p,None (10),1160,444.0162872306198,/project/g_bme-janeslab/SarahG/spinodal_decomp_06_2025/out_MATLAB/SAV_MATLAB_2000_dt_5.50e-06_Nx_512_periodic_n_relax_475p_phi.csv
MATLAB,SAV,512,neumann,475p,None (10),1160,446.11752331802967,/project/g_bme-janeslab/SarahG/spinodal_decomp_06_2025/out_MATLAB/SAV_MATLAB_2000_dt_5.50e-06_Nx_512_neumann_n_relax_475p_phi.csv
MATLAB,NMG,256,neumann,475p,None (10),1160,204.88999153049173,/project/g_bme-janeslab/SarahG/spinodal_decomp_06_2025/out_MATLAB/NMG_MATLAB_2000_dt_5.50e-06_Nx_256_neumann_n_relax_475p_phi.csv
MATLAB,NMG,256,neumann,450p,None (10),1160,199.462885300337,/project/g_bme-janeslab/SarahG/spinodal_decomp_06_2025/out_MATLAB/NMG_MATLAB_2000_dt_5.50e-06_Nx_256_neumann_n_relax_450p_phi.csv
MATLAB,SAV,512,periodic,425p,None (10),1160,445.92608370790015,/project/g_bme-janeslab/SarahG/spinodal_decomp_06_2025/out_MATLAB/SAV_MATLAB_2000_dt_5.50e-06_Nx_512_periodic_n_relax_425p_phi.csv
MATLAB,NMG,64,neumann,475p,None (10),1160,33.87595753224545,/project/g_bme-janeslab/SarahG/spinodal_decomp_06_2025/out_MATLAB/NMG_MATLAB_2000_dt_5.50e-06_Nx_64_neumann_n_relax_475p_phi.csv
MATLAB,SAV,128,periodic,475p,None (10),1160,72.08434861300643,/project/g_bme-janeslab/SarahG/spinodal_decomp_06_2025/out_MATLAB/SAV_MATLAB_2000_dt_5.50e-06_Nx_128_periodic_n_relax_475p_phi.csv
MATLAB,SAV,256,neumann,475p,None (10),1160,204.4996986056452,/project/g_bme-janeslab/SarahG/spinodal_decomp_06_2025/out_MATLAB/SAV_MATLAB_2000_dt_5.50e-06_Nx_256_neumann_n_relax_475p_phi.csv
MATLAB,NMG,512,periodic,450p,None (10),1160,438.8847584248534,/project/g_bme-janeslab/SarahG/spinodal_decomp_06_2025/out_MATLAB/NMG_MATLAB_2000_dt_5.50e-06_Nx_512_periodic_n_relax_450p_phi.csv
MATLAB,SAV,64,periodic,425p,None (10),1160,0.0,/project/g_bme-janeslab/SarahG/spinodal_decomp_06_2025/out_MATLAB/SAV_MATLAB_2000_dt_5.50e-06_Nx_64_periodic_n_relax_425p_phi.csv
MATLAB,SAV,512,neumann,425p,None (10),1160,443.991814630505,/project/g_bme-janeslab/SarahG/spinodal_decomp_06_2025/out_MATLAB/SAV_MATLAB_2000_dt_5.50e-06_Nx_512_neumann_n_relax_425p_phi.csv
MATLAB,SAV,128,neumann,475p,None (10),1160,78.4621531650511,/project/g_bme-janeslab/SarahG/spinodal_decomp_06_2025/out_MATLAB/SAV_MATLAB_2000_dt_5.50e-06_Nx_128_neumann_n_relax_475p_phi.csv
MATLAB,SAV,512,neumann,450p,None (10),1160,439.2953063089116,/project/g_bme-janeslab/SarahG/spinodal_decomp_06_2025/out_MATLAB/SAV_MATLAB_2000_dt_5.50e-06_Nx_512_neumann_n_relax_450p_phi.csv
MATLAB,SAV,256,periodic,475p,None (10),1160,205.63354156313713,/project/g_bme-janeslab/SarahG/spinodal_decomp_06_2025/out_MATLAB/SAV_MATLAB_2000_dt_5.50e-06_Nx_256_periodic_n_relax_475p_phi.csv
MATLAB,NMG,256,periodic,450p,None (10),1160,200.56042233339082,/project/g_bme-janeslab/SarahG/spinodal_decomp_06_2025/out_MATLAB/NMG_MATLAB_2000_dt_5.50e-06_Nx_256_periodic_n_relax_450p_phi.csv
MATLAB,SAV,128,neumann,450p,None (10),1160,85.63053439637399,/project/g_bme-janeslab/SarahG/spinodal_decomp_06_2025/out_MATLAB/SAV_MATLAB_2000_dt_5.50e-06_Nx_128_neumann_n_relax_450p_phi.csv
MATLAB,NMG,64,periodic,475p,None (10),1160,33.0631931664069,/project/g_bme-janeslab/SarahG/spinodal_decomp_06_2025/out_MATLAB/NMG_MATLAB_2000_dt_5.50e-06_Nx_64_periodic_n_relax_475p_phi.csv
MATLAB,NMG,512,periodic,425p,None (10),1160,440.4361613926497,/project/g_bme-janeslab/SarahG/spinodal_decomp_06_2025/out_MATLAB/NMG_MATLAB_2000_dt_5.50e-06_Nx_512_periodic_n_relax_425p_phi.csv
MATLAB,NMG,128,periodic,450p,None (10),1160,87.27720372466526,/project/g_bme-janeslab/SarahG/spinodal_decomp_06_2025/out_MATLAB/NMG_MATLAB_2000_dt_5.50e-06_Nx_128_periodic_n_relax_450p_phi.csv
MATLAB,NMG,128,neumann,475p,None (10),1160,75.43050278690609,/project/g_bme-janeslab/SarahG/spinodal_decomp_06_2025/out_MATLAB/NMG_MATLAB_2000_dt_5.50e-06_Nx_128_neumann_n_relax_475p_phi.csv
MATLAB,NMG,256,periodic,425p,None (10),1160,204.8186339275952,/project/g_bme-janeslab/SarahG/spinodal_decomp_06_2025/out_MATLAB/NMG_MATLAB_2000_dt_5.50e-06_Nx_256_periodic_n_relax_425p_phi.csv
MATLAB,SAV,64,periodic,475p,None (10),1160,33.04435452129562,/project/g_bme-janeslab/SarahG/spinodal_decomp_06_2025/out_MATLAB/SAV_MATLAB_2000_dt_5.50e-06_Nx_64_periodic_n_relax_475p_phi.csv
MATLAB,NMG,512,neumann,475p,None (10),1160,441.00489748848634,/project/g_bme-janeslab/SarahG/spinodal_decomp_06_2025/out_MATLAB/NMG_MATLAB_2000_dt_5.50e-06_Nx_512_neumann_n_relax_475p_phi.csv
MATLAB,NMG,64,periodic,425p,None (10),1160,32.672469637843506,/project/g_bme-janeslab/SarahG/spinodal_decomp_06_2025/out_MATLAB/NMG_MATLAB_2000_dt_5.50e-06_Nx_64_periodic_n_relax_425p_phi.csv
MATLAB,SAV,64,neumann,450p,None (10),1160,0.0,/project/g_bme-janeslab/SarahG/spinodal_decomp_06_2025/out_MATLAB/SAV_MATLAB_2000_dt_5.50e-06_Nx_64_neumann_n_relax_450p_phi.csv
MATLAB,NMG,64,neumann,425p,None (10),1160,0.0,/project/g_bme-janeslab/SarahG/spinodal_decomp_06_2025/out_MATLAB/NMG_MATLAB_2000_dt_5.50e-06_Nx_64_neumann_n_relax_425p_phi.csv
MATLAB,SAV,256,periodic,450p,None (10),1160,0.0,/project/g_bme-janeslab/SarahG/spinodal_decomp_06_2025/out_MATLAB/SAV_MATLAB_2000_dt_5.50e-06_Nx_256_periodic_n_relax_450p_phi.csv
Julia,SAV,512,periodic,50p,1050,1160,115.50814625463384,/project/g_bme-janeslab/SarahG/spinodal_decomp_06_2025/out_julia/SAV_Julia_2000_dt_5.50e-06_Nx_512_periodic_dtout_1050p_phi.csv
Julia,NMG,64,neumann,50p,1075,1160,35.41295528164097,/project/g_bme-janeslab/SarahG/spinodal_decomp_06_2025/out_julia/NMG_Julia_2000_dt_5.50e-06_Nx_64_neumann_dtout_1075p_phi.csv
Julia,NMG,512,periodic,50p,1050,1160,108.66362352693976,/project/g_bme-janeslab/SarahG/spinodal_decomp_06_2025/out_julia/NMG_Julia_2000_dt_5.50e-06_Nx_512_periodic_dtout_1050p_phi.csv
Julia,NMG,64,neumann,50p,1050,1160,18.02382950841198,/project/g_bme-janeslab/SarahG/spinodal_decomp_06_2025/out_julia/NMG_Julia_2000_dt_5.50e-06_Nx_64_neumann_dtout_1050p_phi.csv
Julia,NMG,512,periodic,50p,1075,1160,252.7093535247485,/project/g_bme-janeslab/SarahG/spinodal_decomp_06_2025/out_julia/NMG_Julia_2000_dt_5.50e-06_Nx_512_periodic_dtout_1075p_phi.csv
Julia,SAV,64,periodic,50p,1025,1160,34.41691711752731,/project/g_bme-janeslab/SarahG/spinodal_decomp_06_2025/out_julia/SAV_Julia_2000_dt_5.50e-06_Nx_64_periodic_dtout_1025p_phi.csv
Julia,SAV,256,periodic,50p,1075,1160,124.68626637097225,/project/g_bme-janeslab/SarahG/spinodal_decomp_06_2025/out_julia/SAV_Julia_2000_dt_5.50e-06_Nx_256_periodic_dtout_1075p_phi.csv
Julia,SAV,128,neumann,50p,1050,1160,25.097237550612544,/project/g_bme-janeslab/SarahG/spinodal_decomp_06_2025/out_julia/SAV_Julia_2000_dt_5.50e-06_Nx_128_neumann_dtout_1050p_phi.csv
Julia,NMG,256,periodic,50p,1025,1160,120.8797269165416,/project/g_bme-janeslab/SarahG/spinodal_decomp_06_2025/out_julia/NMG_Julia_2000_dt_5.50e-06_Nx_256_periodic_dtout_1025p_phi.csv
Julia,NMG,256,periodic,50p,1050,1160,31.745304147942928,/project/g_bme-janeslab/SarahG/spinodal_decomp_06_2025/out_julia/NMG_Julia_2000_dt_5.50e-06_Nx_256_periodic_dtout_1050p_phi.csv
Julia,SAV,512,periodic,50p,1025,1160,255.82511728785403,/project/g_bme-janeslab/SarahG/spinodal_decomp_06_2025/out_julia/SAV_Julia_2000_dt_5.50e-06_Nx_512_periodic_dtout_1025p_phi.csv
Julia,NMG,128,periodic,50p,1050,1160,25.26555737115083,/project/g_bme-janeslab/SarahG/spinodal_decomp_06_2025/out_julia/NMG_Julia_2000_dt_5.50e-06_Nx_128_periodic_dtout_1050p_phi.csv
Julia,NMG,512,neumann,50p,1025,1160,256.0465204173644,/project/g_bme-janeslab/SarahG/spinodal_decomp_06_2025/out_julia/NMG_Julia_2000_dt_5.50e-06_Nx_512_neumann_dtout_1025p_phi.csv
Julia,SAV,512,neumann,50p,1050,1160,115.97428336567819,/project/g_bme-janeslab/SarahG/spinodal_decomp_06_2025/out_julia/SAV_Julia_2000_dt_5.50e-06_Nx_512_neumann_dtout_1050p_phi.csv
Julia,SAV,64,neumann,50p,1075,1160,35.178039492744794,/project/g_bme-janeslab/SarahG/spinodal_decomp_06_2025/out_julia/SAV_Julia_2000_dt_5.50e-06_Nx_64_neumann_dtout_1075p_phi.csv
Julia,NMG,128,neumann,50p,1025,1160,65.60390040280733,/project/g_bme-janeslab/SarahG/spinodal_decomp_06_2025/out_julia/NMG_Julia_2000_dt_5.50e-06_Nx_128_neumann_dtout_1025p_phi.csv
Julia,NMG,512,neumann,50p,1075,1160,252.741938954192,/project/g_bme-janeslab/SarahG/spinodal_decomp_06_2025/out_julia/NMG_Julia_2000_dt_5.50e-06_Nx_512_neumann_dtout_1075p_phi.csv
Julia,SAV,64,neumann,50p,1050,1160,17.314503420506263,/project/g_bme-janeslab/SarahG/spinodal_decomp_06_2025/out_julia/SAV_Julia_2000_dt_5.50e-06_Nx_64_neumann_dtout_1050p_phi.csv
Julia,NMG,64,periodic,50p,1050,1160,17.559756598920558,/project/g_bme-janeslab/SarahG/spinodal_decomp_06_2025/out_julia/NMG_Julia_2000_dt_5.50e-06_Nx_64_periodic_dtout_1050p_phi.csv
Julia,SAV,64,neumann,50p,1025,1160,34.62509660307354,/project/g_bme-janeslab/SarahG/spinodal_decomp_06_2025/out_julia/SAV_Julia_2000_dt_5.50e-06_Nx_64_neumann_dtout_1025p_phi.csv
Julia,SAV,64,periodic,50p,1050,1160,16.8417927141274,/project/g_bme-janeslab/SarahG/spinodal_decomp_06_2025/out_julia/SAV_Julia_2000_dt_5.50e-06_Nx_64_periodic_dtout_1050p_phi.csv
Julia,NMG,128,neumann,50p,1050,1160,25.829740055390364,/project/g_bme-janeslab/SarahG/spinodal_decomp_06_2025/out_julia/NMG_Julia_2000_dt_5.50e-06_Nx_128_neumann_dtout_1050p_phi.csv
Julia,NMG,512,periodic,50p,1025,1160,255.98081547340303,/project/g_bme-janeslab/SarahG/spinodal_decomp_06_2025/out_julia/NMG_Julia_2000_dt_5.50e-06_Nx_512_periodic_dtout_1025p_phi.csv
Julia,SAV,128,neumann,50p,1075,1160,66.53457117754776,/project/g_bme-janeslab/SarahG/spinodal_decomp_06_2025/out_julia/SAV_Julia_2000_dt_5.50e-06_Nx_128_neumann_dtout_1075p_phi.csv
Julia,NMG,64,periodic,50p,1025,1160,34.66340120676811,/project/g_bme-janeslab/SarahG/spinodal_decomp_06_2025/out_julia/NMG_Julia_2000_dt_5.50e-06_Nx_64_periodic_dtout_1025p_phi.csv
Julia,NMG,256,neumann,50p,1025,1160,120.89517799266991,/project/g_bme-janeslab/SarahG/spinodal_decomp_06_2025/out_julia/NMG_Julia_2000_dt_5.50e-06_Nx_256_neumann_dtout_1025p_phi.csv
Julia,NMG,128,periodic,50p,1025,1160,65.5402084489666,/project/g_bme-janeslab/SarahG/spinodal_decomp_06_2025/out_julia/NMG_Julia_2000_dt_5.50e-06_Nx_128_periodic_dtout_1025p_phi.csv
Julia,NMG,64,periodic,50p,1075,1160,35.17368947389994,/project/g_bme-janeslab/SarahG/spinodal_decomp_06_2025/out_julia/NMG_Julia_2000_dt_5.50e-06_Nx_64_periodic_dtout_1075p_phi.csv
Julia,SAV,512,periodic,50p,1075,1160,252.6492707191504,/project/g_bme-janeslab/SarahG/spinodal_decomp_06_2025/out_julia/SAV_Julia_2000_dt_5.50e-06_Nx_512_periodic_dtout_1075p_phi.csv
Julia,NMG,256,neumann,50p,1075,1160,124.85936401445012,/project/g_bme-janeslab/SarahG/spinodal_decomp_06_2025/out_julia/NMG_Julia_2000_dt_5.50e-06_Nx_256_neumann_dtout_1075p_phi.csv
Julia,SAV,256,periodic,50p,1050,1160,31.705437744048837,/project/g_bme-janeslab/SarahG/spinodal_decomp_06_2025/out_julia/SAV_Julia_2000_dt_5.50e-06_Nx_256_periodic_dtout_1050p_phi.csv
Julia,NMG,256,neumann,50p,1050,1160,31.744027227194234,/project/g_bme-janeslab/SarahG/spinodal_decomp_06_2025/out_julia/NMG_Julia_2000_dt_5.50e-06_Nx_256_neumann_dtout_1050p_phi.csv
Julia,SAV,128,periodic,50p,1050,1160,24.501087763837095,/project/g_bme-janeslab/SarahG/spinodal_decomp_06_2025/out_julia/SAV_Julia_2000_dt_5.50e-06_Nx_128_periodic_dtout_1050p_phi.csv
Julia,NMG,64,neumann,50p,1025,1160,34.87456052073734,/project/g_bme-janeslab/SarahG/spinodal_decomp_06_2025/out_julia/NMG_Julia_2000_dt_5.50e-06_Nx_64_neumann_dtout_1025p_phi.csv
Julia,SAV,256,neumann,50p,1025,1160,120.86081528748826,/project/g_bme-janeslab/SarahG/spinodal_decomp_06_2025/out_julia/SAV_Julia_2000_dt_5.50e-06_Nx_256_neumann_dtout_1025p_phi.csv
Julia,SAV,256,periodic,50p,1025,1160,120.84429136669125,/project/g_bme-janeslab/SarahG/spinodal_decomp_06_2025/out_julia/SAV_Julia_2000_dt_5.50e-06_Nx_256_periodic_dtout_1025p_phi.csv
Julia,SAV,128,periodic,50p,1075,1160,66.40300260763567,/project/g_bme-janeslab/SarahG/spinodal_decomp_06_2025/out_julia/SAV_Julia_2000_dt_5.50e-06_Nx_128_periodic_dtout_1075p_phi.csv
Julia,SAV,512,neumann,50p,1025,1160,255.89445328348611,/project/g_bme-janeslab/SarahG/spinodal_decomp_06_2025/out_julia/SAV_Julia_2000_dt_5.50e-06_Nx_512_neumann_dtout_1025p_phi.csv
Julia,NMG,256,periodic,50p,1075,1160,124.77933661111189,/project/g_bme-janeslab/SarahG/spinodal_decomp_06_2025/out_julia/NMG_Julia_2000_dt_5.50e-06_Nx_256_periodic_dtout_1075p_phi.csv
Julia,SAV,512,neumann,50p,1075,1160,252.68395571971848,/project/g_bme-janeslab/SarahG/spinodal_decomp_06_2025/out_julia/SAV_Julia_2000_dt_5.50e-06_Nx_512_neumann_dtout_1075p_phi.csv
Julia,SAV,256,neumann,50p,1075,1160,124.76665504408422,/project/g_bme-janeslab/SarahG/spinodal_decomp_06_2025/out_julia/SAV_Julia_2000_dt_5.50e-06_Nx_256_neumann_dtout_1075p_phi.csv
Julia,SAV,128,neumann,50p,1025,1160,65.48965297781987,/project/g_bme-janeslab/SarahG/spinodal_decomp_06_2025/out_julia/SAV_Julia_2000_dt_5.50e-06_Nx_128_neumann_dtout_1025p_phi.csv
Julia,NMG,128,neumann,50p,1075,1160,66.69219346225475,/project/g_bme-janeslab/SarahG/spinodal_decomp_06_2025/out_julia/NMG_Julia_2000_dt_5.50e-06_Nx_128_neumann_dtout_1075p_phi.csv
Julia,SAV,64,periodic,50p,1075,1160,34.94101901708154,/project/g_bme-janeslab/SarahG/spinodal_decomp_06_2025/out_julia/SAV_Julia_2000_dt_5.50e-06_Nx_64_periodic_dtout_1075p_phi.csv
Julia,NMG,512,neumann,50p,1050,1160,109.09087189119283,/project/g_bme-janeslab/SarahG/spinodal_decomp_06_2025/out_julia/NMG_Julia_2000_dt_5.50e-06_Nx_512_neumann_dtout_1050p_phi.csv
Julia,SAV,256,neumann,50p,1050,1160,31.7012557675993,/project/g_bme-janeslab/SarahG/spinodal_decomp_06_2025/out_julia/SAV_Julia_2000_dt_5.50e-06_Nx_256_neumann_dtout_1050p_phi.csv
Julia,NMG,128,periodic,50p,1075,1160,66.55688854295725,/project/g_bme-janeslab/SarahG/spinodal_decomp_06_2025/out_julia/NMG_Julia_2000_dt_5.50e-06_Nx_128_periodic_dtout_1075p_phi.csv
Julia,SAV,128,periodic,50p,1025,1160,65.42620802162969,/project/g_bme-janeslab/SarahG/spinodal_decomp_06_2025/out_julia/SAV_Julia_2000_dt_5.50e-06_Nx_128_periodic_dtout_1025p_phi.csv
Python,NMG,128,neumann,50p,125,1160,65.72486377880632,/project/g_bme-janeslab/SarahG/spinodal_decomp_06_2025/out_python/NMG_Python_20_dt_5.50e-06_Nx_128_neumann_dtout_125pphi.csv
Python,NMG,64,periodic,50p,175,1160,35.89412256444808,/project/g_bme-janeslab/SarahG/spinodal_decomp_06_2025/out_python/NMG_Python_20_dt_5.50e-06_Nx_64_periodic_dtout_175pphi.csv
Python,NMG,256,periodic,50p,150,1160,30.366647282735226,/project/g_bme-janeslab/SarahG/spinodal_decomp_06_2025/out_python/NMG_Python_20_dt_5.50e-06_Nx_256_periodic_dtout_150pphi.csv
Python,NMG,128,neumann,50p,175,1160,67.29581890009707,/project/g_bme-janeslab/SarahG/spinodal_decomp_06_2025/out_python/NMG_Python_20_dt_5.50e-06_Nx_128_neumann_dtout_175pphi.csv
Python,NMG,64,neumann,50p,150,1160,19.197202491331296,/project/g_bme-janeslab/SarahG/spinodal_decomp_06_2025/out_python/NMG_Python_20_dt_5.50e-06_Nx_64_neumann_dtout_150pphi.csv
Python,NMG,256,neumann,50p,150,1160,30.40275639267315,/project/g_bme-janeslab/SarahG/spinodal_decomp_06_2025/out_python/NMG_Python_20_dt_5.50e-06_Nx_256_neumann_dtout_150pphi.csv
Python,NMG,512,neumann,50p,125,1160,256.05045085650096,/project/g_bme-janeslab/SarahG/spinodal_decomp_06_2025/out_python/NMG_Python_20_dt_5.50e-06_Nx_512_neumann_dtout_125pphi.csv
Python,NMG,256,neumann,50p,175,1160,125.1203102429624,/project/g_bme-janeslab/SarahG/spinodal_decomp_06_2025/out_python/NMG_Python_20_dt_5.50e-06_Nx_256_neumann_dtout_175pphi.csv
Python,NMG,128,periodic,50p,150,1160,26.405465158665486,/project/g_bme-janeslab/SarahG/spinodal_decomp_06_2025/out_python/NMG_Python_20_dt_5.50e-06_Nx_128_periodic_dtout_150pphi.csv
Python,NMG,256,neumann,50p,125,1160,120.92186224336331,/project/g_bme-janeslab/SarahG/spinodal_decomp_06_2025/out_python/NMG_Python_20_dt_5.50e-06_Nx_256_neumann_dtout_125pphi.csv
Python,NMG,64,neumann,50p,175,1160,36.138951993397825,/project/g_bme-janeslab/SarahG/spinodal_decomp_06_2025/out_python/NMG_Python_20_dt_5.50e-06_Nx_64_neumann_dtout_175pphi.csv
Python,NMG,256,periodic,50p,125,1160,120.90330035311881,/project/g_bme-janeslab/SarahG/spinodal_decomp_06_2025/out_python/NMG_Python_20_dt_5.50e-06_Nx_256_periodic_dtout_125pphi.csv
Python,NMG,512,periodic,50p,150,1160,90.06185018319964,/project/g_bme-janeslab/SarahG/spinodal_decomp_06_2025/out_python/NMG_Python_20_dt_5.50e-06_Nx_512_periodic_dtout_150pphi.csv
Python,NMG,64,neumann,50p,125,1160,35.09113962402357,/project/g_bme-janeslab/SarahG/spinodal_decomp_06_2025/out_python/NMG_Python_20_dt_5.50e-06_Nx_64_neumann_dtout_125pphi.csv
Python,NMG,512,periodic,50p,125,1160,255.991550569164,/project/g_bme-janeslab/SarahG/spinodal_decomp_06_2025/out_python/NMG_Python_20_dt_5.50e-06_Nx_512_periodic_dtout_125pphi.csv
Python,NMG,128,periodic,50p,175,1160,67.14762410093029,/project/g_bme-janeslab/SarahG/spinodal_decomp_06_2025/out_python/NMG_Python_20_dt_5.50e-06_Nx_128_periodic_dtout_175pphi.csv
Python,NMG,512,periodic,50p,175,1160,252.73186143503716,/project/g_bme-janeslab/SarahG/spinodal_decomp_06_2025/out_python/NMG_Python_20_dt_5.50e-06_Nx_512_periodic_dtout_175pphi.csv
Python,NMG,128,neumann,50p,150,1160,26.948903409033374,/project/g_bme-janeslab/SarahG/spinodal_decomp_06_2025/out_python/NMG_Python_20_dt_5.50e-06_Nx_128_neumann_dtout_150pphi.csv
Python,NMG,512,neumann,50p,175,1160,252.7547254057283,/project/g_bme-janeslab/SarahG/spinodal_decomp_06_2025/out_python/NMG_Python_20_dt_5.50e-06_Nx_512_neumann_dtout_175pphi.csv
Python,NMG,512,neumann,50p,150,1160,90.52579978517292,/project/g_bme-janeslab/SarahG/spinodal_decomp_06_2025/out_python/NMG_Python_20_dt_5.50e-06_Nx_512_neumann_dtout_150pphi.csv
Python,NMG,64,periodic,50p,125,1160,34.88475796880342,/project/g_bme-janeslab/SarahG/spinodal_decomp_06_2025/out_python/NMG_Python_20_dt_5.50e-06_Nx_64_periodic_dtout_125pphi.csv
Python,NMG,256,periodic,50p,175,1160,125.03718137063882,/project/g_bme-janeslab/SarahG/spinodal_decomp_06_2025/out_python/NMG_Python_20_dt_5.50e-06_Nx_256_periodic_dtout_175pphi.csv
Python,NMG,64,periodic,50p,150,1160,18.712586226135276,/project/g_bme-janeslab/SarahG/spinodal_decomp_06_2025/out_python/NMG_Python_20_dt_5.50e-06_Nx_64_periodic_dtout_150pphi.csv
Python,NMG,128,periodic,50p,125,1160,65.67096269683289,/project/g_bme-janeslab/SarahG/spinodal_decomp_06_2025/out_python/NMG_Python_20_dt_5.50e-06_Nx_128_periodic_dtout_125pphi.csv
MATLAB,SAV,64,periodic,450p,None (10),1200,33.80755540521724,/project/g_bme-janeslab/SarahG/spinodal_decomp_06_2025/out_MATLAB/SAV_MATLAB_2000_dt_5.50e-06_Nx_64_periodic_n_relax_450p_phi.csv
MATLAB,NMG,512,periodic,475p,None (10),1200,440.9807115207115,/project/g_bme-janeslab/SarahG/spinodal_decomp_06_2025/out_MATLAB/NMG_MATLAB_2000_dt_5.50e-06_Nx_512_periodic_n_relax_475p_phi.csv
MATLAB,NMG,512,neumann,450p,None (10),1200,439.86498618014525,/project/g_bme-janeslab/SarahG/spinodal_decomp_06_2025/out_MATLAB/NMG_MATLAB_2000_dt_5.50e-06_Nx_512_neumann_n_relax_450p_phi.csv
MATLAB,SAV,256,neumann,450p,None (10),1200,199.9565679994344,/project/g_bme-janeslab/SarahG/spinodal_decomp_06_2025/out_MATLAB/SAV_MATLAB_2000_dt_5.50e-06_Nx_256_neumann_n_relax_450p_phi.csv
MATLAB,SAV,64,neumann,475p,None (10),1200,33.89738837134867,/project/g_bme-janeslab/SarahG/spinodal_decomp_06_2025/out_MATLAB/SAV_MATLAB_2000_dt_5.50e-06_Nx_64_neumann_n_relax_475p_phi.csv
MATLAB,NMG,256,periodic,475p,None (10),1200,206.2866297283259,/project/g_bme-janeslab/SarahG/spinodal_decomp_06_2025/out_MATLAB/NMG_MATLAB_2000_dt_5.50e-06_Nx_256_periodic_n_relax_475p_phi.csv
MATLAB,NMG,128,neumann,425p,None (10),1200,0.0,/project/g_bme-janeslab/SarahG/spinodal_decomp_06_2025/out_MATLAB/NMG_MATLAB_2000_dt_5.50e-06_Nx_128_neumann_n_relax_425p_phi.csv
MATLAB,SAV,256,periodic,425p,None (10),1200,0.0,/project/g_bme-janeslab/SarahG/spinodal_decomp_06_2025/out_MATLAB/SAV_MATLAB_2000_dt_5.50e-06_Nx_256_periodic_n_relax_425p_phi.csv
MATLAB,NMG,128,periodic,475p,None (10),1200,72.28414042231213,/project/g_bme-janeslab/SarahG/spinodal_decomp_06_2025/out_MATLAB/NMG_MATLAB_2000_dt_5.50e-06_Nx_128_periodic_n_relax_475p_phi.csv
MATLAB,SAV,128,periodic,450p,None (10),1200,87.13278947986502,/project/g_bme-janeslab/SarahG/spinodal_decomp_06_2025/out_MATLAB/SAV_MATLAB_2000_dt_5.50e-06_Nx_128_periodic_n_relax_450p_phi.csv
MATLAB,NMG,128,neumann,450p,None (10),1200,84.85232589316789,/project/g_bme-janeslab/SarahG/spinodal_decomp_06_2025/out_MATLAB/NMG_MATLAB_2000_dt_5.50e-06_Nx_128_neumann_n_relax_450p_phi.csv
MATLAB,SAV,256,neumann,425p,None (10),1200,204.78499256833936,/project/g_bme-janeslab/SarahG/spinodal_decomp_06_2025/out_MATLAB/SAV_MATLAB_2000_dt_5.50e-06_Nx_256_neumann_n_relax_425p_phi.csv
MATLAB,SAV,512,periodic,450p,None (10),1200,0.0,/project/g_bme-janeslab/SarahG/spinodal_decomp_06_2025/out_MATLAB/SAV_MATLAB_2000_dt_5.50e-06_Nx_512_periodic_n_relax_450p_phi.csv
MATLAB,SAV,128,periodic,425p,None (10),1200,0.0,/project/g_bme-janeslab/SarahG/spinodal_decomp_06_2025/out_MATLAB/SAV_MATLAB_2000_dt_5.50e-06_Nx_128_periodic_n_relax_425p_phi.csv
MATLAB,NMG,512,neumann,425p,None (10),1200,440.14414478909606,/project/g_bme-janeslab/SarahG/spinodal_decomp_06_2025/out_MATLAB/NMG_MATLAB_2000_dt_5.50e-06_Nx_512_neumann_n_relax_425p_phi.csv
MATLAB,NMG,64,neumann,450p,None (10),1200,0.0,/project/g_bme-janeslab/SarahG/spinodal_decomp_06_2025/out_MATLAB/NMG_MATLAB_2000_dt_5.50e-06_Nx_64_neumann_n_relax_450p_phi.csv
MATLAB,NMG,64,periodic,450p,None (10),1200,25.466644212259673,/project/g_bme-janeslab/SarahG/spinodal_decomp_06_2025/out_MATLAB/NMG_MATLAB_2000_dt_5.50e-06_Nx_64_periodic_n_relax_450p_phi.csv
MATLAB,NMG,256,neumann,425p,None (10),1200,205.74034350053992,/project/g_bme-janeslab/SarahG/spinodal_decomp_06_2025/out_MATLAB/NMG_MATLAB_2000_dt_5.50e-06_Nx_256_neumann_n_relax_425p_phi.csv
MATLAB,SAV,64,neumann,425p,None (10),1200,0.0,/project/g_bme-janeslab/SarahG/spinodal_decomp_06_2025/out_MATLAB/SAV_MATLAB_2000_dt_5.50e-06_Nx_64_neumann_n_relax_425p_phi.csv
MATLAB,SAV,128,neumann,425p,None (10),1200,0.0,/project/g_bme-janeslab/SarahG/spinodal_decomp_06_2025/out_MATLAB/SAV_MATLAB_2000_dt_5.50e-06_Nx_128_neumann_n_relax_425p_phi.csv
MATLAB,NMG,128,periodic,425p,None (10),1200,74.98818975295009,/project/g_bme-janeslab/SarahG/spinodal_decomp_06_2025/out_MATLAB/NMG_MATLAB_2000_dt_5.50e-06_Nx_128_periodic_n_relax_425p_phi.csv
MATLAB,SAV,512,periodic,475p,None (10),1200,444.26887645966866,/project/g_bme-janeslab/SarahG/spinodal_decomp_06_2025/out_MATLAB/SAV_MATLAB_2000_dt_5.50e-06_Nx_512_periodic_n_relax_475p_phi.csv
MATLAB,SAV,512,neumann,475p,None (10),1200,446.4182464440212,/project/g_bme-janeslab/SarahG/spinodal_decomp_06_2025/out_MATLAB/SAV_MATLAB_2000_dt_5.50e-06_Nx_512_neumann_n_relax_475p_phi.csv
MATLAB,NMG,256,neumann,475p,None (10),1200,205.3810427218669,/project/g_bme-janeslab/SarahG/spinodal_decomp_06_2025/out_MATLAB/NMG_MATLAB_2000_dt_5.50e-06_Nx_256_neumann_n_relax_475p_phi.csv
MATLAB,NMG,256,neumann,450p,None (10),1200,200.1519823887361,/project/g_bme-janeslab/SarahG/spinodal_decomp_06_2025/out_MATLAB/NMG_MATLAB_2000_dt_5.50e-06_Nx_256_neumann_n_relax_450p_phi.csv
MATLAB,SAV,512,periodic,425p,None (10),1200,446.4684997251419,/project/g_bme-janeslab/SarahG/spinodal_decomp_06_2025/out_MATLAB/SAV_MATLAB_2000_dt_5.50e-06_Nx_512_periodic_n_relax_425p_phi.csv
MATLAB,NMG,64,neumann,475p,None (10),1200,33.925571839781405,/project/g_bme-janeslab/SarahG/spinodal_decomp_06_2025/out_MATLAB/NMG_MATLAB_2000_dt_5.50e-06_Nx_64_neumann_n_relax_475p_phi.csv
MATLAB,SAV,128,periodic,475p,None (10),1200,72.66276578310443,/project/g_bme-janeslab/SarahG/spinodal_decomp_06_2025/out_MATLAB/SAV_MATLAB_2000_dt_5.50e-06_Nx_128_periodic_n_relax_475p_phi.csv
MATLAB,SAV,256,neumann,475p,None (10),1200,204.95087016639266,/project/g_bme-janeslab/SarahG/spinodal_decomp_06_2025/out_MATLAB/SAV_MATLAB_2000_dt_5.50e-06_Nx_256_neumann_n_relax_475p_phi.csv
MATLAB,NMG,512,periodic,450p,None (10),1200,439.6533857038391,/project/g_bme-janeslab/SarahG/spinodal_decomp_06_2025/out_MATLAB/NMG_MATLAB_2000_dt_5.50e-06_Nx_512_periodic_n_relax_450p_phi.csv
MATLAB,SAV,64,periodic,425p,None (10),1200,0.0,/project/g_bme-janeslab/SarahG/spinodal_decomp_06_2025/out_MATLAB/SAV_MATLAB_2000_dt_5.50e-06_Nx_64_periodic_n_relax_425p_phi.csv
MATLAB,SAV,512,neumann,425p,None (10),1200,444.62742445886795,/project/g_bme-janeslab/SarahG/spinodal_decomp_06_2025/out_MATLAB/SAV_MATLAB_2000_dt_5.50e-06_Nx_512_neumann_n_relax_425p_phi.csv
MATLAB,SAV,128,neumann,475p,None (10),1200,79.16510873849323,/project/g_bme-janeslab/SarahG/spinodal_decomp_06_2025/out_MATLAB/SAV_MATLAB_2000_dt_5.50e-06_Nx_128_neumann_n_relax_475p_phi.csv
MATLAB,SAV,512,neumann,450p,None (10),1200,440.19888695808163,/project/g_bme-janeslab/SarahG/spinodal_decomp_06_2025/out_MATLAB/SAV_MATLAB_2000_dt_5.50e-06_Nx_512_neumann_n_relax_450p_phi.csv
MATLAB,SAV,256,periodic,475p,None (10),1200,205.9999713923855,/project/g_bme-janeslab/SarahG/spinodal_decomp_06_2025/out_MATLAB/SAV_MATLAB_2000_dt_5.50e-06_Nx_256_periodic_n_relax_475p_phi.csv
MATLAB,NMG,256,periodic,450p,None (10),1200,201.21872233371764,/project/g_bme-janeslab/SarahG/spinodal_decomp_06_2025/out_MATLAB/NMG_MATLAB_2000_dt_5.50e-06_Nx_256_periodic_n_relax_450p_phi.csv
MATLAB,SAV,128,neumann,450p,None (10),1200,85.9751733198283,/project/g_bme-janeslab/SarahG/spinodal_decomp_06_2025/out_MATLAB/SAV_MATLAB_2000_dt_5.50e-06_Nx_128_neumann_n_relax_450p_phi.csv
MATLAB,NMG,64,periodic,475p,None (10),1200,33.07953071639109,/project/g_bme-janeslab/SarahG/spinodal_decomp_06_2025/out_MATLAB/NMG_MATLAB_2000_dt_5.50e-06_Nx_64_periodic_n_relax_475p_phi.csv
MATLAB,NMG,512,periodic,425p,None (10),1200,441.37130615972535,/project/g_bme-janeslab/SarahG/spinodal_decomp_06_2025/out_MATLAB/NMG_MATLAB_2000_dt_5.50e-06_Nx_512_periodic_n_relax_425p_phi.csv
MATLAB,NMG,128,periodic,450p,None (10),1200,87.60511478288848,/project/g_bme-janeslab/SarahG/spinodal_decomp_06_2025/out_MATLAB/NMG_MATLAB_2000_dt_5.50e-06_Nx_128_periodic_n_relax_450p_phi.csv
MATLAB,NMG,128,neumann,475p,None (10),1200,76.11806617475476,/project/g_bme-janeslab/SarahG/spinodal_decomp_06_2025/out_MATLAB/NMG_MATLAB_2000_dt_5.50e-06_Nx_128_neumann_n_relax_475p_phi.csv
MATLAB,NMG,256,periodic,425p,None (10),1200,205.31527217198638,/project/g_bme-janeslab/SarahG/spinodal_decomp_06_2025/out_MATLAB/NMG_MATLAB_2000_dt_5.50e-06_Nx_256_periodic_n_relax_425p_phi.csv
MATLAB,SAV,64,periodic,475p,None (10),1200,33.060034280574136,/project/g_bme-janeslab/SarahG/spinodal_decomp_06_2025/out_MATLAB/SAV_MATLAB_2000_dt_5.50e-06_Nx_64_periodic_n_relax_475p_phi.csv
MATLAB,NMG,512,neumann,475p,None (10),1200,441.4206366177676,/project/g_bme-janeslab/SarahG/spinodal_decomp_06_2025/out_MATLAB/NMG_MATLAB_2000_dt_5.50e-06_Nx_512_neumann_n_relax_475p_phi.csv
MATLAB,NMG,64,periodic,425p,None (10),1200,32.67807724902815,/project/g_bme-janeslab/SarahG/spinodal_decomp_06_2025/out_MATLAB/NMG_MATLAB_2000_dt_5.50e-06_Nx_64_periodic_n_relax_425p_phi.csv
MATLAB,SAV,64,neumann,450p,None (10),1200,0.0,/project/g_bme-janeslab/SarahG/spinodal_decomp_06_2025/out_MATLAB/SAV_MATLAB_2000_dt_5.50e-06_Nx_64_neumann_n_relax_450p_phi.csv
MATLAB,NMG,64,neumann,425p,None (10),1200,0.0,/project/g_bme-janeslab/SarahG/spinodal_decomp_06_2025/out_MATLAB/NMG_MATLAB_2000_dt_5.50e-06_Nx_64_neumann_n_relax_425p_phi.csv
MATLAB,SAV,256,periodic,450p,None (10),1200,0.0,/project/g_bme-janeslab/SarahG/spinodal_decomp_06_2025/out_MATLAB/SAV_MATLAB_2000_dt_5.50e-06_Nx_256_periodic_n_relax_450p_phi.csv
Julia,SAV,512,periodic,50p,1050,1200,118.68524688801378,/project/g_bme-janeslab/SarahG/spinodal_decomp_06_2025/out_julia/SAV_Julia_2000_dt_5.50e-06_Nx_512_periodic_dtout_1050p_phi.csv
Julia,NMG,64,neumann,50p,1075,1200,35.38331845289238,/project/g_bme-janeslab/SarahG/spinodal_decomp_06_2025/out_julia/NMG_Julia_2000_dt_5.50e-06_Nx_64_neumann_dtout_1075p_phi.csv
Julia,NMG,512,periodic,50p,1050,1200,111.30859133186793,/project/g_bme-janeslab/SarahG/spinodal_decomp_06_2025/out_julia/NMG_Julia_2000_dt_5.50e-06_Nx_512_periodic_dtout_1050p_phi.csv
Julia,NMG,64,neumann,50p,1050,1200,17.922521745079777,/project/g_bme-janeslab/SarahG/spinodal_decomp_06_2025/out_julia/NMG_Julia_2000_dt_5.50e-06_Nx_64_neumann_dtout_1050p_phi.csv
Julia,NMG,512,periodic,50p,1075,1200,252.73030579899915,/project/g_bme-janeslab/SarahG/spinodal_decomp_06_2025/out_julia/NMG_Julia_2000_dt_5.50e-06_Nx_512_periodic_dtout_1075p_phi.csv
Julia,SAV,64,periodic,50p,1025,1200,34.37551491539878,/project/g_bme-janeslab/SarahG/spinodal_decomp_06_2025/out_julia/SAV_Julia_2000_dt_5.50e-06_Nx_64_periodic_dtout_1025p_phi.csv
Julia,SAV,256,periodic,50p,1075,1200,124.67139234291673,/project/g_bme-janeslab/SarahG/spinodal_decomp_06_2025/out_julia/SAV_Julia_2000_dt_5.50e-06_Nx_256_periodic_dtout_1075p_phi.csv
Julia,SAV,128,neumann,50p,1050,1200,25.057229045664545,/project/g_bme-janeslab/SarahG/spinodal_decomp_06_2025/out_julia/SAV_Julia_2000_dt_5.50e-06_Nx_128_neumann_dtout_1050p_phi.csv
Julia,NMG,256,periodic,50p,1025,1200,120.87337109569931,/project/g_bme-janeslab/SarahG/spinodal_decomp_06_2025/out_julia/NMG_Julia_2000_dt_5.50e-06_Nx_256_periodic_dtout_1025p_phi.csv
Julia,NMG,256,periodic,50p,1050,1200,31.91008040192578,/project/g_bme-janeslab/SarahG/spinodal_decomp_06_2025/out_julia/NMG_Julia_2000_dt_5.50e-06_Nx_256_periodic_dtout_1050p_phi.csv
Julia,SAV,512,periodic,50p,1025,1200,255.84451724833326,/project/g_bme-janeslab/SarahG/spinodal_decomp_06_2025/out_julia/SAV_Julia_2000_dt_5.50e-06_Nx_512_periodic_dtout_1025p_phi.csv
Julia,NMG,128,periodic,50p,1050,1200,25.217190341859077,/project/g_bme-janeslab/SarahG/spinodal_decomp_06_2025/out_julia/NMG_Julia_2000_dt_5.50e-06_Nx_128_periodic_dtout_1050p_phi.csv
Julia,NMG,512,neumann,50p,1025,1200,256.0576691055103,/project/g_bme-janeslab/SarahG/spinodal_decomp_06_2025/out_julia/NMG_Julia_2000_dt_5.50e-06_Nx_512_neumann_dtout_1025p_phi.csv
Julia,SAV,512,neumann,50p,1050,1200,119.1113775535576,/project/g_bme-janeslab/SarahG/spinodal_decomp_06_2025/out_julia/SAV_Julia_2000_dt_5.50e-06_Nx_512_neumann_dtout_1050p_phi.csv
Julia,SAV,64,neumann,50p,1075,1200,35.15264606435538,/project/g_bme-janeslab/SarahG/spinodal_decomp_06_2025/out_julia/SAV_Julia_2000_dt_5.50e-06_Nx_64_neumann_dtout_1075p_phi.csv
Julia,NMG,128,neumann,50p,1025,1200,65.58458558997661,/project/g_bme-janeslab/SarahG/spinodal_decomp_06_2025/out_julia/NMG_Julia_2000_dt_5.50e-06_Nx_128_neumann_dtout_1025p_phi.csv
Julia,NMG,512,neumann,50p,1075,1200,252.7632083335483,/project/g_bme-janeslab/SarahG/spinodal_decomp_06_2025/out_julia/NMG_Julia_2000_dt_5.50e-06_Nx_512_neumann_dtout_1075p_phi.csv
Julia,SAV,64,neumann,50p,1050,1200,17.21348886666987,/project/g_bme-janeslab/SarahG/spinodal_decomp_06_2025/out_julia/SAV_Julia_2000_dt_5.50e-06_Nx_64_neumann_dtout_1050p_phi.csv
Julia,NMG,64,periodic,50p,1050,1200,17.457656360709947,/project/g_bme-janeslab/SarahG/spinodal_decomp_06_2025/out_julia/NMG_Julia_2000_dt_5.50e-06_Nx_64_periodic_dtout_1050p_phi.csv
Julia,SAV,64,neumann,50p,1025,1200,34.58533151825136,/project/g_bme-janeslab/SarahG/spinodal_decomp_06_2025/out_julia/SAV_Julia_2000_dt_5.50e-06_Nx_64_neumann_dtout_1025p_phi.csv
Julia,SAV,64,periodic,50p,1050,1200,16.73983329126285,/project/g_bme-janeslab/SarahG/spinodal_decomp_06_2025/out_julia/SAV_Julia_2000_dt_5.50e-06_Nx_64_periodic_dtout_1050p_phi.csv
Julia,NMG,128,neumann,50p,1050,1200,25.77768321681614,/project/g_bme-janeslab/SarahG/spinodal_decomp_06_2025/out_julia/NMG_Julia_2000_dt_5.50e-06_Nx_128_neumann_dtout_1050p_phi.csv
Julia,NMG,512,periodic,50p,1025,1200,255.99371604345694,/project/g_bme-janeslab/SarahG/spinodal_decomp_06_2025/out_julia/NMG_Julia_2000_dt_5.50e-06_Nx_512_periodic_dtout_1025p_phi.csv
Julia,SAV,128,neumann,50p,1075,1200,66.52137234830411,/project/g_bme-janeslab/SarahG/spinodal_decomp_06_2025/out_julia/SAV_Julia_2000_dt_5.50e-06_Nx_128_neumann_dtout_1075p_phi.csv
Julia,NMG,64,periodic,50p,1025,1200,34.62142362274811,/project/g_bme-janeslab/SarahG/spinodal_decomp_06_2025/out_julia/NMG_Julia_2000_dt_5.50e-06_Nx_64_periodic_dtout_1025p_phi.csv
Julia,NMG,256,neumann,50p,1025,1200,120.88932461065232,/project/g_bme-janeslab/SarahG/spinodal_decomp_06_2025/out_julia/NMG_Julia_2000_dt_5.50e-06_Nx_256_neumann_dtout_1025p_phi.csv
Julia,NMG,128,periodic,50p,1025,1200,65.5207658487935,/project/g_bme-janeslab/SarahG/spinodal_decomp_06_2025/out_julia/NMG_Julia_2000_dt_5.50e-06_Nx_128_periodic_dtout_1025p_phi.csv
Julia,NMG,64,periodic,50p,1075,1200,35.1482782476766,/project/g_bme-janeslab/SarahG/spinodal_decomp_06_2025/out_julia/NMG_Julia_2000_dt_5.50e-06_Nx_64_periodic_dtout_1075p_phi.csv
Julia,SAV,512,periodic,50p,1075,1200,252.67250082239713,/project/g_bme-janeslab/SarahG/spinodal_decomp_06_2025/out_julia/SAV_Julia_2000_dt_5.50e-06_Nx_512_periodic_dtout_1075p_phi.csv
Julia,NMG,256,neumann,50p,1075,1200,124.84257954454696,/project/g_bme-janeslab/SarahG/spinodal_decomp_06_2025/out_julia/NMG_Julia_2000_dt_5.50e-06_Nx_256_neumann_dtout_1075p_phi.csv
Julia,SAV,256,periodic,50p,1050,1200,31.88023641265835,/project/g_bme-janeslab/SarahG/spinodal_decomp_06_2025/out_julia/SAV_Julia_2000_dt_5.50e-06_Nx_256_periodic_dtout_1050p_phi.csv
Julia,NMG,256,neumann,50p,1050,1200,31.910037131097372,/project/g_bme-janeslab/SarahG/spinodal_decomp_06_2025/out_julia/NMG_Julia_2000_dt_5.50e-06_Nx_256_neumann_dtout_1050p_phi.csv
Julia,SAV,128,periodic,50p,1050,1200,24.465020780400557,/project/g_bme-janeslab/SarahG/spinodal_decomp_06_2025/out_julia/SAV_Julia_2000_dt_5.50e-06_Nx_128_periodic_dtout_1050p_phi.csv
Julia,NMG,64,neumann,50p,1025,1200,34.83395817801124,/project/g_bme-janeslab/SarahG/spinodal_decomp_06_2025/out_julia/NMG_Julia_2000_dt_5.50e-06_Nx_64_neumann_dtout_1025p_phi.csv
Julia,SAV,256,neumann,50p,1025,1200,120.85571338500537,/project/g_bme-janeslab/SarahG/spinodal_decomp_06_2025/out_julia/SAV_Julia_2000_dt_5.50e-06_Nx_256_neumann_dtout_1025p_phi.csv
Julia,SAV,256,periodic,50p,1025,1200,120.83867365182485,/project/g_bme-janeslab/SarahG/spinodal_decomp_06_2025/out_julia/SAV_Julia_2000_dt_5.50e-06_Nx_256_periodic_dtout_1025p_phi.csv
Julia,SAV,128,periodic,50p,1075,1200,66.38951106135147,/project/g_bme-janeslab/SarahG/spinodal_decomp_06_2025/out_julia/SAV_Julia_2000_dt_5.50e-06_Nx_128_periodic_dtout_1075p_phi.csv
Julia,SAV,512,neumann,50p,1025,1200,255.9119014676698,/project/g_bme-janeslab/SarahG/spinodal_decomp_06_2025/out_julia/SAV_Julia_2000_dt_5.50e-06_Nx_512_neumann_dtout_1025p_phi.csv
Julia,NMG,256,periodic,50p,1075,1200,124.76286229884737,/project/g_bme-janeslab/SarahG/spinodal_decomp_06_2025/out_julia/NMG_Julia_2000_dt_5.50e-06_Nx_256_periodic_dtout_1075p_phi.csv
Julia,SAV,512,neumann,50p,1075,1200,252.70752032186581,/project/g_bme-janeslab/SarahG/spinodal_decomp_06_2025/out_julia/SAV_Julia_2000_dt_5.50e-06_Nx_512_neumann_dtout_1075p_phi.csv
Julia,SAV,256,neumann,50p,1075,1200,124.75144105702101,/project/g_bme-janeslab/SarahG/spinodal_decomp_06_2025/out_julia/SAV_Julia_2000_dt_5.50e-06_Nx_256_neumann_dtout_1075p_phi.csv
Julia,SAV,128,neumann,50p,1025,1200,65.47248748190856,/project/g_bme-janeslab/SarahG/spinodal_decomp_06_2025/out_julia/SAV_Julia_2000_dt_5.50e-06_Nx_128_neumann_dtout_1025p_phi.csv
Julia,NMG,128,neumann,50p,1075,1200,66.67451448522488,/project/g_bme-janeslab/SarahG/spinodal_decomp_06_2025/out_julia/NMG_Julia_2000_dt_5.50e-06_Nx_128_neumann_dtout_1075p_phi.csv
Julia,SAV,64,periodic,50p,1075,1200,34.92012129404634,/project/g_bme-janeslab/SarahG/spinodal_decomp_06_2025/out_julia/SAV_Julia_2000_dt_5.50e-06_Nx_64_periodic_dtout_1075p_phi.csv
Julia,NMG,512,neumann,50p,1050,1200,111.70104326304465,/project/g_bme-janeslab/SarahG/spinodal_decomp_06_2025/out_julia/NMG_Julia_2000_dt_5.50e-06_Nx_512_neumann_dtout_1050p_phi.csv
Julia,SAV,256,neumann,50p,1050,1200,31.87765139571898,/project/g_bme-janeslab/SarahG/spinodal_decomp_06_2025/out_julia/SAV_Julia_2000_dt_5.50e-06_Nx_256_neumann_dtout_1050p_phi.csv
Julia,NMG,128,periodic,50p,1075,1200,66.53962221492277,/project/g_bme-janeslab/SarahG/spinodal_decomp_06_2025/out_julia/NMG_Julia_2000_dt_5.50e-06_Nx_128_periodic_dtout_1075p_phi.csv
Julia,SAV,128,periodic,50p,1025,1200,65.40875120054517,/project/g_bme-janeslab/SarahG/spinodal_decomp_06_2025/out_julia/SAV_Julia_2000_dt_5.50e-06_Nx_128_periodic_dtout_1025p_phi.csv
Python,NMG,128,neumann,50p,125,1200,65.6933644321061,/project/g_bme-janeslab/SarahG/spinodal_decomp_06_2025/out_python/NMG_Python_20_dt_5.50e-06_Nx_128_neumann_dtout_125pphi.csv
Python,NMG,64,periodic,50p,175,1200,35.82812228363974,/project/g_bme-janeslab/SarahG/spinodal_decomp_06_2025/out_python/NMG_Python_20_dt_5.50e-06_Nx_64_periodic_dtout_175pphi.csv
Python,NMG,256,periodic,50p,150,1200,30.450614458045596,/project/g_bme-janeslab/SarahG/spinodal_decomp_06_2025/out_python/NMG_Python_20_dt_5.50e-06_Nx_256_periodic_dtout_150pphi.csv
Python,NMG,128,neumann,50p,175,1200,67.24698707939335,/project/g_bme-janeslab/SarahG/spinodal_decomp_06_2025/out_python/NMG_Python_20_dt_5.50e-06_Nx_128_neumann_dtout_175pphi.csv
Python,NMG,64,neumann,50p,150,1200,19.049630571192356,/project/g_bme-janeslab/SarahG/spinodal_decomp_06_2025/out_python/NMG_Python_20_dt_5.50e-06_Nx_64_neumann_dtout_150pphi.csv
Python,NMG,256,neumann,50p,150,1200,30.485026517989823,/project/g_bme-janeslab/SarahG/spinodal_decomp_06_2025/out_python/NMG_Python_20_dt_5.50e-06_Nx_256_neumann_dtout_150pphi.csv
Python,NMG,512,neumann,50p,125,1200,256.0436681348223,/project/g_bme-janeslab/SarahG/spinodal_decomp_06_2025/out_python/NMG_Python_20_dt_5.50e-06_Nx_512_neumann_dtout_125pphi.csv
Python,NMG,256,neumann,50p,175,1200,125.09783847165914,/project/g_bme-janeslab/SarahG/spinodal_decomp_06_2025/out_python/NMG_Python_20_dt_5.50e-06_Nx_256_neumann_dtout_175pphi.csv
Python,NMG,128,periodic,50p,150,1200,26.25544112121279,/project/g_bme-janeslab/SarahG/spinodal_decomp_06_2025/out_python/NMG_Python_20_dt_5.50e-06_Nx_128_periodic_dtout_150pphi.csv
Python,NMG,256,neumann,50p,125,1200,120.915131352565,/project/g_bme-janeslab/SarahG/spinodal_decomp_06_2025/out_python/NMG_Python_20_dt_5.50e-06_Nx_256_neumann_dtout_125pphi.csv
Python,NMG,64,neumann,50p,175,1200,36.07402301354164,/project/g_bme-janeslab/SarahG/spinodal_decomp_06_2025/out_python/NMG_Python_20_dt_5.50e-06_Nx_64_neumann_dtout_175pphi.csv
Python,NMG,256,periodic,50p,125,1200,120.89655723052118,/project/g_bme-janeslab/SarahG/spinodal_decomp_06_2025/out_python/NMG_Python_20_dt_5.50e-06_Nx_256_periodic_dtout_125pphi.csv
Python,NMG,512,periodic,50p,150,1200,91.18180257697092,/project/g_bme-janeslab/SarahG/spinodal_decomp_06_2025/out_python/NMG_Python_20_dt_5.50e-06_Nx_512_periodic_dtout_150pphi.csv
Python,NMG,64,neumann,50p,125,1200,35.04673044805372,/project/g_bme-janeslab/SarahG/spinodal_decomp_06_2025/out_python/NMG_Python_20_dt_5.50e-06_Nx_64_neumann_dtout_125pphi.csv
Python,NMG,512,periodic,50p,125,1200,255.98494865245362,/project/g_bme-janeslab/SarahG/spinodal_decomp_06_2025/out_python/NMG_Python_20_dt_5.50e-06_Nx_512_periodic_dtout_125pphi.csv
Python,NMG,128,periodic,50p,175,1200,67.09834448754707,/project/g_bme-janeslab/SarahG/spinodal_decomp_06_2025/out_python/NMG_Python_20_dt_5.50e-06_Nx_128_periodic_dtout_175pphi.csv
Python,NMG,512,periodic,50p,175,1200,252.7234720871826,/project/g_bme-janeslab/SarahG/spinodal_decomp_06_2025/out_python/NMG_Python_20_dt_5.50e-06_Nx_512_periodic_dtout_175pphi.csv
Python,NMG,128,neumann,50p,150,1200,26.798700069896928,/project/g_bme-janeslab/SarahG/spinodal_decomp_06_2025/out_python/NMG_Python_20_dt_5.50e-06_Nx_128_neumann_dtout_150pphi.csv
Python,NMG,512,neumann,50p,175,1200,252.74638282086565,/project/g_bme-janeslab/SarahG/spinodal_decomp_06_2025/out_python/NMG_Python_20_dt_5.50e-06_Nx_512_neumann_dtout_175pphi.csv
Python,NMG,512,neumann,50p,150,1200,91.65129058007835,/project/g_bme-janeslab/SarahG/spinodal_decomp_06_2025/out_python/NMG_Python_20_dt_5.50e-06_Nx_512_neumann_dtout_150pphi.csv
Python,NMG,64,periodic,50p,125,1200,34.84083709567455,/project/g_bme-janeslab/SarahG/spinodal_decomp_06_2025/out_python/NMG_Python_20_dt_5.50e-06_Nx_64_periodic_dtout_125pphi.csv
Python,NMG,256,periodic,50p,175,1200,125.01467164194082,/project/g_bme-janeslab/SarahG/spinodal_decomp_06_2025/out_python/NMG_Python_20_dt_5.50e-06_Nx_256_periodic_dtout_175pphi.csv
Python,NMG,64,periodic,50p,150,1200,18.56095182372653,/project/g_bme-janeslab/SarahG/spinodal_decomp_06_2025/out_python/NMG_Python_20_dt_5.50e-06_Nx_64_periodic_dtout_150pphi.csv
Python,NMG,128,periodic,50p,125,1200,65.63874914515387,/project/g_bme-janeslab/SarahG/spinodal_decomp_06_2025/out_python/NMG_Python_20_dt_5.50e-06_Nx_128_periodic_dtout_125pphi.csv
MATLAB,SAV,64,periodic,450p,None (10),1240,34.15762308865752,/project/g_bme-janeslab/SarahG/spinodal_decomp_06_2025/out_MATLAB/SAV_MATLAB_2000_dt_5.50e-06_Nx_64_periodic_n_relax_450p_phi.csv
MATLAB,NMG,512,periodic,475p,None (10),1240,441.295149145044,/project/g_bme-janeslab/SarahG/spinodal_decomp_06_2025/out_MATLAB/NMG_MATLAB_2000_dt_5.50e-06_Nx_512_periodic_n_relax_475p_phi.csv
MATLAB,NMG,512,neumann,450p,None (10),1240,440.60936856454424,/project/g_bme-janeslab/SarahG/spinodal_decomp_06_2025/out_MATLAB/NMG_MATLAB_2000_dt_5.50e-06_Nx_512_neumann_n_relax_450p_phi.csv
MATLAB,SAV,256,neumann,450p,None (10),1240,200.59013247462988,/project/g_bme-janeslab/SarahG/spinodal_decomp_06_2025/out_MATLAB/SAV_MATLAB_2000_dt_5.50e-06_Nx_256_neumann_n_relax_450p_phi.csv
MATLAB,SAV,64,neumann,475p,None (10),1240,33.94776831064553,/project/g_bme-janeslab/SarahG/spinodal_decomp_06_2025/out_MATLAB/SAV_MATLAB_2000_dt_5.50e-06_Nx_64_neumann_n_relax_475p_phi.csv
MATLAB,NMG,256,periodic,475p,None (10),1240,206.60311973830417,/project/g_bme-janeslab/SarahG/spinodal_decomp_06_2025/out_MATLAB/NMG_MATLAB_2000_dt_5.50e-06_Nx_256_periodic_n_relax_475p_phi.csv
MATLAB,NMG,128,neumann,425p,None (10),1240,0.0,/project/g_bme-janeslab/SarahG/spinodal_decomp_06_2025/out_MATLAB/NMG_MATLAB_2000_dt_5.50e-06_Nx_128_neumann_n_relax_425p_phi.csv
MATLAB,SAV,256,periodic,425p,None (10),1240,0.0,/project/g_bme-janeslab/SarahG/spinodal_decomp_06_2025/out_MATLAB/SAV_MATLAB_2000_dt_5.50e-06_Nx_256_periodic_n_relax_425p_phi.csv
MATLAB,NMG,128,periodic,475p,None (10),1240,72.8705269984054,/project/g_bme-janeslab/SarahG/spinodal_decomp_06_2025/out_MATLAB/NMG_MATLAB_2000_dt_5.50e-06_Nx_128_periodic_n_relax_475p_phi.csv
MATLAB,SAV,128,periodic,450p,None (10),1240,87.46241410701435,/project/g_bme-janeslab/SarahG/spinodal_decomp_06_2025/out_MATLAB/SAV_MATLAB_2000_dt_5.50e-06_Nx_128_periodic_n_relax_450p_phi.csv
MATLAB,NMG,128,neumann,450p,None (10),1240,85.23915705896465,/project/g_bme-janeslab/SarahG/spinodal_decomp_06_2025/out_MATLAB/NMG_MATLAB_2000_dt_5.50e-06_Nx_128_neumann_n_relax_450p_phi.csv
MATLAB,SAV,256,neumann,425p,None (10),1240,205.16538345951076,/project/g_bme-janeslab/SarahG/spinodal_decomp_06_2025/out_MATLAB/SAV_MATLAB_2000_dt_5.50e-06_Nx_256_neumann_n_relax_425p_phi.csv
MATLAB,SAV,512,periodic,450p,None (10),1240,0.0,/project/g_bme-janeslab/SarahG/spinodal_decomp_06_2025/out_MATLAB/SAV_MATLAB_2000_dt_5.50e-06_Nx_512_periodic_n_relax_450p_phi.csv
MATLAB,SAV,128,periodic,425p,None (10),1240,0.0,/project/g_bme-janeslab/SarahG/spinodal_decomp_06_2025/out_MATLAB/SAV_MATLAB_2000_dt_5.50e-06_Nx_128_periodic_n_relax_425p_phi.csv
MATLAB,NMG,512,neumann,425p,None (10),1240,440.94769363847087,/project/g_bme-janeslab/SarahG/spinodal_decomp_06_2025/out_MATLAB/NMG_MATLAB_2000_dt_5.50e-06_Nx_512_neumann_n_relax_425p_phi.csv
MATLAB,NMG,64,neumann,450p,None (10),1240,0.0,/project/g_bme-janeslab/SarahG/spinodal_decomp_06_2025/out_MATLAB/NMG_MATLAB_2000_dt_5.50e-06_Nx_64_neumann_n_relax_450p_phi.csv
MATLAB,NMG,64,periodic,450p,None (10),1240,26.012604808541326,/project/g_bme-janeslab/SarahG/spinodal_decomp_06_2025/out_MATLAB/NMG_MATLAB_2000_dt_5.50e-06_Nx_64_periodic_n_relax_450p_phi.csv
MATLAB,NMG,256,neumann,425p,None (10),1240,206.05847107584327,/project/g_bme-janeslab/SarahG/spinodal_decomp_06_2025/out_MATLAB/NMG_MATLAB_2000_dt_5.50e-06_Nx_256_neumann_n_relax_425p_phi.csv
MATLAB,SAV,64,neumann,425p,None (10),1240,0.0,/project/g_bme-janeslab/SarahG/spinodal_decomp_06_2025/out_MATLAB/SAV_MATLAB_2000_dt_5.50e-06_Nx_64_neumann_n_relax_425p_phi.csv
MATLAB,SAV,128,neumann,425p,None (10),1240,0.0,/project/g_bme-janeslab/SarahG/spinodal_decomp_06_2025/out_MATLAB/SAV_MATLAB_2000_dt_5.50e-06_Nx_128_neumann_n_relax_425p_phi.csv
MATLAB,NMG,128,periodic,425p,None (10),1240,75.63507443359624,/project/g_bme-janeslab/SarahG/spinodal_decomp_06_2025/out_MATLAB/NMG_MATLAB_2000_dt_5.50e-06_Nx_128_periodic_n_relax_425p_phi.csv
MATLAB,SAV,512,periodic,475p,None (10),1240,444.4809947140438,/project/g_bme-janeslab/SarahG/spinodal_decomp_06_2025/out_MATLAB/SAV_MATLAB_2000_dt_5.50e-06_Nx_512_periodic_n_relax_475p_phi.csv
MATLAB,SAV,512,neumann,475p,None (10),1240,446.92036687594276,/project/g_bme-janeslab/SarahG/spinodal_decomp_06_2025/out_MATLAB/SAV_MATLAB_2000_dt_5.50e-06_Nx_512_neumann_n_relax_475p_phi.csv
MATLAB,NMG,256,neumann,475p,None (10),1240,205.82451584882762,/project/g_bme-janeslab/SarahG/spinodal_decomp_06_2025/out_MATLAB/NMG_MATLAB_2000_dt_5.50e-06_Nx_256_neumann_n_relax_475p_phi.csv
MATLAB,NMG,256,neumann,450p,None (10),1240,200.8132580942522,/project/g_bme-janeslab/SarahG/spinodal_decomp_06_2025/out_MATLAB/NMG_MATLAB_2000_dt_5.50e-06_Nx_256_neumann_n_relax_450p_phi.csv
MATLAB,SAV,512,periodic,425p,None (10),1240,446.8085461271175,/project/g_bme-janeslab/SarahG/spinodal_decomp_06_2025/out_MATLAB/SAV_MATLAB_2000_dt_5.50e-06_Nx_512_periodic_n_relax_425p_phi.csv
MATLAB,NMG,64,neumann,475p,None (10),1240,33.97714141906892,/project/g_bme-janeslab/SarahG/spinodal_decomp_06_2025/out_MATLAB/NMG_MATLAB_2000_dt_5.50e-06_Nx_64_neumann_n_relax_475p_phi.csv
MATLAB,SAV,128,periodic,475p,None (10),1240,73.26391620823911,/project/g_bme-janeslab/SarahG/spinodal_decomp_06_2025/out_MATLAB/SAV_MATLAB_2000_dt_5.50e-06_Nx_128_periodic_n_relax_475p_phi.csv
MATLAB,SAV,256,neumann,475p,None (10),1240,205.38771042632948,/project/g_bme-janeslab/SarahG/spinodal_decomp_06_2025/out_MATLAB/SAV_MATLAB_2000_dt_5.50e-06_Nx_256_neumann_n_relax_475p_phi.csv
MATLAB,NMG,512,periodic,450p,None (10),1240,440.39763113370475,/project/g_bme-janeslab/SarahG/spinodal_decomp_06_2025/out_MATLAB/NMG_MATLAB_2000_dt_5.50e-06_Nx_512_periodic_n_relax_450p_phi.csv
MATLAB,SAV,64,periodic,425p,None (10),1240,0.0,/project/g_bme-janeslab/SarahG/spinodal_decomp_06_2025/out_MATLAB/SAV_MATLAB_2000_dt_5.50e-06_Nx_64_periodic_n_relax_425p_phi.csv
MATLAB,SAV,512,neumann,425p,None (10),1240,445.19871343307904,/project/g_bme-janeslab/SarahG/spinodal_decomp_06_2025/out_MATLAB/SAV_MATLAB_2000_dt_5.50e-06_Nx_512_neumann_n_relax_425p_phi.csv
MATLAB,SAV,128,neumann,475p,None (10),1240,79.86711354447003,/project/g_bme-janeslab/SarahG/spinodal_decomp_06_2025/out_MATLAB/SAV_MATLAB_2000_dt_5.50e-06_Nx_128_neumann_n_relax_475p_phi.csv
MATLAB,SAV,512,neumann,450p,None (10),1240,441.2146241749593,/project/g_bme-janeslab/SarahG/spinodal_decomp_06_2025/out_MATLAB/SAV_MATLAB_2000_dt_5.50e-06_Nx_512_neumann_n_relax_450p_phi.csv
MATLAB,SAV,256,periodic,475p,None (10),1240,206.3129392497333,/project/g_bme-janeslab/SarahG/spinodal_decomp_06_2025/out_MATLAB/SAV_MATLAB_2000_dt_5.50e-06_Nx_256_periodic_n_relax_475p_phi.csv
MATLAB,NMG,256,periodic,450p,None (10),1240,201.82505090417138,/project/g_bme-janeslab/SarahG/spinodal_decomp_06_2025/out_MATLAB/NMG_MATLAB_2000_dt_5.50e-06_Nx_256_periodic_n_relax_450p_phi.csv
MATLAB,SAV,128,neumann,450p,None (10),1240,86.30985315023435,/project/g_bme-janeslab/SarahG/spinodal_decomp_06_2025/out_MATLAB/SAV_MATLAB_2000_dt_5.50e-06_Nx_128_neumann_n_relax_450p_phi.csv
MATLAB,NMG,64,periodic,475p,None (10),1240,33.09678068010071,/project/g_bme-janeslab/SarahG/spinodal_decomp_06_2025/out_MATLAB/NMG_MATLAB_2000_dt_5.50e-06_Nx_64_periodic_n_relax_475p_phi.csv
MATLAB,NMG,512,periodic,425p,None (10),1240,442.1529063689476,/project/g_bme-janeslab/SarahG/spinodal_decomp_06_2025/out_MATLAB/NMG_MATLAB_2000_dt_5.50e-06_Nx_512_periodic_n_relax_425p_phi.csv
MATLAB,NMG,128,periodic,450p,None (10),1240,87.92635509663204,/project/g_bme-janeslab/SarahG/spinodal_decomp_06_2025/out_MATLAB/NMG_MATLAB_2000_dt_5.50e-06_Nx_128_periodic_n_relax_450p_phi.csv
MATLAB,NMG,128,neumann,475p,None (10),1240,76.81345788086632,/project/g_bme-janeslab/SarahG/spinodal_decomp_06_2025/out_MATLAB/NMG_MATLAB_2000_dt_5.50e-06_Nx_128_neumann_n_relax_475p_phi.csv
MATLAB,NMG,256,periodic,425p,None (10),1240,205.760899648298,/project/g_bme-janeslab/SarahG/spinodal_decomp_06_2025/out_MATLAB/NMG_MATLAB_2000_dt_5.50e-06_Nx_256_periodic_n_relax_425p_phi.csv
MATLAB,SAV,64,periodic,475p,None (10),1240,33.07659558485365,/project/g_bme-janeslab/SarahG/spinodal_decomp_06_2025/out_MATLAB/SAV_MATLAB_2000_dt_5.50e-06_Nx_64_periodic_n_relax_475p_phi.csv
MATLAB,NMG,512,neumann,475p,None (10),1240,441.83861587109067,/project/g_bme-janeslab/SarahG/spinodal_decomp_06_2025/out_MATLAB/NMG_MATLAB_2000_dt_5.50e-06_Nx_512_neumann_n_relax_475p_phi.csv
MATLAB,NMG,64,periodic,425p,None (10),1240,32.68431032131932,/project/g_bme-janeslab/SarahG/spinodal_decomp_06_2025/out_MATLAB/NMG_MATLAB_2000_dt_5.50e-06_Nx_64_periodic_n_relax_425p_phi.csv
MATLAB,SAV,64,neumann,450p,None (10),1240,0.0,/project/g_bme-janeslab/SarahG/spinodal_decomp_06_2025/out_MATLAB/SAV_MATLAB_2000_dt_5.50e-06_Nx_64_neumann_n_relax_450p_phi.csv
MATLAB,NMG,64,neumann,425p,None (10),1240,0.0,/project/g_bme-janeslab/SarahG/spinodal_decomp_06_2025/out_MATLAB/NMG_MATLAB_2000_dt_5.50e-06_Nx_64_neumann_n_relax_425p_phi.csv
MATLAB,SAV,256,periodic,450p,None (10),1240,0.0,/project/g_bme-janeslab/SarahG/spinodal_decomp_06_2025/out_MATLAB/SAV_MATLAB_2000_dt_5.50e-06_Nx_256_periodic_n_relax_450p_phi.csv
Julia,SAV,512,periodic,50p,1050,1240,121.67625675787752,/project/g_bme-janeslab/SarahG/spinodal_decomp_06_2025/out_julia/SAV_Julia_2000_dt_5.50e-06_Nx_512_periodic_dtout_1050p_phi.csv
Julia,NMG,64,neumann,50p,1075,1240,35.365197015588784,/project/g_bme-janeslab/SarahG/spinodal_decomp_06_2025/out_julia/NMG_Julia_2000_dt_5.50e-06_Nx_64_neumann_dtout_1075p_phi.csv
Julia,NMG,512,periodic,50p,1050,1240,113.80460342997192,/project/g_bme-janeslab/SarahG/spinodal_decomp_06_2025/out_julia/NMG_Julia_2000_dt_5.50e-06_Nx_512_periodic_dtout_1050p_phi.csv
Julia,NMG,64,neumann,50p,1050,1240,17.83657021345959,/project/g_bme-janeslab/SarahG/spinodal_decomp_06_2025/out_julia/NMG_Julia_2000_dt_5.50e-06_Nx_64_neumann_dtout_1050p_phi.csv
Julia,NMG,512,periodic,50p,1075,1240,252.72700403156182,/project/g_bme-janeslab/SarahG/spinodal_decomp_06_2025/out_julia/NMG_Julia_2000_dt_5.50e-06_Nx_512_periodic_dtout_1075p_phi.csv
Julia,SAV,64,periodic,50p,1025,1240,34.353639175069276,/project/g_bme-janeslab/SarahG/spinodal_decomp_06_2025/out_julia/SAV_Julia_2000_dt_5.50e-06_Nx_64_periodic_dtout_1025p_phi.csv
Julia,SAV,256,periodic,50p,1075,1240,124.65343071799931,/project/g_bme-janeslab/SarahG/spinodal_decomp_06_2025/out_julia/SAV_Julia_2000_dt_5.50e-06_Nx_256_periodic_dtout_1075p_phi.csv
Julia,SAV,128,neumann,50p,1050,1240,25.00456767128731,/project/g_bme-janeslab/SarahG/spinodal_decomp_06_2025/out_julia/SAV_Julia_2000_dt_5.50e-06_Nx_128_neumann_dtout_1050p_phi.csv
Julia,NMG,256,periodic,50p,1025,1240,120.86954448037254,/project/g_bme-janeslab/SarahG/spinodal_decomp_06_2025/out_julia/NMG_Julia_2000_dt_5.50e-06_Nx_256_periodic_dtout_1025p_phi.csv
Julia,NMG,256,periodic,50p,1050,1240,32.12061037329537,/project/g_bme-janeslab/SarahG/spinodal_decomp_06_2025/out_julia/NMG_Julia_2000_dt_5.50e-06_Nx_256_periodic_dtout_1050p_phi.csv
Julia,SAV,512,periodic,50p,1025,1240,255.87155081627682,/project/g_bme-janeslab/SarahG/spinodal_decomp_06_2025/out_julia/SAV_Julia_2000_dt_5.50e-06_Nx_512_periodic_dtout_1025p_phi.csv
Julia,NMG,128,periodic,50p,1050,1240,25.151521080733332,/project/g_bme-janeslab/SarahG/spinodal_decomp_06_2025/out_julia/NMG_Julia_2000_dt_5.50e-06_Nx_128_periodic_dtout_1050p_phi.csv
Julia,NMG,512,neumann,50p,1025,1240,256.0744729060162,/project/g_bme-janeslab/SarahG/spinodal_decomp_06_2025/out_julia/NMG_Julia_2000_dt_5.50e-06_Nx_512_neumann_dtout_1025p_phi.csv
Julia,SAV,512,neumann,50p,1050,1240,122.123032467731,/project/g_bme-janeslab/SarahG/spinodal_decomp_06_2025/out_julia/SAV_Julia_2000_dt_5.50e-06_Nx_512_neumann_dtout_1050p_phi.csv
Julia,SAV,64,neumann,50p,1075,1240,35.1327033623544,/project/g_bme-janeslab/SarahG/spinodal_decomp_06_2025/out_julia/SAV_Julia_2000_dt_5.50e-06_Nx_64_neumann_dtout_1075p_phi.csv
Julia,NMG,128,neumann,50p,1025,1240,65.57011294277585,/project/g_bme-janeslab/SarahG/spinodal_decomp_06_2025/out_julia/NMG_Julia_2000_dt_5.50e-06_Nx_128_neumann_dtout_1025p_phi.csv
Julia,NMG,512,neumann,50p,1075,1240,252.75982467680257,/project/g_bme-janeslab/SarahG/spinodal_decomp_06_2025/out_julia/NMG_Julia_2000_dt_5.50e-06_Nx_512_neumann_dtout_1075p_phi.csv
Julia,SAV,64,neumann,50p,1050,1240,17.143368439936705,/project/g_bme-janeslab/SarahG/spinodal_decomp_06_2025/out_julia/SAV_Julia_2000_dt_5.50e-06_Nx_64_neumann_dtout_1050p_phi.csv
Julia,NMG,64,periodic,50p,1050,1240,17.370223373091914,/project/g_bme-janeslab/SarahG/spinodal_decomp_06_2025/out_julia/NMG_Julia_2000_dt_5.50e-06_Nx_64_periodic_dtout_1050p_phi.csv
Julia,SAV,64,neumann,50p,1025,1240,34.567783219006614,/project/g_bme-janeslab/SarahG/spinodal_decomp_06_2025/out_julia/SAV_Julia_2000_dt_5.50e-06_Nx_64_neumann_dtout_1025p_phi.csv
Julia,SAV,64,periodic,50p,1050,1240,16.666725831670167,/project/g_bme-janeslab/SarahG/spinodal_decomp_06_2025/out_julia/SAV_Julia_2000_dt_5.50e-06_Nx_64_periodic_dtout_1050p_phi.csv
Julia,NMG,128,neumann,50p,1050,1240,25.711403017944175,/project/g_bme-janeslab/SarahG/spinodal_decomp_06_2025/out_julia/NMG_Julia_2000_dt_5.50e-06_Nx_128_neumann_dtout_1050p_phi.csv
Julia,NMG,512,periodic,50p,1025,1240,256.01045676796133,/project/g_bme-janeslab/SarahG/spinodal_decomp_06_2025/out_julia/NMG_Julia_2000_dt_5.50e-06_Nx_512_periodic_dtout_1025p_phi.csv
Julia,SAV,128,neumann,50p,1075,1240,66.48902021210648,/project/g_bme-janeslab/SarahG/spinodal_decomp_06_2025/out_julia/SAV_Julia_2000_dt_5.50e-06_Nx_128_neumann_dtout_1075p_phi.csv
Julia,NMG,64,periodic,50p,1025,1240,34.58075572681125,/project/g_bme-janeslab/SarahG/spinodal_decomp_06_2025/out_julia/NMG_Julia_2000_dt_5.50e-06_Nx_64_periodic_dtout_1025p_phi.csv
Julia,NMG,256,neumann,50p,1025,1240,120.88600107809484,/project/g_bme-janeslab/SarahG/spinodal_decomp_06_2025/out_julia/NMG_Julia_2000_dt_5.50e-06_Nx_256_neumann_dtout_1025p_phi.csv
Julia,NMG,128,periodic,50p,1025,1240,65.50602376000603,/project/g_bme-janeslab/SarahG/spinodal_decomp_06_2025/out_julia/NMG_Julia_2000_dt_5.50e-06_Nx_128_periodic_dtout_1025p_phi.csv
Julia,NMG,64,periodic,50p,1075,1240,35.12941996007444,/project/g_bme-janeslab/SarahG/spinodal_decomp_06_2025/out_julia/NMG_Julia_2000_dt_5.50e-06_Nx_64_periodic_dtout_1075p_phi.csv
Julia,SAV,512,periodic,50p,1075,1240,252.67562146219976,/project/g_bme-janeslab/SarahG/spinodal_decomp_06_2025/out_julia/SAV_Julia_2000_dt_5.50e-06_Nx_512_periodic_dtout_1075p_phi.csv
Julia,NMG,256,neumann,50p,1075,1240,124.82322560999108,/project/g_bme-janeslab/SarahG/spinodal_decomp_06_2025/out_julia/NMG_Julia_2000_dt_5.50e-06_Nx_256_neumann_dtout_1075p_phi.csv
Julia,SAV,256,periodic,50p,1050,1240,32.10231308130715,/project/g_bme-janeslab/SarahG/spinodal_decomp_06_2025/out_julia/SAV_Julia_2000_dt_5.50e-06_Nx_256_periodic_dtout_1050p_phi.csv
Julia,NMG,256,neumann,50p,1050,1240,32.12108924195575,/project/g_bme-janeslab/SarahG/spinodal_decomp_06_2025/out_julia/NMG_Julia_2000_dt_5.50e-06_Nx_256_neumann_dtout_1050p_phi.csv
Julia,SAV,128,periodic,50p,1050,1240,24.41387030493286,/project/g_bme-janeslab/SarahG/spinodal_decomp_06_2025/out_julia/SAV_Julia_2000_dt_5.50e-06_Nx_128_periodic_dtout_1050p_phi.csv
Julia,NMG,64,neumann,50p,1025,1240,34.79721449045799,/project/g_bme-janeslab/SarahG/spinodal_decomp_06_2025/out_julia/NMG_Julia_2000_dt_5.50e-06_Nx_64_neumann_dtout_1025p_phi.csv
Julia,SAV,256,neumann,50p,1025,1240,120.85272288329696,/project/g_bme-janeslab/SarahG/spinodal_decomp_06_2025/out_julia/SAV_Julia_2000_dt_5.50e-06_Nx_256_neumann_dtout_1025p_phi.csv
Julia,SAV,256,periodic,50p,1025,1240,120.83518008549991,/project/g_bme-janeslab/SarahG/spinodal_decomp_06_2025/out_julia/SAV_Julia_2000_dt_5.50e-06_Nx_256_periodic_dtout_1025p_phi.csv
Julia,SAV,128,periodic,50p,1075,1240,66.35802200829539,/project/g_bme-janeslab/SarahG/spinodal_decomp_06_2025/out_julia/SAV_Julia_2000_dt_5.50e-06_Nx_128_periodic_dtout_1075p_phi.csv
Julia,SAV,512,neumann,50p,1025,1240,255.93895318027566,/project/g_bme-janeslab/SarahG/spinodal_decomp_06_2025/out_julia/SAV_Julia_2000_dt_5.50e-06_Nx_512_neumann_dtout_1025p_phi.csv
Julia,NMG,256,periodic,50p,1075,1240,124.74317221622778,/project/g_bme-janeslab/SarahG/spinodal_decomp_06_2025/out_julia/NMG_Julia_2000_dt_5.50e-06_Nx_256_periodic_dtout_1075p_phi.csv
Julia,SAV,512,neumann,50p,1075,1240,252.71057841084067,/project/g_bme-janeslab/SarahG/spinodal_decomp_06_2025/out_julia/SAV_Julia_2000_dt_5.50e-06_Nx_512_neumann_dtout_1075p_phi.csv
Julia,SAV,256,neumann,50p,1075,1240,124.73389418231474,/project/g_bme-janeslab/SarahG/spinodal_decomp_06_2025/out_julia/SAV_Julia_2000_dt_5.50e-06_Nx_256_neumann_dtout_1075p_phi.csv
Julia,SAV,128,neumann,50p,1025,1240,65.46006575593326,/project/g_bme-janeslab/SarahG/spinodal_decomp_06_2025/out_julia/SAV_Julia_2000_dt_5.50e-06_Nx_128_neumann_dtout_1025p_phi.csv
Julia,NMG,128,neumann,50p,1075,1240,66.64113353627734,/project/g_bme-janeslab/SarahG/spinodal_decomp_06_2025/out_julia/NMG_Julia_2000_dt_5.50e-06_Nx_128_neumann_dtout_1075p_phi.csv
Julia,SAV,64,periodic,50p,1075,1240,34.900152580971245,/project/g_bme-janeslab/SarahG/spinodal_decomp_06_2025/out_julia/SAV_Julia_2000_dt_5.50e-06_Nx_64_periodic_dtout_1075p_phi.csv
Julia,NMG,512,neumann,50p,1050,1240,114.2197955087112,/project/g_bme-janeslab/SarahG/spinodal_decomp_06_2025/out_julia/NMG_Julia_2000_dt_5.50e-06_Nx_512_neumann_dtout_1050p_phi.csv
Julia,SAV,256,neumann,50p,1050,1240,32.10042391864711,/project/g_bme-janeslab/SarahG/spinodal_decomp_06_2025/out_julia/SAV_Julia_2000_dt_5.50e-06_Nx_256_neumann_dtout_1050p_phi.csv
Julia,NMG,128,periodic,50p,1075,1240,66.50728513900836,/project/g_bme-janeslab/SarahG/spinodal_decomp_06_2025/out_julia/NMG_Julia_2000_dt_5.50e-06_Nx_128_periodic_dtout_1075p_phi.csv
Julia,SAV,128,periodic,50p,1025,1240,65.39606226730376,/project/g_bme-janeslab/SarahG/spinodal_decomp_06_2025/out_julia/SAV_Julia_2000_dt_5.50e-06_Nx_128_periodic_dtout_1025p_phi.csv
Python,NMG,128,neumann,50p,125,1240,65.66289324301795,/project/g_bme-janeslab/SarahG/spinodal_decomp_06_2025/out_python/NMG_Python_20_dt_5.50e-06_Nx_128_neumann_dtout_125pphi.csv
Python,NMG,64,periodic,50p,175,1240,35.769009857930406,/project/g_bme-janeslab/SarahG/spinodal_decomp_06_2025/out_python/NMG_Python_20_dt_5.50e-06_Nx_64_periodic_dtout_175pphi.csv
Python,NMG,256,periodic,50p,150,1240,30.545933416494186,/project/g_bme-janeslab/SarahG/spinodal_decomp_06_2025/out_python/NMG_Python_20_dt_5.50e-06_Nx_256_periodic_dtout_150pphi.csv
Python,NMG,128,neumann,50p,175,1240,67.19197355686833,/project/g_bme-janeslab/SarahG/spinodal_decomp_06_2025/out_python/NMG_Python_20_dt_5.50e-06_Nx_128_neumann_dtout_175pphi.csv
Python,NMG,64,neumann,50p,150,1240,18.931204638495334,/project/g_bme-janeslab/SarahG/spinodal_decomp_06_2025/out_python/NMG_Python_20_dt_5.50e-06_Nx_64_neumann_dtout_150pphi.csv
Python,NMG,256,neumann,50p,150,1240,30.578135557759953,/project/g_bme-janeslab/SarahG/spinodal_decomp_06_2025/out_python/NMG_Python_20_dt_5.50e-06_Nx_256_neumann_dtout_150pphi.csv
Python,NMG,512,neumann,50p,125,1240,256.033385295326,/project/g_bme-janeslab/SarahG/spinodal_decomp_06_2025/out_python/NMG_Python_20_dt_5.50e-06_Nx_512_neumann_dtout_125pphi.csv
Python,NMG,256,neumann,50p,175,1240,125.07798900482103,/project/g_bme-janeslab/SarahG/spinodal_decomp_06_2025/out_python/NMG_Python_20_dt_5.50e-06_Nx_256_neumann_dtout_175pphi.csv
Python,NMG,128,periodic,50p,150,1240,26.146198191258236,/project/g_bme-janeslab/SarahG/spinodal_decomp_06_2025/out_python/NMG_Python_20_dt_5.50e-06_Nx_128_periodic_dtout_150pphi.csv
Python,NMG,256,neumann,50p,125,1240,120.90935987169665,/project/g_bme-janeslab/SarahG/spinodal_decomp_06_2025/out_python/NMG_Python_20_dt_5.50e-06_Nx_256_neumann_dtout_125pphi.csv
Python,NMG,64,neumann,50p,175,1240,36.01225426361854,/project/g_bme-janeslab/SarahG/spinodal_decomp_06_2025/out_python/NMG_Python_20_dt_5.50e-06_Nx_64_neumann_dtout_175pphi.csv
Python,NMG,256,periodic,50p,125,1240,120.89034418258964,/project/g_bme-janeslab/SarahG/spinodal_decomp_06_2025/out_python/NMG_Python_20_dt_5.50e-06_Nx_256_periodic_dtout_125pphi.csv
Python,NMG,512,periodic,50p,150,1240,92.44049295703822,/project/g_bme-janeslab/SarahG/spinodal_decomp_06_2025/out_python/NMG_Python_20_dt_5.50e-06_Nx_512_periodic_dtout_150pphi.csv
Python,NMG,64,neumann,50p,125,1240,34.99431748537553,/project/g_bme-janeslab/SarahG/spinodal_decomp_06_2025/out_python/NMG_Python_20_dt_5.50e-06_Nx_64_neumann_dtout_125pphi.csv
Python,NMG,512,periodic,50p,125,1240,255.97490674441983,/project/g_bme-janeslab/SarahG/spinodal_decomp_06_2025/out_python/NMG_Python_20_dt_5.50e-06_Nx_512_periodic_dtout_125pphi.csv
Python,NMG,128,periodic,50p,175,1240,67.04645305999148,/project/g_bme-janeslab/SarahG/spinodal_decomp_06_2025/out_python/NMG_Python_20_dt_5.50e-06_Nx_128_periodic_dtout_175pphi.csv
Python,NMG,512,periodic,50p,175,1240,252.71831501257776,/project/g_bme-janeslab/SarahG/spinodal_decomp_06_2025/out_python/NMG_Python_20_dt_5.50e-06_Nx_512_periodic_dtout_175pphi.csv
Python,NMG,128,neumann,50p,150,1240,26.687539850680476,/project/g_bme-janeslab/SarahG/spinodal_decomp_06_2025/out_python/NMG_Python_20_dt_5.50e-06_Nx_128_neumann_dtout_150pphi.csv
Python,NMG,512,neumann,50p,175,1240,252.74214113779135,/project/g_bme-janeslab/SarahG/spinodal_decomp_06_2025/out_python/NMG_Python_20_dt_5.50e-06_Nx_512_neumann_dtout_175pphi.csv
Python,NMG,512,neumann,50p,150,1240,92.91112174038092,/project/g_bme-janeslab/SarahG/spinodal_decomp_06_2025/out_python/NMG_Python_20_dt_5.50e-06_Nx_512_neumann_dtout_150pphi.csv
Python,NMG,64,periodic,50p,125,1240,34.7897077939835,/project/g_bme-janeslab/SarahG/spinodal_decomp_06_2025/out_python/NMG_Python_20_dt_5.50e-06_Nx_64_periodic_dtout_125pphi.csv
Python,NMG,256,periodic,50p,175,1240,124.99471784782824,/project/g_bme-janeslab/SarahG/spinodal_decomp_06_2025/out_python/NMG_Python_20_dt_5.50e-06_Nx_256_periodic_dtout_175pphi.csv
Python,NMG,64,periodic,50p,150,1240,18.4442182435213,/project/g_bme-janeslab/SarahG/spinodal_decomp_06_2025/out_python/NMG_Python_20_dt_5.50e-06_Nx_64_periodic_dtout_150pphi.csv
Python,NMG,128,periodic,50p,125,1240,65.60795464079413,/project/g_bme-janeslab/SarahG/spinodal_decomp_06_2025/out_python/NMG_Python_20_dt_5.50e-06_Nx_128_periodic_dtout_125pphi.csv
MATLAB,SAV,64,periodic,450p,None (10),1280,34.492730171814074,/project/g_bme-janeslab/SarahG/spinodal_decomp_06_2025/out_MATLAB/SAV_MATLAB_2000_dt_5.50e-06_Nx_64_periodic_n_relax_450p_phi.csv
MATLAB,NMG,512,periodic,475p,None (10),1280,441.63024927652,/project/g_bme-janeslab/SarahG/spinodal_decomp_06_2025/out_MATLAB/NMG_MATLAB_2000_dt_5.50e-06_Nx_512_periodic_n_relax_475p_phi.csv
MATLAB,NMG,512,neumann,450p,None (10),1280,441.43664659088415,/project/g_bme-janeslab/SarahG/spinodal_decomp_06_2025/out_MATLAB/NMG_MATLAB_2000_dt_5.50e-06_Nx_512_neumann_n_relax_450p_phi.csv
MATLAB,SAV,256,neumann,450p,None (10),1280,201.16296395174965,/project/g_bme-janeslab/SarahG/spinodal_decomp_06_2025/out_MATLAB/SAV_MATLAB_2000_dt_5.50e-06_Nx_256_neumann_n_relax_450p_phi.csv
MATLAB,SAV,64,neumann,475p,None (10),1280,34.000095570350304,/project/g_bme-janeslab/SarahG/spinodal_decomp_06_2025/out_MATLAB/SAV_MATLAB_2000_dt_5.50e-06_Nx_64_neumann_n_relax_475p_phi.csv
MATLAB,NMG,256,periodic,475p,None (10),1280,206.91066895841664,/project/g_bme-janeslab/SarahG/spinodal_decomp_06_2025/out_MATLAB/NMG_MATLAB_2000_dt_5.50e-06_Nx_256_periodic_n_relax_475p_phi.csv
MATLAB,NMG,128,neumann,425p,None (10),1280,0.0,/project/g_bme-janeslab/SarahG/spinodal_decomp_06_2025/out_MATLAB/NMG_MATLAB_2000_dt_5.50e-06_Nx_128_neumann_n_relax_425p_phi.csv
MATLAB,SAV,256,periodic,425p,None (10),1280,0.0,/project/g_bme-janeslab/SarahG/spinodal_decomp_06_2025/out_MATLAB/SAV_MATLAB_2000_dt_5.50e-06_Nx_256_periodic_n_relax_425p_phi.csv
MATLAB,NMG,128,periodic,475p,None (10),1280,73.47883962533857,/project/g_bme-janeslab/SarahG/spinodal_decomp_06_2025/out_MATLAB/NMG_MATLAB_2000_dt_5.50e-06_Nx_128_periodic_n_relax_475p_phi.csv
MATLAB,SAV,128,periodic,450p,None (10),1280,87.78527641601661,/project/g_bme-janeslab/SarahG/spinodal_decomp_06_2025/out_MATLAB/SAV_MATLAB_2000_dt_5.50e-06_Nx_128_periodic_n_relax_450p_phi.csv
MATLAB,NMG,128,neumann,450p,None (10),1280,85.60580583254436,/project/g_bme-janeslab/SarahG/spinodal_decomp_06_2025/out_MATLAB/NMG_MATLAB_2000_dt_5.50e-06_Nx_128_neumann_n_relax_450p_phi.csv
MATLAB,SAV,256,neumann,425p,None (10),1280,205.5106913340379,/project/g_bme-janeslab/SarahG/spinodal_decomp_06_2025/out_MATLAB/SAV_MATLAB_2000_dt_5.50e-06_Nx_256_neumann_n_relax_425p_phi.csv
MATLAB,SAV,512,periodic,450p,None (10),1280,0.0,/project/g_bme-janeslab/SarahG/spinodal_decomp_06_2025/out_MATLAB/SAV_MATLAB_2000_dt_5.50e-06_Nx_512_periodic_n_relax_450p_phi.csv
MATLAB,SAV,128,periodic,425p,None (10),1280,0.0,/project/g_bme-janeslab/SarahG/spinodal_decomp_06_2025/out_MATLAB/SAV_MATLAB_2000_dt_5.50e-06_Nx_128_periodic_n_relax_425p_phi.csv
MATLAB,NMG,512,neumann,425p,None (10),1280,441.8952353549276,/project/g_bme-janeslab/SarahG/spinodal_decomp_06_2025/out_MATLAB/NMG_MATLAB_2000_dt_5.50e-06_Nx_512_neumann_n_relax_425p_phi.csv
MATLAB,NMG,64,neumann,450p,None (10),1280,0.0,/project/g_bme-janeslab/SarahG/spinodal_decomp_06_2025/out_MATLAB/NMG_MATLAB_2000_dt_5.50e-06_Nx_64_neumann_n_relax_450p_phi.csv
MATLAB,NMG,64,periodic,450p,None (10),1280,26.552131757053793,/project/g_bme-janeslab/SarahG/spinodal_decomp_06_2025/out_MATLAB/NMG_MATLAB_2000_dt_5.50e-06_Nx_64_periodic_n_relax_450p_phi.csv
MATLAB,NMG,256,neumann,425p,None (10),1280,206.3581274948669,/project/g_bme-janeslab/SarahG/spinodal_decomp_06_2025/out_MATLAB/NMG_MATLAB_2000_dt_5.50e-06_Nx_256_neumann_n_relax_425p_phi.csv
MATLAB,SAV,64,neumann,425p,None (10),1280,0.0,/project/g_bme-janeslab/SarahG/spinodal_decomp_06_2025/out_MATLAB/SAV_MATLAB_2000_dt_5.50e-06_Nx_64_neumann_n_relax_425p_phi.csv
MATLAB,SAV,128,neumann,425p,None (10),1280,0.0,/project/g_bme-janeslab/SarahG/spinodal_decomp_06_2025/out_MATLAB/SAV_MATLAB_2000_dt_5.50e-06_Nx_128_neumann_n_relax_425p_phi.csv
MATLAB,NMG,128,periodic,425p,None (10),1280,76.28635418510945,/project/g_bme-janeslab/SarahG/spinodal_decomp_06_2025/out_MATLAB/NMG_MATLAB_2000_dt_5.50e-06_Nx_128_periodic_n_relax_425p_phi.csv
MATLAB,SAV,512,periodic,475p,None (10),1280,444.65245537133967,/project/g_bme-janeslab/SarahG/spinodal_decomp_06_2025/out_MATLAB/SAV_MATLAB_2000_dt_5.50e-06_Nx_512_periodic_n_relax_475p_phi.csv
MATLAB,SAV,512,neumann,475p,None (10),1280,447.316547611734,/project/g_bme-janeslab/SarahG/spinodal_decomp_06_2025/out_MATLAB/SAV_MATLAB_2000_dt_5.50e-06_Nx_512_neumann_n_relax_475p_phi.csv
MATLAB,NMG,256,neumann,475p,None (10),1280,206.25133844503017,/project/g_bme-janeslab/SarahG/spinodal_decomp_06_2025/out_MATLAB/NMG_MATLAB_2000_dt_5.50e-06_Nx_256_neumann_n_relax_475p_phi.csv
MATLAB,NMG,256,neumann,450p,None (10),1280,201.4134754052654,/project/g_bme-janeslab/SarahG/spinodal_decomp_06_2025/out_MATLAB/NMG_MATLAB_2000_dt_5.50e-06_Nx_256_neumann_n_relax_450p_phi.csv
MATLAB,SAV,512,periodic,425p,None (10),1280,447.11808331441614,/project/g_bme-janeslab/SarahG/spinodal_decomp_06_2025/out_MATLAB/SAV_MATLAB_2000_dt_5.50e-06_Nx_512_periodic_n_relax_425p_phi.csv
MATLAB,NMG,64,neumann,475p,None (10),1280,34.03069080183129,/project/g_bme-janeslab/SarahG/spinodal_decomp_06_2025/out_MATLAB/NMG_MATLAB_2000_dt_5.50e-06_Nx_64_neumann_n_relax_475p_phi.csv
MATLAB,SAV,128,periodic,475p,None (10),1280,73.88638319609161,/project/g_bme-janeslab/SarahG/spinodal_decomp_06_2025/out_MATLAB/SAV_MATLAB_2000_dt_5.50e-06_Nx_128_periodic_n_relax_475p_phi.csv
MATLAB,SAV,256,neumann,475p,None (10),1280,205.83373937045585,/project/g_bme-janeslab/SarahG/spinodal_decomp_06_2025/out_MATLAB/SAV_MATLAB_2000_dt_5.50e-06_Nx_256_neumann_n_relax_475p_phi.csv
MATLAB,NMG,512,periodic,450p,None (10),1280,441.2383702819205,/project/g_bme-janeslab/SarahG/spinodal_decomp_06_2025/out_MATLAB/NMG_MATLAB_2000_dt_5.50e-06_Nx_512_periodic_n_relax_450p_phi.csv
MATLAB,SAV,64,periodic,425p,None (10),1280,0.0,/project/g_bme-janeslab/SarahG/spinodal_decomp_06_2025/out_MATLAB/SAV_MATLAB_2000_dt_5.50e-06_Nx_64_periodic_n_relax_425p_phi.csv
MATLAB,SAV,512,neumann,425p,None (10),1280,445.7279227707615,/project/g_bme-janeslab/SarahG/spinodal_decomp_06_2025/out_MATLAB/SAV_MATLAB_2000_dt_5.50e-06_Nx_512_neumann_n_relax_425p_phi.csv
MATLAB,SAV,128,neumann,475p,None (10),1280,80.5670470347542,/project/g_bme-janeslab/SarahG/spinodal_decomp_06_2025/out_MATLAB/SAV_MATLAB_2000_dt_5.50e-06_Nx_128_neumann_n_relax_475p_phi.csv
MATLAB,SAV,512,neumann,450p,None (10),1280,442.0498538643976,/project/g_bme-janeslab/SarahG/spinodal_decomp_06_2025/out_MATLAB/SAV_MATLAB_2000_dt_5.50e-06_Nx_512_neumann_n_relax_450p_phi.csv
MATLAB,SAV,256,periodic,475p,None (10),1280,206.62512388732853,/project/g_bme-janeslab/SarahG/spinodal_decomp_06_2025/out_MATLAB/SAV_MATLAB_2000_dt_5.50e-06_Nx_256_periodic_n_relax_475p_phi.csv
MATLAB,NMG,256,periodic,450p,None (10),1280,202.37054372137706,/project/g_bme-janeslab/SarahG/spinodal_decomp_06_2025/out_MATLAB/NMG_MATLAB_2000_dt_5.50e-06_Nx_256_periodic_n_relax_450p_phi.csv
MATLAB,SAV,128,neumann,450p,None (10),1280,86.63731160017393,/project/g_bme-janeslab/SarahG/spinodal_decomp_06_2025/out_MATLAB/SAV_MATLAB_2000_dt_5.50e-06_Nx_128_neumann_n_relax_450p_phi.csv
MATLAB,NMG,64,periodic,475p,None (10),1280,33.114952512053804,/project/g_bme-janeslab/SarahG/spinodal_decomp_06_2025/out_MATLAB/NMG_MATLAB_2000_dt_5.50e-06_Nx_64_periodic_n_relax_475p_phi.csv
MATLAB,NMG,512,periodic,425p,None (10),1280,443.0149629500224,/project/g_bme-janeslab/SarahG/spinodal_decomp_06_2025/out_MATLAB/NMG_MATLAB_2000_dt_5.50e-06_Nx_512_periodic_n_relax_425p_phi.csv
MATLAB,NMG,128,periodic,450p,None (10),1280,88.24126111427411,/project/g_bme-janeslab/SarahG/spinodal_decomp_06_2025/out_MATLAB/NMG_MATLAB_2000_dt_5.50e-06_Nx_128_periodic_n_relax_450p_phi.csv
MATLAB,NMG,128,neumann,475p,None (10),1280,77.51355806782485,/project/g_bme-janeslab/SarahG/spinodal_decomp_06_2025/out_MATLAB/NMG_MATLAB_2000_dt_5.50e-06_Nx_128_neumann_n_relax_475p_phi.csv
MATLAB,NMG,256,periodic,425p,None (10),1280,206.1376074667938,/project/g_bme-janeslab/SarahG/spinodal_decomp_06_2025/out_MATLAB/NMG_MATLAB_2000_dt_5.50e-06_Nx_256_periodic_n_relax_425p_phi.csv
MATLAB,SAV,64,periodic,475p,None (10),1280,33.09404831542241,/project/g_bme-janeslab/SarahG/spinodal_decomp_06_2025/out_MATLAB/SAV_MATLAB_2000_dt_5.50e-06_Nx_64_periodic_n_relax_475p_phi.csv
MATLAB,NMG,512,neumann,475p,None (10),1280,442.2704196604808,/project/g_bme-janeslab/SarahG/spinodal_decomp_06_2025/out_MATLAB/NMG_MATLAB_2000_dt_5.50e-06_Nx_512_neumann_n_relax_475p_phi.csv
MATLAB,NMG,64,periodic,425p,None (10),1280,32.69116997480388,/project/g_bme-janeslab/SarahG/spinodal_decomp_06_2025/out_MATLAB/NMG_MATLAB_2000_dt_5.50e-06_Nx_64_periodic_n_relax_425p_phi.csv
MATLAB,SAV,64,neumann,450p,None (10),1280,0.0,/project/g_bme-janeslab/SarahG/spinodal_decomp_06_2025/out_MATLAB/SAV_MATLAB_2000_dt_5.50e-06_Nx_64_neumann_n_relax_450p_phi.csv
MATLAB,NMG,64,neumann,425p,None (10),1280,0.0,/project/g_bme-janeslab/SarahG/spinodal_decomp_06_2025/out_MATLAB/NMG_MATLAB_2000_dt_5.50e-06_Nx_64_neumann_n_relax_425p_phi.csv
MATLAB,SAV,256,periodic,450p,None (10),1280,0.0,/project/g_bme-janeslab/SarahG/spinodal_decomp_06_2025/out_MATLAB/SAV_MATLAB_2000_dt_5.50e-06_Nx_256_periodic_n_relax_450p_phi.csv
Julia,SAV,512,periodic,50p,1050,1280,124.97306280776561,/project/g_bme-janeslab/SarahG/spinodal_decomp_06_2025/out_julia/SAV_Julia_2000_dt_5.50e-06_Nx_512_periodic_dtout_1050p_phi.csv
Julia,NMG,64,neumann,50p,1075,1280,35.3066074100231,/project/g_bme-janeslab/SarahG/spinodal_decomp_06_2025/out_julia/NMG_Julia_2000_dt_5.50e-06_Nx_64_neumann_dtout_1075p_phi.csv
Julia,NMG,512,periodic,50p,1050,1280,116.55396574610667,/project/g_bme-janeslab/SarahG/spinodal_decomp_06_2025/out_julia/NMG_Julia_2000_dt_5.50e-06_Nx_512_periodic_dtout_1050p_phi.csv
Julia,NMG,64,neumann,50p,1050,1280,17.740152576086118,/project/g_bme-janeslab/SarahG/spinodal_decomp_06_2025/out_julia/NMG_Julia_2000_dt_5.50e-06_Nx_64_neumann_dtout_1050p_phi.csv
Julia,NMG,512,periodic,50p,1075,1280,252.74220835324,/project/g_bme-janeslab/SarahG/spinodal_decomp_06_2025/out_julia/NMG_Julia_2000_dt_5.50e-06_Nx_512_periodic_dtout_1075p_phi.csv
Julia,SAV,64,periodic,50p,1025,1280,34.32547771158284,/project/g_bme-janeslab/SarahG/spinodal_decomp_06_2025/out_julia/SAV_Julia_2000_dt_5.50e-06_Nx_64_periodic_dtout_1025p_phi.csv
Julia,SAV,256,periodic,50p,1075,1280,124.64248633147736,/project/g_bme-janeslab/SarahG/spinodal_decomp_06_2025/out_julia/SAV_Julia_2000_dt_5.50e-06_Nx_256_periodic_dtout_1075p_phi.csv
Julia,SAV,128,neumann,50p,1050,1280,24.94790813513852,/project/g_bme-janeslab/SarahG/spinodal_decomp_06_2025/out_julia/SAV_Julia_2000_dt_5.50e-06_Nx_128_neumann_dtout_1050p_phi.csv
Julia,NMG,256,periodic,50p,1025,1280,120.8695700630247,/project/g_bme-janeslab/SarahG/spinodal_decomp_06_2025/out_julia/NMG_Julia_2000_dt_5.50e-06_Nx_256_periodic_dtout_1025p_phi.csv
Julia,NMG,256,periodic,50p,1050,1280,32.23810283285553,/project/g_bme-janeslab/SarahG/spinodal_decomp_06_2025/out_julia/NMG_Julia_2000_dt_5.50e-06_Nx_256_periodic_dtout_1050p_phi.csv
Julia,SAV,512,periodic,50p,1025,1280,255.89153905843028,/project/g_bme-janeslab/SarahG/spinodal_decomp_06_2025/out_julia/SAV_Julia_2000_dt_5.50e-06_Nx_512_periodic_dtout_1025p_phi.csv
Julia,NMG,128,periodic,50p,1050,1280,25.090759384324194,/project/g_bme-janeslab/SarahG/spinodal_decomp_06_2025/out_julia/NMG_Julia_2000_dt_5.50e-06_Nx_128_periodic_dtout_1050p_phi.csv
Julia,NMG,512,neumann,50p,1025,1280,256.08590356511996,/project/g_bme-janeslab/SarahG/spinodal_decomp_06_2025/out_julia/NMG_Julia_2000_dt_5.50e-06_Nx_512_neumann_dtout_1025p_phi.csv
Julia,SAV,512,neumann,50p,1050,1280,125.38818252237346,/project/g_bme-janeslab/SarahG/spinodal_decomp_06_2025/out_julia/SAV_Julia_2000_dt_5.50e-06_Nx_512_neumann_dtout_1050p_phi.csv
Julia,SAV,64,neumann,50p,1075,1280,35.0845323609663,/project/g_bme-janeslab/SarahG/spinodal_decomp_06_2025/out_julia/SAV_Julia_2000_dt_5.50e-06_Nx_64_neumann_dtout_1075p_phi.csv
Julia,NMG,128,neumann,50p,1025,1280,65.54303382822772,/project/g_bme-janeslab/SarahG/spinodal_decomp_06_2025/out_julia/NMG_Julia_2000_dt_5.50e-06_Nx_128_neumann_dtout_1025p_phi.csv
Julia,NMG,512,neumann,50p,1075,1280,252.77479022600545,/project/g_bme-janeslab/SarahG/spinodal_decomp_06_2025/out_julia/NMG_Julia_2000_dt_5.50e-06_Nx_512_neumann_dtout_1075p_phi.csv
Julia,SAV,64,neumann,50p,1050,1280,17.071536473808553,/project/g_bme-janeslab/SarahG/spinodal_decomp_06_2025/out_julia/SAV_Julia_2000_dt_5.50e-06_Nx_64_neumann_dtout_1050p_phi.csv
Julia,NMG,64,periodic,50p,1050,1280,17.271625195552815,/project/g_bme-janeslab/SarahG/spinodal_decomp_06_2025/out_julia/NMG_Julia_2000_dt_5.50e-06_Nx_64_periodic_dtout_1050p_phi.csv
Julia,SAV,64,neumann,50p,1025,1280,34.539652941365894,/project/g_bme-janeslab/SarahG/spinodal_decomp_06_2025/out_julia/SAV_Julia_2000_dt_5.50e-06_Nx_64_neumann_dtout_1025p_phi.csv
Julia,SAV,64,periodic,50p,1050,1280,16.593140267579745,/project/g_bme-janeslab/SarahG/spinodal_decomp_06_2025/out_julia/SAV_Julia_2000_dt_5.50e-06_Nx_64_periodic_dtout_1050p_phi.csv
Julia,NMG,128,neumann,50p,1050,1280,25.65083007219854,/project/g_bme-janeslab/SarahG/spinodal_decomp_06_2025/out_julia/NMG_Julia_2000_dt_5.50e-06_Nx_128_neumann_dtout_1050p_phi.csv
Julia,NMG,512,periodic,50p,1025,1280,256.02301907797295,/project/g_bme-janeslab/SarahG/spinodal_decomp_06_2025/out_julia/NMG_Julia_2000_dt_5.50e-06_Nx_512_periodic_dtout_1025p_phi.csv
Julia,SAV,128,neumann,50p,1075,1280,66.46414710936394,/project/g_bme-janeslab/SarahG/spinodal_decomp_06_2025/out_julia/SAV_Julia_2000_dt_5.50e-06_Nx_128_neumann_dtout_1075p_phi.csv
Julia,NMG,64,periodic,50p,1025,1280,34.5505203813051,/project/g_bme-janeslab/SarahG/spinodal_decomp_06_2025/out_julia/NMG_Julia_2000_dt_5.50e-06_Nx_64_periodic_dtout_1025p_phi.csv
Julia,NMG,256,neumann,50p,1025,1280,120.88610047963472,/project/g_bme-janeslab/SarahG/spinodal_decomp_06_2025/out_julia/NMG_Julia_2000_dt_5.50e-06_Nx_256_neumann_dtout_1025p_phi.csv
Julia,NMG,128,periodic,50p,1025,1280,65.47947178642018,/project/g_bme-janeslab/SarahG/spinodal_decomp_06_2025/out_julia/NMG_Julia_2000_dt_5.50e-06_Nx_128_periodic_dtout_1025p_phi.csv
Julia,NMG,64,periodic,50p,1075,1280,35.07007715526201,/project/g_bme-janeslab/SarahG/spinodal_decomp_06_2025/out_julia/NMG_Julia_2000_dt_5.50e-06_Nx_64_periodic_dtout_1075p_phi.csv
Julia,SAV,512,periodic,50p,1075,1280,252.69209734546422,/project/g_bme-janeslab/SarahG/spinodal_decomp_06_2025/out_julia/SAV_Julia_2000_dt_5.50e-06_Nx_512_periodic_dtout_1075p_phi.csv
Julia,NMG,256,neumann,50p,1075,1280,124.81012937570199,/project/g_bme-janeslab/SarahG/spinodal_decomp_06_2025/out_julia/NMG_Julia_2000_dt_5.50e-06_Nx_256_neumann_dtout_1075p_phi.csv
Julia,SAV,256,periodic,50p,1050,1280,32.22529324452213,/project/g_bme-janeslab/SarahG/spinodal_decomp_06_2025/out_julia/SAV_Julia_2000_dt_5.50e-06_Nx_256_periodic_dtout_1050p_phi.csv
Julia,NMG,256,neumann,50p,1050,1280,32.239747533985906,/project/g_bme-janeslab/SarahG/spinodal_decomp_06_2025/out_julia/NMG_Julia_2000_dt_5.50e-06_Nx_256_neumann_dtout_1050p_phi.csv
Julia,SAV,128,periodic,50p,1050,1280,24.357216753228073,/project/g_bme-janeslab/SarahG/spinodal_decomp_06_2025/out_julia/SAV_Julia_2000_dt_5.50e-06_Nx_128_periodic_dtout_1050p_phi.csv
Julia,NMG,64,neumann,50p,1025,1280,34.76733357230328,/project/g_bme-janeslab/SarahG/spinodal_decomp_06_2025/out_julia/NMG_Julia_2000_dt_5.50e-06_Nx_64_neumann_dtout_1025p_phi.csv
Julia,SAV,256,neumann,50p,1025,1280,120.85306007085957,/project/g_bme-janeslab/SarahG/spinodal_decomp_06_2025/out_julia/SAV_Julia_2000_dt_5.50e-06_Nx_256_neumann_dtout_1025p_phi.csv
Julia,SAV,256,periodic,50p,1025,1280,120.83544768691911,/project/g_bme-janeslab/SarahG/spinodal_decomp_06_2025/out_julia/SAV_Julia_2000_dt_5.50e-06_Nx_256_periodic_dtout_1025p_phi.csv
Julia,SAV,128,periodic,50p,1075,1280,66.33384414681782,/project/g_bme-janeslab/SarahG/spinodal_decomp_06_2025/out_julia/SAV_Julia_2000_dt_5.50e-06_Nx_128_periodic_dtout_1075p_phi.csv
Julia,SAV,512,neumann,50p,1025,1280,255.95755757957804,/project/g_bme-janeslab/SarahG/spinodal_decomp_06_2025/out_julia/SAV_Julia_2000_dt_5.50e-06_Nx_512_neumann_dtout_1025p_phi.csv
Julia,NMG,256,periodic,50p,1075,1280,124.7299831008164,/project/g_bme-janeslab/SarahG/spinodal_decomp_06_2025/out_julia/NMG_Julia_2000_dt_5.50e-06_Nx_256_periodic_dtout_1075p_phi.csv
Julia,SAV,512,neumann,50p,1075,1280,252.72675765768182,/project/g_bme-janeslab/SarahG/spinodal_decomp_06_2025/out_julia/SAV_Julia_2000_dt_5.50e-06_Nx_512_neumann_dtout_1075p_phi.csv
Julia,SAV,256,neumann,50p,1075,1280,124.72301242200523,/project/g_bme-janeslab/SarahG/spinodal_decomp_06_2025/out_julia/SAV_Julia_2000_dt_5.50e-06_Nx_256_neumann_dtout_1075p_phi.csv
Julia,SAV,128,neumann,50p,1025,1280,65.43520947012131,/project/g_bme-janeslab/SarahG/spinodal_decomp_06_2025/out_julia/SAV_Julia_2000_dt_5.50e-06_Nx_128_neumann_dtout_1025p_phi.csv
Julia,NMG,128,neumann,50p,1075,1280,66.61242551193105,/project/g_bme-janeslab/SarahG/spinodal_decomp_06_2025/out_julia/NMG_Julia_2000_dt_5.50e-06_Nx_128_neumann_dtout_1075p_phi.csv
Julia,SAV,64,periodic,50p,1075,1280,34.85059274753625,/project/g_bme-janeslab/SarahG/spinodal_decomp_06_2025/out_julia/SAV_Julia_2000_dt_5.50e-06_Nx_64_periodic_dtout_1075p_phi.csv
Julia,NMG,512,neumann,50p,1050,1280,116.94339735948344,/project/g_bme-janeslab/SarahG/spinodal_decomp_06_2025/out_julia/NMG_Julia_2000_dt_5.50e-06_Nx_512_neumann_dtout_1050p_phi.csv
Julia,SAV,256,neumann,50p,1050,1280,32.224729069543606,/project/g_bme-janeslab/SarahG/spinodal_decomp_06_2025/out_julia/SAV_Julia_2000_dt_5.50e-06_Nx_256_neumann_dtout_1050p_phi.csv
Julia,NMG,128,periodic,50p,1075,1280,66.4792563469527,/project/g_bme-janeslab/SarahG/spinodal_decomp_06_2025/out_julia/NMG_Julia_2000_dt_5.50e-06_Nx_128_periodic_dtout_1075p_phi.csv
Julia,SAV,128,periodic,50p,1025,1280,65.37171935681486,/project/g_bme-janeslab/SarahG/spinodal_decomp_06_2025/out_julia/SAV_Julia_2000_dt_5.50e-06_Nx_128_periodic_dtout_1025p_phi.csv
Python,NMG,128,neumann,50p,125,1280,65.63827103211142,/project/g_bme-janeslab/SarahG/spinodal_decomp_06_2025/out_python/NMG_Python_20_dt_5.50e-06_Nx_128_neumann_dtout_125pphi.csv
Python,NMG,64,periodic,50p,175,1280,35.71869609852228,/project/g_bme-janeslab/SarahG/spinodal_decomp_06_2025/out_python/NMG_Python_20_dt_5.50e-06_Nx_64_periodic_dtout_175pphi.csv
Python,NMG,256,periodic,50p,150,1280,30.636105282669657,/project/g_bme-janeslab/SarahG/spinodal_decomp_06_2025/out_python/NMG_Python_20_dt_5.50e-06_Nx_256_periodic_dtout_150pphi.csv
Python,NMG,128,neumann,50p,175,1280,67.15171667896689,/project/g_bme-janeslab/SarahG/spinodal_decomp_06_2025/out_python/NMG_Python_20_dt_5.50e-06_Nx_128_neumann_dtout_175pphi.csv
Python,NMG,64,neumann,50p,150,1280,18.81706650505897,/project/g_bme-janeslab/SarahG/spinodal_decomp_06_2025/out_python/NMG_Python_20_dt_5.50e-06_Nx_64_neumann_dtout_150pphi.csv
Python,NMG,256,neumann,50p,150,1280,30.669429230776696,/project/g_bme-janeslab/SarahG/spinodal_decomp_06_2025/out_python/NMG_Python_20_dt_5.50e-06_Nx_256_neumann_dtout_150pphi.csv
Python,NMG,512,neumann,50p,125,1280,256.0255806241042,/project/g_bme-janeslab/SarahG/spinodal_decomp_06_2025/out_python/NMG_Python_20_dt_5.50e-06_Nx_512_neumann_dtout_125pphi.csv
Python,NMG,256,neumann,50p,175,1280,125.05812223102194,/project/g_bme-janeslab/SarahG/spinodal_decomp_06_2025/out_python/NMG_Python_20_dt_5.50e-06_Nx_256_neumann_dtout_175pphi.csv
Python,NMG,128,periodic,50p,150,1280,26.039896931969754,/project/g_bme-janeslab/SarahG/spinodal_decomp_06_2025/out_python/NMG_Python_20_dt_5.50e-06_Nx_128_periodic_dtout_150pphi.csv
Python,NMG,256,neumann,50p,125,1280,120.90389300062945,/project/g_bme-janeslab/SarahG/spinodal_decomp_06_2025/out_python/NMG_Python_20_dt_5.50e-06_Nx_256_neumann_dtout_125pphi.csv
Python,NMG,64,neumann,50p,175,1280,35.961659972649336,/project/g_bme-janeslab/SarahG/spinodal_decomp_06_2025/out_python/NMG_Python_20_dt_5.50e-06_Nx_64_neumann_dtout_175pphi.csv
Python,NMG,256,periodic,50p,125,1280,120.88448562101254,/project/g_bme-janeslab/SarahG/spinodal_decomp_06_2025/out_python/NMG_Python_20_dt_5.50e-06_Nx_256_periodic_dtout_125pphi.csv
Python,NMG,512,periodic,50p,150,1280,93.67882474602408,/project/g_bme-janeslab/SarahG/spinodal_decomp_06_2025/out_python/NMG_Python_20_dt_5.50e-06_Nx_512_periodic_dtout_150pphi.csv
Python,NMG,64,neumann,50p,125,1280,34.94498108377159,/project/g_bme-janeslab/SarahG/spinodal_decomp_06_2025/out_python/NMG_Python_20_dt_5.50e-06_Nx_64_neumann_dtout_125pphi.csv
Python,NMG,512,periodic,50p,125,1280,255.96680386306156,/project/g_bme-janeslab/SarahG/spinodal_decomp_06_2025/out_python/NMG_Python_20_dt_5.50e-06_Nx_512_periodic_dtout_125pphi.csv
Python,NMG,128,periodic,50p,175,1280,67.00681974607286,/project/g_bme-janeslab/SarahG/spinodal_decomp_06_2025/out_python/NMG_Python_20_dt_5.50e-06_Nx_128_periodic_dtout_175pphi.csv
Python,NMG,512,periodic,50p,175,1280,252.71350136953433,/project/g_bme-janeslab/SarahG/spinodal_decomp_06_2025/out_python/NMG_Python_20_dt_5.50e-06_Nx_512_periodic_dtout_175pphi.csv
Python,NMG,128,neumann,50p,150,1280,26.583914599244327,/project/g_bme-janeslab/SarahG/spinodal_decomp_06_2025/out_python/NMG_Python_20_dt_5.50e-06_Nx_128_neumann_dtout_150pphi.csv
Python,NMG,512,neumann,50p,175,1280,252.7373298710177,/project/g_bme-janeslab/SarahG/spinodal_decomp_06_2025/out_python/NMG_Python_20_dt_5.50e-06_Nx_512_neumann_dtout_175pphi.csv
Python,NMG,512,neumann,50p,150,1280,94.14625215140207,/project/g_bme-janeslab/SarahG/spinodal_decomp_06_2025/out_python/NMG_Python_20_dt_5.50e-06_Nx_512_neumann_dtout_150pphi.csv
Python,NMG,64,periodic,50p,125,1280,34.741127443042565,/project/g_bme-janeslab/SarahG/spinodal_decomp_06_2025/out_python/NMG_Python_20_dt_5.50e-06_Nx_64_periodic_dtout_125pphi.csv
Python,NMG,256,periodic,50p,175,1280,124.97492437954868,/project/g_bme-janeslab/SarahG/spinodal_decomp_06_2025/out_python/NMG_Python_20_dt_5.50e-06_Nx_256_periodic_dtout_175pphi.csv
Python,NMG,64,periodic,50p,150,1280,18.327606731366156,/project/g_bme-janeslab/SarahG/spinodal_decomp_06_2025/out_python/NMG_Python_20_dt_5.50e-06_Nx_64_periodic_dtout_150pphi.csv
Python,NMG,128,periodic,50p,125,1280,65.58297823720696,/project/g_bme-janeslab/SarahG/spinodal_decomp_06_2025/out_python/NMG_Python_20_dt_5.50e-06_Nx_128_periodic_dtout_125pphi.csv
MATLAB,SAV,64,periodic,450p,None (10),1320,0.0,/project/g_bme-janeslab/SarahG/spinodal_decomp_06_2025/out_MATLAB/SAV_MATLAB_2000_dt_5.50e-06_Nx_64_periodic_n_relax_450p_phi.csv
MATLAB,NMG,512,periodic,475p,None (10),1320,442.04250953764614,/project/g_bme-janeslab/SarahG/spinodal_decomp_06_2025/out_MATLAB/NMG_MATLAB_2000_dt_5.50e-06_Nx_512_periodic_n_relax_475p_phi.csv
MATLAB,NMG,512,neumann,450p,None (10),1320,442.28558538449545,/project/g_bme-janeslab/SarahG/spinodal_decomp_06_2025/out_MATLAB/NMG_MATLAB_2000_dt_5.50e-06_Nx_512_neumann_n_relax_450p_phi.csv
MATLAB,SAV,256,neumann,450p,None (10),1320,201.68363407466117,/project/g_bme-janeslab/SarahG/spinodal_decomp_06_2025/out_MATLAB/SAV_MATLAB_2000_dt_5.50e-06_Nx_256_neumann_n_relax_450p_phi.csv
MATLAB,SAV,64,neumann,475p,None (10),1320,34.054395632316584,/project/g_bme-janeslab/SarahG/spinodal_decomp_06_2025/out_MATLAB/SAV_MATLAB_2000_dt_5.50e-06_Nx_64_neumann_n_relax_475p_phi.csv
MATLAB,NMG,256,periodic,475p,None (10),1320,207.24055992264292,/project/g_bme-janeslab/SarahG/spinodal_decomp_06_2025/out_MATLAB/NMG_MATLAB_2000_dt_5.50e-06_Nx_256_periodic_n_relax_475p_phi.csv
MATLAB,NMG,128,neumann,425p,None (10),1320,0.0,/project/g_bme-janeslab/SarahG/spinodal_decomp_06_2025/out_MATLAB/NMG_MATLAB_2000_dt_5.50e-06_Nx_128_neumann_n_relax_425p_phi.csv
MATLAB,SAV,256,periodic,425p,None (10),1320,0.0,/project/g_bme-janeslab/SarahG/spinodal_decomp_06_2025/out_MATLAB/SAV_MATLAB_2000_dt_5.50e-06_Nx_256_periodic_n_relax_425p_phi.csv
MATLAB,NMG,128,periodic,475p,None (10),1320,74.10750098040175,/project/g_bme-janeslab/SarahG/spinodal_decomp_06_2025/out_MATLAB/NMG_MATLAB_2000_dt_5.50e-06_Nx_128_periodic_n_relax_475p_phi.csv
MATLAB,SAV,128,periodic,450p,None (10),1320,88.10077471610067,/project/g_bme-janeslab/SarahG/spinodal_decomp_06_2025/out_MATLAB/SAV_MATLAB_2000_dt_5.50e-06_Nx_128_periodic_n_relax_450p_phi.csv
MATLAB,NMG,128,neumann,450p,None (10),1320,85.95607179540157,/project/g_bme-janeslab/SarahG/spinodal_decomp_06_2025/out_MATLAB/NMG_MATLAB_2000_dt_5.50e-06_Nx_128_neumann_n_relax_450p_phi.csv
MATLAB,SAV,256,neumann,425p,None (10),1320,205.8518090180728,/project/g_bme-janeslab/SarahG/spinodal_decomp_06_2025/out_MATLAB/SAV_MATLAB_2000_dt_5.50e-06_Nx_256_neumann_n_relax_425p_phi.csv
MATLAB,SAV,512,periodic,450p,None (10),1320,0.0,/project/g_bme-janeslab/SarahG/spinodal_decomp_06_2025/out_MATLAB/SAV_MATLAB_2000_dt_5.50e-06_Nx_512_periodic_n_relax_450p_phi.csv
MATLAB,SAV,128,periodic,425p,None (10),1320,0.0,/project/g_bme-janeslab/SarahG/spinodal_decomp_06_2025/out_MATLAB/SAV_MATLAB_2000_dt_5.50e-06_Nx_128_periodic_n_relax_425p_phi.csv
MATLAB,NMG,512,neumann,425p,None (10),1320,442.6764581940547,/project/g_bme-janeslab/SarahG/spinodal_decomp_06_2025/out_MATLAB/NMG_MATLAB_2000_dt_5.50e-06_Nx_512_neumann_n_relax_425p_phi.csv
MATLAB,NMG,64,neumann,450p,None (10),1320,0.0,/project/g_bme-janeslab/SarahG/spinodal_decomp_06_2025/out_MATLAB/NMG_MATLAB_2000_dt_5.50e-06_Nx_64_neumann_n_relax_450p_phi.csv
MATLAB,NMG,64,periodic,450p,None (10),1320,27.084636340625504,/project/g_bme-janeslab/SarahG/spinodal_decomp_06_2025/out_MATLAB/NMG_MATLAB_2000_dt_5.50e-06_Nx_64_periodic_n_relax_450p_phi.csv
MATLAB,NMG,256,neumann,425p,None (10),1320,206.65247623015605,/project/g_bme-janeslab/SarahG/spinodal_decomp_06_2025/out_MATLAB/NMG_MATLAB_2000_dt_5.50e-06_Nx_256_neumann_n_relax_425p_phi.csv
MATLAB,SAV,64,neumann,425p,None (10),1320,0.0,/project/g_bme-janeslab/SarahG/spinodal_decomp_06_2025/out_MATLAB/SAV_MATLAB_2000_dt_5.50e-06_Nx_64_neumann_n_relax_425p_phi.csv
MATLAB,SAV,128,neumann,425p,None (10),1320,0.0,/project/g_bme-janeslab/SarahG/spinodal_decomp_06_2025/out_MATLAB/SAV_MATLAB_2000_dt_5.50e-06_Nx_128_neumann_n_relax_425p_phi.csv
MATLAB,NMG,128,periodic,425p,None (10),1320,76.93969330016986,/project/g_bme-janeslab/SarahG/spinodal_decomp_06_2025/out_MATLAB/NMG_MATLAB_2000_dt_5.50e-06_Nx_128_periodic_n_relax_425p_phi.csv
MATLAB,SAV,512,periodic,475p,None (10),1320,445.0672602812248,/project/g_bme-janeslab/SarahG/spinodal_decomp_06_2025/out_MATLAB/SAV_MATLAB_2000_dt_5.50e-06_Nx_512_periodic_n_relax_475p_phi.csv
MATLAB,SAV,512,neumann,475p,None (10),1320,447.54781483806335,/project/g_bme-janeslab/SarahG/spinodal_decomp_06_2025/out_MATLAB/SAV_MATLAB_2000_dt_5.50e-06_Nx_512_neumann_n_relax_475p_phi.csv
MATLAB,NMG,256,neumann,475p,None (10),1320,206.70295085863,/project/g_bme-janeslab/SarahG/spinodal_decomp_06_2025/out_MATLAB/NMG_MATLAB_2000_dt_5.50e-06_Nx_256_neumann_n_relax_475p_phi.csv
MATLAB,NMG,256,neumann,450p,None (10),1320,201.95463287346456,/project/g_bme-janeslab/SarahG/spinodal_decomp_06_2025/out_MATLAB/NMG_MATLAB_2000_dt_5.50e-06_Nx_256_neumann_n_relax_450p_phi.csv
MATLAB,SAV,512,periodic,425p,None (10),1320,447.3305297159675,/project/g_bme-janeslab/SarahG/spinodal_decomp_06_2025/out_MATLAB/SAV_MATLAB_2000_dt_5.50e-06_Nx_512_periodic_n_relax_425p_phi.csv
MATLAB,NMG,64,neumann,475p,None (10),1320,34.086244236153746,/project/g_bme-janeslab/SarahG/spinodal_decomp_06_2025/out_MATLAB/NMG_MATLAB_2000_dt_5.50e-06_Nx_64_neumann_n_relax_475p_phi.csv
MATLAB,SAV,128,periodic,475p,None (10),1320,74.52820293088143,/project/g_bme-janeslab/SarahG/spinodal_decomp_06_2025/out_MATLAB/SAV_MATLAB_2000_dt_5.50e-06_Nx_128_periodic_n_relax_475p_phi.csv
MATLAB,SAV,256,neumann,475p,None (10),1320,206.29459756023175,/project/g_bme-janeslab/SarahG/spinodal_decomp_06_2025/out_MATLAB/SAV_MATLAB_2000_dt_5.50e-06_Nx_256_neumann_n_relax_475p_phi.csv
MATLAB,NMG,512,periodic,450p,None (10),1320,442.10258459904907,/project/g_bme-janeslab/SarahG/spinodal_decomp_06_2025/out_MATLAB/NMG_MATLAB_2000_dt_5.50e-06_Nx_512_periodic_n_relax_450p_phi.csv
MATLAB,SAV,64,periodic,425p,None (10),1320,0.0,/project/g_bme-janeslab/SarahG/spinodal_decomp_06_2025/out_MATLAB/SAV_MATLAB_2000_dt_5.50e-06_Nx_64_periodic_n_relax_425p_phi.csv
MATLAB,SAV,512,neumann,425p,None (10),1320,446.0544636819118,/project/g_bme-janeslab/SarahG/spinodal_decomp_06_2025/out_MATLAB/SAV_MATLAB_2000_dt_5.50e-06_Nx_512_neumann_n_relax_425p_phi.csv
MATLAB,SAV,128,neumann,475p,None (10),1320,81.26371510460586,/project/g_bme-janeslab/SarahG/spinodal_decomp_06_2025/out_MATLAB/SAV_MATLAB_2000_dt_5.50e-06_Nx_128_neumann_n_relax_475p_phi.csv
MATLAB,SAV,512,neumann,450p,None (10),1320,442.85112274340776,/project/g_bme-janeslab/SarahG/spinodal_decomp_06_2025/out_MATLAB/SAV_MATLAB_2000_dt_5.50e-06_Nx_512_neumann_n_relax_450p_phi.csv
MATLAB,SAV,256,periodic,475p,None (10),1320,206.94899650014258,/project/g_bme-janeslab/SarahG/spinodal_decomp_06_2025/out_MATLAB/SAV_MATLAB_2000_dt_5.50e-06_Nx_256_periodic_n_relax_475p_phi.csv
MATLAB,NMG,256,periodic,450p,None (10),1320,202.86502457146509,/project/g_bme-janeslab/SarahG/spinodal_decomp_06_2025/out_MATLAB/NMG_MATLAB_2000_dt_5.50e-06_Nx_256_periodic_n_relax_450p_phi.csv
MATLAB,SAV,128,neumann,450p,None (10),1320,86.95924736562554,/project/g_bme-janeslab/SarahG/spinodal_decomp_06_2025/out_MATLAB/SAV_MATLAB_2000_dt_5.50e-06_Nx_128_neumann_n_relax_450p_phi.csv
MATLAB,NMG,64,periodic,475p,None (10),1320,33.13405681487765,/project/g_bme-janeslab/SarahG/spinodal_decomp_06_2025/out_MATLAB/NMG_MATLAB_2000_dt_5.50e-06_Nx_64_periodic_n_relax_475p_phi.csv
MATLAB,NMG,512,periodic,425p,None (10),1320,443.5951416595326,/project/g_bme-janeslab/SarahG/spinodal_decomp_06_2025/out_MATLAB/NMG_MATLAB_2000_dt_5.50e-06_Nx_512_periodic_n_relax_425p_phi.csv
MATLAB,NMG,128,periodic,450p,None (10),1320,88.54848621935214,/project/g_bme-janeslab/SarahG/spinodal_decomp_06_2025/out_MATLAB/NMG_MATLAB_2000_dt_5.50e-06_Nx_128_periodic_n_relax_450p_phi.csv
MATLAB,NMG,128,neumann,475p,None (10),1320,78.215809652253,/project/g_bme-janeslab/SarahG/spinodal_decomp_06_2025/out_MATLAB/NMG_MATLAB_2000_dt_5.50e-06_Nx_128_neumann_n_relax_475p_phi.csv
MATLAB,NMG,256,periodic,425p,None (10),1320,206.44698957366367,/project/g_bme-janeslab/SarahG/spinodal_decomp_06_2025/out_MATLAB/NMG_MATLAB_2000_dt_5.50e-06_Nx_256_periodic_n_relax_425p_phi.csv
MATLAB,SAV,64,periodic,475p,None (10),1320,33.11240353434518,/project/g_bme-janeslab/SarahG/spinodal_decomp_06_2025/out_MATLAB/SAV_MATLAB_2000_dt_5.50e-06_Nx_64_periodic_n_relax_475p_phi.csv
MATLAB,NMG,512,neumann,475p,None (10),1320,442.6359090922531,/project/g_bme-janeslab/SarahG/spinodal_decomp_06_2025/out_MATLAB/NMG_MATLAB_2000_dt_5.50e-06_Nx_512_neumann_n_relax_475p_phi.csv
MATLAB,NMG,64,periodic,425p,None (10),1320,32.69865982018431,/project/g_bme-janeslab/SarahG/spinodal_decomp_06_2025/out_MATLAB/NMG_MATLAB_2000_dt_5.50e-06_Nx_64_periodic_n_relax_425p_phi.csv
MATLAB,SAV,64,neumann,450p,None (10),1320,0.0,/project/g_bme-janeslab/SarahG/spinodal_decomp_06_2025/out_MATLAB/SAV_MATLAB_2000_dt_5.50e-06_Nx_64_neumann_n_relax_450p_phi.csv
MATLAB,NMG,64,neumann,425p,None (10),1320,0.0,/project/g_bme-janeslab/SarahG/spinodal_decomp_06_2025/out_MATLAB/NMG_MATLAB_2000_dt_5.50e-06_Nx_64_neumann_n_relax_425p_phi.csv
MATLAB,SAV,256,periodic,450p,None (10),1320,0.0,/project/g_bme-janeslab/SarahG/spinodal_decomp_06_2025/out_MATLAB/SAV_MATLAB_2000_dt_5.50e-06_Nx_256_periodic_n_relax_450p_phi.csv
Julia,SAV,512,periodic,50p,1050,1320,128.2531410906331,/project/g_bme-janeslab/SarahG/spinodal_decomp_06_2025/out_julia/SAV_Julia_2000_dt_5.50e-06_Nx_512_periodic_dtout_1050p_phi.csv
Julia,NMG,64,neumann,50p,1075,1320,35.29595971415982,/project/g_bme-janeslab/SarahG/spinodal_decomp_06_2025/out_julia/NMG_Julia_2000_dt_5.50e-06_Nx_64_neumann_dtout_1075p_phi.csv
Julia,NMG,512,periodic,50p,1050,1320,119.30742746686853,/project/g_bme-janeslab/SarahG/spinodal_decomp_06_2025/out_julia/NMG_Julia_2000_dt_5.50e-06_Nx_512_periodic_dtout_1050p_phi.csv
Julia,NMG,64,neumann,50p,1050,1320,17.683402430923433,/project/g_bme-janeslab/SarahG/spinodal_decomp_06_2025/out_julia/NMG_Julia_2000_dt_5.50e-06_Nx_64_neumann_dtout_1050p_phi.csv
Julia,NMG,512,periodic,50p,1075,1320,252.74297226745333,/project/g_bme-janeslab/SarahG/spinodal_decomp_06_2025/out_julia/NMG_Julia_2000_dt_5.50e-06_Nx_512_periodic_dtout_1075p_phi.csv
Julia,SAV,64,periodic,50p,1025,1320,34.282512536529424,/project/g_bme-janeslab/SarahG/spinodal_decomp_06_2025/out_julia/SAV_Julia_2000_dt_5.50e-06_Nx_64_periodic_dtout_1025p_phi.csv
Julia,SAV,256,periodic,50p,1075,1320,124.63882985584205,/project/g_bme-janeslab/SarahG/spinodal_decomp_06_2025/out_julia/SAV_Julia_2000_dt_5.50e-06_Nx_256_periodic_dtout_1075p_phi.csv
Julia,SAV,128,neumann,50p,1050,1320,24.921559085912968,/project/g_bme-janeslab/SarahG/spinodal_decomp_06_2025/out_julia/SAV_Julia_2000_dt_5.50e-06_Nx_128_neumann_dtout_1050p_phi.csv
Julia,NMG,256,periodic,50p,1025,1320,120.87338525209091,/project/g_bme-janeslab/SarahG/spinodal_decomp_06_2025/out_julia/NMG_Julia_2000_dt_5.50e-06_Nx_256_periodic_dtout_1025p_phi.csv
Julia,NMG,256,periodic,50p,1050,1320,32.41228897996357,/project/g_bme-janeslab/SarahG/spinodal_decomp_06_2025/out_julia/NMG_Julia_2000_dt_5.50e-06_Nx_256_periodic_dtout_1050p_phi.csv
Julia,SAV,512,periodic,50p,1025,1320,255.8931453723372,/project/g_bme-janeslab/SarahG/spinodal_decomp_06_2025/out_julia/SAV_Julia_2000_dt_5.50e-06_Nx_512_periodic_dtout_1025p_phi.csv
Julia,NMG,128,periodic,50p,1050,1320,25.05340130156021,/project/g_bme-janeslab/SarahG/spinodal_decomp_06_2025/out_julia/NMG_Julia_2000_dt_5.50e-06_Nx_128_periodic_dtout_1050p_phi.csv
Julia,NMG,512,neumann,50p,1025,1320,256.08260278056264,/project/g_bme-janeslab/SarahG/spinodal_decomp_06_2025/out_julia/NMG_Julia_2000_dt_5.50e-06_Nx_512_neumann_dtout_1025p_phi.csv
Julia,SAV,512,neumann,50p,1050,1320,128.6640243537216,/project/g_bme-janeslab/SarahG/spinodal_decomp_06_2025/out_julia/SAV_Julia_2000_dt_5.50e-06_Nx_512_neumann_dtout_1050p_phi.csv
Julia,SAV,64,neumann,50p,1075,1320,35.08001882083116,/project/g_bme-janeslab/SarahG/spinodal_decomp_06_2025/out_julia/SAV_Julia_2000_dt_5.50e-06_Nx_64_neumann_dtout_1075p_phi.csv
Julia,NMG,128,neumann,50p,1025,1320,65.51601172468688,/project/g_bme-janeslab/SarahG/spinodal_decomp_06_2025/out_julia/NMG_Julia_2000_dt_5.50e-06_Nx_128_neumann_dtout_1025p_phi.csv
Julia,NMG,512,neumann,50p,1075,1320,252.77546212439984,/project/g_bme-janeslab/SarahG/spinodal_decomp_06_2025/out_julia/NMG_Julia_2000_dt_5.50e-06_Nx_512_neumann_dtout_1075p_phi.csv
Julia,SAV,64,neumann,50p,1050,1320,17.018039564213744,/project/g_bme-janeslab/SarahG/spinodal_decomp_06_2025/out_julia/SAV_Julia_2000_dt_5.50e-06_Nx_64_neumann_dtout_1050p_phi.csv
Julia,NMG,64,periodic,50p,1050,1320,17.214592726341582,/project/g_bme-janeslab/SarahG/spinodal_decomp_06_2025/out_julia/NMG_Julia_2000_dt_5.50e-06_Nx_64_periodic_dtout_1050p_phi.csv
Julia,SAV,64,neumann,50p,1025,1320,34.498499137197115,/project/g_bme-janeslab/SarahG/spinodal_decomp_06_2025/out_julia/SAV_Julia_2000_dt_5.50e-06_Nx_64_neumann_dtout_1025p_phi.csv
Julia,SAV,64,periodic,50p,1050,1320,16.538901663745776,/project/g_bme-janeslab/SarahG/spinodal_decomp_06_2025/out_julia/SAV_Julia_2000_dt_5.50e-06_Nx_64_periodic_dtout_1050p_phi.csv
Julia,NMG,128,neumann,50p,1050,1320,25.611280073332043,/project/g_bme-janeslab/SarahG/spinodal_decomp_06_2025/out_julia/NMG_Julia_2000_dt_5.50e-06_Nx_128_neumann_dtout_1050p_phi.csv
Julia,NMG,512,periodic,50p,1025,1320,256.02036006170727,/project/g_bme-janeslab/SarahG/spinodal_decomp_06_2025/out_julia/NMG_Julia_2000_dt_5.50e-06_Nx_512_periodic_dtout_1025p_phi.csv
Julia,SAV,128,neumann,50p,1075,1320,66.44656110283744,/project/g_bme-janeslab/SarahG/spinodal_decomp_06_2025/out_julia/SAV_Julia_2000_dt_5.50e-06_Nx_128_neumann_dtout_1075p_phi.csv
Julia,NMG,64,periodic,50p,1025,1320,34.502709367116324,/project/g_bme-janeslab/SarahG/spinodal_decomp_06_2025/out_julia/NMG_Julia_2000_dt_5.50e-06_Nx_64_periodic_dtout_1025p_phi.csv
Julia,NMG,256,neumann,50p,1025,1320,120.88999886140219,/project/g_bme-janeslab/SarahG/spinodal_decomp_06_2025/out_julia/NMG_Julia_2000_dt_5.50e-06_Nx_256_neumann_dtout_1025p_phi.csv
Julia,NMG,128,periodic,50p,1025,1320,65.4526063115559,/project/g_bme-janeslab/SarahG/spinodal_decomp_06_2025/out_julia/NMG_Julia_2000_dt_5.50e-06_Nx_128_periodic_dtout_1025p_phi.csv
Julia,NMG,64,periodic,50p,1075,1320,35.05935815933718,/project/g_bme-janeslab/SarahG/spinodal_decomp_06_2025/out_julia/NMG_Julia_2000_dt_5.50e-06_Nx_64_periodic_dtout_1075p_phi.csv
Julia,SAV,512,periodic,50p,1075,1320,252.69590666036615,/project/g_bme-janeslab/SarahG/spinodal_decomp_06_2025/out_julia/SAV_Julia_2000_dt_5.50e-06_Nx_512_periodic_dtout_1075p_phi.csv
Julia,NMG,256,neumann,50p,1075,1320,124.8039597624549,/project/g_bme-janeslab/SarahG/spinodal_decomp_06_2025/out_julia/NMG_Julia_2000_dt_5.50e-06_Nx_256_neumann_dtout_1075p_phi.csv
Julia,SAV,256,periodic,50p,1050,1320,32.409717250144894,/project/g_bme-janeslab/SarahG/spinodal_decomp_06_2025/out_julia/SAV_Julia_2000_dt_5.50e-06_Nx_256_periodic_dtout_1050p_phi.csv
Julia,NMG,256,neumann,50p,1050,1320,32.41084555795449,/project/g_bme-janeslab/SarahG/spinodal_decomp_06_2025/out_julia/NMG_Julia_2000_dt_5.50e-06_Nx_256_neumann_dtout_1050p_phi.csv
Julia,SAV,128,periodic,50p,1050,1320,24.333075516486844,/project/g_bme-janeslab/SarahG/spinodal_decomp_06_2025/out_julia/SAV_Julia_2000_dt_5.50e-06_Nx_128_periodic_dtout_1050p_phi.csv
Julia,NMG,64,neumann,50p,1025,1320,34.72206175582135,/project/g_bme-janeslab/SarahG/spinodal_decomp_06_2025/out_julia/NMG_Julia_2000_dt_5.50e-06_Nx_64_neumann_dtout_1025p_phi.csv
Julia,SAV,256,neumann,50p,1025,1320,120.85776040096846,/project/g_bme-janeslab/SarahG/spinodal_decomp_06_2025/out_julia/SAV_Julia_2000_dt_5.50e-06_Nx_256_neumann_dtout_1025p_phi.csv
Julia,SAV,256,periodic,50p,1025,1320,120.84005291327527,/project/g_bme-janeslab/SarahG/spinodal_decomp_06_2025/out_julia/SAV_Julia_2000_dt_5.50e-06_Nx_256_periodic_dtout_1025p_phi.csv
Julia,SAV,128,periodic,50p,1075,1320,66.31615052296469,/project/g_bme-janeslab/SarahG/spinodal_decomp_06_2025/out_julia/SAV_Julia_2000_dt_5.50e-06_Nx_128_periodic_dtout_1075p_phi.csv
Julia,SAV,512,neumann,50p,1025,1320,255.95854240176007,/project/g_bme-janeslab/SarahG/spinodal_decomp_06_2025/out_julia/SAV_Julia_2000_dt_5.50e-06_Nx_512_neumann_dtout_1025p_phi.csv
Julia,NMG,256,periodic,50p,1075,1320,124.72392468257443,/project/g_bme-janeslab/SarahG/spinodal_decomp_06_2025/out_julia/NMG_Julia_2000_dt_5.50e-06_Nx_256_periodic_dtout_1075p_phi.csv
Julia,SAV,512,neumann,50p,1075,1320,252.73044294916056,/project/g_bme-janeslab/SarahG/spinodal_decomp_06_2025/out_julia/SAV_Julia_2000_dt_5.50e-06_Nx_512_neumann_dtout_1075p_phi.csv
Julia,SAV,256,neumann,50p,1075,1320,124.71917957799097,/project/g_bme-janeslab/SarahG/spinodal_decomp_06_2025/out_julia/SAV_Julia_2000_dt_5.50e-06_Nx_256_neumann_dtout_1075p_phi.csv
Julia,SAV,128,neumann,50p,1025,1320,65.41164608683958,/project/g_bme-janeslab/SarahG/spinodal_decomp_06_2025/out_julia/SAV_Julia_2000_dt_5.50e-06_Nx_128_neumann_dtout_1025p_phi.csv
Julia,NMG,128,neumann,50p,1075,1320,66.59342367066273,/project/g_bme-janeslab/SarahG/spinodal_decomp_06_2025/out_julia/NMG_Julia_2000_dt_5.50e-06_Nx_128_neumann_dtout_1075p_phi.csv
Julia,SAV,64,periodic,50p,1075,1320,34.846123614661025,/project/g_bme-janeslab/SarahG/spinodal_decomp_06_2025/out_julia/SAV_Julia_2000_dt_5.50e-06_Nx_64_periodic_dtout_1075p_phi.csv
Julia,NMG,512,neumann,50p,1050,1320,119.68907884077741,/project/g_bme-janeslab/SarahG/spinodal_decomp_06_2025/out_julia/NMG_Julia_2000_dt_5.50e-06_Nx_512_neumann_dtout_1050p_phi.csv
Julia,SAV,256,neumann,50p,1050,1320,32.40566456691041,/project/g_bme-janeslab/SarahG/spinodal_decomp_06_2025/out_julia/SAV_Julia_2000_dt_5.50e-06_Nx_256_neumann_dtout_1050p_phi.csv
Julia,NMG,128,periodic,50p,1075,1320,66.46025446349428,/project/g_bme-janeslab/SarahG/spinodal_decomp_06_2025/out_julia/NMG_Julia_2000_dt_5.50e-06_Nx_128_periodic_dtout_1075p_phi.csv
Julia,SAV,128,periodic,50p,1025,1320,65.3483751913995,/project/g_bme-janeslab/SarahG/spinodal_decomp_06_2025/out_julia/SAV_Julia_2000_dt_5.50e-06_Nx_128_periodic_dtout_1025p_phi.csv
Python,NMG,128,neumann,50p,125,1320,65.6127377187622,/project/g_bme-janeslab/SarahG/spinodal_decomp_06_2025/out_python/NMG_Python_20_dt_5.50e-06_Nx_128_neumann_dtout_125pphi.csv
Python,NMG,64,periodic,50p,175,1320,35.67288013097396,/project/g_bme-janeslab/SarahG/spinodal_decomp_06_2025/out_python/NMG_Python_20_dt_5.50e-06_Nx_64_periodic_dtout_175pphi.csv
Python,NMG,256,periodic,50p,150,1320,30.72386028333718,/project/g_bme-janeslab/SarahG/spinodal_decomp_06_2025/out_python/NMG_Python_20_dt_5.50e-06_Nx_256_periodic_dtout_150pphi.csv
Python,NMG,128,neumann,50p,175,1320,67.1215018846407,/project/g_bme-janeslab/SarahG/spinodal_decomp_06_2025/out_python/NMG_Python_20_dt_5.50e-06_Nx_128_neumann_dtout_175pphi.csv
Python,NMG,64,neumann,50p,150,1320,18.704200991015167,/project/g_bme-janeslab/SarahG/spinodal_decomp_06_2025/out_python/NMG_Python_20_dt_5.50e-06_Nx_64_neumann_dtout_150pphi.csv
Python,NMG,256,neumann,50p,150,1320,30.755762764797275,/project/g_bme-janeslab/SarahG/spinodal_decomp_06_2025/out_python/NMG_Python_20_dt_5.50e-06_Nx_256_neumann_dtout_150pphi.csv
Python,NMG,512,neumann,50p,125,1320,256.0217917054706,/project/g_bme-janeslab/SarahG/spinodal_decomp_06_2025/out_python/NMG_Python_20_dt_5.50e-06_Nx_512_neumann_dtout_125pphi.csv
Python,NMG,256,neumann,50p,175,1320,125.04017065007532,/project/g_bme-janeslab/SarahG/spinodal_decomp_06_2025/out_python/NMG_Python_20_dt_5.50e-06_Nx_256_neumann_dtout_175pphi.csv
Python,NMG,128,periodic,50p,150,1320,25.932292174590312,/project/g_bme-janeslab/SarahG/spinodal_decomp_06_2025/out_python/NMG_Python_20_dt_5.50e-06_Nx_128_periodic_dtout_150pphi.csv
Python,NMG,256,neumann,50p,125,1320,120.89908308766807,/project/g_bme-janeslab/SarahG/spinodal_decomp_06_2025/out_python/NMG_Python_20_dt_5.50e-06_Nx_256_neumann_dtout_125pphi.csv
Python,NMG,64,neumann,50p,175,1320,35.91599659759655,/project/g_bme-janeslab/SarahG/spinodal_decomp_06_2025/out_python/NMG_Python_20_dt_5.50e-06_Nx_64_neumann_dtout_175pphi.csv
Python,NMG,256,periodic,50p,125,1320,120.87965488206437,/project/g_bme-janeslab/SarahG/spinodal_decomp_06_2025/out_python/NMG_Python_20_dt_5.50e-06_Nx_256_periodic_dtout_125pphi.csv
Python,NMG,512,periodic,50p,150,1320,94.93093607943915,/project/g_bme-janeslab/SarahG/spinodal_decomp_06_2025/out_python/NMG_Python_20_dt_5.50e-06_Nx_512_periodic_dtout_150pphi.csv
Python,NMG,64,neumann,50p,125,1320,34.90357002124471,/project/g_bme-janeslab/SarahG/spinodal_decomp_06_2025/out_python/NMG_Python_20_dt_5.50e-06_Nx_64_neumann_dtout_125pphi.csv
Python,NMG,512,periodic,50p,125,1320,255.96330604936185,/project/g_bme-janeslab/SarahG/spinodal_decomp_06_2025/out_python/NMG_Python_20_dt_5.50e-06_Nx_512_periodic_dtout_125pphi.csv
Python,NMG,128,periodic,50p,175,1320,66.97789598374439,/project/g_bme-janeslab/SarahG/spinodal_decomp_06_2025/out_python/NMG_Python_20_dt_5.50e-06_Nx_128_periodic_dtout_175pphi.csv
Python,NMG,512,periodic,50p,175,1320,252.7087770563008,/project/g_bme-janeslab/SarahG/spinodal_decomp_06_2025/out_python/NMG_Python_20_dt_5.50e-06_Nx_512_periodic_dtout_175pphi.csv
Python,NMG,128,neumann,50p,150,1320,26.47905523644439,/project/g_bme-janeslab/SarahG/spinodal_decomp_06_2025/out_python/NMG_Python_20_dt_5.50e-06_Nx_128_neumann_dtout_150pphi.csv
Python,NMG,512,neumann,50p,175,1320,252.7325879091426,/project/g_bme-janeslab/SarahG/spinodal_decomp_06_2025/out_python/NMG_Python_20_dt_5.50e-06_Nx_512_neumann_dtout_175pphi.csv
Python,NMG,512,neumann,50p,150,1320,95.40320720267611,/project/g_bme-janeslab/SarahG/spinodal_decomp_06_2025/out_python/NMG_Python_20_dt_5.50e-06_Nx_512_neumann_dtout_150pphi.csv
Python,NMG,64,periodic,50p,125,1320,34.699523726358315,/project/g_bme-janeslab/SarahG/spinodal_decomp_06_2025/out_python/NMG_Python_20_dt_5.50e-06_Nx_64_periodic_dtout_125pphi.csv
Python,NMG,256,periodic,50p,175,1320,124.95697904085009,/project/g_bme-janeslab/SarahG/spinodal_decomp_06_2025/out_python/NMG_Python_20_dt_5.50e-06_Nx_256_periodic_dtout_175pphi.csv
Python,NMG,64,periodic,50p,150,1320,18.213929018114605,/project/g_bme-janeslab/SarahG/spinodal_decomp_06_2025/out_python/NMG_Python_20_dt_5.50e-06_Nx_64_periodic_dtout_150pphi.csv
Python,NMG,128,periodic,50p,125,1320,65.55675917488416,/project/g_bme-janeslab/SarahG/spinodal_decomp_06_2025/out_python/NMG_Python_20_dt_5.50e-06_Nx_128_periodic_dtout_125pphi.csv
MATLAB,SAV,64,periodic,450p,None (10),1360,0.0,/project/g_bme-janeslab/SarahG/spinodal_decomp_06_2025/out_MATLAB/SAV_MATLAB_2000_dt_5.50e-06_Nx_64_periodic_n_relax_450p_phi.csv
MATLAB,NMG,512,periodic,475p,None (10),1360,442.41692020277446,/project/g_bme-janeslab/SarahG/spinodal_decomp_06_2025/out_MATLAB/NMG_MATLAB_2000_dt_5.50e-06_Nx_512_periodic_n_relax_475p_phi.csv
MATLAB,NMG,512,neumann,450p,None (10),1360,443.1866798504871,/project/g_bme-janeslab/SarahG/spinodal_decomp_06_2025/out_MATLAB/NMG_MATLAB_2000_dt_5.50e-06_Nx_512_neumann_n_relax_450p_phi.csv
MATLAB,SAV,256,neumann,450p,None (10),1360,202.16382332496977,/project/g_bme-janeslab/SarahG/spinodal_decomp_06_2025/out_MATLAB/SAV_MATLAB_2000_dt_5.50e-06_Nx_256_neumann_n_relax_450p_phi.csv
MATLAB,SAV,64,neumann,475p,None (10),1360,34.11069340602058,/project/g_bme-janeslab/SarahG/spinodal_decomp_06_2025/out_MATLAB/SAV_MATLAB_2000_dt_5.50e-06_Nx_64_neumann_n_relax_475p_phi.csv
MATLAB,NMG,256,periodic,475p,None (10),1360,207.5511908010391,/project/g_bme-janeslab/SarahG/spinodal_decomp_06_2025/out_MATLAB/NMG_MATLAB_2000_dt_5.50e-06_Nx_256_periodic_n_relax_475p_phi.csv
MATLAB,NMG,128,neumann,425p,None (10),1360,0.0,/project/g_bme-janeslab/SarahG/spinodal_decomp_06_2025/out_MATLAB/NMG_MATLAB_2000_dt_5.50e-06_Nx_128_neumann_n_relax_425p_phi.csv
MATLAB,SAV,256,periodic,425p,None (10),1360,0.0,/project/g_bme-janeslab/SarahG/spinodal_decomp_06_2025/out_MATLAB/SAV_MATLAB_2000_dt_5.50e-06_Nx_256_periodic_n_relax_425p_phi.csv
MATLAB,NMG,128,periodic,475p,None (10),1360,74.75449407648759,/project/g_bme-janeslab/SarahG/spinodal_decomp_06_2025/out_MATLAB/NMG_MATLAB_2000_dt_5.50e-06_Nx_128_periodic_n_relax_475p_phi.csv
MATLAB,SAV,128,periodic,450p,None (10),1360,88.40738096769076,/project/g_bme-janeslab/SarahG/spinodal_decomp_06_2025/out_MATLAB/SAV_MATLAB_2000_dt_5.50e-06_Nx_128_periodic_n_relax_450p_phi.csv
MATLAB,NMG,128,neumann,450p,None (10),1360,86.29344555637363,/project/g_bme-janeslab/SarahG/spinodal_decomp_06_2025/out_MATLAB/NMG_MATLAB_2000_dt_5.50e-06_Nx_128_neumann_n_relax_450p_phi.csv
MATLAB,SAV,256,neumann,425p,None (10),1360,206.19144902307767,/project/g_bme-janeslab/SarahG/spinodal_decomp_06_2025/out_MATLAB/SAV_MATLAB_2000_dt_5.50e-06_Nx_256_neumann_n_relax_425p_phi.csv
MATLAB,SAV,512,periodic,450p,None (10),1360,0.0,/project/g_bme-janeslab/SarahG/spinodal_decomp_06_2025/out_MATLAB/SAV_MATLAB_2000_dt_5.50e-06_Nx_512_periodic_n_relax_450p_phi.csv
MATLAB,SAV,128,periodic,425p,None (10),1360,0.0,/project/g_bme-janeslab/SarahG/spinodal_decomp_06_2025/out_MATLAB/SAV_MATLAB_2000_dt_5.50e-06_Nx_128_periodic_n_relax_425p_phi.csv
MATLAB,NMG,512,neumann,425p,None (10),1360,443.3610920292081,/project/g_bme-janeslab/SarahG/spinodal_decomp_06_2025/out_MATLAB/NMG_MATLAB_2000_dt_5.50e-06_Nx_512_neumann_n_relax_425p_phi.csv
MATLAB,NMG,64,neumann,450p,None (10),1360,0.0,/project/g_bme-janeslab/SarahG/spinodal_decomp_06_2025/out_MATLAB/NMG_MATLAB_2000_dt_5.50e-06_Nx_64_neumann_n_relax_450p_phi.csv
MATLAB,NMG,64,periodic,450p,None (10),1360,27.609583752495123,/project/g_bme-janeslab/SarahG/spinodal_decomp_06_2025/out_MATLAB/NMG_MATLAB_2000_dt_5.50e-06_Nx_64_periodic_n_relax_450p_phi.csv
MATLAB,NMG,256,neumann,425p,None (10),1360,206.94086124054104,/project/g_bme-janeslab/SarahG/spinodal_decomp_06_2025/out_MATLAB/NMG_MATLAB_2000_dt_5.50e-06_Nx_256_neumann_n_relax_425p_phi.csv
MATLAB,SAV,64,neumann,425p,None (10),1360,0.0,/project/g_bme-janeslab/SarahG/spinodal_decomp_06_2025/out_MATLAB/SAV_MATLAB_2000_dt_5.50e-06_Nx_64_neumann_n_relax_425p_phi.csv
MATLAB,SAV,128,neumann,425p,None (10),1360,0.0,/project/g_bme-janeslab/SarahG/spinodal_decomp_06_2025/out_MATLAB/SAV_MATLAB_2000_dt_5.50e-06_Nx_128_neumann_n_relax_425p_phi.csv
MATLAB,NMG,128,periodic,425p,None (10),1360,77.59324255931708,/project/g_bme-janeslab/SarahG/spinodal_decomp_06_2025/out_MATLAB/NMG_MATLAB_2000_dt_5.50e-06_Nx_128_periodic_n_relax_425p_phi.csv
MATLAB,SAV,512,periodic,475p,None (10),1360,445.4644288370849,/project/g_bme-janeslab/SarahG/spinodal_decomp_06_2025/out_MATLAB/SAV_MATLAB_2000_dt_5.50e-06_Nx_512_periodic_n_relax_475p_phi.csv
MATLAB,SAV,512,neumann,475p,None (10),1360,447.6739610914225,/project/g_bme-janeslab/SarahG/spinodal_decomp_06_2025/out_MATLAB/SAV_MATLAB_2000_dt_5.50e-06_Nx_512_neumann_n_relax_475p_phi.csv
MATLAB,NMG,256,neumann,475p,None (10),1360,207.132397084935,/project/g_bme-janeslab/SarahG/spinodal_decomp_06_2025/out_MATLAB/NMG_MATLAB_2000_dt_5.50e-06_Nx_256_neumann_n_relax_475p_phi.csv
MATLAB,NMG,256,neumann,450p,None (10),1360,202.4493677674862,/project/g_bme-janeslab/SarahG/spinodal_decomp_06_2025/out_MATLAB/NMG_MATLAB_2000_dt_5.50e-06_Nx_256_neumann_n_relax_450p_phi.csv
MATLAB,SAV,512,periodic,425p,None (10),1360,447.4522653860389,/project/g_bme-janeslab/SarahG/spinodal_decomp_06_2025/out_MATLAB/SAV_MATLAB_2000_dt_5.50e-06_Nx_512_periodic_n_relax_425p_phi.csv
MATLAB,NMG,64,neumann,475p,None (10),1360,34.143825126713764,/project/g_bme-janeslab/SarahG/spinodal_decomp_06_2025/out_MATLAB/NMG_MATLAB_2000_dt_5.50e-06_Nx_64_neumann_n_relax_475p_phi.csv
MATLAB,SAV,128,periodic,475p,None (10),1360,75.18704837577343,/project/g_bme-janeslab/SarahG/spinodal_decomp_06_2025/out_MATLAB/SAV_MATLAB_2000_dt_5.50e-06_Nx_128_periodic_n_relax_475p_phi.csv
MATLAB,SAV,256,neumann,475p,None (10),1360,206.72994022841246,/project/g_bme-janeslab/SarahG/spinodal_decomp_06_2025/out_MATLAB/SAV_MATLAB_2000_dt_5.50e-06_Nx_256_neumann_n_relax_475p_phi.csv
MATLAB,NMG,512,periodic,450p,None (10),1360,443.0624850809572,/project/g_bme-janeslab/SarahG/spinodal_decomp_06_2025/out_MATLAB/NMG_MATLAB_2000_dt_5.50e-06_Nx_512_periodic_n_relax_450p_phi.csv
MATLAB,SAV,64,periodic,425p,None (10),1360,0.0,/project/g_bme-janeslab/SarahG/spinodal_decomp_06_2025/out_MATLAB/SAV_MATLAB_2000_dt_5.50e-06_Nx_64_periodic_n_relax_425p_phi.csv
MATLAB,SAV,512,neumann,425p,None (10),1360,446.4208879557055,/project/g_bme-janeslab/SarahG/spinodal_decomp_06_2025/out_MATLAB/SAV_MATLAB_2000_dt_5.50e-06_Nx_512_neumann_n_relax_425p_phi.csv
MATLAB,SAV,128,neumann,475p,None (10),1360,81.9556582620536,/project/g_bme-janeslab/SarahG/spinodal_decomp_06_2025/out_MATLAB/SAV_MATLAB_2000_dt_5.50e-06_Nx_128_neumann_n_relax_475p_phi.csv
MATLAB,SAV,512,neumann,450p,None (10),1360,443.5392471799552,/project/g_bme-janeslab/SarahG/spinodal_decomp_06_2025/out_MATLAB/SAV_MATLAB_2000_dt_5.50e-06_Nx_512_neumann_n_relax_450p_phi.csv
MATLAB,SAV,256,periodic,475p,None (10),1360,207.25431768497333,/project/g_bme-janeslab/SarahG/spinodal_decomp_06_2025/out_MATLAB/SAV_MATLAB_2000_dt_5.50e-06_Nx_256_periodic_n_relax_475p_phi.csv
MATLAB,NMG,256,periodic,450p,None (10),1360,203.3206652877536,/project/g_bme-janeslab/SarahG/spinodal_decomp_06_2025/out_MATLAB/NMG_MATLAB_2000_dt_5.50e-06_Nx_256_periodic_n_relax_450p_phi.csv
MATLAB,SAV,128,neumann,450p,None (10),1360,87.27587849752216,/project/g_bme-janeslab/SarahG/spinodal_decomp_06_2025/out_MATLAB/SAV_MATLAB_2000_dt_5.50e-06_Nx_128_neumann_n_relax_450p_phi.csv
MATLAB,NMG,64,periodic,475p,None (10),1360,33.154105044755774,/project/g_bme-janeslab/SarahG/spinodal_decomp_06_2025/out_MATLAB/NMG_MATLAB_2000_dt_5.50e-06_Nx_64_periodic_n_relax_475p_phi.csv
MATLAB,NMG,512,periodic,425p,None (10),1360,443.9717150873331,/project/g_bme-janeslab/SarahG/spinodal_decomp_06_2025/out_MATLAB/NMG_MATLAB_2000_dt_5.50e-06_Nx_512_periodic_n_relax_425p_phi.csv
MATLAB,NMG,128,periodic,450p,None (10),1360,88.8463083675106,/project/g_bme-janeslab/SarahG/spinodal_decomp_06_2025/out_MATLAB/NMG_MATLAB_2000_dt_5.50e-06_Nx_128_periodic_n_relax_450p_phi.csv
MATLAB,NMG,128,neumann,475p,None (10),1360,78.91825256584806,/project/g_bme-janeslab/SarahG/spinodal_decomp_06_2025/out_MATLAB/NMG_MATLAB_2000_dt_5.50e-06_Nx_128_neumann_n_relax_475p_phi.csv
MATLAB,NMG,256,periodic,425p,None (10),1360,206.7109813448419,/project/g_bme-janeslab/SarahG/spinodal_decomp_06_2025/out_MATLAB/NMG_MATLAB_2000_dt_5.50e-06_Nx_256_periodic_n_relax_425p_phi.csv
MATLAB,SAV,64,periodic,475p,None (10),1360,33.131673203155906,/project/g_bme-janeslab/SarahG/spinodal_decomp_06_2025/out_MATLAB/SAV_MATLAB_2000_dt_5.50e-06_Nx_64_periodic_n_relax_475p_phi.csv
MATLAB,NMG,512,neumann,475p,None (10),1360,442.99967388665914,/project/g_bme-janeslab/SarahG/spinodal_decomp_06_2025/out_MATLAB/NMG_MATLAB_2000_dt_5.50e-06_Nx_512_neumann_n_relax_475p_phi.csv
MATLAB,NMG,64,periodic,425p,None (10),1360,32.70678577321273,/project/g_bme-janeslab/SarahG/spinodal_decomp_06_2025/out_MATLAB/NMG_MATLAB_2000_dt_5.50e-06_Nx_64_periodic_n_relax_425p_phi.csv
MATLAB,SAV,64,neumann,450p,None (10),1360,0.0,/project/g_bme-janeslab/SarahG/spinodal_decomp_06_2025/out_MATLAB/SAV_MATLAB_2000_dt_5.50e-06_Nx_64_neumann_n_relax_450p_phi.csv
MATLAB,NMG,64,neumann,425p,None (10),1360,0.0,/project/g_bme-janeslab/SarahG/spinodal_decomp_06_2025/out_MATLAB/NMG_MATLAB_2000_dt_5.50e-06_Nx_64_neumann_n_relax_425p_phi.csv
MATLAB,SAV,256,periodic,450p,None (10),1360,0.0,/project/g_bme-janeslab/SarahG/spinodal_decomp_06_2025/out_MATLAB/SAV_MATLAB_2000_dt_5.50e-06_Nx_256_periodic_n_relax_450p_phi.csv
Julia,SAV,512,periodic,50p,1050,1360,131.37140465242257,/project/g_bme-janeslab/SarahG/spinodal_decomp_06_2025/out_julia/SAV_Julia_2000_dt_5.50e-06_Nx_512_periodic_dtout_1050p_phi.csv
Julia,NMG,64,neumann,50p,1075,1360,35.26968027984287,/project/g_bme-janeslab/SarahG/spinodal_decomp_06_2025/out_julia/NMG_Julia_2000_dt_5.50e-06_Nx_64_neumann_dtout_1075p_phi.csv
Julia,NMG,512,periodic,50p,1050,1360,121.92454508901878,/project/g_bme-janeslab/SarahG/spinodal_decomp_06_2025/out_julia/NMG_Julia_2000_dt_5.50e-06_Nx_512_periodic_dtout_1050p_phi.csv
Julia,NMG,64,neumann,50p,1050,1360,17.641776928620214,/project/g_bme-janeslab/SarahG/spinodal_decomp_06_2025/out_julia/NMG_Julia_2000_dt_5.50e-06_Nx_64_neumann_dtout_1050p_phi.csv
Julia,NMG,512,periodic,50p,1075,1360,252.74685251535914,/project/g_bme-janeslab/SarahG/spinodal_decomp_06_2025/out_julia/NMG_Julia_2000_dt_5.50e-06_Nx_512_periodic_dtout_1075p_phi.csv
Julia,SAV,64,periodic,50p,1025,1360,34.26606447392129,/project/g_bme-janeslab/SarahG/spinodal_decomp_06_2025/out_julia/SAV_Julia_2000_dt_5.50e-06_Nx_64_periodic_dtout_1025p_phi.csv
Julia,SAV,256,periodic,50p,1075,1360,124.6361648192361,/project/g_bme-janeslab/SarahG/spinodal_decomp_06_2025/out_julia/SAV_Julia_2000_dt_5.50e-06_Nx_256_periodic_dtout_1075p_phi.csv
Julia,SAV,128,neumann,50p,1050,1360,24.8668699002013,/project/g_bme-janeslab/SarahG/spinodal_decomp_06_2025/out_julia/SAV_Julia_2000_dt_5.50e-06_Nx_128_neumann_dtout_1050p_phi.csv
Julia,NMG,256,periodic,50p,1025,1360,120.86070831028631,/project/g_bme-janeslab/SarahG/spinodal_decomp_06_2025/out_julia/NMG_Julia_2000_dt_5.50e-06_Nx_256_periodic_dtout_1025p_phi.csv
Julia,NMG,256,periodic,50p,1050,1360,32.57220711027138,/project/g_bme-janeslab/SarahG/spinodal_decomp_06_2025/out_julia/NMG_Julia_2000_dt_5.50e-06_Nx_256_periodic_dtout_1050p_phi.csv
Julia,SAV,512,periodic,50p,1025,1360,255.89741242573083,/project/g_bme-janeslab/SarahG/spinodal_decomp_06_2025/out_julia/SAV_Julia_2000_dt_5.50e-06_Nx_512_periodic_dtout_1025p_phi.csv
Julia,NMG,128,periodic,50p,1050,1360,24.984327616829738,/project/g_bme-janeslab/SarahG/spinodal_decomp_06_2025/out_julia/NMG_Julia_2000_dt_5.50e-06_Nx_128_periodic_dtout_1050p_phi.csv
Julia,NMG,512,neumann,50p,1025,1360,256.0803693841711,/project/g_bme-janeslab/SarahG/spinodal_decomp_06_2025/out_julia/NMG_Julia_2000_dt_5.50e-06_Nx_512_neumann_dtout_1025p_phi.csv
Julia,SAV,512,neumann,50p,1050,1360,131.76156456484648,/project/g_bme-janeslab/SarahG/spinodal_decomp_06_2025/out_julia/SAV_Julia_2000_dt_5.50e-06_Nx_512_neumann_dtout_1050p_phi.csv
Julia,SAV,64,neumann,50p,1075,1360,35.054628819796555,/project/g_bme-janeslab/SarahG/spinodal_decomp_06_2025/out_julia/SAV_Julia_2000_dt_5.50e-06_Nx_64_neumann_dtout_1075p_phi.csv
Julia,NMG,128,neumann,50p,1025,1360,65.48884785643806,/project/g_bme-janeslab/SarahG/spinodal_decomp_06_2025/out_julia/NMG_Julia_2000_dt_5.50e-06_Nx_128_neumann_dtout_1025p_phi.csv
Julia,NMG,512,neumann,50p,1075,1360,252.7793574719472,/project/g_bme-janeslab/SarahG/spinodal_decomp_06_2025/out_julia/NMG_Julia_2000_dt_5.50e-06_Nx_512_neumann_dtout_1075p_phi.csv
Julia,SAV,64,neumann,50p,1050,1360,16.98598451567189,/project/g_bme-janeslab/SarahG/spinodal_decomp_06_2025/out_julia/SAV_Julia_2000_dt_5.50e-06_Nx_64_neumann_dtout_1050p_phi.csv
Julia,NMG,64,periodic,50p,1050,1360,17.171678839356034,/project/g_bme-janeslab/SarahG/spinodal_decomp_06_2025/out_julia/NMG_Julia_2000_dt_5.50e-06_Nx_64_periodic_dtout_1050p_phi.csv
Julia,SAV,64,neumann,50p,1025,1360,34.48178058780344,/project/g_bme-janeslab/SarahG/spinodal_decomp_06_2025/out_julia/SAV_Julia_2000_dt_5.50e-06_Nx_64_neumann_dtout_1025p_phi.csv
Julia,SAV,64,periodic,50p,1050,1360,16.505562693212887,/project/g_bme-janeslab/SarahG/spinodal_decomp_06_2025/out_julia/SAV_Julia_2000_dt_5.50e-06_Nx_64_periodic_dtout_1050p_phi.csv
Julia,NMG,128,neumann,50p,1050,1360,25.547558100140456,/project/g_bme-janeslab/SarahG/spinodal_decomp_06_2025/out_julia/NMG_Julia_2000_dt_5.50e-06_Nx_128_neumann_dtout_1050p_phi.csv
Julia,NMG,512,periodic,50p,1025,1360,256.01849747776794,/project/g_bme-janeslab/SarahG/spinodal_decomp_06_2025/out_julia/NMG_Julia_2000_dt_5.50e-06_Nx_512_periodic_dtout_1025p_phi.csv
Julia,SAV,128,neumann,50p,1075,1360,66.4407042240943,/project/g_bme-janeslab/SarahG/spinodal_decomp_06_2025/out_julia/SAV_Julia_2000_dt_5.50e-06_Nx_128_neumann_dtout_1075p_phi.csv
Julia,NMG,64,periodic,50p,1025,1360,34.47756256796169,/project/g_bme-janeslab/SarahG/spinodal_decomp_06_2025/out_julia/NMG_Julia_2000_dt_5.50e-06_Nx_64_periodic_dtout_1025p_phi.csv
Julia,NMG,256,neumann,50p,1025,1360,120.8772636921786,/project/g_bme-janeslab/SarahG/spinodal_decomp_06_2025/out_julia/NMG_Julia_2000_dt_5.50e-06_Nx_256_neumann_dtout_1025p_phi.csv
Julia,NMG,128,periodic,50p,1025,1360,65.42539379771841,/project/g_bme-janeslab/SarahG/spinodal_decomp_06_2025/out_julia/NMG_Julia_2000_dt_5.50e-06_Nx_128_periodic_dtout_1025p_phi.csv
Julia,NMG,64,periodic,50p,1075,1360,35.03467225564332,/project/g_bme-janeslab/SarahG/spinodal_decomp_06_2025/out_julia/NMG_Julia_2000_dt_5.50e-06_Nx_64_periodic_dtout_1075p_phi.csv
Julia,SAV,512,periodic,50p,1075,1360,252.7013768976193,/project/g_bme-janeslab/SarahG/spinodal_decomp_06_2025/out_julia/SAV_Julia_2000_dt_5.50e-06_Nx_512_periodic_dtout_1075p_phi.csv
Julia,NMG,256,neumann,50p,1075,1360,124.80066800864462,/project/g_bme-janeslab/SarahG/spinodal_decomp_06_2025/out_julia/NMG_Julia_2000_dt_5.50e-06_Nx_256_neumann_dtout_1075p_phi.csv
Julia,SAV,256,periodic,50p,1050,1360,32.57765828434234,/project/g_bme-janeslab/SarahG/spinodal_decomp_06_2025/out_julia/SAV_Julia_2000_dt_5.50e-06_Nx_256_periodic_dtout_1050p_phi.csv
Julia,NMG,256,neumann,50p,1050,1360,32.57100698813575,/project/g_bme-janeslab/SarahG/spinodal_decomp_06_2025/out_julia/NMG_Julia_2000_dt_5.50e-06_Nx_256_neumann_dtout_1050p_phi.csv
Julia,SAV,128,periodic,50p,1050,1360,24.274351209367776,/project/g_bme-janeslab/SarahG/spinodal_decomp_06_2025/out_julia/SAV_Julia_2000_dt_5.50e-06_Nx_128_periodic_dtout_1050p_phi.csv
Julia,NMG,64,neumann,50p,1025,1360,34.696229928208496,/project/g_bme-janeslab/SarahG/spinodal_decomp_06_2025/out_julia/NMG_Julia_2000_dt_5.50e-06_Nx_64_neumann_dtout_1025p_phi.csv
Julia,SAV,256,neumann,50p,1025,1360,120.84480376693506,/project/g_bme-janeslab/SarahG/spinodal_decomp_06_2025/out_julia/SAV_Julia_2000_dt_5.50e-06_Nx_256_neumann_dtout_1025p_phi.csv
Julia,SAV,256,periodic,50p,1025,1360,120.82716625300243,/project/g_bme-janeslab/SarahG/spinodal_decomp_06_2025/out_julia/SAV_Julia_2000_dt_5.50e-06_Nx_256_periodic_dtout_1025p_phi.csv
Julia,SAV,128,periodic,50p,1075,1360,66.31049793466616,/project/g_bme-janeslab/SarahG/spinodal_decomp_06_2025/out_julia/SAV_Julia_2000_dt_5.50e-06_Nx_128_periodic_dtout_1075p_phi.csv
Julia,SAV,512,neumann,50p,1025,1360,255.96234611480003,/project/g_bme-janeslab/SarahG/spinodal_decomp_06_2025/out_julia/SAV_Julia_2000_dt_5.50e-06_Nx_512_neumann_dtout_1025p_phi.csv
Julia,NMG,256,periodic,50p,1075,1360,124.71998591611492,/project/g_bme-janeslab/SarahG/spinodal_decomp_06_2025/out_julia/NMG_Julia_2000_dt_5.50e-06_Nx_256_periodic_dtout_1075p_phi.csv
Julia,SAV,512,neumann,50p,1075,1360,252.73592906271807,/project/g_bme-janeslab/SarahG/spinodal_decomp_06_2025/out_julia/SAV_Julia_2000_dt_5.50e-06_Nx_512_neumann_dtout_1075p_phi.csv
Julia,SAV,256,neumann,50p,1075,1360,124.71728680998545,/project/g_bme-janeslab/SarahG/spinodal_decomp_06_2025/out_julia/SAV_Julia_2000_dt_5.50e-06_Nx_256_neumann_dtout_1075p_phi.csv
Julia,SAV,128,neumann,50p,1025,1360,65.38691551009995,/project/g_bme-janeslab/SarahG/spinodal_decomp_06_2025/out_julia/SAV_Julia_2000_dt_5.50e-06_Nx_128_neumann_dtout_1025p_phi.csv
Julia,NMG,128,neumann,50p,1075,1360,66.58340070040917,/project/g_bme-janeslab/SarahG/spinodal_decomp_06_2025/out_julia/NMG_Julia_2000_dt_5.50e-06_Nx_128_neumann_dtout_1075p_phi.csv
Julia,SAV,64,periodic,50p,1075,1360,34.82294536798363,/project/g_bme-janeslab/SarahG/spinodal_decomp_06_2025/out_julia/SAV_Julia_2000_dt_5.50e-06_Nx_64_periodic_dtout_1075p_phi.csv
Julia,NMG,512,neumann,50p,1050,1360,122.2881078860283,/project/g_bme-janeslab/SarahG/spinodal_decomp_06_2025/out_julia/NMG_Julia_2000_dt_5.50e-06_Nx_512_neumann_dtout_1050p_phi.csv
Julia,SAV,256,neumann,50p,1050,1360,32.57383808787863,/project/g_bme-janeslab/SarahG/spinodal_decomp_06_2025/out_julia/SAV_Julia_2000_dt_5.50e-06_Nx_256_neumann_dtout_1050p_phi.csv
Julia,NMG,128,periodic,50p,1075,1360,66.45037880136334,/project/g_bme-janeslab/SarahG/spinodal_decomp_06_2025/out_julia/NMG_Julia_2000_dt_5.50e-06_Nx_128_periodic_dtout_1075p_phi.csv
Julia,SAV,128,periodic,50p,1025,1360,65.3235846594858,/project/g_bme-janeslab/SarahG/spinodal_decomp_06_2025/out_julia/SAV_Julia_2000_dt_5.50e-06_Nx_128_periodic_dtout_1025p_phi.csv
Python,NMG,128,neumann,50p,125,1360,65.58608772263285,/project/g_bme-janeslab/SarahG/spinodal_decomp_06_2025/out_python/NMG_Python_20_dt_5.50e-06_Nx_128_neumann_dtout_125pphi.csv
Python,NMG,64,periodic,50p,175,1360,35.62286320732736,/project/g_bme-janeslab/SarahG/spinodal_decomp_06_2025/out_python/NMG_Python_20_dt_5.50e-06_Nx_64_periodic_dtout_175pphi.csv
Python,NMG,256,periodic,50p,150,1360,30.81522199987565,/project/g_bme-janeslab/SarahG/spinodal_decomp_06_2025/out_python/NMG_Python_20_dt_5.50e-06_Nx_256_periodic_dtout_150pphi.csv
Python,NMG,128,neumann,50p,175,1360,67.08752509633918,/project/g_bme-janeslab/SarahG/spinodal_decomp_06_2025/out_python/NMG_Python_20_dt_5.50e-06_Nx_128_neumann_dtout_175pphi.csv
Python,NMG,64,neumann,50p,150,1360,18.59394489811261,/project/g_bme-janeslab/SarahG/spinodal_decomp_06_2025/out_python/NMG_Python_20_dt_5.50e-06_Nx_64_neumann_dtout_150pphi.csv
Python,NMG,256,neumann,50p,150,1360,30.843597703039627,/project/g_bme-janeslab/SarahG/spinodal_decomp_06_2025/out_python/NMG_Python_20_dt_5.50e-06_Nx_256_neumann_dtout_150pphi.csv
Python,NMG,512,neumann,50p,125,1360,256.01684537563443,/project/g_bme-janeslab/SarahG/spinodal_decomp_06_2025/out_python/NMG_Python_20_dt_5.50e-06_Nx_512_neumann_dtout_125pphi.csv
Python,NMG,256,neumann,50p,175,1360,125.02310481769067,/project/g_bme-janeslab/SarahG/spinodal_decomp_06_2025/out_python/NMG_Python_20_dt_5.50e-06_Nx_256_neumann_dtout_175pphi.csv
Python,NMG,128,periodic,50p,150,1360,25.81446462478909,/project/g_bme-janeslab/SarahG/spinodal_decomp_06_2025/out_python/NMG_Python_20_dt_5.50e-06_Nx_128_periodic_dtout_150pphi.csv
Python,NMG,256,neumann,50p,125,1360,120.89324720571949,/project/g_bme-janeslab/SarahG/spinodal_decomp_06_2025/out_python/NMG_Python_20_dt_5.50e-06_Nx_256_neumann_dtout_125pphi.csv
Python,NMG,64,neumann,50p,175,1360,35.86792290421683,/project/g_bme-janeslab/SarahG/spinodal_decomp_06_2025/out_python/NMG_Python_20_dt_5.50e-06_Nx_64_neumann_dtout_175pphi.csv
Python,NMG,256,periodic,50p,125,1360,120.87338468199086,/project/g_bme-janeslab/SarahG/spinodal_decomp_06_2025/out_python/NMG_Python_20_dt_5.50e-06_Nx_256_periodic_dtout_125pphi.csv
Python,NMG,512,periodic,50p,150,1360,96.14744358332966,/project/g_bme-janeslab/SarahG/spinodal_decomp_06_2025/out_python/NMG_Python_20_dt_5.50e-06_Nx_512_periodic_dtout_150pphi.csv
Python,NMG,64,neumann,50p,125,1360,34.861565228144435,/project/g_bme-janeslab/SarahG/spinodal_decomp_06_2025/out_python/NMG_Python_20_dt_5.50e-06_Nx_64_neumann_dtout_125pphi.csv
Python,NMG,512,periodic,50p,125,1360,255.95851711881312,/project/g_bme-janeslab/SarahG/spinodal_decomp_06_2025/out_python/NMG_Python_20_dt_5.50e-06_Nx_512_periodic_dtout_125pphi.csv
Python,NMG,128,periodic,50p,175,1360,66.94352959763243,/project/g_bme-janeslab/SarahG/spinodal_decomp_06_2025/out_python/NMG_Python_20_dt_5.50e-06_Nx_128_periodic_dtout_175pphi.csv
Python,NMG,512,periodic,50p,175,1360,252.70617720907782,/project/g_bme-janeslab/SarahG/spinodal_decomp_06_2025/out_python/NMG_Python_20_dt_5.50e-06_Nx_512_periodic_dtout_175pphi.csv
Python,NMG,128,neumann,50p,150,1360,26.35976920487511,/project/g_bme-janeslab/SarahG/spinodal_decomp_06_2025/out_python/NMG_Python_20_dt_5.50e-06_Nx_128_neumann_dtout_150pphi.csv
Python,NMG,512,neumann,50p,175,1360,252.7300720210065,/project/g_bme-janeslab/SarahG/spinodal_decomp_06_2025/out_python/NMG_Python_20_dt_5.50e-06_Nx_512_neumann_dtout_175pphi.csv
Python,NMG,512,neumann,50p,150,1360,96.62675492775057,/project/g_bme-janeslab/SarahG/spinodal_decomp_06_2025/out_python/NMG_Python_20_dt_5.50e-06_Nx_512_neumann_dtout_150pphi.csv
Python,NMG,64,periodic,50p,125,1360,34.657965555042544,/project/g_bme-janeslab/SarahG/spinodal_decomp_06_2025/out_python/NMG_Python_20_dt_5.50e-06_Nx_64_periodic_dtout_125pphi.csv
Python,NMG,256,periodic,50p,175,1360,124.93979596614906,/project/g_bme-janeslab/SarahG/spinodal_decomp_06_2025/out_python/NMG_Python_20_dt_5.50e-06_Nx_256_periodic_dtout_175pphi.csv
Python,NMG,64,periodic,50p,150,1360,18.10408515843912,/project/g_bme-janeslab/SarahG/spinodal_decomp_06_2025/out_python/NMG_Python_20_dt_5.50e-06_Nx_64_periodic_dtout_150pphi.csv
Python,NMG,128,periodic,50p,125,1360,65.5297037706316,/project/g_bme-janeslab/SarahG/spinodal_decomp_06_2025/out_python/NMG_Python_20_dt_5.50e-06_Nx_128_periodic_dtout_125pphi.csv
MATLAB,SAV,64,periodic,450p,None (10),1400,0.0,/project/g_bme-janeslab/SarahG/spinodal_decomp_06_2025/out_MATLAB/SAV_MATLAB_2000_dt_5.50e-06_Nx_64_periodic_n_relax_450p_phi.csv
MATLAB,NMG,512,periodic,475p,None (10),1400,442.77167695762506,/project/g_bme-janeslab/SarahG/spinodal_decomp_06_2025/out_MATLAB/NMG_MATLAB_2000_dt_5.50e-06_Nx_512_periodic_n_relax_475p_phi.csv
MATLAB,NMG,512,neumann,450p,None (10),1400,444.08639814016294,/project/g_bme-janeslab/SarahG/spinodal_decomp_06_2025/out_MATLAB/NMG_MATLAB_2000_dt_5.50e-06_Nx_512_neumann_n_relax_450p_phi.csv
MATLAB,SAV,256,neumann,450p,None (10),1400,202.61587697050354,/project/g_bme-janeslab/SarahG/spinodal_decomp_06_2025/out_MATLAB/SAV_MATLAB_2000_dt_5.50e-06_Nx_256_neumann_n_relax_450p_phi.csv
MATLAB,SAV,64,neumann,475p,None (10),1400,34.16901270433041,/project/g_bme-janeslab/SarahG/spinodal_decomp_06_2025/out_MATLAB/SAV_MATLAB_2000_dt_5.50e-06_Nx_64_neumann_n_relax_475p_phi.csv
MATLAB,NMG,256,periodic,475p,None (10),1400,207.83538400212203,/project/g_bme-janeslab/SarahG/spinodal_decomp_06_2025/out_MATLAB/NMG_MATLAB_2000_dt_5.50e-06_Nx_256_periodic_n_relax_475p_phi.csv
MATLAB,NMG,128,neumann,425p,None (10),1400,0.0,/project/g_bme-janeslab/SarahG/spinodal_decomp_06_2025/out_MATLAB/NMG_MATLAB_2000_dt_5.50e-06_Nx_128_neumann_n_relax_425p_phi.csv
MATLAB,SAV,256,periodic,425p,None (10),1400,0.0,/project/g_bme-janeslab/SarahG/spinodal_decomp_06_2025/out_MATLAB/SAV_MATLAB_2000_dt_5.50e-06_Nx_256_periodic_n_relax_425p_phi.csv
MATLAB,NMG,128,periodic,475p,None (10),1400,75.41753172405262,/project/g_bme-janeslab/SarahG/spinodal_decomp_06_2025/out_MATLAB/NMG_MATLAB_2000_dt_5.50e-06_Nx_128_periodic_n_relax_475p_phi.csv
MATLAB,SAV,128,periodic,450p,None (10),1400,88.70379092624832,/project/g_bme-janeslab/SarahG/spinodal_decomp_06_2025/out_MATLAB/SAV_MATLAB_2000_dt_5.50e-06_Nx_128_periodic_n_relax_450p_phi.csv
MATLAB,NMG,128,neumann,450p,None (10),1400,86.62122692715431,/project/g_bme-janeslab/SarahG/spinodal_decomp_06_2025/out_MATLAB/NMG_MATLAB_2000_dt_5.50e-06_Nx_128_neumann_n_relax_450p_phi.csv
MATLAB,SAV,256,neumann,425p,None (10),1400,206.52251142535724,/project/g_bme-janeslab/SarahG/spinodal_decomp_06_2025/out_MATLAB/SAV_MATLAB_2000_dt_5.50e-06_Nx_256_neumann_n_relax_425p_phi.csv
MATLAB,SAV,512,periodic,450p,None (10),1400,0.0,/project/g_bme-janeslab/SarahG/spinodal_decomp_06_2025/out_MATLAB/SAV_MATLAB_2000_dt_5.50e-06_Nx_512_periodic_n_relax_450p_phi.csv
MATLAB,SAV,128,periodic,425p,None (10),1400,0.0,/project/g_bme-janeslab/SarahG/spinodal_decomp_06_2025/out_MATLAB/SAV_MATLAB_2000_dt_5.50e-06_Nx_128_periodic_n_relax_425p_phi.csv
MATLAB,NMG,512,neumann,425p,None (10),1400,444.0566977775643,/project/g_bme-janeslab/SarahG/spinodal_decomp_06_2025/out_MATLAB/NMG_MATLAB_2000_dt_5.50e-06_Nx_512_neumann_n_relax_425p_phi.csv
MATLAB,NMG,64,neumann,450p,None (10),1400,0.0,/project/g_bme-janeslab/SarahG/spinodal_decomp_06_2025/out_MATLAB/NMG_MATLAB_2000_dt_5.50e-06_Nx_64_neumann_n_relax_450p_phi.csv
MATLAB,NMG,64,periodic,450p,None (10),1400,28.126477746715175,/project/g_bme-janeslab/SarahG/spinodal_decomp_06_2025/out_MATLAB/NMG_MATLAB_2000_dt_5.50e-06_Nx_64_periodic_n_relax_450p_phi.csv
MATLAB,NMG,256,neumann,425p,None (10),1400,207.22903783964168,/project/g_bme-janeslab/SarahG/spinodal_decomp_06_2025/out_MATLAB/NMG_MATLAB_2000_dt_5.50e-06_Nx_256_neumann_n_relax_425p_phi.csv
MATLAB,SAV,64,neumann,425p,None (10),1400,0.0,/project/g_bme-janeslab/SarahG/spinodal_decomp_06_2025/out_MATLAB/SAV_MATLAB_2000_dt_5.50e-06_Nx_64_neumann_n_relax_425p_phi.csv
MATLAB,SAV,128,neumann,425p,None (10),1400,0.0,/project/g_bme-janeslab/SarahG/spinodal_decomp_06_2025/out_MATLAB/SAV_MATLAB_2000_dt_5.50e-06_Nx_128_neumann_n_relax_425p_phi.csv
MATLAB,NMG,128,periodic,425p,None (10),1400,78.24575381601646,/project/g_bme-janeslab/SarahG/spinodal_decomp_06_2025/out_MATLAB/NMG_MATLAB_2000_dt_5.50e-06_Nx_128_periodic_n_relax_425p_phi.csv
MATLAB,SAV,512,periodic,475p,None (10),1400,445.708462959732,/project/g_bme-janeslab/SarahG/spinodal_decomp_06_2025/out_MATLAB/SAV_MATLAB_2000_dt_5.50e-06_Nx_512_periodic_n_relax_475p_phi.csv
MATLAB,SAV,512,neumann,475p,None (10),1400,447.7333522444135,/project/g_bme-janeslab/SarahG/spinodal_decomp_06_2025/out_MATLAB/SAV_MATLAB_2000_dt_5.50e-06_Nx_512_neumann_n_relax_475p_phi.csv
MATLAB,NMG,256,neumann,475p,None (10),1400,207.50342779636577,/project/g_bme-janeslab/SarahG/spinodal_decomp_06_2025/out_MATLAB/NMG_MATLAB_2000_dt_5.50e-06_Nx_256_neumann_n_relax_475p_phi.csv
MATLAB,NMG,256,neumann,450p,None (10),1400,202.91177457419823,/project/g_bme-janeslab/SarahG/spinodal_decomp_06_2025/out_MATLAB/NMG_MATLAB_2000_dt_5.50e-06_Nx_256_neumann_n_relax_450p_phi.csv
MATLAB,SAV,512,periodic,425p,None (10),1400,447.5590491555937,/project/g_bme-janeslab/SarahG/spinodal_decomp_06_2025/out_MATLAB/SAV_MATLAB_2000_dt_5.50e-06_Nx_512_periodic_n_relax_425p_phi.csv
MATLAB,NMG,64,neumann,475p,None (10),1400,34.20345547453436,/project/g_bme-janeslab/SarahG/spinodal_decomp_06_2025/out_MATLAB/NMG_MATLAB_2000_dt_5.50e-06_Nx_64_neumann_n_relax_475p_phi.csv
MATLAB,SAV,128,periodic,475p,None (10),1400,75.86039576160852,/project/g_bme-janeslab/SarahG/spinodal_decomp_06_2025/out_MATLAB/SAV_MATLAB_2000_dt_5.50e-06_Nx_128_periodic_n_relax_475p_phi.csv
MATLAB,SAV,256,neumann,475p,None (10),1400,207.10635054116918,/project/g_bme-janeslab/SarahG/spinodal_decomp_06_2025/out_MATLAB/SAV_MATLAB_2000_dt_5.50e-06_Nx_256_neumann_n_relax_475p_phi.csv
MATLAB,NMG,512,periodic,450p,None (10),1400,443.9788702770065,/project/g_bme-janeslab/SarahG/spinodal_decomp_06_2025/out_MATLAB/NMG_MATLAB_2000_dt_5.50e-06_Nx_512_periodic_n_relax_450p_phi.csv
MATLAB,SAV,64,periodic,425p,None (10),1400,0.0,/project/g_bme-janeslab/SarahG/spinodal_decomp_06_2025/out_MATLAB/SAV_MATLAB_2000_dt_5.50e-06_Nx_64_periodic_n_relax_425p_phi.csv
MATLAB,SAV,512,neumann,425p,None (10),1400,446.8251419202032,/project/g_bme-janeslab/SarahG/spinodal_decomp_06_2025/out_MATLAB/SAV_MATLAB_2000_dt_5.50e-06_Nx_512_neumann_n_relax_425p_phi.csv
MATLAB,SAV,128,neumann,475p,None (10),1400,82.64107080813446,/project/g_bme-janeslab/SarahG/spinodal_decomp_06_2025/out_MATLAB/SAV_MATLAB_2000_dt_5.50e-06_Nx_128_neumann_n_relax_475p_phi.csv
MATLAB,SAV,512,neumann,450p,None (10),1400,444.1664247956456,/project/g_bme-janeslab/SarahG/spinodal_decomp_06_2025/out_MATLAB/SAV_MATLAB_2000_dt_5.50e-06_Nx_512_neumann_n_relax_450p_phi.csv
MATLAB,SAV,256,periodic,475p,None (10),1400,207.53889024319912,/project/g_bme-janeslab/SarahG/spinodal_decomp_06_2025/out_MATLAB/SAV_MATLAB_2000_dt_5.50e-06_Nx_256_periodic_n_relax_475p_phi.csv
MATLAB,NMG,256,periodic,450p,None (10),1400,203.74732097717117,/project/g_bme-janeslab/SarahG/spinodal_decomp_06_2025/out_MATLAB/NMG_MATLAB_2000_dt_5.50e-06_Nx_256_periodic_n_relax_450p_phi.csv
MATLAB,SAV,128,neumann,450p,None (10),1400,87.58615489881069,/project/g_bme-janeslab/SarahG/spinodal_decomp_06_2025/out_MATLAB/SAV_MATLAB_2000_dt_5.50e-06_Nx_128_neumann_n_relax_450p_phi.csv
MATLAB,NMG,64,periodic,475p,None (10),1400,33.175109249114335,/project/g_bme-janeslab/SarahG/spinodal_decomp_06_2025/out_MATLAB/NMG_MATLAB_2000_dt_5.50e-06_Nx_64_periodic_n_relax_475p_phi.csv
MATLAB,NMG,512,periodic,425p,None (10),1400,444.41502484127864,/project/g_bme-janeslab/SarahG/spinodal_decomp_06_2025/out_MATLAB/NMG_MATLAB_2000_dt_5.50e-06_Nx_512_periodic_n_relax_425p_phi.csv
MATLAB,NMG,128,periodic,450p,None (10),1400,89.1335852593532,/project/g_bme-janeslab/SarahG/spinodal_decomp_06_2025/out_MATLAB/NMG_MATLAB_2000_dt_5.50e-06_Nx_128_periodic_n_relax_450p_phi.csv
MATLAB,NMG,128,neumann,475p,None (10),1400,79.61942546246235,/project/g_bme-janeslab/SarahG/spinodal_decomp_06_2025/out_MATLAB/NMG_MATLAB_2000_dt_5.50e-06_Nx_128_neumann_n_relax_475p_phi.csv
MATLAB,NMG,256,periodic,425p,None (10),1400,206.97015487963606,/project/g_bme-janeslab/SarahG/spinodal_decomp_06_2025/out_MATLAB/NMG_MATLAB_2000_dt_5.50e-06_Nx_256_periodic_n_relax_425p_phi.csv
MATLAB,SAV,64,periodic,475p,None (10),1400,33.15186992822986,/project/g_bme-janeslab/SarahG/spinodal_decomp_06_2025/out_MATLAB/SAV_MATLAB_2000_dt_5.50e-06_Nx_64_periodic_n_relax_475p_phi.csv
MATLAB,NMG,512,neumann,475p,None (10),1400,443.6204824539795,/project/g_bme-janeslab/SarahG/spinodal_decomp_06_2025/out_MATLAB/NMG_MATLAB_2000_dt_5.50e-06_Nx_512_neumann_n_relax_475p_phi.csv
MATLAB,NMG,64,periodic,425p,None (10),1400,32.71555589261371,/project/g_bme-janeslab/SarahG/spinodal_decomp_06_2025/out_MATLAB/NMG_MATLAB_2000_dt_5.50e-06_Nx_64_periodic_n_relax_425p_phi.csv
MATLAB,SAV,64,neumann,450p,None (10),1400,0.0,/project/g_bme-janeslab/SarahG/spinodal_decomp_06_2025/out_MATLAB/SAV_MATLAB_2000_dt_5.50e-06_Nx_64_neumann_n_relax_450p_phi.csv
MATLAB,NMG,64,neumann,425p,None (10),1400,0.0,/project/g_bme-janeslab/SarahG/spinodal_decomp_06_2025/out_MATLAB/NMG_MATLAB_2000_dt_5.50e-06_Nx_64_neumann_n_relax_425p_phi.csv
MATLAB,SAV,256,periodic,450p,None (10),1400,0.0,/project/g_bme-janeslab/SarahG/spinodal_decomp_06_2025/out_MATLAB/SAV_MATLAB_2000_dt_5.50e-06_Nx_256_periodic_n_relax_450p_phi.csv
Julia,SAV,512,periodic,50p,1050,1400,134.23308324611847,/project/g_bme-janeslab/SarahG/spinodal_decomp_06_2025/out_julia/SAV_Julia_2000_dt_5.50e-06_Nx_512_periodic_dtout_1050p_phi.csv
Julia,NMG,64,neumann,50p,1075,1400,35.229697955527605,/project/g_bme-janeslab/SarahG/spinodal_decomp_06_2025/out_julia/NMG_Julia_2000_dt_5.50e-06_Nx_64_neumann_dtout_1075p_phi.csv
Julia,NMG,512,periodic,50p,1050,1400,124.35423110206406,/project/g_bme-janeslab/SarahG/spinodal_decomp_06_2025/out_julia/NMG_Julia_2000_dt_5.50e-06_Nx_512_periodic_dtout_1050p_phi.csv
Julia,NMG,64,neumann,50p,1050,1400,17.526103553469348,/project/g_bme-janeslab/SarahG/spinodal_decomp_06_2025/out_julia/NMG_Julia_2000_dt_5.50e-06_Nx_64_neumann_dtout_1050p_phi.csv
Julia,NMG,512,periodic,50p,1075,1400,252.76132089788217,/project/g_bme-janeslab/SarahG/spinodal_decomp_06_2025/out_julia/NMG_Julia_2000_dt_5.50e-06_Nx_512_periodic_dtout_1075p_phi.csv
Julia,SAV,64,periodic,50p,1025,1400,34.230725525174094,/project/g_bme-janeslab/SarahG/spinodal_decomp_06_2025/out_julia/SAV_Julia_2000_dt_5.50e-06_Nx_64_periodic_dtout_1025p_phi.csv
Julia,SAV,256,periodic,50p,1075,1400,124.62186692864935,/project/g_bme-janeslab/SarahG/spinodal_decomp_06_2025/out_julia/SAV_Julia_2000_dt_5.50e-06_Nx_256_periodic_dtout_1075p_phi.csv
Julia,SAV,128,neumann,50p,1050,1400,24.79094480391147,/project/g_bme-janeslab/SarahG/spinodal_decomp_06_2025/out_julia/SAV_Julia_2000_dt_5.50e-06_Nx_128_neumann_dtout_1050p_phi.csv
Julia,NMG,256,periodic,50p,1025,1400,120.85605461722216,/project/g_bme-janeslab/SarahG/spinodal_decomp_06_2025/out_julia/NMG_Julia_2000_dt_5.50e-06_Nx_256_periodic_dtout_1025p_phi.csv
Julia,NMG,256,periodic,50p,1050,1400,32.741495773319514,/project/g_bme-janeslab/SarahG/spinodal_decomp_06_2025/out_julia/NMG_Julia_2000_dt_5.50e-06_Nx_256_periodic_dtout_1050p_phi.csv
Julia,SAV,512,periodic,50p,1025,1400,255.9157099241863,/project/g_bme-janeslab/SarahG/spinodal_decomp_06_2025/out_julia/SAV_Julia_2000_dt_5.50e-06_Nx_512_periodic_dtout_1025p_phi.csv
Julia,NMG,128,periodic,50p,1050,1400,24.8937540894418,/project/g_bme-janeslab/SarahG/spinodal_decomp_06_2025/out_julia/NMG_Julia_2000_dt_5.50e-06_Nx_128_periodic_dtout_1050p_phi.csv
Julia,NMG,512,neumann,50p,1025,1400,256.0952528748138,/project/g_bme-janeslab/SarahG/spinodal_decomp_06_2025/out_julia/NMG_Julia_2000_dt_5.50e-06_Nx_512_neumann_dtout_1025p_phi.csv
Julia,SAV,512,neumann,50p,1050,1400,134.61439153357193,/project/g_bme-janeslab/SarahG/spinodal_decomp_06_2025/out_julia/SAV_Julia_2000_dt_5.50e-06_Nx_512_neumann_dtout_1050p_phi.csv
Julia,SAV,64,neumann,50p,1075,1400,35.022555524392416,/project/g_bme-janeslab/SarahG/spinodal_decomp_06_2025/out_julia/SAV_Julia_2000_dt_5.50e-06_Nx_64_neumann_dtout_1075p_phi.csv
Julia,NMG,128,neumann,50p,1025,1400,65.4658400511674,/project/g_bme-janeslab/SarahG/spinodal_decomp_06_2025/out_julia/NMG_Julia_2000_dt_5.50e-06_Nx_128_neumann_dtout_1025p_phi.csv
Julia,NMG,512,neumann,50p,1075,1400,252.7937460490132,/project/g_bme-janeslab/SarahG/spinodal_decomp_06_2025/out_julia/NMG_Julia_2000_dt_5.50e-06_Nx_512_neumann_dtout_1075p_phi.csv
Julia,SAV,64,neumann,50p,1050,1400,16.886323062132224,/project/g_bme-janeslab/SarahG/spinodal_decomp_06_2025/out_julia/SAV_Julia_2000_dt_5.50e-06_Nx_64_neumann_dtout_1050p_phi.csv
Julia,NMG,64,periodic,50p,1050,1400,17.0535714821395,/project/g_bme-janeslab/SarahG/spinodal_decomp_06_2025/out_julia/NMG_Julia_2000_dt_5.50e-06_Nx_64_periodic_dtout_1050p_phi.csv
Julia,SAV,64,neumann,50p,1025,1400,34.444176746410136,/project/g_bme-janeslab/SarahG/spinodal_decomp_06_2025/out_julia/SAV_Julia_2000_dt_5.50e-06_Nx_64_neumann_dtout_1025p_phi.csv
Julia,SAV,64,periodic,50p,1050,1400,16.403418155153844,/project/g_bme-janeslab/SarahG/spinodal_decomp_06_2025/out_julia/SAV_Julia_2000_dt_5.50e-06_Nx_64_periodic_dtout_1050p_phi.csv
Julia,NMG,128,neumann,50p,1050,1400,25.459521482934104,/project/g_bme-janeslab/SarahG/spinodal_decomp_06_2025/out_julia/NMG_Julia_2000_dt_5.50e-06_Nx_128_neumann_dtout_1050p_phi.csv
Julia,NMG,512,periodic,50p,1025,1400,256.03303372689027,/project/g_bme-janeslab/SarahG/spinodal_decomp_06_2025/out_julia/NMG_Julia_2000_dt_5.50e-06_Nx_512_periodic_dtout_1025p_phi.csv
Julia,SAV,128,neumann,50p,1075,1400,66.42060483593981,/project/g_bme-janeslab/SarahG/spinodal_decomp_06_2025/out_julia/SAV_Julia_2000_dt_5.50e-06_Nx_128_neumann_dtout_1075p_phi.csv
Julia,NMG,64,periodic,50p,1025,1400,34.44609585440044,/project/g_bme-janeslab/SarahG/spinodal_decomp_06_2025/out_julia/NMG_Julia_2000_dt_5.50e-06_Nx_64_periodic_dtout_1025p_phi.csv
Julia,NMG,256,neumann,50p,1025,1400,120.8726026265793,/project/g_bme-janeslab/SarahG/spinodal_decomp_06_2025/out_julia/NMG_Julia_2000_dt_5.50e-06_Nx_256_neumann_dtout_1025p_phi.csv
Julia,NMG,128,periodic,50p,1025,1400,65.4021743607475,/project/g_bme-janeslab/SarahG/spinodal_decomp_06_2025/out_julia/NMG_Julia_2000_dt_5.50e-06_Nx_128_periodic_dtout_1025p_phi.csv
Julia,NMG,64,periodic,50p,1075,1400,34.99477114097252,/project/g_bme-janeslab/SarahG/spinodal_decomp_06_2025/out_julia/NMG_Julia_2000_dt_5.50e-06_Nx_64_periodic_dtout_1075p_phi.csv
Julia,SAV,512,periodic,50p,1075,1400,252.7197336906351,/project/g_bme-janeslab/SarahG/spinodal_decomp_06_2025/out_julia/SAV_Julia_2000_dt_5.50e-06_Nx_512_periodic_dtout_1075p_phi.csv
Julia,NMG,256,neumann,50p,1075,1400,124.78443474579294,/project/g_bme-janeslab/SarahG/spinodal_decomp_06_2025/out_julia/NMG_Julia_2000_dt_5.50e-06_Nx_256_neumann_dtout_1075p_phi.csv
Julia,SAV,256,periodic,50p,1050,1400,32.75574038034617,/project/g_bme-janeslab/SarahG/spinodal_decomp_06_2025/out_julia/SAV_Julia_2000_dt_5.50e-06_Nx_256_periodic_dtout_1050p_phi.csv
Julia,NMG,256,neumann,50p,1050,1400,32.7428492092094,/project/g_bme-janeslab/SarahG/spinodal_decomp_06_2025/out_julia/NMG_Julia_2000_dt_5.50e-06_Nx_256_neumann_dtout_1050p_phi.csv
Julia,SAV,128,periodic,50p,1050,1400,24.196637928919877,/project/g_bme-janeslab/SarahG/spinodal_decomp_06_2025/out_julia/SAV_Julia_2000_dt_5.50e-06_Nx_128_periodic_dtout_1050p_phi.csv
Julia,NMG,64,neumann,50p,1025,1400,34.66184900251641,/project/g_bme-janeslab/SarahG/spinodal_decomp_06_2025/out_julia/NMG_Julia_2000_dt_5.50e-06_Nx_64_neumann_dtout_1025p_phi.csv
Julia,SAV,256,neumann,50p,1025,1400,120.8406790413008,/project/g_bme-janeslab/SarahG/spinodal_decomp_06_2025/out_julia/SAV_Julia_2000_dt_5.50e-06_Nx_256_neumann_dtout_1025p_phi.csv
Julia,SAV,256,periodic,50p,1025,1400,120.82307507566452,/project/g_bme-janeslab/SarahG/spinodal_decomp_06_2025/out_julia/SAV_Julia_2000_dt_5.50e-06_Nx_256_periodic_dtout_1025p_phi.csv
Julia,SAV,128,periodic,50p,1075,1400,66.2908006477307,/project/g_bme-janeslab/SarahG/spinodal_decomp_06_2025/out_julia/SAV_Julia_2000_dt_5.50e-06_Nx_128_periodic_dtout_1075p_phi.csv
Julia,SAV,512,neumann,50p,1025,1400,255.9810865844588,/project/g_bme-janeslab/SarahG/spinodal_decomp_06_2025/out_julia/SAV_Julia_2000_dt_5.50e-06_Nx_512_neumann_dtout_1025p_phi.csv
Julia,NMG,256,periodic,50p,1075,1400,124.70410933312424,/project/g_bme-janeslab/SarahG/spinodal_decomp_06_2025/out_julia/NMG_Julia_2000_dt_5.50e-06_Nx_256_periodic_dtout_1075p_phi.csv
Julia,SAV,512,neumann,50p,1075,1400,252.7541980176919,/project/g_bme-janeslab/SarahG/spinodal_decomp_06_2025/out_julia/SAV_Julia_2000_dt_5.50e-06_Nx_512_neumann_dtout_1075p_phi.csv
Julia,SAV,256,neumann,50p,1075,1400,124.7025925542549,/project/g_bme-janeslab/SarahG/spinodal_decomp_06_2025/out_julia/SAV_Julia_2000_dt_5.50e-06_Nx_256_neumann_dtout_1075p_phi.csv
Julia,SAV,128,neumann,50p,1025,1400,65.36436606000987,/project/g_bme-janeslab/SarahG/spinodal_decomp_06_2025/out_julia/SAV_Julia_2000_dt_5.50e-06_Nx_128_neumann_dtout_1025p_phi.csv
Julia,NMG,128,neumann,50p,1075,1400,66.56261655654404,/project/g_bme-janeslab/SarahG/spinodal_decomp_06_2025/out_julia/NMG_Julia_2000_dt_5.50e-06_Nx_128_neumann_dtout_1075p_phi.csv
Julia,SAV,64,periodic,50p,1075,1400,34.791684851726195,/project/g_bme-janeslab/SarahG/spinodal_decomp_06_2025/out_julia/SAV_Julia_2000_dt_5.50e-06_Nx_64_periodic_dtout_1075p_phi.csv
Julia,NMG,512,neumann,50p,1050,1400,124.70937570134656,/project/g_bme-janeslab/SarahG/spinodal_decomp_06_2025/out_julia/NMG_Julia_2000_dt_5.50e-06_Nx_512_neumann_dtout_1050p_phi.csv
Julia,SAV,256,neumann,50p,1050,1400,32.75444770037003,/project/g_bme-janeslab/SarahG/spinodal_decomp_06_2025/out_julia/SAV_Julia_2000_dt_5.50e-06_Nx_256_neumann_dtout_1050p_phi.csv
Julia,NMG,128,periodic,50p,1075,1400,66.42984183134095,/project/g_bme-janeslab/SarahG/spinodal_decomp_06_2025/out_julia/NMG_Julia_2000_dt_5.50e-06_Nx_128_periodic_dtout_1075p_phi.csv
Julia,SAV,128,periodic,50p,1025,1400,65.30067846200764,/project/g_bme-janeslab/SarahG/spinodal_decomp_06_2025/out_julia/SAV_Julia_2000_dt_5.50e-06_Nx_128_periodic_dtout_1025p_phi.csv
Python,NMG,128,neumann,50p,125,1400,65.56341268038145,/project/g_bme-janeslab/SarahG/spinodal_decomp_06_2025/out_python/NMG_Python_20_dt_5.50e-06_Nx_128_neumann_dtout_125pphi.csv
Python,NMG,64,periodic,50p,175,1400,35.57177790960418,/project/g_bme-janeslab/SarahG/spinodal_decomp_06_2025/out_python/NMG_Python_20_dt_5.50e-06_Nx_64_periodic_dtout_175pphi.csv
Python,NMG,256,periodic,50p,150,1400,30.91353268715746,/project/g_bme-janeslab/SarahG/spinodal_decomp_06_2025/out_python/NMG_Python_20_dt_5.50e-06_Nx_256_periodic_dtout_150pphi.csv
Python,NMG,128,neumann,50p,175,1400,67.0399323212714,/project/g_bme-janeslab/SarahG/spinodal_decomp_06_2025/out_python/NMG_Python_20_dt_5.50e-06_Nx_128_neumann_dtout_175pphi.csv
Python,NMG,64,neumann,50p,150,1400,18.487625575559857,/project/g_bme-janeslab/SarahG/spinodal_decomp_06_2025/out_python/NMG_Python_20_dt_5.50e-06_Nx_64_neumann_dtout_150pphi.csv
Python,NMG,256,neumann,50p,150,1400,30.941948187981495,/project/g_bme-janeslab/SarahG/spinodal_decomp_06_2025/out_python/NMG_Python_20_dt_5.50e-06_Nx_256_neumann_dtout_150pphi.csv
Python,NMG,512,neumann,50p,125,1400,256.01186643568934,/project/g_bme-janeslab/SarahG/spinodal_decomp_06_2025/out_python/NMG_Python_20_dt_5.50e-06_Nx_512_neumann_dtout_125pphi.csv
Python,NMG,256,neumann,50p,175,1400,125.00468537415766,/project/g_bme-janeslab/SarahG/spinodal_decomp_06_2025/out_python/NMG_Python_20_dt_5.50e-06_Nx_256_neumann_dtout_175pphi.csv
Python,NMG,128,periodic,50p,150,1400,25.71745303793741,/project/g_bme-janeslab/SarahG/spinodal_decomp_06_2025/out_python/NMG_Python_20_dt_5.50e-06_Nx_128_periodic_dtout_150pphi.csv
Python,NMG,256,neumann,50p,125,1400,120.88864311512525,/project/g_bme-janeslab/SarahG/spinodal_decomp_06_2025/out_python/NMG_Python_20_dt_5.50e-06_Nx_256_neumann_dtout_125pphi.csv
Python,NMG,64,neumann,50p,175,1400,35.813458701707155,/project/g_bme-janeslab/SarahG/spinodal_decomp_06_2025/out_python/NMG_Python_20_dt_5.50e-06_Nx_64_neumann_dtout_175pphi.csv
Python,NMG,256,periodic,50p,125,1400,120.86842695523097,/project/g_bme-janeslab/SarahG/spinodal_decomp_06_2025/out_python/NMG_Python_20_dt_5.50e-06_Nx_256_periodic_dtout_125pphi.csv
Python,NMG,512,periodic,50p,150,1400,97.47699553937414,/project/g_bme-janeslab/SarahG/spinodal_decomp_06_2025/out_python/NMG_Python_20_dt_5.50e-06_Nx_512_periodic_dtout_150pphi.csv
Python,NMG,64,neumann,50p,125,1400,34.82022936568125,/project/g_bme-janeslab/SarahG/spinodal_decomp_06_2025/out_python/NMG_Python_20_dt_5.50e-06_Nx_64_neumann_dtout_125pphi.csv
Python,NMG,512,periodic,50p,125,1400,255.95298162197108,/project/g_bme-janeslab/SarahG/spinodal_decomp_06_2025/out_python/NMG_Python_20_dt_5.50e-06_Nx_512_periodic_dtout_125pphi.csv
Python,NMG,128,periodic,50p,175,1400,66.89865399060832,/project/g_bme-janeslab/SarahG/spinodal_decomp_06_2025/out_python/NMG_Python_20_dt_5.50e-06_Nx_128_periodic_dtout_175pphi.csv
Python,NMG,512,periodic,50p,175,1400,252.70160734603743,/project/g_bme-janeslab/SarahG/spinodal_decomp_06_2025/out_python/NMG_Python_20_dt_5.50e-06_Nx_512_periodic_dtout_175pphi.csv
Python,NMG,128,neumann,50p,150,1400,26.26333896212129,/project/g_bme-janeslab/SarahG/spinodal_decomp_06_2025/out_python/NMG_Python_20_dt_5.50e-06_Nx_128_neumann_dtout_150pphi.csv
Python,NMG,512,neumann,50p,175,1400,252.7255838775001,/project/g_bme-janeslab/SarahG/spinodal_decomp_06_2025/out_python/NMG_Python_20_dt_5.50e-06_Nx_512_neumann_dtout_175pphi.csv
Python,NMG,512,neumann,50p,150,1400,97.95321175894463,/project/g_bme-janeslab/SarahG/spinodal_decomp_06_2025/out_python/NMG_Python_20_dt_5.50e-06_Nx_512_neumann_dtout_150pphi.csv
Python,NMG,64,periodic,50p,125,1400,34.61850728698182,/project/g_bme-janeslab/SarahG/spinodal_decomp_06_2025/out_python/NMG_Python_20_dt_5.50e-06_Nx_64_periodic_dtout_125pphi.csv
Python,NMG,256,periodic,50p,175,1400,124.9206319945523,/project/g_bme-janeslab/SarahG/spinodal_decomp_06_2025/out_python/NMG_Python_20_dt_5.50e-06_Nx_256_periodic_dtout_175pphi.csv
Python,NMG,64,periodic,50p,150,1400,17.997205913553202,/project/g_bme-janeslab/SarahG/spinodal_decomp_06_2025/out_python/NMG_Python_20_dt_5.50e-06_Nx_64_periodic_dtout_150pphi.csv
Python,NMG,128,periodic,50p,125,1400,65.50666148965456,/project/g_bme-janeslab/SarahG/spinodal_decomp_06_2025/out_python/NMG_Python_20_dt_5.50e-06_Nx_128_periodic_dtout_125pphi.csv
MATLAB,SAV,64,periodic,450p,None (10),1440,0.0,/project/g_bme-janeslab/SarahG/spinodal_decomp_06_2025/out_MATLAB/SAV_MATLAB_2000_dt_5.50e-06_Nx_64_periodic_n_relax_450p_phi.csv
MATLAB,NMG,512,periodic,475p,None (10),1440,443.18218254388313,/project/g_bme-janeslab/SarahG/spinodal_decomp_06_2025/out_MATLAB/NMG_MATLAB_2000_dt_5.50e-06_Nx_512_periodic_n_relax_475p_phi.csv
MATLAB,NMG,512,neumann,450p,None (10),1440,444.9267481391932,/project/g_bme-janeslab/SarahG/spinodal_decomp_06_2025/out_MATLAB/NMG_MATLAB_2000_dt_5.50e-06_Nx_512_neumann_n_relax_450p_phi.csv
MATLAB,SAV,256,neumann,450p,None (10),1440,203.05207826257006,/project/g_bme-janeslab/SarahG/spinodal_decomp_06_2025/out_MATLAB/SAV_MATLAB_2000_dt_5.50e-06_Nx_256_neumann_n_relax_450p_phi.csv
MATLAB,SAV,64,neumann,475p,None (10),1440,34.22937570706251,/project/g_bme-janeslab/SarahG/spinodal_decomp_06_2025/out_MATLAB/SAV_MATLAB_2000_dt_5.50e-06_Nx_64_neumann_n_relax_475p_phi.csv
MATLAB,NMG,256,periodic,475p,None (10),1440,208.09829265952646,/project/g_bme-janeslab/SarahG/spinodal_decomp_06_2025/out_MATLAB/NMG_MATLAB_2000_dt_5.50e-06_Nx_256_periodic_n_relax_475p_phi.csv
MATLAB,NMG,128,neumann,425p,None (10),1440,0.0,/project/g_bme-janeslab/SarahG/spinodal_decomp_06_2025/out_MATLAB/NMG_MATLAB_2000_dt_5.50e-06_Nx_128_neumann_n_relax_425p_phi.csv
MATLAB,SAV,256,periodic,425p,None (10),1440,0.0,/project/g_bme-janeslab/SarahG/spinodal_decomp_06_2025/out_MATLAB/SAV_MATLAB_2000_dt_5.50e-06_Nx_256_periodic_n_relax_425p_phi.csv
MATLAB,NMG,128,periodic,475p,None (10),1440,76.09418439998562,/project/g_bme-janeslab/SarahG/spinodal_decomp_06_2025/out_MATLAB/NMG_MATLAB_2000_dt_5.50e-06_Nx_128_periodic_n_relax_475p_phi.csv
MATLAB,SAV,128,periodic,450p,None (10),1440,88.98942600683226,/project/g_bme-janeslab/SarahG/spinodal_decomp_06_2025/out_MATLAB/SAV_MATLAB_2000_dt_5.50e-06_Nx_128_periodic_n_relax_450p_phi.csv
MATLAB,NMG,128,neumann,450p,None (10),1440,86.94240435574662,/project/g_bme-janeslab/SarahG/spinodal_decomp_06_2025/out_MATLAB/NMG_MATLAB_2000_dt_5.50e-06_Nx_128_neumann_n_relax_450p_phi.csv
MATLAB,SAV,256,neumann,425p,None (10),1440,206.84566318497681,/project/g_bme-janeslab/SarahG/spinodal_decomp_06_2025/out_MATLAB/SAV_MATLAB_2000_dt_5.50e-06_Nx_256_neumann_n_relax_425p_phi.csv
MATLAB,SAV,512,periodic,450p,None (10),1440,0.0,/project/g_bme-janeslab/SarahG/spinodal_decomp_06_2025/out_MATLAB/SAV_MATLAB_2000_dt_5.50e-06_Nx_512_periodic_n_relax_450p_phi.csv
MATLAB,SAV,128,periodic,425p,None (10),1440,0.0,/project/g_bme-janeslab/SarahG/spinodal_decomp_06_2025/out_MATLAB/SAV_MATLAB_2000_dt_5.50e-06_Nx_128_periodic_n_relax_425p_phi.csv
MATLAB,NMG,512,neumann,425p,None (10),1440,444.59113751518316,/project/g_bme-janeslab/SarahG/spinodal_decomp_06_2025/out_MATLAB/NMG_MATLAB_2000_dt_5.50e-06_Nx_512_neumann_n_relax_425p_phi.csv
MATLAB,NMG,64,neumann,450p,None (10),1440,0.0,/project/g_bme-janeslab/SarahG/spinodal_decomp_06_2025/out_MATLAB/NMG_MATLAB_2000_dt_5.50e-06_Nx_64_neumann_n_relax_450p_phi.csv
MATLAB,NMG,64,periodic,450p,None (10),1440,28.634843598765343,/project/g_bme-janeslab/SarahG/spinodal_decomp_06_2025/out_MATLAB/NMG_MATLAB_2000_dt_5.50e-06_Nx_64_periodic_n_relax_450p_phi.csv
MATLAB,NMG,256,neumann,425p,None (10),1440,207.54005101634525,/project/g_bme-janeslab/SarahG/spinodal_decomp_06_2025/out_MATLAB/NMG_MATLAB_2000_dt_5.50e-06_Nx_256_neumann_n_relax_425p_phi.csv
MATLAB,SAV,64,neumann,425p,None (10),1440,0.0,/project/g_bme-janeslab/SarahG/spinodal_decomp_06_2025/out_MATLAB/SAV_MATLAB_2000_dt_5.50e-06_Nx_64_neumann_n_relax_425p_phi.csv
MATLAB,SAV,128,neumann,425p,None (10),1440,0.0,/project/g_bme-janeslab/SarahG/spinodal_decomp_06_2025/out_MATLAB/SAV_MATLAB_2000_dt_5.50e-06_Nx_128_neumann_n_relax_425p_phi.csv
MATLAB,NMG,128,periodic,425p,None (10),1440,78.89659136130314,/project/g_bme-janeslab/SarahG/spinodal_decomp_06_2025/out_MATLAB/NMG_MATLAB_2000_dt_5.50e-06_Nx_128_periodic_n_relax_425p_phi.csv
MATLAB,SAV,512,periodic,475p,None (10),1440,446.00251198138335,/project/g_bme-janeslab/SarahG/spinodal_decomp_06_2025/out_MATLAB/SAV_MATLAB_2000_dt_5.50e-06_Nx_512_periodic_n_relax_475p_phi.csv
MATLAB,SAV,512,neumann,475p,None (10),1440,0.0,/project/g_bme-janeslab/SarahG/spinodal_decomp_06_2025/out_MATLAB/SAV_MATLAB_2000_dt_5.50e-06_Nx_512_neumann_n_relax_475p_phi.csv
MATLAB,NMG,256,neumann,475p,None (10),1440,207.8100376399804,/project/g_bme-janeslab/SarahG/spinodal_decomp_06_2025/out_MATLAB/NMG_MATLAB_2000_dt_5.50e-06_Nx_256_neumann_n_relax_475p_phi.csv
MATLAB,NMG,256,neumann,450p,None (10),1440,203.35492712227145,/project/g_bme-janeslab/SarahG/spinodal_decomp_06_2025/out_MATLAB/NMG_MATLAB_2000_dt_5.50e-06_Nx_256_neumann_n_relax_450p_phi.csv
MATLAB,SAV,512,periodic,425p,None (10),1440,447.72763530543693,/project/g_bme-janeslab/SarahG/spinodal_decomp_06_2025/out_MATLAB/SAV_MATLAB_2000_dt_5.50e-06_Nx_512_periodic_n_relax_425p_phi.csv
MATLAB,NMG,64,neumann,475p,None (10),1440,34.26515531430293,/project/g_bme-janeslab/SarahG/spinodal_decomp_06_2025/out_MATLAB/NMG_MATLAB_2000_dt_5.50e-06_Nx_64_neumann_n_relax_475p_phi.csv
MATLAB,SAV,128,periodic,475p,None (10),1440,76.54564240763555,/project/g_bme-janeslab/SarahG/spinodal_decomp_06_2025/out_MATLAB/SAV_MATLAB_2000_dt_5.50e-06_Nx_128_periodic_n_relax_475p_phi.csv
MATLAB,SAV,256,neumann,475p,None (10),1440,207.41597091879242,/project/g_bme-janeslab/SarahG/spinodal_decomp_06_2025/out_MATLAB/SAV_MATLAB_2000_dt_5.50e-06_Nx_256_neumann_n_relax_475p_phi.csv
MATLAB,NMG,512,periodic,450p,None (10),1440,444.7891819483586,/project/g_bme-janeslab/SarahG/spinodal_decomp_06_2025/out_MATLAB/NMG_MATLAB_2000_dt_5.50e-06_Nx_512_periodic_n_relax_450p_phi.csv
MATLAB,SAV,64,periodic,425p,None (10),1440,0.0,/project/g_bme-janeslab/SarahG/spinodal_decomp_06_2025/out_MATLAB/SAV_MATLAB_2000_dt_5.50e-06_Nx_64_periodic_n_relax_425p_phi.csv
MATLAB,SAV,512,neumann,425p,None (10),1440,447.19482573458504,/project/g_bme-janeslab/SarahG/spinodal_decomp_06_2025/out_MATLAB/SAV_MATLAB_2000_dt_5.50e-06_Nx_512_neumann_n_relax_425p_phi.csv
MATLAB,SAV,128,neumann,475p,None (10),1440,83.31784272865475,/project/g_bme-janeslab/SarahG/spinodal_decomp_06_2025/out_MATLAB/SAV_MATLAB_2000_dt_5.50e-06_Nx_128_neumann_n_relax_475p_phi.csv
MATLAB,SAV,512,neumann,450p,None (10),1440,445.05905965212236,/project/g_bme-janeslab/SarahG/spinodal_decomp_06_2025/out_MATLAB/SAV_MATLAB_2000_dt_5.50e-06_Nx_512_neumann_n_relax_450p_phi.csv
MATLAB,SAV,256,periodic,475p,None (10),1440,207.79386574992813,/project/g_bme-janeslab/SarahG/spinodal_decomp_06_2025/out_MATLAB/SAV_MATLAB_2000_dt_5.50e-06_Nx_256_periodic_n_relax_475p_phi.csv
MATLAB,NMG,256,periodic,450p,None (10),1440,204.15249888026528,/project/g_bme-janeslab/SarahG/spinodal_decomp_06_2025/out_MATLAB/NMG_MATLAB_2000_dt_5.50e-06_Nx_256_periodic_n_relax_450p_phi.csv
MATLAB,SAV,128,neumann,450p,None (10),1440,87.88866260246157,/project/g_bme-janeslab/SarahG/spinodal_decomp_06_2025/out_MATLAB/SAV_MATLAB_2000_dt_5.50e-06_Nx_128_neumann_n_relax_450p_phi.csv
MATLAB,NMG,64,periodic,475p,None (10),1440,33.19708183279045,/project/g_bme-janeslab/SarahG/spinodal_decomp_06_2025/out_MATLAB/NMG_MATLAB_2000_dt_5.50e-06_Nx_64_periodic_n_relax_475p_phi.csv
MATLAB,NMG,512,periodic,425p,None (10),1440,444.79338784501573,/project/g_bme-janeslab/SarahG/spinodal_decomp_06_2025/out_MATLAB/NMG_MATLAB_2000_dt_5.50e-06_Nx_512_periodic_n_relax_425p_phi.csv
MATLAB,NMG,128,periodic,450p,None (10),1440,89.40999567850494,/project/g_bme-janeslab/SarahG/spinodal_decomp_06_2025/out_MATLAB/NMG_MATLAB_2000_dt_5.50e-06_Nx_128_periodic_n_relax_450p_phi.csv
MATLAB,NMG,128,neumann,475p,None (10),1440,80.3181734930018,/project/g_bme-janeslab/SarahG/spinodal_decomp_06_2025/out_MATLAB/NMG_MATLAB_2000_dt_5.50e-06_Nx_128_neumann_n_relax_475p_phi.csv
MATLAB,NMG,256,periodic,425p,None (10),1440,207.23031020539167,/project/g_bme-janeslab/SarahG/spinodal_decomp_06_2025/out_MATLAB/NMG_MATLAB_2000_dt_5.50e-06_Nx_256_periodic_n_relax_425p_phi.csv
MATLAB,SAV,64,periodic,475p,None (10),1440,33.17300672973527,/project/g_bme-janeslab/SarahG/spinodal_decomp_06_2025/out_MATLAB/SAV_MATLAB_2000_dt_5.50e-06_Nx_64_periodic_n_relax_475p_phi.csv
MATLAB,NMG,512,neumann,475p,None (10),1440,444.37184637626564,/project/g_bme-janeslab/SarahG/spinodal_decomp_06_2025/out_MATLAB/NMG_MATLAB_2000_dt_5.50e-06_Nx_512_neumann_n_relax_475p_phi.csv
MATLAB,NMG,64,periodic,425p,None (10),1440,32.72498023575614,/project/g_bme-janeslab/SarahG/spinodal_decomp_06_2025/out_MATLAB/NMG_MATLAB_2000_dt_5.50e-06_Nx_64_periodic_n_relax_425p_phi.csv
MATLAB,SAV,64,neumann,450p,None (10),1440,0.0,/project/g_bme-janeslab/SarahG/spinodal_decomp_06_2025/out_MATLAB/SAV_MATLAB_2000_dt_5.50e-06_Nx_64_neumann_n_relax_450p_phi.csv
MATLAB,NMG,64,neumann,425p,None (10),1440,0.0,/project/g_bme-janeslab/SarahG/spinodal_decomp_06_2025/out_MATLAB/NMG_MATLAB_2000_dt_5.50e-06_Nx_64_neumann_n_relax_425p_phi.csv
MATLAB,SAV,256,periodic,450p,None (10),1440,0.0,/project/g_bme-janeslab/SarahG/spinodal_decomp_06_2025/out_MATLAB/SAV_MATLAB_2000_dt_5.50e-06_Nx_256_periodic_n_relax_450p_phi.csv
Julia,SAV,512,periodic,50p,1050,1440,137.13991162898324,/project/g_bme-janeslab/SarahG/spinodal_decomp_06_2025/out_julia/SAV_Julia_2000_dt_5.50e-06_Nx_512_periodic_dtout_1050p_phi.csv
Julia,NMG,64,neumann,50p,1075,1440,35.217564258997804,/project/g_bme-janeslab/SarahG/spinodal_decomp_06_2025/out_julia/NMG_Julia_2000_dt_5.50e-06_Nx_64_neumann_dtout_1075p_phi.csv
Julia,NMG,512,periodic,50p,1050,1440,126.8262002421654,/project/g_bme-janeslab/SarahG/spinodal_decomp_06_2025/out_julia/NMG_Julia_2000_dt_5.50e-06_Nx_512_periodic_dtout_1050p_phi.csv
Julia,NMG,64,neumann,50p,1050,1440,17.47506345510727,/project/g_bme-janeslab/SarahG/spinodal_decomp_06_2025/out_julia/NMG_Julia_2000_dt_5.50e-06_Nx_64_neumann_dtout_1050p_phi.csv
Julia,NMG,512,periodic,50p,1075,1440,252.76179925281113,/project/g_bme-janeslab/SarahG/spinodal_decomp_06_2025/out_julia/NMG_Julia_2000_dt_5.50e-06_Nx_512_periodic_dtout_1075p_phi.csv
Julia,SAV,64,periodic,50p,1025,1440,34.21430631758488,/project/g_bme-janeslab/SarahG/spinodal_decomp_06_2025/out_julia/SAV_Julia_2000_dt_5.50e-06_Nx_64_periodic_dtout_1025p_phi.csv
Julia,SAV,256,periodic,50p,1075,1440,124.61489559020514,/project/g_bme-janeslab/SarahG/spinodal_decomp_06_2025/out_julia/SAV_Julia_2000_dt_5.50e-06_Nx_256_periodic_dtout_1075p_phi.csv
Julia,SAV,128,neumann,50p,1050,1440,24.7275179247822,/project/g_bme-janeslab/SarahG/spinodal_decomp_06_2025/out_julia/SAV_Julia_2000_dt_5.50e-06_Nx_128_neumann_dtout_1050p_phi.csv
Julia,NMG,256,periodic,50p,1025,1440,120.85597568375937,/project/g_bme-janeslab/SarahG/spinodal_decomp_06_2025/out_julia/NMG_Julia_2000_dt_5.50e-06_Nx_256_periodic_dtout_1025p_phi.csv
Julia,NMG,256,periodic,50p,1050,1440,32.93937551803839,/project/g_bme-janeslab/SarahG/spinodal_decomp_06_2025/out_julia/NMG_Julia_2000_dt_5.50e-06_Nx_256_periodic_dtout_1050p_phi.csv
Julia,SAV,512,periodic,50p,1025,1440,255.94376684860734,/project/g_bme-janeslab/SarahG/spinodal_decomp_06_2025/out_julia/SAV_Julia_2000_dt_5.50e-06_Nx_512_periodic_dtout_1025p_phi.csv
Julia,NMG,128,periodic,50p,1050,1440,24.816442070141616,/project/g_bme-janeslab/SarahG/spinodal_decomp_06_2025/out_julia/NMG_Julia_2000_dt_5.50e-06_Nx_128_periodic_dtout_1050p_phi.csv
Julia,NMG,512,neumann,50p,1025,1440,256.1112642401018,/project/g_bme-janeslab/SarahG/spinodal_decomp_06_2025/out_julia/NMG_Julia_2000_dt_5.50e-06_Nx_512_neumann_dtout_1025p_phi.csv
Julia,SAV,512,neumann,50p,1050,1440,137.520904938979,/project/g_bme-janeslab/SarahG/spinodal_decomp_06_2025/out_julia/SAV_Julia_2000_dt_5.50e-06_Nx_512_neumann_dtout_1050p_phi.csv
Julia,SAV,64,neumann,50p,1075,1440,35.01195144413225,/project/g_bme-janeslab/SarahG/spinodal_decomp_06_2025/out_julia/SAV_Julia_2000_dt_5.50e-06_Nx_64_neumann_dtout_1075p_phi.csv
Julia,NMG,128,neumann,50p,1025,1440,65.46125010480762,/project/g_bme-janeslab/SarahG/spinodal_decomp_06_2025/out_julia/NMG_Julia_2000_dt_5.50e-06_Nx_128_neumann_dtout_1025p_phi.csv
Julia,NMG,512,neumann,50p,1075,1440,252.79406281858772,/project/g_bme-janeslab/SarahG/spinodal_decomp_06_2025/out_julia/NMG_Julia_2000_dt_5.50e-06_Nx_512_neumann_dtout_1075p_phi.csv
Julia,SAV,64,neumann,50p,1050,1440,16.835957111866236,/project/g_bme-janeslab/SarahG/spinodal_decomp_06_2025/out_julia/SAV_Julia_2000_dt_5.50e-06_Nx_64_neumann_dtout_1050p_phi.csv
Julia,NMG,64,periodic,50p,1050,1440,17.00052185874732,/project/g_bme-janeslab/SarahG/spinodal_decomp_06_2025/out_julia/NMG_Julia_2000_dt_5.50e-06_Nx_64_periodic_dtout_1050p_phi.csv
Julia,SAV,64,neumann,50p,1025,1440,34.42829177358503,/project/g_bme-janeslab/SarahG/spinodal_decomp_06_2025/out_julia/SAV_Julia_2000_dt_5.50e-06_Nx_64_neumann_dtout_1025p_phi.csv
Julia,SAV,64,periodic,50p,1050,1440,16.351328858110005,/project/g_bme-janeslab/SarahG/spinodal_decomp_06_2025/out_julia/SAV_Julia_2000_dt_5.50e-06_Nx_64_periodic_dtout_1050p_phi.csv
Julia,NMG,128,neumann,50p,1050,1440,25.38455239542405,/project/g_bme-janeslab/SarahG/spinodal_decomp_06_2025/out_julia/NMG_Julia_2000_dt_5.50e-06_Nx_128_neumann_dtout_1050p_phi.csv
Julia,NMG,512,periodic,50p,1025,1440,256.0488478200491,/project/g_bme-janeslab/SarahG/spinodal_decomp_06_2025/out_julia/NMG_Julia_2000_dt_5.50e-06_Nx_512_periodic_dtout_1025p_phi.csv
Julia,SAV,128,neumann,50p,1075,1440,66.40159949053007,/project/g_bme-janeslab/SarahG/spinodal_decomp_06_2025/out_julia/SAV_Julia_2000_dt_5.50e-06_Nx_128_neumann_dtout_1075p_phi.csv
Julia,NMG,64,periodic,50p,1025,1440,34.418268073924246,/project/g_bme-janeslab/SarahG/spinodal_decomp_06_2025/out_julia/NMG_Julia_2000_dt_5.50e-06_Nx_64_periodic_dtout_1025p_phi.csv
Julia,NMG,256,neumann,50p,1025,1440,120.8725632929934,/project/g_bme-janeslab/SarahG/spinodal_decomp_06_2025/out_julia/NMG_Julia_2000_dt_5.50e-06_Nx_256_neumann_dtout_1025p_phi.csv
Julia,NMG,128,periodic,50p,1025,1440,65.39724119619108,/project/g_bme-janeslab/SarahG/spinodal_decomp_06_2025/out_julia/NMG_Julia_2000_dt_5.50e-06_Nx_128_periodic_dtout_1025p_phi.csv
Julia,NMG,64,periodic,50p,1075,1440,34.98350576601677,/project/g_bme-janeslab/SarahG/spinodal_decomp_06_2025/out_julia/NMG_Julia_2000_dt_5.50e-06_Nx_64_periodic_dtout_1075p_phi.csv
Julia,SAV,512,periodic,50p,1075,1440,252.7237883269235,/project/g_bme-janeslab/SarahG/spinodal_decomp_06_2025/out_julia/SAV_Julia_2000_dt_5.50e-06_Nx_512_periodic_dtout_1075p_phi.csv
Julia,NMG,256,neumann,50p,1075,1440,124.77715506433216,/project/g_bme-janeslab/SarahG/spinodal_decomp_06_2025/out_julia/NMG_Julia_2000_dt_5.50e-06_Nx_256_neumann_dtout_1075p_phi.csv
Julia,SAV,256,periodic,50p,1050,1440,32.966041443022526,/project/g_bme-janeslab/SarahG/spinodal_decomp_06_2025/out_julia/SAV_Julia_2000_dt_5.50e-06_Nx_256_periodic_dtout_1050p_phi.csv
Julia,NMG,256,neumann,50p,1050,1440,32.94404645887648,/project/g_bme-janeslab/SarahG/spinodal_decomp_06_2025/out_julia/NMG_Julia_2000_dt_5.50e-06_Nx_256_neumann_dtout_1050p_phi.csv
Julia,SAV,128,periodic,50p,1050,1440,24.12995195905159,/project/g_bme-janeslab/SarahG/spinodal_decomp_06_2025/out_julia/SAV_Julia_2000_dt_5.50e-06_Nx_128_periodic_dtout_1050p_phi.csv
Julia,NMG,64,neumann,50p,1025,1440,34.63464691959264,/project/g_bme-janeslab/SarahG/spinodal_decomp_06_2025/out_julia/NMG_Julia_2000_dt_5.50e-06_Nx_64_neumann_dtout_1025p_phi.csv
Julia,SAV,256,neumann,50p,1025,1440,120.84093691992848,/project/g_bme-janeslab/SarahG/spinodal_decomp_06_2025/out_julia/SAV_Julia_2000_dt_5.50e-06_Nx_256_neumann_dtout_1025p_phi.csv
Julia,SAV,256,periodic,50p,1025,1440,120.82329968819707,/project/g_bme-janeslab/SarahG/spinodal_decomp_06_2025/out_julia/SAV_Julia_2000_dt_5.50e-06_Nx_256_periodic_dtout_1025p_phi.csv
Julia,SAV,128,periodic,50p,1075,1440,66.2713712993933,/project/g_bme-janeslab/SarahG/spinodal_decomp_06_2025/out_julia/SAV_Julia_2000_dt_5.50e-06_Nx_128_periodic_dtout_1075p_phi.csv
Julia,SAV,512,neumann,50p,1025,1440,256.00955791228546,/project/g_bme-janeslab/SarahG/spinodal_decomp_06_2025/out_julia/SAV_Julia_2000_dt_5.50e-06_Nx_512_neumann_dtout_1025p_phi.csv
Julia,NMG,256,periodic,50p,1075,1440,124.69621718807912,/project/g_bme-janeslab/SarahG/spinodal_decomp_06_2025/out_julia/NMG_Julia_2000_dt_5.50e-06_Nx_256_periodic_dtout_1075p_phi.csv
Julia,SAV,512,neumann,50p,1075,1440,252.75806343582303,/project/g_bme-janeslab/SarahG/spinodal_decomp_06_2025/out_julia/SAV_Julia_2000_dt_5.50e-06_Nx_512_neumann_dtout_1075p_phi.csv
Julia,SAV,256,neumann,50p,1075,1440,124.69623605105353,/project/g_bme-janeslab/SarahG/spinodal_decomp_06_2025/out_julia/SAV_Julia_2000_dt_5.50e-06_Nx_256_neumann_dtout_1075p_phi.csv
Julia,SAV,128,neumann,50p,1025,1440,65.3608131977022,/project/g_bme-janeslab/SarahG/spinodal_decomp_06_2025/out_julia/SAV_Julia_2000_dt_5.50e-06_Nx_128_neumann_dtout_1025p_phi.csv
Julia,NMG,128,neumann,50p,1075,1440,66.5409046913912,/project/g_bme-janeslab/SarahG/spinodal_decomp_06_2025/out_julia/NMG_Julia_2000_dt_5.50e-06_Nx_128_neumann_dtout_1075p_phi.csv
Julia,SAV,64,periodic,50p,1075,1440,34.78157472103783,/project/g_bme-janeslab/SarahG/spinodal_decomp_06_2025/out_julia/SAV_Julia_2000_dt_5.50e-06_Nx_64_periodic_dtout_1075p_phi.csv
Julia,NMG,512,neumann,50p,1050,1440,127.18464447442612,/project/g_bme-janeslab/SarahG/spinodal_decomp_06_2025/out_julia/NMG_Julia_2000_dt_5.50e-06_Nx_512_neumann_dtout_1050p_phi.csv
Julia,SAV,256,neumann,50p,1050,1440,32.96817483382271,/project/g_bme-janeslab/SarahG/spinodal_decomp_06_2025/out_julia/SAV_Julia_2000_dt_5.50e-06_Nx_256_neumann_dtout_1050p_phi.csv
Julia,NMG,128,periodic,50p,1075,1440,66.40750927286514,/project/g_bme-janeslab/SarahG/spinodal_decomp_06_2025/out_julia/NMG_Julia_2000_dt_5.50e-06_Nx_128_periodic_dtout_1075p_phi.csv
Julia,SAV,128,periodic,50p,1025,1440,65.29696707286313,/project/g_bme-janeslab/SarahG/spinodal_decomp_06_2025/out_julia/SAV_Julia_2000_dt_5.50e-06_Nx_128_periodic_dtout_1025p_phi.csv
Python,NMG,128,neumann,50p,125,1440,65.53861015673299,/project/g_bme-janeslab/SarahG/spinodal_decomp_06_2025/out_python/NMG_Python_20_dt_5.50e-06_Nx_128_neumann_dtout_125pphi.csv
Python,NMG,64,periodic,50p,175,1440,35.53015537966644,/project/g_bme-janeslab/SarahG/spinodal_decomp_06_2025/out_python/NMG_Python_20_dt_5.50e-06_Nx_64_periodic_dtout_175pphi.csv
Python,NMG,256,periodic,50p,150,1440,31.01362568029588,/project/g_bme-janeslab/SarahG/spinodal_decomp_06_2025/out_python/NMG_Python_20_dt_5.50e-06_Nx_256_periodic_dtout_150pphi.csv
Python,NMG,128,neumann,50p,175,1440,67.0024823066578,/project/g_bme-janeslab/SarahG/spinodal_decomp_06_2025/out_python/NMG_Python_20_dt_5.50e-06_Nx_128_neumann_dtout_175pphi.csv
Python,NMG,64,neumann,50p,150,1440,18.39299524343483,/project/g_bme-janeslab/SarahG/spinodal_decomp_06_2025/out_python/NMG_Python_20_dt_5.50e-06_Nx_64_neumann_dtout_150pphi.csv
Python,NMG,256,neumann,50p,150,1440,31.042300187109625,/project/g_bme-janeslab/SarahG/spinodal_decomp_06_2025/out_python/NMG_Python_20_dt_5.50e-06_Nx_256_neumann_dtout_150pphi.csv
Python,NMG,512,neumann,50p,125,1440,256.0132150995255,/project/g_bme-janeslab/SarahG/spinodal_decomp_06_2025/out_python/NMG_Python_20_dt_5.50e-06_Nx_512_neumann_dtout_125pphi.csv
Python,NMG,256,neumann,50p,175,1440,124.9869836257794,/project/g_bme-janeslab/SarahG/spinodal_decomp_06_2025/out_python/NMG_Python_20_dt_5.50e-06_Nx_256_neumann_dtout_175pphi.csv
Python,NMG,128,periodic,50p,150,1440,25.635633850155283,/project/g_bme-janeslab/SarahG/spinodal_decomp_06_2025/out_python/NMG_Python_20_dt_5.50e-06_Nx_128_periodic_dtout_150pphi.csv
Python,NMG,256,neumann,50p,125,1440,120.88415296584382,/project/g_bme-janeslab/SarahG/spinodal_decomp_06_2025/out_python/NMG_Python_20_dt_5.50e-06_Nx_256_neumann_dtout_125pphi.csv
Python,NMG,64,neumann,50p,175,1440,35.77243706171111,/project/g_bme-janeslab/SarahG/spinodal_decomp_06_2025/out_python/NMG_Python_20_dt_5.50e-06_Nx_64_neumann_dtout_175pphi.csv
Python,NMG,256,periodic,50p,125,1440,120.86391361723098,/project/g_bme-janeslab/SarahG/spinodal_decomp_06_2025/out_python/NMG_Python_20_dt_5.50e-06_Nx_256_periodic_dtout_125pphi.csv
Python,NMG,512,periodic,50p,150,1440,98.80314173166501,/project/g_bme-janeslab/SarahG/spinodal_decomp_06_2025/out_python/NMG_Python_20_dt_5.50e-06_Nx_512_periodic_dtout_150pphi.csv
Python,NMG,64,neumann,50p,125,1440,34.787939553339235,/project/g_bme-janeslab/SarahG/spinodal_decomp_06_2025/out_python/NMG_Python_20_dt_5.50e-06_Nx_64_neumann_dtout_125pphi.csv
Python,NMG,512,periodic,50p,125,1440,255.95483396768577,/project/g_bme-janeslab/SarahG/spinodal_decomp_06_2025/out_python/NMG_Python_20_dt_5.50e-06_Nx_512_periodic_dtout_125pphi.csv
Python,NMG,128,periodic,50p,175,1440,66.86199953073731,/project/g_bme-janeslab/SarahG/spinodal_decomp_06_2025/out_python/NMG_Python_20_dt_5.50e-06_Nx_128_periodic_dtout_175pphi.csv
Python,NMG,512,periodic,50p,175,1440,252.69879886012546,/project/g_bme-janeslab/SarahG/spinodal_decomp_06_2025/out_python/NMG_Python_20_dt_5.50e-06_Nx_512_periodic_dtout_175pphi.csv
Python,NMG,128,neumann,50p,150,1440,26.18317340764744,/project/g_bme-janeslab/SarahG/spinodal_decomp_06_2025/out_python/NMG_Python_20_dt_5.50e-06_Nx_128_neumann_dtout_150pphi.csv
Python,NMG,512,neumann,50p,175,1440,252.72365943714493,/project/g_bme-janeslab/SarahG/spinodal_decomp_06_2025/out_python/NMG_Python_20_dt_5.50e-06_Nx_512_neumann_dtout_175pphi.csv
Python,NMG,512,neumann,50p,150,1440,99.27826950353163,/project/g_bme-janeslab/SarahG/spinodal_decomp_06_2025/out_python/NMG_Python_20_dt_5.50e-06_Nx_512_neumann_dtout_150pphi.csv
Python,NMG,64,periodic,50p,125,1440,34.5860747366097,/project/g_bme-janeslab/SarahG/spinodal_decomp_06_2025/out_python/NMG_Python_20_dt_5.50e-06_Nx_64_periodic_dtout_125pphi.csv
Python,NMG,256,periodic,50p,175,1440,124.90359073796358,/project/g_bme-janeslab/SarahG/spinodal_decomp_06_2025/out_python/NMG_Python_20_dt_5.50e-06_Nx_256_periodic_dtout_175pphi.csv
Python,NMG,64,periodic,50p,150,1440,17.901409683299274,/project/g_bme-janeslab/SarahG/spinodal_decomp_06_2025/out_python/NMG_Python_20_dt_5.50e-06_Nx_64_periodic_dtout_150pphi.csv
Python,NMG,128,periodic,50p,125,1440,65.48133813160447,/project/g_bme-janeslab/SarahG/spinodal_decomp_06_2025/out_python/NMG_Python_20_dt_5.50e-06_Nx_128_periodic_dtout_125pphi.csv
MATLAB,SAV,64,periodic,450p,None (10),1480,0.0,/project/g_bme-janeslab/SarahG/spinodal_decomp_06_2025/out_MATLAB/SAV_MATLAB_2000_dt_5.50e-06_Nx_64_periodic_n_relax_450p_phi.csv
MATLAB,NMG,512,periodic,475p,None (10),1480,443.8951671469991,/project/g_bme-janeslab/SarahG/spinodal_decomp_06_2025/out_MATLAB/NMG_MATLAB_2000_dt_5.50e-06_Nx_512_periodic_n_relax_475p_phi.csv
MATLAB,NMG,512,neumann,450p,None (10),1480,445.79670650623217,/project/g_bme-janeslab/SarahG/spinodal_decomp_06_2025/out_MATLAB/NMG_MATLAB_2000_dt_5.50e-06_Nx_512_neumann_n_relax_450p_phi.csv
MATLAB,SAV,256,neumann,450p,None (10),1480,203.47890124060723,/project/g_bme-janeslab/SarahG/spinodal_decomp_06_2025/out_MATLAB/SAV_MATLAB_2000_dt_5.50e-06_Nx_256_neumann_n_relax_450p_phi.csv
MATLAB,SAV,64,neumann,475p,None (10),1480,34.29180241305681,/project/g_bme-janeslab/SarahG/spinodal_decomp_06_2025/out_MATLAB/SAV_MATLAB_2000_dt_5.50e-06_Nx_64_neumann_n_relax_475p_phi.csv
MATLAB,NMG,256,periodic,475p,None (10),1480,208.3506610523773,/project/g_bme-janeslab/SarahG/spinodal_decomp_06_2025/out_MATLAB/NMG_MATLAB_2000_dt_5.50e-06_Nx_256_periodic_n_relax_475p_phi.csv
MATLAB,NMG,128,neumann,425p,None (10),1480,0.0,/project/g_bme-janeslab/SarahG/spinodal_decomp_06_2025/out_MATLAB/NMG_MATLAB_2000_dt_5.50e-06_Nx_128_neumann_n_relax_425p_phi.csv
MATLAB,SAV,256,periodic,425p,None (10),1480,0.0,/project/g_bme-janeslab/SarahG/spinodal_decomp_06_2025/out_MATLAB/SAV_MATLAB_2000_dt_5.50e-06_Nx_256_periodic_n_relax_425p_phi.csv
MATLAB,NMG,128,periodic,475p,None (10),1480,76.78193812930229,/project/g_bme-janeslab/SarahG/spinodal_decomp_06_2025/out_MATLAB/NMG_MATLAB_2000_dt_5.50e-06_Nx_128_periodic_n_relax_475p_phi.csv
MATLAB,SAV,128,periodic,450p,None (10),1480,89.26441531700017,/project/g_bme-janeslab/SarahG/spinodal_decomp_06_2025/out_MATLAB/SAV_MATLAB_2000_dt_5.50e-06_Nx_128_periodic_n_relax_450p_phi.csv
MATLAB,NMG,128,neumann,450p,None (10),1480,87.25910891473261,/project/g_bme-janeslab/SarahG/spinodal_decomp_06_2025/out_MATLAB/NMG_MATLAB_2000_dt_5.50e-06_Nx_128_neumann_n_relax_450p_phi.csv
MATLAB,SAV,256,neumann,425p,None (10),1480,207.14921714484905,/project/g_bme-janeslab/SarahG/spinodal_decomp_06_2025/out_MATLAB/SAV_MATLAB_2000_dt_5.50e-06_Nx_256_neumann_n_relax_425p_phi.csv
MATLAB,SAV,512,periodic,450p,None (10),1480,0.0,/project/g_bme-janeslab/SarahG/spinodal_decomp_06_2025/out_MATLAB/SAV_MATLAB_2000_dt_5.50e-06_Nx_512_periodic_n_relax_450p_phi.csv
MATLAB,SAV,128,periodic,425p,None (10),1480,0.0,/project/g_bme-janeslab/SarahG/spinodal_decomp_06_2025/out_MATLAB/SAV_MATLAB_2000_dt_5.50e-06_Nx_128_periodic_n_relax_425p_phi.csv
MATLAB,NMG,512,neumann,425p,None (10),1480,445.1154150265935,/project/g_bme-janeslab/SarahG/spinodal_decomp_06_2025/out_MATLAB/NMG_MATLAB_2000_dt_5.50e-06_Nx_512_neumann_n_relax_425p_phi.csv
MATLAB,NMG,64,neumann,450p,None (10),1480,0.0,/project/g_bme-janeslab/SarahG/spinodal_decomp_06_2025/out_MATLAB/NMG_MATLAB_2000_dt_5.50e-06_Nx_64_neumann_n_relax_450p_phi.csv
MATLAB,NMG,64,periodic,450p,None (10),1480,29.134210843355817,/project/g_bme-janeslab/SarahG/spinodal_decomp_06_2025/out_MATLAB/NMG_MATLAB_2000_dt_5.50e-06_Nx_64_periodic_n_relax_450p_phi.csv
MATLAB,NMG,256,neumann,425p,None (10),1480,207.87065600023325,/project/g_bme-janeslab/SarahG/spinodal_decomp_06_2025/out_MATLAB/NMG_MATLAB_2000_dt_5.50e-06_Nx_256_neumann_n_relax_425p_phi.csv
MATLAB,SAV,64,neumann,425p,None (10),1480,0.0,/project/g_bme-janeslab/SarahG/spinodal_decomp_06_2025/out_MATLAB/SAV_MATLAB_2000_dt_5.50e-06_Nx_64_neumann_n_relax_425p_phi.csv
MATLAB,SAV,128,neumann,425p,None (10),1480,0.0,/project/g_bme-janeslab/SarahG/spinodal_decomp_06_2025/out_MATLAB/SAV_MATLAB_2000_dt_5.50e-06_Nx_128_neumann_n_relax_425p_phi.csv
MATLAB,NMG,128,periodic,425p,None (10),1480,79.54565785637196,/project/g_bme-janeslab/SarahG/spinodal_decomp_06_2025/out_MATLAB/NMG_MATLAB_2000_dt_5.50e-06_Nx_128_periodic_n_relax_425p_phi.csv
MATLAB,SAV,512,periodic,475p,None (10),1480,446.4880451062358,/project/g_bme-janeslab/SarahG/spinodal_decomp_06_2025/out_MATLAB/SAV_MATLAB_2000_dt_5.50e-06_Nx_512_periodic_n_relax_475p_phi.csv
MATLAB,SAV,512,neumann,475p,None (10),1480,0.0,/project/g_bme-janeslab/SarahG/spinodal_decomp_06_2025/out_MATLAB/SAV_MATLAB_2000_dt_5.50e-06_Nx_512_neumann_n_relax_475p_phi.csv
MATLAB,NMG,256,neumann,475p,None (10),1480,208.055749015679,/project/g_bme-janeslab/SarahG/spinodal_decomp_06_2025/out_MATLAB/NMG_MATLAB_2000_dt_5.50e-06_Nx_256_neumann_n_relax_475p_phi.csv
MATLAB,NMG,256,neumann,450p,None (10),1480,203.78515707230218,/project/g_bme-janeslab/SarahG/spinodal_decomp_06_2025/out_MATLAB/NMG_MATLAB_2000_dt_5.50e-06_Nx_256_neumann_n_relax_450p_phi.csv
MATLAB,SAV,512,periodic,425p,None (10),1480,447.85998257938485,/project/g_bme-janeslab/SarahG/spinodal_decomp_06_2025/out_MATLAB/SAV_MATLAB_2000_dt_5.50e-06_Nx_512_periodic_n_relax_425p_phi.csv
MATLAB,NMG,64,neumann,475p,None (10),1480,34.328942150588844,/project/g_bme-janeslab/SarahG/spinodal_decomp_06_2025/out_MATLAB/NMG_MATLAB_2000_dt_5.50e-06_Nx_64_neumann_n_relax_475p_phi.csv
MATLAB,SAV,128,periodic,475p,None (10),1480,77.24015940246312,/project/g_bme-janeslab/SarahG/spinodal_decomp_06_2025/out_MATLAB/SAV_MATLAB_2000_dt_5.50e-06_Nx_128_periodic_n_relax_475p_phi.csv
MATLAB,SAV,256,neumann,475p,None (10),1480,207.66139648740418,/project/g_bme-janeslab/SarahG/spinodal_decomp_06_2025/out_MATLAB/SAV_MATLAB_2000_dt_5.50e-06_Nx_256_neumann_n_relax_475p_phi.csv
MATLAB,NMG,512,periodic,450p,None (10),1480,445.63272567047403,/project/g_bme-janeslab/SarahG/spinodal_decomp_06_2025/out_MATLAB/NMG_MATLAB_2000_dt_5.50e-06_Nx_512_periodic_n_relax_450p_phi.csv
MATLAB,SAV,64,periodic,425p,None (10),1480,0.0,/project/g_bme-janeslab/SarahG/spinodal_decomp_06_2025/out_MATLAB/SAV_MATLAB_2000_dt_5.50e-06_Nx_64_periodic_n_relax_425p_phi.csv
MATLAB,SAV,512,neumann,425p,None (10),1480,447.49174401041364,/project/g_bme-janeslab/SarahG/spinodal_decomp_06_2025/out_MATLAB/SAV_MATLAB_2000_dt_5.50e-06_Nx_512_neumann_n_relax_425p_phi.csv
MATLAB,SAV,128,neumann,475p,None (10),1480,83.98371408495778,/project/g_bme-janeslab/SarahG/spinodal_decomp_06_2025/out_MATLAB/SAV_MATLAB_2000_dt_5.50e-06_Nx_128_neumann_n_relax_475p_phi.csv
MATLAB,SAV,512,neumann,450p,None (10),1480,445.78354507510636,/project/g_bme-janeslab/SarahG/spinodal_decomp_06_2025/out_MATLAB/SAV_MATLAB_2000_dt_5.50e-06_Nx_512_neumann_n_relax_450p_phi.csv
MATLAB,SAV,256,periodic,475p,None (10),1480,208.01771378101972,/project/g_bme-janeslab/SarahG/spinodal_decomp_06_2025/out_MATLAB/SAV_MATLAB_2000_dt_5.50e-06_Nx_256_periodic_n_relax_475p_phi.csv
MATLAB,NMG,256,periodic,450p,None (10),1480,204.54251770444336,/project/g_bme-janeslab/SarahG/spinodal_decomp_06_2025/out_MATLAB/NMG_MATLAB_2000_dt_5.50e-06_Nx_256_periodic_n_relax_450p_phi.csv
MATLAB,SAV,128,neumann,450p,None (10),1480,88.18245108119434,/project/g_bme-janeslab/SarahG/spinodal_decomp_06_2025/out_MATLAB/SAV_MATLAB_2000_dt_5.50e-06_Nx_128_neumann_n_relax_450p_phi.csv
MATLAB,NMG,64,periodic,475p,None (10),1480,33.22003535045001,/project/g_bme-janeslab/SarahG/spinodal_decomp_06_2025/out_MATLAB/NMG_MATLAB_2000_dt_5.50e-06_Nx_64_periodic_n_relax_475p_phi.csv
MATLAB,NMG,512,periodic,425p,None (10),1480,445.2264204558036,/project/g_bme-janeslab/SarahG/spinodal_decomp_06_2025/out_MATLAB/NMG_MATLAB_2000_dt_5.50e-06_Nx_512_periodic_n_relax_425p_phi.csv
MATLAB,NMG,128,periodic,450p,None (10),1480,89.67589047362765,/project/g_bme-janeslab/SarahG/spinodal_decomp_06_2025/out_MATLAB/NMG_MATLAB_2000_dt_5.50e-06_Nx_128_periodic_n_relax_450p_phi.csv
MATLAB,NMG,128,neumann,475p,None (10),1480,81.01342473163187,/project/g_bme-janeslab/SarahG/spinodal_decomp_06_2025/out_MATLAB/NMG_MATLAB_2000_dt_5.50e-06_Nx_128_neumann_n_relax_475p_phi.csv
MATLAB,NMG,256,periodic,425p,None (10),1480,207.48776644477263,/project/g_bme-janeslab/SarahG/spinodal_decomp_06_2025/out_MATLAB/NMG_MATLAB_2000_dt_5.50e-06_Nx_256_periodic_n_relax_425p_phi.csv
MATLAB,SAV,64,periodic,475p,None (10),1480,33.195096832361685,/project/g_bme-janeslab/SarahG/spinodal_decomp_06_2025/out_MATLAB/SAV_MATLAB_2000_dt_5.50e-06_Nx_64_periodic_n_relax_475p_phi.csv
MATLAB,NMG,512,neumann,475p,None (10),1480,444.9008441041107,/project/g_bme-janeslab/SarahG/spinodal_decomp_06_2025/out_MATLAB/NMG_MATLAB_2000_dt_5.50e-06_Nx_512_neumann_n_relax_475p_phi.csv
MATLAB,NMG,64,periodic,425p,None (10),1480,32.735070727318295,/project/g_bme-janeslab/SarahG/spinodal_decomp_06_2025/out_MATLAB/NMG_MATLAB_2000_dt_5.50e-06_Nx_64_periodic_n_relax_425p_phi.csv
MATLAB,SAV,64,neumann,450p,None (10),1480,0.0,/project/g_bme-janeslab/SarahG/spinodal_decomp_06_2025/out_MATLAB/SAV_MATLAB_2000_dt_5.50e-06_Nx_64_neumann_n_relax_450p_phi.csv
MATLAB,NMG,64,neumann,425p,None (10),1480,0.0,/project/g_bme-janeslab/SarahG/spinodal_decomp_06_2025/out_MATLAB/NMG_MATLAB_2000_dt_5.50e-06_Nx_64_neumann_n_relax_425p_phi.csv
MATLAB,SAV,256,periodic,450p,None (10),1480,0.0,/project/g_bme-janeslab/SarahG/spinodal_decomp_06_2025/out_MATLAB/SAV_MATLAB_2000_dt_5.50e-06_Nx_256_periodic_n_relax_450p_phi.csv
Julia,SAV,512,periodic,50p,1050,1480,139.96212698316637,/project/g_bme-janeslab/SarahG/spinodal_decomp_06_2025/out_julia/SAV_Julia_2000_dt_5.50e-06_Nx_512_periodic_dtout_1050p_phi.csv
Julia,NMG,64,neumann,50p,1075,1480,35.18882898864657,/project/g_bme-janeslab/SarahG/spinodal_decomp_06_2025/out_julia/NMG_Julia_2000_dt_5.50e-06_Nx_64_neumann_dtout_1075p_phi.csv
Julia,NMG,512,periodic,50p,1050,1480,129.23169966757837,/project/g_bme-janeslab/SarahG/spinodal_decomp_06_2025/out_julia/NMG_Julia_2000_dt_5.50e-06_Nx_512_periodic_dtout_1050p_phi.csv
Julia,NMG,64,neumann,50p,1050,1480,17.349728744140933,/project/g_bme-janeslab/SarahG/spinodal_decomp_06_2025/out_julia/NMG_Julia_2000_dt_5.50e-06_Nx_64_neumann_dtout_1050p_phi.csv
Julia,NMG,512,periodic,50p,1075,1480,252.77262995752952,/project/g_bme-janeslab/SarahG/spinodal_decomp_06_2025/out_julia/NMG_Julia_2000_dt_5.50e-06_Nx_512_periodic_dtout_1075p_phi.csv
Julia,SAV,64,periodic,50p,1025,1480,34.20802103760543,/project/g_bme-janeslab/SarahG/spinodal_decomp_06_2025/out_julia/SAV_Julia_2000_dt_5.50e-06_Nx_64_periodic_dtout_1025p_phi.csv
Julia,SAV,256,periodic,50p,1075,1480,124.59119562373547,/project/g_bme-janeslab/SarahG/spinodal_decomp_06_2025/out_julia/SAV_Julia_2000_dt_5.50e-06_Nx_256_periodic_dtout_1075p_phi.csv
Julia,SAV,128,neumann,50p,1050,1480,24.688565626623912,/project/g_bme-janeslab/SarahG/spinodal_decomp_06_2025/out_julia/SAV_Julia_2000_dt_5.50e-06_Nx_128_neumann_dtout_1050p_phi.csv
Julia,NMG,256,periodic,50p,1025,1480,120.85395186740554,/project/g_bme-janeslab/SarahG/spinodal_decomp_06_2025/out_julia/NMG_Julia_2000_dt_5.50e-06_Nx_256_periodic_dtout_1025p_phi.csv
Julia,NMG,256,periodic,50p,1050,1480,33.10096436118579,/project/g_bme-janeslab/SarahG/spinodal_decomp_06_2025/out_julia/NMG_Julia_2000_dt_5.50e-06_Nx_256_periodic_dtout_1050p_phi.csv
Julia,SAV,512,periodic,50p,1025,1480,256.01167323093256,/project/g_bme-janeslab/SarahG/spinodal_decomp_06_2025/out_julia/SAV_Julia_2000_dt_5.50e-06_Nx_512_periodic_dtout_1025p_phi.csv
Julia,NMG,128,periodic,50p,1050,1480,24.76386488091743,/project/g_bme-janeslab/SarahG/spinodal_decomp_06_2025/out_julia/NMG_Julia_2000_dt_5.50e-06_Nx_128_periodic_dtout_1050p_phi.csv
Julia,NMG,512,neumann,50p,1025,1480,256.1661083934571,/project/g_bme-janeslab/SarahG/spinodal_decomp_06_2025/out_julia/NMG_Julia_2000_dt_5.50e-06_Nx_512_neumann_dtout_1025p_phi.csv
Julia,SAV,512,neumann,50p,1050,1480,140.32092998357336,/project/g_bme-janeslab/SarahG/spinodal_decomp_06_2025/out_julia/SAV_Julia_2000_dt_5.50e-06_Nx_512_neumann_dtout_1050p_phi.csv
Julia,SAV,64,neumann,50p,1075,1480,34.99088239728161,/project/g_bme-janeslab/SarahG/spinodal_decomp_06_2025/out_julia/SAV_Julia_2000_dt_5.50e-06_Nx_64_neumann_dtout_1075p_phi.csv
Julia,NMG,128,neumann,50p,1025,1480,65.43740687312598,/project/g_bme-janeslab/SarahG/spinodal_decomp_06_2025/out_julia/NMG_Julia_2000_dt_5.50e-06_Nx_128_neumann_dtout_1025p_phi.csv
Julia,NMG,512,neumann,50p,1075,1480,252.8045919137674,/project/g_bme-janeslab/SarahG/spinodal_decomp_06_2025/out_julia/NMG_Julia_2000_dt_5.50e-06_Nx_512_neumann_dtout_1075p_phi.csv
Julia,SAV,64,neumann,50p,1050,1480,16.735988321088467,/project/g_bme-janeslab/SarahG/spinodal_decomp_06_2025/out_julia/SAV_Julia_2000_dt_5.50e-06_Nx_64_neumann_dtout_1050p_phi.csv
Julia,NMG,64,periodic,50p,1050,1480,16.87386159169749,/project/g_bme-janeslab/SarahG/spinodal_decomp_06_2025/out_julia/NMG_Julia_2000_dt_5.50e-06_Nx_64_periodic_dtout_1050p_phi.csv
Julia,SAV,64,neumann,50p,1025,1480,34.41928617482511,/project/g_bme-janeslab/SarahG/spinodal_decomp_06_2025/out_julia/SAV_Julia_2000_dt_5.50e-06_Nx_64_neumann_dtout_1025p_phi.csv
Julia,SAV,64,periodic,50p,1050,1480,16.25071250714789,/project/g_bme-janeslab/SarahG/spinodal_decomp_06_2025/out_julia/SAV_Julia_2000_dt_5.50e-06_Nx_64_periodic_dtout_1050p_phi.csv
Julia,NMG,128,neumann,50p,1050,1480,25.337166356722463,/project/g_bme-janeslab/SarahG/spinodal_decomp_06_2025/out_julia/NMG_Julia_2000_dt_5.50e-06_Nx_128_neumann_dtout_1050p_phi.csv
Julia,NMG,512,periodic,50p,1025,1480,256.1045783534464,/project/g_bme-janeslab/SarahG/spinodal_decomp_06_2025/out_julia/NMG_Julia_2000_dt_5.50e-06_Nx_512_periodic_dtout_1025p_phi.csv
Julia,SAV,128,neumann,50p,1075,1480,66.3831703751921,/project/g_bme-janeslab/SarahG/spinodal_decomp_06_2025/out_julia/SAV_Julia_2000_dt_5.50e-06_Nx_128_neumann_dtout_1075p_phi.csv
Julia,NMG,64,periodic,50p,1025,1480,34.41094689435754,/project/g_bme-janeslab/SarahG/spinodal_decomp_06_2025/out_julia/NMG_Julia_2000_dt_5.50e-06_Nx_64_periodic_dtout_1025p_phi.csv
Julia,NMG,256,neumann,50p,1025,1480,120.87057414550794,/project/g_bme-janeslab/SarahG/spinodal_decomp_06_2025/out_julia/NMG_Julia_2000_dt_5.50e-06_Nx_256_neumann_dtout_1025p_phi.csv
Julia,NMG,128,periodic,50p,1025,1480,65.37142025388059,/project/g_bme-janeslab/SarahG/spinodal_decomp_06_2025/out_julia/NMG_Julia_2000_dt_5.50e-06_Nx_128_periodic_dtout_1025p_phi.csv
Julia,NMG,64,periodic,50p,1075,1480,34.95010610476819,/project/g_bme-janeslab/SarahG/spinodal_decomp_06_2025/out_julia/NMG_Julia_2000_dt_5.50e-06_Nx_64_periodic_dtout_1075p_phi.csv
Julia,SAV,512,periodic,50p,1075,1480,252.73718749033802,/project/g_bme-janeslab/SarahG/spinodal_decomp_06_2025/out_julia/SAV_Julia_2000_dt_5.50e-06_Nx_512_periodic_dtout_1075p_phi.csv
Julia,NMG,256,neumann,50p,1075,1480,124.75346197159014,/project/g_bme-janeslab/SarahG/spinodal_decomp_06_2025/out_julia/NMG_Julia_2000_dt_5.50e-06_Nx_256_neumann_dtout_1075p_phi.csv
Julia,SAV,256,periodic,50p,1050,1480,33.13572110180032,/project/g_bme-janeslab/SarahG/spinodal_decomp_06_2025/out_julia/SAV_Julia_2000_dt_5.50e-06_Nx_256_periodic_dtout_1050p_phi.csv
Julia,NMG,256,neumann,50p,1050,1480,33.10550956469553,/project/g_bme-janeslab/SarahG/spinodal_decomp_06_2025/out_julia/NMG_Julia_2000_dt_5.50e-06_Nx_256_neumann_dtout_1050p_phi.csv
Julia,SAV,128,periodic,50p,1050,1480,24.08536292036138,/project/g_bme-janeslab/SarahG/spinodal_decomp_06_2025/out_julia/SAV_Julia_2000_dt_5.50e-06_Nx_128_periodic_dtout_1050p_phi.csv
Julia,NMG,64,neumann,50p,1025,1480,34.62461731170735,/project/g_bme-janeslab/SarahG/spinodal_decomp_06_2025/out_julia/NMG_Julia_2000_dt_5.50e-06_Nx_64_neumann_dtout_1025p_phi.csv
Julia,SAV,256,neumann,50p,1025,1480,120.83922284922647,/project/g_bme-janeslab/SarahG/spinodal_decomp_06_2025/out_julia/SAV_Julia_2000_dt_5.50e-06_Nx_256_neumann_dtout_1025p_phi.csv
Julia,SAV,256,periodic,50p,1025,1480,120.82155768194107,/project/g_bme-janeslab/SarahG/spinodal_decomp_06_2025/out_julia/SAV_Julia_2000_dt_5.50e-06_Nx_256_periodic_dtout_1025p_phi.csv
Julia,SAV,128,periodic,50p,1075,1480,66.25263719075609,/project/g_bme-janeslab/SarahG/spinodal_decomp_06_2025/out_julia/SAV_Julia_2000_dt_5.50e-06_Nx_128_periodic_dtout_1075p_phi.csv
Julia,SAV,512,neumann,50p,1025,1480,256.07643633131073,/project/g_bme-janeslab/SarahG/spinodal_decomp_06_2025/out_julia/SAV_Julia_2000_dt_5.50e-06_Nx_512_neumann_dtout_1025p_phi.csv
Julia,NMG,256,periodic,50p,1075,1480,124.6721354124224,/project/g_bme-janeslab/SarahG/spinodal_decomp_06_2025/out_julia/NMG_Julia_2000_dt_5.50e-06_Nx_256_periodic_dtout_1075p_phi.csv
Julia,SAV,512,neumann,50p,1075,1480,252.7711961648037,/project/g_bme-janeslab/SarahG/spinodal_decomp_06_2025/out_julia/SAV_Julia_2000_dt_5.50e-06_Nx_512_neumann_dtout_1075p_phi.csv
Julia,SAV,256,neumann,50p,1075,1480,124.67284653046447,/project/g_bme-janeslab/SarahG/spinodal_decomp_06_2025/out_julia/SAV_Julia_2000_dt_5.50e-06_Nx_256_neumann_dtout_1075p_phi.csv
Julia,SAV,128,neumann,50p,1025,1480,65.33963217622689,/project/g_bme-janeslab/SarahG/spinodal_decomp_06_2025/out_julia/SAV_Julia_2000_dt_5.50e-06_Nx_128_neumann_dtout_1025p_phi.csv
Julia,NMG,128,neumann,50p,1075,1480,66.5154310931151,/project/g_bme-janeslab/SarahG/spinodal_decomp_06_2025/out_julia/NMG_Julia_2000_dt_5.50e-06_Nx_128_neumann_dtout_1075p_phi.csv
Julia,SAV,64,periodic,50p,1075,1480,34.75607181436389,/project/g_bme-janeslab/SarahG/spinodal_decomp_06_2025/out_julia/SAV_Julia_2000_dt_5.50e-06_Nx_64_periodic_dtout_1075p_phi.csv
Julia,NMG,512,neumann,50p,1050,1480,129.57245991586518,/project/g_bme-janeslab/SarahG/spinodal_decomp_06_2025/out_julia/NMG_Julia_2000_dt_5.50e-06_Nx_512_neumann_dtout_1050p_phi.csv
Julia,SAV,256,neumann,50p,1050,1480,33.137714559826605,/project/g_bme-janeslab/SarahG/spinodal_decomp_06_2025/out_julia/SAV_Julia_2000_dt_5.50e-06_Nx_256_neumann_dtout_1050p_phi.csv
Julia,NMG,128,periodic,50p,1075,1480,66.38185901660196,/project/g_bme-janeslab/SarahG/spinodal_decomp_06_2025/out_julia/NMG_Julia_2000_dt_5.50e-06_Nx_128_periodic_dtout_1075p_phi.csv
Julia,SAV,128,periodic,50p,1025,1480,65.27391631706587,/project/g_bme-janeslab/SarahG/spinodal_decomp_06_2025/out_julia/SAV_Julia_2000_dt_5.50e-06_Nx_128_periodic_dtout_1025p_phi.csv
Python,NMG,128,neumann,50p,125,1480,65.5146006603199,/project/g_bme-janeslab/SarahG/spinodal_decomp_06_2025/out_python/NMG_Python_20_dt_5.50e-06_Nx_128_neumann_dtout_125pphi.csv
Python,NMG,64,periodic,50p,175,1480,35.494403205275596,/project/g_bme-janeslab/SarahG/spinodal_decomp_06_2025/out_python/NMG_Python_20_dt_5.50e-06_Nx_64_periodic_dtout_175pphi.csv
Python,NMG,256,periodic,50p,150,1480,31.09877161224844,/project/g_bme-janeslab/SarahG/spinodal_decomp_06_2025/out_python/NMG_Python_20_dt_5.50e-06_Nx_256_periodic_dtout_150pphi.csv
Python,NMG,128,neumann,50p,175,1480,66.97675701858512,/project/g_bme-janeslab/SarahG/spinodal_decomp_06_2025/out_python/NMG_Python_20_dt_5.50e-06_Nx_128_neumann_dtout_175pphi.csv
Python,NMG,64,neumann,50p,150,1480,18.293336835971637,/project/g_bme-janeslab/SarahG/spinodal_decomp_06_2025/out_python/NMG_Python_20_dt_5.50e-06_Nx_64_neumann_dtout_150pphi.csv
Python,NMG,256,neumann,50p,150,1480,31.126868241104386,/project/g_bme-janeslab/SarahG/spinodal_decomp_06_2025/out_python/NMG_Python_20_dt_5.50e-06_Nx_256_neumann_dtout_150pphi.csv
Python,NMG,512,neumann,50p,125,1480,256.0101591722967,/project/g_bme-janeslab/SarahG/spinodal_decomp_06_2025/out_python/NMG_Python_20_dt_5.50e-06_Nx_512_neumann_dtout_125pphi.csv
Python,NMG,256,neumann,50p,175,1480,124.97214383396884,/project/g_bme-janeslab/SarahG/spinodal_decomp_06_2025/out_python/NMG_Python_20_dt_5.50e-06_Nx_256_neumann_dtout_175pphi.csv
Python,NMG,128,periodic,50p,150,1480,25.547272627213875,/project/g_bme-janeslab/SarahG/spinodal_decomp_06_2025/out_python/NMG_Python_20_dt_5.50e-06_Nx_128_periodic_dtout_150pphi.csv
Python,NMG,256,neumann,50p,125,1480,120.87979855217476,/project/g_bme-janeslab/SarahG/spinodal_decomp_06_2025/out_python/NMG_Python_20_dt_5.50e-06_Nx_256_neumann_dtout_125pphi.csv
Python,NMG,64,neumann,50p,175,1480,35.737103530479644,/project/g_bme-janeslab/SarahG/spinodal_decomp_06_2025/out_python/NMG_Python_20_dt_5.50e-06_Nx_64_neumann_dtout_175pphi.csv
Python,NMG,256,periodic,50p,125,1480,120.85917019626842,/project/g_bme-janeslab/SarahG/spinodal_decomp_06_2025/out_python/NMG_Python_20_dt_5.50e-06_Nx_256_periodic_dtout_125pphi.csv
Python,NMG,512,periodic,50p,150,1480,100.1200386885096,/project/g_bme-janeslab/SarahG/spinodal_decomp_06_2025/out_python/NMG_Python_20_dt_5.50e-06_Nx_512_periodic_dtout_150pphi.csv
Python,NMG,64,neumann,50p,125,1480,34.74678398861891,/project/g_bme-janeslab/SarahG/spinodal_decomp_06_2025/out_python/NMG_Python_20_dt_5.50e-06_Nx_64_neumann_dtout_125pphi.csv
Python,NMG,512,periodic,50p,125,1480,255.9517524387179,/project/g_bme-janeslab/SarahG/spinodal_decomp_06_2025/out_python/NMG_Python_20_dt_5.50e-06_Nx_512_periodic_dtout_125pphi.csv
Python,NMG,128,periodic,50p,175,1480,66.836142648118,/project/g_bme-janeslab/SarahG/spinodal_decomp_06_2025/out_python/NMG_Python_20_dt_5.50e-06_Nx_128_periodic_dtout_175pphi.csv
Python,NMG,512,periodic,50p,175,1480,252.69472500854295,/project/g_bme-janeslab/SarahG/spinodal_decomp_06_2025/out_python/NMG_Python_20_dt_5.50e-06_Nx_512_periodic_dtout_175pphi.csv
Python,NMG,128,neumann,50p,150,1480,26.096144189448566,/project/g_bme-janeslab/SarahG/spinodal_decomp_06_2025/out_python/NMG_Python_20_dt_5.50e-06_Nx_128_neumann_dtout_150pphi.csv
Python,NMG,512,neumann,50p,175,1480,252.71948401099465,/project/g_bme-janeslab/SarahG/spinodal_decomp_06_2025/out_python/NMG_Python_20_dt_5.50e-06_Nx_512_neumann_dtout_175pphi.csv
Python,NMG,512,neumann,50p,150,1480,100.59507212642585,/project/g_bme-janeslab/SarahG/spinodal_decomp_06_2025/out_python/NMG_Python_20_dt_5.50e-06_Nx_512_neumann_dtout_150pphi.csv
Python,NMG,64,periodic,50p,125,1480,34.544410118429994,/project/g_bme-janeslab/SarahG/spinodal_decomp_06_2025/out_python/NMG_Python_20_dt_5.50e-06_Nx_64_periodic_dtout_125pphi.csv
Python,NMG,256,periodic,50p,175,1480,124.8886739957824,/project/g_bme-janeslab/SarahG/spinodal_decomp_06_2025/out_python/NMG_Python_20_dt_5.50e-06_Nx_256_periodic_dtout_175pphi.csv
Python,NMG,64,periodic,50p,150,1480,17.800694240202716,/project/g_bme-janeslab/SarahG/spinodal_decomp_06_2025/out_python/NMG_Python_20_dt_5.50e-06_Nx_64_periodic_dtout_150pphi.csv
Python,NMG,128,periodic,50p,125,1480,65.45692832657751,/project/g_bme-janeslab/SarahG/spinodal_decomp_06_2025/out_python/NMG_Python_20_dt_5.50e-06_Nx_128_periodic_dtout_125pphi.csv
MATLAB,SAV,64,periodic,450p,None (10),1520,0.0,/project/g_bme-janeslab/SarahG/spinodal_decomp_06_2025/out_MATLAB/SAV_MATLAB_2000_dt_5.50e-06_Nx_64_periodic_n_relax_450p_phi.csv
MATLAB,NMG,512,periodic,475p,None (10),1520,444.4885683437073,/project/g_bme-janeslab/SarahG/spinodal_decomp_06_2025/out_MATLAB/NMG_MATLAB_2000_dt_5.50e-06_Nx_512_periodic_n_relax_475p_phi.csv
MATLAB,NMG,512,neumann,450p,None (10),1520,446.5810460013848,/project/g_bme-janeslab/SarahG/spinodal_decomp_06_2025/out_MATLAB/NMG_MATLAB_2000_dt_5.50e-06_Nx_512_neumann_n_relax_450p_phi.csv
MATLAB,SAV,256,neumann,450p,None (10),1520,203.8945406857044,/project/g_bme-janeslab/SarahG/spinodal_decomp_06_2025/out_MATLAB/SAV_MATLAB_2000_dt_5.50e-06_Nx_256_neumann_n_relax_450p_phi.csv
MATLAB,SAV,64,neumann,475p,None (10),1520,34.356310084388156,/project/g_bme-janeslab/SarahG/spinodal_decomp_06_2025/out_MATLAB/SAV_MATLAB_2000_dt_5.50e-06_Nx_64_neumann_n_relax_475p_phi.csv
MATLAB,NMG,256,periodic,475p,None (10),1520,208.6040516604316,/project/g_bme-janeslab/SarahG/spinodal_decomp_06_2025/out_MATLAB/NMG_MATLAB_2000_dt_5.50e-06_Nx_256_periodic_n_relax_475p_phi.csv
MATLAB,NMG,128,neumann,425p,None (10),1520,0.0,/project/g_bme-janeslab/SarahG/spinodal_decomp_06_2025/out_MATLAB/NMG_MATLAB_2000_dt_5.50e-06_Nx_128_neumann_n_relax_425p_phi.csv
MATLAB,SAV,256,periodic,425p,None (10),1520,0.0,/project/g_bme-janeslab/SarahG/spinodal_decomp_06_2025/out_MATLAB/SAV_MATLAB_2000_dt_5.50e-06_Nx_256_periodic_n_relax_425p_phi.csv
MATLAB,NMG,128,periodic,475p,None (10),1520,77.47819213929986,/project/g_bme-janeslab/SarahG/spinodal_decomp_06_2025/out_MATLAB/NMG_MATLAB_2000_dt_5.50e-06_Nx_128_periodic_n_relax_475p_phi.csv
MATLAB,SAV,128,periodic,450p,None (10),1520,89.52938766574671,/project/g_bme-janeslab/SarahG/spinodal_decomp_06_2025/out_MATLAB/SAV_MATLAB_2000_dt_5.50e-06_Nx_128_periodic_n_relax_450p_phi.csv
MATLAB,NMG,128,neumann,450p,None (10),1520,87.57187218896502,/project/g_bme-janeslab/SarahG/spinodal_decomp_06_2025/out_MATLAB/NMG_MATLAB_2000_dt_5.50e-06_Nx_128_neumann_n_relax_450p_phi.csv
MATLAB,SAV,256,neumann,425p,None (10),1520,207.45303772720953,/project/g_bme-janeslab/SarahG/spinodal_decomp_06_2025/out_MATLAB/SAV_MATLAB_2000_dt_5.50e-06_Nx_256_neumann_n_relax_425p_phi.csv
MATLAB,SAV,512,periodic,450p,None (10),1520,0.0,/project/g_bme-janeslab/SarahG/spinodal_decomp_06_2025/out_MATLAB/SAV_MATLAB_2000_dt_5.50e-06_Nx_512_periodic_n_relax_450p_phi.csv
MATLAB,SAV,128,periodic,425p,None (10),1520,0.0,/project/g_bme-janeslab/SarahG/spinodal_decomp_06_2025/out_MATLAB/SAV_MATLAB_2000_dt_5.50e-06_Nx_128_periodic_n_relax_425p_phi.csv
MATLAB,NMG,512,neumann,425p,None (10),1520,445.56416442576193,/project/g_bme-janeslab/SarahG/spinodal_decomp_06_2025/out_MATLAB/NMG_MATLAB_2000_dt_5.50e-06_Nx_512_neumann_n_relax_425p_phi.csv
MATLAB,NMG,64,neumann,450p,None (10),1520,0.0,/project/g_bme-janeslab/SarahG/spinodal_decomp_06_2025/out_MATLAB/NMG_MATLAB_2000_dt_5.50e-06_Nx_64_neumann_n_relax_450p_phi.csv
MATLAB,NMG,64,periodic,450p,None (10),1520,29.624097657441023,/project/g_bme-janeslab/SarahG/spinodal_decomp_06_2025/out_MATLAB/NMG_MATLAB_2000_dt_5.50e-06_Nx_64_periodic_n_relax_450p_phi.csv
MATLAB,NMG,256,neumann,425p,None (10),1520,208.23762528701562,/project/g_bme-janeslab/SarahG/spinodal_decomp_06_2025/out_MATLAB/NMG_MATLAB_2000_dt_5.50e-06_Nx_256_neumann_n_relax_425p_phi.csv
MATLAB,SAV,64,neumann,425p,None (10),1520,0.0,/project/g_bme-janeslab/SarahG/spinodal_decomp_06_2025/out_MATLAB/SAV_MATLAB_2000_dt_5.50e-06_Nx_64_neumann_n_relax_425p_phi.csv
MATLAB,SAV,128,neumann,425p,None (10),1520,0.0,/project/g_bme-janeslab/SarahG/spinodal_decomp_06_2025/out_MATLAB/SAV_MATLAB_2000_dt_5.50e-06_Nx_128_neumann_n_relax_425p_phi.csv
MATLAB,NMG,128,periodic,425p,None (10),1520,80.19325736011962,/project/g_bme-janeslab/SarahG/spinodal_decomp_06_2025/out_MATLAB/NMG_MATLAB_2000_dt_5.50e-06_Nx_128_periodic_n_relax_425p_phi.csv
MATLAB,SAV,512,periodic,475p,None (10),1520,446.9804688223918,/project/g_bme-janeslab/SarahG/spinodal_decomp_06_2025/out_MATLAB/SAV_MATLAB_2000_dt_5.50e-06_Nx_512_periodic_n_relax_475p_phi.csv
MATLAB,SAV,512,neumann,475p,None (10),1520,0.0,/project/g_bme-janeslab/SarahG/spinodal_decomp_06_2025/out_MATLAB/SAV_MATLAB_2000_dt_5.50e-06_Nx_512_neumann_n_relax_475p_phi.csv
MATLAB,NMG,256,neumann,475p,None (10),1520,208.24764881374193,/project/g_bme-janeslab/SarahG/spinodal_decomp_06_2025/out_MATLAB/NMG_MATLAB_2000_dt_5.50e-06_Nx_256_neumann_n_relax_475p_phi.csv
MATLAB,NMG,256,neumann,450p,None (10),1520,204.20231464074823,/project/g_bme-janeslab/SarahG/spinodal_decomp_06_2025/out_MATLAB/NMG_MATLAB_2000_dt_5.50e-06_Nx_256_neumann_n_relax_450p_phi.csv
MATLAB,SAV,512,periodic,425p,None (10),1520,447.9356955843232,/project/g_bme-janeslab/SarahG/spinodal_decomp_06_2025/out_MATLAB/SAV_MATLAB_2000_dt_5.50e-06_Nx_512_periodic_n_relax_425p_phi.csv
MATLAB,NMG,64,neumann,475p,None (10),1520,34.39483039694883,/project/g_bme-janeslab/SarahG/spinodal_decomp_06_2025/out_MATLAB/NMG_MATLAB_2000_dt_5.50e-06_Nx_64_neumann_n_relax_475p_phi.csv
MATLAB,SAV,128,periodic,475p,None (10),1520,77.94128241429082,/project/g_bme-janeslab/SarahG/spinodal_decomp_06_2025/out_MATLAB/SAV_MATLAB_2000_dt_5.50e-06_Nx_128_periodic_n_relax_475p_phi.csv
MATLAB,SAV,256,neumann,475p,None (10),1520,207.85149907248015,/project/g_bme-janeslab/SarahG/spinodal_decomp_06_2025/out_MATLAB/SAV_MATLAB_2000_dt_5.50e-06_Nx_256_neumann_n_relax_475p_phi.csv
MATLAB,NMG,512,periodic,450p,None (10),1520,446.4404522484821,/project/g_bme-janeslab/SarahG/spinodal_decomp_06_2025/out_MATLAB/NMG_MATLAB_2000_dt_5.50e-06_Nx_512_periodic_n_relax_450p_phi.csv
MATLAB,SAV,64,periodic,425p,None (10),1520,0.0,/project/g_bme-janeslab/SarahG/spinodal_decomp_06_2025/out_MATLAB/SAV_MATLAB_2000_dt_5.50e-06_Nx_64_periodic_n_relax_425p_phi.csv
MATLAB,SAV,512,neumann,425p,None (10),1520,447.79611338447654,/project/g_bme-janeslab/SarahG/spinodal_decomp_06_2025/out_MATLAB/SAV_MATLAB_2000_dt_5.50e-06_Nx_512_neumann_n_relax_425p_phi.csv
MATLAB,SAV,128,neumann,475p,None (10),1520,84.63649021099147,/project/g_bme-janeslab/SarahG/spinodal_decomp_06_2025/out_MATLAB/SAV_MATLAB_2000_dt_5.50e-06_Nx_128_neumann_n_relax_475p_phi.csv
MATLAB,SAV,512,neumann,450p,None (10),1520,446.3524826275545,/project/g_bme-janeslab/SarahG/spinodal_decomp_06_2025/out_MATLAB/SAV_MATLAB_2000_dt_5.50e-06_Nx_512_neumann_n_relax_450p_phi.csv
MATLAB,SAV,256,periodic,475p,None (10),1520,208.23231554661598,/project/g_bme-janeslab/SarahG/spinodal_decomp_06_2025/out_MATLAB/SAV_MATLAB_2000_dt_5.50e-06_Nx_256_periodic_n_relax_475p_phi.csv
MATLAB,NMG,256,periodic,450p,None (10),1520,204.92247952424472,/project/g_bme-janeslab/SarahG/spinodal_decomp_06_2025/out_MATLAB/NMG_MATLAB_2000_dt_5.50e-06_Nx_256_periodic_n_relax_450p_phi.csv
MATLAB,SAV,128,neumann,450p,None (10),1520,88.46725213287137,/project/g_bme-janeslab/SarahG/spinodal_decomp_06_2025/out_MATLAB/SAV_MATLAB_2000_dt_5.50e-06_Nx_128_neumann_n_relax_450p_phi.csv
MATLAB,NMG,64,periodic,475p,None (10),1520,33.2379017650978,/project/g_bme-janeslab/SarahG/spinodal_decomp_06_2025/out_MATLAB/NMG_MATLAB_2000_dt_5.50e-06_Nx_64_periodic_n_relax_475p_phi.csv
MATLAB,NMG,512,periodic,425p,None (10),1520,445.62639995949206,/project/g_bme-janeslab/SarahG/spinodal_decomp_06_2025/out_MATLAB/NMG_MATLAB_2000_dt_5.50e-06_Nx_512_periodic_n_relax_425p_phi.csv
MATLAB,NMG,128,periodic,450p,None (10),1520,89.93205221456836,/project/g_bme-janeslab/SarahG/spinodal_decomp_06_2025/out_MATLAB/NMG_MATLAB_2000_dt_5.50e-06_Nx_128_periodic_n_relax_450p_phi.csv
MATLAB,NMG,128,neumann,475p,None (10),1520,81.70399435718716,/project/g_bme-janeslab/SarahG/spinodal_decomp_06_2025/out_MATLAB/NMG_MATLAB_2000_dt_5.50e-06_Nx_128_neumann_n_relax_475p_phi.csv
MATLAB,NMG,256,periodic,425p,None (10),1520,207.75441658451268,/project/g_bme-janeslab/SarahG/spinodal_decomp_06_2025/out_MATLAB/NMG_MATLAB_2000_dt_5.50e-06_Nx_256_periodic_n_relax_425p_phi.csv
MATLAB,SAV,64,periodic,475p,None (10),1520,33.565517717359384,/project/g_bme-janeslab/SarahG/spinodal_decomp_06_2025/out_MATLAB/SAV_MATLAB_2000_dt_5.50e-06_Nx_64_periodic_n_relax_475p_phi.csv
MATLAB,NMG,512,neumann,475p,None (10),1520,445.1851851760536,/project/g_bme-janeslab/SarahG/spinodal_decomp_06_2025/out_MATLAB/NMG_MATLAB_2000_dt_5.50e-06_Nx_512_neumann_n_relax_475p_phi.csv
MATLAB,NMG,64,periodic,425p,None (10),1520,32.74584103684235,/project/g_bme-janeslab/SarahG/spinodal_decomp_06_2025/out_MATLAB/NMG_MATLAB_2000_dt_5.50e-06_Nx_64_periodic_n_relax_425p_phi.csv
MATLAB,SAV,64,neumann,450p,None (10),1520,0.0,/project/g_bme-janeslab/SarahG/spinodal_decomp_06_2025/out_MATLAB/SAV_MATLAB_2000_dt_5.50e-06_Nx_64_neumann_n_relax_450p_phi.csv
MATLAB,NMG,64,neumann,425p,None (10),1520,0.0,/project/g_bme-janeslab/SarahG/spinodal_decomp_06_2025/out_MATLAB/NMG_MATLAB_2000_dt_5.50e-06_Nx_64_neumann_n_relax_425p_phi.csv
MATLAB,SAV,256,periodic,450p,None (10),1520,0.0,/project/g_bme-janeslab/SarahG/spinodal_decomp_06_2025/out_MATLAB/SAV_MATLAB_2000_dt_5.50e-06_Nx_256_periodic_n_relax_450p_phi.csv
Julia,SAV,512,periodic,50p,1050,1520,142.7614864541018,/project/g_bme-janeslab/SarahG/spinodal_decomp_06_2025/out_julia/SAV_Julia_2000_dt_5.50e-06_Nx_512_periodic_dtout_1050p_phi.csv
Julia,NMG,64,neumann,50p,1075,1520,35.162225159503805,/project/g_bme-janeslab/SarahG/spinodal_decomp_06_2025/out_julia/NMG_Julia_2000_dt_5.50e-06_Nx_64_neumann_dtout_1075p_phi.csv
Julia,NMG,512,periodic,50p,1050,1520,131.6020590077455,/project/g_bme-janeslab/SarahG/spinodal_decomp_06_2025/out_julia/NMG_Julia_2000_dt_5.50e-06_Nx_512_periodic_dtout_1050p_phi.csv
Julia,NMG,64,neumann,50p,1050,1520,17.290654715777812,/project/g_bme-janeslab/SarahG/spinodal_decomp_06_2025/out_julia/NMG_Julia_2000_dt_5.50e-06_Nx_64_neumann_dtout_1050p_phi.csv
Julia,NMG,512,periodic,50p,1075,1520,252.78060567925118,/project/g_bme-janeslab/SarahG/spinodal_decomp_06_2025/out_julia/NMG_Julia_2000_dt_5.50e-06_Nx_512_periodic_dtout_1075p_phi.csv
Julia,SAV,64,periodic,50p,1025,1520,34.16841039937231,/project/g_bme-janeslab/SarahG/spinodal_decomp_06_2025/out_julia/SAV_Julia_2000_dt_5.50e-06_Nx_64_periodic_dtout_1025p_phi.csv
Julia,SAV,256,periodic,50p,1075,1520,124.59369164173106,/project/g_bme-janeslab/SarahG/spinodal_decomp_06_2025/out_julia/SAV_Julia_2000_dt_5.50e-06_Nx_256_periodic_dtout_1075p_phi.csv
Julia,SAV,128,neumann,50p,1050,1520,24.650059990309785,/project/g_bme-janeslab/SarahG/spinodal_decomp_06_2025/out_julia/SAV_Julia_2000_dt_5.50e-06_Nx_128_neumann_dtout_1050p_phi.csv
Julia,NMG,256,periodic,50p,1025,1520,120.85071151101364,/project/g_bme-janeslab/SarahG/spinodal_decomp_06_2025/out_julia/NMG_Julia_2000_dt_5.50e-06_Nx_256_periodic_dtout_1025p_phi.csv
Julia,NMG,256,periodic,50p,1050,1520,33.24543456881526,/project/g_bme-janeslab/SarahG/spinodal_decomp_06_2025/out_julia/NMG_Julia_2000_dt_5.50e-06_Nx_256_periodic_dtout_1050p_phi.csv
Julia,SAV,512,periodic,50p,1025,1520,256.0388208277858,/project/g_bme-janeslab/SarahG/spinodal_decomp_06_2025/out_julia/SAV_Julia_2000_dt_5.50e-06_Nx_512_periodic_dtout_1025p_phi.csv
Julia,NMG,128,periodic,50p,1050,1520,24.71388780533189,/project/g_bme-janeslab/SarahG/spinodal_decomp_06_2025/out_julia/NMG_Julia_2000_dt_5.50e-06_Nx_128_periodic_dtout_1050p_phi.csv
Julia,NMG,512,neumann,50p,1025,1520,256.1811569515729,/project/g_bme-janeslab/SarahG/spinodal_decomp_06_2025/out_julia/NMG_Julia_2000_dt_5.50e-06_Nx_512_neumann_dtout_1025p_phi.csv
Julia,SAV,512,neumann,50p,1050,1520,143.10062049668684,/project/g_bme-janeslab/SarahG/spinodal_decomp_06_2025/out_julia/SAV_Julia_2000_dt_5.50e-06_Nx_512_neumann_dtout_1050p_phi.csv
Julia,SAV,64,neumann,50p,1075,1520,34.96452869246498,/project/g_bme-janeslab/SarahG/spinodal_decomp_06_2025/out_julia/SAV_Julia_2000_dt_5.50e-06_Nx_64_neumann_dtout_1075p_phi.csv
Julia,NMG,128,neumann,50p,1025,1520,65.41321483869825,/project/g_bme-janeslab/SarahG/spinodal_decomp_06_2025/out_julia/NMG_Julia_2000_dt_5.50e-06_Nx_128_neumann_dtout_1025p_phi.csv
Julia,NMG,512,neumann,50p,1075,1520,252.81263667283713,/project/g_bme-janeslab/SarahG/spinodal_decomp_06_2025/out_julia/NMG_Julia_2000_dt_5.50e-06_Nx_512_neumann_dtout_1075p_phi.csv
Julia,SAV,64,neumann,50p,1050,1520,16.6862503513117,/project/g_bme-janeslab/SarahG/spinodal_decomp_06_2025/out_julia/SAV_Julia_2000_dt_5.50e-06_Nx_64_neumann_dtout_1050p_phi.csv
Julia,NMG,64,periodic,50p,1050,1520,16.8116907182463,/project/g_bme-janeslab/SarahG/spinodal_decomp_06_2025/out_julia/NMG_Julia_2000_dt_5.50e-06_Nx_64_periodic_dtout_1050p_phi.csv
Julia,SAV,64,neumann,50p,1025,1520,34.37989241548016,/project/g_bme-janeslab/SarahG/spinodal_decomp_06_2025/out_julia/SAV_Julia_2000_dt_5.50e-06_Nx_64_neumann_dtout_1025p_phi.csv
Julia,SAV,64,periodic,50p,1050,1520,16.198131255494836,/project/g_bme-janeslab/SarahG/spinodal_decomp_06_2025/out_julia/SAV_Julia_2000_dt_5.50e-06_Nx_64_periodic_dtout_1050p_phi.csv
Julia,NMG,128,neumann,50p,1050,1520,25.289512690567072,/project/g_bme-janeslab/SarahG/spinodal_decomp_06_2025/out_julia/NMG_Julia_2000_dt_5.50e-06_Nx_128_neumann_dtout_1050p_phi.csv
Julia,NMG,512,periodic,50p,1025,1520,256.1219400332961,/project/g_bme-janeslab/SarahG/spinodal_decomp_06_2025/out_julia/NMG_Julia_2000_dt_5.50e-06_Nx_512_periodic_dtout_1025p_phi.csv
Julia,SAV,128,neumann,50p,1075,1520,66.3688904877335,/project/g_bme-janeslab/SarahG/spinodal_decomp_06_2025/out_julia/SAV_Julia_2000_dt_5.50e-06_Nx_128_neumann_dtout_1075p_phi.csv
Julia,NMG,64,periodic,50p,1025,1520,34.361336988917905,/project/g_bme-janeslab/SarahG/spinodal_decomp_06_2025/out_julia/NMG_Julia_2000_dt_5.50e-06_Nx_64_periodic_dtout_1025p_phi.csv
Julia,NMG,256,neumann,50p,1025,1520,120.86734375700209,/project/g_bme-janeslab/SarahG/spinodal_decomp_06_2025/out_julia/NMG_Julia_2000_dt_5.50e-06_Nx_256_neumann_dtout_1025p_phi.csv
Julia,NMG,128,periodic,50p,1025,1520,65.34676551819048,/project/g_bme-janeslab/SarahG/spinodal_decomp_06_2025/out_julia/NMG_Julia_2000_dt_5.50e-06_Nx_128_periodic_dtout_1025p_phi.csv
Julia,NMG,64,periodic,50p,1075,1520,34.923373417108344,/project/g_bme-janeslab/SarahG/spinodal_decomp_06_2025/out_julia/NMG_Julia_2000_dt_5.50e-06_Nx_64_periodic_dtout_1075p_phi.csv
Julia,SAV,512,periodic,50p,1075,1520,252.7492878685076,/project/g_bme-janeslab/SarahG/spinodal_decomp_06_2025/out_julia/SAV_Julia_2000_dt_5.50e-06_Nx_512_periodic_dtout_1075p_phi.csv
Julia,NMG,256,neumann,50p,1075,1520,124.75189945514497,/project/g_bme-janeslab/SarahG/spinodal_decomp_06_2025/out_julia/NMG_Julia_2000_dt_5.50e-06_Nx_256_neumann_dtout_1075p_phi.csv
Julia,SAV,256,periodic,50p,1050,1520,33.28771506104743,/project/g_bme-janeslab/SarahG/spinodal_decomp_06_2025/out_julia/SAV_Julia_2000_dt_5.50e-06_Nx_256_periodic_dtout_1050p_phi.csv
Julia,NMG,256,neumann,50p,1050,1520,33.25010325510538,/project/g_bme-janeslab/SarahG/spinodal_decomp_06_2025/out_julia/NMG_Julia_2000_dt_5.50e-06_Nx_256_neumann_dtout_1050p_phi.csv
Julia,SAV,128,periodic,50p,1050,1520,24.044082779868223,/project/g_bme-janeslab/SarahG/spinodal_decomp_06_2025/out_julia/SAV_Julia_2000_dt_5.50e-06_Nx_128_periodic_dtout_1050p_phi.csv
Julia,NMG,64,neumann,50p,1025,1520,34.57505785375218,/project/g_bme-janeslab/SarahG/spinodal_decomp_06_2025/out_julia/NMG_Julia_2000_dt_5.50e-06_Nx_64_neumann_dtout_1025p_phi.csv
Julia,SAV,256,neumann,50p,1025,1520,120.83650756461212,/project/g_bme-janeslab/SarahG/spinodal_decomp_06_2025/out_julia/SAV_Julia_2000_dt_5.50e-06_Nx_256_neumann_dtout_1025p_phi.csv
Julia,SAV,256,periodic,50p,1025,1520,120.81883362468379,/project/g_bme-janeslab/SarahG/spinodal_decomp_06_2025/out_julia/SAV_Julia_2000_dt_5.50e-06_Nx_256_periodic_dtout_1025p_phi.csv
Julia,SAV,128,periodic,50p,1075,1520,66.2381280248085,/project/g_bme-janeslab/SarahG/spinodal_decomp_06_2025/out_julia/SAV_Julia_2000_dt_5.50e-06_Nx_128_periodic_dtout_1075p_phi.csv
Julia,SAV,512,neumann,50p,1025,1520,256.1011539956526,/project/g_bme-janeslab/SarahG/spinodal_decomp_06_2025/out_julia/SAV_Julia_2000_dt_5.50e-06_Nx_512_neumann_dtout_1025p_phi.csv
Julia,NMG,256,periodic,50p,1075,1520,124.67262752678528,/project/g_bme-janeslab/SarahG/spinodal_decomp_06_2025/out_julia/NMG_Julia_2000_dt_5.50e-06_Nx_256_periodic_dtout_1075p_phi.csv
Julia,SAV,512,neumann,50p,1075,1520,252.78348400825473,/project/g_bme-janeslab/SarahG/spinodal_decomp_06_2025/out_julia/SAV_Julia_2000_dt_5.50e-06_Nx_512_neumann_dtout_1075p_phi.csv
Julia,SAV,256,neumann,50p,1075,1520,124.673077905269,/project/g_bme-janeslab/SarahG/spinodal_decomp_06_2025/out_julia/SAV_Julia_2000_dt_5.50e-06_Nx_256_neumann_dtout_1075p_phi.csv
Julia,SAV,128,neumann,50p,1025,1520,65.31743687252055,/project/g_bme-janeslab/SarahG/spinodal_decomp_06_2025/out_julia/SAV_Julia_2000_dt_5.50e-06_Nx_128_neumann_dtout_1025p_phi.csv
Julia,NMG,128,neumann,50p,1075,1520,66.50314027447445,/project/g_bme-janeslab/SarahG/spinodal_decomp_06_2025/out_julia/NMG_Julia_2000_dt_5.50e-06_Nx_128_neumann_dtout_1075p_phi.csv
Julia,SAV,64,periodic,50p,1075,1520,34.729294925682794,/project/g_bme-janeslab/SarahG/spinodal_decomp_06_2025/out_julia/SAV_Julia_2000_dt_5.50e-06_Nx_64_periodic_dtout_1075p_phi.csv
Julia,NMG,512,neumann,50p,1050,1520,131.9271857332908,/project/g_bme-janeslab/SarahG/spinodal_decomp_06_2025/out_julia/NMG_Julia_2000_dt_5.50e-06_Nx_512_neumann_dtout_1050p_phi.csv
Julia,SAV,256,neumann,50p,1050,1520,33.289791051995245,/project/g_bme-janeslab/SarahG/spinodal_decomp_06_2025/out_julia/SAV_Julia_2000_dt_5.50e-06_Nx_256_neumann_dtout_1050p_phi.csv
Julia,NMG,128,periodic,50p,1075,1520,66.36923154917399,/project/g_bme-janeslab/SarahG/spinodal_decomp_06_2025/out_julia/NMG_Julia_2000_dt_5.50e-06_Nx_128_periodic_dtout_1075p_phi.csv
Julia,SAV,128,periodic,50p,1025,1520,65.25127679789549,/project/g_bme-janeslab/SarahG/spinodal_decomp_06_2025/out_julia/SAV_Julia_2000_dt_5.50e-06_Nx_128_periodic_dtout_1025p_phi.csv
Python,NMG,128,neumann,50p,125,1520,65.494623471925,/project/g_bme-janeslab/SarahG/spinodal_decomp_06_2025/out_python/NMG_Python_20_dt_5.50e-06_Nx_128_neumann_dtout_125pphi.csv
Python,NMG,64,periodic,50p,175,1520,35.44836819794394,/project/g_bme-janeslab/SarahG/spinodal_decomp_06_2025/out_python/NMG_Python_20_dt_5.50e-06_Nx_64_periodic_dtout_175pphi.csv
Python,NMG,256,periodic,50p,150,1520,31.20725090643028,/project/g_bme-janeslab/SarahG/spinodal_decomp_06_2025/out_python/NMG_Python_20_dt_5.50e-06_Nx_256_periodic_dtout_150pphi.csv
Python,NMG,128,neumann,50p,175,1520,66.95007140568556,/project/g_bme-janeslab/SarahG/spinodal_decomp_06_2025/out_python/NMG_Python_20_dt_5.50e-06_Nx_128_neumann_dtout_175pphi.csv
Python,NMG,64,neumann,50p,150,1520,18.198342379148183,/project/g_bme-janeslab/SarahG/spinodal_decomp_06_2025/out_python/NMG_Python_20_dt_5.50e-06_Nx_64_neumann_dtout_150pphi.csv
Python,NMG,256,neumann,50p,150,1520,31.230952193622564,/project/g_bme-janeslab/SarahG/spinodal_decomp_06_2025/out_python/NMG_Python_20_dt_5.50e-06_Nx_256_neumann_dtout_150pphi.csv
Python,NMG,512,neumann,50p,125,1520,256.0080458563782,/project/g_bme-janeslab/SarahG/spinodal_decomp_06_2025/out_python/NMG_Python_20_dt_5.50e-06_Nx_512_neumann_dtout_125pphi.csv
Python,NMG,256,neumann,50p,175,1520,124.95793409301008,/project/g_bme-janeslab/SarahG/spinodal_decomp_06_2025/out_python/NMG_Python_20_dt_5.50e-06_Nx_256_neumann_dtout_175pphi.csv
Python,NMG,128,periodic,50p,150,1520,25.43897817992015,/project/g_bme-janeslab/SarahG/spinodal_decomp_06_2025/out_python/NMG_Python_20_dt_5.50e-06_Nx_128_periodic_dtout_150pphi.csv
Python,NMG,256,neumann,50p,125,1520,120.87527809832226,/project/g_bme-janeslab/SarahG/spinodal_decomp_06_2025/out_python/NMG_Python_20_dt_5.50e-06_Nx_256_neumann_dtout_125pphi.csv
Python,NMG,64,neumann,50p,175,1520,35.692079431849066,/project/g_bme-janeslab/SarahG/spinodal_decomp_06_2025/out_python/NMG_Python_20_dt_5.50e-06_Nx_64_neumann_dtout_175pphi.csv
Python,NMG,256,periodic,50p,125,1520,120.85433384482444,/project/g_bme-janeslab/SarahG/spinodal_decomp_06_2025/out_python/NMG_Python_20_dt_5.50e-06_Nx_256_periodic_dtout_125pphi.csv
Python,NMG,512,periodic,50p,150,1520,101.43072203557945,/project/g_bme-janeslab/SarahG/spinodal_decomp_06_2025/out_python/NMG_Python_20_dt_5.50e-06_Nx_512_periodic_dtout_150pphi.csv
Python,NMG,64,neumann,50p,125,1520,34.71214979107194,/project/g_bme-janeslab/SarahG/spinodal_decomp_06_2025/out_python/NMG_Python_20_dt_5.50e-06_Nx_64_neumann_dtout_125pphi.csv
Python,NMG,512,periodic,50p,125,1520,255.94897345461618,/project/g_bme-janeslab/SarahG/spinodal_decomp_06_2025/out_python/NMG_Python_20_dt_5.50e-06_Nx_512_periodic_dtout_125pphi.csv
Python,NMG,128,periodic,50p,175,1520,66.8104300656612,/project/g_bme-janeslab/SarahG/spinodal_decomp_06_2025/out_python/NMG_Python_20_dt_5.50e-06_Nx_128_periodic_dtout_175pphi.csv
Python,NMG,512,periodic,50p,175,1520,252.6961441003354,/project/g_bme-janeslab/SarahG/spinodal_decomp_06_2025/out_python/NMG_Python_20_dt_5.50e-06_Nx_512_periodic_dtout_175pphi.csv
Python,NMG,128,neumann,50p,150,1520,25.986380097008865,/project/g_bme-janeslab/SarahG/spinodal_decomp_06_2025/out_python/NMG_Python_20_dt_5.50e-06_Nx_128_neumann_dtout_150pphi.csv
Python,NMG,512,neumann,50p,175,1520,252.72107732997685,/project/g_bme-janeslab/SarahG/spinodal_decomp_06_2025/out_python/NMG_Python_20_dt_5.50e-06_Nx_512_neumann_dtout_175pphi.csv
Python,NMG,512,neumann,50p,150,1520,101.91332861375065,/project/g_bme-janeslab/SarahG/spinodal_decomp_06_2025/out_python/NMG_Python_20_dt_5.50e-06_Nx_512_neumann_dtout_150pphi.csv
Python,NMG,64,periodic,50p,125,1520,34.51254154320411,/project/g_bme-janeslab/SarahG/spinodal_decomp_06_2025/out_python/NMG_Python_20_dt_5.50e-06_Nx_64_periodic_dtout_125pphi.csv
Python,NMG,256,periodic,50p,175,1520,124.87438616664078,/project/g_bme-janeslab/SarahG/spinodal_decomp_06_2025/out_python/NMG_Python_20_dt_5.50e-06_Nx_256_periodic_dtout_175pphi.csv
Python,NMG,64,periodic,50p,150,1520,17.707629560204634,/project/g_bme-janeslab/SarahG/spinodal_decomp_06_2025/out_python/NMG_Python_20_dt_5.50e-06_Nx_64_periodic_dtout_150pphi.csv
Python,NMG,128,periodic,50p,125,1520,65.43642430941226,/project/g_bme-janeslab/SarahG/spinodal_decomp_06_2025/out_python/NMG_Python_20_dt_5.50e-06_Nx_128_periodic_dtout_125pphi.csv
MATLAB,SAV,64,periodic,450p,None (10),1560,0.0,/project/g_bme-janeslab/SarahG/spinodal_decomp_06_2025/out_MATLAB/SAV_MATLAB_2000_dt_5.50e-06_Nx_64_periodic_n_relax_450p_phi.csv
MATLAB,NMG,512,periodic,475p,None (10),1560,444.8282613128967,/project/g_bme-janeslab/SarahG/spinodal_decomp_06_2025/out_MATLAB/NMG_MATLAB_2000_dt_5.50e-06_Nx_512_periodic_n_relax_475p_phi.csv
MATLAB,NMG,512,neumann,450p,None (10),1560,447.22171939373226,/project/g_bme-janeslab/SarahG/spinodal_decomp_06_2025/out_MATLAB/NMG_MATLAB_2000_dt_5.50e-06_Nx_512_neumann_n_relax_450p_phi.csv
MATLAB,SAV,256,neumann,450p,None (10),1560,204.2962983729113,/project/g_bme-janeslab/SarahG/spinodal_decomp_06_2025/out_MATLAB/SAV_MATLAB_2000_dt_5.50e-06_Nx_256_neumann_n_relax_450p_phi.csv
MATLAB,SAV,64,neumann,475p,None (10),1560,34.40606501336566,/project/g_bme-janeslab/SarahG/spinodal_decomp_06_2025/out_MATLAB/SAV_MATLAB_2000_dt_5.50e-06_Nx_64_neumann_n_relax_475p_phi.csv
MATLAB,NMG,256,periodic,475p,None (10),1560,208.84291740887565,/project/g_bme-janeslab/SarahG/spinodal_decomp_06_2025/out_MATLAB/NMG_MATLAB_2000_dt_5.50e-06_Nx_256_periodic_n_relax_475p_phi.csv
MATLAB,NMG,128,neumann,425p,None (10),1560,0.0,/project/g_bme-janeslab/SarahG/spinodal_decomp_06_2025/out_MATLAB/NMG_MATLAB_2000_dt_5.50e-06_Nx_128_neumann_n_relax_425p_phi.csv
MATLAB,SAV,256,periodic,425p,None (10),1560,0.0,/project/g_bme-janeslab/SarahG/spinodal_decomp_06_2025/out_MATLAB/SAV_MATLAB_2000_dt_5.50e-06_Nx_256_periodic_n_relax_425p_phi.csv
MATLAB,NMG,128,periodic,475p,None (10),1560,78.18023215616564,/project/g_bme-janeslab/SarahG/spinodal_decomp_06_2025/out_MATLAB/NMG_MATLAB_2000_dt_5.50e-06_Nx_128_periodic_n_relax_475p_phi.csv
MATLAB,SAV,128,periodic,450p,None (10),1560,89.78525833174388,/project/g_bme-janeslab/SarahG/spinodal_decomp_06_2025/out_MATLAB/SAV_MATLAB_2000_dt_5.50e-06_Nx_128_periodic_n_relax_450p_phi.csv
MATLAB,NMG,128,neumann,450p,None (10),1560,87.87952022357257,/project/g_bme-janeslab/SarahG/spinodal_decomp_06_2025/out_MATLAB/NMG_MATLAB_2000_dt_5.50e-06_Nx_128_neumann_n_relax_450p_phi.csv
MATLAB,SAV,256,neumann,425p,None (10),1560,207.79111819197198,/project/g_bme-janeslab/SarahG/spinodal_decomp_06_2025/out_MATLAB/SAV_MATLAB_2000_dt_5.50e-06_Nx_256_neumann_n_relax_425p_phi.csv
MATLAB,SAV,512,periodic,450p,None (10),1560,0.0,/project/g_bme-janeslab/SarahG/spinodal_decomp_06_2025/out_MATLAB/SAV_MATLAB_2000_dt_5.50e-06_Nx_512_periodic_n_relax_450p_phi.csv
MATLAB,SAV,128,periodic,425p,None (10),1560,0.0,/project/g_bme-janeslab/SarahG/spinodal_decomp_06_2025/out_MATLAB/SAV_MATLAB_2000_dt_5.50e-06_Nx_128_periodic_n_relax_425p_phi.csv
MATLAB,NMG,512,neumann,425p,None (10),1560,446.09362578293525,/project/g_bme-janeslab/SarahG/spinodal_decomp_06_2025/out_MATLAB/NMG_MATLAB_2000_dt_5.50e-06_Nx_512_neumann_n_relax_425p_phi.csv
MATLAB,NMG,64,neumann,450p,None (10),1560,0.0,/project/g_bme-janeslab/SarahG/spinodal_decomp_06_2025/out_MATLAB/NMG_MATLAB_2000_dt_5.50e-06_Nx_64_neumann_n_relax_450p_phi.csv
MATLAB,NMG,64,periodic,450p,None (10),1560,30.10399894043104,/project/g_bme-janeslab/SarahG/spinodal_decomp_06_2025/out_MATLAB/NMG_MATLAB_2000_dt_5.50e-06_Nx_64_periodic_n_relax_450p_phi.csv
MATLAB,NMG,256,neumann,425p,None (10),1560,208.61186840056246,/project/g_bme-janeslab/SarahG/spinodal_decomp_06_2025/out_MATLAB/NMG_MATLAB_2000_dt_5.50e-06_Nx_256_neumann_n_relax_425p_phi.csv
MATLAB,SAV,64,neumann,425p,None (10),1560,0.0,/project/g_bme-janeslab/SarahG/spinodal_decomp_06_2025/out_MATLAB/SAV_MATLAB_2000_dt_5.50e-06_Nx_64_neumann_n_relax_425p_phi.csv
MATLAB,SAV,128,neumann,425p,None (10),1560,0.0,/project/g_bme-janeslab/SarahG/spinodal_decomp_06_2025/out_MATLAB/SAV_MATLAB_2000_dt_5.50e-06_Nx_128_neumann_n_relax_425p_phi.csv
MATLAB,NMG,128,periodic,425p,None (10),1560,80.83992116613321,/project/g_bme-janeslab/SarahG/spinodal_decomp_06_2025/out_MATLAB/NMG_MATLAB_2000_dt_5.50e-06_Nx_128_periodic_n_relax_425p_phi.csv
MATLAB,SAV,512,periodic,475p,None (10),1560,447.4051325349915,/project/g_bme-janeslab/SarahG/spinodal_decomp_06_2025/out_MATLAB/SAV_MATLAB_2000_dt_5.50e-06_Nx_512_periodic_n_relax_475p_phi.csv
MATLAB,SAV,512,neumann,475p,None (10),1560,0.0,/project/g_bme-janeslab/SarahG/spinodal_decomp_06_2025/out_MATLAB/SAV_MATLAB_2000_dt_5.50e-06_Nx_512_neumann_n_relax_475p_phi.csv
MATLAB,NMG,256,neumann,475p,None (10),1560,208.3942199973496,/project/g_bme-janeslab/SarahG/spinodal_decomp_06_2025/out_MATLAB/NMG_MATLAB_2000_dt_5.50e-06_Nx_256_neumann_n_relax_475p_phi.csv
MATLAB,NMG,256,neumann,450p,None (10),1560,204.6054615292356,/project/g_bme-janeslab/SarahG/spinodal_decomp_06_2025/out_MATLAB/NMG_MATLAB_2000_dt_5.50e-06_Nx_256_neumann_n_relax_450p_phi.csv
MATLAB,SAV,512,periodic,425p,None (10),1560,448.06009758779203,/project/g_bme-janeslab/SarahG/spinodal_decomp_06_2025/out_MATLAB/SAV_MATLAB_2000_dt_5.50e-06_Nx_512_periodic_n_relax_425p_phi.csv
MATLAB,NMG,64,neumann,475p,None (10),1560,34.462830824289384,/project/g_bme-janeslab/SarahG/spinodal_decomp_06_2025/out_MATLAB/NMG_MATLAB_2000_dt_5.50e-06_Nx_64_neumann_n_relax_475p_phi.csv
MATLAB,SAV,128,periodic,475p,None (10),1560,78.64627303448418,/project/g_bme-janeslab/SarahG/spinodal_decomp_06_2025/out_MATLAB/SAV_MATLAB_2000_dt_5.50e-06_Nx_128_periodic_n_relax_475p_phi.csv
MATLAB,SAV,256,neumann,475p,None (10),1560,208.0033050400087,/project/g_bme-janeslab/SarahG/spinodal_decomp_06_2025/out_MATLAB/SAV_MATLAB_2000_dt_5.50e-06_Nx_256_neumann_n_relax_475p_phi.csv
MATLAB,NMG,512,periodic,450p,None (10),1560,447.0758792211087,/project/g_bme-janeslab/SarahG/spinodal_decomp_06_2025/out_MATLAB/NMG_MATLAB_2000_dt_5.50e-06_Nx_512_periodic_n_relax_450p_phi.csv
MATLAB,SAV,64,periodic,425p,None (10),1560,0.0,/project/g_bme-janeslab/SarahG/spinodal_decomp_06_2025/out_MATLAB/SAV_MATLAB_2000_dt_5.50e-06_Nx_64_periodic_n_relax_425p_phi.csv
MATLAB,SAV,512,neumann,425p,None (10),1560,448.0505228907902,/project/g_bme-janeslab/SarahG/spinodal_decomp_06_2025/out_MATLAB/SAV_MATLAB_2000_dt_5.50e-06_Nx_512_neumann_n_relax_425p_phi.csv
MATLAB,SAV,128,neumann,475p,None (10),1560,85.27424044427944,/project/g_bme-janeslab/SarahG/spinodal_decomp_06_2025/out_MATLAB/SAV_MATLAB_2000_dt_5.50e-06_Nx_128_neumann_n_relax_475p_phi.csv
MATLAB,SAV,512,neumann,450p,None (10),1560,446.84416797359177,/project/g_bme-janeslab/SarahG/spinodal_decomp_06_2025/out_MATLAB/SAV_MATLAB_2000_dt_5.50e-06_Nx_512_neumann_n_relax_450p_phi.csv
MATLAB,SAV,256,periodic,475p,None (10),1560,208.38612929738738,/project/g_bme-janeslab/SarahG/spinodal_decomp_06_2025/out_MATLAB/SAV_MATLAB_2000_dt_5.50e-06_Nx_256_periodic_n_relax_475p_phi.csv
MATLAB,NMG,256,periodic,450p,None (10),1560,205.2940405706936,/project/g_bme-janeslab/SarahG/spinodal_decomp_06_2025/out_MATLAB/NMG_MATLAB_2000_dt_5.50e-06_Nx_256_periodic_n_relax_450p_phi.csv
MATLAB,SAV,128,neumann,450p,None (10),1560,88.74332122556692,/project/g_bme-janeslab/SarahG/spinodal_decomp_06_2025/out_MATLAB/SAV_MATLAB_2000_dt_5.50e-06_Nx_128_neumann_n_relax_450p_phi.csv
MATLAB,NMG,64,periodic,475p,None (10),1560,33.26260193786787,/project/g_bme-janeslab/SarahG/spinodal_decomp_06_2025/out_MATLAB/NMG_MATLAB_2000_dt_5.50e-06_Nx_64_periodic_n_relax_475p_phi.csv
MATLAB,NMG,512,periodic,425p,None (10),1560,445.97725229384196,/project/g_bme-janeslab/SarahG/spinodal_decomp_06_2025/out_MATLAB/NMG_MATLAB_2000_dt_5.50e-06_Nx_512_periodic_n_relax_425p_phi.csv
MATLAB,NMG,128,periodic,450p,None (10),1560,90.17948288345457,/project/g_bme-janeslab/SarahG/spinodal_decomp_06_2025/out_MATLAB/NMG_MATLAB_2000_dt_5.50e-06_Nx_128_periodic_n_relax_450p_phi.csv
MATLAB,NMG,128,neumann,475p,None (10),1560,82.38845570144963,/project/g_bme-janeslab/SarahG/spinodal_decomp_06_2025/out_MATLAB/NMG_MATLAB_2000_dt_5.50e-06_Nx_128_neumann_n_relax_475p_phi.csv
MATLAB,NMG,256,periodic,425p,None (10),1560,208.01947127031042,/project/g_bme-janeslab/SarahG/spinodal_decomp_06_2025/out_MATLAB/NMG_MATLAB_2000_dt_5.50e-06_Nx_256_periodic_n_relax_425p_phi.csv
MATLAB,SAV,64,periodic,475p,None (10),1560,33.236009341434254,/project/g_bme-janeslab/SarahG/spinodal_decomp_06_2025/out_MATLAB/SAV_MATLAB_2000_dt_5.50e-06_Nx_64_periodic_n_relax_475p_phi.csv
MATLAB,NMG,512,neumann,475p,None (10),1560,445.4769937039831,/project/g_bme-janeslab/SarahG/spinodal_decomp_06_2025/out_MATLAB/NMG_MATLAB_2000_dt_5.50e-06_Nx_512_neumann_n_relax_475p_phi.csv
MATLAB,NMG,64,periodic,425p,None (10),1560,32.75730646169275,/project/g_bme-janeslab/SarahG/spinodal_decomp_06_2025/out_MATLAB/NMG_MATLAB_2000_dt_5.50e-06_Nx_64_periodic_n_relax_425p_phi.csv
MATLAB,SAV,64,neumann,450p,None (10),1560,0.0,/project/g_bme-janeslab/SarahG/spinodal_decomp_06_2025/out_MATLAB/SAV_MATLAB_2000_dt_5.50e-06_Nx_64_neumann_n_relax_450p_phi.csv
MATLAB,NMG,64,neumann,425p,None (10),1560,0.0,/project/g_bme-janeslab/SarahG/spinodal_decomp_06_2025/out_MATLAB/NMG_MATLAB_2000_dt_5.50e-06_Nx_64_neumann_n_relax_425p_phi.csv
MATLAB,SAV,256,periodic,450p,None (10),1560,0.0,/project/g_bme-janeslab/SarahG/spinodal_decomp_06_2025/out_MATLAB/SAV_MATLAB_2000_dt_5.50e-06_Nx_256_periodic_n_relax_450p_phi.csv
Julia,SAV,512,periodic,50p,1050,1560,145.20710236043567,/project/g_bme-janeslab/SarahG/spinodal_decomp_06_2025/out_julia/SAV_Julia_2000_dt_5.50e-06_Nx_512_periodic_dtout_1050p_phi.csv
Julia,NMG,64,neumann,50p,1075,1560,35.142080142277834,/project/g_bme-janeslab/SarahG/spinodal_decomp_06_2025/out_julia/NMG_Julia_2000_dt_5.50e-06_Nx_64_neumann_dtout_1075p_phi.csv
Julia,NMG,512,periodic,50p,1050,1560,133.67545348481855,/project/g_bme-janeslab/SarahG/spinodal_decomp_06_2025/out_julia/NMG_Julia_2000_dt_5.50e-06_Nx_512_periodic_dtout_1050p_phi.csv
Julia,NMG,64,neumann,50p,1050,1560,17.247211126667946,/project/g_bme-janeslab/SarahG/spinodal_decomp_06_2025/out_julia/NMG_Julia_2000_dt_5.50e-06_Nx_64_neumann_dtout_1050p_phi.csv
Julia,NMG,512,periodic,50p,1075,1560,252.78972821135736,/project/g_bme-janeslab/SarahG/spinodal_decomp_06_2025/out_julia/NMG_Julia_2000_dt_5.50e-06_Nx_512_periodic_dtout_1075p_phi.csv
Julia,SAV,64,periodic,50p,1025,1560,34.173968723757824,/project/g_bme-janeslab/SarahG/spinodal_decomp_06_2025/out_julia/SAV_Julia_2000_dt_5.50e-06_Nx_64_periodic_dtout_1025p_phi.csv
Julia,SAV,256,periodic,50p,1075,1560,124.58450674402535,/project/g_bme-janeslab/SarahG/spinodal_decomp_06_2025/out_julia/SAV_Julia_2000_dt_5.50e-06_Nx_256_periodic_dtout_1075p_phi.csv
Julia,SAV,128,neumann,50p,1050,1560,24.621030779251882,/project/g_bme-janeslab/SarahG/spinodal_decomp_06_2025/out_julia/SAV_Julia_2000_dt_5.50e-06_Nx_128_neumann_dtout_1050p_phi.csv
Julia,NMG,256,periodic,50p,1025,1560,120.84261946717612,/project/g_bme-janeslab/SarahG/spinodal_decomp_06_2025/out_julia/NMG_Julia_2000_dt_5.50e-06_Nx_256_periodic_dtout_1025p_phi.csv
Julia,NMG,256,periodic,50p,1050,1560,33.43305117213233,/project/g_bme-janeslab/SarahG/spinodal_decomp_06_2025/out_julia/NMG_Julia_2000_dt_5.50e-06_Nx_256_periodic_dtout_1050p_phi.csv
Julia,SAV,512,periodic,50p,1025,1560,256.0419673693282,/project/g_bme-janeslab/SarahG/spinodal_decomp_06_2025/out_julia/SAV_Julia_2000_dt_5.50e-06_Nx_512_periodic_dtout_1025p_phi.csv
Julia,NMG,128,periodic,50p,1050,1560,24.6766988469433,/project/g_bme-janeslab/SarahG/spinodal_decomp_06_2025/out_julia/NMG_Julia_2000_dt_5.50e-06_Nx_128_periodic_dtout_1050p_phi.csv
Julia,NMG,512,neumann,50p,1025,1560,256.18260677742705,/project/g_bme-janeslab/SarahG/spinodal_decomp_06_2025/out_julia/NMG_Julia_2000_dt_5.50e-06_Nx_512_neumann_dtout_1025p_phi.csv
Julia,SAV,512,neumann,50p,1050,1560,145.55521173913456,/project/g_bme-janeslab/SarahG/spinodal_decomp_06_2025/out_julia/SAV_Julia_2000_dt_5.50e-06_Nx_512_neumann_dtout_1050p_phi.csv
Julia,SAV,64,neumann,50p,1075,1560,34.95422180433168,/project/g_bme-janeslab/SarahG/spinodal_decomp_06_2025/out_julia/SAV_Julia_2000_dt_5.50e-06_Nx_64_neumann_dtout_1075p_phi.csv
Julia,NMG,128,neumann,50p,1025,1560,65.3900049714216,/project/g_bme-janeslab/SarahG/spinodal_decomp_06_2025/out_julia/NMG_Julia_2000_dt_5.50e-06_Nx_128_neumann_dtout_1025p_phi.csv
Julia,NMG,512,neumann,50p,1075,1560,252.82154971725407,/project/g_bme-janeslab/SarahG/spinodal_decomp_06_2025/out_julia/NMG_Julia_2000_dt_5.50e-06_Nx_512_neumann_dtout_1075p_phi.csv
Julia,SAV,64,neumann,50p,1050,1560,16.65670890029603,/project/g_bme-janeslab/SarahG/spinodal_decomp_06_2025/out_julia/SAV_Julia_2000_dt_5.50e-06_Nx_64_neumann_dtout_1050p_phi.csv
Julia,NMG,64,periodic,50p,1050,1560,16.76652682252067,/project/g_bme-janeslab/SarahG/spinodal_decomp_06_2025/out_julia/NMG_Julia_2000_dt_5.50e-06_Nx_64_periodic_dtout_1050p_phi.csv
Julia,SAV,64,neumann,50p,1025,1560,34.38808590537204,/project/g_bme-janeslab/SarahG/spinodal_decomp_06_2025/out_julia/SAV_Julia_2000_dt_5.50e-06_Nx_64_neumann_dtout_1025p_phi.csv
Julia,SAV,64,periodic,50p,1050,1560,16.168197286375417,/project/g_bme-janeslab/SarahG/spinodal_decomp_06_2025/out_julia/SAV_Julia_2000_dt_5.50e-06_Nx_64_periodic_dtout_1050p_phi.csv
Julia,NMG,128,neumann,50p,1050,1560,25.251334346325663,/project/g_bme-janeslab/SarahG/spinodal_decomp_06_2025/out_julia/NMG_Julia_2000_dt_5.50e-06_Nx_128_neumann_dtout_1050p_phi.csv
Julia,NMG,512,periodic,50p,1025,1560,256.1235304507687,/project/g_bme-janeslab/SarahG/spinodal_decomp_06_2025/out_julia/NMG_Julia_2000_dt_5.50e-06_Nx_512_periodic_dtout_1025p_phi.csv
Julia,SAV,128,neumann,50p,1075,1560,66.36385520470343,/project/g_bme-janeslab/SarahG/spinodal_decomp_06_2025/out_julia/SAV_Julia_2000_dt_5.50e-06_Nx_128_neumann_dtout_1075p_phi.csv
Julia,NMG,64,periodic,50p,1025,1560,34.362037444324216,/project/g_bme-janeslab/SarahG/spinodal_decomp_06_2025/out_julia/NMG_Julia_2000_dt_5.50e-06_Nx_64_periodic_dtout_1025p_phi.csv
Julia,NMG,256,neumann,50p,1025,1560,120.85916763357922,/project/g_bme-janeslab/SarahG/spinodal_decomp_06_2025/out_julia/NMG_Julia_2000_dt_5.50e-06_Nx_256_neumann_dtout_1025p_phi.csv
Julia,NMG,128,periodic,50p,1025,1560,65.32183251174243,/project/g_bme-janeslab/SarahG/spinodal_decomp_06_2025/out_julia/NMG_Julia_2000_dt_5.50e-06_Nx_128_periodic_dtout_1025p_phi.csv
Julia,NMG,64,periodic,50p,1075,1560,34.903135173225785,/project/g_bme-janeslab/SarahG/spinodal_decomp_06_2025/out_julia/NMG_Julia_2000_dt_5.50e-06_Nx_64_periodic_dtout_1075p_phi.csv
Julia,SAV,512,periodic,50p,1075,1560,252.76154601812456,/project/g_bme-janeslab/SarahG/spinodal_decomp_06_2025/out_julia/SAV_Julia_2000_dt_5.50e-06_Nx_512_periodic_dtout_1075p_phi.csv
Julia,NMG,256,neumann,50p,1075,1560,124.74117888460495,/project/g_bme-janeslab/SarahG/spinodal_decomp_06_2025/out_julia/NMG_Julia_2000_dt_5.50e-06_Nx_256_neumann_dtout_1075p_phi.csv
Julia,SAV,256,periodic,50p,1050,1560,33.48450364236507,/project/g_bme-janeslab/SarahG/spinodal_decomp_06_2025/out_julia/SAV_Julia_2000_dt_5.50e-06_Nx_256_periodic_dtout_1050p_phi.csv
Julia,NMG,256,neumann,50p,1050,1560,33.43703271019206,/project/g_bme-janeslab/SarahG/spinodal_decomp_06_2025/out_julia/NMG_Julia_2000_dt_5.50e-06_Nx_256_neumann_dtout_1050p_phi.csv
Julia,SAV,128,periodic,50p,1050,1560,24.016381700238394,/project/g_bme-janeslab/SarahG/spinodal_decomp_06_2025/out_julia/SAV_Julia_2000_dt_5.50e-06_Nx_128_periodic_dtout_1050p_phi.csv
Julia,NMG,64,neumann,50p,1025,1560,34.57811460242849,/project/g_bme-janeslab/SarahG/spinodal_decomp_06_2025/out_julia/NMG_Julia_2000_dt_5.50e-06_Nx_64_neumann_dtout_1025p_phi.csv
Julia,SAV,256,neumann,50p,1025,1560,120.82882109693783,/project/g_bme-janeslab/SarahG/spinodal_decomp_06_2025/out_julia/SAV_Julia_2000_dt_5.50e-06_Nx_256_neumann_dtout_1025p_phi.csv
Julia,SAV,256,periodic,50p,1025,1560,120.81121708122768,/project/g_bme-janeslab/SarahG/spinodal_decomp_06_2025/out_julia/SAV_Julia_2000_dt_5.50e-06_Nx_256_periodic_dtout_1025p_phi.csv
Julia,SAV,128,periodic,50p,1075,1560,66.2336473405141,/project/g_bme-janeslab/SarahG/spinodal_decomp_06_2025/out_julia/SAV_Julia_2000_dt_5.50e-06_Nx_128_periodic_dtout_1075p_phi.csv
Julia,SAV,512,neumann,50p,1025,1560,256.10418850034944,/project/g_bme-janeslab/SarahG/spinodal_decomp_06_2025/out_julia/SAV_Julia_2000_dt_5.50e-06_Nx_512_neumann_dtout_1025p_phi.csv
Julia,NMG,256,periodic,50p,1075,1560,124.6612317442563,/project/g_bme-janeslab/SarahG/spinodal_decomp_06_2025/out_julia/NMG_Julia_2000_dt_5.50e-06_Nx_256_periodic_dtout_1075p_phi.csv
Julia,SAV,512,neumann,50p,1075,1560,252.79552784700533,/project/g_bme-janeslab/SarahG/spinodal_decomp_06_2025/out_julia/SAV_Julia_2000_dt_5.50e-06_Nx_512_neumann_dtout_1075p_phi.csv
Julia,SAV,256,neumann,50p,1075,1560,124.6645044195027,/project/g_bme-janeslab/SarahG/spinodal_decomp_06_2025/out_julia/SAV_Julia_2000_dt_5.50e-06_Nx_256_neumann_dtout_1075p_phi.csv
Julia,SAV,128,neumann,50p,1025,1560,65.29579640875292,/project/g_bme-janeslab/SarahG/spinodal_decomp_06_2025/out_julia/SAV_Julia_2000_dt_5.50e-06_Nx_128_neumann_dtout_1025p_phi.csv
Julia,NMG,128,neumann,50p,1075,1560,66.49571053153966,/project/g_bme-janeslab/SarahG/spinodal_decomp_06_2025/out_julia/NMG_Julia_2000_dt_5.50e-06_Nx_128_neumann_dtout_1075p_phi.csv
Julia,SAV,64,periodic,50p,1075,1560,34.71878647108459,/project/g_bme-janeslab/SarahG/spinodal_decomp_06_2025/out_julia/SAV_Julia_2000_dt_5.50e-06_Nx_64_periodic_dtout_1075p_phi.csv
Julia,NMG,512,neumann,50p,1050,1560,134.00657390633285,/project/g_bme-janeslab/SarahG/spinodal_decomp_06_2025/out_julia/NMG_Julia_2000_dt_5.50e-06_Nx_512_neumann_dtout_1050p_phi.csv
Julia,SAV,256,neumann,50p,1050,1560,33.485510354909586,/project/g_bme-janeslab/SarahG/spinodal_decomp_06_2025/out_julia/SAV_Julia_2000_dt_5.50e-06_Nx_256_neumann_dtout_1050p_phi.csv
Julia,NMG,128,periodic,50p,1075,1560,66.36247275246882,/project/g_bme-janeslab/SarahG/spinodal_decomp_06_2025/out_julia/NMG_Julia_2000_dt_5.50e-06_Nx_128_periodic_dtout_1075p_phi.csv
Julia,SAV,128,periodic,50p,1025,1560,65.2277239335678,/project/g_bme-janeslab/SarahG/spinodal_decomp_06_2025/out_julia/SAV_Julia_2000_dt_5.50e-06_Nx_128_periodic_dtout_1025p_phi.csv
Python,NMG,128,neumann,50p,125,1560,65.47323064264278,/project/g_bme-janeslab/SarahG/spinodal_decomp_06_2025/out_python/NMG_Python_20_dt_5.50e-06_Nx_128_neumann_dtout_125pphi.csv
Python,NMG,64,periodic,50p,175,1560,35.40821887503044,/project/g_bme-janeslab/SarahG/spinodal_decomp_06_2025/out_python/NMG_Python_20_dt_5.50e-06_Nx_64_periodic_dtout_175pphi.csv
Python,NMG,256,periodic,50p,150,1560,31.30627149434459,/project/g_bme-janeslab/SarahG/spinodal_decomp_06_2025/out_python/NMG_Python_20_dt_5.50e-06_Nx_256_periodic_dtout_150pphi.csv
Python,NMG,128,neumann,50p,175,1560,66.91524042737083,/project/g_bme-janeslab/SarahG/spinodal_decomp_06_2025/out_python/NMG_Python_20_dt_5.50e-06_Nx_128_neumann_dtout_175pphi.csv
Python,NMG,64,neumann,50p,150,1560,18.110543352267445,/project/g_bme-janeslab/SarahG/spinodal_decomp_06_2025/out_python/NMG_Python_20_dt_5.50e-06_Nx_64_neumann_dtout_150pphi.csv
Python,NMG,256,neumann,50p,150,1560,31.330520561921556,/project/g_bme-janeslab/SarahG/spinodal_decomp_06_2025/out_python/NMG_Python_20_dt_5.50e-06_Nx_256_neumann_dtout_150pphi.csv
Python,NMG,512,neumann,50p,125,1560,256.01482074951247,/project/g_bme-janeslab/SarahG/spinodal_decomp_06_2025/out_python/NMG_Python_20_dt_5.50e-06_Nx_512_neumann_dtout_125pphi.csv
Python,NMG,256,neumann,50p,175,1560,124.94200604950088,/project/g_bme-janeslab/SarahG/spinodal_decomp_06_2025/out_python/NMG_Python_20_dt_5.50e-06_Nx_256_neumann_dtout_175pphi.csv
Python,NMG,128,periodic,50p,150,1560,25.361313042239566,/project/g_bme-janeslab/SarahG/spinodal_decomp_06_2025/out_python/NMG_Python_20_dt_5.50e-06_Nx_128_periodic_dtout_150pphi.csv
Python,NMG,256,neumann,50p,125,1560,120.87196393711149,/project/g_bme-janeslab/SarahG/spinodal_decomp_06_2025/out_python/NMG_Python_20_dt_5.50e-06_Nx_256_neumann_dtout_125pphi.csv
Python,NMG,64,neumann,50p,175,1560,35.65141369494181,/project/g_bme-janeslab/SarahG/spinodal_decomp_06_2025/out_python/NMG_Python_20_dt_5.50e-06_Nx_64_neumann_dtout_175pphi.csv
Python,NMG,256,periodic,50p,125,1560,120.85091928782737,/project/g_bme-janeslab/SarahG/spinodal_decomp_06_2025/out_python/NMG_Python_20_dt_5.50e-06_Nx_256_periodic_dtout_125pphi.csv
Python,NMG,512,periodic,50p,150,1560,102.84537798947062,/project/g_bme-janeslab/SarahG/spinodal_decomp_06_2025/out_python/NMG_Python_20_dt_5.50e-06_Nx_512_periodic_dtout_150pphi.csv
Python,NMG,64,neumann,50p,125,1560,34.679603345381466,/project/g_bme-janeslab/SarahG/spinodal_decomp_06_2025/out_python/NMG_Python_20_dt_5.50e-06_Nx_64_neumann_dtout_125pphi.csv
Python,NMG,512,periodic,50p,125,1560,255.95632960746482,/project/g_bme-janeslab/SarahG/spinodal_decomp_06_2025/out_python/NMG_Python_20_dt_5.50e-06_Nx_512_periodic_dtout_125pphi.csv
Python,NMG,128,periodic,50p,175,1560,66.77560136062402,/project/g_bme-janeslab/SarahG/spinodal_decomp_06_2025/out_python/NMG_Python_20_dt_5.50e-06_Nx_128_periodic_dtout_175pphi.csv
Python,NMG,512,periodic,50p,175,1560,252.6937616718829,/project/g_bme-janeslab/SarahG/spinodal_decomp_06_2025/out_python/NMG_Python_20_dt_5.50e-06_Nx_512_periodic_dtout_175pphi.csv
Python,NMG,128,neumann,50p,150,1560,25.91040150300086,/project/g_bme-janeslab/SarahG/spinodal_decomp_06_2025/out_python/NMG_Python_20_dt_5.50e-06_Nx_128_neumann_dtout_150pphi.csv
Python,NMG,512,neumann,50p,175,1560,252.71880580481138,/project/g_bme-janeslab/SarahG/spinodal_decomp_06_2025/out_python/NMG_Python_20_dt_5.50e-06_Nx_512_neumann_dtout_175pphi.csv
Python,NMG,512,neumann,50p,150,1560,103.32374737521144,/project/g_bme-janeslab/SarahG/spinodal_decomp_06_2025/out_python/NMG_Python_20_dt_5.50e-06_Nx_512_neumann_dtout_150pphi.csv
Python,NMG,64,periodic,50p,125,1560,34.47982026685904,/project/g_bme-janeslab/SarahG/spinodal_decomp_06_2025/out_python/NMG_Python_20_dt_5.50e-06_Nx_64_periodic_dtout_125pphi.csv
Python,NMG,256,periodic,50p,175,1560,124.85874722112399,/project/g_bme-janeslab/SarahG/spinodal_decomp_06_2025/out_python/NMG_Python_20_dt_5.50e-06_Nx_256_periodic_dtout_175pphi.csv
Python,NMG,64,periodic,50p,150,1560,17.61878499077464,/project/g_bme-janeslab/SarahG/spinodal_decomp_06_2025/out_python/NMG_Python_20_dt_5.50e-06_Nx_64_periodic_dtout_150pphi.csv
Python,NMG,128,periodic,50p,125,1560,65.41471268317473,/project/g_bme-janeslab/SarahG/spinodal_decomp_06_2025/out_python/NMG_Python_20_dt_5.50e-06_Nx_128_periodic_dtout_125pphi.csv
MATLAB,SAV,64,periodic,450p,None (10),1600,0.0,/project/g_bme-janeslab/SarahG/spinodal_decomp_06_2025/out_MATLAB/SAV_MATLAB_2000_dt_5.50e-06_Nx_64_periodic_n_relax_450p_phi.csv
MATLAB,NMG,512,periodic,475p,None (10),1600,445.062082210868,/project/g_bme-janeslab/SarahG/spinodal_decomp_06_2025/out_MATLAB/NMG_MATLAB_2000_dt_5.50e-06_Nx_512_periodic_n_relax_475p_phi.csv
MATLAB,NMG,512,neumann,450p,None (10),1600,447.7998555572067,/project/g_bme-janeslab/SarahG/spinodal_decomp_06_2025/out_MATLAB/NMG_MATLAB_2000_dt_5.50e-06_Nx_512_neumann_n_relax_450p_phi.csv
MATLAB,SAV,256,neumann,450p,None (10),1600,204.68349445427936,/project/g_bme-janeslab/SarahG/spinodal_decomp_06_2025/out_MATLAB/SAV_MATLAB_2000_dt_5.50e-06_Nx_256_neumann_n_relax_450p_phi.csv
MATLAB,SAV,64,neumann,475p,None (10),1600,34.47424569127878,/project/g_bme-janeslab/SarahG/spinodal_decomp_06_2025/out_MATLAB/SAV_MATLAB_2000_dt_5.50e-06_Nx_64_neumann_n_relax_475p_phi.csv
MATLAB,NMG,256,periodic,475p,None (10),1600,209.05173492069855,/project/g_bme-janeslab/SarahG/spinodal_decomp_06_2025/out_MATLAB/NMG_MATLAB_2000_dt_5.50e-06_Nx_256_periodic_n_relax_475p_phi.csv
MATLAB,NMG,128,neumann,425p,None (10),1600,0.0,/project/g_bme-janeslab/SarahG/spinodal_decomp_06_2025/out_MATLAB/NMG_MATLAB_2000_dt_5.50e-06_Nx_128_neumann_n_relax_425p_phi.csv
MATLAB,SAV,256,periodic,425p,None (10),1600,0.0,/project/g_bme-janeslab/SarahG/spinodal_decomp_06_2025/out_MATLAB/SAV_MATLAB_2000_dt_5.50e-06_Nx_256_periodic_n_relax_425p_phi.csv
MATLAB,NMG,128,periodic,475p,None (10),1600,78.88522378948024,/project/g_bme-janeslab/SarahG/spinodal_decomp_06_2025/out_MATLAB/NMG_MATLAB_2000_dt_5.50e-06_Nx_128_periodic_n_relax_475p_phi.csv
MATLAB,SAV,128,periodic,450p,None (10),1600,90.03304086493354,/project/g_bme-janeslab/SarahG/spinodal_decomp_06_2025/out_MATLAB/SAV_MATLAB_2000_dt_5.50e-06_Nx_128_periodic_n_relax_450p_phi.csv
MATLAB,NMG,128,neumann,450p,None (10),1600,88.18008946758083,/project/g_bme-janeslab/SarahG/spinodal_decomp_06_2025/out_MATLAB/NMG_MATLAB_2000_dt_5.50e-06_Nx_128_neumann_n_relax_450p_phi.csv
MATLAB,SAV,256,neumann,425p,None (10),1600,208.15343378943558,/project/g_bme-janeslab/SarahG/spinodal_decomp_06_2025/out_MATLAB/SAV_MATLAB_2000_dt_5.50e-06_Nx_256_neumann_n_relax_425p_phi.csv
MATLAB,SAV,512,periodic,450p,None (10),1600,0.0,/project/g_bme-janeslab/SarahG/spinodal_decomp_06_2025/out_MATLAB/SAV_MATLAB_2000_dt_5.50e-06_Nx_512_periodic_n_relax_450p_phi.csv
MATLAB,SAV,128,periodic,425p,None (10),1600,0.0,/project/g_bme-janeslab/SarahG/spinodal_decomp_06_2025/out_MATLAB/SAV_MATLAB_2000_dt_5.50e-06_Nx_128_periodic_n_relax_425p_phi.csv
MATLAB,NMG,512,neumann,425p,None (10),1600,446.5466864332618,/project/g_bme-janeslab/SarahG/spinodal_decomp_06_2025/out_MATLAB/NMG_MATLAB_2000_dt_5.50e-06_Nx_512_neumann_n_relax_425p_phi.csv
MATLAB,NMG,64,neumann,450p,None (10),1600,0.0,/project/g_bme-janeslab/SarahG/spinodal_decomp_06_2025/out_MATLAB/NMG_MATLAB_2000_dt_5.50e-06_Nx_64_neumann_n_relax_450p_phi.csv
MATLAB,NMG,64,periodic,450p,None (10),1600,30.57338000632749,/project/g_bme-janeslab/SarahG/spinodal_decomp_06_2025/out_MATLAB/NMG_MATLAB_2000_dt_5.50e-06_Nx_64_periodic_n_relax_450p_phi.csv
MATLAB,NMG,256,neumann,425p,None (10),1600,208.95047103538758,/project/g_bme-janeslab/SarahG/spinodal_decomp_06_2025/out_MATLAB/NMG_MATLAB_2000_dt_5.50e-06_Nx_256_neumann_n_relax_425p_phi.csv
MATLAB,SAV,64,neumann,425p,None (10),1600,0.0,/project/g_bme-janeslab/SarahG/spinodal_decomp_06_2025/out_MATLAB/SAV_MATLAB_2000_dt_5.50e-06_Nx_64_neumann_n_relax_425p_phi.csv
MATLAB,SAV,128,neumann,425p,None (10),1600,0.0,/project/g_bme-janeslab/SarahG/spinodal_decomp_06_2025/out_MATLAB/SAV_MATLAB_2000_dt_5.50e-06_Nx_128_neumann_n_relax_425p_phi.csv
MATLAB,NMG,128,periodic,425p,None (10),1600,81.48622581920466,/project/g_bme-janeslab/SarahG/spinodal_decomp_06_2025/out_MATLAB/NMG_MATLAB_2000_dt_5.50e-06_Nx_128_periodic_n_relax_425p_phi.csv
MATLAB,SAV,512,periodic,475p,None (10),1600,447.65951650786985,/project/g_bme-janeslab/SarahG/spinodal_decomp_06_2025/out_MATLAB/SAV_MATLAB_2000_dt_5.50e-06_Nx_512_periodic_n_relax_475p_phi.csv
MATLAB,SAV,512,neumann,475p,None (10),1600,0.0,/project/g_bme-janeslab/SarahG/spinodal_decomp_06_2025/out_MATLAB/SAV_MATLAB_2000_dt_5.50e-06_Nx_512_neumann_n_relax_475p_phi.csv
MATLAB,NMG,256,neumann,475p,None (10),1600,208.5087882756517,/project/g_bme-janeslab/SarahG/spinodal_decomp_06_2025/out_MATLAB/NMG_MATLAB_2000_dt_5.50e-06_Nx_256_neumann_n_relax_475p_phi.csv
MATLAB,NMG,256,neumann,450p,None (10),1600,204.99425880501937,/project/g_bme-janeslab/SarahG/spinodal_decomp_06_2025/out_MATLAB/NMG_MATLAB_2000_dt_5.50e-06_Nx_256_neumann_n_relax_450p_phi.csv
MATLAB,SAV,512,periodic,425p,None (10),1600,0.0,/project/g_bme-janeslab/SarahG/spinodal_decomp_06_2025/out_MATLAB/SAV_MATLAB_2000_dt_5.50e-06_Nx_512_periodic_n_relax_425p_phi.csv
MATLAB,NMG,64,neumann,475p,None (10),1600,34.53295002682935,/project/g_bme-janeslab/SarahG/spinodal_decomp_06_2025/out_MATLAB/NMG_MATLAB_2000_dt_5.50e-06_Nx_64_neumann_n_relax_475p_phi.csv
MATLAB,SAV,128,periodic,475p,None (10),1600,79.3523039390108,/project/g_bme-janeslab/SarahG/spinodal_decomp_06_2025/out_MATLAB/SAV_MATLAB_2000_dt_5.50e-06_Nx_128_periodic_n_relax_475p_phi.csv
MATLAB,NMG,512,periodic,450p,None (10),1600,447.6217497221458,/project/g_bme-janeslab/SarahG/spinodal_decomp_06_2025/out_MATLAB/NMG_MATLAB_2000_dt_5.50e-06_Nx_512_periodic_n_relax_450p_phi.csv
MATLAB,SAV,64,periodic,425p,None (10),1600,0.0,/project/g_bme-janeslab/SarahG/spinodal_decomp_06_2025/out_MATLAB/SAV_MATLAB_2000_dt_5.50e-06_Nx_64_periodic_n_relax_425p_phi.csv
MATLAB,SAV,512,neumann,425p,None (10),1600,448.231556258696,/project/g_bme-janeslab/SarahG/spinodal_decomp_06_2025/out_MATLAB/SAV_MATLAB_2000_dt_5.50e-06_Nx_512_neumann_n_relax_425p_phi.csv
MATLAB,SAV,128,neumann,475p,None (10),1600,85.89543362292254,/project/g_bme-janeslab/SarahG/spinodal_decomp_06_2025/out_MATLAB/SAV_MATLAB_2000_dt_5.50e-06_Nx_128_neumann_n_relax_475p_phi.csv
MATLAB,SAV,512,neumann,450p,None (10),1600,447.281650394124,/project/g_bme-janeslab/SarahG/spinodal_decomp_06_2025/out_MATLAB/SAV_MATLAB_2000_dt_5.50e-06_Nx_512_neumann_n_relax_450p_phi.csv
MATLAB,SAV,256,periodic,475p,None (10),1600,208.57060229208378,/project/g_bme-janeslab/SarahG/spinodal_decomp_06_2025/out_MATLAB/SAV_MATLAB_2000_dt_5.50e-06_Nx_256_periodic_n_relax_475p_phi.csv
MATLAB,NMG,256,periodic,450p,None (10),1600,205.65623924506622,/project/g_bme-janeslab/SarahG/spinodal_decomp_06_2025/out_MATLAB/NMG_MATLAB_2000_dt_5.50e-06_Nx_256_periodic_n_relax_450p_phi.csv
MATLAB,SAV,128,neumann,450p,None (10),1600,89.0112121252727,/project/g_bme-janeslab/SarahG/spinodal_decomp_06_2025/out_MATLAB/SAV_MATLAB_2000_dt_5.50e-06_Nx_128_neumann_n_relax_450p_phi.csv
MATLAB,NMG,64,periodic,475p,None (10),1600,33.288316936839735,/project/g_bme-janeslab/SarahG/spinodal_decomp_06_2025/out_MATLAB/NMG_MATLAB_2000_dt_5.50e-06_Nx_64_periodic_n_relax_475p_phi.csv
MATLAB,NMG,512,periodic,425p,None (10),1600,446.3531511708005,/project/g_bme-janeslab/SarahG/spinodal_decomp_06_2025/out_MATLAB/NMG_MATLAB_2000_dt_5.50e-06_Nx_512_periodic_n_relax_425p_phi.csv
MATLAB,NMG,128,periodic,450p,None (10),1600,90.41924415749325,/project/g_bme-janeslab/SarahG/spinodal_decomp_06_2025/out_MATLAB/NMG_MATLAB_2000_dt_5.50e-06_Nx_128_periodic_n_relax_450p_phi.csv
MATLAB,NMG,128,neumann,475p,None (10),1600,83.06509982892563,/project/g_bme-janeslab/SarahG/spinodal_decomp_06_2025/out_MATLAB/NMG_MATLAB_2000_dt_5.50e-06_Nx_128_neumann_n_relax_475p_phi.csv
MATLAB,NMG,256,periodic,425p,None (10),1600,208.28760428150187,/project/g_bme-janeslab/SarahG/spinodal_decomp_06_2025/out_MATLAB/NMG_MATLAB_2000_dt_5.50e-06_Nx_256_periodic_n_relax_425p_phi.csv
MATLAB,SAV,64,periodic,475p,None (10),1600,33.26078981792135,/project/g_bme-janeslab/SarahG/spinodal_decomp_06_2025/out_MATLAB/SAV_MATLAB_2000_dt_5.50e-06_Nx_64_periodic_n_relax_475p_phi.csv
MATLAB,NMG,512,neumann,475p,None (10),1600,445.8148451574913,/project/g_bme-janeslab/SarahG/spinodal_decomp_06_2025/out_MATLAB/NMG_MATLAB_2000_dt_5.50e-06_Nx_512_neumann_n_relax_475p_phi.csv
MATLAB,NMG,64,periodic,425p,None (10),1600,32.7694838124234,/project/g_bme-janeslab/SarahG/spinodal_decomp_06_2025/out_MATLAB/NMG_MATLAB_2000_dt_5.50e-06_Nx_64_periodic_n_relax_425p_phi.csv
MATLAB,SAV,64,neumann,450p,None (10),1600,0.0,/project/g_bme-janeslab/SarahG/spinodal_decomp_06_2025/out_MATLAB/SAV_MATLAB_2000_dt_5.50e-06_Nx_64_neumann_n_relax_450p_phi.csv
MATLAB,NMG,64,neumann,425p,None (10),1600,0.0,/project/g_bme-janeslab/SarahG/spinodal_decomp_06_2025/out_MATLAB/NMG_MATLAB_2000_dt_5.50e-06_Nx_64_neumann_n_relax_425p_phi.csv
MATLAB,SAV,256,periodic,450p,None (10),1600,0.0,/project/g_bme-janeslab/SarahG/spinodal_decomp_06_2025/out_MATLAB/SAV_MATLAB_2000_dt_5.50e-06_Nx_256_periodic_n_relax_450p_phi.csv
Julia,SAV,512,periodic,50p,1050,1600,147.8219675924033,/project/g_bme-janeslab/SarahG/spinodal_decomp_06_2025/out_julia/SAV_Julia_2000_dt_5.50e-06_Nx_512_periodic_dtout_1050p_phi.csv
Julia,NMG,64,neumann,50p,1075,1600,35.11593792044473,/project/g_bme-janeslab/SarahG/spinodal_decomp_06_2025/out_julia/NMG_Julia_2000_dt_5.50e-06_Nx_64_neumann_dtout_1075p_phi.csv
Julia,NMG,512,periodic,50p,1050,1600,135.90458419654192,/project/g_bme-janeslab/SarahG/spinodal_decomp_06_2025/out_julia/NMG_Julia_2000_dt_5.50e-06_Nx_512_periodic_dtout_1050p_phi.csv
Julia,NMG,64,neumann,50p,1050,1600,17.189658847631637,/project/g_bme-janeslab/SarahG/spinodal_decomp_06_2025/out_julia/NMG_Julia_2000_dt_5.50e-06_Nx_64_neumann_dtout_1050p_phi.csv
Julia,NMG,512,periodic,50p,1075,1600,252.80237628343554,/project/g_bme-janeslab/SarahG/spinodal_decomp_06_2025/out_julia/NMG_Julia_2000_dt_5.50e-06_Nx_512_periodic_dtout_1075p_phi.csv
Julia,SAV,64,periodic,50p,1025,1600,34.12419577899132,/project/g_bme-janeslab/SarahG/spinodal_decomp_06_2025/out_julia/SAV_Julia_2000_dt_5.50e-06_Nx_64_periodic_dtout_1025p_phi.csv
Julia,SAV,256,periodic,50p,1075,1600,124.57634660945084,/project/g_bme-janeslab/SarahG/spinodal_decomp_06_2025/out_julia/SAV_Julia_2000_dt_5.50e-06_Nx_256_periodic_dtout_1075p_phi.csv
Julia,SAV,128,neumann,50p,1050,1600,24.56394893578821,/project/g_bme-janeslab/SarahG/spinodal_decomp_06_2025/out_julia/SAV_Julia_2000_dt_5.50e-06_Nx_128_neumann_dtout_1050p_phi.csv
Julia,NMG,256,periodic,50p,1025,1600,120.84314405729177,/project/g_bme-janeslab/SarahG/spinodal_decomp_06_2025/out_julia/NMG_Julia_2000_dt_5.50e-06_Nx_256_periodic_dtout_1025p_phi.csv
Julia,NMG,256,periodic,50p,1050,1600,33.59257504772524,/project/g_bme-janeslab/SarahG/spinodal_decomp_06_2025/out_julia/NMG_Julia_2000_dt_5.50e-06_Nx_256_periodic_dtout_1050p_phi.csv
Julia,SAV,512,periodic,50p,1025,1600,256.051199486515,/project/g_bme-janeslab/SarahG/spinodal_decomp_06_2025/out_julia/SAV_Julia_2000_dt_5.50e-06_Nx_512_periodic_dtout_1025p_phi.csv
Julia,NMG,128,periodic,50p,1050,1600,24.602501418753718,/project/g_bme-janeslab/SarahG/spinodal_decomp_06_2025/out_julia/NMG_Julia_2000_dt_5.50e-06_Nx_128_periodic_dtout_1050p_phi.csv
Julia,NMG,512,neumann,50p,1025,1600,256.183451883687,/project/g_bme-janeslab/SarahG/spinodal_decomp_06_2025/out_julia/NMG_Julia_2000_dt_5.50e-06_Nx_512_neumann_dtout_1025p_phi.csv
Julia,SAV,512,neumann,50p,1050,1600,148.159628090464,/project/g_bme-janeslab/SarahG/spinodal_decomp_06_2025/out_julia/SAV_Julia_2000_dt_5.50e-06_Nx_512_neumann_dtout_1050p_phi.csv
Julia,SAV,64,neumann,50p,1075,1600,34.92803721957564,/project/g_bme-janeslab/SarahG/spinodal_decomp_06_2025/out_julia/SAV_Julia_2000_dt_5.50e-06_Nx_64_neumann_dtout_1075p_phi.csv
Julia,NMG,128,neumann,50p,1025,1600,65.37375490579596,/project/g_bme-janeslab/SarahG/spinodal_decomp_06_2025/out_julia/NMG_Julia_2000_dt_5.50e-06_Nx_128_neumann_dtout_1025p_phi.csv
Julia,NMG,512,neumann,50p,1075,1600,252.83425219049346,/project/g_bme-janeslab/SarahG/spinodal_decomp_06_2025/out_julia/NMG_Julia_2000_dt_5.50e-06_Nx_512_neumann_dtout_1075p_phi.csv
Julia,SAV,64,neumann,50p,1050,1600,16.608295444350926,/project/g_bme-janeslab/SarahG/spinodal_decomp_06_2025/out_julia/SAV_Julia_2000_dt_5.50e-06_Nx_64_neumann_dtout_1050p_phi.csv
Julia,NMG,64,periodic,50p,1050,1600,16.71103509540072,/project/g_bme-janeslab/SarahG/spinodal_decomp_06_2025/out_julia/NMG_Julia_2000_dt_5.50e-06_Nx_64_periodic_dtout_1050p_phi.csv
Julia,SAV,64,neumann,50p,1025,1600,34.34119374670049,/project/g_bme-janeslab/SarahG/spinodal_decomp_06_2025/out_julia/SAV_Julia_2000_dt_5.50e-06_Nx_64_neumann_dtout_1025p_phi.csv
Julia,SAV,64,periodic,50p,1050,1600,16.122185338814628,/project/g_bme-janeslab/SarahG/spinodal_decomp_06_2025/out_julia/SAV_Julia_2000_dt_5.50e-06_Nx_64_periodic_dtout_1050p_phi.csv
Julia,NMG,128,neumann,50p,1050,1600,25.179290173702736,/project/g_bme-janeslab/SarahG/spinodal_decomp_06_2025/out_julia/NMG_Julia_2000_dt_5.50e-06_Nx_128_neumann_dtout_1050p_phi.csv
Julia,NMG,512,periodic,50p,1025,1600,256.1239667209414,/project/g_bme-janeslab/SarahG/spinodal_decomp_06_2025/out_julia/NMG_Julia_2000_dt_5.50e-06_Nx_512_periodic_dtout_1025p_phi.csv
Julia,SAV,128,neumann,50p,1075,1600,66.33776382163111,/project/g_bme-janeslab/SarahG/spinodal_decomp_06_2025/out_julia/SAV_Julia_2000_dt_5.50e-06_Nx_128_neumann_dtout_1075p_phi.csv
Julia,NMG,64,periodic,50p,1025,1600,34.301719159649956,/project/g_bme-janeslab/SarahG/spinodal_decomp_06_2025/out_julia/NMG_Julia_2000_dt_5.50e-06_Nx_64_periodic_dtout_1025p_phi.csv
Julia,NMG,256,neumann,50p,1025,1600,120.8598396845144,/project/g_bme-janeslab/SarahG/spinodal_decomp_06_2025/out_julia/NMG_Julia_2000_dt_5.50e-06_Nx_256_neumann_dtout_1025p_phi.csv
Julia,NMG,128,periodic,50p,1025,1600,65.3048208598513,/project/g_bme-janeslab/SarahG/spinodal_decomp_06_2025/out_julia/NMG_Julia_2000_dt_5.50e-06_Nx_128_periodic_dtout_1025p_phi.csv
Julia,NMG,64,periodic,50p,1075,1600,34.87773992425221,/project/g_bme-janeslab/SarahG/spinodal_decomp_06_2025/out_julia/NMG_Julia_2000_dt_5.50e-06_Nx_64_periodic_dtout_1075p_phi.csv
Julia,SAV,512,periodic,50p,1075,1600,252.77803988753558,/project/g_bme-janeslab/SarahG/spinodal_decomp_06_2025/out_julia/SAV_Julia_2000_dt_5.50e-06_Nx_512_periodic_dtout_1075p_phi.csv
Julia,NMG,256,neumann,50p,1075,1600,124.73135584772305,/project/g_bme-janeslab/SarahG/spinodal_decomp_06_2025/out_julia/NMG_Julia_2000_dt_5.50e-06_Nx_256_neumann_dtout_1075p_phi.csv
Julia,SAV,256,periodic,50p,1050,1600,33.65089505771188,/project/g_bme-janeslab/SarahG/spinodal_decomp_06_2025/out_julia/SAV_Julia_2000_dt_5.50e-06_Nx_256_periodic_dtout_1050p_phi.csv
Julia,NMG,256,neumann,50p,1050,1600,33.60086617992446,/project/g_bme-janeslab/SarahG/spinodal_decomp_06_2025/out_julia/NMG_Julia_2000_dt_5.50e-06_Nx_256_neumann_dtout_1050p_phi.csv
Julia,SAV,128,periodic,50p,1050,1600,23.95773276573413,/project/g_bme-janeslab/SarahG/spinodal_decomp_06_2025/out_julia/SAV_Julia_2000_dt_5.50e-06_Nx_128_periodic_dtout_1050p_phi.csv
Julia,NMG,64,neumann,50p,1025,1600,34.520724030157496,/project/g_bme-janeslab/SarahG/spinodal_decomp_06_2025/out_julia/NMG_Julia_2000_dt_5.50e-06_Nx_64_neumann_dtout_1025p_phi.csv
Julia,SAV,256,neumann,50p,1025,1600,120.83008889513137,/project/g_bme-janeslab/SarahG/spinodal_decomp_06_2025/out_julia/SAV_Julia_2000_dt_5.50e-06_Nx_256_neumann_dtout_1025p_phi.csv
Julia,SAV,256,periodic,50p,1025,1600,120.81230187787493,/project/g_bme-janeslab/SarahG/spinodal_decomp_06_2025/out_julia/SAV_Julia_2000_dt_5.50e-06_Nx_256_periodic_dtout_1025p_phi.csv
Julia,SAV,128,periodic,50p,1075,1600,66.21137533720392,/project/g_bme-janeslab/SarahG/spinodal_decomp_06_2025/out_julia/SAV_Julia_2000_dt_5.50e-06_Nx_128_periodic_dtout_1075p_phi.csv
Julia,SAV,512,neumann,50p,1025,1600,256.1135779254676,/project/g_bme-janeslab/SarahG/spinodal_decomp_06_2025/out_julia/SAV_Julia_2000_dt_5.50e-06_Nx_512_neumann_dtout_1025p_phi.csv
Julia,NMG,256,periodic,50p,1075,1600,124.65168570101623,/project/g_bme-janeslab/SarahG/spinodal_decomp_06_2025/out_julia/NMG_Julia_2000_dt_5.50e-06_Nx_256_periodic_dtout_1075p_phi.csv
Julia,SAV,512,neumann,50p,1075,1600,252.81198827215925,/project/g_bme-janeslab/SarahG/spinodal_decomp_06_2025/out_julia/SAV_Julia_2000_dt_5.50e-06_Nx_512_neumann_dtout_1075p_phi.csv
Julia,SAV,256,neumann,50p,1075,1600,124.65623074733669,/project/g_bme-janeslab/SarahG/spinodal_decomp_06_2025/out_julia/SAV_Julia_2000_dt_5.50e-06_Nx_256_neumann_dtout_1075p_phi.csv
Julia,SAV,128,neumann,50p,1025,1600,65.28089330381614,/project/g_bme-janeslab/SarahG/spinodal_decomp_06_2025/out_julia/SAV_Julia_2000_dt_5.50e-06_Nx_128_neumann_dtout_1025p_phi.csv
Julia,NMG,128,neumann,50p,1075,1600,66.46521919146778,/project/g_bme-janeslab/SarahG/spinodal_decomp_06_2025/out_julia/NMG_Julia_2000_dt_5.50e-06_Nx_128_neumann_dtout_1075p_phi.csv
Julia,SAV,64,periodic,50p,1075,1600,34.69379073199688,/project/g_bme-janeslab/SarahG/spinodal_decomp_06_2025/out_julia/SAV_Julia_2000_dt_5.50e-06_Nx_64_periodic_dtout_1075p_phi.csv
Julia,NMG,512,neumann,50p,1050,1600,136.2247930945231,/project/g_bme-janeslab/SarahG/spinodal_decomp_06_2025/out_julia/NMG_Julia_2000_dt_5.50e-06_Nx_512_neumann_dtout_1050p_phi.csv
Julia,SAV,256,neumann,50p,1050,1600,33.65644123250838,/project/g_bme-janeslab/SarahG/spinodal_decomp_06_2025/out_julia/SAV_Julia_2000_dt_5.50e-06_Nx_256_neumann_dtout_1050p_phi.csv
Julia,NMG,128,periodic,50p,1075,1600,66.33638217335739,/project/g_bme-janeslab/SarahG/spinodal_decomp_06_2025/out_julia/NMG_Julia_2000_dt_5.50e-06_Nx_128_periodic_dtout_1075p_phi.csv
Julia,SAV,128,periodic,50p,1025,1600,65.21215289850089,/project/g_bme-janeslab/SarahG/spinodal_decomp_06_2025/out_julia/SAV_Julia_2000_dt_5.50e-06_Nx_128_periodic_dtout_1025p_phi.csv
Python,NMG,128,neumann,50p,125,1600,65.45195476542195,/project/g_bme-janeslab/SarahG/spinodal_decomp_06_2025/out_python/NMG_Python_20_dt_5.50e-06_Nx_128_neumann_dtout_125pphi.csv
Python,NMG,64,periodic,50p,175,1600,35.372263933160106,/project/g_bme-janeslab/SarahG/spinodal_decomp_06_2025/out_python/NMG_Python_20_dt_5.50e-06_Nx_64_periodic_dtout_175pphi.csv
Python,NMG,256,periodic,50p,150,1600,31.403732806266536,/project/g_bme-janeslab/SarahG/spinodal_decomp_06_2025/out_python/NMG_Python_20_dt_5.50e-06_Nx_256_periodic_dtout_150pphi.csv
Python,NMG,128,neumann,50p,175,1600,66.87527369671356,/project/g_bme-janeslab/SarahG/spinodal_decomp_06_2025/out_python/NMG_Python_20_dt_5.50e-06_Nx_128_neumann_dtout_175pphi.csv
Python,NMG,64,neumann,50p,150,1600,18.030538992491174,/project/g_bme-janeslab/SarahG/spinodal_decomp_06_2025/out_python/NMG_Python_20_dt_5.50e-06_Nx_64_neumann_dtout_150pphi.csv
Python,NMG,256,neumann,50p,150,1600,31.427873850823854,/project/g_bme-janeslab/SarahG/spinodal_decomp_06_2025/out_python/NMG_Python_20_dt_5.50e-06_Nx_256_neumann_dtout_150pphi.csv
Python,NMG,512,neumann,50p,125,1600,256.0143553409239,/project/g_bme-janeslab/SarahG/spinodal_decomp_06_2025/out_python/NMG_Python_20_dt_5.50e-06_Nx_512_neumann_dtout_125pphi.csv
Python,NMG,256,neumann,50p,175,1600,124.9271506832854,/project/g_bme-janeslab/SarahG/spinodal_decomp_06_2025/out_python/NMG_Python_20_dt_5.50e-06_Nx_256_neumann_dtout_175pphi.csv
Python,NMG,128,periodic,50p,150,1600,25.288248407927536,/project/g_bme-janeslab/SarahG/spinodal_decomp_06_2025/out_python/NMG_Python_20_dt_5.50e-06_Nx_128_periodic_dtout_150pphi.csv
Python,NMG,256,neumann,50p,125,1600,120.86739968612096,/project/g_bme-janeslab/SarahG/spinodal_decomp_06_2025/out_python/NMG_Python_20_dt_5.50e-06_Nx_256_neumann_dtout_125pphi.csv
Python,NMG,64,neumann,50p,175,1600,35.613960343762784,/project/g_bme-janeslab/SarahG/spinodal_decomp_06_2025/out_python/NMG_Python_20_dt_5.50e-06_Nx_64_neumann_dtout_175pphi.csv
Python,NMG,256,periodic,50p,125,1600,120.84629206047292,/project/g_bme-janeslab/SarahG/spinodal_decomp_06_2025/out_python/NMG_Python_20_dt_5.50e-06_Nx_256_periodic_dtout_125pphi.csv
Python,NMG,512,periodic,50p,150,1600,104.2315031955939,/project/g_bme-janeslab/SarahG/spinodal_decomp_06_2025/out_python/NMG_Python_20_dt_5.50e-06_Nx_512_periodic_dtout_150pphi.csv
Python,NMG,64,neumann,50p,125,1600,34.648086329899996,/project/g_bme-janeslab/SarahG/spinodal_decomp_06_2025/out_python/NMG_Python_20_dt_5.50e-06_Nx_64_neumann_dtout_125pphi.csv
Python,NMG,512,periodic,50p,125,1600,255.95583608959382,/project/g_bme-janeslab/SarahG/spinodal_decomp_06_2025/out_python/NMG_Python_20_dt_5.50e-06_Nx_512_periodic_dtout_125pphi.csv
Python,NMG,128,periodic,50p,175,1600,66.73832794734925,/project/g_bme-janeslab/SarahG/spinodal_decomp_06_2025/out_python/NMG_Python_20_dt_5.50e-06_Nx_128_periodic_dtout_175pphi.csv
Python,NMG,512,periodic,50p,175,1600,252.69262940407228,/project/g_bme-janeslab/SarahG/spinodal_decomp_06_2025/out_python/NMG_Python_20_dt_5.50e-06_Nx_512_periodic_dtout_175pphi.csv
Python,NMG,128,neumann,50p,150,1600,25.839054776183914,/project/g_bme-janeslab/SarahG/spinodal_decomp_06_2025/out_python/NMG_Python_20_dt_5.50e-06_Nx_128_neumann_dtout_150pphi.csv
Python,NMG,512,neumann,50p,175,1600,252.71852333486243,/project/g_bme-janeslab/SarahG/spinodal_decomp_06_2025/out_python/NMG_Python_20_dt_5.50e-06_Nx_512_neumann_dtout_175pphi.csv
Python,NMG,512,neumann,50p,150,1600,104.71494504355914,/project/g_bme-janeslab/SarahG/spinodal_decomp_06_2025/out_python/NMG_Python_20_dt_5.50e-06_Nx_512_neumann_dtout_150pphi.csv
Python,NMG,64,periodic,50p,125,1600,34.447755295699,/project/g_bme-janeslab/SarahG/spinodal_decomp_06_2025/out_python/NMG_Python_20_dt_5.50e-06_Nx_64_periodic_dtout_125pphi.csv
Python,NMG,256,periodic,50p,175,1600,124.84363408212099,/project/g_bme-janeslab/SarahG/spinodal_decomp_06_2025/out_python/NMG_Python_20_dt_5.50e-06_Nx_256_periodic_dtout_175pphi.csv
Python,NMG,64,periodic,50p,150,1600,17.53872630720123,/project/g_bme-janeslab/SarahG/spinodal_decomp_06_2025/out_python/NMG_Python_20_dt_5.50e-06_Nx_64_periodic_dtout_150pphi.csv
Python,NMG,128,periodic,50p,125,1600,65.39290198781919,/project/g_bme-janeslab/SarahG/spinodal_decomp_06_2025/out_python/NMG_Python_20_dt_5.50e-06_Nx_128_periodic_dtout_125pphi.csv
MATLAB,SAV,64,periodic,450p,None (10),1640,0.0,/project/g_bme-janeslab/SarahG/spinodal_decomp_06_2025/out_MATLAB/SAV_MATLAB_2000_dt_5.50e-06_Nx_64_periodic_n_relax_450p_phi.csv
MATLAB,NMG,512,periodic,475p,None (10),1640,445.2806598529765,/project/g_bme-janeslab/SarahG/spinodal_decomp_06_2025/out_MATLAB/NMG_MATLAB_2000_dt_5.50e-06_Nx_512_periodic_n_relax_475p_phi.csv
MATLAB,NMG,512,neumann,450p,None (10),1640,448.31264560441804,/project/g_bme-janeslab/SarahG/spinodal_decomp_06_2025/out_MATLAB/NMG_MATLAB_2000_dt_5.50e-06_Nx_512_neumann_n_relax_450p_phi.csv
MATLAB,SAV,256,neumann,450p,None (10),1640,205.05685263517998,/project/g_bme-janeslab/SarahG/spinodal_decomp_06_2025/out_MATLAB/SAV_MATLAB_2000_dt_5.50e-06_Nx_256_neumann_n_relax_450p_phi.csv
MATLAB,SAV,64,neumann,475p,None (10),1640,34.54453617139106,/project/g_bme-janeslab/SarahG/spinodal_decomp_06_2025/out_MATLAB/SAV_MATLAB_2000_dt_5.50e-06_Nx_64_neumann_n_relax_475p_phi.csv
MATLAB,NMG,256,periodic,475p,None (10),1640,209.22398560961474,/project/g_bme-janeslab/SarahG/spinodal_decomp_06_2025/out_MATLAB/NMG_MATLAB_2000_dt_5.50e-06_Nx_256_periodic_n_relax_475p_phi.csv
MATLAB,NMG,128,neumann,425p,None (10),1640,0.0,/project/g_bme-janeslab/SarahG/spinodal_decomp_06_2025/out_MATLAB/NMG_MATLAB_2000_dt_5.50e-06_Nx_128_neumann_n_relax_425p_phi.csv
MATLAB,SAV,256,periodic,425p,None (10),1640,0.0,/project/g_bme-janeslab/SarahG/spinodal_decomp_06_2025/out_MATLAB/SAV_MATLAB_2000_dt_5.50e-06_Nx_256_periodic_n_relax_425p_phi.csv
MATLAB,NMG,128,periodic,475p,None (10),1640,79.59025759182063,/project/g_bme-janeslab/SarahG/spinodal_decomp_06_2025/out_MATLAB/NMG_MATLAB_2000_dt_5.50e-06_Nx_128_periodic_n_relax_475p_phi.csv
MATLAB,SAV,128,periodic,450p,None (10),1640,90.27372299261935,/project/g_bme-janeslab/SarahG/spinodal_decomp_06_2025/out_MATLAB/SAV_MATLAB_2000_dt_5.50e-06_Nx_128_periodic_n_relax_450p_phi.csv
MATLAB,NMG,128,neumann,450p,None (10),1640,88.4719564265286,/project/g_bme-janeslab/SarahG/spinodal_decomp_06_2025/out_MATLAB/NMG_MATLAB_2000_dt_5.50e-06_Nx_128_neumann_n_relax_450p_phi.csv
MATLAB,SAV,256,neumann,425p,None (10),1640,208.489930910815,/project/g_bme-janeslab/SarahG/spinodal_decomp_06_2025/out_MATLAB/SAV_MATLAB_2000_dt_5.50e-06_Nx_256_neumann_n_relax_425p_phi.csv
MATLAB,SAV,512,periodic,450p,None (10),1640,0.0,/project/g_bme-janeslab/SarahG/spinodal_decomp_06_2025/out_MATLAB/SAV_MATLAB_2000_dt_5.50e-06_Nx_512_periodic_n_relax_450p_phi.csv
MATLAB,SAV,128,periodic,425p,None (10),1640,0.0,/project/g_bme-janeslab/SarahG/spinodal_decomp_06_2025/out_MATLAB/SAV_MATLAB_2000_dt_5.50e-06_Nx_128_periodic_n_relax_425p_phi.csv
MATLAB,NMG,512,neumann,425p,None (10),1640,447.1630250096026,/project/g_bme-janeslab/SarahG/spinodal_decomp_06_2025/out_MATLAB/NMG_MATLAB_2000_dt_5.50e-06_Nx_512_neumann_n_relax_425p_phi.csv
MATLAB,NMG,64,neumann,450p,None (10),1640,0.0,/project/g_bme-janeslab/SarahG/spinodal_decomp_06_2025/out_MATLAB/NMG_MATLAB_2000_dt_5.50e-06_Nx_64_neumann_n_relax_450p_phi.csv
MATLAB,NMG,64,periodic,450p,None (10),1640,31.03167729716357,/project/g_bme-janeslab/SarahG/spinodal_decomp_06_2025/out_MATLAB/NMG_MATLAB_2000_dt_5.50e-06_Nx_64_periodic_n_relax_450p_phi.csv
MATLAB,NMG,256,neumann,425p,None (10),1640,209.23881787906285,/project/g_bme-janeslab/SarahG/spinodal_decomp_06_2025/out_MATLAB/NMG_MATLAB_2000_dt_5.50e-06_Nx_256_neumann_n_relax_425p_phi.csv
MATLAB,SAV,64,neumann,425p,None (10),1640,0.0,/project/g_bme-janeslab/SarahG/spinodal_decomp_06_2025/out_MATLAB/SAV_MATLAB_2000_dt_5.50e-06_Nx_64_neumann_n_relax_425p_phi.csv
MATLAB,SAV,128,neumann,425p,None (10),1640,0.0,/project/g_bme-janeslab/SarahG/spinodal_decomp_06_2025/out_MATLAB/SAV_MATLAB_2000_dt_5.50e-06_Nx_128_neumann_n_relax_425p_phi.csv
MATLAB,NMG,128,periodic,425p,None (10),1640,82.13263205142528,/project/g_bme-janeslab/SarahG/spinodal_decomp_06_2025/out_MATLAB/NMG_MATLAB_2000_dt_5.50e-06_Nx_128_periodic_n_relax_425p_phi.csv
MATLAB,SAV,512,periodic,475p,None (10),1640,447.7835598935018,/project/g_bme-janeslab/SarahG/spinodal_decomp_06_2025/out_MATLAB/SAV_MATLAB_2000_dt_5.50e-06_Nx_512_periodic_n_relax_475p_phi.csv
MATLAB,SAV,512,neumann,475p,None (10),1640,0.0,/project/g_bme-janeslab/SarahG/spinodal_decomp_06_2025/out_MATLAB/SAV_MATLAB_2000_dt_5.50e-06_Nx_512_neumann_n_relax_475p_phi.csv
MATLAB,NMG,256,neumann,475p,None (10),1640,208.61714791765934,/project/g_bme-janeslab/SarahG/spinodal_decomp_06_2025/out_MATLAB/NMG_MATLAB_2000_dt_5.50e-06_Nx_256_neumann_n_relax_475p_phi.csv
MATLAB,NMG,256,neumann,450p,None (10),1640,205.3692327999944,/project/g_bme-janeslab/SarahG/spinodal_decomp_06_2025/out_MATLAB/NMG_MATLAB_2000_dt_5.50e-06_Nx_256_neumann_n_relax_450p_phi.csv
MATLAB,SAV,512,periodic,425p,None (10),1640,0.0,/project/g_bme-janeslab/SarahG/spinodal_decomp_06_2025/out_MATLAB/SAV_MATLAB_2000_dt_5.50e-06_Nx_512_periodic_n_relax_425p_phi.csv
MATLAB,NMG,64,neumann,475p,None (10),1640,34.60518991562546,/project/g_bme-janeslab/SarahG/spinodal_decomp_06_2025/out_MATLAB/NMG_MATLAB_2000_dt_5.50e-06_Nx_64_neumann_n_relax_475p_phi.csv
MATLAB,SAV,128,periodic,475p,None (10),1640,80.05650382907227,/project/g_bme-janeslab/SarahG/spinodal_decomp_06_2025/out_MATLAB/SAV_MATLAB_2000_dt_5.50e-06_Nx_128_periodic_n_relax_475p_phi.csv
MATLAB,SAV,256,neumann,475p,None (10),1640,208.22965980945287,/project/g_bme-janeslab/SarahG/spinodal_decomp_06_2025/out_MATLAB/SAV_MATLAB_2000_dt_5.50e-06_Nx_256_neumann_n_relax_475p_phi.csv
MATLAB,NMG,512,periodic,450p,None (10),1640,448.1206535453186,/project/g_bme-janeslab/SarahG/spinodal_decomp_06_2025/out_MATLAB/NMG_MATLAB_2000_dt_5.50e-06_Nx_512_periodic_n_relax_450p_phi.csv
MATLAB,SAV,64,periodic,425p,None (10),1640,0.0,/project/g_bme-janeslab/SarahG/spinodal_decomp_06_2025/out_MATLAB/SAV_MATLAB_2000_dt_5.50e-06_Nx_64_periodic_n_relax_425p_phi.csv
MATLAB,SAV,512,neumann,425p,None (10),1640,448.33027982336193,/project/g_bme-janeslab/SarahG/spinodal_decomp_06_2025/out_MATLAB/SAV_MATLAB_2000_dt_5.50e-06_Nx_512_neumann_n_relax_425p_phi.csv
MATLAB,SAV,128,neumann,475p,None (10),1640,86.49899023838786,/project/g_bme-janeslab/SarahG/spinodal_decomp_06_2025/out_MATLAB/SAV_MATLAB_2000_dt_5.50e-06_Nx_128_neumann_n_relax_475p_phi.csv
MATLAB,SAV,512,neumann,450p,None (10),1640,447.8320347769883,/project/g_bme-janeslab/SarahG/spinodal_decomp_06_2025/out_MATLAB/SAV_MATLAB_2000_dt_5.50e-06_Nx_512_neumann_n_relax_450p_phi.csv
MATLAB,SAV,256,periodic,475p,None (10),1640,208.7258377541288,/project/g_bme-janeslab/SarahG/spinodal_decomp_06_2025/out_MATLAB/SAV_MATLAB_2000_dt_5.50e-06_Nx_256_periodic_n_relax_475p_phi.csv
MATLAB,NMG,256,periodic,450p,None (10),1640,206.0097839470255,/project/g_bme-janeslab/SarahG/spinodal_decomp_06_2025/out_MATLAB/NMG_MATLAB_2000_dt_5.50e-06_Nx_256_periodic_n_relax_450p_phi.csv
MATLAB,SAV,128,neumann,450p,None (10),1640,90.58646877067464,/project/g_bme-janeslab/SarahG/spinodal_decomp_06_2025/out_MATLAB/SAV_MATLAB_2000_dt_5.50e-06_Nx_128_neumann_n_relax_450p_phi.csv
MATLAB,NMG,64,periodic,475p,None (10),1640,33.31505844702843,/project/g_bme-janeslab/SarahG/spinodal_decomp_06_2025/out_MATLAB/NMG_MATLAB_2000_dt_5.50e-06_Nx_64_periodic_n_relax_475p_phi.csv
MATLAB,NMG,512,periodic,425p,None (10),1640,446.84350829562186,/project/g_bme-janeslab/SarahG/spinodal_decomp_06_2025/out_MATLAB/NMG_MATLAB_2000_dt_5.50e-06_Nx_512_periodic_n_relax_425p_phi.csv
MATLAB,NMG,128,periodic,450p,None (10),1640,90.65234622027751,/project/g_bme-janeslab/SarahG/spinodal_decomp_06_2025/out_MATLAB/NMG_MATLAB_2000_dt_5.50e-06_Nx_128_periodic_n_relax_450p_phi.csv
MATLAB,NMG,128,neumann,475p,None (10),1640,83.73199317946036,/project/g_bme-janeslab/SarahG/spinodal_decomp_06_2025/out_MATLAB/NMG_MATLAB_2000_dt_5.50e-06_Nx_128_neumann_n_relax_475p_phi.csv
MATLAB,NMG,256,periodic,425p,None (10),1640,208.5483299883748,/project/g_bme-janeslab/SarahG/spinodal_decomp_06_2025/out_MATLAB/NMG_MATLAB_2000_dt_5.50e-06_Nx_256_periodic_n_relax_425p_phi.csv
MATLAB,SAV,64,periodic,475p,None (10),1640,33.286571931430046,/project/g_bme-janeslab/SarahG/spinodal_decomp_06_2025/out_MATLAB/SAV_MATLAB_2000_dt_5.50e-06_Nx_64_periodic_n_relax_475p_phi.csv
MATLAB,NMG,512,neumann,475p,None (10),1640,446.2164630378241,/project/g_bme-janeslab/SarahG/spinodal_decomp_06_2025/out_MATLAB/NMG_MATLAB_2000_dt_5.50e-06_Nx_512_neumann_n_relax_475p_phi.csv
MATLAB,NMG,64,periodic,425p,None (10),1640,32.78239129803303,/project/g_bme-janeslab/SarahG/spinodal_decomp_06_2025/out_MATLAB/NMG_MATLAB_2000_dt_5.50e-06_Nx_64_periodic_n_relax_425p_phi.csv
MATLAB,SAV,64,neumann,450p,None (10),1640,0.0,/project/g_bme-janeslab/SarahG/spinodal_decomp_06_2025/out_MATLAB/SAV_MATLAB_2000_dt_5.50e-06_Nx_64_neumann_n_relax_450p_phi.csv
MATLAB,NMG,64,neumann,425p,None (10),1640,0.0,/project/g_bme-janeslab/SarahG/spinodal_decomp_06_2025/out_MATLAB/NMG_MATLAB_2000_dt_5.50e-06_Nx_64_neumann_n_relax_425p_phi.csv
MATLAB,SAV,256,periodic,450p,None (10),1640,0.0,/project/g_bme-janeslab/SarahG/spinodal_decomp_06_2025/out_MATLAB/SAV_MATLAB_2000_dt_5.50e-06_Nx_256_periodic_n_relax_450p_phi.csv
Julia,SAV,512,periodic,50p,1050,1640,150.32051216093382,/project/g_bme-janeslab/SarahG/spinodal_decomp_06_2025/out_julia/SAV_Julia_2000_dt_5.50e-06_Nx_512_periodic_dtout_1050p_phi.csv
Julia,NMG,64,neumann,50p,1075,1640,35.05569322115427,/project/g_bme-janeslab/SarahG/spinodal_decomp_06_2025/out_julia/NMG_Julia_2000_dt_5.50e-06_Nx_64_neumann_dtout_1075p_phi.csv
Julia,NMG,512,periodic,50p,1050,1640,138.04150936808196,/project/g_bme-janeslab/SarahG/spinodal_decomp_06_2025/out_julia/NMG_Julia_2000_dt_5.50e-06_Nx_512_periodic_dtout_1050p_phi.csv
Julia,NMG,64,neumann,50p,1050,1640,17.08705251244574,/project/g_bme-janeslab/SarahG/spinodal_decomp_06_2025/out_julia/NMG_Julia_2000_dt_5.50e-06_Nx_64_neumann_dtout_1050p_phi.csv
Julia,NMG,512,periodic,50p,1075,1640,252.81239559627727,/project/g_bme-janeslab/SarahG/spinodal_decomp_06_2025/out_julia/NMG_Julia_2000_dt_5.50e-06_Nx_512_periodic_dtout_1075p_phi.csv
Julia,SAV,64,periodic,50p,1025,1640,34.11690919106526,/project/g_bme-janeslab/SarahG/spinodal_decomp_06_2025/out_julia/SAV_Julia_2000_dt_5.50e-06_Nx_64_periodic_dtout_1025p_phi.csv
Julia,SAV,256,periodic,50p,1075,1640,124.56864987303526,/project/g_bme-janeslab/SarahG/spinodal_decomp_06_2025/out_julia/SAV_Julia_2000_dt_5.50e-06_Nx_256_periodic_dtout_1075p_phi.csv
Julia,SAV,128,neumann,50p,1050,1640,24.537725330768318,/project/g_bme-janeslab/SarahG/spinodal_decomp_06_2025/out_julia/SAV_Julia_2000_dt_5.50e-06_Nx_128_neumann_dtout_1050p_phi.csv
Julia,NMG,256,periodic,50p,1025,1640,120.83354542588857,/project/g_bme-janeslab/SarahG/spinodal_decomp_06_2025/out_julia/NMG_Julia_2000_dt_5.50e-06_Nx_256_periodic_dtout_1025p_phi.csv
Julia,NMG,256,periodic,50p,1050,1640,33.76836011307376,/project/g_bme-janeslab/SarahG/spinodal_decomp_06_2025/out_julia/NMG_Julia_2000_dt_5.50e-06_Nx_256_periodic_dtout_1050p_phi.csv
Julia,SAV,512,periodic,50p,1025,1640,256.06990074576686,/project/g_bme-janeslab/SarahG/spinodal_decomp_06_2025/out_julia/SAV_Julia_2000_dt_5.50e-06_Nx_512_periodic_dtout_1025p_phi.csv
Julia,NMG,128,periodic,50p,1050,1640,24.56750479321326,/project/g_bme-janeslab/SarahG/spinodal_decomp_06_2025/out_julia/NMG_Julia_2000_dt_5.50e-06_Nx_128_periodic_dtout_1050p_phi.csv
Julia,NMG,512,neumann,50p,1025,1640,256.19913762898636,/project/g_bme-janeslab/SarahG/spinodal_decomp_06_2025/out_julia/NMG_Julia_2000_dt_5.50e-06_Nx_512_neumann_dtout_1025p_phi.csv
Julia,SAV,512,neumann,50p,1050,1640,150.6220874201366,/project/g_bme-janeslab/SarahG/spinodal_decomp_06_2025/out_julia/SAV_Julia_2000_dt_5.50e-06_Nx_512_neumann_dtout_1050p_phi.csv
Julia,SAV,64,neumann,50p,1075,1640,34.87931703532307,/project/g_bme-janeslab/SarahG/spinodal_decomp_06_2025/out_julia/SAV_Julia_2000_dt_5.50e-06_Nx_64_neumann_dtout_1075p_phi.csv
Julia,NMG,128,neumann,50p,1025,1640,65.33786242463653,/project/g_bme-janeslab/SarahG/spinodal_decomp_06_2025/out_julia/NMG_Julia_2000_dt_5.50e-06_Nx_128_neumann_dtout_1025p_phi.csv
Julia,NMG,512,neumann,50p,1075,1640,252.84562747552533,/project/g_bme-janeslab/SarahG/spinodal_decomp_06_2025/out_julia/NMG_Julia_2000_dt_5.50e-06_Nx_512_neumann_dtout_1075p_phi.csv
Julia,SAV,64,neumann,50p,1050,1640,16.51681314017866,/project/g_bme-janeslab/SarahG/spinodal_decomp_06_2025/out_julia/SAV_Julia_2000_dt_5.50e-06_Nx_64_neumann_dtout_1050p_phi.csv
Julia,NMG,64,periodic,50p,1050,1640,16.615393231586552,/project/g_bme-janeslab/SarahG/spinodal_decomp_06_2025/out_julia/NMG_Julia_2000_dt_5.50e-06_Nx_64_periodic_dtout_1050p_phi.csv
Julia,SAV,64,neumann,50p,1025,1640,34.33492715612621,/project/g_bme-janeslab/SarahG/spinodal_decomp_06_2025/out_julia/SAV_Julia_2000_dt_5.50e-06_Nx_64_neumann_dtout_1025p_phi.csv
Julia,SAV,64,periodic,50p,1050,1640,16.040429551557054,/project/g_bme-janeslab/SarahG/spinodal_decomp_06_2025/out_julia/SAV_Julia_2000_dt_5.50e-06_Nx_64_periodic_dtout_1050p_phi.csv
Julia,NMG,128,neumann,50p,1050,1640,25.145510048104427,/project/g_bme-janeslab/SarahG/spinodal_decomp_06_2025/out_julia/NMG_Julia_2000_dt_5.50e-06_Nx_128_neumann_dtout_1050p_phi.csv
Julia,NMG,512,periodic,50p,1025,1640,256.1388031008032,/project/g_bme-janeslab/SarahG/spinodal_decomp_06_2025/out_julia/NMG_Julia_2000_dt_5.50e-06_Nx_512_periodic_dtout_1025p_phi.csv
Julia,SAV,128,neumann,50p,1075,1640,66.31478172459896,/project/g_bme-janeslab/SarahG/spinodal_decomp_06_2025/out_julia/SAV_Julia_2000_dt_5.50e-06_Nx_128_neumann_dtout_1075p_phi.csv
Julia,NMG,64,periodic,50p,1025,1640,34.297603920200274,/project/g_bme-janeslab/SarahG/spinodal_decomp_06_2025/out_julia/NMG_Julia_2000_dt_5.50e-06_Nx_64_periodic_dtout_1025p_phi.csv
Julia,NMG,256,neumann,50p,1025,1640,120.85014358719685,/project/g_bme-janeslab/SarahG/spinodal_decomp_06_2025/out_julia/NMG_Julia_2000_dt_5.50e-06_Nx_256_neumann_dtout_1025p_phi.csv
Julia,NMG,128,periodic,50p,1025,1640,65.26881665425299,/project/g_bme-janeslab/SarahG/spinodal_decomp_06_2025/out_julia/NMG_Julia_2000_dt_5.50e-06_Nx_128_periodic_dtout_1025p_phi.csv
Julia,NMG,64,periodic,50p,1075,1640,34.81956891680337,/project/g_bme-janeslab/SarahG/spinodal_decomp_06_2025/out_julia/NMG_Julia_2000_dt_5.50e-06_Nx_64_periodic_dtout_1075p_phi.csv
Julia,SAV,512,periodic,50p,1075,1640,252.79175000672012,/project/g_bme-janeslab/SarahG/spinodal_decomp_06_2025/out_julia/SAV_Julia_2000_dt_5.50e-06_Nx_512_periodic_dtout_1075p_phi.csv
Julia,NMG,256,neumann,50p,1075,1640,124.72410241965774,/project/g_bme-janeslab/SarahG/spinodal_decomp_06_2025/out_julia/NMG_Julia_2000_dt_5.50e-06_Nx_256_neumann_dtout_1075p_phi.csv
Julia,SAV,256,periodic,50p,1050,1640,33.835054935547554,/project/g_bme-janeslab/SarahG/spinodal_decomp_06_2025/out_julia/SAV_Julia_2000_dt_5.50e-06_Nx_256_periodic_dtout_1050p_phi.csv
Julia,NMG,256,neumann,50p,1050,1640,33.773363589264825,/project/g_bme-janeslab/SarahG/spinodal_decomp_06_2025/out_julia/NMG_Julia_2000_dt_5.50e-06_Nx_256_neumann_dtout_1050p_phi.csv
Julia,SAV,128,periodic,50p,1050,1640,23.930675777,/project/g_bme-janeslab/SarahG/spinodal_decomp_06_2025/out_julia/SAV_Julia_2000_dt_5.50e-06_Nx_128_periodic_dtout_1050p_phi.csv
Julia,NMG,64,neumann,50p,1025,1640,34.51690137921659,/project/g_bme-janeslab/SarahG/spinodal_decomp_06_2025/out_julia/NMG_Julia_2000_dt_5.50e-06_Nx_64_neumann_dtout_1025p_phi.csv
Julia,SAV,256,neumann,50p,1025,1640,120.82066723607336,/project/g_bme-janeslab/SarahG/spinodal_decomp_06_2025/out_julia/SAV_Julia_2000_dt_5.50e-06_Nx_256_neumann_dtout_1025p_phi.csv
Julia,SAV,256,periodic,50p,1025,1640,120.8030105401694,/project/g_bme-janeslab/SarahG/spinodal_decomp_06_2025/out_julia/SAV_Julia_2000_dt_5.50e-06_Nx_256_periodic_dtout_1025p_phi.csv
Julia,SAV,128,periodic,50p,1075,1640,66.18956536713839,/project/g_bme-janeslab/SarahG/spinodal_decomp_06_2025/out_julia/SAV_Julia_2000_dt_5.50e-06_Nx_128_periodic_dtout_1075p_phi.csv
Julia,SAV,512,neumann,50p,1025,1640,256.13317579586436,/project/g_bme-janeslab/SarahG/spinodal_decomp_06_2025/out_julia/SAV_Julia_2000_dt_5.50e-06_Nx_512_neumann_dtout_1025p_phi.csv
Julia,NMG,256,periodic,50p,1075,1640,124.64458799593923,/project/g_bme-janeslab/SarahG/spinodal_decomp_06_2025/out_julia/NMG_Julia_2000_dt_5.50e-06_Nx_256_periodic_dtout_1075p_phi.csv
Julia,SAV,512,neumann,50p,1075,1640,252.82730578170475,/project/g_bme-janeslab/SarahG/spinodal_decomp_06_2025/out_julia/SAV_Julia_2000_dt_5.50e-06_Nx_512_neumann_dtout_1075p_phi.csv
Julia,SAV,256,neumann,50p,1075,1640,124.64837222156359,/project/g_bme-janeslab/SarahG/spinodal_decomp_06_2025/out_julia/SAV_Julia_2000_dt_5.50e-06_Nx_256_neumann_dtout_1075p_phi.csv
Julia,SAV,128,neumann,50p,1025,1640,65.24697626823597,/project/g_bme-janeslab/SarahG/spinodal_decomp_06_2025/out_julia/SAV_Julia_2000_dt_5.50e-06_Nx_128_neumann_dtout_1025p_phi.csv
Julia,NMG,128,neumann,50p,1075,1640,66.43754667790454,/project/g_bme-janeslab/SarahG/spinodal_decomp_06_2025/out_julia/NMG_Julia_2000_dt_5.50e-06_Nx_128_neumann_dtout_1075p_phi.csv
Julia,SAV,64,periodic,50p,1075,1640,34.6471934667376,/project/g_bme-janeslab/SarahG/spinodal_decomp_06_2025/out_julia/SAV_Julia_2000_dt_5.50e-06_Nx_64_periodic_dtout_1075p_phi.csv
Julia,NMG,512,neumann,50p,1050,1640,138.33205434421347,/project/g_bme-janeslab/SarahG/spinodal_decomp_06_2025/out_julia/NMG_Julia_2000_dt_5.50e-06_Nx_512_neumann_dtout_1050p_phi.csv
Julia,SAV,256,neumann,50p,1050,1640,33.83670660900402,/project/g_bme-janeslab/SarahG/spinodal_decomp_06_2025/out_julia/SAV_Julia_2000_dt_5.50e-06_Nx_256_neumann_dtout_1050p_phi.csv
Julia,NMG,128,periodic,50p,1075,1640,66.30987894853256,/project/g_bme-janeslab/SarahG/spinodal_decomp_06_2025/out_julia/NMG_Julia_2000_dt_5.50e-06_Nx_128_periodic_dtout_1075p_phi.csv
Julia,SAV,128,periodic,50p,1025,1640,65.17801279415261,/project/g_bme-janeslab/SarahG/spinodal_decomp_06_2025/out_julia/SAV_Julia_2000_dt_5.50e-06_Nx_128_periodic_dtout_1025p_phi.csv
Python,NMG,128,neumann,50p,125,1640,65.43270244700017,/project/g_bme-janeslab/SarahG/spinodal_decomp_06_2025/out_python/NMG_Python_20_dt_5.50e-06_Nx_128_neumann_dtout_125pphi.csv
Python,NMG,64,periodic,50p,175,1640,35.337110853621056,/project/g_bme-janeslab/SarahG/spinodal_decomp_06_2025/out_python/NMG_Python_20_dt_5.50e-06_Nx_64_periodic_dtout_175pphi.csv
Python,NMG,256,periodic,50p,150,1640,31.501389242234342,/project/g_bme-janeslab/SarahG/spinodal_decomp_06_2025/out_python/NMG_Python_20_dt_5.50e-06_Nx_256_periodic_dtout_150pphi.csv
Python,NMG,128,neumann,50p,175,1640,66.84945255551506,/project/g_bme-janeslab/SarahG/spinodal_decomp_06_2025/out_python/NMG_Python_20_dt_5.50e-06_Nx_128_neumann_dtout_175pphi.csv
Python,NMG,64,neumann,50p,150,1640,17.946304961644465,/project/g_bme-janeslab/SarahG/spinodal_decomp_06_2025/out_python/NMG_Python_20_dt_5.50e-06_Nx_64_neumann_dtout_150pphi.csv
Python,NMG,256,neumann,50p,150,1640,31.524746319200005,/project/g_bme-janeslab/SarahG/spinodal_decomp_06_2025/out_python/NMG_Python_20_dt_5.50e-06_Nx_256_neumann_dtout_150pphi.csv
Python,NMG,512,neumann,50p,125,1640,256.0148982416582,/project/g_bme-janeslab/SarahG/spinodal_decomp_06_2025/out_python/NMG_Python_20_dt_5.50e-06_Nx_512_neumann_dtout_125pphi.csv
Python,NMG,256,neumann,50p,175,1640,124.91446086188213,/project/g_bme-janeslab/SarahG/spinodal_decomp_06_2025/out_python/NMG_Python_20_dt_5.50e-06_Nx_256_neumann_dtout_175pphi.csv
Python,NMG,128,periodic,50p,150,1640,25.209608441411806,/project/g_bme-janeslab/SarahG/spinodal_decomp_06_2025/out_python/NMG_Python_20_dt_5.50e-06_Nx_128_periodic_dtout_150pphi.csv
Python,NMG,256,neumann,50p,125,1640,120.86345088411925,/project/g_bme-janeslab/SarahG/spinodal_decomp_06_2025/out_python/NMG_Python_20_dt_5.50e-06_Nx_256_neumann_dtout_125pphi.csv
Python,NMG,64,neumann,50p,175,1640,35.57927728575121,/project/g_bme-janeslab/SarahG/spinodal_decomp_06_2025/out_python/NMG_Python_20_dt_5.50e-06_Nx_64_neumann_dtout_175pphi.csv
Python,NMG,256,periodic,50p,125,1640,120.84176623262526,/project/g_bme-janeslab/SarahG/spinodal_decomp_06_2025/out_python/NMG_Python_20_dt_5.50e-06_Nx_256_periodic_dtout_125pphi.csv
Python,NMG,512,periodic,50p,150,1640,105.60181526182298,/project/g_bme-janeslab/SarahG/spinodal_decomp_06_2025/out_python/NMG_Python_20_dt_5.50e-06_Nx_512_periodic_dtout_150pphi.csv
Python,NMG,64,neumann,50p,125,1640,34.61847119431317,/project/g_bme-janeslab/SarahG/spinodal_decomp_06_2025/out_python/NMG_Python_20_dt_5.50e-06_Nx_64_neumann_dtout_125pphi.csv
Python,NMG,512,periodic,50p,125,1640,255.95549700254233,/project/g_bme-janeslab/SarahG/spinodal_decomp_06_2025/out_python/NMG_Python_20_dt_5.50e-06_Nx_512_periodic_dtout_125pphi.csv
Python,NMG,128,periodic,50p,175,1640,66.71250310194206,/project/g_bme-janeslab/SarahG/spinodal_decomp_06_2025/out_python/NMG_Python_20_dt_5.50e-06_Nx_128_periodic_dtout_175pphi.csv
Python,NMG,512,periodic,50p,175,1640,252.69062820247842,/project/g_bme-janeslab/SarahG/spinodal_decomp_06_2025/out_python/NMG_Python_20_dt_5.50e-06_Nx_512_periodic_dtout_175pphi.csv
Python,NMG,128,neumann,50p,150,1640,25.76132735052122,/project/g_bme-janeslab/SarahG/spinodal_decomp_06_2025/out_python/NMG_Python_20_dt_5.50e-06_Nx_128_neumann_dtout_150pphi.csv
Python,NMG,512,neumann,50p,175,1640,252.71641727282346,/project/g_bme-janeslab/SarahG/spinodal_decomp_06_2025/out_python/NMG_Python_20_dt_5.50e-06_Nx_512_neumann_dtout_175pphi.csv
Python,NMG,512,neumann,50p,150,1640,106.07906791686574,/project/g_bme-janeslab/SarahG/spinodal_decomp_06_2025/out_python/NMG_Python_20_dt_5.50e-06_Nx_512_neumann_dtout_150pphi.csv
Python,NMG,64,periodic,50p,125,1640,34.420870056910125,/project/g_bme-janeslab/SarahG/spinodal_decomp_06_2025/out_python/NMG_Python_20_dt_5.50e-06_Nx_64_periodic_dtout_125pphi.csv
Python,NMG,256,periodic,50p,175,1640,124.83076407032219,/project/g_bme-janeslab/SarahG/spinodal_decomp_06_2025/out_python/NMG_Python_20_dt_5.50e-06_Nx_256_periodic_dtout_175pphi.csv
Python,NMG,64,periodic,50p,150,1640,17.45259537951669,/project/g_bme-janeslab/SarahG/spinodal_decomp_06_2025/out_python/NMG_Python_20_dt_5.50e-06_Nx_64_periodic_dtout_150pphi.csv
Python,NMG,128,periodic,50p,125,1640,65.3730380439454,/project/g_bme-janeslab/SarahG/spinodal_decomp_06_2025/out_python/NMG_Python_20_dt_5.50e-06_Nx_128_periodic_dtout_125pphi.csv
MATLAB,SAV,64,periodic,450p,None (10),1680,0.0,/project/g_bme-janeslab/SarahG/spinodal_decomp_06_2025/out_MATLAB/SAV_MATLAB_2000_dt_5.50e-06_Nx_64_periodic_n_relax_450p_phi.csv
MATLAB,NMG,512,periodic,475p,None (10),1680,445.6446083646816,/project/g_bme-janeslab/SarahG/spinodal_decomp_06_2025/out_MATLAB/NMG_MATLAB_2000_dt_5.50e-06_Nx_512_periodic_n_relax_475p_phi.csv
MATLAB,NMG,512,neumann,450p,None (10),1680,448.7799046557041,/project/g_bme-janeslab/SarahG/spinodal_decomp_06_2025/out_MATLAB/NMG_MATLAB_2000_dt_5.50e-06_Nx_512_neumann_n_relax_450p_phi.csv
MATLAB,SAV,256,neumann,450p,None (10),1680,205.41787471368883,/project/g_bme-janeslab/SarahG/spinodal_decomp_06_2025/out_MATLAB/SAV_MATLAB_2000_dt_5.50e-06_Nx_256_neumann_n_relax_450p_phi.csv
MATLAB,SAV,64,neumann,475p,None (10),1680,34.6169385789214,/project/g_bme-janeslab/SarahG/spinodal_decomp_06_2025/out_MATLAB/SAV_MATLAB_2000_dt_5.50e-06_Nx_64_neumann_n_relax_475p_phi.csv
MATLAB,NMG,256,periodic,475p,None (10),1680,209.36352319940013,/project/g_bme-janeslab/SarahG/spinodal_decomp_06_2025/out_MATLAB/NMG_MATLAB_2000_dt_5.50e-06_Nx_256_periodic_n_relax_475p_phi.csv
MATLAB,NMG,128,neumann,425p,None (10),1680,0.0,/project/g_bme-janeslab/SarahG/spinodal_decomp_06_2025/out_MATLAB/NMG_MATLAB_2000_dt_5.50e-06_Nx_128_neumann_n_relax_425p_phi.csv
MATLAB,SAV,256,periodic,425p,None (10),1680,0.0,/project/g_bme-janeslab/SarahG/spinodal_decomp_06_2025/out_MATLAB/SAV_MATLAB_2000_dt_5.50e-06_Nx_256_periodic_n_relax_425p_phi.csv
MATLAB,NMG,128,periodic,475p,None (10),1680,80.29244392804891,/project/g_bme-janeslab/SarahG/spinodal_decomp_06_2025/out_MATLAB/NMG_MATLAB_2000_dt_5.50e-06_Nx_128_periodic_n_relax_475p_phi.csv
MATLAB,SAV,128,periodic,450p,None (10),1680,90.50819787319874,/project/g_bme-janeslab/SarahG/spinodal_decomp_06_2025/out_MATLAB/SAV_MATLAB_2000_dt_5.50e-06_Nx_128_periodic_n_relax_450p_phi.csv
MATLAB,NMG,128,neumann,450p,None (10),1680,88.7543509428362,/project/g_bme-janeslab/SarahG/spinodal_decomp_06_2025/out_MATLAB/NMG_MATLAB_2000_dt_5.50e-06_Nx_128_neumann_n_relax_450p_phi.csv
MATLAB,SAV,256,neumann,425p,None (10),1680,208.77755072411333,/project/g_bme-janeslab/SarahG/spinodal_decomp_06_2025/out_MATLAB/SAV_MATLAB_2000_dt_5.50e-06_Nx_256_neumann_n_relax_425p_phi.csv
MATLAB,SAV,512,periodic,450p,None (10),1680,0.0,/project/g_bme-janeslab/SarahG/spinodal_decomp_06_2025/out_MATLAB/SAV_MATLAB_2000_dt_5.50e-06_Nx_512_periodic_n_relax_450p_phi.csv
MATLAB,SAV,128,periodic,425p,None (10),1680,0.0,/project/g_bme-janeslab/SarahG/spinodal_decomp_06_2025/out_MATLAB/SAV_MATLAB_2000_dt_5.50e-06_Nx_128_periodic_n_relax_425p_phi.csv
MATLAB,NMG,512,neumann,425p,None (10),1680,447.8091216454466,/project/g_bme-janeslab/SarahG/spinodal_decomp_06_2025/out_MATLAB/NMG_MATLAB_2000_dt_5.50e-06_Nx_512_neumann_n_relax_425p_phi.csv
MATLAB,NMG,64,neumann,450p,None (10),1680,0.0,/project/g_bme-janeslab/SarahG/spinodal_decomp_06_2025/out_MATLAB/NMG_MATLAB_2000_dt_5.50e-06_Nx_64_neumann_n_relax_450p_phi.csv
MATLAB,NMG,64,periodic,450p,None (10),1680,31.47830669470372,/project/g_bme-janeslab/SarahG/spinodal_decomp_06_2025/out_MATLAB/NMG_MATLAB_2000_dt_5.50e-06_Nx_64_periodic_n_relax_450p_phi.csv
MATLAB,NMG,256,neumann,425p,None (10),1680,209.47849306253315,/project/g_bme-janeslab/SarahG/spinodal_decomp_06_2025/out_MATLAB/NMG_MATLAB_2000_dt_5.50e-06_Nx_256_neumann_n_relax_425p_phi.csv
MATLAB,SAV,64,neumann,425p,None (10),1680,0.0,/project/g_bme-janeslab/SarahG/spinodal_decomp_06_2025/out_MATLAB/SAV_MATLAB_2000_dt_5.50e-06_Nx_64_neumann_n_relax_425p_phi.csv
MATLAB,SAV,128,neumann,425p,None (10),1680,0.0,/project/g_bme-janeslab/SarahG/spinodal_decomp_06_2025/out_MATLAB/SAV_MATLAB_2000_dt_5.50e-06_Nx_128_neumann_n_relax_425p_phi.csv
MATLAB,NMG,128,periodic,425p,None (10),1680,82.77936578832232,/project/g_bme-janeslab/SarahG/spinodal_decomp_06_2025/out_MATLAB/NMG_MATLAB_2000_dt_5.50e-06_Nx_128_periodic_n_relax_425p_phi.csv
MATLAB,SAV,512,periodic,475p,None (10),1680,0.0,/project/g_bme-janeslab/SarahG/spinodal_decomp_06_2025/out_MATLAB/SAV_MATLAB_2000_dt_5.50e-06_Nx_512_periodic_n_relax_475p_phi.csv
MATLAB,SAV,512,neumann,475p,None (10),1680,0.0,/project/g_bme-janeslab/SarahG/spinodal_decomp_06_2025/out_MATLAB/SAV_MATLAB_2000_dt_5.50e-06_Nx_512_neumann_n_relax_475p_phi.csv
MATLAB,NMG,256,neumann,475p,None (10),1680,208.74558916267725,/project/g_bme-janeslab/SarahG/spinodal_decomp_06_2025/out_MATLAB/NMG_MATLAB_2000_dt_5.50e-06_Nx_256_neumann_n_relax_475p_phi.csv
MATLAB,NMG,256,neumann,450p,None (10),1680,205.7316736083009,/project/g_bme-janeslab/SarahG/spinodal_decomp_06_2025/out_MATLAB/NMG_MATLAB_2000_dt_5.50e-06_Nx_256_neumann_n_relax_450p_phi.csv
MATLAB,SAV,512,periodic,425p,None (10),1680,0.0,/project/g_bme-janeslab/SarahG/spinodal_decomp_06_2025/out_MATLAB/SAV_MATLAB_2000_dt_5.50e-06_Nx_512_periodic_n_relax_425p_phi.csv
MATLAB,NMG,64,neumann,475p,None (10),1680,34.67954725072344,/project/g_bme-janeslab/SarahG/spinodal_decomp_06_2025/out_MATLAB/NMG_MATLAB_2000_dt_5.50e-06_Nx_64_neumann_n_relax_475p_phi.csv
MATLAB,SAV,128,periodic,475p,None (10),1680,80.75605351296663,/project/g_bme-janeslab/SarahG/spinodal_decomp_06_2025/out_MATLAB/SAV_MATLAB_2000_dt_5.50e-06_Nx_128_periodic_n_relax_475p_phi.csv
MATLAB,SAV,256,neumann,475p,None (10),1680,208.34104308398972,/project/g_bme-janeslab/SarahG/spinodal_decomp_06_2025/out_MATLAB/SAV_MATLAB_2000_dt_5.50e-06_Nx_256_neumann_n_relax_475p_phi.csv
MATLAB,NMG,512,periodic,450p,None (10),1680,448.6231804539732,/project/g_bme-janeslab/SarahG/spinodal_decomp_06_2025/out_MATLAB/NMG_MATLAB_2000_dt_5.50e-06_Nx_512_periodic_n_relax_450p_phi.csv
MATLAB,SAV,64,periodic,425p,None (10),1680,0.0,/project/g_bme-janeslab/SarahG/spinodal_decomp_06_2025/out_MATLAB/SAV_MATLAB_2000_dt_5.50e-06_Nx_64_periodic_n_relax_425p_phi.csv
MATLAB,SAV,512,neumann,425p,None (10),1680,448.4269414424302,/project/g_bme-janeslab/SarahG/spinodal_decomp_06_2025/out_MATLAB/SAV_MATLAB_2000_dt_5.50e-06_Nx_512_neumann_n_relax_425p_phi.csv
MATLAB,SAV,128,neumann,475p,None (10),1680,8.342991818208734,/project/g_bme-janeslab/SarahG/spinodal_decomp_06_2025/out_MATLAB/SAV_MATLAB_2000_dt_5.50e-06_Nx_128_neumann_n_relax_475p_phi.csv
MATLAB,SAV,512,neumann,450p,None (10),1680,448.4209183409488,/project/g_bme-janeslab/SarahG/spinodal_decomp_06_2025/out_MATLAB/SAV_MATLAB_2000_dt_5.50e-06_Nx_512_neumann_n_relax_450p_phi.csv
MATLAB,SAV,256,periodic,475p,None (10),1680,208.85623111020192,/project/g_bme-janeslab/SarahG/spinodal_decomp_06_2025/out_MATLAB/SAV_MATLAB_2000_dt_5.50e-06_Nx_256_periodic_n_relax_475p_phi.csv
MATLAB,NMG,256,periodic,450p,None (10),1680,206.3589793306905,/project/g_bme-janeslab/SarahG/spinodal_decomp_06_2025/out_MATLAB/NMG_MATLAB_2000_dt_5.50e-06_Nx_256_periodic_n_relax_450p_phi.csv
MATLAB,SAV,128,neumann,450p,None (10),1680,89.46214029514347,/project/g_bme-janeslab/SarahG/spinodal_decomp_06_2025/out_MATLAB/SAV_MATLAB_2000_dt_5.50e-06_Nx_128_neumann_n_relax_450p_phi.csv
MATLAB,NMG,64,periodic,475p,None (10),1680,33.342837647408835,/project/g_bme-janeslab/SarahG/spinodal_decomp_06_2025/out_MATLAB/NMG_MATLAB_2000_dt_5.50e-06_Nx_64_periodic_n_relax_475p_phi.csv
MATLAB,NMG,512,periodic,425p,None (10),1680,447.27791458409615,/project/g_bme-janeslab/SarahG/spinodal_decomp_06_2025/out_MATLAB/NMG_MATLAB_2000_dt_5.50e-06_Nx_512_periodic_n_relax_425p_phi.csv
MATLAB,NMG,128,periodic,450p,None (10),1680,90.87967696137565,/project/g_bme-janeslab/SarahG/spinodal_decomp_06_2025/out_MATLAB/NMG_MATLAB_2000_dt_5.50e-06_Nx_128_periodic_n_relax_450p_phi.csv
MATLAB,NMG,128,neumann,475p,None (10),1680,84.3871205074366,/project/g_bme-janeslab/SarahG/spinodal_decomp_06_2025/out_MATLAB/NMG_MATLAB_2000_dt_5.50e-06_Nx_128_neumann_n_relax_475p_phi.csv
MATLAB,NMG,256,periodic,425p,None (10),1680,208.7755608931348,/project/g_bme-janeslab/SarahG/spinodal_decomp_06_2025/out_MATLAB/NMG_MATLAB_2000_dt_5.50e-06_Nx_256_periodic_n_relax_425p_phi.csv
MATLAB,SAV,64,periodic,475p,None (10),1680,33.31336766319465,/project/g_bme-janeslab/SarahG/spinodal_decomp_06_2025/out_MATLAB/SAV_MATLAB_2000_dt_5.50e-06_Nx_64_periodic_n_relax_475p_phi.csv
MATLAB,NMG,512,neumann,475p,None (10),1680,446.5918603692587,/project/g_bme-janeslab/SarahG/spinodal_decomp_06_2025/out_MATLAB/NMG_MATLAB_2000_dt_5.50e-06_Nx_512_neumann_n_relax_475p_phi.csv
MATLAB,NMG,64,periodic,425p,None (10),1680,32.79604840892104,/project/g_bme-janeslab/SarahG/spinodal_decomp_06_2025/out_MATLAB/NMG_MATLAB_2000_dt_5.50e-06_Nx_64_periodic_n_relax_425p_phi.csv
MATLAB,SAV,64,neumann,450p,None (10),1680,0.0,/project/g_bme-janeslab/SarahG/spinodal_decomp_06_2025/out_MATLAB/SAV_MATLAB_2000_dt_5.50e-06_Nx_64_neumann_n_relax_450p_phi.csv
MATLAB,NMG,64,neumann,425p,None (10),1680,0.0,/project/g_bme-janeslab/SarahG/spinodal_decomp_06_2025/out_MATLAB/NMG_MATLAB_2000_dt_5.50e-06_Nx_64_neumann_n_relax_425p_phi.csv
MATLAB,SAV,256,periodic,450p,None (10),1680,0.0,/project/g_bme-janeslab/SarahG/spinodal_decomp_06_2025/out_MATLAB/SAV_MATLAB_2000_dt_5.50e-06_Nx_256_periodic_n_relax_450p_phi.csv
Julia,SAV,512,periodic,50p,1050,1680,153.10754990053024,/project/g_bme-janeslab/SarahG/spinodal_decomp_06_2025/out_julia/SAV_Julia_2000_dt_5.50e-06_Nx_512_periodic_dtout_1050p_phi.csv
Julia,NMG,64,neumann,50p,1075,1680,35.049578115227405,/project/g_bme-janeslab/SarahG/spinodal_decomp_06_2025/out_julia/NMG_Julia_2000_dt_5.50e-06_Nx_64_neumann_dtout_1075p_phi.csv
Julia,NMG,512,periodic,50p,1050,1680,140.43321636159115,/project/g_bme-janeslab/SarahG/spinodal_decomp_06_2025/out_julia/NMG_Julia_2000_dt_5.50e-06_Nx_512_periodic_dtout_1050p_phi.csv
Julia,NMG,64,neumann,50p,1050,1680,16.99458804400164,/project/g_bme-janeslab/SarahG/spinodal_decomp_06_2025/out_julia/NMG_Julia_2000_dt_5.50e-06_Nx_64_neumann_dtout_1050p_phi.csv
Julia,NMG,512,periodic,50p,1075,1680,252.83073627824547,/project/g_bme-janeslab/SarahG/spinodal_decomp_06_2025/out_julia/NMG_Julia_2000_dt_5.50e-06_Nx_512_periodic_dtout_1075p_phi.csv
Julia,SAV,64,periodic,50p,1025,1680,34.10114403957394,/project/g_bme-janeslab/SarahG/spinodal_decomp_06_2025/out_julia/SAV_Julia_2000_dt_5.50e-06_Nx_64_periodic_dtout_1025p_phi.csv
Julia,SAV,256,periodic,50p,1075,1680,124.56084099048333,/project/g_bme-janeslab/SarahG/spinodal_decomp_06_2025/out_julia/SAV_Julia_2000_dt_5.50e-06_Nx_256_periodic_dtout_1075p_phi.csv
Julia,SAV,128,neumann,50p,1050,1680,24.481841441518316,/project/g_bme-janeslab/SarahG/spinodal_decomp_06_2025/out_julia/SAV_Julia_2000_dt_5.50e-06_Nx_128_neumann_dtout_1050p_phi.csv
Julia,NMG,256,periodic,50p,1025,1680,120.82963837077601,/project/g_bme-janeslab/SarahG/spinodal_decomp_06_2025/out_julia/NMG_Julia_2000_dt_5.50e-06_Nx_256_periodic_dtout_1025p_phi.csv
Julia,NMG,256,periodic,50p,1050,1680,33.96415205504902,/project/g_bme-janeslab/SarahG/spinodal_decomp_06_2025/out_julia/NMG_Julia_2000_dt_5.50e-06_Nx_256_periodic_dtout_1050p_phi.csv
Julia,SAV,512,periodic,50p,1025,1680,256.07911850244955,/project/g_bme-janeslab/SarahG/spinodal_decomp_06_2025/out_julia/SAV_Julia_2000_dt_5.50e-06_Nx_512_periodic_dtout_1025p_phi.csv
Julia,NMG,128,periodic,50p,1050,1680,24.50033166244864,/project/g_bme-janeslab/SarahG/spinodal_decomp_06_2025/out_julia/NMG_Julia_2000_dt_5.50e-06_Nx_128_periodic_dtout_1050p_phi.csv
Julia,NMG,512,neumann,50p,1025,1680,256.199449603794,/project/g_bme-janeslab/SarahG/spinodal_decomp_06_2025/out_julia/NMG_Julia_2000_dt_5.50e-06_Nx_512_neumann_dtout_1025p_phi.csv
Julia,SAV,512,neumann,50p,1050,1680,153.44645252543964,/project/g_bme-janeslab/SarahG/spinodal_decomp_06_2025/out_julia/SAV_Julia_2000_dt_5.50e-06_Nx_512_neumann_dtout_1050p_phi.csv
Julia,SAV,64,neumann,50p,1075,1680,34.8705413826613,/project/g_bme-janeslab/SarahG/spinodal_decomp_06_2025/out_julia/SAV_Julia_2000_dt_5.50e-06_Nx_64_neumann_dtout_1075p_phi.csv
Julia,NMG,128,neumann,50p,1025,1680,65.33902222237792,/project/g_bme-janeslab/SarahG/spinodal_decomp_06_2025/out_julia/NMG_Julia_2000_dt_5.50e-06_Nx_128_neumann_dtout_1025p_phi.csv
Julia,NMG,512,neumann,50p,1075,1680,252.86414208710295,/project/g_bme-janeslab/SarahG/spinodal_decomp_06_2025/out_julia/NMG_Julia_2000_dt_5.50e-06_Nx_512_neumann_dtout_1075p_phi.csv
Julia,SAV,64,neumann,50p,1050,1680,16.430219047612386,/project/g_bme-janeslab/SarahG/spinodal_decomp_06_2025/out_julia/SAV_Julia_2000_dt_5.50e-06_Nx_64_neumann_dtout_1050p_phi.csv
Julia,NMG,64,periodic,50p,1050,1680,16.524239372108326,/project/g_bme-janeslab/SarahG/spinodal_decomp_06_2025/out_julia/NMG_Julia_2000_dt_5.50e-06_Nx_64_periodic_dtout_1050p_phi.csv
Julia,SAV,64,neumann,50p,1025,1680,34.31815865147368,/project/g_bme-janeslab/SarahG/spinodal_decomp_06_2025/out_julia/SAV_Julia_2000_dt_5.50e-06_Nx_64_neumann_dtout_1025p_phi.csv
Julia,SAV,64,periodic,50p,1050,1680,15.955599645778628,/project/g_bme-janeslab/SarahG/spinodal_decomp_06_2025/out_julia/SAV_Julia_2000_dt_5.50e-06_Nx_64_periodic_dtout_1050p_phi.csv
Julia,NMG,128,neumann,50p,1050,1680,25.08013695988531,/project/g_bme-janeslab/SarahG/spinodal_decomp_06_2025/out_julia/NMG_Julia_2000_dt_5.50e-06_Nx_128_neumann_dtout_1050p_phi.csv
Julia,NMG,512,periodic,50p,1025,1680,256.13919380344606,/project/g_bme-janeslab/SarahG/spinodal_decomp_06_2025/out_julia/NMG_Julia_2000_dt_5.50e-06_Nx_512_periodic_dtout_1025p_phi.csv
Julia,SAV,128,neumann,50p,1075,1680,66.30627152263193,/project/g_bme-janeslab/SarahG/spinodal_decomp_06_2025/out_julia/SAV_Julia_2000_dt_5.50e-06_Nx_128_neumann_dtout_1075p_phi.csv
Julia,NMG,64,periodic,50p,1025,1680,34.271559639145266,/project/g_bme-janeslab/SarahG/spinodal_decomp_06_2025/out_julia/NMG_Julia_2000_dt_5.50e-06_Nx_64_periodic_dtout_1025p_phi.csv
Julia,NMG,256,neumann,50p,1025,1680,120.846368938957,/project/g_bme-janeslab/SarahG/spinodal_decomp_06_2025/out_julia/NMG_Julia_2000_dt_5.50e-06_Nx_256_neumann_dtout_1025p_phi.csv
Julia,NMG,128,periodic,50p,1025,1680,65.26968485678051,/project/g_bme-janeslab/SarahG/spinodal_decomp_06_2025/out_julia/NMG_Julia_2000_dt_5.50e-06_Nx_128_periodic_dtout_1025p_phi.csv
Julia,NMG,64,periodic,50p,1075,1680,34.8139312030645,/project/g_bme-janeslab/SarahG/spinodal_decomp_06_2025/out_julia/NMG_Julia_2000_dt_5.50e-06_Nx_64_periodic_dtout_1075p_phi.csv
Julia,SAV,512,periodic,50p,1075,1680,252.81317479638813,/project/g_bme-janeslab/SarahG/spinodal_decomp_06_2025/out_julia/SAV_Julia_2000_dt_5.50e-06_Nx_512_periodic_dtout_1075p_phi.csv
Julia,NMG,256,neumann,50p,1075,1680,124.71259731610043,/project/g_bme-janeslab/SarahG/spinodal_decomp_06_2025/out_julia/NMG_Julia_2000_dt_5.50e-06_Nx_256_neumann_dtout_1075p_phi.csv
Julia,SAV,256,periodic,50p,1050,1680,34.04154496820436,/project/g_bme-janeslab/SarahG/spinodal_decomp_06_2025/out_julia/SAV_Julia_2000_dt_5.50e-06_Nx_256_periodic_dtout_1050p_phi.csv
Julia,NMG,256,neumann,50p,1050,1680,33.96527646595005,/project/g_bme-janeslab/SarahG/spinodal_decomp_06_2025/out_julia/NMG_Julia_2000_dt_5.50e-06_Nx_256_neumann_dtout_1050p_phi.csv
Julia,SAV,128,periodic,50p,1050,1680,23.87322742524899,/project/g_bme-janeslab/SarahG/spinodal_decomp_06_2025/out_julia/SAV_Julia_2000_dt_5.50e-06_Nx_128_periodic_dtout_1050p_phi.csv
Julia,NMG,64,neumann,50p,1025,1680,34.48976955122124,/project/g_bme-janeslab/SarahG/spinodal_decomp_06_2025/out_julia/NMG_Julia_2000_dt_5.50e-06_Nx_64_neumann_dtout_1025p_phi.csv
Julia,SAV,256,neumann,50p,1025,1680,120.81719870771047,/project/g_bme-janeslab/SarahG/spinodal_decomp_06_2025/out_julia/SAV_Julia_2000_dt_5.50e-06_Nx_256_neumann_dtout_1025p_phi.csv
Julia,SAV,256,periodic,50p,1025,1680,120.79936772647156,/project/g_bme-janeslab/SarahG/spinodal_decomp_06_2025/out_julia/SAV_Julia_2000_dt_5.50e-06_Nx_256_periodic_dtout_1025p_phi.csv
Julia,SAV,128,periodic,50p,1075,1680,66.18152756738988,/project/g_bme-janeslab/SarahG/spinodal_decomp_06_2025/out_julia/SAV_Julia_2000_dt_5.50e-06_Nx_128_periodic_dtout_1075p_phi.csv
Julia,SAV,512,neumann,50p,1025,1680,256.1424556771347,/project/g_bme-janeslab/SarahG/spinodal_decomp_06_2025/out_julia/SAV_Julia_2000_dt_5.50e-06_Nx_512_neumann_dtout_1025p_phi.csv
Julia,NMG,256,periodic,50p,1075,1680,124.63324755045171,/project/g_bme-janeslab/SarahG/spinodal_decomp_06_2025/out_julia/NMG_Julia_2000_dt_5.50e-06_Nx_256_periodic_dtout_1075p_phi.csv
Julia,SAV,512,neumann,50p,1075,1680,252.84899874607433,/project/g_bme-janeslab/SarahG/spinodal_decomp_06_2025/out_julia/SAV_Julia_2000_dt_5.50e-06_Nx_512_neumann_dtout_1075p_phi.csv
Julia,SAV,256,neumann,50p,1075,1680,124.64050820306444,/project/g_bme-janeslab/SarahG/spinodal_decomp_06_2025/out_julia/SAV_Julia_2000_dt_5.50e-06_Nx_256_neumann_dtout_1075p_phi.csv
Julia,SAV,128,neumann,50p,1025,1680,65.2504562983675,/project/g_bme-janeslab/SarahG/spinodal_decomp_06_2025/out_julia/SAV_Julia_2000_dt_5.50e-06_Nx_128_neumann_dtout_1025p_phi.csv
Julia,NMG,128,neumann,50p,1075,1680,66.42757246940069,/project/g_bme-janeslab/SarahG/spinodal_decomp_06_2025/out_julia/NMG_Julia_2000_dt_5.50e-06_Nx_128_neumann_dtout_1075p_phi.csv
Julia,SAV,64,periodic,50p,1075,1680,34.63878464022444,/project/g_bme-janeslab/SarahG/spinodal_decomp_06_2025/out_julia/SAV_Julia_2000_dt_5.50e-06_Nx_64_periodic_dtout_1075p_phi.csv
Julia,NMG,512,neumann,50p,1050,1680,140.7542122515836,/project/g_bme-janeslab/SarahG/spinodal_decomp_06_2025/out_julia/NMG_Julia_2000_dt_5.50e-06_Nx_512_neumann_dtout_1050p_phi.csv
Julia,SAV,256,neumann,50p,1050,1680,34.0391794373305,/project/g_bme-janeslab/SarahG/spinodal_decomp_06_2025/out_julia/SAV_Julia_2000_dt_5.50e-06_Nx_256_neumann_dtout_1050p_phi.csv
Julia,NMG,128,periodic,50p,1075,1680,66.30033433267197,/project/g_bme-janeslab/SarahG/spinodal_decomp_06_2025/out_julia/NMG_Julia_2000_dt_5.50e-06_Nx_128_periodic_dtout_1075p_phi.csv
Julia,SAV,128,periodic,50p,1025,1680,65.1812355693786,/project/g_bme-janeslab/SarahG/spinodal_decomp_06_2025/out_julia/SAV_Julia_2000_dt_5.50e-06_Nx_128_periodic_dtout_1025p_phi.csv
Python,NMG,128,neumann,50p,125,1680,65.41440887755967,/project/g_bme-janeslab/SarahG/spinodal_decomp_06_2025/out_python/NMG_Python_20_dt_5.50e-06_Nx_128_neumann_dtout_125pphi.csv
Python,NMG,64,periodic,50p,175,1680,35.305414611901554,/project/g_bme-janeslab/SarahG/spinodal_decomp_06_2025/out_python/NMG_Python_20_dt_5.50e-06_Nx_64_periodic_dtout_175pphi.csv
Python,NMG,256,periodic,50p,150,1680,31.613265645786207,/project/g_bme-janeslab/SarahG/spinodal_decomp_06_2025/out_python/NMG_Python_20_dt_5.50e-06_Nx_256_periodic_dtout_150pphi.csv
Python,NMG,128,neumann,50p,175,1680,66.82848285870043,/project/g_bme-janeslab/SarahG/spinodal_decomp_06_2025/out_python/NMG_Python_20_dt_5.50e-06_Nx_128_neumann_dtout_175pphi.csv
Python,NMG,64,neumann,50p,150,1680,17.859846105259898,/project/g_bme-janeslab/SarahG/spinodal_decomp_06_2025/out_python/NMG_Python_20_dt_5.50e-06_Nx_64_neumann_dtout_150pphi.csv
Python,NMG,256,neumann,50p,150,1680,31.63229076197471,/project/g_bme-janeslab/SarahG/spinodal_decomp_06_2025/out_python/NMG_Python_20_dt_5.50e-06_Nx_256_neumann_dtout_150pphi.csv
Python,NMG,512,neumann,50p,125,1680,256.02262265373463,/project/g_bme-janeslab/SarahG/spinodal_decomp_06_2025/out_python/NMG_Python_20_dt_5.50e-06_Nx_512_neumann_dtout_125pphi.csv
Python,NMG,256,neumann,50p,175,1680,124.90356172648667,/project/g_bme-janeslab/SarahG/spinodal_decomp_06_2025/out_python/NMG_Python_20_dt_5.50e-06_Nx_256_neumann_dtout_175pphi.csv
Python,NMG,128,periodic,50p,150,1680,25.128491287085556,/project/g_bme-janeslab/SarahG/spinodal_decomp_06_2025/out_python/NMG_Python_20_dt_5.50e-06_Nx_128_periodic_dtout_150pphi.csv
Python,NMG,256,neumann,50p,125,1680,120.8609114643511,/project/g_bme-janeslab/SarahG/spinodal_decomp_06_2025/out_python/NMG_Python_20_dt_5.50e-06_Nx_256_neumann_dtout_125pphi.csv
Python,NMG,64,neumann,50p,175,1680,35.54733401462259,/project/g_bme-janeslab/SarahG/spinodal_decomp_06_2025/out_python/NMG_Python_20_dt_5.50e-06_Nx_64_neumann_dtout_175pphi.csv
Python,NMG,256,periodic,50p,125,1680,120.8390990626801,/project/g_bme-janeslab/SarahG/spinodal_decomp_06_2025/out_python/NMG_Python_20_dt_5.50e-06_Nx_256_periodic_dtout_125pphi.csv
Python,NMG,512,periodic,50p,150,1680,106.99798115514434,/project/g_bme-janeslab/SarahG/spinodal_decomp_06_2025/out_python/NMG_Python_20_dt_5.50e-06_Nx_512_periodic_dtout_150pphi.csv
Python,NMG,64,neumann,50p,125,1680,34.58946534919027,/project/g_bme-janeslab/SarahG/spinodal_decomp_06_2025/out_python/NMG_Python_20_dt_5.50e-06_Nx_64_neumann_dtout_125pphi.csv
Python,NMG,512,periodic,50p,125,1680,255.96372702224977,/project/g_bme-janeslab/SarahG/spinodal_decomp_06_2025/out_python/NMG_Python_20_dt_5.50e-06_Nx_512_periodic_dtout_125pphi.csv
Python,NMG,128,periodic,50p,175,1680,66.6925701187336,/project/g_bme-janeslab/SarahG/spinodal_decomp_06_2025/out_python/NMG_Python_20_dt_5.50e-06_Nx_128_periodic_dtout_175pphi.csv
Python,NMG,512,periodic,50p,175,1680,252.69171068282094,/project/g_bme-janeslab/SarahG/spinodal_decomp_06_2025/out_python/NMG_Python_20_dt_5.50e-06_Nx_512_periodic_dtout_175pphi.csv
Python,NMG,128,neumann,50p,150,1680,25.678207417628794,/project/g_bme-janeslab/SarahG/spinodal_decomp_06_2025/out_python/NMG_Python_20_dt_5.50e-06_Nx_128_neumann_dtout_150pphi.csv
Python,NMG,512,neumann,50p,175,1680,252.7176451812885,/project/g_bme-janeslab/SarahG/spinodal_decomp_06_2025/out_python/NMG_Python_20_dt_5.50e-06_Nx_512_neumann_dtout_175pphi.csv
Python,NMG,512,neumann,50p,150,1680,107.48474374676505,/project/g_bme-janeslab/SarahG/spinodal_decomp_06_2025/out_python/NMG_Python_20_dt_5.50e-06_Nx_512_neumann_dtout_150pphi.csv
Python,NMG,64,periodic,50p,125,1680,34.3914087752935,/project/g_bme-janeslab/SarahG/spinodal_decomp_06_2025/out_python/NMG_Python_20_dt_5.50e-06_Nx_64_periodic_dtout_125pphi.csv
Python,NMG,256,periodic,50p,175,1680,124.82014171521404,/project/g_bme-janeslab/SarahG/spinodal_decomp_06_2025/out_python/NMG_Python_20_dt_5.50e-06_Nx_256_periodic_dtout_175pphi.csv
Python,NMG,64,periodic,50p,150,1680,17.36968334105505,/project/g_bme-janeslab/SarahG/spinodal_decomp_06_2025/out_python/NMG_Python_20_dt_5.50e-06_Nx_64_periodic_dtout_150pphi.csv
Python,NMG,128,periodic,50p,125,1680,65.3544890603802,/project/g_bme-janeslab/SarahG/spinodal_decomp_06_2025/out_python/NMG_Python_20_dt_5.50e-06_Nx_128_periodic_dtout_125pphi.csv
MATLAB,SAV,64,periodic,450p,None (10),1720,0.0,/project/g_bme-janeslab/SarahG/spinodal_decomp_06_2025/out_MATLAB/SAV_MATLAB_2000_dt_5.50e-06_Nx_64_periodic_n_relax_450p_phi.csv
MATLAB,NMG,512,periodic,475p,None (10),1720,445.99425961391853,/project/g_bme-janeslab/SarahG/spinodal_decomp_06_2025/out_MATLAB/NMG_MATLAB_2000_dt_5.50e-06_Nx_512_periodic_n_relax_475p_phi.csv
MATLAB,NMG,512,neumann,450p,None (10),1720,449.3444179276237,/project/g_bme-janeslab/SarahG/spinodal_decomp_06_2025/out_MATLAB/NMG_MATLAB_2000_dt_5.50e-06_Nx_512_neumann_n_relax_450p_phi.csv
MATLAB,SAV,256,neumann,450p,None (10),1720,205.76867823957002,/project/g_bme-janeslab/SarahG/spinodal_decomp_06_2025/out_MATLAB/SAV_MATLAB_2000_dt_5.50e-06_Nx_256_neumann_n_relax_450p_phi.csv
MATLAB,SAV,64,neumann,475p,None (10),1720,34.691449801308195,/project/g_bme-janeslab/SarahG/spinodal_decomp_06_2025/out_MATLAB/SAV_MATLAB_2000_dt_5.50e-06_Nx_64_neumann_n_relax_475p_phi.csv
MATLAB,NMG,256,periodic,475p,None (10),1720,209.49352947972733,/project/g_bme-janeslab/SarahG/spinodal_decomp_06_2025/out_MATLAB/NMG_MATLAB_2000_dt_5.50e-06_Nx_256_periodic_n_relax_475p_phi.csv
MATLAB,NMG,128,neumann,425p,None (10),1720,0.0,/project/g_bme-janeslab/SarahG/spinodal_decomp_06_2025/out_MATLAB/NMG_MATLAB_2000_dt_5.50e-06_Nx_128_neumann_n_relax_425p_phi.csv
MATLAB,SAV,256,periodic,425p,None (10),1720,0.0,/project/g_bme-janeslab/SarahG/spinodal_decomp_06_2025/out_MATLAB/SAV_MATLAB_2000_dt_5.50e-06_Nx_256_periodic_n_relax_425p_phi.csv
MATLAB,NMG,128,periodic,475p,None (10),1720,80.98902621862455,/project/g_bme-janeslab/SarahG/spinodal_decomp_06_2025/out_MATLAB/NMG_MATLAB_2000_dt_5.50e-06_Nx_128_periodic_n_relax_475p_phi.csv
MATLAB,SAV,128,periodic,450p,None (10),1720,90.73721565531504,/project/g_bme-janeslab/SarahG/spinodal_decomp_06_2025/out_MATLAB/SAV_MATLAB_2000_dt_5.50e-06_Nx_128_periodic_n_relax_450p_phi.csv
MATLAB,NMG,128,neumann,450p,None (10),1720,89.0272806370056,/project/g_bme-janeslab/SarahG/spinodal_decomp_06_2025/out_MATLAB/NMG_MATLAB_2000_dt_5.50e-06_Nx_128_neumann_n_relax_450p_phi.csv
MATLAB,SAV,256,neumann,425p,None (10),1720,209.0132483807711,/project/g_bme-janeslab/SarahG/spinodal_decomp_06_2025/out_MATLAB/SAV_MATLAB_2000_dt_5.50e-06_Nx_256_neumann_n_relax_425p_phi.csv
MATLAB,SAV,512,periodic,450p,None (10),1720,0.0,/project/g_bme-janeslab/SarahG/spinodal_decomp_06_2025/out_MATLAB/SAV_MATLAB_2000_dt_5.50e-06_Nx_512_periodic_n_relax_450p_phi.csv
MATLAB,SAV,128,periodic,425p,None (10),1720,0.0,/project/g_bme-janeslab/SarahG/spinodal_decomp_06_2025/out_MATLAB/SAV_MATLAB_2000_dt_5.50e-06_Nx_128_periodic_n_relax_425p_phi.csv
MATLAB,NMG,512,neumann,425p,None (10),1720,448.3083409491005,/project/g_bme-janeslab/SarahG/spinodal_decomp_06_2025/out_MATLAB/NMG_MATLAB_2000_dt_5.50e-06_Nx_512_neumann_n_relax_425p_phi.csv
MATLAB,NMG,64,neumann,450p,None (10),1720,0.0,/project/g_bme-janeslab/SarahG/spinodal_decomp_06_2025/out_MATLAB/NMG_MATLAB_2000_dt_5.50e-06_Nx_64_neumann_n_relax_450p_phi.csv
MATLAB,NMG,64,periodic,450p,None (10),1720,31.912678976089584,/project/g_bme-janeslab/SarahG/spinodal_decomp_06_2025/out_MATLAB/NMG_MATLAB_2000_dt_5.50e-06_Nx_64_periodic_n_relax_450p_phi.csv
MATLAB,NMG,256,neumann,425p,None (10),1720,209.67580585260578,/project/g_bme-janeslab/SarahG/spinodal_decomp_06_2025/out_MATLAB/NMG_MATLAB_2000_dt_5.50e-06_Nx_256_neumann_n_relax_425p_phi.csv
MATLAB,SAV,64,neumann,425p,None (10),1720,0.0,/project/g_bme-janeslab/SarahG/spinodal_decomp_06_2025/out_MATLAB/SAV_MATLAB_2000_dt_5.50e-06_Nx_64_neumann_n_relax_425p_phi.csv
MATLAB,SAV,128,neumann,425p,None (10),1720,0.0,/project/g_bme-janeslab/SarahG/spinodal_decomp_06_2025/out_MATLAB/SAV_MATLAB_2000_dt_5.50e-06_Nx_128_neumann_n_relax_425p_phi.csv
MATLAB,NMG,128,periodic,425p,None (10),1720,83.42635350121809,/project/g_bme-janeslab/SarahG/spinodal_decomp_06_2025/out_MATLAB/NMG_MATLAB_2000_dt_5.50e-06_Nx_128_periodic_n_relax_425p_phi.csv
MATLAB,SAV,512,periodic,475p,None (10),1720,0.0,/project/g_bme-janeslab/SarahG/spinodal_decomp_06_2025/out_MATLAB/SAV_MATLAB_2000_dt_5.50e-06_Nx_512_periodic_n_relax_475p_phi.csv
MATLAB,SAV,512,neumann,475p,None (10),1720,0.0,/project/g_bme-janeslab/SarahG/spinodal_decomp_06_2025/out_MATLAB/SAV_MATLAB_2000_dt_5.50e-06_Nx_512_neumann_n_relax_475p_phi.csv
MATLAB,NMG,256,neumann,475p,None (10),1720,208.91036278263223,/project/g_bme-janeslab/SarahG/spinodal_decomp_06_2025/out_MATLAB/NMG_MATLAB_2000_dt_5.50e-06_Nx_256_neumann_n_relax_475p_phi.csv
MATLAB,NMG,256,neumann,450p,None (10),1720,206.08362736682756,/project/g_bme-janeslab/SarahG/spinodal_decomp_06_2025/out_MATLAB/NMG_MATLAB_2000_dt_5.50e-06_Nx_256_neumann_n_relax_450p_phi.csv
MATLAB,SAV,512,periodic,425p,None (10),1720,0.0,/project/g_bme-janeslab/SarahG/spinodal_decomp_06_2025/out_MATLAB/SAV_MATLAB_2000_dt_5.50e-06_Nx_512_periodic_n_relax_425p_phi.csv
MATLAB,NMG,64,neumann,475p,None (10),1720,34.756013223783306,/project/g_bme-janeslab/SarahG/spinodal_decomp_06_2025/out_MATLAB/NMG_MATLAB_2000_dt_5.50e-06_Nx_64_neumann_n_relax_475p_phi.csv
MATLAB,SAV,128,periodic,475p,None (10),1720,81.44829548747266,/project/g_bme-janeslab/SarahG/spinodal_decomp_06_2025/out_MATLAB/SAV_MATLAB_2000_dt_5.50e-06_Nx_128_periodic_n_relax_475p_phi.csv
MATLAB,SAV,256,neumann,475p,None (10),1720,208.48031582037098,/project/g_bme-janeslab/SarahG/spinodal_decomp_06_2025/out_MATLAB/SAV_MATLAB_2000_dt_5.50e-06_Nx_256_neumann_n_relax_475p_phi.csv
MATLAB,NMG,512,periodic,450p,None (10),1720,449.2254599160837,/project/g_bme-janeslab/SarahG/spinodal_decomp_06_2025/out_MATLAB/NMG_MATLAB_2000_dt_5.50e-06_Nx_512_periodic_n_relax_450p_phi.csv
MATLAB,SAV,64,periodic,425p,None (10),1720,0.0,/project/g_bme-janeslab/SarahG/spinodal_decomp_06_2025/out_MATLAB/SAV_MATLAB_2000_dt_5.50e-06_Nx_64_periodic_n_relax_425p_phi.csv
MATLAB,SAV,512,neumann,425p,None (10),1720,0.0,/project/g_bme-janeslab/SarahG/spinodal_decomp_06_2025/out_MATLAB/SAV_MATLAB_2000_dt_5.50e-06_Nx_512_neumann_n_relax_425p_phi.csv
MATLAB,SAV,128,neumann,475p,None (10),1720,0.0,/project/g_bme-janeslab/SarahG/spinodal_decomp_06_2025/out_MATLAB/SAV_MATLAB_2000_dt_5.50e-06_Nx_128_neumann_n_relax_475p_phi.csv
MATLAB,SAV,512,neumann,450p,None (10),1720,448.90257050496996,/project/g_bme-janeslab/SarahG/spinodal_decomp_06_2025/out_MATLAB/SAV_MATLAB_2000_dt_5.50e-06_Nx_512_neumann_n_relax_450p_phi.csv
MATLAB,SAV,256,periodic,475p,None (10),1720,208.985211259625,/project/g_bme-janeslab/SarahG/spinodal_decomp_06_2025/out_MATLAB/SAV_MATLAB_2000_dt_5.50e-06_Nx_256_periodic_n_relax_475p_phi.csv
MATLAB,NMG,256,periodic,450p,None (10),1720,206.70698766460558,/project/g_bme-janeslab/SarahG/spinodal_decomp_06_2025/out_MATLAB/NMG_MATLAB_2000_dt_5.50e-06_Nx_256_periodic_n_relax_450p_phi.csv
MATLAB,SAV,128,neumann,450p,None (10),1720,89.71043473760486,/project/g_bme-janeslab/SarahG/spinodal_decomp_06_2025/out_MATLAB/SAV_MATLAB_2000_dt_5.50e-06_Nx_128_neumann_n_relax_450p_phi.csv
MATLAB,NMG,64,periodic,475p,None (10),1720,33.37166513938049,/project/g_bme-janeslab/SarahG/spinodal_decomp_06_2025/out_MATLAB/NMG_MATLAB_2000_dt_5.50e-06_Nx_64_periodic_n_relax_475p_phi.csv
MATLAB,NMG,512,periodic,425p,None (10),1720,447.6248738954438,/project/g_bme-janeslab/SarahG/spinodal_decomp_06_2025/out_MATLAB/NMG_MATLAB_2000_dt_5.50e-06_Nx_512_periodic_n_relax_425p_phi.csv
MATLAB,NMG,128,periodic,450p,None (10),1720,91.10196488435584,/project/g_bme-janeslab/SarahG/spinodal_decomp_06_2025/out_MATLAB/NMG_MATLAB_2000_dt_5.50e-06_Nx_128_periodic_n_relax_450p_phi.csv
MATLAB,NMG,128,neumann,475p,None (10),1720,85.02856864427608,/project/g_bme-janeslab/SarahG/spinodal_decomp_06_2025/out_MATLAB/NMG_MATLAB_2000_dt_5.50e-06_Nx_128_neumann_n_relax_475p_phi.csv
MATLAB,NMG,256,periodic,425p,None (10),1720,208.9611671383631,/project/g_bme-janeslab/SarahG/spinodal_decomp_06_2025/out_MATLAB/NMG_MATLAB_2000_dt_5.50e-06_Nx_256_periodic_n_relax_425p_phi.csv
MATLAB,SAV,64,periodic,475p,None (10),1720,33.341188402278405,/project/g_bme-janeslab/SarahG/spinodal_decomp_06_2025/out_MATLAB/SAV_MATLAB_2000_dt_5.50e-06_Nx_64_periodic_n_relax_475p_phi.csv
MATLAB,NMG,512,neumann,475p,None (10),1720,446.8017150773361,/project/g_bme-janeslab/SarahG/spinodal_decomp_06_2025/out_MATLAB/NMG_MATLAB_2000_dt_5.50e-06_Nx_512_neumann_n_relax_475p_phi.csv
MATLAB,NMG,64,periodic,425p,None (10),1720,32.81047579582564,/project/g_bme-janeslab/SarahG/spinodal_decomp_06_2025/out_MATLAB/NMG_MATLAB_2000_dt_5.50e-06_Nx_64_periodic_n_relax_425p_phi.csv
MATLAB,SAV,64,neumann,450p,None (10),1720,0.0,/project/g_bme-janeslab/SarahG/spinodal_decomp_06_2025/out_MATLAB/SAV_MATLAB_2000_dt_5.50e-06_Nx_64_neumann_n_relax_450p_phi.csv
MATLAB,NMG,64,neumann,425p,None (10),1720,0.0,/project/g_bme-janeslab/SarahG/spinodal_decomp_06_2025/out_MATLAB/NMG_MATLAB_2000_dt_5.50e-06_Nx_64_neumann_n_relax_425p_phi.csv
MATLAB,SAV,256,periodic,450p,None (10),1720,0.0,/project/g_bme-janeslab/SarahG/spinodal_decomp_06_2025/out_MATLAB/SAV_MATLAB_2000_dt_5.50e-06_Nx_256_periodic_n_relax_450p_phi.csv
Julia,SAV,512,periodic,50p,1050,1720,155.61121174591904,/project/g_bme-janeslab/SarahG/spinodal_decomp_06_2025/out_julia/SAV_Julia_2000_dt_5.50e-06_Nx_512_periodic_dtout_1050p_phi.csv
Julia,NMG,64,neumann,50p,1075,1720,35.01629770602708,/project/g_bme-janeslab/SarahG/spinodal_decomp_06_2025/out_julia/NMG_Julia_2000_dt_5.50e-06_Nx_64_neumann_dtout_1075p_phi.csv
Julia,NMG,512,periodic,50p,1050,1720,142.55504139080517,/project/g_bme-janeslab/SarahG/spinodal_decomp_06_2025/out_julia/NMG_Julia_2000_dt_5.50e-06_Nx_512_periodic_dtout_1050p_phi.csv
Julia,NMG,64,neumann,50p,1050,1720,16.915489871469287,/project/g_bme-janeslab/SarahG/spinodal_decomp_06_2025/out_julia/NMG_Julia_2000_dt_5.50e-06_Nx_64_neumann_dtout_1050p_phi.csv
Julia,NMG,512,periodic,50p,1075,1720,252.8476411742961,/project/g_bme-janeslab/SarahG/spinodal_decomp_06_2025/out_julia/NMG_Julia_2000_dt_5.50e-06_Nx_512_periodic_dtout_1075p_phi.csv
Julia,SAV,64,periodic,50p,1025,1720,34.04328603784682,/project/g_bme-janeslab/SarahG/spinodal_decomp_06_2025/out_julia/SAV_Julia_2000_dt_5.50e-06_Nx_64_periodic_dtout_1025p_phi.csv
Julia,SAV,256,periodic,50p,1075,1720,124.55406890111938,/project/g_bme-janeslab/SarahG/spinodal_decomp_06_2025/out_julia/SAV_Julia_2000_dt_5.50e-06_Nx_256_periodic_dtout_1075p_phi.csv
Julia,SAV,128,neumann,50p,1050,1720,24.41668825806911,/project/g_bme-janeslab/SarahG/spinodal_decomp_06_2025/out_julia/SAV_Julia_2000_dt_5.50e-06_Nx_128_neumann_dtout_1050p_phi.csv
Julia,NMG,256,periodic,50p,1025,1720,120.83102808611493,/project/g_bme-janeslab/SarahG/spinodal_decomp_06_2025/out_julia/NMG_Julia_2000_dt_5.50e-06_Nx_256_periodic_dtout_1025p_phi.csv
Julia,NMG,256,periodic,50p,1050,1720,34.078196430776096,/project/g_bme-janeslab/SarahG/spinodal_decomp_06_2025/out_julia/NMG_Julia_2000_dt_5.50e-06_Nx_256_periodic_dtout_1050p_phi.csv
Julia,SAV,512,periodic,50p,1025,1720,256.09399065201177,/project/g_bme-janeslab/SarahG/spinodal_decomp_06_2025/out_julia/SAV_Julia_2000_dt_5.50e-06_Nx_512_periodic_dtout_1025p_phi.csv
Julia,NMG,128,periodic,50p,1050,1720,24.420341546872734,/project/g_bme-janeslab/SarahG/spinodal_decomp_06_2025/out_julia/NMG_Julia_2000_dt_5.50e-06_Nx_128_periodic_dtout_1050p_phi.csv
Julia,NMG,512,neumann,50p,1025,1720,256.20942428312856,/project/g_bme-janeslab/SarahG/spinodal_decomp_06_2025/out_julia/NMG_Julia_2000_dt_5.50e-06_Nx_512_neumann_dtout_1025p_phi.csv
Julia,SAV,512,neumann,50p,1050,1720,155.95740206796216,/project/g_bme-janeslab/SarahG/spinodal_decomp_06_2025/out_julia/SAV_Julia_2000_dt_5.50e-06_Nx_512_neumann_dtout_1050p_phi.csv
Julia,SAV,64,neumann,50p,1075,1720,34.84466896629841,/project/g_bme-janeslab/SarahG/spinodal_decomp_06_2025/out_julia/SAV_Julia_2000_dt_5.50e-06_Nx_64_neumann_dtout_1075p_phi.csv
Julia,NMG,128,neumann,50p,1025,1720,65.30738898826323,/project/g_bme-janeslab/SarahG/spinodal_decomp_06_2025/out_julia/NMG_Julia_2000_dt_5.50e-06_Nx_128_neumann_dtout_1025p_phi.csv
Julia,NMG,512,neumann,50p,1075,1720,252.8820603242498,/project/g_bme-janeslab/SarahG/spinodal_decomp_06_2025/out_julia/NMG_Julia_2000_dt_5.50e-06_Nx_512_neumann_dtout_1075p_phi.csv
Julia,SAV,64,neumann,50p,1050,1720,16.367520561097542,/project/g_bme-janeslab/SarahG/spinodal_decomp_06_2025/out_julia/SAV_Julia_2000_dt_5.50e-06_Nx_64_neumann_dtout_1050p_phi.csv
Julia,NMG,64,periodic,50p,1050,1720,16.449090167386892,/project/g_bme-janeslab/SarahG/spinodal_decomp_06_2025/out_julia/NMG_Julia_2000_dt_5.50e-06_Nx_64_periodic_dtout_1050p_phi.csv
Julia,SAV,64,neumann,50p,1025,1720,34.26099468004163,/project/g_bme-janeslab/SarahG/spinodal_decomp_06_2025/out_julia/SAV_Julia_2000_dt_5.50e-06_Nx_64_neumann_dtout_1025p_phi.csv
Julia,SAV,64,periodic,50p,1050,1720,15.895920878853179,/project/g_bme-janeslab/SarahG/spinodal_decomp_06_2025/out_julia/SAV_Julia_2000_dt_5.50e-06_Nx_64_periodic_dtout_1050p_phi.csv
Julia,NMG,128,neumann,50p,1050,1720,25.002839347311074,/project/g_bme-janeslab/SarahG/spinodal_decomp_06_2025/out_julia/NMG_Julia_2000_dt_5.50e-06_Nx_128_neumann_dtout_1050p_phi.csv
Julia,NMG,512,periodic,50p,1025,1720,256.1498245312861,/project/g_bme-janeslab/SarahG/spinodal_decomp_06_2025/out_julia/NMG_Julia_2000_dt_5.50e-06_Nx_512_periodic_dtout_1025p_phi.csv
Julia,SAV,128,neumann,50p,1075,1720,66.28664388360413,/project/g_bme-janeslab/SarahG/spinodal_decomp_06_2025/out_julia/SAV_Julia_2000_dt_5.50e-06_Nx_128_neumann_dtout_1075p_phi.csv
Julia,NMG,64,periodic,50p,1025,1720,34.210885844057366,/project/g_bme-janeslab/SarahG/spinodal_decomp_06_2025/out_julia/NMG_Julia_2000_dt_5.50e-06_Nx_64_periodic_dtout_1025p_phi.csv
Julia,NMG,256,neumann,50p,1025,1720,120.84780171240125,/project/g_bme-janeslab/SarahG/spinodal_decomp_06_2025/out_julia/NMG_Julia_2000_dt_5.50e-06_Nx_256_neumann_dtout_1025p_phi.csv
Julia,NMG,128,periodic,50p,1025,1720,65.23773694333481,/project/g_bme-janeslab/SarahG/spinodal_decomp_06_2025/out_julia/NMG_Julia_2000_dt_5.50e-06_Nx_128_periodic_dtout_1025p_phi.csv
Julia,NMG,64,periodic,50p,1075,1720,34.77961646154804,/project/g_bme-janeslab/SarahG/spinodal_decomp_06_2025/out_julia/NMG_Julia_2000_dt_5.50e-06_Nx_64_periodic_dtout_1075p_phi.csv
Julia,SAV,512,periodic,50p,1075,1720,252.836378762349,/project/g_bme-janeslab/SarahG/spinodal_decomp_06_2025/out_julia/SAV_Julia_2000_dt_5.50e-06_Nx_512_periodic_dtout_1075p_phi.csv
Julia,NMG,256,neumann,50p,1075,1720,124.70557640348274,/project/g_bme-janeslab/SarahG/spinodal_decomp_06_2025/out_julia/NMG_Julia_2000_dt_5.50e-06_Nx_256_neumann_dtout_1075p_phi.csv
Julia,SAV,256,periodic,50p,1050,1720,34.16078783911406,/project/g_bme-janeslab/SarahG/spinodal_decomp_06_2025/out_julia/SAV_Julia_2000_dt_5.50e-06_Nx_256_periodic_dtout_1050p_phi.csv
Julia,NMG,256,neumann,50p,1050,1720,34.08113305962785,/project/g_bme-janeslab/SarahG/spinodal_decomp_06_2025/out_julia/NMG_Julia_2000_dt_5.50e-06_Nx_256_neumann_dtout_1050p_phi.csv
Julia,SAV,128,periodic,50p,1050,1720,23.80611635285218,/project/g_bme-janeslab/SarahG/spinodal_decomp_06_2025/out_julia/SAV_Julia_2000_dt_5.50e-06_Nx_128_periodic_dtout_1050p_phi.csv
Julia,NMG,64,neumann,50p,1025,1720,34.429786671100686,/project/g_bme-janeslab/SarahG/spinodal_decomp_06_2025/out_julia/NMG_Julia_2000_dt_5.50e-06_Nx_64_neumann_dtout_1025p_phi.csv
Julia,SAV,256,neumann,50p,1025,1720,120.81939610457681,/project/g_bme-janeslab/SarahG/spinodal_decomp_06_2025/out_julia/SAV_Julia_2000_dt_5.50e-06_Nx_256_neumann_dtout_1025p_phi.csv
Julia,SAV,256,periodic,50p,1025,1720,120.80150045634794,/project/g_bme-janeslab/SarahG/spinodal_decomp_06_2025/out_julia/SAV_Julia_2000_dt_5.50e-06_Nx_256_periodic_dtout_1025p_phi.csv
Julia,SAV,128,periodic,50p,1075,1720,66.16252257882302,/project/g_bme-janeslab/SarahG/spinodal_decomp_06_2025/out_julia/SAV_Julia_2000_dt_5.50e-06_Nx_128_periodic_dtout_1075p_phi.csv
Julia,SAV,512,neumann,50p,1025,1720,256.15665250744087,/project/g_bme-janeslab/SarahG/spinodal_decomp_06_2025/out_julia/SAV_Julia_2000_dt_5.50e-06_Nx_512_neumann_dtout_1025p_phi.csv
Julia,NMG,256,periodic,50p,1075,1720,124.62577031287648,/project/g_bme-janeslab/SarahG/spinodal_decomp_06_2025/out_julia/NMG_Julia_2000_dt_5.50e-06_Nx_256_periodic_dtout_1075p_phi.csv
Julia,SAV,512,neumann,50p,1075,1720,252.87323648839754,/project/g_bme-janeslab/SarahG/spinodal_decomp_06_2025/out_julia/SAV_Julia_2000_dt_5.50e-06_Nx_512_neumann_dtout_1075p_phi.csv
Julia,SAV,256,neumann,50p,1075,1720,124.6343200417259,/project/g_bme-janeslab/SarahG/spinodal_decomp_06_2025/out_julia/SAV_Julia_2000_dt_5.50e-06_Nx_256_neumann_dtout_1075p_phi.csv
Julia,SAV,128,neumann,50p,1025,1720,65.22030665489422,/project/g_bme-janeslab/SarahG/spinodal_decomp_06_2025/out_julia/SAV_Julia_2000_dt_5.50e-06_Nx_128_neumann_dtout_1025p_phi.csv
Julia,NMG,128,neumann,50p,1075,1720,66.40619134437314,/project/g_bme-janeslab/SarahG/spinodal_decomp_06_2025/out_julia/NMG_Julia_2000_dt_5.50e-06_Nx_128_neumann_dtout_1075p_phi.csv
Julia,SAV,64,periodic,50p,1075,1720,34.611811631317885,/project/g_bme-janeslab/SarahG/spinodal_decomp_06_2025/out_julia/SAV_Julia_2000_dt_5.50e-06_Nx_64_periodic_dtout_1075p_phi.csv
Julia,NMG,512,neumann,50p,1050,1720,142.8853593602617,/project/g_bme-janeslab/SarahG/spinodal_decomp_06_2025/out_julia/NMG_Julia_2000_dt_5.50e-06_Nx_512_neumann_dtout_1050p_phi.csv
Julia,SAV,256,neumann,50p,1050,1720,34.16045991290457,/project/g_bme-janeslab/SarahG/spinodal_decomp_06_2025/out_julia/SAV_Julia_2000_dt_5.50e-06_Nx_256_neumann_dtout_1050p_phi.csv
Julia,NMG,128,periodic,50p,1075,1720,66.27943041979617,/project/g_bme-janeslab/SarahG/spinodal_decomp_06_2025/out_julia/NMG_Julia_2000_dt_5.50e-06_Nx_128_periodic_dtout_1075p_phi.csv
Julia,SAV,128,periodic,50p,1025,1720,65.15068012520001,/project/g_bme-janeslab/SarahG/spinodal_decomp_06_2025/out_julia/SAV_Julia_2000_dt_5.50e-06_Nx_128_periodic_dtout_1025p_phi.csv
Python,NMG,128,neumann,50p,125,1720,65.39493307941379,/project/g_bme-janeslab/SarahG/spinodal_decomp_06_2025/out_python/NMG_Python_20_dt_5.50e-06_Nx_128_neumann_dtout_125pphi.csv
Python,NMG,64,periodic,50p,175,1720,35.26673174941171,/project/g_bme-janeslab/SarahG/spinodal_decomp_06_2025/out_python/NMG_Python_20_dt_5.50e-06_Nx_64_periodic_dtout_175pphi.csv
Python,NMG,256,periodic,50p,150,1720,31.716315745479278,/project/g_bme-janeslab/SarahG/spinodal_decomp_06_2025/out_python/NMG_Python_20_dt_5.50e-06_Nx_256_periodic_dtout_150pphi.csv
Python,NMG,128,neumann,50p,175,1720,66.80256288008442,/project/g_bme-janeslab/SarahG/spinodal_decomp_06_2025/out_python/NMG_Python_20_dt_5.50e-06_Nx_128_neumann_dtout_175pphi.csv
Python,NMG,64,neumann,50p,150,1720,17.788048619482044,/project/g_bme-janeslab/SarahG/spinodal_decomp_06_2025/out_python/NMG_Python_20_dt_5.50e-06_Nx_64_neumann_dtout_150pphi.csv
Python,NMG,256,neumann,50p,150,1720,31.735500976311506,/project/g_bme-janeslab/SarahG/spinodal_decomp_06_2025/out_python/NMG_Python_20_dt_5.50e-06_Nx_256_neumann_dtout_150pphi.csv
Python,NMG,512,neumann,50p,125,1720,256.02437611384653,/project/g_bme-janeslab/SarahG/spinodal_decomp_06_2025/out_python/NMG_Python_20_dt_5.50e-06_Nx_512_neumann_dtout_125pphi.csv
Python,NMG,256,neumann,50p,175,1720,124.89059354685855,/project/g_bme-janeslab/SarahG/spinodal_decomp_06_2025/out_python/NMG_Python_20_dt_5.50e-06_Nx_256_neumann_dtout_175pphi.csv
Python,NMG,128,periodic,50p,150,1720,25.063196345908025,/project/g_bme-janeslab/SarahG/spinodal_decomp_06_2025/out_python/NMG_Python_20_dt_5.50e-06_Nx_128_periodic_dtout_150pphi.csv
Python,NMG,256,neumann,50p,125,1720,120.85716768739806,/project/g_bme-janeslab/SarahG/spinodal_decomp_06_2025/out_python/NMG_Python_20_dt_5.50e-06_Nx_256_neumann_dtout_125pphi.csv
Python,NMG,64,neumann,50p,175,1720,35.50997423222337,/project/g_bme-janeslab/SarahG/spinodal_decomp_06_2025/out_python/NMG_Python_20_dt_5.50e-06_Nx_64_neumann_dtout_175pphi.csv
Python,NMG,256,periodic,50p,125,1720,120.83531204182434,/project/g_bme-janeslab/SarahG/spinodal_decomp_06_2025/out_python/NMG_Python_20_dt_5.50e-06_Nx_256_periodic_dtout_125pphi.csv
Python,NMG,512,periodic,50p,150,1720,108.4959595152461,/project/g_bme-janeslab/SarahG/spinodal_decomp_06_2025/out_python/NMG_Python_20_dt_5.50e-06_Nx_512_periodic_dtout_150pphi.csv
Python,NMG,64,neumann,50p,125,1720,34.56168910100504,/project/g_bme-janeslab/SarahG/spinodal_decomp_06_2025/out_python/NMG_Python_20_dt_5.50e-06_Nx_64_neumann_dtout_125pphi.csv
Python,NMG,512,periodic,50p,125,1720,255.965662461997,/project/g_bme-janeslab/SarahG/spinodal_decomp_06_2025/out_python/NMG_Python_20_dt_5.50e-06_Nx_512_periodic_dtout_125pphi.csv
Python,NMG,128,periodic,50p,175,1720,66.66645430232754,/project/g_bme-janeslab/SarahG/spinodal_decomp_06_2025/out_python/NMG_Python_20_dt_5.50e-06_Nx_128_periodic_dtout_175pphi.csv
Python,NMG,512,periodic,50p,175,1720,252.69141289123152,/project/g_bme-janeslab/SarahG/spinodal_decomp_06_2025/out_python/NMG_Python_20_dt_5.50e-06_Nx_512_periodic_dtout_175pphi.csv
Python,NMG,128,neumann,50p,150,1720,25.614832802111273,/project/g_bme-janeslab/SarahG/spinodal_decomp_06_2025/out_python/NMG_Python_20_dt_5.50e-06_Nx_128_neumann_dtout_150pphi.csv
Python,NMG,512,neumann,50p,175,1720,252.71739878782915,/project/g_bme-janeslab/SarahG/spinodal_decomp_06_2025/out_python/NMG_Python_20_dt_5.50e-06_Nx_512_neumann_dtout_175pphi.csv
Python,NMG,512,neumann,50p,150,1720,108.976466720567,/project/g_bme-janeslab/SarahG/spinodal_decomp_06_2025/out_python/NMG_Python_20_dt_5.50e-06_Nx_512_neumann_dtout_150pphi.csv
Python,NMG,64,periodic,50p,125,1720,34.362937239946,/project/g_bme-janeslab/SarahG/spinodal_decomp_06_2025/out_python/NMG_Python_20_dt_5.50e-06_Nx_64_periodic_dtout_125pphi.csv
Python,NMG,256,periodic,50p,175,1720,124.807029231109,/project/g_bme-janeslab/SarahG/spinodal_decomp_06_2025/out_python/NMG_Python_20_dt_5.50e-06_Nx_256_periodic_dtout_175pphi.csv
Python,NMG,64,periodic,50p,150,1720,17.296100564845318,/project/g_bme-janeslab/SarahG/spinodal_decomp_06_2025/out_python/NMG_Python_20_dt_5.50e-06_Nx_64_periodic_dtout_150pphi.csv
Python,NMG,128,periodic,50p,125,1720,65.33446698073098,/project/g_bme-janeslab/SarahG/spinodal_decomp_06_2025/out_python/NMG_Python_20_dt_5.50e-06_Nx_128_periodic_dtout_125pphi.csv
MATLAB,SAV,64,periodic,450p,None (10),1760,0.0,/project/g_bme-janeslab/SarahG/spinodal_decomp_06_2025/out_MATLAB/SAV_MATLAB_2000_dt_5.50e-06_Nx_64_periodic_n_relax_450p_phi.csv
MATLAB,NMG,512,periodic,475p,None (10),1760,446.2455827546756,/project/g_bme-janeslab/SarahG/spinodal_decomp_06_2025/out_MATLAB/NMG_MATLAB_2000_dt_5.50e-06_Nx_512_periodic_n_relax_475p_phi.csv
MATLAB,NMG,512,neumann,450p,None (10),1760,449.8450068652265,/project/g_bme-janeslab/SarahG/spinodal_decomp_06_2025/out_MATLAB/NMG_MATLAB_2000_dt_5.50e-06_Nx_512_neumann_n_relax_450p_phi.csv
MATLAB,SAV,256,neumann,450p,None (10),1760,206.1116636766047,/project/g_bme-janeslab/SarahG/spinodal_decomp_06_2025/out_MATLAB/SAV_MATLAB_2000_dt_5.50e-06_Nx_256_neumann_n_relax_450p_phi.csv
MATLAB,SAV,64,neumann,475p,None (10),1760,34.7680610630685,/project/g_bme-janeslab/SarahG/spinodal_decomp_06_2025/out_MATLAB/SAV_MATLAB_2000_dt_5.50e-06_Nx_64_neumann_n_relax_475p_phi.csv
MATLAB,NMG,256,periodic,475p,None (10),1760,209.63603600084994,/project/g_bme-janeslab/SarahG/spinodal_decomp_06_2025/out_MATLAB/NMG_MATLAB_2000_dt_5.50e-06_Nx_256_periodic_n_relax_475p_phi.csv
MATLAB,NMG,128,neumann,425p,None (10),1760,0.0,/project/g_bme-janeslab/SarahG/spinodal_decomp_06_2025/out_MATLAB/NMG_MATLAB_2000_dt_5.50e-06_Nx_128_neumann_n_relax_425p_phi.csv
MATLAB,SAV,256,periodic,425p,None (10),1760,0.0,/project/g_bme-janeslab/SarahG/spinodal_decomp_06_2025/out_MATLAB/SAV_MATLAB_2000_dt_5.50e-06_Nx_256_periodic_n_relax_425p_phi.csv
MATLAB,NMG,128,periodic,475p,None (10),1760,81.67747791632135,/project/g_bme-janeslab/SarahG/spinodal_decomp_06_2025/out_MATLAB/NMG_MATLAB_2000_dt_5.50e-06_Nx_128_periodic_n_relax_475p_phi.csv
MATLAB,SAV,128,periodic,450p,None (10),1760,90.96136384664474,/project/g_bme-janeslab/SarahG/spinodal_decomp_06_2025/out_MATLAB/SAV_MATLAB_2000_dt_5.50e-06_Nx_128_periodic_n_relax_450p_phi.csv
MATLAB,NMG,128,neumann,450p,None (10),1760,89.29124734437256,/project/g_bme-janeslab/SarahG/spinodal_decomp_06_2025/out_MATLAB/NMG_MATLAB_2000_dt_5.50e-06_Nx_128_neumann_n_relax_450p_phi.csv
MATLAB,SAV,256,neumann,425p,None (10),1760,209.20346618606817,/project/g_bme-janeslab/SarahG/spinodal_decomp_06_2025/out_MATLAB/SAV_MATLAB_2000_dt_5.50e-06_Nx_256_neumann_n_relax_425p_phi.csv
MATLAB,SAV,512,periodic,450p,None (10),1760,0.0,/project/g_bme-janeslab/SarahG/spinodal_decomp_06_2025/out_MATLAB/SAV_MATLAB_2000_dt_5.50e-06_Nx_512_periodic_n_relax_450p_phi.csv
MATLAB,SAV,128,periodic,425p,None (10),1760,0.0,/project/g_bme-janeslab/SarahG/spinodal_decomp_06_2025/out_MATLAB/SAV_MATLAB_2000_dt_5.50e-06_Nx_128_periodic_n_relax_425p_phi.csv
MATLAB,NMG,512,neumann,425p,None (10),1760,448.6421121056879,/project/g_bme-janeslab/SarahG/spinodal_decomp_06_2025/out_MATLAB/NMG_MATLAB_2000_dt_5.50e-06_Nx_512_neumann_n_relax_425p_phi.csv
MATLAB,NMG,64,neumann,450p,None (10),1760,0.0,/project/g_bme-janeslab/SarahG/spinodal_decomp_06_2025/out_MATLAB/NMG_MATLAB_2000_dt_5.50e-06_Nx_64_neumann_n_relax_450p_phi.csv
MATLAB,NMG,64,periodic,450p,None (10),1760,32.334220921365166,/project/g_bme-janeslab/SarahG/spinodal_decomp_06_2025/out_MATLAB/NMG_MATLAB_2000_dt_5.50e-06_Nx_64_periodic_n_relax_450p_phi.csv
MATLAB,NMG,256,neumann,425p,None (10),1760,209.84529239990255,/project/g_bme-janeslab/SarahG/spinodal_decomp_06_2025/out_MATLAB/NMG_MATLAB_2000_dt_5.50e-06_Nx_256_neumann_n_relax_425p_phi.csv
MATLAB,SAV,64,neumann,425p,None (10),1760,0.0,/project/g_bme-janeslab/SarahG/spinodal_decomp_06_2025/out_MATLAB/SAV_MATLAB_2000_dt_5.50e-06_Nx_64_neumann_n_relax_425p_phi.csv
MATLAB,SAV,128,neumann,425p,None (10),1760,0.0,/project/g_bme-janeslab/SarahG/spinodal_decomp_06_2025/out_MATLAB/SAV_MATLAB_2000_dt_5.50e-06_Nx_128_neumann_n_relax_425p_phi.csv
MATLAB,NMG,128,periodic,425p,None (10),1760,84.07321870897897,/project/g_bme-janeslab/SarahG/spinodal_decomp_06_2025/out_MATLAB/NMG_MATLAB_2000_dt_5.50e-06_Nx_128_periodic_n_relax_425p_phi.csv
MATLAB,SAV,512,periodic,475p,None (10),1760,0.0,/project/g_bme-janeslab/SarahG/spinodal_decomp_06_2025/out_MATLAB/SAV_MATLAB_2000_dt_5.50e-06_Nx_512_periodic_n_relax_475p_phi.csv
MATLAB,SAV,512,neumann,475p,None (10),1760,0.0,/project/g_bme-janeslab/SarahG/spinodal_decomp_06_2025/out_MATLAB/SAV_MATLAB_2000_dt_5.50e-06_Nx_512_neumann_n_relax_475p_phi.csv
MATLAB,NMG,256,neumann,475p,None (10),1760,209.10754339566043,/project/g_bme-janeslab/SarahG/spinodal_decomp_06_2025/out_MATLAB/NMG_MATLAB_2000_dt_5.50e-06_Nx_256_neumann_n_relax_475p_phi.csv
MATLAB,NMG,256,neumann,450p,None (10),1760,206.42808735950462,/project/g_bme-janeslab/SarahG/spinodal_decomp_06_2025/out_MATLAB/NMG_MATLAB_2000_dt_5.50e-06_Nx_256_neumann_n_relax_450p_phi.csv
MATLAB,SAV,512,periodic,425p,None (10),1760,0.0,/project/g_bme-janeslab/SarahG/spinodal_decomp_06_2025/out_MATLAB/SAV_MATLAB_2000_dt_5.50e-06_Nx_512_periodic_n_relax_425p_phi.csv
MATLAB,NMG,64,neumann,475p,None (10),1760,34.834573103026955,/project/g_bme-janeslab/SarahG/spinodal_decomp_06_2025/out_MATLAB/NMG_MATLAB_2000_dt_5.50e-06_Nx_64_neumann_n_relax_475p_phi.csv
MATLAB,SAV,128,periodic,475p,None (10),1760,82.1308238095693,/project/g_bme-janeslab/SarahG/spinodal_decomp_06_2025/out_MATLAB/SAV_MATLAB_2000_dt_5.50e-06_Nx_128_periodic_n_relax_475p_phi.csv
MATLAB,SAV,256,neumann,475p,None (10),1760,208.66323364354255,/project/g_bme-janeslab/SarahG/spinodal_decomp_06_2025/out_MATLAB/SAV_MATLAB_2000_dt_5.50e-06_Nx_256_neumann_n_relax_475p_phi.csv
MATLAB,NMG,512,periodic,450p,None (10),1760,449.7692065391616,/project/g_bme-janeslab/SarahG/spinodal_decomp_06_2025/out_MATLAB/NMG_MATLAB_2000_dt_5.50e-06_Nx_512_periodic_n_relax_450p_phi.csv
MATLAB,SAV,64,periodic,425p,None (10),1760,0.0,/project/g_bme-janeslab/SarahG/spinodal_decomp_06_2025/out_MATLAB/SAV_MATLAB_2000_dt_5.50e-06_Nx_64_periodic_n_relax_425p_phi.csv
MATLAB,SAV,512,neumann,425p,None (10),1760,0.0,/project/g_bme-janeslab/SarahG/spinodal_decomp_06_2025/out_MATLAB/SAV_MATLAB_2000_dt_5.50e-06_Nx_512_neumann_n_relax_425p_phi.csv
MATLAB,SAV,128,neumann,475p,None (10),1760,0.0,/project/g_bme-janeslab/SarahG/spinodal_decomp_06_2025/out_MATLAB/SAV_MATLAB_2000_dt_5.50e-06_Nx_128_neumann_n_relax_475p_phi.csv
MATLAB,SAV,512,neumann,450p,None (10),1760,449.32007176724136,/project/g_bme-janeslab/SarahG/spinodal_decomp_06_2025/out_MATLAB/SAV_MATLAB_2000_dt_5.50e-06_Nx_512_neumann_n_relax_450p_phi.csv
MATLAB,SAV,256,periodic,475p,None (10),1760,209.1339957496377,/project/g_bme-janeslab/SarahG/spinodal_decomp_06_2025/out_MATLAB/SAV_MATLAB_2000_dt_5.50e-06_Nx_256_periodic_n_relax_475p_phi.csv
MATLAB,NMG,256,periodic,450p,None (10),1760,207.05131891787008,/project/g_bme-janeslab/SarahG/spinodal_decomp_06_2025/out_MATLAB/NMG_MATLAB_2000_dt_5.50e-06_Nx_256_periodic_n_relax_450p_phi.csv
MATLAB,SAV,128,neumann,450p,None (10),1760,89.95234103957202,/project/g_bme-janeslab/SarahG/spinodal_decomp_06_2025/out_MATLAB/SAV_MATLAB_2000_dt_5.50e-06_Nx_128_neumann_n_relax_450p_phi.csv
MATLAB,NMG,64,periodic,475p,None (10),1760,33.401550896772434,/project/g_bme-janeslab/SarahG/spinodal_decomp_06_2025/out_MATLAB/NMG_MATLAB_2000_dt_5.50e-06_Nx_64_periodic_n_relax_475p_phi.csv
MATLAB,NMG,512,periodic,425p,None (10),1760,447.8498065355881,/project/g_bme-janeslab/SarahG/spinodal_decomp_06_2025/out_MATLAB/NMG_MATLAB_2000_dt_5.50e-06_Nx_512_periodic_n_relax_425p_phi.csv
MATLAB,NMG,128,periodic,450p,None (10),1760,91.31976992404726,/project/g_bme-janeslab/SarahG/spinodal_decomp_06_2025/out_MATLAB/NMG_MATLAB_2000_dt_5.50e-06_Nx_128_periodic_n_relax_450p_phi.csv
MATLAB,NMG,128,neumann,475p,None (10),1760,85.65469194959948,/project/g_bme-janeslab/SarahG/spinodal_decomp_06_2025/out_MATLAB/NMG_MATLAB_2000_dt_5.50e-06_Nx_128_neumann_n_relax_475p_phi.csv
MATLAB,NMG,256,periodic,425p,None (10),1760,209.1082080111932,/project/g_bme-janeslab/SarahG/spinodal_decomp_06_2025/out_MATLAB/NMG_MATLAB_2000_dt_5.50e-06_Nx_256_periodic_n_relax_425p_phi.csv
MATLAB,SAV,64,periodic,475p,None (10),1760,33.37004487933178,/project/g_bme-janeslab/SarahG/spinodal_decomp_06_2025/out_MATLAB/SAV_MATLAB_2000_dt_5.50e-06_Nx_64_periodic_n_relax_475p_phi.csv
MATLAB,NMG,512,neumann,475p,None (10),1760,447.06471135961715,/project/g_bme-janeslab/SarahG/spinodal_decomp_06_2025/out_MATLAB/NMG_MATLAB_2000_dt_5.50e-06_Nx_512_neumann_n_relax_475p_phi.csv
MATLAB,NMG,64,periodic,425p,None (10),1760,32.825695143385765,/project/g_bme-janeslab/SarahG/spinodal_decomp_06_2025/out_MATLAB/NMG_MATLAB_2000_dt_5.50e-06_Nx_64_periodic_n_relax_425p_phi.csv
MATLAB,SAV,64,neumann,450p,None (10),1760,0.0,/project/g_bme-janeslab/SarahG/spinodal_decomp_06_2025/out_MATLAB/SAV_MATLAB_2000_dt_5.50e-06_Nx_64_neumann_n_relax_450p_phi.csv
MATLAB,NMG,64,neumann,425p,None (10),1760,0.0,/project/g_bme-janeslab/SarahG/spinodal_decomp_06_2025/out_MATLAB/NMG_MATLAB_2000_dt_5.50e-06_Nx_64_neumann_n_relax_425p_phi.csv
MATLAB,SAV,256,periodic,450p,None (10),1760,0.0,/project/g_bme-janeslab/SarahG/spinodal_decomp_06_2025/out_MATLAB/SAV_MATLAB_2000_dt_5.50e-06_Nx_256_periodic_n_relax_450p_phi.csv
Julia,SAV,512,periodic,50p,1050,1760,158.24769773152138,/project/g_bme-janeslab/SarahG/spinodal_decomp_06_2025/out_julia/SAV_Julia_2000_dt_5.50e-06_Nx_512_periodic_dtout_1050p_phi.csv
Julia,NMG,64,neumann,50p,1075,1760,35.00450562614651,/project/g_bme-janeslab/SarahG/spinodal_decomp_06_2025/out_julia/NMG_Julia_2000_dt_5.50e-06_Nx_64_neumann_dtout_1075p_phi.csv
Julia,NMG,512,periodic,50p,1050,1760,144.7981313304368,/project/g_bme-janeslab/SarahG/spinodal_decomp_06_2025/out_julia/NMG_Julia_2000_dt_5.50e-06_Nx_512_periodic_dtout_1050p_phi.csv
Julia,NMG,64,neumann,50p,1050,1760,16.845100967005237,/project/g_bme-janeslab/SarahG/spinodal_decomp_06_2025/out_julia/NMG_Julia_2000_dt_5.50e-06_Nx_64_neumann_dtout_1050p_phi.csv
Julia,NMG,512,periodic,50p,1075,1760,252.8691177983621,/project/g_bme-janeslab/SarahG/spinodal_decomp_06_2025/out_julia/NMG_Julia_2000_dt_5.50e-06_Nx_512_periodic_dtout_1075p_phi.csv
Julia,SAV,64,periodic,50p,1025,1760,34.03710680079379,/project/g_bme-janeslab/SarahG/spinodal_decomp_06_2025/out_julia/SAV_Julia_2000_dt_5.50e-06_Nx_64_periodic_dtout_1025p_phi.csv
Julia,SAV,256,periodic,50p,1075,1760,124.54703417552682,/project/g_bme-janeslab/SarahG/spinodal_decomp_06_2025/out_julia/SAV_Julia_2000_dt_5.50e-06_Nx_256_periodic_dtout_1075p_phi.csv
Julia,SAV,128,neumann,50p,1050,1760,24.34003281733521,/project/g_bme-janeslab/SarahG/spinodal_decomp_06_2025/out_julia/SAV_Julia_2000_dt_5.50e-06_Nx_128_neumann_dtout_1050p_phi.csv
Julia,NMG,256,periodic,50p,1025,1760,120.82650433795973,/project/g_bme-janeslab/SarahG/spinodal_decomp_06_2025/out_julia/NMG_Julia_2000_dt_5.50e-06_Nx_256_periodic_dtout_1025p_phi.csv
Julia,NMG,256,periodic,50p,1050,1760,34.245105366688875,/project/g_bme-janeslab/SarahG/spinodal_decomp_06_2025/out_julia/NMG_Julia_2000_dt_5.50e-06_Nx_256_periodic_dtout_1050p_phi.csv
Julia,SAV,512,periodic,50p,1025,1760,256.10208641848413,/project/g_bme-janeslab/SarahG/spinodal_decomp_06_2025/out_julia/SAV_Julia_2000_dt_5.50e-06_Nx_512_periodic_dtout_1025p_phi.csv
Julia,NMG,128,periodic,50p,1050,1760,24.335741999346297,/project/g_bme-janeslab/SarahG/spinodal_decomp_06_2025/out_julia/NMG_Julia_2000_dt_5.50e-06_Nx_128_periodic_dtout_1050p_phi.csv
Julia,NMG,512,neumann,50p,1025,1760,256.2109323001113,/project/g_bme-janeslab/SarahG/spinodal_decomp_06_2025/out_julia/NMG_Julia_2000_dt_5.50e-06_Nx_512_neumann_dtout_1025p_phi.csv
Julia,SAV,512,neumann,50p,1050,1760,158.61829162064373,/project/g_bme-janeslab/SarahG/spinodal_decomp_06_2025/out_julia/SAV_Julia_2000_dt_5.50e-06_Nx_512_neumann_dtout_1050p_phi.csv
Julia,SAV,64,neumann,50p,1075,1760,34.83169333509181,/project/g_bme-janeslab/SarahG/spinodal_decomp_06_2025/out_julia/SAV_Julia_2000_dt_5.50e-06_Nx_64_neumann_dtout_1075p_phi.csv
Julia,NMG,128,neumann,50p,1025,1760,65.27984052864309,/project/g_bme-janeslab/SarahG/spinodal_decomp_06_2025/out_julia/NMG_Julia_2000_dt_5.50e-06_Nx_128_neumann_dtout_1025p_phi.csv
Julia,NMG,512,neumann,50p,1075,1760,252.90397964125566,/project/g_bme-janeslab/SarahG/spinodal_decomp_06_2025/out_julia/NMG_Julia_2000_dt_5.50e-06_Nx_512_neumann_dtout_1075p_phi.csv
Julia,SAV,64,neumann,50p,1050,1760,16.305233455371116,/project/g_bme-janeslab/SarahG/spinodal_decomp_06_2025/out_julia/SAV_Julia_2000_dt_5.50e-06_Nx_64_neumann_dtout_1050p_phi.csv
Julia,NMG,64,periodic,50p,1050,1760,16.374129953362424,/project/g_bme-janeslab/SarahG/spinodal_decomp_06_2025/out_julia/NMG_Julia_2000_dt_5.50e-06_Nx_64_periodic_dtout_1050p_phi.csv
Julia,SAV,64,neumann,50p,1025,1760,34.25467704256091,/project/g_bme-janeslab/SarahG/spinodal_decomp_06_2025/out_julia/SAV_Julia_2000_dt_5.50e-06_Nx_64_neumann_dtout_1025p_phi.csv
Julia,SAV,64,periodic,50p,1050,1760,15.828206609569259,/project/g_bme-janeslab/SarahG/spinodal_decomp_06_2025/out_julia/SAV_Julia_2000_dt_5.50e-06_Nx_64_periodic_dtout_1050p_phi.csv
Julia,NMG,128,neumann,50p,1050,1760,24.91923823404621,/project/g_bme-janeslab/SarahG/spinodal_decomp_06_2025/out_julia/NMG_Julia_2000_dt_5.50e-06_Nx_128_neumann_dtout_1050p_phi.csv
Julia,NMG,512,periodic,50p,1025,1760,256.150916148001,/project/g_bme-janeslab/SarahG/spinodal_decomp_06_2025/out_julia/NMG_Julia_2000_dt_5.50e-06_Nx_512_periodic_dtout_1025p_phi.csv
Julia,SAV,128,neumann,50p,1075,1760,66.26674140433529,/project/g_bme-janeslab/SarahG/spinodal_decomp_06_2025/out_julia/SAV_Julia_2000_dt_5.50e-06_Nx_128_neumann_dtout_1075p_phi.csv
Julia,NMG,64,periodic,50p,1025,1760,34.201539821859946,/project/g_bme-janeslab/SarahG/spinodal_decomp_06_2025/out_julia/NMG_Julia_2000_dt_5.50e-06_Nx_64_periodic_dtout_1025p_phi.csv
Julia,NMG,256,neumann,50p,1025,1760,120.843415095358,/project/g_bme-janeslab/SarahG/spinodal_decomp_06_2025/out_julia/NMG_Julia_2000_dt_5.50e-06_Nx_256_neumann_dtout_1025p_phi.csv
Julia,NMG,128,periodic,50p,1025,1760,65.2092425498108,/project/g_bme-janeslab/SarahG/spinodal_decomp_06_2025/out_julia/NMG_Julia_2000_dt_5.50e-06_Nx_128_periodic_dtout_1025p_phi.csv
Julia,NMG,64,periodic,50p,1075,1760,34.76399045023184,/project/g_bme-janeslab/SarahG/spinodal_decomp_06_2025/out_julia/NMG_Julia_2000_dt_5.50e-06_Nx_64_periodic_dtout_1075p_phi.csv
Julia,SAV,512,periodic,50p,1075,1760,252.8613849851176,/project/g_bme-janeslab/SarahG/spinodal_decomp_06_2025/out_julia/SAV_Julia_2000_dt_5.50e-06_Nx_512_periodic_dtout_1075p_phi.csv
Julia,NMG,256,neumann,50p,1075,1760,124.69813403945423,/project/g_bme-janeslab/SarahG/spinodal_decomp_06_2025/out_julia/NMG_Julia_2000_dt_5.50e-06_Nx_256_neumann_dtout_1075p_phi.csv
Julia,SAV,256,periodic,50p,1050,1760,34.33683702535084,/project/g_bme-janeslab/SarahG/spinodal_decomp_06_2025/out_julia/SAV_Julia_2000_dt_5.50e-06_Nx_256_periodic_dtout_1050p_phi.csv
Julia,NMG,256,neumann,50p,1050,1760,34.245688194951214,/project/g_bme-janeslab/SarahG/spinodal_decomp_06_2025/out_julia/NMG_Julia_2000_dt_5.50e-06_Nx_256_neumann_dtout_1050p_phi.csv
Julia,SAV,128,periodic,50p,1050,1760,23.72959842821347,/project/g_bme-janeslab/SarahG/spinodal_decomp_06_2025/out_julia/SAV_Julia_2000_dt_5.50e-06_Nx_128_periodic_dtout_1050p_phi.csv
Julia,NMG,64,neumann,50p,1025,1760,34.420112723240884,/project/g_bme-janeslab/SarahG/spinodal_decomp_06_2025/out_julia/NMG_Julia_2000_dt_5.50e-06_Nx_64_neumann_dtout_1025p_phi.csv
Julia,SAV,256,neumann,50p,1025,1760,120.81553542559132,/project/g_bme-janeslab/SarahG/spinodal_decomp_06_2025/out_julia/SAV_Julia_2000_dt_5.50e-06_Nx_256_neumann_dtout_1025p_phi.csv
Julia,SAV,256,periodic,50p,1025,1760,120.79748087519219,/project/g_bme-janeslab/SarahG/spinodal_decomp_06_2025/out_julia/SAV_Julia_2000_dt_5.50e-06_Nx_256_periodic_dtout_1025p_phi.csv
Julia,SAV,128,periodic,50p,1075,1760,66.1433337931777,/project/g_bme-janeslab/SarahG/spinodal_decomp_06_2025/out_julia/SAV_Julia_2000_dt_5.50e-06_Nx_128_periodic_dtout_1075p_phi.csv
Julia,SAV,512,neumann,50p,1025,1760,256.16509682157954,/project/g_bme-janeslab/SarahG/spinodal_decomp_06_2025/out_julia/SAV_Julia_2000_dt_5.50e-06_Nx_512_neumann_dtout_1025p_phi.csv
Julia,NMG,256,periodic,50p,1075,1760,124.61764261595337,/project/g_bme-janeslab/SarahG/spinodal_decomp_06_2025/out_julia/NMG_Julia_2000_dt_5.50e-06_Nx_256_periodic_dtout_1075p_phi.csv
Julia,SAV,512,neumann,50p,1075,1760,252.89873581613605,/project/g_bme-janeslab/SarahG/spinodal_decomp_06_2025/out_julia/SAV_Julia_2000_dt_5.50e-06_Nx_512_neumann_dtout_1075p_phi.csv
Julia,SAV,256,neumann,50p,1075,1760,124.62779422392627,/project/g_bme-janeslab/SarahG/spinodal_decomp_06_2025/out_julia/SAV_Julia_2000_dt_5.50e-06_Nx_256_neumann_dtout_1075p_phi.csv
Julia,SAV,128,neumann,50p,1025,1760,65.19629477909274,/project/g_bme-janeslab/SarahG/spinodal_decomp_06_2025/out_julia/SAV_Julia_2000_dt_5.50e-06_Nx_128_neumann_dtout_1025p_phi.csv
Julia,NMG,128,neumann,50p,1075,1760,66.38370287795722,/project/g_bme-janeslab/SarahG/spinodal_decomp_06_2025/out_julia/NMG_Julia_2000_dt_5.50e-06_Nx_128_neumann_dtout_1075p_phi.csv
Julia,SAV,64,periodic,50p,1075,1760,34.59522083709774,/project/g_bme-janeslab/SarahG/spinodal_decomp_06_2025/out_julia/SAV_Julia_2000_dt_5.50e-06_Nx_64_periodic_dtout_1075p_phi.csv
Julia,NMG,512,neumann,50p,1050,1760,145.1516476466736,/project/g_bme-janeslab/SarahG/spinodal_decomp_06_2025/out_julia/NMG_Julia_2000_dt_5.50e-06_Nx_512_neumann_dtout_1050p_phi.csv
Julia,SAV,256,neumann,50p,1050,1760,34.33389451751843,/project/g_bme-janeslab/SarahG/spinodal_decomp_06_2025/out_julia/SAV_Julia_2000_dt_5.50e-06_Nx_256_neumann_dtout_1050p_phi.csv
Julia,NMG,128,periodic,50p,1075,1760,66.25758515343136,/project/g_bme-janeslab/SarahG/spinodal_decomp_06_2025/out_julia/NMG_Julia_2000_dt_5.50e-06_Nx_128_periodic_dtout_1075p_phi.csv
Julia,SAV,128,periodic,50p,1025,1760,65.12572670811169,/project/g_bme-janeslab/SarahG/spinodal_decomp_06_2025/out_julia/SAV_Julia_2000_dt_5.50e-06_Nx_128_periodic_dtout_1025p_phi.csv
Python,NMG,128,neumann,50p,125,1760,65.37816261980764,/project/g_bme-janeslab/SarahG/spinodal_decomp_06_2025/out_python/NMG_Python_20_dt_5.50e-06_Nx_128_neumann_dtout_125pphi.csv
Python,NMG,64,periodic,50p,175,1760,35.23603290722466,/project/g_bme-janeslab/SarahG/spinodal_decomp_06_2025/out_python/NMG_Python_20_dt_5.50e-06_Nx_64_periodic_dtout_175pphi.csv
Python,NMG,256,periodic,50p,150,1760,31.814891156416213,/project/g_bme-janeslab/SarahG/spinodal_decomp_06_2025/out_python/NMG_Python_20_dt_5.50e-06_Nx_256_periodic_dtout_150pphi.csv
Python,NMG,128,neumann,50p,175,1760,66.76681914827437,/project/g_bme-janeslab/SarahG/spinodal_decomp_06_2025/out_python/NMG_Python_20_dt_5.50e-06_Nx_128_neumann_dtout_175pphi.csv
Python,NMG,64,neumann,50p,150,1760,17.715832372845924,/project/g_bme-janeslab/SarahG/spinodal_decomp_06_2025/out_python/NMG_Python_20_dt_5.50e-06_Nx_64_neumann_dtout_150pphi.csv
Python,NMG,256,neumann,50p,150,1760,31.833426130442472,/project/g_bme-janeslab/SarahG/spinodal_decomp_06_2025/out_python/NMG_Python_20_dt_5.50e-06_Nx_256_neumann_dtout_150pphi.csv
Python,NMG,512,neumann,50p,125,1760,256.02955605553785,/project/g_bme-janeslab/SarahG/spinodal_decomp_06_2025/out_python/NMG_Python_20_dt_5.50e-06_Nx_512_neumann_dtout_125pphi.csv
Python,NMG,256,neumann,50p,175,1760,124.87841300569873,/project/g_bme-janeslab/SarahG/spinodal_decomp_06_2025/out_python/NMG_Python_20_dt_5.50e-06_Nx_256_neumann_dtout_175pphi.csv
Python,NMG,128,periodic,50p,150,1760,24.997989768356028,/project/g_bme-janeslab/SarahG/spinodal_decomp_06_2025/out_python/NMG_Python_20_dt_5.50e-06_Nx_128_periodic_dtout_150pphi.csv
Python,NMG,256,neumann,50p,125,1760,120.8529745056431,/project/g_bme-janeslab/SarahG/spinodal_decomp_06_2025/out_python/NMG_Python_20_dt_5.50e-06_Nx_256_neumann_dtout_125pphi.csv
Python,NMG,64,neumann,50p,175,1760,35.4774626463814,/project/g_bme-janeslab/SarahG/spinodal_decomp_06_2025/out_python/NMG_Python_20_dt_5.50e-06_Nx_64_neumann_dtout_175pphi.csv
Python,NMG,256,periodic,50p,125,1760,120.83052725952992,/project/g_bme-janeslab/SarahG/spinodal_decomp_06_2025/out_python/NMG_Python_20_dt_5.50e-06_Nx_256_periodic_dtout_125pphi.csv
Python,NMG,512,periodic,50p,150,1760,109.95246385744419,/project/g_bme-janeslab/SarahG/spinodal_decomp_06_2025/out_python/NMG_Python_20_dt_5.50e-06_Nx_512_periodic_dtout_150pphi.csv
Python,NMG,64,neumann,50p,125,1760,34.53194761492529,/project/g_bme-janeslab/SarahG/spinodal_decomp_06_2025/out_python/NMG_Python_20_dt_5.50e-06_Nx_64_neumann_dtout_125pphi.csv
Python,NMG,512,periodic,50p,125,1760,255.96991051150377,/project/g_bme-janeslab/SarahG/spinodal_decomp_06_2025/out_python/NMG_Python_20_dt_5.50e-06_Nx_512_periodic_dtout_125pphi.csv
Python,NMG,128,periodic,50p,175,1760,66.63272995066589,/project/g_bme-janeslab/SarahG/spinodal_decomp_06_2025/out_python/NMG_Python_20_dt_5.50e-06_Nx_128_periodic_dtout_175pphi.csv
Python,NMG,512,periodic,50p,175,1760,252.69137491138233,/project/g_bme-janeslab/SarahG/spinodal_decomp_06_2025/out_python/NMG_Python_20_dt_5.50e-06_Nx_512_periodic_dtout_175pphi.csv
Python,NMG,128,neumann,50p,150,1760,25.551555599048204,/project/g_bme-janeslab/SarahG/spinodal_decomp_06_2025/out_python/NMG_Python_20_dt_5.50e-06_Nx_128_neumann_dtout_150pphi.csv
Python,NMG,512,neumann,50p,175,1760,252.71822489919555,/project/g_bme-janeslab/SarahG/spinodal_decomp_06_2025/out_python/NMG_Python_20_dt_5.50e-06_Nx_512_neumann_dtout_175pphi.csv
Python,NMG,512,neumann,50p,150,1760,110.4369684520359,/project/g_bme-janeslab/SarahG/spinodal_decomp_06_2025/out_python/NMG_Python_20_dt_5.50e-06_Nx_512_neumann_dtout_150pphi.csv
Python,NMG,64,periodic,50p,125,1760,34.33583386028805,/project/g_bme-janeslab/SarahG/spinodal_decomp_06_2025/out_python/NMG_Python_20_dt_5.50e-06_Nx_64_periodic_dtout_125pphi.csv
Python,NMG,256,periodic,50p,175,1760,124.79477318321148,/project/g_bme-janeslab/SarahG/spinodal_decomp_06_2025/out_python/NMG_Python_20_dt_5.50e-06_Nx_256_periodic_dtout_175pphi.csv
Python,NMG,64,periodic,50p,150,1760,17.224370924295773,/project/g_bme-janeslab/SarahG/spinodal_decomp_06_2025/out_python/NMG_Python_20_dt_5.50e-06_Nx_64_periodic_dtout_150pphi.csv
Python,NMG,128,periodic,50p,125,1760,65.31704305407698,/project/g_bme-janeslab/SarahG/spinodal_decomp_06_2025/out_python/NMG_Python_20_dt_5.50e-06_Nx_128_periodic_dtout_125pphi.csv
MATLAB,SAV,64,periodic,450p,None (10),1800,0.0,/project/g_bme-janeslab/SarahG/spinodal_decomp_06_2025/out_MATLAB/SAV_MATLAB_2000_dt_5.50e-06_Nx_64_periodic_n_relax_450p_phi.csv
MATLAB,NMG,512,periodic,475p,None (10),1800,448.2921906962098,/project/g_bme-janeslab/SarahG/spinodal_decomp_06_2025/out_MATLAB/NMG_MATLAB_2000_dt_5.50e-06_Nx_512_periodic_n_relax_475p_phi.csv
MATLAB,NMG,512,neumann,450p,None (10),1800,450.27748845743173,/project/g_bme-janeslab/SarahG/spinodal_decomp_06_2025/out_MATLAB/NMG_MATLAB_2000_dt_5.50e-06_Nx_512_neumann_n_relax_450p_phi.csv
MATLAB,SAV,256,neumann,450p,None (10),1800,206.4480779923014,/project/g_bme-janeslab/SarahG/spinodal_decomp_06_2025/out_MATLAB/SAV_MATLAB_2000_dt_5.50e-06_Nx_256_neumann_n_relax_450p_phi.csv
MATLAB,SAV,64,neumann,475p,None (10),1800,34.846757564554856,/project/g_bme-janeslab/SarahG/spinodal_decomp_06_2025/out_MATLAB/SAV_MATLAB_2000_dt_5.50e-06_Nx_64_neumann_n_relax_475p_phi.csv
MATLAB,NMG,256,periodic,475p,None (10),1800,209.77936457953243,/project/g_bme-janeslab/SarahG/spinodal_decomp_06_2025/out_MATLAB/NMG_MATLAB_2000_dt_5.50e-06_Nx_256_periodic_n_relax_475p_phi.csv
MATLAB,NMG,128,neumann,425p,None (10),1800,0.0,/project/g_bme-janeslab/SarahG/spinodal_decomp_06_2025/out_MATLAB/NMG_MATLAB_2000_dt_5.50e-06_Nx_128_neumann_n_relax_425p_phi.csv
MATLAB,SAV,256,periodic,425p,None (10),1800,0.0,/project/g_bme-janeslab/SarahG/spinodal_decomp_06_2025/out_MATLAB/SAV_MATLAB_2000_dt_5.50e-06_Nx_256_periodic_n_relax_425p_phi.csv
MATLAB,NMG,128,periodic,475p,None (10),1800,82.35556575990086,/project/g_bme-janeslab/SarahG/spinodal_decomp_06_2025/out_MATLAB/NMG_MATLAB_2000_dt_5.50e-06_Nx_128_periodic_n_relax_475p_phi.csv
MATLAB,SAV,128,periodic,450p,None (10),1800,91.18107558743753,/project/g_bme-janeslab/SarahG/spinodal_decomp_06_2025/out_MATLAB/SAV_MATLAB_2000_dt_5.50e-06_Nx_128_periodic_n_relax_450p_phi.csv
MATLAB,NMG,128,neumann,450p,None (10),1800,89.54698064920676,/project/g_bme-janeslab/SarahG/spinodal_decomp_06_2025/out_MATLAB/NMG_MATLAB_2000_dt_5.50e-06_Nx_128_neumann_n_relax_450p_phi.csv
MATLAB,SAV,256,neumann,425p,None (10),1800,209.36456612777883,/project/g_bme-janeslab/SarahG/spinodal_decomp_06_2025/out_MATLAB/SAV_MATLAB_2000_dt_5.50e-06_Nx_256_neumann_n_relax_425p_phi.csv
MATLAB,SAV,512,periodic,450p,None (10),1800,0.0,/project/g_bme-janeslab/SarahG/spinodal_decomp_06_2025/out_MATLAB/SAV_MATLAB_2000_dt_5.50e-06_Nx_512_periodic_n_relax_450p_phi.csv
MATLAB,SAV,128,periodic,425p,None (10),1800,0.0,/project/g_bme-janeslab/SarahG/spinodal_decomp_06_2025/out_MATLAB/SAV_MATLAB_2000_dt_5.50e-06_Nx_128_periodic_n_relax_425p_phi.csv
MATLAB,NMG,512,neumann,425p,None (10),1800,448.8648623040177,/project/g_bme-janeslab/SarahG/spinodal_decomp_06_2025/out_MATLAB/NMG_MATLAB_2000_dt_5.50e-06_Nx_512_neumann_n_relax_425p_phi.csv
MATLAB,NMG,64,neumann,450p,None (10),1800,0.0,/project/g_bme-janeslab/SarahG/spinodal_decomp_06_2025/out_MATLAB/NMG_MATLAB_2000_dt_5.50e-06_Nx_64_neumann_n_relax_450p_phi.csv
MATLAB,NMG,64,periodic,450p,None (10),1800,32.742399744002185,/project/g_bme-janeslab/SarahG/spinodal_decomp_06_2025/out_MATLAB/NMG_MATLAB_2000_dt_5.50e-06_Nx_64_periodic_n_relax_450p_phi.csv
MATLAB,NMG,256,neumann,425p,None (10),1800,209.998631126966,/project/g_bme-janeslab/SarahG/spinodal_decomp_06_2025/out_MATLAB/NMG_MATLAB_2000_dt_5.50e-06_Nx_256_neumann_n_relax_425p_phi.csv
MATLAB,SAV,64,neumann,425p,None (10),1800,0.0,/project/g_bme-janeslab/SarahG/spinodal_decomp_06_2025/out_MATLAB/SAV_MATLAB_2000_dt_5.50e-06_Nx_64_neumann_n_relax_425p_phi.csv
MATLAB,SAV,128,neumann,425p,None (10),1800,0.0,/project/g_bme-janeslab/SarahG/spinodal_decomp_06_2025/out_MATLAB/SAV_MATLAB_2000_dt_5.50e-06_Nx_128_neumann_n_relax_425p_phi.csv
MATLAB,NMG,128,periodic,425p,None (10),1800,84.7193372780239,/project/g_bme-janeslab/SarahG/spinodal_decomp_06_2025/out_MATLAB/NMG_MATLAB_2000_dt_5.50e-06_Nx_128_periodic_n_relax_425p_phi.csv
MATLAB,SAV,512,periodic,475p,None (10),1800,0.0,/project/g_bme-janeslab/SarahG/spinodal_decomp_06_2025/out_MATLAB/SAV_MATLAB_2000_dt_5.50e-06_Nx_512_periodic_n_relax_475p_phi.csv
MATLAB,SAV,512,neumann,475p,None (10),1800,0.0,/project/g_bme-janeslab/SarahG/spinodal_decomp_06_2025/out_MATLAB/SAV_MATLAB_2000_dt_5.50e-06_Nx_512_neumann_n_relax_475p_phi.csv
MATLAB,NMG,256,neumann,475p,None (10),1800,209.30909055910317,/project/g_bme-janeslab/SarahG/spinodal_decomp_06_2025/out_MATLAB/NMG_MATLAB_2000_dt_5.50e-06_Nx_256_neumann_n_relax_475p_phi.csv
MATLAB,NMG,256,neumann,450p,None (10),1800,206.76727574858796,/project/g_bme-janeslab/SarahG/spinodal_decomp_06_2025/out_MATLAB/NMG_MATLAB_2000_dt_5.50e-06_Nx_256_neumann_n_relax_450p_phi.csv
MATLAB,SAV,512,periodic,425p,None (10),1800,0.0,/project/g_bme-janeslab/SarahG/spinodal_decomp_06_2025/out_MATLAB/SAV_MATLAB_2000_dt_5.50e-06_Nx_512_periodic_n_relax_425p_phi.csv
MATLAB,NMG,64,neumann,475p,None (10),1800,34.915205951972965,/project/g_bme-janeslab/SarahG/spinodal_decomp_06_2025/out_MATLAB/NMG_MATLAB_2000_dt_5.50e-06_Nx_64_neumann_n_relax_475p_phi.csv
MATLAB,SAV,128,periodic,475p,None (10),1800,82.80154146125922,/project/g_bme-janeslab/SarahG/spinodal_decomp_06_2025/out_MATLAB/SAV_MATLAB_2000_dt_5.50e-06_Nx_128_periodic_n_relax_475p_phi.csv
MATLAB,SAV,256,neumann,475p,None (10),1800,208.86157657547852,/project/g_bme-janeslab/SarahG/spinodal_decomp_06_2025/out_MATLAB/SAV_MATLAB_2000_dt_5.50e-06_Nx_256_neumann_n_relax_475p_phi.csv
MATLAB,NMG,512,periodic,450p,None (10),1800,450.2513565490556,/project/g_bme-janeslab/SarahG/spinodal_decomp_06_2025/out_MATLAB/NMG_MATLAB_2000_dt_5.50e-06_Nx_512_periodic_n_relax_450p_phi.csv
MATLAB,SAV,64,periodic,425p,None (10),1800,0.0,/project/g_bme-janeslab/SarahG/spinodal_decomp_06_2025/out_MATLAB/SAV_MATLAB_2000_dt_5.50e-06_Nx_64_periodic_n_relax_425p_phi.csv
MATLAB,SAV,512,neumann,425p,None (10),1800,0.0,/project/g_bme-janeslab/SarahG/spinodal_decomp_06_2025/out_MATLAB/SAV_MATLAB_2000_dt_5.50e-06_Nx_512_neumann_n_relax_425p_phi.csv
MATLAB,SAV,128,neumann,475p,None (10),1800,0.0,/project/g_bme-janeslab/SarahG/spinodal_decomp_06_2025/out_MATLAB/SAV_MATLAB_2000_dt_5.50e-06_Nx_128_neumann_n_relax_475p_phi.csv
MATLAB,SAV,512,neumann,450p,None (10),1800,449.6106339430893,/project/g_bme-janeslab/SarahG/spinodal_decomp_06_2025/out_MATLAB/SAV_MATLAB_2000_dt_5.50e-06_Nx_512_neumann_n_relax_450p_phi.csv
MATLAB,SAV,256,periodic,475p,None (10),1800,209.29709256879812,/project/g_bme-janeslab/SarahG/spinodal_decomp_06_2025/out_MATLAB/SAV_MATLAB_2000_dt_5.50e-06_Nx_256_periodic_n_relax_475p_phi.csv
MATLAB,NMG,256,periodic,450p,None (10),1800,207.3902710923685,/project/g_bme-janeslab/SarahG/spinodal_decomp_06_2025/out_MATLAB/NMG_MATLAB_2000_dt_5.50e-06_Nx_256_periodic_n_relax_450p_phi.csv
MATLAB,SAV,128,neumann,450p,None (10),1800,90.18809696574475,/project/g_bme-janeslab/SarahG/spinodal_decomp_06_2025/out_MATLAB/SAV_MATLAB_2000_dt_5.50e-06_Nx_128_neumann_n_relax_450p_phi.csv
MATLAB,NMG,64,periodic,475p,None (10),1800,33.432504235970875,/project/g_bme-janeslab/SarahG/spinodal_decomp_06_2025/out_MATLAB/NMG_MATLAB_2000_dt_5.50e-06_Nx_64_periodic_n_relax_475p_phi.csv
MATLAB,NMG,512,periodic,425p,None (10),1800,448.07954276134507,/project/g_bme-janeslab/SarahG/spinodal_decomp_06_2025/out_MATLAB/NMG_MATLAB_2000_dt_5.50e-06_Nx_512_periodic_n_relax_425p_phi.csv
MATLAB,NMG,128,periodic,450p,None (10),1800,0.0,/project/g_bme-janeslab/SarahG/spinodal_decomp_06_2025/out_MATLAB/NMG_MATLAB_2000_dt_5.50e-06_Nx_128_periodic_n_relax_450p_phi.csv
MATLAB,NMG,128,neumann,475p,None (10),1800,86.2642170057833,/project/g_bme-janeslab/SarahG/spinodal_decomp_06_2025/out_MATLAB/NMG_MATLAB_2000_dt_5.50e-06_Nx_128_neumann_n_relax_475p_phi.csv
MATLAB,NMG,256,periodic,425p,None (10),1800,209.22391221933358,/project/g_bme-janeslab/SarahG/spinodal_decomp_06_2025/out_MATLAB/NMG_MATLAB_2000_dt_5.50e-06_Nx_256_periodic_n_relax_425p_phi.csv
MATLAB,SAV,64,periodic,475p,None (10),1800,33.399947121324224,/project/g_bme-janeslab/SarahG/spinodal_decomp_06_2025/out_MATLAB/SAV_MATLAB_2000_dt_5.50e-06_Nx_64_periodic_n_relax_475p_phi.csv
MATLAB,NMG,512,neumann,475p,None (10),1800,447.4416977279162,/project/g_bme-janeslab/SarahG/spinodal_decomp_06_2025/out_MATLAB/NMG_MATLAB_2000_dt_5.50e-06_Nx_512_neumann_n_relax_475p_phi.csv
MATLAB,NMG,64,periodic,425p,None (10),1800,32.841729037419526,/project/g_bme-janeslab/SarahG/spinodal_decomp_06_2025/out_MATLAB/NMG_MATLAB_2000_dt_5.50e-06_Nx_64_periodic_n_relax_425p_phi.csv
MATLAB,SAV,64,neumann,450p,None (10),1800,0.0,/project/g_bme-janeslab/SarahG/spinodal_decomp_06_2025/out_MATLAB/SAV_MATLAB_2000_dt_5.50e-06_Nx_64_neumann_n_relax_450p_phi.csv
MATLAB,NMG,64,neumann,425p,None (10),1800,0.0,/project/g_bme-janeslab/SarahG/spinodal_decomp_06_2025/out_MATLAB/NMG_MATLAB_2000_dt_5.50e-06_Nx_64_neumann_n_relax_425p_phi.csv
MATLAB,SAV,256,periodic,450p,None (10),1800,0.0,/project/g_bme-janeslab/SarahG/spinodal_decomp_06_2025/out_MATLAB/SAV_MATLAB_2000_dt_5.50e-06_Nx_256_periodic_n_relax_450p_phi.csv
Julia,SAV,512,periodic,50p,1050,1800,160.67936987218764,/project/g_bme-janeslab/SarahG/spinodal_decomp_06_2025/out_julia/SAV_Julia_2000_dt_5.50e-06_Nx_512_periodic_dtout_1050p_phi.csv
Julia,NMG,64,neumann,50p,1075,1800,34.925051680693336,/project/g_bme-janeslab/SarahG/spinodal_decomp_06_2025/out_julia/NMG_Julia_2000_dt_5.50e-06_Nx_64_neumann_dtout_1075p_phi.csv
Julia,NMG,512,periodic,50p,1050,1800,146.8533503532101,/project/g_bme-janeslab/SarahG/spinodal_decomp_06_2025/out_julia/NMG_Julia_2000_dt_5.50e-06_Nx_512_periodic_dtout_1050p_phi.csv
Julia,NMG,64,neumann,50p,1050,1800,16.781737517776047,/project/g_bme-janeslab/SarahG/spinodal_decomp_06_2025/out_julia/NMG_Julia_2000_dt_5.50e-06_Nx_64_neumann_dtout_1050p_phi.csv
Julia,NMG,512,periodic,50p,1075,1800,252.87173084376744,/project/g_bme-janeslab/SarahG/spinodal_decomp_06_2025/out_julia/NMG_Julia_2000_dt_5.50e-06_Nx_512_periodic_dtout_1075p_phi.csv
Julia,SAV,64,periodic,50p,1025,1800,33.99708322198119,/project/g_bme-janeslab/SarahG/spinodal_decomp_06_2025/out_julia/SAV_Julia_2000_dt_5.50e-06_Nx_64_periodic_dtout_1025p_phi.csv
Julia,SAV,256,periodic,50p,1075,1800,124.53216610725065,/project/g_bme-janeslab/SarahG/spinodal_decomp_06_2025/out_julia/SAV_Julia_2000_dt_5.50e-06_Nx_256_periodic_dtout_1075p_phi.csv
Julia,SAV,128,neumann,50p,1050,1800,24.2828844591549,/project/g_bme-janeslab/SarahG/spinodal_decomp_06_2025/out_julia/SAV_Julia_2000_dt_5.50e-06_Nx_128_neumann_dtout_1050p_phi.csv
Julia,NMG,256,periodic,50p,1025,1800,120.81795938041536,/project/g_bme-janeslab/SarahG/spinodal_decomp_06_2025/out_julia/NMG_Julia_2000_dt_5.50e-06_Nx_256_periodic_dtout_1025p_phi.csv
Julia,NMG,256,periodic,50p,1050,1800,34.36785020756531,/project/g_bme-janeslab/SarahG/spinodal_decomp_06_2025/out_julia/NMG_Julia_2000_dt_5.50e-06_Nx_256_periodic_dtout_1050p_phi.csv
Julia,SAV,512,periodic,50p,1025,1800,256.10656030419415,/project/g_bme-janeslab/SarahG/spinodal_decomp_06_2025/out_julia/SAV_Julia_2000_dt_5.50e-06_Nx_512_periodic_dtout_1025p_phi.csv
Julia,NMG,128,periodic,50p,1050,1800,24.27021310182567,/project/g_bme-janeslab/SarahG/spinodal_decomp_06_2025/out_julia/NMG_Julia_2000_dt_5.50e-06_Nx_128_periodic_dtout_1050p_phi.csv
Julia,NMG,512,neumann,50p,1025,1800,256.20816014926464,/project/g_bme-janeslab/SarahG/spinodal_decomp_06_2025/out_julia/NMG_Julia_2000_dt_5.50e-06_Nx_512_neumann_dtout_1025p_phi.csv
Julia,SAV,512,neumann,50p,1050,1800,161.040219199899,/project/g_bme-janeslab/SarahG/spinodal_decomp_06_2025/out_julia/SAV_Julia_2000_dt_5.50e-06_Nx_512_neumann_dtout_1050p_phi.csv
Julia,SAV,64,neumann,50p,1075,1800,34.76331094722578,/project/g_bme-janeslab/SarahG/spinodal_decomp_06_2025/out_julia/SAV_Julia_2000_dt_5.50e-06_Nx_64_neumann_dtout_1075p_phi.csv
Julia,NMG,128,neumann,50p,1025,1800,65.26287601230786,/project/g_bme-janeslab/SarahG/spinodal_decomp_06_2025/out_julia/NMG_Julia_2000_dt_5.50e-06_Nx_128_neumann_dtout_1025p_phi.csv
Julia,NMG,512,neumann,50p,1075,1800,252.90618064597737,/project/g_bme-janeslab/SarahG/spinodal_decomp_06_2025/out_julia/NMG_Julia_2000_dt_5.50e-06_Nx_512_neumann_dtout_1075p_phi.csv
Julia,SAV,64,neumann,50p,1050,1800,16.249039218712618,/project/g_bme-janeslab/SarahG/spinodal_decomp_06_2025/out_julia/SAV_Julia_2000_dt_5.50e-06_Nx_64_neumann_dtout_1050p_phi.csv
Julia,NMG,64,periodic,50p,1050,1800,16.30889635940302,/project/g_bme-janeslab/SarahG/spinodal_decomp_06_2025/out_julia/NMG_Julia_2000_dt_5.50e-06_Nx_64_periodic_dtout_1050p_phi.csv
Julia,SAV,64,neumann,50p,1025,1800,34.216031582445666,/project/g_bme-janeslab/SarahG/spinodal_decomp_06_2025/out_julia/SAV_Julia_2000_dt_5.50e-06_Nx_64_neumann_dtout_1025p_phi.csv
Julia,SAV,64,periodic,50p,1050,1800,15.769983890778528,/project/g_bme-janeslab/SarahG/spinodal_decomp_06_2025/out_julia/SAV_Julia_2000_dt_5.50e-06_Nx_64_periodic_dtout_1050p_phi.csv
Julia,NMG,128,neumann,50p,1050,1800,24.857220314085065,/project/g_bme-janeslab/SarahG/spinodal_decomp_06_2025/out_julia/NMG_Julia_2000_dt_5.50e-06_Nx_128_neumann_dtout_1050p_phi.csv
Julia,NMG,512,periodic,50p,1025,1800,256.14815933180125,/project/g_bme-janeslab/SarahG/spinodal_decomp_06_2025/out_julia/NMG_Julia_2000_dt_5.50e-06_Nx_512_periodic_dtout_1025p_phi.csv
Julia,SAV,128,neumann,50p,1075,1800,66.25801160825307,/project/g_bme-janeslab/SarahG/spinodal_decomp_06_2025/out_julia/SAV_Julia_2000_dt_5.50e-06_Nx_128_neumann_dtout_1075p_phi.csv
Julia,NMG,64,periodic,50p,1025,1800,34.15175424610952,/project/g_bme-janeslab/SarahG/spinodal_decomp_06_2025/out_julia/NMG_Julia_2000_dt_5.50e-06_Nx_64_periodic_dtout_1025p_phi.csv
Julia,NMG,256,neumann,50p,1025,1800,120.83507949787874,/project/g_bme-janeslab/SarahG/spinodal_decomp_06_2025/out_julia/NMG_Julia_2000_dt_5.50e-06_Nx_256_neumann_dtout_1025p_phi.csv
Julia,NMG,128,periodic,50p,1025,1800,65.19196050551012,/project/g_bme-janeslab/SarahG/spinodal_decomp_06_2025/out_julia/NMG_Julia_2000_dt_5.50e-06_Nx_128_periodic_dtout_1025p_phi.csv
Julia,NMG,64,periodic,50p,1075,1800,34.68119817024873,/project/g_bme-janeslab/SarahG/spinodal_decomp_06_2025/out_julia/NMG_Julia_2000_dt_5.50e-06_Nx_64_periodic_dtout_1075p_phi.csv
Julia,SAV,512,periodic,50p,1075,1800,252.867027826063,/project/g_bme-janeslab/SarahG/spinodal_decomp_06_2025/out_julia/SAV_Julia_2000_dt_5.50e-06_Nx_512_periodic_dtout_1075p_phi.csv
Julia,NMG,256,neumann,50p,1075,1800,124.68336054394854,/project/g_bme-janeslab/SarahG/spinodal_decomp_06_2025/out_julia/NMG_Julia_2000_dt_5.50e-06_Nx_256_neumann_dtout_1075p_phi.csv
Julia,SAV,256,periodic,50p,1050,1800,34.465857251187344,/project/g_bme-janeslab/SarahG/spinodal_decomp_06_2025/out_julia/SAV_Julia_2000_dt_5.50e-06_Nx_256_periodic_dtout_1050p_phi.csv
Julia,NMG,256,neumann,50p,1050,1800,34.36617138159005,/project/g_bme-janeslab/SarahG/spinodal_decomp_06_2025/out_julia/NMG_Julia_2000_dt_5.50e-06_Nx_256_neumann_dtout_1050p_phi.csv
Julia,SAV,128,periodic,50p,1050,1800,23.66746104187272,/project/g_bme-janeslab/SarahG/spinodal_decomp_06_2025/out_julia/SAV_Julia_2000_dt_5.50e-06_Nx_128_periodic_dtout_1050p_phi.csv
Julia,NMG,64,neumann,50p,1025,1800,34.371917901124014,/project/g_bme-janeslab/SarahG/spinodal_decomp_06_2025/out_julia/NMG_Julia_2000_dt_5.50e-06_Nx_64_neumann_dtout_1025p_phi.csv
Julia,SAV,256,neumann,50p,1025,1800,120.80732095586792,/project/g_bme-janeslab/SarahG/spinodal_decomp_06_2025/out_julia/SAV_Julia_2000_dt_5.50e-06_Nx_256_neumann_dtout_1025p_phi.csv
Julia,SAV,256,periodic,50p,1025,1800,120.78901963772503,/project/g_bme-janeslab/SarahG/spinodal_decomp_06_2025/out_julia/SAV_Julia_2000_dt_5.50e-06_Nx_256_periodic_dtout_1025p_phi.csv
Julia,SAV,128,periodic,50p,1075,1800,66.1339374231779,/project/g_bme-janeslab/SarahG/spinodal_decomp_06_2025/out_julia/SAV_Julia_2000_dt_5.50e-06_Nx_128_periodic_dtout_1075p_phi.csv
Julia,SAV,512,neumann,50p,1025,1800,256.16985886938164,/project/g_bme-janeslab/SarahG/spinodal_decomp_06_2025/out_julia/SAV_Julia_2000_dt_5.50e-06_Nx_512_neumann_dtout_1025p_phi.csv
Julia,NMG,256,periodic,50p,1075,1800,124.60186345156431,/project/g_bme-janeslab/SarahG/spinodal_decomp_06_2025/out_julia/NMG_Julia_2000_dt_5.50e-06_Nx_256_periodic_dtout_1075p_phi.csv
Julia,SAV,512,neumann,50p,1075,1800,252.9038755125584,/project/g_bme-janeslab/SarahG/spinodal_decomp_06_2025/out_julia/SAV_Julia_2000_dt_5.50e-06_Nx_512_neumann_dtout_1075p_phi.csv
Julia,SAV,256,neumann,50p,1075,1800,124.61399993694783,/project/g_bme-janeslab/SarahG/spinodal_decomp_06_2025/out_julia/SAV_Julia_2000_dt_5.50e-06_Nx_256_neumann_dtout_1075p_phi.csv
Julia,SAV,128,neumann,50p,1025,1800,65.18011854960461,/project/g_bme-janeslab/SarahG/spinodal_decomp_06_2025/out_julia/SAV_Julia_2000_dt_5.50e-06_Nx_128_neumann_dtout_1025p_phi.csv
Julia,NMG,128,neumann,50p,1075,1800,66.37478031271053,/project/g_bme-janeslab/SarahG/spinodal_decomp_06_2025/out_julia/NMG_Julia_2000_dt_5.50e-06_Nx_128_neumann_dtout_1075p_phi.csv
Julia,SAV,64,periodic,50p,1075,1800,34.5238861552753,/project/g_bme-janeslab/SarahG/spinodal_decomp_06_2025/out_julia/SAV_Julia_2000_dt_5.50e-06_Nx_64_periodic_dtout_1075p_phi.csv
Julia,NMG,512,neumann,50p,1050,1800,147.20126650784385,/project/g_bme-janeslab/SarahG/spinodal_decomp_06_2025/out_julia/NMG_Julia_2000_dt_5.50e-06_Nx_512_neumann_dtout_1050p_phi.csv
Julia,SAV,256,neumann,50p,1050,1800,34.46051108014613,/project/g_bme-janeslab/SarahG/spinodal_decomp_06_2025/out_julia/SAV_Julia_2000_dt_5.50e-06_Nx_256_neumann_dtout_1050p_phi.csv
Julia,NMG,128,periodic,50p,1075,1800,66.247983370595,/project/g_bme-janeslab/SarahG/spinodal_decomp_06_2025/out_julia/NMG_Julia_2000_dt_5.50e-06_Nx_128_periodic_dtout_1075p_phi.csv
Julia,SAV,128,periodic,50p,1025,1800,65.1092757072696,/project/g_bme-janeslab/SarahG/spinodal_decomp_06_2025/out_julia/SAV_Julia_2000_dt_5.50e-06_Nx_128_periodic_dtout_1025p_phi.csv
Python,NMG,128,neumann,50p,125,1800,65.36103112396613,/project/g_bme-janeslab/SarahG/spinodal_decomp_06_2025/out_python/NMG_Python_20_dt_5.50e-06_Nx_128_neumann_dtout_125pphi.csv
Python,NMG,64,periodic,50p,175,1800,35.20311786042588,/project/g_bme-janeslab/SarahG/spinodal_decomp_06_2025/out_python/NMG_Python_20_dt_5.50e-06_Nx_64_periodic_dtout_175pphi.csv
Python,NMG,256,periodic,50p,150,1800,31.919689237725485,/project/g_bme-janeslab/SarahG/spinodal_decomp_06_2025/out_python/NMG_Python_20_dt_5.50e-06_Nx_256_periodic_dtout_150pphi.csv
Python,NMG,128,neumann,50p,175,1800,66.74512277389195,/project/g_bme-janeslab/SarahG/spinodal_decomp_06_2025/out_python/NMG_Python_20_dt_5.50e-06_Nx_128_neumann_dtout_175pphi.csv
Python,NMG,64,neumann,50p,150,1800,17.635738074387515,/project/g_bme-janeslab/SarahG/spinodal_decomp_06_2025/out_python/NMG_Python_20_dt_5.50e-06_Nx_64_neumann_dtout_150pphi.csv
Python,NMG,256,neumann,50p,150,1800,31.935783407283786,/project/g_bme-janeslab/SarahG/spinodal_decomp_06_2025/out_python/NMG_Python_20_dt_5.50e-06_Nx_256_neumann_dtout_150pphi.csv
Python,NMG,512,neumann,50p,125,1800,256.03513924021667,/project/g_bme-janeslab/SarahG/spinodal_decomp_06_2025/out_python/NMG_Python_20_dt_5.50e-06_Nx_512_neumann_dtout_125pphi.csv
Python,NMG,256,neumann,50p,175,1800,124.86628577672943,/project/g_bme-janeslab/SarahG/spinodal_decomp_06_2025/out_python/NMG_Python_20_dt_5.50e-06_Nx_256_neumann_dtout_175pphi.csv
Python,NMG,128,periodic,50p,150,1800,24.92084550596767,/project/g_bme-janeslab/SarahG/spinodal_decomp_06_2025/out_python/NMG_Python_20_dt_5.50e-06_Nx_128_periodic_dtout_150pphi.csv
Python,NMG,256,neumann,50p,125,1800,120.85088622332442,/project/g_bme-janeslab/SarahG/spinodal_decomp_06_2025/out_python/NMG_Python_20_dt_5.50e-06_Nx_256_neumann_dtout_125pphi.csv
Python,NMG,64,neumann,50p,175,1800,35.44424788240291,/project/g_bme-janeslab/SarahG/spinodal_decomp_06_2025/out_python/NMG_Python_20_dt_5.50e-06_Nx_64_neumann_dtout_175pphi.csv
Python,NMG,256,periodic,50p,125,1800,120.8283260413018,/project/g_bme-janeslab/SarahG/spinodal_decomp_06_2025/out_python/NMG_Python_20_dt_5.50e-06_Nx_256_periodic_dtout_125pphi.csv
Python,NMG,512,periodic,50p,150,1800,111.3670705928341,/project/g_bme-janeslab/SarahG/spinodal_decomp_06_2025/out_python/NMG_Python_20_dt_5.50e-06_Nx_512_periodic_dtout_150pphi.csv
Python,NMG,64,neumann,50p,125,1800,34.50483489287675,/project/g_bme-janeslab/SarahG/spinodal_decomp_06_2025/out_python/NMG_Python_20_dt_5.50e-06_Nx_64_neumann_dtout_125pphi.csv
Python,NMG,512,periodic,50p,125,1800,255.97583997540937,/project/g_bme-janeslab/SarahG/spinodal_decomp_06_2025/out_python/NMG_Python_20_dt_5.50e-06_Nx_512_periodic_dtout_125pphi.csv
Python,NMG,128,periodic,50p,175,1800,66.61161740329864,/project/g_bme-janeslab/SarahG/spinodal_decomp_06_2025/out_python/NMG_Python_20_dt_5.50e-06_Nx_128_periodic_dtout_175pphi.csv
Python,NMG,512,periodic,50p,175,1800,252.6915261822387,/project/g_bme-janeslab/SarahG/spinodal_decomp_06_2025/out_python/NMG_Python_20_dt_5.50e-06_Nx_512_periodic_dtout_175pphi.csv
Python,NMG,128,neumann,50p,150,1800,25.47196786278771,/project/g_bme-janeslab/SarahG/spinodal_decomp_06_2025/out_python/NMG_Python_20_dt_5.50e-06_Nx_128_neumann_dtout_150pphi.csv
Python,NMG,512,neumann,50p,175,1800,252.718337371478,/project/g_bme-janeslab/SarahG/spinodal_decomp_06_2025/out_python/NMG_Python_20_dt_5.50e-06_Nx_512_neumann_dtout_175pphi.csv
Python,NMG,512,neumann,50p,150,1800,111.854168719183,/project/g_bme-janeslab/SarahG/spinodal_decomp_06_2025/out_python/NMG_Python_20_dt_5.50e-06_Nx_512_neumann_dtout_150pphi.csv
Python,NMG,64,periodic,50p,125,1800,34.308198517544476,/project/g_bme-janeslab/SarahG/spinodal_decomp_06_2025/out_python/NMG_Python_20_dt_5.50e-06_Nx_64_periodic_dtout_125pphi.csv
Python,NMG,256,periodic,50p,175,1800,124.7826090786619,/project/g_bme-janeslab/SarahG/spinodal_decomp_06_2025/out_python/NMG_Python_20_dt_5.50e-06_Nx_256_periodic_dtout_175pphi.csv
Python,NMG,64,periodic,50p,150,1800,17.14389030427592,/project/g_bme-janeslab/SarahG/spinodal_decomp_06_2025/out_python/NMG_Python_20_dt_5.50e-06_Nx_64_periodic_dtout_150pphi.csv
Python,NMG,128,periodic,50p,125,1800,65.29986747137535,/project/g_bme-janeslab/SarahG/spinodal_decomp_06_2025/out_python/NMG_Python_20_dt_5.50e-06_Nx_128_periodic_dtout_125pphi.csv
MATLAB,SAV,64,periodic,450p,None (10),1840,0.0,/project/g_bme-janeslab/SarahG/spinodal_decomp_06_2025/out_MATLAB/SAV_MATLAB_2000_dt_5.50e-06_Nx_64_periodic_n_relax_450p_phi.csv
MATLAB,NMG,512,periodic,475p,None (10),1840,446.80609583927804,/project/g_bme-janeslab/SarahG/spinodal_decomp_06_2025/out_MATLAB/NMG_MATLAB_2000_dt_5.50e-06_Nx_512_periodic_n_relax_475p_phi.csv
MATLAB,NMG,512,neumann,450p,None (10),1840,450.6720149856468,/project/g_bme-janeslab/SarahG/spinodal_decomp_06_2025/out_MATLAB/NMG_MATLAB_2000_dt_5.50e-06_Nx_512_neumann_n_relax_450p_phi.csv
MATLAB,SAV,256,neumann,450p,None (10),1840,206.77649776182778,/project/g_bme-janeslab/SarahG/spinodal_decomp_06_2025/out_MATLAB/SAV_MATLAB_2000_dt_5.50e-06_Nx_256_neumann_n_relax_450p_phi.csv
MATLAB,SAV,64,neumann,475p,None (10),1840,34.92751819694932,/project/g_bme-janeslab/SarahG/spinodal_decomp_06_2025/out_MATLAB/SAV_MATLAB_2000_dt_5.50e-06_Nx_64_neumann_n_relax_475p_phi.csv
MATLAB,NMG,256,periodic,475p,None (10),1840,209.9177628196803,/project/g_bme-janeslab/SarahG/spinodal_decomp_06_2025/out_MATLAB/NMG_MATLAB_2000_dt_5.50e-06_Nx_256_periodic_n_relax_475p_phi.csv
MATLAB,NMG,128,neumann,425p,None (10),1840,0.0,/project/g_bme-janeslab/SarahG/spinodal_decomp_06_2025/out_MATLAB/NMG_MATLAB_2000_dt_5.50e-06_Nx_128_neumann_n_relax_425p_phi.csv
MATLAB,SAV,256,periodic,425p,None (10),1840,0.0,/project/g_bme-janeslab/SarahG/spinodal_decomp_06_2025/out_MATLAB/SAV_MATLAB_2000_dt_5.50e-06_Nx_256_periodic_n_relax_425p_phi.csv
MATLAB,NMG,128,periodic,475p,None (10),1840,83.02138003386698,/project/g_bme-janeslab/SarahG/spinodal_decomp_06_2025/out_MATLAB/NMG_MATLAB_2000_dt_5.50e-06_Nx_128_periodic_n_relax_475p_phi.csv
MATLAB,SAV,128,periodic,450p,None (10),1840,0.0,/project/g_bme-janeslab/SarahG/spinodal_decomp_06_2025/out_MATLAB/SAV_MATLAB_2000_dt_5.50e-06_Nx_128_periodic_n_relax_450p_phi.csv
MATLAB,NMG,128,neumann,450p,None (10),1840,89.79524217784251,/project/g_bme-janeslab/SarahG/spinodal_decomp_06_2025/out_MATLAB/NMG_MATLAB_2000_dt_5.50e-06_Nx_128_neumann_n_relax_450p_phi.csv
MATLAB,SAV,256,neumann,425p,None (10),1840,209.51571154228236,/project/g_bme-janeslab/SarahG/spinodal_decomp_06_2025/out_MATLAB/SAV_MATLAB_2000_dt_5.50e-06_Nx_256_neumann_n_relax_425p_phi.csv
MATLAB,SAV,512,periodic,450p,None (10),1840,0.0,/project/g_bme-janeslab/SarahG/spinodal_decomp_06_2025/out_MATLAB/SAV_MATLAB_2000_dt_5.50e-06_Nx_512_periodic_n_relax_450p_phi.csv
MATLAB,SAV,128,periodic,425p,None (10),1840,0.0,/project/g_bme-janeslab/SarahG/spinodal_decomp_06_2025/out_MATLAB/SAV_MATLAB_2000_dt_5.50e-06_Nx_128_periodic_n_relax_425p_phi.csv
MATLAB,NMG,512,neumann,425p,None (10),1840,449.13030266158836,/project/g_bme-janeslab/SarahG/spinodal_decomp_06_2025/out_MATLAB/NMG_MATLAB_2000_dt_5.50e-06_Nx_512_neumann_n_relax_425p_phi.csv
MATLAB,NMG,64,neumann,450p,None (10),1840,0.0,/project/g_bme-janeslab/SarahG/spinodal_decomp_06_2025/out_MATLAB/NMG_MATLAB_2000_dt_5.50e-06_Nx_64_neumann_n_relax_450p_phi.csv
MATLAB,NMG,64,periodic,450p,None (10),1840,33.03948002323196,/project/g_bme-janeslab/SarahG/spinodal_decomp_06_2025/out_MATLAB/NMG_MATLAB_2000_dt_5.50e-06_Nx_64_periodic_n_relax_450p_phi.csv
MATLAB,NMG,256,neumann,425p,None (10),1840,210.13661466483592,/project/g_bme-janeslab/SarahG/spinodal_decomp_06_2025/out_MATLAB/NMG_MATLAB_2000_dt_5.50e-06_Nx_256_neumann_n_relax_425p_phi.csv
MATLAB,SAV,64,neumann,425p,None (10),1840,0.0,/project/g_bme-janeslab/SarahG/spinodal_decomp_06_2025/out_MATLAB/SAV_MATLAB_2000_dt_5.50e-06_Nx_64_neumann_n_relax_425p_phi.csv
MATLAB,SAV,128,neumann,425p,None (10),1840,0.0,/project/g_bme-janeslab/SarahG/spinodal_decomp_06_2025/out_MATLAB/SAV_MATLAB_2000_dt_5.50e-06_Nx_128_neumann_n_relax_425p_phi.csv
MATLAB,NMG,128,periodic,425p,None (10),1840,85.36392981264041,/project/g_bme-janeslab/SarahG/spinodal_decomp_06_2025/out_MATLAB/NMG_MATLAB_2000_dt_5.50e-06_Nx_128_periodic_n_relax_425p_phi.csv
MATLAB,SAV,512,periodic,475p,None (10),1840,0.0,/project/g_bme-janeslab/SarahG/spinodal_decomp_06_2025/out_MATLAB/SAV_MATLAB_2000_dt_5.50e-06_Nx_512_periodic_n_relax_475p_phi.csv
MATLAB,SAV,512,neumann,475p,None (10),1840,0.0,/project/g_bme-janeslab/SarahG/spinodal_decomp_06_2025/out_MATLAB/SAV_MATLAB_2000_dt_5.50e-06_Nx_512_neumann_n_relax_475p_phi.csv
MATLAB,NMG,256,neumann,475p,None (10),1840,209.49153734154604,/project/g_bme-janeslab/SarahG/spinodal_decomp_06_2025/out_MATLAB/NMG_MATLAB_2000_dt_5.50e-06_Nx_256_neumann_n_relax_475p_phi.csv
MATLAB,NMG,256,neumann,450p,None (10),1840,207.10050096314046,/project/g_bme-janeslab/SarahG/spinodal_decomp_06_2025/out_MATLAB/NMG_MATLAB_2000_dt_5.50e-06_Nx_256_neumann_n_relax_450p_phi.csv
MATLAB,SAV,512,periodic,425p,None (10),1840,0.0,/project/g_bme-janeslab/SarahG/spinodal_decomp_06_2025/out_MATLAB/SAV_MATLAB_2000_dt_5.50e-06_Nx_512_periodic_n_relax_425p_phi.csv
MATLAB,NMG,64,neumann,475p,None (10),1840,34.99788443217265,/project/g_bme-janeslab/SarahG/spinodal_decomp_06_2025/out_MATLAB/NMG_MATLAB_2000_dt_5.50e-06_Nx_64_neumann_n_relax_475p_phi.csv
MATLAB,SAV,128,periodic,475p,None (10),1840,83.45868832640764,/project/g_bme-janeslab/SarahG/spinodal_decomp_06_2025/out_MATLAB/SAV_MATLAB_2000_dt_5.50e-06_Nx_128_periodic_n_relax_475p_phi.csv
MATLAB,SAV,256,neumann,475p,None (10),1840,209.04930329099776,/project/g_bme-janeslab/SarahG/spinodal_decomp_06_2025/out_MATLAB/SAV_MATLAB_2000_dt_5.50e-06_Nx_256_neumann_n_relax_475p_phi.csv
MATLAB,NMG,512,periodic,450p,None (10),1840,450.6962034248572,/project/g_bme-janeslab/SarahG/spinodal_decomp_06_2025/out_MATLAB/NMG_MATLAB_2000_dt_5.50e-06_Nx_512_periodic_n_relax_450p_phi.csv
MATLAB,SAV,64,periodic,425p,None (10),1840,0.0,/project/g_bme-janeslab/SarahG/spinodal_decomp_06_2025/out_MATLAB/SAV_MATLAB_2000_dt_5.50e-06_Nx_64_periodic_n_relax_425p_phi.csv
MATLAB,SAV,512,neumann,425p,None (10),1840,0.0,/project/g_bme-janeslab/SarahG/spinodal_decomp_06_2025/out_MATLAB/SAV_MATLAB_2000_dt_5.50e-06_Nx_512_neumann_n_relax_425p_phi.csv
MATLAB,SAV,128,neumann,475p,None (10),1840,0.0,/project/g_bme-janeslab/SarahG/spinodal_decomp_06_2025/out_MATLAB/SAV_MATLAB_2000_dt_5.50e-06_Nx_128_neumann_n_relax_475p_phi.csv
MATLAB,SAV,512,neumann,450p,None (10),1840,449.9803472384628,/project/g_bme-janeslab/SarahG/spinodal_decomp_06_2025/out_MATLAB/SAV_MATLAB_2000_dt_5.50e-06_Nx_512_neumann_n_relax_450p_phi.csv
MATLAB,SAV,256,periodic,475p,None (10),1840,209.47926588108643,/project/g_bme-janeslab/SarahG/spinodal_decomp_06_2025/out_MATLAB/SAV_MATLAB_2000_dt_5.50e-06_Nx_256_periodic_n_relax_475p_phi.csv
MATLAB,NMG,256,periodic,450p,None (10),1840,207.7240044526441,/project/g_bme-janeslab/SarahG/spinodal_decomp_06_2025/out_MATLAB/NMG_MATLAB_2000_dt_5.50e-06_Nx_256_periodic_n_relax_450p_phi.csv
MATLAB,SAV,128,neumann,450p,None (10),1840,90.41789950871272,/project/g_bme-janeslab/SarahG/spinodal_decomp_06_2025/out_MATLAB/SAV_MATLAB_2000_dt_5.50e-06_Nx_128_neumann_n_relax_450p_phi.csv
MATLAB,NMG,64,periodic,475p,None (10),1840,33.46453380428409,/project/g_bme-janeslab/SarahG/spinodal_decomp_06_2025/out_MATLAB/NMG_MATLAB_2000_dt_5.50e-06_Nx_64_periodic_n_relax_475p_phi.csv
MATLAB,NMG,512,periodic,425p,None (10),1840,448.3664743706564,/project/g_bme-janeslab/SarahG/spinodal_decomp_06_2025/out_MATLAB/NMG_MATLAB_2000_dt_5.50e-06_Nx_512_periodic_n_relax_425p_phi.csv
MATLAB,NMG,128,periodic,450p,None (10),1840,0.0,/project/g_bme-janeslab/SarahG/spinodal_decomp_06_2025/out_MATLAB/NMG_MATLAB_2000_dt_5.50e-06_Nx_128_periodic_n_relax_450p_phi.csv
MATLAB,NMG,128,neumann,475p,None (10),1840,86.85627591886576,/project/g_bme-janeslab/SarahG/spinodal_decomp_06_2025/out_MATLAB/NMG_MATLAB_2000_dt_5.50e-06_Nx_128_neumann_n_relax_475p_phi.csv
MATLAB,NMG,256,periodic,425p,None (10),1840,209.32547810933826,/project/g_bme-janeslab/SarahG/spinodal_decomp_06_2025/out_MATLAB/NMG_MATLAB_2000_dt_5.50e-06_Nx_256_periodic_n_relax_425p_phi.csv
MATLAB,SAV,64,periodic,475p,None (10),1840,33.43090442620886,/project/g_bme-janeslab/SarahG/spinodal_decomp_06_2025/out_MATLAB/SAV_MATLAB_2000_dt_5.50e-06_Nx_64_periodic_n_relax_475p_phi.csv
MATLAB,NMG,512,neumann,475p,None (10),1840,447.76558017476833,/project/g_bme-janeslab/SarahG/spinodal_decomp_06_2025/out_MATLAB/NMG_MATLAB_2000_dt_5.50e-06_Nx_512_neumann_n_relax_475p_phi.csv
MATLAB,NMG,64,periodic,425p,None (10),1840,32.85860082536063,/project/g_bme-janeslab/SarahG/spinodal_decomp_06_2025/out_MATLAB/NMG_MATLAB_2000_dt_5.50e-06_Nx_64_periodic_n_relax_425p_phi.csv
MATLAB,SAV,64,neumann,450p,None (10),1840,0.0,/project/g_bme-janeslab/SarahG/spinodal_decomp_06_2025/out_MATLAB/SAV_MATLAB_2000_dt_5.50e-06_Nx_64_neumann_n_relax_450p_phi.csv
MATLAB,NMG,64,neumann,425p,None (10),1840,0.0,/project/g_bme-janeslab/SarahG/spinodal_decomp_06_2025/out_MATLAB/NMG_MATLAB_2000_dt_5.50e-06_Nx_64_neumann_n_relax_425p_phi.csv
MATLAB,SAV,256,periodic,450p,None (10),1840,0.0,/project/g_bme-janeslab/SarahG/spinodal_decomp_06_2025/out_MATLAB/SAV_MATLAB_2000_dt_5.50e-06_Nx_256_periodic_n_relax_450p_phi.csv
Julia,SAV,512,periodic,50p,1050,1840,163.3854511343081,/project/g_bme-janeslab/SarahG/spinodal_decomp_06_2025/out_julia/SAV_Julia_2000_dt_5.50e-06_Nx_512_periodic_dtout_1050p_phi.csv
Julia,NMG,64,neumann,50p,1075,1840,34.90413745535673,/project/g_bme-janeslab/SarahG/spinodal_decomp_06_2025/out_julia/NMG_Julia_2000_dt_5.50e-06_Nx_64_neumann_dtout_1075p_phi.csv
Julia,NMG,512,periodic,50p,1050,1840,149.19822738226202,/project/g_bme-janeslab/SarahG/spinodal_decomp_06_2025/out_julia/NMG_Julia_2000_dt_5.50e-06_Nx_512_periodic_dtout_1050p_phi.csv
Julia,NMG,64,neumann,50p,1050,1840,16.705422911942254,/project/g_bme-janeslab/SarahG/spinodal_decomp_06_2025/out_julia/NMG_Julia_2000_dt_5.50e-06_Nx_64_neumann_dtout_1050p_phi.csv
Julia,NMG,512,periodic,50p,1075,1840,252.87761131786576,/project/g_bme-janeslab/SarahG/spinodal_decomp_06_2025/out_julia/NMG_Julia_2000_dt_5.50e-06_Nx_512_periodic_dtout_1075p_phi.csv
Julia,SAV,64,periodic,50p,1025,1840,33.97156895015167,/project/g_bme-janeslab/SarahG/spinodal_decomp_06_2025/out_julia/SAV_Julia_2000_dt_5.50e-06_Nx_64_periodic_dtout_1025p_phi.csv
Julia,SAV,256,periodic,50p,1075,1840,124.52570963840736,/project/g_bme-janeslab/SarahG/spinodal_decomp_06_2025/out_julia/SAV_Julia_2000_dt_5.50e-06_Nx_256_periodic_dtout_1075p_phi.csv
Julia,SAV,128,neumann,50p,1050,1840,24.215056598935053,/project/g_bme-janeslab/SarahG/spinodal_decomp_06_2025/out_julia/SAV_Julia_2000_dt_5.50e-06_Nx_128_neumann_dtout_1050p_phi.csv
Julia,NMG,256,periodic,50p,1025,1840,120.81239322172586,/project/g_bme-janeslab/SarahG/spinodal_decomp_06_2025/out_julia/NMG_Julia_2000_dt_5.50e-06_Nx_256_periodic_dtout_1025p_phi.csv
Julia,NMG,256,periodic,50p,1050,1840,34.522130102835085,/project/g_bme-janeslab/SarahG/spinodal_decomp_06_2025/out_julia/NMG_Julia_2000_dt_5.50e-06_Nx_256_periodic_dtout_1050p_phi.csv
Julia,SAV,512,periodic,50p,1025,1840,256.1470348905747,/project/g_bme-janeslab/SarahG/spinodal_decomp_06_2025/out_julia/SAV_Julia_2000_dt_5.50e-06_Nx_512_periodic_dtout_1025p_phi.csv
Julia,NMG,128,periodic,50p,1050,1840,24.183870272978893,/project/g_bme-janeslab/SarahG/spinodal_decomp_06_2025/out_julia/NMG_Julia_2000_dt_5.50e-06_Nx_128_periodic_dtout_1050p_phi.csv
Julia,NMG,512,neumann,50p,1025,1840,256.24331955829916,/project/g_bme-janeslab/SarahG/spinodal_decomp_06_2025/out_julia/NMG_Julia_2000_dt_5.50e-06_Nx_512_neumann_dtout_1025p_phi.csv
Julia,SAV,512,neumann,50p,1050,1840,163.73754702687552,/project/g_bme-janeslab/SarahG/spinodal_decomp_06_2025/out_julia/SAV_Julia_2000_dt_5.50e-06_Nx_512_neumann_dtout_1050p_phi.csv
Julia,SAV,64,neumann,50p,1075,1840,34.74398754014877,/project/g_bme-janeslab/SarahG/spinodal_decomp_06_2025/out_julia/SAV_Julia_2000_dt_5.50e-06_Nx_64_neumann_dtout_1075p_phi.csv
Julia,NMG,128,neumann,50p,1025,1840,65.24101867747642,/project/g_bme-janeslab/SarahG/spinodal_decomp_06_2025/out_julia/NMG_Julia_2000_dt_5.50e-06_Nx_128_neumann_dtout_1025p_phi.csv
Julia,NMG,512,neumann,50p,1075,1840,252.91187943112666,/project/g_bme-janeslab/SarahG/spinodal_decomp_06_2025/out_julia/NMG_Julia_2000_dt_5.50e-06_Nx_512_neumann_dtout_1075p_phi.csv
Julia,SAV,64,neumann,50p,1050,1840,16.187374929024063,/project/g_bme-janeslab/SarahG/spinodal_decomp_06_2025/out_julia/SAV_Julia_2000_dt_5.50e-06_Nx_64_neumann_dtout_1050p_phi.csv
Julia,NMG,64,periodic,50p,1050,1840,16.228639732874598,/project/g_bme-janeslab/SarahG/spinodal_decomp_06_2025/out_julia/NMG_Julia_2000_dt_5.50e-06_Nx_64_periodic_dtout_1050p_phi.csv
Julia,SAV,64,neumann,50p,1025,1840,34.18985351085557,/project/g_bme-janeslab/SarahG/spinodal_decomp_06_2025/out_julia/SAV_Julia_2000_dt_5.50e-06_Nx_64_neumann_dtout_1025p_phi.csv
Julia,SAV,64,periodic,50p,1050,1840,15.706673231326818,/project/g_bme-janeslab/SarahG/spinodal_decomp_06_2025/out_julia/SAV_Julia_2000_dt_5.50e-06_Nx_64_periodic_dtout_1050p_phi.csv
Julia,NMG,128,neumann,50p,1050,1840,24.774468231343256,/project/g_bme-janeslab/SarahG/spinodal_decomp_06_2025/out_julia/NMG_Julia_2000_dt_5.50e-06_Nx_128_neumann_dtout_1050p_phi.csv
Julia,NMG,512,periodic,50p,1025,1840,256.18332527639444,/project/g_bme-janeslab/SarahG/spinodal_decomp_06_2025/out_julia/NMG_Julia_2000_dt_5.50e-06_Nx_512_periodic_dtout_1025p_phi.csv
Julia,SAV,128,neumann,50p,1075,1840,66.21533162422041,/project/g_bme-janeslab/SarahG/spinodal_decomp_06_2025/out_julia/SAV_Julia_2000_dt_5.50e-06_Nx_128_neumann_dtout_1075p_phi.csv
Julia,NMG,64,periodic,50p,1025,1840,34.120840303185986,/project/g_bme-janeslab/SarahG/spinodal_decomp_06_2025/out_julia/NMG_Julia_2000_dt_5.50e-06_Nx_64_periodic_dtout_1025p_phi.csv
Julia,NMG,256,neumann,50p,1025,1840,120.82960441402749,/project/g_bme-janeslab/SarahG/spinodal_decomp_06_2025/out_julia/NMG_Julia_2000_dt_5.50e-06_Nx_256_neumann_dtout_1025p_phi.csv
Julia,NMG,128,periodic,50p,1025,1840,65.16980585832462,/project/g_bme-janeslab/SarahG/spinodal_decomp_06_2025/out_julia/NMG_Julia_2000_dt_5.50e-06_Nx_128_periodic_dtout_1025p_phi.csv
Julia,NMG,64,periodic,50p,1075,1840,34.65711954596602,/project/g_bme-janeslab/SarahG/spinodal_decomp_06_2025/out_julia/NMG_Julia_2000_dt_5.50e-06_Nx_64_periodic_dtout_1075p_phi.csv
Julia,SAV,512,periodic,50p,1075,1840,252.8758530329197,/project/g_bme-janeslab/SarahG/spinodal_decomp_06_2025/out_julia/SAV_Julia_2000_dt_5.50e-06_Nx_512_periodic_dtout_1075p_phi.csv
Julia,NMG,256,neumann,50p,1075,1840,124.67511868569581,/project/g_bme-janeslab/SarahG/spinodal_decomp_06_2025/out_julia/NMG_Julia_2000_dt_5.50e-06_Nx_256_neumann_dtout_1075p_phi.csv
Julia,SAV,256,periodic,50p,1050,1840,34.62728094492982,/project/g_bme-janeslab/SarahG/spinodal_decomp_06_2025/out_julia/SAV_Julia_2000_dt_5.50e-06_Nx_256_periodic_dtout_1050p_phi.csv
Julia,NMG,256,neumann,50p,1050,1840,34.512460261043344,/project/g_bme-janeslab/SarahG/spinodal_decomp_06_2025/out_julia/NMG_Julia_2000_dt_5.50e-06_Nx_256_neumann_dtout_1050p_phi.csv
Julia,SAV,128,periodic,50p,1050,1840,23.59662692924661,/project/g_bme-janeslab/SarahG/spinodal_decomp_06_2025/out_julia/SAV_Julia_2000_dt_5.50e-06_Nx_128_periodic_dtout_1050p_phi.csv
Julia,NMG,64,neumann,50p,1025,1840,34.340231381389714,/project/g_bme-janeslab/SarahG/spinodal_decomp_06_2025/out_julia/NMG_Julia_2000_dt_5.50e-06_Nx_64_neumann_dtout_1025p_phi.csv
Julia,SAV,256,neumann,50p,1025,1840,120.80152406590601,/project/g_bme-janeslab/SarahG/spinodal_decomp_06_2025/out_julia/SAV_Julia_2000_dt_5.50e-06_Nx_256_neumann_dtout_1025p_phi.csv
Julia,SAV,256,periodic,50p,1025,1840,120.78318166445838,/project/g_bme-janeslab/SarahG/spinodal_decomp_06_2025/out_julia/SAV_Julia_2000_dt_5.50e-06_Nx_256_periodic_dtout_1025p_phi.csv
Julia,SAV,128,periodic,50p,1075,1840,66.08940060826343,/project/g_bme-janeslab/SarahG/spinodal_decomp_06_2025/out_julia/SAV_Julia_2000_dt_5.50e-06_Nx_128_periodic_dtout_1075p_phi.csv
Julia,SAV,512,neumann,50p,1025,1840,256.21033708805805,/project/g_bme-janeslab/SarahG/spinodal_decomp_06_2025/out_julia/SAV_Julia_2000_dt_5.50e-06_Nx_512_neumann_dtout_1025p_phi.csv
Julia,NMG,256,periodic,50p,1075,1840,124.59381889241874,/project/g_bme-janeslab/SarahG/spinodal_decomp_06_2025/out_julia/NMG_Julia_2000_dt_5.50e-06_Nx_256_periodic_dtout_1075p_phi.csv
Julia,SAV,512,neumann,50p,1075,1840,252.9125428746567,/project/g_bme-janeslab/SarahG/spinodal_decomp_06_2025/out_julia/SAV_Julia_2000_dt_5.50e-06_Nx_512_neumann_dtout_1075p_phi.csv
Julia,SAV,256,neumann,50p,1075,1840,124.60735288411759,/project/g_bme-janeslab/SarahG/spinodal_decomp_06_2025/out_julia/SAV_Julia_2000_dt_5.50e-06_Nx_256_neumann_dtout_1075p_phi.csv
Julia,SAV,128,neumann,50p,1025,1840,65.16018548019031,/project/g_bme-janeslab/SarahG/spinodal_decomp_06_2025/out_julia/SAV_Julia_2000_dt_5.50e-06_Nx_128_neumann_dtout_1025p_phi.csv
Julia,NMG,128,neumann,50p,1075,1840,66.32990389673857,/project/g_bme-janeslab/SarahG/spinodal_decomp_06_2025/out_julia/NMG_Julia_2000_dt_5.50e-06_Nx_128_neumann_dtout_1075p_phi.csv
Julia,SAV,64,periodic,50p,1075,1840,34.50083475823354,/project/g_bme-janeslab/SarahG/spinodal_decomp_06_2025/out_julia/SAV_Julia_2000_dt_5.50e-06_Nx_64_periodic_dtout_1075p_phi.csv
Julia,NMG,512,neumann,50p,1050,1840,149.53896489479615,/project/g_bme-janeslab/SarahG/spinodal_decomp_06_2025/out_julia/NMG_Julia_2000_dt_5.50e-06_Nx_512_neumann_dtout_1050p_phi.csv
Julia,SAV,256,neumann,50p,1050,1840,34.61363418546987,/project/g_bme-janeslab/SarahG/spinodal_decomp_06_2025/out_julia/SAV_Julia_2000_dt_5.50e-06_Nx_256_neumann_dtout_1050p_phi.csv
Julia,NMG,128,periodic,50p,1075,1840,66.20119920859675,/project/g_bme-janeslab/SarahG/spinodal_decomp_06_2025/out_julia/NMG_Julia_2000_dt_5.50e-06_Nx_128_periodic_dtout_1075p_phi.csv
Julia,SAV,128,periodic,50p,1025,1840,65.08897728078009,/project/g_bme-janeslab/SarahG/spinodal_decomp_06_2025/out_julia/SAV_Julia_2000_dt_5.50e-06_Nx_128_periodic_dtout_1025p_phi.csv
Python,NMG,128,neumann,50p,125,1840,65.34233681697361,/project/g_bme-janeslab/SarahG/spinodal_decomp_06_2025/out_python/NMG_Python_20_dt_5.50e-06_Nx_128_neumann_dtout_125pphi.csv
Python,NMG,64,periodic,50p,175,1840,35.176885800445646,/project/g_bme-janeslab/SarahG/spinodal_decomp_06_2025/out_python/NMG_Python_20_dt_5.50e-06_Nx_64_periodic_dtout_175pphi.csv
Python,NMG,256,periodic,50p,150,1840,32.03580522692192,/project/g_bme-janeslab/SarahG/spinodal_decomp_06_2025/out_python/NMG_Python_20_dt_5.50e-06_Nx_256_periodic_dtout_150pphi.csv
Python,NMG,128,neumann,50p,175,1840,66.72357433248877,/project/g_bme-janeslab/SarahG/spinodal_decomp_06_2025/out_python/NMG_Python_20_dt_5.50e-06_Nx_128_neumann_dtout_175pphi.csv
Python,NMG,64,neumann,50p,150,1840,17.564227682874407,/project/g_bme-janeslab/SarahG/spinodal_decomp_06_2025/out_python/NMG_Python_20_dt_5.50e-06_Nx_64_neumann_dtout_150pphi.csv
Python,NMG,256,neumann,50p,150,1840,32.049425166003296,/project/g_bme-janeslab/SarahG/spinodal_decomp_06_2025/out_python/NMG_Python_20_dt_5.50e-06_Nx_256_neumann_dtout_150pphi.csv
Python,NMG,512,neumann,50p,125,1840,256.0452305973017,/project/g_bme-janeslab/SarahG/spinodal_decomp_06_2025/out_python/NMG_Python_20_dt_5.50e-06_Nx_512_neumann_dtout_125pphi.csv
Python,NMG,256,neumann,50p,175,1840,124.85634759453016,/project/g_bme-janeslab/SarahG/spinodal_decomp_06_2025/out_python/NMG_Python_20_dt_5.50e-06_Nx_256_neumann_dtout_175pphi.csv
Python,NMG,128,periodic,50p,150,1840,24.86244388411082,/project/g_bme-janeslab/SarahG/spinodal_decomp_06_2025/out_python/NMG_Python_20_dt_5.50e-06_Nx_128_periodic_dtout_150pphi.csv
Python,NMG,256,neumann,50p,125,1840,120.84815999783109,/project/g_bme-janeslab/SarahG/spinodal_decomp_06_2025/out_python/NMG_Python_20_dt_5.50e-06_Nx_256_neumann_dtout_125pphi.csv
Python,NMG,64,neumann,50p,175,1840,35.41842067916814,/project/g_bme-janeslab/SarahG/spinodal_decomp_06_2025/out_python/NMG_Python_20_dt_5.50e-06_Nx_64_neumann_dtout_175pphi.csv
Python,NMG,256,periodic,50p,125,1840,120.82556427648399,/project/g_bme-janeslab/SarahG/spinodal_decomp_06_2025/out_python/NMG_Python_20_dt_5.50e-06_Nx_256_periodic_dtout_125pphi.csv
Python,NMG,512,periodic,50p,150,1840,112.91073269922933,/project/g_bme-janeslab/SarahG/spinodal_decomp_06_2025/out_python/NMG_Python_20_dt_5.50e-06_Nx_512_periodic_dtout_150pphi.csv
Python,NMG,64,neumann,50p,125,1840,34.48289572224677,/project/g_bme-janeslab/SarahG/spinodal_decomp_06_2025/out_python/NMG_Python_20_dt_5.50e-06_Nx_64_neumann_dtout_125pphi.csv
Python,NMG,512,periodic,50p,125,1840,255.98621216718664,/project/g_bme-janeslab/SarahG/spinodal_decomp_06_2025/out_python/NMG_Python_20_dt_5.50e-06_Nx_512_periodic_dtout_125pphi.csv
Python,NMG,128,periodic,50p,175,1840,66.59075746640312,/project/g_bme-janeslab/SarahG/spinodal_decomp_06_2025/out_python/NMG_Python_20_dt_5.50e-06_Nx_128_periodic_dtout_175pphi.csv
Python,NMG,512,periodic,50p,175,1840,252.6927394913492,/project/g_bme-janeslab/SarahG/spinodal_decomp_06_2025/out_python/NMG_Python_20_dt_5.50e-06_Nx_512_periodic_dtout_175pphi.csv
Python,NMG,128,neumann,50p,150,1840,25.414284595347144,/project/g_bme-janeslab/SarahG/spinodal_decomp_06_2025/out_python/NMG_Python_20_dt_5.50e-06_Nx_128_neumann_dtout_150pphi.csv
Python,NMG,512,neumann,50p,175,1840,252.71949993346823,/project/g_bme-janeslab/SarahG/spinodal_decomp_06_2025/out_python/NMG_Python_20_dt_5.50e-06_Nx_512_neumann_dtout_175pphi.csv
Python,NMG,512,neumann,50p,150,1840,113.39411642969382,/project/g_bme-janeslab/SarahG/spinodal_decomp_06_2025/out_python/NMG_Python_20_dt_5.50e-06_Nx_512_neumann_dtout_150pphi.csv
Python,NMG,64,periodic,50p,125,1840,34.28599531096947,/project/g_bme-janeslab/SarahG/spinodal_decomp_06_2025/out_python/NMG_Python_20_dt_5.50e-06_Nx_64_periodic_dtout_125pphi.csv
Python,NMG,256,periodic,50p,175,1840,124.77273937013142,/project/g_bme-janeslab/SarahG/spinodal_decomp_06_2025/out_python/NMG_Python_20_dt_5.50e-06_Nx_256_periodic_dtout_175pphi.csv
Python,NMG,64,periodic,50p,150,1840,17.07517090574867,/project/g_bme-janeslab/SarahG/spinodal_decomp_06_2025/out_python/NMG_Python_20_dt_5.50e-06_Nx_64_periodic_dtout_150pphi.csv
Python,NMG,128,periodic,50p,125,1840,65.28048579269287,/project/g_bme-janeslab/SarahG/spinodal_decomp_06_2025/out_python/NMG_Python_20_dt_5.50e-06_Nx_128_periodic_dtout_125pphi.csv
MATLAB,SAV,64,periodic,450p,None (10),1880,0.0,/project/g_bme-janeslab/SarahG/spinodal_decomp_06_2025/out_MATLAB/SAV_MATLAB_2000_dt_5.50e-06_Nx_64_periodic_n_relax_450p_phi.csv
MATLAB,NMG,512,periodic,475p,None (10),1880,447.0244923037268,/project/g_bme-janeslab/SarahG/spinodal_decomp_06_2025/out_MATLAB/NMG_MATLAB_2000_dt_5.50e-06_Nx_512_periodic_n_relax_475p_phi.csv
MATLAB,NMG,512,neumann,450p,None (10),1880,451.0438690562817,/project/g_bme-janeslab/SarahG/spinodal_decomp_06_2025/out_MATLAB/NMG_MATLAB_2000_dt_5.50e-06_Nx_512_neumann_n_relax_450p_phi.csv
MATLAB,SAV,256,neumann,450p,None (10),1880,207.10434897774238,/project/g_bme-janeslab/SarahG/spinodal_decomp_06_2025/out_MATLAB/SAV_MATLAB_2000_dt_5.50e-06_Nx_256_neumann_n_relax_450p_phi.csv
MATLAB,SAV,64,neumann,475p,None (10),1880,35.010315344439,/project/g_bme-janeslab/SarahG/spinodal_decomp_06_2025/out_MATLAB/SAV_MATLAB_2000_dt_5.50e-06_Nx_64_neumann_n_relax_475p_phi.csv
MATLAB,NMG,256,periodic,475p,None (10),1880,210.0309894230609,/project/g_bme-janeslab/SarahG/spinodal_decomp_06_2025/out_MATLAB/NMG_MATLAB_2000_dt_5.50e-06_Nx_256_periodic_n_relax_475p_phi.csv
MATLAB,NMG,128,neumann,425p,None (10),1880,0.0,/project/g_bme-janeslab/SarahG/spinodal_decomp_06_2025/out_MATLAB/NMG_MATLAB_2000_dt_5.50e-06_Nx_128_neumann_n_relax_425p_phi.csv
MATLAB,SAV,256,periodic,425p,None (10),1880,0.0,/project/g_bme-janeslab/SarahG/spinodal_decomp_06_2025/out_MATLAB/SAV_MATLAB_2000_dt_5.50e-06_Nx_256_periodic_n_relax_425p_phi.csv
MATLAB,NMG,128,periodic,475p,None (10),1880,83.6733414520769,/project/g_bme-janeslab/SarahG/spinodal_decomp_06_2025/out_MATLAB/NMG_MATLAB_2000_dt_5.50e-06_Nx_128_periodic_n_relax_475p_phi.csv
MATLAB,SAV,128,periodic,450p,None (10),1880,0.0,/project/g_bme-janeslab/SarahG/spinodal_decomp_06_2025/out_MATLAB/SAV_MATLAB_2000_dt_5.50e-06_Nx_128_periodic_n_relax_450p_phi.csv
MATLAB,NMG,128,neumann,450p,None (10),1880,90.03670039561821,/project/g_bme-janeslab/SarahG/spinodal_decomp_06_2025/out_MATLAB/NMG_MATLAB_2000_dt_5.50e-06_Nx_128_neumann_n_relax_450p_phi.csv
MATLAB,SAV,256,neumann,425p,None (10),1880,209.65581326316345,/project/g_bme-janeslab/SarahG/spinodal_decomp_06_2025/out_MATLAB/SAV_MATLAB_2000_dt_5.50e-06_Nx_256_neumann_n_relax_425p_phi.csv
MATLAB,SAV,512,periodic,450p,None (10),1880,0.0,/project/g_bme-janeslab/SarahG/spinodal_decomp_06_2025/out_MATLAB/SAV_MATLAB_2000_dt_5.50e-06_Nx_512_periodic_n_relax_450p_phi.csv
MATLAB,SAV,128,periodic,425p,None (10),1880,0.0,/project/g_bme-janeslab/SarahG/spinodal_decomp_06_2025/out_MATLAB/SAV_MATLAB_2000_dt_5.50e-06_Nx_128_periodic_n_relax_425p_phi.csv
MATLAB,NMG,512,neumann,425p,None (10),1880,449.3563444013106,/project/g_bme-janeslab/SarahG/spinodal_decomp_06_2025/out_MATLAB/NMG_MATLAB_2000_dt_5.50e-06_Nx_512_neumann_n_relax_425p_phi.csv
MATLAB,NMG,64,neumann,450p,None (10),1880,0.0,/project/g_bme-janeslab/SarahG/spinodal_decomp_06_2025/out_MATLAB/NMG_MATLAB_2000_dt_5.50e-06_Nx_64_neumann_n_relax_450p_phi.csv
MATLAB,NMG,64,periodic,450p,None (10),1880,33.42320096554208,/project/g_bme-janeslab/SarahG/spinodal_decomp_06_2025/out_MATLAB/NMG_MATLAB_2000_dt_5.50e-06_Nx_64_periodic_n_relax_450p_phi.csv
MATLAB,NMG,256,neumann,425p,None (10),1880,210.2764937385928,/project/g_bme-janeslab/SarahG/spinodal_decomp_06_2025/out_MATLAB/NMG_MATLAB_2000_dt_5.50e-06_Nx_256_neumann_n_relax_425p_phi.csv
MATLAB,SAV,64,neumann,425p,None (10),1880,0.0,/project/g_bme-janeslab/SarahG/spinodal_decomp_06_2025/out_MATLAB/SAV_MATLAB_2000_dt_5.50e-06_Nx_64_neumann_n_relax_425p_phi.csv
MATLAB,SAV,128,neumann,425p,None (10),1880,0.0,/project/g_bme-janeslab/SarahG/spinodal_decomp_06_2025/out_MATLAB/SAV_MATLAB_2000_dt_5.50e-06_Nx_128_neumann_n_relax_425p_phi.csv
MATLAB,NMG,128,periodic,425p,None (10),1880,86.00615193688684,/project/g_bme-janeslab/SarahG/spinodal_decomp_06_2025/out_MATLAB/NMG_MATLAB_2000_dt_5.50e-06_Nx_128_periodic_n_relax_425p_phi.csv
MATLAB,SAV,512,periodic,475p,None (10),1880,0.0,/project/g_bme-janeslab/SarahG/spinodal_decomp_06_2025/out_MATLAB/SAV_MATLAB_2000_dt_5.50e-06_Nx_512_periodic_n_relax_475p_phi.csv
MATLAB,SAV,512,neumann,475p,None (10),1880,0.0,/project/g_bme-janeslab/SarahG/spinodal_decomp_06_2025/out_MATLAB/SAV_MATLAB_2000_dt_5.50e-06_Nx_512_neumann_n_relax_475p_phi.csv
MATLAB,NMG,256,neumann,475p,None (10),1880,209.6520496589298,/project/g_bme-janeslab/SarahG/spinodal_decomp_06_2025/out_MATLAB/NMG_MATLAB_2000_dt_5.50e-06_Nx_256_neumann_n_relax_475p_phi.csv
MATLAB,NMG,256,neumann,450p,None (10),1880,207.43131098174308,/project/g_bme-janeslab/SarahG/spinodal_decomp_06_2025/out_MATLAB/NMG_MATLAB_2000_dt_5.50e-06_Nx_256_neumann_n_relax_450p_phi.csv
MATLAB,SAV,512,periodic,425p,None (10),1880,0.0,/project/g_bme-janeslab/SarahG/spinodal_decomp_06_2025/out_MATLAB/SAV_MATLAB_2000_dt_5.50e-06_Nx_512_periodic_n_relax_425p_phi.csv
MATLAB,NMG,64,neumann,475p,None (10),1880,35.08257469832099,/project/g_bme-janeslab/SarahG/spinodal_decomp_06_2025/out_MATLAB/NMG_MATLAB_2000_dt_5.50e-06_Nx_64_neumann_n_relax_475p_phi.csv
MATLAB,SAV,128,periodic,475p,None (10),1880,84.10084796448486,/project/g_bme-janeslab/SarahG/spinodal_decomp_06_2025/out_MATLAB/SAV_MATLAB_2000_dt_5.50e-06_Nx_128_periodic_n_relax_475p_phi.csv
MATLAB,SAV,256,neumann,475p,None (10),1880,209.22634323346253,/project/g_bme-janeslab/SarahG/spinodal_decomp_06_2025/out_MATLAB/SAV_MATLAB_2000_dt_5.50e-06_Nx_256_neumann_n_relax_475p_phi.csv
MATLAB,NMG,512,periodic,450p,None (10),1880,451.1171674651819,/project/g_bme-janeslab/SarahG/spinodal_decomp_06_2025/out_MATLAB/NMG_MATLAB_2000_dt_5.50e-06_Nx_512_periodic_n_relax_450p_phi.csv
MATLAB,SAV,64,periodic,425p,None (10),1880,0.0,/project/g_bme-janeslab/SarahG/spinodal_decomp_06_2025/out_MATLAB/SAV_MATLAB_2000_dt_5.50e-06_Nx_64_periodic_n_relax_425p_phi.csv
MATLAB,SAV,512,neumann,425p,None (10),1880,0.0,/project/g_bme-janeslab/SarahG/spinodal_decomp_06_2025/out_MATLAB/SAV_MATLAB_2000_dt_5.50e-06_Nx_512_neumann_n_relax_425p_phi.csv
MATLAB,SAV,128,neumann,475p,None (10),1880,0.0,/project/g_bme-janeslab/SarahG/spinodal_decomp_06_2025/out_MATLAB/SAV_MATLAB_2000_dt_5.50e-06_Nx_128_neumann_n_relax_475p_phi.csv
MATLAB,SAV,512,neumann,450p,None (10),1880,450.33606410799865,/project/g_bme-janeslab/SarahG/spinodal_decomp_06_2025/out_MATLAB/SAV_MATLAB_2000_dt_5.50e-06_Nx_512_neumann_n_relax_450p_phi.csv
MATLAB,SAV,256,periodic,475p,None (10),1880,209.6844913410618,/project/g_bme-janeslab/SarahG/spinodal_decomp_06_2025/out_MATLAB/SAV_MATLAB_2000_dt_5.50e-06_Nx_256_periodic_n_relax_475p_phi.csv
MATLAB,NMG,256,periodic,450p,None (10),1880,208.05075751467382,/project/g_bme-janeslab/SarahG/spinodal_decomp_06_2025/out_MATLAB/NMG_MATLAB_2000_dt_5.50e-06_Nx_256_periodic_n_relax_450p_phi.csv
MATLAB,SAV,128,neumann,450p,None (10),1880,0.0,/project/g_bme-janeslab/SarahG/spinodal_decomp_06_2025/out_MATLAB/SAV_MATLAB_2000_dt_5.50e-06_Nx_128_neumann_n_relax_450p_phi.csv
MATLAB,NMG,64,periodic,475p,None (10),1880,33.49764758416154,/project/g_bme-janeslab/SarahG/spinodal_decomp_06_2025/out_MATLAB/NMG_MATLAB_2000_dt_5.50e-06_Nx_64_periodic_n_relax_475p_phi.csv
MATLAB,NMG,512,periodic,425p,None (10),1880,448.62694230884017,/project/g_bme-janeslab/SarahG/spinodal_decomp_06_2025/out_MATLAB/NMG_MATLAB_2000_dt_5.50e-06_Nx_512_periodic_n_relax_425p_phi.csv
MATLAB,NMG,128,periodic,450p,None (10),1880,0.0,/project/g_bme-janeslab/SarahG/spinodal_decomp_06_2025/out_MATLAB/NMG_MATLAB_2000_dt_5.50e-06_Nx_128_periodic_n_relax_450p_phi.csv
MATLAB,NMG,128,neumann,475p,None (10),1880,0.0,/project/g_bme-janeslab/SarahG/spinodal_decomp_06_2025/out_MATLAB/NMG_MATLAB_2000_dt_5.50e-06_Nx_128_neumann_n_relax_475p_phi.csv
MATLAB,NMG,256,periodic,425p,None (10),1880,209.4470493277289,/project/g_bme-janeslab/SarahG/spinodal_decomp_06_2025/out_MATLAB/NMG_MATLAB_2000_dt_5.50e-06_Nx_256_periodic_n_relax_425p_phi.csv
MATLAB,SAV,64,periodic,475p,None (10),1880,33.46292535594447,/project/g_bme-janeslab/SarahG/spinodal_decomp_06_2025/out_MATLAB/SAV_MATLAB_2000_dt_5.50e-06_Nx_64_periodic_n_relax_475p_phi.csv
MATLAB,NMG,512,neumann,475p,None (10),1880,448.054358964365,/project/g_bme-janeslab/SarahG/spinodal_decomp_06_2025/out_MATLAB/NMG_MATLAB_2000_dt_5.50e-06_Nx_512_neumann_n_relax_475p_phi.csv
MATLAB,NMG,64,periodic,425p,None (10),1880,32.876334469866066,/project/g_bme-janeslab/SarahG/spinodal_decomp_06_2025/out_MATLAB/NMG_MATLAB_2000_dt_5.50e-06_Nx_64_periodic_n_relax_425p_phi.csv
MATLAB,SAV,64,neumann,450p,None (10),1880,0.0,/project/g_bme-janeslab/SarahG/spinodal_decomp_06_2025/out_MATLAB/SAV_MATLAB_2000_dt_5.50e-06_Nx_64_neumann_n_relax_450p_phi.csv
MATLAB,NMG,64,neumann,425p,None (10),1880,0.0,/project/g_bme-janeslab/SarahG/spinodal_decomp_06_2025/out_MATLAB/NMG_MATLAB_2000_dt_5.50e-06_Nx_64_neumann_n_relax_425p_phi.csv
MATLAB,SAV,256,periodic,450p,None (10),1880,0.0,/project/g_bme-janeslab/SarahG/spinodal_decomp_06_2025/out_MATLAB/SAV_MATLAB_2000_dt_5.50e-06_Nx_256_periodic_n_relax_450p_phi.csv
Julia,SAV,512,periodic,50p,1050,1880,165.7478223063324,/project/g_bme-janeslab/SarahG/spinodal_decomp_06_2025/out_julia/SAV_Julia_2000_dt_5.50e-06_Nx_512_periodic_dtout_1050p_phi.csv
Julia,NMG,64,neumann,50p,1075,1880,34.903500228262736,/project/g_bme-janeslab/SarahG/spinodal_decomp_06_2025/out_julia/NMG_Julia_2000_dt_5.50e-06_Nx_64_neumann_dtout_1075p_phi.csv
Julia,NMG,512,periodic,50p,1050,1880,151.23098197472348,/project/g_bme-janeslab/SarahG/spinodal_decomp_06_2025/out_julia/NMG_Julia_2000_dt_5.50e-06_Nx_512_periodic_dtout_1050p_phi.csv
Julia,NMG,64,neumann,50p,1050,1880,16.62297575804935,/project/g_bme-janeslab/SarahG/spinodal_decomp_06_2025/out_julia/NMG_Julia_2000_dt_5.50e-06_Nx_64_neumann_dtout_1050p_phi.csv
Julia,NMG,512,periodic,50p,1075,1880,252.87826733137686,/project/g_bme-janeslab/SarahG/spinodal_decomp_06_2025/out_julia/NMG_Julia_2000_dt_5.50e-06_Nx_512_periodic_dtout_1075p_phi.csv
Julia,SAV,64,periodic,50p,1025,1880,33.90983751882367,/project/g_bme-janeslab/SarahG/spinodal_decomp_06_2025/out_julia/SAV_Julia_2000_dt_5.50e-06_Nx_64_periodic_dtout_1025p_phi.csv
Julia,SAV,256,periodic,50p,1075,1880,124.53364308947917,/project/g_bme-janeslab/SarahG/spinodal_decomp_06_2025/out_julia/SAV_Julia_2000_dt_5.50e-06_Nx_256_periodic_dtout_1075p_phi.csv
Julia,SAV,128,neumann,50p,1050,1880,24.173664657677794,/project/g_bme-janeslab/SarahG/spinodal_decomp_06_2025/out_julia/SAV_Julia_2000_dt_5.50e-06_Nx_128_neumann_dtout_1050p_phi.csv
Julia,NMG,256,periodic,50p,1025,1880,120.81028345785357,/project/g_bme-janeslab/SarahG/spinodal_decomp_06_2025/out_julia/NMG_Julia_2000_dt_5.50e-06_Nx_256_periodic_dtout_1025p_phi.csv
Julia,NMG,256,periodic,50p,1050,1880,34.70746562703808,/project/g_bme-janeslab/SarahG/spinodal_decomp_06_2025/out_julia/NMG_Julia_2000_dt_5.50e-06_Nx_256_periodic_dtout_1050p_phi.csv
Julia,SAV,512,periodic,50p,1025,1880,256.15189425218426,/project/g_bme-janeslab/SarahG/spinodal_decomp_06_2025/out_julia/SAV_Julia_2000_dt_5.50e-06_Nx_512_periodic_dtout_1025p_phi.csv
Julia,NMG,128,periodic,50p,1050,1880,24.13064901406116,/project/g_bme-janeslab/SarahG/spinodal_decomp_06_2025/out_julia/NMG_Julia_2000_dt_5.50e-06_Nx_128_periodic_dtout_1050p_phi.csv
Julia,NMG,512,neumann,50p,1025,1880,256.2412521882776,/project/g_bme-janeslab/SarahG/spinodal_decomp_06_2025/out_julia/NMG_Julia_2000_dt_5.50e-06_Nx_512_neumann_dtout_1025p_phi.csv
Julia,SAV,512,neumann,50p,1050,1880,166.09487891317744,/project/g_bme-janeslab/SarahG/spinodal_decomp_06_2025/out_julia/SAV_Julia_2000_dt_5.50e-06_Nx_512_neumann_dtout_1050p_phi.csv
Julia,SAV,64,neumann,50p,1075,1880,34.749983876780085,/project/g_bme-janeslab/SarahG/spinodal_decomp_06_2025/out_julia/SAV_Julia_2000_dt_5.50e-06_Nx_64_neumann_dtout_1075p_phi.csv
Julia,NMG,128,neumann,50p,1025,1880,65.21758499340396,/project/g_bme-janeslab/SarahG/spinodal_decomp_06_2025/out_julia/NMG_Julia_2000_dt_5.50e-06_Nx_128_neumann_dtout_1025p_phi.csv
Julia,NMG,512,neumann,50p,1075,1880,252.91237753295783,/project/g_bme-janeslab/SarahG/spinodal_decomp_06_2025/out_julia/NMG_Julia_2000_dt_5.50e-06_Nx_512_neumann_dtout_1075p_phi.csv
Julia,SAV,64,neumann,50p,1050,1880,16.118142034021236,/project/g_bme-janeslab/SarahG/spinodal_decomp_06_2025/out_julia/SAV_Julia_2000_dt_5.50e-06_Nx_64_neumann_dtout_1050p_phi.csv
Julia,NMG,64,periodic,50p,1050,1880,16.151569913345583,/project/g_bme-janeslab/SarahG/spinodal_decomp_06_2025/out_julia/NMG_Julia_2000_dt_5.50e-06_Nx_64_periodic_dtout_1050p_phi.csv
Julia,SAV,64,neumann,50p,1025,1880,34.13181018367906,/project/g_bme-janeslab/SarahG/spinodal_decomp_06_2025/out_julia/SAV_Julia_2000_dt_5.50e-06_Nx_64_neumann_dtout_1025p_phi.csv
Julia,SAV,64,periodic,50p,1050,1880,15.64392172596084,/project/g_bme-janeslab/SarahG/spinodal_decomp_06_2025/out_julia/SAV_Julia_2000_dt_5.50e-06_Nx_64_periodic_dtout_1050p_phi.csv
Julia,NMG,128,neumann,50p,1050,1880,24.72236016633179,/project/g_bme-janeslab/SarahG/spinodal_decomp_06_2025/out_julia/NMG_Julia_2000_dt_5.50e-06_Nx_128_neumann_dtout_1050p_phi.csv
Julia,NMG,512,periodic,50p,1025,1880,256.1814997247781,/project/g_bme-janeslab/SarahG/spinodal_decomp_06_2025/out_julia/NMG_Julia_2000_dt_5.50e-06_Nx_512_periodic_dtout_1025p_phi.csv
Julia,SAV,128,neumann,50p,1075,1880,66.2239953181557,/project/g_bme-janeslab/SarahG/spinodal_decomp_06_2025/out_julia/SAV_Julia_2000_dt_5.50e-06_Nx_128_neumann_dtout_1075p_phi.csv
Julia,NMG,64,periodic,50p,1025,1880,34.055887314388244,/project/g_bme-janeslab/SarahG/spinodal_decomp_06_2025/out_julia/NMG_Julia_2000_dt_5.50e-06_Nx_64_periodic_dtout_1025p_phi.csv
Julia,NMG,256,neumann,50p,1025,1880,120.83024546373946,/project/g_bme-janeslab/SarahG/spinodal_decomp_06_2025/out_julia/NMG_Julia_2000_dt_5.50e-06_Nx_256_neumann_dtout_1025p_phi.csv
Julia,NMG,128,periodic,50p,1025,1880,65.14615707642405,/project/g_bme-janeslab/SarahG/spinodal_decomp_06_2025/out_julia/NMG_Julia_2000_dt_5.50e-06_Nx_128_periodic_dtout_1025p_phi.csv
Julia,NMG,64,periodic,50p,1075,1880,34.65349032474828,/project/g_bme-janeslab/SarahG/spinodal_decomp_06_2025/out_julia/NMG_Julia_2000_dt_5.50e-06_Nx_64_periodic_dtout_1075p_phi.csv
Julia,SAV,512,periodic,50p,1075,1880,252.87889360599223,/project/g_bme-janeslab/SarahG/spinodal_decomp_06_2025/out_julia/SAV_Julia_2000_dt_5.50e-06_Nx_512_periodic_dtout_1075p_phi.csv
Julia,NMG,256,neumann,50p,1075,1880,124.68183310476317,/project/g_bme-janeslab/SarahG/spinodal_decomp_06_2025/out_julia/NMG_Julia_2000_dt_5.50e-06_Nx_256_neumann_dtout_1075p_phi.csv
Julia,SAV,256,periodic,50p,1050,1880,34.819607659007325,/project/g_bme-janeslab/SarahG/spinodal_decomp_06_2025/out_julia/SAV_Julia_2000_dt_5.50e-06_Nx_256_periodic_dtout_1050p_phi.csv
Julia,NMG,256,neumann,50p,1050,1880,34.69882168696373,/project/g_bme-janeslab/SarahG/spinodal_decomp_06_2025/out_julia/NMG_Julia_2000_dt_5.50e-06_Nx_256_neumann_dtout_1050p_phi.csv
Julia,SAV,128,periodic,50p,1050,1880,23.554254276343624,/project/g_bme-janeslab/SarahG/spinodal_decomp_06_2025/out_julia/SAV_Julia_2000_dt_5.50e-06_Nx_128_periodic_dtout_1050p_phi.csv
Julia,NMG,64,neumann,50p,1025,1880,34.27806328220715,/project/g_bme-janeslab/SarahG/spinodal_decomp_06_2025/out_julia/NMG_Julia_2000_dt_5.50e-06_Nx_64_neumann_dtout_1025p_phi.csv
Julia,SAV,256,neumann,50p,1025,1880,120.80286341774544,/project/g_bme-janeslab/SarahG/spinodal_decomp_06_2025/out_julia/SAV_Julia_2000_dt_5.50e-06_Nx_256_neumann_dtout_1025p_phi.csv
Julia,SAV,256,periodic,50p,1025,1880,120.78178012705087,/project/g_bme-janeslab/SarahG/spinodal_decomp_06_2025/out_julia/SAV_Julia_2000_dt_5.50e-06_Nx_256_periodic_dtout_1025p_phi.csv
Julia,SAV,128,periodic,50p,1075,1880,66.09816759554239,/project/g_bme-janeslab/SarahG/spinodal_decomp_06_2025/out_julia/SAV_Julia_2000_dt_5.50e-06_Nx_128_periodic_dtout_1075p_phi.csv
Julia,SAV,512,neumann,50p,1025,1880,256.2148769140861,/project/g_bme-janeslab/SarahG/spinodal_decomp_06_2025/out_julia/SAV_Julia_2000_dt_5.50e-06_Nx_512_neumann_dtout_1025p_phi.csv
Julia,NMG,256,periodic,50p,1075,1880,124.60043572336987,/project/g_bme-janeslab/SarahG/spinodal_decomp_06_2025/out_julia/NMG_Julia_2000_dt_5.50e-06_Nx_256_periodic_dtout_1075p_phi.csv
Julia,SAV,512,neumann,50p,1075,1880,252.91539051911562,/project/g_bme-janeslab/SarahG/spinodal_decomp_06_2025/out_julia/SAV_Julia_2000_dt_5.50e-06_Nx_512_neumann_dtout_1075p_phi.csv
Julia,SAV,256,neumann,50p,1075,1880,124.61543484314588,/project/g_bme-janeslab/SarahG/spinodal_decomp_06_2025/out_julia/SAV_Julia_2000_dt_5.50e-06_Nx_256_neumann_dtout_1075p_phi.csv
Julia,SAV,128,neumann,50p,1025,1880,65.13739280130252,/project/g_bme-janeslab/SarahG/spinodal_decomp_06_2025/out_julia/SAV_Julia_2000_dt_5.50e-06_Nx_128_neumann_dtout_1025p_phi.csv
Julia,NMG,128,neumann,50p,1075,1880,66.3342232325521,/project/g_bme-janeslab/SarahG/spinodal_decomp_06_2025/out_julia/NMG_Julia_2000_dt_5.50e-06_Nx_128_neumann_dtout_1075p_phi.csv
Julia,SAV,64,periodic,50p,1075,1880,34.50383016347396,/project/g_bme-janeslab/SarahG/spinodal_decomp_06_2025/out_julia/SAV_Julia_2000_dt_5.50e-06_Nx_64_periodic_dtout_1075p_phi.csv
Julia,NMG,512,neumann,50p,1050,1880,151.57138874669545,/project/g_bme-janeslab/SarahG/spinodal_decomp_06_2025/out_julia/NMG_Julia_2000_dt_5.50e-06_Nx_512_neumann_dtout_1050p_phi.csv
Julia,SAV,256,neumann,50p,1050,1880,34.80737656225589,/project/g_bme-janeslab/SarahG/spinodal_decomp_06_2025/out_julia/SAV_Julia_2000_dt_5.50e-06_Nx_256_neumann_dtout_1050p_phi.csv
Julia,NMG,128,periodic,50p,1075,1880,66.20566564283355,/project/g_bme-janeslab/SarahG/spinodal_decomp_06_2025/out_julia/NMG_Julia_2000_dt_5.50e-06_Nx_128_periodic_dtout_1075p_phi.csv
Julia,SAV,128,periodic,50p,1025,1880,65.0659593431896,/project/g_bme-janeslab/SarahG/spinodal_decomp_06_2025/out_julia/SAV_Julia_2000_dt_5.50e-06_Nx_128_periodic_dtout_1025p_phi.csv
Python,NMG,128,neumann,50p,125,1880,65.32560618804531,/project/g_bme-janeslab/SarahG/spinodal_decomp_06_2025/out_python/NMG_Python_20_dt_5.50e-06_Nx_128_neumann_dtout_125pphi.csv
Python,NMG,64,periodic,50p,175,1880,35.147893906555886,/project/g_bme-janeslab/SarahG/spinodal_decomp_06_2025/out_python/NMG_Python_20_dt_5.50e-06_Nx_64_periodic_dtout_175pphi.csv
Python,NMG,256,periodic,50p,150,1880,32.143978023822505,/project/g_bme-janeslab/SarahG/spinodal_decomp_06_2025/out_python/NMG_Python_20_dt_5.50e-06_Nx_256_periodic_dtout_150pphi.csv
Python,NMG,128,neumann,50p,175,1880,66.70492714139907,/project/g_bme-janeslab/SarahG/spinodal_decomp_06_2025/out_python/NMG_Python_20_dt_5.50e-06_Nx_128_neumann_dtout_175pphi.csv
Python,NMG,64,neumann,50p,150,1880,17.498931631435845,/project/g_bme-janeslab/SarahG/spinodal_decomp_06_2025/out_python/NMG_Python_20_dt_5.50e-06_Nx_64_neumann_dtout_150pphi.csv
Python,NMG,256,neumann,50p,150,1880,32.15860670675787,/project/g_bme-janeslab/SarahG/spinodal_decomp_06_2025/out_python/NMG_Python_20_dt_5.50e-06_Nx_256_neumann_dtout_150pphi.csv
Python,NMG,512,neumann,50p,125,1880,256.05091397714403,/project/g_bme-janeslab/SarahG/spinodal_decomp_06_2025/out_python/NMG_Python_20_dt_5.50e-06_Nx_512_neumann_dtout_125pphi.csv
Python,NMG,256,neumann,50p,175,1880,124.84701936571823,/project/g_bme-janeslab/SarahG/spinodal_decomp_06_2025/out_python/NMG_Python_20_dt_5.50e-06_Nx_256_neumann_dtout_175pphi.csv
Python,NMG,128,periodic,50p,150,1880,24.805352188748437,/project/g_bme-janeslab/SarahG/spinodal_decomp_06_2025/out_python/NMG_Python_20_dt_5.50e-06_Nx_128_periodic_dtout_150pphi.csv
Python,NMG,256,neumann,50p,125,1880,120.84522231275153,/project/g_bme-janeslab/SarahG/spinodal_decomp_06_2025/out_python/NMG_Python_20_dt_5.50e-06_Nx_256_neumann_dtout_125pphi.csv
Python,NMG,64,neumann,50p,175,1880,35.3909592349103,/project/g_bme-janeslab/SarahG/spinodal_decomp_06_2025/out_python/NMG_Python_20_dt_5.50e-06_Nx_64_neumann_dtout_175pphi.csv
Python,NMG,256,periodic,50p,125,1880,120.82204627610291,/project/g_bme-janeslab/SarahG/spinodal_decomp_06_2025/out_python/NMG_Python_20_dt_5.50e-06_Nx_256_periodic_dtout_125pphi.csv
Python,NMG,512,periodic,50p,150,1880,114.42052445166252,/project/g_bme-janeslab/SarahG/spinodal_decomp_06_2025/out_python/NMG_Python_20_dt_5.50e-06_Nx_512_periodic_dtout_150pphi.csv
Python,NMG,64,neumann,50p,125,1880,34.45398269023434,/project/g_bme-janeslab/SarahG/spinodal_decomp_06_2025/out_python/NMG_Python_20_dt_5.50e-06_Nx_64_neumann_dtout_125pphi.csv
Python,NMG,512,periodic,50p,125,1880,255.9909068484592,/project/g_bme-janeslab/SarahG/spinodal_decomp_06_2025/out_python/NMG_Python_20_dt_5.50e-06_Nx_512_periodic_dtout_125pphi.csv
Python,NMG,128,periodic,50p,175,1880,66.57198692685891,/project/g_bme-janeslab/SarahG/spinodal_decomp_06_2025/out_python/NMG_Python_20_dt_5.50e-06_Nx_128_periodic_dtout_175pphi.csv
Python,NMG,512,periodic,50p,175,1880,252.69474205530517,/project/g_bme-janeslab/SarahG/spinodal_decomp_06_2025/out_python/NMG_Python_20_dt_5.50e-06_Nx_512_periodic_dtout_175pphi.csv
Python,NMG,128,neumann,50p,150,1880,25.35934587930622,/project/g_bme-janeslab/SarahG/spinodal_decomp_06_2025/out_python/NMG_Python_20_dt_5.50e-06_Nx_128_neumann_dtout_150pphi.csv
Python,NMG,512,neumann,50p,175,1880,252.72162698590563,/project/g_bme-janeslab/SarahG/spinodal_decomp_06_2025/out_python/NMG_Python_20_dt_5.50e-06_Nx_512_neumann_dtout_175pphi.csv
Python,NMG,512,neumann,50p,150,1880,114.89872019387654,/project/g_bme-janeslab/SarahG/spinodal_decomp_06_2025/out_python/NMG_Python_20_dt_5.50e-06_Nx_512_neumann_dtout_150pphi.csv
Python,NMG,64,periodic,50p,125,1880,34.25972097757751,/project/g_bme-janeslab/SarahG/spinodal_decomp_06_2025/out_python/NMG_Python_20_dt_5.50e-06_Nx_64_periodic_dtout_125pphi.csv
Python,NMG,256,periodic,50p,175,1880,124.76324190452583,/project/g_bme-janeslab/SarahG/spinodal_decomp_06_2025/out_python/NMG_Python_20_dt_5.50e-06_Nx_256_periodic_dtout_175pphi.csv
Python,NMG,64,periodic,50p,150,1880,17.008928262833656,/project/g_bme-janeslab/SarahG/spinodal_decomp_06_2025/out_python/NMG_Python_20_dt_5.50e-06_Nx_64_periodic_dtout_150pphi.csv
Python,NMG,128,periodic,50p,125,1880,65.26312088458492,/project/g_bme-janeslab/SarahG/spinodal_decomp_06_2025/out_python/NMG_Python_20_dt_5.50e-06_Nx_128_periodic_dtout_125pphi.csv
MATLAB,SAV,64,periodic,450p,None (10),1920,0.0,/project/g_bme-janeslab/SarahG/spinodal_decomp_06_2025/out_MATLAB/SAV_MATLAB_2000_dt_5.50e-06_Nx_64_periodic_n_relax_450p_phi.csv
MATLAB,NMG,512,periodic,475p,None (10),1920,447.42731898221416,/project/g_bme-janeslab/SarahG/spinodal_decomp_06_2025/out_MATLAB/NMG_MATLAB_2000_dt_5.50e-06_Nx_512_periodic_n_relax_475p_phi.csv
MATLAB,NMG,512,neumann,450p,None (10),1920,451.39923551828645,/project/g_bme-janeslab/SarahG/spinodal_decomp_06_2025/out_MATLAB/NMG_MATLAB_2000_dt_5.50e-06_Nx_512_neumann_n_relax_450p_phi.csv
MATLAB,SAV,256,neumann,450p,None (10),1920,207.44239949248237,/project/g_bme-janeslab/SarahG/spinodal_decomp_06_2025/out_MATLAB/SAV_MATLAB_2000_dt_5.50e-06_Nx_256_neumann_n_relax_450p_phi.csv
MATLAB,SAV,64,neumann,475p,None (10),1920,35.09511478240624,/project/g_bme-janeslab/SarahG/spinodal_decomp_06_2025/out_MATLAB/SAV_MATLAB_2000_dt_5.50e-06_Nx_64_neumann_n_relax_475p_phi.csv
MATLAB,NMG,256,periodic,475p,None (10),1920,210.2100547161897,/project/g_bme-janeslab/SarahG/spinodal_decomp_06_2025/out_MATLAB/NMG_MATLAB_2000_dt_5.50e-06_Nx_256_periodic_n_relax_475p_phi.csv
MATLAB,NMG,128,neumann,425p,None (10),1920,0.0,/project/g_bme-janeslab/SarahG/spinodal_decomp_06_2025/out_MATLAB/NMG_MATLAB_2000_dt_5.50e-06_Nx_128_neumann_n_relax_425p_phi.csv
MATLAB,SAV,256,periodic,425p,None (10),1920,0.0,/project/g_bme-janeslab/SarahG/spinodal_decomp_06_2025/out_MATLAB/SAV_MATLAB_2000_dt_5.50e-06_Nx_256_periodic_n_relax_425p_phi.csv
MATLAB,NMG,128,periodic,475p,None (10),1920,84.31019487236385,/project/g_bme-janeslab/SarahG/spinodal_decomp_06_2025/out_MATLAB/NMG_MATLAB_2000_dt_5.50e-06_Nx_128_periodic_n_relax_475p_phi.csv
MATLAB,SAV,128,periodic,450p,None (10),1920,0.0,/project/g_bme-janeslab/SarahG/spinodal_decomp_06_2025/out_MATLAB/SAV_MATLAB_2000_dt_5.50e-06_Nx_128_periodic_n_relax_450p_phi.csv
MATLAB,NMG,128,neumann,450p,None (10),1920,90.2718730085762,/project/g_bme-janeslab/SarahG/spinodal_decomp_06_2025/out_MATLAB/NMG_MATLAB_2000_dt_5.50e-06_Nx_128_neumann_n_relax_450p_phi.csv
MATLAB,SAV,256,neumann,425p,None (10),1920,209.78837550331497,/project/g_bme-janeslab/SarahG/spinodal_decomp_06_2025/out_MATLAB/SAV_MATLAB_2000_dt_5.50e-06_Nx_256_neumann_n_relax_425p_phi.csv
MATLAB,SAV,512,periodic,450p,None (10),1920,0.0,/project/g_bme-janeslab/SarahG/spinodal_decomp_06_2025/out_MATLAB/SAV_MATLAB_2000_dt_5.50e-06_Nx_512_periodic_n_relax_450p_phi.csv
MATLAB,SAV,128,periodic,425p,None (10),1920,0.0,/project/g_bme-janeslab/SarahG/spinodal_decomp_06_2025/out_MATLAB/SAV_MATLAB_2000_dt_5.50e-06_Nx_128_periodic_n_relax_425p_phi.csv
MATLAB,NMG,512,neumann,425p,None (10),1920,449.51921243760734,/project/g_bme-janeslab/SarahG/spinodal_decomp_06_2025/out_MATLAB/NMG_MATLAB_2000_dt_5.50e-06_Nx_512_neumann_n_relax_425p_phi.csv
MATLAB,NMG,64,neumann,450p,None (10),1920,0.0,/project/g_bme-janeslab/SarahG/spinodal_decomp_06_2025/out_MATLAB/NMG_MATLAB_2000_dt_5.50e-06_Nx_64_neumann_n_relax_450p_phi.csv
MATLAB,NMG,64,periodic,450p,None (10),1920,33.79249646335153,/project/g_bme-janeslab/SarahG/spinodal_decomp_06_2025/out_MATLAB/NMG_MATLAB_2000_dt_5.50e-06_Nx_64_periodic_n_relax_450p_phi.csv
MATLAB,NMG,256,neumann,425p,None (10),1920,210.4507022851827,/project/g_bme-janeslab/SarahG/spinodal_decomp_06_2025/out_MATLAB/NMG_MATLAB_2000_dt_5.50e-06_Nx_256_neumann_n_relax_425p_phi.csv
MATLAB,SAV,64,neumann,425p,None (10),1920,0.0,/project/g_bme-janeslab/SarahG/spinodal_decomp_06_2025/out_MATLAB/SAV_MATLAB_2000_dt_5.50e-06_Nx_64_neumann_n_relax_425p_phi.csv
MATLAB,SAV,128,neumann,425p,None (10),1920,0.0,/project/g_bme-janeslab/SarahG/spinodal_decomp_06_2025/out_MATLAB/SAV_MATLAB_2000_dt_5.50e-06_Nx_128_neumann_n_relax_425p_phi.csv
MATLAB,NMG,128,periodic,425p,None (10),1920,0.0,/project/g_bme-janeslab/SarahG/spinodal_decomp_06_2025/out_MATLAB/NMG_MATLAB_2000_dt_5.50e-06_Nx_128_periodic_n_relax_425p_phi.csv
MATLAB,SAV,512,periodic,475p,None (10),1920,0.0,/project/g_bme-janeslab/SarahG/spinodal_decomp_06_2025/out_MATLAB/SAV_MATLAB_2000_dt_5.50e-06_Nx_512_periodic_n_relax_475p_phi.csv
MATLAB,SAV,512,neumann,475p,None (10),1920,0.0,/project/g_bme-janeslab/SarahG/spinodal_decomp_06_2025/out_MATLAB/SAV_MATLAB_2000_dt_5.50e-06_Nx_512_neumann_n_relax_475p_phi.csv
MATLAB,NMG,256,neumann,475p,None (10),1920,209.81114904292568,/project/g_bme-janeslab/SarahG/spinodal_decomp_06_2025/out_MATLAB/NMG_MATLAB_2000_dt_5.50e-06_Nx_256_neumann_n_relax_475p_phi.csv
MATLAB,NMG,256,neumann,450p,None (10),1920,207.76412597364168,/project/g_bme-janeslab/SarahG/spinodal_decomp_06_2025/out_MATLAB/NMG_MATLAB_2000_dt_5.50e-06_Nx_256_neumann_n_relax_450p_phi.csv
MATLAB,SAV,512,periodic,425p,None (10),1920,0.0,/project/g_bme-janeslab/SarahG/spinodal_decomp_06_2025/out_MATLAB/SAV_MATLAB_2000_dt_5.50e-06_Nx_512_periodic_n_relax_425p_phi.csv
MATLAB,NMG,64,neumann,475p,None (10),1920,35.16923639161844,/project/g_bme-janeslab/SarahG/spinodal_decomp_06_2025/out_MATLAB/NMG_MATLAB_2000_dt_5.50e-06_Nx_64_neumann_n_relax_475p_phi.csv
MATLAB,SAV,128,periodic,475p,None (10),1920,84.72694284039663,/project/g_bme-janeslab/SarahG/spinodal_decomp_06_2025/out_MATLAB/SAV_MATLAB_2000_dt_5.50e-06_Nx_128_periodic_n_relax_475p_phi.csv
MATLAB,SAV,256,neumann,475p,None (10),1920,209.40566606606188,/project/g_bme-janeslab/SarahG/spinodal_decomp_06_2025/out_MATLAB/SAV_MATLAB_2000_dt_5.50e-06_Nx_256_neumann_n_relax_475p_phi.csv
MATLAB,NMG,512,periodic,450p,None (10),1920,451.52056114347783,/project/g_bme-janeslab/SarahG/spinodal_decomp_06_2025/out_MATLAB/NMG_MATLAB_2000_dt_5.50e-06_Nx_512_periodic_n_relax_450p_phi.csv
MATLAB,SAV,64,periodic,425p,None (10),1920,0.0,/project/g_bme-janeslab/SarahG/spinodal_decomp_06_2025/out_MATLAB/SAV_MATLAB_2000_dt_5.50e-06_Nx_64_periodic_n_relax_425p_phi.csv
MATLAB,SAV,512,neumann,425p,None (10),1920,0.0,/project/g_bme-janeslab/SarahG/spinodal_decomp_06_2025/out_MATLAB/SAV_MATLAB_2000_dt_5.50e-06_Nx_512_neumann_n_relax_425p_phi.csv
MATLAB,SAV,128,neumann,475p,None (10),1920,0.0,/project/g_bme-janeslab/SarahG/spinodal_decomp_06_2025/out_MATLAB/SAV_MATLAB_2000_dt_5.50e-06_Nx_128_neumann_n_relax_475p_phi.csv
MATLAB,SAV,512,neumann,450p,None (10),1920,450.68058405566256,/project/g_bme-janeslab/SarahG/spinodal_decomp_06_2025/out_MATLAB/SAV_MATLAB_2000_dt_5.50e-06_Nx_512_neumann_n_relax_450p_phi.csv
MATLAB,SAV,256,periodic,475p,None (10),1920,209.9119776059097,/project/g_bme-janeslab/SarahG/spinodal_decomp_06_2025/out_MATLAB/SAV_MATLAB_2000_dt_5.50e-06_Nx_256_periodic_n_relax_475p_phi.csv
MATLAB,NMG,256,periodic,450p,None (10),1920,208.3679587701316,/project/g_bme-janeslab/SarahG/spinodal_decomp_06_2025/out_MATLAB/NMG_MATLAB_2000_dt_5.50e-06_Nx_256_periodic_n_relax_450p_phi.csv
MATLAB,SAV,128,neumann,450p,None (10),1920,0.0,/project/g_bme-janeslab/SarahG/spinodal_decomp_06_2025/out_MATLAB/SAV_MATLAB_2000_dt_5.50e-06_Nx_128_neumann_n_relax_450p_phi.csv
MATLAB,NMG,64,periodic,475p,None (10),1920,33.53185291040236,/project/g_bme-janeslab/SarahG/spinodal_decomp_06_2025/out_MATLAB/NMG_MATLAB_2000_dt_5.50e-06_Nx_64_periodic_n_relax_475p_phi.csv
MATLAB,NMG,512,periodic,425p,None (10),1920,448.8387049243492,/project/g_bme-janeslab/SarahG/spinodal_decomp_06_2025/out_MATLAB/NMG_MATLAB_2000_dt_5.50e-06_Nx_512_periodic_n_relax_425p_phi.csv
MATLAB,NMG,128,periodic,450p,None (10),1920,0.0,/project/g_bme-janeslab/SarahG/spinodal_decomp_06_2025/out_MATLAB/NMG_MATLAB_2000_dt_5.50e-06_Nx_128_periodic_n_relax_450p_phi.csv
MATLAB,NMG,128,neumann,475p,None (10),1920,0.0,/project/g_bme-janeslab/SarahG/spinodal_decomp_06_2025/out_MATLAB/NMG_MATLAB_2000_dt_5.50e-06_Nx_128_neumann_n_relax_475p_phi.csv
MATLAB,NMG,256,periodic,425p,None (10),1920,209.59121831056774,/project/g_bme-janeslab/SarahG/spinodal_decomp_06_2025/out_MATLAB/NMG_MATLAB_2000_dt_5.50e-06_Nx_256_periodic_n_relax_425p_phi.csv
MATLAB,SAV,64,periodic,475p,None (10),1920,33.496017745761606,/project/g_bme-janeslab/SarahG/spinodal_decomp_06_2025/out_MATLAB/SAV_MATLAB_2000_dt_5.50e-06_Nx_64_periodic_n_relax_475p_phi.csv
MATLAB,NMG,512,neumann,475p,None (10),1920,448.26410037571276,/project/g_bme-janeslab/SarahG/spinodal_decomp_06_2025/out_MATLAB/NMG_MATLAB_2000_dt_5.50e-06_Nx_512_neumann_n_relax_475p_phi.csv
MATLAB,NMG,64,periodic,425p,None (10),1920,32.894954395931286,/project/g_bme-janeslab/SarahG/spinodal_decomp_06_2025/out_MATLAB/NMG_MATLAB_2000_dt_5.50e-06_Nx_64_periodic_n_relax_425p_phi.csv
MATLAB,SAV,64,neumann,450p,None (10),1920,0.0,/project/g_bme-janeslab/SarahG/spinodal_decomp_06_2025/out_MATLAB/SAV_MATLAB_2000_dt_5.50e-06_Nx_64_neumann_n_relax_450p_phi.csv
MATLAB,NMG,64,neumann,425p,None (10),1920,0.0,/project/g_bme-janeslab/SarahG/spinodal_decomp_06_2025/out_MATLAB/NMG_MATLAB_2000_dt_5.50e-06_Nx_64_neumann_n_relax_425p_phi.csv
MATLAB,SAV,256,periodic,450p,None (10),1920,0.0,/project/g_bme-janeslab/SarahG/spinodal_decomp_06_2025/out_MATLAB/SAV_MATLAB_2000_dt_5.50e-06_Nx_256_periodic_n_relax_450p_phi.csv
Julia,SAV,512,periodic,50p,1050,1920,168.03165823364452,/project/g_bme-janeslab/SarahG/spinodal_decomp_06_2025/out_julia/SAV_Julia_2000_dt_5.50e-06_Nx_512_periodic_dtout_1050p_phi.csv
Julia,NMG,64,neumann,50p,1075,1920,34.854081595854446,/project/g_bme-janeslab/SarahG/spinodal_decomp_06_2025/out_julia/NMG_Julia_2000_dt_5.50e-06_Nx_64_neumann_dtout_1075p_phi.csv
Julia,NMG,512,periodic,50p,1050,1920,153.19367679558047,/project/g_bme-janeslab/SarahG/spinodal_decomp_06_2025/out_julia/NMG_Julia_2000_dt_5.50e-06_Nx_512_periodic_dtout_1050p_phi.csv
Julia,NMG,64,neumann,50p,1050,1920,16.497218884601878,/project/g_bme-janeslab/SarahG/spinodal_decomp_06_2025/out_julia/NMG_Julia_2000_dt_5.50e-06_Nx_64_neumann_dtout_1050p_phi.csv
Julia,NMG,512,periodic,50p,1075,1920,252.880680029583,/project/g_bme-janeslab/SarahG/spinodal_decomp_06_2025/out_julia/NMG_Julia_2000_dt_5.50e-06_Nx_512_periodic_dtout_1075p_phi.csv
Julia,SAV,64,periodic,50p,1025,1920,33.90211696482718,/project/g_bme-janeslab/SarahG/spinodal_decomp_06_2025/out_julia/SAV_Julia_2000_dt_5.50e-06_Nx_64_periodic_dtout_1025p_phi.csv
Julia,SAV,256,periodic,50p,1075,1920,124.51298516006526,/project/g_bme-janeslab/SarahG/spinodal_decomp_06_2025/out_julia/SAV_Julia_2000_dt_5.50e-06_Nx_256_periodic_dtout_1075p_phi.csv
Julia,SAV,128,neumann,50p,1050,1920,24.13377527486782,/project/g_bme-janeslab/SarahG/spinodal_decomp_06_2025/out_julia/SAV_Julia_2000_dt_5.50e-06_Nx_128_neumann_dtout_1050p_phi.csv
Julia,NMG,256,periodic,50p,1025,1920,120.80671028001485,/project/g_bme-janeslab/SarahG/spinodal_decomp_06_2025/out_julia/NMG_Julia_2000_dt_5.50e-06_Nx_256_periodic_dtout_1025p_phi.csv
Julia,NMG,256,periodic,50p,1050,1920,34.854046957259534,/project/g_bme-janeslab/SarahG/spinodal_decomp_06_2025/out_julia/NMG_Julia_2000_dt_5.50e-06_Nx_256_periodic_dtout_1050p_phi.csv
Julia,SAV,512,periodic,50p,1025,1920,256.17370357790514,/project/g_bme-janeslab/SarahG/spinodal_decomp_06_2025/out_julia/SAV_Julia_2000_dt_5.50e-06_Nx_512_periodic_dtout_1025p_phi.csv
Julia,NMG,128,periodic,50p,1050,1920,24.08466889452608,/project/g_bme-janeslab/SarahG/spinodal_decomp_06_2025/out_julia/NMG_Julia_2000_dt_5.50e-06_Nx_128_periodic_dtout_1050p_phi.csv
Julia,NMG,512,neumann,50p,1025,1920,256.2598553540657,/project/g_bme-janeslab/SarahG/spinodal_decomp_06_2025/out_julia/NMG_Julia_2000_dt_5.50e-06_Nx_512_neumann_dtout_1025p_phi.csv
Julia,SAV,512,neumann,50p,1050,1920,168.364432415462,/project/g_bme-janeslab/SarahG/spinodal_decomp_06_2025/out_julia/SAV_Julia_2000_dt_5.50e-06_Nx_512_neumann_dtout_1050p_phi.csv
Julia,SAV,64,neumann,50p,1075,1920,34.70151470273447,/project/g_bme-janeslab/SarahG/spinodal_decomp_06_2025/out_julia/SAV_Julia_2000_dt_5.50e-06_Nx_64_neumann_dtout_1075p_phi.csv
Julia,NMG,128,neumann,50p,1025,1920,65.20401731231424,/project/g_bme-janeslab/SarahG/spinodal_decomp_06_2025/out_julia/NMG_Julia_2000_dt_5.50e-06_Nx_128_neumann_dtout_1025p_phi.csv
Julia,NMG,512,neumann,50p,1075,1920,252.91486457922622,/project/g_bme-janeslab/SarahG/spinodal_decomp_06_2025/out_julia/NMG_Julia_2000_dt_5.50e-06_Nx_512_neumann_dtout_1075p_phi.csv
Julia,SAV,64,neumann,50p,1050,1920,16.013919342428043,/project/g_bme-janeslab/SarahG/spinodal_decomp_06_2025/out_julia/SAV_Julia_2000_dt_5.50e-06_Nx_64_neumann_dtout_1050p_phi.csv
Julia,NMG,64,periodic,50p,1050,1920,16.02560396217263,/project/g_bme-janeslab/SarahG/spinodal_decomp_06_2025/out_julia/NMG_Julia_2000_dt_5.50e-06_Nx_64_periodic_dtout_1050p_phi.csv
Julia,SAV,64,neumann,50p,1025,1920,34.12496834132548,/project/g_bme-janeslab/SarahG/spinodal_decomp_06_2025/out_julia/SAV_Julia_2000_dt_5.50e-06_Nx_64_neumann_dtout_1025p_phi.csv
Julia,SAV,64,periodic,50p,1050,1920,15.538724352144648,/project/g_bme-janeslab/SarahG/spinodal_decomp_06_2025/out_julia/SAV_Julia_2000_dt_5.50e-06_Nx_64_periodic_dtout_1050p_phi.csv
Julia,NMG,128,neumann,50p,1050,1920,24.672056301063293,/project/g_bme-janeslab/SarahG/spinodal_decomp_06_2025/out_julia/NMG_Julia_2000_dt_5.50e-06_Nx_128_neumann_dtout_1050p_phi.csv
Julia,NMG,512,periodic,50p,1025,1920,256.2005598214914,/project/g_bme-janeslab/SarahG/spinodal_decomp_06_2025/out_julia/NMG_Julia_2000_dt_5.50e-06_Nx_512_periodic_dtout_1025p_phi.csv
Julia,SAV,128,neumann,50p,1075,1920,66.16474911235903,/project/g_bme-janeslab/SarahG/spinodal_decomp_06_2025/out_julia/SAV_Julia_2000_dt_5.50e-06_Nx_128_neumann_dtout_1075p_phi.csv
Julia,NMG,64,periodic,50p,1025,1920,34.03752784083887,/project/g_bme-janeslab/SarahG/spinodal_decomp_06_2025/out_julia/NMG_Julia_2000_dt_5.50e-06_Nx_64_periodic_dtout_1025p_phi.csv
Julia,NMG,256,neumann,50p,1025,1920,120.82742418053289,/project/g_bme-janeslab/SarahG/spinodal_decomp_06_2025/out_julia/NMG_Julia_2000_dt_5.50e-06_Nx_256_neumann_dtout_1025p_phi.csv
Julia,NMG,128,periodic,50p,1025,1920,65.13187728230903,/project/g_bme-janeslab/SarahG/spinodal_decomp_06_2025/out_julia/NMG_Julia_2000_dt_5.50e-06_Nx_128_periodic_dtout_1025p_phi.csv
Julia,NMG,64,periodic,50p,1075,1920,34.60792249235453,/project/g_bme-janeslab/SarahG/spinodal_decomp_06_2025/out_julia/NMG_Julia_2000_dt_5.50e-06_Nx_64_periodic_dtout_1075p_phi.csv
Julia,SAV,512,periodic,50p,1075,1920,252.8831911791273,/project/g_bme-janeslab/SarahG/spinodal_decomp_06_2025/out_julia/SAV_Julia_2000_dt_5.50e-06_Nx_512_periodic_dtout_1075p_phi.csv
Julia,NMG,256,neumann,50p,1075,1920,124.65819189242762,/project/g_bme-janeslab/SarahG/spinodal_decomp_06_2025/out_julia/NMG_Julia_2000_dt_5.50e-06_Nx_256_neumann_dtout_1075p_phi.csv
Julia,SAV,256,periodic,50p,1050,1920,34.97417370038079,/project/g_bme-janeslab/SarahG/spinodal_decomp_06_2025/out_julia/SAV_Julia_2000_dt_5.50e-06_Nx_256_periodic_dtout_1050p_phi.csv
Julia,NMG,256,neumann,50p,1050,1920,34.84790857054871,/project/g_bme-janeslab/SarahG/spinodal_decomp_06_2025/out_julia/NMG_Julia_2000_dt_5.50e-06_Nx_256_neumann_dtout_1050p_phi.csv
Julia,SAV,128,periodic,50p,1050,1920,23.519464130653827,/project/g_bme-janeslab/SarahG/spinodal_decomp_06_2025/out_julia/SAV_Julia_2000_dt_5.50e-06_Nx_128_periodic_dtout_1050p_phi.csv
Julia,NMG,64,neumann,50p,1025,1920,34.260108940849456,/project/g_bme-janeslab/SarahG/spinodal_decomp_06_2025/out_julia/NMG_Julia_2000_dt_5.50e-06_Nx_64_neumann_dtout_1025p_phi.csv
Julia,SAV,256,neumann,50p,1025,1920,120.80019395117696,/project/g_bme-janeslab/SarahG/spinodal_decomp_06_2025/out_julia/SAV_Julia_2000_dt_5.50e-06_Nx_256_neumann_dtout_1025p_phi.csv
Julia,SAV,256,periodic,50p,1025,1920,120.77829739109953,/project/g_bme-janeslab/SarahG/spinodal_decomp_06_2025/out_julia/SAV_Julia_2000_dt_5.50e-06_Nx_256_periodic_dtout_1025p_phi.csv
Julia,SAV,128,periodic,50p,1075,1920,66.03840214778177,/project/g_bme-janeslab/SarahG/spinodal_decomp_06_2025/out_julia/SAV_Julia_2000_dt_5.50e-06_Nx_128_periodic_dtout_1075p_phi.csv
Julia,SAV,512,neumann,50p,1025,1920,256.2364768706353,/project/g_bme-janeslab/SarahG/spinodal_decomp_06_2025/out_julia/SAV_Julia_2000_dt_5.50e-06_Nx_512_neumann_dtout_1025p_phi.csv
Julia,NMG,256,periodic,50p,1075,1920,124.57832669147841,/project/g_bme-janeslab/SarahG/spinodal_decomp_06_2025/out_julia/NMG_Julia_2000_dt_5.50e-06_Nx_256_periodic_dtout_1075p_phi.csv
Julia,SAV,512,neumann,50p,1075,1920,252.9197627423747,/project/g_bme-janeslab/SarahG/spinodal_decomp_06_2025/out_julia/SAV_Julia_2000_dt_5.50e-06_Nx_512_neumann_dtout_1075p_phi.csv
Julia,SAV,256,neumann,50p,1075,1920,124.59305818352298,/project/g_bme-janeslab/SarahG/spinodal_decomp_06_2025/out_julia/SAV_Julia_2000_dt_5.50e-06_Nx_256_neumann_dtout_1075p_phi.csv
Julia,SAV,128,neumann,50p,1025,1920,65.1280433625064,/project/g_bme-janeslab/SarahG/spinodal_decomp_06_2025/out_julia/SAV_Julia_2000_dt_5.50e-06_Nx_128_neumann_dtout_1025p_phi.csv
Julia,NMG,128,neumann,50p,1075,1920,66.27421621774317,/project/g_bme-janeslab/SarahG/spinodal_decomp_06_2025/out_julia/NMG_Julia_2000_dt_5.50e-06_Nx_128_neumann_dtout_1075p_phi.csv
Julia,SAV,64,periodic,50p,1075,1920,34.45898596126451,/project/g_bme-janeslab/SarahG/spinodal_decomp_06_2025/out_julia/SAV_Julia_2000_dt_5.50e-06_Nx_64_periodic_dtout_1075p_phi.csv
Julia,NMG,512,neumann,50p,1050,1920,153.52636401544896,/project/g_bme-janeslab/SarahG/spinodal_decomp_06_2025/out_julia/NMG_Julia_2000_dt_5.50e-06_Nx_512_neumann_dtout_1050p_phi.csv
Julia,SAV,256,neumann,50p,1050,1920,34.96435453553813,/project/g_bme-janeslab/SarahG/spinodal_decomp_06_2025/out_julia/SAV_Julia_2000_dt_5.50e-06_Nx_256_neumann_dtout_1050p_phi.csv
Julia,NMG,128,periodic,50p,1075,1920,66.14505175006306,/project/g_bme-janeslab/SarahG/spinodal_decomp_06_2025/out_julia/NMG_Julia_2000_dt_5.50e-06_Nx_128_periodic_dtout_1075p_phi.csv
Julia,SAV,128,periodic,50p,1025,1920,65.05604814444725,/project/g_bme-janeslab/SarahG/spinodal_decomp_06_2025/out_julia/SAV_Julia_2000_dt_5.50e-06_Nx_128_periodic_dtout_1025p_phi.csv
Python,NMG,128,neumann,50p,125,1920,65.31051347803525,/project/g_bme-janeslab/SarahG/spinodal_decomp_06_2025/out_python/NMG_Python_20_dt_5.50e-06_Nx_128_neumann_dtout_125pphi.csv
Python,NMG,64,periodic,50p,175,1920,35.11921134275842,/project/g_bme-janeslab/SarahG/spinodal_decomp_06_2025/out_python/NMG_Python_20_dt_5.50e-06_Nx_64_periodic_dtout_175pphi.csv
Python,NMG,256,periodic,50p,150,1920,32.24920195674493,/project/g_bme-janeslab/SarahG/spinodal_decomp_06_2025/out_python/NMG_Python_20_dt_5.50e-06_Nx_256_periodic_dtout_150pphi.csv
Python,NMG,128,neumann,50p,175,1920,66.67434928955964,/project/g_bme-janeslab/SarahG/spinodal_decomp_06_2025/out_python/NMG_Python_20_dt_5.50e-06_Nx_128_neumann_dtout_175pphi.csv
Python,NMG,64,neumann,50p,150,1920,17.43099460148797,/project/g_bme-janeslab/SarahG/spinodal_decomp_06_2025/out_python/NMG_Python_20_dt_5.50e-06_Nx_64_neumann_dtout_150pphi.csv
Python,NMG,256,neumann,50p,150,1920,32.26220439387028,/project/g_bme-janeslab/SarahG/spinodal_decomp_06_2025/out_python/NMG_Python_20_dt_5.50e-06_Nx_256_neumann_dtout_150pphi.csv
Python,NMG,512,neumann,50p,125,1920,256.059961841003,/project/g_bme-janeslab/SarahG/spinodal_decomp_06_2025/out_python/NMG_Python_20_dt_5.50e-06_Nx_512_neumann_dtout_125pphi.csv
Python,NMG,256,neumann,50p,175,1920,124.83386574409796,/project/g_bme-janeslab/SarahG/spinodal_decomp_06_2025/out_python/NMG_Python_20_dt_5.50e-06_Nx_256_neumann_dtout_175pphi.csv
Python,NMG,128,periodic,50p,150,1920,24.74581398105534,/project/g_bme-janeslab/SarahG/spinodal_decomp_06_2025/out_python/NMG_Python_20_dt_5.50e-06_Nx_128_periodic_dtout_150pphi.csv
Python,NMG,256,neumann,50p,125,1920,120.8420796516989,/project/g_bme-janeslab/SarahG/spinodal_decomp_06_2025/out_python/NMG_Python_20_dt_5.50e-06_Nx_256_neumann_dtout_125pphi.csv
Python,NMG,64,neumann,50p,175,1920,35.36099651861305,/project/g_bme-janeslab/SarahG/spinodal_decomp_06_2025/out_python/NMG_Python_20_dt_5.50e-06_Nx_64_neumann_dtout_175pphi.csv
Python,NMG,256,periodic,50p,125,1920,120.8187853444678,/project/g_bme-janeslab/SarahG/spinodal_decomp_06_2025/out_python/NMG_Python_20_dt_5.50e-06_Nx_256_periodic_dtout_125pphi.csv
Python,NMG,512,periodic,50p,150,1920,115.96489054399376,/project/g_bme-janeslab/SarahG/spinodal_decomp_06_2025/out_python/NMG_Python_20_dt_5.50e-06_Nx_512_periodic_dtout_150pphi.csv
Python,NMG,64,neumann,50p,125,1920,34.430389616594596,/project/g_bme-janeslab/SarahG/spinodal_decomp_06_2025/out_python/NMG_Python_20_dt_5.50e-06_Nx_64_neumann_dtout_125pphi.csv
Python,NMG,512,periodic,50p,125,1920,256.00031165501355,/project/g_bme-janeslab/SarahG/spinodal_decomp_06_2025/out_python/NMG_Python_20_dt_5.50e-06_Nx_512_periodic_dtout_125pphi.csv
Python,NMG,128,periodic,50p,175,1920,66.54115104989795,/project/g_bme-janeslab/SarahG/spinodal_decomp_06_2025/out_python/NMG_Python_20_dt_5.50e-06_Nx_128_periodic_dtout_175pphi.csv
Python,NMG,512,periodic,50p,175,1920,252.69721512287612,/project/g_bme-janeslab/SarahG/spinodal_decomp_06_2025/out_python/NMG_Python_20_dt_5.50e-06_Nx_512_periodic_dtout_175pphi.csv
Python,NMG,128,neumann,50p,150,1920,25.301381048776836,/project/g_bme-janeslab/SarahG/spinodal_decomp_06_2025/out_python/NMG_Python_20_dt_5.50e-06_Nx_128_neumann_dtout_150pphi.csv
Python,NMG,512,neumann,50p,175,1920,252.72414970344386,/project/g_bme-janeslab/SarahG/spinodal_decomp_06_2025/out_python/NMG_Python_20_dt_5.50e-06_Nx_512_neumann_dtout_175pphi.csv
Python,NMG,512,neumann,50p,150,1920,116.44683814577402,/project/g_bme-janeslab/SarahG/spinodal_decomp_06_2025/out_python/NMG_Python_20_dt_5.50e-06_Nx_512_neumann_dtout_150pphi.csv
Python,NMG,64,periodic,50p,125,1920,34.23550127574781,/project/g_bme-janeslab/SarahG/spinodal_decomp_06_2025/out_python/NMG_Python_20_dt_5.50e-06_Nx_64_periodic_dtout_125pphi.csv
Python,NMG,256,periodic,50p,175,1920,124.75004230366788,/project/g_bme-janeslab/SarahG/spinodal_decomp_06_2025/out_python/NMG_Python_20_dt_5.50e-06_Nx_256_periodic_dtout_175pphi.csv
Python,NMG,64,periodic,50p,150,1920,16.9413174985159,/project/g_bme-janeslab/SarahG/spinodal_decomp_06_2025/out_python/NMG_Python_20_dt_5.50e-06_Nx_64_periodic_dtout_150pphi.csv
Python,NMG,128,periodic,50p,125,1920,65.247931892603,/project/g_bme-janeslab/SarahG/spinodal_decomp_06_2025/out_python/NMG_Python_20_dt_5.50e-06_Nx_128_periodic_dtout_125pphi.csv
MATLAB,SAV,64,periodic,450p,None (10),1960,0.0,/project/g_bme-janeslab/SarahG/spinodal_decomp_06_2025/out_MATLAB/SAV_MATLAB_2000_dt_5.50e-06_Nx_64_periodic_n_relax_450p_phi.csv
MATLAB,NMG,512,periodic,475p,None (10),1960,447.8110530284944,/project/g_bme-janeslab/SarahG/spinodal_decomp_06_2025/out_MATLAB/NMG_MATLAB_2000_dt_5.50e-06_Nx_512_periodic_n_relax_475p_phi.csv
MATLAB,NMG,512,neumann,450p,None (10),1960,451.658220228364,/project/g_bme-janeslab/SarahG/spinodal_decomp_06_2025/out_MATLAB/NMG_MATLAB_2000_dt_5.50e-06_Nx_512_neumann_n_relax_450p_phi.csv
MATLAB,SAV,256,neumann,450p,None (10),1960,207.77299684634505,/project/g_bme-janeslab/SarahG/spinodal_decomp_06_2025/out_MATLAB/SAV_MATLAB_2000_dt_5.50e-06_Nx_256_neumann_n_relax_450p_phi.csv
MATLAB,SAV,64,neumann,475p,None (10),1960,35.18187567770438,/project/g_bme-janeslab/SarahG/spinodal_decomp_06_2025/out_MATLAB/SAV_MATLAB_2000_dt_5.50e-06_Nx_64_neumann_n_relax_475p_phi.csv
MATLAB,NMG,256,periodic,475p,None (10),1960,210.41341201710387,/project/g_bme-janeslab/SarahG/spinodal_decomp_06_2025/out_MATLAB/NMG_MATLAB_2000_dt_5.50e-06_Nx_256_periodic_n_relax_475p_phi.csv
MATLAB,NMG,128,neumann,425p,None (10),1960,0.0,/project/g_bme-janeslab/SarahG/spinodal_decomp_06_2025/out_MATLAB/NMG_MATLAB_2000_dt_5.50e-06_Nx_128_neumann_n_relax_425p_phi.csv
MATLAB,SAV,256,periodic,425p,None (10),1960,0.0,/project/g_bme-janeslab/SarahG/spinodal_decomp_06_2025/out_MATLAB/SAV_MATLAB_2000_dt_5.50e-06_Nx_256_periodic_n_relax_425p_phi.csv
MATLAB,NMG,128,periodic,475p,None (10),1960,84.93099688524464,/project/g_bme-janeslab/SarahG/spinodal_decomp_06_2025/out_MATLAB/NMG_MATLAB_2000_dt_5.50e-06_Nx_128_periodic_n_relax_475p_phi.csv
MATLAB,SAV,128,periodic,450p,None (10),1960,0.0,/project/g_bme-janeslab/SarahG/spinodal_decomp_06_2025/out_MATLAB/SAV_MATLAB_2000_dt_5.50e-06_Nx_128_periodic_n_relax_450p_phi.csv
MATLAB,NMG,128,neumann,450p,None (10),1960,90.50112905696227,/project/g_bme-janeslab/SarahG/spinodal_decomp_06_2025/out_MATLAB/NMG_MATLAB_2000_dt_5.50e-06_Nx_128_neumann_n_relax_450p_phi.csv
MATLAB,SAV,256,neumann,425p,None (10),1960,209.90327638708578,/project/g_bme-janeslab/SarahG/spinodal_decomp_06_2025/out_MATLAB/SAV_MATLAB_2000_dt_5.50e-06_Nx_256_neumann_n_relax_425p_phi.csv
MATLAB,SAV,512,periodic,450p,None (10),1960,0.0,/project/g_bme-janeslab/SarahG/spinodal_decomp_06_2025/out_MATLAB/SAV_MATLAB_2000_dt_5.50e-06_Nx_512_periodic_n_relax_450p_phi.csv
MATLAB,SAV,128,periodic,425p,None (10),1960,0.0,/project/g_bme-janeslab/SarahG/spinodal_decomp_06_2025/out_MATLAB/SAV_MATLAB_2000_dt_5.50e-06_Nx_128_periodic_n_relax_425p_phi.csv
MATLAB,NMG,512,neumann,425p,None (10),1960,449.7245125723455,/project/g_bme-janeslab/SarahG/spinodal_decomp_06_2025/out_MATLAB/NMG_MATLAB_2000_dt_5.50e-06_Nx_512_neumann_n_relax_425p_phi.csv
MATLAB,NMG,64,neumann,450p,None (10),1960,0.0,/project/g_bme-janeslab/SarahG/spinodal_decomp_06_2025/out_MATLAB/NMG_MATLAB_2000_dt_5.50e-06_Nx_64_neumann_n_relax_450p_phi.csv
MATLAB,NMG,64,periodic,450p,None (10),1960,34.1471809993503,/project/g_bme-janeslab/SarahG/spinodal_decomp_06_2025/out_MATLAB/NMG_MATLAB_2000_dt_5.50e-06_Nx_64_periodic_n_relax_450p_phi.csv
MATLAB,NMG,256,neumann,425p,None (10),1960,0.0,/project/g_bme-janeslab/SarahG/spinodal_decomp_06_2025/out_MATLAB/NMG_MATLAB_2000_dt_5.50e-06_Nx_256_neumann_n_relax_425p_phi.csv
MATLAB,SAV,64,neumann,425p,None (10),1960,0.0,/project/g_bme-janeslab/SarahG/spinodal_decomp_06_2025/out_MATLAB/SAV_MATLAB_2000_dt_5.50e-06_Nx_64_neumann_n_relax_425p_phi.csv
MATLAB,SAV,128,neumann,425p,None (10),1960,0.0,/project/g_bme-janeslab/SarahG/spinodal_decomp_06_2025/out_MATLAB/SAV_MATLAB_2000_dt_5.50e-06_Nx_128_neumann_n_relax_425p_phi.csv
MATLAB,NMG,128,periodic,425p,None (10),1960,0.0,/project/g_bme-janeslab/SarahG/spinodal_decomp_06_2025/out_MATLAB/NMG_MATLAB_2000_dt_5.50e-06_Nx_128_periodic_n_relax_425p_phi.csv
MATLAB,SAV,512,periodic,475p,None (10),1960,0.0,/project/g_bme-janeslab/SarahG/spinodal_decomp_06_2025/out_MATLAB/SAV_MATLAB_2000_dt_5.50e-06_Nx_512_periodic_n_relax_475p_phi.csv
MATLAB,SAV,512,neumann,475p,None (10),1960,0.0,/project/g_bme-janeslab/SarahG/spinodal_decomp_06_2025/out_MATLAB/SAV_MATLAB_2000_dt_5.50e-06_Nx_512_neumann_n_relax_475p_phi.csv
MATLAB,NMG,256,neumann,475p,None (10),1960,209.98646478008075,/project/g_bme-janeslab/SarahG/spinodal_decomp_06_2025/out_MATLAB/NMG_MATLAB_2000_dt_5.50e-06_Nx_256_neumann_n_relax_475p_phi.csv
MATLAB,NMG,256,neumann,450p,None (10),1960,208.0874577539263,/project/g_bme-janeslab/SarahG/spinodal_decomp_06_2025/out_MATLAB/NMG_MATLAB_2000_dt_5.50e-06_Nx_256_neumann_n_relax_450p_phi.csv
MATLAB,SAV,512,periodic,425p,None (10),1960,0.0,/project/g_bme-janeslab/SarahG/spinodal_decomp_06_2025/out_MATLAB/SAV_MATLAB_2000_dt_5.50e-06_Nx_512_periodic_n_relax_425p_phi.csv
MATLAB,NMG,64,neumann,475p,None (10),1960,35.25782273425829,/project/g_bme-janeslab/SarahG/spinodal_decomp_06_2025/out_MATLAB/NMG_MATLAB_2000_dt_5.50e-06_Nx_64_neumann_n_relax_475p_phi.csv
MATLAB,SAV,128,periodic,475p,None (10),1960,85.33622112821354,/project/g_bme-janeslab/SarahG/spinodal_decomp_06_2025/out_MATLAB/SAV_MATLAB_2000_dt_5.50e-06_Nx_128_periodic_n_relax_475p_phi.csv
MATLAB,SAV,256,neumann,475p,None (10),1960,209.5904326560683,/project/g_bme-janeslab/SarahG/spinodal_decomp_06_2025/out_MATLAB/SAV_MATLAB_2000_dt_5.50e-06_Nx_256_neumann_n_relax_475p_phi.csv
MATLAB,NMG,512,periodic,450p,None (10),1960,451.9168832061243,/project/g_bme-janeslab/SarahG/spinodal_decomp_06_2025/out_MATLAB/NMG_MATLAB_2000_dt_5.50e-06_Nx_512_periodic_n_relax_450p_phi.csv
MATLAB,SAV,64,periodic,425p,None (10),1960,0.0,/project/g_bme-janeslab/SarahG/spinodal_decomp_06_2025/out_MATLAB/SAV_MATLAB_2000_dt_5.50e-06_Nx_64_periodic_n_relax_425p_phi.csv
MATLAB,SAV,512,neumann,425p,None (10),1960,0.0,/project/g_bme-janeslab/SarahG/spinodal_decomp_06_2025/out_MATLAB/SAV_MATLAB_2000_dt_5.50e-06_Nx_512_neumann_n_relax_425p_phi.csv
MATLAB,SAV,128,neumann,475p,None (10),1960,0.0,/project/g_bme-janeslab/SarahG/spinodal_decomp_06_2025/out_MATLAB/SAV_MATLAB_2000_dt_5.50e-06_Nx_128_neumann_n_relax_475p_phi.csv
MATLAB,SAV,512,neumann,450p,None (10),1960,451.0147518955558,/project/g_bme-janeslab/SarahG/spinodal_decomp_06_2025/out_MATLAB/SAV_MATLAB_2000_dt_5.50e-06_Nx_512_neumann_n_relax_450p_phi.csv
MATLAB,SAV,256,periodic,475p,None (10),1960,210.14222858560072,/project/g_bme-janeslab/SarahG/spinodal_decomp_06_2025/out_MATLAB/SAV_MATLAB_2000_dt_5.50e-06_Nx_256_periodic_n_relax_475p_phi.csv
MATLAB,NMG,256,periodic,450p,None (10),1960,208.67441520706365,/project/g_bme-janeslab/SarahG/spinodal_decomp_06_2025/out_MATLAB/NMG_MATLAB_2000_dt_5.50e-06_Nx_256_periodic_n_relax_450p_phi.csv
MATLAB,SAV,128,neumann,450p,None (10),1960,0.0,/project/g_bme-janeslab/SarahG/spinodal_decomp_06_2025/out_MATLAB/SAV_MATLAB_2000_dt_5.50e-06_Nx_128_neumann_n_relax_450p_phi.csv
MATLAB,NMG,64,periodic,475p,None (10),1960,33.567156497188904,/project/g_bme-janeslab/SarahG/spinodal_decomp_06_2025/out_MATLAB/NMG_MATLAB_2000_dt_5.50e-06_Nx_64_periodic_n_relax_475p_phi.csv
MATLAB,NMG,512,periodic,425p,None (10),1960,448.98709612845755,/project/g_bme-janeslab/SarahG/spinodal_decomp_06_2025/out_MATLAB/NMG_MATLAB_2000_dt_5.50e-06_Nx_512_periodic_n_relax_425p_phi.csv
MATLAB,NMG,128,periodic,450p,None (10),1960,0.0,/project/g_bme-janeslab/SarahG/spinodal_decomp_06_2025/out_MATLAB/NMG_MATLAB_2000_dt_5.50e-06_Nx_128_periodic_n_relax_450p_phi.csv
MATLAB,NMG,128,neumann,475p,None (10),1960,0.0,/project/g_bme-janeslab/SarahG/spinodal_decomp_06_2025/out_MATLAB/NMG_MATLAB_2000_dt_5.50e-06_Nx_128_neumann_n_relax_475p_phi.csv
MATLAB,NMG,256,periodic,425p,None (10),1960,209.7372679179539,/project/g_bme-janeslab/SarahG/spinodal_decomp_06_2025/out_MATLAB/NMG_MATLAB_2000_dt_5.50e-06_Nx_256_periodic_n_relax_425p_phi.csv
MATLAB,SAV,64,periodic,475p,None (10),1960,33.53018872706098,/project/g_bme-janeslab/SarahG/spinodal_decomp_06_2025/out_MATLAB/SAV_MATLAB_2000_dt_5.50e-06_Nx_64_periodic_n_relax_475p_phi.csv
MATLAB,NMG,512,neumann,475p,None (10),1960,448.4574120192614,/project/g_bme-janeslab/SarahG/spinodal_decomp_06_2025/out_MATLAB/NMG_MATLAB_2000_dt_5.50e-06_Nx_512_neumann_n_relax_475p_phi.csv
MATLAB,NMG,64,periodic,425p,None (10),1960,32.91448533240542,/project/g_bme-janeslab/SarahG/spinodal_decomp_06_2025/out_MATLAB/NMG_MATLAB_2000_dt_5.50e-06_Nx_64_periodic_n_relax_425p_phi.csv
MATLAB,SAV,64,neumann,450p,None (10),1960,0.0,/project/g_bme-janeslab/SarahG/spinodal_decomp_06_2025/out_MATLAB/SAV_MATLAB_2000_dt_5.50e-06_Nx_64_neumann_n_relax_450p_phi.csv
MATLAB,NMG,64,neumann,425p,None (10),1960,0.0,/project/g_bme-janeslab/SarahG/spinodal_decomp_06_2025/out_MATLAB/NMG_MATLAB_2000_dt_5.50e-06_Nx_64_neumann_n_relax_425p_phi.csv
MATLAB,SAV,256,periodic,450p,None (10),1960,0.0,/project/g_bme-janeslab/SarahG/spinodal_decomp_06_2025/out_MATLAB/SAV_MATLAB_2000_dt_5.50e-06_Nx_256_periodic_n_relax_450p_phi.csv
Julia,SAV,512,periodic,50p,1050,1960,170.28155642832303,/project/g_bme-janeslab/SarahG/spinodal_decomp_06_2025/out_julia/SAV_Julia_2000_dt_5.50e-06_Nx_512_periodic_dtout_1050p_phi.csv
Julia,NMG,64,neumann,50p,1075,1960,34.81098427302195,/project/g_bme-janeslab/SarahG/spinodal_decomp_06_2025/out_julia/NMG_Julia_2000_dt_5.50e-06_Nx_64_neumann_dtout_1075p_phi.csv
Julia,NMG,512,periodic,50p,1050,1960,155.1439515418622,/project/g_bme-janeslab/SarahG/spinodal_decomp_06_2025/out_julia/NMG_Julia_2000_dt_5.50e-06_Nx_512_periodic_dtout_1050p_phi.csv
Julia,NMG,64,neumann,50p,1050,1960,16.422517952445602,/project/g_bme-janeslab/SarahG/spinodal_decomp_06_2025/out_julia/NMG_Julia_2000_dt_5.50e-06_Nx_64_neumann_dtout_1050p_phi.csv
Julia,NMG,512,periodic,50p,1075,1960,252.89850779373305,/project/g_bme-janeslab/SarahG/spinodal_decomp_06_2025/out_julia/NMG_Julia_2000_dt_5.50e-06_Nx_512_periodic_dtout_1075p_phi.csv
Julia,SAV,64,periodic,50p,1025,1960,33.89936115473453,/project/g_bme-janeslab/SarahG/spinodal_decomp_06_2025/out_julia/SAV_Julia_2000_dt_5.50e-06_Nx_64_periodic_dtout_1025p_phi.csv
Julia,SAV,256,periodic,50p,1075,1960,124.49897249304857,/project/g_bme-janeslab/SarahG/spinodal_decomp_06_2025/out_julia/SAV_Julia_2000_dt_5.50e-06_Nx_256_periodic_dtout_1075p_phi.csv
Julia,SAV,128,neumann,50p,1050,1960,24.10668029861603,/project/g_bme-janeslab/SarahG/spinodal_decomp_06_2025/out_julia/SAV_Julia_2000_dt_5.50e-06_Nx_128_neumann_dtout_1050p_phi.csv
Julia,NMG,256,periodic,50p,1025,1960,120.80591254791824,/project/g_bme-janeslab/SarahG/spinodal_decomp_06_2025/out_julia/NMG_Julia_2000_dt_5.50e-06_Nx_256_periodic_dtout_1025p_phi.csv
Julia,NMG,256,periodic,50p,1050,1960,34.98652432682919,/project/g_bme-janeslab/SarahG/spinodal_decomp_06_2025/out_julia/NMG_Julia_2000_dt_5.50e-06_Nx_256_periodic_dtout_1050p_phi.csv
Julia,SAV,512,periodic,50p,1025,1960,256.18486962346094,/project/g_bme-janeslab/SarahG/spinodal_decomp_06_2025/out_julia/SAV_Julia_2000_dt_5.50e-06_Nx_512_periodic_dtout_1025p_phi.csv
Julia,NMG,128,periodic,50p,1050,1960,24.050538243295104,/project/g_bme-janeslab/SarahG/spinodal_decomp_06_2025/out_julia/NMG_Julia_2000_dt_5.50e-06_Nx_128_periodic_dtout_1050p_phi.csv
Julia,NMG,512,neumann,50p,1025,1960,256.26140654243477,/project/g_bme-janeslab/SarahG/spinodal_decomp_06_2025/out_julia/NMG_Julia_2000_dt_5.50e-06_Nx_512_neumann_dtout_1025p_phi.csv
Julia,SAV,512,neumann,50p,1050,1960,170.59351422618604,/project/g_bme-janeslab/SarahG/spinodal_decomp_06_2025/out_julia/SAV_Julia_2000_dt_5.50e-06_Nx_512_neumann_dtout_1050p_phi.csv
Julia,SAV,64,neumann,50p,1075,1960,34.66125111394581,/project/g_bme-janeslab/SarahG/spinodal_decomp_06_2025/out_julia/SAV_Julia_2000_dt_5.50e-06_Nx_64_neumann_dtout_1075p_phi.csv
Julia,NMG,128,neumann,50p,1025,1960,65.1624238027914,/project/g_bme-janeslab/SarahG/spinodal_decomp_06_2025/out_julia/NMG_Julia_2000_dt_5.50e-06_Nx_128_neumann_dtout_1025p_phi.csv
Julia,NMG,512,neumann,50p,1075,1960,252.9335903914979,/project/g_bme-janeslab/SarahG/spinodal_decomp_06_2025/out_julia/NMG_Julia_2000_dt_5.50e-06_Nx_512_neumann_dtout_1075p_phi.csv
Julia,SAV,64,neumann,50p,1050,1960,15.949823295081233,/project/g_bme-janeslab/SarahG/spinodal_decomp_06_2025/out_julia/SAV_Julia_2000_dt_5.50e-06_Nx_64_neumann_dtout_1050p_phi.csv
Julia,NMG,64,periodic,50p,1050,1960,15.948664662073112,/project/g_bme-janeslab/SarahG/spinodal_decomp_06_2025/out_julia/NMG_Julia_2000_dt_5.50e-06_Nx_64_periodic_dtout_1050p_phi.csv
Julia,SAV,64,neumann,50p,1025,1960,34.113309057120254,/project/g_bme-janeslab/SarahG/spinodal_decomp_06_2025/out_julia/SAV_Julia_2000_dt_5.50e-06_Nx_64_neumann_dtout_1025p_phi.csv
Julia,SAV,64,periodic,50p,1050,1960,15.472754642079629,/project/g_bme-janeslab/SarahG/spinodal_decomp_06_2025/out_julia/SAV_Julia_2000_dt_5.50e-06_Nx_64_periodic_dtout_1050p_phi.csv
Julia,NMG,128,neumann,50p,1050,1960,24.638709778814153,/project/g_bme-janeslab/SarahG/spinodal_decomp_06_2025/out_julia/NMG_Julia_2000_dt_5.50e-06_Nx_128_neumann_dtout_1050p_phi.csv
Julia,NMG,512,periodic,50p,1025,1960,256.2019134075025,/project/g_bme-janeslab/SarahG/spinodal_decomp_06_2025/out_julia/NMG_Julia_2000_dt_5.50e-06_Nx_512_periodic_dtout_1025p_phi.csv
Julia,SAV,128,neumann,50p,1075,1960,66.17364197904377,/project/g_bme-janeslab/SarahG/spinodal_decomp_06_2025/out_julia/SAV_Julia_2000_dt_5.50e-06_Nx_128_neumann_dtout_1075p_phi.csv
Julia,NMG,64,periodic,50p,1025,1960,34.03224038508702,/project/g_bme-janeslab/SarahG/spinodal_decomp_06_2025/out_julia/NMG_Julia_2000_dt_5.50e-06_Nx_64_periodic_dtout_1025p_phi.csv
Julia,NMG,256,neumann,50p,1025,1960,120.82657440770629,/project/g_bme-janeslab/SarahG/spinodal_decomp_06_2025/out_julia/NMG_Julia_2000_dt_5.50e-06_Nx_256_neumann_dtout_1025p_phi.csv
Julia,NMG,128,periodic,50p,1025,1960,65.09104388146959,/project/g_bme-janeslab/SarahG/spinodal_decomp_06_2025/out_julia/NMG_Julia_2000_dt_5.50e-06_Nx_128_periodic_dtout_1025p_phi.csv
Julia,NMG,64,periodic,50p,1075,1960,34.56481591541153,/project/g_bme-janeslab/SarahG/spinodal_decomp_06_2025/out_julia/NMG_Julia_2000_dt_5.50e-06_Nx_64_periodic_dtout_1075p_phi.csv
Julia,SAV,512,periodic,50p,1075,1960,252.9071404763052,/project/g_bme-janeslab/SarahG/spinodal_decomp_06_2025/out_julia/SAV_Julia_2000_dt_5.50e-06_Nx_512_periodic_dtout_1075p_phi.csv
Julia,NMG,256,neumann,50p,1075,1960,124.64191350176812,/project/g_bme-janeslab/SarahG/spinodal_decomp_06_2025/out_julia/NMG_Julia_2000_dt_5.50e-06_Nx_256_neumann_dtout_1075p_phi.csv
Julia,SAV,256,periodic,50p,1050,1960,35.11450905792109,/project/g_bme-janeslab/SarahG/spinodal_decomp_06_2025/out_julia/SAV_Julia_2000_dt_5.50e-06_Nx_256_periodic_dtout_1050p_phi.csv
Julia,NMG,256,neumann,50p,1050,1960,34.98093684254166,/project/g_bme-janeslab/SarahG/spinodal_decomp_06_2025/out_julia/NMG_Julia_2000_dt_5.50e-06_Nx_256_neumann_dtout_1050p_phi.csv
Julia,SAV,128,periodic,50p,1050,1960,23.491605229580166,/project/g_bme-janeslab/SarahG/spinodal_decomp_06_2025/out_julia/SAV_Julia_2000_dt_5.50e-06_Nx_128_periodic_dtout_1050p_phi.csv
Julia,NMG,64,neumann,50p,1025,1960,34.24594562881509,/project/g_bme-janeslab/SarahG/spinodal_decomp_06_2025/out_julia/NMG_Julia_2000_dt_5.50e-06_Nx_64_neumann_dtout_1025p_phi.csv
Julia,SAV,256,neumann,50p,1025,1960,120.80014315347921,/project/g_bme-janeslab/SarahG/spinodal_decomp_06_2025/out_julia/SAV_Julia_2000_dt_5.50e-06_Nx_256_neumann_dtout_1025p_phi.csv
Julia,SAV,256,periodic,50p,1025,1960,120.77829993049785,/project/g_bme-janeslab/SarahG/spinodal_decomp_06_2025/out_julia/SAV_Julia_2000_dt_5.50e-06_Nx_256_periodic_dtout_1025p_phi.csv
Julia,SAV,128,periodic,50p,1075,1960,66.04878871258009,/project/g_bme-janeslab/SarahG/spinodal_decomp_06_2025/out_julia/SAV_Julia_2000_dt_5.50e-06_Nx_128_periodic_dtout_1075p_phi.csv
Julia,SAV,512,neumann,50p,1025,1960,256.2479831230344,/project/g_bme-janeslab/SarahG/spinodal_decomp_06_2025/out_julia/SAV_Julia_2000_dt_5.50e-06_Nx_512_neumann_dtout_1025p_phi.csv
Julia,NMG,256,periodic,50p,1075,1960,124.56202185584225,/project/g_bme-janeslab/SarahG/spinodal_decomp_06_2025/out_julia/NMG_Julia_2000_dt_5.50e-06_Nx_256_periodic_dtout_1075p_phi.csv
Julia,SAV,512,neumann,50p,1075,1960,252.94479020573763,/project/g_bme-janeslab/SarahG/spinodal_decomp_06_2025/out_julia/SAV_Julia_2000_dt_5.50e-06_Nx_512_neumann_dtout_1075p_phi.csv
Julia,SAV,256,neumann,50p,1075,1960,124.57899183630967,/project/g_bme-janeslab/SarahG/spinodal_decomp_06_2025/out_julia/SAV_Julia_2000_dt_5.50e-06_Nx_256_neumann_dtout_1075p_phi.csv
Julia,SAV,128,neumann,50p,1025,1960,65.08685229847333,/project/g_bme-janeslab/SarahG/spinodal_decomp_06_2025/out_julia/SAV_Julia_2000_dt_5.50e-06_Nx_128_neumann_dtout_1025p_phi.csv
Julia,NMG,128,neumann,50p,1075,1960,66.27907216614348,/project/g_bme-janeslab/SarahG/spinodal_decomp_06_2025/out_julia/NMG_Julia_2000_dt_5.50e-06_Nx_128_neumann_dtout_1075p_phi.csv
Julia,SAV,64,periodic,50p,1075,1960,34.41891217323086,/project/g_bme-janeslab/SarahG/spinodal_decomp_06_2025/out_julia/SAV_Julia_2000_dt_5.50e-06_Nx_64_periodic_dtout_1075p_phi.csv
Julia,NMG,512,neumann,50p,1050,1960,155.45461385502367,/project/g_bme-janeslab/SarahG/spinodal_decomp_06_2025/out_julia/NMG_Julia_2000_dt_5.50e-06_Nx_512_neumann_dtout_1050p_phi.csv
Julia,SAV,256,neumann,50p,1050,1960,35.10491495465096,/project/g_bme-janeslab/SarahG/spinodal_decomp_06_2025/out_julia/SAV_Julia_2000_dt_5.50e-06_Nx_256_neumann_dtout_1050p_phi.csv
Julia,NMG,128,periodic,50p,1075,1960,66.15113077491117,/project/g_bme-janeslab/SarahG/spinodal_decomp_06_2025/out_julia/NMG_Julia_2000_dt_5.50e-06_Nx_128_periodic_dtout_1075p_phi.csv
Julia,SAV,128,periodic,50p,1025,1960,65.01551191960243,/project/g_bme-janeslab/SarahG/spinodal_decomp_06_2025/out_julia/SAV_Julia_2000_dt_5.50e-06_Nx_128_periodic_dtout_1025p_phi.csv
Python,NMG,128,neumann,50p,125,1960,65.29600300192743,/project/g_bme-janeslab/SarahG/spinodal_decomp_06_2025/out_python/NMG_Python_20_dt_5.50e-06_Nx_128_neumann_dtout_125pphi.csv
Python,NMG,64,periodic,50p,175,1960,35.08873896636067,/project/g_bme-janeslab/SarahG/spinodal_decomp_06_2025/out_python/NMG_Python_20_dt_5.50e-06_Nx_64_periodic_dtout_175pphi.csv
Python,NMG,256,periodic,50p,150,1960,32.36005039946004,/project/g_bme-janeslab/SarahG/spinodal_decomp_06_2025/out_python/NMG_Python_20_dt_5.50e-06_Nx_256_periodic_dtout_150pphi.csv
Python,NMG,128,neumann,50p,175,1960,66.64723169311925,/project/g_bme-janeslab/SarahG/spinodal_decomp_06_2025/out_python/NMG_Python_20_dt_5.50e-06_Nx_128_neumann_dtout_175pphi.csv
Python,NMG,64,neumann,50p,150,1960,17.366898900029735,/project/g_bme-janeslab/SarahG/spinodal_decomp_06_2025/out_python/NMG_Python_20_dt_5.50e-06_Nx_64_neumann_dtout_150pphi.csv
Python,NMG,256,neumann,50p,150,1960,32.36858894448744,/project/g_bme-janeslab/SarahG/spinodal_decomp_06_2025/out_python/NMG_Python_20_dt_5.50e-06_Nx_256_neumann_dtout_150pphi.csv
Python,NMG,512,neumann,50p,125,1960,256.07302416558133,/project/g_bme-janeslab/SarahG/spinodal_decomp_06_2025/out_python/NMG_Python_20_dt_5.50e-06_Nx_512_neumann_dtout_125pphi.csv
Python,NMG,256,neumann,50p,175,1960,124.8223660534608,/project/g_bme-janeslab/SarahG/spinodal_decomp_06_2025/out_python/NMG_Python_20_dt_5.50e-06_Nx_256_neumann_dtout_175pphi.csv
Python,NMG,128,periodic,50p,150,1960,24.68096348914285,/project/g_bme-janeslab/SarahG/spinodal_decomp_06_2025/out_python/NMG_Python_20_dt_5.50e-06_Nx_128_periodic_dtout_150pphi.csv
Python,NMG,256,neumann,50p,125,1960,120.83998004586314,/project/g_bme-janeslab/SarahG/spinodal_decomp_06_2025/out_python/NMG_Python_20_dt_5.50e-06_Nx_256_neumann_dtout_125pphi.csv
Python,NMG,64,neumann,50p,175,1960,35.32965116584361,/project/g_bme-janeslab/SarahG/spinodal_decomp_06_2025/out_python/NMG_Python_20_dt_5.50e-06_Nx_64_neumann_dtout_175pphi.csv
Python,NMG,256,periodic,50p,125,1960,120.81665824382048,/project/g_bme-janeslab/SarahG/spinodal_decomp_06_2025/out_python/NMG_Python_20_dt_5.50e-06_Nx_256_periodic_dtout_125pphi.csv
Python,NMG,512,periodic,50p,150,1960,117.44925325917589,/project/g_bme-janeslab/SarahG/spinodal_decomp_06_2025/out_python/NMG_Python_20_dt_5.50e-06_Nx_512_periodic_dtout_150pphi.csv
Python,NMG,64,neumann,50p,125,1960,34.41042073428054,/project/g_bme-janeslab/SarahG/spinodal_decomp_06_2025/out_python/NMG_Python_20_dt_5.50e-06_Nx_64_neumann_dtout_125pphi.csv
Python,NMG,512,periodic,50p,125,1960,256.0136054141533,/project/g_bme-janeslab/SarahG/spinodal_decomp_06_2025/out_python/NMG_Python_20_dt_5.50e-06_Nx_512_periodic_dtout_125pphi.csv
Python,NMG,128,periodic,50p,175,1960,66.51662943069542,/project/g_bme-janeslab/SarahG/spinodal_decomp_06_2025/out_python/NMG_Python_20_dt_5.50e-06_Nx_128_periodic_dtout_175pphi.csv
Python,NMG,512,periodic,50p,175,1960,252.69960813854286,/project/g_bme-janeslab/SarahG/spinodal_decomp_06_2025/out_python/NMG_Python_20_dt_5.50e-06_Nx_512_periodic_dtout_175pphi.csv
Python,NMG,128,neumann,50p,150,1960,25.235673119243994,/project/g_bme-janeslab/SarahG/spinodal_decomp_06_2025/out_python/NMG_Python_20_dt_5.50e-06_Nx_128_neumann_dtout_150pphi.csv
Python,NMG,512,neumann,50p,175,1960,252.72739916780205,/project/g_bme-janeslab/SarahG/spinodal_decomp_06_2025/out_python/NMG_Python_20_dt_5.50e-06_Nx_512_neumann_dtout_175pphi.csv
Python,NMG,512,neumann,50p,150,1960,117.93277744963088,/project/g_bme-janeslab/SarahG/spinodal_decomp_06_2025/out_python/NMG_Python_20_dt_5.50e-06_Nx_512_neumann_dtout_150pphi.csv
Python,NMG,64,periodic,50p,125,1960,34.21520358042644,/project/g_bme-janeslab/SarahG/spinodal_decomp_06_2025/out_python/NMG_Python_20_dt_5.50e-06_Nx_64_periodic_dtout_125pphi.csv
Python,NMG,256,periodic,50p,175,1960,124.73849709621781,/project/g_bme-janeslab/SarahG/spinodal_decomp_06_2025/out_python/NMG_Python_20_dt_5.50e-06_Nx_256_periodic_dtout_175pphi.csv
Python,NMG,64,periodic,50p,150,1960,16.879815438691647,/project/g_bme-janeslab/SarahG/spinodal_decomp_06_2025/out_python/NMG_Python_20_dt_5.50e-06_Nx_64_periodic_dtout_150pphi.csv
Python,NMG,128,periodic,50p,125,1960,65.23283219251756,/project/g_bme-janeslab/SarahG/spinodal_decomp_06_2025/out_python/NMG_Python_20_dt_5.50e-06_Nx_128_periodic_dtout_125pphi.csv
